/**
 * generated by fontconvert.py
 * name: firago_8_medium
 * size: 8
 * mode: 1-bit
 * Command used: /Users/vans/Documents/xteink x4/lib/EpdFont/scripts/fontconvert.py firago_8_medium 8 /Users/vans/Documents/xteink x4/lib/EpdFont/scripts/downloaded_fonts/FiraGO/FiraGO-Medium.ttf --codepoints-file /Users/vans/Documents/xteink x4/build/ui-fonts/firago-ui-codepoints.txt --force-autohint --pnum --mono-threshold 6
 */
#pragma once
#include "EpdFontData.h"

static const uint8_t firago_8_mediumBitmaps[12601] = {
    0xDB, 0x6D, 0xB0, 0xDB, 0x00, 0xDB, 0x6D, 0xB6, 0x33, 0x19, 0x9F, 0xEF, 0xF3, 0x61, 0xB1, 0x99,
    0xFE, 0xFF, 0x33, 0x19, 0x80, 0x0C, 0x06, 0x07, 0x87, 0xE7, 0x13, 0x01, 0xC0, 0x7C, 0x1F, 0x01,
    0xC0, 0x68, 0x77, 0xF9, 0xF0, 0x30, 0x18, 0x0C, 0x00, 0x00, 0x03, 0xC3, 0x3F, 0x31, 0x99, 0x8F,
    0xD8, 0x3D, 0x80, 0x0F, 0xC0, 0xFF, 0x0D, 0x98, 0x4C, 0xC6, 0x7E, 0x21, 0xE0, 0x00, 0x00, 0x3C,
    0x0F, 0xC1, 0x98, 0x33, 0x03, 0xC0, 0x71, 0x9B, 0xB6, 0x3C, 0xE3, 0x9F, 0xF9, 0xF3, 0x00, 0xDB,
    0x60, 0x00, 0x8C, 0xE6, 0x73, 0x98, 0xC6, 0x31, 0xCE, 0x31, 0x86, 0x30, 0x00, 0x01, 0x86, 0x0C,
    0x30, 0xE1, 0x86, 0x18, 0x61, 0x86, 0x38, 0xE3, 0x1C, 0x60, 0x00, 0x18, 0x18, 0xFE, 0x7C, 0x3C,
    0x6C, 0x00, 0x30, 0x60, 0xC7, 0xFF, 0xE6, 0x0C, 0x00, 0x66, 0x66, 0x40, 0xFF, 0xC0, 0xDB, 0x00,
    0x00, 0x18, 0x30, 0xE1, 0x83, 0x06, 0x1C, 0x30, 0x60, 0xC3, 0x86, 0x0C, 0x18, 0x20, 0x3C, 0x7E,
    0xE7, 0xE7, 0xC3, 0xC3, 0xC3, 0xE7, 0xE7, 0x7E, 0x3C, 0x1C, 0x79, 0xF0, 0x60, 0xC1, 0x83, 0x06,
    0x0C, 0x18, 0x30, 0x3E, 0x3F, 0x80, 0xC0, 0x60, 0x30, 0x30, 0x38, 0x38, 0x38, 0x3F, 0x9F, 0xC0,
    0x3E, 0x3F, 0x80, 0xC0, 0xE1, 0xE0, 0x78, 0x0C, 0x06, 0x03, 0x3F, 0x8F, 0x80, 0x00, 0x18, 0x38,
    0x30, 0x70, 0x66, 0x66, 0xE6, 0xFF, 0xFF, 0x06, 0x06, 0x7F, 0x7E, 0x60, 0x7C, 0x7E, 0x47, 0x03,
    0x03, 0x47, 0xFE, 0x7C, 0x3E, 0x7E, 0x60, 0xEC, 0xFE, 0xE7, 0xC3, 0xC3, 0xE7, 0x7E, 0x3C, 0xFF,
    0xFC, 0x38, 0x61, 0xC3, 0x06, 0x1C, 0x30, 0xE1, 0x80, 0x00, 0x7E, 0x7F, 0xB9, 0xDC, 0xE7, 0xE1,
    0xF3, 0x9D, 0x86, 0xE3, 0x7F, 0x8F, 0x80, 0x3C, 0x7E, 0xE7, 0xC3, 0xC3, 0xE7, 0x7F, 0x37, 0x06,
    0x1C, 0x78, 0x60, 0xDB, 0x00, 0x36, 0xC0, 0x66, 0x60, 0x00, 0x66, 0x66, 0x40, 0x00, 0x0E, 0x3E,
    0xF0, 0xE0, 0xF0, 0x3E, 0x0E, 0x00, 0xFF, 0xFC, 0x07, 0xFF, 0xE0, 0x00, 0x70, 0x7C, 0x0F, 0x07,
    0x0F, 0x7C, 0x70, 0x00, 0x7C, 0xFE, 0x06, 0x0E, 0x1C, 0x38, 0x30, 0x00, 0x30, 0x30, 0x30, 0x07,
    0xE0, 0x1F, 0xF8, 0x38, 0x1C, 0x73, 0xEE, 0x67, 0xE6, 0xEE, 0x66, 0xCC, 0x66, 0xCC, 0x66, 0xCE,
    0xE6, 0xEF, 0xFE, 0xE7, 0xBC, 0x70, 0x00, 0x38, 0x00, 0x1F, 0xF0, 0x07, 0xE0, 0x0F, 0x01, 0xE0,
    0x3C, 0x0D, 0x81, 0xB8, 0x33, 0x0E, 0x61, 0xFE, 0x3F, 0xCE, 0x19, 0x83, 0x80, 0xFE, 0x7F, 0xB1,
    0xD8, 0xEF, 0xE7, 0xF3, 0x1D, 0x86, 0xC3, 0x7F, 0xBF, 0x80, 0x1E, 0x3F, 0x98, 0x1C, 0x0C, 0x06,
    0x03, 0x01, 0xC0, 0x60, 0x3F, 0x87, 0xC0, 0xFC, 0x7F, 0xB0, 0xF8, 0x7C, 0x1E, 0x0F, 0x07, 0x87,
    0xC3, 0x7F, 0xBF, 0x00, 0xFF, 0xFF, 0x06, 0x0F, 0xDF, 0xB0, 0x60, 0xC1, 0xFF, 0xF8, 0xFF, 0xFB,
    0x06, 0x0F, 0xDF, 0xB0, 0x60, 0xC1, 0x83, 0x00, 0x1F, 0x3F, 0xD8, 0x1C, 0x0C, 0x7E, 0x3F, 0x07,
    0xC3, 0xE1, 0xBF, 0xCF, 0xC0, 0xC3, 0x61, 0xB0, 0xD8, 0x6F, 0xF7, 0xFB, 0x0D, 0x86, 0xC3, 0x61,
    0xB0, 0xC0, 0xDB, 0x6D, 0xB6, 0xDB, 0x00, 0x31, 0x8C, 0x63, 0x18, 0xC6, 0x31, 0x8C, 0xEE, 0x20,
    0xC3, 0x31, 0xCC, 0xE3, 0x70, 0xF8, 0x3E, 0x0D, 0xC3, 0x38, 0xC6, 0x31, 0xCC, 0x38, 0xC1, 0x83,
    0x06, 0x0C, 0x18, 0x30, 0x60, 0xC1, 0xFF, 0xF8, 0x78, 0xF3, 0xC7, 0x9E, 0x3C, 0xF9, 0xE6, 0xDB,
    0x36, 0xD9, 0xB6, 0xCC, 0xE6, 0x67, 0x33, 0x39, 0x98, 0x0C, 0xE1, 0xF8, 0xFC, 0x7F, 0x3D, 0x9E,
    0xEF, 0x37, 0x9F, 0xC7, 0xE3, 0xF0, 0xE0, 0x3F, 0x1F, 0xE6, 0x1B, 0x87, 0xC0, 0xF0, 0x3C, 0x0F,
    0x87, 0x61, 0x9F, 0xE3, 0xF0, 0xFC, 0xFF, 0xC7, 0xC3, 0xC7, 0xFE, 0xFC, 0xC0, 0xC0, 0xC0, 0xC0,
    0x3F, 0x0F, 0xF1, 0x86, 0x70, 0xEC, 0x0D, 0x81, 0xB0, 0x37, 0x0E, 0x61, 0x8F, 0xE0, 0xFF, 0x00,
    0xE0, 0x04, 0xFE, 0x7F, 0xB1, 0xD8, 0x6C, 0x77, 0xF3, 0xF1, 0x9C, 0xC6, 0x63, 0xB0, 0xC0, 0x3F,
    0x3F, 0xD8, 0x0E, 0x07, 0xC0, 0xF8, 0x1E, 0x03, 0x43, 0xBF, 0xCF, 0x80, 0xFF, 0xFF, 0x86, 0x03,
    0x01, 0x80, 0xC0, 0x60, 0x30, 0x18, 0x0C, 0x06, 0x00, 0xC3, 0x61, 0xB0, 0xD8, 0x6C, 0x36, 0x1B,
    0x0D, 0x86, 0xE3, 0x3F, 0x8F, 0x80, 0x70, 0xCE, 0x18, 0xC7, 0x18, 0xE3, 0x98, 0x33, 0x06, 0xE0,
    0xD8, 0x0F, 0x01, 0xE0, 0x38, 0x00, 0xE3, 0x1F, 0x9E, 0x76, 0x79, 0x99, 0xE6, 0x67, 0x99, 0x96,
    0x67, 0xCF, 0x8F, 0x3C, 0x3C, 0xF0, 0xF3, 0xC3, 0x8F, 0x00, 0xE3, 0x9C, 0xC3, 0x70, 0xF8, 0x1C,
    0x07, 0x03, 0xE0, 0xD8, 0x73, 0x18, 0xEE, 0x18, 0xE1, 0xDC, 0x63, 0x38, 0xEC, 0x1F, 0x07, 0x80,
    0xE0, 0x30, 0x0C, 0x03, 0x00, 0xC0, 0x7F, 0x3F, 0x81, 0xC1, 0xC0, 0xC0, 0xE0, 0xE0, 0x60, 0x70,
    0x7F, 0xBF, 0xC0, 0xFF, 0xCC, 0xCC, 0xCC, 0xCC, 0xCC, 0xCC, 0xFF, 0x01, 0xC1, 0x83, 0x06, 0x06,
    0x0C, 0x18, 0x38, 0x30, 0x60, 0xC1, 0xC1, 0x83, 0x06, 0xF7, 0x8C, 0x63, 0x18, 0xC6, 0x31, 0x8C,
    0x63, 0x1B, 0xDE, 0x1C, 0x0F, 0x0D, 0x8E, 0x66, 0x38, 0xFF, 0xFF, 0x03, 0x1E, 0x00, 0x7C, 0x7E,
    0x06, 0x7E, 0xFE, 0xE6, 0xC6, 0xFF, 0x7B, 0x40, 0xC0, 0xC0, 0xC0, 0xFE, 0xFE, 0xE7, 0xC3, 0xC3,
    0xC3, 0xE7, 0xFE, 0xDC, 0x3C, 0xFF, 0x86, 0x0C, 0x18, 0x38, 0x3F, 0x3C, 0x02, 0x03, 0x03, 0x03,
    0x3F, 0x7F, 0xE7, 0xC3, 0xC3, 0xC3, 0xE7, 0x7F, 0x7B, 0x3C, 0x7E, 0xE7, 0xFF, 0xFF, 0xC0, 0xE0,
    0x7E, 0x3E, 0x1E, 0x3E, 0x30, 0x30, 0xFC, 0x7C, 0x30, 0x30, 0x30, 0x30, 0x30, 0x30, 0x30, 0x01,
    0x8F, 0xE7, 0xE1, 0x8C, 0x63, 0x1D, 0xC3, 0xF1, 0xF0, 0x7E, 0x0F, 0xE0, 0x3B, 0x0E, 0x7F, 0x8F,
    0xC0, 0x40, 0xC0, 0xC0, 0xC0, 0xDC, 0xFE, 0xE6, 0xC6, 0xC6, 0xC6, 0xC6, 0xC6, 0xC6, 0x1B, 0x01,
    0xB6, 0xDB, 0x6D, 0x80, 0x01, 0x8C, 0x00, 0x18, 0xC6, 0x31, 0x8C, 0x63, 0x18, 0xCE, 0x60, 0x00,
    0xC0, 0xC0, 0xC0, 0xC0, 0xC6, 0xCE, 0xDC, 0xF8, 0xF8, 0xDC, 0xCC, 0xCE, 0xC7, 0xCC, 0xCC, 0xCC,
    0xCC, 0xCC, 0xCE, 0x70, 0xDC, 0xEF, 0xFF, 0xE6, 0x7C, 0x67, 0xC6, 0x7C, 0x67, 0xC6, 0x7C, 0x67,
    0xC6, 0x70, 0xDC, 0xFE, 0xE6, 0xC6, 0xC6, 0xC6, 0xC6, 0xC6, 0xC6, 0x3C, 0x3F, 0x39, 0xD8, 0x6C,
    0x36, 0x1B, 0x9C, 0xFC, 0x3C, 0x00, 0xDE, 0xFE, 0xE7, 0xC3, 0xC3, 0xC3, 0xE7, 0xFE, 0xFC, 0xC0,
    0xC0, 0xC0, 0x00, 0x3B, 0x7F, 0xE7, 0xC3, 0xC3, 0xC3, 0xE7, 0x7F, 0x7F, 0x03, 0x03, 0x03, 0x00,
    0x03, 0x6F, 0xB8, 0xE3, 0x0C, 0x30, 0xC3, 0x00, 0x3E, 0x7F, 0x60, 0x78, 0x3E, 0x07, 0x03, 0x7F,
    0x3E, 0x00, 0x60, 0xC7, 0xE7, 0xC6, 0x0C, 0x18, 0x30, 0x60, 0xF8, 0xF0, 0xC6, 0xC6, 0xC6, 0xC6,
    0xC6, 0xC6, 0xC6, 0xFE, 0x76, 0xE3, 0x71, 0x99, 0xCC, 0xC7, 0x61, 0xB0, 0xF0, 0x78, 0x1C, 0x00,
    0xE6, 0x37, 0x39, 0x9B, 0xDC, 0xDE, 0xC6, 0xF6, 0x36, 0xB1, 0xE7, 0x87, 0x3C, 0x39, 0xC0, 0x73,
    0x8E, 0xC1, 0xF0, 0x78, 0x0E, 0x07, 0x83, 0xB0, 0xCE, 0x71, 0x80, 0xE3, 0x71, 0x99, 0xCC, 0xC7,
    0x61, 0xB0, 0xF0, 0x78, 0x1C, 0x0C, 0x0E, 0x0E, 0x04, 0x00, 0x7E, 0x7E, 0x0C, 0x1C, 0x18, 0x30,
    0x70, 0xFE, 0xFE, 0x3B, 0x98, 0xC6, 0x31, 0x9C, 0xE3, 0x18, 0xC6, 0x31, 0xC7, 0xDB, 0x6D, 0xB6,
    0xDB, 0x6D, 0xB0, 0xE3, 0x8C, 0x63, 0x18, 0xE3, 0x39, 0x8C, 0x63, 0x19, 0xDC, 0x30, 0x7F, 0x4E,
    0xDB, 0x01, 0xB6, 0xDB, 0x60, 0x00, 0x19, 0x8C, 0xCC, 0xCE, 0xE6, 0x63, 0xB8, 0xEE, 0x33, 0x00,
    0x00, 0x33, 0xEC, 0xF3, 0xFD, 0xE0, 0xDB, 0x00, 0x7D, 0xDB, 0x1E, 0x3E, 0xCF, 0x00, 0x00, 0x01,
    0xFC, 0x00, 0x00, 0x33, 0x19, 0x86, 0x63, 0xB8, 0xCC, 0xEE, 0xEE, 0x66, 0x00, 0x00, 0x18, 0x30,
    0x60, 0x01, 0x83, 0x0E, 0x38, 0xE1, 0x8B, 0xFB, 0xE0, 0x00, 0x01, 0x80, 0x38, 0x01, 0x80, 0x00,
    0x1E, 0x03, 0xC0, 0x78, 0x1B, 0x03, 0x70, 0x66, 0x1C, 0xC3, 0xFC, 0x7F, 0x9C, 0x33, 0x07, 0x00,
    0x00, 0x60, 0x3C, 0x06, 0x00, 0x00, 0x1E, 0x03, 0xC0, 0x78, 0x1B, 0x03, 0x70, 0x66, 0x1C, 0xC3,
    0xFC, 0x7F, 0x9C, 0x33, 0x07, 0x06, 0x01, 0xE0, 0x7E, 0x08, 0x80, 0x00, 0x1E, 0x03, 0xC0, 0x78,
    0x1B, 0x03, 0x70, 0x66, 0x1C, 0xC3, 0xFC, 0x7F, 0x9C, 0x33, 0x07, 0x33, 0x0C, 0xC0, 0x00, 0x00,
    0x1E, 0x07, 0x81, 0xE0, 0xFC, 0x33, 0x0C, 0xC7, 0x39, 0xFE, 0x7F, 0xB8, 0x7E, 0x1C, 0x0C, 0x07,
    0x81, 0x20, 0x78, 0x1C, 0x00, 0x01, 0xE0, 0x78, 0x1E, 0x0D, 0xC3, 0x30, 0xCC, 0x73, 0x1F, 0xE7,
    0xFB, 0x86, 0xE1, 0xC0, 0x07, 0xF8, 0x3F, 0xE0, 0xF0, 0x07, 0xE0, 0x19, 0xF8, 0xE7, 0xE3, 0x18,
    0x0F, 0xF0, 0x7F, 0xC1, 0x83, 0xFE, 0x0F, 0xC0, 0x1E, 0x3F, 0x98, 0x1C, 0x0C, 0x06, 0x03, 0x01,
    0xC0, 0xE0, 0x39, 0x8F, 0xC3, 0x80, 0xC0, 0x30, 0x78, 0x38, 0x00, 0x10, 0xF3, 0x00, 0x1F, 0xFF,
    0xE0, 0xC1, 0xFB, 0xF6, 0x0C, 0x18, 0x3F, 0xFF, 0x10, 0x71, 0xF2, 0x20, 0x1F, 0xFF, 0xE0, 0xC1,
    0xFB, 0xF6, 0x0C, 0x18, 0x3F, 0xFF, 0x00, 0x67, 0x98, 0x00, 0xC3, 0x0C, 0x30, 0xC3, 0x0C, 0x30,
    0xC3, 0x0C, 0x30, 0xF3, 0xF0, 0x20, 0x06, 0x0C, 0x18, 0x30, 0x60, 0xC1, 0x83, 0x06, 0x0C, 0x18,
    0x10, 0x07, 0x00, 0xE0, 0x00, 0x3F, 0x1F, 0xE6, 0x1B, 0x87, 0xC0, 0xF0, 0x3C, 0x0F, 0x87, 0x61,
    0x9F, 0xE3, 0xF0, 0x02, 0x03, 0x81, 0xC0, 0x00, 0x3F, 0x1F, 0xE6, 0x1B, 0x87, 0xC0, 0xF0, 0x3C,
    0x0F, 0x87, 0x61, 0x9F, 0xE3, 0xF0, 0x00, 0x0C, 0xC3, 0x30, 0x00, 0x00, 0x0F, 0xC7, 0xF9, 0x86,
    0xE1, 0xF0, 0x3C, 0x0F, 0x03, 0xE1, 0xD8, 0x67, 0xF8, 0xFC, 0x03, 0x00, 0xC1, 0xF1, 0xFE, 0x67,
    0xB9, 0x7C, 0x4F, 0x33, 0xC8, 0xFA, 0x77, 0x99, 0xFE, 0x3F, 0x0C, 0x03, 0x00, 0x00, 0x18, 0x0F,
    0x01, 0x80, 0x06, 0x1B, 0x0D, 0x86, 0xC3, 0x61, 0xB0, 0xD8, 0x6C, 0x37, 0x19, 0xFC, 0x7C, 0x00,
    0x06, 0x07, 0x06, 0x00, 0x06, 0x1B, 0x0D, 0x86, 0xC3, 0x61, 0xB0, 0xD8, 0x6C, 0x37, 0x19, 0xFC,
    0x7C, 0x00, 0x33, 0x19, 0x80, 0x00, 0x06, 0x1B, 0x0D, 0x86, 0xC3, 0x61, 0xB0, 0xD8, 0x6C, 0x37,
    0x19, 0xFC, 0x7C, 0x00, 0x01, 0x81, 0xE0, 0x60, 0x00, 0x38, 0x77, 0x18, 0xCE, 0x3B, 0x07, 0xC1,
    0xE0, 0x38, 0x0C, 0x03, 0x00, 0xC0, 0x30, 0x3C, 0x3F, 0x39, 0x99, 0xCD, 0xC6, 0xC3, 0x71, 0x9C,
    0xC7, 0x61, 0xB0, 0xDB, 0xED, 0xE0, 0x00, 0x38, 0x1C, 0x00, 0x00, 0x7C, 0x7E, 0x06, 0x7E, 0xFE,
    0xE6, 0xC6, 0xFF, 0x7B, 0x00, 0x1C, 0x38, 0x20, 0x00, 0x7C, 0x7E, 0x06, 0x7E, 0xFE, 0xE6, 0xC6,
    0xFF, 0x7B, 0x10, 0x3C, 0x6E, 0x00, 0x00, 0x7C, 0x7E, 0x06, 0x7E, 0xFE, 0xE6, 0xC6, 0xFF, 0x7B,
    0x30, 0x7E, 0x4C, 0x00, 0x00, 0x7C, 0x7E, 0x06, 0x7E, 0xFE, 0xE6, 0xC6, 0xFF, 0x7B, 0x44, 0x66,
    0x66, 0x00, 0x00, 0x7C, 0x7E, 0x06, 0x7E, 0xFE, 0xE6, 0xC6, 0xFF, 0x7B, 0x18, 0x3C, 0x2C, 0x2C,
    0x3C, 0x18, 0x7C, 0x7E, 0x06, 0x7E, 0xFE, 0xE6, 0xC6, 0xFF, 0x7B, 0x7D, 0xE3, 0xFF, 0x81, 0xCE,
    0x7F, 0xF7, 0xFF, 0xF3, 0x83, 0x1C, 0x1F, 0xFE, 0x79, 0xF0, 0x3C, 0xFF, 0x87, 0x0C, 0x18, 0x38,
    0x72, 0x7E, 0x30, 0x60, 0x63, 0xC3, 0x00, 0x00, 0x38, 0x1C, 0x04, 0x00, 0x3C, 0x7E, 0xE7, 0xFF,
    0xFF, 0xC0, 0xE0, 0x7E, 0x3E, 0x00, 0x1C, 0x38, 0x20, 0x00, 0x3C, 0x7E, 0xE7, 0xFF, 0xFF, 0xC0,
    0xE0, 0x7E, 0x3E, 0x18, 0x3C, 0x7E, 0x00, 0x00, 0x3C, 0x7E, 0xE7, 0xFF, 0xFF, 0xC0, 0xE0, 0x7E,
    0x3E, 0x24, 0x66, 0x66, 0x00, 0x00, 0x3C, 0x7E, 0xE7, 0xFF, 0xFF, 0xC0, 0xE0, 0x7E, 0x3E, 0x47,
    0x1C, 0x00, 0x31, 0x8C, 0x63, 0x18, 0xC6, 0x30, 0x08, 0xE7, 0x00, 0x00, 0xC3, 0x0C, 0x30, 0xC3,
    0x0C, 0x30, 0xC0, 0x30, 0xF3, 0xB0, 0x00, 0x06, 0x0C, 0x18, 0x30, 0x60, 0xC1, 0x83, 0x06, 0x00,
    0x4B, 0x3C, 0xC0, 0x00, 0xC3, 0x0C, 0x30, 0xC3, 0x0C, 0x30, 0xC0, 0x20, 0x7C, 0x48, 0x00, 0x00,
    0xDC, 0xFE, 0xE6, 0xC6, 0xC6, 0xC6, 0xC6, 0xC6, 0xC6, 0x00, 0x1C, 0x07, 0x00, 0x80, 0x01, 0xE1,
    0xF9, 0xCE, 0xC3, 0x61, 0xB0, 0xDC, 0xE7, 0xE1, 0xE0, 0x00, 0x0E, 0x0E, 0x00, 0x00, 0x01, 0xE1,
    0xF9, 0xCE, 0xC3, 0x61, 0xB0, 0xDC, 0xE7, 0xE1, 0xE0, 0x18, 0x1E, 0x1D, 0x80, 0x00, 0x01, 0xE1,
    0xF9, 0xCE, 0xC3, 0x61, 0xB0, 0xDC, 0xE7, 0xE1, 0xE0, 0x10, 0x3F, 0x0B, 0x00, 0x00, 0x01, 0xE1,
    0xF9, 0xCE, 0xC3, 0x61, 0xB0, 0xDC, 0xE7, 0xE1, 0xE0, 0x24, 0x33, 0x19, 0x80, 0x00, 0x01, 0xE1,
    0xF9, 0xCE, 0xC3, 0x61, 0xB0, 0xDC, 0xE7, 0xE1, 0xE0, 0x06, 0x03, 0x0F, 0x8F, 0xCE, 0xF6, 0x5B,
    0x6D, 0xA6, 0xF7, 0x3F, 0x0F, 0x0C, 0x06, 0x00, 0x20, 0x38, 0x1C, 0x00, 0x00, 0xC6, 0xC6, 0xC6,
    0xC6, 0xC6, 0xC6, 0xC6, 0xFE, 0x76, 0x08, 0x3C, 0x70, 0x00, 0x00, 0xC6, 0xC6, 0xC6, 0xC6, 0xC6,
    0xC6, 0xC6, 0xFE, 0x76, 0x04, 0x6C, 0x6C, 0x00, 0x00, 0xC6, 0xC6, 0xC6, 0xC6, 0xC6, 0xC6, 0xC6,
    0xFE, 0x76, 0x04, 0x0E, 0x0E, 0x00, 0x00, 0x07, 0x1B, 0x8C, 0xCE, 0x66, 0x3B, 0x0D, 0x87, 0x83,
    0xC0, 0xE0, 0x60, 0x70, 0x70, 0x20, 0x00, 0x00, 0x66, 0x3C, 0x18, 0x7C, 0x7E, 0x06, 0x7E, 0xFE,
    0xE6, 0xC6, 0xFF, 0x7B, 0x7C, 0x7E, 0x06, 0x7E, 0xFE, 0xE6, 0xC6, 0xFF, 0x7F, 0x06, 0x0C, 0x0E,
    0x06, 0x00, 0x38, 0xE0, 0x00, 0x07, 0x9F, 0xF0, 0xC1, 0x83, 0x07, 0x07, 0xE7, 0x80, 0x00, 0x1D,
    0x87, 0x81, 0x80, 0x00, 0xF1, 0xFC, 0xC0, 0xE0, 0x60, 0x30, 0x18, 0x0E, 0x03, 0x01, 0xFC, 0x3E,
    0x00, 0x76, 0x3C, 0x18, 0x00, 0x3C, 0x7E, 0xE0, 0xC0, 0xC0, 0xC0, 0xE0, 0x7E, 0x3C, 0x00, 0x37,
    0x0F, 0x03, 0x00, 0x07, 0xE3, 0xFD, 0x87, 0xC3, 0xE0, 0xF0, 0x78, 0x3C, 0x3E, 0x1B, 0xFD, 0xF8,
    0x02, 0x40, 0x6C, 0x0D, 0x81, 0xA3, 0xF0, 0xFE, 0x39, 0xC6, 0x18, 0xC3, 0x18, 0x63, 0x9C, 0x3F,
    0x87, 0xB0, 0x7E, 0x1F, 0xE6, 0x1D, 0x87, 0xFC, 0xFF, 0x36, 0x0D, 0x87, 0x61, 0x9F, 0xE7, 0xE0,
    0x00, 0x01, 0x87, 0xE3, 0xF3, 0xF3, 0xFB, 0x9D, 0x86, 0xC3, 0x61, 0xB9, 0xCF, 0xE7, 0xB0, 0x30,
    0x60, 0xC0, 0x0F, 0xFF, 0xF0, 0x60, 0xFD, 0xFB, 0x06, 0x0C, 0x1F, 0xFF, 0x80, 0x00, 0x18, 0x18,
    0x00, 0x00, 0x3C, 0x7E, 0xE7, 0xFF, 0xFF, 0xC0, 0xE0, 0x7E, 0x3E, 0xFF, 0xFF, 0x06, 0x0F, 0xDF,
    0xB0, 0x60, 0xC1, 0xFF, 0xF8, 0xC3, 0x07, 0x87, 0x00, 0x3C, 0x7E, 0xE7, 0xC3, 0xFF, 0xFF, 0xE0,
    0x62, 0x7E, 0x1C, 0x30, 0x3C, 0x1C, 0x00, 0xD9, 0xE0, 0x80, 0x1F, 0xFF, 0xE0, 0xC1, 0xFB, 0xF6,
    0x0C, 0x18, 0x3F, 0xFF, 0x00, 0x66, 0x3C, 0x18, 0x00, 0x3C, 0x7E, 0xE7, 0xFF, 0xFF, 0xC0, 0xE0,
    0x7E, 0x3E, 0x00, 0x19, 0x87, 0x81, 0x80, 0x00, 0xF9, 0xFE, 0xC0, 0xE0, 0x63, 0xF1, 0xF8, 0x3E,
    0x1F, 0x0D, 0xFE, 0x7E, 0x00, 0x0D, 0x83, 0xE0, 0x70, 0x3F, 0x9F, 0x86, 0x31, 0x8C, 0x77, 0x0F,
    0xC7, 0xC1, 0xF8, 0x3F, 0x80, 0xEC, 0x39, 0xFE, 0x3F, 0x00, 0x21, 0xF8, 0x60, 0x00, 0x06, 0x0C,
    0x18, 0x30, 0x60, 0xC1, 0x83, 0x06, 0x00, 0x33, 0x33, 0x33, 0x33, 0x33, 0x36, 0xCF, 0x70, 0x03,
    0x30, 0x03, 0x33, 0x33, 0x33, 0x33, 0x6C, 0xF7, 0xDB, 0x0D, 0xB6, 0xDB, 0x6D, 0xB0, 0xDB, 0x6D,
    0xB6, 0xC0, 0x00, 0xE7, 0x80, 0x30, 0xC3, 0x0C, 0x30, 0xC3, 0x0C, 0x30, 0xC3, 0x0E, 0x1C, 0x01,
    0xB3, 0x66, 0xCC, 0x18, 0x30, 0x60, 0xC1, 0x83, 0xFF, 0xF0, 0xDB, 0x6D, 0xB4, 0xC3, 0x0C, 0x30,
    0xC3, 0x0C, 0x38, 0x70, 0x30, 0x18, 0x0C, 0x06, 0xC3, 0xE1, 0xC1, 0xC0, 0xE0, 0x30, 0x1F, 0xCF,
    0xE0, 0x30, 0x60, 0xC1, 0x83, 0x07, 0x8E, 0x38, 0x70, 0x60, 0xC1, 0xC1, 0xC0, 0x00, 0x1C, 0x38,
    0x20, 0x00, 0xDC, 0xFE, 0xE6, 0xC6, 0xC6, 0xC6, 0xC6, 0xC6, 0xC6, 0x00, 0x6C, 0x3C, 0x10, 0x00,
    0xDC, 0xFE, 0xE6, 0xC6, 0xC6, 0xC6, 0xC6, 0xC6, 0xC6, 0x00, 0x0D, 0x87, 0x82, 0xC0, 0x01, 0xE1,
    0xF9, 0xCE, 0xC3, 0x61, 0xB0, 0xDC, 0xE7, 0xE1, 0xE0, 0x10, 0xE7, 0x00, 0x03, 0x6F, 0xB8, 0xE3,
    0x0C, 0x30, 0xC3, 0x00, 0x00, 0x37, 0x0F, 0x02, 0x00, 0x07, 0xF3, 0xFD, 0x8E, 0xC3, 0x63, 0xBF,
    0x9F, 0x8C, 0xE6, 0x33, 0x1D, 0x86, 0x00, 0xDC, 0xF0, 0x80, 0x0D, 0x9F, 0x38, 0x70, 0xC1, 0x83,
    0x06, 0x0C, 0x00, 0x02, 0x07, 0x07, 0x00, 0x03, 0xF3, 0xFD, 0x80, 0xE0, 0x7C, 0x0F, 0x81, 0xE0,
    0x34, 0x3B, 0xFC, 0xF8, 0x00, 0x0E, 0x3C, 0x00, 0x00, 0x3E, 0x7F, 0x60, 0x78, 0x3E, 0x07, 0x03,
    0x7F, 0x3E, 0x3F, 0x3F, 0xDC, 0x0E, 0x07, 0x81, 0xF8, 0x3E, 0x07, 0x01, 0xB1, 0xDF, 0xC3, 0x80,
    0xC0, 0x30, 0x78, 0x38, 0x3E, 0x7F, 0x60, 0x78, 0x3E, 0x0F, 0x07, 0x67, 0x7E, 0x18, 0x1C, 0x06,
    0x1E, 0x1C, 0x00, 0x19, 0x87, 0x81, 0x80, 0x01, 0xF9, 0xFE, 0xC0, 0x70, 0x3E, 0x07, 0xC0, 0xF0,
    0x1A, 0x1D, 0xFE, 0x7C, 0x00, 0x36, 0x1E, 0x08, 0x00, 0x3E, 0x7F, 0x60, 0x78, 0x3E, 0x07, 0x03,
    0x7F, 0x3E, 0x00, 0x30, 0x30, 0xFC, 0x7C, 0x30, 0x30, 0x30, 0x30, 0x30, 0x3E, 0x1E, 0x08, 0x0E,
    0x0E, 0x1E, 0x00, 0x00, 0x3B, 0x0F, 0x03, 0x00, 0x07, 0xFF, 0xFC, 0x30, 0x18, 0x0C, 0x06, 0x03,
    0x01, 0x80, 0xC0, 0x60, 0x30, 0x00, 0x0C, 0x19, 0xA3, 0x1F, 0x9F, 0x18, 0x30, 0x60, 0xC1, 0x83,
    0xE3, 0xC0, 0x7C, 0x7C, 0x00, 0x00, 0xC6, 0xC6, 0xC6, 0xC6, 0xC6, 0xC6, 0xC6, 0xFE, 0x76, 0x18,
    0x1E, 0x09, 0x07, 0x83, 0x80, 0x03, 0x0D, 0x86, 0xC3, 0x61, 0xB0, 0xD8, 0x6C, 0x36, 0x1B, 0x8C,
    0xFE, 0x3E, 0x00, 0x18, 0x3C, 0x2C, 0x2C, 0x3C, 0x18, 0xC6, 0xC6, 0xC6, 0xC6, 0xC6, 0xC6, 0xC6,
    0xFE, 0x76, 0x00, 0x0D, 0x07, 0x86, 0x80, 0x06, 0x1B, 0x0D, 0x86, 0xC3, 0x61, 0xB0, 0xD8, 0x6C,
    0x37, 0x19, 0xFC, 0x7C, 0x10, 0x1E, 0x36, 0x24, 0x00, 0xC6, 0xC6, 0xC6, 0xC6, 0xC6, 0xC6, 0xC6,
    0xFE, 0x76, 0xC3, 0x61, 0xB0, 0xD8, 0x6C, 0x36, 0x1B, 0x0D, 0x86, 0xE3, 0x3F, 0x8F, 0x83, 0x03,
    0x01, 0xE0, 0x70, 0xC6, 0xC6, 0xC6, 0xC6, 0xC6, 0xC6, 0xC6, 0xFE, 0x76, 0x0C, 0x18, 0x1E, 0x0E,
    0x08, 0x1C, 0x38, 0x00, 0x00, 0x7E, 0x7E, 0x0C, 0x1C, 0x18, 0x30, 0x70, 0xFE, 0xFE, 0x00, 0x18,
    0x18, 0x00, 0x00, 0x7E, 0x7E, 0x0C, 0x1C, 0x18, 0x38, 0x70, 0xFE, 0xFE, 0x00, 0x1B, 0x07, 0x01,
    0x00, 0x03, 0xF9, 0xFC, 0x0E, 0x0E, 0x06, 0x07, 0x07, 0x03, 0x03, 0x83, 0xFD, 0xFE, 0x00, 0x6E,
    0x3C, 0x18, 0x00, 0x7E, 0x7E, 0x0C, 0x1C, 0x18, 0x30, 0x70, 0xFE, 0xFE, 0x00, 0x00, 0x33, 0xCD,
    0xFE, 0xE7, 0x30, 0xCC, 0x33, 0x0C, 0xE7, 0x1F, 0x83, 0xC0, 0x00, 0x00, 0x3C, 0x7F, 0x1E, 0xC6,
    0x31, 0x8C, 0x63, 0x18, 0xC6, 0x3F, 0x87, 0x60, 0x3F, 0x3F, 0xD8, 0x0E, 0x07, 0xC0, 0xF8, 0x1E,
    0x03, 0x43, 0xBF, 0xCF, 0x80, 0x00, 0xC0, 0x60, 0x30, 0x10, 0x3E, 0x7F, 0x60, 0x78, 0x3E, 0x07,
    0x03, 0x7F, 0x3E, 0x00, 0x18, 0x18, 0x18, 0x18, 0xFF, 0xFF, 0x86, 0x03, 0x01, 0x80, 0xC0, 0x60,
    0x30, 0x18, 0x0C, 0x06, 0x00, 0x01, 0x80, 0xC0, 0x60, 0x20, 0x00, 0x60, 0xC7, 0xE7, 0xC6, 0x0C,
    0x18, 0x30, 0x60, 0xF0, 0xE0, 0x03, 0x06, 0x0C, 0x18, 0x1F, 0x3F, 0x98, 0x18, 0x0F, 0xE7, 0xE3,
    0x01, 0xC0, 0x61, 0x3F, 0x87, 0xC0, 0xDB, 0x6D, 0xB6, 0xDB, 0x00, 0x0F, 0x01, 0xE0, 0x3C, 0x0D,
    0x81, 0xB8, 0x33, 0x0E, 0x61, 0xFE, 0x3F, 0xCE, 0x19, 0x83, 0x80, 0xFE, 0xFC, 0xC0, 0xC0, 0xFC,
    0xFF, 0xC7, 0xC3, 0xC7, 0xFE, 0xFC, 0xFE, 0x7F, 0xB1, 0xD8, 0xEF, 0xE7, 0xF3, 0x1D, 0x86, 0xC3,
    0x7F, 0xBF, 0x80, 0xFE, 0xFE, 0xC0, 0xC0, 0xC0, 0xC0, 0xC0, 0xC0, 0xC0, 0xC0, 0xC0, 0x1F, 0x8F,
    0xE3, 0x98, 0xE6, 0x39, 0x8C, 0x63, 0x18, 0xC6, 0x61, 0xBF, 0xFF, 0xFF, 0x03, 0xC0, 0xE0, 0x10,
    0xFF, 0xFF, 0x06, 0x0F, 0xDF, 0xB0, 0x60, 0xC1, 0xFF, 0xF8, 0x71, 0x86, 0x31, 0x8C, 0x39, 0x9C,
    0x19, 0x98, 0x0F, 0xF8, 0x0F, 0xF8, 0x1D, 0x98, 0x19, 0x9C, 0x39, 0x8C, 0x71, 0x8E, 0x71, 0x86,
    0x3E, 0x3F, 0x80, 0xC0, 0xE1, 0xE0, 0xF8, 0x0C, 0x06, 0x43, 0x3F, 0x8F, 0x80, 0xC7, 0x63, 0xB3,
    0xD9, 0xEC, 0xF6, 0xDB, 0x6D, 0xE6, 0xF3, 0x71, 0xB8, 0xC0, 0x26, 0x1E, 0x06, 0x00, 0x0C, 0x76,
    0x3B, 0x3D, 0x9E, 0xCF, 0x6D, 0xB6, 0xDE, 0x6F, 0x37, 0x1B, 0x8C, 0xC3, 0x63, 0xB1, 0x99, 0xCF,
    0xC7, 0xE3, 0x31, 0x9C, 0xC7, 0x63, 0xB0, 0xE0, 0x1F, 0xC3, 0xF8, 0x63, 0x0C, 0x63, 0x8C, 0x71,
    0x8E, 0x31, 0x86, 0x30, 0xCE, 0x19, 0x83, 0x00, 0x00, 0x78, 0xF3, 0xC7, 0x9E, 0x3C, 0xF9, 0xE6,
    0xDB, 0x36, 0xD9, 0xB6, 0xCC, 0xE6, 0x67, 0x33, 0x39, 0x98, 0x0C, 0xC3, 0x61, 0xB0, 0xD8, 0x6F,
    0xF7, 0xFB, 0x0D, 0x86, 0xC3, 0x61, 0xB0, 0xC0, 0x3F, 0x1F, 0xE6, 0x1B, 0x87, 0xC0, 0xF0, 0x3C,
    0x0F, 0x87, 0x61, 0x9F, 0xE3, 0xF0, 0xFF, 0x7F, 0xB0, 0xD8, 0x6C, 0x36, 0x1B, 0x0D, 0x86, 0xC3,
    0x61, 0xB0, 0xC0, 0xFC, 0xFF, 0xC7, 0xC3, 0xC7, 0xFE, 0xFC, 0xC0, 0xC0, 0xC0, 0xC0, 0x1E, 0x3F,
    0x98, 0x1C, 0x0C, 0x06, 0x03, 0x01, 0xC0, 0x60, 0x3F, 0x87, 0xC0, 0xFF, 0xFF, 0x86, 0x03, 0x01,
    0x80, 0xC0, 0x60, 0x30, 0x18, 0x0C, 0x06, 0x00, 0x60, 0xCE, 0x18, 0xC7, 0x1C, 0xC1, 0x98, 0x37,
    0x03, 0xC0, 0x78, 0x06, 0x01, 0xC0, 0x70, 0x0C, 0x00, 0x06, 0x00, 0x30, 0x0F, 0xF0, 0xFF, 0xCE,
    0x67, 0x73, 0x1B, 0x18, 0xD8, 0xC6, 0xE6, 0x37, 0x33, 0x9F, 0xF8, 0x7F, 0x80, 0x60, 0x03, 0x00,
    0xE3, 0x9C, 0xC3, 0x70, 0xF8, 0x1C, 0x07, 0x03, 0xE0, 0xD8, 0x73, 0x18, 0xEE, 0x18, 0xC3, 0x30,
    0xCC, 0x33, 0x0C, 0xC3, 0x30, 0xCC, 0x33, 0x0C, 0xC3, 0x3F, 0xEF, 0xFC, 0x03, 0x00, 0xC0, 0x00,
    0xC3, 0x61, 0xB0, 0xD8, 0x6C, 0x37, 0x39, 0xFC, 0x76, 0x03, 0x01, 0x80, 0xC0, 0xC6, 0x36, 0x31,
    0xB1, 0x8D, 0x8C, 0x6C, 0x63, 0x63, 0x1B, 0x18, 0xD8, 0xC6, 0xC6, 0x37, 0xFF, 0xBF, 0xFC, 0xC6,
    0x1B, 0x18, 0x6C, 0x61, 0xB1, 0x86, 0xC6, 0x1B, 0x18, 0x6C, 0x61, 0xB1, 0x86, 0xC6, 0x1B, 0xFF,
    0xFF, 0xFF, 0xC0, 0x03, 0x00, 0x0C, 0x00, 0x00, 0xC0, 0x6C, 0x06, 0xC0, 0x6F, 0x86, 0xFE, 0x6C,
    0x76, 0xC3, 0x6C, 0x36, 0xC7, 0x6F, 0xE6, 0xFC, 0x60, 0xC0, 0xC0, 0xC0, 0xF8, 0xFE, 0xC7, 0xC3,
    0xC3, 0xC7, 0xFE, 0xFC, 0x7C, 0x3F, 0x01, 0xC0, 0x63, 0xF1, 0xF8, 0x0C, 0x06, 0x07, 0x3F, 0x1F,
    0x00, 0x1F, 0x9F, 0xE7, 0x19, 0x86, 0x71, 0x8F, 0xE1, 0xF8, 0xE6, 0x31, 0x9C, 0x66, 0x18, 0x7C,
    0x7E, 0x06, 0x7E, 0xFE, 0xE6, 0xC6, 0xFF, 0x7B, 0x06, 0x0F, 0x1F, 0x0C, 0x0E, 0xC7, 0xF3, 0x9D,
    0x86, 0xC3, 0x61, 0xB9, 0xCF, 0xC3, 0xC0, 0xFC, 0xFE, 0xC6, 0xFC, 0xFE, 0xC6, 0xC6, 0xFE, 0xFC,
    0xFD, 0xFB, 0x06, 0x0C, 0x18, 0x30, 0x60, 0xC0, 0x3F, 0x1F, 0x8C, 0xC6, 0x63, 0x33, 0x19, 0x8D,
    0xFF, 0xFF, 0xE0, 0xF0, 0x70, 0x10, 0x3C, 0x7E, 0xE7, 0xFF, 0xFF, 0xC0, 0xE0, 0x7E, 0x3E, 0xE6,
    0x33, 0x33, 0x1D, 0x98, 0x7F, 0x83, 0xFC, 0x1B, 0x71, 0x99, 0x8C, 0xCE, 0xE6, 0x30, 0x7C, 0x7E,
    0x06, 0x3E, 0x3E, 0x07, 0x03, 0xFF, 0x7E, 0xCE, 0xCE, 0xCE, 0xDE, 0xD6, 0xF6, 0xF6, 0xE6, 0xE6,
    0x6C, 0x7C, 0x18, 0xCE, 0xCE, 0xCE, 0xDE, 0xD6, 0xF6, 0xF6, 0xE6, 0xE6, 0xC6, 0xCE, 0xCC, 0xF8,
    0xF8, 0xDC, 0xCC, 0xCE, 0xC7, 0x3F, 0x1F, 0x8C, 0xC6, 0x67, 0x33, 0x99, 0x8D, 0xC6, 0xC3, 0x00,
    0x00, 0x71, 0xCF, 0x39, 0xEF, 0x3D, 0xE6, 0xAC, 0xDD, 0x9B, 0xB3, 0x76, 0x60, 0xC0, 0xC6, 0xC6,
    0xC6, 0xC6, 0xFE, 0xFE, 0xC6, 0xC6, 0xC6, 0x3C, 0x3F, 0x39, 0xD8, 0x6C, 0x36, 0x1B, 0x9C, 0xFC,
    0x3C, 0x00, 0xFE, 0xFE, 0xC6, 0xC6, 0xC6, 0xC6, 0xC6, 0xC6, 0xC6, 0xDE, 0xFE, 0xE7, 0xC3, 0xC3,
    0xC3, 0xE7, 0xFE, 0xFC, 0xC0, 0xC0, 0xC0, 0x00, 0x3C, 0xFF, 0x86, 0x0C, 0x18, 0x38, 0x3F, 0x3C,
    0xFF, 0x3F, 0x86, 0x03, 0x01, 0x80, 0xC0, 0x60, 0x30, 0x18, 0x00, 0xE3, 0x71, 0x99, 0xCC, 0xC7,
    0x61, 0xB0, 0xF0, 0x78, 0x1C, 0x0C, 0x0E, 0x0E, 0x04, 0x00, 0x04, 0x00, 0x30, 0x01, 0x80, 0x0C,
    0x07, 0xFE, 0x7F, 0xFB, 0x98, 0xD8, 0xC6, 0xC6, 0x36, 0x31, 0xB9, 0x8C, 0xFF, 0xE7, 0xFE, 0x03,
    0x00, 0x18, 0x00, 0xC0, 0x00, 0x00, 0x73, 0x8E, 0xC1, 0xF0, 0x78, 0x0E, 0x07, 0x83, 0xB0, 0xCE,
    0x71, 0x80, 0xC6, 0x63, 0x31, 0x98, 0xCC, 0x66, 0x33, 0x19, 0xFE, 0xFF, 0x80, 0xC0, 0x60, 0x00,
    0xC6, 0xC6, 0xC6, 0xC6, 0xEE, 0xFE, 0x76, 0x06, 0x06, 0xCC, 0x79, 0x8F, 0x31, 0xE6, 0x3C, 0xC7,
    0x98, 0xF3, 0x1F, 0xFF, 0xFF, 0xE0, 0xCC, 0x6C, 0xC6, 0xCC, 0x6C, 0xC6, 0xCC, 0x6C, 0xC6, 0xCC,
    0x6F, 0xFF, 0xFF, 0xF0, 0x03, 0x00, 0x10, 0x01, 0xF8, 0x1E, 0x01, 0x80, 0x7E, 0x1F, 0xC6, 0x31,
    0x8C, 0x7F, 0x1F, 0x80, 0xC0, 0xF0, 0x3C, 0x0F, 0xF3, 0xFE, 0xF3, 0xBC, 0x6F, 0xFB, 0xFC, 0xC0,
    0xC1, 0x83, 0x07, 0xEF, 0xF9, 0xF1, 0xFF, 0xFC, 0x7C, 0x7E, 0x06, 0x3E, 0x3E, 0x06, 0x0E, 0xFC,
    0x78, 0xC7, 0x8C, 0xFC, 0xCC, 0xEF, 0xC6, 0xFC, 0x6C, 0xC6, 0xCC, 0xEC, 0xFC, 0xC7, 0x80, 0x3F,
    0x7F, 0x63, 0x63, 0x7F, 0x3F, 0x33, 0x73, 0x63, 0x00, 0x66, 0x66, 0x00, 0x00, 0x3C, 0x7E, 0xE7,
    0xFF, 0xFF, 0xC0, 0xE0, 0x7E, 0x3E, 0x3C, 0x7E, 0xE0, 0xF8, 0xFC, 0xC0, 0xE0, 0x7E, 0x3C, 0xDB,
    0x0D, 0xB6, 0xDB, 0x6C, 0xCF, 0x30, 0x00, 0x30, 0xC3, 0x0C, 0x30, 0xC3, 0x0C, 0x30, 0x26, 0x1F,
    0x06, 0x1C, 0x6E, 0x33, 0x39, 0x98, 0xEC, 0x36, 0x1E, 0x0F, 0x03, 0x81, 0x81, 0xC1, 0xC0, 0x80,
    0x0C, 0x3F, 0xFF, 0xC3, 0x0C, 0x30, 0xC3, 0x0C, 0x00, 0x3F, 0x1F, 0x8C, 0x06, 0x0F, 0xC7, 0xE0,
    0xC0, 0x60, 0x30, 0x18, 0x0C, 0x00, 0x7E, 0xFD, 0x83, 0x0F, 0x9F, 0x18, 0x30, 0x60, 0xC3, 0x63,
    0xB1, 0x99, 0xCF, 0xC7, 0xE3, 0x31, 0x9C, 0xC7, 0x63, 0xF0, 0xE0, 0x30, 0x18, 0xC6, 0xCE, 0xCC,
    0xF8, 0xF8, 0xDC, 0xCE, 0xCF, 0xC7, 0x03, 0x03, 0xC3, 0x30, 0xCC, 0x33, 0x0C, 0xFF, 0x3F, 0xCC,
    0x33, 0x0C, 0xC3, 0x30, 0xFC, 0x3C, 0x03, 0x00, 0xC0, 0xC6, 0x63, 0x31, 0x98, 0xCF, 0xE7, 0xF3,
    0x19, 0x8F, 0xC7, 0x80, 0xC0, 0x60, 0xE1, 0xDC, 0x63, 0x38, 0xEC, 0x1F, 0x07, 0x80, 0xE0, 0x30,
    0x0C, 0x03, 0x00, 0xC0, 0x61, 0x9C, 0x63, 0x38, 0xCC, 0x3B, 0x07, 0xC1, 0xE0, 0x78, 0x0C, 0x03,
    0x00, 0xC0, 0x30, 0x00, 0x00, 0xE1, 0xDC, 0x63, 0x38, 0xEC, 0x1F, 0x07, 0x83, 0xF0, 0x38, 0x0C,
    0x03, 0x00, 0xC0, 0x63, 0x31, 0x9C, 0xC6, 0x63, 0x61, 0xF0, 0x78, 0x3C, 0x3E, 0x06, 0x03, 0x01,
    0x80, 0xC0, 0x3E, 0x1F, 0xC0, 0x38, 0x06, 0xFF, 0xBF, 0xEC, 0x1B, 0x86, 0x63, 0x9F, 0xC3, 0xE0,
    0x7C, 0x7E, 0x07, 0xFF, 0xFF, 0xC3, 0xE7, 0x7E, 0x3C, 0x3F, 0x1F, 0xE6, 0x1B, 0x03, 0xFF, 0xFF,
    0xFC, 0x0F, 0x87, 0x61, 0x9F, 0xE3, 0xF0, 0x3C, 0x3F, 0x38, 0xDF, 0xEF, 0xF6, 0x1B, 0x8C, 0xFC,
    0x3C, 0x00, 0x4A, 0x80, 0x42, 0x80, 0x09, 0x00, 0x88, 0xD3, 0x00, 0x93, 0x00, 0x30, 0x0D, 0xA0,
    0x64, 0x80, 0x60, 0x2D, 0x80, 0xD2, 0x00, 0xD2, 0x00, 0xF5, 0x28, 0xEE, 0x00, 0x66, 0x00, 0x98,
    0x09, 0x00, 0x5C, 0x60, 0x25, 0x80, 0x29, 0x5E, 0x62, 0x40, 0x64, 0x80, 0xD8, 0x00, 0x09, 0x00,
    0x60, 0x25, 0x80, 0x93, 0x00, 0x0C, 0xA0, 0x1B, 0x00, 0x88, 0xA8, 0x12, 0xE8, 0x00, 0x80, 0x74,
    0x40, 0x90, 0x80, 0xA0, 0xA1, 0x00, 0xE0, 0x71, 0x08, 0x80, 0x80, 0x84, 0x20, 0x80, 0xE0, 0xFF,
    0xF0, 0xDB, 0x6D, 0xB0, 0x80, 0x80, 0xDB, 0x00, 0x36, 0xC0, 0x80, 0x80, 0x77, 0xB1, 0x8C, 0x63,
    0x1E, 0xF8, 0xFD, 0x20, 0x61, 0x8C, 0x63, 0x98, 0xF6, 0x7F, 0x99, 0xC6, 0x71, 0x8E, 0x61, 0x80,
    0xFC, 0xFE, 0x06, 0x06, 0x06, 0x06, 0x06, 0xFF, 0xFF, 0x78, 0xF8, 0x30, 0x60, 0xC3, 0x8F, 0x3E,
    0x4C, 0xFF, 0xFF, 0x0C, 0x0C, 0x0C, 0x0C, 0x0C, 0x0C, 0x0C, 0xFE, 0xFF, 0x03, 0xC3, 0xC3, 0xC3,
    0xC3, 0xC3, 0xC3, 0x73, 0x8C, 0x63, 0x18, 0xC6, 0x30, 0xFF, 0xE3, 0x0C, 0x30, 0xC3, 0x0C, 0x30,
    0xFE, 0xFF, 0xC3, 0xC3, 0xC3, 0xC3, 0xC3, 0xC3, 0xC3, 0xEF, 0x1B, 0xE6, 0x19, 0x86, 0x61, 0x98,
    0x66, 0x39, 0xFC, 0x7E, 0x00, 0x73, 0x8C, 0x63, 0x18, 0x00, 0xFC, 0xFE, 0x06, 0x06, 0x06, 0x06,
    0x06, 0x06, 0x06, 0x06, 0x06, 0x06, 0x06, 0xFC, 0xFE, 0x0E, 0x06, 0x06, 0x06, 0x0E, 0x7E, 0xFC,
    0xC0, 0xC0, 0xC0, 0xFC, 0xFE, 0x06, 0x06, 0x06, 0x06, 0x0E, 0x1C, 0x18, 0x10, 0xFF, 0x7F, 0xD8,
    0x6C, 0x36, 0x1B, 0x0D, 0x86, 0xFF, 0x7F, 0x80, 0x6F, 0x1F, 0xE7, 0x39, 0x86, 0x61, 0xB8, 0x6E,
    0x1B, 0xBE, 0xEF, 0x80, 0xDB, 0x6D, 0xB6, 0xDB, 0x6C, 0x00, 0x71, 0xE1, 0x86, 0x18, 0x61, 0x9E,
    0xF8, 0xFE, 0x7F, 0xB0, 0xF8, 0x3C, 0x1E, 0x0F, 0x8E, 0xFE, 0x3E, 0x00, 0x61, 0x9C, 0x63, 0x18,
    0xC6, 0x39, 0x86, 0xE1, 0xF0, 0x7C, 0x7C, 0x1C, 0x00, 0x00, 0x3E, 0x3F, 0xB8, 0xF8, 0x3C, 0x1F,
    0x0D, 0xC6, 0x03, 0x01, 0x80, 0xC0, 0x60, 0x30, 0x18, 0x00, 0x3C, 0x7F, 0x39, 0xD8, 0x6E, 0x33,
    0x18, 0x1C, 0xFC, 0x7C, 0x00, 0x63, 0x31, 0x98, 0xCE, 0x67, 0x71, 0xF0, 0xF0, 0x60, 0x38, 0x1C,
    0x06, 0x03, 0x01, 0x80, 0x71, 0x8E, 0x61, 0x98, 0x76, 0x0F, 0x01, 0xC0, 0x31, 0xFE, 0x7F, 0x80,
    0xFE, 0x7F, 0x80, 0xD8, 0x6C, 0x36, 0x1B, 0x19, 0x9C, 0xCC, 0x60, 0x30, 0x18, 0x0C, 0x00, 0xFC,
    0xFE, 0x06, 0x06, 0x06, 0x06, 0x06, 0x06, 0x06, 0xE6, 0x66, 0x66, 0x66, 0x66, 0x66, 0x7C, 0xE7,
    0x8E, 0x71, 0xC7, 0xF8, 0x3F, 0x00, 0x7F, 0x9F, 0xF3, 0x0C, 0xC3, 0x30, 0xCC, 0x33, 0x0D, 0xC3,
    0x70, 0xC0, 0x77, 0xBB, 0xCC, 0x66, 0x33, 0x19, 0x8C, 0xC6, 0x63, 0x31, 0x80, 0x77, 0xBB, 0xCC,
    0x66, 0x33, 0x19, 0x8C, 0x06, 0x03, 0x01, 0x80, 0x77, 0x3B, 0x8C, 0xC6, 0x63, 0x31, 0x98, 0x00,
    0xDB, 0x40, 0xDB, 0x6D, 0xA4, 0x00, 0x00, 0x00, 0x80, 0x07, 0x00, 0x18, 0x00, 0x60, 0x00, 0x8F,
    0xFF, 0xFF, 0xFF, 0x00, 0x00, 0x30, 0x03, 0x00, 0x70, 0x06, 0x00, 0xE0, 0x0C, 0x01, 0xE0, 0x3E,
    0x03, 0x04, 0x70, 0xE6, 0x04, 0x00, 0x00, 0x00, 0x00, 0x30, 0x03, 0x00, 0x70, 0x07, 0x00, 0xF8,
    0x0D, 0x21, 0x87, 0x38, 0x63, 0x0E, 0x71, 0xE6, 0x0C, 0x00, 0x00, 0x18, 0x18, 0x00, 0x1C, 0x3E,
    0x66, 0x63, 0x63, 0x7F, 0x3F, 0x06, 0xFE, 0xF8, 0x00, 0x18, 0x18, 0x18, 0x00, 0x6F, 0x7E, 0x01,
    0x8C, 0xC6, 0x33, 0x08, 0x43, 0x97, 0xE0, 0x6F, 0x7E, 0x37, 0xE0, 0x03, 0x19, 0xBD, 0x80, 0x00,
    0xF3, 0xFE, 0x2C, 0x0C, 0x0E, 0x0C, 0x18, 0x00, 0x61, 0xC3, 0x80, 0x00, 0x00, 0x1E, 0x03, 0xF0,
    0x72, 0x06, 0x0C, 0x78, 0xC3, 0xEC, 0x07, 0xC0, 0x3E, 0x0E, 0x7F, 0xE3, 0xF8, 0x1E, 0x00, 0xC0,
    0x3C, 0x7C, 0x60, 0x60, 0x30, 0xFE, 0xFE, 0x78, 0x0C, 0x63, 0x18, 0xC6, 0x31, 0x8C, 0x63, 0x00,
    0x6C, 0xFC, 0x66, 0x66, 0x66, 0x66, 0x66, 0x60, 0x1C, 0x10, 0x1C, 0x00, 0x1C, 0x3E, 0x66, 0x63,
    0x63, 0x7F, 0x3F, 0x06, 0x0E, 0x7C, 0x78, 0x40, 0x66, 0x66, 0x66, 0x66, 0x66, 0x66, 0x60, 0x6C,
    0xFC, 0x30, 0x03, 0x07, 0x9E, 0x7E, 0xC7, 0x20, 0x30, 0x31, 0xE1, 0x87, 0xCC, 0x07, 0x60, 0x1B,
    0x83, 0x8F, 0xFC, 0x3F, 0x80, 0x00, 0x00, 0xFF, 0xFF, 0xFF, 0xC0, 0x00, 0x00, 0x00, 0xF0, 0x07,
    0x80, 0x3C, 0x01, 0xF0, 0x1F, 0xFF, 0xCF, 0xFC, 0x00, 0x00, 0x30, 0x01, 0x80, 0x00, 0x00, 0x6C,
    0xD8, 0x00, 0x03, 0x8F, 0x9B, 0xE3, 0xC7, 0x8F, 0xBB, 0xE7, 0x80, 0x0D, 0x80, 0x6C, 0x00, 0x07,
    0x80, 0x3C, 0x01, 0xE0, 0x0F, 0x80, 0xFF, 0xFE, 0x7F, 0xE0, 0x06, 0x00, 0x30, 0x03, 0x60, 0x1B,
    0x00, 0x01, 0xE0, 0x0F, 0x00, 0x78, 0x03, 0xE0, 0x3F, 0xFF, 0x9F, 0xF8, 0x3C, 0x0F, 0xE0, 0x9E,
    0x01, 0xE1, 0xFC, 0x70, 0x0C, 0x03, 0x00, 0x66, 0x0C, 0xC1, 0x80, 0x3C, 0x23, 0xFE, 0x3F, 0x80,
    0x00, 0x00, 0x03, 0xE0, 0x7F, 0x02, 0x3C, 0x03, 0xE0, 0xFE, 0x38, 0x03, 0x00, 0x60, 0x06, 0x00,
    0x60, 0x06, 0x00, 0x78, 0x63, 0xFE, 0x0F, 0xC0, 0x00, 0x01, 0x80, 0x18, 0x00, 0x00, 0x3C, 0x07,
    0xF0, 0x03, 0xC0, 0x3E, 0x1F, 0xC3, 0x80, 0x30, 0x06, 0x00, 0x60, 0x06, 0x00, 0x60, 0x07, 0x86,
    0x3F, 0xE0, 0xFC, 0x00, 0x18, 0x1C, 0x0E, 0x06, 0x07, 0x03, 0x07, 0x7E, 0x7C, 0x00, 0x30, 0x30,
    0x00, 0x18, 0x1C, 0x0C, 0x06, 0x07, 0x03, 0x07, 0x7E, 0x7C, 0x00, 0x18, 0x30, 0x70, 0x60, 0xC1,
    0x86, 0x3C, 0xF1, 0xC0, 0x00, 0x00, 0x30, 0x60, 0x00, 0x01, 0x83, 0x03, 0x06, 0x0C, 0x38, 0xE7,
    0xCE, 0x18, 0x00, 0x00, 0x00, 0x40, 0x00, 0x8C, 0x06, 0x19, 0x80, 0xE3, 0x3C, 0x0C, 0xE7, 0x81,
    0xFF, 0xF0, 0x3E, 0xF6, 0x06, 0x00, 0xE1, 0xC0, 0x0F, 0xF0, 0x00, 0xFC, 0x00, 0x00, 0x00, 0x00,
    0x00, 0x00, 0x00, 0x00, 0xC0, 0x00, 0x18, 0x00, 0x0D, 0x80, 0x01, 0xB0, 0x00, 0x00, 0xC0, 0x01,
    0x98, 0x0C, 0x33, 0x01, 0xC6, 0x78, 0x19, 0xCF, 0x03, 0xFF, 0xE0, 0x7D, 0xEC, 0x0C, 0x01, 0xC3,
    0x80, 0x1F, 0xE0, 0x01, 0xF8, 0x00, 0x00, 0x00, 0x00, 0x00, 0x01, 0xE0, 0x00, 0x3F, 0x80, 0x21,
    0xCE, 0x03, 0x18, 0x30, 0x1D, 0x81, 0xE0, 0x6C, 0x1F, 0x03, 0xFF, 0xD8, 0x1F, 0xFC, 0xC0, 0xC0,
    0x07, 0x0E, 0x00, 0x1F, 0xE0, 0x00, 0x7E, 0x00, 0x00, 0x00, 0x00, 0x00, 0x00, 0x00, 0xC0, 0x00,
    0x06, 0x00, 0x00, 0x00, 0x00, 0x03, 0xC0, 0x00, 0x3F, 0x00, 0x43, 0x9C, 0x06, 0x30, 0x60, 0x3B,
    0x83, 0xC0, 0xF8, 0x3E, 0x07, 0xFF, 0xB0, 0x3F, 0xF9, 0x81, 0x80, 0x0E, 0x1C, 0x00, 0x3F, 0xC0,
    0x00, 0xFC, 0x00, 0x00, 0x00, 0x00, 0x00, 0x00, 0xC0, 0x06, 0x00, 0x30, 0x01, 0x80, 0x0C, 0x00,
    0x67, 0x83, 0xFE, 0x1F, 0x38, 0xE0, 0xC6, 0x06, 0x30, 0x77, 0xFF, 0x7F, 0xF0, 0x00, 0x00, 0xC0,
    0x06, 0x00, 0x31, 0x81, 0x8C, 0x0C, 0x00, 0x67, 0x83, 0xFE, 0x1F, 0x38, 0xE0, 0xC6, 0x06, 0x30,
    0x77, 0xFF, 0x7F, 0xF0, 0x00, 0x0F, 0x87, 0xE1, 0x80, 0x60, 0x1C, 0x43, 0xF0, 0xF8, 0x60, 0x30,
    0x0C, 0x03, 0x00, 0xE0, 0x9F, 0xE3, 0xF8, 0x08, 0x02, 0x00, 0x00, 0x00, 0x3C, 0x1F, 0x06, 0x01,
    0x80, 0x62, 0x0F, 0xC3, 0xE1, 0x80, 0xC0, 0x30, 0x0C, 0x03, 0x84, 0x7F, 0x8F, 0xC0, 0x00, 0x00,
    0x0F, 0x00, 0x3C, 0x40, 0x07, 0x00, 0x3C, 0x03, 0xC0, 0x1C, 0x00, 0x70, 0x00, 0xF3, 0x00, 0xEC,
    0x01, 0xB0, 0x06, 0xE0, 0x7B, 0xFF, 0xC7, 0xFC, 0x00, 0x00, 0x00, 0x00, 0x10, 0x01, 0xC0, 0x1E,
    0x00, 0xF0, 0x07, 0x00, 0x1E, 0x00, 0x1C, 0xC0, 0x3B, 0x00, 0x6C, 0x01, 0xB8, 0x1E, 0xFF, 0xF1,
    0xFF, 0x00, 0x00, 0x03, 0x60, 0x0D, 0x80, 0x18, 0x00, 0x60, 0x00, 0x00, 0x06, 0x60, 0x00, 0x60,
    0x03, 0x00, 0x00, 0x01, 0xE0, 0x1F, 0x00, 0xCC, 0x06, 0x78, 0x33, 0xC1, 0xFE, 0x07, 0xF8, 0x0F,
    0xFF, 0xE7, 0xFC, 0x00, 0x06, 0xC0, 0xD8, 0x00, 0x01, 0xC0, 0x7C, 0x1D, 0xC3, 0x1E, 0x73, 0xC7,
    0xF8, 0x7F, 0x01, 0xF0, 0x67, 0xFC, 0x7F, 0x00, 0x00, 0x00, 0x00, 0x03, 0x00, 0x30, 0x03, 0x03,
    0x30, 0x63, 0x06, 0x30, 0x33, 0xCE, 0x3C, 0x03, 0xC0, 0x3E, 0x07, 0xFF, 0xF7, 0xFC, 0x00, 0x00,
    0x30, 0x0C, 0x03, 0x00, 0xC0, 0x30, 0x0C, 0x03, 0x00, 0xD0, 0x3C, 0x0F, 0x03, 0xC0, 0xF0, 0x3E,
    0x19, 0xFE, 0x3E, 0x00, 0x07, 0x03, 0xE1, 0xDC, 0x63, 0x70, 0xFF, 0x7D, 0xFB, 0x1E, 0xC0, 0x30,
    0x0C, 0x03, 0x00, 0xC0, 0x10, 0x00, 0x0C, 0x03, 0x00, 0x08, 0x07, 0x40, 0xF0, 0x3C, 0x0F, 0x03,
    0xC0, 0xF8, 0x77, 0xF8, 0xFC, 0x10, 0x71, 0xF3, 0x7C, 0x78, 0xF1, 0xF7, 0x7C, 0xF0, 0x1C, 0x3E,
    0x66, 0x63, 0x63, 0x7F, 0x3F, 0x06, 0x0E, 0x7C, 0x78, 0x40, 0x00, 0x00, 0x1E, 0x03, 0xF0, 0x72,
    0x06, 0x0C, 0x78, 0xC3, 0xEC, 0x07, 0xC0, 0x3E, 0x0E, 0x7F, 0xE3, 0xF8, 0x00, 0x00, 0x00, 0x00,
    0x1E, 0x03, 0xF0, 0x72, 0x06, 0x0C, 0x78, 0xC3, 0xEC, 0x07, 0xC0, 0x3E, 0x0E, 0x7F, 0xE3, 0xF8,
    0x00, 0x01, 0xE0, 0x1E, 0x00, 0x00, 0x0F, 0xFF, 0x00, 0x39, 0xFE, 0x60, 0x00, 0x0F, 0xFF, 0x00,
    0x1F, 0x00, 0x75, 0x76, 0x00, 0x0F, 0xC0, 0x0F, 0x5E, 0x00, 0xEB, 0xE0, 0x62, 0x80, 0x72, 0x1C,
    0xC0, 0x72, 0x1C, 0xC0, 0x3F, 0xD3, 0x80, 0x53, 0x98, 0x63, 0x94, 0xEA, 0xE6, 0x00, 0x1C, 0x21,
    0xF3, 0xE0, 0x00, 0x27, 0x60, 0x59, 0xB6, 0xDB, 0x6D, 0x80, 0xC3, 0x8D, 0x9B, 0x37, 0xCF, 0x98,
    0x30, 0x60, 0xC1, 0x80, 0x48, 0xE6, 0xDB, 0x6D, 0xB7, 0xFB, 0xF9, 0x80, 0xC0, 0x60, 0x30, 0x18,
    0x00, 0x00, 0x71, 0xE7, 0x0C, 0x0F, 0x1E, 0x70, 0xC1, 0x8B, 0xF3, 0xE0, 0x38, 0xFB, 0xBE, 0x3C,
    0x78, 0xFB, 0xBE, 0x38, 0x00, 0x7E, 0x7E, 0x06, 0x06, 0x06, 0x06, 0x06, 0x06, 0x06, 0x06, 0x02,
    0xC1, 0xF1, 0xD8, 0xCC, 0x66, 0x31, 0xB0, 0xD8, 0x6C, 0x1C, 0x0E, 0x07, 0x00, 0x1C, 0x0E, 0x07,
    0x06, 0xC3, 0x61, 0xB1, 0x8C, 0xC6, 0x63, 0x71, 0xF0, 0x60, 0x00, 0x78, 0xFC, 0xCE, 0xC6, 0xFE,
    0x3E, 0x06, 0x06, 0x06, 0x06, 0x02, 0x00, 0x11, 0x9C, 0xC4, 0xE0, 0x60, 0x60, 0x30, 0x30, 0x38,
    0x19, 0x9C, 0xEC, 0x20, 0x00, 0x06, 0x66, 0x60, 0x06, 0x66, 0x64, 0x02, 0x00, 0x18, 0x00, 0xC0,
    0x06, 0x07, 0x37, 0x9F, 0xF0, 0x1E, 0x00, 0xF0, 0x0D, 0x80, 0x46, 0x06, 0x18, 0x00, 0x00, 0x00,
    0x00, 0x00, 0xF0, 0x07, 0x80, 0x3C, 0x01, 0xF0, 0x1F, 0xFF, 0xCF, 0xFC, 0x03, 0x80, 0xF8, 0x3B,
    0x86, 0x3C, 0xE7, 0x8F, 0xF0, 0xFE, 0x03, 0xE0, 0xCF, 0xF8, 0xFE, 0x00, 0x00, 0x3F, 0x19, 0x5E,
    0x03, 0x18, 0xC6, 0x31, 0x8C, 0x63, 0x18, 0xC0, 0x18, 0x4F, 0xC0, 0x30, 0xC3, 0x0C, 0x30, 0xC3,
    0x0C, 0x30, 0xC3, 0x00, 0x18, 0x61, 0x86, 0x18, 0x61, 0x86, 0x18, 0x61, 0x86, 0x18, 0x71, 0x3F,
    0x00, 0x72, 0x1C, 0xC0, 0xC1, 0xBB, 0x46, 0xED, 0x98, 0x30, 0x60, 0xC1, 0x83, 0x06, 0x0C, 0x00,
    0x07, 0x02, 0x01, 0xC0, 0x00, 0x00, 0xE0, 0xF8, 0xCC, 0x63, 0x31, 0x9F, 0xC7, 0xE0, 0x60, 0x71,
    0xF0, 0xF0, 0x40, 0x00, 0x1C, 0x14, 0x1C, 0x18, 0x00, 0x1C, 0x10, 0x1C, 0x00, 0x1C, 0x3E, 0x66,
    0x63, 0x63, 0x7F, 0x3F, 0x06, 0x0E, 0x7C, 0x78, 0x40, 0x00, 0x70, 0x02, 0x00, 0x1C, 0x01, 0xE0,
    0x00, 0x00, 0xF0, 0x0F, 0xC0, 0xE4, 0x06, 0x06, 0x3C, 0x30, 0xF9, 0x80, 0xEC, 0x03, 0x70, 0x71,
    0xFF, 0x87, 0xF0, 0x00, 0x00, 0x07, 0x00, 0x2C, 0x03, 0xC0, 0x00, 0x3C, 0x01, 0xE0, 0x0F, 0x00,
    0x7C, 0x07, 0xFF, 0xF3, 0xFF, 0x00, 0x06, 0x00, 0x30, 0x00, 0x00, 0x0C, 0x00, 0x61, 0xE0, 0x0F,
    0x00, 0x78, 0x03, 0xE0, 0x3F, 0xFF, 0x9F, 0xF8, 0x00, 0x00, 0x00, 0xF0, 0x07, 0x80, 0x3C, 0x01,
    0xF0, 0x1F, 0xFF, 0xCF, 0xFC, 0x00, 0x00, 0x30, 0x01, 0x80, 0x00, 0x00, 0x60, 0x03, 0x00, 0x0D,
    0x80, 0x6C, 0x00, 0x07, 0x80, 0x3C, 0x01, 0xE0, 0x0F, 0x80, 0xFF, 0xFE, 0x7F, 0xE0, 0x78, 0x01,
    0x80, 0x00, 0x00, 0x6C, 0x03, 0x60, 0x00, 0x00, 0x60, 0x03, 0x09, 0x00, 0x78, 0x03, 0xC0, 0x1F,
    0x01, 0xFF, 0xFC, 0xFF, 0xC0, 0x00, 0x00, 0x00, 0xF0, 0x07, 0x80, 0x3C, 0x01, 0xF0, 0x1F, 0xFF,
    0xCF, 0xFC, 0x00, 0x00, 0x6C, 0x03, 0x60, 0x0C, 0x00, 0x60, 0x00, 0x00, 0x0D, 0x80, 0x6C, 0x00,
    0x00, 0x1B, 0x00, 0xD9, 0xE0, 0x0F, 0x00, 0x78, 0x03, 0xE0, 0x3F, 0xFF, 0x9F, 0xF8, 0x00, 0x00,
    0x00, 0xF0, 0x07, 0x80, 0x3C, 0x01, 0xF0, 0x1F, 0xFF, 0xCF, 0xFC, 0x00, 0x00, 0x6C, 0x03, 0x60,
    0x1B, 0x00, 0xD8, 0x00, 0x00, 0x18, 0x03, 0x00, 0x3C, 0x00, 0x00, 0x3C, 0x07, 0xF0, 0x23, 0x80,
    0x3E, 0x0F, 0xC3, 0x80, 0x30, 0x06, 0x00, 0x60, 0x06, 0x00, 0x60, 0x07, 0x86, 0x3F, 0xE1, 0xFC,
    0x00, 0x00, 0x18, 0x01, 0x80, 0x00, 0x01, 0x80, 0x18, 0x00, 0x00, 0x3C, 0x07, 0xF0, 0x03, 0xC0,
    0x3E, 0x1F, 0xC3, 0x80, 0x30, 0x06, 0x00, 0x60, 0x06, 0x00, 0x60, 0x07, 0x86, 0x3F, 0xE0, 0xFC,
    0x3C, 0x07, 0xF0, 0x23, 0x80, 0x3E, 0x0F, 0xE3, 0xC0, 0x30, 0x06, 0x00, 0x6D, 0x86, 0xD8, 0x60,
    0x07, 0x82, 0x3F, 0xE0, 0xFC, 0x00, 0x00, 0x00, 0x07, 0x81, 0xFC, 0x03, 0xC0, 0x7C, 0x3F, 0x8E,
    0x01, 0x80, 0x66, 0x0C, 0xC1, 0x98, 0x33, 0x07, 0x84, 0x7F, 0xC7, 0xF0, 0x18, 0x01, 0x80, 0x36,
    0x03, 0x60, 0x00, 0x03, 0xC0, 0x7F, 0x02, 0x3C, 0x03, 0xE0, 0xFE, 0x38, 0x03, 0x00, 0x60, 0x06,
    0x00, 0x60, 0x06, 0x00, 0x78, 0x23, 0xFE, 0x0F, 0xE0, 0x00, 0x00, 0x03, 0xC0, 0x7F, 0x00, 0x3C,
    0x07, 0xE1, 0xFC, 0x38, 0x03, 0x00, 0x6D, 0x86, 0xD8, 0x66, 0x06, 0x60, 0x78, 0x23, 0xFE, 0x0F,
    0xC0, 0x00, 0x03, 0xE0, 0x7F, 0x00, 0x3C, 0x07, 0xE1, 0xF8, 0x38, 0x03, 0xD8, 0x6D, 0x86, 0xD8,
    0x6D, 0x86, 0x00, 0x78, 0x63, 0xFE, 0x0F, 0xC0, 0x40, 0xE1, 0x67, 0x80, 0x02, 0x0E, 0x0E, 0x0E,
    0x0C, 0x18, 0x7F, 0xFF, 0x00, 0x00, 0x18, 0x1C, 0x0E, 0x06, 0x03, 0x03, 0x07, 0x7E, 0x7C, 0x38,
    0x18, 0x00, 0x18, 0x1C, 0x0E, 0x06, 0x07, 0x03, 0x07, 0x7E, 0x7C, 0x00, 0x18, 0x18, 0x00, 0x40,
    0xE1, 0x47, 0x80, 0x02, 0x0E, 0x0E, 0x0C, 0x0C, 0x18, 0x7F, 0xFF, 0x00, 0x18, 0x30, 0x00, 0x00,
    0x6C, 0x6C, 0x00, 0x08, 0x1C, 0x0E, 0x06, 0x07, 0x03, 0x07, 0x7E, 0x7C, 0x00, 0x30, 0xE0, 0xE0,
    0xE0, 0xC1, 0x87, 0xFF, 0xF0, 0x03, 0x66, 0xC0, 0x00, 0x00, 0x30, 0x30, 0x6C, 0x6C, 0x00, 0x08,
    0x1C, 0x0E, 0x06, 0x07, 0x03, 0x07, 0x7E, 0x7C, 0x00, 0x6C, 0x6C, 0x30, 0x30, 0x00, 0x18, 0x1C,
    0x0E, 0x06, 0x07, 0x03, 0x07, 0x7E, 0x7C, 0x00, 0x78, 0x78, 0x78, 0x78, 0x00, 0x18, 0x1C, 0x0C,
    0x06, 0x06, 0x06, 0x06, 0x7E, 0x7C, 0x10, 0x3C, 0x59, 0xF0, 0x00, 0x83, 0x07, 0x06, 0x0C, 0x18,
    0x30, 0xE7, 0x9E, 0x10, 0x14, 0x38, 0x60, 0x00, 0xC1, 0x83, 0x83, 0x06, 0x0C, 0x30, 0xE7, 0x8E,
    0x00, 0x00, 0x00, 0x18, 0x30, 0x70, 0x60, 0xC1, 0x86, 0x3C, 0xF9, 0xD8, 0x60, 0x04, 0x18, 0x30,
    0x30, 0x60, 0xC3, 0x8E, 0x78, 0xE0, 0x80, 0x60, 0xC0, 0x04, 0x18, 0x38, 0x30, 0x60, 0xC3, 0x8E,
    0x78, 0xE0, 0x48, 0xE0, 0xC0, 0x00, 0x30, 0x60, 0x00, 0x01, 0x83, 0x03, 0x06, 0x0C, 0x38, 0xE7,
    0x8E, 0x10, 0x06, 0x0C, 0x00, 0x6C, 0xD8, 0x00, 0x01, 0x83, 0x07, 0x06, 0x0C, 0x18, 0x63, 0xCF,
    0x18, 0x00, 0x00, 0x30, 0x61, 0xB3, 0x60, 0x00, 0x06, 0x0C, 0x0C, 0x18, 0x30, 0xE1, 0x8F, 0x3C,
    0x60, 0x00, 0xF3, 0xCF, 0x3C, 0x00, 0x83, 0x0C, 0x30, 0xC3, 0x0C, 0xE7, 0x9C, 0x00, 0x00, 0x06,
    0x00, 0x00, 0xC0, 0x00, 0x01, 0x80, 0x43, 0x30, 0x18, 0x66, 0x03, 0x8C, 0xF0, 0x33, 0x9E, 0x07,
    0xFF, 0xC0, 0xFB, 0xD8, 0x18, 0x03, 0x87, 0x00, 0x3F, 0xC3, 0x03, 0xF0, 0x60, 0x00, 0x00, 0x00,
    0x00, 0x00, 0x40, 0x00, 0x8C, 0x06, 0x19, 0x80, 0xE3, 0x3C, 0x0C, 0xE7, 0x81, 0xFF, 0xF0, 0x3E,
    0xF6, 0x06, 0x00, 0xE1, 0xDB, 0x0F, 0xF3, 0x60, 0xFC, 0x00, 0x00, 0x03, 0x00, 0x00, 0x60, 0x00,
    0x00, 0x00, 0x00, 0x00, 0x00, 0x00, 0xC0, 0x00, 0x18, 0x00, 0x0D, 0x80, 0x01, 0xB0, 0x00, 0x00,
    0xC0, 0x01, 0x98, 0x0C, 0x33, 0x01, 0xC6, 0x78, 0x19, 0xCF, 0x03, 0xFF, 0xE0, 0x7D, 0xEC, 0x0C,
    0x01, 0xC3, 0xB6, 0x1F, 0xE6, 0xC1, 0xF8, 0x00, 0x00, 0x06, 0x00, 0x00, 0xC0, 0x00, 0x00, 0x00,
    0x00, 0x01, 0xE0, 0x00, 0x3F, 0x80, 0x21, 0xCE, 0x03, 0x18, 0x30, 0x1D, 0x81, 0xE0, 0x6C, 0x1F,
    0x03, 0xFF, 0xD8, 0x1F, 0xFC, 0xC0, 0xC0, 0x07, 0x0E, 0x00, 0x1F, 0xE0, 0x00, 0x7E, 0x00, 0x00,
    0x00, 0x00, 0x1B, 0x00, 0x00, 0xD8, 0x00, 0x00, 0x00, 0x00, 0xC0, 0x00, 0x06, 0x00, 0x00, 0xD8,
    0x00, 0x06, 0xC0, 0x00, 0x00, 0x00, 0x00, 0xF0, 0x00, 0x0F, 0xC0, 0x10, 0xE7, 0x01, 0x8C, 0x18,
    0x0E, 0xC0, 0xF0, 0x36, 0x0F, 0x81, 0xFF, 0xEC, 0x0F, 0xFE, 0x60, 0x60, 0x03, 0x87, 0x00, 0x0F,
    0xF0, 0x00, 0x3F, 0x00, 0x00, 0x00, 0x00, 0x00, 0x00, 0x00, 0xC6, 0x06, 0x30, 0x36, 0xC1, 0xB6,
    0x0C, 0x00, 0x67, 0x83, 0xFE, 0x1F, 0x38, 0xE0, 0xC6, 0x06, 0x30, 0x77, 0xFF, 0x7F, 0xF0, 0x18,
    0x06, 0x03, 0x60, 0xD8, 0x00, 0x00, 0x03, 0xE1, 0xF0, 0x60, 0x18, 0x06, 0x20, 0xFC, 0x3E, 0x18,
    0x0C, 0x03, 0x00, 0xC0, 0x38, 0x67, 0xF8, 0xFC, 0x00, 0x00, 0x07, 0x80, 0x7C, 0x03, 0x30, 0x19,
    0xE0, 0xCF, 0x07, 0xF8, 0x1F, 0xE0, 0x3F, 0xFF, 0x9F, 0xF0, 0x00, 0x00, 0x07, 0x80, 0x7C, 0x03,
    0x30, 0x19, 0xE0, 0xCF, 0x07, 0xF8, 0x1F, 0xE0, 0x3F, 0xFF, 0x9F, 0xF0, 0x00, 0x00, 0xC0, 0x06,
    0x00, 0x00, 0x00, 0x00, 0x60, 0x03, 0x00, 0x00, 0x01, 0xE0, 0x1F, 0x00, 0xCC, 0x06, 0x78, 0x33,
    0xC1, 0xFE, 0x07, 0xF8, 0x0F, 0xFF, 0xE7, 0xFC, 0x00, 0x00, 0x30, 0x01, 0x80, 0x00, 0x00, 0x00,
    0x00, 0x03, 0x00, 0x18, 0x01, 0xE0, 0x0F, 0x00, 0x00, 0x03, 0xC0, 0x3E, 0x01, 0x98, 0x0C, 0xF0,
    0x67, 0x83, 0xFC, 0x0F, 0xF0, 0x1F, 0xFF, 0xCF, 0xF8, 0x00, 0x00, 0x07, 0x80, 0x7C, 0x03, 0x30,
    0x19, 0xE0, 0xCF, 0x07, 0xF8, 0x1F, 0xE0, 0x3F, 0xFF, 0x9F, 0xF0, 0x00, 0x01, 0xB0, 0x0D, 0x80,
    0x30, 0x01, 0x80, 0x00, 0x00, 0x00, 0x00, 0x07, 0x80, 0x3C, 0x01, 0xE0, 0x0F, 0x00, 0x00, 0x03,
    0xC0, 0x3E, 0x01, 0x98, 0x0C, 0xF0, 0x67, 0x83, 0xFC, 0x0F, 0xF0, 0x1F, 0xFF, 0xCF, 0xF8, 0x01,
    0x80, 0x30, 0x00, 0x01, 0xC0, 0x7C, 0x1D, 0xC3, 0x1E, 0x73, 0xC7, 0xF8, 0x7F, 0x01, 0xF0, 0x67,
    0xFC, 0x7F, 0x00, 0x00, 0x01, 0x80, 0x30, 0x1B, 0x03, 0x60, 0x00, 0x07, 0x01, 0xF0, 0x77, 0x0C,
    0x79, 0xCF, 0x1F, 0xE1, 0xFC, 0x07, 0xC1, 0x9F, 0xF1, 0xFC, 0x00, 0x00, 0x00, 0x00, 0x00, 0x10,
    0x01, 0xC0, 0x1E, 0x00, 0xE0, 0x07, 0x00, 0x1E, 0x00, 0x3C, 0xC0, 0x3B, 0x00, 0x6C, 0x01, 0xB8,
    0x1E, 0xFF, 0xF1, 0xFF, 0x00, 0x01, 0x80, 0x00, 0x78, 0x00, 0x0F, 0x00, 0x01, 0xC0, 0x00, 0x18,
    0x00, 0x03, 0xFF, 0xFE, 0x3F, 0xFF, 0xF0, 0x00, 0x03, 0x00, 0x01, 0xFF, 0xFF, 0xFE, 0x7F, 0xFF,
    0x00, 0x00, 0x00, 0x00, 0x10, 0x01, 0xC0, 0x1E, 0x01, 0xFC, 0x07, 0x60, 0x1E, 0x00, 0x1C, 0xC0,
    0x3B, 0x00, 0x6C, 0x01, 0xB8, 0x1E, 0xFF, 0xF1, 0xFF, 0x00, 0x00, 0x00, 0x03, 0x00, 0x30, 0x00,
    0x00, 0x30, 0x03, 0x00, 0x30, 0x13, 0x06, 0x30, 0x63, 0x03, 0x3C, 0xE3, 0xC0, 0x3C, 0x03, 0xE0,
    0x7F, 0xFF, 0x7F, 0xC0, 0x00, 0x00, 0x00, 0xC0, 0x03, 0x00, 0x1B, 0x00, 0x6C, 0x00, 0x00, 0x03,
    0x00, 0x0C, 0x00, 0x30, 0x04, 0xC0, 0x73, 0x01, 0x8C, 0x03, 0x33, 0x38, 0xCC, 0x03, 0x30, 0x0C,
    0xE0, 0x73, 0xFF, 0xC7, 0xFC, 0x00, 0x00, 0x00, 0x03, 0x00, 0x30, 0x03, 0x02, 0x30, 0x63, 0x06,
    0x30, 0x23, 0xCE, 0x3C, 0x03, 0xC0, 0x3E, 0x07, 0xFF, 0xF7, 0xFC, 0x00, 0x00, 0xF0, 0x0F, 0x00,
    0x60, 0x06, 0x00, 0x00, 0x00, 0x00, 0x00, 0x10, 0x01, 0xC0, 0x1D, 0x00, 0xDC, 0x05, 0xE0, 0x0E,
    0x00, 0x70, 0x01, 0xE0, 0x03, 0xCC, 0x03, 0xB0, 0x06, 0xC0, 0x1B, 0x81, 0xEF, 0xFF, 0x1F, 0xF0,
    0x00, 0x00, 0x00, 0x10, 0x01, 0xC0, 0x1D, 0x00, 0xDC, 0x05, 0xE0, 0x1F, 0xC0, 0x66, 0x01, 0xE0,
    0x01, 0xCC, 0x03, 0xB0, 0x06, 0xC0, 0x1B, 0x81, 0xEF, 0xFF, 0x1F, 0xF0, 0x00, 0x00, 0x1B, 0x10,
    0x6C, 0xC0, 0x0E, 0x00, 0xEC, 0x06, 0xF0, 0x0F, 0x00, 0x70, 0x01, 0xC0, 0x03, 0xCC, 0x03, 0xB0,
    0x06, 0xC0, 0x1B, 0x81, 0xEF, 0xFF, 0x1F, 0xF0, 0x00, 0x00, 0x00, 0x10, 0x01, 0xC0, 0x1D, 0x00,
    0xDC, 0x05, 0xE0, 0x1E, 0x00, 0x60, 0x01, 0xC0, 0x03, 0xCC, 0x03, 0xB0, 0x06, 0xC0, 0x1B, 0x81,
    0xEF, 0xFF, 0x1F, 0xF0, 0x00, 0x00, 0x3C, 0x00, 0xF0, 0x00, 0x00, 0x00, 0x00, 0x00, 0x10, 0x01,
    0xC0, 0x1D, 0x00, 0xDC, 0x05, 0xE0, 0x0E, 0x00, 0x70, 0x01, 0xE0, 0x03, 0xCC, 0x03, 0xB0, 0x06,
    0xC0, 0x1B, 0x81, 0xEF, 0xFF, 0x1F, 0xF0, 0x00, 0x00, 0x18, 0x00, 0x60, 0x00, 0x00, 0x06, 0x00,
    0x18, 0x00, 0x00, 0x00, 0x06, 0x00, 0x18, 0x01, 0xB1, 0x06, 0xDC, 0x01, 0xD0, 0x0D, 0xC0, 0x6F,
    0x00, 0xF0, 0x07, 0x00, 0x1E, 0x00, 0x3C, 0xC0, 0x3B, 0x00, 0x6C, 0x01, 0xB8, 0x1E, 0xFF, 0xF1,
    0xFF, 0x00, 0x01, 0x40, 0x38, 0x03, 0x00, 0x00, 0x0C, 0x01, 0x80, 0x30, 0x06, 0x00, 0xC0, 0x18,
    0x03, 0x00, 0x60, 0x0D, 0x81, 0xB0, 0x36, 0x06, 0xC0, 0xDC, 0x31, 0xFE, 0x1F, 0x00, 0x00, 0xC0,
    0x30, 0x00, 0x03, 0x00, 0xC0, 0x30, 0x0C, 0x03, 0x00, 0xC0, 0x30, 0x0C, 0x03, 0x40, 0xF0, 0x3C,
    0x0F, 0x03, 0xC0, 0xF8, 0x67, 0xF8, 0xF8, 0x00, 0xC0, 0x18, 0x0D, 0x81, 0xB0, 0x00, 0x01, 0x80,
    0x30, 0x06, 0x00, 0xC0, 0x18, 0x03, 0x00, 0x60, 0x0C, 0x01, 0x90, 0x36, 0x06, 0xC0, 0xD8, 0x1B,
    0x03, 0x70, 0xC7, 0xF8, 0x7C, 0x00, 0x00, 0x00, 0x30, 0x0C, 0x03, 0x00, 0xC0, 0x30, 0x0C, 0x03,
    0x00, 0xD0, 0x3C, 0x0F, 0x03, 0xC0, 0xF0, 0x3E, 0x19, 0xFE, 0x3F, 0x00, 0x00, 0x00, 0xD8, 0x36,
    0x03, 0x00, 0xC0, 0x00, 0x03, 0x00, 0xC0, 0x02, 0x01, 0xD0, 0x3C, 0x0F, 0x03, 0xC0, 0xF0, 0x3E,
    0x1D, 0xFE, 0x3F, 0x00, 0x00, 0xC0, 0x30, 0x00, 0x80, 0x74, 0x0F, 0x03, 0xC0, 0xF0, 0x3C, 0x0F,
    0x87, 0x7F, 0x8F, 0xC0, 0x10, 0x07, 0x01, 0x60, 0xF0, 0x00, 0x80, 0x74, 0x0F, 0x03, 0xC0, 0xF0,
    0x3C, 0x0F, 0x87, 0x7F, 0x8F, 0xC0, 0x0C, 0x03, 0x00, 0x08, 0x07, 0x40, 0xF0, 0x3C, 0x0F, 0x03,
    0xC0, 0xF8, 0x77, 0xF8, 0xFC, 0x14, 0x07, 0x00, 0x00, 0x03, 0x00, 0xC0, 0xD8, 0x36, 0x00, 0x20,
    0x1D, 0x03, 0xC0, 0xF0, 0x3C, 0x0F, 0x03, 0xE1, 0xDF, 0xE3, 0xF0, 0x08, 0x03, 0x80, 0x7C, 0x1F,
    0xC3, 0x3C, 0x67, 0xCC, 0xD8, 0xF3, 0xFF, 0xEF, 0xF8, 0x00, 0x01, 0x80, 0x18, 0x00, 0x00, 0x3C,
    0x07, 0xF0, 0x03, 0xC0, 0x7E, 0x1F, 0xC3, 0x80, 0x30, 0x06, 0xD8, 0x6D, 0x86, 0x60, 0x66, 0x07,
    0x82, 0x3F, 0xE0, 0xFC, 0x38, 0x40, 0xE1, 0x80, 0x07, 0x1F, 0x37, 0xC7, 0x8F, 0x1F, 0x77, 0xCF,
    0x00, 0x10, 0x71, 0xF3, 0x7C, 0x78, 0xF1, 0xF7, 0x7C, 0xF0, 0x38, 0x40, 0xE1, 0x80, 0x07, 0x1F,
    0x37, 0xC7, 0x8F, 0x1F, 0x77, 0xCF, 0x00, 0x6C, 0xD8, 0x00, 0x03, 0x8F, 0x9B, 0xE3, 0xC7, 0x8F,
    0xBB, 0xE7, 0x80, 0x1C, 0x3E, 0x66, 0x63, 0x63, 0x7F, 0x3F, 0x76, 0x5E, 0x7C, 0x70, 0x00, 0x1C,
    0x3E, 0x66, 0x63, 0x63, 0x7F, 0x3F, 0x06, 0x7E, 0x3C, 0x78, 0x60, 0x00, 0x14, 0x18, 0x08, 0x1C,
    0x3E, 0x66, 0x63, 0x63, 0x7F, 0x3F, 0x06, 0x0E, 0x7C, 0x78, 0x40, 0x1C, 0x1C, 0x18, 0x10, 0x1C,
    0x3E, 0x66, 0x63, 0x63, 0x7F, 0x3F, 0x06, 0x0E, 0x7C, 0x78, 0x40, 0x08, 0x18, 0x18, 0x08, 0x1C,
    0x3E, 0x66, 0x63, 0x63, 0x7F, 0x3F, 0x06, 0x0E, 0x7C, 0x78, 0x40, 0x08, 0x1C, 0x14, 0x00, 0x1C,
    0x3E, 0x66, 0x63, 0x63, 0x7F, 0x3F, 0x06, 0x0E, 0x7C, 0x78, 0x40, 0x00, 0x36, 0x36, 0x00, 0x1C,
    0x3E, 0x66, 0x63, 0x63, 0x7F, 0x3F, 0x06, 0x0E, 0x7C, 0x78, 0x40, 0x18, 0x18, 0x36, 0x36, 0x00,
    0x1C, 0x3E, 0x66, 0x63, 0x63, 0x7F, 0x3F, 0x06, 0x0E, 0x7C, 0x78, 0x40, 0x00, 0x00, 0x1E, 0x03,
    0xF0, 0x72, 0x06, 0x0C, 0x78, 0xC3, 0xEC, 0x07, 0xC0, 0x3E, 0x0E, 0x7F, 0xE3, 0xF8, 0x00, 0x00,
    0x00, 0x00, 0x01, 0xE0, 0x0F, 0xC0, 0x72, 0x01, 0x81, 0xC7, 0x8F, 0x0F, 0x8C, 0x07, 0x30, 0x0C,
    0xE0, 0xE1, 0xFF, 0x83, 0xF8, 0x00, 0x00, 0x00, 0x0A, 0x1E, 0xE3, 0xF4, 0x72, 0x06, 0x0C, 0x78,
    0xC3, 0xEC, 0x07, 0xC0, 0x3E, 0x0E, 0x7F, 0xE3, 0xF8, 0x00, 0x00, 0x18, 0x18, 0x00, 0x1C, 0x3E,
    0x66, 0x63, 0x63, 0x7F, 0x3F, 0x06, 0x0E, 0x7C, 0x78, 0x40, 0x00, 0x00, 0x1E, 0x03, 0xF0, 0x72,
    0x06, 0x0C, 0x78, 0xC3, 0xEC, 0x07, 0xC0, 0x3E, 0x0E, 0x7F, 0xE3, 0xF8, 0x00, 0x00, 0xC0, 0x0C,
    0x00, 0xC0, 0x0C, 0x00, 0x00, 0x00, 0x00, 0x1E, 0x03, 0xF0, 0x72, 0x06, 0x0C, 0x78, 0xC3, 0xEC,
    0x07, 0xC0, 0x3E, 0x0E, 0x7F, 0xE3, 0xF8, 0x00, 0x01, 0xB0, 0x1B, 0x00, 0xC0, 0x0C, 0x00, 0x00,
    0x01, 0x00, 0x00, 0xE0, 0x00, 0x70, 0x00, 0x78, 0x00, 0x7C, 0x00, 0x38, 0x00, 0x0C, 0x00, 0x03,
    0xFF, 0xFF, 0x7F, 0xFF, 0xC0, 0x1C, 0x00, 0x04, 0x00, 0x01, 0xC0, 0x00, 0x60, 0x00, 0x01, 0x00,
    0x00, 0xE0, 0x00, 0x70, 0x00, 0x78, 0x00, 0x7C, 0x00, 0x38, 0x00, 0x0C, 0x00, 0x03, 0xFF, 0xFF,
    0x7F, 0xFF, 0xC0, 0x03, 0xDE, 0x10, 0x71, 0xF3, 0x7C, 0x78, 0xF1, 0xF7, 0x7C, 0xF0, 0x30, 0x38,
    0x28, 0x00, 0x18, 0x1C, 0x0E, 0x06, 0x07, 0x03, 0x07, 0x7E, 0x7C, 0x27, 0x60, 0x59, 0xB6, 0xDB,
    0x6D, 0x80, 0xC3, 0x8D, 0x9B, 0x37, 0xCF, 0x98, 0x30, 0x60, 0xC1, 0x80, 0x48, 0xE6, 0xDB, 0x6D,
    0xB7, 0xFB, 0xF9, 0x80, 0xC0, 0x60, 0x30, 0x18, 0x00, 0xCF, 0x6F, 0x9E, 0x0D, 0x07, 0xF3, 0xF9,
    0x80, 0xC0, 0x60, 0x30, 0x18, 0x00, 0x00, 0x18, 0x3C, 0x7C, 0x66, 0xC6, 0xC3, 0xC3, 0xDB, 0xDB,
    0xFE, 0x7E, 0x00, 0x3C, 0x7E, 0x64, 0x60, 0x76, 0x3E, 0x1C, 0x18, 0x30, 0x70, 0x60, 0x00, 0xC1,
    0xF1, 0xD8, 0xCC, 0x66, 0x31, 0xB0, 0xD8, 0x6C, 0x1C, 0x0E, 0x07, 0x00, 0x1C, 0x0E, 0x07, 0x06,
    0xC3, 0x61, 0xB1, 0x8C, 0xC6, 0x63, 0x71, 0xF0, 0x60, 0x00, 0x78, 0xFC, 0xCE, 0xC6, 0xFE, 0x3E,
    0x06, 0x06, 0x06, 0x06, 0x02, 0x00, 0x00, 0x00, 0x00, 0xC0, 0x00, 0x18, 0x00, 0x0D, 0x80, 0x01,
    0xB0, 0x00, 0x00, 0xC0, 0x01, 0x98, 0x0C, 0x33, 0x01, 0xC6, 0x78, 0x19, 0xCF, 0x03, 0xFF, 0xE0,
    0x7D, 0xEC, 0x0C, 0x01, 0xC3, 0x80, 0x1F, 0xE1, 0x81, 0xF8, 0x30, 0x00, 0x00, 0x00, 0x00, 0x00,
    0xC0, 0x00, 0x06, 0x00, 0x00, 0x00, 0x00, 0x03, 0xC0, 0x00, 0x7F, 0x00, 0x43, 0x9C, 0x06, 0x30,
    0x60, 0x3B, 0x03, 0xC0, 0xD8, 0x3E, 0x07, 0xFF, 0xB0, 0x3F, 0xF9, 0x81, 0x80, 0x0E, 0x1C, 0x00,
    0x3F, 0xC3, 0x00, 0xFC, 0x18, 0x00, 0x00, 0x00, 0x18, 0x0C, 0x00, 0x07, 0x87, 0xC3, 0x01, 0x80,
    0xC0, 0x3E, 0x1F, 0x1C, 0x18, 0x0C, 0xC6, 0x63, 0x01, 0xC2, 0x7F, 0x9F, 0x80, 0x3E, 0x7E, 0x60,
    0x60, 0x30, 0xFE, 0xFE, 0x00, 0x6C, 0x6C, 0x6C, 0x00, 0x07, 0x03, 0xE1, 0xDC, 0x63, 0x78, 0xFF,
    0x7D, 0xFB, 0x1E, 0xC0, 0x36, 0xCD, 0xB3, 0x6C, 0xC0, 0x10, 0x00, 0x01, 0x00, 0x70, 0x1A, 0x04,
    0x01, 0xC0, 0x3E, 0x0F, 0xE1, 0x9E, 0x33, 0xE6, 0x6C, 0x79, 0xFF, 0xF7, 0xFC, 0x00, 0x1B, 0x00,
    0x03, 0x60, 0x00, 0x6C, 0x00, 0x0D, 0x80, 0x00, 0x06, 0x01, 0x0C, 0xC0, 0x61, 0x98, 0x0E, 0x33,
    0xC0, 0xCE, 0x78, 0x1F, 0xFF, 0x03, 0xEF, 0x60, 0x60, 0x0E, 0x1C, 0x00, 0xFF, 0x00, 0x0F, 0xC0,
    0x00, 0x00, 0x00, 0x7C, 0x7E, 0x06, 0x06, 0x7E, 0xFE, 0xC6, 0xFF, 0x7B, 0x00, 0x18, 0x18, 0x18,
    0x06, 0x01, 0xE0, 0x0C, 0x03, 0x80, 0x40, 0x00, 0x03, 0xC0, 0x78, 0x1F, 0x03, 0x70, 0x6E, 0x1C,
    0xC3, 0x1C, 0x7F, 0x9F, 0xF3, 0x86, 0x60, 0xE0, 0x18, 0x3C, 0x0C, 0x18, 0x18, 0x00, 0x7C, 0x7E,
    0x06, 0x7E, 0xFE, 0xE6, 0xC6, 0xFF, 0x7B, 0x01, 0x01, 0xC0, 0xC3, 0x47, 0xC3, 0x30, 0x00, 0xF8,
    0x7E, 0x03, 0x1F, 0x9F, 0xCE, 0x66, 0x33, 0xFC, 0xF6, 0x00, 0x0C, 0x00, 0xC0, 0x0B, 0x00, 0xF0,
    0x33, 0x00, 0x00, 0x78, 0x0F, 0x01, 0xE0, 0x6C, 0x0D, 0xC1, 0x98, 0x73, 0x0F, 0xF1, 0xFE, 0x70,
    0xCC, 0x1C, 0x00, 0x18, 0x03, 0x00, 0x78, 0x1F, 0x06, 0x60, 0x00, 0x7C, 0x1F, 0x80, 0x61, 0xF8,
    0xFE, 0x39, 0x8C, 0x63, 0xFC, 0x7B, 0x03, 0x80, 0x78, 0x03, 0x06, 0xC1, 0xF0, 0x7E, 0x00, 0x00,
    0xF0, 0x1E, 0x03, 0xC0, 0xFC, 0x19, 0x83, 0x30, 0xE7, 0x1F, 0xE3, 0xFC, 0xE1, 0xDC, 0x38, 0x07,
    0x03, 0x80, 0xE0, 0xE1, 0xA3, 0xE1, 0x98, 0x00, 0x7C, 0x3F, 0x01, 0x8F, 0xCF, 0xE7, 0x33, 0x19,
    0xFE, 0x7B, 0x00, 0x20, 0x7E, 0x4C, 0x18, 0x3C, 0x66, 0x00, 0x7C, 0x7E, 0x06, 0x7E, 0xFE, 0xE6,
    0xC6, 0xFF, 0x7B, 0x0C, 0x07, 0x81, 0x30, 0x00, 0x0E, 0x07, 0x81, 0xE0, 0x7C, 0x3B, 0x0C, 0xC3,
    0x31, 0xFE, 0x7F, 0x98, 0x6E, 0x1C, 0x00, 0x0C, 0x03, 0x00, 0xC0, 0x18, 0x7C, 0x44, 0x00, 0x7C,
    0x7E, 0x06, 0x06, 0x7E, 0xFE, 0xC6, 0xFF, 0x7B, 0x00, 0x18, 0x18, 0x18, 0x01, 0x00, 0x60, 0x18,
    0x0C, 0x81, 0xF0, 0x1E, 0x00, 0x00, 0x78, 0x0F, 0x01, 0xE0, 0x6C, 0x0D, 0xC1, 0x98, 0x73, 0x0F,
    0xF1, 0xFE, 0x70, 0xCC, 0x1C, 0x00, 0x0C, 0x0C, 0x18, 0x66, 0x3C, 0x18, 0x7C, 0x7E, 0x06, 0x7E,
    0xFE, 0xE6, 0xC6, 0xFF, 0x7B, 0x00, 0x20, 0x30, 0x10, 0x66, 0x3C, 0x18, 0x7C, 0x7E, 0x06, 0x7E,
    0xFE, 0xE6, 0xC6, 0xFF, 0x7B, 0x30, 0x7E, 0x0C, 0x04, 0x66, 0x3C, 0x18, 0x7C, 0x7E, 0x06, 0x7E,
    0xFE, 0xE6, 0xC6, 0xFF, 0x7B, 0x00, 0x66, 0x3C, 0x18, 0x7C, 0x7E, 0x06, 0x06, 0x7E, 0xFE, 0xC6,
    0xFF, 0x7B, 0x00, 0x18, 0x18, 0x18, 0x3C, 0x3F, 0x38, 0xD8, 0x6F, 0xF7, 0xFB, 0x80, 0xFE, 0x3E,
    0x00, 0x06, 0x03, 0x01, 0x80, 0x18, 0x3C, 0x0C, 0x1C, 0x18, 0x00, 0x3C, 0x7E, 0xE7, 0xFF, 0xFF,
    0xC0, 0xE0, 0x7E, 0x3E, 0x10, 0x7E, 0x0C, 0x00, 0x00, 0x3C, 0x7E, 0xE7, 0xFF, 0xFF, 0xC0, 0xE0,
    0x7E, 0x3E, 0x00, 0x00, 0x60, 0x30, 0x68, 0x3C, 0x19, 0x80, 0x00, 0xF0, 0x7E, 0x39, 0xCF, 0xF3,
    0xFC, 0xC0, 0x38, 0x07, 0xE0, 0xF8, 0x40, 0x30, 0x18, 0x05, 0xC1, 0xF1, 0xD8, 0x00, 0x7F, 0x3F,
    0x98, 0x0C, 0x07, 0xE3, 0xF1, 0x80, 0xC0, 0x60, 0x3F, 0x9F, 0xC0, 0x00, 0x60, 0x18, 0x05, 0x81,
    0xE1, 0x98, 0x00, 0x3C, 0x3F, 0x39, 0xDF, 0xEF, 0xF6, 0x03, 0x80, 0xFC, 0x3E, 0x03, 0x03, 0x80,
    0x60, 0x61, 0xA1, 0xE1, 0x98, 0x00, 0x3C, 0x3F, 0x39, 0xDF, 0xEF, 0xF6, 0x03, 0x80, 0xFC, 0x3E,
    0x00, 0x18, 0x3F, 0x10, 0x80, 0x03, 0xC3, 0xF3, 0x8D, 0x86, 0xFF, 0x7F, 0xB8, 0x0F, 0xE3, 0xE0,
    0x00, 0x60, 0x30, 0x18, 0x00, 0x77, 0x36, 0x06, 0x66, 0x66, 0x66, 0x66, 0x1B, 0x01, 0xB6, 0xDB,
    0x6D, 0x86, 0xD8, 0x3F, 0x1F, 0xE6, 0x1B, 0x87, 0xC0, 0xF0, 0x3C, 0x0F, 0x87, 0x61, 0x9F, 0xE3,
    0xF0, 0x00, 0x0C, 0x03, 0x00, 0xC0, 0x3C, 0x3F, 0x39, 0xD8, 0x6C, 0x36, 0x1B, 0x9C, 0xFC, 0x3C,
    0x00, 0x06, 0x03, 0x01, 0x80, 0x18, 0x0E, 0x03, 0x03, 0x81, 0x80, 0x00, 0xF0, 0xFC, 0xE7, 0x61,
    0xB0, 0xD8, 0x6E, 0x73, 0xF0, 0xF0, 0x00, 0x80, 0x30, 0x18, 0x34, 0x1E, 0x0D, 0xC0, 0x00, 0xFC,
    0x7F, 0x98, 0x6E, 0x1F, 0x03, 0xC0, 0xF0, 0x3E, 0x1D, 0x86, 0x7F, 0x8F, 0xC0, 0x00, 0x00, 0xC0,
    0xC3, 0x43, 0xC3, 0x30, 0x00, 0x78, 0x7E, 0x73, 0xB0, 0xD8, 0x6C, 0x37, 0x39, 0xF8, 0x78, 0x00,
    0x30, 0x06, 0x00, 0xB0, 0x1E, 0x0D, 0xC0, 0x00, 0xFC, 0x7F, 0x98, 0x6E, 0x1F, 0x03, 0xC0, 0xF0,
    0x3E, 0x1D, 0x86, 0x7F, 0x8F, 0xC0, 0x40, 0x30, 0x06, 0x00, 0xB0, 0x1E, 0x0C, 0xC0, 0x00, 0x78,
    0x3F, 0x1C, 0xE6, 0x19, 0x86, 0x61, 0x9C, 0xE3, 0xF0, 0x78, 0x03, 0x03, 0x80, 0x60, 0x61, 0xA1,
    0xE1, 0x98, 0x00, 0x3C, 0x3F, 0x39, 0xD8, 0x6C, 0x36, 0x1B, 0x9C, 0xFC, 0x3C, 0x00, 0x30, 0x3F,
    0x1B, 0x03, 0x03, 0xC3, 0x30, 0x00, 0x78, 0x7E, 0x73, 0xB0, 0xD8, 0x6C, 0x37, 0x39, 0xF8, 0x78,
    0x0C, 0x07, 0x83, 0x30, 0x00, 0x3F, 0x1F, 0xE6, 0x1B, 0x87, 0xC0, 0xF0, 0x3C, 0x0F, 0x87, 0x61,
    0x9F, 0xE3, 0xF0, 0x00, 0x0C, 0x03, 0x00, 0xC0, 0x18, 0x1F, 0x08, 0x80, 0x03, 0xC3, 0xF3, 0x9D,
    0x86, 0xC3, 0x61, 0xB9, 0xCF, 0xC3, 0xC0, 0x00, 0x60, 0x30, 0x18, 0x00, 0x00, 0x07, 0x03, 0x80,
    0x00, 0x00, 0xCF, 0x37, 0xFB, 0x9C, 0xC3, 0x30, 0xCC, 0x33, 0x9C, 0x7E, 0x0F, 0x00, 0x00, 0x0E,
    0x01, 0xC0, 0x10, 0x00, 0xCF, 0x37, 0xFB, 0x9C, 0xC3, 0x30, 0xCC, 0x33, 0x9C, 0x7E, 0x0F, 0x00,
    0x0E, 0x01, 0xC0, 0x18, 0x07, 0x00, 0xC0, 0x00, 0xCF, 0xDB, 0xFE, 0x61, 0x9C, 0x3B, 0x03, 0x60,
    0x6C, 0x0D, 0xC3, 0x98, 0x63, 0xFC, 0x3F, 0x00, 0x18, 0x07, 0x00, 0xC0, 0x70, 0x18, 0x00, 0x33,
    0xCD, 0xFE, 0xE7, 0x30, 0xCC, 0x33, 0x0C, 0xE7, 0x1F, 0x83, 0xC0, 0x10, 0x1F, 0x82, 0xC0, 0x00,
    0x00, 0xCF, 0x37, 0xFB, 0x9C, 0xC3, 0x30, 0xCC, 0x33, 0x9C, 0x7E, 0x0F, 0x00, 0x00, 0x00, 0x33,
    0xCD, 0xFE, 0xE7, 0x30, 0xCC, 0x33, 0x0C, 0xE7, 0x1F, 0x83, 0xC0, 0x00, 0x18, 0x06, 0x01, 0x80,
    0xC6, 0xC6, 0xC6, 0xC6, 0xC6, 0xC6, 0xC6, 0xFE, 0x76, 0x00, 0x18, 0x18, 0x18, 0x1C, 0x0F, 0x01,
    0x81, 0x80, 0x80, 0x03, 0x0D, 0x86, 0xC3, 0x61, 0xB0, 0xD8, 0x6C, 0x36, 0x1B, 0x8C, 0xFE, 0x3E,
    0x00, 0x18, 0x3C, 0x0C, 0x18, 0x10, 0x00, 0xC6, 0xC6, 0xC6, 0xC6, 0xC6, 0xC6, 0xC6, 0xFE, 0x76,
    0x08, 0x07, 0x03, 0x00, 0x00, 0x00, 0xF1, 0xFC, 0x7B, 0x18, 0xC6, 0x31, 0x8C, 0x63, 0x18, 0xFE,
    0x1D, 0x80, 0x20, 0x0E, 0x01, 0xC0, 0x00, 0x00, 0xF1, 0xFC, 0x7B, 0x18, 0xC6, 0x31, 0x8C, 0x63,
    0x18, 0xFE, 0x1D, 0x80, 0x18, 0x0F, 0x00, 0xC0, 0x60, 0x10, 0x00, 0x3C, 0x7F, 0x1E, 0xC6, 0x31,
    0x8C, 0x63, 0x18, 0xC6, 0x3F, 0x87, 0x60, 0x20, 0x1F, 0x04, 0x80, 0x02, 0x00, 0xF1, 0xFC, 0x7B,
    0x18, 0xC6, 0x31, 0x8C, 0x63, 0x18, 0xFE, 0x1D, 0x80, 0x00, 0x00, 0x3C, 0x7F, 0x1E, 0xC6, 0x31,
    0x8C, 0x63, 0x18, 0xC6, 0x3F, 0x87, 0x60, 0x00, 0x18, 0x06, 0x01, 0x80, 0xFF, 0xFE, 0x09, 0x24,
    0x92, 0x49, 0x24, 0x92, 0x03, 0xC9, 0x24, 0x92, 0x49, 0x24, 0x90, 0x03, 0x92, 0x49, 0x24, 0x92,
    0x49, 0x24, 0xFF, 0xFF, 0xFF, 0xFF, 0xFF, 0x4B, 0x6C, 0x66, 0x66, 0x40, 0x49, 0x2D, 0xB6, 0xD8,
    0x6C, 0xD9, 0xB3, 0x64, 0x80, 0x6C, 0xD9, 0xB3, 0x64, 0x80, 0xCC, 0xD9, 0x9B, 0x33, 0x00, 0x73,
    0x8C, 0x63, 0x18, 0x04, 0x4B, 0x80, 0x77, 0x3B, 0x8C, 0xC6, 0x63, 0x31, 0x98, 0x00, 0x7E, 0x61,
    0x9C, 0x63, 0x18, 0xC6, 0x39, 0x86, 0xE1, 0xF1, 0xFC, 0x7C, 0x00, 0x70, 0x06, 0x3C, 0x06, 0x1E,
    0x06, 0x3F, 0x06, 0x33, 0xCC, 0x60, 0xFC, 0x60, 0x78, 0x60, 0x3C, 0x60, 0x0E, 0xFF, 0xFF, 0xFF,
    0xF0, 0x03, 0x00, 0x0C, 0x00, 0x30, 0x00, 0xC0, 0x03, 0x00, 0x0C, 0x00, 0x30, 0xFF, 0xFB, 0xFF,
    0xF0, 0x00, 0xF0, 0x03, 0xC0, 0x0F, 0x00, 0x3C, 0x00, 0xF0, 0x03, 0xC0, 0x0C, 0x7F, 0xF8, 0xFF,
    0xF8, 0x00, 0x70, 0x00, 0x60, 0x00, 0xC0, 0x01, 0x80, 0x07, 0x3F, 0xFC, 0x7F, 0xF8, 0xC0, 0x06,
    0x00, 0x30, 0x01, 0xFF, 0xEF, 0xFF, 0x80, 0x1C, 0x00, 0x60, 0x03, 0x00, 0x38, 0x01, 0x80, 0x1C,
    0x00, 0xC0, 0x00, 0x00, 0xFF, 0xFD, 0xFF, 0xFD, 0x80, 0x1B, 0x00, 0x36, 0x00, 0x6C, 0x00, 0xD8,
    0x01, 0xBF, 0xFF, 0x7F, 0xFE, 0xFF, 0xF3, 0xFF, 0xE0, 0x01, 0x80, 0x06, 0x00, 0x18, 0x00, 0x60,
    0x01, 0x80, 0x06, 0x00, 0x18, 0x7F, 0xFE, 0x7F, 0xFF, 0x30, 0x03, 0x30, 0x03, 0x30, 0x03, 0x30,
    0x03, 0x30, 0x03, 0x70, 0x03, 0x70, 0x03, 0x0C, 0x06, 0x03, 0x01, 0x8F, 0xFF, 0xFC, 0x00, 0x20,
    0x00, 0xE6, 0x66, 0x66, 0x66, 0x66, 0x66, 0x7C, 0xE7, 0x8E, 0x71, 0xC7, 0xF8, 0x3F, 0x00, 0x40,
    0x00, 0x00, 0xE6, 0x66, 0x66, 0x66, 0x66, 0x66, 0x7C, 0xE7, 0x8E, 0x71, 0xC7, 0xF8, 0x3F, 0x00,
    0x00, 0x20, 0x00, 0xE6, 0x66, 0x66, 0x66, 0x66, 0x66, 0x6D, 0xE7, 0x8E, 0x71, 0xC7, 0xF8, 0x3F,
    0x00, 0x40, 0x00, 0x00, 0xE6, 0x66, 0x66, 0x66, 0x66, 0x66, 0x6D, 0xE7, 0x8E, 0x71, 0xC7, 0xF8,
    0x3F, 0x00, 0x61, 0x8C, 0x63, 0x98, 0xF6, 0x7F, 0x99, 0xC6, 0x71, 0x8E, 0x61, 0x80, 0x01, 0xE0,
    0x61, 0x8C, 0x63, 0x98, 0xF6, 0x7F, 0x99, 0xC6, 0x71, 0x8E, 0x61, 0x80, 0x00, 0xE0, 0x10, 0x04,
    0x00, 0x61, 0x9C, 0x63, 0x98, 0xF6, 0x7F, 0x9B, 0xC6, 0x71, 0xAC, 0x61, 0x80, 0xFC, 0xFE, 0x06,
    0x06, 0x16, 0x06, 0x06, 0xFF, 0xFF, 0x78, 0xF8, 0x31, 0x60, 0xC3, 0x9F, 0x36, 0x4C, 0xFF, 0xFF,
    0x0C, 0x0C, 0x2C, 0x0C, 0x0C, 0x0C, 0x0C, 0xFE, 0xFF, 0x03, 0xDB, 0xC3, 0xC3, 0xC3, 0xC3, 0xC3,
    0x73, 0x8C, 0x6F, 0x18, 0xC6, 0x30, 0xFF, 0xE3, 0x0C, 0xB0, 0xC3, 0x0C, 0x30, 0xEF, 0x1B, 0xE6,
    0x19, 0x86, 0x65, 0x98, 0x66, 0x39, 0xFC, 0x7E, 0x00, 0x73, 0x8D, 0x63, 0x18, 0xFC, 0xFE, 0x06,
    0x06, 0x26, 0x06, 0x06, 0x06, 0x06, 0x06, 0x06, 0x06, 0x06, 0xFC, 0xFE, 0x0E, 0x06, 0x26, 0x06,
    0x0E, 0x7E, 0xFC, 0xC0, 0xC0, 0xC0, 0xFC, 0xFE, 0x06, 0x06, 0x26, 0x06, 0x0E, 0x1C, 0x18, 0x00,
    0x6F, 0x1F, 0xE7, 0x39, 0x86, 0x69, 0xB8, 0x6E, 0x1B, 0xBE, 0xEF, 0x80, 0x71, 0xE1, 0x86, 0x58,
    0x61, 0x9E, 0xF8, 0xFE, 0x7F, 0xB0, 0xF9, 0x3C, 0x1E, 0x0F, 0x8E, 0xFE, 0x3E, 0x00, 0x3E, 0x3F,
    0xB8, 0xF8, 0x3E, 0x5B, 0x8C, 0xC6, 0x03, 0x01, 0x80, 0xC0, 0x60, 0x30, 0x18, 0x3C, 0x7F, 0x39,
    0xD8, 0x6E, 0xB3, 0x18, 0x1C, 0xFC, 0x7C, 0x00, 0x71, 0x8E, 0x61, 0x98, 0x76, 0x0F, 0x09, 0xC0,
    0x31, 0xFE, 0x7F, 0x80, 0xFE, 0x7F, 0x80, 0xD8, 0x6C, 0xB6, 0x1B, 0x1D, 0x9C, 0xCC, 0x60, 0x30,
    0x18, 0x0C, 0x00, 0xFC, 0xFE, 0x06, 0x06, 0x36, 0x06, 0x06, 0x06, 0x06, 0xE6, 0x66, 0x66, 0x66,
    0x66, 0x66, 0x6D, 0xE7, 0x8E, 0x71, 0xC7, 0xF8, 0x3F, 0x00, 0x7F, 0x9F, 0xF3, 0x0C, 0xC3, 0x34,
    0xCC, 0x33, 0x0D, 0xC3, 0x70, 0xC0, 0x20, 0x1C, 0xE3, 0x18, 0xC6, 0x31, 0x8C, 0x3C, 0x00, 0xFC,
    0xFE, 0x06, 0x06, 0x06, 0x06, 0x06, 0xFF, 0xFF, 0x78, 0x00, 0xFC, 0xFE, 0x0E, 0x06, 0x06, 0x06,
    0x0E, 0x7E, 0xFC, 0x3C, 0x00, 0x0F, 0x1F, 0xCE, 0x76, 0x1B, 0x8C, 0xC6, 0x07, 0x3F, 0x1F, 0x00,
    0xC0, 0x60, 0x30, 0x18, 0x0E, 0x33, 0x19, 0xCC, 0x76, 0x1F, 0x07, 0x03, 0x80, 0xE0, 0x30, 0x18,
    0xA7, 0x80, 0x30, 0xC3, 0x0C, 0x30, 0xC3, 0x0C, 0x30, 0xE1, 0x80, 0x40, 0x08, 0xC0, 0x18, 0xC0,
    0x18, 0xE0, 0x7C, 0xFF, 0xFF, 0x7F, 0xC7, 0x00, 0x00, 0x06, 0x00, 0x06, 0x00, 0x00, 0x00, 0x06,
    0x00, 0x06, 0x00, 0x31, 0x86, 0x31, 0xFF, 0xC0, 0x31, 0x80, 0x63, 0x00, 0x10, 0x30, 0x60, 0xC7,
    0xED, 0xC0, 0x0C, 0x18, 0x00, 0x60, 0xC0, 0x40, 0x08, 0xC0, 0x18, 0xC0, 0x18, 0xE0, 0x7C, 0xFF,
    0xFF, 0x7F, 0xC7, 0x00, 0x00, 0x1B, 0x00, 0x1B, 0x00, 0x00, 0x00, 0x06, 0x00, 0x06, 0x00, 0x00,
    0x00, 0x10, 0x61, 0x86, 0x19, 0xE7, 0x00, 0x6D, 0xB0, 0x0C, 0x30, 0x00, 0x10, 0x60, 0xC1, 0xCF,
    0xFD, 0x80, 0x36, 0x6C, 0x00, 0xC1, 0x80, 0x40, 0x08, 0xC0, 0x18, 0xC0, 0x18, 0xE0, 0x7C, 0xFF,
    0xFF, 0x7F, 0xC7, 0x00, 0x00, 0x1B, 0x00, 0x1B, 0x00, 0x00, 0x00, 0x1B, 0x00, 0x1B, 0x00, 0x00,
    0x00, 0x10, 0xC6, 0x31, 0xBF, 0xC0, 0x7B, 0xC0, 0xF7, 0x80, 0x10, 0xC3, 0x0E, 0xFF, 0xB0, 0x1E,
    0x78, 0x07, 0x9E, 0x00, 0x03, 0x00, 0x03, 0x00, 0x00, 0x00, 0x03, 0x00, 0x03, 0x00, 0xC0, 0x18,
    0xC0, 0x18, 0xC0, 0x18, 0xE0, 0x7C, 0xFF, 0xFF, 0x7F, 0xC7, 0x01, 0x8C, 0x63, 0x00, 0x63, 0x18,
    0xC6, 0xF7, 0x00, 0x00, 0x30, 0x60, 0xC1, 0x80, 0x06, 0x0C, 0x18, 0x31, 0xFB, 0x70, 0x00, 0x00,
    0x07, 0x80, 0x07, 0x80, 0x07, 0x80, 0x07, 0x80, 0xC0, 0x18, 0xC0, 0x18, 0xC0, 0x18, 0xE0, 0x7C,
    0xFF, 0xFF, 0x7F, 0xC7, 0x03, 0xDE, 0xF7, 0x80, 0x63, 0x18, 0xC6, 0xF7, 0x00, 0x3C, 0x78, 0xF1,
    0xE0, 0x03, 0x06, 0x0C, 0x1C, 0xFD, 0xF8, 0x02, 0x00, 0x03, 0x80, 0x02, 0x80, 0x07, 0x80, 0x40,
    0x08, 0xC0, 0x18, 0xC0, 0x18, 0xE0, 0x7C, 0xFF, 0xFF, 0x7F, 0xC7, 0x43, 0x97, 0xE0, 0x18, 0xE3,
    0x18, 0xFF, 0xE0, 0x20, 0x70, 0xD3, 0xC0, 0x03, 0x06, 0x0C, 0x19, 0xFF, 0xB8, 0x00, 0x00, 0x00,
    0x18, 0x00, 0x0C, 0x00, 0x00, 0x00, 0x06, 0xC0, 0x03, 0x60, 0x00, 0x00, 0x00, 0xF0, 0x00, 0xFC,
    0x00, 0x67, 0x30, 0x31, 0x98, 0x18, 0xCE, 0x07, 0xC7, 0xFF, 0xF9, 0xFF, 0x3C, 0x00, 0x18, 0x18,
    0x36, 0x36, 0x00, 0x1C, 0x3E, 0x66, 0x63, 0x63, 0x7F, 0x3F, 0x06, 0xFE, 0xF8, 0x0C, 0x01, 0x80,
    0x00, 0x0D, 0x81, 0xB0, 0x00, 0x07, 0x81, 0xF8, 0x33, 0x86, 0x30, 0xC4, 0x0F, 0x87, 0xFD, 0xF7,
    0x80, 0x00, 0x78, 0x00, 0x3C, 0x00, 0x1E, 0x00, 0x0F, 0x00, 0x00, 0x00, 0x03, 0xC0, 0x03, 0xF0,
    0x01, 0x9C, 0xC0, 0xC6, 0x60, 0x66, 0x38, 0x1F, 0x1F, 0xFF, 0xE7, 0xFC, 0xF0, 0x3C, 0x3C, 0x3C,
    0x3C, 0x00, 0x1C, 0x3E, 0x66, 0x63, 0x63, 0x7F, 0x3F, 0x06, 0xFE, 0xF8, 0x00, 0x03, 0xC0, 0x78,
    0x00, 0x01, 0xE0, 0x3C, 0x00, 0x00, 0xF0, 0x3F, 0x06, 0x70, 0xC6, 0x19, 0x81, 0xF0, 0xFF, 0xBE,
    0xF0, 0x00, 0x03, 0xC0, 0x7F, 0x00, 0x78, 0x07, 0xC1, 0xFC, 0x39, 0xC3, 0x0E, 0x66, 0x66, 0x60,
    0x66, 0x06, 0x60, 0x78, 0x43, 0xFE, 0x1F, 0xC0, 0x00, 0x00, 0x03, 0xE0, 0x3F, 0x80, 0x3C, 0x00,
    0xF0, 0x3F, 0x1F, 0xE7, 0xC0, 0x70, 0x00, 0x00, 0x06, 0x00, 0x60, 0x00, 0x00, 0x60, 0x06, 0x00,
    0x00, 0x00, 0x7C, 0x03, 0xF8, 0x04, 0x78, 0x00, 0xF0, 0x0F, 0xC0, 0xF6, 0x1F, 0x0F, 0x70, 0x1C,
    0x06, 0x00, 0x18, 0x00, 0x00, 0x01, 0x80, 0x06, 0x00, 0x3C, 0x07, 0xF0, 0x23, 0xC0, 0x3E, 0x0F,
    0xC3, 0xCC, 0x30, 0xF6, 0x07, 0x6D, 0x86, 0xD8, 0x60, 0x07, 0x82, 0x3F, 0xE0, 0xFC, 0x00, 0x00,
    0x00, 0x00, 0xF8, 0x0F, 0xE0, 0x23, 0x80, 0x07, 0x00, 0xFC, 0x3F, 0xCF, 0xC0, 0x70, 0x00, 0x00,
    0x03, 0x60, 0x1B, 0x00, 0x00, 0x00, 0x00, 0x00, 0xF8, 0x03, 0xF8, 0x00, 0x78, 0x00, 0xF0, 0x0F,
    0xC1, 0xF6, 0x3F, 0x1E, 0xF0, 0x38, 0x00, 0x00, 0x6C, 0x01, 0xB0, 0x00, 0x01, 0xF0, 0x1F, 0xC0,
    0x47, 0x80, 0x3E, 0x0F, 0xF0, 0xE3, 0x06, 0x1E, 0x6D, 0xF3, 0x6C, 0x19, 0x80, 0xCC, 0x07, 0x82,
    0x1F, 0xF0, 0x3F, 0x80, 0x00, 0x00, 0x00, 0xF8, 0x0F, 0xE0, 0x23, 0x80, 0x07, 0x00, 0xF8, 0x3F,
    0xCF, 0xC0, 0x70, 0x00, 0x00, 0x03, 0x60, 0x1B, 0x00, 0x00, 0x03, 0x00, 0x18, 0x00, 0x00, 0x00,
    0x00, 0xF8, 0x03, 0xF8, 0x00, 0xF8, 0x00, 0xF0, 0x1F, 0xC1, 0xEE, 0x1E, 0x1E, 0xE0, 0x38, 0x00,
    0x00, 0x6C, 0x01, 0xB0, 0x03, 0x00, 0x0C, 0x00, 0x00, 0x01, 0xF0, 0x1F, 0xC0, 0x47, 0x80, 0x3E,
    0x07, 0xF0, 0xF3, 0x07, 0xBE, 0x6D, 0xB3, 0x6C, 0x1B, 0x60, 0xC0, 0x07, 0x86, 0x1F, 0xF0, 0x3F,
    0x80, 0x00, 0x01, 0xF0, 0x3F, 0x80, 0x1C, 0x00, 0xF0, 0x3F, 0x1F, 0xE7, 0xC0, 0x70, 0x00, 0x00,
    0x0F, 0x00, 0xF0, 0x00, 0x00, 0xF0, 0x0F, 0x00, 0x00, 0x00, 0x01, 0xF0, 0x0F, 0xE0, 0x47, 0x80,
    0x1E, 0x03, 0xF0, 0x7B, 0x1F, 0x0F, 0xE0, 0x38, 0x3C, 0x01, 0xE0, 0x00, 0x00, 0x78, 0x03, 0xC0,
    0x00, 0x07, 0x01, 0xC0, 0x30, 0x0E, 0x01, 0x80, 0x60, 0x1C, 0xFF, 0xBE, 0x60, 0x01, 0xB0, 0x6C,
    0x00, 0x00, 0x00, 0x36, 0x1B, 0x00, 0x00, 0x80, 0xE0, 0x70, 0x18, 0x0E, 0x03, 0x01, 0xDF, 0xFF,
    0x98, 0x00, 0x18, 0x0C, 0x0D, 0x86, 0xC0, 0x00, 0x20, 0x30, 0x1C, 0x06, 0x03, 0x80, 0xC0, 0xF7,
    0xFF, 0xE6, 0x20, 0x1C, 0x0B, 0x0F, 0x00, 0x00, 0x40, 0x70, 0x18, 0x0C, 0x03, 0x01, 0x80, 0xEF,
    0xFF, 0xCC, 0x18, 0x0C, 0x0D, 0x86, 0xC0, 0x00, 0x00, 0x30, 0x18, 0x0E, 0x03, 0x01, 0xE0, 0xF0,
    0xC1, 0xE1, 0xE0, 0xE0, 0x00, 0x00, 0x1C, 0x0B, 0x0F, 0x00, 0x00, 0x00, 0x60, 0x38, 0x0C, 0x07,
    0x03, 0xC1, 0xE1, 0x81, 0xC3, 0xC1, 0xC0, 0x00, 0x00, 0x00, 0x00, 0x07, 0x00, 0x0F, 0x00, 0x0E,
    0x00, 0x0E, 0x00, 0x06, 0x00, 0x03, 0x01, 0x80, 0xC0, 0xC0, 0x30, 0x60, 0x1C, 0x38, 0x1F, 0x1F,
    0xFD, 0xE7, 0xF8, 0x70, 0x00, 0x07, 0x1E, 0x38, 0x70, 0xF0, 0x38, 0x1C, 0x06, 0x06, 0x0E, 0xFC,
    0xF8, 0x00, 0x00, 0x70, 0x3C, 0x0E, 0x03, 0x80, 0x60, 0x0C, 0x00, 0xC0, 0x0C, 0x01, 0xC0, 0x7C,
    0x3D, 0xE7, 0x1C, 0x00, 0x02, 0x00, 0x06, 0x00, 0x0E, 0x00, 0x0D, 0xC0, 0x0F, 0xC0, 0x03, 0x80,
    0x03, 0x80, 0x01, 0x80, 0x00, 0xC0, 0x60, 0x30, 0x30, 0x0C, 0x18, 0x07, 0x0E, 0x07, 0xC7, 0xFF,
    0x79, 0xFE, 0x1C, 0x01, 0x06, 0x1C, 0x37, 0x5E, 0x78, 0x70, 0xF0, 0x38, 0x1C, 0x06, 0x06, 0x0E,
    0xFC, 0xF8, 0x00, 0x80, 0x60, 0x38, 0x0D, 0xC2, 0xF0, 0x38, 0x0E, 0x01, 0x80, 0x30, 0x03, 0x00,
    0x30, 0x07, 0x01, 0xF0, 0xF7, 0x9C, 0x70, 0x00, 0x02, 0x00, 0x06, 0x00, 0x0E, 0x00, 0x0D, 0xC0,
    0x0F, 0xC0, 0x03, 0x80, 0x03, 0x80, 0x01, 0x80, 0x00, 0xC0, 0x60, 0x30, 0x30, 0x0C, 0x18, 0x07,
    0x0E, 0x07, 0xC7, 0xFF, 0x79, 0xFE, 0x1C, 0x00, 0x00, 0x06, 0x00, 0x03, 0x00, 0x00, 0x00, 0x00,
    0xC0, 0x00, 0x60, 0x00, 0x01, 0x07, 0x0F, 0x3F, 0x6F, 0x3C, 0x70, 0x70, 0x3C, 0x0E, 0x06, 0x06,
    0x0E, 0x7C, 0x78, 0x00, 0x30, 0x30, 0x00, 0x30, 0x30, 0x00, 0x80, 0x70, 0x3A, 0x0D, 0xC3, 0x78,
    0x3C, 0x0E, 0x01, 0x80, 0x38, 0x03, 0x00, 0x30, 0x07, 0x01, 0xF8, 0xF7, 0xDC, 0x38, 0x00, 0x06,
    0x00, 0xC0, 0x00, 0x03, 0x00, 0x60, 0x00, 0x00, 0x01, 0xE0, 0x00, 0xF3, 0x80, 0x07, 0x00, 0x07,
    0xE0, 0x06, 0xE0, 0x01, 0xE0, 0x01, 0xC0, 0x00, 0x80, 0x00, 0x60, 0x30, 0x18, 0x18, 0x0E, 0x0C,
    0x07, 0x87, 0x07, 0xE3, 0xFF, 0xBC, 0xFF, 0x0E, 0x00, 0x6C, 0x76, 0x60, 0xE1, 0xD9, 0xBC, 0x78,
    0x70, 0x38, 0x0F, 0x01, 0xC0, 0x60, 0x30, 0x39, 0xF8, 0xF8, 0x00, 0x1B, 0x13, 0x66, 0x03, 0xC1,
    0xD8, 0x6F, 0x07, 0x81, 0xC0, 0x30, 0x07, 0x00, 0x70, 0x07, 0x00, 0xE0, 0x1F, 0x1E, 0x7B, 0x87,
    0x00, 0x00, 0x18, 0x01, 0xCC, 0x0C, 0xC0, 0xFC, 0x0F, 0xC0, 0xCE, 0x1C, 0x7F, 0x83, 0xF0, 0x00,
    0x00, 0x1C, 0x01, 0x60, 0x3C, 0x00, 0x08, 0x01, 0x80, 0x1C, 0xC0, 0xCC, 0x0F, 0xC0, 0xFC, 0x0C,
    0xE1, 0xC7, 0xF8, 0x3F, 0x00, 0x00, 0x43, 0x97, 0xE0, 0x18, 0xE3, 0x18, 0xFF, 0xE0, 0x20, 0x70,
    0xD3, 0xC0, 0x03, 0x06, 0x0C, 0x19, 0xFF, 0xB8, 0x06, 0x06, 0x03, 0xC1, 0x80, 0x40, 0x30, 0x78,
    0xFC, 0xE6, 0x63, 0x33, 0x9F, 0xF7, 0x30, 0x00, 0x03, 0x80, 0xF8, 0x3B, 0xC6, 0x3C, 0xC3, 0x90,
    0x00, 0x10, 0xC6, 0x31, 0xBD, 0xC0, 0x11, 0x0C, 0x60, 0x04, 0x00, 0xC0, 0x0C, 0x01, 0xC0, 0x7C,
    0xF6, 0xDE, 0x0F, 0x80, 0xF0, 0x07, 0x00, 0x70, 0x03, 0x00, 0x00, 0x07, 0x81, 0xF8, 0x33, 0x0C,
    0x61, 0x98, 0x37, 0x1F, 0xFB, 0xFF, 0x19, 0x83, 0x18, 0x73, 0x07, 0xE0, 0x78, 0x08, 0x03, 0x80,
    0x7C, 0x1F, 0xC3, 0x3C, 0x67, 0xCC, 0xD8, 0xF3, 0x7F, 0xEF, 0xF8, 0x0F, 0x07, 0xE1, 0x98, 0xC6,
    0x33, 0x0D, 0xC7, 0xFD, 0xFF, 0x33, 0x0C, 0x63, 0x98, 0x7E, 0x0F, 0x00, 0x00, 0x00, 0x7F, 0xE7,
    0xFF, 0xB8, 0x00, 0xC0, 0x03, 0x00, 0x0F, 0xFF, 0x9F, 0xFC, 0x18, 0x00, 0xC0, 0x03, 0xC0, 0x0C,
    0x00, 0x00, 0x00, 0x7F, 0xE7, 0xFF, 0xB8, 0x00, 0xC0, 0x03, 0x00, 0x0F, 0xFF, 0x9F, 0xFC, 0x3C,
    0x3C, 0x06, 0xF6, 0x06, 0xF6, 0x03, 0x19, 0xBD, 0x80, 0x03, 0x19, 0xBD, 0x80, 0x06, 0xF6, 0xC6,
    0x00, 0x06, 0xF6, 0xC6, 0x00, 0x0F, 0xFF, 0xF0, 0x0F, 0xFF, 0xF0, 0xF3, 0xC0, 0x3C, 0xF0, 0xFF,
    0x80, 0x43, 0x97, 0xE0, 0x00, 0x00, 0x00, 0xC0, 0x03, 0x00, 0x36, 0x00, 0xD8, 0x00, 0x00, 0x03,
    0x00, 0x0C, 0x00, 0x30, 0x00, 0xC0, 0x33, 0x01, 0x8C, 0x06, 0x30, 0x08, 0xCC, 0xE3, 0x30, 0x0C,
    0xE0, 0xF3, 0xFF, 0xF7, 0xF9, 0xC0, 0x60, 0x30, 0x36, 0x1B, 0x30, 0x78, 0x78, 0xF0, 0xE0, 0x78,
    0x0E, 0x03, 0x80, 0x60, 0x30, 0x39, 0xF8, 0xF0, 0x60, 0x0C, 0x03, 0x60, 0x6C, 0xC0, 0x38, 0x1E,
    0x0F, 0x03, 0x80, 0x70, 0x06, 0x00, 0xE0, 0x0E, 0x01, 0xE0, 0x3E, 0x3E, 0xF7, 0x8E, 0x1C, 0x07,
    0x01, 0x80, 0x40, 0x1C, 0x0F, 0x86, 0x61, 0x8C, 0x63, 0x1F, 0xF3, 0xF8, 0x1C, 0x0E, 0x1F, 0x07,
    0x81, 0x00, 0x00, 0x07, 0x01, 0x80, 0x20, 0x1C, 0x0F, 0x86, 0x61, 0x8C, 0x63, 0x1F, 0xF3, 0xF8,
    0x1C, 0x0E, 0x1F, 0x07, 0x81, 0x00, 0x08, 0x06, 0x01, 0x80, 0x20, 0x1C, 0x0F, 0x86, 0x61, 0x8C,
    0x63, 0x1F, 0xF3, 0xF8, 0x1C, 0x0E, 0x1F, 0x07, 0x81, 0x00, 0x18, 0x06, 0x03, 0x60, 0xD8, 0x00,
    0x07, 0x03, 0xE1, 0x98, 0x63, 0x18, 0xC7, 0xFC, 0xFE, 0x07, 0x03, 0x87, 0xC1, 0xE0, 0x40, 0x00,
    0x1C, 0x0F, 0x86, 0x61, 0x8C, 0x63, 0x1F, 0xF3, 0xF8, 0x1C, 0x7E, 0x0F, 0x07, 0x81, 0x80, 0x08,
    0x06, 0x01, 0x40, 0x00, 0x1C, 0x0F, 0x86, 0x61, 0x8C, 0x63, 0x1F, 0xF3, 0xF8, 0x1C, 0x0E, 0x1F,
    0x07, 0x81, 0x00, 0x40, 0x06, 0x0E, 0x30, 0xFD, 0x81, 0xEC, 0x06, 0x70, 0xF1, 0xFF, 0x07, 0xE0,
    0x00, 0x00, 0x60, 0x03, 0x00, 0x18, 0x00, 0xC0, 0x00, 0x00, 0x31, 0x86, 0x31, 0xFF, 0xC0, 0x31,
    0x80, 0x63, 0x00, 0x10, 0x30, 0x60, 0xC7, 0xED, 0xC0, 0x0C, 0x18, 0x00, 0x60, 0xC0, 0x31, 0xC6,
    0x31, 0xFF, 0xC0, 0x10, 0x30, 0x60, 0xC7, 0xED, 0xC0, 0x40, 0x06, 0x0E, 0x30, 0xFD, 0x81, 0xEC,
    0x06, 0x70, 0xF1, 0xFF, 0x07, 0xE0, 0x18, 0x61, 0x86, 0x19, 0xE7, 0x00, 0x6D, 0xB0, 0x00, 0x10,
    0x60, 0xC1, 0xCF, 0xFD, 0xC0, 0x36, 0x6C, 0x00, 0x10, 0x30, 0x30, 0x10, 0x00, 0x30, 0x30, 0x00,
    0x18, 0x1C, 0x0E, 0x06, 0x07, 0x03, 0x07, 0x7E, 0x7C, 0x00, 0x61, 0x86, 0x00, 0x21, 0xC3, 0x0C,
    0x10, 0xC3, 0x3B, 0xEE, 0x00, 0x33, 0xCC, 0xC0, 0xF5, 0xE0, 0x31, 0x8C, 0x1F, 0xBC, 0x00, 0x77,
    0xBD, 0x06, 0x31, 0x8C, 0x63, 0x18, 0xC6, 0x3C, 0xE0, 0x7F, 0xF8, 0x66, 0x66, 0x66, 0x66, 0x66,
    0x60, 0x00, 0x18, 0x20, 0xC3, 0x06, 0x1C, 0x38, 0xD9, 0xB1, 0xC3, 0x83, 0x06, 0x06, 0x04, 0x0C,
    0x00, 0x00, 0xC0, 0x81, 0x81, 0x83, 0x07, 0x0E, 0x36, 0x6C, 0x70, 0xE1, 0x83, 0x0C, 0x10, 0x60,
    0x00, 0x00, 0xC0, 0x00, 0x30, 0x00, 0x0C, 0x00, 0x07, 0x83, 0x01, 0xE0, 0xC0, 0x7B, 0x30, 0x00,
    0xCC, 0x03, 0x33, 0x0C, 0xCC, 0xC3, 0x33, 0x33, 0xCC, 0xCD, 0xB3, 0x33, 0xCC, 0xCC, 0xF3, 0x33,
    0x3F, 0xFF, 0xCD, 0xDF, 0xE3, 0x0F, 0xFF, 0x00, 0x39, 0xFE, 0x60, 0x00, 0x0F, 0xFF, 0x00, 0x1F,
    0x00, 0x75, 0x76, 0x00, 0x0F, 0x5E, 0x00, 0xEB, 0xE0, 0x78, 0x03, 0x0C, 0x30, 0xC3, 0x0C, 0x30,
    0xC3, 0x0F, 0x18, 0x66, 0x3D, 0x86, 0x31, 0x8C, 0x63, 0x18, 0xC6, 0x3C, 0xC0, 0x1C, 0x04, 0x01,
    0xC0, 0x00, 0x1C, 0x0F, 0x86, 0x61, 0x8C, 0x63, 0x1F, 0xF3, 0xF8, 0x1C, 0x0E, 0x1F, 0x07, 0x81,
    0x00, 0x63, 0x18, 0xC6, 0x31, 0x8C, 0x63, 0x18, 0xF3, 0x01, 0xD8, 0xF6, 0x00, 0x30, 0x01, 0x80,
    0x07, 0x80, 0x1C, 0x00, 0x00, 0x00, 0x80, 0x06, 0x0E, 0x18, 0x7E, 0x60, 0x79, 0x80, 0xC7, 0x0F,
    0x0F, 0xF8, 0x1F, 0x80, 0x72, 0x1E, 0x81, 0x18, 0x63, 0x1F, 0xFC, 0x18, 0x60, 0xF1, 0x81, 0x83,
    0x06, 0x0C, 0x7E, 0xDC, 0xCC, 0xCC, 0xCC, 0xCC, 0xCC, 0xCF, 0x60, 0x40, 0x08, 0xC0, 0x18, 0xC0,
    0x18, 0xE0, 0x7C, 0xFF, 0xFF, 0x7F, 0xC7, 0x00, 0x00, 0x00, 0x00, 0x06, 0x00, 0x06, 0x00, 0x11,
    0x86, 0x31, 0xFF, 0xC0, 0x01, 0x8C, 0x10, 0x30, 0x60, 0xC7, 0xED, 0xC0, 0x00, 0x18, 0x30, 0x00,
    0x07, 0x83, 0xC0, 0x00, 0x40, 0x30, 0x78, 0xFC, 0xE6, 0x63, 0x33, 0x9F, 0xE7, 0xB0, 0x07, 0x80,
    0x07, 0x80, 0x00, 0x00, 0xC0, 0x18, 0xC0, 0x18, 0xC0, 0x18, 0xE0, 0x7C, 0xFF, 0xFF, 0x7F, 0xC7,
    0x01, 0xB6, 0xC0, 0x08, 0x60, 0xC3, 0x1D, 0xF7, 0x80, 0x00, 0xD9, 0xB0, 0x01, 0x06, 0x0C, 0x1C,
    0xFF, 0xDC, 0x03, 0x00, 0x03, 0x00, 0x06, 0xC0, 0x06, 0xC0, 0x40, 0x08, 0xC0, 0x18, 0xC0, 0x18,
    0xE0, 0x7C, 0xFF, 0xFF, 0x7F, 0xC7, 0x00, 0xC3, 0x1B, 0x6C, 0x01, 0x86, 0x0C, 0x31, 0xDF, 0x78,
    0x00, 0x60, 0xC3, 0x66, 0xC0, 0x0C, 0x18, 0x30, 0x73, 0xFF, 0x60, 0x3C, 0x07, 0xF0, 0x27, 0x80,
    0x7C, 0x1F, 0xC3, 0x9C, 0x30, 0xE6, 0x06, 0x66, 0x06, 0x60, 0x60, 0x07, 0x84, 0x3F, 0xE1, 0xFC,
    0x00, 0x00, 0x00, 0x03, 0xE0, 0x3F, 0x80, 0x3C, 0x00, 0xF0, 0x3F, 0x1F, 0xE7, 0xC0, 0x70, 0x00,
    0x00, 0x00, 0x00, 0x60, 0x06, 0x00, 0x00, 0x01, 0xF0, 0x0F, 0xC0, 0x47, 0x80, 0x1E, 0x03, 0xF0,
    0x7B, 0x1F, 0x1F, 0xE0, 0x30, 0x00, 0x00, 0xC0, 0x06, 0x00, 0x00, 0x01, 0xF0, 0x1F, 0xC0, 0x47,
    0x80, 0x3E, 0x07, 0xF0, 0xF3, 0x06, 0x1E, 0x60, 0x73, 0x00, 0x18, 0x00, 0xC0, 0x07, 0x82, 0x1F,
    0xF0, 0x3F, 0x80, 0x00, 0x00, 0x01, 0xF8, 0x0F, 0xE0, 0x03, 0x80, 0x0F, 0x01, 0xF8, 0x7F, 0x8F,
    0x80, 0x70, 0x00, 0x00, 0x00, 0x7C, 0x03, 0xF8, 0x00, 0x78, 0x00, 0xF0, 0x0F, 0xC1, 0xF6, 0x1F,
    0x1E, 0x70, 0x38, 0x00, 0x01, 0x80, 0x18, 0x00, 0x00, 0x3C, 0x07, 0xF0, 0x03, 0xC0, 0x3E, 0x1F,
    0xC3, 0x8C, 0x30, 0xF6, 0x07, 0x60, 0x06, 0x00, 0x60, 0x07, 0x84, 0x3F, 0xE1, 0xFC, 0x00, 0x00,
    0x00, 0x00, 0xC0, 0x0C, 0x00, 0x00, 0x1F, 0x03, 0xF8, 0x01, 0xC0, 0x0F, 0x03, 0xF1, 0xFE, 0x7C,
    0x07, 0x00, 0x00, 0x00, 0x30, 0x00, 0xC0, 0x00, 0x00, 0x1F, 0x00, 0xFE, 0x01, 0x1E, 0x00, 0x3C,
    0x03, 0xF0, 0x7D, 0x87, 0xC7, 0x9C, 0x0E, 0x00, 0x02, 0x01, 0xC0, 0x30, 0x0E, 0x01, 0x80, 0x60,
    0x1C, 0x7F, 0xBE, 0x60, 0x18, 0x06, 0x00, 0x00, 0x20, 0x0C, 0x03, 0x00, 0x60, 0x18, 0x06, 0x01,
    0xC7, 0xF9, 0xF6, 0x00, 0x06, 0x03, 0x01, 0xC0, 0x60, 0x38, 0x1C, 0x18, 0x3C, 0x3C, 0x18, 0x00,
    0x00, 0x18, 0x0C, 0x00, 0x00, 0x00, 0xC0, 0x60, 0x30, 0x1C, 0x07, 0x07, 0x83, 0x07, 0x07, 0x83,
    0x00, 0x00, 0x00, 0x00, 0x20, 0x00, 0x11, 0x80, 0x18, 0x66, 0x00, 0x71, 0x98, 0xC0, 0xCE, 0x73,
    0x03, 0xFF, 0xEC, 0x0F, 0xBD, 0xB0, 0x30, 0x00, 0xE1, 0xC0, 0x01, 0xFE, 0x00, 0x03, 0xF0, 0x00,
    0x00, 0x00, 0x00, 0x00, 0x18, 0x42, 0x61, 0x99, 0x86, 0x66, 0x39, 0xD9, 0xFF, 0xEE, 0xF7, 0x00,
    0x10, 0x98, 0x19, 0x98, 0x19, 0x98, 0x39, 0xDC, 0x7F, 0xFF, 0x6F, 0x77, 0x00, 0x00, 0x00, 0x00,
    0x18, 0x00, 0x00, 0x60, 0x00, 0x06, 0xC0, 0x00, 0x1B, 0x00, 0x00, 0x00, 0x00, 0x00, 0x66, 0x00,
    0x61, 0x98, 0x01, 0xC6, 0x63, 0x03, 0x39, 0xCC, 0x0F, 0xFF, 0xB0, 0x3E, 0xF6, 0xC0, 0xC0, 0x03,
    0x87, 0x00, 0x07, 0xF8, 0x00, 0x0F, 0xC0, 0x00, 0x00, 0x00, 0x00, 0x00, 0x00, 0x06, 0x00, 0x18,
    0x00, 0xD8, 0x03, 0x60, 0x00, 0x21, 0x98, 0xC6, 0x63, 0x19, 0x8C, 0xE7, 0x37, 0xFF, 0xBB, 0xDE,
    0x00, 0x00, 0x00, 0xC0, 0x00, 0x60, 0x00, 0x6C, 0x00, 0x36, 0x00, 0x00, 0x00, 0x66, 0x30, 0x33,
    0x18, 0x19, 0x8C, 0x1C, 0xEE, 0x1F, 0xFF, 0xCD, 0xEF, 0x60, 0x00, 0x01, 0xE0, 0x00, 0x0F, 0xE0,
    0x02, 0x1C, 0xE0, 0x0C, 0x60, 0xC0, 0x1D, 0x81, 0x98, 0x1B, 0x07, 0x30, 0x3F, 0xFF, 0x60, 0x7F,
    0xF6, 0xC0, 0xC0, 0x01, 0xC3, 0x80, 0x01, 0xFE, 0x00, 0x01, 0xF8, 0x00, 0x00, 0x00, 0x00, 0x00,
    0x00, 0x3C, 0x18, 0x7E, 0x18, 0xE7, 0x19, 0x83, 0x1B, 0x03, 0x1B, 0x07, 0x7F, 0xFE, 0x6F, 0xFC,
    0x00, 0x3C, 0x06, 0x1F, 0x81, 0x8E, 0x70, 0x66, 0x0C, 0x1B, 0x03, 0x06, 0xC1, 0xC7, 0xFF, 0xF9,
    0xBF, 0xF6, 0x00, 0x00, 0xC0, 0x00, 0x01, 0x80, 0x00, 0x00, 0x00, 0x00, 0x0F, 0x00, 0x00, 0x3F,
    0x00, 0x10, 0xE7, 0x00, 0x63, 0x06, 0x00, 0xEE, 0x0C, 0xC0, 0xF8, 0x39, 0x81, 0xFF, 0xFB, 0x03,
    0xFF, 0xB6, 0x06, 0x00, 0x0E, 0x1C, 0x00, 0x0F, 0xF0, 0x00, 0x0F, 0xC0, 0x00, 0x00, 0x00, 0x00,
    0x00, 0x18, 0x00, 0x18, 0x00, 0x00, 0x00, 0x3C, 0x18, 0x7E, 0x18, 0xE7, 0x19, 0x83, 0x19, 0x83,
    0x1B, 0x07, 0x7F, 0xFE, 0x6F, 0xFC, 0x00, 0x18, 0x00, 0x06, 0x00, 0x00, 0x00, 0x00, 0xF0, 0x18,
    0x7E, 0x06, 0x39, 0xC1, 0x98, 0x30, 0x66, 0x0C, 0x1B, 0x07, 0x1F, 0xFF, 0xE6, 0xFF, 0xD8, 0x00,
    0x00, 0x30, 0x00, 0x60, 0x00, 0xC0, 0x01, 0x80, 0x03, 0x00, 0x06, 0x78, 0x0F, 0xF8, 0x1F, 0x38,
    0x38, 0x30, 0x60, 0x60, 0xC1, 0xC7, 0xFF, 0xFF, 0xFC, 0xC0, 0x00, 0x00, 0xC0, 0x06, 0x00, 0x30,
    0x01, 0x80, 0x0C, 0x00, 0x67, 0x83, 0xFE, 0x1F, 0x38, 0xE0, 0xC6, 0x06, 0x30, 0x7F, 0xFF, 0x7F,
    0xF0, 0x00, 0x00, 0x30, 0x00, 0x60, 0x00, 0xC0, 0x01, 0x80, 0x03, 0x00, 0x06, 0x78, 0x0F, 0xF8,
    0x1F, 0x38, 0x38, 0x30, 0x60, 0x60, 0xC1, 0xCF, 0xFF, 0xFF, 0xFC, 0xC0, 0x00, 0x00, 0x30, 0x00,
    0x60, 0x00, 0xC6, 0x01, 0x8C, 0x03, 0x00, 0x06, 0x78, 0x0F, 0xF8, 0x1F, 0x38, 0x38, 0x30, 0x60,
    0x60, 0xC1, 0xC7, 0xFF, 0xFF, 0xFC, 0xC0, 0x00, 0x00, 0xC0, 0x06, 0x00, 0x31, 0x81, 0x8C, 0x0C,
    0x00, 0x67, 0x83, 0xFE, 0x1F, 0x38, 0xE0, 0xC6, 0x06, 0x30, 0x7F, 0xFF, 0x7F, 0xF0, 0x00, 0x00,
    0x30, 0x00, 0x60, 0x00, 0xC6, 0x01, 0x8C, 0x03, 0x00, 0x06, 0x78, 0x0F, 0xF8, 0x1F, 0x38, 0x38,
    0x30, 0x60, 0x60, 0xC1, 0xCF, 0xFF, 0xFF, 0xFC, 0xC0, 0x7E, 0x3F, 0xCE, 0x31, 0xCC, 0x3E, 0x0F,
    0x87, 0xFF, 0x8E, 0xC0, 0x30, 0x0C, 0x03, 0x82, 0x7F, 0x8F, 0xE0, 0x00, 0x0F, 0x0F, 0xC3, 0x80,
    0xC0, 0x30, 0x06, 0x77, 0xFD, 0xFE, 0x1F, 0x83, 0xFC, 0x30, 0xC1, 0x8C, 0x0F, 0x80, 0xF0, 0xFF,
    0xEF, 0x9E, 0x00, 0x06, 0x01, 0x80, 0x00, 0x7E, 0x3F, 0xCE, 0x31, 0x8C, 0x3E, 0x0F, 0x07, 0xFF,
    0x9E, 0xC0, 0x30, 0x0C, 0x03, 0x82, 0x7F, 0x8F, 0xE0, 0x00, 0x00, 0x01, 0x80, 0x60, 0x00, 0x0F,
    0x0F, 0xC3, 0x00, 0xC0, 0x30, 0x06, 0x77, 0xFD, 0xFE, 0x00, 0x00, 0x60, 0x06, 0x00, 0x00, 0x1F,
    0x83, 0xFC, 0x38, 0xC1, 0x8C, 0x0F, 0x80, 0xF8, 0x7F, 0xF7, 0x9F, 0x00, 0x00, 0x00, 0x18, 0x00,
    0x0C, 0x00, 0x00, 0x00, 0x07, 0x80, 0x07, 0xE0, 0x03, 0x39, 0x81, 0x8C, 0xC0, 0xCE, 0x70, 0x3E,
    0x3F, 0xFF, 0xCF, 0xF9, 0xE0, 0x18, 0x18, 0x00, 0x1C, 0x3E, 0x66, 0x63, 0x63, 0x7F, 0x3F, 0x06,
    0xFE, 0xF8, 0x0C, 0x01, 0x80, 0x00, 0x00, 0x01, 0xE0, 0x7E, 0x0C, 0xE1, 0x8C, 0x33, 0x03, 0xE1,
    0xFF, 0x7D, 0xE0, 0x00, 0x00, 0x1E, 0x00, 0xF0, 0x00, 0x00, 0x38, 0x03, 0xE0, 0x3B, 0x81, 0x8C,
    0xCE, 0x66, 0x3F, 0xF0, 0xFF, 0x80, 0xCE, 0x0E, 0x3F, 0xE0, 0xFE, 0x00, 0x00, 0x36, 0x36, 0x00,
    0x1C, 0x3E, 0x66, 0x63, 0x63, 0x7F, 0x3F, 0x06, 0xFE, 0xF8, 0x1E, 0x03, 0xC0, 0x00, 0x00, 0x01,
    0xE0, 0x7E, 0x0C, 0xE1, 0x8C, 0x33, 0x03, 0xE1, 0xFF, 0x7D, 0xE0, 0x00, 0x00, 0x00, 0xC0, 0x03,
    0x00, 0x0C, 0x03, 0x30, 0x18, 0xC0, 0x63, 0x00, 0xCC, 0xCE, 0x33, 0x00, 0xCE, 0x0F, 0x3F, 0xFF,
    0x7F, 0x9C, 0x00, 0x07, 0x1E, 0x38, 0x70, 0xF0, 0x38, 0x1C, 0x06, 0x06, 0x0E, 0xFC, 0xF8, 0x00,
    0x00, 0x70, 0x3C, 0x0E, 0x03, 0x80, 0x60, 0x0C, 0x00, 0xC0, 0x0C, 0x01, 0xC0, 0x7C, 0x3D, 0xE7,
    0x1C, 0x00, 0xC0, 0x0C, 0x00, 0xC0, 0x0C, 0x00, 0xC0, 0x0C, 0x00, 0xC0, 0x0C, 0x00, 0xC4, 0x0C,
    0xC0, 0xCC, 0x0E, 0xC0, 0xEC, 0x0C, 0xE1, 0x87, 0xF8, 0x3E, 0x00, 0x33, 0x33, 0x33, 0x33, 0x33,
    0x3E, 0xE0, 0x30, 0xC3, 0x0C, 0x30, 0xC3, 0x0C, 0x30, 0xC3, 0x3E, 0xF8, 0x07, 0x00, 0xF8, 0x1D,
    0xC1, 0x8C, 0x70, 0xCF, 0x9C, 0xDF, 0xFC, 0x7B, 0xC0, 0x0C, 0x00, 0xC0, 0x0C, 0x00, 0xC0, 0x04,
    0x00, 0x07, 0x03, 0xE1, 0xDC, 0x63, 0x30, 0xCE, 0x7F, 0xFB, 0x1E, 0x07, 0x00, 0xF8, 0x1D, 0xC1,
    0x8C, 0x30, 0xC3, 0x9C, 0xFF, 0xFC, 0x7B, 0x0C, 0x00, 0xC0, 0x00, 0x80, 0x18, 0x01, 0xCC, 0x0C,
    0xC0, 0xFC, 0x0F, 0xC0, 0xCE, 0x1C, 0x7F, 0x83, 0xF0, 0x00, 0x00, 0x01, 0x8C, 0x01, 0x0C, 0x63,
    0x1B, 0xDC, 0x18, 0x30, 0x00, 0xC1, 0x83, 0x06, 0x3F, 0x6E, 0x00, 0x03, 0x07, 0x8F, 0xCE, 0x66,
    0x33, 0x39, 0xFF, 0x73, 0x00, 0x08, 0x03, 0x80, 0x7C, 0x1F, 0xC3, 0x3C, 0x67, 0xCC, 0xD8, 0xF3,
    0x7F, 0xEF, 0xF8, 0x0F, 0x07, 0xE1, 0x98, 0xC6, 0x33, 0x0D, 0xC7, 0xFD, 0xFF, 0x33, 0x0C, 0x63,
    0x98, 0x7E, 0x0F, 0x00, 0x1C, 0x0F, 0x86, 0x61, 0x8C, 0x63, 0x1F, 0xF3, 0xF8, 0x1C, 0x0E, 0x1F,
    0x07, 0x81, 0x00, 0x40, 0x06, 0x0E, 0x30, 0xFD, 0x81, 0xEC, 0x06, 0x70, 0xF1, 0xFF, 0x07, 0xE0,
    0x40, 0x06, 0x1E, 0x30, 0xFD, 0x81, 0xEC, 0x06, 0x70, 0xF1, 0xFF, 0x07, 0xE0, 0x00, 0x01, 0xB0,
    0x0D, 0x80, 0x18, 0x61, 0x86, 0x19, 0xE7, 0x00, 0x6D, 0xB0, 0x00, 0x10, 0x60, 0xC1, 0xCF, 0xFD,
    0xC0, 0x36, 0x6C, 0x00, 0xF1, 0x80, 0x67, 0x18, 0xE6, 0x1D, 0x83, 0xC0, 0x70, 0x1E, 0x0F, 0x87,
    0x33, 0x9D, 0xFE, 0x7F, 0x00, 0x00, 0x06, 0x0C, 0xF0, 0xC0, 0x0C, 0x30, 0xC3, 0x0C, 0x18, 0xC1,
    0xCC, 0x0C, 0xC0, 0x6C, 0x07, 0xC0, 0x3C, 0x7F, 0xE7, 0xE6, 0x70, 0x30, 0x0F, 0x1B, 0x06, 0x61,
    0x8E, 0x61, 0xD8, 0x3C, 0x07, 0x01, 0xE0, 0xF8, 0x73, 0x39, 0xDF, 0xE7, 0xF0, 0x70, 0x0C, 0x00,
    0x70, 0xCE, 0x0C, 0x00, 0xC7, 0x0C, 0x38, 0xC1, 0x8C, 0x1C, 0xC0, 0xCC, 0x06, 0xC0, 0x7C, 0x03,
    0xC7, 0xFE, 0x7E, 0x60, 0x01, 0x80, 0x67, 0x18, 0xE6, 0x1D, 0x83, 0xC0, 0x70, 0x1E, 0x0F, 0x87,
    0x33, 0x9D, 0xFE, 0x7F, 0x00, 0x03, 0x01, 0x80, 0x78, 0x18, 0x00, 0x01, 0x80, 0x30, 0x06, 0x30,
    0xC7, 0x18, 0x63, 0x0E, 0x60, 0xCC, 0x0D, 0x81, 0xF0, 0x1E, 0x7F, 0xEF, 0xCC, 0x00, 0x18, 0x06,
    0x00, 0xF0, 0x18, 0x00, 0x01, 0x80, 0x67, 0x18, 0xE6, 0x1D, 0x83, 0xC0, 0x70, 0x1E, 0x0F, 0x87,
    0x33, 0x9D, 0xFE, 0x7F, 0x00, 0x00, 0xC0, 0x0C, 0x00, 0xC3, 0x0C, 0x38, 0xC1, 0x8C, 0x1C, 0xC0,
    0xCC, 0x06, 0xC0, 0x7C, 0x03, 0xC7, 0xFE, 0x7E, 0x60,
};

static const EpdGlyph firago_8_mediumGlyphs[] = {
    { 0, 0, 67, 0, 0, 0, 0 }, // U+0020
    { 3, 11, 64, 1, 11, 5, 0 }, // !
    { 6, 4, 112, 1, 11, 3, 5 }, // "
    { 9, 11, 144, 1, 11, 13, 8 }, // #
    { 9, 17, 144, 0, 14, 20, 21 }, // $
    { 13, 13, 225, 1, 12, 22, 41 }, // %
    { 11, 11, 199, 1, 11, 16, 63 }, // &
    { 3, 4, 61, 1, 11, 2, 79 }, // '
    { 5, 18, 86, 1, 15, 12, 81 }, // (
    { 6, 18, 86, 0, 15, 14, 93 }, // )
    { 8, 7, 118, 0, 13, 7, 107 }, // *
    { 7, 7, 138, 1, 9, 7, 114 }, // +
    { 4, 5, 64, 0, 2, 3, 121 }, // ,
    { 5, 2, 108, 1, 6, 2, 124 }, // -
    { 3, 3, 64, 1, 3, 2, 126 }, // .
    { 7, 16, 139, 1, 14, 14, 128 }, // /
    { 8, 11, 153, 1, 11, 11, 142 }, // 0
    { 7, 11, 120, 0, 11, 10, 153 }, // 1
    { 9, 11, 135, 0, 11, 13, 163 }, // 2
    { 9, 11, 136, -1, 11, 13, 176 }, // 3
    { 8, 12, 147, 1, 12, 12, 189 }, // 4
    { 8, 11, 139, 0, 11, 11, 201 }, // 5
    { 8, 11, 147, 1, 11, 11, 212 }, // 6
    { 7, 12, 122, 1, 11, 11, 223 }, // 7
    { 9, 11, 151, 1, 11, 13, 234 }, // 8
    { 8, 12, 145, 1, 11, 12, 247 }, // 9
    { 3, 9, 64, 1, 9, 4, 259 }, // :
    { 4, 11, 64, 0, 8, 6, 263 }, // ;
    { 8, 9, 136, 1, 10, 9, 269 }, // <
    { 7, 5, 136, 1, 8, 5, 278 }, // =
    { 8, 9, 136, 0, 10, 9, 283 }, // >
    { 8, 11, 126, 0, 11, 11, 292 }, // ?
    { 16, 15, 272, 1, 11, 30, 303 }, // @
    { 11, 11, 156, -1, 11, 16, 333 }, // A
    { 9, 11, 164, 1, 11, 13, 349 }, // B
    { 9, 11, 152, 1, 11, 13, 362 }, // C
    { 9, 11, 173, 1, 11, 13, 375 }, // D
    { 7, 11, 141, 1, 11, 10, 388 }, // E
    { 7, 11, 130, 1, 11, 10, 398 }, // F
    { 9, 11, 170, 1, 11, 13, 408 }, // G
    { 9, 11, 179, 1, 11, 13, 421 }, // H
    { 3, 11, 78, 1, 11, 5, 434 }, // I
    { 5, 14, 83, 0, 11, 9, 439 }, // J
    { 10, 11, 164, 1, 11, 14, 448 }, // K
    { 7, 11, 135, 1, 11, 10, 462 }, // L
    { 13, 11, 209, 0, 11, 18, 472 }, // M
    { 9, 11, 179, 1, 11, 13, 490 }, // N
    { 10, 11, 184, 1, 11, 14, 503 }, // O
    { 8, 11, 159, 1, 11, 11, 517 }, // P
    { 11, 13, 184, 1, 11, 18, 528 }, // Q
    { 9, 11, 163, 1, 11, 13, 546 }, // R
    { 9, 11, 149, 0, 11, 13, 559 }, // S
    { 9, 11, 141, 1, 11, 13, 572 }, // T
    { 9, 11, 175, 1, 11, 13, 585 }, // U
    { 11, 11, 150, -1, 11, 16, 598 }, // V
    { 14, 11, 223, 0, 11, 20, 614 }, // W
    { 10, 11, 150, 0, 11, 14, 634 }, // X
    { 10, 11, 153, 0, 11, 14, 648 }, // Y
    { 9, 11, 142, 0, 11, 13, 662 }, // Z
    { 4, 16, 86, 1, 14, 8, 675 }, // [
    { 7, 16, 139, 1, 14, 14, 683 }, // <backslash>
    { 5, 16, 86, 1, 14, 10, 697 }, // ]
    { 9, 5, 147, 0, 14, 6, 707 }, // ^
    { 8, 2, 139, 1, -1, 2, 713 }, // _
    { 5, 4, 86, 0, 14, 3, 715 }, // `
    { 8, 9, 146, 1, 9, 9, 718 }, // a
    { 8, 13, 157, 1, 13, 13, 727 }, // b
    { 7, 9, 128, 1, 9, 8, 740 }, // c
    { 8, 13, 158, 1, 13, 13, 748 }, // d
    { 8, 9, 146, 1, 9, 9, 761 }, // e
    { 8, 13, 93, 0, 13, 13, 770 }, // f
    { 10, 14, 143, 0, 10, 18, 783 }, // g
    { 8, 13, 154, 1, 13, 13, 801 }, // h
    { 3, 14, 74, 1, 14, 6, 814 }, // i
    { 5, 18, 74, -1, 14, 12, 820 }, // j
    { 8, 13, 142, 1, 13, 13, 832 }, // k
    { 4, 13, 79, 1, 13, 7, 845 }, // l
    { 12, 9, 225, 1, 9, 14, 852 }, // m
    { 8, 9, 154, 1, 9, 9, 866 }, // n
    { 9, 9, 156, 1, 9, 11, 875 }, // o
    { 8, 13, 157, 1, 9, 13, 886 }, // p
    { 8, 13, 158, 1, 9, 13, 899 }, // q
    { 6, 10, 105, 1, 10, 8, 912 }, // r
    { 8, 9, 126, 0, 9, 9, 920 }, // s
    { 7, 12, 100, 0, 12, 11, 929 }, // t
    { 8, 9, 152, 1, 9, 9, 940 }, // u
    { 9, 9, 134, 0, 9, 11, 949 }, // v
    { 13, 9, 196, 0, 9, 15, 960 }, // w
    { 10, 9, 133, -1, 9, 12, 975 }, // x
    { 9, 13, 135, 0, 9, 15, 987 }, // y
    { 8, 9, 118, 0, 9, 9, 1002 }, // z
    { 5, 16, 86, 1, 14, 10, 1011 }, // {
    { 3, 15, 103, 2, 13, 6, 1021 }, // |
    { 5, 16, 86, 0, 14, 10, 1027 }, // }
    { 8, 3, 134, 0, 7, 3, 1037 }, // ~
    { 0, 0, 67, 0, 0, 0, 1040 }, // U+00A0
    { 3, 12, 64, 1, 8, 5, 1040 }, // U+00A1
    { 9, 10, 161, 1, 10, 12, 1045 }, // U+00AB
    { 6, 6, 139, 1, 12, 5, 1057 }, // U+00B0
    { 3, 3, 64, 1, 7, 2, 1062 }, // U+00B7
    { 7, 11, 133, 1, 11, 10, 1064 }, // U+00BA
    { 9, 10, 160, 0, 10, 12, 1074 }, // U+00BB
    { 7, 12, 126, 1, 8, 11, 1086 }, // U+00BF
    { 11, 16, 156, -1, 16, 22, 1097 }, // U+00C0
    { 11, 16, 156, -1, 16, 22, 1119 }, // U+00C1
    { 11, 16, 156, -1, 16, 22, 1141 }, // U+00C2
    { 10, 15, 156, 0, 15, 19, 1163 }, // U+00C4
    { 10, 17, 156, 0, 17, 22, 1182 }, // U+00C5
    { 14, 11, 222, -1, 11, 20, 1204 }, // U+00C6
    { 9, 16, 152, 1, 11, 18, 1224 }, // U+00C7
    { 7, 16, 141, 1, 16, 14, 1242 }, // U+00C9
    { 7, 16, 141, 1, 16, 14, 1256 }, // U+00CA
    { 6, 16, 78, -1, 16, 12, 1270 }, // U+00CD
    { 7, 16, 78, -1, 16, 14, 1282 }, // U+00CE
    { 10, 15, 184, 1, 15, 19, 1296 }, // U+00D2
    { 10, 15, 184, 1, 15, 19, 1315 }, // U+00D3
    { 10, 16, 184, 1, 16, 20, 1334 }, // U+00D6
    { 10, 15, 184, 1, 13, 19, 1354 }, // U+00D8
    { 9, 16, 175, 1, 16, 18, 1373 }, // U+00D9
    { 9, 16, 175, 1, 16, 18, 1391 }, // U+00DA
    { 9, 16, 175, 1, 16, 18, 1409 }, // U+00DC
    { 10, 16, 153, 0, 16, 20, 1427 }, // U+00DD
    { 9, 13, 160, 1, 13, 15, 1447 }, // U+00DF
    { 8, 14, 146, 1, 14, 14, 1462 }, // U+00E0
    { 8, 14, 146, 1, 14, 14, 1476 }, // U+00E1
    { 8, 14, 146, 1, 14, 14, 1490 }, // U+00E2
    { 8, 14, 146, 1, 14, 14, 1504 }, // U+00E3
    { 8, 14, 146, 1, 14, 14, 1518 }, // U+00E4
    { 8, 15, 146, 1, 15, 15, 1532 }, // U+00E5
    { 13, 9, 228, 1, 9, 15, 1547 }, // U+00E6
    { 7, 14, 128, 1, 9, 13, 1562 }, // U+00E7
    { 8, 14, 146, 1, 14, 14, 1575 }, // U+00E8
    { 8, 14, 146, 1, 14, 14, 1589 }, // U+00E9
    { 8, 14, 146, 1, 14, 14, 1603 }, // U+00EA
    { 8, 14, 146, 1, 14, 14, 1617 }, // U+00EB
    { 5, 14, 74, 0, 14, 9, 1631 }, // U+00EC
    { 6, 14, 74, -1, 14, 11, 1640 }, // U+00ED
    { 7, 14, 74, -1, 14, 13, 1651 }, // U+00EE
    { 6, 14, 74, -1, 14, 11, 1664 }, // U+00EF
    { 8, 14, 154, 1, 14, 14, 1675 }, // U+00F1
    { 9, 14, 156, 1, 14, 16, 1689 }, // U+00F2
    { 9, 14, 156, 1, 14, 16, 1705 }, // U+00F3
    { 9, 14, 156, 1, 14, 16, 1721 }, // U+00F4
    { 9, 14, 156, 1, 14, 16, 1737 }, // U+00F5
    { 9, 14, 156, 1, 14, 16, 1753 }, // U+00F6
    { 9, 13, 156, 1, 11, 15, 1769 }, // U+00F8
    { 8, 14, 152, 1, 14, 14, 1784 }, // U+00F9
    { 8, 14, 152, 1, 14, 14, 1798 }, // U+00FA
    { 8, 14, 152, 1, 14, 14, 1812 }, // U+00FC
    { 9, 18, 135, 0, 14, 21, 1826 }, // U+00FD
    { 8, 13, 146, 1, 13, 13, 1847 }, // U+0103
    { 8, 13, 146, 1, 9, 13, 1860 }, // U+0105
    { 7, 14, 128, 1, 14, 13, 1873 }, // U+0107
    { 9, 16, 152, 1, 16, 18, 1886 }, // U+010C
    { 8, 14, 128, 1, 14, 14, 1904 }, // U+010D
    { 9, 16, 173, 1, 16, 18, 1918 }, // U+010E
    { 11, 13, 172, 1, 13, 18, 1936 }, // U+010F
    { 10, 11, 176, 1, 11, 14, 1954 }, // U+0110
    { 9, 13, 162, 1, 13, 15, 1968 }, // U+0111
    { 7, 15, 141, 1, 15, 14, 1983 }, // U+0116
    { 8, 14, 146, 1, 14, 14, 1997 }, // U+0117
    { 7, 15, 141, 1, 11, 14, 2011 }, // U+0118
    { 8, 13, 146, 1, 9, 13, 2025 }, // U+0119
    { 7, 16, 141, 1, 16, 14, 2038 }, // U+011A
    { 8, 14, 146, 1, 14, 14, 2052 }, // U+011B
    { 9, 16, 170, 1, 16, 18, 2066 }, // U+011E
    { 10, 17, 143, 0, 13, 22, 2084 }, // U+011F
    { 7, 14, 74, -1, 14, 13, 2106 }, // U+0129
    { 4, 15, 78, 0, 11, 8, 2119 }, // U+012E
    { 4, 18, 74, 0, 14, 9, 2127 }, // U+012F
    { 3, 15, 78, 1, 15, 6, 2136 }, // U+0130
    { 3, 9, 74, 1, 9, 4, 2142 }, // U+0131
    { 6, 17, 79, -1, 17, 13, 2146 }, // U+013A
    { 7, 12, 135, 1, 12, 11, 2159 }, // U+013D
    { 6, 13, 89, 1, 13, 10, 2170 }, // U+013E
    { 9, 11, 143, 0, 11, 13, 2180 }, // U+0141
    { 7, 13, 90, -1, 13, 12, 2193 }, // U+0142
    { 8, 14, 154, 1, 14, 14, 2205 }, // U+0144
    { 8, 14, 154, 1, 14, 14, 2219 }, // U+0148
    { 9, 14, 156, 1, 14, 16, 2233 }, // U+0151
    { 6, 14, 105, 1, 14, 11, 2249 }, // U+0155
    { 9, 16, 163, 1, 16, 18, 2260 }, // U+0158
    { 7, 14, 105, 0, 14, 13, 2278 }, // U+0159
    { 9, 15, 149, 0, 15, 17, 2291 }, // U+015A
    { 8, 14, 126, 0, 14, 14, 2308 }, // U+015B
    { 9, 16, 149, 0, 11, 18, 2322 }, // U+015E
    { 8, 14, 126, 0, 9, 14, 2340 }, // U+015F
    { 9, 16, 149, 0, 16, 18, 2354 }, // U+0160
    { 8, 14, 126, 0, 14, 14, 2372 }, // U+0161
    { 8, 17, 100, 0, 12, 17, 2386 }, // U+0163
    { 9, 16, 141, 1, 16, 18, 2403 }, // U+0164
    { 7, 14, 100, 0, 14, 13, 2421 }, // U+0165
    { 8, 13, 152, 1, 13, 13, 2434 }, // U+016B
    { 9, 17, 175, 1, 17, 20, 2447 }, // U+016E
    { 8, 15, 152, 1, 15, 15, 2467 }, // U+016F
    { 9, 16, 175, 1, 16, 18, 2482 }, // U+0170
    { 8, 14, 152, 1, 14, 14, 2500 }, // U+0171
    { 9, 15, 175, 1, 11, 17, 2514 }, // U+0172
    { 8, 13, 152, 1, 9, 13, 2531 }, // U+0173
    { 8, 14, 118, 0, 14, 14, 2544 }, // U+017A
    { 8, 14, 118, 0, 14, 14, 2558 }, // U+017C
    { 9, 16, 142, 0, 16, 18, 2572 }, // U+017D
    { 8, 14, 118, 0, 14, 14, 2590 }, // U+017E
    { 10, 11, 163, 1, 11, 14, 2604 }, // U+01A1
    { 10, 11, 166, 1, 11, 14, 2618 }, // U+01B0
    { 9, 16, 149, 0, 11, 18, 2632 }, // U+0218
    { 8, 14, 126, 0, 9, 14, 2650 }, // U+0219
    { 9, 16, 141, 1, 11, 18, 2664 }, // U+021A
    { 7, 17, 100, 0, 12, 15, 2682 }, // U+021B
    { 9, 11, 152, 1, 11, 13, 2697 }, // U+0404
    { 3, 11, 78, 1, 11, 5, 2710 }, // U+0406
    { 11, 11, 156, -1, 11, 16, 2715 }, // U+0410
    { 8, 11, 157, 1, 11, 11, 2731 }, // U+0411
    { 9, 11, 164, 1, 11, 13, 2742 }, // U+0412
    { 8, 11, 136, 1, 11, 11, 2755 }, // U+0413
    { 10, 14, 166, 0, 11, 18, 2766 }, // U+0414
    { 7, 11, 141, 1, 11, 10, 2784 }, // U+0415
    { 16, 11, 231, -1, 11, 22, 2794 }, // U+0416
    { 9, 11, 142, 0, 11, 13, 2816 }, // U+0417
    { 9, 11, 179, 1, 11, 13, 2829 }, // U+0418
    { 9, 15, 179, 1, 15, 17, 2842 }, // U+0419
    { 9, 11, 162, 1, 11, 13, 2859 }, // U+041A
    { 11, 12, 175, -1, 11, 17, 2872 }, // U+041B
    { 13, 11, 209, 0, 11, 18, 2889 }, // U+041C
    { 9, 11, 179, 1, 11, 13, 2907 }, // U+041D
    { 10, 11, 184, 1, 11, 14, 2920 }, // U+041E
    { 9, 11, 178, 1, 11, 13, 2934 }, // U+041F
    { 8, 11, 159, 1, 11, 11, 2947 }, // U+0420
    { 9, 11, 152, 1, 11, 13, 2958 }, // U+0421
    { 9, 11, 141, 1, 11, 13, 2971 }, // U+0422
    { 11, 12, 149, -1, 11, 17, 2984 }, // U+0423
    { 13, 14, 224, 1, 13, 23, 3001 }, // U+0424
    { 10, 11, 150, 0, 11, 14, 3024 }, // U+0425
    { 10, 14, 181, 1, 11, 18, 3038 }, // U+0426
    { 9, 11, 164, 1, 11, 13, 3056 }, // U+0427
    { 13, 11, 245, 1, 11, 18, 3069 }, // U+0428
    { 14, 14, 249, 1, 11, 25, 3087 }, // U+0429
    { 12, 11, 223, 1, 11, 17, 3112 }, // U+042B
    { 8, 11, 156, 1, 11, 11, 3129 }, // U+042C
    { 9, 11, 144, 0, 11, 13, 3140 }, // U+042D
    { 10, 11, 162, 0, 11, 14, 3153 }, // U+042F
    { 8, 9, 146, 1, 9, 9, 3167 }, // U+0430
    { 9, 13, 155, 1, 13, 15, 3176 }, // U+0431
    { 8, 9, 149, 1, 9, 9, 3191 }, // U+0432
    { 7, 9, 114, 1, 9, 8, 3200 }, // U+0433
    { 9, 12, 148, 0, 9, 14, 3208 }, // U+0434
    { 8, 9, 146, 1, 9, 9, 3222 }, // U+0435
    { 13, 9, 199, 0, 9, 15, 3231 }, // U+0436
    { 8, 9, 132, 0, 9, 9, 3246 }, // U+0437
    { 8, 9, 158, 1, 9, 9, 3255 }, // U+0438
    { 8, 12, 158, 1, 12, 12, 3264 }, // U+0439
    { 8, 9, 143, 1, 9, 9, 3276 }, // U+043A
    { 9, 10, 152, 0, 9, 12, 3285 }, // U+043B
    { 11, 9, 179, 0, 9, 13, 3297 }, // U+043C
    { 8, 9, 156, 1, 9, 9, 3310 }, // U+043D
    { 9, 9, 156, 1, 9, 11, 3319 }, // U+043E
    { 8, 9, 155, 1, 9, 9, 3330 }, // U+043F
    { 8, 13, 157, 1, 9, 13, 3339 }, // U+0440
    { 7, 9, 128, 1, 9, 8, 3352 }, // U+0441
    { 9, 9, 124, 0, 9, 11, 3360 }, // U+0442
    { 9, 13, 135, 0, 9, 15, 3371 }, // U+0443
    { 13, 17, 218, 1, 13, 28, 3386 }, // U+0444
    { 10, 9, 133, -1, 9, 12, 3414 }, // U+0445
    { 9, 12, 157, 1, 9, 14, 3426 }, // U+0446
    { 8, 9, 146, 1, 9, 9, 3440 }, // U+0447
    { 11, 9, 209, 1, 9, 13, 3449 }, // U+0448
    { 12, 12, 213, 1, 9, 18, 3462 }, // U+0449
    { 10, 9, 162, 0, 9, 12, 3480 }, // U+044A
    { 10, 9, 199, 1, 9, 12, 3492 }, // U+044B
    { 7, 9, 138, 1, 9, 8, 3504 }, // U+044C
    { 8, 9, 129, 0, 9, 9, 3512 }, // U+044D
    { 12, 9, 212, 1, 9, 14, 3521 }, // U+044E
    { 8, 9, 147, 0, 9, 9, 3535 }, // U+044F
    { 8, 14, 146, 1, 14, 14, 3544 }, // U+0451
    { 8, 9, 129, 1, 9, 9, 3558 }, // U+0454
    { 3, 13, 74, 1, 13, 5, 3567 }, // U+0456
    { 6, 13, 74, -1, 13, 10, 3572 }, // U+0457
    { 9, 16, 135, 0, 12, 18, 3582 }, // U+045E
    { 6, 11, 115, 1, 11, 9, 3600 }, // U+0491
    { 9, 11, 138, 1, 11, 13, 3609 }, // U+0492
    { 7, 9, 118, 1, 9, 8, 3622 }, // U+0493
    { 9, 13, 162, 1, 11, 15, 3630 }, // U+049A
    { 8, 11, 145, 1, 9, 11, 3645 }, // U+049B
    { 10, 13, 184, 1, 11, 17, 3656 }, // U+04A2
    { 9, 11, 160, 1, 9, 13, 3673 }, // U+04A3
    { 10, 11, 153, 0, 11, 14, 3686 }, // U+04AE
    { 10, 13, 134, -1, 9, 17, 3700 }, // U+04AF
    { 10, 11, 153, 0, 11, 14, 3717 }, // U+04B0
    { 9, 13, 134, -1, 9, 15, 3731 }, // U+04B1
    { 10, 11, 172, 1, 11, 14, 3746 }, // U+04D8
    { 8, 9, 148, 1, 9, 9, 3760 }, // U+04D9
    { 10, 11, 184, 1, 11, 14, 3769 }, // U+04E8
    { 9, 9, 156, 1, 9, 11, 3783 }, // U+04E9
    { 3, 3, 0, 1, -1, 2, 3794 }, // U+0591
    { 3, 3, 0, 1, 13, 2, 3796 }, // U+0592
    { 3, 3, 0, 1, 14, 2, 3798 }, // U+0593
    { 2, 3, 0, 1, 13, 1, 3800 }, // U+0594
    { 3, 3, 0, 1, 14, 2, 3801 }, // U+0595
    { 3, 3, 0, 1, -1, 2, 3803 }, // U+0596
    { 2, 3, 0, 1, 13, 1, 3805 }, // U+0597
    { 4, 4, 0, 1, 13, 2, 3806 }, // U+0598
    { 3, 3, 0, 0, 13, 2, 3808 }, // U+0599
    { 2, 3, 0, 1, -1, 1, 3810 }, // U+059A
    { 3, 3, 0, 0, -1, 2, 3811 }, // U+059B
    { 3, 3, 0, 1, 13, 2, 3813 }, // U+059C
    { 3, 3, 0, 1, 13, 2, 3815 }, // U+059D
    { 5, 3, 0, 1, 13, 2, 3817 }, // U+059E
    { 4, 3, 0, 1, 13, 2, 3819 }, // U+059F
    { 4, 3, 0, 0, 13, 2, 3821 }, // U+05A0
    { 3, 2, 0, 1, 13, 1, 3823 }, // U+05A1
    { 3, 3, 0, 1, -1, 2, 3824 }, // U+05A2
    { 2, 3, 0, 1, -1, 1, 3826 }, // U+05A3
    { 2, 3, 0, 1, -1, 1, 3827 }, // U+05A4
    { 3, 3, 0, 0, -1, 2, 3828 }, // U+05A5
    { 5, 3, 0, 0, -1, 2, 3830 }, // U+05A6
    { 4, 3, 0, 0, -1, 2, 3832 }, // U+05A7
    { 3, 3, 0, 0, 13, 2, 3834 }, // U+05A8
    { 3, 3, 0, 1, 13, 2, 3836 }, // U+05A9
    { 3, 3, 0, 1, -1, 2, 3838 }, // U+05AA
    { 2, 3, 0, 1, 13, 1, 3840 }, // U+05AB
    { 3, 3, 0, 0, 13, 2, 3841 }, // U+05AC
    { 3, 3, 0, 1, -1, 2, 3843 }, // U+05AD
    { 4, 4, 0, 1, 13, 2, 3845 }, // U+05AE
    { 3, 3, 0, 1, 14, 2, 3847 }, // U+05AF
    { 2, 3, 0, 1, -1, 1, 3849 }, // U+05B0
    { 5, 3, 0, 1, -1, 2, 3850 }, // U+05B1
    { 6, 3, 0, 1, -1, 3, 3852 }, // U+05B2
    { 7, 3, 0, 0, -1, 3, 3855 }, // U+05B3
    { 2, 1, 0, 1, -1, 1, 3858 }, // U+05B4
    { 3, 1, 0, 1, -1, 1, 3859 }, // U+05B5
    { 3, 3, 0, 1, -1, 2, 3860 }, // U+05B6
    { 4, 1, 0, 1, -1, 1, 3862 }, // U+05B7
    { 5, 3, 0, 0, -1, 2, 3863 }, // U+05B8
    { 2, 1, 0, 1, 11, 1, 3865 }, // U+05B9
    { 2, 1, 0, 1, 11, 1, 3866 }, // U+05BA
    { 4, 3, 0, 1, -1, 2, 3867 }, // U+05BB
    { 2, 1, 0, 1, 5, 1, 3869 }, // U+05BC
    { 1, 3, 0, 1, -1, 1, 3870 }, // U+05BD
    { 4, 2, 95, 1, 10, 1, 3871 }, // U+05BE
    { 4, 1, 0, 1, 11, 1, 3872 }, // U+05BF
    { 3, 7, 81, 2, 8, 3, 3873 }, // U+05C0
    { 2, 1, 0, 1, 11, 1, 3876 }, // U+05C1
    { 2, 1, 0, 1, 11, 1, 3877 }, // U+05C2
    { 3, 9, 64, 1, 9, 4, 3878 }, // U+05C3
    { 2, 1, 0, 1, 11, 1, 3882 }, // U+05C4
    { 2, 1, 0, 1, -1, 1, 3883 }, // U+05C5
    { 5, 9, 102, 1, 9, 6, 3884 }, // U+05C6
    { 3, 4, 0, 1, 0, 2, 3890 }, // U+05C7
    { 10, 9, 156, 0, 9, 12, 3892 }, // U+05D0
    { 8, 9, 136, 0, 9, 9, 3904 }, // U+05D1
    { 7, 9, 104, 0, 9, 8, 3913 }, // U+05D2
    { 8, 9, 131, 0, 9, 9, 3921 }, // U+05D3
    { 8, 9, 164, 1, 9, 9, 3930 }, // U+05D4
    { 5, 9, 89, 0, 9, 6, 3939 }, // U+05D5
    { 6, 9, 96, 0, 9, 7, 3945 }, // U+05D6
    { 8, 9, 165, 1, 9, 9, 3952 }, // U+05D7
    { 10, 9, 164, 0, 9, 12, 3961 }, // U+05D8
    { 5, 7, 78, 0, 9, 5, 3973 }, // U+05D9
    { 8, 13, 137, 1, 9, 13, 3978 }, // U+05DA
    { 8, 9, 137, 0, 9, 9, 3991 }, // U+05DB
    { 8, 13, 135, 1, 12, 13, 4000 }, // U+05DC
    { 9, 9, 167, 0, 9, 11, 4013 }, // U+05DD
    { 10, 9, 169, 1, 9, 12, 4024 }, // U+05DE
    { 3, 14, 81, 1, 9, 6, 4036 }, // U+05DF
    { 6, 9, 102, 0, 9, 7, 4042 }, // U+05E0
    { 9, 9, 170, 1, 9, 11, 4049 }, // U+05E1
    { 10, 11, 147, -1, 9, 14, 4060 }, // U+05E2
    { 9, 14, 165, 1, 9, 16, 4074 }, // U+05E3
    { 9, 9, 158, 1, 9, 11, 4090 }, // U+05E4
    { 9, 13, 137, 0, 9, 15, 4101 }, // U+05E5
    { 10, 9, 148, -1, 9, 12, 4116 }, // U+05E6
    { 9, 13, 164, 1, 9, 15, 4128 }, // U+05E7
    { 8, 9, 138, 1, 9, 9, 4143 }, // U+05E8
    { 12, 9, 198, 0, 9, 14, 4152 }, // U+05E9
    { 10, 9, 170, 0, 9, 12, 4166 }, // U+05EA
    { 9, 9, 165, 0, 9, 11, 4178 }, // U+05F0
    { 9, 9, 157, 0, 9, 11, 4189 }, // U+05F1
    { 9, 7, 147, 0, 9, 8, 4200 }, // U+05F2
    { 3, 4, 63, 1, 9, 2, 4208 }, // U+05F3
    { 6, 4, 114, 1, 9, 3, 4210 }, // U+05F4
    { 14, 8, 272, 1, 8, 14, 4213 }, // U+0600
    { 12, 13, 234, 1, 12, 20, 4227 }, // U+0609
    { 12, 13, 296, 1, 12, 20, 4247 }, // U+060A
    { 8, 18, 132, 0, 13, 18, 4267 }, // U+060B
    { 3, 5, 79, 1, 5, 2, 4285 }, // U+060C
    { 5, 8, 89, 0, 6, 5, 4287 }, // U+060D
    { 5, 4, 0, 1, 14, 3, 4292 }, // U+0615
    { 3, 9, 79, 1, 9, 4, 4295 }, // U+061B
    { 5, 5, 160, 3, 15, 4, 4299 }, // U+061E
    { 7, 13, 126, 1, 13, 12, 4303 }, // U+061F
    { 12, 14, 213, 1, 10, 21, 4315 }, // U+0620
    { 8, 7, 125, 0, 7, 7, 4336 }, // U+0621
    { 5, 13, 62, -1, 13, 9, 4343 }, // U+0622
    { 4, 15, 62, 0, 15, 8, 4352 }, // U+0623
    { 8, 16, 137, 0, 11, 16, 4360 }, // U+0624
    { 4, 18, 62, 0, 13, 9, 4376 }, // U+0625
    { 13, 13, 213, 0, 10, 22, 4385 }, // U+0626
    { 2, 13, 62, 1, 13, 4, 4407 }, // U+0627
    { 13, 12, 237, 1, 8, 20, 4411 }, // U+0628
    { 7, 13, 134, 1, 13, 12, 4431 }, // U+0629
    { 13, 9, 237, 1, 9, 15, 4443 }, // U+062A
    { 13, 11, 237, 1, 11, 18, 4458 }, // U+062B
    { 11, 15, 168, 0, 8, 21, 4476 }, // U+062C
    { 12, 15, 168, 0, 9, 23, 4497 }, // U+062D
    { 12, 18, 168, 0, 12, 27, 4520 }, // U+062E
    { 8, 10, 128, 0, 10, 10, 4547 }, // U+062F
    { 8, 13, 128, 0, 13, 13, 4557 }, // U+0630
    { 7, 12, 99, -1, 7, 11, 4570 }, // U+0631
    { 7, 15, 99, -1, 11, 14, 4581 }, // U+0632
    { 19, 12, 332, 1, 7, 29, 4595 }, // U+0633
    { 19, 17, 332, 1, 12, 41, 4624 }, // U+0634
    { 21, 13, 355, 1, 8, 35, 4665 }, // U+0635
    { 21, 16, 355, 1, 11, 42, 4700 }, // U+0636
    { 13, 14, 214, 0, 14, 23, 4742 }, // U+0637
    { 13, 14, 214, 0, 14, 23, 4765 }, // U+0638
    { 10, 15, 158, 1, 9, 19, 4788 }, // U+0639
    { 10, 18, 158, 1, 12, 23, 4807 }, // U+063A
    { 14, 15, 246, 1, 15, 27, 4830 }, // U+063B
    { 14, 20, 246, 1, 14, 35, 4857 }, // U+063C
    { 4, 3, 32, -1, 3, 2, 4892 }, // U+0640
    { 13, 13, 238, 1, 13, 22, 4894 }, // U+0641
    { 11, 15, 205, 1, 10, 21, 4916 }, // U+0642
    { 12, 14, 218, 1, 14, 21, 4937 }, // U+0643
    { 10, 17, 184, 1, 13, 22, 4958 }, // U+0644
    { 10, 14, 181, 1, 8, 18, 4980 }, // U+0645
    { 10, 12, 184, 1, 8, 15, 4998 }, // U+0646
    { 7, 10, 134, 1, 10, 9, 5013 }, // U+0647
    { 8, 12, 137, 0, 7, 12, 5022 }, // U+0648
    { 12, 13, 213, 1, 10, 20, 5034 }, // U+0649
    { 12, 16, 213, 1, 10, 24, 5054 }, // U+064A
    { 4, 5, 0, 1, 14, 3, 5078 }, // U+064B
    { 5, 5, 0, 1, 14, 4, 5081 }, // U+064C
    { 4, 5, 0, 1, 0, 3, 5085 }, // U+064D
    { 4, 3, 0, 1, 12, 2, 5088 }, // U+064E
    { 4, 5, 0, 0, 14, 3, 5090 }, // U+064F
    { 4, 3, 0, 1, 0, 2, 5093 }, // U+0650
    { 5, 4, 0, 0, 13, 3, 5095 }, // U+0651
    { 4, 3, 0, 1, 13, 2, 5098 }, // U+0652
    { 5, 3, 0, 1, 12, 2, 5100 }, // U+0653
    { 5, 4, 0, 1, 13, 3, 5102 }, // U+0654
    { 5, 4, 0, 1, -1, 3, 5105 }, // U+0655
    { 2, 4, 0, 1, 0, 1, 5108 }, // U+0656
    { 5, 2, 0, 0, 12, 2, 5109 }, // U+0658
    { 5, 3, 0, 1, 13, 2, 5111 }, // U+065A
    { 5, 3, 0, 1, 13, 2, 5113 }, // U+065B
    { 4, 5, 0, 1, 14, 3, 5115 }, // U+065D
    { 7, 5, 0, 0, 4, 5, 5118 }, // U+065F
    { 4, 4, 107, 1, 7, 2, 5123 }, // U+0660
    { 3, 11, 73, 1, 11, 5, 5125 }, // U+0661
    { 7, 11, 131, 1, 11, 10, 5130 }, // U+0662
    { 9, 11, 160, 1, 11, 13, 5140 }, // U+0663
    { 7, 12, 117, 1, 12, 11, 5153 }, // U+0664
    { 7, 9, 150, 1, 10, 8, 5164 }, // U+0665
    { 8, 12, 126, -1, 12, 12, 5172 }, // U+0666
    { 9, 11, 144, 0, 11, 13, 5184 }, // U+0667
    { 9, 11, 144, 0, 10, 13, 5197 }, // U+0668
    { 8, 12, 138, 1, 11, 12, 5210 }, // U+0669
    { 9, 13, 187, 1, 12, 15, 5222 }, // U+066A
    { 4, 6, 78, 0, 3, 3, 5237 }, // U+066B
    { 4, 6, 66, 0, 10, 3, 5240 }, // U+066C
    { 13, 12, 218, 0, 11, 20, 5243 }, // U+066D
    { 13, 8, 237, 1, 8, 13, 5263 }, // U+066E
    { 11, 12, 205, 1, 7, 17, 5276 }, // U+066F
    { 2, 4, 0, 1, 14, 1, 5293 }, // U+0670
    { 5, 15, 62, -1, 15, 10, 5294 }, // U+0671
    { 6, 15, 62, -1, 15, 12, 5304 }, // U+0672
    { 6, 17, 62, -2, 13, 13, 5316 }, // U+0673
    { 5, 4, 0, 1, 12, 3, 5329 }, // U+0674
    { 7, 13, 116, 1, 13, 12, 5332 }, // U+0675
    { 9, 17, 137, 0, 12, 20, 5344 }, // U+0676
    { 8, 21, 137, 0, 16, 21, 5364 }, // U+0677
    { 13, 17, 213, 1, 14, 28, 5385 }, // U+0678
    { 13, 10, 237, 1, 10, 17, 5413 }, // U+0679
    { 13, 11, 237, 1, 11, 18, 5430 }, // U+067A
    { 13, 14, 237, 1, 8, 23, 5448 }, // U+067B
    { 13, 11, 232, 1, 9, 18, 5471 }, // U+067C
    { 13, 12, 237, 1, 12, 20, 5489 }, // U+067D
    { 13, 14, 237, 1, 8, 23, 5509 }, // U+067E
    { 13, 11, 237, 1, 11, 18, 5532 }, // U+067F
    { 13, 14, 237, 1, 8, 23, 5550 }, // U+0680
    { 12, 19, 168, 0, 13, 29, 5573 }, // U+0681
    { 12, 20, 168, 0, 14, 30, 5602 }, // U+0682
    { 12, 15, 168, 0, 8, 23, 5632 }, // U+0683
    { 11, 15, 168, 0, 9, 21, 5655 }, // U+0684
    { 12, 20, 168, 0, 13, 30, 5676 }, // U+0685
    { 12, 15, 168, 0, 9, 23, 5706 }, // U+0686
    { 12, 15, 168, 0, 9, 23, 5729 }, // U+0687
    { 7, 14, 128, 0, 14, 13, 5752 }, // U+0688
    { 8, 12, 128, -1, 10, 12, 5765 }, // U+0689
    { 8, 14, 128, 0, 10, 14, 5777 }, // U+068A
    { 7, 18, 128, 0, 14, 16, 5791 }, // U+068B
    { 8, 13, 128, 0, 13, 13, 5807 }, // U+068C
    { 7, 14, 128, 0, 10, 13, 5820 }, // U+068D
    { 8, 15, 128, 0, 15, 15, 5833 }, // U+068E
    { 8, 15, 128, 0, 15, 15, 5848 }, // U+068F
    { 8, 15, 128, 0, 15, 15, 5863 }, // U+0690
    { 7, 16, 99, -2, 12, 14, 5878 }, // U+0691
    { 7, 15, 99, -1, 10, 14, 5892 }, // U+0692
    { 7, 12, 99, -2, 7, 11, 5906 }, // U+0693
    { 7, 13, 99, -1, 6, 12, 5917 }, // U+0694
    { 7, 13, 99, -1, 6, 12, 5929 }, // U+0695
    { 7, 17, 99, -1, 10, 15, 5941 }, // U+0696
    { 7, 16, 99, -1, 11, 14, 5956 }, // U+0697
    { 7, 17, 99, -1, 13, 15, 5970 }, // U+0698
    { 6, 17, 99, -1, 12, 13, 5985 }, // U+0699
    { 19, 14, 332, 1, 9, 34, 5998 }, // U+069A
    { 19, 14, 332, 1, 7, 34, 6032 }, // U+069B
    { 19, 19, 332, 1, 12, 46, 6066 }, // U+069C
    { 21, 15, 355, 1, 8, 40, 6112 }, // U+069D
    { 21, 18, 355, 1, 13, 48, 6152 }, // U+069E
    { 13, 14, 214, 0, 14, 23, 6200 }, // U+069F
    { 10, 20, 158, 1, 14, 25, 6223 }, // U+06A0
    { 13, 11, 238, 1, 11, 18, 6248 }, // U+06A1
    { 13, 15, 238, 1, 11, 25, 6266 }, // U+06A2
    { 13, 17, 238, 1, 13, 28, 6291 }, // U+06A3
    { 13, 16, 238, 1, 16, 26, 6319 }, // U+06A4
    { 13, 17, 238, 1, 11, 28, 6345 }, // U+06A5
    { 13, 16, 238, 1, 16, 26, 6373 }, // U+06A6
    { 11, 15, 205, 1, 10, 21, 6399 }, // U+06A7
    { 11, 17, 205, 1, 12, 24, 6420 }, // U+06A8
    { 14, 14, 246, 1, 14, 25, 6444 }, // U+06A9
    { 20, 11, 334, 0, 11, 28, 6469 }, // U+06AA
    { 14, 14, 246, 1, 14, 25, 6497 }, // U+06AB
    { 12, 17, 218, 1, 17, 26, 6522 }, // U+06AC
    { 14, 19, 218, 1, 19, 34, 6548 }, // U+06AD
    { 12, 20, 218, 1, 14, 30, 6582 }, // U+06AE
    { 14, 16, 246, 1, 16, 28, 6612 }, // U+06AF
    { 14, 16, 246, 1, 16, 28, 6640 }, // U+06B0
    { 14, 16, 246, 1, 16, 28, 6668 }, // U+06B1
    { 14, 20, 246, 1, 16, 35, 6696 }, // U+06B2
    { 14, 22, 246, 1, 16, 39, 6731 }, // U+06B3
    { 14, 18, 246, 1, 18, 32, 6770 }, // U+06B4
    { 11, 20, 184, 1, 16, 28, 6802 }, // U+06B5
    { 10, 20, 184, 1, 16, 25, 6830 }, // U+06B6
    { 11, 22, 184, 1, 18, 31, 6855 }, // U+06B7
    { 10, 23, 184, 1, 14, 29, 6886 }, // U+06B8
    { 10, 16, 184, 1, 8, 20, 6915 }, // U+06B9
    { 10, 10, 184, 1, 6, 13, 6935 }, // U+06BA
    { 10, 14, 184, 1, 10, 18, 6948 }, // U+06BB
    { 10, 14, 184, 1, 8, 18, 6966 }, // U+06BC
    { 10, 15, 184, 1, 11, 19, 6984 }, // U+06BD
    { 11, 10, 188, 0, 10, 14, 7003 }, // U+06BE
    { 12, 18, 168, 0, 12, 27, 7017 }, // U+06BF
    { 7, 14, 134, 1, 14, 13, 7044 }, // U+06C0
    { 7, 10, 134, 1, 10, 9, 7057 }, // U+06C1
    { 7, 14, 134, 1, 14, 13, 7066 }, // U+06C2
    { 7, 13, 134, 1, 13, 12, 7079 }, // U+06C3
    { 8, 12, 137, 0, 7, 12, 7091 }, // U+06C4
    { 8, 12, 137, 0, 7, 12, 7103 }, // U+06C5
    { 8, 16, 137, 0, 11, 16, 7115 }, // U+06C6
    { 8, 16, 137, 0, 11, 16, 7131 }, // U+06C7
    { 8, 16, 137, 0, 11, 16, 7147 }, // U+06C8
    { 8, 16, 137, 0, 11, 16, 7163 }, // U+06C9
    { 8, 16, 137, 0, 11, 16, 7179 }, // U+06CA
    { 8, 17, 137, 0, 12, 17, 7195 }, // U+06CB
    { 12, 13, 213, 1, 10, 20, 7212 }, // U+06CC
    { 14, 13, 227, 0, 10, 23, 7232 }, // U+06CD
    { 12, 13, 213, 1, 10, 20, 7255 }, // U+06CE
    { 8, 15, 137, 0, 10, 15, 7275 }, // U+06CF
    { 12, 18, 213, 1, 10, 27, 7290 }, // U+06D0
    { 12, 18, 213, 1, 10, 27, 7317 }, // U+06D1
    { 18, 9, 297, 0, 9, 21, 7344 }, // U+06D2
    { 18, 13, 297, 1, 13, 30, 7365 }, // U+06D3
    { 5, 3, 100, 0, 3, 2, 7395 }, // U+06D4
    { 7, 10, 134, 1, 10, 9, 7397 }, // U+06D5
    { 8, 13, 128, 0, 13, 13, 7406 }, // U+06EE
    { 4, 4, 107, 1, 7, 2, 7419 }, // U+06F0
    { 3, 11, 73, 1, 11, 5, 7421 }, // U+06F1
    { 7, 11, 131, 1, 11, 10, 7426 }, // U+06F2
    { 9, 11, 160, 1, 11, 13, 7436 }, // U+06F3
    { 9, 11, 141, 1, 11, 13, 7449 }, // U+06F4
    { 8, 12, 156, 1, 12, 12, 7462 }, // U+06F5
    { 8, 13, 139, 0, 12, 13, 7474 }, // U+06F6
    { 9, 11, 144, 0, 11, 13, 7487 }, // U+06F7
    { 9, 11, 144, 0, 10, 13, 7500 }, // U+06F8
    { 8, 12, 138, 1, 11, 12, 7513 }, // U+06F9
    { 19, 17, 332, 1, 12, 41, 7525 }, // U+06FA
    { 21, 16, 355, 1, 11, 42, 7566 }, // U+06FB
    { 9, 18, 158, 1, 12, 21, 7608 }, // U+06FC
    { 8, 12, 125, 0, 7, 12, 7629 }, // U+06FD
    { 10, 14, 181, 1, 8, 18, 7641 }, // U+06FE
    { 11, 13, 188, 0, 13, 18, 7659 }, // U+06FF
    { 19, 16, 332, 1, 11, 38, 7677 }, // U+075C
    { 8, 13, 146, 1, 9, 13, 7715 }, // U+1EA1
    { 11, 17, 156, -1, 17, 24, 7728 }, // U+1EA2
    { 8, 15, 146, 1, 15, 15, 7752 }, // U+1EA3
    { 9, 16, 146, 1, 16, 18, 7767 }, // U+1EA5
    { 11, 18, 156, -1, 18, 25, 7785 }, // U+1EA6
    { 10, 16, 146, -1, 16, 20, 7810 }, // U+1EA7
    { 11, 18, 156, 0, 18, 25, 7830 }, // U+1EA8
    { 9, 17, 146, 1, 17, 20, 7855 }, // U+1EA9
    { 8, 16, 146, 1, 16, 16, 7875 }, // U+1EAB
    { 10, 19, 156, 0, 15, 24, 7891 }, // U+1EAC
    { 8, 17, 146, 1, 13, 17, 7915 }, // U+1EAD
    { 11, 18, 156, -1, 18, 25, 7932 }, // U+1EAE
    { 8, 16, 146, 1, 16, 16, 7957 }, // U+1EAF
    { 8, 16, 146, 1, 16, 16, 7973 }, // U+1EB1
    { 8, 16, 146, 1, 16, 16, 7989 }, // U+1EB5
    { 8, 17, 146, 1, 13, 17, 8005 }, // U+1EB7
    { 9, 13, 146, 1, 9, 15, 8022 }, // U+1EB9
    { 8, 15, 146, 1, 15, 15, 8037 }, // U+1EBB
    { 8, 14, 146, 1, 14, 14, 8052 }, // U+1EBD
    { 10, 16, 146, 1, 16, 20, 8066 }, // U+1EBF
    { 9, 18, 141, -1, 18, 21, 8086 }, // U+1EC0
    { 9, 16, 146, 0, 16, 18, 8107 }, // U+1EC1
    { 9, 17, 146, 1, 17, 20, 8125 }, // U+1EC3
    { 9, 17, 146, 1, 13, 20, 8145 }, // U+1EC7
    { 4, 14, 74, 0, 14, 7, 8165 }, // U+1EC9
    { 3, 18, 74, 1, 14, 7, 8172 }, // U+1ECB
    { 10, 15, 184, 1, 11, 19, 8179 }, // U+1ECC
    { 9, 13, 156, 1, 9, 15, 8198 }, // U+1ECD
    { 9, 15, 156, 1, 15, 17, 8213 }, // U+1ECF
    { 10, 18, 184, 1, 18, 23, 8230 }, // U+1ED0
    { 9, 16, 156, 1, 16, 18, 8253 }, // U+1ED1
    { 10, 18, 184, 1, 18, 23, 8271 }, // U+1ED2
    { 10, 16, 156, 0, 16, 20, 8294 }, // U+1ED3
    { 9, 17, 156, 1, 17, 20, 8314 }, // U+1ED5
    { 9, 16, 156, 1, 16, 18, 8334 }, // U+1ED7
    { 10, 19, 184, 1, 15, 24, 8352 }, // U+1ED8
    { 9, 17, 156, 1, 13, 20, 8376 }, // U+1ED9
    { 10, 14, 163, 1, 14, 18, 8396 }, // U+1EDB
    { 10, 14, 163, 1, 14, 18, 8414 }, // U+1EDD
    { 11, 17, 189, 1, 17, 24, 8432 }, // U+1EDE
    { 10, 15, 163, 1, 15, 19, 8456 }, // U+1EDF
    { 10, 14, 163, 1, 14, 18, 8475 }, // U+1EE1
    { 10, 15, 163, 1, 11, 19, 8493 }, // U+1EE3
    { 8, 13, 152, 1, 9, 13, 8512 }, // U+1EE5
    { 9, 17, 175, 1, 17, 20, 8525 }, // U+1EE6
    { 8, 15, 152, 1, 15, 15, 8545 }, // U+1EE7
    { 10, 14, 166, 1, 14, 18, 8560 }, // U+1EE9
    { 10, 14, 166, 1, 14, 18, 8578 }, // U+1EEB
    { 10, 15, 166, 1, 15, 19, 8596 }, // U+1EED
    { 10, 14, 166, 1, 14, 18, 8615 }, // U+1EEF
    { 10, 15, 166, 1, 11, 19, 8633 }, // U+1EF1
    { 1, 15, 0, 0, 13, 2, 8652 }, // U+200C
    { 3, 16, 0, -1, 14, 6, 8654 }, // U+200D
    { 3, 18, 0, 0, 15, 7, 8660 }, // U+200E
    { 3, 18, 0, -2, 15, 7, 8667 }, // U+200F
    { 8, 2, 139, 1, 6, 2, 8674 }, // U+2013
    { 12, 2, 212, 1, 6, 3, 8676 }, // U+2014
    { 3, 5, 63, 1, 13, 2, 8679 }, // U+2018
    { 4, 5, 63, 0, 13, 3, 8681 }, // U+2019
    { 6, 5, 114, 1, 13, 4, 8684 }, // U+201C
    { 7, 5, 114, 0, 13, 5, 8688 }, // U+201D
    { 7, 5, 114, 0, 2, 5, 8693 }, // U+201E
    { 11, 3, 195, 1, 3, 5, 8698 }, // U+2026
    { 5, 8, 78, 0, 9, 5, 8703 }, // U+FB1D
    { 5, 2, 0, 0, 13, 2, 8708 }, // U+FB1E
    { 9, 8, 147, 0, 9, 9, 8710 }, // U+FB1F
    { 10, 9, 151, 0, 9, 12, 8719 }, // U+FB20
    { 16, 9, 252, 0, 9, 18, 8731 }, // U+FB21
    { 14, 9, 222, 0, 9, 16, 8749 }, // U+FB22
    { 14, 9, 262, 1, 9, 16, 8765 }, // U+FB23
    { 15, 9, 241, 0, 9, 17, 8781 }, // U+FB24
    { 13, 13, 226, 1, 12, 22, 8798 }, // U+FB25
    { 15, 9, 255, 0, 9, 17, 8820 }, // U+FB26
    { 14, 9, 238, 1, 9, 16, 8837 }, // U+FB27
    { 16, 9, 272, 0, 9, 18, 8853 }, // U+FB28
    { 9, 6, 176, 1, 9, 7, 8871 }, // U+FB29
    { 12, 11, 198, 0, 11, 17, 8878 }, // U+FB2A
    { 12, 11, 198, 0, 11, 17, 8895 }, // U+FB2B
    { 12, 11, 198, 0, 11, 17, 8912 }, // U+FB2C
    { 12, 11, 198, 0, 11, 17, 8929 }, // U+FB2D
    { 10, 11, 156, 0, 9, 14, 8946 }, // U+FB2E
    { 10, 13, 156, 0, 9, 17, 8960 }, // U+FB2F
    { 10, 9, 156, 0, 9, 12, 8977 }, // U+FB30
    { 8, 9, 136, 0, 9, 9, 8989 }, // U+FB31
    { 7, 9, 104, 0, 9, 8, 8998 }, // U+FB32
    { 8, 9, 131, 0, 9, 9, 9006 }, // U+FB33
    { 8, 9, 164, 1, 9, 9, 9015 }, // U+FB34
    { 5, 9, 90, 0, 9, 6, 9024 }, // U+FB35
    { 6, 9, 97, 0, 9, 7, 9030 }, // U+FB36
    { 10, 9, 164, 0, 9, 12, 9037 }, // U+FB38
    { 5, 6, 82, 0, 9, 4, 9049 }, // U+FB39
    { 8, 13, 137, 1, 9, 13, 9053 }, // U+FB3A
    { 8, 9, 137, 0, 9, 9, 9066 }, // U+FB3B
    { 8, 13, 135, 1, 12, 13, 9075 }, // U+FB3C
    { 10, 9, 169, 1, 9, 12, 9088 }, // U+FB3E
    { 6, 9, 102, 0, 9, 7, 9100 }, // U+FB40
    { 9, 9, 170, 1, 9, 11, 9107 }, // U+FB41
    { 9, 13, 165, 1, 9, 15, 9118 }, // U+FB43
    { 9, 9, 158, 1, 9, 11, 9133 }, // U+FB44
    { 10, 9, 148, -1, 9, 12, 9144 }, // U+FB46
    { 9, 13, 164, 1, 9, 15, 9156 }, // U+FB47
    { 8, 9, 138, 1, 9, 9, 9171 }, // U+FB48
    { 12, 9, 198, 0, 9, 14, 9180 }, // U+FB49
    { 10, 9, 170, 0, 9, 12, 9194 }, // U+FB4A
    { 5, 11, 89, 0, 11, 7, 9206 }, // U+FB4B
    { 8, 11, 136, 0, 11, 11, 9213 }, // U+FB4C
    { 8, 11, 137, 0, 11, 11, 9224 }, // U+FB4D
    { 9, 11, 158, 1, 11, 13, 9235 }, // U+FB4E
    { 9, 13, 150, 1, 13, 15, 9248 }, // U+FB4F
    { 6, 15, 67, -1, 15, 12, 9263 }, // U+FB51
    { 16, 12, 262, 1, 6, 24, 9275 }, // U+FB53
    { 5, 13, 82, -1, 7, 9, 9299 }, // U+FB54
    { 7, 12, 90, -1, 6, 11, 9308 }, // U+FB55
    { 16, 13, 262, 1, 6, 26, 9319 }, // U+FB57
    { 6, 14, 82, 0, 7, 11, 9345 }, // U+FB58
    { 7, 12, 90, 0, 6, 11, 9356 }, // U+FB59
    { 16, 13, 262, 1, 6, 26, 9367 }, // U+FB5B
    { 5, 14, 82, 0, 7, 9, 9393 }, // U+FB5C
    { 6, 13, 90, 0, 6, 10, 9402 }, // U+FB5D
    { 16, 11, 262, 1, 11, 22, 9412 }, // U+FB5F
    { 5, 13, 82, -1, 13, 9, 9434 }, // U+FB60
    { 7, 12, 90, -1, 12, 11, 9443 }, // U+FB61
    { 16, 11, 262, 1, 11, 22, 9454 }, // U+FB63
    { 5, 13, 82, -1, 13, 9, 9476 }, // U+FB64
    { 7, 11, 90, -1, 11, 10, 9485 }, // U+FB65
    { 16, 10, 262, 1, 10, 20, 9495 }, // U+FB67
    { 5, 12, 82, 0, 12, 8, 9515 }, // U+FB68
    { 7, 11, 90, -1, 11, 10, 9523 }, // U+FB69
    { 17, 15, 259, 1, 15, 32, 9533 }, // U+FB6B
    { 8, 16, 127, 0, 16, 16, 9565 }, // U+FB6C
    { 11, 14, 140, -1, 14, 20, 9581 }, // U+FB6D
    { 17, 13, 259, 1, 13, 28, 9601 }, // U+FB6F
    { 8, 15, 127, 0, 15, 15, 9629 }, // U+FB70
    { 11, 15, 140, -1, 15, 21, 9644 }, // U+FB71
    { 12, 16, 181, 0, 9, 24, 9665 }, // U+FB73
    { 12, 15, 189, -1, 9, 23, 9689 }, // U+FB74
    { 14, 14, 194, -1, 9, 25, 9712 }, // U+FB75
    { 12, 15, 181, 0, 8, 23, 9737 }, // U+FB77
    { 13, 13, 189, -1, 9, 22, 9760 }, // U+FB78
    { 14, 12, 194, -1, 9, 21, 9782 }, // U+FB79
    { 13, 16, 181, 0, 9, 26, 9803 }, // U+FB7B
    { 13, 16, 189, -1, 9, 26, 9829 }, // U+FB7C
    { 14, 14, 194, -1, 9, 25, 9855 }, // U+FB7D
    { 13, 15, 181, 0, 9, 25, 9880 }, // U+FB7F
    { 12, 16, 189, -1, 9, 24, 9905 }, // U+FB80
    { 13, 14, 194, -1, 9, 23, 9929 }, // U+FB81
    { 10, 14, 142, 0, 10, 18, 9952 }, // U+FB83
    { 9, 13, 142, 0, 13, 15, 9970 }, // U+FB85
    { 9, 15, 142, 0, 15, 17, 9985 }, // U+FB87
    { 9, 14, 142, 0, 14, 16, 10002 }, // U+FB89
    { 9, 17, 111, -1, 12, 20, 10018 }, // U+FB8B
    { 9, 16, 111, -2, 11, 18, 10038 }, // U+FB8D
    { 17, 13, 266, 1, 13, 28, 10056 }, // U+FB8F
    { 8, 13, 123, 0, 13, 13, 10084 }, // U+FB90
    { 11, 13, 145, -1, 13, 18, 10097 }, // U+FB91
    { 17, 15, 266, 1, 15, 32, 10115 }, // U+FB93
    { 8, 15, 124, 0, 15, 15, 10147 }, // U+FB94
    { 11, 15, 145, -1, 15, 21, 10162 }, // U+FB95
    { 17, 21, 266, 1, 15, 45, 10183 }, // U+FB97
    { 8, 21, 124, -1, 15, 21, 10228 }, // U+FB98
    { 11, 21, 145, -1, 15, 29, 10249 }, // U+FB99
    { 17, 16, 266, 1, 16, 34, 10278 }, // U+FB9B
    { 9, 16, 124, -2, 16, 18, 10312 }, // U+FB9C
    { 11, 16, 145, -1, 16, 22, 10330 }, // U+FB9D
    { 12, 11, 195, 1, 6, 17, 10352 }, // U+FB9F
    { 12, 14, 195, 1, 9, 21, 10369 }, // U+FBA1
    { 5, 12, 82, 0, 12, 8, 10390 }, // U+FBA2
    { 7, 11, 90, -1, 11, 10, 10398 }, // U+FBA3
    { 9, 13, 138, 1, 13, 15, 10408 }, // U+FBA5
    { 11, 7, 160, 0, 6, 10, 10423 }, // U+FBA7
    { 5, 12, 82, -1, 7, 8, 10433 }, // U+FBA8
    { 12, 12, 160, -1, 6, 18, 10441 }, // U+FBA9
    { 11, 13, 158, 0, 8, 18, 10459 }, // U+FBAB
    { 11, 10, 172, -1, 10, 14, 10477 }, // U+FBAC
    { 10, 13, 133, -1, 8, 17, 10491 }, // U+FBAD
    { 14, 8, 209, 1, 3, 14, 10508 }, // U+FBAF
    { 14, 12, 209, 1, 7, 21, 10522 }, // U+FBB1
    { 2, 3, 0, 4, 13, 1, 10543 }, // U+FBB2
    { 2, 3, 0, 4, -1, 1, 10544 }, // U+FBB3
    { 5, 3, 0, 3, 13, 2, 10545 }, // U+FBB4
    { 5, 3, 0, 3, 0, 2, 10547 }, // U+FBB5
    { 5, 5, 0, 3, 15, 4, 10549 }, // U+FBB6
    { 5, 5, 0, 3, 0, 4, 10553 }, // U+FBB7
    { 5, 5, 0, 3, 15, 4, 10557 }, // U+FBB8
    { 5, 5, 0, 3, 0, 4, 10561 }, // U+FBB9
    { 4, 5, 0, 3, 15, 3, 10565 }, // U+FBBA
    { 4, 5, 0, 3, 0, 3, 10568 }, // U+FBBB
    { 2, 5, 0, 4, 15, 2, 10571 }, // U+FBBD
    { 2, 6, 0, 4, 0, 2, 10573 }, // U+FBBE
    { 3, 3, 0, 3, 7, 2, 10575 }, // U+FBBF
    { 5, 4, 0, 1, -1, 3, 10577 }, // U+FBC1
    { 14, 19, 228, 1, 19, 34, 10580 }, // U+FBD4
    { 9, 16, 123, -1, 16, 18, 10614 }, // U+FBD5
    { 11, 16, 145, -1, 16, 22, 10632 }, // U+FBD6
    { 10, 16, 145, 0, 11, 20, 10654 }, // U+FBD8
    { 10, 16, 145, 0, 11, 20, 10674 }, // U+FBDA
    { 10, 16, 145, 0, 11, 20, 10694 }, // U+FBDC
    { 10, 17, 145, 0, 12, 22, 10714 }, // U+FBDF
    { 10, 12, 145, 0, 7, 15, 10736 }, // U+FBE1
    { 10, 16, 145, 0, 11, 20, 10751 }, // U+FBE3
    { 13, 14, 194, 1, 4, 23, 10771 }, // U+FBE5
    { 5, 13, 82, -1, 7, 9, 10794 }, // U+FBE6
    { 7, 12, 90, -1, 6, 11, 10803 }, // U+FBE7
    { 5, 7, 82, -1, 7, 5, 10814 }, // U+FBE8
    { 7, 6, 90, -1, 6, 6, 10819 }, // U+FBE9
    { 13, 8, 194, 1, 4, 13, 10825 }, // U+FBFD
    { 6, 11, 82, 0, 7, 9, 10838 }, // U+FBFE
    { 7, 10, 90, 0, 6, 9, 10847 }, // U+FBFF
    { 8, 17, 128, 0, 17, 17, 10856 }, // U+FC5B
    { 6, 16, 99, -1, 11, 12, 10873 }, // U+FC5C
    { 5, 8, 0, 0, 17, 5, 10885 }, // U+FC61
    { 5, 7, 0, 0, 16, 5, 10890 }, // U+FC63
    { 5, 15, 67, 0, 15, 10, 10895 }, // U+FD3C
    { 4, 15, 62, 1, 15, 8, 10905 }, // U+FD3D
    { 7, 18, 141, 1, 14, 16, 10913 }, // U+FD3E
    { 7, 18, 148, 0, 14, 16, 10929 }, // U+FD3F
    { 18, 16, 305, 1, 16, 36, 10945 }, // U+FDF2
    { 4, 5, 160, 1, 14, 3, 10981 }, // U+FE70
    { 5, 5, 160, 1, 14, 4, 10984 }, // U+FE72
    { 4, 5, 160, 1, 0, 3, 10988 }, // U+FE74
    { 4, 3, 160, 1, 12, 2, 10991 }, // U+FE76
    { 4, 5, 160, 0, 14, 3, 10993 }, // U+FE78
    { 5, 4, 160, 0, 13, 3, 10996 }, // U+FE7C
    { 4, 3, 160, 1, 13, 2, 10999 }, // U+FE7E
    { 6, 13, 67, -1, 13, 10, 11001 }, // U+FE82
    { 5, 15, 67, 0, 15, 10, 11011 }, // U+FE84
    { 10, 16, 145, 0, 11, 20, 11021 }, // U+FE86
    { 5, 18, 67, 0, 13, 12, 11041 }, // U+FE88
    { 14, 13, 194, 0, 9, 23, 11053 }, // U+FE8A
    { 5, 11, 82, 0, 11, 7, 11076 }, // U+FE8B
    { 7, 10, 90, -1, 10, 9, 11083 }, // U+FE8C
    { 4, 13, 67, 1, 13, 7, 11092 }, // U+FE8E
    { 16, 10, 262, 1, 6, 20, 11099 }, // U+FE90
    { 5, 11, 82, -1, 7, 7, 11119 }, // U+FE91
    { 7, 10, 90, -1, 6, 9, 11126 }, // U+FE92
    { 9, 13, 138, 1, 13, 15, 11135 }, // U+FE94
    { 16, 9, 262, 1, 9, 18, 11150 }, // U+FE96
    { 6, 11, 82, -1, 11, 9, 11168 }, // U+FE97
    { 7, 10, 90, 0, 10, 9, 11177 }, // U+FE98
    { 16, 10, 262, 1, 10, 20, 11186 }, // U+FE9A
    { 6, 13, 82, -1, 13, 10, 11206 }, // U+FE9B
    { 7, 12, 90, 0, 12, 11, 11216 }, // U+FE9C
    { 12, 15, 181, 0, 8, 23, 11227 }, // U+FE9E
    { 12, 13, 189, -1, 9, 20, 11250 }, // U+FE9F
    { 13, 12, 194, 0, 9, 20, 11270 }, // U+FEA0
    { 13, 16, 181, 0, 9, 26, 11290 }, // U+FEA2
    { 13, 9, 189, -1, 9, 15, 11316 }, // U+FEA3
    { 14, 9, 194, -1, 9, 16, 11331 }, // U+FEA4
    { 12, 19, 181, 0, 12, 29, 11347 }, // U+FEA6
    { 12, 12, 189, -1, 12, 18, 11376 }, // U+FEA7
    { 14, 12, 194, -1, 12, 21, 11394 }, // U+FEA8
    { 10, 10, 142, 0, 10, 13, 11415 }, // U+FEAA
    { 10, 12, 142, 0, 12, 15, 11428 }, // U+FEAC
    { 9, 12, 111, -1, 7, 14, 11443 }, // U+FEAE
    { 9, 15, 111, -1, 10, 17, 11457 }, // U+FEB0
    { 22, 12, 351, 1, 7, 33, 11474 }, // U+FEB2
    { 14, 7, 221, -1, 7, 13, 11507 }, // U+FEB3
    { 16, 6, 239, -1, 6, 12, 11520 }, // U+FEB4
    { 22, 17, 351, 1, 12, 47, 11532 }, // U+FEB6
    { 14, 12, 221, -1, 12, 21, 11579 }, // U+FEB7
    { 17, 12, 239, -1, 12, 26, 11600 }, // U+FEB8
    { 23, 13, 363, 1, 8, 38, 11626 }, // U+FEBA
    { 16, 8, 247, -1, 8, 16, 11664 }, // U+FEBB
    { 18, 8, 255, -1, 8, 18, 11680 }, // U+FEBC
    { 23, 16, 363, 1, 11, 46, 11698 }, // U+FEBE
    { 16, 11, 247, -1, 11, 22, 11744 }, // U+FEBF
    { 18, 11, 255, -1, 11, 25, 11766 }, // U+FEC0
    { 15, 14, 226, 0, 14, 27, 11791 }, // U+FEC2
    { 13, 14, 207, 0, 14, 23, 11818 }, // U+FEC3
    { 15, 14, 218, 0, 14, 27, 11841 }, // U+FEC4
    { 15, 14, 226, 0, 14, 27, 11868 }, // U+FEC6
    { 13, 14, 207, 0, 14, 23, 11895 }, // U+FEC7
    { 15, 14, 218, 0, 14, 27, 11918 }, // U+FEC8
    { 10, 15, 154, 1, 8, 19, 11945 }, // U+FECA
    { 10, 8, 152, -1, 8, 10, 11964 }, // U+FECB
    { 12, 8, 162, -1, 8, 12, 11974 }, // U+FECC
    { 10, 19, 154, 1, 12, 24, 11986 }, // U+FECE
    { 10, 12, 152, -1, 12, 15, 12010 }, // U+FECF
    { 12, 12, 162, -1, 12, 18, 12025 }, // U+FED0
    { 17, 12, 259, 1, 12, 26, 12043 }, // U+FED2
    { 8, 13, 127, 0, 13, 13, 12069 }, // U+FED3
    { 11, 12, 140, -1, 12, 17, 12082 }, // U+FED4
    { 13, 16, 214, 1, 11, 26, 12099 }, // U+FED6
    { 8, 13, 127, 0, 13, 13, 12125 }, // U+FED7
    { 11, 12, 140, -1, 12, 17, 12138 }, // U+FED8
    { 14, 13, 228, 1, 13, 23, 12155 }, // U+FEDA
    { 8, 13, 123, 0, 13, 13, 12178 }, // U+FEDB
    { 11, 13, 145, -1, 13, 18, 12191 }, // U+FEDC
    { 12, 17, 190, 1, 13, 26, 12209 }, // U+FEDE
    { 4, 13, 68, -1, 13, 7, 12235 }, // U+FEDF
    { 6, 13, 70, -1, 13, 10, 12242 }, // U+FEE0
    { 12, 14, 192, 1, 8, 21, 12252 }, // U+FEE2
    { 10, 8, 158, -1, 8, 10, 12273 }, // U+FEE3
    { 12, 8, 169, -1, 8, 12, 12283 }, // U+FEE4
    { 12, 13, 195, 1, 8, 20, 12295 }, // U+FEE6
    { 5, 11, 82, -1, 11, 7, 12315 }, // U+FEE7
    { 7, 9, 90, -1, 9, 8, 12322 }, // U+FEE8
    { 9, 9, 138, 1, 9, 11, 12330 }, // U+FEEA
    { 11, 10, 172, -1, 10, 14, 12341 }, // U+FEEB
    { 10, 13, 133, -1, 8, 17, 12355 }, // U+FEEC
    { 10, 12, 145, 0, 7, 15, 12372 }, // U+FEEE
    { 13, 8, 194, 1, 4, 13, 12387 }, // U+FEF0
    { 13, 11, 194, 1, 4, 18, 12400 }, // U+FEF2
    { 6, 11, 82, 0, 7, 9, 12418 }, // U+FEF3
    { 7, 10, 90, 0, 6, 9, 12427 }, // U+FEF4
    { 10, 13, 172, 0, 13, 17, 12436 }, // U+FEF5
    { 12, 14, 182, 0, 14, 21, 12453 }, // U+FEF6
    { 10, 15, 172, 0, 15, 19, 12474 }, // U+FEF7
    { 12, 15, 182, 1, 15, 23, 12493 }, // U+FEF8
    { 10, 18, 172, 0, 13, 23, 12516 }, // U+FEF9
    { 11, 18, 182, 1, 13, 25, 12539 }, // U+FEFA
    { 10, 13, 172, 0, 13, 17, 12564 }, // U+FEFB
    { 12, 13, 182, 0, 13, 20, 12581 }, // U+FEFC
};

static const EpdUnicodeInterval firago_8_mediumIntervals[] = {
    { 0x20, 0x7E, 0x0 },
    { 0xA0, 0xA1, 0x5F },
    { 0xAB, 0xAB, 0x61 },
    { 0xB0, 0xB0, 0x62 },
    { 0xB7, 0xB7, 0x63 },
    { 0xBA, 0xBB, 0x64 },
    { 0xBF, 0xC2, 0x66 },
    { 0xC4, 0xC7, 0x6A },
    { 0xC9, 0xCA, 0x6E },
    { 0xCD, 0xCE, 0x70 },
    { 0xD2, 0xD3, 0x72 },
    { 0xD6, 0xD6, 0x74 },
    { 0xD8, 0xDA, 0x75 },
    { 0xDC, 0xDD, 0x78 },
    { 0xDF, 0xEF, 0x7A },
    { 0xF1, 0xF6, 0x8B },
    { 0xF8, 0xFA, 0x91 },
    { 0xFC, 0xFD, 0x94 },
    { 0x103, 0x103, 0x96 },
    { 0x105, 0x105, 0x97 },
    { 0x107, 0x107, 0x98 },
    { 0x10C, 0x111, 0x99 },
    { 0x116, 0x11B, 0x9F },
    { 0x11E, 0x11F, 0xA5 },
    { 0x129, 0x129, 0xA7 },
    { 0x12E, 0x131, 0xA8 },
    { 0x13A, 0x13A, 0xAC },
    { 0x13D, 0x13E, 0xAD },
    { 0x141, 0x142, 0xAF },
    { 0x144, 0x144, 0xB1 },
    { 0x148, 0x148, 0xB2 },
    { 0x151, 0x151, 0xB3 },
    { 0x155, 0x155, 0xB4 },
    { 0x158, 0x15B, 0xB5 },
    { 0x15E, 0x161, 0xB9 },
    { 0x163, 0x165, 0xBD },
    { 0x16B, 0x16B, 0xC0 },
    { 0x16E, 0x173, 0xC1 },
    { 0x17A, 0x17A, 0xC7 },
    { 0x17C, 0x17E, 0xC8 },
    { 0x1A1, 0x1A1, 0xCB },
    { 0x1B0, 0x1B0, 0xCC },
    { 0x218, 0x21B, 0xCD },
    { 0x404, 0x404, 0xD1 },
    { 0x406, 0x406, 0xD2 },
    { 0x410, 0x429, 0xD3 },
    { 0x42B, 0x42D, 0xED },
    { 0x42F, 0x44F, 0xF0 },
    { 0x451, 0x451, 0x111 },
    { 0x454, 0x454, 0x112 },
    { 0x456, 0x457, 0x113 },
    { 0x45E, 0x45E, 0x115 },
    { 0x491, 0x493, 0x116 },
    { 0x49A, 0x49B, 0x119 },
    { 0x4A2, 0x4A3, 0x11B },
    { 0x4AE, 0x4B1, 0x11D },
    { 0x4D8, 0x4D9, 0x121 },
    { 0x4E8, 0x4E9, 0x123 },
    { 0x591, 0x5C7, 0x125 },
    { 0x5D0, 0x5EA, 0x15C },
    { 0x5F0, 0x5F4, 0x177 },
    { 0x600, 0x600, 0x17C },
    { 0x609, 0x60D, 0x17D },
    { 0x615, 0x615, 0x182 },
    { 0x61B, 0x61B, 0x183 },
    { 0x61E, 0x63C, 0x184 },
    { 0x640, 0x656, 0x1A3 },
    { 0x658, 0x658, 0x1BA },
    { 0x65A, 0x65B, 0x1BB },
    { 0x65D, 0x65D, 0x1BD },
    { 0x65F, 0x6D5, 0x1BE },
    { 0x6EE, 0x6EE, 0x235 },
    { 0x6F0, 0x6FF, 0x236 },
    { 0x75C, 0x75C, 0x246 },
    { 0x1EA1, 0x1EA3, 0x247 },
    { 0x1EA5, 0x1EA9, 0x24A },
    { 0x1EAB, 0x1EAF, 0x24F },
    { 0x1EB1, 0x1EB1, 0x254 },
    { 0x1EB5, 0x1EB5, 0x255 },
    { 0x1EB7, 0x1EB7, 0x256 },
    { 0x1EB9, 0x1EB9, 0x257 },
    { 0x1EBB, 0x1EBB, 0x258 },
    { 0x1EBD, 0x1EBD, 0x259 },
    { 0x1EBF, 0x1EC1, 0x25A },
    { 0x1EC3, 0x1EC3, 0x25D },
    { 0x1EC7, 0x1EC7, 0x25E },
    { 0x1EC9, 0x1EC9, 0x25F },
    { 0x1ECB, 0x1ECD, 0x260 },
    { 0x1ECF, 0x1ED3, 0x263 },
    { 0x1ED5, 0x1ED5, 0x268 },
    { 0x1ED7, 0x1ED9, 0x269 },
    { 0x1EDB, 0x1EDB, 0x26C },
    { 0x1EDD, 0x1EDF, 0x26D },
    { 0x1EE1, 0x1EE1, 0x270 },
    { 0x1EE3, 0x1EE3, 0x271 },
    { 0x1EE5, 0x1EE7, 0x272 },
    { 0x1EE9, 0x1EE9, 0x275 },
    { 0x1EEB, 0x1EEB, 0x276 },
    { 0x1EED, 0x1EED, 0x277 },
    { 0x1EEF, 0x1EEF, 0x278 },
    { 0x1EF1, 0x1EF1, 0x279 },
    { 0x200C, 0x200F, 0x27A },
    { 0x2013, 0x2014, 0x27E },
    { 0x2018, 0x2019, 0x280 },
    { 0x201C, 0x201E, 0x282 },
    { 0x2026, 0x2026, 0x285 },
    { 0xFB1D, 0xFB36, 0x286 },
    { 0xFB38, 0xFB3C, 0x2A0 },
    { 0xFB3E, 0xFB3E, 0x2A5 },
    { 0xFB40, 0xFB41, 0x2A6 },
    { 0xFB43, 0xFB44, 0x2A8 },
    { 0xFB46, 0xFB4F, 0x2AA },
    { 0xFB51, 0xFB51, 0x2B4 },
    { 0xFB53, 0xFB55, 0x2B5 },
    { 0xFB57, 0xFB59, 0x2B8 },
    { 0xFB5B, 0xFB5D, 0x2BB },
    { 0xFB5F, 0xFB61, 0x2BE },
    { 0xFB63, 0xFB65, 0x2C1 },
    { 0xFB67, 0xFB69, 0x2C4 },
    { 0xFB6B, 0xFB6D, 0x2C7 },
    { 0xFB6F, 0xFB71, 0x2CA },
    { 0xFB73, 0xFB75, 0x2CD },
    { 0xFB77, 0xFB79, 0x2D0 },
    { 0xFB7B, 0xFB7D, 0x2D3 },
    { 0xFB7F, 0xFB81, 0x2D6 },
    { 0xFB83, 0xFB83, 0x2D9 },
    { 0xFB85, 0xFB85, 0x2DA },
    { 0xFB87, 0xFB87, 0x2DB },
    { 0xFB89, 0xFB89, 0x2DC },
    { 0xFB8B, 0xFB8B, 0x2DD },
    { 0xFB8D, 0xFB8D, 0x2DE },
    { 0xFB8F, 0xFB91, 0x2DF },
    { 0xFB93, 0xFB95, 0x2E2 },
    { 0xFB97, 0xFB99, 0x2E5 },
    { 0xFB9B, 0xFB9D, 0x2E8 },
    { 0xFB9F, 0xFB9F, 0x2EB },
    { 0xFBA1, 0xFBA3, 0x2EC },
    { 0xFBA5, 0xFBA5, 0x2EF },
    { 0xFBA7, 0xFBA9, 0x2F0 },
    { 0xFBAB, 0xFBAD, 0x2F3 },
    { 0xFBAF, 0xFBAF, 0x2F6 },
    { 0xFBB1, 0xFBBB, 0x2F7 },
    { 0xFBBD, 0xFBBF, 0x302 },
    { 0xFBC1, 0xFBC1, 0x305 },
    { 0xFBD4, 0xFBD6, 0x306 },
    { 0xFBD8, 0xFBD8, 0x309 },
    { 0xFBDA, 0xFBDA, 0x30A },
    { 0xFBDC, 0xFBDC, 0x30B },
    { 0xFBDF, 0xFBDF, 0x30C },
    { 0xFBE1, 0xFBE1, 0x30D },
    { 0xFBE3, 0xFBE3, 0x30E },
    { 0xFBE5, 0xFBE9, 0x30F },
    { 0xFBFD, 0xFBFF, 0x314 },
    { 0xFC5B, 0xFC5C, 0x317 },
    { 0xFC61, 0xFC61, 0x319 },
    { 0xFC63, 0xFC63, 0x31A },
    { 0xFD3C, 0xFD3F, 0x31B },
    { 0xFDF2, 0xFDF2, 0x31F },
    { 0xFE70, 0xFE70, 0x320 },
    { 0xFE72, 0xFE72, 0x321 },
    { 0xFE74, 0xFE74, 0x322 },
    { 0xFE76, 0xFE76, 0x323 },
    { 0xFE78, 0xFE78, 0x324 },
    { 0xFE7C, 0xFE7C, 0x325 },
    { 0xFE7E, 0xFE7E, 0x326 },
    { 0xFE82, 0xFE82, 0x327 },
    { 0xFE84, 0xFE84, 0x328 },
    { 0xFE86, 0xFE86, 0x329 },
    { 0xFE88, 0xFE88, 0x32A },
    { 0xFE8A, 0xFE8C, 0x32B },
    { 0xFE8E, 0xFE8E, 0x32E },
    { 0xFE90, 0xFE92, 0x32F },
    { 0xFE94, 0xFE94, 0x332 },
    { 0xFE96, 0xFE98, 0x333 },
    { 0xFE9A, 0xFE9C, 0x336 },
    { 0xFE9E, 0xFEA0, 0x339 },
    { 0xFEA2, 0xFEA4, 0x33C },
    { 0xFEA6, 0xFEA8, 0x33F },
    { 0xFEAA, 0xFEAA, 0x342 },
    { 0xFEAC, 0xFEAC, 0x343 },
    { 0xFEAE, 0xFEAE, 0x344 },
    { 0xFEB0, 0xFEB0, 0x345 },
    { 0xFEB2, 0xFEB4, 0x346 },
    { 0xFEB6, 0xFEB8, 0x349 },
    { 0xFEBA, 0xFEBC, 0x34C },
    { 0xFEBE, 0xFEC0, 0x34F },
    { 0xFEC2, 0xFEC4, 0x352 },
    { 0xFEC6, 0xFEC8, 0x355 },
    { 0xFECA, 0xFECC, 0x358 },
    { 0xFECE, 0xFED0, 0x35B },
    { 0xFED2, 0xFED4, 0x35E },
    { 0xFED6, 0xFED8, 0x361 },
    { 0xFEDA, 0xFEDC, 0x364 },
    { 0xFEDE, 0xFEE0, 0x367 },
    { 0xFEE2, 0xFEE4, 0x36A },
    { 0xFEE6, 0xFEE8, 0x36D },
    { 0xFEEA, 0xFEEC, 0x370 },
    { 0xFEEE, 0xFEEE, 0x373 },
    { 0xFEF0, 0xFEF0, 0x374 },
    { 0xFEF2, 0xFEFC, 0x375 },
};

static const EpdKernClassEntry firago_8_mediumKernLeftClasses[] = {
    { 0x0021, 1 }, // !
    { 0x0022, 2 }, // "
    { 0x0023, 3 }, // #
    { 0x0024, 4 }, // $
    { 0x0025, 5 }, // %
    { 0x0026, 6 }, // &
    { 0x0027, 2 }, // '
    { 0x0028, 7 }, // (
    { 0x0029, 8 }, // )
    { 0x002A, 9 }, // *
    { 0x002B, 10 }, // +
    { 0x002C, 11 }, // ,
    { 0x002D, 10 }, // -
    { 0x002E, 11 }, // .
    { 0x002F, 12 }, // /
    { 0x0030, 13 }, // 0
    { 0x0031, 14 }, // 1
    { 0x0032, 15 }, // 2
    { 0x0033, 16 }, // 3
    { 0x0034, 17 }, // 4
    { 0x0035, 18 }, // 5
    { 0x0036, 19 }, // 6
    { 0x0037, 20 }, // 7
    { 0x0038, 21 }, // 8
    { 0x0039, 22 }, // 9
    { 0x003A, 23 }, // :
    { 0x003B, 23 }, // ;
    { 0x003C, 24 }, // <
    { 0x003D, 24 }, // =
    { 0x003E, 24 }, // >
    { 0x003F, 25 }, // ?
    { 0x0040, 26 }, // @
    { 0x0041, 27 }, // A
    { 0x0042, 28 }, // B
    { 0x0043, 29 }, // C
    { 0x0044, 30 }, // D
    { 0x0045, 31 }, // E
    { 0x0046, 32 }, // F
    { 0x0047, 33 }, // G
    { 0x0048, 34 }, // H
    { 0x0049, 34 }, // I
    { 0x004A, 35 }, // J
    { 0x004B, 36 }, // K
    { 0x004C, 37 }, // L
    { 0x004D, 38 }, // M
    { 0x004E, 34 }, // N
    { 0x004F, 30 }, // O
    { 0x0050, 39 }, // P
    { 0x0051, 40 }, // Q
    { 0x0052, 41 }, // R
    { 0x0053, 4 }, // S
    { 0x0054, 42 }, // T
    { 0x0055, 43 }, // U
    { 0x0056, 44 }, // V
    { 0x0057, 45 }, // W
    { 0x0058, 36 }, // X
    { 0x0059, 46 }, // Y
    { 0x005A, 47 }, // Z
    { 0x005B, 48 }, // [
    { 0x005C, 49 }, // <backslash>
    { 0x005F, 50 }, // _
    { 0x0061, 51 }, // a
    { 0x0062, 52 }, // b
    { 0x0063, 53 }, // c
    { 0x0064, 54 }, // d
    { 0x0065, 52 }, // e
    { 0x0066, 55 }, // f
    { 0x0067, 56 }, // g
    { 0x0068, 57 }, // h
    { 0x0069, 58 }, // i
    { 0x006A, 58 }, // j
    { 0x006B, 59 }, // k
    { 0x006C, 60 }, // l
    { 0x006D, 57 }, // m
    { 0x006E, 57 }, // n
    { 0x006F, 52 }, // o
    { 0x0070, 52 }, // p
    { 0x0071, 61 }, // q
    { 0x0072, 62 }, // r
    { 0x0073, 63 }, // s
    { 0x0074, 64 }, // t
    { 0x0075, 65 }, // u
    { 0x0076, 66 }, // v
    { 0x0077, 67 }, // w
    { 0x0078, 59 }, // x
    { 0x0079, 66 }, // y
    { 0x007A, 68 }, // z
    { 0x007B, 69 }, // {
    { 0x007E, 10 }, // ~
    { 0x00A1, 70 }, // U+00A1
    { 0x00AB, 71 }, // U+00AB
    { 0x00B0, 72 }, // U+00B0
    { 0x00B7, 10 }, // U+00B7
    { 0x00BB, 73 }, // U+00BB
    { 0x00BF, 74 }, // U+00BF
    { 0x00C0, 27 }, // U+00C0
    { 0x00C1, 27 }, // U+00C1
    { 0x00C2, 27 }, // U+00C2
    { 0x00C4, 27 }, // U+00C4
    { 0x00C5, 27 }, // U+00C5
    { 0x00C6, 31 }, // U+00C6
    { 0x00C7, 29 }, // U+00C7
    { 0x00C9, 31 }, // U+00C9
    { 0x00CA, 31 }, // U+00CA
    { 0x00CD, 75 }, // U+00CD
    { 0x00CE, 75 }, // U+00CE
    { 0x00D2, 30 }, // U+00D2
    { 0x00D3, 30 }, // U+00D3
    { 0x00D6, 30 }, // U+00D6
    { 0x00D8, 30 }, // U+00D8
    { 0x00D9, 43 }, // U+00D9
    { 0x00DA, 43 }, // U+00DA
    { 0x00DC, 43 }, // U+00DC
    { 0x00DD, 46 }, // U+00DD
    { 0x00DF, 76 }, // U+00DF
    { 0x00E0, 51 }, // U+00E0
    { 0x00E1, 51 }, // U+00E1
    { 0x00E2, 51 }, // U+00E2
    { 0x00E3, 51 }, // U+00E3
    { 0x00E4, 51 }, // U+00E4
    { 0x00E5, 51 }, // U+00E5
    { 0x00E6, 52 }, // U+00E6
    { 0x00E7, 53 }, // U+00E7
    { 0x00E8, 52 }, // U+00E8
    { 0x00E9, 52 }, // U+00E9
    { 0x00EA, 52 }, // U+00EA
    { 0x00EB, 52 }, // U+00EB
    { 0x00EC, 77 }, // U+00EC
    { 0x00ED, 77 }, // U+00ED
    { 0x00EE, 77 }, // U+00EE
    { 0x00EF, 77 }, // U+00EF
    { 0x00F1, 57 }, // U+00F1
    { 0x00F2, 52 }, // U+00F2
    { 0x00F3, 52 }, // U+00F3
    { 0x00F4, 52 }, // U+00F4
    { 0x00F5, 52 }, // U+00F5
    { 0x00F6, 52 }, // U+00F6
    { 0x00F8, 52 }, // U+00F8
    { 0x00F9, 65 }, // U+00F9
    { 0x00FA, 65 }, // U+00FA
    { 0x00FC, 65 }, // U+00FC
    { 0x00FD, 66 }, // U+00FD
    { 0x0103, 51 }, // U+0103
    { 0x0105, 51 }, // U+0105
    { 0x0107, 53 }, // U+0107
    { 0x010C, 29 }, // U+010C
    { 0x010D, 53 }, // U+010D
    { 0x010E, 30 }, // U+010E
    { 0x010F, 78 }, // U+010F
    { 0x0110, 30 }, // U+0110
    { 0x0111, 54 }, // U+0111
    { 0x0116, 31 }, // U+0116
    { 0x0117, 52 }, // U+0117
    { 0x0118, 31 }, // U+0118
    { 0x0119, 52 }, // U+0119
    { 0x011A, 31 }, // U+011A
    { 0x011B, 52 }, // U+011B
    { 0x011E, 33 }, // U+011E
    { 0x011F, 56 }, // U+011F
    { 0x0129, 77 }, // U+0129
    { 0x012E, 34 }, // U+012E
    { 0x012F, 58 }, // U+012F
    { 0x0130, 34 }, // U+0130
    { 0x0131, 65 }, // U+0131
    { 0x013A, 60 }, // U+013A
    { 0x013D, 37 }, // U+013D
    { 0x013E, 78 }, // U+013E
    { 0x0141, 37 }, // U+0141
    { 0x0142, 79 }, // U+0142
    { 0x0144, 57 }, // U+0144
    { 0x0148, 57 }, // U+0148
    { 0x0151, 52 }, // U+0151
    { 0x0155, 62 }, // U+0155
    { 0x0158, 41 }, // U+0158
    { 0x0159, 80 }, // U+0159
    { 0x015A, 4 }, // U+015A
    { 0x015B, 63 }, // U+015B
    { 0x015E, 4 }, // U+015E
    { 0x015F, 63 }, // U+015F
    { 0x0160, 4 }, // U+0160
    { 0x0161, 63 }, // U+0161
    { 0x0163, 64 }, // U+0163
    { 0x0164, 42 }, // U+0164
    { 0x0165, 81 }, // U+0165
    { 0x016B, 65 }, // U+016B
    { 0x016E, 43 }, // U+016E
    { 0x016F, 65 }, // U+016F
    { 0x0170, 43 }, // U+0170
    { 0x0171, 65 }, // U+0171
    { 0x0172, 43 }, // U+0172
    { 0x0173, 65 }, // U+0173
    { 0x017A, 68 }, // U+017A
    { 0x017C, 68 }, // U+017C
    { 0x017D, 47 }, // U+017D
    { 0x017E, 68 }, // U+017E
    { 0x01A1, 82 }, // U+01A1
    { 0x01B0, 82 }, // U+01B0
    { 0x0218, 4 }, // U+0218
    { 0x0219, 63 }, // U+0219
    { 0x021A, 42 }, // U+021A
    { 0x021B, 64 }, // U+021B
    { 0x0404, 29 }, // U+0404
    { 0x0406, 34 }, // U+0406
    { 0x0410, 27 }, // U+0410
    { 0x0411, 83 }, // U+0411
    { 0x0412, 28 }, // U+0412
    { 0x0413, 84 }, // U+0413
    { 0x0414, 85 }, // U+0414
    { 0x0415, 31 }, // U+0415
    { 0x0416, 36 }, // U+0416
    { 0x0417, 28 }, // U+0417
    { 0x0418, 34 }, // U+0418
    { 0x0419, 34 }, // U+0419
    { 0x041A, 36 }, // U+041A
    { 0x041B, 34 }, // U+041B
    { 0x041C, 38 }, // U+041C
    { 0x041D, 34 }, // U+041D
    { 0x041E, 30 }, // U+041E
    { 0x041F, 34 }, // U+041F
    { 0x0420, 39 }, // U+0420
    { 0x0421, 29 }, // U+0421
    { 0x0422, 42 }, // U+0422
    { 0x0423, 86 }, // U+0423
    { 0x0424, 30 }, // U+0424
    { 0x0425, 36 }, // U+0425
    { 0x0426, 87 }, // U+0426
    { 0x0427, 34 }, // U+0427
    { 0x0428, 34 }, // U+0428
    { 0x0429, 87 }, // U+0429
    { 0x042B, 34 }, // U+042B
    { 0x042C, 88 }, // U+042C
    { 0x042D, 30 }, // U+042D
    { 0x042F, 34 }, // U+042F
    { 0x0430, 51 }, // U+0430
    { 0x0431, 52 }, // U+0431
    { 0x0432, 89 }, // U+0432
    { 0x0433, 90 }, // U+0433
    { 0x0434, 91 }, // U+0434
    { 0x0435, 52 }, // U+0435
    { 0x0436, 59 }, // U+0436
    { 0x0437, 89 }, // U+0437
    { 0x0438, 65 }, // U+0438
    { 0x0439, 65 }, // U+0439
    { 0x043A, 59 }, // U+043A
    { 0x043B, 65 }, // U+043B
    { 0x043C, 92 }, // U+043C
    { 0x043D, 65 }, // U+043D
    { 0x043E, 52 }, // U+043E
    { 0x043F, 65 }, // U+043F
    { 0x0440, 52 }, // U+0440
    { 0x0441, 53 }, // U+0441
    { 0x0442, 93 }, // U+0442
    { 0x0443, 66 }, // U+0443
    { 0x0444, 52 }, // U+0444
    { 0x0445, 59 }, // U+0445
    { 0x0446, 94 }, // U+0446
    { 0x0447, 65 }, // U+0447
    { 0x0448, 65 }, // U+0448
    { 0x0449, 94 }, // U+0449
    { 0x044A, 95 }, // U+044A
    { 0x044B, 65 }, // U+044B
    { 0x044C, 95 }, // U+044C
    { 0x044D, 52 }, // U+044D
    { 0x044E, 52 }, // U+044E
    { 0x044F, 65 }, // U+044F
    { 0x0451, 52 }, // U+0451
    { 0x0454, 53 }, // U+0454
    { 0x0456, 58 }, // U+0456
    { 0x0457, 77 }, // U+0457
    { 0x045E, 66 }, // U+045E
    { 0x0491, 96 }, // U+0491
    { 0x0492, 84 }, // U+0492
    { 0x0493, 90 }, // U+0493
    { 0x049A, 97 }, // U+049A
    { 0x049B, 98 }, // U+049B
    { 0x04A2, 87 }, // U+04A2
    { 0x04A3, 94 }, // U+04A3
    { 0x04AE, 46 }, // U+04AE
    { 0x04AF, 66 }, // U+04AF
    { 0x04B0, 46 }, // U+04B0
    { 0x04B1, 66 }, // U+04B1
    { 0x04D8, 30 }, // U+04D8
    { 0x04D9, 52 }, // U+04D9
    { 0x04E8, 30 }, // U+04E8
    { 0x04E9, 52 }, // U+04E9
    { 0x05BE, 99 }, // U+05BE
    { 0x05C3, 23 }, // U+05C3
    { 0x05D0, 100 }, // U+05D0
    { 0x05D1, 101 }, // U+05D1
    { 0x05D2, 101 }, // U+05D2
    { 0x05D3, 102 }, // U+05D3
    { 0x05D4, 103 }, // U+05D4
    { 0x05D5, 104 }, // U+05D5
    { 0x05D6, 105 }, // U+05D6
    { 0x05D7, 103 }, // U+05D7
    { 0x05D8, 106 }, // U+05D8
    { 0x05D9, 104 }, // U+05D9
    { 0x05DA, 102 }, // U+05DA
    { 0x05DB, 101 }, // U+05DB
    { 0x05DC, 102 }, // U+05DC
    { 0x05DD, 103 }, // U+05DD
    { 0x05DE, 107 }, // U+05DE
    { 0x05E0, 101 }, // U+05E0
    { 0x05E1, 108 }, // U+05E1
    { 0x05E2, 109 }, // U+05E2
    { 0x05E3, 110 }, // U+05E3
    { 0x05E4, 111 }, // U+05E4
    { 0x05E5, 112 }, // U+05E5
    { 0x05E6, 113 }, // U+05E6
    { 0x05E7, 103 }, // U+05E7
    { 0x05E8, 102 }, // U+05E8
    { 0x05E9, 106 }, // U+05E9
    { 0x05EA, 114 }, // U+05EA
    { 0x05F0, 104 }, // U+05F0
    { 0x05F1, 104 }, // U+05F1
    { 0x05F2, 104 }, // U+05F2
    { 0x05F3, 99 }, // U+05F3
    { 0x05F4, 99 }, // U+05F4
    { 0x0622, 115 }, // U+0622
    { 0x0623, 115 }, // U+0623
    { 0x0624, 116 }, // U+0624
    { 0x0625, 117 }, // U+0625
    { 0x0629, 118 }, // U+0629
    { 0x062F, 119 }, // U+062F
    { 0x0630, 119 }, // U+0630
    { 0x0631, 120 }, // U+0631
    { 0x0632, 120 }, // U+0632
    { 0x0647, 118 }, // U+0647
    { 0x0648, 116 }, // U+0648
    { 0x0660, 121 }, // U+0660
    { 0x0661, 122 }, // U+0661
    { 0x0662, 122 }, // U+0662
    { 0x0663, 122 }, // U+0663
    { 0x0664, 123 }, // U+0664
    { 0x0665, 124 }, // U+0665
    { 0x0666, 125 }, // U+0666
    { 0x0667, 126 }, // U+0667
    { 0x0668, 127 }, // U+0668
    { 0x0669, 128 }, // U+0669
    { 0x0671, 115 }, // U+0671
    { 0x0673, 117 }, // U+0673
    { 0x0676, 116 }, // U+0676
    { 0x0677, 116 }, // U+0677
    { 0x0688, 119 }, // U+0688
    { 0x0689, 119 }, // U+0689
    { 0x068A, 119 }, // U+068A
    { 0x068B, 119 }, // U+068B
    { 0x068C, 119 }, // U+068C
    { 0x068D, 119 }, // U+068D
    { 0x068E, 119 }, // U+068E
    { 0x068F, 119 }, // U+068F
    { 0x0690, 119 }, // U+0690
    { 0x0691, 120 }, // U+0691
    { 0x0692, 120 }, // U+0692
    { 0x0693, 120 }, // U+0693
    { 0x0694, 120 }, // U+0694
    { 0x0695, 120 }, // U+0695
    { 0x0696, 120 }, // U+0696
    { 0x0697, 120 }, // U+0697
    { 0x0698, 120 }, // U+0698
    { 0x0699, 120 }, // U+0699
    { 0x06C0, 118 }, // U+06C0
    { 0x06C1, 118 }, // U+06C1
    { 0x06C2, 118 }, // U+06C2
    { 0x06C3, 118 }, // U+06C3
    { 0x06C6, 116 }, // U+06C6
    { 0x06C7, 116 }, // U+06C7
    { 0x06C8, 116 }, // U+06C8
    { 0x06C9, 116 }, // U+06C9
    { 0x06CA, 116 }, // U+06CA
    { 0x06CB, 116 }, // U+06CB
    { 0x06CF, 116 }, // U+06CF
    { 0x06D5, 118 }, // U+06D5
    { 0x06EE, 119 }, // U+06EE
    { 0x06F0, 121 }, // U+06F0
    { 0x06F1, 122 }, // U+06F1
    { 0x06F2, 122 }, // U+06F2
    { 0x06F3, 122 }, // U+06F3
    { 0x06F6, 129 }, // U+06F6
    { 0x06F7, 126 }, // U+06F7
    { 0x06F8, 127 }, // U+06F8
    { 0x06F9, 128 }, // U+06F9
    { 0x1EA1, 51 }, // U+1EA1
    { 0x1EA2, 27 }, // U+1EA2
    { 0x1EA3, 51 }, // U+1EA3
    { 0x1EA5, 51 }, // U+1EA5
    { 0x1EA6, 27 }, // U+1EA6
    { 0x1EA7, 51 }, // U+1EA7
    { 0x1EA8, 27 }, // U+1EA8
    { 0x1EA9, 51 }, // U+1EA9
    { 0x1EAB, 51 }, // U+1EAB
    { 0x1EAC, 27 }, // U+1EAC
    { 0x1EAD, 51 }, // U+1EAD
    { 0x1EAE, 27 }, // U+1EAE
    { 0x1EAF, 51 }, // U+1EAF
    { 0x1EB1, 51 }, // U+1EB1
    { 0x1EB5, 51 }, // U+1EB5
    { 0x1EB7, 51 }, // U+1EB7
    { 0x1EB9, 52 }, // U+1EB9
    { 0x1EBB, 52 }, // U+1EBB
    { 0x1EBD, 52 }, // U+1EBD
    { 0x1EBF, 52 }, // U+1EBF
    { 0x1EC0, 31 }, // U+1EC0
    { 0x1EC1, 52 }, // U+1EC1
    { 0x1EC3, 52 }, // U+1EC3
    { 0x1EC7, 52 }, // U+1EC7
    { 0x1EC9, 58 }, // U+1EC9
    { 0x1ECB, 58 }, // U+1ECB
    { 0x1ECC, 30 }, // U+1ECC
    { 0x1ECD, 52 }, // U+1ECD
    { 0x1ECF, 52 }, // U+1ECF
    { 0x1ED0, 30 }, // U+1ED0
    { 0x1ED1, 52 }, // U+1ED1
    { 0x1ED2, 30 }, // U+1ED2
    { 0x1ED3, 52 }, // U+1ED3
    { 0x1ED5, 52 }, // U+1ED5
    { 0x1ED7, 52 }, // U+1ED7
    { 0x1ED8, 30 }, // U+1ED8
    { 0x1ED9, 52 }, // U+1ED9
    { 0x1EDB, 82 }, // U+1EDB
    { 0x1EDD, 82 }, // U+1EDD
    { 0x1EDE, 130 }, // U+1EDE
    { 0x1EDF, 82 }, // U+1EDF
    { 0x1EE1, 82 }, // U+1EE1
    { 0x1EE3, 82 }, // U+1EE3
    { 0x1EE5, 65 }, // U+1EE5
    { 0x1EE6, 43 }, // U+1EE6
    { 0x1EE7, 65 }, // U+1EE7
    { 0x1EE9, 82 }, // U+1EE9
    { 0x1EEB, 82 }, // U+1EEB
    { 0x1EED, 82 }, // U+1EED
    { 0x1EEF, 82 }, // U+1EEF
    { 0x1EF1, 82 }, // U+1EF1
    { 0x2013, 10 }, // U+2013
    { 0x2014, 10 }, // U+2014
    { 0x2018, 2 }, // U+2018
    { 0x2019, 2 }, // U+2019
    { 0x201C, 2 }, // U+201C
    { 0x201D, 2 }, // U+201D
    { 0x201E, 11 }, // U+201E
    { 0x2026, 11 }, // U+2026
    { 0xFB1D, 104 }, // U+FB1D
    { 0xFB1F, 104 }, // U+FB1F
    { 0xFB20, 113 }, // U+FB20
    { 0xFB21, 100 }, // U+FB21
    { 0xFB22, 102 }, // U+FB22
    { 0xFB23, 103 }, // U+FB23
    { 0xFB24, 101 }, // U+FB24
    { 0xFB25, 102 }, // U+FB25
    { 0xFB26, 103 }, // U+FB26
    { 0xFB27, 102 }, // U+FB27
    { 0xFB28, 114 }, // U+FB28
    { 0xFB2A, 106 }, // U+FB2A
    { 0xFB2B, 106 }, // U+FB2B
    { 0xFB2C, 106 }, // U+FB2C
    { 0xFB2D, 106 }, // U+FB2D
    { 0xFB2E, 100 }, // U+FB2E
    { 0xFB2F, 100 }, // U+FB2F
    { 0xFB30, 100 }, // U+FB30
    { 0xFB31, 101 }, // U+FB31
    { 0xFB32, 101 }, // U+FB32
    { 0xFB33, 102 }, // U+FB33
    { 0xFB34, 103 }, // U+FB34
    { 0xFB35, 131 }, // U+FB35
    { 0xFB36, 105 }, // U+FB36
    { 0xFB38, 103 }, // U+FB38
    { 0xFB39, 132 }, // U+FB39
    { 0xFB3A, 102 }, // U+FB3A
    { 0xFB3B, 101 }, // U+FB3B
    { 0xFB3C, 102 }, // U+FB3C
    { 0xFB3E, 103 }, // U+FB3E
    { 0xFB40, 101 }, // U+FB40
    { 0xFB41, 108 }, // U+FB41
    { 0xFB43, 110 }, // U+FB43
    { 0xFB44, 111 }, // U+FB44
    { 0xFB46, 113 }, // U+FB46
    { 0xFB47, 103 }, // U+FB47
    { 0xFB48, 102 }, // U+FB48
    { 0xFB49, 106 }, // U+FB49
    { 0xFB4A, 114 }, // U+FB4A
    { 0xFB4B, 104 }, // U+FB4B
    { 0xFB4C, 101 }, // U+FB4C
    { 0xFB4D, 101 }, // U+FB4D
    { 0xFB4E, 111 }, // U+FB4E
    { 0xFB83, 119 }, // U+FB83
    { 0xFB85, 119 }, // U+FB85
    { 0xFB87, 119 }, // U+FB87
    { 0xFB89, 119 }, // U+FB89
    { 0xFB8B, 120 }, // U+FB8B
    { 0xFB8D, 120 }, // U+FB8D
    { 0xFBDA, 116 }, // U+FBDA
    { 0xFBDC, 116 }, // U+FBDC
    { 0xFBDF, 116 }, // U+FBDF
    { 0xFBE3, 116 }, // U+FBE3
    { 0xFC5B, 119 }, // U+FC5B
    { 0xFC5C, 120 }, // U+FC5C
    { 0xFD3D, 115 }, // U+FD3D
    { 0xFE86, 116 }, // U+FE86
    { 0xFEAA, 119 }, // U+FEAA
    { 0xFEAC, 119 }, // U+FEAC
    { 0xFEAE, 120 }, // U+FEAE
    { 0xFEB0, 120 }, // U+FEB0
    { 0xFEEE, 116 }, // U+FEEE
};

static const EpdKernClassEntry firago_8_mediumKernRightClasses[] = {
    { 0x0021, 1 }, // !
    { 0x0022, 2 }, // "
    { 0x0023, 3 }, // #
    { 0x0024, 4 }, // $
    { 0x0025, 5 }, // %
    { 0x0026, 6 }, // &
    { 0x0027, 2 }, // '
    { 0x0029, 7 }, // )
    { 0x002A, 8 }, // *
    { 0x002B, 9 }, // +
    { 0x002C, 10 }, // ,
    { 0x002D, 11 }, // -
    { 0x002E, 12 }, // .
    { 0x002F, 13 }, // /
    { 0x0030, 14 }, // 0
    { 0x0031, 15 }, // 1
    { 0x0032, 16 }, // 2
    { 0x0033, 17 }, // 3
    { 0x0034, 18 }, // 4
    { 0x0035, 19 }, // 5
    { 0x0036, 20 }, // 6
    { 0x0037, 21 }, // 7
    { 0x0038, 22 }, // 8
    { 0x0039, 23 }, // 9
    { 0x003A, 24 }, // :
    { 0x003B, 24 }, // ;
    { 0x003C, 25 }, // <
    { 0x003D, 25 }, // =
    { 0x003E, 25 }, // >
    { 0x003F, 26 }, // ?
    { 0x0040, 27 }, // @
    { 0x0041, 28 }, // A
    { 0x0042, 29 }, // B
    { 0x0043, 30 }, // C
    { 0x0044, 29 }, // D
    { 0x0045, 29 }, // E
    { 0x0046, 29 }, // F
    { 0x0047, 30 }, // G
    { 0x0048, 29 }, // H
    { 0x0049, 29 }, // I
    { 0x004A, 31 }, // J
    { 0x004B, 29 }, // K
    { 0x004C, 29 }, // L
    { 0x004D, 32 }, // M
    { 0x004E, 29 }, // N
    { 0x004F, 30 }, // O
    { 0x0050, 29 }, // P
    { 0x0051, 30 }, // Q
    { 0x0052, 29 }, // R
    { 0x0053, 4 }, // S
    { 0x0054, 33 }, // T
    { 0x0055, 34 }, // U
    { 0x0056, 35 }, // V
    { 0x0057, 36 }, // W
    { 0x0058, 37 }, // X
    { 0x0059, 38 }, // Y
    { 0x005A, 39 }, // Z
    { 0x005C, 40 }, // <backslash>
    { 0x005D, 41 }, // ]
    { 0x005F, 42 }, // _
    { 0x0061, 43 }, // a
    { 0x0062, 44 }, // b
    { 0x0063, 45 }, // c
    { 0x0064, 45 }, // d
    { 0x0065, 45 }, // e
    { 0x0066, 46 }, // f
    { 0x0067, 47 }, // g
    { 0x0068, 44 }, // h
    { 0x0069, 48 }, // i
    { 0x006A, 49 }, // j
    { 0x006B, 44 }, // k
    { 0x006C, 50 }, // l
    { 0x006D, 51 }, // m
    { 0x006E, 51 }, // n
    { 0x006F, 45 }, // o
    { 0x0070, 51 }, // p
    { 0x0071, 45 }, // q
    { 0x0072, 51 }, // r
    { 0x0073, 52 }, // s
    { 0x0074, 53 }, // t
    { 0x0075, 54 }, // u
    { 0x0076, 55 }, // v
    { 0x0077, 56 }, // w
    { 0x0078, 57 }, // x
    { 0x0079, 58 }, // y
    { 0x007A, 59 }, // z
    { 0x007C, 60 }, // |
    { 0x007D, 61 }, // }
    { 0x007E, 9 }, // ~
    { 0x00A1, 62 }, // U+00A1
    { 0x00AB, 63 }, // U+00AB
    { 0x00B0, 64 }, // U+00B0
    { 0x00B7, 9 }, // U+00B7
    { 0x00BB, 65 }, // U+00BB
    { 0x00BF, 66 }, // U+00BF
    { 0x00C0, 28 }, // U+00C0
    { 0x00C1, 28 }, // U+00C1
    { 0x00C2, 28 }, // U+00C2
    { 0x00C4, 28 }, // U+00C4
    { 0x00C5, 28 }, // U+00C5
    { 0x00C6, 67 }, // U+00C6
    { 0x00C7, 30 }, // U+00C7
    { 0x00C9, 29 }, // U+00C9
    { 0x00CA, 29 }, // U+00CA
    { 0x00CD, 68 }, // U+00CD
    { 0x00CE, 68 }, // U+00CE
    { 0x00D2, 30 }, // U+00D2
    { 0x00D3, 30 }, // U+00D3
    { 0x00D6, 30 }, // U+00D6
    { 0x00D8, 30 }, // U+00D8
    { 0x00D9, 34 }, // U+00D9
    { 0x00DA, 34 }, // U+00DA
    { 0x00DC, 34 }, // U+00DC
    { 0x00DD, 38 }, // U+00DD
    { 0x00DF, 44 }, // U+00DF
    { 0x00E0, 43 }, // U+00E0
    { 0x00E1, 43 }, // U+00E1
    { 0x00E2, 43 }, // U+00E2
    { 0x00E3, 43 }, // U+00E3
    { 0x00E4, 43 }, // U+00E4
    { 0x00E5, 43 }, // U+00E5
    { 0x00E6, 43 }, // U+00E6
    { 0x00E7, 45 }, // U+00E7
    { 0x00E8, 45 }, // U+00E8
    { 0x00E9, 45 }, // U+00E9
    { 0x00EA, 45 }, // U+00EA
    { 0x00EB, 45 }, // U+00EB
    { 0x00EC, 69 }, // U+00EC
    { 0x00ED, 69 }, // U+00ED
    { 0x00EE, 69 }, // U+00EE
    { 0x00EF, 69 }, // U+00EF
    { 0x00F1, 51 }, // U+00F1
    { 0x00F2, 45 }, // U+00F2
    { 0x00F3, 45 }, // U+00F3
    { 0x00F4, 45 }, // U+00F4
    { 0x00F5, 45 }, // U+00F5
    { 0x00F6, 45 }, // U+00F6
    { 0x00F8, 45 }, // U+00F8
    { 0x00F9, 54 }, // U+00F9
    { 0x00FA, 54 }, // U+00FA
    { 0x00FC, 54 }, // U+00FC
    { 0x00FD, 55 }, // U+00FD
    { 0x0103, 43 }, // U+0103
    { 0x0105, 43 }, // U+0105
    { 0x0107, 45 }, // U+0107
    { 0x010C, 30 }, // U+010C
    { 0x010D, 45 }, // U+010D
    { 0x010E, 29 }, // U+010E
    { 0x010F, 45 }, // U+010F
    { 0x0110, 29 }, // U+0110
    { 0x0111, 45 }, // U+0111
    { 0x0116, 29 }, // U+0116
    { 0x0117, 45 }, // U+0117
    { 0x0118, 29 }, // U+0118
    { 0x0119, 45 }, // U+0119
    { 0x011A, 29 }, // U+011A
    { 0x011B, 45 }, // U+011B
    { 0x011E, 30 }, // U+011E
    { 0x011F, 47 }, // U+011F
    { 0x0129, 69 }, // U+0129
    { 0x012E, 70 }, // U+012E
    { 0x012F, 71 }, // U+012F
    { 0x0130, 29 }, // U+0130
    { 0x0131, 51 }, // U+0131
    { 0x013A, 44 }, // U+013A
    { 0x013D, 29 }, // U+013D
    { 0x013E, 44 }, // U+013E
    { 0x0141, 29 }, // U+0141
    { 0x0142, 72 }, // U+0142
    { 0x0144, 51 }, // U+0144
    { 0x0148, 51 }, // U+0148
    { 0x0151, 45 }, // U+0151
    { 0x0155, 51 }, // U+0155
    { 0x0158, 29 }, // U+0158
    { 0x0159, 51 }, // U+0159
    { 0x015A, 4 }, // U+015A
    { 0x015B, 52 }, // U+015B
    { 0x015E, 4 }, // U+015E
    { 0x015F, 52 }, // U+015F
    { 0x0160, 4 }, // U+0160
    { 0x0161, 52 }, // U+0161
    { 0x0163, 53 }, // U+0163
    { 0x0164, 33 }, // U+0164
    { 0x0165, 53 }, // U+0165
    { 0x016B, 54 }, // U+016B
    { 0x016E, 34 }, // U+016E
    { 0x016F, 54 }, // U+016F
    { 0x0170, 34 }, // U+0170
    { 0x0171, 54 }, // U+0171
    { 0x0172, 34 }, // U+0172
    { 0x0173, 54 }, // U+0173
    { 0x017A, 59 }, // U+017A
    { 0x017C, 59 }, // U+017C
    { 0x017D, 39 }, // U+017D
    { 0x017E, 59 }, // U+017E
    { 0x01A1, 45 }, // U+01A1
    { 0x01B0, 54 }, // U+01B0
    { 0x0218, 4 }, // U+0218
    { 0x0219, 52 }, // U+0219
    { 0x021A, 33 }, // U+021A
    { 0x021B, 53 }, // U+021B
    { 0x0404, 30 }, // U+0404
    { 0x0406, 29 }, // U+0406
    { 0x0410, 28 }, // U+0410
    { 0x0411, 29 }, // U+0411
    { 0x0412, 29 }, // U+0412
    { 0x0413, 29 }, // U+0413
    { 0x0414, 73 }, // U+0414
    { 0x0415, 29 }, // U+0415
    { 0x0416, 37 }, // U+0416
    { 0x0417, 74 }, // U+0417
    { 0x0418, 29 }, // U+0418
    { 0x0419, 29 }, // U+0419
    { 0x041A, 29 }, // U+041A
    { 0x041B, 75 }, // U+041B
    { 0x041C, 32 }, // U+041C
    { 0x041D, 29 }, // U+041D
    { 0x041E, 30 }, // U+041E
    { 0x041F, 29 }, // U+041F
    { 0x0420, 29 }, // U+0420
    { 0x0421, 30 }, // U+0421
    { 0x0422, 33 }, // U+0422
    { 0x0423, 76 }, // U+0423
    { 0x0424, 30 }, // U+0424
    { 0x0425, 37 }, // U+0425
    { 0x0426, 29 }, // U+0426
    { 0x0427, 77 }, // U+0427
    { 0x0428, 29 }, // U+0428
    { 0x0429, 29 }, // U+0429
    { 0x042B, 29 }, // U+042B
    { 0x042C, 29 }, // U+042C
    { 0x042D, 74 }, // U+042D
    { 0x042F, 78 }, // U+042F
    { 0x0430, 43 }, // U+0430
    { 0x0431, 79 }, // U+0431
    { 0x0432, 51 }, // U+0432
    { 0x0433, 51 }, // U+0433
    { 0x0434, 80 }, // U+0434
    { 0x0435, 45 }, // U+0435
    { 0x0436, 57 }, // U+0436
    { 0x0437, 81 }, // U+0437
    { 0x0438, 51 }, // U+0438
    { 0x0439, 51 }, // U+0439
    { 0x043A, 51 }, // U+043A
    { 0x043B, 82 }, // U+043B
    { 0x043C, 83 }, // U+043C
    { 0x043D, 51 }, // U+043D
    { 0x043E, 45 }, // U+043E
    { 0x043F, 51 }, // U+043F
    { 0x0441, 45 }, // U+0441
    { 0x0442, 84 }, // U+0442
    { 0x0443, 55 }, // U+0443
    { 0x0444, 45 }, // U+0444
    { 0x0445, 57 }, // U+0445
    { 0x0446, 51 }, // U+0446
    { 0x0447, 85 }, // U+0447
    { 0x0448, 51 }, // U+0448
    { 0x0449, 51 }, // U+0449
    { 0x044A, 86 }, // U+044A
    { 0x044B, 51 }, // U+044B
    { 0x044C, 51 }, // U+044C
    { 0x044D, 81 }, // U+044D
    { 0x044E, 51 }, // U+044E
    { 0x044F, 87 }, // U+044F
    { 0x0451, 45 }, // U+0451
    { 0x0454, 45 }, // U+0454
    { 0x0456, 48 }, // U+0456
    { 0x0457, 69 }, // U+0457
    { 0x045E, 55 }, // U+045E
    { 0x0491, 51 }, // U+0491
    { 0x0492, 29 }, // U+0492
    { 0x0493, 51 }, // U+0493
    { 0x049A, 29 }, // U+049A
    { 0x049B, 51 }, // U+049B
    { 0x04A2, 29 }, // U+04A2
    { 0x04A3, 51 }, // U+04A3
    { 0x04AE, 38 }, // U+04AE
    { 0x04AF, 55 }, // U+04AF
    { 0x04B0, 38 }, // U+04B0
    { 0x04B1, 55 }, // U+04B1
    { 0x04D8, 30 }, // U+04D8
    { 0x04D9, 45 }, // U+04D9
    { 0x04E8, 30 }, // U+04E8
    { 0x04E9, 45 }, // U+04E9
    { 0x05BE, 88 }, // U+05BE
    { 0x05C3, 24 }, // U+05C3
    { 0x05D0, 89 }, // U+05D0
    { 0x05D1, 90 }, // U+05D1
    { 0x05D2, 91 }, // U+05D2
    { 0x05D3, 92 }, // U+05D3
    { 0x05D4, 91 }, // U+05D4
    { 0x05D5, 93 }, // U+05D5
    { 0x05D6, 92 }, // U+05D6
    { 0x05D7, 91 }, // U+05D7
    { 0x05D8, 94 }, // U+05D8
    { 0x05D9, 93 }, // U+05D9
    { 0x05DA, 91 }, // U+05DA
    { 0x05DB, 94 }, // U+05DB
    { 0x05DC, 94 }, // U+05DC
    { 0x05DD, 91 }, // U+05DD
    { 0x05DE, 91 }, // U+05DE
    { 0x05DF, 93 }, // U+05DF
    { 0x05E0, 91 }, // U+05E0
    { 0x05E1, 94 }, // U+05E1
    { 0x05E2, 95 }, // U+05E2
    { 0x05E3, 91 }, // U+05E3
    { 0x05E4, 94 }, // U+05E4
    { 0x05E5, 96 }, // U+05E5
    { 0x05E6, 97 }, // U+05E6
    { 0x05E7, 94 }, // U+05E7
    { 0x05E8, 91 }, // U+05E8
    { 0x05E9, 95 }, // U+05E9
    { 0x05EA, 91 }, // U+05EA
    { 0x05F0, 93 }, // U+05F0
    { 0x05F1, 93 }, // U+05F1
    { 0x05F2, 93 }, // U+05F2
    { 0x05F3, 88 }, // U+05F3
    { 0x05F4, 88 }, // U+05F4
    { 0x0620, 98 }, // U+0620
    { 0x0622, 99 }, // U+0622
    { 0x0623, 99 }, // U+0623
    { 0x0624, 100 }, // U+0624
    { 0x0625, 101 }, // U+0625
    { 0x0626, 98 }, // U+0626
    { 0x0627, 102 }, // U+0627
    { 0x0628, 98 }, // U+0628
    { 0x0629, 103 }, // U+0629
    { 0x062A, 98 }, // U+062A
    { 0x062F, 98 }, // U+062F
    { 0x0630, 98 }, // U+0630
    { 0x0631, 104 }, // U+0631
    { 0x0632, 104 }, // U+0632
    { 0x0633, 98 }, // U+0633
    { 0x0634, 98 }, // U+0634
    { 0x0635, 98 }, // U+0635
    { 0x0636, 98 }, // U+0636
    { 0x0637, 98 }, // U+0637
    { 0x0638, 98 }, // U+0638
    { 0x063B, 105 }, // U+063B
    { 0x063C, 105 }, // U+063C
    { 0x0645, 98 }, // U+0645
    { 0x0647, 103 }, // U+0647
    { 0x0648, 100 }, // U+0648
    { 0x0649, 98 }, // U+0649
    { 0x064A, 98 }, // U+064A
    { 0x0660, 106 }, // U+0660
    { 0x0662, 107 }, // U+0662
    { 0x0663, 107 }, // U+0663
    { 0x0664, 108 }, // U+0664
    { 0x0665, 109 }, // U+0665
    { 0x0667, 110 }, // U+0667
    { 0x0668, 111 }, // U+0668
    { 0x0669, 112 }, // U+0669
    { 0x066E, 98 }, // U+066E
    { 0x0671, 99 }, // U+0671
    { 0x0672, 102 }, // U+0672
    { 0x0673, 101 }, // U+0673
    { 0x0676, 100 }, // U+0676
    { 0x0677, 100 }, // U+0677
    { 0x0678, 98 }, // U+0678
    { 0x0679, 98 }, // U+0679
    { 0x067A, 98 }, // U+067A
    { 0x067B, 98 }, // U+067B
    { 0x067D, 98 }, // U+067D
    { 0x067E, 98 }, // U+067E
    { 0x067F, 98 }, // U+067F
    { 0x0680, 98 }, // U+0680
    { 0x0688, 98 }, // U+0688
    { 0x068C, 98 }, // U+068C
    { 0x068E, 98 }, // U+068E
    { 0x068F, 98 }, // U+068F
    { 0x0690, 98 }, // U+0690
    { 0x0691, 104 }, // U+0691
    { 0x0692, 104 }, // U+0692
    { 0x0693, 104 }, // U+0693
    { 0x0694, 104 }, // U+0694
    { 0x0695, 104 }, // U+0695
    { 0x0696, 104 }, // U+0696
    { 0x0697, 104 }, // U+0697
    { 0x0698, 104 }, // U+0698
    { 0x0699, 104 }, // U+0699
    { 0x069A, 98 }, // U+069A
    { 0x069B, 98 }, // U+069B
    { 0x069C, 98 }, // U+069C
    { 0x069D, 98 }, // U+069D
    { 0x069E, 98 }, // U+069E
    { 0x069F, 98 }, // U+069F
    { 0x06A9, 105 }, // U+06A9
    { 0x06AA, 105 }, // U+06AA
    { 0x06AB, 105 }, // U+06AB
    { 0x06AF, 105 }, // U+06AF
    { 0x06B0, 105 }, // U+06B0
    { 0x06B1, 105 }, // U+06B1
    { 0x06B2, 105 }, // U+06B2
    { 0x06B3, 105 }, // U+06B3
    { 0x06B4, 105 }, // U+06B4
    { 0x06BE, 98 }, // U+06BE
    { 0x06C0, 103 }, // U+06C0
    { 0x06C1, 103 }, // U+06C1
    { 0x06C2, 103 }, // U+06C2
    { 0x06C3, 103 }, // U+06C3
    { 0x06C6, 100 }, // U+06C6
    { 0x06C7, 100 }, // U+06C7
    { 0x06C8, 100 }, // U+06C8
    { 0x06C9, 100 }, // U+06C9
    { 0x06CA, 100 }, // U+06CA
    { 0x06CB, 100 }, // U+06CB
    { 0x06CC, 98 }, // U+06CC
    { 0x06CD, 98 }, // U+06CD
    { 0x06CE, 98 }, // U+06CE
    { 0x06CF, 100 }, // U+06CF
    { 0x06D0, 98 }, // U+06D0
    { 0x06D1, 98 }, // U+06D1
    { 0x06D5, 103 }, // U+06D5
    { 0x06EE, 98 }, // U+06EE
    { 0x06F0, 106 }, // U+06F0
    { 0x06F2, 107 }, // U+06F2
    { 0x06F3, 107 }, // U+06F3
    { 0x06F4, 107 }, // U+06F4
    { 0x06F6, 110 }, // U+06F6
    { 0x06F7, 110 }, // U+06F7
    { 0x06F8, 111 }, // U+06F8
    { 0x06F9, 112 }, // U+06F9
    { 0x06FA, 98 }, // U+06FA
    { 0x06FB, 98 }, // U+06FB
    { 0x06FF, 98 }, // U+06FF
    { 0x075C, 98 }, // U+075C
    { 0x1EA1, 43 }, // U+1EA1
    { 0x1EA2, 28 }, // U+1EA2
    { 0x1EA3, 43 }, // U+1EA3
    { 0x1EA5, 43 }, // U+1EA5
    { 0x1EA6, 28 }, // U+1EA6
    { 0x1EA7, 43 }, // U+1EA7
    { 0x1EA8, 28 }, // U+1EA8
    { 0x1EA9, 43 }, // U+1EA9
    { 0x1EAB, 43 }, // U+1EAB
    { 0x1EAC, 28 }, // U+1EAC
    { 0x1EAD, 43 }, // U+1EAD
    { 0x1EAE, 28 }, // U+1EAE
    { 0x1EAF, 43 }, // U+1EAF
    { 0x1EB1, 43 }, // U+1EB1
    { 0x1EB5, 43 }, // U+1EB5
    { 0x1EB7, 43 }, // U+1EB7
    { 0x1EB9, 45 }, // U+1EB9
    { 0x1EBB, 45 }, // U+1EBB
    { 0x1EBD, 45 }, // U+1EBD
    { 0x1EBF, 45 }, // U+1EBF
    { 0x1EC0, 29 }, // U+1EC0
    { 0x1EC1, 45 }, // U+1EC1
    { 0x1EC3, 45 }, // U+1EC3
    { 0x1EC7, 45 }, // U+1EC7
    { 0x1EC9, 48 }, // U+1EC9
    { 0x1ECB, 48 }, // U+1ECB
    { 0x1ECC, 30 }, // U+1ECC
    { 0x1ECD, 45 }, // U+1ECD
    { 0x1ECF, 45 }, // U+1ECF
    { 0x1ED0, 30 }, // U+1ED0
    { 0x1ED1, 45 }, // U+1ED1
    { 0x1ED2, 30 }, // U+1ED2
    { 0x1ED3, 45 }, // U+1ED3
    { 0x1ED5, 45 }, // U+1ED5
    { 0x1ED7, 45 }, // U+1ED7
    { 0x1ED8, 30 }, // U+1ED8
    { 0x1ED9, 45 }, // U+1ED9
    { 0x1EDB, 45 }, // U+1EDB
    { 0x1EDD, 45 }, // U+1EDD
    { 0x1EDE, 30 }, // U+1EDE
    { 0x1EDF, 45 }, // U+1EDF
    { 0x1EE1, 45 }, // U+1EE1
    { 0x1EE3, 45 }, // U+1EE3
    { 0x1EE5, 54 }, // U+1EE5
    { 0x1EE6, 34 }, // U+1EE6
    { 0x1EE7, 54 }, // U+1EE7
    { 0x1EE9, 54 }, // U+1EE9
    { 0x1EEB, 54 }, // U+1EEB
    { 0x1EED, 54 }, // U+1EED
    { 0x1EEF, 54 }, // U+1EEF
    { 0x1EF1, 54 }, // U+1EF1
    { 0x2013, 9 }, // U+2013
    { 0x2014, 9 }, // U+2014
    { 0x2018, 2 }, // U+2018
    { 0x2019, 2 }, // U+2019
    { 0x201C, 2 }, // U+201C
    { 0x201D, 2 }, // U+201D
    { 0x201E, 12 }, // U+201E
    { 0x2026, 12 }, // U+2026
    { 0xFB1D, 93 }, // U+FB1D
    { 0xFB1F, 93 }, // U+FB1F
    { 0xFB20, 95 }, // U+FB20
    { 0xFB21, 89 }, // U+FB21
    { 0xFB22, 92 }, // U+FB22
    { 0xFB23, 91 }, // U+FB23
    { 0xFB24, 94 }, // U+FB24
    { 0xFB25, 94 }, // U+FB25
    { 0xFB26, 91 }, // U+FB26
    { 0xFB27, 91 }, // U+FB27
    { 0xFB28, 91 }, // U+FB28
    { 0xFB2A, 95 }, // U+FB2A
    { 0xFB2B, 95 }, // U+FB2B
    { 0xFB2C, 95 }, // U+FB2C
    { 0xFB2D, 95 }, // U+FB2D
    { 0xFB2E, 89 }, // U+FB2E
    { 0xFB2F, 89 }, // U+FB2F
    { 0xFB30, 89 }, // U+FB30
    { 0xFB31, 90 }, // U+FB31
    { 0xFB32, 91 }, // U+FB32
    { 0xFB33, 92 }, // U+FB33
    { 0xFB34, 91 }, // U+FB34
    { 0xFB35, 93 }, // U+FB35
    { 0xFB36, 92 }, // U+FB36
    { 0xFB38, 94 }, // U+FB38
    { 0xFB39, 93 }, // U+FB39
    { 0xFB3A, 91 }, // U+FB3A
    { 0xFB3B, 94 }, // U+FB3B
    { 0xFB3C, 94 }, // U+FB3C
    { 0xFB3E, 91 }, // U+FB3E
    { 0xFB40, 91 }, // U+FB40
    { 0xFB41, 94 }, // U+FB41
    { 0xFB43, 91 }, // U+FB43
    { 0xFB44, 94 }, // U+FB44
    { 0xFB46, 97 }, // U+FB46
    { 0xFB47, 94 }, // U+FB47
    { 0xFB48, 91 }, // U+FB48
    { 0xFB49, 95 }, // U+FB49
    { 0xFB4A, 91 }, // U+FB4A
    { 0xFB4B, 93 }, // U+FB4B
    { 0xFB4C, 90 }, // U+FB4C
    { 0xFB4D, 94 }, // U+FB4D
    { 0xFB4E, 94 }, // U+FB4E
    { 0xFB4F, 89 }, // U+FB4F
    { 0xFB60, 98 }, // U+FB60
    { 0xFB64, 98 }, // U+FB64
    { 0xFB68, 98 }, // U+FB68
    { 0xFB90, 105 }, // U+FB90
    { 0xFB94, 105 }, // U+FB94
    { 0xFB98, 105 }, // U+FB98
    { 0xFB9C, 105 }, // U+FB9C
    { 0xFBA2, 98 }, // U+FBA2
    { 0xFBAC, 98 }, // U+FBAC
    { 0xFBD5, 105 }, // U+FBD5
    { 0xFBD8, 100 }, // U+FBD8
    { 0xFBDA, 100 }, // U+FBDA
    { 0xFBDC, 100 }, // U+FBDC
    { 0xFBDF, 100 }, // U+FBDF
    { 0xFBE3, 100 }, // U+FBE3
    { 0xFBE8, 98 }, // U+FBE8
    { 0xFC5B, 98 }, // U+FC5B
    { 0xFC5C, 104 }, // U+FC5C
    { 0xFD3D, 99 }, // U+FD3D
    { 0xFDF2, 102 }, // U+FDF2
    { 0xFE86, 100 }, // U+FE86
    { 0xFE8B, 98 }, // U+FE8B
    { 0xFE97, 98 }, // U+FE97
    { 0xFE9B, 98 }, // U+FE9B
    { 0xFEB3, 98 }, // U+FEB3
    { 0xFEB7, 98 }, // U+FEB7
    { 0xFEBB, 98 }, // U+FEBB
    { 0xFEBF, 98 }, // U+FEBF
    { 0xFEC3, 98 }, // U+FEC3
    { 0xFEC7, 98 }, // U+FEC7
    { 0xFEDB, 105 }, // U+FEDB
    { 0xFEE3, 98 }, // U+FEE3
    { 0xFEE7, 98 }, // U+FEE7
    { 0xFEEB, 98 }, // U+FEEB
    { 0xFEEE, 100 }, // U+FEEE
    { 0xFEF5, 98 }, // U+FEF5
    { 0xFEF7, 98 }, // U+FEF7
    { 0xFEF9, 98 }, // U+FEF9
    { 0xFEFB, 98 }, // U+FEFB
};

static const int8_t firago_8_mediumKernMatrix[] = {
       0,    0,    0,    0,    0,    0,    0,    3,    0,    0,    0,    0,    0,    0,    0,    0,    0,    0,    0,    0,    0,    0,    0,    0,    0,   -5,    0,    1,    0,    0,    0,    0,    0,    0,    0,    0,    0,    0,    0,    0,    0,    0,    0,    0,    0,    0,    0,    0,    0,    0,    0,    0,    0,    0,    0,    0,    0,    0,    0,    0,    0,    0,    0,    0,    0,    0,    0,    0,    0,    0,    0,    0,    0,    0,    0,    0,    0,    0,    0,    0,    0,    0,    0,    0,    0,    0,    0,    0,    0,    0,    0,    0,    0,    0,    0,    0,    0,    0,    0,    0,    0,    0,    0,    0,    0,    0,    0,    0,    0,    0,    0,    0,
       0,    0,   -8,    0,    0,    0,    0,    3,    0,  -27,    0,  -27,  -27,   -3,    0,    0,    0,  -11,    0,   -3,    3,   -4,    0,    0,    0,    0,   -5,   -8,    0,    0,   -5,    0,    3,    0,    3,    0,    0,    3,   -3,    0,    3,  -27,   -4,    0,   -3,    0,    0,    0,    0,    0,    0,   -3,    3,    0,    0,    0,    0,    0,   -3,    0,    3,    0,   -5,    0,    0,  -27,  -16,    0,   13,    0,    0,   -1,   -9,    0,   -8,    0,    5,    0,    0,   -8,    0,   -8,    0,    3,    0,    3,   -5,    0,    0,    0,   -5,    0,    0,   -7,    0,    0,    0,    0,    0,    0,    0,    0,    0,    0,    0,    0,    0,    0,    0,    0,    0,    0,
       0,    0,    0,   -1,    0,   -5,    0,    5,   -2,  -11,   -2,  -11,    0,    0,    0,   -1,   -1,    0,    0,    0,    2,    0,    0,    0,    0,   -5,    0,   -3,    0,   -1,    0,    0,    0,    0,    0,    0,   -1,   -1,   -4,   -5,    0,  -21,   -5,    0,   -2,    0,   -1,    0,   -3,    0,   -1,   -1,    0,   -3,    3,    0,    0,    3,   -1,    0,    0,    0,    0,    0,    0,    0,   -3,    0,    5,    0,    0,    0,   -3,   -5,   -4,   -1,    3,    0,    0,   -5,   -3,   -5,   -1,    0,    0,    0,   -1,    0,    0,    0,    0,    0,    0,    0,    0,    0,    0,    0,    0,    0,    0,    0,    0,    0,    0,    0,    0,    0,    0,    0,    0,    0,
       0,   -3,    0,   -3,    0,    0,    0,    0,    0,    0,    0,    0,    0,    0,   -9,   -3,    0,    0,    0,    0,   -5,    0,   -4,    0,    0,   -5,    0,   -1,    0,    0,   -2,   -3,   -6,    0,   -5,   -3,   -2,   -5,   -4,   -8,    0,   -8,    0,    0,    0,   -3,    0,    0,    0,    0,    0,    0,    0,    0,   -2,    0,    0,   -2,   -2,    0,    0,    0,    0,    0,    0,    0,   -3,    0,    0,    0,    0,    0,    0,   -4,    0,   -3,   -5,    0,    0,    0,   -3,    0,    0,   -5,    0,   -5,    0,    0,    0,    0,    0,    0,    0,    0,    0,    0,    0,    0,    0,    0,    0,    0,    0,    0,    0,    0,    0,    0,    0,    0,    0,    0,
       0,  -16,    0,    0,    0,    0,    0,  -13,    0,    0,    0,    0,    0,    0,  -16,    0,    0,    0,    0,    0,    0,    0,    0,    0,    0,  -16,    0,    0,    0,    0,    0,    0,    0,    0,    0,    0,    0,    0,    0,  -16,    0,    0,    0,    0,    0,    0,    0,    0,    0,    0,    0,    0,    0,    0,    0,    0,    0,    0,    0,    0,    0,    0,    0,    0,    0,    0,    0,    0,    0,    0,    0,    0,    0,    0,    0,    0,    0,    0,    0,    0,    0,    0,    0,    0,    0,    0,    0,    0,    0,    0,    0,    0,    0,    0,    0,    0,    0,    0,    0,    0,    0,    0,    0,    0,    0,    0,    0,    0,    0,    0,    0,    0,
       0,  -21,    0,    0,  -11,    0,    0,  -11,    0,    0,    0,    0,  -11,    0,  -19,    0,    0,   -5,   -5,    0,   -8,    0,   -5,    0,    0,  -21,   -5,    0,    0,    0,   -2,    0,  -21,    0,  -11,   -4,    0,  -19,   -3,  -27,    0,    0,   -4,    0,    0,   -5,    0,    0,    0,    0,    0,    0,    0,    0,   -5,   -3,    0,   -5,    0,    0,    0,    0,    0,    0,    0,    0,    0,    0,    0,    0,    0,    0,    0,   -3,    0,  -14,  -11,    0,    0,    0,    0,    0,    0,  -16,    0,  -16,    0,    0,    0,    0,    0,    0,    0,    0,    0,    0,    0,    0,    0,    0,    0,    0,    0,    0,    0,    0,    0,    0,    0,    0,    0,    0,
       0,    0,    0,    0,    0,    0,    0,    0,    0,    0,    0,    0,    0,    0,   -5,    0,    0,   -3,    0,    0,    0,    0,    0,    0,    0,    0,    0,    0,    1,    0,    5,    0,    0,    0,    0,    0,    0,    0,    0,    0,    0,    3,    0,    0,    0,    6,    0,    0,   14,    0,    0,    0,    0,    0,    0,    0,    0,    0,    0,    0,    0,    0,    0,    0,    0,    3,    0,   14,   15,   10,    0,    0,    5,    0,    0,    0,    0,    0,    0,    2,    0,    2,    0,    0,    0,    0,    0,    0,    0,    0,    0,    0,    0,    0,    0,    0,    0,    0,    0,    0,    0,    0,    0,    0,    0,    0,    0,    0,    0,    0,    0,    0,
       0,    0,    0,    0,    0,    0,    0,    0,    0,    0,    0,    0,    0,    0,    0,    0,    0,    0,    0,    0,    0,    0,    0,    0,    0,    0,    0,    0,    0,    0,    0,    0,    0,    0,    0,    0,    0,    0,    0,    0,    0,    0,    0,    0,    0,    0,    0,    0,    0,    0,    0,    0,    0,    0,    0,    0,    0,    0,    0,    0,    0,    0,    0,    0,    0,    0,    0,    0,    0,    0,    0,    0,    0,    0,    0,    0,    0,    0,    0,    0,    0,    0,    0,    0,    0,    0,    0,    0,    0,    0,    0,    0,    0,   -5,    0,    0,    0,    0,    0,    0,    0,    0,    0,    0,    0,    0,    0,    0,    0,    0,    0,    0,
       3,    3,   -5,    0,    0,    0,    0,    2,    0,  -27,    0,  -27,  -21,    0,    3,    3,    2,   -8,    0,    0,    3,    0,    2,    0,    0,    0,   -8,   -8,    0,    0,    0,    0,    2,    0,    2,    2,    0,    0,    0,    0,    0,  -27,   -5,    0,   -3,    3,    0,    0,    0,    0,    0,    0,    3,    0,    3,    3,    2,    3,    0,    0,    0,    0,   -5,    0,    0,  -21,  -13,    0,   11,    0,    0,    0,    0,    0,    0,    2,    3,    0,    0,   -8,    0,   -8,    0,    4,    2,    4,   -5,    0,    0,    0,    0,    0,    0,    0,    0,    0,    0,    0,    0,    0,    0,    0,    0,    0,    0,    0,    0,    0,    0,    0,    0,    0,
       0,    0,    0,  -10,   -5,   -8,    0,    0,    0,  -13,    0,  -13,  -16,    0,  -19,  -14,  -16,   -3,   -3,    0,  -16,    0,   -3,    0,    0,  -16,    0,   -3,    0,    0,   -3,    0,  -13,    0,   -6,    0,  -10,  -15,   -8,  -16,    0,  -21,   -4,    0,    0,   -4,    0,    0,    0,    0,    0,    0,   -1,    0,   -3,    0,   -9,   -3,   -8,    0,    0,    0,    0,    0,  -13,  -21,   -8,    0,    0,    0,    0,    0,   -8,  -21,   -8,  -11,    0,   -4,    0,   -5,   -8,   -5,    0,   -5,    0,   -5,   -4,    0,    0,    0,    0,    0,    0,    0,    0,    0,    0,    0,    0,    0,    0,    0,    0,    0,    0,    0,    0,    0,    0,    0,    0,    0,
       0,  -27,    0,    0,  -27,   -3,    0,  -27,  -13,    0,  -13,    0,    0,   -3,  -27,    0,    3,   -7,    3,   -3,    0,    0,   -6,    0,    0,  -13,    0,    2,    0,   -5,    0,    0,  -16,   -3,  -13,   -8,    0,  -25,    2,  -37,    2,    0,    0,    0,   -3,   -4,   -3,    0,    0,    0,    0,    2,   -8,   -3,  -11,   -5,    2,  -11,    2,    0,    0,    0,  -11,    0,    0,    0,    3,    0,    0,    0,    0,   -6,    4,    0,    2,   -8,  -27,    0,   -3,    2,    0,    2,    0,  -16,  -16,  -16,    2,    0,    0,    0,    0,    0,    0,   -5,  -15,  -16,    0,    0,    0,    0,    0,    0,    0,    0,    0,    0,    0,    0,    0,    0,    0,    0,
       0,    0,   -5,    0,   -5,  -13,    0,    0,  -16,  -37,  -16,  -37,  -32,   -3,  -16,  -11,   -8,  -13,   -5,   -8,    0,   -7,  -11,  -13,    0,  -16,  -13,   -7,    0,   -5,    0,    0,    0,    0,    0,    0,   -5,    0,   -5,    0,    0,  -32,  -13,    0,  -13,   -8,   -8,    0,    0,    0,   -8,   -8,   -8,   -8,   -5,   -5,   -8,   -5,   -8,    0,    0,    0,  -16,    0,  -11,  -27,  -11,    3,    0,    0,    0,   -3,    0,   -8,  -11,    0,    0,    0,    0,   -8,  -11,   -8,   -8,   -8,  -16,   -8,  -13,    0,   -5,    0,   -5,  -13,    0,  -11,  -17,   -8,   -7,    0,    0,    0,    0,    0,    0,    0,    0,    0,    0,    0,    0,    0,    0,    0,
       0,   -3,    0,    0,    0,    0,    0,    0,    0,   -3,    0,   -3,    0,    0,   -6,   -3,   -3,    0,    0,    0,   -5,    0,   -3,    0,    0,   -5,    0,    0,    0,    0,    0,    0,   -8,    0,    0,    0,   -2,   -5,   -3,   -3,    0,   -8,    0,    0,    0,    0,    0,    0,    0,    0,    0,    0,    0,    0,    0,    0,   -2,    0,    0,    0,    0,    0,    0,    0,    0,    0,    0,    0,    0,    0,    0,    0,    0,   -5,   -2,   -5,    0,    0,    0,   -3,    0,   -3,    0,    0,    0,    0,    0,    0,    0,    0,    0,    0,    0,    0,    0,    0,    0,    0,    0,    0,    0,    0,    0,    0,    0,    0,    0,    0,    0,    0,    0,    0,
       0,    0,    0,    0,    0,    0,    0,    0,    0,    0,    0,    0,    0,    0,   -4,    0,    0,    0,    0,    0,    0,    0,    0,    0,    0,    0,    0,    0,    0,    0,    0,    0,    0,    0,    0,    0,    0,    0,    0,    0,    0,    0,    0,    0,    0,    0,    0,    0,    0,    0,    0,    0,    0,    0,    0,    0,    0,    0,    0,    0,    0,    0,    0,    0,    0,    0,    0,    0,    5,    0,    0,    0,    0,    0,    0,    0,    0,    0,    0,    0,    0,    0,    0,    0,    0,    0,    0,    0,    0,    0,    0,    0,    0,    0,    0,    0,    0,    0,    0,    0,    0,    0,    0,    0,    0,    0,    0,    0,    0,    0,    0,    0,
       0,    0,    0,    0,    0,    0,    0,    0,   -6,    0,   -6,    0,    0,    0,   -6,    0,   -1,   -7,    0,    0,   -3,    0,   -3,    0,    0,   -3,    0,    0,    0,   -3,   -4,    0,   -5,    0,   -3,   -1,    0,   -8,    0,   -5,    0,    0,   -3,    0,   -5,    0,   -5,    0,    0,    0,    0,    0,    0,    0,   -3,    0,    0,   -3,    0,    0,    0,    0,   -5,    0,    0,    0,    0,    0,    0,    0,    0,    0,    0,    0,    0,   -4,    0,    0,    0,    0,    0,    0,    0,   -3,   -3,   -3,    0,    0,    0,    0,    0,    0,    0,    0,    0,    0,    0,    0,    0,    0,    0,    0,    0,    0,    0,    0,    0,    0,    0,    0,    0,    0,
       0,    0,    0,    0,    0,    0,    0,    0,    0,    0,    0,    0,   -5,    0,   -6,   -3,    0,   -1,    0,    0,   -1,    0,   -3,    0,    0,   -3,    0,    0,    0,    0,    0,    0,   -6,    0,    0,    0,    0,   -6,    0,   -5,    0,   -5,    0,    0,    0,    0,    0,    0,    0,    0,    0,    0,    0,    0,    0,    0,    0,    0,    0,    0,    0,    0,    0,    0,    0,    0,    0,    0,    0,    0,    0,    0,    0,   -3,    0,   -4,    0,    0,    0,    0,    0,    0,    0,   -3,    0,   -3,    0,    0,    0,    0,    0,    0,    0,    0,    0,    0,    0,    0,    0,    0,    0,    0,    0,    0,    0,    0,    0,    0,    0,    0,    0,    0,
       0,  -13,    0,   -5,  -11,    0,    0,  -11,   -3,    0,   -3,    0,   -5,    0,  -17,   -3,   -4,    0,   -3,    0,   -7,    0,   -5,    0,    0,  -13,    0,    0,    0,    0,   -2,    0,  -13,    0,   -5,   -3,    0,  -16,    0,  -13,    0,    0,    0,    0,    0,   -1,    0,    0,    0,    0,    0,    0,    0,    0,   -3,    0,   -1,   -3,    0,    0,    0,    0,    0,    0,   -5,    0,    0,    0,    0,    0,    0,    0,    0,   -5,    0,   -8,   -3,    0,    0,    0,   -3,    0,    0,   -7,    0,   -7,    0,    0,    0,    0,    0,    0,    0,    0,    0,    0,    0,    0,    0,    0,    0,    0,    0,    0,    0,    0,    0,    0,    0,    0,    0,    0,
       0,   -8,    0,   -4,   -5,    0,    0,   -5,    0,    0,    0,    0,   -5,    0,  -11,   -3,   -2,    0,   -1,    0,   -7,    0,   -4,    0,    0,   -5,    0,    0,    0,    0,   -2,    0,  -11,    0,   -8,   -5,    0,  -11,   -4,   -8,    0,   -5,    0,    0,    0,    0,    0,    0,    0,    0,    0,   -3,   -2,    0,   -3,   -1,   -1,   -3,   -2,    0,    0,    0,    0,   -3,    0,    0,    0,    0,    3,    0,    0,    0,    0,   -7,   -1,   -8,    0,   -2,    0,   -1,   -4,   -1,    0,   -5,    0,   -5,    0,    0,    0,    0,    0,    0,    0,    0,    0,    0,    0,    0,    0,    0,    0,    0,    0,    0,    0,    0,    0,    0,    0,    0,    0,    0,
       0,   -5,    0,    0,    0,    0,    0,   -5,    0,   -1,    0,   -1,   -5,    0,  -14,   -3,   -3,    0,   -1,    0,   -7,    0,   -4,    0,    0,   -8,    0,    0,    0,    0,   -3,    0,  -13,    0,   -5,    0,   -3,  -12,    0,   -8,    0,   -5,    0,    0,    0,    0,    0,    0,    0,    0,    0,    0,    0,    0,   -2,    0,   -1,   -2,    0,    0,    0,    0,    0,   -3,    0,    0,    0,    0,    0,    0,    0,    0,    0,   -5,    0,   -5,    0,    0,    0,   -3,   -3,   -3,    0,   -5,    0,   -5,    0,    0,    0,    0,    0,    0,    0,    0,    0,    0,    0,    0,    0,    0,    0,    0,    0,    0,    0,    0,    0,    0,    0,    0,    0,    0,
       5,    3,   -5,   -5,    3,   -5,    0,    3,   -9,  -23,   -9,  -23,  -11,   -3,   -4,   -3,   -2,  -11,   -3,   -4,    0,   -5,   -4,   -7,    0,    0,   -5,   -8,    0,   -3,   -5,    0,    0,    0,    0,    0,    0,    0,   -4,    0,    0,  -27,   -8,    0,   -8,    0,   -7,    0,    0,    0,   -3,   -7,    0,   -4,    0,    0,    0,    0,   -5,    0,    0,    0,  -13,    3,   -7,    0,  -13,    0,    8,    0,    0,   -1,  -11,   -5,   -8,    0,    0,   -4,    0,   -8,   -5,   -8,   -5,    0,    0,    0,   -8,    0,    0,    0,    0,    0,    0,    0,    0,    0,    0,    0,    0,    0,    0,    0,    0,    0,    0,    0,    0,    0,    0,    0,    0,    0,
       0,   -4,    0,   -3,    0,    0,    0,    0,    0,    0,    0,    0,    0,    0,   -8,   -3,    0,    0,    0,    0,   -4,    0,   -4,    0,    0,   -5,    0,    0,    0,    0,   -3,    0,   -5,    0,   -3,    0,   -3,  -11,    0,   -7,    0,   -5,    0,    0,    0,    0,    0,    0,    0,    0,    0,    0,    0,    0,   -2,    0,    0,   -2,    0,    0,    0,    0,    0,    0,    0,    0,    0,    0,    0,    0,    0,    0,    0,   -4,    0,   -4,    0,    0,    0,    0,   -5,    0,    0,   -5,    0,   -5,    0,    0,    0,    0,    0,    0,    0,    0,    0,    0,    0,    0,    0,    0,    0,    0,    0,    0,    0,    0,    0,    0,    0,    0,    0,    0,
       0,    0,    0,   -3,    0,    0,    0,    0,    0,  -14,    0,  -14,  -11,    0,   -5,   -3,   -5,   -3,    0,    0,   -3,    0,    0,    0,    0,   -5,    0,   -3,    0,    0,   -3,    0,   -5,    0,   -1,    0,   -2,  -10,   -5,  -11,    0,  -27,   -3,    0,    0,    0,    0,    0,    0,    0,    0,    0,    0,    0,    0,    0,    0,    0,    0,    0,    0,    0,    0,    0,    0,    0,   -5,    0,    0,    0,    0,    0,   -3,   -5,   -3,   -3,    0,    0,    0,   -5,    0,   -5,    0,    0,    0,    0,    0,    0,    0,    0,    0,    0,    0,    0,    0,    0,    0,    0,    0,    0,    0,    0,    0,    0,    0,    0,    0,    0,    0,    0,    0,    0,
       0,    0,    0,    0,    0,    0,    0,    0,    0,    0,    0,    0,    0,    0,  -10,    0,    3,   -1,    0,    0,   -7,    0,    0,    0,    0,   -9,    0,    0,    0,    0,    0,    0,    0,    0,    0,    0,    0,    0,    0,  -13,    2,    0,    0,    0,    0,    0,    0,    0,    0,    0,    0,    0,    0,    0,    0,    0,    0,    0,    0,    0,    0,    0,    0,    0,    0,    0,    0,    0,    0,    0,    0,    0,    0,    0,    0,    0,    0,    0,    0,    0,    0,    0,    0,    0,    0,    0,    0,    0,    0,    0,    0,    0,    0,    0,    0,    0,    0,    0,    0,    0,    0,    0,    0,    0,    0,    0,    0,    0,    0,    0,    0,    0,
       0,    0,    0,    0,    0,    0,    0,    0,    0,    0,    0,    0,    0,    0,   -5,    0,   -9,    0,    0,    0,    0,    0,   -3,    0,    0,  -11,    0,    0,    0,    0,   -2,    0,    0,    0,    0,    0,   -8,    0,   -6,    0,    0,    0,    0,    0,    0,    0,    0,    0,    0,    0,    0,    0,    0,    0,    0,    0,   -4,    0,    0,    0,    0,    0,    0,    0,    0,    0,    0,    0,    0,    0,    0,    0,    0,  -13,   -5,    0,    0,    0,    0,    0,    0,    0,    0,    0,    0,    0,    0,    0,    0,    0,    0,    0,    0,    0,    0,    0,    0,    0,    0,    0,    0,    0,    0,    0,    0,    0,    0,    0,    0,    0,    0,    0,
       0,    0,   -8,    0,    0,  -11,    0,    3,  -13,  -27,  -13,  -27,  -21,    0,    0,    0,    0,   -4,    0,    0,    0,    0,    0,    0,    0,   -8,    0,    0,    0,    0,    0,    0,    0,    0,    0,    0,    0,    0,    0,    0,    0,  -27,    0,    0,    0,    0,    0,    0,    0,    0,    0,    0,    0,    0,    3,    0,    0,    3,    0,    0,    0,    0,   -6,    0,   -5,  -27,    0,    0,    0,    0,    0,    0,    0,    0,    0,    0,    0,    0,    0,    0,    0,    0,    0,    0,    0,    0,    0,    0,    0,    0,    0,    0,    0,    0,    0,    0,    0,    0,    0,    0,    0,    0,    0,    0,    0,    0,    0,    0,    0,    0,    0,    0,
       0,   -5,    0,    0,    0,   -5,    0,   -8,    0,   -8,    0,   -8,    0,    0,   -8,   -5,   -5,    0,    0,    0,   -8,    0,   -3,   -4,    0,  -11,    0,    0,    0,    0,    0,    0,  -13,    0,   -4,   -3,   -8,  -11,   -5,  -13,    0,  -13,    0,    0,    0,    0,    0,    0,    0,    0,    0,   -3,    0,    0,    0,    0,   -3,    0,   -3,    0,    0,    0,    0,    0,   -8,    0,   -5,    0,    0,    0,    0,    0,    0,   -5,   -5,   -8,    0,    0,    0,   -4,   -5,   -4,    0,   -3,    0,   -3,   -3,    0,    0,    0,    0,    0,    0,    0,    0,    0,    0,    0,    0,    0,    0,    0,    0,    0,    0,    0,    0,    0,    0,    0,    0,    0,
       1,   -8,    0,    0,    0,    0,    0,   -8,   -3,    2,   -3,    2,    0,    0,  -13,    3,    0,   -5,    0,    0,   -5,    0,   -3,    0,    0,   -8,    0,    0,    0,   -3,    0,    0,  -13,   -3,   -4,    0,    0,  -14,    0,   -7,    3,    0,    0,    0,    0,    0,    0,    0,    0,    0,    0,    0,    0,    0,    0,    0,    0,    0,    0,    0,    3,    0,    0,    0,    0,    0,    0,    0,    0,    0,    0,    0,    0,    0,    0,   -4,   -7,    0,    0,    0,    0,    0,    0,   -3,    0,   -3,    0,    0,    0,    0,    0,    0,    0,    0,    0,    0,    0,    0,    0,    0,    0,    0,    0,    0,    0,    0,    0,    0,    0,    0,    0,    0,
       0,   -3,    0,   -5,    0,    0,    0,   -3,    0,    0,    0,    0,    0,    0,  -11,   -4,    0,   -3,   -3,    0,   -8,    0,   -5,    0,    0,   -5,    0,   -1,    0,    0,   -5,    0,   -5,    0,   -4,   -2,   -4,   -7,   -4,   -5,    0,   -5,    0,    0,    0,    0,    0,    0,    0,    0,    0,    0,    0,    0,    0,    0,   -1,    0,    0,    0,    0,    0,    0,    0,    0,    0,   -3,    0,    0,    0,    0,    0,    0,   -8,    0,   -7,    0,    0,    0,    0,   -5,    0,    0,   -4,    0,   -4,    0,    0,    0,    0,    0,    0,    0,    0,    0,    0,    0,    0,    0,    0,    0,    0,    0,    0,    0,    0,    0,    0,    0,    0,    0,    0,
       0,    0,    0,   -3,    0,   -4,    0,    0,  -21,    0,  -37,    0,    0,   -5,  -15,    0,    0,  -13,   -3,   -8,   -3,   -5,   -8,    0,  -14,    0,   -5,    0,    0,   -5,   -3,   -1,   -3,   -3,    0,    0,   -2,   -5,   -3,   -5,    0,    0,   -3,   -3,   -5,   -6,   -8,    0,   -4,   -3,   -3,   -3,   -8,   -4,  -13,   -8,   -4,  -13,   -1,    0,    0,    0,  -11,    0,   -5,    0,    0,    0,    0,    0,    0,   -5,    0,    0,    0,   -2,   -3,   -3,   -5,    0,   -3,    0,    0,  -13,  -12,  -13,   -4,    0,    0,    0,    0,    0,    0,    0,    0,    0,    0,    0,    0,    0,    0,    0,    0,    0,    0,    0,    0,    0,    0,    0,    0,    0,
       0,    0,    0,    0,    0,    0,    0,    0,    0,   -5,    0,   -5,    0,    0,   -3,   -7,   -5,    0,    0,    0,   -5,    0,    0,    0,    0,   -5,    0,   -3,    0,    0,   -3,   -2,   -9,    0,   -1,    0,   -4,   -9,   -7,   -5,    0,  -11,   -3,    0,    0,    0,    0,    0,    0,    0,    0,    0,    0,    0,    0,    0,   -1,    0,   -2,    0,    0,    0,    0,    0,    0,    0,   -5,    0,    0,    0,    0,    0,   -3,   -5,   -5,   -3,    0,    0,    0,   -3,   -3,   -3,    0,    0,    0,    0,    0,    0,    0,    0,    0,    0,    0,    0,    0,    0,    0,    0,    0,    0,    0,    0,    0,    0,    0,    0,    0,    0,    0,    0,    0,    0,
       0,    0,    0,   -3,    0,    0,    0,    2,   -5,    0,   -5,    0,    0,   -3,   -7,    0,    0,   -7,    0,   -4,    0,   -3,   -4,    0,    0,    0,   -3,    0,    0,   -3,   -2,    0,    0,    0,    0,    0,    0,   -1,   -3,   -8,    0,    0,   -3,    0,   -5,   -5,   -5,    0,    0,   -2,   -3,   -1,   -4,   -4,   -5,   -3,    0,   -5,    0,    0,    0,    0,   -5,    0,    0,    0,    0,    0,    2,    0,    0,   -3,    2,   -4,    0,    0,    0,    0,   -4,    0,   -3,    0,    0,   -8,   -5,   -8,    0,    0,    0,    0,    0,    0,    0,    0,    0,    0,    0,    0,    0,    0,    0,    0,    0,    0,    0,    0,    0,    0,    0,    0,    0,    0,
       1,    0,   -8,   -5,    0,   -8,    0,    0,   -3,  -21,   -3,  -21,  -13,   -3,   -8,   -3,    0,  -11,   -5,   -4,    0,   -7,   -5,    0,   -5,    0,   -5,  -13,    0,   -5,   -3,   -6,    0,    0,    0,    0,    0,   -1,   -5,    0,    2,  -27,  -14,   -3,   -9,  -11,  -12,   -8,   -8,   -3,   -9,  -12,   -4,  -10,   -9,   -7,  -16,   -9,  -13,    0,    0,    0,   -8,    0,  -11,    0,  -19,    0,    0,    0,   -8,   -3,    0,   -4,  -10,    0,    0,    0,   -5,    0,  -13,    0,   -9,    0,    0,    0,    0,    0,    0,    0,    0,    0,    0,    0,    0,    0,    0,    0,    0,    0,    0,    0,    0,    0,    0,    0,    0,    0,    0,    0,    0,    0,
       0,   -3,    0,    0,    0,    0,    0,    0,    0,    0,    0,    0,    0,    0,   -9,   -3,    0,    0,    0,    0,   -5,    0,   -3,    0,    0,   -3,    0,    0,    0,    0,   -2,    0,   -6,    0,    0,    0,   -2,   -7,   -1,   -4,    0,    0,    0,    0,    0,    0,    0,    0,    0,    0,    0,    0,    0,    0,    0,    0,    0,    0,    0,    0,    0,    0,    0,    0,    0,    0,    0,    0,    0,    0,    0,    0,    0,    0,    0,    0,    0,    0,    0,    0,    0,    0,    0,    0,    0,    0,    0,    0,    0,    0,    0,    0,    0,    0,    0,    0,    0,    0,    0,    0,    0,    0,    0,    0,    0,    0,    0,    0,    0,    0,    0,    0,
       0,    0,    0,    0,    0,    0,    0,    0,    0,    0,    0,    0,    0,    0,    0,    0,    0,    0,    0,    0,    0,    0,    0,    0,    0,    0,    0,    0,    0,    0,    0,    0,    0,    0,    0,    0,    0,    0,    0,    0,    0,    0,    0,    0,    0,    0,    0,    0,    0,    0,    0,    0,    0,    0,    0,    0,    0,    0,    0,    0,    0,    0,    0,    0,    0,    0,    0,    0,    3,    0,    0,    0,    0,    0,    0,    0,    0,    0,    0,    0,    0,    0,    0,    0,    0,    0,    0,    0,    0,    0,    0,    0,    0,    0,    0,    0,    0,    0,    0,    0,    0,    0,    0,    0,    0,    0,    0,    0,    0,    0,    0,    0,
       0,    0,    0,    0,    0,    0,    0,    0,    0,    0,    0,    0,    0,    0,    0,    0,    0,    0,    0,    0,    0,    0,    0,    0,    0,    0,    0,    0,    0,    0,    0,    0,    0,    0,    0,    0,    0,    0,    0,    0,    0,   -5,    0,    0,    0,    0,    0,    0,    0,    0,    0,    0,    0,    0,    0,    0,    0,    0,    0,    0,    0,    0,    0,    0,    0,    0,    0,    0,    3,    0,    0,    0,    0,    0,    0,    0,    0,    0,    0,    0,    0,    0,    0,    0,    0,    0,    0,    0,    0,    0,    0,    0,    0,    0,    0,    0,    0,    0,    0,    0,    0,    0,    0,    0,    0,    0,    0,    0,    0,    0,    0,    0,
       0,    0,    0,   -3,    0,   -3,    0,    0,  -10,    0,  -10,    0,    0,   -2,  -11,    0,    0,   -8,    0,   -5,    0,   -3,   -3,    0,   -8,   -8,   -8,    0,    0,   -4,   -2,    0,    0,   -2,    0,    0,    0,    0,    0,   -5,    3,    0,   -2,    0,   -4,   -4,   -3,    0,    0,    0,    0,    0,   -3,   -2,   -3,   -2,    0,   -3,    0,    0,    2,    0,   -3,    0,    0,    0,    0,    0,    0,    0,    0,   -2,    0,   -3,    0,    0,    0,    0,    0,    0,    0,    0,    0,  -14,   -9,  -14,    0,    0,    0,    0,    0,    0,    0,    0,    0,    0,    0,    0,    0,    0,    0,    0,    0,    0,    0,    0,    0,    0,    0,    0,    0,    0,
       0,  -27,    0,   -3,    0,   -5,    0,  -21,  -27,    0,  -27,    0,   -5,   -8,  -32,   -3,    0,   -9,   -3,   -8,  -10,   -3,  -16,    0,   -8,  -21,    0,    0,    0,  -11,   -6,   -3,  -24,   -7,  -23,  -11,    0,  -24,    0,  -30,    0,    0,   -3,   -3,   -7,   -9,   -7,    0,   -3,   -3,   -3,   -3,   -7,   -4,  -19,  -12,    0,  -19,    0,    0,    0,    0,  -16,    0,   -5,    0,    0,    0,   -3,    0,    0,   -7,    0,    0,    0,    0,  -25,    0,    0,    0,   -3,    0,    0,    0,    0,    0,    0,    0,    0,    0,    0,    0,    0,    0,    0,    0,    0,    0,    0,    0,    0,    0,    0,    0,    0,    0,    0,    0,    0,    0,    0,    0,
       0,    0,    0,   -4,    0,    0,    0,    0,    0,    0,    0,    0,    0,    0,   -4,    0,    0,   -3,    0,    0,   -3,    0,   -1,    0,    0,   -3,    0,    0,    0,   -3,   -2,    0,   -4,    0,   -2,    0,    0,   -5,    0,    0,    0,    0,    0,    0,    0,    0,    0,    0,    0,    0,    0,    0,    0,    0,    0,    0,    0,    0,    0,    0,    0,    0,   -3,    0,    0,    0,    0,    0,    0,    0,    0,    0,    0,    0,    0,    0,    0,    0,    0,    0,    0,    0,    0,   -3,   -2,   -3,    0,    0,    0,    0,    0,    0,    0,    0,    0,    0,    0,    0,    0,    0,    0,    0,    0,    0,    0,    0,    0,    0,    0,    0,    0,    0,
       0,    0,   -5,   -5,    0,  -11,    0,    0,   -3,  -32,   -3,  -32,  -13,    0,   -4,   -6,   -5,  -11,   -4,   -3,   -5,   -5,   -1,    0,    0,  -11,   -8,  -16,    0,    0,   -9,   -8,   -7,    0,   -5,   -3,   -9,  -10,  -10,  -13,    0,  -27,  -11,   -5,   -8,   -1,   -7,    0,   -5,   -3,   -5,   -8,   -1,   -7,   -1,   -1,   -4,   -1,   -6,    0,    0,    0,    0,    0,    0,    0,  -22,    0,    0,    0,    0,    0,  -15,  -11,  -16,   -5,    0,    0,    0,  -13,   -8,  -13,   -8,   -3,    0,   -3,  -11,    0,    0,    0,    0,    0,    0,    0,    0,    0,    0,    0,    0,    0,    0,    0,    0,    0,    0,    0,    0,    0,    0,    0,    0,    0,
       0,    0,    0,    0,    0,    0,    2,    0,    0,   -5,    0,   -5,    0,    0,   -3,   -7,   -5,    0,    0,    0,   -5,    0,    0,    0,    0,   -5,    0,   -3,    0,    0,   -3,   -2,   -9,    0,   -1,    0,   -4,   -9,   -7,   -5,    5,  -11,   -3,    0,    0,    0,    0,    0,    0,    0,    0,    0,    0,    0,    0,    0,   -1,    0,   -2,    0,    5,    0,    0,    0,    0,    0,   -5,    0,    0,    0,    0,    0,   -3,   -5,   -5,   -3,    0,    0,    0,   -3,   -3,   -3,    0,    0,    0,    0,    0,    0,    0,    0,    0,    0,    0,    0,    0,    0,    0,    0,    0,    0,    0,    0,    0,    0,    0,    0,    0,    0,    0,    0,    0,    0,
       0,    0,    0,   -2,    0,   -3,    0,    0,   -7,    0,   -7,    0,    0,    0,   -4,    0,    0,   -5,    0,    0,   -4,    0,   -1,    0,    0,   -5,    0,    0,    0,   -3,   -3,    0,   -5,   -2,   -2,    0,    0,   -8,   -2,   -5,    3,    0,   -2,    0,   -2,    0,   -3,    0,    0,    0,    0,    0,    0,    0,    0,    0,    0,    0,    0,    0,    2,    0,   -3,    0,    0,    0,    0,    0,    0,    0,    0,    0,    0,   -3,    0,    0,    0,    0,    0,    0,    0,    0,    0,    0,    0,    0,    0,    0,    0,    0,    0,    0,    0,    0,    0,    0,    0,    0,    0,    0,    0,    0,    0,    0,    0,    0,    0,    0,    0,    0,    0,    0,
       2,    3,  -13,   -5,    0,  -11,    0,    2,  -13,  -16,  -13,  -16,  -13,   -8,   -5,    0,    0,  -13,   -5,  -11,    0,   -5,   -5,    0,    0,    0,  -13,  -13,    0,   -9,   -4,   -5,    0,    0,    0,    0,    0,    0,   -5,   -8,    3,  -13,  -13,    0,  -15,  -11,  -13,    0,   -8,   -3,   -8,  -13,  -11,  -11,  -11,   -8,  -10,  -11,  -11,    0,    0,    0,  -11,    0,   -5,    0,  -20,    0,    0,    0,    0,   -5,  -10,    0,  -13,    0,    2,   -4,   -8,  -13,  -16,  -13,  -11,  -13,   -8,  -13,  -13,    0,    0,    0,    0,    0,    0,    0,    0,    0,    0,    0,    0,    0,    0,    0,    0,    0,    0,    0,    0,    0,    0,    0,    0,    0,
       0,    0,    0,   -2,    0,    0,    0,    0,    0,   -3,    0,   -3,   -3,    0,    0,    0,    0,    0,    0,    0,    0,    0,    0,    0,    0,    0,    0,   -3,    0,    0,   -2,    0,    0,    0,    0,    0,   -2,    0,   -3,    0,    0,   -8,   -1,    0,    0,    0,    0,    0,    0,    0,    0,   -1,    0,    0,    0,    0,    0,    0,   -2,    0,    0,    0,    0,    0,    0,    0,   -5,    0,    3,    0,    0,    0,    0,    0,    0,    0,    0,    0,    0,    0,   -1,    0,    0,    0,    0,    0,    0,    0,    0,    0,    0,    0,    0,    0,    0,    0,    0,    0,    0,    0,    0,    0,    0,    0,    0,    0,    0,    0,    0,    0,    0,    0,
       3,    3,   -3,   -4,    0,   -5,    0,    2,   -6,  -13,   -6,  -13,   -7,    0,   -5,    0,    0,   -5,   -3,   -1,    0,   -3,   -1,    0,    0,    0,   -4,   -4,    0,   -1,   -2,   -2,    0,    0,    0,    0,    0,    0,   -5,    0,    5,  -13,   -9,    0,   -7,   -3,   -8,    0,   -2,    0,   -3,   -5,   -3,   -5,   -2,   -2,   -5,   -2,   -6,    0,    0,    0,   -5,    0,    0,    0,   -9,    0,    3,    0,    0,   -2,    0,    0,    0,    0,    3,    0,    0,    0,   -8,    0,    0,    0,    0,    0,    0,    0,    0,    0,    0,    0,    0,    0,    0,    0,    0,    0,    0,    0,    0,    0,    0,    0,    0,    0,    0,    0,    0,    0,    0,    0,
       0,    0,    0,   -3,    0,   -3,    0,    2,    0,   -8,    0,   -8,    0,    0,   -5,    0,    0,   -3,   -3,    0,    0,    0,    0,    0,    0,    0,   -3,    0,    0,    0,   -2,    0,    0,    0,    0,    0,    0,    0,   -5,    0,    2,  -16,   -6,    0,   -3,   -1,   -3,    0,    0,    0,   -1,   -3,   -1,   -3,    0,    0,   -3,    0,   -2,    0,    0,    0,    0,    0,    0,    0,    0,    0,    4,    0,    0,    0,    0,    0,    0,    0,    0,    0,    0,    0,   -4,    0,    0,    0,    0,    0,    0,    0,    0,    0,    0,    0,    0,    0,    0,    0,    0,    0,    0,    0,    0,    0,    0,    0,    0,    0,    0,    0,    0,    0,    0,    0,
       0,    3,  -10,   -5,    0,  -13,    0,    0,  -15,  -25,  -15,  -25,  -16,   -5,   -9,   -5,   -5,  -13,   -5,  -13,    0,   -9,  -11,    0,    0,    0,  -11,  -14,    0,   -9,   -3,   -5,    0,    0,    0,    0,    0,    0,   -4,    0,    3,  -21,  -21,   -3,  -17,   -9,  -13,    0,   -5,   -3,  -14,  -15,   -7,  -14,  -13,   -8,  -14,  -13,  -15,    0,    0,    0,  -11,    0,   -5,    0,  -18,    0,    0,    0,    0,   -5,  -14,   -5,   -4,    0,    0,   -6,   -8,  -17,  -19,  -17,  -14,  -16,  -12,  -16,  -14,    0,    0,    0,    0,    0,    0,    0,    0,    0,    0,    0,    0,    0,    0,    0,    0,    0,    0,    0,    0,    0,    0,    0,    0,    0,
       0,    0,   -3,   -4,    0,   -5,    0,    3,  -14,    0,  -14,    0,    0,   -3,   -5,   -3,    0,   -8,   -4,   -7,    0,   -4,   -5,    0,   -7,    0,   -5,    0,    0,   -7,   -3,   -3,   -1,   -3,    0,    0,    0,    0,   -2,  -11,    0,    0,   -3,    0,   -6,   -5,   -7,    0,   -3,   -4,   -3,   -3,   -5,   -5,   -4,   -3,   -5,   -4,   -4,    0,    0,    0,  -13,    0,   -7,    0,    0,    0,    2,    0,    0,   -5,    0,   -3,    0,    0,    0,    0,    0,    0,   -8,    0,    0,   -8,    0,   -8,    0,    0,    0,    0,    0,    0,    0,    0,    0,    0,    0,    0,    0,    0,    0,    0,    0,    0,    0,    0,    0,    0,    0,    0,    0,    0,
       0,    3,    0,    0,    0,    0,    0,    0,    0,    0,    0,    0,    0,    0,   -9,    0,    0,   -3,    0,    0,    0,    0,    0,    2,    0,    0,    0,    3,    0,    0,    3,    0,    2,    0,    5,    2,    3,    3,    0,    0,    0,    3,    0,    0,    0,    0,    0,    0,   12,    0,    0,    0,    0,    0,    0,    0,    3,    0,    0,    0,    0,    0,    0,    0,    0,    2,    5,   13,   15,    9,    0,    0,    3,    0,    0,    3,    0,    3,    0,    2,    0,    0,    0,    0,    0,    0,    3,    0,    0,    0,    0,    0,    0,    0,    0,    0,    0,    0,    0,    0,    0,    0,    0,    0,    0,    0,    0,    0,    0,    0,    0,    0,
       0,  -27,    0,    0,  -16,  -16,    0,  -21,  -16,    0,  -16,    0,    0,    0,  -14,    0,   -8,   -5,    0,   -5,  -11,    0,  -11,    0,    0,  -21,   -8,    0,    0,    0,    0,    0,  -13,    0,   -7,    0,    0,  -16,   -5,  -32,    0,    0,   -5,    0,    0,   -8,    0,    0,    5,    0,    0,    0,   -5,    0,    0,    0,    0,    0,    0,    0,    0,    0,   -8,  -23,    0,    0,    0,    0,    0,    0,    0,   -2,    0,    0,    0,   -8,  -16,    0,    0,    0,    0,    0,    0,   -8,  -13,   -8,    0,    0,  -13,  -13,  -16,   -5,    0,  -21,   -9,   -5,   -5,    0,    0,    0,    0,    0,    0,    0,    0,    0,    0,    0,    0,    0,    0,    0,
       0,  -27,    0,   -5,  -21,   -8,    3,  -27,  -21,    0,  -21,    0,    0,   -8,  -27,    0,    0,  -32,    0,   -8,    0,   -5,    0,    0,    0,  -21,   -8,    0,    0,  -11,    7,    0,  -13,   -8,  -13,  -16,    0,  -21,    0,  -32,    3,   -3,   -5,    0,   -5,   -5,    3,    0,   14,   -3,    0,    0,   -5,   -5,   -8,   -5,    0,  -11,    0,    0,    3,    0,  -11,    0,    0,    2,    0,    0,    0,   12,   13,   -3,    9,    0,    0,    0,  -40,    0,    0,    3,    0,    0,    0,  -16,  -40,  -16,    0,    0,    0,    0,    0,   -5,    0,  -19,  -27,   -8,   -5,    0,    0,    0,    0,    0,    0,    0,    0,    0,    0,    0,    0,    0,    0,    0,
       0,   -3,    0,    0,    0,   -4,    0,   -4,   -2,    0,   -2,    0,    0,    0,  -13,    0,    0,    0,    0,    0,   -8,    0,    0,    0,    0,   -8,    0,    0,    0,    0,    0,    0,    0,    0,    0,    0,    0,    0,    0,  -11,    0,    0,   -1,    0,    0,    0,   -1,    0,    0,   -2,    0,    0,    0,    0,   -2,   -1,    0,   -2,    0,    0,    0,    0,    0,    0,    0,    0,    0,    0,    0,    0,    0,   -1,    0,    0,    0,    0,    0,    0,    0,    0,    0,    0,    0,   -4,    0,   -4,    0,    0,    0,    0,    0,    0,    0,    0,    0,    0,    0,    0,    0,    0,    0,    0,    0,    0,    0,    0,    0,    0,    0,    0,    0,    0,
       0,   -3,    0,    0,    0,    0,    0,   -3,    0,   -3,    0,   -3,    0,    0,  -13,   -5,   -5,    0,   -3,    0,   -7,    0,   -3,    0,    0,  -11,    0,    0,    0,    0,    0,    0,    0,    0,    0,    0,    0,    0,    0,  -13,    0,   -5,   -2,    0,    0,    0,    0,    0,    0,    0,    0,    0,    0,    0,   -2,    0,   -2,   -2,   -2,    0,    0,    0,    0,    0,   -5,    0,    0,    0,    0,    0,    0,    0,    0,    0,    0,    0,    0,    0,    0,   -3,   -5,   -3,    0,   -5,    0,   -5,   -3,    0,    0,    0,    0,    0,    0,    0,    0,    0,    0,    0,    0,    0,    0,    0,    0,    0,    0,    0,    0,    0,    0,    0,    0,    0,
       0,    0,    0,    0,    0,   -4,    0,    0,  -11,    3,  -11,    3,    0,   -3,   -3,    0,    0,   -8,    0,    0,   -8,   -3,    0,    0,   -5,   -9,   -5,    0,    0,    0,    0,    0,    0,    0,    0,    0,    0,    0,    0,   -8,    0,    0,   -1,    0,   -4,    0,   -3,    0,    0,    0,    0,    0,    0,   -3,    0,    0,    0,    0,    0,    0,    0,    0,   -8,    0,    0,    0,    0,    0,    0,    0,    0,   -2,    0,    0,    0,    0,    0,    0,   -2,    0,    0,    0,    0,    0,   -1,    0,    0,    0,    0,    0,    0,    0,    0,    0,    0,    0,    0,    0,    0,    0,    0,    0,    0,    0,    0,    0,    0,    0,    0,    0,    0,    0,
       0,    0,    0,    0,    0,    0,    0,    0,    0,    0,    0,    0,    0,    0,    0,    0,    0,    0,    0,    0,    0,    0,    0,    0,    0,    0,    0,    0,    0,    0,    0,    0,    0,    0,    0,    0,    0,    0,    0,    0,    0,    0,    0,    0,    0,    0,    0,    0,    0,    0,    0,    0,    0,    0,    0,    0,    0,    0,    0,    0,    0,    0,    0,    0,    0,    0,    0,    0,    5,    0,    0,    0,    0,    0,    0,    0,    0,    0,    0,    0,    0,    0,    0,    0,    0,    0,    0,    0,    0,    0,    0,    0,    0,    0,    0,    0,    0,    0,    0,    0,    0,    0,    0,    0,    0,    0,    0,    0,    0,    0,    0,    0,
      15,   19,    0,    0,    5,   -3,   21,   13,   -5,  -13,   -5,  -13,   -7,    0,    5,    5,    7,   -3,    5,    0,   16,    1,    5,    0,    0,   13,   -4,    0,    0,    0,    0,    0,    0,    0,    0,    0,    0,    0,    0,    3,   14,   -8,   -3,    0,   -3,    0,    0,    0,    0,    0,    0,   -1,    0,    0,    0,    0,    0,    0,   -3,    2,   14,    0,   -5,    0,    0,    0,    0,    0,   16,    0,    0,    0,    0,    0,    0,    0,    0,    0,    0,    0,    0,    0,    0,    0,    0,    0,    0,    0,    0,    0,    0,    0,    0,    0,    0,    0,    0,    0,    0,    0,    0,    0,    0,    0,    0,    0,    0,    0,    0,    0,    0,    0,
       0,    0,    0,    0,    0,    0,    0,    0,   -3,    7,   -3,    0,    0,    0,    0,    0,    0,   -4,    0,    0,    0,    0,    0,    0,    0,   -5,    0,    0,    0,    0,    0,    0,    0,    0,    0,    0,    0,    0,    0,   -5,    0,    2,   -2,    0,   -1,    0,    0,    0,    0,    0,    0,   -1,    0,   -1,    0,    0,    0,    0,   -1,    0,    0,    0,   -3,    0,    0,    0,    0,    0,    0,    0,    0,    0,    0,    0,    0,    0,    0,    0,    0,    0,   -1,    0,    0,    0,    0,    0,    0,    0,    0,    0,    0,    0,    0,    0,    0,    0,    0,    0,    0,    0,    0,    0,    0,    0,    0,    0,    0,    0,    0,    0,    0,    0,
       0,   -3,    0,    0,    0,    0,    0,    0,    0,    0,    0,    0,    0,    0,   -8,    0,    0,    0,    0,    0,   -5,    0,    0,    0,    0,   -8,    0,    0,    0,    0,    0,    0,    0,    0,    0,    0,    0,  -11,    0,   -9,    0,    0,    0,    0,    0,    0,    0,    0,    0,    0,    0,    0,    0,    0,   -2,    0,    0,   -2,    0,    0,    0,    0,    0,    0,    0,    0,    0,    0,    0,    0,    0,    0,    0,    0,    0,    0,    0,    0,    0,    0,    0,    0,    0,   -1,    0,   -1,    0,    0,    0,    0,    0,    0,    0,    0,    0,    0,    0,    0,    0,    0,    0,    0,    0,    0,    0,    0,    0,    0,    0,    0,    0,    0,
       0,    0,    0,    0,    0,    0,    0,    0,    0,    0,    0,    0,    0,    0,    0,    0,    0,    0,    0,    0,    0,    0,    0,    0,    0,    0,    0,    0,    0,    0,    0,    0,    0,    0,    0,    0,    0,    0,    0,    0,    0,    0,    0,    0,    0,    0,    0,    0,    0,    0,    0,    0,    0,    0,    0,    0,    0,    0,    0,    0,    0,    0,    0,    0,    0,    0,    0,    0,    4,    0,    0,    0,    0,    0,    0,    0,    0,    0,    0,    0,    0,    0,    0,    0,    0,    0,    0,    0,    0,    0,    0,    0,    0,    0,    0,    0,    0,    0,    0,    0,    0,    0,    0,    0,    0,    0,    0,    0,    0,    0,    0,    0,
       2,    0,    0,    0,    0,   -5,    0,    2,   -9,    2,   -9,    2,    0,   -2,   -3,    0,    0,   -4,   -1,   -3,    0,    0,   -3,    0,   -4,   -7,   -3,    0,    0,    0,    0,    0,    0,    0,    0,    0,    0,    0,    0,   -5,    3,    0,   -2,    0,   -2,    0,   -2,    0,    0,    0,    0,   -1,    0,   -1,    0,    0,    0,    0,    0,    0,    3,    0,   -5,    0,    0,    0,    0,    0,    0,    0,    0,   -2,    0,    0,    0,    0,    0,    0,   -1,    0,    0,    0,    0,    0,   -4,    0,    0,    0,    0,    0,    0,    0,    0,    0,    0,    0,    0,    0,    0,    0,    0,    0,    0,    0,    0,    0,    0,    0,    0,    0,    0,    0,
       2,   -4,    0,    0,    0,    0,    0,   -3,   -3,    2,   -3,    2,    0,    0,   -7,    0,    0,    0,    0,    0,   -4,    0,    0,    0,    0,   -4,    0,    0,    0,    0,    0,    0,    0,    0,    0,    0,    0,    0,    0,   -5,    2,    0,   -1,    0,   -1,    0,    0,    0,    0,    0,    0,    0,    0,    0,   -3,    0,    0,   -3,    1,    0,    2,    0,   -3,    0,    0,    0,    0,    0,    0,    0,    0,    0,    0,    0,    0,    0,    0,    0,    0,    4,    0,    0,    0,   -6,   -3,   -6,    0,    0,    0,    0,    0,    0,    0,    0,    0,    0,    0,    0,    0,    0,    0,    0,    0,    0,    0,    0,    0,    0,    0,    0,    0,    0,
       0,    0,    0,    0,    0,    0,    0,    0,    0,    0,    0,    0,    0,    0,    0,    0,    0,    0,    0,    0,    0,    0,    0,    0,    0,   -5,    0,    0,    0,    0,    0,    0,    0,    0,    0,    0,    0,    0,    0,   -6,    0,    0,    0,    0,    0,    0,    0,    0,    3,    0,    0,    0,    0,    0,    0,    0,    0,    0,    0,    0,    0,    0,    0,    0,    0,    0,    0,    0,    0,    0,    0,    0,    0,    0,    0,    0,    0,    0,    0,    0,    0,    0,    0,    0,    0,    0,    0,    0,    0,    0,    0,    0,    0,    0,    0,    0,    0,    0,    0,    0,    0,    0,    0,    0,    0,    0,    0,    0,    0,    0,    0,    0,
       0,    2,   -3,    0,    0,  -11,    0,    6,   -8,  -21,   -8,  -21,  -16,    0,    3,   -1,   -5,   -8,   -3,    0,    0,   -3,    0,    0,    0,   -8,   -4,    0,    0,    0,    0,    0,    0,    0,    0,    0,    0,    0,    0,  -13,    0,  -21,   -6,    0,   -5,    0,   -3,    0,    0,    0,    0,   -3,    0,    0,    0,    0,    0,    0,   -3,    0,    0,    0,   -7,    0,   -2,    0,    0,    0,    0,    0,    0,    0,    0,    0,    0,    0,    0,    0,    0,    0,   -3,    0,    0,    0,    0,    0,    0,    0,    0,    0,    0,    0,    0,    0,    0,    0,    0,    0,    0,    0,    0,    0,    0,    0,    0,    0,    0,    0,    0,    0,    0,    0,
       0,   -4,    0,    0,    0,    0,    0,    0,   -3,    0,   -3,    0,    0,    0,   -8,   -3,    0,    0,   -3,    0,   -7,    0,   -3,    0,    0,   -8,    0,    0,    0,    0,    0,    0,    0,    0,    0,    0,    0,    0,    0,  -10,    0,   -5,    0,    0,    0,    0,    0,    0,    0,    0,    0,   -2,    0,    0,   -3,   -1,   -2,   -3,    0,    0,    0,    0,    0,    0,    0,    0,    0,    0,    0,    0,    0,   -1,    0,    0,    0,    0,    0,    0,    0,   -1,   -1,   -1,    0,   -6,   -3,   -6,    0,    0,    0,    0,    0,    0,    0,    0,    0,    0,    0,    0,    0,    0,    0,    0,    0,    0,    0,    0,    0,    0,    0,    0,    0,    0,
       2,   -4,   -3,    0,    0,    0,    0,    0,  -11,    2,  -11,    2,    0,   -3,   -5,    0,    0,   -5,    0,   -3,   -5,    0,   -1,    0,    0,   -8,   -3,    0,    0,    0,    0,    0,    0,    0,    0,    0,    0,    0,    0,  -11,    3,    0,   -1,    0,   -5,    0,   -3,    0,    0,   -1,    0,    0,    0,    0,   -1,    0,    0,   -1,    0,    0,    0,    0,   -5,    0,    0,    0,    0,    0,    0,    0,    0,   -2,    0,    0,    0,    0,    0,    0,    0,    0,    0,    0,    0,    0,    0,    0,    0,    0,    0,    0,    0,    0,    0,    0,    0,    0,    0,    0,    0,    0,    0,    0,    0,    0,    0,    0,    0,    0,    0,    0,    0,    0,
       0,    0,    0,    0,    0,    0,    0,    0,    0,    0,    0,    0,    0,    0,   -5,    0,    0,    0,    0,    0,   -5,    0,    0,    0,    0,   -5,    0,    0,    0,    0,    0,    0,    0,    0,    0,    0,    0,    0,    0,   -6,    0,    0,    0,    0,    0,    0,    0,    0,    0,    0,    0,    0,    0,    0,    0,    0,    0,    0,    0,    0,    0,    0,    0,    0,    0,    0,    0,    0,    0,    0,    0,    0,    0,    0,    0,    0,    0,    0,    0,    0,    0,    0,    0,    0,    0,    0,    0,    0,    0,    0,    0,    0,    0,    0,    0,    0,    0,    0,    0,    0,    0,    0,    0,    0,    0,    0,    0,    0,    0,    0,    0,    0,
       3,    0,    0,    0,    0,   -4,    0,    3,   -3,  -11,   -3,  -11,    0,    0,    0,   -3,   -4,   -3,    0,    0,    0,    0,    0,    0,    0,   -8,    0,    0,    0,    0,    0,    0,    0,    0,    0,    0,    0,    0,    0,   -5,    0,   -8,   -3,    0,   -2,    0,   -1,    0,    0,    0,    0,   -2,    0,    0,    0,    0,    0,    0,    0,    0,    0,    0,   -3,    0,    0,    0,    0,    0,    0,    0,    0,   -1,    0,    0,    0,    0,    0,    0,    0,   -4,   -3,   -4,   -2,    0,    0,    0,   -3,    0,    0,    0,    0,    0,    0,    0,    0,    0,    0,    0,    0,    0,    0,    0,    0,    0,    0,    0,    0,    0,    0,    0,    0,    0,
       2,    0,    0,    0,    0,    0,    0,    3,    0,   -5,    0,   -5,    0,    0,    0,    0,   -3,    0,    0,    0,    0,    0,    0,    0,    0,   -5,    0,    0,    0,    0,    0,    0,    0,    0,    0,    0,    0,    0,    0,   -5,    0,   -5,   -1,    0,    0,    0,    0,    0,    0,    0,    0,    0,    0,    0,    0,    0,    0,    0,    0,    0,    0,    0,   -1,    0,    0,    0,    0,    0,    0,    0,    0,    0,    0,    0,    0,    0,    0,    0,    0,   -2,    0,   -2,    0,    0,    0,    0,   -1,    0,    0,    0,    0,    0,    0,    0,    0,    0,    0,    0,    0,    0,    0,    0,    0,    0,    0,    0,    0,    0,    0,    0,    0,    0,
       0,    0,   -2,    0,    0,   -5,    0,    0,   -6,    0,   -6,    0,    0,    0,   -3,    0,    0,   -6,    0,   -3,   -3,    0,    0,    0,    0,   -3,   -1,    0,    0,    0,    0,    0,    0,    0,    0,    0,    0,    0,    0,   -8,    0,    0,    0,    0,   -2,    0,   -2,    0,    0,    0,    0,   -1,    0,    0,    0,    0,    0,    0,    0,    0,    0,    0,   -5,    0,    0,    0,    0,    0,    0,    0,    0,   -1,    0,    0,    0,    0,    0,    0,    0,    0,   -1,    0,    0,    0,    0,    0,    0,    0,    0,    0,    0,    0,    0,    0,    0,    0,    0,    0,    0,    0,    0,    0,    0,    0,    0,    0,    0,    0,    0,    0,    0,    0,
       0,    3,    0,    0,    0,    0,    0,    0,    0,    0,    0,    0,    0,    0,    0,    0,    0,    0,    0,    0,    0,    0,    0,    0,    0,    0,    0,    3,    0,    0,    3,    0,    0,    0,    0,    0,    2,    0,    0,    0,    0,    3,    0,    0,    0,    0,    0,    0,   10,    0,    0,    0,    0,    0,    0,    0,    3,    0,    0,    0,    0,    0,    0,    0,    0,    2,    3,   13,   15,    9,    0,    0,    3,    0,    0,    0,    0,    0,    0,    0,    0,    0,    0,    0,    0,    0,    2,    0,    0,    0,    0,    0,    0,    0,    0,    0,    0,    0,    0,    0,    0,    0,    0,    0,    0,    0,    0,    0,    0,    0,    0,    0,
       0,    0,    0,    0,    0,    0,    0,    0,    0,    0,    0,    0,    0,    0,   -8,    0,    0,    0,    0,    0,   -8,    0,    0,    0,    0,   -8,    0,    0,    0,    0,    3,    0,   -7,    0,   -5,    0,    0,  -11,    0,  -13,    0,    0,    0,    0,    0,    0,    0,    0,   10,    0,    0,    0,    0,    0,    0,    0,    0,    0,    0,    0,    0,    0,    0,    0,    0,    0,    0,    0,    0,    0,    0,    0,    0,    0,    0,    0,    0,    0,    0,    0,    0,    0,    0,    0,    0,    0,    0,    0,    0,    0,    0,    0,    0,    0,    0,    0,    0,    0,    0,    0,    0,    0,    0,    0,    0,    0,    0,    0,    0,    0,    0,    0,
       0,    0,    0,    0,    0,    0,    0,    0,  -13,    0,  -13,    0,    0,    0,   -7,   -3,   -2,   -5,    0,    0,   -7,    0,    0,    0,    0,    0,   -8,    0,    0,    0,    0,    0,   -5,    0,    0,    0,    0,   -5,   -5,  -11,    0,    0,   -4,    0,   -5,    0,    0,    0,    0,    0,    0,    0,    0,    0,    0,    0,    0,    0,    0,    0,    0,    0,  -14,    0,    0,    0,    0,    0,    0,    0,    0,   -2,    0,   -5,    0,   -5,    0,    0,    0,    0,    0,    0,    0,    0,    0,    0,    0,    0,    0,    0,    0,    0,    0,    0,   -3,    0,   -5,    0,    0,    0,    0,    0,    0,    0,    0,    0,    0,    0,    0,    0,    0,    0,
     -18,  -21,    0,    0,    0,    0,    0,  -18,  -24,  -53,  -24,  -53,  -45,    0,    0,    0,    0,    0,    0,    0,    0,    0,    0,  -29,    0,  -27,    0,    0,    0,    0,    0,    0,    0,    0,    0,    0,    0,    0,    0,  -23,    0,  -27,    0,    0,    0,    0,    0,    0,    0,    0,    0,    0,    0,    0,    0,    0,    0,    0,    0,    0,    0,    0,    0,    0,    0,    0,    0,    0,    0,    0,    0,    0,    0,    0,    0,    0,    0,    0,    0,    0,    0,    0,    0,    0,    0,    0,    0,    0,    0,    0,    0,    0,    0,    0,    0,    0,    0,    0,    0,    0,    0,    0,    0,    0,    0,    0,    0,    0,    0,    0,    0,    0,
       0,   -5,    0,   -5,    0,    0,    0,   -5,    0,  -11,    0,  -11,   -8,    0,  -13,  -11,  -11,    0,   -5,    0,  -13,    0,   -5,    0,    0,   -5,    0,    0,    0,    0,   -4,    0,  -11,    0,   -5,    0,    0,  -11,  -11,  -11,    0,  -11,   -4,    0,    0,   -3,    0,    0,    0,    0,    0,    0,    0,    0,   -3,   -1,   -5,   -3,    0,    0,    0,    0,    0,    0,  -28,   -5,    0,    0,    0,    0,    0,    1,    0,  -11,   -5,   -8,   -3,   -5,    0,   -3,   -5,   -3,    0,   -5,    0,   -5,    0,    0,    0,    0,    0,    0,    0,    0,   -3,    0,    0,    0,    0,    0,    0,    0,    0,    0,    0,    0,    0,    0,    0,    0,    0,    0,
      -8,  -13,   -5,   -8,  -11,   -8,    0,  -11,  -16,  -16,  -16,  -16,    0,   -5,  -21,   -5,   -5,  -13,   -5,   -5,  -11,   -5,   -5,   -8,    0,  -27,   -8,   -5,    0,   -5,    0,    0,  -21,   -3,  -11,   -8,   -5,  -25,   -4,  -27,    0,    0,   -7,    0,  -11,   -5,    0,    0,    5,    0,   -8,    0,   -8,    0,  -11,   -5,    0,  -11,    0,    0,    0,   -5,  -13,    0,   -9,   -8,   -5,    0,    0,    0,    0,    0,    0,    0,    0,    0,    0,    0,    0,    0,    0,    0,    0,  -13,   -8,  -13,   -5,    0,    0,    0,    0,    0,    0,    0,    0,    0,    0,    0,    0,    0,    0,    0,    0,    0,    0,    0,    0,    0,    0,    0,    0,    0,
       0,    0,    0,    0,    0,    0,   14,    0,    0,    0,    0,    0,    0,    0,    0,    0,    0,    0,    0,    0,    0,    0,    0,    0,    0,    0,    0,    0,    0,    0,    0,    0,    0,    0,    0,    0,    0,    0,    0,    3,   13,    0,    0,    0,    0,    0,    0,    0,    0,    0,    0,    0,    0,    0,    0,    0,    0,    0,    0,    0,   13,    0,    0,    0,    0,    0,    0,    0,    0,    0,    0,    0,    0,    0,    0,    0,    0,    0,    0,    0,    0,    0,    0,    0,    0,    0,    0,    0,    0,    0,    0,    0,    0,    0,    0,    0,    0,    0,    0,    0,    0,    0,    0,    0,    0,    0,    0,    0,    0,    0,    0,    0,
       0,   -9,    0,    0,    0,    0,    0,  -11,   -3,    0,   -3,    0,    0,    0,  -13,    0,    0,    0,    0,    0,   -8,    0,   -7,    0,    0,   -8,    0,    0,    0,    0,    0,    0,    0,    0,    0,    0,    0,    0,    0,   -8,    0,   -5,    0,    0,    0,   -3,   -1,    0,    0,    0,    0,    0,   -1,    0,   -3,   -1,   -1,   -3,    0,    0,    0,    0,    0,    0,    0,    0,    0,    0,    0,    0,    0,    0,    0,    0,    0,    0,    0,    0,    0,    0,    0,    0,    0,    0,    0,    0,    0,    0,    0,    0,    0,    0,    0,    0,    0,    0,    0,    0,    0,    0,    0,    0,    0,    0,    0,    0,    0,    0,    0,    0,    0,    0,
      13,   10,    0,    0,    0,    0,   15,   11,    0,    0,    0,    0,    0,    0,    0,    0,    0,    0,    3,    0,    8,    0,    0,    0,    0,    5,    0,    0,    0,    0,    0,    0,    0,    0,    0,    0,    0,    0,    0,    9,   15,    0,    0,    5,    0,    0,    0,    4,    4,    3,    0,    0,    0,    0,    0,    0,    0,    0,    0,    0,   15,    0,    0,    0,    0,    0,    0,    0,    0,    0,    4,    0,    0,    0,    0,    0,    0,    0,    0,    0,    0,    0,    0,    0,    0,    0,    0,    0,    0,    0,    0,    0,    0,    0,    0,    0,    0,    0,    0,    0,    0,    0,    0,    0,    0,    0,    0,    0,    0,    0,    0,    0,
       4,    0,    0,    0,    0,   -9,    3,    5,  -14,  -14,  -14,  -14,  -14,   -3,    0,    0,    0,    0,    0,   -5,    5,   -4,    0,    0,   -5,    0,  -13,    0,    0,    0,    0,    0,    0,    0,    0,    0,    0,    0,    0,    0,    6,  -17,  -10,    0,  -10,    0,   -9,    0,    0,    0,   -3,    0,    0,   -6,    0,    0,    0,    0,    0,    0,    6,    0,  -14,    0,   -5,    0,    0,    0,    0,    0,    0,   -2,    0,    0,    0,    0,    0,    0,    0,    0,    0,    0,    0,    0,    0,    0,    0,    0,    0,    0,    0,    0,    0,    0,    0,    0,    0,    0,    0,    0,    0,    0,    0,    0,    0,    0,    0,    0,    0,    0,    0,    0,
       0,    0,    0,    0,    0,   -4,    0,    0,   -7,    0,   -7,    0,    0,    0,    0,    0,    0,   -1,   -1,   -1,    0,   -1,    0,    0,    0,   -5,    0,    0,    0,    0,    0,    0,    0,    0,    0,    0,    0,    0,    0,   -6,    0,    0,   -2,    0,   -2,    0,    0,    0,   -1,    0,    0,    0,    0,    0,    0,    0,    0,    0,    0,    0,    0,    0,   -5,    0,    0,    0,    0,    0,    0,    0,    0,   -1,    0,    0,    0,    0,    0,    0,    0,    0,    0,    0,    0,    0,    0,    0,    0,    0,    0,    0,    0,    0,    0,    0,    0,    0,    0,    0,    0,    0,    0,    0,    0,    0,    0,    0,    0,    0,    0,    0,    0,    0,
       0,    2,   -3,    0,    0,  -11,    5,    6,   -8,  -21,   -8,  -21,  -16,    0,    3,   -1,   -5,   -8,   -3,    0,    0,   -3,    0,    0,    0,   -8,   -4,    0,    0,    0,    0,    0,    0,    0,    0,    0,    0,    0,    0,  -13,    4,  -21,   -6,    0,   -5,    0,   -3,    0,    0,    0,    0,   -3,    0,    0,    0,    0,    0,    0,   -3,    0,    3,    0,   -7,    0,   -2,    0,    0,    0,    0,    0,    0,    0,    0,    0,    0,    0,    0,    0,    0,    0,   -3,    0,    0,    0,    0,    0,    0,    0,    0,    0,    0,    0,    0,    0,    0,    0,    0,    0,    0,    0,    0,    0,    0,    0,    0,    0,    0,    0,    0,    0,    0,    0,
       2,   -2,   -3,    0,    0,    0,    9,    0,  -11,    2,  -11,    2,    0,   -3,   -5,    0,    0,   -5,    0,   -3,   -5,    0,   -1,    0,    0,   -8,   -3,    0,    0,    0,    0,    0,    0,    0,    0,    0,    0,    0,    0,  -11,   11,    0,   -1,    0,   -5,    0,   -3,    0,    0,   -1,    0,    0,    0,    0,   -1,    0,    0,   -1,    0,    0,    9,    0,   -5,    0,    0,    0,    0,    0,    0,    0,    0,   -2,    0,    0,    0,    0,    0,    0,    0,    0,    0,    0,    0,    0,    0,    0,    0,    0,    0,    0,    0,    0,    0,    0,    0,    0,    0,    0,    0,    0,    0,    0,    0,    0,    0,    0,    0,    0,    0,    0,    0,    0,
       5,    5,    0,    0,    5,   -6,    0,    8,   -8,  -14,   -8,  -14,   -9,    0,    3,    2,    2,   -3,    0,    0,    3,    0,    3,    0,    0,    3,   -5,    0,    0,    0,    0,    0,    0,    0,    0,    0,    0,    0,    0,    0,    0,  -13,   -2,    0,   -2,    3,   -1,    0,    0,    0,    0,    0,    5,    0,    3,    3,    2,    3,    0,    0,    0,    0,   -8,    0,    0,    0,    0,    0,    0,    0,    0,    0,    0,    0,    0,    0,    0,    0,    0,    0,    0,    0,    0,    0,    0,    0,    0,    0,    0,    0,    0,    0,    0,    0,    0,    0,    0,    0,    0,    0,    0,    0,    0,    0,    0,    0,    0,    0,    0,    0,    0,    0,
       0,   -8,    0,   -5,    0,    0,    0,   -8,    0,    0,    0,    0,  -11,    0,  -10,   -4,   -3,    0,    0,    0,  -11,    0,   -7,    0,    0,  -11,    0,   -3,    0,    0,    0,    0,  -10,    0,   -5,    0,   -6,   -9,    0,    0,    0,   -8,    0,    0,    0,    0,    0,    0,    0,    0,    0,    0,    0,    0,   -1,    0,   -1,   -1,    0,    0,    0,    0,    0,    0,    0,    0,    0,    0,    0,    0,    0,    0,    0,   -8,   -3,   -6,   -4,   -2,    0,   -2,   -4,   -2,    0,   -8,    0,   -8,    0,    0,    0,    0,    0,    0,    0,    0,    0,    0,    0,    0,    0,    0,    0,    0,    0,    0,    0,    0,    0,    0,    0,    0,    0,    0,
       2,    3,  -16,  -10,    0,  -21,    0,    2,  -27,  -32,  -27,  -32,  -32,  -13,  -10,   -4,    0,  -21,   -8,  -13,    0,  -11,   -5,    0,  -23,    0,  -23,  -27,    0,  -16,    0,   -9,    0,    0,    0,    0,    0,    0,    0,  -11,    2,  -32,  -27,    0,  -27,    0,    0,    0,   -8,    0,  -21,  -27,    0,  -24,  -21,  -16,  -21,  -21,    0,    0,    0,    0,  -27,    0,  -21,    0,  -35,    0,    0,    0,    0,    0,  -25,   -5,  -19,    0,    0,   -8,  -16,  -27,  -21,  -27,  -19,  -21,  -23,  -21,  -27,    0,    0,    0,    0,    0,    0,    0,    0,    0,    0,    0,    0,    0,    0,    0,    0,    0,    0,    0,    0,    0,    0,    0,    0,    0,
       0,   -2,    0,    0,    0,    0,    3,    0,   -2,    2,   -2,    2,    0,    0,   -5,    0,    0,    0,    0,    0,    0,    0,    0,    0,    0,    0,    0,    0,    0,    0,    0,    0,   -3,    0,    0,    0,    0,   -3,    0,   -2,    2,    5,    0,    0,    0,    0,    0,    0,    7,    0,    0,    2,    0,    0,   -2,    0,    0,   -2,    0,    0,    2,    0,    0,    0,    0,    0,    5,    0,    0,    0,    0,    0,    0,    0,    0,    0,    0,    0,    0,    1,    0,    1,    2,   -2,   -2,   -2,    0,    0,    0,    0,    0,    0,    0,    0,    0,    0,    0,    0,    0,    0,    0,    0,    0,    0,    0,    0,    0,    0,    0,    0,    0,    0,
       0,    0,   -8,   -4,    0,  -11,    0,    2,  -11,  -27,  -11,  -27,  -16,   -5,   -5,   -3,   -1,   -8,    0,   -7,    0,   -6,   -4,    0,    0,    0,  -11,   -9,    0,   -3,    0,   -3,    0,    0,    0,    0,    0,    0,    0,    0,    5,  -27,  -13,    0,  -11,    0,    0,    0,   -4,    0,   -8,   -9,    0,    0,   -4,   -3,   -7,   -4,    0,    0,    2,    0,  -13,    0,   -8,    0,   -9,    0,    0,    0,    0,    0,   -8,   -8,   -8,    0,    0,   -4,   -5,  -13,  -11,  -13,  -10,   -8,   -8,   -8,  -14,    0,    0,    0,    0,    0,    0,    0,    0,    0,    0,    0,    0,    0,    0,    0,    0,    0,    0,    0,    0,    0,    0,    0,    0,    0,
       0,   -5,    0,    0,    0,   -3,    2,   -5,   -5,    3,   -5,    3,    0,   -2,   -7,    0,    0,    0,    0,   -2,   -5,    0,   -3,    0,    0,   -5,    0,    0,    0,   -5,    0,    0,   -9,    0,   -5,    0,    0,  -10,    0,   -7,    2,    2,    0,    0,    0,    0,    0,    0,    0,    0,    0,    0,    0,    0,   -3,    0,    0,   -3,    0,    0,    0,    0,   -3,    0,    0,    0,    0,    0,    0,    0,    0,    0,    0,    0,    0,   -9,   -7,    0,    0,    0,    0,    0,    0,   -7,   -3,   -7,    0,    0,    0,    0,    0,    0,    0,    0,    0,    0,    0,    0,    0,    0,    0,    0,    0,    0,    0,    0,    0,    0,    0,    0,    0,    0,
       0,   -8,    0,   -4,    0,    0,    0,   -8,    0,    0,    0,    0,   -8,    0,  -14,   -6,   -4,    0,   -4,    0,  -11,    0,   -6,    0,    0,  -14,    0,    0,    0,    0,   -3,   -2,  -15,    0,   -7,   -4,   -8,  -21,   -5,  -13,    0,   -5,    0,    0,    0,    0,    0,    0,    0,    0,    0,    0,    0,    0,   -1,    0,   -1,   -1,   -1,    0,    0,    0,    0,    0,    0,    0,   -2,    0,    0,    0,    0,    0,    0,   -5,   -2,  -13,   -4,   -2,    0,   -2,   -5,   -2,    0,   -4,    0,   -4,    0,    0,    0,    0,    0,    0,    0,    0,    0,    0,    0,    0,    0,    0,    0,    0,    0,    0,    0,    0,    0,    0,    0,    0,    0,    0,
       0,   -3,    0,    0,    0,    0,    0,   -3,   -3,    0,   -3,    0,    0,    0,   -8,   -4,    0,    0,   -3,    0,   -6,    0,    0,    0,    0,   -8,    0,    0,    0,    0,    0,    0,    0,    0,    0,    0,    0,    0,    0,  -13,    0,   -5,   -2,    0,   -2,    0,    0,    0,    0,    0,    0,   -2,    0,    0,   -4,   -3,   -2,   -4,   -3,    0,    0,    0,    0,    0,    0,    0,    0,    0,    0,    0,    0,   -1,    0,    0,    0,    0,    0,    0,    0,   -3,   -4,   -3,    0,   -5,   -4,   -5,   -1,    0,    0,    0,    0,    0,    0,    0,    0,    0,    0,    0,    0,    0,    0,    0,    0,    0,    0,    0,    0,    0,    0,    0,    0,    0,
       0,    2,   -5,    0,    0,  -13,    0,    3,  -10,  -27,  -10,  -27,  -13,    0,    0,   -5,   -5,  -10,   -4,   -3,   -5,   -5,    0,    0,    0,  -11,   -8,    0,    0,    0,    0,    0,    0,    0,    0,    0,    0,    0,    0,  -13,    0,  -21,   -9,    0,   -7,    0,    0,    0,    0,    0,    0,    0,    0,    0,    0,    0,    0,    0,    0,    0,    0,    0,   -9,    0,   -3,    0,    0,    0,    0,    0,    0,    0,    0,    0,    0,    0,    0,    0,    0,  -13,   -3,  -13,   -5,    3,    0,    3,   -5,    0,    0,    0,    0,    0,    0,    0,    0,    0,    0,    0,    0,    0,    0,    0,    0,    0,    0,    0,    0,    0,    0,    0,    0,    0,
       3,    0,    0,    0,    0,    0,    2,    0,   -2,    3,   -2,    3,    0,    0,   -5,    0,    0,    0,    0,    0,    0,    0,    0,    0,    0,   -5,    0,    0,    0,    0,    0,    0,    0,    0,    0,    0,    0,    0,    0,   -8,    3,    3,    0,    0,   -1,    0,    0,    0,    3,    0,    0,    2,    0,    0,    0,    0,    0,    0,    0,    0,    3,    0,    0,    0,    0,    0,    0,    0,    0,    0,    0,    0,    0,    0,    0,    0,    0,    0,    0,    5,    0,    2,    2,   -2,   -3,   -2,    0,    0,    0,    0,    0,    0,    0,    0,    0,    0,    0,    0,    0,    0,    0,    0,    0,    0,    0,    0,    0,    0,    0,    0,    0,    0,
       0,    0,    0,    0,    0,    0,    0,    0,    0,    0,    0,    0,    0,    0,   -8,    0,    0,    0,    0,    0,   -5,    0,    0,    0,    0,   -5,    0,    0,    0,    0,    0,    0,    0,    0,    0,    0,    0,    0,    0,   -8,    0,    0,    0,    0,    0,    0,    0,    0,    0,    0,    0,    0,    0,    0,   -2,    0,    0,   -2,    0,    0,    0,    0,    0,    0,    0,    0,    0,    0,    0,    0,    0,    0,    0,    0,    0,    0,    0,    0,    0,    0,    0,    0,    0,   -4,   -3,   -4,    0,    0,    0,    0,    0,    0,    0,    0,    0,    0,    0,    0,    0,    0,    0,    0,    0,    0,    0,    0,    0,    0,    0,    0,    0,    0,
       5,    3,   -5,    0,    0,   -8,    0,    4,   -5,  -16,   -5,  -16,   -8,    0,    0,   -5,   -5,   -8,   -3,    0,   -8,   -5,    0,    0,    0,  -11,   -8,    0,    0,    0,    0,    0,    0,    0,    0,    0,    0,    0,    0,   -8,    0,  -16,   -6,    0,   -7,    0,    0,    0,    0,    0,    0,   -5,    0,    0,    0,    0,    0,    0,    0,    0,    0,    0,   -5,    0,    0,    0,    0,    0,    0,    0,    0,    0,    0,    0,    0,    0,    0,    0,   -3,  -13,    0,  -13,   -5,    3,    0,    3,   -5,    0,    0,    0,    0,    0,    0,    0,    0,    0,    0,    0,    0,    0,    0,    0,    0,    0,    0,    0,    0,    0,    0,    0,    0,    0,
       3,   -3,    0,    0,    0,    0,    0,    0,   -5,    3,   -5,    3,    0,    0,   -8,    0,    0,    0,    0,    0,    0,    0,    0,    0,    0,    0,    0,    0,    0,    0,    0,    0,    0,    0,    0,    0,    0,    0,    0,    0,    2,    5,    0,    0,   -2,    0,    0,    0,    0,    0,    0,    0,    0,    0,   -3,   -2,    0,   -3,    0,    0,    0,    0,   -3,    0,    0,    0,    0,    0,    0,    0,    0,    0,    0,    0,    0,    0,    0,    0,   -1,    3,    0,    3,    2,   -5,   -3,   -5,    0,    0,    0,    0,    0,    0,    0,    0,    0,    0,    0,    0,    0,    0,    0,    0,    0,    0,    0,    0,    0,    0,    0,    0,    0,    0,
       0,  -21,    0,    0,    0,    0,    0,  -16,   -3,    0,   -3,    0,   -8,    0,  -16,   -4,    0,    0,   -3,    0,   -8,    0,   -5,    0,    0,  -13,    0,    0,    0,    0,    0,    0,    0,    0,    0,    0,    0,    0,    0,  -21,    0,   -5,    0,    0,    0,    0,   -2,    0,    0,    0,    0,   -2,   -2,    0,   -5,   -3,   -2,   -5,    0,    0,    0,    0,    0,    0,    0,    0,    0,    0,    0,    0,    0,    0,    0,    0,    0,    0,    0,    0,    0,    0,   -5,    0,    0,  -10,   -4,  -10,   -2,    0,    0,    0,    0,    0,    0,    0,    0,    0,    0,    0,    0,    0,    0,    0,    0,    0,    0,    0,    0,    0,    0,    0,    0,    0,
       0,    2,   -5,    0,    0,  -13,    0,    3,  -10,  -27,  -10,  -27,  -13,    0,    0,   -5,   -5,  -10,   -4,   -3,   -5,   -5,    0,    0,    0,  -11,   -8,    0,    0,    0,    0,    0,    0,    0,    0,    0,    0,    0,    0,  -13,    3,  -21,   -9,    0,   -7,    0,    0,    0,    0,    0,    0,    0,    0,    0,    0,    0,    0,    0,    0,    0,    0,    0,   -9,    0,   -3,    0,    0,    0,    0,    0,    0,    0,    0,    0,    0,    0,    0,    0,    0,  -13,   -3,  -13,   -5,    3,    0,    3,   -5,    0,    0,    0,    0,    0,    0,    0,    0,    0,    0,    0,    0,    0,    0,    0,    0,    0,    0,    0,    0,    0,    0,    0,    0,    0,
       3,    0,    0,    0,    0,    0,    3,    0,   -8,    5,   -8,    5,    0,   -3,   -4,    0,    2,    0,    0,    0,   -5,    0,   -5,    0,    0,  -11,    0,    0,    0,   -3,    0,    0,   -4,    0,    0,    0,    0,    0,    0,    0,    5,    5,    2,    0,    0,    0,    0,    0,    5,    0,    0,    3,    0,    0,   -3,    0,    4,   -3,    0,    0,    3,    0,   -5,    0,    0,    0,    0,    0,    0,    0,    0,    0,    0,    0,    0,    0,   -2,    0,   -2,    7,    2,    2,    3,  -15,    0,   -8,    2,    0,    0,    0,    0,    0,    0,    0,    0,    0,    0,    0,    0,    0,    0,    0,    0,    0,    0,    0,    0,    0,    0,    0,    0,    0,
       3,    0,    0,    0,    0,    0,    3,    0,   -7,    6,   -7,    6,    0,    0,    0,    2,    0,    0,    0,    0,   -2,    0,    0,    0,    0,   -8,    0,    0,    0,    0,    0,    0,    0,    0,    0,    0,    0,    0,    0,    0,    3,    7,    1,    0,   -3,    0,    0,    0,    5,    0,    0,    0,    0,    0,    0,    0,    5,    0,    0,    0,    3,    0,   -3,    0,    0,    0,    0,    0,    0,    0,    0,    0,    0,    0,    0,    0,    0,    0,    0,    7,    0,    2,    2,    0,   -3,    0,    0,    0,    0,    0,    0,    0,    0,    0,    0,    0,    0,    0,    0,    0,    0,    0,    0,    0,    0,    0,    0,    0,    0,    0,    0,    0,
       0,    0,    0,    0,    0,    0,    0,    0,    0,    0,    0,    0,    0,    0,    0,    0,    0,    0,    0,    0,    0,    0,    0,    0,    0,    0,    0,    0,    0,    0,    0,    0,    0,    0,    0,    0,    0,    0,    0,    0,    0,    0,    0,    0,    0,    0,    0,    0,    0,    0,    0,    0,    0,    0,    0,    0,    0,    0,    0,    0,    0,    0,    0,    0,    0,    0,    0,    0,    0,    0,    0,    0,    0,    0,    0,    0,    0,    0,    0,    0,    0,    0,    0,    0,    0,    0,    0,    0,   -3,   -3,    0,    0,    0,    0,    0,    0,    0,    0,    0,    0,    0,    0,    0,    0,    0,    0,    0,    0,    0,    0,    0,    0,
       0,    0,    0,    0,    0,    0,    0,    0,    0,    0,    0,    0,   -5,    0,    0,    0,    0,    0,    0,    0,    0,    0,    0,    0,    0,    0,    0,    0,    0,    0,    0,    0,    0,    0,    0,    0,    0,    0,    0,    0,    0,    0,    0,    0,    0,    0,    0,    0,    0,    0,    0,    0,    0,    0,    0,    0,    0,    0,    0,    0,    0,    0,    0,    0,    0,    0,    0,    0,    0,    0,    0,    0,    0,    0,    0,    0,    0,    0,    0,    0,    0,    0,    0,    0,    0,    0,    0,   -5,    0,    0,    0,    0,   -3,    0,    0,    0,    0,    0,    0,    0,    0,    0,    0,    0,    0,    0,    0,    0,    0,    0,    0,    0,
       0,    0,    0,    0,    0,    0,    0,    0,    0,    0,    0,    0,  -18,    0,    0,    0,    0,    0,    0,    0,    0,    0,    0,    0,    0,    0,    0,    0,    0,    0,    0,    0,    0,    0,    0,    0,    0,    0,    0,   -5,    0,    0,    0,    0,    0,    0,    0,    0,    0,    0,    0,    0,    0,    0,    0,    0,    0,    0,    0,    0,    0,    0,    0,    0,    0,    0,    0,    0,    0,    0,    0,    0,    0,    0,    0,    0,    0,    0,    0,    0,    0,    0,    0,    0,    0,    0,    0,    0,   -3,    0,    0,   -5,   -3,   -3,   -3,   -4,   -5,    0,    0,    0,    0,    0,    0,    0,    0,    0,    0,    0,    0,    0,    0,    0,
       0,    0,    0,    0,    0,    0,    0,    0,    0,  -13,    0,  -13,   -3,    0,    0,    0,    0,    0,    0,    0,    0,    0,    0,    3,    0,    3,    0,    0,    0,    0,    0,    0,    0,    0,    0,    0,    0,    0,    0,   -8,    0,  -13,    0,    0,    0,    0,    0,    0,    0,    0,    0,    0,    0,    0,    0,    0,    0,    0,    0,    0,    0,    0,    0,    0,    0,    0,    0,    0,    0,    0,    0,    0,    0,    0,    0,    0,    0,    0,    0,    0,    0,    0,    0,    0,    0,    0,    0,    0,   -3,   -9,   -2,    0,   -3,   -2,    0,    0,    0,    0,    0,    0,    0,    0,    0,    0,    0,    0,    0,    0,    0,    0,    0,    0,
       0,    0,    0,    0,    0,    0,    0,    0,    0,    0,    0,    0,   -3,    0,    0,    0,    0,    0,    0,    0,    0,    0,    0,    0,    0,    0,    0,    0,    0,    0,    0,    0,    0,    0,    0,    0,    0,    0,    0,    0,    0,    0,    0,    0,    0,    0,    0,    0,    0,    0,    0,    0,    0,    0,    0,    0,    0,    0,    0,    0,    0,    0,    0,    0,    0,    0,    0,    0,    0,    0,    0,    0,    0,    0,    0,    0,    0,    0,    0,    0,    0,    0,    0,    0,    0,    0,    0,    0,    0,    0,    0,    0,    0,    0,    0,    0,    0,    0,    0,    0,    0,    0,    0,    0,    0,    0,    0,    0,    0,    0,    0,    0,
       0,    0,    0,    0,    0,    0,    0,    0,    0,   -5,    0,   -5,   -7,    0,    0,    0,    0,    0,    0,    0,    0,    0,    0,    3,    0,    0,    0,    0,    0,    0,    0,    0,    0,    0,    0,    0,    0,    0,    0,   -5,    0,   -8,    0,    0,    0,    0,    0,    0,    0,    0,    0,    0,    0,    0,    0,    0,    0,    0,    0,    0,    0,    0,    0,    0,    0,    0,    0,    0,    0,    0,    0,    0,    0,    0,    0,    0,    0,    0,    0,    0,    0,    0,    0,    0,    0,    0,    0,    0,    0,    0,   -3,    0,   -3,   -3,    0,    0,    0,    0,    0,    0,    0,    0,    0,    0,    0,    0,    0,    0,    0,    0,    0,    0,
       0,    0,    0,    0,    0,    0,    0,    0,    0,    0,    0,    0,   -5,    0,    0,    0,    0,    0,    0,    0,    0,    0,    0,    0,    0,    0,    0,    0,    0,    0,    0,    0,    0,    0,    0,    0,    0,    0,    0,   -5,    0,   -5,    0,    0,    0,    0,    0,    0,    0,    0,    0,    0,    0,    0,    0,    0,    0,    0,    0,    0,    0,    0,    0,    0,    0,    0,    0,    0,    0,    0,    0,    0,    0,    0,    0,    0,    0,    0,    0,    0,    0,    0,    0,    0,    0,    0,    0,    0,    0,   -3,   -3,    0,    0,   -3,    0,    0,    0,    0,    0,    0,    0,    0,    0,    0,    0,    0,    0,    0,    0,    0,    0,    0,
       0,    0,    0,    0,    0,    0,    0,    0,    0,    0,    0,    0,   -5,    0,    0,    0,    0,    0,    0,    0,    0,    0,    0,    0,    0,    3,    0,    0,    0,    0,    0,    0,    0,    0,    0,    0,    0,    0,    0,   -5,    0,    0,    0,    0,    0,    0,    0,    0,    0,    0,    0,    0,    0,    0,    0,    0,    0,    0,    0,    0,    0,    0,    0,    0,    0,    0,    0,    0,    0,    0,    0,    0,    0,    0,    0,    0,    0,    0,    0,    0,    0,    0,    0,    0,    0,    0,    0,    0,    0,    0,   -2,    0,   -3,   -3,    0,    0,    0,    0,    0,    0,    0,    0,    0,    0,    0,    0,    0,    0,    0,    0,    0,    0,
       0,    0,    0,    0,    0,    0,    0,    0,    0,    0,    0,    0,    0,    0,    0,    0,    0,    0,    0,    0,    0,    0,    0,    0,    0,    0,    0,    0,    0,    0,    0,    0,    0,    0,    0,    0,    0,    0,    0,    0,    0,    0,    0,    0,    0,    0,    0,    0,    0,    0,    0,    0,    0,    0,    0,    0,    0,    0,    0,    0,    0,    0,    0,    0,    0,    0,    0,    0,    0,    0,    0,    0,    0,    0,    0,    0,    0,    0,    0,    0,    0,    0,    0,    0,    0,    0,    0,    0,    0,    0,    0,   -2,   -3,   -3,   -3,    0,    0,    0,    0,    0,    0,    0,    0,    0,    0,    0,    0,    0,    0,    0,    0,    0,
       0,    0,    0,    0,    0,    0,    0,    0,    0,    0,    0,    0,   -5,    0,    0,    0,    0,    0,    0,    0,    0,    0,    0,    0,    0,    0,    0,    0,    0,    0,    0,    0,    0,    0,    0,    0,    0,    0,    0,   -5,    0,    0,    0,    0,    0,    0,    0,    0,    0,    0,    0,    0,    0,    0,    0,    0,    0,    0,    0,    0,    0,    0,    0,    0,    0,    0,    0,    0,    0,    0,    0,    0,    0,    0,    0,    0,    0,    0,    0,    0,    0,    0,    0,    0,    0,    0,    0,    0,    0,    0,    0,    0,    0,    0,    0,    0,    0,    0,    0,    0,    0,    0,    0,    0,    0,    0,    0,    0,    0,    0,    0,    0,
       0,    0,    0,    0,    0,    0,    0,    0,    0,    3,    0,    3,    0,    0,    0,    0,    0,    0,    0,    0,    0,    0,    0,    3,    0,    0,    0,    0,    0,    0,    0,    0,    0,    0,    0,    0,    0,    0,    0,    0,    0,    0,    0,    0,    0,    0,    0,    0,    0,    0,    0,    0,    0,    0,    0,    0,    0,    0,    0,    0,    0,    0,    0,    0,    0,    0,    0,    0,    0,    0,    0,    0,    0,    0,    0,    0,    0,    0,    0,    0,    0,    0,    0,    0,    0,    0,    0,    0,    0,    0,    0,    0,    0,   -2,    0,    0,    0,    0,    0,    0,    0,    0,    0,    0,    0,    0,    0,    0,    0,    0,    0,    0,
       0,   -5,    0,    0,    0,    0,    0,    0,    0,  -10,    0,  -10,  -10,    0,    0,    0,    0,    0,    0,    0,    0,    0,    0,    0,    0,    0,    0,    0,    0,    0,    0,    0,    0,    0,    0,    0,    0,    0,    0,   -7,    0,  -27,    0,    0,    0,    0,    0,    0,    0,    0,    0,    0,    0,    0,    0,    0,    0,    0,    0,    0,    0,    0,    0,    0,    0,    0,    0,    0,    0,    0,    0,    0,    0,    0,    0,    0,    0,    0,    0,    0,    0,    0,    0,    0,    0,    0,    0,    0,    0,    0,    0,    0,    0,    0,    0,    0,    0,    0,    0,    0,    0,    0,    0,    0,    0,    0,    0,    0,    0,    0,    0,    0,
       0,   -5,    0,    0,    0,    0,    0,    0,    0,    0,    0,    0,   -8,    0,    0,    0,    0,    0,    0,    0,    0,    0,    0,    0,    0,    0,    0,    0,    0,    0,    0,    0,    0,    0,    0,    0,    0,    0,    0,    0,    0,    0,    0,    0,    0,    0,    0,    0,    0,    0,    0,    0,    0,    0,    0,    0,    0,    0,    0,    0,    0,    0,    0,    0,    0,    0,    0,    0,    0,    0,    0,    0,    0,    0,    0,    0,    0,    0,    0,    0,    0,    0,    0,    0,    0,    0,    0,   -5,    0,    0,    0,    0,    0,    0,    0,    0,    0,    0,    0,    0,    0,    0,    0,    0,    0,    0,    0,    0,    0,    0,    0,    0,
       0,    0,    0,    0,    0,    0,    0,    0,    0,    0,    0,    0,    0,    0,    0,    0,    0,    0,    0,    0,    0,    0,    0,    0,    0,    0,    0,    0,    0,    0,    0,    0,    0,    0,    0,    0,    0,    0,    0,   -5,    0,    0,    0,    0,    0,    0,    0,    0,    0,    0,    0,    0,    0,    0,    0,    0,    0,    0,    0,    0,    0,    0,    0,    0,    0,    0,    0,    0,    0,    0,    0,    0,    0,    0,    0,    0,    0,    0,    0,    0,    0,    0,    0,    0,    0,    0,    0,    0,    0,    0,    0,    0,    0,    0,    0,    0,    0,    0,    0,    0,    0,    0,    0,    0,    0,    0,    0,    0,    0,    0,    0,    0,
       0,    3,    0,    0,    0,    0,    0,    0,    0,    0,    0,    0,   -3,    0,    0,    0,    0,    0,    0,    0,    0,    0,    0,    0,    0,    6,    0,    0,    0,    0,    0,    0,    0,    0,    0,    0,    0,    0,    0,    0,    0,    0,    0,    0,    0,    0,    0,    0,    0,    0,    0,    0,    0,    0,    0,    0,    0,    0,    0,    0,    0,    0,    0,    0,    0,    0,    0,    0,    0,    0,    0,    0,    0,    0,    0,    0,    0,    0,    0,    0,    0,    0,    0,    0,    0,    0,    0,    0,    2,    0,    0,    5,    0,   -2,    0,    0,    0,    0,    0,    0,    0,    0,    0,    0,    0,    0,    0,    0,    0,    0,    0,    0,
       0,    0,    0,    0,    0,    0,    0,    0,    0,    0,    0,    0,   -5,    0,    0,    0,    0,    0,    0,    0,    0,    0,    0,    0,    0,    0,    0,    0,    0,    0,    0,    0,    0,    0,    0,    0,    0,    0,    0,    0,    0,    0,    0,    0,    0,    0,    0,    0,    0,    0,    0,    0,    0,    0,    0,    0,    0,    0,    0,    0,    0,    0,    0,    0,    0,    0,    0,    0,    0,    0,    0,    0,    0,    0,    0,    0,    0,    0,    0,    0,    0,    0,    0,    0,    0,    0,    0,    0,    0,    0,    0,    0,   -3,    0,    0,    0,    0,    0,    0,    0,    0,    0,    0,    0,    0,    0,    0,    0,    0,    0,    0,    0,
       0,    0,    0,    0,    0,    0,    0,    0,    0,    0,    0,    0,    0,    0,    0,    0,    0,    0,    0,    0,    0,    0,    0,    0,    0,    0,    0,    0,    0,    0,    0,    0,    0,    0,    0,    0,    0,    0,    0,    0,    0,    0,    0,    0,    0,    0,    0,    0,    0,    0,    0,    0,    0,    0,    0,    0,    0,    0,    0,    0,    0,    0,    0,    0,    0,    0,    0,    0,    0,    0,    0,    0,    0,    0,    0,    0,    0,    0,    0,    0,    0,    0,    0,    0,    0,    0,    0,    0,    0,    0,    0,    0,    0,    0,    0,    0,    0,    0,    7,    0,    0,    0,    0,    0,    0,    0,    0,    0,    0,    0,    0,    0,
       0,    0,    0,    0,    0,    0,    0,    0,    0,    0,    0,    0,    0,    0,    0,    0,    0,    0,    0,    0,    0,    0,    0,    0,    0,    0,    0,    0,    0,    0,    0,    0,    0,    0,    0,    0,    0,    0,    0,    0,    0,    0,    0,    0,    0,    0,    0,    0,    0,    0,    0,    0,    0,    0,    0,    0,    0,    0,    0,    0,    0,    0,    0,    0,    0,    0,    0,    0,    0,    0,    0,    0,    0,    0,    0,    0,    0,    0,    0,    0,    0,    0,    0,    0,    0,    0,    0,    0,    0,    0,    0,    0,    0,    0,    0,    0,    0,   -8,    0,    0,    0,    0,   -3,   -8,  -21,    0,    0,    0,    0,    0,    0,    0,
       0,    0,    0,    0,    0,    0,    0,    0,    0,    0,    0,    0,    0,    0,    0,    0,    0,    0,    0,    0,    0,    0,    0,    0,    0,    0,    0,    0,    0,    0,    0,    0,    0,    0,    0,    0,    0,    0,    0,    0,    0,    0,    0,    0,    0,    0,    0,    0,    0,    0,    0,    0,    0,    0,    0,    0,    0,    0,    0,    0,    0,    0,    0,    0,    0,    0,    0,    0,    0,    0,    0,    0,    0,    0,    0,    0,    0,    0,    0,    0,    0,    0,    0,    0,    0,    0,    0,    0,    0,    0,    0,    0,    0,    0,    0,    0,    0,    0,    0,    0,    9,    0,    0,    0,    0,    0,    0,    0,    0,    0,    0,    0,
       0,    0,    0,    0,    0,    0,    0,    0,    0,    0,    0,    0,    0,    0,    0,    0,    0,    0,    0,    0,    0,    0,    0,    0,    0,    0,    0,    0,    0,    0,    0,    0,    0,    0,    0,    0,    0,    0,    0,    0,    0,    0,    0,    0,    0,    0,    0,    0,    0,    0,    0,    0,    0,    0,    0,    0,    0,    0,    0,    0,    0,    0,    0,    0,    0,    0,    0,    0,    0,    0,    0,    0,    0,    0,    0,    0,    0,    0,    0,    0,    0,    0,    0,    0,    0,    0,    0,    0,    0,    0,    0,    0,    0,    0,    0,    0,    0,    0,    0,    0,    0,    0,    0,    0,  -10,    0,    0,    0,    0,    0,    0,    0,
       0,    0,    0,    0,    0,    0,    0,    0,    0,    0,    0,    0,    0,    0,    0,    0,    0,    0,    0,    0,    0,    0,    0,    0,    0,    0,    0,    0,    0,    0,    0,    0,    0,    0,    0,    0,    0,    0,    0,    0,    0,    0,    0,    0,    0,    0,    0,    0,    0,    0,    0,    0,    0,    0,    0,    0,    0,    0,    0,    0,    0,    0,    0,    0,    0,    0,    0,    0,    0,    0,    0,    0,    0,    0,    0,    0,    0,    0,    0,    0,    0,    0,    0,    0,    0,    0,    0,    0,    0,    0,    0,    0,    0,    0,    0,    0,    0,    0,    0,    0,    0,    0,    0,    0,  -15,    0,    0,    0,    0,    0,    0,    0,
       0,    0,    0,    0,    0,    0,    0,    0,    0,    0,    0,    0,    0,    0,    0,    0,    0,    0,    0,    0,    0,    0,    0,    0,    0,    0,    0,    0,    0,    0,    0,    0,    0,    0,    0,    0,    0,    0,    0,    0,    0,    0,    0,    0,    0,    0,    0,    0,    0,    0,    0,    0,    0,    0,    0,    0,    0,    0,    0,    0,    0,    0,    0,    0,    0,    0,    0,    0,    0,    0,    0,    0,    0,    0,    0,    0,    0,    0,    0,    0,    0,    0,    0,    0,    0,    0,    0,    0,    0,    0,    0,    0,    0,    0,    0,    0,    0,  -17,  -13,   -7,    0,  -13,  -22,   -9,  -27,    0,    0,    0,    0,    0,    0,    0,
       0,    0,    0,    0,    0,    0,    0,    0,    0,    0,    0,    0,    0,    0,    0,    0,    0,    0,    0,    0,    0,    0,    0,    0,    0,    0,    0,    0,    0,    0,    0,    0,    0,    0,    0,    0,    0,    0,    0,    0,    0,    0,    0,    0,    0,    0,    0,    0,    0,    0,    0,    0,    0,    0,    0,    0,    0,    0,    0,    0,    0,    0,    0,    0,    0,    0,    0,    0,    0,    0,    0,    0,    0,    0,    0,    0,    0,    0,    0,    0,    0,    0,    0,    0,    0,    0,    0,    0,    0,    0,    0,    0,    0,    0,    0,    0,    0,    0,    0,    0,    0,    0,    0,    0,    0,    0,  -11,    0,    0,   -7,   -7,    0,
       0,    0,    0,    0,    0,    0,    0,    0,    0,    0,    0,    0,    0,    0,    0,    0,    0,    0,    0,    0,    0,    0,    0,    0,    0,    0,    0,    0,    0,    0,    0,    0,    0,    0,    0,    0,    0,    0,    0,    0,    0,    0,    0,    0,    0,    0,    0,    0,    0,    0,    0,    0,    0,    0,    0,    0,    0,    0,    0,    0,    0,    0,    0,    0,    0,    0,    0,    0,    0,    0,    0,    0,    0,    0,    0,    0,    0,    0,    0,    0,    0,    0,    0,    0,    0,    0,    0,    0,    0,    0,    0,    0,    0,    0,    0,    0,    0,    0,    0,    0,    0,    0,    0,    0,    0,   -3,    0,    0,    0,    0,   -3,    0,
       0,    0,    0,    0,    0,    0,    0,    0,    0,    0,    0,    0,    0,    0,    0,    0,    0,    0,    0,    0,    0,    0,    0,    0,    0,    0,    0,    0,    0,    0,    0,    0,    0,    0,    0,    0,    0,    0,    0,    0,    0,    0,    0,    0,    0,    0,    0,    0,    0,    0,    0,    0,    0,    0,    0,    0,    0,    0,    0,    0,    0,    0,    0,    0,    0,    0,    0,    0,    0,    0,    0,    0,    0,    0,    0,    0,    0,    0,    0,    0,    0,    0,    0,    0,    0,    0,    0,    0,    0,    0,    0,    0,    0,    0,    0,    0,    0,    0,    0,    0,    0,    0,    0,    0,    0,    0,   -3,    0,    0,   -3,    0,    0,
       0,    0,    0,    0,    0,    0,    0,    0,    0,    0,    0,    0,    0,    0,    0,    0,    0,    0,    0,    0,    0,    0,    0,    0,    0,    0,    0,    0,    0,    0,    0,    0,    0,    0,    0,    0,    0,    0,    0,    0,    0,    0,    0,    0,    0,    0,    0,    0,    0,    0,    0,    0,    0,    0,    0,    0,    0,    0,    0,    0,    0,    0,    0,    0,    0,    0,    0,    0,    0,    0,    0,    0,    0,    0,    0,    0,    0,    0,    0,    0,    0,    0,    0,    0,    0,    0,    0,    0,    0,    0,    0,    0,    0,    0,    0,    0,    0,    0,    0,    0,    0,    0,    0,    0,    0,    0,   -3,    0,    0,   -5,    0,    0,
       0,    0,    0,    0,    0,    0,    0,    0,    0,    0,    0,    0,    0,    0,    0,    0,    0,    0,    0,    0,    0,    0,    0,    0,    0,    0,    0,    0,    0,    0,    0,    0,    0,    0,    0,    0,    0,    0,    0,    0,    0,    0,    0,    0,    0,    0,    0,    0,    0,    0,    0,    0,    0,    0,    0,    0,    0,    0,    0,    0,    0,    0,    0,    0,    0,    0,    0,    0,    0,    0,    0,    0,    0,    0,    0,    0,    0,    0,    0,    0,    0,    0,    0,    0,    0,    0,    0,    0,    0,    0,    0,    0,    0,    0,    0,    0,    0,    0,    0,    0,    0,    0,    0,    0,    0,  -15,    0,    0,   -7,    0,   -8,    0,
       0,    0,    0,    0,    0,    0,    0,    0,    0,    0,    0,    0,    0,    0,    0,    0,    0,    0,    0,    0,    0,    0,    0,    0,    0,    0,    0,    0,    0,    0,    0,    0,    0,    0,    0,    0,    0,    0,    0,    0,    0,    0,    0,    0,    0,    0,    0,    0,    0,    0,    0,    0,    0,    0,    0,    0,    0,    0,    0,    0,    0,    0,    0,    0,    0,    0,    0,    0,    0,    0,    0,    0,    0,    0,    0,    0,    0,    0,    0,    0,    0,    0,    0,    0,    0,    0,    0,    0,    0,    0,    0,    0,    0,    0,    0,    0,    0,    0,    0,    0,    0,    0,    0,    0,    0,   -7,    0,    0,    0,    0,   -5,   -5,
       0,    0,    0,    0,    0,    0,    0,    0,    0,    0,    0,    0,    0,    0,    0,    0,    0,    0,    0,    0,    0,    0,    0,    0,    0,    0,    0,    0,    0,    0,    0,    0,    0,    0,    0,    0,    0,    0,    0,    0,    0,    0,    0,    0,    0,    0,    0,    0,    0,    0,    0,    0,    0,    0,    0,    0,    0,    0,    0,    0,    0,    0,    0,    0,    0,    0,    0,    0,    0,    0,    0,    0,    0,    0,    0,    0,    0,    0,    0,    0,    0,    0,    0,    0,    0,    0,    0,    0,    0,    0,    0,    0,    0,    0,    0,    0,    0,    0,    0,    0,    0,    0,    0,    0,    0,   -7,  -11,    5,    0,   -7,    0,    0,
       0,    0,    0,    0,    0,    0,    0,    0,    0,    0,    0,    0,    0,    0,    0,    0,    0,    0,    0,    0,    0,    0,    0,    0,    0,    0,    0,    0,    0,    0,    0,    0,    0,    0,    0,    0,    0,    0,    0,    0,    0,    0,    0,    0,    0,    0,    0,    0,    0,    0,    0,    0,    0,    0,    0,    0,    0,    0,    0,    0,    0,    0,    0,    0,    0,    0,    0,    0,    0,    0,    0,    0,    0,    0,    0,    0,    0,    0,    0,    0,    0,    0,    0,    0,    0,    0,    0,    0,    0,    0,    0,    0,    0,    0,    0,    0,    0,    0,    0,    0,    0,    0,    0,    0,    0,   -7,    0,    0,    0,    0,    0,    0,
       0,    0,    0,    0,    0,    0,    0,    0,    0,    0,    0,    0,    0,    0,    0,    0,    0,    0,    0,    0,    0,    0,    0,    0,    0,    0,    0,    0,    0,    0,    0,    0,    0,    0,    0,    0,    0,    0,    0,    0,    0,    0,    0,    0,    0,    0,    0,    0,    0,    0,    0,    0,    0,    0,    0,    0,    0,    0,    0,    0,    0,    0,    0,    0,    0,    0,    0,    0,    0,    0,    0,    0,    0,    0,    0,    0,    0,    0,    0,    0,    0,    0,    0,    0,    0,    0,    0,    0,    0,    0,    0,    0,    0,    0,    0,    0,    0,    0,    0,    0,    0,    0,    0,    0,    0,   -5,   -3,    0,    0,   -9,    0,    0,
       0,    3,    0,   -2,    0,   -3,    3,    3,   -5,   -9,   -5,   -9,   -9,    0,   -6,    0,    0,    0,    0,    0,    4,    0,    0,    0,    0,    1,   -3,   -6,    0,   -2,    0,    0,    3,    2,    5,    3,    3,    3,    0,    0,    5,  -14,   -5,    0,   -3,    0,   -2,    0,    0,    0,   -2,   -2,    0,    0,   -2,    0,    0,   -2,   -2,    0,    3,    0,   -3,    0,   -3,    0,  -10,    0,    0,    0,    0,    0,    0,    0,    0,    0,    3,    0,    0,    0,    0,    0,    0,    0,    0,    0,    0,    0,    0,    0,    0,    0,    0,    0,    0,    0,    0,    0,    0,    0,    0,    0,    0,    0,    0,    0,    0,    0,    0,    0,    0,    0,
       0,    0,    0,    0,    0,    0,    0,    0,    0,   -5,    0,   -5,   -7,    0,    0,    0,    0,    0,    0,    0,    0,    0,    0,    3,    0,    0,    0,    0,    0,    0,    0,    0,    0,    0,    0,    0,    0,    0,    0,   -5,    0,   -8,    0,    0,    0,    0,    0,    0,    0,    0,    0,    0,    0,    0,    0,    0,    0,    0,    0,    0,    0,    0,    0,    0,    0,    0,    0,    0,    0,    0,    0,    0,    0,    0,    0,    0,    0,    0,    0,    0,    0,    0,    0,    0,    0,    0,    0,    0,    0,    0,   -3,    0,   -3,   -1,    0,    0,    0,    0,    0,    0,    0,    0,    0,    0,    0,    0,    0,    0,    0,    0,    0,    0,
       0,    0,    0,    0,    0,    0,    0,    0,    0,   -5,    0,   -5,   -7,    0,    0,    0,    0,    0,    0,    0,    0,    0,    0,    3,    0,    0,    0,    0,    0,    0,    0,    0,    0,    0,    0,    0,    0,    0,    0,   -5,    0,   -8,    0,    0,    0,    0,    0,    0,    0,    0,    0,    0,    0,    0,    0,    0,    0,    0,    0,    0,    0,    0,    0,    0,    0,    0,    0,    0,    0,    0,    0,    0,    0,    0,    0,    0,    0,    0,    0,    0,    0,    0,    0,    0,    0,    0,    0,    0,    0,    0,   -3,    0,   -3,    0,    0,    0,    0,    0,    0,    0,    0,    0,    0,    0,    0,    0,    0,    0,    0,    0,    0,    0,
};

static const EpdLigaturePair firago_8_mediumLigaturePairs[] = {
    { 0xFEDFFE82, 0xFEF5 }, // U+FEDF U+FE82 -> U+FEF5
    { 0xFEDFFE84, 0xFEF7 }, // U+FEDF U+FE84 -> U+FEF7
    { 0xFEDFFE88, 0xFEF9 }, // U+FEDF U+FE88 -> U+FEF9
    { 0xFEDFFE8E, 0xFEFB }, // U+FEDF U+FE8E -> U+FEFB
    { 0xFEE0FE82, 0xFEF6 }, // U+FEE0 U+FE82 -> U+FEF6
    { 0xFEE0FE84, 0xFEF8 }, // U+FEE0 U+FE84 -> U+FEF8
    { 0xFEE0FE88, 0xFEFA }, // U+FEE0 U+FE88 -> U+FEFA
    { 0xFEE0FE8E, 0xFEFC }, // U+FEE0 U+FE8E -> U+FEFC
};

static const EpdFontData firago_8_medium = {
    firago_8_mediumBitmaps,
    firago_8_mediumGlyphs,
    firago_8_mediumIntervals,
    200,
    20,
    16,
    -5,
    false,
    nullptr,
    0,
    nullptr,
    firago_8_mediumKernLeftClasses,
    firago_8_mediumKernRightClasses,
    firago_8_mediumKernMatrix,
    503,
    569,
    132,
    112,
    firago_8_mediumLigaturePairs,
    8,
};
