/**
 * generated by fontconvert.py
 * name: firago_18_semibold
 * size: 18
 * mode: 1-bit
 * Command used: /Users/vans/Documents/xteink x4/lib/EpdFont/scripts/fontconvert.py firago_18_semibold 18 /Users/vans/Documents/xteink x4/lib/EpdFont/scripts/downloaded_fonts/FiraGO/FiraGO-SemiBold.ttf --codepoints-file /Users/vans/Documents/xteink x4/build/ui-fonts/firago-ui-codepoints.txt --force-autohint --pnum --mono-threshold 6
 */
#pragma once
#include "EpdFontData.h"

static const uint8_t firago_18_semiboldBitmaps[61616] = {
    0xFF, 0xFF, 0xFF, 0xFF, 0xFF, 0xFF, 0xFF, 0xFF, 0xFF, 0xFF, 0xFF, 0xFF, 0xFC, 0x00, 0x00, 0x31,
    0xEF, 0xFF, 0xFF, 0xF7, 0x8C, 0xF1, 0xFE, 0x3F, 0xC7, 0xF8, 0xFF, 0x1F, 0xE3, 0xFC, 0x7F, 0x8F,
    0xF1, 0xFE, 0x3F, 0xC7, 0x80, 0x0F, 0x87, 0xC1, 0xF0, 0xF8, 0x3E, 0x1F, 0x07, 0xC3, 0xE0, 0xF8,
    0x78, 0x1E, 0x0F, 0x1F, 0xFF, 0xFB, 0xFF, 0xFF, 0x7F, 0xFF, 0xEF, 0xFF, 0xFC, 0x7C, 0x3E, 0x0F,
    0x87, 0xC1, 0xF0, 0xF0, 0x3C, 0x3E, 0x0F, 0x87, 0xC1, 0xF0, 0xF8, 0xFF, 0xFF, 0xDF, 0xFF, 0xFB,
    0xFF, 0xFF, 0x7F, 0xFF, 0xE3, 0xC1, 0xE0, 0xF8, 0x7C, 0x1F, 0x0F, 0x83, 0xE1, 0xF0, 0x7C, 0x3E,
    0x0F, 0x87, 0xC0, 0x00, 0x78, 0x00, 0x07, 0x80, 0x00, 0x78, 0x00, 0x07, 0x80, 0x00, 0x78, 0x00,
    0x07, 0x80, 0x03, 0xFE, 0x00, 0x7F, 0xF8, 0x0F, 0xFF, 0xE1, 0xFF, 0xFE, 0x3F, 0x83, 0xC3, 0xF0,
    0x08, 0x3F, 0x00, 0x03, 0xF0, 0x00, 0x3F, 0x00, 0x03, 0xFC, 0x00, 0x1F, 0xF8, 0x00, 0xFF, 0xF0,
    0x07, 0xFF, 0x80, 0x1F, 0xFC, 0x00, 0x7F, 0xE0, 0x00, 0xFF, 0x00, 0x03, 0xF0, 0x00, 0x3F, 0x00,
    0x03, 0xF0, 0x00, 0x3F, 0x18, 0x03, 0xF3, 0xF0, 0xFE, 0x7F, 0xFF, 0xE3, 0xFF, 0xFC, 0x1F, 0xFF,
    0x80, 0x7F, 0xE0, 0x00, 0x78, 0x00, 0x07, 0x80, 0x00, 0x78, 0x00, 0x07, 0x80, 0x00, 0x78, 0x00,
    0x07, 0x80, 0x00, 0x00, 0x00, 0x00, 0x00, 0x00, 0x30, 0x03, 0xE0, 0x03, 0xC0, 0x7F, 0xC0, 0x1F,
    0x07, 0xFF, 0x01, 0xF0, 0x3C, 0x78, 0x1F, 0x03, 0xE3, 0xE0, 0xF8, 0x1E, 0x0F, 0x0F, 0x80, 0xF0,
    0x78, 0x78, 0x07, 0x83, 0xC7, 0xC0, 0x3C, 0x1E, 0x7C, 0x01, 0xF1, 0xF3, 0xE0, 0x07, 0x8F, 0x3E,
    0x00, 0x3F, 0xFB, 0xE0, 0x00, 0xFF, 0x9F, 0x00, 0x01, 0xF1, 0xF0, 0x00, 0x00, 0x0F, 0x0F, 0x80,
    0x00, 0xF9, 0xFF, 0x00, 0x0F, 0x9F, 0xFC, 0x00, 0x7C, 0xF1, 0xE0, 0x07, 0xCF, 0x8F, 0x80, 0x3C,
    0x78, 0x3C, 0x03, 0xE3, 0xC1, 0xE0, 0x3E, 0x1E, 0x0F, 0x01, 0xE0, 0xF0, 0x78, 0x1F, 0x07, 0xC7,
    0xC1, 0xF0, 0x1F, 0xFC, 0x0F, 0x80, 0x7F, 0xC0, 0x78, 0x01, 0xFC, 0x01, 0x80, 0x03, 0x80, 0x00,
    0x00, 0x00, 0x00, 0x00, 0xE0, 0x00, 0x03, 0xFE, 0x00, 0x07, 0xFF, 0x80, 0x07, 0xFF, 0xE0, 0x03,
    0xFF, 0xF8, 0x01, 0xF8, 0xFC, 0x01, 0xF8, 0x7E, 0x00, 0xFC, 0x3F, 0x00, 0x3E, 0x1F, 0x80, 0x1F,
    0x8F, 0x80, 0x0F, 0xCF, 0xC0, 0x03, 0xFF, 0xC0, 0x00, 0xFF, 0xC0, 0x00, 0x3F, 0xC0, 0x00, 0x3F,
    0xC0, 0x78, 0x3F, 0xF0, 0x3E, 0x3F, 0xFC, 0x3E, 0x3F, 0x3F, 0x9F, 0x3F, 0x0F, 0xEF, 0x9F, 0x83,
    0xFF, 0x8F, 0xC0, 0xFF, 0x87, 0xE0, 0x3F, 0xC3, 0xF0, 0x0F, 0xE1, 0xFC, 0x0F, 0xF8, 0x7F, 0xFF,
    0xFE, 0x3F, 0xFF, 0xFF, 0x8F, 0xFF, 0xCF, 0xC1, 0xFF, 0x83, 0xC0, 0x0E, 0x00, 0x00, 0xFF, 0xFF,
    0xFF, 0xFF, 0xFF, 0xF0, 0x01, 0x00, 0x78, 0x0F, 0x83, 0xE0, 0xFC, 0x1F, 0x07, 0xC0, 0xF8, 0x3F,
    0x07, 0xC1, 0xF8, 0x3F, 0x07, 0xC0, 0xF8, 0x3F, 0x07, 0xE0, 0xFC, 0x1F, 0x83, 0xF0, 0x7E, 0x0F,
    0xC1, 0xF8, 0x3F, 0x07, 0xE0, 0xFC, 0x0F, 0x81, 0xF0, 0x3F, 0x07, 0xE0, 0x7C, 0x0F, 0xC0, 0xF8,
    0x1F, 0x01, 0xF0, 0x3F, 0x03, 0xE0, 0x7E, 0x07, 0x80, 0x40, 0x18, 0x03, 0x80, 0x7C, 0x07, 0xE0,
    0x3E, 0x01, 0xF0, 0x1F, 0x00, 0xF8, 0x0F, 0x80, 0xFC, 0x07, 0xC0, 0x7E, 0x07, 0xE0, 0x7E, 0x03,
    0xE0, 0x3E, 0x03, 0xE0, 0x3F, 0x03, 0xF0, 0x3F, 0x03, 0xF0, 0x3F, 0x03, 0xE0, 0x3E, 0x03, 0xE0,
    0x7E, 0x07, 0xE0, 0x7E, 0x07, 0xC0, 0xFC, 0x0F, 0x80, 0xF8, 0x1F, 0x81, 0xF0, 0x3E, 0x07, 0xE0,
    0x7C, 0x03, 0x80, 0x18, 0x00, 0x03, 0xE0, 0x01, 0xF0, 0x00, 0xF8, 0x04, 0x78, 0x47, 0xBC, 0xE3,
    0xFF, 0xF9, 0xFF, 0xFC, 0xFF, 0xFE, 0x0F, 0xF0, 0x03, 0xF8, 0x03, 0xFE, 0x03, 0xEF, 0x83, 0xF7,
    0xE0, 0xF1, 0xE0, 0x30, 0xE0, 0x00, 0x00, 0x07, 0xC0, 0x07, 0xC0, 0x07, 0xC0, 0x07, 0xC0, 0x07,
    0xC0, 0x07, 0xC0, 0xFF, 0xFF, 0xFF, 0xFF, 0xFF, 0xFF, 0xFF, 0xFF, 0x07, 0xC0, 0x07, 0xC0, 0x07,
    0xC0, 0x07, 0xC0, 0x07, 0xC0, 0x07, 0xC0, 0x3C, 0xFD, 0xFB, 0xF7, 0xE7, 0xCF, 0x1E, 0x3C, 0xF1,
    0xE3, 0x87, 0x00, 0x00, 0x0F, 0xFF, 0xFF, 0xFF, 0xFF, 0xFF, 0xF0, 0x31, 0xEF, 0xFF, 0xFF, 0xF7,
    0x8C, 0x00, 0x00, 0x01, 0xE0, 0x0F, 0x80, 0x3E, 0x00, 0xF8, 0x07, 0xE0, 0x1F, 0x00, 0x7C, 0x01,
    0xF0, 0x0F, 0xC0, 0x3E, 0x00, 0xF8, 0x03, 0xE0, 0x1F, 0x80, 0x7C, 0x01, 0xF0, 0x07, 0xC0, 0x3F,
    0x00, 0xF8, 0x03, 0xE0, 0x0F, 0x80, 0x7E, 0x01, 0xF0, 0x07, 0xC0, 0x1F, 0x00, 0xFC, 0x03, 0xE0,
    0x0F, 0x80, 0x3E, 0x01, 0xF8, 0x07, 0xC0, 0x1F, 0x00, 0x7C, 0x03, 0xF0, 0x0F, 0x80, 0x1E, 0x00,
    0x00, 0x00, 0x03, 0xF8, 0x01, 0xFF, 0x80, 0x7F, 0xF8, 0x1F, 0xFF, 0x83, 0xF3, 0xF8, 0xFC, 0x1F,
    0x1F, 0x03, 0xF3, 0xE0, 0x7E, 0xFC, 0x07, 0xDF, 0x80, 0xFB, 0xF0, 0x1F, 0x7E, 0x03, 0xFF, 0xC0,
    0x7F, 0xF8, 0x0F, 0xFF, 0x01, 0xFF, 0xE0, 0x3F, 0xFC, 0x07, 0xFF, 0x80, 0xFB, 0xF0, 0x1F, 0x7E,
    0x07, 0xE7, 0xC0, 0xFC, 0xFC, 0x1F, 0x1F, 0x87, 0xE1, 0xFF, 0xFC, 0x1F, 0xFF, 0x01, 0xFF, 0xC0,
    0x1F, 0xF0, 0x00, 0x60, 0x00, 0x00, 0xFC, 0x0F, 0xF0, 0xFF, 0xC7, 0xFF, 0x7F, 0xFF, 0xFF, 0xF7,
    0xCF, 0xDE, 0x3F, 0x20, 0xFC, 0x03, 0xF0, 0x0F, 0xC0, 0x3F, 0x00, 0xFC, 0x03, 0xF0, 0x0F, 0xC0,
    0x3F, 0x00, 0xFC, 0x03, 0xF0, 0x0F, 0xC0, 0x3F, 0x00, 0xFC, 0x03, 0xF0, 0x0F, 0xC0, 0x3F, 0x00,
    0xFC, 0x03, 0xF0, 0x03, 0xF8, 0x01, 0xFF, 0xC0, 0xFF, 0xFC, 0x3F, 0xFF, 0x87, 0xE3, 0xF8, 0x70,
    0x3F, 0x04, 0x03, 0xF0, 0x00, 0x7E, 0x00, 0x0F, 0xC0, 0x01, 0xF0, 0x00, 0x7E, 0x00, 0x0F, 0xC0,
    0x03, 0xF0, 0x00, 0x7E, 0x00, 0x1F, 0x80, 0x07, 0xE0, 0x01, 0xFC, 0x00, 0x7F, 0x00, 0x0F, 0xC0,
    0x03, 0xF0, 0x00, 0xFC, 0x00, 0x3F, 0x00, 0x0F, 0xC0, 0x03, 0xFF, 0xFE, 0x7F, 0xFF, 0xCF, 0xFF,
    0xF9, 0xFF, 0xFF, 0x00, 0x07, 0xF8, 0x07, 0xFF, 0x83, 0xFF, 0xF1, 0xFF, 0xFE, 0x3E, 0x3F, 0x86,
    0x07, 0xF0, 0x00, 0xFC, 0x00, 0x3F, 0x00, 0x0F, 0x80, 0x07, 0xE0, 0x03, 0xF0, 0x07, 0xF8, 0x03,
    0xFC, 0x00, 0xFF, 0x80, 0x3F, 0xF0, 0x00, 0xFE, 0x00, 0x0F, 0xC0, 0x03, 0xF0, 0x00, 0xFC, 0x00,
    0x3F, 0x00, 0x0F, 0xCC, 0x03, 0xF7, 0x81, 0xFB, 0xFF, 0xFE, 0x7F, 0xFF, 0x0F, 0xFF, 0x81, 0xFF,
    0xC0, 0x07, 0x00, 0x00, 0x00, 0x00, 0x30, 0x00, 0x0F, 0x80, 0x01, 0xF0, 0x00, 0x7E, 0x00, 0x0F,
    0x80, 0x01, 0xF0, 0x00, 0x7E, 0x00, 0x0F, 0x80, 0x03, 0xF0, 0x00, 0x7C, 0x00, 0x1F, 0x8F, 0x83,
    0xE1, 0xF0, 0x7C, 0x3E, 0x1F, 0x87, 0xC3, 0xE0, 0xF8, 0xFC, 0x3F, 0x1F, 0xFF, 0xFF, 0xFF, 0xFF,
    0xFF, 0xFF, 0xFF, 0xFF, 0xFE, 0x00, 0x7E, 0x00, 0x0F, 0xC0, 0x01, 0xF8, 0x00, 0x3F, 0x00, 0x07,
    0xE0, 0x00, 0xFC, 0x00, 0x00, 0x00, 0x0F, 0xFF, 0xE3, 0xFF, 0xF8, 0xFF, 0xFE, 0x3F, 0xFF, 0x0F,
    0xC0, 0x03, 0xF0, 0x00, 0xFC, 0x00, 0x3F, 0x00, 0x0F, 0xC0, 0x03, 0xFF, 0xC0, 0xFF, 0xF8, 0x3F,
    0xFF, 0x0F, 0xFF, 0xE3, 0xE1, 0xF8, 0x00, 0x3F, 0x00, 0x0F, 0xC0, 0x03, 0xF0, 0x00, 0xFC, 0x00,
    0x3F, 0x00, 0x0F, 0xC4, 0x03, 0xF3, 0x81, 0xF9, 0xFF, 0xFE, 0x7F, 0xFF, 0x0F, 0xFF, 0x80, 0xFF,
    0x80, 0x07, 0x00, 0x01, 0xFC, 0x00, 0xFF, 0xE0, 0x3F, 0xFC, 0x0F, 0xFF, 0x83, 0xF8, 0x60, 0x7E,
    0x00, 0x1F, 0x80, 0x03, 0xE0, 0x00, 0x7C, 0x00, 0x1F, 0x9F, 0x83, 0xF7, 0xFC, 0x7F, 0xFF, 0xCF,
    0xFF, 0xF9, 0xFE, 0x3F, 0xBF, 0x83, 0xF7, 0xE0, 0x3E, 0xFC, 0x07, 0xFF, 0x80, 0xFF, 0xF0, 0x1F,
    0xFE, 0x03, 0xF7, 0xC0, 0x7C, 0xFC, 0x1F, 0x9F, 0x87, 0xF1, 0xFF, 0xFC, 0x1F, 0xFF, 0x03, 0xFF,
    0xC0, 0x1F, 0xF0, 0x00, 0x70, 0x00, 0x00, 0x00, 0xFF, 0xFF, 0xFF, 0xFF, 0xFF, 0xFF, 0xFF, 0xFF,
    0x00, 0x3F, 0x00, 0x3E, 0x00, 0x7E, 0x00, 0x7E, 0x00, 0xFC, 0x00, 0xFC, 0x00, 0xF8, 0x01, 0xF8,
    0x01, 0xF0, 0x03, 0xF0, 0x03, 0xF0, 0x03, 0xE0, 0x07, 0xE0, 0x07, 0xC0, 0x0F, 0xC0, 0x0F, 0xC0,
    0x1F, 0x80, 0x1F, 0x80, 0x1F, 0x00, 0x3F, 0x00, 0x3F, 0x00, 0x0E, 0x00, 0x00, 0x00, 0x03, 0xF8,
    0x01, 0xFF, 0xC0, 0x7F, 0xFC, 0x1F, 0xFF, 0xC7, 0xF1, 0xFC, 0xFC, 0x1F, 0x9F, 0x83, 0xF3, 0xF0,
    0x7E, 0x7E, 0x0F, 0xCF, 0xC1, 0xF0, 0xFE, 0x7E, 0x0F, 0xFF, 0x80, 0xFF, 0xE0, 0x1F, 0xFC, 0x07,
    0xFF, 0xE1, 0xF9, 0xFE, 0x7E, 0x0F, 0xDF, 0x80, 0xFF, 0xF0, 0x1F, 0xFE, 0x03, 0xFF, 0xC0, 0x7F,
    0xF8, 0x0F, 0xFF, 0x83, 0xFB, 0xFF, 0xFE, 0x3F, 0xFF, 0x83, 0xFF, 0xE0, 0x3F, 0xF8, 0x00, 0x70,
    0x00, 0x03, 0xF8, 0x03, 0xFF, 0x01, 0xFF, 0xE0, 0xFF, 0xFC, 0x7F, 0x3F, 0x9F, 0x87, 0xEF, 0xC0,
    0xFF, 0xF0, 0x3F, 0xFC, 0x0F, 0xFF, 0x03, 0xFF, 0xC0, 0xFF, 0xF0, 0x3F, 0xFC, 0x0F, 0xDF, 0x8F,
    0xF7, 0xFF, 0xFC, 0xFF, 0xFF, 0x1F, 0xEF, 0x83, 0xF7, 0xE0, 0x01, 0xF8, 0x00, 0xFC, 0x00, 0x3F,
    0x00, 0x3F, 0x80, 0x1F, 0xC0, 0x3F, 0xE0, 0x3F, 0xF0, 0x0F, 0xF8, 0x03, 0xF8, 0x00, 0x70, 0x00,
    0x00, 0x00, 0x00, 0x7B, 0xFF, 0xFF, 0xFF, 0xF7, 0x80, 0x00, 0x00, 0x00, 0x00, 0xC7, 0xBF, 0xFF,
    0xFF, 0xDE, 0x30, 0x3C, 0xFD, 0xFB, 0xF7, 0xEF, 0xCF, 0x00, 0x00, 0x00, 0x00, 0x00, 0x07, 0x9F,
    0xBF, 0x7E, 0xFC, 0xF9, 0xE3, 0xC7, 0x9E, 0x3C, 0x70, 0xE0, 0x00, 0x06, 0x00, 0x0F, 0x00, 0x1F,
    0xC0, 0x3F, 0xE0, 0x7F, 0xF1, 0xFF, 0xC3, 0xFF, 0x81, 0xFF, 0x00, 0xFC, 0x00, 0x7C, 0x00, 0x3F,
    0xC0, 0x1F, 0xF8, 0x03, 0xFF, 0x80, 0x7F, 0xF0, 0x0F, 0xFC, 0x01, 0xFE, 0x00, 0x3F, 0x00, 0x03,
    0x00, 0x00, 0x00, 0x00, 0x01, 0xFF, 0xFF, 0xFF, 0xFF, 0xFF, 0xFF, 0xFF, 0xE0, 0x00, 0x00, 0x00,
    0x00, 0x00, 0x00, 0x01, 0xFF, 0xFF, 0xFF, 0xFF, 0xFF, 0xFF, 0xFF, 0xE0, 0x30, 0x00, 0x1E, 0x00,
    0x1F, 0xC0, 0x0F, 0xF8, 0x07, 0xFF, 0x00, 0x7F, 0xF0, 0x0F, 0xFE, 0x01, 0xFF, 0x00, 0x1F, 0x80,
    0x07, 0xC0, 0x1F, 0xE0, 0x3F, 0xF0, 0xFF, 0xE1, 0xFF, 0xC1, 0xFF, 0x80, 0xFF, 0x00, 0x7E, 0x00,
    0x18, 0x00, 0x00, 0x00, 0x00, 0x00, 0xE0, 0x03, 0xFF, 0x01, 0xFF, 0xF0, 0xFF, 0xFE, 0x7F, 0xFF,
    0x8F, 0x07, 0xE1, 0x80, 0xFC, 0x00, 0x3F, 0x00, 0x1F, 0x80, 0x0F, 0xE0, 0x07, 0xF0, 0x03, 0xFC,
    0x01, 0xFC, 0x00, 0xFE, 0x00, 0x3F, 0x00, 0x0F, 0x80, 0x03, 0xE0, 0x00, 0xF8, 0x00, 0x00, 0x00,
    0x00, 0x00, 0x00, 0x00, 0x00, 0x60, 0x00, 0x3C, 0x00, 0x1F, 0x80, 0x07, 0xE0, 0x01, 0xF8, 0x00,
    0x7E, 0x00, 0x0F, 0x00, 0x01, 0x80, 0x00, 0x00, 0x01, 0xF0, 0x00, 0x00, 0x07, 0xFF, 0xC0, 0x00,
    0x07, 0xFF, 0xFC, 0x00, 0x07, 0xFF, 0xFF, 0xC0, 0x03, 0xFF, 0xFF, 0xF8, 0x01, 0xFE, 0x00, 0x7F,
    0x00, 0xFE, 0x00, 0x07, 0xE0, 0x7E, 0x00, 0x00, 0xFC, 0x1F, 0x03, 0xF8, 0x1F, 0x0F, 0xC1, 0xFF,
    0x87, 0xE3, 0xE0, 0xFF, 0xF0, 0xF9, 0xF0, 0x7F, 0xFC, 0x3E, 0x7C, 0x3F, 0x1F, 0x07, 0xFF, 0x0F,
    0x87, 0xC1, 0xFF, 0xC7, 0xE1, 0xF0, 0x7F, 0xE1, 0xF0, 0x7C, 0x1F, 0xF8, 0x7C, 0x1F, 0x07, 0xFE,
    0x1F, 0x07, 0xC1, 0xFF, 0x87, 0xC1, 0xF0, 0x7F, 0xE1, 0xF0, 0x7C, 0x1F, 0xF8, 0x7C, 0x1F, 0x0F,
    0xFE, 0x1F, 0x07, 0xC3, 0xEF, 0xC7, 0xE3, 0xF0, 0xFB, 0xF0, 0xF9, 0xFE, 0x7E, 0x7C, 0x3F, 0xFF,
    0xFF, 0x1F, 0x87, 0xFC, 0xFF, 0x83, 0xE1, 0xFE, 0x3F, 0xC0, 0xFC, 0x1F, 0x07, 0xE0, 0x1F, 0x80,
    0x00, 0x00, 0x07, 0xF0, 0x00, 0x00, 0x00, 0xFF, 0x00, 0x00, 0x00, 0x1F, 0xF8, 0x1E, 0x00, 0x03,
    0xFF, 0xFF, 0xC0, 0x00, 0x3F, 0xFF, 0xF0, 0x00, 0x07, 0xFF, 0xFC, 0x00, 0x00, 0x3F, 0xF8, 0x00,
    0x00, 0xFF, 0x00, 0x00, 0xFF, 0x00, 0x00, 0xFF, 0x00, 0x01, 0xFF, 0x80, 0x01, 0xFF, 0x80, 0x01,
    0xFF, 0x80, 0x01, 0xFF, 0x80, 0x03, 0xE7, 0xC0, 0x03, 0xE7, 0xC0, 0x03, 0xE7, 0xC0, 0x07, 0xE7,
    0xE0, 0x07, 0xC3, 0xE0, 0x07, 0xC3, 0xE0, 0x07, 0xC3, 0xE0, 0x0F, 0xC3, 0xF0, 0x0F, 0x83, 0xF0,
    0x0F, 0x81, 0xF0, 0x1F, 0xFF, 0xF8, 0x1F, 0xFF, 0xF8, 0x1F, 0xFF, 0xF8, 0x3F, 0xFF, 0xFC, 0x3F,
    0x00, 0xFC, 0x3F, 0x00, 0xFC, 0x3E, 0x00, 0xFC, 0x7E, 0x00, 0x7E, 0x7E, 0x00, 0x7E, 0x7E, 0x00,
    0x7E, 0xFF, 0xF8, 0x1F, 0xFF, 0xC3, 0xFF, 0xFC, 0x7F, 0xFF, 0xCF, 0xC3, 0xFD, 0xF8, 0x1F, 0xBF,
    0x03, 0xF7, 0xE0, 0x7E, 0xFC, 0x0F, 0xDF, 0x81, 0xFB, 0xF0, 0xFE, 0x7F, 0xFF, 0x8F, 0xFF, 0xC1,
    0xFF, 0xFE, 0x3F, 0xFF, 0xE7, 0xE0, 0xFE, 0xFC, 0x0F, 0xFF, 0x80, 0xFF, 0xF0, 0x1F, 0xFE, 0x03,
    0xFF, 0xC0, 0x7F, 0xF8, 0x0F, 0xFF, 0x07, 0xF7, 0xFF, 0xFE, 0xFF, 0xFF, 0x9F, 0xFF, 0xE3, 0xFF,
    0xE0, 0x00, 0x00, 0x38, 0x00, 0x1F, 0xF0, 0x07, 0xFF, 0xC0, 0xFF, 0xFE, 0x1F, 0xFF, 0xC3, 0xF8,
    0x18, 0x3F, 0x00, 0x07, 0xE0, 0x00, 0x7E, 0x00, 0x0F, 0xC0, 0x00, 0xFC, 0x00, 0x0F, 0xC0, 0x00,
    0xFC, 0x00, 0x0F, 0xC0, 0x00, 0xFC, 0x00, 0x0F, 0xC0, 0x00, 0xFC, 0x00, 0x0F, 0xC0, 0x00, 0xFC,
    0x00, 0x0F, 0xC0, 0x00, 0x7E, 0x00, 0x07, 0xE0, 0x00, 0x3F, 0x00, 0x83, 0xF8, 0x1C, 0x1F, 0xFF,
    0xE0, 0xFF, 0xFE, 0x07, 0xFF, 0xC0, 0x3F, 0xF0, 0x00, 0x38, 0x00, 0xFF, 0xF0, 0x0F, 0xFF, 0xC0,
    0xFF, 0xFF, 0x0F, 0xFF, 0xF8, 0xFC, 0x3F, 0xCF, 0xC0, 0xFE, 0xFC, 0x07, 0xEF, 0xC0, 0x7E, 0xFC,
    0x03, 0xFF, 0xC0, 0x3F, 0xFC, 0x03, 0xFF, 0xC0, 0x3F, 0xFC, 0x03, 0xFF, 0xC0, 0x3F, 0xFC, 0x03,
    0xFF, 0xC0, 0x3F, 0xFC, 0x03, 0xFF, 0xC0, 0x3F, 0xFC, 0x03, 0xFF, 0xC0, 0x7E, 0xFC, 0x07, 0xEF,
    0xC0, 0xFC, 0xFC, 0x3F, 0xCF, 0xFF, 0xF8, 0xFF, 0xFF, 0x0F, 0xFF, 0xC0, 0xFF, 0xF0, 0x00, 0xFF,
    0xFE, 0xFF, 0xFE, 0xFF, 0xFE, 0xFF, 0xFE, 0xFC, 0x00, 0xFC, 0x00, 0xFC, 0x00, 0xFC, 0x00, 0xFC,
    0x00, 0xFC, 0x00, 0xFC, 0x00, 0xFF, 0xFC, 0xFF, 0xFC, 0xFF, 0xFC, 0xFF, 0xFC, 0xFC, 0x00, 0xFC,
    0x00, 0xFC, 0x00, 0xFC, 0x00, 0xFC, 0x00, 0xFC, 0x00, 0xFC, 0x00, 0xFC, 0x00, 0xFF, 0xFF, 0xFF,
    0xFF, 0xFF, 0xFF, 0xFF, 0xFF, 0xFF, 0xFE, 0xFF, 0xFE, 0xFF, 0xFE, 0xFF, 0xFE, 0xFC, 0x00, 0xFC,
    0x00, 0xFC, 0x00, 0xFC, 0x00, 0xFC, 0x00, 0xFC, 0x00, 0xFC, 0x00, 0xFC, 0x00, 0xFF, 0xFC, 0xFF,
    0xFC, 0xFF, 0xFC, 0xFF, 0xFC, 0xFC, 0x00, 0xFC, 0x00, 0xFC, 0x00, 0xFC, 0x00, 0xFC, 0x00, 0xFC,
    0x00, 0xFC, 0x00, 0xFC, 0x00, 0xFC, 0x00, 0xFC, 0x00, 0xFC, 0x00, 0x00, 0x1C, 0x00, 0x0F, 0xFE,
    0x01, 0xFF, 0xF8, 0x1F, 0xFF, 0xF1, 0xFF, 0xFF, 0x1F, 0xC0, 0x70, 0xFC, 0x01, 0x0F, 0xC0, 0x00,
    0x7E, 0x00, 0x03, 0xE0, 0x00, 0x3F, 0x00, 0x01, 0xF8, 0x00, 0x0F, 0xC0, 0x00, 0x7E, 0x0F, 0xFF,
    0xF0, 0x7F, 0xFF, 0x83, 0xFF, 0xFC, 0x0F, 0xFF, 0xE0, 0x0F, 0xFF, 0x00, 0x7F, 0xF8, 0x03, 0xF7,
    0xC0, 0x1F, 0xBF, 0x00, 0xFD, 0xF8, 0x07, 0xE7, 0xF0, 0x3F, 0x1F, 0xFF, 0xF8, 0xFF, 0xFF, 0xC1,
    0xFF, 0xFC, 0x07, 0xFF, 0x80, 0x03, 0xC0, 0x00, 0xFC, 0x03, 0xFF, 0xC0, 0x3F, 0xFC, 0x03, 0xFF,
    0xC0, 0x3F, 0xFC, 0x03, 0xFF, 0xC0, 0x3F, 0xFC, 0x03, 0xFF, 0xC0, 0x3F, 0xFC, 0x03, 0xFF, 0xC0,
    0x3F, 0xFC, 0x03, 0xFF, 0xFF, 0xFF, 0xFF, 0xFF, 0xFF, 0xFF, 0xFF, 0xFF, 0xFF, 0xFF, 0xC0, 0x3F,
    0xFC, 0x03, 0xFF, 0xC0, 0x3F, 0xFC, 0x03, 0xFF, 0xC0, 0x3F, 0xFC, 0x03, 0xFF, 0xC0, 0x3F, 0xFC,
    0x03, 0xFF, 0xC0, 0x3F, 0xFC, 0x03, 0xFF, 0xC0, 0x3F, 0xFC, 0x03, 0xF0, 0xFF, 0xFF, 0xFF, 0xFF,
    0xFF, 0xFF, 0xFF, 0xFF, 0xFF, 0xFF, 0xFF, 0xFF, 0xFF, 0xFF, 0xFF, 0xFF, 0xFF, 0xFF, 0xFF, 0xFF,
    0xC0, 0x0F, 0xC3, 0xF0, 0xFC, 0x3F, 0x0F, 0xC3, 0xF0, 0xFC, 0x3F, 0x0F, 0xC3, 0xF0, 0xFC, 0x3F,
    0x0F, 0xC3, 0xF0, 0xFC, 0x3F, 0x0F, 0xC3, 0xF0, 0xFC, 0x3F, 0x0F, 0xC3, 0xF0, 0xFC, 0x3F, 0x0F,
    0xC3, 0xE1, 0xF8, 0xFE, 0xFF, 0x3F, 0x87, 0xC1, 0xE0, 0x60, 0x00, 0xFC, 0x03, 0xF7, 0xE0, 0x3F,
    0x3F, 0x01, 0xF9, 0xF8, 0x1F, 0x8F, 0xC1, 0xF8, 0x7E, 0x0F, 0x83, 0xF0, 0xFC, 0x1F, 0x8F, 0xC0,
    0xFC, 0xFC, 0x07, 0xE7, 0xE0, 0x3F, 0x7E, 0x01, 0xFF, 0xE0, 0x0F, 0xFF, 0x00, 0x7F, 0xFC, 0x03,
    0xF7, 0xE0, 0x1F, 0xBF, 0x80, 0xFC, 0xFC, 0x07, 0xE3, 0xF0, 0x3F, 0x1F, 0xC1, 0xF8, 0x7E, 0x0F,
    0xC3, 0xF8, 0x7E, 0x0F, 0xE3, 0xF0, 0x3F, 0x1F, 0x81, 0xFC, 0xFC, 0x07, 0xF7, 0xE0, 0x3F, 0xBF,
    0x00, 0xFE, 0xFC, 0x00, 0xFC, 0x00, 0xFC, 0x00, 0xFC, 0x00, 0xFC, 0x00, 0xFC, 0x00, 0xFC, 0x00,
    0xFC, 0x00, 0xFC, 0x00, 0xFC, 0x00, 0xFC, 0x00, 0xFC, 0x00, 0xFC, 0x00, 0xFC, 0x00, 0xFC, 0x00,
    0xFC, 0x00, 0xFC, 0x00, 0xFC, 0x00, 0xFC, 0x00, 0xFC, 0x00, 0xFC, 0x00, 0xFC, 0x00, 0xFC, 0x00,
    0xFF, 0xFF, 0xFF, 0xFF, 0xFF, 0xFF, 0xFF, 0xFE, 0x3F, 0xC0, 0x7F, 0x87, 0xF8, 0x0F, 0xF0, 0xFF,
    0x01, 0xFE, 0x1F, 0xE0, 0x3F, 0xC3, 0xFE, 0x07, 0xF8, 0x7F, 0xC1, 0xFF, 0x0F, 0xF8, 0x3F, 0xE1,
    0xEF, 0x07, 0xFC, 0x3D, 0xE0, 0xF7, 0xCF, 0xBE, 0x1E, 0xF9, 0xF7, 0xC7, 0xDF, 0x3E, 0x78, 0xF3,
    0xE7, 0xCF, 0x1E, 0x7C, 0xF9, 0xF3, 0xCF, 0x9F, 0x3E, 0xF9, 0xF3, 0xE3, 0xDE, 0x3E, 0x7C, 0x7B,
    0xC7, 0xCF, 0x8F, 0xF8, 0xF9, 0xF1, 0xFF, 0x1F, 0x3E, 0x1F, 0xC3, 0xE7, 0xC3, 0xF8, 0x7C, 0xF8,
    0x7F, 0x0F, 0xDF, 0x0F, 0xE1, 0xFF, 0xE0, 0xF8, 0x3F, 0xFC, 0x00, 0x07, 0xFF, 0x80, 0x00, 0xFF,
    0xF0, 0x00, 0x1F, 0x80, 0xFF, 0x03, 0xFF, 0xF0, 0x3F, 0xFF, 0x03, 0xFF, 0xF8, 0x3F, 0xFF, 0x83,
    0xFF, 0xFC, 0x3F, 0xFF, 0xC3, 0xFF, 0xFC, 0x3F, 0xFB, 0xE3, 0xFF, 0xBE, 0x3F, 0xFB, 0xE3, 0xFF,
    0x9F, 0x3F, 0xFD, 0xF3, 0xFF, 0xDF, 0x3F, 0xFC, 0xFB, 0xFF, 0xCF, 0xBF, 0xFC, 0x7D, 0xFF, 0xC7,
    0xDF, 0xFC, 0x7D, 0xFF, 0xC3, 0xFF, 0xFC, 0x3F, 0xFF, 0xC3, 0xFF, 0xFC, 0x1F, 0xFF, 0xC1, 0xFF,
    0xFC, 0x1F, 0xFF, 0xC0, 0xFF, 0xFC, 0x0F, 0xF0, 0x00, 0x38, 0x00, 0x07, 0xFF, 0x00, 0x1F, 0xFF,
    0x00, 0x7F, 0xFF, 0x01, 0xFF, 0xFF, 0x07, 0xF0, 0x7F, 0x0F, 0xC0, 0x7F, 0x3F, 0x00, 0x7E, 0x7C,
    0x00, 0x7D, 0xF8, 0x00, 0xFF, 0xF0, 0x01, 0xFF, 0xE0, 0x03, 0xFF, 0xC0, 0x07, 0xFF, 0x80, 0x0F,
    0xFF, 0x00, 0x1F, 0xFE, 0x00, 0x3F, 0xFC, 0x00, 0x7F, 0xF8, 0x00, 0xFF, 0xF0, 0x01, 0xFF, 0xE0,
    0x03, 0xF7, 0xC0, 0x07, 0xCF, 0xC0, 0x1F, 0x9F, 0xC0, 0x7E, 0x1F, 0xC1, 0xFC, 0x1F, 0xFF, 0xF0,
    0x1F, 0xFF, 0xC0, 0x1F, 0xFF, 0x00, 0x1F, 0xFC, 0x00, 0x03, 0x80, 0x00, 0xFF, 0xF8, 0x1F, 0xFF,
    0xC3, 0xFF, 0xFC, 0x7F, 0xFF, 0xCF, 0xC3, 0xFD, 0xF8, 0x1F, 0xBF, 0x03, 0xF7, 0xE0, 0x3F, 0xFC,
    0x07, 0xFF, 0x80, 0xFF, 0xF0, 0x1F, 0xFE, 0x07, 0xEF, 0xC0, 0xFD, 0xF8, 0x7F, 0xBF, 0xFF, 0xE7,
    0xFF, 0xF8, 0xFF, 0xFE, 0x1F, 0xFF, 0x03, 0xF0, 0x00, 0x7E, 0x00, 0x0F, 0xC0, 0x01, 0xF8, 0x00,
    0x3F, 0x00, 0x07, 0xE0, 0x00, 0xFC, 0x00, 0x1F, 0x80, 0x03, 0xF0, 0x00, 0x00, 0x00, 0x38, 0x00,
    0x01, 0xFF, 0xC0, 0x01, 0xFF, 0xF0, 0x01, 0xFF, 0xFC, 0x01, 0xFF, 0xFF, 0x01, 0xFC, 0x1F, 0xC0,
    0xFC, 0x07, 0xE0, 0xFC, 0x01, 0xF8, 0x7C, 0x00, 0x7C, 0x7E, 0x00, 0x3F, 0x3F, 0x00, 0x1F, 0x9F,
    0x80, 0x0F, 0xCF, 0xC0, 0x07, 0xE7, 0xE0, 0x03, 0xF3, 0xF0, 0x01, 0xF9, 0xF8, 0x00, 0xFC, 0xFC,
    0x00, 0x7E, 0x7E, 0x00, 0x3F, 0x3F, 0x00, 0x1F, 0x9F, 0x80, 0x0F, 0x87, 0xC0, 0x07, 0xC3, 0xF0,
    0x07, 0xE1, 0xFC, 0x07, 0xE0, 0x7F, 0x07, 0xF0, 0x1F, 0xFF, 0xF0, 0x0F, 0xFF, 0xF0, 0x01, 0xFF,
    0xFC, 0x00, 0x7F, 0xFF, 0xC0, 0x03, 0xFF, 0xF0, 0x00, 0x07, 0xF8, 0x00, 0x00, 0xF8, 0x00, 0x00,
    0x3C, 0x00, 0x00, 0x0C, 0x00, 0x00, 0x00, 0x00, 0xFF, 0xF8, 0x07, 0xFF, 0xF0, 0x3F, 0xFF, 0xC1,
    0xFF, 0xFF, 0x0F, 0xC3, 0xFC, 0x7E, 0x07, 0xE3, 0xF0, 0x1F, 0x1F, 0x80, 0xFC, 0xFC, 0x07, 0xE7,
    0xE0, 0x3F, 0x3F, 0x01, 0xF1, 0xF8, 0x1F, 0x8F, 0xC3, 0xFC, 0x7F, 0xFF, 0xC3, 0xFF, 0xFC, 0x1F,
    0xFF, 0xC0, 0xFF, 0xFC, 0x07, 0xE3, 0xF0, 0x3F, 0x1F, 0x81, 0xF8, 0x7E, 0x0F, 0xC3, 0xF0, 0x7E,
    0x0F, 0xC3, 0xF0, 0x7F, 0x1F, 0x81, 0xF8, 0xFC, 0x0F, 0xE7, 0xE0, 0x3F, 0x3F, 0x00, 0xFC, 0x00,
    0x38, 0x00, 0x1F, 0xFC, 0x01, 0xFF, 0xF0, 0x1F, 0xFF, 0xE1, 0xFF, 0xFE, 0x1F, 0xC0, 0xF0, 0xFC,
    0x01, 0x07, 0xE0, 0x00, 0x3F, 0x00, 0x01, 0xFC, 0x00, 0x0F, 0xF0, 0x00, 0x3F, 0xF0, 0x01, 0xFF,
    0xF0, 0x07, 0xFF, 0xC0, 0x1F, 0xFF, 0x80, 0x3F, 0xFC, 0x00, 0x3F, 0xF0, 0x00, 0x3F, 0x80, 0x00,
    0xFE, 0x00, 0x03, 0xF0, 0x00, 0x1F, 0x80, 0x00, 0xFC, 0x60, 0x0F, 0xC7, 0xC0, 0xFE, 0x7F, 0xFF,
    0xE3, 0xFF, 0xFF, 0x07, 0xFF, 0xF0, 0x0F, 0xFE, 0x00, 0x07, 0x00, 0x00, 0xFF, 0xFF, 0xFF, 0xFF,
    0xFF, 0xFF, 0xFF, 0xEF, 0xFF, 0xFE, 0x01, 0xF8, 0x00, 0x1F, 0x80, 0x01, 0xF8, 0x00, 0x1F, 0x80,
    0x01, 0xF8, 0x00, 0x1F, 0x80, 0x01, 0xF8, 0x00, 0x1F, 0x80, 0x01, 0xF8, 0x00, 0x1F, 0x80, 0x01,
    0xF8, 0x00, 0x1F, 0x80, 0x01, 0xF8, 0x00, 0x1F, 0x80, 0x01, 0xF8, 0x00, 0x1F, 0x80, 0x01, 0xF8,
    0x00, 0x1F, 0x80, 0x01, 0xF8, 0x00, 0x1F, 0x80, 0x01, 0xF8, 0x00, 0x1F, 0x80, 0x01, 0xF8, 0x00,
    0xFC, 0x03, 0xFF, 0xC0, 0x3F, 0xFC, 0x03, 0xFF, 0xC0, 0x3F, 0xFC, 0x03, 0xFF, 0xC0, 0x3F, 0xFC,
    0x03, 0xFF, 0xC0, 0x3F, 0xFC, 0x03, 0xFF, 0xC0, 0x3F, 0xFC, 0x03, 0xFF, 0xC0, 0x3F, 0xFC, 0x03,
    0xFF, 0xC0, 0x3F, 0xFC, 0x03, 0xFF, 0xC0, 0x3F, 0xFC, 0x03, 0xFF, 0xC0, 0x3F, 0xFC, 0x03, 0xFF,
    0xC0, 0x3F, 0xFC, 0x03, 0xFF, 0xC0, 0x3F, 0x7E, 0x07, 0xE7, 0xFF, 0xFE, 0x3F, 0xFF, 0xC1, 0xFF,
    0xF8, 0x07, 0xFE, 0x00, 0x0F, 0x00, 0x7E, 0x00, 0x7E, 0xFC, 0x01, 0xF9, 0xF8, 0x03, 0xF1, 0xF8,
    0x07, 0xE3, 0xF0, 0x0F, 0x87, 0xE0, 0x1F, 0x0F, 0xC0, 0x7E, 0x0F, 0x80, 0xFC, 0x1F, 0x81, 0xF0,
    0x3F, 0x03, 0xE0, 0x3E, 0x0F, 0xC0, 0x7C, 0x1F, 0x80, 0xFC, 0x3E, 0x01, 0xF8, 0x7C, 0x01, 0xF1,
    0xF8, 0x03, 0xE3, 0xE0, 0x07, 0xE7, 0xC0, 0x07, 0xCF, 0x80, 0x0F, 0x9F, 0x00, 0x1F, 0x7C, 0x00,
    0x3F, 0xF8, 0x00, 0x3F, 0xF0, 0x00, 0x7F, 0xC0, 0x00, 0xFF, 0x80, 0x00, 0xFF, 0x00, 0x01, 0xFE,
    0x00, 0x03, 0xF8, 0x00, 0xFC, 0x07, 0xE0, 0x3E, 0x7C, 0x07, 0xE0, 0x7E, 0x7C, 0x0F, 0xE0, 0x7E,
    0x7E, 0x0F, 0xE0, 0x7E, 0x7E, 0x0F, 0xF0, 0x7C, 0x7E, 0x0F, 0xF0, 0x7C, 0x7E, 0x0F, 0xF0, 0x7C,
    0x3E, 0x1F, 0xF0, 0x7C, 0x3E, 0x1E, 0xF0, 0xFC, 0x3E, 0x1E, 0xF0, 0xFC, 0x3F, 0x1E, 0xF8, 0xF8,
    0x3F, 0x1E, 0x78, 0xF8, 0x3F, 0x1E, 0x78, 0xF8, 0x1F, 0x3E, 0x78, 0xF8, 0x1F, 0x3C, 0x78, 0xF8,
    0x1F, 0x3C, 0x79, 0xF8, 0x1F, 0x3C, 0x7D, 0xF0, 0x1F, 0x3C, 0x3D, 0xF0, 0x1F, 0xBC, 0x3D, 0xF0,
    0x0F, 0xF8, 0x3D, 0xF0, 0x0F, 0xF8, 0x3D, 0xF0, 0x0F, 0xF8, 0x3F, 0xF0, 0x0F, 0xF8, 0x3F, 0xE0,
    0x0F, 0xF8, 0x1F, 0xE0, 0x0F, 0xF8, 0x1F, 0xE0, 0x07, 0xF0, 0x1F, 0xE0, 0x07, 0xF0, 0x1F, 0xE0,
    0x3F, 0x00, 0xFC, 0x7E, 0x03, 0xF0, 0x7E, 0x07, 0xE0, 0xFC, 0x1F, 0x80, 0xFC, 0x3E, 0x01, 0xF8,
    0xFC, 0x01, 0xF9, 0xF0, 0x03, 0xF7, 0xE0, 0x03, 0xFF, 0x80, 0x03, 0xFF, 0x00, 0x07, 0xFC, 0x00,
    0x07, 0xF8, 0x00, 0x0F, 0xE0, 0x00, 0x1F, 0xE0, 0x00, 0x7F, 0xC0, 0x00, 0xFF, 0xC0, 0x03, 0xFF,
    0x80, 0x07, 0xDF, 0x80, 0x1F, 0xBF, 0x00, 0x3E, 0x3F, 0x00, 0xFC, 0x7E, 0x01, 0xF0, 0x7E, 0x07,
    0xE0, 0xFC, 0x0F, 0x80, 0xFC, 0x3F, 0x01, 0xF8, 0x7E, 0x01, 0xF9, 0xF8, 0x03, 0xF0, 0x7E, 0x00,
    0x7E, 0xFC, 0x01, 0xF8, 0xFC, 0x03, 0xF1, 0xF8, 0x0F, 0xC1, 0xF8, 0x1F, 0x83, 0xF0, 0x3E, 0x03,
    0xF0, 0xFC, 0x07, 0xE1, 0xF0, 0x07, 0xC7, 0xE0, 0x0F, 0xCF, 0x80, 0x0F, 0x9F, 0x00, 0x1F, 0xFC,
    0x00, 0x1F, 0xF8, 0x00, 0x3F, 0xE0, 0x00, 0x3F, 0xC0, 0x00, 0x7F, 0x00, 0x00, 0x7E, 0x00, 0x00,
    0xFC, 0x00, 0x01, 0xF8, 0x00, 0x03, 0xF0, 0x00, 0x07, 0xE0, 0x00, 0x0F, 0xC0, 0x00, 0x1F, 0x80,
    0x00, 0x3F, 0x00, 0x00, 0x7E, 0x00, 0x00, 0xFC, 0x00, 0x01, 0xF8, 0x00, 0x7F, 0xFF, 0xCF, 0xFF,
    0xF9, 0xFF, 0xFF, 0x3F, 0xFF, 0xE0, 0x01, 0xFC, 0x00, 0x3F, 0x00, 0x0F, 0xE0, 0x01, 0xF8, 0x00,
    0x7E, 0x00, 0x1F, 0xC0, 0x03, 0xF0, 0x00, 0xFC, 0x00, 0x3F, 0x80, 0x07, 0xE0, 0x01, 0xFC, 0x00,
    0x3F, 0x00, 0x0F, 0xC0, 0x03, 0xF8, 0x00, 0x7E, 0x00, 0x1F, 0xC0, 0x03, 0xF0, 0x00, 0xFC, 0x00,
    0x3F, 0x80, 0x07, 0xFF, 0xFE, 0xFF, 0xFF, 0xDF, 0xFF, 0xFB, 0xFF, 0xFF, 0x00, 0x00, 0x3F, 0xFF,
    0xFF, 0xFF, 0xFF, 0xFF, 0x0F, 0xC3, 0xF0, 0xFC, 0x3F, 0x0F, 0xC3, 0xF0, 0xFC, 0x3F, 0x0F, 0xC3,
    0xF0, 0xFC, 0x3F, 0x0F, 0xC3, 0xF0, 0xFC, 0x3F, 0x0F, 0xC3, 0xF0, 0xFC, 0x3F, 0x0F, 0xC3, 0xF0,
    0xFC, 0x3F, 0x0F, 0xC3, 0xF0, 0xFC, 0x3F, 0xFF, 0xFF, 0xFF, 0xFF, 0xC0, 0x00, 0x01, 0xE0, 0x0F,
    0x80, 0x3F, 0x00, 0x7C, 0x01, 0xF0, 0x07, 0xC0, 0x1F, 0x80, 0x3E, 0x00, 0xF8, 0x03, 0xE0, 0x0F,
    0xC0, 0x1F, 0x00, 0x7C, 0x01, 0xF0, 0x07, 0xE0, 0x0F, 0x80, 0x3E, 0x00, 0xF8, 0x03, 0xF0, 0x07,
    0xC0, 0x1F, 0x00, 0x7C, 0x01, 0xF8, 0x03, 0xE0, 0x0F, 0x80, 0x3E, 0x00, 0xFC, 0x01, 0xF0, 0x07,
    0xC0, 0x1F, 0x00, 0x7E, 0x00, 0xF8, 0x03, 0xE0, 0x0F, 0x80, 0x3C, 0x00, 0x00, 0x00, 0x1F, 0xFF,
    0xFF, 0xFF, 0xFF, 0xFE, 0x0F, 0xC1, 0xF8, 0x3F, 0x07, 0xE0, 0xFC, 0x1F, 0x83, 0xF0, 0x7E, 0x0F,
    0xC1, 0xF8, 0x3F, 0x07, 0xE0, 0xFC, 0x1F, 0x83, 0xF0, 0x7E, 0x0F, 0xC1, 0xF8, 0x3F, 0x07, 0xE0,
    0xFC, 0x1F, 0x83, 0xF0, 0x7E, 0x0F, 0xC1, 0xF8, 0x3F, 0x07, 0xFF, 0xFF, 0xFF, 0xFF, 0xFF, 0xFE,
    0x00, 0xF8, 0x00, 0x1F, 0xC0, 0x03, 0xFC, 0x00, 0x3F, 0xE0, 0x07, 0xFF, 0x00, 0x7D, 0xF0, 0x0F,
    0x8F, 0x81, 0xF8, 0xF8, 0x1F, 0x07, 0xC3, 0xF0, 0x7E, 0x3E, 0x03, 0xE7, 0xE0, 0x3F, 0x00, 0x00,
    0x1F, 0xFF, 0xFF, 0xFF, 0xFF, 0xFF, 0xFF, 0xFF, 0xFF, 0xFE, 0x20, 0x0F, 0x01, 0xF0, 0x7F, 0x8F,
    0xF8, 0x3F, 0x81, 0xF0, 0x0C, 0x01, 0xE0, 0x03, 0xFF, 0x80, 0xFF, 0xF8, 0x1F, 0xFF, 0x83, 0xFF,
    0xF8, 0x00, 0x3F, 0x00, 0x07, 0xE0, 0x00, 0xFC, 0x07, 0xFF, 0x83, 0xFF, 0xF0, 0xFF, 0xFE, 0x3F,
    0x8F, 0xCF, 0xC1, 0xF9, 0xF8, 0x3F, 0x3F, 0x07, 0xE7, 0xE0, 0xFC, 0xFC, 0x3F, 0x9F, 0xFF, 0xF9,
    0xFF, 0xFF, 0x3F, 0xFB, 0xE1, 0xFC, 0x3C, 0x0E, 0x00, 0x00, 0x18, 0x00, 0x3F, 0x00, 0x0F, 0xC0,
    0x03, 0xF0, 0x00, 0xFC, 0x00, 0x3F, 0x00, 0x0F, 0xC0, 0x03, 0xF0, 0x00, 0xFC, 0x30, 0x3F, 0x7F,
    0x0F, 0xFF, 0xF3, 0xFF, 0xFC, 0xFF, 0xFF, 0xBF, 0x87, 0xEF, 0xC0, 0xFF, 0xF0, 0x3F, 0xFC, 0x0F,
    0xFF, 0x03, 0xFF, 0xC0, 0xFF, 0xF0, 0x3F, 0xFC, 0x0F, 0xFF, 0x03, 0xFF, 0xC0, 0xFF, 0xF0, 0x3E,
    0xFE, 0x1F, 0xBF, 0xFF, 0xEF, 0xFF, 0xF3, 0xFF, 0xF8, 0xF9, 0xFC, 0x00, 0x1C, 0x00, 0x00, 0xE0,
    0x03, 0xFE, 0x07, 0xFF, 0xC7, 0xFF, 0xE3, 0xFF, 0xE3, 0xF0, 0x21, 0xF8, 0x01, 0xF8, 0x00, 0xFC,
    0x00, 0x7E, 0x00, 0x3F, 0x00, 0x1F, 0x80, 0x0F, 0xC0, 0x07, 0xE0, 0x03, 0xF0, 0x00, 0xF8, 0x00,
    0x7E, 0x04, 0x1F, 0xFF, 0x0F, 0xFF, 0xC3, 0xFF, 0xE0, 0x7F, 0xC0, 0x07, 0x00, 0x00, 0x06, 0x00,
    0x00, 0xFC, 0x00, 0x1F, 0x80, 0x03, 0xF0, 0x00, 0x7E, 0x00, 0x0F, 0xC0, 0x01, 0xF8, 0x00, 0x3F,
    0x01, 0x87, 0xE1, 0xFE, 0xFC, 0x7F, 0xFF, 0x9F, 0xFF, 0xF7, 0xFF, 0xFE, 0xFC, 0x1F, 0xDF, 0x81,
    0xFF, 0xE0, 0x3F, 0xFC, 0x07, 0xFF, 0x80, 0xFF, 0xF0, 0x1F, 0xFE, 0x03, 0xFF, 0xC0, 0x7F, 0xF8,
    0x0F, 0xFF, 0x01, 0xFF, 0xE0, 0x3F, 0x7E, 0x0F, 0xEF, 0xFF, 0xFC, 0xFF, 0xFF, 0x8F, 0xFF, 0xF0,
    0xFE, 0x7E, 0x07, 0x00, 0x00, 0x00, 0xE0, 0x01, 0xFF, 0x01, 0xFF, 0xE0, 0xFF, 0xFC, 0x3F, 0xFF,
    0x9F, 0x87, 0xE7, 0xC0, 0xFF, 0xF0, 0x3F, 0xFC, 0x0F, 0xFF, 0xFF, 0xFF, 0xFF, 0xFF, 0xFF, 0xFF,
    0xFC, 0x00, 0x3F, 0x00, 0x0F, 0xC0, 0x01, 0xF8, 0x00, 0x7E, 0x07, 0x0F, 0xFF, 0xC3, 0xFF, 0xF8,
    0x7F, 0xFC, 0x07, 0xFE, 0x00, 0x38, 0x00, 0x00, 0x00, 0x01, 0xFC, 0x07, 0xFF, 0x0F, 0xFE, 0x0F,
    0xFE, 0x1F, 0xC4, 0x1F, 0x80, 0x1F, 0x80, 0x1F, 0x80, 0x1F, 0x80, 0xFF, 0xF8, 0xFF, 0xF8, 0xFF,
    0xF8, 0xFF, 0xF8, 0x1F, 0x80, 0x1F, 0x80, 0x1F, 0x80, 0x1F, 0x80, 0x1F, 0x80, 0x1F, 0x80, 0x1F,
    0x80, 0x1F, 0x80, 0x1F, 0x80, 0x1F, 0x80, 0x1F, 0x80, 0x1F, 0x80, 0x1F, 0x80, 0x1F, 0x80, 0x1F,
    0x80, 0x1F, 0x80, 0x00, 0x00, 0x20, 0x00, 0x0F, 0x00, 0x3F, 0xFC, 0x0F, 0xFF, 0xE1, 0xFF, 0xFF,
    0x1F, 0xFF, 0x01, 0xFF, 0xFC, 0x0F, 0xC1, 0xF0, 0x7E, 0x0F, 0xC3, 0xF0, 0x7E, 0x1F, 0x83, 0xF0,
    0xFE, 0x3F, 0x83, 0xFF, 0xF8, 0x0F, 0xFF, 0xC0, 0x3F, 0xFC, 0x03, 0xFF, 0x80, 0x3E, 0x00, 0x01,
    0xF0, 0x00, 0x0F, 0xC0, 0x00, 0x7F, 0xFE, 0x03, 0xFF, 0xFC, 0x0F, 0xFF, 0xF0, 0x1F, 0xFF, 0x80,
    0x00, 0xFE, 0x78, 0x03, 0xF7, 0xC0, 0x1F, 0xBF, 0x83, 0xF9, 0xFF, 0xFF, 0xC7, 0xFF, 0xFC, 0x1F,
    0xFF, 0xC0, 0x3F, 0xF0, 0x00, 0x08, 0x00, 0x7E, 0x00, 0x3F, 0x00, 0x1F, 0x80, 0x0F, 0xC0, 0x07,
    0xE0, 0x03, 0xF0, 0x01, 0xF8, 0x00, 0xFC, 0x38, 0x7E, 0x7F, 0x3F, 0xFF, 0xDF, 0xFF, 0xFF, 0xFF,
    0xFF, 0xF0, 0xFF, 0xF0, 0x7F, 0xF8, 0x3F, 0xFC, 0x1F, 0xFE, 0x0F, 0xFF, 0x07, 0xFF, 0x83, 0xFF,
    0xC1, 0xFF, 0xE0, 0xFF, 0xF0, 0x7F, 0xF8, 0x3F, 0xFC, 0x1F, 0xFE, 0x0F, 0xFF, 0x07, 0xFF, 0x83,
    0xFF, 0xC1, 0xF8, 0x7B, 0xFF, 0xFF, 0xFD, 0xE0, 0x00, 0x00, 0x00, 0x3F, 0xFF, 0xFF, 0xFF, 0xFF,
    0xFF, 0xFF, 0xFF, 0xFF, 0xFF, 0xFF, 0xFF, 0xFF, 0xFF, 0xFF, 0xC0, 0x07, 0x83, 0xF0, 0xFC, 0x3F,
    0x0F, 0xC1, 0xE0, 0x00, 0x00, 0x00, 0x00, 0x00, 0xFC, 0x3F, 0x0F, 0xC3, 0xF0, 0xFC, 0x3F, 0x0F,
    0xC3, 0xF0, 0xFC, 0x3F, 0x0F, 0xC3, 0xF0, 0xFC, 0x3F, 0x0F, 0xC3, 0xF0, 0xFC, 0x3F, 0x0F, 0xC3,
    0xF0, 0xFC, 0x3F, 0x1F, 0xC7, 0xE7, 0xF9, 0xFC, 0x7E, 0x0E, 0x02, 0x00, 0x3C, 0x00, 0x1F, 0x80,
    0x03, 0xF0, 0x00, 0x7E, 0x00, 0x0F, 0xC0, 0x01, 0xF8, 0x00, 0x3F, 0x00, 0x07, 0xE0, 0x00, 0xFC,
    0x00, 0x1F, 0x81, 0xF3, 0xF0, 0x7E, 0x7E, 0x1F, 0x8F, 0xC3, 0xE1, 0xF8, 0xFC, 0x3F, 0x3F, 0x07,
    0xEF, 0xC0, 0xFD, 0xF0, 0x1F, 0xFE, 0x03, 0xFF, 0xC0, 0x7F, 0xF8, 0x0F, 0xDF, 0x81, 0xF9, 0xF8,
    0x3F, 0x3F, 0x07, 0xE3, 0xF0, 0xFC, 0x7F, 0x1F, 0x87, 0xE3, 0xF0, 0x7E, 0x7E, 0x0F, 0xCF, 0xC0,
    0xFC, 0xFC, 0x7E, 0x3F, 0x1F, 0x8F, 0xC7, 0xE3, 0xF1, 0xF8, 0xFC, 0x7E, 0x3F, 0x1F, 0x8F, 0xC7,
    0xE3, 0xF1, 0xF8, 0xFC, 0x7E, 0x3F, 0x1F, 0x8F, 0xC7, 0xE3, 0xF1, 0xF8, 0xFC, 0x7F, 0xBF, 0xCF,
    0xE3, 0xF8, 0x70, 0x00, 0x30, 0x0C, 0x1F, 0x3F, 0x87, 0xF3, 0xEF, 0xF9, 0xFE, 0x7F, 0xFF, 0xFF,
    0xEF, 0xFF, 0xFF, 0xFD, 0xFC, 0x7F, 0x1F, 0xFF, 0x0F, 0xE1, 0xFF, 0xE1, 0xF8, 0x3F, 0xFC, 0x3F,
    0x07, 0xFF, 0x87, 0xE0, 0xFF, 0xF0, 0xFC, 0x1F, 0xFE, 0x1F, 0x83, 0xFF, 0xC3, 0xF0, 0x7F, 0xF8,
    0x7E, 0x0F, 0xFF, 0x0F, 0xC1, 0xFF, 0xE1, 0xF8, 0x3F, 0xFC, 0x3F, 0x07, 0xFF, 0x87, 0xE0, 0xFF,
    0xF0, 0xFC, 0x1F, 0xFE, 0x1F, 0x83, 0xFF, 0xC3, 0xF0, 0x7E, 0x00, 0x38, 0x7C, 0x7F, 0x3E, 0xFF,
    0xDF, 0xFF, 0xFF, 0xFF, 0xFF, 0xF0, 0xFF, 0xF0, 0x7F, 0xF8, 0x3F, 0xFC, 0x1F, 0xFE, 0x0F, 0xFF,
    0x07, 0xFF, 0x83, 0xFF, 0xC1, 0xFF, 0xE0, 0xFF, 0xF0, 0x7F, 0xF8, 0x3F, 0xFC, 0x1F, 0xFE, 0x0F,
    0xFF, 0x07, 0xFF, 0x83, 0xFF, 0xC1, 0xF8, 0x00, 0xE0, 0x00, 0xFF, 0x80, 0x7F, 0xFC, 0x1F, 0xFF,
    0xC3, 0xFF, 0xF8, 0xFC, 0x1F, 0x9F, 0x01, 0xF7, 0xE0, 0x3F, 0xFC, 0x07, 0xFF, 0x80, 0xFF, 0xF0,
    0x1F, 0xFE, 0x03, 0xFF, 0xC0, 0x7F, 0xF8, 0x0F, 0xFF, 0x01, 0xFB, 0xE0, 0x3E, 0x7E, 0x0F, 0xC7,
    0xFF, 0xF0, 0xFF, 0xFE, 0x0F, 0xFF, 0x80, 0x7F, 0xC0, 0x01, 0xC0, 0x00, 0x00, 0x30, 0x3E, 0x7F,
    0x8F, 0xBF, 0xF3, 0xFF, 0xFC, 0xFF, 0xFF, 0xBF, 0x87, 0xEF, 0xC0, 0xFF, 0xF0, 0x3F, 0xFC, 0x0F,
    0xFF, 0x03, 0xFF, 0xC0, 0xFF, 0xF0, 0x3F, 0xFC, 0x0F, 0xFF, 0x03, 0xFF, 0xC0, 0xFF, 0xF0, 0x3E,
    0xFE, 0x1F, 0xBF, 0xFF, 0xEF, 0xFF, 0xF3, 0xFF, 0xF8, 0xFD, 0xFC, 0x3F, 0x1C, 0x0F, 0xC0, 0x03,
    0xF0, 0x00, 0xFC, 0x00, 0x3F, 0x00, 0x0F, 0xC0, 0x03, 0xF0, 0x00, 0xFC, 0x00, 0x00, 0x00, 0x00,
    0x01, 0x80, 0x01, 0xFE, 0x7C, 0x7F, 0xFF, 0x9F, 0xFF, 0xF7, 0xFF, 0xFE, 0xFC, 0x1F, 0xDF, 0x81,
    0xFF, 0xE0, 0x3F, 0xFC, 0x07, 0xFF, 0x80, 0xFF, 0xF0, 0x1F, 0xFE, 0x03, 0xFF, 0xC0, 0x7F, 0xF8,
    0x0F, 0xFF, 0x01, 0xFF, 0xE0, 0x3F, 0x7E, 0x0F, 0xEF, 0xFF, 0xFC, 0xFF, 0xFF, 0x8F, 0xFB, 0xF0,
    0xFE, 0x7E, 0x07, 0x0F, 0xC0, 0x01, 0xF8, 0x00, 0x3F, 0x00, 0x07, 0xE0, 0x00, 0xFC, 0x00, 0x1F,
    0x80, 0x03, 0xF0, 0x00, 0x7E, 0x00, 0x00, 0x00, 0x00, 0x37, 0xCF, 0xBE, 0xFD, 0xF7, 0xEF, 0xFF,
    0x7F, 0xFB, 0xFC, 0x1F, 0xC0, 0xFC, 0x07, 0xE0, 0x3F, 0x01, 0xF8, 0x0F, 0xC0, 0x7E, 0x03, 0xF0,
    0x1F, 0x80, 0xFC, 0x07, 0xE0, 0x3F, 0x01, 0xF8, 0x0F, 0xC0, 0x00, 0x00, 0xE0, 0x07, 0xFE, 0x07,
    0xFF, 0xC7, 0xFF, 0xE7, 0xFF, 0xE3, 0xF0, 0x31, 0xF8, 0x00, 0xFC, 0x00, 0x7F, 0x80, 0x1F, 0xFC,
    0x07, 0xFF, 0x81, 0xFF, 0xE0, 0x1F, 0xF0, 0x01, 0xFC, 0x00, 0x7E, 0x00, 0x3F, 0x38, 0x1F, 0xBF,
    0xFF, 0xFF, 0xFF, 0xCF, 0xFF, 0xC1, 0xFF, 0x80, 0x0E, 0x00, 0x00, 0x00, 0x3F, 0x00, 0x7E, 0x00,
    0xFC, 0x01, 0xF8, 0x03, 0xF0, 0x3F, 0xFE, 0x7F, 0xFC, 0xFF, 0xF9, 0xFF, 0xF0, 0x7E, 0x00, 0xFC,
    0x01, 0xF8, 0x03, 0xF0, 0x07, 0xE0, 0x0F, 0xC0, 0x1F, 0x80, 0x3F, 0x00, 0x7E, 0x00, 0xFC, 0x01,
    0xF8, 0x03, 0xF0, 0x07, 0xFE, 0x07, 0xFE, 0x0F, 0xFC, 0x0F, 0xF8, 0x03, 0x80, 0xFC, 0x1F, 0xFE,
    0x0F, 0xFF, 0x07, 0xFF, 0x83, 0xFF, 0xC1, 0xFF, 0xE0, 0xFF, 0xF0, 0x7F, 0xF8, 0x3F, 0xFC, 0x1F,
    0xFE, 0x0F, 0xFF, 0x07, 0xFF, 0x83, 0xFF, 0xC1, 0xFF, 0xE0, 0xFF, 0xF0, 0xFF, 0xF8, 0x7F, 0xFF,
    0xFF, 0xFF, 0xFF, 0xDF, 0xFF, 0xE7, 0xF1, 0xF0, 0xE0, 0x00, 0x7E, 0x03, 0xF3, 0xF0, 0x1F, 0x8F,
    0x80, 0xF8, 0x7E, 0x07, 0xC3, 0xF0, 0x7E, 0x0F, 0x83, 0xE0, 0x7C, 0x1F, 0x03, 0xF0, 0xF8, 0x0F,
    0x8F, 0xC0, 0x7C, 0x7C, 0x03, 0xE3, 0xE0, 0x0F, 0x9F, 0x00, 0x7D, 0xF0, 0x03, 0xEF, 0x80, 0x1F,
    0x7C, 0x00, 0x7F, 0xC0, 0x03, 0xFE, 0x00, 0x1F, 0xF0, 0x00, 0x7F, 0x00, 0x03, 0xF8, 0x00, 0xFC,
    0x1F, 0x83, 0xFF, 0xC1, 0xF8, 0x3E, 0x7C, 0x1F, 0x83, 0xE7, 0xC1, 0xF8, 0x3E, 0x7C, 0x3F, 0xC3,
    0xE7, 0xE3, 0xFC, 0x7C, 0x3E, 0x3F, 0xC7, 0xC3, 0xE3, 0xFC, 0x7C, 0x3E, 0x3B, 0xC7, 0xC3, 0xE7,
    0x9E, 0x7C, 0x3E, 0x79, 0xEF, 0x81, 0xF7, 0x9E, 0xF8, 0x1F, 0x79, 0xEF, 0x81, 0xFF, 0x1E, 0xF8,
    0x1F, 0xF0, 0xFF, 0x80, 0xFF, 0x0F, 0xF0, 0x0F, 0xF0, 0xFF, 0x00, 0xFF, 0x0F, 0xF0, 0x0F, 0xE0,
    0xFF, 0x00, 0xFE, 0x07, 0xE0, 0x3F, 0x07, 0xE1, 0xF8, 0x3E, 0x07, 0xE3, 0xF0, 0x3F, 0x1F, 0x00,
    0xFD, 0xF8, 0x03, 0xEF, 0x80, 0x1F, 0xF8, 0x00, 0x7F, 0xC0, 0x01, 0xFC, 0x00, 0x0F, 0xE0, 0x00,
    0xFF, 0x80, 0x07, 0xFC, 0x00, 0x7F, 0xF0, 0x03, 0xEF, 0x80, 0x3E, 0x7E, 0x03, 0xF1, 0xF8, 0x1F,
    0x0F, 0xC1, 0xF8, 0x3F, 0x0F, 0x81, 0xF8, 0xFC, 0x07, 0xE0, 0x7E, 0x01, 0xF3, 0xF0, 0x1F, 0x8F,
    0x80, 0xFC, 0x7E, 0x07, 0xC3, 0xF0, 0x7E, 0x1F, 0x83, 0xF0, 0x7C, 0x1F, 0x03, 0xF0, 0xF8, 0x1F,
    0x8F, 0xC0, 0x7C, 0x7C, 0x03, 0xE3, 0xE0, 0x1F, 0x1F, 0x00, 0x7D, 0xF0, 0x03, 0xEF, 0x80, 0x1F,
    0x7C, 0x00, 0x7F, 0xC0, 0x03, 0xFE, 0x00, 0x1F, 0xF0, 0x00, 0x7F, 0x00, 0x03, 0xF8, 0x00, 0x07,
    0xC0, 0x00, 0x7C, 0x00, 0x07, 0xE0, 0x00, 0x7E, 0x00, 0x1F, 0xF0, 0x00, 0xFF, 0x00, 0x07, 0xE0,
    0x00, 0x3C, 0x00, 0x00, 0x7F, 0xFF, 0x3F, 0xFF, 0x9F, 0xFF, 0xCF, 0xFF, 0xE0, 0x07, 0xF0, 0x07,
    0xF0, 0x03, 0xF0, 0x03, 0xF0, 0x03, 0xF0, 0x03, 0xF8, 0x03, 0xF8, 0x01, 0xF8, 0x01, 0xF8, 0x01,
    0xF8, 0x01, 0xFC, 0x01, 0xFC, 0x00, 0xFF, 0xFF, 0x7F, 0xFF, 0xBF, 0xFF, 0xDF, 0xFF, 0xE0, 0x03,
    0xE0, 0xFC, 0x3F, 0x8F, 0xF1, 0xFC, 0x3F, 0x07, 0xE0, 0xFC, 0x1F, 0x83, 0xF0, 0x7E, 0x0F, 0xC1,
    0xF8, 0x3F, 0x07, 0xE0, 0xFC, 0x3F, 0x1F, 0xE3, 0xF0, 0x7E, 0x0F, 0xF0, 0x7E, 0x07, 0xE0, 0xFC,
    0x1F, 0x83, 0xF0, 0x7E, 0x0F, 0xC1, 0xF8, 0x3F, 0x07, 0xE0, 0xFC, 0x1F, 0x83, 0xF8, 0x7F, 0x87,
    0xF0, 0x7E, 0x07, 0xC0, 0xFF, 0xFF, 0xFF, 0xFF, 0xFF, 0xFF, 0xFF, 0xFF, 0xFF, 0xFF, 0xFF, 0xFF,
    0xFF, 0xFF, 0xFF, 0xFF, 0xFF, 0xFF, 0xFF, 0xFF, 0xFF, 0xFE, 0xF8, 0x1F, 0xC3, 0xFC, 0x7F, 0x83,
    0xF0, 0x3F, 0x07, 0xE0, 0xFC, 0x1F, 0x83, 0xF0, 0x7E, 0x0F, 0xC1, 0xF8, 0x3F, 0x07, 0xE0, 0xFC,
    0x1F, 0x81, 0xFC, 0x1F, 0x83, 0xF0, 0xFE, 0x3F, 0x07, 0xE0, 0xFC, 0x1F, 0x83, 0xF0, 0x7E, 0x0F,
    0xC1, 0xF8, 0x3F, 0x07, 0xE0, 0xFC, 0x1F, 0x87, 0xE3, 0xFC, 0x7F, 0x8F, 0xE1, 0xF0, 0x00, 0x00,
    0x00, 0x01, 0xF0, 0x20, 0x7F, 0xCF, 0x1F, 0xFF, 0xE7, 0xFF, 0xF8, 0xF1, 0xFE, 0x04, 0x0F, 0x80,
    0x7B, 0xFF, 0xFF, 0xFF, 0xF7, 0x80, 0x00, 0x00, 0x3F, 0xFF, 0xFF, 0xFF, 0xFF, 0xFF, 0xFF, 0xFF,
    0xFF, 0xFF, 0xFF, 0xFF, 0xFF, 0x00, 0x00, 0x00, 0x18, 0x06, 0x00, 0xF0, 0x7C, 0x0F, 0x83, 0xE0,
    0xFC, 0x3E, 0x0F, 0xC3, 0xF0, 0xFC, 0x3F, 0x0F, 0xE3, 0xF8, 0x7E, 0x1F, 0x87, 0xF1, 0xF8, 0x3F,
    0x0F, 0xC1, 0xF8, 0x7E, 0x0F, 0xE3, 0xF0, 0x7F, 0x1F, 0xC1, 0xFC, 0x7F, 0x07, 0xE1, 0xF8, 0x1F,
    0x87, 0xE0, 0x7E, 0x1F, 0x01, 0xF0, 0x7C, 0x07, 0x83, 0xE0, 0x30, 0x0C, 0x00, 0x00, 0x00, 0x0F,
    0x81, 0xFF, 0x1F, 0xFC, 0xF1, 0xEF, 0x8F, 0xF8, 0x3F, 0xC1, 0xFE, 0x0F, 0xF8, 0xFB, 0xC7, 0x9F,
    0xFC, 0x7F, 0xC0, 0xF8, 0x00, 0x7B, 0xFF, 0xFF, 0xFF, 0xF7, 0x80, 0x07, 0xF0, 0x1F, 0xF8, 0x3F,
    0xFC, 0x7E, 0x7E, 0xFC, 0x3F, 0xF8, 0x1F, 0xF8, 0x1F, 0xF8, 0x1F, 0xF8, 0x1F, 0xF8, 0x1F, 0xFC,
    0x3F, 0x7E, 0x7E, 0x3F, 0xFC, 0x1F, 0xF8, 0x0F, 0xE0, 0x00, 0x00, 0x00, 0x00, 0x00, 0x00, 0x00,
    0x00, 0x00, 0x00, 0x00, 0x00, 0xFF, 0xFF, 0xFF, 0xFF, 0xFF, 0xFF, 0xFF, 0xFF, 0x00, 0x00, 0x00,
    0xC0, 0x60, 0x1F, 0x07, 0x80, 0xF8, 0x3E, 0x03, 0xE1, 0xF8, 0x1F, 0x87, 0xE0, 0x7E, 0x3F, 0x03,
    0xF8, 0xFC, 0x0F, 0xC3, 0xF0, 0x3F, 0x1F, 0xC1, 0xF8, 0x7E, 0x0F, 0xC3, 0xF0, 0x7E, 0x3F, 0x87,
    0xF1, 0xF8, 0x7F, 0x1F, 0x83, 0xF1, 0xF8, 0x3F, 0x0F, 0xC1, 0xF0, 0xFC, 0x1F, 0x07, 0xC0, 0xF8,
    0x3C, 0x01, 0x80, 0xC0, 0x00, 0x00, 0x00, 0x01, 0xE0, 0x01, 0xF8, 0x00, 0xFC, 0x00, 0x7E, 0x00,
    0x3F, 0x00, 0x1F, 0x80, 0x07, 0x80, 0x00, 0x00, 0x00, 0x00, 0x00, 0x00, 0x00, 0x00, 0x00, 0x3E,
    0x00, 0x1F, 0x00, 0x1F, 0x80, 0x0F, 0xC0, 0x1F, 0xC0, 0x1F, 0xE0, 0x1F, 0xE0, 0x1F, 0xC0, 0x1F,
    0xC0, 0x0F, 0xC0, 0x07, 0xE0, 0x03, 0xF0, 0x31, 0xFC, 0x7C, 0x7F, 0xFF, 0x3F, 0xFF, 0x0F, 0xFF,
    0x01, 0xFC, 0x00, 0x00, 0x00, 0x00, 0x00, 0xE0, 0x00, 0x00, 0xF8, 0x00, 0x01, 0xFE, 0x00, 0x01,
    0xFF, 0x00, 0x00, 0x7F, 0x80, 0x00, 0x0F, 0x00, 0x00, 0x01, 0x00, 0x00, 0x00, 0x00, 0x00, 0x00,
    0x00, 0x00, 0xFF, 0x00, 0x00, 0xFF, 0x00, 0x00, 0xFF, 0x00, 0x01, 0xFF, 0x80, 0x01, 0xFF, 0x80,
    0x01, 0xFF, 0x80, 0x01, 0xFF, 0x80, 0x03, 0xE7, 0xC0, 0x03, 0xE7, 0xC0, 0x03, 0xE7, 0xC0, 0x07,
    0xE7, 0xE0, 0x07, 0xC3, 0xE0, 0x07, 0xC3, 0xE0, 0x07, 0xC3, 0xE0, 0x0F, 0xC3, 0xF0, 0x0F, 0x83,
    0xF0, 0x0F, 0x81, 0xF0, 0x1F, 0xFF, 0xF8, 0x1F, 0xFF, 0xF8, 0x1F, 0xFF, 0xF8, 0x3F, 0xFF, 0xFC,
    0x3F, 0x00, 0xFC, 0x3F, 0x00, 0xFC, 0x3E, 0x00, 0xFC, 0x7E, 0x00, 0x7E, 0x7E, 0x00, 0x7E, 0x7E,
    0x00, 0x7E, 0x00, 0x02, 0x00, 0x00, 0x07, 0x00, 0x00, 0x1F, 0x00, 0x00, 0x7F, 0x80, 0x01, 0xFF,
    0x80, 0x01, 0xFE, 0x00, 0x00, 0xF0, 0x00, 0x00, 0x80, 0x00, 0x00, 0x00, 0x00, 0x00, 0x00, 0x00,
    0x00, 0xFF, 0x00, 0x00, 0xFF, 0x00, 0x00, 0xFF, 0x00, 0x01, 0xFF, 0x80, 0x01, 0xFF, 0x80, 0x01,
    0xFF, 0x80, 0x01, 0xFF, 0x80, 0x03, 0xE7, 0xC0, 0x03, 0xE7, 0xC0, 0x03, 0xE7, 0xC0, 0x07, 0xE7,
    0xE0, 0x07, 0xC3, 0xE0, 0x07, 0xC3, 0xE0, 0x07, 0xC3, 0xE0, 0x0F, 0xC3, 0xF0, 0x0F, 0x83, 0xF0,
    0x0F, 0x81, 0xF0, 0x1F, 0xFF, 0xF8, 0x1F, 0xFF, 0xF8, 0x1F, 0xFF, 0xF8, 0x3F, 0xFF, 0xFC, 0x3F,
    0x00, 0xFC, 0x3F, 0x00, 0xFC, 0x3E, 0x00, 0xFC, 0x7E, 0x00, 0x7E, 0x7E, 0x00, 0x7E, 0x7E, 0x00,
    0x7E, 0x00, 0x3C, 0x00, 0x00, 0xFF, 0x00, 0x01, 0xFF, 0x80, 0x03, 0xFF, 0xC0, 0x07, 0xE7, 0xE0,
    0x03, 0x81, 0xC0, 0x01, 0x00, 0x80, 0x00, 0x00, 0x00, 0x00, 0x00, 0x00, 0x00, 0xFF, 0x00, 0x00,
    0xFF, 0x00, 0x00, 0xFF, 0x00, 0x01, 0xFF, 0x80, 0x01, 0xFF, 0x80, 0x01, 0xFF, 0x80, 0x01, 0xFF,
    0x80, 0x03, 0xE7, 0xC0, 0x03, 0xE7, 0xC0, 0x03, 0xE7, 0xC0, 0x07, 0xE7, 0xE0, 0x07, 0xC3, 0xE0,
    0x07, 0xC3, 0xE0, 0x07, 0xC3, 0xE0, 0x0F, 0xC3, 0xF0, 0x0F, 0x83, 0xF0, 0x0F, 0x81, 0xF0, 0x1F,
    0xFF, 0xF8, 0x1F, 0xFF, 0xF8, 0x1F, 0xFF, 0xF8, 0x3F, 0xFF, 0xFC, 0x3F, 0x00, 0xFC, 0x3F, 0x00,
    0xFC, 0x3E, 0x00, 0xFC, 0x7E, 0x00, 0x7E, 0x7E, 0x00, 0x7E, 0x7E, 0x00, 0x7E, 0x03, 0x81, 0xC0,
    0x07, 0xC3, 0xE0, 0x07, 0xE7, 0xE0, 0x07, 0xE7, 0xE0, 0x07, 0xC3, 0xE0, 0x03, 0x81, 0xC0, 0x00,
    0x00, 0x00, 0x00, 0x00, 0x00, 0x00, 0xFF, 0x00, 0x00, 0xFF, 0x00, 0x00, 0xFF, 0x00, 0x00, 0xFF,
    0x80, 0x01, 0xFF, 0x80, 0x01, 0xFF, 0x80, 0x01, 0xFF, 0x80, 0x03, 0xE7, 0xC0, 0x03, 0xE7, 0xC0,
    0x03, 0xE7, 0xC0, 0x07, 0xE7, 0xE0, 0x07, 0xC3, 0xE0, 0x07, 0xC3, 0xE0, 0x07, 0xC3, 0xE0, 0x0F,
    0xC3, 0xF0, 0x0F, 0x83, 0xF0, 0x0F, 0x81, 0xF0, 0x1F, 0xFF, 0xF8, 0x1F, 0xFF, 0xF8, 0x1F, 0xFF,
    0xF8, 0x1F, 0xFF, 0xFC, 0x3F, 0x00, 0xFC, 0x3F, 0x00, 0xFC, 0x3E, 0x00, 0xFC, 0x7E, 0x00, 0x7E,
    0x7E, 0x00, 0x7E, 0x7E, 0x00, 0x7E, 0x00, 0x7E, 0x00, 0x00, 0xFF, 0x00, 0x01, 0xFF, 0x00, 0x01,
    0xE7, 0x80, 0x01, 0xC3, 0x80, 0x01, 0xC3, 0x80, 0x01, 0xE7, 0x80, 0x00, 0xFF, 0x00, 0x00, 0xFF,
    0x00, 0x00, 0x3C, 0x00, 0x00, 0x00, 0x00, 0x00, 0xFF, 0x00, 0x00, 0xFF, 0x00, 0x00, 0xFF, 0x00,
    0x01, 0xFF, 0x80, 0x01, 0xFF, 0x80, 0x01, 0xFF, 0x80, 0x01, 0xFF, 0xC0, 0x03, 0xE7, 0xC0, 0x03,
    0xE7, 0xC0, 0x03, 0xE7, 0xC0, 0x07, 0xE7, 0xE0, 0x07, 0xC3, 0xE0, 0x07, 0xC3, 0xE0, 0x0F, 0xC3,
    0xF0, 0x0F, 0xC3, 0xF0, 0x0F, 0x81, 0xF0, 0x0F, 0x81, 0xF0, 0x1F, 0xFF, 0xF8, 0x1F, 0xFF, 0xF8,
    0x1F, 0xFF, 0xF8, 0x3F, 0xFF, 0xFC, 0x3F, 0x00, 0xFC, 0x3F, 0x00, 0xFC, 0x3E, 0x00, 0x7C, 0x7E,
    0x00, 0x7E, 0x7E, 0x00, 0x7E, 0x7E, 0x00, 0x7E, 0x00, 0x3F, 0xFF, 0xF8, 0x00, 0x7F, 0xFF, 0xF0,
    0x01, 0xFF, 0xFF, 0xE0, 0x03, 0xFF, 0xFF, 0xC0, 0x0F, 0xFE, 0x00, 0x00, 0x1F, 0x7C, 0x00, 0x00,
    0x3E, 0xF8, 0x00, 0x00, 0xF9, 0xF0, 0x00, 0x01, 0xF3, 0xE0, 0x00, 0x03, 0xE7, 0xC0, 0x00, 0x0F,
    0x8F, 0xC0, 0x00, 0x1F, 0x0F, 0x80, 0x00, 0x7E, 0x1F, 0xFF, 0x80, 0xFC, 0x3F, 0xFF, 0x01, 0xF0,
    0x7F, 0xFE, 0x07, 0xE0, 0xFF, 0xFC, 0x0F, 0xC1, 0xF8, 0x00, 0x3F, 0xFF, 0xF0, 0x00, 0x7F, 0xFF,
    0xE0, 0x00, 0xFF, 0xFF, 0xE0, 0x03, 0xFF, 0xFF, 0xC0, 0x07, 0xE0, 0x1F, 0x80, 0x0F, 0xC0, 0x1F,
    0x00, 0x3F, 0x00, 0x3F, 0xFF, 0x7E, 0x00, 0x7F, 0xFF, 0xF8, 0x00, 0xFF, 0xFF, 0xF0, 0x01, 0xFF,
    0xF8, 0x00, 0x38, 0x00, 0x1F, 0xF8, 0x07, 0xFF, 0xE0, 0xFF, 0xFE, 0x1F, 0xFF, 0xE3, 0xF8, 0x1C,
    0x3F, 0x00, 0x07, 0xE0, 0x00, 0x7E, 0x00, 0x0F, 0xC0, 0x00, 0xFC, 0x00, 0x0F, 0xC0, 0x00, 0xFC,
    0x00, 0x0F, 0xC0, 0x00, 0xFC, 0x00, 0x0F, 0xC0, 0x00, 0xFC, 0x00, 0x0F, 0xC0, 0x00, 0xFC, 0x00,
    0x0F, 0xC0, 0x00, 0x7E, 0x00, 0x07, 0xE0, 0x00, 0x3F, 0x00, 0xC3, 0xFC, 0x3E, 0x1F, 0xFF, 0xF0,
    0xFF, 0xFF, 0x07, 0xFF, 0xC0, 0x1F, 0xF8, 0x00, 0x7C, 0x00, 0x03, 0x80, 0x00, 0x7F, 0x00, 0x07,
    0xF8, 0x00, 0x0F, 0x80, 0x00, 0x78, 0x00, 0xFF, 0x80, 0x1F, 0xF0, 0x00, 0xFE, 0x00, 0x00, 0x20,
    0x00, 0xE0, 0x01, 0xF0, 0x07, 0xF0, 0x1F, 0xF8, 0x1F, 0xC0, 0x1F, 0x00, 0x08, 0x00, 0x00, 0x00,
    0x00, 0x00, 0xFF, 0xFE, 0xFF, 0xFE, 0xFF, 0xFE, 0xFF, 0xFE, 0xFC, 0x00, 0xFC, 0x00, 0xFC, 0x00,
    0xFC, 0x00, 0xFC, 0x00, 0xFC, 0x00, 0xFC, 0x00, 0xFF, 0xFC, 0xFF, 0xFC, 0xFF, 0xFC, 0xFF, 0xFC,
    0xFC, 0x00, 0xFC, 0x00, 0xFC, 0x00, 0xFC, 0x00, 0xFC, 0x00, 0xFC, 0x00, 0xFC, 0x00, 0xFC, 0x00,
    0xFF, 0xFF, 0xFF, 0xFF, 0xFF, 0xFF, 0xFF, 0xFF, 0x07, 0xC0, 0x0F, 0xE0, 0x1F, 0xF0, 0x3F, 0xFC,
    0x7E, 0x7C, 0x38, 0x1C, 0x00, 0x08, 0x00, 0x00, 0x00, 0x00, 0xFF, 0xFE, 0xFF, 0xFE, 0xFF, 0xFE,
    0xFF, 0xFE, 0xFC, 0x00, 0xFC, 0x00, 0xFC, 0x00, 0xFC, 0x00, 0xFC, 0x00, 0xFC, 0x00, 0xFC, 0x00,
    0xFF, 0xFC, 0xFF, 0xFC, 0xFF, 0xFC, 0xFF, 0xFC, 0xFC, 0x00, 0xFC, 0x00, 0xFC, 0x00, 0xFC, 0x00,
    0xFC, 0x00, 0xFC, 0x00, 0xFC, 0x00, 0xFC, 0x00, 0xFF, 0xFF, 0xFF, 0xFF, 0xFF, 0xFF, 0xFF, 0xFF,
    0x00, 0x80, 0x78, 0x1F, 0x0F, 0xF7, 0xFE, 0xFE, 0x1F, 0x01, 0x00, 0x00, 0x00, 0x00, 0x7E, 0x0F,
    0xC1, 0xF8, 0x3F, 0x07, 0xE0, 0xFC, 0x1F, 0x83, 0xF0, 0x7E, 0x0F, 0xC1, 0xF8, 0x3F, 0x07, 0xE0,
    0xFC, 0x1F, 0x83, 0xF0, 0x7E, 0x0F, 0xC1, 0xF8, 0x3F, 0x07, 0xE0, 0xFC, 0x1F, 0x83, 0xF0, 0x7E,
    0x0F, 0xC1, 0xF8, 0x07, 0xC0, 0x1F, 0xC0, 0x7F, 0xC1, 0xFF, 0xE7, 0xE7, 0xE7, 0x03, 0x80, 0x02,
    0x00, 0x00, 0x00, 0x00, 0x0F, 0xC0, 0x1F, 0x80, 0x3F, 0x00, 0x7E, 0x00, 0xFC, 0x01, 0xF8, 0x03,
    0xF0, 0x07, 0xE0, 0x0F, 0xC0, 0x1F, 0x80, 0x3F, 0x00, 0x7E, 0x00, 0xFC, 0x01, 0xF8, 0x03, 0xF0,
    0x07, 0xE0, 0x0F, 0xC0, 0x1F, 0x80, 0x3F, 0x00, 0x7E, 0x00, 0xFC, 0x01, 0xF8, 0x03, 0xF0, 0x07,
    0xE0, 0x0F, 0xC0, 0x1F, 0x80, 0x3F, 0x00, 0x00, 0x80, 0x00, 0x03, 0x80, 0x00, 0x07, 0xC0, 0x00,
    0x1F, 0xE0, 0x00, 0x3F, 0xF0, 0x00, 0x1F, 0xE0, 0x00, 0x07, 0xC0, 0x00, 0x01, 0x00, 0x00, 0x00,
    0x00, 0x00, 0x70, 0x00, 0x0F, 0xFE, 0x00, 0x3F, 0xFE, 0x00, 0xFF, 0xFE, 0x03, 0xFF, 0xFE, 0x0F,
    0xE0, 0xFE, 0x1F, 0x80, 0xFE, 0x7E, 0x00, 0xFC, 0xF8, 0x00, 0xFB, 0xF0, 0x01, 0xFF, 0xE0, 0x03,
    0xFF, 0xC0, 0x07, 0xFF, 0x80, 0x0F, 0xFF, 0x00, 0x1F, 0xFE, 0x00, 0x3F, 0xFC, 0x00, 0x7F, 0xF8,
    0x00, 0xFF, 0xF0, 0x01, 0xFF, 0xE0, 0x03, 0xFF, 0xC0, 0x07, 0xEF, 0x80, 0x0F, 0x9F, 0x80, 0x3F,
    0x3F, 0x80, 0xFC, 0x3F, 0x83, 0xF8, 0x3F, 0xFF, 0xE0, 0x3F, 0xFF, 0x80, 0x3F, 0xFE, 0x00, 0x3F,
    0xF8, 0x00, 0x07, 0x00, 0x00, 0x00, 0x02, 0x00, 0x00, 0x1C, 0x00, 0x00, 0x7C, 0x00, 0x03, 0xF8,
    0x00, 0x1F, 0xF8, 0x00, 0x7F, 0x80, 0x00, 0x7C, 0x00, 0x00, 0xC0, 0x00, 0x00, 0x00, 0x00, 0x00,
    0x70, 0x00, 0x0F, 0xFE, 0x00, 0x3F, 0xFE, 0x00, 0xFF, 0xFE, 0x03, 0xFF, 0xFE, 0x0F, 0xE0, 0xFE,
    0x1F, 0x80, 0xFE, 0x7E, 0x00, 0xFC, 0xF8, 0x00, 0xFB, 0xF0, 0x01, 0xFF, 0xE0, 0x03, 0xFF, 0xC0,
    0x07, 0xFF, 0x80, 0x0F, 0xFF, 0x00, 0x1F, 0xFE, 0x00, 0x3F, 0xFC, 0x00, 0x7F, 0xF8, 0x00, 0xFF,
    0xF0, 0x01, 0xFF, 0xE0, 0x03, 0xFF, 0xC0, 0x07, 0xEF, 0x80, 0x0F, 0x9F, 0x80, 0x3F, 0x3F, 0x80,
    0xFC, 0x3F, 0x83, 0xF8, 0x3F, 0xFF, 0xE0, 0x3F, 0xFF, 0x80, 0x3F, 0xFE, 0x00, 0x3F, 0xF8, 0x00,
    0x07, 0x00, 0x00, 0x03, 0x83, 0x80, 0x0F, 0x8F, 0x80, 0x3F, 0x1F, 0x80, 0x7E, 0x3F, 0x00, 0x7C,
    0x7C, 0x00, 0x70, 0x70, 0x00, 0x00, 0x00, 0x00, 0x00, 0x00, 0x00, 0x38, 0x00, 0x07, 0xFF, 0x00,
    0x1F, 0xFF, 0x00, 0x7F, 0xFF, 0x01, 0xFF, 0xFF, 0x07, 0xF0, 0x7F, 0x0F, 0xC0, 0x7F, 0x3F, 0x00,
    0x7E, 0x7C, 0x00, 0x7D, 0xF8, 0x00, 0xFF, 0xF0, 0x01, 0xFF, 0xE0, 0x03, 0xFF, 0xC0, 0x07, 0xFF,
    0x80, 0x0F, 0xFF, 0x00, 0x1F, 0xFE, 0x00, 0x3F, 0xFC, 0x00, 0x7F, 0xF8, 0x00, 0xFF, 0xF0, 0x01,
    0xFF, 0xE0, 0x03, 0xF7, 0xC0, 0x07, 0xCF, 0xC0, 0x1F, 0x9F, 0xC0, 0x7E, 0x1F, 0xC1, 0xFC, 0x1F,
    0xFF, 0xF0, 0x1F, 0xFF, 0xC0, 0x1F, 0xFF, 0x00, 0x1F, 0xFC, 0x00, 0x03, 0x80, 0x00, 0x00, 0x00,
    0x00, 0x00, 0x03, 0x00, 0x00, 0x0F, 0x80, 0x00, 0x1F, 0x00, 0x00, 0x3E, 0x00, 0x07, 0xF8, 0x00,
    0xFF, 0xF0, 0x03, 0xFF, 0xF0, 0x0F, 0xFF, 0xF0, 0x3F, 0xFF, 0xE0, 0xFE, 0x3F, 0xE1, 0xF8, 0x7F,
    0xE7, 0xE0, 0xEF, 0xCF, 0x83, 0xCF, 0xBF, 0x07, 0x9F, 0xFE, 0x0E, 0x3F, 0xFC, 0x1C, 0x7F, 0xF8,
    0x78, 0xFF, 0xF0, 0xF1, 0xFF, 0xE1, 0xC3, 0xFF, 0xC7, 0x87, 0xFF, 0x8F, 0x0F, 0xFF, 0x1C, 0x1F,
    0xFE, 0x38, 0x3F, 0xFC, 0xF0, 0x7E, 0xF9, 0xE0, 0xF9, 0xFB, 0x83, 0xF3, 0xFF, 0x07, 0xC3, 0xFE,
    0x3F, 0x83, 0xFF, 0xFE, 0x07, 0xFF, 0xF8, 0x07, 0xFF, 0xE0, 0x07, 0xFF, 0x80, 0x0F, 0xF0, 0x00,
    0x3E, 0x00, 0x00, 0x7C, 0x00, 0x00, 0xF8, 0x00, 0x00, 0x60, 0x00, 0x00, 0x00, 0x00, 0x00, 0x38,
    0x00, 0x07, 0xE0, 0x00, 0x7F, 0x80, 0x07, 0xFC, 0x00, 0x1F, 0xE0, 0x00, 0x3C, 0x00, 0x00, 0x40,
    0x00, 0x00, 0x00, 0x00, 0x00, 0xFC, 0x03, 0xFF, 0xC0, 0x3F, 0xFC, 0x03, 0xFF, 0xC0, 0x3F, 0xFC,
    0x03, 0xFF, 0xC0, 0x3F, 0xFC, 0x03, 0xFF, 0xC0, 0x3F, 0xFC, 0x03, 0xFF, 0xC0, 0x3F, 0xFC, 0x03,
    0xFF, 0xC0, 0x3F, 0xFC, 0x03, 0xFF, 0xC0, 0x3F, 0xFC, 0x03, 0xFF, 0xC0, 0x3F, 0xFC, 0x03, 0xFF,
    0xC0, 0x3F, 0xFC, 0x03, 0xFF, 0xC0, 0x3F, 0xFC, 0x03, 0xFF, 0xC0, 0x3F, 0x7E, 0x07, 0xE7, 0xFF,
    0xFE, 0x3F, 0xFF, 0xC1, 0xFF, 0xF8, 0x07, 0xFE, 0x00, 0x0F, 0x00, 0x00, 0x08, 0x00, 0x01, 0xC0,
    0x00, 0x7C, 0x00, 0x1F, 0xE0, 0x07, 0xFE, 0x00, 0x7F, 0x80, 0x03, 0xC0, 0x00, 0x20, 0x00, 0x00,
    0x00, 0x00, 0x00, 0x00, 0xFC, 0x03, 0xFF, 0xC0, 0x3F, 0xFC, 0x03, 0xFF, 0xC0, 0x3F, 0xFC, 0x03,
    0xFF, 0xC0, 0x3F, 0xFC, 0x03, 0xFF, 0xC0, 0x3F, 0xFC, 0x03, 0xFF, 0xC0, 0x3F, 0xFC, 0x03, 0xFF,
    0xC0, 0x3F, 0xFC, 0x03, 0xFF, 0xC0, 0x3F, 0xFC, 0x03, 0xFF, 0xC0, 0x3F, 0xFC, 0x03, 0xFF, 0xC0,
    0x3F, 0xFC, 0x03, 0xFF, 0xC0, 0x3F, 0xFC, 0x03, 0xFF, 0xC0, 0x3F, 0x7E, 0x07, 0xE7, 0xFF, 0xFE,
    0x3F, 0xFF, 0xC1, 0xFF, 0xF8, 0x07, 0xFE, 0x00, 0x0F, 0x00, 0x0E, 0x07, 0x01, 0xF0, 0xF8, 0x1F,
    0x9F, 0x81, 0xF9, 0xF8, 0x1F, 0x0F, 0x80, 0xE0, 0x70, 0x00, 0x00, 0x00, 0x00, 0x00, 0x00, 0x00,
    0x0F, 0xC0, 0x3F, 0xFC, 0x03, 0xFF, 0xC0, 0x3F, 0xFC, 0x03, 0xFF, 0xC0, 0x3F, 0xFC, 0x03, 0xFF,
    0xC0, 0x3F, 0xFC, 0x03, 0xFF, 0xC0, 0x3F, 0xFC, 0x03, 0xFF, 0xC0, 0x3F, 0xFC, 0x03, 0xFF, 0xC0,
    0x3F, 0xFC, 0x03, 0xFF, 0xC0, 0x3F, 0xFC, 0x03, 0xFF, 0xC0, 0x3F, 0xFC, 0x03, 0xFF, 0xC0, 0x3F,
    0xFC, 0x03, 0xFF, 0xC0, 0x3F, 0xFC, 0x03, 0xF7, 0xE0, 0x7E, 0x7F, 0xFF, 0xE3, 0xFF, 0xFC, 0x1F,
    0xFF, 0x80, 0x7F, 0xE0, 0x00, 0xF0, 0x00, 0x00, 0x02, 0x00, 0x00, 0x1E, 0x00, 0x00, 0x7C, 0x00,
    0x03, 0xFC, 0x00, 0x1F, 0xF8, 0x00, 0x3F, 0x80, 0x00, 0x7C, 0x00, 0x00, 0x40, 0x00, 0x00, 0x00,
    0x00, 0x00, 0x00, 0x01, 0xF8, 0x01, 0xFB, 0xF0, 0x07, 0xE3, 0xF0, 0x0F, 0xC7, 0xE0, 0x3F, 0x07,
    0xE0, 0x7E, 0x0F, 0xC0, 0xF8, 0x0F, 0xC3, 0xF0, 0x1F, 0x87, 0xC0, 0x1F, 0x1F, 0x80, 0x3F, 0x3E,
    0x00, 0x3E, 0x7C, 0x00, 0x7F, 0xF0, 0x00, 0x7F, 0xE0, 0x00, 0xFF, 0x80, 0x00, 0xFF, 0x00, 0x01,
    0xFC, 0x00, 0x01, 0xF8, 0x00, 0x03, 0xF0, 0x00, 0x07, 0xE0, 0x00, 0x0F, 0xC0, 0x00, 0x1F, 0x80,
    0x00, 0x3F, 0x00, 0x00, 0x7E, 0x00, 0x00, 0xFC, 0x00, 0x01, 0xF8, 0x00, 0x03, 0xF0, 0x00, 0x07,
    0xE0, 0x00, 0x00, 0x00, 0x00, 0xFF, 0x00, 0x7F, 0xF8, 0x1F, 0xFF, 0x87, 0xFF, 0xF0, 0xFC, 0x7F,
    0x3F, 0x07, 0xE7, 0xE0, 0xFC, 0xFC, 0x1F, 0x1F, 0x87, 0xE3, 0xF1, 0xF8, 0x7E, 0x7C, 0x0F, 0xDF,
    0x01, 0xFB, 0xE0, 0x3F, 0x7E, 0x07, 0xEF, 0xE0, 0xFD, 0xFE, 0x1F, 0x9F, 0xE3, 0xF1, 0xFE, 0x7E,
    0x1F, 0xEF, 0xC0, 0xFD, 0xF8, 0x0F, 0xFF, 0x01, 0xFF, 0xE0, 0x3F, 0xFC, 0x07, 0xFF, 0x80, 0xFF,
    0xF3, 0xFF, 0xFE, 0x7F, 0xEF, 0xDF, 0xF9, 0xFB, 0xFE, 0x00, 0x0E, 0x00, 0x00, 0x00, 0x00, 0x60,
    0x00, 0x1F, 0x00, 0x03, 0xF0, 0x00, 0xFF, 0x80, 0x07, 0xF8, 0x00, 0x3F, 0x00, 0x01, 0xE0, 0x00,
    0x00, 0x00, 0x00, 0x00, 0x00, 0x00, 0x00, 0xF0, 0x01, 0xFF, 0xC0, 0x7F, 0xFC, 0x0F, 0xFF, 0xC1,
    0xFF, 0xFC, 0x00, 0x1F, 0x80, 0x03, 0xF0, 0x00, 0x7E, 0x03, 0xFF, 0xC1, 0xFF, 0xF8, 0x7F, 0xFF,
    0x1F, 0xC7, 0xE7, 0xE0, 0xFC, 0xFC, 0x1F, 0x9F, 0x83, 0xF3, 0xF0, 0x7E, 0x7E, 0x1F, 0xCF, 0xFF,
    0xFC, 0xFF, 0xFF, 0x9F, 0xFD, 0xF0, 0xFE, 0x1E, 0x07, 0x00, 0x00, 0x00, 0x00, 0x00, 0x06, 0x00,
    0x01, 0xE0, 0x00, 0xFC, 0x00, 0x7F, 0xC0, 0x1F, 0xF0, 0x03, 0xF0, 0x00, 0x38, 0x00, 0x00, 0x00,
    0x00, 0x00, 0x00, 0x00, 0x00, 0x00, 0xF0, 0x01, 0xFF, 0xC0, 0x7F, 0xFC, 0x0F, 0xFF, 0xC1, 0xFF,
    0xFC, 0x00, 0x1F, 0x80, 0x03, 0xF0, 0x00, 0x7E, 0x03, 0xFF, 0xC1, 0xFF, 0xF8, 0x7F, 0xFF, 0x1F,
    0xC7, 0xE7, 0xE0, 0xFC, 0xFC, 0x1F, 0x9F, 0x83, 0xF3, 0xF0, 0x7E, 0x7E, 0x1F, 0xCF, 0xFF, 0xFC,
    0xFF, 0xFF, 0x9F, 0xFD, 0xF0, 0xFE, 0x1E, 0x07, 0x00, 0x00, 0x01, 0xE0, 0x00, 0x7E, 0x00, 0x1F,
    0xE0, 0x07, 0xFE, 0x01, 0xFF, 0xE0, 0x7E, 0x7E, 0x07, 0x87, 0xC0, 0xC0, 0x30, 0x00, 0x00, 0x00,
    0x00, 0x00, 0x00, 0x00, 0x00, 0xF0, 0x01, 0xFF, 0xC0, 0x7F, 0xFC, 0x0F, 0xFF, 0xC1, 0xFF, 0xFC,
    0x00, 0x1F, 0x80, 0x03, 0xF0, 0x00, 0x7E, 0x03, 0xFF, 0xC1, 0xFF, 0xF8, 0x7F, 0xFF, 0x1F, 0xC7,
    0xE7, 0xE0, 0xFC, 0xFC, 0x1F, 0x9F, 0x83, 0xF3, 0xF0, 0x7E, 0x7E, 0x1F, 0xCF, 0xFF, 0xFC, 0xFF,
    0xFF, 0x9F, 0xFD, 0xF0, 0xFE, 0x1E, 0x07, 0x00, 0x00, 0x07, 0xCE, 0x01, 0xFF, 0xE0, 0x7F, 0xF8,
    0x1F, 0xFF, 0x01, 0xCF, 0xC0, 0x00, 0x00, 0x00, 0x00, 0x00, 0x00, 0x00, 0x00, 0x00, 0x00, 0x3C,
    0x00, 0x7F, 0xF0, 0x1F, 0xFF, 0x03, 0xFF, 0xF0, 0x7F, 0xFF, 0x00, 0x07, 0xE0, 0x00, 0xFC, 0x00,
    0x1F, 0x80, 0xFF, 0xF0, 0x7F, 0xFE, 0x1F, 0xFF, 0xC7, 0xF1, 0xF9, 0xF8, 0x3F, 0x3F, 0x07, 0xE7,
    0xE0, 0xFC, 0xFC, 0x1F, 0x9F, 0x87, 0xF3, 0xFF, 0xFF, 0x3F, 0xFF, 0xE7, 0xFF, 0x7C, 0x3F, 0x87,
    0x81, 0xC0, 0x00, 0x1C, 0x0E, 0x07, 0xC3, 0xE0, 0xFC, 0xFC, 0x1F, 0x9F, 0x83, 0xE1, 0xF0, 0x38,
    0x1C, 0x00, 0x00, 0x00, 0x00, 0x00, 0x00, 0x00, 0x00, 0x00, 0x00, 0x07, 0x80, 0x0F, 0xFE, 0x03,
    0xFF, 0xE0, 0x7F, 0xFE, 0x0F, 0xFF, 0xE0, 0x00, 0xFC, 0x00, 0x1F, 0x80, 0x03, 0xF0, 0x1F, 0xFE,
    0x0F, 0xFF, 0xC3, 0xFF, 0xF8, 0xFE, 0x3F, 0x3F, 0x07, 0xE7, 0xE0, 0xFC, 0xFC, 0x1F, 0x9F, 0x83,
    0xF3, 0xF0, 0xFE, 0x7F, 0xFF, 0xE7, 0xFF, 0xFC, 0xFF, 0xEF, 0x87, 0xF0, 0xF0, 0x38, 0x00, 0x03,
    0xF0, 0x00, 0xFF, 0x00, 0x3F, 0xF0, 0x07, 0x9E, 0x00, 0xE1, 0xC0, 0x1E, 0x78, 0x03, 0xFF, 0x00,
    0x3F, 0xC0, 0x01, 0xE0, 0x00, 0x00, 0x00, 0x00, 0x00, 0x00, 0x00, 0x00, 0x1E, 0x00, 0x3F, 0xF8,
    0x0F, 0xFF, 0x81, 0xFF, 0xF8, 0x3F, 0xFF, 0x80, 0x03, 0xF0, 0x00, 0x7E, 0x00, 0x0F, 0xC0, 0x7F,
    0xF8, 0x3F, 0xFF, 0x0F, 0xFF, 0xE3, 0xF8, 0xFC, 0xFC, 0x1F, 0x9F, 0x83, 0xF3, 0xF0, 0x7E, 0x7E,
    0x0F, 0xCF, 0xC3, 0xF9, 0xFF, 0xFF, 0x9F, 0xFF, 0xF3, 0xFF, 0xBE, 0x1F, 0xC3, 0xC0, 0xE0, 0x00,
    0x01, 0xC0, 0x0C, 0x00, 0x7F, 0xE1, 0xFE, 0x03, 0xFF, 0xCF, 0xFE, 0x0F, 0xFF, 0xFF, 0xFC, 0x3F,
    0xFF, 0xFF, 0xF0, 0x00, 0x7F, 0x07, 0xE0, 0x01, 0xFC, 0x1F, 0x80, 0x07, 0xE0, 0x3E, 0x07, 0xFF,
    0x80, 0xFC, 0x7F, 0xFF, 0xFF, 0xF3, 0xFF, 0xFF, 0xFF, 0xDF, 0x87, 0xFF, 0xFF, 0xFC, 0x1F, 0x80,
    0x03, 0xF0, 0x3E, 0x00, 0x0F, 0xC0, 0xFC, 0x00, 0x3F, 0x07, 0xF0, 0x00, 0xFC, 0x3F, 0xE0, 0x63,
    0xFF, 0xFF, 0xFF, 0xC7, 0xFF, 0xBF, 0xFF, 0x9F, 0xFC, 0x7F, 0xFC, 0x1F, 0xE0, 0xFF, 0xC0, 0x1C,
    0x00, 0x38, 0x00, 0x00, 0xE0, 0x07, 0xFC, 0x1F, 0xFE, 0x3F, 0xFE, 0x3F, 0xFE, 0x7E, 0x0C, 0x7E,
    0x00, 0xFC, 0x00, 0xFC, 0x00, 0xFC, 0x00, 0xFC, 0x00, 0xFC, 0x00, 0xFC, 0x00, 0xFC, 0x00, 0xFC,
    0x00, 0xFC, 0x00, 0x7E, 0x00, 0x7F, 0x1C, 0x3F, 0xFE, 0x3F, 0xFF, 0x1F, 0xFE, 0x07, 0xFC, 0x01,
    0xE0, 0x01, 0xC0, 0x01, 0xF8, 0x01, 0xFC, 0x00, 0x7C, 0x00, 0x3C, 0x07, 0xFC, 0x07, 0xF8, 0x03,
    0xF0, 0x00, 0x00, 0x00, 0xC0, 0x00, 0x3C, 0x00, 0x1F, 0x80, 0x07, 0xF8, 0x00, 0xFF, 0x00, 0x0F,
    0xC0, 0x00, 0xE0, 0x00, 0x00, 0x00, 0x00, 0x00, 0x00, 0x00, 0x03, 0x80, 0x07, 0xFC, 0x07, 0xFF,
    0x83, 0xFF, 0xF0, 0xFF, 0xFE, 0x7E, 0x1F, 0x9F, 0x03, 0xFF, 0xC0, 0xFF, 0xF0, 0x3F, 0xFF, 0xFF,
    0xFF, 0xFF, 0xFF, 0xFF, 0xFF, 0xF0, 0x00, 0xFC, 0x00, 0x3F, 0x00, 0x07, 0xE0, 0x01, 0xF8, 0x1C,
    0x3F, 0xFF, 0x0F, 0xFF, 0xE1, 0xFF, 0xF0, 0x1F, 0xF8, 0x00, 0xE0, 0x00, 0x00, 0x00, 0x00, 0x0C,
    0x00, 0x07, 0x80, 0x07, 0xE0, 0x07, 0xFC, 0x03, 0xFE, 0x00, 0xFC, 0x00, 0x1C, 0x00, 0x00, 0x00,
    0x00, 0x00, 0x00, 0x00, 0x00, 0x03, 0x80, 0x07, 0xFC, 0x07, 0xFF, 0x83, 0xFF, 0xF0, 0xFF, 0xFE,
    0x7E, 0x1F, 0x9F, 0x03, 0xFF, 0xC0, 0xFF, 0xF0, 0x3F, 0xFF, 0xFF, 0xFF, 0xFF, 0xFF, 0xFF, 0xFF,
    0xF0, 0x00, 0xFC, 0x00, 0x3F, 0x00, 0x07, 0xE0, 0x01, 0xF8, 0x1C, 0x3F, 0xFF, 0x0F, 0xFF, 0xE1,
    0xFF, 0xF0, 0x1F, 0xF8, 0x00, 0xE0, 0x00, 0x01, 0xE0, 0x00, 0xFC, 0x00, 0x7F, 0x80, 0x3F, 0xF0,
    0x1F, 0xFE, 0x0F, 0xCF, 0xC1, 0xE1, 0xF0, 0x60, 0x18, 0x00, 0x00, 0x00, 0x00, 0x00, 0x00, 0x00,
    0x03, 0x80, 0x07, 0xFC, 0x07, 0xFF, 0x83, 0xFF, 0xF0, 0xFF, 0xFE, 0x7E, 0x1F, 0x9F, 0x03, 0xFF,
    0xC0, 0xFF, 0xF0, 0x3F, 0xFF, 0xFF, 0xFF, 0xFF, 0xFF, 0xFF, 0xFF, 0xF0, 0x00, 0xFC, 0x00, 0x3F,
    0x00, 0x07, 0xE0, 0x01, 0xF8, 0x1C, 0x3F, 0xFF, 0x0F, 0xFF, 0xE1, 0xFF, 0xF0, 0x1F, 0xF8, 0x00,
    0xE0, 0x00, 0x1C, 0x0E, 0x0F, 0x87, 0xC3, 0xF3, 0xF0, 0xFC, 0xFC, 0x3E, 0x1F, 0x07, 0x03, 0x80,
    0x00, 0x00, 0x00, 0x00, 0x00, 0x00, 0x00, 0x00, 0x00, 0x0E, 0x00, 0x1F, 0xF0, 0x1F, 0xFE, 0x0F,
    0xFF, 0xC3, 0xFF, 0xF9, 0xF8, 0x7E, 0x7C, 0x0F, 0xFF, 0x03, 0xFF, 0xC0, 0xFF, 0xFF, 0xFF, 0xFF,
    0xFF, 0xFF, 0xFF, 0xFF, 0xC0, 0x03, 0xF0, 0x00, 0xFC, 0x00, 0x1F, 0x80, 0x07, 0xE0, 0x70, 0xFF,
    0xFC, 0x3F, 0xFF, 0x87, 0xFF, 0xC0, 0x7F, 0xE0, 0x03, 0x80, 0x00, 0x06, 0x01, 0xF0, 0x3F, 0x0F,
    0xF8, 0x7F, 0x83, 0xF0, 0x0C, 0x00, 0x00, 0x00, 0x00, 0x00, 0x03, 0xF0, 0x7E, 0x0F, 0xC1, 0xF8,
    0x3F, 0x07, 0xE0, 0xFC, 0x1F, 0x83, 0xF0, 0x7E, 0x0F, 0xC1, 0xF8, 0x3F, 0x07, 0xE0, 0xFC, 0x1F,
    0x83, 0xF0, 0x7E, 0x0F, 0xC1, 0xF8, 0x00, 0x00, 0x30, 0x1F, 0x07, 0xE3, 0xFE, 0xFF, 0x1F, 0x83,
    0x80, 0x00, 0x00, 0x00, 0x00, 0x00, 0x01, 0xF8, 0x3F, 0x07, 0xE0, 0xFC, 0x1F, 0x83, 0xF0, 0x7E,
    0x0F, 0xC1, 0xF8, 0x3F, 0x07, 0xE0, 0xFC, 0x1F, 0x83, 0xF0, 0x7E, 0x0F, 0xC1, 0xF8, 0x3F, 0x07,
    0xE0, 0xFC, 0x03, 0xC0, 0x0F, 0xC0, 0x3F, 0xC0, 0xFF, 0xC3, 0xFF, 0xCF, 0xCF, 0xDE, 0x0F, 0x18,
    0x04, 0x00, 0x00, 0x00, 0x00, 0x00, 0x00, 0x00, 0x00, 0x7E, 0x00, 0xFC, 0x01, 0xF8, 0x03, 0xF0,
    0x07, 0xE0, 0x0F, 0xC0, 0x1F, 0x80, 0x3F, 0x00, 0x7E, 0x00, 0xFC, 0x01, 0xF8, 0x03, 0xF0, 0x07,
    0xE0, 0x0F, 0xC0, 0x1F, 0x80, 0x3F, 0x00, 0x7E, 0x00, 0xFC, 0x01, 0xF8, 0x03, 0xF0, 0x70, 0x3B,
    0xE1, 0xFF, 0xCF, 0xFF, 0x3F, 0xF8, 0x7D, 0xC0, 0xE0, 0x00, 0x00, 0x00, 0x00, 0x00, 0x00, 0x00,
    0x00, 0x03, 0xF0, 0x0F, 0xC0, 0x3F, 0x00, 0xFC, 0x03, 0xF0, 0x0F, 0xC0, 0x3F, 0x00, 0xFC, 0x03,
    0xF0, 0x0F, 0xC0, 0x3F, 0x00, 0xFC, 0x03, 0xF0, 0x0F, 0xC0, 0x3F, 0x00, 0xFC, 0x03, 0xF0, 0x0F,
    0xC0, 0x3F, 0x00, 0xFC, 0x00, 0x00, 0x00, 0x07, 0xC7, 0x07, 0xFF, 0x87, 0xFF, 0xC3, 0xFF, 0xC1,
    0xC7, 0xC0, 0x00, 0x00, 0x00, 0x00, 0x00, 0x00, 0x00, 0x00, 0x00, 0x0E, 0x1F, 0x1F, 0xCF, 0xBF,
    0xF7, 0xFF, 0xFF, 0xFF, 0xFF, 0xFC, 0x3F, 0xFC, 0x1F, 0xFE, 0x0F, 0xFF, 0x07, 0xFF, 0x83, 0xFF,
    0xC1, 0xFF, 0xE0, 0xFF, 0xF0, 0x7F, 0xF8, 0x3F, 0xFC, 0x1F, 0xFE, 0x0F, 0xFF, 0x07, 0xFF, 0x83,
    0xFF, 0xC1, 0xFF, 0xE0, 0xFF, 0xF0, 0x7E, 0x00, 0x00, 0x00, 0x60, 0x00, 0x0F, 0x00, 0x03, 0xF8,
    0x00, 0x7F, 0x80, 0x07, 0xFC, 0x00, 0x3F, 0x80, 0x00, 0xE0, 0x00, 0x00, 0x00, 0x00, 0x00, 0x00,
    0x00, 0x00, 0x70, 0x00, 0x7F, 0xC0, 0x3F, 0xFE, 0x0F, 0xFF, 0xE1, 0xFF, 0xFC, 0x7E, 0x0F, 0xCF,
    0x80, 0xFB, 0xF0, 0x1F, 0xFE, 0x03, 0xFF, 0xC0, 0x7F, 0xF8, 0x0F, 0xFF, 0x01, 0xFF, 0xE0, 0x3F,
    0xFC, 0x07, 0xFF, 0x80, 0xFD, 0xF0, 0x1F, 0x3F, 0x07, 0xE3, 0xFF, 0xF8, 0x7F, 0xFF, 0x07, 0xFF,
    0xC0, 0x3F, 0xE0, 0x00, 0xE0, 0x00, 0x00, 0x00, 0x00, 0x03, 0x00, 0x01, 0xE0, 0x00, 0xFE, 0x00,
    0x3F, 0xC0, 0x1F, 0xF0, 0x01, 0xF8, 0x00, 0x38, 0x00, 0x00, 0x00, 0x00, 0x00, 0x00, 0x00, 0x00,
    0x00, 0x70, 0x00, 0x7F, 0xC0, 0x3F, 0xFE, 0x0F, 0xFF, 0xE1, 0xFF, 0xFC, 0x7E, 0x0F, 0xCF, 0x80,
    0xFB, 0xF0, 0x1F, 0xFE, 0x03, 0xFF, 0xC0, 0x7F, 0xF8, 0x0F, 0xFF, 0x01, 0xFF, 0xE0, 0x3F, 0xFC,
    0x07, 0xFF, 0x80, 0xFD, 0xF0, 0x1F, 0x3F, 0x07, 0xE3, 0xFF, 0xF8, 0x7F, 0xFF, 0x07, 0xFF, 0xC0,
    0x3F, 0xE0, 0x00, 0xE0, 0x00, 0x00, 0xE0, 0x00, 0x3E, 0x00, 0x0F, 0xE0, 0x03, 0xFE, 0x00, 0xFF,
    0xE0, 0x3F, 0x7E, 0x07, 0x83, 0xC0, 0x60, 0x30, 0x00, 0x00, 0x00, 0x00, 0x00, 0x00, 0x00, 0x00,
    0x70, 0x00, 0x7F, 0xC0, 0x3F, 0xFE, 0x0F, 0xFF, 0xE1, 0xFF, 0xFC, 0x7E, 0x0F, 0xCF, 0x80, 0xFB,
    0xF0, 0x1F, 0xFE, 0x03, 0xFF, 0xC0, 0x7F, 0xF8, 0x0F, 0xFF, 0x01, 0xFF, 0xE0, 0x3F, 0xFC, 0x07,
    0xFF, 0x80, 0xFD, 0xF0, 0x1F, 0x3F, 0x07, 0xE3, 0xFF, 0xF8, 0x7F, 0xFF, 0x07, 0xFF, 0xC0, 0x3F,
    0xE0, 0x00, 0xE0, 0x00, 0x07, 0xC7, 0x01, 0xFF, 0xE0, 0x7F, 0xFC, 0x0F, 0xFF, 0x01, 0xC7, 0xC0,
    0x00, 0x00, 0x00, 0x00, 0x00, 0x00, 0x00, 0x00, 0x00, 0x00, 0x1C, 0x00, 0x1F, 0xF0, 0x0F, 0xFF,
    0x83, 0xFF, 0xF8, 0x7F, 0xFF, 0x1F, 0x83, 0xF3, 0xE0, 0x3E, 0xFC, 0x07, 0xFF, 0x80, 0xFF, 0xF0,
    0x1F, 0xFE, 0x03, 0xFF, 0xC0, 0x7F, 0xF8, 0x0F, 0xFF, 0x01, 0xFF, 0xE0, 0x3F, 0x7C, 0x07, 0xCF,
    0xC1, 0xF8, 0xFF, 0xFE, 0x1F, 0xFF, 0xC1, 0xFF, 0xF0, 0x0F, 0xF8, 0x00, 0x38, 0x00, 0x0E, 0x0E,
    0x03, 0xE3, 0xE0, 0xFC, 0x7E, 0x1F, 0x8F, 0xC1, 0xF1, 0xF0, 0x1C, 0x1C, 0x00, 0x00, 0x00, 0x00,
    0x00, 0x00, 0x00, 0x00, 0x00, 0x00, 0x03, 0x80, 0x03, 0xFE, 0x01, 0xFF, 0xF0, 0x7F, 0xFF, 0x0F,
    0xFF, 0xE3, 0xF0, 0x7E, 0x7C, 0x07, 0xDF, 0x80, 0xFF, 0xF0, 0x1F, 0xFE, 0x03, 0xFF, 0xC0, 0x7F,
    0xF8, 0x0F, 0xFF, 0x01, 0xFF, 0xE0, 0x3F, 0xFC, 0x07, 0xEF, 0x80, 0xF9, 0xF8, 0x3F, 0x1F, 0xFF,
    0xC3, 0xFF, 0xF8, 0x3F, 0xFE, 0x01, 0xFF, 0x00, 0x07, 0x00, 0x00, 0x00, 0x00, 0x01, 0x80, 0x00,
    0x3C, 0x00, 0x0F, 0x80, 0x01, 0xE0, 0x01, 0xFC, 0x01, 0xFF, 0x80, 0xFF, 0xF8, 0x3F, 0xFF, 0x87,
    0xFF, 0xF1, 0xF8, 0xFF, 0x3F, 0x3B, 0xEF, 0xC7, 0x7F, 0xF8, 0xEF, 0xFF, 0x19, 0xFF, 0xE7, 0x3F,
    0xFC, 0xE7, 0xFF, 0x98, 0xFF, 0xF7, 0x1F, 0xFE, 0xE3, 0xF7, 0xDC, 0xFC, 0xFF, 0x1F, 0x8F, 0xFF,
    0xE1, 0xFF, 0xFC, 0x0F, 0xFF, 0x01, 0xFF, 0x80, 0x3F, 0x80, 0x07, 0x80, 0x01, 0xF0, 0x00, 0x3C,
    0x00, 0x01, 0x80, 0x00, 0x00, 0x00, 0x00, 0x00, 0x03, 0x80, 0x01, 0xE0, 0x01, 0xFC, 0x00, 0xFF,
    0x00, 0x3F, 0xC0, 0x03, 0xE0, 0x00, 0x70, 0x00, 0x00, 0x00, 0x00, 0x00, 0x00, 0x00, 0x00, 0x0F,
    0xC1, 0xFF, 0xE0, 0xFF, 0xF0, 0x7F, 0xF8, 0x3F, 0xFC, 0x1F, 0xFE, 0x0F, 0xFF, 0x07, 0xFF, 0x83,
    0xFF, 0xC1, 0xFF, 0xE0, 0xFF, 0xF0, 0x7F, 0xF8, 0x3F, 0xFC, 0x1F, 0xFE, 0x0F, 0xFF, 0x0F, 0xFF,
    0x87, 0xFF, 0xFF, 0xFF, 0xFF, 0xFD, 0xFF, 0xFE, 0x7F, 0x1F, 0x0E, 0x00, 0x00, 0x00, 0x00, 0x00,
    0x38, 0x00, 0x3C, 0x00, 0x7F, 0x00, 0x7F, 0x80, 0xFF, 0x80, 0x3E, 0x00, 0x1C, 0x00, 0x00, 0x00,
    0x00, 0x00, 0x00, 0x00, 0x00, 0x00, 0x0F, 0xC1, 0xFF, 0xE0, 0xFF, 0xF0, 0x7F, 0xF8, 0x3F, 0xFC,
    0x1F, 0xFE, 0x0F, 0xFF, 0x07, 0xFF, 0x83, 0xFF, 0xC1, 0xFF, 0xE0, 0xFF, 0xF0, 0x7F, 0xF8, 0x3F,
    0xFC, 0x1F, 0xFE, 0x0F, 0xFF, 0x0F, 0xFF, 0x87, 0xFF, 0xFF, 0xFF, 0xFF, 0xFD, 0xFF, 0xFE, 0x7F,
    0x1F, 0x0E, 0x00, 0x00, 0x38, 0x1C, 0x3E, 0x1F, 0x1F, 0x9F, 0x8F, 0xCF, 0xC7, 0xC3, 0xE1, 0xC0,
    0xE0, 0x00, 0x00, 0x00, 0x00, 0x00, 0x00, 0x00, 0x00, 0x00, 0x00, 0x1F, 0x83, 0xFF, 0xC1, 0xFF,
    0xE0, 0xFF, 0xF0, 0x7F, 0xF8, 0x3F, 0xFC, 0x1F, 0xFE, 0x0F, 0xFF, 0x07, 0xFF, 0x83, 0xFF, 0xC1,
    0xFF, 0xE0, 0xFF, 0xF0, 0x7F, 0xF8, 0x3F, 0xFC, 0x1F, 0xFE, 0x1F, 0xFF, 0x0F, 0xFF, 0xFF, 0xFF,
    0xFF, 0xFB, 0xFE, 0xFC, 0xFE, 0x3E, 0x1C, 0x00, 0x00, 0x00, 0x00, 0x00, 0x60, 0x00, 0x0F, 0x00,
    0x01, 0xFC, 0x00, 0x1F, 0xE0, 0x03, 0xFE, 0x00, 0x0F, 0xC0, 0x00, 0x70, 0x00, 0x00, 0x00, 0x00,
    0x00, 0x00, 0x00, 0x00, 0x00, 0x00, 0x00, 0x07, 0xE0, 0x1F, 0x3F, 0x01, 0xF8, 0xF8, 0x0F, 0xC7,
    0xE0, 0x7C, 0x3F, 0x07, 0xE1, 0xF8, 0x3F, 0x07, 0xC1, 0xF0, 0x3F, 0x0F, 0x81, 0xF8, 0xFC, 0x07,
    0xC7, 0xC0, 0x3E, 0x3E, 0x01, 0xF1, 0xF0, 0x07, 0xDF, 0x00, 0x3E, 0xF8, 0x01, 0xF7, 0xC0, 0x07,
    0xFC, 0x00, 0x3F, 0xE0, 0x01, 0xFF, 0x00, 0x07, 0xF0, 0x00, 0x3F, 0x80, 0x00, 0x7C, 0x00, 0x07,
    0xC0, 0x00, 0x7E, 0x00, 0x07, 0xE0, 0x01, 0xFF, 0x00, 0x0F, 0xF0, 0x00, 0x7E, 0x00, 0x03, 0xC0,
    0x00, 0x1C, 0x0E, 0x03, 0xC3, 0xC0, 0x7C, 0xF8, 0x0F, 0xFF, 0x00, 0xFF, 0xC0, 0x0F, 0xF0, 0x00,
    0xFC, 0x00, 0x00, 0x00, 0x00, 0x00, 0x00, 0x00, 0x00, 0x07, 0x80, 0x0F, 0xFE, 0x03, 0xFF, 0xE0,
    0x7F, 0xFE, 0x0F, 0xFF, 0xE0, 0x00, 0xFC, 0x00, 0x1F, 0x80, 0x03, 0xF0, 0x1F, 0xFE, 0x0F, 0xFF,
    0xC3, 0xFF, 0xF8, 0xFE, 0x3F, 0x3F, 0x07, 0xE7, 0xE0, 0xFC, 0xFC, 0x1F, 0x9F, 0x83, 0xF3, 0xF0,
    0xFE, 0x7F, 0xFF, 0xE7, 0xFF, 0xFC, 0xFF, 0xEF, 0x87, 0xF0, 0xF0, 0x38, 0x00, 0x01, 0xE0, 0x03,
    0xFF, 0x80, 0xFF, 0xF8, 0x1F, 0xFF, 0x83, 0xFF, 0xF8, 0x00, 0x3F, 0x00, 0x07, 0xE0, 0x00, 0xFC,
    0x07, 0xFF, 0x83, 0xFF, 0xF0, 0xFF, 0xFE, 0x3F, 0x8F, 0xCF, 0xC1, 0xF9, 0xF8, 0x3F, 0x3F, 0x07,
    0xE7, 0xE0, 0xFC, 0xFC, 0x3F, 0x9F, 0xFF, 0xF9, 0xFF, 0xFF, 0x1F, 0xFB, 0xE1, 0xFE, 0x3C, 0x0E,
    0x1F, 0x00, 0x07, 0x80, 0x01, 0xE0, 0x00, 0x78, 0x00, 0x0F, 0x00, 0x01, 0xF0, 0x00, 0x3F, 0xC0,
    0x07, 0xF8, 0x00, 0x7F, 0x00, 0x07, 0xE0, 0x00, 0x00, 0x00, 0x0C, 0x00, 0x1E, 0x00, 0x3F, 0x80,
    0x3F, 0xC0, 0x7F, 0xC0, 0x1F, 0x80, 0x0E, 0x00, 0x00, 0x00, 0x00, 0x00, 0x00, 0x00, 0x00, 0x1C,
    0x00, 0x7F, 0xC0, 0xFF, 0xF8, 0xFF, 0xFC, 0x7F, 0xFC, 0x7E, 0x04, 0x3F, 0x00, 0x3F, 0x00, 0x1F,
    0x80, 0x0F, 0xC0, 0x07, 0xE0, 0x03, 0xF0, 0x01, 0xF8, 0x00, 0xFC, 0x00, 0x7E, 0x00, 0x1F, 0x00,
    0x0F, 0xC0, 0x83, 0xFF, 0xE1, 0xFF, 0xF8, 0x7F, 0xFC, 0x0F, 0xF8, 0x00, 0xE0, 0x00, 0x00, 0x00,
    0x00, 0x30, 0x18, 0x07, 0x83, 0xC0, 0x7E, 0xFC, 0x03, 0xFF, 0x80, 0x1F, 0xF0, 0x00, 0xFE, 0x00,
    0x07, 0xC0, 0x00, 0x00, 0x00, 0x03, 0x80, 0x01, 0xFF, 0x00, 0x7F, 0xFC, 0x0F, 0xFF, 0xE1, 0xFF,
    0xFC, 0x3F, 0x81, 0x83, 0xF0, 0x00, 0x7E, 0x00, 0x07, 0xE0, 0x00, 0xFC, 0x00, 0x0F, 0xC0, 0x00,
    0xFC, 0x00, 0x0F, 0xC0, 0x00, 0xFC, 0x00, 0x0F, 0xC0, 0x00, 0xFC, 0x00, 0x0F, 0xC0, 0x00, 0xFC,
    0x00, 0x0F, 0xC0, 0x00, 0xFC, 0x00, 0x07, 0xE0, 0x00, 0x7E, 0x00, 0x03, 0xF0, 0x08, 0x3F, 0x81,
    0xC1, 0xFF, 0xFE, 0x0F, 0xFF, 0xE0, 0x7F, 0xFC, 0x03, 0xFF, 0x00, 0x03, 0x80, 0x00, 0x00, 0x06,
    0x03, 0x07, 0x87, 0xC3, 0xF7, 0xE0, 0xFF, 0xE0, 0x3F, 0xE0, 0x0F, 0xE0, 0x03, 0xE0, 0x00, 0x00,
    0x00, 0x00, 0x00, 0x00, 0x00, 0x1C, 0x00, 0x7F, 0xC0, 0xFF, 0xF8, 0xFF, 0xFC, 0x7F, 0xFC, 0x7E,
    0x04, 0x3F, 0x00, 0x3F, 0x00, 0x1F, 0x80, 0x0F, 0xC0, 0x07, 0xE0, 0x03, 0xF0, 0x01, 0xF8, 0x00,
    0xFC, 0x00, 0x7E, 0x00, 0x1F, 0x00, 0x0F, 0xC0, 0x83, 0xFF, 0xE1, 0xFF, 0xF8, 0x7F, 0xFC, 0x0F,
    0xF8, 0x00, 0xE0, 0x00, 0x00, 0x00, 0x01, 0x80, 0xC0, 0x3C, 0x1E, 0x03, 0xF7, 0xE0, 0x1F, 0xFC,
    0x00, 0xFF, 0x80, 0x07, 0xF0, 0x00, 0x3E, 0x00, 0x00, 0x00, 0x00, 0x00, 0x00, 0xFF, 0xF0, 0x0F,
    0xFF, 0xC0, 0xFF, 0xFF, 0x0F, 0xFF, 0xF8, 0xFC, 0x3F, 0xCF, 0xC0, 0xFE, 0xFC, 0x07, 0xEF, 0xC0,
    0x7E, 0xFC, 0x03, 0xFF, 0xC0, 0x3F, 0xFC, 0x03, 0xFF, 0xC0, 0x3F, 0xFC, 0x03, 0xFF, 0xC0, 0x3F,
    0xFC, 0x03, 0xFF, 0xC0, 0x3F, 0xFC, 0x03, 0xFF, 0xC0, 0x3F, 0xFC, 0x03, 0xFF, 0xC0, 0x7E, 0xFC,
    0x07, 0xEF, 0xC0, 0xFC, 0xFC, 0x3F, 0xCF, 0xFF, 0xF8, 0xFF, 0xFF, 0x0F, 0xFF, 0xC0, 0xFF, 0xF0,
    0x00, 0x00, 0x06, 0x06, 0x00, 0x01, 0xF9, 0xE0, 0x00, 0x7E, 0x78, 0x00, 0x1F, 0x9E, 0x00, 0x07,
    0xE7, 0x00, 0x01, 0xFB, 0xC0, 0x00, 0x7E, 0xF0, 0x00, 0x1F, 0xBC, 0x01, 0x87, 0xEE, 0x03, 0xFD,
    0xF8, 0x01, 0xFF, 0xFE, 0x00, 0xFF, 0xFF, 0x80, 0x7F, 0xFF, 0xE0, 0x1F, 0x83, 0xF8, 0x07, 0xE0,
    0x7E, 0x03, 0xF0, 0x1F, 0x80, 0xFC, 0x07, 0xE0, 0x3F, 0x01, 0xF8, 0x0F, 0xC0, 0x7E, 0x03, 0xF0,
    0x1F, 0x80, 0xFC, 0x07, 0xE0, 0x3F, 0x01, 0xF8, 0x0F, 0xC0, 0x7E, 0x03, 0xF0, 0x1F, 0x80, 0x7E,
    0x0F, 0xE0, 0x1F, 0xFF, 0xF8, 0x03, 0xFF, 0xFE, 0x00, 0x7F, 0xFF, 0x80, 0x0F, 0xE7, 0xE0, 0x00,
    0xE0, 0x00, 0x00, 0x3F, 0xFC, 0x00, 0x7F, 0xFF, 0x00, 0xFF, 0xFF, 0x81, 0xFF, 0xFF, 0x83, 0xF0,
    0xFF, 0x87, 0xE0, 0x3F, 0x0F, 0xC0, 0x7F, 0x1F, 0x80, 0x7E, 0x3F, 0x00, 0xFC, 0x7E, 0x00, 0xF8,
    0xFC, 0x01, 0xFF, 0xFF, 0xC3, 0xFF, 0xFF, 0x87, 0xFF, 0xFF, 0x0F, 0xFF, 0xFE, 0x1F, 0x9F, 0x80,
    0x3F, 0x3F, 0x00, 0x7C, 0x7E, 0x00, 0xF8, 0xFC, 0x03, 0xF1, 0xF8, 0x07, 0xE3, 0xF0, 0x1F, 0x87,
    0xE0, 0x7F, 0x0F, 0xC3, 0xFC, 0x1F, 0xFF, 0xF8, 0x3F, 0xFF, 0xC0, 0x7F, 0xFF, 0x00, 0xFF, 0xF0,
    0x00, 0x00, 0x07, 0x80, 0x00, 0x3F, 0x00, 0x01, 0xF8, 0x01, 0xFF, 0xF0, 0x0F, 0xFF, 0x80, 0x7F,
    0xFC, 0x00, 0x1F, 0x80, 0x00, 0xFC, 0x00, 0x07, 0xE0, 0x0C, 0x3F, 0x03, 0xFD, 0xF8, 0x3F, 0xFF,
    0xC3, 0xFF, 0xFE, 0x3F, 0xFF, 0xF1, 0xF8, 0x3F, 0x8F, 0xC0, 0xFC, 0xFC, 0x07, 0xE7, 0xE0, 0x3F,
    0x3F, 0x01, 0xF9, 0xF8, 0x0F, 0xCF, 0xC0, 0x7E, 0x7E, 0x03, 0xF3, 0xF0, 0x1F, 0x9F, 0x80, 0xFC,
    0xFC, 0x07, 0xE3, 0xF0, 0x7F, 0x1F, 0xFF, 0xF8, 0x7F, 0xFF, 0xC1, 0xFF, 0xFE, 0x07, 0xF3, 0xF0,
    0x0E, 0x00, 0x00, 0x03, 0xC0, 0x07, 0xE0, 0x07, 0xE0, 0x07, 0xE0, 0x07, 0xE0, 0x03, 0xC0, 0x00,
    0x00, 0x00, 0x00, 0x00, 0x00, 0xFF, 0xFE, 0xFF, 0xFE, 0xFF, 0xFE, 0xFF, 0xFE, 0xFC, 0x00, 0xFC,
    0x00, 0xFC, 0x00, 0xFC, 0x00, 0xFC, 0x00, 0xFC, 0x00, 0xFC, 0x00, 0xFF, 0xFC, 0xFF, 0xFC, 0xFF,
    0xFC, 0xFF, 0xFC, 0xFC, 0x00, 0xFC, 0x00, 0xFC, 0x00, 0xFC, 0x00, 0xFC, 0x00, 0xFC, 0x00, 0xFC,
    0x00, 0xFC, 0x00, 0xFF, 0xFF, 0xFF, 0xFF, 0xFF, 0xFF, 0xFF, 0xFF, 0x01, 0xE0, 0x00, 0xFC, 0x00,
    0x3F, 0x00, 0x0F, 0xC0, 0x03, 0xF0, 0x00, 0x78, 0x00, 0x00, 0x00, 0x00, 0x00, 0x00, 0x00, 0x00,
    0x00, 0x00, 0x0E, 0x00, 0x1F, 0xF0, 0x1F, 0xFE, 0x0F, 0xFF, 0xC3, 0xFF, 0xF9, 0xF8, 0x7E, 0x7C,
    0x0F, 0xFF, 0x03, 0xFF, 0xC0, 0xFF, 0xFF, 0xFF, 0xFF, 0xFF, 0xFF, 0xFF, 0xFF, 0xC0, 0x03, 0xF0,
    0x00, 0xFC, 0x00, 0x1F, 0x80, 0x07, 0xE0, 0x70, 0xFF, 0xFC, 0x3F, 0xFF, 0x87, 0xFF, 0xC0, 0x7F,
    0xE0, 0x03, 0x80, 0xFF, 0xFE, 0xFF, 0xFE, 0xFF, 0xFE, 0xFF, 0xFE, 0xFC, 0x00, 0xFC, 0x00, 0xFC,
    0x00, 0xFC, 0x00, 0xFC, 0x00, 0xFC, 0x00, 0xFC, 0x00, 0xFF, 0xFC, 0xFF, 0xFC, 0xFF, 0xFC, 0xFF,
    0xFC, 0xFC, 0x00, 0xFC, 0x00, 0xFC, 0x00, 0xFC, 0x00, 0xFC, 0x00, 0xFC, 0x00, 0xFC, 0x00, 0xFC,
    0x00, 0xFF, 0xFF, 0xFF, 0xFF, 0xFF, 0xFF, 0xFF, 0xFF, 0x00, 0xF8, 0x01, 0xF0, 0x01, 0xE0, 0x03,
    0xC0, 0x03, 0xC0, 0x03, 0xE0, 0x03, 0xFC, 0x03, 0xFC, 0x01, 0xFC, 0x00, 0xF8, 0x00, 0x00, 0x00,
    0xE0, 0x01, 0xFF, 0x01, 0xFF, 0xE0, 0xFF, 0xFC, 0x3F, 0xFF, 0x9F, 0x87, 0xE7, 0xC0, 0xFF, 0xF0,
    0x3F, 0xFC, 0x0F, 0xFF, 0x03, 0xFF, 0xFF, 0xFF, 0xFF, 0xFF, 0xFF, 0xFF, 0xFF, 0x00, 0x0F, 0xC0,
    0x03, 0xF0, 0x00, 0x7E, 0x02, 0x1F, 0xC3, 0xC3, 0xFF, 0xF8, 0x7F, 0xFE, 0x0F, 0xFF, 0x00, 0xFF,
    0x00, 0x0F, 0x00, 0x07, 0x80, 0x03, 0xC0, 0x00, 0xF0, 0x00, 0x3E, 0x00, 0x0F, 0xF0, 0x03, 0xFC,
    0x00, 0x7F, 0x00, 0x0F, 0x80, 0x00, 0x00, 0x00, 0x00, 0x30, 0x08, 0x7C, 0x3C, 0x7E, 0x7C, 0x3F,
    0xF8, 0x1F, 0xF0, 0x0F, 0xE0, 0x07, 0xC0, 0x00, 0x00, 0x00, 0x00, 0xFF, 0xFE, 0xFF, 0xFE, 0xFF,
    0xFE, 0xFF, 0xFE, 0xFC, 0x00, 0xFC, 0x00, 0xFC, 0x00, 0xFC, 0x00, 0xFC, 0x00, 0xFC, 0x00, 0xFC,
    0x00, 0xFF, 0xFC, 0xFF, 0xFC, 0xFF, 0xFC, 0xFF, 0xFC, 0xFC, 0x00, 0xFC, 0x00, 0xFC, 0x00, 0xFC,
    0x00, 0xFC, 0x00, 0xFC, 0x00, 0xFC, 0x00, 0xFC, 0x00, 0xFF, 0xFF, 0xFF, 0xFF, 0xFF, 0xFF, 0xFF,
    0xFF, 0x00, 0x00, 0x07, 0x01, 0x81, 0xE1, 0xF0, 0x7C, 0xF8, 0x0F, 0xFC, 0x01, 0xFE, 0x00, 0x3F,
    0x00, 0x07, 0x80, 0x00, 0x00, 0x00, 0x00, 0x00, 0x00, 0x00, 0x03, 0x80, 0x07, 0xFC, 0x07, 0xFF,
    0x83, 0xFF, 0xF0, 0xFF, 0xFE, 0x7E, 0x1F, 0x9F, 0x03, 0xFF, 0xC0, 0xFF, 0xF0, 0x3F, 0xFF, 0xFF,
    0xFF, 0xFF, 0xFF, 0xFF, 0xFF, 0xF0, 0x00, 0xFC, 0x00, 0x3F, 0x00, 0x07, 0xE0, 0x01, 0xF8, 0x1C,
    0x3F, 0xFF, 0x0F, 0xFF, 0xE1, 0xFF, 0xF0, 0x1F, 0xF8, 0x00, 0xE0, 0x00, 0x01, 0x01, 0x00, 0x3C,
    0x1E, 0x01, 0xF1, 0xF0, 0x07, 0xFF, 0x80, 0x3F, 0xF8, 0x00, 0xFF, 0x80, 0x01, 0xF8, 0x00, 0x00,
    0x00, 0x00, 0x1C, 0x00, 0x0F, 0xFE, 0x01, 0xFF, 0xF8, 0x1F, 0xFF, 0xF1, 0xFF, 0xFF, 0x1F, 0xC0,
    0x70, 0xFC, 0x01, 0x0F, 0xC0, 0x00, 0x7E, 0x00, 0x03, 0xE0, 0x00, 0x3F, 0x00, 0x01, 0xF8, 0x00,
    0x0F, 0xC0, 0x00, 0x7E, 0x0F, 0xFF, 0xF0, 0x7F, 0xFF, 0x83, 0xFF, 0xFC, 0x0F, 0xFF, 0xE0, 0x0F,
    0xFF, 0x00, 0x7F, 0xF8, 0x03, 0xF7, 0xC0, 0x1F, 0xBF, 0x00, 0xFD, 0xF8, 0x07, 0xE7, 0xF0, 0x3F,
    0x1F, 0xFF, 0xF8, 0xFF, 0xFF, 0xC1, 0xFF, 0xFC, 0x07, 0xFF, 0x80, 0x03, 0xC0, 0x00, 0x0E, 0x0F,
    0x00, 0x78, 0x78, 0x03, 0xC7, 0xC0, 0x1F, 0xFC, 0x00, 0x7F, 0xE0, 0x01, 0xFE, 0x00, 0x07, 0xE0,
    0x00, 0x00, 0x00, 0x00, 0x00, 0x20, 0x00, 0x03, 0x00, 0x00, 0x78, 0x01, 0xFF, 0xE0, 0x7F, 0xFF,
    0x0F, 0xFF, 0xF8, 0xFF, 0xF8, 0x0F, 0xFF, 0xE0, 0x7E, 0x0F, 0x83, 0xF0, 0x7E, 0x1F, 0x83, 0xF0,
    0xFC, 0x1F, 0x87, 0xF1, 0xFC, 0x1F, 0xFF, 0xC0, 0x7F, 0xFE, 0x01, 0xFF, 0xE0, 0x1F, 0xFC, 0x01,
    0xF0, 0x00, 0x0F, 0x80, 0x00, 0x7E, 0x00, 0x03, 0xFF, 0xF0, 0x1F, 0xFF, 0xE0, 0x7F, 0xFF, 0x80,
    0xFF, 0xFC, 0x00, 0x07, 0xF3, 0xC0, 0x1F, 0xBE, 0x00, 0xFD, 0xFC, 0x1F, 0xCF, 0xFF, 0xFE, 0x3F,
    0xFF, 0xE0, 0xFF, 0xFE, 0x01, 0xFF, 0x80, 0x00, 0x00, 0x3F, 0x38, 0xFF, 0xF9, 0xFF, 0xE7, 0xFF,
    0x8E, 0x3E, 0x00, 0x00, 0x00, 0x00, 0x00, 0x00, 0x00, 0x00, 0x00, 0x00, 0x3F, 0x00, 0x7E, 0x00,
    0xFC, 0x01, 0xF8, 0x03, 0xF0, 0x07, 0xE0, 0x0F, 0xC0, 0x1F, 0x80, 0x3F, 0x00, 0x7E, 0x00, 0xFC,
    0x01, 0xF8, 0x03, 0xF0, 0x07, 0xE0, 0x0F, 0xC0, 0x1F, 0x80, 0x3F, 0x00, 0x7E, 0x00, 0xFC, 0x01,
    0xF8, 0x00, 0x1F, 0x8F, 0xC7, 0xE3, 0xF1, 0xF8, 0xFC, 0x7E, 0x3F, 0x1F, 0x8F, 0xC7, 0xE3, 0xF1,
    0xF8, 0xFC, 0x7E, 0x3F, 0x1F, 0x8F, 0xC7, 0xE3, 0xF1, 0xF8, 0xFC, 0x7E, 0x3F, 0x1F, 0x8F, 0xC7,
    0xE7, 0xC7, 0xC3, 0xC3, 0xC1, 0xE0, 0xF8, 0x7F, 0xBF, 0xCF, 0xE3, 0xF0, 0x00, 0x0F, 0x0F, 0xC7,
    0xE3, 0xF1, 0xF8, 0x78, 0x00, 0x00, 0x00, 0x00, 0x00, 0x03, 0xF1, 0xF8, 0xFC, 0x7E, 0x3F, 0x1F,
    0x8F, 0xC7, 0xE3, 0xF1, 0xF8, 0xFC, 0x7E, 0x3F, 0x1F, 0x8F, 0xC7, 0xE3, 0xF1, 0xF8, 0xFC, 0x7E,
    0x7E, 0x7C, 0x3C, 0x3C, 0x1E, 0x0F, 0x87, 0xFB, 0xFC, 0xFE, 0x3F, 0x00, 0x00, 0x7B, 0xFF, 0xFF,
    0xFD, 0xE0, 0x00, 0x03, 0xFF, 0xFF, 0xFF, 0xFF, 0xFF, 0xFF, 0xFF, 0xFF, 0xFF, 0xFF, 0xFF, 0xFF,
    0xFF, 0xFF, 0xFF, 0xFF, 0xFF, 0xFF, 0xFF, 0xFF, 0xFF, 0xFF, 0xFF, 0xFF, 0xFF, 0xFF, 0xFF, 0xFF,
    0xFF, 0xFF, 0xFF, 0xFF, 0xFF, 0xFF, 0xFF, 0x00, 0x00, 0x08, 0x03, 0xC0, 0xFC, 0x3F, 0xE7, 0xFC,
    0x7E, 0x07, 0x80, 0x00, 0x00, 0x00, 0x1F, 0x81, 0xF8, 0x1F, 0x81, 0xF8, 0x1F, 0x81, 0xF8, 0x1F,
    0x81, 0xF8, 0x1F, 0x81, 0xF8, 0x1F, 0x81, 0xF8, 0x1F, 0x81, 0xF8, 0x1F, 0x81, 0xF8, 0x1F, 0x81,
    0xF8, 0x1F, 0x81, 0xF8, 0x1F, 0x81, 0xF8, 0x1F, 0x81, 0xF8, 0x1F, 0x81, 0xFE, 0x1F, 0xE0, 0xFE,
    0x07, 0xF0, 0x1C, 0x00, 0x80, 0xFC, 0xF0, 0xFC, 0xF0, 0xFC, 0xF0, 0xFC, 0xE0, 0xFD, 0xE0, 0xFD,
    0xE0, 0xFD, 0xE0, 0xFD, 0xE0, 0xFC, 0x00, 0xFC, 0x00, 0xFC, 0x00, 0xFC, 0x00, 0xFC, 0x00, 0xFC,
    0x00, 0xFC, 0x00, 0xFC, 0x00, 0xFC, 0x00, 0xFC, 0x00, 0xFC, 0x00, 0xFC, 0x00, 0xFC, 0x00, 0xFC,
    0x00, 0xFC, 0x00, 0xFF, 0xFF, 0xFF, 0xFF, 0xFF, 0xFF, 0xFF, 0xFE, 0xFC, 0xF7, 0xE7, 0xBF, 0x3D,
    0xFB, 0xCF, 0xDE, 0x7E, 0xF3, 0xF7, 0x9F, 0xB8, 0xFC, 0xC7, 0xE0, 0x3F, 0x01, 0xF8, 0x0F, 0xC0,
    0x7E, 0x03, 0xF0, 0x1F, 0x80, 0xFC, 0x07, 0xE0, 0x3F, 0x01, 0xF8, 0x0F, 0xC0, 0x7E, 0x03, 0xF0,
    0x1F, 0x80, 0xFC, 0x07, 0xF8, 0x3F, 0xC0, 0xFE, 0x03, 0xF8, 0x07, 0x00, 0x0F, 0xC0, 0x00, 0xFC,
    0x00, 0x0F, 0xC0, 0x00, 0xFC, 0x00, 0x0F, 0xC0, 0x00, 0xFC, 0x00, 0x0F, 0xC0, 0x00, 0xFC, 0x20,
    0x0F, 0xCF, 0x00, 0xFD, 0xF0, 0x0F, 0xFF, 0x00, 0xFF, 0xE0, 0x0F, 0xF8, 0x00, 0xFF, 0x00, 0x1F,
    0xC0, 0x07, 0xFC, 0x00, 0x7F, 0xC0, 0x07, 0xFC, 0x00, 0x3F, 0xC0, 0x00, 0xFC, 0x00, 0x0F, 0xC0,
    0x00, 0xFC, 0x00, 0x0F, 0xC0, 0x00, 0xFF, 0xFF, 0x0F, 0xFF, 0xF0, 0xFF, 0xFF, 0x0F, 0xFF, 0xE0,
    0x0F, 0xC0, 0x1F, 0x80, 0x3F, 0x00, 0x7E, 0x00, 0xFC, 0x01, 0xF8, 0x03, 0xF0, 0x07, 0xE0, 0x0F,
    0xC0, 0x1F, 0x80, 0x3F, 0xE0, 0x7F, 0xE0, 0xFF, 0xC1, 0xFF, 0x03, 0xF8, 0x1F, 0xE0, 0x7F, 0xC0,
    0xFF, 0x80, 0xFF, 0x00, 0x7E, 0x00, 0xFC, 0x01, 0xF8, 0x03, 0xF0, 0x07, 0xE0, 0x0F, 0xC0, 0x1F,
    0xE0, 0x3F, 0xC0, 0x3F, 0x80, 0x3F, 0x80, 0x1C, 0x00, 0x00, 0x00, 0x00, 0x18, 0x00, 0x3C, 0x00,
    0x3F, 0x00, 0x7F, 0x80, 0x7F, 0x80, 0x3F, 0x00, 0x1C, 0x00, 0x00, 0x00, 0x00, 0x00, 0x00, 0x00,
    0x00, 0x07, 0x0F, 0x8F, 0xE7, 0xDF, 0xFB, 0xFF, 0xFF, 0xFF, 0xFF, 0xFE, 0x1F, 0xFE, 0x0F, 0xFF,
    0x07, 0xFF, 0x83, 0xFF, 0xC1, 0xFF, 0xE0, 0xFF, 0xF0, 0x7F, 0xF8, 0x3F, 0xFC, 0x1F, 0xFE, 0x0F,
    0xFF, 0x07, 0xFF, 0x83, 0xFF, 0xC1, 0xFF, 0xE0, 0xFF, 0xF0, 0x7F, 0xF8, 0x3F, 0x10, 0x04, 0x1E,
    0x0F, 0x0F, 0x8F, 0x83, 0xFF, 0xC0, 0xFF, 0x80, 0x3F, 0x80, 0x0F, 0x80, 0x03, 0x80, 0x00, 0x00,
    0x00, 0x00, 0x00, 0x0E, 0x1F, 0x1F, 0xCF, 0xBF, 0xF7, 0xFF, 0xFF, 0xFF, 0xFF, 0xFC, 0x3F, 0xFC,
    0x1F, 0xFE, 0x0F, 0xFF, 0x07, 0xFF, 0x83, 0xFF, 0xC1, 0xFF, 0xE0, 0xFF, 0xF0, 0x7F, 0xF8, 0x3F,
    0xFC, 0x1F, 0xFE, 0x0F, 0xFF, 0x07, 0xFF, 0x83, 0xFF, 0xC1, 0xFF, 0xE0, 0xFF, 0xF0, 0x7E, 0x00,
    0x00, 0x00, 0x08, 0x20, 0x03, 0xCE, 0x00, 0x79, 0xE0, 0x1E, 0x7C, 0x03, 0xCF, 0x00, 0xF3, 0xC0,
    0x1C, 0xF0, 0x03, 0x8E, 0x00, 0x00, 0x80, 0x00, 0x00, 0x00, 0x70, 0x00, 0x7F, 0xC0, 0x3F, 0xFE,
    0x0F, 0xFF, 0xE1, 0xFF, 0xFC, 0x7E, 0x0F, 0xCF, 0x80, 0xFB, 0xF0, 0x1F, 0xFE, 0x03, 0xFF, 0xC0,
    0x7F, 0xF8, 0x0F, 0xFF, 0x01, 0xFF, 0xE0, 0x3F, 0xFC, 0x07, 0xFF, 0x80, 0xFD, 0xF0, 0x1F, 0x3F,
    0x07, 0xE3, 0xFF, 0xF8, 0x7F, 0xFF, 0x07, 0xFF, 0xC0, 0x3F, 0xE0, 0x00, 0xE0, 0x00, 0x00, 0x00,
    0x06, 0x00, 0xF0, 0x1F, 0xC1, 0xFE, 0x3F, 0xE1, 0xFC, 0x07, 0x00, 0x00, 0x00, 0x00, 0x00, 0x00,
    0x00, 0x6F, 0x9F, 0x7D, 0xFB, 0xEF, 0xDF, 0xFE, 0xFF, 0xF7, 0xF8, 0x3F, 0x81, 0xF8, 0x0F, 0xC0,
    0x7E, 0x03, 0xF0, 0x1F, 0x80, 0xFC, 0x07, 0xE0, 0x3F, 0x01, 0xF8, 0x0F, 0xC0, 0x7E, 0x03, 0xF0,
    0x1F, 0x80, 0x00, 0x00, 0x00, 0xC0, 0x60, 0x0F, 0x07, 0x80, 0x7E, 0xFC, 0x01, 0xFF, 0xC0, 0x07,
    0xFC, 0x00, 0x1F, 0xC0, 0x00, 0x7C, 0x00, 0x00, 0x00, 0x00, 0x00, 0x00, 0x3F, 0xFE, 0x01, 0xFF,
    0xFC, 0x0F, 0xFF, 0xF0, 0x7F, 0xFF, 0xC3, 0xF0, 0xFF, 0x1F, 0x81, 0xF8, 0xFC, 0x07, 0xC7, 0xE0,
    0x3F, 0x3F, 0x01, 0xF9, 0xF8, 0x0F, 0xCF, 0xC0, 0x7C, 0x7E, 0x07, 0xE3, 0xF0, 0xFF, 0x1F, 0xFF,
    0xF0, 0xFF, 0xFF, 0x07, 0xFF, 0xF0, 0x3F, 0xFF, 0x01, 0xF8, 0xFC, 0x0F, 0xC7, 0xE0, 0x7E, 0x1F,
    0x83, 0xF0, 0xFC, 0x1F, 0x83, 0xF0, 0xFC, 0x1F, 0xC7, 0xE0, 0x7E, 0x3F, 0x03, 0xF9, 0xF8, 0x0F,
    0xCF, 0xC0, 0x3F, 0x00, 0x20, 0x08, 0xF0, 0x7B, 0xF1, 0xF3, 0xFF, 0xC3, 0xFF, 0x03, 0xFC, 0x01,
    0xF0, 0x01, 0xC0, 0x00, 0x00, 0x00, 0x00, 0x00, 0x63, 0xE7, 0xC7, 0xDF, 0x8F, 0xBF, 0x1F, 0xFE,
    0x3F, 0xFC, 0x7F, 0x80, 0xFE, 0x01, 0xF8, 0x03, 0xF0, 0x07, 0xE0, 0x0F, 0xC0, 0x1F, 0x80, 0x3F,
    0x00, 0x7E, 0x00, 0xFC, 0x01, 0xF8, 0x03, 0xF0, 0x07, 0xE0, 0x0F, 0xC0, 0x1F, 0x80, 0x00, 0x00,
    0x00, 0x00, 0x00, 0x70, 0x00, 0x0F, 0xC0, 0x00, 0xFE, 0x00, 0x1F, 0xF0, 0x01, 0xFE, 0x00, 0x07,
    0x80, 0x00, 0x30, 0x00, 0x00, 0x00, 0x00, 0x01, 0xC0, 0x00, 0xFF, 0xE0, 0x0F, 0xFF, 0x80, 0xFF,
    0xFF, 0x0F, 0xFF, 0xF0, 0xFE, 0x07, 0x87, 0xE0, 0x08, 0x3F, 0x00, 0x01, 0xF8, 0x00, 0x0F, 0xE0,
    0x00, 0x7F, 0x80, 0x01, 0xFF, 0x80, 0x0F, 0xFF, 0x80, 0x3F, 0xFE, 0x00, 0xFF, 0xFC, 0x01, 0xFF,
    0xE0, 0x01, 0xFF, 0x80, 0x01, 0xFC, 0x00, 0x07, 0xF0, 0x00, 0x1F, 0x80, 0x00, 0xFC, 0x00, 0x07,
    0xE3, 0x00, 0x7E, 0x3E, 0x07, 0xF3, 0xFF, 0xFF, 0x1F, 0xFF, 0xF8, 0x3F, 0xFF, 0x80, 0x7F, 0xF0,
    0x00, 0x38, 0x00, 0x00, 0x00, 0x00, 0x18, 0x00, 0x1E, 0x00, 0x3F, 0x00, 0x7F, 0xC0, 0x7F, 0xC0,
    0x3F, 0x00, 0x0E, 0x00, 0x00, 0x00, 0x00, 0x00, 0x00, 0x00, 0x00, 0x1C, 0x00, 0xFF, 0xC0, 0xFF,
    0xF8, 0xFF, 0xFC, 0xFF, 0xFC, 0x7E, 0x06, 0x3F, 0x00, 0x1F, 0x80, 0x0F, 0xF0, 0x03, 0xFF, 0x80,
    0xFF, 0xF0, 0x3F, 0xFC, 0x03, 0xFE, 0x00, 0x3F, 0x80, 0x0F, 0xC0, 0x07, 0xE7, 0x03, 0xF7, 0xFF,
    0xFF, 0xFF, 0xF9, 0xFF, 0xF8, 0x3F, 0xF0, 0x01, 0xC0, 0x00, 0x00, 0x38, 0x00, 0x1F, 0xFC, 0x01,
    0xFF, 0xF0, 0x1F, 0xFF, 0xE1, 0xFF, 0xFE, 0x1F, 0xC0, 0xE0, 0xFC, 0x02, 0x07, 0xE0, 0x00, 0x3F,
    0x00, 0x01, 0xFC, 0x00, 0x0F, 0xF0, 0x00, 0x3F, 0xF0, 0x01, 0xFF, 0xF0, 0x07, 0xFF, 0xC0, 0x0F,
    0xFF, 0x80, 0x1F, 0xFC, 0x00, 0x1F, 0xF0, 0x00, 0x3F, 0x80, 0x00, 0xFE, 0x00, 0x03, 0xF0, 0x00,
    0x1F, 0x80, 0x00, 0xFC, 0x70, 0x0F, 0xC7, 0xE0, 0xFE, 0x7F, 0xFF, 0xE1, 0xFF, 0xFE, 0x07, 0xFF,
    0xE0, 0x0F, 0xFE, 0x00, 0x07, 0x00, 0x00, 0x38, 0x00, 0x01, 0xF8, 0x00, 0x0F, 0xE0, 0x00, 0x1F,
    0x00, 0x00, 0x78, 0x00, 0x7F, 0xC0, 0x03, 0xFC, 0x00, 0x0F, 0xC0, 0x00, 0x00, 0xE0, 0x07, 0xFE,
    0x07, 0xFF, 0xC7, 0xFF, 0xE7, 0xFF, 0xE3, 0xF0, 0x31, 0xF8, 0x00, 0xFC, 0x00, 0x7F, 0x80, 0x1F,
    0xF8, 0x07, 0xFF, 0x01, 0xFF, 0xC0, 0x3F, 0xF0, 0x03, 0xFC, 0x00, 0x7E, 0x00, 0x3F, 0x30, 0x1F,
    0xBE, 0x1F, 0xFF, 0xFF, 0xDF, 0xFF, 0xE3, 0xFF, 0xC0, 0x7F, 0xC0, 0x07, 0x00, 0x03, 0xC0, 0x01,
    0xF8, 0x00, 0xFE, 0x00, 0x1F, 0x00, 0x07, 0x80, 0x7F, 0xC0, 0x3F, 0xC0, 0x0F, 0xC0, 0x00, 0x00,
    0x00, 0x10, 0x0C, 0x01, 0xE0, 0xF0, 0x0F, 0xDF, 0x80, 0x3F, 0xF8, 0x00, 0xFF, 0x80, 0x03, 0xF8,
    0x00, 0x0F, 0x80, 0x00, 0x00, 0x00, 0x01, 0xC0, 0x00, 0xFF, 0xE0, 0x0F, 0xFF, 0x80, 0xFF, 0xFF,
    0x0F, 0xFF, 0xF0, 0xFE, 0x07, 0x87, 0xE0, 0x08, 0x3F, 0x00, 0x01, 0xF8, 0x00, 0x0F, 0xE0, 0x00,
    0x7F, 0x80, 0x01, 0xFF, 0x80, 0x0F, 0xFF, 0x80, 0x3F, 0xFE, 0x00, 0xFF, 0xFC, 0x01, 0xFF, 0xE0,
    0x01, 0xFF, 0x80, 0x01, 0xFC, 0x00, 0x07, 0xF0, 0x00, 0x1F, 0x80, 0x00, 0xFC, 0x00, 0x07, 0xE3,
    0x00, 0x7E, 0x3E, 0x07, 0xF3, 0xFF, 0xFF, 0x1F, 0xFF, 0xF8, 0x3F, 0xFF, 0x80, 0x7F, 0xF0, 0x00,
    0x38, 0x00, 0x00, 0x00, 0x0E, 0x03, 0x0F, 0x87, 0xC3, 0xE7, 0xE0, 0xFF, 0xE0, 0x3F, 0xE0, 0x0F,
    0xC0, 0x03, 0xC0, 0x00, 0x00, 0x00, 0x00, 0x00, 0x00, 0x00, 0x1C, 0x00, 0xFF, 0xC0, 0xFF, 0xF8,
    0xFF, 0xFC, 0xFF, 0xFC, 0x7E, 0x06, 0x3F, 0x00, 0x1F, 0x80, 0x0F, 0xF0, 0x03, 0xFF, 0x80, 0xFF,
    0xF0, 0x3F, 0xFC, 0x03, 0xFE, 0x00, 0x3F, 0x80, 0x0F, 0xC0, 0x07, 0xE7, 0x03, 0xF7, 0xFF, 0xFF,
    0xFF, 0xF9, 0xFF, 0xF8, 0x3F, 0xF0, 0x01, 0xC0, 0x00, 0x00, 0x00, 0x3F, 0x00, 0x7E, 0x00, 0xFC,
    0x01, 0xF8, 0x03, 0xF0, 0x3F, 0xFE, 0x7F, 0xFC, 0xFF, 0xF9, 0xFF, 0xF0, 0x7E, 0x00, 0xFC, 0x01,
    0xF8, 0x03, 0xF0, 0x07, 0xE0, 0x0F, 0xC0, 0x1F, 0x80, 0x3F, 0x00, 0x7E, 0x00, 0xFC, 0x01, 0xF8,
    0x03, 0xF0, 0x07, 0xFE, 0x0F, 0xFE, 0x0F, 0xFC, 0x0F, 0xF8, 0x07, 0xC0, 0x0E, 0x00, 0x1F, 0x00,
    0x3F, 0x00, 0x7F, 0x00, 0x1E, 0x02, 0x3C, 0x0F, 0xF8, 0x1F, 0xE0, 0x1F, 0x80, 0x00, 0x00, 0x00,
    0xC0, 0x20, 0x1E, 0x0F, 0x01, 0xF9, 0xF0, 0x0F, 0xFE, 0x00, 0x7F, 0xC0, 0x03, 0xF8, 0x00, 0x1F,
    0x00, 0x00, 0x00, 0x00, 0x00, 0x00, 0xFF, 0xFF, 0xFF, 0xFF, 0xFF, 0xFF, 0xFF, 0xEF, 0xFF, 0xFE,
    0x01, 0xF8, 0x00, 0x1F, 0x80, 0x01, 0xF8, 0x00, 0x1F, 0x80, 0x01, 0xF8, 0x00, 0x1F, 0x80, 0x01,
    0xF8, 0x00, 0x1F, 0x80, 0x01, 0xF8, 0x00, 0x1F, 0x80, 0x01, 0xF8, 0x00, 0x1F, 0x80, 0x01, 0xF8,
    0x00, 0x1F, 0x80, 0x01, 0xF8, 0x00, 0x1F, 0x80, 0x01, 0xF8, 0x00, 0x1F, 0x80, 0x01, 0xF8, 0x00,
    0x1F, 0x80, 0x01, 0xF8, 0x00, 0x1F, 0x80, 0x01, 0xF8, 0x00, 0x00, 0x3C, 0x00, 0x78, 0x00, 0xF0,
    0x01, 0xE0, 0x03, 0xC3, 0xF7, 0x07, 0xEE, 0x0F, 0xFC, 0x1F, 0xB0, 0x3F, 0x03, 0xFF, 0xE7, 0xFF,
    0xCF, 0xFF, 0x9F, 0xFF, 0x07, 0xE0, 0x0F, 0xC0, 0x1F, 0x80, 0x3F, 0x00, 0x7E, 0x00, 0xFC, 0x01,
    0xF8, 0x03, 0xF0, 0x07, 0xE0, 0x0F, 0xC0, 0x1F, 0x80, 0x3F, 0x00, 0x7F, 0xE0, 0x7F, 0xE0, 0xFF,
    0xC0, 0xFF, 0x80, 0x38, 0x00, 0x00, 0x00, 0x0F, 0xFE, 0x07, 0xFF, 0x03, 0xFF, 0x81, 0xFF, 0xC0,
    0x00, 0x00, 0x00, 0x00, 0x00, 0x00, 0x00, 0x00, 0x00, 0x00, 0x3F, 0x07, 0xFF, 0x83, 0xFF, 0xC1,
    0xFF, 0xE0, 0xFF, 0xF0, 0x7F, 0xF8, 0x3F, 0xFC, 0x1F, 0xFE, 0x0F, 0xFF, 0x07, 0xFF, 0x83, 0xFF,
    0xC1, 0xFF, 0xE0, 0xFF, 0xF0, 0x7F, 0xF8, 0x3F, 0xFC, 0x3F, 0xFE, 0x1F, 0xFF, 0xFF, 0xFF, 0xFF,
    0xF7, 0xFE, 0xF9, 0xFC, 0x7C, 0x38, 0x00, 0x01, 0xF0, 0x00, 0x3F, 0xC0, 0x07, 0xFC, 0x00, 0x79,
    0xE0, 0x07, 0x0E, 0x00, 0x70, 0xE0, 0x07, 0x9E, 0x00, 0x3F, 0xC0, 0x03, 0xFC, 0x00, 0x0F, 0x00,
    0x00, 0x00, 0x0F, 0xC0, 0x3F, 0xFC, 0x03, 0xFF, 0xC0, 0x3F, 0xFC, 0x03, 0xFF, 0xC0, 0x3F, 0xFC,
    0x03, 0xFF, 0xC0, 0x3F, 0xFC, 0x03, 0xFF, 0xC0, 0x3F, 0xFC, 0x03, 0xFF, 0xC0, 0x3F, 0xFC, 0x03,
    0xFF, 0xC0, 0x3F, 0xFC, 0x03, 0xFF, 0xC0, 0x3F, 0xFC, 0x03, 0xFF, 0xC0, 0x3F, 0xFC, 0x03, 0xFF,
    0xC0, 0x3F, 0xFC, 0x03, 0xFF, 0xC0, 0x3F, 0xFC, 0x03, 0xF7, 0xE0, 0x7E, 0x7F, 0xFF, 0xE3, 0xFF,
    0xFC, 0x1F, 0xFF, 0x80, 0x7F, 0xE0, 0x00, 0xF0, 0x00, 0x07, 0xE0, 0x07, 0xF8, 0x07, 0xFE, 0x03,
    0xCF, 0x01, 0xC3, 0x80, 0xF3, 0xC0, 0x7F, 0xE0, 0x1F, 0xE0, 0x03, 0xC0, 0x00, 0x00, 0x00, 0x00,
    0x00, 0x00, 0x00, 0x00, 0x07, 0xE0, 0xFF, 0xF0, 0x7F, 0xF8, 0x3F, 0xFC, 0x1F, 0xFE, 0x0F, 0xFF,
    0x07, 0xFF, 0x83, 0xFF, 0xC1, 0xFF, 0xE0, 0xFF, 0xF0, 0x7F, 0xF8, 0x3F, 0xFC, 0x1F, 0xFE, 0x0F,
    0xFF, 0x07, 0xFF, 0x87, 0xFF, 0xC3, 0xFF, 0xFF, 0xFF, 0xFF, 0xFE, 0xFF, 0xBF, 0x3F, 0x8F, 0x87,
    0x00, 0x00, 0x00, 0x40, 0x00, 0x0E, 0x38, 0x01, 0xF3, 0xC0, 0x1E, 0x7C, 0x03, 0xE7, 0x80, 0x3C,
    0xF0, 0x07, 0x9E, 0x00, 0x30, 0xC0, 0x00, 0x00, 0x00, 0x00, 0x00, 0xFC, 0x03, 0xFF, 0xC0, 0x3F,
    0xFC, 0x03, 0xFF, 0xC0, 0x3F, 0xFC, 0x03, 0xFF, 0xC0, 0x3F, 0xFC, 0x03, 0xFF, 0xC0, 0x3F, 0xFC,
    0x03, 0xFF, 0xC0, 0x3F, 0xFC, 0x03, 0xFF, 0xC0, 0x3F, 0xFC, 0x03, 0xFF, 0xC0, 0x3F, 0xFC, 0x03,
    0xFF, 0xC0, 0x3F, 0xFC, 0x03, 0xFF, 0xC0, 0x3F, 0xFC, 0x03, 0xFF, 0xC0, 0x3F, 0xFC, 0x03, 0xFF,
    0xC0, 0x3F, 0x7E, 0x07, 0xE7, 0xFF, 0xFE, 0x3F, 0xFF, 0xC1, 0xFF, 0xF8, 0x07, 0xFE, 0x00, 0x0F,
    0x00, 0x00, 0x00, 0x00, 0x60, 0x80, 0x1E, 0x70, 0x0F, 0x9E, 0x03, 0xCF, 0x81, 0xF7, 0xC0, 0x79,
    0xE0, 0x3C, 0xF0, 0x06, 0x38, 0x00, 0x00, 0x00, 0x00, 0x00, 0x00, 0x00, 0xFC, 0x1F, 0xBF, 0x07,
    0xEF, 0xC1, 0xFB, 0xF0, 0x7E, 0xFC, 0x1F, 0xBF, 0x07, 0xEF, 0xC1, 0xFB, 0xF0, 0x7E, 0xFC, 0x1F,
    0xBF, 0x07, 0xEF, 0xC1, 0xFB, 0xF0, 0x7E, 0xFC, 0x1F, 0xBF, 0x07, 0xEF, 0xC3, 0xFB, 0xF0, 0xFE,
    0xFF, 0xFF, 0xBF, 0xFF, 0xE7, 0xFF, 0xF8, 0xFE, 0x3E, 0x0E, 0x00, 0x00, 0xFC, 0x03, 0xFF, 0xC0,
    0x3F, 0xFC, 0x03, 0xFF, 0xC0, 0x3F, 0xFC, 0x03, 0xFF, 0xC0, 0x3F, 0xFC, 0x03, 0xFF, 0xC0, 0x3F,
    0xFC, 0x03, 0xFF, 0xC0, 0x3F, 0xFC, 0x03, 0xFF, 0xC0, 0x3F, 0xFC, 0x03, 0xFF, 0xC0, 0x3F, 0xFC,
    0x03, 0xFF, 0xC0, 0x3F, 0xFC, 0x03, 0xFF, 0xC0, 0x3F, 0xFC, 0x03, 0xFF, 0xC0, 0x3F, 0xFC, 0x03,
    0xFF, 0xC0, 0x3F, 0x7E, 0x07, 0xE7, 0xFF, 0xFE, 0x3F, 0xFF, 0xC1, 0xFF, 0xF8, 0x0F, 0xFE, 0x00,
    0x1F, 0x80, 0x01, 0xE0, 0x00, 0x3C, 0x00, 0x07, 0x80, 0x00, 0x78, 0x00, 0x07, 0xC0, 0x00, 0x7F,
    0xC0, 0x07, 0xFC, 0x00, 0x3F, 0xC0, 0x00, 0xF8, 0x00, 0x00, 0x00, 0xFC, 0x1F, 0xFE, 0x0F, 0xFF,
    0x07, 0xFF, 0x83, 0xFF, 0xC1, 0xFF, 0xE0, 0xFF, 0xF0, 0x7F, 0xF8, 0x3F, 0xFC, 0x1F, 0xFE, 0x0F,
    0xFF, 0x07, 0xFF, 0x83, 0xFF, 0xC1, 0xFF, 0xE0, 0xFF, 0xF0, 0xFF, 0xF8, 0x7F, 0xFF, 0xFF, 0xFF,
    0xFF, 0xDF, 0xFB, 0xE7, 0xF3, 0xF0, 0xE3, 0xE0, 0x03, 0xC0, 0x03, 0xC0, 0x01, 0xE0, 0x00, 0xF8,
    0x00, 0x7F, 0x80, 0x3F, 0xC0, 0x0F, 0xE0, 0x03, 0xF0, 0x00, 0x00, 0x00, 0x18, 0x00, 0x3C, 0x00,
    0x7F, 0x00, 0xFF, 0x80, 0xFF, 0x80, 0x7E, 0x00, 0x1C, 0x00, 0x00, 0x00, 0x00, 0x00, 0x00, 0x00,
    0x00, 0x00, 0x07, 0xFF, 0xF3, 0xFF, 0xF9, 0xFF, 0xFC, 0xFF, 0xFE, 0x00, 0x7F, 0x00, 0x7F, 0x00,
    0x3F, 0x00, 0x3F, 0x00, 0x3F, 0x00, 0x3F, 0x80, 0x3F, 0x80, 0x1F, 0x80, 0x1F, 0x80, 0x1F, 0x80,
    0x1F, 0xC0, 0x1F, 0xC0, 0x0F, 0xFF, 0xF7, 0xFF, 0xFB, 0xFF, 0xFD, 0xFF, 0xFE, 0x03, 0xC0, 0x03,
    0xF0, 0x01, 0xF8, 0x00, 0xFC, 0x00, 0x7E, 0x00, 0x1E, 0x00, 0x00, 0x00, 0x00, 0x00, 0x00, 0x00,
    0x00, 0x00, 0x00, 0x00, 0x0F, 0xFF, 0xE7, 0xFF, 0xF3, 0xFF, 0xF9, 0xFF, 0xFC, 0x00, 0xFE, 0x00,
    0xFE, 0x00, 0xFE, 0x00, 0x7E, 0x00, 0x7E, 0x00, 0x7F, 0x00, 0x7F, 0x00, 0x7F, 0x00, 0x3F, 0x00,
    0x3F, 0x00, 0x3F, 0x80, 0x3F, 0x80, 0x1F, 0xFF, 0xEF, 0xFF, 0xF7, 0xFF, 0xFB, 0xFF, 0xFC, 0x00,
    0x00, 0x01, 0x80, 0xC0, 0x78, 0x3C, 0x0F, 0xDF, 0x80, 0xFF, 0xE0, 0x0F, 0xF8, 0x00, 0xFE, 0x00,
    0x0F, 0x80, 0x00, 0x00, 0x00, 0x00, 0x01, 0xFF, 0xFF, 0x3F, 0xFF, 0xE7, 0xFF, 0xFC, 0xFF, 0xFF,
    0x80, 0x07, 0xF0, 0x00, 0xFC, 0x00, 0x3F, 0x80, 0x07, 0xE0, 0x01, 0xF8, 0x00, 0x7F, 0x00, 0x0F,
    0xC0, 0x03, 0xF0, 0x00, 0xFE, 0x00, 0x1F, 0x80, 0x07, 0xF0, 0x00, 0xFC, 0x00, 0x3F, 0x00, 0x0F,
    0xE0, 0x01, 0xF8, 0x00, 0x7F, 0x00, 0x0F, 0xC0, 0x03, 0xF0, 0x00, 0xFE, 0x00, 0x1F, 0xFF, 0xFB,
    0xFF, 0xFF, 0x7F, 0xFF, 0xEF, 0xFF, 0xFC, 0x10, 0x04, 0x1E, 0x0F, 0x1F, 0x8F, 0x87, 0xFF, 0x81,
    0xFF, 0x80, 0x7F, 0x80, 0x1F, 0x80, 0x03, 0x80, 0x00, 0x00, 0x00, 0x00, 0x00, 0x00, 0x0F, 0xFF,
    0xE7, 0xFF, 0xF3, 0xFF, 0xF9, 0xFF, 0xFC, 0x00, 0xFE, 0x00, 0xFE, 0x00, 0x7E, 0x00, 0x7E, 0x00,
    0x7E, 0x00, 0x7F, 0x00, 0x7F, 0x00, 0x3F, 0x00, 0x3F, 0x00, 0x3F, 0x00, 0x3F, 0x80, 0x3F, 0x80,
    0x1F, 0xFF, 0xEF, 0xFF, 0xF7, 0xFF, 0xFB, 0xFF, 0xFC, 0x00, 0x00, 0x3C, 0x00, 0x00, 0xF0, 0x0E,
    0x03, 0xC1, 0xFF, 0x0F, 0x1F, 0xFF, 0x3C, 0xFF, 0xFF, 0xF3, 0xFF, 0xFF, 0x9F, 0x83, 0xFC, 0x7C,
    0x07, 0xC3, 0xF0, 0x1F, 0x8F, 0xC0, 0x7E, 0x3F, 0x01, 0xF8, 0xFC, 0x07, 0xE3, 0xF0, 0x1F, 0x8F,
    0xC0, 0x7E, 0x3F, 0x01, 0xF8, 0xFC, 0x07, 0xE1, 0xF0, 0x1F, 0x07, 0xE0, 0xFC, 0x0F, 0xFF, 0xE0,
    0x3F, 0xFF, 0x80, 0x7F, 0xFC, 0x00, 0x7F, 0xC0, 0x00, 0x38, 0x00, 0x00, 0x00, 0x00, 0x00, 0x00,
    0xF0, 0x00, 0x03, 0xC0, 0x00, 0x0F, 0xFC, 0x1F, 0xBF, 0xF0, 0x7F, 0xFF, 0xC1, 0xFF, 0xFF, 0x07,
    0xFE, 0xFC, 0x1F, 0xE3, 0xF0, 0x7E, 0x0F, 0xC1, 0xF8, 0x3F, 0x07, 0xE0, 0xFC, 0x1F, 0x83, 0xF0,
    0x7E, 0x0F, 0xC1, 0xF8, 0x3F, 0x07, 0xE0, 0xFC, 0x1F, 0x83, 0xF0, 0x7E, 0x0F, 0xC3, 0xF8, 0x3F,
    0x0F, 0xE0, 0xFF, 0xFF, 0x83, 0xFF, 0xFE, 0x07, 0xFF, 0xF8, 0x0F, 0xE3, 0xE0, 0x0E, 0x00, 0x00,
    0x00, 0x38, 0x00, 0x1F, 0xFC, 0x01, 0xFF, 0xF0, 0x1F, 0xFF, 0xE1, 0xFF, 0xFE, 0x1F, 0xC0, 0xF0,
    0xFC, 0x01, 0x07, 0xE0, 0x00, 0x3F, 0x00, 0x01, 0xFC, 0x00, 0x0F, 0xF0, 0x00, 0x3F, 0xF0, 0x01,
    0xFF, 0xF0, 0x07, 0xFF, 0xC0, 0x1F, 0xFF, 0x80, 0x3F, 0xFC, 0x00, 0x3F, 0xF0, 0x00, 0x3F, 0x80,
    0x00, 0xFE, 0x00, 0x03, 0xF0, 0x00, 0x1F, 0x80, 0x00, 0xFC, 0x60, 0x0F, 0xC7, 0xC0, 0xFE, 0x7F,
    0xFF, 0xE3, 0xFF, 0xFF, 0x07, 0xFF, 0xF0, 0x0F, 0xFE, 0x00, 0x07, 0x00, 0x00, 0x00, 0x00, 0x01,
    0xC0, 0x00, 0x1F, 0x00, 0x00, 0xFC, 0x00, 0x07, 0xE0, 0x00, 0x3E, 0x00, 0x00, 0xF0, 0x00, 0x07,
    0x80, 0x00, 0x38, 0x00, 0x03, 0xC0, 0x00, 0x1C, 0x00, 0x00, 0xE0, 0x07, 0xFE, 0x07, 0xFF, 0xC7,
    0xFF, 0xE7, 0xFF, 0xE3, 0xF0, 0x31, 0xF8, 0x00, 0xFC, 0x00, 0x7F, 0x80, 0x1F, 0xFC, 0x07, 0xFF,
    0x81, 0xFF, 0xE0, 0x1F, 0xF0, 0x01, 0xFC, 0x00, 0x7E, 0x00, 0x3F, 0x38, 0x1F, 0xBF, 0xFF, 0xFF,
    0xFF, 0xCF, 0xFF, 0xC1, 0xFF, 0x80, 0x0E, 0x00, 0x00, 0x00, 0x03, 0x80, 0x03, 0xE0, 0x01, 0xF8,
    0x00, 0xFC, 0x00, 0x7C, 0x00, 0x1E, 0x00, 0x0F, 0x00, 0x07, 0x00, 0x07, 0x80, 0x03, 0x80, 0x00,
    0xFF, 0xFF, 0xFF, 0xFF, 0xFF, 0xFF, 0xFF, 0xEF, 0xFF, 0xFE, 0x01, 0xF8, 0x00, 0x1F, 0x80, 0x01,
    0xF8, 0x00, 0x1F, 0x80, 0x01, 0xF8, 0x00, 0x1F, 0x80, 0x01, 0xF8, 0x00, 0x1F, 0x80, 0x01, 0xF8,
    0x00, 0x1F, 0x80, 0x01, 0xF8, 0x00, 0x1F, 0x80, 0x01, 0xF8, 0x00, 0x1F, 0x80, 0x01, 0xF8, 0x00,
    0x1F, 0x80, 0x01, 0xF8, 0x00, 0x1F, 0x80, 0x01, 0xF8, 0x00, 0x1F, 0x80, 0x01, 0xF8, 0x00, 0x1F,
    0x80, 0x01, 0xF8, 0x00, 0x00, 0x00, 0x00, 0x00, 0x00, 0x0E, 0x00, 0x01, 0xF0, 0x00, 0x1F, 0x80,
    0x01, 0xF8, 0x00, 0x1F, 0x00, 0x00, 0xF0, 0x00, 0x0F, 0x00, 0x00, 0xE0, 0x00, 0x1E, 0x00, 0x01,
    0xC0, 0x00, 0x00, 0x00, 0x3F, 0x00, 0x7E, 0x00, 0xFC, 0x01, 0xF8, 0x03, 0xF0, 0x3F, 0xFE, 0x7F,
    0xFC, 0xFF, 0xF9, 0xFF, 0xF0, 0x7E, 0x00, 0xFC, 0x01, 0xF8, 0x03, 0xF0, 0x07, 0xE0, 0x0F, 0xC0,
    0x1F, 0x80, 0x3F, 0x00, 0x7E, 0x00, 0xFC, 0x01, 0xF8, 0x03, 0xF0, 0x07, 0xFE, 0x07, 0xFE, 0x0F,
    0xFC, 0x0F, 0xF8, 0x03, 0x80, 0x00, 0x00, 0x1C, 0x00, 0x7C, 0x00, 0xFC, 0x01, 0xF8, 0x03, 0xE0,
    0x03, 0xC0, 0x07, 0x80, 0x0E, 0x00, 0x3C, 0x00, 0x70, 0x00, 0x00, 0x38, 0x00, 0x1F, 0xF8, 0x07,
    0xFF, 0xE0, 0xFF, 0xFE, 0x1F, 0xFF, 0xE3, 0xF8, 0x1C, 0x3F, 0x00, 0x07, 0xE0, 0x00, 0x7C, 0x00,
    0x0F, 0xC0, 0x00, 0xFC, 0x00, 0x0F, 0xC0, 0x00, 0xFF, 0xFE, 0x0F, 0xFF, 0xE0, 0xFF, 0xFE, 0x0F,
    0xFF, 0xE0, 0xFC, 0x00, 0x0F, 0xC0, 0x00, 0xFC, 0x00, 0x0F, 0xC0, 0x00, 0x7C, 0x00, 0x07, 0xE0,
    0x00, 0x3F, 0x00, 0x43, 0xF8, 0x1E, 0x1F, 0xFF, 0xE0, 0xFF, 0xFF, 0x07, 0xFF, 0xC0, 0x3F, 0xF8,
    0x00, 0x38, 0x00, 0xFF, 0xFF, 0xFF, 0xFF, 0xFF, 0xFF, 0xFF, 0xFF, 0xFF, 0xFF, 0xFF, 0xFF, 0xFF,
    0xFF, 0xFF, 0xFF, 0xFF, 0xFF, 0xFF, 0xFF, 0xC0, 0x00, 0xFF, 0x00, 0x00, 0xFF, 0x00, 0x00, 0xFF,
    0x00, 0x01, 0xFF, 0x80, 0x01, 0xFF, 0x80, 0x01, 0xFF, 0x80, 0x01, 0xFF, 0x80, 0x03, 0xE7, 0xC0,
    0x03, 0xE7, 0xC0, 0x03, 0xE7, 0xC0, 0x07, 0xE7, 0xE0, 0x07, 0xC3, 0xE0, 0x07, 0xC3, 0xE0, 0x07,
    0xC3, 0xE0, 0x0F, 0xC3, 0xF0, 0x0F, 0x83, 0xF0, 0x0F, 0x81, 0xF0, 0x1F, 0xFF, 0xF8, 0x1F, 0xFF,
    0xF8, 0x1F, 0xFF, 0xF8, 0x3F, 0xFF, 0xFC, 0x3F, 0x00, 0xFC, 0x3F, 0x00, 0xFC, 0x3E, 0x00, 0xFC,
    0x7E, 0x00, 0x7E, 0x7E, 0x00, 0x7E, 0x7E, 0x00, 0x7E, 0xFF, 0xFF, 0x1F, 0xFF, 0xE3, 0xFF, 0xF8,
    0x7F, 0xFF, 0x0F, 0xC0, 0x01, 0xF8, 0x00, 0x3F, 0x00, 0x07, 0xE0, 0x00, 0xFC, 0x00, 0x1F, 0x80,
    0x03, 0xFF, 0xE0, 0x7F, 0xFF, 0x0F, 0xFF, 0xF9, 0xFF, 0xFF, 0x3F, 0x0F, 0xF7, 0xE0, 0x7E, 0xFC,
    0x07, 0xFF, 0x80, 0xFF, 0xF0, 0x1F, 0xFE, 0x03, 0xFF, 0xC0, 0x7D, 0xF8, 0x1F, 0xBF, 0x0F, 0xF7,
    0xFF, 0xFC, 0xFF, 0xFF, 0x1F, 0xFF, 0xC3, 0xFF, 0xE0, 0x00, 0xFF, 0xF8, 0x1F, 0xFF, 0xC3, 0xFF,
    0xFC, 0x7F, 0xFF, 0xCF, 0xC3, 0xFD, 0xF8, 0x1F, 0xBF, 0x03, 0xF7, 0xE0, 0x7E, 0xFC, 0x0F, 0xDF,
    0x81, 0xFB, 0xF0, 0xFE, 0x7F, 0xFF, 0x8F, 0xFF, 0xC1, 0xFF, 0xFE, 0x3F, 0xFF, 0xE7, 0xE0, 0xFE,
    0xFC, 0x0F, 0xFF, 0x80, 0xFF, 0xF0, 0x1F, 0xFE, 0x03, 0xFF, 0xC0, 0x7F, 0xF8, 0x0F, 0xFF, 0x07,
    0xF7, 0xFF, 0xFE, 0xFF, 0xFF, 0x9F, 0xFF, 0xE3, 0xFF, 0xE0, 0x00, 0xFF, 0xFF, 0x7F, 0xFF, 0xBF,
    0xFF, 0xDF, 0xFF, 0xEF, 0xC0, 0x07, 0xE0, 0x03, 0xF0, 0x01, 0xF8, 0x00, 0xFC, 0x00, 0x7E, 0x00,
    0x3F, 0x00, 0x1F, 0x80, 0x0F, 0xC0, 0x07, 0xE0, 0x03, 0xF0, 0x01, 0xF8, 0x00, 0xFC, 0x00, 0x7E,
    0x00, 0x3F, 0x00, 0x1F, 0x80, 0x0F, 0xC0, 0x07, 0xE0, 0x03, 0xF0, 0x01, 0xF8, 0x00, 0xFC, 0x00,
    0x7E, 0x00, 0x3F, 0x00, 0x00, 0x03, 0xFF, 0xF8, 0x07, 0xFF, 0xF0, 0x0F, 0xFF, 0xE0, 0x1F, 0xFF,
    0xC0, 0x3E, 0x1F, 0x80, 0xFC, 0x3F, 0x01, 0xF8, 0x7E, 0x03, 0xF0, 0xFC, 0x07, 0xE1, 0xF8, 0x0F,
    0x83, 0xF0, 0x1F, 0x07, 0xE0, 0x3E, 0x0F, 0xC0, 0x7C, 0x1F, 0x81, 0xF8, 0x3F, 0x03, 0xF0, 0x7E,
    0x07, 0xE0, 0xFC, 0x0F, 0x81, 0xF8, 0x1F, 0x03, 0xF0, 0x3E, 0x07, 0xE0, 0xFC, 0x0F, 0xC1, 0xF0,
    0x1F, 0x83, 0xE0, 0x3F, 0x0F, 0x80, 0x7E, 0x7F, 0xFF, 0xFF, 0xFF, 0xFF, 0xFF, 0xFF, 0xFF, 0xFF,
    0xFF, 0xFF, 0xFF, 0xC0, 0x00, 0xFF, 0x80, 0x01, 0xFE, 0x00, 0x03, 0xFC, 0x00, 0x07, 0xF8, 0x00,
    0x0F, 0xF0, 0x00, 0x1F, 0xE0, 0x00, 0x3C, 0xFF, 0xFE, 0xFF, 0xFE, 0xFF, 0xFE, 0xFF, 0xFE, 0xFC,
    0x00, 0xFC, 0x00, 0xFC, 0x00, 0xFC, 0x00, 0xFC, 0x00, 0xFC, 0x00, 0xFC, 0x00, 0xFF, 0xFC, 0xFF,
    0xFC, 0xFF, 0xFC, 0xFF, 0xFC, 0xFC, 0x00, 0xFC, 0x00, 0xFC, 0x00, 0xFC, 0x00, 0xFC, 0x00, 0xFC,
    0x00, 0xFC, 0x00, 0xFC, 0x00, 0xFF, 0xFF, 0xFF, 0xFF, 0xFF, 0xFF, 0xFF, 0xFF, 0x3E, 0x01, 0xF8,
    0x0F, 0xC7, 0xE0, 0x3F, 0x01, 0xF0, 0x7C, 0x07, 0xE0, 0x7E, 0x0F, 0xC0, 0xFC, 0x0F, 0x80, 0xF8,
    0x1F, 0x83, 0xF0, 0x1F, 0x83, 0xF0, 0x7C, 0x01, 0xF0, 0x7E, 0x1F, 0x80, 0x3F, 0x0F, 0xC3, 0xE0,
    0x03, 0xE1, 0xF8, 0xFC, 0x00, 0x7E, 0x3F, 0x1F, 0x00, 0x07, 0xC7, 0xE7, 0xE0, 0x00, 0xFF, 0xFF,
    0xF8, 0x00, 0x0F, 0xFF, 0xFF, 0x00, 0x03, 0xFF, 0xFF, 0xE0, 0x00, 0x7F, 0xFF, 0xFE, 0x00, 0x1F,
    0x8F, 0xCF, 0xC0, 0x03, 0xF1, 0xF8, 0xFC, 0x00, 0xFC, 0x3F, 0x1F, 0x80, 0x1F, 0x87, 0xE1, 0xF8,
    0x07, 0xE0, 0xFC, 0x3F, 0x00, 0xFC, 0x1F, 0x83, 0xF0, 0x3F, 0x03, 0xF0, 0x7E, 0x07, 0xE0, 0x7E,
    0x0F, 0xE1, 0xFC, 0x0F, 0xC0, 0xFC, 0x3F, 0x01, 0xF8, 0x1F, 0xCF, 0xE0, 0x3F, 0x01, 0xF9, 0xF8,
    0x07, 0xE0, 0x3F, 0x80, 0x00, 0x60, 0x00, 0x7F, 0xE0, 0x1F, 0xFF, 0x03, 0xFF, 0xF8, 0x3F, 0xFF,
    0xC1, 0xC0, 0xFC, 0x18, 0x07, 0xE0, 0x00, 0x7E, 0x00, 0x07, 0xE0, 0x00, 0x7C, 0x00, 0x0F, 0xC0,
    0x01, 0xF8, 0x01, 0xFF, 0x00, 0x3F, 0xE0, 0x03, 0xFF, 0x00, 0x3F, 0xFC, 0x00, 0x1F, 0xC0, 0x00,
    0x7E, 0x00, 0x03, 0xE0, 0x00, 0x3F, 0x00, 0x03, 0xF0, 0x00, 0x3F, 0x10, 0x07, 0xE3, 0xC0, 0xFE,
    0x7F, 0xFF, 0xC7, 0xFF, 0xFC, 0x3F, 0xFF, 0x80, 0xFF, 0xE0, 0x00, 0xE0, 0x00, 0xFC, 0x07, 0xFF,
    0xC0, 0xFF, 0xFC, 0x0F, 0xFF, 0xC1, 0xFF, 0xFC, 0x1F, 0xFF, 0xC1, 0xFF, 0xFC, 0x3F, 0xFF, 0xC3,
    0xFF, 0xFC, 0x7F, 0xFF, 0xC7, 0xFF, 0xFC, 0x7B, 0xFF, 0xCF, 0xBF, 0xFC, 0xF3, 0xFF, 0xCF, 0x3F,
    0xFD, 0xF3, 0xFF, 0xDE, 0x3F, 0xFB, 0xE3, 0xFF, 0xBE, 0x3F, 0xFB, 0xC3, 0xFF, 0xFC, 0x3F, 0xFF,
    0x83, 0xFF, 0xF8, 0x3F, 0xFF, 0x83, 0xFF, 0xF0, 0x3F, 0xFF, 0x03, 0xFF, 0xF0, 0x3F, 0xFE, 0x03,
    0xF0, 0x00, 0x00, 0x00, 0xE0, 0xF0, 0x0F, 0x1F, 0x00, 0xFF, 0xF0, 0x07, 0xFE, 0x00, 0x7F, 0xC0,
    0x01, 0xF8, 0x00, 0x00, 0x00, 0x00, 0x00, 0x0F, 0xC0, 0x7F, 0xFC, 0x0F, 0xFF, 0xC0, 0xFF, 0xFC,
    0x1F, 0xFF, 0xC1, 0xFF, 0xFC, 0x1F, 0xFF, 0xC3, 0xFF, 0xFC, 0x3F, 0xFF, 0xC7, 0xFF, 0xFC, 0x7F,
    0xFF, 0xC7, 0xBF, 0xFC, 0xFB, 0xFF, 0xCF, 0x3F, 0xFC, 0xF3, 0xFF, 0xDF, 0x3F, 0xFD, 0xE3, 0xFF,
    0xBE, 0x3F, 0xFB, 0xE3, 0xFF, 0xBC, 0x3F, 0xFF, 0xC3, 0xFF, 0xF8, 0x3F, 0xFF, 0x83, 0xFF, 0xF8,
    0x3F, 0xFF, 0x03, 0xFF, 0xF0, 0x3F, 0xFF, 0x03, 0xFF, 0xE0, 0x3F, 0xFC, 0x03, 0xF7, 0xE0, 0x3F,
    0x3F, 0x01, 0xF9, 0xF8, 0x1F, 0x8F, 0xC0, 0xF8, 0x7E, 0x0F, 0xC3, 0xF0, 0x7C, 0x1F, 0x87, 0xE0,
    0xFC, 0x3E, 0x07, 0xE3, 0xF0, 0x3F, 0x1F, 0x01, 0xFF, 0xF8, 0x0F, 0xFF, 0x80, 0x7F, 0xFE, 0x03,
    0xFF, 0xF0, 0x1F, 0x8F, 0xC0, 0xFC, 0x7E, 0x07, 0xE1, 0xF8, 0x3F, 0x0F, 0xC1, 0xF8, 0x3F, 0x0F,
    0xC1, 0xF8, 0x7E, 0x0F, 0xE3, 0xF0, 0x3F, 0x1F, 0x81, 0xFC, 0xFC, 0x07, 0xE7, 0xE0, 0x3F, 0xBF,
    0x00, 0xFC, 0x03, 0xFF, 0xFE, 0x07, 0xFF, 0xFC, 0x0F, 0xFF, 0xF8, 0x1F, 0xFF, 0xF0, 0x3E, 0x07,
    0xE0, 0x7C, 0x0F, 0xC1, 0xF8, 0x1F, 0x83, 0xF0, 0x3F, 0x07, 0xE0, 0x7E, 0x0F, 0xC0, 0xFC, 0x1F,
    0x01, 0xF8, 0x3E, 0x03, 0xF0, 0x7C, 0x07, 0xE0, 0xF8, 0x0F, 0xC3, 0xF0, 0x1F, 0x87, 0xE0, 0x3F,
    0x0F, 0xC0, 0x7E, 0x1F, 0x80, 0xFC, 0x3E, 0x01, 0xF8, 0x7C, 0x03, 0xF1, 0xF8, 0x07, 0xE3, 0xF0,
    0x0F, 0xCF, 0xC0, 0x1F, 0xBF, 0x80, 0x3F, 0x7E, 0x00, 0x7E, 0xF8, 0x00, 0xFC, 0xE0, 0x01, 0xF9,
    0x00, 0x00, 0x00, 0x3F, 0xC0, 0x7F, 0x87, 0xF8, 0x0F, 0xF0, 0xFF, 0x01, 0xFE, 0x1F, 0xE0, 0x3F,
    0xC3, 0xFE, 0x07, 0xF8, 0x7F, 0xC1, 0xFF, 0x0F, 0xF8, 0x3F, 0xE1, 0xEF, 0x07, 0xFC, 0x3D, 0xE0,
    0xF7, 0xCF, 0xBE, 0x1E, 0xF9, 0xF7, 0xC7, 0xDF, 0x3E, 0x78, 0xF3, 0xE7, 0xCF, 0x1E, 0x7C, 0xF9,
    0xF3, 0xCF, 0x9F, 0x3E, 0xF9, 0xF3, 0xE3, 0xDE, 0x3E, 0x7C, 0x7B, 0xC7, 0xCF, 0x8F, 0xF8, 0xF9,
    0xF1, 0xFF, 0x1F, 0x3E, 0x1F, 0xC3, 0xE7, 0xC3, 0xF8, 0x7C, 0xF8, 0x7F, 0x0F, 0xDF, 0x0F, 0xE1,
    0xFF, 0xE0, 0xF8, 0x3F, 0xFC, 0x00, 0x07, 0xFF, 0x80, 0x00, 0xFF, 0xF0, 0x00, 0x1F, 0x80, 0xFC,
    0x03, 0xFF, 0xC0, 0x3F, 0xFC, 0x03, 0xFF, 0xC0, 0x3F, 0xFC, 0x03, 0xFF, 0xC0, 0x3F, 0xFC, 0x03,
    0xFF, 0xC0, 0x3F, 0xFC, 0x03, 0xFF, 0xC0, 0x3F, 0xFC, 0x03, 0xFF, 0xFF, 0xFF, 0xFF, 0xFF, 0xFF,
    0xFF, 0xFF, 0xFF, 0xFF, 0xFF, 0xC0, 0x3F, 0xFC, 0x03, 0xFF, 0xC0, 0x3F, 0xFC, 0x03, 0xFF, 0xC0,
    0x3F, 0xFC, 0x03, 0xFF, 0xC0, 0x3F, 0xFC, 0x03, 0xFF, 0xC0, 0x3F, 0xFC, 0x03, 0xFF, 0xC0, 0x3F,
    0xFC, 0x03, 0xF0, 0x00, 0x38, 0x00, 0x07, 0xFF, 0x00, 0x1F, 0xFF, 0x00, 0x7F, 0xFF, 0x01, 0xFF,
    0xFF, 0x07, 0xF0, 0x7F, 0x0F, 0xC0, 0x7F, 0x3F, 0x00, 0x7E, 0x7C, 0x00, 0x7D, 0xF8, 0x00, 0xFF,
    0xF0, 0x01, 0xFF, 0xE0, 0x03, 0xFF, 0xC0, 0x07, 0xFF, 0x80, 0x0F, 0xFF, 0x00, 0x1F, 0xFE, 0x00,
    0x3F, 0xFC, 0x00, 0x7F, 0xF8, 0x00, 0xFF, 0xF0, 0x01, 0xFF, 0xE0, 0x03, 0xF7, 0xC0, 0x07, 0xCF,
    0xC0, 0x1F, 0x9F, 0xC0, 0x7E, 0x1F, 0xC1, 0xFC, 0x1F, 0xFF, 0xF0, 0x1F, 0xFF, 0xC0, 0x1F, 0xFF,
    0x00, 0x1F, 0xFC, 0x00, 0x03, 0x80, 0x00, 0xFF, 0xFF, 0xFF, 0xFF, 0xFF, 0xFF, 0xFF, 0xFF, 0xFF,
    0xFF, 0xFC, 0x03, 0xFF, 0xC0, 0x3F, 0xFC, 0x03, 0xFF, 0xC0, 0x3F, 0xFC, 0x03, 0xFF, 0xC0, 0x3F,
    0xFC, 0x03, 0xFF, 0xC0, 0x3F, 0xFC, 0x03, 0xFF, 0xC0, 0x3F, 0xFC, 0x03, 0xFF, 0xC0, 0x3F, 0xFC,
    0x03, 0xFF, 0xC0, 0x3F, 0xFC, 0x03, 0xFF, 0xC0, 0x3F, 0xFC, 0x03, 0xFF, 0xC0, 0x3F, 0xFC, 0x03,
    0xFF, 0xC0, 0x3F, 0xFC, 0x03, 0xFF, 0xC0, 0x3F, 0xFC, 0x03, 0xF0, 0xFF, 0xF8, 0x1F, 0xFF, 0xC3,
    0xFF, 0xFC, 0x7F, 0xFF, 0xCF, 0xC3, 0xFD, 0xF8, 0x1F, 0xBF, 0x03, 0xF7, 0xE0, 0x3F, 0xFC, 0x07,
    0xFF, 0x80, 0xFF, 0xF0, 0x1F, 0xFE, 0x07, 0xEF, 0xC0, 0xFD, 0xF8, 0x7F, 0xBF, 0xFF, 0xE7, 0xFF,
    0xF8, 0xFF, 0xFE, 0x1F, 0xFF, 0x03, 0xF0, 0x00, 0x7E, 0x00, 0x0F, 0xC0, 0x01, 0xF8, 0x00, 0x3F,
    0x00, 0x07, 0xE0, 0x00, 0xFC, 0x00, 0x1F, 0x80, 0x03, 0xF0, 0x00, 0x00, 0x00, 0x38, 0x00, 0x1F,
    0xF0, 0x07, 0xFF, 0xC0, 0xFF, 0xFE, 0x1F, 0xFF, 0xC3, 0xF8, 0x18, 0x3F, 0x00, 0x07, 0xE0, 0x00,
    0x7E, 0x00, 0x0F, 0xC0, 0x00, 0xFC, 0x00, 0x0F, 0xC0, 0x00, 0xFC, 0x00, 0x0F, 0xC0, 0x00, 0xFC,
    0x00, 0x0F, 0xC0, 0x00, 0xFC, 0x00, 0x0F, 0xC0, 0x00, 0xFC, 0x00, 0x0F, 0xC0, 0x00, 0x7E, 0x00,
    0x07, 0xE0, 0x00, 0x3F, 0x00, 0x83, 0xF8, 0x1C, 0x1F, 0xFF, 0xE0, 0xFF, 0xFE, 0x07, 0xFF, 0xC0,
    0x3F, 0xF0, 0x00, 0x38, 0x00, 0xFF, 0xFF, 0xFF, 0xFF, 0xFF, 0xFF, 0xFF, 0xEF, 0xFF, 0xFE, 0x01,
    0xF8, 0x00, 0x1F, 0x80, 0x01, 0xF8, 0x00, 0x1F, 0x80, 0x01, 0xF8, 0x00, 0x1F, 0x80, 0x01, 0xF8,
    0x00, 0x1F, 0x80, 0x01, 0xF8, 0x00, 0x1F, 0x80, 0x01, 0xF8, 0x00, 0x1F, 0x80, 0x01, 0xF8, 0x00,
    0x1F, 0x80, 0x01, 0xF8, 0x00, 0x1F, 0x80, 0x01, 0xF8, 0x00, 0x1F, 0x80, 0x01, 0xF8, 0x00, 0x1F,
    0x80, 0x01, 0xF8, 0x00, 0x1F, 0x80, 0x01, 0xF8, 0x00, 0x7E, 0x00, 0x7E, 0xFC, 0x00, 0xF8, 0xF8,
    0x03, 0xF1, 0xF8, 0x07, 0xE3, 0xF0, 0x0F, 0x83, 0xE0, 0x3F, 0x07, 0xE0, 0x7E, 0x07, 0xC0, 0xF8,
    0x0F, 0x83, 0xF0, 0x1F, 0x87, 0xC0, 0x1F, 0x0F, 0x80, 0x3F, 0x1F, 0x00, 0x3E, 0x7C, 0x00, 0x7C,
    0xF8, 0x00, 0x7D, 0xF0, 0x00, 0xFF, 0xC0, 0x01, 0xFF, 0x80, 0x01, 0xFE, 0x00, 0x03, 0xFC, 0x00,
    0x03, 0xF8, 0x00, 0x03, 0xE0, 0x00, 0x0F, 0xC0, 0x00, 0x7F, 0x00, 0x03, 0xFC, 0x00, 0x07, 0xF0,
    0x00, 0x0F, 0xC0, 0x00, 0x1E, 0x00, 0x00, 0x00, 0x00, 0x00, 0x00, 0x0F, 0x80, 0x00, 0x00, 0x3F,
    0x00, 0x00, 0x00, 0xFC, 0x00, 0x00, 0x7F, 0xFF, 0x00, 0x07, 0xFF, 0xFF, 0x80, 0x3F, 0xFF, 0xFF,
    0x01, 0xFF, 0xFF, 0xFE, 0x0F, 0xF3, 0xF3, 0xFC, 0x7F, 0x0F, 0xC3, 0xF1, 0xF8, 0x3F, 0x07, 0xE7,
    0xC0, 0xFC, 0x1F, 0xBF, 0x03, 0xF0, 0x7E, 0xFC, 0x0F, 0xC0, 0xFB, 0xF0, 0x3F, 0x03, 0xFF, 0xC0,
    0xFC, 0x0F, 0xFF, 0x03, 0xF0, 0x3F, 0xFC, 0x0F, 0xC0, 0xFF, 0xF0, 0x3F, 0x03, 0xEF, 0xC0, 0xFC,
    0x1F, 0xBF, 0x03, 0xF0, 0x7E, 0x7E, 0x0F, 0xC1, 0xF9, 0xFC, 0x3F, 0x0F, 0xC3, 0xFC, 0xFC, 0xFF,
    0x07, 0xFF, 0xFF, 0xF8, 0x0F, 0xFF, 0xFF, 0xC0, 0x1F, 0xFF, 0xFC, 0x00, 0x1F, 0xFF, 0xC0, 0x00,
    0x03, 0xF0, 0x00, 0x00, 0x0F, 0xC0, 0x00, 0x00, 0x3F, 0x00, 0x00, 0x3F, 0x00, 0xFC, 0x7E, 0x03,
    0xF0, 0x7E, 0x07, 0xE0, 0xFC, 0x1F, 0x80, 0xFC, 0x3E, 0x01, 0xF8, 0xFC, 0x01, 0xF9, 0xF0, 0x03,
    0xF7, 0xE0, 0x03, 0xFF, 0x80, 0x03, 0xFF, 0x00, 0x07, 0xFC, 0x00, 0x07, 0xF8, 0x00, 0x0F, 0xE0,
    0x00, 0x1F, 0xE0, 0x00, 0x7F, 0xC0, 0x00, 0xFF, 0xC0, 0x03, 0xFF, 0x80, 0x07, 0xDF, 0x80, 0x1F,
    0xBF, 0x00, 0x3E, 0x3F, 0x00, 0xFC, 0x7E, 0x01, 0xF0, 0x7E, 0x07, 0xE0, 0xFC, 0x0F, 0x80, 0xFC,
    0x3F, 0x01, 0xF8, 0x7E, 0x01, 0xF9, 0xF8, 0x03, 0xF0, 0xFC, 0x07, 0xE3, 0xF0, 0x1F, 0x8F, 0xC0,
    0x7E, 0x3F, 0x01, 0xF8, 0xFC, 0x07, 0xE3, 0xF0, 0x1F, 0x8F, 0xC0, 0x7E, 0x3F, 0x01, 0xF8, 0xFC,
    0x07, 0xE3, 0xF0, 0x1F, 0x8F, 0xC0, 0x7E, 0x3F, 0x01, 0xF8, 0xFC, 0x07, 0xE3, 0xF0, 0x1F, 0x8F,
    0xC0, 0x7E, 0x3F, 0x01, 0xF8, 0xFC, 0x07, 0xE3, 0xF0, 0x1F, 0x8F, 0xC0, 0x7E, 0x3F, 0x01, 0xF8,
    0xFC, 0x07, 0xE3, 0xF0, 0x1F, 0x8F, 0xC0, 0x7E, 0x3F, 0xFF, 0xFF, 0xFF, 0xFF, 0xFF, 0xFF, 0xFF,
    0xFF, 0xFF, 0xFF, 0xC0, 0x00, 0x1F, 0x00, 0x00, 0x7C, 0x00, 0x00, 0xF0, 0x00, 0x03, 0xC0, 0x00,
    0x0F, 0x00, 0x00, 0x3C, 0x00, 0x00, 0xF0, 0xFC, 0x03, 0xFF, 0xC0, 0x3F, 0xFC, 0x03, 0xFF, 0xC0,
    0x3F, 0xFC, 0x03, 0xFF, 0xC0, 0x3F, 0xFC, 0x03, 0xFF, 0xC0, 0x3F, 0xFC, 0x03, 0xFF, 0xC0, 0x3F,
    0xFC, 0x03, 0xFF, 0xC0, 0x3F, 0xFC, 0x03, 0xFF, 0xE0, 0x7F, 0x7F, 0x0F, 0xF7, 0xFF, 0xFF, 0x3F,
    0xFF, 0xF1, 0xFF, 0xBF, 0x07, 0xF3, 0xF0, 0x00, 0x3F, 0x00, 0x03, 0xF0, 0x00, 0x3F, 0x00, 0x03,
    0xF0, 0x00, 0x3F, 0x00, 0x03, 0xF0, 0x00, 0x3F, 0x00, 0x03, 0xF0, 0xFC, 0x1F, 0x81, 0xFF, 0xE0,
    0xFC, 0x0F, 0xFF, 0x07, 0xE0, 0x7F, 0xF8, 0x3F, 0x03, 0xFF, 0xC1, 0xF8, 0x1F, 0xFE, 0x0F, 0xC0,
    0xFF, 0xF0, 0x7E, 0x07, 0xFF, 0x83, 0xF0, 0x3F, 0xFC, 0x1F, 0x81, 0xFF, 0xE0, 0xFC, 0x0F, 0xFF,
    0x07, 0xE0, 0x7F, 0xF8, 0x3F, 0x03, 0xFF, 0xC1, 0xF8, 0x1F, 0xFE, 0x0F, 0xC0, 0xFF, 0xF0, 0x7E,
    0x07, 0xFF, 0x83, 0xF0, 0x3F, 0xFC, 0x1F, 0x81, 0xFF, 0xE0, 0xFC, 0x0F, 0xFF, 0x07, 0xE0, 0x7F,
    0xF8, 0x3F, 0x03, 0xFF, 0xC1, 0xF8, 0x1F, 0xFE, 0x0F, 0xC0, 0xFF, 0xF0, 0x7E, 0x07, 0xFF, 0xFF,
    0xFF, 0xFF, 0xFF, 0xFF, 0xFF, 0xFF, 0xFF, 0xFF, 0xFF, 0xFF, 0xFF, 0xFF, 0xFE, 0xFC, 0x1F, 0x81,
    0xF8, 0xFC, 0x1F, 0x81, 0xF8, 0xFC, 0x1F, 0x81, 0xF8, 0xFC, 0x1F, 0x81, 0xF8, 0xFC, 0x1F, 0x81,
    0xF8, 0xFC, 0x1F, 0x81, 0xF8, 0xFC, 0x1F, 0x81, 0xF8, 0xFC, 0x1F, 0x81, 0xF8, 0xFC, 0x1F, 0x81,
    0xF8, 0xFC, 0x1F, 0x81, 0xF8, 0xFC, 0x1F, 0x81, 0xF8, 0xFC, 0x1F, 0x81, 0xF8, 0xFC, 0x1F, 0x81,
    0xF8, 0xFC, 0x1F, 0x81, 0xF8, 0xFC, 0x1F, 0x81, 0xF8, 0xFC, 0x1F, 0x81, 0xF8, 0xFC, 0x1F, 0x81,
    0xF8, 0xFC, 0x1F, 0x81, 0xF8, 0xFC, 0x1F, 0x81, 0xF8, 0xFC, 0x1F, 0x81, 0xF8, 0xFC, 0x1F, 0x81,
    0xF8, 0xFC, 0x1F, 0x81, 0xF8, 0xFC, 0x1F, 0x81, 0xF8, 0xFF, 0xFF, 0xFF, 0xFF, 0xFF, 0xFF, 0xFF,
    0xFF, 0xFF, 0xFF, 0xFF, 0xFF, 0xFF, 0xFF, 0xFF, 0xFF, 0x00, 0x00, 0x00, 0x1F, 0x00, 0x00, 0x00,
    0x1F, 0x00, 0x00, 0x00, 0x0F, 0x00, 0x00, 0x00, 0x0F, 0x00, 0x00, 0x00, 0x0F, 0x00, 0x00, 0x00,
    0x0F, 0x00, 0x00, 0x00, 0x0F, 0xFC, 0x00, 0x0F, 0xFF, 0x00, 0x03, 0xFF, 0xC0, 0x00, 0xFF, 0xF0,
    0x00, 0x3F, 0xFC, 0x00, 0x0F, 0xFF, 0x00, 0x03, 0xFF, 0xC0, 0x00, 0xFF, 0xF0, 0x00, 0x3F, 0xFC,
    0x00, 0x0F, 0xFF, 0x00, 0x03, 0xFF, 0xFF, 0x80, 0xFF, 0xFF, 0xF8, 0x3F, 0xFF, 0xFF, 0x0F, 0xFF,
    0xFF, 0xE3, 0xFF, 0xC3, 0xF8, 0xFF, 0xF0, 0x7F, 0x3F, 0xFC, 0x0F, 0xCF, 0xFF, 0x03, 0xF3, 0xFF,
    0xC0, 0xFC, 0xFF, 0xF0, 0x3F, 0x3F, 0xFC, 0x0F, 0xCF, 0xFF, 0x07, 0xF3, 0xFF, 0xC3, 0xF8, 0xFF,
    0xFF, 0xFE, 0x3F, 0xFF, 0xFF, 0x0F, 0xFF, 0xFF, 0x03, 0xFF, 0xFF, 0x00, 0xFC, 0xFC, 0x00, 0x1F,
    0x80, 0x03, 0xF0, 0x00, 0x7E, 0x00, 0x0F, 0xC0, 0x01, 0xF8, 0x00, 0x3F, 0x00, 0x07, 0xE0, 0x00,
    0xFC, 0x00, 0x1F, 0x80, 0x03, 0xFF, 0xE0, 0x7F, 0xFF, 0x0F, 0xFF, 0xF9, 0xFF, 0xFF, 0x3F, 0x07,
    0xF7, 0xE0, 0x7E, 0xFC, 0x07, 0xFF, 0x80, 0xFF, 0xF0, 0x1F, 0xFE, 0x03, 0xFF, 0xC0, 0x7D, 0xF8,
    0x1F, 0xBF, 0x0F, 0xF7, 0xFF, 0xFC, 0xFF, 0xFF, 0x1F, 0xFF, 0xC3, 0xFF, 0xE0, 0x00, 0x01, 0xC0,
    0x03, 0xFF, 0x00, 0xFF, 0xF8, 0x3F, 0xFF, 0x87, 0xFF, 0xF0, 0x70, 0x3F, 0x00, 0x03, 0xE0, 0x00,
    0x7E, 0x00, 0x07, 0xC0, 0x00, 0xF8, 0x00, 0x1F, 0x00, 0x03, 0xF0, 0xFF, 0xFE, 0x1F, 0xFF, 0xC3,
    0xFF, 0xF8, 0x7F, 0xFF, 0x00, 0x07, 0xE0, 0x00, 0xF8, 0x00, 0x1F, 0x00, 0x03, 0xE0, 0x00, 0xFC,
    0x00, 0x1F, 0x80, 0x07, 0xE1, 0xC1, 0xFC, 0x7F, 0xFF, 0x1F, 0xFF, 0xC1, 0xFF, 0xF0, 0x0F, 0xFC,
    0x00, 0x38, 0x00, 0x01, 0xFF, 0xF0, 0x7F, 0xFF, 0x1F, 0xFF, 0xF3, 0xFF, 0xFF, 0x3F, 0xC3, 0xF7,
    0xF0, 0x3F, 0x7E, 0x03, 0xF7, 0xE0, 0x3F, 0x7E, 0x03, 0xF7, 0xE0, 0x3F, 0x7E, 0x03, 0xF7, 0xF0,
    0x3F, 0x3F, 0x83, 0xF3, 0xFF, 0xFF, 0x1F, 0xFF, 0xF0, 0xFF, 0xFF, 0x07, 0xFF, 0xF0, 0x7E, 0x3F,
    0x0F, 0xC3, 0xF0, 0xFC, 0x3F, 0x1F, 0x83, 0xF1, 0xF8, 0x3F, 0x3F, 0x03, 0xF3, 0xF0, 0x3F, 0x7E,
    0x03, 0xF7, 0xE0, 0x3F, 0xFC, 0x03, 0xF0, 0x01, 0xE0, 0x03, 0xFF, 0x80, 0xFF, 0xF8, 0x1F, 0xFF,
    0x83, 0xFF, 0xF8, 0x00, 0x3F, 0x00, 0x07, 0xE0, 0x00, 0xFC, 0x07, 0xFF, 0x83, 0xFF, 0xF0, 0xFF,
    0xFE, 0x3F, 0x8F, 0xCF, 0xC1, 0xF9, 0xF8, 0x3F, 0x3F, 0x07, 0xE7, 0xE0, 0xFC, 0xFC, 0x3F, 0x9F,
    0xFF, 0xF9, 0xFF, 0xFF, 0x3F, 0xFB, 0xE1, 0xFC, 0x3C, 0x0E, 0x00, 0x00, 0x00, 0x00, 0x00, 0x00,
    0xC0, 0x00, 0x7C, 0x00, 0x7F, 0x80, 0x3F, 0xF0, 0x1F, 0xFC, 0x07, 0xFE, 0x01, 0xFE, 0x00, 0x3F,
    0x00, 0x0F, 0xC0, 0x01, 0xF0, 0x00, 0x3E, 0x7E, 0x0F, 0xDF, 0xF1, 0xFF, 0xFF, 0x3F, 0xFF, 0xE7,
    0xF8, 0xFE, 0xFE, 0x0F, 0xDF, 0x80, 0xFB, 0xF0, 0x1F, 0xFE, 0x03, 0xFF, 0xC0, 0x7F, 0xF8, 0x0F,
    0xFF, 0x01, 0xF7, 0xE0, 0x3E, 0x7C, 0x0F, 0xCF, 0xC3, 0xF8, 0xFF, 0xFE, 0x1F, 0xFF, 0x81, 0xFF,
    0xE0, 0x0F, 0xF8, 0x00, 0x38, 0x00, 0x03, 0xC0, 0x7F, 0xFC, 0x3F, 0xFF, 0x9F, 0xFF, 0xCF, 0xFF,
    0xF7, 0xE1, 0xFB, 0xF0, 0xFD, 0xF8, 0x7E, 0xFC, 0x7E, 0x7F, 0xFE, 0x3F, 0xFF, 0x1F, 0xFF, 0xEF,
    0xC3, 0xF7, 0xE0, 0xFF, 0xF0, 0x7F, 0xF8, 0x3F, 0xFC, 0x3F, 0xFF, 0xFF, 0xFF, 0xFF, 0xDF, 0xFF,
    0xCF, 0xFF, 0x80, 0xFF, 0xFF, 0xFF, 0xFF, 0xFF, 0xFF, 0xFE, 0xFC, 0x03, 0xF0, 0x0F, 0xC0, 0x3F,
    0x00, 0xFC, 0x03, 0xF0, 0x0F, 0xC0, 0x3F, 0x00, 0xFC, 0x03, 0xF0, 0x0F, 0xC0, 0x3F, 0x00, 0xFC,
    0x03, 0xF0, 0x0F, 0xC0, 0x3F, 0x00, 0x0F, 0xFF, 0xE0, 0xFF, 0xFE, 0x0F, 0xFF, 0xE0, 0xFF, 0xFE,
    0x0F, 0x87, 0xE0, 0xF8, 0x7E, 0x0F, 0x87, 0xE0, 0xF8, 0x7E, 0x0F, 0x87, 0xE0, 0xF8, 0x7E, 0x1F,
    0x07, 0xE1, 0xF0, 0x7E, 0x1F, 0x07, 0xE1, 0xF0, 0x7E, 0x3E, 0x07, 0xE3, 0xC0, 0x7E, 0xFF, 0xFF,
    0xFF, 0xFF, 0xFF, 0xFF, 0xFF, 0xFF, 0xFF, 0xFF, 0xF0, 0x00, 0xFF, 0x00, 0x0F, 0xF0, 0x00, 0xFF,
    0x00, 0x0F, 0xF0, 0x00, 0xFF, 0x00, 0x07, 0x00, 0xE0, 0x01, 0xFF, 0x01, 0xFF, 0xE0, 0xFF, 0xFC,
    0x3F, 0xFF, 0x9F, 0x87, 0xE7, 0xC0, 0xFF, 0xF0, 0x3F, 0xFC, 0x0F, 0xFF, 0xFF, 0xFF, 0xFF, 0xFF,
    0xFF, 0xFF, 0xFC, 0x00, 0x3F, 0x00, 0x0F, 0xC0, 0x01, 0xF8, 0x00, 0x7E, 0x07, 0x0F, 0xFF, 0xC3,
    0xFF, 0xF8, 0x7F, 0xFC, 0x07, 0xFE, 0x00, 0x38, 0x00, 0x7E, 0x0F, 0x83, 0xF1, 0xF0, 0x7C, 0x1F,
    0x0F, 0xC3, 0xE1, 0xF8, 0x3E, 0x1F, 0x0F, 0x81, 0xF0, 0xF8, 0x7C, 0x07, 0xC7, 0xC7, 0xC0, 0x3E,
    0x3E, 0x3E, 0x00, 0xF9, 0xF3, 0xE0, 0x07, 0xFF, 0xFF, 0x00, 0x1F, 0xFF, 0xF0, 0x01, 0xFF, 0xFF,
    0xC0, 0x0F, 0x9F, 0x3E, 0x00, 0xFC, 0xF9, 0xF8, 0x07, 0xC7, 0xC7, 0xC0, 0x7E, 0x3E, 0x3F, 0x03,
    0xE1, 0xF0, 0xF8, 0x3F, 0x0F, 0x87, 0xE1, 0xF0, 0x7C, 0x1F, 0x1F, 0x83, 0xE0, 0xFC, 0xF8, 0x1F,
    0x03, 0xE0, 0x01, 0xE0, 0x07, 0xFF, 0x03, 0xFF, 0xE1, 0xFF, 0xFC, 0x3F, 0xFF, 0x84, 0x07, 0xE0,
    0x01, 0xF8, 0x00, 0xFC, 0x07, 0xFE, 0x01, 0xFE, 0x00, 0x7F, 0xE0, 0x1F, 0xFE, 0x00, 0x3F, 0x80,
    0x03, 0xF0, 0x00, 0xFC, 0x00, 0x3F, 0x30, 0x1F, 0x9F, 0xFF, 0xE7, 0xFF, 0xF1, 0xFF, 0xF8, 0x1F,
    0xFC, 0x00, 0x70, 0x00, 0xFC, 0x1F, 0xFE, 0x1F, 0xFF, 0x0F, 0xFF, 0x8F, 0xFF, 0xC7, 0xFF, 0xE3,
    0xFF, 0xF3, 0xFF, 0xF9, 0xFF, 0xFD, 0xEF, 0xFE, 0xFF, 0xFE, 0xF7, 0xFF, 0x7B, 0xFF, 0xF9, 0xFF,
    0xFC, 0xFF, 0xFC, 0x7F, 0xFE, 0x3F, 0xFF, 0x1F, 0xFF, 0x0F, 0xFF, 0x87, 0xFF, 0x83, 0xF0, 0x00,
    0x00, 0x1E, 0x0F, 0x07, 0x8F, 0x83, 0xFF, 0x81, 0xFF, 0xC0, 0x7F, 0xC0, 0x0F, 0x80, 0x00, 0x00,
    0x00, 0x00, 0x00, 0x00, 0x00, 0x00, 0x1F, 0x83, 0xFF, 0xC3, 0xFF, 0xE1, 0xFF, 0xF1, 0xFF, 0xF8,
    0xFF, 0xFC, 0x7F, 0xFE, 0x7F, 0xFF, 0x3F, 0xFF, 0xBD, 0xFF, 0xDF, 0xFF, 0xDE, 0xFF, 0xEF, 0x7F,
    0xFF, 0x3F, 0xFF, 0x9F, 0xFF, 0x8F, 0xFF, 0xC7, 0xFF, 0xE3, 0xFF, 0xE1, 0xFF, 0xF0, 0xFF, 0xF0,
    0x7E, 0xFC, 0x0F, 0xBF, 0x07, 0xEF, 0xC3, 0xF3, 0xF0, 0xF8, 0xFC, 0x7E, 0x3F, 0x3F, 0x0F, 0xCF,
    0xC3, 0xFF, 0xE0, 0xFF, 0xF8, 0x3F, 0xFC, 0x0F, 0xFF, 0x83, 0xF3, 0xE0, 0xFC, 0xFC, 0x3F, 0x1F,
    0x0F, 0xC7, 0xE3, 0xF0, 0xFC, 0xFC, 0x3F, 0x3F, 0x07, 0xEF, 0xC1, 0xFB, 0xF0, 0x3F, 0x0F, 0xFF,
    0xE1, 0xFF, 0xFC, 0x7F, 0xFF, 0x8F, 0xFF, 0xF1, 0xF8, 0x7E, 0x3F, 0x0F, 0xC7, 0xC1, 0xF8, 0xF8,
    0x3F, 0x1F, 0x07, 0xE3, 0xE0, 0xFC, 0x7C, 0x1F, 0x8F, 0x83, 0xF1, 0xF0, 0x7E, 0x3E, 0x0F, 0xCF,
    0xC1, 0xF9, 0xF0, 0x3F, 0xFE, 0x07, 0xFF, 0x80, 0xFD, 0xF0, 0x1F, 0xB8, 0x03, 0xF0, 0x00, 0x00,
    0x3F, 0x81, 0xFC, 0x3F, 0x83, 0xFC, 0x3F, 0x83, 0xFC, 0x3F, 0xC3, 0xFC, 0x3F, 0xC3, 0xFC, 0x3F,
    0xC3, 0xFC, 0x3F, 0xC7, 0xFC, 0x3D, 0xE7, 0xFC, 0x3D, 0xE7, 0xFC, 0x7D, 0xE7, 0x7C, 0x7D, 0xEF,
    0x7C, 0x7C, 0xFF, 0x7E, 0x7C, 0xFF, 0x7E, 0x7C, 0xFE, 0x7E, 0x7C, 0xFE, 0x3E, 0x7C, 0x7E, 0x3E,
    0x7C, 0x7E, 0x3E, 0x7C, 0x7C, 0x3E, 0x7C, 0x00, 0x3E, 0x7C, 0x00, 0x3E, 0xFC, 0x1F, 0xFE, 0x0F,
    0xFF, 0x07, 0xFF, 0x83, 0xFF, 0xC1, 0xFF, 0xE0, 0xFF, 0xF0, 0x7F, 0xF8, 0x3F, 0xFF, 0xFF, 0xFF,
    0xFF, 0xFF, 0xFF, 0xFF, 0xFF, 0xFF, 0xC1, 0xFF, 0xE0, 0xFF, 0xF0, 0x7F, 0xF8, 0x3F, 0xFC, 0x1F,
    0xFE, 0x0F, 0xFF, 0x07, 0xFF, 0x83, 0xF0, 0x00, 0xE0, 0x00, 0xFF, 0x80, 0x7F, 0xFC, 0x1F, 0xFF,
    0xC3, 0xFF, 0xF8, 0xFC, 0x1F, 0x9F, 0x01, 0xF7, 0xE0, 0x3F, 0xFC, 0x07, 0xFF, 0x80, 0xFF, 0xF0,
    0x1F, 0xFE, 0x03, 0xFF, 0xC0, 0x7F, 0xF8, 0x0F, 0xFF, 0x01, 0xFB, 0xE0, 0x3E, 0x7E, 0x0F, 0xC7,
    0xFF, 0xF0, 0xFF, 0xFE, 0x0F, 0xFF, 0x80, 0x7F, 0xC0, 0x01, 0xC0, 0x00, 0xFF, 0xFF, 0xFF, 0xFF,
    0xFF, 0xFF, 0xFF, 0xFF, 0xFF, 0xC1, 0xFF, 0xE0, 0xFF, 0xF0, 0x7F, 0xF8, 0x3F, 0xFC, 0x1F, 0xFE,
    0x0F, 0xFF, 0x07, 0xFF, 0x83, 0xFF, 0xC1, 0xFF, 0xE0, 0xFF, 0xF0, 0x7F, 0xF8, 0x3F, 0xFC, 0x1F,
    0xFE, 0x0F, 0xFF, 0x07, 0xFF, 0x83, 0xF0, 0x00, 0x30, 0x3E, 0x7F, 0x8F, 0xBF, 0xF3, 0xFF, 0xFC,
    0xFF, 0xFF, 0xBF, 0x87, 0xEF, 0xC0, 0xFF, 0xF0, 0x3F, 0xFC, 0x0F, 0xFF, 0x03, 0xFF, 0xC0, 0xFF,
    0xF0, 0x3F, 0xFC, 0x0F, 0xFF, 0x03, 0xFF, 0xC0, 0xFF, 0xF0, 0x3E, 0xFE, 0x1F, 0xBF, 0xFF, 0xEF,
    0xFF, 0xF3, 0xFF, 0xF8, 0xFD, 0xFC, 0x3F, 0x1C, 0x0F, 0xC0, 0x03, 0xF0, 0x00, 0xFC, 0x00, 0x3F,
    0x00, 0x0F, 0xC0, 0x03, 0xF0, 0x00, 0xFC, 0x00, 0x00, 0x00, 0x00, 0x00, 0xE0, 0x03, 0xFE, 0x07,
    0xFF, 0xC7, 0xFF, 0xE3, 0xFF, 0xE3, 0xF0, 0x21, 0xF8, 0x01, 0xF8, 0x00, 0xFC, 0x00, 0x7E, 0x00,
    0x3F, 0x00, 0x1F, 0x80, 0x0F, 0xC0, 0x07, 0xE0, 0x03, 0xF0, 0x00, 0xF8, 0x00, 0x7E, 0x04, 0x1F,
    0xFF, 0x0F, 0xFF, 0xC3, 0xFF, 0xE0, 0x7F, 0xC0, 0x07, 0x00, 0xFF, 0xFF, 0xFF, 0xFF, 0xFF, 0xFF,
    0xFF, 0xFF, 0xFE, 0x03, 0xF0, 0x00, 0xFC, 0x00, 0x3F, 0x00, 0x0F, 0xC0, 0x03, 0xF0, 0x00, 0xFC,
    0x00, 0x3F, 0x00, 0x0F, 0xC0, 0x03, 0xF0, 0x00, 0xFC, 0x00, 0x3F, 0x00, 0x0F, 0xC0, 0x03, 0xF0,
    0x00, 0xFC, 0x00, 0x3F, 0x00, 0x0F, 0xC0, 0x7E, 0x01, 0xF3, 0xF0, 0x1F, 0x8F, 0x80, 0xFC, 0x7E,
    0x07, 0xC3, 0xF0, 0x7E, 0x1F, 0x83, 0xF0, 0x7C, 0x1F, 0x03, 0xF0, 0xF8, 0x1F, 0x8F, 0xC0, 0x7C,
    0x7C, 0x03, 0xE3, 0xE0, 0x1F, 0x1F, 0x00, 0x7D, 0xF0, 0x03, 0xEF, 0x80, 0x1F, 0x7C, 0x00, 0x7F,
    0xC0, 0x03, 0xFE, 0x00, 0x1F, 0xF0, 0x00, 0x7F, 0x00, 0x03, 0xF8, 0x00, 0x07, 0xC0, 0x00, 0x7C,
    0x00, 0x07, 0xE0, 0x00, 0x7E, 0x00, 0x1F, 0xF0, 0x00, 0xFF, 0x00, 0x07, 0xE0, 0x00, 0x3C, 0x00,
    0x00, 0x00, 0x18, 0x00, 0x00, 0x01, 0xF8, 0x00, 0x00, 0x1F, 0x80, 0x00, 0x01, 0xF8, 0x00, 0x00,
    0x1F, 0x80, 0x00, 0x01, 0xF8, 0x00, 0x00, 0x1F, 0x80, 0x00, 0x01, 0xF8, 0x00, 0x07, 0x1F, 0x8C,
    0x01, 0xFD, 0xFB, 0xF8, 0x3F, 0xFF, 0xFF, 0xC7, 0xFF, 0xFF, 0xFE, 0x7F, 0xFF, 0xFF, 0xE7, 0xE3,
    0xFC, 0x7E, 0xFC, 0x1F, 0x83, 0xFF, 0xC1, 0xF8, 0x3F, 0xFC, 0x1F, 0x83, 0xFF, 0xC1, 0xF8, 0x3F,
    0xFC, 0x1F, 0x83, 0xFF, 0xC1, 0xF8, 0x3F, 0xFC, 0x1F, 0x83, 0xFF, 0xC1, 0xF8, 0x3F, 0xFC, 0x1F,
    0x83, 0xFF, 0xC1, 0xF8, 0x3F, 0x7E, 0x3F, 0x87, 0xE7, 0xFF, 0xFF, 0xFE, 0x3F, 0xFF, 0xFF, 0xC3,
    0xFF, 0xFF, 0xFC, 0x1F, 0xDF, 0xBF, 0x00, 0x71, 0xF8, 0xC0, 0x00, 0x1F, 0x80, 0x00, 0x01, 0xF8,
    0x00, 0x00, 0x1F, 0x80, 0x00, 0x01, 0xF8, 0x00, 0x00, 0x1F, 0x80, 0x00, 0x01, 0xF8, 0x00, 0x00,
    0x1F, 0x80, 0x00, 0x00, 0x00, 0x00, 0x3F, 0x07, 0xE1, 0xF8, 0x3E, 0x07, 0xE3, 0xF0, 0x3F, 0x1F,
    0x00, 0xFD, 0xF8, 0x03, 0xEF, 0x80, 0x1F, 0xF8, 0x00, 0x7F, 0xC0, 0x01, 0xFC, 0x00, 0x0F, 0xE0,
    0x00, 0xFF, 0x80, 0x07, 0xFC, 0x00, 0x7F, 0xF0, 0x03, 0xEF, 0x80, 0x3E, 0x7E, 0x03, 0xF1, 0xF8,
    0x1F, 0x0F, 0xC1, 0xF8, 0x3F, 0x0F, 0x81, 0xF8, 0xFC, 0x07, 0xE0, 0xFC, 0x1F, 0x8F, 0xC1, 0xF8,
    0xFC, 0x1F, 0x8F, 0xC1, 0xF8, 0xFC, 0x1F, 0x8F, 0xC1, 0xF8, 0xFC, 0x1F, 0x8F, 0xC1, 0xF8, 0xFC,
    0x1F, 0x8F, 0xC1, 0xF8, 0xFC, 0x1F, 0x8F, 0xC1, 0xF8, 0xFC, 0x1F, 0x8F, 0xC1, 0xF8, 0xFC, 0x1F,
    0x8F, 0xC1, 0xF8, 0xFF, 0xFF, 0xFF, 0xFF, 0xFF, 0xFF, 0xFF, 0xFF, 0xFF, 0xFF, 0x00, 0x01, 0xF0,
    0x00, 0x1F, 0x00, 0x01, 0xF0, 0x00, 0x1F, 0x00, 0x00, 0xF0, 0x00, 0x0F, 0xFC, 0x1F, 0xFE, 0x0F,
    0xFF, 0x07, 0xFF, 0x83, 0xFF, 0xC1, 0xFF, 0xE0, 0xFF, 0xF0, 0x7F, 0xF8, 0x3F, 0xFC, 0x1F, 0xFE,
    0x1F, 0xFF, 0xFF, 0xEF, 0xFF, 0xF7, 0xFF, 0xF8, 0xFC, 0xFC, 0x00, 0x7E, 0x00, 0x3F, 0x00, 0x1F,
    0x80, 0x0F, 0xC0, 0x07, 0xE0, 0x03, 0xF0, 0xFC, 0x3E, 0x1F, 0xFE, 0x1F, 0x0F, 0xFF, 0x0F, 0x87,
    0xFF, 0x87, 0xC3, 0xFF, 0xC3, 0xE1, 0xFF, 0xE1, 0xF0, 0xFF, 0xF0, 0xF8, 0x7F, 0xF8, 0x7C, 0x3F,
    0xFC, 0x3E, 0x1F, 0xFE, 0x1F, 0x0F, 0xFF, 0x0F, 0x87, 0xFF, 0x87, 0xC3, 0xFF, 0xC3, 0xE1, 0xFF,
    0xE1, 0xF0, 0xFF, 0xF0, 0xF8, 0x7F, 0xF8, 0x7C, 0x3F, 0xFF, 0xFF, 0xFF, 0xFF, 0xFF, 0xFF, 0xFF,
    0xFF, 0xFF, 0xFF, 0xFF, 0xFF, 0xF0, 0xFC, 0x3E, 0x1F, 0x8F, 0xC3, 0xE1, 0xF8, 0xFC, 0x3E, 0x1F,
    0x8F, 0xC3, 0xE1, 0xF8, 0xFC, 0x3E, 0x1F, 0x8F, 0xC3, 0xE1, 0xF8, 0xFC, 0x3E, 0x1F, 0x8F, 0xC3,
    0xE1, 0xF8, 0xFC, 0x3E, 0x1F, 0x8F, 0xC3, 0xE1, 0xF8, 0xFC, 0x3E, 0x1F, 0x8F, 0xC3, 0xE1, 0xF8,
    0xFC, 0x3E, 0x1F, 0x8F, 0xC3, 0xE1, 0xF8, 0xFC, 0x3E, 0x1F, 0x8F, 0xC3, 0xE1, 0xF8, 0xFF, 0xFF,
    0xFF, 0xFF, 0xFF, 0xFF, 0xFF, 0xFF, 0xFF, 0xFF, 0xFF, 0xFF, 0xFF, 0xFF, 0x00, 0x00, 0x01, 0xF0,
    0x00, 0x00, 0x1F, 0x00, 0x00, 0x01, 0xF0, 0x00, 0x00, 0x1F, 0x00, 0x00, 0x01, 0xF0, 0x00, 0x00,
    0x0F, 0xFF, 0xF0, 0x03, 0xFF, 0xC0, 0x0F, 0xFF, 0x00, 0x3F, 0xFC, 0x00, 0x03, 0xF0, 0x00, 0x0F,
    0xC0, 0x00, 0x3F, 0xFC, 0x00, 0xFF, 0xFC, 0x03, 0xFF, 0xF8, 0x0F, 0xFF, 0xE0, 0x3F, 0x1F, 0xC0,
    0xFC, 0x3F, 0x03, 0xF0, 0xFC, 0x0F, 0xC3, 0xF0, 0x3F, 0x0F, 0xC0, 0xFC, 0x7F, 0x03, 0xFF, 0xF8,
    0x0F, 0xFF, 0xE0, 0x3F, 0xFE, 0x00, 0xFF, 0xF0, 0xFC, 0x00, 0x7F, 0xF8, 0x00, 0xFF, 0xF0, 0x01,
    0xFF, 0xE0, 0x03, 0xFF, 0xC0, 0x07, 0xFF, 0x80, 0x0F, 0xFF, 0xFC, 0x1F, 0xFF, 0xFE, 0x3F, 0xFF,
    0xFE, 0x7F, 0xFF, 0xFC, 0xFF, 0xF1, 0xFD, 0xFF, 0xE1, 0xFB, 0xFF, 0xC3, 0xF7, 0xFF, 0x87, 0xEF,
    0xFF, 0x0F, 0xDF, 0xFE, 0x3F, 0xBF, 0xFF, 0xFE, 0x7F, 0xFF, 0xFC, 0xFF, 0xFF, 0xE1, 0xFF, 0xFF,
    0x03, 0xF0, 0xFC, 0x00, 0xFC, 0x00, 0xFC, 0x00, 0xFC, 0x00, 0xFC, 0x00, 0xFC, 0x00, 0xFF, 0xF0,
    0xFF, 0xFC, 0xFF, 0xFE, 0xFF, 0xFE, 0xFC, 0x7F, 0xFC, 0x3F, 0xFC, 0x3F, 0xFC, 0x3F, 0xFC, 0x3F,
    0xFC, 0x7F, 0xFF, 0xFE, 0xFF, 0xFE, 0xFF, 0xF8, 0xFF, 0xF0, 0x03, 0x80, 0x0F, 0xF8, 0x1F, 0xFF,
    0x0F, 0xFF, 0xC3, 0xFF, 0xE0, 0x81, 0xF8, 0x00, 0xFC, 0x00, 0x3E, 0x00, 0x1F, 0x87, 0xFF, 0xC3,
    0xFF, 0xE1, 0xFF, 0xF0, 0x01, 0xF8, 0x00, 0xF8, 0x00, 0x7C, 0x00, 0x7E, 0x30, 0x7F, 0x1F, 0xFF,
    0x1F, 0xFF, 0x0F, 0xFF, 0x03, 0xFF, 0x00, 0x1C, 0x00, 0x00, 0x00, 0xE0, 0x3F, 0x01, 0xFE, 0x0F,
    0xC1, 0xFF, 0xE3, 0xF0, 0xFF, 0xFC, 0xFC, 0x3F, 0xFF, 0xBF, 0x1F, 0x87, 0xEF, 0xC7, 0xC0, 0xFB,
    0xF1, 0xF0, 0x3F, 0xFC, 0xFC, 0x0F, 0xFF, 0xFF, 0x03, 0xFF, 0xFF, 0xC0, 0xFF, 0xFF, 0xF0, 0x3F,
    0xFF, 0xFC, 0x0F, 0xFF, 0x3F, 0x03, 0xFF, 0xCF, 0xC0, 0xFF, 0xF1, 0xF0, 0x3E, 0xFC, 0x7E, 0x1F,
    0xBF, 0x0F, 0xFF, 0xCF, 0xC3, 0xFF, 0xF3, 0xF0, 0x7F, 0xF8, 0xFC, 0x07, 0xF8, 0x00, 0x00, 0x78,
    0x00, 0x01, 0xFF, 0xE1, 0xFF, 0xFC, 0x7F, 0xFF, 0x8F, 0xFF, 0xF3, 0xF8, 0x7E, 0x7E, 0x0F, 0xCF,
    0xC1, 0xF9, 0xF8, 0x3F, 0x3F, 0x07, 0xE3, 0xF0, 0xFC, 0x7F, 0xFF, 0x87, 0xFF, 0xF0, 0x7F, 0xFE,
    0x1F, 0x8F, 0xC3, 0xE1, 0xF8, 0xFC, 0x3F, 0x3F, 0x07, 0xE7, 0xE0, 0xFD, 0xF8, 0x1F, 0xBF, 0x03,
    0xF0, 0x1C, 0x0E, 0x0F, 0x87, 0xC3, 0xF3, 0xF0, 0xFC, 0xFC, 0x3E, 0x1F, 0x07, 0x03, 0x80, 0x00,
    0x00, 0x00, 0x00, 0x00, 0x00, 0x00, 0x00, 0x00, 0x0E, 0x00, 0x1F, 0xF0, 0x1F, 0xFE, 0x0F, 0xFF,
    0xC3, 0xFF, 0xF9, 0xF8, 0x7E, 0x7C, 0x0F, 0xFF, 0x03, 0xFF, 0xC0, 0xFF, 0xFF, 0xFF, 0xFF, 0xFF,
    0xFF, 0xFF, 0xFF, 0xC0, 0x03, 0xF0, 0x00, 0xFC, 0x00, 0x1F, 0x80, 0x07, 0xE0, 0x70, 0xFF, 0xFC,
    0x3F, 0xFF, 0x87, 0xFF, 0xC0, 0x7F, 0xE0, 0x03, 0x80, 0x00, 0xE0, 0x03, 0xFE, 0x07, 0xFF, 0xC7,
    0xFF, 0xE3, 0xFF, 0xE3, 0xF0, 0x21, 0xF0, 0x01, 0xF8, 0x00, 0xFC, 0x00, 0x7F, 0xFC, 0x3F, 0xFE,
    0x1F, 0xFF, 0x0F, 0xC0, 0x07, 0xE0, 0x03, 0xF0, 0x00, 0xF8, 0x00, 0x7E, 0x06, 0x1F, 0xFF, 0x0F,
    0xFF, 0xC3, 0xFF, 0xE0, 0x7F, 0xC0, 0x07, 0x00, 0x7B, 0xFF, 0xFF, 0xFD, 0xE0, 0x00, 0x00, 0x00,
    0x3F, 0xFF, 0xFF, 0xFF, 0xFF, 0xFF, 0xFF, 0xFF, 0xFF, 0xFF, 0xFF, 0xFF, 0xFF, 0xFF, 0xFF, 0xC0,
    0x70, 0x3B, 0xE1, 0xFF, 0xCF, 0xFF, 0x3F, 0xF8, 0x7D, 0xC0, 0xE0, 0x00, 0x00, 0x00, 0x00, 0x00,
    0x00, 0x00, 0x00, 0x03, 0xF0, 0x0F, 0xC0, 0x3F, 0x00, 0xFC, 0x03, 0xF0, 0x0F, 0xC0, 0x3F, 0x00,
    0xFC, 0x03, 0xF0, 0x0F, 0xC0, 0x3F, 0x00, 0xFC, 0x03, 0xF0, 0x0F, 0xC0, 0x3F, 0x00, 0xFC, 0x03,
    0xF0, 0x0F, 0xC0, 0x3F, 0x00, 0xFC, 0x00, 0x00, 0x00, 0x00, 0x78, 0x3C, 0x03, 0xE3, 0xE0, 0x0F,
    0xFE, 0x00, 0x7F, 0xF0, 0x01, 0xFF, 0x00, 0x07, 0xF0, 0x00, 0x00, 0x00, 0x00, 0x00, 0x00, 0x00,
    0x00, 0x00, 0x00, 0x00, 0x00, 0x00, 0x07, 0xE0, 0x1F, 0x3F, 0x01, 0xF8, 0xF8, 0x0F, 0xC7, 0xE0,
    0x7C, 0x3F, 0x07, 0xE1, 0xF8, 0x3F, 0x07, 0xC1, 0xF0, 0x3F, 0x0F, 0x81, 0xF8, 0xFC, 0x07, 0xC7,
    0xC0, 0x3E, 0x3E, 0x01, 0xF1, 0xF0, 0x07, 0xDF, 0x00, 0x3E, 0xF8, 0x01, 0xF7, 0xC0, 0x07, 0xFC,
    0x00, 0x3F, 0xE0, 0x01, 0xFF, 0x00, 0x07, 0xF0, 0x00, 0x3F, 0x80, 0x00, 0x7C, 0x00, 0x07, 0xC0,
    0x00, 0x7E, 0x00, 0x07, 0xE0, 0x01, 0xFF, 0x00, 0x0F, 0xF0, 0x00, 0x7E, 0x00, 0x03, 0xC0, 0x00,
    0x00, 0x7C, 0x01, 0xF0, 0x07, 0xC0, 0x1F, 0x00, 0x7C, 0x01, 0xFF, 0xFF, 0xFF, 0xFF, 0xFF, 0xFF,
    0xFF, 0xFF, 0xC0, 0x3F, 0x00, 0xFC, 0x03, 0xF0, 0x0F, 0xC0, 0x3F, 0x00, 0xFC, 0x03, 0xF0, 0x0F,
    0xC0, 0x3F, 0x00, 0xFC, 0x03, 0xF0, 0x0F, 0xC0, 0x3F, 0x00, 0xFC, 0x03, 0xF0, 0x00, 0x1F, 0xFF,
    0xE1, 0xFF, 0xFE, 0x1F, 0xFF, 0xE1, 0xFF, 0xFE, 0x1F, 0x80, 0x01, 0xF8, 0x00, 0x1F, 0x80, 0x01,
    0xF8, 0x00, 0x1F, 0x80, 0x01, 0xF8, 0x00, 0x1F, 0x80, 0x0F, 0xFF, 0xC0, 0xFF, 0xFC, 0x0F, 0xFF,
    0xC0, 0xFF, 0xFC, 0x01, 0xF8, 0x00, 0x1F, 0x80, 0x01, 0xF8, 0x00, 0x1F, 0x80, 0x01, 0xF8, 0x00,
    0x1F, 0x80, 0x01, 0xF8, 0x00, 0x1F, 0x80, 0x01, 0xF8, 0x00, 0x1F, 0x80, 0x01, 0xF8, 0x00, 0x1F,
    0x80, 0x00, 0x3F, 0xFF, 0x1F, 0xFF, 0x8F, 0xFF, 0xC7, 0xFF, 0xE3, 0xF0, 0x01, 0xF8, 0x00, 0xFC,
    0x00, 0x7E, 0x00, 0xFF, 0xF0, 0x7F, 0xF8, 0x3F, 0xFC, 0x07, 0xE0, 0x03, 0xF0, 0x01, 0xF8, 0x00,
    0xFC, 0x00, 0x7E, 0x00, 0x3F, 0x00, 0x1F, 0x80, 0x0F, 0xC0, 0x07, 0xE0, 0x00, 0xFC, 0x03, 0xF7,
    0xE0, 0x3F, 0x3F, 0x01, 0xF9, 0xF8, 0x1F, 0x8F, 0xC0, 0xFC, 0x7E, 0x0F, 0xC3, 0xF0, 0x7E, 0x1F,
    0x87, 0xE0, 0xFC, 0x3E, 0x07, 0xE3, 0xF0, 0x3F, 0x1F, 0x01, 0xFF, 0xF8, 0x0F, 0xFF, 0x80, 0x7F,
    0xFE, 0x03, 0xFF, 0xF0, 0x1F, 0x8F, 0xC0, 0xFC, 0x7F, 0x07, 0xE1, 0xF8, 0x3F, 0x0F, 0xE1, 0xF8,
    0x3F, 0x0F, 0xC1, 0xFC, 0x7E, 0x07, 0xE3, 0xF0, 0x3F, 0xFF, 0x80, 0xFF, 0xFC, 0x07, 0xFF, 0xE0,
    0x1F, 0xFF, 0x00, 0xFE, 0x00, 0x01, 0xF0, 0x00, 0x0F, 0x80, 0x00, 0x3C, 0x00, 0x01, 0xE0, 0x00,
    0x0F, 0x00, 0x00, 0x78, 0xFC, 0x0F, 0xBF, 0x07, 0xCF, 0xC3, 0xF3, 0xF0, 0xF8, 0xFC, 0x7C, 0x3F,
    0x3F, 0x0F, 0xCF, 0x83, 0xFF, 0xE0, 0xFF, 0xF0, 0x3F, 0xFC, 0x0F, 0xFF, 0x83, 0xF3, 0xE0, 0xFC,
    0xFC, 0x3F, 0x1F, 0x0F, 0xC7, 0xE3, 0xF0, 0xF8, 0xFC, 0x3F, 0xFF, 0x07, 0xFF, 0xC1, 0xFF, 0xF0,
    0x3F, 0x00, 0x03, 0xC0, 0x00, 0xF0, 0x00, 0x3C, 0x00, 0x0F, 0x00, 0x03, 0xC0, 0x00, 0xF0, 0xFC,
    0x03, 0xF1, 0xF8, 0x07, 0xE3, 0xF0, 0x0F, 0xC7, 0xE0, 0x1F, 0x8F, 0xC0, 0x3F, 0x1F, 0x80, 0x7E,
    0x3F, 0x00, 0xFC, 0x7E, 0x01, 0xF8, 0xFC, 0x03, 0xF1, 0xF8, 0x07, 0xE3, 0xF0, 0x0F, 0xC7, 0xFF,
    0xFF, 0x8F, 0xFF, 0xFF, 0x1F, 0xFF, 0xFE, 0x3F, 0xFF, 0xFC, 0x7E, 0x01, 0xF8, 0xFC, 0x03, 0xF1,
    0xF8, 0x07, 0xE3, 0xF0, 0x0F, 0xC7, 0xE0, 0x1F, 0x8F, 0xC0, 0x3F, 0x1F, 0x80, 0x7E, 0x3F, 0x00,
    0xFF, 0xFE, 0x01, 0xFF, 0xFC, 0x03, 0xFF, 0xF8, 0x07, 0xFF, 0xF0, 0x0F, 0xF8, 0x00, 0x01, 0xF0,
    0x00, 0x03, 0xE0, 0x00, 0x07, 0xC0, 0x00, 0x0F, 0x80, 0x00, 0x1F, 0x00, 0x00, 0x3E, 0xFC, 0x1F,
    0x8F, 0xC1, 0xF8, 0xFC, 0x1F, 0x8F, 0xC1, 0xF8, 0xFC, 0x1F, 0x8F, 0xC1, 0xF8, 0xFC, 0x1F, 0x8F,
    0xC1, 0xF8, 0xFF, 0xFF, 0x8F, 0xFF, 0xF8, 0xFF, 0xFF, 0x8F, 0xFF, 0xF8, 0xFC, 0x1F, 0x8F, 0xC1,
    0xF8, 0xFC, 0x1F, 0x8F, 0xC1, 0xF8, 0xFC, 0x1F, 0xFF, 0xC1, 0xFF, 0xFC, 0x1F, 0xFF, 0xC1, 0xFF,
    0x00, 0x00, 0xF0, 0x00, 0x0F, 0x00, 0x00, 0xF0, 0x00, 0x0F, 0x00, 0x00, 0xF0, 0x00, 0x0F, 0x7E,
    0x00, 0x7E, 0xFC, 0x01, 0xF8, 0xFC, 0x03, 0xF1, 0xF8, 0x0F, 0xC1, 0xF8, 0x1F, 0x83, 0xF0, 0x3E,
    0x03, 0xF0, 0xFC, 0x07, 0xE1, 0xF0, 0x07, 0xC7, 0xE0, 0x0F, 0xCF, 0x80, 0x0F, 0x9F, 0x00, 0x1F,
    0xFC, 0x00, 0x1F, 0xF8, 0x00, 0x3F, 0xE0, 0x00, 0x3F, 0xC0, 0x00, 0x7F, 0x00, 0x00, 0x7E, 0x00,
    0x00, 0xFC, 0x00, 0x01, 0xF8, 0x00, 0x03, 0xF0, 0x00, 0x07, 0xE0, 0x00, 0x0F, 0xC0, 0x00, 0x1F,
    0x80, 0x00, 0x3F, 0x00, 0x00, 0x7E, 0x00, 0x00, 0xFC, 0x00, 0x01, 0xF8, 0x00, 0x7E, 0x01, 0xFB,
    0xF0, 0x0F, 0x8F, 0xC0, 0xFC, 0x7E, 0x07, 0xC3, 0xF0, 0x3E, 0x0F, 0x83, 0xF0, 0x7E, 0x1F, 0x03,
    0xF0, 0xF8, 0x0F, 0x87, 0xC0, 0x7C, 0x7C, 0x01, 0xF3, 0xE0, 0x0F, 0x9F, 0x00, 0x7C, 0xF0, 0x01,
    0xFF, 0x80, 0x0F, 0xFC, 0x00, 0x7F, 0xC0, 0x01, 0xFE, 0x00, 0x0F, 0xF0, 0x00, 0x7F, 0x00, 0x01,
    0xF8, 0x00, 0x0F, 0xC0, 0x00, 0x7E, 0x00, 0x03, 0xF0, 0x00, 0x1F, 0x80, 0x00, 0xFC, 0x00, 0x07,
    0xE0, 0x00, 0x3F, 0x00, 0x01, 0xF8, 0x00, 0x0F, 0x00, 0x00, 0x7E, 0x00, 0x7E, 0x3F, 0x00, 0x7C,
    0x3F, 0x00, 0xFC, 0x1F, 0x80, 0xF8, 0x1F, 0x81, 0xF8, 0x0F, 0xC1, 0xF8, 0x0F, 0xC1, 0xF0, 0x07,
    0xC3, 0xF0, 0x07, 0xE3, 0xE0, 0x03, 0xE7, 0xE0, 0x03, 0xF7, 0xC0, 0x01, 0xF7, 0xC0, 0x01, 0xFF,
    0x80, 0x00, 0xFF, 0x80, 0x00, 0xFF, 0x00, 0x07, 0xFF, 0xE0, 0x07, 0xFF, 0xE0, 0x07, 0xFF, 0xE0,
    0x00, 0x7E, 0x00, 0x00, 0x7E, 0x00, 0x00, 0x7E, 0x00, 0x00, 0x7E, 0x00, 0x00, 0x7E, 0x00, 0x00,
    0x7E, 0x00, 0x00, 0x7E, 0x00, 0x00, 0x7E, 0x00, 0x00, 0x7E, 0x00, 0x7E, 0x03, 0xF3, 0xF0, 0x1F,
    0x9F, 0x80, 0xFC, 0x7C, 0x07, 0xC3, 0xF0, 0x7E, 0x1F, 0x83, 0xE0, 0x7C, 0x1F, 0x03, 0xE1, 0xF8,
    0x1F, 0x8F, 0x80, 0x7C, 0x7C, 0x03, 0xE3, 0xE0, 0x0F, 0x3E, 0x00, 0x7D, 0xF0, 0x03, 0xEF, 0x00,
    0x0F, 0xF8, 0x00, 0x7F, 0xC0, 0x03, 0xFC, 0x00, 0x7F, 0xFC, 0x03, 0xFF, 0xE0, 0x1F, 0xFF, 0x00,
    0x1F, 0x80, 0x00, 0xFC, 0x00, 0x07, 0xE0, 0x00, 0x3F, 0x00, 0x01, 0xF8, 0x00, 0x0F, 0xC0, 0x00,
    0x7E, 0x00, 0x03, 0xF0, 0x00, 0x00, 0x00, 0x00, 0x00, 0x70, 0x00, 0x1F, 0xFC, 0x01, 0xFF, 0xF8,
    0x0F, 0xFF, 0xF0, 0x3F, 0xFF, 0xE0, 0x78, 0x1F, 0xC0, 0x80, 0x3F, 0x00, 0x00, 0x7E, 0x00, 0x01,
    0xF8, 0x00, 0x03, 0xE0, 0x00, 0x0F, 0x80, 0x00, 0x3F, 0xFF, 0xFF, 0xFF, 0xFF, 0xFF, 0xFF, 0xFF,
    0xFF, 0xFF, 0xFF, 0xFF, 0xFC, 0x00, 0xFF, 0xF0, 0x03, 0xEF, 0xC0, 0x0F, 0xBF, 0x00, 0x3E, 0x7C,
    0x01, 0xF9, 0xF8, 0x07, 0xE7, 0xE0, 0x3F, 0x0F, 0xC1, 0xFC, 0x3F, 0xFF, 0xE0, 0x7F, 0xFF, 0x00,
    0xFF, 0xF8, 0x00, 0xFF, 0xC0, 0x00, 0x70, 0x00, 0x00, 0xE0, 0x01, 0xFF, 0x80, 0xFF, 0xF8, 0x1F,
    0xFF, 0x81, 0xFF, 0xF8, 0x30, 0x1F, 0x80, 0x03, 0xF0, 0x00, 0x3E, 0x00, 0x07, 0xDF, 0xFF, 0xFF,
    0xFF, 0xFF, 0xFF, 0xFF, 0xFF, 0xC0, 0x7F, 0xF8, 0x0F, 0xBF, 0x01, 0xF3, 0xE0, 0x7E, 0x7E, 0x0F,
    0xCF, 0xFF, 0xF0, 0xFF, 0xFC, 0x0F, 0xFF, 0x00, 0x7F, 0xC0, 0x01, 0xC0, 0x00, 0x00, 0x38, 0x00,
    0x07, 0xFF, 0x00, 0x1F, 0xFF, 0x00, 0x7F, 0xFF, 0x01, 0xFF, 0xFF, 0x07, 0xF0, 0x7F, 0x0F, 0x80,
    0x3F, 0x3F, 0x00, 0x7E, 0x7C, 0x00, 0x7D, 0xF8, 0x00, 0xFF, 0xF0, 0x01, 0xFF, 0xE0, 0x03, 0xFF,
    0xC0, 0x07, 0xFF, 0xFF, 0xFF, 0xFF, 0xFF, 0xFF, 0xFF, 0xFF, 0xFF, 0xFC, 0x00, 0x7F, 0xF8, 0x00,
    0xFF, 0xF0, 0x01, 0xFF, 0xE0, 0x03, 0xF7, 0xC0, 0x07, 0xCF, 0xC0, 0x1F, 0x9F, 0x80, 0x3E, 0x1F,
    0x81, 0xFC, 0x1F, 0xFF, 0xF0, 0x1F, 0xFF, 0xC0, 0x1F, 0xFF, 0x00, 0x1F, 0xFC, 0x00, 0x03, 0x80,
    0x00, 0x00, 0xE0, 0x00, 0xFF, 0x80, 0x7F, 0xFC, 0x1F, 0xFF, 0xC3, 0xFF, 0xF8, 0xFC, 0x1F, 0x9F,
    0x01, 0xF7, 0xE0, 0x3F, 0xFC, 0x07, 0xFF, 0xFF, 0xFF, 0xFF, 0xFF, 0xFF, 0xFF, 0xFF, 0xC0, 0x7F,
    0xF8, 0x0F, 0xFF, 0x01, 0xFB, 0xE0, 0x3E, 0x7E, 0x0F, 0xC7, 0xFF, 0xF0, 0xFF, 0xFE, 0x0F, 0xFF,
    0x80, 0x7F, 0xC0, 0x01, 0xC0, 0x00, 0x10, 0x41, 0x0E, 0x6D, 0x10, 0x30, 0x70, 0xE0, 0x0C, 0xDD,
    0xFB, 0x80, 0x31, 0x8C, 0xC3, 0x18, 0xDF, 0x8D, 0xF8, 0x5D, 0x74, 0xD0, 0x5D, 0x70, 0x04, 0x21,
    0x08, 0x38, 0x00, 0x23, 0xBE, 0xE2, 0x00, 0x00, 0x73, 0x99, 0x8D, 0xC6, 0x00, 0x70, 0xC2, 0x10,
    0x84, 0x00, 0xDD, 0xC3, 0x0C, 0x00, 0x00, 0x5A, 0xD0, 0xB8, 0x00, 0x76, 0x21, 0x08, 0x40, 0x76,
    0x21, 0x08, 0x40, 0x73, 0xB1, 0x88, 0x42, 0x10, 0x84, 0x21, 0x00, 0x00, 0x3F, 0xFD, 0xEF, 0x7B,
    0x7F, 0x83, 0x00, 0x00, 0x01, 0xF6, 0xDB, 0x79, 0x00, 0x00, 0x99, 0xFE, 0x80, 0x41, 0xB7, 0x84,
    0x10, 0x40, 0x01, 0x11, 0x1F, 0x00, 0x00, 0xDD, 0xC3, 0x0C, 0x00, 0x00, 0x42, 0x10, 0xB8, 0x00,
    0x00, 0x02, 0x10, 0x84, 0x21, 0x08, 0x5D, 0xE0, 0x00, 0x01, 0xF2, 0x04, 0x19, 0xE0, 0x00, 0x70,
    0xC2, 0x10, 0x84, 0x03, 0xED, 0xB6, 0x78, 0x20, 0x00, 0x8B, 0x67, 0x88, 0x20, 0x80, 0x00, 0xCD,
    0xC7, 0x0C, 0x00, 0x00, 0x42, 0x10, 0xBC, 0x00, 0x04, 0x21, 0x08, 0x38, 0x00, 0x00, 0x73, 0x99,
    0x8D, 0xC6, 0x00, 0x03, 0xE8, 0xB2, 0x70, 0xDF, 0x8D, 0xF8, 0xCC, 0xDD, 0xDF, 0xBB, 0x80, 0x03,
    0x0C, 0x71, 0xCE, 0x38, 0x00, 0x6F, 0xF7, 0xFF, 0x70, 0x00, 0x00, 0x60, 0x07, 0x00, 0x70, 0x00,
    0x6F, 0xF7, 0xFF, 0x71, 0x80, 0x18, 0x61, 0x87, 0x18, 0x70, 0xDF, 0x80, 0xCD, 0xDF, 0xB8, 0xCD,
    0xDF, 0xB8, 0x03, 0x07, 0x0E, 0x00, 0x00, 0xFF, 0xFF, 0x00, 0xFF, 0xFF, 0x18, 0x18, 0x18, 0x18,
    0xDF, 0x80, 0xDF, 0x80, 0xE0, 0x7C, 0x37, 0x03, 0xE0, 0x30, 0x18, 0xDF, 0x80, 0x55, 0x50, 0x00,
    0x3F, 0xFF, 0xFF, 0xFF, 0xFF, 0xC0, 0x00, 0x7F, 0xFF, 0xE0, 0xFF, 0xFF, 0xFF, 0xFF, 0xFF, 0xFF,
    0xFF, 0xFF, 0xFF, 0xFF, 0xDF, 0x80, 0xDF, 0x80, 0x7B, 0xFF, 0xFF, 0xFD, 0xE0, 0x00, 0x00, 0x00,
    0x00, 0x00, 0xC7, 0xBF, 0xFF, 0xF7, 0x8C, 0xDF, 0x80, 0xDF, 0x80, 0x1F, 0xC3, 0xFC, 0x7F, 0xCF,
    0xFC, 0xFE, 0x0F, 0xC0, 0xF8, 0x0F, 0x80, 0xF8, 0x0F, 0x80, 0xF8, 0x0F, 0x80, 0xF8, 0x0F, 0x80,
    0xF8, 0x0F, 0x80, 0xFC, 0x0F, 0xFE, 0xFF, 0xEF, 0xFE, 0xFF, 0xE0, 0xFF, 0xFF, 0xFF, 0x18, 0x18,
    0x18, 0x18, 0x7E, 0x01, 0xF0, 0xFC, 0x07, 0xC1, 0xF8, 0x1F, 0x07, 0xE0, 0x7C, 0x0F, 0xC1, 0xF0,
    0x1F, 0x87, 0xC0, 0x3F, 0x1F, 0x00, 0xFC, 0x7C, 0x07, 0xF9, 0xF0, 0x3F, 0xFF, 0xC1, 0xFF, 0xFE,
    0x07, 0xDF, 0xF0, 0x3F, 0x3F, 0xC0, 0xFC, 0xFE, 0x03, 0xE1, 0xF8, 0x0F, 0x83, 0xF0, 0x3E, 0x0F,
    0xE0, 0xF8, 0x1F, 0x83, 0xE0, 0x3F, 0x0F, 0x80, 0xFE, 0x3E, 0x01, 0xF8, 0x7F, 0xF8, 0x0F, 0xFF,
    0xC1, 0xFF, 0xF8, 0x3F, 0xFF, 0x80, 0x07, 0xF0, 0x00, 0x3E, 0x00, 0x07, 0xC0, 0x00, 0xF8, 0x00,
    0x1F, 0x00, 0x03, 0xE0, 0x00, 0x7C, 0x00, 0x0F, 0x80, 0x01, 0xF0, 0x00, 0x3E, 0x00, 0x07, 0xC0,
    0x00, 0xF8, 0x00, 0x1F, 0x8F, 0xFF, 0xFD, 0xFF, 0xFF, 0xFF, 0xFF, 0xFF, 0xFF, 0xFE, 0x1F, 0xC0,
    0x3F, 0xE0, 0x7F, 0xC0, 0xFF, 0xC0, 0x3F, 0x80, 0x1F, 0x00, 0x3E, 0x00, 0x7C, 0x00, 0xF8, 0x01,
    0xF0, 0x03, 0xE0, 0x07, 0xC0, 0x1F, 0x80, 0x7F, 0x01, 0xFE, 0x1F, 0xFC, 0x3F, 0xFC, 0xFD, 0xF9,
    0xF3, 0xF3, 0xE7, 0xE7, 0x0F, 0xC8, 0x00, 0x00, 0xFF, 0xFF, 0xFF, 0xFF, 0xFF, 0xFF, 0xFF, 0xFF,
    0xF0, 0x03, 0xC0, 0x03, 0xC0, 0x01, 0xE0, 0x01, 0xF0, 0x00, 0xF8, 0x00, 0x7C, 0x00, 0x3E, 0x00,
    0x1F, 0x00, 0x0F, 0x80, 0x07, 0xC0, 0x03, 0xE0, 0x01, 0xF0, 0x00, 0xF8, 0x00, 0x7C, 0x00, 0x3E,
    0x00, 0x1F, 0x00, 0x0F, 0x80, 0xFF, 0xFE, 0x3F, 0xFF, 0xCF, 0xFF, 0xFB, 0xFF, 0xFF, 0x00, 0x1F,
    0xC0, 0x03, 0xF0, 0x00, 0x7C, 0x00, 0x1F, 0x00, 0x07, 0xFE, 0x01, 0xFF, 0x80, 0x7F, 0xE0, 0x1F,
    0xF8, 0x07, 0xFE, 0x01, 0xFF, 0x80, 0x7F, 0xE0, 0x1F, 0xF8, 0x07, 0xFE, 0x01, 0xFF, 0x80, 0x7F,
    0xE0, 0x1F, 0xF8, 0x07, 0xC0, 0x7F, 0x9F, 0xE7, 0xF9, 0xFE, 0x0F, 0x83, 0xE0, 0xF8, 0x3E, 0x0F,
    0x83, 0xE0, 0xF8, 0x3E, 0x0F, 0x83, 0xE0, 0xF8, 0x3E, 0x0F, 0x83, 0xE0, 0xF8, 0x3E, 0x0F, 0x80,
    0xFF, 0xFF, 0xFF, 0xFF, 0xFD, 0xFF, 0xE0, 0x7C, 0x03, 0xC0, 0x1E, 0x01, 0xF0, 0x0F, 0x80, 0x7C,
    0x03, 0xE0, 0x1F, 0x00, 0xF8, 0x07, 0xC0, 0x3E, 0x01, 0xF0, 0x0F, 0x80, 0x7C, 0x03, 0xE0, 0x1F,
    0x00, 0xF8, 0x00, 0xFF, 0xFE, 0x1F, 0xFF, 0xF3, 0xFF, 0xFE, 0x7F, 0xFF, 0xEF, 0xC1, 0xFD, 0xF0,
    0x0F, 0xBE, 0x01, 0xF7, 0xC0, 0x3E, 0xF8, 0x07, 0xDF, 0x00, 0xFB, 0xE0, 0x1F, 0x7C, 0x03, 0xEF,
    0x80, 0x7D, 0xF0, 0x0F, 0xBE, 0x01, 0xF7, 0xC0, 0x3E, 0xF8, 0x07, 0xDF, 0x00, 0xFB, 0xE0, 0x1F,
    0x7C, 0x03, 0xEF, 0x80, 0x7C, 0xFC, 0x7F, 0x07, 0xE3, 0xFC, 0x3F, 0x1F, 0xF0, 0xF8, 0xFF, 0xC7,
    0xC0, 0xFF, 0x3E, 0x01, 0xF9, 0xF0, 0x0F, 0xCF, 0x80, 0x3E, 0x7C, 0x01, 0xF3, 0xF0, 0x0F, 0x9F,
    0x80, 0x7C, 0xFC, 0x03, 0xE7, 0xE0, 0x3F, 0x3F, 0x01, 0xF8, 0xF8, 0x1F, 0x87, 0xC1, 0xFC, 0x3E,
    0x3F, 0xC1, 0xFF, 0xFE, 0x0F, 0xFF, 0xE0, 0x7F, 0xFC, 0x03, 0xFF, 0x80, 0x00, 0x7F, 0x9F, 0xE7,
    0xF9, 0xFE, 0x0F, 0x83, 0xE0, 0xF8, 0x3E, 0x0F, 0x83, 0xE0, 0xF8, 0x3E, 0x0F, 0x83, 0xC0, 0xFF,
    0xF8, 0x7F, 0xFF, 0x3F, 0xFF, 0x9F, 0xFF, 0xE0, 0x07, 0xF0, 0x00, 0xF8, 0x00, 0x7C, 0x00, 0x3E,
    0x00, 0x1F, 0x00, 0x0F, 0x80, 0x07, 0xC0, 0x03, 0xE0, 0x01, 0xF0, 0x00, 0xF8, 0x00, 0x7C, 0x00,
    0x3E, 0x00, 0x1F, 0x00, 0x0F, 0x80, 0x07, 0xC0, 0x03, 0xE0, 0x01, 0xF0, 0x00, 0xF8, 0x00, 0x7C,
    0x00, 0x3E, 0x00, 0x1F, 0x00, 0x0F, 0x80, 0x07, 0xC0, 0x03, 0xE0, 0x01, 0xF0, 0x00, 0x00, 0xFF,
    0xE0, 0x7F, 0xFC, 0x3F, 0xFF, 0x1F, 0xFF, 0xC0, 0x1F, 0xE0, 0x01, 0xF8, 0x00, 0xFC, 0x00, 0x3E,
    0x00, 0x1F, 0x00, 0x0F, 0x80, 0x07, 0xC0, 0x03, 0xE0, 0x01, 0xF0, 0x00, 0xF8, 0x00, 0xFC, 0x00,
    0xFE, 0x01, 0xFE, 0x7F, 0xFF, 0x3F, 0xFF, 0x1F, 0xFF, 0x0F, 0xFE, 0x00, 0xF8, 0x00, 0x7C, 0x00,
    0x3E, 0x00, 0x1F, 0x00, 0x0F, 0x80, 0x07, 0xC0, 0x03, 0xE0, 0x01, 0xFF, 0xF0, 0xFF, 0xFC, 0x7F,
    0xFF, 0x3F, 0xFF, 0xC0, 0x1F, 0xE0, 0x03, 0xF0, 0x00, 0xF8, 0x00, 0x7C, 0x00, 0x3E, 0x00, 0x1F,
    0x00, 0x0F, 0x80, 0x07, 0xC0, 0x07, 0xE0, 0x03, 0xE0, 0x03, 0xF0, 0x03, 0xF8, 0x03, 0xF8, 0x03,
    0xF8, 0x01, 0xF8, 0x00, 0x78, 0x00, 0x38, 0x00, 0x10, 0x00, 0xFF, 0xFF, 0x0F, 0xFF, 0xFC, 0xFF,
    0xFF, 0xCF, 0xFF, 0xFE, 0x1E, 0x0F, 0xE3, 0xC0, 0x3E, 0x3C, 0x03, 0xE7, 0xC0, 0x3E, 0x7C, 0x03,
    0xE7, 0xC0, 0x3E, 0x7C, 0x03, 0xE7, 0xC0, 0x3E, 0x7C, 0x03, 0xE7, 0xC0, 0x3E, 0x7C, 0x03, 0xE7,
    0xC0, 0x3E, 0x7E, 0x03, 0xE7, 0xFF, 0xFE, 0x7F, 0xFF, 0xE7, 0xFF, 0xFE, 0x7F, 0xFF, 0xE0, 0x00,
    0x1F, 0x80, 0xF9, 0xFF, 0x03, 0xFF, 0xFE, 0x0F, 0xFF, 0xFC, 0x3F, 0xF7, 0xF0, 0xFE, 0x07, 0xE3,
    0xF0, 0x1F, 0x8F, 0xC0, 0x3E, 0x3F, 0x00, 0xF8, 0xFC, 0x03, 0xE3, 0xF0, 0x0F, 0x8F, 0x80, 0x3E,
    0x3E, 0x00, 0xF8, 0xF8, 0x03, 0xE7, 0xE0, 0x0F, 0x9F, 0x80, 0x3E, 0x7E, 0x00, 0xF9, 0xF8, 0x07,
    0xE7, 0xE3, 0xFF, 0x9F, 0x8F, 0xFE, 0x7C, 0x3F, 0xF9, 0xF0, 0xFF, 0xE0, 0xFB, 0xEF, 0xBE, 0xFB,
    0xEF, 0xBE, 0xFB, 0xEF, 0xBE, 0xFB, 0xEF, 0xBE, 0xFB, 0xEF, 0xBE, 0xFB, 0xEF, 0xBE, 0xFB, 0xEF,
    0xBE, 0xF8, 0x00, 0x7F, 0x07, 0xFC, 0x7F, 0xC7, 0xFE, 0x0F, 0xE0, 0x3E, 0x03, 0xE0, 0x3E, 0x03,
    0xE0, 0x3E, 0x03, 0xE0, 0x3E, 0x03, 0xE0, 0x3E, 0x03, 0xE0, 0x3E, 0x03, 0xE7, 0xFE, 0xFF, 0xEF,
    0xFE, 0xFF, 0xE0, 0xFF, 0xFE, 0x07, 0xFF, 0xFC, 0x3F, 0xFF, 0xF1, 0xFF, 0xFF, 0xC3, 0xC0, 0xFE,
    0x1E, 0x01, 0xF9, 0xF0, 0x0F, 0xCF, 0x80, 0x3E, 0xF8, 0x01, 0xF7, 0xC0, 0x0F, 0xBE, 0x00, 0x7D,
    0xF0, 0x03, 0xEF, 0xC0, 0x1F, 0x7E, 0x01, 0xFB, 0xF0, 0x0F, 0xCF, 0xC0, 0xFE, 0x7F, 0x0F, 0xE3,
    0xFF, 0xFF, 0x0F, 0xFF, 0xF0, 0x3F, 0xFF, 0x00, 0x7F, 0xE0, 0x00, 0x78, 0x00, 0x7E, 0x01, 0xF1,
    0xF8, 0x0F, 0x8F, 0xC0, 0x7C, 0x7E, 0x03, 0xE1, 0xF0, 0x1F, 0x0F, 0xC0, 0xF8, 0x7E, 0x07, 0xC1,
    0xF0, 0x3E, 0x0F, 0xC1, 0xF0, 0x7E, 0x1F, 0x81, 0xF0, 0xFC, 0x0F, 0x87, 0xC0, 0x7E, 0x3E, 0x01,
    0xF3, 0xF0, 0x0F, 0xBF, 0x00, 0x7F, 0xF8, 0x01, 0xFF, 0x80, 0x0F, 0xF8, 0x03, 0xFF, 0x80, 0xFF,
    0xF0, 0x07, 0xFF, 0x00, 0x3F, 0xC0, 0x01, 0xF0, 0x00, 0x00, 0x00, 0x00, 0x00, 0x00, 0x00, 0x7F,
    0xE0, 0x0F, 0xFF, 0x03, 0xFF, 0xFC, 0x3F, 0xFF, 0xC7, 0xF0, 0xFE, 0xFC, 0x07, 0xEF, 0xC0, 0x3F,
    0xF8, 0x03, 0xFF, 0x80, 0x1F, 0xFC, 0x01, 0xFF, 0xC0, 0x1F, 0xFE, 0x01, 0xF7, 0xF0, 0x1F, 0x3F,
    0x81, 0xF1, 0xF8, 0x1F, 0x0F, 0x81, 0xF0, 0x30, 0x1F, 0x00, 0x01, 0xF0, 0x00, 0x1F, 0x00, 0x01,
    0xF0, 0x00, 0x1F, 0x00, 0x01, 0xF0, 0x00, 0x1F, 0x00, 0x01, 0xF0, 0x00, 0x1F, 0x00, 0x01, 0xF0,
    0x00, 0x1F, 0x00, 0x01, 0xF0, 0x00, 0x1F, 0x00, 0x01, 0xF0, 0x00, 0x00, 0x03, 0xF8, 0x01, 0xFF,
    0xE0, 0x3F, 0xFF, 0x07, 0xFF, 0xF8, 0x7F, 0x3F, 0xCF, 0xC0, 0xFC, 0xFC, 0x07, 0xEF, 0x80, 0x7E,
    0xF8, 0x03, 0xEF, 0xC0, 0x3E, 0xFE, 0x03, 0xE7, 0xF0, 0x3E, 0x3F, 0x03, 0xE1, 0xF0, 0x3E, 0x07,
    0x07, 0xE0, 0x00, 0x7E, 0x00, 0x0F, 0xC0, 0x07, 0xFC, 0x3F, 0xFF, 0x83, 0xFF, 0xF0, 0x3F, 0xFE,
    0x03, 0xFF, 0x80, 0x7C, 0x07, 0xCF, 0x80, 0xF9, 0xF8, 0x1F, 0x3F, 0x03, 0xE3, 0xE0, 0x7C, 0x7C,
    0x0F, 0x8F, 0x81, 0xF1, 0xF8, 0x7E, 0x3F, 0x0F, 0xC3, 0xE1, 0xF0, 0x7C, 0x7E, 0x0F, 0xDF, 0xC1,
    0xFF, 0xF0, 0x1F, 0xFC, 0x03, 0xFF, 0x00, 0x7F, 0x80, 0x0F, 0xC0, 0x01, 0xF8, 0x00, 0x1F, 0x00,
    0x03, 0xE0, 0x00, 0x7C, 0x00, 0x0F, 0xC0, 0x01, 0xF8, 0x00, 0x1F, 0x00, 0x03, 0xE0, 0x00, 0x7C,
    0x00, 0x0F, 0xC0, 0x00, 0xF8, 0x00, 0x1F, 0x00, 0x00, 0x00, 0x00, 0xFE, 0x03, 0xE7, 0xE0, 0x3E,
    0x3F, 0x03, 0xE1, 0xF8, 0x3E, 0x1F, 0xC3, 0xE0, 0xFC, 0x3E, 0x07, 0xE3, 0xE0, 0x3F, 0x3E, 0x03,
    0xF7, 0xC0, 0x1F, 0xFC, 0x00, 0xFF, 0x80, 0x0F, 0xE0, 0x00, 0x7E, 0x00, 0x03, 0xF0, 0x00, 0x1F,
    0x80, 0x01, 0xFC, 0x00, 0x0F, 0xE7, 0xFF, 0xFE, 0x7F, 0xFF, 0xE7, 0xFF, 0xFE, 0xFF, 0xFF, 0xE0,
    0xFF, 0xFF, 0x0F, 0xFF, 0xF8, 0xFF, 0xFF, 0xCF, 0xFF, 0xFE, 0x00, 0x1F, 0xE0, 0x00, 0x7E, 0x00,
    0x03, 0xE0, 0x00, 0x3E, 0x7C, 0x03, 0xE7, 0xC0, 0x3E, 0x7C, 0x03, 0xE7, 0xC0, 0x3E, 0x7C, 0x07,
    0xE7, 0xC0, 0x7C, 0x7C, 0x0F, 0xC7, 0xC0, 0xF8, 0x7C, 0x1F, 0x87, 0xC3, 0xF0, 0x7C, 0x3E, 0x07,
    0xC3, 0xC0, 0x7C, 0x38, 0x07, 0xC0, 0x00, 0x7C, 0x00, 0x07, 0xC0, 0x00, 0x7C, 0x00, 0x07, 0xC0,
    0x00, 0x7C, 0x00, 0x07, 0xC0, 0x00, 0x7C, 0x00, 0x00, 0x00, 0x00, 0xFF, 0xF8, 0x7F, 0xFF, 0x3F,
    0xFF, 0x9F, 0xFF, 0xE0, 0x07, 0xF0, 0x00, 0xF8, 0x00, 0x7C, 0x00, 0x3E, 0x00, 0x1F, 0x00, 0x0F,
    0x80, 0x07, 0xC0, 0x03, 0xE0, 0x01, 0xF0, 0x00, 0xF8, 0x00, 0x7C, 0x00, 0x3E, 0x00, 0x1F, 0x00,
    0x0F, 0x80, 0x07, 0xC0, 0x03, 0xE0, 0x01, 0xF0, 0x7C, 0x1F, 0x0F, 0xBE, 0x0F, 0x87, 0xDF, 0x07,
    0xC3, 0xEF, 0xC3, 0xE1, 0xF7, 0xE1, 0xF0, 0xFB, 0xF0, 0xF8, 0x7C, 0xF8, 0x7C, 0x7E, 0x7C, 0x7E,
    0x3F, 0x3E, 0x3F, 0x1F, 0x9F, 0x3F, 0x0F, 0xCF, 0xFF, 0x07, 0xC7, 0xFF, 0x87, 0xE3, 0xFF, 0x03,
    0xF1, 0xFE, 0x03, 0xF0, 0x7C, 0x03, 0xF8, 0x3E, 0x03, 0xF8, 0x1F, 0x8F, 0xFC, 0x0F, 0xFF, 0xFC,
    0x07, 0xFF, 0xF8, 0x03, 0xFF, 0xF8, 0x01, 0xFF, 0xE0, 0x00, 0x7F, 0xFF, 0xC1, 0xFF, 0xFF, 0xC7,
    0xFF, 0xFF, 0x1F, 0xFF, 0xFE, 0x0F, 0xC3, 0xF8, 0x3E, 0x03, 0xE0, 0xF8, 0x0F, 0x83, 0xE0, 0x3E,
    0x0F, 0x80, 0xF8, 0x3E, 0x03, 0xE0, 0xF8, 0x0F, 0x83, 0xE0, 0x3E, 0x0F, 0x80, 0xF8, 0x3E, 0x03,
    0xE0, 0xF8, 0x0F, 0x83, 0xE0, 0x3E, 0x0F, 0x80, 0xF9, 0xFE, 0x03, 0xE7, 0xF8, 0x0F, 0x9F, 0xC0,
    0x3E, 0x7F, 0x00, 0xF8, 0x60, 0x00, 0x00, 0x7F, 0x8F, 0xF3, 0xFC, 0x7F, 0x9F, 0xE3, 0xFC, 0xFF,
    0x1F, 0xE0, 0xF8, 0x1F, 0x07, 0xC0, 0xF8, 0x3E, 0x07, 0xC1, 0xF0, 0x3E, 0x0F, 0x81, 0xF0, 0x7C,
    0x0F, 0x83, 0xE0, 0x7C, 0x1F, 0x03, 0xE0, 0xF8, 0x1F, 0x07, 0xC0, 0xF8, 0x3E, 0x07, 0xC1, 0xF0,
    0x3E, 0x0F, 0x81, 0xF0, 0x7C, 0x0F, 0x83, 0xE0, 0x7C, 0x1F, 0x03, 0xE0, 0xF8, 0x1F, 0x00, 0x7F,
    0x8F, 0xF7, 0xF8, 0xFF, 0x7F, 0x9F, 0xF7, 0xF9, 0xFF, 0x0F, 0x83, 0xF0, 0xF8, 0x1F, 0x0F, 0x81,
    0xF0, 0xF8, 0x1F, 0x0F, 0x81, 0xF0, 0xF8, 0x1F, 0x0F, 0x81, 0xF0, 0xF8, 0x1F, 0x0F, 0x81, 0xF0,
    0xE0, 0x1F, 0x00, 0x01, 0xF0, 0x00, 0x1F, 0x00, 0x01, 0xF0, 0x00, 0x1F, 0x00, 0x01, 0xF0, 0x00,
    0x1F, 0x00, 0x01, 0xF0, 0x7F, 0x9F, 0xE7, 0xF9, 0xFE, 0x7F, 0x9F, 0xE7, 0xF9, 0xFE, 0x0F, 0x83,
    0xE0, 0xF8, 0x3E, 0x0F, 0x83, 0xE0, 0xF8, 0x3E, 0x0F, 0x83, 0xE0, 0xF8, 0x3E, 0x0F, 0x83, 0xE0,
    0xF8, 0x3E, 0x0F, 0x83, 0xE0, 0xF0, 0x3C, 0x7B, 0xFF, 0xFF, 0x7D, 0xE7, 0x9C, 0xF3, 0x80, 0x78,
    0xF7, 0xEF, 0xFF, 0x7F, 0xFB, 0xF7, 0xCF, 0xBC, 0x79, 0xE3, 0xCE, 0x1C, 0xF1, 0xE7, 0x0E, 0x00,
    0x00, 0x00, 0x00, 0x00, 0x00, 0x00, 0x18, 0x00, 0x00, 0x00, 0xF0, 0x00, 0x00, 0x03, 0xE0, 0x00,
    0x00, 0x1F, 0x80, 0x00, 0x00, 0x7C, 0x00, 0x00, 0x01, 0xF0, 0x00, 0x00, 0x07, 0x80, 0x00, 0x00,
    0x1E, 0x00, 0x00, 0x00, 0x7C, 0x00, 0x00, 0x00, 0xF0, 0x00, 0x00, 0x01, 0xFE, 0xFF, 0xFF, 0xFF,
    0xFF, 0xFF, 0xFF, 0xFF, 0xFF, 0xFF, 0xFF, 0xFF, 0xFF, 0xFF, 0xFF, 0xFF, 0xFF, 0xFF, 0xFF, 0xFC,
    0x00, 0x00, 0x00, 0x00, 0x0E, 0x00, 0x00, 0x1E, 0x00, 0x00, 0x7C, 0x00, 0x00, 0xF8, 0x00, 0x03,
    0xE0, 0x00, 0x0F, 0x80, 0x00, 0x1F, 0x00, 0x00, 0x7C, 0x00, 0x00, 0xFC, 0x00, 0x03, 0xFC, 0x00,
    0x07, 0xFC, 0x00, 0x1F, 0xFC, 0x00, 0x7F, 0xF0, 0x01, 0xFF, 0xC0, 0x03, 0xFB, 0x00, 0x07, 0xE0,
    0x00, 0x1F, 0x80, 0x00, 0x3E, 0x00, 0x00, 0xF8, 0x01, 0x83, 0xF0, 0x07, 0x87, 0xC0, 0x1F, 0x9F,
    0x00, 0x7F, 0xBE, 0x00, 0x7E, 0x78, 0x00, 0x78, 0x70, 0x00, 0x60, 0x00, 0x00, 0x00, 0x00, 0x00,
    0x00, 0x00, 0x07, 0x00, 0x00, 0x07, 0x80, 0x00, 0x0F, 0x80, 0x00, 0x0F, 0x80, 0x00, 0x1F, 0x00,
    0x00, 0x3E, 0x00, 0x00, 0x3E, 0x00, 0x00, 0x7C, 0x00, 0x00, 0x7C, 0x20, 0x00, 0xF8, 0x70, 0x00,
    0xF8, 0xF8, 0x01, 0xF1, 0xFC, 0x03, 0xE3, 0xFC, 0x03, 0xE3, 0xF8, 0x07, 0xC1, 0xF0, 0x07, 0xC0,
    0xE0, 0x0F, 0x80, 0x40, 0x0F, 0x80, 0x00, 0x1F, 0x00, 0x38, 0x3F, 0x00, 0x7C, 0x3E, 0x00, 0xFE,
    0x7C, 0x01, 0xFE, 0x7C, 0x00, 0xFC, 0x78, 0x00, 0x78, 0x38, 0x00, 0x30, 0x00, 0x00, 0x00, 0x00,
    0x70, 0x00, 0x3E, 0x00, 0x0F, 0x80, 0x03, 0xE0, 0x00, 0x70, 0x00, 0x00, 0x00, 0x00, 0x00, 0x07,
    0xE0, 0x03, 0xFC, 0x01, 0xFF, 0x80, 0xFF, 0xF0, 0x3F, 0xFC, 0x1F, 0x8F, 0x87, 0xC1, 0xE1, 0xE0,
    0x78, 0x78, 0x0E, 0x1F, 0x03, 0xC7, 0xE0, 0xF0, 0xFF, 0xFC, 0x3F, 0xFF, 0x07, 0xFF, 0x80, 0x7F,
    0xE0, 0x00, 0x78, 0x01, 0xFE, 0x7F, 0xFF, 0x1F, 0xFF, 0xC7, 0xFF, 0xE0, 0xFF, 0xE0, 0x3F, 0xC0,
    0x00, 0x00, 0x00, 0x01, 0x00, 0x01, 0xC0, 0x00, 0x70, 0x00, 0x1C, 0x00, 0x07, 0x00, 0x01, 0xC0,
    0x00, 0x70, 0x00, 0x1C, 0x00, 0x00, 0x00, 0x1C, 0x38, 0xF1, 0xE7, 0x8F, 0x3E, 0x7E, 0xFD, 0xFB,
    0xF3, 0xC0, 0x00, 0x00, 0xF0, 0x1F, 0x07, 0xE0, 0xF8, 0x1F, 0x07, 0xC0, 0xF8, 0x1E, 0x07, 0xC0,
    0xF8, 0x1E, 0x07, 0xC0, 0xF0, 0x3E, 0x07, 0x80, 0x30, 0x00, 0x30, 0x0D, 0xE3, 0xFC, 0xF7, 0x38,
    0xCC, 0x77, 0xFB, 0xFE, 0x1C, 0x38, 0xF1, 0xE7, 0x8F, 0x3E, 0x7E, 0xFD, 0xFB, 0xF3, 0xC0, 0x00,
    0x00, 0x3C, 0xFD, 0xFB, 0xF7, 0xE7, 0x80, 0x0E, 0x03, 0xC0, 0x78, 0x07, 0x00, 0x00, 0xE3, 0xBC,
    0x7F, 0x8F, 0x71, 0xC0, 0x0F, 0xE0, 0x1F, 0xFE, 0x1F, 0xFF, 0x8F, 0xFF, 0xEF, 0xE3, 0xE7, 0xE0,
    0x63, 0xF0, 0x01, 0xF8, 0x00, 0xFE, 0x00, 0x3F, 0x80, 0x0F, 0xF0, 0x03, 0xFC, 0x00, 0xFE, 0x00,
    0x1F, 0x80, 0x0F, 0xC0, 0x03, 0xE0, 0x01, 0xF0, 0x00, 0x00, 0x00, 0x00, 0x00, 0x00, 0x00, 0x00,
    0x00, 0x0F, 0x00, 0x0F, 0xC0, 0x07, 0xE0, 0x03, 0xF0, 0x01, 0xF8, 0x00, 0x78, 0x00, 0x00, 0x00,
    0x3F, 0x00, 0x00, 0x1F, 0xF0, 0x00, 0x07, 0xFF, 0x00, 0x01, 0xFF, 0xE0, 0x00, 0x7F, 0xF8, 0x00,
    0x1F, 0xC7, 0x00, 0x03, 0xE0, 0x00, 0x00, 0x7C, 0x00, 0x20, 0x0F, 0x00, 0x0F, 0x01, 0xF8, 0x01,
    0xE0, 0x3F, 0xE0, 0x3C, 0x03, 0xFF, 0x8F, 0x80, 0x7F, 0xF9, 0xE0, 0x03, 0xFF, 0xBC, 0x00, 0x1F,
    0xF7, 0x80, 0x00, 0x3E, 0xF8, 0x00, 0x03, 0xDF, 0x00, 0x00, 0xFB, 0xF0, 0x00, 0x3F, 0x3F, 0x80,
    0x7F, 0xC7, 0xFF, 0xFF, 0xF8, 0x7F, 0xFF, 0xFE, 0x07, 0xFF, 0xFF, 0x80, 0x7F, 0xFF, 0xC0, 0x01,
    0xFF, 0xC0, 0x00, 0x1D, 0xC0, 0x00, 0x03, 0x18, 0x00, 0x00, 0x77, 0x00, 0x00, 0x07, 0xE0, 0x00,
    0x00, 0x78, 0x00, 0x00, 0x03, 0xF8, 0x0F, 0xFE, 0x1F, 0xFC, 0x3F, 0xFC, 0x3F, 0x18, 0x3E, 0x00,
    0x3C, 0x00, 0x3E, 0x00, 0x1F, 0x00, 0x0F, 0xFE, 0xFF, 0xFF, 0xFF, 0xFF, 0xFF, 0xFF, 0xFF, 0xFF,
    0xFF, 0xFC, 0x3C, 0x1F, 0xF7, 0xFF, 0x9E, 0x00, 0x00, 0x01, 0xE0, 0x78, 0x1E, 0x07, 0x81, 0xE0,
    0x78, 0x1E, 0x07, 0x81, 0xE0, 0x78, 0x1E, 0x07, 0x81, 0xE0, 0x78, 0x1E, 0x07, 0x81, 0xE0, 0x78,
    0x1E, 0x07, 0x81, 0xE0, 0x78, 0x1E, 0x07, 0x80, 0x1E, 0x3F, 0x9F, 0x8E, 0x07, 0x01, 0xFB, 0xFD,
    0xFE, 0xE0, 0x00, 0x0F, 0x07, 0x83, 0xC1, 0xE0, 0xF0, 0x78, 0x3C, 0x1E, 0x0F, 0x07, 0x83, 0xC1,
    0xE0, 0xF0, 0x78, 0x3C, 0x1E, 0x0F, 0x07, 0x83, 0xC1, 0xE0, 0xF0, 0x78, 0x3C, 0x1E, 0x00, 0x00,
    0xF0, 0x00, 0xFC, 0x00, 0xFC, 0x00, 0x72, 0x00, 0x38, 0x00, 0x0E, 0xC0, 0x0F, 0xF0, 0x0F, 0xF8,
    0x07, 0xE0, 0x00, 0x00, 0x00, 0x00, 0x00, 0x7E, 0x00, 0x7F, 0xC0, 0x7F, 0xF0, 0x7F, 0xF8, 0x3F,
    0xFE, 0x3F, 0x1F, 0x1F, 0x07, 0xCF, 0x01, 0xE7, 0x80, 0xF3, 0xE0, 0x79, 0xF8, 0x3C, 0x7F, 0xFE,
    0x3F, 0xFF, 0x0F, 0xFF, 0x81, 0xFF, 0xC0, 0x03, 0xE0, 0x03, 0xE0, 0x03, 0xF0, 0x07, 0xF0, 0x1F,
    0xF8, 0xFF, 0xF8, 0x7F, 0xF0, 0x3F, 0xF0, 0x0F, 0xE0, 0x07, 0x80, 0x00, 0x00, 0x00, 0x00, 0x1E,
    0x0F, 0x07, 0x83, 0xC1, 0xE0, 0xF0, 0x78, 0x3C, 0x1E, 0x0F, 0x07, 0x83, 0xC1, 0xE0, 0xF0, 0x78,
    0x3C, 0x1E, 0x0F, 0x07, 0x83, 0xC1, 0xE0, 0xF0, 0x78, 0x3C, 0x1E, 0x0F, 0x07, 0x83, 0xC1, 0xE0,
    0x00, 0x3C, 0x3F, 0x3F, 0x1C, 0x0E, 0x03, 0xF7, 0xFF, 0xFD, 0xE0, 0x0F, 0x00, 0x00, 0x03, 0xF8,
    0x00, 0x00, 0x3F, 0x00, 0x1F, 0x83, 0x80, 0x07, 0xFC, 0x38, 0x00, 0xFF, 0xE1, 0xF8, 0x1F, 0xFE,
    0x7F, 0x83, 0xFF, 0xC7, 0xF0, 0x3F, 0x1C, 0x00, 0x07, 0xC0, 0x80, 0x00, 0x7C, 0x00, 0x00, 0x07,
    0x80, 0x01, 0xC0, 0x7C, 0x00, 0x3C, 0x07, 0xF8, 0x03, 0xC0, 0x7F, 0xF0, 0x7C, 0x03, 0xFF, 0xC7,
    0x80, 0x1F, 0xFC, 0x78, 0x00, 0xFF, 0xE7, 0x80, 0x00, 0xFE, 0x78, 0x00, 0x03, 0xE7, 0xC0, 0x00,
    0x1E, 0x7C, 0x00, 0x03, 0xE7, 0xE0, 0x00, 0x7E, 0x3F, 0xC0, 0x7F, 0xC3, 0xFF, 0xFF, 0xF8, 0x1F,
    0xFF, 0xFF, 0x80, 0xFF, 0xFF, 0xE0, 0x07, 0xFF, 0xFC, 0x00, 0x0F, 0xFE, 0x00, 0x07, 0xBD, 0xEF,
    0x7B, 0xDE, 0xF7, 0xBD, 0xEF, 0x7B, 0xDE, 0xF7, 0xBD, 0xEF, 0x7B, 0xDE, 0xF7, 0xBD, 0xEF, 0x78,
    0x00, 0x00, 0x00, 0x00, 0x00, 0x00, 0x01, 0xE0, 0x00, 0x00, 0x0F, 0x9C, 0x00, 0x00, 0x1E, 0x78,
    0x00, 0x00, 0x7F, 0xE0, 0x00, 0x01, 0xFF, 0x00, 0x00, 0x07, 0xFC, 0x00, 0x00, 0x0F, 0xF0, 0x00,
    0x00, 0x3F, 0xE0, 0x00, 0x01, 0xFF, 0x80, 0x00, 0x0F, 0xFF, 0xC0, 0x03, 0xFF, 0xFF, 0xFF, 0xFF,
    0xF9, 0xFF, 0xFF, 0xFF, 0xE3, 0xFF, 0xFF, 0xFF, 0x07, 0xFF, 0xFF, 0xF0, 0x07, 0xFF, 0xFC, 0x00,
    0x00, 0x00, 0x00, 0x00, 0x00, 0x00, 0x00, 0x00, 0x00, 0x00, 0x00, 0x00, 0x07, 0x00, 0x00, 0x00,
    0x3E, 0x00, 0x00, 0x00, 0xF8, 0x00, 0x00, 0x03, 0xE0, 0x00, 0x00, 0x07, 0x00, 0x00, 0x0C, 0x30,
    0x0F, 0x3C, 0x07, 0x9E, 0x03, 0xCF, 0x00, 0xC3, 0x00, 0x00, 0x00, 0x00, 0x00, 0x00, 0x00, 0x00,
    0x80, 0x00, 0xE0, 0x00, 0xFC, 0x01, 0xFF, 0x01, 0xFF, 0x81, 0xFF, 0xE0, 0xFB, 0xF8, 0xF8, 0x7C,
    0x78, 0x1F, 0x7C, 0x0F, 0xBE, 0x03, 0xDE, 0x01, 0xEF, 0x00, 0xF7, 0x80, 0x7B, 0xE0, 0x7D, 0xF0,
    0x3E, 0xFE, 0x3F, 0x3F, 0xFF, 0x1F, 0xFF, 0x87, 0xFF, 0x81, 0xFF, 0x80, 0x3F, 0x00, 0x00, 0x00,
    0x00, 0x00, 0x00, 0x61, 0x80, 0x00, 0x03, 0xCF, 0x00, 0x00, 0x0F, 0x3C, 0x00, 0x00, 0x3C, 0xF0,
    0x00, 0x00, 0x61, 0x80, 0xE0, 0x00, 0x00, 0x0F, 0x98, 0x00, 0x00, 0x3E, 0x78, 0x00, 0x00, 0x7D,
    0xE0, 0x00, 0x01, 0xFF, 0x80, 0x00, 0x07, 0xFC, 0x00, 0x00, 0x0F, 0xF0, 0x00, 0x00, 0x3F, 0xE0,
    0x00, 0x01, 0xFF, 0x80, 0x00, 0x07, 0xFF, 0xC0, 0x01, 0xFF, 0xFF, 0xFF, 0xFF, 0xF9, 0xFF, 0xFF,
    0xFF, 0xE7, 0xFF, 0xFF, 0xFF, 0x07, 0xFF, 0xFF, 0xF0, 0x07, 0xFF, 0xFC, 0x00, 0x00, 0x07, 0x00,
    0x00, 0x00, 0x1E, 0x00, 0x00, 0x00, 0x78, 0x00, 0x00, 0x01, 0xC0, 0x00, 0x00, 0x00, 0x00, 0x00,
    0x00, 0xE3, 0x80, 0x00, 0x07, 0x8F, 0x00, 0x00, 0x1E, 0x3C, 0x00, 0x00, 0x38, 0xE0, 0x78, 0x00,
    0x00, 0x03, 0xE7, 0x00, 0x00, 0x07, 0x9E, 0x00, 0x00, 0x1F, 0xF8, 0x00, 0x00, 0x7F, 0xC0, 0x00,
    0x01, 0xFF, 0x00, 0x00, 0x03, 0xFC, 0x00, 0x00, 0x0F, 0xF8, 0x00, 0x00, 0x7F, 0xE0, 0x00, 0x03,
    0xFF, 0xF0, 0x00, 0xFF, 0xFF, 0xFF, 0xFF, 0xFE, 0x7F, 0xFF, 0xFF, 0xF8, 0xFF, 0xFF, 0xFF, 0xC1,
    0xFF, 0xFF, 0xFC, 0x01, 0xFF, 0xFF, 0x00, 0x00, 0x00, 0x00, 0x07, 0xF8, 0x00, 0x0F, 0xFF, 0x00,
    0x0F, 0xFF, 0xE0, 0x03, 0xFF, 0xF8, 0x01, 0xFF, 0xFE, 0x00, 0x70, 0x7F, 0xC0, 0x00, 0x07, 0xFC,
    0x00, 0x07, 0xFE, 0x00, 0x1F, 0xFF, 0x00, 0x3F, 0xFF, 0x80, 0x7F, 0xFF, 0xC0, 0x7F, 0x00, 0x00,
    0x7E, 0x00, 0x00, 0x7E, 0x00, 0x00, 0x3E, 0x00, 0x00, 0x3E, 0x00, 0x00, 0x1E, 0x00, 0x00, 0x1F,
    0x03, 0x80, 0x0F, 0x03, 0xE0, 0x07, 0x81, 0xF0, 0x03, 0xC0, 0xF8, 0x01, 0xE0, 0x38, 0x00, 0xF8,
    0x00, 0x00, 0x7C, 0x00, 0x00, 0x3F, 0x00, 0x00, 0x0F, 0xC0, 0x01, 0x87, 0xFC, 0x07, 0xC1, 0xFF,
    0xFF, 0xF0, 0x7F, 0xFF, 0xF8, 0x1F, 0xFF, 0xFC, 0x03, 0xFF, 0xFC, 0x00, 0x7F, 0xF0, 0x00, 0x00,
    0x00, 0x00, 0x07, 0xF8, 0x00, 0x0F, 0xFF, 0x00, 0x0F, 0xFF, 0xE0, 0x07, 0xFF, 0xF8, 0x01, 0xFF,
    0xFF, 0x00, 0x70, 0x7F, 0xC0, 0x00, 0x07, 0xFC, 0x00, 0x03, 0xFE, 0x00, 0x1F, 0xFF, 0x00, 0x3F,
    0xFF, 0x80, 0x7F, 0xFF, 0xC0, 0x7F, 0xC0, 0x00, 0x7F, 0x00, 0x00, 0x7E, 0x00, 0x00, 0x3E, 0x00,
    0x00, 0x3E, 0x00, 0x00, 0x1E, 0x00, 0x00, 0x1F, 0x00, 0x00, 0x0F, 0x80, 0x00, 0x07, 0x80, 0x00,
    0x03, 0xC0, 0x00, 0x01, 0xE0, 0x00, 0x00, 0xF8, 0x00, 0x00, 0x7C, 0x00, 0x00, 0x3F, 0x00, 0x00,
    0x0F, 0xC0, 0x00, 0x87, 0xFC, 0x07, 0xC1, 0xFF, 0xFF, 0xF0, 0x7F, 0xFF, 0xF8, 0x1F, 0xFF, 0xFE,
    0x03, 0xFF, 0xFC, 0x00, 0x7F, 0xF0, 0x00, 0x01, 0xC0, 0x00, 0x01, 0xF0, 0x00, 0x00, 0xF8, 0x00,
    0x00, 0x7C, 0x00, 0x00, 0x1C, 0x00, 0x00, 0x00, 0x00, 0x00, 0x00, 0x00, 0x00, 0x00, 0x00, 0x00,
    0x0F, 0xF0, 0x00, 0x1F, 0xFE, 0x00, 0x1F, 0xFF, 0xC0, 0x0F, 0xFF, 0xF0, 0x03, 0xFF, 0xFE, 0x00,
    0xE0, 0xFF, 0x80, 0x00, 0x0F, 0xF8, 0x00, 0x07, 0xFC, 0x00, 0x3F, 0xFE, 0x00, 0x7F, 0xFF, 0x00,
    0xFF, 0xFF, 0x80, 0xFF, 0x80, 0x00, 0xFE, 0x00, 0x00, 0xFC, 0x00, 0x00, 0x7C, 0x00, 0x00, 0x7C,
    0x00, 0x00, 0x3C, 0x00, 0x00, 0x3E, 0x00, 0x00, 0x1F, 0x00, 0x00, 0x0F, 0x00, 0x00, 0x07, 0x80,
    0x00, 0x03, 0xC0, 0x00, 0x01, 0xF0, 0x00, 0x00, 0xF8, 0x00, 0x00, 0x7E, 0x00, 0x00, 0x1F, 0x80,
    0x01, 0x0F, 0xF8, 0x0F, 0xC3, 0xFF, 0xFF, 0xE0, 0xFF, 0xFF, 0xF0, 0x3F, 0xFF, 0xFC, 0x07, 0xFF,
    0xF8, 0x00, 0xFF, 0xE0, 0x00, 0x80, 0x00, 0xE0, 0x00, 0xF8, 0x00, 0xFE, 0x00, 0x3F, 0x80, 0x0F,
    0xC0, 0x03, 0xF0, 0x00, 0xFC, 0x00, 0x3E, 0x00, 0x1F, 0x00, 0x07, 0xC0, 0x03, 0xE0, 0x00, 0xF0,
    0x00, 0x78, 0x00, 0x7C, 0x40, 0xFE, 0x7F, 0xFF, 0x3F, 0xFF, 0x1F, 0xFF, 0x1F, 0xFF, 0x07, 0xFE,
    0x00, 0x07, 0x00, 0x07, 0xC0, 0x03, 0xE0, 0x01, 0xF0, 0x00, 0x70, 0x00, 0x00, 0x00, 0x00, 0x00,
    0x00, 0x80, 0x01, 0xE0, 0x01, 0xF0, 0x01, 0xFC, 0x00, 0x7F, 0x00, 0x1F, 0xC0, 0x07, 0xE0, 0x01,
    0xF8, 0x00, 0x7C, 0x00, 0x3F, 0x00, 0x0F, 0x80, 0x07, 0xC0, 0x01, 0xE0, 0x00, 0xF0, 0x00, 0xF8,
    0xC1, 0xFC, 0x7F, 0xFE, 0x7F, 0xFE, 0x3F, 0xFE, 0x1F, 0xFE, 0x0F, 0xFC, 0x00, 0x00, 0x00, 0x00,
    0x60, 0x07, 0xE0, 0x0F, 0xC0, 0x0F, 0x80, 0x1F, 0x80, 0x1F, 0x00, 0x3E, 0x00, 0x7C, 0x00, 0x78,
    0x00, 0xF0, 0x01, 0xE0, 0x03, 0xC0, 0x0F, 0x80, 0x1F, 0x00, 0x7E, 0x01, 0xF8, 0x07, 0xF0, 0x3F,
    0xC3, 0xFF, 0x07, 0xFC, 0x0F, 0xF0, 0x0F, 0xC0, 0x1E, 0x00, 0x00, 0x00, 0x00, 0x00, 0x03, 0x80,
    0x0F, 0x80, 0x1F, 0x00, 0x3E, 0x00, 0x38, 0x00, 0x00, 0x00, 0x00, 0x00, 0x00, 0x00, 0x20, 0x03,
    0xE0, 0x0F, 0xC0, 0x0F, 0x80, 0x1F, 0x00, 0x1F, 0x00, 0x3E, 0x00, 0x7C, 0x00, 0x78, 0x00, 0xF0,
    0x01, 0xE0, 0x03, 0xC0, 0x07, 0x80, 0x1F, 0x00, 0x3E, 0x00, 0xF8, 0x07, 0xF0, 0x3F, 0xC1, 0xFF,
    0x87, 0xFE, 0x0F, 0xF0, 0x1F, 0xC0, 0x1E, 0x00, 0x30, 0x00, 0x00, 0x00, 0x00, 0x00, 0x00, 0xC0,
    0x00, 0x00, 0x00, 0x00, 0x78, 0x00, 0x00, 0x00, 0x00, 0x0F, 0x00, 0x00, 0x00, 0x03, 0xC1, 0xF0,
    0x00, 0x03, 0x80, 0x78, 0x3E, 0x00, 0x01, 0xF0, 0x0F, 0x07, 0xC0, 0x00, 0x3E, 0x01, 0xE0, 0x78,
    0x00, 0x07, 0xE0, 0x3C, 0x0F, 0x00, 0x00, 0x7C, 0x07, 0x81, 0xEF, 0x00, 0x0F, 0xC1, 0xF8, 0x7D,
    0xE0, 0x01, 0xFC, 0x7F, 0x8F, 0xBC, 0x00, 0x1F, 0xFF, 0xFF, 0xFF, 0x80, 0x03, 0xFF, 0xFF, 0xFD,
    0xE0, 0x00, 0x7F, 0xFF, 0xFF, 0xBC, 0x00, 0x0F, 0xFF, 0x3F, 0xE7, 0x80, 0x01, 0xEF, 0xC1, 0xF0,
    0xF0, 0x00, 0x3C, 0x00, 0x00, 0x1F, 0x00, 0x0F, 0x80, 0x00, 0x03, 0xE0, 0x01, 0xF0, 0x00, 0x00,
    0x7E, 0x00, 0x7E, 0x00, 0x00, 0x07, 0xF0, 0x3F, 0x80, 0x00, 0x00, 0xFF, 0xFF, 0xF0, 0x00, 0x00,
    0x0F, 0xFF, 0xFC, 0x00, 0x00, 0x01, 0xFF, 0xFF, 0x00, 0x00, 0x00, 0x0F, 0xFF, 0xC0, 0x00, 0x00,
    0x00, 0x7F, 0xC0, 0x00, 0x00, 0x00, 0x00, 0x00, 0x00, 0x07, 0x00, 0x00, 0x00, 0x00, 0x00, 0xF0,
    0x00, 0x00, 0x00, 0x00, 0x1E, 0x00, 0x00, 0x00, 0x00, 0x03, 0x80, 0x00, 0x00, 0x00, 0x00, 0x00,
    0x00, 0x00, 0x00, 0x00, 0x71, 0xC0, 0x00, 0x00, 0x00, 0x1E, 0x3C, 0x00, 0x00, 0x00, 0x03, 0xC7,
    0x80, 0x00, 0x00, 0x00, 0x38, 0xE0, 0x00, 0x00, 0x00, 0x00, 0x00, 0x38, 0x00, 0x00, 0x00, 0x00,
    0x1F, 0x00, 0x00, 0x00, 0x00, 0x01, 0xE0, 0x00, 0x01, 0x80, 0x78, 0x3E, 0x00, 0x00, 0xF0, 0x0F,
    0x07, 0xC0, 0x00, 0x3E, 0x01, 0xE0, 0xF8, 0x00, 0x07, 0xE0, 0x3C, 0x0F, 0x00, 0x00, 0x7C, 0x07,
    0x81, 0xE4, 0x00, 0x0F, 0x80, 0xF0, 0x3D, 0xE0, 0x01, 0xF8, 0x3F, 0x0F, 0xBC, 0x00, 0x3F, 0x8F,
    0xF1, 0xF7, 0x80, 0x03, 0xFF, 0xFF, 0xFF, 0xF0, 0x00, 0x7F, 0xFF, 0xFF, 0xBC, 0x00, 0x0F, 0xFF,
    0xFF, 0xF7, 0x80, 0x01, 0xFF, 0xE7, 0xFC, 0xF0, 0x00, 0x3D, 0xF8, 0x7E, 0x1E, 0x00, 0x07, 0x80,
    0x00, 0x03, 0xE0, 0x01, 0xF0, 0x00, 0x00, 0x7C, 0x00, 0x3E, 0x00, 0x00, 0x0F, 0xC0, 0x0F, 0xC0,
    0x00, 0x00, 0xFE, 0x07, 0xF0, 0x00, 0x00, 0x1F, 0xFF, 0xFE, 0x00, 0x00, 0x01, 0xFF, 0xFF, 0x80,
    0x00, 0x00, 0x3F, 0xFF, 0xE0, 0x00, 0x00, 0x01, 0xFF, 0xF8, 0x00, 0x00, 0x00, 0x0F, 0xF8, 0x00,
    0x00, 0x00, 0x00, 0x00, 0x00, 0x00, 0x00, 0x1F, 0xC0, 0x00, 0x00, 0x00, 0x00, 0x7F, 0xF0, 0x00,
    0x00, 0x00, 0x00, 0xFF, 0xF8, 0x00, 0x00, 0x00, 0x03, 0xFF, 0xFC, 0x00, 0x00, 0x00, 0x07, 0xFF,
    0xFC, 0x00, 0x00, 0x10, 0x07, 0xF8, 0x7E, 0x00, 0x00, 0x78, 0x0F, 0xC0, 0x3E, 0x00, 0x00, 0xF8,
    0x1F, 0x80, 0x1E, 0x00, 0x00, 0xFC, 0x3F, 0x00, 0x1E, 0x00, 0x00, 0xFC, 0x3E, 0x00, 0x1E, 0x20,
    0x00, 0x7C, 0x7C, 0x00, 0x1E, 0x78, 0x00, 0x7E, 0x78, 0x00, 0x3E, 0x78, 0x00, 0x7F, 0xF8, 0x01,
    0xFE, 0x78, 0x00, 0x3F, 0xFF, 0xFF, 0xFE, 0xF8, 0x00, 0x3F, 0xFF, 0xFF, 0xFC, 0xF0, 0x00, 0x3F,
    0xFF, 0xFF, 0xF8, 0xF0, 0x00, 0x3F, 0xFF, 0xFF, 0xF0, 0xF0, 0x00, 0x3D, 0xFF, 0xFF, 0x80, 0xF0,
    0x00, 0x3C, 0x00, 0x00, 0x00, 0xF8, 0x00, 0x7C, 0x00, 0x00, 0x00, 0xF8, 0x00, 0x7C, 0x00, 0x00,
    0x00, 0xFC, 0x00, 0xFC, 0x00, 0x00, 0x00, 0x7F, 0x03, 0xF8, 0x00, 0x00, 0x00, 0x7F, 0xFF, 0xF8,
    0x00, 0x00, 0x00, 0x3F, 0xFF, 0xF0, 0x00, 0x00, 0x00, 0x3F, 0xFF, 0xE0, 0x00, 0x00, 0x00, 0x0F,
    0xFF, 0xC0, 0x00, 0x00, 0x00, 0x03, 0xFE, 0x00, 0x00, 0x00, 0x00, 0x00, 0x00, 0x00, 0x00, 0x0E,
    0x00, 0x00, 0x00, 0x00, 0x00, 0x1F, 0x00, 0x00, 0x00, 0x00, 0x00, 0x1F, 0x00, 0x00, 0x00, 0x00,
    0x00, 0x1F, 0x00, 0x00, 0x00, 0x00, 0x00, 0x0E, 0x00, 0x00, 0x00, 0x00, 0x00, 0x00, 0x00, 0x00,
    0x00, 0x00, 0x00, 0x00, 0x00, 0x00, 0x00, 0x00, 0x00, 0x1F, 0xC0, 0x00, 0x00, 0x00, 0x00, 0x7F,
    0xF0, 0x00, 0x00, 0x00, 0x00, 0xFF, 0xF8, 0x00, 0x00, 0x00, 0x03, 0xFF, 0xFC, 0x00, 0x00, 0x00,
    0x07, 0xFF, 0xFC, 0x00, 0x00, 0x10, 0x07, 0xF8, 0x7E, 0x00, 0x00, 0x78, 0x0F, 0xC0, 0x3E, 0x00,
    0x00, 0xF8, 0x1F, 0x80, 0x1E, 0x00, 0x00, 0xFC, 0x3F, 0x00, 0x1E, 0x00, 0x00, 0xFC, 0x3E, 0x00,
    0x1E, 0x20, 0x00, 0x7C, 0x7C, 0x00, 0x1E, 0x78, 0x00, 0x7E, 0x78, 0x00, 0x3E, 0x78, 0x00, 0x7F,
    0xF8, 0x01, 0xFE, 0x78, 0x00, 0x3F, 0xFF, 0xFF, 0xFE, 0xF8, 0x00, 0x3F, 0xFF, 0xFF, 0xFC, 0xF0,
    0x00, 0x3F, 0xFF, 0xFF, 0xF8, 0xF0, 0x00, 0x3F, 0xFF, 0xFF, 0xF0, 0xF0, 0x00, 0x3D, 0xFF, 0xFF,
    0x80, 0xF0, 0x00, 0x3C, 0x00, 0x00, 0x00, 0xF8, 0x00, 0x7C, 0x00, 0x00, 0x00, 0xF8, 0x00, 0x7C,
    0x00, 0x00, 0x00, 0xFC, 0x00, 0xFC, 0x00, 0x00, 0x00, 0x7F, 0x03, 0xF8, 0x00, 0x00, 0x00, 0x7F,
    0xFF, 0xF8, 0x00, 0x00, 0x00, 0x3F, 0xFF, 0xF0, 0x00, 0x00, 0x00, 0x3F, 0xFF, 0xE0, 0x00, 0x00,
    0x00, 0x0F, 0xFF, 0xC0, 0x00, 0x00, 0x00, 0x03, 0xFE, 0x00, 0x00, 0x00, 0x00, 0x00, 0x00, 0x00,
    0x00, 0x3C, 0x00, 0x00, 0x03, 0xC0, 0x00, 0x00, 0x3C, 0x00, 0x00, 0x03, 0xC0, 0x00, 0x00, 0x3C,
    0x00, 0x00, 0x03, 0xC0, 0x00, 0x00, 0x3C, 0x00, 0x00, 0x03, 0xC0, 0x00, 0x00, 0x3C, 0x00, 0x00,
    0x03, 0xC0, 0x00, 0x00, 0x3C, 0x00, 0x00, 0x03, 0xC0, 0xFE, 0x00, 0x3C, 0x3F, 0xF8, 0x03, 0xC7,
    0xFF, 0xC0, 0x3D, 0xFF, 0xFE, 0x03, 0xFF, 0xFF, 0xE0, 0x3F, 0xFC, 0x3F, 0x03, 0xFE, 0x01, 0xF0,
    0x3F, 0xC0, 0x0F, 0x03, 0xF8, 0x00, 0xF0, 0x3F, 0x00, 0x0F, 0x03, 0xE0, 0x01, 0xF0, 0x3C, 0x00,
    0x1F, 0x07, 0xC0, 0x0F, 0xF7, 0xFF, 0xFF, 0xFE, 0x7F, 0xFF, 0xFF, 0xE7, 0xFF, 0xFF, 0xFC, 0xFF,
    0xFF, 0xFF, 0x8F, 0xFF, 0xFF, 0xC0, 0x00, 0x00, 0x00, 0x00, 0x3C, 0x00, 0x00, 0x03, 0xC0, 0x00,
    0x00, 0x3C, 0x00, 0x00, 0x03, 0xC0, 0x00, 0x00, 0x3C, 0x07, 0x00, 0x03, 0xC0, 0xF8, 0x00, 0x3C,
    0x0F, 0x80, 0x03, 0xC0, 0xF8, 0x00, 0x3C, 0x07, 0x00, 0x03, 0xC0, 0x00, 0x00, 0x3C, 0x00, 0x00,
    0x03, 0xC0, 0xFE, 0x00, 0x3C, 0x3F, 0xF8, 0x03, 0xC7, 0xFF, 0xC0, 0x3D, 0xFF, 0xFE, 0x03, 0xFF,
    0xFF, 0xE0, 0x3F, 0xFC, 0x3F, 0x03, 0xFE, 0x01, 0xF0, 0x3F, 0xC0, 0x0F, 0x03, 0xF8, 0x00, 0xF0,
    0x3F, 0x00, 0x0F, 0x03, 0xE0, 0x01, 0xF0, 0x3C, 0x00, 0x1F, 0x07, 0xC0, 0x0F, 0xF7, 0xFF, 0xFF,
    0xFE, 0x7F, 0xFF, 0xFF, 0xE7, 0xFF, 0xFF, 0xFC, 0xFF, 0xFF, 0xFF, 0x8F, 0xFF, 0xFF, 0xC0, 0x01,
    0xFC, 0x00, 0x1F, 0xFC, 0x00, 0xFF, 0xE0, 0x07, 0xFF, 0x80, 0x3F, 0xFC, 0x00, 0xFC, 0x30, 0x03,
    0xE0, 0x00, 0x0F, 0x00, 0x00, 0x3C, 0x00, 0x00, 0xF8, 0x00, 0x03, 0xE0, 0x08, 0x07, 0xE7, 0xF0,
    0x0F, 0xFF, 0xC0, 0x1F, 0xFF, 0x00, 0xFF, 0xFC, 0x07, 0xFF, 0xC0, 0x3F, 0xC0, 0x01, 0xFC, 0x00,
    0x07, 0xC0, 0x00, 0x3E, 0x00, 0x00, 0xF8, 0x00, 0x03, 0xC0, 0x00, 0x0F, 0x00, 0x00, 0x3C, 0x00,
    0x00, 0xF8, 0x00, 0x03, 0xE0, 0x00, 0x0F, 0xE0, 0x02, 0x1F, 0xE0, 0x7C, 0x7F, 0xFF, 0xF0, 0xFF,
    0xFF, 0xE1, 0xFF, 0xFF, 0x81, 0xFF, 0xFC, 0x01, 0xFF, 0x80, 0x00, 0xE0, 0x00, 0x0F, 0x80, 0x00,
    0x7C, 0x00, 0x03, 0xE0, 0x00, 0x0E, 0x00, 0x00, 0x00, 0x00, 0x00, 0x00, 0x00, 0x3F, 0x80, 0x07,
    0xFE, 0x00, 0x7F, 0xF0, 0x07, 0xFF, 0x00, 0x7F, 0xF8, 0x03, 0xF0, 0xC0, 0x1F, 0x00, 0x00, 0xF0,
    0x00, 0x07, 0x80, 0x00, 0x3C, 0x00, 0x01, 0xF0, 0x04, 0x07, 0xC7, 0xE0, 0x1F, 0xFF, 0x00, 0x7F,
    0xF8, 0x07, 0xFF, 0xC0, 0x7F, 0xFC, 0x07, 0xF8, 0x00, 0x7E, 0x00, 0x03, 0xE0, 0x00, 0x3E, 0x00,
    0x01, 0xF0, 0x00, 0x0F, 0x00, 0x00, 0x78, 0x00, 0x03, 0xC0, 0x00, 0x1F, 0x00, 0x00, 0xF8, 0x00,
    0x07, 0xE0, 0x01, 0x1F, 0xE0, 0x78, 0xFF, 0xFF, 0xE3, 0xFF, 0xFF, 0x0F, 0xFF, 0xFC, 0x1F, 0xFF,
    0x80, 0x3F, 0xF0, 0x00, 0x00, 0x00, 0x00, 0x00, 0x03, 0x0C, 0x00, 0x00, 0x07, 0x9E, 0x00, 0x00,
    0x07, 0x9E, 0x00, 0x00, 0x07, 0x9E, 0x03, 0x00, 0x03, 0x0C, 0x0F, 0x00, 0x00, 0x00, 0x1F, 0x00,
    0x00, 0x00, 0x7F, 0x00, 0x00, 0x01, 0xFF, 0x00, 0x00, 0x07, 0xFE, 0x00, 0x00, 0x0F, 0xF8, 0x00,
    0x00, 0x3F, 0xE0, 0x00, 0x00, 0x7F, 0x80, 0x00, 0x00, 0xFE, 0x00, 0x00, 0x00, 0xFC, 0x00, 0x00,
    0x00, 0xFE, 0x00, 0x00, 0x00, 0xFF, 0x80, 0x00, 0x00, 0x7F, 0xC0, 0x00, 0x00, 0x1F, 0xE0, 0x60,
    0x00, 0x07, 0xF0, 0x78, 0x00, 0x01, 0xF8, 0xF8, 0x00, 0x00, 0xFC, 0xF0, 0x00, 0x00, 0x7C, 0xF0,
    0x00, 0x00, 0x3C, 0xF0, 0x00, 0x00, 0x3C, 0xF8, 0x00, 0x00, 0x7C, 0xF8, 0x00, 0x01, 0xFC, 0xFF,
    0x00, 0x1F, 0xF8, 0xFF, 0xFF, 0xFF, 0xF8, 0x7F, 0xFF, 0xFF, 0xF0, 0x3F, 0xFF, 0xFF, 0xE0, 0x1F,
    0xFF, 0xFF, 0x80, 0x07, 0xFF, 0xF8, 0x00, 0x00, 0x00, 0x00, 0x00, 0x00, 0x00, 0x00, 0x03, 0x00,
    0x00, 0x00, 0x0F, 0x00, 0x00, 0x00, 0x3F, 0x00, 0x00, 0x00, 0xFF, 0x00, 0x00, 0x01, 0xFE, 0x00,
    0x00, 0x07, 0xFC, 0x00, 0x00, 0x1F, 0xF0, 0x00, 0x00, 0x7F, 0xC0, 0x00, 0x00, 0xFF, 0x00, 0x00,
    0x00, 0xFC, 0x00, 0x00, 0x00, 0xFC, 0x00, 0x00, 0x00, 0xFE, 0x00, 0x00, 0x00, 0xFF, 0x80, 0x00,
    0x00, 0x7F, 0xC0, 0x00, 0x00, 0x0F, 0xF0, 0x70, 0x00, 0x07, 0xF0, 0x78, 0x00, 0x01, 0xF8, 0xF8,
    0x00, 0x00, 0x7C, 0xF0, 0x00, 0x00, 0x7C, 0xF0, 0x00, 0x00, 0x3C, 0xF0, 0x00, 0x00, 0x3C, 0xF8,
    0x00, 0x00, 0x7C, 0xF8, 0x00, 0x01, 0xFC, 0xFF, 0x00, 0x1F, 0xF8, 0xFF, 0xFF, 0xFF, 0xF8, 0x7F,
    0xFF, 0xFF, 0xF0, 0x3F, 0xFF, 0xFF, 0xE0, 0x1F, 0xFF, 0xFF, 0x80, 0x07, 0xFF, 0xF8, 0x00, 0x00,
    0x00, 0x00, 0x00, 0x00, 0x00, 0x00, 0x00, 0x00, 0x00, 0x00, 0x00, 0x00, 0x70, 0xE0, 0x00, 0x00,
    0x79, 0xE0, 0x00, 0x00, 0x79, 0xE0, 0x00, 0x00, 0x70, 0xE0, 0x00, 0x00, 0x00, 0x00, 0x00, 0x00,
    0x0E, 0x00, 0x00, 0x00, 0x0F, 0x00, 0x00, 0x00, 0x0F, 0x00, 0x00, 0x00, 0x0E, 0x00, 0x00, 0x00,
    0xF9, 0xFF, 0xFF, 0xCF, 0x80, 0x00, 0x00, 0x00, 0x00, 0x00, 0x00, 0x0E, 0x00, 0x00, 0x00, 0x3E,
    0x00, 0x00, 0x00, 0x7C, 0x00, 0x00, 0x00, 0xF8, 0x00, 0x00, 0x00, 0xE0, 0x00, 0x00, 0x00, 0x00,
    0x00, 0x00, 0x00, 0x00, 0x00, 0x00, 0x1F, 0x80, 0x00, 0x00, 0x7F, 0xC0, 0x00, 0x01, 0xFF, 0xC0,
    0x00, 0x07, 0xFF, 0xC0, 0x00, 0x0F, 0xFF, 0x80, 0x00, 0x3F, 0x1F, 0x80, 0x00, 0x7C, 0x1F, 0x00,
    0x00, 0xF0, 0x1E, 0x00, 0x01, 0xE0, 0x3C, 0xC0, 0x03, 0xE0, 0x7D, 0xE0, 0x07, 0xE0, 0xFF, 0xC0,
    0x07, 0xFF, 0xFF, 0x00, 0x0F, 0xFF, 0xFE, 0x00, 0x0F, 0xFF, 0xFC, 0x00, 0x07, 0xFF, 0x7C, 0x00,
    0x00, 0x1E, 0xF8, 0x00, 0x00, 0xFD, 0xFE, 0x00, 0x1F, 0xF3, 0xFF, 0xFF, 0xFF, 0xE3, 0xFF, 0xFF,
    0xFF, 0x83, 0xFF, 0xFF, 0xFE, 0x03, 0xFF, 0xFF, 0xF0, 0x01, 0xFF, 0xFF, 0x00, 0x00, 0x00, 0x00,
    0x00, 0x00, 0x00, 0xC3, 0x00, 0x00, 0x79, 0xE0, 0x00, 0x1E, 0x78, 0x00, 0x07, 0x9E, 0x00, 0x00,
    0xC3, 0x00, 0x00, 0x00, 0x00, 0x00, 0x00, 0x00, 0x00, 0x00, 0x00, 0x00, 0x00, 0x7E, 0x00, 0x00,
    0x3F, 0xC0, 0x00, 0x1F, 0xF8, 0x00, 0x0F, 0xFF, 0x00, 0x03, 0xFF, 0xC0, 0x01, 0xF8, 0xF8, 0x00,
    0x7C, 0x1E, 0x00, 0x1E, 0x07, 0x8C, 0x07, 0x81, 0xE7, 0x81, 0xF0, 0x3D, 0xE0, 0x7E, 0x1F, 0xF8,
    0x0F, 0xFF, 0xFC, 0x03, 0xFF, 0xFF, 0x00, 0x7F, 0xFB, 0xC0, 0x07, 0xFE, 0xF0, 0x00, 0x07, 0xBE,
    0x00, 0x01, 0xEF, 0x80, 0x00, 0xFB, 0xF0, 0x00, 0x7C, 0x7F, 0x80, 0xFF, 0x1F, 0xFF, 0xFF, 0x83,
    0xFF, 0xFF, 0xE0, 0x7F, 0xFF, 0xF0, 0x0F, 0xFF, 0xF0, 0x00, 0x7F, 0xE0, 0x00, 0x00, 0x00, 0x00,
    0x20, 0x00, 0x00, 0x1E, 0x00, 0x00, 0x01, 0xE0, 0x00, 0x00, 0x1E, 0x00, 0x00, 0x01, 0xE0, 0x00,
    0x00, 0x1E, 0x00, 0x00, 0x01, 0xE0, 0x00, 0x00, 0x1E, 0x00, 0x00, 0x81, 0xE0, 0x00, 0x38, 0x1E,
    0x00, 0x0F, 0x81, 0xE0, 0x01, 0xF0, 0x1E, 0x00, 0x3C, 0x01, 0xE0, 0x03, 0xE0, 0x1E, 0x00, 0x3F,
    0x01, 0xE0, 0x00, 0x78, 0x1E, 0x60, 0x03, 0x81, 0xE7, 0x87, 0xF8, 0x1E, 0xF8, 0x7F, 0x01, 0xEF,
    0x07, 0xC0, 0x1E, 0xF0, 0x00, 0x01, 0xEF, 0x00, 0x00, 0x1E, 0xF8, 0x00, 0x01, 0xEF, 0x80, 0x00,
    0x3E, 0xFF, 0x00, 0x3F, 0xEF, 0xFF, 0xFF, 0xFE, 0x7F, 0xFF, 0xFF, 0xE7, 0xFF, 0xFF, 0xFC, 0x1F,
    0xFF, 0xFE, 0x00, 0x7F, 0xFF, 0x00, 0x00, 0x00, 0x00, 0x00, 0x00, 0x78, 0x00, 0x00, 0xF0, 0x00,
    0x01, 0xE0, 0x00, 0x03, 0xC0, 0x00, 0x07, 0x80, 0x00, 0x0F, 0x00, 0x00, 0x1E, 0x00, 0x00, 0x3C,
    0x00, 0x00, 0x78, 0x00, 0x00, 0xF0, 0x00, 0x01, 0xE0, 0x00, 0x03, 0xC0, 0x00, 0x07, 0x80, 0x00,
    0x0F, 0x00, 0x00, 0x1E, 0x00, 0x00, 0x3C, 0x00, 0x00, 0x78, 0x00, 0x00, 0xF0, 0x00, 0x01, 0xE0,
    0x00, 0x03, 0xC7, 0x00, 0x07, 0x9E, 0x00, 0x0F, 0x3C, 0x00, 0x1E, 0xF8, 0x00, 0x3D, 0xE0, 0x00,
    0x7B, 0xC0, 0x00, 0xF7, 0x80, 0x01, 0xEF, 0x00, 0x03, 0xDF, 0x00, 0x0F, 0xBE, 0x00, 0x1F, 0x7E,
    0x00, 0x7C, 0x7F, 0x03, 0xF8, 0xFF, 0xFF, 0xF0, 0xFF, 0xFF, 0xC1, 0xFF, 0xFF, 0x00, 0xFF, 0xF8,
    0x00, 0x7F, 0xC0, 0x00, 0x00, 0x07, 0xC0, 0x00, 0x7F, 0x80, 0x03, 0xFF, 0x00, 0x1F, 0xFE, 0x00,
    0xFF, 0xF8, 0x03, 0xE3, 0xF0, 0x1F, 0x07, 0xC0, 0x78, 0x1F, 0x1F, 0xE0, 0x3C, 0xFF, 0x00, 0xF7,
    0xFC, 0x03, 0xDF, 0xFC, 0x1F, 0xFF, 0xFC, 0xFF, 0xE7, 0xFF, 0xFF, 0x87, 0xFF, 0xBC, 0x0F, 0xFE,
    0xF0, 0x0F, 0xF3, 0xC0, 0x1F, 0x8F, 0x00, 0x00, 0x3C, 0x00, 0x00, 0xF8, 0x00, 0x03, 0xE0, 0x00,
    0x0F, 0x80, 0x00, 0x3E, 0x00, 0x00, 0xF8, 0x00, 0x03, 0xE0, 0x00, 0x07, 0x80, 0x00, 0x1F, 0x00,
    0x00, 0x7C, 0x00, 0x01, 0xF0, 0x00, 0x00, 0x00, 0x00, 0x00, 0x00, 0x00, 0x00, 0x00, 0xE0, 0x00,
    0x03, 0xE0, 0x00, 0x07, 0xC0, 0x00, 0x0F, 0x80, 0x00, 0x0E, 0x00, 0x00, 0x00, 0x04, 0x00, 0x00,
    0x7C, 0x00, 0x00, 0xF8, 0x00, 0x01, 0xF0, 0x00, 0x01, 0xF1, 0x80, 0x03, 0xE7, 0x80, 0x07, 0xCF,
    0x00, 0x0F, 0xBE, 0x00, 0x0F, 0x7C, 0x00, 0x1E, 0xF0, 0x00, 0x3D, 0xE0, 0x00, 0x7B, 0xC0, 0x00,
    0xF7, 0xC0, 0x03, 0xEF, 0x80, 0x07, 0xDF, 0x80, 0x1F, 0x9F, 0xC0, 0xFE, 0x3F, 0xFF, 0xFC, 0x3F,
    0xFF, 0xF0, 0x7F, 0xFF, 0xC0, 0x3F, 0xFF, 0x00, 0x1F, 0xF0, 0x00, 0x00, 0x80, 0x00, 0xF0, 0x00,
    0xFC, 0x01, 0xFF, 0x01, 0xFF, 0xC1, 0xFF, 0xE0, 0xFD, 0xF8, 0xF8, 0x7C, 0x78, 0x1F, 0x7C, 0x0F,
    0xBE, 0x03, 0xDE, 0x01, 0xEF, 0x00, 0xF7, 0x80, 0x7B, 0xE0, 0x7D, 0xF0, 0x3E, 0xFE, 0x3F, 0x3F,
    0xFF, 0x1F, 0xFF, 0x87, 0xFF, 0x81, 0xFF, 0x80, 0x3F, 0x00, 0x03, 0xF0, 0x03, 0xFE, 0x03, 0xFF,
    0x83, 0xFF, 0xC1, 0xFF, 0xF1, 0xF8, 0xF8, 0xF8, 0x3E, 0x78, 0x0F, 0x3C, 0x07, 0x9F, 0x03, 0xCF,
    0xC1, 0xE3, 0xFF, 0xF1, 0xFF, 0xF8, 0x7F, 0xFC, 0x0F, 0xFE, 0x00, 0x1F, 0x00, 0x1F, 0x00, 0x1F,
    0x80, 0x3F, 0x80, 0xFF, 0xC7, 0xFF, 0xC3, 0xFF, 0x81, 0xFF, 0x80, 0x7F, 0x00, 0x3C, 0x00, 0x00,
    0x00, 0x00, 0x00, 0x00, 0x3F, 0x00, 0x00, 0x1F, 0xF0, 0x00, 0x07, 0xFF, 0x00, 0x01, 0xFF, 0xE0,
    0x00, 0x7F, 0xF8, 0x00, 0x0F, 0xC7, 0x00, 0x03, 0xE0, 0x40, 0x00, 0x7C, 0x00, 0x00, 0x0F, 0x00,
    0x0F, 0x01, 0xF0, 0x01, 0xE0, 0x3F, 0xC0, 0x3C, 0x07, 0xFF, 0x0F, 0x80, 0x7F, 0xF9, 0xE0, 0x07,
    0xFF, 0x3C, 0x00, 0x7F, 0xF7, 0x80, 0x00, 0xFE, 0xF0, 0x00, 0x07, 0xDF, 0x00, 0x00, 0x7B, 0xE0,
    0x00, 0x1F, 0x7E, 0x00, 0x07, 0xE7, 0xF8, 0x0F, 0xF8, 0xFF, 0xFF, 0xFE, 0x0F, 0xFF, 0xFF, 0xC0,
    0xFF, 0xFF, 0xE0, 0x0F, 0xFF, 0xF8, 0x00, 0x3F, 0xF8, 0x00, 0x00, 0x00, 0x00, 0x00, 0x00, 0x07,
    0xE0, 0x00, 0x03, 0xFE, 0x00, 0x00, 0xFF, 0xE0, 0x00, 0x3F, 0xFC, 0x00, 0x0F, 0xFF, 0x00, 0x03,
    0xF8, 0xC0, 0x00, 0x7C, 0x00, 0x00, 0x0F, 0x80, 0x04, 0x01, 0xE0, 0x01, 0xE0, 0x3F, 0x00, 0x3C,
    0x07, 0xFC, 0x07, 0x80, 0x7F, 0xF1, 0xF0, 0x0F, 0xFF, 0x3C, 0x00, 0x7F, 0xF7, 0x80, 0x03, 0xFE,
    0xF0, 0x00, 0x07, 0xDF, 0x00, 0x00, 0x7B, 0xE0, 0x00, 0x1F, 0x7E, 0x00, 0x07, 0xE7, 0xF0, 0x0F,
    0xF8, 0xFF, 0xFF, 0xFF, 0x0F, 0xFF, 0xFF, 0xC0, 0xFF, 0xFF, 0xF0, 0x0F, 0xFF, 0xF8, 0x00, 0x7F,
    0xF8, 0x00, 0x00, 0x00, 0x00, 0x00, 0x00, 0x00, 0x00, 0x0C, 0x30, 0x00, 0x03, 0xCF, 0x00, 0x00,
    0x79, 0xE0, 0x00, 0x0F, 0x3C, 0x00, 0x00, 0xC3, 0x00, 0x00, 0x07, 0xFF, 0xFF, 0xF0, 0x0F, 0xFF,
    0xFF, 0xE0, 0x00, 0x03, 0xC0, 0x7E, 0x07, 0xE0, 0x66, 0x07, 0x63, 0xBE, 0x7F, 0xC2, 0xF8, 0x0F,
    0x00, 0x00, 0x07, 0xFF, 0xFF, 0xF0, 0x1F, 0xFF, 0xFF, 0xE0, 0x03, 0x7F, 0xFF, 0xF8, 0x00, 0x1C,
    0x3E, 0x7E, 0x66, 0x66, 0x3E, 0x3C, 0x7C, 0x78, 0x60, 0x00, 0x07, 0xFF, 0xFF, 0xF0, 0x00, 0x00,
    0x90, 0x7E, 0xDF, 0xB7, 0xFD, 0xFF, 0xF7, 0xF8, 0x00, 0x7C, 0xFE, 0xEE, 0xC6, 0xEE, 0x7E, 0x3C,
    0x3C, 0x1F, 0xF7, 0xFF, 0x9E, 0x00, 0x00, 0x1E, 0x1F, 0x9F, 0xCE, 0x47, 0x01, 0xFB, 0xFF, 0xFF,
    0xF0, 0x00, 0x1E, 0x1F, 0x9F, 0xCE, 0x47, 0x01, 0xFB, 0xFF, 0xFF, 0xF0, 0x00, 0x1F, 0xFF, 0xFF,
    0x00, 0x1C, 0xE7, 0x39, 0xFC, 0x1E, 0x00, 0x00, 0x31, 0x9D, 0xCF, 0xE3, 0xE1, 0xF0, 0x70, 0x1C,
    0x1F, 0x0F, 0x8F, 0xE7, 0x73, 0x18, 0x00, 0x79, 0xFB, 0xF7, 0x6C, 0xDF, 0x9E, 0x1E, 0x1E, 0x18,
    0x00, 0x00, 0xF0, 0x07, 0xE0, 0x3F, 0x00, 0xE0, 0x3B, 0x89, 0xF7, 0xE7, 0xFF, 0x9B, 0xF8, 0x00,
    0x00, 0x08, 0x0E, 0x0F, 0x8F, 0xE7, 0xF1, 0xF0, 0x70, 0x10, 0x79, 0xF1, 0xE3, 0xC7, 0xCF, 0x8F,
    0x1E, 0x3C, 0x78, 0xF1, 0xE3, 0xC7, 0x8F, 0x1E, 0x3C, 0x78, 0xF1, 0xE3, 0xC7, 0x8F, 0x1E, 0x00,
    0x00, 0x3C, 0x07, 0xBE, 0x03, 0xCF, 0x01, 0xE7, 0xC0, 0xF3, 0xE0, 0xF9, 0xF0, 0x7C, 0x7C, 0x7E,
    0x3F, 0xFE, 0x1F, 0xFF, 0x0F, 0xFF, 0x87, 0xFF, 0x83, 0xDF, 0x01, 0xE0, 0x00, 0xF0, 0x00, 0x78,
    0x00, 0x3C, 0x00, 0x1E, 0x00, 0x0F, 0x00, 0x07, 0x80, 0x03, 0xC0, 0x01, 0xE0, 0x00, 0xF0, 0x00,
    0x78, 0x00, 0x3C, 0x00, 0x00, 0x78, 0x78, 0x7F, 0xC3, 0xC3, 0xDE, 0x1E, 0x1E, 0xF0, 0xF0, 0xF7,
    0xCF, 0x8F, 0xBE, 0x7C, 0x7C, 0xF3, 0xE7, 0xE7, 0xFF, 0xFE, 0x3F, 0xFF, 0xF1, 0xFF, 0xFF, 0x0F,
    0xFB, 0xF8, 0x7F, 0x8F, 0x83, 0xC0, 0x00, 0x1E, 0x00, 0x00, 0xF0, 0x00, 0x07, 0x80, 0x00, 0x3C,
    0x00, 0x01, 0xE0, 0x00, 0x0F, 0x00, 0x00, 0x78, 0x00, 0x03, 0xC0, 0x00, 0x1E, 0x00, 0x00, 0xF0,
    0x00, 0x07, 0x80, 0x00, 0x00, 0x00, 0x01, 0xF0, 0x07, 0xF0, 0x1F, 0xF0, 0x3F, 0xF0, 0x7F, 0xF0,
    0x7F, 0x00, 0x7C, 0x00, 0x78, 0x00, 0x78, 0x00, 0x7C, 0x00, 0x3F, 0xF0, 0x1F, 0xF0, 0x0F, 0xF0,
    0x3F, 0xF0, 0x7F, 0x00, 0x78, 0x00, 0xF8, 0x00, 0xF0, 0x00, 0xF8, 0x00, 0xFC, 0x1C, 0xFF, 0xFC,
    0x7F, 0xFE, 0x3F, 0xFE, 0x1F, 0xFE, 0x07, 0xF0, 0x03, 0xE0, 0x07, 0xFC, 0x07, 0xFF, 0x07, 0xFF,
    0xC7, 0xFF, 0xF3, 0xF1, 0xF9, 0xF0, 0x7D, 0xF0, 0x1F, 0xF8, 0x0F, 0xF8, 0x03, 0xFC, 0x01, 0xFE,
    0x00, 0xFF, 0x80, 0xFF, 0xC0, 0x7D, 0xF8, 0xFC, 0xFF, 0xFE, 0x3F, 0xFE, 0x1F, 0xFF, 0x03, 0xFE,
    0x00, 0xFE, 0x00, 0x00, 0x00, 0x3F, 0xFE, 0x1F, 0xFF, 0x0F, 0xFF, 0x87, 0xFF, 0xC3, 0xFF, 0xE0,
    0x00, 0xF0, 0x00, 0x78, 0x00, 0x3C, 0x00, 0x1E, 0x00, 0x0F, 0x00, 0x07, 0x80, 0x03, 0xC0, 0x01,
    0xE0, 0x00, 0xF0, 0x00, 0x78, 0x00, 0x3E, 0x00, 0x1F, 0x00, 0x0F, 0x80, 0x07, 0xC0, 0x03, 0xE0,
    0x00, 0xF0, 0x00, 0x78, 0x00, 0x3E, 0x00, 0x1F, 0x00, 0x04, 0x00, 0x00, 0x00, 0x03, 0xC0, 0x0F,
    0xBF, 0x00, 0x7C, 0xF8, 0x07, 0xE7, 0xC0, 0x3E, 0x3E, 0x01, 0xF0, 0xF8, 0x0F, 0x87, 0xC0, 0xF8,
    0x3E, 0x07, 0xC0, 0xF8, 0x3E, 0x07, 0xC3, 0xE0, 0x3E, 0x1F, 0x00, 0xF0, 0xF8, 0x07, 0xC7, 0x80,
    0x3E, 0x7C, 0x00, 0xF3, 0xE0, 0x07, 0x9E, 0x00, 0x3E, 0xF0, 0x00, 0xFF, 0x80, 0x07, 0xF8, 0x00,
    0x3F, 0xC0, 0x00, 0xFE, 0x00, 0x07, 0xE0, 0x00, 0x3F, 0x00, 0x01, 0xF8, 0x00, 0x00, 0xF8, 0x00,
    0x0F, 0xC0, 0x00, 0x7F, 0x00, 0x03, 0xF8, 0x00, 0x3F, 0xC0, 0x01, 0xFF, 0x00, 0x0F, 0xF8, 0x00,
    0xFB, 0xC0, 0x07, 0xDF, 0x00, 0x3C, 0xF8, 0x03, 0xE3, 0xC0, 0x1F, 0x1E, 0x00, 0xF0, 0xF8, 0x0F,
    0x87, 0xC0, 0x7C, 0x1E, 0x03, 0xE0, 0xF8, 0x3E, 0x07, 0xC1, 0xF0, 0x3E, 0x0F, 0x80, 0xF8, 0xFC,
    0x07, 0xC7, 0xC0, 0x3E, 0x3E, 0x01, 0xFB, 0xF0, 0x07, 0xCF, 0x00, 0x3E, 0x00, 0x00, 0x00, 0x00,
    0x00, 0x03, 0xF0, 0x03, 0xFF, 0x00, 0xFF, 0xE0, 0x7F, 0xFC, 0x3F, 0xFF, 0x0F, 0xC7, 0xE3, 0xE0,
    0xF8, 0xF0, 0x1E, 0x3E, 0x07, 0x8F, 0xE1, 0xE3, 0xFF, 0xF8, 0x7F, 0xFE, 0x0F, 0xFF, 0x81, 0xFF,
    0xE0, 0x0F, 0xF8, 0x00, 0x1E, 0x00, 0x07, 0x80, 0x01, 0xF0, 0x00, 0x7C, 0x00, 0x1F, 0x00, 0x07,
    0xC0, 0x01, 0xF0, 0x00, 0x3E, 0x00, 0x0F, 0x80, 0x03, 0xE0, 0x00, 0x00, 0x00, 0x00, 0x00, 0x80,
    0x38, 0x1C, 0x03, 0xC3, 0xE0, 0x7C, 0x7F, 0x07, 0xC7, 0xF0, 0xF8, 0x3E, 0x1F, 0x01, 0xC1, 0xF0,
    0x00, 0x3E, 0x00, 0x03, 0xE0, 0x00, 0x7C, 0x00, 0x07, 0xC0, 0x00, 0xF8, 0x00, 0x1F, 0x00, 0x01,
    0xF0, 0x00, 0x3E, 0x00, 0x03, 0xE0, 0x00, 0x7C, 0x00, 0x07, 0xC0, 0x00, 0xF8, 0x38, 0x1F, 0x87,
    0xC1, 0xF0, 0xFE, 0x3E, 0x0F, 0xE3, 0xE0, 0x7C, 0x3C, 0x03, 0x81, 0xC0, 0x10, 0x00, 0x00, 0x00,
    0x30, 0xFD, 0xF3, 0xE7, 0xCF, 0x9E, 0x3C, 0x78, 0xF1, 0xC0, 0x00, 0xF9, 0xF3, 0xE7, 0xCF, 0x9E,
    0x3C, 0x78, 0xF1, 0xC0, 0x00, 0x07, 0x00, 0x00, 0x00, 0x38, 0x00, 0x00, 0x01, 0xC0, 0x00, 0x00,
    0x0E, 0x00, 0x00, 0x00, 0x70, 0x00, 0x00, 0x03, 0x80, 0x00, 0x00, 0x3C, 0x00, 0x00, 0x01, 0xE0,
    0x00, 0x00, 0x0F, 0x00, 0x03, 0xE0, 0x78, 0x0F, 0x9F, 0xF3, 0xEF, 0xFC, 0x7F, 0xFF, 0xFF, 0xC0,
    0xFF, 0xFF, 0xF0, 0x00, 0xFF, 0xFE, 0x00, 0x01, 0xFF, 0xC0, 0x00, 0x07, 0xF8, 0x00, 0x00, 0x3F,
    0xE0, 0x00, 0x03, 0xFF, 0x00, 0x00, 0x1F, 0x7C, 0x00, 0x01, 0xF1, 0xF0, 0x00, 0x0F, 0x07, 0x80,
    0x00, 0xF0, 0x1E, 0x00, 0x0F, 0x00, 0xF0, 0x00, 0x70, 0x03, 0xC0, 0x07, 0x00, 0x0E, 0x00, 0x18,
    0x00, 0x30, 0x00, 0x00, 0x00, 0x00, 0x00, 0x00, 0x00, 0x01, 0xE0, 0x00, 0x00, 0x0F, 0x9C, 0x00,
    0x00, 0x1E, 0x78, 0x00, 0x00, 0x7F, 0xE0, 0x00, 0x01, 0xFF, 0x00, 0x00, 0x07, 0xFC, 0x00, 0x00,
    0x0F, 0xF0, 0x00, 0x00, 0x3F, 0xE0, 0x00, 0x01, 0xFF, 0x80, 0x00, 0x0F, 0xFF, 0xC0, 0x03, 0xFF,
    0xFF, 0xFF, 0xFF, 0xF9, 0xFF, 0xFF, 0xFF, 0xE3, 0xFF, 0xFF, 0xFF, 0x07, 0xFF, 0xFF, 0xF0, 0x07,
    0xFF, 0xFC, 0x00, 0x00, 0x01, 0xF8, 0x00, 0x00, 0xFF, 0x00, 0x00, 0x7F, 0xE0, 0x00, 0x3F, 0xFC,
    0x00, 0x0F, 0xFF, 0x00, 0x07, 0xE3, 0xE0, 0x01, 0xF0, 0x78, 0x00, 0x78, 0x1E, 0x30, 0x1E, 0x03,
    0x9E, 0x07, 0xC0, 0xF7, 0x81, 0xF8, 0x3F, 0xE0, 0x3F, 0xFF, 0xF0, 0x0F, 0xFF, 0xFC, 0x01, 0xFF,
    0xEF, 0x00, 0x1F, 0xFB, 0xC0, 0x00, 0x1E, 0xF8, 0x00, 0x07, 0xBE, 0x00, 0x03, 0xEF, 0xC0, 0x01,
    0xF1, 0xFE, 0x03, 0xFC, 0x7F, 0xFF, 0xFE, 0x0F, 0xFF, 0xFF, 0x81, 0xFF, 0xFF, 0xC0, 0x3F, 0xFF,
    0xC0, 0x01, 0xFF, 0x80, 0x00, 0x1F, 0xFF, 0xFF, 0x00, 0x00, 0xF0, 0x3F, 0x0E, 0x67, 0x8C, 0xFF,
    0x9F, 0xE3, 0x00, 0x00, 0x00, 0x00, 0x78, 0x0F, 0x01, 0xE0, 0x3C, 0x07, 0x80, 0xF0, 0x1E, 0x03,
    0xC0, 0x78, 0x0F, 0x01, 0xE0, 0x3C, 0x07, 0x80, 0xF0, 0x1E, 0x03, 0xC0, 0x78, 0x0F, 0x01, 0xE0,
    0x3C, 0x07, 0x80, 0xF0, 0x1E, 0x03, 0xC0, 0x00, 0xF0, 0x07, 0xE0, 0x3F, 0x80, 0xE4, 0x03, 0x80,
    0x6F, 0x23, 0xDF, 0x9F, 0xFE, 0x67, 0xE0, 0x00, 0x00, 0x00, 0x01, 0xE0, 0x07, 0x80, 0x1E, 0x00,
    0x78, 0x01, 0xE0, 0x07, 0x80, 0x1E, 0x00, 0x78, 0x01, 0xE0, 0x07, 0x80, 0x1E, 0x00, 0x78, 0x01,
    0xE0, 0x07, 0x80, 0x1E, 0x00, 0x78, 0x01, 0xE0, 0x07, 0x80, 0x1E, 0x00, 0x78, 0x01, 0xE0, 0x07,
    0x80, 0x1E, 0x00, 0x78, 0x00, 0x00, 0x00, 0x07, 0x80, 0x1E, 0x00, 0x78, 0x01, 0xE0, 0x07, 0x80,
    0x1E, 0x00, 0x78, 0x01, 0xE0, 0x07, 0x80, 0x1E, 0x00, 0x78, 0x01, 0xE0, 0x07, 0x80, 0x1E, 0x00,
    0x78, 0x01, 0xE0, 0x07, 0x80, 0x1E, 0x00, 0x78, 0x01, 0xE0, 0x07, 0x80, 0x1E, 0x00, 0x78, 0x01,
    0xE0, 0x07, 0x80, 0x1E, 0x00, 0x78, 0x01, 0xE0, 0x07, 0x80, 0x00, 0x00, 0x3C, 0x03, 0xF8, 0x0F,
    0xC0, 0x38, 0x0E, 0xE2, 0x7D, 0xF9, 0xFF, 0xE6, 0xFE, 0x00, 0x00, 0x1E, 0x1F, 0x9F, 0xCE, 0x47,
    0x01, 0xFB, 0xFF, 0xFF, 0xF0, 0x00, 0x10, 0x01, 0xE0, 0x03, 0xC1, 0xE7, 0x87, 0xEF, 0x1F, 0xDE,
    0x38, 0x3C, 0x70, 0x78, 0x7E, 0xF3, 0xFF, 0xE7, 0xFF, 0xCF, 0x07, 0x80, 0x0F, 0x00, 0x1E, 0x00,
    0x3C, 0x00, 0x78, 0x00, 0xF0, 0x01, 0xE0, 0x03, 0xC0, 0x07, 0x80, 0x0F, 0x00, 0x1E, 0x00, 0x3C,
    0x00, 0x78, 0x00, 0xF0, 0x01, 0xE0, 0x03, 0xC0, 0x07, 0x80, 0x0F, 0x00, 0x1E, 0x00, 0x00, 0x00,
    0x07, 0x80, 0x01, 0xF8, 0x00, 0x7E, 0x00, 0x0E, 0x00, 0x01, 0xC0, 0x00, 0x1D, 0x80, 0x0F, 0xF8,
    0x01, 0xFF, 0x00, 0x3E, 0x00, 0x00, 0x00, 0x00, 0x00, 0x00, 0x00, 0x00, 0x00, 0x00, 0x07, 0xE0,
    0x01, 0xFF, 0x00, 0x7F, 0xF0, 0x1F, 0xFE, 0x03, 0xFF, 0xE0, 0xFC, 0x7C, 0x1F, 0x07, 0xC3, 0xC0,
    0x78, 0x78, 0x0F, 0x0F, 0x81, 0xE1, 0xF8, 0x3C, 0x1F, 0xFF, 0x83, 0xFF, 0xF0, 0x3F, 0xFE, 0x01,
    0xFF, 0xC0, 0x00, 0xF8, 0x00, 0x3E, 0x00, 0x0F, 0xC0, 0x07, 0xF0, 0x07, 0xFE, 0x0F, 0xFF, 0x81,
    0xFF, 0xC0, 0x3F, 0xF0, 0x03, 0xF8, 0x00, 0x78, 0x00, 0x00, 0x00, 0x00, 0x00, 0xF0, 0x00, 0xFC,
    0x00, 0x7E, 0x00, 0x33, 0x00, 0x1F, 0x80, 0x07, 0x80, 0x03, 0xC0, 0x07, 0xC0, 0x01, 0x80, 0x00,
    0x00, 0x00, 0x3C, 0x00, 0x3F, 0x00, 0x3F, 0x80, 0x1C, 0x80, 0x0E, 0x00, 0x03, 0xB0, 0x03, 0xFC,
    0x03, 0xFE, 0x01, 0xF8, 0x00, 0x00, 0x00, 0x00, 0x00, 0x1F, 0x80, 0x1F, 0xF0, 0x1F, 0xFC, 0x1F,
    0xFE, 0x0F, 0xFF, 0x8F, 0xC7, 0xC7, 0xC1, 0xF3, 0xC0, 0x79, 0xE0, 0x3C, 0xF8, 0x1E, 0x7E, 0x0F,
    0x1F, 0xFF, 0x8F, 0xFF, 0xC3, 0xFF, 0xE0, 0x7F, 0xF0, 0x00, 0xF8, 0x00, 0xF8, 0x00, 0xFC, 0x01,
    0xFC, 0x07, 0xFE, 0x3F, 0xFE, 0x1F, 0xFC, 0x0F, 0xFC, 0x03, 0xF8, 0x01, 0xE0, 0x00, 0x00, 0x00,
    0x00, 0x00, 0x07, 0xC0, 0x00, 0x01, 0xF8, 0x00, 0x00, 0x7F, 0x00, 0x00, 0x0E, 0x00, 0x00, 0x01,
    0xC0, 0x00, 0x00, 0x1F, 0xC0, 0x00, 0x0F, 0xF8, 0x00, 0x01, 0xFC, 0x00, 0x00, 0x00, 0x00, 0x00,
    0x00, 0x00, 0x00, 0x00, 0xFC, 0x00, 0x00, 0x7F, 0xC0, 0x00, 0x1F, 0xFC, 0x00, 0x07, 0xFF, 0x80,
    0x01, 0xFF, 0xE0, 0x00, 0x3F, 0x1C, 0x00, 0x0F, 0x81, 0x00, 0x01, 0xF0, 0x00, 0x00, 0x3C, 0x00,
    0x3C, 0x07, 0xC0, 0x07, 0x80, 0xFF, 0x00, 0xF0, 0x1F, 0xFC, 0x3E, 0x01, 0xFF, 0xE7, 0x80, 0x1F,
    0xFC, 0xF0, 0x01, 0xFF, 0xDE, 0x00, 0x03, 0xFB, 0xC0, 0x00, 0x1F, 0x7C, 0x00, 0x01, 0xEF, 0x80,
    0x00, 0x7D, 0xF8, 0x00, 0x1F, 0x9F, 0xE0, 0x3F, 0xE3, 0xFF, 0xFF, 0xF8, 0x3F, 0xFF, 0xFF, 0x03,
    0xFF, 0xFF, 0x80, 0x3F, 0xFF, 0xE0, 0x00, 0xFF, 0xE0, 0x00, 0x00, 0x18, 0x00, 0x00, 0x00, 0x6F,
    0x00, 0x00, 0x01, 0xFE, 0x00, 0x00, 0x07, 0xB8, 0x00, 0x00, 0x1C, 0x60, 0x00, 0x00, 0x63, 0x80,
    0x00, 0x03, 0xFE, 0x00, 0x00, 0x0F, 0xF0, 0x1E, 0x00, 0x00, 0x00, 0xF9, 0xC0, 0x00, 0x01, 0xE7,
    0x80, 0x00, 0x07, 0xFE, 0x00, 0x00, 0x1F, 0xF0, 0x00, 0x00, 0x7F, 0xC0, 0x00, 0x00, 0xFF, 0x00,
    0x00, 0x03, 0xFE, 0x00, 0x00, 0x1F, 0xF8, 0x00, 0x00, 0xFF, 0xFC, 0x00, 0x3F, 0xFF, 0xFF, 0xFF,
    0xFF, 0x9F, 0xFF, 0xFF, 0xFE, 0x3F, 0xFF, 0xFF, 0xF0, 0x7F, 0xFF, 0xFF, 0x00, 0x7F, 0xFF, 0xC0,
    0x00, 0x00, 0x03, 0x00, 0x00, 0x00, 0x1E, 0x00, 0x00, 0x00, 0x78, 0x00, 0x00, 0x01, 0xE0, 0x00,
    0x00, 0x03, 0x00, 0x00, 0x00, 0x00, 0x00, 0x00, 0x00, 0x30, 0x00, 0x00, 0x01, 0xE0, 0x00, 0x00,
    0x07, 0x80, 0x00, 0x00, 0x1E, 0x00, 0xE0, 0x00, 0x30, 0x0F, 0x98, 0x00, 0x00, 0x3E, 0x78, 0x00,
    0x00, 0x7D, 0xE0, 0x00, 0x01, 0xFF, 0x00, 0x00, 0x07, 0xFC, 0x00, 0x00, 0x0F, 0xF0, 0x00, 0x00,
    0x3F, 0xE0, 0x00, 0x01, 0xFF, 0x80, 0x00, 0x07, 0xFF, 0xC0, 0x01, 0xFF, 0xFF, 0xFF, 0xFF, 0xF9,
    0xFF, 0xFF, 0xFF, 0xE7, 0xFF, 0xFF, 0xFF, 0x07, 0xFF, 0xFF, 0xF0, 0x07, 0xFF, 0xFC, 0x00, 0x00,
    0x00, 0x00, 0x00, 0x00, 0x00, 0x01, 0xE0, 0x00, 0x00, 0x0F, 0x9C, 0x00, 0x00, 0x1E, 0x78, 0x00,
    0x00, 0x7F, 0xE0, 0x00, 0x01, 0xFF, 0x00, 0x00, 0x07, 0xFC, 0x00, 0x00, 0x0F, 0xF0, 0x00, 0x00,
    0x3F, 0xE0, 0x00, 0x01, 0xFF, 0x80, 0x00, 0x0F, 0xFF, 0xC0, 0x03, 0xFF, 0xFF, 0xFF, 0xFF, 0xF9,
    0xFF, 0xFF, 0xFF, 0xE3, 0xFF, 0xFF, 0xFF, 0x07, 0xFF, 0xFF, 0xF0, 0x07, 0xFF, 0xFC, 0x00, 0x00,
    0x00, 0x00, 0x00, 0x00, 0x00, 0x00, 0x00, 0x01, 0x80, 0x00, 0x00, 0x0F, 0x00, 0x00, 0x00, 0x3C,
    0x00, 0x00, 0x00, 0xF0, 0x00, 0x00, 0x01, 0x80, 0x00, 0x00, 0x00, 0x00, 0x00, 0x00, 0x18, 0x00,
    0x00, 0x00, 0xF0, 0x00, 0x00, 0x03, 0xC0, 0x00, 0x00, 0x0F, 0x00, 0x00, 0x00, 0x18, 0x00, 0x00,
    0x00, 0x18, 0x60, 0x00, 0x00, 0xF3, 0xC0, 0x00, 0x03, 0xCF, 0x00, 0x00, 0x0F, 0x3C, 0x00, 0x00,
    0x18, 0x60, 0x18, 0x00, 0x00, 0x03, 0xE4, 0x00, 0x00, 0x0F, 0x9E, 0x00, 0x00, 0x1F, 0x78, 0x00,
    0x00, 0x7F, 0xE0, 0x00, 0x01, 0xFF, 0x00, 0x00, 0x03, 0xFC, 0x00, 0x00, 0x0F, 0xF8, 0x00, 0x00,
    0x7F, 0xE0, 0x00, 0x01, 0xFF, 0xF0, 0x00, 0x7F, 0xFF, 0xFF, 0xFF, 0xFE, 0x7F, 0xFF, 0xFF, 0xF9,
    0xFF, 0xFF, 0xFF, 0xC1, 0xFF, 0xFF, 0xFC, 0x01, 0xFF, 0xFF, 0xC0, 0x00, 0x3B, 0x80, 0x00, 0x00,
    0xC6, 0x00, 0x00, 0x03, 0xB8, 0x00, 0x00, 0x0F, 0xC0, 0x00, 0x00, 0x1E, 0x00, 0x00, 0x00, 0x38,
    0xE0, 0x00, 0x01, 0xE3, 0xC0, 0x00, 0x07, 0x8F, 0x00, 0x00, 0x0E, 0x38, 0x00, 0x00, 0x00, 0x00,
    0x00, 0x00, 0x1C, 0x00, 0x00, 0x00, 0x78, 0x00, 0x00, 0x01, 0xE0, 0x00, 0x00, 0x07, 0x00, 0x78,
    0x00, 0x00, 0x03, 0xE7, 0x00, 0x00, 0x07, 0x9E, 0x00, 0x00, 0x1F, 0xF8, 0x00, 0x00, 0x7F, 0xC0,
    0x00, 0x01, 0xFF, 0x00, 0x00, 0x03, 0xFC, 0x00, 0x00, 0x0F, 0xF8, 0x00, 0x00, 0x7F, 0xE0, 0x00,
    0x03, 0xFF, 0xF0, 0x00, 0xFF, 0xFF, 0xFF, 0xFF, 0xFE, 0x7F, 0xFF, 0xFF, 0xF8, 0xFF, 0xFF, 0xFF,
    0xC1, 0xFF, 0xFF, 0xFC, 0x01, 0xFF, 0xFF, 0x00, 0x00, 0x00, 0x00, 0x00, 0x00, 0x00, 0x01, 0xE0,
    0x00, 0x00, 0x0F, 0x9C, 0x00, 0x00, 0x1E, 0x78, 0x00, 0x00, 0x7F, 0xE0, 0x00, 0x01, 0xFF, 0x00,
    0x00, 0x07, 0xFC, 0x00, 0x00, 0x0F, 0xF0, 0x00, 0x00, 0x3F, 0xE0, 0x00, 0x01, 0xFF, 0x80, 0x00,
    0x0F, 0xFF, 0xC0, 0x03, 0xFF, 0xFF, 0xFF, 0xFF, 0xF9, 0xFF, 0xFF, 0xFF, 0xE3, 0xFF, 0xFF, 0xFF,
    0x07, 0xFF, 0xFF, 0xF0, 0x07, 0xFF, 0xFC, 0x00, 0x00, 0x00, 0x00, 0x00, 0x00, 0x00, 0x00, 0x00,
    0x00, 0x00, 0x00, 0x00, 0x38, 0xE0, 0x00, 0x01, 0xE3, 0xC0, 0x00, 0x07, 0x8F, 0x00, 0x00, 0x0E,
    0x38, 0x00, 0x00, 0x00, 0x00, 0x00, 0x00, 0x1C, 0x00, 0x00, 0x00, 0xF0, 0x00, 0x00, 0x03, 0xC0,
    0x00, 0x00, 0x07, 0x00, 0x00, 0x00, 0x38, 0xE0, 0x00, 0x00, 0xF7, 0x80, 0x00, 0x03, 0xDE, 0x00,
    0x00, 0x0E, 0x38, 0x00, 0x00, 0x00, 0x00, 0x00, 0x00, 0x00, 0x00, 0x00, 0x03, 0x8E, 0x00, 0x00,
    0x0F, 0x78, 0x00, 0x00, 0x3D, 0xE0, 0x18, 0x00, 0xE3, 0x83, 0xE6, 0x00, 0x00, 0x0F, 0x9E, 0x00,
    0x00, 0x1F, 0x78, 0x00, 0x00, 0x7F, 0xC0, 0x00, 0x01, 0xFF, 0x00, 0x00, 0x03, 0xFC, 0x00, 0x00,
    0x0F, 0xF8, 0x00, 0x00, 0x7F, 0xE0, 0x00, 0x01, 0xFF, 0xF0, 0x00, 0x7F, 0xFF, 0xFF, 0xFF, 0xFE,
    0x7F, 0xFF, 0xFF, 0xF9, 0xFF, 0xFF, 0xFF, 0xC1, 0xFF, 0xFF, 0xFC, 0x01, 0xFF, 0xFF, 0x80, 0x00,
    0x00, 0x00, 0x00, 0x00, 0x00, 0x01, 0xE0, 0x00, 0x00, 0x0F, 0x9C, 0x00, 0x00, 0x1E, 0x78, 0x00,
    0x00, 0x7F, 0xE0, 0x00, 0x01, 0xFF, 0x00, 0x00, 0x07, 0xFC, 0x00, 0x00, 0x0F, 0xF0, 0x00, 0x00,
    0x3F, 0xE0, 0x00, 0x01, 0xFF, 0x80, 0x00, 0x0F, 0xFF, 0xC0, 0x03, 0xFF, 0xFF, 0xFF, 0xFF, 0xF9,
    0xFF, 0xFF, 0xFF, 0xE3, 0xFF, 0xFF, 0xFF, 0x07, 0xFF, 0xFF, 0xF0, 0x07, 0xFF, 0xFC, 0x00, 0x00,
    0x00, 0x00, 0x00, 0x00, 0x00, 0x00, 0x00, 0x0E, 0x38, 0x00, 0x00, 0x3D, 0xE0, 0x00, 0x00, 0xF7,
    0x80, 0x00, 0x03, 0x8E, 0x00, 0x00, 0x00, 0x00, 0x00, 0x00, 0x00, 0x00, 0x00, 0x00, 0xE3, 0x80,
    0x00, 0x03, 0xDE, 0x00, 0x00, 0x0F, 0x78, 0x00, 0x00, 0x38, 0xE0, 0x00, 0x01, 0xE0, 0x00, 0x03,
    0xF8, 0x00, 0x01, 0xF8, 0x00, 0x00, 0xE0, 0x00, 0x00, 0x70, 0x00, 0x00, 0x1F, 0xC0, 0x00, 0x3F,
    0xE0, 0x00, 0x1F, 0xE0, 0x00, 0x00, 0x00, 0x00, 0x00, 0x00, 0x00, 0x03, 0xFC, 0x00, 0x07, 0xFF,
    0x80, 0x07, 0xFF, 0xF0, 0x03, 0xFF, 0xFC, 0x00, 0xFF, 0xFF, 0x80, 0x38, 0x3F, 0xE0, 0x00, 0x03,
    0xFE, 0x00, 0x01, 0xFF, 0x00, 0x0F, 0xFF, 0x80, 0x1F, 0xFF, 0xC0, 0x3F, 0xFF, 0xE0, 0x3F, 0xE0,
    0x00, 0x3F, 0x80, 0x00, 0x3F, 0x00, 0x00, 0x1F, 0x00, 0x00, 0x1F, 0x00, 0x00, 0x0F, 0x00, 0x00,
    0x0F, 0x80, 0x00, 0x07, 0xC0, 0x00, 0x03, 0xC0, 0x00, 0x01, 0xE0, 0x00, 0x00, 0xF0, 0x00, 0x00,
    0x7C, 0x00, 0x00, 0x3E, 0x00, 0x00, 0x1F, 0x80, 0x00, 0x07, 0xE0, 0x00, 0x43, 0xFE, 0x03, 0xE0,
    0xFF, 0xFF, 0xF8, 0x3F, 0xFF, 0xFC, 0x0F, 0xFF, 0xFE, 0x01, 0xFF, 0xFE, 0x00, 0x3F, 0xF8, 0x00,
    0x00, 0x00, 0x00, 0x00, 0xC0, 0x00, 0x00, 0xF0, 0x00, 0x00, 0x78, 0x00, 0x00, 0x3C, 0x00, 0x00,
    0x0C, 0x00, 0x00, 0x00, 0x00, 0x00, 0x03, 0x00, 0x00, 0x03, 0xC0, 0x00, 0x01, 0xE0, 0x00, 0x00,
    0xF0, 0x00, 0x00, 0x30, 0x00, 0x00, 0x00, 0x00, 0x00, 0x00, 0x00, 0x00, 0x3F, 0xC0, 0x00, 0x7F,
    0xF8, 0x00, 0x7F, 0xFE, 0x00, 0x3F, 0xFF, 0xC0, 0x0F, 0xFF, 0xF0, 0x03, 0x03, 0xFE, 0x00, 0x00,
    0x7F, 0xE0, 0x00, 0x3F, 0xF0, 0x00, 0xFF, 0xF8, 0x01, 0xFF, 0xFC, 0x03, 0xFF, 0xFC, 0x03, 0xFC,
    0x00, 0x03, 0xF0, 0x00, 0x03, 0xF0, 0x00, 0x01, 0xF0, 0x00, 0x01, 0xF0, 0x00, 0x00, 0xF0, 0x00,
    0x00, 0xF8, 0x00, 0x00, 0x7C, 0x00, 0x00, 0x3C, 0x00, 0x00, 0x1E, 0x00, 0x00, 0x0F, 0x00, 0x00,
    0x07, 0xC0, 0x00, 0x03, 0xE0, 0x00, 0x01, 0xF8, 0x00, 0x00, 0x7E, 0x00, 0x08, 0x3F, 0xE0, 0x3E,
    0x0F, 0xFF, 0xFF, 0x03, 0xFF, 0xFF, 0xC0, 0xFF, 0xFF, 0xE0, 0x3F, 0xFF, 0xC0, 0x03, 0xFF, 0x00,
    0x00, 0x00, 0x00, 0x0F, 0xF0, 0x00, 0x3F, 0xFC, 0x00, 0x7F, 0xFE, 0x00, 0x3F, 0xFF, 0x80, 0x3F,
    0xFF, 0xC0, 0x18, 0x1F, 0xF0, 0x00, 0x07, 0xFC, 0x00, 0x07, 0xFC, 0x00, 0x3F, 0xFC, 0x00, 0xFF,
    0xFC, 0x03, 0xFF, 0xFC, 0x07, 0xF0, 0x00, 0x0F, 0xC0, 0x00, 0x1F, 0x00, 0x00, 0x3E, 0x00, 0x00,
    0x3E, 0x00, 0x00, 0x3C, 0x00, 0x00, 0x7C, 0x61, 0x80, 0x78, 0xF3, 0xC0, 0x78, 0xF3, 0xC0, 0x78,
    0xF3, 0xC0, 0x78, 0x61, 0x80, 0x7C, 0x00, 0x00, 0x7C, 0x00, 0x00, 0x7E, 0x00, 0x00, 0x3F, 0x00,
    0x04, 0x3F, 0xE0, 0x7E, 0x1F, 0xFF, 0xFE, 0x0F, 0xFF, 0xFE, 0x07, 0xFF, 0xFF, 0x03, 0xFF, 0xFC,
    0x00, 0x7F, 0xE0, 0x00, 0x00, 0x00, 0x0F, 0xF0, 0x00, 0x3F, 0xFC, 0x00, 0x7F, 0xFE, 0x00, 0x3F,
    0xFF, 0x00, 0x3F, 0xFF, 0xC0, 0x18, 0x1F, 0xF0, 0x00, 0x07, 0xFC, 0x00, 0x07, 0xFC, 0x00, 0x3F,
    0xFC, 0x00, 0xFF, 0xFC, 0x03, 0xFF, 0xFC, 0x07, 0xF0, 0x00, 0x0F, 0xC0, 0x00, 0x1F, 0x80, 0x00,
    0x3E, 0x00, 0x00, 0x3E, 0x0C, 0x00, 0x3C, 0x1E, 0x00, 0x7C, 0x1E, 0x00, 0x78, 0x1E, 0x00, 0x78,
    0x0C, 0x00, 0x78, 0x00, 0x00, 0x78, 0x0C, 0x00, 0x7C, 0x1E, 0x00, 0x7C, 0x1E, 0x00, 0x7E, 0x1E,
    0x00, 0x3F, 0x0C, 0x00, 0x3F, 0xE0, 0x3C, 0x1F, 0xFF, 0xFE, 0x0F, 0xFF, 0xFE, 0x07, 0xFF, 0xFF,
    0x03, 0xFF, 0xFC, 0x00, 0x7F, 0xE0, 0x01, 0xC0, 0x00, 0x03, 0xC0, 0x00, 0x03, 0xC0, 0x00, 0x01,
    0xC0, 0x00, 0x00, 0x00, 0x00, 0x1C, 0x38, 0x00, 0x1E, 0x78, 0x00, 0x1E, 0x78, 0x00, 0x1C, 0x38,
    0x00, 0x00, 0x00, 0x00, 0x00, 0x00, 0x00, 0x00, 0x00, 0x00, 0x0F, 0xF0, 0x00, 0x3F, 0xFC, 0x00,
    0x7F, 0xFE, 0x00, 0x7F, 0xFF, 0x80, 0x3F, 0xFF, 0xC0, 0x18, 0x1F, 0xF0, 0x00, 0x07, 0xFC, 0x00,
    0x07, 0xFE, 0x00, 0x3F, 0xFC, 0x00, 0xFF, 0xFC, 0x03, 0xFF, 0xFC, 0x07, 0xF8, 0x00, 0x0F, 0xC0,
    0x00, 0x1F, 0x80, 0x00, 0x1F, 0x00, 0x00, 0x3E, 0x00, 0x00, 0x3C, 0x00, 0x00, 0x7C, 0x00, 0x00,
    0x7C, 0x00, 0x00, 0x78, 0x00, 0x00, 0x78, 0x00, 0x00, 0x78, 0x00, 0x00, 0x7C, 0x00, 0x00, 0x7C,
    0x00, 0x00, 0x7E, 0x00, 0x00, 0x3F, 0x00, 0x04, 0x3F, 0xE0, 0x3E, 0x1F, 0xFF, 0xFE, 0x0F, 0xFF,
    0xFF, 0x07, 0xFF, 0xFF, 0x03, 0xFF, 0xFC, 0x00, 0x7F, 0xE0, 0x00, 0x00, 0x00, 0x07, 0xF8, 0x00,
    0x0F, 0xFF, 0x00, 0x0F, 0xFF, 0xE0, 0x03, 0xFF, 0xF8, 0x01, 0xFF, 0xFF, 0x00, 0x60, 0x7F, 0xC0,
    0x00, 0x0F, 0xFC, 0x00, 0x07, 0xFE, 0x00, 0x1F, 0xFF, 0x00, 0x3F, 0xFF, 0x80, 0x7F, 0xFF, 0xC0,
    0x7F, 0x00, 0x00, 0x7E, 0x00, 0x00, 0x7E, 0x00, 0x00, 0x3E, 0x00, 0x00, 0x3E, 0x71, 0xC0, 0x1E,
    0x78, 0xF0, 0x1F, 0x3C, 0x78, 0x0F, 0x0E, 0x38, 0x07, 0x80, 0x00, 0x03, 0xC0, 0x70, 0x01, 0xE0,
    0x78, 0x00, 0xF8, 0x3C, 0x00, 0x7C, 0x0E, 0x00, 0x3F, 0x00, 0x00, 0x0F, 0xC0, 0x01, 0x87, 0xFC,
    0x07, 0xE1, 0xFF, 0xFF, 0xF0, 0x7F, 0xFF, 0xF8, 0x1F, 0xFF, 0xFC, 0x03, 0xFF, 0xFC, 0x00, 0x7F,
    0xF0, 0x00, 0x0F, 0xF0, 0x00, 0x1F, 0xFE, 0x00, 0x1F, 0xFF, 0x80, 0x0F, 0xFF, 0xF0, 0x03, 0xFF,
    0xFC, 0x00, 0xE0, 0xFF, 0x80, 0x00, 0x1F, 0xF8, 0x00, 0x07, 0xFC, 0x00, 0x3F, 0xFE, 0x00, 0x7F,
    0xFF, 0x00, 0xFF, 0xFF, 0x80, 0xFF, 0x80, 0x00, 0xFE, 0x00, 0x00, 0xFC, 0x00, 0x00, 0x7C, 0x00,
    0x00, 0x7C, 0xE3, 0x80, 0x3C, 0x7B, 0xC0, 0x3E, 0x3D, 0xE0, 0x1F, 0x1C, 0x70, 0x0F, 0x00, 0x00,
    0x07, 0x87, 0x1C, 0x03, 0xC3, 0xDE, 0x01, 0xF1, 0xEF, 0x00, 0xF8, 0xE3, 0x80, 0x7E, 0x00, 0x00,
    0x1F, 0x80, 0x03, 0x0F, 0xF8, 0x0F, 0x83, 0xFF, 0xFF, 0xC0, 0xFF, 0xFF, 0xF0, 0x3F, 0xFF, 0xF8,
    0x0F, 0xFF, 0xF8, 0x00, 0xFF, 0xE0, 0x00, 0x00, 0x00, 0x00, 0x18, 0x00, 0x0D, 0xE0, 0x07, 0xF8,
    0x03, 0xDC, 0x01, 0xC6, 0x00, 0xCF, 0x00, 0xFF, 0x00, 0xFF, 0x80, 0x00, 0x00, 0x00, 0x00, 0x00,
    0x20, 0x00, 0x38, 0x00, 0x3E, 0x00, 0x3F, 0x80, 0x0F, 0xE0, 0x03, 0xF0, 0x00, 0xFC, 0x00, 0x3F,
    0x00, 0x0F, 0x80, 0x07, 0xE0, 0x01, 0xF0, 0x00, 0xF8, 0x00, 0x3C, 0x00, 0x1E, 0x00, 0x1F, 0x18,
    0x3F, 0x8F, 0xFF, 0xCF, 0xFF, 0xC7, 0xFF, 0xC3, 0xFF, 0xC1, 0xFF, 0x80, 0x00, 0x80, 0x00, 0xE0,
    0x00, 0xF8, 0x00, 0xFE, 0x00, 0x3F, 0x80, 0x0F, 0xC0, 0x03, 0xF0, 0x00, 0xFC, 0x00, 0x3E, 0x00,
    0x1F, 0x00, 0x07, 0xC0, 0x03, 0xE0, 0x00, 0xF0, 0x00, 0x78, 0x00, 0x7C, 0x40, 0xFE, 0x7F, 0xFF,
    0x3F, 0xFF, 0x1F, 0xFF, 0x0F, 0xFF, 0x07, 0xFE, 0x00, 0x77, 0x00, 0x31, 0x80, 0x1D, 0xC0, 0x07,
    0xC0, 0x01, 0xC0, 0x00, 0x00, 0x80, 0x01, 0xC0, 0x03, 0xE0, 0x07, 0xF0, 0x03, 0xF0, 0x01, 0xF8,
    0x00, 0xFC, 0x00, 0xFC, 0x00, 0x7E, 0x00, 0x3E, 0x00, 0x1F, 0x00, 0x1F, 0x00, 0x0F, 0x00, 0x0F,
    0x00, 0x1F, 0x60, 0x7F, 0x7F, 0xFF, 0x7F, 0xFE, 0x7F, 0xFC, 0xFF, 0xF8, 0x7F, 0xE0, 0x00, 0x00,
    0x00, 0x00, 0x00, 0x00, 0x03, 0x80, 0x07, 0xC0, 0x07, 0xC0, 0x07, 0xC0, 0x03, 0x80, 0x00, 0x00,
    0x18, 0x00, 0x0D, 0xE0, 0x07, 0xF8, 0x03, 0xDC, 0x01, 0xC6, 0x00, 0xCF, 0x00, 0xFF, 0x00, 0xFF,
    0x80, 0x00, 0x00, 0x00, 0x00, 0x00, 0x20, 0x00, 0x38, 0x00, 0x3E, 0x00, 0x3F, 0x80, 0x0F, 0xE0,
    0x03, 0xF0, 0x00, 0xFC, 0x00, 0x3F, 0x00, 0x0F, 0x80, 0x07, 0xE0, 0x01, 0xF0, 0x00, 0xF8, 0x00,
    0x3C, 0x00, 0x1E, 0x00, 0x1F, 0x18, 0x3F, 0x8F, 0xFF, 0xCF, 0xFF, 0xC7, 0xFF, 0xC3, 0xFF, 0xC1,
    0xFF, 0x80, 0x00, 0x00, 0x00, 0x00, 0x00, 0x00, 0x00, 0xE0, 0x00, 0xF8, 0x00, 0x7C, 0x00, 0x3E,
    0x00, 0x0E, 0x00, 0x00, 0x00, 0x00, 0x00, 0x18, 0x60, 0x1E, 0x78, 0x0F, 0x3C, 0x07, 0x9E, 0x01,
    0x86, 0x00, 0x00, 0x00, 0x00, 0x00, 0x00, 0x00, 0x00, 0xE0, 0x00, 0xF8, 0x00, 0xFE, 0x00, 0x7F,
    0x00, 0x0F, 0xC0, 0x03, 0xF0, 0x00, 0xF8, 0x00, 0x7E, 0x00, 0x1F, 0x00, 0x07, 0xC0, 0x03, 0xE0,
    0x00, 0xF0, 0x00, 0x78, 0x00, 0x7C, 0x60, 0xFE, 0x7F, 0xFF, 0x3F, 0xFF, 0x1F, 0xFF, 0x0F, 0xFF,
    0x07, 0xFE, 0x00, 0x00, 0x80, 0x01, 0xC0, 0x07, 0xE0, 0x0F, 0xE0, 0x07, 0xF0, 0x03, 0xF8, 0x01,
    0xFC, 0x00, 0xFC, 0x00, 0x7E, 0x00, 0x3E, 0x00, 0x1F, 0x00, 0x1F, 0x00, 0x0F, 0x00, 0x0F, 0x00,
    0x1F, 0x60, 0x7F, 0x7F, 0xFF, 0x7F, 0xFE, 0xFF, 0xFC, 0xFF, 0xF8, 0x7F, 0xE0, 0x00, 0x00, 0x00,
    0x00, 0x18, 0x60, 0x3C, 0xF0, 0x3C, 0xF0, 0x3C, 0xF0, 0x18, 0x60, 0x00, 0x00, 0x07, 0x00, 0x07,
    0x80, 0x03, 0xC0, 0x00, 0xE0, 0x00, 0x00, 0x01, 0xC7, 0x01, 0xE3, 0xC0, 0xF1, 0xE0, 0x38, 0xE0,
    0x00, 0x00, 0x00, 0x00, 0x00, 0x10, 0x00, 0x1C, 0x00, 0x1F, 0x00, 0x1F, 0xC0, 0x07, 0xF0, 0x01,
    0xF8, 0x00, 0x7E, 0x00, 0x1F, 0x80, 0x07, 0xC0, 0x03, 0xF0, 0x00, 0xF8, 0x00, 0x7C, 0x00, 0x1E,
    0x00, 0x0F, 0x00, 0x0F, 0x8C, 0x1F, 0xC7, 0xFF, 0xE7, 0xFF, 0xE3, 0xFF, 0xE1, 0xFF, 0xE0, 0xFF,
    0xC0, 0x38, 0xE0, 0x3C, 0x78, 0x1E, 0x3C, 0x07, 0x1C, 0x00, 0x00, 0x00, 0x38, 0x00, 0x3C, 0x00,
    0x1E, 0x00, 0x07, 0x00, 0x00, 0x00, 0x00, 0x00, 0x00, 0x18, 0x00, 0x1C, 0x00, 0x1F, 0x00, 0x1F,
    0xC0, 0x07, 0xF0, 0x01, 0xF8, 0x00, 0x7E, 0x00, 0x1F, 0x80, 0x07, 0xC0, 0x03, 0xF0, 0x00, 0xF8,
    0x00, 0x7C, 0x00, 0x1E, 0x00, 0x0F, 0x00, 0x0F, 0x8C, 0x1F, 0xC7, 0xFF, 0xE7, 0xFF, 0xE3, 0xFF,
    0xE1, 0xFF, 0xE0, 0xFF, 0xC0, 0x39, 0xC0, 0x79, 0xE0, 0x79, 0xE0, 0x39, 0xC0, 0x00, 0x00, 0x39,
    0xC0, 0x79, 0xE0, 0x79, 0xE0, 0x39, 0xC0, 0x00, 0x00, 0x00, 0x00, 0x00, 0xC0, 0x03, 0xE0, 0x07,
    0xE0, 0x07, 0xF0, 0x03, 0xF8, 0x01, 0xF8, 0x00, 0xFC, 0x00, 0x7E, 0x00, 0x3E, 0x00, 0x3E, 0x00,
    0x1F, 0x00, 0x1F, 0x00, 0x0F, 0x00, 0x0F, 0x00, 0x1F, 0x60, 0x7F, 0x7F, 0xFF, 0x7F, 0xFE, 0xFF,
    0xFC, 0xFF, 0xF8, 0x7F, 0xC0, 0x06, 0x00, 0x1B, 0xC0, 0x7F, 0x81, 0xEE, 0x07, 0x18, 0x18, 0xE0,
    0xFF, 0x07, 0xFC, 0x00, 0x00, 0x00, 0x00, 0x00, 0x00, 0x04, 0x00, 0xF0, 0x07, 0xE0, 0x1F, 0x80,
    0x3E, 0x00, 0xFC, 0x01, 0xF0, 0x07, 0xC0, 0x1F, 0x00, 0x3C, 0x00, 0xF0, 0x03, 0xC0, 0x1F, 0x00,
    0x7C, 0x03, 0xF0, 0x1F, 0x80, 0xFE, 0x0F, 0xF1, 0xFF, 0x8F, 0xFC, 0x1F, 0xE0, 0x7F, 0x00, 0xF0,
    0x03, 0x00, 0x00, 0x00, 0x00, 0x0C, 0x70, 0x1D, 0xE0, 0x3F, 0x80, 0x3E, 0x00, 0x7C, 0x00, 0x70,
    0x00, 0x00, 0x00, 0x00, 0x00, 0x20, 0x03, 0xE0, 0x0F, 0xC0, 0x0F, 0x80, 0x1F, 0x80, 0x1F, 0x00,
    0x3E, 0x00, 0x7C, 0x00, 0x78, 0x00, 0xF0, 0x01, 0xE0, 0x03, 0xC0, 0x07, 0x80, 0x1F, 0x00, 0x7E,
    0x01, 0xF8, 0x07, 0xF0, 0x3F, 0xC3, 0xFF, 0x07, 0xFC, 0x0F, 0xF0, 0x1F, 0xC0, 0x1E, 0x00, 0x30,
    0x00, 0x00, 0x00, 0x01, 0xC0, 0x1F, 0x00, 0x7E, 0x00, 0xF8, 0x03, 0xE0, 0x0F, 0xC0, 0x1F, 0x00,
    0x7C, 0x01, 0xF0, 0x03, 0xC0, 0x0F, 0x00, 0x7C, 0x01, 0xF0, 0x07, 0xC0, 0x3E, 0x03, 0xF8, 0x1F,
    0xC1, 0xFE, 0x3F, 0xF8, 0x7F, 0xF1, 0xFF, 0xE7, 0xF1, 0x8C, 0xEE, 0x03, 0xF8, 0x03, 0xC0, 0x00,
    0x00, 0x00, 0x70, 0x03, 0xE0, 0x07, 0xC0, 0x0F, 0xC0, 0x1F, 0x80, 0x1F, 0x00, 0x3E, 0x00, 0x7C,
    0x00, 0x78, 0x00, 0xF0, 0x01, 0xE0, 0x03, 0xC0, 0x0F, 0x80, 0x1F, 0x00, 0x7E, 0x01, 0xF8, 0x07,
    0xF0, 0x3F, 0xC3, 0xFF, 0x07, 0xFC, 0x07, 0xF0, 0x0F, 0xC0, 0x1E, 0x00, 0x00, 0x00, 0x00, 0xE0,
    0x03, 0xE0, 0x07, 0xC0, 0x0F, 0x80, 0x0E, 0x00, 0x00, 0x30, 0x01, 0xF0, 0x07, 0xE0, 0x07, 0xC0,
    0x0F, 0xC0, 0x0F, 0x80, 0x1F, 0x00, 0x3E, 0x00, 0x3C, 0x00, 0x78, 0x00, 0xF0, 0x01, 0xE0, 0x03,
    0xC0, 0x0F, 0x80, 0x3F, 0x00, 0xFC, 0x03, 0xF8, 0x1F, 0xE1, 0xFF, 0x83, 0xFE, 0x07, 0xF8, 0x07,
    0xE0, 0x0F, 0x00, 0x11, 0xCE, 0x03, 0xDC, 0x03, 0xF0, 0x07, 0xE0, 0x07, 0x80, 0x0F, 0x00, 0x00,
    0x00, 0x07, 0x00, 0x3E, 0x00, 0xF8, 0x03, 0xE0, 0x07, 0x00, 0x00, 0x00, 0x00, 0x00, 0x00, 0x00,
    0xC0, 0x1F, 0x00, 0x7E, 0x01, 0xF8, 0x03, 0xE0, 0x0F, 0xC0, 0x1F, 0x00, 0x7C, 0x01, 0xF0, 0x03,
    0xC0, 0x0F, 0x00, 0x3C, 0x01, 0xF0, 0x07, 0xC0, 0x3E, 0x01, 0xF8, 0x1F, 0xE1, 0xFF, 0x1F, 0xF8,
    0x7F, 0xC1, 0xFE, 0x03, 0xE0, 0x0E, 0x00, 0x00, 0x00, 0x03, 0x80, 0x1F, 0x00, 0x7C, 0x01, 0xF0,
    0x03, 0x80, 0x00, 0x00, 0x30, 0xC1, 0xE7, 0x87, 0x9E, 0x1E, 0x78, 0x30, 0xC0, 0x00, 0x00, 0x00,
    0x00, 0x00, 0x00, 0x00, 0x0E, 0x00, 0x7C, 0x01, 0xF0, 0x07, 0xC0, 0x0F, 0x80, 0x3E, 0x00, 0xF8,
    0x03, 0xE0, 0x07, 0x80, 0x1E, 0x00, 0x78, 0x01, 0xE0, 0x0F, 0x80, 0x3E, 0x01, 0xF8, 0x0F, 0xC0,
    0xFF, 0x0F, 0xF8, 0xFF, 0xC1, 0xFE, 0x07, 0xF0, 0x1F, 0x00, 0x30, 0x00, 0x00, 0x00, 0x01, 0xC0,
    0x0F, 0x00, 0x3C, 0x00, 0x70, 0x00, 0x00, 0x38, 0xE1, 0xE3, 0xC7, 0x8F, 0x0E, 0x38, 0x00, 0x00,
    0x00, 0x00, 0x00, 0x00, 0x10, 0x03, 0xC0, 0x1F, 0x80, 0x7E, 0x00, 0xF8, 0x03, 0xF0, 0x07, 0xC0,
    0x1F, 0x00, 0x7C, 0x00, 0xF0, 0x03, 0xC0, 0x0F, 0x00, 0x7C, 0x01, 0xF0, 0x0F, 0xC0, 0x7E, 0x03,
    0xF8, 0x3F, 0xC3, 0xFE, 0x1F, 0xF0, 0x7F, 0x81, 0xFC, 0x03, 0xC0, 0x0C, 0x00, 0x07, 0x38, 0x1E,
    0x78, 0x3C, 0xF0, 0x39, 0xC0, 0x00, 0x00, 0xE7, 0x03, 0xCF, 0x07, 0x9E, 0x07, 0x38, 0x00, 0x00,
    0x00, 0x00, 0x00, 0x00, 0x07, 0x80, 0x3F, 0x00, 0x3E, 0x00, 0x7E, 0x00, 0xFC, 0x00, 0xF8, 0x01,
    0xF0, 0x03, 0xE0, 0x03, 0xC0, 0x07, 0x80, 0x0F, 0x00, 0x1E, 0x00, 0x7C, 0x00, 0xF8, 0x03, 0xF0,
    0x0F, 0xC0, 0x7F, 0x83, 0xFE, 0x1F, 0xF8, 0x3F, 0xE0, 0x3F, 0x80, 0x7C, 0x00, 0xE0, 0x00, 0x00,
    0x00, 0x00, 0x00, 0x00, 0x00, 0x00, 0x00, 0x00, 0x00, 0x00, 0xE0, 0x00, 0x00, 0x00, 0x00, 0x3E,
    0x00, 0x00, 0x00, 0x00, 0x07, 0xC0, 0x00, 0x00, 0x00, 0x00, 0xF8, 0x00, 0x00, 0x00, 0x00, 0x0E,
    0x00, 0x00, 0x00, 0x00, 0x00, 0x00, 0xF0, 0x00, 0x00, 0x00, 0x00, 0x3E, 0x00, 0x00, 0x00, 0x00,
    0x03, 0xC0, 0x00, 0x07, 0x00, 0xF0, 0x7C, 0x00, 0x03, 0xE0, 0x1E, 0x0F, 0x80, 0x00, 0x7C, 0x03,
    0xC1, 0xF0, 0x00, 0x0F, 0xC0, 0x78, 0x1E, 0x00, 0x00, 0xF8, 0x0F, 0x03, 0xDE, 0x00, 0x1F, 0x83,
    0xF0, 0xFB, 0xC0, 0x03, 0xF8, 0xFF, 0x1F, 0x78, 0x00, 0x3F, 0xFF, 0xFF, 0xFF, 0x00, 0x07, 0xFF,
    0xFF, 0xFB, 0xC0, 0x00, 0xFF, 0xFF, 0xFF, 0x78, 0x00, 0x1F, 0xFE, 0x7F, 0xCF, 0x00, 0x03, 0xDF,
    0x87, 0xE1, 0xE0, 0x00, 0x78, 0x00, 0x00, 0x3E, 0x00, 0x1F, 0x00, 0x00, 0x07, 0xC0, 0x03, 0xE0,
    0x00, 0x00, 0xFC, 0x00, 0xFC, 0x03, 0x00, 0x0F, 0xE0, 0x7F, 0x00, 0xF0, 0x01, 0xFF, 0xFF, 0xE0,
    0x1E, 0x00, 0x1F, 0xFF, 0xF8, 0x03, 0xC0, 0x03, 0xFF, 0xFE, 0x00, 0x70, 0x00, 0x1F, 0xFF, 0x80,
    0x00, 0x00, 0x00, 0xFF, 0x80, 0x00, 0x00, 0x00, 0x00, 0x00, 0x00, 0x00, 0x00, 0xC0, 0x00, 0x00,
    0x00, 0x00, 0x78, 0x00, 0x00, 0x00, 0x00, 0x0F, 0x00, 0x00, 0x00, 0x03, 0xC1, 0xF0, 0x00, 0x03,
    0x80, 0x78, 0x3E, 0x00, 0x01, 0xF0, 0x0F, 0x07, 0xC0, 0x00, 0x3E, 0x01, 0xE0, 0x78, 0x00, 0x07,
    0xE0, 0x3C, 0x0F, 0x00, 0x00, 0x7C, 0x07, 0x81, 0xEF, 0x00, 0x0F, 0xC1, 0xF8, 0x7D, 0xE0, 0x01,
    0xFC, 0x7F, 0x8F, 0xBC, 0x00, 0x1F, 0xFF, 0xFF, 0xFF, 0x80, 0x03, 0xFF, 0xFF, 0xFD, 0xE0, 0x00,
    0x7F, 0xFF, 0xFF, 0xBC, 0x00, 0x0F, 0xFF, 0xBF, 0xE7, 0x80, 0x01, 0xEF, 0xC1, 0xF0, 0xF0, 0x00,
    0x3C, 0x00, 0x00, 0x1F, 0x00, 0x0F, 0x80, 0x00, 0x03, 0xE0, 0x01, 0xF0, 0x00, 0x00, 0x7E, 0x00,
    0x7E, 0x1C, 0x38, 0x07, 0xF0, 0x3F, 0x83, 0xC7, 0x80, 0xFF, 0xFF, 0xF0, 0x78, 0xF0, 0x0F, 0xFF,
    0xFC, 0x0E, 0x1C, 0x01, 0xFF, 0xFF, 0x00, 0x00, 0x00, 0x0F, 0xFF, 0xC0, 0x03, 0x80, 0x00, 0x7F,
    0xC0, 0x00, 0xF0, 0x00, 0x00, 0x00, 0x00, 0x1E, 0x00, 0x00, 0x00, 0x00, 0x01, 0xC0, 0x00, 0x00,
    0x00, 0x00, 0x07, 0x00, 0x00, 0x00, 0x00, 0x00, 0xF0, 0x00, 0x00, 0x00, 0x00, 0x1E, 0x00, 0x00,
    0x00, 0x00, 0x03, 0x80, 0x00, 0x00, 0x00, 0x00, 0x00, 0x00, 0x00, 0x00, 0x00, 0x71, 0xC0, 0x00,
    0x00, 0x00, 0x1E, 0x3C, 0x00, 0x00, 0x00, 0x03, 0xC7, 0x80, 0x00, 0x00, 0x00, 0x38, 0xE0, 0x00,
    0x00, 0x00, 0x00, 0x00, 0x38, 0x00, 0x00, 0x00, 0x00, 0x0F, 0x00, 0x00, 0x00, 0x00, 0x01, 0xE0,
    0x00, 0x01, 0x80, 0x78, 0x3E, 0x00, 0x00, 0xF0, 0x0F, 0x07, 0xC0, 0x00, 0x3E, 0x01, 0xE0, 0xF8,
    0x00, 0x07, 0xE0, 0x3C, 0x0F, 0x00, 0x00, 0x7C, 0x07, 0x81, 0xE4, 0x00, 0x0F, 0x80, 0xF0, 0x3D,
    0xE0, 0x01, 0xF8, 0x3F, 0x0F, 0xBC, 0x00, 0x3F, 0x8F, 0xF1, 0xF7, 0x80, 0x03, 0xFF, 0xFF, 0xFF,
    0xF0, 0x00, 0x7F, 0xFF, 0xFF, 0xBC, 0x00, 0x0F, 0xFF, 0xFF, 0xF7, 0x80, 0x01, 0xFF, 0xE7, 0xFC,
    0xF0, 0x00, 0x3D, 0xF8, 0x3E, 0x1E, 0x00, 0x07, 0x80, 0x00, 0x03, 0xE0, 0x01, 0xF0, 0x00, 0x00,
    0x7C, 0x00, 0x3E, 0x00, 0x00, 0x0F, 0xC0, 0x0F, 0xC3, 0x87, 0x00, 0xFE, 0x07, 0xF0, 0x78, 0xF0,
    0x1F, 0xFF, 0xFE, 0x0F, 0x1E, 0x01, 0xFF, 0xFF, 0x81, 0xC3, 0x80, 0x3F, 0xFF, 0xE0, 0x00, 0x00,
    0x01, 0xFF, 0xF8, 0x00, 0x70, 0x00, 0x0F, 0xF8, 0x00, 0x1E, 0x00, 0x00, 0x00, 0x00, 0x03, 0xC0,
    0x00, 0x00, 0x00, 0x00, 0x38, 0x00, 0x00, 0x00, 0x00, 0x00, 0x1F, 0xC0, 0x00, 0x00, 0x00, 0x00,
    0x7F, 0xF0, 0x00, 0x00, 0x00, 0x00, 0xFF, 0xF8, 0x00, 0x00, 0x00, 0x03, 0xFF, 0xFC, 0x00, 0x00,
    0x00, 0x07, 0xFF, 0xFC, 0x00, 0x00, 0x10, 0x07, 0xF8, 0x7E, 0x00, 0x00, 0x78, 0x0F, 0xC0, 0x3E,
    0x00, 0x00, 0xF8, 0x1F, 0x80, 0x1E, 0x00, 0x00, 0xFC, 0x3F, 0x00, 0x1E, 0x00, 0x00, 0x7C, 0x3E,
    0x00, 0x1E, 0x20, 0x00, 0x7C, 0x7C, 0x00, 0x1E, 0x7C, 0x00, 0x7E, 0x78, 0x00, 0x3E, 0x78, 0x00,
    0x7F, 0xF8, 0x01, 0xFE, 0x78, 0x00, 0x3F, 0xFF, 0xFF, 0xFE, 0xF8, 0x00, 0x3F, 0xFF, 0xFF, 0xFC,
    0xF0, 0x00, 0x3F, 0xFF, 0xFF, 0xF8, 0xF0, 0x00, 0x3F, 0xFF, 0xFF, 0xF0, 0xF0, 0x00, 0x3D, 0xFF,
    0xFF, 0x80, 0xF0, 0x00, 0x3C, 0x00, 0x00, 0x00, 0xF8, 0x00, 0x7C, 0x00, 0x00, 0x00, 0xF8, 0x00,
    0x7C, 0x00, 0x00, 0x00, 0xFC, 0x00, 0xFC, 0x00, 0x00, 0x00, 0x7F, 0x03, 0xF8, 0x00, 0x00, 0x00,
    0x7F, 0xFF, 0xF8, 0x00, 0x00, 0x00, 0x3F, 0xFF, 0xF0, 0x00, 0x00, 0x00, 0x3F, 0xFF, 0xE0, 0x00,
    0x00, 0x00, 0x0F, 0xFF, 0xC0, 0x00, 0x00, 0x00, 0x03, 0xFE, 0x00, 0x00, 0x00, 0x00, 0x00, 0x00,
    0x00, 0x00, 0x00, 0x00, 0x00, 0x00, 0x00, 0x00, 0x00, 0x00, 0x01, 0x86, 0x00, 0x00, 0x00, 0x00,
    0x03, 0xCF, 0x00, 0x00, 0x00, 0x00, 0x03, 0xCF, 0x00, 0x00, 0x00, 0x00, 0x03, 0xCF, 0x00, 0x00,
    0x00, 0x00, 0x01, 0x86, 0x00, 0x00, 0x00, 0x00, 0x00, 0x00, 0x00, 0x00, 0x00, 0x00, 0x00, 0x00,
    0x00, 0x00, 0x0E, 0x00, 0x00, 0x00, 0x00, 0x00, 0x1E, 0x00, 0x00, 0x00, 0x00, 0x00, 0x1E, 0x00,
    0x00, 0x00, 0x00, 0x00, 0x0E, 0x00, 0x00, 0x00, 0x00, 0x00, 0x00, 0x00, 0x00, 0x00, 0x00, 0x00,
    0xE1, 0xC0, 0x00, 0x00, 0x00, 0x00, 0xF1, 0xE0, 0x00, 0x00, 0x00, 0x00, 0xF1, 0xE0, 0x00, 0x00,
    0x00, 0x00, 0xE1, 0xC0, 0x00, 0x00, 0x00, 0x00, 0x00, 0x00, 0x00, 0x00, 0x00, 0x00, 0x00, 0x00,
    0x00, 0x00, 0x00, 0x00, 0x1F, 0xC0, 0x00, 0x00, 0x00, 0x00, 0x7F, 0xF0, 0x00, 0x00, 0x00, 0x00,
    0xFF, 0xF8, 0x00, 0x00, 0x00, 0x03, 0xFF, 0xFC, 0x00, 0x00, 0x00, 0x07, 0xFF, 0xFC, 0x00, 0x00,
    0x10, 0x07, 0xF8, 0x7E, 0x00, 0x00, 0x78, 0x0F, 0xC0, 0x3E, 0x00, 0x00, 0xF8, 0x1F, 0x80, 0x1E,
    0x00, 0x00, 0xFC, 0x3F, 0x00, 0x1E, 0x00, 0x00, 0xFC, 0x3E, 0x00, 0x1E, 0x20, 0x00, 0x7C, 0x7C,
    0x00, 0x1E, 0x78, 0x00, 0x7E, 0x78, 0x00, 0x3E, 0x78, 0x00, 0x7F, 0xF8, 0x01, 0xFE, 0x78, 0x00,
    0x3F, 0xFF, 0xFF, 0xFE, 0xF8, 0x00, 0x3F, 0xFF, 0xFF, 0xFC, 0xF0, 0x00, 0x3F, 0xFF, 0xFF, 0xF8,
    0xF0, 0x00, 0x3F, 0xFF, 0xFF, 0xF0, 0xF0, 0x00, 0x3D, 0xFF, 0xFF, 0x80, 0xF0, 0x00, 0x3C, 0x00,
    0x00, 0x00, 0xF8, 0x00, 0x7C, 0x00, 0x00, 0x00, 0xF8, 0x00, 0x7C, 0x00, 0x00, 0x00, 0xFC, 0x00,
    0xFC, 0x00, 0x00, 0x00, 0x7F, 0x03, 0xF8, 0x00, 0x00, 0x00, 0x7F, 0xFF, 0xF8, 0x00, 0x00, 0x00,
    0x3F, 0xFF, 0xF0, 0x00, 0x00, 0x00, 0x3F, 0xFF, 0xE0, 0x00, 0x00, 0x00, 0x0F, 0xFF, 0xC0, 0x00,
    0x00, 0x00, 0x03, 0xFE, 0x00, 0x00, 0x00, 0x00, 0x03, 0xC0, 0x70, 0x00, 0x3C, 0x07, 0x80, 0x03,
    0xC0, 0x78, 0x00, 0x3C, 0x07, 0x00, 0x03, 0xC0, 0x00, 0x00, 0x3C, 0x38, 0xE0, 0x03, 0xC7, 0x8F,
    0x00, 0x3C, 0x78, 0xF0, 0x03, 0xC3, 0x8E, 0x00, 0x3C, 0x00, 0x00, 0x03, 0xC0, 0x00, 0x00, 0x3C,
    0x0F, 0xE0, 0x03, 0xC3, 0xFF, 0x80, 0x3C, 0x7F, 0xFC, 0x03, 0xDF, 0xFF, 0xE0, 0x3F, 0xFF, 0xFE,
    0x03, 0xFF, 0xC3, 0xF0, 0x3F, 0xE0, 0x1F, 0x03, 0xFC, 0x00, 0xF0, 0x3F, 0x80, 0x0F, 0x03, 0xF0,
    0x00, 0xF0, 0x3E, 0x00, 0x1F, 0x03, 0xC0, 0x01, 0xF0, 0x7C, 0x00, 0xFF, 0x7F, 0xFF, 0xFF, 0xE7,
    0xFF, 0xFF, 0xFE, 0x7F, 0xFF, 0xFF, 0xCF, 0xFF, 0xFF, 0xF8, 0xFF, 0xFF, 0xFC, 0x00, 0x00, 0xE0,
    0x00, 0x07, 0x80, 0x00, 0x3C, 0x00, 0x01, 0xC0, 0x00, 0x00, 0x00, 0x03, 0x87, 0x00, 0x3C, 0x78,
    0x01, 0xE3, 0xC0, 0x07, 0x0E, 0x00, 0x00, 0x00, 0x00, 0x00, 0x00, 0x03, 0xF8, 0x00, 0x7F, 0xE0,
    0x07, 0xFF, 0x00, 0x7F, 0xF0, 0x07, 0xFF, 0x80, 0x3F, 0x0C, 0x01, 0xF0, 0x00, 0x0F, 0x00, 0x00,
    0x78, 0x00, 0x03, 0xC0, 0x00, 0x1F, 0x00, 0x40, 0x7C, 0x7E, 0x01, 0xFF, 0xF0, 0x07, 0xFF, 0x80,
    0x7F, 0xFE, 0x07, 0xFF, 0xC0, 0x7F, 0x80, 0x07, 0xE0, 0x00, 0x3E, 0x00, 0x03, 0xE0, 0x00, 0x1F,
    0x00, 0x00, 0xF0, 0x00, 0x07, 0x80, 0x00, 0x3C, 0x00, 0x01, 0xF0, 0x00, 0x0F, 0x80, 0x00, 0x7E,
    0x00, 0x11, 0xFE, 0x07, 0x8F, 0xFF, 0xFE, 0x3F, 0xFF, 0xF0, 0xFF, 0xFF, 0xC1, 0xFF, 0xF8, 0x03,
    0xFF, 0x00, 0x00, 0x00, 0x00, 0x00, 0x00, 0x00, 0x3F, 0x00, 0x00, 0x00, 0xFF, 0x80, 0x00, 0x03,
    0xFF, 0x80, 0x00, 0x0F, 0xFF, 0x80, 0x00, 0x1F, 0xFF, 0x00, 0x00, 0x7E, 0x3F, 0x00, 0x00, 0xF8,
    0x3E, 0x00, 0x01, 0xE0, 0x3C, 0x00, 0x03, 0xC0, 0x79, 0x80, 0x07, 0xC0, 0xFB, 0xC0, 0x0F, 0xC1,
    0xFF, 0x80, 0x0F, 0xFF, 0xFE, 0x00, 0x1F, 0xFF, 0xFC, 0x00, 0x1F, 0xFF, 0xF8, 0x00, 0x0F, 0xFE,
    0xF8, 0x00, 0x00, 0x3D, 0xF0, 0x00, 0x01, 0xFB, 0xFC, 0x00, 0x3F, 0xE7, 0xFF, 0xFF, 0xFF, 0xC7,
    0xFF, 0xFF, 0xFF, 0x07, 0xFF, 0xFF, 0xFC, 0x07, 0xFF, 0xFF, 0xE0, 0x03, 0xFF, 0xFE, 0x00, 0x00,
    0x00, 0x00, 0x00, 0x00, 0x00, 0x3F, 0x00, 0x00, 0x00, 0xFF, 0x80, 0x00, 0x03, 0xFF, 0x80, 0x00,
    0x0F, 0xFF, 0x80, 0x00, 0x1F, 0xFF, 0x00, 0x00, 0x7E, 0x3F, 0x00, 0x00, 0xF8, 0x3E, 0x00, 0x01,
    0xE0, 0x3C, 0x00, 0x03, 0xC0, 0x79, 0x80, 0x07, 0xC0, 0xFB, 0xC0, 0x0F, 0xC1, 0xFF, 0x80, 0x0F,
    0xFF, 0xFE, 0x00, 0x1F, 0xFF, 0xFC, 0x00, 0x1F, 0xFF, 0xF8, 0x00, 0x0F, 0xFE, 0xF8, 0x00, 0x00,
    0x3D, 0xF0, 0x00, 0x01, 0xFB, 0xFC, 0x00, 0x3F, 0xE7, 0xFF, 0xFF, 0xFF, 0xC7, 0xFF, 0xFF, 0xFF,
    0x07, 0xFF, 0xFF, 0xFC, 0x07, 0xFF, 0xFF, 0xE0, 0x03, 0xFF, 0xFE, 0x00, 0x00, 0x00, 0x00, 0x00,
    0x00, 0x00, 0x00, 0x00, 0x00, 0x00, 0x00, 0x00, 0x01, 0xC0, 0x00, 0x00, 0x07, 0xC0, 0x00, 0x00,
    0x0F, 0x80, 0x00, 0x00, 0x1F, 0x00, 0x00, 0x00, 0x1C, 0x00, 0x00, 0x00, 0x00, 0x00, 0x00, 0x00,
    0x00, 0x0E, 0x00, 0x00, 0x00, 0x3E, 0x00, 0x00, 0x00, 0x7C, 0x00, 0x00, 0x00, 0xF8, 0x00, 0x00,
    0x00, 0xE0, 0x00, 0x00, 0x00, 0x00, 0x00, 0x00, 0x00, 0x00, 0x00, 0x00, 0x1F, 0x80, 0x00, 0x00,
    0x7F, 0xC0, 0x00, 0x01, 0xFF, 0xC0, 0x00, 0x07, 0xFF, 0xC0, 0x00, 0x0F, 0xFF, 0x80, 0x00, 0x3F,
    0x1F, 0x80, 0x00, 0x7C, 0x1F, 0x00, 0x00, 0xF0, 0x1E, 0x00, 0x01, 0xE0, 0x3C, 0xC0, 0x03, 0xE0,
    0x7D, 0xE0, 0x07, 0xE0, 0xFF, 0xC0, 0x07, 0xFF, 0xFF, 0x00, 0x0F, 0xFF, 0xFE, 0x00, 0x0F, 0xFF,
    0xFC, 0x00, 0x07, 0xFF, 0x7C, 0x00, 0x00, 0x1E, 0xF8, 0x00, 0x00, 0xFD, 0xFE, 0x00, 0x1F, 0xF3,
    0xFF, 0xFF, 0xFF, 0xE3, 0xFF, 0xFF, 0xFF, 0x83, 0xFF, 0xFF, 0xFE, 0x03, 0xFF, 0xFF, 0xF0, 0x01,
    0xFF, 0xFF, 0x00, 0x00, 0x00, 0x00, 0x00, 0x00, 0x00, 0x00, 0x00, 0x00, 0x00, 0x00, 0x00, 0x00,
    0xE0, 0x00, 0x00, 0x03, 0xE0, 0x00, 0x00, 0x07, 0xC0, 0x00, 0x00, 0x0F, 0x80, 0x00, 0x00, 0x0E,
    0x00, 0x00, 0x00, 0x00, 0x00, 0x07, 0x00, 0x00, 0x00, 0x0F, 0x00, 0x00, 0x00, 0x1E, 0x00, 0x00,
    0x00, 0x38, 0x00, 0x00, 0x00, 0x00, 0x00, 0x00, 0x07, 0x1C, 0x00, 0x00, 0x1E, 0x3C, 0x00, 0x00,
    0x3C, 0x78, 0x00, 0x00, 0x38, 0xE0, 0x00, 0x00, 0x00, 0x00, 0x00, 0x00, 0x00, 0x00, 0x00, 0x00,
    0x00, 0x00, 0x00, 0x01, 0xF8, 0x00, 0x00, 0x07, 0xFC, 0x00, 0x00, 0x1F, 0xFC, 0x00, 0x00, 0x7F,
    0xFC, 0x00, 0x00, 0xFF, 0xF8, 0x00, 0x03, 0xF1, 0xF8, 0x00, 0x07, 0xC1, 0xF0, 0x00, 0x0F, 0x01,
    0xE0, 0x00, 0x1E, 0x03, 0xCC, 0x00, 0x3E, 0x07, 0xDE, 0x00, 0x7E, 0x0F, 0xFC, 0x00, 0x7F, 0xFF,
    0xF0, 0x00, 0xFF, 0xFF, 0xE0, 0x00, 0xFF, 0xFF, 0xC0, 0x00, 0x7F, 0xF7, 0xC0, 0x00, 0x01, 0xEF,
    0x80, 0x00, 0x0F, 0xDF, 0xE0, 0x01, 0xFF, 0x3F, 0xFF, 0xFF, 0xFE, 0x3F, 0xFF, 0xFF, 0xF8, 0x3F,
    0xFF, 0xFF, 0xE0, 0x3F, 0xFF, 0xFF, 0x00, 0x1F, 0xFF, 0xF0, 0x00, 0x00, 0x00, 0x00, 0x00, 0x00,
    0x00, 0x3F, 0x00, 0x00, 0x00, 0xFF, 0x80, 0x00, 0x03, 0xFF, 0x80, 0x00, 0x0F, 0xFF, 0x80, 0x00,
    0x1F, 0xFF, 0x00, 0x00, 0x7E, 0x3F, 0x00, 0x00, 0xF8, 0x3E, 0x00, 0x01, 0xE0, 0x3C, 0x00, 0x03,
    0xC0, 0x79, 0x80, 0x07, 0xC0, 0xFB, 0xC0, 0x0F, 0xC1, 0xFF, 0x80, 0x0F, 0xFF, 0xFE, 0x00, 0x1F,
    0xFF, 0xFC, 0x00, 0x1F, 0xFF, 0xF8, 0x00, 0x0F, 0xFE, 0xF8, 0x00, 0x00, 0x3D, 0xF0, 0x00, 0x01,
    0xFB, 0xFC, 0x00, 0x3F, 0xE7, 0xFF, 0xFF, 0xFF, 0xC7, 0xFF, 0xFF, 0xFF, 0x07, 0xFF, 0xFF, 0xFC,
    0x07, 0xFF, 0xFF, 0xE0, 0x03, 0xFF, 0xFE, 0x00, 0x00, 0x00, 0x00, 0x00, 0x00, 0x00, 0x00, 0x00,
    0x00, 0x00, 0x00, 0x00, 0x0E, 0x1C, 0x00, 0x00, 0x1E, 0x78, 0x00, 0x00, 0x3C, 0xF0, 0x00, 0x00,
    0x70, 0xE0, 0x00, 0x00, 0x00, 0x00, 0x00, 0x00, 0x38, 0x00, 0x00, 0x00, 0x78, 0x00, 0x00, 0x00,
    0xF0, 0x00, 0x00, 0x01, 0xC0, 0x00, 0x00, 0x00, 0x00, 0x38, 0xE0, 0x00, 0x00, 0x7B, 0xC0, 0x00,
    0x00, 0xF7, 0x80, 0x00, 0x01, 0xC7, 0x00, 0x00, 0x00, 0x00, 0x00, 0x00, 0x07, 0x1C, 0x00, 0x00,
    0x0F, 0x78, 0x00, 0x00, 0x1E, 0xF0, 0x00, 0x00, 0x38, 0xE0, 0x00, 0x00, 0x00, 0x00, 0x00, 0x00,
    0x00, 0x00, 0x00, 0x00, 0xFC, 0x00, 0x00, 0x03, 0xFE, 0x00, 0x00, 0x0F, 0xFE, 0x00, 0x00, 0x3F,
    0xFE, 0x00, 0x00, 0x7F, 0xFC, 0x00, 0x01, 0xF8, 0xFC, 0x00, 0x03, 0xE0, 0xF8, 0x00, 0x07, 0x81,
    0xF0, 0x00, 0x0F, 0x01, 0xE6, 0x00, 0x1F, 0x03, 0xEF, 0x00, 0x3F, 0x07, 0xFE, 0x00, 0x3F, 0xFF,
    0xF8, 0x00, 0x7F, 0xFF, 0xF0, 0x00, 0x7F, 0xFF, 0xE0, 0x00, 0x3F, 0xFB, 0xE0, 0x00, 0x01, 0xF7,
    0xC0, 0x00, 0x07, 0xEF, 0xF0, 0x00, 0xFF, 0x9F, 0xFF, 0xFF, 0xFF, 0x1F, 0xFF, 0xFF, 0xFC, 0x1F,
    0xFF, 0xFF, 0xF0, 0x1F, 0xFF, 0xFF, 0x80, 0x0F, 0xFF, 0xF8, 0x00, 0x00, 0x00, 0x00, 0x00, 0x00,
    0x38, 0x00, 0x00, 0x1F, 0x00, 0x00, 0x07, 0xC0, 0x00, 0x01, 0xF0, 0x00, 0x00, 0x38, 0x00, 0x00,
    0x00, 0x00, 0x00, 0x00, 0x00, 0x00, 0x01, 0xF8, 0x00, 0x00, 0xFF, 0x00, 0x00, 0x7F, 0xE0, 0x00,
    0x3F, 0xFC, 0x00, 0x0F, 0xFF, 0x00, 0x07, 0xE7, 0xE0, 0x01, 0xF0, 0xF8, 0x00, 0x78, 0x1E, 0x30,
    0x1E, 0x07, 0x9E, 0x07, 0xC1, 0xF7, 0x81, 0xF8, 0x7F, 0xE0, 0x3F, 0xFF, 0xF0, 0x0F, 0xFF, 0xFC,
    0x01, 0xFF, 0xEF, 0x00, 0x1F, 0xFB, 0xC0, 0x00, 0x1E, 0xF8, 0x00, 0x07, 0xBE, 0x00, 0x03, 0xEF,
    0xC0, 0x01, 0xF1, 0xFE, 0x03, 0xFC, 0x7F, 0xFF, 0xFE, 0x0F, 0xFF, 0xFF, 0x81, 0xFF, 0xFF, 0xC0,
    0x3F, 0xFF, 0xC0, 0x01, 0xFF, 0x80, 0x00, 0x00, 0x00, 0xE0, 0x00, 0x00, 0x3C, 0x00, 0x00, 0x0F,
    0x00, 0x00, 0x03, 0x80, 0x00, 0x00, 0x00, 0x00, 0x01, 0xC3, 0x80, 0x00, 0xF1, 0xE0, 0x00, 0x3C,
    0x78, 0x00, 0x07, 0x0E, 0x00, 0x00, 0x00, 0x00, 0x00, 0x00, 0x00, 0x00, 0x00, 0x00, 0x00, 0x01,
    0xF8, 0x00, 0x00, 0xFF, 0x00, 0x00, 0x7F, 0xE0, 0x00, 0x3F, 0xFC, 0x00, 0x0F, 0xFF, 0x00, 0x07,
    0xE3, 0xE0, 0x01, 0xF0, 0x78, 0x00, 0x78, 0x1E, 0x30, 0x1E, 0x07, 0x9E, 0x07, 0xC0, 0xF7, 0x81,
    0xF8, 0x7F, 0xE0, 0x3F, 0xFF, 0xF0, 0x0F, 0xFF, 0xFC, 0x01, 0xFF, 0xEF, 0x00, 0x1F, 0xFB, 0xC0,
    0x00, 0x1E, 0xF8, 0x00, 0x07, 0xBE, 0x00, 0x03, 0xEF, 0xC0, 0x01, 0xF1, 0xFE, 0x03, 0xFC, 0x7F,
    0xFF, 0xFE, 0x0F, 0xFF, 0xFF, 0x81, 0xFF, 0xFF, 0xC0, 0x3F, 0xFF, 0xC0, 0x01, 0xFF, 0x80, 0x00,
    0x00, 0x00, 0x00, 0x00, 0x00, 0x00, 0x00, 0x03, 0x00, 0x00, 0x00, 0x0F, 0x00, 0x00, 0x00, 0x3F,
    0x00, 0x00, 0x00, 0xFF, 0x00, 0x00, 0x01, 0xFE, 0x00, 0x00, 0x07, 0xFC, 0x00, 0x00, 0x1F, 0xF0,
    0x00, 0x00, 0x7F, 0xC0, 0x00, 0x00, 0xFF, 0x00, 0x00, 0x00, 0xFE, 0x00, 0x00, 0x00, 0xFC, 0x00,
    0x00, 0x00, 0xFF, 0x00, 0x00, 0x00, 0xFF, 0x80, 0x00, 0x00, 0x3F, 0xC0, 0x00, 0x00, 0x0F, 0xF0,
    0x70, 0x00, 0x03, 0xF8, 0x78, 0x00, 0x01, 0xF8, 0xF8, 0x00, 0x00, 0x7C, 0xF0, 0x00, 0x00, 0x7C,
    0xF0, 0x00, 0x00, 0x3C, 0xF0, 0x00, 0x00, 0x3C, 0xF8, 0x00, 0x00, 0x7C, 0xF8, 0x00, 0x01, 0xFC,
    0xFF, 0x00, 0x1F, 0xF8, 0xFF, 0xFF, 0xFF, 0xF8, 0x7F, 0xFF, 0xFF, 0xF0, 0x3F, 0xFF, 0xFF, 0xE0,
    0x1F, 0xFF, 0xFF, 0x80, 0x07, 0xFF, 0xF8, 0x00, 0x00, 0x00, 0x20, 0x00, 0x00, 0x00, 0x00, 0x0F,
    0x00, 0x00, 0x00, 0x00, 0x01, 0xF8, 0x00, 0x00, 0x00, 0x00, 0x3F, 0xC0, 0x00, 0x00, 0x00, 0x03,
    0xFE, 0x00, 0x00, 0x00, 0x00, 0x3F, 0xE0, 0x00, 0x00, 0x00, 0x03, 0xF8, 0x00, 0x00, 0x00, 0x00,
    0x3F, 0x00, 0x00, 0x00, 0x00, 0x03, 0xF0, 0x00, 0x00, 0x00, 0x00, 0x1F, 0x00, 0x00, 0x00, 0x00,
    0x01, 0xF0, 0x00, 0x0F, 0xFF, 0x00, 0x0F, 0xFF, 0xFF, 0xFF, 0xFF, 0x00, 0x7F, 0xFF, 0xFF, 0xFF,
    0xFC, 0x03, 0xFF, 0xFF, 0xFF, 0xFF, 0xF0, 0x1F, 0xFF, 0xFF, 0xFF, 0xFF, 0xC0, 0x00, 0x00, 0x00,
    0x00, 0x7E, 0x00, 0x00, 0x00, 0x00, 0x00, 0xF0, 0x00, 0x00, 0x00, 0x00, 0x07, 0x80, 0x00, 0x00,
    0x00, 0x01, 0xFC, 0x00, 0x00, 0x00, 0x1F, 0xFF, 0xEF, 0xFF, 0xFF, 0xFF, 0xFF, 0xFE, 0x3F, 0xFF,
    0xFF, 0xFF, 0xFF, 0xE1, 0xFF, 0xFF, 0xFF, 0xFF, 0xFC, 0x0F, 0xFF, 0xFF, 0xFF, 0xFF, 0x00, 0x3F,
    0xFF, 0xFF, 0xFC, 0x00, 0x00, 0x00, 0x00, 0x00, 0x00, 0x00, 0x00, 0x00, 0x03, 0x00, 0x00, 0x00,
    0x0F, 0x00, 0x00, 0x00, 0x1F, 0x00, 0x00, 0x00, 0x7F, 0x00, 0x00, 0x01, 0xFF, 0x00, 0x00, 0x03,
    0xFE, 0x00, 0x00, 0x0F, 0xFE, 0x00, 0x00, 0x3F, 0xEE, 0x00, 0x00, 0x7F, 0xC6, 0x00, 0x00, 0xFE,
    0xEE, 0x00, 0x00, 0xFC, 0x7E, 0x00, 0x00, 0xFE, 0x3C, 0x00, 0x00, 0xFF, 0x00, 0x00, 0x00, 0x7F,
    0xC0, 0x00, 0x00, 0x1F, 0xE0, 0x60, 0x00, 0x07, 0xF0, 0x78, 0x00, 0x01, 0xF8, 0x78, 0x00, 0x00,
    0xF8, 0xF0, 0x00, 0x00, 0x7C, 0xF0, 0x00, 0x00, 0x3C, 0xF0, 0x00, 0x00, 0x3C, 0xF8, 0x00, 0x00,
    0x7C, 0xF8, 0x00, 0x01, 0xFC, 0xFF, 0x00, 0x1F, 0xF8, 0xFF, 0xFF, 0xFF, 0xF8, 0x7F, 0xFF, 0xFF,
    0xF0, 0x3F, 0xFF, 0xFF, 0xE0, 0x1F, 0xFF, 0xFF, 0x80, 0x07, 0xFF, 0xFC, 0x00, 0x00, 0x00, 0x00,
    0xE0, 0x00, 0x00, 0x1F, 0x00, 0x00, 0x01, 0xF0, 0x00, 0x00, 0x1F, 0x00, 0x00, 0x00, 0xE0, 0x00,
    0x00, 0x00, 0x00, 0x00, 0x00, 0x00, 0x00, 0x00, 0x0E, 0x00, 0x00, 0x01, 0xE0, 0x00, 0x00, 0x1E,
    0x00, 0x00, 0x01, 0xE0, 0x00, 0x00, 0x1E, 0x00, 0x00, 0x01, 0xE0, 0x00, 0x00, 0x1E, 0x00, 0x00,
    0x01, 0xE0, 0x00, 0x08, 0x1E, 0x00, 0x03, 0x81, 0xE0, 0x00, 0xF8, 0x1E, 0x00, 0x1F, 0x01, 0xE0,
    0x03, 0xC0, 0x1E, 0x00, 0x3E, 0x01, 0xE0, 0x03, 0xF0, 0x1E, 0x00, 0x03, 0x81, 0xE6, 0x00, 0x38,
    0x1E, 0x78, 0x7F, 0x81, 0xEF, 0x87, 0xF0, 0x1E, 0xF0, 0x7C, 0x01, 0xEF, 0x00, 0x00, 0x1E, 0xF0,
    0x00, 0x01, 0xEF, 0x80, 0x00, 0x1E, 0xF8, 0x00, 0x03, 0xEF, 0xF0, 0x03, 0xFE, 0xFF, 0xFF, 0xFF,
    0xE7, 0xFF, 0xFF, 0xFE, 0x7F, 0xFF, 0xFF, 0xC1, 0xFF, 0xFF, 0xE0, 0x07, 0xFF, 0xF0, 0x00, 0x00,
    0x00, 0x00, 0xE0, 0x00, 0x00, 0x03, 0xC0, 0x00, 0x00, 0x07, 0x80, 0x00, 0x00, 0x07, 0x00, 0x00,
    0x00, 0x00, 0x00, 0x00, 0x01, 0xC3, 0x80, 0x00, 0x03, 0xC7, 0x80, 0x00, 0x07, 0x8F, 0x00, 0x00,
    0x0E, 0x1C, 0x00, 0x00, 0x00, 0x00, 0x00, 0x00, 0x00, 0x00, 0x00, 0x00, 0x03, 0x00, 0x00, 0x00,
    0x1E, 0x00, 0x00, 0x00, 0x3C, 0x00, 0x00, 0x00, 0x78, 0x00, 0x00, 0x00, 0xF0, 0x00, 0x00, 0x01,
    0xE0, 0x00, 0x00, 0x03, 0xC0, 0x00, 0x00, 0x07, 0x80, 0x00, 0x04, 0x0F, 0x00, 0x00, 0x38, 0x1E,
    0x00, 0x01, 0xF0, 0x3C, 0x00, 0x07, 0xC0, 0x78, 0x00, 0x1E, 0x00, 0xF0, 0x00, 0x3E, 0x01, 0xE0,
    0x00, 0x7E, 0x03, 0xC0, 0x00, 0x1E, 0x07, 0x83, 0x00, 0x1C, 0x0F, 0x07, 0x87, 0xF8, 0x1E, 0x1F,
    0x0F, 0xE0, 0x3C, 0x3C, 0x1F, 0x00, 0x78, 0x78, 0x00, 0x00, 0xF0, 0xF0, 0x00, 0x01, 0xE1, 0xF0,
    0x00, 0x03, 0xC3, 0xE0, 0x00, 0x0F, 0x87, 0xF8, 0x01, 0xFF, 0x0F, 0xFF, 0xFF, 0xFE, 0x0F, 0xFF,
    0xFF, 0xFC, 0x1F, 0xFF, 0xFF, 0xF0, 0x0F, 0xFF, 0xFF, 0x00, 0x07, 0xFF, 0xF0, 0x00, 0x00, 0x00,
    0x00, 0x20, 0x00, 0x00, 0x1E, 0x00, 0x00, 0x01, 0xE0, 0x00, 0x00, 0x1E, 0x00, 0x00, 0x01, 0xE0,
    0x00, 0x00, 0x1E, 0x00, 0x00, 0x01, 0xE0, 0x00, 0x00, 0x1E, 0x00, 0x00, 0x81, 0xE0, 0x00, 0x38,
    0x1E, 0x00, 0x0F, 0x81, 0xE0, 0x01, 0xF0, 0x1E, 0x00, 0x3C, 0x01, 0xE0, 0x03, 0xE0, 0x1E, 0x00,
    0x3F, 0x01, 0xE0, 0x00, 0x78, 0x1E, 0x60, 0x03, 0x81, 0xE7, 0x87, 0xF8, 0x1E, 0xF8, 0x7F, 0x01,
    0xEF, 0x07, 0xC0, 0x1E, 0xF0, 0x00, 0x01, 0xEF, 0x00, 0x00, 0x1E, 0xF8, 0x00, 0x01, 0xEF, 0x80,
    0x00, 0x3E, 0xFF, 0x00, 0x3F, 0xEF, 0xFF, 0xFF, 0xFE, 0x7F, 0xFF, 0xFF, 0xE7, 0xFF, 0xFF, 0xFC,
    0x1F, 0xFF, 0xFE, 0x00, 0x7F, 0xFF, 0x00, 0x00, 0x00, 0x00, 0x00, 0x00, 0x00, 0x00, 0x00, 0x00,
    0x00, 0x00, 0x07, 0x1C, 0x00, 0x00, 0xF3, 0xC0, 0x00, 0x0F, 0x3C, 0x00, 0x00, 0x71, 0xC0, 0x00,
    0x00, 0x00, 0x00, 0x00, 0x0E, 0x00, 0x00, 0x01, 0xE0, 0x00, 0x00, 0x1E, 0x00, 0x00, 0x00, 0xE0,
    0x00, 0x00, 0x00, 0x00, 0x00, 0x00, 0x00, 0x00, 0x03, 0x00, 0x00, 0x00, 0x0F, 0x00, 0x00, 0x00,
    0x3F, 0x00, 0x00, 0x00, 0x7E, 0x00, 0x00, 0x01, 0xF8, 0x00, 0x00, 0x07, 0xE3, 0x00, 0x00, 0x0F,
    0xCF, 0x00, 0x00, 0x3F, 0x3F, 0x00, 0x00, 0x7C, 0xFF, 0x00, 0x00, 0x71, 0xFE, 0x00, 0x00, 0x47,
    0xFC, 0x00, 0x00, 0x1F, 0xF0, 0x00, 0x00, 0x7F, 0xC0, 0x00, 0x00, 0xFF, 0x00, 0x00, 0x00, 0xFE,
    0x00, 0x00, 0x00, 0xFC, 0x00, 0x00, 0x00, 0xFF, 0x00, 0x00, 0x00, 0xFF, 0x80, 0x00, 0x00, 0x3F,
    0xC0, 0x00, 0x00, 0x0F, 0xF0, 0x70, 0x00, 0x03, 0xF8, 0x78, 0x00, 0x01, 0xF8, 0xF8, 0x00, 0x00,
    0x7C, 0xF0, 0x00, 0x00, 0x7C, 0xF0, 0x00, 0x00, 0x3C, 0xF0, 0x00, 0x00, 0x3C, 0xF8, 0x00, 0x00,
    0x7C, 0xF8, 0x00, 0x01, 0xFC, 0xFF, 0x00, 0x1F, 0xF8, 0xFF, 0xFF, 0xFF, 0xF8, 0x7F, 0xFF, 0xFF,
    0xF0, 0x3F, 0xFF, 0xFF, 0xE0, 0x1F, 0xFF, 0xFF, 0x80, 0x07, 0xFF, 0xF8, 0x00, 0x00, 0x00, 0x00,
    0x00, 0x00, 0x00, 0x00, 0x03, 0x00, 0x00, 0x00, 0x07, 0x00, 0x00, 0x00, 0x1F, 0x00, 0x00, 0x00,
    0x7E, 0x00, 0x00, 0x01, 0xF8, 0x00, 0x00, 0x03, 0xF3, 0x00, 0x00, 0x0F, 0xCF, 0x00, 0x00, 0x3F,
    0x1F, 0x00, 0x00, 0x7C, 0x7F, 0x00, 0x00, 0x79, 0xFF, 0x00, 0x00, 0x67, 0xFE, 0x00, 0x00, 0x0F,
    0xFE, 0x00, 0x00, 0x3F, 0xEE, 0x00, 0x00, 0x7F, 0xC6, 0x00, 0x00, 0xFE, 0xEE, 0x00, 0x00, 0xFC,
    0x7E, 0x00, 0x00, 0xFE, 0x3C, 0x00, 0x00, 0xFF, 0x00, 0x00, 0x00, 0x7F, 0xC0, 0x00, 0x00, 0x1F,
    0xE0, 0x60, 0x00, 0x07, 0xF0, 0x78, 0x00, 0x01, 0xF8, 0x78, 0x00, 0x00, 0xF8, 0xF0, 0x00, 0x00,
    0x7C, 0xF0, 0x00, 0x00, 0x3C, 0xF0, 0x00, 0x00, 0x3C, 0xF8, 0x00, 0x00, 0x7C, 0xF8, 0x00, 0x01,
    0xFC, 0xFF, 0x00, 0x1F, 0xF8, 0xFF, 0xFF, 0xFF, 0xF8, 0x7F, 0xFF, 0xFF, 0xF0, 0x3F, 0xFF, 0xFF,
    0xE0, 0x1F, 0xFF, 0xFF, 0x80, 0x07, 0xFF, 0xFC, 0x00, 0x00, 0x06, 0x18, 0x00, 0x00, 0x0F, 0x3C,
    0x03, 0x00, 0x0F, 0x3C, 0x0F, 0x00, 0x0F, 0x3C, 0x3F, 0x00, 0x06, 0x18, 0x7E, 0x00, 0x00, 0x01,
    0xFC, 0x00, 0x00, 0x07, 0xF3, 0x00, 0x00, 0x0F, 0xCF, 0x00, 0x00, 0x3F, 0x1F, 0x00, 0x00, 0x7C,
    0x7F, 0x00, 0x00, 0x79, 0xFF, 0x00, 0x00, 0x67, 0xFC, 0x00, 0x00, 0x1F, 0xF0, 0x00, 0x00, 0x3F,
    0xE0, 0x00, 0x00, 0xFF, 0x80, 0x00, 0x00, 0xFE, 0x00, 0x00, 0x00, 0xF8, 0x00, 0x00, 0x00, 0xFE,
    0x00, 0x00, 0x00, 0xFF, 0x80, 0x00, 0x00, 0x7F, 0xC0, 0x00, 0x00, 0x1F, 0xE0, 0x60, 0x00, 0x07,
    0xF0, 0x78, 0x00, 0x01, 0xF8, 0xF8, 0x00, 0x00, 0xFC, 0xF0, 0x00, 0x00, 0x7C, 0xF0, 0x00, 0x00,
    0x3C, 0xF0, 0x00, 0x00, 0x3C, 0xF8, 0x00, 0x00, 0x7C, 0xF8, 0x00, 0x01, 0xFC, 0xFF, 0x00, 0x1F,
    0xF8, 0xFF, 0xFF, 0xFF, 0xF8, 0x7F, 0xFF, 0xFF, 0xF0, 0x3F, 0xFF, 0xFF, 0xE0, 0x1F, 0xFF, 0xFF,
    0x80, 0x07, 0xFF, 0xF8, 0x00, 0x00, 0x00, 0x00, 0x00, 0x00, 0x00, 0x00, 0x03, 0x00, 0x00, 0x00,
    0x0F, 0x00, 0x00, 0x00, 0x3F, 0x00, 0x00, 0x00, 0x7E, 0x00, 0x00, 0x01, 0xF8, 0x00, 0x00, 0x07,
    0xE3, 0x00, 0x00, 0x0F, 0xCF, 0x00, 0x00, 0x3F, 0x3F, 0x00, 0x00, 0x7C, 0xFF, 0x00, 0x00, 0x71,
    0xFE, 0x00, 0x00, 0x47, 0xFC, 0x00, 0x00, 0x1F, 0xF0, 0x00, 0x00, 0x7F, 0xC0, 0x00, 0x00, 0x7F,
    0x00, 0x00, 0x00, 0xFE, 0x00, 0x00, 0x00, 0xFC, 0x00, 0x00, 0x00, 0xFE, 0x00, 0x00, 0x00, 0xFF,
    0x80, 0x00, 0x00, 0x3F, 0xC0, 0x00, 0x00, 0x0F, 0xF0, 0x70, 0x00, 0x03, 0xF8, 0x78, 0x00, 0x01,
    0xF8, 0xF8, 0x00, 0x00, 0x7C, 0xF0, 0x00, 0x00, 0x7C, 0xF0, 0x00, 0x00, 0x3C, 0xF0, 0x00, 0x00,
    0x3C, 0xF8, 0x00, 0x00, 0x7C, 0xF8, 0x00, 0x01, 0xFC, 0xFF, 0x00, 0x1F, 0xF8, 0xFF, 0xFF, 0xFF,
    0xF8, 0x7F, 0xFF, 0xFF, 0xF0, 0x3F, 0xFF, 0xFF, 0xE0, 0x1F, 0xFF, 0xFF, 0x80, 0x07, 0xFF, 0xF8,
    0x00, 0x00, 0x00, 0x00, 0x00, 0x00, 0x00, 0x00, 0x00, 0x00, 0x30, 0xC0, 0x00, 0x00, 0x79, 0xE0,
    0x00, 0x00, 0x79, 0xE0, 0x00, 0x00, 0x79, 0xE0, 0x00, 0x00, 0x30, 0xC0, 0x00, 0x00, 0x00, 0x00,
    0x00, 0x00, 0x00, 0x00, 0x03, 0x00, 0x00, 0x00, 0x0F, 0x00, 0x00, 0x00, 0x3F, 0x00, 0x00, 0x00,
    0x7E, 0x00, 0x00, 0x01, 0xF8, 0x00, 0x00, 0x07, 0xE3, 0x00, 0x00, 0x1F, 0x8F, 0x00, 0x00, 0x3F,
    0x3F, 0x00, 0x00, 0x7C, 0xFF, 0x00, 0x00, 0x73, 0xFE, 0x00, 0x00, 0x47, 0xFC, 0x00, 0x00, 0x1F,
    0xF0, 0x00, 0x00, 0x7F, 0xC0, 0x00, 0x00, 0xFF, 0x00, 0x00, 0x00, 0xFC, 0x00, 0x00, 0x00, 0xFC,
    0x00, 0x00, 0x00, 0xFE, 0x00, 0x00, 0x00, 0xFF, 0x80, 0x00, 0x00, 0x7F, 0xC0, 0x00, 0x00, 0x1F,
    0xF0, 0x70, 0x00, 0x07, 0xF0, 0x78, 0x00, 0x01, 0xF8, 0xF8, 0x00, 0x00, 0xFC, 0xF0, 0x00, 0x00,
    0x7C, 0xF0, 0x00, 0x00, 0x3C, 0xF0, 0x00, 0x00, 0x3C, 0xF8, 0x00, 0x00, 0x7C, 0xF8, 0x00, 0x01,
    0xFC, 0xFF, 0x00, 0x1F, 0xF8, 0xFF, 0xFF, 0xFF, 0xF8, 0x7F, 0xFF, 0xFF, 0xF0, 0x3F, 0xFF, 0xFF,
    0xE0, 0x1F, 0xFF, 0xFF, 0x80, 0x07, 0xFF, 0xF8, 0x00, 0x00, 0x00, 0x00, 0x00, 0x00, 0x00, 0x00,
    0x00, 0x00, 0x06, 0x00, 0x00, 0x00, 0x0F, 0x00, 0x00, 0x00, 0x0F, 0x00, 0x00, 0x00, 0x0F, 0x00,
    0x00, 0x00, 0x06, 0x00, 0x00, 0x00, 0x00, 0x00, 0x00, 0x00, 0x06, 0x00, 0x00, 0x00, 0x0F, 0x00,
    0x00, 0x00, 0x0F, 0x00, 0x00, 0x00, 0x0F, 0x00, 0x00, 0x00, 0x06, 0x00, 0x00, 0x00, 0x00, 0xE0,
    0x00, 0x00, 0x01, 0xE0, 0x00, 0x00, 0x01, 0xE0, 0x00, 0x00, 0x00, 0xE0, 0x00, 0x00, 0x00, 0x00,
    0x00, 0x00, 0x0E, 0x1C, 0x03, 0x00, 0x0F, 0x3C, 0x07, 0x00, 0x0F, 0x3C, 0x1F, 0x00, 0x0E, 0x1C,
    0x7E, 0x00, 0x00, 0x01, 0xF8, 0x00, 0x00, 0x07, 0xE3, 0x00, 0x00, 0x0F, 0x8F, 0x00, 0x00, 0x3F,
    0x3F, 0x00, 0x00, 0x7C, 0xFF, 0x00, 0x00, 0x71, 0xFE, 0x00, 0x00, 0x47, 0xFC, 0x00, 0x00, 0x1F,
    0xF0, 0x00, 0x00, 0x7F, 0xC0, 0x00, 0x00, 0xFF, 0x00, 0x00, 0x00, 0xFC, 0x00, 0x00, 0x00, 0xF8,
    0x00, 0x00, 0x00, 0xFE, 0x00, 0x00, 0x00, 0xFF, 0x80, 0x00, 0x00, 0x3F, 0xC0, 0x00, 0x00, 0x0F,
    0xF0, 0x70, 0x00, 0x03, 0xF0, 0x78, 0x00, 0x01, 0xF8, 0xF8, 0x00, 0x00, 0x7C, 0xF0, 0x00, 0x00,
    0x7C, 0xF0, 0x00, 0x00, 0x3C, 0xF0, 0x00, 0x00, 0x7C, 0xF8, 0x00, 0x00, 0x7C, 0xF8, 0x00, 0x01,
    0xFC, 0xFF, 0x00, 0x1F, 0xF8, 0xFF, 0xFF, 0xFF, 0xF8, 0x7F, 0xFF, 0xFF, 0xF0, 0x3F, 0xFF, 0xFF,
    0xE0, 0x1F, 0xFF, 0xFF, 0x80, 0x07, 0xFF, 0xF8, 0x00, 0x00, 0x00, 0x62, 0x00, 0x00, 0x73, 0x80,
    0x00, 0x1F, 0xC0, 0x00, 0x0F, 0xC0, 0x00, 0x03, 0xE0, 0x00, 0x01, 0xE0, 0x00, 0x00, 0x60, 0x00,
    0x00, 0x00, 0x00, 0x00, 0x3C, 0x00, 0x00, 0x1E, 0x00, 0x00, 0x0F, 0x00, 0x00, 0x07, 0x80, 0x00,
    0x03, 0xC0, 0x00, 0x01, 0xE0, 0x00, 0x00, 0xF0, 0x00, 0x00, 0x78, 0x00, 0x00, 0x3C, 0x00, 0x00,
    0x1E, 0x00, 0x00, 0x0F, 0x00, 0x00, 0x07, 0x80, 0x00, 0x03, 0xC0, 0x00, 0x01, 0xE0, 0x00, 0x00,
    0xF0, 0x00, 0x00, 0x78, 0x00, 0x00, 0x3C, 0x00, 0x00, 0x1E, 0x00, 0x00, 0x0F, 0x00, 0x00, 0x07,
    0x83, 0x80, 0x03, 0xC3, 0xC0, 0x01, 0xE1, 0xE0, 0x00, 0xF1, 0xF0, 0x00, 0x78, 0xF0, 0x00, 0x3C,
    0x78, 0x00, 0x1E, 0x3C, 0x00, 0x0F, 0x1E, 0x00, 0x07, 0x8F, 0x80, 0x07, 0xC7, 0xC0, 0x03, 0xE3,
    0xF0, 0x03, 0xE0, 0xFE, 0x07, 0xF0, 0x7F, 0xFF, 0xF8, 0x1F, 0xFF, 0xF8, 0x0F, 0xFF, 0xF8, 0x01,
    0xFF, 0xF0, 0x00, 0x3F, 0xE0, 0x00, 0x00, 0x00, 0x00, 0x00, 0x00, 0x38, 0x00, 0x00, 0xF8, 0x00,
    0x01, 0xF0, 0x00, 0x03, 0xE0, 0x00, 0x03, 0x80, 0x00, 0x00, 0x00, 0x00, 0x00, 0x00, 0x00, 0x1C,
    0x00, 0x00, 0x78, 0x00, 0x00, 0xF0, 0x00, 0x01, 0xE0, 0x00, 0x03, 0xC0, 0x00, 0x07, 0x80, 0x00,
    0x0F, 0x00, 0x00, 0x1E, 0x00, 0x00, 0x3C, 0x00, 0x00, 0x78, 0x00, 0x00, 0xF0, 0x00, 0x01, 0xE0,
    0x00, 0x03, 0xC0, 0x00, 0x07, 0x80, 0x00, 0x0F, 0x00, 0x00, 0x1E, 0x00, 0x00, 0x3C, 0x00, 0x00,
    0x78, 0x00, 0x00, 0xF0, 0x00, 0x01, 0xE0, 0x00, 0x03, 0xCF, 0x00, 0x07, 0x9E, 0x00, 0x0F, 0x3C,
    0x00, 0x1E, 0xF8, 0x00, 0x3D, 0xE0, 0x00, 0x7B, 0xC0, 0x00, 0xF7, 0x80, 0x01, 0xEF, 0x00, 0x03,
    0xDF, 0x00, 0x0F, 0xBE, 0x00, 0x1F, 0x7E, 0x00, 0x7C, 0x7F, 0x03, 0xF8, 0xFF, 0xFF, 0xF0, 0xFF,
    0xFF, 0xC1, 0xFF, 0xFF, 0x00, 0xFF, 0xF8, 0x00, 0x7F, 0xC0, 0x00, 0x00, 0x00, 0x1C, 0x00, 0x00,
    0x0F, 0x00, 0x00, 0x03, 0xC0, 0x00, 0x00, 0x70, 0x00, 0x00, 0x00, 0x00, 0x00, 0x70, 0xE0, 0x00,
    0x1E, 0x78, 0x00, 0x07, 0x9E, 0x00, 0x01, 0xC3, 0x80, 0x00, 0x00, 0x00, 0x00, 0x00, 0x00, 0x00,
    0x00, 0x30, 0x00, 0x00, 0x3C, 0x00, 0x00, 0x0F, 0x00, 0x00, 0x03, 0xC0, 0x00, 0x00, 0xF0, 0x00,
    0x00, 0x3C, 0x00, 0x00, 0x0F, 0x00, 0x00, 0x03, 0xC0, 0x00, 0x00, 0xF0, 0x00, 0x00, 0x3C, 0x00,
    0x00, 0x0F, 0x00, 0x00, 0x03, 0xC0, 0x00, 0x00, 0xF0, 0x00, 0x00, 0x3C, 0x00, 0x00, 0x0F, 0x00,
    0x00, 0x03, 0xC0, 0x00, 0x00, 0xF0, 0x00, 0x00, 0x3C, 0x00, 0x00, 0x0F, 0x00, 0x00, 0x03, 0xC0,
    0x00, 0x00, 0xF0, 0x78, 0x00, 0x3C, 0x1E, 0x00, 0x0F, 0x07, 0x80, 0x03, 0xC3, 0xE0, 0x00, 0xF0,
    0xF0, 0x00, 0x3C, 0x3C, 0x00, 0x0F, 0x0F, 0x00, 0x03, 0xC3, 0xC0, 0x00, 0xF0, 0xF8, 0x00, 0x7C,
    0x3E, 0x00, 0x1F, 0x0F, 0xC0, 0x0F, 0x81, 0xFC, 0x0F, 0xE0, 0x7F, 0xFF, 0xF8, 0x0F, 0xFF, 0xFC,
    0x03, 0xFF, 0xFE, 0x00, 0x3F, 0xFE, 0x00, 0x03, 0xFE, 0x00, 0x00, 0x00, 0x00, 0x00, 0x00, 0x00,
    0x78, 0x00, 0x00, 0xF0, 0x00, 0x01, 0xE0, 0x00, 0x03, 0xC0, 0x00, 0x07, 0x80, 0x00, 0x0F, 0x00,
    0x00, 0x1E, 0x00, 0x00, 0x3C, 0x00, 0x00, 0x78, 0x00, 0x00, 0xF0, 0x00, 0x01, 0xE0, 0x00, 0x03,
    0xC0, 0x00, 0x07, 0x80, 0x00, 0x0F, 0x00, 0x00, 0x1E, 0x00, 0x00, 0x3C, 0x00, 0x00, 0x78, 0x00,
    0x00, 0xF0, 0x00, 0x01, 0xE0, 0x00, 0x03, 0xC7, 0x00, 0x07, 0x9E, 0x00, 0x0F, 0x3C, 0x00, 0x1E,
    0xF8, 0x00, 0x3D, 0xE0, 0x00, 0x7B, 0xC0, 0x00, 0xF7, 0x80, 0x01, 0xEF, 0x00, 0x03, 0xDF, 0x00,
    0x0F, 0xBE, 0x00, 0x1F, 0x7E, 0x00, 0x7C, 0x7F, 0x03, 0xF8, 0xFF, 0xFF, 0xF0, 0xFF, 0xFF, 0xC1,
    0xFF, 0xFF, 0x00, 0xFF, 0xF8, 0x00, 0x7F, 0xC0, 0x00, 0x00, 0x00, 0x00, 0x00, 0x00, 0x00, 0x00,
    0x00, 0x0E, 0x1C, 0x00, 0x1E, 0x3C, 0x00, 0x3C, 0x78, 0x00, 0x70, 0xE0, 0x00, 0x00, 0x00, 0x00,
    0x1C, 0x00, 0x00, 0x78, 0x00, 0x00, 0xF0, 0x00, 0x00, 0xE0, 0x00, 0x00, 0x00, 0x00, 0x00, 0xE0,
    0x00, 0x03, 0xE0, 0x00, 0x07, 0xC0, 0x00, 0x0F, 0x80, 0x00, 0x0E, 0x00, 0x00, 0x00, 0x04, 0x00,
    0x00, 0x7C, 0x00, 0x00, 0xF8, 0x00, 0x01, 0xF0, 0x00, 0x01, 0xF1, 0x80, 0x03, 0xE7, 0x80, 0x07,
    0xCF, 0x00, 0x0F, 0xBE, 0x00, 0x0F, 0x78, 0x00, 0x1E, 0xF0, 0x00, 0x3D, 0xE0, 0x00, 0x7B, 0xC0,
    0x00, 0xF7, 0xC0, 0x03, 0xEF, 0x80, 0x07, 0xDF, 0x80, 0x1F, 0xBF, 0xC0, 0xFE, 0x3F, 0xFF, 0xFC,
    0x7F, 0xFF, 0xF0, 0x7F, 0xFF, 0xC0, 0x7F, 0xFF, 0x00, 0x3F, 0xF0, 0x00, 0x00, 0x00, 0x00, 0x00,
    0x00, 0x00, 0x00, 0x00, 0x00, 0x38, 0x00, 0x00, 0xF8, 0x00, 0x01, 0xF0, 0x00, 0x03, 0xE0, 0x00,
    0x03, 0x80, 0x00, 0x00, 0x00, 0x00, 0x00, 0x00, 0x70, 0x00, 0x03, 0xE0, 0x00, 0x07, 0xC0, 0x00,
    0x0F, 0x80, 0x00, 0x0F, 0x8E, 0x00, 0x1F, 0x3C, 0x00, 0x3E, 0x78, 0x00, 0x7D, 0xF0, 0x00, 0x7B,
    0xC0, 0x00, 0xF7, 0x80, 0x01, 0xEF, 0x00, 0x03, 0xDE, 0x00, 0x07, 0xBE, 0x00, 0x1F, 0x7C, 0x00,
    0x3E, 0xFC, 0x00, 0xFC, 0xFE, 0x07, 0xF1, 0xFF, 0xFF, 0xE1, 0xFF, 0xFF, 0x83, 0xFF, 0xFE, 0x01,
    0xFF, 0xF8, 0x00, 0xFF, 0x80, 0x00, 0x01, 0x80, 0x00, 0x03, 0x00, 0x00, 0x07, 0xF0, 0x00, 0x0F,
    0xF0, 0x00, 0x1E, 0x60, 0x00, 0x30, 0xC0, 0x00, 0xFF, 0x80, 0x01, 0xFE, 0x00, 0x00, 0x00, 0x00,
    0x00, 0x00, 0xF0, 0x00, 0x03, 0xE0, 0x00, 0x07, 0xC0, 0x00, 0x0F, 0x80, 0x00, 0x0F, 0x9E, 0x00,
    0x1F, 0x3C, 0x00, 0x3E, 0x78, 0x00, 0x7D, 0xF0, 0x00, 0x7B, 0xC0, 0x00, 0xF7, 0x80, 0x01, 0xEF,
    0x00, 0x03, 0xDE, 0x00, 0x07, 0xBE, 0x00, 0x1F, 0x7C, 0x00, 0x3E, 0xFC, 0x00, 0xFC, 0xFE, 0x07,
    0xF1, 0xFF, 0xFF, 0xE1, 0xFF, 0xFF, 0x83, 0xFF, 0xFE, 0x01, 0xFF, 0xF8, 0x00, 0xFF, 0x80, 0x00,
    0x00, 0x70, 0x00, 0x01, 0xF0, 0x00, 0x03, 0xE0, 0x00, 0x07, 0xC0, 0x00, 0x07, 0x00, 0x00, 0x00,
    0x02, 0x00, 0x00, 0x1E, 0x00, 0x00, 0x7C, 0x00, 0x00, 0xF8, 0x00, 0x00, 0xF8, 0xC0, 0x01, 0xF3,
    0xC0, 0x03, 0xE7, 0x80, 0x07, 0xDF, 0x00, 0x07, 0xBE, 0x00, 0x0F, 0x78, 0x00, 0x1E, 0xF0, 0x00,
    0x3D, 0xE0, 0x00, 0x7B, 0xE0, 0x01, 0xF7, 0xC0, 0x03, 0xEF, 0xC0, 0x0F, 0xCF, 0xE0, 0x7F, 0x1F,
    0xFF, 0xFE, 0x1F, 0xFF, 0xF8, 0x3F, 0xFF, 0xF0, 0x1F, 0xFF, 0xC0, 0x0F, 0xFE, 0x00, 0x0C, 0xE0,
    0x00, 0x18, 0xC0, 0x00, 0x3B, 0x80, 0x00, 0x7F, 0x00, 0x00, 0x78, 0x00, 0x00, 0x70, 0x00, 0x00,
    0xF0, 0x00, 0x01, 0xE0, 0x00, 0x03, 0x80, 0x00, 0x00, 0x00, 0x00, 0x71, 0xC0, 0x01, 0xE3, 0xC0,
    0x03, 0xC7, 0x80, 0x03, 0x8E, 0x00, 0x00, 0x00, 0x20, 0x00, 0x01, 0xE0, 0x00, 0x07, 0xC0, 0x00,
    0x0F, 0x80, 0x00, 0x0F, 0x88, 0x00, 0x1F, 0x3C, 0x00, 0x3E, 0x78, 0x00, 0x7C, 0xF0, 0x00, 0x7B,
    0xE0, 0x00, 0xF7, 0x80, 0x01, 0xEF, 0x00, 0x03, 0xDE, 0x00, 0x07, 0xBC, 0x00, 0x0F, 0x7C, 0x00,
    0x3E, 0xF8, 0x00, 0x7D, 0xF8, 0x01, 0xF9, 0xFC, 0x0F, 0xE3, 0xFF, 0xFF, 0xC3, 0xFF, 0xFF, 0x07,
    0xFF, 0xFC, 0x03, 0xFF, 0xF0, 0x01, 0xFF, 0x00, 0x00, 0x00, 0x00, 0x00, 0xC0, 0x00, 0x00, 0xF8,
    0x00, 0x00, 0x7E, 0x00, 0x00, 0x7F, 0xC0, 0x00, 0x1F, 0xF8, 0x00, 0x0F, 0xFE, 0x00, 0x0F, 0xFF,
    0xC0, 0x07, 0xFF, 0xF0, 0x07, 0x83, 0xFC, 0x03, 0x80, 0xFF, 0x01, 0xC0, 0x7F, 0xC0, 0xE0, 0x3B,
    0xF0, 0x78, 0x3C, 0xF8, 0x3C, 0x1E, 0x7C, 0x0F, 0xBE, 0x1E, 0x07, 0xFF, 0x0F, 0x7F, 0xFF, 0x0F,
    0xBF, 0xFF, 0xFF, 0xCF, 0xFF, 0xFF, 0xC7, 0xFF, 0xFF, 0xE3, 0xFC, 0xFF, 0xE0, 0x00, 0x1F, 0xC0,
    0x01, 0xC0, 0x00, 0x01, 0xF0, 0x00, 0x00, 0xF8, 0x00, 0x00, 0x7C, 0x00, 0x00, 0x1C, 0x00, 0x00,
    0x00, 0x00, 0x00, 0x00, 0x00, 0x00, 0x00, 0x00, 0x00, 0x0F, 0xF0, 0x00, 0x1F, 0xFE, 0x00, 0x1F,
    0xFF, 0xC0, 0x07, 0xFF, 0xF0, 0x03, 0xFF, 0xFE, 0x00, 0xC0, 0xFF, 0x80, 0x00, 0x1F, 0xF8, 0x00,
    0x0F, 0xFC, 0x00, 0x3F, 0xFE, 0x00, 0x7F, 0xFF, 0x00, 0xFF, 0xFF, 0x80, 0xFE, 0x00, 0x00, 0xFC,
    0x00, 0x00, 0xFC, 0x00, 0x00, 0x7C, 0x00, 0x00, 0x7C, 0xE3, 0x80, 0x3C, 0xF1, 0xE0, 0x3E, 0x78,
    0xF0, 0x1E, 0x1C, 0x70, 0x0F, 0x00, 0x00, 0x07, 0x80, 0xE0, 0x03, 0xC0, 0xF0, 0x01, 0xF0, 0x78,
    0x00, 0xF8, 0x1C, 0x00, 0x7E, 0x00, 0x00, 0x1F, 0x80, 0x03, 0x0F, 0xF8, 0x0F, 0xC3, 0xFF, 0xFF,
    0xE0, 0xFF, 0xFF, 0xF0, 0x3F, 0xFF, 0xF8, 0x07, 0xFF, 0xF8, 0x00, 0xFF, 0xE0, 0x01, 0xE0, 0x03,
    0xF8, 0x01, 0xF8, 0x00, 0xE0, 0x00, 0x70, 0x00, 0x1F, 0x80, 0x3F, 0xC0, 0x1F, 0xE0, 0x0C, 0x00,
    0x00, 0x00, 0x00, 0x20, 0x00, 0x38, 0x00, 0x3F, 0x00, 0x3F, 0xC0, 0x3F, 0xE0, 0x3F, 0xF8, 0x3F,
    0xFE, 0x3E, 0x1F, 0x1F, 0x07, 0xDF, 0x03, 0xEF, 0x80, 0xF7, 0x80, 0x7B, 0xC0, 0x3D, 0xE0, 0x1E,
    0xF8, 0x1F, 0x7C, 0x0F, 0xBF, 0x0F, 0xCF, 0xFF, 0xC7, 0xFF, 0xE1, 0xFF, 0xE0, 0x7F, 0xE0, 0x0F,
    0xC0, 0x00, 0x80, 0x00, 0xF0, 0x00, 0xFC, 0x01, 0xFF, 0x01, 0xFF, 0xC1, 0xFF, 0xE0, 0xFD, 0xF8,
    0xF8, 0x7C, 0x78, 0x1F, 0x7C, 0x0F, 0xBE, 0x03, 0xDE, 0x01, 0xEF, 0x00, 0xF7, 0x80, 0x7B, 0xE0,
    0x7D, 0xF0, 0x3E, 0xFE, 0x3F, 0x3F, 0xFF, 0x1F, 0xFF, 0x87, 0xFF, 0x81, 0xFF, 0x80, 0x3F, 0x00,
    0x01, 0xE0, 0x03, 0xF8, 0x01, 0xF8, 0x00, 0xE0, 0x00, 0x70, 0x00, 0x1F, 0x80, 0x3F, 0xC0, 0x1F,
    0xE0, 0x0C, 0x00, 0x00, 0x00, 0x00, 0x20, 0x00, 0x38, 0x00, 0x3F, 0x00, 0x3F, 0xC0, 0x3F, 0xE0,
    0x3F, 0xF8, 0x3F, 0xFE, 0x3E, 0x1F, 0x1F, 0x07, 0xDF, 0x03, 0xEF, 0x80, 0xF7, 0x80, 0x7B, 0xC0,
    0x3D, 0xE0, 0x1E, 0xF8, 0x1F, 0x7C, 0x0F, 0xBF, 0x0F, 0xCF, 0xFF, 0xC7, 0xFF, 0xE1, 0xFF, 0xE0,
    0x7F, 0xE0, 0x0F, 0xC0, 0x0C, 0x30, 0x0F, 0x3C, 0x07, 0x9E, 0x03, 0xCF, 0x00, 0xC3, 0x00, 0x00,
    0x00, 0x00, 0x00, 0x00, 0x00, 0x00, 0x80, 0x00, 0xE0, 0x00, 0xFC, 0x01, 0xFF, 0x01, 0xFF, 0x81,
    0xFF, 0xE0, 0xFB, 0xF8, 0xF8, 0x7C, 0x78, 0x1F, 0x7C, 0x0F, 0xBE, 0x03, 0xDE, 0x01, 0xEF, 0x00,
    0xF7, 0x80, 0x7B, 0xE0, 0x7D, 0xF0, 0x3E, 0xFE, 0x3F, 0x3F, 0xFF, 0x1F, 0xFF, 0x87, 0xFF, 0x81,
    0xFF, 0x80, 0x3F, 0x00, 0x03, 0xF0, 0x03, 0xFC, 0x03, 0xFF, 0x03, 0xFF, 0xC1, 0xFF, 0xE1, 0xF9,
    0xF8, 0xF8, 0x3C, 0x78, 0x1E, 0x3C, 0x0F, 0x1E, 0x03, 0xCF, 0x81, 0xE7, 0xE1, 0xF1, 0xFF, 0xF8,
    0xFF, 0xFC, 0x3F, 0xFC, 0x07, 0xFE, 0x3C, 0x0F, 0x3F, 0x0F, 0x99, 0x9F, 0x8C, 0xFF, 0xC7, 0xFF,
    0xC3, 0xFF, 0xC1, 0xFF, 0xC0, 0xFF, 0x80, 0x3F, 0x00, 0x1C, 0x00, 0x00, 0x00, 0x00, 0x03, 0xF0,
    0x03, 0xFE, 0x03, 0xFF, 0x83, 0xFF, 0xC1, 0xFF, 0xF1, 0xF8, 0xF8, 0xF8, 0x3E, 0x78, 0x0F, 0x3C,
    0x07, 0x9F, 0x03, 0xCF, 0xC1, 0xE3, 0xFF, 0xF1, 0xFF, 0xF8, 0x7F, 0xFC, 0x0F, 0xFE, 0x00, 0x1F,
    0x00, 0x1F, 0x3F, 0xFF, 0x9F, 0xFF, 0x80, 0x7F, 0xC3, 0xFF, 0xC3, 0xFF, 0xC1, 0xFF, 0x80, 0x7F,
    0x00, 0x3E, 0x00, 0x10, 0x00, 0x00, 0x01, 0x10, 0x01, 0xDE, 0x00, 0xEE, 0x00, 0x3F, 0x00, 0x1F,
    0x00, 0x07, 0x00, 0x01, 0x80, 0x00, 0x00, 0x03, 0xF0, 0x03, 0xFE, 0x03, 0xFF, 0x83, 0xFF, 0xC1,
    0xFF, 0xF1, 0xF8, 0xF8, 0xF8, 0x3E, 0x78, 0x0F, 0x3C, 0x07, 0x9F, 0x03, 0xCF, 0xC1, 0xE3, 0xFF,
    0xF1, 0xFF, 0xF8, 0x7F, 0xFC, 0x0F, 0xFE, 0x00, 0x1F, 0x00, 0x1F, 0x00, 0x1F, 0x80, 0x3F, 0x80,
    0xFF, 0xC7, 0xFF, 0xC3, 0xFF, 0x81, 0xFF, 0x80, 0x7F, 0x00, 0x3C, 0x00, 0x00, 0x00, 0x00, 0x00,
    0xF0, 0x00, 0xFC, 0x00, 0x7E, 0x00, 0x33, 0x00, 0x19, 0x80, 0x07, 0xC0, 0x03, 0xC0, 0x03, 0xC0,
    0x01, 0xC0, 0x00, 0x80, 0x00, 0x00, 0x00, 0x7E, 0x00, 0x7F, 0xC0, 0x7F, 0xF0, 0x7F, 0xF8, 0x3F,
    0xFE, 0x3F, 0x1F, 0x1F, 0x07, 0xCF, 0x01, 0xE7, 0x80, 0xF3, 0xE0, 0x79, 0xF8, 0x3C, 0x7F, 0xFE,
    0x3F, 0xFF, 0x0F, 0xFF, 0x81, 0xFF, 0xC0, 0x03, 0xE0, 0x03, 0xE0, 0x03, 0xF0, 0x07, 0xF0, 0x1F,
    0xF8, 0xFF, 0xF8, 0x7F, 0xF0, 0x3F, 0xF0, 0x0F, 0xE0, 0x07, 0x80, 0x00, 0x00, 0x00, 0x00, 0x00,
    0x00, 0x70, 0x00, 0x38, 0x00, 0x1C, 0x00, 0x0E, 0x00, 0x07, 0x00, 0x03, 0x80, 0x01, 0xC0, 0x00,
    0x00, 0x00, 0x00, 0x00, 0xFC, 0x00, 0xFF, 0x80, 0xFF, 0xE0, 0xFF, 0xF0, 0x7F, 0xFC, 0x7E, 0x3E,
    0x3E, 0x0F, 0x9E, 0x03, 0xCF, 0x01, 0xE7, 0xC0, 0xF3, 0xF0, 0x78, 0xFF, 0xFC, 0x7F, 0xFE, 0x1F,
    0xFF, 0x03, 0xFF, 0x80, 0x07, 0xC0, 0x07, 0xC0, 0x07, 0xE0, 0x0F, 0xE0, 0x3F, 0xF1, 0xFF, 0xF0,
    0xFF, 0xE0, 0x7F, 0xE0, 0x1F, 0xC0, 0x0F, 0x00, 0x00, 0x00, 0x00, 0x00, 0xE0, 0x00, 0x78, 0x00,
    0x7C, 0x00, 0x7F, 0x00, 0x3B, 0x80, 0x1C, 0xC0, 0x00, 0x00, 0x00, 0x00, 0x00, 0x00, 0x01, 0xF8,
    0x01, 0xFF, 0x01, 0xFF, 0xC1, 0xFF, 0xE0, 0xFF, 0xF8, 0xFC, 0x7C, 0x7C, 0x1F, 0x3C, 0x07, 0x9E,
    0x03, 0xCF, 0x81, 0xE7, 0xE0, 0xF1, 0xFF, 0xF8, 0xFF, 0xFC, 0x3F, 0xFE, 0x07, 0xFF, 0x00, 0x0F,
    0x80, 0x0F, 0x80, 0x0F, 0xC0, 0x1F, 0xC0, 0x7F, 0xE3, 0xFF, 0xE1, 0xFF, 0xC0, 0xFF, 0xC0, 0x3F,
    0x80, 0x1E, 0x00, 0x00, 0x00, 0x00, 0x06, 0x18, 0x07, 0x9E, 0x03, 0xCF, 0x01, 0xE7, 0x80, 0x61,
    0x80, 0x00, 0x00, 0x00, 0x00, 0x00, 0x00, 0x03, 0xF0, 0x03, 0xFE, 0x03, 0xFF, 0x83, 0xFF, 0xC1,
    0xFF, 0xF1, 0xF8, 0xF8, 0xF8, 0x3E, 0x78, 0x1F, 0x3C, 0x07, 0x9F, 0x03, 0xCF, 0xC3, 0xE3, 0xFF,
    0xF1, 0xFF, 0xF8, 0x7F, 0xFC, 0x0F, 0xFE, 0x00, 0x1F, 0x00, 0x1F, 0x00, 0x1F, 0x80, 0x3F, 0x80,
    0xFF, 0xC7, 0xFF, 0xC3, 0xFF, 0x81, 0xFF, 0x80, 0x7F, 0x00, 0x3C, 0x00, 0x00, 0x00, 0x00, 0x00,
    0xE0, 0x00, 0xF0, 0x00, 0x78, 0x00, 0x1C, 0x00, 0x00, 0x00, 0x70, 0xE0, 0x3C, 0x78, 0x1E, 0x3C,
    0x0E, 0x1C, 0x00, 0x00, 0x00, 0x00, 0x00, 0x00, 0x00, 0x3F, 0x00, 0x3F, 0xE0, 0x3F, 0xF8, 0x3F,
    0xFC, 0x1F, 0xFF, 0x1F, 0x8F, 0x8F, 0x83, 0xE7, 0x80, 0xF3, 0xC0, 0x79, 0xF0, 0x3C, 0xFC, 0x1E,
    0x3F, 0xFF, 0x1F, 0xFF, 0x87, 0xFF, 0xC0, 0xFF, 0xE0, 0x01, 0xF0, 0x01, 0xF0, 0x01, 0xF8, 0x03,
    0xF8, 0x0F, 0xFC, 0x7F, 0xFC, 0x3F, 0xF8, 0x1F, 0xF8, 0x07, 0xF0, 0x03, 0xC0, 0x00, 0x00, 0x00,
    0x00, 0x00, 0x3F, 0x00, 0x00, 0x1F, 0xF0, 0x00, 0x07, 0xFF, 0x00, 0x01, 0xFF, 0xE0, 0x00, 0x7F,
    0xF8, 0x00, 0x0F, 0xC7, 0x00, 0x03, 0xE0, 0x40, 0x00, 0x7C, 0x00, 0x00, 0x0F, 0x00, 0x0F, 0x01,
    0xF0, 0x01, 0xE0, 0x3F, 0xC0, 0x3C, 0x07, 0xFF, 0x0F, 0x80, 0x7F, 0xF9, 0xE0, 0x07, 0xFF, 0x3C,
    0x00, 0x7F, 0xF7, 0x80, 0x00, 0xFE, 0xF0, 0x00, 0x07, 0xDF, 0x00, 0x00, 0x7B, 0xE0, 0x00, 0x1F,
    0x7E, 0x00, 0x07, 0xE7, 0xF8, 0x0F, 0xF8, 0xFF, 0xFF, 0xFE, 0x0F, 0xFF, 0xFF, 0xC0, 0xFF, 0xFF,
    0xE0, 0x0F, 0xFF, 0xF8, 0x00, 0x3F, 0xF8, 0x00, 0x00, 0x00, 0x03, 0xF0, 0x00, 0x00, 0x1F, 0xF0,
    0x00, 0x00, 0x7F, 0xF0, 0x00, 0x01, 0xFF, 0xE0, 0x00, 0x07, 0xFF, 0x80, 0x00, 0x0F, 0xC7, 0x00,
    0x00, 0x3E, 0x04, 0x00, 0x00, 0x7C, 0x00, 0x00, 0x00, 0xF0, 0x00, 0x1F, 0x01, 0xF0, 0x00, 0x7E,
    0x03, 0xFC, 0x07, 0xFC, 0x07, 0xFF, 0x0F, 0xF8, 0x07, 0xFF, 0x8F, 0xE0, 0x07, 0xFF, 0x03, 0xC0,
    0x07, 0xFF, 0x07, 0x80, 0x00, 0xFE, 0x0F, 0x00, 0x00, 0x7C, 0x1F, 0x00, 0x00, 0x78, 0x3E, 0x00,
    0x01, 0xF0, 0x7E, 0x00, 0x0F, 0xE0, 0x7F, 0x80, 0xFF, 0x80, 0xFF, 0xFF, 0xFE, 0x00, 0xFF, 0xFF,
    0xFC, 0x00, 0xFF, 0xFF, 0xE0, 0x00, 0xFF, 0xFF, 0x80, 0x00, 0x3F, 0xF8, 0x00, 0x00, 0x00, 0x00,
    0x0C, 0x60, 0x07, 0xE3, 0x9C, 0x03, 0xFE, 0x3F, 0x80, 0xFF, 0xE7, 0xE0, 0x3F, 0xFC, 0x7C, 0x0F,
    0xFF, 0x0F, 0x01, 0xF8, 0xE0, 0xC0, 0x7C, 0x08, 0x00, 0x0F, 0x80, 0x00, 0x01, 0xE0, 0x01, 0xE0,
    0x3E, 0x00, 0x3C, 0x07, 0xF8, 0x07, 0x80, 0xFF, 0xE1, 0xF0, 0x0F, 0xFF, 0x3C, 0x00, 0xFF, 0xE7,
    0x80, 0x0F, 0xFE, 0xF0, 0x00, 0x1F, 0xDE, 0x00, 0x00, 0xFB, 0xE0, 0x00, 0x0F, 0x7C, 0x00, 0x03,
    0xEF, 0xC0, 0x00, 0xFC, 0xFF, 0x01, 0xFF, 0x1F, 0xFF, 0xFF, 0xC1, 0xFF, 0xFF, 0xF8, 0x1F, 0xFF,
    0xFC, 0x01, 0xFF, 0xFF, 0x00, 0x07, 0xFF, 0x00, 0x00, 0x00, 0xE0, 0x00, 0xF8, 0x00, 0x7C, 0x00,
    0x3E, 0x00, 0x0E, 0x00, 0x00, 0x00, 0x00, 0x00, 0x00, 0x00, 0x03, 0xF0, 0x03, 0xFE, 0x03, 0xFF,
    0x83, 0xFF, 0xC1, 0xFF, 0xF1, 0xF8, 0xF8, 0xF8, 0x3E, 0x78, 0x0F, 0x3C, 0x07, 0x9F, 0x03, 0xCF,
    0xC1, 0xE3, 0xFF, 0xF1, 0xFF, 0xF8, 0x7F, 0xFC, 0x0F, 0xFE, 0x00, 0x1F, 0x00, 0x1F, 0x00, 0x1F,
    0x80, 0x3F, 0x80, 0xFF, 0xC7, 0xFF, 0xC3, 0xFF, 0x81, 0xFF, 0x80, 0x7F, 0x00, 0x3C, 0x00, 0x00,
    0x00, 0x00, 0x00, 0x00, 0x3F, 0x00, 0x00, 0x1F, 0xF0, 0x00, 0x07, 0xFF, 0x00, 0x01, 0xFF, 0xE0,
    0x00, 0x7F, 0xF8, 0x00, 0x0F, 0xC7, 0x00, 0x03, 0xE0, 0x40, 0x00, 0x7C, 0x00, 0x00, 0x0F, 0x00,
    0x0F, 0x01, 0xF0, 0x01, 0xE0, 0x3F, 0xC0, 0x3C, 0x07, 0xFF, 0x0F, 0x80, 0x7F, 0xF9, 0xE0, 0x07,
    0xFF, 0x3C, 0x00, 0x7F, 0xF7, 0x80, 0x00, 0xFE, 0xF0, 0x00, 0x07, 0xDF, 0x00, 0x00, 0x7B, 0xE0,
    0x00, 0x1F, 0x7E, 0x00, 0x07, 0xE7, 0xF8, 0x0F, 0xF8, 0xFF, 0xFF, 0xFE, 0x0F, 0xFF, 0xFF, 0xC0,
    0xFF, 0xFF, 0xE0, 0x0F, 0xFF, 0xF8, 0x00, 0x3F, 0xF8, 0x00, 0x00, 0x00, 0x00, 0x00, 0x0C, 0x00,
    0x00, 0x03, 0xC0, 0x00, 0x00, 0x78, 0x00, 0x00, 0x0F, 0x00, 0x00, 0x00, 0xC0, 0x00, 0x00, 0x00,
    0x00, 0x00, 0x03, 0x00, 0x00, 0x00, 0xF0, 0x00, 0x00, 0x1E, 0x00, 0x00, 0x03, 0xC0, 0x00, 0x00,
    0x30, 0x00, 0x00, 0x00, 0x00, 0x00, 0x00, 0x00, 0x07, 0xE0, 0x00, 0x03, 0xFE, 0x00, 0x00, 0xFF,
    0xE0, 0x00, 0x3F, 0xFC, 0x00, 0x0F, 0xFF, 0x00, 0x03, 0xF8, 0xC0, 0x00, 0x7C, 0x00, 0x00, 0x0F,
    0x80, 0x04, 0x01, 0xE0, 0x01, 0xE0, 0x3F, 0x00, 0x3C, 0x07, 0xFC, 0x07, 0x80, 0x7F, 0xF1, 0xE0,
    0x0F, 0xFF, 0x3C, 0x00, 0x7F, 0xF7, 0x80, 0x03, 0xFE, 0xF0, 0x00, 0x07, 0xDF, 0x00, 0x00, 0x7B,
    0xE0, 0x00, 0x1F, 0x7E, 0x00, 0x07, 0xE7, 0xF0, 0x0F, 0xF8, 0xFF, 0xFF, 0xFF, 0x0F, 0xFF, 0xFF,
    0xC0, 0xFF, 0xFF, 0xF0, 0x0F, 0xFF, 0xF8, 0x00, 0x7F, 0xF8, 0x00, 0x00, 0x00, 0x00, 0x00, 0x00,
    0x00, 0x00, 0x00, 0x00, 0x00, 0x03, 0x87, 0x00, 0x00, 0xF1, 0xE0, 0x00, 0x1E, 0x3C, 0x00, 0x01,
    0xC3, 0x80, 0x00, 0x00, 0x00, 0x00, 0x00, 0xE0, 0x00, 0x00, 0x1E, 0x00, 0x00, 0x03, 0xC0, 0x00,
    0x00, 0x70, 0x00, 0x00, 0x00, 0x00, 0x00, 0x00, 0x00, 0x00, 0x00, 0x60, 0x00, 0x00, 0x00, 0x00,
    0x78, 0x00, 0x00, 0x00, 0x00, 0x3F, 0x00, 0x00, 0x00, 0x00, 0x3F, 0x00, 0x00, 0x00, 0x00, 0x3F,
    0x80, 0x00, 0x00, 0x00, 0x7F, 0x80, 0x00, 0x00, 0x00, 0xFF, 0x80, 0x00, 0x00, 0x03, 0xFF, 0x80,
    0x00, 0x00, 0x07, 0xFF, 0x80, 0x00, 0x00, 0x0F, 0xFF, 0x00, 0x00, 0x00, 0x0F, 0xFE, 0x00, 0x00,
    0x00, 0x07, 0xF8, 0x00, 0x00, 0x00, 0x07, 0xC0, 0x00, 0x00, 0x00, 0x03, 0xC0, 0x00, 0x00, 0x00,
    0x01, 0xF0, 0x00, 0x00, 0x00, 0x00, 0xFF, 0xFF, 0xFF, 0xFF, 0xFF, 0x7F, 0xFF, 0xFF, 0xFF, 0xFF,
    0xDF, 0xFF, 0xFF, 0xFF, 0xFF, 0xE7, 0xFF, 0xFF, 0xFF, 0xFF, 0xF0, 0xFF, 0xFF, 0xFF, 0xFF, 0xF8,
    0x00, 0x78, 0x00, 0x00, 0x00, 0x00, 0x7E, 0x00, 0x00, 0x00, 0x00, 0x7F, 0x00, 0x00, 0x00, 0x00,
    0x39, 0x00, 0x00, 0x00, 0x00, 0x1C, 0x00, 0x00, 0x00, 0x00, 0x07, 0xE0, 0x00, 0x00, 0x00, 0x0F,
    0xF8, 0x00, 0x00, 0x00, 0x07, 0xFC, 0x00, 0x00, 0x00, 0x03, 0xC0, 0x00, 0x00, 0x00, 0x00, 0x00,
    0x00, 0x00, 0x00, 0x00, 0x00, 0x30, 0x00, 0x00, 0x00, 0x00, 0x3C, 0x00, 0x00, 0x00, 0x00, 0x1F,
    0x00, 0x00, 0x00, 0x00, 0x1F, 0x80, 0x00, 0x00, 0x00, 0x1F, 0x80, 0x00, 0x00, 0x00, 0x3F, 0xC0,
    0x00, 0x00, 0x00, 0x7F, 0xC0, 0x00, 0x00, 0x01, 0xFF, 0xC0, 0x00, 0x00, 0x03, 0xFF, 0xC0, 0x00,
    0x00, 0x07, 0xFF, 0x80, 0x00, 0x00, 0x07, 0xFF, 0x00, 0x00, 0x00, 0x03, 0xF8, 0x00, 0x00, 0x00,
    0x03, 0xE0, 0x00, 0x00, 0x00, 0x01, 0xE0, 0x00, 0x00, 0x00, 0x00, 0xF8, 0x00, 0x00, 0x00, 0x00,
    0x7F, 0xFF, 0xFF, 0xFF, 0xFF, 0xBF, 0xFF, 0xFF, 0xFF, 0xFF, 0xCF, 0xFF, 0xFF, 0xFF, 0xFF, 0xE3,
    0xFF, 0xFF, 0xFF, 0xFF, 0xF8, 0x7F, 0xFF, 0xFF, 0xFF, 0xFC, 0x00, 0x3F, 0xFF, 0xFF, 0xFF, 0x7F,
    0xDF, 0xF0, 0x00, 0x80, 0x00, 0xF0, 0x00, 0xFC, 0x01, 0xFF, 0x01, 0xFF, 0xC1, 0xFF, 0xE0, 0xFD,
    0xF8, 0xF8, 0x7C, 0x78, 0x1F, 0x7C, 0x0F, 0xBE, 0x03, 0xDE, 0x01, 0xEF, 0x00, 0xF7, 0x80, 0x7B,
    0xE0, 0x7D, 0xF0, 0x3E, 0xFE, 0x3F, 0x3F, 0xFF, 0x1F, 0xFF, 0x87, 0xFF, 0x81, 0xFF, 0x80, 0x3F,
    0x00, 0x06, 0x00, 0x07, 0x80, 0x03, 0xC0, 0x03, 0xF0, 0x01, 0xFC, 0x01, 0xCE, 0x00, 0x62, 0x00,
    0x00, 0x00, 0x00, 0x00, 0x00, 0x40, 0x00, 0x70, 0x00, 0x7C, 0x00, 0x7F, 0x00, 0x1F, 0xC0, 0x07,
    0xE0, 0x01, 0xF8, 0x00, 0x7E, 0x00, 0x1F, 0x00, 0x0F, 0xC0, 0x03, 0xE0, 0x01, 0xF0, 0x00, 0x78,
    0x00, 0x3C, 0x00, 0x3E, 0x20, 0x7F, 0x3F, 0xFF, 0x9F, 0xFF, 0x8F, 0xFF, 0x8F, 0xFF, 0x83, 0xFF,
    0x00, 0x08, 0x0E, 0x0F, 0x8F, 0xE7, 0xF1, 0xF0, 0x70, 0x10, 0x79, 0xF1, 0xE3, 0xC7, 0xCF, 0x8F,
    0x1E, 0x3C, 0x78, 0xF1, 0xE3, 0xC7, 0x8F, 0x1E, 0x3C, 0x78, 0xF1, 0xE3, 0xC7, 0x8F, 0x1E, 0x00,
    0x00, 0x3C, 0x07, 0xBE, 0x03, 0xCF, 0x01, 0xE7, 0xC0, 0xF3, 0xE0, 0xF9, 0xF0, 0x7C, 0x7C, 0x7E,
    0x3F, 0xFE, 0x1F, 0xFF, 0x0F, 0xFF, 0x87, 0xFF, 0x83, 0xDF, 0x01, 0xE0, 0x00, 0xF0, 0x00, 0x78,
    0x00, 0x3C, 0x00, 0x1E, 0x00, 0x0F, 0x00, 0x07, 0x80, 0x03, 0xC0, 0x01, 0xE0, 0x00, 0xF0, 0x00,
    0x78, 0x00, 0x3C, 0x00, 0x00, 0x78, 0x78, 0x7F, 0xC3, 0xC3, 0xDE, 0x1E, 0x1E, 0xF0, 0xF0, 0xF7,
    0xCF, 0x8F, 0xBE, 0x7C, 0x7C, 0xF3, 0xE7, 0xE7, 0xFF, 0xFE, 0x3F, 0xFF, 0xF1, 0xFF, 0xFF, 0x0F,
    0xFB, 0xF8, 0x7F, 0x8F, 0x83, 0xC0, 0x00, 0x1E, 0x00, 0x00, 0xF0, 0x00, 0x07, 0x80, 0x00, 0x3C,
    0x00, 0x01, 0xE0, 0x00, 0x0F, 0x00, 0x00, 0x78, 0x00, 0x03, 0xC0, 0x00, 0x1E, 0x00, 0x00, 0xF0,
    0x00, 0x07, 0x80, 0x00, 0x10, 0x3F, 0x3E, 0x3F, 0xF7, 0x8F, 0xF9, 0xF7, 0xFE, 0x7D, 0xF1, 0x1F,
    0x78, 0x07, 0xDF, 0x00, 0xF3, 0xE6, 0x3F, 0xFF, 0xCF, 0xFF, 0xF3, 0xFF, 0xFC, 0xFF, 0xFF, 0x3C,
    0x00, 0x0F, 0x00, 0x03, 0xC0, 0x00, 0xF0, 0x00, 0x3C, 0x00, 0x0F, 0x00, 0x03, 0xC0, 0x00, 0xF0,
    0x00, 0x3C, 0x00, 0x0F, 0x00, 0x03, 0xC0, 0x00, 0xF0, 0x00, 0x01, 0x80, 0x00, 0x70, 0x00, 0x3E,
    0x00, 0x1F, 0xC0, 0x0F, 0xF8, 0x03, 0xFF, 0x01, 0xF7, 0xC0, 0xF8, 0xF8, 0x3C, 0x3E, 0x1F, 0x07,
    0xC7, 0x80, 0xF1, 0xE0, 0x3E, 0xF8, 0x0F, 0xBE, 0x01, 0xEF, 0x00, 0x7B, 0xC0, 0x1E, 0xF1, 0xC7,
    0xBC, 0x71, 0xEF, 0x1C, 0x7B, 0xEF, 0xBE, 0xFF, 0xFF, 0x9F, 0xFF, 0xE7, 0xFF, 0xF0, 0xFD, 0xFC,
    0x1E, 0x3C, 0x00, 0x00, 0x00, 0x01, 0xFC, 0x01, 0xFF, 0x81, 0xFF, 0xE1, 0xFF, 0xE1, 0xFF, 0xE0,
    0xFC, 0x70, 0x7C, 0x00, 0x3C, 0x00, 0x1F, 0x00, 0x0F, 0x82, 0x03, 0xF3, 0xC0, 0xFF, 0xF0, 0x3F,
    0xF0, 0x0F, 0xF0, 0x03, 0xF8, 0x01, 0xF8, 0x01, 0xF8, 0x01, 0xF8, 0x00, 0xFC, 0x00, 0xFC, 0x00,
    0xFC, 0x00, 0xFC, 0x00, 0xFC, 0x00, 0x7E, 0x00, 0x0E, 0x00, 0x00, 0x00, 0x00, 0x00, 0x00, 0x03,
    0xC0, 0x0F, 0xBF, 0x00, 0x7C, 0xF8, 0x07, 0xE7, 0xC0, 0x3E, 0x3E, 0x01, 0xF0, 0xF8, 0x0F, 0x87,
    0xC0, 0xF8, 0x3E, 0x07, 0xC0, 0xF8, 0x3E, 0x07, 0xC3, 0xE0, 0x3E, 0x1F, 0x00, 0xF0, 0xF8, 0x07,
    0xC7, 0x80, 0x3E, 0x7C, 0x00, 0xF3, 0xE0, 0x07, 0x9E, 0x00, 0x3E, 0xF0, 0x00, 0xFF, 0x80, 0x07,
    0xF8, 0x00, 0x3F, 0xC0, 0x00, 0xFE, 0x00, 0x07, 0xE0, 0x00, 0x3F, 0x00, 0x01, 0xF8, 0x00, 0x00,
    0xF8, 0x00, 0x0F, 0xC0, 0x00, 0x7F, 0x00, 0x03, 0xF8, 0x00, 0x3F, 0xC0, 0x01, 0xFF, 0x00, 0x0F,
    0xF8, 0x00, 0xFB, 0xC0, 0x07, 0xDF, 0x00, 0x3C, 0xF8, 0x03, 0xE3, 0xC0, 0x1F, 0x1E, 0x00, 0xF0,
    0xF8, 0x0F, 0x87, 0xC0, 0x7C, 0x1E, 0x03, 0xE0, 0xF8, 0x3E, 0x07, 0xC1, 0xF0, 0x3E, 0x0F, 0x80,
    0xF8, 0xFC, 0x07, 0xC7, 0xC0, 0x3E, 0x3E, 0x01, 0xFB, 0xF0, 0x07, 0xCF, 0x00, 0x3E, 0x00, 0x00,
    0x00, 0x00, 0x00, 0x03, 0xF0, 0x03, 0xFF, 0x00, 0xFF, 0xE0, 0x7F, 0xFC, 0x3F, 0xFF, 0x0F, 0xC7,
    0xE3, 0xE0, 0xF8, 0xF0, 0x1E, 0x3E, 0x07, 0x8F, 0xE1, 0xE3, 0xFF, 0xF8, 0x7F, 0xFE, 0x0F, 0xFF,
    0x81, 0xFF, 0xE0, 0x0F, 0xF8, 0x00, 0x1E, 0x00, 0x07, 0x80, 0x01, 0xF0, 0x00, 0x7C, 0x00, 0x1F,
    0x00, 0x07, 0xC0, 0x01, 0xF0, 0x00, 0x3E, 0x00, 0x0F, 0x80, 0x03, 0xE0, 0x00, 0x00, 0x00, 0x00,
    0x00, 0x07, 0x00, 0x00, 0x00, 0x00, 0x00, 0xF0, 0x00, 0x00, 0x00, 0x00, 0x1E, 0x00, 0x00, 0x00,
    0x00, 0x03, 0x80, 0x00, 0x00, 0x00, 0x00, 0x00, 0x00, 0x00, 0x00, 0x00, 0x71, 0xC0, 0x00, 0x00,
    0x00, 0x1E, 0x3C, 0x00, 0x00, 0x00, 0x03, 0xC7, 0x80, 0x00, 0x00, 0x00, 0x38, 0xE0, 0x00, 0x00,
    0x00, 0x00, 0x00, 0x38, 0x00, 0x00, 0x00, 0x00, 0x1F, 0x00, 0x00, 0x00, 0x00, 0x01, 0xE0, 0x00,
    0x01, 0x80, 0x78, 0x3E, 0x00, 0x00, 0xF0, 0x0F, 0x07, 0xC0, 0x00, 0x3E, 0x01, 0xE0, 0xF8, 0x00,
    0x07, 0xE0, 0x3C, 0x0F, 0x00, 0x00, 0x7C, 0x07, 0x81, 0xE4, 0x00, 0x0F, 0x80, 0xF0, 0x3D, 0xE0,
    0x01, 0xF8, 0x3F, 0x0F, 0xBC, 0x00, 0x3F, 0x8F, 0xF1, 0xF7, 0x80, 0x03, 0xFF, 0xFF, 0xFF, 0xF0,
    0x00, 0x7F, 0xFF, 0xFF, 0xBC, 0x00, 0x0F, 0xFF, 0xFF, 0xF7, 0x80, 0x01, 0xFF, 0xE7, 0xFC, 0xF0,
    0x00, 0x3D, 0xF8, 0x7E, 0x1E, 0x00, 0x07, 0x80, 0x00, 0x03, 0xE0, 0x01, 0xF0, 0x00, 0x00, 0x7C,
    0x00, 0x3E, 0x00, 0x00, 0x0F, 0xC0, 0x0F, 0xC0, 0x30, 0x00, 0xFE, 0x07, 0xF0, 0x0F, 0x00, 0x1F,
    0xFF, 0xFE, 0x01, 0xE0, 0x01, 0xFF, 0xFF, 0x80, 0x3C, 0x00, 0x3F, 0xFF, 0xE0, 0x03, 0x00, 0x01,
    0xFF, 0xF8, 0x00, 0x00, 0x00, 0x0F, 0xF8, 0x00, 0x00, 0x00, 0x00, 0x00, 0x00, 0x00, 0x00, 0x0E,
    0x00, 0x00, 0x00, 0x00, 0x00, 0x1F, 0x00, 0x00, 0x00, 0x00, 0x00, 0x1F, 0x00, 0x00, 0x00, 0x00,
    0x00, 0x1F, 0x00, 0x00, 0x00, 0x00, 0x00, 0x0E, 0x00, 0x00, 0x00, 0x00, 0x00, 0x00, 0x00, 0x00,
    0x00, 0x00, 0x00, 0x00, 0x00, 0x00, 0x00, 0x00, 0x00, 0x1F, 0xC0, 0x00, 0x00, 0x00, 0x00, 0x7F,
    0xF0, 0x00, 0x00, 0x00, 0x00, 0xFF, 0xF8, 0x00, 0x00, 0x00, 0x03, 0xFF, 0xFC, 0x00, 0x00, 0x00,
    0x07, 0xFF, 0xFC, 0x00, 0x00, 0x10, 0x07, 0xF8, 0x7E, 0x00, 0x00, 0x78, 0x0F, 0xC0, 0x3E, 0x00,
    0x00, 0xF8, 0x1F, 0x80, 0x1E, 0x00, 0x00, 0xFC, 0x3F, 0x00, 0x1E, 0x00, 0x00, 0xFC, 0x3E, 0x00,
    0x1E, 0x20, 0x00, 0x7C, 0x7C, 0x00, 0x1E, 0x78, 0x00, 0x7E, 0x7C, 0x00, 0x3E, 0x78, 0x00, 0x7F,
    0xF8, 0x01, 0xFE, 0x78, 0x00, 0x3F, 0xFF, 0xFF, 0xFE, 0xF8, 0x00, 0x3F, 0xFF, 0xFF, 0xFC, 0xF0,
    0x00, 0x3F, 0xFF, 0xFF, 0xF8, 0xF0, 0x00, 0x3F, 0xFF, 0xFF, 0xF0, 0xF0, 0x00, 0x3D, 0xFF, 0xFF,
    0x80, 0xF0, 0x00, 0x3C, 0x00, 0x00, 0x00, 0xF8, 0x00, 0x7C, 0x00, 0x00, 0x00, 0xF8, 0x00, 0x7C,
    0x00, 0x00, 0x00, 0xFC, 0x00, 0xFC, 0x01, 0xC0, 0x00, 0x7F, 0x03, 0xF8, 0x03, 0xE0, 0x00, 0x7F,
    0xFF, 0xF8, 0x03, 0xE0, 0x00, 0x3F, 0xFF, 0xF0, 0x03, 0xE0, 0x00, 0x3F, 0xFF, 0xE0, 0x01, 0xC0,
    0x00, 0x0F, 0xFF, 0xC0, 0x00, 0x00, 0x00, 0x03, 0xFE, 0x00, 0x00, 0x00, 0x00, 0x00, 0xE0, 0x00,
    0x0F, 0x80, 0x00, 0x7C, 0x00, 0x03, 0xE0, 0x00, 0x0E, 0x00, 0x00, 0x00, 0x00, 0x00, 0x00, 0x00,
    0x3F, 0x80, 0x07, 0xFE, 0x00, 0x7F, 0xF0, 0x07, 0xFF, 0x80, 0x7F, 0xF8, 0x03, 0xF0, 0xC0, 0x1F,
    0x00, 0x00, 0xF0, 0x00, 0x07, 0x80, 0x00, 0x3C, 0x00, 0x01, 0xF0, 0x00, 0x07, 0xC7, 0xE0, 0x1F,
    0xFF, 0x80, 0x7F, 0xFC, 0x03, 0xFF, 0xE0, 0x7F, 0xFE, 0x07, 0xF8, 0x00, 0x7F, 0x00, 0x03, 0xE0,
    0x00, 0x3E, 0x00, 0x01, 0xF0, 0x70, 0x0F, 0x07, 0xC0, 0x78, 0x3E, 0x03, 0xC1, 0xF0, 0x1F, 0x07,
    0x00, 0xF8, 0x00, 0x07, 0xE0, 0x01, 0x1F, 0xE0, 0x7C, 0xFF, 0xFF, 0xE3, 0xFF, 0xFF, 0x8F, 0xFF,
    0xFC, 0x1F, 0xFF, 0xC0, 0x3F, 0xF0, 0x03, 0xF8, 0x0F, 0xFC, 0x1F, 0xFC, 0x3F, 0xF8, 0x3F, 0x18,
    0x3E, 0x00, 0x3C, 0x00, 0x3E, 0x00, 0x1E, 0x00, 0x0F, 0xFE, 0xFF, 0xFE, 0xFF, 0xFE, 0xFF, 0xFE,
    0xFF, 0xFF, 0xFF, 0xFC, 0x00, 0x00, 0x00, 0x10, 0x1C, 0x70, 0x1C, 0x70, 0x1C, 0x70, 0x1C, 0x70,
    0x1C, 0x70, 0x1C, 0x70, 0x1C, 0x70, 0x00, 0x00, 0x00, 0x07, 0xC0, 0x00, 0x7F, 0x80, 0x03, 0xFF,
    0x00, 0x1F, 0xFE, 0x00, 0x7F, 0xF8, 0x03, 0xF3, 0xF0, 0x0F, 0x07, 0xC0, 0x7C, 0x1F, 0x1F, 0xE0,
    0x3C, 0xFF, 0x80, 0xF7, 0xFC, 0x03, 0xDF, 0xFC, 0x1F, 0xFF, 0xFC, 0xFF, 0xE7, 0xFF, 0xFF, 0x87,
    0xFF, 0xBC, 0x0F, 0xFE, 0xF0, 0x0F, 0xF3, 0xC0, 0x1F, 0x8F, 0x00, 0x00, 0x3C, 0x00, 0x00, 0xF8,
    0xE3, 0x83, 0xE3, 0x8E, 0x0F, 0x8E, 0x38, 0x3E, 0x38, 0xE0, 0xF8, 0xE3, 0x83, 0xE3, 0x8E, 0x07,
    0xCE, 0x38, 0x1F, 0x38, 0xE0, 0x7C, 0x00, 0x01, 0xF0, 0x00, 0x00, 0x00, 0x00, 0x00, 0x00, 0x01,
    0x80, 0x00, 0x00, 0xE0, 0x00, 0x00, 0xF8, 0x00, 0x00, 0x7C, 0x00, 0x00, 0x77, 0x00, 0x00, 0x7B,
    0x80, 0x00, 0x08, 0x80, 0x03, 0x00, 0x00, 0x03, 0xE0, 0x00, 0x01, 0xF8, 0x00, 0x01, 0xFF, 0x00,
    0x00, 0x7F, 0xE0, 0x00, 0x3F, 0xF8, 0x00, 0x3F, 0xFF, 0x00, 0x1F, 0xFF, 0xC0, 0x1E, 0x0F, 0xF0,
    0x0E, 0x03, 0xFC, 0x07, 0x01, 0xFF, 0x03, 0x80, 0xEF, 0xC1, 0xE0, 0xF3, 0xE0, 0xF0, 0x79, 0xF0,
    0x3E, 0xF8, 0x78, 0x1F, 0xFC, 0x3D, 0xFF, 0xFC, 0x3E, 0xFF, 0xFF, 0xFF, 0x3F, 0xFF, 0xFF, 0x1F,
    0xFF, 0xFF, 0x8F, 0xF3, 0xFF, 0x80, 0x00, 0x7F, 0x00, 0x00, 0x00, 0x00, 0x38, 0xE0, 0x00, 0x00,
    0x00, 0x07, 0xBC, 0x00, 0x00, 0x00, 0x00, 0xF7, 0x80, 0x00, 0x00, 0x00, 0x1C, 0x70, 0x00, 0x00,
    0x00, 0x00, 0x00, 0x00, 0x00, 0x00, 0x00, 0x71, 0xC0, 0x00, 0x00, 0x00, 0x0F, 0x78, 0x00, 0x00,
    0x00, 0x01, 0xEF, 0x00, 0x00, 0x00, 0x00, 0x38, 0xE0, 0xC0, 0x00, 0x00, 0x00, 0x00, 0xF8, 0x00,
    0x00, 0x00, 0x00, 0x1F, 0x00, 0x00, 0x00, 0x03, 0xC1, 0xF0, 0x00, 0x07, 0x80, 0x78, 0x3E, 0x00,
    0x01, 0xF0, 0x0F, 0x07, 0xC0, 0x00, 0x3E, 0x01, 0xE0, 0x78, 0x00, 0x07, 0xE0, 0x3C, 0x0F, 0x20,
    0x00, 0x7C, 0x07, 0x81, 0xEF, 0x00, 0x0F, 0xC1, 0xF8, 0x7D, 0xE0, 0x01, 0xFC, 0x7F, 0x8F, 0xBC,
    0x00, 0x1F, 0xFF, 0xFF, 0xFF, 0x80, 0x03, 0xFF, 0xFF, 0xFD, 0xE0, 0x00, 0x7F, 0xFF, 0xFF, 0xBC,
    0x00, 0x0F, 0xFF, 0x3F, 0xE7, 0x80, 0x01, 0xEF, 0xC3, 0xF0, 0xF0, 0x00, 0x3C, 0x00, 0x00, 0x1F,
    0x00, 0x0F, 0x80, 0x00, 0x03, 0xE0, 0x01, 0xF0, 0x00, 0x00, 0x7E, 0x00, 0x7E, 0x00, 0x00, 0x07,
    0xF0, 0x3F, 0x80, 0x00, 0x00, 0xFF, 0xFF, 0xF0, 0x00, 0x00, 0x0F, 0xFF, 0xFC, 0x00, 0x00, 0x01,
    0xFF, 0xFF, 0x00, 0x00, 0x00, 0x0F, 0xFF, 0xC0, 0x00, 0x00, 0x00, 0x7F, 0xC0, 0x00, 0x00, 0x00,
    0x01, 0xE0, 0x03, 0xFF, 0x80, 0xFF, 0xF8, 0x1F, 0xFF, 0x83, 0xFF, 0xF8, 0x00, 0x3F, 0x00, 0x07,
    0xE0, 0x00, 0xFC, 0x07, 0xFF, 0x83, 0xFF, 0xF0, 0xFF, 0xFE, 0x3F, 0x8F, 0xCF, 0xC1, 0xF9, 0xF8,
    0x3F, 0x3F, 0x07, 0xE7, 0xE0, 0xFC, 0xFC, 0x3F, 0x9F, 0xFF, 0xF9, 0xFF, 0xFF, 0x3F, 0xF3, 0xE1,
    0xFC, 0x3C, 0x0E, 0x00, 0x00, 0x00, 0x00, 0x0F, 0x00, 0x03, 0xF0, 0x00, 0x7E, 0x00, 0x0F, 0xC0,
    0x01, 0xF8, 0x00, 0x1E, 0x00, 0x00, 0x7E, 0x00, 0x00, 0xFF, 0x00, 0x00, 0xFF, 0x80, 0x00, 0x07,
    0x80, 0x00, 0x0F, 0x80, 0x00, 0x3F, 0x00, 0x00, 0x3C, 0x00, 0x00, 0x38, 0x00, 0x00, 0x00, 0x00,
    0x00, 0x00, 0x00, 0x00, 0x00, 0x00, 0x00, 0xFE, 0x00, 0x00, 0xFF, 0x00, 0x01, 0xFF, 0x00, 0x01,
    0xFF, 0x00, 0x01, 0xFF, 0x80, 0x01, 0xFF, 0x80, 0x03, 0xEF, 0x80, 0x03, 0xEF, 0xC0, 0x03, 0xE7,
    0xC0, 0x07, 0xE7, 0xC0, 0x07, 0xC7, 0xE0, 0x07, 0xC7, 0xE0, 0x0F, 0xC3, 0xE0, 0x0F, 0xC3, 0xE0,
    0x0F, 0x83, 0xF0, 0x0F, 0x83, 0xF0, 0x1F, 0x83, 0xF0, 0x1F, 0xFF, 0xF8, 0x1F, 0xFF, 0xF8, 0x3F,
    0xFF, 0xF8, 0x3F, 0xFF, 0xFC, 0x3F, 0x00, 0xFC, 0x3E, 0x00, 0xFC, 0x7E, 0x00, 0x7E, 0x7E, 0x00,
    0x7E, 0x7E, 0x00, 0x7E, 0xFC, 0x00, 0x7F, 0x01, 0xF0, 0x00, 0xFF, 0x00, 0x0F, 0xF0, 0x00, 0x1E,
    0x00, 0x03, 0xC0, 0x03, 0xF8, 0x00, 0x7E, 0x00, 0x0E, 0x00, 0x01, 0xC0, 0x00, 0x38, 0x00, 0x00,
    0x00, 0x00, 0x00, 0x00, 0x1E, 0x00, 0x3F, 0xF8, 0x0F, 0xFF, 0x81, 0xFF, 0xF8, 0x3F, 0xFF, 0x80,
    0x03, 0xF0, 0x00, 0x7E, 0x00, 0x0F, 0xC0, 0x7F, 0xF8, 0x3F, 0xFF, 0x0F, 0xFF, 0xE3, 0xF8, 0xFC,
    0xFC, 0x1F, 0x9F, 0x83, 0xF3, 0xF0, 0x7E, 0x7E, 0x0F, 0xCF, 0xC3, 0xF9, 0xFF, 0xFF, 0x9F, 0xFF,
    0xF3, 0xFF, 0xBE, 0x1F, 0xE3, 0xC0, 0xE0, 0x00, 0x00, 0x00, 0x00, 0x00, 0x02, 0x00, 0x00, 0x38,
    0x00, 0x01, 0xE0, 0x00, 0x1F, 0x00, 0x01, 0xF0, 0x00, 0x1F, 0x00, 0x3C, 0xF0, 0x03, 0xF3, 0x00,
    0x3F, 0xC0, 0x03, 0xFF, 0x00, 0x3F, 0xFC, 0x03, 0xF3, 0xF0, 0x0E, 0x07, 0x00, 0x20, 0x10, 0x00,
    0x00, 0x00, 0x01, 0xE0, 0x00, 0xFF, 0xE0, 0x0F, 0xFF, 0x80, 0x7F, 0xFE, 0x03, 0xFF, 0xF8, 0x00,
    0x0F, 0xC0, 0x00, 0x7E, 0x00, 0x03, 0xF0, 0x07, 0xFF, 0x80, 0xFF, 0xFC, 0x0F, 0xFF, 0xE0, 0xFE,
    0x3F, 0x0F, 0xC1, 0xF8, 0x7E, 0x0F, 0xC3, 0xF0, 0x7E, 0x1F, 0x83, 0xF0, 0xFC, 0x3F, 0x87, 0xFF,
    0xFE, 0x1F, 0xFF, 0xF0, 0xFF, 0xEF, 0x81, 0xFC, 0x3C, 0x03, 0x80, 0x00, 0x00, 0x00, 0x00, 0x30,
    0x00, 0x00, 0x78, 0x00, 0x00, 0x7C, 0x00, 0x00, 0x3E, 0x00, 0x00, 0x1E, 0x00, 0x00, 0x0F, 0x00,
    0x00, 0x07, 0x3C, 0x00, 0x00, 0xFE, 0x00, 0x01, 0xFF, 0x80, 0x03, 0xFF, 0xC0, 0x07, 0xE7, 0xE0,
    0x03, 0x83, 0xC0, 0x01, 0x00, 0x80, 0x00, 0x00, 0x00, 0x00, 0xFF, 0x00, 0x00, 0xFF, 0x00, 0x00,
    0xFF, 0x00, 0x01, 0xFF, 0x80, 0x01, 0xFF, 0x80, 0x01, 0xFF, 0x80, 0x01, 0xFF, 0x80, 0x03, 0xE7,
    0xC0, 0x03, 0xE7, 0xC0, 0x03, 0xE7, 0xC0, 0x07, 0xE7, 0xE0, 0x07, 0xC3, 0xE0, 0x07, 0xC3, 0xE0,
    0x07, 0xC3, 0xE0, 0x0F, 0xC3, 0xF0, 0x0F, 0x83, 0xF0, 0x0F, 0x81, 0xF0, 0x1F, 0xFF, 0xF8, 0x1F,
    0xFF, 0xF8, 0x1F, 0xFF, 0xF8, 0x3F, 0xFF, 0xFC, 0x3F, 0x00, 0xFC, 0x3F, 0x00, 0xFC, 0x3E, 0x00,
    0xFC, 0x7E, 0x00, 0x7E, 0x7E, 0x00, 0x7E, 0x7E, 0x00, 0x7E, 0x00, 0x00, 0x00, 0x40, 0x00, 0x03,
    0x80, 0x00, 0x1E, 0x00, 0x00, 0x7C, 0x00, 0x00, 0xF8, 0x00, 0x01, 0xF0, 0x00, 0x03, 0xCF, 0x00,
    0x06, 0x7E, 0x00, 0x03, 0xFC, 0x00, 0x1F, 0xF8, 0x00, 0xFF, 0xF0, 0x07, 0xE7, 0xE0, 0x0E, 0x07,
    0x00, 0x10, 0x08, 0x00, 0x00, 0x00, 0x00, 0x3C, 0x00, 0x0F, 0xFE, 0x00, 0x7F, 0xFC, 0x01, 0xFF,
    0xF8, 0x07, 0xFF, 0xF0, 0x00, 0x0F, 0xC0, 0x00, 0x3F, 0x00, 0x00, 0xFC, 0x00, 0xFF, 0xF0, 0x0F,
    0xFF, 0xC0, 0x7F, 0xFF, 0x03, 0xF8, 0xFC, 0x1F, 0x83, 0xF0, 0x7E, 0x0F, 0xC1, 0xF8, 0x3F, 0x07,
    0xE0, 0xFC, 0x1F, 0x87, 0xF0, 0x7F, 0xFF, 0xE0, 0xFF, 0xFF, 0x83, 0xFF, 0xBE, 0x03, 0xF8, 0x78,
    0x03, 0x80, 0x00, 0x00, 0x01, 0xF8, 0x00, 0x03, 0xFC, 0x00, 0x03, 0xFE, 0x00, 0x00, 0x3E, 0x00,
    0x00, 0x1E, 0x00, 0x00, 0x3E, 0x00, 0x00, 0xFC, 0x00, 0x38, 0xF8, 0x00, 0xFC, 0xE0, 0x01, 0xFF,
    0xE0, 0x03, 0xFF, 0x80, 0x07, 0xFF, 0xC0, 0x07, 0xC7, 0xC0, 0x03, 0x01, 0x80, 0x00, 0x00, 0x00,
    0x00, 0xFE, 0x00, 0x00, 0xFE, 0x00, 0x01, 0xFF, 0x00, 0x01, 0xFF, 0x00, 0x01, 0xFF, 0x00, 0x03,
    0xFF, 0x80, 0x03, 0xEF, 0x80, 0x03, 0xEF, 0x80, 0x07, 0xEF, 0xC0, 0x07, 0xCF, 0xC0, 0x07, 0xC7,
    0xC0, 0x07, 0xC7, 0xE0, 0x0F, 0xC7, 0xE0, 0x0F, 0x87, 0xE0, 0x0F, 0x83, 0xF0, 0x1F, 0x83, 0xF0,
    0x1F, 0x83, 0xF0, 0x1F, 0xFF, 0xF0, 0x1F, 0xFF, 0xF8, 0x3F, 0xFF, 0xF8, 0x3F, 0xFF, 0xF8, 0x3E,
    0x01, 0xFC, 0x7E, 0x00, 0xFC, 0x7E, 0x00, 0xFC, 0x7E, 0x00, 0xFE, 0xFC, 0x00, 0x7E, 0xFC, 0x00,
    0x7E, 0x00, 0x0F, 0x80, 0x03, 0xF8, 0x00, 0x7F, 0x80, 0x00, 0xF0, 0x00, 0x1E, 0x00, 0x0F, 0x80,
    0x01, 0xE0, 0x00, 0x38, 0x01, 0xE7, 0x00, 0x7E, 0x00, 0x1F, 0xE0, 0x07, 0xFE, 0x01, 0xFF, 0xE0,
    0x7C, 0x7C, 0x07, 0x03, 0x80, 0x40, 0x20, 0x00, 0x00, 0x00, 0x3C, 0x00, 0x7F, 0xF0, 0x1F, 0xFF,
    0x03, 0xFF, 0xF0, 0x7F, 0xFF, 0x00, 0x07, 0xE0, 0x00, 0xFC, 0x00, 0x1F, 0x80, 0xFF, 0xF0, 0x7F,
    0xFE, 0x1F, 0xFF, 0xC7, 0xF1, 0xF9, 0xF8, 0x3F, 0x3F, 0x07, 0xE7, 0xE0, 0xFC, 0xFC, 0x1F, 0x9F,
    0x87, 0xF3, 0xFF, 0xFF, 0x3F, 0xFF, 0xE7, 0xFF, 0x7C, 0x3F, 0xC7, 0x81, 0xC0, 0x00, 0x00, 0x00,
    0x00, 0xF0, 0x80, 0x3F, 0x3C, 0x0F, 0xFF, 0x83, 0xFF, 0xE0, 0x79, 0xF8, 0x02, 0x1E, 0x00, 0x00,
    0x00, 0x01, 0xE0, 0x00, 0x7E, 0x00, 0x1F, 0xE0, 0x0F, 0xFF, 0x03, 0xF3, 0xF0, 0x7C, 0x3E, 0x06,
    0x01, 0x80, 0x00, 0x00, 0x01, 0xE0, 0x03, 0xFF, 0x80, 0xFF, 0xF8, 0x1F, 0xFF, 0x83, 0xFF, 0xF8,
    0x00, 0x3F, 0x00, 0x07, 0xE0, 0x00, 0xFC, 0x07, 0xFF, 0x83, 0xFF, 0xF0, 0xFF, 0xFE, 0x3F, 0x8F,
    0xCF, 0xC1, 0xF9, 0xF8, 0x3F, 0x3F, 0x07, 0xE7, 0xE0, 0xFC, 0xFC, 0x3F, 0x9F, 0xFF, 0xF9, 0xFF,
    0xFF, 0x3F, 0xFB, 0xE1, 0xFC, 0x3C, 0x0E, 0x00, 0x00, 0x00, 0x3C, 0x00, 0x00, 0x7E, 0x00, 0x00,
    0xFF, 0x00, 0x01, 0xFF, 0x80, 0x03, 0xFF, 0xC0, 0x03, 0xC3, 0xC0, 0x03, 0x81, 0xC0, 0x00, 0x00,
    0x00, 0x00, 0x00, 0x00, 0x00, 0x00, 0x00, 0x00, 0x7E, 0x00, 0x00, 0xFF, 0x00, 0x00, 0xFF, 0x00,
    0x00, 0xFF, 0x00, 0x01, 0xFF, 0x80, 0x01, 0xFF, 0x80, 0x01, 0xEF, 0x80, 0x01, 0xE7, 0x80, 0x03,
    0xE7, 0xC0, 0x03, 0xE7, 0xC0, 0x03, 0xE7, 0xC0, 0x07, 0xC3, 0xE0, 0x07, 0xC3, 0xE0, 0x07, 0xC3,
    0xE0, 0x0F, 0xC3, 0xF0, 0x0F, 0x83, 0xF0, 0x0F, 0xFF, 0xF0, 0x0F, 0xFF, 0xF0, 0x1F, 0xFF, 0xF8,
    0x1F, 0xFF, 0xF8, 0x1F, 0x00, 0xF8, 0x3F, 0x00, 0xFC, 0x3F, 0x00, 0xFC, 0x3E, 0x00, 0xFC, 0x3E,
    0x00, 0x7C, 0x7E, 0x00, 0x7E, 0x7E, 0x00, 0x7E, 0x00, 0x00, 0x00, 0x00, 0x00, 0x00, 0x00, 0x3C,
    0x00, 0x00, 0x7E, 0x00, 0x00, 0x7E, 0x00, 0x00, 0x7E, 0x00, 0x00, 0x7E, 0x00, 0x00, 0x3C, 0x00,
    0x01, 0xE0, 0x00, 0x7E, 0x00, 0x1F, 0xE0, 0x07, 0xFE, 0x01, 0xFF, 0xE0, 0x7E, 0x7E, 0x07, 0x03,
    0x80, 0xC0, 0x30, 0x00, 0x00, 0x00, 0x00, 0x00, 0x00, 0x00, 0x00, 0xF0, 0x01, 0xFF, 0xC0, 0x7F,
    0xFC, 0x0F, 0xFF, 0xC1, 0xFF, 0xFC, 0x00, 0x1F, 0x80, 0x03, 0xF0, 0x00, 0x7E, 0x03, 0xFF, 0xC1,
    0xFF, 0xF8, 0x7F, 0xFF, 0x1F, 0xC7, 0xE7, 0xE0, 0xFC, 0xFC, 0x1F, 0x9F, 0x83, 0xF3, 0xF0, 0x7E,
    0x7E, 0x1F, 0xCF, 0xFF, 0xFC, 0xFF, 0xFF, 0x9F, 0xF9, 0xF0, 0xFE, 0x1E, 0x07, 0x00, 0x00, 0x00,
    0x00, 0x07, 0x80, 0x01, 0xF8, 0x00, 0x3F, 0x00, 0x07, 0xE0, 0x00, 0xFC, 0x00, 0x0F, 0x00, 0x00,
    0x00, 0x00, 0x00, 0x03, 0x00, 0x00, 0x07, 0x80, 0x00, 0x07, 0xC0, 0x00, 0x0F, 0x80, 0x00, 0x1F,
    0x00, 0x00, 0x3E, 0x00, 0x00, 0x1C, 0x00, 0x01, 0x89, 0x80, 0x03, 0x81, 0xC0, 0x03, 0xE7, 0xC0,
    0x03, 0xFF, 0xC0, 0x01, 0xFF, 0x80, 0x00, 0xFF, 0x00, 0x00, 0x7E, 0x00, 0x00, 0x00, 0x00, 0x00,
    0xFF, 0x00, 0x00, 0xFF, 0x00, 0x00, 0xFF, 0x00, 0x01, 0xFF, 0x80, 0x01, 0xFF, 0x80, 0x01, 0xFF,
    0x80, 0x01, 0xFF, 0x80, 0x03, 0xE7, 0xC0, 0x03, 0xE7, 0xC0, 0x03, 0xE7, 0xC0, 0x07, 0xE7, 0xE0,
    0x07, 0xC3, 0xE0, 0x07, 0xC3, 0xE0, 0x07, 0xC3, 0xE0, 0x0F, 0xC3, 0xF0, 0x0F, 0x83, 0xF0, 0x0F,
    0x81, 0xF0, 0x1F, 0xFF, 0xF8, 0x1F, 0xFF, 0xF8, 0x1F, 0xFF, 0xF8, 0x3F, 0xFF, 0xFC, 0x3F, 0x00,
    0xFC, 0x3F, 0x00, 0xFC, 0x3E, 0x00, 0xFC, 0x7E, 0x00, 0x7E, 0x7E, 0x00, 0x7E, 0x7E, 0x00, 0x7E,
    0x00, 0x10, 0x00, 0x03, 0x00, 0x00, 0xF0, 0x00, 0x3E, 0x00, 0x0F, 0x80, 0x01, 0xE0, 0x00, 0x78,
    0x00, 0x06, 0x00, 0x1C, 0x0E, 0x03, 0xC3, 0xC0, 0x7F, 0xF8, 0x07, 0xFF, 0x00, 0xFF, 0xC0, 0x0F,
    0xF0, 0x00, 0x78, 0x00, 0x00, 0x00, 0x00, 0x00, 0x00, 0x3C, 0x00, 0x7F, 0xF0, 0x1F, 0xFF, 0x03,
    0xFF, 0xF0, 0x7F, 0xFF, 0x00, 0x07, 0xE0, 0x00, 0xFC, 0x00, 0x1F, 0x80, 0xFF, 0xF0, 0x7F, 0xFE,
    0x1F, 0xFF, 0xC7, 0xF1, 0xF9, 0xF8, 0x3F, 0x3F, 0x07, 0xE7, 0xE0, 0xFC, 0xFC, 0x1F, 0x9F, 0x87,
    0xF3, 0xFF, 0xFF, 0x3F, 0xFF, 0xE7, 0xFF, 0x7C, 0x3F, 0x87, 0x81, 0xC0, 0x00, 0x02, 0x00, 0x00,
    0xC0, 0x00, 0x3C, 0x00, 0x07, 0xC0, 0x00, 0x7C, 0x00, 0x07, 0x80, 0x00, 0x78, 0x00, 0x06, 0x00,
    0x1C, 0x0E, 0x03, 0xC3, 0xC0, 0x7F, 0xF8, 0x07, 0xFF, 0x00, 0xFF, 0xC0, 0x0F, 0xF0, 0x00, 0x78,
    0x00, 0x00, 0x00, 0x00, 0x00, 0x00, 0x3C, 0x00, 0x7F, 0xF0, 0x1F, 0xFF, 0x03, 0xFF, 0xF0, 0x7F,
    0xFF, 0x00, 0x07, 0xE0, 0x00, 0xFC, 0x00, 0x1F, 0x80, 0xFF, 0xF0, 0x7F, 0xFE, 0x1F, 0xFF, 0xC7,
    0xF1, 0xF9, 0xF8, 0x3F, 0x3F, 0x07, 0xE7, 0xE0, 0xFC, 0xFC, 0x1F, 0x9F, 0x87, 0xF3, 0xFF, 0xFF,
    0x3F, 0xFF, 0xE7, 0xFF, 0x7C, 0x3F, 0x87, 0x81, 0xC0, 0x00, 0x00, 0x00, 0x00, 0xF9, 0xE0, 0x3F,
    0xFC, 0x0F, 0xFF, 0x03, 0xFF, 0xE0, 0x38, 0xF0, 0x00, 0x00, 0x00, 0xE0, 0x70, 0x1E, 0x1E, 0x03,
    0xFF, 0xC0, 0x3F, 0xF8, 0x07, 0xFE, 0x00, 0x7F, 0x80, 0x03, 0xC0, 0x00, 0x00, 0x00, 0x00, 0x00,
    0x01, 0xE0, 0x03, 0xFF, 0x80, 0xFF, 0xF8, 0x1F, 0xFF, 0x83, 0xFF, 0xF8, 0x00, 0x3F, 0x00, 0x07,
    0xE0, 0x00, 0xFC, 0x07, 0xFF, 0x83, 0xFF, 0xF0, 0xFF, 0xFE, 0x3F, 0x8F, 0xCF, 0xC1, 0xF9, 0xF8,
    0x3F, 0x3F, 0x07, 0xE7, 0xE0, 0xFC, 0xFC, 0x3F, 0x9F, 0xFF, 0xF9, 0xFF, 0xFF, 0x3F, 0xFB, 0xE1,
    0xFC, 0x3C, 0x0E, 0x00, 0x00, 0x00, 0x00, 0x03, 0x81, 0xC0, 0x78, 0x78, 0x0F, 0x9F, 0x01, 0xFF,
    0xE0, 0x1F, 0xF8, 0x01, 0xFE, 0x00, 0x1F, 0x80, 0x00, 0x00, 0x00, 0x00, 0x00, 0x00, 0x00, 0x00,
    0x00, 0x00, 0x1E, 0x00, 0x3F, 0xF8, 0x0F, 0xFF, 0x81, 0xFF, 0xF8, 0x3F, 0xFF, 0x80, 0x03, 0xF0,
    0x00, 0x7E, 0x00, 0x0F, 0xC0, 0x7F, 0xF8, 0x3F, 0xFF, 0x0F, 0xFF, 0xE3, 0xF8, 0xFC, 0xFC, 0x1F,
    0x9F, 0x83, 0xF3, 0xF0, 0x7E, 0x7E, 0x0F, 0xCF, 0xC3, 0xF9, 0xFF, 0xFF, 0x9F, 0xFF, 0xF3, 0xFF,
    0x3E, 0x1F, 0xC3, 0xC0, 0xE0, 0x00, 0x00, 0x00, 0x00, 0xF0, 0x00, 0x3F, 0x00, 0x07, 0xE0, 0x00,
    0xFC, 0x00, 0x1F, 0x80, 0x01, 0xE0, 0x00, 0x00, 0xE0, 0x01, 0xFF, 0x01, 0xFF, 0xE0, 0xFF, 0xFC,
    0x3F, 0xFF, 0x9F, 0x87, 0xE7, 0xC0, 0xFF, 0xF0, 0x3F, 0xFF, 0xFF, 0xFF, 0xFF, 0xFF, 0xFF, 0xFF,
    0xF0, 0x00, 0xFC, 0x00, 0x3F, 0x00, 0x0F, 0xC0, 0x01, 0xF8, 0x00, 0x7F, 0x07, 0x0F, 0xFF, 0xE3,
    0xFF, 0xF8, 0x7F, 0xFC, 0x07, 0xFE, 0x00, 0x38, 0x00, 0x00, 0x00, 0x03, 0xC0, 0x01, 0xF8, 0x00,
    0x7E, 0x00, 0x1F, 0x80, 0x07, 0xE0, 0x00, 0xF0, 0x00, 0x01, 0xF0, 0x00, 0xFE, 0x00, 0x3F, 0xC0,
    0x00, 0xF0, 0x00, 0x3C, 0x00, 0x3F, 0x00, 0x0F, 0x80, 0x03, 0x80, 0x00, 0xE0, 0x00, 0x38, 0x00,
    0x00, 0x00, 0x00, 0x00, 0x00, 0xE0, 0x01, 0xFF, 0x01, 0xFF, 0xE0, 0xFF, 0xFC, 0x3F, 0xFF, 0x9F,
    0x87, 0xE7, 0xC0, 0xFF, 0xF0, 0x3F, 0xFC, 0x0F, 0xFF, 0xFF, 0xFF, 0xFF, 0xFF, 0xFF, 0xFF, 0xFC,
    0x00, 0x3F, 0x00, 0x0F, 0xC0, 0x01, 0xF8, 0x00, 0x7E, 0x07, 0x0F, 0xFF, 0xE3, 0xFF, 0xF8, 0x7F,
    0xFC, 0x07, 0xFE, 0x00, 0x38, 0x00, 0x07, 0xCE, 0x03, 0xFF, 0xC1, 0xFF, 0xE0, 0x7F, 0xF0, 0x1C,
    0xF8, 0x00, 0x00, 0x00, 0x00, 0x00, 0x00, 0x00, 0x00, 0x00, 0x00, 0x38, 0x00, 0x7F, 0xC0, 0x7F,
    0xF8, 0x3F, 0xFF, 0x0F, 0xFF, 0xE7, 0xE1, 0xF9, 0xF0, 0x3F, 0xFC, 0x0F, 0xFF, 0x03, 0xFF, 0xFF,
    0xFF, 0xFF, 0xFF, 0xFF, 0xFF, 0xFF, 0x00, 0x0F, 0xC0, 0x03, 0xF0, 0x00, 0x7E, 0x00, 0x1F, 0x81,
    0xC3, 0xFF, 0xF0, 0xFF, 0xFE, 0x1F, 0xFF, 0x01, 0xFF, 0x80, 0x0E, 0x00, 0x00, 0x00, 0x00, 0x00,
    0x02, 0x00, 0x00, 0x38, 0x00, 0x03, 0xE0, 0x00, 0x1F, 0x00, 0x01, 0xF0, 0x00, 0x1F, 0x00, 0x3C,
    0xF0, 0x03, 0xF3, 0x00, 0x3F, 0xC0, 0x03, 0xFF, 0x00, 0x3F, 0xFC, 0x03, 0xF3, 0xF0, 0x0E, 0x07,
    0x00, 0x20, 0x10, 0x00, 0x00, 0x00, 0x00, 0xE0, 0x00, 0x3F, 0xE0, 0x07, 0xFF, 0x80, 0x7F, 0xFE,
    0x03, 0xFF, 0xF8, 0x3F, 0x0F, 0xC1, 0xF0, 0x3F, 0x1F, 0x81, 0xF8, 0xFC, 0x0F, 0xC7, 0xFF, 0xFE,
    0x3F, 0xFF, 0xF1, 0xFF, 0xFF, 0x8F, 0xC0, 0x00, 0x7E, 0x00, 0x03, 0xF0, 0x00, 0x0F, 0xC0, 0x00,
    0x7E, 0x07, 0x01, 0xFF, 0xF8, 0x0F, 0xFF, 0xE0, 0x3F, 0xFE, 0x00, 0x7F, 0xE0, 0x00, 0x70, 0x00,
    0x00, 0x00, 0x03, 0x00, 0x00, 0x78, 0x00, 0x0F, 0xC0, 0x00, 0x7C, 0x00, 0x01, 0xE0, 0x00, 0x0F,
    0x00, 0x00, 0x67, 0xC0, 0x00, 0xFE, 0x00, 0x1F, 0xF0, 0x03, 0xFF, 0x80, 0x7E, 0x7C, 0x07, 0x83,
    0xC0, 0x30, 0x08, 0x00, 0x00, 0x00, 0xFF, 0xFE, 0x0F, 0xFF, 0xE0, 0xFF, 0xFE, 0x0F, 0xFF, 0xE0,
    0xFC, 0x00, 0x0F, 0xC0, 0x00, 0xFC, 0x00, 0x0F, 0xC0, 0x00, 0xFC, 0x00, 0x0F, 0xC0, 0x00, 0xFC,
    0x00, 0x0F, 0xFF, 0xC0, 0xFF, 0xFC, 0x0F, 0xFF, 0xC0, 0xFF, 0xFC, 0x0F, 0xC0, 0x00, 0xFC, 0x00,
    0x0F, 0xC0, 0x00, 0xFC, 0x00, 0x0F, 0xC0, 0x00, 0xFC, 0x00, 0x0F, 0xC0, 0x00, 0xFC, 0x00, 0x0F,
    0xFF, 0xF0, 0xFF, 0xFF, 0x0F, 0xFF, 0xF0, 0xFF, 0xFF, 0x00, 0x00, 0x00, 0x80, 0x00, 0x0E, 0x00,
    0x00, 0xF8, 0x00, 0x07, 0xC0, 0x00, 0x1F, 0x00, 0x00, 0x7C, 0x00, 0x01, 0xE7, 0x80, 0x06, 0x7E,
    0x00, 0x07, 0xF8, 0x00, 0x7F, 0xE0, 0x07, 0xFF, 0x80, 0x7E, 0x7E, 0x01, 0xC0, 0xE0, 0x04, 0x02,
    0x00, 0x00, 0x00, 0x00, 0x1C, 0x00, 0x07, 0xFC, 0x00, 0xFF, 0xF0, 0x0F, 0xFF, 0xC0, 0x7F, 0xFF,
    0x07, 0xE1, 0xF8, 0x3E, 0x07, 0xE3, 0xF0, 0x3F, 0x1F, 0x81, 0xF8, 0xFF, 0xFF, 0xC7, 0xFF, 0xFE,
    0x3F, 0xFF, 0xF1, 0xF8, 0x00, 0x0F, 0xC0, 0x00, 0x7E, 0x00, 0x01, 0xF8, 0x00, 0x0F, 0xC0, 0xE0,
    0x3F, 0xFF, 0x01, 0xFF, 0xFC, 0x07, 0xFF, 0xC0, 0x0F, 0xFC, 0x00, 0x0E, 0x00, 0x00, 0x0F, 0xC0,
    0x01, 0xFE, 0x00, 0x1F, 0xF0, 0x00, 0x0F, 0x00, 0x01, 0xF0, 0x00, 0x7E, 0x00, 0x07, 0xC0, 0x00,
    0x70, 0x01, 0xE7, 0x00, 0x3F, 0x00, 0x07, 0xF8, 0x00, 0xFF, 0xC0, 0x1F, 0xFE, 0x03, 0xE1, 0xF0,
    0x1C, 0x0E, 0x00, 0x80, 0x40, 0x00, 0x00, 0x00, 0x0E, 0x00, 0x07, 0xFC, 0x01, 0xFF, 0xE0, 0x3F,
    0xFF, 0x03, 0xFF, 0xF8, 0x7E, 0x1F, 0x87, 0xC0, 0xFC, 0xFC, 0x0F, 0xCF, 0xC0, 0xFC, 0xFF, 0xFF,
    0xCF, 0xFF, 0xFC, 0xFF, 0xFF, 0xCF, 0xC0, 0x00, 0xFC, 0x00, 0x0F, 0xC0, 0x00, 0x7E, 0x00, 0x07,
    0xF0, 0x70, 0x3F, 0xFF, 0x83, 0xFF, 0xF8, 0x1F, 0xFF, 0x00, 0x7F, 0xE0, 0x00, 0xE0, 0x00, 0x01,
    0xE0, 0x00, 0xFC, 0x00, 0x7F, 0x80, 0x3F, 0xF0, 0x1F, 0xFE, 0x0F, 0xC7, 0xC1, 0xE0, 0xF0, 0x20,
    0x18, 0x00, 0x00, 0x00, 0x00, 0x00, 0x00, 0x00, 0x03, 0x80, 0x07, 0xFC, 0x07, 0xFF, 0x83, 0xFF,
    0xF0, 0xFF, 0xFE, 0x7E, 0x1F, 0x9F, 0x03, 0xFF, 0xC0, 0xFF, 0xFF, 0xFF, 0xFF, 0xFF, 0xFF, 0xFF,
    0xFF, 0xC0, 0x03, 0xF0, 0x00, 0xFC, 0x00, 0x3F, 0x00, 0x07, 0xE0, 0x01, 0xFC, 0x1C, 0x3F, 0xFF,
    0x8F, 0xFF, 0xE1, 0xFF, 0xF0, 0x1F, 0xF8, 0x00, 0xE0, 0x00, 0x00, 0x00, 0x0F, 0x00, 0x07, 0xE0,
    0x01, 0xF8, 0x00, 0x7E, 0x00, 0x1F, 0x80, 0x03, 0xC0, 0x3F, 0x1F, 0xE7, 0xFC, 0x0F, 0x03, 0xC7,
    0xF1, 0xF8, 0x70, 0x1C, 0x07, 0x00, 0x00, 0x00, 0x00, 0x0F, 0xC3, 0xF0, 0xFC, 0x3F, 0x0F, 0xC3,
    0xF0, 0xFC, 0x3F, 0x0F, 0xC3, 0xF0, 0xFC, 0x3F, 0x0F, 0xC3, 0xF0, 0xFC, 0x3F, 0x0F, 0xC3, 0xF0,
    0xFC, 0x3F, 0x00, 0x7B, 0xFF, 0xFF, 0xFD, 0xE0, 0x00, 0x00, 0x00, 0x00, 0xFF, 0xFF, 0xFF, 0xFF,
    0xFF, 0xFF, 0xFF, 0xFF, 0xFF, 0xFF, 0xFF, 0xFF, 0xFF, 0xFF, 0xFF, 0x00, 0x07, 0xBF, 0xFF, 0xFF,
    0xDE, 0x00, 0x38, 0x00, 0x07, 0xFF, 0x00, 0x1F, 0xFF, 0x00, 0x7F, 0xFF, 0x01, 0xFF, 0xFF, 0x07,
    0xF0, 0x7F, 0x0F, 0xC0, 0x7F, 0x3F, 0x00, 0x7E, 0x7C, 0x00, 0x7D, 0xF8, 0x00, 0xFF, 0xF0, 0x01,
    0xFF, 0xE0, 0x03, 0xFF, 0xC0, 0x07, 0xFF, 0x80, 0x0F, 0xFF, 0x00, 0x1F, 0xFE, 0x00, 0x3F, 0xFC,
    0x00, 0x7F, 0xF8, 0x00, 0xFF, 0xF0, 0x01, 0xFF, 0xE0, 0x03, 0xF7, 0xC0, 0x07, 0xCF, 0xC0, 0x1F,
    0x9F, 0xC0, 0x7E, 0x1F, 0xC1, 0xFC, 0x1F, 0xFF, 0xF0, 0x1F, 0xFF, 0xC0, 0x1F, 0xFF, 0x00, 0x1F,
    0xFC, 0x00, 0x03, 0x80, 0x00, 0x00, 0x00, 0x00, 0x0F, 0x00, 0x00, 0x3F, 0x00, 0x00, 0x7E, 0x00,
    0x00, 0xFC, 0x00, 0x01, 0xF8, 0x00, 0x01, 0xE0, 0x00, 0x00, 0xE0, 0x00, 0xFF, 0x80, 0x7F, 0xFC,
    0x1F, 0xFF, 0xC3, 0xFF, 0xF8, 0xFC, 0x1F, 0x9F, 0x01, 0xF7, 0xE0, 0x3F, 0xFC, 0x07, 0xFF, 0x80,
    0xFF, 0xF0, 0x1F, 0xFE, 0x03, 0xFF, 0xC0, 0x7F, 0xF8, 0x0F, 0xFF, 0x01, 0xFB, 0xE0, 0x3E, 0x7E,
    0x0F, 0xC7, 0xFF, 0xF0, 0xFF, 0xFE, 0x0F, 0xFF, 0x80, 0x7F, 0xC0, 0x01, 0xC0, 0x00, 0x00, 0x00,
    0x07, 0x80, 0x01, 0xF8, 0x00, 0x3F, 0x00, 0x07, 0xE0, 0x00, 0xFC, 0x00, 0x0F, 0x00, 0x01, 0xF0,
    0x00, 0x7F, 0x00, 0x0F, 0xF0, 0x00, 0x1E, 0x00, 0x03, 0xC0, 0x01, 0xF8, 0x00, 0x3E, 0x00, 0x07,
    0x00, 0x00, 0xE0, 0x00, 0x1C, 0x00, 0x00, 0x00, 0x00, 0x00, 0x00, 0x0E, 0x00, 0x0F, 0xF8, 0x07,
    0xFF, 0xC1, 0xFF, 0xFC, 0x3F, 0xFF, 0x8F, 0xC1, 0xF9, 0xF0, 0x1F, 0x7E, 0x03, 0xFF, 0xC0, 0x7F,
    0xF8, 0x0F, 0xFF, 0x01, 0xFF, 0xE0, 0x3F, 0xFC, 0x07, 0xFF, 0x80, 0xFF, 0xF0, 0x1F, 0xBE, 0x03,
    0xE7, 0xE0, 0xFC, 0x7F, 0xFF, 0x0F, 0xFF, 0xE0, 0xFF, 0xF8, 0x07, 0xFC, 0x00, 0x1C, 0x00, 0x00,
    0x00, 0x00, 0x00, 0x00, 0x18, 0x00, 0x00, 0x3C, 0x00, 0x00, 0x3E, 0x00, 0x00, 0x7C, 0x00, 0x00,
    0xF8, 0x00, 0x00, 0xF0, 0x00, 0x7C, 0xE0, 0x00, 0xFE, 0x40, 0x01, 0xFF, 0x00, 0x03, 0xFF, 0x80,
    0x07, 0xEF, 0xC0, 0x07, 0x83, 0xC0, 0x02, 0x00, 0x80, 0x00, 0x38, 0x00, 0x03, 0xFF, 0x80, 0x07,
    0xFF, 0xC0, 0x0F, 0xFF, 0xE0, 0x1F, 0xFF, 0xF0, 0x3F, 0x83, 0xF8, 0x3F, 0x01, 0xFC, 0x7E, 0x00,
    0xFC, 0x7C, 0x00, 0x7C, 0xFC, 0x00, 0x7E, 0xFC, 0x00, 0x7E, 0xFC, 0x00, 0x7E, 0xFC, 0x00, 0x7E,
    0xFC, 0x00, 0x7E, 0xFC, 0x00, 0x7E, 0xFC, 0x00, 0x7E, 0xFC, 0x00, 0x7E, 0xFC, 0x00, 0x7E, 0xFC,
    0x00, 0x7E, 0xFC, 0x00, 0x7E, 0x7C, 0x00, 0x7C, 0x7E, 0x00, 0xFC, 0x7F, 0x01, 0xF8, 0x3F, 0x83,
    0xF8, 0x1F, 0xFF, 0xF0, 0x0F, 0xFF, 0xE0, 0x07, 0xFF, 0xC0, 0x03, 0xFF, 0x80, 0x00, 0x38, 0x00,
    0x00, 0x00, 0x00, 0x00, 0x03, 0x00, 0x00, 0x1C, 0x00, 0x01, 0xF0, 0x00, 0x1F, 0x00, 0x01, 0xF0,
    0x00, 0x0F, 0x00, 0x1C, 0xF0, 0x01, 0xF3, 0x00, 0x1F, 0xC0, 0x03, 0xFF, 0x00, 0x3F, 0xFC, 0x01,
    0xF1, 0xF0, 0x0F, 0x07, 0x80, 0x20, 0x08, 0x00, 0x00, 0x00, 0x00, 0xE0, 0x00, 0x3F, 0xE0, 0x07,
    0xFF, 0xC0, 0x7F, 0xFF, 0x03, 0xFF, 0xF8, 0x3F, 0x07, 0xE1, 0xF0, 0x1F, 0x1F, 0x80, 0xFC, 0xFC,
    0x07, 0xE7, 0xE0, 0x3F, 0x3F, 0x01, 0xF9, 0xF8, 0x0F, 0xCF, 0xC0, 0x7E, 0x7E, 0x03, 0xF3, 0xF0,
    0x1F, 0x8F, 0x80, 0xF8, 0x7E, 0x0F, 0xC1, 0xFF, 0xFC, 0x0F, 0xFF, 0xE0, 0x3F, 0xFE, 0x00, 0x7F,
    0xC0, 0x00, 0x70, 0x00, 0x00, 0x00, 0x00, 0x60, 0x00, 0x01, 0xC0, 0x00, 0x07, 0xC0, 0x00, 0x07,
    0xC0, 0x00, 0x07, 0xC0, 0x00, 0x07, 0x80, 0x00, 0x07, 0x3E, 0x00, 0x00, 0xFE, 0x00, 0x03, 0xFE,
    0x00, 0x0F, 0xFE, 0x00, 0x3F, 0x7E, 0x00, 0x78, 0x3C, 0x00, 0x40, 0x10, 0x00, 0x0E, 0x00, 0x01,
    0xFF, 0xC0, 0x07, 0xFF, 0xC0, 0x1F, 0xFF, 0xC0, 0x7F, 0xFF, 0xC1, 0xFC, 0x1F, 0xC3, 0xF0, 0x1F,
    0xCF, 0xC0, 0x1F, 0x9F, 0x00, 0x1F, 0x7E, 0x00, 0x3F, 0xFC, 0x00, 0x7F, 0xF8, 0x00, 0xFF, 0xF0,
    0x01, 0xFF, 0xE0, 0x03, 0xFF, 0xC0, 0x07, 0xFF, 0x80, 0x0F, 0xFF, 0x00, 0x1F, 0xFE, 0x00, 0x3F,
    0xFC, 0x00, 0x7F, 0xF8, 0x00, 0xFD, 0xF0, 0x01, 0xF3, 0xF0, 0x07, 0xE7, 0xF0, 0x1F, 0x87, 0xF0,
    0x7F, 0x07, 0xFF, 0xFC, 0x07, 0xFF, 0xF0, 0x07, 0xFF, 0xC0, 0x07, 0xFF, 0x00, 0x00, 0xE0, 0x00,
    0x00, 0x00, 0x00, 0x40, 0x00, 0x03, 0x80, 0x00, 0x1F, 0x00, 0x00, 0x7E, 0x00, 0x00, 0x78, 0x00,
    0x00, 0xF0, 0x00, 0x01, 0xE7, 0x00, 0x03, 0x3E, 0x00, 0x01, 0xFC, 0x00, 0x1F, 0xF8, 0x00, 0xFF,
    0xF0, 0x03, 0xE3, 0xE0, 0x0F, 0x07, 0x80, 0x10, 0x04, 0x00, 0x00, 0x00, 0x00, 0x1C, 0x00, 0x03,
    0xFE, 0x00, 0x3F, 0xFE, 0x01, 0xFF, 0xFC, 0x07, 0xFF, 0xF0, 0x3F, 0x07, 0xE0, 0xF8, 0x0F, 0x87,
    0xE0, 0x3F, 0x1F, 0x80, 0xFC, 0x7E, 0x03, 0xF1, 0xF8, 0x0F, 0xC7, 0xE0, 0x3F, 0x1F, 0x80, 0xFC,
    0x7E, 0x03, 0xF1, 0xF8, 0x0F, 0xC3, 0xE0, 0x3E, 0x0F, 0xC1, 0xF8, 0x1F, 0xFF, 0xC0, 0x7F, 0xFF,
    0x00, 0xFF, 0xF8, 0x00, 0xFF, 0x80, 0x00, 0x70, 0x00, 0x00, 0x07, 0xC0, 0x00, 0xFE, 0x00, 0x0F,
    0xF0, 0x00, 0x0F, 0x00, 0x00, 0xF0, 0x00, 0x3E, 0x00, 0x03, 0xC0, 0x00, 0x38, 0x01, 0xF3, 0x80,
    0x3F, 0x80, 0x07, 0xFC, 0x00, 0xFF, 0xE0, 0x1F, 0xFF, 0x01, 0xF1, 0xF0, 0x1E, 0x07, 0x00, 0x80,
    0x20, 0x00, 0x00, 0x00, 0x0E, 0x00, 0x07, 0xFE, 0x01, 0xFF, 0xF0, 0x3F, 0xFF, 0x83, 0xFF, 0xFC,
    0x7E, 0x0F, 0xE7, 0xE0, 0x7E, 0xFC, 0x07, 0xEF, 0xC0, 0x3E, 0xFC, 0x03, 0xFF, 0xC0, 0x3F, 0xFC,
    0x03, 0xFF, 0xC0, 0x3F, 0xFC, 0x03, 0xEF, 0xC0, 0x7E, 0x7E, 0x07, 0xE7, 0xE0, 0xFC, 0x3F, 0xFF,
    0xC3, 0xFF, 0xF8, 0x1F, 0xFF, 0x00, 0x7F, 0xE0, 0x00, 0xE0, 0x00, 0x00, 0x00, 0x00, 0xF0, 0xC0,
    0x3F, 0xBC, 0x0F, 0xFF, 0x81, 0xFF, 0xE0, 0x39, 0xFC, 0x03, 0x0F, 0x00, 0x00, 0x00, 0x01, 0xF0,
    0x00, 0x7F, 0x00, 0x1F, 0xF0, 0x07, 0xFF, 0x01, 0xFB, 0xF0, 0x3C, 0x1E, 0x03, 0x01, 0x80, 0x00,
    0x00, 0x00, 0xE0, 0x00, 0xFF, 0x80, 0x7F, 0xFC, 0x1F, 0xFF, 0xC3, 0xFF, 0xF8, 0xFC, 0x1F, 0x9F,
    0x01, 0xF7, 0xE0, 0x3F, 0xFC, 0x07, 0xFF, 0x80, 0xFF, 0xF0, 0x1F, 0xFE, 0x03, 0xFF, 0xC0, 0x7F,
    0xF8, 0x0F, 0xFF, 0x01, 0xFB, 0xE0, 0x3E, 0x7E, 0x0F, 0xC7, 0xFF, 0xF0, 0xFF, 0xFE, 0x0F, 0xFF,
    0x80, 0x7F, 0xC0, 0x01, 0xC0, 0x00, 0x00, 0x3C, 0x00, 0x00, 0xFC, 0x00, 0x07, 0xFC, 0x00, 0x1F,
    0xFC, 0x00, 0x7F, 0xFC, 0x00, 0xF8, 0x78, 0x00, 0xC0, 0x70, 0x00, 0x00, 0x00, 0x00, 0x00, 0x00,
    0x00, 0x70, 0x00, 0x0F, 0xFE, 0x00, 0x3F, 0xFE, 0x00, 0xFF, 0xFE, 0x03, 0xFF, 0xFE, 0x0F, 0xE0,
    0xFE, 0x1F, 0x80, 0xFE, 0x7E, 0x00, 0xFC, 0xF8, 0x00, 0xFB, 0xF0, 0x01, 0xFF, 0xE0, 0x03, 0xFF,
    0xC0, 0x07, 0xFF, 0x80, 0x0F, 0xFF, 0x00, 0x1F, 0xFE, 0x00, 0x3F, 0xFC, 0x00, 0x7F, 0xF8, 0x00,
    0xFF, 0xF0, 0x01, 0xFF, 0xE0, 0x03, 0xFF, 0xC0, 0x07, 0xEF, 0x80, 0x0F, 0x9F, 0x80, 0x3F, 0x3F,
    0x80, 0xFC, 0x3F, 0x83, 0xF8, 0x3F, 0xFF, 0xE0, 0x3F, 0xFF, 0x80, 0x3F, 0xFE, 0x00, 0x3F, 0xF8,
    0x00, 0x07, 0x00, 0x00, 0x00, 0x00, 0x00, 0x1E, 0x00, 0x00, 0x7E, 0x00, 0x00, 0xFC, 0x00, 0x01,
    0xF8, 0x00, 0x03, 0xF0, 0x00, 0x03, 0xC0, 0x00, 0x00, 0xF0, 0x00, 0x3F, 0x00, 0x0F, 0xF0, 0x03,
    0xFF, 0x00, 0xFF, 0xF0, 0x3F, 0x3E, 0x07, 0x83, 0xC0, 0x60, 0x30, 0x00, 0x00, 0x00, 0x00, 0x00,
    0x00, 0x00, 0x00, 0x70, 0x00, 0x7F, 0xC0, 0x3F, 0xFE, 0x0F, 0xFF, 0xE1, 0xFF, 0xFC, 0x7E, 0x0F,
    0xCF, 0x80, 0xFB, 0xF0, 0x1F, 0xFE, 0x03, 0xFF, 0xC0, 0x7F, 0xF8, 0x0F, 0xFF, 0x01, 0xFF, 0xE0,
    0x3F, 0xFC, 0x07, 0xFF, 0x80, 0xFD, 0xF0, 0x1F, 0x3F, 0x07, 0xE3, 0xFF, 0xF8, 0x7F, 0xFF, 0x07,
    0xFF, 0xC0, 0x3F, 0xE0, 0x00, 0xE0, 0x00, 0x00, 0x00, 0x03, 0xC0, 0x00, 0xFC, 0x00, 0x1F, 0x80,
    0x03, 0xF0, 0x00, 0x7E, 0x00, 0x07, 0x80, 0x00, 0x00, 0x00, 0x00, 0x60, 0x00, 0x07, 0x80, 0x00,
    0x7F, 0x00, 0x03, 0xFC, 0x00, 0x3F, 0xE0, 0x00, 0x7E, 0x00, 0x01, 0xC0, 0x00, 0x00, 0x00, 0x00,
    0x00, 0x00, 0xF0, 0x00, 0x03, 0xC0, 0x38, 0x0F, 0x07, 0xFC, 0x3C, 0x7F, 0xFC, 0xF3, 0xFF, 0xFF,
    0xCF, 0xFF, 0xFE, 0x7E, 0x0F, 0xF1, 0xF0, 0x1F, 0x0F, 0xC0, 0x7E, 0x3F, 0x01, 0xF8, 0xFC, 0x07,
    0xE3, 0xF0, 0x1F, 0x8F, 0xC0, 0x7E, 0x3F, 0x01, 0xF8, 0xFC, 0x07, 0xE3, 0xF0, 0x1F, 0x87, 0xC0,
    0x7C, 0x1F, 0x83, 0xF0, 0x3F, 0xFF, 0x80, 0xFF, 0xFE, 0x01, 0xFF, 0xF0, 0x01, 0xFF, 0x00, 0x00,
    0xE0, 0x00, 0x00, 0x00, 0x00, 0x0C, 0x00, 0x00, 0x3C, 0x00, 0x01, 0xFC, 0x00, 0x07, 0xF8, 0x00,
    0x0F, 0xF8, 0x00, 0x0F, 0xE0, 0x00, 0x07, 0x00, 0x00, 0x00, 0x00, 0x00, 0x00, 0xF0, 0x00, 0x03,
    0xC0, 0x38, 0x0F, 0x07, 0xFC, 0x3C, 0x7F, 0xFC, 0xF3, 0xFF, 0xFF, 0xCF, 0xFF, 0xFE, 0x7E, 0x0F,
    0xF1, 0xF0, 0x1F, 0x0F, 0xC0, 0x7E, 0x3F, 0x01, 0xF8, 0xFC, 0x07, 0xE3, 0xF0, 0x1F, 0x8F, 0xC0,
    0x7E, 0x3F, 0x01, 0xF8, 0xFC, 0x07, 0xE3, 0xF0, 0x1F, 0x87, 0xC0, 0x7C, 0x1F, 0x83, 0xF0, 0x3F,
    0xFF, 0x80, 0xFF, 0xFE, 0x01, 0xFF, 0xF0, 0x01, 0xFF, 0x00, 0x00, 0xE0, 0x00, 0x00, 0x7C, 0x00,
    0x00, 0x7F, 0x00, 0x00, 0x3F, 0xC0, 0x00, 0x01, 0xE0, 0x00, 0x00, 0xF0, 0x00, 0x00, 0xF8, 0x00,
    0x00, 0xF8, 0x00, 0x00, 0x70, 0x00, 0x00, 0x38, 0x00, 0x00, 0x00, 0x03, 0xC0, 0x00, 0x01, 0xE0,
    0x07, 0x00, 0xF0, 0x3F, 0xF8, 0x78, 0x3F, 0xFE, 0x7C, 0x3F, 0xFF, 0xFE, 0x3F, 0xFF, 0xFE, 0x3F,
    0x83, 0xFC, 0x1F, 0x80, 0xFE, 0x1F, 0x80, 0x3F, 0x0F, 0x80, 0x0F, 0x8F, 0xC0, 0x07, 0xE7, 0xE0,
    0x03, 0xF3, 0xF0, 0x01, 0xF9, 0xF8, 0x00, 0xFC, 0xFC, 0x00, 0x7E, 0x7E, 0x00, 0x3F, 0x3F, 0x00,
    0x1F, 0x9F, 0x80, 0x0F, 0xCF, 0xC0, 0x07, 0xE7, 0xE0, 0x03, 0xF3, 0xF0, 0x01, 0xF8, 0xF8, 0x00,
    0xF8, 0x7E, 0x00, 0xFC, 0x3F, 0x80, 0xFC, 0x0F, 0xE0, 0xFE, 0x03, 0xFF, 0xFE, 0x00, 0xFF, 0xFE,
    0x00, 0x3F, 0xFE, 0x00, 0x0F, 0xFE, 0x00, 0x00, 0x70, 0x00, 0x01, 0xF0, 0x00, 0x0F, 0xE0, 0x00,
    0x3F, 0xC0, 0x00, 0x0F, 0x00, 0x00, 0x3C, 0x00, 0x03, 0xF0, 0x00, 0x0F, 0x80, 0x00, 0x38, 0x00,
    0x00, 0xE0, 0x00, 0x03, 0x80, 0x20, 0x00, 0x03, 0xC0, 0x00, 0x0F, 0x00, 0xE0, 0x3C, 0x1F, 0xF0,
    0xF1, 0xFF, 0xE7, 0xCF, 0xFF, 0xFF, 0x3F, 0xFF, 0xF9, 0xF8, 0x3F, 0x87, 0xC0, 0x7C, 0x3F, 0x01,
    0xF8, 0xFC, 0x07, 0xE3, 0xF0, 0x1F, 0x8F, 0xC0, 0x7E, 0x3F, 0x01, 0xF8, 0xFC, 0x07, 0xE3, 0xF0,
    0x1F, 0x8F, 0xC0, 0x7E, 0x1F, 0x01, 0xF0, 0x7E, 0x0F, 0xC0, 0xFF, 0xFE, 0x03, 0xFF, 0xF8, 0x07,
    0xFF, 0xC0, 0x07, 0xFC, 0x00, 0x03, 0x80, 0x00, 0x07, 0xC7, 0x00, 0x3F, 0xFC, 0x01, 0xFF, 0xF0,
    0x07, 0xFF, 0x80, 0x1C, 0x7C, 0x00, 0x00, 0x00, 0x00, 0x00, 0x00, 0x00, 0x00, 0x0F, 0x00, 0x00,
    0x3C, 0x03, 0x80, 0xF0, 0x7F, 0xC3, 0xC7, 0xFF, 0xCF, 0x3F, 0xFF, 0xFC, 0xFF, 0xFF, 0xE7, 0xE0,
    0xFE, 0x1F, 0x01, 0xF0, 0xFC, 0x07, 0xE3, 0xF0, 0x1F, 0x8F, 0xC0, 0x7E, 0x3F, 0x01, 0xF8, 0xFC,
    0x07, 0xE3, 0xF0, 0x1F, 0x8F, 0xC0, 0x7E, 0x3F, 0x01, 0xF8, 0x7C, 0x07, 0xC1, 0xF8, 0x3F, 0x03,
    0xFF, 0xF8, 0x0F, 0xFF, 0xE0, 0x1F, 0xFF, 0x00, 0x1F, 0xF0, 0x00, 0x0E, 0x00, 0x00, 0x00, 0x00,
    0x3C, 0x00, 0x00, 0xF0, 0x0E, 0x03, 0xC1, 0xFF, 0x0F, 0x1F, 0xFF, 0x3C, 0xFF, 0xFF, 0xF3, 0xFF,
    0xFF, 0x9F, 0x83, 0xFC, 0x7C, 0x07, 0xC3, 0xF0, 0x1F, 0x8F, 0xC0, 0x7E, 0x3F, 0x01, 0xF8, 0xFC,
    0x07, 0xE3, 0xF0, 0x1F, 0x8F, 0xC0, 0x7E, 0x3F, 0x01, 0xF8, 0xFC, 0x07, 0xE1, 0xF0, 0x1F, 0x07,
    0xE0, 0xFC, 0x0F, 0xFF, 0xE0, 0x3F, 0xFF, 0x80, 0x7F, 0xFC, 0x00, 0x7F, 0xC0, 0x00, 0x38, 0x00,
    0x00, 0x00, 0x00, 0x03, 0xC0, 0x00, 0x1F, 0x80, 0x00, 0x7E, 0x00, 0x01, 0xF8, 0x00, 0x07, 0xE0,
    0x00, 0x0F, 0x00, 0x00, 0xFC, 0x1F, 0xFE, 0x0F, 0xFF, 0x07, 0xFF, 0x83, 0xFF, 0xC1, 0xFF, 0xE0,
    0xFF, 0xF0, 0x7F, 0xF8, 0x3F, 0xFC, 0x1F, 0xFE, 0x0F, 0xFF, 0x07, 0xFF, 0x83, 0xFF, 0xC1, 0xFF,
    0xE0, 0xFF, 0xF0, 0xFF, 0xF8, 0x7F, 0xFF, 0xFF, 0xFF, 0xFF, 0xDF, 0xF7, 0xE7, 0xF3, 0xF0, 0xC0,
    0x00, 0x00, 0x00, 0x0F, 0x00, 0x0F, 0xC0, 0x07, 0xE0, 0x03, 0xF0, 0x01, 0xF8, 0x00, 0x78, 0x00,
    0x01, 0xF8, 0x00, 0x3F, 0xC0, 0x01, 0xFE, 0x00, 0x13, 0xE0, 0x00, 0x1E, 0x00, 0x03, 0xE0, 0x00,
    0xFC, 0x00, 0x0F, 0x00, 0x00, 0xE0, 0x00, 0x00, 0x00, 0x00, 0x00, 0x00, 0x00, 0x00, 0xFC, 0x03,
    0xFF, 0xC0, 0x3F, 0xFC, 0x03, 0xFF, 0xC0, 0x3F, 0xFC, 0x03, 0xFF, 0xC0, 0x3F, 0xFC, 0x03, 0xFF,
    0xC0, 0x3F, 0xFC, 0x03, 0xFF, 0xC0, 0x3F, 0xFC, 0x03, 0xFF, 0xC0, 0x3F, 0xFC, 0x03, 0xFF, 0xC0,
    0x3F, 0xFC, 0x03, 0xFF, 0xC0, 0x3F, 0xFC, 0x03, 0xFF, 0xC0, 0x3F, 0xFC, 0x03, 0xFF, 0xC0, 0x3F,
    0xFC, 0x03, 0xFF, 0xC0, 0x3F, 0x7E, 0x07, 0xE7, 0xFF, 0xFE, 0x3F, 0xFF, 0xC1, 0xFF, 0xF8, 0x07,
    0xFE, 0x00, 0x0F, 0x00, 0x03, 0xE0, 0x03, 0xF8, 0x01, 0xFE, 0x00, 0x0F, 0x00, 0x07, 0x80, 0x0F,
    0xC0, 0x07, 0xC0, 0x03, 0x80, 0x01, 0xC0, 0x00, 0xE0, 0x00, 0x00, 0x00, 0x00, 0x00, 0x00, 0x07,
    0xE0, 0xFF, 0xF0, 0x7F, 0xF8, 0x3F, 0xFC, 0x1F, 0xFE, 0x0F, 0xFF, 0x07, 0xFF, 0x83, 0xFF, 0xC1,
    0xFF, 0xE0, 0xFF, 0xF0, 0x7F, 0xF8, 0x3F, 0xFC, 0x1F, 0xFE, 0x0F, 0xFF, 0x07, 0xFF, 0x87, 0xFF,
    0xC3, 0xFF, 0xFF, 0xFF, 0xFF, 0xFE, 0xFF, 0xFF, 0x3F, 0x8F, 0x87, 0x00, 0x00, 0x00, 0x00, 0x00,
    0x01, 0xC0, 0x00, 0x0F, 0x00, 0x00, 0xFE, 0x00, 0x07, 0xF8, 0x00, 0x7F, 0xC0, 0x00, 0xF8, 0x00,
    0x03, 0x80, 0x00, 0x00, 0x00, 0x00, 0x00, 0x00, 0xF0, 0x00, 0x03, 0xC0, 0x00, 0x0F, 0xFC, 0x1F,
    0xBF, 0xF0, 0x7F, 0xFF, 0xC1, 0xFF, 0xFF, 0x07, 0xFE, 0xFC, 0x1F, 0xE3, 0xF0, 0x7E, 0x0F, 0xC1,
    0xF8, 0x3F, 0x07, 0xE0, 0xFC, 0x1F, 0x83, 0xF0, 0x7E, 0x0F, 0xC1, 0xF8, 0x3F, 0x07, 0xE0, 0xFC,
    0x1F, 0x83, 0xF0, 0x7E, 0x0F, 0xC3, 0xF8, 0x3F, 0x0F, 0xE0, 0xFF, 0xFF, 0x83, 0xFF, 0xFE, 0x07,
    0xFF, 0xF8, 0x0F, 0xE3, 0xE0, 0x0E, 0x00, 0x00, 0x00, 0x00, 0x00, 0x1C, 0x00, 0x00, 0x78, 0x00,
    0x03, 0xF8, 0x00, 0x0F, 0xF0, 0x00, 0x1F, 0xF0, 0x00, 0x0F, 0x80, 0x00, 0x0E, 0x00, 0x00, 0x00,
    0x00, 0x00, 0x00, 0xF0, 0x00, 0x03, 0xC0, 0x00, 0x0F, 0xFC, 0x1F, 0xBF, 0xF0, 0x7F, 0xFF, 0xC1,
    0xFF, 0xFF, 0x07, 0xFE, 0xFC, 0x1F, 0xE3, 0xF0, 0x7E, 0x0F, 0xC1, 0xF8, 0x3F, 0x07, 0xE0, 0xFC,
    0x1F, 0x83, 0xF0, 0x7E, 0x0F, 0xC1, 0xF8, 0x3F, 0x07, 0xE0, 0xFC, 0x1F, 0x83, 0xF0, 0x7E, 0x0F,
    0xC3, 0xF8, 0x3F, 0x0F, 0xE0, 0xFF, 0xFF, 0x83, 0xFF, 0xFE, 0x07, 0xFF, 0xF8, 0x0F, 0xE3, 0xE0,
    0x0E, 0x00, 0x00, 0x03, 0xE0, 0x00, 0x1F, 0xC0, 0x00, 0x7F, 0x80, 0x00, 0x1E, 0x00, 0x00, 0x78,
    0x00, 0x07, 0xE0, 0x00, 0x1F, 0x00, 0x00, 0x70, 0x00, 0x01, 0xC0, 0x00, 0x07, 0x00, 0x20, 0x00,
    0x03, 0xC0, 0x00, 0x0F, 0x00, 0x00, 0x3F, 0xF0, 0x7E, 0xFF, 0xC1, 0xFF, 0xFF, 0x07, 0xFF, 0xFC,
    0x1F, 0xFB, 0xF0, 0x7F, 0x8F, 0xC1, 0xF8, 0x3F, 0x07, 0xE0, 0xFC, 0x1F, 0x83, 0xF0, 0x7E, 0x0F,
    0xC1, 0xF8, 0x3F, 0x07, 0xE0, 0xFC, 0x1F, 0x83, 0xF0, 0x7E, 0x0F, 0xC1, 0xF8, 0x3F, 0x0F, 0xE0,
    0xFC, 0x3F, 0x83, 0xFF, 0xFE, 0x0F, 0xFF, 0xF8, 0x1F, 0xFF, 0xE0, 0x3F, 0x8F, 0x80, 0x38, 0x00,
    0x00, 0x0F, 0x8E, 0x00, 0x7F, 0xF8, 0x03, 0xFF, 0xE0, 0x0F, 0xFF, 0x00, 0x38, 0xF8, 0x00, 0x00,
    0x00, 0x00, 0x00, 0x00, 0x80, 0x00, 0x0F, 0x00, 0x00, 0x3C, 0x00, 0x00, 0xFF, 0xC1, 0xFB, 0xFF,
    0x07, 0xFF, 0xFC, 0x1F, 0xFF, 0xF0, 0x7F, 0xEF, 0xC1, 0xFE, 0x3F, 0x07, 0xE0, 0xFC, 0x1F, 0x83,
    0xF0, 0x7E, 0x0F, 0xC1, 0xF8, 0x3F, 0x07, 0xE0, 0xFC, 0x1F, 0x83, 0xF0, 0x7E, 0x0F, 0xC1, 0xF8,
    0x3F, 0x07, 0xE0, 0xFC, 0x3F, 0x83, 0xF0, 0xFE, 0x0F, 0xFF, 0xF8, 0x3F, 0xFF, 0xE0, 0x7F, 0xFF,
    0x80, 0xFE, 0x3E, 0x00, 0xE0, 0x00, 0x00, 0x00, 0x00, 0x00, 0x00, 0x00, 0xF0, 0x00, 0x03, 0xC0,
    0x00, 0x0F, 0xFC, 0x1F, 0xBF, 0xF0, 0x7F, 0xFF, 0xC1, 0xFF, 0xFF, 0x07, 0xFE, 0xFC, 0x1F, 0xE3,
    0xF0, 0x7E, 0x0F, 0xC1, 0xF8, 0x3F, 0x07, 0xE0, 0xFC, 0x1F, 0x83, 0xF0, 0x7E, 0x0F, 0xC1, 0xF8,
    0x3F, 0x07, 0xE0, 0xFC, 0x1F, 0x83, 0xF0, 0x7E, 0x0F, 0xC3, 0xF8, 0x3F, 0x0F, 0xE0, 0xFF, 0xFF,
    0x83, 0xFF, 0xFE, 0x07, 0xFD, 0xF8, 0x0F, 0xE7, 0xE0, 0x0C, 0x00, 0x00, 0x00, 0x00, 0x00, 0x3C,
    0x00, 0x01, 0xF8, 0x00, 0x07, 0xE0, 0x00, 0x1F, 0x80, 0x00, 0x7E, 0x00, 0x00, 0xF0, 0x00, 0xFF,
    0xFF, 0xFF, 0xFF, 0xE0, 0x00, 0x88, 0xA0, 0x83, 0x8A, 0x84, 0x08, 0x10, 0x20, 0x40, 0x81, 0x02,
    0x04, 0x08, 0x10, 0x20, 0x40, 0x81, 0x02, 0x04, 0x08, 0x10, 0x20, 0x40, 0x81, 0x02, 0x04, 0x08,
    0x10, 0x20, 0x40, 0x81, 0x02, 0x00, 0x00, 0x40, 0xBE, 0x8A, 0x48, 0x20, 0x82, 0x08, 0x20, 0x82,
    0x08, 0x20, 0x82, 0x08, 0x20, 0x82, 0x08, 0x20, 0x82, 0x08, 0x20, 0x82, 0x08, 0x20, 0x82, 0x08,
    0x20, 0x82, 0x08, 0x00, 0x00, 0x84, 0x1F, 0x44, 0x90, 0x41, 0x04, 0x10, 0x41, 0x04, 0x10, 0x41,
    0x04, 0x10, 0x41, 0x04, 0x10, 0x41, 0x04, 0x10, 0x41, 0x04, 0x10, 0x41, 0x04, 0x10, 0x41, 0x04,
    0x10, 0x40, 0x00, 0x00, 0x3F, 0xFF, 0xFF, 0xFF, 0xFF, 0xFF, 0xFF, 0xFF, 0xFF, 0xC0, 0x00, 0x00,
    0x00, 0x0F, 0xFF, 0xFF, 0xFF, 0xFF, 0xFF, 0xFF, 0xFF, 0xFF, 0xFF, 0xFF, 0xFF, 0xFF, 0xFF, 0xF0,
    0x1C, 0xF3, 0x9E, 0x79, 0xEF, 0xBF, 0xFF, 0xE7, 0x00, 0x38, 0xF9, 0xFB, 0xF7, 0xC7, 0x8F, 0x3C,
    0x78, 0xE1, 0xC0, 0x1C, 0x38, 0xF0, 0xE3, 0x87, 0x9E, 0x1E, 0x78, 0xF1, 0xE3, 0xCF, 0x8F, 0xBF,
    0x7E, 0xFD, 0xFB, 0xE3, 0xE7, 0x07, 0x00, 0x38, 0x39, 0xF1, 0xF7, 0xEF, 0xDF, 0xBF, 0x7C, 0x7C,
    0xF1, 0xE3, 0xC7, 0x9E, 0x1E, 0x78, 0x71, 0xC3, 0xC7, 0x0E, 0x00, 0x38, 0x39, 0xF1, 0xF7, 0xEF,
    0xDF, 0xBF, 0x7C, 0x7C, 0xF1, 0xE3, 0xC7, 0x9E, 0x1E, 0x78, 0x71, 0xC3, 0xC7, 0x0E, 0x00, 0x30,
    0x18, 0x0C, 0x78, 0x3C, 0x1E, 0xFC, 0x7E, 0x3F, 0xFC, 0x7E, 0x3F, 0xFC, 0x7E, 0x3F, 0xFC, 0x7E,
    0x3F, 0x78, 0x3C, 0x1E, 0x30, 0x18, 0x0C, 0x7F, 0x9F, 0xE7, 0xF9, 0xFE, 0x0F, 0x83, 0xE0, 0xF8,
    0x3E, 0x0F, 0x83, 0xE0, 0xF8, 0x3E, 0x0F, 0x83, 0x80, 0x00, 0x00, 0x07, 0x01, 0xC0, 0x30, 0x00,
    0x10, 0x37, 0x18, 0x7C, 0x7F, 0x9F, 0xE7, 0xF9, 0xFE, 0x7F, 0x9F, 0xE7, 0xF9, 0xFE, 0x0F, 0x83,
    0xE0, 0xF8, 0x3E, 0x0F, 0x83, 0xE0, 0xF8, 0x3E, 0x0F, 0x83, 0xE0, 0xF8, 0x3E, 0x0F, 0x83, 0xE0,
    0xF8, 0x3E, 0x0F, 0x83, 0xE0, 0x80, 0x20, 0x00, 0x00, 0x00, 0x00, 0x00, 0x0F, 0xFF, 0xE0, 0xFF,
    0xFE, 0x00, 0x00, 0x00, 0x7E, 0x01, 0xF3, 0xF0, 0x0F, 0x8F, 0xC0, 0x7C, 0x7E, 0x03, 0xE1, 0xF0,
    0x1F, 0x0F, 0xC0, 0xF8, 0x7E, 0x07, 0xC1, 0xF0, 0x3E, 0x0F, 0xC1, 0xF0, 0x7E, 0x0F, 0x81, 0xF0,
    0xFC, 0x0F, 0x87, 0xE0, 0x7E, 0x3E, 0x01, 0xF1, 0xF0, 0x0F, 0x9F, 0x80, 0x7F, 0xF8, 0x03, 0xFF,
    0xC3, 0xFF, 0xFC, 0x1F, 0xFF, 0xC0, 0xFF, 0xF8, 0x07, 0xFE, 0x00, 0x00, 0x7F, 0x80, 0x00, 0x0F,
    0x87, 0xF8, 0x00, 0x01, 0xF0, 0x7F, 0x80, 0x00, 0x3E, 0x03, 0xFC, 0x00, 0x07, 0xC0, 0x3F, 0xC0,
    0x00, 0xF8, 0x03, 0xFC, 0x00, 0x1F, 0x00, 0x7F, 0xE0, 0x03, 0xE0, 0x1F, 0xFE, 0x00, 0x7C, 0x07,
    0xDF, 0xE0, 0x1F, 0x81, 0xF1, 0xFE, 0x03, 0xE0, 0x7C, 0x0F, 0xF0, 0x7C, 0x0F, 0x80, 0xFF, 0x1F,
    0x01, 0xF0, 0x0F, 0xF7, 0xE0, 0x7E, 0x00, 0xFF, 0xF8, 0x0F, 0xC0, 0x07, 0xFC, 0x01, 0xF0, 0x00,
    0x7F, 0x80, 0x3E, 0x00, 0x07, 0xF8, 0x07, 0xC0, 0x00, 0x3F, 0xC0, 0xF8, 0x00, 0x03, 0xFC, 0x1F,
    0x00, 0x00, 0x3F, 0xC3, 0xE0, 0x00, 0x03, 0xFC, 0xFF, 0xFF, 0xFF, 0xFF, 0xFF, 0xFF, 0xFF, 0xFF,
    0xFF, 0xFF, 0xFF, 0xFF, 0xFF, 0xFF, 0xFF, 0xF0, 0x00, 0x00, 0x0F, 0x00, 0x00, 0x00, 0x3C, 0x00,
    0x00, 0x00, 0x78, 0x00, 0x00, 0x01, 0xF0, 0x00, 0x00, 0x03, 0xE0, 0x00, 0x00, 0x07, 0xC0, 0x00,
    0x00, 0x0F, 0x80, 0x00, 0x00, 0x1F, 0x00, 0x00, 0x00, 0x3E, 0x00, 0x00, 0x00, 0x7C, 0x00, 0x00,
    0x00, 0xF8, 0x00, 0x00, 0x01, 0xF0, 0x00, 0x00, 0x03, 0xE0, 0x00, 0x00, 0x07, 0xC0, 0x00, 0x00,
    0x0F, 0x80, 0x00, 0x00, 0x1F, 0x00, 0x00, 0x00, 0x3E, 0x00, 0xFF, 0xFF, 0xFF, 0xF8, 0xFF, 0xFF,
    0xFF, 0xFC, 0xFF, 0xFF, 0xFF, 0xFE, 0xFF, 0xFF, 0xFF, 0xFF, 0x00, 0x00, 0x00, 0x7F, 0x00, 0x00,
    0x00, 0x3F, 0x00, 0x00, 0x00, 0x1F, 0x00, 0x00, 0x00, 0x1F, 0x00, 0x00, 0x00, 0x1F, 0xF8, 0x00,
    0x00, 0x1F, 0xF8, 0x00, 0x00, 0x1F, 0xF8, 0x00, 0x00, 0x1F, 0xF8, 0x00, 0x00, 0x1F, 0xF8, 0x00,
    0x00, 0x1F, 0xF8, 0x00, 0x00, 0x1F, 0xF8, 0x00, 0x00, 0x1F, 0xF8, 0x00, 0x00, 0x1F, 0xF8, 0x00,
    0x00, 0x1F, 0xF8, 0x00, 0x00, 0x1F, 0xF8, 0x00, 0x00, 0x1F, 0xF8, 0x00, 0x00, 0x1F, 0x7F, 0xFF,
    0xFF, 0xC0, 0x7F, 0xFF, 0xFF, 0xF0, 0x7F, 0xFF, 0xFF, 0xF8, 0x7F, 0xFF, 0xFF, 0xFC, 0x00, 0x00,
    0x03, 0xFC, 0x00, 0x00, 0x00, 0x7E, 0x00, 0x00, 0x00, 0x7E, 0x00, 0x00, 0x00, 0x3E, 0x00, 0x00,
    0x00, 0x3E, 0x00, 0x00, 0x00, 0x3E, 0x00, 0x00, 0x00, 0x3E, 0x00, 0x00, 0x00, 0x3E, 0x00, 0x00,
    0x00, 0x3E, 0x00, 0x00, 0x00, 0x3E, 0x00, 0x00, 0x00, 0x7E, 0x00, 0x00, 0x00, 0xFE, 0x00, 0x00,
    0x03, 0xFC, 0x7F, 0xFF, 0xFF, 0xFC, 0x7F, 0xFF, 0xFF, 0xF8, 0x7F, 0xFF, 0xFF, 0xF0, 0x7F, 0xFF,
    0xFF, 0xC0, 0xF8, 0x00, 0x00, 0x03, 0xE0, 0x00, 0x00, 0x0F, 0x80, 0x00, 0x00, 0x3E, 0x00, 0x00,
    0x00, 0xF8, 0x00, 0x00, 0x03, 0xE0, 0x00, 0x00, 0x0F, 0x80, 0x00, 0x00, 0x3F, 0xFF, 0xFF, 0xF0,
    0xFF, 0xFF, 0xFF, 0xE3, 0xFF, 0xFF, 0xFF, 0xCF, 0xFF, 0xFF, 0xFF, 0x80, 0x00, 0x01, 0xFE, 0x00,
    0x00, 0x01, 0xF8, 0x00, 0x00, 0x03, 0xE0, 0x00, 0x00, 0x0F, 0x80, 0x00, 0x00, 0x3E, 0x00, 0x00,
    0x00, 0xF8, 0x00, 0x00, 0x03, 0xE0, 0x00, 0x00, 0x0F, 0x80, 0x00, 0x00, 0x7E, 0x00, 0x00, 0x01,
    0xF0, 0x00, 0x00, 0x0F, 0xC0, 0x00, 0x00, 0x7F, 0x00, 0x00, 0x03, 0xF8, 0x00, 0x00, 0x1F, 0xC0,
    0x00, 0x00, 0x7E, 0x00, 0x00, 0x01, 0xF0, 0x00, 0x00, 0x07, 0x80, 0x00, 0x00, 0x08, 0x00, 0xFF,
    0xFF, 0xFF, 0xFC, 0x7F, 0xFF, 0xFF, 0xFF, 0x3F, 0xFF, 0xFF, 0xFF, 0xDF, 0xFF, 0xFF, 0xFF, 0xF1,
    0xE0, 0x00, 0x03, 0xF9, 0xE0, 0x00, 0x00, 0xFC, 0xF0, 0x00, 0x00, 0x3E, 0xF8, 0x00, 0x00, 0x1F,
    0x7C, 0x00, 0x00, 0x0F, 0xBE, 0x00, 0x00, 0x07, 0xDF, 0x00, 0x00, 0x03, 0xEF, 0x80, 0x00, 0x01,
    0xF7, 0xC0, 0x00, 0x00, 0xFB, 0xE0, 0x00, 0x00, 0x7D, 0xF0, 0x00, 0x00, 0x3E, 0xF8, 0x00, 0x00,
    0x1F, 0x7E, 0x00, 0x00, 0x1F, 0xBF, 0xFF, 0xFF, 0xFF, 0xDF, 0xFF, 0xFF, 0xFF, 0xEF, 0xFF, 0xFF,
    0xFF, 0xF7, 0xFF, 0xFF, 0xFF, 0xF8, 0xFF, 0xFF, 0xFF, 0xE1, 0xFF, 0xFF, 0xFF, 0xF3, 0xFF, 0xFF,
    0xFF, 0xE7, 0xFF, 0xFF, 0xFF, 0xE0, 0x00, 0x00, 0x1F, 0xC0, 0x00, 0x00, 0x0F, 0x80, 0x00, 0x00,
    0x1F, 0x00, 0x00, 0x00, 0x3E, 0x00, 0x00, 0x00, 0x7C, 0x00, 0x00, 0x00, 0xF8, 0x00, 0x00, 0x01,
    0xF0, 0x00, 0x00, 0x03, 0xE0, 0x00, 0x00, 0x07, 0xC0, 0x00, 0x00, 0x0F, 0x80, 0x00, 0x00, 0x1F,
    0x00, 0x00, 0x00, 0x3E, 0x00, 0x00, 0x00, 0x7C, 0x00, 0x00, 0x00, 0xF8, 0x00, 0x00, 0x01, 0xF0,
    0x00, 0x00, 0x03, 0xE0, 0x00, 0x00, 0x07, 0xC0, 0x7F, 0xFF, 0xFF, 0xFF, 0x87, 0xFF, 0xFF, 0xFF,
    0xFC, 0x7F, 0xFF, 0xFF, 0xFF, 0xE7, 0xFF, 0xFF, 0xFF, 0xFF, 0x0F, 0xC0, 0x00, 0x07, 0xF0, 0xF8,
    0x00, 0x00, 0x3F, 0x0F, 0x80, 0x00, 0x01, 0xF0, 0xF8, 0x00, 0x00, 0x1F, 0x0F, 0x80, 0x00, 0x01,
    0xF0, 0xF8, 0x00, 0x00, 0x1F, 0x0F, 0x80, 0x00, 0x01, 0xF0, 0xF8, 0x00, 0x00, 0x1F, 0x0F, 0x80,
    0x00, 0x01, 0xF0, 0xF8, 0x00, 0x00, 0x1F, 0x0F, 0x80, 0x00, 0x01, 0xF0, 0xF8, 0x00, 0x00, 0x1F,
    0x0F, 0x80, 0x00, 0x01, 0xF7, 0xF8, 0x00, 0x00, 0x1F, 0x7F, 0x80, 0x00, 0x01, 0xF7, 0xF0, 0x00,
    0x00, 0x1F, 0x7F, 0x00, 0x00, 0x01, 0xF1, 0x80, 0x00, 0x00, 0x00, 0x00, 0xF8, 0x00, 0x07, 0xC0,
    0x00, 0x3E, 0x00, 0x01, 0xF0, 0x00, 0x0F, 0x80, 0x00, 0x7C, 0x00, 0x03, 0xE0, 0x00, 0x1F, 0x00,
    0x00, 0xF8, 0x07, 0xFF, 0xFF, 0xFF, 0xFF, 0xFF, 0xFF, 0xFF, 0xFF, 0xFF, 0xFF, 0x80, 0x00, 0x00,
    0x07, 0x00, 0x00, 0x03, 0x80, 0x00, 0x00, 0xC0, 0x00, 0x00, 0x00, 0x00, 0x00, 0x03, 0xE0, 0xF8,
    0x7D, 0xF0, 0x7C, 0x3E, 0xF8, 0x3E, 0x1F, 0x7E, 0x1F, 0x0F, 0xBF, 0x0F, 0x87, 0xDF, 0x87, 0xC3,
    0xE7, 0xC3, 0xE3, 0xF3, 0xE3, 0xF1, 0xF9, 0xF1, 0xF8, 0xFC, 0xF9, 0xF8, 0x7E, 0x7F, 0xF8, 0x3E,
    0x3F, 0xFC, 0x3F, 0x1F, 0xF8, 0x1F, 0x8F, 0xF0, 0x1F, 0x83, 0xE0, 0x1F, 0xC1, 0xF0, 0x1F, 0xC0,
    0xFC, 0x7F, 0xE0, 0x7F, 0xFF, 0xE0, 0x3F, 0xFF, 0xC0, 0x1F, 0xFF, 0xC0, 0x0F, 0xFF, 0x00, 0x00,
    0x38, 0x00, 0x00, 0x0E, 0x00, 0x00, 0x03, 0x00, 0x00, 0x00, 0x00, 0x00, 0x00, 0x00, 0x00, 0x00,
    0x1F, 0x07, 0xC3, 0xE7, 0xC1, 0xF0, 0xF9, 0xF0, 0x7C, 0x3E, 0x7E, 0x1F, 0x0F, 0x9F, 0x87, 0xC3,
    0xE7, 0xE1, 0xF0, 0xF8, 0xF8, 0xFC, 0x3E, 0x3E, 0x3F, 0x0F, 0x8F, 0x8F, 0x87, 0xE3, 0xE7, 0xE1,
    0xF8, 0xFF, 0xF0, 0x7E, 0x3F, 0xF8, 0x1F, 0x0F, 0xFC, 0x0F, 0xC3, 0xFC, 0x03, 0xF0, 0x7C, 0x01,
    0xF8, 0x1F, 0x01, 0xFE, 0x07, 0xC3, 0xFF, 0x01, 0xFF, 0xFF, 0x80, 0x7F, 0xFF, 0xC0, 0x1F, 0xFF,
    0xC0, 0x07, 0xFF, 0x80, 0x00, 0x00, 0x00, 0x07, 0x00, 0x00, 0x03, 0x80, 0x00, 0x00, 0xC0, 0x00,
    0x00, 0x00, 0x00, 0x00, 0x03, 0xE0, 0xF8, 0x7D, 0xF0, 0x7C, 0x3E, 0xF8, 0x3E, 0x1F, 0x7E, 0x1F,
    0x0F, 0xBF, 0x0F, 0x87, 0xDF, 0x87, 0xC3, 0xE7, 0xC3, 0xE3, 0xF3, 0xE3, 0xF1, 0xF9, 0xF1, 0xFE,
    0xFC, 0xF9, 0xFB, 0xFE, 0x7F, 0xF9, 0xFE, 0x3F, 0xFC, 0x3F, 0x1F, 0xF8, 0x1F, 0x8F, 0xF0, 0x1F,
    0x83, 0xE0, 0x1F, 0xC1, 0xF0, 0x1F, 0xC0, 0xFC, 0x7F, 0xE0, 0x7F, 0xFF, 0xE0, 0x3F, 0xFF, 0xC0,
    0x1F, 0xFF, 0xC0, 0x0F, 0xFF, 0x00, 0x00, 0x38, 0x00, 0x00, 0x0E, 0x00, 0x00, 0x03, 0x00, 0x00,
    0x00, 0x00, 0x00, 0x00, 0x00, 0x00, 0x00, 0x1F, 0x07, 0xC3, 0xE7, 0xC1, 0xF0, 0xF9, 0xF0, 0x7C,
    0x3E, 0x7E, 0x1F, 0x0F, 0x9F, 0x87, 0xC3, 0xE7, 0xE1, 0xF0, 0xF8, 0xF8, 0xFC, 0x3E, 0x3E, 0x3F,
    0x0F, 0x8F, 0x8F, 0xB7, 0xE3, 0xE7, 0xEF, 0xF8, 0xFF, 0xF3, 0xFE, 0x3F, 0xF8, 0x1F, 0x0F, 0xFC,
    0x0F, 0xC3, 0xFC, 0x03, 0xF0, 0x7C, 0x01, 0xF8, 0x1F, 0x01, 0xFE, 0x07, 0xC3, 0xFF, 0x01, 0xFF,
    0xFF, 0x80, 0x7F, 0xFF, 0xC0, 0x1F, 0xFF, 0xC0, 0x07, 0xFF, 0x80, 0x00, 0x7E, 0x01, 0xF0, 0xFC,
    0x07, 0xC1, 0xF8, 0x1F, 0x07, 0xE0, 0x7C, 0x0F, 0xC1, 0xF0, 0x1F, 0x87, 0xC0, 0x3F, 0x1F, 0x00,
    0xFC, 0x7C, 0x07, 0xF9, 0xF0, 0x3F, 0xF7, 0xC1, 0xFF, 0xFE, 0x07, 0xDF, 0xF8, 0x3F, 0x3F, 0xC0,
    0xFC, 0x7E, 0x03, 0xE1, 0xFC, 0x0F, 0x83, 0xF0, 0x3E, 0x07, 0xE0, 0xF8, 0x0F, 0xC3, 0xE0, 0x3F,
    0x0F, 0x80, 0x7E, 0x3E, 0x00, 0xF8, 0x00, 0x00, 0x00, 0x00, 0x00, 0x00, 0x00, 0x00, 0x00, 0xFF,
    0x00, 0x03, 0xFC, 0x00, 0x7E, 0x01, 0xF0, 0xFC, 0x07, 0xC1, 0xF8, 0x1F, 0x07, 0xF0, 0x7C, 0x0F,
    0xC1, 0xF0, 0x1F, 0x87, 0xC0, 0x3F, 0x1F, 0x00, 0xFC, 0x7C, 0x07, 0xF9, 0xF0, 0x3F, 0xF7, 0xC1,
    0xFF, 0xFE, 0x07, 0xDF, 0xF8, 0x3F, 0x3F, 0xC0, 0xFC, 0x7E, 0x03, 0xE1, 0xFC, 0x0F, 0x83, 0xF0,
    0x3E, 0x07, 0xE0, 0xF8, 0x0F, 0xC3, 0xE0, 0x3F, 0x0F, 0x80, 0x7E, 0x3E, 0x00, 0xF8, 0x00, 0x00,
    0x00, 0x00, 0x00, 0x00, 0x3F, 0xC0, 0x00, 0xFF, 0x00, 0x00, 0x60, 0x00, 0x01, 0x80, 0x00, 0x06,
    0x00, 0x00, 0x18, 0x00, 0x7E, 0x01, 0xF0, 0xFC, 0x07, 0xC1, 0xF8, 0x1F, 0x07, 0xF0, 0x7C, 0x0F,
    0xC1, 0xF0, 0x1F, 0x87, 0xC0, 0x3F, 0x1F, 0x00, 0xFC, 0x7C, 0x0F, 0xF9, 0xF0, 0x3F, 0xFF, 0x81,
    0xFF, 0xFE, 0x07, 0xDF, 0xF0, 0x3F, 0x3F, 0x80, 0xF8, 0xFE, 0x03, 0xE1, 0xF8, 0x0F, 0x9B, 0xF0,
    0x3E, 0xEF, 0xE0, 0xFB, 0x9F, 0x83, 0xE0, 0x3F, 0x0F, 0x80, 0xFE, 0x3E, 0x01, 0xF8, 0x7F, 0xF8,
    0x0F, 0xFF, 0xC1, 0xFF, 0xF8, 0x3F, 0xFF, 0x80, 0x07, 0xF0, 0x00, 0x3E, 0x00, 0x07, 0xC0, 0x00,
    0xF8, 0x03, 0x1F, 0x00, 0x73, 0xE0, 0x0E, 0x7C, 0x00, 0x0F, 0x80, 0x01, 0xF0, 0x00, 0x3E, 0x00,
    0x07, 0xC0, 0x00, 0xF8, 0x00, 0x1F, 0x8F, 0xFF, 0xFD, 0xFF, 0xFF, 0xBF, 0xFF, 0xF7, 0xFF, 0xFE,
    0x3F, 0xC0, 0xFF, 0x83, 0xFF, 0x0F, 0xFE, 0x03, 0xF8, 0x07, 0xE0, 0x0F, 0x80, 0x3E, 0x18, 0xF8,
    0x73, 0xE1, 0xCF, 0x80, 0x7E, 0x01, 0xF8, 0x1F, 0xE0, 0xFF, 0x9F, 0xFE, 0x7F, 0xF9, 0xFB, 0xE7,
    0xCF, 0xDE, 0x3F, 0xF0, 0xFD, 0x00, 0x00, 0xFF, 0xFF, 0xFF, 0xFF, 0xFF, 0xFF, 0xFB, 0xFF, 0xFE,
    0x00, 0x3E, 0x00, 0x0F, 0x00, 0x03, 0xC0, 0x01, 0xF0, 0x0C, 0x7C, 0x03, 0x9F, 0x00, 0xE7, 0xC0,
    0x01, 0xF0, 0x00, 0x7C, 0x00, 0x1F, 0x00, 0x07, 0xC0, 0x01, 0xF0, 0x00, 0x7C, 0x00, 0x1F, 0x00,
    0x07, 0xC0, 0x01, 0xF0, 0x00, 0x7C, 0x00, 0xFF, 0xFE, 0x3F, 0xFF, 0xCF, 0xFF, 0xFB, 0xFF, 0xFF,
    0x00, 0x1F, 0xC0, 0x03, 0xF0, 0x00, 0x7C, 0x00, 0x1F, 0x00, 0x07, 0xFE, 0x71, 0xFF, 0x9C, 0x7F,
    0xE3, 0x1F, 0xF8, 0x07, 0xFE, 0x01, 0xFF, 0x80, 0x7F, 0xE0, 0x1F, 0xF8, 0x07, 0xFE, 0x01, 0xFF,
    0x80, 0x7F, 0xE0, 0x1F, 0xF8, 0x07, 0xC0, 0x7F, 0xBF, 0xFF, 0xFF, 0xF1, 0xF8, 0x7C, 0x3E, 0x1F,
    0xCF, 0xF7, 0xFB, 0xE1, 0xF0, 0xF8, 0x7C, 0x3E, 0x1F, 0x0F, 0x87, 0xC3, 0xE1, 0xF0, 0xF8, 0x7F,
    0xFB, 0xFF, 0xDF, 0xFC, 0xFF, 0xE0, 0x7C, 0x03, 0xC0, 0x1E, 0x01, 0xF0, 0xCF, 0x87, 0x7C, 0x3B,
    0xE0, 0x1F, 0x00, 0xF8, 0x07, 0xC0, 0x3E, 0x01, 0xF0, 0x0F, 0x80, 0x7C, 0x03, 0xE0, 0x1F, 0x00,
    0xF8, 0x00, 0xFC, 0x7F, 0x07, 0xE3, 0xFC, 0x1F, 0x1F, 0xF0, 0xF8, 0xFF, 0xC7, 0xC0, 0xFF, 0x3E,
    0x01, 0xF9, 0xF0, 0x0F, 0xCF, 0x80, 0x3E, 0x7E, 0x61, 0xF3, 0xF3, 0x8F, 0x9F, 0x9C, 0x7C, 0xFC,
    0x03, 0xE7, 0xE0, 0x3F, 0x1F, 0x01, 0xF8, 0xF8, 0x1F, 0x87, 0xC1, 0xFC, 0x3E, 0x3F, 0xC1, 0xFF,
    0xFE, 0x0F, 0xFF, 0xE0, 0x7F, 0xFC, 0x03, 0xFF, 0x80, 0x00, 0x7F, 0xBF, 0xDF, 0xEF, 0xF1, 0xF8,
    0x7C, 0x3F, 0x9F, 0xEF, 0xF7, 0xC3, 0xE1, 0xF0, 0xF8, 0x60, 0xFF, 0xF8, 0xFF, 0xFC, 0xFF, 0xFE,
    0xFF, 0xFF, 0x00, 0x7F, 0x00, 0x3F, 0x00, 0x1F, 0x00, 0x1F, 0x00, 0x1F, 0x0E, 0x1F, 0x0E, 0x1F,
    0x0C, 0x1F, 0x00, 0x1F, 0x00, 0x1F, 0x00, 0x1F, 0x00, 0x1F, 0x00, 0x1F, 0x00, 0x1F, 0x00, 0x1F,
    0x00, 0x1F, 0x00, 0x1F, 0x00, 0x1F, 0x00, 0x1F, 0x00, 0x1F, 0x00, 0x1F, 0x00, 0x1F, 0x00, 0x1F,
    0x00, 0x1F, 0x00, 0x1F, 0x00, 0x1C, 0xFF, 0xE0, 0xFF, 0xF8, 0xFF, 0xFC, 0xFF, 0xFE, 0x01, 0xFE,
    0x00, 0x7F, 0x00, 0x3F, 0x00, 0x3F, 0x0C, 0x1F, 0x0E, 0x1F, 0x0E, 0x1F, 0x00, 0x1F, 0x00, 0x3F,
    0x00, 0x3F, 0x00, 0x3F, 0x00, 0x7E, 0x01, 0xFE, 0xFF, 0xFE, 0xFF, 0xFC, 0xFF, 0xF8, 0xFF, 0xE0,
    0xF8, 0x00, 0x7C, 0x00, 0x3E, 0x00, 0x1F, 0x00, 0x0F, 0x80, 0x07, 0xC0, 0x03, 0xE0, 0x01, 0xFF,
    0xF0, 0xFF, 0xFC, 0x7F, 0xFF, 0x3F, 0xFF, 0xC0, 0x1F, 0xE0, 0x03, 0xF0, 0x00, 0xF8, 0x00, 0x7C,
    0x00, 0x3E, 0x0E, 0x1F, 0x07, 0x0F, 0x83, 0x07, 0xC0, 0x07, 0xE0, 0x03, 0xF0, 0x03, 0xF0, 0x01,
    0xF8, 0x01, 0xF8, 0x03, 0xF8, 0x01, 0xFC, 0x00, 0xFC, 0x00, 0x78, 0x00, 0x18, 0x00, 0x00, 0x00,
    0x00, 0x1F, 0x83, 0xF3, 0xFE, 0x1F, 0xBF, 0xF8, 0x7F, 0xFF, 0xE3, 0xFE, 0x7F, 0x1F, 0xC1, 0xF8,
    0xFC, 0x07, 0xE7, 0xC0, 0x3F, 0x3E, 0x01, 0xF9, 0xF1, 0x87, 0xDF, 0x8E, 0x3E, 0xFC, 0x71, 0xF7,
    0xE0, 0x0F, 0xBF, 0x00, 0x7D, 0xF8, 0x03, 0xEF, 0x80, 0x3F, 0x7C, 0x01, 0xFB, 0xE0, 0x0F, 0xFF,
    0x0F, 0xFF, 0xF8, 0x7F, 0xFF, 0xC3, 0xFF, 0xFE, 0x3F, 0xF8, 0x3F, 0x83, 0xFC, 0x3F, 0xE3, 0xFF,
    0x07, 0xF0, 0x3F, 0x01, 0xF0, 0x1F, 0x31, 0xF3, 0x9F, 0x39, 0xF0, 0x1F, 0x01, 0xF0, 0x1F, 0x01,
    0xF0, 0x1F, 0x03, 0xF7, 0xFF, 0x7F, 0xF7, 0xFF, 0x7F, 0xF0, 0xFF, 0xFE, 0x07, 0xFF, 0xFC, 0x3F,
    0xFF, 0xF1, 0xFF, 0xFF, 0xC3, 0xC0, 0xFE, 0x1E, 0x01, 0xF9, 0xF0, 0x0F, 0xCF, 0x80, 0x3E, 0xF8,
    0x61, 0xF7, 0xC3, 0x8F, 0xBE, 0x1C, 0x7D, 0xF0, 0x03, 0xEF, 0xC0, 0x1F, 0x7E, 0x01, 0xFB, 0xF0,
    0x0F, 0xCF, 0xC0, 0xFE, 0x7F, 0x0F, 0xE3, 0xFF, 0xFF, 0x0F, 0xFF, 0xF0, 0x3F, 0xFF, 0x00, 0x7F,
    0xE0, 0x00, 0x78, 0x00, 0x00, 0x00, 0x00, 0x7F, 0xE0, 0x0F, 0xFF, 0x03, 0xFF, 0xFC, 0x7F, 0xFF,
    0xC7, 0xF0, 0xFE, 0xFC, 0x07, 0xEF, 0xC0, 0x3F, 0xF8, 0x03, 0xFF, 0x80, 0x1F, 0xFC, 0x31, 0xFF,
    0xC3, 0x9F, 0x7E, 0x39, 0xF7, 0xF0, 0x1F, 0x3F, 0x01, 0xF1, 0xF0, 0x1F, 0x0F, 0x01, 0xF0, 0x10,
    0x1F, 0x00, 0x01, 0xF0, 0x00, 0x1F, 0x00, 0x01, 0xF0, 0x00, 0x1F, 0x00, 0x01, 0xF0, 0x00, 0x1F,
    0x00, 0x01, 0xF0, 0x00, 0x1F, 0x00, 0x01, 0xF0, 0x00, 0x1F, 0x00, 0x01, 0xF0, 0x00, 0x1F, 0x00,
    0x01, 0xF0, 0x03, 0xF8, 0x01, 0xFF, 0xE0, 0x3F, 0xFF, 0x07, 0xFF, 0xF8, 0x7F, 0xBF, 0xCF, 0xC0,
    0xFC, 0xFC, 0x07, 0xEF, 0x80, 0x7E, 0xFC, 0x03, 0xEF, 0xC3, 0x3E, 0xFF, 0x3B, 0xE7, 0xF3, 0xBE,
    0x3F, 0x03, 0xE1, 0xF0, 0x3E, 0x07, 0x07, 0xE0, 0x00, 0x7E, 0x00, 0x0F, 0xC0, 0x07, 0xFC, 0x3F,
    0xFF, 0x83, 0xFF, 0xF0, 0x3F, 0xFE, 0x03, 0xFF, 0x80, 0xFE, 0x03, 0xEF, 0xC0, 0x7C, 0xFC, 0x0F,
    0x9F, 0xC1, 0xF1, 0xF8, 0x3E, 0x1F, 0x87, 0xC1, 0xF9, 0xF8, 0x3F, 0xBE, 0x03, 0xF7, 0xC0, 0x3F,
    0xF0, 0x03, 0xFC, 0x04, 0x7F, 0x01, 0xC7, 0xE0, 0x38, 0x7E, 0x00, 0x07, 0xE0, 0x00, 0xFC, 0x00,
    0x0F, 0xCF, 0xFF, 0xFD, 0xFF, 0xFF, 0xFF, 0xFF, 0xFF, 0xFF, 0xFE, 0xFF, 0xFF, 0x0F, 0xFF, 0xF8,
    0xFF, 0xFF, 0xCF, 0xFF, 0xFE, 0x00, 0x1F, 0xE0, 0x00, 0x7E, 0x00, 0x03, 0xE0, 0x00, 0x3E, 0x7C,
    0x03, 0xE7, 0xCE, 0x3E, 0x7C, 0xE3, 0xE7, 0xC6, 0x3E, 0x7C, 0x07, 0xE7, 0xC0, 0x7C, 0x7C, 0x07,
    0xC7, 0xC0, 0xFC, 0x7C, 0x1F, 0x87, 0xC3, 0xF8, 0x7C, 0x3F, 0x07, 0xC3, 0xE0, 0x7C, 0x3C, 0x07,
    0xC3, 0x00, 0x7C, 0x00, 0x07, 0xC0, 0x00, 0x7C, 0x00, 0x07, 0xC0, 0x00, 0x7C, 0x00, 0x07, 0xC0,
    0x00, 0x7C, 0x00, 0x07, 0x00, 0x00, 0xFF, 0xFC, 0x7F, 0xFF, 0x3F, 0xFF, 0xDF, 0xFF, 0xF0, 0x03,
    0xF8, 0x00, 0xFC, 0x00, 0x3E, 0x00, 0x1F, 0x06, 0x0F, 0x83, 0x87, 0xC1, 0xC3, 0xE0, 0x01, 0xF0,
    0x00, 0xF8, 0x00, 0x7C, 0x00, 0x3E, 0x00, 0x1F, 0x00, 0x0F, 0x80, 0x07, 0xC0, 0x03, 0xE0, 0x01,
    0xF0, 0x00, 0xF8, 0x7C, 0x1F, 0x0F, 0xBE, 0x0F, 0x87, 0xDF, 0x07, 0xC3, 0xEF, 0xC3, 0xE1, 0xF7,
    0xE1, 0xF0, 0xFB, 0xF0, 0xF8, 0x7C, 0xF8, 0x7C, 0x7E, 0x7C, 0x7E, 0x3F, 0x3E, 0x3F, 0xDF, 0x9F,
    0x3F, 0x7F, 0xCF, 0xFF, 0x3F, 0xC7, 0xFF, 0x87, 0xE3, 0xFF, 0x03, 0xF1, 0xFE, 0x03, 0xF0, 0x7C,
    0x03, 0xF8, 0x3E, 0x03, 0xF8, 0x1F, 0x8F, 0xFC, 0x0F, 0xFF, 0xFC, 0x07, 0xFF, 0xF8, 0x03, 0xFF,
    0xF8, 0x01, 0xFF, 0xE0, 0x00, 0x7F, 0xFF, 0xC1, 0xFF, 0xFF, 0xC7, 0xFF, 0xFF, 0x1F, 0xFF, 0xFE,
    0x0F, 0xC3, 0xF8, 0x3E, 0x03, 0xE0, 0xF8, 0x0F, 0x83, 0xE0, 0x3E, 0x0F, 0x8C, 0xF8, 0x3E, 0x73,
    0xE0, 0xF9, 0xCF, 0x83, 0xE0, 0x3E, 0x0F, 0x80, 0xF8, 0x3E, 0x03, 0xE0, 0xF8, 0x0F, 0x83, 0xE0,
    0x3E, 0x0F, 0x80, 0xF9, 0xFE, 0x03, 0xE7, 0xF8, 0x0F, 0x9F, 0xC0, 0x3E, 0x7F, 0x00, 0xF8, 0x60,
    0x00, 0x00, 0x0E, 0x03, 0x80, 0xC0, 0x00, 0x00, 0x1F, 0xE7, 0xF9, 0xFE, 0x7F, 0x83, 0xE0, 0xF8,
    0x3E, 0x0F, 0x83, 0xE0, 0xF8, 0x3E, 0x0F, 0x83, 0xE0, 0xF8, 0x3E, 0x0F, 0x83, 0xE0, 0xF8, 0x3E,
    0x0F, 0x83, 0xE0, 0x0F, 0xF8, 0x01, 0xFF, 0x00, 0x00, 0x00, 0x00, 0x00, 0x00, 0x00, 0x00, 0xFF,
    0xF0, 0x1F, 0xFF, 0x03, 0xFF, 0xF0, 0x7F, 0xFF, 0x00, 0x0F, 0xE0, 0x00, 0xFC, 0x00, 0x0F, 0x80,
    0x01, 0xF0, 0x00, 0x3E, 0x00, 0x07, 0xC0, 0x00, 0xF8, 0x00, 0x1F, 0x00, 0x03, 0xE0, 0x00, 0x7C,
    0x00, 0x0F, 0x80, 0x01, 0xF0, 0x00, 0x7E, 0x1F, 0xFF, 0xFB, 0xFF, 0xFF, 0xFF, 0xFF, 0xFF, 0xFF,
    0xFC, 0x1F, 0xF0, 0x0F, 0xF8, 0x00, 0x00, 0x00, 0x00, 0x00, 0x00, 0x03, 0xFF, 0x81, 0xFF, 0xF0,
    0xFF, 0xFC, 0x7F, 0xFF, 0x00, 0x7F, 0x80, 0x0F, 0xC0, 0x03, 0xF0, 0x01, 0xF8, 0x00, 0x7C, 0x00,
    0x3E, 0x00, 0x1F, 0x00, 0x0F, 0x80, 0x0F, 0xC0, 0x07, 0xE0, 0x03, 0xF0, 0x03, 0xF0, 0x07, 0xF9,
    0xFF, 0xF8, 0xFF, 0xFC, 0x7F, 0xFC, 0x3F, 0xF8, 0x00, 0x07, 0xFC, 0x00, 0x7F, 0xC0, 0x00, 0x00,
    0x00, 0x00, 0x00, 0x03, 0xF8, 0x01, 0xFF, 0xE0, 0x3F, 0xFF, 0x07, 0xFF, 0xF8, 0x7F, 0x3F, 0xCF,
    0xC0, 0xFC, 0xFC, 0x07, 0xEF, 0x80, 0x7E, 0xF8, 0x03, 0xEF, 0xC0, 0x3E, 0xFE, 0x03, 0xE7, 0xF0,
    0x3E, 0x3F, 0x03, 0xE1, 0xF0, 0x3E, 0x07, 0x07, 0xE0, 0x00, 0x7E, 0x00, 0x0F, 0xC0, 0x07, 0xFC,
    0x3F, 0xFF, 0x83, 0xFF, 0xF0, 0x3F, 0xFE, 0x03, 0xFF, 0x80, 0xF8, 0x00, 0x0F, 0x80, 0x00, 0xF8,
    0x00, 0x0F, 0x80, 0x00, 0xF8, 0x00, 0x0F, 0x80, 0x00, 0xF8, 0x00, 0x0F, 0xC0, 0x7C, 0xFC, 0x07,
    0xCF, 0xE0, 0x7C, 0x7F, 0x07, 0xC3, 0xF0, 0x7C, 0x1F, 0x87, 0xC1, 0xFC, 0x7C, 0x0F, 0xC7, 0xC0,
    0x7E, 0x7C, 0x07, 0xF7, 0xC0, 0x3F, 0xF8, 0x01, 0xFF, 0x00, 0x0F, 0xF0, 0x00, 0xFE, 0x00, 0x07,
    0xE0, 0x00, 0x3F, 0x00, 0x03, 0xF0, 0x00, 0x1F, 0x80, 0x00, 0xFC, 0x00, 0x07, 0xE0, 0x00, 0x7E,
    0x00, 0x00, 0x78, 0x0F, 0xC1, 0xCC, 0x78, 0xC7, 0xFC, 0x7F, 0x86, 0x00, 0x00, 0x00, 0x00, 0x1E,
    0x01, 0xE0, 0x1E, 0x01, 0xE0, 0x1E, 0x01, 0xE0, 0x1E, 0x01, 0xE0, 0x1E, 0x01, 0xE0, 0x1E, 0x01,
    0xE0, 0x1E, 0x01, 0xE0, 0x1E, 0x01, 0xE0, 0x1E, 0x01, 0xF0, 0x1F, 0x81, 0xFE, 0x0F, 0xE0, 0xFE,
    0x07, 0xE0, 0x1E, 0x00, 0x00, 0x00, 0x00, 0x03, 0x80, 0x00, 0x01, 0xE0, 0x1E, 0x00, 0x00, 0x0F,
    0x01, 0xF0, 0x00, 0x00, 0x78, 0x0F, 0x00, 0x00, 0x03, 0xC0, 0x78, 0x00, 0x00, 0x1E, 0x03, 0xC0,
    0x00, 0x00, 0xF8, 0x1F, 0x00, 0x00, 0x0F, 0xC0, 0xF8, 0x00, 0x03, 0xFF, 0x87, 0xF8, 0x01, 0xFF,
    0xFF, 0xBF, 0xFF, 0xFF, 0xFF, 0xFC, 0xFF, 0xFF, 0xFF, 0xFF, 0xE3, 0xFF, 0xFF, 0xFC, 0x7F, 0x0F,
    0xFF, 0xFF, 0x80, 0xF8, 0x1F, 0xFF, 0xC0, 0x00, 0x00, 0x00, 0x00, 0x00, 0x00, 0x00, 0x00, 0x00,
    0x00, 0x00, 0x00, 0x60, 0x00, 0x00, 0x00, 0x07, 0x80, 0x00, 0x00, 0x00, 0x3C, 0x00, 0x00, 0x00,
    0x01, 0xE0, 0x00, 0x00, 0x00, 0x06, 0x00, 0x00, 0x00, 0x00, 0x00, 0x00, 0x00, 0x00, 0x01, 0x80,
    0x00, 0x00, 0x00, 0x1E, 0x00, 0x00, 0x00, 0x00, 0xF0, 0x00, 0x00, 0x00, 0x07, 0x80, 0x00, 0x00,
    0x00, 0x18, 0x00, 0x00, 0x00, 0x00, 0x40, 0x3C, 0x03, 0xC0, 0x3E, 0x03, 0xE0, 0x3E, 0x01, 0xE0,
    0x1E, 0x01, 0xE0, 0x1E, 0x07, 0xE3, 0xFE, 0x7F, 0xE7, 0xFC, 0x7F, 0x87, 0xF0, 0x00, 0x00, 0x00,
    0x03, 0x00, 0x78, 0x07, 0x80, 0x78, 0x03, 0x00, 0x00, 0x03, 0x00, 0x78, 0x07, 0x80, 0x78, 0x03,
    0x00, 0x07, 0x80, 0x0F, 0x00, 0x1E, 0x00, 0x3C, 0x00, 0x78, 0x00, 0xF0, 0x01, 0xF0, 0x07, 0xF0,
    0x7F, 0xFD, 0xFF, 0xFB, 0xFF, 0xF7, 0xE7, 0xE7, 0x87, 0xC0, 0x00, 0x00, 0x00, 0x01, 0x80, 0x07,
    0x80, 0x0F, 0x00, 0x1E, 0x00, 0x18, 0x00, 0x00, 0x00, 0x60, 0x01, 0xE0, 0x03, 0xC0, 0x07, 0x80,
    0x06, 0x00, 0x00, 0x00, 0x00, 0x00, 0x03, 0x80, 0x00, 0x01, 0xE0, 0x1E, 0x00, 0x00, 0x0F, 0x01,
    0xF0, 0x00, 0x00, 0x78, 0x0F, 0x00, 0x00, 0x03, 0xC0, 0x78, 0x00, 0x00, 0x1E, 0x03, 0xC0, 0x00,
    0x00, 0xF8, 0x1F, 0x00, 0x00, 0x0F, 0xC0, 0xF8, 0x00, 0x03, 0xFF, 0x87, 0xF8, 0x01, 0xFF, 0xFF,
    0xBF, 0xFF, 0xFF, 0xFF, 0xFC, 0xFF, 0xFF, 0xFF, 0xFF, 0xE3, 0xFF, 0xFF, 0xFC, 0x7F, 0x0F, 0xFF,
    0xFF, 0x80, 0xF8, 0x1F, 0xFF, 0xC0, 0x00, 0x00, 0x00, 0x00, 0x00, 0x00, 0x00, 0x00, 0x00, 0x00,
    0x00, 0x00, 0x00, 0x00, 0x00, 0x00, 0x38, 0xE0, 0x00, 0x00, 0x03, 0xC7, 0x80, 0x00, 0x00, 0x1E,
    0x3C, 0x00, 0x00, 0x00, 0x71, 0xC0, 0x00, 0x00, 0x00, 0x00, 0x00, 0x00, 0x00, 0x03, 0x80, 0x00,
    0x00, 0x00, 0x1E, 0x00, 0x00, 0x00, 0x00, 0xF0, 0x00, 0x00, 0x00, 0x07, 0x00, 0x00, 0x00, 0x00,
    0x80, 0x7C, 0x07, 0xC0, 0x7C, 0x03, 0xC0, 0x3E, 0x03, 0xE0, 0x1E, 0x01, 0xE0, 0x3E, 0x07, 0xE7,
    0xFE, 0x7F, 0xEF, 0xFC, 0xFF, 0x87, 0xE0, 0x00, 0x00, 0x00, 0x00, 0x03, 0x8E, 0x78, 0xF7, 0x8F,
    0x38, 0xE0, 0x00, 0x07, 0x00, 0xF0, 0x0F, 0x00, 0x70, 0x03, 0xC0, 0x07, 0x80, 0x0F, 0x00, 0x1E,
    0x00, 0x3C, 0x00, 0x78, 0x01, 0xF0, 0x07, 0xF8, 0x7F, 0xFC, 0xFF, 0xFF, 0xFF, 0xFB, 0xF7, 0xE7,
    0x83, 0xC0, 0x00, 0x00, 0x00, 0x00, 0x00, 0x1C, 0x70, 0x78, 0xF0, 0xF1, 0xE0, 0xE3, 0x80, 0x00,
    0x00, 0x70, 0x00, 0xF0, 0x01, 0xE0, 0x03, 0x80, 0x00, 0x00, 0x00, 0x00, 0x03, 0x80, 0x00, 0x01,
    0xE0, 0x1E, 0x00, 0x00, 0x0F, 0x01, 0xF0, 0x00, 0x00, 0x78, 0x0F, 0x00, 0x00, 0x03, 0xC0, 0x78,
    0x00, 0x00, 0x1E, 0x03, 0xC0, 0x00, 0x00, 0xF8, 0x1F, 0x00, 0x00, 0x0F, 0xC0, 0xF8, 0x00, 0x03,
    0xFF, 0x87, 0xF8, 0x01, 0xFF, 0xFF, 0xBF, 0xFF, 0xFF, 0xFF, 0xFC, 0xFF, 0xFF, 0xFF, 0xFF, 0xE3,
    0xFF, 0xFF, 0xFC, 0x7F, 0x0F, 0xFF, 0xFF, 0x80, 0xF8, 0x1F, 0xFF, 0xC0, 0x00, 0x00, 0x00, 0x00,
    0x00, 0x00, 0x00, 0x00, 0x00, 0x00, 0x00, 0x07, 0x1C, 0x00, 0x00, 0x00, 0x3D, 0xE0, 0x00, 0x00,
    0x01, 0xEF, 0x00, 0x00, 0x00, 0x0E, 0x38, 0x00, 0x00, 0x00, 0x00, 0x00, 0x00, 0x00, 0x00, 0x00,
    0x00, 0x00, 0x00, 0x1C, 0x70, 0x00, 0x00, 0x00, 0xF7, 0x80, 0x00, 0x00, 0x07, 0xBC, 0x00, 0x00,
    0x00, 0x38, 0xE0, 0x00, 0x00, 0x00, 0x40, 0x3C, 0x07, 0xC0, 0x3E, 0x03, 0xE0, 0x3E, 0x01, 0xE0,
    0x1E, 0x01, 0xE0, 0x1E, 0x07, 0xE7, 0xFE, 0x7F, 0xE7, 0xFC, 0x7F, 0x87, 0xE0, 0x00, 0x00, 0x00,
    0x00, 0x01, 0xCE, 0x3C, 0xF3, 0xCF, 0x1C, 0xE0, 0x00, 0x1C, 0xE3, 0xCF, 0x3C, 0xF1, 0xCE, 0x03,
    0xC0, 0x03, 0xC0, 0x03, 0xC0, 0x03, 0xC0, 0x03, 0xC0, 0x03, 0xC0, 0x07, 0xC0, 0x07, 0xF0, 0x3F,
    0xFE, 0x7F, 0xFE, 0x7F, 0xFE, 0x7E, 0x7E, 0x7C, 0x3E, 0x00, 0x00, 0x00, 0x00, 0x00, 0x00, 0x0E,
    0x70, 0x1E, 0x78, 0x1E, 0x78, 0x0E, 0x70, 0x00, 0x00, 0x0E, 0x70, 0x1E, 0x78, 0x1E, 0x78, 0x0E,
    0x70, 0x00, 0x01, 0x80, 0x00, 0x00, 0x00, 0x1E, 0x00, 0x00, 0x00, 0x00, 0xF0, 0x00, 0x00, 0x00,
    0x07, 0x80, 0x00, 0x00, 0x00, 0x18, 0x00, 0x00, 0x00, 0x00, 0x00, 0x00, 0x00, 0x00, 0x06, 0x00,
    0x00, 0x00, 0x00, 0x78, 0x00, 0x00, 0x00, 0x03, 0xC0, 0x00, 0x00, 0x00, 0x1E, 0x00, 0x00, 0x00,
    0x00, 0x60, 0x00, 0x00, 0xC0, 0x00, 0x00, 0x00, 0x07, 0x80, 0x00, 0x03, 0xC0, 0x3C, 0x00, 0x00,
    0x1E, 0x03, 0xC0, 0x00, 0x00, 0xF0, 0x1E, 0x00, 0x00, 0x07, 0x80, 0xF0, 0x00, 0x00, 0x3E, 0x07,
    0xC0, 0x00, 0x03, 0xF0, 0x3E, 0x00, 0x00, 0xFF, 0xE1, 0xFE, 0x00, 0x7F, 0xFF, 0xEF, 0xFF, 0xFF,
    0xFF, 0xFF, 0x3F, 0xFF, 0xFF, 0xFF, 0xF9, 0xFF, 0xFF, 0xFF, 0x1F, 0xC3, 0xFF, 0xFF, 0xE0, 0x3E,
    0x07, 0xFF, 0xF0, 0x00, 0x00, 0x00, 0x00, 0x60, 0x0F, 0x00, 0xF0, 0x0F, 0x00, 0x60, 0x00, 0x00,
    0x60, 0x0F, 0x00, 0xF0, 0x0F, 0x00, 0x60, 0x00, 0x00, 0x00, 0x01, 0xC0, 0x7C, 0x03, 0xC0, 0x3E,
    0x03, 0xE0, 0x1E, 0x01, 0xE0, 0x1E, 0x01, 0xE0, 0x7E, 0x3F, 0xE7, 0xFE, 0x7F, 0xC7, 0xF8, 0x7F,
    0x00, 0x00, 0x00, 0x06, 0x00, 0x1E, 0x00, 0x3C, 0x00, 0x78, 0x00, 0x60, 0x00, 0x00, 0x01, 0x80,
    0x07, 0x80, 0x0F, 0x00, 0x1E, 0x00, 0x18, 0x00, 0x00, 0x00, 0x00, 0x01, 0xE0, 0x03, 0xC0, 0x07,
    0x80, 0x0F, 0x00, 0x1E, 0x00, 0x3C, 0x00, 0x7C, 0x01, 0xFC, 0x1F, 0xFF, 0x7F, 0xFE, 0xFF, 0xFD,
    0xF9, 0xF9, 0xE1, 0xF0, 0x00, 0x0E, 0x70, 0x00, 0x00, 0x00, 0xF3, 0xC0, 0x00, 0x00, 0x07, 0x9E,
    0x00, 0x00, 0x00, 0x1C, 0xE0, 0x00, 0x00, 0x00, 0x00, 0x00, 0x00, 0x00, 0x00, 0x00, 0x00, 0x00,
    0x00, 0x39, 0xC0, 0x00, 0x00, 0x03, 0xCF, 0x00, 0x00, 0x00, 0x1E, 0x78, 0x00, 0x00, 0x00, 0x73,
    0x80, 0x00, 0x18, 0x00, 0x00, 0x00, 0x00, 0xF0, 0x00, 0x00, 0x78, 0x07, 0x80, 0x00, 0x03, 0xC0,
    0x78, 0x00, 0x00, 0x1E, 0x03, 0xC0, 0x00, 0x00, 0xF0, 0x1E, 0x00, 0x00, 0x07, 0xC0, 0xF8, 0x00,
    0x00, 0x7E, 0x07, 0xC0, 0x00, 0x1F, 0xFC, 0x3F, 0xC0, 0x0F, 0xFF, 0xFD, 0xFF, 0xFF, 0xFF, 0xFF,
    0xE7, 0xFF, 0xFF, 0xFF, 0xFF, 0x3F, 0xFF, 0xFF, 0xE3, 0xF8, 0x7F, 0xFF, 0xFC, 0x07, 0xC0, 0xFF,
    0xFE, 0x00, 0x00, 0x39, 0xCF, 0x3D, 0xE7, 0x9C, 0xE0, 0x00, 0x73, 0x9E, 0x7B, 0xCF, 0x39, 0xC0,
    0x00, 0x00, 0x00, 0xE0, 0x7C, 0x0F, 0x80, 0xF0, 0x1F, 0x03, 0xE0, 0x7C, 0x07, 0x80, 0xF0, 0x3E,
    0x0F, 0xDF, 0xFB, 0xFF, 0xFF, 0xDF, 0xF1, 0xF8, 0x00, 0x0E, 0x70, 0x1E, 0x78, 0x1E, 0x78, 0x0E,
    0x70, 0x00, 0x00, 0x0E, 0x70, 0x1E, 0x78, 0x1E, 0x78, 0x0E, 0x70, 0x00, 0x00, 0x00, 0x00, 0x03,
    0xC0, 0x03, 0xC0, 0x03, 0xC0, 0x03, 0xC0, 0x03, 0xC0, 0x03, 0xC0, 0x07, 0xC0, 0x07, 0xF0, 0x3F,
    0xFE, 0x7F, 0xFE, 0x7F, 0xFE, 0x7E, 0x7E, 0x7C, 0x3E, 0x00, 0x06, 0x00, 0x00, 0x00, 0x00, 0x30,
    0x00, 0x00, 0x00, 0x01, 0xBC, 0x00, 0x00, 0x00, 0x0F, 0xF0, 0x00, 0x00, 0x00, 0x71, 0x80, 0x00,
    0x00, 0x07, 0x1C, 0x00, 0x00, 0x00, 0x7F, 0xE0, 0x00, 0x00, 0x03, 0xFE, 0x00, 0x00, 0x00, 0x00,
    0x00, 0x00, 0x03, 0x80, 0x00, 0x01, 0xE0, 0x1E, 0x00, 0x00, 0x0F, 0x01, 0xF0, 0x00, 0x00, 0x78,
    0x0F, 0x00, 0x00, 0x03, 0xC0, 0x78, 0x00, 0x00, 0x1E, 0x03, 0xC0, 0x00, 0x00, 0xF8, 0x1F, 0x00,
    0x00, 0x0F, 0xC0, 0xF8, 0x00, 0x03, 0xFF, 0x87, 0xF8, 0x03, 0xFF, 0xFF, 0xBF, 0xFF, 0xFF, 0xFF,
    0xFC, 0xFF, 0xFF, 0xFF, 0xFF, 0xE3, 0xFF, 0xFF, 0xFC, 0x7F, 0x0F, 0xFF, 0xFF, 0x80, 0xF8, 0x1F,
    0xFF, 0xC0, 0x00, 0x00, 0x18, 0x01, 0x80, 0x1B, 0xC1, 0xFE, 0x1E, 0xE1, 0xC6, 0x19, 0xE3, 0xFC,
    0x7F, 0xC0, 0x00, 0x00, 0x00, 0x00, 0x03, 0xC0, 0x7C, 0x03, 0xE0, 0x3E, 0x03, 0xE0, 0x1E, 0x01,
    0xE0, 0x1E, 0x01, 0xE0, 0x7E, 0x3F, 0xE7, 0xFE, 0x7F, 0xC7, 0xF8, 0x7F, 0x00, 0x0C, 0x00, 0x18,
    0x00, 0x3F, 0x80, 0x7F, 0x80, 0xE3, 0x01, 0x86, 0x07, 0xFC, 0x1F, 0xF0, 0x00, 0x00, 0x00, 0x00,
    0x00, 0x00, 0x3C, 0x00, 0x78, 0x00, 0xF0, 0x01, 0xE0, 0x03, 0xC0, 0x07, 0x80, 0x0F, 0x80, 0x3F,
    0x83, 0xFF, 0xE7, 0xFF, 0xDF, 0xFF, 0xFF, 0x3F, 0x3C, 0x1E, 0x00, 0x00, 0x00, 0xE0, 0x00, 0x00,
    0x00, 0x0F, 0x00, 0x00, 0x00, 0x00, 0x78, 0x00, 0x00, 0x00, 0x01, 0xC0, 0x00, 0x00, 0x00, 0x00,
    0x00, 0x00, 0x00, 0x07, 0x0E, 0x00, 0x00, 0x00, 0x3C, 0x78, 0x00, 0x00, 0x01, 0xE3, 0xC0, 0x00,
    0x00, 0x0E, 0x1C, 0x00, 0x00, 0x00, 0x00, 0x00, 0x00, 0x00, 0x00, 0x00, 0x00, 0x00, 0x00, 0x00,
    0x00, 0x00, 0x00, 0x00, 0x3F, 0x80, 0x00, 0x00, 0x03, 0xFE, 0x00, 0x00, 0x00, 0x3F, 0xFC, 0x00,
    0x00, 0x03, 0xFF, 0xE0, 0x00, 0x00, 0x3F, 0xFF, 0x80, 0x00, 0x01, 0xF8, 0xFC, 0x1E, 0x00, 0x0F,
    0x83, 0xE0, 0xF0, 0x00, 0x78, 0x0F, 0x0F, 0x80, 0x03, 0xC0, 0x78, 0x78, 0x00, 0x1E, 0x03, 0xC3,
    0xC0, 0x00, 0x78, 0x3C, 0x1F, 0x00, 0x03, 0xF7, 0xE0, 0xF8, 0x00, 0x0F, 0xFE, 0x07, 0xF8, 0x01,
    0xFF, 0xFF, 0xBF, 0xFF, 0xFF, 0xFF, 0xFE, 0xFF, 0xFF, 0xFF, 0xFF, 0xF7, 0xFF, 0xFF, 0xFB, 0xFF,
    0x0F, 0xFF, 0xFF, 0x03, 0xF8, 0x1F, 0xFF, 0xC0, 0x00, 0x00, 0x00, 0xE0, 0x00, 0xF0, 0x00, 0x78,
    0x00, 0x1C, 0x00, 0x00, 0x00, 0x70, 0xE0, 0x3C, 0x78, 0x1E, 0x3C, 0x0E, 0x1C, 0x00, 0x00, 0x00,
    0x00, 0x00, 0x7E, 0x00, 0x7F, 0xC0, 0x7F, 0xF0, 0x7F, 0xF8, 0x3F, 0xFE, 0x3F, 0x1F, 0x1F, 0x07,
    0x8F, 0x03, 0xE7, 0x80, 0xF3, 0xC0, 0x79, 0xF0, 0x3C, 0xFC, 0x1E, 0x3F, 0xFF, 0x1F, 0xFF, 0x87,
    0xFF, 0xC0, 0xFF, 0xE0, 0x01, 0xE0, 0x0F, 0xF3, 0xFF, 0xF9, 0xFF, 0xF9, 0xFF, 0xF8, 0xFF, 0xF0,
    0x3F, 0xC0, 0x00, 0x00, 0x38, 0x00, 0x00, 0xF0, 0x00, 0x01, 0xE0, 0x00, 0x01, 0xC0, 0x00, 0x00,
    0x00, 0x00, 0x70, 0xE0, 0x00, 0xF3, 0xC0, 0x01, 0xE7, 0x80, 0x03, 0x87, 0x00, 0x00, 0x00, 0x00,
    0x00, 0x00, 0x00, 0x00, 0x00, 0x00, 0x0F, 0xE0, 0x00, 0x3F, 0xE0, 0x00, 0xFF, 0xE0, 0x03, 0xFF,
    0xE0, 0x07, 0xFF, 0xE0, 0x1F, 0x8F, 0xC0, 0x3E, 0x0F, 0x80, 0x7C, 0x0F, 0x00, 0xF0, 0x1E, 0x01,
    0xE0, 0x3C, 0x03, 0xE0, 0xF0, 0x03, 0xC3, 0xE0, 0x03, 0xFF, 0x80, 0x07, 0xFE, 0x01, 0xFF, 0xFF,
    0xF3, 0xFF, 0xFF, 0xEF, 0xFF, 0xFF, 0xFF, 0xFD, 0xFF, 0x9F, 0xC0, 0xFF, 0x00, 0x00, 0x00, 0x07,
    0x38, 0x00, 0x00, 0x00, 0x79, 0xE0, 0x00, 0x00, 0x03, 0xCF, 0x00, 0x00, 0x00, 0x0E, 0x70, 0x00,
    0x00, 0x00, 0x00, 0x00, 0x00, 0x00, 0x00, 0x00, 0x00, 0x00, 0x00, 0x1C, 0xE0, 0x00, 0x00, 0x01,
    0xE7, 0x80, 0x00, 0x00, 0x0F, 0x3C, 0x00, 0x00, 0x00, 0x39, 0xC0, 0x00, 0x00, 0x00, 0x00, 0x00,
    0x00, 0x00, 0x00, 0x00, 0x00, 0x00, 0x00, 0x3F, 0x80, 0x00, 0x00, 0x03, 0xFE, 0x00, 0x00, 0x00,
    0x3F, 0xFC, 0x00, 0x00, 0x03, 0xFF, 0xE0, 0x00, 0x00, 0x3F, 0xFF, 0x80, 0x00, 0x01, 0xF8, 0xFC,
    0x1E, 0x00, 0x0F, 0x83, 0xE0, 0xF0, 0x00, 0x78, 0x0F, 0x0F, 0x80, 0x03, 0xC0, 0x78, 0x78, 0x00,
    0x1E, 0x07, 0xC3, 0xC0, 0x00, 0x78, 0x3C, 0x1F, 0x00, 0x03, 0xE7, 0xC0, 0xF8, 0x00, 0x0F, 0xFE,
    0x07, 0xF8, 0x01, 0xFF, 0xFF, 0xBF, 0xFF, 0xFF, 0xFF, 0xFE, 0xFF, 0xFF, 0xFF, 0xFF, 0xF7, 0xFF,
    0xFF, 0xFF, 0xFF, 0x0F, 0xFF, 0xFF, 0x03, 0xF8, 0x1F, 0xFF, 0xC0, 0x00, 0x00, 0x07, 0x1C, 0x07,
    0x9E, 0x03, 0xCF, 0x00, 0xE3, 0x80, 0x00, 0x00, 0x00, 0x00, 0x1C, 0x70, 0x1E, 0x78, 0x0F, 0x3C,
    0x03, 0x8E, 0x00, 0x00, 0x00, 0x7E, 0x00, 0x7F, 0xC0, 0x7F, 0xF0, 0x7F, 0xF8, 0x3F, 0xFE, 0x3F,
    0x1F, 0x1F, 0x07, 0x8F, 0x03, 0xE7, 0x80, 0xF3, 0xC0, 0x79, 0xF0, 0x3C, 0xFC, 0x1E, 0x3F, 0xFF,
    0x1F, 0xFF, 0x87, 0xFF, 0xC0, 0xFF, 0xE0, 0x01, 0xE0, 0x0F, 0xF3, 0xFF, 0xF9, 0xFF, 0xF9, 0xFF,
    0xF8, 0xFF, 0xF0, 0x3F, 0xC0, 0x00, 0x01, 0xCE, 0x00, 0x07, 0x9E, 0x00, 0x0F, 0x3C, 0x00, 0x0E,
    0x70, 0x00, 0x00, 0x00, 0x00, 0x39, 0xC0, 0x00, 0xF3, 0xC0, 0x01, 0xE7, 0x80, 0x01, 0xCE, 0x00,
    0x00, 0x00, 0x00, 0x00, 0x00, 0x00, 0x07, 0xF0, 0x00, 0x1F, 0xF0, 0x00, 0x7F, 0xF0, 0x01, 0xFF,
    0xF0, 0x03, 0xFF, 0xF0, 0x0F, 0xC7, 0xE0, 0x1F, 0x07, 0xC0, 0x3E, 0x07, 0x80, 0x78, 0x0F, 0x00,
    0xF0, 0x1E, 0x01, 0xF0, 0x7C, 0x01, 0xE1, 0xF0, 0x03, 0xF7, 0xC0, 0x03, 0xFF, 0x00, 0xFF, 0xFF,
    0xF9, 0xFF, 0xFF, 0xF7, 0xFF, 0xFF, 0xFF, 0xFC, 0xFF, 0xCF, 0xE0, 0x7F, 0x80, 0x00, 0x00, 0x00,
    0x03, 0xFC, 0x00, 0x03, 0xFF, 0xC0, 0x01, 0xFF, 0xF8, 0x00, 0x3F, 0xFF, 0x00, 0x0F, 0xFF, 0xF0,
    0x01, 0x81, 0xFF, 0x00, 0x00, 0x1F, 0xF0, 0x00, 0x07, 0xFC, 0x00, 0x0F, 0xFF, 0x00, 0x0F, 0xFF,
    0xC0, 0x0F, 0xFF, 0xF0, 0x07, 0xF8, 0xF0, 0x03, 0xF0, 0x3E, 0x01, 0xF8, 0x0F, 0xF8, 0xFC, 0x01,
    0xFE, 0x3E, 0x0C, 0x3F, 0x8F, 0x07, 0x87, 0xE7, 0xC1, 0xE0, 0x79, 0xF0, 0x78, 0x00, 0x78, 0x0C,
    0x00, 0x1E, 0x00, 0x00, 0x07, 0x80, 0xC0, 0x01, 0xF0, 0x78, 0x00, 0x7C, 0x1E, 0x00, 0x1F, 0x87,
    0x80, 0x03, 0xF0, 0xC0, 0x00, 0xFF, 0x80, 0xF0, 0x1F, 0xFF, 0xFE, 0x03, 0xFF, 0xFF, 0x80, 0x7F,
    0xFF, 0xF0, 0x0F, 0xFF, 0xF0, 0x00, 0x7F, 0xE0, 0x00, 0x00, 0x00, 0x00, 0x00, 0xFF, 0x00, 0x00,
    0xFF, 0xF0, 0x00, 0x7F, 0xFE, 0x00, 0x1F, 0xFF, 0xC0, 0x03, 0xFF, 0xFC, 0x00, 0xE0, 0x7F, 0x80,
    0x00, 0x07, 0xF0, 0x00, 0x00, 0xFF, 0x80, 0x00, 0x0F, 0xF0, 0x00, 0x3F, 0xFC, 0x00, 0x7F, 0xFF,
    0x00, 0xFF, 0xFF, 0x81, 0xFF, 0xFC, 0x07, 0xFF, 0xF0, 0x03, 0xFF, 0xE0, 0x00, 0xFF, 0xE0, 0x00,
    0x3F, 0xC0, 0x00, 0x0F, 0x80, 0x00, 0x00, 0x00, 0x00, 0x00, 0x00, 0x00, 0x00, 0x00, 0x06, 0x00,
    0x00, 0x03, 0xC0, 0x00, 0x00, 0xF0, 0x00, 0x00, 0x3C, 0x00, 0x00, 0x06, 0x00, 0x00, 0x00, 0x00,
    0x00, 0x00, 0x60, 0x00, 0x00, 0x3C, 0x00, 0x00, 0x0F, 0x00, 0x00, 0x03, 0xC0, 0x00, 0x00, 0x60,
    0x00, 0x00, 0x00, 0x00, 0x00, 0x0F, 0xF8, 0x00, 0x00, 0xFF, 0xF8, 0x00, 0x07, 0xFF, 0xF0, 0x00,
    0x0F, 0xFF, 0xF0, 0x00, 0x3F, 0xFF, 0xE0, 0x00, 0x70, 0x7F, 0xE0, 0x00, 0x00, 0x3F, 0xF0, 0x00,
    0x00, 0x3F, 0xC0, 0x00, 0x07, 0xFF, 0x00, 0x00, 0x7F, 0xFC, 0x00, 0x07, 0xFF, 0xF0, 0x00, 0xFF,
    0xFE, 0x00, 0x1F, 0xFC, 0x7C, 0x07, 0xFF, 0xC1, 0xFF, 0x9F, 0xFC, 0x03, 0xFE, 0xFF, 0xC0, 0x0F,
    0xF9, 0xFC, 0x00, 0x0F, 0xE7, 0x80, 0x00, 0x0F, 0x80, 0x00, 0x00, 0x00, 0x00, 0x01, 0x80, 0x00,
    0x00, 0x0F, 0x00, 0x00, 0x00, 0x3C, 0x00, 0x00, 0x00, 0xF0, 0x00, 0x00, 0x01, 0x80, 0x00, 0x00,
    0x06, 0x00, 0x00, 0x00, 0x3C, 0x00, 0x00, 0x00, 0xF0, 0x00, 0x00, 0x03, 0xC0, 0x00, 0x00, 0x06,
    0x00, 0x00, 0x00, 0x00, 0x00, 0x03, 0xFC, 0x00, 0x03, 0xFF, 0xC0, 0x01, 0xFF, 0xF8, 0x00, 0x3F,
    0xFF, 0x80, 0x0F, 0xFF, 0xF0, 0x01, 0x81, 0xFF, 0x00, 0x00, 0x1F, 0xF0, 0x00, 0x07, 0xFC, 0x00,
    0x0F, 0xFF, 0x00, 0x0F, 0xFF, 0xC0, 0x0F, 0xFF, 0xF0, 0x07, 0xF8, 0xF0, 0x03, 0xF0, 0x3E, 0x01,
    0xF8, 0x0F, 0xF8, 0x7C, 0x01, 0xFE, 0x3E, 0x00, 0x3F, 0x8F, 0x00, 0x07, 0xE7, 0xC6, 0x18, 0x79,
    0xF3, 0xCF, 0x00, 0x78, 0xF3, 0xC0, 0x1E, 0x3C, 0xF0, 0x07, 0x86, 0x18, 0x01, 0xF0, 0x00, 0x00,
    0x7C, 0x00, 0x00, 0x1F, 0x80, 0x00, 0x03, 0xF0, 0x00, 0x40, 0xFF, 0x81, 0xF8, 0x1F, 0xFF, 0xFE,
    0x03, 0xFF, 0xFF, 0x80, 0x7F, 0xFF, 0xF0, 0x0F, 0xFF, 0xF0, 0x00, 0x7F, 0xE0, 0x00, 0x00, 0x00,
    0x00, 0x00, 0xFF, 0x00, 0x00, 0xFF, 0xF0, 0x00, 0x7F, 0xFE, 0x00, 0x1F, 0xFF, 0xC0, 0x03, 0xFF,
    0xFC, 0x00, 0xE0, 0x7F, 0x80, 0x00, 0x07, 0xF0, 0x00, 0x00, 0xFF, 0x00, 0x00, 0x1F, 0xF0, 0x00,
    0x3F, 0xFC, 0x00, 0x7F, 0xFF, 0x00, 0xFF, 0xFF, 0x81, 0xFF, 0xF8, 0x07, 0xFF, 0xF0, 0x03, 0xFF,
    0xE0, 0x00, 0xFF, 0xE0, 0x00, 0x3F, 0xC0, 0x00, 0x07, 0x80, 0x00, 0x00, 0x00, 0x00, 0x00, 0x00,
    0x00, 0x00, 0x00, 0x00, 0x00, 0x00, 0x0C, 0x30, 0x00, 0x07, 0x9E, 0x00, 0x01, 0xE7, 0x80, 0x00,
    0x79, 0xE0, 0x00, 0x0C, 0x30, 0x00, 0x00, 0x00, 0x00, 0x00, 0x0F, 0xF8, 0x00, 0x00, 0xFF, 0xF8,
    0x00, 0x07, 0xFF, 0xF0, 0x00, 0x0F, 0xFF, 0xF0, 0x00, 0x1F, 0xFF, 0xE0, 0x00, 0x70, 0x7F, 0xE0,
    0x00, 0x00, 0x3F, 0xF0, 0x00, 0x00, 0x3F, 0xC0, 0x00, 0x07, 0xFF, 0x00, 0x00, 0x7F, 0xFC, 0x00,
    0x07, 0xFF, 0xF0, 0x00, 0xFF, 0xFE, 0x00, 0x1F, 0xFC, 0x7C, 0x07, 0xFF, 0xC1, 0xFF, 0x9F, 0xFC,
    0x03, 0xFE, 0x7F, 0xC0, 0x07, 0xF9, 0xFC, 0x00, 0x0F, 0xE7, 0x80, 0x00, 0x0F, 0x80, 0x00, 0x00,
    0x00, 0x00, 0x0C, 0x30, 0x00, 0x00, 0x79, 0xE0, 0x00, 0x01, 0xE7, 0x80, 0x00, 0x07, 0x9E, 0x00,
    0x00, 0x0C, 0x30, 0x00, 0x00, 0x00, 0x00, 0x03, 0xFC, 0x00, 0x03, 0xFF, 0xC0, 0x01, 0xFF, 0xFC,
    0x00, 0x3F, 0xFF, 0x80, 0x0F, 0xFF, 0xF0, 0x01, 0x81, 0xFF, 0x00, 0x00, 0x0F, 0xF8, 0x00, 0x07,
    0xFE, 0x00, 0x0F, 0xFF, 0x80, 0x0F, 0xFF, 0xE0, 0x0F, 0xFF, 0xF0, 0x07, 0xF8, 0xF8, 0x03, 0xF8,
    0x1F, 0x01, 0xF8, 0x07, 0xFC, 0x7C, 0x01, 0xFF, 0x3E, 0x00, 0x3F, 0xCF, 0x38, 0x77, 0xF7, 0xCF,
    0x3C, 0x79, 0xF3, 0xCF, 0x00, 0x78, 0xE1, 0xC0, 0x1E, 0x07, 0x00, 0x07, 0x81, 0xE0, 0x01, 0xF0,
    0x78, 0x00, 0x7C, 0x1C, 0x00, 0x1F, 0x80, 0x00, 0x03, 0xF0, 0x00, 0x60, 0xFF, 0x80, 0xF8, 0x1F,
    0xFF, 0xFF, 0x03, 0xFF, 0xFF, 0xC0, 0x7F, 0xFF, 0xF0, 0x07, 0xFF, 0xF8, 0x00, 0x7F, 0xF0, 0x00,
    0x00, 0x00, 0x00, 0x00, 0x7F, 0x80, 0x00, 0x3F, 0xFC, 0x00, 0x0F, 0xFF, 0xE0, 0x00, 0xFF, 0xFE,
    0x00, 0x1F, 0xFF, 0xE0, 0x01, 0x81, 0xFE, 0x00, 0x00, 0x0F, 0xF0, 0x00, 0x00, 0x7F, 0x80, 0x00,
    0x07, 0xF8, 0x00, 0x07, 0xFF, 0x00, 0x07, 0xFF, 0xE0, 0x07, 0xFF, 0xFC, 0x0F, 0xFF, 0xE0, 0x1F,
    0xFF, 0xC0, 0x03, 0xFF, 0xE0, 0x00, 0xFF, 0xE0, 0x00, 0x1F, 0xF0, 0x00, 0x01, 0xF0, 0x00, 0x00,
    0x00, 0x00, 0x00, 0x00, 0x00, 0x00, 0x00, 0x00, 0x00, 0x00, 0x00, 0x38, 0xE0, 0x00, 0x0F, 0x1E,
    0x00, 0x01, 0xE3, 0xC0, 0x00, 0x1C, 0x70, 0x00, 0x00, 0x00, 0x00, 0x00, 0x0E, 0x00, 0x00, 0x03,
    0xC0, 0x00, 0x00, 0x78, 0x00, 0x00, 0x07, 0x00, 0x00, 0x00, 0x00, 0x00, 0x00, 0x07, 0xF8, 0x00,
    0x00, 0xFF, 0xF8, 0x00, 0x03, 0xFF, 0xF8, 0x00, 0x0F, 0xFF, 0xF0, 0x00, 0x1F, 0xFF, 0xF0, 0x00,
    0x70, 0x7F, 0xF0, 0x00, 0x00, 0x3F, 0xF8, 0x00, 0x00, 0x3F, 0xE0, 0x00, 0x03, 0xFF, 0x80, 0x00,
    0x7F, 0xFE, 0x00, 0x07, 0xFF, 0xF0, 0x00, 0x7F, 0xDF, 0x00, 0x1F, 0xFC, 0x7E, 0x03, 0xFF, 0xC1,
    0xFF, 0xDF, 0xFC, 0x03, 0xFF, 0x7F, 0xC0, 0x07, 0xFD, 0xFC, 0x00, 0x0F, 0xF7, 0x80, 0x00, 0x0F,
    0x80, 0x00, 0x00, 0x00, 0x00, 0x00, 0x00, 0x00, 0x00, 0x38, 0xE0, 0x00, 0x01, 0xE3, 0xC0, 0x00,
    0x07, 0x8F, 0x00, 0x00, 0x0E, 0x38, 0x00, 0x00, 0x00, 0x00, 0x00, 0x00, 0x1C, 0x00, 0x00, 0x00,
    0xF0, 0x00, 0x00, 0x03, 0xC0, 0x00, 0x00, 0x07, 0x00, 0x00, 0x00, 0x00, 0x00, 0x01, 0xFE, 0x00,
    0x00, 0xFF, 0xF0, 0x00, 0x3F, 0xFF, 0x80, 0x03, 0xFF, 0xF8, 0x00, 0x7F, 0xFF, 0xC0, 0x06, 0x07,
    0xFC, 0x00, 0x00, 0x3F, 0xF0, 0x00, 0x07, 0xFE, 0x00, 0x07, 0xFF, 0xC0, 0x03, 0xFF, 0xF8, 0x01,
    0xFF, 0xFF, 0x00, 0x7F, 0x8F, 0x80, 0x1F, 0xC0, 0xF8, 0x07, 0xE0, 0x1F, 0xF0, 0xF8, 0x03, 0xFE,
    0x3E, 0x71, 0xFF, 0xC7, 0x8F, 0x7B, 0xF9, 0xF1, 0xEF, 0x1F, 0x3E, 0x38, 0xE0, 0x07, 0x80, 0x00,
    0x00, 0xF0, 0xE3, 0x80, 0x1E, 0x1E, 0xF0, 0x03, 0xE3, 0xDE, 0x00, 0x7C, 0x71, 0xC0, 0x0F, 0xC0,
    0x00, 0x00, 0xFC, 0x00, 0x08, 0x1F, 0xF0, 0x1F, 0x01, 0xFF, 0xFF, 0xF0, 0x1F, 0xFF, 0xFE, 0x01,
    0xFF, 0xFF, 0xC0, 0x1F, 0xFF, 0xF0, 0x00, 0x7F, 0xF0, 0x00, 0x00, 0x00, 0x00, 0x00, 0x00, 0x00,
    0x00, 0x3F, 0xC0, 0x00, 0x3F, 0xFE, 0x00, 0x0F, 0xFF, 0xE0, 0x00, 0xFF, 0xFE, 0x00, 0x1F, 0xFF,
    0xF0, 0x01, 0xC1, 0xFF, 0x00, 0x00, 0x07, 0xF0, 0x00, 0x00, 0x7F, 0xC0, 0x00, 0x03, 0xFC, 0x00,
    0x07, 0xFF, 0x80, 0x07, 0xFF, 0xF0, 0x07, 0xFF, 0xFE, 0x0F, 0xFF, 0xF0, 0x1F, 0xFF, 0xE0, 0x03,
    0xFF, 0xE0, 0x00, 0x7F, 0xF0, 0x00, 0x0F, 0xF0, 0x00, 0x01, 0xF0, 0x00, 0x00, 0x00, 0x00, 0x00,
    0x00, 0x00, 0x00, 0x00, 0x00, 0x00, 0x00, 0x00, 0x1C, 0xE0, 0x00, 0x07, 0x9E, 0x00, 0x00, 0xF3,
    0xC0, 0x00, 0x0E, 0x70, 0x00, 0x00, 0x00, 0x00, 0x00, 0x39, 0xC0, 0x00, 0x0F, 0x3C, 0x00, 0x01,
    0xE7, 0x80, 0x00, 0x1C, 0xE0, 0x00, 0x00, 0x00, 0x00, 0x00, 0x0F, 0xF0, 0x00, 0x00, 0xFF, 0xF8,
    0x00, 0x07, 0xFF, 0xF0, 0x00, 0x0F, 0xFF, 0xF0, 0x00, 0x3F, 0xFF, 0xE0, 0x00, 0x70, 0x7F, 0xF0,
    0x00, 0x00, 0x3F, 0xF0, 0x00, 0x00, 0x3F, 0xC0, 0x00, 0x07, 0xFF, 0x00, 0x00, 0x7F, 0xFC, 0x00,
    0x07, 0xFF, 0xF0, 0x00, 0xFF, 0xDE, 0x00, 0x1F, 0xFC, 0x7E, 0x07, 0xFF, 0xC1, 0xFF, 0xBF, 0xFC,
    0x03, 0xFE, 0xFF, 0xC0, 0x07, 0xFB, 0xFC, 0x00, 0x0F, 0xE7, 0x80, 0x00, 0x0F, 0x80, 0x00, 0x00,
    0x00, 0x00, 0x0E, 0x70, 0x00, 0x00, 0x79, 0xE0, 0x00, 0x01, 0xE7, 0x80, 0x00, 0x03, 0x9C, 0x00,
    0x00, 0x00, 0x00, 0x00, 0x00, 0x39, 0xC0, 0x00, 0x01, 0xE7, 0x80, 0x00, 0x07, 0x9E, 0x00, 0x00,
    0x0E, 0x70, 0x00, 0x00, 0x00, 0x00, 0x06, 0x00, 0x01, 0xF0, 0x00, 0x3F, 0x00, 0x01, 0xF0, 0x00,
    0x1F, 0x80, 0x00, 0xF8, 0x00, 0x0F, 0xC0, 0x00, 0x7C, 0x00, 0x07, 0xC0, 0x00, 0x3E, 0x00, 0x03,
    0xE0, 0x00, 0x1F, 0x00, 0x01, 0xF0, 0x00, 0x0F, 0x80, 0x01, 0xFC, 0x30, 0x7F, 0xF7, 0xFF, 0xFF,
    0x7F, 0xFF, 0xF7, 0xFF, 0x9F, 0x7F, 0xF0, 0xE3, 0xFC, 0x00, 0x00, 0x00, 0x00, 0x00, 0x00, 0x18,
    0x60, 0x03, 0xCF, 0x00, 0x3C, 0xF0, 0x03, 0xCF, 0x00, 0x18, 0x60, 0x00, 0x00, 0x00, 0x00, 0x61,
    0x80, 0x07, 0x9E, 0x00, 0x3C, 0xF0, 0x01, 0xE7, 0x80, 0x06, 0x18, 0x00, 0x00, 0x00, 0x00, 0x00,
    0x00, 0x00, 0x00, 0x00, 0x03, 0x80, 0x00, 0x7C, 0x00, 0x03, 0xF0, 0x00, 0x0F, 0x80, 0x00, 0x7C,
    0x00, 0x01, 0xF0, 0x00, 0x0F, 0x80, 0x00, 0x3E, 0x00, 0x01, 0xF0, 0x00, 0x07, 0x80, 0x00, 0x3E,
    0x00, 0x00, 0xF0, 0x00, 0x07, 0xC0, 0x00, 0x7F, 0x07, 0x0F, 0xFE, 0x3F, 0xFF, 0xF3, 0xFF, 0xFF,
    0x9F, 0xFE, 0x7C, 0xFF, 0xE0, 0xE3, 0xFC, 0x00, 0x00, 0x03, 0x80, 0x00, 0x78, 0x00, 0x07, 0x80,
    0x00, 0x38, 0x00, 0x00, 0x00, 0x01, 0xC7, 0x00, 0x3C, 0x78, 0x03, 0xC7, 0x80, 0x1C, 0x70, 0x00,
    0x00, 0x00, 0x00, 0x00, 0x00, 0x02, 0x00, 0x00, 0xE0, 0x00, 0x3F, 0x00, 0x03, 0xF0, 0x00, 0x1F,
    0x00, 0x01, 0xF8, 0x00, 0x0F, 0x80, 0x00, 0xFC, 0x00, 0x07, 0xC0, 0x00, 0x7C, 0x00, 0x03, 0xE0,
    0x00, 0x3E, 0x00, 0x01, 0xF0, 0x00, 0x1F, 0x00, 0x01, 0xFC, 0x70, 0x7F, 0xF7, 0xFF, 0xFF, 0x7F,
    0xFF, 0xFF, 0xFF, 0x9F, 0xFF, 0xF0, 0xF3, 0xFC, 0x00, 0x06, 0x00, 0x00, 0x37, 0x80, 0x01, 0xFE,
    0x00, 0x0F, 0x70, 0x00, 0x71, 0x80, 0x03, 0x3C, 0x00, 0x3F, 0xC0, 0x03, 0xFE, 0x00, 0x00, 0x00,
    0x00, 0x00, 0x00, 0x00, 0x04, 0x00, 0x00, 0xE0, 0x00, 0x1F, 0x80, 0x00, 0xFC, 0x00, 0x03, 0xE0,
    0x00, 0x1F, 0x80, 0x00, 0x7C, 0x00, 0x03, 0xF0, 0x00, 0x0F, 0x80, 0x00, 0x7C, 0x00, 0x01, 0xF0,
    0x00, 0x0F, 0x80, 0x00, 0x3E, 0x00, 0x01, 0xF0, 0x00, 0x0F, 0xC1, 0xC3, 0xFF, 0xCF, 0xFF, 0xFE,
    0xFF, 0xFF, 0xF7, 0xFF, 0xDF, 0xBF, 0xF8, 0x38, 0x7F, 0x80, 0x00, 0x01, 0xC0, 0x00, 0x78, 0x00,
    0x0F, 0x00, 0x00, 0xE0, 0x00, 0x00, 0x00, 0x1C, 0x70, 0x07, 0x8F, 0x00, 0xF1, 0xE0, 0x0E, 0x38,
    0x00, 0x00, 0x00, 0x00, 0x00, 0x00, 0x00, 0x00, 0x03, 0x00, 0x01, 0xE0, 0x00, 0x7E, 0x00, 0x07,
    0xC0, 0x00, 0xF8, 0x00, 0x0F, 0x80, 0x01, 0xF0, 0x00, 0x3F, 0x00, 0x03, 0xF0, 0x00, 0x7F, 0x80,
    0x0F, 0xF0, 0x01, 0xFE, 0x00, 0x3F, 0xC0, 0x0F, 0xB8, 0x03, 0xE0, 0x00, 0xFC, 0x00, 0x3F, 0x80,
    0x3F, 0xE0, 0x1F, 0xF8, 0x03, 0xFE, 0x00, 0x7F, 0x80, 0x0F, 0xE0, 0x00, 0xF0, 0x00, 0x10, 0x00,
    0x00, 0x06, 0x00, 0x01, 0x80, 0x00, 0x6F, 0x00, 0x1F, 0xE0, 0x07, 0xB8, 0x01, 0xC6, 0x00, 0x63,
    0x80, 0x3F, 0xE0, 0x1F, 0xF0, 0x00, 0x00, 0x00, 0x00, 0x00, 0x00, 0x00, 0x00, 0x10, 0x00, 0x7C,
    0x00, 0x1F, 0x80, 0x03, 0xE0, 0x00, 0xF8, 0x00, 0x1F, 0x00, 0x07, 0xC0, 0x01, 0xF8, 0x00, 0x3F,
    0x00, 0x0F, 0xF0, 0x03, 0xFC, 0x00, 0xFF, 0x00, 0x3F, 0xC0, 0x1F, 0xF0, 0x0F, 0x80, 0x07, 0xE0,
    0x03, 0xF8, 0x07, 0xFC, 0x07, 0xFE, 0x03, 0xFF, 0x00, 0x7F, 0x80, 0x1F, 0xC0, 0x03, 0xC0, 0x00,
    0x80, 0x00, 0x00, 0x00, 0x00, 0x00, 0x80, 0x00, 0x00, 0x00, 0x1C, 0x00, 0x00, 0x00, 0x01, 0xE0,
    0x00, 0x00, 0x00, 0x3F, 0x00, 0x00, 0x00, 0x07, 0xF8, 0x00, 0x00, 0x00, 0xFF, 0x80, 0x00, 0x00,
    0x1F, 0xF0, 0x00, 0x00, 0x01, 0xFF, 0x00, 0x00, 0x00, 0x3F, 0xE0, 0x00, 0x00, 0x03, 0xFC, 0x00,
    0x00, 0x00, 0x1F, 0x80, 0x00, 0x00, 0x00, 0xF0, 0x00, 0x00, 0x00, 0x07, 0xC0, 0x00, 0x00, 0x00,
    0x3F, 0x00, 0x00, 0x00, 0x00, 0xF8, 0x00, 0x00, 0x00, 0x03, 0xE0, 0x00, 0x78, 0x00, 0x1F, 0x80,
    0x03, 0xC0, 0x00, 0x7E, 0x00, 0x3E, 0x00, 0x01, 0xF8, 0x01, 0xE0, 0x00, 0x0F, 0xE0, 0x0F, 0x00,
    0x00, 0x3F, 0x00, 0x78, 0x00, 0x01, 0xFC, 0x03, 0xE0, 0x00, 0x0F, 0xF8, 0x1F, 0x00, 0x00, 0xFF,
    0xF0, 0xFF, 0x00, 0x3F, 0xBF, 0xFF, 0xFF, 0xFF, 0xFC, 0xFF, 0xDF, 0xFF, 0xFF, 0xC3, 0xFE, 0x7F,
    0xFF, 0xFC, 0x07, 0xF1, 0xFF, 0xFF, 0xC0, 0x0F, 0x03, 0xFF, 0xF0, 0x00, 0x00, 0x00, 0x00, 0x80,
    0x01, 0xC0, 0x01, 0xE0, 0x03, 0xF0, 0x07, 0xF8, 0x0F, 0xF8, 0x1F, 0xF8, 0x1F, 0xF0, 0x3F, 0xE0,
    0x3F, 0xC0, 0x1F, 0x80, 0x0F, 0xE0, 0x07, 0xFC, 0x03, 0xFF, 0x00, 0x3F, 0xC0, 0x07, 0xF0, 0x01,
    0xFC, 0x00, 0x3F, 0x00, 0x0F, 0x80, 0x03, 0xC0, 0x01, 0xE0, 0x00, 0xF0, 0x00, 0xF8, 0x03, 0xFC,
    0x7F, 0xFC, 0x3F, 0xFC, 0x3F, 0xFC, 0x1F, 0xFC, 0x07, 0xF0, 0x00, 0x00, 0x00, 0x00, 0x00, 0x01,
    0xC0, 0x00, 0x0F, 0x80, 0x00, 0x7F, 0x00, 0x01, 0xFE, 0x00, 0x0F, 0xF8, 0x00, 0x7F, 0xC0, 0x03,
    0xFE, 0x00, 0x0F, 0xF0, 0x00, 0x3F, 0x80, 0x00, 0x7E, 0x00, 0x00, 0xF0, 0x00, 0x01, 0xF0, 0x00,
    0x03, 0xF0, 0x00, 0x03, 0xE0, 0x00, 0x03, 0xE0, 0x00, 0x07, 0xE0, 0x00, 0x07, 0xE0, 0x00, 0x07,
    0xE0, 0x00, 0x0F, 0xC0, 0x00, 0x0F, 0xC0, 0x00, 0x1F, 0xC0, 0x00, 0x7F, 0xC0, 0x03, 0xFF, 0xF0,
    0x7F, 0xEF, 0xFC, 0xFF, 0x8F, 0xF9, 0xFF, 0x0F, 0xF3, 0xF8, 0x0F, 0xE7, 0xC0, 0x07, 0xC0, 0x00,
    0x00, 0x00, 0x00, 0x80, 0x00, 0x00, 0x00, 0x0C, 0x00, 0x00, 0x00, 0x01, 0xE0, 0x00, 0x00, 0x00,
    0x3F, 0x00, 0x00, 0x00, 0x07, 0xF0, 0x00, 0x00, 0x00, 0xFE, 0x40, 0x00, 0x00, 0x0F, 0xCE, 0x00,
    0x00, 0x01, 0xF8, 0xF0, 0x00, 0x00, 0x1F, 0x1F, 0x80, 0x00, 0x01, 0xE3, 0xFC, 0x00, 0x00, 0x0E,
    0x7F, 0xC0, 0x00, 0x00, 0x4F, 0xF8, 0x00, 0x00, 0x00, 0xFF, 0x80, 0x00, 0x00, 0x1F, 0xF0, 0x00,
    0x00, 0x01, 0xFE, 0x00, 0x00, 0x00, 0x0F, 0xC0, 0x00, 0x00, 0x00, 0x78, 0x00, 0x00, 0x00, 0x03,
    0xE0, 0x00, 0x00, 0x00, 0x1F, 0x80, 0x00, 0x00, 0x00, 0x7C, 0x00, 0x00, 0x00, 0x01, 0xF0, 0x00,
    0x3C, 0x00, 0x0F, 0xC0, 0x01, 0xE0, 0x00, 0x3F, 0x00, 0x1F, 0x00, 0x00, 0xFC, 0x00, 0xF0, 0x00,
    0x07, 0xF0, 0x07, 0x80, 0x00, 0x1F, 0x80, 0x3C, 0x00, 0x00, 0xFE, 0x01, 0xF0, 0x00, 0x07, 0xF8,
    0x0F, 0x80, 0x00, 0x7F, 0xF8, 0x7F, 0x80, 0x1F, 0xDF, 0xFF, 0xFF, 0xFF, 0xFE, 0x7F, 0xEF, 0xFF,
    0xFF, 0xE1, 0xFF, 0x3F, 0xFF, 0xFE, 0x03, 0xF8, 0xFF, 0xFF, 0xE0, 0x07, 0x81, 0xFF, 0xF8, 0x00,
    0x00, 0x00, 0x00, 0x80, 0x00, 0xC0, 0x01, 0xE0, 0x03, 0xF0, 0x07, 0xF0, 0x07, 0xE4, 0x0F, 0xCE,
    0x1F, 0x8F, 0x1F, 0x1F, 0x9E, 0x3F, 0xCE, 0x7F, 0xC4, 0xFF, 0xC0, 0xFF, 0x81, 0xFF, 0x01, 0xFE,
    0x00, 0xFC, 0x00, 0x7F, 0x00, 0x3F, 0xE0, 0x1F, 0xF8, 0x01, 0xFE, 0x00, 0x3F, 0x80, 0x0F, 0xE0,
    0x01, 0xF8, 0x00, 0x7C, 0x00, 0x1E, 0x00, 0x0F, 0x00, 0x07, 0x80, 0x07, 0xC0, 0x1F, 0xE3, 0xFF,
    0xE1, 0xFF, 0xE1, 0xFF, 0xE0, 0xFF, 0xE0, 0x3F, 0x80, 0x00, 0x00, 0x00, 0x00, 0x00, 0x01, 0xC0,
    0x00, 0x0F, 0x80, 0x00, 0x3E, 0x00, 0x01, 0xF8, 0x00, 0x0F, 0xC0, 0x00, 0x7E, 0x38, 0x01, 0xF9,
    0xF0, 0x0F, 0xCF, 0xE0, 0x1E, 0x3F, 0xC0, 0x31, 0xFF, 0x00, 0x0F, 0xF8, 0x00, 0x7F, 0xC0, 0x01,
    0xFE, 0x00, 0x07, 0xF0, 0x00, 0x0F, 0xC0, 0x00, 0x1E, 0x00, 0x00, 0x3E, 0x00, 0x00, 0x7E, 0x00,
    0x00, 0x7C, 0x00, 0x00, 0x7C, 0x00, 0x00, 0xFC, 0x00, 0x00, 0xFC, 0x00, 0x00, 0xFC, 0x00, 0x01,
    0xF8, 0x00, 0x01, 0xF8, 0x00, 0x03, 0xF8, 0x00, 0x0F, 0xF8, 0x00, 0x7F, 0xFE, 0x0F, 0xFD, 0xFF,
    0x9F, 0xF1, 0xFF, 0x3F, 0xE1, 0xFF, 0x7F, 0x01, 0xFC, 0xF8, 0x00, 0x78, 0x00, 0x00, 0x00, 0x00,
    0x80, 0x00, 0x00, 0x00, 0x0C, 0x00, 0x00, 0x00, 0x01, 0xE0, 0x00, 0x00, 0x00, 0x3F, 0x00, 0x00,
    0x00, 0x07, 0xF0, 0x00, 0x00, 0x00, 0xFE, 0x40, 0x00, 0x00, 0x0F, 0xCE, 0x00, 0x00, 0x01, 0xF8,
    0xF0, 0x00, 0x00, 0x1F, 0x1F, 0x80, 0x00, 0x01, 0xE3, 0xFC, 0x00, 0x00, 0x0E, 0x7F, 0xC0, 0x00,
    0x00, 0x4F, 0xF8, 0x00, 0x00, 0x00, 0xFF, 0x80, 0x00, 0x00, 0x1F, 0xF0, 0x00, 0x00, 0x01, 0xFE,
    0x00, 0x00, 0x00, 0x0F, 0xC0, 0x00, 0x00, 0x00, 0x78, 0x00, 0x00, 0x00, 0x03, 0xE0, 0x00, 0x00,
    0x00, 0x1F, 0x80, 0x00, 0x00, 0x00, 0x7C, 0x00, 0x00, 0x00, 0x01, 0xF0, 0x00, 0x3C, 0x00, 0x0F,
    0xC0, 0x01, 0xE0, 0x00, 0x3F, 0x00, 0x1F, 0x00, 0x00, 0xFC, 0x00, 0xF0, 0x00, 0x07, 0xF0, 0x07,
    0x80, 0x00, 0x1F, 0x80, 0x3C, 0x00, 0x00, 0xFE, 0x01, 0xF0, 0x00, 0x07, 0xFC, 0x0F, 0x80, 0x00,
    0x7F, 0xF8, 0x7F, 0x80, 0x1F, 0xDF, 0xFF, 0xFF, 0xFF, 0xFE, 0x7F, 0xEF, 0xFF, 0xFF, 0xE1, 0xFF,
    0x3F, 0xFF, 0xFE, 0x03, 0xF8, 0xFF, 0xFF, 0xE0, 0x07, 0x81, 0xFF, 0xF8, 0x00, 0x00, 0x00, 0x00,
    0x00, 0x00, 0x00, 0x00, 0x00, 0x00, 0x00, 0x00, 0x06, 0x00, 0x00, 0x00, 0x00, 0x78, 0x00, 0x00,
    0x00, 0x03, 0xC0, 0x00, 0x00, 0x00, 0x1E, 0x00, 0x00, 0x00, 0x00, 0x60, 0x00, 0x00, 0x00, 0x00,
    0x00, 0x00, 0x00, 0x00, 0x18, 0x00, 0x00, 0x00, 0x01, 0xE0, 0x00, 0x00, 0x00, 0x0F, 0x00, 0x00,
    0x00, 0x00, 0x78, 0x00, 0x00, 0x00, 0x01, 0x80, 0x00, 0x00, 0x00, 0x00, 0x00, 0x00, 0x70, 0x00,
    0x7C, 0x00, 0x3E, 0x00, 0x3F, 0x00, 0x3F, 0x00, 0x3F, 0x9C, 0x1F, 0x9F, 0x1F, 0x9F, 0xC7, 0x8F,
    0xF1, 0x8F, 0xF8, 0x4F, 0xF8, 0x0F, 0xF8, 0x07, 0xF8, 0x03, 0xF8, 0x00, 0xFC, 0x00, 0x3F, 0x00,
    0x0F, 0xF0, 0x03, 0xFF, 0x00, 0x3F, 0xE0, 0x03, 0xFC, 0x00, 0x3F, 0x80, 0x03, 0xE0, 0x00, 0x7C,
    0x00, 0x1F, 0x00, 0x03, 0xC0, 0x01, 0xF0, 0x00, 0x7C, 0x01, 0xFF, 0x0F, 0xFF, 0x87, 0xFF, 0xC1,
    0xFF, 0xE0, 0x7F, 0xE0, 0x1F, 0xC0, 0x00, 0x00, 0x00, 0x00, 0x00, 0x06, 0x00, 0x03, 0xC0, 0x00,
    0xF0, 0x00, 0x3C, 0x00, 0x06, 0x00, 0x00, 0x00, 0x00, 0x60, 0x00, 0x3C, 0x00, 0x0F, 0x00, 0x03,
    0xC0, 0x00, 0x60, 0x00, 0x00, 0x00, 0x00, 0x00, 0x01, 0xC0, 0x00, 0x0F, 0x80, 0x00, 0x3E, 0x00,
    0x01, 0xF8, 0x00, 0x0F, 0xC0, 0x00, 0x7E, 0x38, 0x01, 0xF9, 0xF0, 0x0F, 0xCF, 0xE0, 0x1E, 0x3F,
    0xC0, 0x31, 0xFF, 0x00, 0x0F, 0xF8, 0x00, 0x7F, 0xC0, 0x01, 0xFE, 0x00, 0x07, 0xF0, 0x00, 0x0F,
    0xC0, 0x00, 0x1E, 0x00, 0x00, 0x3E, 0x00, 0x00, 0x7E, 0x00, 0x00, 0x7C, 0x00, 0x00, 0x7C, 0x00,
    0x00, 0xFC, 0x00, 0x00, 0xFC, 0x00, 0x00, 0xFC, 0x00, 0x01, 0xF8, 0x00, 0x01, 0xF8, 0x00, 0x03,
    0xF8, 0x00, 0x0F, 0xF8, 0x00, 0x7F, 0xFE, 0x0F, 0xFD, 0xFF, 0x9F, 0xF1, 0xFF, 0x3F, 0xE1, 0xFF,
    0x7F, 0x01, 0xFC, 0xF8, 0x00, 0xF8, 0x00, 0x00, 0x00, 0x00, 0x00, 0x00, 0x01, 0x80, 0x00, 0x07,
    0x80, 0x00, 0x0F, 0x00, 0x00, 0x1E, 0x00, 0x00, 0x18, 0x00, 0x00, 0x00, 0x00, 0x00, 0x60, 0x00,
    0x01, 0xE0, 0x00, 0x03, 0xC0, 0x00, 0x07, 0x80, 0x00, 0x06, 0x00, 0x00, 0x00, 0x03, 0x0C, 0x00,
    0x00, 0x00, 0x3C, 0xF0, 0x0C, 0x00, 0x01, 0xE7, 0x80, 0xE0, 0x00, 0x0F, 0x3C, 0x1F, 0x00, 0x00,
    0x30, 0xC3, 0xF8, 0x00, 0x00, 0x00, 0x7F, 0x00, 0x00, 0x00, 0x07, 0xE2, 0x00, 0x00, 0x00, 0xFC,
    0x70, 0x00, 0x00, 0x1F, 0xCF, 0x80, 0x00, 0x00, 0xF9, 0xFC, 0x00, 0x00, 0x0F, 0x3F, 0xE0, 0x00,
    0x00, 0x67, 0xFE, 0x00, 0x00, 0x00, 0x7F, 0xC0, 0x00, 0x00, 0x0F, 0xF8, 0x00, 0x00, 0x00, 0xFF,
    0x00, 0x00, 0x00, 0x0F, 0xE0, 0x00, 0x00, 0x00, 0x7C, 0x00, 0x00, 0x00, 0x03, 0xE0, 0x00, 0x00,
    0x00, 0x1F, 0x80, 0x00, 0x00, 0x00, 0x7C, 0x00, 0x00, 0x00, 0x01, 0xF0, 0x00, 0x38, 0x00, 0x0F,
    0xC0, 0x01, 0xE0, 0x00, 0x3F, 0x00, 0x1F, 0x00, 0x00, 0xFC, 0x00, 0xF0, 0x00, 0x07, 0xF0, 0x07,
    0x80, 0x00, 0x1F, 0x80, 0x3C, 0x00, 0x00, 0xFE, 0x01, 0xF0, 0x00, 0x07, 0xFC, 0x0F, 0x80, 0x00,
    0x7F, 0xF8, 0x7F, 0x80, 0x1F, 0xDF, 0xFF, 0xFF, 0xFF, 0xFE, 0x7F, 0xEF, 0xFF, 0xFF, 0xE1, 0xFF,
    0x3F, 0xFF, 0xFE, 0x03, 0xF8, 0xFF, 0xFF, 0xE0, 0x07, 0x81, 0xFF, 0xFC, 0x00, 0x00, 0x61, 0x80,
    0x07, 0x9E, 0x00, 0xFC, 0xF0, 0x1F, 0xE7, 0x83, 0xF6, 0x18, 0x7F, 0x00, 0x07, 0xE0, 0x00, 0xFE,
    0x60, 0x1F, 0xCF, 0x03, 0xF9, 0xF8, 0x1F, 0x1F, 0xC1, 0xE3, 0xFE, 0x0C, 0x7F, 0xC0, 0x0F, 0xF8,
    0x01, 0xFF, 0x00, 0x1F, 0xE0, 0x01, 0xFC, 0x00, 0x0F, 0xC0, 0x00, 0x7F, 0x80, 0x03, 0xFF, 0x00,
    0x07, 0xFC, 0x00, 0x0F, 0xF0, 0x00, 0x1F, 0xC0, 0x00, 0x3F, 0x00, 0x00, 0xF8, 0x00, 0x03, 0xC0,
    0x00, 0x1E, 0x00, 0x00, 0xF0, 0x00, 0x0F, 0x80, 0x03, 0xFC, 0x07, 0xFF, 0xC0, 0x3F, 0xFE, 0x03,
    0xFF, 0xC0, 0x1F, 0xFC, 0x00, 0x7F, 0x00, 0x00, 0x61, 0x80, 0x00, 0x79, 0xE0, 0x0C, 0x3C, 0xF0,
    0x1E, 0x1E, 0x78, 0x3F, 0x06, 0x18, 0x7F, 0x00, 0x00, 0x7E, 0x00, 0x00, 0xFE, 0x60, 0x01, 0xFC,
    0xF0, 0x01, 0xF9, 0xF8, 0x01, 0xF1, 0xFC, 0x00, 0xE3, 0xFC, 0x00, 0xC7, 0xFC, 0x00, 0x0F, 0xF8,
    0x00, 0x1F, 0xF0, 0x00, 0x1F, 0xE0, 0x00, 0x0F, 0xC0, 0x00, 0x07, 0x80, 0x00, 0x07, 0xC0, 0x00,
    0x03, 0xF0, 0x00, 0x00, 0xFC, 0x00, 0x00, 0x3F, 0x00, 0x00, 0x0F, 0xC0, 0x00, 0x03, 0xE0, 0x00,
    0x01, 0xF8, 0x00, 0x00, 0x7E, 0x00, 0x00, 0x3F, 0x80, 0x00, 0x1F, 0xE0, 0x00, 0x0F, 0xF8, 0x00,
    0x1F, 0xFF, 0x80, 0xFF, 0xDF, 0xF8, 0x7F, 0xC7, 0xFC, 0x7F, 0xC1, 0xFF, 0x1F, 0xC0, 0x7F, 0x0F,
    0x80, 0x0F, 0x80, 0x00, 0x00, 0x00, 0x00, 0x00, 0x0F, 0x00, 0x00, 0x03, 0xE0, 0x00, 0x00, 0x7C,
    0x00, 0x00, 0x0F, 0xC0, 0x40, 0x00, 0xF8, 0x1E, 0x00, 0x1F, 0x83, 0xC0, 0x03, 0xF8, 0x78, 0x00,
    0x3F, 0xDF, 0x00, 0x07, 0xFB, 0xC0, 0x00, 0xFF, 0xF8, 0x00, 0x1F, 0xEF, 0x00, 0x03, 0xDD, 0xE0,
    0x00, 0x78, 0x3E, 0x00, 0x1F, 0x07, 0xC0, 0x03, 0xE0, 0xFC, 0x00, 0xFC, 0x0F, 0xE0, 0x7F, 0x01,
    0xFF, 0xFF, 0xE0, 0x1F, 0xFF, 0xF8, 0x03, 0xFF, 0xFE, 0x00, 0x1F, 0xFF, 0x80, 0x00, 0xFF, 0x80,
    0x00, 0x01, 0x80, 0x00, 0x00, 0x30, 0x00, 0x00, 0x07, 0xF0, 0x00, 0x00, 0xFF, 0x00, 0x00, 0x1E,
    0x60, 0x00, 0x03, 0x0C, 0x00, 0x00, 0xFF, 0x80, 0x00, 0x1F, 0xE0, 0x00, 0x00, 0x00, 0x00, 0x00,
    0x00, 0x0F, 0x00, 0x00, 0x03, 0xE0, 0x00, 0x00, 0x7E, 0x00, 0x00, 0x0F, 0xC0, 0x40, 0x00, 0xF8,
    0x1E, 0x00, 0x1F, 0x83, 0xC0, 0x03, 0xF8, 0x78, 0x00, 0x3F, 0xDF, 0x00, 0x07, 0xFB, 0xC0, 0x00,
    0xFF, 0xF8, 0x00, 0x1F, 0xEF, 0x00, 0x03, 0xDD, 0xE0, 0x00, 0x78, 0x3E, 0x00, 0x1F, 0x07, 0xC0,
    0x03, 0xE0, 0xFC, 0x00, 0xFC, 0x0F, 0xE0, 0x7F, 0x01, 0xFF, 0xFF, 0xE0, 0x1F, 0xFF, 0xF8, 0x03,
    0xFF, 0xFE, 0x00, 0x1F, 0xFF, 0x80, 0x00, 0xFF, 0x80, 0x00, 0x18, 0x01, 0x80, 0x1B, 0xC1, 0xFE,
    0x1E, 0xE1, 0xC6, 0x19, 0xE3, 0xFC, 0x7F, 0xC0, 0x00, 0x00, 0x00, 0x00, 0x03, 0xC0, 0x7C, 0x03,
    0xE0, 0x3E, 0x03, 0xE0, 0x1E, 0x01, 0xE0, 0x1E, 0x01, 0xE0, 0x7E, 0x3F, 0xE7, 0xFE, 0x7F, 0xC7,
    0xF8, 0x7F, 0x00, 0x0C, 0x00, 0x18, 0x00, 0x3F, 0x80, 0x7F, 0x80, 0xE3, 0x01, 0x86, 0x07, 0xFC,
    0x1F, 0xF0, 0x00, 0x00, 0x00, 0x00, 0x00, 0x00, 0x3C, 0x00, 0x78, 0x00, 0xF0, 0x01, 0xE0, 0x03,
    0xC0, 0x07, 0x80, 0x0F, 0x80, 0x3F, 0x83, 0xFF, 0xE7, 0xFF, 0xDF, 0xFF, 0xFF, 0x3F, 0x3C, 0x1E,
    0x00, 0x0F, 0x00, 0x03, 0xF8, 0x00, 0x3F, 0x00, 0x03, 0x80, 0x00, 0x38, 0x00, 0x01, 0xF8, 0x00,
    0x7F, 0x80, 0x07, 0xF8, 0x00, 0x60, 0x00, 0x00, 0x00, 0x00, 0x1E, 0x00, 0x01, 0xE0, 0x00, 0x1E,
    0x00, 0x01, 0xE0, 0x01, 0xFE, 0x00, 0x7F, 0xE0, 0x1F, 0xFE, 0x03, 0xFF, 0xE0, 0x7F, 0x1E, 0x07,
    0xC1, 0xE0, 0xF8, 0x1E, 0x0F, 0x01, 0xE0, 0xF0, 0x1E, 0x0F, 0x87, 0xF0, 0xFF, 0xFF, 0x0F, 0xFF,
    0xFE, 0x7F, 0xFF, 0xE3, 0xFE, 0xFE, 0x1F, 0x87, 0xE0, 0x00, 0x3E, 0x00, 0x00, 0x00, 0x00, 0xFC,
    0x00, 0x03, 0xFE, 0x00, 0x07, 0xFF, 0x00, 0x0F, 0xFF, 0x80, 0x0F, 0xFF, 0x80, 0x1F, 0x9F, 0xE0,
    0x1F, 0x0F, 0xF8, 0x3E, 0x07, 0xFE, 0x3E, 0x03, 0xFE, 0x3E, 0x01, 0xFE, 0x7C, 0x00, 0xFE, 0x7C,
    0x00, 0x3E, 0x7C, 0x00, 0x00, 0x3C, 0x00, 0x00, 0x00, 0x00, 0x00, 0x00, 0xC0, 0x3C, 0x07, 0xC0,
    0x3E, 0x03, 0xE0, 0x3E, 0x01, 0xE0, 0x1E, 0x01, 0xE0, 0x1E, 0x07, 0xE7, 0xFE, 0x7F, 0xE7, 0xFC,
    0x7F, 0x87, 0xE0, 0x00, 0x00, 0x30, 0x07, 0x00, 0x70, 0x07, 0x00, 0xF0, 0x0F, 0x80, 0xF8, 0x0F,
    0x80, 0x70, 0x00, 0x00, 0x00, 0x00, 0x3E, 0x00, 0x00, 0x1F, 0x00, 0x00, 0x0F, 0x80, 0x00, 0x0F,
    0xC0, 0x00, 0x07, 0xC0, 0x00, 0x07, 0xE0, 0x00, 0x07, 0xF0, 0x00, 0x07, 0xF8, 0x00, 0x3F, 0xF8,
    0x0F, 0xDF, 0xFC, 0x1F, 0xFF, 0xFE, 0x1F, 0xF7, 0xEF, 0x1F, 0xFB, 0xE7, 0xCF, 0xF8, 0x03, 0xEF,
    0xC0, 0x01, 0xF7, 0x80, 0x00, 0x7F, 0xC0, 0x00, 0x3F, 0xC0, 0x00, 0x1F, 0xE0, 0x00, 0x07, 0xF0,
    0x00, 0x03, 0xF8, 0x00, 0x00, 0xFC, 0x00, 0x00, 0x7E, 0x00, 0x00, 0x1F, 0x80, 0x00, 0x07, 0xC0,
    0x00, 0x01, 0x80, 0x00, 0x00, 0x07, 0xC0, 0x00, 0x3F, 0xE0, 0x00, 0xFF, 0xC0, 0x03, 0xFF, 0xC0,
    0x07, 0xFF, 0x80, 0x1F, 0x9F, 0x00, 0x7C, 0x1E, 0x00, 0xF0, 0x3C, 0x01, 0xE0, 0x78, 0x07, 0x81,
    0xF0, 0x0F, 0x03, 0xC0, 0x1E, 0x0F, 0x03, 0x3C, 0xFC, 0x07, 0xFF, 0xFF, 0xDF, 0xFF, 0xFF, 0xBF,
    0xFF, 0xFF, 0x7F, 0xFF, 0xFE, 0x7F, 0xFF, 0xFC, 0x0F, 0x0F, 0x80, 0x1E, 0x07, 0x80, 0x3C, 0x07,
    0x80, 0x7C, 0x0F, 0x00, 0x78, 0x1E, 0x00, 0xFC, 0x7C, 0x00, 0xFF, 0xF8, 0x00, 0xFF, 0xF0, 0x01,
    0xFF, 0xC0, 0x00, 0xFF, 0x80, 0x00, 0xFC, 0x00, 0x00, 0x00, 0x00, 0x00, 0x00, 0x00, 0x00, 0xC0,
    0x00, 0x00, 0xF8, 0x00, 0x00, 0x7E, 0x00, 0x00, 0x7F, 0xC0, 0x00, 0x1F, 0xF8, 0x00, 0x0F, 0xFE,
    0x00, 0x0F, 0xFF, 0xC0, 0x07, 0xFF, 0xF0, 0x07, 0x83, 0xFC, 0x03, 0x80, 0xFF, 0x01, 0xC0, 0x7F,
    0xC0, 0xE0, 0x3B, 0xF0, 0x78, 0x3C, 0xF8, 0x3C, 0x1E, 0x7C, 0x0F, 0xBE, 0x1E, 0x07, 0xFF, 0x0F,
    0x1F, 0xFF, 0x0F, 0x9F, 0xFF, 0xFF, 0xCF, 0xFF, 0xFF, 0xC7, 0xFF, 0xFF, 0xE3, 0xFC, 0xFF, 0xE0,
    0x00, 0x1F, 0xC0, 0x00, 0x1F, 0x00, 0x03, 0xFE, 0x00, 0x3F, 0xF0, 0x03, 0xFF, 0xC0, 0x1F, 0xFE,
    0x01, 0xF1, 0xF0, 0x1F, 0x07, 0x80, 0xF0, 0x3C, 0x07, 0x81, 0xE0, 0x78, 0x1F, 0x03, 0xC0, 0xF0,
    0x1E, 0x0F, 0x00, 0xF1, 0xF0, 0x3F, 0xFF, 0xFD, 0xFF, 0xFF, 0xEF, 0xFF, 0xFF, 0x7F, 0xFF, 0xFB,
    0xFF, 0xFF, 0xC3, 0xC3, 0xE0, 0x1E, 0x07, 0x80, 0xF0, 0x1E, 0x07, 0xC0, 0xF0, 0x1E, 0x07, 0x80,
    0xFC, 0x7C, 0x03, 0xFF, 0xE0, 0x0F, 0xFF, 0x00, 0x7F, 0xF0, 0x00, 0xFF, 0x80, 0x03, 0xF0, 0x00,
    0x00, 0x00, 0x00, 0x00, 0x00, 0x00, 0x03, 0xFF, 0xFF, 0xF0, 0x3F, 0xFF, 0xFF, 0xC3, 0xFF, 0xFF,
    0xFF, 0x1F, 0xFF, 0xFF, 0xFC, 0xFF, 0xFF, 0xFF, 0xE7, 0xF8, 0x00, 0x00, 0x1F, 0x00, 0x00, 0x00,
    0xF8, 0x00, 0x00, 0x03, 0xE0, 0x00, 0x00, 0x0F, 0x00, 0x00, 0x00, 0x3E, 0x00, 0x00, 0x00, 0xFF,
    0xFF, 0xFF, 0xFB, 0xFF, 0xFF, 0xFF, 0xC7, 0xFF, 0xFF, 0xFF, 0x0F, 0xFF, 0xFF, 0xFC, 0x0F, 0xFF,
    0xFF, 0xE0, 0x01, 0xE0, 0x00, 0x00, 0x0F, 0xC0, 0x00, 0x00, 0x7F, 0x00, 0x00, 0x01, 0xC0, 0x00,
    0x00, 0x07, 0x00, 0x00, 0x00, 0x0E, 0xE0, 0x00, 0x00, 0x7F, 0x80, 0x00, 0x01, 0xFE, 0x00, 0x00,
    0x07, 0x80, 0x00, 0x00, 0x00, 0x00, 0x00, 0x00, 0x00, 0x00, 0x00, 0x00, 0x00, 0x00, 0x00, 0x00,
    0xFF, 0xFF, 0xF8, 0x0F, 0xFF, 0xFF, 0xE0, 0xFF, 0xFF, 0xFF, 0x87, 0xFF, 0xFF, 0xFE, 0x3F, 0xFF,
    0xFF, 0xF9, 0xFE, 0x00, 0x00, 0x07, 0xC0, 0x00, 0x00, 0x3E, 0x00, 0x00, 0x00, 0xF8, 0x00, 0x00,
    0x03, 0xC0, 0x00, 0x00, 0x0F, 0x80, 0x00, 0x00, 0x3F, 0xFF, 0xFF, 0xFC, 0xFF, 0xFF, 0xFF, 0xF1,
    0xFF, 0xFF, 0xFF, 0x83, 0xFF, 0xFF, 0xFE, 0x03, 0xFF, 0xFF, 0xF8, 0x03, 0xBF, 0xFF, 0xB8, 0x03,
    0xBF, 0xFF, 0xB8, 0x00, 0x0C, 0x33, 0xCF, 0x79, 0xEF, 0x3C, 0xC3, 0x00, 0x00, 0x0C, 0x33, 0xCF,
    0x79, 0xEF, 0x3C, 0xC3, 0x00, 0x0E, 0x03, 0xC0, 0x78, 0x07, 0x00, 0x00, 0xE3, 0xBC, 0x7F, 0x8F,
    0x71, 0xC0, 0x0E, 0x03, 0xC0, 0x78, 0x07, 0x00, 0x00, 0xE3, 0xBC, 0x7F, 0x8F, 0x71, 0xC0, 0x71,
    0xDE, 0x3F, 0xC7, 0xB8, 0xE0, 0x00, 0x1C, 0x07, 0x80, 0xF0, 0x0E, 0x00, 0x71, 0xDE, 0x3F, 0xC7,
    0xB8, 0xE0, 0x00, 0x1C, 0x07, 0x80, 0xF0, 0x0E, 0x00, 0x73, 0xBC, 0xFF, 0x3D, 0xCE, 0x00, 0x1C,
    0xEF, 0x3F, 0xCF, 0x73, 0x80, 0x73, 0xBC, 0xFF, 0x3D, 0xCE, 0x00, 0x1C, 0xEF, 0x3F, 0xCF, 0x73,
    0x80, 0x03, 0x3D, 0xEF, 0x30, 0x0C, 0xF7, 0xBC, 0xC0, 0x03, 0x3D, 0xEF, 0x30, 0x0C, 0xF7, 0xBC,
    0xC0, 0x38, 0xFB, 0xBE, 0x3E, 0xEF, 0xCE, 0x00, 0x30, 0x0D, 0xE3, 0xFC, 0xF7, 0x38, 0xCC, 0x77,
    0xFB, 0xFE, 0x00, 0x00, 0x01, 0xC0, 0x00, 0x00, 0x01, 0xE0, 0x00, 0x00, 0x01, 0xE0, 0x00, 0x00,
    0x01, 0xC0, 0x00, 0x00, 0x00, 0x00, 0x00, 0x00, 0x0E, 0x38, 0x00, 0x00, 0x1E, 0x3C, 0x00, 0x00,
    0x1E, 0x3C, 0x00, 0x00, 0x0E, 0x38, 0x00, 0x00, 0x00, 0x00, 0x00, 0x00, 0x00, 0x00, 0x00, 0x00,
    0x00, 0x60, 0x00, 0x00, 0x01, 0xE0, 0x00, 0x00, 0x01, 0xE0, 0x00, 0x00, 0x01, 0xE0, 0x00, 0x00,
    0x01, 0xE0, 0x00, 0x00, 0x01, 0xE0, 0x00, 0x00, 0x01, 0xE0, 0x00, 0x00, 0x01, 0xE0, 0x00, 0x00,
    0x81, 0xE0, 0x00, 0x03, 0x81, 0xE0, 0x00, 0x0F, 0x81, 0xE0, 0x00, 0x1F, 0x01, 0xE0, 0x00, 0x3C,
    0x01, 0xE0, 0x00, 0x3E, 0x01, 0xE0, 0x00, 0x1F, 0x01, 0xE0, 0x00, 0x07, 0x81, 0xE0, 0x60, 0x03,
    0x81, 0xE0, 0x78, 0x7F, 0x81, 0xE0, 0xF8, 0x7F, 0x01, 0xE0, 0xF0, 0x3C, 0x01, 0xE0, 0xF0, 0x00,
    0x01, 0xE0, 0xF0, 0x00, 0x01, 0xE0, 0xF8, 0x00, 0x03, 0xF0, 0xF8, 0x00, 0x0F, 0xF8, 0xFF, 0x00,
    0x7F, 0xFE, 0xFF, 0xFF, 0xFF, 0xFF, 0x7F, 0xFF, 0xFF, 0xFF, 0x3F, 0xFF, 0xFE, 0x7E, 0x1F, 0xFF,
    0xF8, 0x1E, 0x07, 0xFF, 0xE0, 0x00, 0x0E, 0x00, 0x03, 0xC0, 0x00, 0x78, 0x00, 0x07, 0x00, 0x00,
    0x00, 0x00, 0xE3, 0x80, 0x3C, 0x78, 0x07, 0x8F, 0x01, 0x71, 0xC0, 0xE0, 0x00, 0x7C, 0x00, 0x3F,
    0x80, 0x1F, 0xF0, 0x07, 0xFC, 0x03, 0xFE, 0x01, 0xFF, 0x00, 0x7F, 0x80, 0x1F, 0xC0, 0x03, 0xF0,
    0x00, 0x7F, 0x00, 0x0F, 0xF8, 0x00, 0xFF, 0x80, 0x07, 0xF8, 0x00, 0x3F, 0x80, 0x03, 0xF8, 0x00,
    0x1F, 0x80, 0x01, 0xF0, 0x00, 0x1E, 0x00, 0x03, 0xC0, 0x00, 0xF8, 0x00, 0x1F, 0x00, 0x3F, 0xE0,
    0xFF, 0xF8, 0x3F, 0xFE, 0x07, 0xFF, 0x80, 0xFF, 0xC0, 0x1F, 0xC0, 0x00, 0x0E, 0x00, 0x00, 0x3C,
    0x00, 0x00, 0x78, 0x00, 0x00, 0x70, 0x00, 0x00, 0x00, 0x00, 0x0E, 0x38, 0x00, 0x3C, 0x78, 0x00,
    0x78, 0xF0, 0x10, 0x71, 0xC0, 0xE0, 0x00, 0x07, 0xC0, 0x00, 0x3F, 0x80, 0x01, 0xFF, 0x00, 0x07,
    0xF8, 0x00, 0x3F, 0xE0, 0x01, 0xFF, 0x00, 0x07, 0xF8, 0x00, 0x1F, 0xC0, 0x00, 0x3E, 0x00, 0x00,
    0x78, 0x00, 0x00, 0xF8, 0x00, 0x01, 0xF8, 0x00, 0x01, 0xF8, 0x00, 0x01, 0xF8, 0x00, 0x01, 0xF0,
    0x00, 0x03, 0xF0, 0x00, 0x03, 0xF0, 0x00, 0x03, 0xF0, 0x00, 0x07, 0xF0, 0x00, 0x0F, 0xF0, 0x00,
    0x3F, 0xF0, 0x00, 0xFF, 0xF8, 0x1F, 0xF3, 0xFF, 0x7F, 0xE3, 0xFE, 0xFF, 0x83, 0xFD, 0xFE, 0x03,
    0xFB, 0xE0, 0x01, 0xE0, 0x00, 0xF0, 0x00, 0x0F, 0xC0, 0x00, 0x7E, 0x00, 0x03, 0x30, 0x00, 0x19,
    0x80, 0x00, 0x7C, 0x00, 0x03, 0xC0, 0x00, 0x3C, 0x00, 0x01, 0xC0, 0x00, 0x08, 0x00, 0x00, 0x00,
    0x00, 0x07, 0xE0, 0x00, 0x7F, 0x80, 0x07, 0xFE, 0x00, 0x7F, 0xF8, 0x03, 0xFF, 0xE0, 0x3F, 0x1F,
    0x01, 0xF0, 0x78, 0x0F, 0x01, 0xC0, 0x7C, 0x0F, 0x03, 0xF0, 0x78, 0x1F, 0xFF, 0xF8, 0x7F, 0xFF,
    0xC3, 0xFF, 0xFE, 0x07, 0xFF, 0xF0, 0x1F, 0xFF, 0x80, 0x03, 0xC0, 0x00, 0x3E, 0x00, 0x03, 0xE0,
    0x00, 0x7F, 0x00, 0x1F, 0xF0, 0x07, 0xFF, 0x00, 0x7F, 0xF0, 0x03, 0xFF, 0x00, 0x0F, 0xE0, 0x00,
    0x78, 0x00, 0x00, 0x00, 0x00, 0x00, 0x01, 0x10, 0x00, 0x1D, 0xC0, 0x00, 0xEE, 0x00, 0x03, 0xE0,
    0x00, 0x1F, 0x00, 0x00, 0x70, 0x00, 0x01, 0x80, 0x00, 0x00, 0x00, 0x03, 0xF0, 0x00, 0x3F, 0xC0,
    0x03, 0xFF, 0x00, 0x3F, 0xFC, 0x01, 0xFF, 0xF0, 0x1F, 0x8F, 0x80, 0xF8, 0x3C, 0x07, 0x80, 0xE0,
    0x3E, 0x07, 0x81, 0xF8, 0x3C, 0x0F, 0xFF, 0xFC, 0x3F, 0xFF, 0xE1, 0xFF, 0xFF, 0x03, 0xFF, 0xF8,
    0x0F, 0xFF, 0xC0, 0x01, 0xE0, 0x00, 0x1F, 0x00, 0x01, 0xF0, 0x00, 0x3F, 0x80, 0x0F, 0xF8, 0x03,
    0xFF, 0x80, 0x3F, 0xF8, 0x01, 0xFF, 0x80, 0x07, 0xF0, 0x00, 0x3C, 0x00, 0x00, 0x00, 0x00, 0x00,
    0x00, 0x00, 0x00, 0x07, 0x00, 0x00, 0x38, 0x00, 0x01, 0xC0, 0x00, 0x0E, 0x00, 0x00, 0x70, 0x00,
    0x03, 0x80, 0x00, 0x1C, 0x00, 0x00, 0x00, 0x00, 0x00, 0x00, 0x00, 0xFC, 0x00, 0x0F, 0xF0, 0x00,
    0xFF, 0xC0, 0x0F, 0xFF, 0x00, 0x7F, 0xFC, 0x07, 0xE3, 0xE0, 0x3E, 0x0F, 0x01, 0xE0, 0x38, 0x0F,
    0x81, 0xE0, 0x7E, 0x0F, 0x03, 0xFF, 0xFF, 0x0F, 0xFF, 0xF8, 0x7F, 0xFF, 0xC0, 0xFF, 0xFE, 0x03,
    0xFF, 0xF0, 0x00, 0x78, 0x00, 0x07, 0xC0, 0x00, 0x7C, 0x00, 0x0F, 0xE0, 0x03, 0xFE, 0x00, 0xFF,
    0xE0, 0x0F, 0xFE, 0x00, 0x7F, 0xE0, 0x01, 0xFC, 0x00, 0x0F, 0x00, 0x00, 0x00, 0x00, 0x00, 0x00,
    0xE0, 0x00, 0x0F, 0x00, 0x00, 0x78, 0x00, 0x01, 0xC0, 0x00, 0x00, 0x00, 0x07, 0x0E, 0x00, 0x3C,
    0x78, 0x01, 0xE3, 0xC0, 0x0E, 0x1C, 0x00, 0x00, 0x00, 0x00, 0x00, 0x00, 0x00, 0x00, 0x00, 0x3F,
    0x00, 0x03, 0xFC, 0x00, 0x3F, 0xF0, 0x03, 0xFF, 0xC0, 0x1F, 0xFF, 0x01, 0xF8, 0xF8, 0x0F, 0x83,
    0xC0, 0x78, 0x0E, 0x03, 0xE0, 0x78, 0x1F, 0x83, 0xC0, 0xFF, 0xFF, 0xC3, 0xFF, 0xFE, 0x1F, 0xFF,
    0xF0, 0x3F, 0xFF, 0x80, 0xFF, 0xFC, 0x00, 0x1E, 0x00, 0x01, 0xF0, 0x00, 0x1F, 0x80, 0x03, 0xF8,
    0x00, 0xFF, 0x80, 0x3F, 0xF8, 0x03, 0xFF, 0x80, 0x1F, 0xF8, 0x00, 0x7F, 0x00, 0x03, 0xC0, 0x00,
    0x00, 0x00, 0x00, 0x03, 0xF0, 0x00, 0x3F, 0xC0, 0x03, 0xFF, 0x00, 0x3F, 0xFC, 0x01, 0xFF, 0xF0,
    0x1F, 0x8F, 0x80, 0xF8, 0x3C, 0x07, 0x80, 0xE0, 0x3E, 0x07, 0x81, 0xF8, 0x3C, 0x0F, 0xFF, 0xFC,
    0x3F, 0xFF, 0xE1, 0xFF, 0xFF, 0x03, 0xFF, 0xF8, 0x0F, 0xFF, 0xC0, 0x01, 0xE0, 0x00, 0x1F, 0x03,
    0xFF, 0xF0, 0x0F, 0xFF, 0x80, 0x07, 0xF8, 0x01, 0xFF, 0x80, 0x3F, 0xF8, 0x01, 0xFF, 0x80, 0x07,
    0xF0, 0x00, 0x3E, 0x00, 0x00, 0x80, 0x00, 0x00, 0x00, 0xE0, 0x00, 0x07, 0x80, 0x00, 0x7C, 0x00,
    0x07, 0xF0, 0x00, 0x3B, 0x80, 0x01, 0xCC, 0x00, 0x00, 0x00, 0x00, 0x00, 0x00, 0x00, 0x00, 0x00,
    0x1F, 0x80, 0x01, 0xFE, 0x00, 0x1F, 0xF8, 0x01, 0xFF, 0xE0, 0x0F, 0xFF, 0x80, 0xFC, 0x7C, 0x07,
    0xC1, 0xE0, 0x3C, 0x07, 0x01, 0xF0, 0x3C, 0x0F, 0xC1, 0xE0, 0x7F, 0xFF, 0xE1, 0xFF, 0xFF, 0x0F,
    0xFF, 0xF8, 0x1F, 0xFF, 0xC0, 0x7F, 0xFE, 0x00, 0x0F, 0x00, 0x00, 0xF8, 0x00, 0x0F, 0x80, 0x01,
    0xFC, 0x00, 0x7F, 0xC0, 0x1F, 0xFC, 0x01, 0xFF, 0xC0, 0x0F, 0xFC, 0x00, 0x3F, 0x80, 0x01, 0xE0,
    0x00, 0x00, 0x00, 0x00, 0x00, 0x00, 0x00, 0x06, 0x00, 0x00, 0x01, 0xE0, 0x00, 0x00, 0x3C, 0x00,
    0xF0, 0x0F, 0x80, 0x3F, 0xE1, 0xF0, 0x07, 0xFF, 0xBC, 0x01, 0xFF, 0xF7, 0x80, 0x0F, 0xFE, 0xF0,
    0x00, 0x7F, 0xDF, 0x00, 0x03, 0xFB, 0xE0, 0x00, 0xF8, 0x7E, 0x00, 0x3F, 0x0F, 0xF0, 0x3F, 0xE0,
    0xFF, 0xFF, 0xF8, 0x0F, 0xFF, 0xFF, 0x01, 0xFF, 0xFF, 0x80, 0x1F, 0xFF, 0xE0, 0x00, 0xFF, 0xE0,
    0x00, 0x00, 0x00, 0x00, 0x00, 0x00, 0x00, 0x00, 0x06, 0x00, 0x00, 0x01, 0xE0, 0x00, 0x00, 0x3C,
    0x00, 0x00, 0x07, 0x80, 0x00, 0x00, 0x60, 0x00, 0x00, 0x00, 0x00, 0x00, 0x01, 0x80, 0x00, 0x00,
    0x78, 0x00, 0x00, 0x0F, 0x00, 0x00, 0x01, 0xE0, 0x00, 0x00, 0x18, 0x00, 0x00, 0x00, 0x00, 0x00,
    0x00, 0x40, 0x3C, 0x03, 0xC0, 0x3E, 0x03, 0xE0, 0x3E, 0x01, 0xE0, 0x1E, 0x01, 0xE0, 0x1E, 0x07,
    0xE3, 0xFE, 0x7F, 0xE7, 0xFC, 0x7F, 0x87, 0xF0, 0x00, 0x00, 0x00, 0x03, 0x00, 0x78, 0x07, 0x80,
    0x78, 0x03, 0x00, 0x00, 0x03, 0x00, 0x78, 0x07, 0x80, 0x78, 0x03, 0x00, 0x07, 0x80, 0x0F, 0x00,
    0x1E, 0x00, 0x3C, 0x00, 0x78, 0x00, 0xF0, 0x01, 0xF0, 0x07, 0xF0, 0x7F, 0xFD, 0xFF, 0xFB, 0xFF,
    0xF7, 0xE7, 0xE7, 0x87, 0xC0, 0x00, 0x00, 0x00, 0x01, 0x80, 0x07, 0x80, 0x0F, 0x00, 0x1E, 0x00,
    0x18, 0x00, 0x00, 0x00, 0x60, 0x01, 0xE0, 0x03, 0xC0, 0x07, 0x80, 0x06, 0x00, 0x00, 0xC0, 0x3C,
    0x07, 0xC0, 0x3E, 0x03, 0xE0, 0x3E, 0x01, 0xE0, 0x1E, 0x01, 0xE0, 0x1E, 0x07, 0xE7, 0xFE, 0x7F,
    0xE7, 0xFC, 0x7F, 0x87, 0xE0, 0x07, 0x80, 0x0F, 0x00, 0x1E, 0x00, 0x3C, 0x00, 0x78, 0x00, 0xF0,
    0x01, 0xF0, 0x07, 0xF0, 0x7F, 0xFD, 0xFF, 0xFB, 0xFF, 0xF7, 0xE7, 0xE7, 0x87, 0xC0, 0x00, 0x00,
    0x00, 0x06, 0x00, 0x00, 0x01, 0xE0, 0x00, 0x00, 0x3C, 0x00, 0xF0, 0x0F, 0x80, 0x3F, 0xE1, 0xF0,
    0x07, 0xFF, 0xBC, 0x01, 0xFF, 0xF7, 0x80, 0x0F, 0xFE, 0xF0, 0x00, 0x7F, 0xDF, 0x00, 0x03, 0xFB,
    0xE0, 0x00, 0xF8, 0x7E, 0x00, 0x3F, 0x0F, 0xF0, 0x3F, 0xE0, 0xFF, 0xFF, 0xF8, 0x0F, 0xFF, 0xFF,
    0x01, 0xFF, 0xFF, 0x80, 0x1F, 0xFF, 0xE0, 0x00, 0xFF, 0xE0, 0x00, 0x00, 0x00, 0x00, 0x00, 0x00,
    0x80, 0x7C, 0x07, 0xC0, 0x7C, 0x03, 0xE0, 0x3E, 0x03, 0xE0, 0x1E, 0x01, 0xE0, 0x3E, 0x07, 0xE7,
    0xFE, 0xFF, 0xEF, 0xFC, 0xFF, 0x87, 0xE0, 0x00, 0x00, 0x00, 0x00, 0x03, 0x0C, 0x79, 0xE7, 0x9E,
    0x79, 0xE3, 0x0C, 0x07, 0x80, 0x1E, 0x00, 0x78, 0x01, 0xE0, 0x07, 0x80, 0x1E, 0x00, 0x7C, 0x03,
    0xF8, 0x7F, 0xFD, 0xFF, 0xFF, 0xFF, 0xFF, 0x3F, 0x78, 0x7C, 0x00, 0x00, 0x00, 0x00, 0x00, 0x18,
    0x60, 0xF3, 0xC3, 0xCF, 0x0F, 0x3C, 0x18, 0x60, 0x03, 0x00, 0x03, 0x80, 0x01, 0xC0, 0x00, 0xE0,
    0x00, 0x70, 0x00, 0x38, 0x00, 0x1C, 0x00, 0x0E, 0x00, 0x00, 0x00, 0x00, 0x00, 0x01, 0xC0, 0x01,
    0xF0, 0x00, 0xF8, 0x00, 0x7C, 0x00, 0x1C, 0x00, 0x00, 0x00, 0x00, 0x00, 0x00, 0x20, 0x00, 0x78,
    0x00, 0x7C, 0x00, 0x7F, 0x00, 0x1F, 0xC0, 0x07, 0xF0, 0x01, 0xF8, 0x00, 0x7E, 0x00, 0x1F, 0x00,
    0x0F, 0xC0, 0x03, 0xE0, 0x01, 0xF0, 0x00, 0x78, 0x00, 0x3C, 0x00, 0x3E, 0x30, 0x7F, 0x1F, 0xFF,
    0x9F, 0xFF, 0x8F, 0xFF, 0x87, 0xFF, 0x83, 0xFF, 0x00, 0x00, 0x00, 0x07, 0x00, 0x1C, 0x00, 0x70,
    0x01, 0xC0, 0x07, 0x00, 0x1C, 0x00, 0x70, 0x00, 0x00, 0x00, 0x00, 0x00, 0x00, 0x1C, 0x01, 0xF8,
    0x07, 0xE0, 0x0F, 0x80, 0x3F, 0x00, 0x7C, 0x01, 0xF0, 0x07, 0xC0, 0x0F, 0x00, 0x3C, 0x00, 0xF0,
    0x07, 0xC0, 0x1F, 0x00, 0xFC, 0x03, 0xE0, 0x3F, 0x83, 0xFC, 0x3F, 0xE3, 0xFF, 0x87, 0xFC, 0x1F,
    0xC0, 0x3C, 0x00, 0xC0, 0x00, 0x00, 0x00, 0x1E, 0x0F, 0xC3, 0xF0, 0xCC, 0x3B, 0x07, 0xC1, 0xE0,
    0xF8, 0x3C, 0x0C, 0x00, 0x1B, 0xB7, 0xED, 0xFF, 0x7F, 0xFD, 0xDE, 0x00, 0x07, 0x01, 0xC0, 0x70,
    0x1C, 0x07, 0x01, 0xC0, 0x70, 0x00, 0x10, 0x7E, 0xDF, 0xB7, 0xFD, 0xFF, 0xF7, 0xF8, 0x01, 0x0F,
    0xCF, 0xF3, 0xF0, 0x83, 0x1F, 0xCF, 0xF3, 0xE0, 0x00, 0x00, 0x03, 0xC0, 0xF0, 0x3C, 0x0F, 0x03,
    0xC0, 0xF0, 0x3C, 0x0F, 0x03, 0xC0, 0xF0, 0x3C, 0x0F, 0x03, 0xC0, 0xF0, 0x3C, 0x0F, 0x03, 0xC0,
    0xF8, 0x3F, 0x0F, 0xF1, 0xFC, 0x7F, 0x0F, 0xC0, 0xE0, 0x01, 0x3F, 0xFF, 0xFC, 0x87, 0xFF, 0xFF,
    0xF8, 0x00, 0x00, 0x3C, 0x3C, 0x3C, 0x3C, 0x3C, 0x3C, 0x3C, 0x3C, 0x3C, 0x3C, 0x3C, 0x3C, 0x3C,
    0x3C, 0x3C, 0x3C, 0x3C, 0x3C, 0x3C, 0x3C, 0x3C, 0x3C, 0x3C, 0x3C, 0x00, 0x00, 0x00, 0x38, 0x00,
    0xF0, 0x01, 0xC0, 0x07, 0x80, 0x1E, 0x00, 0x78, 0x00, 0xF0, 0x03, 0xC0, 0x07, 0x80, 0x1E, 0x00,
    0x3C, 0x01, 0xF8, 0x07, 0xF8, 0x0F, 0xF0, 0x0F, 0xE0, 0x3F, 0xC0, 0xF3, 0xC3, 0xC3, 0xC7, 0x87,
    0x8F, 0x9F, 0x07, 0xFC, 0x07, 0xF0, 0x0F, 0xE0, 0x3F, 0xE0, 0x7F, 0x00, 0x1E, 0x00, 0x3C, 0x00,
    0x78, 0x00, 0x78, 0x00, 0xF0, 0x00, 0xF0, 0x00, 0xF0, 0x00, 0xE0, 0x01, 0xE0, 0x01, 0xE0, 0x01,
    0xC0, 0x01, 0x00, 0x00, 0x00, 0x70, 0x00, 0x78, 0x00, 0x3C, 0x00, 0x1E, 0x00, 0x1E, 0x00, 0x0F,
    0x00, 0x07, 0x80, 0x07, 0x80, 0x03, 0xC0, 0x03, 0xC0, 0x03, 0xE0, 0x03, 0xF0, 0x07, 0xF8, 0x07,
    0xF8, 0x03, 0xF8, 0x07, 0xFC, 0x0F, 0x3E, 0x1E, 0x1E, 0x1E, 0x1E, 0x0F, 0x3E, 0x07, 0xFC, 0x03,
    0xF8, 0x07, 0xF8, 0x07, 0xF8, 0x03, 0xF8, 0x01, 0xE0, 0x03, 0xC0, 0x03, 0xC0, 0x07, 0x80, 0x07,
    0x80, 0x0F, 0x00, 0x0E, 0x00, 0x1E, 0x00, 0x3C, 0x00, 0x78, 0x00, 0x70, 0x00, 0x20, 0x00, 0x00,
    0x00, 0x00, 0x00, 0x00, 0x00, 0x00, 0x1C, 0x00, 0x00, 0x00, 0x00, 0x1C, 0x00, 0x00, 0x00, 0x00,
    0x1C, 0x00, 0x00, 0x00, 0x00, 0x1C, 0x00, 0x00, 0x00, 0x00, 0x1C, 0x00, 0x00, 0x00, 0x00, 0x1C,
    0x00, 0x00, 0x00, 0x00, 0x1D, 0x80, 0x1E, 0x00, 0x00, 0xCD, 0xC0, 0x1E, 0x00, 0x00, 0xCD, 0xC0,
    0x1E, 0x00, 0x00, 0xFF, 0xC0, 0x1E, 0x00, 0x00, 0xFF, 0xDE, 0x1E, 0x00, 0x00, 0x77, 0x9E, 0x1E,
    0x00, 0x00, 0x00, 0x1E, 0x1E, 0x00, 0x00, 0x00, 0x1E, 0x1E, 0x00, 0x00, 0x1E, 0x1E, 0x1E, 0x00,
    0x00, 0x1E, 0x1E, 0x1E, 0x00, 0x00, 0x1E, 0x1E, 0x1E, 0x00, 0x3C, 0x1E, 0x1E, 0x1E, 0x00, 0x3C,
    0x1E, 0x1E, 0x1E, 0x00, 0x3C, 0x1E, 0x1E, 0x1E, 0x00, 0x7C, 0x1E, 0x1E, 0x1E, 0x03, 0xFC, 0x1E,
    0x1E, 0x1E, 0x0F, 0xFC, 0x1E, 0x1E, 0x1E, 0x3F, 0xFC, 0x1E, 0x1E, 0x1E, 0x7F, 0xBC, 0x1E, 0x1E,
    0x1E, 0x7C, 0x3C, 0x1E, 0x1E, 0x1E, 0xF8, 0x3C, 0x1E, 0x1E, 0x1E, 0xF0, 0x3C, 0x1E, 0x1E, 0x1E,
    0xF0, 0x7E, 0x3E, 0x1E, 0x1E, 0xF8, 0xFE, 0x3F, 0x3E, 0x1E, 0xFF, 0xFF, 0xFF, 0xFE, 0x1E, 0x7F,
    0xFF, 0xFF, 0xFE, 0x1E, 0x3F, 0xDF, 0xFF, 0xFC, 0x1E, 0x1F, 0x0F, 0xF3, 0xFC, 0x1E, 0x00, 0x03,
    0xE1, 0xF0, 0x1E, 0x07, 0xFF, 0xFF, 0xF0, 0x0F, 0xFF, 0xFF, 0xE0, 0x00, 0x03, 0xC0, 0x7E, 0x07,
    0xE0, 0x66, 0x07, 0x63, 0xBE, 0x7F, 0xC2, 0xF8, 0x0F, 0x00, 0x00, 0x07, 0xFF, 0xFF, 0xF0, 0x1F,
    0xFF, 0xFF, 0xE0, 0x03, 0x7F, 0xFF, 0xF8, 0x00, 0x1C, 0x3E, 0x7E, 0x66, 0x66, 0x3E, 0x3C, 0x7C,
    0x78, 0x60, 0x00, 0x00, 0x90, 0x7E, 0xDF, 0xB7, 0xFD, 0xFF, 0xF7, 0xF8, 0x00, 0x7C, 0xFE, 0xEE,
    0xC6, 0xEE, 0x7E, 0x3C, 0x3C, 0x07, 0xFC, 0x7F, 0xCE, 0x78, 0x00, 0x00, 0x00, 0x1E, 0x01, 0xE0,
    0x1E, 0x01, 0xE0, 0x1E, 0x01, 0xE0, 0x1E, 0x01, 0xE0, 0x1E, 0x01, 0xE0, 0x1E, 0x01, 0xE0, 0x1E,
    0x01, 0xE0, 0x1E, 0x01, 0xE0, 0x1E, 0x01, 0xF0, 0x1F, 0x81, 0xFE, 0x0F, 0xE0, 0xFE, 0x07, 0xE0,
    0x1E, 0x1E, 0x0F, 0xE1, 0xF8, 0x38, 0x07, 0x00, 0x7E, 0x3F, 0xC7, 0xF8, 0xE0, 0x00, 0x00, 0xF0,
    0x1E, 0x03, 0xC0, 0x78, 0x0F, 0x01, 0xE0, 0x3C, 0x07, 0x80, 0xF0, 0x1E, 0x03, 0xC0, 0x78, 0x0F,
    0x01, 0xE0, 0x3C, 0x07, 0x80, 0xF0, 0x1F, 0x03, 0xF0, 0x7F, 0x87, 0xF0, 0xFE, 0x0F, 0xC0, 0x78,
    0x00, 0xF0, 0x00, 0x0F, 0xC0, 0x00, 0xFC, 0x00, 0x07, 0x00, 0x00, 0x38, 0x00, 0x00, 0xEC, 0x00,
    0x0F, 0xE0, 0x00, 0xFF, 0x80, 0x07, 0xE0, 0x00, 0x00, 0x00, 0x00, 0x00, 0x00, 0x07, 0xE0, 0x00,
    0x7F, 0x80, 0x07, 0xFE, 0x00, 0x7F, 0xF8, 0x03, 0xFF, 0xE0, 0x3F, 0x1F, 0x01, 0xF0, 0x78, 0x0F,
    0x01, 0xC0, 0x7C, 0x0F, 0x03, 0xF0, 0x78, 0x1F, 0xFF, 0xF8, 0x7F, 0xFF, 0xC3, 0xFF, 0xFE, 0x07,
    0xFF, 0xF0, 0x1F, 0xFF, 0x80, 0x03, 0xC0, 0x00, 0x3E, 0x00, 0x03, 0xE0, 0x00, 0x7F, 0x00, 0x1F,
    0xF0, 0x07, 0xFF, 0x00, 0x7F, 0xF0, 0x03, 0xFF, 0x00, 0x0F, 0xE0, 0x00, 0x78, 0x00, 0x00, 0x00,
    0x00, 0x00, 0x00, 0x07, 0x80, 0xF0, 0x1E, 0x03, 0xC0, 0x78, 0x0F, 0x01, 0xE0, 0x3C, 0x07, 0x80,
    0xF0, 0x1E, 0x03, 0xC0, 0x78, 0x0F, 0x01, 0xE0, 0x3C, 0x07, 0x80, 0xF0, 0x1E, 0x03, 0xC0, 0x78,
    0x0F, 0x01, 0xF0, 0x3F, 0x07, 0xF8, 0x7F, 0x0F, 0xE0, 0xFC, 0x07, 0x80, 0x00, 0xF0, 0x3F, 0x0F,
    0xC1, 0xC0, 0x38, 0x03, 0xF1, 0xFF, 0x3F, 0xE7, 0x80, 0x0F, 0x00, 0x00, 0x03, 0xF8, 0x00, 0x00,
    0x3F, 0x00, 0x00, 0x03, 0x80, 0x00, 0x00, 0x38, 0x00, 0x00, 0x01, 0xF8, 0x00, 0x00, 0x7F, 0x80,
    0x00, 0x07, 0xF8, 0x00, 0x00, 0x70, 0x00, 0x00, 0x00, 0x00, 0x00, 0x00, 0x00, 0x00, 0x00, 0x01,
    0x80, 0x00, 0x00, 0x3C, 0x00, 0x00, 0x03, 0xC0, 0x0F, 0x00, 0x3C, 0x01, 0xFF, 0x07, 0xC0, 0x1F,
    0xFE, 0x78, 0x03, 0xFF, 0xE7, 0x80, 0x0F, 0xFE, 0x78, 0x00, 0x3F, 0xE7, 0xC0, 0x00, 0xFE, 0x7C,
    0x00, 0x1F, 0x07, 0xE0, 0x03, 0xF0, 0x7F, 0x81, 0xFF, 0x03, 0xFF, 0xFF, 0xE0, 0x1F, 0xFF, 0xFE,
    0x01, 0xFF, 0xFF, 0x80, 0x0F, 0xFF, 0xF0, 0x00, 0x3F, 0xF8, 0x00, 0x00, 0x00, 0x00, 0x00, 0x07,
    0x80, 0xFC, 0x1F, 0x81, 0xC0, 0x1C, 0x00, 0xFC, 0x3F, 0xC3, 0xFC, 0x3C, 0x00, 0x00, 0x00, 0x40,
    0x3C, 0x03, 0xC0, 0x3E, 0x03, 0xE0, 0x3E, 0x01, 0xE0, 0x1E, 0x01, 0xE0, 0x1E, 0x07, 0xE3, 0xFE,
    0x7F, 0xE7, 0xFC, 0x7F, 0x87, 0xF0, 0x03, 0xC0, 0x1F, 0xC0, 0x3F, 0x00, 0x70, 0x00, 0xE0, 0x00,
    0xFC, 0x07, 0xF8, 0x0F, 0xF0, 0x18, 0x00, 0x00, 0x00, 0x1E, 0x00, 0x3C, 0x00, 0x78, 0x00, 0xF0,
    0x01, 0xE0, 0x03, 0xC0, 0x07, 0xC0, 0x1F, 0xC1, 0xFF, 0xF3, 0xFF, 0xEF, 0xFF, 0xCF, 0xDF, 0x9E,
    0x0F, 0x00, 0x00, 0x78, 0x3C, 0x1E, 0x0F, 0x07, 0x83, 0xC1, 0xE0, 0xF0, 0x78, 0x3C, 0x1E, 0x0F,
    0x07, 0x83, 0xC1, 0xE0, 0xF0, 0x78, 0x3C, 0x1E, 0x0F, 0x07, 0x83, 0xC1, 0xF0, 0xFC, 0x7F, 0x9F,
    0xCF, 0xE3, 0xF0, 0x78, 0x00, 0x00, 0x00, 0x00, 0x03, 0x80, 0x00, 0x01, 0xE0, 0x1E, 0x00, 0x00,
    0x0F, 0x01, 0xF0, 0x00, 0x00, 0x78, 0x0F, 0x00, 0x00, 0x03, 0xC0, 0x78, 0x00, 0x00, 0x1E, 0x03,
    0xC0, 0x00, 0x00, 0xF8, 0x1F, 0x00, 0x00, 0x0F, 0xC0, 0xF8, 0x00, 0x03, 0xFF, 0x87, 0xF8, 0x01,
    0xFF, 0xFF, 0xBF, 0xFF, 0xFF, 0xFF, 0xFC, 0xFF, 0xFF, 0xFF, 0xFF, 0xE3, 0xFF, 0xFF, 0xFC, 0x7F,
    0x0F, 0xFF, 0xFF, 0x80, 0xF8, 0x1F, 0xFF, 0xC0, 0x00, 0x00, 0x00, 0x00, 0x00, 0x00, 0x00, 0x00,
    0x00, 0x00, 0x00, 0x00, 0x00, 0x00, 0x00, 0x00, 0x07, 0x00, 0x00, 0x00, 0x00, 0x7C, 0x00, 0x00,
    0x00, 0x03, 0xE0, 0x00, 0x00, 0x00, 0x1F, 0x00, 0x00, 0x00, 0x00, 0x70, 0x00, 0x00, 0x00, 0x00,
    0x80, 0xF8, 0x1F, 0x03, 0xE0, 0x3E, 0x07, 0xC0, 0xF8, 0x0F, 0x01, 0xE0, 0x7C, 0x1F, 0xBF, 0xF7,
    0xFF, 0xFF, 0xBF, 0xE3, 0xF0, 0x00, 0x00, 0x00, 0x00, 0x03, 0x80, 0xF8, 0x1F, 0x03, 0xE0, 0x38,
    0x00, 0x00, 0x07, 0x80, 0x0F, 0x00, 0x1E, 0x00, 0x3C, 0x00, 0x78, 0x00, 0xF0, 0x01, 0xF0, 0x07,
    0xF0, 0x7F, 0xFC, 0xFF, 0xFF, 0xFF, 0xFB, 0xE7, 0xE7, 0x83, 0xC0, 0x00, 0x00, 0x00, 0x00, 0x00,
    0x03, 0x80, 0x0F, 0x80, 0x1F, 0x00, 0x3E, 0x00, 0x38, 0x00, 0x00, 0x00, 0x00, 0x61, 0x80, 0x1E,
    0x78, 0x03, 0xCF, 0x00, 0x79, 0xE0, 0x06, 0x18, 0x00, 0x00, 0x00, 0x00, 0x00, 0x00, 0x00, 0x00,
    0x1E, 0x00, 0x03, 0xC0, 0x00, 0x78, 0x00, 0x3F, 0x00, 0x3F, 0xE0, 0x1F, 0xFC, 0x07, 0xFF, 0x81,
    0xFE, 0xF0, 0x7C, 0x1E, 0x1F, 0x03, 0xC3, 0xC0, 0x78, 0x78, 0x0F, 0x0F, 0x87, 0xF1, 0xFF, 0xFE,
    0x3F, 0xFF, 0xFB, 0xFF, 0xFF, 0x3F, 0xEF, 0xE3, 0xF0, 0xFC, 0x00, 0x0F, 0x80, 0x00, 0x0C, 0x30,
    0x00, 0x00, 0x00, 0xF3, 0xC0, 0x00, 0x00, 0x07, 0x9E, 0x00, 0x00, 0x00, 0x3C, 0xF0, 0x00, 0x00,
    0x00, 0xC3, 0x00, 0x00, 0x00, 0x00, 0x00, 0x00, 0x01, 0x80, 0x00, 0x00, 0x00, 0x0F, 0x00, 0x00,
    0x07, 0x80, 0x78, 0x00, 0x00, 0x3C, 0x07, 0x80, 0x00, 0x01, 0xE0, 0x3C, 0x00, 0x00, 0x0F, 0x01,
    0xE0, 0x00, 0x00, 0x7C, 0x0F, 0x80, 0x00, 0x07, 0xE0, 0x7C, 0x00, 0x01, 0xFF, 0xC3, 0xFC, 0x00,
    0xFF, 0xFF, 0xDF, 0xFF, 0xFF, 0xFF, 0xFE, 0x7F, 0xFF, 0xFF, 0xFF, 0xF1, 0xFF, 0xFF, 0xFE, 0x3F,
    0x87, 0xFF, 0xFF, 0xC0, 0x7C, 0x0F, 0xFF, 0xE0, 0x00, 0x00, 0x30, 0xC7, 0x9E, 0x79, 0xE7, 0x9E,
    0x30, 0xC0, 0x00, 0x00, 0x00, 0x00, 0x01, 0xC0, 0x7C, 0x07, 0xE0, 0x3E, 0x03, 0xE0, 0x1E, 0x01,
    0xE0, 0x1E, 0x01, 0xE0, 0x7E, 0x3F, 0xE7, 0xFE, 0x7F, 0xC7, 0xF8, 0x7E, 0x00, 0x18, 0x60, 0xF3,
    0xC3, 0xCF, 0x0F, 0x3C, 0x18, 0x60, 0x00, 0x00, 0x00, 0x00, 0x00, 0x07, 0x80, 0x1E, 0x00, 0x78,
    0x01, 0xE0, 0x07, 0x80, 0x1E, 0x00, 0x7C, 0x03, 0xF8, 0x7F, 0xFD, 0xFF, 0xFF, 0xFF, 0xFF, 0x3F,
    0x78, 0x78, 0x00, 0x01, 0xC0, 0x00, 0x00, 0x00, 0x1E, 0x00, 0x00, 0x00, 0x00, 0xF0, 0x00, 0x00,
    0x00, 0x03, 0x80, 0x00, 0x00, 0x00, 0x00, 0x00, 0x00, 0x00, 0x0E, 0x1C, 0x00, 0x00, 0x00, 0x79,
    0xE0, 0x00, 0x00, 0x03, 0xCF, 0x00, 0x00, 0x00, 0x1C, 0x38, 0x00, 0x00, 0x00, 0x00, 0x00, 0x00,
    0x1C, 0x00, 0x00, 0x0F, 0x00, 0xF0, 0x00, 0x00, 0x78, 0x0F, 0x80, 0x00, 0x03, 0xC0, 0x78, 0x00,
    0x00, 0x1E, 0x03, 0xC0, 0x00, 0x00, 0xF0, 0x1E, 0x00, 0x00, 0x07, 0xC0, 0xF8, 0x00, 0x00, 0x7E,
    0x07, 0xC0, 0x00, 0x1F, 0xFC, 0x3F, 0xC0, 0x1F, 0xFF, 0xFD, 0xFF, 0xFF, 0xFF, 0xFF, 0xE7, 0xFF,
    0xFF, 0xFF, 0xFF, 0x1F, 0xFF, 0xFF, 0xE3, 0xF8, 0x7F, 0xFF, 0xFC, 0x07, 0xC0, 0xFF, 0xFE, 0x00,
    0x00, 0x07, 0x00, 0xF0, 0x0F, 0x00, 0x70, 0x00, 0x03, 0x8E, 0x78, 0xF7, 0x8F, 0x38, 0xE0, 0x00,
    0x00, 0x00, 0x00, 0x03, 0xC0, 0x7C, 0x03, 0xE0, 0x3E, 0x03, 0xE0, 0x1E, 0x01, 0xE0, 0x1E, 0x01,
    0xE0, 0x7E, 0x3F, 0xE7, 0xFE, 0x7F, 0xC7, 0xF8, 0x7F, 0x00, 0x03, 0x80, 0x0F, 0x00, 0x1E, 0x00,
    0x1C, 0x00, 0x00, 0x03, 0x8E, 0x0F, 0x1E, 0x1E, 0x3C, 0x1C, 0x70, 0x00, 0x00, 0x00, 0x00, 0x00,
    0x00, 0x78, 0x00, 0xF0, 0x01, 0xE0, 0x03, 0xC0, 0x07, 0x80, 0x0F, 0x00, 0x1F, 0x00, 0x7F, 0x07,
    0xFF, 0xCF, 0xFF, 0xFF, 0xFF, 0xBF, 0x7E, 0x78, 0x3C, 0x00, 0x00, 0x00, 0x03, 0xFC, 0x00, 0x03,
    0xFF, 0xC0, 0x01, 0xFF, 0xFC, 0x00, 0x3F, 0xFF, 0x80, 0x0F, 0xFF, 0xF0, 0x01, 0xC1, 0xFF, 0x00,
    0x00, 0x0F, 0xF8, 0x00, 0x07, 0xFE, 0x00, 0x0F, 0xFF, 0x80, 0x0F, 0xFF, 0xE0, 0x0F, 0xFF, 0xF0,
    0x07, 0xF8, 0xF8, 0x03, 0xF8, 0x1F, 0x01, 0xF8, 0x07, 0xFC, 0x7C, 0x01, 0xFF, 0x3E, 0x00, 0x3F,
    0xCF, 0x00, 0x07, 0xF7, 0xC0, 0xE0, 0x79, 0xF0, 0x7C, 0x00, 0x78, 0x1F, 0x00, 0x1E, 0x07, 0xC0,
    0x07, 0x80, 0xE0, 0x01, 0xF0, 0x00, 0x00, 0x7C, 0x00, 0x00, 0x1F, 0x80, 0x00, 0x03, 0xF0, 0x00,
    0x60, 0xFF, 0x80, 0xF8, 0x1F, 0xFF, 0xFF, 0x03, 0xFF, 0xFF, 0xC0, 0x7F, 0xFF, 0xF0, 0x07, 0xFF,
    0xF8, 0x00, 0x7F, 0xF0, 0x00, 0x00, 0x00, 0x00, 0x00, 0x7F, 0x80, 0x00, 0x3F, 0xFC, 0x00, 0x0F,
    0xFF, 0xE0, 0x01, 0xFF, 0xFE, 0x00, 0x1F, 0xFF, 0xE0, 0x01, 0x81, 0xFE, 0x00, 0x00, 0x0F, 0xF0,
    0x00, 0x00, 0x7F, 0x80, 0x00, 0x07, 0xF8, 0x00, 0x07, 0xFF, 0x00, 0x07, 0xFF, 0xE0, 0x07, 0xFF,
    0xFC, 0x0F, 0xFF, 0xE0, 0x1F, 0xFF, 0xC0, 0x03, 0xFF, 0xE0, 0x00, 0xFF, 0xE0, 0x00, 0x1F, 0xF0,
    0x00, 0x01, 0xF0, 0x00, 0x00, 0x00, 0x00, 0x00, 0x00, 0x00, 0x00, 0x00, 0x00, 0x00, 0x00, 0x00,
    0x07, 0x00, 0x00, 0x01, 0xF0, 0x00, 0x00, 0x3E, 0x00, 0x00, 0x07, 0xC0, 0x00, 0x00, 0x70, 0x00,
    0x00, 0x00, 0x00, 0x00, 0x00, 0x00, 0x00, 0x00, 0x07, 0xF8, 0x00, 0x00, 0xFF, 0xF8, 0x00, 0x03,
    0xFF, 0xF8, 0x00, 0x0F, 0xFF, 0xF0, 0x00, 0x1F, 0xFF, 0xF0, 0x00, 0x70, 0x3F, 0xF0, 0x00, 0x00,
    0x1F, 0xF8, 0x00, 0x00, 0x1F, 0xE0, 0x00, 0x03, 0xFF, 0x80, 0x00, 0x7F, 0xFE, 0x00, 0x07, 0xFF,
    0xF0, 0x00, 0x7F, 0xFF, 0x00, 0x1F, 0xFC, 0x7E, 0x07, 0xFF, 0xC0, 0xFF, 0xDF, 0xFC, 0x03, 0xFF,
    0x7F, 0xC0, 0x07, 0xFD, 0xFC, 0x00, 0x0F, 0xF7, 0x80, 0x00, 0x0F, 0x80, 0x00, 0x00, 0x00, 0x00,
    0x01, 0xC0, 0x00, 0x00, 0x0F, 0x80, 0x00, 0x00, 0x3E, 0x00, 0x00, 0x00, 0xF8, 0x00, 0x00, 0x01,
    0xC0, 0x00, 0x00, 0x00, 0x00, 0x00, 0x00, 0x00, 0x00, 0x01, 0xFE, 0x00, 0x00, 0xFF, 0xF0, 0x00,
    0x3F, 0xFF, 0x80, 0x03, 0xFF, 0xF8, 0x00, 0x7F, 0xFF, 0xC0, 0x07, 0x07, 0xFC, 0x00, 0x00, 0x1F,
    0xF0, 0x00, 0x07, 0xFE, 0x00, 0x07, 0xFF, 0xC0, 0x03, 0xFF, 0xF8, 0x01, 0xFF, 0xFF, 0x00, 0x7F,
    0x87, 0x80, 0x1F, 0xC0, 0xF8, 0x07, 0xE0, 0x1F, 0xF0, 0xF8, 0x01, 0xFE, 0x3E, 0x00, 0x3F, 0xC7,
    0x80, 0x01, 0xF9, 0xF0, 0x00, 0x0F, 0x3E, 0x00, 0x00, 0x07, 0x80, 0x00, 0x00, 0xF0, 0x00, 0x00,
    0x1E, 0x00, 0x00, 0x03, 0xE0, 0x00, 0x00, 0x7C, 0x00, 0x00, 0x0F, 0xC0, 0x00, 0x00, 0xFC, 0x00,
    0x08, 0x1F, 0xF0, 0x1F, 0x81, 0xFF, 0xFF, 0xF0, 0x1F, 0xFF, 0xFE, 0x01, 0xFF, 0xFF, 0xE0, 0x0F,
    0xFF, 0xF0, 0x00, 0x7F, 0xF0, 0x00, 0x00, 0x00, 0x00, 0x00, 0x7F, 0x80, 0x00, 0x3F, 0xFC, 0x00,
    0x0F, 0xFF, 0xE0, 0x00, 0xFF, 0xFE, 0x00, 0x1F, 0xFF, 0xE0, 0x01, 0x81, 0xFE, 0x00, 0x00, 0x0F,
    0xF0, 0x00, 0x00, 0x7F, 0x80, 0x00, 0x07, 0xF8, 0x00, 0x07, 0xFF, 0x00, 0x07, 0xFF, 0xE0, 0x07,
    0xFF, 0xFC, 0x0F, 0xFF, 0xE0, 0x1F, 0xFF, 0xC0, 0x03, 0xFF, 0xE0, 0x00, 0xFF, 0xE0, 0x00, 0x1F,
    0xF0, 0x00, 0x01, 0xF0, 0x00, 0x00, 0x00, 0x00, 0x00, 0x00, 0x00, 0x0F, 0xF0, 0x00, 0x00, 0xFF,
    0xF8, 0x00, 0x07, 0xFF, 0xF0, 0x00, 0x0F, 0xFF, 0xF0, 0x00, 0x3F, 0xFF, 0xE0, 0x00, 0x70, 0x7F,
    0xE0, 0x00, 0x00, 0x3F, 0xF0, 0x00, 0x00, 0x3F, 0xC0, 0x00, 0x07, 0xFF, 0x00, 0x00, 0x7F, 0xFC,
    0x00, 0x07, 0xFF, 0xF0, 0x00, 0xFF, 0xFE, 0x00, 0x1F, 0xFC, 0x7C, 0x07, 0xFF, 0xC1, 0xFF, 0x9F,
    0xFC, 0x03, 0xFE, 0xFF, 0xC0, 0x07, 0xFB, 0xFC, 0x00, 0x0F, 0xE7, 0x80, 0x00, 0x0F, 0x80, 0x01,
    0xC0, 0x00, 0x00, 0x7C, 0x00, 0x00, 0x0F, 0x80, 0x00, 0x01, 0xF0, 0x00, 0x00, 0x1C, 0x00, 0x00,
    0x00, 0x00, 0x00, 0x00, 0x00, 0x00, 0x00, 0x00, 0x00, 0x00, 0x0F, 0xF0, 0x00, 0x07, 0xFF, 0x80,
    0x01, 0xFF, 0xFC, 0x00, 0x1F, 0xFF, 0xC0, 0x03, 0xFF, 0xFE, 0x00, 0x38, 0x3F, 0xE0, 0x00, 0x00,
    0xFF, 0x80, 0x00, 0x3F, 0xF0, 0x00, 0x3F, 0xFE, 0x00, 0x1F, 0xFF, 0xC0, 0x0F, 0xFF, 0xF8, 0x03,
    0xFC, 0x3C, 0x00, 0xFE, 0x07, 0xC0, 0x3F, 0x00, 0xFF, 0x87, 0xC0, 0x0F, 0xF1, 0xF0, 0x00, 0xFE,
    0x3C, 0x00, 0x0F, 0xCF, 0x80, 0x00, 0x79, 0xF0, 0x00, 0x00, 0x3C, 0x00, 0x00, 0x07, 0x80, 0x00,
    0x00, 0xF0, 0x00, 0x00, 0x1F, 0x00, 0x00, 0x03, 0xE0, 0x00, 0x00, 0x7E, 0x00, 0x00, 0x07, 0xE0,
    0x00, 0x40, 0xFF, 0x80, 0xFC, 0x0F, 0xFF, 0xFF, 0x80, 0xFF, 0xFF, 0xF0, 0x0F, 0xFF, 0xFF, 0x00,
    0x7F, 0xFF, 0x80, 0x03, 0xFF, 0x80, 0x00, 0x70, 0x00, 0x00, 0x0F, 0x80, 0x00, 0x00, 0xF8, 0x00,
    0x00, 0x0F, 0x80, 0x00, 0x00, 0x70, 0x00, 0x00, 0x00, 0x00, 0x00, 0x00, 0x00, 0x00, 0x00, 0x00,
    0x00, 0x00, 0x01, 0xFE, 0x00, 0x00, 0xFF, 0xF8, 0x00, 0x0F, 0xFF, 0xC0, 0x00, 0xFF, 0xFF, 0x00,
    0x07, 0xFF, 0xF8, 0x00, 0x70, 0x3F, 0xC0, 0x00, 0x00, 0xFE, 0x00, 0x00, 0x07, 0xFC, 0x00, 0x00,
    0x1F, 0xE0, 0x00, 0x1F, 0xFE, 0x00, 0x0F, 0xFF, 0xE0, 0x07, 0xFF, 0xFE, 0x07, 0xFF, 0xF8, 0x03,
    0xFF, 0xF8, 0x00, 0x7F, 0xFC, 0x00, 0x07, 0xFF, 0x00, 0x00, 0x7F, 0x80, 0x00, 0x07, 0xC0, 0x00,
    0x00, 0x00, 0x70, 0x00, 0x00, 0x01, 0xF0, 0x00, 0x00, 0x03, 0xE0, 0x00, 0x00, 0x07, 0xC0, 0x00,
    0x00, 0x07, 0x00, 0x00, 0x00, 0x00, 0x00, 0x00, 0x00, 0x00, 0x00, 0x00, 0x00, 0x00, 0x00, 0x00,
    0x01, 0xFE, 0x00, 0x00, 0x0F, 0xFF, 0x00, 0x00, 0x3F, 0xFF, 0x80, 0x00, 0x7F, 0xFF, 0x80, 0x00,
    0x7F, 0xFF, 0xC0, 0x00, 0xE0, 0x7F, 0xE0, 0x00, 0x00, 0x1F, 0xF8, 0x00, 0x00, 0x0F, 0xF0, 0x00,
    0x00, 0xFF, 0xE0, 0x00, 0x07, 0xFF, 0xC0, 0x00, 0x7F, 0xFF, 0x00, 0x03, 0xFF, 0xF8, 0x00, 0x7F,
    0xF0, 0xF8, 0x07, 0xFF, 0x81, 0xFF, 0x9F, 0xFC, 0x01, 0xFF, 0x3F, 0xF0, 0x03, 0xFE, 0x7F, 0x00,
    0x03, 0xFC, 0xF8, 0x00, 0x00, 0xF8, 0x00, 0x00, 0x00, 0x01, 0x80, 0x00, 0x3C, 0x00, 0x03, 0xF0,
    0x00, 0x0F, 0x80, 0x00, 0x7E, 0x00, 0x01, 0xF0, 0x00, 0x0F, 0x80, 0x00, 0x7E, 0x00, 0x01, 0xF0,
    0x00, 0x0F, 0x80, 0x00, 0x3E, 0x00, 0x01, 0xF0, 0x00, 0x07, 0xC0, 0x00, 0x3E, 0x00, 0x03, 0xF8,
    0x38, 0x7F, 0xF9, 0xFF, 0xFF, 0xDF, 0xFF, 0xFE, 0xFF, 0xF3, 0xF7, 0xFF, 0x07, 0x1F, 0xE0, 0x00,
    0x03, 0x80, 0x00, 0x3E, 0x00, 0x01, 0xF0, 0x00, 0x0F, 0x80, 0x00, 0x38, 0x00, 0x00, 0x00, 0x00,
    0x00, 0x00, 0x00, 0x04, 0x00, 0x00, 0xF0, 0x00, 0x1F, 0x80, 0x00, 0x7C, 0x00, 0x03, 0xF0, 0x00,
    0x0F, 0x80, 0x00, 0x7E, 0x00, 0x01, 0xF0, 0x00, 0x0F, 0x80, 0x00, 0x3E, 0x00, 0x01, 0xF0, 0x00,
    0x07, 0xC0, 0x00, 0x3E, 0x00, 0x00, 0xF8, 0x00, 0x0F, 0xE1, 0xC1, 0xFF, 0xCF, 0xFF, 0xFE, 0x7F,
    0xFF, 0xF7, 0xFF, 0xCF, 0xBF, 0xFC, 0x3C, 0x7F, 0x80, 0x00, 0x00, 0x30, 0x00, 0x7C, 0x00, 0x1F,
    0x80, 0x03, 0xE0, 0x00, 0xF8, 0x00, 0x3F, 0x00, 0x07, 0xC0, 0x01, 0xF8, 0x00, 0x3F, 0x00, 0x0F,
    0xF0, 0x03, 0xFC, 0x00, 0xFF, 0x00, 0x7F, 0xC0, 0x1E, 0xE0, 0x0F, 0x80, 0x07, 0xE0, 0x07, 0xF0,
    0x07, 0xFC, 0x0F, 0xFE, 0x03, 0xFF, 0x00, 0x7F, 0x80, 0x1F, 0x80, 0x07, 0x80, 0x00, 0x80, 0x00,
    0x00, 0x00, 0x00, 0x38, 0x00, 0x0F, 0x80, 0x01, 0xF0, 0x00, 0x3E, 0x00, 0x03, 0x80, 0x00, 0x00,
    0x00, 0x00, 0x00, 0x00, 0x00, 0x00, 0x02, 0x00, 0x03, 0xE0, 0x00, 0xFC, 0x00, 0x0F, 0x80, 0x01,
    0xF8, 0x00, 0x1F, 0x00, 0x03, 0xE0, 0x00, 0x3E, 0x00, 0x07, 0xE0, 0x00, 0xFF, 0x00, 0x1F, 0xE0,
    0x03, 0xFC, 0x00, 0x7F, 0x80, 0x1F, 0x70, 0x03, 0xE0, 0x01, 0xF8, 0x00, 0x7F, 0x00, 0x3F, 0xC0,
    0x3F, 0xF0, 0x07, 0xFC, 0x00, 0xFF, 0x00, 0x1F, 0xC0, 0x01, 0xE0, 0x00, 0x20, 0x00, 0x00, 0x00,
    0x00, 0x00, 0x00, 0x01, 0xE0, 0x00, 0x00, 0x00, 0x03, 0xC0, 0xF0, 0x00, 0x00, 0x0E, 0x01, 0xE0,
    0x78, 0x00, 0x00, 0x1F, 0x00, 0xF0, 0x3C, 0x00, 0x00, 0x0F, 0x80, 0x78, 0x1E, 0x00, 0x00, 0x07,
    0xE0, 0x3C, 0x0F, 0x00, 0x00, 0x01, 0xF0, 0x1E, 0x07, 0x80, 0xF0, 0x00, 0xFC, 0x1F, 0x83, 0xE0,
    0x78, 0x00, 0x7F, 0x1F, 0xE3, 0xF8, 0x3C, 0x00, 0x1F, 0xFF, 0xFF, 0xFF, 0xBE, 0x00, 0x0F, 0xFF,
    0xFF, 0xFF, 0xDE, 0x00, 0x07, 0xFF, 0xFF, 0xFF, 0xEF, 0x00, 0x03, 0xFF, 0xCF, 0xF9, 0xF7, 0x80,
    0x01, 0xEF, 0xC1, 0xF8, 0x7B, 0xC0, 0x00, 0xF0, 0x00, 0x00, 0x01, 0xF0, 0x00, 0xF8, 0x00, 0x00,
    0x00, 0xF8, 0x00, 0x7C, 0x00, 0x00, 0x00, 0x7E, 0x00, 0x7E, 0x00, 0x00, 0x00, 0x1F, 0xC0, 0xFE,
    0x00, 0x00, 0x00, 0x0F, 0xFF, 0xFF, 0x00, 0x00, 0x00, 0x03, 0xFF, 0xFF, 0x00, 0x00, 0x00, 0x01,
    0xFF, 0xFF, 0x00, 0x00, 0x00, 0x00, 0x3F, 0xFF, 0x00, 0x00, 0x00, 0x00, 0x07, 0xFC, 0x00, 0x00,
    0x00, 0x00, 0x00, 0x00, 0x00, 0x18, 0x00, 0x00, 0x01, 0xE0, 0x00, 0x00, 0x07, 0x80, 0xF0, 0x3C,
    0x1F, 0x03, 0xC0, 0xF0, 0x7C, 0x0F, 0x03, 0xC1, 0xF0, 0x3C, 0x0F, 0x03, 0xC0, 0xF0, 0x3C, 0x0F,
    0x03, 0xC0, 0xF0, 0x3C, 0x0F, 0x87, 0xE1, 0xF0, 0xFF, 0x3F, 0xC7, 0xDF, 0xFF, 0xFF, 0xFF, 0x7F,
    0xFF, 0xFF, 0xFB, 0xFF, 0xFF, 0xFF, 0xEF, 0xE7, 0xF9, 0xFF, 0x1E, 0x0F, 0xC1, 0xF0, 0x00, 0x00,
    0x00, 0x3C, 0x00, 0x3C, 0x0F, 0x03, 0xC0, 0x03, 0xC0, 0xF0, 0x3C, 0x00, 0x3C, 0x0F, 0x03, 0xC0,
    0x03, 0xC0, 0xF0, 0x3C, 0x00, 0x3C, 0x0F, 0x03, 0xC0, 0x03, 0xC0, 0xF0, 0x3C, 0x00, 0x3E, 0x1F,
    0x83, 0xE0, 0x0F, 0xF3, 0xFC, 0x7F, 0x07, 0xFF, 0xFF, 0xFF, 0xFE, 0x7F, 0xFF, 0xFF, 0xFF, 0xE7,
    0xFF, 0xFF, 0xFF, 0xFE, 0x7E, 0x7F, 0x9F, 0xF3, 0xE7, 0x83, 0xF0, 0x7E, 0x1E, 0x00, 0x00, 0x00,
    0x03, 0x80, 0x00, 0x00, 0x00, 0x00, 0x03, 0xC0, 0x00, 0x00, 0x00, 0x00, 0x01, 0xE0, 0x00, 0x00,
    0x00, 0x00, 0x00, 0x70, 0x00, 0x00, 0x00, 0x00, 0x00, 0x00, 0x00, 0x00, 0x00, 0x00, 0x01, 0xC3,
    0x80, 0x00, 0x00, 0x00, 0x00, 0xF3, 0xC0, 0x00, 0x00, 0x00, 0x00, 0x79, 0xE0, 0x00, 0x00, 0x00,
    0x00, 0x38, 0x70, 0x00, 0x00, 0x00, 0x00, 0x00, 0x00, 0x00, 0x00, 0x00, 0x00, 0x00, 0x00, 0x78,
    0x00, 0x00, 0x00, 0x00, 0x00, 0x3C, 0x00, 0x00, 0x01, 0x80, 0x78, 0x1E, 0x00, 0x00, 0x03, 0xC0,
    0x3C, 0x0F, 0x00, 0x00, 0x03, 0xE0, 0x1E, 0x07, 0x80, 0x00, 0x01, 0xF8, 0x0F, 0x03, 0xC0, 0x00,
    0x00, 0x7C, 0x07, 0x81, 0xE0, 0x10, 0x00, 0x3E, 0x03, 0xC0, 0xF0, 0x1E, 0x00, 0x1F, 0x83, 0xF0,
    0x7C, 0x0F, 0x00, 0x0F, 0xE3, 0xFC, 0x7F, 0x07, 0x80, 0x03, 0xFF, 0xFF, 0xFF, 0xF7, 0xC0, 0x01,
    0xFF, 0xFF, 0xFF, 0xFB, 0xC0, 0x00, 0xFF, 0xFF, 0xFF, 0xFD, 0xE0, 0x00, 0x7F, 0xF9, 0xFF, 0x3E,
    0xF0, 0x00, 0x3D, 0xF8, 0x7F, 0x0F, 0x78, 0x00, 0x1E, 0x00, 0x00, 0x00, 0x3E, 0x00, 0x1F, 0x00,
    0x00, 0x00, 0x1F, 0x00, 0x0F, 0x80, 0x00, 0x00, 0x0F, 0xC0, 0x0F, 0xC0, 0x00, 0x00, 0x03, 0xF8,
    0x1F, 0xC0, 0x00, 0x00, 0x01, 0xFF, 0xFF, 0xE0, 0x00, 0x00, 0x00, 0x7F, 0xFF, 0xE0, 0x00, 0x00,
    0x00, 0x3F, 0xFF, 0xE0, 0x00, 0x00, 0x00, 0x07, 0xFF, 0xE0, 0x00, 0x00, 0x00, 0x00, 0xFF, 0x80,
    0x00, 0x00, 0x00, 0x00, 0x00, 0x00, 0xE0, 0x00, 0x00, 0x03, 0xC0, 0x00, 0x00, 0x0F, 0x00, 0x00,
    0x00, 0x38, 0x00, 0x00, 0x00, 0x00, 0x00, 0x00, 0x1C, 0x70, 0x00, 0x00, 0xF1, 0xE0, 0x00, 0x03,
    0xC7, 0x80, 0x00, 0x07, 0x1C, 0x00, 0x00, 0x00, 0x00, 0xE0, 0x00, 0x00, 0x0F, 0x80, 0x00, 0x00,
    0x1E, 0x03, 0xC0, 0xF0, 0x7C, 0x0F, 0x03, 0xC1, 0xF0, 0x3C, 0x0F, 0x07, 0xC0, 0xF0, 0x3C, 0x0F,
    0x03, 0xC0, 0xF0, 0x3C, 0x0F, 0x03, 0xC0, 0xF0, 0x3E, 0x1F, 0x87, 0xC3, 0xFC, 0xFF, 0x1F, 0x7F,
    0xFF, 0xFF, 0xFD, 0xFF, 0xFF, 0xFF, 0xEF, 0xFF, 0xFF, 0xFF, 0xBF, 0x9F, 0xF7, 0xFC, 0x78, 0x3F,
    0x07, 0xC0, 0x00, 0x00, 0x70, 0x00, 0x00, 0x00, 0x0F, 0x00, 0x00, 0x00, 0x00, 0xF0, 0x00, 0x00,
    0x00, 0x07, 0x00, 0x00, 0x00, 0x00, 0x00, 0x00, 0x00, 0x00, 0x70, 0xE0, 0x00, 0x00, 0x07, 0x9E,
    0x00, 0x00, 0x00, 0x79, 0xE0, 0x00, 0x00, 0x07, 0x0E, 0x00, 0x00, 0x00, 0x00, 0x00, 0x00, 0x00,
    0x00, 0x00, 0x00, 0x00, 0x00, 0x00, 0x03, 0xC0, 0x03, 0xC0, 0xF0, 0x3C, 0x00, 0x3C, 0x0F, 0x03,
    0xC0, 0x03, 0xC0, 0xF0, 0x3C, 0x00, 0x3C, 0x0F, 0x03, 0xC0, 0x03, 0xC0, 0xF0, 0x3C, 0x00, 0x3C,
    0x0F, 0x03, 0xC0, 0x03, 0xE1, 0xF8, 0x3E, 0x00, 0xFF, 0x3F, 0xC7, 0xF0, 0x7F, 0xFF, 0xFF, 0xFF,
    0xE7, 0xFF, 0xFF, 0xFF, 0xFE, 0x7F, 0xFF, 0xFF, 0xFF, 0xE7, 0xE7, 0xF9, 0xFF, 0x3E, 0x78, 0x3F,
    0x0F, 0xE1, 0xE0, 0x00, 0x00, 0x00, 0x00, 0x1F, 0xC0, 0x00, 0x00, 0x00, 0x00, 0x0F, 0xFE, 0x00,
    0x00, 0x00, 0x00, 0x03, 0xFF, 0xE0, 0x00, 0x00, 0x00, 0x01, 0xFF, 0xFE, 0x00, 0x00, 0x00, 0x00,
    0x7F, 0xFF, 0xC0, 0x00, 0x00, 0x20, 0x0F, 0xF0, 0xFC, 0x00, 0x00, 0x1E, 0x03, 0xF0, 0x0F, 0x80,
    0x00, 0x07, 0xC0, 0xFC, 0x00, 0xF0, 0x00, 0x00, 0xFC, 0x3F, 0x00, 0x1E, 0x00, 0x00, 0x1F, 0x87,
    0xC0, 0x03, 0xC0, 0x80, 0x01, 0xF1, 0xF0, 0x00, 0x78, 0x3C, 0x00, 0x3F, 0x3C, 0x00, 0x1F, 0x07,
    0x80, 0x07, 0xFF, 0x80, 0x1F, 0xF8, 0xF0, 0x00, 0x7F, 0xFF, 0xFF, 0xFF, 0xFE, 0x00, 0x0F, 0xFF,
    0xFF, 0xFF, 0xFF, 0x80, 0x01, 0xFF, 0xFF, 0xFF, 0xFF, 0xF0, 0x00, 0x3F, 0xFF, 0xFF, 0xF3, 0xFE,
    0x00, 0x07, 0xBF, 0xFF, 0xF0, 0x3B, 0xC0, 0x00, 0xF0, 0x00, 0x00, 0x00, 0x7C, 0x00, 0x3E, 0x00,
    0x00, 0x00, 0x0F, 0x80, 0x07, 0xC0, 0x00, 0x00, 0x01, 0xF8, 0x01, 0xF8, 0x00, 0x00, 0x00, 0x1F,
    0xC0, 0xFE, 0x00, 0x00, 0x00, 0x03, 0xFF, 0xFF, 0xC0, 0x00, 0x00, 0x00, 0x3F, 0xFF, 0xF0, 0x00,
    0x00, 0x00, 0x07, 0xFF, 0xFC, 0x00, 0x00, 0x00, 0x00, 0x3F, 0xFF, 0x00, 0x00, 0x00, 0x00, 0x01,
    0xFF, 0x00, 0x00, 0x00, 0x00, 0x00, 0x00, 0x00, 0x01, 0xF8, 0x00, 0x00, 0x03, 0xFF, 0x80, 0x00,
    0x01, 0xFF, 0xF0, 0x1E, 0x00, 0xFF, 0xFE, 0x07, 0x80, 0x7F, 0xFF, 0x81, 0xE0, 0x3F, 0xC3, 0xF0,
    0x78, 0x1F, 0x80, 0x7C, 0x1E, 0x0F, 0xC0, 0x0F, 0x07, 0x83, 0xE0, 0x03, 0xC1, 0xE1, 0xF0, 0x00,
    0xF0, 0x78, 0x78, 0x00, 0x7C, 0x1F, 0x3E, 0x00, 0x1F, 0x0F, 0xEF, 0x00, 0x3F, 0xDF, 0xFF, 0xFF,
    0xFF, 0xE7, 0xFF, 0xFF, 0xFF, 0xFB, 0xFF, 0xFF, 0xFF, 0xFC, 0xFC, 0xFF, 0xFF, 0xFE, 0x1E, 0x1F,
    0xFF, 0xFC, 0x00, 0x00, 0x00, 0x01, 0xF8, 0x00, 0x00, 0x00, 0x3F, 0xF8, 0x00, 0x00, 0x01, 0xFF,
    0xF0, 0x01, 0xE0, 0x0F, 0xFF, 0xE0, 0x07, 0x80, 0x7F, 0xFF, 0x80, 0x1E, 0x03, 0xFC, 0x3F, 0x00,
    0x78, 0x1F, 0x80, 0x7C, 0x01, 0xE0, 0xFC, 0x00, 0xF0, 0x07, 0x83, 0xE0, 0x03, 0xC0, 0x1E, 0x1F,
    0x00, 0x0F, 0x00, 0x78, 0x78, 0x00, 0x7C, 0x01, 0xF3, 0xE0, 0x01, 0xF0, 0x0F, 0xEF, 0x00, 0x3F,
    0xE1, 0xFF, 0xFF, 0xFF, 0xFF, 0xF7, 0xFF, 0xFF, 0xFF, 0xFF, 0xFF, 0xFF, 0xFF, 0xFF, 0xFF, 0xFC,
    0xFF, 0xFF, 0xFC, 0x7D, 0xE1, 0xFF, 0xFF, 0xC0, 0xE0, 0x00, 0x00, 0x00, 0x00, 0x0E, 0x00, 0x00,
    0x00, 0x00, 0x00, 0x03, 0xE0, 0x00, 0x00, 0x00, 0x00, 0x00, 0x7C, 0x00, 0x00, 0x00, 0x00, 0x00,
    0x0F, 0x80, 0x00, 0x00, 0x00, 0x00, 0x00, 0xE0, 0x00, 0x00, 0x00, 0x00, 0x00, 0x00, 0x00, 0x00,
    0x00, 0x00, 0x00, 0x00, 0x00, 0x00, 0x00, 0x00, 0x00, 0x00, 0xFE, 0x00, 0x00, 0x00, 0x00, 0x00,
    0x7F, 0xF0, 0x00, 0x00, 0x00, 0x00, 0x1F, 0xFF, 0x00, 0x00, 0x00, 0x00, 0x0F, 0xFF, 0xF0, 0x00,
    0x00, 0x00, 0x03, 0xFF, 0xFE, 0x00, 0x00, 0x01, 0x00, 0x7F, 0x87, 0xE0, 0x00, 0x00, 0xF0, 0x1F,
    0x80, 0x7C, 0x00, 0x00, 0x3E, 0x07, 0xE0, 0x07, 0x80, 0x00, 0x07, 0xE1, 0xF8, 0x00, 0xF0, 0x00,
    0x00, 0xFC, 0x3E, 0x00, 0x1E, 0x04, 0x00, 0x0F, 0x8F, 0x80, 0x03, 0xC1, 0xE0, 0x01, 0xF9, 0xE0,
    0x00, 0xF8, 0x3C, 0x00, 0x3F, 0xFC, 0x00, 0xFF, 0xC7, 0x80, 0x03, 0xFF, 0xFF, 0xFF, 0xFF, 0xF0,
    0x00, 0x7F, 0xFF, 0xFF, 0xFF, 0xFC, 0x00, 0x0F, 0xFF, 0xFF, 0xFF, 0xFF, 0x80, 0x01, 0xFF, 0xFF,
    0xFF, 0x9F, 0xF0, 0x00, 0x3D, 0xFF, 0xFF, 0x81, 0xDE, 0x00, 0x07, 0x80, 0x00, 0x00, 0x03, 0xE0,
    0x01, 0xF0, 0x00, 0x00, 0x00, 0x7C, 0x00, 0x3E, 0x00, 0x00, 0x00, 0x0F, 0xC0, 0x0F, 0xC0, 0x00,
    0x00, 0x00, 0xFE, 0x07, 0xF0, 0x00, 0x00, 0x00, 0x1F, 0xFF, 0xFE, 0x00, 0x00, 0x00, 0x01, 0xFF,
    0xFF, 0x80, 0x00, 0x00, 0x00, 0x3F, 0xFF, 0xE0, 0x00, 0x00, 0x00, 0x01, 0xFF, 0xF8, 0x00, 0x00,
    0x00, 0x00, 0x0F, 0xF8, 0x00, 0x00, 0x00, 0x00, 0x00, 0x00, 0x00, 0x01, 0xC0, 0x00, 0x00, 0x00,
    0xF8, 0x00, 0x00, 0x00, 0x3E, 0x00, 0x00, 0x00, 0x0F, 0x80, 0x00, 0x00, 0x01, 0xC0, 0x00, 0x00,
    0x00, 0x00, 0x00, 0x00, 0x00, 0x00, 0x00, 0x00, 0x00, 0x07, 0xE0, 0x00, 0x00, 0x0F, 0xFE, 0x00,
    0x00, 0x07, 0xFF, 0xC0, 0x78, 0x03, 0xFF, 0xF8, 0x1E, 0x01, 0xFF, 0xFE, 0x07, 0x80, 0xFF, 0x0F,
    0xC1, 0xE0, 0x7E, 0x01, 0xF0, 0x78, 0x3F, 0x00, 0x3C, 0x1E, 0x0F, 0x80, 0x0F, 0x07, 0x87, 0xC0,
    0x03, 0xC1, 0xE1, 0xE0, 0x01, 0xF0, 0x7C, 0xF8, 0x00, 0x7C, 0x3F, 0xBC, 0x00, 0xFF, 0x7F, 0xFF,
    0xFF, 0xFF, 0x9F, 0xFF, 0xFF, 0xFF, 0xEF, 0xFF, 0xFF, 0xFF, 0xF3, 0xF3, 0xFF, 0xFF, 0xF8, 0x78,
    0x7F, 0xFF, 0xF0, 0x00, 0x00, 0x00, 0x01, 0xC0, 0x00, 0x00, 0x00, 0x0F, 0x80, 0x00, 0x00, 0x00,
    0x3E, 0x00, 0x00, 0x00, 0x00, 0xF8, 0x00, 0x00, 0x00, 0x01, 0xC0, 0x00, 0x00, 0x00, 0x00, 0x00,
    0x00, 0x00, 0x00, 0x00, 0x00, 0x00, 0x00, 0x00, 0x7E, 0x00, 0x00, 0x00, 0x0F, 0xFE, 0x00, 0x00,
    0x00, 0x7F, 0xFC, 0x00, 0x78, 0x03, 0xFF, 0xF8, 0x01, 0xE0, 0x1F, 0xFF, 0xE0, 0x07, 0x80, 0xFF,
    0x0F, 0xC0, 0x1E, 0x07, 0xE0, 0x1F, 0x00, 0x78, 0x3F, 0x00, 0x3C, 0x01, 0xE0, 0xF8, 0x00, 0xF0,
    0x07, 0x87, 0xC0, 0x03, 0xC0, 0x1E, 0x1E, 0x00, 0x1F, 0x00, 0x7C, 0xF8, 0x00, 0x7C, 0x03, 0xFB,
    0xC0, 0x0F, 0xF8, 0x7F, 0xFF, 0xFF, 0xFF, 0xFD, 0xFF, 0xFF, 0xFF, 0xFF, 0xFF, 0xFF, 0xFF, 0xFF,
    0xFF, 0xFF, 0x3F, 0xFF, 0xFF, 0x1F, 0x78, 0x7F, 0xFF, 0xF0, 0x38, 0x00, 0x00, 0x00, 0x00, 0x01,
    0xE0, 0x00, 0x00, 0x00, 0xF0, 0x00, 0x00, 0x00, 0x78, 0x00, 0x00, 0x00, 0x3C, 0x00, 0x00, 0x00,
    0x1E, 0x00, 0x00, 0x00, 0x0F, 0x00, 0x00, 0x00, 0x07, 0x80, 0x00, 0x00, 0x03, 0xC0, 0x00, 0x00,
    0x01, 0xE0, 0x00, 0x00, 0x00, 0xF0, 0x00, 0x00, 0x00, 0x78, 0x00, 0x00, 0x00, 0x3C, 0x0F, 0xE0,
    0x00, 0x1E, 0x1F, 0xFC, 0x00, 0x0F, 0x1F, 0xFF, 0x00, 0x07, 0xBF, 0xFF, 0xC0, 0x03, 0xFF, 0xFF,
    0xE0, 0x01, 0xFF, 0xE1, 0xF8, 0x00, 0xFF, 0x80, 0x7C, 0x00, 0x7F, 0x80, 0x1E, 0x00, 0x3F, 0x80,
    0x0F, 0x00, 0x1F, 0x80, 0x07, 0x80, 0x0F, 0x80, 0x07, 0xC0, 0x07, 0x80, 0x03, 0xF0, 0x07, 0xC0,
    0x0F, 0xFC, 0x3F, 0xFF, 0xFF, 0xFF, 0x9F, 0xFF, 0xFF, 0xFF, 0xCF, 0xFF, 0xFF, 0xFF, 0xEF, 0xFF,
    0xFF, 0xF9, 0xF7, 0xFF, 0xFF, 0xE0, 0x38, 0x00, 0x00, 0x00, 0x00, 0x0F, 0x00, 0x00, 0x00, 0x78,
    0x00, 0x00, 0x03, 0xC0, 0x00, 0x00, 0x1E, 0x00, 0x00, 0x00, 0xF0, 0x00, 0x00, 0x07, 0x80, 0x00,
    0x00, 0x3C, 0x00, 0x00, 0x01, 0xE0, 0x00, 0x00, 0x0F, 0x00, 0x00, 0x00, 0x78, 0x00, 0x00, 0x03,
    0xC0, 0x00, 0x00, 0x1E, 0x07, 0xF0, 0x00, 0xF0, 0xFF, 0xE0, 0x07, 0x8F, 0xFF, 0x80, 0x3D, 0xFF,
    0xFE, 0x01, 0xFF, 0xFF, 0xF0, 0x0F, 0xFF, 0x0F, 0xC0, 0x7F, 0xC0, 0x3E, 0x03, 0xFC, 0x00, 0xF0,
    0x1F, 0xC0, 0x07, 0x80, 0xFC, 0x00, 0x3C, 0x07, 0xC0, 0x03, 0xE0, 0x3C, 0x00, 0x1F, 0x03, 0xE0,
    0x07, 0xFB, 0xFF, 0xFF, 0xFF, 0x9F, 0xFF, 0xFF, 0xFC, 0xFF, 0xFF, 0xFF, 0xC7, 0xFF, 0xFF, 0xFC,
    0x3F, 0xFF, 0xFF, 0x00, 0x00, 0x00, 0x00, 0x00, 0x00, 0x78, 0x00, 0x00, 0x00, 0x1E, 0x00, 0x00,
    0x00, 0x07, 0x80, 0x00, 0x00, 0x01, 0xE0, 0x00, 0x00, 0x00, 0x78, 0x00, 0x00, 0x00, 0x1E, 0x00,
    0x00, 0x00, 0x07, 0x80, 0x00, 0x00, 0x01, 0xE0, 0x00, 0x00, 0x00, 0x78, 0x00, 0x00, 0x00, 0x1E,
    0x00, 0x00, 0x00, 0x07, 0x80, 0x00, 0x00, 0x01, 0xE0, 0x7F, 0x00, 0x00, 0x78, 0x7F, 0xF0, 0x00,
    0x1E, 0x3F, 0xFE, 0x00, 0x07, 0xBF, 0xFF, 0xC0, 0x01, 0xFF, 0xFF, 0xF0, 0x00, 0x7F, 0xF8, 0x7E,
    0x00, 0x1F, 0xF0, 0x0F, 0x80, 0x07, 0xF8, 0x01, 0xE0, 0x01, 0xFC, 0x00, 0x78, 0x00, 0x7E, 0x00,
    0x1E, 0x00, 0x1F, 0x00, 0x0F, 0x80, 0x07, 0x80, 0x03, 0xF0, 0x03, 0xE0, 0x07, 0xFE, 0x1F, 0xFF,
    0xFF, 0xFF, 0xE7, 0xFF, 0xFF, 0xFF, 0xF9, 0xFF, 0xFF, 0xFF, 0xFE, 0x7F, 0xFF, 0xFF, 0xCF, 0x9F,
    0xFF, 0xFF, 0x80, 0xE0, 0x00, 0x00, 0x00, 0x00, 0x01, 0xE0, 0x00, 0x00, 0x00, 0xF0, 0x00, 0x00,
    0x00, 0x78, 0x00, 0x00, 0x00, 0x3C, 0x00, 0x00, 0x00, 0x1E, 0x03, 0x80, 0x00, 0x0F, 0x03, 0xE0,
    0x00, 0x07, 0x81, 0xF0, 0x00, 0x03, 0xC0, 0xF8, 0x00, 0x01, 0xE0, 0x38, 0x00, 0x00, 0xF0, 0x00,
    0x00, 0x00, 0x78, 0x00, 0x00, 0x00, 0x3C, 0x0F, 0xE0, 0x00, 0x1E, 0x1F, 0xFC, 0x00, 0x0F, 0x1F,
    0xFF, 0x00, 0x07, 0xBF, 0xFF, 0xC0, 0x03, 0xFF, 0xFF, 0xE0, 0x01, 0xFF, 0xE1, 0xF8, 0x00, 0xFF,
    0x80, 0x7C, 0x00, 0x7F, 0x80, 0x1E, 0x00, 0x3F, 0x80, 0x0F, 0x00, 0x1F, 0x80, 0x07, 0x80, 0x0F,
    0x80, 0x07, 0xC0, 0x07, 0x80, 0x03, 0xF0, 0x07, 0xC0, 0x0F, 0xFC, 0x3F, 0xFF, 0xFF, 0xFF, 0x9F,
    0xFF, 0xFF, 0xFF, 0xCF, 0xFF, 0xFF, 0xFF, 0xEF, 0xFF, 0xFF, 0xF9, 0xF7, 0xFF, 0xFF, 0xE0, 0x38,
    0x00, 0x00, 0x00, 0x00, 0x0F, 0x00, 0x00, 0x00, 0x78, 0x00, 0x00, 0x03, 0xC0, 0x00, 0x00, 0x1E,
    0x00, 0x00, 0x00, 0xF0, 0x1C, 0x00, 0x07, 0x81, 0xF0, 0x00, 0x3C, 0x0F, 0x80, 0x01, 0xE0, 0x7C,
    0x00, 0x0F, 0x01, 0xC0, 0x00, 0x78, 0x00, 0x00, 0x03, 0xC0, 0x00, 0x00, 0x1E, 0x07, 0xF0, 0x00,
    0xF0, 0xFF, 0xE0, 0x07, 0x8F, 0xFF, 0x80, 0x3D, 0xFF, 0xFE, 0x01, 0xFF, 0xFF, 0xF0, 0x0F, 0xFF,
    0x0F, 0xC0, 0x7F, 0xC0, 0x3E, 0x03, 0xFC, 0x00, 0xF0, 0x1F, 0xC0, 0x07, 0x80, 0xFC, 0x00, 0x3C,
    0x07, 0xC0, 0x03, 0xE0, 0x3C, 0x00, 0x1F, 0x03, 0xE0, 0x07, 0xFB, 0xFF, 0xFF, 0xFF, 0x9F, 0xFF,
    0xFF, 0xFC, 0xFF, 0xFF, 0xFF, 0xC7, 0xFF, 0xFF, 0xFC, 0x3F, 0xFF, 0xFF, 0x00, 0x00, 0x00, 0x00,
    0x00, 0x00, 0x78, 0x00, 0x00, 0x00, 0x1E, 0x00, 0x00, 0x00, 0x07, 0x80, 0x00, 0x00, 0x01, 0xE0,
    0x00, 0x00, 0x00, 0x78, 0x0E, 0x00, 0x00, 0x1E, 0x07, 0xC0, 0x00, 0x07, 0x81, 0xF0, 0x00, 0x01,
    0xE0, 0x7C, 0x00, 0x00, 0x78, 0x0E, 0x00, 0x00, 0x1E, 0x00, 0x00, 0x00, 0x07, 0x80, 0x00, 0x00,
    0x01, 0xE0, 0x7F, 0x00, 0x00, 0x78, 0x7F, 0xF0, 0x00, 0x1E, 0x3F, 0xFE, 0x00, 0x07, 0xBF, 0xFF,
    0xC0, 0x01, 0xFF, 0xFF, 0xF0, 0x00, 0x7F, 0xF8, 0x7E, 0x00, 0x1F, 0xF0, 0x0F, 0x80, 0x07, 0xF8,
    0x01, 0xE0, 0x01, 0xFC, 0x00, 0x78, 0x00, 0x7E, 0x00, 0x1E, 0x00, 0x1F, 0x00, 0x0F, 0x80, 0x07,
    0x80, 0x03, 0xF0, 0x03, 0xE0, 0x07, 0xFE, 0x1F, 0xFF, 0xFF, 0xFF, 0xE7, 0xFF, 0xFF, 0xFF, 0xF9,
    0xFF, 0xFF, 0xFF, 0xFE, 0x7F, 0xFF, 0xFF, 0xCF, 0x9F, 0xFF, 0xFF, 0x80, 0xE0, 0x0F, 0xFC, 0x01,
    0xFF, 0xFC, 0x07, 0xFF, 0xF8, 0x1F, 0xFF, 0xF0, 0x7F, 0xFF, 0xC3, 0xF8, 0x1F, 0x0F, 0xC0, 0x3C,
    0x1F, 0xC0, 0xF0, 0x1F, 0x87, 0xC0, 0x3F, 0x3E, 0x00, 0x7F, 0xF0, 0x00, 0xFF, 0x80, 0x03, 0xFE,
    0x00, 0x3F, 0xFF, 0xF1, 0xFF, 0xFF, 0xCF, 0xCF, 0xFF, 0x7E, 0x0F, 0xFD, 0xF0, 0x0F, 0xEF, 0x80,
    0x00, 0x3E, 0x00, 0x00, 0xF0, 0x00, 0x03, 0xC0, 0x00, 0x0F, 0x00, 0x00, 0x3E, 0x00, 0x00, 0xF8,
    0x00, 0x03, 0xF0, 0x00, 0x47, 0xF8, 0x0F, 0x1F, 0xFF, 0xFE, 0x3F, 0xFF, 0xF8, 0x7F, 0xFF, 0xF0,
    0x7F, 0xFF, 0x00, 0x7F, 0xE0, 0x00, 0x00, 0x00, 0x01, 0xFE, 0x00, 0x1F, 0xFE, 0x00, 0xFF, 0xF8,
    0x07, 0xFF, 0xC0, 0x3F, 0xFF, 0x00, 0xFC, 0x18, 0x03, 0xE0, 0x00, 0x0F, 0x00, 0x00, 0x3C, 0x00,
    0x00, 0xF8, 0x00, 0x01, 0xE0, 0x00, 0x07, 0xC0, 0x1C, 0x0F, 0x9F, 0xF3, 0xFF, 0xFF, 0xDF, 0xFF,
    0xFF, 0x7F, 0xFF, 0xFD, 0xFF, 0xFF, 0xE7, 0xFF, 0xF0, 0x00, 0x00, 0xFF, 0xC0, 0x01, 0xFF, 0xFC,
    0x00, 0x7F, 0xFF, 0x80, 0x1F, 0xFF, 0xF0, 0x0F, 0xFF, 0xFC, 0x03, 0xF0, 0x3F, 0x00, 0xFC, 0x03,
    0xC0, 0x1F, 0x80, 0xF0, 0x01, 0xF0, 0x7C, 0x00, 0x3F, 0x3E, 0x00, 0x07, 0xFF, 0x00, 0x00, 0xFF,
    0x80, 0x01, 0xFF, 0xE0, 0x0F, 0xFF, 0xFF, 0xF7, 0xFF, 0xFF, 0xFD, 0xFF, 0xFF, 0xFF, 0x7F, 0xF0,
    0xFF, 0xDF, 0xE0, 0x0F, 0xE0, 0x00, 0x00, 0x00, 0x03, 0x80, 0x00, 0x1F, 0x00, 0x00, 0x7C, 0x00,
    0x01, 0xF0, 0x00, 0x03, 0x80, 0x00, 0x00, 0x00, 0x00, 0x00, 0x00, 0x0F, 0xFC, 0x01, 0xFF, 0xFC,
    0x07, 0xFF, 0xF8, 0x1F, 0xFF, 0xF0, 0x7F, 0xFF, 0xC3, 0xF8, 0x1F, 0x0F, 0xC0, 0x3C, 0x1F, 0x80,
    0xF0, 0x1F, 0x07, 0xC0, 0x3E, 0x3E, 0x00, 0x7F, 0xF0, 0x00, 0xFF, 0x80, 0x07, 0xFE, 0x00, 0x3F,
    0xFF, 0xF1, 0xFF, 0xFF, 0xCF, 0xCF, 0xFF, 0x7E, 0x1F, 0xFD, 0xF0, 0x0F, 0xEF, 0x80, 0x00, 0x3E,
    0x00, 0x00, 0xF0, 0x00, 0x03, 0xC0, 0x00, 0x0F, 0x00, 0x00, 0x3E, 0x00, 0x00, 0xF8, 0x00, 0x03,
    0xF0, 0x00, 0x47, 0xF8, 0x0F, 0x1F, 0xFF, 0xFE, 0x3F, 0xFF, 0xF8, 0x7F, 0xFF, 0xF0, 0x7F, 0xFF,
    0x00, 0x7F, 0xE0, 0x00, 0x1C, 0x00, 0x00, 0xF8, 0x00, 0x03, 0xE0, 0x00, 0x0F, 0x80, 0x00, 0x1C,
    0x00, 0x00, 0x00, 0x00, 0x00, 0x00, 0x00, 0x00, 0x00, 0x00, 0x7F, 0x80, 0x07, 0xFF, 0x80, 0x3F,
    0xFE, 0x01, 0xFF, 0xF0, 0x0F, 0xFF, 0xC0, 0x3F, 0x06, 0x00, 0xF8, 0x00, 0x03, 0xC0, 0x00, 0x0F,
    0x00, 0x00, 0x3E, 0x00, 0x00, 0x78, 0x00, 0x01, 0xF0, 0x07, 0x03, 0xE7, 0xFC, 0xFF, 0xFF, 0xF7,
    0xFF, 0xFF, 0xDF, 0xFF, 0xFF, 0x7F, 0xFF, 0xF9, 0xFF, 0xFC, 0x00, 0x00, 0x00, 0x00, 0x00, 0x0E,
    0x00, 0x00, 0x0F, 0x80, 0x00, 0x07, 0xC0, 0x00, 0x03, 0xE0, 0x00, 0x00, 0xE0, 0x00, 0x00, 0x00,
    0x00, 0x00, 0x00, 0x00, 0x01, 0xFF, 0x80, 0x07, 0xFF, 0xF0, 0x03, 0xFF, 0xFC, 0x01, 0xFF, 0xFF,
    0x00, 0xFF, 0xFF, 0x80, 0xFE, 0x0F, 0xC0, 0x7E, 0x01, 0xE0, 0x1F, 0x80, 0xF0, 0x03, 0xF0, 0xF8,
    0x00, 0xFC, 0xF8, 0x00, 0x3F, 0xF8, 0x00, 0x0F, 0xF8, 0x00, 0x3F, 0xFC, 0x03, 0xFF, 0xFF, 0xFF,
    0xFF, 0xFF, 0xFF, 0xFF, 0xFF, 0xFF, 0xFF, 0xE1, 0xFF, 0xBF, 0x80, 0x3F, 0x80, 0x00, 0x00, 0x00,
    0xE0, 0x00, 0x00, 0x00, 0x0F, 0x80, 0x00, 0x00, 0x00, 0x7C, 0x00, 0x00, 0x00, 0x03, 0xE0, 0x00,
    0x00, 0x00, 0x0E, 0x00, 0x00, 0x00, 0x00, 0x00, 0x00, 0x00, 0x00, 0x00, 0x00, 0x00, 0x00, 0x00,
    0x00, 0x00, 0x00, 0x00, 0x03, 0xF8, 0x00, 0x00, 0x00, 0x3F, 0xE0, 0x00, 0x00, 0x03, 0xFF, 0xC0,
    0x00, 0x00, 0x3F, 0xFE, 0x00, 0x00, 0x03, 0xFF, 0xF8, 0x00, 0x00, 0x1F, 0x8F, 0xC1, 0xE0, 0x00,
    0xF8, 0x3E, 0x0F, 0x00, 0x07, 0x80, 0xF0, 0xF8, 0x00, 0x3C, 0x07, 0x87, 0x80, 0x01, 0xE0, 0x3C,
    0x3C, 0x00, 0x07, 0x83, 0xC1, 0xF0, 0x00, 0x3F, 0x7E, 0x0F, 0x80, 0x00, 0xFF, 0xE0, 0x7F, 0x80,
    0x1F, 0xFF, 0xFB, 0xFF, 0xFF, 0xFF, 0xFF, 0xEF, 0xFF, 0xFF, 0xFF, 0xFF, 0x7F, 0xFF, 0xFF, 0xFF,
    0xF0, 0xFF, 0xFF, 0xF0, 0x3F, 0x81, 0xFF, 0xFC, 0x00, 0x00, 0x00, 0xE0, 0x00, 0xF8, 0x00, 0x7C,
    0x00, 0x3E, 0x00, 0x0E, 0x00, 0x00, 0x00, 0x00, 0x00, 0x07, 0xE0, 0x07, 0xFC, 0x07, 0xFF, 0x07,
    0xFF, 0x83, 0xFF, 0xE3, 0xF1, 0xF1, 0xF0, 0x78, 0xF0, 0x3E, 0x78, 0x0F, 0x3C, 0x07, 0x9F, 0x03,
    0xCF, 0xC1, 0xE3, 0xFF, 0xF1, 0xFF, 0xF8, 0x7F, 0xFC, 0x0F, 0xFE, 0x00, 0x1E, 0x00, 0xFF, 0x3F,
    0xFF, 0x9F, 0xFF, 0x9F, 0xFF, 0x8F, 0xFF, 0x03, 0xFC, 0x00, 0x00, 0x38, 0x00, 0x00, 0xF8, 0x00,
    0x01, 0xF0, 0x00, 0x03, 0xE0, 0x00, 0x03, 0x80, 0x00, 0x00, 0x00, 0x00, 0x00, 0x00, 0x00, 0x7F,
    0x00, 0x01, 0xFF, 0x00, 0x07, 0xFF, 0x00, 0x1F, 0xFF, 0x00, 0x3F, 0xFF, 0x00, 0xFC, 0x7E, 0x01,
    0xF0, 0x7C, 0x03, 0xE0, 0x78, 0x07, 0x80, 0xF0, 0x0F, 0x01, 0xE0, 0x0F, 0x07, 0xC0, 0x1F, 0x0F,
    0x00, 0x1F, 0x7C, 0x00, 0x3F, 0xF8, 0x0F, 0xFF, 0xFF, 0x9F, 0xFF, 0xFF, 0x7F, 0xFF, 0xFF, 0xFF,
    0xEF, 0xFC, 0xFE, 0x03, 0xF8, 0x00, 0x03, 0x0C, 0x00, 0x00, 0x1E, 0x78, 0x00, 0x00, 0x79, 0xE0,
    0x00, 0x01, 0xE7, 0x80, 0x00, 0x03, 0x0C, 0x00, 0x00, 0x00, 0x00, 0x00, 0x00, 0x00, 0x00, 0x00,
    0x00, 0x00, 0x00, 0x00, 0x01, 0xF8, 0x00, 0x00, 0x0F, 0xF0, 0x00, 0x00, 0x7F, 0xE0, 0x00, 0x03,
    0xFF, 0xC0, 0x00, 0x0F, 0xFF, 0x80, 0x00, 0x7E, 0x3E, 0x00, 0x01, 0xF0, 0x78, 0x00, 0x07, 0x81,
    0xE0, 0x78, 0x1F, 0x03, 0xC1, 0xE0, 0x7E, 0x0F, 0x07, 0x81, 0xFF, 0xFF, 0xFE, 0x03, 0xFF, 0xFF,
    0xF0, 0x0F, 0xFF, 0xFF, 0xC0, 0x1F, 0xFF, 0xFF, 0x00, 0x1F, 0xFF, 0xBC, 0x00, 0x01, 0xE0, 0xF8,
    0x00, 0x07, 0x83, 0xE0, 0x00, 0x3E, 0x0F, 0xC0, 0x01, 0xF8, 0x1F, 0xE0, 0x3F, 0xC0, 0x7F, 0xFF,
    0xFE, 0x00, 0xFF, 0xFF, 0xF8, 0x01, 0xFF, 0xFF, 0xC0, 0x03, 0xFF, 0xFC, 0x00, 0x01, 0xFF, 0xC0,
    0x00, 0x00, 0x00, 0x03, 0x0C, 0x03, 0xCF, 0x01, 0xE7, 0x80, 0xF3, 0xC0, 0x30, 0xC0, 0x00, 0x00,
    0x00, 0x00, 0x03, 0xF0, 0x03, 0xFE, 0x03, 0xFF, 0x83, 0xFF, 0xC1, 0xFF, 0xF1, 0xF8, 0xF8, 0xF8,
    0x3C, 0x78, 0x1F, 0x3C, 0x0F, 0x9F, 0x03, 0xCF, 0x81, 0xE7, 0xE1, 0xF1, 0xFF, 0xF8, 0xFF, 0xFC,
    0x3F, 0xFE, 0x07, 0xFF, 0x00, 0x0F, 0x00, 0x7F, 0x9F, 0xFF, 0xCF, 0xFF, 0xCF, 0xFF, 0xC7, 0xFF,
    0x81, 0xFE, 0x00, 0x01, 0x86, 0x00, 0x07, 0x9E, 0x00, 0x0F, 0x3C, 0x00, 0x1E, 0x78, 0x00, 0x18,
    0x60, 0x00, 0x00, 0x00, 0x00, 0x00, 0x00, 0x00, 0x00, 0x00, 0x00, 0xFE, 0x00, 0x03, 0xFE, 0x00,
    0x0F, 0xFE, 0x00, 0x3F, 0xFE, 0x00, 0x7F, 0xFE, 0x01, 0xF8, 0xFC, 0x03, 0xE0, 0xF8, 0x07, 0xC0,
    0xF0, 0x0F, 0x01, 0xE0, 0x1E, 0x03, 0xC0, 0x1E, 0x0F, 0x00, 0x3E, 0x3E, 0x00, 0x3E, 0xF8, 0x00,
    0x7F, 0xE0, 0x1F, 0xFF, 0xFF, 0x3F, 0xFF, 0xFE, 0xFF, 0xFF, 0xFF, 0xFF, 0xDF, 0xF9, 0xFC, 0x0F,
    0xF0, 0x00, 0x00, 0x00, 0x60, 0x00, 0x00, 0x01, 0xE0, 0x00, 0x00, 0x01, 0xE0, 0x00, 0x00, 0x01,
    0xE0, 0x00, 0x00, 0x01, 0xE0, 0x00, 0x00, 0x01, 0xE0, 0x00, 0x00, 0x01, 0xE0, 0x00, 0x00, 0x01,
    0xE0, 0x00, 0x00, 0x81, 0xE0, 0x00, 0x03, 0x81, 0xE0, 0x00, 0x0F, 0x81, 0xE0, 0x00, 0x1F, 0x01,
    0xE0, 0x00, 0x3C, 0x01, 0xE0, 0x00, 0x3E, 0x01, 0xE0, 0x00, 0x1F, 0x01, 0xE0, 0x00, 0x07, 0x81,
    0xE0, 0x60, 0x03, 0x81, 0xE0, 0x78, 0x7F, 0x81, 0xE0, 0xF8, 0x7F, 0x01, 0xE0, 0xF0, 0x3C, 0x01,
    0xE0, 0xF0, 0x00, 0x01, 0xE0, 0xF0, 0x00, 0x01, 0xE0, 0xF8, 0x00, 0x03, 0xF0, 0xF8, 0x00, 0x0F,
    0xF8, 0xFF, 0x00, 0x7F, 0xFF, 0xFF, 0xFF, 0xFF, 0xFF, 0x7F, 0xFF, 0xFF, 0xFF, 0x3F, 0xFF, 0xFF,
    0x3F, 0x1F, 0xFF, 0xFC, 0x1E, 0x07, 0xFF, 0xE0, 0x00, 0x00, 0x00, 0x80, 0x01, 0xC0, 0x01, 0xE0,
    0x03, 0xF0, 0x07, 0xF8, 0x0F, 0xF8, 0x1F, 0xF8, 0x1F, 0xF0, 0x3F, 0xE0, 0x3F, 0xC0, 0x1F, 0x80,
    0x0F, 0xE0, 0x07, 0xFC, 0x03, 0xFF, 0x00, 0x3F, 0xC0, 0x07, 0xF0, 0x01, 0xFC, 0x00, 0x3F, 0x00,
    0x0F, 0x80, 0x03, 0xC0, 0x01, 0xE0, 0x00, 0xF0, 0x00, 0xF8, 0x03, 0xFC, 0x7F, 0xFC, 0x3F, 0xFC,
    0x3F, 0xFC, 0x1F, 0xFC, 0x07, 0xF0, 0x00, 0x00, 0x00, 0x00, 0x00, 0x01, 0xC0, 0x00, 0x0F, 0x80,
    0x00, 0x7F, 0x00, 0x01, 0xFE, 0x00, 0x0F, 0xF8, 0x00, 0x7F, 0xC0, 0x03, 0xFE, 0x00, 0x0F, 0xF0,
    0x00, 0x3F, 0x80, 0x00, 0x7E, 0x00, 0x00, 0xF0, 0x00, 0x01, 0xF0, 0x00, 0x03, 0xF0, 0x00, 0x03,
    0xE0, 0x00, 0x03, 0xE0, 0x00, 0x07, 0xE0, 0x00, 0x07, 0xE0, 0x00, 0x07, 0xE0, 0x00, 0x0F, 0xC0,
    0x00, 0x0F, 0xC0, 0x00, 0x1F, 0xC0, 0x00, 0x7F, 0xC0, 0x03, 0xFF, 0xF0, 0x7F, 0xEF, 0xFC, 0xFF,
    0x8F, 0xF9, 0xFF, 0x0F, 0xF3, 0xF8, 0x0F, 0xE7, 0xC0, 0x07, 0xC0, 0x00, 0x00, 0x00, 0x00, 0x00,
    0x0F, 0x00, 0x00, 0x03, 0xC0, 0x00, 0x00, 0xF0, 0x00, 0x00, 0x3C, 0x00, 0x00, 0x0F, 0x00, 0x00,
    0x03, 0xC0, 0x00, 0x00, 0xF0, 0x00, 0x00, 0x3C, 0x00, 0x00, 0x0F, 0x00, 0x00, 0x03, 0xC0, 0x00,
    0x00, 0xF0, 0x00, 0x00, 0x3C, 0x00, 0x00, 0x0F, 0x00, 0x00, 0x03, 0xC0, 0x00, 0x00, 0xF0, 0x00,
    0x00, 0x3C, 0x00, 0x00, 0x0F, 0x00, 0x00, 0x03, 0xC0, 0x00, 0x00, 0xF0, 0x00, 0x00, 0x3C, 0x0C,
    0x00, 0x0F, 0x07, 0x80, 0x03, 0xC1, 0xE0, 0x00, 0xF8, 0xF8, 0x00, 0x3F, 0x3C, 0x00, 0x0F, 0xFF,
    0x00, 0x03, 0xFF, 0xC0, 0x00, 0xFF, 0xF0, 0x00, 0x3F, 0xFE, 0x00, 0x1F, 0x6F, 0x80, 0x07, 0xC3,
    0xF0, 0x03, 0xF0, 0x7F, 0x03, 0xF8, 0x1F, 0xFF, 0xFE, 0x03, 0xFF, 0xFF, 0x00, 0xFF, 0xFF, 0x80,
    0x0F, 0xFF, 0xC0, 0x00, 0xFF, 0x80, 0x00, 0x00, 0x00, 0x00, 0x00, 0x01, 0xE0, 0x78, 0x1E, 0x07,
    0x81, 0xE0, 0x78, 0x1E, 0x07, 0x81, 0xE0, 0x78, 0x1E, 0x07, 0x81, 0xE0, 0x78, 0x1E, 0x07, 0x81,
    0xE0, 0x78, 0x1E, 0x07, 0x81, 0xE0, 0x78, 0x1E, 0x0F, 0x8F, 0xE7, 0xF9, 0xFC, 0x7E, 0x1F, 0x00,
    0x00, 0x00, 0xF0, 0x0F, 0x00, 0xF0, 0x0F, 0x00, 0xF0, 0x0F, 0x00, 0xF0, 0x0F, 0x00, 0xF0, 0x0F,
    0x00, 0xF0, 0x0F, 0x00, 0xF0, 0x0F, 0x00, 0xF0, 0x0F, 0x00, 0xF0, 0x0F, 0x00, 0xF0, 0x0F, 0x00,
    0xF0, 0x0F, 0x00, 0xF8, 0x1F, 0xC7, 0xFF, 0x7F, 0xFF, 0xFF, 0xFD, 0xF7, 0x0E, 0x00, 0x07, 0xC0,
    0x00, 0x03, 0xFC, 0x00, 0x00, 0xFF, 0xC0, 0x00, 0x3F, 0xFC, 0x00, 0x07, 0xFF, 0x80, 0x01, 0xF1,
    0xF8, 0x00, 0x7C, 0x1F, 0x00, 0x0F, 0x03, 0xE0, 0x1F, 0xE0, 0x3C, 0x07, 0xF8, 0x07, 0x81, 0xFF,
    0x00, 0xF0, 0x3F, 0xF8, 0x3F, 0x8F, 0xFF, 0xCF, 0xFD, 0xF3, 0xFF, 0xFF, 0xBE, 0x1F, 0xFF, 0xF7,
    0x81, 0xFF, 0xBE, 0xF0, 0x1F, 0xF1, 0xDE, 0x00, 0xF8, 0x03, 0xC0, 0x00, 0x00, 0x78, 0x00, 0x00,
    0x0F, 0x80, 0x00, 0x01, 0xF0, 0x00, 0x00, 0x3E, 0x00, 0x00, 0x07, 0xC0, 0x00, 0x00, 0xF8, 0x00,
    0x00, 0x1F, 0x00, 0x00, 0x01, 0xE0, 0x00, 0x00, 0x3E, 0x00, 0x00, 0x07, 0xC0, 0x00, 0x00, 0xF8,
    0x00, 0x00, 0x00, 0x00, 0x00, 0x00, 0x00, 0x0F, 0xC0, 0x00, 0x3F, 0xC0, 0x00, 0xFF, 0xC0, 0x03,
    0xFF, 0xC0, 0x0F, 0xFF, 0x80, 0x1F, 0x1F, 0x80, 0x7C, 0x1F, 0x00, 0xF0, 0x1E, 0x03, 0xE0, 0x3C,
    0x07, 0x80, 0x78, 0x1F, 0x00, 0xF0, 0x7F, 0x83, 0xE3, 0xFF, 0xCF, 0xCF, 0xFF, 0xFF, 0x9F, 0xFF,
    0xFE, 0x3F, 0x3F, 0xFC, 0x78, 0x1F, 0xF0, 0x00, 0x0F, 0xC0, 0x00, 0x07, 0xC0, 0x00, 0x03, 0xFC,
    0x00, 0x00, 0xFF, 0xC0, 0x00, 0x3F, 0xFC, 0x00, 0x0F, 0xFF, 0xC0, 0x01, 0xF1, 0xF8, 0x00, 0x7C,
    0x1F, 0x00, 0x0F, 0x01, 0xE0, 0x03, 0xE0, 0x3C, 0x00, 0x78, 0x07, 0x80, 0x1F, 0x00, 0xF8, 0x07,
    0xF8, 0x3F, 0x83, 0xFF, 0xCF, 0xFC, 0xFF, 0xFF, 0xFF, 0x9F, 0xFF, 0xFF, 0xF3, 0xF3, 0xFF, 0xFE,
    0x78, 0x1F, 0xF1, 0xC0, 0x00, 0xFC, 0x00, 0x00, 0x00, 0x00, 0x00, 0x0E, 0x00, 0x00, 0x03, 0xE0,
    0x00, 0x00, 0x7C, 0x00, 0x00, 0x0F, 0x80, 0x00, 0x00, 0xE0, 0x00, 0x00, 0x00, 0x0E, 0x00, 0x00,
    0x07, 0xC0, 0x00, 0x00, 0xF8, 0x00, 0x00, 0x1F, 0x80, 0x00, 0x01, 0xF0, 0x3C, 0x00, 0x3F, 0x07,
    0x80, 0x07, 0xF0, 0xF0, 0x00, 0x7F, 0xBE, 0x00, 0x0F, 0xF7, 0x80, 0x01, 0xFF, 0xF0, 0x00, 0x3F,
    0xDE, 0x00, 0x07, 0xBB, 0xC0, 0x00, 0xF0, 0x7C, 0x00, 0x3E, 0x0F, 0x80, 0x07, 0xC1, 0xF8, 0x01,
    0xF8, 0x1F, 0xC0, 0xFE, 0x03, 0xFF, 0xFF, 0xC0, 0x3F, 0xFF, 0xF0, 0x07, 0xFF, 0xFC, 0x00, 0x3F,
    0xFF, 0x00, 0x01, 0xFF, 0x00, 0x00, 0x00, 0x01, 0xC0, 0x7C, 0x0F, 0x81, 0xF0, 0x1C, 0x00, 0x00,
    0x00, 0x00, 0x80, 0xF0, 0x1F, 0x03, 0xE0, 0x7C, 0x0F, 0x80, 0xF0, 0x1E, 0x03, 0xC0, 0x78, 0x3F,
    0x3F, 0xEF, 0xFD, 0xFF, 0x3F, 0xC7, 0xF0, 0x00, 0x00, 0x07, 0x00, 0x1F, 0x00, 0x3E, 0x00, 0x7C,
    0x00, 0x70, 0x00, 0x00, 0x00, 0x00, 0x00, 0x00, 0x0F, 0x00, 0x1E, 0x00, 0x3C, 0x00, 0x78, 0x00,
    0xF0, 0x01, 0xF0, 0x07, 0xF0, 0x7F, 0xFC, 0xFF, 0xFF, 0xFF, 0xFB, 0xE7, 0xE7, 0x83, 0xC0, 0x00,
    0x06, 0x00, 0x01, 0xE0, 0x00, 0x1E, 0x00, 0x01, 0xE0, 0x00, 0xFE, 0x00, 0x7F, 0xE0, 0x0F, 0xFE,
    0x03, 0xFF, 0xE0, 0x3F, 0xFE, 0x07, 0xE1, 0xE0, 0xF8, 0x1E, 0x0F, 0x01, 0xE0, 0xF0, 0x1E, 0x0F,
    0x87, 0xF0, 0xFF, 0xFF, 0x0F, 0xFF, 0xFE, 0x7F, 0xFF, 0xE3, 0xFE, 0xFE, 0x1F, 0x87, 0xE0, 0x00,
    0x3E, 0x00, 0x00, 0x00, 0x00, 0xC0, 0x00, 0x00, 0xF8, 0x00, 0x00, 0x7E, 0x00, 0x00, 0x7F, 0xC0,
    0x00, 0x1F, 0xF8, 0x00, 0x0F, 0xFE, 0x00, 0x0F, 0xFF, 0xC0, 0x07, 0xFF, 0xF0, 0x07, 0x83, 0xFC,
    0x03, 0x80, 0xFF, 0x01, 0xC0, 0x7F, 0xC0, 0xE0, 0x3B, 0xF0, 0x78, 0x3C, 0xF8, 0x3C, 0x1E, 0x7C,
    0x0F, 0xBE, 0x1E, 0x07, 0xFF, 0x0F, 0x1F, 0xFF, 0x0F, 0x9F, 0xFF, 0xFF, 0xCF, 0xFF, 0xFF, 0xC7,
    0xFF, 0xFF, 0xE3, 0xFC, 0xFF, 0xE0, 0x00, 0x1F, 0xC0, 0x00, 0x1F, 0x00, 0x03, 0xFE, 0x00, 0x3F,
    0xF0, 0x03, 0xFF, 0xC0, 0x1F, 0xFE, 0x01, 0xF1, 0xF0, 0x1F, 0x07, 0x80, 0xF0, 0x3C, 0x07, 0x81,
    0xE0, 0x78, 0x1F, 0x03, 0xC0, 0xF0, 0x1E, 0x0F, 0x00, 0xF1, 0xF0, 0x3F, 0xFF, 0xFD, 0xFF, 0xFF,
    0xEF, 0xFF, 0xFF, 0x7F, 0xFF, 0xFB, 0xFF, 0xFF, 0xC3, 0xC3, 0xE0, 0x1E, 0x07, 0x80, 0xF0, 0x1E,
    0x07, 0xC0, 0xF0, 0x1E, 0x07, 0x80, 0xFC, 0x7C, 0x03, 0xFF, 0xE0, 0x0F, 0xFF, 0x00, 0x7F, 0xF0,
    0x00, 0xFF, 0x80, 0x03, 0xF0, 0x00, 0x00, 0x00, 0x03, 0xF0, 0x00, 0x3F, 0xC0, 0x03, 0xFF, 0x00,
    0x3F, 0xFC, 0x01, 0xFF, 0xF0, 0x1F, 0x8F, 0x80, 0xF8, 0x3C, 0x07, 0x80, 0xE0, 0x3E, 0x07, 0x81,
    0xF8, 0x3C, 0x0F, 0xFF, 0xFC, 0x3F, 0xFF, 0xE1, 0xFF, 0xFF, 0x03, 0xFF, 0xF8, 0x0F, 0xFF, 0xC0,
    0x01, 0xE0, 0x00, 0x1F, 0x00, 0x01, 0xF0, 0x00, 0x3F, 0x80, 0x0F, 0xF8, 0x03, 0xFF, 0x80, 0x3F,
    0xF8, 0x01, 0xFF, 0x80, 0x07, 0xF0, 0x00, 0x3C, 0x00, 0x00, 0x00, 0x00, 0x00, 0x00, 0x00, 0x00,
    0x06, 0x00, 0x00, 0x01, 0xE0, 0x00, 0x00, 0x3C, 0x00, 0xF0, 0x0F, 0x80, 0x3F, 0xE1, 0xF0, 0x07,
    0xFF, 0xBC, 0x01, 0xFF, 0xF7, 0x80, 0x0F, 0xFE, 0xF0, 0x00, 0x7F, 0xDF, 0x00, 0x03, 0xFB, 0xE0,
    0x00, 0xF8, 0x7E, 0x00, 0x3F, 0x0F, 0xF0, 0x3F, 0xE0, 0xFF, 0xFF, 0xF8, 0x0F, 0xFF, 0xFF, 0x01,
    0xFF, 0xFF, 0x80, 0x1F, 0xFF, 0xE0, 0x00, 0xFF, 0xE0, 0x00, 0x00, 0x00, 0x00, 0x00, 0x00, 0x00,
    0x00, 0x06, 0x00, 0x00, 0x01, 0xE0, 0x00, 0x00, 0x3C, 0x00, 0xF0, 0x0F, 0x80, 0x3F, 0xE1, 0xF0,
    0x07, 0xFF, 0xBC, 0x01, 0xFF, 0xF7, 0x80, 0x0F, 0xFE, 0xF0, 0x00, 0x7F, 0xDF, 0x00, 0x03, 0xFB,
    0xE0, 0x00, 0xF8, 0x7E, 0x00, 0x3F, 0x0F, 0xF0, 0x3F, 0xE0, 0xFF, 0xFF, 0xF8, 0x0F, 0xFF, 0xFF,
    0x01, 0xFF, 0xFF, 0x80, 0x1F, 0xFF, 0xE0, 0x00, 0xFF, 0xE0, 0x00, 0x00, 0x00, 0x00, 0x00, 0x00,
    0x00, 0x00, 0x00, 0x00, 0x00, 0x06, 0x18, 0x00, 0x01, 0xE7, 0x80, 0x00, 0x3C, 0xF0, 0x00, 0x07,
    0x9E, 0x00, 0x00, 0x61, 0x80, 0x00, 0x00, 0x80, 0x7C, 0x07, 0xC0, 0x7C, 0x03, 0xE0, 0x3E, 0x03,
    0xE0, 0x1E, 0x01, 0xE0, 0x3E, 0x07, 0xE7, 0xFE, 0xFF, 0xEF, 0xFC, 0xFF, 0x87, 0xE0, 0x00, 0x00,
    0x00, 0x00, 0x03, 0x0C, 0x79, 0xE7, 0x9E, 0x79, 0xE3, 0x0C, 0x07, 0x80, 0x1E, 0x00, 0x78, 0x01,
    0xE0, 0x07, 0x80, 0x1E, 0x00, 0x7C, 0x03, 0xF8, 0x7F, 0xFD, 0xFF, 0xFF, 0xFF, 0xFF, 0x3F, 0x78,
    0x7C, 0x00, 0x00, 0x00, 0x00, 0x00, 0x18, 0x60, 0xF3, 0xC3, 0xCF, 0x0F, 0x3C, 0x18, 0x60, 0x1C,
    0x00, 0x00, 0x7F, 0x80, 0x01, 0xFF, 0x03, 0xC3, 0x3C, 0x07, 0x80, 0x00, 0x0F, 0x00, 0x00, 0x1E,
    0x01, 0xC0, 0x3C, 0x1F, 0xC0, 0x78, 0x0F, 0xC0, 0xF0, 0x0F, 0xC1, 0xE0, 0x0F, 0xC3, 0xC0, 0x0F,
    0xCF, 0x80, 0x0F, 0xDF, 0x00, 0x0F, 0xFC, 0x00, 0x0F, 0xF8, 0x00, 0x0F, 0xF0, 0x00, 0x0F, 0xC0,
    0x00, 0x0F, 0xC0, 0x00, 0x3F, 0xC0, 0x00, 0xFF, 0xC0, 0x03, 0xFF, 0x80, 0x0F, 0xCF, 0x80, 0x3F,
    0x0F, 0x00, 0xFC, 0x1E, 0x03, 0xF0, 0x3C, 0x1F, 0xC1, 0xF8, 0x7F, 0xFF, 0xF0, 0xFF, 0xFF, 0xC1,
    0xFF, 0xFF, 0x83, 0xFF, 0xFE, 0x07, 0xFF, 0xF0, 0x00, 0x3C, 0x00, 0x3C, 0x1F, 0xF0, 0x0F, 0x07,
    0xFC, 0x03, 0xC3, 0x9E, 0x00, 0xF0, 0x00, 0x00, 0x3C, 0x00, 0x00, 0x0F, 0x00, 0x30, 0x03, 0xC0,
    0x7E, 0x00, 0xF0, 0x0F, 0xC0, 0x3C, 0x03, 0xF0, 0x0F, 0x00, 0x7E, 0x03, 0xC0, 0x0F, 0x80, 0xF0,
    0x03, 0xF0, 0x3C, 0x00, 0x7E, 0x0F, 0x00, 0x0F, 0x83, 0xC0, 0x03, 0xF0, 0xF0, 0x00, 0x7C, 0x3C,
    0x00, 0x0F, 0x8F, 0x00, 0x03, 0xE3, 0xC0, 0x00, 0x7C, 0xF0, 0x00, 0x0F, 0x7C, 0x00, 0x03, 0xFF,
    0x00, 0x00, 0x7F, 0xE0, 0x00, 0x1F, 0xFC, 0x3F, 0xFF, 0xFF, 0xCF, 0xFF, 0xFF, 0xF3, 0xFF, 0xFC,
    0xFC, 0xFF, 0xFE, 0x1F, 0x1F, 0xFC, 0x03, 0x80, 0x1E, 0x00, 0x01, 0xF8, 0x00, 0x1F, 0x80, 0x00,
    0xE0, 0x00, 0x07, 0x00, 0x00, 0x1F, 0x80, 0x03, 0xFE, 0x07, 0x9F, 0xF0, 0x3C, 0xF0, 0x01, 0xE0,
    0x00, 0x0F, 0x01, 0x80, 0x78, 0x7E, 0x03, 0xC1, 0xF8, 0x1E, 0x07, 0xE0, 0xF0, 0x1F, 0x87, 0x80,
    0x7E, 0x3C, 0x01, 0xFB, 0xE0, 0x07, 0xFE, 0x00, 0x1F, 0xF0, 0x00, 0x7F, 0x00, 0x01, 0xF8, 0x00,
    0x07, 0xE0, 0x00, 0x7F, 0x80, 0x07, 0xFC, 0x00, 0x7F, 0xF0, 0x07, 0xE7, 0xC0, 0x7E, 0x3E, 0x07,
    0xE0, 0xF0, 0x7E, 0x0F, 0x8F, 0xE0, 0xFC, 0x7F, 0xFF, 0xE7, 0xFF, 0xFE, 0x3F, 0xFF, 0xF1, 0xFF,
    0xFF, 0x0F, 0xFF, 0xC0, 0x1E, 0x00, 0x00, 0x3F, 0x80, 0x00, 0x1F, 0x80, 0x00, 0x0E, 0x00, 0x00,
    0x07, 0x00, 0x07, 0x81, 0xF8, 0x03, 0xC3, 0xFE, 0x01, 0xE1, 0xFE, 0x00, 0xF0, 0xE0, 0x00, 0x78,
    0x00, 0x00, 0x3C, 0x00, 0xC0, 0x1E, 0x03, 0xE0, 0x0F, 0x01, 0xF8, 0x07, 0x80, 0x7C, 0x03, 0xC0,
    0x3F, 0x01, 0xE0, 0x0F, 0xC0, 0xF0, 0x03, 0xE0, 0x78, 0x01, 0xF8, 0x3C, 0x00, 0x7C, 0x1E, 0x00,
    0x1F, 0x0F, 0x00, 0x0F, 0x87, 0x80, 0x03, 0xE3, 0xC0, 0x00, 0xF1, 0xE0, 0x00, 0x7C, 0xF0, 0x00,
    0x1E, 0xF8, 0x00, 0x0F, 0xFC, 0x00, 0x03, 0xFF, 0x00, 0x01, 0xFF, 0xC7, 0xFF, 0xFF, 0xF9, 0xFF,
    0xFF, 0xFC, 0xFF, 0xFE, 0x7E, 0x7F, 0xFE, 0x1F, 0x3F, 0xF8, 0x07, 0x00, 0x00, 0x00, 0x00, 0x00,
    0x07, 0x80, 0x00, 0x1E, 0x00, 0x00, 0x78, 0x00, 0x01, 0xE0, 0x10, 0x07, 0x87, 0xF0, 0x1E, 0x0F,
    0xE0, 0x78, 0x1F, 0xC1, 0xE0, 0x3F, 0x8F, 0x80, 0x7F, 0x3E, 0x00, 0xFE, 0xF0, 0x00, 0xFF, 0xC0,
    0x01, 0xFF, 0x00, 0x03, 0xF8, 0x00, 0x07, 0xE0, 0x00, 0x0F, 0xC0, 0x00, 0x7F, 0x80, 0x03, 0xFF,
    0x00, 0x1F, 0xFC, 0x00, 0xFC, 0xF8, 0x07, 0xE1, 0xE0, 0x7F, 0x07, 0x83, 0xF0, 0x1E, 0x1F, 0x81,
    0xF8, 0xFF, 0xFF, 0xE3, 0xFF, 0xFF, 0x0F, 0xFF, 0xFC, 0x7F, 0xFF, 0xE1, 0xFF, 0xFC, 0x00, 0x00,
    0x00, 0x03, 0xC0, 0x00, 0x1F, 0x80, 0x00, 0xFE, 0x00, 0x03, 0x90, 0x00, 0x0E, 0x00, 0x00, 0x1F,
    0xC0, 0x01, 0xFF, 0x00, 0x07, 0xFC, 0x00, 0x1E, 0x00, 0x00, 0x00, 0x00, 0x00, 0x00, 0x00, 0x3C,
    0x00, 0x00, 0x1E, 0x00, 0x00, 0x0F, 0x00, 0x00, 0x07, 0x80, 0x00, 0x03, 0xC0, 0x00, 0x01, 0xE0,
    0x1C, 0x00, 0xF0, 0x3F, 0x00, 0x78, 0x1F, 0x80, 0x3C, 0x07, 0xE0, 0x1E, 0x01, 0xF8, 0x0F, 0x00,
    0xFC, 0x07, 0x80, 0x3F, 0x03, 0xC0, 0x0F, 0x81, 0xE0, 0x07, 0xE0, 0xF0, 0x01, 0xF8, 0x78, 0x00,
    0x7C, 0x3C, 0x00, 0x3F, 0x1E, 0x00, 0x0F, 0x8F, 0x00, 0x03, 0xEF, 0x80, 0x01, 0xF7, 0xC0, 0x00,
    0x7F, 0xE0, 0x00, 0x1F, 0xF8, 0x00, 0x1F, 0xFE, 0x3F, 0xFF, 0xFF, 0x9F, 0xFF, 0xFF, 0xEF, 0xFF,
    0xF3, 0xF7, 0xFF, 0xE1, 0xFB, 0xFF, 0xC0, 0x38, 0x00, 0x00, 0x00, 0x1E, 0x00, 0x00, 0x1F, 0x80,
    0x00, 0x1F, 0xC0, 0x00, 0x0E, 0x40, 0x00, 0x07, 0x00, 0x00, 0x01, 0xFC, 0x00, 0x03, 0xFE, 0x00,
    0x01, 0xFF, 0x00, 0x00, 0xF0, 0x00, 0x00, 0x00, 0x00, 0x00, 0x00, 0x1E, 0x00, 0x00, 0xF0, 0x00,
    0x07, 0x80, 0x00, 0x3C, 0x06, 0x01, 0xE3, 0xF8, 0x0F, 0x0F, 0xE0, 0x78, 0x3F, 0x83, 0xC0, 0x7E,
    0x1E, 0x01, 0xF8, 0xF0, 0x07, 0xEF, 0x80, 0x1F, 0xF8, 0x00, 0x7F, 0xC0, 0x01, 0xFE, 0x00, 0x07,
    0xE0, 0x00, 0x1F, 0x80, 0x01, 0xFE, 0x00, 0x1F, 0xF8, 0x01, 0xFF, 0xC0, 0x1F, 0x9F, 0x01, 0xF8,
    0x78, 0x1F, 0x83, 0xC1, 0xF8, 0x1E, 0x3F, 0x83, 0xF3, 0xFF, 0xFF, 0x9F, 0xFF, 0xFC, 0xFF, 0xFF,
    0xC7, 0xFF, 0xFC, 0x3F, 0xFF, 0x80, 0x00, 0x00, 0x00, 0x00, 0x00, 0xF0, 0x00, 0x00, 0xF0, 0x00,
    0x00, 0xF0, 0x00, 0x00, 0xF0, 0x00, 0x00, 0xF0, 0x00, 0x00, 0xF0, 0x0E, 0x00, 0xF0, 0x7E, 0x00,
    0xF0, 0x3F, 0x00, 0xF0, 0x3F, 0x00, 0xF0, 0x1F, 0x80, 0xF0, 0x0F, 0x80, 0xF0, 0x0F, 0xC0, 0xF0,
    0x07, 0xE0, 0xF0, 0x03, 0xE0, 0xF0, 0x03, 0xF0, 0xF0, 0x01, 0xF0, 0xF0, 0x00, 0xF8, 0xF0, 0x00,
    0xF8, 0xF0, 0x00, 0x7C, 0xF0, 0x00, 0x3D, 0xF0, 0x00, 0x3F, 0xF0, 0x00, 0x1F, 0xF8, 0x00, 0x1F,
    0xFC, 0xFF, 0xFF, 0xFF, 0xFF, 0xFF, 0xFF, 0xFF, 0xFF, 0x3F, 0xFF, 0xFE, 0x1F, 0x7F, 0xF0, 0x0E,
};

static const EpdGlyph firago_18_semiboldGlyphs[] = {
    { 0, 0, 146, 0, 0, 0, 0 }, // U+0020
    { 6, 28, 145, 1, 27, 21, 0 }, // !
    { 11, 11, 258, 2, 27, 16, 21 }, // "
    { 19, 26, 328, 1, 26, 62, 37 }, // #
    { 20, 38, 327, 0, 32, 95, 99 }, // $
    { 29, 31, 511, 1, 29, 113, 194 }, // %
    { 25, 29, 452, 2, 28, 91, 307 }, // &
    { 4, 11, 140, 2, 27, 6, 398 }, // '
    { 11, 39, 194, 1, 33, 54, 404 }, // (
    { 12, 39, 194, 0, 33, 59, 458 }, // )
    { 17, 16, 268, 0, 29, 34, 517 }, // *
    { 16, 16, 314, 2, 20, 32, 551 }, // +
    { 7, 13, 144, 0, 6, 12, 583 }, // ,
    { 12, 5, 244, 2, 15, 8, 595 }, // -
    { 6, 8, 144, 1, 7, 6, 603 }, // .
    { 14, 37, 312, 3, 32, 65, 609 }, // /
    { 19, 28, 347, 2, 27, 67, 674 }, // 0
    { 14, 26, 274, 1, 26, 46, 741 }, // 1
    { 19, 27, 307, 0, 27, 65, 787 }, // 2
    { 18, 28, 309, 0, 27, 63, 852 }, // 3
    { 19, 27, 334, 1, 27, 65, 915 }, // 4
    { 18, 28, 316, 0, 27, 63, 980 }, // 5
    { 19, 28, 334, 2, 27, 67, 1043 }, // 6
    { 16, 28, 277, 1, 27, 56, 1110 }, // 7
    { 19, 28, 344, 1, 27, 67, 1166 }, // 8
    { 18, 29, 331, 1, 27, 66, 1233 }, // 9
    { 6, 21, 144, 1, 20, 16, 1299 }, // :
    { 7, 26, 144, 0, 19, 23, 1315 }, // ;
    { 17, 19, 308, 1, 22, 41, 1338 }, // <
    { 15, 13, 308, 2, 20, 25, 1379 }, // =
    { 17, 19, 308, 1, 22, 41, 1404 }, // >
    { 18, 29, 286, 0, 28, 66, 1445 }, // ?
    { 34, 36, 612, 2, 28, 153, 1511 }, // @
    { 24, 27, 352, -1, 27, 81, 1664 }, // A
    { 19, 27, 369, 3, 27, 65, 1745 }, // B
    { 20, 29, 343, 1, 28, 73, 1810 }, // C
    { 20, 27, 390, 3, 27, 68, 1883 }, // D
    { 16, 27, 317, 3, 27, 54, 1951 }, // E
    { 16, 27, 293, 3, 27, 54, 2005 }, // F
    { 21, 29, 385, 1, 28, 77, 2059 }, // G
    { 20, 27, 401, 3, 27, 68, 2136 }, // H
    { 6, 27, 176, 3, 27, 21, 2204 }, // I
    { 10, 33, 188, 0, 27, 42, 2225 }, // J
    { 21, 27, 373, 3, 27, 71, 2267 }, // K
    { 16, 27, 305, 3, 27, 54, 2338 }, // L
    { 27, 27, 470, 1, 27, 92, 2392 }, // M
    { 20, 27, 401, 3, 27, 68, 2484 }, // N
    { 23, 29, 415, 1, 28, 84, 2552 }, // O
    { 19, 27, 359, 3, 27, 65, 2636 }, // P
    { 25, 34, 415, 1, 28, 107, 2701 }, // Q
    { 21, 27, 368, 3, 27, 71, 2808 }, // R
    { 21, 29, 339, 0, 28, 77, 2879 }, // S
    { 20, 27, 320, 1, 27, 68, 2956 }, // T
    { 20, 28, 392, 2, 27, 70, 3024 }, // U
    { 23, 27, 340, -1, 27, 78, 3094 }, // V
    { 32, 27, 505, 0, 27, 108, 3172 }, // W
    { 23, 27, 343, -1, 27, 78, 3280 }, // X
    { 23, 27, 350, -1, 27, 78, 3358 }, // Y
    { 19, 27, 323, 1, 27, 65, 3436 }, // Z
    { 10, 37, 194, 2, 32, 47, 3501 }, // [
    { 14, 37, 312, 3, 32, 65, 3548 }, // <backslash>
    { 11, 37, 194, 1, 32, 51, 3613 }, // ]
    { 20, 12, 332, 0, 32, 30, 3664 }, // ^
    { 19, 5, 312, 1, -1, 12, 3694 }, // _
    { 11, 8, 198, 1, 32, 11, 3706 }, // `
    { 19, 22, 328, 1, 21, 53, 3717 }, // a
    { 18, 30, 354, 3, 29, 68, 3770 }, // b
    { 17, 22, 287, 1, 21, 47, 3838 }, // c
    { 19, 30, 356, 1, 29, 72, 3885 }, // d
    { 18, 22, 331, 1, 21, 50, 3957 }, // e
    { 16, 30, 211, 1, 30, 60, 4007 }, // f
    { 21, 31, 326, 1, 23, 82, 4067 }, // g
    { 17, 29, 345, 3, 29, 62, 4149 }, // h
    { 6, 31, 167, 2, 31, 24, 4211 }, // i
    { 10, 39, 167, -2, 30, 49, 4235 }, // j
    { 19, 29, 325, 3, 29, 69, 4284 }, // k
    { 9, 30, 179, 2, 29, 34, 4353 }, // l
    { 27, 21, 506, 3, 21, 71, 4387 }, // m
    { 17, 21, 345, 3, 21, 45, 4458 }, // n
    { 19, 22, 350, 1, 21, 53, 4503 }, // o
    { 18, 30, 354, 3, 21, 68, 4556 }, // p
    { 19, 30, 356, 1, 21, 72, 4624 }, // q
    { 13, 21, 238, 3, 21, 35, 4696 }, // r
    { 17, 22, 286, 0, 21, 47, 4731 }, // s
    { 15, 27, 228, 1, 26, 51, 4778 }, // t
    { 17, 21, 342, 2, 20, 45, 4829 }, // u
    { 21, 20, 305, -1, 20, 53, 4874 }, // v
    { 28, 20, 445, 0, 20, 70, 4927 }, // w
    { 21, 20, 303, -1, 20, 53, 4997 }, // x
    { 21, 28, 307, -1, 20, 74, 5050 }, // y
    { 17, 20, 269, 1, 20, 43, 5124 }, // z
    { 11, 38, 194, 0, 33, 53, 5167 }, // {
    { 5, 35, 230, 5, 31, 22, 5220 }, // |
    { 11, 38, 194, 1, 33, 53, 5242 }, // }
    { 19, 7, 305, 0, 16, 17, 5295 }, // ~
    { 0, 0, 146, 0, 0, 0, 5312 }, // U+00A0
    { 6, 28, 145, 1, 20, 21, 5312 }, // U+00A1
    { 21, 22, 369, 2, 22, 58, 5333 }, // U+00AB
    { 13, 13, 313, 2, 27, 22, 5391 }, // U+00B0
    { 6, 7, 144, 1, 16, 6, 5413 }, // U+00B7
    { 16, 25, 300, 2, 25, 50, 5419 }, // U+00BA
    { 21, 22, 367, 1, 22, 58, 5469 }, // U+00BB
    { 17, 28, 286, 1, 20, 60, 5527 }, // U+00BF
    { 24, 37, 352, -1, 37, 111, 5587 }, // U+00C0
    { 24, 37, 352, -1, 37, 111, 5698 }, // U+00C1
    { 24, 36, 352, -1, 36, 108, 5809 }, // U+00C2
    { 24, 35, 352, -1, 35, 105, 5917 }, // U+00C4
    { 24, 38, 352, -1, 38, 114, 6022 }, // U+00C5
    { 31, 27, 503, -1, 27, 105, 6136 }, // U+00C6
    { 20, 37, 343, 1, 28, 93, 6241 }, // U+00C7
    { 16, 37, 317, 3, 37, 74, 6334 }, // U+00C9
    { 16, 36, 317, 3, 36, 72, 6408 }, // U+00CA
    { 11, 37, 176, 0, 37, 51, 6480 }, // U+00CD
    { 15, 36, 176, -2, 36, 68, 6531 }, // U+00CE
    { 23, 38, 415, 1, 37, 110, 6599 }, // U+00D2
    { 23, 38, 415, 1, 37, 110, 6709 }, // U+00D3
    { 23, 37, 415, 1, 36, 107, 6819 }, // U+00D6
    { 23, 38, 415, 1, 33, 110, 6926 }, // U+00D8
    { 20, 38, 392, 2, 37, 95, 7036 }, // U+00D9
    { 20, 38, 392, 2, 37, 95, 7131 }, // U+00DA
    { 20, 37, 392, 2, 36, 93, 7226 }, // U+00DC
    { 23, 37, 350, -1, 37, 107, 7319 }, // U+00DD
    { 19, 31, 361, 3, 30, 74, 7426 }, // U+00DF
    { 19, 33, 328, 1, 32, 79, 7500 }, // U+00E0
    { 19, 33, 328, 1, 32, 79, 7579 }, // U+00E1
    { 19, 33, 328, 1, 32, 79, 7658 }, // U+00E2
    { 19, 31, 328, 1, 30, 74, 7737 }, // U+00E3
    { 19, 32, 328, 1, 31, 76, 7811 }, // U+00E4
    { 19, 34, 328, 1, 33, 81, 7887 }, // U+00E5
    { 30, 22, 513, 1, 21, 83, 7968 }, // U+00E6
    { 16, 31, 287, 1, 21, 62, 8051 }, // U+00E7
    { 18, 33, 331, 1, 32, 75, 8113 }, // U+00E8
    { 18, 33, 331, 1, 32, 75, 8188 }, // U+00E9
    { 18, 33, 331, 1, 32, 75, 8263 }, // U+00EA
    { 18, 32, 331, 1, 31, 72, 8338 }, // U+00EB
    { 11, 32, 167, 1, 32, 44, 8410 }, // U+00EC
    { 11, 32, 167, 0, 32, 44, 8454 }, // U+00ED
    { 15, 32, 167, -2, 32, 60, 8498 }, // U+00EE
    { 14, 31, 167, -2, 31, 55, 8558 }, // U+00EF
    { 17, 31, 345, 3, 31, 66, 8613 }, // U+00F1
    { 19, 33, 350, 1, 32, 79, 8679 }, // U+00F2
    { 19, 33, 350, 1, 32, 79, 8758 }, // U+00F3
    { 19, 33, 350, 1, 32, 79, 8837 }, // U+00F4
    { 19, 31, 350, 1, 30, 74, 8916 }, // U+00F5
    { 19, 32, 350, 1, 31, 76, 8990 }, // U+00F6
    { 19, 32, 350, 1, 26, 76, 9066 }, // U+00F8
    { 17, 33, 342, 2, 32, 71, 9142 }, // U+00F9
    { 17, 33, 342, 2, 32, 71, 9213 }, // U+00FA
    { 17, 32, 342, 2, 31, 68, 9284 }, // U+00FC
    { 21, 40, 307, -1, 32, 105, 9352 }, // U+00FD
    { 19, 32, 328, 1, 31, 76, 9457 }, // U+0103
    { 19, 31, 328, 1, 21, 74, 9533 }, // U+0105
    { 17, 33, 287, 1, 32, 71, 9607 }, // U+0107
    { 20, 38, 343, 1, 37, 95, 9678 }, // U+010C
    { 17, 33, 287, 1, 32, 71, 9773 }, // U+010D
    { 20, 37, 390, 3, 37, 93, 9844 }, // U+010E
    { 26, 30, 399, 1, 29, 98, 9937 }, // U+010F
    { 23, 27, 398, 1, 27, 78, 10035 }, // U+0110
    { 21, 31, 364, 1, 30, 82, 10113 }, // U+0111
    { 16, 36, 317, 3, 36, 72, 10195 }, // U+0116
    { 18, 32, 331, 1, 31, 72, 10267 }, // U+0117
    { 16, 38, 317, 3, 27, 76, 10339 }, // U+0118
    { 18, 32, 331, 1, 21, 72, 10415 }, // U+0119
    { 16, 37, 317, 3, 37, 74, 10487 }, // U+011A
    { 18, 33, 331, 1, 32, 75, 10561 }, // U+011B
    { 21, 37, 385, 1, 36, 98, 10636 }, // U+011E
    { 21, 40, 326, 1, 32, 105, 10734 }, // U+011F
    { 15, 31, 167, -2, 31, 59, 10839 }, // U+0129
    { 9, 38, 176, -1, 27, 43, 10898 }, // U+012E
    { 9, 42, 167, -1, 31, 48, 10941 }, // U+012F
    { 6, 36, 176, 2, 36, 27, 10989 }, // U+0130
    { 6, 20, 167, 3, 20, 15, 11016 }, // U+0131
    { 12, 40, 179, -1, 39, 60, 11031 }, // U+013A
    { 16, 28, 305, 3, 28, 56, 11091 }, // U+013D
    { 13, 30, 211, 2, 29, 49, 11147 }, // U+013E
    { 20, 27, 326, 0, 27, 68, 11196 }, // U+0141
    { 15, 30, 208, -1, 29, 57, 11264 }, // U+0142
    { 17, 32, 345, 3, 32, 68, 11321 }, // U+0144
    { 17, 31, 345, 3, 31, 66, 11389 }, // U+0148
    { 19, 33, 350, 1, 32, 79, 11455 }, // U+0151
    { 13, 32, 238, 3, 32, 52, 11534 }, // U+0155
    { 21, 37, 368, 3, 37, 98, 11586 }, // U+0158
    { 15, 31, 238, 2, 31, 59, 11684 }, // U+0159
    { 21, 38, 339, 0, 37, 100, 11743 }, // U+015A
    { 17, 33, 286, 0, 32, 71, 11843 }, // U+015B
    { 21, 37, 339, 0, 28, 98, 11914 }, // U+015E
    { 17, 31, 286, 0, 21, 66, 12012 }, // U+015F
    { 21, 38, 339, 0, 37, 100, 12078 }, // U+0160
    { 17, 33, 286, 0, 32, 71, 12178 }, // U+0161
    { 15, 36, 228, 1, 26, 68, 12249 }, // U+0163
    { 20, 37, 320, 1, 37, 93, 12317 }, // U+0164
    { 15, 31, 228, 1, 30, 59, 12410 }, // U+0165
    { 17, 31, 342, 2, 30, 66, 12469 }, // U+016B
    { 20, 39, 392, 2, 38, 98, 12535 }, // U+016E
    { 17, 34, 342, 2, 33, 73, 12633 }, // U+016F
    { 20, 38, 392, 2, 37, 95, 12706 }, // U+0170
    { 18, 33, 342, 2, 32, 75, 12801 }, // U+0171
    { 20, 38, 392, 2, 27, 95, 12876 }, // U+0172
    { 17, 29, 342, 2, 20, 62, 12971 }, // U+0173
    { 17, 32, 269, 1, 32, 68, 13033 }, // U+017A
    { 17, 31, 269, 1, 31, 66, 13101 }, // U+017C
    { 19, 37, 323, 1, 37, 88, 13167 }, // U+017D
    { 17, 31, 269, 1, 31, 66, 13255 }, // U+017E
    { 22, 24, 371, 1, 23, 66, 13321 }, // U+01A1
    { 22, 25, 380, 2, 24, 69, 13387 }, // U+01B0
    { 21, 40, 339, 0, 28, 105, 13456 }, // U+0218
    { 17, 33, 286, 0, 21, 71, 13561 }, // U+0219
    { 20, 39, 320, 1, 27, 98, 13632 }, // U+021A
    { 15, 38, 228, 1, 26, 72, 13730 }, // U+021B
    { 20, 29, 343, 1, 28, 73, 13802 }, // U+0404
    { 6, 27, 176, 3, 27, 21, 13875 }, // U+0406
    { 24, 27, 352, -1, 27, 81, 13896 }, // U+0410
    { 19, 27, 355, 3, 27, 65, 13977 }, // U+0411
    { 19, 27, 369, 3, 27, 65, 14042 }, // U+0412
    { 17, 27, 305, 3, 27, 58, 14107 }, // U+0413
    { 23, 34, 376, 0, 27, 98, 14165 }, // U+0414
    { 16, 27, 317, 3, 27, 54, 14263 }, // U+0415
    { 35, 27, 531, -1, 27, 119, 14317 }, // U+0416
    { 20, 29, 322, -1, 28, 73, 14436 }, // U+0417
    { 20, 27, 401, 3, 27, 68, 14509 }, // U+0418
    { 20, 36, 401, 3, 36, 90, 14577 }, // U+0419
    { 21, 27, 369, 3, 27, 71, 14667 }, // U+041A
    { 23, 28, 394, -1, 27, 81, 14738 }, // U+041B
    { 27, 27, 470, 1, 27, 92, 14819 }, // U+041C
    { 20, 27, 401, 3, 27, 68, 14911 }, // U+041D
    { 23, 29, 415, 1, 28, 84, 14979 }, // U+041E
    { 20, 27, 400, 3, 27, 68, 15063 }, // U+041F
    { 19, 27, 359, 3, 27, 65, 15131 }, // U+0420
    { 20, 29, 343, 1, 28, 73, 15196 }, // U+0421
    { 20, 27, 320, 1, 27, 68, 15269 }, // U+0422
    { 23, 28, 341, -1, 27, 81, 15337 }, // U+0423
    { 30, 30, 507, 1, 29, 113, 15418 }, // U+0424
    { 23, 27, 343, -1, 27, 78, 15531 }, // U+0425
    { 22, 34, 409, 3, 27, 94, 15609 }, // U+0426
    { 20, 27, 370, 1, 27, 68, 15703 }, // U+0427
    { 29, 27, 548, 3, 27, 98, 15771 }, // U+0428
    { 32, 34, 561, 3, 27, 136, 15869 }, // U+0429
    { 26, 27, 506, 3, 27, 88, 16005 }, // U+042B
    { 19, 27, 353, 3, 27, 65, 16093 }, // U+042C
    { 19, 29, 324, 0, 28, 69, 16158 }, // U+042D
    { 20, 27, 364, 0, 27, 68, 16227 }, // U+042F
    { 19, 22, 328, 1, 21, 53, 16295 }, // U+0430
    { 19, 31, 347, 2, 30, 74, 16348 }, // U+0431
    { 17, 21, 334, 3, 21, 45, 16422 }, // U+0432
    { 14, 20, 259, 3, 20, 35, 16467 }, // U+0433
    { 20, 26, 334, 0, 20, 65, 16502 }, // U+0434
    { 18, 22, 331, 1, 21, 50, 16567 }, // U+0435
    { 29, 20, 452, 0, 20, 73, 16617 }, // U+0436
    { 18, 22, 296, 0, 21, 50, 16690 }, // U+0437
    { 17, 20, 354, 3, 20, 43, 16740 }, // U+0438
    { 17, 31, 354, 3, 31, 66, 16783 }, // U+0439
    { 18, 20, 325, 3, 20, 45, 16849 }, // U+043A
    { 19, 21, 342, 1, 20, 50, 16894 }, // U+043B
    { 24, 20, 403, 1, 20, 60, 16944 }, // U+043C
    { 17, 20, 351, 3, 20, 43, 17004 }, // U+043D
    { 19, 22, 350, 1, 21, 53, 17047 }, // U+043E
    { 17, 20, 349, 3, 20, 43, 17100 }, // U+043F
    { 18, 30, 354, 3, 21, 68, 17143 }, // U+0440
    { 17, 22, 287, 1, 21, 47, 17211 }, // U+0441
    { 18, 20, 280, 1, 20, 45, 17258 }, // U+0442
    { 21, 28, 307, -1, 20, 74, 17303 }, // U+0443
    { 28, 38, 494, 1, 29, 133, 17377 }, // U+0444
    { 21, 20, 303, -1, 20, 53, 17510 }, // U+0445
    { 20, 26, 355, 3, 20, 65, 17563 }, // U+0446
    { 17, 20, 329, 1, 20, 43, 17628 }, // U+0447
    { 25, 20, 469, 3, 20, 63, 17671 }, // U+0448
    { 28, 26, 479, 3, 20, 91, 17734 }, // U+0449
    { 22, 20, 367, 1, 20, 55, 17825 }, // U+044A
    { 23, 20, 451, 3, 20, 58, 17880 }, // U+044B
    { 16, 20, 311, 3, 20, 40, 17938 }, // U+044C
    { 17, 22, 291, 0, 21, 47, 17978 }, // U+044D
    { 26, 22, 480, 3, 21, 72, 18025 }, // U+044E
    { 19, 20, 332, 0, 20, 48, 18097 }, // U+044F
    { 18, 32, 331, 1, 31, 72, 18145 }, // U+0451
    { 17, 22, 291, 1, 21, 47, 18217 }, // U+0454
    { 6, 31, 167, 2, 31, 24, 18264 }, // U+0456
    { 14, 31, 167, -2, 31, 55, 18288 }, // U+0457
    { 21, 40, 307, -1, 32, 105, 18343 }, // U+045E
    { 14, 26, 259, 3, 26, 46, 18448 }, // U+0491
    { 20, 27, 311, 0, 27, 68, 18494 }, // U+0492
    { 17, 20, 265, 1, 20, 43, 18562 }, // U+0493
    { 21, 33, 369, 3, 27, 87, 18605 }, // U+049A
    { 18, 26, 330, 3, 20, 59, 18692 }, // U+049B
    { 23, 33, 415, 3, 27, 95, 18751 }, // U+04A2
    { 20, 26, 361, 3, 20, 65, 18846 }, // U+04A3
    { 23, 27, 350, -1, 27, 78, 18911 }, // U+04AE
    { 21, 29, 305, -1, 20, 77, 18989 }, // U+04AF
    { 24, 27, 350, -1, 27, 81, 19066 }, // U+04B0
    { 21, 29, 305, -1, 20, 77, 19147 }, // U+04B1
    { 22, 29, 385, 1, 28, 80, 19224 }, // U+04D8
    { 19, 22, 334, 1, 21, 53, 19304 }, // U+04D9
    { 23, 29, 415, 1, 28, 84, 19357 }, // U+04E8
    { 19, 22, 350, 1, 21, 53, 19441 }, // U+04E9
    { 6, 6, 0, 1, -2, 5, 19494 }, // U+0591
    { 7, 7, 0, 2, 30, 7, 19499 }, // U+0592
    { 5, 6, 0, 2, 30, 4, 19506 }, // U+0593
    { 3, 7, 0, 2, 30, 3, 19510 }, // U+0594
    { 6, 6, 0, 1, 30, 5, 19513 }, // U+0595
    { 5, 7, 0, 2, -2, 5, 19518 }, // U+0596
    { 5, 6, 0, 2, 29, 4, 19523 }, // U+0597
    { 8, 6, 0, 2, 29, 6, 19527 }, // U+0598
    { 5, 6, 0, 1, 29, 4, 19533 }, // U+0599
    { 5, 7, 0, 2, -2, 5, 19537 }, // U+059A
    { 5, 7, 0, 2, -2, 5, 19542 }, // U+059B
    { 5, 6, 0, 2, 29, 4, 19547 }, // U+059C
    { 5, 6, 0, 2, 29, 4, 19551 }, // U+059D
    { 10, 6, 0, 2, 29, 8, 19555 }, // U+059E
    { 10, 7, 0, 2, 30, 9, 19563 }, // U+059F
    { 6, 7, 0, 2, 30, 6, 19572 }, // U+05A0
    { 4, 5, 0, 2, 29, 3, 19578 }, // U+05A1
    { 6, 6, 0, 1, -2, 5, 19581 }, // U+05A2
    { 4, 7, 0, 2, -2, 4, 19586 }, // U+05A3
    { 5, 7, 0, 2, -2, 5, 19590 }, // U+05A4
    { 5, 7, 0, 2, -2, 5, 19595 }, // U+05A5
    { 10, 7, 0, 2, -2, 9, 19600 }, // U+05A6
    { 6, 7, 0, 1, -2, 6, 19609 }, // U+05A7
    { 5, 6, 0, 1, 29, 4, 19615 }, // U+05A8
    { 6, 7, 0, 2, 30, 6, 19619 }, // U+05A9
    { 6, 6, 0, 2, -2, 5, 19625 }, // U+05AA
    { 5, 7, 0, 2, 30, 5, 19630 }, // U+05AB
    { 5, 7, 0, 1, 30, 5, 19635 }, // U+05AC
    { 5, 7, 0, 2, -2, 5, 19640 }, // U+05AD
    { 8, 6, 0, 2, 29, 6, 19645 }, // U+05AE
    { 6, 5, 0, 2, 29, 4, 19651 }, // U+05AF
    { 3, 7, 0, 2, -2, 3, 19655 }, // U+05B0
    { 11, 7, 0, 2, -2, 10, 19658 }, // U+05B1
    { 12, 7, 0, 2, -2, 11, 19668 }, // U+05B2
    { 12, 7, 0, 2, -2, 11, 19679 }, // U+05B3
    { 3, 3, 0, 2, -2, 2, 19690 }, // U+05B4
    { 7, 3, 0, 2, -2, 3, 19692 }, // U+05B5
    { 7, 7, 0, 2, -2, 7, 19695 }, // U+05B6
    { 8, 3, 0, 2, -2, 3, 19702 }, // U+05B7
    { 8, 7, 0, 2, -2, 7, 19705 }, // U+05B8
    { 3, 3, 0, 2, 26, 2, 19712 }, // U+05B9
    { 3, 3, 0, 2, 26, 2, 19714 }, // U+05BA
    { 9, 6, 0, 2, -3, 7, 19716 }, // U+05BB
    { 3, 3, 0, 2, 13, 2, 19723 }, // U+05BC
    { 2, 6, 0, 2, -3, 2, 19725 }, // U+05BD
    { 10, 5, 213, 2, 22, 7, 19727 }, // U+05BE
    { 9, 3, 0, 2, 27, 4, 19734 }, // U+05BF
    { 5, 16, 188, 4, 19, 10, 19738 }, // U+05C0
    { 3, 3, 0, 2, 26, 2, 19748 }, // U+05C1
    { 3, 3, 0, 2, 26, 2, 19750 }, // U+05C2
    { 6, 20, 144, 1, 19, 15, 19752 }, // U+05C3
    { 3, 3, 0, 2, 26, 2, 19767 }, // U+05C4
    { 3, 3, 0, 2, -2, 2, 19769 }, // U+05C5
    { 12, 21, 234, 3, 21, 32, 19771 }, // U+05C6
    { 8, 7, 0, 2, -2, 7, 19803 }, // U+05C7
    { 22, 21, 352, 0, 21, 58, 19810 }, // U+05D0
    { 19, 21, 310, 0, 21, 50, 19868 }, // U+05D1
    { 15, 22, 242, 0, 21, 42, 19918 }, // U+05D2
    { 17, 21, 296, 1, 21, 45, 19960 }, // U+05D3
    { 18, 21, 371, 2, 21, 48, 20005 }, // U+05D4
    { 10, 21, 206, 0, 21, 27, 20053 }, // U+05D5
    { 13, 21, 220, 0, 21, 35, 20080 }, // U+05D6
    { 19, 21, 374, 2, 21, 50, 20115 }, // U+05D7
    { 21, 21, 373, 1, 21, 56, 20165 }, // U+05D8
    { 10, 14, 184, 0, 21, 18, 20221 }, // U+05D9
    { 17, 30, 312, 0, 21, 64, 20239 }, // U+05DA
    { 17, 21, 307, 1, 21, 45, 20303 }, // U+05DB
    { 17, 29, 304, 1, 28, 62, 20348 }, // U+05DC
    { 20, 21, 377, 2, 21, 53, 20410 }, // U+05DD
    { 22, 22, 382, 1, 22, 61, 20463 }, // U+05DE
    { 6, 30, 188, 3, 21, 23, 20524 }, // U+05DF
    { 12, 21, 234, 1, 21, 32, 20547 }, // U+05E0
    { 21, 22, 385, 2, 21, 58, 20579 }, // U+05E1
    { 21, 24, 336, -1, 21, 63, 20637 }, // U+05E2
    { 20, 32, 375, 1, 23, 80, 20700 }, // U+05E3
    { 20, 22, 358, 1, 22, 55, 20780 }, // U+05E4
    { 19, 30, 313, 0, 21, 72, 20835 }, // U+05E5
    { 20, 21, 335, 0, 21, 53, 20907 }, // U+05E6
    { 20, 30, 373, 2, 21, 75, 20960 }, // U+05E7
    { 17, 21, 314, 0, 21, 45, 21035 }, // U+05E8
    { 25, 21, 452, 1, 21, 66, 21080 }, // U+05E9
    { 22, 22, 386, 0, 21, 61, 21146 }, // U+05EA
    { 21, 21, 382, 0, 21, 56, 21207 }, // U+05F0
    { 20, 21, 367, 0, 21, 53, 21263 }, // U+05F1
    { 20, 14, 346, 0, 21, 35, 21316 }, // U+05F2
    { 6, 10, 143, 1, 22, 8, 21351 }, // U+05F3
    { 13, 10, 262, 1, 22, 17, 21359 }, // U+05F4
    { 30, 17, 605, 4, 17, 64, 21376 }, // U+0600
    { 23, 27, 533, 4, 26, 78, 21440 }, // U+0609
    { 24, 27, 676, 4, 26, 81, 21518 }, // U+060A
    { 18, 39, 301, -1, 29, 88, 21599 }, // U+060B
    { 7, 12, 183, 2, 11, 11, 21687 }, // U+060C
    { 11, 17, 204, 0, 13, 24, 21698 }, // U+060D
    { 10, 8, 0, 2, 31, 10, 21722 }, // U+0615
    { 7, 21, 183, 2, 20, 19, 21732 }, // U+061B
    { 11, 9, 360, 6, 32, 13, 21751 }, // U+061E
    { 17, 27, 286, 1, 26, 58, 21764 }, // U+061F
    { 27, 30, 482, 1, 21, 102, 21822 }, // U+0620
    { 16, 15, 281, 0, 15, 30, 21924 }, // U+0621
    { 10, 30, 140, -1, 30, 38, 21954 }, // U+0622
    { 9, 34, 140, 0, 34, 39, 21992 }, // U+0623
    { 17, 37, 312, 1, 26, 79, 22031 }, // U+0624
    { 9, 40, 140, 0, 30, 45, 22110 }, // U+0625
    { 28, 28, 482, 0, 24, 98, 22155 }, // U+0626
    { 5, 30, 140, 2, 30, 19, 22253 }, // U+0627
    { 30, 25, 534, 1, 16, 94, 22272 }, // U+0628
    { 17, 30, 301, 1, 29, 64, 22366 }, // U+0629
    { 30, 21, 534, 1, 20, 79, 22430 }, // U+062A
    { 30, 24, 534, 1, 23, 90, 22509 }, // U+062B
    { 25, 33, 378, 1, 19, 104, 22599 }, // U+062C
    { 25, 33, 378, 1, 19, 104, 22703 }, // U+062D
    { 25, 40, 378, 1, 26, 125, 22807 }, // U+062E
    { 17, 21, 287, 0, 20, 45, 22932 }, // U+062F
    { 17, 28, 287, 0, 27, 60, 22977 }, // U+0630
    { 15, 25, 224, -2, 15, 47, 23037 }, // U+0631
    { 15, 33, 224, -2, 23, 62, 23084 }, // U+0632
    { 43, 26, 744, 1, 16, 140, 23146 }, // U+0633
    { 43, 35, 744, 1, 25, 189, 23286 }, // U+0634
    { 48, 28, 797, 1, 18, 168, 23475 }, // U+0635
    { 48, 35, 797, 1, 25, 210, 23643 }, // U+0636
    { 28, 30, 484, 1, 30, 105, 23853 }, // U+0637
    { 28, 30, 484, 1, 30, 105, 23958 }, // U+0638
    { 22, 33, 358, 1, 19, 91, 24063 }, // U+0639
    { 21, 40, 358, 1, 26, 105, 24154 }, // U+063A
    { 32, 33, 553, 1, 32, 132, 24259 }, // U+063B
    { 32, 42, 553, 1, 29, 168, 24391 }, // U+063C
    { 7, 6, 77, -1, 6, 6, 24559 }, // U+0640
    { 31, 31, 540, 1, 30, 121, 24565 }, // U+0641
    { 26, 34, 464, 1, 24, 111, 24686 }, // U+0642
    { 28, 30, 493, 1, 29, 105, 24797 }, // U+0643
    { 23, 38, 415, 1, 30, 110, 24902 }, // U+0644
    { 22, 31, 410, 1, 17, 86, 25012 }, // U+0645
    { 23, 28, 415, 1, 18, 81, 25098 }, // U+0646
    { 17, 22, 301, 1, 21, 47, 25179 }, // U+0647
    { 17, 26, 312, 1, 15, 56, 25226 }, // U+0648
    { 27, 26, 482, 1, 22, 88, 25282 }, // U+0649
    { 27, 33, 482, 1, 22, 112, 25370 }, // U+064A
    { 8, 9, 0, 4, 30, 9, 25482 }, // U+064B
    { 12, 10, 0, 1, 31, 15, 25491 }, // U+064C
    { 8, 8, 0, 1, -2, 8, 25506 }, // U+064D
    { 8, 5, 0, 4, 26, 5, 25514 }, // U+064E
    { 8, 11, 0, 0, 31, 11, 25519 }, // U+064F
    { 8, 5, 0, 1, -2, 5, 25530 }, // U+0650
    { 10, 7, 0, 1, 30, 9, 25535 }, // U+0651
    { 8, 8, 0, 1, 30, 8, 25544 }, // U+0652
    { 10, 5, 0, 3, 27, 7, 25552 }, // U+0653
    { 9, 9, 0, 3, 31, 11, 25559 }, // U+0654
    { 9, 9, 0, 3, -1, 11, 25570 }, // U+0655
    { 3, 8, 0, 1, -1, 3, 25581 }, // U+0656
    { 10, 5, 0, 0, 27, 7, 25584 }, // U+0658
    { 9, 7, 0, 3, 29, 8, 25591 }, // U+065A
    { 9, 7, 0, 3, 29, 8, 25599 }, // U+065B
    { 7, 11, 0, 1, 31, 10, 25607 }, // U+065D
    { 14, 9, 0, 1, 8, 16, 25617 }, // U+065F
    { 9, 8, 240, 3, 16, 9, 25633 }, // U+0660
    { 7, 24, 164, 2, 24, 21, 25642 }, // U+0661
    { 17, 25, 296, 2, 25, 54, 25663 }, // U+0662
    { 21, 24, 368, 2, 24, 63, 25717 }, // U+0663
    { 16, 26, 263, 2, 25, 52, 25780 }, // U+0664
    { 17, 20, 338, 2, 22, 43, 25832 }, // U+0665
    { 17, 26, 282, 0, 25, 56, 25875 }, // U+0666
    { 21, 25, 326, 0, 25, 66, 25931 }, // U+0667
    { 21, 25, 326, 0, 23, 66, 25997 }, // U+0668
    { 18, 27, 310, 1, 26, 61, 26063 }, // U+0669
    { 20, 27, 420, 3, 26, 68, 26124 }, // U+066A
    { 7, 11, 175, 1, 6, 10, 26192 }, // U+066B
    { 7, 11, 149, 1, 21, 10, 26202 }, // U+066C
    { 29, 26, 491, 1, 25, 95, 26212 }, // U+066D
    { 30, 17, 534, 1, 16, 64, 26307 }, // U+066E
    { 26, 25, 464, 1, 15, 82, 26371 }, // U+066F
    { 3, 8, 0, 1, 30, 3, 26453 }, // U+0670
    { 11, 34, 140, -1, 34, 47, 26456 }, // U+0671
    { 14, 35, 140, -3, 35, 62, 26503 }, // U+0672
    { 14, 40, 140, -5, 30, 70, 26565 }, // U+0673
    { 9, 9, 0, 3, 28, 11, 26635 }, // U+0674
    { 15, 30, 265, 2, 30, 57, 26646 }, // U+0675
    { 19, 39, 312, 1, 28, 93, 26703 }, // U+0676
    { 17, 47, 312, 1, 36, 100, 26796 }, // U+0677
    { 27, 36, 482, 1, 32, 122, 26896 }, // U+0678
    { 30, 23, 534, 1, 22, 87, 27018 }, // U+0679
    { 30, 25, 534, 1, 24, 94, 27105 }, // U+067A
    { 30, 30, 534, 1, 16, 113, 27199 }, // U+067B
    { 30, 25, 525, 1, 19, 94, 27312 }, // U+067C
    { 30, 24, 534, 1, 23, 90, 27406 }, // U+067D
    { 30, 29, 534, 1, 16, 109, 27496 }, // U+067E
    { 30, 24, 534, 1, 23, 90, 27605 }, // U+067F
    { 30, 29, 534, 1, 16, 109, 27695 }, // U+0680
    { 25, 42, 378, 1, 28, 132, 27804 }, // U+0681
    { 25, 46, 378, 1, 32, 144, 27936 }, // U+0682
    { 24, 33, 378, 1, 19, 99, 28080 }, // U+0683
    { 24, 33, 378, 1, 19, 99, 28179 }, // U+0684
    { 24, 44, 378, 1, 30, 132, 28278 }, // U+0685
    { 25, 33, 378, 1, 19, 104, 28410 }, // U+0686
    { 25, 33, 378, 1, 18, 104, 28514 }, // U+0687
    { 17, 31, 287, 0, 30, 66, 28618 }, // U+0688
    { 17, 26, 287, 0, 20, 56, 28684 }, // U+0689
    { 16, 30, 287, 1, 20, 60, 28740 }, // U+068A
    { 17, 40, 287, 0, 30, 85, 28800 }, // U+068B
    { 17, 29, 287, 0, 28, 62, 28885 }, // U+068C
    { 16, 29, 287, 1, 20, 58, 28947 }, // U+068D
    { 17, 32, 287, 0, 31, 68, 29005 }, // U+068E
    { 17, 32, 287, 0, 31, 68, 29073 }, // U+068F
    { 16, 32, 287, 1, 31, 64, 29141 }, // U+0690
    { 14, 35, 224, -2, 25, 62, 29205 }, // U+0691
    { 15, 33, 224, -2, 23, 62, 29267 }, // U+0692
    { 14, 26, 224, -2, 14, 46, 29329 }, // U+0693
    { 15, 30, 224, -2, 15, 57, 29375 }, // U+0694
    { 15, 29, 224, -2, 14, 55, 29432 }, // U+0695
    { 14, 38, 224, -2, 23, 67, 29487 }, // U+0696
    { 14, 34, 224, -2, 24, 60, 29554 }, // U+0697
    { 14, 36, 224, -2, 26, 63, 29614 }, // U+0698
    { 15, 36, 224, -2, 26, 68, 29677 }, // U+0699
    { 43, 31, 744, 1, 21, 167, 29745 }, // U+069A
    { 43, 28, 744, 1, 16, 151, 29912 }, // U+069B
    { 43, 37, 744, 1, 25, 199, 30063 }, // U+069C
    { 48, 36, 797, 1, 18, 216, 30262 }, // U+069D
    { 48, 39, 797, 1, 29, 234, 30478 }, // U+069E
    { 28, 29, 484, 1, 29, 102, 30712 }, // U+069F
    { 21, 44, 358, 1, 30, 116, 30814 }, // U+06A0
    { 31, 24, 540, 1, 23, 93, 30930 }, // U+06A1
    { 31, 32, 540, 1, 23, 124, 31023 }, // U+06A2
    { 31, 39, 540, 1, 30, 152, 31147 }, // U+06A3
    { 31, 35, 540, 1, 34, 136, 31299 }, // U+06A4
    { 31, 36, 540, 1, 23, 140, 31435 }, // U+06A5
    { 31, 34, 540, 1, 33, 132, 31575 }, // U+06A6
    { 26, 33, 464, 1, 23, 108, 31707 }, // U+06A7
    { 26, 37, 464, 1, 27, 121, 31815 }, // U+06A8
    { 32, 30, 553, 1, 29, 120, 31936 }, // U+06A9
    { 45, 25, 748, 1, 25, 141, 32056 }, // U+06AA
    { 32, 30, 553, 1, 29, 120, 32197 }, // U+06AB
    { 28, 37, 493, 1, 36, 130, 32317 }, // U+06AC
    { 31, 41, 493, 1, 40, 159, 32447 }, // U+06AD
    { 28, 42, 493, 1, 29, 147, 32606 }, // U+06AE
    { 32, 35, 553, 1, 34, 140, 32753 }, // U+06AF
    { 32, 35, 553, 1, 34, 140, 32893 }, // U+06B0
    { 32, 35, 553, 1, 34, 140, 33033 }, // U+06B1
    { 32, 42, 553, 1, 34, 168, 33173 }, // U+06B2
    { 32, 48, 553, 1, 34, 192, 33341 }, // U+06B3
    { 32, 39, 553, 1, 38, 156, 33533 }, // U+06B4
    { 25, 45, 415, 1, 37, 141, 33689 }, // U+06B5
    { 23, 46, 415, 1, 38, 133, 33830 }, // U+06B6
    { 26, 49, 415, 1, 41, 160, 33963 }, // U+06B7
    { 23, 50, 415, 1, 29, 144, 34123 }, // U+06B8
    { 23, 36, 415, 1, 19, 104, 34267 }, // U+06B9
    { 23, 23, 415, 1, 13, 67, 34371 }, // U+06BA
    { 23, 31, 415, 1, 21, 90, 34438 }, // U+06BB
    { 23, 32, 415, 1, 18, 92, 34528 }, // U+06BC
    { 23, 32, 415, 1, 22, 92, 34620 }, // U+06BD
    { 25, 23, 425, 1, 22, 72, 34712 }, // U+06BE
    { 25, 40, 378, 1, 26, 125, 34784 }, // U+06BF
    { 17, 32, 301, 1, 31, 68, 34909 }, // U+06C0
    { 17, 22, 301, 1, 21, 47, 34977 }, // U+06C1
    { 17, 32, 301, 1, 31, 68, 35024 }, // U+06C2
    { 17, 30, 301, 1, 29, 64, 35092 }, // U+06C3
    { 17, 27, 312, 1, 16, 58, 35156 }, // U+06C4
    { 17, 26, 312, 1, 15, 56, 35214 }, // U+06C5
    { 17, 34, 312, 1, 23, 73, 35270 }, // U+06C6
    { 17, 37, 312, 1, 26, 79, 35343 }, // U+06C7
    { 17, 36, 312, 1, 25, 77, 35422 }, // U+06C8
    { 17, 35, 312, 1, 24, 75, 35499 }, // U+06C9
    { 17, 34, 312, 1, 23, 73, 35574 }, // U+06CA
    { 17, 38, 312, 1, 27, 81, 35647 }, // U+06CB
    { 27, 26, 482, 1, 22, 88, 35728 }, // U+06CC
    { 31, 26, 517, 0, 22, 101, 35816 }, // U+06CD
    { 27, 27, 482, 1, 23, 92, 35917 }, // U+06CE
    { 17, 34, 312, 1, 23, 73, 36009 }, // U+06CF
    { 27, 38, 482, 1, 21, 129, 36082 }, // U+06D0
    { 27, 38, 482, 1, 22, 129, 36211 }, // U+06D1
    { 41, 21, 668, 1, 21, 108, 36340 }, // U+06D2
    { 41, 30, 668, 1, 30, 154, 36448 }, // U+06D3
    { 10, 6, 226, 2, 6, 8, 36602 }, // U+06D4
    { 17, 22, 301, 1, 21, 47, 36610 }, // U+06D5
    { 17, 30, 287, 0, 29, 64, 36657 }, // U+06EE
    { 9, 8, 240, 3, 16, 9, 36721 }, // U+06F0
    { 7, 24, 164, 2, 24, 21, 36730 }, // U+06F1
    { 17, 25, 296, 2, 25, 54, 36751 }, // U+06F2
    { 21, 24, 368, 2, 24, 63, 36805 }, // U+06F3
    { 18, 24, 319, 2, 24, 54, 36868 }, // U+06F4
    { 18, 25, 349, 2, 24, 57, 36922 }, // U+06F5
    { 17, 27, 313, 1, 26, 58, 36979 }, // U+06F6
    { 21, 25, 326, 0, 25, 66, 37037 }, // U+06F7
    { 21, 25, 326, 0, 23, 66, 37103 }, // U+06F8
    { 18, 27, 310, 1, 26, 61, 37169 }, // U+06F9
    { 43, 35, 744, 1, 25, 189, 37230 }, // U+06FA
    { 48, 35, 797, 1, 25, 210, 37419 }, // U+06FB
    { 21, 40, 358, 1, 26, 105, 37629 }, // U+06FC
    { 16, 25, 281, 0, 15, 50, 37734 }, // U+06FD
    { 22, 31, 410, 1, 17, 86, 37784 }, // U+06FE
    { 25, 29, 425, 1, 28, 91, 37870 }, // U+06FF
    { 43, 34, 744, 1, 24, 183, 37961 }, // U+075C
    { 19, 29, 328, 1, 21, 69, 38144 }, // U+1EA1
    { 24, 38, 352, -1, 38, 114, 38213 }, // U+1EA2
    { 19, 34, 328, 1, 33, 81, 38327 }, // U+1EA3
    { 21, 38, 328, 1, 37, 100, 38408 }, // U+1EA5
    { 24, 42, 352, -1, 42, 126, 38508 }, // U+1EA6
    { 22, 38, 328, -2, 37, 105, 38634 }, // U+1EA7
    { 24, 42, 352, 0, 42, 126, 38739 }, // U+1EA8
    { 19, 39, 328, 1, 38, 93, 38865 }, // U+1EA9
    { 19, 38, 328, 1, 37, 91, 38958 }, // U+1EAB
    { 24, 45, 352, -1, 37, 135, 39049 }, // U+1EAC
    { 19, 40, 328, 1, 32, 95, 39184 }, // U+1EAD
    { 24, 43, 352, -1, 43, 129, 39279 }, // U+1EAE
    { 19, 39, 328, 1, 38, 93, 39408 }, // U+1EAF
    { 19, 39, 328, 1, 38, 93, 39501 }, // U+1EB1
    { 19, 38, 328, 1, 37, 91, 39594 }, // U+1EB5
    { 19, 41, 328, 1, 33, 98, 39685 }, // U+1EB7
    { 18, 29, 331, 1, 21, 66, 39783 }, // U+1EB9
    { 18, 34, 331, 1, 33, 77, 39849 }, // U+1EBB
    { 18, 31, 331, 1, 30, 70, 39926 }, // U+1EBD
    { 21, 38, 331, 1, 37, 100, 39996 }, // U+1EBF
    { 20, 42, 317, -1, 42, 105, 40096 }, // U+1EC0
    { 21, 38, 331, -2, 37, 100, 40201 }, // U+1EC1
    { 20, 39, 331, 1, 38, 98, 40301 }, // U+1EC3
    { 18, 40, 331, 1, 32, 90, 40399 }, // U+1EC7
    { 10, 33, 167, 1, 33, 42, 40489 }, // U+1EC9
    { 6, 40, 167, 2, 32, 30, 40531 }, // U+1ECB
    { 23, 36, 415, 1, 28, 104, 40561 }, // U+1ECC
    { 19, 29, 350, 1, 21, 69, 40665 }, // U+1ECD
    { 19, 34, 350, 1, 33, 81, 40734 }, // U+1ECF
    { 24, 43, 415, 1, 42, 129, 40815 }, // U+1ED0
    { 21, 38, 350, 1, 37, 100, 40944 }, // U+1ED1
    { 23, 43, 415, 1, 42, 124, 41044 }, // U+1ED2
    { 22, 38, 350, -2, 37, 105, 41168 }, // U+1ED3
    { 20, 39, 350, 1, 38, 98, 41273 }, // U+1ED5
    { 19, 38, 350, 1, 37, 91, 41371 }, // U+1ED7
    { 23, 45, 415, 1, 37, 130, 41462 }, // U+1ED8
    { 19, 40, 350, 1, 32, 95, 41592 }, // U+1ED9
    { 22, 33, 371, 1, 32, 91, 41687 }, // U+1EDB
    { 22, 33, 371, 1, 32, 91, 41778 }, // U+1EDD
    { 25, 40, 427, 1, 39, 125, 41869 }, // U+1EDE
    { 22, 34, 371, 1, 33, 94, 41994 }, // U+1EDF
    { 22, 31, 371, 1, 30, 86, 42088 }, // U+1EE1
    { 22, 31, 371, 1, 23, 86, 42174 }, // U+1EE3
    { 17, 28, 342, 2, 20, 60, 42260 }, // U+1EE5
    { 20, 40, 392, 2, 39, 100, 42320 }, // U+1EE6
    { 17, 34, 342, 2, 33, 73, 42420 }, // U+1EE7
    { 22, 33, 380, 2, 32, 91, 42493 }, // U+1EE9
    { 22, 33, 380, 2, 32, 91, 42584 }, // U+1EEB
    { 22, 34, 380, 2, 33, 94, 42675 }, // U+1EED
    { 22, 31, 380, 2, 30, 86, 42769 }, // U+1EEF
    { 22, 32, 380, 2, 24, 88, 42855 }, // U+1EF1
    { 1, 35, 0, 0, 29, 5, 42943 }, // U+200C
    { 7, 38, 0, -3, 32, 34, 42948 }, // U+200D
    { 6, 39, 0, 0, 32, 30, 42982 }, // U+200E
    { 6, 39, 0, -5, 32, 30, 43012 }, // U+200F
    { 18, 5, 312, 1, 15, 12, 43042 }, // U+2013
    { 28, 5, 477, 1, 15, 18, 43054 }, // U+2014
    { 6, 11, 143, 1, 29, 9, 43072 }, // U+2018
    { 7, 11, 143, 0, 29, 10, 43081 }, // U+2019
    { 14, 11, 263, 1, 29, 20, 43091 }, // U+201C
    { 14, 11, 263, 0, 29, 20, 43111 }, // U+201D
    { 14, 11, 263, 0, 5, 20, 43131 }, // U+201E
    { 24, 8, 438, 1, 7, 24, 43151 }, // U+2026
    { 10, 19, 184, 0, 21, 24, 43175 }, // U+FB1D
    { 10, 4, 0, 1, 29, 5, 43199 }, // U+FB1E
    { 20, 19, 346, 0, 21, 48, 43204 }, // U+FB1F
    { 21, 21, 346, 0, 21, 56, 43252 }, // U+FB20
    { 35, 21, 572, 0, 21, 92, 43308 }, // U+FB21
    { 31, 21, 506, 0, 21, 82, 43400 }, // U+FB22
    { 32, 21, 592, 2, 21, 84, 43482 }, // U+FB23
    { 32, 21, 544, 1, 21, 84, 43566 }, // U+FB24
    { 30, 29, 511, 1, 28, 109, 43650 }, // U+FB25
    { 33, 21, 575, 1, 21, 87, 43759 }, // U+FB26
    { 31, 21, 545, 1, 21, 82, 43846 }, // U+FB27
    { 36, 22, 614, 0, 21, 99, 43928 }, // U+FB28
    { 21, 13, 397, 2, 20, 35, 44027 }, // U+FB29
    { 25, 26, 452, 1, 26, 82, 44062 }, // U+FB2A
    { 26, 26, 452, 1, 26, 85, 44144 }, // U+FB2B
    { 25, 26, 452, 1, 26, 82, 44229 }, // U+FB2C
    { 26, 26, 452, 1, 26, 85, 44311 }, // U+FB2D
    { 22, 26, 352, 0, 21, 72, 44396 }, // U+FB2E
    { 22, 29, 352, 0, 21, 80, 44468 }, // U+FB2F
    { 22, 21, 352, 0, 21, 58, 44548 }, // U+FB30
    { 19, 21, 310, 0, 21, 50, 44606 }, // U+FB31
    { 14, 22, 242, 0, 21, 39, 44656 }, // U+FB32
    { 18, 21, 296, 0, 21, 48, 44695 }, // U+FB33
    { 18, 21, 371, 2, 21, 48, 44743 }, // U+FB34
    { 9, 21, 209, 1, 21, 24, 44791 }, // U+FB35
    { 13, 21, 224, 1, 21, 35, 44815 }, // U+FB36
    { 21, 21, 373, 1, 21, 56, 44850 }, // U+FB38
    { 9, 14, 191, 1, 21, 16, 44906 }, // U+FB39
    { 16, 30, 312, 1, 21, 60, 44922 }, // U+FB3A
    { 16, 21, 307, 1, 21, 42, 44982 }, // U+FB3B
    { 17, 30, 304, 1, 28, 64, 45024 }, // U+FB3C
    { 21, 22, 382, 1, 22, 58, 45088 }, // U+FB3E
    { 12, 21, 234, 0, 21, 32, 45146 }, // U+FB40
    { 21, 22, 385, 2, 21, 58, 45178 }, // U+FB41
    { 20, 31, 375, 1, 23, 78, 45236 }, // U+FB43
    { 20, 22, 358, 1, 22, 55, 45314 }, // U+FB44
    { 19, 21, 335, 0, 21, 50, 45369 }, // U+FB46
    { 20, 30, 373, 2, 21, 75, 45419 }, // U+FB47
    { 17, 21, 314, 0, 21, 45, 45494 }, // U+FB48
    { 25, 21, 452, 1, 21, 66, 45539 }, // U+FB49
    { 22, 22, 386, 0, 21, 61, 45605 }, // U+FB4A
    { 10, 26, 206, 0, 26, 33, 45666 }, // U+FB4B
    { 19, 26, 310, 0, 26, 62, 45699 }, // U+FB4C
    { 17, 26, 307, 1, 26, 56, 45761 }, // U+FB4D
    { 20, 26, 358, 1, 26, 65, 45817 }, // U+FB4E
    { 20, 28, 341, 1, 28, 70, 45882 }, // U+FB4F
    { 12, 34, 154, -1, 34, 51, 45952 }, // U+FB51
    { 37, 28, 590, 1, 14, 130, 46003 }, // U+FB53
    { 12, 29, 187, -2, 16, 44, 46133 }, // U+FB54
    { 15, 26, 201, -1, 13, 49, 46177 }, // U+FB55
    { 37, 27, 590, 1, 14, 125, 46226 }, // U+FB57
    { 12, 28, 187, 0, 16, 42, 46351 }, // U+FB58
    { 15, 25, 201, -1, 13, 47, 46393 }, // U+FB59
    { 37, 27, 590, 1, 14, 125, 46440 }, // U+FB5B
    { 12, 28, 187, -1, 16, 42, 46565 }, // U+FB5C
    { 16, 25, 201, -2, 13, 50, 46607 }, // U+FB5D
    { 37, 25, 590, 1, 24, 116, 46657 }, // U+FB5F
    { 12, 29, 187, -1, 29, 44, 46773 }, // U+FB60
    { 15, 27, 201, -1, 27, 51, 46817 }, // U+FB61
    { 37, 24, 590, 1, 23, 111, 46868 }, // U+FB63
    { 11, 27, 187, -1, 27, 38, 46979 }, // U+FB64
    { 16, 24, 201, -2, 24, 48, 47017 }, // U+FB65
    { 37, 23, 590, 1, 22, 107, 47065 }, // U+FB67
    { 12, 27, 187, -2, 27, 41, 47172 }, // U+FB68
    { 15, 24, 201, -1, 24, 45, 47213 }, // U+FB69
    { 37, 31, 585, 1, 30, 144, 47258 }, // U+FB6B
    { 17, 34, 286, -1, 34, 73, 47402 }, // U+FB6C
    { 23, 31, 319, -1, 31, 90, 47475 }, // U+FB6D
    { 37, 31, 585, 1, 30, 144, 47565 }, // U+FB6F
    { 17, 34, 286, -1, 34, 73, 47709 }, // U+FB70
    { 23, 30, 319, -1, 30, 87, 47782 }, // U+FB71
    { 26, 33, 411, 1, 19, 108, 47869 }, // U+FB73
    { 26, 32, 427, -1, 19, 104, 47977 }, // U+FB74
    { 30, 30, 440, -1, 19, 113, 48081 }, // U+FB75
    { 26, 33, 411, 1, 19, 108, 48194 }, // U+FB77
    { 26, 27, 427, -1, 19, 88, 48302 }, // U+FB78
    { 30, 25, 440, -1, 19, 94, 48390 }, // U+FB79
    { 26, 33, 411, 1, 19, 108, 48484 }, // U+FB7B
    { 27, 31, 427, -1, 19, 105, 48592 }, // U+FB7C
    { 30, 30, 440, -1, 19, 113, 48697 }, // U+FB7D
    { 27, 34, 411, 1, 19, 115, 48810 }, // U+FB7F
    { 27, 31, 427, -1, 19, 105, 48925 }, // U+FB80
    { 30, 29, 440, -1, 19, 109, 49030 }, // U+FB81
    { 20, 29, 319, 0, 21, 73, 49139 }, // U+FB83
    { 21, 29, 319, 0, 28, 77, 49212 }, // U+FB85
    { 20, 32, 319, 1, 31, 80, 49289 }, // U+FB87
    { 21, 31, 319, 0, 30, 82, 49369 }, // U+FB89
    { 19, 36, 250, -2, 26, 86, 49451 }, // U+FB8B
    { 18, 36, 250, -2, 26, 81, 49537 }, // U+FB8D
    { 37, 30, 597, 1, 29, 139, 49618 }, // U+FB8F
    { 17, 29, 277, -1, 29, 62, 49757 }, // U+FB90
    { 23, 29, 324, -1, 29, 84, 49819 }, // U+FB91
    { 37, 35, 597, 1, 34, 162, 49903 }, // U+FB93
    { 17, 34, 278, -1, 34, 73, 50065 }, // U+FB94
    { 23, 34, 324, -1, 34, 98, 50138 }, // U+FB95
    { 37, 48, 597, 1, 34, 222, 50236 }, // U+FB97
    { 18, 47, 278, -2, 34, 106, 50458 }, // U+FB98
    { 23, 47, 324, -1, 34, 136, 50564 }, // U+FB99
    { 37, 35, 597, 1, 34, 162, 50700 }, // U+FB9B
    { 21, 34, 278, -4, 34, 90, 50862 }, // U+FB9C
    { 25, 34, 324, -3, 34, 107, 50952 }, // U+FB9D
    { 27, 23, 437, 1, 13, 78, 51059 }, // U+FB9F
    { 27, 31, 437, 1, 21, 105, 51137 }, // U+FBA1
    { 12, 27, 187, -2, 27, 41, 51242 }, // U+FBA2
    { 15, 24, 201, -1, 24, 45, 51283 }, // U+FBA3
    { 20, 30, 312, 1, 30, 75, 51328 }, // U+FBA5
    { 24, 16, 362, 0, 13, 48, 51403 }, // U+FBA7
    { 12, 26, 187, -1, 16, 39, 51451 }, // U+FBA8
    { 25, 26, 363, -1, 14, 82, 51490 }, // U+FBA9
    { 23, 30, 358, 0, 18, 87, 51572 }, // U+FBAB
    { 25, 23, 389, -2, 22, 72, 51659 }, // U+FBAC
    { 21, 30, 303, -1, 18, 79, 51731 }, // U+FBAD
    { 30, 17, 472, 1, 6, 64, 51810 }, // U+FBAF
    { 30, 28, 472, 1, 17, 105, 51874 }, // U+FBB1
    { 5, 6, 0, 9, 29, 4, 51979 }, // U+FBB2
    { 5, 6, 0, 9, -2, 4, 51983 }, // U+FBB3
    { 11, 6, 0, 6, 29, 9, 51987 }, // U+FBB4
    { 11, 6, 0, 6, -2, 9, 51996 }, // U+FBB5
    { 11, 9, 0, 6, 32, 13, 52005 }, // U+FBB6
    { 11, 9, 0, 6, -2, 13, 52018 }, // U+FBB7
    { 11, 9, 0, 6, 31, 13, 52031 }, // U+FBB8
    { 11, 9, 0, 6, -4, 13, 52044 }, // U+FBB9
    { 10, 9, 0, 7, 31, 12, 52057 }, // U+FBBA
    { 10, 9, 0, 7, -3, 12, 52069 }, // U+FBBB
    { 5, 12, 0, 9, 34, 8, 52081 }, // U+FBBD
    { 5, 12, 0, 9, -1, 8, 52089 }, // U+FBBE
    { 7, 7, 0, 8, 16, 7, 52097 }, // U+FBBF
    { 10, 8, 0, 2, -3, 10, 52104 }, // U+FBC1
    { 32, 41, 517, 1, 40, 164, 52114 }, // U+FBD4
    { 19, 36, 277, -3, 36, 86, 52278 }, // U+FBD5
    { 23, 36, 324, -2, 36, 104, 52364 }, // U+FBD6
    { 21, 37, 328, 1, 26, 98, 52468 }, // U+FBD8
    { 21, 34, 328, 1, 23, 90, 52566 }, // U+FBDA
    { 21, 36, 328, 1, 25, 95, 52656 }, // U+FBDC
    { 21, 38, 328, 1, 27, 100, 52751 }, // U+FBDF
    { 21, 26, 328, 1, 15, 69, 52851 }, // U+FBE1
    { 21, 35, 328, 1, 24, 92, 52920 }, // U+FBE3
    { 27, 32, 434, 1, 10, 108, 53012 }, // U+FBE5
    { 12, 29, 187, -2, 16, 44, 53120 }, // U+FBE6
    { 15, 26, 201, -1, 13, 49, 53164 }, // U+FBE7
    { 12, 16, 187, -1, 16, 24, 53213 }, // U+FBE8
    { 15, 13, 201, -1, 13, 25, 53237 }, // U+FBE9
    { 27, 19, 434, 1, 10, 65, 53262 }, // U+FBFD
    { 12, 24, 187, 0, 16, 36, 53327 }, // U+FBFE
    { 14, 21, 201, -1, 13, 37, 53363 }, // U+FBFF
    { 17, 38, 287, 0, 37, 81, 53400 }, // U+FC5B
    { 14, 35, 224, -2, 25, 62, 53481 }, // U+FC5C
    { 10, 16, 0, 1, 39, 20, 53543 }, // U+FC61
    { 10, 15, 0, 1, 38, 19, 53563 }, // U+FC63
    { 10, 34, 154, 1, 34, 43, 53582 }, // U+FD3C
    { 8, 34, 140, 1, 34, 34, 53625 }, // U+FD3D
    { 15, 38, 318, 3, 30, 72, 53659 }, // U+FD3E
    { 16, 38, 338, 2, 30, 76, 53731 }, // U+FD3F
    { 40, 36, 683, 1, 36, 180, 53807 }, // U+FDF2
    { 8, 9, 360, 1, 30, 9, 53987 }, // U+FE70
    { 12, 10, 360, 1, 31, 15, 53996 }, // U+FE72
    { 8, 8, 360, 1, -2, 8, 54011 }, // U+FE74
    { 8, 5, 360, 1, 26, 5, 54019 }, // U+FE76
    { 8, 11, 360, 0, 31, 11, 54024 }, // U+FE78
    { 10, 7, 360, 1, 30, 9, 54035 }, // U+FE7C
    { 8, 8, 360, 1, 30, 8, 54044 }, // U+FE7E
    { 12, 30, 154, -1, 30, 45, 54052 }, // U+FE82
    { 11, 34, 154, 0, 34, 47, 54097 }, // U+FE84
    { 21, 37, 328, 1, 26, 98, 54144 }, // U+FE86
    { 11, 40, 154, 0, 30, 55, 54242 }, // U+FE88
    { 28, 29, 434, 0, 20, 102, 54297 }, // U+FE8A
    { 12, 26, 187, -2, 26, 39, 54399 }, // U+FE8B
    { 15, 23, 201, -1, 23, 44, 54438 }, // U+FE8C
    { 9, 30, 154, 2, 30, 34, 54482 }, // U+FE8E
    { 37, 23, 590, 1, 14, 107, 54516 }, // U+FE90
    { 11, 25, 187, -1, 16, 35, 54623 }, // U+FE91
    { 15, 22, 201, -1, 13, 42, 54658 }, // U+FE92
    { 19, 27, 312, 1, 27, 65, 54700 }, // U+FE94
    { 37, 20, 590, 1, 19, 93, 54765 }, // U+FE96
    { 12, 23, 187, -1, 23, 35, 54858 }, // U+FE97
    { 14, 21, 201, -1, 21, 37, 54893 }, // U+FE98
    { 37, 24, 590, 1, 23, 111, 54930 }, // U+FE9A
    { 12, 27, 187, -2, 27, 41, 55041 }, // U+FE9B
    { 15, 25, 201, -1, 25, 47, 55082 }, // U+FE9C
    { 26, 33, 411, 1, 19, 108, 55129 }, // U+FE9E
    { 27, 28, 427, -1, 19, 95, 55237 }, // U+FE9F
    { 30, 26, 440, -1, 19, 98, 55332 }, // U+FEA0
    { 27, 33, 411, 1, 19, 112, 55430 }, // U+FEA2
    { 27, 19, 427, -1, 19, 65, 55542 }, // U+FEA3
    { 30, 19, 440, -1, 19, 72, 55607 }, // U+FEA4
    { 27, 40, 411, 1, 26, 135, 55679 }, // U+FEA6
    { 28, 26, 427, -2, 26, 91, 55814 }, // U+FEA7
    { 31, 26, 440, -2, 26, 101, 55905 }, // U+FEA8
    { 21, 22, 319, 0, 21, 58, 56006 }, // U+FEAA
    { 21, 28, 319, 1, 27, 74, 56064 }, // U+FEAC
    { 18, 24, 250, -1, 14, 54, 56138 }, // U+FEAE
    { 19, 33, 250, -2, 23, 79, 56192 }, // U+FEB0
    { 49, 24, 784, 1, 14, 147, 56271 }, // U+FEB2
    { 30, 16, 495, -1, 16, 60, 56418 }, // U+FEB3
    { 36, 14, 530, -1, 14, 63, 56478 }, // U+FEB4
    { 49, 35, 784, 1, 25, 215, 56541 }, // U+FEB6
    { 30, 25, 495, -1, 25, 94, 56756 }, // U+FEB7
    { 36, 25, 530, -1, 25, 113, 56850 }, // U+FEB8
    { 51, 28, 814, 1, 18, 179, 56963 }, // U+FEBA
    { 34, 18, 554, -1, 18, 77, 57142 }, // U+FEBB
    { 38, 18, 571, -1, 18, 86, 57219 }, // U+FEBC
    { 51, 35, 814, 1, 25, 224, 57305 }, // U+FEBE
    { 34, 25, 554, -1, 25, 107, 57529 }, // U+FEBF
    { 38, 25, 571, -1, 25, 119, 57636 }, // U+FEC0
    { 33, 30, 511, 1, 30, 124, 57755 }, // U+FEC2
    { 29, 30, 468, -1, 30, 109, 57879 }, // U+FEC3
    { 34, 30, 495, -1, 30, 128, 57988 }, // U+FEC4
    { 33, 30, 511, 1, 30, 124, 58116 }, // U+FEC6
    { 29, 30, 468, -1, 30, 109, 58240 }, // U+FEC7
    { 34, 30, 495, -1, 30, 128, 58349 }, // U+FEC8
    { 22, 32, 349, 1, 18, 88, 58477 }, // U+FECA
    { 22, 19, 340, -1, 19, 53, 58565 }, // U+FECB
    { 26, 18, 365, -2, 18, 59, 58618 }, // U+FECC
    { 22, 40, 349, 1, 26, 110, 58677 }, // U+FECE
    { 22, 26, 340, -1, 26, 72, 58787 }, // U+FECF
    { 25, 26, 365, -1, 26, 82, 58859 }, // U+FED0
    { 37, 27, 585, 1, 26, 125, 58941 }, // U+FED2
    { 17, 30, 286, -1, 30, 64, 59066 }, // U+FED3
    { 23, 26, 319, -1, 26, 75, 59130 }, // U+FED4
    { 30, 33, 487, 1, 23, 124, 59205 }, // U+FED6
    { 17, 31, 286, -1, 31, 66, 59329 }, // U+FED7
    { 23, 27, 319, -1, 27, 78, 59395 }, // U+FED8
    { 32, 30, 517, 1, 29, 120, 59473 }, // U+FEDA
    { 17, 29, 277, -1, 29, 62, 59593 }, // U+FEDB
    { 23, 29, 324, -1, 29, 84, 59655 }, // U+FEDC
    { 26, 39, 428, 1, 30, 127, 59739 }, // U+FEDE
    { 10, 30, 155, -2, 30, 38, 59866 }, // U+FEDF
    { 12, 30, 158, -1, 30, 45, 59904 }, // U+FEE0
    { 27, 31, 435, 1, 17, 105, 59949 }, // U+FEE2
    { 23, 18, 352, -2, 17, 52, 60054 }, // U+FEE3
    { 27, 18, 377, -2, 17, 61, 60106 }, // U+FEE4
    { 27, 28, 437, 1, 18, 95, 60167 }, // U+FEE6
    { 11, 24, 187, -1, 24, 33, 60262 }, // U+FEE7
    { 15, 21, 201, -1, 21, 40, 60295 }, // U+FEE8
    { 20, 20, 312, 1, 20, 50, 60335 }, // U+FEEA
    { 25, 23, 389, -2, 22, 72, 60385 }, // U+FEEB
    { 21, 30, 303, -1, 18, 79, 60457 }, // U+FEEC
    { 21, 26, 328, 1, 15, 69, 60536 }, // U+FEEE
    { 27, 19, 434, 1, 10, 65, 60605 }, // U+FEF0
    { 27, 26, 434, 1, 10, 88, 60670 }, // U+FEF2
    { 12, 24, 187, 0, 16, 36, 60758 }, // U+FEF3
    { 14, 21, 201, -1, 13, 37, 60794 }, // U+FEF4
    { 23, 31, 386, 0, 31, 90, 60831 }, // U+FEF5
    { 26, 29, 407, 0, 29, 95, 60921 }, // U+FEF6
    { 21, 35, 386, 1, 35, 92, 61016 }, // U+FEF7
    { 25, 33, 407, 1, 33, 104, 61108 }, // U+FEF8
    { 22, 40, 386, 2, 30, 110, 61212 }, // U+FEF9
    { 25, 40, 407, 2, 30, 125, 61322 }, // U+FEFA
    { 21, 30, 386, 2, 30, 79, 61447 }, // U+FEFB
    { 24, 30, 407, 2, 30, 90, 61526 }, // U+FEFC
};

static const EpdUnicodeInterval firago_18_semiboldIntervals[] = {
    { 0x20, 0x7E, 0x0 },
    { 0xA0, 0xA1, 0x5F },
    { 0xAB, 0xAB, 0x61 },
    { 0xB0, 0xB0, 0x62 },
    { 0xB7, 0xB7, 0x63 },
    { 0xBA, 0xBB, 0x64 },
    { 0xBF, 0xC2, 0x66 },
    { 0xC4, 0xC7, 0x6A },
    { 0xC9, 0xCA, 0x6E },
    { 0xCD, 0xCE, 0x70 },
    { 0xD2, 0xD3, 0x72 },
    { 0xD6, 0xD6, 0x74 },
    { 0xD8, 0xDA, 0x75 },
    { 0xDC, 0xDD, 0x78 },
    { 0xDF, 0xEF, 0x7A },
    { 0xF1, 0xF6, 0x8B },
    { 0xF8, 0xFA, 0x91 },
    { 0xFC, 0xFD, 0x94 },
    { 0x103, 0x103, 0x96 },
    { 0x105, 0x105, 0x97 },
    { 0x107, 0x107, 0x98 },
    { 0x10C, 0x111, 0x99 },
    { 0x116, 0x11B, 0x9F },
    { 0x11E, 0x11F, 0xA5 },
    { 0x129, 0x129, 0xA7 },
    { 0x12E, 0x131, 0xA8 },
    { 0x13A, 0x13A, 0xAC },
    { 0x13D, 0x13E, 0xAD },
    { 0x141, 0x142, 0xAF },
    { 0x144, 0x144, 0xB1 },
    { 0x148, 0x148, 0xB2 },
    { 0x151, 0x151, 0xB3 },
    { 0x155, 0x155, 0xB4 },
    { 0x158, 0x15B, 0xB5 },
    { 0x15E, 0x161, 0xB9 },
    { 0x163, 0x165, 0xBD },
    { 0x16B, 0x16B, 0xC0 },
    { 0x16E, 0x173, 0xC1 },
    { 0x17A, 0x17A, 0xC7 },
    { 0x17C, 0x17E, 0xC8 },
    { 0x1A1, 0x1A1, 0xCB },
    { 0x1B0, 0x1B0, 0xCC },
    { 0x218, 0x21B, 0xCD },
    { 0x404, 0x404, 0xD1 },
    { 0x406, 0x406, 0xD2 },
    { 0x410, 0x429, 0xD3 },
    { 0x42B, 0x42D, 0xED },
    { 0x42F, 0x44F, 0xF0 },
    { 0x451, 0x451, 0x111 },
    { 0x454, 0x454, 0x112 },
    { 0x456, 0x457, 0x113 },
    { 0x45E, 0x45E, 0x115 },
    { 0x491, 0x493, 0x116 },
    { 0x49A, 0x49B, 0x119 },
    { 0x4A2, 0x4A3, 0x11B },
    { 0x4AE, 0x4B1, 0x11D },
    { 0x4D8, 0x4D9, 0x121 },
    { 0x4E8, 0x4E9, 0x123 },
    { 0x591, 0x5C7, 0x125 },
    { 0x5D0, 0x5EA, 0x15C },
    { 0x5F0, 0x5F4, 0x177 },
    { 0x600, 0x600, 0x17C },
    { 0x609, 0x60D, 0x17D },
    { 0x615, 0x615, 0x182 },
    { 0x61B, 0x61B, 0x183 },
    { 0x61E, 0x63C, 0x184 },
    { 0x640, 0x656, 0x1A3 },
    { 0x658, 0x658, 0x1BA },
    { 0x65A, 0x65B, 0x1BB },
    { 0x65D, 0x65D, 0x1BD },
    { 0x65F, 0x6D5, 0x1BE },
    { 0x6EE, 0x6EE, 0x235 },
    { 0x6F0, 0x6FF, 0x236 },
    { 0x75C, 0x75C, 0x246 },
    { 0x1EA1, 0x1EA3, 0x247 },
    { 0x1EA5, 0x1EA9, 0x24A },
    { 0x1EAB, 0x1EAF, 0x24F },
    { 0x1EB1, 0x1EB1, 0x254 },
    { 0x1EB5, 0x1EB5, 0x255 },
    { 0x1EB7, 0x1EB7, 0x256 },
    { 0x1EB9, 0x1EB9, 0x257 },
    { 0x1EBB, 0x1EBB, 0x258 },
    { 0x1EBD, 0x1EBD, 0x259 },
    { 0x1EBF, 0x1EC1, 0x25A },
    { 0x1EC3, 0x1EC3, 0x25D },
    { 0x1EC7, 0x1EC7, 0x25E },
    { 0x1EC9, 0x1EC9, 0x25F },
    { 0x1ECB, 0x1ECD, 0x260 },
    { 0x1ECF, 0x1ED3, 0x263 },
    { 0x1ED5, 0x1ED5, 0x268 },
    { 0x1ED7, 0x1ED9, 0x269 },
    { 0x1EDB, 0x1EDB, 0x26C },
    { 0x1EDD, 0x1EDF, 0x26D },
    { 0x1EE1, 0x1EE1, 0x270 },
    { 0x1EE3, 0x1EE3, 0x271 },
    { 0x1EE5, 0x1EE7, 0x272 },
    { 0x1EE9, 0x1EE9, 0x275 },
    { 0x1EEB, 0x1EEB, 0x276 },
    { 0x1EED, 0x1EED, 0x277 },
    { 0x1EEF, 0x1EEF, 0x278 },
    { 0x1EF1, 0x1EF1, 0x279 },
    { 0x200C, 0x200F, 0x27A },
    { 0x2013, 0x2014, 0x27E },
    { 0x2018, 0x2019, 0x280 },
    { 0x201C, 0x201E, 0x282 },
    { 0x2026, 0x2026, 0x285 },
    { 0xFB1D, 0xFB36, 0x286 },
    { 0xFB38, 0xFB3C, 0x2A0 },
    { 0xFB3E, 0xFB3E, 0x2A5 },
    { 0xFB40, 0xFB41, 0x2A6 },
    { 0xFB43, 0xFB44, 0x2A8 },
    { 0xFB46, 0xFB4F, 0x2AA },
    { 0xFB51, 0xFB51, 0x2B4 },
    { 0xFB53, 0xFB55, 0x2B5 },
    { 0xFB57, 0xFB59, 0x2B8 },
    { 0xFB5B, 0xFB5D, 0x2BB },
    { 0xFB5F, 0xFB61, 0x2BE },
    { 0xFB63, 0xFB65, 0x2C1 },
    { 0xFB67, 0xFB69, 0x2C4 },
    { 0xFB6B, 0xFB6D, 0x2C7 },
    { 0xFB6F, 0xFB71, 0x2CA },
    { 0xFB73, 0xFB75, 0x2CD },
    { 0xFB77, 0xFB79, 0x2D0 },
    { 0xFB7B, 0xFB7D, 0x2D3 },
    { 0xFB7F, 0xFB81, 0x2D6 },
    { 0xFB83, 0xFB83, 0x2D9 },
    { 0xFB85, 0xFB85, 0x2DA },
    { 0xFB87, 0xFB87, 0x2DB },
    { 0xFB89, 0xFB89, 0x2DC },
    { 0xFB8B, 0xFB8B, 0x2DD },
    { 0xFB8D, 0xFB8D, 0x2DE },
    { 0xFB8F, 0xFB91, 0x2DF },
    { 0xFB93, 0xFB95, 0x2E2 },
    { 0xFB97, 0xFB99, 0x2E5 },
    { 0xFB9B, 0xFB9D, 0x2E8 },
    { 0xFB9F, 0xFB9F, 0x2EB },
    { 0xFBA1, 0xFBA3, 0x2EC },
    { 0xFBA5, 0xFBA5, 0x2EF },
    { 0xFBA7, 0xFBA9, 0x2F0 },
    { 0xFBAB, 0xFBAD, 0x2F3 },
    { 0xFBAF, 0xFBAF, 0x2F6 },
    { 0xFBB1, 0xFBBB, 0x2F7 },
    { 0xFBBD, 0xFBBF, 0x302 },
    { 0xFBC1, 0xFBC1, 0x305 },
    { 0xFBD4, 0xFBD6, 0x306 },
    { 0xFBD8, 0xFBD8, 0x309 },
    { 0xFBDA, 0xFBDA, 0x30A },
    { 0xFBDC, 0xFBDC, 0x30B },
    { 0xFBDF, 0xFBDF, 0x30C },
    { 0xFBE1, 0xFBE1, 0x30D },
    { 0xFBE3, 0xFBE3, 0x30E },
    { 0xFBE5, 0xFBE9, 0x30F },
    { 0xFBFD, 0xFBFF, 0x314 },
    { 0xFC5B, 0xFC5C, 0x317 },
    { 0xFC61, 0xFC61, 0x319 },
    { 0xFC63, 0xFC63, 0x31A },
    { 0xFD3C, 0xFD3F, 0x31B },
    { 0xFDF2, 0xFDF2, 0x31F },
    { 0xFE70, 0xFE70, 0x320 },
    { 0xFE72, 0xFE72, 0x321 },
    { 0xFE74, 0xFE74, 0x322 },
    { 0xFE76, 0xFE76, 0x323 },
    { 0xFE78, 0xFE78, 0x324 },
    { 0xFE7C, 0xFE7C, 0x325 },
    { 0xFE7E, 0xFE7E, 0x326 },
    { 0xFE82, 0xFE82, 0x327 },
    { 0xFE84, 0xFE84, 0x328 },
    { 0xFE86, 0xFE86, 0x329 },
    { 0xFE88, 0xFE88, 0x32A },
    { 0xFE8A, 0xFE8C, 0x32B },
    { 0xFE8E, 0xFE8E, 0x32E },
    { 0xFE90, 0xFE92, 0x32F },
    { 0xFE94, 0xFE94, 0x332 },
    { 0xFE96, 0xFE98, 0x333 },
    { 0xFE9A, 0xFE9C, 0x336 },
    { 0xFE9E, 0xFEA0, 0x339 },
    { 0xFEA2, 0xFEA4, 0x33C },
    { 0xFEA6, 0xFEA8, 0x33F },
    { 0xFEAA, 0xFEAA, 0x342 },
    { 0xFEAC, 0xFEAC, 0x343 },
    { 0xFEAE, 0xFEAE, 0x344 },
    { 0xFEB0, 0xFEB0, 0x345 },
    { 0xFEB2, 0xFEB4, 0x346 },
    { 0xFEB6, 0xFEB8, 0x349 },
    { 0xFEBA, 0xFEBC, 0x34C },
    { 0xFEBE, 0xFEC0, 0x34F },
    { 0xFEC2, 0xFEC4, 0x352 },
    { 0xFEC6, 0xFEC8, 0x355 },
    { 0xFECA, 0xFECC, 0x358 },
    { 0xFECE, 0xFED0, 0x35B },
    { 0xFED2, 0xFED4, 0x35E },
    { 0xFED6, 0xFED8, 0x361 },
    { 0xFEDA, 0xFEDC, 0x364 },
    { 0xFEDE, 0xFEE0, 0x367 },
    { 0xFEE2, 0xFEE4, 0x36A },
    { 0xFEE6, 0xFEE8, 0x36D },
    { 0xFEEA, 0xFEEC, 0x370 },
    { 0xFEEE, 0xFEEE, 0x373 },
    { 0xFEF0, 0xFEF0, 0x374 },
    { 0xFEF2, 0xFEFC, 0x375 },
};

static const EpdKernClassEntry firago_18_semiboldKernLeftClasses[] = {
    { 0x0021, 1 }, // !
    { 0x0022, 2 }, // "
    { 0x0023, 3 }, // #
    { 0x0024, 4 }, // $
    { 0x0025, 5 }, // %
    { 0x0026, 6 }, // &
    { 0x0027, 2 }, // '
    { 0x0028, 7 }, // (
    { 0x0029, 8 }, // )
    { 0x002A, 9 }, // *
    { 0x002B, 10 }, // +
    { 0x002C, 11 }, // ,
    { 0x002D, 10 }, // -
    { 0x002E, 11 }, // .
    { 0x002F, 12 }, // /
    { 0x0030, 13 }, // 0
    { 0x0031, 14 }, // 1
    { 0x0032, 15 }, // 2
    { 0x0033, 16 }, // 3
    { 0x0034, 17 }, // 4
    { 0x0035, 18 }, // 5
    { 0x0036, 19 }, // 6
    { 0x0037, 20 }, // 7
    { 0x0038, 21 }, // 8
    { 0x0039, 22 }, // 9
    { 0x003A, 23 }, // :
    { 0x003B, 23 }, // ;
    { 0x003C, 24 }, // <
    { 0x003D, 24 }, // =
    { 0x003E, 24 }, // >
    { 0x003F, 25 }, // ?
    { 0x0040, 26 }, // @
    { 0x0041, 27 }, // A
    { 0x0042, 28 }, // B
    { 0x0043, 29 }, // C
    { 0x0044, 30 }, // D
    { 0x0045, 31 }, // E
    { 0x0046, 32 }, // F
    { 0x0047, 33 }, // G
    { 0x0048, 34 }, // H
    { 0x0049, 34 }, // I
    { 0x004A, 35 }, // J
    { 0x004B, 36 }, // K
    { 0x004C, 37 }, // L
    { 0x004D, 38 }, // M
    { 0x004E, 34 }, // N
    { 0x004F, 30 }, // O
    { 0x0050, 39 }, // P
    { 0x0051, 40 }, // Q
    { 0x0052, 41 }, // R
    { 0x0053, 4 }, // S
    { 0x0054, 42 }, // T
    { 0x0055, 43 }, // U
    { 0x0056, 44 }, // V
    { 0x0057, 45 }, // W
    { 0x0058, 36 }, // X
    { 0x0059, 46 }, // Y
    { 0x005A, 47 }, // Z
    { 0x005B, 48 }, // [
    { 0x005C, 49 }, // <backslash>
    { 0x005F, 50 }, // _
    { 0x0061, 51 }, // a
    { 0x0062, 52 }, // b
    { 0x0063, 53 }, // c
    { 0x0064, 54 }, // d
    { 0x0065, 52 }, // e
    { 0x0066, 55 }, // f
    { 0x0067, 56 }, // g
    { 0x0068, 57 }, // h
    { 0x0069, 58 }, // i
    { 0x006A, 58 }, // j
    { 0x006B, 59 }, // k
    { 0x006C, 60 }, // l
    { 0x006D, 57 }, // m
    { 0x006E, 57 }, // n
    { 0x006F, 52 }, // o
    { 0x0070, 52 }, // p
    { 0x0071, 61 }, // q
    { 0x0072, 62 }, // r
    { 0x0073, 63 }, // s
    { 0x0074, 64 }, // t
    { 0x0075, 65 }, // u
    { 0x0076, 66 }, // v
    { 0x0077, 67 }, // w
    { 0x0078, 59 }, // x
    { 0x0079, 66 }, // y
    { 0x007A, 68 }, // z
    { 0x007B, 69 }, // {
    { 0x007E, 10 }, // ~
    { 0x00A1, 70 }, // U+00A1
    { 0x00AB, 71 }, // U+00AB
    { 0x00B0, 72 }, // U+00B0
    { 0x00B7, 10 }, // U+00B7
    { 0x00BB, 73 }, // U+00BB
    { 0x00BF, 74 }, // U+00BF
    { 0x00C0, 27 }, // U+00C0
    { 0x00C1, 27 }, // U+00C1
    { 0x00C2, 27 }, // U+00C2
    { 0x00C4, 27 }, // U+00C4
    { 0x00C5, 27 }, // U+00C5
    { 0x00C6, 31 }, // U+00C6
    { 0x00C7, 29 }, // U+00C7
    { 0x00C9, 31 }, // U+00C9
    { 0x00CA, 31 }, // U+00CA
    { 0x00CD, 75 }, // U+00CD
    { 0x00CE, 75 }, // U+00CE
    { 0x00D2, 30 }, // U+00D2
    { 0x00D3, 30 }, // U+00D3
    { 0x00D6, 30 }, // U+00D6
    { 0x00D8, 30 }, // U+00D8
    { 0x00D9, 43 }, // U+00D9
    { 0x00DA, 43 }, // U+00DA
    { 0x00DC, 43 }, // U+00DC
    { 0x00DD, 46 }, // U+00DD
    { 0x00DF, 76 }, // U+00DF
    { 0x00E0, 51 }, // U+00E0
    { 0x00E1, 51 }, // U+00E1
    { 0x00E2, 51 }, // U+00E2
    { 0x00E3, 51 }, // U+00E3
    { 0x00E4, 51 }, // U+00E4
    { 0x00E5, 51 }, // U+00E5
    { 0x00E6, 52 }, // U+00E6
    { 0x00E7, 53 }, // U+00E7
    { 0x00E8, 52 }, // U+00E8
    { 0x00E9, 52 }, // U+00E9
    { 0x00EA, 52 }, // U+00EA
    { 0x00EB, 52 }, // U+00EB
    { 0x00EC, 77 }, // U+00EC
    { 0x00ED, 77 }, // U+00ED
    { 0x00EE, 77 }, // U+00EE
    { 0x00EF, 77 }, // U+00EF
    { 0x00F1, 57 }, // U+00F1
    { 0x00F2, 52 }, // U+00F2
    { 0x00F3, 52 }, // U+00F3
    { 0x00F4, 52 }, // U+00F4
    { 0x00F5, 52 }, // U+00F5
    { 0x00F6, 52 }, // U+00F6
    { 0x00F8, 52 }, // U+00F8
    { 0x00F9, 65 }, // U+00F9
    { 0x00FA, 65 }, // U+00FA
    { 0x00FC, 65 }, // U+00FC
    { 0x00FD, 66 }, // U+00FD
    { 0x0103, 51 }, // U+0103
    { 0x0105, 51 }, // U+0105
    { 0x0107, 53 }, // U+0107
    { 0x010C, 29 }, // U+010C
    { 0x010D, 53 }, // U+010D
    { 0x010E, 30 }, // U+010E
    { 0x010F, 78 }, // U+010F
    { 0x0110, 30 }, // U+0110
    { 0x0111, 54 }, // U+0111
    { 0x0116, 31 }, // U+0116
    { 0x0117, 52 }, // U+0117
    { 0x0118, 31 }, // U+0118
    { 0x0119, 52 }, // U+0119
    { 0x011A, 31 }, // U+011A
    { 0x011B, 52 }, // U+011B
    { 0x011E, 33 }, // U+011E
    { 0x011F, 56 }, // U+011F
    { 0x0129, 77 }, // U+0129
    { 0x012E, 34 }, // U+012E
    { 0x012F, 58 }, // U+012F
    { 0x0130, 34 }, // U+0130
    { 0x0131, 65 }, // U+0131
    { 0x013A, 60 }, // U+013A
    { 0x013D, 37 }, // U+013D
    { 0x013E, 78 }, // U+013E
    { 0x0141, 37 }, // U+0141
    { 0x0142, 79 }, // U+0142
    { 0x0144, 57 }, // U+0144
    { 0x0148, 57 }, // U+0148
    { 0x0151, 52 }, // U+0151
    { 0x0155, 62 }, // U+0155
    { 0x0158, 41 }, // U+0158
    { 0x0159, 80 }, // U+0159
    { 0x015A, 4 }, // U+015A
    { 0x015B, 63 }, // U+015B
    { 0x015E, 4 }, // U+015E
    { 0x015F, 63 }, // U+015F
    { 0x0160, 4 }, // U+0160
    { 0x0161, 63 }, // U+0161
    { 0x0163, 64 }, // U+0163
    { 0x0164, 42 }, // U+0164
    { 0x0165, 81 }, // U+0165
    { 0x016B, 65 }, // U+016B
    { 0x016E, 43 }, // U+016E
    { 0x016F, 65 }, // U+016F
    { 0x0170, 43 }, // U+0170
    { 0x0171, 65 }, // U+0171
    { 0x0172, 43 }, // U+0172
    { 0x0173, 65 }, // U+0173
    { 0x017A, 68 }, // U+017A
    { 0x017C, 68 }, // U+017C
    { 0x017D, 47 }, // U+017D
    { 0x017E, 68 }, // U+017E
    { 0x01A1, 82 }, // U+01A1
    { 0x01B0, 82 }, // U+01B0
    { 0x0218, 4 }, // U+0218
    { 0x0219, 63 }, // U+0219
    { 0x021A, 42 }, // U+021A
    { 0x021B, 64 }, // U+021B
    { 0x0404, 29 }, // U+0404
    { 0x0406, 34 }, // U+0406
    { 0x0410, 27 }, // U+0410
    { 0x0411, 83 }, // U+0411
    { 0x0412, 28 }, // U+0412
    { 0x0413, 84 }, // U+0413
    { 0x0414, 85 }, // U+0414
    { 0x0415, 31 }, // U+0415
    { 0x0416, 36 }, // U+0416
    { 0x0417, 28 }, // U+0417
    { 0x0418, 34 }, // U+0418
    { 0x0419, 34 }, // U+0419
    { 0x041A, 36 }, // U+041A
    { 0x041B, 34 }, // U+041B
    { 0x041C, 38 }, // U+041C
    { 0x041D, 34 }, // U+041D
    { 0x041E, 30 }, // U+041E
    { 0x041F, 34 }, // U+041F
    { 0x0420, 39 }, // U+0420
    { 0x0421, 29 }, // U+0421
    { 0x0422, 42 }, // U+0422
    { 0x0423, 86 }, // U+0423
    { 0x0424, 30 }, // U+0424
    { 0x0425, 36 }, // U+0425
    { 0x0426, 87 }, // U+0426
    { 0x0427, 34 }, // U+0427
    { 0x0428, 34 }, // U+0428
    { 0x0429, 87 }, // U+0429
    { 0x042B, 34 }, // U+042B
    { 0x042C, 88 }, // U+042C
    { 0x042D, 30 }, // U+042D
    { 0x042F, 34 }, // U+042F
    { 0x0430, 51 }, // U+0430
    { 0x0431, 52 }, // U+0431
    { 0x0432, 89 }, // U+0432
    { 0x0433, 90 }, // U+0433
    { 0x0434, 91 }, // U+0434
    { 0x0435, 52 }, // U+0435
    { 0x0436, 59 }, // U+0436
    { 0x0437, 89 }, // U+0437
    { 0x0438, 65 }, // U+0438
    { 0x0439, 65 }, // U+0439
    { 0x043A, 59 }, // U+043A
    { 0x043B, 65 }, // U+043B
    { 0x043C, 92 }, // U+043C
    { 0x043D, 65 }, // U+043D
    { 0x043E, 52 }, // U+043E
    { 0x043F, 65 }, // U+043F
    { 0x0440, 52 }, // U+0440
    { 0x0441, 53 }, // U+0441
    { 0x0442, 93 }, // U+0442
    { 0x0443, 66 }, // U+0443
    { 0x0444, 52 }, // U+0444
    { 0x0445, 59 }, // U+0445
    { 0x0446, 94 }, // U+0446
    { 0x0447, 65 }, // U+0447
    { 0x0448, 65 }, // U+0448
    { 0x0449, 94 }, // U+0449
    { 0x044A, 95 }, // U+044A
    { 0x044B, 65 }, // U+044B
    { 0x044C, 95 }, // U+044C
    { 0x044D, 52 }, // U+044D
    { 0x044E, 52 }, // U+044E
    { 0x044F, 65 }, // U+044F
    { 0x0451, 52 }, // U+0451
    { 0x0454, 53 }, // U+0454
    { 0x0456, 58 }, // U+0456
    { 0x0457, 77 }, // U+0457
    { 0x045E, 66 }, // U+045E
    { 0x0491, 96 }, // U+0491
    { 0x0492, 84 }, // U+0492
    { 0x0493, 90 }, // U+0493
    { 0x049A, 97 }, // U+049A
    { 0x049B, 98 }, // U+049B
    { 0x04A2, 87 }, // U+04A2
    { 0x04A3, 94 }, // U+04A3
    { 0x04AE, 46 }, // U+04AE
    { 0x04AF, 66 }, // U+04AF
    { 0x04B0, 46 }, // U+04B0
    { 0x04B1, 66 }, // U+04B1
    { 0x04D8, 30 }, // U+04D8
    { 0x04D9, 52 }, // U+04D9
    { 0x04E8, 30 }, // U+04E8
    { 0x04E9, 52 }, // U+04E9
    { 0x05BE, 99 }, // U+05BE
    { 0x05C3, 23 }, // U+05C3
    { 0x05D0, 100 }, // U+05D0
    { 0x05D1, 101 }, // U+05D1
    { 0x05D2, 101 }, // U+05D2
    { 0x05D3, 102 }, // U+05D3
    { 0x05D4, 103 }, // U+05D4
    { 0x05D5, 104 }, // U+05D5
    { 0x05D6, 105 }, // U+05D6
    { 0x05D7, 103 }, // U+05D7
    { 0x05D8, 106 }, // U+05D8
    { 0x05D9, 104 }, // U+05D9
    { 0x05DA, 102 }, // U+05DA
    { 0x05DB, 101 }, // U+05DB
    { 0x05DC, 102 }, // U+05DC
    { 0x05DD, 103 }, // U+05DD
    { 0x05DE, 107 }, // U+05DE
    { 0x05E0, 101 }, // U+05E0
    { 0x05E1, 108 }, // U+05E1
    { 0x05E2, 109 }, // U+05E2
    { 0x05E3, 110 }, // U+05E3
    { 0x05E4, 111 }, // U+05E4
    { 0x05E5, 112 }, // U+05E5
    { 0x05E6, 113 }, // U+05E6
    { 0x05E7, 103 }, // U+05E7
    { 0x05E8, 102 }, // U+05E8
    { 0x05E9, 106 }, // U+05E9
    { 0x05EA, 114 }, // U+05EA
    { 0x05F0, 104 }, // U+05F0
    { 0x05F1, 104 }, // U+05F1
    { 0x05F2, 104 }, // U+05F2
    { 0x05F3, 99 }, // U+05F3
    { 0x05F4, 99 }, // U+05F4
    { 0x0622, 115 }, // U+0622
    { 0x0623, 115 }, // U+0623
    { 0x0624, 116 }, // U+0624
    { 0x0625, 117 }, // U+0625
    { 0x0629, 118 }, // U+0629
    { 0x062F, 119 }, // U+062F
    { 0x0630, 119 }, // U+0630
    { 0x0631, 120 }, // U+0631
    { 0x0632, 120 }, // U+0632
    { 0x0647, 118 }, // U+0647
    { 0x0648, 116 }, // U+0648
    { 0x0660, 121 }, // U+0660
    { 0x0661, 122 }, // U+0661
    { 0x0662, 122 }, // U+0662
    { 0x0663, 122 }, // U+0663
    { 0x0664, 123 }, // U+0664
    { 0x0665, 124 }, // U+0665
    { 0x0666, 125 }, // U+0666
    { 0x0667, 126 }, // U+0667
    { 0x0668, 127 }, // U+0668
    { 0x0669, 128 }, // U+0669
    { 0x0671, 115 }, // U+0671
    { 0x0673, 117 }, // U+0673
    { 0x0676, 116 }, // U+0676
    { 0x0677, 116 }, // U+0677
    { 0x0688, 119 }, // U+0688
    { 0x0689, 119 }, // U+0689
    { 0x068A, 119 }, // U+068A
    { 0x068B, 119 }, // U+068B
    { 0x068C, 119 }, // U+068C
    { 0x068D, 119 }, // U+068D
    { 0x068E, 119 }, // U+068E
    { 0x068F, 119 }, // U+068F
    { 0x0690, 119 }, // U+0690
    { 0x0691, 120 }, // U+0691
    { 0x0692, 120 }, // U+0692
    { 0x0693, 120 }, // U+0693
    { 0x0694, 120 }, // U+0694
    { 0x0695, 120 }, // U+0695
    { 0x0696, 120 }, // U+0696
    { 0x0697, 120 }, // U+0697
    { 0x0698, 120 }, // U+0698
    { 0x0699, 120 }, // U+0699
    { 0x06C0, 118 }, // U+06C0
    { 0x06C1, 118 }, // U+06C1
    { 0x06C2, 118 }, // U+06C2
    { 0x06C3, 118 }, // U+06C3
    { 0x06C6, 116 }, // U+06C6
    { 0x06C7, 116 }, // U+06C7
    { 0x06C8, 116 }, // U+06C8
    { 0x06C9, 116 }, // U+06C9
    { 0x06CA, 116 }, // U+06CA
    { 0x06CB, 116 }, // U+06CB
    { 0x06CF, 116 }, // U+06CF
    { 0x06D5, 118 }, // U+06D5
    { 0x06EE, 119 }, // U+06EE
    { 0x06F0, 121 }, // U+06F0
    { 0x06F1, 122 }, // U+06F1
    { 0x06F2, 122 }, // U+06F2
    { 0x06F3, 122 }, // U+06F3
    { 0x06F6, 129 }, // U+06F6
    { 0x06F7, 126 }, // U+06F7
    { 0x06F8, 127 }, // U+06F8
    { 0x06F9, 128 }, // U+06F9
    { 0x1EA1, 51 }, // U+1EA1
    { 0x1EA2, 27 }, // U+1EA2
    { 0x1EA3, 51 }, // U+1EA3
    { 0x1EA5, 51 }, // U+1EA5
    { 0x1EA6, 27 }, // U+1EA6
    { 0x1EA7, 51 }, // U+1EA7
    { 0x1EA8, 27 }, // U+1EA8
    { 0x1EA9, 51 }, // U+1EA9
    { 0x1EAB, 51 }, // U+1EAB
    { 0x1EAC, 27 }, // U+1EAC
    { 0x1EAD, 51 }, // U+1EAD
    { 0x1EAE, 27 }, // U+1EAE
    { 0x1EAF, 51 }, // U+1EAF
    { 0x1EB1, 51 }, // U+1EB1
    { 0x1EB5, 51 }, // U+1EB5
    { 0x1EB7, 51 }, // U+1EB7
    { 0x1EB9, 52 }, // U+1EB9
    { 0x1EBB, 52 }, // U+1EBB
    { 0x1EBD, 52 }, // U+1EBD
    { 0x1EBF, 52 }, // U+1EBF
    { 0x1EC0, 31 }, // U+1EC0
    { 0x1EC1, 52 }, // U+1EC1
    { 0x1EC3, 52 }, // U+1EC3
    { 0x1EC7, 52 }, // U+1EC7
    { 0x1EC9, 58 }, // U+1EC9
    { 0x1ECB, 58 }, // U+1ECB
    { 0x1ECC, 30 }, // U+1ECC
    { 0x1ECD, 52 }, // U+1ECD
    { 0x1ECF, 52 }, // U+1ECF
    { 0x1ED0, 30 }, // U+1ED0
    { 0x1ED1, 52 }, // U+1ED1
    { 0x1ED2, 30 }, // U+1ED2
    { 0x1ED3, 52 }, // U+1ED3
    { 0x1ED5, 52 }, // U+1ED5
    { 0x1ED7, 52 }, // U+1ED7
    { 0x1ED8, 30 }, // U+1ED8
    { 0x1ED9, 52 }, // U+1ED9
    { 0x1EDB, 82 }, // U+1EDB
    { 0x1EDD, 82 }, // U+1EDD
    { 0x1EDE, 130 }, // U+1EDE
    { 0x1EDF, 82 }, // U+1EDF
    { 0x1EE1, 82 }, // U+1EE1
    { 0x1EE3, 82 }, // U+1EE3
    { 0x1EE5, 65 }, // U+1EE5
    { 0x1EE6, 43 }, // U+1EE6
    { 0x1EE7, 65 }, // U+1EE7
    { 0x1EE9, 82 }, // U+1EE9
    { 0x1EEB, 82 }, // U+1EEB
    { 0x1EED, 82 }, // U+1EED
    { 0x1EEF, 82 }, // U+1EEF
    { 0x1EF1, 82 }, // U+1EF1
    { 0x2013, 10 }, // U+2013
    { 0x2014, 10 }, // U+2014
    { 0x2018, 2 }, // U+2018
    { 0x2019, 2 }, // U+2019
    { 0x201C, 2 }, // U+201C
    { 0x201D, 2 }, // U+201D
    { 0x201E, 11 }, // U+201E
    { 0x2026, 11 }, // U+2026
    { 0xFB1D, 104 }, // U+FB1D
    { 0xFB1F, 104 }, // U+FB1F
    { 0xFB20, 113 }, // U+FB20
    { 0xFB21, 100 }, // U+FB21
    { 0xFB22, 102 }, // U+FB22
    { 0xFB23, 103 }, // U+FB23
    { 0xFB24, 101 }, // U+FB24
    { 0xFB25, 102 }, // U+FB25
    { 0xFB26, 103 }, // U+FB26
    { 0xFB27, 102 }, // U+FB27
    { 0xFB28, 114 }, // U+FB28
    { 0xFB2A, 106 }, // U+FB2A
    { 0xFB2B, 106 }, // U+FB2B
    { 0xFB2C, 106 }, // U+FB2C
    { 0xFB2D, 106 }, // U+FB2D
    { 0xFB2E, 100 }, // U+FB2E
    { 0xFB2F, 100 }, // U+FB2F
    { 0xFB30, 100 }, // U+FB30
    { 0xFB31, 101 }, // U+FB31
    { 0xFB32, 101 }, // U+FB32
    { 0xFB33, 102 }, // U+FB33
    { 0xFB34, 103 }, // U+FB34
    { 0xFB35, 131 }, // U+FB35
    { 0xFB36, 105 }, // U+FB36
    { 0xFB38, 103 }, // U+FB38
    { 0xFB39, 132 }, // U+FB39
    { 0xFB3A, 102 }, // U+FB3A
    { 0xFB3B, 101 }, // U+FB3B
    { 0xFB3C, 102 }, // U+FB3C
    { 0xFB3E, 103 }, // U+FB3E
    { 0xFB40, 101 }, // U+FB40
    { 0xFB41, 108 }, // U+FB41
    { 0xFB43, 110 }, // U+FB43
    { 0xFB44, 111 }, // U+FB44
    { 0xFB46, 113 }, // U+FB46
    { 0xFB47, 103 }, // U+FB47
    { 0xFB48, 102 }, // U+FB48
    { 0xFB49, 106 }, // U+FB49
    { 0xFB4A, 114 }, // U+FB4A
    { 0xFB4B, 104 }, // U+FB4B
    { 0xFB4C, 101 }, // U+FB4C
    { 0xFB4D, 101 }, // U+FB4D
    { 0xFB4E, 111 }, // U+FB4E
    { 0xFB83, 119 }, // U+FB83
    { 0xFB85, 119 }, // U+FB85
    { 0xFB87, 119 }, // U+FB87
    { 0xFB89, 119 }, // U+FB89
    { 0xFB8B, 120 }, // U+FB8B
    { 0xFB8D, 120 }, // U+FB8D
    { 0xFBDA, 116 }, // U+FBDA
    { 0xFBDC, 116 }, // U+FBDC
    { 0xFBDF, 116 }, // U+FBDF
    { 0xFBE3, 116 }, // U+FBE3
    { 0xFC5B, 119 }, // U+FC5B
    { 0xFC5C, 120 }, // U+FC5C
    { 0xFD3D, 115 }, // U+FD3D
    { 0xFE86, 116 }, // U+FE86
    { 0xFEAA, 119 }, // U+FEAA
    { 0xFEAC, 119 }, // U+FEAC
    { 0xFEAE, 120 }, // U+FEAE
    { 0xFEB0, 120 }, // U+FEB0
    { 0xFEEE, 116 }, // U+FEEE
};

static const EpdKernClassEntry firago_18_semiboldKernRightClasses[] = {
    { 0x0021, 1 }, // !
    { 0x0022, 2 }, // "
    { 0x0023, 3 }, // #
    { 0x0024, 4 }, // $
    { 0x0025, 5 }, // %
    { 0x0026, 6 }, // &
    { 0x0027, 2 }, // '
    { 0x0029, 7 }, // )
    { 0x002A, 8 }, // *
    { 0x002B, 9 }, // +
    { 0x002C, 10 }, // ,
    { 0x002D, 11 }, // -
    { 0x002E, 12 }, // .
    { 0x002F, 13 }, // /
    { 0x0030, 14 }, // 0
    { 0x0031, 15 }, // 1
    { 0x0032, 16 }, // 2
    { 0x0033, 17 }, // 3
    { 0x0034, 18 }, // 4
    { 0x0035, 19 }, // 5
    { 0x0036, 20 }, // 6
    { 0x0037, 21 }, // 7
    { 0x0038, 22 }, // 8
    { 0x0039, 23 }, // 9
    { 0x003A, 24 }, // :
    { 0x003B, 24 }, // ;
    { 0x003C, 25 }, // <
    { 0x003D, 25 }, // =
    { 0x003E, 25 }, // >
    { 0x003F, 26 }, // ?
    { 0x0040, 27 }, // @
    { 0x0041, 28 }, // A
    { 0x0042, 29 }, // B
    { 0x0043, 30 }, // C
    { 0x0044, 29 }, // D
    { 0x0045, 29 }, // E
    { 0x0046, 29 }, // F
    { 0x0047, 30 }, // G
    { 0x0048, 29 }, // H
    { 0x0049, 29 }, // I
    { 0x004A, 31 }, // J
    { 0x004B, 29 }, // K
    { 0x004C, 29 }, // L
    { 0x004D, 32 }, // M
    { 0x004E, 29 }, // N
    { 0x004F, 30 }, // O
    { 0x0050, 29 }, // P
    { 0x0051, 30 }, // Q
    { 0x0052, 29 }, // R
    { 0x0053, 4 }, // S
    { 0x0054, 33 }, // T
    { 0x0055, 34 }, // U
    { 0x0056, 35 }, // V
    { 0x0057, 36 }, // W
    { 0x0058, 37 }, // X
    { 0x0059, 38 }, // Y
    { 0x005A, 39 }, // Z
    { 0x005C, 40 }, // <backslash>
    { 0x005D, 41 }, // ]
    { 0x005F, 42 }, // _
    { 0x0061, 43 }, // a
    { 0x0062, 44 }, // b
    { 0x0063, 45 }, // c
    { 0x0064, 45 }, // d
    { 0x0065, 45 }, // e
    { 0x0066, 46 }, // f
    { 0x0067, 47 }, // g
    { 0x0068, 44 }, // h
    { 0x0069, 48 }, // i
    { 0x006A, 49 }, // j
    { 0x006B, 44 }, // k
    { 0x006C, 50 }, // l
    { 0x006D, 51 }, // m
    { 0x006E, 51 }, // n
    { 0x006F, 45 }, // o
    { 0x0070, 51 }, // p
    { 0x0071, 45 }, // q
    { 0x0072, 51 }, // r
    { 0x0073, 52 }, // s
    { 0x0074, 53 }, // t
    { 0x0075, 54 }, // u
    { 0x0076, 55 }, // v
    { 0x0077, 56 }, // w
    { 0x0078, 57 }, // x
    { 0x0079, 58 }, // y
    { 0x007A, 59 }, // z
    { 0x007C, 60 }, // |
    { 0x007D, 61 }, // }
    { 0x007E, 9 }, // ~
    { 0x00A1, 62 }, // U+00A1
    { 0x00AB, 63 }, // U+00AB
    { 0x00B0, 64 }, // U+00B0
    { 0x00B7, 9 }, // U+00B7
    { 0x00BB, 65 }, // U+00BB
    { 0x00BF, 66 }, // U+00BF
    { 0x00C0, 28 }, // U+00C0
    { 0x00C1, 28 }, // U+00C1
    { 0x00C2, 28 }, // U+00C2
    { 0x00C4, 28 }, // U+00C4
    { 0x00C5, 28 }, // U+00C5
    { 0x00C6, 67 }, // U+00C6
    { 0x00C7, 30 }, // U+00C7
    { 0x00C9, 29 }, // U+00C9
    { 0x00CA, 29 }, // U+00CA
    { 0x00CD, 68 }, // U+00CD
    { 0x00CE, 68 }, // U+00CE
    { 0x00D2, 30 }, // U+00D2
    { 0x00D3, 30 }, // U+00D3
    { 0x00D6, 30 }, // U+00D6
    { 0x00D8, 30 }, // U+00D8
    { 0x00D9, 34 }, // U+00D9
    { 0x00DA, 34 }, // U+00DA
    { 0x00DC, 34 }, // U+00DC
    { 0x00DD, 38 }, // U+00DD
    { 0x00DF, 44 }, // U+00DF
    { 0x00E0, 43 }, // U+00E0
    { 0x00E1, 43 }, // U+00E1
    { 0x00E2, 43 }, // U+00E2
    { 0x00E3, 43 }, // U+00E3
    { 0x00E4, 43 }, // U+00E4
    { 0x00E5, 43 }, // U+00E5
    { 0x00E6, 43 }, // U+00E6
    { 0x00E7, 45 }, // U+00E7
    { 0x00E8, 45 }, // U+00E8
    { 0x00E9, 45 }, // U+00E9
    { 0x00EA, 45 }, // U+00EA
    { 0x00EB, 45 }, // U+00EB
    { 0x00EC, 69 }, // U+00EC
    { 0x00ED, 69 }, // U+00ED
    { 0x00EE, 69 }, // U+00EE
    { 0x00EF, 69 }, // U+00EF
    { 0x00F1, 51 }, // U+00F1
    { 0x00F2, 45 }, // U+00F2
    { 0x00F3, 45 }, // U+00F3
    { 0x00F4, 45 }, // U+00F4
    { 0x00F5, 45 }, // U+00F5
    { 0x00F6, 45 }, // U+00F6
    { 0x00F8, 45 }, // U+00F8
    { 0x00F9, 54 }, // U+00F9
    { 0x00FA, 54 }, // U+00FA
    { 0x00FC, 54 }, // U+00FC
    { 0x00FD, 55 }, // U+00FD
    { 0x0103, 43 }, // U+0103
    { 0x0105, 43 }, // U+0105
    { 0x0107, 45 }, // U+0107
    { 0x010C, 30 }, // U+010C
    { 0x010D, 45 }, // U+010D
    { 0x010E, 29 }, // U+010E
    { 0x010F, 45 }, // U+010F
    { 0x0110, 29 }, // U+0110
    { 0x0111, 45 }, // U+0111
    { 0x0116, 29 }, // U+0116
    { 0x0117, 45 }, // U+0117
    { 0x0118, 29 }, // U+0118
    { 0x0119, 45 }, // U+0119
    { 0x011A, 29 }, // U+011A
    { 0x011B, 45 }, // U+011B
    { 0x011E, 30 }, // U+011E
    { 0x011F, 47 }, // U+011F
    { 0x0129, 69 }, // U+0129
    { 0x012E, 70 }, // U+012E
    { 0x012F, 71 }, // U+012F
    { 0x0130, 29 }, // U+0130
    { 0x0131, 51 }, // U+0131
    { 0x013A, 44 }, // U+013A
    { 0x013D, 29 }, // U+013D
    { 0x013E, 44 }, // U+013E
    { 0x0141, 29 }, // U+0141
    { 0x0142, 72 }, // U+0142
    { 0x0144, 51 }, // U+0144
    { 0x0148, 51 }, // U+0148
    { 0x0151, 45 }, // U+0151
    { 0x0155, 51 }, // U+0155
    { 0x0158, 29 }, // U+0158
    { 0x0159, 51 }, // U+0159
    { 0x015A, 4 }, // U+015A
    { 0x015B, 52 }, // U+015B
    { 0x015E, 4 }, // U+015E
    { 0x015F, 52 }, // U+015F
    { 0x0160, 4 }, // U+0160
    { 0x0161, 52 }, // U+0161
    { 0x0163, 53 }, // U+0163
    { 0x0164, 33 }, // U+0164
    { 0x0165, 53 }, // U+0165
    { 0x016B, 54 }, // U+016B
    { 0x016E, 34 }, // U+016E
    { 0x016F, 54 }, // U+016F
    { 0x0170, 34 }, // U+0170
    { 0x0171, 54 }, // U+0171
    { 0x0172, 34 }, // U+0172
    { 0x0173, 54 }, // U+0173
    { 0x017A, 59 }, // U+017A
    { 0x017C, 59 }, // U+017C
    { 0x017D, 39 }, // U+017D
    { 0x017E, 59 }, // U+017E
    { 0x01A1, 45 }, // U+01A1
    { 0x01B0, 54 }, // U+01B0
    { 0x0218, 4 }, // U+0218
    { 0x0219, 52 }, // U+0219
    { 0x021A, 33 }, // U+021A
    { 0x021B, 53 }, // U+021B
    { 0x0404, 30 }, // U+0404
    { 0x0406, 29 }, // U+0406
    { 0x0410, 28 }, // U+0410
    { 0x0411, 29 }, // U+0411
    { 0x0412, 29 }, // U+0412
    { 0x0413, 29 }, // U+0413
    { 0x0414, 73 }, // U+0414
    { 0x0415, 29 }, // U+0415
    { 0x0416, 37 }, // U+0416
    { 0x0417, 74 }, // U+0417
    { 0x0418, 29 }, // U+0418
    { 0x0419, 29 }, // U+0419
    { 0x041A, 29 }, // U+041A
    { 0x041B, 75 }, // U+041B
    { 0x041C, 32 }, // U+041C
    { 0x041D, 29 }, // U+041D
    { 0x041E, 30 }, // U+041E
    { 0x041F, 29 }, // U+041F
    { 0x0420, 29 }, // U+0420
    { 0x0421, 30 }, // U+0421
    { 0x0422, 33 }, // U+0422
    { 0x0423, 76 }, // U+0423
    { 0x0424, 30 }, // U+0424
    { 0x0425, 37 }, // U+0425
    { 0x0426, 29 }, // U+0426
    { 0x0427, 77 }, // U+0427
    { 0x0428, 29 }, // U+0428
    { 0x0429, 29 }, // U+0429
    { 0x042B, 29 }, // U+042B
    { 0x042C, 29 }, // U+042C
    { 0x042D, 74 }, // U+042D
    { 0x042F, 78 }, // U+042F
    { 0x0430, 43 }, // U+0430
    { 0x0431, 79 }, // U+0431
    { 0x0432, 51 }, // U+0432
    { 0x0433, 51 }, // U+0433
    { 0x0434, 80 }, // U+0434
    { 0x0435, 45 }, // U+0435
    { 0x0436, 57 }, // U+0436
    { 0x0437, 81 }, // U+0437
    { 0x0438, 51 }, // U+0438
    { 0x0439, 51 }, // U+0439
    { 0x043A, 51 }, // U+043A
    { 0x043B, 82 }, // U+043B
    { 0x043C, 83 }, // U+043C
    { 0x043D, 51 }, // U+043D
    { 0x043E, 45 }, // U+043E
    { 0x043F, 51 }, // U+043F
    { 0x0441, 45 }, // U+0441
    { 0x0442, 84 }, // U+0442
    { 0x0443, 55 }, // U+0443
    { 0x0444, 45 }, // U+0444
    { 0x0445, 57 }, // U+0445
    { 0x0446, 51 }, // U+0446
    { 0x0447, 85 }, // U+0447
    { 0x0448, 51 }, // U+0448
    { 0x0449, 51 }, // U+0449
    { 0x044A, 86 }, // U+044A
    { 0x044B, 51 }, // U+044B
    { 0x044C, 51 }, // U+044C
    { 0x044D, 81 }, // U+044D
    { 0x044E, 51 }, // U+044E
    { 0x044F, 87 }, // U+044F
    { 0x0451, 45 }, // U+0451
    { 0x0454, 45 }, // U+0454
    { 0x0456, 48 }, // U+0456
    { 0x0457, 69 }, // U+0457
    { 0x045E, 55 }, // U+045E
    { 0x0491, 51 }, // U+0491
    { 0x0492, 29 }, // U+0492
    { 0x0493, 51 }, // U+0493
    { 0x049A, 29 }, // U+049A
    { 0x049B, 51 }, // U+049B
    { 0x04A2, 29 }, // U+04A2
    { 0x04A3, 51 }, // U+04A3
    { 0x04AE, 38 }, // U+04AE
    { 0x04AF, 55 }, // U+04AF
    { 0x04B0, 38 }, // U+04B0
    { 0x04B1, 55 }, // U+04B1
    { 0x04D8, 30 }, // U+04D8
    { 0x04D9, 45 }, // U+04D9
    { 0x04E8, 30 }, // U+04E8
    { 0x04E9, 45 }, // U+04E9
    { 0x05BE, 88 }, // U+05BE
    { 0x05C3, 24 }, // U+05C3
    { 0x05D0, 89 }, // U+05D0
    { 0x05D1, 90 }, // U+05D1
    { 0x05D2, 91 }, // U+05D2
    { 0x05D3, 92 }, // U+05D3
    { 0x05D4, 91 }, // U+05D4
    { 0x05D5, 93 }, // U+05D5
    { 0x05D6, 92 }, // U+05D6
    { 0x05D7, 91 }, // U+05D7
    { 0x05D8, 94 }, // U+05D8
    { 0x05D9, 93 }, // U+05D9
    { 0x05DA, 91 }, // U+05DA
    { 0x05DB, 94 }, // U+05DB
    { 0x05DC, 94 }, // U+05DC
    { 0x05DD, 91 }, // U+05DD
    { 0x05DE, 91 }, // U+05DE
    { 0x05DF, 93 }, // U+05DF
    { 0x05E0, 91 }, // U+05E0
    { 0x05E1, 94 }, // U+05E1
    { 0x05E2, 95 }, // U+05E2
    { 0x05E3, 91 }, // U+05E3
    { 0x05E4, 94 }, // U+05E4
    { 0x05E5, 96 }, // U+05E5
    { 0x05E6, 97 }, // U+05E6
    { 0x05E7, 94 }, // U+05E7
    { 0x05E8, 91 }, // U+05E8
    { 0x05E9, 95 }, // U+05E9
    { 0x05EA, 91 }, // U+05EA
    { 0x05F0, 93 }, // U+05F0
    { 0x05F1, 93 }, // U+05F1
    { 0x05F2, 93 }, // U+05F2
    { 0x05F3, 88 }, // U+05F3
    { 0x05F4, 88 }, // U+05F4
    { 0x0620, 98 }, // U+0620
    { 0x0622, 99 }, // U+0622
    { 0x0623, 99 }, // U+0623
    { 0x0624, 100 }, // U+0624
    { 0x0625, 101 }, // U+0625
    { 0x0626, 98 }, // U+0626
    { 0x0627, 102 }, // U+0627
    { 0x0628, 98 }, // U+0628
    { 0x0629, 103 }, // U+0629
    { 0x062A, 98 }, // U+062A
    { 0x062F, 98 }, // U+062F
    { 0x0630, 98 }, // U+0630
    { 0x0631, 104 }, // U+0631
    { 0x0632, 104 }, // U+0632
    { 0x0633, 98 }, // U+0633
    { 0x0634, 98 }, // U+0634
    { 0x0635, 98 }, // U+0635
    { 0x0636, 98 }, // U+0636
    { 0x0637, 98 }, // U+0637
    { 0x0638, 98 }, // U+0638
    { 0x063B, 105 }, // U+063B
    { 0x063C, 105 }, // U+063C
    { 0x0645, 98 }, // U+0645
    { 0x0647, 103 }, // U+0647
    { 0x0648, 100 }, // U+0648
    { 0x0649, 98 }, // U+0649
    { 0x064A, 98 }, // U+064A
    { 0x0660, 106 }, // U+0660
    { 0x0662, 107 }, // U+0662
    { 0x0663, 107 }, // U+0663
    { 0x0664, 108 }, // U+0664
    { 0x0665, 109 }, // U+0665
    { 0x0667, 110 }, // U+0667
    { 0x0668, 111 }, // U+0668
    { 0x0669, 112 }, // U+0669
    { 0x066E, 98 }, // U+066E
    { 0x0671, 99 }, // U+0671
    { 0x0672, 102 }, // U+0672
    { 0x0673, 101 }, // U+0673
    { 0x0676, 100 }, // U+0676
    { 0x0677, 100 }, // U+0677
    { 0x0678, 98 }, // U+0678
    { 0x0679, 98 }, // U+0679
    { 0x067A, 98 }, // U+067A
    { 0x067B, 98 }, // U+067B
    { 0x067D, 98 }, // U+067D
    { 0x067E, 98 }, // U+067E
    { 0x067F, 98 }, // U+067F
    { 0x0680, 98 }, // U+0680
    { 0x0688, 98 }, // U+0688
    { 0x068C, 98 }, // U+068C
    { 0x068E, 98 }, // U+068E
    { 0x068F, 98 }, // U+068F
    { 0x0690, 98 }, // U+0690
    { 0x0691, 104 }, // U+0691
    { 0x0692, 104 }, // U+0692
    { 0x0693, 104 }, // U+0693
    { 0x0694, 104 }, // U+0694
    { 0x0695, 104 }, // U+0695
    { 0x0696, 104 }, // U+0696
    { 0x0697, 104 }, // U+0697
    { 0x0698, 104 }, // U+0698
    { 0x0699, 104 }, // U+0699
    { 0x069A, 98 }, // U+069A
    { 0x069B, 98 }, // U+069B
    { 0x069C, 98 }, // U+069C
    { 0x069D, 98 }, // U+069D
    { 0x069E, 98 }, // U+069E
    { 0x069F, 98 }, // U+069F
    { 0x06A9, 105 }, // U+06A9
    { 0x06AA, 105 }, // U+06AA
    { 0x06AB, 105 }, // U+06AB
    { 0x06AF, 105 }, // U+06AF
    { 0x06B0, 105 }, // U+06B0
    { 0x06B1, 105 }, // U+06B1
    { 0x06B2, 105 }, // U+06B2
    { 0x06B3, 105 }, // U+06B3
    { 0x06B4, 105 }, // U+06B4
    { 0x06BE, 98 }, // U+06BE
    { 0x06C0, 103 }, // U+06C0
    { 0x06C1, 103 }, // U+06C1
    { 0x06C2, 103 }, // U+06C2
    { 0x06C3, 103 }, // U+06C3
    { 0x06C6, 100 }, // U+06C6
    { 0x06C7, 100 }, // U+06C7
    { 0x06C8, 100 }, // U+06C8
    { 0x06C9, 100 }, // U+06C9
    { 0x06CA, 100 }, // U+06CA
    { 0x06CB, 100 }, // U+06CB
    { 0x06CC, 98 }, // U+06CC
    { 0x06CD, 98 }, // U+06CD
    { 0x06CE, 98 }, // U+06CE
    { 0x06CF, 100 }, // U+06CF
    { 0x06D0, 98 }, // U+06D0
    { 0x06D1, 98 }, // U+06D1
    { 0x06D5, 103 }, // U+06D5
    { 0x06EE, 98 }, // U+06EE
    { 0x06F0, 106 }, // U+06F0
    { 0x06F2, 107 }, // U+06F2
    { 0x06F3, 107 }, // U+06F3
    { 0x06F4, 107 }, // U+06F4
    { 0x06F6, 110 }, // U+06F6
    { 0x06F7, 110 }, // U+06F7
    { 0x06F8, 111 }, // U+06F8
    { 0x06F9, 112 }, // U+06F9
    { 0x06FA, 98 }, // U+06FA
    { 0x06FB, 98 }, // U+06FB
    { 0x06FF, 98 }, // U+06FF
    { 0x075C, 98 }, // U+075C
    { 0x1EA1, 43 }, // U+1EA1
    { 0x1EA2, 28 }, // U+1EA2
    { 0x1EA3, 43 }, // U+1EA3
    { 0x1EA5, 43 }, // U+1EA5
    { 0x1EA6, 28 }, // U+1EA6
    { 0x1EA7, 43 }, // U+1EA7
    { 0x1EA8, 28 }, // U+1EA8
    { 0x1EA9, 43 }, // U+1EA9
    { 0x1EAB, 43 }, // U+1EAB
    { 0x1EAC, 28 }, // U+1EAC
    { 0x1EAD, 43 }, // U+1EAD
    { 0x1EAE, 28 }, // U+1EAE
    { 0x1EAF, 43 }, // U+1EAF
    { 0x1EB1, 43 }, // U+1EB1
    { 0x1EB5, 43 }, // U+1EB5
    { 0x1EB7, 43 }, // U+1EB7
    { 0x1EB9, 45 }, // U+1EB9
    { 0x1EBB, 45 }, // U+1EBB
    { 0x1EBD, 45 }, // U+1EBD
    { 0x1EBF, 45 }, // U+1EBF
    { 0x1EC0, 29 }, // U+1EC0
    { 0x1EC1, 45 }, // U+1EC1
    { 0x1EC3, 45 }, // U+1EC3
    { 0x1EC7, 45 }, // U+1EC7
    { 0x1EC9, 48 }, // U+1EC9
    { 0x1ECB, 48 }, // U+1ECB
    { 0x1ECC, 30 }, // U+1ECC
    { 0x1ECD, 45 }, // U+1ECD
    { 0x1ECF, 45 }, // U+1ECF
    { 0x1ED0, 30 }, // U+1ED0
    { 0x1ED1, 45 }, // U+1ED1
    { 0x1ED2, 30 }, // U+1ED2
    { 0x1ED3, 45 }, // U+1ED3
    { 0x1ED5, 45 }, // U+1ED5
    { 0x1ED7, 45 }, // U+1ED7
    { 0x1ED8, 30 }, // U+1ED8
    { 0x1ED9, 45 }, // U+1ED9
    { 0x1EDB, 45 }, // U+1EDB
    { 0x1EDD, 45 }, // U+1EDD
    { 0x1EDE, 30 }, // U+1EDE
    { 0x1EDF, 45 }, // U+1EDF
    { 0x1EE1, 45 }, // U+1EE1
    { 0x1EE3, 45 }, // U+1EE3
    { 0x1EE5, 54 }, // U+1EE5
    { 0x1EE6, 34 }, // U+1EE6
    { 0x1EE7, 54 }, // U+1EE7
    { 0x1EE9, 54 }, // U+1EE9
    { 0x1EEB, 54 }, // U+1EEB
    { 0x1EED, 54 }, // U+1EED
    { 0x1EEF, 54 }, // U+1EEF
    { 0x1EF1, 54 }, // U+1EF1
    { 0x2013, 9 }, // U+2013
    { 0x2014, 9 }, // U+2014
    { 0x2018, 2 }, // U+2018
    { 0x2019, 2 }, // U+2019
    { 0x201C, 2 }, // U+201C
    { 0x201D, 2 }, // U+201D
    { 0x201E, 12 }, // U+201E
    { 0x2026, 12 }, // U+2026
    { 0xFB1D, 93 }, // U+FB1D
    { 0xFB1F, 93 }, // U+FB1F
    { 0xFB20, 95 }, // U+FB20
    { 0xFB21, 89 }, // U+FB21
    { 0xFB22, 92 }, // U+FB22
    { 0xFB23, 91 }, // U+FB23
    { 0xFB24, 94 }, // U+FB24
    { 0xFB25, 94 }, // U+FB25
    { 0xFB26, 91 }, // U+FB26
    { 0xFB27, 91 }, // U+FB27
    { 0xFB28, 91 }, // U+FB28
    { 0xFB2A, 95 }, // U+FB2A
    { 0xFB2B, 95 }, // U+FB2B
    { 0xFB2C, 95 }, // U+FB2C
    { 0xFB2D, 95 }, // U+FB2D
    { 0xFB2E, 89 }, // U+FB2E
    { 0xFB2F, 89 }, // U+FB2F
    { 0xFB30, 89 }, // U+FB30
    { 0xFB31, 90 }, // U+FB31
    { 0xFB32, 91 }, // U+FB32
    { 0xFB33, 92 }, // U+FB33
    { 0xFB34, 91 }, // U+FB34
    { 0xFB35, 93 }, // U+FB35
    { 0xFB36, 92 }, // U+FB36
    { 0xFB38, 94 }, // U+FB38
    { 0xFB39, 93 }, // U+FB39
    { 0xFB3A, 91 }, // U+FB3A
    { 0xFB3B, 94 }, // U+FB3B
    { 0xFB3C, 94 }, // U+FB3C
    { 0xFB3E, 91 }, // U+FB3E
    { 0xFB40, 91 }, // U+FB40
    { 0xFB41, 94 }, // U+FB41
    { 0xFB43, 91 }, // U+FB43
    { 0xFB44, 94 }, // U+FB44
    { 0xFB46, 97 }, // U+FB46
    { 0xFB47, 94 }, // U+FB47
    { 0xFB48, 91 }, // U+FB48
    { 0xFB49, 95 }, // U+FB49
    { 0xFB4A, 91 }, // U+FB4A
    { 0xFB4B, 93 }, // U+FB4B
    { 0xFB4C, 90 }, // U+FB4C
    { 0xFB4D, 94 }, // U+FB4D
    { 0xFB4E, 94 }, // U+FB4E
    { 0xFB4F, 89 }, // U+FB4F
    { 0xFB60, 98 }, // U+FB60
    { 0xFB64, 98 }, // U+FB64
    { 0xFB68, 98 }, // U+FB68
    { 0xFB90, 105 }, // U+FB90
    { 0xFB94, 105 }, // U+FB94
    { 0xFB98, 105 }, // U+FB98
    { 0xFB9C, 105 }, // U+FB9C
    { 0xFBA2, 98 }, // U+FBA2
    { 0xFBAC, 98 }, // U+FBAC
    { 0xFBD5, 105 }, // U+FBD5
    { 0xFBD8, 100 }, // U+FBD8
    { 0xFBDA, 100 }, // U+FBDA
    { 0xFBDC, 100 }, // U+FBDC
    { 0xFBDF, 100 }, // U+FBDF
    { 0xFBE3, 100 }, // U+FBE3
    { 0xFBE8, 98 }, // U+FBE8
    { 0xFC5B, 98 }, // U+FC5B
    { 0xFC5C, 104 }, // U+FC5C
    { 0xFD3D, 99 }, // U+FD3D
    { 0xFDF2, 102 }, // U+FDF2
    { 0xFE86, 100 }, // U+FE86
    { 0xFE8B, 98 }, // U+FE8B
    { 0xFE97, 98 }, // U+FE97
    { 0xFE9B, 98 }, // U+FE9B
    { 0xFEB3, 98 }, // U+FEB3
    { 0xFEB7, 98 }, // U+FEB7
    { 0xFEBB, 98 }, // U+FEBB
    { 0xFEBF, 98 }, // U+FEBF
    { 0xFEC3, 98 }, // U+FEC3
    { 0xFEC7, 98 }, // U+FEC7
    { 0xFEDB, 105 }, // U+FEDB
    { 0xFEE3, 98 }, // U+FEE3
    { 0xFEE7, 98 }, // U+FEE7
    { 0xFEEB, 98 }, // U+FEEB
    { 0xFEEE, 100 }, // U+FEEE
    { 0xFEF5, 98 }, // U+FEF5
    { 0xFEF7, 98 }, // U+FEF7
    { 0xFEF9, 98 }, // U+FEF9
    { 0xFEFB, 98 }, // U+FEFB
};

static const int8_t firago_18_semiboldKernMatrix[] = {
       0,    0,    0,    0,    0,    0,    0,    8,    0,    0,    0,    0,    0,    0,    0,    0,    0,    0,    0,    0,    0,    0,    0,    0,    0,  -12,    0,    2,    0,    0,    0,    0,    0,    0,    0,    0,    0,    0,    0,    0,    0,    0,    0,    0,    0,    0,    0,    0,    0,    0,    0,    0,    0,    0,    0,    0,    0,    0,    0,    0,    0,    0,    0,    0,    0,    0,    0,    0,    0,    0,    0,    0,    0,    0,    0,    0,    0,    0,    0,    0,    0,    0,    0,    0,    0,    0,    0,    0,    0,    0,    0,    0,    0,    0,    0,    0,    0,    0,    0,    0,    0,    0,    0,    0,    0,    0,    0,    0,    0,    0,    0,    0,
       0,    0,  -18,    0,    0,    0,    0,    6,    0,  -60,    0,  -60,  -60,   -6,    0,    0,    0,  -24,    0,   -6,    8,   -9,    0,    0,    0,    0,  -12,  -18,    0,    0,  -12,    0,    6,    0,    6,    0,    0,    6,   -6,    0,    6,  -60,   -9,    0,   -6,    0,    0,    0,    0,    0,    0,   -6,    6,    0,    0,    0,    0,    0,   -6,    0,    6,    0,  -12,    0,    0,  -60,  -36,    0,   31,    0,    0,   -4,  -21,    0,  -18,    0,   12,    0,    0,  -18,    0,  -18,    0,    6,    0,    6,  -12,    0,    0,    0,  -12,    0,    0,  -15,    0,    0,    0,    0,    0,    0,    0,    0,    0,    0,    0,    0,    0,    0,    0,    0,    0,    0,
       0,    0,    0,   -4,    0,  -12,    0,   12,   -5,  -24,   -5,  -24,    0,    0,    0,   -2,   -2,    0,    0,    0,    4,    0,    0,    0,    0,  -12,    0,   -6,    0,   -4,    0,    0,    0,    0,    0,    0,   -3,   -3,   -9,  -12,    0,  -48,  -10,    0,   -6,    0,   -3,    0,   -6,    0,   -3,   -4,    0,   -6,    6,    0,    0,    6,   -3,    0,    0,    0,    0,    0,    0,    0,   -8,    0,   14,    0,    0,    0,   -7,  -12,   -9,   -3,    6,    0,    0,  -11,   -6,  -11,   -3,    0,    0,    0,   -3,    0,    0,    0,    0,    0,    0,    0,    0,    0,    0,    0,    0,    0,    0,    0,    0,    0,    0,    0,    0,    0,    0,    0,    0,    0,
       0,   -6,    0,   -7,    0,    0,    0,    0,    0,    0,    0,    0,    0,    0,  -20,   -6,    0,    0,    0,    0,  -12,    0,  -10,    0,    0,  -12,    0,   -3,    0,    0,   -4,   -6,  -13,    0,  -12,   -6,   -5,  -12,   -9,  -18,    0,  -18,    0,    0,    0,   -6,    0,    0,    0,    0,    0,    0,    0,    0,   -4,    0,    0,   -4,   -4,    0,    0,    0,    0,    0,    0,    0,   -6,    0,    0,    0,    0,    0,    0,   -9,    0,   -7,  -11,    0,    0,    0,   -6,    0,    0,  -12,    0,  -12,    0,    0,    0,    0,    0,    0,    0,    0,    0,    0,    0,    0,    0,    0,    0,    0,    0,    0,    0,    0,    0,    0,    0,    0,    0,    0,
       0,  -36,    0,    0,    0,    0,    0,  -30,    0,    0,    0,    0,    0,    0,  -36,    0,    0,    0,    0,    0,    0,    0,    0,    0,    0,  -36,    0,    0,    0,    0,    0,    0,    0,    0,    0,    0,    0,    0,    0,  -36,    0,    0,    0,    0,    0,    0,    0,    0,    0,    0,    0,    0,    0,    0,    0,    0,    0,    0,    0,    0,    0,    0,    0,    0,    0,    0,    0,    0,    0,    0,    0,    0,    0,    0,    0,    0,    0,    0,    0,    0,    0,    0,    0,    0,    0,    0,    0,    0,    0,    0,    0,    0,    0,    0,    0,    0,    0,    0,    0,    0,    0,    0,    0,    0,    0,    0,    0,    0,    0,    0,    0,    0,
       0,  -48,    0,    0,  -24,    0,    0,  -24,    0,    0,    0,    0,  -24,    0,  -44,    0,    0,  -12,  -12,    0,  -18,    0,  -12,    0,    0,  -48,  -12,    0,    0,    0,   -6,    0,  -47,    0,  -26,  -10,    0,  -44,   -6,  -60,    0,    0,   -9,    0,    0,  -12,    0,    0,    0,    0,    0,    0,    0,    0,  -12,   -9,    0,  -12,    0,    0,    0,    0,    0,    0,    0,    0,    0,    0,    0,    0,    0,    0,    0,   -6,    0,  -32,  -24,    0,    0,    0,    0,    0,    0,  -36,    0,  -36,    0,    0,    0,    0,    0,    0,    0,    0,    0,    0,    0,    0,    0,    0,    0,    0,    0,    0,    0,    0,    0,    0,    0,    0,    0,    0,
       0,    0,    0,    0,    0,    0,    0,    0,    0,    0,    0,    0,    0,    0,  -12,    0,    0,   -6,    0,    0,    0,    0,    0,    0,    0,    0,    0,    0,    2,    0,   12,    0,    0,    0,    0,    0,    0,    0,    0,    0,    0,    8,    0,    0,    0,   14,    0,    0,   34,    0,    0,    0,    0,    0,    0,    0,    0,    0,    0,    0,    0,    0,    0,    0,    0,    8,    0,   34,   38,   25,    0,    0,   13,    0,    0,    0,    0,    0,    0,    5,    0,    5,    0,    0,    0,    0,    0,    0,    0,    0,    0,    0,    0,    0,    0,    0,    0,    0,    0,    0,    0,    0,    0,    0,    0,    0,    0,    0,    0,    0,    0,    0,
       0,    0,    0,    0,    0,    0,    0,    0,    0,    0,    0,    0,    0,    0,    0,    0,    0,    0,    0,    0,    0,    0,    0,    0,    0,    0,    0,    0,    0,    0,    0,    0,    0,    0,    0,    0,    0,    0,    0,    0,    0,    0,    0,    0,    0,    0,    0,    0,    0,    0,    0,    0,    0,    0,    0,    0,    0,    0,    0,    0,    0,    0,    0,    0,    0,    0,    0,    0,    0,    0,    0,    0,    0,    0,    0,    0,    0,    0,    0,    0,    0,    0,    0,    0,    0,    0,    0,    0,    0,    0,    0,    0,    0,   -9,    0,    0,    0,    0,    0,    0,    0,    0,    0,    0,    0,    0,    0,    0,    0,    0,    0,    0,
       8,    6,  -12,    0,    0,    0,    0,    4,    0,  -60,    0,  -60,  -48,    0,    8,    8,    4,  -18,    0,    0,    8,    0,    4,    0,    0,    0,  -18,  -18,    0,    0,    0,    0,    4,    0,    4,    4,    0,    0,    0,    0,    0,  -60,  -12,    0,   -6,    8,    0,    0,    0,    0,    0,    0,    8,    0,    8,    8,    4,    8,    0,    0,    0,    0,  -12,    0,    0,  -48,  -30,    0,   28,    0,    0,    0,    0,    0,    0,    4,    8,    0,    0,  -18,    0,  -18,    0,   10,    4,   10,  -12,    0,    0,    0,    0,    0,    0,    0,    0,    0,    0,    0,    0,    0,    0,    0,    0,    0,    0,    0,    0,    0,    0,    0,    0,    0,
       0,    0,    0,  -23,  -12,  -18,    0,    0,    0,  -30,    0,  -30,  -36,    0,  -42,  -31,  -36,   -6,   -6,    0,  -36,    0,   -6,    0,    0,  -36,    0,   -6,    0,    0,   -7,    0,  -30,    0,  -14,    0,  -22,  -34,  -18,  -36,    0,  -48,   -9,    0,    0,   -9,    0,    0,    0,    0,    0,    0,   -3,    0,   -6,    0,  -21,   -6,  -18,    0,    0,    0,    0,    0,  -30,  -48,  -18,    0,    0,    0,    0,    0,  -18,  -48,  -18,  -24,    0,  -10,    0,  -12,  -18,  -12,    0,  -12,    0,  -12,   -9,    0,    0,    0,    0,    0,    0,    0,    0,    0,    0,    0,    0,    0,    0,    0,    0,    0,    0,    0,    0,    0,    0,    0,    0,    0,
       0,  -60,    0,    0,  -60,   -8,    0,  -60,  -30,    0,  -30,    0,    0,   -8,  -60,    0,    8,  -15,    6,   -6,    0,    0,  -14,    0,    0,  -30,    0,    4,    0,  -12,    0,    0,  -36,   -6,  -30,  -18,    0,  -56,    4,  -84,    4,    0,    0,    0,   -6,  -10,   -6,    0,    0,    0,    0,    4,  -18,   -6,  -24,  -12,    4,  -24,    4,    0,    0,    0,  -24,    0,    0,    0,    8,    0,    0,    0,    0,  -14,   10,    0,    4,  -18,  -60,    0,   -6,    4,    0,    4,    0,  -36,  -36,  -36,    4,    0,    0,    0,    0,    0,    0,   -9,  -33,  -36,    0,    0,    0,    0,    0,    0,    0,    0,    0,    0,    0,    0,    0,    0,    0,    0,
       0,    0,  -12,    0,  -12,  -30,    0,    0,  -36,  -84,  -36,  -84,  -72,   -6,  -36,  -24,  -18,  -30,  -12,  -18,    0,  -15,  -24,  -30,    0,  -36,  -30,  -15,    0,  -12,    0,    0,    0,    0,    0,    0,  -12,    0,  -12,    0,    0,  -72,  -30,    0,  -30,  -18,  -18,    0,    0,    0,  -18,  -18,  -18,  -18,  -12,  -12,  -18,  -12,  -18,    0,    0,    0,  -36,    0,  -24,  -60,  -24,    8,    0,    0,    0,   -8,    0,  -18,  -24,    0,    0,    0,    0,  -18,  -24,  -18,  -18,  -18,  -36,  -18,  -30,    0,  -12,    0,   -9,  -27,    0,  -27,  -39,  -18,  -15,    0,    0,    0,    0,    0,    0,    0,    0,    0,    0,    0,    0,    0,    0,    0,
       0,   -6,    0,    0,    0,    0,    0,    0,    0,   -8,    0,   -8,    0,    0,  -14,   -7,   -6,    0,    0,    0,  -12,    0,   -6,    0,    0,  -12,    0,    0,    0,    0,    0,    0,  -18,    0,    0,    0,   -4,  -12,   -6,   -6,    0,  -18,    0,    0,    0,    0,    0,    0,    0,    0,    0,    0,    0,    0,    0,    0,   -4,    0,    0,    0,    0,    0,    0,    0,    0,    0,    0,    0,    0,    0,    0,    0,    0,  -12,   -5,  -12,    0,    0,    0,   -6,    0,   -6,    0,    0,    0,    0,    0,    0,    0,    0,    0,    0,    0,    0,    0,    0,    0,    0,    0,    0,    0,    0,    0,    0,    0,    0,    0,    0,    0,    0,    0,    0,
       0,    0,    0,    0,    0,    0,    0,    0,    0,    0,    0,    0,    0,    0,  -10,    0,    0,    0,    0,    0,    0,    0,    0,    0,    0,    0,    0,    0,    0,    0,    0,    0,    0,    0,    0,    0,    0,    0,    0,    0,    0,    0,    0,    0,    0,    0,    0,    0,    0,    0,    0,    0,    0,    0,    0,    0,    0,    0,    0,    0,    0,    0,    0,    0,    0,    0,    0,    0,   12,    0,    0,    0,    0,    0,    0,    0,    0,    0,    0,    0,    0,    0,    0,    0,    0,    0,    0,    0,    0,    0,    0,    0,    0,    0,    0,    0,    0,    0,    0,    0,    0,    0,    0,    0,    0,    0,    0,    0,    0,    0,    0,    0,
       0,    0,    0,    0,    0,    0,    0,    0,  -11,    0,  -11,    0,    0,    0,  -14,    0,   -3,  -17,    0,    0,   -6,    0,   -6,    0,    0,   -6,    0,    0,    0,   -6,   -9,    0,  -12,    0,   -6,   -3,    0,  -18,    0,  -12,    0,    0,   -6,    0,  -12,    0,  -12,    0,    0,    0,    0,    0,    0,    0,   -6,    0,    0,   -6,    0,    0,    0,    0,  -12,    0,    0,    0,    0,    0,    0,    0,    0,    0,    0,    0,    0,   -9,    0,    0,    0,    0,    0,    0,    0,   -6,   -8,   -6,    0,    0,    0,    0,    0,    0,    0,    0,    0,    0,    0,    0,    0,    0,    0,    0,    0,    0,    0,    0,    0,    0,    0,    0,    0,    0,
       0,    0,    0,    0,    0,    0,    0,    0,    0,    0,    0,    0,  -12,    0,  -14,   -6,    0,   -2,    0,    0,   -3,    0,   -6,    0,    0,   -6,    0,    0,    0,    0,    0,    0,  -14,    0,    0,    0,    0,  -14,    0,  -12,    0,  -12,    0,    0,    0,    0,    0,    0,    0,    0,    0,    0,    0,    0,    0,    0,    0,    0,    0,    0,    0,    0,    0,    0,    0,    0,    0,    0,    0,    0,    0,    0,    0,   -8,    0,  -10,    0,    0,    0,    0,    0,    0,    0,   -6,    0,   -6,    0,    0,    0,    0,    0,    0,    0,    0,    0,    0,    0,    0,    0,    0,    0,    0,    0,    0,    0,    0,    0,    0,    0,    0,    0,    0,
       0,  -30,    0,  -12,  -24,    0,    0,  -24,   -6,    0,   -6,    0,  -12,    0,  -41,   -9,  -10,    0,   -6,    0,  -16,    0,  -12,    0,    0,  -30,    0,    0,    0,    0,   -4,    0,  -30,    0,  -12,   -6,    0,  -36,    0,  -30,    0,    0,    0,    0,    0,   -3,    0,    0,    0,    0,    0,    0,    0,    0,   -6,    0,   -3,   -6,    0,    0,    0,    0,    0,    0,  -12,    0,    0,    0,    0,    0,    0,    0,    0,  -12,    0,  -18,   -8,    0,    0,    0,   -6,    0,    0,  -15,    0,  -15,    0,    0,    0,    0,    0,    0,    0,    0,    0,    0,    0,    0,    0,    0,    0,    0,    0,    0,    0,    0,    0,    0,    0,    0,    0,    0,
       0,  -18,    0,   -9,  -12,    0,    0,  -12,    0,    0,    0,    0,  -12,    0,  -28,   -8,   -5,    0,   -3,    0,  -16,    0,   -9,    0,    0,  -12,    0,    0,    0,    0,   -4,    0,  -24,    0,  -18,  -12,    0,  -24,   -9,  -18,    0,  -12,    0,    0,    0,    0,    0,    0,    0,    0,    0,   -6,   -5,    0,   -7,   -2,   -4,   -7,   -4,    0,    0,    0,    0,   -6,    0,    0,    0,    0,    8,    0,    0,    0,    0,  -16,   -3,  -18,    0,   -4,    0,   -3,   -9,   -3,    0,  -12,    0,  -12,    0,    0,    0,    0,    0,    0,    0,    0,    0,    0,    0,    0,    0,    0,    0,    0,    0,    0,    0,    0,    0,    0,    0,    0,    0,    0,
       0,  -12,    0,    0,    0,    0,    0,  -12,    0,   -3,    0,   -3,  -12,    0,  -32,   -8,   -6,    0,   -3,    0,  -15,    0,   -9,    0,    0,  -18,    0,    0,    0,    0,   -6,    0,  -30,    0,  -12,    0,   -6,  -27,    0,  -18,    0,  -12,    0,    0,    0,    0,    0,    0,    0,    0,    0,    0,    0,    0,   -4,    0,   -3,   -4,    0,    0,    0,    0,    0,   -6,    0,    0,    0,    0,    0,    0,    0,    0,    0,  -12,    0,  -12,    0,    0,    0,   -6,   -6,   -6,    0,  -12,    0,  -12,    0,    0,    0,    0,    0,    0,    0,    0,    0,    0,    0,    0,    0,    0,    0,    0,    0,    0,    0,    0,    0,    0,    0,    0,    0,    0,
      12,    8,  -12,  -12,    6,  -12,    0,    8,  -19,  -51,  -19,  -51,  -24,   -7,   -8,   -6,   -5,  -24,   -6,   -9,    0,  -11,   -8,  -15,    0,    0,  -12,  -18,    0,   -6,  -12,    0,    0,    0,    0,    0,    0,    0,   -9,    0,    0,  -60,  -18,    0,  -18,    0,  -15,    0,    0,    0,   -6,  -15,    0,   -9,    0,    0,    0,    0,  -12,    0,    0,    0,  -27,    6,  -15,    0,  -30,    0,   19,    0,    0,   -3,  -24,  -12,  -18,    0,    0,   -9,    0,  -18,  -12,  -18,  -12,    0,    0,    0,  -18,    0,    0,    0,    0,    0,    0,    0,    0,    0,    0,    0,    0,    0,    0,    0,    0,    0,    0,    0,    0,    0,    0,    0,    0,    0,
       0,   -9,    0,   -6,    0,    0,    0,    0,    0,    0,    0,    0,    0,    0,  -18,   -6,    0,    0,    0,    0,   -9,    0,  -10,    0,    0,  -12,    0,    0,    0,    0,   -6,    0,  -12,    0,   -6,    0,   -7,  -24,    0,  -15,    0,  -12,    0,    0,    0,    0,    0,    0,    0,    0,    0,    0,    0,    0,   -5,    0,    0,   -5,    0,    0,    0,    0,    0,    0,    0,    0,    0,    0,    0,    0,    0,    0,    0,   -9,    0,  -10,    0,    0,    0,    0,  -12,    0,    0,  -12,    0,  -12,    0,    0,    0,    0,    0,    0,    0,    0,    0,    0,    0,    0,    0,    0,    0,    0,    0,    0,    0,    0,    0,    0,    0,    0,    0,    0,
       0,    0,    0,   -6,    0,    0,    0,    0,    0,  -32,    0,  -32,  -24,    0,  -12,   -8,  -10,   -6,    0,    0,   -8,    0,    0,    0,    0,  -12,    0,   -6,    0,    0,   -6,    0,  -12,    0,   -3,    0,   -4,  -22,  -12,  -24,    0,  -60,   -6,    0,    0,    0,    0,    0,    0,    0,    0,    0,    0,    0,    0,    0,    0,    0,    0,    0,    0,    0,    0,    0,    0,    0,  -12,    0,    0,    0,    0,    0,   -6,  -12,   -6,   -7,    0,    0,    0,  -11,    0,  -11,    0,    0,    0,    0,    0,    0,    0,    0,    0,    0,    0,    0,    0,    0,    0,    0,    0,    0,    0,    0,    0,    0,    0,    0,    0,    0,    0,    0,    0,    0,
       0,    0,    0,    0,    0,    0,    0,    0,    0,    0,    0,    0,    0,    0,  -21,    0,    8,   -3,    0,    0,  -15,    0,    0,    0,    0,  -20,    0,    0,    0,    0,    0,    0,    0,    0,    0,    0,    0,    0,    0,  -30,    4,    0,    0,    0,    0,    0,    0,    0,    0,    0,    0,    0,    0,    0,    0,    0,    0,    0,    0,    0,    0,    0,    0,    0,    0,    0,    0,    0,    0,    0,    0,    0,    0,    0,    0,    0,    0,    0,    0,    0,    0,    0,    0,    0,    0,    0,    0,    0,    0,    0,    0,    0,    0,    0,    0,    0,    0,    0,    0,    0,    0,    0,    0,    0,    0,    0,    0,    0,    0,    0,    0,    0,
       0,    0,    0,    0,    0,    0,    0,    0,    0,    0,    0,    0,    0,    0,  -12,    0,  -20,    0,    0,    0,    0,    0,   -6,    0,    0,  -24,    0,    0,    0,    0,   -6,    0,    0,    0,    0,    0,  -18,    0,  -14,    0,    0,    0,    0,    0,    0,    0,    0,    0,    0,    0,    0,    0,    0,    0,    0,    0,   -9,    0,    0,    0,    0,    0,    0,    0,    0,    0,    0,    0,    0,    0,    0,    0,    0,  -30,  -12,    0,    0,    0,    0,    0,    0,    0,    0,    0,    0,    0,    0,    0,    0,    0,    0,    0,    0,    0,    0,    0,    0,    0,    0,    0,    0,    0,    0,    0,    0,    0,    0,    0,    0,    0,    0,    0,
       0,    0,  -18,    0,    0,  -24,    0,    8,  -27,  -60,  -27,  -60,  -48,    0,    0,    0,    0,   -9,    0,    0,    0,    0,    0,    0,    0,  -17,    0,    0,    0,    0,    0,    0,    0,    0,    0,    0,    0,    0,    0,    0,    0,  -60,    0,    0,    0,    0,    0,    0,    0,    0,    0,    0,    0,    0,    8,    0,    0,    8,    0,    0,    0,    0,  -14,    0,  -12,  -60,    0,    0,    0,    0,    0,    0,    0,    0,    0,    0,    0,    0,    0,    0,    0,    0,    0,    0,    0,    0,    0,    0,    0,    0,    0,    0,    0,    0,    0,    0,    0,    0,    0,    0,    0,    0,    0,    0,    0,    0,    0,    0,    0,    0,    0,    0,
       0,  -12,    0,    0,    0,  -12,    0,  -18,    0,  -18,    0,  -18,    0,    0,  -18,  -12,  -12,    0,    0,    0,  -18,    0,   -6,   -9,    0,  -24,    0,    0,    0,    0,    0,    0,  -30,    0,   -9,   -6,  -18,  -26,  -12,  -30,    0,  -30,    0,    0,    0,    0,    0,    0,    0,    0,    0,   -6,    0,    0,    0,    0,   -6,    0,   -6,    0,    0,    0,    0,    0,  -18,    0,  -12,    0,    0,    0,    0,    0,    0,  -12,  -12,  -18,    0,    0,    0,   -9,  -12,   -9,    0,   -6,    0,   -6,   -6,    0,    0,    0,    0,    0,    0,    0,    0,    0,    0,    0,    0,    0,    0,    0,    0,    0,    0,    0,    0,    0,    0,    0,    0,    0,
       2,  -18,    0,    0,    0,    0,    0,  -18,   -6,    4,   -6,    4,    0,    0,  -30,    6,    0,  -12,    0,    0,  -12,    0,   -6,    0,    0,  -18,    0,    0,    0,   -6,    0,    0,  -30,   -6,  -10,    0,    0,  -32,    0,  -15,    8,    0,    0,    0,    0,    0,    0,    0,    0,    0,    0,    0,    0,    0,    0,    0,    0,    0,    0,    0,    8,    0,    0,    0,    0,    0,    0,    0,    0,    0,    0,    0,    0,    0,    0,  -10,  -17,    0,    0,    0,    0,    0,    0,   -6,    0,   -6,    0,    0,    0,    0,    0,    0,    0,    0,    0,    0,    0,    0,    0,    0,    0,    0,    0,    0,    0,    0,    0,    0,    0,    0,    0,    0,
       0,   -6,    0,  -12,    0,    0,    0,   -6,    0,    0,    0,    0,    0,    0,  -24,   -9,    0,   -6,   -6,    0,  -18,    0,  -12,    0,    0,  -12,    0,   -3,    0,    0,  -12,    0,  -12,    0,   -9,   -4,  -11,  -16,   -9,  -12,    0,  -12,    0,    0,    0,    0,    0,    0,    0,    0,    0,    0,    0,    0,    0,    0,   -4,    0,    0,    0,    0,    0,    0,    0,    0,    0,   -6,    0,    0,    0,    0,    0,    0,  -18,    0,  -16,    0,    0,    0,    0,  -12,    0,    0,   -9,    0,   -9,    0,    0,    0,    0,    0,    0,    0,    0,    0,    0,    0,    0,    0,    0,    0,    0,    0,    0,    0,    0,    0,    0,    0,    0,    0,    0,
       0,    0,    0,   -6,    0,   -9,    0,    0,  -48,    0,  -84,    0,    0,  -12,  -34,    0,    0,  -27,   -6,  -18,   -6,  -12,  -18,    0,  -32,    0,  -12,    0,    0,  -12,   -8,   -3,   -6,   -6,    0,    0,   -4,  -11,   -6,  -12,    0,    0,   -6,   -6,  -12,  -13,  -18,    0,  -10,   -6,   -8,   -5,  -18,  -10,  -30,  -18,   -9,  -30,   -3,    0,    0,    0,  -24,    0,  -12,    0,    0,    0,    0,    0,    0,  -14,    0,    0,    0,   -5,   -6,   -6,  -11,    0,   -6,    0,    0,  -27,  -27,  -27,  -10,    0,    0,    0,    0,    0,    0,    0,    0,    0,    0,    0,    0,    0,    0,    0,    0,    0,    0,    0,    0,    0,    0,    0,    0,    0,
       0,    0,    0,    0,    0,    0,    0,    0,    0,  -12,    0,  -12,    0,    0,   -8,  -15,  -12,    0,    0,    0,  -12,    0,    0,    0,    0,  -12,    0,   -6,    0,    0,   -8,   -5,  -21,    0,   -3,    0,  -10,  -21,  -15,  -12,    0,  -24,   -6,    0,    0,    0,    0,    0,    0,    0,    0,    0,    0,    0,    0,    0,   -3,    0,   -4,    0,    0,    0,    0,    0,    0,    0,  -12,    0,    0,    0,    0,    0,   -6,  -12,  -12,   -6,    0,    0,    0,   -7,   -6,   -7,    0,    0,    0,    0,    0,    0,    0,    0,    0,    0,    0,    0,    0,    0,    0,    0,    0,    0,    0,    0,    0,    0,    0,    0,    0,    0,    0,    0,    0,    0,
       0,    0,    0,   -6,    0,    0,    0,    4,  -12,    0,  -12,    0,    0,   -6,  -16,    0,    0,  -15,    0,   -9,    0,   -6,   -9,    0,    0,    0,   -6,    0,    0,   -8,   -6,    0,    0,    0,    0,    0,    0,   -3,   -6,  -18,    0,    0,   -7,    0,  -12,  -12,  -12,    0,    0,   -5,   -6,   -3,  -10,   -9,  -12,   -6,    0,  -12,    0,    0,    0,    0,  -12,    0,    0,    0,    0,    0,    4,    0,    0,   -9,    4,   -9,    0,    0,    0,    0,   -9,    0,   -6,    0,    0,  -18,  -12,  -18,    0,    0,    0,    0,    0,    0,    0,    0,    0,    0,    0,    0,    0,    0,    0,    0,    0,    0,    0,    0,    0,    0,    0,    0,    0,    0,
       2,    0,  -18,  -12,    0,  -18,    0,    0,   -6,  -48,   -6,  -48,  -30,   -6,  -18,   -6,    0,  -24,  -12,   -9,    0,  -15,  -12,    0,   -9,    0,  -12,  -30,    0,  -11,   -7,  -14,    0,    0,    0,    0,    0,   -3,  -12,    0,    4,  -60,  -33,   -6,  -21,  -24,  -27,  -17,  -19,   -6,  -21,  -27,  -10,  -22,  -21,  -15,  -36,  -21,  -30,    0,    0,    0,  -18,    0,  -24,    0,  -42,    0,    0,    0,  -17,   -9,    0,   -9,  -22,    0,    0,    0,  -12,    0,  -30,    0,  -21,    0,    0,    0,    0,    0,    0,    0,    0,    0,    0,    0,    0,    0,    0,    0,    0,    0,    0,    0,    0,    0,    0,    0,    0,    0,    0,    0,    0,    0,
       0,   -6,    0,    0,    0,    0,    0,    0,    0,    0,    0,    0,    0,    0,  -20,   -6,    0,    0,    0,    0,  -11,    0,   -6,    0,    0,   -6,    0,    0,    0,    0,   -4,    0,  -13,    0,    0,    0,   -4,  -16,   -3,   -9,    0,    0,    0,    0,    0,    0,    0,    0,    0,    0,    0,    0,    0,    0,    0,    0,    0,    0,    0,    0,    0,    0,    0,    0,    0,    0,    0,    0,    0,    0,    0,    0,    0,    0,    0,    0,    0,    0,    0,    0,    0,    0,    0,    0,    0,    0,    0,    0,    0,    0,    0,    0,    0,    0,    0,    0,    0,    0,    0,    0,    0,    0,    0,    0,    0,    0,    0,    0,    0,    0,    0,    0,
       0,    0,    0,    0,    0,    0,    0,    0,    0,    0,    0,    0,    0,    0,    0,    0,    0,    0,    0,    0,    0,    0,    0,    0,    0,    0,    0,    0,    0,    0,    0,    0,    0,    0,    0,    0,    0,    0,    0,    0,    0,    0,    0,    0,    0,    0,    0,    0,    0,    0,    0,    0,    0,    0,    0,    0,    0,    0,    0,    0,    0,    0,    0,    0,    0,    0,    0,    0,    8,    0,    0,    0,    0,    0,    0,    0,    0,    0,    0,    0,    0,    0,    0,    0,    0,    0,    0,    0,    0,    0,    0,    0,    0,    0,    0,    0,    0,    0,    0,    0,    0,    0,    0,    0,    0,    0,    0,    0,    0,    0,    0,    0,
       0,    0,    0,    0,    0,    0,    0,    0,    0,    0,    0,    0,    0,    0,    0,    0,    0,    0,    0,    0,    0,    0,    0,    0,    0,    0,    0,    0,    0,    0,    0,    0,    0,    0,    0,    0,    0,    0,    0,    0,    0,  -12,    0,    0,    0,    0,    0,    0,    0,    0,    0,    0,    0,    0,    0,    0,    0,    0,    0,    0,    0,    0,    0,    0,    0,    0,    0,    0,    8,    0,    0,    0,    0,    0,    0,    0,    0,    0,    0,    0,    0,    0,    0,    0,    0,    0,    0,    0,    0,    0,    0,    0,    0,    0,    0,    0,    0,    0,    0,    0,    0,    0,    0,    0,    0,    0,    0,    0,    0,    0,    0,    0,
       0,    0,    0,   -6,    0,   -6,    0,    0,  -22,    0,  -22,    0,    0,   -4,  -26,    0,    0,  -18,    0,  -12,    0,   -7,   -6,    0,  -18,  -18,  -18,    0,    0,  -10,   -4,    0,    0,   -5,    0,    0,    0,    0,    0,  -12,    8,    0,   -4,    0,  -10,  -10,   -7,    0,    0,    0,    0,    0,   -7,   -6,   -7,   -4,    0,   -7,    0,    0,    4,    0,   -6,    0,    0,    0,    0,    0,    0,    0,    0,   -5,    0,   -6,    0,    0,    0,    0,    0,    0,    0,    0,    0,  -32,  -20,  -32,    0,    0,    0,    0,    0,    0,    0,    0,    0,    0,    0,    0,    0,    0,    0,    0,    0,    0,    0,    0,    0,    0,    0,    0,    0,    0,
       0,  -60,    0,   -8,    0,  -12,    0,  -48,  -60,    0,  -60,    0,  -12,  -18,  -72,   -8,    0,  -19,   -6,  -18,  -25,   -6,  -36,    0,  -18,  -48,    0,    0,    0,  -26,  -13,   -6,  -55,  -15,  -53,  -24,    0,  -54,    0,  -68,    0,    0,   -6,   -6,  -15,  -20,  -15,    0,   -6,   -7,   -6,   -8,  -16,   -9,  -44,  -28,    0,  -44,    0,    0,    0,    0,  -36,    0,  -12,    0,    0,    0,   -6,    0,    0,  -21,    0,    0,    0,    0,  -56,    0,    0,    0,   -6,    0,    0,    0,    0,    0,    0,    0,    0,    0,    0,    0,    0,    0,    0,    0,    0,    0,    0,    0,    0,    0,    0,    0,    0,    0,    0,    0,    0,    0,    0,    0,
       0,    0,    0,   -9,    0,    0,    0,    0,    0,    0,    0,    0,    0,    0,  -10,    0,    0,   -6,    0,    0,   -6,    0,   -3,    0,    0,   -6,    0,    0,    0,   -6,   -4,    0,  -10,    0,   -4,    0,    0,  -12,    0,    0,    0,    0,    0,    0,    0,    0,    0,    0,    0,    0,    0,    0,    0,    0,    0,    0,    0,    0,    0,    0,    0,    0,   -6,    0,    0,    0,    0,    0,    0,    0,    0,    0,    0,    0,    0,    0,    0,    0,    0,    0,    0,    0,    0,   -6,   -5,   -6,    0,    0,    0,    0,    0,    0,    0,    0,    0,    0,    0,    0,    0,    0,    0,    0,    0,    0,    0,    0,    0,    0,    0,    0,    0,    0,
       0,    0,  -11,  -11,    0,  -26,    0,    0,   -8,  -72,   -8,  -72,  -30,    0,  -10,  -14,  -12,  -26,   -9,   -6,  -12,  -12,   -3,    0,    0,  -24,  -18,  -36,    0,    0,  -20,  -18,  -15,    0,  -12,   -6,  -21,  -23,  -22,  -30,    0,  -60,  -25,  -12,  -18,   -3,  -16,    0,  -12,   -6,  -12,  -17,   -3,  -16,   -3,   -3,   -9,   -3,  -15,    0,    0,    0,    0,    0,    0,    0,  -50,    0,    0,    0,    0,    0,  -34,  -24,  -36,  -12,    0,    0,    0,  -30,  -18,  -30,  -18,   -6,    0,   -6,  -23,    0,    0,    0,    0,    0,    0,    0,    0,    0,    0,    0,    0,    0,    0,    0,    0,    0,    0,    0,    0,    0,    0,    0,    0,    0,
       0,    0,    0,    0,    0,    0,    4,    0,    0,  -12,    0,  -12,    0,    0,   -8,  -15,  -12,    0,    0,    0,  -12,    0,    0,    0,    0,  -12,    0,   -6,    0,    0,   -8,   -5,  -21,    0,   -3,    0,  -10,  -21,  -15,  -12,   13,  -24,   -6,    0,    0,    0,    0,    0,    0,    0,    0,    0,    0,    0,    0,    0,   -3,    0,   -4,    0,   13,    0,    0,    0,    0,    0,  -12,    0,    0,    0,    0,    0,   -6,  -12,  -12,   -6,    0,    0,    0,   -7,   -6,   -7,    0,    0,    0,    0,    0,    0,    0,    0,    0,    0,    0,    0,    0,    0,    0,    0,    0,    0,    0,    0,    0,    0,    0,    0,    0,    0,    0,    0,    0,    0,
       0,    0,    0,   -5,    0,   -6,    0,    0,  -16,    0,  -16,    0,    0,    0,  -10,    0,    0,  -12,    0,    0,   -9,    0,   -3,    0,    0,  -12,    0,    0,    0,   -7,   -6,    0,  -12,   -5,   -5,    0,    0,  -18,   -5,  -12,    8,    0,   -4,    0,   -6,    0,   -6,    0,    0,    0,    0,    0,    0,    0,    0,    0,    0,    0,    0,    0,    4,    0,   -6,    0,    0,    0,    0,    0,    0,    0,    0,    0,    0,   -8,    0,    0,    0,    0,    0,    0,    0,    0,    0,    0,    0,    0,    0,    0,    0,    0,    0,    0,    0,    0,    0,    0,    0,    0,    0,    0,    0,    0,    0,    0,    0,    0,    0,    0,    0,    0,    0,    0,
       4,    6,  -30,  -12,    0,  -24,    0,    4,  -30,  -36,  -30,  -36,  -30,  -18,  -12,    0,    0,  -30,  -12,  -24,    0,  -12,  -12,    0,    0,    0,  -30,  -30,    0,  -21,  -10,  -12,    0,    0,    0,    0,    0,    0,  -12,  -18,    8,  -30,  -30,    0,  -33,  -24,  -30,    0,  -18,   -6,  -18,  -30,  -24,  -24,  -24,  -18,  -22,  -24,  -24,    0,    0,    0,  -24,    0,  -12,    0,  -46,    0,    0,    0,    0,  -14,  -25,    0,  -31,    0,    4,  -10,  -18,  -30,  -36,  -30,  -26,  -30,  -18,  -30,  -30,    0,    0,    0,    0,    0,    0,    0,    0,    0,    0,    0,    0,    0,    0,    0,    0,    0,    0,    0,    0,    0,    0,    0,    0,    0,
       0,    0,    0,   -4,    0,    0,    0,    0,    0,   -6,    0,   -6,   -6,    0,    0,    0,    0,    0,    0,    0,    0,    0,    0,    0,    0,    0,    0,   -6,    0,    0,   -4,    0,    0,    0,    0,    0,   -4,    0,   -6,    0,    0,  -18,   -3,    0,    0,    0,    0,    0,    0,    0,    0,   -3,    0,    0,    0,    0,    0,    0,   -5,    0,    0,    0,    0,    0,    0,    0,  -12,    0,    8,    0,    0,    0,    0,    0,    0,    0,    0,    0,    0,    0,   -3,    0,    0,    0,    0,    0,    0,    0,    0,    0,    0,    0,    0,    0,    0,    0,    0,    0,    0,    0,    0,    0,    0,    0,    0,    0,    0,    0,    0,    0,    0,    0,
       6,    6,   -6,   -9,    0,  -12,    0,    4,  -14,  -30,  -14,  -30,  -15,    0,  -12,    0,    0,  -12,   -6,   -3,    0,   -6,   -3,    0,    0,    0,   -9,  -10,    0,   -3,   -4,   -5,    0,    0,    0,    0,    0,    0,  -12,    0,   13,  -30,  -21,    0,  -15,   -6,  -18,    0,   -4,    0,   -6,  -12,   -6,  -12,   -5,   -4,  -11,   -5,  -13,    0,    0,    0,  -12,    0,    0,    0,  -20,    0,    6,    0,    0,   -5,    0,    0,    0,    0,    6,    0,    0,    0,  -18,    0,    0,    0,    0,    0,    0,    0,    0,    0,    0,    0,    0,    0,    0,    0,    0,    0,    0,    0,    0,    0,    0,    0,    0,    0,    0,    0,    0,    0,    0,    0,
       0,    0,    0,   -6,    0,   -6,    0,    4,    0,  -18,    0,  -18,    0,    0,  -12,    0,    0,   -6,   -6,    0,    0,    0,    0,    0,    0,    0,   -6,    0,    0,    0,   -4,    0,    0,    0,    0,    0,    0,    0,  -12,    0,    4,  -36,  -15,    0,   -6,   -3,   -6,    0,    0,    0,   -3,   -6,   -3,   -6,    0,    0,   -6,    0,   -6,    0,    0,    0,    0,    0,    0,    0,    0,    0,   10,    0,    0,    0,    0,    0,    0,    0,    0,    0,    0,    0,   -9,    0,    0,    0,    0,    0,    0,    0,    0,    0,    0,    0,    0,    0,    0,    0,    0,    0,    0,    0,    0,    0,    0,    0,    0,    0,    0,    0,    0,    0,    0,    0,
       0,    6,  -23,  -12,    0,  -30,    0,    0,  -34,  -56,  -34,  -56,  -36,  -12,  -20,  -12,  -12,  -30,  -12,  -30,    0,  -20,  -24,    0,    0,    0,  -26,  -32,    0,  -21,   -8,  -12,    0,    0,    0,    0,    0,    0,   -9,    0,    8,  -48,  -47,   -6,  -38,  -20,  -30,    0,  -12,   -6,  -32,  -34,  -16,  -32,  -30,  -18,  -32,  -30,  -34,    0,    0,    0,  -24,    0,  -12,    0,  -43,    0,    0,    0,    0,  -14,  -32,  -12,   -9,    0,    0,  -14,  -18,  -38,  -44,  -38,  -32,  -36,  -28,  -36,  -32,    0,    0,    0,    0,    0,    0,    0,    0,    0,    0,    0,    0,    0,    0,    0,    0,    0,    0,    0,    0,    0,    0,    0,    0,    0,
       0,    0,   -6,   -9,    0,  -12,    0,    6,  -32,    0,  -32,    0,    0,   -6,  -12,   -6,    0,  -18,   -9,  -15,    0,   -9,  -11,    0,  -15,    0,  -12,    0,    0,  -15,   -8,   -6,   -3,   -6,    0,    0,    0,    0,   -4,  -24,    0,    0,   -8,    0,  -13,  -12,  -15,    0,   -8,   -9,   -8,   -8,  -12,  -11,   -9,   -6,  -12,   -9,   -9,    0,    0,    0,  -27,    0,  -15,    0,    0,    0,    4,    0,    0,  -10,    0,   -6,    0,    0,    0,    0,    0,    0,  -18,    0,    0,  -18,    0,  -18,    0,    0,    0,    0,    0,    0,    0,    0,    0,    0,    0,    0,    0,    0,    0,    0,    0,    0,    0,    0,    0,    0,    0,    0,    0,    0,
       0,    6,    0,    0,    0,    0,    0,    0,    0,    0,    0,    0,    0,    0,  -20,    0,    0,   -6,    0,    0,    0,    0,    0,    4,    0,    0,    0,    8,    0,    0,    8,    0,    4,    0,   13,    4,    8,    8,    0,    0,    0,    8,    0,    0,    0,    0,    0,    0,   30,    0,    0,    0,    0,    0,    0,    0,    8,    0,    0,    0,    0,    0,    0,    0,    0,    4,   13,   32,   38,   23,    0,    0,    8,    0,    0,    8,    0,    8,    0,    4,    0,    0,    0,    0,    0,    0,    8,    0,    0,    0,    0,    0,    0,    0,    0,    0,    0,    0,    0,    0,    0,    0,    0,    0,    0,    0,    0,    0,    0,    0,    0,    0,
       0,  -60,    0,    0,  -36,  -36,    0,  -48,  -36,    0,  -36,    0,    0,    0,  -32,    0,  -18,  -12,    0,  -12,  -24,    0,  -24,    0,    0,  -48,  -18,    0,    0,    0,    0,    0,  -30,    0,  -15,    0,    0,  -36,  -12,  -72,    0,    0,  -12,    0,    0,  -18,    0,    0,   12,    0,    0,    0,  -12,    0,    0,    0,    0,    0,    0,    0,    0,    0,  -18,  -51,    0,    0,    0,    0,    0,    0,    0,   -5,    0,    0,    0,  -18,  -36,    0,    0,    0,    0,    0,    0,  -18,  -30,  -18,    0,    0,  -28,  -30,  -36,  -12,    0,  -45,  -21,  -12,  -12,    0,    0,    0,    0,    0,    0,    0,    0,    0,    0,    0,    0,    0,    0,    0,
       0,  -60,    0,  -12,  -48,  -18,    8,  -60,  -48,    0,  -48,    0,    0,  -18,  -60,    0,    0,  -72,    0,  -18,    0,  -12,    0,    0,    0,  -48,  -18,    0,    0,  -24,   16,    0,  -30,  -18,  -30,  -36,    0,  -48,    0,  -72,    8,   -6,  -12,    0,  -12,  -12,    8,    0,   34,   -6,    0,    0,  -12,  -12,  -18,  -12,    0,  -24,    0,    0,    8,    0,  -24,    0,    0,    4,    0,    0,    0,   29,   31,   -9,   21,    0,    0,    0,  -90,    0,    0,    6,    0,    0,    0,  -36,  -90,  -36,    0,    0,    0,    0,    0,  -12,    0,  -42,  -60,  -18,  -12,    0,    0,    0,    0,    0,    0,    0,    0,    0,    0,    0,    0,    0,    0,    0,
       0,   -6,    0,    0,    0,   -9,    0,   -9,   -5,    0,   -5,    0,    0,    0,  -30,    0,    0,    0,    0,    0,  -18,    0,    0,    0,    0,  -18,    0,    0,    0,    0,    0,    0,    0,    0,    0,    0,    0,    0,    0,  -24,    0,    0,   -3,    0,    0,    0,   -1,    0,    0,   -4,    0,    0,    0,    0,   -6,   -1,    0,   -6,    0,    0,    0,    0,    0,    0,    0,    0,    0,    0,    0,    0,    0,   -3,    0,    0,    0,    0,    0,    0,    0,    0,    0,    0,    0,   -9,    0,   -9,    0,    0,    0,    0,    0,    0,    0,    0,    0,    0,    0,    0,    0,    0,    0,    0,    0,    0,    0,    0,    0,    0,    0,    0,    0,    0,
       0,   -6,    0,    0,    0,    0,    0,   -6,    0,   -6,    0,   -6,    0,    0,  -30,  -12,  -12,    0,   -6,    0,  -17,    0,   -7,    0,    0,  -24,    0,    0,    0,    0,    0,    0,    0,    0,    0,    0,    0,    0,    0,  -30,    0,  -12,   -4,    0,    0,    0,    0,    0,    0,    0,    0,    0,    0,    0,   -4,    0,   -6,   -4,   -4,    0,    0,    0,    0,    0,  -12,    0,    0,    0,    0,    0,    0,    0,    0,    0,    0,    0,    0,    0,    0,   -6,  -12,   -6,    0,  -10,    0,  -10,   -6,    0,    0,    0,    0,    0,    0,    0,    0,    0,    0,    0,    0,    0,    0,    0,    0,    0,    0,    0,    0,    0,    0,    0,    0,    0,
       0,    0,    0,    0,    0,   -9,    0,    0,  -23,    6,  -23,    6,    0,   -6,   -5,    0,    0,  -18,    0,    0,  -18,   -6,    0,    0,   -9,  -21,  -12,    0,    0,    0,    0,    0,    0,    0,    0,    0,    0,    0,    0,  -18,    0,    0,   -3,    0,   -9,    0,   -6,    0,    0,    0,    0,    0,    0,   -6,    0,    0,    0,    0,    0,    0,    0,    0,  -18,    0,    0,    0,    0,    0,    0,    0,    0,   -5,    0,    0,    0,    0,    0,    0,   -5,    0,    0,    0,    0,    0,   -3,    0,    0,    0,    0,    0,    0,    0,    0,    0,    0,    0,    0,    0,    0,    0,    0,    0,    0,    0,    0,    0,    0,    0,    0,    0,    0,    0,
       0,    0,    0,    0,    0,    0,    0,    0,    0,    0,    0,    0,    0,    0,    0,    0,    0,    0,    0,    0,    0,    0,    0,    0,    0,    0,    0,    0,    0,    0,    0,    0,    0,    0,    0,    0,    0,    0,    0,    0,    0,    0,    0,    0,    0,    0,    0,    0,    0,    0,    0,    0,    0,    0,    0,    0,    0,    0,    0,    0,    0,    0,    0,    0,    0,    0,    0,    0,   13,    0,    0,    0,    0,    0,    0,    0,    0,    0,    0,    0,    0,    0,    0,    0,    0,    0,    0,    0,    0,    0,    0,    0,    0,    0,    0,    0,    0,    0,    0,    0,    0,    0,    0,    0,    0,    0,    0,    0,    0,    0,    0,    0,
      35,   42,    0,    0,   12,   -6,   48,   30,  -12,  -30,  -12,  -30,  -16,    0,   12,   12,   16,   -5,   12,    0,   36,    3,   12,    0,    0,   30,   -9,    0,    0,    0,    0,    0,    0,    0,    0,    0,    0,    0,    0,    8,   34,  -18,   -9,    0,   -6,    0,    0,    0,    0,    0,    0,   -3,    0,    0,    0,    0,    0,    0,   -6,    4,   34,    0,  -12,    0,    0,    0,    0,    0,   36,    0,    0,    0,    0,    0,    0,    0,    0,    0,    0,    0,    0,    0,    0,    0,    0,    0,    0,    0,    0,    0,    0,    0,    0,    0,    0,    0,    0,    0,    0,    0,    0,    0,    0,    0,    0,    0,    0,    0,    0,    0,    0,    0,
       0,    0,    0,    0,    0,    0,    0,    0,   -6,   15,   -6,    0,    0,    0,    0,    0,    0,   -9,    0,    0,    0,    0,    0,    0,    0,  -12,    0,    0,    0,    0,    0,    0,    0,    0,    0,    0,    0,    0,    0,  -12,    0,    4,   -5,    0,   -4,    0,    0,    0,    0,    0,    0,   -3,    0,   -3,    0,    0,    0,    0,   -3,    0,    0,    0,   -6,    0,    0,    0,    0,    0,    0,    0,    0,    0,    0,    0,    0,    0,    0,    0,    0,    0,   -3,    0,    0,    0,    0,    0,    0,    0,    0,    0,    0,    0,    0,    0,    0,    0,    0,    0,    0,    0,    0,    0,    0,    0,    0,    0,    0,    0,    0,    0,    0,    0,
       0,   -6,    0,    0,    0,    0,    0,    0,    0,    0,    0,    0,    0,    0,  -18,    0,    0,    0,    0,    0,  -12,    0,    0,    0,    0,  -18,    0,    0,    0,    0,    0,    0,    0,    0,    0,    0,    0,  -24,    0,  -20,    0,    0,    0,    0,    0,    0,    0,    0,    0,    0,    0,    0,    0,    0,   -4,    0,    0,   -4,    0,    0,    0,    0,    0,    0,    0,    0,    0,    0,    0,    0,    0,    0,    0,    0,    0,    0,    0,    0,    0,    0,    0,    0,    0,   -3,    0,   -3,    0,    0,    0,    0,    0,    0,    0,    0,    0,    0,    0,    0,    0,    0,    0,    0,    0,    0,    0,    0,    0,    0,    0,    0,    0,    0,
       0,    0,    0,    0,    0,    0,    0,    0,    0,    0,    0,    0,    0,    0,    0,    0,    0,    0,    0,    0,    0,    0,    0,    0,    0,    0,    0,    0,    0,    0,    0,    0,    0,    0,    0,    0,    0,    0,    0,    0,    0,    0,    0,    0,    0,    0,    0,    0,    0,    0,    0,    0,    0,    0,    0,    0,    0,    0,    0,    0,    0,    0,    0,    0,    0,    0,    0,    0,   10,    0,    0,    0,    0,    0,    0,    0,    0,    0,    0,    0,    0,    0,    0,    0,    0,    0,    0,    0,    0,    0,    0,    0,    0,    0,    0,    0,    0,    0,    0,    0,    0,    0,    0,    0,    0,    0,    0,    0,    0,    0,    0,    0,
       4,    0,    0,    0,    0,  -12,    0,    4,  -21,    4,  -21,    4,    0,   -4,   -8,    0,    0,   -9,   -3,   -6,    0,    0,   -6,    0,   -9,  -15,   -6,    0,    0,    0,    0,    0,    0,    0,    0,    0,    0,    0,    0,  -12,    8,    0,   -6,    0,   -6,    0,   -4,    0,    0,    0,    0,   -3,    0,   -3,    0,    0,    0,    0,    0,    0,    8,    0,  -12,    0,    0,    0,    0,    0,    0,    0,    0,   -5,    0,    0,    0,    0,    0,    0,   -3,    0,    0,    0,    0,    0,   -9,    0,    0,    0,    0,    0,    0,    0,    0,    0,    0,    0,    0,    0,    0,    0,    0,    0,    0,    0,    0,    0,    0,    0,    0,    0,    0,    0,
       4,   -9,    0,    0,    0,    0,    0,   -6,   -6,    4,   -6,    4,    0,    0,  -16,    0,    0,    0,    0,    0,  -10,    0,    0,    0,    0,   -9,    0,    0,    0,    0,    0,    0,    0,    0,    0,    0,    0,    0,    0,  -12,    4,    0,   -3,    0,   -3,    0,    0,    0,    0,    0,    0,    0,    0,    0,   -6,    0,    0,   -6,    3,    0,    4,    0,   -6,    0,    0,    0,    0,    0,    0,    0,    0,    0,    0,    0,    0,    0,    0,    0,    0,    9,    0,    0,    0,  -13,   -6,  -13,    0,    0,    0,    0,    0,    0,    0,    0,    0,    0,    0,    0,    0,    0,    0,    0,    0,    0,    0,    0,    0,    0,    0,    0,    0,    0,
       0,    0,    0,    0,    0,    0,    0,    0,    0,    0,    0,    0,    0,    0,    0,    0,    0,    0,    0,    0,    0,    0,    0,    0,    0,  -12,    0,    0,    0,    0,    0,    0,    0,    0,    0,    0,    0,    0,    0,  -14,    0,    0,    0,    0,    0,    0,    0,    0,    7,    0,    0,    0,    0,    0,    0,    0,    0,    0,    0,    0,    0,    0,    0,    0,    0,    0,    0,    0,    0,    0,    0,    0,    0,    0,    0,    0,    0,    0,    0,    0,    0,    0,    0,    0,    0,    0,    0,    0,    0,    0,    0,    0,    0,    0,    0,    0,    0,    0,    0,    0,    0,    0,    0,    0,    0,    0,    0,    0,    0,    0,    0,    0,
       0,    4,   -9,    0,    0,  -24,    0,   14,  -17,  -48,  -17,  -48,  -36,    0,    6,   -3,  -12,  -18,   -6,    0,    0,   -6,    0,    0,    0,  -18,   -9,    0,    0,    0,    0,    0,    0,    0,    0,    0,    0,    0,    0,  -30,    0,  -48,  -15,    0,  -12,    0,   -8,    0,    0,    0,    0,   -8,    0,    0,    0,    0,    0,    0,   -6,    0,    0,    0,  -15,    0,   -3,    0,    0,    0,    0,    0,    0,    0,    0,    0,    0,    0,    0,    0,    0,    0,   -6,    0,    0,    0,    0,    0,    0,    0,    0,    0,    0,    0,    0,    0,    0,    0,    0,    0,    0,    0,    0,    0,    0,    0,    0,    0,    0,    0,    0,    0,    0,    0,
       0,   -9,    0,    0,    0,    0,    0,    0,   -6,    0,   -6,    0,    0,    0,  -18,   -6,    0,    0,   -6,    0,  -15,    0,   -6,    0,    0,  -18,    0,    0,    0,    0,    0,    0,    0,    0,    0,    0,    0,    0,    0,  -21,    0,  -12,    0,    0,    0,    0,    0,    0,    0,    0,    0,   -5,    0,    0,   -7,   -3,   -4,   -7,    0,    0,    0,    0,    0,    0,    0,    0,    0,    0,    0,    0,    0,   -3,    0,    0,    0,    0,    0,    0,    0,   -3,   -3,   -3,    0,  -14,   -8,  -14,    0,    0,    0,    0,    0,    0,    0,    0,    0,    0,    0,    0,    0,    0,    0,    0,    0,    0,    0,    0,    0,    0,    0,    0,    0,    0,
       4,   -9,   -6,    0,    0,    0,    0,    0,  -24,    4,  -24,    4,    0,   -6,  -12,    0,    0,  -12,    0,   -6,  -12,    0,   -3,    0,    0,  -18,   -6,    0,    0,    0,    0,    0,    0,    0,    0,    0,    0,    0,    0,  -24,    6,    0,   -3,    0,  -10,    0,   -7,    0,    0,   -3,    0,    0,    0,    0,   -3,    0,    0,   -3,    0,    0,    0,    0,  -12,    0,    0,    0,    0,    0,    0,    0,    0,   -5,    0,    0,    0,    0,    0,    0,    0,    0,    0,    0,    0,    0,    0,    0,    0,    0,    0,    0,    0,    0,    0,    0,    0,    0,    0,    0,    0,    0,    0,    0,    0,    0,    0,    0,    0,    0,    0,    0,    0,    0,
       0,    0,    0,    0,    0,    0,    0,    0,    0,    0,    0,    0,    0,    0,  -12,    0,    0,    0,    0,    0,  -12,    0,    0,    0,    0,  -12,    0,    0,    0,    0,    0,    0,    0,    0,    0,    0,    0,    0,    0,  -14,    0,    0,    0,    0,    0,    0,    0,    0,    0,    0,    0,    0,    0,    0,    0,    0,    0,    0,    0,    0,    0,    0,    0,    0,    0,    0,    0,    0,    0,    0,    0,    0,    0,    0,    0,    0,    0,    0,    0,    0,    0,    0,    0,    0,    0,    0,    0,    0,    0,    0,    0,    0,    0,    0,    0,    0,    0,    0,    0,    0,    0,    0,    0,    0,    0,    0,    0,    0,    0,    0,    0,    0,
       8,    0,    0,    0,    0,  -10,    0,    8,   -6,  -24,   -6,  -24,    0,    0,    0,   -6,  -10,   -6,    0,    0,    0,    0,    0,    0,    0,  -18,    0,    0,    0,    0,    0,    0,    0,    0,    0,    0,    0,    0,    0,  -12,    0,  -18,   -8,    0,   -4,    0,   -2,    0,    0,    0,    0,   -5,    0,    0,    0,    0,    0,    0,    0,    0,    0,    0,   -6,    0,    0,    0,    0,    0,    0,    0,    0,   -4,    0,    0,    0,    0,    0,    0,    0,   -9,   -6,   -9,   -4,    0,    0,    0,   -7,    0,    0,    0,    0,    0,    0,    0,    0,    0,    0,    0,    0,    0,    0,    0,    0,    0,    0,    0,    0,    0,    0,    0,    0,    0,
       4,    0,    0,    0,    0,    0,    0,    8,    0,  -12,    0,  -12,    0,    0,    0,    0,   -6,    0,    0,    0,    0,    0,    0,    0,    0,  -12,    0,    0,    0,    0,    0,    0,    0,    0,    0,    0,    0,    0,    0,  -12,    0,  -12,   -4,    0,    0,    0,    0,    0,    0,    0,    0,    0,    0,    0,    0,    0,    0,    0,    0,    0,    0,    0,   -3,    0,    0,    0,    0,    0,    0,    0,    0,    0,    0,    0,    0,    0,    0,    0,    0,   -4,    0,   -4,    0,    0,    0,    0,   -2,    0,    0,    0,    0,    0,    0,    0,    0,    0,    0,    0,    0,    0,    0,    0,    0,    0,    0,    0,    0,    0,    0,    0,    0,    0,
       0,    0,   -4,    0,    0,  -12,    0,    0,  -14,    0,  -14,    0,    0,    0,   -6,    0,    0,  -14,    0,   -6,   -6,    0,    0,    0,    0,   -6,   -3,    0,    0,    0,    0,    0,    0,    0,    0,    0,    0,    0,    0,  -18,    0,    0,    0,    0,   -4,    0,   -4,    0,    0,    0,    0,   -3,    0,    0,    0,    0,    0,    0,    0,    0,    0,    0,  -12,    0,    0,    0,    0,    0,    0,    0,    0,   -4,    0,    0,    0,    0,    0,    0,    0,    0,   -1,    0,    0,    0,    0,    0,    0,    0,    0,    0,    0,    0,    0,    0,    0,    0,    0,    0,    0,    0,    0,    0,    0,    0,    0,    0,    0,    0,    0,    0,    0,    0,
       0,    6,    0,    0,    0,    0,    0,    0,    0,    0,    0,    0,    0,    0,    0,    0,    0,    0,    0,    0,    0,    0,    0,    0,    0,    0,    0,    8,    0,    0,    8,    0,    0,    0,    0,    0,    4,    0,    0,    0,    0,    8,    0,    0,    0,    0,    0,    0,   26,    0,    0,    0,    0,    0,    0,    0,    8,    0,    0,    0,    0,    0,    0,    0,    0,    4,    8,   32,   38,   23,    0,    0,    8,    0,    0,    0,    0,    0,    0,    0,    0,    0,    0,    0,    0,    0,    4,    0,    0,    0,    0,    0,    0,    0,    0,    0,    0,    0,    0,    0,    0,    0,    0,    0,    0,    0,    0,    0,    0,    0,    0,    0,
       0,    0,    0,    0,    0,    0,    0,    0,    0,    0,    0,    0,    0,    0,  -18,    0,    0,    0,    0,    0,  -18,    0,    0,    0,    0,  -18,    0,    0,    0,    0,    8,    0,  -15,    0,  -12,    0,    0,  -24,    0,  -30,    0,    0,    0,    0,    0,    0,    0,    0,   26,    0,    0,    0,    0,    0,    0,    0,    0,    0,    0,    0,    0,    0,    0,    0,    0,    0,    0,    0,    0,    0,    0,    0,    0,    0,    0,    0,    0,    0,    0,    0,    0,    0,    0,    0,    0,    0,    0,    0,    0,    0,    0,    0,    0,    0,    0,    0,    0,    0,    0,    0,    0,    0,    0,    0,    0,    0,    0,    0,    0,    0,    0,    0,
       0,    0,    0,    0,    0,    0,    0,    0,  -30,    0,  -30,    0,    0,    0,  -15,   -8,   -5,  -12,    0,    0,  -15,    0,    0,    0,    0,    0,  -18,    0,    0,    0,    0,    0,  -12,    0,    0,    0,    0,  -12,  -12,  -24,    0,    0,   -9,    0,  -12,    0,    0,    0,    0,    0,    0,    0,    0,    0,    0,    0,    0,    0,    0,    0,    0,    0,  -34,    0,    0,    0,    0,    0,    0,    0,    0,   -5,    0,  -12,    0,  -12,    0,    0,    0,    0,    0,    0,    0,    0,    0,    0,    0,    0,    0,    0,    0,    0,    0,    0,   -6,    0,   -9,    0,    0,    0,    0,    0,    0,    0,    0,    0,    0,    0,    0,    0,    0,    0,
     -39,  -48,    0,    0,    0,    0,    0,  -39,  -54, -120,  -54, -120,  -99,    0,    0,    0,    0,    0,    0,    0,    0,    0,    0,  -63,    0,  -60,    0,    0,    0,    0,    0,    0,    0,    0,    0,    0,    0,    0,    0,  -51,    0,  -60,    0,    0,    0,    0,    0,    0,    0,    0,    0,    0,    0,    0,    0,    0,    0,    0,    0,    0,    0,    0,    0,    0,    0,    0,    0,    0,    0,    0,    0,    0,    0,    0,    0,    0,    0,    0,    0,    0,    0,    0,    0,    0,    0,    0,    0,    0,    0,    0,    0,    0,    0,    0,    0,    0,    0,    0,    0,    0,    0,    0,    0,    0,    0,    0,    0,    0,    0,    0,    0,    0,
       0,  -12,    0,  -12,    0,    0,    0,  -12,    0,  -24,    0,  -24,  -18,    0,  -27,  -26,  -26,    0,  -12,    0,  -27,    0,  -12,    0,    0,  -12,    0,    0,    0,    0,   -9,    0,  -24,    0,  -12,    0,    0,  -24,  -24,  -24,    0,  -24,   -9,    0,    0,   -6,    0,    0,    0,    0,    0,    0,    0,    0,   -6,   -3,  -12,   -6,    0,    0,    0,    0,    0,    0,  -60,  -12,    0,    0,    0,    0,    0,    3,    0,  -24,  -12,  -18,   -6,  -12,    0,   -6,  -12,   -6,    0,  -12,    0,  -12,    0,    0,    0,    0,    0,    0,    0,    0,   -6,    0,    0,    0,    0,    0,    0,    0,    0,    0,    0,    0,    0,    0,    0,    0,    0,    0,
     -18,  -30,  -12,  -18,  -24,  -18,    0,  -24,  -36,  -36,  -36,  -36,    0,  -12,  -48,  -12,  -12,  -30,  -12,  -12,  -24,  -12,  -12,  -18,    0,  -60,  -18,  -12,    0,  -12,    0,    0,  -48,   -6,  -24,  -18,  -12,  -56,   -9,  -60,    0,    0,  -16,    0,  -24,  -12,    0,    0,   13,    0,  -18,    0,  -18,    0,  -24,  -12,    0,  -24,    0,    0,    0,  -12,  -27,    0,  -20,  -17,  -12,    0,    0,    0,    0,    0,    0,    0,    0,    0,    0,    0,    0,    0,    0,    0,    0,  -30,  -18,  -30,  -12,    0,    0,    0,    0,    0,    0,    0,    0,    0,    0,    0,    0,    0,    0,    0,    0,    0,    0,    0,    0,    0,    0,    0,    0,    0,
       0,    0,    0,    0,    0,    0,   34,    0,    0,    0,    0,    0,    0,    0,    0,    0,    0,    0,    0,    0,    0,    0,    0,    0,    0,    0,    0,    0,    0,    0,    0,    0,    0,    0,    0,    0,    0,    0,    0,    8,   32,    0,    0,    0,    0,    0,    0,    0,    0,    0,    0,    0,    0,    0,    0,    0,    0,    0,    0,    0,   32,    0,    0,    0,    0,    0,    0,    0,    0,    0,    0,    0,    0,    0,    0,    0,    0,    0,    0,    0,    0,    0,    0,    0,    0,    0,    0,    0,    0,    0,    0,    0,    0,    0,    0,    0,    0,    0,    0,    0,    0,    0,    0,    0,    0,    0,    0,    0,    0,    0,    0,    0,
       0,  -21,    0,    0,    0,    0,    0,  -24,   -6,    0,   -6,    0,    0,    0,  -30,    0,    0,    0,    0,    0,  -18,    0,  -15,    0,    0,  -18,    0,    0,    0,    0,    0,    0,    0,    0,    0,    0,    0,    0,    0,  -18,    0,  -12,    0,    0,    0,   -6,   -3,    0,    0,    0,    0,    0,   -3,    0,   -8,   -2,   -4,   -8,    0,    0,    0,    0,    0,    0,    0,    0,    0,    0,    0,    0,    0,    0,    0,    0,    0,    0,    0,    0,    0,    0,    0,    0,    0,    0,    0,    0,    0,    0,    0,    0,    0,    0,    0,    0,    0,    0,    0,    0,    0,    0,    0,    0,    0,    0,    0,    0,    0,    0,    0,    0,    0,    0,
      32,   26,    0,    0,    0,    0,   38,   28,    0,    0,    0,    0,    0,    0,    0,    0,    0,    0,    8,    0,   19,    0,    0,    0,    0,   13,    0,    0,    0,    0,    0,    0,    0,    0,    0,    0,    0,    0,    0,   22,   38,    0,    0,   13,    0,    0,    0,   10,   10,    8,    0,    0,    0,    0,    0,    0,    0,    0,    0,    0,   38,    0,    0,    0,    0,    0,    0,    0,    0,    0,   10,    0,    0,    0,    0,    0,    0,    0,    0,    0,    0,    0,    0,    0,    0,    0,    0,    0,    0,    0,    0,    0,    0,    0,    0,    0,    0,    0,    0,    0,    0,    0,    0,    0,    0,    0,    0,    0,    0,    0,    0,    0,
      10,    0,    0,    0,    0,  -22,    8,   12,  -34,  -34,  -34,  -34,  -34,   -8,    0,    0,    0,    0,    0,  -13,   12,  -11,    0,    0,  -13,    0,  -30,    0,    0,    0,    0,    0,    0,    0,    0,    0,    0,    0,    0,    0,   14,  -43,  -26,    0,  -26,    0,  -22,    0,    0,    0,   -8,    0,    0,  -15,    0,    0,    0,    0,    0,    0,   14,    0,  -34,    0,  -13,    0,    0,    0,    0,    0,    0,   -5,    0,    0,    0,    0,    0,    0,    0,    0,    0,    0,    0,    0,    0,    0,    0,    0,    0,    0,    0,    0,    0,    0,    0,    0,    0,    0,    0,    0,    0,    0,    0,    0,    0,    0,    0,    0,    0,    0,    0,    0,
       0,    0,    0,    0,    0,   -9,    0,    0,  -15,    0,  -15,    0,    0,    0,    0,    0,    0,   -3,   -4,   -3,    0,   -3,    0,    0,    0,  -13,    0,    0,    0,    0,    0,    0,    0,    0,    0,    0,    0,    0,    0,  -15,    0,    0,   -5,    0,   -5,    0,    0,    0,   -3,    0,    0,    0,    0,    0,    0,    0,    0,    0,    0,    0,    0,    0,  -12,    0,    0,    0,    0,    0,    0,    0,    0,   -3,    0,    0,    0,    0,    0,    0,    0,    0,    0,    0,    0,    0,    0,    0,    0,    0,    0,    0,    0,    0,    0,    0,    0,    0,    0,    0,    0,    0,    0,    0,    0,    0,    0,    0,    0,    0,    0,    0,    0,    0,
       0,    4,   -9,    0,    0,  -24,   13,   14,  -17,  -48,  -17,  -48,  -36,    0,    6,   -3,  -12,  -18,   -6,    0,    0,   -6,    0,    0,    0,  -18,   -9,    0,    0,    0,    0,    0,    0,    0,    0,    0,    0,    0,    0,  -30,   11,  -48,  -15,    0,  -12,    0,   -8,    0,    0,    0,    0,   -8,    0,    0,    0,    0,    0,    0,   -6,    0,    8,    0,  -15,    0,   -3,    0,    0,    0,    0,    0,    0,    0,    0,    0,    0,    0,    0,    0,    0,    0,   -6,    0,    0,    0,    0,    0,    0,    0,    0,    0,    0,    0,    0,    0,    0,    0,    0,    0,    0,    0,    0,    0,    0,    0,    0,    0,    0,    0,    0,    0,    0,    0,
       4,   -5,   -6,    0,    0,    0,   22,    0,  -24,    4,  -24,    4,    0,   -6,  -12,    0,    0,  -12,    0,   -6,  -12,    0,   -3,    0,    0,  -18,   -6,    0,    0,    0,    0,    0,    0,    0,    0,    0,    0,    0,    0,  -24,   28,    0,   -3,    0,  -10,    0,   -7,    0,    0,   -3,    0,    0,    0,    0,   -3,    0,    0,   -3,    0,    0,   22,    0,  -12,    0,    0,    0,    0,    0,    0,    0,    0,   -5,    0,    0,    0,    0,    0,    0,    0,    0,    0,    0,    0,    0,    0,    0,    0,    0,    0,    0,    0,    0,    0,    0,    0,    0,    0,    0,    0,    0,    0,    0,    0,    0,    0,    0,    0,    0,    0,    0,    0,    0,
      12,   12,    0,    0,   12,  -14,    0,   19,  -18,  -32,  -18,  -32,  -22,    0,    6,    4,    4,   -7,    0,    0,    8,    0,    6,    0,    0,    6,  -12,    0,    0,    0,    0,    0,    0,    0,    0,    0,    0,    0,    0,    0,    0,  -30,   -7,    0,   -5,    8,   -3,    0,    0,    0,    0,    0,   12,    0,    6,    6,    4,    6,    0,    0,    0,    0,  -18,    0,    0,    0,    0,    0,    0,    0,    0,    0,    0,    0,    0,    0,    0,    0,    0,    0,    0,    0,    0,    0,    0,    0,    0,    0,    0,    0,    0,    0,    0,    0,    0,    0,    0,    0,    0,    0,    0,    0,    0,    0,    0,    0,    0,    0,    0,    0,    0,    0,
       0,  -18,    0,  -12,    0,    0,    0,  -18,    0,    0,    0,    0,  -24,    0,  -22,   -9,   -6,    0,    0,    0,  -26,    0,  -16,    0,    0,  -24,    0,   -6,    0,    0,    0,    0,  -22,    0,  -12,    0,  -14,  -20,    0,    0,    0,  -18,    0,    0,    0,    0,    0,    0,    0,    0,    0,    0,    0,    0,   -3,    0,   -2,   -3,    0,    0,    0,    0,    0,    0,    0,    0,    0,    0,    0,    0,    0,    0,    0,  -18,   -6,  -14,  -10,   -4,    0,   -5,  -10,   -5,    0,  -18,    0,  -18,    0,    0,    0,    0,    0,    0,    0,    0,    0,    0,    0,    0,    0,    0,    0,    0,    0,    0,    0,    0,    0,    0,    0,    0,    0,    0,
       4,    8,  -36,  -21,    0,  -48,    0,    4,  -60,  -72,  -60,  -72,  -72,  -30,  -21,   -7,    0,  -48,  -18,  -30,    0,  -24,  -12,    0,  -51,    0,  -51,  -60,    0,  -36,    0,  -20,    0,    0,    0,    0,    0,    0,    0,  -24,    4,  -72,  -60,    0,  -60,    0,    0,    0,  -18,    0,  -48,  -60,    0,  -54,  -48,  -36,  -48,  -48,    0,    0,    0,    0,  -60,    0,  -48,    0,  -80,    0,    0,    0,    0,    0,  -56,  -11,  -42,    0,    0,  -18,  -36,  -60,  -48,  -60,  -42,  -48,  -51,  -48,  -60,    0,    0,    0,    0,    0,    0,    0,    0,    0,    0,    0,    0,    0,    0,    0,    0,    0,    0,    0,    0,    0,    0,    0,    0,    0,
       0,   -4,    0,    0,    0,    0,    8,    0,   -4,    4,   -4,    4,    0,    0,  -13,    0,    0,    0,    0,    0,    0,    0,    0,    0,    0,    0,    0,    0,    0,    0,    0,    0,   -8,    0,    0,    0,    0,   -8,    0,   -4,    4,   13,    0,    0,    0,    0,    0,    0,   17,    0,    0,    4,    0,    0,   -4,    0,    0,   -4,    0,    0,    4,    0,    0,    0,    0,    0,   13,    0,    0,    0,    0,    0,    0,    0,    0,    0,    0,    0,    0,    2,    0,    2,    4,   -6,   -6,   -6,    0,    0,    0,    0,    0,    0,    0,    0,    0,    0,    0,    0,    0,    0,    0,    0,    0,    0,    0,    0,    0,    0,    0,    0,    0,    0,
       0,    0,  -18,   -9,    0,  -24,    0,    4,  -24,  -60,  -24,  -60,  -36,  -12,  -12,   -6,   -3,  -18,    0,  -15,    0,  -14,   -9,    0,    0,    0,  -24,  -20,    0,   -6,    0,   -7,    0,    0,    0,    0,    0,    0,    0,    0,   13,  -60,  -29,    0,  -24,    0,    0,    0,   -9,    0,  -18,  -21,    0,    0,   -9,   -6,  -15,   -9,    0,    0,    4,    0,  -30,    0,  -18,    0,  -20,    0,    0,    0,    0,    0,  -19,  -18,  -19,    0,    0,   -9,  -12,  -30,  -24,  -30,  -22,  -18,  -18,  -18,  -32,    0,    0,    0,    0,    0,    0,    0,    0,    0,    0,    0,    0,    0,    0,    0,    0,    0,    0,    0,    0,    0,    0,    0,    0,    0,
       0,  -13,    0,    0,    0,   -8,    4,  -13,  -13,    6,  -13,    6,    0,   -4,  -17,    0,    0,    0,    0,   -4,  -13,    0,   -8,    0,    0,  -13,    0,    0,    0,  -13,    0,    0,  -22,    0,  -13,    0,    0,  -26,    0,  -17,    4,    4,    0,    0,    0,    0,    0,    0,    0,    0,    0,    0,    0,    0,   -8,    0,    0,   -8,    0,    0,    0,    0,   -8,    0,    0,    0,    0,    0,    0,    0,    0,    0,    0,    0,    0,  -22,  -17,    0,    0,    0,    0,    0,    0,  -17,   -8,  -17,    0,    0,    0,    0,    0,    0,    0,    0,    0,    0,    0,    0,    0,    0,    0,    0,    0,    0,    0,    0,    0,    0,    0,    0,    0,    0,
       0,  -18,    0,   -9,    0,    0,    0,  -18,    0,    0,    0,    0,  -18,    0,  -32,  -15,   -9,    0,   -9,    0,  -24,    0,  -13,    0,    0,  -32,    0,    0,    0,    0,   -8,   -4,  -34,    0,  -16,  -10,  -19,  -50,  -12,  -30,    0,  -12,    0,    0,    0,    0,    0,    0,    0,    0,    0,    0,    0,    0,   -3,    0,   -4,   -3,   -3,    0,    0,    0,    0,    0,    0,    0,   -6,    0,    0,    0,    0,    0,    0,  -12,   -4,  -31,  -10,   -6,    0,   -5,  -12,   -5,    0,  -10,    0,  -10,    0,    0,    0,    0,    0,    0,    0,    0,    0,    0,    0,    0,    0,    0,    0,    0,    0,    0,    0,    0,    0,    0,    0,    0,    0,    0,
       0,   -8,    0,    0,    0,    0,    0,   -8,   -7,    0,   -7,    0,    0,    0,  -18,   -9,    0,    0,   -6,    0,  -14,    0,    0,    0,    0,  -18,    0,    0,    0,    0,    0,    0,    0,    0,    0,    0,    0,    0,    0,  -30,    0,  -12,   -4,    0,   -4,    0,    0,    0,    0,    0,    0,   -4,    0,    0,  -10,   -7,   -6,  -10,   -6,    0,    0,    0,    0,    0,    0,    0,    0,    0,    0,    0,    0,   -3,    0,    0,    0,    0,    0,    0,    0,   -6,  -10,   -6,    0,  -12,  -10,  -12,   -2,    0,    0,    0,    0,    0,    0,    0,    0,    0,    0,    0,    0,    0,    0,    0,    0,    0,    0,    0,    0,    0,    0,    0,    0,    0,
       0,    4,  -12,    0,    0,  -30,    0,    8,  -21,  -60,  -21,  -60,  -30,    0,    0,  -12,  -12,  -23,   -9,   -6,   -9,  -12,    0,    0,    0,  -24,  -18,    0,    0,    0,    0,    0,    0,    0,    0,    0,    0,    0,    0,  -30,    0,  -48,  -21,    0,  -15,    0,    0,    0,    0,    0,    0,    0,    0,    0,    0,    0,    0,    0,    0,    0,    0,    0,  -20,    0,   -8,    0,    0,    0,    0,    0,    0,    0,    0,    0,    0,    0,    0,    0,    0,  -30,   -6,  -30,  -12,    6,    0,    6,  -12,    0,    0,    0,    0,    0,    0,    0,    0,    0,    0,    0,    0,    0,    0,    0,    0,    0,    0,    0,    0,    0,    0,    0,    0,    0,
       8,    0,    0,    0,    0,    0,    4,    0,   -4,    8,   -4,    8,    0,    0,  -12,    0,    0,    0,    0,    0,    0,    0,    0,    0,    0,  -12,    0,    0,    0,    0,    0,    0,    0,    0,    0,    0,    0,    0,    0,  -18,    8,    8,    0,    0,   -2,    0,    0,    0,    8,    0,    0,    4,    0,    0,    0,    0,    0,    0,    0,    0,    6,    0,    0,    0,    0,    0,    0,    0,    0,    0,    0,    0,    0,    0,    0,    0,    0,    0,    0,   13,    0,    4,    4,   -6,   -6,   -6,    0,    0,    0,    0,    0,    0,    0,    0,    0,    0,    0,    0,    0,    0,    0,    0,    0,    0,    0,    0,    0,    0,    0,    0,    0,    0,
       0,    0,    0,    0,    0,    0,    0,    0,    0,    0,    0,    0,    0,    0,  -18,    0,    0,    0,    0,    0,  -12,    0,    0,    0,    0,  -12,    0,    0,    0,    0,    0,    0,    0,    0,    0,    0,    0,    0,    0,  -18,    0,    0,    0,    0,    0,    0,    0,    0,    0,    0,    0,    0,    0,    0,   -4,    0,    0,   -4,    0,    0,    0,    0,    0,    0,    0,    0,    0,    0,    0,    0,    0,    0,    0,    0,    0,    0,    0,    0,    0,    0,    0,    0,    0,   -9,   -7,   -9,    0,    0,    0,    0,    0,    0,    0,    0,    0,    0,    0,    0,    0,    0,    0,    0,    0,    0,    0,    0,    0,    0,    0,    0,    0,    0,
      12,    6,  -12,    0,    0,  -18,    0,   10,  -12,  -36,  -12,  -36,  -18,    0,    0,  -12,  -12,  -18,   -6,    0,  -18,  -12,    0,    0,    0,  -24,  -18,    0,    0,    0,    0,    0,    0,    0,    0,    0,    0,    0,    0,  -18,    0,  -36,  -15,    0,  -15,    0,    0,    0,    0,    0,    0,  -10,    0,    0,    0,    0,    0,    0,    0,    0,    0,    0,  -12,    0,    0,    0,    0,    0,    0,    0,    0,    0,    0,    0,    0,    0,    0,    0,   -6,  -30,    0,  -30,  -12,    6,    0,    6,  -12,    0,    0,    0,    0,    0,    0,    0,    0,    0,    0,    0,    0,    0,    0,    0,    0,    0,    0,    0,    0,    0,    0,    0,    0,    0,
       8,   -8,    0,    0,    0,    0,    0,    0,  -12,    8,  -12,    8,    0,    0,  -18,    0,    0,    0,    0,    0,    0,    0,    0,    0,    0,    0,    0,    0,    0,    0,    0,    0,    0,    0,    0,    0,    0,    0,    0,    0,    6,   13,    0,    0,   -4,    0,    0,    0,    0,    0,    0,    0,    0,    0,   -8,   -4,    0,   -8,    0,    0,    0,    0,   -6,    0,    0,    0,    0,    0,    0,    0,    0,    0,    0,    0,    0,    0,    0,    0,   -2,    8,    0,    8,    4,  -13,   -8,  -13,    0,    0,    0,    0,    0,    0,    0,    0,    0,    0,    0,    0,    0,    0,    0,    0,    0,    0,    0,    0,    0,    0,    0,    0,    0,    0,
       0,  -48,    0,    0,    0,    0,    0,  -36,   -6,    0,   -6,    0,  -18,    0,  -36,   -9,    0,    0,   -6,    0,  -18,    0,  -12,    0,    0,  -30,    0,    0,    0,    0,    0,    0,    0,    0,    0,    0,    0,    0,    0,  -48,    0,  -12,    0,    0,    0,    0,   -4,    0,    0,    0,    0,   -4,   -6,    0,  -13,   -7,   -6,  -13,    0,    0,    0,    0,    0,    0,    0,    0,    0,    0,    0,    0,    0,    0,    0,    0,    0,    0,    0,    0,    0,    0,  -12,    0,    0,  -23,   -9,  -23,   -4,    0,    0,    0,    0,    0,    0,    0,    0,    0,    0,    0,    0,    0,    0,    0,    0,    0,    0,    0,    0,    0,    0,    0,    0,    0,
       0,    4,  -12,    0,    0,  -30,    0,    8,  -21,  -60,  -21,  -60,  -30,    0,    0,  -12,  -12,  -23,   -9,   -6,   -9,  -12,    0,    0,    0,  -24,  -18,    0,    0,    0,    0,    0,    0,    0,    0,    0,    0,    0,    0,  -30,    8,  -48,  -21,    0,  -15,    0,    0,    0,    0,    0,    0,    0,    0,    0,    0,    0,    0,    0,    0,    0,    0,    0,  -20,    0,   -8,    0,    0,    0,    0,    0,    0,    0,    0,    0,    0,    0,    0,    0,    0,  -30,   -6,  -30,  -12,    6,    0,    6,  -12,    0,    0,    0,    0,    0,    0,    0,    0,    0,    0,    0,    0,    0,    0,    0,    0,    0,    0,    0,    0,    0,    0,    0,    0,    0,
       8,    0,    0,    0,    0,    0,    8,    0,  -18,   12,  -18,   12,    0,   -6,  -10,    0,    4,    0,    0,    0,  -12,    0,  -12,    0,    0,  -24,    0,    0,    0,   -7,    0,    0,  -10,    0,    0,    0,    0,    0,    0,    0,   13,   12,    4,    0,    0,    0,    0,    0,   13,    0,    0,    8,    0,    0,   -8,    0,   10,   -8,    0,    0,    8,    0,  -12,    0,    0,    0,    0,    0,    0,    0,    0,    0,    0,    0,    0,    0,   -4,    0,   -4,   16,    4,    4,    8,  -34,    0,  -18,    4,    0,    0,    0,    0,    0,    0,    0,    0,    0,    0,    0,    0,    0,    0,    0,    0,    0,    0,    0,    0,    0,    0,    0,    0,    0,
       8,    0,    0,    0,    0,    0,    8,    0,  -15,   15,  -15,   15,    0,    0,    0,    4,    0,    0,    0,    0,   -4,    0,    0,    0,    0,  -18,    0,    0,    0,    0,    0,    0,    0,    0,    0,    0,    0,    0,    0,    0,    8,   16,    1,    0,   -6,    0,    0,    0,   12,    0,    0,    0,    0,    0,    0,    0,   12,    0,    0,    0,    8,    0,   -6,    0,    0,    0,    0,    0,    0,    0,    0,    0,    0,    0,    0,    0,    0,    0,    0,   16,    0,    4,    4,    0,   -6,    0,    0,    0,    0,    0,    0,    0,    0,    0,    0,    0,    0,    0,    0,    0,    0,    0,    0,    0,    0,    0,    0,    0,    0,    0,    0,    0,
       0,    0,    0,    0,    0,    0,    0,    0,    0,    0,    0,    0,    0,    0,    0,    0,    0,    0,    0,    0,    0,    0,    0,    0,    0,    0,    0,    0,    0,    0,    0,    0,    0,    0,    0,    0,    0,    0,    0,    0,    0,    0,    0,    0,    0,    0,    0,    0,    0,    0,    0,    0,    0,    0,    0,    0,    0,    0,    0,    0,    0,    0,    0,    0,    0,    0,    0,    0,    0,    0,    0,    0,    0,    0,    0,    0,    0,    0,    0,    0,    0,    0,    0,    0,    0,    0,    0,    0,   -6,   -6,    0,    0,    0,    0,    0,    0,    0,    0,    0,    0,    0,    0,    0,    0,    0,    0,    0,    0,    0,    0,    0,    0,
       0,    0,    0,    0,    0,    0,    0,    0,    0,    0,    0,    0,  -12,    0,    0,    0,    0,    0,    0,    0,    0,    0,    0,    0,    0,    0,    0,    0,    0,    0,    0,    0,    0,    0,    0,    0,    0,    0,    0,    0,    0,    0,    0,    0,    0,    0,    0,    0,    0,    0,    0,    0,    0,    0,    0,    0,    0,    0,    0,    0,    0,    0,    0,    0,    0,    0,    0,    0,    0,    0,    0,    0,    0,    0,    0,    0,    0,    0,    0,    0,    0,    0,    0,    0,    0,    0,    0,   -9,    0,    0,    0,    0,   -6,    0,    0,    0,    0,    0,    0,    0,    0,    0,    0,    0,    0,    0,    0,    0,    0,    0,    0,    0,
       0,    0,    0,    0,    0,    0,    0,    0,    0,    0,    0,    0,  -39,    0,    0,    0,    0,    0,    0,    0,    0,    0,    0,    0,    0,    0,    0,    0,    0,    0,    0,    0,    0,    0,    0,    0,    0,    0,    0,   -9,    0,    0,    0,    0,    0,    0,    0,    0,    0,    0,    0,    0,    0,    0,    0,    0,    0,    0,    0,    0,    0,    0,    0,    0,    0,    0,    0,    0,    0,    0,    0,    0,    0,    0,    0,    0,    0,    0,    0,    0,    0,    0,    0,    0,    0,    0,    0,    0,   -6,    0,    0,   -9,   -6,   -6,   -6,   -9,   -9,    0,    0,    0,    0,    0,    0,    0,    0,    0,    0,    0,    0,    0,    0,    0,
       0,    0,    0,    0,    0,    0,    0,    0,    0,  -27,    0,  -27,   -6,    0,    0,    0,    0,    0,    0,    0,    0,    0,    0,    9,    0,    9,    0,    0,    0,    0,    0,    0,    0,    0,    0,    0,    0,    0,    0,  -18,    0,  -30,    0,    0,    0,    0,    0,    0,    0,    0,    0,    0,    0,    0,    0,    0,    0,    0,    0,    0,    0,    0,    0,    0,    0,    0,    0,    0,    0,    0,    0,    0,    0,    0,    0,    0,    0,    0,    0,    0,    0,    0,    0,    0,    0,    0,    0,    0,   -6,  -21,   -5,    0,   -6,   -5,    0,    0,    0,    0,    0,    0,    0,    0,    0,    0,    0,    0,    0,    0,    0,    0,    0,    0,
       0,    0,    0,    0,    0,    0,    0,    0,    0,    0,    0,    0,   -6,    0,    0,    0,    0,    0,    0,    0,    0,    0,    0,    0,    0,    0,    0,    0,    0,    0,    0,    0,    0,    0,    0,    0,    0,    0,    0,    0,    0,    0,    0,    0,    0,    0,    0,    0,    0,    0,    0,    0,    0,    0,    0,    0,    0,    0,    0,    0,    0,    0,    0,    0,    0,    0,    0,    0,    0,    0,    0,    0,    0,    0,    0,    0,    0,    0,    0,    0,    0,    0,    0,    0,    0,    0,    0,    0,    0,    0,    0,    0,    0,    0,    0,    0,    0,    0,    0,    0,    0,    0,    0,    0,    0,    0,    0,    0,    0,    0,    0,    0,
       0,    0,    0,    0,    0,    0,    0,    0,    0,  -12,    0,  -12,  -15,    0,    0,    0,    0,    0,    0,    0,    0,    0,    0,    9,    0,    0,    0,    0,    0,    0,    0,    0,    0,    0,    0,    0,    0,    0,    0,  -12,    0,  -18,    0,    0,    0,    0,    0,    0,    0,    0,    0,    0,    0,    0,    0,    0,    0,    0,    0,    0,    0,    0,    0,    0,    0,    0,    0,    0,    0,    0,    0,    0,    0,    0,    0,    0,    0,    0,    0,    0,    0,    0,    0,    0,    0,    0,    0,    0,    0,    0,   -6,    0,   -8,   -6,    0,    0,    0,    0,    0,    0,    0,    0,    0,    0,    0,    0,    0,    0,    0,    0,    0,    0,
       0,    0,    0,    0,    0,    0,    0,    0,    0,    0,    0,    0,  -12,    0,    0,    0,    0,    0,    0,    0,    0,    0,    0,    0,    0,    0,    0,    0,    0,    0,    0,    0,    0,    0,    0,    0,    0,    0,    0,  -12,    0,  -12,    0,    0,    0,    0,    0,    0,    0,    0,    0,    0,    0,    0,    0,    0,    0,    0,    0,    0,    0,    0,    0,    0,    0,    0,    0,    0,    0,    0,    0,    0,    0,    0,    0,    0,    0,    0,    0,    0,    0,    0,    0,    0,    0,    0,    0,    0,    0,   -6,   -6,    0,    0,   -6,    0,    0,    0,    0,    0,    0,    0,    0,    0,    0,    0,    0,    0,    0,    0,    0,    0,    0,
       0,    0,    0,    0,    0,    0,    0,    0,    0,    0,    0,    0,  -12,    0,    0,    0,    0,    0,    0,    0,    0,    0,    0,    0,    0,    9,    0,    0,    0,    0,    0,    0,    0,    0,    0,    0,    0,    0,    0,  -12,    0,    0,    0,    0,    0,    0,    0,    0,    0,    0,    0,    0,    0,    0,    0,    0,    0,    0,    0,    0,    0,    0,    0,    0,    0,    0,    0,    0,    0,    0,    0,    0,    0,    0,    0,    0,    0,    0,    0,    0,    0,    0,    0,    0,    0,    0,    0,    0,    0,    0,   -4,    0,   -6,   -6,    0,    0,    0,    0,    0,    0,    0,    0,    0,    0,    0,    0,    0,    0,    0,    0,    0,    0,
       0,    0,    0,    0,    0,    0,    0,    0,    0,    0,    0,    0,    0,    0,    0,    0,    0,    0,    0,    0,    0,    0,    0,    0,    0,    0,    0,    0,    0,    0,    0,    0,    0,    0,    0,    0,    0,    0,    0,    0,    0,    0,    0,    0,    0,    0,    0,    0,    0,    0,    0,    0,    0,    0,    0,    0,    0,    0,    0,    0,    0,    0,    0,    0,    0,    0,    0,    0,    0,    0,    0,    0,    0,    0,    0,    0,    0,    0,    0,    0,    0,    0,    0,    0,    0,    0,    0,    0,    0,    0,    0,   -5,   -5,   -8,   -6,    0,    0,    0,    0,    0,    0,    0,    0,    0,    0,    0,    0,    0,    0,    0,    0,    0,
       0,    0,    0,    0,    0,    0,    0,    0,    0,    0,    0,    0,  -12,    0,    0,    0,    0,    0,    0,    0,    0,    0,    0,    0,    0,    0,    0,    0,    0,    0,    0,    0,    0,    0,    0,    0,    0,    0,    0,  -12,    0,    0,    0,    0,    0,    0,    0,    0,    0,    0,    0,    0,    0,    0,    0,    0,    0,    0,    0,    0,    0,    0,    0,    0,    0,    0,    0,    0,    0,    0,    0,    0,    0,    0,    0,    0,    0,    0,    0,    0,    0,    0,    0,    0,    0,    0,    0,    0,    0,    0,    0,    0,    0,    0,    0,    0,    0,    0,    0,    0,    0,    0,    0,    0,    0,    0,    0,    0,    0,    0,    0,    0,
       0,    0,    0,    0,    0,    0,    0,    0,    0,    9,    0,    9,    0,    0,    0,    0,    0,    0,    0,    0,    0,    0,    0,    9,    0,    0,    0,    0,    0,    0,    0,    0,    0,    0,    0,    0,    0,    0,    0,    0,    0,    0,    0,    0,    0,    0,    0,    0,    0,    0,    0,    0,    0,    0,    0,    0,    0,    0,    0,    0,    0,    0,    0,    0,    0,    0,    0,    0,    0,    0,    0,    0,    0,    0,    0,    0,    0,    0,    0,    0,    0,    0,    0,    0,    0,    0,    0,    0,    0,    0,    0,    0,    0,   -4,    0,    0,    0,    0,    0,    0,    0,    0,    0,    0,    0,    0,    0,    0,    0,    0,    0,    0,
       0,   -9,    0,    0,    0,    0,    0,    0,    0,  -21,    0,  -21,  -21,    0,    0,    0,    0,    0,    0,    0,    0,    0,    0,    0,    0,    0,    0,    0,    0,    0,    0,    0,    0,    0,    0,    0,    0,    0,    0,  -15,    0,  -60,    0,    0,    0,    0,    0,    0,    0,    0,    0,    0,    0,    0,    0,    0,    0,    0,    0,    0,    0,    0,    0,    0,    0,    0,    0,    0,    0,    0,    0,    0,    0,    0,    0,    0,    0,    0,    0,    0,    0,    0,    0,    0,    0,    0,    0,    0,    0,    0,    0,    0,    0,    0,    0,    0,    0,    0,    0,    0,    0,    0,    0,    0,    0,    0,    0,    0,    0,    0,    0,    0,
       0,   -9,    0,    0,    0,    0,    0,    0,    0,    0,    0,    0,  -18,    0,    0,    0,    0,    0,    0,    0,    0,    0,    0,    0,    0,    0,    0,    0,    0,    0,    0,    0,    0,    0,    0,    0,    0,    0,    0,    0,    0,    0,    0,    0,    0,    0,    0,    0,    0,    0,    0,    0,    0,    0,    0,    0,    0,    0,    0,    0,    0,    0,    0,    0,    0,    0,    0,    0,    0,    0,    0,    0,    0,    0,    0,    0,    0,    0,    0,    0,    0,    0,    0,    0,    0,    0,    0,  -12,    0,    0,    0,    0,    0,    0,    0,    0,    0,    0,    0,    0,    0,    0,    0,    0,    0,    0,    0,    0,    0,    0,    0,    0,
       0,    0,    0,    0,    0,    0,    0,    0,    0,    0,    0,    0,    0,    0,    0,    0,    0,    0,    0,    0,    0,    0,    0,    0,    0,    0,    0,    0,    0,    0,    0,    0,    0,    0,    0,    0,    0,    0,    0,   -9,    0,    0,    0,    0,    0,    0,    0,    0,    0,    0,    0,    0,    0,    0,    0,    0,    0,    0,    0,    0,    0,    0,    0,    0,    0,    0,    0,    0,    0,    0,    0,    0,    0,    0,    0,    0,    0,    0,    0,    0,    0,    0,    0,    0,    0,    0,    0,    0,    0,    0,    0,    0,    0,    0,    0,    0,    0,    0,    0,    0,    0,    0,    0,    0,    0,    0,    0,    0,    0,    0,    0,    0,
       0,    6,    0,    0,    0,    0,    0,    0,    0,    0,    0,    0,   -6,    0,    0,    0,    0,    0,    0,    0,    0,    0,    0,    0,    0,   17,    0,    0,    0,    0,    0,    0,    0,    0,    0,    0,    0,    0,    0,    0,    0,    0,    0,    0,    0,    0,    0,    0,    0,    0,    0,    0,    0,    0,    0,    0,    0,    0,    0,    0,    0,    0,    0,    0,    0,    0,    0,    0,    0,    0,    0,    0,    0,    0,    0,    0,    0,    0,    0,    0,    0,    0,    0,    0,    0,    0,    0,    0,    5,    0,    0,   14,    0,   -5,    0,    0,    0,    0,    0,    0,    0,    0,    0,    0,    0,    0,    0,    0,    0,    0,    0,    0,
       0,    0,    0,    0,    0,    0,    0,    0,    0,    0,    0,    0,  -12,    0,    0,    0,    0,    0,    0,    0,    0,    0,    0,    0,    0,    0,    0,    0,    0,    0,    0,    0,    0,    0,    0,    0,    0,    0,    0,    0,    0,    0,    0,    0,    0,    0,    0,    0,    0,    0,    0,    0,    0,    0,    0,    0,    0,    0,    0,    0,    0,    0,    0,    0,    0,    0,    0,    0,    0,    0,    0,    0,    0,    0,    0,    0,    0,    0,    0,    0,    0,    0,    0,    0,    0,    0,    0,    0,    0,    0,    0,    0,   -6,    0,    0,    0,    0,    0,    0,    0,    0,    0,    0,    0,    0,    0,    0,    0,    0,    0,    0,    0,
       0,    0,    0,    0,    0,    0,    0,    0,    0,    0,    0,    0,    0,    0,    0,    0,    0,    0,    0,    0,    0,    0,    0,    0,    0,    0,    0,    0,    0,    0,    0,    0,    0,    0,    0,    0,    0,    0,    0,    0,    0,    0,    0,    0,    0,    0,    0,    0,    0,    0,    0,    0,    0,    0,    0,    0,    0,    0,    0,    0,    0,    0,    0,    0,    0,    0,    0,    0,    0,    0,    0,    0,    0,    0,    0,    0,    0,    0,    0,    0,    0,    0,    0,    0,    0,    0,    0,    0,    0,    0,    0,    0,    0,    0,    0,    0,    0,    0,   16,    0,    0,    0,    0,    0,    0,    0,    0,    0,    0,    0,    0,    0,
       0,    0,    0,    0,    0,    0,    0,    0,    0,    0,    0,    0,    0,    0,    0,    0,    0,    0,    0,    0,    0,    0,    0,    0,    0,    0,    0,    0,    0,    0,    0,    0,    0,    0,    0,    0,    0,    0,    0,    0,    0,    0,    0,    0,    0,    0,    0,    0,    0,    0,    0,    0,    0,    0,    0,    0,    0,    0,    0,    0,    0,    0,    0,    0,    0,    0,    0,    0,    0,    0,    0,    0,    0,    0,    0,    0,    0,    0,    0,    0,    0,    0,    0,    0,    0,    0,    0,    0,    0,    0,    0,    0,    0,    0,    0,    0,    0,  -18,    0,    0,    0,    0,   -6,  -18,  -45,    0,    0,    0,    0,    0,    0,    0,
       0,    0,    0,    0,    0,    0,    0,    0,    0,    0,    0,    0,    0,    0,    0,    0,    0,    0,    0,    0,    0,    0,    0,    0,    0,    0,    0,    0,    0,    0,    0,    0,    0,    0,    0,    0,    0,    0,    0,    0,    0,    0,    0,    0,    0,    0,    0,    0,    0,    0,    0,    0,    0,    0,    0,    0,    0,    0,    0,    0,    0,    0,    0,    0,    0,    0,    0,    0,    0,    0,    0,    0,    0,    0,    0,    0,    0,    0,    0,    0,    0,    0,    0,    0,    0,    0,    0,    0,    0,    0,    0,    0,    0,    0,    0,    0,    0,    0,    0,    0,   19,    0,    0,    0,    0,    0,    0,    0,    0,    0,    0,    0,
       0,    0,    0,    0,    0,    0,    0,    0,    0,    0,    0,    0,    0,    0,    0,    0,    0,    0,    0,    0,    0,    0,    0,    0,    0,    0,    0,    0,    0,    0,    0,    0,    0,    0,    0,    0,    0,    0,    0,    0,    0,    0,    0,    0,    0,    0,    0,    0,    0,    0,    0,    0,    0,    0,    0,    0,    0,    0,    0,    0,    0,    0,    0,    0,    0,    0,    0,    0,    0,    0,    0,    0,    0,    0,    0,    0,    0,    0,    0,    0,    0,    0,    0,    0,    0,    0,    0,    0,    0,    0,    0,    0,    0,    0,    0,    0,    0,    0,    0,    0,    0,    0,    0,    0,  -19,    0,    0,    0,    0,    0,    0,    0,
       0,    0,    0,    0,    0,    0,    0,    0,    0,    0,    0,    0,    0,    0,    0,    0,    0,    0,    0,    0,    0,    0,    0,    0,    0,    0,    0,    0,    0,    0,    0,    0,    0,    0,    0,    0,    0,    0,    0,    0,    0,    0,    0,    0,    0,    0,    0,    0,    0,    0,    0,    0,    0,    0,    0,    0,    0,    0,    0,    0,    0,    0,    0,    0,    0,    0,    0,    0,    0,    0,    0,    0,    0,    0,    0,    0,    0,    0,    0,    0,    0,    0,    0,    0,    0,    0,    0,    0,    0,    0,    0,    0,    0,    0,    0,    0,    0,    0,    0,    0,    0,    0,    0,    0,  -33,    0,    0,    0,    0,    0,    0,    0,
       0,    0,    0,    0,    0,    0,    0,    0,    0,    0,    0,    0,    0,    0,    0,    0,    0,    0,    0,    0,    0,    0,    0,    0,    0,    0,    0,    0,    0,    0,    0,    0,    0,    0,    0,    0,    0,    0,    0,    0,    0,    0,    0,    0,    0,    0,    0,    0,    0,    0,    0,    0,    0,    0,    0,    0,    0,    0,    0,    0,    0,    0,    0,    0,    0,    0,    0,    0,    0,    0,    0,    0,    0,    0,    0,    0,    0,    0,    0,    0,    0,    0,    0,    0,    0,    0,    0,    0,    0,    0,    0,    0,    0,    0,    0,    0,    0,  -38,  -27,  -15,    0,  -27,  -49,  -19,  -61,    0,    0,    0,    0,    0,    0,    0,
       0,    0,    0,    0,    0,    0,    0,    0,    0,    0,    0,    0,    0,    0,    0,    0,    0,    0,    0,    0,    0,    0,    0,    0,    0,    0,    0,    0,    0,    0,    0,    0,    0,    0,    0,    0,    0,    0,    0,    0,    0,    0,    0,    0,    0,    0,    0,    0,    0,    0,    0,    0,    0,    0,    0,    0,    0,    0,    0,    0,    0,    0,    0,    0,    0,    0,    0,    0,    0,    0,    0,    0,    0,    0,    0,    0,    0,    0,    0,    0,    0,    0,    0,    0,    0,    0,    0,    0,    0,    0,    0,    0,    0,    0,    0,    0,    0,    0,    0,    0,    0,    0,    0,    0,    0,    0,  -24,    0,    0,  -15,  -15,    0,
       0,    0,    0,    0,    0,    0,    0,    0,    0,    0,    0,    0,    0,    0,    0,    0,    0,    0,    0,    0,    0,    0,    0,    0,    0,    0,    0,    0,    0,    0,    0,    0,    0,    0,    0,    0,    0,    0,    0,    0,    0,    0,    0,    0,    0,    0,    0,    0,    0,    0,    0,    0,    0,    0,    0,    0,    0,    0,    0,    0,    0,    0,    0,    0,    0,    0,    0,    0,    0,    0,    0,    0,    0,    0,    0,    0,    0,    0,    0,    0,    0,    0,    0,    0,    0,    0,    0,    0,    0,    0,    0,    0,    0,    0,    0,    0,    0,    0,    0,    0,    0,    0,    0,    0,    0,   -6,    0,    0,    0,    0,   -6,    0,
       0,    0,    0,    0,    0,    0,    0,    0,    0,    0,    0,    0,    0,    0,    0,    0,    0,    0,    0,    0,    0,    0,    0,    0,    0,    0,    0,    0,    0,    0,    0,    0,    0,    0,    0,    0,    0,    0,    0,    0,    0,    0,    0,    0,    0,    0,    0,    0,    0,    0,    0,    0,    0,    0,    0,    0,    0,    0,    0,    0,    0,    0,    0,    0,    0,    0,    0,    0,    0,    0,    0,    0,    0,    0,    0,    0,    0,    0,    0,    0,    0,    0,    0,    0,    0,    0,    0,    0,    0,    0,    0,    0,    0,    0,    0,    0,    0,    0,    0,    0,    0,    0,    0,    0,    0,    0,   -6,    0,    0,   -6,    0,    0,
       0,    0,    0,    0,    0,    0,    0,    0,    0,    0,    0,    0,    0,    0,    0,    0,    0,    0,    0,    0,    0,    0,    0,    0,    0,    0,    0,    0,    0,    0,    0,    0,    0,    0,    0,    0,    0,    0,    0,    0,    0,    0,    0,    0,    0,    0,    0,    0,    0,    0,    0,    0,    0,    0,    0,    0,    0,    0,    0,    0,    0,    0,    0,    0,    0,    0,    0,    0,    0,    0,    0,    0,    0,    0,    0,    0,    0,    0,    0,    0,    0,    0,    0,    0,    0,    0,    0,    0,    0,    0,    0,    0,    0,    0,    0,    0,    0,    0,    0,    0,    0,    0,    0,    0,    0,    0,   -6,    0,    0,  -12,    0,    0,
       0,    0,    0,    0,    0,    0,    0,    0,    0,    0,    0,    0,    0,    0,    0,    0,    0,    0,    0,    0,    0,    0,    0,    0,    0,    0,    0,    0,    0,    0,    0,    0,    0,    0,    0,    0,    0,    0,    0,    0,    0,    0,    0,    0,    0,    0,    0,    0,    0,    0,    0,    0,    0,    0,    0,    0,    0,    0,    0,    0,    0,    0,    0,    0,    0,    0,    0,    0,    0,    0,    0,    0,    0,    0,    0,    0,    0,    0,    0,    0,    0,    0,    0,    0,    0,    0,    0,    0,    0,    0,    0,    0,    0,    0,    0,    0,    0,    0,    0,    0,    0,    0,    0,    0,    0,  -33,    0,    0,  -15,    0,  -18,    0,
       0,    0,    0,    0,    0,    0,    0,    0,    0,    0,    0,    0,    0,    0,    0,    0,    0,    0,    0,    0,    0,    0,    0,    0,    0,    0,    0,    0,    0,    0,    0,    0,    0,    0,    0,    0,    0,    0,    0,    0,    0,    0,    0,    0,    0,    0,    0,    0,    0,    0,    0,    0,    0,    0,    0,    0,    0,    0,    0,    0,    0,    0,    0,    0,    0,    0,    0,    0,    0,    0,    0,    0,    0,    0,    0,    0,    0,    0,    0,    0,    0,    0,    0,    0,    0,    0,    0,    0,    0,    0,    0,    0,    0,    0,    0,    0,    0,    0,    0,    0,    0,    0,    0,    0,    0,  -15,    0,    0,    0,    0,  -12,   -9,
       0,    0,    0,    0,    0,    0,    0,    0,    0,    0,    0,    0,    0,    0,    0,    0,    0,    0,    0,    0,    0,    0,    0,    0,    0,    0,    0,    0,    0,    0,    0,    0,    0,    0,    0,    0,    0,    0,    0,    0,    0,    0,    0,    0,    0,    0,    0,    0,    0,    0,    0,    0,    0,    0,    0,    0,    0,    0,    0,    0,    0,    0,    0,    0,    0,    0,    0,    0,    0,    0,    0,    0,    0,    0,    0,    0,    0,    0,    0,    0,    0,    0,    0,    0,    0,    0,    0,    0,    0,    0,    0,    0,    0,    0,    0,    0,    0,    0,    0,    0,    0,    0,    0,    0,    0,  -15,  -27,   12,    0,  -15,    0,    0,
       0,    0,    0,    0,    0,    0,    0,    0,    0,    0,    0,    0,    0,    0,    0,    0,    0,    0,    0,    0,    0,    0,    0,    0,    0,    0,    0,    0,    0,    0,    0,    0,    0,    0,    0,    0,    0,    0,    0,    0,    0,    0,    0,    0,    0,    0,    0,    0,    0,    0,    0,    0,    0,    0,    0,    0,    0,    0,    0,    0,    0,    0,    0,    0,    0,    0,    0,    0,    0,    0,    0,    0,    0,    0,    0,    0,    0,    0,    0,    0,    0,    0,    0,    0,    0,    0,    0,    0,    0,    0,    0,    0,    0,    0,    0,    0,    0,    0,    0,    0,    0,    0,    0,    0,    0,  -15,    0,    0,    0,    0,    0,    0,
       0,    0,    0,    0,    0,    0,    0,    0,    0,    0,    0,    0,    0,    0,    0,    0,    0,    0,    0,    0,    0,    0,    0,    0,    0,    0,    0,    0,    0,    0,    0,    0,    0,    0,    0,    0,    0,    0,    0,    0,    0,    0,    0,    0,    0,    0,    0,    0,    0,    0,    0,    0,    0,    0,    0,    0,    0,    0,    0,    0,    0,    0,    0,    0,    0,    0,    0,    0,    0,    0,    0,    0,    0,    0,    0,    0,    0,    0,    0,    0,    0,    0,    0,    0,    0,    0,    0,    0,    0,    0,    0,    0,    0,    0,    0,    0,    0,    0,    0,    0,    0,    0,    0,    0,    0,  -12,   -6,    0,    0,  -21,    0,    0,
       0,    8,    0,   -6,    0,   -8,    8,    8,  -13,  -20,  -13,  -20,  -22,    0,  -14,    0,    0,    0,    0,    0,   11,    0,    0,    0,    0,    3,   -8,  -14,    0,   -6,    0,    0,   10,    4,   13,    8,    8,    8,    0,    0,   13,  -32,  -12,    0,   -8,    0,   -6,    0,    0,    0,   -6,   -5,    0,    0,   -6,    0,    0,   -6,   -6,    0,    8,    0,   -8,    0,   -8,    0,  -25,    0,    0,    0,    0,    0,    0,    0,    0,    0,    8,    0,    0,    0,    0,    0,    0,    0,    0,    0,    0,    0,    0,    0,    0,    0,    0,    0,    0,    0,    0,    0,    0,    0,    0,    0,    0,    0,    0,    0,    0,    0,    0,    0,    0,    0,
       0,    0,    0,    0,    0,    0,    0,    0,    0,  -12,    0,  -12,  -15,    0,    0,    0,    0,    0,    0,    0,    0,    0,    0,    9,    0,    0,    0,    0,    0,    0,    0,    0,    0,    0,    0,    0,    0,    0,    0,  -12,    0,  -18,    0,    0,    0,    0,    0,    0,    0,    0,    0,    0,    0,    0,    0,    0,    0,    0,    0,    0,    0,    0,    0,    0,    0,    0,    0,    0,    0,    0,    0,    0,    0,    0,    0,    0,    0,    0,    0,    0,    0,    0,    0,    0,    0,    0,    0,    0,    0,    0,   -6,    0,   -8,    0,    0,    0,    0,    0,    0,    0,    0,    0,    0,    0,    0,    0,    0,    0,    0,    0,    0,    0,
       0,    0,    0,    0,    0,    0,    0,    0,    0,  -12,    0,  -12,  -15,    0,    0,    0,    0,    0,    0,    0,    0,    0,    0,    9,    0,    0,    0,    0,    0,    0,    0,    0,    0,    0,    0,    0,    0,    0,    0,  -12,    0,  -18,    0,    0,    0,    0,    0,    0,    0,    0,    0,    0,    0,    0,    0,    0,    0,    0,    0,    0,    0,    0,    0,    0,    0,    0,    0,    0,    0,    0,    0,    0,    0,    0,    0,    0,    0,    0,    0,    0,    0,    0,    0,    0,    0,    0,    0,    0,    0,    0,   -6,    0,   -8,    1,    0,    0,    0,    0,    0,    0,    0,    0,    0,    0,    0,    0,    0,    0,    0,    0,    0,    0,
};

static const EpdLigaturePair firago_18_semiboldLigaturePairs[] = {
    { 0xFEDFFE82, 0xFEF5 }, // U+FEDF U+FE82 -> U+FEF5
    { 0xFEDFFE84, 0xFEF7 }, // U+FEDF U+FE84 -> U+FEF7
    { 0xFEDFFE88, 0xFEF9 }, // U+FEDF U+FE88 -> U+FEF9
    { 0xFEDFFE8E, 0xFEFB }, // U+FEDF U+FE8E -> U+FEFB
    { 0xFEE0FE82, 0xFEF6 }, // U+FEE0 U+FE82 -> U+FEF6
    { 0xFEE0FE84, 0xFEF8 }, // U+FEE0 U+FE84 -> U+FEF8
    { 0xFEE0FE88, 0xFEFA }, // U+FEE0 U+FE88 -> U+FEFA
    { 0xFEE0FE8E, 0xFEFC }, // U+FEE0 U+FE8E -> U+FEFC
};

static const EpdFontData firago_18_semibold = {
    firago_18_semiboldBitmaps,
    firago_18_semiboldGlyphs,
    firago_18_semiboldIntervals,
    200,
    45,
    36,
    -10,
    false,
    nullptr,
    0,
    nullptr,
    firago_18_semiboldKernLeftClasses,
    firago_18_semiboldKernRightClasses,
    firago_18_semiboldKernMatrix,
    503,
    569,
    132,
    112,
    firago_18_semiboldLigaturePairs,
    8,
};
