/**
 * generated by fontconvert.py
 * name: firago_16_semibold
 * size: 16
 * mode: 1-bit
 * Command used: /Users/vans/Documents/xteink x4/lib/EpdFont/scripts/fontconvert.py firago_16_semibold 16 /Users/vans/Documents/xteink x4/lib/EpdFont/scripts/downloaded_fonts/FiraGO/FiraGO-SemiBold.ttf --codepoints-file /Users/vans/Documents/xteink x4/build/ui-fonts/firago-ui-codepoints.txt --force-autohint --pnum --mono-threshold 6
 */
#pragma once
#include "EpdFontData.h"

static const uint8_t firago_16_semiboldBitmaps[48053] = {
    0xFB, 0xEF, 0xBE, 0xFB, 0xEF, 0xBE, 0xFB, 0xEF, 0xBE, 0xFB, 0xEF, 0x80, 0x00, 0xC7, 0xBF, 0xFF,
    0xF7, 0x8C, 0xF3, 0xFC, 0xFF, 0x3F, 0xCF, 0xF3, 0xFC, 0xFF, 0x3F, 0xCF, 0xF3, 0xC0, 0x0F, 0x0F,
    0x07, 0x87, 0x83, 0xC7, 0xC3, 0xE3, 0xE1, 0xF1, 0xE3, 0xFF, 0xFD, 0xFF, 0xFE, 0xFF, 0xFF, 0x7F,
    0xFF, 0x8F, 0x0F, 0x07, 0x8F, 0x87, 0xC7, 0x83, 0xC3, 0xC1, 0xE1, 0xE3, 0xFF, 0xFD, 0xFF, 0xFE,
    0xFF, 0xFF, 0x7F, 0xFF, 0x9F, 0x1F, 0x0F, 0x8F, 0x07, 0x87, 0x83, 0xC3, 0xC0, 0x01, 0xE0, 0x00,
    0xF0, 0x00, 0x78, 0x00, 0x3C, 0x00, 0x1E, 0x00, 0x7F, 0xE0, 0x7F, 0xF8, 0x7F, 0xFE, 0x7E, 0x1E,
    0x3E, 0x02, 0x1F, 0x00, 0x0F, 0x80, 0x07, 0xF0, 0x01, 0xFE, 0x00, 0xFF, 0xE0, 0x3F, 0xFC, 0x07,
    0xFF, 0x00, 0xFF, 0x80, 0x0F, 0xE0, 0x03, 0xF0, 0x00, 0xF8, 0x00, 0x7C, 0xC0, 0x7E, 0xF8, 0x7E,
    0xFF, 0xFF, 0x3F, 0xFF, 0x07, 0xFE, 0x00, 0x3C, 0x00, 0x1E, 0x00, 0x0F, 0x00, 0x07, 0x80, 0x03,
    0xC0, 0x00, 0x00, 0x00, 0x00, 0x00, 0x04, 0x01, 0xF8, 0x03, 0xC0, 0xFF, 0x01, 0xF0, 0x7F, 0xE0,
    0x78, 0x3E, 0x7C, 0x3E, 0x0F, 0x0F, 0x1F, 0x03, 0xC3, 0xC7, 0x80, 0xF0, 0xF3, 0xE0, 0x3C, 0x3C,
    0xF0, 0x0F, 0x9F, 0x78, 0x01, 0xFF, 0xBE, 0x00, 0x3F, 0xCF, 0x00, 0x07, 0xE7, 0x80, 0x00, 0x03,
    0xE7, 0xE0, 0x00, 0xF3, 0xFC, 0x00, 0x79, 0xFF, 0x80, 0x1E, 0xF9, 0xF0, 0x0F, 0x3C, 0x3C, 0x07,
    0x8F, 0x0F, 0x01, 0xE3, 0xC3, 0xC0, 0xF0, 0xF0, 0xF0, 0x78, 0x1F, 0xF8, 0x1E, 0x07, 0xFE, 0x07,
    0x00, 0xFF, 0x00, 0xC0, 0x06, 0x00, 0x00, 0x00, 0x00, 0x01, 0x80, 0x00, 0x3F, 0xC0, 0x03, 0xFF,
    0xC0, 0x0F, 0xFF, 0x00, 0x7E, 0x7E, 0x01, 0xF0, 0xF8, 0x07, 0xC3, 0xE0, 0x1F, 0x0F, 0x80, 0x3E,
    0x7C, 0x00, 0xFF, 0xF0, 0x01, 0xFF, 0x80, 0x03, 0xF8, 0x00, 0x1F, 0xE0, 0x70, 0xFF, 0xC3, 0xE7,
    0xFF, 0x8F, 0x1F, 0x3F, 0x3C, 0xF8, 0x7F, 0xF3, 0xE0, 0xFF, 0x8F, 0x81, 0xFC, 0x3F, 0x03, 0xF8,
    0xFE, 0x1F, 0xF1, 0xFF, 0xFF, 0xE3, 0xFF, 0xEF, 0xC7, 0xFE, 0x1C, 0x01, 0xC0, 0x00, 0xFF, 0xFF,
    0xFF, 0xFF, 0xF0, 0x00, 0x00, 0xC0, 0x78, 0x3E, 0x0F, 0x87, 0xC1, 0xE0, 0xF8, 0x3E, 0x1F, 0x07,
    0xC1, 0xF0, 0xF8, 0x3E, 0x0F, 0x83, 0xE0, 0xF8, 0x3E, 0x0F, 0x83, 0xE0, 0xF8, 0x3E, 0x0F, 0x81,
    0xF0, 0x7C, 0x1F, 0x03, 0xE0, 0xF8, 0x1E, 0x07, 0xC0, 0xF8, 0x1E, 0x07, 0x80, 0xC0, 0x00, 0x00,
    0x0C, 0x07, 0x81, 0xE0, 0x7C, 0x0F, 0x83, 0xE0, 0x7C, 0x1F, 0x03, 0xE0, 0xF8, 0x3E, 0x0F, 0xC1,
    0xF0, 0x7C, 0x1F, 0x07, 0xC1, 0xF0, 0x7C, 0x1F, 0x07, 0xC1, 0xF0, 0xFC, 0x3E, 0x0F, 0x83, 0xE1,
    0xF0, 0x7C, 0x3E, 0x0F, 0x87, 0xC1, 0xE0, 0x78, 0x0C, 0x00, 0x00, 0x07, 0xC0, 0x0F, 0x00, 0x0E,
    0x03, 0x1C, 0xE7, 0xFF, 0xCF, 0xFF, 0x9F, 0xFF, 0x07, 0xE0, 0x0F, 0xE0, 0x3F, 0xE0, 0xFB, 0xE1,
    0xE3, 0x80, 0xC6, 0x00, 0x00, 0x00, 0x07, 0x80, 0x1E, 0x00, 0x78, 0x01, 0xE0, 0x07, 0x83, 0xFF,
    0xFF, 0xFF, 0xFF, 0xFF, 0xFF, 0xFC, 0x1E, 0x00, 0x78, 0x01, 0xE0, 0x07, 0x80, 0x1E, 0x00, 0x3C,
    0xFD, 0xFB, 0xF7, 0xE7, 0x8F, 0x1E, 0x78, 0xF1, 0xC0, 0xFF, 0xFF, 0xFF, 0xFF, 0xFF, 0x31, 0xEF,
    0xFF, 0xFD, 0xE3, 0x00, 0x00, 0xE0, 0x07, 0xC0, 0x3C, 0x01, 0xE0, 0x1F, 0x00, 0xF8, 0x07, 0x80,
    0x7C, 0x03, 0xE0, 0x1F, 0x00, 0xF0, 0x0F, 0x80, 0x7C, 0x03, 0xC0, 0x1E, 0x01, 0xF0, 0x0F, 0x80,
    0x78, 0x03, 0xC0, 0x3E, 0x01, 0xF0, 0x0F, 0x00, 0xF8, 0x07, 0xC0, 0x3E, 0x01, 0xE0, 0x1F, 0x00,
    0xF8, 0x07, 0xC0, 0x3C, 0x00, 0x20, 0x00, 0x07, 0xF0, 0x07, 0xFC, 0x0F, 0xFF, 0x07, 0xFF, 0xC7,
    0xC1, 0xF3, 0xE0, 0xFB, 0xF0, 0x7D, 0xF0, 0x1F, 0xF8, 0x0F, 0xFC, 0x07, 0xFE, 0x03, 0xFF, 0x01,
    0xFF, 0x80, 0xFF, 0xC0, 0x7F, 0xE0, 0x3F, 0xF0, 0x1F, 0xF8, 0x0F, 0xBE, 0x0F, 0x9F, 0x07, 0xCF,
    0xC7, 0xC3, 0xFF, 0xE0, 0xFF, 0xE0, 0x3F, 0xE0, 0x03, 0x80, 0x03, 0xF0, 0x7F, 0x1F, 0xF7, 0xFF,
    0xFF, 0xF7, 0xDF, 0x71, 0xF0, 0x1F, 0x01, 0xF0, 0x1F, 0x01, 0xF0, 0x1F, 0x01, 0xF0, 0x1F, 0x01,
    0xF0, 0x1F, 0x01, 0xF0, 0x1F, 0x01, 0xF0, 0x1F, 0x01, 0xF0, 0x1F, 0x07, 0xF0, 0x0F, 0xFE, 0x0F,
    0xFF, 0x8F, 0xFF, 0xC3, 0x83, 0xF0, 0x80, 0xF8, 0x00, 0x7C, 0x00, 0x3E, 0x00, 0x1F, 0x00, 0x1F,
    0x00, 0x0F, 0x80, 0x0F, 0x80, 0x0F, 0xC0, 0x0F, 0xC0, 0x0F, 0xC0, 0x0F, 0xC0, 0x0F, 0xC0, 0x07,
    0xC0, 0x07, 0xC0, 0x07, 0xFF, 0xE7, 0xFF, 0xF3, 0xFF, 0xF9, 0xFF, 0xFC, 0x07, 0xF0, 0x1F, 0xFC,
    0x7F, 0xFE, 0x7F, 0xFF, 0x38, 0x3F, 0x00, 0x1F, 0x00, 0x1F, 0x00, 0x1F, 0x00, 0x3E, 0x01, 0xFC,
    0x03, 0xF8, 0x03, 0xF8, 0x03, 0xFC, 0x00, 0x7E, 0x00, 0x1F, 0x00, 0x1F, 0x00, 0x1F, 0x00, 0x1F,
    0x30, 0x3F, 0x7C, 0x7E, 0x7F, 0xFE, 0x3F, 0xFC, 0x1F, 0xF8, 0x03, 0x80, 0x02, 0x00, 0x01, 0xE0,
    0x01, 0xF0, 0x00, 0xF0, 0x00, 0xF8, 0x00, 0x7C, 0x00, 0x7C, 0x00, 0x3E, 0x00, 0x1E, 0x00, 0x1F,
    0x3E, 0x0F, 0x1F, 0x0F, 0x8F, 0x87, 0xC7, 0xC7, 0xC3, 0xE3, 0xFF, 0xFF, 0xFF, 0xFF, 0xFF, 0xFF,
    0xFF, 0xFF, 0xC0, 0x1F, 0x00, 0x0F, 0x80, 0x07, 0xC0, 0x03, 0xE0, 0x01, 0xF0, 0x3F, 0xFE, 0x3F,
    0xFE, 0x3F, 0xFE, 0x3F, 0xFE, 0x3E, 0x00, 0x3E, 0x00, 0x3E, 0x00, 0x3E, 0x00, 0x3E, 0x60, 0x3F,
    0xF8, 0x3F, 0xFC, 0x3F, 0xFE, 0x3C, 0x7F, 0x00, 0x3F, 0x00, 0x1F, 0x00, 0x1F, 0x00, 0x1F, 0x00,
    0x1F, 0x30, 0x3F, 0x7C, 0x7E, 0x7F, 0xFC, 0x3F, 0xFC, 0x1F, 0xF0, 0x03, 0x80, 0x03, 0xF8, 0x0F,
    0xFC, 0x1F, 0xFC, 0x3F, 0xF8, 0x3E, 0x00, 0x7C, 0x00, 0x7C, 0x00, 0x78, 0x00, 0xF9, 0xF0, 0xFB,
    0xFC, 0xFF, 0xFE, 0xFF, 0xFE, 0xFC, 0x3F, 0xF8, 0x1F, 0xF8, 0x1F, 0xF8, 0x1F, 0xF8, 0x1F, 0xF8,
    0x1F, 0x7C, 0x3F, 0x7E, 0x7E, 0x3F, 0xFC, 0x1F, 0xFC, 0x0F, 0xF0, 0x01, 0xC0, 0xFF, 0xFF, 0xFF,
    0xFF, 0xFF, 0xFF, 0xFF, 0x00, 0x7C, 0x03, 0xE0, 0x0F, 0x80, 0x3E, 0x01, 0xF0, 0x07, 0xC0, 0x3E,
    0x00, 0xF8, 0x07, 0xC0, 0x1F, 0x00, 0x7C, 0x03, 0xE0, 0x0F, 0x80, 0x7C, 0x01, 0xF0, 0x0F, 0x80,
    0x3E, 0x00, 0xF8, 0x01, 0xC0, 0x00, 0x00, 0x07, 0xF0, 0x0F, 0xFE, 0x0F, 0xFF, 0x87, 0xFF, 0xE7,
    0xE3, 0xF3, 0xE0, 0xF9, 0xF0, 0x7C, 0xF8, 0x3E, 0x7E, 0x3E, 0x1F, 0xFE, 0x07, 0xFE, 0x01, 0xFF,
    0x03, 0xFF, 0xE3, 0xF3, 0xF9, 0xF0, 0x7F, 0xF0, 0x1F, 0xF8, 0x0F, 0xFC, 0x07, 0xFF, 0x07, 0xFF,
    0xC7, 0xF7, 0xFF, 0xF1, 0xFF, 0xF0, 0x3F, 0xE0, 0x03, 0x80, 0x07, 0xE0, 0x1F, 0xF8, 0x3F, 0xFC,
    0x7F, 0xFE, 0x7C, 0x3E, 0xF8, 0x3F, 0xF8, 0x1F, 0xF8, 0x1F, 0xF8, 0x1F, 0xF8, 0x1F, 0xFC, 0x3F,
    0x7F, 0xFF, 0x7F, 0xFF, 0x3F, 0xFF, 0x0F, 0xBE, 0x00, 0x3E, 0x00, 0x7E, 0x00, 0xFC, 0x03, 0xF8,
    0x0F, 0xF0, 0x3F, 0xE0, 0x3F, 0x80, 0x3E, 0x00, 0x10, 0x00, 0x7B, 0xFF, 0xFF, 0xFD, 0xE0, 0x00,
    0x00, 0x00, 0x0C, 0x7B, 0xFF, 0xFF, 0x78, 0xC0, 0x3C, 0xFD, 0xFB, 0xF7, 0xE7, 0x80, 0x00, 0x00,
    0x00, 0x00, 0x03, 0xCF, 0xDF, 0xBF, 0x7E, 0x78, 0xF1, 0xE7, 0x8F, 0x1C, 0x00, 0x00, 0x08, 0x00,
    0x78, 0x03, 0xF0, 0x3F, 0xE1, 0xFF, 0x8F, 0xF8, 0x3F, 0xC0, 0x7E, 0x00, 0xF8, 0x01, 0xFE, 0x01,
    0xFF, 0x00, 0xFF, 0xC0, 0x7F, 0xC0, 0x3F, 0x80, 0x0F, 0x00, 0x04, 0xFF, 0xFF, 0xFF, 0xFF, 0xFF,
    0xFF, 0xFF, 0x00, 0x00, 0x00, 0x00, 0x00, 0x3F, 0xFF, 0xFF, 0xFF, 0xFF, 0xFF, 0xFF, 0xC0, 0x20,
    0x00, 0xF0, 0x01, 0xF8, 0x03, 0xFE, 0x03, 0xFF, 0x00, 0xFF, 0x80, 0x7F, 0x80, 0x3F, 0x00, 0x3E,
    0x03, 0xFC, 0x1F, 0xF1, 0xFF, 0x87, 0xFC, 0x0F, 0xE0, 0x1E, 0x00, 0x10, 0x00, 0x01, 0x80, 0x3F,
    0xE0, 0xFF, 0xF3, 0xFF, 0xE7, 0xC7, 0xE6, 0x07, 0xC0, 0x0F, 0x80, 0x3F, 0x00, 0xFC, 0x07, 0xF8,
    0x1F, 0xC0, 0x3F, 0x00, 0xFC, 0x01, 0xF0, 0x03, 0xE0, 0x07, 0xC0, 0x00, 0x00, 0x00, 0x00, 0x0C,
    0x00, 0x3C, 0x00, 0xFC, 0x01, 0xF8, 0x03, 0xF0, 0x03, 0xC0, 0x03, 0x00, 0x00, 0x03, 0xC0, 0x00,
    0x00, 0x7F, 0xF8, 0x00, 0x03, 0xFF, 0xFC, 0x00, 0x1F, 0xFF, 0xFE, 0x00, 0x7F, 0x81, 0xFE, 0x01,
    0xF8, 0x00, 0x7E, 0x07, 0xE0, 0x00, 0x7E, 0x1F, 0x87, 0xF0, 0x7C, 0x3E, 0x1F, 0xF8, 0x7C, 0xF8,
    0x7F, 0xF0, 0xF9, 0xF1, 0xFF, 0xE1, 0xFF, 0xE3, 0xC3, 0xC1, 0xFF, 0x8F, 0x87, 0x83, 0xFF, 0x1E,
    0x0F, 0x07, 0xFE, 0x3C, 0x1E, 0x0F, 0xFC, 0x78, 0x3C, 0x1F, 0xF8, 0xF0, 0x78, 0x3F, 0xF1, 0xE0,
    0xF0, 0xFF, 0xE3, 0xC1, 0xE1, 0xF7, 0xC7, 0xC7, 0xC3, 0xEF, 0xC7, 0xFF, 0xFF, 0x8F, 0x8F, 0xFB,
    0xFF, 0x1F, 0x8F, 0xE3, 0xFC, 0x1F, 0x0F, 0x83, 0xE0, 0x3F, 0x00, 0x00, 0x00, 0x3F, 0x00, 0x00,
    0x00, 0x3F, 0x80, 0x10, 0x00, 0x3F, 0xFF, 0xE0, 0x00, 0x3F, 0xFF, 0xE0, 0x00, 0x1F, 0xFF, 0xC0,
    0x00, 0x07, 0xFE, 0x00, 0x00, 0x00, 0xFC, 0x00, 0x0F, 0xE0, 0x00, 0x7F, 0x80, 0x03, 0xFC, 0x00,
    0x3F, 0xE0, 0x01, 0xEF, 0x80, 0x0F, 0x7C, 0x00, 0xF9, 0xE0, 0x07, 0xCF, 0x00, 0x3C, 0x7C, 0x03,
    0xE3, 0xE0, 0x1F, 0x0F, 0x00, 0xF8, 0x7C, 0x07, 0x83, 0xE0, 0x7F, 0xFF, 0x03, 0xFF, 0xFC, 0x1F,
    0xFF, 0xE1, 0xFF, 0xFF, 0x0F, 0x80, 0xFC, 0x7C, 0x03, 0xE7, 0xE0, 0x1F, 0x3E, 0x00, 0xF9, 0xF0,
    0x07, 0xE0, 0xFF, 0xE0, 0x7F, 0xFE, 0x3F, 0xFF, 0x9F, 0xFF, 0xEF, 0x83, 0xF7, 0xC0, 0xFB, 0xE0,
    0x7D, 0xF0, 0x3E, 0xF8, 0x3F, 0x7F, 0xFF, 0x3F, 0xFE, 0x1F, 0xFF, 0x8F, 0xFF, 0xE7, 0xC1, 0xFB,
    0xE0, 0x7F, 0xF0, 0x1F, 0xF8, 0x0F, 0xFC, 0x07, 0xFE, 0x07, 0xFF, 0xFF, 0xEF, 0xFF, 0xF7, 0xFF,
    0xE3, 0xFF, 0xC0, 0x00, 0x70, 0x01, 0xFF, 0x80, 0xFF, 0xF8, 0x7F, 0xFE, 0x3F, 0x0F, 0x1F, 0x80,
    0x87, 0xC0, 0x01, 0xF0, 0x00, 0xF8, 0x00, 0x3E, 0x00, 0x0F, 0x80, 0x03, 0xE0, 0x00, 0xF8, 0x00,
    0x3E, 0x00, 0x0F, 0x80, 0x03, 0xE0, 0x00, 0xF8, 0x00, 0x1F, 0x00, 0x07, 0xC0, 0x01, 0xF8, 0x08,
    0x3F, 0x0F, 0x07, 0xFF, 0xE0, 0xFF, 0xF8, 0x1F, 0xF8, 0x00, 0x70, 0x00, 0xFF, 0xE0, 0x3F, 0xFE,
    0x0F, 0xFF, 0xE3, 0xFF, 0xFC, 0xF8, 0x3F, 0xBE, 0x07, 0xEF, 0x80, 0xFB, 0xE0, 0x3F, 0xF8, 0x07,
    0xFE, 0x01, 0xFF, 0x80, 0x7F, 0xE0, 0x1F, 0xF8, 0x07, 0xFE, 0x01, 0xFF, 0x80, 0x7F, 0xE0, 0x3F,
    0xF8, 0x0F, 0xBE, 0x07, 0xEF, 0x83, 0xF3, 0xFF, 0xFC, 0xFF, 0xFE, 0x3F, 0xFE, 0x0F, 0xFE, 0x00,
    0xFF, 0xFF, 0xFF, 0xFF, 0xFF, 0xFF, 0xFE, 0xF8, 0x03, 0xE0, 0x0F, 0x80, 0x3E, 0x00, 0xF8, 0x03,
    0xFF, 0xCF, 0xFF, 0x3F, 0xFC, 0xFF, 0xF3, 0xE0, 0x0F, 0x80, 0x3E, 0x00, 0xF8, 0x03, 0xE0, 0x0F,
    0x80, 0x3F, 0xFF, 0xFF, 0xFF, 0xFF, 0xFF, 0xFF, 0xC0, 0xFF, 0xFF, 0xFF, 0xEF, 0xFF, 0xBF, 0xFE,
    0xF8, 0x03, 0xE0, 0x0F, 0x80, 0x3E, 0x00, 0xF8, 0x03, 0xE0, 0x0F, 0xFF, 0x3F, 0xFC, 0xFF, 0xF3,
    0xFF, 0xCF, 0x80, 0x3E, 0x00, 0xF8, 0x03, 0xE0, 0x0F, 0x80, 0x3E, 0x00, 0xF8, 0x03, 0xE0, 0x0F,
    0x80, 0x00, 0x00, 0x78, 0x00, 0x7F, 0xE0, 0x3F, 0xFF, 0x0F, 0xFF, 0xF3, 0xF8, 0x7C, 0x7C, 0x03,
    0x1F, 0x80, 0x03, 0xE0, 0x00, 0xFC, 0x00, 0x1F, 0x00, 0x03, 0xE0, 0x00, 0x7C, 0x1F, 0xFF, 0x83,
    0xFF, 0xF0, 0x7F, 0xFE, 0x07, 0xFF, 0xC0, 0x1F, 0xF8, 0x03, 0xEF, 0x80, 0x7D, 0xF0, 0x0F, 0xBF,
    0x01, 0xF3, 0xF0, 0x7E, 0x3F, 0xFF, 0xC3, 0xFF, 0xF8, 0x3F, 0xFC, 0x00, 0x70, 0x00, 0xF8, 0x0F,
    0xFC, 0x07, 0xFE, 0x03, 0xFF, 0x01, 0xFF, 0x80, 0xFF, 0xC0, 0x7F, 0xE0, 0x3F, 0xF0, 0x1F, 0xF8,
    0x0F, 0xFF, 0xFF, 0xFF, 0xFF, 0xFF, 0xFF, 0xFF, 0xFF, 0xFF, 0xC0, 0x7F, 0xE0, 0x3F, 0xF0, 0x1F,
    0xF8, 0x0F, 0xFC, 0x07, 0xFE, 0x03, 0xFF, 0x01, 0xFF, 0x80, 0xFF, 0xC0, 0x7F, 0xE0, 0x3E, 0xFF,
    0xFF, 0xFF, 0xFF, 0xFF, 0xFF, 0xFF, 0xFF, 0xFF, 0xFF, 0xFF, 0xFF, 0xFF, 0xFF, 0xE0, 0x0F, 0x87,
    0xC3, 0xE1, 0xF0, 0xF8, 0x7C, 0x3E, 0x1F, 0x0F, 0x87, 0xC3, 0xE1, 0xF0, 0xF8, 0x7C, 0x3E, 0x1F,
    0x0F, 0x87, 0xC3, 0xE1, 0xF0, 0xF8, 0x7C, 0x7E, 0x7E, 0x7F, 0x3F, 0x1F, 0x0E, 0x00, 0x00, 0xF8,
    0x0F, 0xDF, 0x01, 0xF3, 0xE0, 0x7C, 0x7C, 0x1F, 0x8F, 0x87, 0xE1, 0xF0, 0xF8, 0x3E, 0x3E, 0x07,
    0xCF, 0xC0, 0xF9, 0xF0, 0x1F, 0x7C, 0x03, 0xFF, 0x80, 0x7F, 0xF0, 0x0F, 0xBF, 0x01, 0xF3, 0xF0,
    0x3E, 0x7E, 0x07, 0xC7, 0xE0, 0xF8, 0x7C, 0x1F, 0x0F, 0xC3, 0xE0, 0xFC, 0x7C, 0x0F, 0x8F, 0x81,
    0xF9, 0xF0, 0x1F, 0xBE, 0x03, 0xF0, 0xF8, 0x01, 0xF0, 0x03, 0xE0, 0x07, 0xC0, 0x0F, 0x80, 0x1F,
    0x00, 0x3E, 0x00, 0x7C, 0x00, 0xF8, 0x01, 0xF0, 0x03, 0xE0, 0x07, 0xC0, 0x0F, 0x80, 0x1F, 0x00,
    0x3E, 0x00, 0x7C, 0x00, 0xF8, 0x01, 0xF0, 0x03, 0xE0, 0x07, 0xFF, 0xEF, 0xFF, 0xDF, 0xFF, 0xBF,
    0xFF, 0x00, 0x1F, 0x80, 0xFE, 0x1F, 0xC0, 0x7F, 0x0F, 0xF0, 0x7F, 0x87, 0xF8, 0x3F, 0xC3, 0xFC,
    0x1F, 0xE1, 0xFE, 0x0F, 0xF0, 0xFF, 0x87, 0xF8, 0x7B, 0xC7, 0xBC, 0x3D, 0xE3, 0xDE, 0x1E, 0xF1,
    0xEF, 0x0F, 0x3C, 0xF7, 0x87, 0x9E, 0xF3, 0xC3, 0xCF, 0x79, 0xE1, 0xE7, 0xBC, 0xF9, 0xF1, 0xFE,
    0x7C, 0xF8, 0xFE, 0x3E, 0x7C, 0x7F, 0x1F, 0x3E, 0x3F, 0x8F, 0x9F, 0x0F, 0x87, 0xCF, 0x87, 0xC3,
    0xE7, 0xC3, 0xE1, 0xF3, 0xE0, 0x00, 0xF9, 0xF0, 0x00, 0x7C, 0xFE, 0x07, 0xFF, 0x81, 0xFF, 0xF0,
    0x7F, 0xFC, 0x1F, 0xFF, 0x07, 0xFF, 0xE1, 0xFF, 0xF8, 0x7F, 0xFF, 0x1F, 0xFB, 0xC7, 0xFE, 0xF1,
    0xFF, 0xBE, 0x7F, 0xE7, 0x9F, 0xF9, 0xF7, 0xFE, 0x7D, 0xFF, 0x8F, 0x7F, 0xE3, 0xFF, 0xF8, 0x7F,
    0xFE, 0x1F, 0xFF, 0x87, 0xFF, 0xE0, 0xFF, 0xF8, 0x3F, 0xFE, 0x07, 0xFF, 0x81, 0xFC, 0x00, 0xF0,
    0x00, 0x7F, 0xE0, 0x0F, 0xFF, 0x01, 0xFF, 0xF8, 0x3F, 0x0F, 0xC7, 0xE0, 0x7E, 0x7C, 0x03, 0xE7,
    0xC0, 0x3E, 0xF8, 0x01, 0xFF, 0x80, 0x1F, 0xF8, 0x01, 0xFF, 0x80, 0x1F, 0xF8, 0x01, 0xFF, 0x80,
    0x1F, 0xF8, 0x01, 0xFF, 0x80, 0x1F, 0xF8, 0x01, 0xF7, 0xC0, 0x3E, 0x7C, 0x03, 0xE7, 0xE0, 0x7E,
    0x3F, 0x0F, 0xC1, 0xFF, 0xF8, 0x0F, 0xFF, 0x00, 0x7F, 0xE0, 0x00, 0xF0, 0x00, 0xFF, 0xF0, 0x7F,
    0xFE, 0x3F, 0xFF, 0x9F, 0xFF, 0xEF, 0x81, 0xFF, 0xC0, 0xFF, 0xE0, 0x3F, 0xF0, 0x1F, 0xF8, 0x0F,
    0xFC, 0x0F, 0xFE, 0x07, 0xDF, 0xFF, 0xEF, 0xFF, 0xE7, 0xFF, 0xE3, 0xFF, 0xC1, 0xF0, 0x00, 0xF8,
    0x00, 0x7C, 0x00, 0x3E, 0x00, 0x1F, 0x00, 0x0F, 0x80, 0x07, 0xC0, 0x03, 0xE0, 0x00, 0x00, 0xF0,
    0x00, 0x1F, 0xF8, 0x00, 0xFF, 0xF0, 0x07, 0xFF, 0xE0, 0x3F, 0x0F, 0xC1, 0xF8, 0x1F, 0x87, 0xC0,
    0x3E, 0x1F, 0x00, 0xF8, 0xF8, 0x01, 0xF3, 0xE0, 0x07, 0xCF, 0x80, 0x1F, 0x3E, 0x00, 0x7C, 0xF8,
    0x01, 0xF3, 0xE0, 0x07, 0xCF, 0x80, 0x1F, 0x3E, 0x00, 0x7C, 0xF8, 0x01, 0xF1, 0xF0, 0x0F, 0x87,
    0xC0, 0x3E, 0x1F, 0x81, 0xF0, 0x3F, 0x0F, 0x80, 0x7F, 0xFE, 0x00, 0xFF, 0xF0, 0x01, 0xFF, 0xF8,
    0x00, 0xFF, 0xF8, 0x00, 0x0F, 0xE0, 0x00, 0x0F, 0x00, 0x00, 0x18, 0x00, 0x00, 0x00, 0xFF, 0xE0,
    0x3F, 0xFE, 0x0F, 0xFF, 0xE3, 0xFF, 0xF8, 0xF8, 0x3F, 0x3E, 0x07, 0xCF, 0x81, 0xF3, 0xE0, 0x7C,
    0xF8, 0x1F, 0x3E, 0x0F, 0xCF, 0xFF, 0xE3, 0xFF, 0xF0, 0xFF, 0xF8, 0x3F, 0xFC, 0x0F, 0x9F, 0x03,
    0xE3, 0xE0, 0xF8, 0xFC, 0x3E, 0x1F, 0x0F, 0x87, 0xE3, 0xE0, 0xF8, 0xF8, 0x3F, 0x3E, 0x07, 0xEF,
    0x81, 0xF8, 0x01, 0xC0, 0x07, 0xFE, 0x07, 0xFF, 0xC7, 0xFF, 0xE7, 0xE1, 0xE3, 0xE0, 0x31, 0xF0,
    0x00, 0xF8, 0x00, 0x7E, 0x00, 0x3F, 0xE0, 0x0F, 0xFC, 0x03, 0xFF, 0x80, 0xFF, 0xE0, 0x1F, 0xF8,
    0x01, 0xFE, 0x00, 0x3F, 0x00, 0x0F, 0x80, 0x07, 0xC0, 0x03, 0xE6, 0x03, 0xF7, 0xC3, 0xF7, 0xFF,
    0xF9, 0xFF, 0xF8, 0x3F, 0xF0, 0x01, 0xC0, 0x00, 0xFF, 0xFF, 0xBF, 0xFF, 0xEF, 0xFF, 0xFB, 0xFF,
    0xFE, 0x03, 0xE0, 0x00, 0xF8, 0x00, 0x3E, 0x00, 0x0F, 0x80, 0x03, 0xE0, 0x00, 0xF8, 0x00, 0x3E,
    0x00, 0x0F, 0x80, 0x03, 0xE0, 0x00, 0xF8, 0x00, 0x3E, 0x00, 0x0F, 0x80, 0x03, 0xE0, 0x00, 0xF8,
    0x00, 0x3E, 0x00, 0x0F, 0x80, 0x03, 0xE0, 0x00, 0xF8, 0x00, 0x3E, 0x00, 0xF8, 0x07, 0xFE, 0x01,
    0xFF, 0x80, 0x7F, 0xE0, 0x1F, 0xF8, 0x07, 0xFE, 0x01, 0xFF, 0x80, 0x7F, 0xE0, 0x1F, 0xF8, 0x07,
    0xFE, 0x01, 0xFF, 0x80, 0x7F, 0xE0, 0x1F, 0xF8, 0x07, 0xFE, 0x01, 0xFF, 0x80, 0x7F, 0xE0, 0x1F,
    0xF8, 0x07, 0xFE, 0x01, 0xFF, 0xC0, 0xFD, 0xF8, 0x7E, 0x3F, 0xFF, 0x0F, 0xFF, 0x80, 0xFF, 0xC0,
    0x07, 0x80, 0x7C, 0x01, 0xF3, 0xE0, 0x0F, 0x9F, 0x80, 0xFC, 0x7C, 0x07, 0xC3, 0xE0, 0x3E, 0x1F,
    0x01, 0xF0, 0x7C, 0x1F, 0x03, 0xE0, 0xF8, 0x1F, 0x07, 0xC0, 0xF8, 0x3E, 0x03, 0xE1, 0xE0, 0x1F,
    0x1F, 0x00, 0xF8, 0xF8, 0x03, 0xC7, 0x80, 0x1F, 0x3C, 0x00, 0xFB, 0xE0, 0x07, 0xDF, 0x00, 0x1E,
    0xF0, 0x00, 0xFF, 0x80, 0x07, 0xFC, 0x00, 0x1F, 0xC0, 0x00, 0xFE, 0x00, 0x07, 0xF0, 0x00, 0xFC,
    0x1F, 0x81, 0xF7, 0xC1, 0xF8, 0x1E, 0x7C, 0x1F, 0x83, 0xE7, 0xC1, 0xF8, 0x3E, 0x7C, 0x1F, 0xC3,
    0xE7, 0xC3, 0xFC, 0x3E, 0x7C, 0x3F, 0xC3, 0xE3, 0xC3, 0xFC, 0x3C, 0x3E, 0x3B, 0xC3, 0xC3, 0xE3,
    0x9C, 0x7C, 0x3E, 0x79, 0xE7, 0xC3, 0xE7, 0x9E, 0x7C, 0x3E, 0x79, 0xE7, 0xC1, 0xE7, 0x9E, 0x78,
    0x1E, 0x70, 0xE7, 0x81, 0xF7, 0x0E, 0xF8, 0x1F, 0xF0, 0xFF, 0x81, 0xFF, 0x0F, 0xF8, 0x0F, 0xF0,
    0xFF, 0x00, 0xFE, 0x0F, 0xF0, 0x0F, 0xE0, 0x7F, 0x00, 0xFE, 0x07, 0xF0, 0x0F, 0xE0, 0x7F, 0x00,
    0x3E, 0x03, 0xE1, 0xF8, 0x3F, 0x07, 0xC1, 0xF0, 0x3F, 0x1F, 0x80, 0xF8, 0xF8, 0x07, 0xEF, 0x80,
    0x1F, 0x7C, 0x00, 0x7F, 0xC0, 0x03, 0xFE, 0x00, 0x0F, 0xE0, 0x00, 0x7F, 0x00, 0x03, 0xF8, 0x00,
    0x3F, 0xE0, 0x01, 0xFF, 0x00, 0x1F, 0xFC, 0x00, 0xFB, 0xE0, 0x0F, 0x8F, 0x80, 0x7C, 0x7C, 0x07,
    0xC3, 0xF0, 0x3E, 0x0F, 0x83, 0xE0, 0x7E, 0x1F, 0x01, 0xF1, 0xF8, 0x0F, 0xC0, 0x7C, 0x01, 0xF3,
    0xF0, 0x1F, 0x8F, 0x80, 0xF8, 0x7E, 0x0F, 0xC1, 0xF0, 0x7C, 0x0F, 0xC3, 0xE0, 0x3E, 0x3E, 0x01,
    0xF1, 0xF0, 0x07, 0xDF, 0x00, 0x3E, 0xF8, 0x00, 0xFF, 0x80, 0x07, 0xFC, 0x00, 0x1F, 0xC0, 0x00,
    0xFC, 0x00, 0x03, 0xE0, 0x00, 0x1F, 0x00, 0x00, 0xF8, 0x00, 0x07, 0xC0, 0x00, 0x3E, 0x00, 0x01,
    0xF0, 0x00, 0x0F, 0x80, 0x00, 0x7C, 0x00, 0x03, 0xE0, 0x00, 0x7F, 0xFF, 0x3F, 0xFF, 0x9F, 0xFF,
    0xCF, 0xFF, 0xE0, 0x03, 0xE0, 0x03, 0xF0, 0x03, 0xF0, 0x01, 0xF0, 0x01, 0xF8, 0x01, 0xF8, 0x00,
    0xFC, 0x00, 0xFC, 0x00, 0x7C, 0x00, 0x7E, 0x00, 0x7E, 0x00, 0x3E, 0x00, 0x3F, 0x00, 0x3F, 0x00,
    0x1F, 0x00, 0x1F, 0xFF, 0xEF, 0xFF, 0xF7, 0xFF, 0xFB, 0xFF, 0xFC, 0xFF, 0xFF, 0xFF, 0xFF, 0xEF,
    0x87, 0xC3, 0xE1, 0xF0, 0xF8, 0x7C, 0x3E, 0x1F, 0x0F, 0x87, 0xC3, 0xE1, 0xF0, 0xF8, 0x7C, 0x3E,
    0x1F, 0x0F, 0x87, 0xC3, 0xE1, 0xF0, 0xF8, 0x7C, 0x3E, 0x1F, 0xEF, 0xFF, 0xFF, 0xFE, 0x18, 0x03,
    0xC0, 0x1F, 0x00, 0xF8, 0x07, 0xC0, 0x1E, 0x00, 0xF8, 0x07, 0xC0, 0x1E, 0x00, 0xF0, 0x07, 0xC0,
    0x3E, 0x00, 0xF0, 0x07, 0x80, 0x3E, 0x01, 0xF0, 0x07, 0x80, 0x3E, 0x01, 0xF0, 0x0F, 0x80, 0x3C,
    0x01, 0xF0, 0x0F, 0x80, 0x7C, 0x01, 0xE0, 0x0F, 0x80, 0x7C, 0x01, 0xE0, 0x0F, 0x00, 0x7C, 0x01,
    0x00, 0xFF, 0xFF, 0xFF, 0xFF, 0xF0, 0xF8, 0x7C, 0x3E, 0x1F, 0x0F, 0x87, 0xC3, 0xE1, 0xF0, 0xF8,
    0x7C, 0x3E, 0x1F, 0x0F, 0x87, 0xC3, 0xE1, 0xF0, 0xF8, 0x7C, 0x3E, 0x1F, 0x0F, 0x87, 0xC3, 0xFF,
    0xFF, 0xFF, 0xFF, 0xFE, 0x01, 0xE0, 0x00, 0xFC, 0x00, 0x3F, 0x80, 0x1F, 0xE0, 0x07, 0xFC, 0x03,
    0xEF, 0x81, 0xF3, 0xE0, 0x7C, 0x7C, 0x3E, 0x1F, 0x0F, 0x03, 0xE7, 0xC0, 0x7C, 0xFF, 0xFF, 0xFF,
    0xFF, 0xFF, 0xFF, 0xFF, 0xFF, 0xF0, 0x00, 0x30, 0x1E, 0x1F, 0xCF, 0xF0, 0xFC, 0x1C, 0x00, 0x03,
    0xC0, 0x1F, 0xFC, 0x1F, 0xFF, 0x07, 0xFF, 0x83, 0x07, 0xE0, 0x01, 0xF0, 0x00, 0xF8, 0x1F, 0xFC,
    0x3F, 0xFE, 0x3F, 0xFF, 0x3F, 0x0F, 0x9F, 0x07, 0xCF, 0x83, 0xE7, 0xC1, 0xF3, 0xF1, 0xF9, 0xFF,
    0xFE, 0x7F, 0xDF, 0x1F, 0xC7, 0x83, 0x80, 0x00, 0x08, 0x00, 0xF8, 0x00, 0xF8, 0x00, 0xF8, 0x00,
    0xF8, 0x00, 0xF8, 0x00, 0xF8, 0x00, 0xF8, 0x60, 0xFB, 0xF8, 0xFF, 0xFC, 0xFF, 0xFE, 0xFE, 0x7E,
    0xFC, 0x3F, 0xF8, 0x1F, 0xF8, 0x1F, 0xF8, 0x1F, 0xF8, 0x1F, 0xF8, 0x1F, 0xF8, 0x1F, 0xF8, 0x1F,
    0xF8, 0x3E, 0xFC, 0x7E, 0xFF, 0xFE, 0xFF, 0xFC, 0xFB, 0xF8, 0x00, 0xC0, 0x01, 0xC0, 0x1F, 0xF0,
    0x7F, 0xF1, 0xFF, 0xE7, 0xE1, 0x8F, 0x80, 0x3F, 0x00, 0x7C, 0x00, 0xF8, 0x01, 0xF0, 0x03, 0xE0,
    0x07, 0xC0, 0x0F, 0x80, 0x0F, 0x80, 0x1F, 0x86, 0x1F, 0xFE, 0x1F, 0xFC, 0x1F, 0xF0, 0x07, 0x00,
    0x00, 0x10, 0x00, 0x1F, 0x00, 0x1F, 0x00, 0x1F, 0x00, 0x1F, 0x00, 0x1F, 0x00, 0x1F, 0x03, 0x1F,
    0x1F, 0xDF, 0x3F, 0xFF, 0x7F, 0xFF, 0x7E, 0x3F, 0x7C, 0x1F, 0xF8, 0x1F, 0xF8, 0x1F, 0xF8, 0x1F,
    0xF8, 0x1F, 0xF8, 0x1F, 0xF8, 0x1F, 0xF8, 0x1F, 0xFC, 0x1F, 0x7E, 0x7F, 0x7F, 0xFF, 0x3F, 0xFF,
    0x1F, 0xDF, 0x07, 0x00, 0x01, 0xC0, 0x0F, 0xF0, 0x1F, 0xFC, 0x3F, 0xFE, 0x7C, 0x3E, 0x78, 0x1F,
    0xF8, 0x1F, 0xFF, 0xFF, 0xFF, 0xFF, 0xFF, 0xFF, 0xFF, 0xFF, 0xF8, 0x00, 0xF8, 0x00, 0x7C, 0x00,
    0x7E, 0x1C, 0x3F, 0xFE, 0x1F, 0xFE, 0x0F, 0xF8, 0x01, 0xC0, 0x03, 0xF8, 0x0F, 0xF8, 0x3F, 0xF0,
    0xFF, 0xC1, 0xF0, 0x03, 0xE0, 0x07, 0xC0, 0x0F, 0x80, 0xFF, 0xF1, 0xFF, 0xE3, 0xFF, 0xC7, 0xFF,
    0x01, 0xF0, 0x03, 0xE0, 0x07, 0xC0, 0x0F, 0x80, 0x1F, 0x00, 0x3E, 0x00, 0x7C, 0x00, 0xF8, 0x01,
    0xF0, 0x03, 0xE0, 0x07, 0xC0, 0x0F, 0x80, 0x1F, 0x00, 0x00, 0x00, 0x00, 0x00, 0xE0, 0x1F, 0xF8,
    0x3F, 0xFF, 0x1F, 0xFF, 0x8F, 0xFF, 0x07, 0xE3, 0xE1, 0xF0, 0x7C, 0x7C, 0x1F, 0x1F, 0x07, 0xC7,
    0xE3, 0xF0, 0xFF, 0xF8, 0x1F, 0xFE, 0x07, 0xFE, 0x03, 0xFC, 0x00, 0xF0, 0x00, 0x3F, 0xF0, 0x0F,
    0xFF, 0x81, 0xFF, 0xF0, 0x3F, 0xFE, 0x00, 0x1F, 0xBC, 0x03, 0xEF, 0x00, 0xFB, 0xFF, 0xFE, 0x7F,
    0xFF, 0x1F, 0xFF, 0x81, 0xFF, 0x80, 0x00, 0x01, 0xF0, 0x03, 0xE0, 0x07, 0xC0, 0x0F, 0x80, 0x1F,
    0x00, 0x3E, 0x00, 0x7C, 0x30, 0xF9, 0xF9, 0xFF, 0xFB, 0xFF, 0xFF, 0xF3, 0xFF, 0xC3, 0xFF, 0x07,
    0xFE, 0x0F, 0xFC, 0x1F, 0xF8, 0x3F, 0xF0, 0x7F, 0xE0, 0xFF, 0xC1, 0xFF, 0x83, 0xFF, 0x07, 0xFE,
    0x0F, 0xFC, 0x1F, 0xF8, 0x3E, 0x7B, 0xFF, 0xFF, 0x78, 0x00, 0x00, 0x03, 0xEF, 0xBE, 0xFB, 0xEF,
    0xBE, 0xFB, 0xEF, 0xBE, 0xFB, 0xEF, 0xBE, 0xFB, 0xE0, 0x07, 0x83, 0xF0, 0xFC, 0x3F, 0x07, 0x80,
    0x00, 0x00, 0x00, 0x00, 0x03, 0xE0, 0xF8, 0x3E, 0x0F, 0x83, 0xE0, 0xF8, 0x3E, 0x0F, 0x83, 0xE0,
    0xF8, 0x3E, 0x0F, 0x83, 0xE0, 0xF8, 0x3E, 0x0F, 0x83, 0xE0, 0xF8, 0x3E, 0x1F, 0x8F, 0xC7, 0xE1,
    0xF0, 0x38, 0x08, 0x00, 0x08, 0x00, 0x7C, 0x00, 0x3E, 0x00, 0x1F, 0x00, 0x0F, 0x80, 0x07, 0xC0,
    0x03, 0xE0, 0x01, 0xF0, 0x00, 0xF8, 0x3E, 0x7C, 0x1F, 0x3E, 0x1F, 0x1F, 0x1F, 0x0F, 0x9F, 0x07,
    0xCF, 0x83, 0xEF, 0x81, 0xFF, 0x80, 0xFF, 0xE0, 0x7D, 0xF0, 0x3E, 0x7C, 0x1F, 0x3F, 0x0F, 0x8F,
    0x87, 0xC3, 0xE3, 0xE1, 0xF9, 0xF0, 0x7C, 0xF8, 0x3F, 0x00, 0x78, 0xF8, 0xF8, 0xF8, 0xF8, 0xF8,
    0xF8, 0xF8, 0xF8, 0xF8, 0xF8, 0xF8, 0xF8, 0xF8, 0xF8, 0xF8, 0xF8, 0xF8, 0xF8, 0xF8, 0xF8, 0xF8,
    0xFE, 0x7E, 0x7F, 0x1C, 0x00, 0x40, 0x30, 0xFB, 0xF1, 0xFC, 0xFF, 0xFB, 0xFC, 0xFF, 0xFF, 0xFE,
    0xFE, 0xFF, 0x7E, 0xFC, 0x7E, 0x3E, 0xF8, 0x7C, 0x3E, 0xF8, 0x7C, 0x3E, 0xF8, 0x7C, 0x3E, 0xF8,
    0x7C, 0x3E, 0xF8, 0x7C, 0x3E, 0xF8, 0x7C, 0x3E, 0xF8, 0x7C, 0x3E, 0xF8, 0x7C, 0x3E, 0xF8, 0x7C,
    0x3E, 0xF8, 0x7C, 0x3E, 0xF8, 0x7C, 0x3E, 0xF8, 0x7C, 0x3E, 0x00, 0x61, 0xF7, 0xF3, 0xFF, 0xF7,
    0xFF, 0xFF, 0xE7, 0xFF, 0x87, 0xFE, 0x0F, 0xFC, 0x1F, 0xF8, 0x3F, 0xF0, 0x7F, 0xE0, 0xFF, 0xC1,
    0xFF, 0x83, 0xFF, 0x07, 0xFE, 0x0F, 0xFC, 0x1F, 0xF8, 0x3F, 0xF0, 0x7C, 0x01, 0xC0, 0x07, 0xFC,
    0x07, 0xFF, 0x07, 0xFF, 0xC7, 0xE3, 0xF3, 0xE0, 0xFB, 0xE0, 0x7F, 0xF0, 0x1F, 0xF8, 0x0F, 0xFC,
    0x07, 0xFE, 0x03, 0xFF, 0x01, 0xFF, 0x81, 0xFB, 0xE0, 0xF9, 0xF8, 0xFC, 0x7F, 0xFC, 0x1F, 0xFC,
    0x07, 0xFC, 0x00, 0x70, 0x00, 0x00, 0x60, 0xFB, 0xF8, 0xFF, 0xFC, 0xFF, 0xFE, 0xFE, 0x7E, 0xFC,
    0x3F, 0xF8, 0x1F, 0xF8, 0x1F, 0xF8, 0x1F, 0xF8, 0x1F, 0xF8, 0x1F, 0xF8, 0x1F, 0xF8, 0x1F, 0xF8,
    0x3E, 0xFC, 0x7E, 0xFF, 0xFE, 0xFF, 0xFC, 0xFB, 0xF8, 0xF8, 0xC0, 0xF8, 0x00, 0xF8, 0x00, 0xF8,
    0x00, 0xF8, 0x00, 0xF8, 0x00, 0xF8, 0x00, 0x00, 0x00, 0x03, 0x00, 0x1F, 0xCF, 0x3F, 0xFF, 0x7F,
    0xFF, 0x7E, 0x3F, 0x7C, 0x1F, 0xF8, 0x1F, 0xF8, 0x1F, 0xF8, 0x1F, 0xF8, 0x1F, 0xF8, 0x1F, 0xF8,
    0x1F, 0xF8, 0x1F, 0xFC, 0x1F, 0x7E, 0x7F, 0x7F, 0xFF, 0x3F, 0xFF, 0x1F, 0xDF, 0x07, 0x1F, 0x00,
    0x1F, 0x00, 0x1F, 0x00, 0x1F, 0x00, 0x1F, 0x00, 0x1F, 0x00, 0x1F, 0x00, 0x00, 0x00, 0xCF, 0x1E,
    0xFB, 0xEF, 0xFE, 0xFF, 0xEF, 0xFC, 0xFC, 0x0F, 0xC0, 0xF8, 0x0F, 0x80, 0xF8, 0x0F, 0x80, 0xF8,
    0x0F, 0x80, 0xF8, 0x0F, 0x80, 0xF8, 0x0F, 0x80, 0x01, 0xC0, 0x3F, 0xF0, 0xFF, 0xF3, 0xFF, 0xE7,
    0xE1, 0x8F, 0x80, 0x1F, 0x80, 0x3F, 0xC0, 0x3F, 0xF0, 0x3F, 0xF0, 0x1F, 0xF0, 0x03, 0xF0, 0x03,
    0xE4, 0x07, 0xDE, 0x1F, 0xFF, 0xFE, 0x7F, 0xFC, 0x7F, 0xE0, 0x0E, 0x00, 0x00, 0x00, 0x7C, 0x01,
    0xF0, 0x07, 0xC0, 0x1F, 0x03, 0xFF, 0xCF, 0xFF, 0x3F, 0xFC, 0x7F, 0xE0, 0x7C, 0x01, 0xF0, 0x07,
    0xC0, 0x1F, 0x00, 0x7C, 0x01, 0xF0, 0x07, 0xC0, 0x1F, 0x00, 0x7C, 0x01, 0xF9, 0x07, 0xFC, 0x0F,
    0xF8, 0x1F, 0xE0, 0x1C, 0x00, 0xF8, 0x3F, 0xF0, 0x7F, 0xE0, 0xFF, 0xC1, 0xFF, 0x83, 0xFF, 0x07,
    0xFE, 0x0F, 0xFC, 0x1F, 0xF8, 0x3F, 0xF0, 0x7F, 0xE0, 0xFF, 0xC1, 0xFF, 0x87, 0xFF, 0x9F, 0xFF,
    0xFF, 0xBF, 0xFF, 0x3F, 0xBE, 0x18, 0x00, 0x7C, 0x07, 0xDF, 0x81, 0xF3, 0xE0, 0xF8, 0xF8, 0x3E,
    0x3E, 0x0F, 0x87, 0xC3, 0xC1, 0xF1, 0xF0, 0x7C, 0x7C, 0x0F, 0x1E, 0x03, 0xEF, 0x80, 0xFB, 0xE0,
    0x1E, 0xF0, 0x07, 0xFC, 0x01, 0xFF, 0x00, 0x3F, 0x80, 0x0F, 0xE0, 0x03, 0xF8, 0x00, 0xF8, 0x3E,
    0x0F, 0x7C, 0x1F, 0x07, 0x9F, 0x1F, 0x87, 0xCF, 0x8F, 0xE3, 0xE7, 0xC7, 0xF1, 0xF3, 0xE3, 0xF8,
    0xF0, 0xF1, 0xDC, 0x78, 0x79, 0xEE, 0x7C, 0x3E, 0xF7, 0xBE, 0x1F, 0x73, 0xDE, 0x07, 0xB9, 0xEF,
    0x03, 0xDC, 0x77, 0x81, 0xFE, 0x3F, 0xC0, 0xFF, 0x1F, 0xE0, 0x7F, 0x0F, 0xE0, 0x1F, 0x87, 0xF0,
    0x0F, 0xC1, 0xF8, 0x00, 0x3E, 0x0F, 0x87, 0xE3, 0xE0, 0x7C, 0x7C, 0x0F, 0xDF, 0x00, 0xFB, 0xE0,
    0x0F, 0xF8, 0x01, 0xFE, 0x00, 0x1F, 0xC0, 0x03, 0xF8, 0x00, 0xFF, 0x00, 0x1F, 0xF0, 0x07, 0xDF,
    0x00, 0xF3, 0xE0, 0x3E, 0x3E, 0x0F, 0x87, 0xE1, 0xF0, 0x7C, 0x7C, 0x0F, 0xC0, 0x7C, 0x07, 0xCF,
    0x80, 0xF8, 0xF8, 0x3E, 0x1F, 0x07, 0xC3, 0xE0, 0xF8, 0x3C, 0x1E, 0x07, 0xC7, 0xC0, 0xF8, 0xF8,
    0x0F, 0x1E, 0x01, 0xE3, 0xC0, 0x3E, 0xF8, 0x03, 0xDE, 0x00, 0x7B, 0xC0, 0x0F, 0xF8, 0x00, 0xFE,
    0x00, 0x1F, 0xC0, 0x03, 0xF8, 0x00, 0x1E, 0x00, 0x07, 0xC0, 0x01, 0xF8, 0x00, 0xFE, 0x00, 0x7F,
    0x80, 0x07, 0xE0, 0x00, 0xF0, 0x00, 0x7F, 0xFC, 0xFF, 0xF9, 0xFF, 0xF3, 0xFF, 0xE0, 0x0F, 0x80,
    0x3E, 0x00, 0xFC, 0x03, 0xF0, 0x07, 0xC0, 0x1F, 0x00, 0x7C, 0x01, 0xF0, 0x07, 0xE0, 0x0F, 0xFF,
    0xBF, 0xFF, 0x7F, 0xFE, 0xFF, 0xFC, 0x01, 0x87, 0xC7, 0xE7, 0xF3, 0xF1, 0xF0, 0xF8, 0x7C, 0x3E,
    0x1F, 0x0F, 0x87, 0xC3, 0xE1, 0xF1, 0xF9, 0xF8, 0xF0, 0x7C, 0x3F, 0x07, 0xC3, 0xE1, 0xF0, 0xF8,
    0x7C, 0x3E, 0x1F, 0x0F, 0x87, 0xC3, 0xE1, 0xFC, 0xFE, 0x3F, 0x07, 0x80, 0xFF, 0xFF, 0xFF, 0xFF,
    0xFF, 0xFF, 0xFF, 0xFF, 0xFF, 0xFF, 0xFF, 0xFF, 0xFF, 0xFF, 0xFF, 0xFF, 0xFF, 0xFF, 0xFC, 0x60,
    0x3F, 0x0F, 0xE3, 0xFC, 0x3F, 0x07, 0xC1, 0xF0, 0x7C, 0x1F, 0x07, 0xC1, 0xF0, 0x7C, 0x1F, 0x07,
    0xC1, 0xF8, 0x3F, 0x07, 0xC1, 0xF1, 0xF8, 0x7C, 0x1F, 0x07, 0xC1, 0xF0, 0x7C, 0x1F, 0x07, 0xC1,
    0xF0, 0x7C, 0x1F, 0x1F, 0xCF, 0xE3, 0xF8, 0xF8, 0x00, 0x06, 0x00, 0x0F, 0xC3, 0x0F, 0xFF, 0xCF,
    0xFF, 0xE7, 0x9F, 0xE0, 0x03, 0xE0, 0x7B, 0xFF, 0xFF, 0xFD, 0xE0, 0x00, 0x03, 0xEF, 0xBE, 0xFB,
    0xEF, 0xBE, 0xFB, 0xEF, 0xBE, 0xFB, 0xEF, 0xBE, 0x00, 0x00, 0x01, 0x80, 0xC0, 0x78, 0x78, 0x3E,
    0x3E, 0x1F, 0x1F, 0x8F, 0x87, 0xC7, 0xE3, 0xE3, 0xF1, 0xF8, 0xF8, 0xFC, 0x3E, 0x3F, 0x0F, 0x8F,
    0xC3, 0xF1, 0xF8, 0x7E, 0x3E, 0x0F, 0x8F, 0xC1, 0xF1, 0xF0, 0x3C, 0x3E, 0x0F, 0x87, 0x81, 0xC0,
    0xC0, 0x00, 0x00, 0x1F, 0x07, 0xF1, 0xFF, 0x78, 0xFE, 0x0F, 0xC1, 0xF8, 0x3F, 0x8F, 0x7F, 0xC7,
    0xF0, 0x7C, 0x00, 0x7B, 0xFF, 0xFF, 0xFD, 0xE0, 0x0F, 0xC0, 0xFF, 0xC7, 0xFF, 0x9E, 0x1E, 0xF8,
    0x7F, 0xC0, 0xFF, 0x03, 0xFC, 0x0F, 0xF0, 0x3F, 0xC0, 0xFF, 0x87, 0xDF, 0x3E, 0x7F, 0xF0, 0x7F,
    0x80, 0x78, 0x00, 0x00, 0x00, 0x00, 0x00, 0x00, 0x00, 0x00, 0x00, 0xFF, 0xFF, 0xFF, 0xFF, 0xFF,
    0xFF, 0xFF, 0x00, 0x00, 0x02, 0x03, 0x01, 0xE0, 0xF0, 0x3E, 0x1F, 0x03, 0xE3, 0xF0, 0x3E, 0x3E,
    0x07, 0xE3, 0xE0, 0x7E, 0x7E, 0x0F, 0xC7, 0xE0, 0xF8, 0xFC, 0x1F, 0x1F, 0x87, 0xE7, 0xE1, 0xF8,
    0xF8, 0x3E, 0x3F, 0x0F, 0x87, 0xC3, 0xE1, 0xF0, 0x7C, 0x3C, 0x07, 0x03, 0x00, 0x00, 0x00, 0x00,
    0x03, 0xC0, 0x0F, 0xC0, 0x1F, 0x80, 0x3F, 0x00, 0x7E, 0x00, 0x78, 0x00, 0x00, 0x00, 0x00, 0x00,
    0x00, 0x07, 0xC0, 0x0F, 0x80, 0x1F, 0x00, 0x7E, 0x03, 0xF8, 0x0F, 0xE0, 0x3F, 0x80, 0xFC, 0x01,
    0xF0, 0x03, 0xE0, 0x07, 0xC1, 0xCF, 0xFF, 0xCF, 0xFF, 0x8F, 0xFE, 0x07, 0xF0, 0x00, 0x00, 0x00,
    0x0E, 0x00, 0x00, 0x78, 0x00, 0x07, 0xF0, 0x00, 0x1F, 0xE0, 0x00, 0x3F, 0x00, 0x00, 0x30, 0x00,
    0x00, 0x00, 0x00, 0x00, 0x00, 0x07, 0xE0, 0x00, 0x7F, 0x00, 0x03, 0xFC, 0x00, 0x1F, 0xE0, 0x01,
    0xFF, 0x00, 0x0F, 0x7C, 0x00, 0x7B, 0xE0, 0x07, 0xCF, 0x00, 0x3E, 0x78, 0x01, 0xE3, 0xE0, 0x1F,
    0x1F, 0x00, 0xF8, 0x78, 0x07, 0xC3, 0xE0, 0x3C, 0x1F, 0x03, 0xFF, 0xF8, 0x1F, 0xFF, 0xE0, 0xFF,
    0xFF, 0x0F, 0xFF, 0xF8, 0x7C, 0x07, 0xE3, 0xE0, 0x1F, 0x3F, 0x00, 0xF9, 0xF0, 0x07, 0xCF, 0x80,
    0x3F, 0x00, 0x00, 0x00, 0x00, 0x60, 0x00, 0x0F, 0x80, 0x01, 0xFC, 0x00, 0x1F, 0xE0, 0x00, 0xF8,
    0x00, 0x06, 0x00, 0x00, 0x00, 0x00, 0x00, 0x00, 0x00, 0x07, 0xE0, 0x00, 0x7F, 0x00, 0x03, 0xFC,
    0x00, 0x1F, 0xE0, 0x01, 0xFF, 0x00, 0x0F, 0x7C, 0x00, 0x7B, 0xE0, 0x07, 0xCF, 0x00, 0x3E, 0x78,
    0x01, 0xE3, 0xE0, 0x1F, 0x1F, 0x00, 0xF8, 0x78, 0x07, 0xC3, 0xE0, 0x3C, 0x1F, 0x03, 0xFF, 0xF8,
    0x1F, 0xFF, 0xE0, 0xFF, 0xFF, 0x0F, 0xFF, 0xF8, 0x7C, 0x07, 0xE3, 0xE0, 0x1F, 0x3F, 0x00, 0xF9,
    0xF0, 0x07, 0xCF, 0x80, 0x3F, 0x00, 0x78, 0x00, 0x0F, 0xE0, 0x00, 0xFF, 0x80, 0x0F, 0xFE, 0x00,
    0x78, 0x78, 0x01, 0x01, 0x80, 0x00, 0x00, 0x00, 0x00, 0x00, 0x00, 0xFC, 0x00, 0x0F, 0xE0, 0x00,
    0x7F, 0x80, 0x03, 0xFC, 0x00, 0x3F, 0xE0, 0x01, 0xEF, 0x80, 0x0F, 0x7C, 0x00, 0xF9, 0xE0, 0x07,
    0xCF, 0x00, 0x3C, 0x7C, 0x03, 0xE3, 0xE0, 0x1F, 0x0F, 0x00, 0xF8, 0x7C, 0x07, 0x83, 0xE0, 0x7F,
    0xFF, 0x03, 0xFF, 0xFC, 0x1F, 0xFF, 0xE1, 0xFF, 0xFF, 0x0F, 0x80, 0xFC, 0x7C, 0x03, 0xE7, 0xE0,
    0x1F, 0x3E, 0x00, 0xF9, 0xF0, 0x07, 0xE0, 0x07, 0x07, 0x00, 0x7C, 0x7C, 0x03, 0xE3, 0xE0, 0x1F,
    0x1F, 0x00, 0x70, 0x70, 0x00, 0x00, 0x00, 0x00, 0x00, 0x00, 0x3F, 0x80, 0x01, 0xFC, 0x00, 0x1F,
    0xF0, 0x00, 0xFF, 0x80, 0x07, 0xFC, 0x00, 0x7D, 0xF0, 0x03, 0xEF, 0x80, 0x1F, 0x7C, 0x00, 0xF1,
    0xE0, 0x0F, 0x8F, 0x80, 0x7C, 0x7C, 0x03, 0xC3, 0xE0, 0x3E, 0x0F, 0x81, 0xF0, 0x7C, 0x0F, 0xFF,
    0xE0, 0xFF, 0xFF, 0x87, 0xFF, 0xFC, 0x3F, 0xFF, 0xE3, 0xF0, 0x1F, 0x1F, 0x00, 0x7C, 0xF8, 0x03,
    0xE7, 0xC0, 0x1F, 0x7E, 0x00, 0xFC, 0x00, 0x00, 0x00, 0x07, 0xC0, 0x00, 0x7F, 0x00, 0x07, 0xBC,
    0x00, 0x38, 0xE0, 0x01, 0xC7, 0x00, 0x0F, 0x78, 0x00, 0x3F, 0x80, 0x00, 0xF8, 0x00, 0x00, 0x00,
    0x00, 0x7F, 0x00, 0x03, 0xF8, 0x00, 0x1F, 0xC0, 0x01, 0xFF, 0x00, 0x0F, 0xF8, 0x00, 0x7B, 0xC0,
    0x07, 0xDF, 0x00, 0x3E, 0xF8, 0x01, 0xE7, 0xC0, 0x1F, 0x1E, 0x00, 0xF8, 0xF8, 0x07, 0xC7, 0xC0,
    0x7C, 0x3E, 0x03, 0xE0, 0xF8, 0x1F, 0xFF, 0xC0, 0xFF, 0xFE, 0x0F, 0xFF, 0xF8, 0x7F, 0xFF, 0xC3,
    0xE0, 0x3E, 0x3F, 0x01, 0xF9, 0xF0, 0x07, 0xCF, 0x80, 0x3E, 0xFC, 0x01, 0xF0, 0x00, 0x7F, 0xFF,
    0xC0, 0x07, 0xFF, 0xFC, 0x00, 0xFF, 0xFF, 0xC0, 0x0F, 0xFF, 0xFC, 0x01, 0xFF, 0x80, 0x00, 0x1F,
    0xF8, 0x00, 0x01, 0xE7, 0x80, 0x00, 0x3E, 0x78, 0x00, 0x03, 0xE7, 0xC0, 0x00, 0x7C, 0x7F, 0xFC,
    0x07, 0xC7, 0xFF, 0xC0, 0x7C, 0x7F, 0xFC, 0x0F, 0x83, 0xFF, 0xC0, 0xF8, 0x3E, 0x00, 0x1F, 0xFF,
    0xE0, 0x01, 0xFF, 0xFE, 0x00, 0x1F, 0xFF, 0xE0, 0x03, 0xFF, 0xFF, 0x00, 0x3E, 0x01, 0xF0, 0x07,
    0xE0, 0x1F, 0xFE, 0x7C, 0x01, 0xFF, 0xF7, 0xC0, 0x1F, 0xFF, 0xFC, 0x00, 0xFF, 0xF0, 0x00, 0x70,
    0x00, 0xFF, 0x80, 0xFF, 0xF8, 0x7F, 0xFE, 0x3F, 0x87, 0x1F, 0x80, 0x07, 0xC0, 0x01, 0xF0, 0x00,
    0xF8, 0x00, 0x3E, 0x00, 0x0F, 0x80, 0x03, 0xE0, 0x00, 0xF8, 0x00, 0x3E, 0x00, 0x0F, 0x80, 0x03,
    0xE0, 0x00, 0xFC, 0x00, 0x1F, 0x00, 0x07, 0xE0, 0x10, 0xFE, 0x1E, 0x3F, 0xFF, 0x87, 0xFF, 0xE0,
    0x7F, 0xF0, 0x07, 0xE0, 0x00, 0xE0, 0x00, 0x3E, 0x00, 0x0F, 0xC0, 0x00, 0xF8, 0x00, 0x1E, 0x00,
    0x7F, 0x80, 0x3F, 0xC0, 0x07, 0xE0, 0x00, 0x00, 0x03, 0x00, 0x3E, 0x03, 0xF8, 0x1F, 0xE0, 0x7C,
    0x01, 0x80, 0x00, 0x00, 0x00, 0x03, 0xFF, 0xFF, 0xFF, 0xFF, 0xFF, 0xFF, 0xFB, 0xE0, 0x0F, 0x80,
    0x3E, 0x00, 0xF8, 0x03, 0xE0, 0x0F, 0xFF, 0x3F, 0xFC, 0xFF, 0xF3, 0xFF, 0xCF, 0x80, 0x3E, 0x00,
    0xF8, 0x03, 0xE0, 0x0F, 0x80, 0x3E, 0x00, 0xFF, 0xFF, 0xFF, 0xFF, 0xFF, 0xFF, 0xFF, 0x07, 0x80,
    0x3F, 0x03, 0xFE, 0x1F, 0xFE, 0x78, 0x78, 0xC0, 0xC0, 0x00, 0x00, 0x00, 0xFF, 0xFF, 0xFF, 0xFF,
    0xFF, 0xFF, 0xFE, 0xF8, 0x03, 0xE0, 0x0F, 0x80, 0x3E, 0x00, 0xF8, 0x03, 0xFF, 0xCF, 0xFF, 0x3F,
    0xFC, 0xFF, 0xF3, 0xE0, 0x0F, 0x80, 0x3E, 0x00, 0xF8, 0x03, 0xE0, 0x0F, 0x80, 0x3F, 0xFF, 0xFF,
    0xFF, 0xFF, 0xFF, 0xFF, 0xC0, 0x00, 0x00, 0x70, 0x1E, 0x0F, 0xE7, 0xFC, 0xFC, 0x0C, 0x00, 0x00,
    0x00, 0x03, 0xE0, 0x7C, 0x0F, 0x81, 0xF0, 0x3E, 0x07, 0xC0, 0xF8, 0x1F, 0x03, 0xE0, 0x7C, 0x0F,
    0x81, 0xF0, 0x3E, 0x07, 0xC0, 0xF8, 0x1F, 0x03, 0xE0, 0x7C, 0x0F, 0x81, 0xF0, 0x3E, 0x07, 0xC0,
    0xF8, 0x0F, 0x80, 0xFE, 0x0F, 0xF8, 0xFF, 0xE7, 0x8F, 0x10, 0x10, 0x00, 0x00, 0x00, 0x0F, 0x80,
    0x7C, 0x03, 0xE0, 0x1F, 0x00, 0xF8, 0x07, 0xC0, 0x3E, 0x01, 0xF0, 0x0F, 0x80, 0x7C, 0x03, 0xE0,
    0x1F, 0x00, 0xF8, 0x07, 0xC0, 0x3E, 0x01, 0xF0, 0x0F, 0x80, 0x7C, 0x03, 0xE0, 0x1F, 0x00, 0xF8,
    0x07, 0xC0, 0x3E, 0x00, 0x00, 0x00, 0x00, 0x18, 0x00, 0x03, 0xE0, 0x00, 0x3F, 0x00, 0x03, 0xFC,
    0x00, 0x0F, 0xC0, 0x00, 0x18, 0x00, 0x00, 0x00, 0x00, 0xF0, 0x00, 0x7F, 0xE0, 0x0F, 0xFF, 0x01,
    0xFF, 0xF8, 0x3F, 0x0F, 0xC7, 0xE0, 0x7E, 0x7C, 0x03, 0xE7, 0xC0, 0x3E, 0xF8, 0x01, 0xFF, 0x80,
    0x1F, 0xF8, 0x01, 0xFF, 0x80, 0x1F, 0xF8, 0x01, 0xFF, 0x80, 0x1F, 0xF8, 0x01, 0xFF, 0x80, 0x1F,
    0xF8, 0x01, 0xF7, 0xC0, 0x3E, 0x7C, 0x03, 0xE7, 0xE0, 0x7E, 0x3F, 0x0F, 0xC1, 0xFF, 0xF8, 0x0F,
    0xFF, 0x00, 0x7F, 0xE0, 0x00, 0xF0, 0x00, 0x00, 0x00, 0x00, 0x01, 0x80, 0x00, 0x7C, 0x00, 0x1F,
    0xC0, 0x03, 0xFC, 0x00, 0x3E, 0x00, 0x03, 0x80, 0x00, 0x00, 0x00, 0x00, 0xF0, 0x00, 0x7F, 0xE0,
    0x0F, 0xFF, 0x01, 0xFF, 0xF8, 0x3F, 0x0F, 0xC7, 0xE0, 0x7E, 0x7C, 0x03, 0xE7, 0xC0, 0x3E, 0xF8,
    0x01, 0xFF, 0x80, 0x1F, 0xF8, 0x01, 0xFF, 0x80, 0x1F, 0xF8, 0x01, 0xFF, 0x80, 0x1F, 0xF8, 0x01,
    0xFF, 0x80, 0x1F, 0xF8, 0x01, 0xF7, 0xC0, 0x3E, 0x7C, 0x03, 0xE7, 0xE0, 0x7E, 0x3F, 0x0F, 0xC1,
    0xFF, 0xF8, 0x0F, 0xFF, 0x00, 0x7F, 0xE0, 0x00, 0xF0, 0x00, 0x07, 0x07, 0x00, 0xF8, 0xF8, 0x0F,
    0x8F, 0x80, 0xF8, 0xF8, 0x07, 0x07, 0x00, 0x00, 0x00, 0x00, 0xF0, 0x00, 0x7F, 0xE0, 0x0F, 0xFF,
    0x01, 0xFF, 0xF8, 0x3F, 0x0F, 0xC7, 0xE0, 0x7E, 0x7C, 0x03, 0xE7, 0xC0, 0x3E, 0xF8, 0x01, 0xFF,
    0x80, 0x1F, 0xF8, 0x01, 0xFF, 0x80, 0x1F, 0xF8, 0x01, 0xFF, 0x80, 0x1F, 0xF8, 0x01, 0xFF, 0x80,
    0x1F, 0xF8, 0x01, 0xF7, 0xC0, 0x3E, 0x7C, 0x03, 0xE7, 0xE0, 0x7E, 0x3F, 0x0F, 0xC1, 0xFF, 0xF8,
    0x0F, 0xFF, 0x00, 0x7F, 0xE0, 0x00, 0xF0, 0x00, 0x00, 0x00, 0x00, 0x00, 0x70, 0x00, 0x0F, 0x00,
    0x00, 0xF0, 0x00, 0xFF, 0x00, 0x7F, 0xF0, 0x0F, 0xFF, 0x01, 0xFF, 0xF8, 0x3F, 0x1F, 0xC7, 0xE1,
    0xFE, 0x7C, 0x3B, 0xE7, 0xC3, 0xBE, 0xF8, 0x39, 0xFF, 0x87, 0x1F, 0xF8, 0x71, 0xFF, 0x87, 0x1F,
    0xF8, 0x61, 0xFF, 0x8E, 0x1F, 0xF8, 0xE1, 0xFF, 0x8C, 0x1F, 0xF9, 0xC1, 0xF7, 0xDC, 0x3E, 0x7D,
    0xC3, 0xE7, 0xF8, 0x7E, 0x3F, 0x8F, 0xC1, 0xFF, 0xF8, 0x0F, 0xFF, 0x00, 0xFF, 0xE0, 0x0F, 0xF0,
    0x00, 0xF0, 0x00, 0x1F, 0x00, 0x00, 0xE0, 0x00, 0x00, 0x00, 0x00, 0x00, 0x00, 0x01, 0xC0, 0x00,
    0x7C, 0x00, 0x3F, 0xC0, 0x07, 0xF8, 0x00, 0x7E, 0x00, 0x03, 0x80, 0x00, 0x00, 0x00, 0x00, 0x3E,
    0x01, 0xFF, 0x80, 0x7F, 0xE0, 0x1F, 0xF8, 0x07, 0xFE, 0x01, 0xFF, 0x80, 0x7F, 0xE0, 0x1F, 0xF8,
    0x07, 0xFE, 0x01, 0xFF, 0x80, 0x7F, 0xE0, 0x1F, 0xF8, 0x07, 0xFE, 0x01, 0xFF, 0x80, 0x7F, 0xE0,
    0x1F, 0xF8, 0x07, 0xFE, 0x01, 0xFF, 0x80, 0x7F, 0xF0, 0x3F, 0x7E, 0x1F, 0x8F, 0xFF, 0xC3, 0xFF,
    0xE0, 0x3F, 0xF0, 0x01, 0xE0, 0x00, 0x00, 0x00, 0x00, 0x0C, 0x00, 0x0F, 0x80, 0x0F, 0xE0, 0x07,
    0xF8, 0x01, 0xF0, 0x00, 0x60, 0x00, 0x00, 0x00, 0x00, 0x00, 0x3E, 0x01, 0xFF, 0x80, 0x7F, 0xE0,
    0x1F, 0xF8, 0x07, 0xFE, 0x01, 0xFF, 0x80, 0x7F, 0xE0, 0x1F, 0xF8, 0x07, 0xFE, 0x01, 0xFF, 0x80,
    0x7F, 0xE0, 0x1F, 0xF8, 0x07, 0xFE, 0x01, 0xFF, 0x80, 0x7F, 0xE0, 0x1F, 0xF8, 0x07, 0xFE, 0x01,
    0xFF, 0x80, 0x7F, 0xF0, 0x3F, 0x7E, 0x1F, 0x8F, 0xFF, 0xC3, 0xFF, 0xE0, 0x3F, 0xF0, 0x01, 0xE0,
    0x00, 0x1C, 0x1C, 0x0F, 0x8F, 0x83, 0xE3, 0xE0, 0xF8, 0xF8, 0x1C, 0x1C, 0x00, 0x00, 0x00, 0x00,
    0x03, 0xE0, 0x1F, 0xF8, 0x07, 0xFE, 0x01, 0xFF, 0x80, 0x7F, 0xE0, 0x1F, 0xF8, 0x07, 0xFE, 0x01,
    0xFF, 0x80, 0x7F, 0xE0, 0x1F, 0xF8, 0x07, 0xFE, 0x01, 0xFF, 0x80, 0x7F, 0xE0, 0x1F, 0xF8, 0x07,
    0xFE, 0x01, 0xFF, 0x80, 0x7F, 0xE0, 0x1F, 0xF8, 0x07, 0xFF, 0x03, 0xF7, 0xE1, 0xF8, 0xFF, 0xFC,
    0x3F, 0xFE, 0x03, 0xFF, 0x00, 0x1E, 0x00, 0x00, 0x00, 0x00, 0x00, 0xE0, 0x00, 0x0F, 0x00, 0x01,
    0xFC, 0x00, 0x3F, 0xE0, 0x01, 0xF8, 0x00, 0x06, 0x00, 0x00, 0x00, 0x00, 0x00, 0x00, 0x03, 0xE0,
    0x0F, 0x9F, 0x80, 0xFC, 0x7C, 0x07, 0xC3, 0xF0, 0x7E, 0x0F, 0x83, 0xE0, 0x7E, 0x1F, 0x01, 0xF1,
    0xF0, 0x0F, 0x8F, 0x80, 0x3E, 0xF8, 0x01, 0xF7, 0xC0, 0x07, 0xFC, 0x00, 0x3F, 0xE0, 0x00, 0xFE,
    0x00, 0x07, 0xE0, 0x00, 0x1F, 0x00, 0x00, 0xF8, 0x00, 0x07, 0xC0, 0x00, 0x3E, 0x00, 0x01, 0xF0,
    0x00, 0x0F, 0x80, 0x00, 0x7C, 0x00, 0x03, 0xE0, 0x00, 0x1F, 0x00, 0x0F, 0xE0, 0x0F, 0xFC, 0x1F,
    0xFF, 0x0F, 0xFF, 0xCF, 0xC3, 0xE7, 0xC1, 0xF3, 0xE0, 0xF9, 0xF0, 0xF8, 0xF8, 0xF8, 0x7C, 0xF8,
    0x3E, 0x78, 0x1F, 0x3C, 0x0F, 0x9F, 0x07, 0xCF, 0xE3, 0xE3, 0xF9, 0xF0, 0xFE, 0xF8, 0x3F, 0x7C,
    0x0F, 0xFE, 0x03, 0xFF, 0x01, 0xFF, 0x80, 0xFF, 0xC0, 0xFF, 0xE3, 0xFD, 0xF3, 0xFE, 0xF9, 0xFC,
    0x00, 0x38, 0x00, 0x00, 0x00, 0x03, 0x80, 0x03, 0xF0, 0x01, 0xFC, 0x00, 0x7F, 0x80, 0x07, 0x80,
    0x00, 0xC0, 0x00, 0x00, 0x00, 0x00, 0x01, 0xE0, 0x0F, 0xFE, 0x0F, 0xFF, 0x83, 0xFF, 0xC1, 0x83,
    0xF0, 0x00, 0xF8, 0x00, 0x7C, 0x0F, 0xFE, 0x1F, 0xFF, 0x1F, 0xFF, 0x9F, 0x87, 0xCF, 0x83, 0xE7,
    0xC1, 0xF3, 0xE0, 0xF9, 0xF8, 0xFC, 0xFF, 0xFF, 0x3F, 0xEF, 0x8F, 0xE3, 0xC1, 0xC0, 0x00, 0x00,
    0x00, 0x00, 0x70, 0x00, 0xFC, 0x00, 0xFE, 0x00, 0xFE, 0x00, 0x78, 0x00, 0x30, 0x00, 0x00, 0x00,
    0x00, 0x00, 0x01, 0xE0, 0x0F, 0xFE, 0x0F, 0xFF, 0x83, 0xFF, 0xC1, 0x83, 0xF0, 0x00, 0xF8, 0x00,
    0x7C, 0x0F, 0xFE, 0x1F, 0xFF, 0x1F, 0xFF, 0x9F, 0x87, 0xCF, 0x83, 0xE7, 0xC1, 0xF3, 0xE0, 0xF9,
    0xF8, 0xFC, 0xFF, 0xFF, 0x3F, 0xEF, 0x8F, 0xE3, 0xC1, 0xC0, 0x00, 0x03, 0xC0, 0x03, 0xF0, 0x03,
    0xFC, 0x03, 0xFF, 0x03, 0xE7, 0xC1, 0xC1, 0xC0, 0x40, 0x20, 0x00, 0x00, 0x00, 0x00, 0x01, 0xE0,
    0x0F, 0xFE, 0x0F, 0xFF, 0x83, 0xFF, 0xC1, 0x83, 0xF0, 0x00, 0xF8, 0x00, 0x7C, 0x0F, 0xFE, 0x1F,
    0xFF, 0x1F, 0xFF, 0x9F, 0x87, 0xCF, 0x83, 0xE7, 0xC1, 0xF3, 0xE0, 0xF9, 0xF8, 0xFC, 0xFF, 0xFF,
    0x3F, 0xEF, 0x8F, 0xE3, 0xC1, 0xC0, 0x00, 0x0F, 0x18, 0x0F, 0xFE, 0x0F, 0xFF, 0x07, 0xFF, 0x01,
    0x8F, 0x00, 0x00, 0x00, 0x00, 0x00, 0x00, 0x00, 0x03, 0xC0, 0x1F, 0xFC, 0x1F, 0xFF, 0x07, 0xFF,
    0x83, 0x07, 0xE0, 0x01, 0xF0, 0x00, 0xF8, 0x1F, 0xFC, 0x3F, 0xFE, 0x3F, 0xFF, 0x3F, 0x0F, 0x9F,
    0x07, 0xCF, 0x83, 0xE7, 0xC1, 0xF3, 0xF1, 0xF9, 0xFF, 0xFE, 0x7F, 0xDF, 0x1F, 0xC7, 0x83, 0x80,
    0x00, 0x1C, 0x38, 0x1F, 0x3E, 0x0F, 0x9F, 0x07, 0xCF, 0x81, 0xC3, 0x80, 0x00, 0x00, 0x00, 0x00,
    0x00, 0x00, 0x03, 0xC0, 0x1F, 0xFC, 0x0F, 0xFF, 0x07, 0xFF, 0x81, 0x07, 0xE0, 0x01, 0xF0, 0x00,
    0xF8, 0x1F, 0xFC, 0x3F, 0xFE, 0x3F, 0xFF, 0x3F, 0x0F, 0x9F, 0x07, 0xCF, 0x83, 0xE7, 0xC1, 0xF3,
    0xF1, 0xF9, 0xFF, 0xFE, 0x7F, 0xDF, 0x1F, 0xC7, 0x83, 0x80, 0x00, 0x00, 0x00, 0x03, 0xE0, 0x03,
    0xF8, 0x03, 0xCE, 0x01, 0xC7, 0x00, 0xF3, 0x80, 0x3F, 0x80, 0x0F, 0x80, 0x00, 0x00, 0x00, 0x00,
    0x00, 0x00, 0x00, 0x78, 0x03, 0xFF, 0x83, 0xFF, 0xE0, 0xFF, 0xF0, 0x60, 0xFC, 0x00, 0x3E, 0x00,
    0x1F, 0x03, 0xFF, 0x87, 0xFF, 0xC7, 0xFF, 0xE7, 0xE1, 0xF3, 0xE0, 0xF9, 0xF0, 0x7C, 0xF8, 0x3E,
    0x7E, 0x3F, 0x3F, 0xFF, 0xCF, 0xFB, 0xE3, 0xF8, 0xF0, 0x70, 0x00, 0x03, 0x80, 0x70, 0x0F, 0xFC,
    0x7F, 0x03, 0xFF, 0xFF, 0xF0, 0xFF, 0xFF, 0xFE, 0x30, 0x7F, 0x8F, 0x80, 0x0F, 0xC1, 0xF0, 0x03,
    0xE0, 0x7C, 0x3F, 0xFF, 0xFF, 0x3F, 0xFF, 0xFF, 0xDF, 0xFF, 0xFF, 0xFF, 0xC3, 0xFF, 0xFF, 0xE0,
    0xF8, 0x00, 0xF8, 0x3E, 0x00, 0x3E, 0x0F, 0xC0, 0x0F, 0xC7, 0xF8, 0x73, 0xFF, 0xFF, 0xFE, 0x7F,
    0xE7, 0xFF, 0x8F, 0xF0, 0xFF, 0x80, 0xE0, 0x07, 0x00, 0x01, 0xC0, 0x1F, 0xF0, 0x7F, 0xF1, 0xFF,
    0xE7, 0xE1, 0x8F, 0x80, 0x3F, 0x00, 0x7C, 0x00, 0xF8, 0x01, 0xF0, 0x03, 0xE0, 0x07, 0xC0, 0x0F,
    0x80, 0x1F, 0x80, 0x1F, 0x86, 0x3F, 0xFE, 0x3F, 0xFC, 0x3F, 0xF8, 0x1F, 0x80, 0x1C, 0x00, 0x3E,
    0x00, 0x7E, 0x00, 0x3E, 0x00, 0x3C, 0x07, 0xF8, 0x1F, 0xE0, 0x1F, 0x80, 0x00, 0x00, 0x07, 0x00,
    0x07, 0xC0, 0x0F, 0xE0, 0x07, 0xF8, 0x00, 0xF0, 0x00, 0x30, 0x00, 0x00, 0x00, 0x00, 0x01, 0xC0,
    0x0F, 0xF0, 0x1F, 0xFC, 0x3F, 0xFE, 0x7C, 0x3E, 0x78, 0x1F, 0xF8, 0x1F, 0xFF, 0xFF, 0xFF, 0xFF,
    0xFF, 0xFF, 0xFF, 0xFF, 0xF8, 0x00, 0xF8, 0x00, 0x7C, 0x00, 0x7E, 0x1C, 0x3F, 0xFE, 0x1F, 0xFE,
    0x0F, 0xF8, 0x01, 0xC0, 0x00, 0x20, 0x00, 0xE0, 0x03, 0xF0, 0x07, 0xF0, 0x0F, 0xE0, 0x0F, 0x80,
    0x0C, 0x00, 0x00, 0x00, 0x00, 0x00, 0x01, 0xC0, 0x0F, 0xF0, 0x1F, 0xFC, 0x3F, 0xFE, 0x7C, 0x3E,
    0x78, 0x1F, 0xF8, 0x1F, 0xFF, 0xFF, 0xFF, 0xFF, 0xFF, 0xFF, 0xFF, 0xFF, 0xF8, 0x00, 0xF8, 0x00,
    0x7C, 0x00, 0x7E, 0x1C, 0x3F, 0xFE, 0x1F, 0xFE, 0x0F, 0xF8, 0x01, 0xC0, 0x03, 0xC0, 0x07, 0xE0,
    0x0F, 0xF0, 0x1F, 0xF8, 0x3E, 0x7C, 0x1C, 0x3C, 0x10, 0x08, 0x00, 0x00, 0x00, 0x00, 0x01, 0xC0,
    0x0F, 0xF0, 0x1F, 0xFC, 0x3F, 0xFE, 0x7C, 0x3E, 0x78, 0x1F, 0xF8, 0x1F, 0xFF, 0xFF, 0xFF, 0xFF,
    0xFF, 0xFF, 0xFF, 0xFF, 0xF8, 0x00, 0xF8, 0x00, 0x7C, 0x00, 0x7E, 0x1C, 0x3F, 0xFE, 0x1F, 0xFE,
    0x0F, 0xF8, 0x01, 0xC0, 0x1C, 0x38, 0x3E, 0x7C, 0x3E, 0x7C, 0x3E, 0x7C, 0x1C, 0x38, 0x00, 0x00,
    0x00, 0x00, 0x00, 0x00, 0x01, 0xC0, 0x0F, 0xF0, 0x1F, 0xFC, 0x3F, 0xFE, 0x7C, 0x3E, 0x78, 0x1F,
    0xF8, 0x1F, 0xFF, 0xFF, 0xFF, 0xFF, 0xFF, 0xFF, 0xFF, 0xFF, 0xF8, 0x00, 0xF8, 0x00, 0x7C, 0x00,
    0x7E, 0x1C, 0x3F, 0xFE, 0x1F, 0xFE, 0x0F, 0xF8, 0x01, 0xC0, 0x20, 0x1E, 0x07, 0xC3, 0xFC, 0x3F,
    0x83, 0xE0, 0x10, 0x00, 0x00, 0x00, 0x03, 0xE0, 0xF8, 0x3E, 0x0F, 0x83, 0xE0, 0xF8, 0x3E, 0x0F,
    0x83, 0xE0, 0xF8, 0x3E, 0x0F, 0x83, 0xE0, 0xF8, 0x3E, 0x0F, 0x83, 0xE0, 0x01, 0x00, 0xE0, 0xF8,
    0xFF, 0x7F, 0x1F, 0x02, 0x00, 0x00, 0x00, 0x00, 0x01, 0xF0, 0x7C, 0x1F, 0x07, 0xC1, 0xF0, 0x7C,
    0x1F, 0x07, 0xC1, 0xF0, 0x7C, 0x1F, 0x07, 0xC1, 0xF0, 0x7C, 0x1F, 0x07, 0xC1, 0xF0, 0x0F, 0x80,
    0xFE, 0x0F, 0xF8, 0xFF, 0xEF, 0x8F, 0xB8, 0x38, 0x00, 0x80, 0x00, 0x00, 0x00, 0x00, 0x03, 0xE0,
    0x1F, 0x00, 0xF8, 0x07, 0xC0, 0x3E, 0x01, 0xF0, 0x0F, 0x80, 0x7C, 0x03, 0xE0, 0x1F, 0x00, 0xF8,
    0x07, 0xC0, 0x3E, 0x01, 0xF0, 0x0F, 0x80, 0x7C, 0x03, 0xE0, 0x70, 0x77, 0xC7, 0xFE, 0x3F, 0xF1,
    0xF7, 0x07, 0x00, 0x00, 0x00, 0x00, 0x00, 0x00, 0x00, 0x7C, 0x03, 0xE0, 0x1F, 0x00, 0xF8, 0x07,
    0xC0, 0x3E, 0x01, 0xF0, 0x0F, 0x80, 0x7C, 0x03, 0xE0, 0x1F, 0x00, 0xF8, 0x07, 0xC0, 0x3E, 0x01,
    0xF0, 0x0F, 0x80, 0x7C, 0x00, 0x0E, 0x10, 0x3F, 0xF8, 0xFF, 0xE1, 0xFF, 0x81, 0x0E, 0x00, 0x00,
    0x00, 0x00, 0x00, 0x00, 0x00, 0x61, 0xF7, 0xF3, 0xFF, 0xF7, 0xFF, 0xFF, 0xE7, 0xFF, 0x87, 0xFE,
    0x0F, 0xFC, 0x1F, 0xF8, 0x3F, 0xF0, 0x7F, 0xE0, 0xFF, 0xC1, 0xFF, 0x83, 0xFF, 0x07, 0xFE, 0x0F,
    0xFC, 0x1F, 0xF8, 0x3F, 0xF0, 0x7C, 0x02, 0x00, 0x03, 0xC0, 0x01, 0xF0, 0x01, 0xFE, 0x00, 0x3F,
    0x80, 0x07, 0xC0, 0x00, 0x40, 0x00, 0x00, 0x00, 0x00, 0x00, 0xE0, 0x03, 0xFE, 0x03, 0xFF, 0x83,
    0xFF, 0xE3, 0xF1, 0xF9, 0xF0, 0x7D, 0xF0, 0x3F, 0xF8, 0x0F, 0xFC, 0x07, 0xFE, 0x03, 0xFF, 0x01,
    0xFF, 0x80, 0xFF, 0xC0, 0xFD, 0xF0, 0x7C, 0xFC, 0x7E, 0x3F, 0xFE, 0x0F, 0xFE, 0x03, 0xFE, 0x00,
    0x38, 0x00, 0x00, 0x20, 0x00, 0x38, 0x00, 0x7C, 0x00, 0xFF, 0x00, 0xFE, 0x00, 0x7C, 0x00, 0x10,
    0x00, 0x00, 0x00, 0x00, 0x00, 0x00, 0xE0, 0x03, 0xFE, 0x03, 0xFF, 0x83, 0xFF, 0xE3, 0xF1, 0xF9,
    0xF0, 0x7D, 0xF0, 0x3F, 0xF8, 0x0F, 0xFC, 0x07, 0xFE, 0x03, 0xFF, 0x01, 0xFF, 0x80, 0xFF, 0xC0,
    0xFD, 0xF0, 0x7C, 0xFC, 0x7E, 0x3F, 0xFE, 0x0F, 0xFE, 0x03, 0xFE, 0x00, 0x38, 0x00, 0x03, 0xE0,
    0x03, 0xF8, 0x03, 0xFE, 0x03, 0xFF, 0x83, 0xE3, 0xC0, 0xE0, 0xE0, 0x20, 0x20, 0x00, 0x00, 0x00,
    0x00, 0x00, 0xE0, 0x03, 0xFE, 0x03, 0xFF, 0x83, 0xFF, 0xE3, 0xF1, 0xF9, 0xF0, 0x7D, 0xF0, 0x3F,
    0xF8, 0x0F, 0xFC, 0x07, 0xFE, 0x03, 0xFF, 0x01, 0xFF, 0x80, 0xFF, 0xC0, 0xFD, 0xF0, 0x7C, 0xFC,
    0x7E, 0x3F, 0xFE, 0x0F, 0xFE, 0x03, 0xFE, 0x00, 0x38, 0x00, 0x07, 0x08, 0x07, 0xFE, 0x07, 0xFF,
    0x07, 0xFF, 0x00, 0x8F, 0x00, 0x00, 0x00, 0x00, 0x00, 0x00, 0x00, 0x01, 0xC0, 0x07, 0xFC, 0x07,
    0xFF, 0x07, 0xFF, 0xC7, 0xE3, 0xF3, 0xE0, 0xFB, 0xE0, 0x7F, 0xF0, 0x1F, 0xF8, 0x0F, 0xFC, 0x07,
    0xFE, 0x03, 0xFF, 0x01, 0xFF, 0x81, 0xFB, 0xE0, 0xF9, 0xF8, 0xFC, 0x7F, 0xFC, 0x1F, 0xFC, 0x07,
    0xFC, 0x00, 0x70, 0x00, 0x1C, 0x1C, 0x1F, 0x1F, 0x0F, 0x8F, 0x87, 0xC7, 0xC1, 0xC1, 0xC0, 0x00,
    0x00, 0x00, 0x00, 0x00, 0x00, 0x01, 0xC0, 0x07, 0xFC, 0x07, 0xFF, 0x07, 0xFF, 0xC7, 0xE3, 0xF3,
    0xE0, 0xFB, 0xE0, 0x7F, 0xF0, 0x1F, 0xF8, 0x0F, 0xFC, 0x07, 0xFE, 0x03, 0xFF, 0x01, 0xFF, 0x81,
    0xFB, 0xE0, 0xF9, 0xF8, 0xFC, 0x7F, 0xFC, 0x1F, 0xFC, 0x07, 0xFC, 0x00, 0x70, 0x00, 0x00, 0x00,
    0x00, 0x1E, 0x00, 0x0F, 0x00, 0x07, 0x80, 0x1F, 0xC0, 0x7F, 0xC0, 0x7F, 0xF0, 0x7F, 0xFC, 0x7E,
    0x7F, 0x3E, 0x3F, 0xBE, 0x3B, 0xFF, 0x19, 0xFF, 0x8C, 0xFF, 0xCE, 0x7F, 0xE6, 0x3F, 0xF3, 0x1F,
    0xFB, 0x8F, 0xBF, 0x8F, 0x9F, 0xCF, 0xC7, 0xFF, 0xC1, 0xFF, 0xC0, 0x7F, 0xC0, 0x7F, 0x00, 0x3C,
    0x00, 0x1E, 0x00, 0x0F, 0x00, 0x00, 0x00, 0x00, 0x04, 0x00, 0x1E, 0x00, 0x3E, 0x00, 0xFF, 0x00,
    0x7F, 0x00, 0x3E, 0x00, 0x08, 0x00, 0x00, 0x00, 0x00, 0x00, 0x03, 0xE0, 0xFF, 0xC1, 0xFF, 0x83,
    0xFF, 0x07, 0xFE, 0x0F, 0xFC, 0x1F, 0xF8, 0x3F, 0xF0, 0x7F, 0xE0, 0xFF, 0xC1, 0xFF, 0x83, 0xFF,
    0x07, 0xFE, 0x1F, 0xFE, 0x7F, 0xFF, 0xFE, 0xFF, 0xFC, 0xFE, 0xF8, 0x60, 0x00, 0x00, 0x40, 0x01,
    0xC0, 0x0F, 0x80, 0x7F, 0x81, 0xFC, 0x03, 0xE0, 0x02, 0x00, 0x00, 0x00, 0x00, 0x00, 0x00, 0x03,
    0xE0, 0xFF, 0xC1, 0xFF, 0x83, 0xFF, 0x07, 0xFE, 0x0F, 0xFC, 0x1F, 0xF8, 0x3F, 0xF0, 0x7F, 0xE0,
    0xFF, 0xC1, 0xFF, 0x83, 0xFF, 0x07, 0xFE, 0x1F, 0xFE, 0x7F, 0xFF, 0xFE, 0xFF, 0xFC, 0xFE, 0xF8,
    0x60, 0x00, 0x38, 0x38, 0xF8, 0xF9, 0xF1, 0xF3, 0xE3, 0xE3, 0x83, 0x80, 0x00, 0x00, 0x00, 0x00,
    0x00, 0x00, 0x01, 0xF0, 0x7F, 0xE0, 0xFF, 0xC1, 0xFF, 0x83, 0xFF, 0x07, 0xFE, 0x0F, 0xFC, 0x1F,
    0xF8, 0x3F, 0xF0, 0x7F, 0xE0, 0xFF, 0xC1, 0xFF, 0x83, 0xFF, 0x0F, 0xFF, 0x3F, 0xFF, 0xFF, 0x7F,
    0xFE, 0x7F, 0x7C, 0x30, 0x00, 0x00, 0x10, 0x00, 0x07, 0x00, 0x03, 0xE0, 0x01, 0xFE, 0x00, 0x7F,
    0x00, 0x0F, 0x80, 0x00, 0x80, 0x00, 0x00, 0x00, 0x00, 0x00, 0x00, 0x00, 0x01, 0xF0, 0x1F, 0x3E,
    0x03, 0xE3, 0xE0, 0xF8, 0x7C, 0x1F, 0x0F, 0x83, 0xE0, 0xF0, 0x78, 0x1F, 0x1F, 0x03, 0xE3, 0xE0,
    0x3C, 0x78, 0x07, 0x8F, 0x00, 0xFB, 0xE0, 0x0F, 0x78, 0x01, 0xEF, 0x00, 0x3F, 0xE0, 0x03, 0xF8,
    0x00, 0x7F, 0x00, 0x0F, 0xE0, 0x00, 0x78, 0x00, 0x1F, 0x00, 0x07, 0xE0, 0x03, 0xF8, 0x01, 0xFE,
    0x00, 0x1F, 0x80, 0x03, 0xC0, 0x00, 0x00, 0x00, 0x0E, 0x1C, 0x0F, 0x0E, 0x03, 0xFF, 0x01, 0xFF,
    0x80, 0x7F, 0x80, 0x1F, 0x80, 0x00, 0x00, 0x00, 0x00, 0x00, 0x00, 0x00, 0xF0, 0x07, 0xFF, 0x07,
    0xFF, 0xC1, 0xFF, 0xE0, 0xC1, 0xF8, 0x00, 0x7C, 0x00, 0x3E, 0x07, 0xFF, 0x0F, 0xFF, 0x8F, 0xFF,
    0xCF, 0xC3, 0xE7, 0xC1, 0xF3, 0xE0, 0xF9, 0xF0, 0x7C, 0xFC, 0x7E, 0x7F, 0xFF, 0x9F, 0xF7, 0xC7,
    0xF1, 0xE0, 0xE0, 0x00, 0x03, 0xC0, 0x1F, 0xFC, 0x1F, 0xFF, 0x07, 0xFF, 0x83, 0x07, 0xE0, 0x01,
    0xF0, 0x00, 0xF8, 0x1F, 0xFC, 0x3F, 0xFE, 0x3F, 0xFF, 0x3F, 0x0F, 0x9F, 0x07, 0xCF, 0x83, 0xE7,
    0xC1, 0xF3, 0xF1, 0xF9, 0xFF, 0xFE, 0x7F, 0xDF, 0x1F, 0xC7, 0x83, 0x8F, 0x80, 0x1F, 0x00, 0x0F,
    0x00, 0x0F, 0x00, 0x07, 0xC0, 0x03, 0xFC, 0x01, 0xFE, 0x00, 0x7F, 0x00, 0x07, 0x00, 0x00, 0x20,
    0x00, 0xE0, 0x07, 0xC0, 0x3F, 0xC0, 0xFE, 0x01, 0xF0, 0x01, 0x00, 0x00, 0x00, 0x00, 0x00, 0x03,
    0x80, 0x3F, 0xE0, 0xFF, 0xE3, 0xFF, 0xCF, 0xC3, 0x1F, 0x00, 0x7E, 0x00, 0xF8, 0x01, 0xF0, 0x03,
    0xE0, 0x07, 0xC0, 0x0F, 0x80, 0x1F, 0x00, 0x1F, 0x00, 0x3F, 0x0C, 0x3F, 0xFC, 0x3F, 0xF8, 0x3F,
    0xE0, 0x0E, 0x00, 0x00, 0x00, 0x01, 0x80, 0x80, 0xF8, 0xF0, 0x1F, 0xFC, 0x03, 0xFE, 0x00, 0x7F,
    0x00, 0x0F, 0x00, 0x00, 0x00, 0x00, 0x70, 0x01, 0xFF, 0x80, 0xFF, 0xF8, 0x7F, 0xFE, 0x3F, 0x0F,
    0x1F, 0x80, 0x87, 0xC0, 0x01, 0xF0, 0x00, 0xF8, 0x00, 0x3E, 0x00, 0x0F, 0x80, 0x03, 0xE0, 0x00,
    0xF8, 0x00, 0x3E, 0x00, 0x0F, 0x80, 0x03, 0xE0, 0x00, 0xF8, 0x00, 0x1F, 0x00, 0x07, 0xC0, 0x01,
    0xF8, 0x08, 0x3F, 0x0F, 0x07, 0xFF, 0xE0, 0xFF, 0xF8, 0x1F, 0xF8, 0x00, 0x70, 0x00, 0x08, 0x08,
    0x38, 0x38, 0xFD, 0xF0, 0x7F, 0xC0, 0x7F, 0x00, 0x7C, 0x00, 0x70, 0x00, 0x00, 0x00, 0x00, 0x03,
    0x80, 0x3F, 0xE0, 0xFF, 0xE3, 0xFF, 0xCF, 0xC3, 0x1F, 0x00, 0x7E, 0x00, 0xF8, 0x01, 0xF0, 0x03,
    0xE0, 0x07, 0xC0, 0x0F, 0x80, 0x1F, 0x00, 0x1F, 0x00, 0x3F, 0x0C, 0x3F, 0xFC, 0x3F, 0xF8, 0x3F,
    0xE0, 0x0E, 0x00, 0x00, 0x00, 0x0C, 0x06, 0x03, 0xC7, 0xC0, 0xFF, 0xE0, 0x1F, 0xF0, 0x03, 0xF8,
    0x00, 0x7C, 0x00, 0x00, 0x00, 0x00, 0x00, 0x3F, 0xF8, 0x0F, 0xFF, 0x83, 0xFF, 0xF8, 0xFF, 0xFF,
    0x3E, 0x0F, 0xEF, 0x81, 0xFB, 0xE0, 0x3E, 0xF8, 0x0F, 0xFE, 0x01, 0xFF, 0x80, 0x7F, 0xE0, 0x1F,
    0xF8, 0x07, 0xFE, 0x01, 0xFF, 0x80, 0x7F, 0xE0, 0x1F, 0xF8, 0x0F, 0xFE, 0x03, 0xEF, 0x81, 0xFB,
    0xE0, 0xFC, 0xFF, 0xFF, 0x3F, 0xFF, 0x8F, 0xFF, 0x83, 0xFF, 0x80, 0x00, 0x10, 0x00, 0x00, 0x7C,
    0xF0, 0x01, 0xF3, 0xC0, 0x07, 0xCE, 0x00, 0x1F, 0x38, 0x00, 0x7C, 0xE0, 0x01, 0xF3, 0x80, 0xC7,
    0xCC, 0x1F, 0xDF, 0x00, 0xFF, 0xFC, 0x07, 0xFF, 0xF0, 0x1F, 0x8F, 0xC0, 0x7C, 0x1F, 0x03, 0xE0,
    0x7C, 0x0F, 0x81, 0xF0, 0x3E, 0x07, 0xC0, 0xF8, 0x1F, 0x03, 0xE0, 0x7C, 0x0F, 0x81, 0xF0, 0x3E,
    0x07, 0xC0, 0xFC, 0x1F, 0x01, 0xF9, 0xFC, 0x07, 0xFF, 0xF0, 0x0F, 0xFF, 0xC0, 0x1F, 0xDF, 0x00,
    0x1C, 0x00, 0x00, 0x3F, 0xF8, 0x03, 0xFF, 0xE0, 0x3F, 0xFF, 0x83, 0xFF, 0xFC, 0x3E, 0x07, 0xE3,
    0xE0, 0x3E, 0x3E, 0x03, 0xE3, 0xE0, 0x3F, 0x3E, 0x01, 0xFF, 0xFF, 0x1F, 0xFF, 0xF1, 0xFF, 0xFF,
    0x1F, 0xFF, 0xF1, 0xF3, 0xE0, 0x1F, 0x3E, 0x01, 0xF3, 0xE0, 0x3F, 0x3E, 0x03, 0xE3, 0xE0, 0x7E,
    0x3E, 0x0F, 0xC3, 0xFF, 0xFC, 0x3F, 0xFF, 0x83, 0xFF, 0xE0, 0x3F, 0xF8, 0x00, 0x00, 0x00, 0x00,
    0x03, 0xE0, 0x00, 0x7C, 0x00, 0xFF, 0xF0, 0x1F, 0xFE, 0x03, 0xFF, 0xC0, 0x07, 0xC0, 0x00, 0xF8,
    0x03, 0x1F, 0x03, 0xFB, 0xE0, 0xFF, 0xFC, 0x3F, 0xFF, 0x87, 0xE3, 0xF0, 0xF8, 0x3E, 0x3E, 0x07,
    0xC7, 0xC0, 0xF8, 0xF8, 0x1F, 0x1F, 0x03, 0xE3, 0xE0, 0x7C, 0x7C, 0x0F, 0x8F, 0x81, 0xF1, 0xF8,
    0x3E, 0x1F, 0x9F, 0xC3, 0xFF, 0xF8, 0x3F, 0xFF, 0x03, 0xFB, 0xE0, 0x1C, 0x00, 0x00, 0x07, 0x80,
    0x3F, 0x00, 0xFC, 0x03, 0xF0, 0x07, 0x80, 0x00, 0x00, 0x00, 0x3F, 0xFF, 0xFF, 0xFF, 0xFF, 0xFF,
    0xFF, 0xBE, 0x00, 0xF8, 0x03, 0xE0, 0x0F, 0x80, 0x3E, 0x00, 0xFF, 0xF3, 0xFF, 0xCF, 0xFF, 0x3F,
    0xFC, 0xF8, 0x03, 0xE0, 0x0F, 0x80, 0x3E, 0x00, 0xF8, 0x03, 0xE0, 0x0F, 0xFF, 0xFF, 0xFF, 0xFF,
    0xFF, 0xFF, 0xF0, 0x03, 0xC0, 0x07, 0xE0, 0x07, 0xE0, 0x07, 0xE0, 0x03, 0xC0, 0x00, 0x00, 0x00,
    0x00, 0x00, 0x00, 0x01, 0xC0, 0x0F, 0xF0, 0x1F, 0xFC, 0x3F, 0xFE, 0x7C, 0x3E, 0x78, 0x1F, 0xF8,
    0x1F, 0xFF, 0xFF, 0xFF, 0xFF, 0xFF, 0xFF, 0xFF, 0xFF, 0xF8, 0x00, 0xF8, 0x00, 0x7C, 0x00, 0x7E,
    0x1C, 0x3F, 0xFE, 0x1F, 0xFE, 0x0F, 0xF8, 0x01, 0xC0, 0xFF, 0xFF, 0xFF, 0xFF, 0xFF, 0xFF, 0xFE,
    0xF8, 0x03, 0xE0, 0x0F, 0x80, 0x3E, 0x00, 0xF8, 0x03, 0xFF, 0xCF, 0xFF, 0x3F, 0xFC, 0xFF, 0xF3,
    0xE0, 0x0F, 0x80, 0x3E, 0x00, 0xF8, 0x03, 0xE0, 0x0F, 0x80, 0x3F, 0xFF, 0xFF, 0xFF, 0xFF, 0xFF,
    0xFF, 0xC0, 0x7C, 0x03, 0xC0, 0x1E, 0x00, 0x78, 0x01, 0xFC, 0x07, 0xF0, 0x0F, 0xC0, 0x1F, 0x00,
    0x01, 0xC0, 0x0F, 0xF0, 0x1F, 0xFC, 0x3F, 0xFE, 0x7C, 0x3E, 0x78, 0x1F, 0xF8, 0x1F, 0xFF, 0xFF,
    0xFF, 0xFF, 0xFF, 0xFF, 0xFF, 0xFF, 0xF8, 0x00, 0xFC, 0x00, 0x7C, 0x0C, 0x7F, 0xFE, 0x3F, 0xFE,
    0x0F, 0xFC, 0x03, 0xF0, 0x03, 0xC0, 0x07, 0x80, 0x07, 0x80, 0x07, 0xF0, 0x07, 0xF0, 0x03, 0xF0,
    0x01, 0xF0, 0x00, 0x00, 0xC0, 0xC7, 0x87, 0x9F, 0xFC, 0x3F, 0xE0, 0x3F, 0x00, 0x78, 0x00, 0x00,
    0x00, 0x03, 0xFF, 0xFF, 0xFF, 0xFF, 0xFF, 0xFF, 0xFB, 0xE0, 0x0F, 0x80, 0x3E, 0x00, 0xF8, 0x03,
    0xE0, 0x0F, 0xFF, 0x3F, 0xFC, 0xFF, 0xF3, 0xFF, 0xCF, 0x80, 0x3E, 0x00, 0xF8, 0x03, 0xE0, 0x0F,
    0x80, 0x3E, 0x00, 0xFF, 0xFF, 0xFF, 0xFF, 0xFF, 0xFF, 0xFF, 0x10, 0x08, 0x3C, 0x3C, 0x3E, 0x7C,
    0x1F, 0xF8, 0x0F, 0xF0, 0x07, 0xE0, 0x01, 0x80, 0x00, 0x00, 0x00, 0x00, 0x01, 0xC0, 0x0F, 0xF0,
    0x1F, 0xFC, 0x3F, 0xFE, 0x7C, 0x3E, 0x78, 0x1F, 0xF8, 0x1F, 0xFF, 0xFF, 0xFF, 0xFF, 0xFF, 0xFF,
    0xFF, 0xFF, 0xF8, 0x00, 0xF8, 0x00, 0x7C, 0x00, 0x7E, 0x1C, 0x3F, 0xFE, 0x1F, 0xFE, 0x0F, 0xF8,
    0x01, 0xC0, 0x00, 0x00, 0x00, 0xE0, 0xE0, 0x1E, 0x3C, 0x03, 0xFF, 0x80, 0x3F, 0xE0, 0x03, 0xF8,
    0x00, 0x1C, 0x00, 0x03, 0xC0, 0x03, 0xFF, 0x01, 0xFF, 0xF8, 0x7F, 0xFF, 0x9F, 0xC3, 0xE3, 0xE0,
    0x18, 0xFC, 0x00, 0x1F, 0x00, 0x07, 0xE0, 0x00, 0xF8, 0x00, 0x1F, 0x00, 0x03, 0xE0, 0xFF, 0xFC,
    0x1F, 0xFF, 0x83, 0xFF, 0xF0, 0x3F, 0xFE, 0x00, 0xFF, 0xC0, 0x1F, 0x7C, 0x03, 0xEF, 0x80, 0x7D,
    0xF8, 0x0F, 0x9F, 0x83, 0xF1, 0xFF, 0xFE, 0x1F, 0xFF, 0xC1, 0xFF, 0xE0, 0x03, 0x80, 0x00, 0x00,
    0x07, 0x07, 0x01, 0xE3, 0xC0, 0x7F, 0xF0, 0x0F, 0xF8, 0x01, 0xFC, 0x00, 0x3E, 0x00, 0x00, 0x00,
    0x00, 0x01, 0x80, 0x01, 0xE0, 0x1F, 0xF8, 0x3F, 0xFF, 0x1F, 0xFF, 0x8F, 0xFF, 0x07, 0xE3, 0xE1,
    0xF0, 0x7C, 0x7C, 0x1F, 0x1F, 0x07, 0xC7, 0xE3, 0xF0, 0xFF, 0xF8, 0x1F, 0xFE, 0x07, 0xFE, 0x03,
    0xFC, 0x00, 0xF0, 0x00, 0x3F, 0xF0, 0x0F, 0xFF, 0x81, 0xFF, 0xF0, 0x3F, 0xFE, 0x00, 0x1F, 0xBC,
    0x03, 0xEF, 0x00, 0xFB, 0xFF, 0xFE, 0x7F, 0xFF, 0x1F, 0xFF, 0x81, 0xFF, 0x80, 0x1E, 0x21, 0xFF,
    0xDF, 0xFD, 0xFF, 0xC6, 0x3C, 0x00, 0x00, 0x00, 0x00, 0x00, 0x00, 0x00, 0x7C, 0x03, 0xE0, 0x1F,
    0x00, 0xF8, 0x07, 0xC0, 0x3E, 0x01, 0xF0, 0x0F, 0x80, 0x7C, 0x03, 0xE0, 0x1F, 0x00, 0xF8, 0x07,
    0xC0, 0x3E, 0x01, 0xF0, 0x0F, 0x80, 0x7C, 0x00, 0x1F, 0x1F, 0x1F, 0x1F, 0x1F, 0x1F, 0x1F, 0x1F,
    0x1F, 0x1F, 0x1F, 0x1F, 0x1F, 0x1F, 0x1F, 0x1F, 0x1F, 0x1F, 0x1F, 0x1F, 0x1F, 0x1F, 0x1F, 0x3E,
    0x78, 0xF0, 0xF0, 0xFE, 0xFE, 0x7E, 0x3E, 0x0F, 0x0F, 0xC7, 0xE3, 0xF0, 0xF0, 0x00, 0x00, 0x00,
    0x00, 0x0F, 0x87, 0xC3, 0xE1, 0xF0, 0xF8, 0x7C, 0x3E, 0x1F, 0x0F, 0x87, 0xC3, 0xE1, 0xF0, 0xF8,
    0x7C, 0x3E, 0x1F, 0x0F, 0x8F, 0x8F, 0x0F, 0x07, 0x83, 0xF9, 0xFC, 0x7E, 0x1F, 0x00, 0x7B, 0xFF,
    0xFF, 0x78, 0x00, 0x3E, 0xFB, 0xEF, 0xBE, 0xFB, 0xEF, 0xBE, 0xFB, 0xEF, 0xBE, 0xFB, 0xEF, 0xBE,
    0xFB, 0xEF, 0xBE, 0xFB, 0xE0, 0xFF, 0xFF, 0xFF, 0xFF, 0xFF, 0xFF, 0xFF, 0xFF, 0xFF, 0xFF, 0xF8,
    0x00, 0x00, 0x70, 0x3E, 0x1F, 0xE7, 0xF8, 0xF8, 0x08, 0x00, 0x00, 0x0F, 0x03, 0xE0, 0x7C, 0x0F,
    0x81, 0xF0, 0x3E, 0x07, 0xC0, 0xF8, 0x1F, 0x03, 0xE0, 0x7C, 0x0F, 0x81, 0xF0, 0x3E, 0x07, 0xC0,
    0xF8, 0x1F, 0x03, 0xE0, 0x7C, 0x0F, 0x81, 0xF0, 0x3E, 0x07, 0xF0, 0x7E, 0x0F, 0xE0, 0x70, 0x00,
    0x01, 0xF3, 0xC3, 0xE7, 0x87, 0xCE, 0x0F, 0x9C, 0x1F, 0x38, 0x3E, 0xF0, 0x7C, 0xC0, 0xF8, 0x01,
    0xF0, 0x03, 0xE0, 0x07, 0xC0, 0x0F, 0x80, 0x1F, 0x00, 0x3E, 0x00, 0x7C, 0x00, 0xF8, 0x01, 0xF0,
    0x03, 0xE0, 0x07, 0xC0, 0x0F, 0xFF, 0xDF, 0xFF, 0xBF, 0xFF, 0x7F, 0xFE, 0x79, 0xDF, 0x3F, 0xE7,
    0x7C, 0xEF, 0x9D, 0xF7, 0xBE, 0xE7, 0xCC, 0xF8, 0x1F, 0x03, 0xE0, 0x7C, 0x0F, 0x81, 0xF0, 0x3E,
    0x07, 0xC0, 0xF8, 0x1F, 0x03, 0xE0, 0x7C, 0x0F, 0x81, 0xF0, 0x3F, 0x83, 0xF0, 0x7F, 0x03, 0x80,
    0x0F, 0x80, 0x01, 0xF0, 0x00, 0x3E, 0x00, 0x07, 0xC0, 0x00, 0xF8, 0x00, 0x1F, 0x00, 0x03, 0xE3,
    0x00, 0x7C, 0xF0, 0x0F, 0xFE, 0x01, 0xFF, 0x80, 0x3F, 0xC0, 0x07, 0xF0, 0x01, 0xF8, 0x00, 0xFF,
    0x00, 0x1F, 0xE0, 0x01, 0xFC, 0x00, 0x0F, 0x80, 0x01, 0xF0, 0x00, 0x3E, 0x00, 0x07, 0xFF, 0xE0,
    0xFF, 0xFC, 0x1F, 0xFF, 0x83, 0xFF, 0xF0, 0x0F, 0x00, 0xF8, 0x07, 0xC0, 0x3E, 0x01, 0xF0, 0x0F,
    0x80, 0x7C, 0x03, 0xE0, 0x1F, 0x20, 0xFF, 0x07, 0xFC, 0x3F, 0xC1, 0xF8, 0x3F, 0x83, 0xFC, 0x0F,
    0xE0, 0x7F, 0x00, 0xF8, 0x07, 0xC0, 0x3E, 0x01, 0xF0, 0x0F, 0x80, 0x7F, 0x01, 0xF8, 0x0F, 0xE0,
    0x1C, 0x00, 0x00, 0x40, 0x01, 0xC0, 0x0F, 0x80, 0x7F, 0x81, 0xFC, 0x03, 0xE0, 0x03, 0x00, 0x00,
    0x00, 0x00, 0x00, 0x00, 0xC3, 0xEF, 0xE7, 0xFF, 0xEF, 0xFF, 0xFF, 0xCF, 0xFF, 0x0F, 0xFC, 0x1F,
    0xF8, 0x3F, 0xF0, 0x7F, 0xE0, 0xFF, 0xC1, 0xFF, 0x83, 0xFF, 0x07, 0xFE, 0x0F, 0xFC, 0x1F, 0xF8,
    0x3F, 0xF0, 0x7F, 0xE0, 0xF8, 0x10, 0x10, 0x70, 0x70, 0xFB, 0xE0, 0xFF, 0x80, 0xFE, 0x00, 0xF8,
    0x00, 0xE0, 0x00, 0x00, 0x00, 0x00, 0x00, 0xC3, 0xEF, 0xE7, 0xFF, 0xEF, 0xFF, 0xFF, 0xCF, 0xFF,
    0x0F, 0xFC, 0x1F, 0xF8, 0x3F, 0xF0, 0x7F, 0xE0, 0xFF, 0xC1, 0xFF, 0x83, 0xFF, 0x07, 0xFE, 0x0F,
    0xFC, 0x1F, 0xF8, 0x3F, 0xF0, 0x7F, 0xE0, 0xF8, 0x00, 0x00, 0x00, 0xE3, 0x00, 0x7B, 0xC0, 0x79,
    0xE0, 0x39, 0xE0, 0x3C, 0xE0, 0x1C, 0xE0, 0x04, 0x30, 0x00, 0x00, 0x00, 0xE0, 0x03, 0xFE, 0x03,
    0xFF, 0x83, 0xFF, 0xE3, 0xF1, 0xF9, 0xF0, 0x7D, 0xF0, 0x3F, 0xF8, 0x0F, 0xFC, 0x07, 0xFE, 0x03,
    0xFF, 0x01, 0xFF, 0x80, 0xFF, 0xC0, 0xFD, 0xF0, 0x7C, 0xFC, 0x7E, 0x3F, 0xFE, 0x0F, 0xFE, 0x03,
    0xFE, 0x00, 0x38, 0x00, 0x01, 0x00, 0x38, 0x0F, 0x83, 0xFC, 0x7F, 0x87, 0xC0, 0x20, 0x00, 0x00,
    0x00, 0x00, 0x0C, 0xF1, 0xEF, 0xBE, 0xFF, 0xEF, 0xFE, 0xFF, 0xCF, 0xC0, 0xFC, 0x0F, 0x80, 0xF8,
    0x0F, 0x80, 0xF8, 0x0F, 0x80, 0xF8, 0x0F, 0x80, 0xF8, 0x0F, 0x80, 0xF8, 0x00, 0x00, 0x00, 0x04,
    0x0C, 0x03, 0xC7, 0x80, 0xFF, 0xE0, 0x1F, 0xF0, 0x03, 0xF8, 0x00, 0x78, 0x00, 0x00, 0x00, 0x00,
    0x00, 0x3F, 0xF8, 0x0F, 0xFF, 0x83, 0xFF, 0xF8, 0xFF, 0xFE, 0x3E, 0x0F, 0xCF, 0x81, 0xF3, 0xE0,
    0x7C, 0xF8, 0x1F, 0x3E, 0x07, 0xCF, 0x83, 0xF3, 0xFF, 0xF8, 0xFF, 0xFC, 0x3F, 0xFE, 0x0F, 0xFF,
    0x03, 0xE7, 0xC0, 0xF8, 0xF8, 0x3E, 0x3F, 0x0F, 0x87, 0xC3, 0xE1, 0xF8, 0xF8, 0x3E, 0x3E, 0x0F,
    0xCF, 0x81, 0xFB, 0xE0, 0x7E, 0x20, 0x23, 0x83, 0x9F, 0x7E, 0x7F, 0xE1, 0xFC, 0x07, 0xC0, 0x1C,
    0x00, 0x00, 0x00, 0x00, 0x03, 0x1E, 0x3C, 0xFB, 0xE7, 0xFF, 0x3F, 0xF9, 0xFF, 0x8F, 0xC0, 0x7E,
    0x03, 0xE0, 0x1F, 0x00, 0xF8, 0x07, 0xC0, 0x3E, 0x01, 0xF0, 0x0F, 0x80, 0x7C, 0x03, 0xE0, 0x1F,
    0x00, 0x00, 0x00, 0x00, 0x18, 0x00, 0x3E, 0x00, 0x3F, 0x00, 0x7F, 0x80, 0x3E, 0x00, 0x0C, 0x00,
    0x00, 0x00, 0x01, 0xC0, 0x07, 0xFE, 0x07, 0xFF, 0xC7, 0xFF, 0xE7, 0xE1, 0xE3, 0xE0, 0x31, 0xF0,
    0x00, 0xF8, 0x00, 0x7E, 0x00, 0x3F, 0xE0, 0x0F, 0xFC, 0x03, 0xFF, 0x80, 0xFF, 0xE0, 0x1F, 0xF8,
    0x01, 0xFE, 0x00, 0x3F, 0x00, 0x0F, 0x80, 0x07, 0xC0, 0x03, 0xE6, 0x03, 0xF7, 0xC3, 0xF7, 0xFF,
    0xF9, 0xFF, 0xF8, 0x3F, 0xF0, 0x01, 0xC0, 0x00, 0x00, 0x20, 0x01, 0xC0, 0x07, 0xC0, 0x3F, 0x80,
    0xFE, 0x01, 0xF0, 0x01, 0x00, 0x00, 0x00, 0x00, 0x00, 0x03, 0x80, 0x7F, 0xE1, 0xFF, 0xE7, 0xFF,
    0xCF, 0xC3, 0x1F, 0x00, 0x3F, 0x00, 0x7F, 0x80, 0x7F, 0xE0, 0x7F, 0xE0, 0x3F, 0xE0, 0x07, 0xE0,
    0x07, 0xC8, 0x0F, 0xBC, 0x3F, 0xFF, 0xFC, 0xFF, 0xF8, 0xFF, 0xC0, 0x1C, 0x00, 0x01, 0xE0, 0x07,
    0xFE, 0x07, 0xFF, 0xC7, 0xFF, 0xE7, 0xE0, 0xF3, 0xE0, 0x11, 0xF0, 0x00, 0xF8, 0x00, 0x7E, 0x00,
    0x1F, 0xE0, 0x0F, 0xFE, 0x03, 0xFF, 0x80, 0x7F, 0xF0, 0x07, 0xF8, 0x00, 0xFE, 0x00, 0x1F, 0x00,
    0x0F, 0x80, 0x07, 0xCC, 0x07, 0xEF, 0x87, 0xFF, 0xFF, 0xF3, 0xFF, 0xF0, 0x7F, 0xF0, 0x0F, 0xE0,
    0x01, 0xC0, 0x00, 0xF8, 0x00, 0x7F, 0x00, 0x0F, 0x80, 0x03, 0xC0, 0x1F, 0xE0, 0x1F, 0xE0, 0x07,
    0xE0, 0x01, 0xC0, 0x1F, 0xF0, 0xFF, 0xF1, 0xFF, 0xE7, 0xE1, 0xCF, 0x80, 0x1F, 0x00, 0x3F, 0xC0,
    0x3F, 0xE0, 0x7F, 0xF0, 0x3F, 0xF0, 0x1F, 0xF0, 0x07, 0xE0, 0x07, 0xC8, 0x0F, 0xBC, 0x3F, 0xFF,
    0xFC, 0xFF, 0xF0, 0x7F, 0x80, 0x1C, 0x00, 0x3E, 0x00, 0x7E, 0x00, 0x3E, 0x00, 0x3C, 0x07, 0xF8,
    0x1F, 0xE0, 0x1F, 0x80, 0x00, 0x00, 0x06, 0x06, 0x07, 0x87, 0x81, 0xFF, 0xC0, 0x7F, 0x80, 0x1F,
    0x80, 0x07, 0x80, 0x00, 0x00, 0x01, 0xC0, 0x07, 0xFE, 0x07, 0xFF, 0xC7, 0xFF, 0xE7, 0xE1, 0xE3,
    0xE0, 0x31, 0xF0, 0x00, 0xF8, 0x00, 0x7E, 0x00, 0x3F, 0xE0, 0x0F, 0xFC, 0x03, 0xFF, 0x80, 0xFF,
    0xE0, 0x1F, 0xF8, 0x01, 0xFE, 0x00, 0x3F, 0x00, 0x0F, 0x80, 0x07, 0xC0, 0x03, 0xE6, 0x03, 0xF7,
    0xC3, 0xF7, 0xFF, 0xF9, 0xFF, 0xF8, 0x3F, 0xF0, 0x01, 0xC0, 0x00, 0x10, 0x08, 0x78, 0x78, 0xF9,
    0xF0, 0xFF, 0xC0, 0xFF, 0x00, 0xFC, 0x00, 0x70, 0x00, 0x00, 0x00, 0x00, 0x03, 0x80, 0x7F, 0xE1,
    0xFF, 0xE7, 0xFF, 0xCF, 0xC3, 0x1F, 0x00, 0x3F, 0x00, 0x7F, 0x80, 0x7F, 0xE0, 0x7F, 0xE0, 0x3F,
    0xE0, 0x07, 0xE0, 0x07, 0xC8, 0x0F, 0xBC, 0x3F, 0xFF, 0xFC, 0xFF, 0xF8, 0xFF, 0xC0, 0x1C, 0x00,
    0x00, 0x00, 0x7C, 0x01, 0xF0, 0x07, 0xC0, 0x1F, 0x03, 0xFF, 0xCF, 0xFF, 0x3F, 0xFC, 0x7F, 0xE0,
    0x7C, 0x01, 0xF0, 0x07, 0xC0, 0x1F, 0x00, 0x7C, 0x01, 0xF0, 0x07, 0xC0, 0x1F, 0x00, 0x7C, 0x01,
    0xF0, 0x07, 0xFC, 0x0F, 0xF8, 0x3F, 0xE0, 0x3F, 0x00, 0xE0, 0x03, 0xE0, 0x0F, 0xC0, 0x0F, 0x80,
    0x1E, 0x07, 0xF8, 0x1F, 0xC0, 0x7E, 0x00, 0x00, 0x00, 0x06, 0x02, 0x01, 0xE3, 0xC0, 0x7F, 0xF0,
    0x0F, 0xF8, 0x01, 0xFC, 0x00, 0x3E, 0x00, 0x00, 0x00, 0x00, 0x00, 0x3F, 0xFF, 0xEF, 0xFF, 0xFB,
    0xFF, 0xFE, 0xFF, 0xFF, 0x80, 0xF8, 0x00, 0x3E, 0x00, 0x0F, 0x80, 0x03, 0xE0, 0x00, 0xF8, 0x00,
    0x3E, 0x00, 0x0F, 0x80, 0x03, 0xE0, 0x00, 0xF8, 0x00, 0x3E, 0x00, 0x0F, 0x80, 0x03, 0xE0, 0x00,
    0xF8, 0x00, 0x3E, 0x00, 0x0F, 0x80, 0x03, 0xE0, 0x00, 0xF8, 0x00, 0x3E, 0x00, 0x0F, 0x80, 0x00,
    0x00, 0x01, 0xE0, 0x07, 0x80, 0x1E, 0x00, 0x70, 0x7D, 0xC1, 0xF7, 0x07, 0xDC, 0x1F, 0x03, 0xFF,
    0xCF, 0xFF, 0x3F, 0xFC, 0x7F, 0xE0, 0x7C, 0x01, 0xF0, 0x07, 0xC0, 0x1F, 0x00, 0x7C, 0x01, 0xF0,
    0x07, 0xC0, 0x1F, 0x00, 0x7C, 0x01, 0xF9, 0x07, 0xFC, 0x0F, 0xF8, 0x1F, 0xE0, 0x1C, 0x00, 0x3F,
    0xF0, 0x7F, 0xE0, 0xFF, 0xC1, 0xFF, 0x80, 0x00, 0x00, 0x00, 0x00, 0x00, 0x00, 0x00, 0xF8, 0x3F,
    0xF0, 0x7F, 0xE0, 0xFF, 0xC1, 0xFF, 0x83, 0xFF, 0x07, 0xFE, 0x0F, 0xFC, 0x1F, 0xF8, 0x3F, 0xF0,
    0x7F, 0xE0, 0xFF, 0xC1, 0xFF, 0x87, 0xFF, 0x9F, 0xFF, 0xFF, 0xBF, 0xFF, 0x3F, 0xBE, 0x18, 0x00,
    0x00, 0x00, 0x00, 0xF8, 0x00, 0x7F, 0x00, 0x3D, 0xE0, 0x0E, 0x38, 0x03, 0x8E, 0x00, 0xF7, 0x80,
    0x1F, 0xC0, 0x03, 0xE0, 0x00, 0x00, 0x0F, 0x80, 0x7F, 0xE0, 0x1F, 0xF8, 0x07, 0xFE, 0x01, 0xFF,
    0x80, 0x7F, 0xE0, 0x1F, 0xF8, 0x07, 0xFE, 0x01, 0xFF, 0x80, 0x7F, 0xE0, 0x1F, 0xF8, 0x07, 0xFE,
    0x01, 0xFF, 0x80, 0x7F, 0xE0, 0x1F, 0xF8, 0x07, 0xFE, 0x01, 0xFF, 0x80, 0x7F, 0xE0, 0x1F, 0xFC,
    0x0F, 0xDF, 0x87, 0xE3, 0xFF, 0xF0, 0xFF, 0xF8, 0x0F, 0xFC, 0x00, 0x78, 0x00, 0x00, 0x00, 0x0F,
    0x80, 0x3F, 0x80, 0xE7, 0x81, 0xC7, 0x03, 0x9E, 0x03, 0xF8, 0x03, 0xE0, 0x00, 0x00, 0x00, 0x00,
    0x00, 0x00, 0x00, 0x0F, 0x83, 0xFF, 0x07, 0xFE, 0x0F, 0xFC, 0x1F, 0xF8, 0x3F, 0xF0, 0x7F, 0xE0,
    0xFF, 0xC1, 0xFF, 0x83, 0xFF, 0x07, 0xFE, 0x0F, 0xFC, 0x1F, 0xF8, 0x7F, 0xF9, 0xFF, 0xFF, 0xFB,
    0xFF, 0xF3, 0xFB, 0xE1, 0x80, 0x00, 0x00, 0x00, 0x00, 0x71, 0x80, 0x1E, 0xF0, 0x0F, 0x3C, 0x07,
    0x9E, 0x01, 0xEF, 0x00, 0x73, 0x80, 0x00, 0x00, 0x00, 0x00, 0x3E, 0x01, 0xFF, 0x80, 0x7F, 0xE0,
    0x1F, 0xF8, 0x07, 0xFE, 0x01, 0xFF, 0x80, 0x7F, 0xE0, 0x1F, 0xF8, 0x07, 0xFE, 0x01, 0xFF, 0x80,
    0x7F, 0xE0, 0x1F, 0xF8, 0x07, 0xFE, 0x01, 0xFF, 0x80, 0x7F, 0xE0, 0x1F, 0xF8, 0x07, 0xFE, 0x01,
    0xFF, 0x80, 0x7F, 0xF0, 0x3F, 0x7E, 0x1F, 0x8F, 0xFF, 0xC3, 0xFF, 0xE0, 0x3F, 0xF0, 0x01, 0xE0,
    0x00, 0x00, 0x00, 0x03, 0x8C, 0x03, 0xDE, 0x07, 0x9E, 0x07, 0xBC, 0x0F, 0x38, 0x0E, 0x70, 0x04,
    0x30, 0x00, 0x00, 0x00, 0x00, 0xF8, 0x3E, 0xF8, 0x3E, 0xF8, 0x3E, 0xF8, 0x3E, 0xF8, 0x3E, 0xF8,
    0x3E, 0xF8, 0x3E, 0xF8, 0x3E, 0xF8, 0x3E, 0xF8, 0x3E, 0xF8, 0x3E, 0xF8, 0x3E, 0xF8, 0x7E, 0xFC,
    0xFE, 0xFF, 0xFE, 0x7F, 0xFE, 0x3F, 0xBE, 0x0C, 0x00, 0xF8, 0x07, 0xFE, 0x01, 0xFF, 0x80, 0x7F,
    0xE0, 0x1F, 0xF8, 0x07, 0xFE, 0x01, 0xFF, 0x80, 0x7F, 0xE0, 0x1F, 0xF8, 0x07, 0xFE, 0x01, 0xFF,
    0x80, 0x7F, 0xE0, 0x1F, 0xF8, 0x07, 0xFE, 0x01, 0xFF, 0x80, 0x7F, 0xE0, 0x1F, 0xF8, 0x07, 0xFE,
    0x01, 0xFF, 0xC0, 0xFD, 0xF8, 0x7E, 0x7F, 0xFF, 0x0F, 0xFF, 0xC0, 0xFF, 0xC0, 0x07, 0xC0, 0x03,
    0xC0, 0x00, 0xE0, 0x00, 0x78, 0x00, 0x1F, 0x00, 0x07, 0xF8, 0x01, 0xFE, 0x00, 0x3F, 0x00, 0x01,
    0x80, 0xF8, 0x3F, 0xF0, 0x7F, 0xE0, 0xFF, 0xC1, 0xFF, 0x83, 0xFF, 0x07, 0xFE, 0x0F, 0xFC, 0x1F,
    0xF8, 0x3F, 0xF0, 0x7F, 0xE0, 0xFF, 0xC1, 0xFF, 0x87, 0xFF, 0x9F, 0xFF, 0xFF, 0xBF, 0xFF, 0x3F,
    0x9E, 0x18, 0xF8, 0x03, 0xC0, 0x0F, 0x00, 0x1E, 0x00, 0x3F, 0xC0, 0x7F, 0x80, 0x7F, 0x00, 0x7C,
    0x00, 0x40, 0x01, 0xC0, 0x0F, 0x80, 0x7F, 0x81, 0xFC, 0x03, 0xE0, 0x02, 0x00, 0x00, 0x00, 0x00,
    0x00, 0x00, 0x01, 0xFF, 0xF3, 0xFF, 0xE7, 0xFF, 0xCF, 0xFF, 0x80, 0x3E, 0x00, 0xF8, 0x03, 0xF0,
    0x0F, 0xC0, 0x1F, 0x00, 0x7C, 0x01, 0xF0, 0x07, 0xC0, 0x1F, 0x80, 0x3F, 0xFE, 0xFF, 0xFD, 0xFF,
    0xFB, 0xFF, 0xF0, 0x07, 0x80, 0x1F, 0x80, 0x3F, 0x00, 0x7E, 0x00, 0x78, 0x00, 0x00, 0x00, 0x00,
    0x00, 0x00, 0x00, 0x00, 0xFF, 0xF9, 0xFF, 0xF3, 0xFF, 0xE7, 0xFF, 0xC0, 0x3F, 0x00, 0x7C, 0x01,
    0xF0, 0x07, 0xC0, 0x1F, 0x80, 0x3E, 0x00, 0xF8, 0x03, 0xE0, 0x0F, 0x80, 0x1F, 0xFF, 0x7F, 0xFE,
    0xFF, 0xFD, 0xFF, 0xF8, 0x00, 0x00, 0x0C, 0x04, 0x07, 0x8F, 0x03, 0xFF, 0x80, 0xFF, 0x80, 0x3F,
    0x80, 0x0F, 0x80, 0x00, 0x00, 0x00, 0x00, 0x3F, 0xFF, 0x9F, 0xFF, 0xCF, 0xFF, 0xE7, 0xFF, 0xF0,
    0x01, 0xF0, 0x01, 0xF8, 0x01, 0xF8, 0x00, 0xF8, 0x00, 0xFC, 0x00, 0xFC, 0x00, 0x7E, 0x00, 0x7E,
    0x00, 0x3E, 0x00, 0x3F, 0x00, 0x3F, 0x00, 0x1F, 0x00, 0x1F, 0x80, 0x1F, 0x80, 0x0F, 0x80, 0x0F,
    0xFF, 0xF7, 0xFF, 0xFB, 0xFF, 0xFD, 0xFF, 0xFE, 0x10, 0x10, 0x70, 0x70, 0xFB, 0xE0, 0xFF, 0x80,
    0xFE, 0x00, 0xF8, 0x00, 0xE0, 0x00, 0x00, 0x00, 0x00, 0x00, 0x01, 0xFF, 0xF3, 0xFF, 0xE7, 0xFF,
    0xCF, 0xFF, 0x80, 0x3E, 0x00, 0xF8, 0x03, 0xF0, 0x0F, 0xC0, 0x1F, 0x00, 0x7C, 0x01, 0xF0, 0x07,
    0xC0, 0x1F, 0x80, 0x3F, 0xFE, 0xFF, 0xFD, 0xFF, 0xFB, 0xFF, 0xF0, 0x00, 0x00, 0x40, 0x00, 0x1C,
    0x07, 0x03, 0x87, 0xFC, 0x71, 0xFF, 0xDE, 0x7F, 0xFF, 0xDF, 0x8F, 0xF3, 0xE0, 0xF8, 0xF8, 0x1F,
    0x9F, 0x01, 0xF3, 0xE0, 0x3E, 0x7C, 0x07, 0xCF, 0x80, 0xF9, 0xF0, 0x1F, 0x3E, 0x07, 0xE3, 0xE0,
    0xF8, 0x7E, 0x3F, 0x07, 0xFF, 0xC0, 0x7F, 0xF0, 0x07, 0xFC, 0x00, 0x1C, 0x00, 0x00, 0x00, 0x40,
    0x00, 0x1C, 0x00, 0x03, 0xFC, 0x1F, 0x7F, 0x83, 0xFF, 0xF0, 0x7F, 0xFE, 0x0F, 0xF7, 0xC1, 0xF0,
    0xF8, 0x3E, 0x1F, 0x07, 0xC3, 0xE0, 0xF8, 0x7C, 0x1F, 0x0F, 0x83, 0xE1, 0xF0, 0x7C, 0x3E, 0x0F,
    0x87, 0xC3, 0xF0, 0xFC, 0xFE, 0x1F, 0xFF, 0xC1, 0xFF, 0xF8, 0x1F, 0xDF, 0x00, 0xC0, 0x00, 0x01,
    0xC0, 0x07, 0xFE, 0x07, 0xFF, 0xC7, 0xFF, 0xE7, 0xE1, 0xE3, 0xE0, 0x31, 0xF0, 0x00, 0xF8, 0x00,
    0x7E, 0x00, 0x3F, 0xE0, 0x0F, 0xFC, 0x03, 0xFF, 0x80, 0xFF, 0xE0, 0x1F, 0xF8, 0x01, 0xFE, 0x00,
    0x3F, 0x00, 0x0F, 0x80, 0x07, 0xC0, 0x03, 0xE6, 0x03, 0xF7, 0xC3, 0xF7, 0xFF, 0xF9, 0xFF, 0xF8,
    0x3F, 0xF0, 0x01, 0xC0, 0x00, 0x00, 0x00, 0x70, 0x00, 0x7C, 0x00, 0x3E, 0x00, 0x1F, 0x00, 0x07,
    0x00, 0x03, 0x80, 0x03, 0x80, 0x01, 0xC0, 0x00, 0x03, 0xC0, 0x3F, 0xF0, 0xFF, 0xF3, 0xFF, 0xE7,
    0xE3, 0x8F, 0x80, 0x1F, 0x80, 0x3F, 0xC0, 0x3F, 0xF0, 0x3F, 0xF0, 0x1F, 0xF0, 0x03, 0xF0, 0x03,
    0xE4, 0x07, 0xDE, 0x1F, 0xFF, 0xFE, 0x7F, 0xFC, 0x7F, 0xE0, 0x0E, 0x00, 0x00, 0x00, 0x38, 0x00,
    0xF8, 0x01, 0xF0, 0x03, 0xE0, 0x03, 0xC0, 0x07, 0x00, 0x0E, 0x00, 0x38, 0x00, 0xFF, 0xFF, 0xBF,
    0xFF, 0xEF, 0xFF, 0xFB, 0xFF, 0xFE, 0x03, 0xE0, 0x00, 0xF8, 0x00, 0x3E, 0x00, 0x0F, 0x80, 0x03,
    0xE0, 0x00, 0xF8, 0x00, 0x3E, 0x00, 0x0F, 0x80, 0x03, 0xE0, 0x00, 0xF8, 0x00, 0x3E, 0x00, 0x0F,
    0x80, 0x03, 0xE0, 0x00, 0xF8, 0x00, 0x3E, 0x00, 0x0F, 0x80, 0x03, 0xE0, 0x00, 0xF8, 0x00, 0x3E,
    0x00, 0x00, 0x00, 0x00, 0x00, 0x00, 0x70, 0x00, 0x3E, 0x00, 0x0F, 0x80, 0x03, 0xE0, 0x00, 0x70,
    0x00, 0x1C, 0x00, 0x0E, 0x00, 0x03, 0x80, 0x00, 0x00, 0x00, 0x7C, 0x01, 0xF0, 0x07, 0xC0, 0x1F,
    0x03, 0xFF, 0xCF, 0xFF, 0x3F, 0xFC, 0x7F, 0xF0, 0x7C, 0x01, 0xF0, 0x07, 0xC0, 0x1F, 0x00, 0x7C,
    0x01, 0xF0, 0x07, 0xC0, 0x1F, 0x00, 0x7C, 0x01, 0xF9, 0x07, 0xFE, 0x0F, 0xF8, 0x1F, 0xE0, 0x1C,
    0x00, 0x00, 0x01, 0xC0, 0x0F, 0x80, 0x3E, 0x00, 0xF8, 0x01, 0xC0, 0x07, 0x00, 0x38, 0x00, 0xE0,
    0x00, 0x70, 0x01, 0xFF, 0x80, 0xFF, 0xF8, 0x7F, 0xFE, 0x3F, 0x0F, 0x1F, 0x80, 0x87, 0xC0, 0x01,
    0xF0, 0x00, 0xF8, 0x00, 0x3E, 0x00, 0x0F, 0xFF, 0x83, 0xFF, 0xE0, 0xFF, 0xF8, 0x3F, 0xFE, 0x0F,
    0x80, 0x03, 0xE0, 0x00, 0xF8, 0x00, 0x1F, 0x00, 0x07, 0xC0, 0x01, 0xF8, 0x0C, 0x3F, 0x0F, 0x07,
    0xFF, 0xE0, 0xFF, 0xF0, 0x1F, 0xF8, 0x00, 0xE0, 0x00, 0xFF, 0xFF, 0xFF, 0xFF, 0xFF, 0xFF, 0xFF,
    0xFF, 0xFF, 0xFF, 0xFF, 0xFF, 0xFF, 0xFF, 0xE0, 0x00, 0xFC, 0x00, 0x0F, 0xE0, 0x00, 0x7F, 0x80,
    0x03, 0xFC, 0x00, 0x3F, 0xE0, 0x01, 0xEF, 0x80, 0x0F, 0x7C, 0x00, 0xF9, 0xE0, 0x07, 0xCF, 0x00,
    0x3C, 0x7C, 0x03, 0xE3, 0xE0, 0x1F, 0x0F, 0x00, 0xF8, 0x7C, 0x07, 0x83, 0xE0, 0x7F, 0xFF, 0x03,
    0xFF, 0xFC, 0x1F, 0xFF, 0xE1, 0xFF, 0xFF, 0x0F, 0x80, 0xFC, 0x7C, 0x03, 0xE7, 0xE0, 0x1F, 0x3E,
    0x00, 0xF9, 0xF0, 0x07, 0xE0, 0xFF, 0xFE, 0x7F, 0xFE, 0x3F, 0xFF, 0x1F, 0xFF, 0x8F, 0x80, 0x07,
    0xC0, 0x03, 0xE0, 0x01, 0xF0, 0x00, 0xFF, 0xC0, 0x7F, 0xFC, 0x3F, 0xFF, 0x9F, 0xFF, 0xEF, 0x83,
    0xF7, 0xC0, 0xFF, 0xE0, 0x3F, 0xF0, 0x1F, 0xF8, 0x0F, 0xFC, 0x07, 0xFE, 0x07, 0xFF, 0xFF, 0xEF,
    0xFF, 0xE7, 0xFF, 0xE3, 0xFF, 0xC0, 0xFF, 0xE0, 0x7F, 0xFE, 0x3F, 0xFF, 0x9F, 0xFF, 0xEF, 0x83,
    0xF7, 0xC0, 0xFB, 0xE0, 0x7D, 0xF0, 0x3E, 0xF8, 0x3F, 0x7F, 0xFF, 0x3F, 0xFE, 0x1F, 0xFF, 0x8F,
    0xFF, 0xE7, 0xC1, 0xFB, 0xE0, 0x7F, 0xF0, 0x1F, 0xF8, 0x0F, 0xFC, 0x07, 0xFE, 0x07, 0xFF, 0xFF,
    0xEF, 0xFF, 0xF7, 0xFF, 0xE3, 0xFF, 0xC0, 0xFF, 0xFF, 0xFF, 0xFB, 0xFF, 0xF7, 0xFF, 0xEF, 0x80,
    0x1F, 0x00, 0x3E, 0x00, 0x7C, 0x00, 0xF8, 0x01, 0xF0, 0x03, 0xE0, 0x07, 0xC0, 0x0F, 0x80, 0x1F,
    0x00, 0x3E, 0x00, 0x7C, 0x00, 0xF8, 0x01, 0xF0, 0x03, 0xE0, 0x07, 0xC0, 0x0F, 0x80, 0x1F, 0x00,
    0x3E, 0x00, 0x00, 0x07, 0xFF, 0xE0, 0x3F, 0xFF, 0x01, 0xFF, 0xF8, 0x0F, 0xFF, 0xC0, 0x7C, 0x3E,
    0x03, 0xE1, 0xF0, 0x1F, 0x0F, 0x80, 0xF8, 0x7C, 0x0F, 0x83, 0xE0, 0x7C, 0x1F, 0x03, 0xE0, 0xF8,
    0x1F, 0x07, 0xC0, 0xF8, 0x3E, 0x07, 0xC1, 0xF0, 0x3C, 0x0F, 0x83, 0xE0, 0x7C, 0x1F, 0x03, 0xE0,
    0xF0, 0x1F, 0x0F, 0x80, 0xF9, 0xFF, 0xFF, 0xFF, 0xFF, 0xFF, 0xFF, 0xFF, 0xFF, 0xFF, 0xFF, 0xFE,
    0x00, 0x0F, 0xF0, 0x00, 0x7F, 0x80, 0x03, 0xFC, 0x00, 0x1F, 0xE0, 0x00, 0xFE, 0x00, 0x03, 0x80,
    0xFF, 0xFF, 0xFF, 0xFF, 0xFF, 0xFF, 0xFE, 0xF8, 0x03, 0xE0, 0x0F, 0x80, 0x3E, 0x00, 0xF8, 0x03,
    0xFF, 0xCF, 0xFF, 0x3F, 0xFC, 0xFF, 0xF3, 0xE0, 0x0F, 0x80, 0x3E, 0x00, 0xF8, 0x03, 0xE0, 0x0F,
    0x80, 0x3F, 0xFF, 0xFF, 0xFF, 0xFF, 0xFF, 0xFF, 0xC0, 0x7C, 0x07, 0xC0, 0x7C, 0x7C, 0x0F, 0x81,
    0xF0, 0xF8, 0x1F, 0x03, 0xE0, 0xF8, 0x3E, 0x0F, 0x81, 0xF0, 0x7C, 0x1F, 0x01, 0xF0, 0xF8, 0x7C,
    0x03, 0xE1, 0xF0, 0xF0, 0x03, 0xE3, 0xE3, 0xE0, 0x07, 0xC7, 0xCF, 0x80, 0x07, 0xFF, 0xFF, 0x00,
    0x07, 0xFF, 0xFC, 0x00, 0x1F, 0xFF, 0xFC, 0x00, 0x3F, 0xFF, 0xF8, 0x00, 0xFC, 0xF9, 0xF8, 0x01,
    0xF1, 0xF1, 0xF0, 0x07, 0xE3, 0xE3, 0xF0, 0x0F, 0x87, 0xC3, 0xE0, 0x3F, 0x0F, 0x87, 0xE0, 0x7C,
    0x1F, 0x07, 0xC1, 0xF8, 0x3E, 0x0F, 0xC3, 0xE0, 0x7C, 0x0F, 0x8F, 0xC0, 0xF8, 0x1F, 0x9F, 0x01,
    0xF0, 0x1F, 0x00, 0x00, 0xE0, 0x03, 0xFF, 0x01, 0xFF, 0xE0, 0xFF, 0xFC, 0x1E, 0x3F, 0x86, 0x03,
    0xE0, 0x00, 0xF8, 0x00, 0x3E, 0x00, 0x1F, 0x80, 0x0F, 0xC0, 0x3F, 0xE0, 0x0F, 0xE0, 0x03, 0xFE,
    0x00, 0xFF, 0xE0, 0x00, 0xF8, 0x00, 0x3F, 0x00, 0x07, 0xC0, 0x01, 0xF0, 0x00, 0x7C, 0x60, 0x3F,
    0x3E, 0x1F, 0x9F, 0xFF, 0xE3, 0xFF, 0xF0, 0x3F, 0xF0, 0x01, 0xC0, 0x00, 0xF8, 0x1F, 0xFC, 0x1F,
    0xFE, 0x0F, 0xFF, 0x07, 0xFF, 0x87, 0xFF, 0xC3, 0xFF, 0xE3, 0xFF, 0xF1, 0xFF, 0xF8, 0xFF, 0xFC,
    0xF7, 0xFE, 0x7B, 0xFF, 0x39, 0xFF, 0xBC, 0xFF, 0xDE, 0x7F, 0xFE, 0x3F, 0xFF, 0x1F, 0xFF, 0x8F,
    0xFF, 0x87, 0xFF, 0xC3, 0xFF, 0xC1, 0xFF, 0xE0, 0xFF, 0xF0, 0x7F, 0xF0, 0x3E, 0x1C, 0x1C, 0x0F,
    0x1E, 0x03, 0xFE, 0x01, 0xFF, 0x00, 0x7F, 0x00, 0x0E, 0x00, 0x00, 0x01, 0xF0, 0x3F, 0xF8, 0x3F,
    0xFC, 0x1F, 0xFE, 0x0F, 0xFF, 0x0F, 0xFF, 0x87, 0xFF, 0xC7, 0xFF, 0xE3, 0xFF, 0xF1, 0xFF, 0xF9,
    0xEF, 0xFC, 0xF7, 0xFE, 0x73, 0xFF, 0x79, 0xFF, 0xBC, 0xFF, 0xFC, 0x7F, 0xFE, 0x3F, 0xFF, 0x1F,
    0xFF, 0x0F, 0xFF, 0x87, 0xFF, 0x83, 0xFF, 0xC1, 0xFF, 0xE0, 0xFF, 0xE0, 0x7C, 0xF8, 0x0F, 0x9F,
    0x01, 0xF3, 0xE0, 0x7C, 0x7C, 0x0F, 0x8F, 0x83, 0xE1, 0xF0, 0x7C, 0x3E, 0x1F, 0x07, 0xC3, 0xC0,
    0xF8, 0xF8, 0x1F, 0xFE, 0x03, 0xFF, 0xC0, 0x7F, 0xF8, 0x0F, 0xFF, 0x81, 0xF1, 0xF0, 0x3E, 0x3F,
    0x07, 0xC3, 0xE0, 0xF8, 0x7E, 0x1F, 0x07, 0xC3, 0xE0, 0xFC, 0x7C, 0x0F, 0x8F, 0x81, 0xF9, 0xF0,
    0x1F, 0xBE, 0x03, 0xF0, 0x07, 0xFF, 0xF0, 0x7F, 0xFF, 0x07, 0xFF, 0xF0, 0x7F, 0xFF, 0x07, 0xC1,
    0xF0, 0x7C, 0x1F, 0x07, 0x81, 0xF0, 0xF8, 0x1F, 0x0F, 0x81, 0xF0, 0xF8, 0x1F, 0x0F, 0x81, 0xF0,
    0xF8, 0x1F, 0x0F, 0x81, 0xF0, 0xF8, 0x1F, 0x0F, 0x01, 0xF1, 0xF0, 0x1F, 0x1F, 0x01, 0xF1, 0xF0,
    0x1F, 0x3F, 0x01, 0xF7, 0xE0, 0x1F, 0x7E, 0x01, 0xF7, 0xC0, 0x1F, 0x78, 0x01, 0xF0, 0x00, 0x00,
    0x1F, 0x80, 0xFE, 0x1F, 0xC0, 0x7F, 0x0F, 0xF0, 0x7F, 0x87, 0xF8, 0x3F, 0xC3, 0xFC, 0x1F, 0xE1,
    0xFE, 0x0F, 0xF0, 0xFF, 0x87, 0xF8, 0x7B, 0xC7, 0xBC, 0x3D, 0xE3, 0xDE, 0x1E, 0xF1, 0xEF, 0x0F,
    0x3C, 0xF7, 0x87, 0x9E, 0xF3, 0xC3, 0xCF, 0x79, 0xE1, 0xE7, 0xBC, 0xF9, 0xF1, 0xFE, 0x7C, 0xF8,
    0xFE, 0x3E, 0x7C, 0x7F, 0x1F, 0x3E, 0x3F, 0x8F, 0x9F, 0x0F, 0x87, 0xCF, 0x87, 0xC3, 0xE7, 0xC3,
    0xE1, 0xF3, 0xE0, 0x00, 0xF9, 0xF0, 0x00, 0x7C, 0xF8, 0x0F, 0xFC, 0x07, 0xFE, 0x03, 0xFF, 0x01,
    0xFF, 0x80, 0xFF, 0xC0, 0x7F, 0xE0, 0x3F, 0xF0, 0x1F, 0xF8, 0x0F, 0xFF, 0xFF, 0xFF, 0xFF, 0xFF,
    0xFF, 0xFF, 0xFF, 0xFF, 0xC0, 0x7F, 0xE0, 0x3F, 0xF0, 0x1F, 0xF8, 0x0F, 0xFC, 0x07, 0xFE, 0x03,
    0xFF, 0x01, 0xFF, 0x80, 0xFF, 0xC0, 0x7F, 0xE0, 0x3E, 0x00, 0xF0, 0x00, 0x7F, 0xE0, 0x0F, 0xFF,
    0x01, 0xFF, 0xF8, 0x3F, 0x0F, 0xC7, 0xE0, 0x7E, 0x7C, 0x03, 0xE7, 0xC0, 0x3E, 0xF8, 0x01, 0xFF,
    0x80, 0x1F, 0xF8, 0x01, 0xFF, 0x80, 0x1F, 0xF8, 0x01, 0xFF, 0x80, 0x1F, 0xF8, 0x01, 0xFF, 0x80,
    0x1F, 0xF8, 0x01, 0xF7, 0xC0, 0x3E, 0x7C, 0x03, 0xE7, 0xE0, 0x7E, 0x3F, 0x0F, 0xC1, 0xFF, 0xF8,
    0x0F, 0xFF, 0x00, 0x7F, 0xE0, 0x00, 0xF0, 0x00, 0xFF, 0xFF, 0xFF, 0xFF, 0xFF, 0xFF, 0xFF, 0xFF,
    0xFF, 0x80, 0xFF, 0xC0, 0x7F, 0xE0, 0x3F, 0xF0, 0x1F, 0xF8, 0x0F, 0xFC, 0x07, 0xFE, 0x03, 0xFF,
    0x01, 0xFF, 0x80, 0xFF, 0xC0, 0x7F, 0xE0, 0x3F, 0xF0, 0x1F, 0xF8, 0x0F, 0xFC, 0x07, 0xFE, 0x03,
    0xFF, 0x01, 0xFF, 0x80, 0xFF, 0xC0, 0x7F, 0xE0, 0x3E, 0xFF, 0xF0, 0x7F, 0xFE, 0x3F, 0xFF, 0x9F,
    0xFF, 0xEF, 0x81, 0xFF, 0xC0, 0xFF, 0xE0, 0x3F, 0xF0, 0x1F, 0xF8, 0x0F, 0xFC, 0x0F, 0xFE, 0x07,
    0xDF, 0xFF, 0xEF, 0xFF, 0xE7, 0xFF, 0xE3, 0xFF, 0xC1, 0xF0, 0x00, 0xF8, 0x00, 0x7C, 0x00, 0x3E,
    0x00, 0x1F, 0x00, 0x0F, 0x80, 0x07, 0xC0, 0x03, 0xE0, 0x00, 0x00, 0x70, 0x01, 0xFF, 0x80, 0xFF,
    0xF8, 0x7F, 0xFE, 0x3F, 0x0F, 0x1F, 0x80, 0x87, 0xC0, 0x01, 0xF0, 0x00, 0xF8, 0x00, 0x3E, 0x00,
    0x0F, 0x80, 0x03, 0xE0, 0x00, 0xF8, 0x00, 0x3E, 0x00, 0x0F, 0x80, 0x03, 0xE0, 0x00, 0xF8, 0x00,
    0x1F, 0x00, 0x07, 0xC0, 0x01, 0xF8, 0x08, 0x3F, 0x0F, 0x07, 0xFF, 0xE0, 0xFF, 0xF8, 0x1F, 0xF8,
    0x00, 0x70, 0x00, 0xFF, 0xFF, 0xBF, 0xFF, 0xEF, 0xFF, 0xFB, 0xFF, 0xFE, 0x03, 0xE0, 0x00, 0xF8,
    0x00, 0x3E, 0x00, 0x0F, 0x80, 0x03, 0xE0, 0x00, 0xF8, 0x00, 0x3E, 0x00, 0x0F, 0x80, 0x03, 0xE0,
    0x00, 0xF8, 0x00, 0x3E, 0x00, 0x0F, 0x80, 0x03, 0xE0, 0x00, 0xF8, 0x00, 0x3E, 0x00, 0x0F, 0x80,
    0x03, 0xE0, 0x00, 0xF8, 0x00, 0x3E, 0x00, 0x7C, 0x01, 0xF3, 0xE0, 0x0F, 0x8F, 0x80, 0xFC, 0x7C,
    0x07, 0xC1, 0xF0, 0x3E, 0x0F, 0x83, 0xE0, 0x7C, 0x1F, 0x01, 0xF0, 0xF8, 0x0F, 0x87, 0x80, 0x3C,
    0x7C, 0x01, 0xF3, 0xC0, 0x07, 0x9E, 0x00, 0x3F, 0xF0, 0x01, 0xFF, 0x00, 0x07, 0xF8, 0x00, 0x3F,
    0x80, 0x00, 0xFC, 0x00, 0x03, 0xE0, 0x00, 0x3E, 0x00, 0x0F, 0xE0, 0x00, 0xFF, 0x00, 0x07, 0xE0,
    0x00, 0x1C, 0x00, 0x00, 0x00, 0x00, 0x00, 0x1F, 0x00, 0x00, 0x07, 0xC0, 0x00, 0x01, 0xF0, 0x00,
    0x07, 0xFF, 0xC0, 0x0F, 0xFF, 0xFC, 0x07, 0xFF, 0xFF, 0x83, 0xFF, 0xFF, 0xF1, 0xF8, 0x7C, 0x7E,
    0x7C, 0x1F, 0x0F, 0xBF, 0x07, 0xC3, 0xFF, 0x81, 0xF0, 0x7F, 0xE0, 0x7C, 0x1F, 0xF8, 0x1F, 0x07,
    0xFE, 0x07, 0xC1, 0xFF, 0x81, 0xF0, 0x7F, 0xE0, 0x7C, 0x1F, 0xFC, 0x1F, 0x0F, 0xDF, 0x07, 0xC3,
    0xE7, 0xE1, 0xF1, 0xF8, 0xFF, 0xFF, 0xFC, 0x1F, 0xFF, 0xFE, 0x03, 0xFF, 0xFF, 0x00, 0x3F, 0xFF,
    0x00, 0x00, 0x7C, 0x00, 0x00, 0x1F, 0x00, 0x00, 0x07, 0xC0, 0x00, 0x3E, 0x03, 0xE1, 0xF8, 0x3F,
    0x07, 0xC1, 0xF0, 0x3F, 0x1F, 0x80, 0xF8, 0xF8, 0x07, 0xEF, 0x80, 0x1F, 0x7C, 0x00, 0x7F, 0xC0,
    0x03, 0xFE, 0x00, 0x0F, 0xE0, 0x00, 0x7F, 0x00, 0x03, 0xF8, 0x00, 0x3F, 0xE0, 0x01, 0xFF, 0x00,
    0x1F, 0xFC, 0x00, 0xFB, 0xE0, 0x0F, 0x8F, 0x80, 0x7C, 0x7C, 0x07, 0xC3, 0xF0, 0x3E, 0x0F, 0x83,
    0xE0, 0x7E, 0x1F, 0x01, 0xF1, 0xF8, 0x0F, 0xC0, 0xF8, 0x0F, 0x8F, 0x80, 0xF8, 0xF8, 0x0F, 0x8F,
    0x80, 0xF8, 0xF8, 0x0F, 0x8F, 0x80, 0xF8, 0xF8, 0x0F, 0x8F, 0x80, 0xF8, 0xF8, 0x0F, 0x8F, 0x80,
    0xF8, 0xF8, 0x0F, 0x8F, 0x80, 0xF8, 0xF8, 0x0F, 0x8F, 0x80, 0xF8, 0xF8, 0x0F, 0x8F, 0x80, 0xF8,
    0xF8, 0x0F, 0x8F, 0x80, 0xF8, 0xF8, 0x0F, 0x8F, 0xFF, 0xFF, 0xFF, 0xFF, 0xFF, 0xFF, 0xFF, 0xFF,
    0xFF, 0xF0, 0x00, 0x0F, 0x00, 0x00, 0xF0, 0x00, 0x0F, 0x00, 0x00, 0xF0, 0x00, 0x0F, 0x00, 0x00,
    0xF0, 0xF8, 0x0F, 0xFC, 0x07, 0xFE, 0x03, 0xFF, 0x01, 0xFF, 0x80, 0xFF, 0xC0, 0x7F, 0xE0, 0x3F,
    0xF0, 0x1F, 0xF8, 0x0F, 0xFC, 0x07, 0xFE, 0x03, 0xFF, 0x83, 0xF7, 0xFF, 0xFB, 0xFF, 0xFC, 0xFF,
    0xFE, 0x1F, 0x9F, 0x00, 0x0F, 0x80, 0x07, 0xC0, 0x03, 0xE0, 0x01, 0xF0, 0x00, 0xF8, 0x00, 0x7C,
    0x00, 0x3E, 0xF8, 0x3E, 0x07, 0xFE, 0x0F, 0x81, 0xFF, 0x83, 0xE0, 0x7F, 0xE0, 0xF8, 0x1F, 0xF8,
    0x3E, 0x07, 0xFE, 0x0F, 0x81, 0xFF, 0x83, 0xE0, 0x7F, 0xE0, 0xF8, 0x1F, 0xF8, 0x3E, 0x07, 0xFE,
    0x0F, 0x81, 0xFF, 0x83, 0xE0, 0x7F, 0xE0, 0xF8, 0x1F, 0xF8, 0x3E, 0x07, 0xFE, 0x0F, 0x81, 0xFF,
    0x83, 0xE0, 0x7F, 0xE0, 0xF8, 0x1F, 0xF8, 0x3E, 0x07, 0xFE, 0x0F, 0x81, 0xFF, 0x83, 0xE0, 0x7F,
    0xFF, 0xFF, 0xFF, 0xFF, 0xFF, 0xFF, 0xFF, 0xFF, 0xFF, 0xFF, 0xFF, 0xFF, 0xFC, 0xF8, 0x3E, 0x07,
    0xCF, 0x83, 0xE0, 0x7C, 0xF8, 0x3E, 0x07, 0xCF, 0x83, 0xE0, 0x7C, 0xF8, 0x3E, 0x07, 0xCF, 0x83,
    0xE0, 0x7C, 0xF8, 0x3E, 0x07, 0xCF, 0x83, 0xE0, 0x7C, 0xF8, 0x3E, 0x07, 0xCF, 0x83, 0xE0, 0x7C,
    0xF8, 0x3E, 0x07, 0xCF, 0x83, 0xE0, 0x7C, 0xF8, 0x3E, 0x07, 0xCF, 0x83, 0xE0, 0x7C, 0xF8, 0x3E,
    0x07, 0xCF, 0x83, 0xE0, 0x7C, 0xF8, 0x3E, 0x07, 0xCF, 0x83, 0xE0, 0x7C, 0xF8, 0x3E, 0x07, 0xCF,
    0xFF, 0xFF, 0xFF, 0xFF, 0xFF, 0xFF, 0xFF, 0xFF, 0xFF, 0xFF, 0xFF, 0xFF, 0xFF, 0xF0, 0x00, 0x00,
    0x0F, 0x00, 0x00, 0x00, 0x70, 0x00, 0x00, 0x07, 0x00, 0x00, 0x00, 0x70, 0x00, 0x00, 0x07, 0x00,
    0x00, 0x00, 0x70, 0xF8, 0x00, 0x3F, 0xF0, 0x00, 0x7F, 0xE0, 0x00, 0xFF, 0xC0, 0x01, 0xFF, 0x80,
    0x03, 0xFF, 0x00, 0x07, 0xFE, 0x00, 0x0F, 0xFC, 0x00, 0x1F, 0xFF, 0xE0, 0x3F, 0xFF, 0xF0, 0x7F,
    0xFF, 0xF0, 0xFF, 0xFF, 0xF1, 0xFF, 0x83, 0xF3, 0xFF, 0x03, 0xE7, 0xFE, 0x07, 0xCF, 0xFC, 0x0F,
    0x9F, 0xF8, 0x1F, 0x3F, 0xF0, 0x3E, 0x7F, 0xE0, 0xFC, 0xFF, 0xFF, 0xF1, 0xFF, 0xFF, 0xC3, 0xFF,
    0xFF, 0x07, 0xFF, 0xF8, 0x0F, 0x80, 0xF8, 0x00, 0x7C, 0x00, 0x3E, 0x00, 0x1F, 0x00, 0x0F, 0x80,
    0x07, 0xC0, 0x03, 0xE0, 0x01, 0xF0, 0x00, 0xFF, 0xF0, 0x7F, 0xFE, 0x3F, 0xFF, 0x9F, 0xFF, 0xEF,
    0x81, 0xFF, 0xC0, 0x7F, 0xE0, 0x3F, 0xF0, 0x1F, 0xF8, 0x0F, 0xFC, 0x07, 0xFE, 0x07, 0xFF, 0xFF,
    0xEF, 0xFF, 0xE7, 0xFF, 0xE3, 0xFF, 0xC0, 0x03, 0x80, 0x0F, 0xF8, 0x1F, 0xFF, 0x0F, 0xFF, 0xC3,
    0xC3, 0xE0, 0x80, 0xF8, 0x00, 0x7C, 0x00, 0x1F, 0x00, 0x0F, 0x80, 0x07, 0xC3, 0xFF, 0xE1, 0xFF,
    0xF0, 0xFF, 0xF8, 0x7F, 0xFC, 0x00, 0x3E, 0x00, 0x1F, 0x00, 0x0F, 0x80, 0x0F, 0x80, 0x07, 0xC0,
    0x07, 0xE3, 0x87, 0xE3, 0xFF, 0xE1, 0xFF, 0xE0, 0x3F, 0xE0, 0x03, 0x80, 0x00, 0x03, 0xFF, 0xC3,
    0xFF, 0xF1, 0xFF, 0xFC, 0xFF, 0xFF, 0x7E, 0x07, 0xDF, 0x01, 0xF7, 0xC0, 0x7D, 0xF0, 0x1F, 0x7C,
    0x07, 0xDF, 0x81, 0xF3, 0xF0, 0x7C, 0xFF, 0xFF, 0x1F, 0xFF, 0xC3, 0xFF, 0xF0, 0xFF, 0xFC, 0x3E,
    0x1F, 0x1F, 0x87, 0xC7, 0xC1, 0xF3, 0xF0, 0x7C, 0xF8, 0x1F, 0x7E, 0x07, 0xDF, 0x01, 0xFF, 0xC0,
    0x7C, 0x03, 0xC0, 0x1F, 0xFC, 0x1F, 0xFF, 0x07, 0xFF, 0x83, 0x07, 0xE0, 0x01, 0xF0, 0x00, 0xF8,
    0x1F, 0xFC, 0x3F, 0xFE, 0x3F, 0xFF, 0x3F, 0x0F, 0x9F, 0x07, 0xCF, 0x83, 0xE7, 0xC1, 0xF3, 0xF1,
    0xF9, 0xFF, 0xFE, 0x7F, 0xDF, 0x1F, 0xC7, 0x83, 0x80, 0x00, 0x00, 0x00, 0x00, 0x06, 0x00, 0x0F,
    0x00, 0x3F, 0xC0, 0x7F, 0xC0, 0xFF, 0x80, 0xFE, 0x00, 0x7C, 0x00, 0x7C, 0x00, 0x3C, 0x30, 0x3E,
    0xFF, 0x1F, 0xFF, 0xCF, 0xFF, 0xF7, 0xF1, 0xFB, 0xF0, 0x7F, 0xF0, 0x1F, 0xF8, 0x0F, 0xFC, 0x07,
    0xFE, 0x03, 0xFF, 0x01, 0xFF, 0x80, 0xFB, 0xE0, 0xF9, 0xF8, 0xFC, 0x7F, 0xFC, 0x1F, 0xFC, 0x07,
    0xFC, 0x00, 0x70, 0x00, 0x07, 0x81, 0xFF, 0xE3, 0xFF, 0xE7, 0xFF, 0xEF, 0x8F, 0xDF, 0x0F, 0xBE,
    0x1F, 0x7F, 0xFC, 0xFF, 0xF1, 0xFF, 0xFB, 0xE1, 0xFF, 0xC1, 0xFF, 0x83, 0xFF, 0x07, 0xFF, 0xFF,
    0xFF, 0xFE, 0xFF, 0xF9, 0xFF, 0xC0, 0xFF, 0xF7, 0xFF, 0xBF, 0xFD, 0xFF, 0xEF, 0x80, 0x7C, 0x03,
    0xE0, 0x1F, 0x00, 0xF8, 0x07, 0xC0, 0x3E, 0x01, 0xF0, 0x0F, 0x80, 0x7C, 0x03, 0xE0, 0x1F, 0x00,
    0xF8, 0x00, 0x0F, 0xFF, 0x03, 0xFF, 0xC1, 0xFF, 0xF0, 0x7F, 0xFC, 0x1F, 0x1F, 0x07, 0xC7, 0xC1,
    0xF1, 0xF0, 0x78, 0x7C, 0x1E, 0x1F, 0x07, 0x87, 0xC1, 0xE1, 0xF0, 0xF0, 0x7C, 0x3C, 0x1F, 0x3F,
    0xFF, 0xFF, 0xFF, 0xFF, 0xFF, 0xFF, 0xFF, 0xFF, 0xFC, 0x00, 0xFF, 0x00, 0x3F, 0xC0, 0x0F, 0xF0,
    0x03, 0xF8, 0x00, 0xFE, 0x00, 0x1C, 0x01, 0xC0, 0x0F, 0xF0, 0x1F, 0xFC, 0x3F, 0xFE, 0x7C, 0x3E,
    0x78, 0x1F, 0xF8, 0x1F, 0xFF, 0xFF, 0xFF, 0xFF, 0xFF, 0xFF, 0xFF, 0xFF, 0xF8, 0x00, 0xF8, 0x00,
    0x7C, 0x00, 0x7E, 0x1C, 0x3F, 0xFE, 0x1F, 0xFE, 0x0F, 0xF8, 0x01, 0xC0, 0x3C, 0x1E, 0x0F, 0x0F,
    0x87, 0x87, 0xC1, 0xE1, 0xE1, 0xE0, 0x7C, 0x78, 0xF8, 0x0F, 0x1E, 0x3C, 0x03, 0xE7, 0x9F, 0x00,
    0x7F, 0xFF, 0x80, 0x1F, 0xFF, 0xE0, 0x07, 0xFF, 0xF8, 0x03, 0xFF, 0xFE, 0x00, 0xF9, 0xE7, 0xC0,
    0x7C, 0x78, 0xF0, 0x1F, 0x1E, 0x3E, 0x0F, 0xC7, 0x8F, 0x83, 0xE1, 0xE1, 0xF0, 0xF8, 0x78, 0x7C,
    0x7C, 0x1E, 0x0F, 0x80, 0x03, 0xC0, 0x1F, 0xF8, 0x7F, 0xFC, 0x3F, 0xFE, 0x18, 0x7E, 0x00, 0x3E,
    0x00, 0x7E, 0x07, 0xFC, 0x07, 0xF0, 0x07, 0xFC, 0x07, 0xFE, 0x00, 0x3F, 0x00, 0x1F, 0x00, 0x1F,
    0x38, 0x3F, 0x7F, 0xFE, 0x7F, 0xFC, 0x3F, 0xF8, 0x03, 0xC0, 0xF8, 0x7F, 0xF0, 0xFF, 0xE3, 0xFF,
    0xC7, 0xFF, 0x8F, 0xFF, 0x3F, 0xFE, 0x7F, 0xFD, 0xFF, 0xFB, 0xBF, 0xFF, 0x7F, 0xFC, 0xFF, 0xF9,
    0xFF, 0xE3, 0xFF, 0xC7, 0xFF, 0x0F, 0xFE, 0x1F, 0xFC, 0x3E, 0x08, 0x20, 0x78, 0xF0, 0xFF, 0xE0,
    0xFF, 0x80, 0xFE, 0x00, 0xF8, 0x00, 0x00, 0x00, 0x00, 0x00, 0x00, 0x00, 0x03, 0xE1, 0xFF, 0xC3,
    0xFF, 0x8F, 0xFF, 0x1F, 0xFE, 0x3F, 0xFC, 0xFF, 0xF9, 0xFF, 0xF7, 0xFF, 0xEE, 0xFF, 0xFD, 0xFF,
    0xF3, 0xFF, 0xE7, 0xFF, 0x8F, 0xFF, 0x1F, 0xFC, 0x3F, 0xF8, 0x7F, 0xF0, 0xF8, 0xF8, 0x3E, 0xF8,
    0x3E, 0xF8, 0x7C, 0xF8, 0xF8, 0xF8, 0xF8, 0xF9, 0xF0, 0xFF, 0xF0, 0xFF, 0xE0, 0xFF, 0xE0, 0xFF,
    0xF0, 0xF9, 0xF0, 0xF8, 0xF8, 0xF8, 0xF8, 0xF8, 0x7C, 0xF8, 0x7E, 0xF8, 0x3E, 0xF8, 0x3F, 0x0F,
    0xFF, 0x8F, 0xFF, 0xC7, 0xFF, 0xE3, 0xFF, 0xF1, 0xF0, 0xF8, 0xF8, 0x7C, 0x7C, 0x3E, 0x3E, 0x1F,
    0x1F, 0x0F, 0x8F, 0x87, 0xC7, 0x83, 0xE3, 0xC1, 0xF3, 0xE0, 0xFB, 0xF0, 0x7F, 0xF0, 0x3E, 0xF8,
    0x1F, 0x70, 0x0F, 0x80, 0x00, 0x00, 0x3F, 0x07, 0xE1, 0xF8, 0x7F, 0x1F, 0xC3, 0xF8, 0xFE, 0x1F,
    0xC7, 0xF8, 0xFE, 0x3F, 0xCF, 0xF1, 0xEE, 0x77, 0x8F, 0x73, 0xBC, 0x7B, 0xDD, 0xE3, 0xDF, 0xEF,
    0x1E, 0x7E, 0x7C, 0xF3, 0xF3, 0xE7, 0x9F, 0x9F, 0x7C, 0xFC, 0xFB, 0xE3, 0xC7, 0xDF, 0x00, 0x3E,
    0xF8, 0x01, 0xF0, 0xF8, 0x3F, 0xF0, 0x7F, 0xE0, 0xFF, 0xC1, 0xFF, 0x83, 0xFF, 0x07, 0xFF, 0xFF,
    0xFF, 0xFF, 0xFF, 0xFF, 0xFF, 0xFF, 0xE0, 0xFF, 0xC1, 0xFF, 0x83, 0xFF, 0x07, 0xFE, 0x0F, 0xFC,
    0x1F, 0xF8, 0x3E, 0x01, 0xC0, 0x07, 0xFC, 0x07, 0xFF, 0x07, 0xFF, 0xC7, 0xE3, 0xF3, 0xE0, 0xFB,
    0xE0, 0x7F, 0xF0, 0x1F, 0xF8, 0x0F, 0xFC, 0x07, 0xFE, 0x03, 0xFF, 0x01, 0xFF, 0x81, 0xFB, 0xE0,
    0xF9, 0xF8, 0xFC, 0x7F, 0xFC, 0x1F, 0xFC, 0x07, 0xFC, 0x00, 0x70, 0x00, 0xFF, 0xFF, 0xFF, 0xFF,
    0xFF, 0xFF, 0xFF, 0xFF, 0x83, 0xFF, 0x07, 0xFE, 0x0F, 0xFC, 0x1F, 0xF8, 0x3F, 0xF0, 0x7F, 0xE0,
    0xFF, 0xC1, 0xFF, 0x83, 0xFF, 0x07, 0xFE, 0x0F, 0xFC, 0x1F, 0xF8, 0x3E, 0x00, 0x60, 0xFB, 0xF8,
    0xFF, 0xFC, 0xFF, 0xFE, 0xFE, 0x7E, 0xFC, 0x3F, 0xF8, 0x1F, 0xF8, 0x1F, 0xF8, 0x1F, 0xF8, 0x1F,
    0xF8, 0x1F, 0xF8, 0x1F, 0xF8, 0x1F, 0xF8, 0x3E, 0xFC, 0x7E, 0xFF, 0xFE, 0xFF, 0xFC, 0xFB, 0xF8,
    0xF8, 0xC0, 0xF8, 0x00, 0xF8, 0x00, 0xF8, 0x00, 0xF8, 0x00, 0xF8, 0x00, 0xF8, 0x00, 0x00, 0x00,
    0x01, 0xC0, 0x1F, 0xF0, 0x7F, 0xF1, 0xFF, 0xE7, 0xE1, 0x8F, 0x80, 0x3F, 0x00, 0x7C, 0x00, 0xF8,
    0x01, 0xF0, 0x03, 0xE0, 0x07, 0xC0, 0x0F, 0x80, 0x0F, 0x80, 0x1F, 0x86, 0x1F, 0xFE, 0x1F, 0xFC,
    0x1F, 0xF0, 0x07, 0x00, 0xFF, 0xFF, 0xFF, 0xFF, 0xBF, 0xFF, 0xCF, 0xFF, 0xE0, 0x3E, 0x00, 0x1F,
    0x00, 0x0F, 0x80, 0x07, 0xC0, 0x03, 0xE0, 0x01, 0xF0, 0x00, 0xF8, 0x00, 0x7C, 0x00, 0x3E, 0x00,
    0x1F, 0x00, 0x0F, 0x80, 0x07, 0xC0, 0x03, 0xE0, 0x00, 0x7C, 0x07, 0xCF, 0x80, 0xF8, 0xF8, 0x3E,
    0x1F, 0x07, 0xC3, 0xE0, 0xF8, 0x3C, 0x1E, 0x07, 0xC7, 0xC0, 0xF8, 0xF8, 0x0F, 0x1E, 0x01, 0xE3,
    0xC0, 0x3E, 0xF8, 0x03, 0xDE, 0x00, 0x7B, 0xC0, 0x0F, 0xF8, 0x00, 0xFE, 0x00, 0x1F, 0xC0, 0x03,
    0xF8, 0x00, 0x1E, 0x00, 0x07, 0xC0, 0x01, 0xF8, 0x00, 0xFE, 0x00, 0x7F, 0x80, 0x07, 0xE0, 0x00,
    0xF0, 0x00, 0x00, 0x20, 0x00, 0x00, 0x1F, 0x00, 0x00, 0x0F, 0x80, 0x00, 0x07, 0xC0, 0x00, 0x03,
    0xE0, 0x00, 0x01, 0xF0, 0x00, 0x00, 0xF8, 0x00, 0x0C, 0x7C, 0x60, 0x1F, 0xBE, 0xFC, 0x1F, 0xFF,
    0xFF, 0x1F, 0xFF, 0xFF, 0xCF, 0x8F, 0xE3, 0xEF, 0xC3, 0xE1, 0xFF, 0xC1, 0xF0, 0x7F, 0xE0, 0xF8,
    0x3F, 0xF0, 0x7C, 0x1F, 0xF8, 0x3E, 0x0F, 0xFC, 0x1F, 0x07, 0xFE, 0x0F, 0x83, 0xFF, 0x07, 0xC1,
    0xFF, 0xC3, 0xE1, 0xFB, 0xE3, 0xF8, 0xF9, 0xFF, 0xFF, 0xFC, 0x7F, 0xFF, 0xFC, 0x1F, 0xBE, 0xFC,
    0x03, 0x1F, 0x18, 0x00, 0x0F, 0x80, 0x00, 0x07, 0xC0, 0x00, 0x03, 0xE0, 0x00, 0x01, 0xF0, 0x00,
    0x00, 0xF8, 0x00, 0x00, 0x7C, 0x00, 0x00, 0x00, 0x00, 0x00, 0x3E, 0x0F, 0x87, 0xE3, 0xE0, 0x7C,
    0x7C, 0x0F, 0xDF, 0x00, 0xFB, 0xE0, 0x0F, 0xF8, 0x01, 0xFE, 0x00, 0x1F, 0xC0, 0x03, 0xF8, 0x00,
    0xFF, 0x00, 0x1F, 0xF0, 0x07, 0xDF, 0x00, 0xF3, 0xE0, 0x3E, 0x3E, 0x0F, 0x87, 0xE1, 0xF0, 0x7C,
    0x7C, 0x0F, 0xC0, 0xF8, 0x3E, 0x3E, 0x0F, 0x8F, 0x83, 0xE3, 0xE0, 0xF8, 0xF8, 0x3E, 0x3E, 0x0F,
    0x8F, 0x83, 0xE3, 0xE0, 0xF8, 0xF8, 0x3E, 0x3E, 0x0F, 0x8F, 0x83, 0xE3, 0xE0, 0xF8, 0xF8, 0x3E,
    0x3F, 0xFF, 0xEF, 0xFF, 0xFF, 0xFF, 0xFF, 0xFF, 0xFF, 0xC0, 0x00, 0xF0, 0x00, 0x3C, 0x00, 0x0F,
    0x00, 0x03, 0xC0, 0x00, 0xF0, 0x00, 0x18, 0xF8, 0x3F, 0xF0, 0x7F, 0xE0, 0xFF, 0xC1, 0xFF, 0x83,
    0xFF, 0x07, 0xFE, 0x0F, 0xFC, 0x1F, 0xFF, 0xFF, 0xFF, 0xFD, 0xFF, 0xF9, 0xF9, 0xF0, 0x03, 0xE0,
    0x07, 0xC0, 0x0F, 0x80, 0x1F, 0x00, 0x3E, 0xF8, 0x78, 0x7F, 0xE1, 0xE1, 0xFF, 0x87, 0x87, 0xFE,
    0x1E, 0x1F, 0xF8, 0x78, 0x7F, 0xE1, 0xE1, 0xFF, 0x87, 0x87, 0xFE, 0x1E, 0x1F, 0xF8, 0x78, 0x7F,
    0xE1, 0xE1, 0xFF, 0x87, 0x87, 0xFE, 0x1E, 0x1F, 0xF8, 0x78, 0x7F, 0xFF, 0xFF, 0xFF, 0xFF, 0xFF,
    0xFF, 0xFF, 0xFF, 0xFF, 0xFF, 0xFC, 0xF8, 0x78, 0x7C, 0xF8, 0x78, 0x7C, 0xF8, 0x78, 0x7C, 0xF8,
    0x78, 0x7C, 0xF8, 0x78, 0x7C, 0xF8, 0x78, 0x7C, 0xF8, 0x78, 0x7C, 0xF8, 0x78, 0x7C, 0xF8, 0x78,
    0x7C, 0xF8, 0x78, 0x7C, 0xF8, 0x78, 0x7C, 0xF8, 0x78, 0x7C, 0xF8, 0x78, 0x7C, 0xFF, 0xFF, 0xFF,
    0xFF, 0xFF, 0xFF, 0xFF, 0xFF, 0xFF, 0xFF, 0xFF, 0xFF, 0x00, 0x00, 0x07, 0x00, 0x00, 0x07, 0x00,
    0x00, 0x07, 0x00, 0x00, 0x07, 0x00, 0x00, 0x07, 0x00, 0x00, 0x07, 0xFF, 0xE0, 0x0F, 0xFE, 0x00,
    0xFF, 0xE0, 0x07, 0xFE, 0x00, 0x03, 0xE0, 0x00, 0x3F, 0xF0, 0x03, 0xFF, 0xC0, 0x3F, 0xFE, 0x03,
    0xFF, 0xF0, 0x3E, 0x1F, 0x03, 0xE1, 0xF0, 0x3E, 0x1F, 0x03, 0xE1, 0xF0, 0x3F, 0xFF, 0x03, 0xFF,
    0xE0, 0x3F, 0xFC, 0x03, 0xFF, 0x00, 0xF8, 0x00, 0xFF, 0xC0, 0x07, 0xFE, 0x00, 0x3F, 0xF0, 0x01,
    0xFF, 0x80, 0x0F, 0xFF, 0xE0, 0x7F, 0xFF, 0xC3, 0xFF, 0xFF, 0x1F, 0xFF, 0xFC, 0xFF, 0xC7, 0xE7,
    0xFE, 0x1F, 0x3F, 0xF0, 0xF9, 0xFF, 0x8F, 0xCF, 0xFF, 0xFE, 0x7F, 0xFF, 0xE3, 0xFF, 0xFE, 0x1F,
    0xFF, 0xC0, 0xF8, 0xF8, 0x03, 0xE0, 0x0F, 0x80, 0x3E, 0x00, 0xF8, 0x03, 0xFF, 0x0F, 0xFF, 0x3F,
    0xFE, 0xFF, 0xFF, 0xE1, 0xFF, 0x87, 0xFE, 0x1F, 0xF8, 0x7F, 0xFF, 0xFF, 0xFF, 0xBF, 0xFC, 0xFF,
    0xC0, 0x03, 0x80, 0x7F, 0xC1, 0xFF, 0xE1, 0xFF, 0xE3, 0x8F, 0xC0, 0x0F, 0xC0, 0x0F, 0x80, 0x1F,
    0x1F, 0xFE, 0x3F, 0xFC, 0x7F, 0xF8, 0x01, 0xF0, 0x03, 0xE0, 0x0F, 0x8C, 0x3F, 0x3F, 0xFC, 0x7F,
    0xF0, 0x7F, 0xC0, 0x1C, 0x00, 0x00, 0x03, 0x81, 0xF0, 0x3F, 0xC3, 0xE0, 0xFF, 0xE7, 0xC3, 0xFF,
    0xCF, 0x8F, 0xCF, 0xDF, 0x1F, 0x0F, 0xBE, 0x3C, 0x0F, 0xFF, 0xF8, 0x1F, 0xFF, 0xF0, 0x3F, 0xFF,
    0xE0, 0x7F, 0xFF, 0xC0, 0xFF, 0xCF, 0x81, 0xFF, 0x8F, 0x03, 0xFF, 0x1F, 0x0F, 0xBE, 0x3F, 0x3F,
    0x7C, 0x3F, 0xFC, 0xF8, 0x3F, 0xF1, 0xF0, 0x3F, 0xC0, 0x00, 0x0E, 0x00, 0x03, 0xFF, 0x87, 0xFF,
    0xC7, 0xFF, 0xE7, 0xFF, 0xF3, 0xE0, 0xF9, 0xF0, 0x7C, 0xF8, 0x3E, 0x7F, 0xFF, 0x1F, 0xFF, 0x87,
    0xFF, 0xC3, 0xFF, 0xE1, 0xF1, 0xF1, 0xF8, 0xF8, 0xF8, 0x7C, 0xF8, 0x3E, 0xFC, 0x1F, 0x7C, 0x0F,
    0x80, 0x1C, 0x38, 0x3E, 0x7C, 0x3E, 0x7C, 0x3E, 0x7C, 0x1C, 0x38, 0x00, 0x00, 0x00, 0x00, 0x00,
    0x00, 0x01, 0xC0, 0x0F, 0xF0, 0x1F, 0xFC, 0x3F, 0xFE, 0x7C, 0x3E, 0x78, 0x1F, 0xF8, 0x1F, 0xFF,
    0xFF, 0xFF, 0xFF, 0xFF, 0xFF, 0xFF, 0xFF, 0xF8, 0x00, 0xF8, 0x00, 0x7C, 0x00, 0x7E, 0x1C, 0x3F,
    0xFE, 0x1F, 0xFE, 0x0F, 0xF8, 0x01, 0xC0, 0x01, 0xC0, 0x1F, 0xF0, 0x7F, 0xF1, 0xFF, 0xE7, 0xE1,
    0x8F, 0x80, 0x3E, 0x00, 0x7C, 0x00, 0xFF, 0xF1, 0xFF, 0xE3, 0xFF, 0xC7, 0xC0, 0x0F, 0x80, 0x0F,
    0x80, 0x1F, 0x86, 0x1F, 0xFE, 0x1F, 0xFC, 0x1F, 0xF0, 0x07, 0x00, 0x7B, 0xFF, 0xFF, 0x78, 0x00,
    0x00, 0x03, 0xEF, 0xBE, 0xFB, 0xEF, 0xBE, 0xFB, 0xEF, 0xBE, 0xFB, 0xEF, 0xBE, 0xFB, 0xE0, 0x70,
    0x77, 0xC7, 0xFE, 0x3F, 0xF1, 0xF7, 0x07, 0x00, 0x00, 0x00, 0x00, 0x00, 0x00, 0x00, 0x7C, 0x03,
    0xE0, 0x1F, 0x00, 0xF8, 0x07, 0xC0, 0x3E, 0x01, 0xF0, 0x0F, 0x80, 0x7C, 0x03, 0xE0, 0x1F, 0x00,
    0xF8, 0x07, 0xC0, 0x3E, 0x01, 0xF0, 0x0F, 0x80, 0x7C, 0x00, 0x00, 0x00, 0x01, 0xC1, 0xC0, 0x3F,
    0xF8, 0x03, 0xFE, 0x00, 0x7F, 0xC0, 0x03, 0xE0, 0x00, 0x00, 0x00, 0x00, 0x00, 0x00, 0x00, 0x00,
    0x00, 0x01, 0xF0, 0x1F, 0x3E, 0x03, 0xE3, 0xE0, 0xF8, 0x7C, 0x1F, 0x0F, 0x83, 0xE0, 0xF0, 0x78,
    0x1F, 0x1F, 0x03, 0xE3, 0xE0, 0x3C, 0x78, 0x07, 0x8F, 0x00, 0xFB, 0xE0, 0x0F, 0x78, 0x01, 0xEF,
    0x00, 0x3F, 0xE0, 0x03, 0xF8, 0x00, 0x7F, 0x00, 0x0F, 0xE0, 0x00, 0x78, 0x00, 0x1F, 0x00, 0x07,
    0xE0, 0x03, 0xF8, 0x01, 0xFE, 0x00, 0x1F, 0x80, 0x03, 0xC0, 0x00, 0x00, 0xF8, 0x07, 0xC0, 0x3E,
    0x01, 0xF0, 0x0F, 0x80, 0x7F, 0xFF, 0xFF, 0xFF, 0xFF, 0xFF, 0xFF, 0xBE, 0x01, 0xF0, 0x0F, 0x80,
    0x7C, 0x03, 0xE0, 0x1F, 0x00, 0xF8, 0x07, 0xC0, 0x3E, 0x01, 0xF0, 0x0F, 0x80, 0x7C, 0x03, 0xE0,
    0x00, 0x1F, 0xFF, 0xC7, 0xFF, 0xF1, 0xFF, 0xF8, 0x7F, 0xFE, 0x1F, 0x00, 0x07, 0xC0, 0x01, 0xF0,
    0x00, 0x7C, 0x00, 0x1F, 0x00, 0x3F, 0xFE, 0x0F, 0xFF, 0x83, 0xFF, 0xE0, 0xFF, 0xF8, 0x07, 0xC0,
    0x01, 0xF0, 0x00, 0x7C, 0x00, 0x1F, 0x00, 0x07, 0xC0, 0x01, 0xF0, 0x00, 0x7C, 0x00, 0x1F, 0x00,
    0x07, 0xC0, 0x01, 0xF0, 0x00, 0x3F, 0xFE, 0x7F, 0xFC, 0xFF, 0xF1, 0xFF, 0xE3, 0xE0, 0x07, 0xC0,
    0x0F, 0x80, 0x7F, 0xF0, 0xFF, 0xE1, 0xFF, 0xC0, 0xF8, 0x01, 0xF0, 0x03, 0xE0, 0x07, 0xC0, 0x0F,
    0x80, 0x1F, 0x00, 0x3E, 0x00, 0xF8, 0x0F, 0x9F, 0x01, 0xF3, 0xE0, 0x7C, 0x7C, 0x0F, 0x8F, 0x83,
    0xE1, 0xF0, 0x7C, 0x3E, 0x1F, 0x07, 0xC3, 0xE0, 0xF8, 0xF8, 0x1F, 0xFE, 0x03, 0xFF, 0xC0, 0x7F,
    0xF8, 0x0F, 0xFF, 0x81, 0xF1, 0xF0, 0x3E, 0x3F, 0x07, 0xC3, 0xE0, 0xF8, 0x7E, 0x1F, 0x07, 0xE3,
    0xE0, 0xFC, 0x7C, 0x0F, 0xFF, 0x81, 0xFF, 0xF0, 0x1F, 0xFE, 0x03, 0xF8, 0x00, 0x1F, 0x00, 0x03,
    0xE0, 0x00, 0x3C, 0x00, 0x07, 0x80, 0x00, 0xF0, 0xF8, 0x3E, 0xF8, 0x3C, 0xF8, 0x7C, 0xF8, 0xF8,
    0xF8, 0xF0, 0xF9, 0xF0, 0xFF, 0xE0, 0xFF, 0xE0, 0xFF, 0xE0, 0xFF, 0xF0, 0xF9, 0xF0, 0xF8, 0xF8,
    0xF8, 0xFC, 0xF8, 0x7F, 0xF8, 0x7F, 0xF8, 0x3F, 0xF8, 0x3F, 0x00, 0x0F, 0x00, 0x0F, 0x00, 0x0F,
    0x00, 0x0F, 0x00, 0x07, 0xF8, 0x0F, 0x8F, 0x80, 0xF8, 0xF8, 0x0F, 0x8F, 0x80, 0xF8, 0xF8, 0x0F,
    0x8F, 0x80, 0xF8, 0xF8, 0x0F, 0x8F, 0x80, 0xF8, 0xF8, 0x0F, 0x8F, 0xFF, 0xF8, 0xFF, 0xFF, 0x8F,
    0xFF, 0xF8, 0xFF, 0xFF, 0x8F, 0x80, 0xF8, 0xF8, 0x0F, 0x8F, 0x80, 0xF8, 0xF8, 0x0F, 0x8F, 0x80,
    0xF8, 0xF8, 0x0F, 0x8F, 0x80, 0xFF, 0xF8, 0x0F, 0xFF, 0x80, 0xFF, 0xF8, 0x0F, 0xF0, 0x00, 0x0F,
    0x00, 0x00, 0xF0, 0x00, 0x0F, 0x00, 0x00, 0xF0, 0x00, 0x0F, 0xF8, 0x3E, 0x3E, 0x0F, 0x8F, 0x83,
    0xE3, 0xE0, 0xF8, 0xF8, 0x3E, 0x3E, 0x0F, 0x8F, 0xFF, 0xE3, 0xFF, 0xF8, 0xFF, 0xFE, 0x3F, 0xFF,
    0x8F, 0x83, 0xE3, 0xE0, 0xF8, 0xF8, 0x3E, 0x3E, 0x0F, 0xFF, 0x83, 0xFF, 0xE0, 0xFF, 0xF8, 0x3F,
    0xC0, 0x00, 0xF0, 0x00, 0x3C, 0x00, 0x0F, 0x00, 0x03, 0xC0, 0x00, 0xF0, 0x7C, 0x01, 0xF3, 0xF0,
    0x1F, 0x8F, 0x80, 0xF8, 0x7E, 0x0F, 0xC1, 0xF0, 0x7C, 0x0F, 0xC3, 0xE0, 0x3E, 0x3E, 0x01, 0xF1,
    0xF0, 0x07, 0xDF, 0x00, 0x3E, 0xF8, 0x00, 0xFF, 0x80, 0x07, 0xFC, 0x00, 0x1F, 0xC0, 0x00, 0xFC,
    0x00, 0x03, 0xE0, 0x00, 0x1F, 0x00, 0x00, 0xF8, 0x00, 0x07, 0xC0, 0x00, 0x3E, 0x00, 0x01, 0xF0,
    0x00, 0x0F, 0x80, 0x00, 0x7C, 0x00, 0x03, 0xE0, 0x00, 0x7C, 0x07, 0xCF, 0x80, 0xF8, 0xF8, 0x3E,
    0x1F, 0x07, 0xC3, 0xE0, 0xF8, 0x3E, 0x1E, 0x07, 0xC7, 0xC0, 0xF8, 0xF8, 0x0F, 0x1E, 0x01, 0xF7,
    0xC0, 0x3E, 0xF0, 0x03, 0xDE, 0x00, 0x7F, 0xC0, 0x07, 0xF0, 0x00, 0xFE, 0x00, 0x1F, 0xC0, 0x01,
    0xF0, 0x00, 0x3E, 0x00, 0x07, 0xC0, 0x00, 0xF8, 0x00, 0x1F, 0x00, 0x03, 0xE0, 0x00, 0x7C, 0x00,
    0x0F, 0x80, 0x01, 0xC0, 0x00, 0x7C, 0x01, 0xF3, 0xF0, 0x0F, 0x8F, 0x80, 0xF8, 0x7E, 0x07, 0xC1,
    0xF0, 0x7C, 0x0F, 0x83, 0xE0, 0x3E, 0x3E, 0x01, 0xF1, 0xF0, 0x07, 0xDF, 0x00, 0x3E, 0xF8, 0x00,
    0xFF, 0x80, 0x07, 0xFC, 0x00, 0x1F, 0xC0, 0x07, 0xFF, 0xC0, 0x3F, 0xFE, 0x01, 0xFF, 0xF0, 0x00,
    0xF8, 0x00, 0x07, 0xC0, 0x00, 0x3E, 0x00, 0x01, 0xF0, 0x00, 0x0F, 0x80, 0x00, 0x7C, 0x00, 0x03,
    0xE0, 0x00, 0xF8, 0x0F, 0xFE, 0x07, 0xDF, 0x07, 0xCF, 0x83, 0xE3, 0xC1, 0xE1, 0xF0, 0xF0, 0xF8,
    0xF8, 0x3C, 0x78, 0x1F, 0x3C, 0x0F, 0xBE, 0x03, 0xDE, 0x01, 0xEF, 0x00, 0xFF, 0x80, 0x3F, 0x80,
    0x7F, 0xF0, 0x3F, 0xF8, 0x1F, 0xFC, 0x01, 0xF0, 0x00, 0xF8, 0x00, 0x7C, 0x00, 0x3E, 0x00, 0x1F,
    0x00, 0x0F, 0x80, 0x07, 0xC0, 0x00, 0x00, 0x00, 0x00, 0xE0, 0x01, 0xFF, 0x80, 0xFF, 0xFC, 0x3F,
    0xFF, 0xC3, 0xE1, 0xF8, 0x30, 0x1F, 0x80, 0x01, 0xF0, 0x00, 0x3F, 0x00, 0x03, 0xE0, 0x00, 0x7C,
    0x00, 0x0F, 0xFF, 0xFF, 0xFF, 0xFF, 0xFF, 0xFF, 0xFF, 0xFF, 0xFF, 0xFF, 0xC0, 0x1F, 0xF8, 0x03,
    0xFF, 0x00, 0x79, 0xF0, 0x1F, 0x3E, 0x03, 0xE3, 0xF1, 0xF8, 0x7F, 0xFE, 0x07, 0xFF, 0x80, 0x3F,
    0xE0, 0x00, 0xE0, 0x00, 0x03, 0x80, 0x1F, 0xF0, 0x3F, 0xFC, 0x3F, 0xFC, 0x18, 0x7E, 0x00, 0x3F,
    0x00, 0x1F, 0xFF, 0xFF, 0xFF, 0xFF, 0xFF, 0xFF, 0xFF, 0xFF, 0xF8, 0x1F, 0xF8, 0x1F, 0x7C, 0x3E,
    0x7E, 0x7E, 0x3F, 0xFC, 0x3F, 0xF8, 0x0F, 0xF0, 0x03, 0x80, 0x00, 0xF0, 0x00, 0x7F, 0xE0, 0x0F,
    0xFF, 0x01, 0xFF, 0xF8, 0x3F, 0x0F, 0xC7, 0xE0, 0x7E, 0x7C, 0x03, 0xE7, 0xC0, 0x3E, 0xF8, 0x01,
    0xFF, 0x80, 0x1F, 0xF8, 0x01, 0xFF, 0xFF, 0xFF, 0xFF, 0xFF, 0xFF, 0xFF, 0xFF, 0xF8, 0x01, 0xFF,
    0x80, 0x1F, 0xF8, 0x01, 0xF7, 0xC0, 0x3E, 0x7C, 0x03, 0xE7, 0xE0, 0x7E, 0x3F, 0x0F, 0xC1, 0xFF,
    0xF8, 0x0F, 0xFF, 0x00, 0x7F, 0xE0, 0x00, 0xF0, 0x00, 0x01, 0xC0, 0x07, 0xFC, 0x07, 0xFF, 0x07,
    0xFF, 0xC7, 0xE3, 0xF3, 0xE0, 0xFB, 0xE0, 0x3F, 0xF0, 0x1F, 0xFF, 0xFF, 0xFF, 0xFF, 0xFF, 0xFF,
    0xFF, 0x01, 0xFF, 0x80, 0xFB, 0xE0, 0xF9, 0xF8, 0xFC, 0x7F, 0xFC, 0x1F, 0xFC, 0x07, 0xFC, 0x00,
    0x70, 0x00, 0x21, 0x08, 0xEC, 0x84, 0x30, 0xC0, 0x00, 0xCF, 0x30, 0x23, 0x0C, 0xC2, 0x30, 0xD8,
    0x0D, 0x80, 0x01, 0x65, 0x90, 0x59, 0x60, 0x88, 0x88, 0x70, 0x06, 0xF6, 0x00, 0x00, 0xC6, 0xCC,
    0xD8, 0xE0, 0x00, 0xE1, 0x11, 0x10, 0x03, 0xC6, 0x30, 0x15, 0x51, 0xE0, 0x78, 0x88, 0x80, 0x78,
    0x88, 0x80, 0x77, 0x88, 0x88, 0x88, 0x88, 0x63, 0x4A, 0x65, 0x2E, 0xE1, 0x40, 0x00, 0x32, 0x52,
    0xE4, 0x00, 0x99, 0xFE, 0x80, 0xDB, 0x88, 0x42, 0x00, 0x11, 0x11, 0x70, 0x03, 0xC6, 0x30, 0x11,
    0x11, 0xE0, 0x11, 0x11, 0x11, 0x11, 0xEE, 0x00, 0x09, 0xE2, 0x04, 0x78, 0x00, 0xE1, 0x11, 0x10,
    0x64, 0xA4, 0xE1, 0x00, 0xDF, 0x88, 0x42, 0x00, 0x16, 0xC6, 0x10, 0x11, 0x11, 0xF0, 0x88, 0x88,
    0x70, 0x00, 0xC6, 0xCC, 0xD8, 0xE0, 0x00, 0x74, 0xE6, 0xE0, 0xD8, 0x0D, 0x80, 0xCD, 0xB3, 0x60,
    0x00, 0x00, 0x31, 0x8C, 0x60, 0xFE, 0xDF, 0xD8, 0x00, 0x00, 0x00, 0x0C, 0x01, 0x80, 0xFE, 0xDF,
    0xD8, 0xC0, 0x18, 0x03, 0x0C, 0x61, 0x80, 0x1B, 0x00, 0x03, 0x3C, 0xC0, 0xCF, 0x30, 0x00, 0x30,
    0xC0, 0xFF, 0xFC, 0xFF, 0xFC, 0xC1, 0x83, 0x06, 0x00, 0x1B, 0x00, 0x1B, 0x00, 0x00, 0xC0, 0xD8,
    0x18, 0x03, 0x03, 0x1B, 0x00, 0x55, 0x40, 0xFF, 0xFF, 0xFF, 0xFF, 0xF0, 0xFF, 0xFF, 0xFF, 0xFF,
    0xFF, 0xFF, 0xFF, 0xFF, 0xFF, 0xFF, 0xFF, 0xE0, 0x1B, 0x00, 0x1B, 0x00, 0x7B, 0xFF, 0xFF, 0xFD,
    0xE0, 0x00, 0x00, 0x00, 0x0C, 0x7B, 0xFF, 0xFF, 0x78, 0xC0, 0x1B, 0x00, 0x1B, 0x00, 0x1F, 0x8F,
    0xF1, 0xFE, 0x7F, 0xCF, 0x81, 0xF0, 0x3E, 0x07, 0xC0, 0xF8, 0x1F, 0x03, 0xE0, 0x7C, 0x0F, 0x81,
    0xF0, 0x3E, 0x07, 0xFE, 0xFF, 0xDF, 0xFB, 0xFF, 0x00, 0x01, 0xFF, 0xF9, 0x83, 0x06, 0x0C, 0x00,
    0xFC, 0x07, 0xCF, 0xC0, 0xF8, 0xF8, 0x1F, 0x1F, 0x83, 0xE1, 0xF8, 0x7C, 0x1F, 0x0F, 0x83, 0xF1,
    0xF0, 0x7F, 0x3C, 0x1F, 0xF7, 0x87, 0xFF, 0xF0, 0xF7, 0xFC, 0x3E, 0x7F, 0x07, 0xC7, 0xC0, 0xF8,
    0x7C, 0x1F, 0x0F, 0xC3, 0xE0, 0xFC, 0x7C, 0x0F, 0x8F, 0x81, 0xF9, 0xF0, 0x1F, 0x80, 0x7F, 0xF0,
    0x3F, 0xFC, 0x1F, 0xFF, 0x0F, 0xFF, 0x80, 0x07, 0xE0, 0x01, 0xF0, 0x00, 0xF8, 0x00, 0x7C, 0x00,
    0x3E, 0x00, 0x1F, 0x00, 0x0F, 0x80, 0x07, 0xC0, 0x03, 0xE0, 0x01, 0xF0, 0x00, 0xF8, 0xFF, 0xFF,
    0x7F, 0xFF, 0xBF, 0xFF, 0xDF, 0xFF, 0xE0, 0x3F, 0x81, 0xFE, 0x0F, 0xF8, 0x7F, 0xC0, 0x3F, 0x00,
    0xF8, 0x07, 0xC0, 0x3E, 0x01, 0xF0, 0x0F, 0x80, 0x7C, 0x07, 0xE0, 0x7F, 0x0F, 0xF9, 0xFF, 0xCF,
    0xBE, 0x7D, 0xF3, 0xCF, 0x9C, 0x7C, 0x80, 0x00, 0xFF, 0xFF, 0xFF, 0xFF, 0xFF, 0xFF, 0xFF, 0xFE,
    0x00, 0x78, 0x00, 0x78, 0x00, 0xF8, 0x00, 0xF8, 0x00, 0xF8, 0x00, 0xF8, 0x00, 0xF8, 0x00, 0xF8,
    0x00, 0xF8, 0x00, 0xF8, 0x00, 0xF8, 0x00, 0xF8, 0x00, 0xF8, 0x00, 0xF8, 0x00, 0xF8, 0xFF, 0xF8,
    0xFF, 0xFE, 0xFF, 0xFE, 0xFF, 0xFF, 0x00, 0x1F, 0x00, 0x1F, 0x00, 0x1F, 0x00, 0x1F, 0xF8, 0x1F,
    0xF8, 0x1F, 0xF8, 0x1F, 0xF8, 0x1F, 0xF8, 0x1F, 0xF8, 0x1F, 0xF8, 0x1F, 0xF8, 0x1F, 0xF8, 0x1F,
    0xF8, 0x1F, 0xF8, 0x1F, 0x7F, 0xBF, 0xDF, 0xEF, 0xF0, 0xF8, 0x7C, 0x3E, 0x1F, 0x0F, 0x87, 0xC3,
    0xE1, 0xF0, 0xF8, 0x7C, 0x3E, 0x1F, 0x0F, 0x87, 0xC3, 0xE0, 0xFF, 0xFF, 0xFF, 0xFF, 0x7F, 0xE0,
    0xF0, 0x1E, 0x07, 0xC0, 0xF8, 0x1F, 0x03, 0xE0, 0x7C, 0x0F, 0x81, 0xF0, 0x3E, 0x07, 0xC0, 0xF8,
    0x1F, 0x03, 0xE0, 0x7C, 0x00, 0xFF, 0xF8, 0xFF, 0xFE, 0xFF, 0xFE, 0xFF, 0xFF, 0xF8, 0x1F, 0xF8,
    0x1F, 0xF8, 0x1F, 0xF8, 0x1F, 0xF8, 0x1F, 0xF8, 0x1F, 0xF8, 0x1F, 0xF8, 0x1F, 0xF8, 0x1F, 0xF8,
    0x1F, 0xF8, 0x1F, 0xF8, 0x1F, 0xF8, 0x1F, 0xF8, 0x1F, 0xF8, 0x1F, 0x7C, 0x7E, 0x0F, 0x8F, 0xE1,
    0xF1, 0xFE, 0x3E, 0x3F, 0xE7, 0xC0, 0x7C, 0xF8, 0x0F, 0x9F, 0x00, 0xFB, 0xE0, 0x1F, 0x3C, 0x03,
    0xE7, 0x80, 0x7C, 0xF8, 0x0F, 0x9F, 0x03, 0xE3, 0xE0, 0x7C, 0x7C, 0x1F, 0x8F, 0x87, 0xE1, 0xFF,
    0xFC, 0x3F, 0xFF, 0x07, 0xFF, 0x80, 0xFF, 0xC0, 0x00, 0x7F, 0xFF, 0xFF, 0xFF, 0x1F, 0x1F, 0x1F,
    0x1F, 0x1F, 0x1F, 0x1F, 0x1F, 0x00, 0xFF, 0xF1, 0xFF, 0xF3, 0xFF, 0xF7, 0xFF, 0xE0, 0x07, 0xE0,
    0x07, 0xC0, 0x0F, 0x80, 0x1F, 0x00, 0x3E, 0x00, 0x7C, 0x00, 0xF8, 0x01, 0xF0, 0x03, 0xE0, 0x07,
    0xC0, 0x0F, 0x80, 0x1F, 0x00, 0x3E, 0x00, 0x7C, 0x00, 0xF8, 0x01, 0xF0, 0x03, 0xE0, 0x07, 0xC0,
    0x0F, 0x80, 0x1F, 0x00, 0x3E, 0x00, 0x7C, 0x7F, 0xC0, 0xFF, 0xE1, 0xFF, 0xE3, 0xFF, 0xE0, 0x0F,
    0xC0, 0x0F, 0x80, 0x0F, 0x80, 0x1F, 0x00, 0x3E, 0x00, 0x7C, 0x00, 0xF8, 0x01, 0xF0, 0x07, 0xE0,
    0x0F, 0x80, 0x3F, 0x3F, 0xFE, 0x7F, 0xF8, 0xFF, 0xE1, 0xFF, 0x00, 0xF8, 0x01, 0xF0, 0x03, 0xE0,
    0x07, 0xC0, 0x0F, 0x80, 0x1F, 0x00, 0x3F, 0xFC, 0x7F, 0xFC, 0xFF, 0xFD, 0xFF, 0xF8, 0x01, 0xF8,
    0x01, 0xF0, 0x03, 0xE0, 0x07, 0xC0, 0x0F, 0x80, 0x1F, 0x00, 0x7C, 0x00, 0xF8, 0x01, 0xF0, 0x07,
    0xC0, 0x1F, 0x80, 0x7E, 0x00, 0xF8, 0x01, 0xE0, 0x03, 0x00, 0x00, 0x00, 0xFF, 0xFC, 0x7F, 0xFF,
    0xBF, 0xFF, 0xDF, 0xFF, 0xF3, 0xC0, 0xF9, 0xE0, 0x7D, 0xF0, 0x3E, 0xF8, 0x1F, 0x7C, 0x0F, 0xBE,
    0x07, 0xDF, 0x03, 0xEF, 0x81, 0xF7, 0xC0, 0xFB, 0xE0, 0x7D, 0xF0, 0x3E, 0xFF, 0xFF, 0x7F, 0xFF,
    0xBF, 0xFF, 0xDF, 0xFF, 0xE0, 0x00, 0x3C, 0x0F, 0x9F, 0xE0, 0xFF, 0xFE, 0x1F, 0xFF, 0xE3, 0xF8,
    0xFC, 0x7E, 0x0F, 0x8F, 0x81, 0xF9, 0xF0, 0x1F, 0x3E, 0x03, 0xE7, 0xC0, 0x7D, 0xF0, 0x0F, 0xBE,
    0x01, 0xF7, 0xC0, 0x3E, 0xF8, 0x07, 0xDF, 0x00, 0xFB, 0xE0, 0x1F, 0x7C, 0x7F, 0xCF, 0x8F, 0xFB,
    0xF1, 0xFF, 0x7C, 0x3F, 0xE0, 0xFF, 0xFF, 0xFF, 0xFF, 0xFF, 0xFF, 0xFF, 0xFF, 0xFF, 0xFF, 0xFF,
    0xFF, 0xFF, 0xFF, 0xFF, 0xFF, 0xC0, 0x3F, 0x07, 0xF0, 0xFF, 0x1F, 0xE0, 0x7E, 0x07, 0xC0, 0xF8,
    0x1F, 0x03, 0xE0, 0x7C, 0x0F, 0x81, 0xF0, 0x3E, 0x07, 0xC0, 0xFB, 0xFF, 0x7F, 0xEF, 0xFD, 0xFF,
    0x80, 0xFF, 0xF8, 0x3F, 0xFF, 0x8F, 0xFF, 0xF3, 0xFF, 0xFE, 0x38, 0x0F, 0x9E, 0x01, 0xF7, 0x80,
    0x7F, 0xE0, 0x1F, 0xF8, 0x07, 0xFE, 0x01, 0xFF, 0x80, 0x7F, 0xE0, 0x1F, 0xF8, 0x07, 0xFF, 0x03,
    0xF7, 0xC0, 0xF9, 0xFC, 0xFE, 0x3F, 0xFF, 0x07, 0xFF, 0x80, 0xFF, 0xC0, 0x07, 0x80, 0x7C, 0x07,
    0xDF, 0x01, 0xF3, 0xE0, 0x7C, 0xF8, 0x1F, 0x3E, 0x07, 0xC7, 0xC1, 0xF1, 0xF0, 0x7C, 0x7C, 0x1E,
    0x0F, 0x0F, 0x83, 0xE3, 0xE0, 0xF8, 0xF8, 0x3E, 0x3E, 0x07, 0xDF, 0x01, 0xFF, 0xC0, 0x7F, 0xE0,
    0x0F, 0xF0, 0x1F, 0xF8, 0x3F, 0xF8, 0x0F, 0xF8, 0x01, 0xF8, 0x00, 0x60, 0x00, 0x00, 0x03, 0xF0,
    0x03, 0xFF, 0x03, 0xFF, 0xE1, 0xFF, 0xFC, 0x7E, 0x1F, 0xBF, 0x03, 0xEF, 0x80, 0xFB, 0xE0, 0x1F,
    0xF8, 0x07, 0xFE, 0x01, 0xFF, 0xC0, 0x7D, 0xF8, 0x1F, 0x3F, 0x07, 0xC7, 0xC1, 0xF0, 0xF0, 0x7C,
    0x00, 0x1F, 0x00, 0x07, 0xC0, 0x01, 0xF0, 0x00, 0x7C, 0x00, 0x1F, 0x00, 0x07, 0xC0, 0x01, 0xF0,
    0x00, 0x7C, 0x00, 0x1F, 0x00, 0x07, 0xC0, 0x01, 0xF0, 0x00, 0x7C, 0x00, 0x00, 0x03, 0xF0, 0x07,
    0xFF, 0x03, 0xFF, 0xE1, 0xFF, 0xFC, 0x7E, 0x1F, 0xBE, 0x03, 0xEF, 0x80, 0xFB, 0xE0, 0x1F, 0xF8,
    0x07, 0xFF, 0x01, 0xF7, 0xE0, 0x7D, 0xF8, 0x1F, 0x1E, 0x07, 0xC1, 0x83, 0xE0, 0x00, 0xF8, 0x00,
    0xFE, 0x3F, 0xFF, 0x0F, 0xFF, 0x83, 0xFF, 0xC0, 0xFF, 0xC0, 0xF8, 0x1F, 0xF8, 0x1F, 0x78, 0x1F,
    0x7C, 0x1F, 0x7C, 0x1F, 0x7C, 0x1F, 0x7C, 0x3E, 0x3C, 0x3E, 0x3E, 0x3E, 0x3E, 0x7E, 0x3E, 0xFC,
    0x3F, 0xF8, 0x1F, 0xF0, 0x1F, 0xC0, 0x1F, 0x00, 0x1F, 0x00, 0x0F, 0x00, 0x0F, 0x80, 0x0F, 0x80,
    0x0F, 0x80, 0x0F, 0x80, 0x07, 0x80, 0x07, 0xC0, 0x07, 0xC0, 0x07, 0xC0, 0x07, 0xC0, 0x00, 0x00,
    0x7C, 0x07, 0xCF, 0x81, 0xF3, 0xF0, 0x7C, 0x7E, 0x1F, 0x0F, 0x87, 0xC3, 0xF1, 0xF0, 0x7E, 0x78,
    0x0F, 0xBE, 0x01, 0xFF, 0x00, 0x7F, 0x80, 0x0F, 0xC0, 0x01, 0xF0, 0x00, 0x3E, 0x00, 0x0F, 0xC0,
    0x01, 0xF9, 0xFF, 0xFE, 0x7F, 0xFF, 0xDF, 0xFF, 0xF7, 0xFF, 0xFC, 0xFF, 0xFC, 0x3F, 0xFF, 0xCF,
    0xFF, 0xFB, 0xFF, 0xFE, 0x00, 0x0F, 0xC0, 0x01, 0xF0, 0x00, 0x7D, 0xF0, 0x1F, 0x7C, 0x07, 0xDF,
    0x01, 0xF7, 0xC0, 0x79, 0xF0, 0x3E, 0x7C, 0x0F, 0x9F, 0x07, 0xC7, 0xC3, 0xF1, 0xF1, 0xF8, 0x7C,
    0x7C, 0x1F, 0x1E, 0x07, 0xC7, 0x01, 0xF0, 0x00, 0x7C, 0x00, 0x1F, 0x00, 0x07, 0xC0, 0x01, 0xF0,
    0x00, 0x7C, 0x00, 0x1F, 0x00, 0x00, 0x00, 0x00, 0xFF, 0xF1, 0xFF, 0xF3, 0xFF, 0xF7, 0xFF, 0xE0,
    0x07, 0xE0, 0x07, 0xC0, 0x0F, 0x80, 0x1F, 0x00, 0x3E, 0x00, 0x7C, 0x00, 0xF8, 0x01, 0xF0, 0x03,
    0xE0, 0x07, 0xC0, 0x0F, 0x80, 0x1F, 0x00, 0x3E, 0x00, 0x7C, 0x00, 0xF8, 0x7C, 0x3E, 0x3E, 0xF8,
    0x7C, 0x7D, 0xF0, 0xF8, 0xFB, 0xE1, 0xF1, 0xF7, 0xC3, 0xE3, 0xE7, 0x87, 0xC7, 0xCF, 0x0F, 0x0F,
    0x9F, 0x3E, 0x1F, 0x3E, 0x7C, 0x3E, 0x7D, 0xF0, 0xF8, 0xFF, 0xC1, 0xF1, 0xFF, 0x03, 0xE3, 0xF8,
    0x0F, 0x83, 0xC0, 0x3F, 0x07, 0xC1, 0xFC, 0x0F, 0xFF, 0xF0, 0x1F, 0xFF, 0xC0, 0x3F, 0xFF, 0x00,
    0x7F, 0xF0, 0x00, 0x7F, 0xFF, 0x0F, 0xFF, 0xF1, 0xFF, 0xFF, 0x3F, 0xFF, 0xE1, 0xF0, 0x7E, 0x3E,
    0x07, 0xC7, 0xC0, 0xF8, 0xF8, 0x1F, 0x1F, 0x03, 0xE3, 0xE0, 0x7C, 0x7C, 0x0F, 0x8F, 0x81, 0xF1,
    0xF0, 0x3E, 0x3E, 0x07, 0xC7, 0xC0, 0xF9, 0xF8, 0x1F, 0x7F, 0x03, 0xFF, 0xC0, 0x7F, 0xF0, 0x0F,
    0x98, 0x00, 0x00, 0x7F, 0x9F, 0xEF, 0xF3, 0xFD, 0xFE, 0x7F, 0xBF, 0xCF, 0xF0, 0xF8, 0x3E, 0x1F,
    0x07, 0xC3, 0xE0, 0xF8, 0x7C, 0x1F, 0x0F, 0x83, 0xE1, 0xF0, 0x7C, 0x3E, 0x0F, 0x87, 0xC1, 0xF0,
    0xF8, 0x3E, 0x1F, 0x07, 0xC3, 0xE0, 0xF8, 0x7C, 0x1F, 0x0F, 0x83, 0xE1, 0xF0, 0x7C, 0x3E, 0x0F,
    0x80, 0x7F, 0x3F, 0xFF, 0x9F, 0xFF, 0xDF, 0xFF, 0xEF, 0xF1, 0xF0, 0xF8, 0xF8, 0x7C, 0x7C, 0x3E,
    0x3E, 0x1F, 0x1F, 0x0F, 0x8F, 0x87, 0xC7, 0xC3, 0xE3, 0xE1, 0xF0, 0x00, 0xF8, 0x00, 0x7C, 0x00,
    0x3E, 0x00, 0x1F, 0x00, 0x0F, 0x80, 0x07, 0xC0, 0x03, 0xE0, 0x7F, 0x3F, 0xFF, 0xBF, 0xFF, 0xDF,
    0xFF, 0xEF, 0xF1, 0xF0, 0xF8, 0xF8, 0x7C, 0x7C, 0x3E, 0x3E, 0x1F, 0x1F, 0x0F, 0x8F, 0x87, 0xC7,
    0xC3, 0xE3, 0xE1, 0xF0, 0x00, 0x00, 0x77, 0xFF, 0xF7, 0xB9, 0xDC, 0xE0, 0x70, 0xEF, 0x9F, 0xF9,
    0xFF, 0x9F, 0x78, 0xF7, 0x0E, 0x70, 0xEE, 0x1C, 0xE1, 0xC0, 0x00, 0x00, 0x00, 0x00, 0x00, 0x03,
    0x00, 0x00, 0x00, 0xF0, 0x00, 0x00, 0x3F, 0x00, 0x00, 0x07, 0xC0, 0x00, 0x00, 0xF0, 0x00, 0x00,
    0x1E, 0x00, 0x00, 0x03, 0xC0, 0x00, 0x00, 0x78, 0x00, 0x00, 0x07, 0x83, 0xFF, 0xFF, 0xFF, 0x7F,
    0xFF, 0xFF, 0xEF, 0xFF, 0xFF, 0xFF, 0xFF, 0xFF, 0xFF, 0xFF, 0xFF, 0xFF, 0xF0, 0x00, 0x00, 0x00,
    0x00, 0x70, 0x00, 0x03, 0xC0, 0x00, 0x3E, 0x00, 0x03, 0xE0, 0x00, 0x1E, 0x00, 0x01, 0xF0, 0x00,
    0x0F, 0x00, 0x00, 0xFC, 0x00, 0x07, 0xF0, 0x00, 0x7F, 0xC0, 0x07, 0xFE, 0x00, 0x7F, 0xE0, 0x03,
    0xFE, 0x00, 0x1F, 0x00, 0x01, 0xF0, 0x00, 0x0F, 0x00, 0x40, 0xF8, 0x07, 0x07, 0x80, 0x7C, 0x78,
    0x07, 0xF7, 0xC0, 0x1F, 0x3C, 0x00, 0x70, 0xE0, 0x01, 0x00, 0x00, 0x00, 0x00, 0x00, 0x00, 0x00,
    0x38, 0x00, 0x00, 0xF0, 0x00, 0x07, 0xC0, 0x00, 0x3E, 0x00, 0x00, 0xF0, 0x00, 0x07, 0xC0, 0x00,
    0x1E, 0x00, 0x00, 0xF8, 0xC0, 0x03, 0xC7, 0x80, 0x1F, 0x3F, 0x00, 0x78, 0xFC, 0x03, 0xC7, 0xF0,
    0x1F, 0x0F, 0x80, 0x78, 0x3C, 0x03, 0xE0, 0x60, 0x0F, 0x00, 0x40, 0x7C, 0x03, 0x81, 0xE0, 0x1F,
    0x0F, 0x00, 0xFE, 0x7C, 0x01, 0xF9, 0xE0, 0x03, 0xC3, 0x80, 0x06, 0x00, 0x00, 0x00, 0x01, 0x80,
    0x07, 0x80, 0x0F, 0x00, 0x1E, 0x00, 0x18, 0x00, 0x00, 0x00, 0x60, 0x03, 0xF8, 0x0F, 0xF8, 0x3F,
    0xF0, 0x7F, 0xF1, 0xF3, 0xE3, 0xC3, 0xE7, 0x83, 0xCF, 0x07, 0x9F, 0x0F, 0x3F, 0xFE, 0x3F, 0xFC,
    0x3F, 0xF8, 0x3F, 0xF0, 0x03, 0xFF, 0xFF, 0xBF, 0xFF, 0x7F, 0xFC, 0x7F, 0xE0, 0xFF, 0x00, 0x00,
    0x00, 0x06, 0x00, 0x1C, 0x00, 0x38, 0x00, 0x70, 0x00, 0xE0, 0x01, 0xC0, 0x03, 0x80, 0x00, 0x00,
    0x1C, 0x78, 0xF1, 0xC7, 0x8F, 0x3F, 0x7E, 0xFD, 0xF9, 0xE0, 0x06, 0x03, 0xE0, 0xF8, 0x3C, 0x1F,
    0x07, 0x81, 0xE0, 0xF0, 0x3C, 0x1E, 0x07, 0x81, 0xE0, 0xF0, 0x3C, 0x00, 0x00, 0x30, 0x1B, 0x8F,
    0xE7, 0x33, 0x1B, 0xFD, 0xFC, 0x1C, 0x78, 0xF1, 0xC7, 0x8F, 0x3F, 0x7E, 0xFD, 0xF9, 0xE0, 0x00,
    0x0F, 0x3F, 0x7E, 0xFD, 0xF9, 0xE0, 0x0C, 0x07, 0x81, 0xE0, 0x30, 0x61, 0xBC, 0xFF, 0x3D, 0x86,
    0x0F, 0xC0, 0x7F, 0xE1, 0xFF, 0xF7, 0xFF, 0xFF, 0xC7, 0xDF, 0x02, 0x3E, 0x00, 0x7E, 0x00, 0x7E,
    0x00, 0x7E, 0x00, 0x7E, 0x00, 0x3E, 0x00, 0x7C, 0x00, 0x78, 0x00, 0xF0, 0x00, 0x00, 0x00, 0x00,
    0x00, 0x00, 0x0F, 0x00, 0x3F, 0x00, 0x7E, 0x00, 0xFC, 0x01, 0xF8, 0x01, 0xE0, 0x00, 0x00, 0xFC,
    0x00, 0x01, 0xFF, 0x00, 0x01, 0xFF, 0xC0, 0x01, 0xFF, 0xC0, 0x01, 0xFF, 0xE0, 0x00, 0xF0, 0x20,
    0x00, 0xF0, 0x00, 0x00, 0x78, 0x00, 0x70, 0x3E, 0x00, 0x38, 0x1F, 0xF0, 0x3C, 0x07, 0xFF, 0x1E,
    0x01, 0xFF, 0xCF, 0x00, 0x7F, 0xE7, 0x80, 0x07, 0xFB, 0xC0, 0x00, 0x7D, 0xE0, 0x00, 0x1E, 0xF8,
    0x00, 0x1F, 0x7E, 0x00, 0x3F, 0x1F, 0xFF, 0xFF, 0x8F, 0xFF, 0xFF, 0x83, 0xFF, 0xFF, 0x80, 0x7F,
    0xFF, 0x00, 0x0F, 0xFC, 0x00, 0x03, 0x18, 0x00, 0x01, 0x8C, 0x00, 0x00, 0xFE, 0x00, 0x00, 0x3E,
    0x00, 0x00, 0x07, 0xF0, 0x1F, 0xF0, 0x7F, 0xE1, 0xFF, 0xC3, 0xFF, 0x07, 0x80, 0x0F, 0x00, 0x1E,
    0x00, 0x1E, 0x00, 0xFF, 0xFB, 0xFF, 0xF7, 0xFF, 0xEF, 0xFF, 0xDF, 0xFF, 0x00, 0x3C, 0x0F, 0xE7,
    0xF9, 0x9C, 0x00, 0x00, 0x01, 0xE0, 0x78, 0x1E, 0x07, 0x81, 0xE0, 0x78, 0x1E, 0x07, 0x81, 0xE0,
    0x78, 0x1E, 0x07, 0x81, 0xE0, 0x78, 0x1E, 0x07, 0x81, 0xE0, 0x78, 0x1E, 0x07, 0x81, 0xE0, 0x00,
    0x3E, 0x7E, 0x70, 0x70, 0x3F, 0xFF, 0xFC, 0x00, 0x04, 0x3C, 0x3C, 0x3C, 0x3C, 0x3C, 0x3C, 0x3C,
    0x3C, 0x3C, 0x3C, 0x3C, 0x3C, 0x3C, 0x3C, 0x3C, 0x3C, 0x3C, 0x3C, 0x3C, 0x3C, 0x3C, 0x00, 0x00,
    0x03, 0xC0, 0x0F, 0x80, 0x18, 0x00, 0x30, 0x00, 0x7E, 0x01, 0xFC, 0x03, 0xE0, 0x00, 0x00, 0x03,
    0x00, 0x1F, 0xC0, 0x7F, 0xC1, 0xFF, 0x83, 0xFF, 0x8F, 0x8F, 0x1E, 0x0F, 0x3C, 0x1E, 0x78, 0x1C,
    0xFF, 0xF9, 0xFF, 0xF1, 0xFF, 0xE1, 0xFF, 0xC1, 0xFF, 0x80, 0x0F, 0x00, 0x3C, 0x01, 0xF8, 0x0F,
    0xE0, 0xFF, 0x87, 0xFE, 0x0F, 0xF8, 0x0F, 0xC0, 0x1E, 0x00, 0x00, 0x00, 0x3C, 0x3C, 0x3C, 0x3C,
    0x3C, 0x3C, 0x3C, 0x3C, 0x3C, 0x3C, 0x3C, 0x3C, 0x3C, 0x3C, 0x3C, 0x3C, 0x3C, 0x3C, 0x3C, 0x3C,
    0x3C, 0x3C, 0x3C, 0x3C, 0x3C, 0x3C, 0x00, 0x3E, 0x7E, 0x74, 0x70, 0x3F, 0xFF, 0xFE, 0x00, 0x3E,
    0x00, 0x00, 0x1F, 0x80, 0x00, 0x07, 0xA0, 0x07, 0xE1, 0xC0, 0x07, 0xFC, 0x3F, 0x03, 0xFF, 0x9F,
    0xC1, 0xFF, 0xC7, 0xF0, 0xFF, 0xF1, 0x80, 0x3C, 0x08, 0x00, 0x1E, 0x00, 0x00, 0x07, 0x80, 0x03,
    0x81, 0xF0, 0x00, 0xE0, 0x7F, 0xC0, 0x78, 0x0F, 0xFE, 0x1E, 0x01, 0xFF, 0xC7, 0x80, 0x3F, 0xF1,
    0xE0, 0x01, 0xFE, 0x78, 0x00, 0x0F, 0x9E, 0x00, 0x01, 0xE7, 0xC0, 0x00, 0xF9, 0xF8, 0x00, 0xFC,
    0x3F, 0xFF, 0xFF, 0x0F, 0xFF, 0xFF, 0x81, 0xFF, 0xFF, 0xC0, 0x1F, 0xFF, 0xC0, 0x01, 0xFF, 0xC0,
    0x00, 0xFF, 0xFF, 0xFF, 0xFF, 0xFF, 0xFF, 0xFF, 0xFF, 0xFF, 0xFF, 0xFF, 0xFF, 0xFF, 0x00, 0x00,
    0x00, 0x00, 0x00, 0x00, 0x78, 0x00, 0x00, 0x0F, 0x38, 0x00, 0x01, 0xEF, 0x00, 0x00, 0x3F, 0xE0,
    0x00, 0x03, 0xFC, 0x00, 0x00, 0x7F, 0x80, 0x00, 0x0F, 0xF0, 0x00, 0x01, 0xFF, 0x00, 0x00, 0xFF,
    0xFF, 0xFF, 0xFF, 0x3F, 0xFF, 0xFF, 0xE7, 0xFF, 0xFF, 0xF8, 0x7F, 0xFF, 0xFC, 0x03, 0xFF, 0xFC,
    0x00, 0x00, 0x00, 0x00, 0x00, 0x00, 0x00, 0x00, 0x01, 0x00, 0x00, 0x00, 0x78, 0x00, 0x00, 0x0F,
    0x00, 0x00, 0x01, 0xE0, 0x00, 0x00, 0x18, 0x00, 0x00, 0x0C, 0x60, 0x3D, 0xE0, 0x7B, 0xC0, 0xE3,
    0x80, 0x82, 0x00, 0x00, 0x00, 0x00, 0x00, 0x80, 0x01, 0xC0, 0x0F, 0xC0, 0x3F, 0xC0, 0xFF, 0xC3,
    0xFF, 0x8F, 0x9F, 0x9E, 0x1F, 0x7C, 0x1E, 0xF0, 0x1F, 0xE0, 0x3F, 0xC0, 0x7F, 0x80, 0xFF, 0x03,
    0xFF, 0x07, 0xBF, 0xFF, 0x3F, 0xFE, 0x3F, 0xF8, 0x3F, 0xE0, 0x3F, 0x00, 0x00, 0x61, 0x80, 0x00,
    0x1E, 0x78, 0x00, 0x03, 0xCF, 0x00, 0x00, 0x39, 0xC0, 0x00, 0x02, 0x10, 0x3C, 0x00, 0x00, 0x07,
    0x9C, 0x00, 0x00, 0xF7, 0x80, 0x00, 0x1F, 0xF0, 0x00, 0x01, 0xFE, 0x00, 0x00, 0x3F, 0xC0, 0x00,
    0x07, 0xF8, 0x00, 0x00, 0xFF, 0x80, 0x00, 0x7F, 0xFF, 0xFF, 0xFF, 0xBF, 0xFF, 0xFF, 0xF3, 0xFF,
    0xFF, 0xFC, 0x3F, 0xFF, 0xFE, 0x01, 0xFF, 0xFE, 0x00, 0x00, 0x0C, 0x00, 0x00, 0x03, 0xC0, 0x00,
    0x00, 0x78, 0x00, 0x00, 0x06, 0x00, 0x00, 0x00, 0x00, 0x00, 0x00, 0xC3, 0x00, 0x00, 0x3C, 0xF0,
    0x00, 0x07, 0x9E, 0x00, 0x00, 0x61, 0x81, 0xC0, 0x00, 0x00, 0x79, 0xC0, 0x00, 0x0F, 0x38, 0x00,
    0x01, 0xFF, 0x00, 0x00, 0x1F, 0xE0, 0x00, 0x03, 0xFC, 0x00, 0x00, 0x7F, 0x80, 0x00, 0x0F, 0xF8,
    0x00, 0x07, 0xFF, 0xFF, 0xFF, 0xFB, 0xFF, 0xFF, 0xFF, 0x3F, 0xFF, 0xFF, 0xC3, 0xFF, 0xFF, 0xE0,
    0x1F, 0xFF, 0xE0, 0x00, 0x03, 0x80, 0x00, 0xFF, 0xC0, 0x07, 0xFF, 0x80, 0x1F, 0xFF, 0x80, 0x3F,
    0xFF, 0x00, 0xE0, 0xFF, 0x00, 0x00, 0xFF, 0x00, 0x07, 0xFC, 0x00, 0xFF, 0xF0, 0x0F, 0xFF, 0xC0,
    0x7F, 0x80, 0x03, 0xF0, 0x00, 0x1F, 0x00, 0x00, 0xF8, 0x00, 0x03, 0xC0, 0x00, 0x1F, 0x00, 0x00,
    0x78, 0x18, 0x01, 0xE0, 0xF0, 0x07, 0x83, 0xC0, 0x1E, 0x0F, 0x00, 0x78, 0x08, 0x01, 0xF0, 0x00,
    0x07, 0xC0, 0x00, 0x0F, 0xC0, 0x0C, 0x3F, 0xFF, 0xF8, 0x7F, 0xFF, 0xE0, 0xFF, 0xFF, 0x80, 0xFF,
    0xFC, 0x00, 0xFF, 0xC0, 0x03, 0x80, 0x00, 0xFF, 0xC0, 0x07, 0xFF, 0xC0, 0x1F, 0xFF, 0x80, 0x3F,
    0xFF, 0x80, 0xE0, 0xFF, 0x00, 0x00, 0x7F, 0x80, 0x07, 0xFE, 0x00, 0xFF, 0xF8, 0x0F, 0xFF, 0xE0,
    0x7F, 0xC0, 0x03, 0xF0, 0x00, 0x1F, 0x00, 0x00, 0xF8, 0x00, 0x03, 0xC0, 0x00, 0x1F, 0x00, 0x00,
    0x78, 0x00, 0x01, 0xE0, 0x00, 0x07, 0x80, 0x00, 0x1E, 0x00, 0x00, 0x78, 0x00, 0x01, 0xF0, 0x00,
    0x07, 0xE0, 0x00, 0x0F, 0xC0, 0x06, 0x3F, 0xFF, 0xF8, 0x7F, 0xFF, 0xF0, 0xFF, 0xFF, 0xC0, 0xFF,
    0xFE, 0x00, 0xFF, 0xC0, 0x03, 0x00, 0x00, 0x3C, 0x00, 0x01, 0xE0, 0x00, 0x0F, 0x00, 0x00, 0x20,
    0x00, 0x00, 0x00, 0x00, 0x0C, 0x00, 0x07, 0xFC, 0x00, 0x7F, 0xF8, 0x03, 0xFF, 0xE0, 0x0F, 0xFF,
    0xC0, 0x70, 0xFF, 0x00, 0x00, 0xFF, 0x00, 0x1F, 0xF8, 0x03, 0xFF, 0xC0, 0x7F, 0xFE, 0x07, 0xF8,
    0x00, 0x7E, 0x00, 0x07, 0xC0, 0x00, 0x7C, 0x00, 0x03, 0xC0, 0x00, 0x3E, 0x00, 0x01, 0xE0, 0x00,
    0x0F, 0x00, 0x00, 0x78, 0x00, 0x03, 0xC0, 0x00, 0x1E, 0x00, 0x00, 0xF8, 0x00, 0x07, 0xC0, 0x00,
    0x1F, 0x80, 0x18, 0xFF, 0xFF, 0xC3, 0xFF, 0xFE, 0x0F, 0xFF, 0xF8, 0x3F, 0xFF, 0x80, 0x3F, 0xE0,
    0x00, 0x00, 0x03, 0x00, 0x0F, 0x00, 0x3F, 0x00, 0x3F, 0x00, 0x3E, 0x00, 0x3E, 0x00, 0x7E, 0x00,
    0x7C, 0x00, 0x78, 0x00, 0xF8, 0x00, 0xF0, 0x01, 0xE0, 0x07, 0xCF, 0xFF, 0xBF, 0xFE, 0x7F, 0xF8,
    0xFF, 0xE1, 0xFF, 0x00, 0x0C, 0x00, 0x78, 0x01, 0xE0, 0x07, 0x80, 0x08, 0x00, 0x00, 0x00, 0x00,
    0x00, 0xC0, 0x07, 0x80, 0x3F, 0x00, 0x7E, 0x00, 0xFC, 0x01, 0xF0, 0x03, 0xE0, 0x07, 0x80, 0x1F,
    0x00, 0x3C, 0x00, 0xF0, 0x03, 0xC0, 0x1F, 0x7F, 0xFD, 0xFF, 0xE7, 0xFF, 0xBF, 0xF8, 0x7F, 0x80,
    0x00, 0x00, 0x07, 0x00, 0xFC, 0x03, 0xE0, 0x1F, 0x00, 0x78, 0x03, 0xE0, 0x1F, 0x00, 0x78, 0x03,
    0xC0, 0x1E, 0x00, 0xF0, 0x0F, 0x00, 0xF8, 0x0F, 0xC0, 0xFC, 0x3F, 0xE3, 0xFE, 0x1F, 0xE0, 0xFC,
    0x03, 0x80, 0x00, 0x00, 0x01, 0x00, 0x7C, 0x07, 0xC0, 0x7C, 0x03, 0x80, 0x00, 0x00, 0x00, 0x00,
    0x00, 0xE0, 0x3E, 0x03, 0xE0, 0x1F, 0x01, 0xF0, 0x1F, 0x00, 0xF0, 0x0F, 0x00, 0xF0, 0x0F, 0x00,
    0xF0, 0x0F, 0x01, 0xF0, 0x3E, 0x07, 0xE1, 0xFC, 0xFF, 0x8F, 0xF0, 0x7E, 0x07, 0xC0, 0x20, 0x00,
    0x00, 0x00, 0x00, 0x00, 0x00, 0x00, 0x00, 0x00, 0x00, 0xE0, 0x00, 0x00, 0x00, 0x07, 0x80, 0x00,
    0x00, 0x0E, 0x1F, 0x00, 0x00, 0xE0, 0x3C, 0x3C, 0x00, 0x0F, 0x80, 0xF0, 0xF0, 0x00, 0x1E, 0x03,
    0xC3, 0xC0, 0x00, 0x7C, 0x0F, 0x0F, 0x20, 0x01, 0xF0, 0x3C, 0x3D, 0xE0, 0x03, 0xE1, 0xF0, 0xF7,
    0x00, 0x0F, 0xFF, 0xFF, 0xFC, 0x00, 0x3F, 0xFF, 0xFF, 0xF0, 0x00, 0xFF, 0xFF, 0xFB, 0xC0, 0x03,
    0xFF, 0x9F, 0xCF, 0x00, 0x0F, 0x7C, 0x3E, 0x3C, 0x00, 0x3C, 0x00, 0x00, 0xF0, 0x01, 0xF0, 0x00,
    0x03, 0xE0, 0x07, 0xC0, 0x00, 0x0F, 0xE0, 0x7E, 0x00, 0x00, 0x1F, 0xFF, 0xF8, 0x00, 0x00, 0x7F,
    0xFF, 0xC0, 0x00, 0x00, 0xFF, 0xFE, 0x00, 0x00, 0x00, 0xFF, 0xF0, 0x00, 0x00, 0x00, 0x7C, 0x00,
    0x00, 0x00, 0x00, 0x00, 0x00, 0x30, 0x00, 0x00, 0x00, 0x01, 0xE0, 0x00, 0x00, 0x00, 0x07, 0x80,
    0x00, 0x00, 0x00, 0x0C, 0x00, 0x00, 0x00, 0x01, 0x86, 0x00, 0x00, 0x00, 0x0F, 0x3C, 0x00, 0x00,
    0x00, 0x3C, 0xF0, 0x00, 0x00, 0x00, 0x61, 0x80, 0x00, 0x00, 0x00, 0x00, 0x38, 0x00, 0x00, 0x00,
    0x01, 0xE0, 0x00, 0x00, 0x03, 0x87, 0xC0, 0x00, 0x38, 0x0F, 0x0F, 0x00, 0x03, 0xE0, 0x3C, 0x3C,
    0x00, 0x0F, 0x80, 0xF0, 0xF0, 0x00, 0x1F, 0x03, 0xC3, 0xC8, 0x00, 0x7C, 0x0F, 0x0F, 0x78, 0x00,
    0xF8, 0x7C, 0x3D, 0xC0, 0x03, 0xFF, 0xFF, 0xFF, 0x00, 0x0F, 0xFF, 0xFF, 0xFC, 0x00, 0x3F, 0xFF,
    0xFE, 0xF0, 0x00, 0xFF, 0xEF, 0xF3, 0xC0, 0x03, 0xDF, 0x0F, 0x8F, 0x00, 0x0F, 0x00, 0x00, 0x3C,
    0x00, 0x7C, 0x00, 0x00, 0xF8, 0x01, 0xF0, 0x00, 0x03, 0xF8, 0x1F, 0x80, 0x00, 0x07, 0xFF, 0xFE,
    0x00, 0x00, 0x1F, 0xFF, 0xF0, 0x00, 0x00, 0x3F, 0xFF, 0x80, 0x00, 0x00, 0x3F, 0xFC, 0x00, 0x00,
    0x00, 0x1F, 0x00, 0x00, 0x00, 0x00, 0x00, 0x00, 0x00, 0x01, 0xF8, 0x00, 0x00, 0x00, 0x01, 0xFF,
    0x80, 0x00, 0x00, 0x00, 0xFF, 0xF0, 0x00, 0x00, 0x00, 0x7F, 0xFE, 0x00, 0x00, 0x00, 0x3F, 0xFF,
    0x80, 0x00, 0x38, 0x1F, 0x81, 0xF0, 0x00, 0x3E, 0x0F, 0x80, 0x3C, 0x00, 0x0F, 0x83, 0xC0, 0x0F,
    0x00, 0x01, 0xF1, 0xE0, 0x03, 0xC8, 0x00, 0x7C, 0x78, 0x01, 0xF7, 0x80, 0x0F, 0xBC, 0x00, 0xFD,
    0xC0, 0x03, 0xFF, 0xFF, 0xFE, 0xF0, 0x00, 0xFF, 0xFF, 0xFF, 0xBC, 0x00, 0x3F, 0xFF, 0xFF, 0xCF,
    0x00, 0x0F, 0xFF, 0xFF, 0xE3, 0xC0, 0x03, 0xDF, 0xFF, 0xE0, 0xF0, 0x00, 0xF0, 0x00, 0x00, 0x3C,
    0x00, 0x7C, 0x00, 0x00, 0x0F, 0x80, 0x1F, 0x00, 0x00, 0x03, 0xF8, 0x1F, 0x80, 0x00, 0x00, 0x7F,
    0xFF, 0xE0, 0x00, 0x00, 0x1F, 0xFF, 0xF0, 0x00, 0x00, 0x03, 0xFF, 0xF8, 0x00, 0x00, 0x00, 0x3F,
    0xFC, 0x00, 0x00, 0x00, 0x01, 0xF0, 0x00, 0x00, 0x00, 0x00, 0x00, 0x00, 0x00, 0x00, 0xC0, 0x00,
    0x00, 0x00, 0x00, 0x78, 0x00, 0x00, 0x00, 0x00, 0x1E, 0x00, 0x00, 0x00, 0x00, 0x07, 0x80, 0x00,
    0x00, 0x00, 0x00, 0xC0, 0x00, 0x00, 0x00, 0x00, 0x00, 0x00, 0x00, 0x00, 0x00, 0x1F, 0x80, 0x00,
    0x00, 0x00, 0x1F, 0xF8, 0x00, 0x00, 0x00, 0x0F, 0xFF, 0x00, 0x00, 0x00, 0x07, 0xFF, 0xE0, 0x00,
    0x00, 0x03, 0xFF, 0xF8, 0x00, 0x03, 0x81, 0xF8, 0x1F, 0x00, 0x03, 0xE0, 0xF8, 0x03, 0xC0, 0x00,
    0xF8, 0x3C, 0x00, 0xF0, 0x00, 0x1F, 0x1E, 0x00, 0x3C, 0x80, 0x07, 0xC7, 0x80, 0x1F, 0x78, 0x00,
    0xFB, 0xC0, 0x0F, 0xDC, 0x00, 0x3F, 0xFF, 0xFF, 0xEF, 0x00, 0x0F, 0xFF, 0xFF, 0xFB, 0xC0, 0x03,
    0xFF, 0xFF, 0xFC, 0xF0, 0x00, 0xFF, 0xFF, 0xFE, 0x3C, 0x00, 0x3D, 0xFF, 0xFE, 0x0F, 0x00, 0x0F,
    0x00, 0x00, 0x03, 0xC0, 0x07, 0xC0, 0x00, 0x00, 0xF8, 0x01, 0xF0, 0x00, 0x00, 0x3F, 0x81, 0xF8,
    0x00, 0x00, 0x07, 0xFF, 0xFE, 0x00, 0x00, 0x01, 0xFF, 0xFF, 0x00, 0x00, 0x00, 0x3F, 0xFF, 0x80,
    0x00, 0x00, 0x03, 0xFF, 0xC0, 0x00, 0x00, 0x00, 0x1F, 0x00, 0x00, 0x00, 0x00, 0x00, 0x00, 0x00,
    0x00, 0xF0, 0x00, 0x00, 0x3C, 0x00, 0x00, 0x0F, 0x00, 0x00, 0x03, 0xC0, 0x00, 0x00, 0xF0, 0x00,
    0x00, 0x3C, 0x00, 0x00, 0x0F, 0x00, 0x00, 0x03, 0xC0, 0x00, 0x00, 0xF0, 0x00, 0x00, 0x3C, 0x00,
    0x00, 0x0F, 0x07, 0xE0, 0x03, 0xC7, 0xFE, 0x00, 0xF3, 0xFF, 0xC0, 0x3F, 0xFF, 0xF8, 0x0F, 0xFF,
    0xFE, 0x03, 0xFE, 0x07, 0xC0, 0xFE, 0x00, 0xF0, 0x3F, 0x00, 0x3C, 0x0F, 0x80, 0x0F, 0x03, 0xC0,
    0x07, 0xC0, 0xF0, 0x03, 0xF3, 0xFF, 0xFF, 0xF9, 0xFF, 0xFF, 0xFE, 0x7F, 0xFF, 0xFF, 0x1F, 0xFF,
    0xFF, 0x87, 0xFF, 0xFF, 0x00, 0x03, 0xC0, 0x00, 0x00, 0xF0, 0x00, 0x00, 0x3C, 0x00, 0x00, 0x0F,
    0x00, 0x00, 0x03, 0xC0, 0xC0, 0x00, 0xF0, 0x78, 0x00, 0x3C, 0x1E, 0x00, 0x0F, 0x07, 0x80, 0x03,
    0xC0, 0x40, 0x00, 0xF0, 0x00, 0x00, 0x3C, 0x1F, 0x80, 0x0F, 0x1F, 0xF8, 0x03, 0xCF, 0xFF, 0x00,
    0xFF, 0xFF, 0xE0, 0x3F, 0xFF, 0xF8, 0x0F, 0xF8, 0x1F, 0x03, 0xF8, 0x03, 0xC0, 0xFC, 0x00, 0xF0,
    0x3E, 0x00, 0x3C, 0x0F, 0x00, 0x1F, 0x03, 0xC0, 0x0F, 0xCF, 0xFF, 0xFF, 0xE7, 0xFF, 0xFF, 0xF9,
    0xFF, 0xFF, 0xFC, 0x7F, 0xFF, 0xFE, 0x1F, 0xFF, 0xFC, 0x00, 0x03, 0xF0, 0x01, 0xFF, 0x00, 0x7F,
    0xE0, 0x1F, 0xFC, 0x03, 0xFF, 0x00, 0xF8, 0x00, 0x1E, 0x00, 0x03, 0xC0, 0x00, 0x3C, 0x00, 0x07,
    0x81, 0xC0, 0x7F, 0xF8, 0x07, 0xFF, 0x00, 0xFF, 0xF0, 0x3F, 0xFC, 0x0F, 0xE0, 0x03, 0xE0, 0x00,
    0x78, 0x00, 0x1E, 0x00, 0x03, 0xC0, 0x00, 0x78, 0x00, 0x0F, 0x00, 0x01, 0xE0, 0x00, 0x3E, 0x00,
    0x07, 0xE0, 0x0C, 0x7F, 0xFF, 0x87, 0xFF, 0xF8, 0x7F, 0xFF, 0x07, 0xFF, 0xE0, 0x3F, 0xE0, 0x00,
    0x40, 0x00, 0x3C, 0x00, 0x07, 0x80, 0x00, 0xF0, 0x00, 0x0C, 0x00, 0x00, 0x00, 0x00, 0x00, 0x00,
    0x1F, 0x80, 0x0F, 0xFC, 0x03, 0xFF, 0x00, 0xFF, 0xE0, 0x1F, 0xFC, 0x07, 0xC0, 0x00, 0xF0, 0x00,
    0x1E, 0x00, 0x01, 0xE0, 0x00, 0x3E, 0x06, 0x03, 0xFF, 0xE0, 0x3F, 0xFC, 0x07, 0xFF, 0x81, 0xFF,
    0xE0, 0x7F, 0x00, 0x1F, 0x00, 0x03, 0xC0, 0x00, 0xF0, 0x00, 0x1E, 0x00, 0x03, 0xC0, 0x00, 0x78,
    0x00, 0x0F, 0x00, 0x01, 0xF0, 0x00, 0x3F, 0x00, 0x23, 0xFF, 0xFE, 0x3F, 0xFF, 0xC3, 0xFF, 0xFC,
    0x3F, 0xFF, 0x01, 0xFF, 0x00, 0x00, 0x04, 0x20, 0x00, 0x00, 0xE7, 0x00, 0x00, 0x1E, 0x78, 0x00,
    0x01, 0xE7, 0x81, 0x00, 0x0C, 0x30, 0x70, 0x00, 0x00, 0x1F, 0x00, 0x00, 0x03, 0xF0, 0x00, 0x00,
    0xFF, 0x00, 0x00, 0x3F, 0xE0, 0x00, 0x0F, 0xF8, 0x00, 0x01, 0xFE, 0x00, 0x00, 0x3F, 0x80, 0x00,
    0x03, 0xE0, 0x00, 0x00, 0x3F, 0x80, 0x00, 0x03, 0xFC, 0x00, 0x00, 0x1F, 0xF0, 0x00, 0x00, 0x3F,
    0x87, 0x00, 0x00, 0xFC, 0x70, 0x00, 0x07, 0xCF, 0x00, 0x00, 0x3E, 0xF0, 0x00, 0x01, 0xEF, 0x00,
    0x00, 0x1E, 0xF0, 0x00, 0x03, 0xEF, 0x80, 0x00, 0xFC, 0xFF, 0xFF, 0xFF, 0xCF, 0xFF, 0xFF, 0xF8,
    0x7F, 0xFF, 0xFF, 0x03, 0xFF, 0xFF, 0xC0, 0x0F, 0xFF, 0xE0, 0x00, 0x00, 0x00, 0x00, 0x00, 0x00,
    0x00, 0x01, 0x00, 0x00, 0x00, 0x70, 0x00, 0x00, 0x1F, 0x00, 0x00, 0x07, 0xF0, 0x00, 0x01, 0xFF,
    0x00, 0x00, 0x3F, 0xC0, 0x00, 0x0F, 0xF0, 0x00, 0x03, 0xFC, 0x00, 0x00, 0x3F, 0x00, 0x00, 0x03,
    0xE0, 0x00, 0x00, 0x3F, 0x80, 0x00, 0x03, 0xFE, 0x00, 0x00, 0x0F, 0xF0, 0x00, 0x00, 0x3F, 0x87,
    0x00, 0x00, 0xFC, 0xF0, 0x00, 0x07, 0xCF, 0x00, 0x00, 0x3E, 0xF0, 0x00, 0x01, 0xEF, 0x00, 0x00,
    0x1E, 0xF0, 0x00, 0x03, 0xEF, 0x80, 0x00, 0xFC, 0xFF, 0xFF, 0xFF, 0xC7, 0xFF, 0xFF, 0xF8, 0x7F,
    0xFF, 0xFF, 0x03, 0xFF, 0xFF, 0xC0, 0x0F, 0xFF, 0xE0, 0x00, 0x00, 0x00, 0x00, 0x00, 0x00, 0x00,
    0x00, 0x00, 0x00, 0x00, 0x00, 0x63, 0x00, 0x00, 0x0F, 0x78, 0x00, 0x00, 0xF7, 0x80, 0x00, 0x06,
    0x30, 0x00, 0x00, 0x18, 0x00, 0x00, 0x03, 0xC0, 0x00, 0x00, 0x3C, 0x00, 0x00, 0x01, 0x80, 0x00,
    0x39, 0xFF, 0xFF, 0x7C, 0x00, 0x00, 0x18, 0x00, 0x00, 0x07, 0x80, 0x00, 0x00, 0xF0, 0x00, 0x00,
    0x1E, 0x00, 0x00, 0x00, 0x80, 0x00, 0x00, 0x00, 0x00, 0x00, 0x06, 0x00, 0x00, 0x07, 0xF0, 0x00,
    0x01, 0xFF, 0x80, 0x00, 0x7F, 0xF0, 0x00, 0x0F, 0xFF, 0x00, 0x03, 0xE3, 0xE0, 0x00, 0x78, 0x3E,
    0x00, 0x0F, 0x03, 0xC0, 0x01, 0xE0, 0x7B, 0x80, 0x3F, 0x0F, 0xF0, 0x03, 0xFF, 0xFE, 0x00, 0x7F,
    0xFF, 0xC0, 0x07, 0xFF, 0xF8, 0x00, 0x3F, 0xFF, 0x00, 0x00, 0x3F, 0xF0, 0x00, 0x0F, 0xBF, 0xFF,
    0xFF, 0xF3, 0xFF, 0xFF, 0xFC, 0x7F, 0xFF, 0xFF, 0x07, 0xFF, 0xFF, 0xC0, 0x3F, 0xFF, 0xC0, 0x00,
    0x00, 0x0C, 0x60, 0x00, 0x3D, 0xE0, 0x00, 0x7B, 0xC0, 0x00, 0x73, 0x80, 0x00, 0x42, 0x00, 0x00,
    0x00, 0x00, 0x00, 0x60, 0x00, 0x07, 0xF0, 0x00, 0x1F, 0xF8, 0x00, 0x7F, 0xF0, 0x00, 0xFF, 0xF0,
    0x03, 0xE3, 0xE0, 0x07, 0x83, 0xE0, 0x0F, 0x07, 0xDE, 0x1E, 0x07, 0xB8, 0x3F, 0x0F, 0xF0, 0x3F,
    0xFF, 0xE0, 0x7F, 0xFF, 0xC0, 0x7F, 0xFF, 0x80, 0x3F, 0xFF, 0x00, 0x03, 0xFE, 0x00, 0x07, 0xBE,
    0x00, 0x1F, 0x7F, 0x80, 0xFE, 0x7F, 0xFF, 0xF8, 0x7F, 0xFF, 0xE0, 0x7F, 0xFF, 0x80, 0x7F, 0xFC,
    0x00, 0x07, 0x80, 0x00, 0x00, 0x00, 0x07, 0x00, 0x00, 0x0F, 0x00, 0x00, 0x0F, 0x00, 0x00, 0x0F,
    0x00, 0x00, 0x0F, 0x00, 0x00, 0x0F, 0x00, 0x00, 0x0F, 0x00, 0x02, 0x0F, 0x00, 0x0E, 0x0F, 0x00,
    0x3E, 0x0F, 0x00, 0x3C, 0x0F, 0x00, 0x78, 0x0F, 0x00, 0x7E, 0x0F, 0x00, 0x0E, 0x0F, 0x60, 0x0E,
    0x0F, 0x70, 0xFE, 0x0F, 0xF0, 0xF8, 0x0F, 0xF0, 0x00, 0x0F, 0xF0, 0x00, 0x0F, 0xF0, 0x00, 0x0F,
    0xF8, 0x00, 0x3F, 0xFF, 0xFF, 0xFF, 0xFF, 0xFF, 0xFF, 0x7F, 0xFF, 0xFF, 0x3F, 0xFF, 0xF8, 0x0F,
    0xFF, 0xC0, 0x00, 0x00, 0x00, 0x00, 0x0F, 0x00, 0x00, 0xF0, 0x00, 0x0F, 0x00, 0x00, 0xF0, 0x00,
    0x0F, 0x00, 0x00, 0xF0, 0x00, 0x0F, 0x00, 0x00, 0xF0, 0x00, 0x0F, 0x00, 0x00, 0xF0, 0x00, 0x0F,
    0x00, 0x00, 0xF0, 0x00, 0x0F, 0x00, 0x00, 0xF0, 0x00, 0x0F, 0x00, 0x00, 0xF0, 0x00, 0x0F, 0x00,
    0x00, 0xF7, 0x00, 0x0F, 0x70, 0x00, 0xFF, 0x00, 0x0F, 0xF0, 0x00, 0xFF, 0x00, 0x0F, 0xF0, 0x00,
    0xFF, 0x00, 0x0F, 0xF0, 0x01, 0xFF, 0x80, 0x1E, 0xFC, 0x03, 0xE7, 0xFF, 0xFE, 0x7F, 0xFF, 0xC3,
    0xFF, 0xF8, 0x1F, 0xFF, 0x00, 0x7F, 0xC0, 0x00, 0x06, 0x00, 0x03, 0xF8, 0x00, 0x7F, 0xC0, 0x0F,
    0xFE, 0x00, 0xFF, 0xE0, 0x1F, 0x1F, 0x03, 0xE0, 0xF0, 0xBC, 0x0F, 0x3F, 0x80, 0xF7, 0xF8, 0x0F,
    0x7F, 0xE0, 0xFF, 0xFF, 0xFF, 0xF9, 0xFF, 0xEF, 0x0F, 0xFE, 0xF0, 0x3F, 0xCF, 0x00, 0xF8, 0xF0,
    0x00, 0x0F, 0x00, 0x00, 0xF0, 0x00, 0x0F, 0x00, 0x00, 0xF0, 0x00, 0x0F, 0x80, 0x00, 0xF8, 0x00,
    0x0F, 0x80, 0x00, 0x78, 0x00, 0x07, 0x80, 0x00, 0x78, 0x00, 0x00, 0x00, 0x00, 0x00, 0x80, 0x00,
    0x1E, 0x00, 0x01, 0xE0, 0x00, 0x1E, 0x00, 0x00, 0xC0, 0x00, 0x00, 0x04, 0x00, 0x03, 0xE0, 0x00,
    0x3E, 0x00, 0x03, 0xE0, 0x00, 0x1F, 0x70, 0x01, 0xF7, 0x00, 0x0F, 0xF0, 0x00, 0xFF, 0x00, 0x0F,
    0xF0, 0x00, 0xFF, 0x00, 0x0F, 0xF0, 0x00, 0xFF, 0x00, 0x0F, 0xF8, 0x01, 0xFF, 0xC0, 0x3E, 0x7F,
    0xFF, 0xE7, 0xFF, 0xFC, 0x3F, 0xFF, 0x81, 0xFF, 0xF0, 0x07, 0xFC, 0x00, 0x00, 0x00, 0x03, 0x00,
    0x1F, 0x80, 0x7F, 0x81, 0xFF, 0x07, 0xFF, 0x1F, 0x3F, 0x3C, 0x3E, 0xF8, 0x3D, 0xE0, 0x3F, 0xC0,
    0x7F, 0x80, 0xFF, 0x01, 0xFE, 0x07, 0xFE, 0x0F, 0x7F, 0xFE, 0x7F, 0xFC, 0x7F, 0xF0, 0x7F, 0xC0,
    0x7E, 0x00, 0x01, 0x80, 0x0F, 0xE0, 0x3F, 0xE0, 0xFF, 0xC1, 0xFF, 0xC7, 0xC7, 0x8F, 0x07, 0x9E,
    0x07, 0x3C, 0x0E, 0x7F, 0xFC, 0xFF, 0xF8, 0xFF, 0xF0, 0xFF, 0xE0, 0xFF, 0xC0, 0x07, 0x80, 0x1E,
    0x00, 0xFC, 0x07, 0xF0, 0x7F, 0xC3, 0xFF, 0x07, 0xFC, 0x07, 0xE0, 0x0F, 0x00, 0x00, 0x00, 0x00,
    0x00, 0xFC, 0x00, 0x01, 0xFF, 0x00, 0x01, 0xFF, 0xC0, 0x01, 0xFF, 0xC0, 0x01, 0xFF, 0xE0, 0x00,
    0xF0, 0x20, 0x00, 0xF0, 0x00, 0x00, 0x78, 0x00, 0x70, 0x3E, 0x00, 0x38, 0x1F, 0xF0, 0x3C, 0x07,
    0xFF, 0x1E, 0x01, 0xFF, 0xCF, 0x00, 0x7F, 0xE7, 0x80, 0x07, 0xFB, 0xC0, 0x00, 0x7D, 0xE0, 0x00,
    0x1E, 0xF8, 0x00, 0x1F, 0x7E, 0x00, 0x3F, 0x1F, 0xFF, 0xFF, 0x8F, 0xFF, 0xFF, 0x83, 0xFF, 0xFF,
    0x80, 0x7F, 0xFF, 0x00, 0x0F, 0xFE, 0x00, 0x00, 0x00, 0xFC, 0x00, 0x01, 0xFF, 0x00, 0x01, 0xFF,
    0xC0, 0x01, 0xFF, 0xC0, 0x01, 0xFF, 0xE0, 0x00, 0xF0, 0x20, 0x00, 0xF0, 0x00, 0x00, 0x78, 0x00,
    0x70, 0x3E, 0x00, 0x3C, 0x1F, 0xF0, 0x3C, 0x07, 0xFF, 0x1E, 0x01, 0xFF, 0xCF, 0x00, 0x7F, 0xE7,
    0x80, 0x07, 0xFB, 0xC0, 0x00, 0x7D, 0xE0, 0x00, 0x1E, 0xF8, 0x00, 0x1F, 0x7E, 0x00, 0x3F, 0x1F,
    0xFF, 0xFF, 0x8F, 0xFF, 0xFF, 0x83, 0xFF, 0xFF, 0x80, 0x7F, 0xFF, 0x00, 0x0F, 0xFE, 0x00, 0x00,
    0x00, 0x00, 0x01, 0x04, 0x00, 0x01, 0xC7, 0x00, 0x00, 0xF7, 0x80, 0x00, 0x7B, 0xC0, 0x00, 0x18,
    0xC0, 0x00, 0x01, 0x7F, 0xFF, 0xF0, 0x1F, 0xFF, 0xFC, 0x80, 0x00, 0x01, 0xE0, 0xFC, 0x33, 0x0E,
    0xDD, 0xFF, 0xF9, 0x7C, 0x1E, 0x00, 0x00, 0x00, 0x1F, 0xFF, 0xFC, 0x87, 0xFF, 0xFF, 0xC0, 0x07,
    0xFF, 0xFF, 0xC0, 0x00, 0x79, 0xFB, 0x37, 0x67, 0xCF, 0x3C, 0x70, 0x00, 0x00, 0x1F, 0xFF, 0xFC,
    0x80, 0x01, 0xED, 0xF6, 0x7F, 0x7F, 0xFB, 0xF8, 0x7D, 0xFF, 0x1E, 0x3F, 0xEF, 0x80, 0x1C, 0x0F,
    0xE7, 0xF9, 0xDC, 0x00, 0x00, 0x00, 0x1F, 0x1F, 0x8E, 0x07, 0x01, 0xFB, 0xFD, 0xF8, 0x00, 0x00,
    0x00, 0x1F, 0x1F, 0x8E, 0x07, 0x01, 0xFB, 0xFD, 0xFC, 0x00, 0x00, 0x1B, 0x6D, 0xB0, 0x63, 0x3B,
    0x9F, 0xC7, 0xC0, 0x22, 0x3B, 0x9F, 0xC7, 0xC1, 0xE0, 0xE0, 0x1C, 0x0F, 0x0F, 0x8F, 0xE7, 0x70,
    0x10, 0x00, 0xF3, 0xF6, 0x6D, 0xDF, 0x1E, 0x1E, 0x0C, 0x00, 0x00, 0x00, 0x3E, 0x07, 0xE0, 0x70,
    0x07, 0x07, 0xBF, 0x7F, 0xFC, 0xFC, 0x00, 0x00, 0x00, 0x10, 0x38, 0x7C, 0xFE, 0x7C, 0x38, 0x00,
    0x03, 0xC7, 0x9E, 0x79, 0xE3, 0xCF, 0x3C, 0xF3, 0xCF, 0x3C, 0xF3, 0xCF, 0x3C, 0xF3, 0xCF, 0x3C,
    0xF0, 0x00, 0x01, 0xF0, 0x3D, 0xE0, 0x7B, 0xC0, 0xF7, 0x81, 0xEF, 0x87, 0xCF, 0x9F, 0x1F, 0xFE,
    0x3F, 0xFC, 0x7F, 0xF0, 0xFF, 0xC1, 0xE6, 0x03, 0xC0, 0x07, 0x80, 0x0F, 0x00, 0x1E, 0x00, 0x3C,
    0x00, 0x78, 0x00, 0xF0, 0x01, 0xE0, 0x03, 0xC0, 0x07, 0x80, 0x00, 0x00, 0x00, 0x1E, 0x1E, 0x3D,
    0xE3, 0xC7, 0xBC, 0x78, 0xF7, 0x8F, 0x1E, 0xF1, 0xE7, 0xCF, 0x7C, 0xF1, 0xFF, 0xFE, 0x3F, 0xFF,
    0xC7, 0xFF, 0xF0, 0xFF, 0x7C, 0x1E, 0x82, 0x03, 0xC0, 0x00, 0x78, 0x00, 0x0F, 0x00, 0x01, 0xE0,
    0x00, 0x3C, 0x00, 0x07, 0x80, 0x00, 0xF0, 0x00, 0x1E, 0x00, 0x03, 0xC0, 0x00, 0x78, 0x00, 0x00,
    0x00, 0x40, 0x1F, 0x81, 0xFE, 0x0F, 0xF8, 0x7F, 0xE3, 0xF8, 0x0F, 0x80, 0x3C, 0x00, 0xF0, 0x01,
    0xE0, 0x03, 0xFE, 0x07, 0xF8, 0x3F, 0xE1, 0xF8, 0x0F, 0x80, 0x3C, 0x00, 0xF0, 0x03, 0xC0, 0x4F,
    0xFF, 0x1F, 0xFE, 0x7F, 0xF8, 0xFF, 0xE0, 0xFE, 0x00, 0x03, 0x80, 0x1F, 0xC0, 0x7F, 0xC1, 0xFF,
    0xC7, 0xFF, 0xCF, 0x8F, 0xBE, 0x0F, 0xF8, 0x0F, 0xF0, 0x1F, 0xE0, 0x3F, 0xC0, 0x7F, 0x80, 0xFF,
    0x83, 0xEF, 0xFF, 0x9F, 0xFF, 0x1F, 0xFC, 0x1F, 0xF0, 0x0F, 0x80, 0x3F, 0xF0, 0xFF, 0xF1, 0xFF,
    0xE3, 0xFF, 0xC7, 0xFF, 0x80, 0x0F, 0x00, 0x1E, 0x00, 0x3C, 0x00, 0x78, 0x00, 0xF0, 0x01, 0xE0,
    0x03, 0xC0, 0x07, 0x80, 0x0F, 0x00, 0x1E, 0x00, 0x3C, 0x00, 0x78, 0x00, 0xF0, 0x01, 0xF0, 0x01,
    0xE0, 0x03, 0xC0, 0x07, 0x80, 0x00, 0x00, 0x00, 0x00, 0x3E, 0x01, 0xFF, 0x80, 0x7D, 0xE0, 0x1E,
    0x7C, 0x0F, 0x9F, 0x03, 0xE3, 0xC0, 0xF0, 0xF8, 0x3C, 0x3E, 0x1F, 0x07, 0x87, 0x81, 0xE1, 0xE0,
    0x7C, 0xF8, 0x0F, 0x3C, 0x03, 0xCF, 0x00, 0xF3, 0xC0, 0x1F, 0xE0, 0x07, 0xF8, 0x01, 0xFE, 0x00,
    0x3F, 0x00, 0x0F, 0xC0, 0x03, 0xF0, 0x00, 0x78, 0x00, 0x01, 0xF0, 0x00, 0xFC, 0x00, 0x3F, 0x00,
    0x0F, 0xC0, 0x07, 0xF8, 0x01, 0xFE, 0x00, 0x7F, 0x80, 0x3E, 0xF0, 0x0F, 0x3C, 0x03, 0xCF, 0x01,
    0xF1, 0xE0, 0x78, 0x78, 0x1E, 0x1E, 0x0F, 0x87, 0xC3, 0xE0, 0xF0, 0xF0, 0x3C, 0x7C, 0x0F, 0x9F,
    0x03, 0xE7, 0x80, 0x7B, 0xE0, 0x1F, 0xF8, 0x07, 0xC0, 0x00, 0x00, 0x0F, 0x80, 0x3F, 0xE0, 0x7F,
    0xF0, 0x7F, 0xF8, 0xFF, 0xF8, 0xF0, 0x78, 0xF0, 0x3C, 0xF8, 0x3C, 0xFF, 0xFC, 0x7F, 0xFC, 0x7F,
    0xFC, 0x3F, 0xFC, 0x07, 0xFC, 0x00, 0x3C, 0x00, 0x3C, 0x00, 0x3C, 0x00, 0x3C, 0x00, 0x3C, 0x00,
    0x3E, 0x00, 0x1E, 0x00, 0x1E, 0x00, 0x1E, 0x00, 0x00, 0x00, 0x00, 0x06, 0x03, 0x83, 0xC0, 0xF1,
    0xF8, 0x7C, 0x7E, 0x3E, 0x0F, 0x0F, 0x01, 0x87, 0xC0, 0x01, 0xE0, 0x00, 0xF8, 0x00, 0x3C, 0x00,
    0x1F, 0x00, 0x07, 0x80, 0x03, 0xC0, 0x01, 0xF0, 0x00, 0x78, 0x00, 0x3E, 0x00, 0x0F, 0x04, 0x07,
    0xC3, 0x81, 0xE1, 0xF0, 0xF0, 0xFE, 0x7C, 0x1F, 0x1E, 0x03, 0x83, 0x80, 0x40, 0x00, 0x00, 0x01,
    0xE7, 0xDE, 0x79, 0xE7, 0x9C, 0xF3, 0xC0, 0x00, 0x01, 0xF7, 0xDE, 0x79, 0xE7, 0x9C, 0xF1, 0xC0,
    0x00, 0x00, 0x1C, 0x00, 0x00, 0x0E, 0x00, 0x00, 0x07, 0x00, 0x00, 0x03, 0x80, 0x00, 0x01, 0xC0,
    0x00, 0x00, 0xE0, 0x00, 0x00, 0x70, 0x00, 0x00, 0x38, 0x00, 0x78, 0x1E, 0x0F, 0xBF, 0xFF, 0x7F,
    0xCF, 0xFF, 0xFF, 0x80, 0xFF, 0xFF, 0x00, 0x1F, 0xFC, 0x00, 0x03, 0xF8, 0x00, 0x01, 0xFC, 0x00,
    0x01, 0xFF, 0x00, 0x00, 0xF7, 0xC0, 0x00, 0xF1, 0xE0, 0x00, 0xF0, 0x78, 0x00, 0x70, 0x1C, 0x00,
    0x78, 0x07, 0x00, 0x38, 0x01, 0xC0, 0x18, 0x00, 0xC0, 0x00, 0x00, 0x00, 0x00, 0x00, 0x00, 0x00,
    0x00, 0x00, 0x78, 0x00, 0x00, 0x0F, 0x38, 0x00, 0x01, 0xEF, 0x00, 0x00, 0x3F, 0xE0, 0x00, 0x03,
    0xFC, 0x00, 0x00, 0x7F, 0x80, 0x00, 0x0F, 0xF0, 0x00, 0x01, 0xFF, 0x00, 0x00, 0xFF, 0xFF, 0xFF,
    0xFF, 0x3F, 0xFF, 0xFF, 0xE7, 0xFF, 0xFF, 0xF8, 0x7F, 0xFF, 0xFC, 0x03, 0xFF, 0xFC, 0x00, 0x00,
    0x01, 0x80, 0x00, 0x1F, 0xC0, 0x00, 0x7F, 0xE0, 0x01, 0xFF, 0xC0, 0x03, 0xFF, 0xC0, 0x0F, 0x87,
    0x80, 0x1E, 0x07, 0x80, 0x3C, 0x0F, 0x78, 0x78, 0x1E, 0xE0, 0xFC, 0x3F, 0xC0, 0xFF, 0xFF, 0x81,
    0xFF, 0xFF, 0x01, 0xFF, 0xFE, 0x00, 0xFF, 0xFC, 0x00, 0x07, 0xF8, 0x00, 0x1E, 0xF8, 0x00, 0x7D,
    0xFE, 0x03, 0xF9, 0xFF, 0xFF, 0xE1, 0xFF, 0xFF, 0x81, 0xFF, 0xFE, 0x01, 0xFF, 0xF0, 0x00, 0x1E,
    0x00, 0x00, 0x1B, 0x6D, 0xB0, 0x07, 0x83, 0xF1, 0xDC, 0xE7, 0x7F, 0xDF, 0xE2, 0x00, 0x00, 0x00,
    0x07, 0x81, 0xE0, 0x78, 0x1E, 0x07, 0x81, 0xE0, 0x78, 0x1E, 0x07, 0x81, 0xE0, 0x78, 0x1E, 0x07,
    0x81, 0xE0, 0x78, 0x1E, 0x07, 0x81, 0xE0, 0x78, 0x1E, 0x07, 0x80, 0x00, 0x00, 0x3E, 0x07, 0xE0,
    0x70, 0x07, 0x07, 0xBE, 0x7F, 0xFC, 0xFC, 0x00, 0x00, 0x00, 0x0F, 0x00, 0xF0, 0x0F, 0x00, 0xF0,
    0x0F, 0x00, 0xF0, 0x0F, 0x00, 0xF0, 0x0F, 0x00, 0xF0, 0x0F, 0x00, 0xF0, 0x0F, 0x00, 0xF0, 0x0F,
    0x00, 0xF0, 0x0F, 0x00, 0xF0, 0x0F, 0x00, 0xF0, 0x0F, 0x00, 0x03, 0xC0, 0x3C, 0x03, 0xC0, 0x3C,
    0x03, 0xC0, 0x3C, 0x03, 0xC0, 0x3C, 0x03, 0xC0, 0x3C, 0x03, 0xC0, 0x3C, 0x03, 0xC0, 0x3C, 0x03,
    0xC0, 0x3C, 0x03, 0xC0, 0x3C, 0x03, 0xC0, 0x3C, 0x03, 0xC0, 0x3C, 0x03, 0xC0, 0x3C, 0x03, 0xC0,
    0x3C, 0x00, 0x00, 0x3E, 0x07, 0xE0, 0x70, 0x07, 0x07, 0xBF, 0x7F, 0xFC, 0xFC, 0x00, 0x00, 0x00,
    0x1F, 0x1F, 0x8E, 0x07, 0x01, 0xFB, 0xFD, 0xFC, 0x00, 0x00, 0x70, 0x03, 0xC0, 0x0F, 0x1F, 0x3C,
    0xFC, 0xF3, 0x83, 0xCE, 0x0F, 0x1F, 0xBD, 0xFE, 0xF7, 0xE3, 0xC0, 0x0F, 0x00, 0x3C, 0x00, 0xF0,
    0x03, 0xC0, 0x0F, 0x00, 0x3C, 0x00, 0xF0, 0x03, 0xC0, 0x0F, 0x00, 0x3C, 0x00, 0xF0, 0x03, 0xC0,
    0x0F, 0x00, 0x3C, 0x00, 0xF0, 0x03, 0xC0, 0x00, 0x00, 0x00, 0x00, 0x0F, 0x80, 0x0F, 0xC0, 0x07,
    0x00, 0x03, 0x80, 0x00, 0xF8, 0x01, 0xFC, 0x00, 0xFC, 0x00, 0x00, 0x00, 0x00, 0x00, 0x00, 0x00,
    0x30, 0x00, 0x7F, 0x00, 0x7F, 0xC0, 0x7F, 0xE0, 0x3F, 0xF8, 0x3E, 0x3C, 0x1E, 0x07, 0x0F, 0x03,
    0x87, 0x81, 0xC3, 0xFF, 0xE0, 0xFF, 0xF0, 0x7F, 0xF8, 0x1F, 0xFC, 0x03, 0xFE, 0x00, 0x0F, 0x00,
    0x0F, 0x00, 0x0F, 0x80, 0x3F, 0x80, 0xFF, 0x81, 0xFF, 0x80, 0xFF, 0x80, 0x3F, 0x00, 0x1E, 0x00,
    0x00, 0x00, 0x00, 0x01, 0xE0, 0x07, 0xE0, 0x0D, 0xC0, 0x19, 0x80, 0x3F, 0x00, 0x3C, 0x00, 0xF8,
    0x01, 0xC0, 0x03, 0x00, 0x00, 0x00, 0x07, 0xC0, 0x1F, 0x80, 0x30, 0x00, 0x60, 0x00, 0xFC, 0x03,
    0xFC, 0x07, 0xC0, 0x00, 0x00, 0x06, 0x00, 0x3F, 0x80, 0xFF, 0x83, 0xFF, 0x07, 0xFF, 0x1F, 0x1E,
    0x3C, 0x1E, 0x78, 0x1C, 0xF0, 0x39, 0xFF, 0xF1, 0xFF, 0xE3, 0xFF, 0xC3, 0xFF, 0x81, 0xFF, 0x00,
    0x1E, 0x00, 0x78, 0x03, 0xF0, 0x1F, 0xC1, 0xFF, 0x0F, 0xFC, 0x1F, 0xF0, 0x1F, 0x80, 0x3C, 0x00,
    0x00, 0x00, 0x00, 0x00, 0x1F, 0x00, 0x00, 0x3F, 0x80, 0x00, 0x1C, 0x80, 0x00, 0x0E, 0x00, 0x00,
    0x03, 0xF0, 0x00, 0x07, 0xFC, 0x00, 0x03, 0xF8, 0x00, 0x00, 0x00, 0x00, 0x00, 0x00, 0x00, 0x00,
    0x7E, 0x00, 0x00, 0xFF, 0x80, 0x00, 0xFF, 0xE0, 0x00, 0xFF, 0xE0, 0x00, 0xFF, 0xF0, 0x00, 0x78,
    0x10, 0x00, 0x78, 0x00, 0x00, 0x3C, 0x00, 0x38, 0x1F, 0x00, 0x1C, 0x0F, 0xF8, 0x1E, 0x03, 0xFF,
    0x8F, 0x00, 0xFF, 0xE7, 0x80, 0x3F, 0xF3, 0xC0, 0x03, 0xFD, 0xE0, 0x00, 0x3E, 0xF0, 0x00, 0x0F,
    0x7C, 0x00, 0x0F, 0xBF, 0x00, 0x1F, 0x8F, 0xFF, 0xFF, 0xC7, 0xFF, 0xFF, 0xC1, 0xFF, 0xFF, 0xC0,
    0x3F, 0xFF, 0x80, 0x07, 0xFF, 0x00, 0x00, 0x30, 0x00, 0x00, 0x06, 0x00, 0x00, 0x00, 0xDC, 0x00,
    0x00, 0x1F, 0xC0, 0x00, 0x03, 0x98, 0x00, 0x00, 0x63, 0x00, 0x00, 0x1F, 0xE0, 0x00, 0x03, 0xF8,
    0x0E, 0x00, 0x00, 0x03, 0xCE, 0x00, 0x00, 0x79, 0xC0, 0x00, 0x0F, 0x78, 0x00, 0x00, 0xFF, 0x00,
    0x00, 0x1F, 0xE0, 0x00, 0x03, 0xFC, 0x00, 0x00, 0x7F, 0xC0, 0x00, 0x3F, 0xFF, 0xFF, 0xFF, 0xDF,
    0xFF, 0xFF, 0xF9, 0xFF, 0xFF, 0xFE, 0x1F, 0xFF, 0xFF, 0x00, 0xFF, 0xFF, 0x00, 0x00, 0x0C, 0x00,
    0x00, 0x03, 0xC0, 0x00, 0x00, 0x78, 0x00, 0x00, 0x0F, 0x00, 0x00, 0x00, 0x80, 0x00, 0x00, 0x18,
    0x00, 0x00, 0x07, 0x80, 0x00, 0x00, 0xF0, 0x00, 0x00, 0x1C, 0x03, 0xC0, 0x01, 0x00, 0x79, 0xC0,
    0x00, 0x0F, 0x38, 0x00, 0x01, 0xFF, 0x00, 0x00, 0x1F, 0xE0, 0x00, 0x03, 0xFC, 0x00, 0x00, 0x7F,
    0x80, 0x00, 0x0F, 0xF8, 0x00, 0x07, 0xFF, 0xFF, 0xFF, 0xFB, 0xFF, 0xFF, 0xFF, 0x3F, 0xFF, 0xFF,
    0xC3, 0xFF, 0xFF, 0xE0, 0x1F, 0xFF, 0xE0, 0x00, 0x00, 0x00, 0x00, 0x00, 0x00, 0x00, 0x78, 0x00,
    0x00, 0x0F, 0x38, 0x00, 0x01, 0xEF, 0x00, 0x00, 0x3F, 0xE0, 0x00, 0x03, 0xFC, 0x00, 0x00, 0x7F,
    0x80, 0x00, 0x0F, 0xF0, 0x00, 0x01, 0xFF, 0x00, 0x00, 0xFF, 0xFF, 0xFF, 0xFF, 0x3F, 0xFF, 0xFF,
    0xE7, 0xFF, 0xFF, 0xF8, 0x7F, 0xFF, 0xFC, 0x03, 0xFF, 0xFC, 0x00, 0x00, 0x00, 0x00, 0x00, 0x08,
    0x00, 0x00, 0x03, 0x80, 0x00, 0x00, 0x78, 0x00, 0x00, 0x0F, 0x00, 0x00, 0x00, 0xC0, 0x00, 0x00,
    0x00, 0x00, 0x00, 0x03, 0x00, 0x00, 0x00, 0xF0, 0x00, 0x00, 0x1E, 0x00, 0x00, 0x03, 0xC0, 0x00,
    0x00, 0x20, 0x00, 0x00, 0x00, 0x61, 0x80, 0x00, 0x1E, 0x78, 0x00, 0x03, 0xCF, 0x00, 0x00, 0x39,
    0xC0, 0x00, 0x02, 0x10, 0x3C, 0x00, 0x00, 0x07, 0x9C, 0x00, 0x00, 0xF3, 0x80, 0x00, 0x1F, 0xF0,
    0x00, 0x01, 0xFE, 0x00, 0x00, 0x3F, 0xC0, 0x00, 0x07, 0xF8, 0x00, 0x00, 0xFF, 0x80, 0x00, 0x7F,
    0xFF, 0xFF, 0xFF, 0x9F, 0xFF, 0xFF, 0xF3, 0xFF, 0xFF, 0xFC, 0x3F, 0xFF, 0xFF, 0x01, 0xFF, 0xFF,
    0x00, 0x01, 0x98, 0x00, 0x00, 0x33, 0x00, 0x00, 0x07, 0xE0, 0x00, 0x00, 0x78, 0x00, 0x00, 0x00,
    0x61, 0x80, 0x00, 0x1E, 0x78, 0x00, 0x03, 0xCF, 0x00, 0x00, 0x30, 0xC0, 0x00, 0x00, 0xC0, 0x00,
    0x00, 0x3C, 0x00, 0x00, 0x07, 0x80, 0x00, 0x00, 0x60, 0x1E, 0x00, 0x00, 0x03, 0xCE, 0x00, 0x00,
    0x7B, 0xC0, 0x00, 0x0F, 0xF8, 0x00, 0x00, 0xFF, 0x00, 0x00, 0x1F, 0xE0, 0x00, 0x03, 0xFC, 0x00,
    0x00, 0x7F, 0xC0, 0x00, 0x3F, 0xFF, 0xFF, 0xFF, 0xDF, 0xFF, 0xFF, 0xF9, 0xFF, 0xFF, 0xFE, 0x1F,
    0xFF, 0xFF, 0x00, 0xFF, 0xFF, 0x00, 0x00, 0x00, 0x00, 0x00, 0x00, 0x00, 0x78, 0x00, 0x00, 0x0F,
    0x38, 0x00, 0x01, 0xEF, 0x00, 0x00, 0x3F, 0xE0, 0x00, 0x03, 0xFC, 0x00, 0x00, 0x7F, 0x80, 0x00,
    0x0F, 0xF0, 0x00, 0x01, 0xFF, 0x00, 0x00, 0xFF, 0xFF, 0xFF, 0xFF, 0x3F, 0xFF, 0xFF, 0xE7, 0xFF,
    0xFF, 0xF8, 0x7F, 0xFF, 0xFC, 0x03, 0xFF, 0xFC, 0x00, 0x00, 0x00, 0x00, 0x00, 0x00, 0x00, 0x00,
    0x0C, 0x30, 0x00, 0x03, 0xCF, 0x00, 0x00, 0x79, 0xE0, 0x00, 0x06, 0x18, 0x00, 0x00, 0x00, 0x00,
    0x00, 0x03, 0x00, 0x00, 0x00, 0xF0, 0x00, 0x00, 0x1E, 0x00, 0x00, 0x01, 0x80, 0x00, 0x00, 0x33,
    0x00, 0x00, 0x0F, 0xF0, 0x00, 0x01, 0xFE, 0x00, 0x00, 0x19, 0x80, 0x00, 0x03, 0x30, 0x00, 0x00,
    0xFF, 0x00, 0x00, 0x1F, 0xE0, 0x30, 0x01, 0x98, 0x1E, 0x40, 0x00, 0x03, 0xCE, 0x00, 0x00, 0x7B,
    0xC0, 0x00, 0x0F, 0xF8, 0x00, 0x00, 0xFF, 0x00, 0x00, 0x1F, 0xE0, 0x00, 0x03, 0xFC, 0x00, 0x00,
    0x7F, 0xC0, 0x00, 0x3F, 0xFF, 0xFF, 0xFF, 0xCF, 0xFF, 0xFF, 0xF9, 0xFF, 0xFF, 0xFE, 0x1F, 0xFF,
    0xFF, 0x00, 0xFF, 0xFF, 0x00, 0x00, 0x00, 0x00, 0x00, 0x00, 0x00, 0x78, 0x00, 0x00, 0x0F, 0x38,
    0x00, 0x01, 0xEF, 0x00, 0x00, 0x3F, 0xE0, 0x00, 0x03, 0xFC, 0x00, 0x00, 0x7F, 0x80, 0x00, 0x0F,
    0xF0, 0x00, 0x01, 0xFF, 0x00, 0x00, 0xFF, 0xFF, 0xFF, 0xFF, 0x3F, 0xFF, 0xFF, 0xE7, 0xFF, 0xFF,
    0xF8, 0x7F, 0xFF, 0xFC, 0x03, 0xFF, 0xFC, 0x00, 0x00, 0x00, 0x00, 0x00, 0x00, 0x00, 0x00, 0x0C,
    0x60, 0x00, 0x03, 0xDE, 0x00, 0x00, 0x7B, 0xC0, 0x00, 0x06, 0x30, 0x00, 0x00, 0x00, 0x00, 0x00,
    0x18, 0xC0, 0x00, 0x07, 0xBC, 0x00, 0x00, 0xF7, 0x80, 0x00, 0x0C, 0x60, 0x00, 0x00, 0x00, 0x00,
    0x1F, 0x80, 0x00, 0xFC, 0x00, 0x03, 0x80, 0x00, 0x0E, 0x00, 0x00, 0x1F, 0x80, 0x01, 0xFE, 0x00,
    0x07, 0xE0, 0x00, 0x00, 0x00, 0x00, 0x0E, 0x00, 0x03, 0xFF, 0x00, 0x1F, 0xFF, 0x00, 0x7F, 0xFE,
    0x00, 0xFF, 0xFC, 0x03, 0x83, 0xFC, 0x00, 0x01, 0xFE, 0x00, 0x1F, 0xF8, 0x03, 0xFF, 0xE0, 0x3F,
    0xFF, 0x81, 0xFF, 0x00, 0x0F, 0xC0, 0x00, 0x7C, 0x00, 0x03, 0xE0, 0x00, 0x0F, 0x00, 0x00, 0x7C,
    0x00, 0x01, 0xE0, 0x00, 0x07, 0x80, 0x00, 0x1E, 0x00, 0x00, 0x78, 0x00, 0x01, 0xE0, 0x00, 0x07,
    0xC0, 0x00, 0x1F, 0x80, 0x00, 0x3F, 0x00, 0x18, 0xFF, 0xFF, 0xE1, 0xFF, 0xFF, 0x83, 0xFF, 0xFF,
    0x03, 0xFF, 0xF8, 0x03, 0xFF, 0x00, 0x03, 0x00, 0x00, 0x1E, 0x00, 0x00, 0x78, 0x00, 0x00, 0xE0,
    0x00, 0x01, 0x00, 0x00, 0x04, 0x00, 0x00, 0x38, 0x00, 0x01, 0xE0, 0x00, 0x07, 0x80, 0x00, 0x0C,
    0x00, 0x00, 0x00, 0x00, 0x00, 0xE0, 0x00, 0x3F, 0xF0, 0x01, 0xFF, 0xE0, 0x07, 0xFF, 0xE0, 0x0F,
    0xFF, 0xC0, 0x38, 0x3F, 0xC0, 0x00, 0x3F, 0xC0, 0x03, 0xFF, 0x00, 0x3F, 0xFC, 0x03, 0xFF, 0xF0,
    0x1F, 0xF0, 0x00, 0xFC, 0x00, 0x07, 0xC0, 0x00, 0x3E, 0x00, 0x00, 0xF0, 0x00, 0x07, 0xC0, 0x00,
    0x1E, 0x00, 0x00, 0x78, 0x00, 0x01, 0xE0, 0x00, 0x07, 0x80, 0x00, 0x1E, 0x00, 0x00, 0x7C, 0x00,
    0x01, 0xF0, 0x00, 0x03, 0xF0, 0x03, 0x0F, 0xFF, 0xFC, 0x1F, 0xFF, 0xF8, 0x3F, 0xFF, 0xE0, 0x7F,
    0xFF, 0x00, 0x3F, 0xE0, 0x03, 0x80, 0x00, 0xFF, 0xC0, 0x07, 0xFF, 0x80, 0x1F, 0xFF, 0x80, 0x3F,
    0xFF, 0x00, 0xE0, 0xFF, 0x00, 0x00, 0x7F, 0x00, 0x07, 0xFC, 0x00, 0xFF, 0xF0, 0x0F, 0xFF, 0xC0,
    0x7F, 0x80, 0x03, 0xF0, 0x00, 0x1F, 0x00, 0x00, 0xF8, 0x00, 0x03, 0xC0, 0x00, 0x1F, 0x00, 0x00,
    0x78, 0xC3, 0x01, 0xE7, 0x9E, 0x07, 0x9E, 0x78, 0x1E, 0x39, 0xC0, 0x78, 0x42, 0x01, 0xF0, 0x00,
    0x07, 0xE0, 0x00, 0x0F, 0xC0, 0x04, 0x3F, 0xFF, 0xF8, 0x7F, 0xFF, 0xE0, 0xFF, 0xFF, 0xC0, 0xFF,
    0xFE, 0x00, 0xFF, 0xC0, 0x03, 0x80, 0x00, 0xFF, 0xC0, 0x07, 0xFF, 0x80, 0x1F, 0xFF, 0x80, 0x3F,
    0xFF, 0x00, 0xE0, 0xFF, 0x00, 0x00, 0xFF, 0x00, 0x07, 0xFC, 0x00, 0xFF, 0xF0, 0x0F, 0xFF, 0xC0,
    0x7F, 0x80, 0x03, 0xF0, 0x00, 0x1F, 0x00, 0x00, 0xF8, 0x00, 0x03, 0xC1, 0x80, 0x1F, 0x0F, 0x00,
    0x78, 0x3C, 0x01, 0xE0, 0xF0, 0x07, 0x80, 0x80, 0x1E, 0x06, 0x00, 0x78, 0x3C, 0x01, 0xF0, 0xF0,
    0x07, 0xC3, 0xC0, 0x0F, 0xC2, 0x04, 0x3F, 0xFF, 0xF8, 0x7F, 0xFF, 0xE0, 0xFF, 0xFF, 0xC0, 0xFF,
    0xFE, 0x00, 0xFF, 0xC0, 0x03, 0x00, 0x00, 0x1E, 0x00, 0x00, 0x78, 0x00, 0x00, 0xC0, 0x00, 0x18,
    0x60, 0x00, 0xF3, 0xC0, 0x03, 0xCF, 0x00, 0x06, 0x18, 0x00, 0x00, 0x00, 0x00, 0x00, 0x00, 0x00,
    0x38, 0x00, 0x0F, 0xFC, 0x00, 0x7F, 0xF8, 0x01, 0xFF, 0xF8, 0x03, 0xFF, 0xF0, 0x0E, 0x0F, 0xF0,
    0x00, 0x0F, 0xF0, 0x00, 0x7F, 0xC0, 0x0F, 0xFF, 0x00, 0xFF, 0xFC, 0x07, 0xFC, 0x00, 0x3F, 0x00,
    0x01, 0xF0, 0x00, 0x0F, 0x80, 0x00, 0x3C, 0x00, 0x01, 0xF0, 0x00, 0x07, 0x80, 0x00, 0x1E, 0x00,
    0x00, 0x78, 0x00, 0x01, 0xE0, 0x00, 0x07, 0x80, 0x00, 0x1F, 0x00, 0x00, 0x7C, 0x00, 0x00, 0xFC,
    0x00, 0xC3, 0xFF, 0xFF, 0x87, 0xFF, 0xFE, 0x0F, 0xFF, 0xF8, 0x0F, 0xFF, 0xC0, 0x0F, 0xFC, 0x00,
    0x03, 0x80, 0x00, 0xFF, 0xC0, 0x07, 0xFF, 0x80, 0x1F, 0xFF, 0x80, 0x3F, 0xFF, 0x00, 0xE0, 0xFF,
    0x00, 0x00, 0x7F, 0x80, 0x07, 0xFE, 0x00, 0xFF, 0xF0, 0x0F, 0xFF, 0xC0, 0x7F, 0x80, 0x03, 0xF0,
    0x00, 0x1F, 0x00, 0x00, 0xF8, 0x00, 0x03, 0xCC, 0x30, 0x1F, 0x79, 0xE0, 0x79, 0xE7, 0x81, 0xE3,
    0x0C, 0x07, 0x81, 0x80, 0x1E, 0x0F, 0x00, 0x78, 0x3C, 0x01, 0xF0, 0x60, 0x07, 0xE0, 0x00, 0x0F,
    0xC0, 0x0C, 0x3F, 0xFF, 0xF8, 0x7F, 0xFF, 0xE0, 0xFF, 0xFF, 0xC0, 0xFF, 0xFE, 0x00, 0xFF, 0xC0,
    0x0F, 0xE0, 0x00, 0xFF, 0xF0, 0x01, 0xFF, 0xF0, 0x01, 0xFF, 0xF8, 0x03, 0xFF, 0xF8, 0x02, 0x01,
    0xFE, 0x00, 0x01, 0xFE, 0x00, 0x3F, 0xFC, 0x01, 0xFF, 0xF8, 0x07, 0xFF, 0xE0, 0x3F, 0x80, 0x00,
    0xFC, 0x00, 0x01, 0xE0, 0x00, 0x07, 0x8C, 0x60, 0x0F, 0x3D, 0xE0, 0x3C, 0x7B, 0xC0, 0x78, 0x63,
    0x00, 0xF0, 0x00, 0x01, 0xE1, 0x8C, 0x03, 0xC7, 0xBC, 0x07, 0x8F, 0x78, 0x0F, 0x8C, 0x60, 0x0F,
    0x80, 0x00, 0x1F, 0xE0, 0x3C, 0x1F, 0xFF, 0xF8, 0x1F, 0xFF, 0xF8, 0x1F, 0xFF, 0xF0, 0x0F, 0xFF,
    0x80, 0x01, 0xE0, 0x00, 0x18, 0x00, 0x37, 0x00, 0x7F, 0x00, 0xE6, 0x01, 0x8C, 0x03, 0x38, 0x0F,
    0xF0, 0x1F, 0xC0, 0x00, 0x00, 0x00, 0x00, 0x06, 0x00, 0x1E, 0x00, 0x7E, 0x00, 0x7E, 0x00, 0x7C,
    0x00, 0x7C, 0x00, 0x7C, 0x00, 0xF8, 0x00, 0xF8, 0x00, 0xF0, 0x01, 0xE0, 0x03, 0xC0, 0x0F, 0x9F,
    0xFF, 0x3F, 0xFC, 0xFF, 0xF9, 0xFF, 0xC3, 0xFE, 0x00, 0x00, 0x00, 0x03, 0x00, 0x0F, 0x00, 0x3F,
    0x00, 0x3F, 0x00, 0x3E, 0x00, 0x3E, 0x00, 0x3E, 0x00, 0x7C, 0x00, 0x78, 0x00, 0xF8, 0x00, 0xF0,
    0x01, 0xE0, 0x07, 0xCF, 0xFF, 0xBF, 0xFE, 0x7F, 0xF8, 0xFF, 0xE1, 0xFF, 0x00, 0x66, 0x00, 0xCC,
    0x01, 0xF8, 0x01, 0xE0, 0x00, 0x00, 0x00, 0x03, 0x00, 0x1F, 0x00, 0x3F, 0x00, 0x3E, 0x00, 0x3E,
    0x00, 0x3E, 0x00, 0x7C, 0x00, 0x7C, 0x00, 0x78, 0x00, 0xF8, 0x00, 0xF0, 0x01, 0xE0, 0x07, 0xCF,
    0xFF, 0xBF, 0xFE, 0x7F, 0xF8, 0xFF, 0xE1, 0xFF, 0x00, 0x00, 0x00, 0x00, 0x00, 0x60, 0x01, 0xE0,
    0x03, 0xC0, 0x07, 0x80, 0x04, 0x00, 0x18, 0x00, 0x37, 0x00, 0x7F, 0x00, 0xE6, 0x01, 0x8C, 0x03,
    0x38, 0x0F, 0xF0, 0x1F, 0xC0, 0x00, 0x00, 0x00, 0x00, 0x06, 0x00, 0x1E, 0x00, 0x7E, 0x00, 0x7E,
    0x00, 0x7C, 0x00, 0x7C, 0x00, 0x7C, 0x00, 0xF8, 0x00, 0xF8, 0x00, 0xF0, 0x01, 0xE0, 0x03, 0xC0,
    0x0F, 0x9F, 0xFF, 0x3F, 0xFC, 0xFF, 0xF9, 0xFF, 0xC3, 0xFE, 0x00, 0x00, 0x00, 0x00, 0x00, 0xC0,
    0x03, 0xC0, 0x07, 0x80, 0x0F, 0x00, 0x08, 0x00, 0x31, 0x80, 0xF7, 0x81, 0xEF, 0x03, 0x8E, 0x02,
    0x08, 0x00, 0x00, 0x00, 0x00, 0x00, 0xC0, 0x07, 0xC0, 0x1F, 0xC0, 0x1F, 0x80, 0x1F, 0x80, 0x1F,
    0x80, 0x1F, 0x00, 0x1F, 0x00, 0x1E, 0x00, 0x3E, 0x00, 0x3C, 0x00, 0x78, 0x01, 0xF3, 0xFF, 0xEF,
    0xFF, 0x9F, 0xFE, 0x3F, 0xF8, 0x7F, 0xC0, 0x00, 0x00, 0x0E, 0x00, 0x78, 0x03, 0xF0, 0x07, 0xE0,
    0x0F, 0xC0, 0x1F, 0x00, 0x3E, 0x00, 0x78, 0x01, 0xF0, 0x03, 0xC0, 0x0F, 0x00, 0x3C, 0x01, 0xF7,
    0xFF, 0xDF, 0xFE, 0x7F, 0xFB, 0xFF, 0x87, 0xF8, 0x00, 0x00, 0x00, 0x00, 0x63, 0x03, 0xDE, 0x0F,
    0x78, 0x39, 0xE0, 0x41, 0x00, 0x06, 0x00, 0x1E, 0x00, 0x3C, 0x00, 0x30, 0x00, 0x00, 0x06, 0x18,
    0x1E, 0x78, 0x3C, 0xF0, 0x30, 0xC0, 0x00, 0x00, 0x00, 0x00, 0x0C, 0x00, 0x3C, 0x00, 0xFC, 0x01,
    0xF8, 0x01, 0xF8, 0x01, 0xF8, 0x01, 0xF0, 0x01, 0xF0, 0x01, 0xE0, 0x03, 0xE0, 0x03, 0xC0, 0x07,
    0x80, 0x1F, 0x3F, 0xFE, 0xFF, 0xF9, 0xFF, 0xE3, 0xFF, 0x87, 0xFC, 0x00, 0x30, 0xC0, 0xF3, 0xC1,
    0xE7, 0x81, 0x86, 0x00, 0x60, 0x01, 0xE0, 0x03, 0xC0, 0x03, 0x00, 0x00, 0x00, 0x00, 0x00, 0x06,
    0x00, 0x1E, 0x00, 0x7E, 0x00, 0x7E, 0x00, 0x7C, 0x00, 0x7C, 0x00, 0xFC, 0x00, 0xF8, 0x00, 0xF0,
    0x01, 0xF0, 0x01, 0xE0, 0x03, 0xC0, 0x0F, 0x9F, 0xFF, 0x7F, 0xFC, 0xFF, 0xF1, 0xFF, 0xC3, 0xFE,
    0x00, 0x31, 0x81, 0xEF, 0x07, 0xBC, 0x0C, 0x60, 0x31, 0x81, 0xEF, 0x07, 0xBC, 0x0C, 0x60, 0x00,
    0x00, 0x00, 0x00, 0x38, 0x01, 0xF0, 0x0F, 0xC0, 0x1F, 0x80, 0x3F, 0x00, 0x7C, 0x00, 0xF8, 0x01,
    0xE0, 0x07, 0xC0, 0x0F, 0x00, 0x3C, 0x00, 0xF0, 0x07, 0xDF, 0xFF, 0x7F, 0xF9, 0xFF, 0xEF, 0xFE,
    0x1F, 0xE0, 0x06, 0x00, 0x37, 0x01, 0xFC, 0x0E, 0x60, 0x63, 0x07, 0xF8, 0x3F, 0x80, 0x00, 0x00,
    0x00, 0x00, 0x00, 0x18, 0x03, 0xE0, 0x1F, 0x00, 0xF8, 0x03, 0xE0, 0x1F, 0x00, 0x78, 0x03, 0xC0,
    0x1E, 0x00, 0xF0, 0x07, 0x80, 0x3C, 0x03, 0xE0, 0x3E, 0x07, 0xF0, 0xFF, 0x1F, 0xF0, 0xFF, 0x03,
    0xF0, 0x1E, 0x00, 0xC0, 0x00, 0x00, 0x40, 0x73, 0x01, 0xF8, 0x0F, 0x80, 0x3C, 0x01, 0xC0, 0x00,
    0x00, 0x00, 0x00, 0x60, 0x0F, 0x80, 0x7C, 0x03, 0xE0, 0x0F, 0x00, 0x7C, 0x03, 0xE0, 0x0F, 0x00,
    0x78, 0x03, 0xC0, 0x1E, 0x01, 0xF0, 0x0F, 0x00, 0xF8, 0x1F, 0x83, 0xFC, 0x7F, 0xC3, 0xFC, 0x1F,
    0xC0, 0x78, 0x03, 0x00, 0x00, 0x00, 0x00, 0x07, 0x00, 0x7C, 0x03, 0xE0, 0x0F, 0x00, 0x7C, 0x03,
    0xE0, 0x0F, 0x00, 0x78, 0x03, 0xC0, 0x1E, 0x00, 0xF0, 0x0F, 0x80, 0x78, 0x0F, 0xC0, 0xFC, 0x3F,
    0xE3, 0xFF, 0x1F, 0xFC, 0x7E, 0x63, 0xB3, 0x01, 0xF8, 0x07, 0x80, 0x00, 0x60, 0x0F, 0x00, 0x7C,
    0x03, 0xE0, 0x0F, 0x00, 0x78, 0x03, 0xE0, 0x0F, 0x00, 0x78, 0x03, 0xC0, 0x1E, 0x01, 0xF0, 0x0F,
    0x00, 0xF8, 0x0F, 0xC1, 0xFC, 0x7F, 0xC3, 0xFC, 0x1F, 0xC0, 0x78, 0x03, 0x00, 0x00, 0x40, 0x07,
    0x80, 0x3C, 0x01, 0xE0, 0x06, 0x00, 0x00, 0x20, 0x0F, 0x00, 0x7C, 0x03, 0xE0, 0x1F, 0x00, 0x78,
    0x03, 0xE0, 0x0F, 0x00, 0x78, 0x03, 0xC0, 0x1E, 0x01, 0xF0, 0x0F, 0x00, 0xF8, 0x0F, 0xC1, 0xFC,
    0x3F, 0xC3, 0xFC, 0x1F, 0xC0, 0x7C, 0x03, 0x90, 0x03, 0x9C, 0x0F, 0xC0, 0x7E, 0x01, 0xE0, 0x07,
    0x00, 0x03, 0x00, 0x78, 0x07, 0x80, 0x78, 0x02, 0x00, 0x00, 0x00, 0x00, 0x04, 0x01, 0xE0, 0x3E,
    0x01, 0xE0, 0x1F, 0x01, 0xF0, 0x0F, 0x00, 0xF0, 0x0F, 0x00, 0xF0, 0x0F, 0x00, 0xF0, 0x1F, 0x03,
    0xE0, 0x7E, 0x1F, 0xC7, 0xFC, 0xFF, 0x87, 0xE0, 0x7C, 0x07, 0x00, 0x00, 0x40, 0x1E, 0x01, 0xE0,
    0x1E, 0x00, 0xC0, 0x08, 0x10, 0xE3, 0xC7, 0x9E, 0x3C, 0xF0, 0xC3, 0x00, 0x00, 0x00, 0x00, 0x00,
    0x00, 0x20, 0x0F, 0x80, 0xFC, 0x03, 0xE0, 0x0F, 0x80, 0x7C, 0x03, 0xE0, 0x0F, 0x00, 0x78, 0x03,
    0xC0, 0x1E, 0x00, 0xF0, 0x0F, 0x80, 0xF8, 0x0F, 0xC1, 0xFC, 0x7F, 0xC3, 0xFC, 0x1F, 0xC0, 0x7C,
    0x03, 0x80, 0x00, 0x00, 0x01, 0x80, 0x1E, 0x00, 0xF0, 0x03, 0x00, 0xC3, 0x0F, 0x3C, 0x79, 0xE1,
    0x86, 0x00, 0x00, 0x00, 0x00, 0x00, 0x00, 0xC0, 0x1F, 0x00, 0xF8, 0x07, 0xC0, 0x1E, 0x00, 0xF8,
    0x07, 0xC0, 0x1E, 0x00, 0xF0, 0x07, 0x80, 0x3C, 0x03, 0xE0, 0x1E, 0x01, 0xF0, 0x3F, 0x07, 0xF8,
    0xFF, 0x87, 0xF8, 0x3F, 0x80, 0xF0, 0x06, 0x00, 0x0C, 0x61, 0xEF, 0x1E, 0xF0, 0xC6, 0x00, 0x00,
    0xC6, 0x1E, 0xF1, 0xEF, 0x0C, 0x60, 0x00, 0x00, 0x00, 0x04, 0x01, 0xE0, 0x3E, 0x03, 0xE0, 0x1F,
    0x01, 0xF0, 0x0F, 0x00, 0xF0, 0x0F, 0x00, 0xF0, 0x0F, 0x00, 0xF0, 0x1F, 0x01, 0xE0, 0x7E, 0x0F,
    0xC7, 0xFC, 0xFF, 0x87, 0xF0, 0x7C, 0x07, 0x00, 0x00, 0x00, 0x00, 0x00, 0x00, 0x38, 0x00, 0x00,
    0x00, 0x01, 0xF0, 0x00, 0x00, 0x00, 0x07, 0xC0, 0x00, 0x00, 0x00, 0x1F, 0x00, 0x00, 0x00, 0x00,
    0x10, 0x18, 0x00, 0x00, 0x00, 0x01, 0xE0, 0x00, 0x00, 0x00, 0x07, 0x80, 0x00, 0x18, 0x0F, 0x0F,
    0x00, 0x03, 0xE0, 0x3C, 0x3C, 0x00, 0x0F, 0x80, 0xF0, 0xF0, 0x00, 0x1F, 0x03, 0xC3, 0xC8, 0x00,
    0x7C, 0x0F, 0x0F, 0x78, 0x00, 0xF8, 0x3E, 0x3D, 0xC0, 0x03, 0xFF, 0xFF, 0xFF, 0x00, 0x0F, 0xFF,
    0xFF, 0xFC, 0x00, 0x3F, 0xFF, 0xFE, 0xF0, 0x00, 0xFF, 0xF7, 0xF3, 0xC0, 0x03, 0xDF, 0x0F, 0x8F,
    0x00, 0x0F, 0x00, 0x00, 0x3C, 0x00, 0x7C, 0x00, 0x00, 0xF8, 0x01, 0xF0, 0x00, 0x03, 0xF8, 0x1F,
    0x80, 0x60, 0x07, 0xFF, 0xFE, 0x03, 0xC0, 0x1F, 0xFF, 0xF0, 0x0F, 0x00, 0x3F, 0xFF, 0x80, 0x3C,
    0x00, 0x3F, 0xFC, 0x00, 0x20, 0x00, 0x1F, 0x00, 0x00, 0x00, 0x00, 0x00, 0x00, 0x00, 0x00, 0x00,
    0x00, 0x00, 0x00, 0x00, 0xE0, 0x00, 0x00, 0x00, 0x07, 0x80, 0x00, 0x00, 0x0E, 0x0F, 0x00, 0x00,
    0xE0, 0x3C, 0x3C, 0x00, 0x0F, 0x80, 0xF0, 0xF0, 0x00, 0x1E, 0x03, 0xC3, 0xC0, 0x00, 0x7C, 0x0F,
    0x0F, 0x20, 0x01, 0xF0, 0x3C, 0x3D, 0xE0, 0x03, 0xE1, 0xF0, 0xF7, 0x00, 0x0F, 0xFF, 0xFF, 0xFC,
    0x00, 0x3F, 0xFF, 0xFF, 0xF0, 0x00, 0xFF, 0xFF, 0xFB, 0xC0, 0x03, 0xFF, 0xBF, 0xCF, 0x00, 0x0F,
    0x7C, 0x3E, 0x3C, 0x00, 0x3C, 0x00, 0x00, 0xF0, 0x01, 0xF0, 0x00, 0x03, 0xE0, 0x07, 0xC0, 0x00,
    0x0F, 0xE0, 0x7E, 0x0C, 0x30, 0x1F, 0xFF, 0xF8, 0x79, 0xE0, 0x7F, 0xFF, 0xC1, 0xE7, 0x80, 0xFF,
    0xFE, 0x03, 0x0C, 0x00, 0xFF, 0xF0, 0x01, 0x80, 0x00, 0x7C, 0x00, 0x0F, 0x00, 0x00, 0x00, 0x00,
    0x3C, 0x00, 0x00, 0x00, 0x00, 0x60, 0x00, 0x00, 0x00, 0x00, 0x30, 0x00, 0x00, 0x00, 0x01, 0xE0,
    0x00, 0x00, 0x00, 0x07, 0x80, 0x00, 0x00, 0x00, 0x0C, 0x00, 0x00, 0x00, 0x01, 0x86, 0x00, 0x00,
    0x00, 0x0F, 0x3C, 0x00, 0x00, 0x00, 0x3C, 0xF0, 0x00, 0x00, 0x00, 0x61, 0x80, 0x00, 0x00, 0x00,
    0x00, 0x38, 0x00, 0x00, 0x00, 0x01, 0xE0, 0x00, 0x00, 0x03, 0x87, 0xC0, 0x00, 0x38, 0x0F, 0x0F,
    0x00, 0x03, 0xE0, 0x3C, 0x3C, 0x00, 0x0F, 0x80, 0xF0, 0xF0, 0x00, 0x1F, 0x03, 0xC3, 0xC8, 0x00,
    0x7C, 0x0F, 0x0F, 0x78, 0x00, 0xF8, 0x7C, 0x3D, 0xC0, 0x03, 0xFF, 0xFF, 0xFF, 0x00, 0x0F, 0xFF,
    0xFF, 0xFC, 0x00, 0x3F, 0xFF, 0xFE, 0xF0, 0x00, 0xFF, 0xEF, 0xF3, 0xC0, 0x03, 0xDF, 0x0F, 0x8F,
    0x00, 0x0F, 0x00, 0x00, 0x3C, 0x00, 0x7C, 0x00, 0x00, 0xF8, 0x01, 0xF0, 0x00, 0x03, 0xF8, 0x1F,
    0x83, 0x0C, 0x07, 0xFF, 0xFE, 0x1E, 0x78, 0x1F, 0xFF, 0xF0, 0x79, 0xE0, 0x3F, 0xFF, 0x80, 0xC3,
    0x00, 0x3F, 0xFC, 0x00, 0x60, 0x00, 0x1F, 0x00, 0x03, 0xC0, 0x00, 0x00, 0x00, 0x0F, 0x00, 0x00,
    0x00, 0x00, 0x18, 0x00, 0x00, 0x00, 0x00, 0x01, 0xF8, 0x00, 0x00, 0x00, 0x01, 0xFF, 0x80, 0x00,
    0x00, 0x00, 0xFF, 0xF0, 0x00, 0x00, 0x00, 0x7F, 0xFE, 0x00, 0x00, 0x00, 0x3F, 0xFF, 0x80, 0x00,
    0x38, 0x1F, 0x81, 0xF0, 0x00, 0x3E, 0x0F, 0x80, 0x3C, 0x00, 0x0F, 0x83, 0xC0, 0x0F, 0x00, 0x01,
    0xF1, 0xE0, 0x03, 0xC8, 0x00, 0x7C, 0x78, 0x01, 0xF7, 0x80, 0x0F, 0xBC, 0x00, 0xFD, 0xE0, 0x03,
    0xFF, 0xFF, 0xFE, 0xF0, 0x00, 0xFF, 0xFF, 0xFF, 0xBC, 0x00, 0x3F, 0xFF, 0xFF, 0xCF, 0x00, 0x0F,
    0xFF, 0xFF, 0xE3, 0xC0, 0x03, 0xDF, 0xFF, 0xE0, 0xF0, 0x00, 0xF0, 0x00, 0x00, 0x3C, 0x00, 0x7C,
    0x00, 0x00, 0x0F, 0x80, 0x1F, 0x00, 0x00, 0x03, 0xF8, 0x1F, 0x80, 0x00, 0x00, 0x7F, 0xFF, 0xE0,
    0x00, 0x00, 0x1F, 0xFF, 0xF0, 0x00, 0x00, 0x03, 0xFF, 0xF8, 0x00, 0x00, 0x00, 0x3F, 0xFC, 0x00,
    0x00, 0x00, 0x01, 0xF0, 0x00, 0x00, 0x00, 0x00, 0x00, 0x00, 0x00, 0x00, 0x00, 0x00, 0x00, 0x00,
    0x00, 0x00, 0x0C, 0x60, 0x00, 0x00, 0x00, 0x07, 0xBC, 0x00, 0x00, 0x00, 0x01, 0xEF, 0x00, 0x00,
    0x00, 0x00, 0x73, 0xC0, 0x00, 0x00, 0x00, 0x08, 0x20, 0x00, 0x00, 0x00, 0x00, 0x00, 0x00, 0x00,
    0xC0, 0x00, 0x00, 0x00, 0x00, 0x78, 0x00, 0x00, 0x00, 0x00, 0x1E, 0x00, 0x00, 0x00, 0x00, 0x03,
    0x00, 0x00, 0x00, 0x00, 0x06, 0x18, 0x00, 0x00, 0x00, 0x03, 0xCF, 0x00, 0x00, 0x00, 0x00, 0xF3,
    0xC0, 0x00, 0x00, 0x00, 0x18, 0x60, 0x00, 0x00, 0x00, 0x00, 0x00, 0x00, 0x00, 0x00, 0x00, 0x00,
    0x00, 0x00, 0x00, 0x00, 0x1F, 0x80, 0x00, 0x00, 0x00, 0x1F, 0xF8, 0x00, 0x00, 0x00, 0x0F, 0xFF,
    0x00, 0x00, 0x00, 0x07, 0xFF, 0xE0, 0x00, 0x00, 0x03, 0xFF, 0xF8, 0x00, 0x03, 0x81, 0xF8, 0x1F,
    0x00, 0x03, 0xE0, 0xF8, 0x03, 0xC0, 0x00, 0xF8, 0x3C, 0x00, 0xF0, 0x00, 0x1F, 0x1E, 0x00, 0x3C,
    0x80, 0x07, 0xC7, 0x80, 0x1F, 0x78, 0x00, 0xFB, 0xC0, 0x0F, 0xDC, 0x00, 0x3F, 0xFF, 0xFF, 0xEF,
    0x00, 0x0F, 0xFF, 0xFF, 0xFB, 0xC0, 0x03, 0xFF, 0xFF, 0xFC, 0xF0, 0x00, 0xFF, 0xFF, 0xFE, 0x3C,
    0x00, 0x3D, 0xFF, 0xFE, 0x0F, 0x00, 0x0F, 0x00, 0x00, 0x03, 0xC0, 0x07, 0xC0, 0x00, 0x00, 0xF8,
    0x01, 0xF0, 0x00, 0x00, 0x3F, 0x81, 0xF8, 0x00, 0x00, 0x07, 0xFF, 0xFE, 0x00, 0x00, 0x01, 0xFF,
    0xFF, 0x00, 0x00, 0x00, 0x3F, 0xFF, 0x80, 0x00, 0x00, 0x03, 0xFF, 0xC0, 0x00, 0x00, 0x00, 0x1F,
    0x00, 0x00, 0x00, 0x00, 0x03, 0xC0, 0xC0, 0x00, 0xF0, 0x78, 0x00, 0x3C, 0x1E, 0x00, 0x0F, 0x03,
    0x00, 0x03, 0xC6, 0x18, 0x00, 0xF3, 0xCF, 0x00, 0x3C, 0xF3, 0xC0, 0x0F, 0x18, 0x60, 0x03, 0xC0,
    0x00, 0x00, 0xF0, 0x00, 0x00, 0x3C, 0x1F, 0x80, 0x0F, 0x1F, 0xF8, 0x03, 0xCF, 0xFF, 0x00, 0xFF,
    0xFF, 0xE0, 0x3F, 0xFF, 0xF8, 0x0F, 0xF8, 0x1F, 0x03, 0xF8, 0x03, 0xC0, 0xFC, 0x00, 0xF0, 0x3E,
    0x00, 0x3C, 0x0F, 0x00, 0x1F, 0x03, 0xC0, 0x0F, 0xCF, 0xFF, 0xFF, 0xE7, 0xFF, 0xFF, 0xF9, 0xFF,
    0xFF, 0xFC, 0x7F, 0xFF, 0xFE, 0x1F, 0xFF, 0xFC, 0x00, 0x00, 0xC0, 0x00, 0x3C, 0x00, 0x07, 0x80,
    0x00, 0x60, 0x00, 0x00, 0x00, 0x0C, 0x30, 0x03, 0xCF, 0x00, 0x79, 0xE0, 0x06, 0x18, 0x00, 0x00,
    0x00, 0x00, 0x00, 0x01, 0xF8, 0x00, 0xFF, 0xC0, 0x3F, 0xF0, 0x0F, 0xFE, 0x01, 0xFF, 0xC0, 0x7C,
    0x00, 0x0F, 0x00, 0x01, 0xE0, 0x00, 0x1E, 0x00, 0x03, 0xE0, 0x60, 0x3F, 0xFE, 0x03, 0xFF, 0xC0,
    0x7F, 0xF8, 0x1F, 0xFE, 0x07, 0xF0, 0x01, 0xF0, 0x00, 0x3C, 0x00, 0x0F, 0x00, 0x01, 0xE0, 0x00,
    0x3C, 0x00, 0x07, 0x80, 0x00, 0xF0, 0x00, 0x1F, 0x00, 0x03, 0xF0, 0x02, 0x3F, 0xFF, 0xE3, 0xFF,
    0xFC, 0x3F, 0xFF, 0xC3, 0xFF, 0xF0, 0x1F, 0xF0, 0x00, 0x00, 0x18, 0x00, 0x00, 0x1F, 0xC0, 0x00,
    0x07, 0xFE, 0x00, 0x01, 0xFF, 0xC0, 0x00, 0x3F, 0xFC, 0x00, 0x0F, 0x87, 0x80, 0x01, 0xE0, 0x78,
    0x00, 0x3C, 0x0F, 0x00, 0x07, 0x81, 0xEE, 0x00, 0xFC, 0x3F, 0xC0, 0x0F, 0xFF, 0xF8, 0x01, 0xFF,
    0xFF, 0x00, 0x1F, 0xFF, 0xE0, 0x00, 0xFF, 0xFC, 0x00, 0x00, 0x7F, 0xC0, 0x00, 0x3E, 0xFF, 0xFF,
    0xFF, 0xCF, 0xFF, 0xFF, 0xF1, 0xFF, 0xFF, 0xFC, 0x1F, 0xFF, 0xFF, 0x00, 0xFF, 0xFF, 0x00, 0x00,
    0x00, 0x18, 0x00, 0x00, 0x1F, 0xC0, 0x00, 0x07, 0xFE, 0x00, 0x01, 0xFF, 0xC0, 0x00, 0x3F, 0xFC,
    0x00, 0x0F, 0x87, 0x80, 0x01, 0xE0, 0x78, 0x00, 0x3C, 0x0F, 0x00, 0x07, 0x81, 0xEE, 0x00, 0xFC,
    0x3F, 0xC0, 0x0F, 0xFF, 0xF8, 0x01, 0xFF, 0xFF, 0x00, 0x1F, 0xFF, 0xE0, 0x00, 0xFF, 0xFC, 0x00,
    0x00, 0x7F, 0xC0, 0x00, 0x3E, 0xFF, 0xFF, 0xFF, 0xCF, 0xFF, 0xFF, 0xF1, 0xFF, 0xFF, 0xFC, 0x1F,
    0xFF, 0xFF, 0x00, 0xFF, 0xFF, 0x00, 0x00, 0x00, 0x00, 0x00, 0x00, 0x00, 0x00, 0x00, 0x80, 0x00,
    0x00, 0x78, 0x00, 0x00, 0x0F, 0x00, 0x00, 0x01, 0xE0, 0x00, 0x00, 0x18, 0x00, 0x00, 0x00, 0x00,
    0x18, 0x00, 0x00, 0x07, 0x80, 0x00, 0x00, 0xF0, 0x00, 0x00, 0x1E, 0x00, 0x00, 0x00, 0x80, 0x00,
    0x00, 0x00, 0x00, 0x00, 0x06, 0x00, 0x00, 0x07, 0xF0, 0x00, 0x01, 0xFF, 0x80, 0x00, 0x7F, 0xF0,
    0x00, 0x0F, 0xFF, 0x00, 0x03, 0xE3, 0xE0, 0x00, 0x78, 0x3E, 0x00, 0x0F, 0x03, 0xC0, 0x01, 0xE0,
    0x7B, 0x80, 0x3F, 0x0F, 0xF0, 0x03, 0xFF, 0xFE, 0x00, 0x7F, 0xFF, 0xC0, 0x07, 0xFF, 0xF8, 0x00,
    0x3F, 0xFF, 0x00, 0x00, 0x3F, 0xF0, 0x00, 0x0F, 0xBF, 0xFF, 0xFF, 0xF3, 0xFF, 0xFF, 0xFC, 0x7F,
    0xFF, 0xFF, 0x07, 0xFF, 0xFF, 0xC0, 0x3F, 0xFF, 0xC0, 0x00, 0x00, 0x00, 0x00, 0x00, 0x00, 0x00,
    0x00, 0x80, 0x00, 0x00, 0x3C, 0x00, 0x00, 0x07, 0x80, 0x00, 0x00, 0xF0, 0x00, 0x00, 0x0C, 0x00,
    0x00, 0x00, 0x00, 0x18, 0x00, 0x00, 0x07, 0x80, 0x00, 0x00, 0xF0, 0x00, 0x00, 0x0C, 0x00, 0x00,
    0x0C, 0x30, 0x00, 0x03, 0xCF, 0x00, 0x00, 0x79, 0xE0, 0x00, 0x06, 0x18, 0x00, 0x00, 0x00, 0x00,
    0x00, 0x00, 0x00, 0x00, 0x00, 0x60, 0x00, 0x00, 0x7F, 0x00, 0x00, 0x1F, 0xF8, 0x00, 0x07, 0xFF,
    0x00, 0x00, 0xFF, 0xF0, 0x00, 0x3E, 0x3E, 0x00, 0x07, 0x81, 0xE0, 0x00, 0xF0, 0x3C, 0x00, 0x1E,
    0x07, 0xB8, 0x03, 0xF0, 0xFF, 0x00, 0x3F, 0xFF, 0xE0, 0x07, 0xFF, 0xFC, 0x00, 0x7F, 0xFF, 0x80,
    0x03, 0xFF, 0xF0, 0x00, 0x01, 0xFF, 0x00, 0x00, 0xFB, 0xFF, 0xFF, 0xFF, 0x3F, 0xFF, 0xFF, 0xC7,
    0xFF, 0xFF, 0xF0, 0x7F, 0xFF, 0xFC, 0x03, 0xFF, 0xFC, 0x00, 0x00, 0x00, 0x18, 0x00, 0x00, 0x1F,
    0xC0, 0x00, 0x07, 0xFE, 0x00, 0x01, 0xFF, 0xC0, 0x00, 0x3F, 0xFC, 0x00, 0x0F, 0x87, 0x80, 0x01,
    0xE0, 0x78, 0x00, 0x3C, 0x0F, 0x00, 0x07, 0x81, 0xEE, 0x00, 0xFC, 0x3F, 0xC0, 0x0F, 0xFF, 0xF8,
    0x01, 0xFF, 0xFF, 0x00, 0x1F, 0xFF, 0xE0, 0x00, 0xFF, 0xFC, 0x00, 0x00, 0x7F, 0xC0, 0x00, 0x3E,
    0xFF, 0xFF, 0xFF, 0xCF, 0xFF, 0xFF, 0xF1, 0xFF, 0xFF, 0xFC, 0x1F, 0xFF, 0xFF, 0x00, 0xFF, 0xFF,
    0x00, 0x00, 0x00, 0x00, 0x00, 0x00, 0x00, 0x00, 0x0C, 0x30, 0x00, 0x03, 0xCF, 0x00, 0x00, 0x79,
    0xE0, 0x00, 0x06, 0x18, 0x00, 0x00, 0x00, 0x00, 0x00, 0x03, 0x00, 0x00, 0x00, 0xF0, 0x00, 0x00,
    0x1E, 0x00, 0x00, 0x01, 0x80, 0x00, 0x00, 0x00, 0x63, 0x00, 0x00, 0x1E, 0xF0, 0x00, 0x03, 0xDE,
    0x00, 0x00, 0x31, 0x80, 0x00, 0x00, 0x00, 0x00, 0x00, 0xC6, 0x00, 0x00, 0x3D, 0xE0, 0x00, 0x07,
    0xBC, 0x00, 0x00, 0x63, 0x00, 0x00, 0x00, 0x00, 0x00, 0x00, 0x60, 0x00, 0x00, 0x7F, 0x00, 0x00,
    0x1F, 0xF8, 0x00, 0x07, 0xFF, 0x00, 0x00, 0xFF, 0xF0, 0x00, 0x3E, 0x1E, 0x00, 0x07, 0x81, 0xE0,
    0x00, 0xF0, 0x3C, 0x00, 0x1E, 0x03, 0xB8, 0x03, 0xF0, 0xFF, 0x00, 0x3F, 0xFF, 0xE0, 0x07, 0xFF,
    0xFC, 0x00, 0x7F, 0xFF, 0x80, 0x03, 0xFF, 0xF0, 0x00, 0x01, 0xFF, 0x00, 0x00, 0xFB, 0xFF, 0xFF,
    0xFF, 0x3F, 0xFF, 0xFF, 0xC7, 0xFF, 0xFF, 0xF0, 0x7F, 0xFF, 0xFC, 0x03, 0xFF, 0xFC, 0x00, 0x00,
    0x01, 0x80, 0x00, 0x07, 0x80, 0x00, 0x0F, 0x00, 0x00, 0x1E, 0x00, 0x00, 0x10, 0x00, 0x00, 0x00,
    0x00, 0x00, 0x60, 0x00, 0x07, 0xF0, 0x00, 0x1F, 0xF8, 0x00, 0x7F, 0xF0, 0x00, 0xFF, 0xF0, 0x03,
    0xE3, 0xE0, 0x07, 0x83, 0xE0, 0x0F, 0x03, 0xDE, 0x1E, 0x07, 0xB8, 0x3F, 0x0F, 0xF0, 0x3F, 0xFF,
    0xE0, 0x7F, 0xFF, 0xC0, 0x7F, 0xFF, 0x80, 0x3F, 0xFF, 0x00, 0x01, 0xFE, 0x00, 0x07, 0xBE, 0x00,
    0x1F, 0x7F, 0x80, 0xFE, 0x7F, 0xFF, 0xF8, 0x7F, 0xFF, 0xE0, 0x7F, 0xFF, 0x80, 0x7F, 0xFC, 0x00,
    0x07, 0x80, 0x00, 0x00, 0x01, 0x80, 0x00, 0x07, 0x80, 0x00, 0x0F, 0x00, 0x00, 0x0C, 0x00, 0x00,
    0x00, 0x00, 0x01, 0x86, 0x00, 0x07, 0x9E, 0x00, 0x0F, 0x3C, 0x00, 0x0C, 0x30, 0x00, 0x00, 0x00,
    0x00, 0x06, 0x00, 0x00, 0x7F, 0x00, 0x01, 0xFF, 0x80, 0x07, 0xFF, 0x00, 0x0F, 0xFF, 0x00, 0x3E,
    0x3E, 0x00, 0x78, 0x3E, 0x00, 0xF0, 0x3D, 0xE1, 0xE0, 0x7B, 0x83, 0xF0, 0xFF, 0x03, 0xFF, 0xFE,
    0x07, 0xFF, 0xFC, 0x07, 0xFF, 0xF8, 0x03, 0xFF, 0xF0, 0x00, 0x1F, 0xE0, 0x00, 0x7B, 0xE0, 0x01,
    0xF7, 0xF8, 0x0F, 0xE7, 0xFF, 0xFF, 0x87, 0xFF, 0xFE, 0x07, 0xFF, 0xF8, 0x07, 0xFF, 0xC0, 0x00,
    0x78, 0x00, 0x00, 0x00, 0x00, 0x00, 0x00, 0x00, 0x01, 0x00, 0x00, 0x00, 0x70, 0x00, 0x00, 0x1F,
    0x00, 0x00, 0x07, 0xF0, 0x00, 0x00, 0xFF, 0x00, 0x00, 0x3F, 0xC0, 0x00, 0x0F, 0xF0, 0x00, 0x01,
    0xFC, 0x00, 0x00, 0x3F, 0x00, 0x00, 0x03, 0xE0, 0x00, 0x00, 0x3F, 0x80, 0x00, 0x03, 0xFE, 0x00,
    0x00, 0x0F, 0xF0, 0x00, 0x00, 0x3F, 0x87, 0x00, 0x00, 0xFC, 0xF0, 0x00, 0x03, 0xCF, 0x00, 0x00,
    0x3E, 0xF0, 0x00, 0x01, 0xEF, 0x00, 0x00, 0x1E, 0xF0, 0x00, 0x03, 0xEF, 0x80, 0x00, 0xFC, 0xFF,
    0xFF, 0xFF, 0xC7, 0xFF, 0xFF, 0xF8, 0x7F, 0xFF, 0xFF, 0x03, 0xFF, 0xFF, 0xC0, 0x0F, 0xFF, 0xE0,
    0x00, 0x00, 0x00, 0x00, 0x00, 0x00, 0x00, 0x03, 0xC0, 0x00, 0x00, 0x00, 0x0F, 0x80, 0x00, 0x00,
    0x00, 0x3F, 0x80, 0x00, 0x00, 0x00, 0x7F, 0x80, 0x00, 0x00, 0x00, 0xFE, 0x00, 0x00, 0x00, 0x01,
    0xF8, 0x00, 0x00, 0x00, 0x01, 0xE0, 0x00, 0x00, 0x00, 0x03, 0xC0, 0x00, 0x00, 0x00, 0x03, 0x80,
    0x00, 0xFF, 0xC0, 0x07, 0xFF, 0xFF, 0xFF, 0xF8, 0x07, 0xFF, 0xFF, 0xFF, 0xFC, 0x07, 0xFF, 0xFF,
    0xFF, 0xFE, 0x07, 0xFF, 0xFF, 0xFF, 0xFE, 0x01, 0xFF, 0xFF, 0xFF, 0xFF, 0x00, 0x00, 0x00, 0x00,
    0x1F, 0x00, 0x00, 0x00, 0x00, 0x0F, 0x00, 0x00, 0x00, 0x00, 0xFE, 0x7F, 0xFF, 0xFF, 0xFF, 0xFE,
    0x7F, 0xFF, 0xFF, 0xFF, 0xFC, 0x7F, 0xFF, 0xFF, 0xFF, 0xF0, 0x3F, 0xFF, 0xFF, 0xFF, 0xC0, 0x3F,
    0xFF, 0xFF, 0xE0, 0x00, 0x00, 0x00, 0x00, 0x10, 0x00, 0x00, 0x07, 0x00, 0x00, 0x00, 0xF0, 0x00,
    0x00, 0x3F, 0x00, 0x00, 0x0F, 0xF0, 0x00, 0x01, 0xFE, 0x00, 0x00, 0x7F, 0xF0, 0x00, 0x1F, 0xF3,
    0x00, 0x01, 0xFF, 0x30, 0x00, 0x3F, 0x3E, 0x00, 0x03, 0xF1, 0xC0, 0x00, 0x3F, 0xC0, 0x00, 0x01,
    0xFE, 0x00, 0x00, 0x07, 0xF8, 0x70, 0x00, 0x1F, 0xC7, 0x00, 0x00, 0x7C, 0xF0, 0x00, 0x03, 0xEF,
    0x00, 0x00, 0x1E, 0xF0, 0x00, 0x01, 0xEF, 0x00, 0x00, 0x3E, 0xF8, 0x00, 0x0F, 0xCF, 0xFF, 0xFF,
    0xFC, 0x7F, 0xFF, 0xFF, 0x87, 0xFF, 0xFF, 0xF0, 0x3F, 0xFF, 0xFC, 0x00, 0xFF, 0xFE, 0x00, 0x00,
    0x00, 0x02, 0x00, 0x00, 0x0F, 0x00, 0x00, 0x0F, 0x00, 0x00, 0x0F, 0x00, 0x00, 0x06, 0x00, 0x00,
    0x00, 0x00, 0x00, 0x00, 0x00, 0x00, 0x0F, 0x00, 0x00, 0x0F, 0x00, 0x00, 0x0F, 0x00, 0x00, 0x0F,
    0x00, 0x00, 0x0F, 0x00, 0x00, 0x0F, 0x00, 0x00, 0x0F, 0x00, 0x06, 0x0F, 0x00, 0x0E, 0x0F, 0x00,
    0x3E, 0x0F, 0x00, 0x78, 0x0F, 0x00, 0x78, 0x0F, 0x00, 0x7E, 0x0F, 0x00, 0x0E, 0x0F, 0x60, 0x0E,
    0x0F, 0x70, 0xFE, 0x0F, 0xF0, 0xF8, 0x0F, 0xF0, 0x00, 0x0F, 0xF0, 0x00, 0x0F, 0xF0, 0x00, 0x0F,
    0xF8, 0x00, 0x3F, 0xFF, 0xFF, 0xFF, 0xFF, 0xFF, 0xFF, 0x7F, 0xFF, 0xFF, 0x3F, 0xFF, 0xF8, 0x0F,
    0xFF, 0xC0, 0x00, 0x00, 0x06, 0x00, 0x00, 0x01, 0xE0, 0x00, 0x00, 0x3C, 0x00, 0x00, 0x03, 0x00,
    0x00, 0x00, 0x00, 0x00, 0x00, 0x31, 0x80, 0x00, 0x0F, 0x78, 0x00, 0x01, 0xEF, 0x00, 0x00, 0x18,
    0xC0, 0x00, 0x00, 0x00, 0x00, 0x00, 0x00, 0x00, 0x00, 0x07, 0x80, 0x00, 0x00, 0xF0, 0x00, 0x00,
    0x1E, 0x00, 0x00, 0x03, 0xC0, 0x00, 0x00, 0x78, 0x00, 0x00, 0x0F, 0x00, 0x00, 0x01, 0xE0, 0x00,
    0x08, 0x3C, 0x00, 0x07, 0x07, 0x80, 0x03, 0xE0, 0xF0, 0x00, 0xF0, 0x1E, 0x00, 0x1E, 0x03, 0xC0,
    0x03, 0xF0, 0x78, 0x00, 0x0E, 0x0F, 0x0C, 0x01, 0xC1, 0xE1, 0xC3, 0xF8, 0x3C, 0x78, 0x7C, 0x07,
    0x8F, 0x00, 0x00, 0xF1, 0xE0, 0x00, 0x1E, 0x3C, 0x00, 0x03, 0xC7, 0xC0, 0x01, 0xF8, 0xFF, 0xFF,
    0xFF, 0x1F, 0xFF, 0xFF, 0xE1, 0xFF, 0xFF, 0xFC, 0x1F, 0xFF, 0xFC, 0x00, 0xFF, 0xFC, 0x00, 0x00,
    0x00, 0x07, 0x00, 0x00, 0x0F, 0x00, 0x00, 0x0F, 0x00, 0x00, 0x0F, 0x00, 0x00, 0x0F, 0x00, 0x00,
    0x0F, 0x00, 0x00, 0x0F, 0x00, 0x02, 0x0F, 0x00, 0x0E, 0x0F, 0x00, 0x3E, 0x0F, 0x00, 0x78, 0x0F,
    0x00, 0x78, 0x0F, 0x00, 0x7E, 0x0F, 0x00, 0x0E, 0x0F, 0x60, 0x0E, 0x0F, 0x70, 0xFE, 0x0F, 0xF0,
    0xF8, 0x0F, 0xF0, 0x00, 0x0F, 0xF0, 0x00, 0x0F, 0xF0, 0x00, 0x0F, 0xF8, 0x00, 0x3F, 0xFF, 0xFF,
    0xFF, 0xFF, 0xFF, 0xFF, 0x7F, 0xFF, 0xFF, 0x3F, 0xFF, 0xF8, 0x0F, 0xFF, 0xC0, 0x00, 0x00, 0x00,
    0x00, 0x00, 0x00, 0x00, 0xC7, 0x00, 0x01, 0xE7, 0x80, 0x01, 0xE7, 0x80, 0x00, 0xC7, 0x00, 0x00,
    0x00, 0x00, 0x00, 0x18, 0x00, 0x00, 0x3C, 0x00, 0x00, 0x3C, 0x00, 0x00, 0x18, 0x00, 0x00, 0x00,
    0x00, 0x00, 0x00, 0x00, 0x03, 0x00, 0x00, 0x00, 0xF0, 0x00, 0x00, 0x1F, 0x00, 0x00, 0x07, 0xC0,
    0x00, 0x01, 0xF9, 0x00, 0x00, 0x7E, 0x70, 0x00, 0x0F, 0x9F, 0x00, 0x01, 0xE7, 0xF0, 0x00, 0x18,
    0xFF, 0x00, 0x01, 0x3F, 0xC0, 0x00, 0x0F, 0xF0, 0x00, 0x01, 0xFC, 0x00, 0x00, 0x3F, 0x00, 0x00,
    0x03, 0xE0, 0x00, 0x00, 0x3F, 0x80, 0x00, 0x03, 0xFE, 0x00, 0x00, 0x0F, 0xF0, 0x00, 0x00, 0x3F,
    0x87, 0x00, 0x00, 0xFC, 0xF0, 0x00, 0x03, 0xCF, 0x00, 0x00, 0x3E, 0xF0, 0x00, 0x01, 0xEF, 0x00,
    0x00, 0x1E, 0xF0, 0x00, 0x03, 0xEF, 0x80, 0x00, 0xFC, 0xFF, 0xFF, 0xFF, 0xC7, 0xFF, 0xFF, 0xF8,
    0x7F, 0xFF, 0xFF, 0x03, 0xFF, 0xFF, 0xC0, 0x0F, 0xFF, 0xE0, 0x00, 0x00, 0x00, 0x00, 0x00, 0x00,
    0x00, 0x01, 0x00, 0x00, 0x00, 0x70, 0x00, 0x00, 0x1F, 0x00, 0x00, 0x07, 0xE0, 0x00, 0x00, 0xF9,
    0x00, 0x00, 0x3E, 0x70, 0x00, 0x0F, 0x8F, 0x00, 0x01, 0xF3, 0xF0, 0x00, 0x1C, 0xFF, 0x00, 0x01,
    0x1F, 0xE0, 0x00, 0x07, 0xFF, 0x00, 0x01, 0xFF, 0x30, 0x00, 0x1F, 0xF3, 0x00, 0x03, 0xF3, 0xE0,
    0x00, 0x3F, 0x1C, 0x00, 0x03, 0xFC, 0x00, 0x00, 0x1F, 0xE0, 0x00, 0x00, 0x7F, 0x87, 0x00, 0x01,
    0xFC, 0x70, 0x00, 0x07, 0xCF, 0x00, 0x00, 0x3E, 0xF0, 0x00, 0x01, 0xEF, 0x00, 0x00, 0x1E, 0xF0,
    0x00, 0x03, 0xEF, 0x80, 0x00, 0xFC, 0xFF, 0xFF, 0xFF, 0xCF, 0xFF, 0xFF, 0xF8, 0x7F, 0xFF, 0xFF,
    0x03, 0xFF, 0xFF, 0xC0, 0x0F, 0xFF, 0xE0, 0x00, 0x00, 0x0C, 0x60, 0x00, 0x01, 0xEF, 0x03, 0x00,
    0x1E, 0xF0, 0x70, 0x01, 0xCE, 0x1F, 0x00, 0x08, 0x47, 0xE0, 0x00, 0x00, 0xF9, 0x00, 0x00, 0x3E,
    0x30, 0x00, 0x0F, 0xCF, 0x00, 0x00, 0xF3, 0xF0, 0x00, 0x1C, 0xFF, 0x00, 0x01, 0x1F, 0xC0, 0x00,
    0x07, 0xF8, 0x00, 0x01, 0xFE, 0x00, 0x00, 0x1F, 0x80, 0x00, 0x03, 0xE0, 0x00, 0x00, 0x3F, 0x80,
    0x00, 0x03, 0xFC, 0x00, 0x00, 0x0F, 0xF0, 0x00, 0x00, 0x3F, 0x87, 0x00, 0x00, 0xFC, 0xF0, 0x00,
    0x07, 0xCF, 0x00, 0x00, 0x3E, 0xF0, 0x00, 0x01, 0xEF, 0x00, 0x00, 0x1E, 0xF0, 0x00, 0x03, 0xEF,
    0x80, 0x00, 0xFC, 0xFF, 0xFF, 0xFF, 0xCF, 0xFF, 0xFF, 0xF8, 0x7F, 0xFF, 0xFF, 0x03, 0xFF, 0xFF,
    0xC0, 0x0F, 0xFF, 0xE0, 0x00, 0x00, 0x00, 0x00, 0x00, 0x00, 0x00, 0x03, 0x00, 0x00, 0x00, 0xF0,
    0x00, 0x00, 0x1F, 0x00, 0x00, 0x07, 0xC0, 0x00, 0x01, 0xF9, 0x00, 0x00, 0x7E, 0x70, 0x00, 0x0F,
    0x9F, 0x00, 0x01, 0xE7, 0xF0, 0x00, 0x18, 0xFF, 0x00, 0x01, 0x3F, 0xC0, 0x00, 0x0F, 0xF0, 0x00,
    0x01, 0xFC, 0x00, 0x00, 0x3F, 0x00, 0x00, 0x03, 0xE0, 0x00, 0x00, 0x3F, 0x80, 0x00, 0x03, 0xFE,
    0x00, 0x00, 0x0F, 0xF0, 0x00, 0x00, 0x3F, 0x87, 0x00, 0x00, 0xFC, 0xF0, 0x00, 0x03, 0xCF, 0x00,
    0x00, 0x3E, 0xF0, 0x00, 0x01, 0xEF, 0x00, 0x00, 0x1E, 0xF0, 0x00, 0x03, 0xEF, 0x80, 0x00, 0xFC,
    0xFF, 0xFF, 0xFF, 0xC7, 0xFF, 0xFF, 0xF8, 0x7F, 0xFF, 0xFF, 0x03, 0xFF, 0xFF, 0xC0, 0x0F, 0xFF,
    0xE0, 0x00, 0x00, 0x00, 0x00, 0x00, 0x00, 0x00, 0x00, 0x06, 0x30, 0x00, 0x00, 0xF7, 0x80, 0x00,
    0x0F, 0x78, 0x00, 0x00, 0xE7, 0x80, 0x00, 0x04, 0x10, 0x00, 0x00, 0x00, 0x00, 0x00, 0x00, 0x00,
    0x03, 0x00, 0x00, 0x00, 0xF0, 0x00, 0x00, 0x3F, 0x00, 0x00, 0x07, 0xC0, 0x00, 0x01, 0xF1, 0x00,
    0x00, 0x7E, 0x70, 0x00, 0x1F, 0x9F, 0x00, 0x01, 0xE7, 0xF0, 0x00, 0x19, 0xFF, 0x00, 0x00, 0x3F,
    0xC0, 0x00, 0x0F, 0xF0, 0x00, 0x03, 0xFC, 0x00, 0x00, 0x3F, 0x00, 0x00, 0x03, 0xE0, 0x00, 0x00,
    0x3F, 0x80, 0x00, 0x03, 0xFE, 0x00, 0x00, 0x0F, 0xF0, 0x00, 0x00, 0x3F, 0x87, 0x00, 0x00, 0xFC,
    0xF0, 0x00, 0x07, 0xCF, 0x00, 0x00, 0x3E, 0xF0, 0x00, 0x01, 0xEF, 0x00, 0x00, 0x1E, 0xF0, 0x00,
    0x03, 0xEF, 0x80, 0x00, 0xFC, 0xFF, 0xFF, 0xFF, 0xC7, 0xFF, 0xFF, 0xF8, 0x7F, 0xFF, 0xFF, 0x03,
    0xFF, 0xFF, 0xC0, 0x0F, 0xFF, 0xE0, 0x00, 0x00, 0x00, 0x00, 0x00, 0x00, 0x00, 0x00, 0x01, 0x80,
    0x00, 0x00, 0x3C, 0x00, 0x00, 0x03, 0xC0, 0x00, 0x00, 0x1C, 0x00, 0x00, 0x00, 0x80, 0x00, 0x00,
    0x18, 0x00, 0x00, 0x03, 0xC0, 0x00, 0x00, 0x3C, 0x00, 0x00, 0x03, 0xC0, 0x00, 0x00, 0x08, 0x00,
    0x00, 0x00, 0x03, 0x00, 0x00, 0x00, 0x78, 0x00, 0x00, 0x07, 0x80, 0x00, 0x00, 0x30, 0x00, 0x00,
    0x00, 0x00, 0x00, 0x01, 0x86, 0x01, 0x00, 0x3C, 0xF0, 0x70, 0x03, 0xCF, 0x1F, 0x00, 0x18, 0x63,
    0xE0, 0x00, 0x00, 0xFC, 0x00, 0x00, 0x3F, 0x30, 0x00, 0x0F, 0xCF, 0x00, 0x01, 0xF3, 0xF0, 0x00,
    0x1C, 0xFF, 0x00, 0x01, 0x3F, 0xE0, 0x00, 0x07, 0xF8, 0x00, 0x01, 0xFE, 0x00, 0x00, 0x3F, 0x80,
    0x00, 0x03, 0xE0, 0x00, 0x00, 0x3F, 0x00, 0x00, 0x03, 0xFC, 0x00, 0x00, 0x1F, 0xF0, 0x00, 0x00,
    0x3F, 0x87, 0x00, 0x00, 0xFC, 0x70, 0x00, 0x07, 0xCF, 0x00, 0x00, 0x3E, 0xF0, 0x00, 0x01, 0xEF,
    0x00, 0x00, 0x1E, 0xF0, 0x00, 0x03, 0xEF, 0x80, 0x00, 0xFC, 0xFF, 0xFF, 0xFF, 0xCF, 0xFF, 0xFF,
    0xF8, 0x7F, 0xFF, 0xFF, 0x03, 0xFF, 0xFF, 0xC0, 0x0F, 0xFF, 0xE0, 0x00, 0x00, 0x00, 0x00, 0x00,
    0x06, 0x60, 0x00, 0x3B, 0x80, 0x00, 0x7E, 0x00, 0x00, 0xF0, 0x00, 0x03, 0xC0, 0x00, 0x06, 0x00,
    0x00, 0x00, 0x00, 0x00, 0xF0, 0x00, 0x03, 0xC0, 0x00, 0x0F, 0x00, 0x00, 0x3C, 0x00, 0x00, 0xF0,
    0x00, 0x03, 0xC0, 0x00, 0x0F, 0x00, 0x00, 0x3C, 0x00, 0x00, 0xF0, 0x00, 0x03, 0xC0, 0x00, 0x0F,
    0x00, 0x00, 0x3C, 0x00, 0x00, 0xF0, 0x00, 0x03, 0xC0, 0x00, 0x0F, 0x00, 0x00, 0x3C, 0x00, 0x00,
    0xF0, 0x00, 0x03, 0xC7, 0x80, 0x0F, 0x1C, 0x00, 0x3C, 0xF0, 0x00, 0xF3, 0xC0, 0x03, 0xCF, 0x00,
    0x0F, 0x3C, 0x00, 0x3C, 0xF0, 0x00, 0xF3, 0xC0, 0x07, 0xCF, 0x80, 0x1E, 0x3F, 0x00, 0xF8, 0x7F,
    0xFF, 0xE1, 0xFF, 0xFF, 0x03, 0xFF, 0xF8, 0x07, 0xFF, 0xC0, 0x07, 0xFC, 0x00, 0x00, 0x00, 0x40,
    0x00, 0x0F, 0x00, 0x00, 0xF0, 0x00, 0x0F, 0x00, 0x00, 0x60, 0x00, 0x00, 0x00, 0x00, 0x00, 0x00,
    0x0F, 0x00, 0x00, 0xF0, 0x00, 0x0F, 0x00, 0x00, 0xF0, 0x00, 0x0F, 0x00, 0x00, 0xF0, 0x00, 0x0F,
    0x00, 0x00, 0xF0, 0x00, 0x0F, 0x00, 0x00, 0xF0, 0x00, 0x0F, 0x00, 0x00, 0xF0, 0x00, 0x0F, 0x00,
    0x00, 0xF0, 0x00, 0x0F, 0x00, 0x00, 0xF0, 0x00, 0x0F, 0x00, 0x00, 0xF7, 0x00, 0x0F, 0x78, 0x00,
    0xFF, 0x00, 0x0F, 0xF0, 0x00, 0xFF, 0x00, 0x0F, 0xF0, 0x00, 0xFF, 0x00, 0x0F, 0xF0, 0x01, 0xFF,
    0x80, 0x1E, 0xFC, 0x03, 0xE7, 0xFF, 0xFE, 0x7F, 0xFF, 0xC3, 0xFF, 0xF8, 0x1F, 0xFF, 0x00, 0x7F,
    0xC0, 0x00, 0x00, 0x60, 0x00, 0x01, 0xE0, 0x00, 0x03, 0xC0, 0x00, 0x03, 0x00, 0x00, 0x00, 0x00,
    0x00, 0x61, 0x80, 0x01, 0xE7, 0x80, 0x03, 0xCF, 0x00, 0x03, 0x0C, 0x00, 0x00, 0x00, 0x00, 0x00,
    0x00, 0x00, 0x07, 0x80, 0x00, 0x0F, 0x00, 0x00, 0x1E, 0x00, 0x00, 0x3C, 0x00, 0x00, 0x78, 0x00,
    0x00, 0xF0, 0x00, 0x01, 0xE0, 0x00, 0x03, 0xC0, 0x00, 0x07, 0x80, 0x00, 0x0F, 0x00, 0x00, 0x1E,
    0x00, 0x00, 0x3C, 0x00, 0x00, 0x78, 0x00, 0x00, 0xF0, 0x00, 0x01, 0xE0, 0x00, 0x03, 0xC0, 0x00,
    0x07, 0x80, 0x00, 0x0F, 0x0E, 0x00, 0x1E, 0x1E, 0x00, 0x3C, 0x38, 0x00, 0x78, 0xF0, 0x00, 0xF1,
    0xE0, 0x01, 0xE3, 0xC0, 0x03, 0xC7, 0x80, 0x07, 0x8F, 0x00, 0x1F, 0x1F, 0x00, 0x3C, 0x3F, 0x00,
    0xF8, 0x3F, 0xFF, 0xF0, 0x7F, 0xFF, 0xC0, 0x7F, 0xFF, 0x00, 0x7F, 0xFC, 0x00, 0x3F, 0xE0, 0x00,
    0x00, 0x00, 0x00, 0x00, 0x0F, 0x00, 0x00, 0xF0, 0x00, 0x0F, 0x00, 0x00, 0xF0, 0x00, 0x0F, 0x00,
    0x00, 0xF0, 0x00, 0x0F, 0x00, 0x00, 0xF0, 0x00, 0x0F, 0x00, 0x00, 0xF0, 0x00, 0x0F, 0x00, 0x00,
    0xF0, 0x00, 0x0F, 0x00, 0x00, 0xF0, 0x00, 0x0F, 0x00, 0x00, 0xF0, 0x00, 0x0F, 0x00, 0x00, 0xF7,
    0x80, 0x0F, 0x78, 0x00, 0xFF, 0x00, 0x0F, 0xF0, 0x00, 0xFF, 0x00, 0x0F, 0xF0, 0x00, 0xFF, 0x00,
    0x0F, 0xF0, 0x01, 0xFF, 0x80, 0x1E, 0xFC, 0x03, 0xE7, 0xFF, 0xFE, 0x7F, 0xFF, 0xC3, 0xFF, 0xF8,
    0x1F, 0xFF, 0x00, 0x7F, 0xC0, 0x00, 0x00, 0x00, 0x00, 0x00, 0x00, 0x00, 0x00, 0x61, 0x80, 0x0F,
    0x3C, 0x00, 0xF3, 0xC0, 0x06, 0x18, 0x00, 0x0C, 0x00, 0x01, 0xE0, 0x00, 0x1E, 0x00, 0x00, 0xC0,
    0x00, 0x00, 0xC0, 0x00, 0x1E, 0x00, 0x01, 0xE0, 0x00, 0x1E, 0x00, 0x00, 0x40, 0x00, 0x00, 0x1E,
    0x00, 0x03, 0xE0, 0x00, 0x3E, 0x00, 0x01, 0xE7, 0x00, 0x1F, 0x78, 0x00, 0xF7, 0x00, 0x0F, 0xF0,
    0x00, 0xFF, 0x00, 0x0F, 0xF0, 0x00, 0xFF, 0x00, 0x0F, 0xF0, 0x00, 0xFF, 0x80, 0x1F, 0xFC, 0x03,
    0xE7, 0xFF, 0xFE, 0x7F, 0xFF, 0xC3, 0xFF, 0xF8, 0x1F, 0xFF, 0x00, 0x7F, 0xC0, 0x00, 0x00, 0x00,
    0x00, 0x00, 0x00, 0x40, 0x00, 0x1E, 0x00, 0x01, 0xE0, 0x00, 0x1E, 0x00, 0x00, 0xC0, 0x00, 0x00,
    0x00, 0x40, 0x00, 0x3E, 0x00, 0x03, 0xE0, 0x00, 0x1E, 0x00, 0x01, 0xF7, 0x00, 0x1F, 0x70, 0x00,
    0xFF, 0x00, 0x0F, 0xF0, 0x00, 0xFF, 0x00, 0x0F, 0xF0, 0x00, 0xFF, 0x00, 0x0F, 0xF0, 0x00, 0xFF,
    0x80, 0x1F, 0xFC, 0x03, 0xE7, 0xFF, 0xFE, 0x7F, 0xFF, 0xC3, 0xFF, 0xF8, 0x1F, 0xFF, 0x00, 0x7F,
    0xC0, 0x03, 0x00, 0x00, 0x37, 0x80, 0x03, 0xFC, 0x00, 0x3C, 0xC0, 0x03, 0x1C, 0x00, 0x7F, 0xC0,
    0x07, 0xF8, 0x00, 0x00, 0x04, 0x00, 0x01, 0xE0, 0x00, 0x3E, 0x00, 0x01, 0xE0, 0x00, 0x1F, 0x70,
    0x01, 0xF7, 0x00, 0x0F, 0xF0, 0x00, 0xFF, 0x00, 0x0F, 0xF0, 0x00, 0xFF, 0x00, 0x0F, 0xF0, 0x00,
    0xFF, 0x00, 0x0F, 0xF8, 0x01, 0xFF, 0xC0, 0x3E, 0x7F, 0xFF, 0xE7, 0xFF, 0xFC, 0x3F, 0xFF, 0x81,
    0xFF, 0xF0, 0x07, 0xFC, 0x00, 0x00, 0x80, 0x00, 0x1E, 0x00, 0x01, 0xE0, 0x00, 0x1E, 0x00, 0x00,
    0xC0, 0x00, 0x00, 0x04, 0x00, 0x03, 0xE0, 0x00, 0x3E, 0x00, 0x01, 0xE0, 0x00, 0x1F, 0x78, 0x01,
    0xF7, 0x80, 0x0F, 0xF0, 0x00, 0xFF, 0x00, 0x0F, 0xF0, 0x00, 0xFF, 0x00, 0x0F, 0xF0, 0x00, 0xFF,
    0x00, 0x0F, 0xF8, 0x01, 0xFF, 0xC0, 0x3E, 0x7F, 0xFF, 0xE7, 0xFF, 0xFC, 0x3F, 0xFF, 0x81, 0xFF,
    0xF0, 0x07, 0xFC, 0x00, 0x33, 0x00, 0x03, 0x30, 0x00, 0x3F, 0x00, 0x01, 0xE0, 0x00, 0x00, 0xC0,
    0x00, 0x1E, 0x00, 0x01, 0xE0, 0x00, 0x0C, 0x00, 0x03, 0x18, 0x00, 0x7B, 0xC0, 0x07, 0xBC, 0x00,
    0x31, 0x80, 0x00, 0x00, 0x40, 0x00, 0x3E, 0x00, 0x03, 0xE0, 0x00, 0x3E, 0x00, 0x01, 0xF7, 0x80,
    0x1F, 0x78, 0x00, 0xFF, 0x00, 0x0F, 0xF0, 0x00, 0xFF, 0x00, 0x0F, 0xF0, 0x00, 0xFF, 0x00, 0x0F,
    0xF0, 0x00, 0xFF, 0x80, 0x1F, 0xFC, 0x03, 0xE7, 0xFF, 0xFE, 0x7F, 0xFF, 0xC3, 0xFF, 0xF8, 0x1F,
    0xFF, 0x00, 0x7F, 0xC0, 0x00, 0x00, 0x00, 0x0E, 0x00, 0x00, 0x3E, 0x00, 0x01, 0xFC, 0x00, 0x07,
    0xFC, 0x00, 0x0F, 0xFC, 0x00, 0x7F, 0xF8, 0x01, 0xFF, 0xF0, 0x0F, 0x1F, 0xF0, 0x38, 0x3F, 0xC0,
    0xE0, 0xFF, 0x83, 0x83, 0x9F, 0x0F, 0x1E, 0x3C, 0x1E, 0xF0, 0xF7, 0xFF, 0xC3, 0xDF, 0xFF, 0xFF,
    0x7F, 0xFF, 0xF9, 0xFF, 0xFF, 0xE7, 0xF3, 0xFF, 0x00, 0x03, 0xF0, 0x03, 0x00, 0x00, 0x1E, 0x00,
    0x00, 0x78, 0x00, 0x01, 0xE0, 0x00, 0x02, 0x00, 0x00, 0x00, 0x00, 0x00, 0x38, 0x00, 0x0F, 0xFC,
    0x00, 0x7F, 0xF8, 0x01, 0xFF, 0xF8, 0x03, 0xFF, 0xF0, 0x0E, 0x0F, 0xF0, 0x00, 0x07, 0xF8, 0x00,
    0x7F, 0xE0, 0x0F, 0xFF, 0x00, 0xFF, 0xFC, 0x07, 0xF8, 0x00, 0x3F, 0x00, 0x01, 0xF0, 0x00, 0x0F,
    0x80, 0x00, 0x3C, 0xC3, 0x01, 0xF7, 0x9E, 0x07, 0x9E, 0x78, 0x1E, 0x30, 0xC0, 0x78, 0x18, 0x01,
    0xE0, 0xF0, 0x07, 0x83, 0xC0, 0x1F, 0x06, 0x00, 0x7E, 0x00, 0x00, 0xFC, 0x00, 0xC3, 0xFF, 0xFF,
    0x87, 0xFF, 0xFE, 0x0F, 0xFF, 0xFC, 0x0F, 0xFF, 0xE0, 0x0F, 0xFC, 0x00, 0x00, 0x00, 0x0F, 0x80,
    0x3F, 0x00, 0x70, 0x00, 0xE0, 0x00, 0xFC, 0x03, 0xF8, 0x07, 0xC0, 0x00, 0x00, 0x00, 0x00, 0x06,
    0x00, 0x1E, 0x00, 0xFE, 0x03, 0xFE, 0x0F, 0xFE, 0x3F, 0x7E, 0x78, 0x7D, 0xF0, 0x7B, 0xC0, 0x7F,
    0x80, 0xFF, 0x01, 0xFE, 0x03, 0xFC, 0x0F, 0xFC, 0x1E, 0xFF, 0xFC, 0xFF, 0xF8, 0xFF, 0xE1, 0xFF,
    0x80, 0xFC, 0x00, 0x00, 0x00, 0x03, 0x00, 0x1F, 0x80, 0x7F, 0x81, 0xFF, 0x07, 0xFF, 0x1F, 0x3F,
    0x3C, 0x3E, 0xF8, 0x3D, 0xE0, 0x3F, 0xC0, 0x7F, 0x80, 0xFF, 0x01, 0xFE, 0x07, 0xFE, 0x0F, 0x7F,
    0xFE, 0x7F, 0xFC, 0x7F, 0xF0, 0x7F, 0xC0, 0x7E, 0x00, 0x00, 0x00, 0x0F, 0x80, 0x3F, 0x00, 0x70,
    0x00, 0xE0, 0x00, 0xFC, 0x03, 0xF8, 0x07, 0xC0, 0x00, 0x00, 0x00, 0x00, 0x06, 0x00, 0x1E, 0x00,
    0xFE, 0x03, 0xFE, 0x0F, 0xFE, 0x3F, 0x7E, 0x78, 0x7D, 0xF0, 0x7B, 0xC0, 0x7F, 0x80, 0xFF, 0x01,
    0xFE, 0x03, 0xFC, 0x0F, 0xFC, 0x1E, 0xFF, 0xFC, 0xFF, 0xF8, 0xFF, 0xE1, 0xFF, 0x80, 0xFC, 0x00,
    0x0C, 0x60, 0x3D, 0xE0, 0x7B, 0xC0, 0xE3, 0x80, 0x82, 0x00, 0x00, 0x00, 0x00, 0x00, 0x80, 0x01,
    0xC0, 0x0F, 0xC0, 0x3F, 0xC0, 0xFF, 0xC3, 0xFF, 0x8F, 0x9F, 0x9E, 0x1F, 0x7C, 0x1E, 0xF0, 0x1F,
    0xE0, 0x3F, 0xC0, 0x7F, 0x80, 0xFF, 0x03, 0xFF, 0x07, 0xBF, 0xFF, 0x3F, 0xFE, 0x3F, 0xF8, 0x3F,
    0xE0, 0x3F, 0x00, 0x07, 0xE0, 0x1F, 0xE0, 0x7F, 0xE1, 0xFF, 0xE3, 0xFF, 0xCF, 0x87, 0x9E, 0x07,
    0xBC, 0x0F, 0x7C, 0x1E, 0xFF, 0xFC, 0xFF, 0xF9, 0xFF, 0xF1, 0xFF, 0xE0, 0xFF, 0xCE, 0x0F, 0x3E,
    0x3E, 0x67, 0xFC, 0xDF, 0xF1, 0xFF, 0xC3, 0xFF, 0x07, 0xF8, 0x0F, 0xC0, 0x0C, 0x00, 0x00, 0x01,
    0x80, 0x0F, 0xE0, 0x3F, 0xE0, 0xFF, 0xE1, 0xFF, 0xC7, 0xC7, 0x8F, 0x07, 0x9E, 0x07, 0x3C, 0x0E,
    0x7F, 0xFC, 0xFF, 0xF8, 0xFF, 0xF0, 0xFF, 0xE0, 0xFF, 0xC0, 0x07, 0xBF, 0xFE, 0x7F, 0xFC, 0x0F,
    0xF0, 0xFF, 0xC3, 0xFF, 0x07, 0xF8, 0x07, 0xC0, 0x0C, 0x00, 0x00, 0x00, 0x20, 0x0E, 0xE0, 0x0F,
    0xC0, 0x1F, 0x00, 0x1E, 0x00, 0x38, 0x00, 0x00, 0x00, 0xC0, 0x07, 0xF0, 0x1F, 0xF0, 0x7F, 0xE0,
    0xFF, 0xE3, 0xE3, 0xC7, 0x83, 0xCF, 0x03, 0x9E, 0x07, 0x3F, 0xFE, 0x7F, 0xFC, 0x7F, 0xF8, 0x7F,
    0xF0, 0x7F, 0xE0, 0x03, 0xC0, 0x0F, 0x00, 0x7E, 0x03, 0xF8, 0x3F, 0xE1, 0xFF, 0x83, 0xFE, 0x03,
    0xF0, 0x07, 0x80, 0x00, 0x00, 0x00, 0x01, 0xE0, 0x07, 0xE0, 0x0D, 0xC0, 0x19, 0x80, 0x3F, 0x00,
    0x3C, 0x00, 0xF0, 0x01, 0xC0, 0x00, 0x00, 0x03, 0x00, 0x1F, 0xC0, 0x7F, 0xC1, 0xFF, 0x83, 0xFF,
    0x8F, 0x8F, 0x1E, 0x0F, 0x3C, 0x0E, 0x78, 0x1C, 0xFF, 0xF9, 0xFF, 0xF1, 0xFF, 0xE1, 0xFF, 0xC0,
    0xFF, 0x80, 0x0F, 0x00, 0x3C, 0x01, 0xF8, 0x0F, 0xE0, 0xFF, 0x87, 0xFE, 0x0F, 0xF8, 0x0F, 0xC0,
    0x1E, 0x00, 0x00, 0x00, 0x00, 0x00, 0x03, 0x00, 0x06, 0x00, 0x0C, 0x00, 0x18, 0x00, 0x30, 0x00,
    0x60, 0x00, 0x00, 0x01, 0x80, 0x0F, 0xE0, 0x3F, 0xE0, 0xFF, 0xC1, 0xFF, 0xC7, 0xC7, 0x8F, 0x07,
    0x9E, 0x0F, 0x3C, 0x1E, 0x7F, 0xFC, 0xFF, 0xF8, 0xFF, 0xF0, 0xFF, 0xE0, 0xFF, 0xC0, 0x0F, 0x80,
    0x3E, 0x00, 0xFC, 0x07, 0xF0, 0x7F, 0xC3, 0xFF, 0x07, 0xFC, 0x07, 0xE0, 0x0F, 0x00, 0x00, 0x00,
    0x00, 0xC0, 0x03, 0x80, 0x0F, 0x80, 0x1F, 0x00, 0x77, 0x00, 0xE6, 0x00, 0x00, 0x00, 0x00, 0x01,
    0x80, 0x0F, 0xE0, 0x3F, 0xE0, 0xFF, 0xC1, 0xFF, 0xC7, 0xC7, 0x8F, 0x07, 0x9E, 0x07, 0x3C, 0x0E,
    0x7F, 0xFC, 0xFF, 0xF8, 0xFF, 0xF0, 0xFF, 0xE0, 0xFF, 0xC0, 0x07, 0x80, 0x1E, 0x00, 0xFC, 0x07,
    0xF0, 0x7F, 0xC3, 0xFF, 0x07, 0xFC, 0x07, 0xE0, 0x0F, 0x00, 0x00, 0x00, 0x04, 0x10, 0x1C, 0x70,
    0x3D, 0xE0, 0x7B, 0xC0, 0x63, 0x00, 0x00, 0x00, 0x00, 0x00, 0xC0, 0x07, 0xF0, 0x1F, 0xF0, 0x7F,
    0xE0, 0xFF, 0xE3, 0xE3, 0xC7, 0x83, 0xCF, 0x07, 0x9E, 0x07, 0x3F, 0xFE, 0x7F, 0xFC, 0x7F, 0xF8,
    0x7F, 0xF0, 0x7F, 0xE0, 0x03, 0xC0, 0x0F, 0x00, 0x7E, 0x03, 0xF8, 0x3F, 0xE1, 0xFF, 0x83, 0xFE,
    0x03, 0xF0, 0x07, 0x80, 0x00, 0x00, 0x00, 0x01, 0x80, 0x07, 0x80, 0x0F, 0x00, 0x0C, 0x00, 0xC3,
    0x03, 0xCF, 0x07, 0x9E, 0x06, 0x18, 0x00, 0x00, 0x00, 0x00, 0x06, 0x00, 0x3F, 0x80, 0xFF, 0x83,
    0xFF, 0x07, 0xFF, 0x1F, 0x1E, 0x3C, 0x1E, 0x78, 0x3C, 0xF0, 0x79, 0xFF, 0xF3, 0xFF, 0xE3, 0xFF,
    0xC3, 0xFF, 0x83, 0xFF, 0x00, 0x3E, 0x00, 0x78, 0x03, 0xF0, 0x1F, 0xC1, 0xFF, 0x0F, 0xFC, 0x1F,
    0xF0, 0x1F, 0x80, 0x38, 0x00, 0x00, 0x00, 0x00, 0x00, 0xFC, 0x00, 0x01, 0xFF, 0x00, 0x01, 0xFF,
    0xC0, 0x01, 0xFF, 0xC0, 0x01, 0xFF, 0xE0, 0x00, 0xF0, 0x20, 0x00, 0xF0, 0x00, 0x00, 0x78, 0x00,
    0x70, 0x3E, 0x00, 0x38, 0x1F, 0xF0, 0x3C, 0x07, 0xFF, 0x1E, 0x01, 0xFF, 0xCF, 0x00, 0x7F, 0xE7,
    0x80, 0x07, 0xFB, 0xC0, 0x00, 0x7D, 0xE0, 0x00, 0x1E, 0xF8, 0x00, 0x1F, 0x7E, 0x00, 0x3F, 0x1F,
    0xFF, 0xFF, 0x8F, 0xFF, 0xFF, 0x83, 0xFF, 0xFF, 0x80, 0x7F, 0xFF, 0x00, 0x0F, 0xFE, 0x00, 0x00,
    0x00, 0x0F, 0xC0, 0x00, 0x01, 0xFF, 0x00, 0x00, 0x1F, 0xFC, 0x00, 0x01, 0xFF, 0xC0, 0x00, 0x1F,
    0xFE, 0x00, 0x00, 0xF0, 0x20, 0x00, 0x0F, 0x00, 0x00, 0x00, 0x78, 0x00, 0x0F, 0x03, 0xE0, 0x01,
    0xF8, 0x1F, 0xF0, 0x1F, 0xC0, 0x7F, 0xF0, 0xFE, 0x01, 0xFF, 0xC0, 0xF0, 0x07, 0xFE, 0x07, 0x80,
    0x07, 0xF8, 0x3C, 0x00, 0x07, 0xC1, 0xE0, 0x00, 0x1E, 0x0F, 0x80, 0x01, 0xF0, 0x7E, 0x00, 0x3F,
    0x01, 0xFF, 0xFF, 0xF8, 0x0F, 0xFF, 0xFF, 0x80, 0x3F, 0xFF, 0xF8, 0x00, 0x7F, 0xFF, 0x00, 0x00,
    0xFF, 0xE0, 0x00, 0x00, 0x00, 0x00, 0x33, 0x00, 0x7E, 0x3B, 0x80, 0xFF, 0x8F, 0x80, 0xFF, 0xE7,
    0xC0, 0xFF, 0xE1, 0xC0, 0xFF, 0xF0, 0xE0, 0x78, 0x10, 0x00, 0x78, 0x00, 0x00, 0x3C, 0x00, 0x38,
    0x1F, 0x00, 0x1C, 0x0F, 0xF8, 0x1E, 0x03, 0xFF, 0x8F, 0x00, 0xFF, 0xE7, 0x80, 0x3F, 0xF3, 0xC0,
    0x03, 0xFD, 0xE0, 0x00, 0x3E, 0xF0, 0x00, 0x0F, 0x7C, 0x00, 0x0F, 0xBF, 0x00, 0x1F, 0x8F, 0xFF,
    0xFF, 0xC7, 0xFF, 0xFF, 0xC1, 0xFF, 0xFF, 0xC0, 0x3F, 0xFF, 0x80, 0x07, 0xFF, 0x00, 0x01, 0x80,
    0x07, 0x80, 0x0F, 0x00, 0x1E, 0x00, 0x10, 0x00, 0x00, 0x00, 0x60, 0x03, 0xF8, 0x0F, 0xF8, 0x3F,
    0xF0, 0x7F, 0xF1, 0xF1, 0xE3, 0xC1, 0xE7, 0x83, 0xCF, 0x07, 0x9F, 0xFF, 0x3F, 0xFE, 0x3F, 0xFC,
    0x3F, 0xF8, 0x3F, 0xF0, 0x03, 0xE0, 0x0F, 0x80, 0x3F, 0x01, 0xFC, 0x1F, 0xF0, 0xFF, 0xC1, 0xFF,
    0x01, 0xF8, 0x03, 0xC0, 0x00, 0x00, 0x00, 0x00, 0x00, 0x70, 0x00, 0x00, 0xFF, 0x00, 0x01, 0xFF,
    0xC0, 0x01, 0xFF, 0xE0, 0x01, 0xFF, 0xE0, 0x00, 0xF8, 0x60, 0x00, 0xF8, 0x00, 0x00, 0x78, 0x00,
    0x70, 0x3C, 0x00, 0x38, 0x1F, 0xC0, 0x1C, 0x07, 0xFE, 0x1E, 0x03, 0xFF, 0x8F, 0x00, 0x7F, 0xE7,
    0x80, 0x0F, 0xFB, 0xC0, 0x00, 0x7D, 0xE0, 0x00, 0x1E, 0xF8, 0x00, 0x1F, 0x7E, 0x00, 0x3F, 0x1F,
    0xFF, 0xFF, 0x8F, 0xFF, 0xFF, 0x83, 0xFF, 0xFF, 0x80, 0x7F, 0xFF, 0x00, 0x0F, 0xFE, 0x00, 0x00,
    0x00, 0x00, 0x00, 0x20, 0x00, 0x00, 0x38, 0x00, 0x00, 0x3C, 0x00, 0x00, 0x1E, 0x00, 0x00, 0x06,
    0x00, 0x00, 0x01, 0x00, 0x00, 0x01, 0xC0, 0x00, 0x01, 0xE0, 0x00, 0x00, 0xF0, 0x00, 0x00, 0x30,
    0x00, 0x00, 0x00, 0x00, 0x70, 0x00, 0x00, 0xFF, 0x00, 0x01, 0xFF, 0xC0, 0x01, 0xFF, 0xE0, 0x01,
    0xFF, 0xE0, 0x00, 0xF8, 0x60, 0x00, 0xF8, 0x00, 0x00, 0x78, 0x00, 0x60, 0x3C, 0x00, 0x3C, 0x1F,
    0xC0, 0x1C, 0x07, 0xFE, 0x1E, 0x03, 0xFF, 0x8F, 0x00, 0xFF, 0xE7, 0x80, 0x1F, 0xFB, 0xC0, 0x00,
    0xFD, 0xE0, 0x00, 0x1E, 0xF0, 0x00, 0x0F, 0x7C, 0x00, 0x1F, 0x1F, 0x80, 0x7F, 0x8F, 0xFF, 0xFF,
    0x83, 0xFF, 0xFF, 0x80, 0xFF, 0xFF, 0x80, 0x1F, 0xFF, 0x00, 0x00, 0xF8, 0x00, 0x00, 0x00, 0x00,
    0x00, 0x00, 0x00, 0x00, 0x63, 0x00, 0x00, 0x7B, 0xC0, 0x00, 0x3D, 0xE0, 0x00, 0x0C, 0x60, 0x00,
    0x01, 0x80, 0x00, 0x01, 0xE0, 0x00, 0x00, 0xF0, 0x00, 0x00, 0x30, 0x00, 0x00, 0x00, 0x03, 0x00,
    0x00, 0x00, 0x00, 0x1C, 0x00, 0x00, 0x00, 0x01, 0xF0, 0x00, 0x00, 0x00, 0x1F, 0x80, 0x00, 0x00,
    0x01, 0xF8, 0x00, 0x00, 0x00, 0x3F, 0xC0, 0x00, 0x00, 0x07, 0xFC, 0x00, 0x00, 0x01, 0xFF, 0xC0,
    0x00, 0x00, 0x3F, 0xF8, 0x00, 0x00, 0x03, 0xFF, 0x00, 0x00, 0x00, 0x3F, 0x80, 0x00, 0x00, 0x01,
    0xF0, 0x00, 0x00, 0x00, 0x0F, 0x00, 0x00, 0x00, 0x00, 0x7F, 0xFF, 0xFF, 0xFF, 0xFB, 0xFF, 0xFF,
    0xFF, 0xFF, 0xCF, 0xFF, 0xFF, 0xFF, 0xFE, 0x7F, 0xFF, 0xFF, 0xFF, 0xF0, 0xFF, 0xFF, 0xFF, 0xFF,
    0x80, 0x01, 0xF0, 0x00, 0x00, 0x00, 0x1F, 0x80, 0x00, 0x00, 0x00, 0xE4, 0x00, 0x00, 0x00, 0x07,
    0x00, 0x00, 0x00, 0x00, 0x1F, 0x80, 0x00, 0x00, 0x03, 0xFC, 0x00, 0x00, 0x00, 0x1F, 0xC0, 0x00,
    0x00, 0x00, 0x00, 0x00, 0x00, 0x00, 0x00, 0x02, 0x00, 0x00, 0x00, 0x00, 0x1C, 0x00, 0x00, 0x00,
    0x01, 0xF0, 0x00, 0x00, 0x00, 0x1F, 0x80, 0x00, 0x00, 0x01, 0xF8, 0x00, 0x00, 0x00, 0x3F, 0xC0,
    0x00, 0x00, 0x07, 0xFC, 0x00, 0x00, 0x01, 0xFF, 0xC0, 0x00, 0x00, 0x3F, 0xF8, 0x00, 0x00, 0x03,
    0xFF, 0x00, 0x00, 0x00, 0x3F, 0xC0, 0x00, 0x00, 0x01, 0xF0, 0x00, 0x00, 0x00, 0x0F, 0x00, 0x00,
    0x00, 0x00, 0x7F, 0xFF, 0xFF, 0xFF, 0xF3, 0xFF, 0xFF, 0xFF, 0xFF, 0xCF, 0xFF, 0xFF, 0xFF, 0xFE,
    0x7F, 0xFF, 0xFF, 0xFF, 0xF0, 0xFF, 0xFF, 0xFF, 0xFF, 0x80, 0xFF, 0xFF, 0xFF, 0xEF, 0xF7, 0xF8,
    0x00, 0x00, 0x03, 0x00, 0x1F, 0x80, 0x7F, 0x81, 0xFF, 0x07, 0xFF, 0x1F, 0x3F, 0x3C, 0x3E, 0xF8,
    0x3D, 0xE0, 0x3F, 0xC0, 0x7F, 0x80, 0xFF, 0x01, 0xFE, 0x07, 0xFE, 0x0F, 0x7F, 0xFE, 0x7F, 0xFC,
    0x7F, 0xF0, 0x7F, 0xC0, 0x7E, 0x00, 0x0E, 0x00, 0x1E, 0x00, 0x7C, 0x00, 0xFC, 0x03, 0xB8, 0x02,
    0x30, 0x00, 0x00, 0x00, 0x00, 0x01, 0x80, 0x07, 0x80, 0x1F, 0x80, 0x3F, 0x00, 0x3F, 0x00, 0x3F,
    0x00, 0x3E, 0x00, 0x3E, 0x00, 0x7C, 0x00, 0x78, 0x00, 0x78, 0x00, 0xF0, 0x01, 0xE0, 0x07, 0xCF,
    0xFF, 0xBF, 0xFE, 0x7F, 0xF8, 0xFF, 0xE1, 0xFF, 0x00, 0x00, 0x10, 0x38, 0x7C, 0xFE, 0x7C, 0x38,
    0x00, 0x03, 0xC7, 0x9E, 0x79, 0xE3, 0xCF, 0x3C, 0xF3, 0xCF, 0x3C, 0xF3, 0xCF, 0x3C, 0xF3, 0xCF,
    0x3C, 0xF0, 0x00, 0x01, 0xF0, 0x3D, 0xE0, 0x7B, 0xC0, 0xF7, 0x81, 0xEF, 0x87, 0xCF, 0x9F, 0x1F,
    0xFE, 0x3F, 0xFC, 0x7F, 0xF0, 0xFF, 0xC1, 0xE6, 0x03, 0xC0, 0x07, 0x80, 0x0F, 0x00, 0x1E, 0x00,
    0x3C, 0x00, 0x78, 0x00, 0xF0, 0x01, 0xE0, 0x03, 0xC0, 0x07, 0x80, 0x00, 0x00, 0x00, 0x1E, 0x1E,
    0x3D, 0xE3, 0xC7, 0xBC, 0x78, 0xF7, 0x8F, 0x1E, 0xF1, 0xE7, 0xCF, 0x7C, 0xF1, 0xFF, 0xFE, 0x3F,
    0xFF, 0xC7, 0xFF, 0xF0, 0xFF, 0x7C, 0x1E, 0x82, 0x03, 0xC0, 0x00, 0x78, 0x00, 0x0F, 0x00, 0x01,
    0xE0, 0x00, 0x3C, 0x00, 0x07, 0x80, 0x00, 0xF0, 0x00, 0x1E, 0x00, 0x03, 0xC0, 0x00, 0x78, 0x00,
    0x00, 0x10, 0x7E, 0xF9, 0xFF, 0x79, 0xFE, 0x7B, 0xFE, 0x7B, 0xE4, 0x7F, 0xC0, 0x3D, 0xC0, 0x3D,
    0xE0, 0x3F, 0xFF, 0x3F, 0xFF, 0x3F, 0xFF, 0x3F, 0xFF, 0x3C, 0x00, 0x3C, 0x00, 0x3C, 0x00, 0x3C,
    0x00, 0x3C, 0x00, 0x3C, 0x00, 0x3C, 0x00, 0x3C, 0x00, 0x3C, 0x00, 0x3C, 0x00, 0x00, 0x00, 0x03,
    0x00, 0x03, 0x80, 0x07, 0xE0, 0x0F, 0xF0, 0x1F, 0xF0, 0x1E, 0xF8, 0x3C, 0x7C, 0x78, 0x3C, 0x78,
    0x3E, 0x78, 0x1E, 0xF0, 0x1E, 0xF0, 0x0F, 0xF0, 0x0F, 0xF0, 0x0F, 0xF3, 0x8F, 0xF3, 0x8F, 0xF3,
    0x8F, 0xFF, 0xFF, 0xFF, 0xFE, 0x7F, 0xFE, 0x7E, 0xFC, 0x3C, 0x78, 0x01, 0xC0, 0x0F, 0xF0, 0x3F,
    0xF0, 0xFF, 0xE3, 0xFF, 0x87, 0xC7, 0x0F, 0x00, 0x1E, 0x00, 0x3C, 0x00, 0x3C, 0x70, 0x7F, 0xF0,
    0x7F, 0xE0, 0x7F, 0x80, 0x3E, 0x00, 0xFC, 0x03, 0xF0, 0x07, 0xC0, 0x1F, 0x00, 0x7C, 0x01, 0xF8,
    0x07, 0xE0, 0x0F, 0x80, 0x06, 0x00, 0x00, 0x00, 0x00, 0x00, 0x3E, 0x01, 0xFF, 0x80, 0x7D, 0xE0,
    0x1E, 0x7C, 0x0F, 0x9F, 0x03, 0xE3, 0xC0, 0xF0, 0xF8, 0x3C, 0x3E, 0x1F, 0x07, 0x87, 0x81, 0xE1,
    0xE0, 0x7C, 0xF8, 0x0F, 0x3C, 0x03, 0xCF, 0x00, 0xF3, 0xC0, 0x1F, 0xE0, 0x07, 0xF8, 0x01, 0xFE,
    0x00, 0x3F, 0x00, 0x0F, 0xC0, 0x03, 0xF0, 0x00, 0x78, 0x00, 0x01, 0xF0, 0x00, 0xFC, 0x00, 0x3F,
    0x00, 0x0F, 0xC0, 0x07, 0xF8, 0x01, 0xFE, 0x00, 0x7F, 0x80, 0x3E, 0xF0, 0x0F, 0x3C, 0x03, 0xCF,
    0x01, 0xF1, 0xE0, 0x78, 0x78, 0x1E, 0x1E, 0x0F, 0x87, 0xC3, 0xE0, 0xF0, 0xF0, 0x3C, 0x7C, 0x0F,
    0x9F, 0x03, 0xE7, 0x80, 0x7B, 0xE0, 0x1F, 0xF8, 0x07, 0xC0, 0x00, 0x00, 0x0F, 0x80, 0x3F, 0xE0,
    0x7F, 0xF0, 0x7F, 0xF8, 0xFF, 0xF8, 0xF0, 0x78, 0xF0, 0x3C, 0xF8, 0x3C, 0xFF, 0xFC, 0x7F, 0xFC,
    0x7F, 0xFC, 0x3F, 0xFC, 0x07, 0xFC, 0x00, 0x3C, 0x00, 0x3C, 0x00, 0x3C, 0x00, 0x3C, 0x00, 0x3C,
    0x00, 0x3E, 0x00, 0x1E, 0x00, 0x1E, 0x00, 0x1E, 0x00, 0x00, 0x00, 0x00, 0x00, 0x30, 0x00, 0x00,
    0x00, 0x01, 0xE0, 0x00, 0x00, 0x00, 0x07, 0x80, 0x00, 0x00, 0x00, 0x0C, 0x00, 0x00, 0x00, 0x01,
    0x86, 0x00, 0x00, 0x00, 0x0F, 0x3C, 0x00, 0x00, 0x00, 0x3C, 0xF0, 0x00, 0x00, 0x00, 0x61, 0x80,
    0x00, 0x00, 0x00, 0x00, 0x38, 0x00, 0x00, 0x00, 0x01, 0xE0, 0x00, 0x00, 0x03, 0x87, 0xC0, 0x00,
    0x38, 0x0F, 0x0F, 0x00, 0x03, 0xE0, 0x3C, 0x3C, 0x00, 0x0F, 0x80, 0xF0, 0xF0, 0x00, 0x1F, 0x03,
    0xC3, 0xC8, 0x00, 0x7C, 0x0F, 0x0F, 0x78, 0x00, 0xF8, 0x7C, 0x3D, 0xC0, 0x03, 0xFF, 0xFF, 0xFF,
    0x00, 0x0F, 0xFF, 0xFF, 0xFC, 0x00, 0x3F, 0xFF, 0xFE, 0xF0, 0x00, 0xFF, 0xEF, 0xF3, 0xC0, 0x03,
    0xDF, 0x0F, 0x8F, 0x00, 0x0F, 0x00, 0x00, 0x3C, 0x00, 0x7C, 0x00, 0x00, 0xF8, 0x01, 0xF0, 0x00,
    0x03, 0xF8, 0x1F, 0x80, 0x60, 0x07, 0xFF, 0xFE, 0x03, 0xC0, 0x1F, 0xFF, 0xF0, 0x0F, 0x00, 0x3F,
    0xFF, 0x80, 0x3C, 0x00, 0x3F, 0xFC, 0x00, 0x40, 0x00, 0x1F, 0x00, 0x00, 0x00, 0x00, 0x00, 0x00,
    0x00, 0x00, 0xC0, 0x00, 0x00, 0x00, 0x00, 0x78, 0x00, 0x00, 0x00, 0x00, 0x1E, 0x00, 0x00, 0x00,
    0x00, 0x07, 0x80, 0x00, 0x00, 0x00, 0x00, 0xC0, 0x00, 0x00, 0x00, 0x00, 0x00, 0x00, 0x00, 0x00,
    0x00, 0x1F, 0x80, 0x00, 0x00, 0x00, 0x1F, 0xF8, 0x00, 0x00, 0x00, 0x0F, 0xFF, 0x00, 0x00, 0x00,
    0x07, 0xFF, 0xE0, 0x00, 0x00, 0x03, 0xFF, 0xF8, 0x00, 0x03, 0x81, 0xF8, 0x1F, 0x00, 0x03, 0xE0,
    0xFC, 0x03, 0xC0, 0x00, 0xF8, 0x3C, 0x00, 0xF0, 0x00, 0x1F, 0x1F, 0x00, 0x3C, 0x80, 0x07, 0xC7,
    0x80, 0x1F, 0x78, 0x00, 0xFB, 0xC0, 0x0F, 0xDC, 0x00, 0x3F, 0xFF, 0xFF, 0xEF, 0x00, 0x0F, 0xFF,
    0xFF, 0xFB, 0xC0, 0x03, 0xFF, 0xFF, 0xFC, 0xF0, 0x00, 0xFF, 0xFF, 0xFE, 0x3C, 0x00, 0x3D, 0xFF,
    0xFE, 0x0F, 0x00, 0x0F, 0x00, 0x00, 0x03, 0xC0, 0x07, 0xC0, 0x00, 0x00, 0xF8, 0x01, 0xF0, 0x00,
    0x00, 0x3F, 0x81, 0xF8, 0x03, 0x00, 0x07, 0xFF, 0xFE, 0x01, 0xE0, 0x01, 0xFF, 0xFF, 0x00, 0x78,
    0x00, 0x3F, 0xFF, 0x80, 0x1E, 0x00, 0x03, 0xFF, 0xC0, 0x02, 0x00, 0x00, 0x1F, 0x00, 0x00, 0x00,
    0x00, 0x00, 0x40, 0x00, 0x3C, 0x00, 0x07, 0x80, 0x00, 0xF0, 0x00, 0x0C, 0x00, 0x00, 0x00, 0x00,
    0x00, 0x00, 0x3F, 0x80, 0x0F, 0xF8, 0x03, 0xFF, 0x00, 0xFF, 0xE0, 0x1F, 0xF8, 0x07, 0xC0, 0x00,
    0xF0, 0x00, 0x1E, 0x00, 0x01, 0xE0, 0x00, 0x3E, 0x0E, 0x03, 0xFF, 0xC0, 0x3F, 0xF8, 0x07, 0xFF,
    0x01, 0xFF, 0x80, 0x7E, 0x00, 0x1F, 0x00, 0x03, 0xC0, 0x00, 0xF0, 0x60, 0x1E, 0x1E, 0x03, 0xC3,
    0xC0, 0x78, 0x78, 0x0F, 0x02, 0x01, 0xF0, 0x00, 0x1F, 0x00, 0x63, 0xFF, 0xFC, 0x3F, 0xFF, 0xC3,
    0xFF, 0xF8, 0x3F, 0xFE, 0x01, 0xFF, 0x00, 0x07, 0xE0, 0x1F, 0xF0, 0x7F, 0xE1, 0xFF, 0x83, 0xFF,
    0x07, 0x80, 0x0F, 0x00, 0x1E, 0x00, 0x1E, 0x00, 0xFF, 0xFB, 0xFF, 0xF7, 0xFF, 0xEF, 0xFF, 0xDF,
    0xFF, 0x00, 0x00, 0x06, 0x30, 0x1C, 0xE0, 0x39, 0xC0, 0x73, 0x80, 0xE7, 0x01, 0xCE, 0x03, 0x9C,
    0x00, 0x00, 0x00, 0x00, 0x06, 0x00, 0x03, 0xF8, 0x00, 0x7F, 0xC0, 0x0F, 0xFE, 0x00, 0xFF, 0xE0,
    0x1F, 0x1F, 0x01, 0xE0, 0xF0, 0xBC, 0x0F, 0x3F, 0xC0, 0xF7, 0xF8, 0x0F, 0x7F, 0xE0, 0xFF, 0xFF,
    0xFF, 0xF9, 0xFF, 0xEF, 0x0F, 0xFE, 0xF0, 0x3F, 0xCF, 0x00, 0xF8, 0xF0, 0x00, 0x0F, 0x00, 0x00,
    0xF1, 0xCE, 0x0F, 0x1C, 0xE0, 0xF1, 0xCE, 0x0F, 0x9C, 0xE0, 0xF9, 0xCE, 0x0F, 0x9C, 0xE0, 0x79,
    0xCE, 0x07, 0x80, 0x00, 0x78, 0x00, 0x00, 0x00, 0x00, 0x00, 0x07, 0x00, 0x00, 0x3E, 0x00, 0x00,
    0xF8, 0x00, 0x07, 0x70, 0x00, 0x1D, 0xC0, 0x04, 0x22, 0x00, 0x38, 0x00, 0x00, 0xF8, 0x00, 0x07,
    0xF8, 0x00, 0x1F, 0xF0, 0x00, 0x3F, 0xF0, 0x01, 0xFF, 0xE0, 0x07, 0xFF, 0xC0, 0x3C, 0x7F, 0xC0,
    0xE0, 0xFF, 0x83, 0x83, 0xFE, 0x0E, 0x0E, 0x7C, 0x3C, 0x78, 0xF0, 0x7B, 0xC3, 0xDF, 0xFF, 0x0F,
    0x7F, 0xFF, 0xFD, 0xFF, 0xFF, 0xE7, 0xFF, 0xFF, 0x9F, 0xCF, 0xFC, 0x00, 0x0F, 0xC0, 0x00, 0x00,
    0x00, 0xC6, 0x00, 0x00, 0x00, 0x07, 0xBC, 0x00, 0x00, 0x00, 0x1E, 0xF0, 0x00, 0x00, 0x00, 0x31,
    0x80, 0x00, 0x00, 0x00, 0x00, 0x00, 0x00, 0x00, 0x03, 0x18, 0x00, 0x00, 0x00, 0x1E, 0xF0, 0x00,
    0x00, 0x00, 0x7B, 0xC0, 0x00, 0x00, 0x00, 0xC6, 0x18, 0x00, 0x00, 0x00, 0x01, 0xE0, 0x00, 0x00,
    0x00, 0x07, 0x80, 0x00, 0x18, 0x0F, 0x0F, 0x00, 0x03, 0xE0, 0x3C, 0x3C, 0x00, 0x0F, 0x80, 0xF0,
    0xF0, 0x00, 0x1F, 0x03, 0xC3, 0xC8, 0x00, 0x7C, 0x0F, 0x0F, 0x78, 0x00, 0xF8, 0x7C, 0x3D, 0xC0,
    0x03, 0xFF, 0xFF, 0xFF, 0x00, 0x0F, 0xFF, 0xFF, 0xFC, 0x00, 0x3F, 0xFF, 0xFE, 0xF0, 0x00, 0xFF,
    0xEF, 0xF3, 0xC0, 0x03, 0xDF, 0x0F, 0x8F, 0x00, 0x0F, 0x00, 0x00, 0x3C, 0x00, 0x7C, 0x00, 0x00,
    0xF8, 0x01, 0xF0, 0x00, 0x03, 0xF8, 0x1F, 0x80, 0x00, 0x07, 0xFF, 0xFE, 0x00, 0x00, 0x1F, 0xFF,
    0xF0, 0x00, 0x00, 0x3F, 0xFF, 0x80, 0x00, 0x00, 0x3F, 0xFC, 0x00, 0x00, 0x00, 0x1F, 0x00, 0x00,
    0x00, 0x00, 0x03, 0xC0, 0x1F, 0xFC, 0x1F, 0xFF, 0x07, 0xFF, 0x80, 0x07, 0xE0, 0x01, 0xF0, 0x3F,
    0xF8, 0x7F, 0xFC, 0x7F, 0xFE, 0x3F, 0x1F, 0x3F, 0x0F, 0x9F, 0x07, 0xCF, 0x83, 0xE7, 0xC3, 0xF3,
    0xF3, 0xF8, 0xFF, 0xFE, 0x7F, 0xEF, 0x1F, 0xE7, 0x81, 0x80, 0x00, 0x00, 0x00, 0x3C, 0x00, 0x3F,
    0x00, 0x1F, 0x80, 0x0F, 0xC0, 0x03, 0xC0, 0x00, 0x00, 0xF8, 0x00, 0x0F, 0xF0, 0x00, 0x27, 0x80,
    0x00, 0x1C, 0x00, 0x07, 0xE0, 0x00, 0x3E, 0x00, 0x01, 0xC0, 0x00, 0x0E, 0x00, 0x00, 0x00, 0x00,
    0x00, 0x00, 0x00, 0x7F, 0x00, 0x03, 0xF8, 0x00, 0x1F, 0xE0, 0x01, 0xFF, 0x00, 0x0F, 0xF8, 0x00,
    0x7B, 0xC0, 0x07, 0xDF, 0x00, 0x3E, 0x78, 0x01, 0xF3, 0xC0, 0x1F, 0x1F, 0x00, 0xF8, 0xF8, 0x07,
    0xC7, 0xC0, 0x3C, 0x1F, 0x03, 0xE0, 0xF8, 0x1F, 0xFF, 0xC0, 0xFF, 0xFF, 0x0F, 0xFF, 0xF8, 0x7F,
    0xFF, 0xC3, 0xE0, 0x3F, 0x3F, 0x00, 0xF9, 0xF0, 0x07, 0xCF, 0x80, 0x3E, 0xFC, 0x01, 0xF8, 0x07,
    0xE0, 0x03, 0xF8, 0x00, 0x3C, 0x00, 0x0E, 0x00, 0x3F, 0x00, 0x1F, 0x00, 0x0E, 0x00, 0x07, 0x00,
    0x00, 0x00, 0x00, 0x00, 0x00, 0xF0, 0x07, 0xFF, 0x07, 0xFF, 0xC1, 0xFF, 0xE0, 0xC1, 0xF8, 0x00,
    0x7C, 0x00, 0x3E, 0x07, 0xFF, 0x0F, 0xFF, 0x8F, 0xFF, 0xCF, 0xC3, 0xE7, 0xC1, 0xF3, 0xE0, 0xF9,
    0xF0, 0x7C, 0xFC, 0x7E, 0x7F, 0xFF, 0x9F, 0xF7, 0xC7, 0xF1, 0xE0, 0xE0, 0x00, 0x00, 0x00, 0x00,
    0x00, 0x20, 0x00, 0x0E, 0x00, 0x03, 0xE0, 0x00, 0xF8, 0x00, 0x1E, 0x00, 0xE7, 0x80, 0x3E, 0x60,
    0x0F, 0xF0, 0x03, 0xFF, 0x00, 0xFB, 0xF0, 0x1E, 0x1E, 0x01, 0x81, 0x80, 0x00, 0x00, 0x00, 0xF0,
    0x01, 0xFF, 0xC0, 0x7F, 0xFC, 0x07, 0xFF, 0x80, 0xC1, 0xF8, 0x00, 0x1F, 0x00, 0x03, 0xE0, 0x1F,
    0xFC, 0x0F, 0xFF, 0x83, 0xFF, 0xF0, 0xFC, 0x3E, 0x1F, 0x07, 0xC3, 0xE0, 0xF8, 0x7C, 0x1F, 0x0F,
    0xC7, 0xE1, 0xFF, 0xFE, 0x1F, 0xF7, 0xC1, 0xFC, 0x78, 0x0E, 0x00, 0x00, 0x00, 0x00, 0x01, 0x80,
    0x00, 0x1E, 0x00, 0x00, 0xF8, 0x00, 0x03, 0xE0, 0x00, 0x0F, 0x00, 0x00, 0x39, 0xE0, 0x00, 0x3F,
    0x80, 0x03, 0xFE, 0x00, 0x3F, 0xF8, 0x01, 0xE3, 0xE0, 0x04, 0x06, 0x00, 0x00, 0x00, 0x00, 0x7E,
    0x00, 0x07, 0xF0, 0x00, 0x3F, 0xC0, 0x01, 0xFE, 0x00, 0x1F, 0xF0, 0x00, 0xF7, 0xC0, 0x07, 0xBE,
    0x00, 0x7C, 0xF0, 0x03, 0xE7, 0x80, 0x1E, 0x3E, 0x01, 0xF1, 0xF0, 0x0F, 0x87, 0x80, 0x7C, 0x3E,
    0x03, 0xC1, 0xF0, 0x3F, 0xFF, 0x81, 0xFF, 0xFE, 0x0F, 0xFF, 0xF0, 0xFF, 0xFF, 0x87, 0xC0, 0x7E,
    0x3E, 0x01, 0xF3, 0xF0, 0x0F, 0x9F, 0x00, 0x7C, 0xF8, 0x03, 0xF0, 0x00, 0x00, 0x03, 0x00, 0x00,
    0x78, 0x00, 0x07, 0x80, 0x00, 0x3C, 0x00, 0x01, 0xE0, 0x00, 0x0E, 0x70, 0x00, 0x4F, 0x80, 0x01,
    0xFE, 0x00, 0x3F, 0xF0, 0x07, 0xDF, 0x80, 0x78, 0x78, 0x03, 0x03, 0x00, 0x00, 0x00, 0x00, 0x78,
    0x00, 0x7F, 0xF0, 0x0F, 0xFF, 0x80, 0x7F, 0xF8, 0x06, 0x0F, 0xC0, 0x00, 0x7C, 0x00, 0x07, 0xC0,
    0x1F, 0xFC, 0x07, 0xFF, 0xC0, 0xFF, 0xFC, 0x1F, 0x87, 0xC1, 0xF0, 0x7C, 0x1F, 0x07, 0xC1, 0xF0,
    0x7C, 0x1F, 0x8F, 0xC1, 0xFF, 0xFE, 0x0F, 0xFB, 0xE0, 0x7F, 0x1E, 0x01, 0xC0, 0x00, 0x00, 0x00,
    0x00, 0x00, 0x1F, 0xC0, 0x00, 0x7F, 0x80, 0x00, 0x0E, 0x00, 0x00, 0x78, 0x00, 0x07, 0xE0, 0x07,
    0x9E, 0x00, 0x3F, 0x70, 0x01, 0xFF, 0xC0, 0x0F, 0xFE, 0x00, 0x7C, 0xF8, 0x00, 0xC0, 0xC0, 0x00,
    0x00, 0x00, 0x03, 0xF0, 0x00, 0x1F, 0xE0, 0x00, 0x7F, 0x80, 0x01, 0xFE, 0x00, 0x0F, 0xFC, 0x00,
    0x3F, 0xF0, 0x00, 0xF7, 0xC0, 0x03, 0xCF, 0x00, 0x1F, 0x3E, 0x00, 0x7C, 0xF8, 0x01, 0xE3, 0xE0,
    0x0F, 0x87, 0xC0, 0x3E, 0x1F, 0x00, 0xF8, 0x7C, 0x07, 0xFF, 0xF8, 0x1F, 0xFF, 0xE0, 0x7F, 0xFF,
    0x83, 0xFF, 0xFF, 0x0F, 0x80, 0x7C, 0x3E, 0x01, 0xF0, 0xF8, 0x07, 0xE7, 0xE0, 0x1F, 0x9F, 0x00,
    0x3E, 0x00, 0x00, 0x00, 0x1F, 0x80, 0x0F, 0xE0, 0x00, 0x70, 0x00, 0x78, 0x00, 0xF8, 0x00, 0x78,
    0x03, 0x38, 0x07, 0xDC, 0x07, 0xF0, 0x07, 0xFE, 0x07, 0xFF, 0x83, 0xC3, 0xC0, 0xC0, 0xC0, 0x00,
    0x00, 0x07, 0x80, 0x3F, 0xF8, 0x3F, 0xFE, 0x0F, 0xFF, 0x06, 0x0F, 0xC0, 0x03, 0xE0, 0x01, 0xF0,
    0x3F, 0xF8, 0x7F, 0xFC, 0x7F, 0xFE, 0x7E, 0x1F, 0x3E, 0x0F, 0x9F, 0x07, 0xCF, 0x83, 0xE7, 0xE3,
    0xF3, 0xFF, 0xFC, 0xFF, 0xBE, 0x3F, 0x8F, 0x07, 0x00, 0x00, 0x0F, 0x18, 0x0F, 0xFE, 0x0F, 0xFF,
    0x07, 0xFF, 0x01, 0x8F, 0x00, 0x00, 0x00, 0x0F, 0x00, 0x0F, 0xC0, 0x0F, 0xF0, 0x1F, 0xFC, 0x0F,
    0x1F, 0x03, 0x03, 0x00, 0x00, 0x00, 0x1E, 0x00, 0xFF, 0xE0, 0xFF, 0xF8, 0x3F, 0xFC, 0x18, 0x3F,
    0x00, 0x0F, 0x80, 0x07, 0xC0, 0xFF, 0xE1, 0xFF, 0xF1, 0xFF, 0xF9, 0xF8, 0x7C, 0xF8, 0x3E, 0x7C,
    0x1F, 0x3E, 0x0F, 0x9F, 0x8F, 0xCF, 0xFF, 0xF3, 0xFE, 0xF8, 0xFE, 0x3C, 0x1C, 0x00, 0x00, 0x78,
    0x00, 0x03, 0xF0, 0x00, 0x1F, 0xE0, 0x00, 0xFF, 0xC0, 0x07, 0xCF, 0x80, 0x1E, 0x1E, 0x00, 0x20,
    0x10, 0x00, 0x00, 0x00, 0x00, 0x00, 0x00, 0x03, 0xF0, 0x00, 0x1F, 0xE0, 0x00, 0x7F, 0x80, 0x01,
    0xFE, 0x00, 0x0F, 0xFC, 0x00, 0x3F, 0xF0, 0x00, 0xF3, 0xC0, 0x07, 0xCF, 0x80, 0x1F, 0x3E, 0x00,
    0x78, 0xF8, 0x01, 0xE1, 0xE0, 0x0F, 0x87, 0xC0, 0x3E, 0x1F, 0x00, 0xF0, 0x7C, 0x07, 0xFF, 0xF8,
    0x1F, 0xFF, 0xE0, 0x7F, 0xFF, 0x83, 0xFF, 0xFF, 0x0F, 0x80, 0x7C, 0x3E, 0x01, 0xF1, 0xF8, 0x07,
    0xE7, 0xC0, 0x1F, 0x9F, 0x00, 0x3E, 0x00, 0x00, 0x00, 0x00, 0x00, 0x00, 0x07, 0x80, 0x00, 0x3F,
    0x00, 0x00, 0xFC, 0x00, 0x03, 0xF0, 0x00, 0x07, 0x80, 0x00, 0x03, 0x80, 0x03, 0xE0, 0x03, 0xF8,
    0x03, 0xFE, 0x01, 0xFF, 0x81, 0xE3, 0xE0, 0x60, 0x60, 0x00, 0x00, 0x00, 0x00, 0x00, 0x00, 0x00,
    0xF0, 0x07, 0xFF, 0x07, 0xFF, 0xC1, 0xFF, 0xE0, 0x01, 0xF8, 0x00, 0x7C, 0x0F, 0xFE, 0x1F, 0xFF,
    0x1F, 0xFF, 0x8F, 0xC7, 0xCF, 0xC3, 0xE7, 0xC1, 0xF3, 0xE0, 0xF9, 0xF0, 0xFC, 0xFC, 0xFE, 0x3F,
    0xFF, 0x9F, 0xFB, 0xC7, 0xF9, 0xE0, 0x60, 0x00, 0x00, 0x00, 0x0F, 0x00, 0x0F, 0xC0, 0x07, 0xE0,
    0x03, 0xF0, 0x00, 0xF0, 0x00, 0x00, 0x00, 0x00, 0x00, 0x20, 0x00, 0x03, 0x80, 0x00, 0x3E, 0x00,
    0x03, 0xE0, 0x00, 0x3C, 0x00, 0x01, 0xC0, 0x00, 0x60, 0x40, 0x07, 0x87, 0x00, 0x3F, 0xF8, 0x00,
    0xFF, 0xC0, 0x03, 0xFC, 0x00, 0x0F, 0x80, 0x00, 0x00, 0x00, 0x03, 0xF0, 0x00, 0x3F, 0x80, 0x01,
    0xFE, 0x00, 0x0F, 0xF0, 0x00, 0xFF, 0x80, 0x07, 0xBE, 0x00, 0x3D, 0xF0, 0x03, 0xE7, 0x80, 0x1F,
    0x3C, 0x00, 0xF1, 0xF0, 0x0F, 0x8F, 0x80, 0x7C, 0x3C, 0x03, 0xE1, 0xF0, 0x1E, 0x0F, 0x81, 0xFF,
    0xFC, 0x0F, 0xFF, 0xF0, 0x7F, 0xFF, 0x87, 0xFF, 0xFC, 0x3E, 0x03, 0xF1, 0xF0, 0x0F, 0x9F, 0x80,
    0x7C, 0xF8, 0x03, 0xE7, 0xC0, 0x1F, 0x80, 0x00, 0x00, 0x00, 0x10, 0x00, 0x1C, 0x00, 0x1F, 0x00,
    0x1F, 0x00, 0x0F, 0x00, 0x06, 0x00, 0x30, 0x30, 0x3C, 0x3C, 0x0F, 0xFC, 0x07, 0xFE, 0x01, 0xFE,
    0x00, 0x7E, 0x00, 0x00, 0x00, 0x00, 0x00, 0x07, 0x80, 0x3F, 0xF8, 0x3F, 0xFE, 0x0F, 0xFF, 0x06,
    0x0F, 0xC0, 0x03, 0xE0, 0x01, 0xF0, 0x3F, 0xF8, 0x7F, 0xFC, 0x7F, 0xFE, 0x7E, 0x1F, 0x3E, 0x0F,
    0x9F, 0x07, 0xCF, 0x83, 0xE7, 0xE3, 0xF3, 0xFF, 0xFC, 0xFF, 0xBE, 0x3F, 0x8F, 0x07, 0x00, 0x00,
    0x00, 0x00, 0x02, 0x00, 0x07, 0x80, 0x03, 0xE0, 0x00, 0xF8, 0x00, 0x3C, 0x00, 0x0E, 0x00, 0x30,
    0x30, 0x3C, 0x3C, 0x0F, 0xFC, 0x07, 0xFE, 0x01, 0xFE, 0x00, 0x7E, 0x00, 0x00, 0x00, 0x00, 0x00,
    0x07, 0x80, 0x3F, 0xF8, 0x3F, 0xFE, 0x0F, 0xFF, 0x06, 0x0F, 0xC0, 0x03, 0xE0, 0x01, 0xF0, 0x3F,
    0xF8, 0x7F, 0xFC, 0x7F, 0xFE, 0x7E, 0x1F, 0x3E, 0x0F, 0x9F, 0x07, 0xCF, 0x83, 0xE7, 0xE3, 0xF3,
    0xFF, 0xFC, 0xFF, 0xBE, 0x3F, 0x8F, 0x07, 0x00, 0x00, 0x0F, 0x18, 0x0F, 0xFE, 0x0F, 0xFF, 0x07,
    0xFF, 0x01, 0x8F, 0x00, 0x00, 0x00, 0xF0, 0xF0, 0x3F, 0xF0, 0x1F, 0xF8, 0x07, 0xF8, 0x01, 0xF8,
    0x00, 0x00, 0x00, 0x00, 0x00, 0x1E, 0x00, 0xFF, 0xE0, 0xFF, 0xF8, 0x3F, 0xFC, 0x18, 0x3F, 0x00,
    0x0F, 0x80, 0x07, 0xC0, 0xFF, 0xE1, 0xFF, 0xF1, 0xFF, 0xF9, 0xF8, 0x7C, 0xF8, 0x3E, 0x7C, 0x1F,
    0x3E, 0x0F, 0x9F, 0x8F, 0xCF, 0xFF, 0xF3, 0xFE, 0xF8, 0xFE, 0x3C, 0x1C, 0x00, 0x08, 0x10, 0x1E,
    0x1E, 0x07, 0x9E, 0x03, 0xFF, 0x00, 0xFF, 0x00, 0x3F, 0x00, 0x06, 0x00, 0x00, 0x00, 0x00, 0x00,
    0x00, 0x00, 0x00, 0xF0, 0x07, 0xFF, 0x07, 0xFF, 0xC1, 0xFF, 0xE0, 0x01, 0xF8, 0x00, 0x7C, 0x0F,
    0xFE, 0x1F, 0xFF, 0x1F, 0xFF, 0x8F, 0xC7, 0xCF, 0xC3, 0xE7, 0xC1, 0xF3, 0xE0, 0xF9, 0xF0, 0xFC,
    0xFC, 0xFE, 0x3F, 0xFF, 0x9F, 0xFB, 0xC7, 0xF9, 0xE0, 0x60, 0x00, 0x00, 0x00, 0x0F, 0x00, 0x0F,
    0xC0, 0x07, 0xE0, 0x03, 0xF0, 0x00, 0xF0, 0x00, 0x01, 0xC0, 0x0F, 0xF0, 0x1F, 0xFC, 0x3F, 0xFE,
    0x7C, 0x3E, 0x78, 0x1F, 0xF8, 0x1F, 0xFF, 0xFF, 0xFF, 0xFF, 0xFF, 0xFF, 0xFF, 0xFF, 0xF8, 0x00,
    0xF8, 0x00, 0x7C, 0x00, 0x7E, 0x1E, 0x3F, 0xFE, 0x1F, 0xFE, 0x0F, 0xF8, 0x01, 0xC0, 0x00, 0x00,
    0x01, 0xE0, 0x03, 0xF0, 0x03, 0xF0, 0x03, 0xF0, 0x01, 0xE0, 0x07, 0xE0, 0x07, 0xF0, 0x02, 0xF0,
    0x00, 0x70, 0x01, 0xF0, 0x01, 0xE0, 0x01, 0xC0, 0x01, 0xC0, 0x00, 0x00, 0x00, 0x00, 0x01, 0xC0,
    0x0F, 0xF0, 0x1F, 0xFC, 0x3F, 0xFE, 0x7C, 0x3E, 0x78, 0x1F, 0xF8, 0x1F, 0xFF, 0xFF, 0xFF, 0xFF,
    0xFF, 0xFF, 0xFF, 0xFF, 0xF8, 0x00, 0xF8, 0x00, 0x7C, 0x00, 0x7E, 0x1C, 0x3F, 0xFE, 0x1F, 0xFE,
    0x0F, 0xF8, 0x01, 0xC0, 0x0F, 0x18, 0x1F, 0xFC, 0x1F, 0xFC, 0x3F, 0xF8, 0x18, 0xF0, 0x00, 0x00,
    0x00, 0x00, 0x00, 0x00, 0x01, 0xC0, 0x0F, 0xF0, 0x1F, 0xFC, 0x3F, 0xFE, 0x7C, 0x3E, 0x78, 0x1F,
    0xF8, 0x1F, 0xFF, 0xFF, 0xFF, 0xFF, 0xFF, 0xFF, 0xFF, 0xFF, 0xF8, 0x00, 0xF8, 0x00, 0x7C, 0x00,
    0x7E, 0x1C, 0x3F, 0xFE, 0x1F, 0xFE, 0x0F, 0xF8, 0x01, 0xC0, 0x00, 0x00, 0x00, 0x00, 0x20, 0x00,
    0x0F, 0x00, 0x03, 0xE0, 0x00, 0xF8, 0x00, 0x1E, 0x00, 0x67, 0x80, 0x3F, 0x60, 0x0F, 0xF0, 0x03,
    0xFF, 0x00, 0xFF, 0xF0, 0x1E, 0x1E, 0x01, 0x81, 0x80, 0x00, 0x00, 0x00, 0x70, 0x00, 0x7F, 0x80,
    0x1F, 0xFC, 0x07, 0xFF, 0xC1, 0xF0, 0xF8, 0x3C, 0x0F, 0x8F, 0x81, 0xF1, 0xFF, 0xFE, 0x3F, 0xFF,
    0xC7, 0xFF, 0xF8, 0xFF, 0xFF, 0x1F, 0x00, 0x03, 0xE0, 0x00, 0x3E, 0x00, 0x07, 0xE1, 0xC0, 0x7F,
    0xFC, 0x07, 0xFF, 0x80, 0x7F, 0xC0, 0x01, 0xC0, 0x00, 0x00, 0x00, 0x0C, 0x00, 0x07, 0x80, 0x01,
    0xF0, 0x00, 0x3E, 0x00, 0x03, 0x80, 0x00, 0x67, 0x80, 0x03, 0xF0, 0x03, 0xFE, 0x01, 0xFF, 0xE0,
    0x78, 0x78, 0x0C, 0x0C, 0x00, 0x00, 0x03, 0xFF, 0xF0, 0xFF, 0xFC, 0x3F, 0xFF, 0x0F, 0xFF, 0x83,
    0xE0, 0x00, 0xF8, 0x00, 0x3E, 0x00, 0x0F, 0x80, 0x03, 0xE0, 0x00, 0xFF, 0xF0, 0x3F, 0xFC, 0x0F,
    0xFF, 0x03, 0xFF, 0xC0, 0xF8, 0x00, 0x3E, 0x00, 0x0F, 0x80, 0x03, 0xE0, 0x00, 0xF8, 0x00, 0x3E,
    0x00, 0x0F, 0xFF, 0xC3, 0xFF, 0xF0, 0xFF, 0xFC, 0x3F, 0xFF, 0x00, 0x00, 0x02, 0x00, 0x00, 0xE0,
    0x00, 0x3E, 0x00, 0x03, 0xC0, 0x00, 0x3C, 0x00, 0x03, 0xCC, 0x00, 0x37, 0xE0, 0x01, 0xFE, 0x00,
    0x7F, 0xE0, 0x1F, 0xFE, 0x03, 0xC3, 0xC0, 0x30, 0x30, 0x00, 0x00, 0x00, 0x0E, 0x00, 0x0F, 0xF0,
    0x03, 0xFF, 0x80, 0xFF, 0xF8, 0x3E, 0x1F, 0x07, 0x81, 0xF1, 0xF0, 0x3E, 0x3F, 0xFF, 0xC7, 0xFF,
    0xF8, 0xFF, 0xFF, 0x1F, 0xFF, 0xE3, 0xE0, 0x00, 0x7C, 0x00, 0x07, 0xC0, 0x00, 0xFC, 0x38, 0x0F,
    0xFF, 0x80, 0xFF, 0xF0, 0x0F, 0xF8, 0x00, 0x38, 0x00, 0x00, 0x00, 0x00, 0x1F, 0x80, 0x0F, 0xE0,
    0x00, 0x70, 0x00, 0x38, 0x00, 0x7C, 0x00, 0x3C, 0x03, 0x1C, 0x07, 0xEE, 0x07, 0xF8, 0x07, 0xFE,
    0x07, 0xFF, 0x83, 0xC3, 0xC0, 0xC0, 0x40, 0x00, 0x00, 0x03, 0x80, 0x0F, 0xF0, 0x0F, 0xFE, 0x0F,
    0xFF, 0x8F, 0x87, 0xC7, 0x81, 0xF7, 0xC0, 0xFB, 0xFF, 0xFD, 0xFF, 0xFE, 0xFF, 0xFF, 0x7F, 0xFF,
    0xBE, 0x00, 0x1F, 0x00, 0x07, 0xC0, 0x03, 0xF0, 0xE0, 0xFF, 0xF8, 0x3F, 0xFC, 0x0F, 0xFC, 0x00,
    0xE0, 0x00, 0x01, 0xC0, 0x03, 0xE0, 0x07, 0xF0, 0x0F, 0xF8, 0x1F, 0xFC, 0x3E, 0x3C, 0x18, 0x1C,
    0x00, 0x00, 0x00, 0x00, 0x00, 0x00, 0x01, 0xC0, 0x0F, 0xF0, 0x1F, 0xFC, 0x3F, 0xFE, 0x7C, 0x3E,
    0x78, 0x1F, 0xF8, 0x1F, 0xFF, 0xFF, 0xFF, 0xFF, 0xFF, 0xFF, 0xFF, 0xFF, 0xF8, 0x00, 0xF8, 0x00,
    0x7C, 0x00, 0x7E, 0x1E, 0x3F, 0xFE, 0x1F, 0xFE, 0x0F, 0xF8, 0x01, 0xC0, 0x00, 0x00, 0x01, 0xE0,
    0x03, 0xF0, 0x03, 0xF0, 0x03, 0xF0, 0x01, 0xE0, 0xFD, 0xFD, 0x78, 0x73, 0xE7, 0x8E, 0x1C, 0x00,
    0x00, 0x03, 0xE7, 0xCF, 0x9F, 0x3E, 0x7C, 0xF9, 0xF3, 0xE7, 0xCF, 0x9F, 0x3E, 0x7C, 0xF9, 0xF3,
    0xE0, 0x7B, 0xFF, 0xFF, 0x78, 0x00, 0x00, 0x00, 0x0F, 0xBE, 0xFB, 0xEF, 0xBE, 0xFB, 0xEF, 0xBE,
    0xFB, 0xEF, 0xBE, 0xFB, 0xEF, 0x80, 0x01, 0xEF, 0xFF, 0xFD, 0xE0, 0x00, 0xF0, 0x00, 0x7F, 0xE0,
    0x0F, 0xFF, 0x01, 0xFF, 0xF8, 0x3F, 0x0F, 0xC7, 0xE0, 0x7E, 0x7C, 0x03, 0xE7, 0xC0, 0x3E, 0xF8,
    0x01, 0xFF, 0x80, 0x1F, 0xF8, 0x01, 0xFF, 0x80, 0x1F, 0xF8, 0x01, 0xFF, 0x80, 0x1F, 0xF8, 0x01,
    0xFF, 0x80, 0x1F, 0xF8, 0x01, 0xF7, 0xC0, 0x3E, 0x7C, 0x03, 0xE7, 0xE0, 0x7E, 0x3F, 0x0F, 0xC1,
    0xFF, 0xF8, 0x0F, 0xFF, 0x00, 0x7F, 0xE0, 0x00, 0xF0, 0x00, 0x00, 0x00, 0x00, 0xF0, 0x00, 0x1F,
    0x80, 0x01, 0xF8, 0x00, 0x1F, 0x80, 0x00, 0xF0, 0x00, 0x01, 0xC0, 0x07, 0xFC, 0x07, 0xFF, 0x07,
    0xFF, 0xC7, 0xE3, 0xF3, 0xE0, 0xFB, 0xE0, 0x7F, 0xF0, 0x1F, 0xF8, 0x0F, 0xFC, 0x07, 0xFE, 0x03,
    0xFF, 0x01, 0xFF, 0x81, 0xFB, 0xE0, 0xF9, 0xF8, 0xFC, 0x7F, 0xFC, 0x1F, 0xFC, 0x07, 0xFC, 0x00,
    0x70, 0x00, 0x00, 0x00, 0x3C, 0x00, 0x3F, 0x00, 0x1F, 0x80, 0x0F, 0xC0, 0x03, 0xC0, 0x00, 0x03,
    0xE0, 0x03, 0xFC, 0x00, 0x9E, 0x00, 0x07, 0x00, 0x1F, 0x80, 0x0F, 0x80, 0x07, 0x00, 0x03, 0x80,
    0x00, 0x00, 0x00, 0x00, 0x00, 0x70, 0x01, 0xFF, 0x01, 0xFF, 0xC1, 0xFF, 0xF1, 0xF8, 0xFC, 0xF8,
    0x3E, 0xF8, 0x1F, 0xFC, 0x07, 0xFE, 0x03, 0xFF, 0x01, 0xFF, 0x80, 0xFF, 0xC0, 0x7F, 0xE0, 0x7E,
    0xF8, 0x3E, 0x7E, 0x3F, 0x1F, 0xFF, 0x07, 0xFF, 0x01, 0xFF, 0x00, 0x1C, 0x00, 0x00, 0x00, 0x00,
    0x00, 0x07, 0x00, 0x00, 0x3C, 0x00, 0x03, 0xC0, 0x00, 0x3C, 0x00, 0x03, 0xC0, 0x03, 0xCC, 0x00,
    0x3F, 0x00, 0x03, 0xFC, 0x00, 0x7F, 0xF0, 0x03, 0xC3, 0xC0, 0x0C, 0x0C, 0x00, 0x0F, 0x00, 0x03,
    0xFF, 0x00, 0x3F, 0xFC, 0x03, 0xFF, 0xF0, 0x3F, 0x0F, 0xC3, 0xF0, 0x3F, 0x1F, 0x00, 0xF8, 0xF8,
    0x07, 0xCF, 0x80, 0x1F, 0x7C, 0x00, 0xFB, 0xE0, 0x07, 0xDF, 0x00, 0x3E, 0xF8, 0x01, 0xF7, 0xC0,
    0x0F, 0xBE, 0x00, 0x7D, 0xF0, 0x03, 0xEF, 0x80, 0x1F, 0x3E, 0x01, 0xF1, 0xF0, 0x0F, 0x8F, 0xC0,
    0xFC, 0x3F, 0x0F, 0xC0, 0xFF, 0xFC, 0x03, 0xFF, 0xC0, 0x0F, 0xFC, 0x00, 0x0F, 0x00, 0x00, 0x00,
    0x00, 0x00, 0x00, 0x30, 0x00, 0x07, 0x00, 0x01, 0xE0, 0x00, 0x7C, 0x00, 0x1E, 0x00, 0x73, 0x80,
    0x1F, 0x20, 0x07, 0xF0, 0x01, 0xFF, 0x00, 0x7D, 0xF0, 0x0F, 0x1E, 0x01, 0x80, 0x80, 0x00, 0x00,
    0x00, 0x70, 0x00, 0x7F, 0xC0, 0x1F, 0xFC, 0x07, 0xFF, 0xC1, 0xF8, 0xFC, 0x3E, 0x0F, 0x8F, 0x81,
    0xF9, 0xF0, 0x1F, 0x3E, 0x03, 0xE7, 0xC0, 0x7C, 0xF8, 0x0F, 0x9F, 0x01, 0xF3, 0xE0, 0x7E, 0x3E,
    0x0F, 0x87, 0xE3, 0xF0, 0x7F, 0xFC, 0x07, 0xFF, 0x00, 0x7F, 0xC0, 0x01, 0xC0, 0x00, 0x00, 0x00,
    0x06, 0x00, 0x00, 0xF0, 0x00, 0x07, 0x80, 0x00, 0x3C, 0x00, 0x01, 0xE0, 0x00, 0x0C, 0xF0, 0x00,
    0x1F, 0x80, 0x03, 0xFC, 0x00, 0xFF, 0xE0, 0x0F, 0x0F, 0x00, 0x60, 0x60, 0x00, 0xF0, 0x00, 0x7F,
    0xE0, 0x0F, 0xFF, 0x01, 0xFF, 0xF8, 0x3F, 0x0F, 0xC7, 0xE0, 0x7E, 0x7C, 0x03, 0xE7, 0xC0, 0x3E,
    0xF8, 0x01, 0xFF, 0x80, 0x1F, 0xF8, 0x01, 0xFF, 0x80, 0x1F, 0xF8, 0x01, 0xFF, 0x80, 0x1F, 0xF8,
    0x01, 0xFF, 0x80, 0x1F, 0xF8, 0x01, 0xF7, 0xC0, 0x3E, 0x7C, 0x03, 0xE7, 0xE0, 0x7E, 0x3F, 0x0F,
    0xC1, 0xFF, 0xF8, 0x0F, 0xFF, 0x00, 0x7F, 0xE0, 0x00, 0xF0, 0x00, 0x00, 0x00, 0x04, 0x00, 0x01,
    0xC0, 0x00, 0x7C, 0x00, 0x07, 0xC0, 0x00, 0x7C, 0x00, 0x07, 0x9C, 0x00, 0x27, 0xC0, 0x01, 0xFC,
    0x00, 0x7F, 0xC0, 0x1F, 0x7C, 0x03, 0xC7, 0x80, 0x60, 0x20, 0x00, 0x00, 0x00, 0x1C, 0x00, 0x1F,
    0xF0, 0x07, 0xFF, 0x01, 0xFF, 0xF0, 0x7E, 0x3F, 0x0F, 0x83, 0xE3, 0xE0, 0x7E, 0x7C, 0x07, 0xCF,
    0x80, 0xF9, 0xF0, 0x1F, 0x3E, 0x03, 0xE7, 0xC0, 0x7C, 0xF8, 0x1F, 0x8F, 0x83, 0xE1, 0xF8, 0xFC,
    0x1F, 0xFF, 0x01, 0xFF, 0xC0, 0x1F, 0xF0, 0x00, 0x70, 0x00, 0x00, 0x00, 0x00, 0x1F, 0x80, 0x0F,
    0xE0, 0x00, 0x70, 0x00, 0x38, 0x00, 0x7C, 0x00, 0x38, 0x03, 0x9C, 0x03, 0xEE, 0x03, 0xF8, 0x03,
    0xFE, 0x03, 0xEF, 0x81, 0xE3, 0xC0, 0xC0, 0x40, 0x00, 0x00, 0x03, 0x80, 0x0F, 0xF8, 0x0F, 0xFE,
    0x0F, 0xFF, 0x8F, 0xC7, 0xE7, 0xC1, 0xF7, 0xC0, 0xFF, 0xE0, 0x3F, 0xF0, 0x1F, 0xF8, 0x0F, 0xFC,
    0x07, 0xFE, 0x03, 0xFF, 0x03, 0xF7, 0xC1, 0xF3, 0xF1, 0xF8, 0xFF, 0xF8, 0x3F, 0xF8, 0x0F, 0xF8,
    0x00, 0xE0, 0x00, 0x07, 0x08, 0x07, 0xFE, 0x07, 0xFF, 0x07, 0xFF, 0x01, 0x8F, 0x00, 0x00, 0x00,
    0x0F, 0x80, 0x0F, 0xE0, 0x0F, 0xF8, 0x0F, 0xFE, 0x0F, 0x8F, 0x03, 0x03, 0x80, 0x00, 0x00, 0x0E,
    0x00, 0x3F, 0xE0, 0x3F, 0xF8, 0x3F, 0xFE, 0x3F, 0x1F, 0x9F, 0x07, 0xDF, 0x03, 0xFF, 0x80, 0xFF,
    0xC0, 0x7F, 0xE0, 0x3F, 0xF0, 0x1F, 0xF8, 0x0F, 0xFC, 0x0F, 0xDF, 0x07, 0xCF, 0xC7, 0xE3, 0xFF,
    0xE0, 0xFF, 0xE0, 0x3F, 0xE0, 0x03, 0x80, 0x00, 0xF0, 0x00, 0x1F, 0x80, 0x03, 0xFC, 0x00, 0x7F,
    0xE0, 0x0F, 0x9F, 0x00, 0xF0, 0xF0, 0x04, 0x02, 0x00, 0x00, 0x00, 0x00, 0xF0, 0x00, 0x7F, 0xE0,
    0x0F, 0xFF, 0x01, 0xFF, 0xF8, 0x3F, 0x0F, 0xC7, 0xE0, 0x7E, 0x7C, 0x03, 0xE7, 0xC0, 0x3E, 0xF8,
    0x01, 0xFF, 0x80, 0x1F, 0xF8, 0x01, 0xFF, 0x80, 0x1F, 0xF8, 0x01, 0xFF, 0x80, 0x1F, 0xF8, 0x01,
    0xFF, 0x80, 0x1F, 0xF8, 0x01, 0xF7, 0xC0, 0x3E, 0x7C, 0x03, 0xE7, 0xE0, 0x7E, 0x3F, 0x0F, 0xC1,
    0xFF, 0xF8, 0x0F, 0xFF, 0x00, 0x7F, 0xE0, 0x00, 0xF0, 0x00, 0x00, 0x00, 0x00, 0xF0, 0x00, 0x1F,
    0x80, 0x01, 0xF8, 0x00, 0x1F, 0x80, 0x00, 0xF0, 0x00, 0x01, 0xC0, 0x01, 0xF0, 0x01, 0xFC, 0x01,
    0xFF, 0x01, 0xFF, 0xC1, 0xF1, 0xF0, 0x70, 0x70, 0x00, 0x00, 0x00, 0x00, 0x00, 0x00, 0x00, 0x70,
    0x01, 0xFF, 0x01, 0xFF, 0xC1, 0xFF, 0xF1, 0xF8, 0xFC, 0xF8, 0x3E, 0xF8, 0x1F, 0xFC, 0x07, 0xFE,
    0x03, 0xFF, 0x01, 0xFF, 0x80, 0xFF, 0xC0, 0x7F, 0xE0, 0x7E, 0xF8, 0x3E, 0x7E, 0x3F, 0x1F, 0xFF,
    0x07, 0xFF, 0x01, 0xFF, 0x00, 0x1C, 0x00, 0x00, 0x00, 0x0F, 0x00, 0x0F, 0xC0, 0x07, 0xE0, 0x03,
    0xF0, 0x00, 0xF0, 0x00, 0x00, 0x20, 0x00, 0x0E, 0x00, 0x07, 0xC0, 0x03, 0xFC, 0x00, 0xFE, 0x00,
    0x1F, 0x00, 0x01, 0x00, 0x00, 0x00, 0x02, 0x00, 0x00, 0xE0, 0x38, 0x1C, 0x3F, 0xE3, 0x8F, 0xFE,
    0xF3, 0xFF, 0xFE, 0xFC, 0x7F, 0x9F, 0x07, 0xC7, 0xC0, 0xFC, 0xF8, 0x0F, 0x9F, 0x01, 0xF3, 0xE0,
    0x3E, 0x7C, 0x07, 0xCF, 0x80, 0xF9, 0xF0, 0x3F, 0x1F, 0x07, 0xC3, 0xF1, 0xF8, 0x3F, 0xFE, 0x03,
    0xFF, 0x80, 0x3F, 0xE0, 0x00, 0xE0, 0x00, 0x02, 0x00, 0x00, 0xE0, 0x00, 0x1F, 0x00, 0x07, 0xF8,
    0x00, 0x3F, 0x80, 0x01, 0xF0, 0x00, 0x04, 0x00, 0x00, 0x02, 0x00, 0x00, 0xE0, 0x38, 0x1C, 0x3F,
    0xE3, 0x8F, 0xFE, 0xF3, 0xFF, 0xFE, 0xFC, 0x7F, 0x9F, 0x07, 0xC7, 0xC0, 0xFC, 0xF8, 0x0F, 0x9F,
    0x01, 0xF3, 0xE0, 0x3E, 0x7C, 0x07, 0xCF, 0x80, 0xF9, 0xF0, 0x3F, 0x1F, 0x07, 0xC3, 0xF1, 0xF8,
    0x3F, 0xFE, 0x03, 0xFF, 0x80, 0x3F, 0xE0, 0x00, 0xE0, 0x00, 0x01, 0xF8, 0x00, 0x07, 0xF0, 0x00,
    0x0B, 0xC0, 0x00, 0x07, 0x00, 0x00, 0x7C, 0x00, 0x01, 0xE0, 0x00, 0x07, 0x00, 0x00, 0x1C, 0x00,
    0x00, 0x00, 0x1C, 0x01, 0xC0, 0x70, 0x7F, 0xE1, 0xC3, 0xFF, 0xEF, 0x1F, 0xFF, 0xF8, 0xFC, 0x3F,
    0xC7, 0xE0, 0x7E, 0x1F, 0x00, 0xFC, 0x7C, 0x03, 0xF3, 0xE0, 0x07, 0xCF, 0x80, 0x1F, 0x3E, 0x00,
    0x7C, 0xF8, 0x01, 0xF3, 0xE0, 0x07, 0xCF, 0x80, 0x1F, 0x3E, 0x00, 0x7C, 0xF8, 0x01, 0xF3, 0xE0,
    0x07, 0xC7, 0xC0, 0x3E, 0x1F, 0x00, 0xF8, 0x7E, 0x07, 0xE0, 0xFC, 0x3F, 0x01, 0xFF, 0xF8, 0x03,
    0xFF, 0xC0, 0x07, 0xFE, 0x00, 0x03, 0xC0, 0x00, 0x03, 0xE0, 0x00, 0xFF, 0x00, 0x09, 0xE0, 0x00,
    0x1C, 0x00, 0x1F, 0x80, 0x03, 0xE0, 0x00, 0x70, 0x00, 0x0E, 0x00, 0x00, 0x00, 0xE0, 0x00, 0x1C,
    0x07, 0x03, 0x87, 0xFC, 0x71, 0xFF, 0xDE, 0x7F, 0xFF, 0x9F, 0x8F, 0xF3, 0xE0, 0xF8, 0xF8, 0x1F,
    0x9F, 0x01, 0xF3, 0xE0, 0x3E, 0x7C, 0x07, 0xCF, 0x80, 0xF9, 0xF0, 0x1F, 0x3E, 0x07, 0xE3, 0xE0,
    0xF8, 0x7E, 0x3F, 0x07, 0xFF, 0xC0, 0x7F, 0xF0, 0x07, 0xFC, 0x00, 0x1C, 0x00, 0x07, 0x08, 0x01,
    0xFF, 0x80, 0x7F, 0xF0, 0x1F, 0xFC, 0x00, 0x8F, 0x00, 0x00, 0x00, 0x00, 0x00, 0x38, 0x00, 0x07,
    0x01, 0xC0, 0xE1, 0xFF, 0x1C, 0x7F, 0xF7, 0x9F, 0xFF, 0xE7, 0xE3, 0xFC, 0xF8, 0x3E, 0x3E, 0x07,
    0xE7, 0xC0, 0x7C, 0xF8, 0x0F, 0x9F, 0x01, 0xF3, 0xE0, 0x3E, 0x7C, 0x07, 0xCF, 0x81, 0xF8, 0xF8,
    0x3E, 0x1F, 0x8F, 0xC1, 0xFF, 0xF0, 0x1F, 0xFC, 0x01, 0xFF, 0x00, 0x07, 0x00, 0x00, 0x00, 0x00,
    0x40, 0x00, 0x1C, 0x07, 0x03, 0x87, 0xFC, 0x71, 0xFF, 0xDE, 0x7F, 0xFF, 0xDF, 0x8F, 0xF3, 0xE0,
    0xF8, 0xF8, 0x1F, 0x9F, 0x01, 0xF3, 0xE0, 0x3E, 0x7C, 0x07, 0xCF, 0x80, 0xF9, 0xF0, 0x1F, 0x3E,
    0x07, 0xE3, 0xE0, 0xF8, 0x7E, 0x3F, 0x07, 0xFF, 0xC0, 0x7F, 0xF0, 0x07, 0xFC, 0x00, 0x1C, 0x00,
    0x00, 0x00, 0x00, 0xF0, 0x00, 0x3F, 0x00, 0x07, 0xE0, 0x00, 0xFC, 0x00, 0x0F, 0x00, 0x00, 0xF8,
    0x3F, 0xF0, 0x7F, 0xE0, 0xFF, 0xC1, 0xFF, 0x83, 0xFF, 0x07, 0xFE, 0x0F, 0xFC, 0x1F, 0xF8, 0x3F,
    0xF0, 0x7F, 0xE0, 0xFF, 0xC1, 0xFF, 0x87, 0xFF, 0x9F, 0xFF, 0xFF, 0xBF, 0xFF, 0x3F, 0x3E, 0x18,
    0x00, 0x00, 0x00, 0x3C, 0x00, 0xFC, 0x01, 0xF8, 0x03, 0xF0, 0x03, 0xC0, 0x03, 0xE0, 0x00, 0xFE,
    0x00, 0x27, 0x80, 0x00, 0xE0, 0x01, 0xF8, 0x00, 0x7C, 0x00, 0x1C, 0x00, 0x07, 0x00, 0x00, 0x00,
    0x00, 0x00, 0x0F, 0x80, 0x7F, 0xE0, 0x1F, 0xF8, 0x07, 0xFE, 0x01, 0xFF, 0x80, 0x7F, 0xE0, 0x1F,
    0xF8, 0x07, 0xFE, 0x01, 0xFF, 0x80, 0x7F, 0xE0, 0x1F, 0xF8, 0x07, 0xFE, 0x01, 0xFF, 0x80, 0x7F,
    0xE0, 0x1F, 0xF8, 0x07, 0xFE, 0x01, 0xFF, 0x80, 0x7F, 0xE0, 0x1F, 0xFC, 0x0F, 0xDF, 0x87, 0xE3,
    0xFF, 0xF0, 0xFF, 0xF8, 0x0F, 0xFC, 0x00, 0x78, 0x00, 0x07, 0xC0, 0x1F, 0xC0, 0x17, 0x80, 0x07,
    0x00, 0x3E, 0x00, 0x78, 0x00, 0xE0, 0x01, 0xC0, 0x00, 0x00, 0x00, 0x00, 0x00, 0x07, 0xC1, 0xFF,
    0x83, 0xFF, 0x07, 0xFE, 0x0F, 0xFC, 0x1F, 0xF8, 0x3F, 0xF0, 0x7F, 0xE0, 0xFF, 0xC1, 0xFF, 0x83,
    0xFF, 0x07, 0xFE, 0x0F, 0xFC, 0x3F, 0xFC, 0xFF, 0xFF, 0xFD, 0xFF, 0xF9, 0xFD, 0xF0, 0xC0, 0x00,
    0x00, 0x40, 0x00, 0x1C, 0x00, 0x0F, 0x80, 0x07, 0xF8, 0x01, 0xFE, 0x00, 0x3E, 0x00, 0x02, 0x00,
    0x00, 0x00, 0x02, 0x00, 0x00, 0xE0, 0x00, 0x1F, 0xE0, 0xFB, 0xFC, 0x1F, 0xFF, 0x83, 0xFF, 0xF0,
    0x7F, 0xBE, 0x0F, 0x87, 0xC1, 0xF0, 0xF8, 0x3E, 0x1F, 0x07, 0xC3, 0xE0, 0xF8, 0x7C, 0x1F, 0x0F,
    0x83, 0xE1, 0xF0, 0x7C, 0x3E, 0x1F, 0x87, 0xE7, 0xF0, 0xFF, 0xFE, 0x0F, 0xFF, 0xC0, 0xFE, 0xF8,
    0x06, 0x00, 0x00, 0x04, 0x00, 0x00, 0xE0, 0x00, 0x3E, 0x00, 0x07, 0xF0, 0x00, 0x7F, 0x00, 0x03,
    0xE0, 0x00, 0x08, 0x00, 0x00, 0x02, 0x00, 0x00, 0xE0, 0x00, 0x1F, 0xE0, 0xFB, 0xFC, 0x1F, 0xFF,
    0x83, 0xFF, 0xF0, 0x7F, 0xBE, 0x0F, 0x87, 0xC1, 0xF0, 0xF8, 0x3E, 0x1F, 0x07, 0xC3, 0xE0, 0xF8,
    0x7C, 0x1F, 0x0F, 0x83, 0xE1, 0xF0, 0x7C, 0x3E, 0x1F, 0x87, 0xE7, 0xF0, 0xFF, 0xFE, 0x0F, 0xFF,
    0xC0, 0xFE, 0xF8, 0x06, 0x00, 0x00, 0x07, 0xC0, 0x00, 0xFE, 0x00, 0x13, 0xC0, 0x00, 0x38, 0x00,
    0x3F, 0x00, 0x07, 0xC0, 0x00, 0xE0, 0x00, 0x1C, 0x00, 0x00, 0x00, 0xE0, 0x00, 0x1C, 0x00, 0x03,
    0xFC, 0x1F, 0x7F, 0x83, 0xFF, 0xF0, 0x7F, 0xBE, 0x0F, 0xF7, 0xC1, 0xF0, 0xF8, 0x3E, 0x1F, 0x07,
    0xC3, 0xE0, 0xF8, 0x7C, 0x1F, 0x0F, 0x83, 0xE1, 0xF0, 0x7C, 0x3E, 0x0F, 0x87, 0xC3, 0xF0, 0xFC,
    0xFE, 0x1F, 0xFF, 0xC1, 0xFF, 0xF8, 0x1F, 0xCF, 0x00, 0xC0, 0x00, 0x0F, 0x10, 0x03, 0xFF, 0x80,
    0xFF, 0xE0, 0x3F, 0xFC, 0x01, 0x0E, 0x00, 0x00, 0x00, 0x00, 0x00, 0x38, 0x00, 0x07, 0x00, 0x00,
    0xFF, 0x07, 0xDF, 0xE0, 0xFF, 0xFC, 0x1F, 0xEF, 0x83, 0xFD, 0xF0, 0x7C, 0x3E, 0x0F, 0x87, 0xC1,
    0xF0, 0xF8, 0x3E, 0x1F, 0x07, 0xC3, 0xE0, 0xF8, 0x7C, 0x1F, 0x0F, 0x83, 0xE1, 0xF0, 0xFC, 0x3F,
    0x3F, 0x87, 0xFF, 0xF0, 0x7F, 0xFE, 0x07, 0xF7, 0xC0, 0x30, 0x00, 0x00, 0x00, 0x00, 0x40, 0x00,
    0x1C, 0x00, 0x03, 0xFC, 0x1F, 0x7F, 0x83, 0xFF, 0xF0, 0x7F, 0xFE, 0x0F, 0xF7, 0xC1, 0xF0, 0xF8,
    0x3E, 0x1F, 0x07, 0xC3, 0xE0, 0xF8, 0x7C, 0x1F, 0x0F, 0x83, 0xE1, 0xF0, 0x7C, 0x3E, 0x0F, 0x87,
    0xC3, 0xF0, 0xFC, 0xFE, 0x1F, 0xFF, 0xC1, 0xFE, 0xF8, 0x1F, 0x9F, 0x00, 0xC0, 0x00, 0x00, 0x00,
    0x01, 0xE0, 0x00, 0x7E, 0x00, 0x0F, 0xC0, 0x01, 0xF8, 0x00, 0x1E, 0x00, 0x00, 0xFF, 0xFF, 0xFF,
    0xFC, 0x8A, 0x88, 0xE2, 0x10, 0x84, 0x21, 0x08, 0x42, 0x10, 0x84, 0x21, 0x08, 0x42, 0x10, 0x84,
    0x21, 0x08, 0x42, 0x10, 0x84, 0x00, 0x81, 0xF8, 0x4A, 0x10, 0x84, 0x21, 0x08, 0x42, 0x10, 0x84,
    0x21, 0x08, 0x42, 0x10, 0x84, 0x21, 0x08, 0x42, 0x10, 0x84, 0x00, 0x02, 0x01, 0xF0, 0xA4, 0x21,
    0x08, 0x42, 0x10, 0x84, 0x21, 0x08, 0x42, 0x10, 0x84, 0x21, 0x08, 0x42, 0x10, 0x84, 0x21, 0x08,
    0x40, 0xFF, 0xFF, 0xFF, 0xFF, 0xFF, 0xFF, 0xFF, 0xFF, 0xFF, 0xFF, 0xFF, 0xFF, 0xFF, 0xFF, 0xFF,
    0xFF, 0xFF, 0xFF, 0xFF, 0xFF, 0xF0, 0x38, 0xE3, 0x9C, 0x73, 0xCF, 0xBE, 0xF9, 0xC0, 0x39, 0xF7,
    0xDF, 0x3C, 0xE7, 0x9C, 0x71, 0x80, 0x38, 0x71, 0xC3, 0x8E, 0x1C, 0xE1, 0xC7, 0x0E, 0x78, 0xF3,
    0xE7, 0xDF, 0x3E, 0xF9, 0xF3, 0x87, 0x00, 0x38, 0x73, 0xE7, 0xDF, 0x3E, 0xF9, 0xF3, 0xC7, 0x9C,
    0x39, 0xE3, 0xCE, 0x1C, 0x70, 0xE3, 0x06, 0x00, 0x38, 0x73, 0xE7, 0xDF, 0x3E, 0xF9, 0xF3, 0xC7,
    0x9C, 0x39, 0xE3, 0xCE, 0x1C, 0x70, 0xE3, 0x06, 0x00, 0x30, 0x30, 0x31, 0xE1, 0xE1, 0xEF, 0xCF,
    0xCF, 0xFF, 0x3F, 0x3F, 0xFC, 0xFC, 0xFD, 0xE1, 0xE1, 0xE3, 0x03, 0x03, 0x00, 0x7F, 0xFF, 0xFF,
    0xFF, 0x1F, 0x1F, 0x1F, 0x1F, 0x1F, 0x1F, 0x1F, 0x1E, 0x00, 0x00, 0x06, 0x06, 0x00, 0x41, 0xB1,
    0x8F, 0x80, 0x7F, 0x3F, 0xFF, 0xBF, 0xFF, 0xDF, 0xFF, 0xEF, 0xF1, 0xF0, 0xF8, 0xF8, 0x7C, 0x7C,
    0x3E, 0x3E, 0x1F, 0x1F, 0x0F, 0x8F, 0x87, 0xC7, 0xC3, 0xE3, 0xC1, 0xE0, 0x00, 0x00, 0x00, 0x00,
    0x7F, 0xFC, 0x3F, 0xFE, 0x7C, 0x07, 0xDF, 0x01, 0xF7, 0xE0, 0x7C, 0xF8, 0x1F, 0x3E, 0x07, 0xCF,
    0x81, 0xF1, 0xF0, 0x7C, 0x7C, 0x1F, 0x1F, 0x07, 0x83, 0xE1, 0xE0, 0xF8, 0xF8, 0x3E, 0x3E, 0x07,
    0xCF, 0x81, 0xF7, 0xC0, 0x7F, 0xF1, 0xFF, 0xF8, 0xFF, 0xFC, 0x3F, 0xFE, 0x0F, 0xFC, 0x00, 0x7F,
    0x00, 0x00, 0x7C, 0x3F, 0x80, 0x00, 0x7C, 0x0F, 0xE0, 0x00, 0x7C, 0x07, 0xF0, 0x00, 0x7C, 0x03,
    0xF8, 0x00, 0x7C, 0x01, 0xFE, 0x00, 0x7C, 0x03, 0xFF, 0x00, 0x7C, 0x07, 0xBF, 0x80, 0x7C, 0x0F,
    0x1F, 0xC0, 0x78, 0x1F, 0x0F, 0xF0, 0xF8, 0x1E, 0x03, 0xF8, 0xF0, 0x3E, 0x01, 0xFD, 0xE0, 0x3E,
    0x00, 0xFF, 0xC0, 0x3E, 0x00, 0x7F, 0x80, 0x3E, 0x00, 0x1F, 0xC0, 0x3E, 0x00, 0x0F, 0xE0, 0x3E,
    0x00, 0x07, 0xF0, 0x3E, 0x00, 0x01, 0xFC, 0x3E, 0x00, 0x00, 0xFE, 0xFF, 0xFF, 0xFF, 0xFF, 0xFF,
    0xFF, 0xFF, 0xFF, 0xFF, 0xFF, 0xFF, 0xFF, 0xFF, 0xF0, 0x00, 0x00, 0xF0, 0x00, 0x00, 0x1E, 0x00,
    0x00, 0x07, 0xC0, 0x00, 0x00, 0xF8, 0x00, 0x00, 0x1F, 0x00, 0x00, 0x03, 0xE0, 0x00, 0x00, 0x7C,
    0x00, 0x00, 0x0F, 0x80, 0x00, 0x01, 0xF0, 0x00, 0x00, 0x3E, 0x00, 0x00, 0x07, 0xC0, 0x00, 0x00,
    0xF8, 0x00, 0x00, 0x1F, 0x00, 0x00, 0x03, 0xE0, 0x00, 0x00, 0x7C, 0x00, 0xFF, 0xFF, 0xFF, 0x8F,
    0xFF, 0xFF, 0xFE, 0xFF, 0xFF, 0xFF, 0xEF, 0xFF, 0xFF, 0xFF, 0x00, 0x00, 0x01, 0xF0, 0x00, 0x00,
    0x1F, 0x00, 0x00, 0x01, 0xF0, 0x00, 0x00, 0x1F, 0xF8, 0x00, 0x01, 0xFF, 0x80, 0x00, 0x1F, 0xF8,
    0x00, 0x01, 0xFF, 0x80, 0x00, 0x1F, 0xF8, 0x00, 0x01, 0xFF, 0x80, 0x00, 0x1F, 0xF8, 0x00, 0x01,
    0xFF, 0x80, 0x00, 0x1F, 0xF8, 0x00, 0x01, 0xFF, 0x80, 0x00, 0x1F, 0xF8, 0x00, 0x01, 0xF0, 0xFF,
    0xFF, 0xFE, 0x0F, 0xFF, 0xFF, 0xF8, 0xFF, 0xFF, 0xFF, 0xCF, 0xFF, 0xFF, 0xFE, 0x00, 0x00, 0x07,
    0xE0, 0x00, 0x00, 0x3E, 0x00, 0x00, 0x01, 0xF0, 0x00, 0x00, 0x1F, 0x00, 0x00, 0x01, 0xF0, 0x00,
    0x00, 0x1F, 0x00, 0x00, 0x01, 0xF0, 0x00, 0x00, 0x1F, 0x00, 0x00, 0x03, 0xF0, 0x00, 0x00, 0x3E,
    0x00, 0x00, 0x07, 0xE7, 0xFF, 0xFF, 0xFE, 0xFF, 0xFF, 0xFF, 0xCF, 0xFF, 0xFF, 0xF8, 0xFF, 0xFF,
    0xFE, 0x00, 0xF8, 0x00, 0x00, 0x3E, 0x00, 0x00, 0x0F, 0x80, 0x00, 0x03, 0xE0, 0x00, 0x00, 0xF8,
    0x00, 0x00, 0x3E, 0x00, 0x00, 0x0F, 0xFF, 0xFF, 0xE3, 0xFF, 0xFF, 0xFC, 0xFF, 0xFF, 0xFF, 0xBF,
    0xFF, 0xFF, 0xF0, 0x00, 0x00, 0xFC, 0x00, 0x00, 0x1F, 0x00, 0x00, 0x07, 0xC0, 0x00, 0x01, 0xF0,
    0x00, 0x00, 0x7C, 0x00, 0x00, 0x1F, 0x00, 0x00, 0x07, 0xC0, 0x00, 0x03, 0xE0, 0x00, 0x00, 0xF8,
    0x00, 0x00, 0x7E, 0x00, 0x00, 0x3F, 0x00, 0x00, 0x1F, 0x80, 0x00, 0x07, 0xC0, 0x00, 0x01, 0xE0,
    0x00, 0x00, 0x70, 0x00, 0x00, 0x00, 0x00, 0xFF, 0xFF, 0xFF, 0xC7, 0xFF, 0xFF, 0xFF, 0xBF, 0xFF,
    0xFF, 0xFD, 0xFF, 0xFF, 0xFF, 0xF3, 0xC0, 0x00, 0x0F, 0x9E, 0x00, 0x00, 0x7D, 0xF0, 0x00, 0x03,
    0xEF, 0x80, 0x00, 0x1F, 0x7C, 0x00, 0x00, 0xFB, 0xE0, 0x00, 0x07, 0xDF, 0x00, 0x00, 0x3E, 0xF8,
    0x00, 0x01, 0xF7, 0xC0, 0x00, 0x0F, 0xBE, 0x00, 0x00, 0x7D, 0xF0, 0x00, 0x03, 0xEF, 0xFF, 0xFF,
    0xFF, 0x7F, 0xFF, 0xFF, 0xFB, 0xFF, 0xFF, 0xFF, 0xDF, 0xFF, 0xFF, 0xFE, 0xFF, 0xFF, 0xFF, 0x8F,
    0xFF, 0xFF, 0xFC, 0xFF, 0xFF, 0xFF, 0xEF, 0xFF, 0xFF, 0xFE, 0x00, 0x00, 0x03, 0xF0, 0x00, 0x00,
    0x1F, 0x00, 0x00, 0x01, 0xF0, 0x00, 0x00, 0x1F, 0x00, 0x00, 0x01, 0xF0, 0x00, 0x00, 0x1F, 0x00,
    0x00, 0x01, 0xF0, 0x00, 0x00, 0x1F, 0x00, 0x00, 0x01, 0xF0, 0x00, 0x00, 0x1F, 0x00, 0x00, 0x01,
    0xF0, 0x00, 0x00, 0x1F, 0x00, 0x00, 0x01, 0xF0, 0x00, 0x00, 0x1F, 0x00, 0x00, 0x01, 0xF0, 0x7F,
    0xFF, 0xFF, 0xF0, 0xFF, 0xFF, 0xFF, 0xF9, 0xFF, 0xFF, 0xFF, 0xF3, 0xFF, 0xFF, 0xFF, 0xF1, 0xF0,
    0x00, 0x03, 0xE3, 0xE0, 0x00, 0x07, 0xC7, 0xC0, 0x00, 0x0F, 0x8F, 0x80, 0x00, 0x1F, 0x1F, 0x00,
    0x00, 0x3E, 0x3E, 0x00, 0x00, 0x7C, 0x7C, 0x00, 0x00, 0xF8, 0xF8, 0x00, 0x01, 0xF1, 0xF0, 0x00,
    0x03, 0xE3, 0xE0, 0x00, 0x07, 0xC7, 0xC0, 0x00, 0x0F, 0x9F, 0x80, 0x00, 0x1F, 0x7F, 0x00, 0x00,
    0x3F, 0xFC, 0x00, 0x00, 0x7F, 0xF0, 0x00, 0x00, 0xF9, 0x80, 0x00, 0x00, 0x00, 0x01, 0xF0, 0x00,
    0x3E, 0x00, 0x07, 0xC0, 0x00, 0xF8, 0x00, 0x1F, 0x00, 0x03, 0xE0, 0x00, 0x7C, 0x07, 0xFF, 0xFF,
    0xFF, 0xFF, 0xFF, 0xFF, 0xFF, 0xFF, 0xFF, 0x80, 0x00, 0x00, 0x0C, 0x00, 0x00, 0x18, 0x00, 0x00,
    0x00, 0x00, 0x00, 0x07, 0xC3, 0xE3, 0xEF, 0x87, 0xC7, 0xDF, 0x0F, 0x8F, 0xBE, 0x1F, 0x1F, 0x7C,
    0x3E, 0x3E, 0x78, 0x7C, 0x7C, 0xF0, 0xF0, 0xF9, 0xF3, 0xE1, 0xF3, 0xE7, 0xC3, 0xE7, 0xDF, 0x0F,
    0x8F, 0xFC, 0x1F, 0x1F, 0xF0, 0x3E, 0x3F, 0x80, 0xF8, 0x3C, 0x03, 0xF0, 0x7C, 0x1F, 0xC0, 0xFF,
    0xFF, 0x01, 0xFF, 0xFC, 0x03, 0xFF, 0xF0, 0x07, 0xFF, 0x00, 0x00, 0x30, 0x00, 0x00, 0x60, 0x00,
    0x00, 0x00, 0x00, 0x00, 0x00, 0x00, 0x07, 0xC3, 0xE3, 0xEF, 0x87, 0xC7, 0xDF, 0x0F, 0x8F, 0xBE,
    0x1F, 0x1F, 0x7C, 0x3E, 0x3E, 0xF8, 0x7C, 0x7C, 0xF0, 0xF0, 0xF9, 0xE3, 0xE1, 0xF3, 0xE7, 0xC3,
    0xE7, 0xDF, 0x0F, 0x8F, 0xFC, 0x1F, 0x1F, 0xF0, 0x3E, 0x3F, 0x80, 0xF8, 0x7C, 0x03, 0xF0, 0x78,
    0x1F, 0xC0, 0xFF, 0xFF, 0x01, 0xFF, 0xFC, 0x03, 0xFF, 0xF0, 0x07, 0xFF, 0x00, 0x00, 0x00, 0x00,
    0x0C, 0x00, 0x00, 0x18, 0x00, 0x00, 0x00, 0x00, 0x00, 0x07, 0xC3, 0xE3, 0xEF, 0x87, 0xC7, 0xDF,
    0x0F, 0x8F, 0xBE, 0x1F, 0x1F, 0x7C, 0x3E, 0x3E, 0x78, 0x7C, 0x7C, 0xF0, 0xF0, 0xF9, 0xF3, 0xE1,
    0xF3, 0xE7, 0xF3, 0xE7, 0xFF, 0x6F, 0x8F, 0xFC, 0x1F, 0x1F, 0xF0, 0x3E, 0x3F, 0x80, 0xF8, 0x3C,
    0x03, 0xF0, 0x7C, 0x1F, 0xC0, 0xFF, 0xFF, 0x01, 0xFF, 0xFC, 0x03, 0xFF, 0xF0, 0x07, 0xFF, 0x00,
    0x00, 0x30, 0x00, 0x00, 0x60, 0x00, 0x00, 0x00, 0x00, 0x00, 0x00, 0x00, 0x07, 0xC3, 0xE3, 0xEF,
    0x87, 0xC7, 0xDF, 0x0F, 0x8F, 0xBE, 0x1F, 0x1F, 0x7C, 0x3E, 0x3E, 0xF8, 0x7C, 0x7C, 0xF0, 0xF0,
    0xF9, 0xE3, 0xE1, 0xF3, 0xE7, 0xF3, 0xE7, 0xFF, 0x6F, 0x8F, 0xFC, 0x1F, 0x1F, 0xF0, 0x3E, 0x3F,
    0x80, 0xF8, 0x7C, 0x03, 0xF0, 0x78, 0x1F, 0xC0, 0xFF, 0xFF, 0x01, 0xFF, 0xFC, 0x03, 0xFF, 0xF0,
    0x07, 0xFF, 0x00, 0x00, 0xFC, 0x07, 0xCF, 0xC0, 0xF8, 0xF8, 0x1F, 0x1F, 0x83, 0xE1, 0xF8, 0x7C,
    0x1F, 0x0F, 0x83, 0xF1, 0xF0, 0x7F, 0x3C, 0x1F, 0xF7, 0x87, 0xFF, 0xF0, 0xF7, 0xFC, 0x3E, 0x7F,
    0x07, 0xC7, 0xC0, 0xF8, 0xFC, 0x1F, 0x0F, 0xC3, 0xE0, 0xF8, 0x7C, 0x1F, 0x8F, 0x81, 0xF9, 0xF0,
    0x1F, 0x80, 0x00, 0x00, 0x00, 0x00, 0x07, 0xF0, 0x00, 0xFE, 0x00, 0xFC, 0x07, 0xCF, 0xC0, 0xF8,
    0xF8, 0x1F, 0x1F, 0x83, 0xE1, 0xF8, 0x7C, 0x1F, 0x0F, 0x83, 0xF1, 0xF0, 0x7F, 0x3C, 0x1F, 0xF7,
    0x87, 0xFF, 0xF0, 0xF7, 0xFC, 0x3E, 0x7F, 0x07, 0xC7, 0xC0, 0xF8, 0xFC, 0x1F, 0x0F, 0xC3, 0xE0,
    0xF8, 0x7C, 0x1F, 0x8F, 0x81, 0xF9, 0xF0, 0x1F, 0x80, 0x00, 0x00, 0x00, 0x00, 0x07, 0xF0, 0x00,
    0xFE, 0x00, 0x03, 0x00, 0x00, 0x60, 0x00, 0x0C, 0x00, 0xFC, 0x07, 0xCF, 0xC0, 0xF8, 0xF8, 0x1F,
    0x1F, 0x83, 0xE1, 0xF8, 0x7C, 0x1F, 0x0F, 0x83, 0xF1, 0xF0, 0xFF, 0x3C, 0x1F, 0xFF, 0x87, 0xFF,
    0xF0, 0xF7, 0xFC, 0x3E, 0x7F, 0x07, 0xC7, 0xE0, 0xF8, 0x7C, 0x1F, 0x6F, 0xC3, 0xEC, 0xFC, 0x7C,
    0x0F, 0x8F, 0x81, 0xF9, 0xF0, 0x1F, 0x80, 0x7F, 0xE0, 0x3F, 0xFC, 0x1F, 0xFE, 0x0F, 0xFF, 0x80,
    0x07, 0xC0, 0x03, 0xE0, 0x01, 0xF0, 0x00, 0xF8, 0x06, 0x7C, 0x03, 0x3E, 0x00, 0x1F, 0x00, 0x0F,
    0x80, 0x07, 0xC0, 0x03, 0xE0, 0x01, 0xF0, 0xFF, 0xFF, 0x7F, 0xFF, 0xBF, 0xFF, 0xFF, 0xFF, 0xE0,
    0x3F, 0x81, 0xFE, 0x0F, 0xF8, 0x7F, 0xC0, 0x3F, 0x00, 0xF8, 0x07, 0xC0, 0x3E, 0x19, 0xF0, 0xCF,
    0x80, 0x7C, 0x07, 0xE0, 0x7F, 0x1F, 0xF9, 0xFF, 0xCF, 0xBE, 0x7D, 0xF3, 0xCF, 0x9C, 0x7C, 0x80,
    0x00, 0xFF, 0xFE, 0xFF, 0xFE, 0xFF, 0xFE, 0xFF, 0xFE, 0x00, 0x70, 0x00, 0xF0, 0x00, 0xF0, 0x00,
    0xF0, 0x19, 0xF0, 0x19, 0xF0, 0x01, 0xF0, 0x01, 0xF0, 0x01, 0xF0, 0x01, 0xF0, 0x01, 0xF0, 0x01,
    0xF0, 0x01, 0xF0, 0x01, 0xF0, 0x01, 0xF0, 0xFF, 0xF8, 0xFF, 0xFE, 0xFF, 0xFE, 0xFF, 0xFF, 0x00,
    0x1F, 0x00, 0x1F, 0x00, 0x1F, 0x00, 0x1F, 0xF9, 0x9F, 0xF9, 0x9F, 0xF8, 0x1F, 0xF8, 0x1F, 0xF8,
    0x1F, 0xF8, 0x1F, 0xF8, 0x1F, 0xF8, 0x1F, 0xF8, 0x1F, 0xF8, 0x1F, 0xF8, 0x1F, 0x7F, 0xFF, 0xFF,
    0xFF, 0x1F, 0x1F, 0x1F, 0x1F, 0xDF, 0xDF, 0x1F, 0x1F, 0x1F, 0x1F, 0x1F, 0x1F, 0x1F, 0x1F, 0x1F,
    0xFF, 0xFF, 0xFF, 0xFF, 0xFF, 0xF0, 0x70, 0x1E, 0x03, 0xC0, 0xF8, 0xDF, 0x1B, 0xE0, 0x7C, 0x0F,
    0x81, 0xF0, 0x3E, 0x07, 0xC0, 0xF8, 0x1F, 0x03, 0xE0, 0x7C, 0x00, 0xF8, 0xFC, 0x3E, 0x3F, 0xCF,
    0x8F, 0xF9, 0xE3, 0xFE, 0x7C, 0x0F, 0xDF, 0x01, 0xF7, 0xC0, 0x7D, 0xF0, 0x1F, 0x7C, 0xC7, 0xDF,
    0x31, 0xF7, 0xC0, 0x7D, 0xF0, 0x1F, 0x7C, 0x0F, 0x9F, 0x03, 0xE3, 0xC3, 0xF8, 0xFF, 0xFC, 0x3F,
    0xFE, 0x0F, 0xFF, 0x03, 0xFF, 0x00, 0x7F, 0x7F, 0xFF, 0xFF, 0x1F, 0x1F, 0x1F, 0xDF, 0xDF, 0x1F,
    0x1F, 0x1F, 0x00, 0xFF, 0xF1, 0xFF, 0xF3, 0xFF, 0xF7, 0xFF, 0xE0, 0x07, 0xE0, 0x07, 0xC0, 0x0F,
    0x80, 0x1F, 0x0C, 0x3E, 0x18, 0x7C, 0x00, 0xF8, 0x01, 0xF0, 0x03, 0xE0, 0x07, 0xC0, 0x0F, 0x80,
    0x1F, 0x00, 0x3E, 0x00, 0x7C, 0x00, 0xF8, 0x01, 0xF0, 0x03, 0xE0, 0x07, 0xC0, 0x0F, 0x80, 0x1F,
    0x00, 0x3E, 0x00, 0x78, 0xFF, 0xC1, 0xFF, 0xE3, 0xFF, 0xE7, 0xFF, 0xE0, 0x0F, 0xC0, 0x0F, 0x80,
    0x0F, 0x80, 0x1F, 0x0C, 0x3E, 0x18, 0x7C, 0x00, 0xF8, 0x01, 0xF0, 0x07, 0xE0, 0x0F, 0x80, 0x3F,
    0x3F, 0xFE, 0xFF, 0xF9, 0xFF, 0xE3, 0xFF, 0x00, 0xF8, 0x01, 0xF0, 0x03, 0xE0, 0x07, 0xC0, 0x0F,
    0x80, 0x1F, 0x00, 0x3F, 0xFC, 0x7F, 0xFC, 0xFF, 0xFD, 0xFF, 0xF8, 0x01, 0xF8, 0x01, 0xF0, 0x03,
    0xE0, 0x07, 0xC3, 0x0F, 0x86, 0x1F, 0x00, 0x7C, 0x00, 0xF8, 0x03, 0xF0, 0x07, 0xC0, 0x3F, 0x80,
    0xFE, 0x01, 0xF8, 0x01, 0xE0, 0x03, 0x00, 0x00, 0x00, 0x00, 0x3C, 0x0F, 0x9F, 0xE1, 0xFF, 0xFE,
    0x3F, 0xFF, 0xE3, 0xF8, 0xFC, 0x7E, 0x0F, 0x8F, 0x81, 0xF9, 0xF0, 0x1F, 0x7E, 0x03, 0xEF, 0x8C,
    0x7D, 0xF1, 0x8F, 0xBE, 0x01, 0xF7, 0xC0, 0x3E, 0xF8, 0x07, 0xDF, 0x00, 0xFB, 0xE0, 0x1F, 0x7C,
    0x7F, 0xDF, 0x8F, 0xFB, 0xE1, 0xFF, 0x7C, 0x7F, 0xE0, 0x3F, 0x07, 0xF0, 0xFF, 0x1F, 0xE0, 0x7E,
    0x07, 0xC0, 0xF8, 0x1F, 0x33, 0xE6, 0x7C, 0x0F, 0x81, 0xF0, 0x3E, 0x07, 0xC0, 0xFB, 0xFF, 0x7F,
    0xEF, 0xFD, 0xFF, 0x80, 0xFF, 0xF8, 0x3F, 0xFF, 0x8F, 0xFF, 0xF3, 0xFF, 0xFE, 0x38, 0x0F, 0x9E,
    0x01, 0xF7, 0x80, 0x7F, 0xE0, 0x1F, 0xF8, 0xC7, 0xFE, 0x31, 0xFF, 0x80, 0x7F, 0xE0, 0x1F, 0xF8,
    0x07, 0xFF, 0x03, 0xF7, 0xC0, 0xF9, 0xFC, 0xFE, 0x3F, 0xFF, 0x07, 0xFF, 0x80, 0xFF, 0xC0, 0x07,
    0x80, 0x07, 0xF8, 0x07, 0xFF, 0x03, 0xFF, 0xF1, 0xFF, 0xFC, 0x7C, 0x1F, 0xBE, 0x03, 0xEF, 0x80,
    0xFF, 0xE0, 0x1F, 0xF8, 0x07, 0xFE, 0x19, 0xFF, 0xC6, 0x7D, 0xFC, 0x1F, 0x3F, 0x07, 0xC7, 0xC1,
    0xF0, 0x70, 0x7C, 0x00, 0x1F, 0x00, 0x07, 0xC0, 0x01, 0xF0, 0x00, 0x7C, 0x00, 0x1F, 0x00, 0x07,
    0xC0, 0x01, 0xF0, 0x00, 0x7C, 0x00, 0x1F, 0x00, 0x07, 0xC0, 0x01, 0xF0, 0x00, 0x78, 0x03, 0xF0,
    0x07, 0xFF, 0x03, 0xFF, 0xE1, 0xFF, 0xFC, 0x7E, 0x1F, 0xBE, 0x03, 0xEF, 0x80, 0xFB, 0xE0, 0x1F,
    0xF8, 0x07, 0xFF, 0x19, 0xF7, 0xE6, 0x7D, 0xF8, 0x1F, 0x1E, 0x07, 0xC1, 0x83, 0xE0, 0x00, 0xF8,
    0x00, 0xFE, 0x3F, 0xFF, 0x0F, 0xFF, 0x83, 0xFF, 0xC0, 0xFF, 0xC0, 0x7C, 0x0F, 0xBF, 0x07, 0xCF,
    0x83, 0xE3, 0xE1, 0xF1, 0xF8, 0xF8, 0x7C, 0x7C, 0x1F, 0x3E, 0x0F, 0xDE, 0x03, 0xFF, 0x00, 0xFF,
    0x00, 0x3F, 0x03, 0x1F, 0x01, 0x87, 0xC0, 0x01, 0xF0, 0x00, 0xFC, 0xFF, 0xFF, 0x7F, 0xFF, 0xBF,
    0xFF, 0xDF, 0xFF, 0xE0, 0xFF, 0xFE, 0x3F, 0xFF, 0xCF, 0xFF, 0xFB, 0xFF, 0xFE, 0x00, 0x0F, 0xC0,
    0x01, 0xF0, 0x00, 0x7D, 0xF0, 0x1F, 0x7C, 0xC7, 0xDF, 0x31, 0xF7, 0xC0, 0xF9, 0xF0, 0x3E, 0x7C,
    0x0F, 0x9F, 0x07, 0xC7, 0xC3, 0xF1, 0xF1, 0xF8, 0x7C, 0x7C, 0x1F, 0x1E, 0x07, 0xC6, 0x01, 0xF0,
    0x00, 0x7C, 0x00, 0x1F, 0x00, 0x07, 0xC0, 0x01, 0xF0, 0x00, 0x7C, 0x00, 0x1E, 0x00, 0x00, 0xFF,
    0xF1, 0xFF, 0xF3, 0xFF, 0xF7, 0xFF, 0xE0, 0x07, 0xE0, 0x07, 0xC0, 0x0F, 0x80, 0x1F, 0x0C, 0x3E,
    0x18, 0x7C, 0x00, 0xF8, 0x01, 0xF0, 0x03, 0xE0, 0x07, 0xC0, 0x0F, 0x80, 0x1F, 0x00, 0x3E, 0x00,
    0x7C, 0x00, 0xF8, 0x7C, 0x3E, 0x3E, 0xF8, 0x7C, 0x7D, 0xF0, 0xF8, 0xFB, 0xE1, 0xF1, 0xF7, 0xC3,
    0xE3, 0xE7, 0x87, 0xC7, 0xCF, 0x0F, 0x0F, 0x9F, 0x3E, 0x1F, 0x3E, 0x7F, 0x3E, 0x7F, 0xF6, 0xF8,
    0xFF, 0xC1, 0xF1, 0xFF, 0x03, 0xE3, 0xF8, 0x0F, 0x83, 0xC0, 0x3F, 0x07, 0xC1, 0xFC, 0x0F, 0xFF,
    0xF0, 0x1F, 0xFF, 0xC0, 0x3F, 0xFF, 0x00, 0x7F, 0xF0, 0x00, 0x7F, 0xFF, 0x0F, 0xFF, 0xF1, 0xFF,
    0xFF, 0x3F, 0xFF, 0xE1, 0xF0, 0x7E, 0x3E, 0x07, 0xC7, 0xC0, 0xF8, 0xF8, 0x1F, 0x1F, 0x33, 0xE3,
    0xE6, 0x7C, 0x7C, 0x0F, 0x8F, 0x81, 0xF1, 0xF0, 0x3E, 0x3E, 0x07, 0xC7, 0xC0, 0xF9, 0xF8, 0x1F,
    0x7F, 0x03, 0xFF, 0xC0, 0x7F, 0xF0, 0x0F, 0x98, 0x00, 0x00, 0x0C, 0x06, 0x00, 0x00, 0x07, 0xFB,
    0xFD, 0xFE, 0xFF, 0x0F, 0x87, 0xC3, 0xE1, 0xF0, 0xF8, 0x7C, 0x3E, 0x1F, 0x0F, 0x87, 0xC3, 0xE1,
    0xF0, 0xF8, 0x7C, 0x3E, 0x0F, 0xF0, 0x07, 0xF8, 0x00, 0x00, 0x00, 0x00, 0x07, 0xFF, 0x03, 0xFF,
    0xC1, 0xFF, 0xF0, 0xFF, 0xF8, 0x00, 0x7E, 0x00, 0x1F, 0x00, 0x0F, 0x80, 0x07, 0xC0, 0x03, 0xE0,
    0x01, 0xF0, 0x00, 0xF8, 0x00, 0x7C, 0x00, 0x3E, 0x00, 0x1F, 0x00, 0x0F, 0x8F, 0xFF, 0xF7, 0xFF,
    0xFB, 0xFF, 0xFF, 0xFF, 0xFE, 0x3F, 0xC0, 0xFF, 0x00, 0x00, 0x00, 0x00, 0xFF, 0xC3, 0xFF, 0x8F,
    0xFF, 0x3F, 0xFE, 0x00, 0xF8, 0x01, 0xF0, 0x07, 0xC0, 0x1F, 0x00, 0x7C, 0x01, 0xF0, 0x07, 0xC0,
    0x1F, 0x00, 0x7C, 0x03, 0xF0, 0x1F, 0x9F, 0xFE, 0xFF, 0xF3, 0xFF, 0x8F, 0xFC, 0x00, 0x0F, 0xF0,
    0x03, 0xFC, 0x00, 0x00, 0x00, 0x0F, 0xC0, 0x1F, 0xFC, 0x0F, 0xFF, 0x87, 0xFF, 0xF1, 0xF8, 0x7E,
    0xF8, 0x0F, 0xBE, 0x03, 0xEF, 0x80, 0x7F, 0xE0, 0x1F, 0xFC, 0x07, 0xDF, 0x81, 0xF7, 0xE0, 0x7C,
    0xF8, 0x1F, 0x06, 0x0F, 0x80, 0x03, 0xE0, 0x03, 0xF0, 0xFF, 0xFC, 0x3F, 0xFE, 0x0F, 0xFF, 0x07,
    0xFF, 0x00, 0xF0, 0x00, 0x3E, 0x00, 0x0F, 0x80, 0x03, 0xE0, 0x00, 0xF8, 0x00, 0x3E, 0x00, 0x0F,
    0x80, 0xFB, 0xF0, 0x3E, 0x7E, 0x0F, 0x9F, 0x83, 0xE3, 0xF0, 0xF8, 0x7E, 0x3E, 0x1F, 0x8F, 0x83,
    0xF3, 0xC0, 0x7E, 0xF0, 0x0F, 0xFC, 0x03, 0xFE, 0x00, 0x7F, 0x00, 0x0F, 0x80, 0x01, 0xF0, 0x00,
    0x7E, 0x00, 0x0F, 0xC0, 0x01, 0xF0, 0x00, 0x7E, 0x00, 0x0F, 0xC0, 0x07, 0x81, 0xF8, 0x77, 0x3C,
    0xE7, 0xFC, 0xFF, 0x18, 0x00, 0x00, 0x00, 0x03, 0xC0, 0x78, 0x0F, 0x01, 0xE0, 0x3C, 0x07, 0x80,
    0xF0, 0x1E, 0x03, 0xC0, 0x78, 0x0F, 0x01, 0xE0, 0x3C, 0x07, 0x80, 0xF0, 0x1E, 0x03, 0xF8, 0x3F,
    0x87, 0xF0, 0x7E, 0x03, 0x80, 0x00, 0x00, 0x00, 0x00, 0x38, 0x00, 0x00, 0xF0, 0x3C, 0x00, 0x00,
    0x78, 0x1E, 0x00, 0x00, 0x3C, 0x0F, 0x00, 0x00, 0x1E, 0x07, 0x80, 0x00, 0x0F, 0x03, 0xC0, 0x00,
    0x1F, 0xC1, 0xF0, 0x00, 0x3F, 0xFE, 0xFF, 0xFF, 0xFF, 0xFF, 0x7F, 0xFF, 0xFF, 0xFF, 0x9F, 0xFF,
    0xFF, 0x9F, 0xC7, 0xFF, 0xFF, 0x03, 0xE0, 0xFF, 0xFC, 0x00, 0x00, 0x00, 0x00, 0x00, 0x00, 0x00,
    0x40, 0x00, 0x00, 0x00, 0xF0, 0x00, 0x00, 0x00, 0x78, 0x00, 0x00, 0x00, 0x3C, 0x00, 0x00, 0x00,
    0x0C, 0x00, 0x00, 0x00, 0x00, 0x00, 0x00, 0x00, 0x03, 0x00, 0x00, 0x00, 0x03, 0xC0, 0x00, 0x00,
    0x01, 0xE0, 0x00, 0x00, 0x00, 0xF0, 0x00, 0x00, 0x00, 0x10, 0x00, 0x00, 0x00, 0x03, 0x01, 0xE0,
    0x78, 0x1E, 0x07, 0xC0, 0xF0, 0x3C, 0x0F, 0x03, 0xCF, 0xF7, 0xFF, 0xFE, 0xFF, 0x1F, 0x80, 0x00,
    0x00, 0x06, 0x03, 0xC0, 0xF0, 0x38, 0x04, 0x01, 0x00, 0xE0, 0x3C, 0x0F, 0x01, 0x80, 0x07, 0x00,
    0x1E, 0x00, 0x78, 0x01, 0xE0, 0x07, 0x80, 0x1E, 0x00, 0x78, 0x0F, 0xFE, 0x7F, 0xF9, 0xFF, 0xE7,
    0xDF, 0x9E, 0x1E, 0x00, 0x00, 0x00, 0x00, 0x30, 0x01, 0xE0, 0x07, 0x80, 0x1C, 0x00, 0x20, 0x00,
    0x80, 0x07, 0x00, 0x1E, 0x00, 0x78, 0x00, 0xC0, 0x00, 0x00, 0x00, 0x00, 0x38, 0x00, 0x00, 0xF0,
    0x3C, 0x00, 0x00, 0x78, 0x1E, 0x00, 0x00, 0x3C, 0x0F, 0x00, 0x00, 0x1E, 0x07, 0x80, 0x00, 0x0F,
    0x03, 0xC0, 0x00, 0x1F, 0xC1, 0xF0, 0x00, 0x3F, 0xFE, 0xFF, 0xFF, 0xFF, 0xFF, 0x7F, 0xFF, 0xFF,
    0xFF, 0x9F, 0xFF, 0xFF, 0x9F, 0xC7, 0xFF, 0xFF, 0x03, 0xE0, 0xFF, 0xFC, 0x00, 0x00, 0x00, 0x00,
    0x00, 0x00, 0x00, 0x00, 0x00, 0x00, 0x03, 0x0C, 0x00, 0x00, 0x03, 0xCF, 0x00, 0x00, 0x01, 0xE7,
    0x80, 0x00, 0x00, 0x61, 0x80, 0x00, 0x00, 0x00, 0x00, 0x00, 0x00, 0x03, 0x00, 0x00, 0x00, 0x03,
    0xC0, 0x00, 0x00, 0x01, 0xE0, 0x00, 0x00, 0x00, 0x60, 0x00, 0x00, 0x03, 0x81, 0xF0, 0x1E, 0x03,
    0xC0, 0x7C, 0x07, 0x80, 0xF0, 0x1E, 0x03, 0xCF, 0xF9, 0xFF, 0x7F, 0xCF, 0xF0, 0xFC, 0x00, 0x00,
    0x00, 0x00, 0x06, 0x19, 0xE7, 0xBC, 0xF3, 0x0C, 0x0C, 0x03, 0xC0, 0x78, 0x06, 0x00, 0x07, 0x00,
    0x1E, 0x00, 0x78, 0x01, 0xE0, 0x07, 0x80, 0x1E, 0x00, 0x78, 0x0F, 0xFE, 0x7F, 0xF9, 0xFF, 0xE7,
    0xDF, 0x9E, 0x1E, 0x00, 0x00, 0x00, 0x00, 0x00, 0x06, 0x18, 0x3C, 0xF0, 0xF3, 0xC1, 0x86, 0x00,
    0xC0, 0x07, 0x80, 0x1E, 0x00, 0x30, 0x00, 0x00, 0x00, 0x00, 0x00, 0x38, 0x00, 0x00, 0xF0, 0x3C,
    0x00, 0x00, 0x78, 0x1E, 0x00, 0x00, 0x3C, 0x0F, 0x00, 0x00, 0x1E, 0x07, 0x80, 0x00, 0x0F, 0x03,
    0xC0, 0x00, 0x1F, 0xC1, 0xF0, 0x00, 0x3F, 0xFE, 0xFF, 0xFF, 0xFF, 0xFF, 0x7F, 0xFF, 0xFF, 0xFF,
    0x9F, 0xFF, 0xFF, 0x9F, 0xC7, 0xFF, 0xFF, 0x03, 0xE0, 0xFF, 0xFC, 0x00, 0x00, 0x00, 0x00, 0x00,
    0x00, 0x00, 0x00, 0x00, 0x00, 0x01, 0x8C, 0x00, 0x00, 0x01, 0xEF, 0x00, 0x00, 0x00, 0xF7, 0x80,
    0x00, 0x00, 0x31, 0x80, 0x00, 0x00, 0x00, 0x00, 0x00, 0x00, 0x0C, 0x60, 0x00, 0x00, 0x0F, 0x78,
    0x00, 0x00, 0x07, 0xBC, 0x00, 0x00, 0x01, 0x8C, 0x00, 0x00, 0x01, 0x80, 0xF0, 0x1E, 0x03, 0xE0,
    0x3C, 0x07, 0x80, 0xF0, 0x1E, 0x03, 0xC7, 0xF9, 0xFF, 0x3F, 0xC7, 0xF8, 0xFC, 0x00, 0x00, 0x00,
    0x18, 0xC7, 0xBC, 0xF7, 0x8C, 0x60, 0x00, 0x31, 0x8F, 0x79, 0xEF, 0x18, 0xC0, 0x07, 0x00, 0x78,
    0x03, 0xC0, 0x1E, 0x00, 0xF0, 0x07, 0x80, 0x3E, 0x0F, 0xFE, 0x7F, 0xFF, 0xFF, 0xFF, 0x7F, 0xE1,
    0xE0, 0x00, 0x00, 0x00, 0x63, 0x07, 0xBC, 0x3D, 0xE0, 0xC6, 0x00, 0x00, 0x31, 0x83, 0xDE, 0x1E,
    0xF0, 0x63, 0x00, 0x00, 0x06, 0x00, 0x00, 0x00, 0x07, 0x80, 0x00, 0x00, 0x03, 0xC0, 0x00, 0x00,
    0x00, 0xE0, 0x00, 0x00, 0x00, 0x20, 0x00, 0x00, 0x00, 0x30, 0x00, 0x00, 0x00, 0x3C, 0x00, 0x00,
    0x00, 0x1E, 0x00, 0x00, 0x00, 0x0F, 0x00, 0x00, 0x00, 0x01, 0x00, 0x00, 0x1C, 0x00, 0x00, 0x78,
    0x0E, 0x00, 0x00, 0x3C, 0x0F, 0x00, 0x00, 0x1E, 0x07, 0x80, 0x00, 0x0F, 0x03, 0xC0, 0x00, 0x07,
    0x81, 0xE0, 0x00, 0x07, 0xE0, 0xF8, 0x00, 0x1F, 0xFF, 0x7F, 0xFF, 0xFF, 0xFF, 0x9F, 0xFF, 0xFF,
    0xFF, 0xCF, 0xFF, 0xFF, 0xCF, 0xE3, 0xFF, 0xFF, 0x81, 0xF0, 0x7F, 0xFE, 0x00, 0x00, 0x0C, 0x07,
    0x81, 0xE0, 0x70, 0x08, 0x03, 0x01, 0xE0, 0x78, 0x1E, 0x02, 0x00, 0x00, 0x04, 0x0F, 0x81, 0xE0,
    0x78, 0x1E, 0x03, 0xC0, 0xF0, 0x3C, 0x0F, 0x7F, 0xDF, 0xFF, 0xFB, 0xFC, 0xFE, 0x00, 0x03, 0x00,
    0x1E, 0x00, 0x78, 0x01, 0xC0, 0x02, 0x00, 0x08, 0x00, 0x70, 0x01, 0xE0, 0x07, 0x80, 0x0C, 0x00,
    0x00, 0x00, 0x00, 0x07, 0x80, 0x1E, 0x00, 0x78, 0x01, 0xE0, 0x07, 0x80, 0x1E, 0x03, 0xFF, 0x9F,
    0xFE, 0x7F, 0xF9, 0xF7, 0xE7, 0x87, 0x80, 0x00, 0x18, 0xC0, 0x00, 0x00, 0x1E, 0xF0, 0x00, 0x00,
    0x0F, 0x78, 0x00, 0x00, 0x03, 0x18, 0x00, 0x00, 0x01, 0x8C, 0x00, 0x00, 0x01, 0xEF, 0x00, 0x00,
    0x00, 0xF7, 0x80, 0x00, 0x00, 0x31, 0x80, 0x00, 0x60, 0x00, 0x00, 0x00, 0x38, 0x00, 0x00, 0xF0,
    0x3C, 0x00, 0x00, 0x78, 0x1E, 0x00, 0x00, 0x3C, 0x0F, 0x00, 0x00, 0x1E, 0x07, 0x80, 0x00, 0x0F,
    0x03, 0xC0, 0x00, 0x1F, 0xC1, 0xF0, 0x00, 0x7F, 0xFE, 0xFF, 0xFF, 0xFF, 0xFF, 0x3F, 0xFF, 0xFF,
    0xFF, 0x9F, 0xFF, 0xFF, 0x9F, 0xC7, 0xFF, 0xFF, 0x03, 0xE0, 0xFF, 0xFC, 0x00, 0x00, 0x31, 0x9E,
    0xF7, 0xBC, 0xC6, 0x31, 0x9E, 0xF7, 0xBC, 0xC6, 0x00, 0x00, 0x00, 0x38, 0x1E, 0x07, 0x81, 0xE0,
    0x7C, 0x0F, 0x03, 0xC0, 0xF0, 0x3C, 0xFF, 0x7F, 0xBF, 0xEF, 0xF1, 0xF8, 0x18, 0xC1, 0xEF, 0x0F,
    0x78, 0x31, 0x80, 0x00, 0x0C, 0x60, 0xF7, 0x87, 0xBC, 0x18, 0xC0, 0x00, 0x00, 0x00, 0x1E, 0x00,
    0xF0, 0x07, 0x80, 0x3C, 0x01, 0xE0, 0x0F, 0x83, 0xFF, 0x9F, 0xFF, 0xFF, 0xFF, 0xDF, 0xF8, 0x78,
    0x00, 0x18, 0x00, 0x00, 0x00, 0x0C, 0x00, 0x00, 0x00, 0x06, 0xF0, 0x00, 0x00, 0x03, 0xFC, 0x00,
    0x00, 0x01, 0xC6, 0x00, 0x00, 0x00, 0xC7, 0x00, 0x00, 0x00, 0xFF, 0x80, 0x00, 0x00, 0x7F, 0x80,
    0x00, 0x00, 0x00, 0x00, 0x00, 0x38, 0x00, 0x00, 0xF0, 0x1C, 0x00, 0x00, 0x78, 0x1E, 0x00, 0x00,
    0x3C, 0x0F, 0x00, 0x00, 0x1E, 0x07, 0x80, 0x00, 0x0F, 0x03, 0xC0, 0x00, 0x0F, 0xC1, 0xF0, 0x00,
    0x3F, 0xFE, 0xFF, 0xFF, 0xFF, 0xFF, 0x7F, 0xFF, 0xFF, 0xFF, 0x9F, 0xFF, 0xFF, 0x9F, 0xC7, 0xFF,
    0xFF, 0x03, 0xE0, 0xFF, 0xFC, 0x00, 0x00, 0x30, 0x0C, 0x03, 0x70, 0xFE, 0x39, 0x8C, 0x67, 0xF9,
    0xFC, 0x00, 0x00, 0x00, 0x30, 0x3E, 0x0F, 0x81, 0xE0, 0x78, 0x0F, 0x03, 0xC0, 0xF0, 0x3D, 0xFF,
    0x7F, 0xFF, 0xEF, 0xF3, 0xF8, 0x0C, 0x00, 0x37, 0x00, 0xFE, 0x03, 0x98, 0x0C, 0x60, 0x7F, 0x81,
    0xFC, 0x00, 0x00, 0x00, 0x00, 0x00, 0x00, 0x78, 0x01, 0xE0, 0x07, 0x80, 0x1E, 0x00, 0x78, 0x01,
    0xF0, 0x3F, 0xF9, 0xFF, 0xE7, 0xFF, 0x9F, 0x3E, 0x78, 0x78, 0x00, 0x00, 0x06, 0x00, 0x00, 0x00,
    0x0F, 0x00, 0x00, 0x00, 0x0F, 0x00, 0x00, 0x00, 0x06, 0x00, 0x00, 0x00, 0x00, 0x00, 0x00, 0x00,
    0x30, 0xC0, 0x00, 0x00, 0x79, 0xE0, 0x00, 0x00, 0x79, 0xE0, 0x00, 0x00, 0x30, 0xC0, 0x00, 0x00,
    0x00, 0x00, 0x00, 0x00, 0x02, 0x00, 0x00, 0x00, 0x1F, 0xC0, 0x00, 0x00, 0x3F, 0xE0, 0x00, 0x00,
    0x7F, 0xF0, 0x00, 0x00, 0xFF, 0xF8, 0x00, 0x00, 0xF8, 0xF8, 0x70, 0x00, 0xF0, 0x78, 0xF0, 0x00,
    0xF0, 0x78, 0xF0, 0x00, 0xF0, 0x78, 0xF0, 0x00, 0xF0, 0x78, 0xF0, 0x00, 0x78, 0xF0, 0xF0, 0x00,
    0x7F, 0xE0, 0xF8, 0x00, 0x3F, 0xFE, 0xFF, 0xFF, 0xFF, 0xFF, 0xFF, 0xFF, 0xFF, 0xFF, 0x7F, 0xFF,
    0xFF, 0xFF, 0x3F, 0xFF, 0xF0, 0x7F, 0x0F, 0xFF, 0xC0, 0x00, 0x01, 0x80, 0x03, 0xC0, 0x03, 0xC0,
    0x01, 0x80, 0x00, 0x00, 0x0C, 0x30, 0x1E, 0x78, 0x1E, 0x78, 0x0C, 0x30, 0x00, 0x00, 0x00, 0x00,
    0x03, 0xE0, 0x07, 0xF8, 0x0F, 0xFC, 0x1F, 0xFC, 0x3F, 0xFE, 0x3C, 0x3E, 0x3C, 0x1E, 0x3C, 0x1E,
    0x3C, 0x1F, 0x3E, 0x1F, 0x3F, 0xFF, 0x1F, 0xFF, 0x0F, 0xFE, 0x07, 0xFE, 0x00, 0x3E, 0x3F, 0xFE,
    0x7F, 0xFC, 0xFF, 0xF8, 0xFF, 0xF0, 0x7F, 0x80, 0x00, 0x60, 0x00, 0x0F, 0x00, 0x00, 0xF0, 0x00,
    0x06, 0x00, 0x00, 0x00, 0x00, 0x30, 0xC0, 0x07, 0x9E, 0x00, 0x79, 0xE0, 0x03, 0x0C, 0x00, 0x00,
    0x00, 0x00, 0x00, 0x00, 0x0F, 0x80, 0x03, 0xFE, 0x00, 0x7F, 0xF0, 0x07, 0xFF, 0x00, 0xFF, 0xF8,
    0x0F, 0x8F, 0x80, 0xF0, 0x78, 0x0F, 0x07, 0x80, 0xF0, 0x78, 0x0F, 0x07, 0x00, 0x78, 0xF0, 0x03,
    0xFE, 0x03, 0xFF, 0xFE, 0x7F, 0xFF, 0xF7, 0xFF, 0xFF, 0x7F, 0xFF, 0xF7, 0xF0, 0x7F, 0x00, 0x00,
    0x18, 0xC0, 0x00, 0x00, 0x3D, 0xE0, 0x00, 0x00, 0x3D, 0xE0, 0x00, 0x00, 0x18, 0xC0, 0x00, 0x00,
    0x00, 0x00, 0x00, 0x00, 0x18, 0xC0, 0x00, 0x00, 0x3D, 0xE0, 0x00, 0x00, 0x3D, 0xE0, 0x00, 0x00,
    0x18, 0xC0, 0x00, 0x00, 0x00, 0x00, 0x00, 0x00, 0x02, 0x00, 0x00, 0x00, 0x1F, 0xC0, 0x00, 0x00,
    0x3F, 0xE0, 0x00, 0x00, 0x7F, 0xF0, 0x00, 0x00, 0xFF, 0xF8, 0x00, 0x00, 0xF8, 0xF8, 0x70, 0x00,
    0xF0, 0x78, 0xF0, 0x00, 0xF0, 0x78, 0xF0, 0x00, 0xF0, 0x78, 0xF0, 0x00, 0xF0, 0x78, 0xF0, 0x00,
    0x78, 0xF0, 0xF0, 0x00, 0x7F, 0xE0, 0xF8, 0x00, 0x3F, 0xFE, 0xFF, 0xFF, 0xFF, 0xFF, 0xFF, 0xFF,
    0xFF, 0xFF, 0x7F, 0xFF, 0xFF, 0xFF, 0x3F, 0xFF, 0xF8, 0x7F, 0x0F, 0xFF, 0xC0, 0x00, 0x06, 0x30,
    0x0F, 0x78, 0x0F, 0x78, 0x06, 0x30, 0x06, 0x30, 0x0F, 0x78, 0x0F, 0x78, 0x06, 0x30, 0x00, 0x00,
    0x00, 0x00, 0x03, 0xE0, 0x07, 0xF8, 0x0F, 0xFC, 0x1F, 0xFC, 0x3F, 0xFE, 0x3C, 0x3E, 0x3C, 0x1E,
    0x3C, 0x1E, 0x3C, 0x0F, 0x3E, 0x1F, 0x3F, 0xFF, 0x1F, 0xFF, 0x0F, 0xFE, 0x07, 0xFE, 0x00, 0x3E,
    0x3F, 0xFE, 0x7F, 0xFC, 0xFF, 0xF8, 0xFF, 0xF0, 0x7F, 0x80, 0x01, 0x8C, 0x00, 0x3D, 0xE0, 0x03,
    0xDE, 0x00, 0x18, 0xC0, 0x01, 0x8C, 0x00, 0x3D, 0xE0, 0x03, 0xDE, 0x00, 0x18, 0xC0, 0x00, 0x00,
    0x00, 0x00, 0x00, 0x00, 0xF8, 0x00, 0x3F, 0xE0, 0x07, 0xFF, 0x00, 0x7F, 0xF0, 0x0F, 0xFF, 0x80,
    0xF8, 0xF8, 0x0F, 0x07, 0x80, 0xF0, 0x78, 0x0F, 0x07, 0x80, 0xF0, 0x70, 0x07, 0x8F, 0x00, 0x3F,
    0xE0, 0x3F, 0xFF, 0xE7, 0xFF, 0xFF, 0x7F, 0xFF, 0xF7, 0xFF, 0xFF, 0x7F, 0x07, 0xF0, 0x03, 0x80,
    0x00, 0x7F, 0xE0, 0x01, 0xFF, 0xE0, 0x03, 0xFF, 0xF0, 0x03, 0xFF, 0xF0, 0x07, 0x07, 0xF8, 0x00,
    0x03, 0xFC, 0x00, 0x0F, 0xF8, 0x00, 0xFF, 0xF0, 0x07, 0xFF, 0xE0, 0x1F, 0xFF, 0x00, 0x7F, 0x0F,
    0x01, 0xF8, 0x1F, 0xC7, 0xC0, 0x3F, 0xCF, 0x06, 0x3F, 0x9E, 0x1E, 0x3F, 0x78, 0x3C, 0x1E, 0xF0,
    0x78, 0x01, 0xE0, 0x20, 0x03, 0xC0, 0x40, 0x07, 0x83, 0xC0, 0x0F, 0x07, 0x80, 0x1F, 0x0F, 0x00,
    0x1F, 0x0C, 0x00, 0x3F, 0xC0, 0x70, 0x3F, 0xFF, 0xF0, 0x3F, 0xFF, 0xE0, 0x3F, 0xFF, 0xC0, 0x1F,
    0xFE, 0x00, 0x07, 0xC0, 0x00, 0x01, 0xC0, 0x00, 0x0F, 0xFC, 0x00, 0x1F, 0xFE, 0x00, 0x1F, 0xFF,
    0x00, 0x1F, 0xFF, 0x80, 0x0C, 0x1F, 0xE0, 0x00, 0x07, 0xF0, 0x00, 0x01, 0xFC, 0x00, 0x01, 0xFE,
    0x00, 0x0F, 0xFE, 0x00, 0x7F, 0xFE, 0x03, 0xFF, 0xFE, 0x7F, 0xFF, 0x00, 0x7F, 0xF8, 0x00, 0xFF,
    0xC0, 0x00, 0xFF, 0x00, 0x00, 0x78, 0x00, 0x00, 0x00, 0x00, 0x00, 0x00, 0x00, 0x00, 0x00, 0x30,
    0x00, 0x00, 0x78, 0x00, 0x00, 0x78, 0x00, 0x00, 0x70, 0x00, 0x00, 0x20, 0x00, 0x00, 0x20, 0x00,
    0x00, 0x70, 0x00, 0x00, 0x78, 0x00, 0x00, 0x78, 0x00, 0x00, 0x30, 0x00, 0x01, 0xC0, 0x00, 0x03,
    0xFF, 0x00, 0x01, 0xFF, 0xE0, 0x00, 0x7F, 0xFE, 0x00, 0x1F, 0xFF, 0xC0, 0x03, 0x07, 0xFC, 0x00,
    0x00, 0x3F, 0xE0, 0x00, 0x07, 0xF8, 0x00, 0x07, 0xFE, 0x00, 0x07, 0xFF, 0x80, 0x0F, 0xFF, 0x00,
    0x0F, 0xFB, 0xC0, 0x7F, 0xF0, 0xFF, 0xBF, 0xF8, 0x1F, 0xEF, 0xF8, 0x03, 0xFF, 0xF8, 0x00, 0x7E,
    0xF0, 0x00, 0x07, 0x80, 0x01, 0x00, 0x00, 0x00, 0xE0, 0x00, 0x00, 0x3C, 0x00, 0x00, 0x0F, 0x00,
    0x00, 0x01, 0x80, 0x00, 0x00, 0x40, 0x00, 0x00, 0x38, 0x00, 0x00, 0x0F, 0x00, 0x00, 0x03, 0xC0,
    0x00, 0x00, 0x60, 0x00, 0x03, 0x80, 0x00, 0x3F, 0xF0, 0x00, 0x7F, 0xF8, 0x00, 0x7F, 0xFE, 0x00,
    0x3F, 0xFF, 0x00, 0x38, 0x3F, 0xC0, 0x00, 0x0F, 0xF0, 0x00, 0x1F, 0xF0, 0x00, 0xFF, 0xF0, 0x03,
    0xFF, 0xF0, 0x07, 0xFF, 0xC0, 0x0F, 0xE1, 0xE0, 0x1F, 0x81, 0xFE, 0x3E, 0x01, 0xFE, 0x3C, 0x00,
    0xFE, 0x3C, 0x00, 0x7E, 0x78, 0xC3, 0x1E, 0x79, 0xE7, 0x80, 0x79, 0xE7, 0x80, 0x78, 0xE7, 0x00,
    0x78, 0x42, 0x00, 0x78, 0x00, 0x00, 0x7C, 0x00, 0x00, 0x3E, 0x00, 0x10, 0x3F, 0xC0, 0xF8, 0x1F,
    0xFF, 0xF8, 0x0F, 0xFF, 0xF8, 0x07, 0xFF, 0xF8, 0x01, 0xFF, 0xE0, 0x00, 0x3E, 0x00, 0x00, 0xE0,
    0x00, 0x07, 0xFC, 0x00, 0x1F, 0xFF, 0x00, 0x0F, 0xFF, 0x80, 0x0F, 0xFF, 0xC0, 0x06, 0x0F, 0xE0,
    0x00, 0x03, 0xF8, 0x00, 0x01, 0xFE, 0x00, 0x00, 0xFF, 0x00, 0x07, 0xFF, 0x00, 0x3F, 0xFE, 0x01,
    0xFF, 0xFE, 0x3F, 0xFF, 0x00, 0x7F, 0xF8, 0x00, 0x7F, 0xE0, 0x00, 0x7F, 0x80, 0x00, 0x7C, 0x00,
    0x00, 0x00, 0x00, 0x00, 0x00, 0x00, 0x00, 0x00, 0x82, 0x00, 0x01, 0xC7, 0x00, 0x01, 0xEF, 0x00,
    0x01, 0xEF, 0x00, 0x00, 0xC6, 0x00, 0x00, 0xE0, 0x00, 0x00, 0xFF, 0x80, 0x00, 0x7F, 0xFC, 0x00,
    0x07, 0xFF, 0xC0, 0x00, 0xFF, 0xFE, 0x00, 0x0C, 0x1F, 0xF0, 0x00, 0x00, 0x7F, 0x80, 0x00, 0x07,
    0xF0, 0x00, 0x07, 0xFE, 0x00, 0x03, 0xFF, 0xC0, 0x01, 0xFF, 0xE0, 0x00, 0xFF, 0x3C, 0x03, 0xFF,
    0x87, 0xFC, 0xFF, 0xC0, 0x7F, 0x9F, 0xF0, 0x0F, 0xF3, 0xF8, 0x00, 0xFE, 0x78, 0x00, 0x07, 0xC0,
    0x00, 0x00, 0x00, 0x00, 0x63, 0x00, 0x00, 0x1E, 0xF0, 0x00, 0x03, 0xDE, 0x00, 0x00, 0x7B, 0xC0,
    0x00, 0x04, 0x10, 0x00, 0x03, 0x80, 0x00, 0x7F, 0xE0, 0x01, 0xFF, 0xE0, 0x03, 0xFF, 0xF0, 0x03,
    0xFF, 0xF0, 0x07, 0x07, 0xF8, 0x00, 0x01, 0xFC, 0x00, 0x0F, 0xF8, 0x00, 0xFF, 0xF0, 0x03, 0xFF,
    0xE0, 0x1F, 0xFF, 0x00, 0x7F, 0x0F, 0x01, 0xF8, 0x1F, 0xC7, 0xC0, 0x3F, 0xCF, 0x00, 0x3F, 0x9E,
    0x63, 0x3F, 0x79, 0xEF, 0x1C, 0xF3, 0xDE, 0x01, 0xE3, 0x18, 0x03, 0xC0, 0xC0, 0x07, 0x83, 0xC0,
    0x0F, 0x07, 0x80, 0x1F, 0x06, 0x00, 0x1F, 0x00, 0x00, 0x3F, 0xC0, 0xF0, 0x3F, 0xFF, 0xF0, 0x3F,
    0xFF, 0xE0, 0x3F, 0xFF, 0xC0, 0x1F, 0xFE, 0x00, 0x07, 0xC0, 0x00, 0x01, 0xC0, 0x00, 0x0F, 0xFC,
    0x00, 0x3F, 0xFE, 0x00, 0x1F, 0xFF, 0x00, 0x1F, 0xFF, 0x80, 0x0C, 0x1F, 0xE0, 0x00, 0x07, 0xF0,
    0x00, 0x01, 0xFC, 0x00, 0x00, 0xFE, 0x00, 0x0F, 0xFE, 0x00, 0x7F, 0xFE, 0x03, 0xFF, 0xFE, 0x7F,
    0xFF, 0x00, 0xFF, 0xF8, 0x00, 0xFF, 0xC0, 0x00, 0xFF, 0x00, 0x00, 0xF8, 0x00, 0x00, 0x00, 0x00,
    0x00, 0x00, 0x00, 0x00, 0x00, 0x00, 0x00, 0x01, 0x86, 0x00, 0x03, 0xCF, 0x00, 0x03, 0xCF, 0x00,
    0x01, 0x86, 0x00, 0x00, 0x30, 0x00, 0x00, 0x78, 0x00, 0x00, 0x78, 0x00, 0x00, 0x30, 0x00, 0x00,
    0xE0, 0x00, 0x00, 0xFF, 0xC0, 0x00, 0x7F, 0xFC, 0x00, 0x07, 0xFF, 0xE0, 0x00, 0xFF, 0xFE, 0x00,
    0x0C, 0x1F, 0xF0, 0x00, 0x00, 0x7F, 0xC0, 0x00, 0x03, 0xF8, 0x00, 0x03, 0xFF, 0x00, 0x01, 0xFF,
    0xE0, 0x01, 0xFF, 0xE0, 0x00, 0xFF, 0xBC, 0x03, 0xFF, 0xC3, 0xFC, 0xFF, 0xE0, 0x7F, 0xDF, 0xF0,
    0x07, 0xFB, 0xF8, 0x00, 0x7F, 0x78, 0x00, 0x03, 0xC0, 0x00, 0x00, 0x00, 0x00, 0x61, 0x80, 0x00,
    0x1E, 0x78, 0x00, 0x03, 0xCF, 0x00, 0x00, 0x30, 0xC0, 0x00, 0x00, 0x00, 0x00, 0x00, 0x18, 0x00,
    0x00, 0x07, 0x80, 0x00, 0x00, 0xF0, 0x00, 0x00, 0x0C, 0x00, 0x00, 0x0F, 0xE0, 0x00, 0xFF, 0xF0,
    0x01, 0xFF, 0xF0, 0x01, 0xFF, 0xF8, 0x03, 0xFF, 0xF8, 0x02, 0x03, 0xFE, 0x00, 0x03, 0xFC, 0x00,
    0x3F, 0xF8, 0x01, 0xFF, 0xF0, 0x0F, 0xFF, 0xE0, 0x3F, 0x8F, 0x80, 0xFC, 0x0F, 0xE1, 0xE0, 0x1F,
    0xE7, 0x80, 0x1F, 0xCF, 0x39, 0xDF, 0xBC, 0x7F, 0x8F, 0x78, 0xE7, 0x00, 0xF0, 0x00, 0x01, 0xE3,
    0x9C, 0x03, 0xC7, 0xF8, 0x07, 0x8E, 0x70, 0x0F, 0x80, 0x00, 0x0F, 0x80, 0x04, 0x1F, 0xE0, 0x7C,
    0x1F, 0xFF, 0xF8, 0x1F, 0xFF, 0xF0, 0x1F, 0xFF, 0xE0, 0x0F, 0xFF, 0x00, 0x03, 0xE0, 0x00, 0x00,
    0xE0, 0x00, 0x0F, 0xFC, 0x00, 0x1F, 0xFF, 0x00, 0x1F, 0xFF, 0x80, 0x0F, 0xFF, 0xC0, 0x0E, 0x0F,
    0xE0, 0x00, 0x03, 0xF8, 0x00, 0x01, 0xFE, 0x00, 0x00, 0xFF, 0x00, 0x07, 0xFF, 0x00, 0x3F, 0xFF,
    0x01, 0xFF, 0xFE, 0x3F, 0xFF, 0x00, 0x7F, 0xF8, 0x00, 0x7F, 0xE0, 0x00, 0x7F, 0x00, 0x00, 0x7C,
    0x00, 0x00, 0x00, 0x00, 0x00, 0x00, 0x00, 0x00, 0x00, 0xC6, 0x00, 0x01, 0xEF, 0x00, 0x01, 0xEF,
    0x00, 0x00, 0xC6, 0x00, 0x00, 0x00, 0x00, 0x00, 0xC6, 0x00, 0x01, 0xEF, 0x00, 0x01, 0xEF, 0x00,
    0x00, 0xC6, 0x00, 0x00, 0xE0, 0x00, 0x01, 0xFF, 0x80, 0x00, 0x7F, 0xFC, 0x00, 0x0F, 0xFF, 0xC0,
    0x00, 0xFF, 0xFE, 0x00, 0x1C, 0x1F, 0xF0, 0x00, 0x00, 0x7F, 0x80, 0x00, 0x07, 0xF8, 0x00, 0x07,
    0xFE, 0x00, 0x03, 0xFF, 0xC0, 0x01, 0xFF, 0xE0, 0x01, 0xFF, 0x3C, 0x07, 0xFF, 0x87, 0xFC, 0xFF,
    0xC0, 0x7F, 0xBF, 0xE0, 0x0F, 0xF7, 0xF0, 0x00, 0xFE, 0x78, 0x00, 0x07, 0xC0, 0x00, 0x00, 0x00,
    0x00, 0x63, 0x00, 0x00, 0x1E, 0xF0, 0x00, 0x03, 0xDE, 0x00, 0x00, 0x31, 0x80, 0x00, 0x06, 0x30,
    0x00, 0x01, 0xEF, 0x00, 0x00, 0x3D, 0xE0, 0x00, 0x03, 0x18, 0x00, 0x00, 0x40, 0x00, 0x78, 0x00,
    0x3E, 0x00, 0x0F, 0x80, 0x01, 0xF0, 0x00, 0x7C, 0x00, 0x0F, 0x00, 0x03, 0xE0, 0x00, 0x78, 0x00,
    0x1F, 0x00, 0x03, 0xC0, 0x00, 0xF0, 0x00, 0x3E, 0x00, 0x1F, 0xE7, 0xFF, 0xFD, 0xFF, 0xFF, 0x7F,
    0xF7, 0xDF, 0xF8, 0xF3, 0xF8, 0x00, 0x00, 0x00, 0x00, 0x00, 0x06, 0x30, 0x03, 0xDE, 0x00, 0xF7,
    0x80, 0x38, 0xE0, 0x04, 0x10, 0x00, 0x18, 0xC0, 0x0F, 0x78, 0x03, 0xDE, 0x00, 0xE3, 0x80, 0x10,
    0x40, 0x00, 0x00, 0x00, 0x00, 0x00, 0x03, 0x00, 0x03, 0xC0, 0x00, 0xF8, 0x00, 0x3E, 0x00, 0x07,
    0x80, 0x01, 0xF0, 0x00, 0x3C, 0x00, 0x0F, 0x80, 0x01, 0xE0, 0x00, 0x78, 0x00, 0x0F, 0x00, 0x03,
    0xC0, 0x01, 0xFE, 0x7F, 0xFF, 0x9F, 0xFF, 0xEF, 0xFE, 0xFB, 0xFF, 0x0E, 0x7F, 0x80, 0x00, 0x03,
    0x00, 0x01, 0xE0, 0x00, 0x78, 0x00, 0x0C, 0x00, 0x00, 0x00, 0x06, 0x18, 0x03, 0xCF, 0x00, 0xF3,
    0xC0, 0x18, 0x60, 0x00, 0x00, 0x00, 0x00, 0x00, 0x03, 0x00, 0x03, 0xE0, 0x00, 0xF8, 0x00, 0x3E,
    0x00, 0x07, 0xC0, 0x01, 0xF0, 0x00, 0x3E, 0x00, 0x07, 0x80, 0x01, 0xE0, 0x00, 0x3C, 0x00, 0x0F,
    0x00, 0x03, 0xE0, 0x01, 0xFE, 0x7F, 0xFF, 0xDF, 0xFF, 0xFF, 0xFF, 0x7F, 0xFF, 0x8F, 0x3F, 0x80,
    0x00, 0x0C, 0x00, 0x03, 0x70, 0x00, 0xFE, 0x00, 0x39, 0x80, 0x0C, 0x60, 0x03, 0x38, 0x01, 0xFE,
    0x00, 0x7F, 0x00, 0x00, 0x00, 0x00, 0x00, 0x00, 0x0C, 0x00, 0x0F, 0x80, 0x03, 0xE0, 0x00, 0x78,
    0x00, 0x1F, 0x00, 0x03, 0xC0, 0x00, 0xF8, 0x00, 0x1E, 0x00, 0x07, 0x80, 0x00, 0xF0, 0x00, 0x3C,
    0x00, 0x0F, 0x80, 0x07, 0xF9, 0xFF, 0xFF, 0x7F, 0xFF, 0xDF, 0xFD, 0xFF, 0xFE, 0x38, 0xFE, 0x00,
    0x01, 0x80, 0x01, 0xE0, 0x00, 0xF0, 0x00, 0x30, 0x00, 0x00, 0x00, 0x61, 0x80, 0x79, 0xE0, 0x3C,
    0xF0, 0x0C, 0x30, 0x00, 0x00, 0x00, 0x00, 0x00, 0x00, 0x00, 0x0E, 0x00, 0x0F, 0x80, 0x07, 0xC0,
    0x01, 0xE0, 0x00, 0xF8, 0x00, 0x3C, 0x00, 0x1F, 0x00, 0x0F, 0xE0, 0x07, 0xF0, 0x03, 0xF8, 0x01,
    0xFC, 0x00, 0xFE, 0x00, 0xF0, 0x00, 0xF8, 0x01, 0xF8, 0x07, 0xFC, 0x07, 0xFC, 0x03, 0xFC, 0x01,
    0xF8, 0x00, 0x70, 0x00, 0x00, 0x00, 0x00, 0x06, 0x00, 0x03, 0x00, 0x01, 0xB8, 0x00, 0xFE, 0x00,
    0x73, 0x00, 0x31, 0x80, 0x3F, 0xC0, 0x1F, 0xC0, 0x00, 0x00, 0x00, 0x00, 0x00, 0x00, 0x00, 0x0C,
    0x00, 0x1F, 0x00, 0x0F, 0x80, 0x03, 0xC0, 0x01, 0xF0, 0x00, 0x78, 0x00, 0x3E, 0x00, 0x1F, 0xC0,
    0x0F, 0xE0, 0x07, 0xF0, 0x03, 0xF8, 0x01, 0xDC, 0x01, 0xE0, 0x01, 0xF0, 0x03, 0xF0, 0x07, 0xF8,
    0x0F, 0xF8, 0x07, 0xF8, 0x01, 0xF0, 0x00, 0xF0, 0x00, 0x00, 0x00, 0x00, 0x00, 0x00, 0x00, 0x00,
    0x00, 0x00, 0x0C, 0x00, 0x00, 0x00, 0x1E, 0x00, 0x00, 0x00, 0x3F, 0x00, 0x00, 0x00, 0x7F, 0x80,
    0x00, 0x00, 0x7F, 0x80, 0x00, 0x00, 0xFF, 0x00, 0x00, 0x01, 0xFE, 0x00, 0x00, 0x01, 0xFC, 0x00,
    0x00, 0x00, 0xF8, 0x00, 0x00, 0x00, 0x78, 0x00, 0x00, 0x00, 0x3C, 0x00, 0x00, 0x00, 0x1F, 0x00,
    0x00, 0x00, 0x07, 0xC0, 0x01, 0x80, 0x01, 0xF0, 0x00, 0xE0, 0x00, 0x7C, 0x00, 0xF0, 0x00, 0x3E,
    0x00, 0x78, 0x00, 0x0F, 0x80, 0x3C, 0x00, 0x07, 0xE0, 0x1E, 0x00, 0x03, 0xF8, 0x0F, 0x00, 0x01,
    0xFE, 0x07, 0xC0, 0x01, 0xEF, 0xFB, 0xFF, 0xFF, 0xF3, 0xFC, 0xFF, 0xFF, 0xF8, 0xFE, 0x7F, 0xFF,
    0xF8, 0x3F, 0x1F, 0xFF, 0xF8, 0x07, 0x83, 0xFF, 0xE0, 0x00, 0x00, 0x00, 0x00, 0x00, 0x0C, 0x00,
    0x78, 0x03, 0xF0, 0x0F, 0xE0, 0x7F, 0x83, 0xFC, 0x1F, 0xE0, 0x3F, 0x00, 0xFC, 0x01, 0xF8, 0x03,
    0xFC, 0x03, 0xFC, 0x01, 0xFE, 0x00, 0xFE, 0x00, 0x7C, 0x00, 0x7C, 0x00, 0x78, 0x00, 0xF0, 0x01,
    0xE0, 0x0F, 0xC7, 0xFF, 0x1F, 0xFC, 0x7F, 0xF8, 0xFF, 0xC0, 0xFC, 0x00, 0x00, 0x00, 0x00, 0x00,
    0x38, 0x00, 0x0F, 0x80, 0x01, 0xF8, 0x00, 0x7F, 0x00, 0x1F, 0xE0, 0x07, 0xF8, 0x00, 0xFE, 0x00,
    0x1F, 0x80, 0x01, 0xF0, 0x00, 0x3C, 0x00, 0x03, 0xE0, 0x00, 0x1F, 0x00, 0x00, 0xF8, 0x00, 0x0F,
    0x80, 0x00, 0x7C, 0x00, 0x03, 0xE0, 0x00, 0x3F, 0x00, 0x01, 0xF8, 0x00, 0x1F, 0xC0, 0x03, 0xFE,
    0x03, 0xFF, 0xFE, 0x7F, 0x9F, 0xF7, 0xF8, 0xFF, 0x7F, 0x07, 0xF7, 0xC0, 0x1E, 0x00, 0x00, 0x00,
    0x08, 0x00, 0x00, 0x00, 0x1C, 0x00, 0x00, 0x00, 0x3E, 0x00, 0x00, 0x00, 0x3E, 0x00, 0x00, 0x00,
    0x7C, 0x00, 0x00, 0x00, 0xFC, 0xC0, 0x00, 0x01, 0xF9, 0xE0, 0x00, 0x01, 0xF3, 0xF0, 0x00, 0x00,
    0xE7, 0xF8, 0x00, 0x00, 0x47, 0xF8, 0x00, 0x00, 0x0F, 0xF0, 0x00, 0x00, 0x1F, 0xE0, 0x00, 0x00,
    0x1F, 0xC0, 0x00, 0x00, 0x0F, 0x80, 0x00, 0x00, 0x07, 0x80, 0x00, 0x00, 0x03, 0xC0, 0x00, 0x00,
    0x01, 0xF0, 0x00, 0x00, 0x00, 0x7C, 0x00, 0x18, 0x00, 0x1F, 0x00, 0x0E, 0x00, 0x07, 0xC0, 0x0F,
    0x00, 0x03, 0xE0, 0x07, 0x80, 0x00, 0xF8, 0x03, 0xC0, 0x00, 0x7E, 0x01, 0xE0, 0x00, 0x3F, 0x80,
    0xF0, 0x00, 0x1F, 0xE0, 0x7C, 0x00, 0x1E, 0xFF, 0xBF, 0xFF, 0xFF, 0x3F, 0xCF, 0xFF, 0xFF, 0x8F,
    0xE7, 0xFF, 0xFF, 0x83, 0xF1, 0xFF, 0xFF, 0x80, 0x78, 0x3F, 0xFE, 0x00, 0x00, 0x00, 0x02, 0x00,
    0x1C, 0x00, 0x78, 0x03, 0xE0, 0x1F, 0x80, 0xFC, 0xC3, 0xE7, 0x8F, 0x3F, 0x38, 0xFE, 0x67, 0xF8,
    0x3F, 0xC1, 0xFE, 0x03, 0xF0, 0x0F, 0xC0, 0x1F, 0x80, 0x3F, 0xC0, 0x3F, 0xC0, 0x1F, 0xE0, 0x0F,
    0xE0, 0x07, 0xC0, 0x07, 0xC0, 0x07, 0x80, 0x0F, 0x00, 0x1E, 0x00, 0xFC, 0x7F, 0xF1, 0xFF, 0xC7,
    0xFF, 0x8F, 0xFC, 0x0F, 0xC0, 0x00, 0x00, 0x01, 0x80, 0x00, 0x38, 0x00, 0x0F, 0x80, 0x03, 0xF0,
    0x00, 0xFC, 0x00, 0x1F, 0x38, 0x07, 0xCF, 0x80, 0xF1, 0xF8, 0x1E, 0x7F, 0x01, 0x9F, 0xE0, 0x07,
    0xF8, 0x00, 0xFE, 0x00, 0x1F, 0x80, 0x01, 0xF0, 0x00, 0x3C, 0x00, 0x03, 0xE0, 0x00, 0x1F, 0x00,
    0x00, 0xF8, 0x00, 0x0F, 0x80, 0x00, 0x7C, 0x00, 0x03, 0xE0, 0x00, 0x3F, 0x00, 0x01, 0xF8, 0x00,
    0x1F, 0xC0, 0x03, 0xFE, 0x03, 0xFF, 0xFE, 0x7F, 0x9F, 0xF7, 0xF8, 0xFF, 0x7F, 0x07, 0xF7, 0xC0,
    0x1F, 0x00, 0x00, 0x00, 0x08, 0x00, 0x00, 0x00, 0x1C, 0x00, 0x00, 0x00, 0x3E, 0x00, 0x00, 0x00,
    0x3E, 0x00, 0x00, 0x00, 0x7C, 0x00, 0x00, 0x00, 0xFC, 0xC0, 0x00, 0x01, 0xF9, 0xE0, 0x00, 0x01,
    0xF3, 0xF0, 0x00, 0x00, 0xE7, 0xF8, 0x00, 0x00, 0x47, 0xF8, 0x00, 0x00, 0x0F, 0xF0, 0x00, 0x00,
    0x1F, 0xE0, 0x00, 0x00, 0x1F, 0xC0, 0x00, 0x00, 0x0F, 0x80, 0x00, 0x00, 0x07, 0x80, 0x00, 0x00,
    0x03, 0xC0, 0x00, 0x00, 0x01, 0xF0, 0x00, 0x00, 0x00, 0x7C, 0x00, 0x18, 0x00, 0x1F, 0x00, 0x0E,
    0x00, 0x0F, 0xC0, 0x0F, 0x00, 0x03, 0xE0, 0x07, 0x80, 0x00, 0xF8, 0x03, 0xC0, 0x00, 0x7E, 0x01,
    0xE0, 0x00, 0x3F, 0x80, 0xF0, 0x00, 0x1F, 0xE0, 0x7C, 0x00, 0x1E, 0xFF, 0xBF, 0xFF, 0xFF, 0x3F,
    0xCF, 0xFF, 0xFF, 0x8F, 0xE7, 0xFF, 0xFF, 0x83, 0xF1, 0xFF, 0xFF, 0x80, 0x78, 0x3F, 0xFE, 0x00,
    0x00, 0x00, 0x00, 0x00, 0x00, 0x00, 0x00, 0x00, 0x00, 0x00, 0x18, 0x00, 0x00, 0x00, 0x1E, 0x00,
    0x00, 0x00, 0x0F, 0x00, 0x00, 0x00, 0x03, 0x80, 0x00, 0x00, 0x00, 0x80, 0x00, 0x00, 0x00, 0xC0,
    0x00, 0x00, 0x00, 0xF0, 0x00, 0x00, 0x00, 0x78, 0x00, 0x00, 0x00, 0x3C, 0x00, 0x00, 0x00, 0x04,
    0x00, 0x00, 0x00, 0x00, 0x02, 0x00, 0x1C, 0x00, 0xF8, 0x03, 0xE0, 0x1F, 0x00, 0xFC, 0xC3, 0xE7,
    0x9F, 0x3F, 0x39, 0xFE, 0x67, 0xF8, 0x3F, 0xC1, 0xFE, 0x07, 0xF0, 0x0F, 0x80, 0x1F, 0x80, 0x3F,
    0xC0, 0x3F, 0xC0, 0x1F, 0xE0, 0x0F, 0xC0, 0x07, 0xC0, 0x07, 0xC0, 0x07, 0x80, 0x0F, 0x00, 0x1E,
    0x00, 0xFC, 0xFF, 0xF1, 0xFF, 0xC7, 0xFF, 0x0F, 0xFC, 0x0F, 0xC0, 0x00, 0x00, 0x00, 0x00, 0x0C,
    0x00, 0x3C, 0x00, 0x78, 0x00, 0xE0, 0x00, 0x80, 0x01, 0x00, 0x07, 0x00, 0x0F, 0x00, 0x1E, 0x00,
    0x18, 0x00, 0x00, 0x01, 0x80, 0x00, 0x38, 0x00, 0x0F, 0x80, 0x03, 0xF0, 0x00, 0x7C, 0x00, 0x1F,
    0x38, 0x07, 0xC7, 0x80, 0xF9, 0xF8, 0x0E, 0x7F, 0x00, 0x9F, 0xE0, 0x03, 0xF8, 0x00, 0xFF, 0x00,
    0x1F, 0xC0, 0x01, 0xF0, 0x00, 0x1E, 0x00, 0x01, 0xE0, 0x00, 0x1F, 0x00, 0x00, 0xF8, 0x00, 0x07,
    0xC0, 0x00, 0x3E, 0x00, 0x03, 0xE0, 0x00, 0x1F, 0x00, 0x01, 0xF8, 0x00, 0x1F, 0xC0, 0x01, 0xFE,
    0x03, 0xFD, 0xFE, 0x7F, 0xDF, 0xF7, 0xF8, 0xFF, 0x7F, 0x07, 0xF7, 0xC0, 0x1F, 0x00, 0x00, 0x00,
    0x00, 0x00, 0x00, 0x30, 0x00, 0x07, 0x80, 0x00, 0x78, 0x00, 0x07, 0x00, 0x00, 0x20, 0x00, 0x02,
    0x00, 0x00, 0x70, 0x00, 0x07, 0x80, 0x00, 0x78, 0x00, 0x03, 0x00, 0x00, 0x0C, 0x60, 0x00, 0x00,
    0x0F, 0x78, 0x0C, 0x00, 0x07, 0xBC, 0x1E, 0x00, 0x01, 0xCE, 0x1F, 0x00, 0x00, 0x42, 0x3F, 0x00,
    0x00, 0x00, 0x7E, 0x40, 0x00, 0x00, 0x7C, 0x60, 0x00, 0x00, 0xF8, 0xF0, 0x00, 0x00, 0xF9, 0xF8,
    0x00, 0x00, 0x73, 0xFC, 0x00, 0x00, 0x27, 0xF8, 0x00, 0x00, 0x0F, 0xF0, 0x00, 0x00, 0x0F, 0xE0,
    0x00, 0x00, 0x0F, 0xC0, 0x00, 0x00, 0x07, 0x80, 0x00, 0x00, 0x03, 0xC0, 0x00, 0x00, 0x01, 0xF0,
    0x00, 0x00, 0x00, 0x7C, 0x00, 0x10, 0x00, 0x1F, 0x00, 0x0E, 0x00, 0x0F, 0x80, 0x0F, 0x00, 0x03,
    0xE0, 0x07, 0x80, 0x00, 0xF8, 0x03, 0xC0, 0x00, 0x7E, 0x01, 0xE0, 0x00, 0x3F, 0x80, 0xF0, 0x00,
    0x1F, 0xE0, 0x7C, 0x00, 0x1E, 0xFF, 0xBF, 0xFF, 0xFF, 0x3F, 0xCF, 0xFF, 0xFF, 0x1F, 0xE7, 0xFF,
    0xFF, 0x83, 0xF1, 0xFF, 0xFF, 0x00, 0x78, 0x3F, 0xFE, 0x00, 0x00, 0x41, 0x00, 0x38, 0xE0, 0x1F,
    0x78, 0x1F, 0xDE, 0x0F, 0x63, 0x0F, 0xC0, 0x0F, 0xC0, 0x0F, 0xCC, 0x07, 0xC7, 0x07, 0xE7, 0xC1,
    0xE7, 0xF0, 0x67, 0xF8, 0x07, 0xF8, 0x07, 0xF8, 0x03, 0xFC, 0x00, 0xFC, 0x00, 0x3E, 0x00, 0x1F,
    0xE0, 0x03, 0xFE, 0x00, 0x3F, 0xC0, 0x03, 0xF8, 0x00, 0x3E, 0x00, 0x07, 0xC0, 0x00, 0xF0, 0x00,
    0x3C, 0x00, 0x0F, 0x00, 0x07, 0xC0, 0xFF, 0xE0, 0x7F, 0xF8, 0x1F, 0xFC, 0x07, 0xFC, 0x01, 0xFC,
    0x00, 0x41, 0x00, 0x03, 0x9E, 0x01, 0x0F, 0x78, 0x1C, 0x3D, 0xE0, 0xF0, 0x63, 0x0F, 0xC0, 0x00,
    0xFC, 0x00, 0x0F, 0xCC, 0x00, 0x7C, 0x70, 0x07, 0xE7, 0xC0, 0x1E, 0x7F, 0x00, 0x67, 0xF8, 0x00,
    0x7F, 0x80, 0x03, 0xF8, 0x00, 0x3F, 0x80, 0x00, 0xFC, 0x00, 0x03, 0xC0, 0x00, 0x0F, 0x00, 0x00,
    0x3E, 0x00, 0x00, 0x7C, 0x00, 0x00, 0xF8, 0x00, 0x01, 0xF0, 0x00, 0x07, 0xC0, 0x00, 0x0F, 0x80,
    0x00, 0x3F, 0x00, 0x00, 0xFE, 0x00, 0x03, 0xFE, 0x01, 0xFE, 0xFF, 0x87, 0xF9, 0xFE, 0x3F, 0xC3,
    0xFC, 0xFE, 0x07, 0xE1, 0xE0, 0x07, 0x80, 0x00, 0x00, 0x00, 0x00, 0x00, 0xE0, 0x00, 0x03, 0xE0,
    0x00, 0x03, 0xE0, 0x00, 0x01, 0xF0, 0x20, 0x01, 0xF0, 0x78, 0x00, 0xF8, 0x70, 0x00, 0xFE, 0xF0,
    0x00, 0xFF, 0xF0, 0x00, 0xFF, 0xF0, 0x00, 0xFF, 0xF0, 0x00, 0xF6, 0xF0, 0x00, 0xF0, 0xF0, 0x01,
    0xF0, 0xF8, 0x01, 0xF0, 0xFE, 0x07, 0xE0, 0x7F, 0xFF, 0xE0, 0x7F, 0xFF, 0xC0, 0x3F, 0xFF, 0x80,
    0x0F, 0xFF, 0x00, 0x01, 0xF0, 0x00, 0x03, 0x00, 0x00, 0x03, 0x00, 0x00, 0x03, 0x78, 0x00, 0x03,
    0xFC, 0x00, 0x03, 0x8C, 0x00, 0x03, 0x1C, 0x00, 0x07, 0xFC, 0x00, 0x07, 0xF8, 0x00, 0x00, 0x00,
    0x60, 0x00, 0x01, 0xE0, 0x00, 0x01, 0xE0, 0x00, 0x01, 0xF0, 0x20, 0x01, 0xF0, 0x70, 0x00, 0xF8,
    0x70, 0x00, 0xFE, 0xF0, 0x00, 0xFF, 0xF0, 0x00, 0xFF, 0xF0, 0x00, 0xFF, 0xF0, 0x00, 0xF6, 0xF0,
    0x00, 0xF0, 0xF0, 0x01, 0xF0, 0xF8, 0x01, 0xF0, 0xFE, 0x07, 0xE0, 0x7F, 0xFF, 0xE0, 0x7F, 0xFF,
    0xC0, 0x3F, 0xFF, 0x80, 0x0F, 0xFF, 0x00, 0x01, 0xF0, 0x00, 0x30, 0x0C, 0x03, 0x70, 0xFE, 0x39,
    0x8C, 0x67, 0xF9, 0xFC, 0x00, 0x00, 0x00, 0x30, 0x3E, 0x0F, 0x81, 0xE0, 0x78, 0x0F, 0x03, 0xC0,
    0xF0, 0x3D, 0xFF, 0x7F, 0xFF, 0xEF, 0xF3, 0xF8, 0x0C, 0x00, 0x37, 0x00, 0xFE, 0x03, 0x98, 0x0C,
    0x60, 0x7F, 0x81, 0xFC, 0x00, 0x00, 0x00, 0x00, 0x00, 0x00, 0x78, 0x01, 0xE0, 0x07, 0x80, 0x1E,
    0x00, 0x78, 0x01, 0xF0, 0x3F, 0xF9, 0xFF, 0xE7, 0xFF, 0x9F, 0x3E, 0x78, 0x78, 0x00, 0x00, 0x00,
    0x0F, 0x80, 0x07, 0xE0, 0x01, 0xC0, 0x00, 0x70, 0x00, 0x1F, 0x80, 0x0F, 0xF0, 0x03, 0xF0, 0x00,
    0x00, 0x00, 0x00, 0x00, 0x03, 0xC0, 0x00, 0xF0, 0x00, 0x3C, 0x00, 0xFF, 0x00, 0xFF, 0xC0, 0x7F,
    0xF0, 0x3F, 0xFC, 0x1F, 0x0F, 0x0F, 0x83, 0xC3, 0xC0, 0xF0, 0xF0, 0x3C, 0x3E, 0x3F, 0x0F, 0xFF,
    0xFB, 0xFF, 0xFE, 0x7F, 0xFF, 0x8F, 0xE3, 0xE0, 0xE0, 0x78, 0x01, 0xF0, 0x00, 0x3F, 0xC0, 0x03,
    0xFF, 0x00, 0x1F, 0xFC, 0x01, 0xFF, 0xF0, 0x0F, 0x0F, 0xC0, 0xF8, 0x7F, 0xC7, 0x81, 0xFF, 0x3C,
    0x07, 0xFB, 0xE0, 0x1F, 0xDE, 0x00, 0x3C, 0xF0, 0x00, 0x03, 0x80, 0x00, 0x00, 0x03, 0x83, 0xE0,
    0x78, 0x1E, 0x07, 0xC0, 0xF0, 0x3C, 0x0F, 0x03, 0xDF, 0xF7, 0xFB, 0xFE, 0xFF, 0x3F, 0x00, 0x00,
    0x18, 0x0E, 0x03, 0x81, 0xE0, 0x7C, 0x1F, 0x07, 0xC0, 0xE0, 0x00, 0x00, 0x00, 0x03, 0x80, 0x00,
    0x0F, 0x00, 0x00, 0x3C, 0x00, 0x01, 0xF0, 0x00, 0x07, 0xC0, 0x00, 0x3E, 0x00, 0x01, 0xF8, 0x00,
    0x7F, 0xE0, 0x19, 0xFF, 0x87, 0xFF, 0xFE, 0x3F, 0xFF, 0xF9, 0xFF, 0x79, 0xE7, 0xFC, 0x07, 0xBF,
    0x00, 0x1E, 0xF0, 0x00, 0x3F, 0xC0, 0x00, 0xFE, 0x00, 0x03, 0xF8, 0x00, 0x07, 0xE0, 0x00, 0x1F,
    0x80, 0x00, 0x3E, 0x00, 0x00, 0x7C, 0x00, 0x01, 0xE0, 0x00, 0x02, 0x00, 0x00, 0x06, 0x00, 0x01,
    0xFC, 0x00, 0x1F, 0xF0, 0x01, 0xFF, 0xC0, 0x1F, 0xFE, 0x00, 0xF9, 0xF0, 0x0F, 0x07, 0x80, 0x78,
    0x3C, 0x03, 0x81, 0xC0, 0x3C, 0x1E, 0x01, 0xE1, 0xE0, 0x7F, 0xFF, 0xE7, 0xFF, 0xFF, 0xBF, 0xFF,
    0xFF, 0xFF, 0xFF, 0xE7, 0xFF, 0xFE, 0x07, 0x07, 0x80, 0x3C, 0x1E, 0x01, 0xE0, 0x78, 0x07, 0x83,
    0xC0, 0x3E, 0x3E, 0x00, 0xFF, 0xF0, 0x03, 0xFF, 0x80, 0x0F, 0xF8, 0x00, 0x3F, 0x80, 0x00, 0x70,
    0x00, 0x00, 0x00, 0x00, 0x38, 0x00, 0x01, 0xF0, 0x00, 0x1F, 0xC0, 0x00, 0xFF, 0x80, 0x03, 0xFF,
    0x00, 0x3F, 0xFC, 0x01, 0xFF, 0xF0, 0x1E, 0x3F, 0xE0, 0xE0, 0xFF, 0x07, 0x07, 0xFC, 0x38, 0x39,
    0xF1, 0xE3, 0xC7, 0x87, 0xBC, 0x3D, 0xFF, 0xE1, 0xEF, 0xFF, 0xFF, 0xFF, 0xFF, 0xF7, 0xFF, 0xFF,
    0x9F, 0x9F, 0xF8, 0x00, 0x3F, 0x00, 0x00, 0x18, 0x00, 0x1F, 0xC0, 0x07, 0xFC, 0x01, 0xFF, 0x80,
    0x7F, 0xF8, 0x0F, 0x9F, 0x03, 0xC1, 0xE0, 0x78, 0x3C, 0x0E, 0x07, 0x03, 0xC1, 0xE0, 0x78, 0x78,
    0x3F, 0xFF, 0xE7, 0xFF, 0xFD, 0xFF, 0xFF, 0xBF, 0xFF, 0xF3, 0xFF, 0xFE, 0x1C, 0x1E, 0x03, 0xC1,
    0xE0, 0x78, 0x1C, 0x07, 0x83, 0xC0, 0xF8, 0xF8, 0x0F, 0xFF, 0x00, 0xFF, 0xC0, 0x0F, 0xF8, 0x00,
    0xFE, 0x00, 0x07, 0x00, 0x00, 0x3F, 0xFF, 0xC0, 0x7F, 0xFF, 0xF8, 0x3F, 0xFF, 0xFF, 0x8F, 0xFF,
    0xFF, 0xE3, 0xFF, 0xFF, 0xFC, 0xFE, 0x00, 0x00, 0x1E, 0x00, 0x00, 0x07, 0x80, 0x00, 0x00, 0xF0,
    0x00, 0x00, 0x1E, 0x00, 0x00, 0x03, 0xFF, 0xFF, 0xFE, 0x7F, 0xFF, 0xFF, 0xC7, 0xFF, 0xFF, 0xF8,
    0x7F, 0xFF, 0xFF, 0x07, 0xFF, 0xFF, 0xC0, 0x03, 0xE0, 0x00, 0x00, 0xFC, 0x00, 0x00, 0x1C, 0x80,
    0x00, 0x03, 0x80, 0x00, 0x00, 0x3F, 0x00, 0x00, 0x1F, 0xE0, 0x00, 0x03, 0xFC, 0x00, 0x00, 0x70,
    0x00, 0x00, 0x00, 0x00, 0x00, 0x00, 0x00, 0x00, 0x00, 0x00, 0xFF, 0xFF, 0x01, 0xFF, 0xFF, 0xF0,
    0xFF, 0xFF, 0xFE, 0x3F, 0xFF, 0xFF, 0xCF, 0xFF, 0xFF, 0xF3, 0xF8, 0x00, 0x00, 0x78, 0x00, 0x00,
    0x1E, 0x00, 0x00, 0x03, 0xC0, 0x00, 0x00, 0x78, 0x00, 0x00, 0x0F, 0xFF, 0xFF, 0xF9, 0xFF, 0xFF,
    0xFF, 0x1F, 0xFF, 0xFF, 0xE1, 0xFF, 0xFF, 0xFC, 0x1F, 0xFF, 0xFF, 0x80, 0x4F, 0xFF, 0x60, 0x4F,
    0xFF, 0x60, 0x41, 0x73, 0xFD, 0xFE, 0xF6, 0x30, 0x41, 0x73, 0xFD, 0xFE, 0xF6, 0x30, 0x0C, 0x07,
    0x81, 0xE0, 0x30, 0x61, 0xBC, 0xFF, 0x3D, 0x86, 0x0C, 0x07, 0x81, 0xE0, 0x30, 0x61, 0xBC, 0xFF,
    0x3D, 0x86, 0x61, 0xBC, 0xFF, 0x3D, 0x86, 0x0C, 0x07, 0x81, 0xE0, 0x30, 0x61, 0xBC, 0xFF, 0x3D,
    0x86, 0x0C, 0x07, 0x81, 0xE0, 0x30, 0x63, 0x7B, 0xFD, 0xEC, 0x60, 0x03, 0x1B, 0xDF, 0xEF, 0x63,
    0x00, 0x63, 0x7B, 0xFD, 0xEC, 0x60, 0x03, 0x1B, 0xDF, 0xEF, 0x63, 0x00, 0x4E, 0xFF, 0x64, 0xEF,
    0xF6, 0x4E, 0xFF, 0x64, 0xEF, 0xF6, 0x7B, 0xFC, 0xF3, 0xFD, 0xE0, 0x30, 0x1B, 0x8F, 0xE7, 0x33,
    0x1B, 0xFD, 0xFC, 0x00, 0x00, 0x06, 0x00, 0x00, 0x00, 0x78, 0x00, 0x00, 0x03, 0xC0, 0x00, 0x00,
    0x0C, 0x00, 0x00, 0x00, 0x00, 0x00, 0x00, 0x18, 0x60, 0x00, 0x01, 0xE7, 0x80, 0x00, 0x0F, 0x3C,
    0x00, 0x00, 0x30, 0xC0, 0x00, 0x00, 0x00, 0x00, 0x00, 0x00, 0x00, 0x00, 0x00, 0x1E, 0x00, 0x00,
    0x00, 0xF0, 0x00, 0x00, 0x07, 0x80, 0x00, 0x00, 0x3C, 0x00, 0x00, 0x01, 0xE0, 0x00, 0x00, 0x0F,
    0x00, 0x00, 0x00, 0x78, 0x00, 0x00, 0x83, 0xC0, 0x00, 0x1C, 0x1E, 0x00, 0x01, 0xE0, 0xF0, 0x00,
    0x1E, 0x07, 0x80, 0x01, 0xE0, 0x3C, 0x00, 0x0F, 0xC1, 0xE0, 0x00, 0x0E, 0x0F, 0x03, 0x00, 0x70,
    0x78, 0x1C, 0x3F, 0x83, 0xC1, 0xE0, 0xF0, 0x1E, 0x0F, 0x00, 0x00, 0xF0, 0x78, 0x00, 0x07, 0x83,
    0xC0, 0x00, 0x7E, 0x1F, 0x00, 0x0F, 0xFE, 0xFF, 0xFF, 0xFF, 0xF7, 0xFF, 0xFF, 0xFF, 0x9F, 0xFF,
    0xFE, 0xFC, 0x7F, 0xFF, 0xC1, 0xE0, 0xFF, 0xF8, 0x00, 0x00, 0x0C, 0x00, 0x0F, 0x00, 0x07, 0x80,
    0x01, 0x80, 0x06, 0x18, 0x07, 0x9E, 0x03, 0xCF, 0x02, 0xC3, 0x07, 0x00, 0x0F, 0x80, 0x1F, 0xC0,
    0x1F, 0xE0, 0x3F, 0xC0, 0x7F, 0x80, 0x7F, 0x00, 0x7F, 0x00, 0x3E, 0x00, 0x1F, 0x80, 0x0F, 0xF0,
    0x03, 0xFC, 0x00, 0x7F, 0x00, 0x0F, 0xC0, 0x03, 0xF0, 0x00, 0xF8, 0x00, 0x3C, 0x00, 0x1E, 0x00,
    0x0F, 0x00, 0x0F, 0x83, 0xFF, 0x83, 0xFF, 0xC1, 0xFF, 0xC0, 0xFF, 0x80, 0x7F, 0x00, 0x0C, 0x00,
    0x00, 0xF0, 0x00, 0x07, 0x80, 0x00, 0x18, 0x00, 0x06, 0x18, 0x00, 0x79, 0xE0, 0x03, 0xCF, 0x02,
    0x0C, 0x30, 0x70, 0x00, 0x0F, 0x80, 0x00, 0xFC, 0x00, 0x1F, 0xE0, 0x03, 0xFC, 0x00, 0x7F, 0x80,
    0x07, 0xF0, 0x00, 0x7E, 0x00, 0x03, 0xE0, 0x00, 0x1E, 0x00, 0x00, 0xF8, 0x00, 0x07, 0xC0, 0x00,
    0x1F, 0x00, 0x00, 0x7C, 0x00, 0x01, 0xF0, 0x00, 0x0F, 0xC0, 0x00, 0x3E, 0x00, 0x01, 0xF8, 0x00,
    0x0F, 0xE0, 0x00, 0x7F, 0xC0, 0x7F, 0xBF, 0xE7, 0xFC, 0xFF, 0x3F, 0xC3, 0xF9, 0xFC, 0x0F, 0xCF,
    0x80, 0x1E, 0x03, 0xC0, 0x01, 0xF8, 0x00, 0x6E, 0x00, 0x19, 0x80, 0x07, 0xE0, 0x00, 0xF0, 0x00,
    0x78, 0x00, 0x1C, 0x00, 0x00, 0x00, 0x00, 0x40, 0x00, 0xFE, 0x00, 0x7F, 0xC0, 0x3F, 0xF8, 0x0F,
    0xFE, 0x07, 0xC7, 0x81, 0xE0, 0xF0, 0x78, 0x1C, 0x1E, 0x07, 0x07, 0xFF, 0xF8, 0xFF, 0xFE, 0x3F,
    0xFF, 0xC7, 0xFF, 0xE0, 0x7F, 0xF8, 0x00, 0xF0, 0x00, 0x78, 0x00, 0x3E, 0x00, 0x7F, 0x00, 0xFF,
    0xC0, 0xFF, 0xE0, 0x3F, 0xE0, 0x07, 0xE0, 0x01, 0xE0, 0x00, 0x00, 0x00, 0x00, 0x00, 0x40, 0x03,
    0x98, 0x00, 0x7E, 0x00, 0x1F, 0x00, 0x03, 0xC0, 0x00, 0xE0, 0x00, 0x00, 0x00, 0x04, 0x00, 0x0F,
    0xE0, 0x07, 0xFC, 0x03, 0xFF, 0x80, 0xFF, 0xE0, 0x7C, 0x78, 0x1E, 0x0F, 0x07, 0x81, 0xC1, 0xE0,
    0x70, 0x7F, 0xFF, 0x8F, 0xFF, 0xE3, 0xFF, 0xFC, 0x7F, 0xFE, 0x07, 0xFF, 0x80, 0x0F, 0x00, 0x07,
    0x80, 0x07, 0xE0, 0x07, 0xF0, 0x0F, 0xFC, 0x0F, 0xFE, 0x03, 0xFE, 0x00, 0x7E, 0x00, 0x1E, 0x00,
    0x00, 0x00, 0x00, 0x00, 0x00, 0x00, 0xC0, 0x00, 0x30, 0x00, 0x0C, 0x00, 0x03, 0x00, 0x00, 0xC0,
    0x00, 0x30, 0x00, 0x00, 0x00, 0x01, 0x00, 0x03, 0xF8, 0x01, 0xFF, 0x00, 0xFF, 0xE0, 0x3F, 0xF8,
    0x1F, 0x1E, 0x07, 0x83, 0xC1, 0xE0, 0xF0, 0x78, 0x3C, 0x1F, 0xFF, 0xE7, 0xFF, 0xF8, 0xFF, 0xFF,
    0x1F, 0xFF, 0x81, 0xFF, 0xE0, 0x07, 0xC0, 0x01, 0xE0, 0x01, 0xF8, 0x01, 0xFC, 0x03, 0xFF, 0x03,
    0xFF, 0x00, 0xFF, 0x80, 0x1F, 0x80, 0x07, 0x80, 0x00, 0x00, 0x00, 0x03, 0x00, 0x01, 0xE0, 0x00,
    0x78, 0x00, 0x0C, 0x00, 0x0C, 0x60, 0x07, 0xBC, 0x01, 0xEF, 0x00, 0x31, 0x80, 0x00, 0x00, 0x00,
    0x00, 0x00, 0x10, 0x00, 0x3F, 0x80, 0x1F, 0xF0, 0x0F, 0xFE, 0x03, 0xFF, 0x81, 0xF1, 0xE0, 0x78,
    0x3C, 0x1E, 0x0F, 0x07, 0x83, 0xC1, 0xFF, 0xFE, 0x7F, 0xFF, 0x8F, 0xFF, 0xF1, 0xFF, 0xF8, 0x1F,
    0xFE, 0x00, 0x3C, 0x00, 0x1E, 0x00, 0x1F, 0x80, 0x1F, 0xC0, 0x3F, 0xF0, 0x3F, 0xF0, 0x0F, 0xF8,
    0x01, 0xF8, 0x00, 0x78, 0x00, 0x00, 0x00, 0x00, 0x00, 0x80, 0x00, 0xFE, 0x00, 0x3F, 0xE0, 0x0F,
    0xFE, 0x01, 0xFF, 0xC0, 0x7C, 0x78, 0x0F, 0x07, 0x81, 0xE0, 0x70, 0x3C, 0x0E, 0x07, 0xFF, 0xF8,
    0x7F, 0xFF, 0x0F, 0xFF, 0xF0, 0xFF, 0xFC, 0x07, 0xFF, 0x80, 0x07, 0x83, 0xFF, 0xE0, 0x3F, 0xFC,
    0x00, 0xFF, 0x00, 0xFF, 0xC0, 0x3F, 0xF0, 0x03, 0xFC, 0x00, 0x7E, 0x00, 0x0E, 0x00, 0x00, 0x01,
    0x80, 0x00, 0xE0, 0x00, 0x3C, 0x00, 0x1F, 0x00, 0x0E, 0xE0, 0x01, 0x98, 0x00, 0x00, 0x00, 0x00,
    0x00, 0x01, 0x00, 0x03, 0xF8, 0x01, 0xFF, 0x00, 0xFF, 0xE0, 0x3F, 0xF8, 0x1F, 0x1E, 0x07, 0x83,
    0xC1, 0xE0, 0x70, 0x78, 0x1C, 0x1F, 0xFF, 0xE3, 0xFF, 0xF8, 0xFF, 0xFF, 0x1F, 0xFF, 0x81, 0xFF,
    0xE0, 0x03, 0xC0, 0x01, 0xE0, 0x01, 0xF8, 0x01, 0xFC, 0x03, 0xFF, 0x03, 0xFF, 0x80, 0xFF, 0x80,
    0x1F, 0x80, 0x07, 0x80, 0x00, 0x00, 0x00, 0x00, 0x00, 0x00, 0x70, 0x00, 0x00, 0x78, 0x00, 0x00,
    0x70, 0x07, 0xC0, 0xF0, 0x07, 0xFE, 0xF0, 0x0F, 0xFF, 0xF0, 0x0F, 0xFF, 0xF0, 0x01, 0xFF, 0xF0,
    0x00, 0x7E, 0xF0, 0x00, 0x78, 0xF8, 0x00, 0xF8, 0xFE, 0x07, 0xF8, 0x7F, 0xFF, 0xF0, 0x3F, 0xFF,
    0xE0, 0x3F, 0xFF, 0xC0, 0x0F, 0xFF, 0x00, 0x01, 0xF0, 0x00, 0x00, 0x00, 0x00, 0x00, 0xC0, 0x00,
    0x01, 0xE0, 0x00, 0x01, 0xE0, 0x00, 0x00, 0xE0, 0x00, 0x00, 0x40, 0x00, 0x00, 0x40, 0x00, 0x00,
    0xE0, 0x00, 0x01, 0xE0, 0x00, 0x01, 0xE0, 0x00, 0x00, 0xC0, 0x00, 0x03, 0x01, 0xE0, 0x78, 0x1E,
    0x07, 0xC0, 0xF0, 0x3C, 0x0F, 0x03, 0xCF, 0xF7, 0xFF, 0xFE, 0xFF, 0x1F, 0x80, 0x00, 0x00, 0x06,
    0x03, 0xC0, 0xF0, 0x38, 0x04, 0x01, 0x00, 0xE0, 0x3C, 0x0F, 0x01, 0x80, 0x07, 0x00, 0x1E, 0x00,
    0x78, 0x01, 0xE0, 0x07, 0x80, 0x1E, 0x00, 0x78, 0x0F, 0xFE, 0x7F, 0xF9, 0xFF, 0xE7, 0xDF, 0x9E,
    0x1E, 0x00, 0x00, 0x00, 0x00, 0x30, 0x01, 0xE0, 0x07, 0x80, 0x1C, 0x00, 0x20, 0x00, 0x80, 0x07,
    0x00, 0x1E, 0x00, 0x78, 0x00, 0xC0, 0x03, 0x83, 0xE0, 0x78, 0x1E, 0x07, 0xC0, 0xF0, 0x3C, 0x0F,
    0x03, 0xCF, 0xF7, 0xFF, 0xFE, 0xFF, 0x1F, 0x80, 0x07, 0x00, 0x1E, 0x00, 0x78, 0x01, 0xE0, 0x07,
    0x80, 0x1E, 0x00, 0x78, 0x0F, 0xFE, 0x7F, 0xF9, 0xFF, 0xE7, 0xDF, 0x9E, 0x1E, 0x00, 0x00, 0x00,
    0x70, 0x00, 0x00, 0x78, 0x02, 0x00, 0x70, 0x07, 0xC0, 0xF0, 0x07, 0xFE, 0xF0, 0x0F, 0xFF, 0xF0,
    0x0F, 0xFF, 0xF0, 0x01, 0xFF, 0xF0, 0x00, 0x7E, 0xF0, 0x00, 0x78, 0xF8, 0x00, 0xF8, 0xFE, 0x07,
    0xF8, 0x7F, 0xFF, 0xF0, 0x3F, 0xFF, 0xE0, 0x3F, 0xFF, 0xC0, 0x0F, 0xFF, 0x00, 0x01, 0xF0, 0x00,
    0x03, 0x03, 0xE0, 0xF8, 0x1E, 0x07, 0xC0, 0xF0, 0x3C, 0x0F, 0x03, 0xDF, 0xF7, 0xFB, 0xFE, 0xFF,
    0x1F, 0x00, 0x00, 0x00, 0x20, 0x9C, 0x77, 0xBD, 0xEF, 0x31, 0x80, 0x07, 0x00, 0x3C, 0x01, 0xE0,
    0x0F, 0x00, 0x78, 0x03, 0xC0, 0x1E, 0x07, 0xFE, 0x7F, 0xFB, 0xFF, 0xDF, 0x7E, 0xF1, 0xE0, 0x00,
    0x00, 0x00, 0x41, 0x07, 0x1C, 0x3D, 0xE1, 0xEF, 0x06, 0x30, 0x00, 0x00, 0x30, 0x00, 0xC0, 0x03,
    0x00, 0x0C, 0x00, 0x30, 0x00, 0xC0, 0x00, 0x00, 0x00, 0x00, 0x30, 0x01, 0xE0, 0x07, 0x80, 0x1E,
    0x00, 0x20, 0x00, 0x00, 0x00, 0x00, 0x03, 0x00, 0x1E, 0x00, 0xFC, 0x01, 0xF8, 0x03, 0xF0, 0x07,
    0xC0, 0x0F, 0x80, 0x1E, 0x00, 0x7C, 0x00, 0xF0, 0x03, 0xC0, 0x0F, 0x00, 0x7D, 0xFF, 0xF7, 0xFF,
    0x9F, 0xFE, 0xFF, 0xE1, 0xFE, 0x00, 0x00, 0x00, 0x30, 0x03, 0x00, 0x30, 0x03, 0x00, 0x30, 0x03,
    0x00, 0x00, 0x00, 0x00, 0x04, 0x03, 0xE0, 0x3E, 0x03, 0xE0, 0x1F, 0x01, 0xF0, 0x0F, 0x00, 0xF0,
    0x0F, 0x00, 0xF0, 0x0F, 0x00, 0xF0, 0x1F, 0x03, 0xE0, 0x7E, 0x1F, 0xC7, 0xFC, 0xFF, 0x87, 0xE0,
    0x7C, 0x07, 0x00, 0x00, 0x00, 0x00, 0x0F, 0x0F, 0xC6, 0x63, 0x71, 0xF8, 0x78, 0xF8, 0x38, 0x00,
    0xB0, 0x7B, 0x3F, 0xBF, 0xFD, 0xDC, 0x18, 0x0C, 0x06, 0x03, 0x01, 0x80, 0xC0, 0x60, 0x03, 0xD9,
    0xEC, 0xFF, 0xFF, 0xF7, 0xF0, 0x07, 0x3F, 0xCF, 0xF3, 0x84, 0x3F, 0x3F, 0xCF, 0x80, 0x00, 0x00,
    0x0F, 0x03, 0xC0, 0xF0, 0x3C, 0x0F, 0x03, 0xC0, 0xF0, 0x3C, 0x0F, 0x03, 0xC0, 0xF0, 0x3C, 0x0F,
    0x03, 0xC0, 0xF0, 0x3C, 0x0F, 0xE1, 0xFC, 0x7F, 0x0F, 0xC0, 0xE0, 0x07, 0xFF, 0xFF, 0xC1, 0x7F,
    0xFF, 0xF0, 0x00, 0x00, 0x3C, 0x3C, 0x3C, 0x3C, 0x3C, 0x3C, 0x3C, 0x3C, 0x3C, 0x3C, 0x3C, 0x3C,
    0x3C, 0x3C, 0x3C, 0x3C, 0x3C, 0x3C, 0x3C, 0x3C, 0x3C, 0x00, 0x00, 0x01, 0xC0, 0x1C, 0x01, 0xE0,
    0x1E, 0x00, 0xE0, 0x0F, 0x00, 0xF0, 0x07, 0x80, 0x78, 0x03, 0xC0, 0x7F, 0x03, 0xFC, 0x1F, 0xC0,
    0xFE, 0x1F, 0x78, 0xF1, 0xE7, 0x8F, 0x1F, 0xF0, 0x7F, 0x03, 0xF8, 0x1F, 0xE0, 0xFE, 0x01, 0xE0,
    0x07, 0x00, 0x3C, 0x00, 0xE0, 0x07, 0x80, 0x1C, 0x00, 0x70, 0x03, 0xC0, 0x0F, 0x00, 0x30, 0x00,
    0x00, 0x00, 0x07, 0x00, 0x1C, 0x00, 0xF0, 0x03, 0xC0, 0x0E, 0x00, 0x78, 0x01, 0xE0, 0x0F, 0x00,
    0x3C, 0x01, 0xE0, 0x1F, 0xC1, 0xFE, 0x07, 0xF0, 0x3F, 0xC3, 0xDF, 0x3C, 0x79, 0xE3, 0xC7, 0xFC,
    0x1F, 0xC0, 0xFE, 0x0F, 0xF0, 0x3F, 0x80, 0xF0, 0x07, 0x00, 0x78, 0x03, 0x80, 0x3C, 0x01, 0xC0,
    0x1C, 0x01, 0xE0, 0x1E, 0x00, 0x60, 0x00, 0x00, 0x00, 0x00, 0x00, 0x00, 0x00, 0x00, 0x00, 0x0C,
    0x00, 0x00, 0x00, 0x01, 0x80, 0x00, 0x00, 0x00, 0x30, 0x00, 0x00, 0x00, 0x06, 0x00, 0x00, 0x00,
    0x00, 0xC0, 0x00, 0x00, 0x00, 0x1B, 0x80, 0x38, 0x00, 0x1B, 0x30, 0x0F, 0x00, 0x03, 0x6E, 0x01,
    0xE0, 0x00, 0x7F, 0xC0, 0x3C, 0x00, 0x07, 0xF3, 0xC7, 0x80, 0x00, 0x00, 0x78, 0xF0, 0x00, 0x00,
    0x0F, 0x1E, 0x00, 0x01, 0xE1, 0xE3, 0xC0, 0x00, 0x3C, 0x3C, 0x78, 0x00, 0x07, 0x87, 0x8F, 0x00,
    0x78, 0xF0, 0xF1, 0xE0, 0x0F, 0x1E, 0x1E, 0x3C, 0x01, 0xE3, 0xC3, 0xC7, 0x81, 0xFC, 0x78, 0x78,
    0xF0, 0xFF, 0x8F, 0x0F, 0x1E, 0x7F, 0xF1, 0xE1, 0xE3, 0xDF, 0xDE, 0x3C, 0x3C, 0x7F, 0xC3, 0xC7,
    0x87, 0x8F, 0xF0, 0x78, 0xF0, 0xF1, 0xFE, 0x0F, 0x1E, 0x1E, 0x3F, 0xC3, 0xE3, 0xC3, 0xC7, 0xFF,
    0xFF, 0xFF, 0xF8, 0xF7, 0xFF, 0xFF, 0xFE, 0x1E, 0x7F, 0x7F, 0xFF, 0xC3, 0xC3, 0x07, 0xE7, 0xF0,
    0x78, 0x00, 0x78, 0x7C, 0x0F, 0x01, 0x7F, 0xFF, 0xF0, 0x1F, 0xFF, 0xFC, 0x80, 0x00, 0x01, 0xE0,
    0xFC, 0x33, 0x0E, 0xDD, 0xFF, 0xF9, 0x7C, 0x1E, 0x00, 0x00, 0x00, 0x1F, 0xFF, 0xFC, 0x87, 0xFF,
    0xFF, 0xC0, 0x07, 0xFF, 0xFF, 0xC0, 0x00, 0x79, 0xFB, 0x37, 0x67, 0xCF, 0x3C, 0x70, 0x00, 0x01,
    0xED, 0xF6, 0x7F, 0x7F, 0xFB, 0xF8, 0x7D, 0xFF, 0x1E, 0x3F, 0xEF, 0x80, 0x3C, 0x0F, 0xF1, 0xFE,
    0x33, 0x80, 0x00, 0x00, 0x07, 0x80, 0xF0, 0x1E, 0x03, 0xC0, 0x78, 0x0F, 0x01, 0xE0, 0x3C, 0x07,
    0x80, 0xF0, 0x1E, 0x03, 0xC0, 0x78, 0x0F, 0x01, 0xE0, 0x3C, 0x07, 0xF0, 0x7E, 0x0F, 0xC0, 0xF8,
    0x0F, 0x00, 0x00, 0x0F, 0x87, 0xE1, 0xC0, 0x70, 0x0F, 0xCF, 0xF3, 0xF0, 0x00, 0x03, 0x03, 0xC0,
    0xF0, 0x3C, 0x0F, 0x03, 0xC0, 0xF0, 0x3C, 0x0F, 0x03, 0xC0, 0xF0, 0x3C, 0x0F, 0x03, 0xC0, 0xF0,
    0x3C, 0x0F, 0x83, 0xF8, 0x7F, 0x1F, 0xC3, 0xF0, 0x38, 0x00, 0x00, 0x00, 0xF8, 0x00, 0x7C, 0x00,
    0x18, 0x00, 0x06, 0x00, 0x01, 0xF8, 0x00, 0xFE, 0x00, 0x3E, 0x00, 0x00, 0x00, 0x00, 0x40, 0x00,
    0xFE, 0x00, 0x7F, 0xC0, 0x3F, 0xF8, 0x0F, 0xFE, 0x07, 0xC7, 0x81, 0xE0, 0xF0, 0x78, 0x3C, 0x1E,
    0x07, 0x07, 0xFF, 0xF9, 0xFF, 0xFE, 0x3F, 0xFF, 0xC7, 0xFF, 0xE0, 0x7F, 0xF8, 0x00, 0xF0, 0x00,
    0x78, 0x00, 0x7E, 0x00, 0x7F, 0x00, 0xFF, 0xC0, 0xFF, 0xE0, 0x3F, 0xE0, 0x07, 0xE0, 0x01, 0xE0,
    0x00, 0x00, 0x00, 0x00, 0x3C, 0x0F, 0x03, 0xC0, 0xF0, 0x3C, 0x0F, 0x03, 0xC0, 0xF0, 0x3C, 0x0F,
    0x03, 0xC0, 0xF0, 0x3C, 0x0F, 0x03, 0xC0, 0xF0, 0x3C, 0x0F, 0x03, 0xC0, 0xF0, 0x3C, 0x0F, 0xE1,
    0xF8, 0x7E, 0x0F, 0x81, 0xE0, 0x00, 0xF8, 0x7E, 0x1C, 0x06, 0x00, 0xFC, 0xFF, 0x3F, 0x80, 0x00,
    0x00, 0x00, 0x00, 0x1F, 0x80, 0x00, 0x1F, 0x80, 0x00, 0x0E, 0x00, 0x00, 0x07, 0x00, 0x00, 0x01,
    0xF8, 0x00, 0x01, 0xFC, 0x00, 0x00, 0xF8, 0x00, 0x00, 0x00, 0x00, 0x00, 0x00, 0x00, 0x00, 0x0E,
    0x00, 0x00, 0x07, 0x80, 0x00, 0x07, 0x80, 0x3E, 0x03, 0xC0, 0x1F, 0xF9, 0xE0, 0x1F, 0xFE, 0xF0,
    0x0F, 0xFF, 0x78, 0x00, 0xFF, 0xBC, 0x00, 0x1F, 0x9E, 0x00, 0x0F, 0x0F, 0x80, 0x0F, 0x87, 0xF0,
    0x3F, 0xC1, 0xFF, 0xFF, 0xC0, 0x7F, 0xFF, 0xC0, 0x3F, 0xFF, 0xC0, 0x07, 0xFF, 0x80, 0x00, 0x7C,
    0x00, 0x00, 0x1F, 0x0F, 0xC3, 0x80, 0xC0, 0x1F, 0x9F, 0xE7, 0xF8, 0x80, 0x00, 0x00, 0xE0, 0xF8,
    0x3E, 0x07, 0x81, 0xF0, 0x3C, 0x0F, 0x03, 0xC0, 0xF7, 0xFD, 0xFE, 0xFF, 0xBF, 0xC7, 0xC0, 0x00,
    0x00, 0x1F, 0x00, 0xFC, 0x03, 0x80, 0x0E, 0x00, 0x1F, 0x81, 0xFE, 0x07, 0xE0, 0x00, 0x00, 0x00,
    0x00, 0x78, 0x01, 0xE0, 0x07, 0x80, 0x1E, 0x00, 0x78, 0x01, 0xF0, 0x3F, 0xF9, 0xFF, 0xE7, 0xFF,
    0x9F, 0xBE, 0x78, 0x78, 0xF0, 0xF0, 0xF0, 0xF0, 0xF0, 0xF0, 0xF0, 0xF0, 0xF0, 0xF0, 0xF0, 0xF0,
    0xF0, 0xF0, 0xF0, 0xF0, 0xF0, 0xF0, 0xF0, 0xF0, 0xF0, 0xFE, 0x7E, 0x7E, 0x3E, 0x1E, 0x00, 0x00,
    0x00, 0x00, 0x38, 0x00, 0x00, 0xF0, 0x3C, 0x00, 0x00, 0x78, 0x1E, 0x00, 0x00, 0x3C, 0x0F, 0x00,
    0x00, 0x1E, 0x07, 0x80, 0x00, 0x0F, 0x03, 0xC0, 0x00, 0x1F, 0xC1, 0xF0, 0x00, 0x3F, 0xFE, 0xFF,
    0xFF, 0xFF, 0xFF, 0x7F, 0xFF, 0xFF, 0xFF, 0x9F, 0xFF, 0xFF, 0x9F, 0xC7, 0xFF, 0xFF, 0x03, 0xE0,
    0xFF, 0xFC, 0x00, 0x00, 0x00, 0x00, 0x00, 0x00, 0x00, 0x00, 0x00, 0x00, 0x00, 0x20, 0x00, 0x00,
    0x00, 0x78, 0x00, 0x00, 0x00, 0x3C, 0x00, 0x00, 0x00, 0x1E, 0x00, 0x00, 0x00, 0x06, 0x00, 0x00,
    0x00, 0x03, 0x01, 0xE0, 0x78, 0x1E, 0x03, 0xC0, 0xF0, 0x3C, 0x0F, 0x03, 0xCF, 0xF7, 0xFD, 0xFE,
    0x7F, 0x9F, 0x80, 0x00, 0x00, 0x00, 0x01, 0x80, 0xF0, 0x3C, 0x0F, 0x01, 0x00, 0x03, 0x80, 0x1E,
    0x00, 0x78, 0x01, 0xE0, 0x07, 0x80, 0x1E, 0x00, 0x7C, 0x0F, 0xFE, 0x7F, 0xF9, 0xFF, 0xE7, 0xEF,
    0x9E, 0x1E, 0x00, 0x00, 0x00, 0x00, 0x00, 0x00, 0xC0, 0x07, 0x80, 0x1E, 0x00, 0x78, 0x00, 0xC0,
    0x00, 0x42, 0x00, 0x39, 0xC0, 0x1E, 0x78, 0x07, 0x9E, 0x00, 0xC3, 0x00, 0x00, 0x00, 0x00, 0x00,
    0x00, 0x00, 0x00, 0x3C, 0x00, 0x0F, 0x00, 0x03, 0xC0, 0x07, 0xF0, 0x0F, 0xFC, 0x07, 0xFF, 0x03,
    0xFF, 0xC1, 0xF0, 0xF0, 0xF8, 0x3C, 0x3C, 0x0F, 0x0F, 0x03, 0xC3, 0xE3, 0xF0, 0xFF, 0xFF, 0xBF,
    0xFF, 0xE7, 0xFF, 0xFC, 0xFE, 0x7E, 0x0E, 0x07, 0x80, 0x00, 0x18, 0xC0, 0x00, 0x00, 0x1E, 0xF0,
    0x00, 0x00, 0x0F, 0x78, 0x00, 0x00, 0x07, 0x1C, 0x00, 0x00, 0x01, 0x04, 0x00, 0x00, 0x00, 0x00,
    0x00, 0x01, 0xC0, 0x00, 0x07, 0x81, 0xE0, 0x00, 0x03, 0xC0, 0xF0, 0x00, 0x01, 0xE0, 0x78, 0x00,
    0x00, 0xF0, 0x3C, 0x00, 0x00, 0x78, 0x1E, 0x00, 0x00, 0xFE, 0x0F, 0x80, 0x01, 0xFF, 0xF7, 0xFF,
    0xFF, 0xFF, 0xFB, 0xFF, 0xFF, 0xFF, 0xFC, 0xFF, 0xFF, 0xFC, 0xFE, 0x3F, 0xFF, 0xF8, 0x1F, 0x07,
    0xFF, 0xE0, 0x00, 0x00, 0x31, 0x9E, 0xF7, 0xBD, 0xC7, 0x20, 0x80, 0x00, 0x00, 0x06, 0x07, 0x81,
    0xE0, 0x7C, 0x0F, 0x03, 0xC0, 0xF0, 0x3C, 0x0F, 0x3F, 0xDF, 0xF7, 0xF9, 0xFE, 0x7E, 0x00, 0x10,
    0x41, 0xC7, 0x0F, 0x78, 0x7B, 0xC1, 0x8C, 0x00, 0x00, 0x00, 0x00, 0x00, 0x07, 0x80, 0x3C, 0x01,
    0xE0, 0x0F, 0x00, 0x78, 0x03, 0xC0, 0xFF, 0xCF, 0xFE, 0x7F, 0xFB, 0xEF, 0x9E, 0x3C, 0x00, 0x06,
    0x00, 0x00, 0x00, 0x07, 0x80, 0x00, 0x00, 0x03, 0xC0, 0x00, 0x00, 0x00, 0xC0, 0x00, 0x00, 0x03,
    0x0C, 0x00, 0x00, 0x03, 0xCF, 0x00, 0x00, 0x01, 0xE7, 0x80, 0x00, 0x00, 0x61, 0x80, 0x00, 0x00,
    0x00, 0x00, 0x00, 0x38, 0x00, 0x00, 0xF0, 0x1C, 0x00, 0x00, 0x78, 0x1E, 0x00, 0x00, 0x3C, 0x0F,
    0x00, 0x00, 0x1E, 0x07, 0x80, 0x00, 0x0F, 0x03, 0xC0, 0x00, 0x0F, 0xC1, 0xF0, 0x00, 0x3F, 0xFE,
    0xFF, 0xFF, 0xFF, 0xFF, 0x7F, 0xFF, 0xFF, 0xFF, 0x9F, 0xFF, 0xFF, 0x9F, 0xC7, 0xFF, 0xFF, 0x03,
    0xE0, 0xFF, 0xFC, 0x00, 0x00, 0x06, 0x01, 0xE0, 0x3C, 0x03, 0x03, 0x0C, 0xF3, 0xDE, 0x79, 0x86,
    0x00, 0x00, 0x00, 0x06, 0x03, 0xC0, 0x78, 0x0F, 0x80, 0xF0, 0x1E, 0x03, 0xC0, 0x78, 0x0F, 0x1F,
    0xE7, 0xFC, 0xFF, 0x1F, 0xE3, 0xF0, 0x03, 0x00, 0x1E, 0x00, 0x78, 0x00, 0xC0, 0x18, 0x60, 0xF3,
    0xC3, 0xCF, 0x06, 0x18, 0x00, 0x00, 0x00, 0x00, 0x70, 0x01, 0xE0, 0x07, 0x80, 0x1E, 0x00, 0x78,
    0x01, 0xE0, 0x07, 0x80, 0xFF, 0xE7, 0xFF, 0x9F, 0xFE, 0x7D, 0xF9, 0xE1, 0xE0, 0x03, 0x80, 0x00,
    0x7F, 0xE0, 0x01, 0xFF, 0xE0, 0x03, 0xFF, 0xF0, 0x03, 0xFF, 0xF0, 0x07, 0x07, 0xF8, 0x00, 0x03,
    0xFC, 0x00, 0x0F, 0xF8, 0x00, 0xFF, 0xF0, 0x07, 0xFF, 0xE0, 0x1F, 0xFF, 0x00, 0x7E, 0x1F, 0x01,
    0xF8, 0x1F, 0xC7, 0xC0, 0x3F, 0xCF, 0x00, 0x3F, 0x9E, 0x00, 0x3F, 0x78, 0x08, 0x1C, 0xF0, 0x78,
    0x01, 0xE0, 0xF0, 0x03, 0xC1, 0xE0, 0x07, 0x81, 0x80, 0x0F, 0x00, 0x00, 0x1F, 0x00, 0x00, 0x1F,
    0x00, 0x08, 0x3F, 0xC0, 0xF0, 0x3F, 0xFF, 0xF0, 0x3F, 0xFF, 0xE0, 0x3F, 0xFF, 0xC0, 0x1F, 0xFE,
    0x00, 0x07, 0xC0, 0x00, 0x01, 0xC0, 0x00, 0x1F, 0xF8, 0x00, 0x7F, 0xF8, 0x00, 0xFF, 0xF8, 0x00,
    0xFF, 0xF8, 0x01, 0xC3, 0xF8, 0x00, 0x01, 0xFC, 0x00, 0x00, 0xFE, 0x00, 0x01, 0xFE, 0x00, 0x1F,
    0xFC, 0x01, 0xFF, 0xF8, 0x1F, 0xFF, 0xE7, 0xFF, 0xE0, 0x0F, 0xFF, 0x00, 0x3F, 0xF0, 0x00, 0x7F,
    0x80, 0x00, 0x78, 0x00, 0x00, 0x00, 0x00, 0x00, 0x00, 0x00, 0x00, 0x00, 0x00, 0x00, 0x03, 0x00,
    0x00, 0x0F, 0x00, 0x00, 0x1E, 0x00, 0x00, 0x3C, 0x00, 0x00, 0x20, 0x00, 0x01, 0xC0, 0x00, 0x03,
    0xFF, 0x00, 0x01, 0xFF, 0xE0, 0x00, 0x7F, 0xFE, 0x00, 0x0F, 0xFF, 0xC0, 0x03, 0x87, 0xFC, 0x00,
    0x00, 0x3F, 0xE0, 0x00, 0x07, 0xF8, 0x00, 0x07, 0xFE, 0x00, 0x07, 0xFF, 0x00, 0x0F, 0xFF, 0x00,
    0x0F, 0xFB, 0xC0, 0x7F, 0xF0, 0xFF, 0x9F, 0xF8, 0x1F, 0xEF, 0xF8, 0x07, 0xFB, 0xF8, 0x00, 0xFE,
    0x70, 0x00, 0x0F, 0x80, 0x00, 0x00, 0x00, 0x00, 0x60, 0x00, 0x00, 0x3C, 0x00, 0x00, 0x0F, 0x00,
    0x00, 0x03, 0xC0, 0x00, 0x00, 0x40, 0x00, 0x03, 0x80, 0x00, 0x3F, 0xF0, 0x00, 0x7F, 0xFC, 0x00,
    0x7F, 0xFE, 0x00, 0x3F, 0xFF, 0x80, 0x38, 0x3F, 0xC0, 0x00, 0x07, 0xF8, 0x00, 0x1F, 0xF8, 0x00,
    0xFF, 0xF8, 0x01, 0xFF, 0xF8, 0x07, 0xFF, 0xE0, 0x0F, 0xE1, 0xE0, 0x1F, 0x81, 0xFE, 0x3E, 0x00,
    0xFE, 0x3C, 0x00, 0xFE, 0x3C, 0x00, 0x7E, 0x78, 0x00, 0x1E, 0x78, 0x00, 0x00, 0x78, 0x00, 0x00,
    0x78, 0x00, 0x00, 0x78, 0x00, 0x00, 0x78, 0x00, 0x00, 0x7C, 0x00, 0x00, 0x3E, 0x00, 0x00, 0x3F,
    0xC0, 0x78, 0x1F, 0xFF, 0xF8, 0x0F, 0xFF, 0xFC, 0x07, 0xFF, 0xFC, 0x01, 0xFF, 0xF0, 0x00, 0x1E,
    0x00, 0x00, 0xE0, 0x00, 0x0F, 0xFC, 0x00, 0x1F, 0xFE, 0x00, 0x1F, 0xFF, 0x80, 0x0F, 0xFF, 0xC0,
    0x0E, 0x0F, 0xE0, 0x00, 0x03, 0xF0, 0x00, 0x01, 0xFE, 0x00, 0x00, 0xFF, 0x00, 0x0F, 0xFE, 0x00,
    0x3F, 0xFE, 0x01, 0xFF, 0xFE, 0x7F, 0xFF, 0x00, 0x7F, 0xF8, 0x00, 0xFF, 0xE0, 0x00, 0xFF, 0x00,
    0x00, 0x78, 0x00, 0x00, 0x00, 0xE0, 0x00, 0x01, 0xFF, 0x80, 0x00, 0x7F, 0xFC, 0x00, 0x0F, 0xFF,
    0xC0, 0x00, 0xFF, 0xFE, 0x00, 0x1C, 0x1F, 0xF0, 0x00, 0x00, 0x7F, 0x80, 0x00, 0x07, 0xF0, 0x00,
    0x07, 0xFE, 0x00, 0x03, 0xFF, 0xC0, 0x01, 0xFF, 0xE0, 0x01, 0xFF, 0x3C, 0x07, 0xFF, 0x87, 0xFC,
    0xFF, 0xC0, 0xFF, 0xBF, 0xE0, 0x0F, 0xF7, 0xF0, 0x00, 0xFE, 0x78, 0x00, 0x07, 0xC0, 0x03, 0x00,
    0x00, 0x0F, 0x00, 0x00, 0x1E, 0x00, 0x00, 0x3C, 0x00, 0x00, 0x20, 0x00, 0x00, 0x00, 0x00, 0x00,
    0xC0, 0x00, 0x1F, 0xF0, 0x00, 0x7F, 0xF8, 0x00, 0xFF, 0xF8, 0x00, 0xFF, 0xFC, 0x01, 0xC3, 0xFC,
    0x00, 0x00, 0xFF, 0x00, 0x07, 0xFE, 0x00, 0x3F, 0xFC, 0x01, 0xFF, 0xF8, 0x07, 0xFF, 0xC0, 0x1F,
    0x87, 0x80, 0x7C, 0x0F, 0xF1, 0xF0, 0x0F, 0xE3, 0xC0, 0x1F, 0xCF, 0x80, 0x1F, 0x9E, 0x00, 0x0F,
    0x3C, 0x00, 0x00, 0x78, 0x00, 0x00, 0xF0, 0x00, 0x01, 0xE0, 0x00, 0x03, 0xC0, 0x00, 0x07, 0xC0,
    0x00, 0x07, 0xC0, 0x00, 0x0F, 0xE0, 0x3C, 0x0F, 0xFF, 0xF8, 0x0F, 0xFF, 0xF8, 0x0F, 0xFF, 0xF0,
    0x0F, 0xFF, 0x80, 0x01, 0xE0, 0x00, 0x00, 0xC0, 0x00, 0x01, 0xE0, 0x00, 0x01, 0xE0, 0x00, 0x01,
    0xE0, 0x00, 0x00, 0x80, 0x00, 0x00, 0x00, 0x00, 0x00, 0xE0, 0x00, 0x0F, 0xFC, 0x00, 0x1F, 0xFE,
    0x00, 0x1F, 0xFF, 0x80, 0x0F, 0xFF, 0xC0, 0x0E, 0x0F, 0xE0, 0x00, 0x03, 0xF0, 0x00, 0x01, 0xFC,
    0x00, 0x00, 0xFE, 0x00, 0x0F, 0xFE, 0x00, 0x3F, 0xFE, 0x01, 0xFF, 0xFE, 0x3F, 0xFF, 0x00, 0x7F,
    0xF8, 0x00, 0x7F, 0xE0, 0x00, 0x7F, 0x00, 0x00, 0x7C, 0x00, 0x00, 0x00, 0xC0, 0x00, 0x00, 0x78,
    0x00, 0x00, 0x1E, 0x00, 0x00, 0x07, 0x80, 0x00, 0x00, 0x80, 0x00, 0x00, 0x00, 0x00, 0x00, 0x0E,
    0x00, 0x00, 0x1F, 0xF0, 0x00, 0x1F, 0xFF, 0x00, 0x03, 0xFF, 0xE0, 0x00, 0xFF, 0xFE, 0x00, 0x18,
    0x3F, 0xE0, 0x00, 0x03, 0xFE, 0x00, 0x00, 0x3F, 0x80, 0x00, 0x7F, 0xE0, 0x00, 0x7F, 0xF8, 0x00,
    0x7F, 0xF0, 0x00, 0x7F, 0xBE, 0x03, 0xFF, 0x87, 0xF9, 0xFF, 0x81, 0xFF, 0x7F, 0x80, 0x3F, 0xDF,
    0x80, 0x07, 0xF7, 0x80, 0x00, 0x78, 0x00, 0x60, 0x00, 0x3C, 0x00, 0x0F, 0x80, 0x00, 0xF8, 0x00,
    0x1F, 0x00, 0x01, 0xF0, 0x00, 0x3E, 0x00, 0x03, 0xC0, 0x00, 0x7C, 0x00, 0x07, 0x80, 0x00, 0xF0,
    0x00, 0x0F, 0x00, 0x01, 0xF0, 0x40, 0x7F, 0x8F, 0xFF, 0xF3, 0xFF, 0xFE, 0x7F, 0xF7, 0xCF, 0xFC,
    0x38, 0xFF, 0x00, 0x00, 0x03, 0x00, 0x01, 0xE0, 0x00, 0x78, 0x00, 0x1E, 0x00, 0x02, 0x00, 0x00,
    0x00, 0x00, 0x00, 0x00, 0x07, 0x00, 0x03, 0xE0, 0x00, 0xF8, 0x00, 0x1E, 0x00, 0x07, 0xC0, 0x00,
    0xF0, 0x00, 0x3C, 0x00, 0x07, 0x80, 0x01, 0xE0, 0x00, 0x7C, 0x00, 0x0F, 0x00, 0x03, 0xE0, 0x01,
    0xFE, 0x7F, 0xFF, 0xDF, 0xFF, 0xF7, 0xFE, 0x7D, 0xFF, 0x8E, 0x3F, 0x80, 0x00, 0x00, 0x00, 0x01,
    0xE0, 0x03, 0xE0, 0x01, 0xF0, 0x01, 0xF0, 0x00, 0xF0, 0x00, 0xF8, 0x00, 0xF8, 0x00, 0x7E, 0x00,
    0x7F, 0x00, 0x7F, 0x00, 0x7F, 0x00, 0xF6, 0x01, 0xF0, 0x03, 0xE0, 0x0F, 0xE0, 0x3F, 0xC0, 0xFF,
    0x80, 0x7F, 0x00, 0x7E, 0x00, 0x78, 0x00, 0x00, 0x00, 0x02, 0x00, 0x07, 0x80, 0x07, 0x80, 0x07,
    0x80, 0x03, 0x00, 0x00, 0x00, 0x00, 0x00, 0x00, 0x00, 0x01, 0xC0, 0x03, 0xC0, 0x03, 0xE0, 0x01,
    0xE0, 0x01, 0xE0, 0x01, 0xF0, 0x00, 0xF8, 0x00, 0xFE, 0x00, 0xFE, 0x00, 0xFE, 0x00, 0xFE, 0x01,
    0xEE, 0x01, 0xE0, 0x03, 0xE0, 0x0F, 0xC0, 0x3F, 0xC0, 0xFF, 0x80, 0xFF, 0x00, 0x7E, 0x00, 0x78,
    0x00, 0x00, 0x00, 0x00, 0x00, 0x00, 0x00, 0x1C, 0x00, 0x00, 0x00, 0x03, 0x81, 0xE0, 0x00, 0x00,
    0xE0, 0x3C, 0x1E, 0x00, 0x00, 0x3E, 0x03, 0xC1, 0xE0, 0x00, 0x01, 0xE0, 0x3C, 0x1E, 0x00, 0x00,
    0x1F, 0x03, 0xC1, 0xE0, 0x20, 0x01, 0xF0, 0x3C, 0x1E, 0x07, 0x80, 0x0F, 0x87, 0xC3, 0xE0, 0x70,
    0x00, 0xFF, 0xFF, 0xFF, 0xEF, 0x00, 0x0F, 0xFF, 0xFF, 0xFE, 0xF0, 0x00, 0xFF, 0xFF, 0xFF, 0xEF,
    0x00, 0x0F, 0xFE, 0x7F, 0xBE, 0xF0, 0x00, 0xF7, 0xC3, 0xF1, 0xEF, 0x00, 0x0F, 0x00, 0x00, 0x00,
    0xF0, 0x01, 0xF0, 0x00, 0x00, 0x0F, 0x80, 0x1F, 0x00, 0x00, 0x00, 0xFE, 0x07, 0xE0, 0x00, 0x00,
    0x07, 0xFF, 0xFE, 0x00, 0x00, 0x00, 0x7F, 0xFF, 0xC0, 0x00, 0x00, 0x03, 0xFF, 0xF8, 0x00, 0x00,
    0x00, 0x0F, 0xFF, 0x00, 0x00, 0x00, 0x00, 0x1F, 0x00, 0x00, 0x00, 0x00, 0x00, 0x00, 0x00, 0x00,
    0x00, 0x00, 0x1E, 0x00, 0x00, 0x01, 0xE0, 0x38, 0x1C, 0x1E, 0x03, 0xC1, 0xE1, 0xF0, 0x3C, 0x1E,
    0x0F, 0x03, 0xC1, 0xE0, 0xF0, 0x3C, 0x1E, 0x0F, 0x03, 0xC1, 0xE0, 0xF0, 0x7C, 0x3E, 0x1F, 0x3F,
    0xFF, 0xFF, 0xF7, 0xFF, 0xFF, 0xFE, 0x7F, 0xFF, 0xFF, 0xE7, 0xEF, 0xF3, 0xFC, 0x7C, 0x3E, 0x1F,
    0x80, 0x00, 0x00, 0x01, 0xC0, 0x07, 0x03, 0x81, 0xE0, 0x07, 0x83, 0xC1, 0xE0, 0x07, 0x83, 0xC1,
    0xE0, 0x07, 0x83, 0xC1, 0xE0, 0x07, 0x83, 0xC1, 0xE0, 0x07, 0x83, 0xC1, 0xE0, 0x0F, 0x87, 0xC3,
    0xE0, 0x7F, 0xFF, 0xFF, 0xFE, 0x7F, 0xFF, 0xFF, 0xFE, 0xFF, 0xFF, 0xFF, 0xFE, 0xFD, 0xFE, 0x7F,
    0xBE, 0x78, 0x7C, 0x3F, 0x1E, 0x00, 0x00, 0x00, 0x18, 0x00, 0x00, 0x00, 0x00, 0x03, 0xC0, 0x00,
    0x00, 0x00, 0x00, 0x3C, 0x00, 0x00, 0x00, 0x00, 0x01, 0x80, 0x00, 0x00, 0x00, 0x00, 0xC3, 0x00,
    0x00, 0x00, 0x00, 0x1E, 0x78, 0x00, 0x00, 0x00, 0x01, 0xE7, 0x80, 0x00, 0x00, 0x00, 0x0C, 0x30,
    0x00, 0x00, 0x00, 0x00, 0x00, 0x00, 0x00, 0x00, 0x00, 0x00, 0x01, 0xE0, 0x00, 0x00, 0x00, 0x38,
    0x1E, 0x00, 0x00, 0x0E, 0x03, 0xC1, 0xE0, 0x00, 0x03, 0xE0, 0x3C, 0x1E, 0x00, 0x00, 0x3E, 0x03,
    0xC1, 0xE0, 0x00, 0x01, 0xF0, 0x3C, 0x1E, 0x02, 0x00, 0x1F, 0x03, 0xC1, 0xE0, 0x78, 0x00, 0xF8,
    0x7C, 0x3E, 0x07, 0x00, 0x0F, 0xFF, 0xFF, 0xFE, 0xF0, 0x00, 0xFF, 0xFF, 0xFF, 0xEF, 0x00, 0x0F,
    0xFF, 0xFF, 0xFE, 0xF0, 0x00, 0xFF, 0xE7, 0xFB, 0xEF, 0x00, 0x0F, 0x7C, 0x3F, 0x1E, 0xF0, 0x00,
    0xF0, 0x00, 0x00, 0x0F, 0x00, 0x1F, 0x00, 0x00, 0x00, 0xF8, 0x01, 0xF0, 0x00, 0x00, 0x0F, 0xE0,
    0x7E, 0x00, 0x00, 0x00, 0x7F, 0xFF, 0xE0, 0x00, 0x00, 0x07, 0xFF, 0xFC, 0x00, 0x00, 0x00, 0x3F,
    0xFF, 0x80, 0x00, 0x00, 0x00, 0xFF, 0xF0, 0x00, 0x00, 0x00, 0x01, 0xF0, 0x00, 0x00, 0x00, 0x00,
    0x00, 0x01, 0x80, 0x00, 0x00, 0x3C, 0x00, 0x00, 0x03, 0xC0, 0x00, 0x00, 0x18, 0x00, 0x00, 0x0C,
    0x30, 0x00, 0x01, 0xE7, 0x80, 0x00, 0x1E, 0x78, 0x00, 0x00, 0xC3, 0x00, 0x00, 0x00, 0x01, 0xE0,
    0x00, 0x00, 0x1E, 0x03, 0x81, 0xC1, 0xE0, 0x3C, 0x1E, 0x1F, 0x03, 0xC1, 0xE0, 0xF0, 0x3C, 0x1E,
    0x0F, 0x03, 0xC1, 0xE0, 0xF0, 0x3C, 0x1E, 0x0F, 0x07, 0xC3, 0xE1, 0xF3, 0xFF, 0xFF, 0xFF, 0x7F,
    0xFF, 0xFF, 0xE7, 0xFF, 0xFF, 0xFE, 0x7E, 0xFF, 0x7F, 0xC7, 0xC3, 0xE1, 0xF8, 0x00, 0x01, 0x80,
    0x00, 0x00, 0x03, 0xC0, 0x00, 0x00, 0x03, 0xC0, 0x00, 0x00, 0x01, 0x80, 0x00, 0x00, 0x0C, 0x30,
    0x00, 0x00, 0x1E, 0x78, 0x00, 0x00, 0x1E, 0x78, 0x00, 0x00, 0x0C, 0x30, 0x00, 0x00, 0x00, 0x00,
    0x00, 0x00, 0x00, 0x01, 0xC0, 0x07, 0x03, 0x81, 0xE0, 0x07, 0x83, 0xC1, 0xE0, 0x07, 0x83, 0xC1,
    0xE0, 0x07, 0x83, 0xC1, 0xE0, 0x07, 0x83, 0xC1, 0xE0, 0x07, 0x83, 0xC1, 0xE0, 0x0F, 0x87, 0xC3,
    0xE0, 0x7F, 0xFF, 0xFF, 0xFE, 0x7F, 0xFF, 0xFF, 0xFE, 0xFF, 0xFF, 0xFF, 0xFE, 0xFD, 0xFF, 0x7F,
    0xBE, 0x78, 0x7C, 0x3F, 0x1E, 0x00, 0x00, 0x00, 0x01, 0xF8, 0x00, 0x00, 0x00, 0x00, 0x3F, 0xF0,
    0x00, 0x00, 0x00, 0x03, 0xFF, 0xC0, 0x00, 0x00, 0x00, 0x3F, 0xFF, 0x00, 0x00, 0x00, 0x03, 0xFF,
    0xF8, 0x00, 0x00, 0x70, 0x3F, 0x03, 0xE0, 0x00, 0x0F, 0x83, 0xE0, 0x0F, 0x00, 0x00, 0x7C, 0x1E,
    0x00, 0x78, 0x00, 0x01, 0xF1, 0xE0, 0x03, 0xC1, 0x00, 0x0F, 0x8F, 0x00, 0x3E, 0x1E, 0x00, 0x3E,
    0xF0, 0x03, 0xF0, 0xE0, 0x01, 0xFF, 0xFF, 0xFF, 0xFF, 0x00, 0x0F, 0xFF, 0xFF, 0xFF, 0xF8, 0x00,
    0x7F, 0xFF, 0xFF, 0xFF, 0xC0, 0x03, 0xFF, 0xFF, 0xFB, 0xFE, 0x00, 0x1E, 0xFF, 0xFE, 0x07, 0xF0,
    0x00, 0xF0, 0x00, 0x00, 0x07, 0x80, 0x0F, 0x80, 0x00, 0x00, 0x3E, 0x00, 0x7C, 0x00, 0x00, 0x01,
    0xFC, 0x0F, 0xC0, 0x00, 0x00, 0x07, 0xFF, 0xFE, 0x00, 0x00, 0x00, 0x3F, 0xFF, 0xE0, 0x00, 0x00,
    0x00, 0xFF, 0xFE, 0x00, 0x00, 0x00, 0x01, 0xFF, 0xE0, 0x00, 0x00, 0x00, 0x01, 0xF0, 0x00, 0x00,
    0x00, 0x00, 0x00, 0x00, 0x0F, 0xC0, 0x00, 0x00, 0x7F, 0xE0, 0x1C, 0x01, 0xFF, 0xE0, 0x3C, 0x07,
    0xFF, 0xE0, 0x78, 0x1F, 0xFF, 0xC0, 0xF0, 0x7E, 0x07, 0xC1, 0xE1, 0xF0, 0x07, 0x83, 0xC3, 0xC0,
    0x0F, 0x07, 0x8F, 0x00, 0x1E, 0x0F, 0x1E, 0x00, 0x7C, 0x1E, 0x78, 0x01, 0xF9, 0xFF, 0xFF, 0xFF,
    0xE7, 0xFF, 0xFF, 0xFF, 0xCF, 0xFF, 0xFF, 0xFF, 0x1F, 0x7F, 0xFF, 0xFC, 0x3C, 0x3F, 0xFF, 0xE0,
    0x00, 0x00, 0x0F, 0xC0, 0x00, 0x00, 0x0F, 0xFC, 0x00, 0x70, 0x07, 0xFF, 0x80, 0x1E, 0x03, 0xFF,
    0xF0, 0x07, 0x81, 0xFF, 0xFC, 0x01, 0xE0, 0xFC, 0x0F, 0x80, 0x78, 0x7C, 0x01, 0xE0, 0x1E, 0x1E,
    0x00, 0x78, 0x07, 0x8F, 0x00, 0x1E, 0x01, 0xE3, 0xC0, 0x0F, 0x80, 0x79, 0xE0, 0x07, 0xE0, 0xFF,
    0xFF, 0xFF, 0xFF, 0x7F, 0xFF, 0xFF, 0xFF, 0xDF, 0xFF, 0xFF, 0xFF, 0xF7, 0xDF, 0xFF, 0xFF, 0x7D,
    0xE1, 0xFF, 0xFE, 0x07, 0x00, 0x00, 0x00, 0x00, 0xC0, 0x00, 0x00, 0x00, 0x00, 0x0F, 0x00, 0x00,
    0x00, 0x00, 0x00, 0x78, 0x00, 0x00, 0x00, 0x00, 0x03, 0xC0, 0x00, 0x00, 0x00, 0x00, 0x0C, 0x00,
    0x00, 0x00, 0x00, 0x00, 0x00, 0x00, 0x00, 0x00, 0x00, 0x07, 0xE0, 0x00, 0x00, 0x00, 0x00, 0xFF,
    0xC0, 0x00, 0x00, 0x00, 0x0F, 0xFF, 0x00, 0x00, 0x00, 0x00, 0xFF, 0xFC, 0x00, 0x00, 0x00, 0x0F,
    0xFF, 0xE0, 0x00, 0x01, 0xC0, 0xFC, 0x0F, 0x80, 0x00, 0x3E, 0x0F, 0x80, 0x3C, 0x00, 0x01, 0xF0,
    0x78, 0x01, 0xE0, 0x00, 0x07, 0xC7, 0x80, 0x0F, 0x04, 0x00, 0x3E, 0x3C, 0x00, 0xF8, 0x78, 0x00,
    0xFB, 0xC0, 0x0F, 0xC3, 0x80, 0x07, 0xFF, 0xFF, 0xFF, 0xFC, 0x00, 0x3F, 0xFF, 0xFF, 0xFF, 0xE0,
    0x01, 0xFF, 0xFF, 0xFF, 0xFF, 0x00, 0x0F, 0xFF, 0xFF, 0xEF, 0xF8, 0x00, 0x7B, 0xFF, 0xF8, 0x1F,
    0xC0, 0x03, 0xC0, 0x00, 0x00, 0x1E, 0x00, 0x3E, 0x00, 0x00, 0x00, 0xF8, 0x01, 0xF0, 0x00, 0x00,
    0x07, 0xF0, 0x3F, 0x00, 0x00, 0x00, 0x1F, 0xFF, 0xF8, 0x00, 0x00, 0x00, 0xFF, 0xFF, 0x80, 0x00,
    0x00, 0x03, 0xFF, 0xF8, 0x00, 0x00, 0x00, 0x07, 0xFF, 0x80, 0x00, 0x00, 0x00, 0x07, 0xC0, 0x00,
    0x00, 0x00, 0x00, 0x00, 0x00, 0x06, 0x00, 0x00, 0x00, 0x1E, 0x00, 0x00, 0x00, 0x3C, 0x00, 0x00,
    0x00, 0x78, 0x00, 0x00, 0x00, 0x60, 0x00, 0x00, 0x00, 0x00, 0x00, 0x00, 0x03, 0xF0, 0x00, 0x00,
    0x1F, 0xF8, 0x07, 0x00, 0x7F, 0xF8, 0x0F, 0x01, 0xFF, 0xF8, 0x1E, 0x07, 0xFF, 0xF0, 0x3C, 0x1F,
    0x81, 0xF0, 0x78, 0x7C, 0x01, 0xE0, 0xF0, 0xF0, 0x03, 0xC1, 0xE3, 0xC0, 0x07, 0x83, 0xC7, 0x80,
    0x1F, 0x07, 0x9E, 0x00, 0x7E, 0x7F, 0xFF, 0xFF, 0xF9, 0xFF, 0xFF, 0xFF, 0xF3, 0xFF, 0xFF, 0xFF,
    0xC7, 0xDF, 0xFF, 0xFF, 0x0F, 0x0F, 0xFF, 0xF8, 0x00, 0x00, 0x00, 0x06, 0x00, 0x00, 0x00, 0x03,
    0xC0, 0x00, 0x00, 0x00, 0xF0, 0x00, 0x00, 0x00, 0x3C, 0x00, 0x00, 0x00, 0x06, 0x00, 0x00, 0x00,
    0x00, 0x00, 0x00, 0x00, 0x00, 0xFC, 0x00, 0x00, 0x00, 0xFF, 0xC0, 0x07, 0x00, 0x7F, 0xF8, 0x01,
    0xE0, 0x3F, 0xFF, 0x00, 0x78, 0x1F, 0xFF, 0xC0, 0x1E, 0x0F, 0xC0, 0xF8, 0x07, 0x87, 0xC0, 0x1E,
    0x01, 0xE1, 0xE0, 0x07, 0x80, 0x78, 0xF0, 0x01, 0xE0, 0x1E, 0x3C, 0x00, 0xF8, 0x07, 0x9E, 0x00,
    0x7E, 0x0F, 0xFF, 0xFF, 0xFF, 0xF7, 0xFF, 0xFF, 0xFF, 0xFD, 0xFF, 0xFF, 0xFF, 0xFF, 0x7D, 0xFF,
    0xFF, 0xF7, 0xDE, 0x1F, 0xFF, 0xE0, 0x70, 0x00, 0x00, 0x00, 0x00, 0x0F, 0x00, 0x00, 0x00, 0x3C,
    0x00, 0x00, 0x00, 0xF0, 0x00, 0x00, 0x03, 0xC0, 0x00, 0x00, 0x0F, 0x00, 0x00, 0x00, 0x3C, 0x00,
    0x00, 0x00, 0xF0, 0x00, 0x00, 0x03, 0xC0, 0x00, 0x00, 0x0F, 0x00, 0x00, 0x00, 0x3C, 0x00, 0x00,
    0x00, 0xF0, 0x7E, 0x00, 0x03, 0xC7, 0xFE, 0x00, 0x0F, 0x3F, 0xFC, 0x00, 0x3F, 0xFF, 0xF8, 0x00,
    0xFF, 0xFF, 0xE0, 0x03, 0xFE, 0x07, 0xC0, 0x0F, 0xE0, 0x0F, 0x00, 0x3F, 0x00, 0x3C, 0x00, 0xF8,
    0x00, 0xF0, 0x03, 0xC0, 0x07, 0xC0, 0x0F, 0x00, 0x3F, 0x83, 0xFF, 0xFF, 0xFF, 0x9F, 0xFF, 0xFF,
    0xFF, 0x7F, 0xFF, 0xFF, 0xFD, 0xFF, 0xFF, 0xF9, 0xF7, 0xFF, 0xFF, 0x03, 0x80, 0x00, 0x00, 0x00,
    0x00, 0xF0, 0x00, 0x00, 0x3C, 0x00, 0x00, 0x0F, 0x00, 0x00, 0x03, 0xC0, 0x00, 0x00, 0xF0, 0x00,
    0x00, 0x3C, 0x00, 0x00, 0x0F, 0x00, 0x00, 0x03, 0xC0, 0x00, 0x00, 0xF0, 0x00, 0x00, 0x3C, 0x00,
    0x00, 0x0F, 0x07, 0xE0, 0x03, 0xC7, 0xFE, 0x00, 0xF3, 0xFF, 0xC0, 0x3F, 0xFF, 0xF8, 0x0F, 0xFF,
    0xFE, 0x03, 0xFE, 0x07, 0xC0, 0xFE, 0x00, 0xF0, 0x3F, 0x00, 0x3C, 0x0F, 0x80, 0x0F, 0x03, 0xC0,
    0x07, 0xC1, 0xF0, 0x03, 0xF7, 0xFF, 0xFF, 0xF9, 0xFF, 0xFF, 0xFE, 0xFF, 0xFF, 0xFF, 0x3F, 0xFF,
    0xFF, 0x87, 0xFF, 0xFF, 0x80, 0x00, 0x00, 0x00, 0x00, 0x0F, 0x00, 0x00, 0x00, 0x3C, 0x00, 0x00,
    0x00, 0xF0, 0x00, 0x00, 0x03, 0xC0, 0x00, 0x00, 0x0F, 0x00, 0x00, 0x00, 0x3C, 0x00, 0x00, 0x00,
    0xF0, 0x00, 0x00, 0x03, 0xC0, 0x00, 0x00, 0x0F, 0x00, 0x00, 0x00, 0x3C, 0x00, 0x00, 0x00, 0xF0,
    0x7E, 0x00, 0x03, 0xC7, 0xFE, 0x00, 0x0F, 0x3F, 0xFC, 0x00, 0x3F, 0xFF, 0xF8, 0x00, 0xFF, 0xFF,
    0xE0, 0x03, 0xFE, 0x07, 0xC0, 0x0F, 0xE0, 0x0F, 0x00, 0x3F, 0x00, 0x3C, 0x00, 0xF8, 0x00, 0xF0,
    0x03, 0xC0, 0x07, 0xC0, 0x1F, 0x00, 0x3F, 0x87, 0xFF, 0xFF, 0xFF, 0x9F, 0xFF, 0xFF, 0xFF, 0xFF,
    0xFF, 0xFF, 0xFF, 0xFF, 0xFF, 0xF9, 0xF7, 0xFF, 0xFF, 0x03, 0x80, 0x03, 0xC0, 0x00, 0x00, 0x0F,
    0x00, 0x00, 0x00, 0x3C, 0x00, 0x00, 0x00, 0xF0, 0x00, 0x00, 0x03, 0xC0, 0xC0, 0x00, 0x0F, 0x07,
    0x80, 0x00, 0x3C, 0x1E, 0x00, 0x00, 0xF0, 0x78, 0x00, 0x03, 0xC0, 0x40, 0x00, 0x0F, 0x00, 0x00,
    0x00, 0x3C, 0x1F, 0x80, 0x00, 0xF1, 0xFF, 0x80, 0x03, 0xCF, 0xFF, 0x00, 0x0F, 0xFF, 0xFE, 0x00,
    0x3F, 0xFF, 0xF8, 0x00, 0xFF, 0x81, 0xF0, 0x03, 0xF8, 0x03, 0xC0, 0x0F, 0xC0, 0x0F, 0x00, 0x3E,
    0x00, 0x3C, 0x00, 0xF0, 0x01, 0xF0, 0x03, 0xC0, 0x0F, 0xE0, 0xFF, 0xFF, 0xFF, 0xE7, 0xFF, 0xFF,
    0xFF, 0xDF, 0xFF, 0xFF, 0xFF, 0x7F, 0xFF, 0xFE, 0x7D, 0xFF, 0xFF, 0xC0, 0xE0, 0x03, 0xC0, 0x00,
    0x00, 0xF0, 0x00, 0x00, 0x3C, 0x00, 0x00, 0x0F, 0x00, 0x00, 0x03, 0xC0, 0xC0, 0x00, 0xF0, 0x78,
    0x00, 0x3C, 0x1E, 0x00, 0x0F, 0x07, 0x80, 0x03, 0xC0, 0x40, 0x00, 0xF0, 0x00, 0x00, 0x3C, 0x1F,
    0x80, 0x0F, 0x1F, 0xF8, 0x03, 0xCF, 0xFF, 0x00, 0xFF, 0xFF, 0xE0, 0x3F, 0xFF, 0xF8, 0x0F, 0xF8,
    0x1F, 0x03, 0xF8, 0x03, 0xC0, 0xFC, 0x00, 0xF0, 0x3E, 0x00, 0x3C, 0x0F, 0x00, 0x1F, 0x07, 0xC0,
    0x0F, 0xDF, 0xFF, 0xFF, 0xE7, 0xFF, 0xFF, 0xFB, 0xFF, 0xFF, 0xFC, 0xFF, 0xFF, 0xFE, 0x1F, 0xFF,
    0xFE, 0x00, 0x03, 0xC0, 0x00, 0x00, 0x0F, 0x00, 0x00, 0x00, 0x3C, 0x00, 0x00, 0x00, 0xF0, 0x00,
    0x00, 0x03, 0xC0, 0xC0, 0x00, 0x0F, 0x07, 0x80, 0x00, 0x3C, 0x1E, 0x00, 0x00, 0xF0, 0x78, 0x00,
    0x03, 0xC0, 0x40, 0x00, 0x0F, 0x00, 0x00, 0x00, 0x3C, 0x1F, 0x80, 0x00, 0xF1, 0xFF, 0x80, 0x03,
    0xCF, 0xFF, 0x00, 0x0F, 0xFF, 0xFE, 0x00, 0x3F, 0xFF, 0xF8, 0x00, 0xFF, 0x81, 0xF0, 0x03, 0xF8,
    0x03, 0xC0, 0x0F, 0xC0, 0x0F, 0x00, 0x3E, 0x00, 0x3C, 0x00, 0xF0, 0x01, 0xF0, 0x07, 0xC0, 0x0F,
    0xE1, 0xFF, 0xFF, 0xFF, 0xE7, 0xFF, 0xFF, 0xFF, 0xFF, 0xFF, 0xFF, 0xFF, 0xFF, 0xFF, 0xFE, 0x7D,
    0xFF, 0xFF, 0xC0, 0xE0, 0x0F, 0xF8, 0x07, 0xFF, 0xC0, 0x7F, 0xFE, 0x0F, 0xFF, 0xF0, 0xFF, 0xFF,
    0x0F, 0x80, 0xF0, 0x7C, 0x0F, 0x03, 0xF0, 0xF0, 0x0F, 0xBE, 0x00, 0x7F, 0xC0, 0x07, 0xF8, 0x00,
    0xFF, 0xFE, 0x1F, 0xFF, 0xE3, 0xF7, 0xFE, 0x7C, 0x3F, 0xE7, 0x80, 0xFE, 0xF8, 0x00, 0x0F, 0x00,
    0x00, 0xF0, 0x00, 0x0F, 0x00, 0x00, 0xF0, 0x00, 0x0F, 0x80, 0x00, 0xF8, 0x00, 0x07, 0xF0, 0x3C,
    0x7F, 0xFF, 0xC3, 0xFF, 0xFE, 0x1F, 0xFF, 0xE0, 0x7F, 0xF8, 0x00, 0xF8, 0x00, 0x01, 0xFE, 0x00,
    0xFF, 0xE0, 0x3F, 0xFC, 0x07, 0xFF, 0x01, 0xFF, 0xE0, 0x3E, 0x00, 0x07, 0x80, 0x00, 0xF0, 0x00,
    0x1E, 0x00, 0x01, 0xE0, 0x00, 0x3E, 0x07, 0xBF, 0xFF, 0xF7, 0xFF, 0xFF, 0xFF, 0xFF, 0xFF, 0xFF,
    0xF7, 0xFF, 0xE0, 0x01, 0xFF, 0x00, 0x1F, 0xFF, 0x80, 0x3F, 0xFF, 0x80, 0x7F, 0xFF, 0x80, 0xFF,
    0xFF, 0x01, 0xE0, 0x1E, 0x03, 0xF0, 0x3C, 0x01, 0xF0, 0xF0, 0x01, 0xF3, 0xE0, 0x01, 0xFF, 0x80,
    0x01, 0xFE, 0x01, 0xFF, 0xFF, 0xE7, 0xFF, 0xFF, 0xEF, 0xFF, 0xFF, 0xDF, 0xF8, 0xFF, 0xBF, 0x80,
    0x7E, 0x00, 0x80, 0x00, 0x1E, 0x00, 0x01, 0xE0, 0x00, 0x1E, 0x00, 0x00, 0xC0, 0x00, 0x00, 0x00,
    0x00, 0x00, 0x00, 0xFF, 0x80, 0x7F, 0xFC, 0x07, 0xFF, 0xE0, 0xFF, 0xFF, 0x0F, 0xFF, 0xF0, 0xF8,
    0x0F, 0x07, 0xE0, 0xF0, 0x3F, 0x0F, 0x00, 0xFB, 0xE0, 0x07, 0xFC, 0x00, 0x3F, 0x80, 0x0F, 0xFF,
    0xE1, 0xFF, 0xFE, 0x3F, 0x7F, 0xE7, 0xC3, 0xFE, 0x78, 0x0F, 0xEF, 0x80, 0x00, 0xF0, 0x00, 0x0F,
    0x00, 0x00, 0xF0, 0x00, 0x0F, 0x00, 0x00, 0xF8, 0x00, 0x0F, 0x80, 0x00, 0x7F, 0x03, 0xC7, 0xFF,
    0xFC, 0x3F, 0xFF, 0xE1, 0xFF, 0xFE, 0x07, 0xFF, 0x80, 0x0F, 0x80, 0x00, 0x30, 0x00, 0x0F, 0x00,
    0x01, 0xE0, 0x00, 0x3C, 0x00, 0x02, 0x00, 0x00, 0x00, 0x00, 0x00, 0x00, 0x0F, 0xE0, 0x07, 0xFF,
    0x01, 0xFF, 0xE0, 0x3F, 0xF8, 0x0F, 0xFF, 0x01, 0xF0, 0x00, 0x3C, 0x00, 0x07, 0x80, 0x00, 0xF0,
    0x00, 0x0F, 0x00, 0x01, 0xF0, 0x3D, 0xFF, 0xFF, 0xBF, 0xFF, 0xFF, 0xFF, 0xFF, 0xFF, 0xFF, 0xBF,
    0xFF, 0x00, 0x00, 0x20, 0x00, 0x00, 0xF0, 0x00, 0x01, 0xE0, 0x00, 0x03, 0xC0, 0x00, 0x03, 0x00,
    0x00, 0x00, 0x00, 0x00, 0x00, 0x00, 0x01, 0xFF, 0x80, 0x0F, 0xFF, 0x80, 0x3F, 0xFF, 0x80, 0x7F,
    0xFF, 0x80, 0xFF, 0xFF, 0x01, 0xF0, 0x1E, 0x01, 0xF0, 0x3C, 0x01, 0xF0, 0xF8, 0x01, 0xF3, 0xE0,
    0x01, 0xFF, 0x80, 0x01, 0xFE, 0x01, 0xFF, 0xFF, 0xF3, 0xFF, 0xFF, 0xEF, 0xFF, 0xFF, 0xDF, 0xF8,
    0xFF, 0x9F, 0x80, 0x7F, 0x00, 0x00, 0x00, 0x06, 0x00, 0x00, 0x00, 0x0F, 0x00, 0x00, 0x00, 0x0F,
    0x00, 0x00, 0x00, 0x0F, 0x00, 0x00, 0x00, 0x04, 0x00, 0x00, 0x00, 0x00, 0x00, 0x00, 0x00, 0x02,
    0x00, 0x00, 0x00, 0x1F, 0xC0, 0x00, 0x00, 0x3F, 0xE0, 0x00, 0x00, 0x7F, 0xF0, 0x00, 0x00, 0xFF,
    0xF8, 0x00, 0x00, 0xF8, 0xF8, 0x70, 0x00, 0xF0, 0x78, 0xF0, 0x00, 0xF0, 0x78, 0xF0, 0x00, 0xF0,
    0x78, 0xF0, 0x00, 0xF0, 0x78, 0xF0, 0x00, 0x78, 0xF0, 0xF0, 0x00, 0x3F, 0xE0, 0xF8, 0x00, 0x3F,
    0xFE, 0xFF, 0xFF, 0xFF, 0xFF, 0xFF, 0xFF, 0xFF, 0xFF, 0x7F, 0xFF, 0xFF, 0xFF, 0x3F, 0xFF, 0xF0,
    0x7F, 0x0F, 0xFF, 0x80, 0x00, 0x01, 0x00, 0x03, 0xC0, 0x03, 0xC0, 0x03, 0xC0, 0x01, 0x80, 0x00,
    0x00, 0x00, 0x00, 0x03, 0xE0, 0x07, 0xF8, 0x0F, 0xFC, 0x1F, 0xFC, 0x3F, 0xFE, 0x3C, 0x3E, 0x3C,
    0x1E, 0x3C, 0x1E, 0x3C, 0x1F, 0x3E, 0x1F, 0x3F, 0xFF, 0x1F, 0xFF, 0x0F, 0xFE, 0x07, 0xFE, 0x00,
    0x3E, 0x3F, 0xFE, 0x7F, 0xFC, 0xFF, 0xF8, 0xFF, 0xF0, 0x7F, 0x80, 0x00, 0x20, 0x00, 0x0F, 0x00,
    0x00, 0xF0, 0x00, 0x0F, 0x00, 0x00, 0x60, 0x00, 0x00, 0x00, 0x00, 0x00, 0x00, 0x0F, 0x80, 0x03,
    0xFE, 0x00, 0x7F, 0xF0, 0x07, 0xFF, 0x00, 0xFF, 0xF8, 0x0F, 0x8F, 0x80, 0xF0, 0x78, 0x0F, 0x07,
    0x80, 0xF0, 0x78, 0x0F, 0x07, 0x00, 0x78, 0xF0, 0x03, 0xFE, 0x03, 0xFF, 0xFE, 0x7F, 0xFF, 0xF7,
    0xFF, 0xFF, 0x7F, 0xFF, 0xF7, 0xF0, 0x7F, 0x00, 0x04, 0x20, 0x00, 0x01, 0xCE, 0x00, 0x00, 0x79,
    0xE0, 0x00, 0x0F, 0x3C, 0x00, 0x00, 0xC3, 0x00, 0x00, 0x00, 0x00, 0x00, 0x00, 0x00, 0x00, 0x00,
    0x0C, 0x00, 0x00, 0x0F, 0xE0, 0x00, 0x03, 0xFE, 0x00, 0x00, 0xFF, 0xE0, 0x00, 0x1F, 0xFE, 0x00,
    0x07, 0xC7, 0xC0, 0x00, 0xF0, 0x38, 0x00, 0x1E, 0x07, 0x03, 0x83, 0xE0, 0xF0, 0x70, 0x7F, 0xFF,
    0xDE, 0x07, 0xFF, 0xFB, 0xC0, 0xFF, 0xFF, 0x78, 0x0F, 0xFF, 0xEF, 0x00, 0x7F, 0xFD, 0xE0, 0x00,
    0x38, 0x3C, 0x00, 0x0F, 0x07, 0xC0, 0x03, 0xE0, 0xFF, 0x01, 0xF8, 0x0F, 0xFF, 0xFF, 0x00, 0xFF,
    0xFF, 0xC0, 0x0F, 0xFF, 0xF0, 0x00, 0xFF, 0xF8, 0x00, 0x00, 0xF0, 0x00, 0x00, 0x06, 0x30, 0x0F,
    0x78, 0x0F, 0x78, 0x0E, 0x38, 0x04, 0x10, 0x00, 0x00, 0x00, 0x00, 0x03, 0xE0, 0x07, 0xF8, 0x0F,
    0xFC, 0x1F, 0xFC, 0x3F, 0xFE, 0x3C, 0x3E, 0x3C, 0x1E, 0x3C, 0x1E, 0x3C, 0x0F, 0x3E, 0x1F, 0x3F,
    0xFF, 0x1F, 0xFF, 0x0F, 0xFE, 0x07, 0xFE, 0x00, 0x3E, 0x3F, 0xFE, 0x7F, 0xFC, 0xFF, 0xF8, 0xFF,
    0xF0, 0x7F, 0x80, 0x01, 0x8C, 0x00, 0x3D, 0xE0, 0x03, 0xDE, 0x00, 0x38, 0xE0, 0x01, 0x04, 0x00,
    0x00, 0x00, 0x00, 0x00, 0x00, 0x0F, 0x80, 0x03, 0xFE, 0x00, 0x7F, 0xF0, 0x07, 0xFF, 0x00, 0xFF,
    0xF8, 0x0F, 0x8F, 0x80, 0xF0, 0x78, 0x0F, 0x07, 0x80, 0xF0, 0x78, 0x0F, 0x07, 0x00, 0x78, 0xF0,
    0x03, 0xFE, 0x03, 0xFF, 0xFE, 0x7F, 0xFF, 0xF7, 0xFF, 0xFF, 0x7F, 0xFF, 0xF7, 0xF0, 0x7F, 0x00,
    0x00, 0x0F, 0x00, 0x00, 0x00, 0x78, 0x00, 0x00, 0x03, 0xC0, 0x00, 0x00, 0x1E, 0x00, 0x00, 0x00,
    0xF0, 0x00, 0x00, 0x07, 0x80, 0x00, 0x00, 0x3C, 0x00, 0x00, 0x41, 0xE0, 0x00, 0x0E, 0x0F, 0x00,
    0x00, 0xF0, 0x78, 0x00, 0x0F, 0x03, 0xC0, 0x00, 0xF0, 0x1E, 0x00, 0x07, 0xE0, 0xF0, 0x00, 0x07,
    0x07, 0x81, 0x80, 0x38, 0x3C, 0x0E, 0x1F, 0xC1, 0xE0, 0xF0, 0x78, 0x0F, 0x07, 0x80, 0x00, 0x78,
    0x3C, 0x00, 0x03, 0xC1, 0xE0, 0x00, 0x3F, 0x0F, 0x80, 0x07, 0xFF, 0x7F, 0xFF, 0xFF, 0xFB, 0xFF,
    0xFF, 0xFF, 0xCF, 0xFF, 0xFF, 0x7E, 0x3F, 0xFF, 0xF0, 0xF0, 0x7F, 0xFC, 0x00, 0x00, 0x00, 0x00,
    0x00, 0x0C, 0x00, 0x78, 0x03, 0xF0, 0x0F, 0xE0, 0x7F, 0x83, 0xFC, 0x1F, 0xE0, 0x3F, 0x00, 0xFC,
    0x01, 0xF8, 0x03, 0xFC, 0x03, 0xFC, 0x01, 0xFE, 0x00, 0xFE, 0x00, 0x7C, 0x00, 0x7C, 0x00, 0x78,
    0x00, 0xF0, 0x01, 0xE0, 0x0F, 0xC7, 0xFF, 0x1F, 0xFC, 0x7F, 0xF8, 0xFF, 0xC0, 0xFC, 0x00, 0x00,
    0x00, 0x00, 0x00, 0x38, 0x00, 0x0F, 0x80, 0x01, 0xF8, 0x00, 0x7F, 0x00, 0x1F, 0xE0, 0x07, 0xF8,
    0x00, 0xFE, 0x00, 0x1F, 0x80, 0x01, 0xF0, 0x00, 0x3C, 0x00, 0x03, 0xE0, 0x00, 0x1F, 0x00, 0x00,
    0xF8, 0x00, 0x0F, 0x80, 0x00, 0x7C, 0x00, 0x03, 0xE0, 0x00, 0x3F, 0x00, 0x01, 0xF8, 0x00, 0x1F,
    0xC0, 0x03, 0xFE, 0x03, 0xFF, 0xFE, 0x7F, 0x9F, 0xF7, 0xF8, 0xFF, 0x7F, 0x07, 0xF7, 0xC0, 0x1E,
    0x00, 0x00, 0xF0, 0x00, 0x00, 0xF0, 0x00, 0x00, 0xF0, 0x00, 0x00, 0xF0, 0x00, 0x00, 0xF0, 0x00,
    0x00, 0xF0, 0x00, 0x00, 0xF0, 0x00, 0x00, 0xF0, 0x00, 0x00, 0xF0, 0x00, 0x00, 0xF0, 0x00, 0x00,
    0xF0, 0x00, 0x00, 0xF0, 0x00, 0x00, 0xF0, 0x00, 0x00, 0xF0, 0x00, 0x00, 0xF0, 0x00, 0x00, 0xF0,
    0x00, 0x00, 0xF0, 0x00, 0x00, 0xF0, 0x70, 0x00, 0xF0, 0x78, 0x00, 0xF0, 0x70, 0x00, 0xF0, 0xF0,
    0x00, 0xFE, 0xF0, 0x00, 0xFE, 0xF0, 0x00, 0xFE, 0xF0, 0x00, 0xFE, 0xF0, 0x01, 0xFE, 0xF0, 0x01,
    0xE0, 0xF8, 0x03, 0xE0, 0xFE, 0x07, 0xE0, 0x7F, 0xFF, 0xC0, 0x3F, 0xFF, 0xC0, 0x3F, 0xFF, 0x00,
    0x0F, 0xFE, 0x00, 0x01, 0xE0, 0x00, 0x0F, 0x0F, 0x0F, 0x0F, 0x0F, 0x0F, 0x0F, 0x0F, 0x0F, 0x0F,
    0x0F, 0x0F, 0x0F, 0x0F, 0x0F, 0x0F, 0x0F, 0x0F, 0x0F, 0x0F, 0x1F, 0x3F, 0x7E, 0xFE, 0xFC, 0x78,
    0x0F, 0x01, 0xE0, 0x3C, 0x07, 0x80, 0xF0, 0x1E, 0x03, 0xC0, 0x78, 0x0F, 0x01, 0xE0, 0x3C, 0x07,
    0x80, 0xF0, 0x1E, 0x03, 0xC0, 0x78, 0x0F, 0x01, 0xE0, 0x3C, 0x07, 0x80, 0xF0, 0x7F, 0x9F, 0xFB,
    0xFF, 0x7F, 0xEE, 0x3C, 0x00, 0x06, 0x00, 0x00, 0x3F, 0x80, 0x00, 0x7F, 0xC0, 0x00, 0xFF, 0xE0,
    0x00, 0xFF, 0xE0, 0x01, 0xF1, 0xF0, 0x03, 0xE0, 0xF0, 0x0B, 0xC0, 0xF0, 0x3F, 0x80, 0xF0, 0x7F,
    0x80, 0xF8, 0x7F, 0xE0, 0xFE, 0xFF, 0xFF, 0xFF, 0xFB, 0xFF, 0xFF, 0xF0, 0xFF, 0xFF, 0xF0, 0x3F,
    0xCE, 0xF0, 0x0F, 0x80, 0xF0, 0x00, 0x00, 0xF0, 0x00, 0x00, 0xF0, 0x00, 0x00, 0xF0, 0x00, 0x00,
    0xF0, 0x00, 0x00, 0xF8, 0x00, 0x00, 0xF8, 0x00, 0x00, 0xF8, 0x00, 0x00, 0x78, 0x00, 0x00, 0x78,
    0x00, 0x00, 0x78, 0x00, 0x00, 0x00, 0x00, 0x00, 0x00, 0x06, 0x00, 0x03, 0xF8, 0x00, 0x7F, 0xC0,
    0x0F, 0xFE, 0x01, 0xFF, 0xE0, 0x1F, 0x3E, 0x03, 0xC1, 0xF0, 0x3C, 0x0F, 0x07, 0x80, 0xF0, 0xF8,
    0x0F, 0x3F, 0xE1, 0xF7, 0xFF, 0xFF, 0x7F, 0xFF, 0xE7, 0xCF, 0xFE, 0x78, 0x7F, 0xC0, 0x00, 0xF8,
    0x00, 0x06, 0x00, 0x00, 0x3F, 0x80, 0x00, 0x7F, 0xC0, 0x00, 0xFF, 0xE0, 0x01, 0xFF, 0xE0, 0x01,
    0xF3, 0xF0, 0x03, 0xC1, 0xF0, 0x03, 0xC0, 0xF0, 0x07, 0x80, 0xF0, 0x0F, 0x80, 0xF0, 0x3F, 0xE1,
    0xFE, 0x7F, 0xFF, 0xFE, 0x7F, 0xFF, 0xFF, 0x7C, 0xFF, 0xFE, 0x78, 0x7F, 0xCE, 0x00, 0x0F, 0x80,
    0x00, 0x80, 0x00, 0x01, 0xE0, 0x00, 0x01, 0xE0, 0x00, 0x01, 0xE0, 0x00, 0x00, 0xC0, 0x00, 0x00,
    0x00, 0xE0, 0x00, 0x03, 0xE0, 0x00, 0x03, 0xE0, 0x00, 0x01, 0xF0, 0x20, 0x01, 0xF0, 0x78, 0x01,
    0xF8, 0x70, 0x00, 0xFE, 0xF0, 0x00, 0xFF, 0xF0, 0x00, 0xFF, 0xF0, 0x00, 0xFF, 0xF0, 0x00, 0xF6,
    0xF0, 0x00, 0xF0, 0xF0, 0x01, 0xF0, 0xF8, 0x01, 0xF0, 0xFE, 0x07, 0xE0, 0x7F, 0xFF, 0xE0, 0x7F,
    0xFF, 0xC0, 0x3F, 0xFF, 0x80, 0x0F, 0xFF, 0x00, 0x01, 0xF0, 0x00, 0x08, 0x07, 0x81, 0xE0, 0x78,
    0x0C, 0x00, 0x00, 0x00, 0x0C, 0x0F, 0x81, 0xE0, 0x78, 0x1E, 0x03, 0xC0, 0xF0, 0x3C, 0x0F, 0x7F,
    0xDF, 0xFF, 0xFB, 0xFC, 0x7E, 0x00, 0x03, 0x00, 0x1E, 0x00, 0x78, 0x01, 0xE0, 0x03, 0x00, 0x00,
    0x00, 0x00, 0x01, 0xE0, 0x07, 0x80, 0x1E, 0x00, 0x78, 0x01, 0xE0, 0x07, 0xC0, 0xFF, 0xE7, 0xFF,
    0x9F, 0xFE, 0x7E, 0xF9, 0xE1, 0xE0, 0x00, 0x1C, 0x00, 0x0F, 0x00, 0x03, 0xC0, 0x00, 0xF0, 0x03,
    0xFC, 0x03, 0xFF, 0x01, 0xFF, 0xC0, 0xFF, 0xF0, 0x7C, 0x3C, 0x3E, 0x0F, 0x0F, 0x03, 0xC3, 0xC0,
    0xF0, 0xF8, 0xFC, 0x3F, 0xFF, 0xEF, 0xFF, 0xF9, 0xFF, 0xFE, 0x3F, 0x9F, 0x83, 0x81, 0xE0, 0x00,
    0x00, 0x00, 0x38, 0x00, 0x01, 0xF0, 0x00, 0x1F, 0xC0, 0x00, 0xFF, 0x80, 0x03, 0xFF, 0x00, 0x3F,
    0xFC, 0x01, 0xFF, 0xF0, 0x1E, 0x3F, 0xE0, 0xE0, 0xFF, 0x07, 0x07, 0xFC, 0x38, 0x39, 0xF1, 0xE3,
    0xC7, 0x87, 0xBC, 0x3D, 0xFF, 0xE1, 0xEF, 0xFF, 0xFF, 0xFF, 0xFF, 0xF7, 0xFF, 0xFF, 0x9F, 0x9F,
    0xF8, 0x00, 0x3F, 0x00, 0x00, 0x18, 0x00, 0x1F, 0xC0, 0x07, 0xFC, 0x01, 0xFF, 0x80, 0x7F, 0xF8,
    0x0F, 0x9F, 0x03, 0xC1, 0xE0, 0x78, 0x3C, 0x0E, 0x07, 0x03, 0xC1, 0xE0, 0x78, 0x78, 0x3F, 0xFF,
    0xE7, 0xFF, 0xFD, 0xFF, 0xFF, 0xBF, 0xFF, 0xF3, 0xFF, 0xFE, 0x1C, 0x1E, 0x03, 0xC1, 0xE0, 0x78,
    0x1C, 0x07, 0x83, 0xC0, 0xF8, 0xF8, 0x0F, 0xFF, 0x00, 0xFF, 0xC0, 0x0F, 0xF8, 0x00, 0xFE, 0x00,
    0x07, 0x00, 0x01, 0x00, 0x03, 0xF8, 0x01, 0xFF, 0x00, 0xFF, 0xE0, 0x3F, 0xF8, 0x1F, 0x1E, 0x07,
    0x83, 0xC1, 0xE0, 0x70, 0x78, 0x1C, 0x1F, 0xFF, 0xE3, 0xFF, 0xF8, 0xFF, 0xFF, 0x1F, 0xFF, 0x81,
    0xFF, 0xE0, 0x03, 0xC0, 0x01, 0xE0, 0x01, 0xF8, 0x01, 0xFC, 0x03, 0xFF, 0x03, 0xFF, 0x80, 0xFF,
    0x80, 0x1F, 0x80, 0x07, 0x80, 0x00, 0x00, 0x00, 0x00, 0x00, 0x00, 0x70, 0x00, 0x00, 0x78, 0x02,
    0x00, 0x70, 0x07, 0xC0, 0xF0, 0x07, 0xFE, 0xF0, 0x0F, 0xFF, 0xF0, 0x0F, 0xFF, 0xF0, 0x01, 0xFF,
    0xF0, 0x00, 0x7E, 0xF0, 0x00, 0x78, 0xF8, 0x00, 0xF8, 0xFE, 0x07, 0xF8, 0x7F, 0xFF, 0xF0, 0x3F,
    0xFF, 0xE0, 0x3F, 0xFF, 0xC0, 0x0F, 0xFF, 0x00, 0x01, 0xF0, 0x00, 0x00, 0x00, 0x00, 0x78, 0x00,
    0x00, 0x78, 0x00, 0x00, 0x78, 0x07, 0xC0, 0xF0, 0x07, 0xFE, 0xF0, 0x0F, 0xFF, 0xF0, 0x0F, 0xFF,
    0xF0, 0x01, 0xFF, 0xF0, 0x00, 0x7E, 0xF0, 0x00, 0x78, 0xF8, 0x00, 0xF8, 0xFE, 0x07, 0xF8, 0x7F,
    0xFF, 0xF0, 0x3F, 0xFF, 0xE0, 0x3F, 0xFF, 0xC0, 0x0F, 0xFF, 0x00, 0x01, 0xF0, 0x00, 0x00, 0x00,
    0x00, 0x02, 0x10, 0x00, 0x07, 0x38, 0x00, 0x07, 0xBC, 0x00, 0x07, 0xBC, 0x00, 0x03, 0x18, 0x00,
    0x03, 0x03, 0xE0, 0xF8, 0x1E, 0x07, 0xC0, 0xF0, 0x3C, 0x0F, 0x03, 0xDF, 0xF7, 0xFB, 0xFE, 0xFF,
    0x1F, 0x00, 0x00, 0x00, 0x20, 0x9C, 0x77, 0xBD, 0xEF, 0x31, 0x80, 0x07, 0x00, 0x3C, 0x01, 0xE0,
    0x0F, 0x00, 0x78, 0x03, 0xC0, 0x1E, 0x07, 0xFE, 0x7F, 0xFB, 0xFF, 0xDF, 0x7E, 0xF1, 0xE0, 0x00,
    0x00, 0x00, 0x41, 0x07, 0x1C, 0x3D, 0xE1, 0xEF, 0x06, 0x30, 0x38, 0x00, 0x07, 0xF0, 0x00, 0xFF,
    0x83, 0xCE, 0x70, 0x3C, 0x00, 0x03, 0xC0, 0x00, 0x3C, 0x3F, 0x03, 0xC1, 0xF8, 0x3C, 0x0F, 0xC3,
    0xC0, 0x7E, 0x3C, 0x03, 0xF7, 0x80, 0x1F, 0xF8, 0x00, 0xFF, 0x80, 0x03, 0xF0, 0x00, 0x1F, 0x00,
    0x01, 0xF8, 0x00, 0x3F, 0xC0, 0x07, 0xFE, 0x00, 0xF9, 0xE0, 0x1F, 0x0F, 0x03, 0xE0, 0xF0, 0xFC,
    0x0F, 0x1F, 0xFF, 0xF1, 0xFF, 0xFE, 0x3F, 0xFF, 0xE3, 0xFF, 0xFC, 0x3F, 0xFF, 0x00, 0x38, 0x00,
    0xF0, 0xFF, 0x01, 0xE1, 0xFE, 0x03, 0xC7, 0x38, 0x07, 0x80, 0x00, 0x0F, 0x00, 0x00, 0x1E, 0x07,
    0xC0, 0x3C, 0x0F, 0x80, 0x78, 0x0F, 0x80, 0xF0, 0x1F, 0x81, 0xE0, 0x1F, 0x03, 0xC0, 0x1F, 0x07,
    0x80, 0x3E, 0x0F, 0x00, 0x3E, 0x1E, 0x00, 0x3C, 0x3C, 0x00, 0x7C, 0x78, 0x00, 0x7C, 0xF0, 0x00,
    0x79, 0xE0, 0x00, 0xF7, 0xC0, 0x00, 0xFF, 0x80, 0x00, 0xFF, 0x07, 0xFF, 0xFF, 0x8F, 0xFF, 0xFF,
    0x9F, 0xFF, 0x9F, 0x3F, 0xFE, 0x3E, 0x7F, 0xF0, 0x1C, 0x3E, 0x00, 0x0F, 0xC0, 0x01, 0xC8, 0x00,
    0x38, 0x00, 0x03, 0xF0, 0x01, 0xFE, 0x07, 0xBF, 0xC0, 0xF2, 0x00, 0x1E, 0x00, 0x03, 0xC7, 0xC0,
    0x78, 0xFC, 0x0F, 0x0F, 0xC1, 0xE0, 0xFC, 0x3C, 0x07, 0xC7, 0x00, 0x7F, 0xE0, 0x07, 0xFC, 0x00,
    0x7F, 0x00, 0x07, 0xE0, 0x00, 0x7C, 0x00, 0x0F, 0xC0, 0x03, 0xFC, 0x00, 0xFF, 0x80, 0x3E, 0x78,
    0x0F, 0x8F, 0x07, 0xE1, 0xE1, 0xF8, 0x3C, 0x7F, 0xFF, 0x9F, 0xFF, 0xF3, 0xFF, 0xFC, 0x7F, 0xFF,
    0x0F, 0xFF, 0x80, 0x00, 0x00, 0x00, 0x7C, 0x00, 0x01, 0xF8, 0x00, 0x03, 0x80, 0x00, 0x07, 0x00,
    0x0E, 0x07, 0xE0, 0x3C, 0x3F, 0xC0, 0x78, 0x7E, 0x00, 0xF0, 0x00, 0x01, 0xE0, 0x00, 0x03, 0xC0,
    0x7C, 0x07, 0x80, 0xF8, 0x0F, 0x00, 0xF8, 0x1E, 0x01, 0xF0, 0x3C, 0x01, 0xF0, 0x78, 0x03, 0xE0,
    0xF0, 0x03, 0xE1, 0xE0, 0x03, 0xC3, 0xC0, 0x07, 0xC7, 0x80, 0x07, 0x8F, 0x00, 0x07, 0x9E, 0x00,
    0x0F, 0x3C, 0x00, 0x0F, 0x78, 0x00, 0x0F, 0xF0, 0x00, 0x1F, 0xF0, 0x7F, 0xFF, 0xF8, 0xFF, 0xFF,
    0xF1, 0xFF, 0xFB, 0xE3, 0xFF, 0xC3, 0xC7, 0xFE, 0x03, 0x80, 0x00, 0x03, 0x80, 0x00, 0xF0, 0x00,
    0x1E, 0x00, 0x03, 0xC1, 0xC0, 0x78, 0xFC, 0x0F, 0x0F, 0xC1, 0xE0, 0x7C, 0x3C, 0x07, 0xE7, 0x80,
    0x7E, 0xF0, 0x07, 0xFC, 0x00, 0x7F, 0x80, 0x07, 0xE0, 0x00, 0x7C, 0x00, 0x0F, 0xC0, 0x03, 0xFC,
    0x00, 0xFF, 0xC0, 0x3E, 0x78, 0x0F, 0x87, 0x83, 0xE0, 0xF0, 0xF8, 0x1E, 0x7F, 0xFF, 0xCF, 0xFF,
    0xF1, 0xFF, 0xFE, 0x3F, 0xFF, 0x8F, 0xFF, 0xC0, 0x00, 0x00, 0x0F, 0x80, 0x03, 0xF0, 0x00, 0x70,
    0x00, 0x0E, 0x00, 0x00, 0xFC, 0x00, 0x7F, 0x80, 0x0F, 0xE0, 0x00, 0x00, 0x00, 0x00, 0x00, 0x01,
    0xE0, 0x00, 0x07, 0x80, 0x00, 0x1E, 0x00, 0x00, 0x78, 0x00, 0x01, 0xE0, 0x00, 0x07, 0x83, 0xE0,
    0x1E, 0x0F, 0xC0, 0x78, 0x1F, 0x01, 0xE0, 0x3E, 0x07, 0x80, 0xF8, 0x1E, 0x01, 0xF0, 0x78, 0x03,
    0xE1, 0xE0, 0x0F, 0x87, 0x80, 0x1F, 0x1E, 0x00, 0x7C, 0x78, 0x00, 0xF9, 0xE0, 0x01, 0xE7, 0x80,
    0x07, 0xFE, 0x00, 0x0F, 0xF8, 0x00, 0x1F, 0xE1, 0xFF, 0xFF, 0xE7, 0xFF, 0xFF, 0xDF, 0xFF, 0x9F,
    0x7F, 0xFC, 0x7D, 0xFF, 0xC0, 0x70, 0x00, 0x00, 0x07, 0xC0, 0x00, 0x3F, 0x00, 0x00, 0xE0, 0x00,
    0x03, 0x80, 0x00, 0x07, 0xE0, 0x00, 0x7F, 0x80, 0x01, 0xFC, 0x00, 0x00, 0x00, 0x00, 0x00, 0x00,
    0x07, 0x80, 0x00, 0xF0, 0x00, 0x1E, 0x00, 0x03, 0xC3, 0xC0, 0x78, 0xFC, 0x0F, 0x0F, 0xC1, 0xE0,
    0xFC, 0x3C, 0x07, 0xC7, 0x80, 0x7D, 0xE0, 0x07, 0xFC, 0x00, 0x7F, 0x80, 0x07, 0xE0, 0x00, 0x7C,
    0x00, 0x0F, 0xC0, 0x03, 0xFC, 0x00, 0xFF, 0xC0, 0x3E, 0x78, 0x0F, 0x87, 0x83, 0xE0, 0xF1, 0xF8,
    0x1E, 0x7F, 0xFF, 0xCF, 0xFF, 0xF3, 0xFF, 0xFE, 0x7F, 0xFF, 0x8F, 0xFF, 0xC0, 0x00, 0x01, 0xE0,
    0x00, 0x07, 0x80, 0x00, 0x1E, 0x00, 0x00, 0x78, 0x00, 0x01, 0xE0, 0x00, 0x07, 0x83, 0xE0, 0x1E,
    0x0F, 0xC0, 0x78, 0x1F, 0x01, 0xE0, 0x3E, 0x07, 0x80, 0xF8, 0x1E, 0x01, 0xF0, 0x78, 0x07, 0xC1,
    0xE0, 0x0F, 0x87, 0x80, 0x1F, 0x1E, 0x00, 0x7C, 0x78, 0x00, 0xF9, 0xE0, 0x01, 0xE7, 0x80, 0x07,
    0xBE, 0x00, 0x0F, 0xF8, 0x00, 0x1F, 0xE1, 0xFF, 0xFF, 0xE7, 0xFF, 0xFF, 0xDF, 0xFF, 0x9F, 0x7F,
    0xFC, 0x7D, 0xFF, 0xC0, 0x70,
};

static const EpdGlyph firago_16_semiboldGlyphs[] = {
    { 0, 0, 130, 0, 0, 0, 0 }, // U+0020
    { 6, 24, 129, 1, 23, 18, 0 }, // !
    { 10, 9, 229, 2, 23, 12, 18 }, // "
    { 17, 22, 292, 1, 22, 47, 30 }, // #
    { 17, 32, 291, 0, 27, 68, 77 }, // $
    { 26, 27, 454, 1, 25, 88, 145 }, // %
    { 22, 25, 402, 2, 24, 69, 233 }, // &
    { 4, 9, 125, 2, 23, 5, 302 }, // '
    { 10, 35, 173, 1, 29, 44, 307 }, // (
    { 10, 35, 173, 0, 29, 44, 351 }, // )
    { 15, 14, 238, 0, 24, 27, 395 }, // *
    { 14, 14, 279, 2, 17, 25, 422 }, // +
    { 7, 11, 128, 0, 5, 10, 447 }, // ,
    { 10, 4, 216, 2, 12, 5, 457 }, // -
    { 6, 7, 128, 1, 6, 6, 462 }, // .
    { 13, 31, 277, 2, 27, 51, 468 }, // /
    { 17, 24, 309, 1, 23, 51, 519 }, // 0
    { 12, 22, 243, 1, 22, 33, 570 }, // 1
    { 17, 23, 273, 0, 23, 49, 603 }, // 2
    { 16, 24, 275, 0, 23, 48, 652 }, // 3
    { 17, 23, 297, 1, 23, 49, 700 }, // 4
    { 16, 24, 281, 0, 23, 48, 749 }, // 5
    { 16, 24, 296, 1, 23, 48, 797 }, // 6
    { 14, 24, 246, 1, 23, 42, 845 }, // 7
    { 17, 24, 306, 1, 23, 51, 887 }, // 8
    { 16, 24, 294, 1, 23, 48, 938 }, // 9
    { 6, 18, 128, 1, 17, 14, 986 }, // :
    { 7, 23, 128, 0, 17, 21, 1000 }, // ;
    { 15, 16, 274, 1, 19, 30, 1021 }, // <
    { 14, 11, 274, 2, 17, 20, 1051 }, // =
    { 15, 16, 274, 1, 19, 30, 1071 }, // >
    { 15, 25, 254, 0, 24, 47, 1101 }, // ?
    { 31, 31, 544, 2, 24, 121, 1148 }, // @
    { 21, 23, 312, -1, 23, 61, 1269 }, // A
    { 17, 23, 328, 2, 23, 49, 1330 }, // B
    { 18, 25, 304, 1, 24, 57, 1379 }, // C
    { 18, 23, 347, 2, 23, 52, 1436 }, // D
    { 14, 23, 282, 2, 23, 41, 1488 }, // E
    { 14, 23, 260, 2, 23, 41, 1529 }, // F
    { 19, 25, 342, 1, 24, 60, 1570 }, // G
    { 17, 23, 357, 2, 23, 49, 1630 }, // H
    { 5, 23, 157, 2, 23, 15, 1679 }, // I
    { 9, 29, 167, -1, 23, 33, 1694 }, // J
    { 19, 23, 332, 2, 23, 55, 1727 }, // K
    { 15, 23, 271, 2, 23, 44, 1782 }, // L
    { 25, 23, 418, 0, 23, 72, 1826 }, // M
    { 18, 23, 356, 2, 23, 52, 1898 }, // N
    { 20, 25, 368, 1, 24, 63, 1950 }, // O
    { 17, 23, 319, 2, 23, 49, 2013 }, // P
    { 22, 29, 368, 1, 24, 80, 2062 }, // Q
    { 18, 23, 327, 2, 23, 52, 2142 }, // R
    { 17, 25, 301, 0, 24, 54, 2194 }, // S
    { 18, 23, 285, 1, 23, 52, 2248 }, // T
    { 18, 24, 349, 2, 23, 54, 2300 }, // U
    { 21, 23, 302, -1, 23, 61, 2354 }, // V
    { 28, 23, 449, 0, 23, 81, 2415 }, // W
    { 21, 23, 304, -1, 23, 61, 2496 }, // X
    { 21, 23, 311, -1, 23, 61, 2557 }, // Y
    { 17, 23, 287, 1, 23, 49, 2618 }, // Z
    { 9, 31, 172, 1, 27, 35, 2667 }, // [
    { 13, 31, 277, 2, 27, 51, 2702 }, // <backslash>
    { 9, 31, 172, 1, 27, 35, 2753 }, // ]
    { 18, 11, 295, 0, 28, 25, 2788 }, // ^
    { 17, 4, 277, 1, -1, 9, 2813 }, // _
    { 9, 8, 176, 1, 28, 9, 2822 }, // `
    { 17, 19, 292, 1, 18, 41, 2831 }, // a
    { 16, 26, 315, 2, 25, 52, 2872 }, // b
    { 15, 19, 255, 1, 18, 36, 2924 }, // c
    { 16, 26, 316, 1, 25, 52, 2960 }, // d
    { 16, 19, 294, 1, 18, 38, 3012 }, // e
    { 15, 25, 187, 1, 25, 47, 3050 }, // f
    { 18, 27, 290, 1, 20, 61, 3097 }, // g
    { 15, 25, 307, 2, 25, 47, 3158 }, // h
    { 6, 26, 149, 2, 26, 20, 3205 }, // i
    { 10, 34, 149, -2, 26, 43, 3225 }, // j
    { 17, 25, 288, 2, 25, 54, 3268 }, // k
    { 8, 26, 159, 2, 25, 26, 3322 }, // l
    { 24, 18, 450, 2, 18, 54, 3348 }, // m
    { 15, 18, 307, 2, 18, 34, 3402 }, // n
    { 17, 19, 311, 1, 18, 41, 3436 }, // o
    { 16, 26, 315, 2, 18, 52, 3477 }, // p
    { 16, 26, 316, 1, 18, 52, 3529 }, // q
    { 12, 18, 211, 2, 18, 27, 3581 }, // r
    { 15, 19, 254, 0, 18, 36, 3608 }, // s
    { 14, 23, 203, 0, 22, 41, 3644 }, // t
    { 15, 18, 304, 2, 17, 34, 3685 }, // u
    { 18, 17, 271, -1, 17, 39, 3719 }, // v
    { 25, 17, 395, 0, 17, 54, 3758 }, // w
    { 19, 17, 269, -1, 17, 41, 3812 }, // x
    { 19, 24, 273, -1, 17, 57, 3853 }, // y
    { 15, 17, 239, 0, 17, 32, 3910 }, // z
    { 9, 33, 172, 1, 28, 38, 3942 }, // {
    { 5, 30, 204, 4, 27, 19, 3980 }, // |
    { 10, 33, 172, 1, 28, 42, 3999 }, // }
    { 17, 6, 271, 0, 14, 13, 4041 }, // ~
    { 0, 0, 130, 0, 0, 0, 4054 }, // U+00A0
    { 6, 24, 129, 1, 17, 18, 4054 }, // U+00A1
    { 18, 19, 328, 1, 19, 43, 4072 }, // U+00AB
    { 11, 11, 278, 1, 23, 16, 4115 }, // U+00B0
    { 6, 6, 128, 1, 13, 5, 4131 }, // U+00B7
    { 14, 24, 267, 1, 24, 42, 4136 }, // U+00BA
    { 19, 19, 326, 0, 19, 46, 4178 }, // U+00BB
    { 15, 24, 254, 1, 17, 45, 4224 }, // U+00BF
    { 21, 32, 312, -1, 32, 84, 4269 }, // U+00C0
    { 21, 32, 312, -1, 32, 84, 4353 }, // U+00C1
    { 21, 31, 312, -1, 31, 82, 4437 }, // U+00C2
    { 21, 30, 312, -1, 30, 79, 4519 }, // U+00C4
    { 21, 33, 312, -1, 33, 87, 4598 }, // U+00C5
    { 28, 23, 447, -1, 23, 81, 4685 }, // U+00C6
    { 18, 32, 304, 1, 24, 72, 4766 }, // U+00C7
    { 14, 32, 282, 2, 32, 56, 4838 }, // U+00C9
    { 14, 31, 282, 2, 31, 55, 4894 }, // U+00CA
    { 11, 32, 157, -1, 32, 44, 4949 }, // U+00CD
    { 13, 31, 157, -2, 31, 51, 4993 }, // U+00CE
    { 20, 33, 368, 1, 32, 83, 5044 }, // U+00D2
    { 20, 33, 368, 1, 32, 83, 5127 }, // U+00D3
    { 20, 31, 368, 1, 30, 78, 5210 }, // U+00D6
    { 20, 33, 368, 1, 28, 83, 5288 }, // U+00D8
    { 18, 33, 349, 2, 32, 75, 5371 }, // U+00D9
    { 18, 33, 349, 2, 32, 75, 5446 }, // U+00DA
    { 18, 31, 349, 2, 30, 70, 5521 }, // U+00DC
    { 21, 32, 311, -1, 32, 84, 5591 }, // U+00DD
    { 17, 26, 320, 2, 25, 56, 5675 }, // U+00DF
    { 17, 28, 292, 1, 27, 60, 5731 }, // U+00E0
    { 17, 28, 292, 1, 27, 60, 5791 }, // U+00E1
    { 17, 28, 292, 1, 27, 60, 5851 }, // U+00E2
    { 17, 27, 292, 1, 26, 58, 5911 }, // U+00E3
    { 17, 27, 292, 1, 26, 58, 5969 }, // U+00E4
    { 17, 30, 292, 1, 29, 64, 6027 }, // U+00E5
    { 26, 19, 456, 1, 18, 62, 6091 }, // U+00E6
    { 15, 27, 255, 1, 18, 51, 6153 }, // U+00E7
    { 16, 28, 294, 1, 27, 56, 6204 }, // U+00E8
    { 16, 28, 294, 1, 27, 56, 6260 }, // U+00E9
    { 16, 28, 294, 1, 27, 56, 6316 }, // U+00EA
    { 16, 27, 294, 1, 26, 54, 6372 }, // U+00EB
    { 10, 27, 149, 0, 27, 34, 6426 }, // U+00EC
    { 10, 27, 149, -1, 27, 34, 6460 }, // U+00ED
    { 13, 27, 149, -2, 27, 44, 6494 }, // U+00EE
    { 13, 26, 149, -2, 26, 43, 6538 }, // U+00EF
    { 15, 26, 307, 2, 26, 49, 6581 }, // U+00F1
    { 17, 28, 311, 1, 27, 60, 6630 }, // U+00F2
    { 17, 28, 311, 1, 27, 60, 6690 }, // U+00F3
    { 17, 28, 311, 1, 27, 60, 6750 }, // U+00F4
    { 17, 27, 311, 1, 26, 58, 6810 }, // U+00F5
    { 17, 27, 311, 1, 26, 58, 6868 }, // U+00F6
    { 17, 27, 311, 1, 22, 58, 6926 }, // U+00F8
    { 15, 28, 304, 2, 27, 53, 6984 }, // U+00F9
    { 15, 28, 304, 2, 27, 53, 7037 }, // U+00FA
    { 15, 27, 304, 2, 26, 51, 7090 }, // U+00FC
    { 19, 34, 273, -1, 27, 81, 7141 }, // U+00FD
    { 17, 29, 292, 1, 28, 62, 7222 }, // U+0103
    { 17, 27, 292, 1, 18, 58, 7284 }, // U+0105
    { 15, 28, 255, 1, 27, 53, 7342 }, // U+0107
    { 18, 33, 304, 1, 32, 75, 7395 }, // U+010C
    { 15, 28, 255, 1, 27, 53, 7470 }, // U+010D
    { 18, 32, 347, 2, 32, 72, 7523 }, // U+010E
    { 22, 26, 355, 1, 25, 72, 7595 }, // U+010F
    { 20, 23, 354, 1, 23, 58, 7667 }, // U+0110
    { 19, 27, 324, 1, 26, 65, 7725 }, // U+0111
    { 14, 30, 282, 2, 30, 53, 7790 }, // U+0116
    { 16, 27, 294, 1, 26, 54, 7843 }, // U+0117
    { 14, 31, 282, 2, 23, 55, 7897 }, // U+0118
    { 16, 25, 294, 1, 18, 50, 7952 }, // U+0119
    { 14, 32, 282, 2, 32, 56, 8002 }, // U+011A
    { 16, 28, 294, 1, 27, 56, 8058 }, // U+011B
    { 19, 32, 342, 1, 31, 76, 8114 }, // U+011E
    { 18, 35, 290, 1, 28, 79, 8190 }, // U+011F
    { 13, 26, 149, -2, 26, 43, 8269 }, // U+0129
    { 8, 31, 157, -1, 23, 31, 8312 }, // U+012E
    { 9, 34, 149, -1, 26, 39, 8343 }, // U+012F
    { 6, 30, 157, 2, 30, 23, 8382 }, // U+0130
    { 5, 17, 149, 2, 17, 11, 8405 }, // U+0131
    { 11, 34, 159, -1, 33, 47, 8416 }, // U+013A
    { 15, 24, 271, 2, 24, 45, 8463 }, // U+013D
    { 11, 26, 187, 2, 25, 36, 8508 }, // U+013E
    { 19, 23, 290, 0, 23, 55, 8544 }, // U+0141
    { 13, 26, 185, 0, 25, 43, 8599 }, // U+0142
    { 15, 27, 307, 2, 27, 51, 8642 }, // U+0144
    { 15, 27, 307, 2, 27, 51, 8693 }, // U+0148
    { 17, 28, 311, 1, 27, 60, 8744 }, // U+0151
    { 12, 27, 211, 2, 27, 41, 8804 }, // U+0155
    { 18, 32, 327, 2, 32, 72, 8845 }, // U+0158
    { 13, 27, 211, 1, 27, 44, 8917 }, // U+0159
    { 17, 33, 301, 0, 32, 71, 8961 }, // U+015A
    { 15, 28, 254, 0, 27, 53, 9032 }, // U+015B
    { 17, 32, 301, 0, 24, 68, 9085 }, // U+015E
    { 15, 27, 254, 0, 18, 51, 9153 }, // U+015F
    { 17, 33, 301, 0, 32, 71, 9204 }, // U+0160
    { 15, 28, 254, 0, 27, 53, 9275 }, // U+0161
    { 14, 31, 203, 0, 22, 55, 9328 }, // U+0163
    { 18, 32, 285, 1, 32, 72, 9383 }, // U+0164
    { 14, 27, 203, 0, 26, 48, 9455 }, // U+0165
    { 15, 26, 304, 2, 25, 49, 9503 }, // U+016B
    { 18, 34, 349, 2, 33, 77, 9552 }, // U+016E
    { 15, 30, 304, 2, 29, 57, 9629 }, // U+016F
    { 18, 33, 349, 2, 32, 75, 9686 }, // U+0170
    { 16, 28, 304, 2, 27, 56, 9761 }, // U+0171
    { 18, 32, 349, 2, 23, 72, 9817 }, // U+0172
    { 15, 25, 304, 2, 17, 47, 9889 }, // U+0173
    { 15, 27, 239, 0, 27, 51, 9936 }, // U+017A
    { 15, 26, 239, 0, 26, 49, 9987 }, // U+017C
    { 17, 32, 287, 1, 32, 68, 10036 }, // U+017D
    { 15, 27, 239, 0, 27, 51, 10104 }, // U+017E
    { 19, 21, 330, 1, 20, 50, 10155 }, // U+01A1
    { 19, 21, 338, 2, 20, 50, 10205 }, // U+01B0
    { 17, 34, 301, 0, 24, 73, 10255 }, // U+0218
    { 15, 28, 254, 0, 18, 53, 10328 }, // U+0219
    { 18, 33, 285, 1, 23, 75, 10381 }, // U+021A
    { 14, 32, 203, 0, 22, 56, 10456 }, // U+021B
    { 18, 25, 304, 1, 24, 57, 10512 }, // U+0404
    { 5, 23, 157, 2, 23, 15, 10569 }, // U+0406
    { 21, 23, 312, -1, 23, 61, 10584 }, // U+0410
    { 17, 23, 316, 2, 23, 49, 10645 }, // U+0411
    { 17, 23, 328, 2, 23, 49, 10694 }, // U+0412
    { 15, 23, 271, 2, 23, 44, 10743 }, // U+0413
    { 21, 29, 334, 0, 23, 77, 10787 }, // U+0414
    { 14, 23, 282, 2, 23, 41, 10864 }, // U+0415
    { 31, 23, 472, -1, 23, 90, 10905 }, // U+0416
    { 18, 25, 286, -1, 24, 57, 10995 }, // U+0417
    { 17, 23, 356, 2, 23, 49, 11052 }, // U+0418
    { 17, 30, 356, 2, 30, 64, 11101 }, // U+0419
    { 19, 23, 328, 2, 23, 55, 11165 }, // U+041A
    { 20, 24, 350, 0, 23, 60, 11220 }, // U+041B
    { 25, 23, 418, 0, 23, 72, 11280 }, // U+041C
    { 17, 23, 357, 2, 23, 49, 11352 }, // U+041D
    { 20, 25, 368, 1, 24, 63, 11401 }, // U+041E
    { 17, 23, 356, 2, 23, 49, 11464 }, // U+041F
    { 17, 23, 319, 2, 23, 49, 11513 }, // U+0420
    { 18, 25, 304, 1, 24, 57, 11562 }, // U+0421
    { 18, 23, 285, 1, 23, 52, 11619 }, // U+0422
    { 21, 24, 303, -1, 23, 63, 11671 }, // U+0423
    { 26, 26, 451, 1, 24, 85, 11734 }, // U+0424
    { 21, 23, 304, -1, 23, 61, 11819 }, // U+0425
    { 20, 29, 363, 2, 23, 73, 11880 }, // U+0426
    { 17, 23, 329, 1, 23, 49, 11953 }, // U+0427
    { 26, 23, 487, 2, 23, 75, 12002 }, // U+0428
    { 28, 29, 499, 2, 23, 102, 12077 }, // U+0429
    { 23, 23, 450, 2, 23, 67, 12179 }, // U+042B
    { 17, 23, 314, 2, 23, 49, 12246 }, // U+042C
    { 17, 25, 288, 0, 24, 54, 12295 }, // U+042D
    { 18, 23, 324, 0, 23, 52, 12349 }, // U+042F
    { 17, 19, 292, 1, 18, 41, 12401 }, // U+0430
    { 17, 27, 308, 1, 26, 58, 12442 }, // U+0431
    { 15, 18, 297, 2, 18, 34, 12500 }, // U+0432
    { 13, 17, 230, 2, 17, 28, 12534 }, // U+0433
    { 18, 23, 296, 0, 17, 52, 12562 }, // U+0434
    { 16, 19, 294, 1, 18, 38, 12614 }, // U+0435
    { 26, 17, 402, -1, 17, 56, 12652 }, // U+0436
    { 16, 19, 263, 0, 18, 38, 12708 }, // U+0437
    { 15, 17, 315, 2, 17, 32, 12746 }, // U+0438
    { 15, 27, 315, 2, 27, 51, 12778 }, // U+0439
    { 16, 17, 289, 2, 17, 34, 12829 }, // U+043A
    { 17, 18, 304, 0, 17, 39, 12863 }, // U+043B
    { 21, 17, 358, 1, 17, 45, 12902 }, // U+043C
    { 15, 17, 312, 2, 17, 32, 12947 }, // U+043D
    { 17, 19, 311, 1, 18, 41, 12979 }, // U+043E
    { 15, 17, 310, 2, 17, 32, 13020 }, // U+043F
    { 16, 26, 315, 2, 18, 52, 13052 }, // U+0440
    { 15, 19, 255, 1, 18, 36, 13104 }, // U+0441
    { 17, 17, 249, 0, 17, 37, 13140 }, // U+0442
    { 19, 24, 273, -1, 17, 57, 13177 }, // U+0443
    { 25, 33, 439, 1, 25, 104, 13234 }, // U+0444
    { 19, 17, 269, -1, 17, 41, 13338 }, // U+0445
    { 18, 23, 316, 2, 17, 52, 13379 }, // U+0446
    { 15, 17, 293, 1, 17, 32, 13431 }, // U+0447
    { 22, 17, 417, 2, 17, 47, 13463 }, // U+0448
    { 24, 23, 426, 2, 17, 69, 13510 }, // U+0449
    { 20, 17, 326, 0, 17, 43, 13579 }, // U+044A
    { 21, 17, 401, 2, 17, 45, 13622 }, // U+044B
    { 14, 17, 277, 2, 17, 30, 13667 }, // U+044C
    { 15, 19, 259, 0, 18, 36, 13697 }, // U+044D
    { 23, 19, 427, 2, 18, 55, 13733 }, // U+044E
    { 17, 17, 295, 0, 17, 37, 13788 }, // U+044F
    { 16, 27, 294, 1, 26, 54, 13825 }, // U+0451
    { 15, 19, 259, 1, 18, 36, 13879 }, // U+0454
    { 6, 26, 149, 2, 26, 20, 13915 }, // U+0456
    { 13, 26, 149, -2, 26, 43, 13935 }, // U+0457
    { 19, 34, 273, -1, 27, 81, 13978 }, // U+045E
    { 13, 23, 230, 2, 23, 38, 14059 }, // U+0491
    { 18, 23, 276, 0, 23, 52, 14097 }, // U+0492
    { 15, 17, 236, 1, 17, 32, 14149 }, // U+0493
    { 19, 28, 328, 2, 23, 67, 14181 }, // U+049A
    { 16, 22, 293, 2, 17, 44, 14248 }, // U+049B
    { 20, 28, 368, 2, 23, 70, 14292 }, // U+04A2
    { 18, 22, 320, 2, 17, 50, 14362 }, // U+04A3
    { 21, 23, 311, -1, 23, 61, 14412 }, // U+04AE
    { 19, 25, 271, -1, 17, 60, 14473 }, // U+04AF
    { 21, 23, 311, -1, 23, 61, 14533 }, // U+04B0
    { 17, 25, 271, 0, 17, 54, 14594 }, // U+04B1
    { 19, 25, 342, 1, 24, 60, 14648 }, // U+04D8
    { 16, 19, 296, 1, 18, 38, 14708 }, // U+04D9
    { 20, 25, 368, 1, 24, 63, 14746 }, // U+04E8
    { 17, 19, 311, 1, 18, 41, 14809 }, // U+04E9
    { 5, 6, 0, 1, -2, 4, 14850 }, // U+0591
    { 6, 6, 0, 2, 27, 5, 14854 }, // U+0592
    { 5, 6, 0, 2, 27, 4, 14859 }, // U+0593
    { 3, 6, 0, 2, 27, 3, 14863 }, // U+0594
    { 6, 6, 0, 1, 27, 5, 14866 }, // U+0595
    { 4, 6, 0, 2, -2, 3, 14871 }, // U+0596
    { 4, 5, 0, 2, 26, 3, 14874 }, // U+0597
    { 7, 6, 0, 2, 26, 6, 14877 }, // U+0598
    { 4, 5, 0, 1, 26, 3, 14883 }, // U+0599
    { 4, 6, 0, 2, -2, 3, 14886 }, // U+059A
    { 4, 6, 0, 2, -2, 3, 14889 }, // U+059B
    { 4, 5, 0, 2, 26, 3, 14892 }, // U+059C
    { 4, 5, 0, 2, 26, 3, 14895 }, // U+059D
    { 8, 5, 0, 2, 26, 5, 14898 }, // U+059E
    { 9, 6, 0, 2, 26, 7, 14903 }, // U+059F
    { 5, 6, 0, 1, 26, 4, 14910 }, // U+05A0
    { 4, 5, 0, 2, 26, 3, 14914 }, // U+05A1
    { 5, 5, 0, 2, -2, 4, 14917 }, // U+05A2
    { 4, 6, 0, 2, -2, 3, 14921 }, // U+05A3
    { 4, 6, 0, 2, -2, 3, 14924 }, // U+05A4
    { 4, 6, 0, 2, -2, 3, 14927 }, // U+05A5
    { 8, 6, 0, 2, -2, 6, 14930 }, // U+05A6
    { 6, 6, 0, 1, -2, 5, 14936 }, // U+05A7
    { 4, 5, 0, 1, 26, 3, 14941 }, // U+05A8
    { 5, 6, 0, 2, 26, 4, 14944 }, // U+05A9
    { 5, 5, 0, 2, -2, 4, 14948 }, // U+05AA
    { 4, 5, 0, 2, 26, 3, 14952 }, // U+05AB
    { 4, 5, 0, 1, 26, 3, 14955 }, // U+05AC
    { 4, 6, 0, 2, -2, 3, 14958 }, // U+05AD
    { 7, 6, 0, 2, 26, 6, 14961 }, // U+05AE
    { 5, 4, 0, 2, 25, 3, 14967 }, // U+05AF
    { 3, 6, 0, 2, -2, 3, 14970 }, // U+05B0
    { 10, 6, 0, 2, -2, 8, 14973 }, // U+05B1
    { 11, 6, 0, 2, -2, 9, 14981 }, // U+05B2
    { 11, 6, 0, 2, -2, 9, 14990 }, // U+05B3
    { 3, 3, 0, 2, -2, 2, 14999 }, // U+05B4
    { 6, 3, 0, 2, -2, 3, 15001 }, // U+05B5
    { 6, 6, 0, 2, -2, 5, 15004 }, // U+05B6
    { 7, 2, 0, 2, -2, 2, 15009 }, // U+05B7
    { 7, 6, 0, 2, -2, 6, 15011 }, // U+05B8
    { 3, 3, 0, 2, 24, 2, 15017 }, // U+05B9
    { 3, 3, 0, 2, 24, 2, 15019 }, // U+05BA
    { 8, 6, 0, 2, -2, 6, 15021 }, // U+05BB
    { 3, 3, 0, 2, 11, 2, 15027 }, // U+05BC
    { 2, 5, 0, 1, -3, 2, 15029 }, // U+05BD
    { 9, 4, 189, 2, 19, 5, 15031 }, // U+05BE
    { 8, 2, 0, 2, 23, 2, 15036 }, // U+05BF
    { 5, 15, 167, 3, 17, 10, 15038 }, // U+05C0
    { 3, 3, 0, 2, 24, 2, 15048 }, // U+05C1
    { 3, 3, 0, 2, 24, 2, 15050 }, // U+05C2
    { 6, 18, 128, 1, 17, 14, 15052 }, // U+05C3
    { 3, 3, 0, 2, 24, 2, 15066 }, // U+05C4
    { 3, 3, 0, 2, -2, 2, 15068 }, // U+05C5
    { 11, 19, 208, 2, 19, 27, 15070 }, // U+05C6
    { 7, 7, 0, 2, -2, 7, 15097 }, // U+05C7
    { 19, 19, 313, 0, 19, 46, 15104 }, // U+05D0
    { 17, 19, 275, 0, 19, 41, 15150 }, // U+05D1
    { 13, 20, 215, 0, 19, 33, 15191 }, // U+05D2
    { 16, 19, 263, 0, 19, 38, 15224 }, // U+05D3
    { 16, 19, 330, 2, 19, 38, 15262 }, // U+05D4
    { 9, 19, 183, 0, 19, 22, 15300 }, // U+05D5
    { 11, 19, 196, 1, 19, 27, 15322 }, // U+05D6
    { 16, 19, 332, 2, 19, 38, 15349 }, // U+05D7
    { 19, 19, 331, 1, 19, 46, 15387 }, // U+05D8
    { 8, 13, 163, 0, 19, 13, 15433 }, // U+05D9
    { 15, 26, 277, 0, 19, 49, 15446 }, // U+05DA
    { 15, 19, 273, 1, 19, 36, 15495 }, // U+05DB
    { 15, 26, 270, 1, 25, 49, 15531 }, // U+05DC
    { 17, 19, 335, 2, 19, 41, 15580 }, // U+05DD
    { 19, 20, 340, 1, 20, 48, 15621 }, // U+05DE
    { 5, 27, 167, 3, 19, 17, 15669 }, // U+05DF
    { 11, 19, 208, 0, 19, 27, 15686 }, // U+05E0
    { 18, 20, 342, 2, 19, 45, 15713 }, // U+05E1
    { 18, 21, 299, 0, 19, 48, 15758 }, // U+05E2
    { 18, 28, 333, 1, 20, 63, 15806 }, // U+05E3
    { 18, 20, 318, 1, 20, 45, 15869 }, // U+05E4
    { 16, 27, 278, 0, 19, 54, 15914 }, // U+05E5
    { 18, 19, 298, -1, 19, 43, 15968 }, // U+05E6
    { 18, 27, 331, 2, 19, 61, 16011 }, // U+05E7
    { 15, 19, 279, 0, 19, 36, 16072 }, // U+05E8
    { 23, 19, 402, 1, 19, 55, 16108 }, // U+05E9
    { 19, 20, 343, 0, 19, 48, 16163 }, // U+05EA
    { 19, 19, 340, 0, 19, 46, 16211 }, // U+05F0
    { 17, 19, 326, 0, 19, 41, 16257 }, // U+05F1
    { 17, 13, 307, 0, 19, 28, 16298 }, // U+05F2
    { 5, 9, 127, 1, 19, 6, 16326 }, // U+05F3
    { 12, 9, 233, 1, 19, 14, 16332 }, // U+05F4
    { 27, 15, 538, 3, 15, 51, 16346 }, // U+0600
    { 21, 24, 474, 3, 23, 63, 16397 }, // U+0609
    { 22, 24, 601, 3, 23, 66, 16460 }, // U+060A
    { 15, 35, 268, 0, 26, 66, 16526 }, // U+060B
    { 7, 11, 163, 2, 10, 10, 16592 }, // U+060C
    { 10, 15, 181, 0, 11, 19, 16602 }, // U+060D
    { 9, 7, 0, 2, 27, 8, 16621 }, // U+0615
    { 7, 19, 163, 2, 18, 17, 16629 }, // U+061B
    { 10, 8, 320, 5, 28, 10, 16646 }, // U+061E
    { 15, 24, 254, 1, 23, 45, 16656 }, // U+061F
    { 25, 27, 428, 1, 19, 85, 16701 }, // U+0620
    { 15, 14, 250, 0, 14, 27, 16786 }, // U+0621
    { 10, 27, 124, -1, 27, 34, 16813 }, // U+0622
    { 8, 31, 124, 0, 31, 31, 16847 }, // U+0623
    { 15, 33, 277, 0, 23, 62, 16878 }, // U+0624
    { 8, 35, 124, 0, 26, 35, 16940 }, // U+0625
    { 26, 25, 428, 0, 21, 82, 16975 }, // U+0626
    { 4, 26, 124, 2, 26, 13, 17057 }, // U+0627
    { 27, 22, 475, 1, 14, 75, 17070 }, // U+0628
    { 15, 27, 268, 1, 26, 51, 17145 }, // U+0629
    { 27, 18, 475, 1, 17, 61, 17196 }, // U+062A
    { 27, 22, 475, 1, 21, 75, 17257 }, // U+062B
    { 22, 29, 336, 0, 17, 80, 17332 }, // U+062C
    { 22, 29, 336, 0, 17, 80, 17412 }, // U+062D
    { 21, 35, 336, 0, 23, 92, 17492 }, // U+062E
    { 15, 19, 255, 0, 18, 36, 17584 }, // U+062F
    { 14, 25, 255, 1, 24, 44, 17620 }, // U+0630
    { 13, 22, 199, -2, 13, 36, 17664 }, // U+0631
    { 12, 29, 199, -1, 20, 44, 17700 }, // U+0632
    { 38, 24, 661, 1, 15, 114, 17744 }, // U+0633
    { 38, 31, 661, 1, 22, 148, 17858 }, // U+0634
    { 42, 25, 708, 1, 16, 132, 18006 }, // U+0635
    { 42, 31, 708, 1, 22, 163, 18138 }, // U+0636
    { 26, 27, 430, 0, 27, 88, 18301 }, // U+0637
    { 26, 26, 430, 0, 26, 85, 18389 }, // U+0638
    { 19, 29, 318, 1, 17, 69, 18474 }, // U+0639
    { 19, 36, 318, 1, 24, 86, 18543 }, // U+063A
    { 28, 29, 491, 1, 28, 102, 18629 }, // U+063B
    { 28, 38, 491, 1, 26, 133, 18731 }, // U+063C
    { 6, 5, 68, -1, 5, 4, 18864 }, // U+0640
    { 27, 27, 480, 1, 26, 92, 18868 }, // U+0641
    { 23, 29, 412, 1, 20, 84, 18960 }, // U+0642
    { 24, 26, 438, 1, 25, 78, 19044 }, // U+0643
    { 20, 34, 369, 1, 27, 85, 19122 }, // U+0644
    { 20, 28, 365, 1, 15, 70, 19207 }, // U+0645
    { 20, 25, 368, 1, 16, 63, 19277 }, // U+0646
    { 15, 20, 268, 1, 19, 38, 19340 }, // U+0647
    { 15, 24, 277, 0, 14, 45, 19378 }, // U+0648
    { 25, 23, 428, 1, 19, 72, 19423 }, // U+0649
    { 25, 29, 428, 1, 19, 91, 19495 }, // U+064A
    { 8, 8, 0, 3, 27, 8, 19586 }, // U+064B
    { 10, 10, 0, 1, 28, 13, 19594 }, // U+064C
    { 8, 8, 0, 1, -1, 8, 19607 }, // U+064D
    { 8, 4, 0, 3, 23, 4, 19615 }, // U+064E
    { 7, 10, 0, 0, 28, 9, 19619 }, // U+064F
    { 8, 5, 0, 1, -1, 5, 19628 }, // U+0650
    { 9, 6, 0, 1, 27, 7, 19633 }, // U+0651
    { 7, 6, 0, 1, 25, 6, 19640 }, // U+0652
    { 10, 5, 0, 2, 24, 7, 19646 }, // U+0653
    { 9, 9, 0, 3, 28, 11, 19653 }, // U+0654
    { 9, 9, 0, 3, -1, 11, 19664 }, // U+0655
    { 3, 7, 0, 1, -1, 3, 19675 }, // U+0656
    { 9, 4, 0, 0, 23, 5, 19678 }, // U+0658
    { 9, 6, 0, 2, 25, 7, 19683 }, // U+065A
    { 9, 6, 0, 2, 26, 7, 19690 }, // U+065B
    { 7, 10, 0, 1, 28, 9, 19697 }, // U+065D
    { 12, 9, 0, 1, 8, 14, 19706 }, // U+065F
    { 8, 8, 213, 3, 15, 8, 19720 }, // U+0660
    { 6, 22, 146, 1, 22, 17, 19728 }, // U+0661
    { 15, 22, 263, 1, 22, 42, 19745 }, // U+0662
    { 19, 22, 327, 1, 22, 53, 19787 }, // U+0663
    { 14, 23, 234, 2, 22, 41, 19840 }, // U+0664
    { 15, 18, 301, 2, 20, 34, 19881 }, // U+0665
    { 15, 23, 251, 0, 22, 44, 19915 }, // U+0666
    { 18, 22, 290, 0, 22, 50, 19959 }, // U+0667
    { 18, 22, 290, 0, 21, 50, 20009 }, // U+0668
    { 16, 23, 276, 1, 22, 46, 20059 }, // U+0669
    { 18, 24, 373, 3, 23, 54, 20105 }, // U+066A
    { 6, 11, 155, 1, 6, 9, 20159 }, // U+066B
    { 6, 11, 133, 1, 19, 9, 20168 }, // U+066C
    { 25, 24, 436, 1, 22, 75, 20177 }, // U+066D
    { 27, 15, 475, 1, 14, 51, 20252 }, // U+066E
    { 23, 23, 412, 1, 14, 67, 20303 }, // U+066F
    { 3, 7, 0, 1, 27, 3, 20370 }, // U+0670
    { 10, 30, 124, -1, 30, 38, 20373 }, // U+0671
    { 12, 31, 124, -2, 31, 47, 20411 }, // U+0672
    { 12, 35, 124, -4, 26, 53, 20458 }, // U+0673
    { 9, 9, 0, 2, 25, 11, 20511 }, // U+0674
    { 14, 26, 236, 2, 26, 46, 20522 }, // U+0675
    { 17, 35, 277, 0, 25, 75, 20568 }, // U+0676
    { 15, 42, 277, 0, 32, 79, 20643 }, // U+0677
    { 25, 32, 428, 1, 28, 100, 20722 }, // U+0678
    { 27, 21, 475, 1, 20, 71, 20822 }, // U+0679
    { 27, 22, 475, 1, 21, 75, 20893 }, // U+067A
    { 27, 27, 475, 1, 14, 92, 20968 }, // U+067B
    { 27, 22, 467, 1, 17, 75, 21060 }, // U+067C
    { 27, 21, 475, 1, 20, 71, 21135 }, // U+067D
    { 27, 26, 475, 1, 14, 88, 21206 }, // U+067E
    { 27, 21, 475, 1, 20, 71, 21294 }, // U+067F
    { 27, 26, 475, 1, 14, 88, 21365 }, // U+0680
    { 22, 38, 336, 0, 26, 105, 21453 }, // U+0681
    { 22, 40, 336, 0, 28, 110, 21558 }, // U+0682
    { 22, 29, 336, 0, 17, 80, 21668 }, // U+0683
    { 22, 29, 336, 0, 17, 80, 21748 }, // U+0684
    { 22, 39, 336, 0, 27, 108, 21828 }, // U+0685
    { 22, 29, 336, 0, 17, 80, 21936 }, // U+0686
    { 23, 29, 336, 0, 16, 84, 22016 }, // U+0687
    { 15, 28, 255, 0, 27, 53, 22100 }, // U+0688
    { 15, 23, 255, 0, 18, 44, 22153 }, // U+0689
    { 15, 26, 255, 0, 18, 49, 22197 }, // U+068A
    { 15, 35, 255, 0, 27, 66, 22246 }, // U+068B
    { 15, 25, 255, 0, 24, 47, 22312 }, // U+068C
    { 14, 26, 255, 0, 18, 46, 22359 }, // U+068D
    { 15, 29, 255, 0, 28, 55, 22405 }, // U+068E
    { 15, 28, 255, 0, 27, 53, 22460 }, // U+068F
    { 14, 28, 255, 0, 27, 49, 22513 }, // U+0690
    { 13, 31, 199, -2, 22, 51, 22562 }, // U+0691
    { 13, 29, 199, -2, 20, 48, 22613 }, // U+0692
    { 13, 23, 199, -2, 13, 38, 22661 }, // U+0693
    { 13, 26, 199, -2, 13, 43, 22699 }, // U+0694
    { 13, 26, 199, -2, 13, 43, 22742 }, // U+0695
    { 12, 33, 199, -1, 20, 50, 22785 }, // U+0696
    { 13, 30, 199, -2, 21, 49, 22835 }, // U+0697
    { 13, 32, 199, -2, 23, 52, 22884 }, // U+0698
    { 12, 33, 199, -1, 24, 50, 22936 }, // U+0699
    { 38, 27, 661, 1, 18, 129, 22986 }, // U+069A
    { 38, 26, 661, 1, 15, 124, 23115 }, // U+069B
    { 38, 33, 661, 1, 22, 157, 23239 }, // U+069C
    { 42, 32, 708, 1, 16, 168, 23396 }, // U+069D
    { 42, 35, 708, 1, 26, 184, 23564 }, // U+069E
    { 26, 26, 430, 0, 26, 85, 23748 }, // U+069F
    { 19, 40, 318, 1, 28, 95, 23833 }, // U+06A0
    { 27, 21, 480, 1, 20, 71, 23928 }, // U+06A1
    { 27, 28, 480, 1, 20, 95, 23999 }, // U+06A2
    { 27, 34, 480, 1, 26, 115, 24094 }, // U+06A3
    { 27, 31, 480, 1, 30, 105, 24209 }, // U+06A4
    { 27, 32, 480, 1, 20, 108, 24314 }, // U+06A5
    { 27, 31, 480, 1, 30, 105, 24422 }, // U+06A6
    { 23, 29, 412, 1, 20, 84, 24527 }, // U+06A7
    { 23, 33, 412, 1, 24, 95, 24611 }, // U+06A8
    { 28, 27, 491, 1, 26, 95, 24706 }, // U+06A9
    { 40, 23, 664, 0, 23, 115, 24801 }, // U+06AA
    { 28, 26, 491, 1, 25, 91, 24916 }, // U+06AB
    { 24, 33, 438, 1, 32, 99, 25007 }, // U+06AC
    { 27, 37, 438, 1, 36, 125, 25106 }, // U+06AD
    { 24, 37, 438, 1, 25, 111, 25231 }, // U+06AE
    { 28, 31, 491, 1, 30, 109, 25342 }, // U+06AF
    { 28, 31, 491, 1, 30, 109, 25451 }, // U+06B0
    { 28, 31, 491, 1, 30, 109, 25560 }, // U+06B1
    { 28, 38, 491, 1, 30, 133, 25669 }, // U+06B2
    { 28, 43, 491, 1, 30, 151, 25802 }, // U+06B3
    { 28, 35, 491, 1, 34, 123, 25953 }, // U+06B4
    { 22, 41, 369, 1, 34, 113, 26076 }, // U+06B5
    { 20, 40, 369, 1, 33, 100, 26189 }, // U+06B6
    { 23, 44, 369, 1, 37, 127, 26289 }, // U+06B7
    { 20, 45, 369, 1, 27, 113, 26416 }, // U+06B8
    { 20, 31, 368, 1, 16, 78, 26529 }, // U+06B9
    { 20, 20, 368, 1, 11, 50, 26607 }, // U+06BA
    { 20, 27, 368, 1, 18, 68, 26657 }, // U+06BB
    { 20, 29, 368, 1, 16, 73, 26725 }, // U+06BC
    { 20, 28, 368, 1, 19, 70, 26798 }, // U+06BD
    { 22, 20, 378, 0, 19, 55, 26868 }, // U+06BE
    { 22, 35, 336, 0, 23, 97, 26923 }, // U+06BF
    { 15, 29, 268, 1, 28, 55, 27020 }, // U+06C0
    { 15, 20, 268, 1, 19, 38, 27075 }, // U+06C1
    { 15, 29, 268, 1, 28, 55, 27113 }, // U+06C2
    { 15, 27, 268, 1, 26, 51, 27168 }, // U+06C3
    { 15, 23, 277, 1, 14, 44, 27219 }, // U+06C4
    { 15, 23, 277, 0, 14, 44, 27263 }, // U+06C5
    { 15, 31, 277, 0, 21, 59, 27307 }, // U+06C6
    { 15, 33, 277, 0, 23, 62, 27366 }, // U+06C7
    { 15, 32, 277, 0, 22, 60, 27428 }, // U+06C8
    { 15, 32, 277, 0, 22, 60, 27488 }, // U+06C9
    { 15, 31, 277, 0, 21, 59, 27548 }, // U+06CA
    { 15, 34, 277, 0, 24, 64, 27607 }, // U+06CB
    { 25, 23, 428, 1, 19, 72, 27671 }, // U+06CC
    { 29, 23, 459, -1, 19, 84, 27743 }, // U+06CD
    { 25, 24, 428, 1, 20, 75, 27827 }, // U+06CE
    { 15, 30, 277, 0, 20, 57, 27902 }, // U+06CF
    { 25, 34, 428, 1, 19, 107, 27959 }, // U+06D0
    { 25, 34, 428, 1, 20, 107, 28066 }, // U+06D1
    { 37, 18, 594, 1, 18, 84, 28173 }, // U+06D2
    { 37, 26, 594, 1, 26, 121, 28257 }, // U+06D3
    { 9, 5, 201, 2, 5, 6, 28378 }, // U+06D4
    { 15, 20, 268, 1, 19, 38, 28384 }, // U+06D5
    { 15, 27, 255, 0, 26, 51, 28422 }, // U+06EE
    { 8, 8, 213, 3, 15, 8, 28473 }, // U+06F0
    { 6, 22, 146, 1, 22, 17, 28481 }, // U+06F1
    { 15, 22, 263, 1, 22, 42, 28498 }, // U+06F2
    { 19, 22, 327, 1, 22, 53, 28540 }, // U+06F3
    { 16, 22, 284, 1, 22, 44, 28593 }, // U+06F4
    { 16, 23, 310, 2, 22, 46, 28637 }, // U+06F5
    { 15, 24, 278, 1, 23, 45, 28683 }, // U+06F6
    { 18, 22, 290, 0, 22, 50, 28728 }, // U+06F7
    { 18, 22, 290, 0, 21, 50, 28778 }, // U+06F8
    { 16, 23, 276, 1, 22, 46, 28828 }, // U+06F9
    { 38, 31, 661, 1, 22, 148, 28874 }, // U+06FA
    { 42, 31, 708, 1, 22, 163, 29022 }, // U+06FB
    { 19, 36, 318, 1, 24, 86, 29185 }, // U+06FC
    { 15, 23, 250, 0, 14, 44, 29271 }, // U+06FD
    { 20, 28, 365, 1, 15, 70, 29315 }, // U+06FE
    { 22, 25, 378, 0, 24, 69, 29385 }, // U+06FF
    { 38, 31, 661, 1, 22, 148, 29454 }, // U+075C
    { 17, 25, 292, 1, 18, 54, 29602 }, // U+1EA1
    { 21, 33, 312, -1, 33, 87, 29656 }, // U+1EA2
    { 17, 29, 292, 1, 28, 62, 29743 }, // U+1EA3
    { 19, 33, 292, 1, 32, 79, 29805 }, // U+1EA5
    { 21, 36, 312, -1, 36, 95, 29884 }, // U+1EA6
    { 20, 33, 292, -2, 32, 83, 29979 }, // U+1EA7
    { 22, 36, 312, -1, 36, 99, 30062 }, // U+1EA8
    { 17, 34, 292, 1, 33, 73, 30161 }, // U+1EA9
    { 17, 32, 292, 1, 31, 68, 30234 }, // U+1EAB
    { 22, 39, 312, -1, 32, 108, 30302 }, // U+1EAC
    { 17, 35, 292, 1, 28, 75, 30410 }, // U+1EAD
    { 21, 37, 312, -1, 37, 98, 30485 }, // U+1EAE
    { 17, 34, 292, 1, 33, 73, 30583 }, // U+1EAF
    { 17, 34, 292, 1, 33, 73, 30656 }, // U+1EB1
    { 17, 32, 292, 1, 31, 68, 30729 }, // U+1EB5
    { 17, 35, 292, 1, 28, 75, 30797 }, // U+1EB7
    { 16, 25, 294, 1, 18, 50, 30872 }, // U+1EB9
    { 16, 29, 294, 1, 28, 58, 30922 }, // U+1EBB
    { 16, 27, 294, 1, 26, 54, 30980 }, // U+1EBD
    { 19, 33, 294, 1, 32, 79, 31034 }, // U+1EBF
    { 18, 36, 282, -2, 36, 81, 31113 }, // U+1EC0
    { 19, 33, 294, -2, 32, 79, 31194 }, // U+1EC1
    { 17, 34, 294, 1, 33, 73, 31273 }, // U+1EC3
    { 16, 35, 294, 1, 28, 70, 31346 }, // U+1EC7
    { 7, 28, 149, 1, 28, 25, 31416 }, // U+1EC9
    { 6, 34, 149, 2, 27, 26, 31441 }, // U+1ECB
    { 20, 31, 368, 1, 24, 78, 31467 }, // U+1ECC
    { 17, 25, 311, 1, 18, 54, 31545 }, // U+1ECD
    { 17, 29, 311, 1, 28, 62, 31599 }, // U+1ECF
    { 21, 37, 368, 1, 36, 98, 31661 }, // U+1ED0
    { 19, 33, 311, 1, 32, 79, 31759 }, // U+1ED1
    { 20, 37, 368, 1, 36, 93, 31838 }, // U+1ED2
    { 19, 33, 311, -1, 32, 79, 31931 }, // U+1ED3
    { 17, 34, 311, 1, 33, 73, 32010 }, // U+1ED5
    { 17, 32, 311, 1, 31, 68, 32083 }, // U+1ED7
    { 20, 39, 368, 1, 32, 98, 32151 }, // U+1ED8
    { 17, 35, 311, 1, 28, 75, 32249 }, // U+1ED9
    { 19, 28, 330, 1, 27, 67, 32324 }, // U+1EDB
    { 19, 28, 330, 1, 27, 67, 32391 }, // U+1EDD
    { 22, 34, 380, 1, 33, 94, 32458 }, // U+1EDE
    { 19, 29, 330, 1, 28, 69, 32552 }, // U+1EDF
    { 19, 27, 330, 1, 26, 65, 32621 }, // U+1EE1
    { 19, 27, 330, 1, 20, 65, 32686 }, // U+1EE3
    { 15, 24, 304, 2, 17, 45, 32751 }, // U+1EE5
    { 18, 34, 349, 2, 33, 77, 32796 }, // U+1EE6
    { 15, 29, 304, 2, 28, 55, 32873 }, // U+1EE7
    { 19, 28, 338, 2, 27, 67, 32928 }, // U+1EE9
    { 19, 28, 338, 2, 27, 67, 32995 }, // U+1EEB
    { 19, 29, 338, 2, 28, 69, 33062 }, // U+1EED
    { 19, 27, 338, 2, 26, 65, 33131 }, // U+1EEF
    { 19, 27, 338, 2, 20, 65, 33196 }, // U+1EF1
    { 1, 30, 0, 0, 25, 4, 33261 }, // U+200C
    { 5, 32, 0, -2, 27, 20, 33265 }, // U+200D
    { 5, 34, 0, 0, 28, 22, 33285 }, // U+200E
    { 5, 34, 0, -4, 28, 22, 33307 }, // U+200F
    { 16, 4, 277, 1, 12, 8, 33329 }, // U+2013
    { 25, 4, 424, 1, 12, 13, 33337 }, // U+2014
    { 6, 10, 127, 1, 25, 8, 33350 }, // U+2018
    { 6, 10, 127, 0, 25, 8, 33358 }, // U+2019
    { 13, 10, 234, 1, 25, 17, 33366 }, // U+201C
    { 13, 10, 234, 0, 25, 17, 33383 }, // U+201D
    { 13, 10, 234, 0, 5, 17, 33400 }, // U+201E
    { 22, 7, 389, 1, 6, 20, 33417 }, // U+2026
    { 8, 17, 163, 0, 19, 17, 33437 }, // U+FB1D
    { 9, 3, 0, 1, 25, 4, 33454 }, // U+FB1E
    { 17, 16, 307, 0, 19, 34, 33458 }, // U+FB1F
    { 18, 19, 307, 0, 19, 43, 33492 }, // U+FB20
    { 32, 19, 509, 0, 19, 76, 33535 }, // U+FB21
    { 27, 19, 450, 1, 19, 65, 33611 }, // U+FB22
    { 28, 19, 526, 2, 19, 67, 33676 }, // U+FB23
    { 28, 19, 483, 1, 19, 67, 33743 }, // U+FB24
    { 26, 26, 454, 1, 25, 85, 33810 }, // U+FB25
    { 29, 19, 511, 1, 19, 69, 33895 }, // U+FB26
    { 28, 19, 484, 0, 19, 67, 33964 }, // U+FB27
    { 31, 20, 546, 0, 19, 78, 34031 }, // U+FB28
    { 19, 11, 352, 2, 17, 27, 34109 }, // U+FB29
    { 23, 23, 402, 1, 23, 67, 34136 }, // U+FB2A
    { 23, 23, 402, 1, 23, 67, 34203 }, // U+FB2B
    { 23, 23, 402, 1, 23, 67, 34270 }, // U+FB2C
    { 23, 23, 402, 1, 23, 67, 34337 }, // U+FB2D
    { 19, 23, 313, 0, 19, 55, 34404 }, // U+FB2E
    { 19, 26, 313, 0, 19, 62, 34459 }, // U+FB2F
    { 19, 19, 313, 0, 19, 46, 34521 }, // U+FB30
    { 17, 19, 275, 0, 19, 41, 34567 }, // U+FB31
    { 13, 20, 215, 0, 19, 33, 34608 }, // U+FB32
    { 16, 19, 263, 1, 19, 38, 34641 }, // U+FB33
    { 16, 19, 330, 2, 19, 38, 34679 }, // U+FB34
    { 8, 19, 186, 1, 19, 19, 34717 }, // U+FB35
    { 11, 19, 199, 1, 19, 27, 34736 }, // U+FB36
    { 18, 19, 331, 1, 19, 43, 34763 }, // U+FB38
    { 8, 13, 170, 1, 19, 13, 34806 }, // U+FB39
    { 15, 26, 277, 0, 19, 49, 34819 }, // U+FB3A
    { 15, 19, 273, 1, 19, 36, 34868 }, // U+FB3B
    { 15, 26, 270, 1, 25, 49, 34904 }, // U+FB3C
    { 19, 20, 340, 1, 20, 48, 34953 }, // U+FB3E
    { 11, 19, 208, 0, 19, 27, 35001 }, // U+FB40
    { 18, 20, 342, 2, 19, 45, 35028 }, // U+FB41
    { 18, 27, 333, 1, 20, 61, 35073 }, // U+FB43
    { 18, 20, 318, 1, 20, 45, 35134 }, // U+FB44
    { 17, 19, 298, -1, 19, 41, 35179 }, // U+FB46
    { 18, 26, 331, 2, 19, 59, 35220 }, // U+FB47
    { 15, 19, 279, 1, 19, 36, 35279 }, // U+FB48
    { 23, 19, 402, 1, 19, 55, 35315 }, // U+FB49
    { 19, 20, 343, 0, 19, 48, 35370 }, // U+FB4A
    { 9, 23, 183, 0, 23, 26, 35418 }, // U+FB4B
    { 17, 23, 275, 0, 23, 49, 35444 }, // U+FB4C
    { 14, 23, 273, 1, 23, 41, 35493 }, // U+FB4D
    { 18, 23, 318, 1, 23, 52, 35534 }, // U+FB4E
    { 18, 25, 303, 1, 25, 57, 35586 }, // U+FB4F
    { 11, 30, 137, -1, 30, 42, 35643 }, // U+FB51
    { 33, 25, 525, 1, 12, 104, 35685 }, // U+FB53
    { 10, 26, 166, -1, 14, 33, 35789 }, // U+FB54
    { 14, 24, 179, -1, 12, 42, 35822 }, // U+FB55
    { 33, 24, 525, 1, 12, 99, 35864 }, // U+FB57
    { 11, 25, 166, 0, 14, 35, 35963 }, // U+FB58
    { 14, 23, 179, -1, 12, 41, 35998 }, // U+FB59
    { 33, 24, 525, 1, 12, 99, 36039 }, // U+FB5B
    { 11, 25, 166, -1, 14, 35, 36138 }, // U+FB5C
    { 13, 23, 179, -1, 12, 38, 36173 }, // U+FB5D
    { 33, 22, 525, 1, 21, 91, 36211 }, // U+FB5F
    { 10, 25, 166, -1, 25, 32, 36302 }, // U+FB60
    { 14, 23, 179, -1, 23, 41, 36334 }, // U+FB61
    { 33, 21, 525, 1, 20, 87, 36375 }, // U+FB63
    { 10, 24, 166, -1, 24, 30, 36462 }, // U+FB64
    { 13, 22, 179, -1, 22, 36, 36492 }, // U+FB65
    { 33, 21, 525, 1, 20, 87, 36528 }, // U+FB67
    { 10, 24, 166, -1, 24, 30, 36615 }, // U+FB68
    { 14, 21, 179, -1, 21, 37, 36645 }, // U+FB69
    { 32, 28, 520, 1, 27, 112, 36682 }, // U+FB6B
    { 16, 31, 254, -1, 31, 62, 36794 }, // U+FB6C
    { 20, 28, 283, -1, 28, 70, 36856 }, // U+FB6D
    { 32, 28, 520, 1, 27, 112, 36926 }, // U+FB6F
    { 16, 30, 254, -1, 30, 60, 37038 }, // U+FB70
    { 20, 27, 283, -1, 27, 68, 37098 }, // U+FB71
    { 23, 30, 365, 0, 17, 87, 37166 }, // U+FB73
    { 24, 29, 379, -1, 17, 87, 37253 }, // U+FB74
    { 26, 27, 391, -1, 17, 88, 37340 }, // U+FB75
    { 24, 30, 365, 0, 17, 90, 37428 }, // U+FB77
    { 24, 24, 379, -2, 17, 72, 37518 }, // U+FB78
    { 27, 23, 391, -1, 17, 78, 37590 }, // U+FB79
    { 23, 30, 365, 0, 17, 87, 37668 }, // U+FB7B
    { 24, 28, 379, -1, 17, 84, 37755 }, // U+FB7C
    { 27, 27, 391, -2, 17, 92, 37839 }, // U+FB7D
    { 23, 29, 365, 0, 16, 84, 37931 }, // U+FB7F
    { 24, 28, 379, -1, 17, 84, 38015 }, // U+FB80
    { 27, 26, 391, -1, 17, 88, 38099 }, // U+FB81
    { 18, 26, 284, 0, 18, 59, 38187 }, // U+FB83
    { 18, 25, 284, 1, 24, 57, 38246 }, // U+FB85
    { 18, 29, 284, 0, 28, 66, 38303 }, // U+FB87
    { 18, 28, 284, 0, 27, 63, 38369 }, // U+FB89
    { 17, 33, 222, -2, 24, 71, 38432 }, // U+FB8B
    { 17, 32, 222, -2, 23, 68, 38503 }, // U+FB8D
    { 33, 27, 531, 1, 26, 112, 38571 }, // U+FB8F
    { 15, 26, 246, -1, 26, 49, 38683 }, // U+FB90
    { 20, 26, 288, -1, 26, 65, 38732 }, // U+FB91
    { 33, 31, 531, 1, 30, 128, 38797 }, // U+FB93
    { 15, 30, 247, -1, 30, 57, 38925 }, // U+FB94
    { 20, 30, 288, -1, 30, 75, 38982 }, // U+FB95
    { 33, 43, 531, 1, 30, 178, 39057 }, // U+FB97
    { 15, 42, 247, -1, 30, 79, 39235 }, // U+FB98
    { 20, 42, 288, -2, 30, 105, 39314 }, // U+FB99
    { 33, 31, 531, 1, 30, 128, 39419 }, // U+FB9B
    { 18, 31, 247, -4, 31, 70, 39547 }, // U+FB9C
    { 22, 31, 288, -3, 31, 86, 39617 }, // U+FB9D
    { 24, 21, 389, 1, 12, 63, 39703 }, // U+FB9F
    { 24, 28, 389, 1, 19, 84, 39766 }, // U+FBA1
    { 10, 24, 166, -1, 24, 30, 39850 }, // U+FBA2
    { 14, 21, 179, -1, 21, 37, 39880 }, // U+FBA3
    { 18, 27, 277, 1, 27, 61, 39917 }, // U+FBA5
    { 21, 13, 322, 0, 11, 35, 39978 }, // U+FBA7
    { 10, 23, 166, -1, 14, 29, 40013 }, // U+FBA8
    { 22, 24, 323, -1, 13, 66, 40042 }, // U+FBA9
    { 21, 26, 318, 0, 16, 69, 40108 }, // U+FBAB
    { 21, 20, 346, -1, 19, 53, 40177 }, // U+FBAC
    { 19, 26, 269, -1, 16, 62, 40230 }, // U+FBAD
    { 27, 15, 420, 1, 5, 51, 40292 }, // U+FBAF
    { 27, 25, 420, 1, 15, 85, 40343 }, // U+FBB1
    { 4, 5, 0, 8, 25, 3, 40428 }, // U+FBB2
    { 4, 5, 0, 8, -2, 3, 40431 }, // U+FBB3
    { 9, 5, 0, 5, 26, 6, 40434 }, // U+FBB4
    { 9, 5, 0, 5, -2, 6, 40440 }, // U+FBB5
    { 10, 8, 0, 5, 28, 10, 40446 }, // U+FBB6
    { 10, 8, 0, 5, -2, 10, 40456 }, // U+FBB7
    { 10, 8, 0, 5, 28, 10, 40466 }, // U+FBB8
    { 10, 8, 0, 5, -3, 10, 40476 }, // U+FBB9
    { 9, 9, 0, 6, 29, 11, 40486 }, // U+FBBA
    { 9, 9, 0, 6, -2, 11, 40497 }, // U+FBBB
    { 4, 10, 0, 8, 30, 5, 40508 }, // U+FBBD
    { 4, 10, 0, 8, -2, 5, 40513 }, // U+FBBE
    { 6, 6, 0, 7, 14, 5, 40518 }, // U+FBBF
    { 9, 7, 0, 2, -2, 8, 40523 }, // U+FBC1
    { 29, 37, 459, 1, 36, 135, 40531 }, // U+FBD4
    { 17, 32, 246, -3, 32, 68, 40666 }, // U+FBD5
    { 21, 32, 288, -1, 32, 84, 40734 }, // U+FBD6
    { 18, 33, 292, 1, 23, 75, 40818 }, // U+FBD8
    { 18, 31, 292, 1, 21, 70, 40893 }, // U+FBDA
    { 18, 32, 292, 1, 22, 72, 40963 }, // U+FBDC
    { 18, 34, 292, 1, 24, 77, 41035 }, // U+FBDF
    { 19, 23, 292, 0, 14, 55, 41112 }, // U+FBE1
    { 18, 32, 292, 1, 22, 72, 41167 }, // U+FBE3
    { 24, 28, 386, 1, 9, 84, 41239 }, // U+FBE5
    { 10, 26, 166, -1, 14, 33, 41323 }, // U+FBE6
    { 14, 24, 179, -1, 12, 42, 41356 }, // U+FBE7
    { 10, 14, 166, -1, 14, 18, 41398 }, // U+FBE8
    { 14, 12, 179, -1, 12, 21, 41416 }, // U+FBE9
    { 24, 17, 386, 1, 9, 51, 41437 }, // U+FBFD
    { 10, 21, 166, 0, 14, 27, 41488 }, // U+FBFE
    { 13, 19, 179, -1, 12, 31, 41515 }, // U+FBFF
    { 14, 34, 255, 1, 33, 60, 41546 }, // U+FC5B
    { 12, 31, 199, -1, 22, 47, 41606 }, // U+FC5C
    { 9, 15, 0, 1, 36, 17, 41653 }, // U+FC61
    { 9, 13, 0, 1, 34, 15, 41670 }, // U+FC63
    { 10, 30, 137, 1, 30, 38, 41685 }, // U+FD3C
    { 8, 30, 124, 1, 30, 30, 41723 }, // U+FD3D
    { 13, 34, 283, 3, 26, 56, 41753 }, // U+FD3E
    { 13, 34, 300, 2, 26, 56, 41809 }, // U+FD3F
    { 35, 32, 607, 1, 32, 140, 41865 }, // U+FDF2
    { 8, 8, 320, 1, 27, 8, 42005 }, // U+FE70
    { 10, 10, 320, 1, 28, 13, 42013 }, // U+FE72
    { 8, 8, 320, 1, -1, 8, 42026 }, // U+FE74
    { 8, 4, 320, 1, 23, 4, 42034 }, // U+FE76
    { 7, 10, 320, 0, 28, 9, 42038 }, // U+FE78
    { 9, 6, 320, 1, 27, 7, 42047 }, // U+FE7C
    { 7, 6, 320, 1, 25, 6, 42054 }, // U+FE7E
    { 11, 27, 137, -1, 27, 38, 42060 }, // U+FE82
    { 10, 31, 137, 0, 31, 39, 42098 }, // U+FE84
    { 18, 33, 292, 1, 23, 75, 42137 }, // U+FE86
    { 10, 35, 137, 0, 26, 44, 42212 }, // U+FE88
    { 25, 26, 386, 0, 18, 82, 42256 }, // U+FE8A
    { 10, 23, 166, -1, 23, 29, 42338 }, // U+FE8B
    { 14, 21, 179, -2, 21, 37, 42367 }, // U+FE8C
    { 8, 26, 137, 2, 26, 26, 42404 }, // U+FE8E
    { 33, 20, 525, 1, 12, 83, 42430 }, // U+FE90
    { 10, 22, 166, -1, 14, 28, 42513 }, // U+FE91
    { 14, 20, 179, -2, 12, 35, 42541 }, // U+FE92
    { 18, 25, 277, 1, 25, 57, 42576 }, // U+FE94
    { 33, 18, 525, 1, 17, 75, 42633 }, // U+FE96
    { 10, 21, 166, -1, 21, 27, 42708 }, // U+FE97
    { 13, 19, 179, -1, 19, 31, 42735 }, // U+FE98
    { 33, 21, 525, 1, 20, 87, 42766 }, // U+FE9A
    { 11, 24, 166, -2, 24, 33, 42853 }, // U+FE9B
    { 14, 22, 179, -1, 22, 39, 42886 }, // U+FE9C
    { 23, 30, 365, 0, 17, 87, 42925 }, // U+FE9E
    { 23, 25, 379, -1, 17, 72, 43012 }, // U+FE9F
    { 26, 23, 391, -1, 17, 75, 43084 }, // U+FEA0
    { 24, 30, 365, 0, 17, 90, 43159 }, // U+FEA2
    { 24, 17, 379, -1, 17, 51, 43249 }, // U+FEA3
    { 27, 17, 391, -1, 17, 58, 43300 }, // U+FEA4
    { 23, 36, 365, 0, 23, 104, 43358 }, // U+FEA6
    { 24, 23, 379, -1, 23, 69, 43462 }, // U+FEA7
    { 26, 23, 391, -1, 23, 75, 43531 }, // U+FEA8
    { 19, 19, 284, 0, 18, 46, 43606 }, // U+FEAA
    { 18, 25, 284, 0, 24, 57, 43652 }, // U+FEAC
    { 16, 22, 222, -1, 13, 44, 43709 }, // U+FEAE
    { 16, 29, 222, -1, 20, 58, 43753 }, // U+FEB0
    { 44, 22, 697, 1, 13, 121, 43811 }, // U+FEB2
    { 28, 15, 440, -2, 15, 53, 43932 }, // U+FEB3
    { 32, 13, 471, -1, 13, 52, 43985 }, // U+FEB4
    { 44, 31, 697, 1, 22, 171, 44037 }, // U+FEB6
    { 28, 22, 440, -2, 22, 77, 44208 }, // U+FEB7
    { 32, 22, 471, -1, 22, 88, 44285 }, // U+FEB8
    { 45, 25, 723, 1, 16, 141, 44373 }, // U+FEBA
    { 31, 16, 493, -1, 16, 62, 44514 }, // U+FEBB
    { 34, 16, 508, -1, 16, 68, 44576 }, // U+FEBC
    { 45, 31, 723, 1, 22, 175, 44644 }, // U+FEBE
    { 31, 22, 493, -1, 22, 86, 44819 }, // U+FEBF
    { 34, 22, 508, -1, 22, 94, 44905 }, // U+FEC0
    { 30, 27, 454, 0, 27, 102, 44999 }, // U+FEC2
    { 26, 27, 416, -1, 27, 88, 45101 }, // U+FEC3
    { 30, 27, 440, -1, 27, 102, 45189 }, // U+FEC4
    { 30, 26, 454, 0, 26, 98, 45291 }, // U+FEC6
    { 26, 26, 416, -1, 26, 85, 45389 }, // U+FEC7
    { 30, 26, 440, -1, 26, 98, 45474 }, // U+FEC8
    { 20, 29, 310, 1, 16, 73, 45572 }, // U+FECA
    { 19, 16, 302, -1, 16, 38, 45645 }, // U+FECB
    { 23, 16, 325, -1, 16, 46, 45683 }, // U+FECC
    { 20, 36, 310, 1, 23, 90, 45729 }, // U+FECE
    { 19, 23, 302, -1, 23, 55, 45819 }, // U+FECF
    { 23, 23, 325, -1, 23, 67, 45874 }, // U+FED0
    { 32, 24, 520, 1, 23, 96, 45941 }, // U+FED2
    { 16, 27, 254, -1, 27, 54, 46037 }, // U+FED3
    { 20, 24, 283, -1, 24, 60, 46091 }, // U+FED4
    { 27, 30, 432, 1, 21, 102, 46151 }, // U+FED6
    { 16, 27, 254, -1, 27, 54, 46253 }, // U+FED7
    { 20, 24, 283, -1, 24, 60, 46307 }, // U+FED8
    { 29, 26, 459, 1, 25, 95, 46367 }, // U+FEDA
    { 15, 26, 246, -1, 26, 49, 46462 }, // U+FEDB
    { 20, 26, 288, -1, 26, 65, 46511 }, // U+FEDC
    { 24, 34, 381, 1, 26, 102, 46576 }, // U+FEDE
    { 8, 26, 138, -1, 26, 26, 46678 }, // U+FEDF
    { 11, 26, 141, -1, 26, 36, 46704 }, // U+FEE0
    { 24, 28, 387, 1, 15, 84, 46740 }, // U+FEE2
    { 20, 16, 313, -1, 15, 40, 46824 }, // U+FEE3
    { 24, 16, 335, -1, 15, 48, 46864 }, // U+FEE4
    { 24, 25, 389, 1, 16, 75, 46912 }, // U+FEE6
    { 10, 21, 166, -1, 21, 27, 46987 }, // U+FEE7
    { 14, 18, 179, -2, 18, 32, 47014 }, // U+FEE8
    { 18, 18, 277, 1, 18, 41, 47046 }, // U+FEEA
    { 21, 20, 346, -1, 19, 53, 47087 }, // U+FEEB
    { 19, 26, 269, -1, 16, 62, 47140 }, // U+FEEC
    { 18, 24, 292, 1, 14, 54, 47202 }, // U+FEEE
    { 24, 17, 386, 1, 9, 51, 47256 }, // U+FEF0
    { 24, 23, 386, 1, 9, 69, 47307 }, // U+FEF2
    { 10, 21, 166, 0, 14, 27, 47376 }, // U+FEF3
    { 13, 19, 179, -1, 12, 31, 47403 }, // U+FEF4
    { 20, 27, 343, 0, 27, 68, 47434 }, // U+FEF5
    { 23, 26, 362, 0, 26, 75, 47502 }, // U+FEF6
    { 19, 31, 343, 1, 31, 74, 47577 }, // U+FEF7
    { 23, 30, 362, 1, 30, 87, 47651 }, // U+FEF8
    { 19, 35, 343, 1, 26, 84, 47738 }, // U+FEF9
    { 22, 35, 362, 1, 26, 97, 47822 }, // U+FEFA
    { 19, 26, 343, 1, 26, 62, 47919 }, // U+FEFB
    { 22, 26, 362, 1, 26, 72, 47981 }, // U+FEFC
};

static const EpdUnicodeInterval firago_16_semiboldIntervals[] = {
    { 0x20, 0x7E, 0x0 },
    { 0xA0, 0xA1, 0x5F },
    { 0xAB, 0xAB, 0x61 },
    { 0xB0, 0xB0, 0x62 },
    { 0xB7, 0xB7, 0x63 },
    { 0xBA, 0xBB, 0x64 },
    { 0xBF, 0xC2, 0x66 },
    { 0xC4, 0xC7, 0x6A },
    { 0xC9, 0xCA, 0x6E },
    { 0xCD, 0xCE, 0x70 },
    { 0xD2, 0xD3, 0x72 },
    { 0xD6, 0xD6, 0x74 },
    { 0xD8, 0xDA, 0x75 },
    { 0xDC, 0xDD, 0x78 },
    { 0xDF, 0xEF, 0x7A },
    { 0xF1, 0xF6, 0x8B },
    { 0xF8, 0xFA, 0x91 },
    { 0xFC, 0xFD, 0x94 },
    { 0x103, 0x103, 0x96 },
    { 0x105, 0x105, 0x97 },
    { 0x107, 0x107, 0x98 },
    { 0x10C, 0x111, 0x99 },
    { 0x116, 0x11B, 0x9F },
    { 0x11E, 0x11F, 0xA5 },
    { 0x129, 0x129, 0xA7 },
    { 0x12E, 0x131, 0xA8 },
    { 0x13A, 0x13A, 0xAC },
    { 0x13D, 0x13E, 0xAD },
    { 0x141, 0x142, 0xAF },
    { 0x144, 0x144, 0xB1 },
    { 0x148, 0x148, 0xB2 },
    { 0x151, 0x151, 0xB3 },
    { 0x155, 0x155, 0xB4 },
    { 0x158, 0x15B, 0xB5 },
    { 0x15E, 0x161, 0xB9 },
    { 0x163, 0x165, 0xBD },
    { 0x16B, 0x16B, 0xC0 },
    { 0x16E, 0x173, 0xC1 },
    { 0x17A, 0x17A, 0xC7 },
    { 0x17C, 0x17E, 0xC8 },
    { 0x1A1, 0x1A1, 0xCB },
    { 0x1B0, 0x1B0, 0xCC },
    { 0x218, 0x21B, 0xCD },
    { 0x404, 0x404, 0xD1 },
    { 0x406, 0x406, 0xD2 },
    { 0x410, 0x429, 0xD3 },
    { 0x42B, 0x42D, 0xED },
    { 0x42F, 0x44F, 0xF0 },
    { 0x451, 0x451, 0x111 },
    { 0x454, 0x454, 0x112 },
    { 0x456, 0x457, 0x113 },
    { 0x45E, 0x45E, 0x115 },
    { 0x491, 0x493, 0x116 },
    { 0x49A, 0x49B, 0x119 },
    { 0x4A2, 0x4A3, 0x11B },
    { 0x4AE, 0x4B1, 0x11D },
    { 0x4D8, 0x4D9, 0x121 },
    { 0x4E8, 0x4E9, 0x123 },
    { 0x591, 0x5C7, 0x125 },
    { 0x5D0, 0x5EA, 0x15C },
    { 0x5F0, 0x5F4, 0x177 },
    { 0x600, 0x600, 0x17C },
    { 0x609, 0x60D, 0x17D },
    { 0x615, 0x615, 0x182 },
    { 0x61B, 0x61B, 0x183 },
    { 0x61E, 0x63C, 0x184 },
    { 0x640, 0x656, 0x1A3 },
    { 0x658, 0x658, 0x1BA },
    { 0x65A, 0x65B, 0x1BB },
    { 0x65D, 0x65D, 0x1BD },
    { 0x65F, 0x6D5, 0x1BE },
    { 0x6EE, 0x6EE, 0x235 },
    { 0x6F0, 0x6FF, 0x236 },
    { 0x75C, 0x75C, 0x246 },
    { 0x1EA1, 0x1EA3, 0x247 },
    { 0x1EA5, 0x1EA9, 0x24A },
    { 0x1EAB, 0x1EAF, 0x24F },
    { 0x1EB1, 0x1EB1, 0x254 },
    { 0x1EB5, 0x1EB5, 0x255 },
    { 0x1EB7, 0x1EB7, 0x256 },
    { 0x1EB9, 0x1EB9, 0x257 },
    { 0x1EBB, 0x1EBB, 0x258 },
    { 0x1EBD, 0x1EBD, 0x259 },
    { 0x1EBF, 0x1EC1, 0x25A },
    { 0x1EC3, 0x1EC3, 0x25D },
    { 0x1EC7, 0x1EC7, 0x25E },
    { 0x1EC9, 0x1EC9, 0x25F },
    { 0x1ECB, 0x1ECD, 0x260 },
    { 0x1ECF, 0x1ED3, 0x263 },
    { 0x1ED5, 0x1ED5, 0x268 },
    { 0x1ED7, 0x1ED9, 0x269 },
    { 0x1EDB, 0x1EDB, 0x26C },
    { 0x1EDD, 0x1EDF, 0x26D },
    { 0x1EE1, 0x1EE1, 0x270 },
    { 0x1EE3, 0x1EE3, 0x271 },
    { 0x1EE5, 0x1EE7, 0x272 },
    { 0x1EE9, 0x1EE9, 0x275 },
    { 0x1EEB, 0x1EEB, 0x276 },
    { 0x1EED, 0x1EED, 0x277 },
    { 0x1EEF, 0x1EEF, 0x278 },
    { 0x1EF1, 0x1EF1, 0x279 },
    { 0x200C, 0x200F, 0x27A },
    { 0x2013, 0x2014, 0x27E },
    { 0x2018, 0x2019, 0x280 },
    { 0x201C, 0x201E, 0x282 },
    { 0x2026, 0x2026, 0x285 },
    { 0xFB1D, 0xFB36, 0x286 },
    { 0xFB38, 0xFB3C, 0x2A0 },
    { 0xFB3E, 0xFB3E, 0x2A5 },
    { 0xFB40, 0xFB41, 0x2A6 },
    { 0xFB43, 0xFB44, 0x2A8 },
    { 0xFB46, 0xFB4F, 0x2AA },
    { 0xFB51, 0xFB51, 0x2B4 },
    { 0xFB53, 0xFB55, 0x2B5 },
    { 0xFB57, 0xFB59, 0x2B8 },
    { 0xFB5B, 0xFB5D, 0x2BB },
    { 0xFB5F, 0xFB61, 0x2BE },
    { 0xFB63, 0xFB65, 0x2C1 },
    { 0xFB67, 0xFB69, 0x2C4 },
    { 0xFB6B, 0xFB6D, 0x2C7 },
    { 0xFB6F, 0xFB71, 0x2CA },
    { 0xFB73, 0xFB75, 0x2CD },
    { 0xFB77, 0xFB79, 0x2D0 },
    { 0xFB7B, 0xFB7D, 0x2D3 },
    { 0xFB7F, 0xFB81, 0x2D6 },
    { 0xFB83, 0xFB83, 0x2D9 },
    { 0xFB85, 0xFB85, 0x2DA },
    { 0xFB87, 0xFB87, 0x2DB },
    { 0xFB89, 0xFB89, 0x2DC },
    { 0xFB8B, 0xFB8B, 0x2DD },
    { 0xFB8D, 0xFB8D, 0x2DE },
    { 0xFB8F, 0xFB91, 0x2DF },
    { 0xFB93, 0xFB95, 0x2E2 },
    { 0xFB97, 0xFB99, 0x2E5 },
    { 0xFB9B, 0xFB9D, 0x2E8 },
    { 0xFB9F, 0xFB9F, 0x2EB },
    { 0xFBA1, 0xFBA3, 0x2EC },
    { 0xFBA5, 0xFBA5, 0x2EF },
    { 0xFBA7, 0xFBA9, 0x2F0 },
    { 0xFBAB, 0xFBAD, 0x2F3 },
    { 0xFBAF, 0xFBAF, 0x2F6 },
    { 0xFBB1, 0xFBBB, 0x2F7 },
    { 0xFBBD, 0xFBBF, 0x302 },
    { 0xFBC1, 0xFBC1, 0x305 },
    { 0xFBD4, 0xFBD6, 0x306 },
    { 0xFBD8, 0xFBD8, 0x309 },
    { 0xFBDA, 0xFBDA, 0x30A },
    { 0xFBDC, 0xFBDC, 0x30B },
    { 0xFBDF, 0xFBDF, 0x30C },
    { 0xFBE1, 0xFBE1, 0x30D },
    { 0xFBE3, 0xFBE3, 0x30E },
    { 0xFBE5, 0xFBE9, 0x30F },
    { 0xFBFD, 0xFBFF, 0x314 },
    { 0xFC5B, 0xFC5C, 0x317 },
    { 0xFC61, 0xFC61, 0x319 },
    { 0xFC63, 0xFC63, 0x31A },
    { 0xFD3C, 0xFD3F, 0x31B },
    { 0xFDF2, 0xFDF2, 0x31F },
    { 0xFE70, 0xFE70, 0x320 },
    { 0xFE72, 0xFE72, 0x321 },
    { 0xFE74, 0xFE74, 0x322 },
    { 0xFE76, 0xFE76, 0x323 },
    { 0xFE78, 0xFE78, 0x324 },
    { 0xFE7C, 0xFE7C, 0x325 },
    { 0xFE7E, 0xFE7E, 0x326 },
    { 0xFE82, 0xFE82, 0x327 },
    { 0xFE84, 0xFE84, 0x328 },
    { 0xFE86, 0xFE86, 0x329 },
    { 0xFE88, 0xFE88, 0x32A },
    { 0xFE8A, 0xFE8C, 0x32B },
    { 0xFE8E, 0xFE8E, 0x32E },
    { 0xFE90, 0xFE92, 0x32F },
    { 0xFE94, 0xFE94, 0x332 },
    { 0xFE96, 0xFE98, 0x333 },
    { 0xFE9A, 0xFE9C, 0x336 },
    { 0xFE9E, 0xFEA0, 0x339 },
    { 0xFEA2, 0xFEA4, 0x33C },
    { 0xFEA6, 0xFEA8, 0x33F },
    { 0xFEAA, 0xFEAA, 0x342 },
    { 0xFEAC, 0xFEAC, 0x343 },
    { 0xFEAE, 0xFEAE, 0x344 },
    { 0xFEB0, 0xFEB0, 0x345 },
    { 0xFEB2, 0xFEB4, 0x346 },
    { 0xFEB6, 0xFEB8, 0x349 },
    { 0xFEBA, 0xFEBC, 0x34C },
    { 0xFEBE, 0xFEC0, 0x34F },
    { 0xFEC2, 0xFEC4, 0x352 },
    { 0xFEC6, 0xFEC8, 0x355 },
    { 0xFECA, 0xFECC, 0x358 },
    { 0xFECE, 0xFED0, 0x35B },
    { 0xFED2, 0xFED4, 0x35E },
    { 0xFED6, 0xFED8, 0x361 },
    { 0xFEDA, 0xFEDC, 0x364 },
    { 0xFEDE, 0xFEE0, 0x367 },
    { 0xFEE2, 0xFEE4, 0x36A },
    { 0xFEE6, 0xFEE8, 0x36D },
    { 0xFEEA, 0xFEEC, 0x370 },
    { 0xFEEE, 0xFEEE, 0x373 },
    { 0xFEF0, 0xFEF0, 0x374 },
    { 0xFEF2, 0xFEFC, 0x375 },
};

static const EpdKernClassEntry firago_16_semiboldKernLeftClasses[] = {
    { 0x0021, 1 }, // !
    { 0x0022, 2 }, // "
    { 0x0023, 3 }, // #
    { 0x0024, 4 }, // $
    { 0x0025, 5 }, // %
    { 0x0026, 6 }, // &
    { 0x0027, 2 }, // '
    { 0x0028, 7 }, // (
    { 0x0029, 8 }, // )
    { 0x002A, 9 }, // *
    { 0x002B, 10 }, // +
    { 0x002C, 11 }, // ,
    { 0x002D, 10 }, // -
    { 0x002E, 11 }, // .
    { 0x002F, 12 }, // /
    { 0x0030, 13 }, // 0
    { 0x0031, 14 }, // 1
    { 0x0032, 15 }, // 2
    { 0x0033, 16 }, // 3
    { 0x0034, 17 }, // 4
    { 0x0035, 18 }, // 5
    { 0x0036, 19 }, // 6
    { 0x0037, 20 }, // 7
    { 0x0038, 21 }, // 8
    { 0x0039, 22 }, // 9
    { 0x003A, 23 }, // :
    { 0x003B, 23 }, // ;
    { 0x003C, 24 }, // <
    { 0x003D, 24 }, // =
    { 0x003E, 24 }, // >
    { 0x003F, 25 }, // ?
    { 0x0040, 26 }, // @
    { 0x0041, 27 }, // A
    { 0x0042, 28 }, // B
    { 0x0043, 29 }, // C
    { 0x0044, 30 }, // D
    { 0x0045, 31 }, // E
    { 0x0046, 32 }, // F
    { 0x0047, 33 }, // G
    { 0x0048, 34 }, // H
    { 0x0049, 34 }, // I
    { 0x004A, 35 }, // J
    { 0x004B, 36 }, // K
    { 0x004C, 37 }, // L
    { 0x004D, 38 }, // M
    { 0x004E, 34 }, // N
    { 0x004F, 30 }, // O
    { 0x0050, 39 }, // P
    { 0x0051, 40 }, // Q
    { 0x0052, 41 }, // R
    { 0x0053, 4 }, // S
    { 0x0054, 42 }, // T
    { 0x0055, 43 }, // U
    { 0x0056, 44 }, // V
    { 0x0057, 45 }, // W
    { 0x0058, 36 }, // X
    { 0x0059, 46 }, // Y
    { 0x005A, 47 }, // Z
    { 0x005B, 48 }, // [
    { 0x005C, 49 }, // <backslash>
    { 0x005F, 50 }, // _
    { 0x0061, 51 }, // a
    { 0x0062, 52 }, // b
    { 0x0063, 53 }, // c
    { 0x0064, 54 }, // d
    { 0x0065, 52 }, // e
    { 0x0066, 55 }, // f
    { 0x0067, 56 }, // g
    { 0x0068, 57 }, // h
    { 0x0069, 58 }, // i
    { 0x006A, 58 }, // j
    { 0x006B, 59 }, // k
    { 0x006C, 60 }, // l
    { 0x006D, 57 }, // m
    { 0x006E, 57 }, // n
    { 0x006F, 52 }, // o
    { 0x0070, 52 }, // p
    { 0x0071, 61 }, // q
    { 0x0072, 62 }, // r
    { 0x0073, 63 }, // s
    { 0x0074, 64 }, // t
    { 0x0075, 65 }, // u
    { 0x0076, 66 }, // v
    { 0x0077, 67 }, // w
    { 0x0078, 59 }, // x
    { 0x0079, 66 }, // y
    { 0x007A, 68 }, // z
    { 0x007B, 69 }, // {
    { 0x007E, 10 }, // ~
    { 0x00A1, 70 }, // U+00A1
    { 0x00AB, 71 }, // U+00AB
    { 0x00B0, 72 }, // U+00B0
    { 0x00B7, 10 }, // U+00B7
    { 0x00BB, 73 }, // U+00BB
    { 0x00BF, 74 }, // U+00BF
    { 0x00C0, 27 }, // U+00C0
    { 0x00C1, 27 }, // U+00C1
    { 0x00C2, 27 }, // U+00C2
    { 0x00C4, 27 }, // U+00C4
    { 0x00C5, 27 }, // U+00C5
    { 0x00C6, 31 }, // U+00C6
    { 0x00C7, 29 }, // U+00C7
    { 0x00C9, 31 }, // U+00C9
    { 0x00CA, 31 }, // U+00CA
    { 0x00CD, 75 }, // U+00CD
    { 0x00CE, 75 }, // U+00CE
    { 0x00D2, 30 }, // U+00D2
    { 0x00D3, 30 }, // U+00D3
    { 0x00D6, 30 }, // U+00D6
    { 0x00D8, 30 }, // U+00D8
    { 0x00D9, 43 }, // U+00D9
    { 0x00DA, 43 }, // U+00DA
    { 0x00DC, 43 }, // U+00DC
    { 0x00DD, 46 }, // U+00DD
    { 0x00DF, 76 }, // U+00DF
    { 0x00E0, 51 }, // U+00E0
    { 0x00E1, 51 }, // U+00E1
    { 0x00E2, 51 }, // U+00E2
    { 0x00E3, 51 }, // U+00E3
    { 0x00E4, 51 }, // U+00E4
    { 0x00E5, 51 }, // U+00E5
    { 0x00E6, 52 }, // U+00E6
    { 0x00E7, 53 }, // U+00E7
    { 0x00E8, 52 }, // U+00E8
    { 0x00E9, 52 }, // U+00E9
    { 0x00EA, 52 }, // U+00EA
    { 0x00EB, 52 }, // U+00EB
    { 0x00EC, 77 }, // U+00EC
    { 0x00ED, 77 }, // U+00ED
    { 0x00EE, 77 }, // U+00EE
    { 0x00EF, 77 }, // U+00EF
    { 0x00F1, 57 }, // U+00F1
    { 0x00F2, 52 }, // U+00F2
    { 0x00F3, 52 }, // U+00F3
    { 0x00F4, 52 }, // U+00F4
    { 0x00F5, 52 }, // U+00F5
    { 0x00F6, 52 }, // U+00F6
    { 0x00F8, 52 }, // U+00F8
    { 0x00F9, 65 }, // U+00F9
    { 0x00FA, 65 }, // U+00FA
    { 0x00FC, 65 }, // U+00FC
    { 0x00FD, 66 }, // U+00FD
    { 0x0103, 51 }, // U+0103
    { 0x0105, 51 }, // U+0105
    { 0x0107, 53 }, // U+0107
    { 0x010C, 29 }, // U+010C
    { 0x010D, 53 }, // U+010D
    { 0x010E, 30 }, // U+010E
    { 0x010F, 78 }, // U+010F
    { 0x0110, 30 }, // U+0110
    { 0x0111, 54 }, // U+0111
    { 0x0116, 31 }, // U+0116
    { 0x0117, 52 }, // U+0117
    { 0x0118, 31 }, // U+0118
    { 0x0119, 52 }, // U+0119
    { 0x011A, 31 }, // U+011A
    { 0x011B, 52 }, // U+011B
    { 0x011E, 33 }, // U+011E
    { 0x011F, 56 }, // U+011F
    { 0x0129, 77 }, // U+0129
    { 0x012E, 34 }, // U+012E
    { 0x012F, 58 }, // U+012F
    { 0x0130, 34 }, // U+0130
    { 0x0131, 65 }, // U+0131
    { 0x013A, 60 }, // U+013A
    { 0x013D, 37 }, // U+013D
    { 0x013E, 78 }, // U+013E
    { 0x0141, 37 }, // U+0141
    { 0x0142, 79 }, // U+0142
    { 0x0144, 57 }, // U+0144
    { 0x0148, 57 }, // U+0148
    { 0x0151, 52 }, // U+0151
    { 0x0155, 62 }, // U+0155
    { 0x0158, 41 }, // U+0158
    { 0x0159, 80 }, // U+0159
    { 0x015A, 4 }, // U+015A
    { 0x015B, 63 }, // U+015B
    { 0x015E, 4 }, // U+015E
    { 0x015F, 63 }, // U+015F
    { 0x0160, 4 }, // U+0160
    { 0x0161, 63 }, // U+0161
    { 0x0163, 64 }, // U+0163
    { 0x0164, 42 }, // U+0164
    { 0x0165, 81 }, // U+0165
    { 0x016B, 65 }, // U+016B
    { 0x016E, 43 }, // U+016E
    { 0x016F, 65 }, // U+016F
    { 0x0170, 43 }, // U+0170
    { 0x0171, 65 }, // U+0171
    { 0x0172, 43 }, // U+0172
    { 0x0173, 65 }, // U+0173
    { 0x017A, 68 }, // U+017A
    { 0x017C, 68 }, // U+017C
    { 0x017D, 47 }, // U+017D
    { 0x017E, 68 }, // U+017E
    { 0x01A1, 82 }, // U+01A1
    { 0x01B0, 82 }, // U+01B0
    { 0x0218, 4 }, // U+0218
    { 0x0219, 63 }, // U+0219
    { 0x021A, 42 }, // U+021A
    { 0x021B, 64 }, // U+021B
    { 0x0404, 29 }, // U+0404
    { 0x0406, 34 }, // U+0406
    { 0x0410, 27 }, // U+0410
    { 0x0411, 83 }, // U+0411
    { 0x0412, 28 }, // U+0412
    { 0x0413, 84 }, // U+0413
    { 0x0414, 85 }, // U+0414
    { 0x0415, 31 }, // U+0415
    { 0x0416, 36 }, // U+0416
    { 0x0417, 28 }, // U+0417
    { 0x0418, 34 }, // U+0418
    { 0x0419, 34 }, // U+0419
    { 0x041A, 36 }, // U+041A
    { 0x041B, 34 }, // U+041B
    { 0x041C, 38 }, // U+041C
    { 0x041D, 34 }, // U+041D
    { 0x041E, 30 }, // U+041E
    { 0x041F, 34 }, // U+041F
    { 0x0420, 39 }, // U+0420
    { 0x0421, 29 }, // U+0421
    { 0x0422, 42 }, // U+0422
    { 0x0423, 86 }, // U+0423
    { 0x0424, 30 }, // U+0424
    { 0x0425, 36 }, // U+0425
    { 0x0426, 87 }, // U+0426
    { 0x0427, 34 }, // U+0427
    { 0x0428, 34 }, // U+0428
    { 0x0429, 87 }, // U+0429
    { 0x042B, 34 }, // U+042B
    { 0x042C, 88 }, // U+042C
    { 0x042D, 30 }, // U+042D
    { 0x042F, 34 }, // U+042F
    { 0x0430, 51 }, // U+0430
    { 0x0431, 52 }, // U+0431
    { 0x0432, 89 }, // U+0432
    { 0x0433, 90 }, // U+0433
    { 0x0434, 91 }, // U+0434
    { 0x0435, 52 }, // U+0435
    { 0x0436, 59 }, // U+0436
    { 0x0437, 89 }, // U+0437
    { 0x0438, 65 }, // U+0438
    { 0x0439, 65 }, // U+0439
    { 0x043A, 59 }, // U+043A
    { 0x043B, 65 }, // U+043B
    { 0x043C, 92 }, // U+043C
    { 0x043D, 65 }, // U+043D
    { 0x043E, 52 }, // U+043E
    { 0x043F, 65 }, // U+043F
    { 0x0440, 52 }, // U+0440
    { 0x0441, 53 }, // U+0441
    { 0x0442, 93 }, // U+0442
    { 0x0443, 66 }, // U+0443
    { 0x0444, 52 }, // U+0444
    { 0x0445, 59 }, // U+0445
    { 0x0446, 94 }, // U+0446
    { 0x0447, 65 }, // U+0447
    { 0x0448, 65 }, // U+0448
    { 0x0449, 94 }, // U+0449
    { 0x044A, 95 }, // U+044A
    { 0x044B, 65 }, // U+044B
    { 0x044C, 95 }, // U+044C
    { 0x044D, 52 }, // U+044D
    { 0x044E, 52 }, // U+044E
    { 0x044F, 65 }, // U+044F
    { 0x0451, 52 }, // U+0451
    { 0x0454, 53 }, // U+0454
    { 0x0456, 58 }, // U+0456
    { 0x0457, 77 }, // U+0457
    { 0x045E, 66 }, // U+045E
    { 0x0491, 96 }, // U+0491
    { 0x0492, 84 }, // U+0492
    { 0x0493, 90 }, // U+0493
    { 0x049A, 97 }, // U+049A
    { 0x049B, 98 }, // U+049B
    { 0x04A2, 87 }, // U+04A2
    { 0x04A3, 94 }, // U+04A3
    { 0x04AE, 46 }, // U+04AE
    { 0x04AF, 66 }, // U+04AF
    { 0x04B0, 46 }, // U+04B0
    { 0x04B1, 66 }, // U+04B1
    { 0x04D8, 30 }, // U+04D8
    { 0x04D9, 52 }, // U+04D9
    { 0x04E8, 30 }, // U+04E8
    { 0x04E9, 52 }, // U+04E9
    { 0x05BE, 99 }, // U+05BE
    { 0x05C3, 23 }, // U+05C3
    { 0x05D0, 100 }, // U+05D0
    { 0x05D1, 101 }, // U+05D1
    { 0x05D2, 101 }, // U+05D2
    { 0x05D3, 102 }, // U+05D3
    { 0x05D4, 103 }, // U+05D4
    { 0x05D5, 104 }, // U+05D5
    { 0x05D6, 105 }, // U+05D6
    { 0x05D7, 103 }, // U+05D7
    { 0x05D8, 106 }, // U+05D8
    { 0x05D9, 104 }, // U+05D9
    { 0x05DA, 102 }, // U+05DA
    { 0x05DB, 101 }, // U+05DB
    { 0x05DC, 102 }, // U+05DC
    { 0x05DD, 103 }, // U+05DD
    { 0x05DE, 107 }, // U+05DE
    { 0x05E0, 101 }, // U+05E0
    { 0x05E1, 108 }, // U+05E1
    { 0x05E2, 109 }, // U+05E2
    { 0x05E3, 110 }, // U+05E3
    { 0x05E4, 111 }, // U+05E4
    { 0x05E5, 112 }, // U+05E5
    { 0x05E6, 113 }, // U+05E6
    { 0x05E7, 103 }, // U+05E7
    { 0x05E8, 102 }, // U+05E8
    { 0x05E9, 106 }, // U+05E9
    { 0x05EA, 114 }, // U+05EA
    { 0x05F0, 104 }, // U+05F0
    { 0x05F1, 104 }, // U+05F1
    { 0x05F2, 104 }, // U+05F2
    { 0x05F3, 99 }, // U+05F3
    { 0x05F4, 99 }, // U+05F4
    { 0x0622, 115 }, // U+0622
    { 0x0623, 115 }, // U+0623
    { 0x0624, 116 }, // U+0624
    { 0x0625, 117 }, // U+0625
    { 0x0629, 118 }, // U+0629
    { 0x062F, 119 }, // U+062F
    { 0x0630, 119 }, // U+0630
    { 0x0631, 120 }, // U+0631
    { 0x0632, 120 }, // U+0632
    { 0x0647, 118 }, // U+0647
    { 0x0648, 116 }, // U+0648
    { 0x0660, 121 }, // U+0660
    { 0x0661, 122 }, // U+0661
    { 0x0662, 122 }, // U+0662
    { 0x0663, 122 }, // U+0663
    { 0x0664, 123 }, // U+0664
    { 0x0665, 124 }, // U+0665
    { 0x0666, 125 }, // U+0666
    { 0x0667, 126 }, // U+0667
    { 0x0668, 127 }, // U+0668
    { 0x0669, 128 }, // U+0669
    { 0x0671, 115 }, // U+0671
    { 0x0673, 117 }, // U+0673
    { 0x0676, 116 }, // U+0676
    { 0x0677, 116 }, // U+0677
    { 0x0688, 119 }, // U+0688
    { 0x0689, 119 }, // U+0689
    { 0x068A, 119 }, // U+068A
    { 0x068B, 119 }, // U+068B
    { 0x068C, 119 }, // U+068C
    { 0x068D, 119 }, // U+068D
    { 0x068E, 119 }, // U+068E
    { 0x068F, 119 }, // U+068F
    { 0x0690, 119 }, // U+0690
    { 0x0691, 120 }, // U+0691
    { 0x0692, 120 }, // U+0692
    { 0x0693, 120 }, // U+0693
    { 0x0694, 120 }, // U+0694
    { 0x0695, 120 }, // U+0695
    { 0x0696, 120 }, // U+0696
    { 0x0697, 120 }, // U+0697
    { 0x0698, 120 }, // U+0698
    { 0x0699, 120 }, // U+0699
    { 0x06C0, 118 }, // U+06C0
    { 0x06C1, 118 }, // U+06C1
    { 0x06C2, 118 }, // U+06C2
    { 0x06C3, 118 }, // U+06C3
    { 0x06C6, 116 }, // U+06C6
    { 0x06C7, 116 }, // U+06C7
    { 0x06C8, 116 }, // U+06C8
    { 0x06C9, 116 }, // U+06C9
    { 0x06CA, 116 }, // U+06CA
    { 0x06CB, 116 }, // U+06CB
    { 0x06CF, 116 }, // U+06CF
    { 0x06D5, 118 }, // U+06D5
    { 0x06EE, 119 }, // U+06EE
    { 0x06F0, 121 }, // U+06F0
    { 0x06F1, 122 }, // U+06F1
    { 0x06F2, 122 }, // U+06F2
    { 0x06F3, 122 }, // U+06F3
    { 0x06F6, 129 }, // U+06F6
    { 0x06F7, 126 }, // U+06F7
    { 0x06F8, 127 }, // U+06F8
    { 0x06F9, 128 }, // U+06F9
    { 0x1EA1, 51 }, // U+1EA1
    { 0x1EA2, 27 }, // U+1EA2
    { 0x1EA3, 51 }, // U+1EA3
    { 0x1EA5, 51 }, // U+1EA5
    { 0x1EA6, 27 }, // U+1EA6
    { 0x1EA7, 51 }, // U+1EA7
    { 0x1EA8, 27 }, // U+1EA8
    { 0x1EA9, 51 }, // U+1EA9
    { 0x1EAB, 51 }, // U+1EAB
    { 0x1EAC, 27 }, // U+1EAC
    { 0x1EAD, 51 }, // U+1EAD
    { 0x1EAE, 27 }, // U+1EAE
    { 0x1EAF, 51 }, // U+1EAF
    { 0x1EB1, 51 }, // U+1EB1
    { 0x1EB5, 51 }, // U+1EB5
    { 0x1EB7, 51 }, // U+1EB7
    { 0x1EB9, 52 }, // U+1EB9
    { 0x1EBB, 52 }, // U+1EBB
    { 0x1EBD, 52 }, // U+1EBD
    { 0x1EBF, 52 }, // U+1EBF
    { 0x1EC0, 31 }, // U+1EC0
    { 0x1EC1, 52 }, // U+1EC1
    { 0x1EC3, 52 }, // U+1EC3
    { 0x1EC7, 52 }, // U+1EC7
    { 0x1EC9, 58 }, // U+1EC9
    { 0x1ECB, 58 }, // U+1ECB
    { 0x1ECC, 30 }, // U+1ECC
    { 0x1ECD, 52 }, // U+1ECD
    { 0x1ECF, 52 }, // U+1ECF
    { 0x1ED0, 30 }, // U+1ED0
    { 0x1ED1, 52 }, // U+1ED1
    { 0x1ED2, 30 }, // U+1ED2
    { 0x1ED3, 52 }, // U+1ED3
    { 0x1ED5, 52 }, // U+1ED5
    { 0x1ED7, 52 }, // U+1ED7
    { 0x1ED8, 30 }, // U+1ED8
    { 0x1ED9, 52 }, // U+1ED9
    { 0x1EDB, 82 }, // U+1EDB
    { 0x1EDD, 82 }, // U+1EDD
    { 0x1EDE, 130 }, // U+1EDE
    { 0x1EDF, 82 }, // U+1EDF
    { 0x1EE1, 82 }, // U+1EE1
    { 0x1EE3, 82 }, // U+1EE3
    { 0x1EE5, 65 }, // U+1EE5
    { 0x1EE6, 43 }, // U+1EE6
    { 0x1EE7, 65 }, // U+1EE7
    { 0x1EE9, 82 }, // U+1EE9
    { 0x1EEB, 82 }, // U+1EEB
    { 0x1EED, 82 }, // U+1EED
    { 0x1EEF, 82 }, // U+1EEF
    { 0x1EF1, 82 }, // U+1EF1
    { 0x2013, 10 }, // U+2013
    { 0x2014, 10 }, // U+2014
    { 0x2018, 2 }, // U+2018
    { 0x2019, 2 }, // U+2019
    { 0x201C, 2 }, // U+201C
    { 0x201D, 2 }, // U+201D
    { 0x201E, 11 }, // U+201E
    { 0x2026, 11 }, // U+2026
    { 0xFB1D, 104 }, // U+FB1D
    { 0xFB1F, 104 }, // U+FB1F
    { 0xFB20, 113 }, // U+FB20
    { 0xFB21, 100 }, // U+FB21
    { 0xFB22, 102 }, // U+FB22
    { 0xFB23, 103 }, // U+FB23
    { 0xFB24, 101 }, // U+FB24
    { 0xFB25, 102 }, // U+FB25
    { 0xFB26, 103 }, // U+FB26
    { 0xFB27, 102 }, // U+FB27
    { 0xFB28, 114 }, // U+FB28
    { 0xFB2A, 106 }, // U+FB2A
    { 0xFB2B, 106 }, // U+FB2B
    { 0xFB2C, 106 }, // U+FB2C
    { 0xFB2D, 106 }, // U+FB2D
    { 0xFB2E, 100 }, // U+FB2E
    { 0xFB2F, 100 }, // U+FB2F
    { 0xFB30, 100 }, // U+FB30
    { 0xFB31, 101 }, // U+FB31
    { 0xFB32, 101 }, // U+FB32
    { 0xFB33, 102 }, // U+FB33
    { 0xFB34, 103 }, // U+FB34
    { 0xFB35, 131 }, // U+FB35
    { 0xFB36, 105 }, // U+FB36
    { 0xFB38, 103 }, // U+FB38
    { 0xFB39, 132 }, // U+FB39
    { 0xFB3A, 102 }, // U+FB3A
    { 0xFB3B, 101 }, // U+FB3B
    { 0xFB3C, 102 }, // U+FB3C
    { 0xFB3E, 103 }, // U+FB3E
    { 0xFB40, 101 }, // U+FB40
    { 0xFB41, 108 }, // U+FB41
    { 0xFB43, 110 }, // U+FB43
    { 0xFB44, 111 }, // U+FB44
    { 0xFB46, 113 }, // U+FB46
    { 0xFB47, 103 }, // U+FB47
    { 0xFB48, 102 }, // U+FB48
    { 0xFB49, 106 }, // U+FB49
    { 0xFB4A, 114 }, // U+FB4A
    { 0xFB4B, 104 }, // U+FB4B
    { 0xFB4C, 101 }, // U+FB4C
    { 0xFB4D, 101 }, // U+FB4D
    { 0xFB4E, 111 }, // U+FB4E
    { 0xFB83, 119 }, // U+FB83
    { 0xFB85, 119 }, // U+FB85
    { 0xFB87, 119 }, // U+FB87
    { 0xFB89, 119 }, // U+FB89
    { 0xFB8B, 120 }, // U+FB8B
    { 0xFB8D, 120 }, // U+FB8D
    { 0xFBDA, 116 }, // U+FBDA
    { 0xFBDC, 116 }, // U+FBDC
    { 0xFBDF, 116 }, // U+FBDF
    { 0xFBE3, 116 }, // U+FBE3
    { 0xFC5B, 119 }, // U+FC5B
    { 0xFC5C, 120 }, // U+FC5C
    { 0xFD3D, 115 }, // U+FD3D
    { 0xFE86, 116 }, // U+FE86
    { 0xFEAA, 119 }, // U+FEAA
    { 0xFEAC, 119 }, // U+FEAC
    { 0xFEAE, 120 }, // U+FEAE
    { 0xFEB0, 120 }, // U+FEB0
    { 0xFEEE, 116 }, // U+FEEE
};

static const EpdKernClassEntry firago_16_semiboldKernRightClasses[] = {
    { 0x0021, 1 }, // !
    { 0x0022, 2 }, // "
    { 0x0023, 3 }, // #
    { 0x0024, 4 }, // $
    { 0x0025, 5 }, // %
    { 0x0026, 6 }, // &
    { 0x0027, 2 }, // '
    { 0x0029, 7 }, // )
    { 0x002A, 8 }, // *
    { 0x002B, 9 }, // +
    { 0x002C, 10 }, // ,
    { 0x002D, 11 }, // -
    { 0x002E, 12 }, // .
    { 0x002F, 13 }, // /
    { 0x0030, 14 }, // 0
    { 0x0031, 15 }, // 1
    { 0x0032, 16 }, // 2
    { 0x0033, 17 }, // 3
    { 0x0034, 18 }, // 4
    { 0x0035, 19 }, // 5
    { 0x0036, 20 }, // 6
    { 0x0037, 21 }, // 7
    { 0x0038, 22 }, // 8
    { 0x0039, 23 }, // 9
    { 0x003A, 24 }, // :
    { 0x003B, 24 }, // ;
    { 0x003C, 25 }, // <
    { 0x003D, 25 }, // =
    { 0x003E, 25 }, // >
    { 0x003F, 26 }, // ?
    { 0x0040, 27 }, // @
    { 0x0041, 28 }, // A
    { 0x0042, 29 }, // B
    { 0x0043, 30 }, // C
    { 0x0044, 29 }, // D
    { 0x0045, 29 }, // E
    { 0x0046, 29 }, // F
    { 0x0047, 30 }, // G
    { 0x0048, 29 }, // H
    { 0x0049, 29 }, // I
    { 0x004A, 31 }, // J
    { 0x004B, 29 }, // K
    { 0x004C, 29 }, // L
    { 0x004D, 32 }, // M
    { 0x004E, 29 }, // N
    { 0x004F, 30 }, // O
    { 0x0050, 29 }, // P
    { 0x0051, 30 }, // Q
    { 0x0052, 29 }, // R
    { 0x0053, 4 }, // S
    { 0x0054, 33 }, // T
    { 0x0055, 34 }, // U
    { 0x0056, 35 }, // V
    { 0x0057, 36 }, // W
    { 0x0058, 37 }, // X
    { 0x0059, 38 }, // Y
    { 0x005A, 39 }, // Z
    { 0x005C, 40 }, // <backslash>
    { 0x005D, 41 }, // ]
    { 0x005F, 42 }, // _
    { 0x0061, 43 }, // a
    { 0x0062, 44 }, // b
    { 0x0063, 45 }, // c
    { 0x0064, 45 }, // d
    { 0x0065, 45 }, // e
    { 0x0066, 46 }, // f
    { 0x0067, 47 }, // g
    { 0x0068, 44 }, // h
    { 0x0069, 48 }, // i
    { 0x006A, 49 }, // j
    { 0x006B, 44 }, // k
    { 0x006C, 50 }, // l
    { 0x006D, 51 }, // m
    { 0x006E, 51 }, // n
    { 0x006F, 45 }, // o
    { 0x0070, 51 }, // p
    { 0x0071, 45 }, // q
    { 0x0072, 51 }, // r
    { 0x0073, 52 }, // s
    { 0x0074, 53 }, // t
    { 0x0075, 54 }, // u
    { 0x0076, 55 }, // v
    { 0x0077, 56 }, // w
    { 0x0078, 57 }, // x
    { 0x0079, 58 }, // y
    { 0x007A, 59 }, // z
    { 0x007C, 60 }, // |
    { 0x007D, 61 }, // }
    { 0x007E, 9 }, // ~
    { 0x00A1, 62 }, // U+00A1
    { 0x00AB, 63 }, // U+00AB
    { 0x00B0, 64 }, // U+00B0
    { 0x00B7, 9 }, // U+00B7
    { 0x00BB, 65 }, // U+00BB
    { 0x00BF, 66 }, // U+00BF
    { 0x00C0, 28 }, // U+00C0
    { 0x00C1, 28 }, // U+00C1
    { 0x00C2, 28 }, // U+00C2
    { 0x00C4, 28 }, // U+00C4
    { 0x00C5, 28 }, // U+00C5
    { 0x00C6, 67 }, // U+00C6
    { 0x00C7, 30 }, // U+00C7
    { 0x00C9, 29 }, // U+00C9
    { 0x00CA, 29 }, // U+00CA
    { 0x00CD, 68 }, // U+00CD
    { 0x00CE, 68 }, // U+00CE
    { 0x00D2, 30 }, // U+00D2
    { 0x00D3, 30 }, // U+00D3
    { 0x00D6, 30 }, // U+00D6
    { 0x00D8, 30 }, // U+00D8
    { 0x00D9, 34 }, // U+00D9
    { 0x00DA, 34 }, // U+00DA
    { 0x00DC, 34 }, // U+00DC
    { 0x00DD, 38 }, // U+00DD
    { 0x00DF, 44 }, // U+00DF
    { 0x00E0, 43 }, // U+00E0
    { 0x00E1, 43 }, // U+00E1
    { 0x00E2, 43 }, // U+00E2
    { 0x00E3, 43 }, // U+00E3
    { 0x00E4, 43 }, // U+00E4
    { 0x00E5, 43 }, // U+00E5
    { 0x00E6, 43 }, // U+00E6
    { 0x00E7, 45 }, // U+00E7
    { 0x00E8, 45 }, // U+00E8
    { 0x00E9, 45 }, // U+00E9
    { 0x00EA, 45 }, // U+00EA
    { 0x00EB, 45 }, // U+00EB
    { 0x00EC, 69 }, // U+00EC
    { 0x00ED, 69 }, // U+00ED
    { 0x00EE, 69 }, // U+00EE
    { 0x00EF, 69 }, // U+00EF
    { 0x00F1, 51 }, // U+00F1
    { 0x00F2, 45 }, // U+00F2
    { 0x00F3, 45 }, // U+00F3
    { 0x00F4, 45 }, // U+00F4
    { 0x00F5, 45 }, // U+00F5
    { 0x00F6, 45 }, // U+00F6
    { 0x00F8, 45 }, // U+00F8
    { 0x00F9, 54 }, // U+00F9
    { 0x00FA, 54 }, // U+00FA
    { 0x00FC, 54 }, // U+00FC
    { 0x00FD, 55 }, // U+00FD
    { 0x0103, 43 }, // U+0103
    { 0x0105, 43 }, // U+0105
    { 0x0107, 45 }, // U+0107
    { 0x010C, 30 }, // U+010C
    { 0x010D, 45 }, // U+010D
    { 0x010E, 29 }, // U+010E
    { 0x010F, 45 }, // U+010F
    { 0x0110, 29 }, // U+0110
    { 0x0111, 45 }, // U+0111
    { 0x0116, 29 }, // U+0116
    { 0x0117, 45 }, // U+0117
    { 0x0118, 29 }, // U+0118
    { 0x0119, 45 }, // U+0119
    { 0x011A, 29 }, // U+011A
    { 0x011B, 45 }, // U+011B
    { 0x011E, 30 }, // U+011E
    { 0x011F, 47 }, // U+011F
    { 0x0129, 69 }, // U+0129
    { 0x012E, 70 }, // U+012E
    { 0x012F, 71 }, // U+012F
    { 0x0130, 29 }, // U+0130
    { 0x0131, 51 }, // U+0131
    { 0x013A, 44 }, // U+013A
    { 0x013D, 29 }, // U+013D
    { 0x013E, 44 }, // U+013E
    { 0x0141, 29 }, // U+0141
    { 0x0142, 72 }, // U+0142
    { 0x0144, 51 }, // U+0144
    { 0x0148, 51 }, // U+0148
    { 0x0151, 45 }, // U+0151
    { 0x0155, 51 }, // U+0155
    { 0x0158, 29 }, // U+0158
    { 0x0159, 51 }, // U+0159
    { 0x015A, 4 }, // U+015A
    { 0x015B, 52 }, // U+015B
    { 0x015E, 4 }, // U+015E
    { 0x015F, 52 }, // U+015F
    { 0x0160, 4 }, // U+0160
    { 0x0161, 52 }, // U+0161
    { 0x0163, 53 }, // U+0163
    { 0x0164, 33 }, // U+0164
    { 0x0165, 53 }, // U+0165
    { 0x016B, 54 }, // U+016B
    { 0x016E, 34 }, // U+016E
    { 0x016F, 54 }, // U+016F
    { 0x0170, 34 }, // U+0170
    { 0x0171, 54 }, // U+0171
    { 0x0172, 34 }, // U+0172
    { 0x0173, 54 }, // U+0173
    { 0x017A, 59 }, // U+017A
    { 0x017C, 59 }, // U+017C
    { 0x017D, 39 }, // U+017D
    { 0x017E, 59 }, // U+017E
    { 0x01A1, 45 }, // U+01A1
    { 0x01B0, 54 }, // U+01B0
    { 0x0218, 4 }, // U+0218
    { 0x0219, 52 }, // U+0219
    { 0x021A, 33 }, // U+021A
    { 0x021B, 53 }, // U+021B
    { 0x0404, 30 }, // U+0404
    { 0x0406, 29 }, // U+0406
    { 0x0410, 28 }, // U+0410
    { 0x0411, 29 }, // U+0411
    { 0x0412, 29 }, // U+0412
    { 0x0413, 29 }, // U+0413
    { 0x0414, 73 }, // U+0414
    { 0x0415, 29 }, // U+0415
    { 0x0416, 37 }, // U+0416
    { 0x0417, 74 }, // U+0417
    { 0x0418, 29 }, // U+0418
    { 0x0419, 29 }, // U+0419
    { 0x041A, 29 }, // U+041A
    { 0x041B, 75 }, // U+041B
    { 0x041C, 32 }, // U+041C
    { 0x041D, 29 }, // U+041D
    { 0x041E, 30 }, // U+041E
    { 0x041F, 29 }, // U+041F
    { 0x0420, 29 }, // U+0420
    { 0x0421, 30 }, // U+0421
    { 0x0422, 33 }, // U+0422
    { 0x0423, 76 }, // U+0423
    { 0x0424, 30 }, // U+0424
    { 0x0425, 37 }, // U+0425
    { 0x0426, 29 }, // U+0426
    { 0x0427, 77 }, // U+0427
    { 0x0428, 29 }, // U+0428
    { 0x0429, 29 }, // U+0429
    { 0x042B, 29 }, // U+042B
    { 0x042C, 29 }, // U+042C
    { 0x042D, 74 }, // U+042D
    { 0x042F, 78 }, // U+042F
    { 0x0430, 43 }, // U+0430
    { 0x0431, 79 }, // U+0431
    { 0x0432, 51 }, // U+0432
    { 0x0433, 51 }, // U+0433
    { 0x0434, 80 }, // U+0434
    { 0x0435, 45 }, // U+0435
    { 0x0436, 57 }, // U+0436
    { 0x0437, 81 }, // U+0437
    { 0x0438, 51 }, // U+0438
    { 0x0439, 51 }, // U+0439
    { 0x043A, 51 }, // U+043A
    { 0x043B, 82 }, // U+043B
    { 0x043C, 83 }, // U+043C
    { 0x043D, 51 }, // U+043D
    { 0x043E, 45 }, // U+043E
    { 0x043F, 51 }, // U+043F
    { 0x0441, 45 }, // U+0441
    { 0x0442, 84 }, // U+0442
    { 0x0443, 55 }, // U+0443
    { 0x0444, 45 }, // U+0444
    { 0x0445, 57 }, // U+0445
    { 0x0446, 51 }, // U+0446
    { 0x0447, 85 }, // U+0447
    { 0x0448, 51 }, // U+0448
    { 0x0449, 51 }, // U+0449
    { 0x044A, 86 }, // U+044A
    { 0x044B, 51 }, // U+044B
    { 0x044C, 51 }, // U+044C
    { 0x044D, 81 }, // U+044D
    { 0x044E, 51 }, // U+044E
    { 0x044F, 87 }, // U+044F
    { 0x0451, 45 }, // U+0451
    { 0x0454, 45 }, // U+0454
    { 0x0456, 48 }, // U+0456
    { 0x0457, 69 }, // U+0457
    { 0x045E, 55 }, // U+045E
    { 0x0491, 51 }, // U+0491
    { 0x0492, 29 }, // U+0492
    { 0x0493, 51 }, // U+0493
    { 0x049A, 29 }, // U+049A
    { 0x049B, 51 }, // U+049B
    { 0x04A2, 29 }, // U+04A2
    { 0x04A3, 51 }, // U+04A3
    { 0x04AE, 38 }, // U+04AE
    { 0x04AF, 55 }, // U+04AF
    { 0x04B0, 38 }, // U+04B0
    { 0x04B1, 55 }, // U+04B1
    { 0x04D8, 30 }, // U+04D8
    { 0x04D9, 45 }, // U+04D9
    { 0x04E8, 30 }, // U+04E8
    { 0x04E9, 45 }, // U+04E9
    { 0x05BE, 88 }, // U+05BE
    { 0x05C3, 24 }, // U+05C3
    { 0x05D0, 89 }, // U+05D0
    { 0x05D1, 90 }, // U+05D1
    { 0x05D2, 91 }, // U+05D2
    { 0x05D3, 92 }, // U+05D3
    { 0x05D4, 91 }, // U+05D4
    { 0x05D5, 93 }, // U+05D5
    { 0x05D6, 92 }, // U+05D6
    { 0x05D7, 91 }, // U+05D7
    { 0x05D8, 94 }, // U+05D8
    { 0x05D9, 93 }, // U+05D9
    { 0x05DA, 91 }, // U+05DA
    { 0x05DB, 94 }, // U+05DB
    { 0x05DC, 94 }, // U+05DC
    { 0x05DD, 91 }, // U+05DD
    { 0x05DE, 91 }, // U+05DE
    { 0x05DF, 93 }, // U+05DF
    { 0x05E0, 91 }, // U+05E0
    { 0x05E1, 94 }, // U+05E1
    { 0x05E2, 95 }, // U+05E2
    { 0x05E3, 91 }, // U+05E3
    { 0x05E4, 94 }, // U+05E4
    { 0x05E5, 96 }, // U+05E5
    { 0x05E6, 97 }, // U+05E6
    { 0x05E7, 94 }, // U+05E7
    { 0x05E8, 91 }, // U+05E8
    { 0x05E9, 95 }, // U+05E9
    { 0x05EA, 91 }, // U+05EA
    { 0x05F0, 93 }, // U+05F0
    { 0x05F1, 93 }, // U+05F1
    { 0x05F2, 93 }, // U+05F2
    { 0x05F3, 88 }, // U+05F3
    { 0x05F4, 88 }, // U+05F4
    { 0x0620, 98 }, // U+0620
    { 0x0622, 99 }, // U+0622
    { 0x0623, 99 }, // U+0623
    { 0x0624, 100 }, // U+0624
    { 0x0625, 101 }, // U+0625
    { 0x0626, 98 }, // U+0626
    { 0x0627, 102 }, // U+0627
    { 0x0628, 98 }, // U+0628
    { 0x0629, 103 }, // U+0629
    { 0x062A, 98 }, // U+062A
    { 0x062F, 98 }, // U+062F
    { 0x0630, 98 }, // U+0630
    { 0x0631, 104 }, // U+0631
    { 0x0632, 104 }, // U+0632
    { 0x0633, 98 }, // U+0633
    { 0x0634, 98 }, // U+0634
    { 0x0635, 98 }, // U+0635
    { 0x0636, 98 }, // U+0636
    { 0x0637, 98 }, // U+0637
    { 0x0638, 98 }, // U+0638
    { 0x063B, 105 }, // U+063B
    { 0x063C, 105 }, // U+063C
    { 0x0645, 98 }, // U+0645
    { 0x0647, 103 }, // U+0647
    { 0x0648, 100 }, // U+0648
    { 0x0649, 98 }, // U+0649
    { 0x064A, 98 }, // U+064A
    { 0x0660, 106 }, // U+0660
    { 0x0662, 107 }, // U+0662
    { 0x0663, 107 }, // U+0663
    { 0x0664, 108 }, // U+0664
    { 0x0665, 109 }, // U+0665
    { 0x0667, 110 }, // U+0667
    { 0x0668, 111 }, // U+0668
    { 0x0669, 112 }, // U+0669
    { 0x066E, 98 }, // U+066E
    { 0x0671, 99 }, // U+0671
    { 0x0672, 102 }, // U+0672
    { 0x0673, 101 }, // U+0673
    { 0x0676, 100 }, // U+0676
    { 0x0677, 100 }, // U+0677
    { 0x0678, 98 }, // U+0678
    { 0x0679, 98 }, // U+0679
    { 0x067A, 98 }, // U+067A
    { 0x067B, 98 }, // U+067B
    { 0x067D, 98 }, // U+067D
    { 0x067E, 98 }, // U+067E
    { 0x067F, 98 }, // U+067F
    { 0x0680, 98 }, // U+0680
    { 0x0688, 98 }, // U+0688
    { 0x068C, 98 }, // U+068C
    { 0x068E, 98 }, // U+068E
    { 0x068F, 98 }, // U+068F
    { 0x0690, 98 }, // U+0690
    { 0x0691, 104 }, // U+0691
    { 0x0692, 104 }, // U+0692
    { 0x0693, 104 }, // U+0693
    { 0x0694, 104 }, // U+0694
    { 0x0695, 104 }, // U+0695
    { 0x0696, 104 }, // U+0696
    { 0x0697, 104 }, // U+0697
    { 0x0698, 104 }, // U+0698
    { 0x0699, 104 }, // U+0699
    { 0x069A, 98 }, // U+069A
    { 0x069B, 98 }, // U+069B
    { 0x069C, 98 }, // U+069C
    { 0x069D, 98 }, // U+069D
    { 0x069E, 98 }, // U+069E
    { 0x069F, 98 }, // U+069F
    { 0x06A9, 105 }, // U+06A9
    { 0x06AA, 105 }, // U+06AA
    { 0x06AB, 105 }, // U+06AB
    { 0x06AF, 105 }, // U+06AF
    { 0x06B0, 105 }, // U+06B0
    { 0x06B1, 105 }, // U+06B1
    { 0x06B2, 105 }, // U+06B2
    { 0x06B3, 105 }, // U+06B3
    { 0x06B4, 105 }, // U+06B4
    { 0x06BE, 98 }, // U+06BE
    { 0x06C0, 103 }, // U+06C0
    { 0x06C1, 103 }, // U+06C1
    { 0x06C2, 103 }, // U+06C2
    { 0x06C3, 103 }, // U+06C3
    { 0x06C6, 100 }, // U+06C6
    { 0x06C7, 100 }, // U+06C7
    { 0x06C8, 100 }, // U+06C8
    { 0x06C9, 100 }, // U+06C9
    { 0x06CA, 100 }, // U+06CA
    { 0x06CB, 100 }, // U+06CB
    { 0x06CC, 98 }, // U+06CC
    { 0x06CD, 98 }, // U+06CD
    { 0x06CE, 98 }, // U+06CE
    { 0x06CF, 100 }, // U+06CF
    { 0x06D0, 98 }, // U+06D0
    { 0x06D1, 98 }, // U+06D1
    { 0x06D5, 103 }, // U+06D5
    { 0x06EE, 98 }, // U+06EE
    { 0x06F0, 106 }, // U+06F0
    { 0x06F2, 107 }, // U+06F2
    { 0x06F3, 107 }, // U+06F3
    { 0x06F4, 107 }, // U+06F4
    { 0x06F6, 110 }, // U+06F6
    { 0x06F7, 110 }, // U+06F7
    { 0x06F8, 111 }, // U+06F8
    { 0x06F9, 112 }, // U+06F9
    { 0x06FA, 98 }, // U+06FA
    { 0x06FB, 98 }, // U+06FB
    { 0x06FF, 98 }, // U+06FF
    { 0x075C, 98 }, // U+075C
    { 0x1EA1, 43 }, // U+1EA1
    { 0x1EA2, 28 }, // U+1EA2
    { 0x1EA3, 43 }, // U+1EA3
    { 0x1EA5, 43 }, // U+1EA5
    { 0x1EA6, 28 }, // U+1EA6
    { 0x1EA7, 43 }, // U+1EA7
    { 0x1EA8, 28 }, // U+1EA8
    { 0x1EA9, 43 }, // U+1EA9
    { 0x1EAB, 43 }, // U+1EAB
    { 0x1EAC, 28 }, // U+1EAC
    { 0x1EAD, 43 }, // U+1EAD
    { 0x1EAE, 28 }, // U+1EAE
    { 0x1EAF, 43 }, // U+1EAF
    { 0x1EB1, 43 }, // U+1EB1
    { 0x1EB5, 43 }, // U+1EB5
    { 0x1EB7, 43 }, // U+1EB7
    { 0x1EB9, 45 }, // U+1EB9
    { 0x1EBB, 45 }, // U+1EBB
    { 0x1EBD, 45 }, // U+1EBD
    { 0x1EBF, 45 }, // U+1EBF
    { 0x1EC0, 29 }, // U+1EC0
    { 0x1EC1, 45 }, // U+1EC1
    { 0x1EC3, 45 }, // U+1EC3
    { 0x1EC7, 45 }, // U+1EC7
    { 0x1EC9, 48 }, // U+1EC9
    { 0x1ECB, 48 }, // U+1ECB
    { 0x1ECC, 30 }, // U+1ECC
    { 0x1ECD, 45 }, // U+1ECD
    { 0x1ECF, 45 }, // U+1ECF
    { 0x1ED0, 30 }, // U+1ED0
    { 0x1ED1, 45 }, // U+1ED1
    { 0x1ED2, 30 }, // U+1ED2
    { 0x1ED3, 45 }, // U+1ED3
    { 0x1ED5, 45 }, // U+1ED5
    { 0x1ED7, 45 }, // U+1ED7
    { 0x1ED8, 30 }, // U+1ED8
    { 0x1ED9, 45 }, // U+1ED9
    { 0x1EDB, 45 }, // U+1EDB
    { 0x1EDD, 45 }, // U+1EDD
    { 0x1EDE, 30 }, // U+1EDE
    { 0x1EDF, 45 }, // U+1EDF
    { 0x1EE1, 45 }, // U+1EE1
    { 0x1EE3, 45 }, // U+1EE3
    { 0x1EE5, 54 }, // U+1EE5
    { 0x1EE6, 34 }, // U+1EE6
    { 0x1EE7, 54 }, // U+1EE7
    { 0x1EE9, 54 }, // U+1EE9
    { 0x1EEB, 54 }, // U+1EEB
    { 0x1EED, 54 }, // U+1EED
    { 0x1EEF, 54 }, // U+1EEF
    { 0x1EF1, 54 }, // U+1EF1
    { 0x2013, 9 }, // U+2013
    { 0x2014, 9 }, // U+2014
    { 0x2018, 2 }, // U+2018
    { 0x2019, 2 }, // U+2019
    { 0x201C, 2 }, // U+201C
    { 0x201D, 2 }, // U+201D
    { 0x201E, 12 }, // U+201E
    { 0x2026, 12 }, // U+2026
    { 0xFB1D, 93 }, // U+FB1D
    { 0xFB1F, 93 }, // U+FB1F
    { 0xFB20, 95 }, // U+FB20
    { 0xFB21, 89 }, // U+FB21
    { 0xFB22, 92 }, // U+FB22
    { 0xFB23, 91 }, // U+FB23
    { 0xFB24, 94 }, // U+FB24
    { 0xFB25, 94 }, // U+FB25
    { 0xFB26, 91 }, // U+FB26
    { 0xFB27, 91 }, // U+FB27
    { 0xFB28, 91 }, // U+FB28
    { 0xFB2A, 95 }, // U+FB2A
    { 0xFB2B, 95 }, // U+FB2B
    { 0xFB2C, 95 }, // U+FB2C
    { 0xFB2D, 95 }, // U+FB2D
    { 0xFB2E, 89 }, // U+FB2E
    { 0xFB2F, 89 }, // U+FB2F
    { 0xFB30, 89 }, // U+FB30
    { 0xFB31, 90 }, // U+FB31
    { 0xFB32, 91 }, // U+FB32
    { 0xFB33, 92 }, // U+FB33
    { 0xFB34, 91 }, // U+FB34
    { 0xFB35, 93 }, // U+FB35
    { 0xFB36, 92 }, // U+FB36
    { 0xFB38, 94 }, // U+FB38
    { 0xFB39, 93 }, // U+FB39
    { 0xFB3A, 91 }, // U+FB3A
    { 0xFB3B, 94 }, // U+FB3B
    { 0xFB3C, 94 }, // U+FB3C
    { 0xFB3E, 91 }, // U+FB3E
    { 0xFB40, 91 }, // U+FB40
    { 0xFB41, 94 }, // U+FB41
    { 0xFB43, 91 }, // U+FB43
    { 0xFB44, 94 }, // U+FB44
    { 0xFB46, 97 }, // U+FB46
    { 0xFB47, 94 }, // U+FB47
    { 0xFB48, 91 }, // U+FB48
    { 0xFB49, 95 }, // U+FB49
    { 0xFB4A, 91 }, // U+FB4A
    { 0xFB4B, 93 }, // U+FB4B
    { 0xFB4C, 90 }, // U+FB4C
    { 0xFB4D, 94 }, // U+FB4D
    { 0xFB4E, 94 }, // U+FB4E
    { 0xFB4F, 89 }, // U+FB4F
    { 0xFB60, 98 }, // U+FB60
    { 0xFB64, 98 }, // U+FB64
    { 0xFB68, 98 }, // U+FB68
    { 0xFB90, 105 }, // U+FB90
    { 0xFB94, 105 }, // U+FB94
    { 0xFB98, 105 }, // U+FB98
    { 0xFB9C, 105 }, // U+FB9C
    { 0xFBA2, 98 }, // U+FBA2
    { 0xFBAC, 98 }, // U+FBAC
    { 0xFBD5, 105 }, // U+FBD5
    { 0xFBD8, 100 }, // U+FBD8
    { 0xFBDA, 100 }, // U+FBDA
    { 0xFBDC, 100 }, // U+FBDC
    { 0xFBDF, 100 }, // U+FBDF
    { 0xFBE3, 100 }, // U+FBE3
    { 0xFBE8, 98 }, // U+FBE8
    { 0xFC5B, 98 }, // U+FC5B
    { 0xFC5C, 104 }, // U+FC5C
    { 0xFD3D, 99 }, // U+FD3D
    { 0xFDF2, 102 }, // U+FDF2
    { 0xFE86, 100 }, // U+FE86
    { 0xFE8B, 98 }, // U+FE8B
    { 0xFE97, 98 }, // U+FE97
    { 0xFE9B, 98 }, // U+FE9B
    { 0xFEB3, 98 }, // U+FEB3
    { 0xFEB7, 98 }, // U+FEB7
    { 0xFEBB, 98 }, // U+FEBB
    { 0xFEBF, 98 }, // U+FEBF
    { 0xFEC3, 98 }, // U+FEC3
    { 0xFEC7, 98 }, // U+FEC7
    { 0xFEDB, 105 }, // U+FEDB
    { 0xFEE3, 98 }, // U+FEE3
    { 0xFEE7, 98 }, // U+FEE7
    { 0xFEEB, 98 }, // U+FEEB
    { 0xFEEE, 100 }, // U+FEEE
    { 0xFEF5, 98 }, // U+FEF5
    { 0xFEF7, 98 }, // U+FEF7
    { 0xFEF9, 98 }, // U+FEF9
    { 0xFEFB, 98 }, // U+FEFB
};

static const int8_t firago_16_semiboldKernMatrix[] = {
       0,    0,    0,    0,    0,    0,    0,    7,    0,    0,    0,    0,    0,    0,    0,    0,    0,    0,    0,    0,    0,    0,    0,    0,    0,  -11,    0,    2,    0,    0,    0,    0,    0,    0,    0,    0,    0,    0,    0,    0,    0,    0,    0,    0,    0,    0,    0,    0,    0,    0,    0,    0,    0,    0,    0,    0,    0,    0,    0,    0,    0,    0,    0,    0,    0,    0,    0,    0,    0,    0,    0,    0,    0,    0,    0,    0,    0,    0,    0,    0,    0,    0,    0,    0,    0,    0,    0,    0,    0,    0,    0,    0,    0,    0,    0,    0,    0,    0,    0,    0,    0,    0,    0,    0,    0,    0,    0,    0,    0,    0,    0,    0,
       0,    0,  -16,    0,    0,    0,    0,    5,    0,  -53,    0,  -53,  -53,   -5,    0,    0,    0,  -21,    0,   -5,    7,   -8,    0,    0,    0,    0,  -11,  -16,    0,    0,  -11,    0,    5,    0,    5,    0,    0,    5,   -5,    0,    5,  -53,   -8,    0,   -5,    0,    0,    0,    0,    0,    0,   -5,    5,    0,    0,    0,    0,    0,   -5,    0,    5,    0,  -11,    0,    0,  -53,  -32,    0,   27,    0,    0,   -4,  -19,    0,  -16,    0,   11,    0,    0,  -16,    0,  -16,    0,    5,    0,    5,  -11,    0,    0,    0,  -11,    0,    0,  -13,    0,    0,    0,    0,    0,    0,    0,    0,    0,    0,    0,    0,    0,    0,    0,    0,    0,    0,
       0,    0,    0,   -4,    0,  -11,    0,   11,   -5,  -21,   -5,  -21,    0,    0,    0,   -2,   -2,    0,    0,    0,    4,    0,    0,    0,    0,  -11,    0,   -5,    0,   -4,    0,    0,    0,    0,    0,    0,   -3,   -3,   -8,  -11,    0,  -43,   -9,    0,   -5,    0,   -3,    0,   -5,    0,   -3,   -4,    0,   -5,    5,    0,    0,    5,   -3,    0,    0,    0,    0,    0,    0,    0,   -7,    0,   13,    0,    0,    0,   -6,  -11,   -8,   -3,    5,    0,    0,  -10,   -5,  -10,   -3,    0,    0,    0,   -3,    0,    0,    0,    0,    0,    0,    0,    0,    0,    0,    0,    0,    0,    0,    0,    0,    0,    0,    0,    0,    0,    0,    0,    0,    0,
       0,   -5,    0,   -6,    0,    0,    0,    0,    0,    0,    0,    0,    0,    0,  -18,   -5,    0,    0,    0,    0,  -11,    0,   -9,    0,    0,  -11,    0,   -3,    0,    0,   -4,   -5,  -11,    0,  -11,   -5,   -4,  -11,   -8,  -16,    0,  -16,    0,    0,    0,   -5,    0,    0,    0,    0,    0,    0,    0,    0,   -4,    0,    0,   -4,   -4,    0,    0,    0,    0,    0,    0,    0,   -5,    0,    0,    0,    0,    0,    0,   -8,    0,   -6,  -10,    0,    0,    0,   -5,    0,    0,  -11,    0,  -11,    0,    0,    0,    0,    0,    0,    0,    0,    0,    0,    0,    0,    0,    0,    0,    0,    0,    0,    0,    0,    0,    0,    0,    0,    0,    0,
       0,  -32,    0,    0,    0,    0,    0,  -27,    0,    0,    0,    0,    0,    0,  -32,    0,    0,    0,    0,    0,    0,    0,    0,    0,    0,  -32,    0,    0,    0,    0,    0,    0,    0,    0,    0,    0,    0,    0,    0,  -32,    0,    0,    0,    0,    0,    0,    0,    0,    0,    0,    0,    0,    0,    0,    0,    0,    0,    0,    0,    0,    0,    0,    0,    0,    0,    0,    0,    0,    0,    0,    0,    0,    0,    0,    0,    0,    0,    0,    0,    0,    0,    0,    0,    0,    0,    0,    0,    0,    0,    0,    0,    0,    0,    0,    0,    0,    0,    0,    0,    0,    0,    0,    0,    0,    0,    0,    0,    0,    0,    0,    0,    0,
       0,  -43,    0,    0,  -21,    0,    0,  -21,    0,    0,    0,    0,  -21,    0,  -39,    0,    0,  -11,  -11,    0,  -16,    0,  -11,    0,    0,  -43,  -11,    0,    0,    0,   -5,    0,  -42,    0,  -23,   -9,    0,  -39,   -5,  -53,    0,    0,   -8,    0,    0,  -11,    0,    0,    0,    0,    0,    0,    0,    0,  -11,   -8,    0,  -11,    0,    0,    0,    0,    0,    0,    0,    0,    0,    0,    0,    0,    0,    0,    0,   -5,    0,  -29,  -21,    0,    0,    0,    0,    0,    0,  -32,    0,  -32,    0,    0,    0,    0,    0,    0,    0,    0,    0,    0,    0,    0,    0,    0,    0,    0,    0,    0,    0,    0,    0,    0,    0,    0,    0,    0,
       0,    0,    0,    0,    0,    0,    0,    0,    0,    0,    0,    0,    0,    0,  -11,    0,    0,   -5,    0,    0,    0,    0,    0,    0,    0,    0,    0,    0,    2,    0,   11,    0,    0,    0,    0,    0,    0,    0,    0,    0,    0,    7,    0,    0,    0,   12,    0,    0,   30,    0,    0,    0,    0,    0,    0,    0,    0,    0,    0,    0,    0,    0,    0,    0,    0,    7,    0,   30,   34,   22,    0,    0,   11,    0,    0,    0,    0,    0,    0,    5,    0,    5,    0,    0,    0,    0,    0,    0,    0,    0,    0,    0,    0,    0,    0,    0,    0,    0,    0,    0,    0,    0,    0,    0,    0,    0,    0,    0,    0,    0,    0,    0,
       0,    0,    0,    0,    0,    0,    0,    0,    0,    0,    0,    0,    0,    0,    0,    0,    0,    0,    0,    0,    0,    0,    0,    0,    0,    0,    0,    0,    0,    0,    0,    0,    0,    0,    0,    0,    0,    0,    0,    0,    0,    0,    0,    0,    0,    0,    0,    0,    0,    0,    0,    0,    0,    0,    0,    0,    0,    0,    0,    0,    0,    0,    0,    0,    0,    0,    0,    0,    0,    0,    0,    0,    0,    0,    0,    0,    0,    0,    0,    0,    0,    0,    0,    0,    0,    0,    0,    0,    0,    0,    0,    0,    0,   -8,    0,    0,    0,    0,    0,    0,    0,    0,    0,    0,    0,    0,    0,    0,    0,    0,    0,    0,
       7,    5,  -11,    0,    0,    0,    0,    4,    0,  -53,    0,  -53,  -43,    0,    7,    7,    4,  -16,    0,    0,    7,    0,    4,    0,    0,    0,  -16,  -16,    0,    0,    0,    0,    4,    0,    4,    4,    0,    0,    0,    0,    0,  -53,  -11,    0,   -5,    7,    0,    0,    0,    0,    0,    0,    7,    0,    7,    7,    4,    7,    0,    0,    0,    0,  -11,    0,    0,  -43,  -27,    0,   25,    0,    0,    0,    0,    0,    0,    4,    7,    0,    0,  -16,    0,  -16,    0,    9,    4,    9,  -11,    0,    0,    0,    0,    0,    0,    0,    0,    0,    0,    0,    0,    0,    0,    0,    0,    0,    0,    0,    0,    0,    0,    0,    0,    0,
       0,    0,    0,  -20,  -11,  -16,    0,    0,    0,  -27,    0,  -27,  -32,    0,  -37,  -27,  -32,   -5,   -5,    0,  -32,    0,   -5,    0,    0,  -32,    0,   -5,    0,    0,   -6,    0,  -27,    0,  -12,    0,  -20,  -30,  -16,  -32,    0,  -43,   -8,    0,    0,   -8,    0,    0,    0,    0,    0,    0,   -3,    0,   -5,    0,  -19,   -5,  -16,    0,    0,    0,    0,    0,  -27,  -43,  -16,    0,    0,    0,    0,    0,  -16,  -43,  -16,  -21,    0,   -9,    0,  -11,  -16,  -11,    0,  -11,    0,  -11,   -8,    0,    0,    0,    0,    0,    0,    0,    0,    0,    0,    0,    0,    0,    0,    0,    0,    0,    0,    0,    0,    0,    0,    0,    0,    0,
       0,  -53,    0,    0,  -53,   -7,    0,  -53,  -27,    0,  -27,    0,    0,   -7,  -53,    0,    7,  -13,    5,   -5,    0,    0,  -12,    0,    0,  -27,    0,    4,    0,  -11,    0,    0,  -32,   -5,  -27,  -16,    0,  -50,    4,  -75,    4,    0,    0,    0,   -5,   -9,   -5,    0,    0,    0,    0,    4,  -16,   -5,  -21,  -11,    4,  -21,    4,    0,    0,    0,  -21,    0,    0,    0,    7,    0,    0,    0,    0,  -12,    9,    0,    4,  -16,  -53,    0,   -5,    4,    0,    4,    0,  -32,  -32,  -32,    4,    0,    0,    0,    0,    0,    0,   -8,  -29,  -32,    0,    0,    0,    0,    0,    0,    0,    0,    0,    0,    0,    0,    0,    0,    0,    0,
       0,    0,  -11,    0,  -11,  -27,    0,    0,  -32,  -75,  -32,  -75,  -64,   -5,  -32,  -21,  -16,  -27,  -11,  -16,    0,  -13,  -21,  -27,    0,  -32,  -27,  -13,    0,  -11,    0,    0,    0,    0,    0,    0,  -11,    0,  -11,    0,    0,  -64,  -27,    0,  -27,  -16,  -16,    0,    0,    0,  -16,  -16,  -16,  -16,  -11,  -11,  -16,  -11,  -16,    0,    0,    0,  -32,    0,  -21,  -53,  -21,    7,    0,    0,    0,   -7,    0,  -16,  -21,    0,    0,    0,    0,  -16,  -21,  -16,  -16,  -16,  -32,  -16,  -27,    0,  -11,    0,   -8,  -24,    0,  -24,  -35,  -16,  -13,    0,    0,    0,    0,    0,    0,    0,    0,    0,    0,    0,    0,    0,    0,    0,
       0,   -5,    0,    0,    0,    0,    0,    0,    0,   -7,    0,   -7,    0,    0,  -12,   -6,   -5,    0,    0,    0,  -11,    0,   -5,    0,    0,  -11,    0,    0,    0,    0,    0,    0,  -16,    0,    0,    0,   -4,  -11,   -5,   -5,    0,  -16,    0,    0,    0,    0,    0,    0,    0,    0,    0,    0,    0,    0,    0,    0,   -4,    0,    0,    0,    0,    0,    0,    0,    0,    0,    0,    0,    0,    0,    0,    0,    0,  -11,   -4,  -11,    0,    0,    0,   -5,    0,   -5,    0,    0,    0,    0,    0,    0,    0,    0,    0,    0,    0,    0,    0,    0,    0,    0,    0,    0,    0,    0,    0,    0,    0,    0,    0,    0,    0,    0,    0,    0,
       0,    0,    0,    0,    0,    0,    0,    0,    0,    0,    0,    0,    0,    0,   -9,    0,    0,    0,    0,    0,    0,    0,    0,    0,    0,    0,    0,    0,    0,    0,    0,    0,    0,    0,    0,    0,    0,    0,    0,    0,    0,    0,    0,    0,    0,    0,    0,    0,    0,    0,    0,    0,    0,    0,    0,    0,    0,    0,    0,    0,    0,    0,    0,    0,    0,    0,    0,    0,   11,    0,    0,    0,    0,    0,    0,    0,    0,    0,    0,    0,    0,    0,    0,    0,    0,    0,    0,    0,    0,    0,    0,    0,    0,    0,    0,    0,    0,    0,    0,    0,    0,    0,    0,    0,    0,    0,    0,    0,    0,    0,    0,    0,
       0,    0,    0,    0,    0,    0,    0,    0,  -10,    0,  -10,    0,    0,    0,  -12,    0,   -3,  -15,    0,    0,   -5,    0,   -5,    0,    0,   -5,    0,    0,    0,   -5,   -8,    0,  -11,    0,   -5,   -3,    0,  -16,    0,  -11,    0,    0,   -5,    0,  -11,    0,  -11,    0,    0,    0,    0,    0,    0,    0,   -5,    0,    0,   -5,    0,    0,    0,    0,  -11,    0,    0,    0,    0,    0,    0,    0,    0,    0,    0,    0,    0,   -8,    0,    0,    0,    0,    0,    0,    0,   -5,   -7,   -5,    0,    0,    0,    0,    0,    0,    0,    0,    0,    0,    0,    0,    0,    0,    0,    0,    0,    0,    0,    0,    0,    0,    0,    0,    0,    0,
       0,    0,    0,    0,    0,    0,    0,    0,    0,    0,    0,    0,  -11,    0,  -12,   -5,    0,   -2,    0,    0,   -3,    0,   -5,    0,    0,   -5,    0,    0,    0,    0,    0,    0,  -12,    0,    0,    0,    0,  -12,    0,  -11,    0,  -11,    0,    0,    0,    0,    0,    0,    0,    0,    0,    0,    0,    0,    0,    0,    0,    0,    0,    0,    0,    0,    0,    0,    0,    0,    0,    0,    0,    0,    0,    0,    0,   -7,    0,   -9,    0,    0,    0,    0,    0,    0,    0,   -5,    0,   -5,    0,    0,    0,    0,    0,    0,    0,    0,    0,    0,    0,    0,    0,    0,    0,    0,    0,    0,    0,    0,    0,    0,    0,    0,    0,    0,
       0,  -27,    0,  -11,  -21,    0,    0,  -21,   -5,    0,   -5,    0,  -11,    0,  -36,   -8,   -9,    0,   -5,    0,  -14,    0,  -11,    0,    0,  -27,    0,    0,    0,    0,   -4,    0,  -27,    0,  -11,   -5,    0,  -32,    0,  -27,    0,    0,    0,    0,    0,   -3,    0,    0,    0,    0,    0,    0,    0,    0,   -5,    0,   -3,   -5,    0,    0,    0,    0,    0,    0,  -11,    0,    0,    0,    0,    0,    0,    0,    0,  -11,    0,  -16,   -7,    0,    0,    0,   -5,    0,    0,  -13,    0,  -13,    0,    0,    0,    0,    0,    0,    0,    0,    0,    0,    0,    0,    0,    0,    0,    0,    0,    0,    0,    0,    0,    0,    0,    0,    0,    0,
       0,  -16,    0,   -8,  -11,    0,    0,  -11,    0,    0,    0,    0,  -11,    0,  -25,   -7,   -4,    0,   -3,    0,  -14,    0,   -8,    0,    0,  -11,    0,    0,    0,    0,   -4,    0,  -21,    0,  -16,  -11,    0,  -21,   -8,  -16,    0,  -11,    0,    0,    0,    0,    0,    0,    0,    0,    0,   -5,   -4,    0,   -6,   -2,   -4,   -6,   -4,    0,    0,    0,    0,   -5,    0,    0,    0,    0,    7,    0,    0,    0,    0,  -14,   -3,  -16,    0,   -4,    0,   -3,   -8,   -3,    0,  -11,    0,  -11,    0,    0,    0,    0,    0,    0,    0,    0,    0,    0,    0,    0,    0,    0,    0,    0,    0,    0,    0,    0,    0,    0,    0,    0,    0,    0,
       0,  -11,    0,    0,    0,    0,    0,  -11,    0,   -3,    0,   -3,  -11,    0,  -29,   -7,   -5,    0,   -3,    0,  -13,    0,   -8,    0,    0,  -16,    0,    0,    0,    0,   -5,    0,  -27,    0,  -11,    0,   -5,  -24,    0,  -16,    0,  -11,    0,    0,    0,    0,    0,    0,    0,    0,    0,    0,    0,    0,   -4,    0,   -3,   -4,    0,    0,    0,    0,    0,   -5,    0,    0,    0,    0,    0,    0,    0,    0,    0,  -11,    0,  -11,    0,    0,    0,   -5,   -5,   -5,    0,  -11,    0,  -11,    0,    0,    0,    0,    0,    0,    0,    0,    0,    0,    0,    0,    0,    0,    0,    0,    0,    0,    0,    0,    0,    0,    0,    0,    0,    0,
      11,    7,  -11,  -11,    5,  -11,    0,    7,  -17,  -45,  -17,  -45,  -21,   -6,   -7,   -5,   -4,  -21,   -5,   -8,    0,  -10,   -7,  -13,    0,    0,  -11,  -16,    0,   -5,  -11,    0,    0,    0,    0,    0,    0,    0,   -8,    0,    0,  -53,  -16,    0,  -16,    0,  -13,    0,    0,    0,   -5,  -13,    0,   -8,    0,    0,    0,    0,  -11,    0,    0,    0,  -24,    5,  -13,    0,  -27,    0,   17,    0,    0,   -3,  -21,  -11,  -16,    0,    0,   -8,    0,  -16,  -11,  -16,  -11,    0,    0,    0,  -16,    0,    0,    0,    0,    0,    0,    0,    0,    0,    0,    0,    0,    0,    0,    0,    0,    0,    0,    0,    0,    0,    0,    0,    0,    0,
       0,   -8,    0,   -5,    0,    0,    0,    0,    0,    0,    0,    0,    0,    0,  -16,   -5,    0,    0,    0,    0,   -8,    0,   -9,    0,    0,  -11,    0,    0,    0,    0,   -5,    0,  -11,    0,   -5,    0,   -6,  -21,    0,  -13,    0,  -11,    0,    0,    0,    0,    0,    0,    0,    0,    0,    0,    0,    0,   -4,    0,    0,   -4,    0,    0,    0,    0,    0,    0,    0,    0,    0,    0,    0,    0,    0,    0,    0,   -8,    0,   -9,    0,    0,    0,    0,  -11,    0,    0,  -11,    0,  -11,    0,    0,    0,    0,    0,    0,    0,    0,    0,    0,    0,    0,    0,    0,    0,    0,    0,    0,    0,    0,    0,    0,    0,    0,    0,    0,
       0,    0,    0,   -5,    0,    0,    0,    0,    0,  -28,    0,  -28,  -21,    0,  -11,   -7,   -9,   -5,    0,    0,   -7,    0,    0,    0,    0,  -11,    0,   -5,    0,    0,   -5,    0,  -11,    0,   -3,    0,   -4,  -20,  -11,  -21,    0,  -53,   -5,    0,    0,    0,    0,    0,    0,    0,    0,    0,    0,    0,    0,    0,    0,    0,    0,    0,    0,    0,    0,    0,    0,    0,  -11,    0,    0,    0,    0,    0,   -5,  -11,   -5,   -6,    0,    0,    0,  -10,    0,  -10,    0,    0,    0,    0,    0,    0,    0,    0,    0,    0,    0,    0,    0,    0,    0,    0,    0,    0,    0,    0,    0,    0,    0,    0,    0,    0,    0,    0,    0,    0,
       0,    0,    0,    0,    0,    0,    0,    0,    0,    0,    0,    0,    0,    0,  -19,    0,    7,   -3,    0,    0,  -13,    0,    0,    0,    0,  -18,    0,    0,    0,    0,    0,    0,    0,    0,    0,    0,    0,    0,    0,  -27,    4,    0,    0,    0,    0,    0,    0,    0,    0,    0,    0,    0,    0,    0,    0,    0,    0,    0,    0,    0,    0,    0,    0,    0,    0,    0,    0,    0,    0,    0,    0,    0,    0,    0,    0,    0,    0,    0,    0,    0,    0,    0,    0,    0,    0,    0,    0,    0,    0,    0,    0,    0,    0,    0,    0,    0,    0,    0,    0,    0,    0,    0,    0,    0,    0,    0,    0,    0,    0,    0,    0,    0,
       0,    0,    0,    0,    0,    0,    0,    0,    0,    0,    0,    0,    0,    0,  -11,    0,  -18,    0,    0,    0,    0,    0,   -5,    0,    0,  -21,    0,    0,    0,    0,   -5,    0,    0,    0,    0,    0,  -16,    0,  -12,    0,    0,    0,    0,    0,    0,    0,    0,    0,    0,    0,    0,    0,    0,    0,    0,    0,   -8,    0,    0,    0,    0,    0,    0,    0,    0,    0,    0,    0,    0,    0,    0,    0,    0,  -27,  -11,    0,    0,    0,    0,    0,    0,    0,    0,    0,    0,    0,    0,    0,    0,    0,    0,    0,    0,    0,    0,    0,    0,    0,    0,    0,    0,    0,    0,    0,    0,    0,    0,    0,    0,    0,    0,    0,
       0,    0,  -16,    0,    0,  -21,    0,    7,  -24,  -53,  -24,  -53,  -43,    0,    0,    0,    0,   -8,    0,    0,    0,    0,    0,    0,    0,  -15,    0,    0,    0,    0,    0,    0,    0,    0,    0,    0,    0,    0,    0,    0,    0,  -53,    0,    0,    0,    0,    0,    0,    0,    0,    0,    0,    0,    0,    7,    0,    0,    7,    0,    0,    0,    0,  -12,    0,  -11,  -53,    0,    0,    0,    0,    0,    0,    0,    0,    0,    0,    0,    0,    0,    0,    0,    0,    0,    0,    0,    0,    0,    0,    0,    0,    0,    0,    0,    0,    0,    0,    0,    0,    0,    0,    0,    0,    0,    0,    0,    0,    0,    0,    0,    0,    0,    0,
       0,  -11,    0,    0,    0,  -11,    0,  -16,    0,  -16,    0,  -16,    0,    0,  -16,  -11,  -11,    0,    0,    0,  -16,    0,   -5,   -8,    0,  -21,    0,    0,    0,    0,    0,    0,  -27,    0,   -8,   -5,  -16,  -23,  -11,  -27,    0,  -27,    0,    0,    0,    0,    0,    0,    0,    0,    0,   -5,    0,    0,    0,    0,   -5,    0,   -5,    0,    0,    0,    0,    0,  -16,    0,  -11,    0,    0,    0,    0,    0,    0,  -11,  -11,  -16,    0,    0,    0,   -8,  -11,   -8,    0,   -5,    0,   -5,   -5,    0,    0,    0,    0,    0,    0,    0,    0,    0,    0,    0,    0,    0,    0,    0,    0,    0,    0,    0,    0,    0,    0,    0,    0,    0,
       2,  -16,    0,    0,    0,    0,    0,  -16,   -5,    4,   -5,    4,    0,    0,  -27,    5,    0,  -11,    0,    0,  -11,    0,   -5,    0,    0,  -16,    0,    0,    0,   -5,    0,    0,  -27,   -5,   -9,    0,    0,  -29,    0,  -13,    7,    0,    0,    0,    0,    0,    0,    0,    0,    0,    0,    0,    0,    0,    0,    0,    0,    0,    0,    0,    7,    0,    0,    0,    0,    0,    0,    0,    0,    0,    0,    0,    0,    0,    0,   -9,  -15,    0,    0,    0,    0,    0,    0,   -5,    0,   -5,    0,    0,    0,    0,    0,    0,    0,    0,    0,    0,    0,    0,    0,    0,    0,    0,    0,    0,    0,    0,    0,    0,    0,    0,    0,    0,
       0,   -5,    0,  -11,    0,    0,    0,   -5,    0,    0,    0,    0,    0,    0,  -21,   -8,    0,   -5,   -5,    0,  -16,    0,  -11,    0,    0,  -11,    0,   -3,    0,    0,  -11,    0,  -11,    0,   -8,   -4,  -10,  -14,   -8,  -11,    0,  -11,    0,    0,    0,    0,    0,    0,    0,    0,    0,    0,    0,    0,    0,    0,   -4,    0,    0,    0,    0,    0,    0,    0,    0,    0,   -5,    0,    0,    0,    0,    0,    0,  -16,    0,  -14,    0,    0,    0,    0,  -11,    0,    0,   -8,    0,   -8,    0,    0,    0,    0,    0,    0,    0,    0,    0,    0,    0,    0,    0,    0,    0,    0,    0,    0,    0,    0,    0,    0,    0,    0,    0,    0,
       0,    0,    0,   -5,    0,   -8,    0,    0,  -43,    0,  -75,    0,    0,  -11,  -30,    0,    0,  -24,   -5,  -16,   -5,  -11,  -16,    0,  -28,    0,  -11,    0,    0,  -11,   -7,   -3,   -5,   -5,    0,    0,   -4,  -10,   -5,  -11,    0,    0,   -5,   -5,  -11,  -11,  -16,    0,   -9,   -5,   -7,   -5,  -16,   -9,  -27,  -16,   -8,  -27,   -3,    0,    0,    0,  -21,    0,  -11,    0,    0,    0,    0,    0,    0,  -13,    0,    0,    0,   -4,   -5,   -5,  -10,    0,   -5,    0,    0,  -24,  -24,  -24,   -9,    0,    0,    0,    0,    0,    0,    0,    0,    0,    0,    0,    0,    0,    0,    0,    0,    0,    0,    0,    0,    0,    0,    0,    0,    0,
       0,    0,    0,    0,    0,    0,    0,    0,    0,  -11,    0,  -11,    0,    0,   -7,  -13,  -11,    0,    0,    0,  -11,    0,    0,    0,    0,  -11,    0,   -5,    0,    0,   -7,   -4,  -19,    0,   -3,    0,   -9,  -19,  -13,  -11,    0,  -21,   -5,    0,    0,    0,    0,    0,    0,    0,    0,    0,    0,    0,    0,    0,   -3,    0,   -4,    0,    0,    0,    0,    0,    0,    0,  -11,    0,    0,    0,    0,    0,   -5,  -11,  -11,   -5,    0,    0,    0,   -6,   -5,   -6,    0,    0,    0,    0,    0,    0,    0,    0,    0,    0,    0,    0,    0,    0,    0,    0,    0,    0,    0,    0,    0,    0,    0,    0,    0,    0,    0,    0,    0,    0,
       0,    0,    0,   -5,    0,    0,    0,    4,  -11,    0,  -11,    0,    0,   -5,  -14,    0,    0,  -13,    0,   -8,    0,   -5,   -8,    0,    0,    0,   -5,    0,    0,   -7,   -5,    0,    0,    0,    0,    0,    0,   -3,   -5,  -16,    0,    0,   -6,    0,  -11,  -11,  -11,    0,    0,   -4,   -5,   -3,   -9,   -8,  -11,   -5,    0,  -11,    0,    0,    0,    0,  -11,    0,    0,    0,    0,    0,    4,    0,    0,   -8,    4,   -8,    0,    0,    0,    0,   -8,    0,   -5,    0,    0,  -16,  -11,  -16,    0,    0,    0,    0,    0,    0,    0,    0,    0,    0,    0,    0,    0,    0,    0,    0,    0,    0,    0,    0,    0,    0,    0,    0,    0,    0,
       2,    0,  -16,  -11,    0,  -16,    0,    0,   -5,  -43,   -5,  -43,  -27,   -5,  -16,   -5,    0,  -21,  -11,   -8,    0,  -13,  -11,    0,   -8,    0,  -11,  -27,    0,  -10,   -6,  -13,    0,    0,    0,    0,    0,   -3,  -11,    0,    4,  -53,  -29,   -5,  -19,  -21,  -24,  -15,  -17,   -5,  -19,  -24,   -9,  -19,  -19,  -13,  -32,  -19,  -27,    0,    0,    0,  -16,    0,  -21,    0,  -37,    0,    0,    0,  -15,   -8,    0,   -8,  -20,    0,    0,    0,  -11,    0,  -27,    0,  -19,    0,    0,    0,    0,    0,    0,    0,    0,    0,    0,    0,    0,    0,    0,    0,    0,    0,    0,    0,    0,    0,    0,    0,    0,    0,    0,    0,    0,    0,
       0,   -5,    0,    0,    0,    0,    0,    0,    0,    0,    0,    0,    0,    0,  -18,   -5,    0,    0,    0,    0,  -10,    0,   -5,    0,    0,   -5,    0,    0,    0,    0,   -4,    0,  -12,    0,    0,    0,   -4,  -14,   -3,   -8,    0,    0,    0,    0,    0,    0,    0,    0,    0,    0,    0,    0,    0,    0,    0,    0,    0,    0,    0,    0,    0,    0,    0,    0,    0,    0,    0,    0,    0,    0,    0,    0,    0,    0,    0,    0,    0,    0,    0,    0,    0,    0,    0,    0,    0,    0,    0,    0,    0,    0,    0,    0,    0,    0,    0,    0,    0,    0,    0,    0,    0,    0,    0,    0,    0,    0,    0,    0,    0,    0,    0,    0,
       0,    0,    0,    0,    0,    0,    0,    0,    0,    0,    0,    0,    0,    0,    0,    0,    0,    0,    0,    0,    0,    0,    0,    0,    0,    0,    0,    0,    0,    0,    0,    0,    0,    0,    0,    0,    0,    0,    0,    0,    0,    0,    0,    0,    0,    0,    0,    0,    0,    0,    0,    0,    0,    0,    0,    0,    0,    0,    0,    0,    0,    0,    0,    0,    0,    0,    0,    0,    7,    0,    0,    0,    0,    0,    0,    0,    0,    0,    0,    0,    0,    0,    0,    0,    0,    0,    0,    0,    0,    0,    0,    0,    0,    0,    0,    0,    0,    0,    0,    0,    0,    0,    0,    0,    0,    0,    0,    0,    0,    0,    0,    0,
       0,    0,    0,    0,    0,    0,    0,    0,    0,    0,    0,    0,    0,    0,    0,    0,    0,    0,    0,    0,    0,    0,    0,    0,    0,    0,    0,    0,    0,    0,    0,    0,    0,    0,    0,    0,    0,    0,    0,    0,    0,  -11,    0,    0,    0,    0,    0,    0,    0,    0,    0,    0,    0,    0,    0,    0,    0,    0,    0,    0,    0,    0,    0,    0,    0,    0,    0,    0,    7,    0,    0,    0,    0,    0,    0,    0,    0,    0,    0,    0,    0,    0,    0,    0,    0,    0,    0,    0,    0,    0,    0,    0,    0,    0,    0,    0,    0,    0,    0,    0,    0,    0,    0,    0,    0,    0,    0,    0,    0,    0,    0,    0,
       0,    0,    0,   -5,    0,   -5,    0,    0,  -20,    0,  -20,    0,    0,   -4,  -23,    0,    0,  -16,    0,  -11,    0,   -6,   -5,    0,  -16,  -16,  -16,    0,    0,   -9,   -4,    0,    0,   -4,    0,    0,    0,    0,    0,  -11,    7,    0,   -4,    0,   -9,   -9,   -6,    0,    0,    0,    0,    0,   -6,   -5,   -6,   -4,    0,   -6,    0,    0,    4,    0,   -5,    0,    0,    0,    0,    0,    0,    0,    0,   -5,    0,   -5,    0,    0,    0,    0,    0,    0,    0,    0,    0,  -29,  -18,  -29,    0,    0,    0,    0,    0,    0,    0,    0,    0,    0,    0,    0,    0,    0,    0,    0,    0,    0,    0,    0,    0,    0,    0,    0,    0,    0,
       0,  -53,    0,   -7,    0,  -11,    0,  -43,  -53,    0,  -53,    0,  -11,  -16,  -64,   -7,    0,  -17,   -5,  -16,  -22,   -5,  -32,    0,  -16,  -43,    0,    0,    0,  -23,  -12,   -5,  -49,  -13,  -47,  -21,    0,  -48,    0,  -61,    0,    0,   -5,   -5,  -13,  -18,  -13,    0,   -5,   -6,   -5,   -7,  -14,   -8,  -39,  -25,    0,  -39,    0,    0,    0,    0,  -32,    0,  -11,    0,    0,    0,   -5,    0,    0,  -19,    0,    0,    0,    0,  -50,    0,    0,    0,   -5,    0,    0,    0,    0,    0,    0,    0,    0,    0,    0,    0,    0,    0,    0,    0,    0,    0,    0,    0,    0,    0,    0,    0,    0,    0,    0,    0,    0,    0,    0,    0,
       0,    0,    0,   -8,    0,    0,    0,    0,    0,    0,    0,    0,    0,    0,   -9,    0,    0,   -5,    0,    0,   -5,    0,   -3,    0,    0,   -5,    0,    0,    0,   -5,   -4,    0,   -9,    0,   -4,    0,    0,  -11,    0,    0,    0,    0,    0,    0,    0,    0,    0,    0,    0,    0,    0,    0,    0,    0,    0,    0,    0,    0,    0,    0,    0,    0,   -5,    0,    0,    0,    0,    0,    0,    0,    0,    0,    0,    0,    0,    0,    0,    0,    0,    0,    0,    0,    0,   -5,   -4,   -5,    0,    0,    0,    0,    0,    0,    0,    0,    0,    0,    0,    0,    0,    0,    0,    0,    0,    0,    0,    0,    0,    0,    0,    0,    0,    0,
       0,    0,  -10,  -10,    0,  -23,    0,    0,   -7,  -64,   -7,  -64,  -27,    0,   -9,  -12,  -11,  -23,   -8,   -5,  -11,  -11,   -3,    0,    0,  -21,  -16,  -32,    0,    0,  -18,  -16,  -13,    0,  -11,   -5,  -19,  -20,  -19,  -27,    0,  -53,  -22,  -11,  -16,   -3,  -14,    0,  -11,   -5,  -11,  -15,   -3,  -14,   -3,   -3,   -8,   -3,  -13,    0,    0,    0,    0,    0,    0,    0,  -45,    0,    0,    0,    0,    0,  -30,  -21,  -32,  -11,    0,    0,    0,  -27,  -16,  -27,  -16,   -5,    0,   -5,  -21,    0,    0,    0,    0,    0,    0,    0,    0,    0,    0,    0,    0,    0,    0,    0,    0,    0,    0,    0,    0,    0,    0,    0,    0,    0,
       0,    0,    0,    0,    0,    0,    4,    0,    0,  -11,    0,  -11,    0,    0,   -7,  -13,  -11,    0,    0,    0,  -11,    0,    0,    0,    0,  -11,    0,   -5,    0,    0,   -7,   -4,  -19,    0,   -3,    0,   -9,  -19,  -13,  -11,   11,  -21,   -5,    0,    0,    0,    0,    0,    0,    0,    0,    0,    0,    0,    0,    0,   -3,    0,   -4,    0,   11,    0,    0,    0,    0,    0,  -11,    0,    0,    0,    0,    0,   -5,  -11,  -11,   -5,    0,    0,    0,   -6,   -5,   -6,    0,    0,    0,    0,    0,    0,    0,    0,    0,    0,    0,    0,    0,    0,    0,    0,    0,    0,    0,    0,    0,    0,    0,    0,    0,    0,    0,    0,    0,    0,
       0,    0,    0,   -4,    0,   -5,    0,    0,  -14,    0,  -14,    0,    0,    0,   -9,    0,    0,  -11,    0,    0,   -8,    0,   -3,    0,    0,  -11,    0,    0,    0,   -6,   -5,    0,  -11,   -4,   -4,    0,    0,  -16,   -4,  -11,    7,    0,   -4,    0,   -5,    0,   -5,    0,    0,    0,    0,    0,    0,    0,    0,    0,    0,    0,    0,    0,    4,    0,   -5,    0,    0,    0,    0,    0,    0,    0,    0,    0,    0,   -7,    0,    0,    0,    0,    0,    0,    0,    0,    0,    0,    0,    0,    0,    0,    0,    0,    0,    0,    0,    0,    0,    0,    0,    0,    0,    0,    0,    0,    0,    0,    0,    0,    0,    0,    0,    0,    0,    0,
       4,    5,  -27,  -11,    0,  -21,    0,    4,  -27,  -32,  -27,  -32,  -27,  -16,  -11,    0,    0,  -27,  -11,  -21,    0,  -11,  -11,    0,    0,    0,  -27,  -27,    0,  -19,   -9,  -11,    0,    0,    0,    0,    0,    0,  -11,  -16,    7,  -27,  -27,    0,  -29,  -21,  -27,    0,  -16,   -5,  -16,  -27,  -21,  -21,  -21,  -16,  -20,  -21,  -21,    0,    0,    0,  -21,    0,  -11,    0,  -41,    0,    0,    0,    0,  -13,  -22,    0,  -27,    0,    4,   -9,  -16,  -27,  -32,  -27,  -23,  -27,  -16,  -27,  -27,    0,    0,    0,    0,    0,    0,    0,    0,    0,    0,    0,    0,    0,    0,    0,    0,    0,    0,    0,    0,    0,    0,    0,    0,    0,
       0,    0,    0,   -3,    0,    0,    0,    0,    0,   -5,    0,   -5,   -5,    0,    0,    0,    0,    0,    0,    0,    0,    0,    0,    0,    0,    0,    0,   -5,    0,    0,   -4,    0,    0,    0,    0,    0,   -4,    0,   -5,    0,    0,  -16,   -3,    0,    0,    0,    0,    0,    0,    0,    0,   -3,    0,    0,    0,    0,    0,    0,   -4,    0,    0,    0,    0,    0,    0,    0,  -11,    0,    7,    0,    0,    0,    0,    0,    0,    0,    0,    0,    0,    0,   -3,    0,    0,    0,    0,    0,    0,    0,    0,    0,    0,    0,    0,    0,    0,    0,    0,    0,    0,    0,    0,    0,    0,    0,    0,    0,    0,    0,    0,    0,    0,    0,
       5,    5,   -5,   -8,    0,  -11,    0,    4,  -12,  -27,  -12,  -27,  -13,    0,  -11,    0,    0,  -11,   -5,   -3,    0,   -5,   -3,    0,    0,    0,   -8,   -9,    0,   -3,   -4,   -4,    0,    0,    0,    0,    0,    0,  -11,    0,   11,  -27,  -19,    0,  -13,   -5,  -16,    0,   -3,    0,   -5,  -11,   -5,  -11,   -4,   -3,  -10,   -4,  -12,    0,    0,    0,  -11,    0,    0,    0,  -18,    0,    5,    0,    0,   -5,    0,    0,    0,    0,    5,    0,    0,    0,  -16,    0,    0,    0,    0,    0,    0,    0,    0,    0,    0,    0,    0,    0,    0,    0,    0,    0,    0,    0,    0,    0,    0,    0,    0,    0,    0,    0,    0,    0,    0,    0,
       0,    0,    0,   -5,    0,   -5,    0,    4,    0,  -16,    0,  -16,    0,    0,  -11,    0,    0,   -5,   -5,    0,    0,    0,    0,    0,    0,    0,   -5,    0,    0,    0,   -4,    0,    0,    0,    0,    0,    0,    0,  -11,    0,    4,  -32,  -13,    0,   -5,   -3,   -5,    0,    0,    0,   -3,   -5,   -3,   -5,    0,    0,   -5,    0,   -5,    0,    0,    0,    0,    0,    0,    0,    0,    0,    9,    0,    0,    0,    0,    0,    0,    0,    0,    0,    0,    0,   -8,    0,    0,    0,    0,    0,    0,    0,    0,    0,    0,    0,    0,    0,    0,    0,    0,    0,    0,    0,    0,    0,    0,    0,    0,    0,    0,    0,    0,    0,    0,    0,
       0,    5,  -21,  -11,    0,  -27,    0,    0,  -30,  -50,  -30,  -50,  -32,  -11,  -18,  -11,  -11,  -27,  -11,  -27,    0,  -18,  -21,    0,    0,    0,  -23,  -29,    0,  -19,   -7,  -11,    0,    0,    0,    0,    0,    0,   -8,    0,    7,  -43,  -42,   -5,  -34,  -18,  -27,    0,  -11,   -5,  -29,  -30,  -14,  -29,  -27,  -16,  -29,  -27,  -30,    0,    0,    0,  -21,    0,  -11,    0,  -38,    0,    0,    0,    0,  -13,  -28,  -11,   -8,    0,    0,  -13,  -16,  -34,  -39,  -34,  -29,  -32,  -25,  -32,  -29,    0,    0,    0,    0,    0,    0,    0,    0,    0,    0,    0,    0,    0,    0,    0,    0,    0,    0,    0,    0,    0,    0,    0,    0,    0,
       0,    0,   -5,   -8,    0,  -11,    0,    5,  -28,    0,  -28,    0,    0,   -5,  -11,   -5,    0,  -16,   -8,  -13,    0,   -8,  -10,    0,  -13,    0,  -11,    0,    0,  -13,   -7,   -5,   -3,   -5,    0,    0,    0,    0,   -3,  -21,    0,    0,   -7,    0,  -11,  -11,  -13,    0,   -7,   -8,   -7,   -7,  -11,  -10,   -8,   -5,  -11,   -8,   -8,    0,    0,    0,  -24,    0,  -13,    0,    0,    0,    4,    0,    0,   -9,    0,   -5,    0,    0,    0,    0,    0,    0,  -16,    0,    0,  -16,    0,  -16,    0,    0,    0,    0,    0,    0,    0,    0,    0,    0,    0,    0,    0,    0,    0,    0,    0,    0,    0,    0,    0,    0,    0,    0,    0,    0,
       0,    5,    0,    0,    0,    0,    0,    0,    0,    0,    0,    0,    0,    0,  -18,    0,    0,   -5,    0,    0,    0,    0,    0,    4,    0,    0,    0,    7,    0,    0,    7,    0,    4,    0,   11,    4,    7,    7,    0,    0,    0,    7,    0,    0,    0,    0,    0,    0,   27,    0,    0,    0,    0,    0,    0,    0,    7,    0,    0,    0,    0,    0,    0,    0,    0,    4,   11,   28,   34,   20,    0,    0,    7,    0,    0,    7,    0,    7,    0,    4,    0,    0,    0,    0,    0,    0,    7,    0,    0,    0,    0,    0,    0,    0,    0,    0,    0,    0,    0,    0,    0,    0,    0,    0,    0,    0,    0,    0,    0,    0,    0,    0,
       0,  -53,    0,    0,  -32,  -32,    0,  -43,  -32,    0,  -32,    0,    0,    0,  -29,    0,  -16,  -11,    0,  -11,  -21,    0,  -21,    0,    0,  -43,  -16,    0,    0,    0,    0,    0,  -27,    0,  -13,    0,    0,  -32,  -11,  -64,    0,    0,  -11,    0,    0,  -16,    0,    0,   11,    0,    0,    0,  -11,    0,    0,    0,    0,    0,    0,    0,    0,    0,  -16,  -45,    0,    0,    0,    0,    0,    0,    0,   -5,    0,    0,    0,  -16,  -32,    0,    0,    0,    0,    0,    0,  -16,  -27,  -16,    0,    0,  -25,  -27,  -32,  -11,    0,  -40,  -19,  -11,  -11,    0,    0,    0,    0,    0,    0,    0,    0,    0,    0,    0,    0,    0,    0,    0,
       0,  -53,    0,  -11,  -43,  -16,    7,  -53,  -43,    0,  -43,    0,    0,  -16,  -53,    0,    0,  -64,    0,  -16,    0,  -11,    0,    0,    0,  -43,  -16,    0,    0,  -21,   14,    0,  -27,  -16,  -27,  -32,    0,  -43,    0,  -64,    7,   -5,  -11,    0,  -11,  -11,    7,    0,   30,   -5,    0,    0,  -11,  -11,  -16,  -11,    0,  -21,    0,    0,    7,    0,  -21,    0,    0,    4,    0,    0,    0,   26,   27,   -8,   19,    0,    0,    0,  -80,    0,    0,    5,    0,    0,    0,  -32,  -80,  -32,    0,    0,    0,    0,    0,  -11,    0,  -37,  -53,  -16,  -11,    0,    0,    0,    0,    0,    0,    0,    0,    0,    0,    0,    0,    0,    0,    0,
       0,   -5,    0,    0,    0,   -8,    0,   -8,   -4,    0,   -4,    0,    0,    0,  -27,    0,    0,    0,    0,    0,  -16,    0,    0,    0,    0,  -16,    0,    0,    0,    0,    0,    0,    0,    0,    0,    0,    0,    0,    0,  -21,    0,    0,   -3,    0,    0,    0,   -1,    0,    0,   -4,    0,    0,    0,    0,   -5,   -1,    0,   -5,    0,    0,    0,    0,    0,    0,    0,    0,    0,    0,    0,    0,    0,   -3,    0,    0,    0,    0,    0,    0,    0,    0,    0,    0,    0,   -8,    0,   -8,    0,    0,    0,    0,    0,    0,    0,    0,    0,    0,    0,    0,    0,    0,    0,    0,    0,    0,    0,    0,    0,    0,    0,    0,    0,    0,
       0,   -5,    0,    0,    0,    0,    0,   -5,    0,   -5,    0,   -5,    0,    0,  -27,  -11,  -11,    0,   -5,    0,  -15,    0,   -6,    0,    0,  -21,    0,    0,    0,    0,    0,    0,    0,    0,    0,    0,    0,    0,    0,  -27,    0,  -11,   -4,    0,    0,    0,    0,    0,    0,    0,    0,    0,    0,    0,   -4,    0,   -5,   -4,   -4,    0,    0,    0,    0,    0,  -11,    0,    0,    0,    0,    0,    0,    0,    0,    0,    0,    0,    0,    0,    0,   -5,  -11,   -5,    0,   -9,    0,   -9,   -5,    0,    0,    0,    0,    0,    0,    0,    0,    0,    0,    0,    0,    0,    0,    0,    0,    0,    0,    0,    0,    0,    0,    0,    0,    0,
       0,    0,    0,    0,    0,   -8,    0,    0,  -21,    5,  -21,    5,    0,   -5,   -5,    0,    0,  -16,    0,    0,  -16,   -5,    0,    0,   -8,  -19,  -11,    0,    0,    0,    0,    0,    0,    0,    0,    0,    0,    0,    0,  -16,    0,    0,   -3,    0,   -8,    0,   -5,    0,    0,    0,    0,    0,    0,   -5,    0,    0,    0,    0,    0,    0,    0,    0,  -16,    0,    0,    0,    0,    0,    0,    0,    0,   -5,    0,    0,    0,    0,    0,    0,   -4,    0,    0,    0,    0,    0,   -3,    0,    0,    0,    0,    0,    0,    0,    0,    0,    0,    0,    0,    0,    0,    0,    0,    0,    0,    0,    0,    0,    0,    0,    0,    0,    0,    0,
       0,    0,    0,    0,    0,    0,    0,    0,    0,    0,    0,    0,    0,    0,    0,    0,    0,    0,    0,    0,    0,    0,    0,    0,    0,    0,    0,    0,    0,    0,    0,    0,    0,    0,    0,    0,    0,    0,    0,    0,    0,    0,    0,    0,    0,    0,    0,    0,    0,    0,    0,    0,    0,    0,    0,    0,    0,    0,    0,    0,    0,    0,    0,    0,    0,    0,    0,    0,   11,    0,    0,    0,    0,    0,    0,    0,    0,    0,    0,    0,    0,    0,    0,    0,    0,    0,    0,    0,    0,    0,    0,    0,    0,    0,    0,    0,    0,    0,    0,    0,    0,    0,    0,    0,    0,    0,    0,    0,    0,    0,    0,    0,
      31,   37,    0,    0,   11,   -5,   43,   27,  -11,  -27,  -11,  -27,  -14,    0,   11,   11,   14,   -5,   11,    0,   32,    3,   11,    0,    0,   27,   -8,    0,    0,    0,    0,    0,    0,    0,    0,    0,    0,    0,    0,    7,   30,  -16,   -8,    0,   -5,    0,    0,    0,    0,    0,    0,   -3,    0,    0,    0,    0,    0,    0,   -5,    4,   30,    0,  -11,    0,    0,    0,    0,    0,   32,    0,    0,    0,    0,    0,    0,    0,    0,    0,    0,    0,    0,    0,    0,    0,    0,    0,    0,    0,    0,    0,    0,    0,    0,    0,    0,    0,    0,    0,    0,    0,    0,    0,    0,    0,    0,    0,    0,    0,    0,    0,    0,    0,
       0,    0,    0,    0,    0,    0,    0,    0,   -5,   13,   -5,    0,    0,    0,    0,    0,    0,   -8,    0,    0,    0,    0,    0,    0,    0,  -11,    0,    0,    0,    0,    0,    0,    0,    0,    0,    0,    0,    0,    0,  -11,    0,    4,   -5,    0,   -4,    0,    0,    0,    0,    0,    0,   -3,    0,   -3,    0,    0,    0,    0,   -3,    0,    0,    0,   -5,    0,    0,    0,    0,    0,    0,    0,    0,    0,    0,    0,    0,    0,    0,    0,    0,    0,   -3,    0,    0,    0,    0,    0,    0,    0,    0,    0,    0,    0,    0,    0,    0,    0,    0,    0,    0,    0,    0,    0,    0,    0,    0,    0,    0,    0,    0,    0,    0,    0,
       0,   -5,    0,    0,    0,    0,    0,    0,    0,    0,    0,    0,    0,    0,  -16,    0,    0,    0,    0,    0,  -11,    0,    0,    0,    0,  -16,    0,    0,    0,    0,    0,    0,    0,    0,    0,    0,    0,  -21,    0,  -18,    0,    0,    0,    0,    0,    0,    0,    0,    0,    0,    0,    0,    0,    0,   -3,    0,    0,   -3,    0,    0,    0,    0,    0,    0,    0,    0,    0,    0,    0,    0,    0,    0,    0,    0,    0,    0,    0,    0,    0,    0,    0,    0,    0,   -3,    0,   -3,    0,    0,    0,    0,    0,    0,    0,    0,    0,    0,    0,    0,    0,    0,    0,    0,    0,    0,    0,    0,    0,    0,    0,    0,    0,    0,
       0,    0,    0,    0,    0,    0,    0,    0,    0,    0,    0,    0,    0,    0,    0,    0,    0,    0,    0,    0,    0,    0,    0,    0,    0,    0,    0,    0,    0,    0,    0,    0,    0,    0,    0,    0,    0,    0,    0,    0,    0,    0,    0,    0,    0,    0,    0,    0,    0,    0,    0,    0,    0,    0,    0,    0,    0,    0,    0,    0,    0,    0,    0,    0,    0,    0,    0,    0,    9,    0,    0,    0,    0,    0,    0,    0,    0,    0,    0,    0,    0,    0,    0,    0,    0,    0,    0,    0,    0,    0,    0,    0,    0,    0,    0,    0,    0,    0,    0,    0,    0,    0,    0,    0,    0,    0,    0,    0,    0,    0,    0,    0,
       4,    0,    0,    0,    0,  -11,    0,    4,  -19,    4,  -19,    4,    0,   -4,   -7,    0,    0,   -8,   -3,   -5,    0,    0,   -5,    0,   -8,  -13,   -5,    0,    0,    0,    0,    0,    0,    0,    0,    0,    0,    0,    0,  -11,    7,    0,   -5,    0,   -5,    0,   -4,    0,    0,    0,    0,   -3,    0,   -3,    0,    0,    0,    0,    0,    0,    7,    0,  -11,    0,    0,    0,    0,    0,    0,    0,    0,   -5,    0,    0,    0,    0,    0,    0,   -3,    0,    0,    0,    0,    0,   -8,    0,    0,    0,    0,    0,    0,    0,    0,    0,    0,    0,    0,    0,    0,    0,    0,    0,    0,    0,    0,    0,    0,    0,    0,    0,    0,    0,
       4,   -8,    0,    0,    0,    0,    0,   -5,   -5,    4,   -5,    4,    0,    0,  -14,    0,    0,    0,    0,    0,   -9,    0,    0,    0,    0,   -8,    0,    0,    0,    0,    0,    0,    0,    0,    0,    0,    0,    0,    0,  -11,    4,    0,   -3,    0,   -3,    0,    0,    0,    0,    0,    0,    0,    0,    0,   -5,    0,    0,   -5,    3,    0,    4,    0,   -5,    0,    0,    0,    0,    0,    0,    0,    0,    0,    0,    0,    0,    0,    0,    0,    0,    8,    0,    0,    0,  -12,   -5,  -12,    0,    0,    0,    0,    0,    0,    0,    0,    0,    0,    0,    0,    0,    0,    0,    0,    0,    0,    0,    0,    0,    0,    0,    0,    0,    0,
       0,    0,    0,    0,    0,    0,    0,    0,    0,    0,    0,    0,    0,    0,    0,    0,    0,    0,    0,    0,    0,    0,    0,    0,    0,  -11,    0,    0,    0,    0,    0,    0,    0,    0,    0,    0,    0,    0,    0,  -12,    0,    0,    0,    0,    0,    0,    0,    0,    6,    0,    0,    0,    0,    0,    0,    0,    0,    0,    0,    0,    0,    0,    0,    0,    0,    0,    0,    0,    0,    0,    0,    0,    0,    0,    0,    0,    0,    0,    0,    0,    0,    0,    0,    0,    0,    0,    0,    0,    0,    0,    0,    0,    0,    0,    0,    0,    0,    0,    0,    0,    0,    0,    0,    0,    0,    0,    0,    0,    0,    0,    0,    0,
       0,    4,   -8,    0,    0,  -21,    0,   13,  -15,  -43,  -15,  -43,  -32,    0,    5,   -3,  -11,  -16,   -5,    0,    0,   -5,    0,    0,    0,  -16,   -8,    0,    0,    0,    0,    0,    0,    0,    0,    0,    0,    0,    0,  -27,    0,  -43,  -13,    0,  -11,    0,   -7,    0,    0,    0,    0,   -7,    0,    0,    0,    0,    0,    0,   -5,    0,    0,    0,  -13,    0,   -3,    0,    0,    0,    0,    0,    0,    0,    0,    0,    0,    0,    0,    0,    0,    0,   -5,    0,    0,    0,    0,    0,    0,    0,    0,    0,    0,    0,    0,    0,    0,    0,    0,    0,    0,    0,    0,    0,    0,    0,    0,    0,    0,    0,    0,    0,    0,    0,
       0,   -8,    0,    0,    0,    0,    0,    0,   -5,    0,   -5,    0,    0,    0,  -16,   -5,    0,    0,   -5,    0,  -13,    0,   -5,    0,    0,  -16,    0,    0,    0,    0,    0,    0,    0,    0,    0,    0,    0,    0,    0,  -19,    0,  -11,    0,    0,    0,    0,    0,    0,    0,    0,    0,   -4,    0,    0,   -6,   -3,   -4,   -6,    0,    0,    0,    0,    0,    0,    0,    0,    0,    0,    0,    0,    0,   -3,    0,    0,    0,    0,    0,    0,    0,   -3,   -3,   -3,    0,  -12,   -7,  -12,    0,    0,    0,    0,    0,    0,    0,    0,    0,    0,    0,    0,    0,    0,    0,    0,    0,    0,    0,    0,    0,    0,    0,    0,    0,    0,
       4,   -8,   -5,    0,    0,    0,    0,    0,  -21,    4,  -21,    4,    0,   -5,  -11,    0,    0,  -11,    0,   -5,  -11,    0,   -3,    0,    0,  -16,   -5,    0,    0,    0,    0,    0,    0,    0,    0,    0,    0,    0,    0,  -21,    5,    0,   -3,    0,   -9,    0,   -6,    0,    0,   -3,    0,    0,    0,    0,   -3,    0,    0,   -3,    0,    0,    0,    0,  -11,    0,    0,    0,    0,    0,    0,    0,    0,   -5,    0,    0,    0,    0,    0,    0,    0,    0,    0,    0,    0,    0,    0,    0,    0,    0,    0,    0,    0,    0,    0,    0,    0,    0,    0,    0,    0,    0,    0,    0,    0,    0,    0,    0,    0,    0,    0,    0,    0,    0,
       0,    0,    0,    0,    0,    0,    0,    0,    0,    0,    0,    0,    0,    0,  -11,    0,    0,    0,    0,    0,  -11,    0,    0,    0,    0,  -11,    0,    0,    0,    0,    0,    0,    0,    0,    0,    0,    0,    0,    0,  -12,    0,    0,    0,    0,    0,    0,    0,    0,    0,    0,    0,    0,    0,    0,    0,    0,    0,    0,    0,    0,    0,    0,    0,    0,    0,    0,    0,    0,    0,    0,    0,    0,    0,    0,    0,    0,    0,    0,    0,    0,    0,    0,    0,    0,    0,    0,    0,    0,    0,    0,    0,    0,    0,    0,    0,    0,    0,    0,    0,    0,    0,    0,    0,    0,    0,    0,    0,    0,    0,    0,    0,    0,
       7,    0,    0,    0,    0,   -9,    0,    7,   -5,  -21,   -5,  -21,    0,    0,    0,   -5,   -9,   -5,    0,    0,    0,    0,    0,    0,    0,  -16,    0,    0,    0,    0,    0,    0,    0,    0,    0,    0,    0,    0,    0,  -11,    0,  -16,   -7,    0,   -4,    0,   -2,    0,    0,    0,    0,   -4,    0,    0,    0,    0,    0,    0,    0,    0,    0,    0,   -5,    0,    0,    0,    0,    0,    0,    0,    0,   -4,    0,    0,    0,    0,    0,    0,    0,   -8,   -5,   -8,   -4,    0,    0,    0,   -6,    0,    0,    0,    0,    0,    0,    0,    0,    0,    0,    0,    0,    0,    0,    0,    0,    0,    0,    0,    0,    0,    0,    0,    0,    0,
       4,    0,    0,    0,    0,    0,    0,    7,    0,  -11,    0,  -11,    0,    0,    0,    0,   -5,    0,    0,    0,    0,    0,    0,    0,    0,  -11,    0,    0,    0,    0,    0,    0,    0,    0,    0,    0,    0,    0,    0,  -11,    0,  -11,   -4,    0,    0,    0,    0,    0,    0,    0,    0,    0,    0,    0,    0,    0,    0,    0,    0,    0,    0,    0,   -3,    0,    0,    0,    0,    0,    0,    0,    0,    0,    0,    0,    0,    0,    0,    0,    0,   -4,    0,   -4,    0,    0,    0,    0,   -2,    0,    0,    0,    0,    0,    0,    0,    0,    0,    0,    0,    0,    0,    0,    0,    0,    0,    0,    0,    0,    0,    0,    0,    0,    0,
       0,    0,   -4,    0,    0,  -11,    0,    0,  -12,    0,  -12,    0,    0,    0,   -5,    0,    0,  -12,    0,   -5,   -5,    0,    0,    0,    0,   -5,   -3,    0,    0,    0,    0,    0,    0,    0,    0,    0,    0,    0,    0,  -16,    0,    0,    0,    0,   -4,    0,   -4,    0,    0,    0,    0,   -3,    0,    0,    0,    0,    0,    0,    0,    0,    0,    0,  -11,    0,    0,    0,    0,    0,    0,    0,    0,   -4,    0,    0,    0,    0,    0,    0,    0,    0,   -1,    0,    0,    0,    0,    0,    0,    0,    0,    0,    0,    0,    0,    0,    0,    0,    0,    0,    0,    0,    0,    0,    0,    0,    0,    0,    0,    0,    0,    0,    0,    0,
       0,    5,    0,    0,    0,    0,    0,    0,    0,    0,    0,    0,    0,    0,    0,    0,    0,    0,    0,    0,    0,    0,    0,    0,    0,    0,    0,    7,    0,    0,    7,    0,    0,    0,    0,    0,    4,    0,    0,    0,    0,    7,    0,    0,    0,    0,    0,    0,   23,    0,    0,    0,    0,    0,    0,    0,    7,    0,    0,    0,    0,    0,    0,    0,    0,    4,    7,   28,   34,   20,    0,    0,    7,    0,    0,    0,    0,    0,    0,    0,    0,    0,    0,    0,    0,    0,    4,    0,    0,    0,    0,    0,    0,    0,    0,    0,    0,    0,    0,    0,    0,    0,    0,    0,    0,    0,    0,    0,    0,    0,    0,    0,
       0,    0,    0,    0,    0,    0,    0,    0,    0,    0,    0,    0,    0,    0,  -16,    0,    0,    0,    0,    0,  -16,    0,    0,    0,    0,  -16,    0,    0,    0,    0,    7,    0,  -13,    0,  -11,    0,    0,  -21,    0,  -27,    0,    0,    0,    0,    0,    0,    0,    0,   23,    0,    0,    0,    0,    0,    0,    0,    0,    0,    0,    0,    0,    0,    0,    0,    0,    0,    0,    0,    0,    0,    0,    0,    0,    0,    0,    0,    0,    0,    0,    0,    0,    0,    0,    0,    0,    0,    0,    0,    0,    0,    0,    0,    0,    0,    0,    0,    0,    0,    0,    0,    0,    0,    0,    0,    0,    0,    0,    0,    0,    0,    0,    0,
       0,    0,    0,    0,    0,    0,    0,    0,  -27,    0,  -27,    0,    0,    0,  -13,   -7,   -4,  -11,    0,    0,  -13,    0,    0,    0,    0,    0,  -16,    0,    0,    0,    0,    0,  -11,    0,    0,    0,    0,  -11,  -11,  -21,    0,    0,   -8,    0,  -11,    0,    0,    0,    0,    0,    0,    0,    0,    0,    0,    0,    0,    0,    0,    0,    0,    0,  -30,    0,    0,    0,    0,    0,    0,    0,    0,   -5,    0,  -11,    0,  -11,    0,    0,    0,    0,    0,    0,    0,    0,    0,    0,    0,    0,    0,    0,    0,    0,    0,    0,   -5,    0,   -8,    0,    0,    0,    0,    0,    0,    0,    0,    0,    0,    0,    0,    0,    0,    0,
     -35,  -43,    0,    0,    0,    0,    0,  -35,  -48, -107,  -48, -107,  -88,    0,    0,    0,    0,    0,    0,    0,    0,    0,    0,  -56,    0,  -53,    0,    0,    0,    0,    0,    0,    0,    0,    0,    0,    0,    0,    0,  -45,    0,  -53,    0,    0,    0,    0,    0,    0,    0,    0,    0,    0,    0,    0,    0,    0,    0,    0,    0,    0,    0,    0,    0,    0,    0,    0,    0,    0,    0,    0,    0,    0,    0,    0,    0,    0,    0,    0,    0,    0,    0,    0,    0,    0,    0,    0,    0,    0,    0,    0,    0,    0,    0,    0,    0,    0,    0,    0,    0,    0,    0,    0,    0,    0,    0,    0,    0,    0,    0,    0,    0,    0,
       0,  -11,    0,  -11,    0,    0,    0,  -11,    0,  -21,    0,  -21,  -16,    0,  -24,  -23,  -23,    0,  -11,    0,  -24,    0,  -11,    0,    0,  -11,    0,    0,    0,    0,   -8,    0,  -21,    0,  -11,    0,    0,  -21,  -21,  -21,    0,  -21,   -8,    0,    0,   -5,    0,    0,    0,    0,    0,    0,    0,    0,   -5,   -3,  -11,   -5,    0,    0,    0,    0,    0,    0,  -53,  -11,    0,    0,    0,    0,    0,    3,    0,  -21,  -11,  -16,   -5,  -11,    0,   -5,  -11,   -5,    0,  -11,    0,  -11,    0,    0,    0,    0,    0,    0,    0,    0,   -5,    0,    0,    0,    0,    0,    0,    0,    0,    0,    0,    0,    0,    0,    0,    0,    0,    0,
     -16,  -27,  -11,  -16,  -21,  -16,    0,  -21,  -32,  -32,  -32,  -32,    0,  -11,  -43,  -11,  -11,  -27,  -11,  -11,  -21,  -11,  -11,  -16,    0,  -53,  -16,  -11,    0,  -11,    0,    0,  -43,   -5,  -21,  -16,  -11,  -50,   -8,  -53,    0,    0,  -14,    0,  -21,  -11,    0,    0,   11,    0,  -16,    0,  -16,    0,  -21,  -11,    0,  -21,    0,    0,    0,  -11,  -24,    0,  -18,  -15,  -11,    0,    0,    0,    0,    0,    0,    0,    0,    0,    0,    0,    0,    0,    0,    0,    0,  -27,  -16,  -27,  -11,    0,    0,    0,    0,    0,    0,    0,    0,    0,    0,    0,    0,    0,    0,    0,    0,    0,    0,    0,    0,    0,    0,    0,    0,    0,
       0,    0,    0,    0,    0,    0,   30,    0,    0,    0,    0,    0,    0,    0,    0,    0,    0,    0,    0,    0,    0,    0,    0,    0,    0,    0,    0,    0,    0,    0,    0,    0,    0,    0,    0,    0,    0,    0,    0,    7,   28,    0,    0,    0,    0,    0,    0,    0,    0,    0,    0,    0,    0,    0,    0,    0,    0,    0,    0,    0,   28,    0,    0,    0,    0,    0,    0,    0,    0,    0,    0,    0,    0,    0,    0,    0,    0,    0,    0,    0,    0,    0,    0,    0,    0,    0,    0,    0,    0,    0,    0,    0,    0,    0,    0,    0,    0,    0,    0,    0,    0,    0,    0,    0,    0,    0,    0,    0,    0,    0,    0,    0,
       0,  -19,    0,    0,    0,    0,    0,  -21,   -5,    0,   -5,    0,    0,    0,  -27,    0,    0,    0,    0,    0,  -16,    0,  -13,    0,    0,  -16,    0,    0,    0,    0,    0,    0,    0,    0,    0,    0,    0,    0,    0,  -16,    0,  -11,    0,    0,    0,   -5,   -3,    0,    0,    0,    0,    0,   -3,    0,   -7,   -2,   -4,   -7,    0,    0,    0,    0,    0,    0,    0,    0,    0,    0,    0,    0,    0,    0,    0,    0,    0,    0,    0,    0,    0,    0,    0,    0,    0,    0,    0,    0,    0,    0,    0,    0,    0,    0,    0,    0,    0,    0,    0,    0,    0,    0,    0,    0,    0,    0,    0,    0,    0,    0,    0,    0,    0,    0,
      28,   23,    0,    0,    0,    0,   34,   25,    0,    0,    0,    0,    0,    0,    0,    0,    0,    0,    7,    0,   17,    0,    0,    0,    0,   11,    0,    0,    0,    0,    0,    0,    0,    0,    0,    0,    0,    0,    0,   19,   34,    0,    0,   11,    0,    0,    0,    9,    9,    7,    0,    0,    0,    0,    0,    0,    0,    0,    0,    0,   34,    0,    0,    0,    0,    0,    0,    0,    0,    0,    9,    0,    0,    0,    0,    0,    0,    0,    0,    0,    0,    0,    0,    0,    0,    0,    0,    0,    0,    0,    0,    0,    0,    0,    0,    0,    0,    0,    0,    0,    0,    0,    0,    0,    0,    0,    0,    0,    0,    0,    0,    0,
       9,    0,    0,    0,    0,  -19,    7,   11,  -30,  -30,  -30,  -30,  -30,   -7,    0,    0,    0,    0,    0,  -11,   11,  -10,    0,    0,  -11,    0,  -27,    0,    0,    0,    0,    0,    0,    0,    0,    0,    0,    0,    0,    0,   13,  -38,  -23,    0,  -23,    0,  -19,    0,    0,    0,   -7,    0,    0,  -13,    0,    0,    0,    0,    0,    0,   13,    0,  -30,    0,  -11,    0,    0,    0,    0,    0,    0,   -5,    0,    0,    0,    0,    0,    0,    0,    0,    0,    0,    0,    0,    0,    0,    0,    0,    0,    0,    0,    0,    0,    0,    0,    0,    0,    0,    0,    0,    0,    0,    0,    0,    0,    0,    0,    0,    0,    0,    0,    0,
       0,    0,    0,    0,    0,   -8,    0,    0,  -13,    0,  -13,    0,    0,    0,    0,    0,    0,   -3,   -4,   -3,    0,   -3,    0,    0,    0,  -12,    0,    0,    0,    0,    0,    0,    0,    0,    0,    0,    0,    0,    0,  -13,    0,    0,   -5,    0,   -5,    0,    0,    0,   -3,    0,    0,    0,    0,    0,    0,    0,    0,    0,    0,    0,    0,    0,  -11,    0,    0,    0,    0,    0,    0,    0,    0,   -3,    0,    0,    0,    0,    0,    0,    0,    0,    0,    0,    0,    0,    0,    0,    0,    0,    0,    0,    0,    0,    0,    0,    0,    0,    0,    0,    0,    0,    0,    0,    0,    0,    0,    0,    0,    0,    0,    0,    0,    0,
       0,    4,   -8,    0,    0,  -21,   11,   13,  -15,  -43,  -15,  -43,  -32,    0,    5,   -3,  -11,  -16,   -5,    0,    0,   -5,    0,    0,    0,  -16,   -8,    0,    0,    0,    0,    0,    0,    0,    0,    0,    0,    0,    0,  -27,   10,  -43,  -13,    0,  -11,    0,   -7,    0,    0,    0,    0,   -7,    0,    0,    0,    0,    0,    0,   -5,    0,    7,    0,  -13,    0,   -3,    0,    0,    0,    0,    0,    0,    0,    0,    0,    0,    0,    0,    0,    0,    0,   -5,    0,    0,    0,    0,    0,    0,    0,    0,    0,    0,    0,    0,    0,    0,    0,    0,    0,    0,    0,    0,    0,    0,    0,    0,    0,    0,    0,    0,    0,    0,    0,
       4,   -4,   -5,    0,    0,    0,   19,    0,  -21,    4,  -21,    4,    0,   -5,  -11,    0,    0,  -11,    0,   -5,  -11,    0,   -3,    0,    0,  -16,   -5,    0,    0,    0,    0,    0,    0,    0,    0,    0,    0,    0,    0,  -21,   25,    0,   -3,    0,   -9,    0,   -6,    0,    0,   -3,    0,    0,    0,    0,   -3,    0,    0,   -3,    0,    0,   19,    0,  -11,    0,    0,    0,    0,    0,    0,    0,    0,   -5,    0,    0,    0,    0,    0,    0,    0,    0,    0,    0,    0,    0,    0,    0,    0,    0,    0,    0,    0,    0,    0,    0,    0,    0,    0,    0,    0,    0,    0,    0,    0,    0,    0,    0,    0,    0,    0,    0,    0,    0,
      11,   11,    0,    0,   11,  -12,    0,   17,  -16,  -29,  -16,  -29,  -19,    0,    5,    4,    4,   -6,    0,    0,    7,    0,    5,    0,    0,    5,  -11,    0,    0,    0,    0,    0,    0,    0,    0,    0,    0,    0,    0,    0,    0,  -27,   -6,    0,   -5,    7,   -3,    0,    0,    0,    0,    0,   11,    0,    5,    5,    4,    5,    0,    0,    0,    0,  -16,    0,    0,    0,    0,    0,    0,    0,    0,    0,    0,    0,    0,    0,    0,    0,    0,    0,    0,    0,    0,    0,    0,    0,    0,    0,    0,    0,    0,    0,    0,    0,    0,    0,    0,    0,    0,    0,    0,    0,    0,    0,    0,    0,    0,    0,    0,    0,    0,    0,
       0,  -16,    0,  -11,    0,    0,    0,  -16,    0,    0,    0,    0,  -21,    0,  -20,   -8,   -5,    0,    0,    0,  -23,    0,  -14,    0,    0,  -21,    0,   -5,    0,    0,    0,    0,  -20,    0,  -11,    0,  -13,  -18,    0,    0,    0,  -16,    0,    0,    0,    0,    0,    0,    0,    0,    0,    0,    0,    0,   -3,    0,   -2,   -3,    0,    0,    0,    0,    0,    0,    0,    0,    0,    0,    0,    0,    0,    0,    0,  -16,   -5,  -13,   -9,   -4,    0,   -4,   -9,   -4,    0,  -16,    0,  -16,    0,    0,    0,    0,    0,    0,    0,    0,    0,    0,    0,    0,    0,    0,    0,    0,    0,    0,    0,    0,    0,    0,    0,    0,    0,    0,
       4,    7,  -32,  -19,    0,  -43,    0,    4,  -53,  -64,  -53,  -64,  -64,  -27,  -19,   -6,    0,  -43,  -16,  -27,    0,  -21,  -11,    0,  -45,    0,  -45,  -53,    0,  -32,    0,  -18,    0,    0,    0,    0,    0,    0,    0,  -21,    4,  -64,  -53,    0,  -53,    0,    0,    0,  -16,    0,  -43,  -53,    0,  -48,  -43,  -32,  -43,  -43,    0,    0,    0,    0,  -53,    0,  -43,    0,  -71,    0,    0,    0,    0,    0,  -50,  -10,  -37,    0,    0,  -16,  -32,  -53,  -43,  -53,  -37,  -43,  -45,  -43,  -53,    0,    0,    0,    0,    0,    0,    0,    0,    0,    0,    0,    0,    0,    0,    0,    0,    0,    0,    0,    0,    0,    0,    0,    0,    0,
       0,   -4,    0,    0,    0,    0,    7,    0,   -4,    4,   -4,    4,    0,    0,  -11,    0,    0,    0,    0,    0,    0,    0,    0,    0,    0,    0,    0,    0,    0,    0,    0,    0,   -7,    0,    0,    0,    0,   -7,    0,   -4,    4,   11,    0,    0,    0,    0,    0,    0,   15,    0,    0,    4,    0,    0,   -4,    0,    0,   -4,    0,    0,    4,    0,    0,    0,    0,    0,   11,    0,    0,    0,    0,    0,    0,    0,    0,    0,    0,    0,    0,    2,    0,    2,    4,   -5,   -5,   -5,    0,    0,    0,    0,    0,    0,    0,    0,    0,    0,    0,    0,    0,    0,    0,    0,    0,    0,    0,    0,    0,    0,    0,    0,    0,    0,
       0,    0,  -16,   -8,    0,  -21,    0,    4,  -21,  -53,  -21,  -53,  -32,  -11,  -11,   -5,   -3,  -16,    0,  -13,    0,  -13,   -8,    0,    0,    0,  -21,  -18,    0,   -5,    0,   -6,    0,    0,    0,    0,    0,    0,    0,    0,   11,  -53,  -26,    0,  -21,    0,    0,    0,   -8,    0,  -16,  -19,    0,    0,   -8,   -5,  -13,   -8,    0,    0,    4,    0,  -27,    0,  -16,    0,  -18,    0,    0,    0,    0,    0,  -17,  -16,  -17,    0,    0,   -8,  -11,  -27,  -21,  -27,  -20,  -16,  -16,  -16,  -28,    0,    0,    0,    0,    0,    0,    0,    0,    0,    0,    0,    0,    0,    0,    0,    0,    0,    0,    0,    0,    0,    0,    0,    0,    0,
       0,  -11,    0,    0,    0,   -7,    4,  -11,  -11,    5,  -11,    5,    0,   -4,  -15,    0,    0,    0,    0,   -4,  -11,    0,   -7,    0,    0,  -11,    0,    0,    0,  -11,    0,    0,  -19,    0,  -11,    0,    0,  -23,    0,  -15,    4,    4,    0,    0,    0,    0,    0,    0,    0,    0,    0,    0,    0,    0,   -7,    0,    0,   -7,    0,    0,    0,    0,   -7,    0,    0,    0,    0,    0,    0,    0,    0,    0,    0,    0,    0,  -19,  -15,    0,    0,    0,    0,    0,    0,  -15,   -7,  -15,    0,    0,    0,    0,    0,    0,    0,    0,    0,    0,    0,    0,    0,    0,    0,    0,    0,    0,    0,    0,    0,    0,    0,    0,    0,    0,
       0,  -16,    0,   -8,    0,    0,    0,  -16,    0,    0,    0,    0,  -16,    0,  -29,  -13,   -8,    0,   -8,    0,  -21,    0,  -12,    0,    0,  -29,    0,    0,    0,    0,   -7,   -4,  -30,    0,  -14,   -9,  -17,  -44,  -11,  -27,    0,  -11,    0,    0,    0,    0,    0,    0,    0,    0,    0,    0,    0,    0,   -3,    0,   -4,   -3,   -3,    0,    0,    0,    0,    0,    0,    0,   -5,    0,    0,    0,    0,    0,    0,  -11,   -4,  -27,   -9,   -5,    0,   -4,  -11,   -4,    0,   -9,    0,   -9,    0,    0,    0,    0,    0,    0,    0,    0,    0,    0,    0,    0,    0,    0,    0,    0,    0,    0,    0,    0,    0,    0,    0,    0,    0,    0,
       0,   -7,    0,    0,    0,    0,    0,   -7,   -6,    0,   -6,    0,    0,    0,  -16,   -8,    0,    0,   -5,    0,  -12,    0,    0,    0,    0,  -16,    0,    0,    0,    0,    0,    0,    0,    0,    0,    0,    0,    0,    0,  -27,    0,  -11,   -4,    0,   -4,    0,    0,    0,    0,    0,    0,   -4,    0,    0,   -9,   -6,   -5,   -9,   -5,    0,    0,    0,    0,    0,    0,    0,    0,    0,    0,    0,    0,   -3,    0,    0,    0,    0,    0,    0,    0,   -5,   -9,   -5,    0,  -11,   -9,  -11,   -2,    0,    0,    0,    0,    0,    0,    0,    0,    0,    0,    0,    0,    0,    0,    0,    0,    0,    0,    0,    0,    0,    0,    0,    0,    0,
       0,    4,  -11,    0,    0,  -27,    0,    7,  -19,  -53,  -19,  -53,  -27,    0,    0,  -11,  -11,  -20,   -8,   -5,   -8,  -11,    0,    0,    0,  -21,  -16,    0,    0,    0,    0,    0,    0,    0,    0,    0,    0,    0,    0,  -27,    0,  -43,  -19,    0,  -13,    0,    0,    0,    0,    0,    0,    0,    0,    0,    0,    0,    0,    0,    0,    0,    0,    0,  -18,    0,   -7,    0,    0,    0,    0,    0,    0,    0,    0,    0,    0,    0,    0,    0,    0,  -27,   -5,  -27,  -11,    5,    0,    5,  -11,    0,    0,    0,    0,    0,    0,    0,    0,    0,    0,    0,    0,    0,    0,    0,    0,    0,    0,    0,    0,    0,    0,    0,    0,    0,
       7,    0,    0,    0,    0,    0,    4,    0,   -4,    7,   -4,    7,    0,    0,  -11,    0,    0,    0,    0,    0,    0,    0,    0,    0,    0,  -11,    0,    0,    0,    0,    0,    0,    0,    0,    0,    0,    0,    0,    0,  -16,    7,    7,    0,    0,   -2,    0,    0,    0,    7,    0,    0,    4,    0,    0,    0,    0,    0,    0,    0,    0,    5,    0,    0,    0,    0,    0,    0,    0,    0,    0,    0,    0,    0,    0,    0,    0,    0,    0,    0,   11,    0,    4,    4,   -5,   -5,   -5,    0,    0,    0,    0,    0,    0,    0,    0,    0,    0,    0,    0,    0,    0,    0,    0,    0,    0,    0,    0,    0,    0,    0,    0,    0,    0,
       0,    0,    0,    0,    0,    0,    0,    0,    0,    0,    0,    0,    0,    0,  -16,    0,    0,    0,    0,    0,  -11,    0,    0,    0,    0,  -11,    0,    0,    0,    0,    0,    0,    0,    0,    0,    0,    0,    0,    0,  -16,    0,    0,    0,    0,    0,    0,    0,    0,    0,    0,    0,    0,    0,    0,   -4,    0,    0,   -4,    0,    0,    0,    0,    0,    0,    0,    0,    0,    0,    0,    0,    0,    0,    0,    0,    0,    0,    0,    0,    0,    0,    0,    0,    0,   -8,   -6,   -8,    0,    0,    0,    0,    0,    0,    0,    0,    0,    0,    0,    0,    0,    0,    0,    0,    0,    0,    0,    0,    0,    0,    0,    0,    0,    0,
      11,    5,  -11,    0,    0,  -16,    0,    9,  -11,  -32,  -11,  -32,  -16,    0,    0,  -11,  -11,  -16,   -5,    0,  -16,  -11,    0,    0,    0,  -21,  -16,    0,    0,    0,    0,    0,    0,    0,    0,    0,    0,    0,    0,  -16,    0,  -32,  -13,    0,  -13,    0,    0,    0,    0,    0,    0,   -9,    0,    0,    0,    0,    0,    0,    0,    0,    0,    0,  -11,    0,    0,    0,    0,    0,    0,    0,    0,    0,    0,    0,    0,    0,    0,    0,   -5,  -27,    0,  -27,  -11,    5,    0,    5,  -11,    0,    0,    0,    0,    0,    0,    0,    0,    0,    0,    0,    0,    0,    0,    0,    0,    0,    0,    0,    0,    0,    0,    0,    0,    0,
       7,   -7,    0,    0,    0,    0,    0,    0,  -11,    7,  -11,    7,    0,    0,  -16,    0,    0,    0,    0,    0,    0,    0,    0,    0,    0,    0,    0,    0,    0,    0,    0,    0,    0,    0,    0,    0,    0,    0,    0,    0,    5,   11,    0,    0,   -4,    0,    0,    0,    0,    0,    0,    0,    0,    0,   -7,   -4,    0,   -7,    0,    0,    0,    0,   -5,    0,    0,    0,    0,    0,    0,    0,    0,    0,    0,    0,    0,    0,    0,    0,   -2,    7,    0,    7,    4,  -11,   -7,  -11,    0,    0,    0,    0,    0,    0,    0,    0,    0,    0,    0,    0,    0,    0,    0,    0,    0,    0,    0,    0,    0,    0,    0,    0,    0,    0,
       0,  -43,    0,    0,    0,    0,    0,  -32,   -5,    0,   -5,    0,  -16,    0,  -32,   -8,    0,    0,   -5,    0,  -16,    0,  -11,    0,    0,  -27,    0,    0,    0,    0,    0,    0,    0,    0,    0,    0,    0,    0,    0,  -43,    0,  -11,    0,    0,    0,    0,   -4,    0,    0,    0,    0,   -4,   -5,    0,  -12,   -6,   -5,  -12,    0,    0,    0,    0,    0,    0,    0,    0,    0,    0,    0,    0,    0,    0,    0,    0,    0,    0,    0,    0,    0,    0,  -11,    0,    0,  -21,   -8,  -21,   -4,    0,    0,    0,    0,    0,    0,    0,    0,    0,    0,    0,    0,    0,    0,    0,    0,    0,    0,    0,    0,    0,    0,    0,    0,    0,
       0,    4,  -11,    0,    0,  -27,    0,    7,  -19,  -53,  -19,  -53,  -27,    0,    0,  -11,  -11,  -20,   -8,   -5,   -8,  -11,    0,    0,    0,  -21,  -16,    0,    0,    0,    0,    0,    0,    0,    0,    0,    0,    0,    0,  -27,    7,  -43,  -19,    0,  -13,    0,    0,    0,    0,    0,    0,    0,    0,    0,    0,    0,    0,    0,    0,    0,    0,    0,  -18,    0,   -7,    0,    0,    0,    0,    0,    0,    0,    0,    0,    0,    0,    0,    0,    0,  -27,   -5,  -27,  -11,    5,    0,    5,  -11,    0,    0,    0,    0,    0,    0,    0,    0,    0,    0,    0,    0,    0,    0,    0,    0,    0,    0,    0,    0,    0,    0,    0,    0,    0,
       7,    0,    0,    0,    0,    0,    7,    0,  -16,   11,  -16,   11,    0,   -5,   -9,    0,    4,    0,    0,    0,  -11,    0,  -11,    0,    0,  -21,    0,    0,    0,   -6,    0,    0,   -9,    0,    0,    0,    0,    0,    0,    0,   11,   11,    4,    0,    0,    0,    0,    0,   11,    0,    0,    7,    0,    0,   -7,    0,    9,   -7,    0,    0,    7,    0,  -11,    0,    0,    0,    0,    0,    0,    0,    0,    0,    0,    0,    0,    0,   -4,    0,   -4,   14,    4,    4,    7,  -30,    0,  -16,    4,    0,    0,    0,    0,    0,    0,    0,    0,    0,    0,    0,    0,    0,    0,    0,    0,    0,    0,    0,    0,    0,    0,    0,    0,    0,
       7,    0,    0,    0,    0,    0,    7,    0,  -13,   13,  -13,   13,    0,    0,    0,    4,    0,    0,    0,    0,   -4,    0,    0,    0,    0,  -16,    0,    0,    0,    0,    0,    0,    0,    0,    0,    0,    0,    0,    0,    0,    7,   14,    1,    0,   -5,    0,    0,    0,   11,    0,    0,    0,    0,    0,    0,    0,   11,    0,    0,    0,    7,    0,   -5,    0,    0,    0,    0,    0,    0,    0,    0,    0,    0,    0,    0,    0,    0,    0,    0,   14,    0,    4,    4,    0,   -5,    0,    0,    0,    0,    0,    0,    0,    0,    0,    0,    0,    0,    0,    0,    0,    0,    0,    0,    0,    0,    0,    0,    0,    0,    0,    0,    0,
       0,    0,    0,    0,    0,    0,    0,    0,    0,    0,    0,    0,    0,    0,    0,    0,    0,    0,    0,    0,    0,    0,    0,    0,    0,    0,    0,    0,    0,    0,    0,    0,    0,    0,    0,    0,    0,    0,    0,    0,    0,    0,    0,    0,    0,    0,    0,    0,    0,    0,    0,    0,    0,    0,    0,    0,    0,    0,    0,    0,    0,    0,    0,    0,    0,    0,    0,    0,    0,    0,    0,    0,    0,    0,    0,    0,    0,    0,    0,    0,    0,    0,    0,    0,    0,    0,    0,    0,   -5,   -5,    0,    0,    0,    0,    0,    0,    0,    0,    0,    0,    0,    0,    0,    0,    0,    0,    0,    0,    0,    0,    0,    0,
       0,    0,    0,    0,    0,    0,    0,    0,    0,    0,    0,    0,  -11,    0,    0,    0,    0,    0,    0,    0,    0,    0,    0,    0,    0,    0,    0,    0,    0,    0,    0,    0,    0,    0,    0,    0,    0,    0,    0,    0,    0,    0,    0,    0,    0,    0,    0,    0,    0,    0,    0,    0,    0,    0,    0,    0,    0,    0,    0,    0,    0,    0,    0,    0,    0,    0,    0,    0,    0,    0,    0,    0,    0,    0,    0,    0,    0,    0,    0,    0,    0,    0,    0,    0,    0,    0,    0,   -8,    0,    0,    0,    0,   -5,    0,    0,    0,    0,    0,    0,    0,    0,    0,    0,    0,    0,    0,    0,    0,    0,    0,    0,    0,
       0,    0,    0,    0,    0,    0,    0,    0,    0,    0,    0,    0,  -35,    0,    0,    0,    0,    0,    0,    0,    0,    0,    0,    0,    0,    0,    0,    0,    0,    0,    0,    0,    0,    0,    0,    0,    0,    0,    0,   -8,    0,    0,    0,    0,    0,    0,    0,    0,    0,    0,    0,    0,    0,    0,    0,    0,    0,    0,    0,    0,    0,    0,    0,    0,    0,    0,    0,    0,    0,    0,    0,    0,    0,    0,    0,    0,    0,    0,    0,    0,    0,    0,    0,    0,    0,    0,    0,    0,   -5,    0,    0,   -8,   -5,   -5,   -5,   -8,   -8,    0,    0,    0,    0,    0,    0,    0,    0,    0,    0,    0,    0,    0,    0,    0,
       0,    0,    0,    0,    0,    0,    0,    0,    0,  -24,    0,  -24,   -5,    0,    0,    0,    0,    0,    0,    0,    0,    0,    0,    8,    0,    8,    0,    0,    0,    0,    0,    0,    0,    0,    0,    0,    0,    0,    0,  -16,    0,  -27,    0,    0,    0,    0,    0,    0,    0,    0,    0,    0,    0,    0,    0,    0,    0,    0,    0,    0,    0,    0,    0,    0,    0,    0,    0,    0,    0,    0,    0,    0,    0,    0,    0,    0,    0,    0,    0,    0,    0,    0,    0,    0,    0,    0,    0,    0,   -5,  -19,   -4,    0,   -5,   -4,    0,    0,    0,    0,    0,    0,    0,    0,    0,    0,    0,    0,    0,    0,    0,    0,    0,    0,
       0,    0,    0,    0,    0,    0,    0,    0,    0,    0,    0,    0,   -5,    0,    0,    0,    0,    0,    0,    0,    0,    0,    0,    0,    0,    0,    0,    0,    0,    0,    0,    0,    0,    0,    0,    0,    0,    0,    0,    0,    0,    0,    0,    0,    0,    0,    0,    0,    0,    0,    0,    0,    0,    0,    0,    0,    0,    0,    0,    0,    0,    0,    0,    0,    0,    0,    0,    0,    0,    0,    0,    0,    0,    0,    0,    0,    0,    0,    0,    0,    0,    0,    0,    0,    0,    0,    0,    0,    0,    0,    0,    0,    0,    0,    0,    0,    0,    0,    0,    0,    0,    0,    0,    0,    0,    0,    0,    0,    0,    0,    0,    0,
       0,    0,    0,    0,    0,    0,    0,    0,    0,  -11,    0,  -11,  -13,    0,    0,    0,    0,    0,    0,    0,    0,    0,    0,    8,    0,    0,    0,    0,    0,    0,    0,    0,    0,    0,    0,    0,    0,    0,    0,  -11,    0,  -16,    0,    0,    0,    0,    0,    0,    0,    0,    0,    0,    0,    0,    0,    0,    0,    0,    0,    0,    0,    0,    0,    0,    0,    0,    0,    0,    0,    0,    0,    0,    0,    0,    0,    0,    0,    0,    0,    0,    0,    0,    0,    0,    0,    0,    0,    0,    0,    0,   -5,    0,   -7,   -5,    0,    0,    0,    0,    0,    0,    0,    0,    0,    0,    0,    0,    0,    0,    0,    0,    0,    0,
       0,    0,    0,    0,    0,    0,    0,    0,    0,    0,    0,    0,  -11,    0,    0,    0,    0,    0,    0,    0,    0,    0,    0,    0,    0,    0,    0,    0,    0,    0,    0,    0,    0,    0,    0,    0,    0,    0,    0,  -11,    0,  -11,    0,    0,    0,    0,    0,    0,    0,    0,    0,    0,    0,    0,    0,    0,    0,    0,    0,    0,    0,    0,    0,    0,    0,    0,    0,    0,    0,    0,    0,    0,    0,    0,    0,    0,    0,    0,    0,    0,    0,    0,    0,    0,    0,    0,    0,    0,    0,   -5,   -5,    0,    0,   -5,    0,    0,    0,    0,    0,    0,    0,    0,    0,    0,    0,    0,    0,    0,    0,    0,    0,    0,
       0,    0,    0,    0,    0,    0,    0,    0,    0,    0,    0,    0,  -11,    0,    0,    0,    0,    0,    0,    0,    0,    0,    0,    0,    0,    8,    0,    0,    0,    0,    0,    0,    0,    0,    0,    0,    0,    0,    0,  -11,    0,    0,    0,    0,    0,    0,    0,    0,    0,    0,    0,    0,    0,    0,    0,    0,    0,    0,    0,    0,    0,    0,    0,    0,    0,    0,    0,    0,    0,    0,    0,    0,    0,    0,    0,    0,    0,    0,    0,    0,    0,    0,    0,    0,    0,    0,    0,    0,    0,    0,   -4,    0,   -5,   -5,    0,    0,    0,    0,    0,    0,    0,    0,    0,    0,    0,    0,    0,    0,    0,    0,    0,    0,
       0,    0,    0,    0,    0,    0,    0,    0,    0,    0,    0,    0,    0,    0,    0,    0,    0,    0,    0,    0,    0,    0,    0,    0,    0,    0,    0,    0,    0,    0,    0,    0,    0,    0,    0,    0,    0,    0,    0,    0,    0,    0,    0,    0,    0,    0,    0,    0,    0,    0,    0,    0,    0,    0,    0,    0,    0,    0,    0,    0,    0,    0,    0,    0,    0,    0,    0,    0,    0,    0,    0,    0,    0,    0,    0,    0,    0,    0,    0,    0,    0,    0,    0,    0,    0,    0,    0,    0,    0,    0,    0,   -4,   -4,   -7,   -5,    0,    0,    0,    0,    0,    0,    0,    0,    0,    0,    0,    0,    0,    0,    0,    0,    0,
       0,    0,    0,    0,    0,    0,    0,    0,    0,    0,    0,    0,  -11,    0,    0,    0,    0,    0,    0,    0,    0,    0,    0,    0,    0,    0,    0,    0,    0,    0,    0,    0,    0,    0,    0,    0,    0,    0,    0,  -11,    0,    0,    0,    0,    0,    0,    0,    0,    0,    0,    0,    0,    0,    0,    0,    0,    0,    0,    0,    0,    0,    0,    0,    0,    0,    0,    0,    0,    0,    0,    0,    0,    0,    0,    0,    0,    0,    0,    0,    0,    0,    0,    0,    0,    0,    0,    0,    0,    0,    0,    0,    0,    0,    0,    0,    0,    0,    0,    0,    0,    0,    0,    0,    0,    0,    0,    0,    0,    0,    0,    0,    0,
       0,    0,    0,    0,    0,    0,    0,    0,    0,    8,    0,    8,    0,    0,    0,    0,    0,    0,    0,    0,    0,    0,    0,    8,    0,    0,    0,    0,    0,    0,    0,    0,    0,    0,    0,    0,    0,    0,    0,    0,    0,    0,    0,    0,    0,    0,    0,    0,    0,    0,    0,    0,    0,    0,    0,    0,    0,    0,    0,    0,    0,    0,    0,    0,    0,    0,    0,    0,    0,    0,    0,    0,    0,    0,    0,    0,    0,    0,    0,    0,    0,    0,    0,    0,    0,    0,    0,    0,    0,    0,    0,    0,    0,   -4,    0,    0,    0,    0,    0,    0,    0,    0,    0,    0,    0,    0,    0,    0,    0,    0,    0,    0,
       0,   -8,    0,    0,    0,    0,    0,    0,    0,  -19,    0,  -19,  -19,    0,    0,    0,    0,    0,    0,    0,    0,    0,    0,    0,    0,    0,    0,    0,    0,    0,    0,    0,    0,    0,    0,    0,    0,    0,    0,  -13,    0,  -53,    0,    0,    0,    0,    0,    0,    0,    0,    0,    0,    0,    0,    0,    0,    0,    0,    0,    0,    0,    0,    0,    0,    0,    0,    0,    0,    0,    0,    0,    0,    0,    0,    0,    0,    0,    0,    0,    0,    0,    0,    0,    0,    0,    0,    0,    0,    0,    0,    0,    0,    0,    0,    0,    0,    0,    0,    0,    0,    0,    0,    0,    0,    0,    0,    0,    0,    0,    0,    0,    0,
       0,   -8,    0,    0,    0,    0,    0,    0,    0,    0,    0,    0,  -16,    0,    0,    0,    0,    0,    0,    0,    0,    0,    0,    0,    0,    0,    0,    0,    0,    0,    0,    0,    0,    0,    0,    0,    0,    0,    0,    0,    0,    0,    0,    0,    0,    0,    0,    0,    0,    0,    0,    0,    0,    0,    0,    0,    0,    0,    0,    0,    0,    0,    0,    0,    0,    0,    0,    0,    0,    0,    0,    0,    0,    0,    0,    0,    0,    0,    0,    0,    0,    0,    0,    0,    0,    0,    0,  -11,    0,    0,    0,    0,    0,    0,    0,    0,    0,    0,    0,    0,    0,    0,    0,    0,    0,    0,    0,    0,    0,    0,    0,    0,
       0,    0,    0,    0,    0,    0,    0,    0,    0,    0,    0,    0,    0,    0,    0,    0,    0,    0,    0,    0,    0,    0,    0,    0,    0,    0,    0,    0,    0,    0,    0,    0,    0,    0,    0,    0,    0,    0,    0,   -8,    0,    0,    0,    0,    0,    0,    0,    0,    0,    0,    0,    0,    0,    0,    0,    0,    0,    0,    0,    0,    0,    0,    0,    0,    0,    0,    0,    0,    0,    0,    0,    0,    0,    0,    0,    0,    0,    0,    0,    0,    0,    0,    0,    0,    0,    0,    0,    0,    0,    0,    0,    0,    0,    0,    0,    0,    0,    0,    0,    0,    0,    0,    0,    0,    0,    0,    0,    0,    0,    0,    0,    0,
       0,    5,    0,    0,    0,    0,    0,    0,    0,    0,    0,    0,   -5,    0,    0,    0,    0,    0,    0,    0,    0,    0,    0,    0,    0,   15,    0,    0,    0,    0,    0,    0,    0,    0,    0,    0,    0,    0,    0,    0,    0,    0,    0,    0,    0,    0,    0,    0,    0,    0,    0,    0,    0,    0,    0,    0,    0,    0,    0,    0,    0,    0,    0,    0,    0,    0,    0,    0,    0,    0,    0,    0,    0,    0,    0,    0,    0,    0,    0,    0,    0,    0,    0,    0,    0,    0,    0,    0,    5,    0,    0,   13,    0,   -4,    0,    0,    0,    0,    0,    0,    0,    0,    0,    0,    0,    0,    0,    0,    0,    0,    0,    0,
       0,    0,    0,    0,    0,    0,    0,    0,    0,    0,    0,    0,  -11,    0,    0,    0,    0,    0,    0,    0,    0,    0,    0,    0,    0,    0,    0,    0,    0,    0,    0,    0,    0,    0,    0,    0,    0,    0,    0,    0,    0,    0,    0,    0,    0,    0,    0,    0,    0,    0,    0,    0,    0,    0,    0,    0,    0,    0,    0,    0,    0,    0,    0,    0,    0,    0,    0,    0,    0,    0,    0,    0,    0,    0,    0,    0,    0,    0,    0,    0,    0,    0,    0,    0,    0,    0,    0,    0,    0,    0,    0,    0,   -5,    0,    0,    0,    0,    0,    0,    0,    0,    0,    0,    0,    0,    0,    0,    0,    0,    0,    0,    0,
       0,    0,    0,    0,    0,    0,    0,    0,    0,    0,    0,    0,    0,    0,    0,    0,    0,    0,    0,    0,    0,    0,    0,    0,    0,    0,    0,    0,    0,    0,    0,    0,    0,    0,    0,    0,    0,    0,    0,    0,    0,    0,    0,    0,    0,    0,    0,    0,    0,    0,    0,    0,    0,    0,    0,    0,    0,    0,    0,    0,    0,    0,    0,    0,    0,    0,    0,    0,    0,    0,    0,    0,    0,    0,    0,    0,    0,    0,    0,    0,    0,    0,    0,    0,    0,    0,    0,    0,    0,    0,    0,    0,    0,    0,    0,    0,    0,    0,   14,    0,    0,    0,    0,    0,    0,    0,    0,    0,    0,    0,    0,    0,
       0,    0,    0,    0,    0,    0,    0,    0,    0,    0,    0,    0,    0,    0,    0,    0,    0,    0,    0,    0,    0,    0,    0,    0,    0,    0,    0,    0,    0,    0,    0,    0,    0,    0,    0,    0,    0,    0,    0,    0,    0,    0,    0,    0,    0,    0,    0,    0,    0,    0,    0,    0,    0,    0,    0,    0,    0,    0,    0,    0,    0,    0,    0,    0,    0,    0,    0,    0,    0,    0,    0,    0,    0,    0,    0,    0,    0,    0,    0,    0,    0,    0,    0,    0,    0,    0,    0,    0,    0,    0,    0,    0,    0,    0,    0,    0,    0,  -16,    0,    0,    0,    0,   -5,  -16,  -40,    0,    0,    0,    0,    0,    0,    0,
       0,    0,    0,    0,    0,    0,    0,    0,    0,    0,    0,    0,    0,    0,    0,    0,    0,    0,    0,    0,    0,    0,    0,    0,    0,    0,    0,    0,    0,    0,    0,    0,    0,    0,    0,    0,    0,    0,    0,    0,    0,    0,    0,    0,    0,    0,    0,    0,    0,    0,    0,    0,    0,    0,    0,    0,    0,    0,    0,    0,    0,    0,    0,    0,    0,    0,    0,    0,    0,    0,    0,    0,    0,    0,    0,    0,    0,    0,    0,    0,    0,    0,    0,    0,    0,    0,    0,    0,    0,    0,    0,    0,    0,    0,    0,    0,    0,    0,    0,    0,   17,    0,    0,    0,    0,    0,    0,    0,    0,    0,    0,    0,
       0,    0,    0,    0,    0,    0,    0,    0,    0,    0,    0,    0,    0,    0,    0,    0,    0,    0,    0,    0,    0,    0,    0,    0,    0,    0,    0,    0,    0,    0,    0,    0,    0,    0,    0,    0,    0,    0,    0,    0,    0,    0,    0,    0,    0,    0,    0,    0,    0,    0,    0,    0,    0,    0,    0,    0,    0,    0,    0,    0,    0,    0,    0,    0,    0,    0,    0,    0,    0,    0,    0,    0,    0,    0,    0,    0,    0,    0,    0,    0,    0,    0,    0,    0,    0,    0,    0,    0,    0,    0,    0,    0,    0,    0,    0,    0,    0,    0,    0,    0,    0,    0,    0,    0,  -17,    0,    0,    0,    0,    0,    0,    0,
       0,    0,    0,    0,    0,    0,    0,    0,    0,    0,    0,    0,    0,    0,    0,    0,    0,    0,    0,    0,    0,    0,    0,    0,    0,    0,    0,    0,    0,    0,    0,    0,    0,    0,    0,    0,    0,    0,    0,    0,    0,    0,    0,    0,    0,    0,    0,    0,    0,    0,    0,    0,    0,    0,    0,    0,    0,    0,    0,    0,    0,    0,    0,    0,    0,    0,    0,    0,    0,    0,    0,    0,    0,    0,    0,    0,    0,    0,    0,    0,    0,    0,    0,    0,    0,    0,    0,    0,    0,    0,    0,    0,    0,    0,    0,    0,    0,    0,    0,    0,    0,    0,    0,    0,  -29,    0,    0,    0,    0,    0,    0,    0,
       0,    0,    0,    0,    0,    0,    0,    0,    0,    0,    0,    0,    0,    0,    0,    0,    0,    0,    0,    0,    0,    0,    0,    0,    0,    0,    0,    0,    0,    0,    0,    0,    0,    0,    0,    0,    0,    0,    0,    0,    0,    0,    0,    0,    0,    0,    0,    0,    0,    0,    0,    0,    0,    0,    0,    0,    0,    0,    0,    0,    0,    0,    0,    0,    0,    0,    0,    0,    0,    0,    0,    0,    0,    0,    0,    0,    0,    0,    0,    0,    0,    0,    0,    0,    0,    0,    0,    0,    0,    0,    0,    0,    0,    0,    0,    0,    0,  -34,  -24,  -13,    0,  -24,  -43,  -17,  -54,    0,    0,    0,    0,    0,    0,    0,
       0,    0,    0,    0,    0,    0,    0,    0,    0,    0,    0,    0,    0,    0,    0,    0,    0,    0,    0,    0,    0,    0,    0,    0,    0,    0,    0,    0,    0,    0,    0,    0,    0,    0,    0,    0,    0,    0,    0,    0,    0,    0,    0,    0,    0,    0,    0,    0,    0,    0,    0,    0,    0,    0,    0,    0,    0,    0,    0,    0,    0,    0,    0,    0,    0,    0,    0,    0,    0,    0,    0,    0,    0,    0,    0,    0,    0,    0,    0,    0,    0,    0,    0,    0,    0,    0,    0,    0,    0,    0,    0,    0,    0,    0,    0,    0,    0,    0,    0,    0,    0,    0,    0,    0,    0,    0,  -21,    0,    0,  -13,  -13,    0,
       0,    0,    0,    0,    0,    0,    0,    0,    0,    0,    0,    0,    0,    0,    0,    0,    0,    0,    0,    0,    0,    0,    0,    0,    0,    0,    0,    0,    0,    0,    0,    0,    0,    0,    0,    0,    0,    0,    0,    0,    0,    0,    0,    0,    0,    0,    0,    0,    0,    0,    0,    0,    0,    0,    0,    0,    0,    0,    0,    0,    0,    0,    0,    0,    0,    0,    0,    0,    0,    0,    0,    0,    0,    0,    0,    0,    0,    0,    0,    0,    0,    0,    0,    0,    0,    0,    0,    0,    0,    0,    0,    0,    0,    0,    0,    0,    0,    0,    0,    0,    0,    0,    0,    0,    0,   -5,    0,    0,    0,    0,   -5,    0,
       0,    0,    0,    0,    0,    0,    0,    0,    0,    0,    0,    0,    0,    0,    0,    0,    0,    0,    0,    0,    0,    0,    0,    0,    0,    0,    0,    0,    0,    0,    0,    0,    0,    0,    0,    0,    0,    0,    0,    0,    0,    0,    0,    0,    0,    0,    0,    0,    0,    0,    0,    0,    0,    0,    0,    0,    0,    0,    0,    0,    0,    0,    0,    0,    0,    0,    0,    0,    0,    0,    0,    0,    0,    0,    0,    0,    0,    0,    0,    0,    0,    0,    0,    0,    0,    0,    0,    0,    0,    0,    0,    0,    0,    0,    0,    0,    0,    0,    0,    0,    0,    0,    0,    0,    0,    0,   -5,    0,    0,   -5,    0,    0,
       0,    0,    0,    0,    0,    0,    0,    0,    0,    0,    0,    0,    0,    0,    0,    0,    0,    0,    0,    0,    0,    0,    0,    0,    0,    0,    0,    0,    0,    0,    0,    0,    0,    0,    0,    0,    0,    0,    0,    0,    0,    0,    0,    0,    0,    0,    0,    0,    0,    0,    0,    0,    0,    0,    0,    0,    0,    0,    0,    0,    0,    0,    0,    0,    0,    0,    0,    0,    0,    0,    0,    0,    0,    0,    0,    0,    0,    0,    0,    0,    0,    0,    0,    0,    0,    0,    0,    0,    0,    0,    0,    0,    0,    0,    0,    0,    0,    0,    0,    0,    0,    0,    0,    0,    0,    0,   -5,    0,    0,  -11,    0,    0,
       0,    0,    0,    0,    0,    0,    0,    0,    0,    0,    0,    0,    0,    0,    0,    0,    0,    0,    0,    0,    0,    0,    0,    0,    0,    0,    0,    0,    0,    0,    0,    0,    0,    0,    0,    0,    0,    0,    0,    0,    0,    0,    0,    0,    0,    0,    0,    0,    0,    0,    0,    0,    0,    0,    0,    0,    0,    0,    0,    0,    0,    0,    0,    0,    0,    0,    0,    0,    0,    0,    0,    0,    0,    0,    0,    0,    0,    0,    0,    0,    0,    0,    0,    0,    0,    0,    0,    0,    0,    0,    0,    0,    0,    0,    0,    0,    0,    0,    0,    0,    0,    0,    0,    0,    0,  -29,    0,    0,  -13,    0,  -16,    0,
       0,    0,    0,    0,    0,    0,    0,    0,    0,    0,    0,    0,    0,    0,    0,    0,    0,    0,    0,    0,    0,    0,    0,    0,    0,    0,    0,    0,    0,    0,    0,    0,    0,    0,    0,    0,    0,    0,    0,    0,    0,    0,    0,    0,    0,    0,    0,    0,    0,    0,    0,    0,    0,    0,    0,    0,    0,    0,    0,    0,    0,    0,    0,    0,    0,    0,    0,    0,    0,    0,    0,    0,    0,    0,    0,    0,    0,    0,    0,    0,    0,    0,    0,    0,    0,    0,    0,    0,    0,    0,    0,    0,    0,    0,    0,    0,    0,    0,    0,    0,    0,    0,    0,    0,    0,  -13,    0,    0,    0,    0,  -11,   -8,
       0,    0,    0,    0,    0,    0,    0,    0,    0,    0,    0,    0,    0,    0,    0,    0,    0,    0,    0,    0,    0,    0,    0,    0,    0,    0,    0,    0,    0,    0,    0,    0,    0,    0,    0,    0,    0,    0,    0,    0,    0,    0,    0,    0,    0,    0,    0,    0,    0,    0,    0,    0,    0,    0,    0,    0,    0,    0,    0,    0,    0,    0,    0,    0,    0,    0,    0,    0,    0,    0,    0,    0,    0,    0,    0,    0,    0,    0,    0,    0,    0,    0,    0,    0,    0,    0,    0,    0,    0,    0,    0,    0,    0,    0,    0,    0,    0,    0,    0,    0,    0,    0,    0,    0,    0,  -13,  -24,   11,    0,  -13,    0,    0,
       0,    0,    0,    0,    0,    0,    0,    0,    0,    0,    0,    0,    0,    0,    0,    0,    0,    0,    0,    0,    0,    0,    0,    0,    0,    0,    0,    0,    0,    0,    0,    0,    0,    0,    0,    0,    0,    0,    0,    0,    0,    0,    0,    0,    0,    0,    0,    0,    0,    0,    0,    0,    0,    0,    0,    0,    0,    0,    0,    0,    0,    0,    0,    0,    0,    0,    0,    0,    0,    0,    0,    0,    0,    0,    0,    0,    0,    0,    0,    0,    0,    0,    0,    0,    0,    0,    0,    0,    0,    0,    0,    0,    0,    0,    0,    0,    0,    0,    0,    0,    0,    0,    0,    0,    0,  -13,    0,    0,    0,    0,    0,    0,
       0,    0,    0,    0,    0,    0,    0,    0,    0,    0,    0,    0,    0,    0,    0,    0,    0,    0,    0,    0,    0,    0,    0,    0,    0,    0,    0,    0,    0,    0,    0,    0,    0,    0,    0,    0,    0,    0,    0,    0,    0,    0,    0,    0,    0,    0,    0,    0,    0,    0,    0,    0,    0,    0,    0,    0,    0,    0,    0,    0,    0,    0,    0,    0,    0,    0,    0,    0,    0,    0,    0,    0,    0,    0,    0,    0,    0,    0,    0,    0,    0,    0,    0,    0,    0,    0,    0,    0,    0,    0,    0,    0,    0,    0,    0,    0,    0,    0,    0,    0,    0,    0,    0,    0,    0,  -11,   -5,    0,    0,  -19,    0,    0,
       0,    7,    0,   -5,    0,   -7,    7,    7,  -11,  -18,  -11,  -18,  -19,    0,  -13,    0,    0,    0,    0,    0,   10,    0,    0,    0,    0,    3,   -7,  -13,    0,   -5,    0,    0,    9,    4,   11,    7,    7,    7,    0,    0,   11,  -29,  -11,    0,   -7,    0,   -5,    0,    0,    0,   -5,   -5,    0,    0,   -5,    0,    0,   -5,   -5,    0,    7,    0,   -7,    0,   -7,    0,  -22,    0,    0,    0,    0,    0,    0,    0,    0,    0,    7,    0,    0,    0,    0,    0,    0,    0,    0,    0,    0,    0,    0,    0,    0,    0,    0,    0,    0,    0,    0,    0,    0,    0,    0,    0,    0,    0,    0,    0,    0,    0,    0,    0,    0,    0,
       0,    0,    0,    0,    0,    0,    0,    0,    0,  -11,    0,  -11,  -13,    0,    0,    0,    0,    0,    0,    0,    0,    0,    0,    8,    0,    0,    0,    0,    0,    0,    0,    0,    0,    0,    0,    0,    0,    0,    0,  -11,    0,  -16,    0,    0,    0,    0,    0,    0,    0,    0,    0,    0,    0,    0,    0,    0,    0,    0,    0,    0,    0,    0,    0,    0,    0,    0,    0,    0,    0,    0,    0,    0,    0,    0,    0,    0,    0,    0,    0,    0,    0,    0,    0,    0,    0,    0,    0,    0,    0,    0,   -5,    0,   -7,    0,    0,    0,    0,    0,    0,    0,    0,    0,    0,    0,    0,    0,    0,    0,    0,    0,    0,    0,
       0,    0,    0,    0,    0,    0,    0,    0,    0,  -11,    0,  -11,  -13,    0,    0,    0,    0,    0,    0,    0,    0,    0,    0,    8,    0,    0,    0,    0,    0,    0,    0,    0,    0,    0,    0,    0,    0,    0,    0,  -11,    0,  -16,    0,    0,    0,    0,    0,    0,    0,    0,    0,    0,    0,    0,    0,    0,    0,    0,    0,    0,    0,    0,    0,    0,    0,    0,    0,    0,    0,    0,    0,    0,    0,    0,    0,    0,    0,    0,    0,    0,    0,    0,    0,    0,    0,    0,    0,    0,    0,    0,   -5,    0,   -7,    1,    0,    0,    0,    0,    0,    0,    0,    0,    0,    0,    0,    0,    0,    0,    0,    0,    0,    0,
};

static const EpdLigaturePair firago_16_semiboldLigaturePairs[] = {
    { 0xFEDFFE82, 0xFEF5 }, // U+FEDF U+FE82 -> U+FEF5
    { 0xFEDFFE84, 0xFEF7 }, // U+FEDF U+FE84 -> U+FEF7
    { 0xFEDFFE88, 0xFEF9 }, // U+FEDF U+FE88 -> U+FEF9
    { 0xFEDFFE8E, 0xFEFB }, // U+FEDF U+FE8E -> U+FEFB
    { 0xFEE0FE82, 0xFEF6 }, // U+FEE0 U+FE82 -> U+FEF6
    { 0xFEE0FE84, 0xFEF8 }, // U+FEE0 U+FE84 -> U+FEF8
    { 0xFEE0FE88, 0xFEFA }, // U+FEE0 U+FE88 -> U+FEFA
    { 0xFEE0FE8E, 0xFEFC }, // U+FEE0 U+FE8E -> U+FEFC
};

static const EpdFontData firago_16_semibold = {
    firago_16_semiboldBitmaps,
    firago_16_semiboldGlyphs,
    firago_16_semiboldIntervals,
    200,
    40,
    32,
    -9,
    false,
    nullptr,
    0,
    nullptr,
    firago_16_semiboldKernLeftClasses,
    firago_16_semiboldKernRightClasses,
    firago_16_semiboldKernMatrix,
    503,
    569,
    132,
    112,
    firago_16_semiboldLigaturePairs,
    8,
};
