/**
 * generated by fontconvert.py
 * name: firago_8_semibold
 * size: 8
 * mode: 1-bit
 * Command used: /Users/vans/Documents/xteink x4/lib/EpdFont/scripts/fontconvert.py firago_8_semibold 8 /Users/vans/Documents/xteink x4/lib/EpdFont/scripts/downloaded_fonts/FiraGO/FiraGO-SemiBold.ttf --codepoints-file /Users/vans/Documents/xteink x4/build/ui-fonts/firago-ui-codepoints.txt --force-autohint --pnum --mono-threshold 6
 */
#pragma once
#include "EpdFontData.h"

static const uint8_t firago_8_semiboldBitmaps[12811] = {
    0xFF, 0xFF, 0xF8, 0xDF, 0x00, 0xFF, 0xFF, 0xFF, 0x33, 0x19, 0x9F, 0xEF, 0xF3, 0x61, 0xB1, 0xD9,
    0xFE, 0xFF, 0x33, 0x19, 0x80, 0x0C, 0x06, 0x07, 0x87, 0xE7, 0x13, 0x81, 0xE0, 0x7E, 0x1F, 0x81,
    0xC0, 0xEC, 0x77, 0xF0, 0xE0, 0x30, 0x18, 0x00, 0x03, 0xC3, 0x3F, 0x31, 0x9B, 0x8C, 0xD8, 0x7F,
    0x81, 0xDF, 0xC0, 0xFF, 0x0D, 0x98, 0xEC, 0xCE, 0x7E, 0x61, 0xE0, 0x00, 0x00, 0x3C, 0x0F, 0xC3,
    0x9C, 0x33, 0x07, 0xC0, 0x79, 0x9F, 0xB7, 0x3E, 0xE3, 0x9F, 0xFD, 0xFB, 0x00, 0xFF, 0xF0, 0x00,
    0x8E, 0xE6, 0x73, 0x9C, 0xE7, 0x39, 0xCE, 0x31, 0xC6, 0x38, 0x00, 0x01, 0x86, 0x0C, 0x38, 0xE1,
    0x86, 0x1C, 0x71, 0xC6, 0x38, 0xE3, 0x1C, 0x60, 0x00, 0x18, 0x18, 0xFE, 0x7E, 0x3C, 0x6C, 0x20,
    0x38, 0x70, 0xE7, 0xFF, 0xE7, 0x0E, 0x00, 0x67, 0x66, 0x40, 0xFF, 0xC0, 0xDF, 0x00, 0x00, 0x18,
    0x30, 0xE1, 0xC3, 0x06, 0x1C, 0x30, 0x60, 0xC3, 0x86, 0x0C, 0x38, 0x30, 0x3C, 0x3F, 0xB9, 0xDC,
    0x6E, 0x3F, 0x1F, 0x8F, 0xC6, 0xE7, 0x3F, 0x8F, 0x00, 0x1E, 0xFD, 0xFA, 0x70, 0xE1, 0xC3, 0x87,
    0x0E, 0x1C, 0x38, 0x3C, 0xFE, 0x47, 0x07, 0x06, 0x0E, 0x1C, 0x38, 0x70, 0xFF, 0xFF, 0x3E, 0x3F,
    0x80, 0xE0, 0xE1, 0xE0, 0xF8, 0x0C, 0x07, 0x43, 0x3F, 0x8F, 0x80, 0x00, 0x18, 0x38, 0x30, 0x70,
    0x66, 0x66, 0xEE, 0xFF, 0xFF, 0x0E, 0x0E, 0x7F, 0x7E, 0x70, 0x7C, 0x7E, 0x67, 0x07, 0x07, 0x47,
    0xFE, 0x7C, 0x3E, 0x7E, 0x60, 0xFC, 0xFE, 0xE7, 0xE7, 0xE7, 0xE7, 0x7E, 0x3C, 0xFF, 0xFC, 0x38,
    0x61, 0xC3, 0x0E, 0x1C, 0x30, 0xE1, 0x80, 0x00, 0x3E, 0x3F, 0xB9, 0xCC, 0xE7, 0xE1, 0xF3, 0x9D,
    0xC7, 0xE3, 0x7F, 0x8F, 0x80, 0x3C, 0x7E, 0xE7, 0xE7, 0xE7, 0xE7, 0x7F, 0x37, 0x0E, 0x1E, 0x78,
    0x70, 0x00, 0xDF, 0x00, 0x37, 0xC0, 0x67, 0x60, 0x00, 0x67, 0x66, 0x40, 0x00, 0x0E, 0x3E, 0xF8,
    0xE0, 0xF8, 0x3E, 0x0E, 0x00, 0xFF, 0xFC, 0x07, 0xFF, 0xE0, 0x00, 0x70, 0x7C, 0x1F, 0x07, 0x1F,
    0x7C, 0x70, 0x00, 0x7C, 0xFE, 0x47, 0x0E, 0x1C, 0x38, 0x38, 0x00, 0x30, 0x38, 0x30, 0x07, 0xE0,
    0x1F, 0xF8, 0x38, 0x1C, 0x73, 0xCE, 0xE7, 0xE6, 0xEE, 0xE7, 0xEE, 0xE7, 0xEE, 0xE6, 0xEE, 0xEE,
    0xEF, 0xFE, 0xE7, 0xBC, 0x70, 0x00, 0x38, 0x00, 0x1F, 0xF0, 0x07, 0xE0, 0x0F, 0x01, 0xE0, 0x7C,
    0x0F, 0xC1, 0xB8, 0x73, 0x0E, 0x71, 0xFE, 0x3F, 0xCE, 0x1D, 0xC3, 0x80, 0xFE, 0x7F, 0xB9, 0xDC,
    0xEF, 0xE7, 0xF3, 0x9D, 0xC7, 0xE3, 0x7F, 0xBF, 0x80, 0x1F, 0x3F, 0x9C, 0x1C, 0x0E, 0x07, 0x03,
    0x81, 0xC0, 0x70, 0x3F, 0x87, 0xC0, 0xFC, 0x7F, 0xB9, 0xFC, 0x7E, 0x3F, 0x1F, 0x8F, 0xC7, 0xE7,
    0x7F, 0xBF, 0x00, 0xFF, 0xFF, 0x87, 0x0F, 0xDF, 0xB8, 0x70, 0xE1, 0xFF, 0xF8, 0xFF, 0xFF, 0x87,
    0x0F, 0xDF, 0xB8, 0x70, 0xE1, 0xC3, 0x80, 0x1F, 0x1F, 0xE7, 0x03, 0x80, 0xE7, 0xB9, 0xFE, 0x1F,
    0x87, 0xE1, 0xDF, 0xF3, 0xF0, 0xE3, 0xF1, 0xF8, 0xFC, 0x7F, 0xFF, 0xFF, 0x8F, 0xC7, 0xE3, 0xF1,
    0xF8, 0xE0, 0xFF, 0xFF, 0xFF, 0xFF, 0x80, 0x39, 0xCE, 0x73, 0x9C, 0xE7, 0x39, 0xCE, 0xEF, 0x20,
    0x00, 0xE3, 0xB9, 0xCE, 0xE3, 0xB0, 0xFC, 0x3F, 0x0F, 0xC3, 0xB8, 0xE7, 0x39, 0xCE, 0x38, 0xE0,
    0xE0, 0xE0, 0xE0, 0xE0, 0xE0, 0xE0, 0xE0, 0xE0, 0xFE, 0xFE, 0x78, 0xE3, 0xC7, 0x1E, 0x7C, 0xF3,
    0xE6, 0xDF, 0x36, 0xF9, 0xBD, 0xCD, 0xEE, 0x67, 0x77, 0x3B, 0xB8, 0x1C, 0xF3, 0xF9, 0xFC, 0xFF,
    0x7F, 0xBF, 0xFF, 0xBF, 0xDF, 0xEF, 0xF3, 0xF9, 0xE0, 0x3F, 0x1F, 0xE6, 0x1B, 0x87, 0xE1, 0xF8,
    0x7E, 0x1F, 0x87, 0x61, 0x9F, 0xE3, 0xF0, 0xFE, 0x7F, 0xB8, 0xDC, 0x7E, 0x77, 0xFB, 0xF9, 0xC0,
    0xE0, 0x70, 0x38, 0x00, 0x3F, 0x0F, 0xF1, 0x86, 0x70, 0xEE, 0x1D, 0xC3, 0xB8, 0x77, 0x0E, 0x61,
    0x8F, 0xE0, 0xFF, 0x00, 0xE0, 0x0C, 0x00, 0x00, 0xFC, 0x7F, 0xB9, 0xDC, 0xEE, 0x77, 0xF3, 0xF1,
    0xDC, 0xEE, 0x73, 0xB8, 0xE0, 0x3F, 0x3F, 0xDC, 0x4E, 0x07, 0xC0, 0xF8, 0x1E, 0x07, 0x43, 0xBF,
    0xCF, 0x80, 0xFF, 0xFF, 0x87, 0x03, 0x81, 0xC0, 0xE0, 0x70, 0x38, 0x1C, 0x0E, 0x07, 0x00, 0xE3,
    0xF1, 0xF8, 0xFC, 0x7E, 0x3F, 0x1F, 0x8F, 0xC7, 0xE3, 0xBF, 0x8F, 0x80, 0x70, 0xEE, 0x19, 0xC7,
    0x18, 0xE3, 0x98, 0x73, 0x06, 0xE0, 0xF8, 0x1F, 0x01, 0xE0, 0x3C, 0x00, 0xE3, 0x9F, 0x9E, 0x76,
    0x79, 0x99, 0xE6, 0x67, 0x99, 0xDE, 0xE7, 0xCF, 0x9F, 0x3E, 0x3C, 0xF0, 0xF3, 0xC3, 0xCF, 0x00,
    0x71, 0xC7, 0x30, 0x6E, 0x0F, 0x80, 0xF0, 0x1E, 0x07, 0xC0, 0xDC, 0x3B, 0x86, 0x39, 0xC7, 0x00,
    0xE1, 0xCE, 0x30, 0xCE, 0x1D, 0x81, 0xF0, 0x3C, 0x03, 0x80, 0x70, 0x0E, 0x01, 0xC0, 0x38, 0x00,
    0x7F, 0x9F, 0xE0, 0x78, 0x1C, 0x0E, 0x07, 0x03, 0xC0, 0xE0, 0x70, 0x3F, 0xEF, 0xF8, 0xFF, 0xEE,
    0xEE, 0xEE, 0xEE, 0xEE, 0xEE, 0xFF, 0x01, 0xC1, 0x83, 0x07, 0x0E, 0x0C, 0x18, 0x38, 0x70, 0x60,
    0xC1, 0xC1, 0x83, 0x06, 0xF7, 0xCE, 0x73, 0x9C, 0xE7, 0x39, 0xCE, 0x73, 0x9F, 0xFF, 0x1C, 0x1F,
    0x0D, 0x8E, 0x66, 0x38, 0xFF, 0xFF, 0x03, 0x9E, 0x00, 0x7C, 0x3F, 0x01, 0xC7, 0xEF, 0xF7, 0x3B,
    0x9D, 0xFE, 0x7B, 0x00, 0x00, 0xE0, 0xE0, 0xE0, 0xFE, 0xFE, 0xE7, 0xE7, 0xE7, 0xE7, 0xE7, 0xFE,
    0xFC, 0x3E, 0x7E, 0xE0, 0xE0, 0xE0, 0xE0, 0xE0, 0x7E, 0x3C, 0x00, 0x07, 0x07, 0x07, 0x3F, 0x7F,
    0xE7, 0xE7, 0xE7, 0xE7, 0xE7, 0x7F, 0x7B, 0x3C, 0x7E, 0xE7, 0xFF, 0xFF, 0xE0, 0xE0, 0x7F, 0x3E,
    0x1E, 0x3E, 0x38, 0xFE, 0xFC, 0x38, 0x38, 0x38, 0x38, 0x38, 0x38, 0x38, 0x00, 0x00, 0x61, 0xFD,
    0xFC, 0x73, 0x1C, 0xE7, 0x70, 0xFC, 0x3E, 0x1F, 0xC3, 0xF8, 0x07, 0xE1, 0xDF, 0xE3, 0xF0, 0x00,
    0xE0, 0xE0, 0xE0, 0xFE, 0xFE, 0xE7, 0xE7, 0xE7, 0xE7, 0xE7, 0xE7, 0xE7, 0xDF, 0x0F, 0xFF, 0xFF,
    0xFE, 0x31, 0xCC, 0x03, 0x9C, 0xE7, 0x39, 0xCE, 0x73, 0x99, 0xCC, 0x00, 0xC0, 0x70, 0x38, 0x1C,
    0x0E, 0x77, 0x73, 0xB1, 0xF0, 0xF8, 0x7E, 0x3B, 0x9D, 0xCE, 0x70, 0xCE, 0xEE, 0xEE, 0xEE, 0xEE,
    0xEF, 0x70, 0xDC, 0xEF, 0xFE, 0xEE, 0x7E, 0xE7, 0xEE, 0x7E, 0xE7, 0xEE, 0x7E, 0xE7, 0xEE, 0x70,
    0xDE, 0xFE, 0xE7, 0xE7, 0xE7, 0xE7, 0xE7, 0xE7, 0xE7, 0x3E, 0x3F, 0xB9, 0xDC, 0x7E, 0x3F, 0x1B,
    0x9C, 0xFE, 0x3E, 0x00, 0xDE, 0xFE, 0xE7, 0xE7, 0xE7, 0xE7, 0xE7, 0xFE, 0xFC, 0xE0, 0xE0, 0xE0,
    0x00, 0x3F, 0x7F, 0xE7, 0xE7, 0xE7, 0xE7, 0xE7, 0x7F, 0x7F, 0x07, 0x07, 0x07, 0x00, 0xDF, 0xEE,
    0x38, 0xE3, 0x8E, 0x38, 0xE0, 0x3E, 0x7F, 0x70, 0x78, 0x3E, 0x07, 0x07, 0x7F, 0x3E, 0x00, 0x38,
    0x38, 0xFE, 0xFC, 0x38, 0x38, 0x38, 0x38, 0x38, 0x3E, 0x1E, 0xE7, 0xE7, 0xE7, 0xE7, 0xE7, 0xE7,
    0xE7, 0xFF, 0x77, 0x71, 0x9C, 0x63, 0x38, 0xEE, 0x3B, 0x06, 0xC1, 0xF0, 0x78, 0x0E, 0x00, 0xE7,
    0x37, 0x39, 0x9B, 0xDC, 0xDE, 0xE6, 0xF6, 0x3E, 0xF1, 0xF7, 0x87, 0x3C, 0x39, 0xE0, 0x73, 0x8E,
    0xC1, 0xF0, 0x78, 0x1E, 0x07, 0xC3, 0xF0, 0xCE, 0x73, 0x80, 0x71, 0xDC, 0x63, 0x38, 0xCE, 0x3B,
    0x06, 0xC1, 0xF0, 0x78, 0x1E, 0x03, 0x81, 0xC0, 0xF0, 0x30, 0x00, 0x7F, 0x3F, 0x83, 0x81, 0xC1,
    0xC1, 0xC1, 0xC1, 0xFE, 0xFF, 0x00, 0x3B, 0xDC, 0xE7, 0x39, 0x9C, 0xE3, 0x9C, 0xE7, 0x39, 0xE7,
    0xFF, 0xFF, 0xFF, 0xFF, 0xFF, 0xF8, 0xF3, 0xC3, 0x8E, 0x38, 0xE3, 0x87, 0x3C, 0xE3, 0x8E, 0x38,
    0xEF, 0x3C, 0x30, 0x3F, 0x93, 0x80, 0xDF, 0x00, 0x3F, 0xFF, 0xFE, 0x00, 0x04, 0x63, 0x39, 0xDC,
    0xE7, 0x3B, 0x8E, 0x71, 0xCC, 0x3B, 0x84, 0x40, 0x33, 0xEC, 0xF3, 0xFD, 0xE0, 0xDF, 0x00, 0x7D,
    0xDF, 0x1E, 0x3E, 0xEF, 0x80, 0x00, 0x01, 0xFC, 0x00, 0x00, 0x19, 0x86, 0x71, 0xCE, 0x3B, 0x8E,
    0x73, 0xB9, 0xDC, 0x66, 0x10, 0x00, 0x18, 0x1C, 0x18, 0x00, 0x00, 0x1C, 0x1C, 0x78, 0xF0, 0xE0,
    0xE6, 0xFE, 0x7C, 0x00, 0x01, 0x80, 0x3C, 0x01, 0x80, 0x00, 0x1E, 0x03, 0xC0, 0xF8, 0x1F, 0x83,
    0x70, 0xE6, 0x1C, 0xE3, 0xFC, 0x7F, 0x9C, 0x3B, 0x87, 0x00, 0x00, 0x60, 0x3C, 0x06, 0x00, 0x00,
    0x1E, 0x03, 0xC0, 0xF8, 0x1F, 0x83, 0x70, 0xE6, 0x1C, 0xE3, 0xFC, 0x7F, 0x9C, 0x3B, 0x87, 0x06,
    0x01, 0xE0, 0x7E, 0x08, 0x80, 0x00, 0x1E, 0x03, 0xC0, 0xF8, 0x1F, 0x83, 0x70, 0xE6, 0x1C, 0xE3,
    0xFC, 0x7F, 0x9C, 0x3B, 0x87, 0x33, 0x06, 0x60, 0x00, 0x00, 0x01, 0xE0, 0x3C, 0x07, 0xC1, 0xD8,
    0x3B, 0x06, 0x71, 0xCE, 0x3F, 0xC7, 0xFD, 0xC3, 0xB8, 0x30, 0x1C, 0x04, 0x81, 0x60, 0x70, 0x00,
    0x07, 0x81, 0xE0, 0x78, 0x3F, 0x0D, 0xC3, 0x31, 0xCE, 0x7F, 0x9F, 0xEE, 0x1B, 0x87, 0x0F, 0xF8,
    0x3F, 0xE1, 0xF8, 0x07, 0xE0, 0x1B, 0xF8, 0xE7, 0xE3, 0x98, 0x1F, 0xF0, 0x7F, 0xC1, 0x87, 0xFE,
    0x0F, 0xC0, 0x1F, 0x3F, 0x9C, 0x1C, 0x0E, 0x07, 0x03, 0x81, 0xC0, 0xE0, 0x38, 0x8F, 0xE3, 0xC0,
    0xE0, 0x38, 0x78, 0x3C, 0x00, 0x30, 0xF3, 0x80, 0x1F, 0xFF, 0xF0, 0xE1, 0xFB, 0xF7, 0x0E, 0x1C,
    0x3F, 0xFF, 0x10, 0x71, 0xF2, 0x20, 0x1F, 0xFF, 0xF0, 0xE1, 0xFB, 0xF7, 0x0E, 0x1C, 0x3F, 0xFF,
    0x00, 0x67, 0x98, 0x00, 0xE3, 0x8E, 0x38, 0xE3, 0x8E, 0x38, 0xE3, 0x8E, 0x30, 0xF3, 0xF2, 0x20,
    0x07, 0x0E, 0x1C, 0x38, 0x70, 0xE1, 0xC3, 0x87, 0x0E, 0x1C, 0x18, 0x07, 0x00, 0xE0, 0x00, 0x3F,
    0x1F, 0xE6, 0x1B, 0x87, 0xE1, 0xF8, 0x7E, 0x1F, 0x87, 0x61, 0x9F, 0xE3, 0xF0, 0x06, 0x03, 0x81,
    0xC0, 0x00, 0x3F, 0x1F, 0xE6, 0x1B, 0x87, 0xE1, 0xF8, 0x7E, 0x1F, 0x87, 0x61, 0x9F, 0xE3, 0xF0,
    0x00, 0x0C, 0xC3, 0x30, 0x00, 0x00, 0x0F, 0xC7, 0xF9, 0x86, 0xE1, 0xF8, 0x7E, 0x1F, 0x87, 0xE1,
    0xD8, 0x67, 0xF8, 0xFC, 0x03, 0x00, 0xC3, 0xF1, 0xFE, 0x67, 0xB9, 0x7E, 0x5F, 0xB7, 0xE9, 0xFA,
    0x77, 0x99, 0xFE, 0x3F, 0x0C, 0x03, 0x00, 0x00, 0x0C, 0x0F, 0x01, 0xC0, 0x07, 0x1F, 0x8F, 0xC7,
    0xE3, 0xF1, 0xF8, 0xFC, 0x7E, 0x3F, 0x1D, 0xFC, 0x7C, 0x00, 0x06, 0x07, 0x87, 0x00, 0x07, 0x1F,
    0x8F, 0xC7, 0xE3, 0xF1, 0xF8, 0xFC, 0x7E, 0x3F, 0x1D, 0xFC, 0x7C, 0x00, 0x33, 0x19, 0x80, 0x00,
    0x07, 0x1F, 0x8F, 0xC7, 0xE3, 0xF1, 0xF8, 0xFC, 0x7E, 0x3F, 0x1D, 0xFC, 0x7C, 0x00, 0x00, 0xC0,
    0x78, 0x0C, 0x00, 0x01, 0xC3, 0x9C, 0x61, 0x9C, 0x3B, 0x03, 0xE0, 0x78, 0x07, 0x00, 0xE0, 0x1C,
    0x03, 0x80, 0x70, 0x7C, 0x7F, 0x3B, 0x9D, 0xCF, 0xC7, 0xE3, 0xF9, 0xDE, 0xE3, 0x71, 0xFF, 0xDF,
    0xC0, 0x00, 0x1C, 0x0F, 0x00, 0x80, 0x03, 0xE1, 0xF8, 0x0E, 0x3F, 0x7F, 0xB9, 0xDC, 0xEF, 0xF3,
    0xD8, 0x00, 0x0E, 0x0F, 0x04, 0x00, 0x03, 0xE1, 0xF8, 0x0E, 0x3F, 0x7F, 0xB9, 0xDC, 0xEF, 0xF3,
    0xD8, 0x18, 0x1E, 0x1F, 0x80, 0x00, 0x03, 0xE1, 0xF8, 0x0E, 0x3F, 0x7F, 0xB9, 0xDC, 0xEF, 0xF3,
    0xD8, 0x36, 0x3F, 0x03, 0x00, 0x07, 0xC3, 0xF0, 0x1C, 0x7E, 0xFF, 0x73, 0xB9, 0xDF, 0xE7, 0xB0,
    0x66, 0x33, 0x00, 0x00, 0x07, 0xC3, 0xF0, 0x1C, 0x7E, 0xFF, 0x73, 0xB9, 0xDF, 0xE7, 0xB0, 0x38,
    0x12, 0x0B, 0x07, 0x00, 0x03, 0xE1, 0xF8, 0x0E, 0x3F, 0x7F, 0xB9, 0xDC, 0xEF, 0xF3, 0xD8, 0x7D,
    0xE3, 0xFF, 0x81, 0xCE, 0x7F, 0xFF, 0xFF, 0xF3, 0x83, 0x9C, 0x1F, 0xFF, 0x79, 0xF0, 0x3E, 0x7E,
    0xE0, 0xE0, 0xE0, 0xE0, 0xE0, 0xE0, 0x7E, 0x1C, 0x1C, 0x0E, 0x3C, 0x18, 0x00, 0x38, 0x3C, 0x04,
    0x00, 0x3C, 0x7E, 0xE7, 0xFF, 0xFF, 0xE0, 0xE0, 0x7F, 0x3E, 0x00, 0x1C, 0x3C, 0x20, 0x00, 0x3C,
    0x7E, 0xE7, 0xFF, 0xFF, 0xE0, 0xE0, 0x7F, 0x3E, 0x18, 0x3C, 0x7E, 0x00, 0x00, 0x3C, 0x7E, 0xE7,
    0xFF, 0xFF, 0xE0, 0xE0, 0x7F, 0x3E, 0x66, 0x66, 0x00, 0x00, 0x3C, 0x7E, 0xE7, 0xFF, 0xFF, 0xE0,
    0xE0, 0x7E, 0x3E, 0x47, 0x9E, 0x00, 0x39, 0xCE, 0x73, 0x9C, 0xE7, 0x38, 0x08, 0xE7, 0x00, 0x00,
    0xE3, 0x8E, 0x38, 0xE3, 0x8E, 0x38, 0xE0, 0x30, 0xF3, 0xB0, 0x00, 0x07, 0x0E, 0x1C, 0x38, 0x70,
    0xE1, 0xC3, 0x87, 0x00, 0xCD, 0x98, 0x00, 0x03, 0x87, 0x0E, 0x1C, 0x38, 0x70, 0xE1, 0xC3, 0x80,
    0x34, 0x7E, 0x4C, 0x00, 0xDE, 0xFE, 0xE7, 0xE7, 0xE7, 0xE7, 0xE7, 0xE7, 0xE7, 0x10, 0x1C, 0x07,
    0x80, 0x80, 0x01, 0xF1, 0xFD, 0xCE, 0xE3, 0xF1, 0xF8, 0xDC, 0xE7, 0xF1, 0xF0, 0x00, 0x0E, 0x0F,
    0x04, 0x00, 0x01, 0xF1, 0xFD, 0xCE, 0xE3, 0xF1, 0xF8, 0xDC, 0xE7, 0xF1, 0xF0, 0x18, 0x1E, 0x1F,
    0x80, 0x40, 0x01, 0xF1, 0xFD, 0xCE, 0xE3, 0xF1, 0xF8, 0xDC, 0xE7, 0xF1, 0xF0, 0x3A, 0x3F, 0x0B,
    0x00, 0x03, 0xE3, 0xFB, 0x9D, 0xC7, 0xE3, 0xF1, 0xB9, 0xCF, 0xE3, 0xE0, 0x66, 0x33, 0x00, 0x00,
    0x03, 0xE3, 0xFB, 0x9D, 0xC7, 0xE3, 0xF1, 0xB9, 0xCF, 0xE3, 0xE0, 0x06, 0x03, 0x0F, 0x8F, 0xEE,
    0xF7, 0x5B, 0xAF, 0xF6, 0xF7, 0x3F, 0x8F, 0x8E, 0x02, 0x00, 0x20, 0x38, 0x1C, 0x00, 0x00, 0xE7,
    0xE7, 0xE7, 0xE7, 0xE7, 0xE7, 0xE7, 0xFF, 0x77, 0x08, 0x3C, 0x78, 0x00, 0x00, 0xE7, 0xE7, 0xE7,
    0xE7, 0xE7, 0xE7, 0xE7, 0xFF, 0x77, 0x66, 0x66, 0x00, 0x00, 0xE7, 0xE7, 0xE7, 0xE7, 0xE7, 0xE7,
    0xE7, 0xFF, 0x77, 0x02, 0x03, 0x81, 0xC0, 0x00, 0x00, 0x1C, 0x77, 0x18, 0xCE, 0x33, 0x8E, 0xC1,
    0xB0, 0x7C, 0x1E, 0x07, 0x80, 0xE0, 0x70, 0x3C, 0x0C, 0x00, 0x00, 0x33, 0x0F, 0x03, 0x00, 0x03,
    0xE1, 0xF8, 0x0E, 0x3F, 0x7F, 0xB9, 0xDC, 0xEF, 0xF3, 0xD8, 0x7C, 0x3F, 0x01, 0xC7, 0xEF, 0xF7,
    0x3B, 0x9D, 0xFE, 0x7B, 0x03, 0x03, 0x01, 0xE0, 0x60, 0x00, 0x1C, 0x3C, 0x20, 0x00, 0x3E, 0x7E,
    0xE0, 0xE0, 0xE0, 0xE0, 0xE0, 0x7E, 0x3C, 0x00, 0x1F, 0x87, 0x81, 0x80, 0x00, 0xF9, 0xFC, 0xE0,
    0xE0, 0x70, 0x38, 0x1C, 0x0E, 0x03, 0x81, 0xFC, 0x3E, 0x02, 0x7E, 0x3C, 0x18, 0x00, 0x3E, 0x7E,
    0xE0, 0xE0, 0xE0, 0xE0, 0xE0, 0x7E, 0x3C, 0x00, 0x37, 0x0F, 0x03, 0x00, 0x07, 0xE3, 0xFD, 0xCF,
    0xE3, 0xF1, 0xF8, 0xFC, 0x7E, 0x3F, 0x3B, 0xFD, 0xF8, 0x00, 0x00, 0xEC, 0x1D, 0x83, 0xA3, 0xF0,
    0xFE, 0x39, 0xC7, 0x38, 0xE7, 0x1C, 0xE3, 0x9C, 0x3F, 0x87, 0xB0, 0x7E, 0x1F, 0xE7, 0x3D, 0xC7,
    0xFD, 0xFF, 0x77, 0x1D, 0xC7, 0x73, 0x9F, 0xE7, 0xE0, 0x00, 0x03, 0x87, 0xE3, 0xF3, 0xF3, 0xFB,
    0x9D, 0xCE, 0xE7, 0x73, 0xB9, 0xCF, 0xE7, 0xB0, 0x30, 0x70, 0xC0, 0x0F, 0xFF, 0xF8, 0x70, 0xFD,
    0xFB, 0x87, 0x0E, 0x1F, 0xFF, 0x80, 0x18, 0x1C, 0x18, 0x00, 0x3C, 0x7E, 0xE7, 0xFF, 0xFF, 0xE0,
    0xE0, 0x7F, 0x3E, 0xFF, 0xFF, 0x87, 0x0F, 0xDF, 0xB8, 0x70, 0xE1, 0xFF, 0xF8, 0xC3, 0x07, 0x87,
    0x00, 0x3C, 0x7E, 0xE7, 0xE7, 0xFF, 0xFF, 0xE0, 0x72, 0x7E, 0x18, 0x10, 0x3C, 0x1C, 0x00, 0xD9,
    0xE0, 0x80, 0x1F, 0xFF, 0xF0, 0xE1, 0xFB, 0xF7, 0x0E, 0x1C, 0x3F, 0xFF, 0x00, 0x7E, 0x3C, 0x18,
    0x00, 0x3C, 0x7E, 0xE7, 0xFF, 0xFF, 0xE0, 0xE0, 0x7F, 0x3E, 0x00, 0x0C, 0xC1, 0xF0, 0x38, 0x00,
    0x07, 0xC7, 0xF9, 0xC0, 0xE0, 0x39, 0xEE, 0x7F, 0x87, 0xE1, 0xF8, 0x77, 0xFC, 0xFC, 0x00, 0x0C,
    0xC1, 0xE0, 0x30, 0x00, 0x87, 0xF7, 0xF1, 0xCC, 0x73, 0x9D, 0xC3, 0xF0, 0xF8, 0x7F, 0x0F, 0xE0,
    0x1F, 0x87, 0x7F, 0x8F, 0xC0, 0x75, 0xF8, 0x60, 0x03, 0x87, 0x0E, 0x1C, 0x38, 0x70, 0xE1, 0xC3,
    0x80, 0x77, 0x77, 0x77, 0x77, 0x77, 0x76, 0xCF, 0x70, 0x37, 0x30, 0x77, 0x77, 0x77, 0x77, 0x76,
    0xCF, 0x70, 0xDF, 0x0F, 0xFF, 0xFF, 0xFF, 0xF8, 0xFF, 0xFF, 0xFF, 0xE0, 0x00, 0xE7, 0x90, 0x30,
    0xE3, 0x8E, 0x38, 0xE3, 0x8E, 0x38, 0xE3, 0x8F, 0x1C, 0x00, 0xF8, 0xF8, 0xF8, 0xE0, 0xE0, 0xE0,
    0xE0, 0xE0, 0xE0, 0xFE, 0xFE, 0xCB, 0xEF, 0xBE, 0xE3, 0x8E, 0x38, 0xE3, 0x8E, 0x3C, 0x70, 0x38,
    0x0E, 0x03, 0x80, 0xF8, 0x3E, 0x0E, 0x07, 0x81, 0xE0, 0x38, 0x0F, 0xE3, 0xF8, 0x30, 0x70, 0xE1,
    0xC3, 0xC7, 0x8E, 0x3C, 0x78, 0x70, 0xE1, 0xE1, 0xC0, 0x00, 0x1C, 0x38, 0x20, 0x00, 0xDE, 0xFE,
    0xE7, 0xE7, 0xE7, 0xE7, 0xE7, 0xE7, 0xE7, 0x00, 0x66, 0x7C, 0x38, 0x00, 0xDE, 0xFE, 0xE7, 0xE7,
    0xE7, 0xE7, 0xE7, 0xE7, 0xE7, 0x00, 0x0D, 0x86, 0xC2, 0xC0, 0x01, 0xF1, 0xFD, 0xCE, 0xE3, 0xF1,
    0xF8, 0xDC, 0xE7, 0xF1, 0xF0, 0x00, 0xE7, 0x10, 0x03, 0x7F, 0xB8, 0xE3, 0x8E, 0x38, 0xE3, 0x80,
    0x00, 0x37, 0x0F, 0x02, 0x00, 0x07, 0xE3, 0xFD, 0xCE, 0xE7, 0x73, 0xBF, 0x9F, 0x8E, 0xE7, 0x73,
    0x9D, 0xC7, 0x00, 0xCD, 0xF1, 0xC0, 0x0D, 0xDF, 0x38, 0x70, 0xE1, 0xC3, 0x87, 0x0E, 0x00, 0x06,
    0x07, 0x07, 0x00, 0x03, 0xF3, 0xFD, 0xC4, 0xE0, 0x7C, 0x0F, 0x81, 0xE0, 0x74, 0x3B, 0xFC, 0xF8,
    0x04, 0x0C, 0x3C, 0x10, 0x00, 0x3E, 0x7F, 0x70, 0x78, 0x3E, 0x07, 0x07, 0x7F, 0x3E, 0x3F, 0x3F,
    0xDC, 0x4E, 0x07, 0xC1, 0xF8, 0x3E, 0x07, 0x03, 0xB1, 0xDF, 0xC3, 0x80, 0xE0, 0x30, 0x78, 0x38,
    0x3E, 0x7F, 0x70, 0x78, 0x3E, 0x1F, 0x07, 0x67, 0x7E, 0x1C, 0x1C, 0x06, 0x1E, 0x1C, 0x00, 0x1F,
    0x87, 0x81, 0x80, 0x01, 0xF9, 0xFE, 0xE2, 0x70, 0x3E, 0x07, 0xC0, 0xF0, 0x3A, 0x1D, 0xFE, 0x7C,
    0x22, 0x36, 0x1C, 0x08, 0x00, 0x3E, 0x7F, 0x70, 0x78, 0x3E, 0x07, 0x07, 0x7F, 0x3E, 0x00, 0x38,
    0x38, 0xFE, 0xFC, 0x38, 0x38, 0x38, 0x38, 0x38, 0x3E, 0x1E, 0x0C, 0x0E, 0x06, 0x1E, 0x00, 0x00,
    0x3B, 0x0F, 0x03, 0x00, 0x07, 0xFF, 0xFC, 0x38, 0x1C, 0x0E, 0x07, 0x03, 0x81, 0xC0, 0xE0, 0x70,
    0x38, 0x00, 0x06, 0x06, 0x3E, 0x38, 0xFE, 0xFC, 0x38, 0x38, 0x38, 0x38, 0x38, 0x3E, 0x1E, 0x7C,
    0x7C, 0x00, 0xE7, 0xE7, 0xE7, 0xE7, 0xE7, 0xE7, 0xE7, 0xFF, 0x77, 0x1C, 0x09, 0x05, 0x83, 0x80,
    0x07, 0x1F, 0x8F, 0xC7, 0xE3, 0xF1, 0xF8, 0xFC, 0x7E, 0x3F, 0x1D, 0xFC, 0x7C, 0x38, 0x24, 0x2C,
    0x38, 0x00, 0xE7, 0xE7, 0xE7, 0xE7, 0xE7, 0xE7, 0xE7, 0xFF, 0x77, 0x00, 0x0D, 0x86, 0xC6, 0xC0,
    0x07, 0x1F, 0x8F, 0xC7, 0xE3, 0xF1, 0xF8, 0xFC, 0x7E, 0x3F, 0x1D, 0xFC, 0x7C, 0x12, 0x1B, 0x36,
    0x24, 0x00, 0xE7, 0xE7, 0xE7, 0xE7, 0xE7, 0xE7, 0xE7, 0xFF, 0x77, 0xE3, 0xF1, 0xF8, 0xFC, 0x7E,
    0x3F, 0x1F, 0x8F, 0xC7, 0xE3, 0xBF, 0x9F, 0x83, 0x03, 0x01, 0xE0, 0x70, 0xE7, 0xE7, 0xE7, 0xE7,
    0xE7, 0xE7, 0xE7, 0xFF, 0x77, 0x0C, 0x18, 0x1E, 0x0E, 0x04, 0x0F, 0x0E, 0x00, 0x00, 0x03, 0xF9,
    0xFC, 0x1C, 0x0E, 0x0E, 0x0E, 0x0E, 0x0F, 0xF7, 0xF8, 0x18, 0x0E, 0x06, 0x00, 0x07, 0xF3, 0xF8,
    0x38, 0x3C, 0x1C, 0x1C, 0x1C, 0x1F, 0xEF, 0xF0, 0x00, 0x0F, 0xC1, 0xE0, 0x30, 0x00, 0x1F, 0xE7,
    0xF8, 0x1E, 0x07, 0x03, 0x81, 0xC0, 0xF0, 0x38, 0x1C, 0x0F, 0xFB, 0xFE, 0x00, 0x31, 0x0F, 0x83,
    0x80, 0x03, 0xF9, 0xFC, 0x1C, 0x0E, 0x0E, 0x0E, 0x0E, 0x0F, 0xF7, 0xF8, 0x00, 0x00, 0x33, 0xED,
    0xFF, 0xE7, 0x38, 0xCE, 0x3B, 0x8C, 0xE7, 0x1F, 0xC3, 0xE0, 0x00, 0x00, 0x3E, 0x7F, 0x9E, 0xE7,
    0x39, 0xCE, 0x73, 0x9C, 0xE7, 0x3F, 0xC7, 0x70, 0x3F, 0x3F, 0xDC, 0x4E, 0x07, 0xC0, 0xF8, 0x1E,
    0x07, 0x43, 0xBF, 0xCF, 0x80, 0x00, 0xC0, 0x60, 0x30, 0x10, 0x3E, 0x7E, 0x70, 0x78, 0x3E, 0x07,
    0x07, 0x7F, 0x3E, 0x00, 0x18, 0x1C, 0x08, 0x18, 0xFF, 0xFF, 0x87, 0x03, 0x81, 0xC0, 0xE0, 0x70,
    0x38, 0x1C, 0x0E, 0x07, 0x00, 0x01, 0x80, 0xE0, 0x60, 0x30, 0x00, 0x38, 0x38, 0xFE, 0xFC, 0x38,
    0x38, 0x38, 0x38, 0x38, 0x3E, 0x1E, 0x00, 0x0C, 0x0C, 0x0C, 0x08, 0x1F, 0x3F, 0x98, 0x1C, 0x0F,
    0xE7, 0xF3, 0x81, 0xC0, 0x71, 0x3F, 0xC7, 0xC0, 0xFF, 0xFF, 0xFF, 0xFF, 0x80, 0x0F, 0x01, 0xE0,
    0x7C, 0x0F, 0xC1, 0xB8, 0x73, 0x0E, 0x71, 0xFE, 0x3F, 0xCE, 0x1D, 0xC3, 0x80, 0xFE, 0x7F, 0x38,
    0x1C, 0x0F, 0xE7, 0xFB, 0x8D, 0xC7, 0xE3, 0x7F, 0xBF, 0x80, 0xFE, 0x7F, 0xB9, 0xDC, 0xEF, 0xE7,
    0xF3, 0x9D, 0xC7, 0xE3, 0x7F, 0xBF, 0x80, 0xFE, 0xFE, 0xE0, 0xE0, 0xE0, 0xE0, 0xE0, 0xE0, 0xE0,
    0xE0, 0xE0, 0x1F, 0xCF, 0xF3, 0x9C, 0xE7, 0x39, 0xCE, 0x73, 0x1C, 0xC7, 0x71, 0xFF, 0xFF, 0xFF,
    0x03, 0xC0, 0xF0, 0x10, 0x00, 0xFF, 0xFF, 0x87, 0x0F, 0xDF, 0xB8, 0x70, 0xE1, 0xFF, 0xF8, 0x71,
    0xC6, 0x31, 0xCE, 0x39, 0xDC, 0x1D, 0xDC, 0x0F, 0xF8, 0x1F, 0xF8, 0x1D, 0xD8, 0x39, 0xDC, 0x39,
    0xCE, 0x71, 0xCE, 0x71, 0xC7, 0x3E, 0x3F, 0x80, 0xE0, 0xE1, 0xE0, 0xF8, 0x0E, 0x07, 0x43, 0xBF,
    0x8F, 0x80, 0xE7, 0xF3, 0xFB, 0xFD, 0xFE, 0xFF, 0xDF, 0xEF, 0xE7, 0xF3, 0xF9, 0xF8, 0xE0, 0x26,
    0x1F, 0x07, 0x00, 0x0E, 0x7F, 0x3F, 0xBF, 0xDF, 0xEF, 0xFD, 0xFE, 0xFE, 0x7F, 0x3F, 0x9F, 0x8E,
    0xE3, 0xB9, 0xCE, 0x63, 0xB8, 0xFC, 0x3F, 0x0E, 0xE3, 0xB8, 0xE7, 0x39, 0xCE, 0x38, 0x1F, 0xE3,
    0xFC, 0x63, 0x8C, 0x71, 0x8E, 0x71, 0xCE, 0x39, 0xC7, 0x30, 0xEE, 0x1D, 0x83, 0x80, 0x00, 0x78,
    0xE3, 0xC7, 0x1E, 0x7C, 0xF3, 0xE6, 0xDF, 0x36, 0xF9, 0xBD, 0xCD, 0xEE, 0x67, 0x77, 0x3B, 0xB8,
    0x1C, 0xE3, 0xF1, 0xF8, 0xFC, 0x7F, 0xFF, 0xFF, 0x8F, 0xC7, 0xE3, 0xF1, 0xF8, 0xE0, 0x3F, 0x1F,
    0xE6, 0x1B, 0x87, 0xE1, 0xF8, 0x7E, 0x1F, 0x87, 0x61, 0x9F, 0xE3, 0xF0, 0xFF, 0xFF, 0xF8, 0xFC,
    0x7E, 0x3F, 0x1F, 0x8F, 0xC7, 0xE3, 0xF1, 0xF8, 0xE0, 0xFE, 0x7F, 0xB8, 0xDC, 0x7E, 0x77, 0xFB,
    0xF9, 0xC0, 0xE0, 0x70, 0x38, 0x00, 0x1F, 0x3F, 0x9C, 0x1C, 0x0E, 0x07, 0x03, 0x81, 0xC0, 0x70,
    0x3F, 0x87, 0xC0, 0xFF, 0xFF, 0x87, 0x03, 0x81, 0xC0, 0xE0, 0x70, 0x38, 0x1C, 0x0E, 0x07, 0x00,
    0x70, 0xEE, 0x18, 0xC7, 0x1C, 0xC1, 0x98, 0x37, 0x07, 0xC0, 0x78, 0x07, 0x01, 0xC0, 0x70, 0x0C,
    0x00, 0x03, 0x00, 0x38, 0x07, 0xF8, 0xFF, 0xEE, 0x73, 0xF3, 0x9F, 0x9C, 0xFC, 0xE7, 0xE7, 0x3F,
    0xB9, 0xDF, 0xFC, 0x7F, 0xC0, 0x70, 0x01, 0x80, 0x71, 0xC7, 0x30, 0x6E, 0x0F, 0x80, 0xF0, 0x1E,
    0x07, 0xC0, 0xDC, 0x3B, 0x86, 0x39, 0xC7, 0x00, 0xE3, 0xB8, 0xEE, 0x3B, 0x8E, 0xE3, 0xB8, 0xEE,
    0x3B, 0x8E, 0xE3, 0xBF, 0xFF, 0xFC, 0x03, 0x00, 0xC0, 0x30, 0x00, 0xE3, 0xF1, 0xF8, 0xFC, 0x7E,
    0x3F, 0x3D, 0xFE, 0x77, 0x03, 0x81, 0xC0, 0xE0, 0xE7, 0x3F, 0x39, 0xF9, 0xCF, 0xCE, 0x7E, 0x73,
    0xF3, 0x9F, 0x9C, 0xFC, 0xE7, 0xE7, 0x3F, 0xFF, 0xFF, 0xFE, 0xE7, 0x3B, 0x9C, 0xEE, 0x73, 0xB9,
    0xCE, 0xE7, 0x3B, 0x9C, 0xEE, 0x73, 0xB9, 0xCE, 0xE7, 0x3B, 0xFF, 0xFF, 0xFF, 0xC0, 0x03, 0x00,
    0x0C, 0x00, 0x30, 0x00, 0x00, 0xE0, 0x7E, 0x07, 0xE0, 0x7F, 0xC7, 0xFE, 0x7E, 0x77, 0xE7, 0x7E,
    0x77, 0xE7, 0x7F, 0xE7, 0xFC, 0x70, 0xE0, 0x70, 0x38, 0x1F, 0x8F, 0xF7, 0x3B, 0x8F, 0xC7, 0xE7,
    0x7F, 0xBF, 0x80, 0x7C, 0x3F, 0x01, 0xC0, 0x63, 0xF9, 0xFC, 0x0E, 0x06, 0x07, 0x3F, 0x1F, 0x00,
    0x1F, 0xDF, 0xF7, 0x1D, 0xC7, 0x71, 0xCF, 0xF1, 0xFC, 0xE7, 0x39, 0xDC, 0x77, 0x1C, 0x7C, 0x3F,
    0x01, 0xC7, 0xEF, 0xF7, 0x3B, 0x9D, 0xFE, 0x7B, 0x00, 0x00, 0x03, 0x07, 0x8F, 0x86, 0x07, 0x73,
    0xFD, 0xCE, 0xE3, 0xF1, 0xF8, 0xDC, 0xE7, 0xF1, 0xF0, 0xFC, 0xFE, 0xEE, 0xFC, 0xFE, 0xE6, 0xE7,
    0xFE, 0xFC, 0xFD, 0xFB, 0x87, 0x0E, 0x1C, 0x38, 0x70, 0xE0, 0x3F, 0x1F, 0x8D, 0xC6, 0xE7, 0x73,
    0x39, 0x9D, 0xFF, 0xFF, 0xE0, 0xF0, 0x60, 0x00, 0x3C, 0x7E, 0xE7, 0xFF, 0xFF, 0xE0, 0xE0, 0x7F,
    0x3E, 0x73, 0x98, 0xCE, 0xE3, 0xBB, 0x07, 0xFC, 0x1F, 0xE0, 0xEF, 0xC3, 0xBB, 0x0C, 0xEE, 0x73,
    0x98, 0x7C, 0x7E, 0x07, 0x3E, 0x3E, 0x07, 0x07, 0x7F, 0x7E, 0xEF, 0xEF, 0xEF, 0xFF, 0xFF, 0xF7,
    0xF7, 0xE7, 0xE7, 0x64, 0x7C, 0x38, 0x00, 0xEF, 0xEF, 0xEF, 0xFF, 0xFF, 0xF7, 0xF7, 0xE7, 0xE7,
    0xE7, 0xEE, 0xEC, 0xFC, 0xFC, 0xFC, 0xEE, 0xE6, 0xE7, 0x3F, 0x9F, 0xDC, 0xEE, 0x77, 0x3B, 0x9D,
    0xCF, 0xC7, 0xC3, 0x80, 0x00, 0x71, 0xCF, 0x79, 0xEF, 0x3D, 0xE6, 0xBC, 0xDD, 0x9B, 0xB3, 0x77,
    0x60, 0xE0, 0xE7, 0xE7, 0xE7, 0xE7, 0xFF, 0xFF, 0xE7, 0xE7, 0xE7, 0x3E, 0x3F, 0xB9, 0xDC, 0x7E,
    0x3F, 0x1B, 0x9C, 0xFE, 0x3E, 0x00, 0xFF, 0xFF, 0xE7, 0xE7, 0xE7, 0xE7, 0xE7, 0xE7, 0xE7, 0xDE,
    0xFE, 0xE7, 0xE7, 0xE7, 0xE7, 0xE7, 0xFE, 0xFC, 0xE0, 0xE0, 0xE0, 0x00, 0x3E, 0x7E, 0xE0, 0xE0,
    0xE0, 0xE0, 0xE0, 0x7E, 0x3C, 0xFF, 0x7F, 0x87, 0x03, 0x81, 0xC0, 0xE0, 0x70, 0x38, 0x1C, 0x00,
    0x71, 0xDC, 0x63, 0x38, 0xCE, 0x3B, 0x06, 0xC1, 0xF0, 0x78, 0x1E, 0x03, 0x81, 0xC0, 0xF0, 0x30,
    0x00, 0x04, 0x00, 0x38, 0x01, 0xC0, 0x0E, 0x07, 0xFE, 0x7F, 0xFB, 0x9C, 0xDC, 0xE7, 0xE7, 0x3F,
    0x39, 0xF9, 0xCC, 0xFF, 0xE7, 0xFE, 0x03, 0x80, 0x1C, 0x00, 0xE0, 0x00, 0x00, 0x73, 0x8E, 0xC1,
    0xF0, 0x78, 0x1E, 0x07, 0xC3, 0xF0, 0xCE, 0x73, 0x80, 0xE7, 0x73, 0xB9, 0xDC, 0xEE, 0x77, 0x3B,
    0x9D, 0xFF, 0xFF, 0x80, 0xC0, 0x60, 0x00, 0xE7, 0xE7, 0xE7, 0xE7, 0xE7, 0xFF, 0x77, 0x07, 0x07,
    0xEE, 0xFD, 0xDF, 0xBB, 0xF7, 0x7E, 0xEF, 0xDD, 0xFB, 0xBF, 0xFF, 0xFF, 0xE0, 0xEE, 0xEE, 0xEE,
    0xEE, 0xEE, 0xEE, 0xEE, 0xEE, 0xEE, 0xEE, 0xEF, 0xFF, 0xFF, 0xF0, 0x03, 0x00, 0x30, 0x00, 0xFC,
    0x3F, 0x01, 0xC0, 0x7E, 0x1F, 0xC7, 0x71, 0xDC, 0x7F, 0x1F, 0x80, 0xE0, 0xFC, 0x1F, 0x83, 0xFE,
    0x7F, 0xEF, 0xDD, 0xFB, 0xBF, 0xF7, 0xFC, 0xE0, 0xE1, 0xC3, 0x87, 0xEF, 0xFD, 0xFB, 0xFF, 0xFC,
    0x7C, 0x7E, 0x06, 0x3F, 0x3F, 0x06, 0x0E, 0x7E, 0x7C, 0xE7, 0xCE, 0xFE, 0xEC, 0xEF, 0xC6, 0xFC,
    0x7E, 0xC6, 0xEC, 0xEE, 0xFE, 0xE7, 0xC0, 0x3F, 0xBF, 0xDC, 0xEE, 0x77, 0xF9, 0xFC, 0xCE, 0xE7,
    0x63, 0x80, 0x00, 0x66, 0x66, 0x00, 0x00, 0x3C, 0x7E, 0xE7, 0xFF, 0xFF, 0xE0, 0xE0, 0x7E, 0x3E,
    0x3E, 0x7E, 0xE0, 0xFC, 0xFC, 0xE0, 0xE0, 0x7E, 0x3E, 0xDF, 0x0F, 0xFF, 0xFF, 0xFE, 0xCD, 0x98,
    0x00, 0x03, 0x87, 0x0E, 0x1C, 0x38, 0x70, 0xE1, 0xC3, 0x80, 0x11, 0x07, 0xC1, 0xE0, 0x00, 0x71,
    0xDC, 0x63, 0x38, 0xCE, 0x3B, 0x06, 0xC1, 0xF0, 0x78, 0x1E, 0x03, 0x81, 0xC0, 0xF0, 0x30, 0x00,
    0x1C, 0x7F, 0xFF, 0xE3, 0x8E, 0x38, 0xE3, 0x8E, 0x00, 0x7F, 0x3F, 0x9C, 0x0E, 0x0F, 0xC7, 0xE1,
    0xC0, 0xE0, 0x70, 0x38, 0x1C, 0x00, 0x7E, 0xFD, 0xC3, 0x8F, 0x9F, 0x1C, 0x38, 0x70, 0xE3, 0x73,
    0xB9, 0x9D, 0xCF, 0xC7, 0xE3, 0xB9, 0xDC, 0xE7, 0x73, 0xF8, 0xE0, 0x30, 0x18, 0x0C, 0xE6, 0xEE,
    0xEC, 0xFC, 0xFC, 0xFC, 0xEE, 0xEF, 0xE7, 0x03, 0x03, 0xE3, 0xB8, 0xEE, 0x3B, 0x8E, 0xFF, 0xBF,
    0xEE, 0x3B, 0x8E, 0xE3, 0xB8, 0xFE, 0x3C, 0x03, 0x00, 0xC0, 0x30, 0xE7, 0x73, 0xB9, 0xDC, 0xEF,
    0xF7, 0xFB, 0x9D, 0xCF, 0xE7, 0x80, 0xC0, 0x60, 0xE1, 0xCE, 0x30, 0xCE, 0x1D, 0x81, 0xF0, 0x3C,
    0x03, 0x80, 0x70, 0x0E, 0x01, 0xC0, 0x38, 0x00, 0x71, 0xDC, 0x63, 0x38, 0xEC, 0x3B, 0x07, 0xC1,
    0xE0, 0x78, 0x0E, 0x03, 0x80, 0xE0, 0x38, 0x00, 0x00, 0xE1, 0xDC, 0x63, 0x38, 0xEC, 0x1F, 0x07,
    0x83, 0xF0, 0x38, 0x0E, 0x03, 0x80, 0xE0, 0x61, 0x9C, 0xE7, 0x38, 0xCC, 0x37, 0x0F, 0x81, 0xE0,
    0xFC, 0x3F, 0x07, 0x01, 0xC0, 0x70, 0x08, 0x00, 0x3E, 0x1F, 0xC0, 0x38, 0x06, 0xFF, 0xFF, 0xFE,
    0x1F, 0x86, 0x63, 0x9F, 0xC3, 0xE0, 0x7C, 0x7E, 0x07, 0xFF, 0xFF, 0xE7, 0xE7, 0x7E, 0x3C, 0x3F,
    0x1F, 0xE6, 0x1B, 0x87, 0xFF, 0xFF, 0xFE, 0x1F, 0x87, 0x61, 0x9F, 0xE3, 0xF0, 0x3C, 0x7E, 0xE7,
    0xFF, 0xFF, 0xC7, 0xE7, 0x7E, 0x3C, 0x4A, 0x80, 0x42, 0x80, 0x49, 0x00, 0x88, 0xD3, 0x00, 0x93,
    0x00, 0x30, 0x0D, 0xA0, 0x64, 0x80, 0x60, 0x2D, 0x80, 0xD2, 0x00, 0xD2, 0x00, 0xF5, 0x28, 0xDF,
    0xC0, 0x66, 0x00, 0xD8, 0x09, 0x00, 0x5C, 0x60, 0x25, 0x80, 0x29, 0x5E, 0x62, 0x60, 0x64, 0x80,
    0xD8, 0x00, 0x09, 0x00, 0x60, 0x25, 0x80, 0x93, 0x00, 0x0D, 0xA0, 0x1B, 0x00, 0x88, 0xA8, 0x12,
    0xF8, 0x00, 0x80, 0x74, 0x40, 0x90, 0x80, 0xA0, 0xA1, 0x00, 0xE0, 0x71, 0x08, 0x80, 0x80, 0x84,
    0x30, 0x80, 0xE0, 0xFF, 0xF0, 0xDB, 0x6D, 0xB0, 0x80, 0x80, 0xDB, 0x00, 0x36, 0xC0, 0x80, 0x80,
    0x7B, 0xEE, 0x30, 0xC3, 0x0C, 0x3E, 0xF8, 0xE9, 0x00, 0x71, 0x8C, 0x63, 0x98, 0xF6, 0x7F, 0x9D,
    0xC6, 0x71, 0x8E, 0x61, 0xC0, 0xFC, 0x7F, 0x01, 0x80, 0xC0, 0x60, 0x30, 0x19, 0xFF, 0xFF, 0x80,
    0x78, 0xF8, 0x30, 0x60, 0xC3, 0x9F, 0x3F, 0x4E, 0xFF, 0xFF, 0x04, 0x0C, 0x0C, 0x0C, 0x0C, 0x0C,
    0x0C, 0xFE, 0xFF, 0x07, 0xC3, 0xC3, 0xC3, 0xC3, 0xC3, 0xC3, 0x77, 0x8C, 0x63, 0x18, 0xC6, 0x30,
    0xFF, 0xF3, 0x8C, 0x30, 0xC3, 0x0C, 0x30, 0xFE, 0xFF, 0xC7, 0xC3, 0xC3, 0xC3, 0xC3, 0xC3, 0xC3,
    0xEF, 0x3B, 0xE6, 0x39, 0x86, 0x61, 0x98, 0x66, 0x39, 0xFC, 0x7E, 0x00, 0x73, 0x8C, 0x63, 0x18,
    0x00, 0xFC, 0xFE, 0x06, 0x06, 0x06, 0x06, 0x06, 0x06, 0x06, 0x06, 0x06, 0x06, 0x06, 0x00, 0xFC,
    0xFE, 0x0E, 0x06, 0x06, 0x06, 0x0E, 0xFE, 0xFC, 0x00, 0xC0, 0xC0, 0xC0, 0xFC, 0xFE, 0x0E, 0x06,
    0x06, 0x06, 0x0E, 0x1C, 0x18, 0x10, 0xFF, 0x7F, 0xCC, 0xEC, 0x36, 0x1B, 0x0D, 0x86, 0xFF, 0x7F,
    0x80, 0x6F, 0x1F, 0xE7, 0x39, 0x86, 0x61, 0x98, 0x6E, 0x1B, 0xBE, 0xEF, 0x80, 0xDB, 0x6D, 0xB6,
    0xDB, 0x6C, 0x00, 0x71, 0xE1, 0x86, 0x18, 0x61, 0x9E, 0xF8, 0xFE, 0x7F, 0x98, 0xFC, 0x7C, 0x1F,
    0x1F, 0x8E, 0xFE, 0x3E, 0x00, 0x71, 0x9C, 0x63, 0x18, 0xE6, 0x39, 0x86, 0xE1, 0xF0, 0x7C, 0x7E,
    0x1E, 0x00, 0x00, 0x3E, 0x3F, 0xB8, 0xFC, 0x7E, 0x1F, 0x8D, 0xC6, 0x23, 0x01, 0x80, 0xC0, 0x60,
    0x30, 0x18, 0x08, 0x3E, 0x3F, 0xB8, 0xFC, 0x7F, 0x1B, 0x9C, 0x0E, 0xFE, 0x7E, 0x00, 0x63, 0x31,
    0x9C, 0xCE, 0x67, 0x71, 0xF0, 0xF0, 0x70, 0x38, 0x1C, 0x06, 0x03, 0x01, 0xC0, 0x00, 0x71, 0x8E,
    0x61, 0xD8, 0x7E, 0x0F, 0x01, 0xC0, 0x39, 0xFE, 0x7F, 0x80, 0xFE, 0x7F, 0x80, 0xD8, 0x6C, 0x36,
    0x1B, 0x1D, 0x9C, 0xCC, 0x60, 0x30, 0x18, 0x0C, 0x00, 0xFC, 0xFE, 0x06, 0x06, 0x06, 0x06, 0x06,
    0x06, 0x06, 0xE6, 0x66, 0x66, 0x66, 0x66, 0x66, 0x7E, 0xE7, 0x8E, 0x71, 0xC7, 0xF8, 0x3F, 0x00,
    0x7F, 0x9F, 0xF3, 0x1C, 0xC3, 0x30, 0xCC, 0x33, 0x0D, 0xC3, 0x70, 0xC0, 0x77, 0xBD, 0xE3, 0x18,
    0xC6, 0x31, 0x8C, 0x63, 0x18, 0xC6, 0x31, 0x80, 0x77, 0xBB, 0xCC, 0x66, 0x33, 0x19, 0x8C, 0x06,
    0x03, 0x01, 0x80, 0x77, 0xBB, 0xCC, 0x66, 0x33, 0x19, 0x8C, 0x00, 0xDB, 0x60, 0xCF, 0x3C, 0xF2,
    0x00, 0x00, 0x00, 0x80, 0x07, 0x00, 0x18, 0x00, 0x60, 0x01, 0xCF, 0xFF, 0xFF, 0xFF, 0x00, 0x00,
    0x60, 0x0C, 0x03, 0x80, 0x60, 0x1E, 0x07, 0xC0, 0xF0, 0x38, 0x06, 0x19, 0xC3, 0xB0, 0x20, 0x00,
    0x00, 0x00, 0x30, 0x03, 0x00, 0x70, 0x06, 0x00, 0xCC, 0x0D, 0xE1, 0x9C, 0x38, 0x03, 0x0C, 0x70,
    0xE6, 0x04, 0x00, 0x00, 0x18, 0x18, 0x00, 0x3C, 0x3E, 0x76, 0x66, 0x77, 0x7F, 0x3E, 0x1E, 0xFE,
    0xF8, 0x00, 0x18, 0x18, 0x18, 0x00, 0x6F, 0x7E, 0x01, 0x8C, 0xE6, 0x33, 0x08, 0x03, 0x95, 0xE0,
    0x00, 0x6F, 0x7E, 0x07, 0xE0, 0x03, 0x19, 0xBD, 0x80, 0x00, 0x7C, 0xFE, 0xC6, 0xC0, 0x70, 0x38,
    0x0C, 0x0C, 0x00, 0x00, 0x1C, 0x1C, 0x00, 0x00, 0x0F, 0x80, 0xFC, 0x0E, 0x40, 0x60, 0x63, 0xE3,
    0x0F, 0x98, 0x1E, 0xC0, 0x37, 0x07, 0x9F, 0xF8, 0x7F, 0x81, 0xE0, 0x06, 0x00, 0x3C, 0x7E, 0x74,
    0x60, 0x72, 0xFE, 0xFE, 0x78, 0x03, 0x0C, 0x30, 0xC3, 0x0C, 0x30, 0xC3, 0x0C, 0x30, 0x6C, 0xFC,
    0x66, 0x66, 0x66, 0x66, 0x66, 0x60, 0x1C, 0x30, 0x1C, 0x00, 0x3C, 0x3E, 0x76, 0x62, 0x77, 0x7F,
    0x3E, 0x06, 0x1E, 0x7C, 0x78, 0x40, 0x66, 0x66, 0x66, 0x66, 0x66, 0x66, 0x60, 0x6C, 0xFC, 0x30,
    0x01, 0x83, 0xE7, 0x9F, 0x90, 0xE4, 0x03, 0x01, 0x8F, 0x86, 0x1F, 0x18, 0x1E, 0x60, 0x19, 0xC1,
    0xE3, 0xFF, 0x07, 0xF8, 0x00, 0x00, 0xFF, 0xFF, 0xFF, 0xC0, 0x00, 0x00, 0x01, 0xF0, 0x07, 0x80,
    0x3C, 0x01, 0xF8, 0x3F, 0xFF, 0xCF, 0xFC, 0x00, 0x00, 0x30, 0x01, 0x80, 0x00, 0x00, 0x6C, 0xD8,
    0x00, 0x01, 0x8F, 0x9B, 0x63, 0xC7, 0x8F, 0xBB, 0xE7, 0x80, 0x0D, 0x80, 0x6C, 0x00, 0x07, 0x80,
    0x3C, 0x01, 0xE0, 0x0F, 0xC1, 0xFF, 0xFE, 0x7F, 0xE0, 0x06, 0x00, 0x30, 0x03, 0x60, 0x1B, 0x00,
    0x01, 0xE0, 0x0F, 0x00, 0x78, 0x03, 0xF0, 0x7F, 0xFF, 0x9F, 0xF8, 0x3E, 0x07, 0xF0, 0x27, 0xC0,
    0x3E, 0x0F, 0xE3, 0xC0, 0x30, 0x06, 0x00, 0x63, 0x06, 0x30, 0x60, 0x07, 0x82, 0x3F, 0xF1, 0xFE,
    0x00, 0x00, 0x00, 0x07, 0xE0, 0x7F, 0x82, 0x3E, 0x07, 0xE1, 0xFE, 0x38, 0x03, 0x00, 0x60, 0x06,
    0x00, 0x60, 0x07, 0x00, 0x3C, 0xE3, 0xFE, 0x0F, 0xE0, 0x00, 0x01, 0x80, 0x18, 0x00, 0x00, 0x7E,
    0x07, 0xF0, 0x03, 0xC0, 0x7E, 0x1F, 0xC3, 0x80, 0x70, 0x06, 0x00, 0x60, 0x06, 0x00, 0x70, 0x07,
    0xCE, 0x3F, 0xE0, 0xFC, 0x00, 0x18, 0x1C, 0x0E, 0x06, 0x03, 0x03, 0x07, 0x7E, 0x7C, 0x00, 0x30,
    0x30, 0x00, 0x18, 0x1C, 0x0E, 0x06, 0x07, 0x03, 0x47, 0x7E, 0x7C, 0x00, 0x18, 0x38, 0x70, 0x60,
    0xC1, 0x87, 0x3C, 0xF1, 0xC0, 0x00, 0x00, 0x30, 0x60, 0x00, 0x01, 0x83, 0x87, 0x06, 0x0C, 0x38,
    0xE7, 0xCF, 0x18, 0x00, 0x00, 0x00, 0x60, 0x00, 0xCC, 0x07, 0x19, 0x80, 0xE3, 0x3C, 0x0E, 0xFF,
    0x81, 0xFF, 0xF0, 0x3E, 0xF6, 0x06, 0x00, 0xE1, 0xC0, 0x0F, 0xF0, 0x01, 0xFC, 0x00, 0x00, 0x00,
    0x00, 0x00, 0x00, 0x00, 0x00, 0xC0, 0x00, 0x18, 0x00, 0x0D, 0x80, 0x01, 0xB0, 0x00, 0x00, 0xC0,
    0x01, 0x98, 0x0E, 0x33, 0x01, 0xC6, 0x78, 0x1D, 0xFF, 0x03, 0xFF, 0xE0, 0x7D, 0xEC, 0x0C, 0x01,
    0xC3, 0x80, 0x1F, 0xE0, 0x03, 0xF8, 0x00, 0x00, 0x00, 0x00, 0x00, 0x01, 0xE0, 0x00, 0x1F, 0x80,
    0x21, 0xCE, 0x03, 0x98, 0x30, 0x1D, 0xC1, 0xE0, 0x7C, 0x3F, 0x03, 0xFF, 0xD8, 0x1F, 0xFC, 0xC0,
    0xC0, 0x07, 0x0E, 0x00, 0x1F, 0xE0, 0x00, 0xFE, 0x00, 0x00, 0x00, 0x00, 0x00, 0x00, 0x00, 0xC0,
    0x00, 0x06, 0x00, 0x00, 0x00, 0x00, 0x03, 0xC0, 0x00, 0x3F, 0x00, 0x43, 0xDC, 0x07, 0x38, 0x60,
    0x39, 0x83, 0xC0, 0xFC, 0x7E, 0x07, 0xFF, 0xB0, 0x3F, 0xF9, 0x81, 0x80, 0x0E, 0x1C, 0x00, 0x3F,
    0xC0, 0x01, 0xFC, 0x00, 0x00, 0x00, 0x00, 0x00, 0x00, 0xC0, 0x06, 0x00, 0x30, 0x01, 0x80, 0x0C,
    0x00, 0x67, 0x83, 0xFE, 0x1F, 0x38, 0xE0, 0xC7, 0x06, 0x70, 0xF7, 0xFF, 0x7F, 0xF0, 0x18, 0x00,
    0xC0, 0x06, 0x30, 0x31, 0x81, 0x80, 0x0C, 0xF0, 0x7F, 0xC3, 0xE7, 0x1C, 0x18, 0xE0, 0xCE, 0x1E,
    0xFF, 0xEF, 0xFE, 0x00, 0x00, 0x0F, 0x87, 0xE1, 0x80, 0x60, 0x1C, 0xC3, 0xF1, 0xFC, 0x60, 0x30,
    0x0C, 0x03, 0x00, 0xF1, 0x9F, 0xE3, 0xF8, 0x18, 0x0C, 0x00, 0x00, 0x03, 0xC3, 0xE1, 0x80, 0xC0,
    0x76, 0x1F, 0x1F, 0x8C, 0x0C, 0x06, 0x03, 0x01, 0xE6, 0x7F, 0x9F, 0x80, 0x00, 0x00, 0x0F, 0x00,
    0x3C, 0x40, 0x07, 0x00, 0x3C, 0x03, 0xC0, 0x1C, 0x00, 0x70, 0x00, 0xF3, 0x00, 0xEC, 0x01, 0xB0,
    0x06, 0xF0, 0xFB, 0xFF, 0xC7, 0xFC, 0x00, 0x00, 0x00, 0x00, 0x10, 0x01, 0xC0, 0x1E, 0x00, 0xF0,
    0x07, 0x00, 0x1E, 0x00, 0x3C, 0xC0, 0x3B, 0x00, 0x6C, 0x01, 0xBC, 0x3E, 0xFF, 0xF1, 0xFF, 0x00,
    0x00, 0x03, 0x60, 0x0D, 0x80, 0x18, 0x00, 0x60, 0x00, 0x00, 0x07, 0x60, 0x00, 0x60, 0x01, 0x80,
    0x00, 0x00, 0x3C, 0x01, 0xF8, 0x06, 0x60, 0x19, 0xF0, 0x67, 0xC1, 0xFF, 0x03, 0xEF, 0x07, 0xBF,
    0xFC, 0x7F, 0xE0, 0x03, 0xC0, 0x3C, 0x00, 0x00, 0x3C, 0x03, 0xE0, 0x7E, 0x06, 0x6C, 0x77, 0xC7,
    0xFC, 0x3F, 0xC0, 0x6E, 0x0E, 0x7F, 0xC3, 0xF8, 0x00, 0x00, 0x00, 0x00, 0x03, 0x00, 0x30, 0x03,
    0x03, 0x30, 0x63, 0x06, 0x30, 0x33, 0xCE, 0x3C, 0x03, 0xC0, 0x3F, 0x1F, 0xFF, 0xF7, 0xFC, 0x00,
    0xC0, 0x30, 0x0C, 0x03, 0x00, 0xC0, 0x30, 0x0C, 0x03, 0x00, 0xD0, 0x3C, 0x0F, 0x03, 0xC0, 0xF0,
    0x7F, 0x39, 0xFE, 0x3F, 0x00, 0x07, 0x83, 0xE0, 0xDC, 0x63, 0x78, 0xFF, 0x7C, 0xFF, 0x1E, 0xC0,
    0x30, 0x0C, 0x03, 0x00, 0xE0, 0x10, 0x00, 0x00, 0x03, 0x00, 0xC0, 0x02, 0x01, 0xD0, 0x3C, 0x0F,
    0x03, 0xC0, 0xF0, 0x3F, 0x3D, 0xFE, 0x3F, 0x00, 0x10, 0x71, 0xF7, 0x7C, 0x78, 0xF1, 0xF7, 0x7C,
    0xF0, 0x3C, 0x3E, 0x76, 0x62, 0x77, 0x7F, 0x3E, 0x06, 0x1E, 0x7C, 0x78, 0x40, 0x00, 0x00, 0x0F,
    0x80, 0xFC, 0x0E, 0x40, 0x60, 0x63, 0xE3, 0x0F, 0x98, 0x1E, 0xC0, 0x37, 0x07, 0x9F, 0xF8, 0x7F,
    0x80, 0x00, 0x00, 0x00, 0x00, 0x0F, 0x80, 0xFC, 0x0E, 0x40, 0x60, 0x63, 0xE3, 0x0F, 0x98, 0x1E,
    0xC0, 0x37, 0x07, 0x9F, 0xF8, 0x7F, 0x80, 0x00, 0x0F, 0x00, 0x78, 0x00, 0x00, 0x0F, 0xFF, 0x00,
    0x39, 0xFE, 0x60, 0x00, 0x0F, 0xFF, 0x00, 0x1F, 0x00, 0x77, 0x76, 0x00, 0x0F, 0xC0, 0x0F, 0x5E,
    0x00, 0xEB, 0xE0, 0x78, 0x00, 0x73, 0x1C, 0x80, 0x73, 0x1C, 0x80, 0x15, 0xD3, 0x80, 0x53, 0x98,
    0x63, 0x94, 0xEE, 0xE6, 0x00, 0x1C, 0x21, 0xF3, 0xE0, 0x00, 0x01, 0x1C, 0xC0, 0x00, 0x5D, 0xB6,
    0xDB, 0x6D, 0x80, 0x47, 0x8D, 0x9B, 0x77, 0xEF, 0x98, 0x30, 0x60, 0xC1, 0x80, 0x4D, 0xE6, 0xDB,
    0x6D, 0xB7, 0xFB, 0xF9, 0x80, 0xC0, 0x60, 0x30, 0x18, 0x00, 0x00, 0x71, 0xE7, 0x0C, 0x0F, 0x1E,
    0x78, 0xC1, 0xDB, 0xF3, 0xE0, 0x3C, 0x7E, 0xEE, 0xC3, 0xC3, 0xC3, 0xE7, 0x7E, 0x3C, 0x00, 0x7E,
    0x7E, 0x06, 0x06, 0x06, 0x06, 0x06, 0x06, 0x06, 0x07, 0x02, 0xC1, 0xF1, 0xD8, 0xCC, 0x67, 0x71,
    0xB0, 0xD8, 0x7C, 0x1E, 0x0E, 0x07, 0x00, 0x1C, 0x0E, 0x07, 0x87, 0xC3, 0x61, 0xB9, 0xCC, 0xC6,
    0x63, 0x71, 0xF0, 0x60, 0x00, 0x7C, 0xFC, 0xCE, 0xE6, 0xFE, 0x3E, 0x06, 0x06, 0x06, 0x07, 0x02,
    0x00, 0x08, 0xC7, 0x31, 0x9C, 0x06, 0x03, 0x00, 0xC0, 0x60, 0x38, 0x0C, 0xC7, 0x39, 0x84, 0x00,
    0x00, 0x46, 0x66, 0x60, 0x06, 0x66, 0x64, 0x02, 0x00, 0x18, 0x00, 0xC0, 0x06, 0x07, 0xB7, 0x9F,
    0xF8, 0x3E, 0x00, 0xF0, 0x0D, 0xC0, 0x46, 0x06, 0x18, 0x00, 0x00, 0x00, 0x00, 0x00, 0xF0, 0x07,
    0x80, 0x3C, 0x01, 0xF8, 0x3F, 0xFF, 0xCF, 0xFC, 0x03, 0xC0, 0x3E, 0x07, 0x60, 0x62, 0xC7, 0x7C,
    0x7F, 0xC3, 0xFC, 0x06, 0xE0, 0xE7, 0xFC, 0x3F, 0x80, 0x00, 0x15, 0x18, 0xB7, 0x80, 0x30, 0xC3,
    0x0C, 0x30, 0xC3, 0x0C, 0x30, 0xC3, 0x00, 0x18, 0x4F, 0xC0, 0x30, 0xC3, 0x0C, 0x30, 0xC3, 0x0C,
    0x30, 0xC3, 0x00, 0x18, 0x61, 0x86, 0x18, 0x61, 0x86, 0x18, 0x61, 0x86, 0x18, 0x71, 0x3F, 0x00,
    0x73, 0x1C, 0x80, 0xC1, 0xBB, 0x66, 0xED, 0x18, 0x30, 0x60, 0xC1, 0x83, 0x06, 0x0C, 0x00, 0x07,
    0x02, 0x01, 0xC0, 0x00, 0x01, 0xE0, 0xF8, 0xEC, 0x62, 0x3B, 0x9F, 0xC7, 0xC0, 0x60, 0xF1, 0xF0,
    0xF0, 0x40, 0x00, 0x1C, 0x3C, 0x1C, 0x18, 0x00, 0x1C, 0x30, 0x1C, 0x00, 0x3C, 0x3E, 0x76, 0x62,
    0x77, 0x7F, 0x3E, 0x06, 0x0E, 0x7C, 0x78, 0x40, 0x00, 0x70, 0x02, 0x00, 0x1C, 0x01, 0xC0, 0x00,
    0x00, 0xF8, 0x0F, 0xC0, 0xE4, 0x06, 0x06, 0x3E, 0x30, 0xF9, 0x81, 0xEC, 0x03, 0x70, 0x79, 0xFF,
    0x87, 0xF8, 0x00, 0x00, 0x07, 0x00, 0x28, 0x03, 0xC0, 0x00, 0x7C, 0x01, 0xE0, 0x0F, 0x00, 0x7E,
    0x0F, 0xFF, 0xF3, 0xFF, 0x00, 0x06, 0x00, 0x30, 0x00, 0x00, 0x0C, 0x00, 0x61, 0xE0, 0x0F, 0x00,
    0x78, 0x03, 0xF0, 0x7F, 0xFF, 0x9F, 0xF8, 0x00, 0x00, 0x01, 0xF0, 0x07, 0x80, 0x3C, 0x01, 0xF8,
    0x3F, 0xFF, 0xCF, 0xFC, 0x00, 0x00, 0x30, 0x01, 0x80, 0x00, 0x00, 0x60, 0x03, 0x00, 0x0D, 0x80,
    0x6C, 0x00, 0x07, 0x80, 0x3C, 0x01, 0xE0, 0x0F, 0xC1, 0xFF, 0xFE, 0x7F, 0xE0, 0x58, 0x01, 0x80,
    0x0D, 0x80, 0x6C, 0x00, 0x00, 0x0C, 0x00, 0x61, 0x20, 0x0F, 0x00, 0x78, 0x03, 0xF0, 0x7F, 0xFF,
    0x9F, 0xF8, 0x00, 0x00, 0x00, 0xF0, 0x07, 0x80, 0x3C, 0x01, 0xF8, 0x3F, 0xFF, 0xCF, 0xFC, 0x00,
    0x00, 0x6C, 0x03, 0x60, 0x0C, 0x00, 0x60, 0x00, 0x00, 0x0D, 0x80, 0x6C, 0x00, 0x00, 0x1B, 0x00,
    0xD9, 0xE0, 0x0F, 0x00, 0x78, 0x03, 0xF0, 0x7F, 0xFF, 0x9F, 0xF8, 0x00, 0x00, 0x00, 0xF0, 0x07,
    0x80, 0x3C, 0x01, 0xF8, 0x3F, 0xFF, 0xCF, 0xFC, 0x00, 0x00, 0x6C, 0x03, 0x60, 0x1B, 0x00, 0xD8,
    0x00, 0x00, 0x1C, 0x01, 0x00, 0x3C, 0x00, 0x00, 0x3E, 0x07, 0xF0, 0x27, 0xC0, 0x3E, 0x0F, 0xE3,
    0xC0, 0x30, 0x06, 0x00, 0x60, 0x06, 0x00, 0x60, 0x07, 0x82, 0x3F, 0xE1, 0xFE, 0x00, 0x00, 0x18,
    0x01, 0x80, 0x00, 0x01, 0x80, 0x18, 0x00, 0x00, 0x7E, 0x07, 0xF0, 0x23, 0xC0, 0x7E, 0x1F, 0xC3,
    0x80, 0x70, 0x06, 0x00, 0x60, 0x06, 0x00, 0x70, 0x07, 0xCE, 0x3F, 0xE0, 0xFC, 0x00, 0x07, 0xE0,
    0x7F, 0x00, 0x3C, 0x07, 0xE1, 0xF0, 0x38, 0x07, 0x00, 0x6D, 0x86, 0xD8, 0x60, 0x07, 0x00, 0x3C,
    0xE3, 0xFE, 0x0F, 0xC0, 0x3E, 0x07, 0xF0, 0x27, 0xC0, 0x3E, 0x0F, 0xE3, 0xC0, 0x30, 0x06, 0x30,
    0x63, 0x06, 0x00, 0x63, 0x07, 0xB0, 0x3F, 0xE1, 0xFE, 0x00, 0x00, 0x18, 0x01, 0x80, 0x00, 0x03,
    0x60, 0x36, 0x00, 0x00, 0x7E, 0x07, 0xF8, 0x23, 0xE0, 0x7E, 0x1F, 0xE3, 0x80, 0x30, 0x06, 0x00,
    0x60, 0x06, 0x00, 0x70, 0x03, 0xCE, 0x3F, 0xF0, 0xFE, 0x3C, 0x07, 0xF0, 0x27, 0xC0, 0x3E, 0x0F,
    0xE3, 0x80, 0x30, 0x06, 0xD8, 0x6D, 0x86, 0x30, 0x63, 0x07, 0x80, 0x3F, 0xE1, 0xFE, 0x00, 0x00,
    0x00, 0x07, 0xE0, 0x7F, 0x80, 0x3E, 0x07, 0xE1, 0xE0, 0x38, 0x07, 0xD8, 0x6D, 0x86, 0xD8, 0x6D,
    0x87, 0x00, 0x3C, 0xE3, 0xFE, 0x0F, 0xC0, 0x20, 0x38, 0x2C, 0x78, 0x00, 0x08, 0x1C, 0x0E, 0x06,
    0x07, 0x03, 0x07, 0x7E, 0x7C, 0x00, 0x08, 0x1C, 0x0E, 0x06, 0x03, 0x03, 0x07, 0x7E, 0x7C, 0x3C,
    0x18, 0x00, 0x18, 0x1C, 0x0E, 0x06, 0x03, 0x03, 0x07, 0x7E, 0x7C, 0x00, 0x18, 0x18, 0x00, 0x20,
    0x38, 0x28, 0x78, 0x00, 0x08, 0x1C, 0x0E, 0x06, 0x07, 0x03, 0x07, 0x7E, 0x7C, 0x00, 0x18, 0x18,
    0x00, 0x00, 0x6C, 0x6C, 0x00, 0x08, 0x1C, 0x0E, 0x06, 0x07, 0x03, 0x07, 0x7E, 0x7C, 0x00, 0x30,
    0xF0, 0xE0, 0xE0, 0xC1, 0xA7, 0xFF, 0xF0, 0x03, 0x66, 0xC0, 0x00, 0x00, 0x30, 0x30, 0x6C, 0x6C,
    0x00, 0x08, 0x1C, 0x0E, 0x06, 0x07, 0x03, 0x07, 0x7E, 0x7C, 0x00, 0x6C, 0x6C, 0x30, 0x30, 0x00,
    0x18, 0x1C, 0x0E, 0x06, 0x07, 0x03, 0x07, 0x7E, 0x7C, 0x00, 0x78, 0x78, 0x78, 0x78, 0x00, 0x18,
    0x1C, 0x0E, 0x06, 0x07, 0x03, 0x47, 0x7E, 0x7C, 0x00, 0x38, 0x59, 0xE0, 0x00, 0x03, 0x07, 0x06,
    0x0C, 0x18, 0x70, 0xC7, 0x9E, 0x30, 0x00, 0x14, 0x38, 0x60, 0x00, 0xC1, 0xC3, 0x83, 0x06, 0x0C,
    0x38, 0xE7, 0x8E, 0x00, 0x00, 0x00, 0x18, 0x38, 0x70, 0x60, 0xC1, 0x87, 0x3C, 0xF9, 0xD8, 0x60,
    0x0C, 0x18, 0x38, 0x30, 0x60, 0xC3, 0x8E, 0x78, 0xE0, 0x00, 0x60, 0xC0, 0x04, 0x18, 0x38, 0x30,
    0x60, 0xC3, 0x8E, 0x7C, 0xE0, 0x68, 0x70, 0xC0, 0x00, 0x30, 0x60, 0x00, 0x41, 0x83, 0x83, 0x06,
    0x0C, 0x38, 0xE7, 0x8E, 0x00, 0x06, 0x0C, 0x00, 0x6C, 0xD8, 0x00, 0x01, 0x83, 0x87, 0x06, 0x0C,
    0x38, 0x73, 0xCF, 0x18, 0x00, 0x00, 0x30, 0x61, 0xB3, 0x60, 0x00, 0x06, 0x0E, 0x1C, 0x18, 0x30,
    0xE3, 0x9F, 0x3C, 0x60, 0x00, 0x78, 0xF1, 0xE3, 0xC0, 0x03, 0x06, 0x0E, 0x0C, 0x18, 0x30, 0xE3,
    0x9E, 0x38, 0x40, 0x00, 0x06, 0x00, 0x00, 0xC0, 0x00, 0x01, 0x80, 0x03, 0x30, 0x1C, 0x66, 0x03,
    0x8C, 0xF0, 0x3B, 0xFE, 0x07, 0xFF, 0xC0, 0xFB, 0xD8, 0x18, 0x03, 0x87, 0x00, 0x3F, 0xC3, 0x07,
    0xF0, 0x60, 0x00, 0x00, 0x00, 0x00, 0x00, 0x60, 0x00, 0xCC, 0x07, 0x19, 0x80, 0xE3, 0x3C, 0x0E,
    0xFF, 0x81, 0xFF, 0xF0, 0x3E, 0xF6, 0x06, 0x00, 0xE1, 0xDB, 0x0F, 0xF3, 0x61, 0xFC, 0x00, 0x00,
    0x03, 0x00, 0x00, 0x60, 0x00, 0x00, 0x00, 0x00, 0xC0, 0x00, 0x18, 0x00, 0x0D, 0x80, 0x01, 0xB0,
    0x00, 0x00, 0xC0, 0x01, 0x98, 0x0E, 0x33, 0x01, 0xC6, 0x78, 0x1D, 0xFF, 0x03, 0xFF, 0xE0, 0x7D,
    0xEC, 0x0C, 0x01, 0xC3, 0xB6, 0x1F, 0xE6, 0xC3, 0xF8, 0x00, 0x00, 0x06, 0x00, 0x00, 0xC0, 0x00,
    0x01, 0xE0, 0x00, 0x1F, 0x80, 0x21, 0xCE, 0x03, 0x98, 0x30, 0x1D, 0xC1, 0xE0, 0x7C, 0x3F, 0x03,
    0xFF, 0xD8, 0x1F, 0xFC, 0xC0, 0xC0, 0x07, 0x0E, 0x00, 0x1F, 0xE0, 0x00, 0xFE, 0x00, 0x00, 0x00,
    0x00, 0x1B, 0x00, 0x00, 0xD8, 0x00, 0x00, 0x00, 0x00, 0x00, 0x00, 0xC0, 0x00, 0x06, 0x00, 0x00,
    0xD8, 0x00, 0x06, 0xC0, 0x00, 0x00, 0x00, 0x00, 0xF0, 0x00, 0x0F, 0xC0, 0x10, 0xE7, 0x01, 0xCC,
    0x18, 0x0E, 0xE0, 0xF0, 0x3E, 0x1F, 0x81, 0xFF, 0xEC, 0x0F, 0xFE, 0x60, 0x60, 0x03, 0x87, 0x00,
    0x0F, 0xF0, 0x00, 0x7F, 0x00, 0x00, 0x00, 0x00, 0x00, 0x18, 0xC0, 0xC6, 0x06, 0xD8, 0x36, 0xC1,
    0x80, 0x0C, 0xF0, 0x7F, 0xC3, 0xE7, 0x1C, 0x18, 0xE0, 0xCE, 0x1E, 0xFF, 0xEF, 0xFE, 0x00, 0x18,
    0x06, 0x03, 0x60, 0xD8, 0x00, 0x00, 0x03, 0xE1, 0xF0, 0x60, 0x18, 0x07, 0x30, 0xFC, 0x7E, 0x18,
    0x0C, 0x03, 0x00, 0xC0, 0x3C, 0xE7, 0xF8, 0xFE, 0x00, 0x00, 0x03, 0xC0, 0x1F, 0x80, 0x66, 0x01,
    0x8F, 0x06, 0x3C, 0x1F, 0xF0, 0x3E, 0xF0, 0x7B, 0xFF, 0xC7, 0xFE, 0x00, 0x00, 0x00, 0x03, 0xC0,
    0x1F, 0x80, 0x66, 0x01, 0x8F, 0x06, 0x3C, 0x1F, 0xF0, 0x3E, 0xF0, 0x7B, 0xFF, 0xC7, 0xFE, 0x00,
    0x00, 0x0C, 0x00, 0x30, 0x00, 0x00, 0x00, 0x00, 0x60, 0x01, 0x80, 0x00, 0x00, 0x3C, 0x01, 0xF8,
    0x06, 0x60, 0x19, 0xF0, 0x67, 0xC1, 0xFF, 0x03, 0xEF, 0x07, 0xBF, 0xFC, 0x7F, 0xE0, 0x00, 0x00,
    0xC0, 0x03, 0x00, 0x00, 0x00, 0x00, 0x60, 0x01, 0x80, 0x0D, 0x80, 0x36, 0x00, 0x00, 0x03, 0xC0,
    0x1F, 0x80, 0x66, 0x01, 0x8F, 0x06, 0x3C, 0x1F, 0xF0, 0x3E, 0xF0, 0x7B, 0xFF, 0xC7, 0xFE, 0x00,
    0x00, 0x00, 0x03, 0xC0, 0x1F, 0x80, 0x66, 0x01, 0x8F, 0x06, 0x3C, 0x1F, 0xF0, 0x3E, 0xF0, 0x7B,
    0xFF, 0xC7, 0xFE, 0x00, 0x00, 0x1B, 0x00, 0x6C, 0x00, 0xC0, 0x03, 0x00, 0x00, 0x00, 0x00, 0x00,
    0x03, 0xC0, 0x0F, 0x00, 0x3C, 0x00, 0xF0, 0x00, 0x00, 0x0F, 0x00, 0x7E, 0x01, 0x98, 0x06, 0x7C,
    0x19, 0xF0, 0x7F, 0xC0, 0xFB, 0xC1, 0xEF, 0xFF, 0x1F, 0xF8, 0x01, 0x80, 0x18, 0x00, 0x00, 0x3C,
    0x03, 0xE0, 0x76, 0x06, 0x6C, 0x77, 0xC7, 0xFC, 0x3F, 0xC0, 0x6E, 0x0E, 0x7F, 0xC3, 0xF8, 0x00,
    0x00, 0x01, 0x80, 0x18, 0x06, 0xC0, 0x6C, 0x00, 0x00, 0x3C, 0x03, 0xE0, 0x7E, 0x06, 0x6C, 0x77,
    0xC7, 0xFC, 0x3F, 0xC0, 0x6E, 0x0E, 0x7F, 0xC3, 0xF8, 0x00, 0x00, 0x00, 0x00, 0x00, 0x10, 0x01,
    0xC0, 0x1E, 0x01, 0xF0, 0x07, 0x00, 0x1E, 0x00, 0x3C, 0xC0, 0x3B, 0x00, 0x6C, 0x01, 0xBC, 0x3E,
    0xFF, 0xF1, 0xFF, 0x00, 0x01, 0x80, 0x00, 0x78, 0x00, 0x0F, 0x00, 0x01, 0xC0, 0x00, 0x18, 0x00,
    0x03, 0xFF, 0xFE, 0x3F, 0xFF, 0xF0, 0x00, 0x03, 0x00, 0x07, 0xFF, 0xFF, 0xFE, 0x7F, 0xFF, 0x00,
    0x00, 0x00, 0x00, 0x10, 0x01, 0xC0, 0x1F, 0x01, 0xFC, 0x07, 0x70, 0x1E, 0x00, 0x1C, 0xC0, 0x3B,
    0x00, 0x6C, 0x01, 0xBC, 0x3E, 0xFF, 0xF1, 0xFF, 0x00, 0x00, 0x00, 0x03, 0x00, 0x30, 0x00, 0x00,
    0x30, 0x03, 0x00, 0x30, 0x13, 0x06, 0x30, 0x63, 0x03, 0x3C, 0xE3, 0xC0, 0x3C, 0x03, 0xF1, 0xFF,
    0xFF, 0x7F, 0xC0, 0x00, 0x00, 0x00, 0xC0, 0x03, 0x00, 0x1B, 0x00, 0x6C, 0x00, 0x00, 0x03, 0x00,
    0x0C, 0x00, 0x30, 0x04, 0xC0, 0x73, 0x01, 0x8C, 0x03, 0x33, 0x38, 0xCC, 0x03, 0x30, 0x0C, 0xF1,
    0xF3, 0xFF, 0xC7, 0xFC, 0x00, 0x00, 0x00, 0x03, 0x00, 0x30, 0x03, 0x03, 0x30, 0x63, 0x0E, 0x30,
    0x23, 0xCE, 0x3C, 0x03, 0xC0, 0x3F, 0x1F, 0xFF, 0xF7, 0xFC, 0x00, 0x01, 0xB0, 0x1B, 0x00, 0x60,
    0x06, 0x00, 0x00, 0x00, 0x00, 0x00, 0x30, 0x01, 0xC0, 0x1D, 0x00, 0xDC, 0x05, 0xE0, 0x1F, 0x00,
    0x70, 0x01, 0xE0, 0x03, 0xCC, 0x03, 0xB0, 0x06, 0xC0, 0x1B, 0xC3, 0xEF, 0xFF, 0x1F, 0xF0, 0x00,
    0x00, 0x00, 0x30, 0x03, 0xC0, 0x1F, 0x01, 0xDC, 0x01, 0xF0, 0x1F, 0xC0, 0x77, 0x01, 0xE0, 0x01,
    0xCC, 0x03, 0xB0, 0x06, 0xC0, 0x1B, 0xC3, 0xEF, 0xFF, 0x1F, 0xF0, 0x00, 0x00, 0x1B, 0x10, 0x6D,
    0xC0, 0x1F, 0x00, 0xEC, 0x06, 0xF0, 0x0F, 0x00, 0x70, 0x01, 0xC0, 0x03, 0xCC, 0x03, 0xB0, 0x06,
    0xC0, 0x1B, 0xC3, 0xEF, 0xFF, 0x1F, 0xF0, 0x00, 0x00, 0x00, 0x10, 0x01, 0xC0, 0x1D, 0x00, 0xDC,
    0x03, 0xE0, 0x0F, 0x00, 0x70, 0x01, 0xE0, 0x01, 0xCC, 0x03, 0xB0, 0x06, 0xC0, 0x1B, 0xC3, 0xEF,
    0xFF, 0x1F, 0xF0, 0x00, 0x00, 0x36, 0x00, 0xD8, 0x00, 0x00, 0x00, 0x00, 0x00, 0x30, 0x01, 0xC0,
    0x1D, 0x01, 0xDC, 0x05, 0xE0, 0x1F, 0x00, 0x70, 0x01, 0xE0, 0x03, 0xCC, 0x03, 0xB0, 0x06, 0xC0,
    0x1B, 0xC3, 0xEF, 0xFF, 0x1F, 0xF0, 0x00, 0x00, 0x18, 0x00, 0x60, 0x00, 0x00, 0x06, 0x00, 0x18,
    0x00, 0x00, 0x00, 0x06, 0x00, 0x18, 0x01, 0xB1, 0x06, 0xDC, 0x01, 0xD0, 0x0F, 0xC0, 0x6F, 0x00,
    0xF0, 0x07, 0x00, 0x1E, 0x00, 0x3C, 0xC0, 0x3B, 0x00, 0x6C, 0x01, 0xBC, 0x3E, 0xFF, 0xF1, 0xFF,
    0x00, 0x01, 0x60, 0x38, 0x03, 0x00, 0x00, 0x0C, 0x01, 0x80, 0x30, 0x06, 0x00, 0xC0, 0x18, 0x03,
    0x00, 0x64, 0x0D, 0x81, 0xB0, 0x36, 0x06, 0xC1, 0xDE, 0x71, 0xFE, 0x1F, 0x80, 0x00, 0xC0, 0x30,
    0x00, 0x03, 0x00, 0xC0, 0x30, 0x0C, 0x03, 0x00, 0xC0, 0x30, 0x0C, 0x03, 0x40, 0xF0, 0x3C, 0x0F,
    0x03, 0xC1, 0xFC, 0xE7, 0xF8, 0xFC, 0x00, 0xC0, 0x18, 0x0D, 0x81, 0xB0, 0x00, 0x01, 0x80, 0x30,
    0x06, 0x00, 0xC0, 0x18, 0x03, 0x00, 0x60, 0x0C, 0x01, 0x90, 0x36, 0x06, 0xC0, 0xD8, 0x1B, 0x07,
    0x79, 0xC7, 0xF8, 0x7E, 0x00, 0x00, 0x00, 0x30, 0x0C, 0x03, 0x00, 0xC0, 0x30, 0x0C, 0x03, 0x00,
    0xC0, 0x3C, 0x0F, 0x03, 0xC0, 0xF0, 0x3E, 0x1D, 0xFE, 0x7F, 0x00, 0x00, 0x00, 0xD8, 0x36, 0x03,
    0x00, 0xC0, 0x00, 0x03, 0x00, 0xC0, 0x02, 0x01, 0xD0, 0x3C, 0x0F, 0x03, 0xC0, 0xF8, 0x7F, 0xF9,
    0xFC, 0x00, 0x00, 0x00, 0xC0, 0x30, 0x00, 0x80, 0x74, 0x0F, 0x03, 0xC0, 0xF0, 0x3C, 0x0F, 0xCF,
    0x7F, 0x8F, 0xC0, 0x10, 0x07, 0x01, 0x60, 0xF0, 0x00, 0x80, 0x74, 0x1F, 0x03, 0xC0, 0xF0, 0x3C,
    0x0F, 0xCF, 0x7F, 0x8F, 0xC0, 0x00, 0x03, 0x00, 0xC0, 0x02, 0x01, 0xD0, 0x3C, 0x0F, 0x03, 0xC0,
    0xF0, 0x3F, 0x3D, 0xFE, 0x3F, 0x05, 0x01, 0xC0, 0x00, 0x03, 0x00, 0xC0, 0xD8, 0x36, 0x00, 0x20,
    0x1C, 0x07, 0xC0, 0xF0, 0x3C, 0x0F, 0x03, 0xF3, 0xDF, 0xE3, 0xF0, 0x00, 0x03, 0x00, 0x78, 0x0F,
    0x83, 0xF8, 0x67, 0x8C, 0xF9, 0x9B, 0x3E, 0xFF, 0xFD, 0xFF, 0x00, 0x18, 0x01, 0x80, 0x00, 0x03,
    0xC0, 0x7F, 0x02, 0x7C, 0x03, 0xE0, 0xFE, 0x38, 0x03, 0x00, 0x6D, 0x86, 0xD8, 0x63, 0x06, 0x30,
    0x78, 0x03, 0xFE, 0x1F, 0xE0, 0x00, 0x38, 0x40, 0xE1, 0x01, 0x07, 0x1F, 0x37, 0xC7, 0x8F, 0x1F,
    0x77, 0xCF, 0x00, 0x10, 0x71, 0xF7, 0x7C, 0x78, 0xF1, 0xF7, 0x7C, 0xF0, 0x38, 0x40, 0xE1, 0x01,
    0x07, 0x1F, 0x37, 0xC7, 0x8F, 0x1F, 0x77, 0xCF, 0x00, 0x6C, 0xD8, 0x00, 0x01, 0x8F, 0x9B, 0x63,
    0xC7, 0x8F, 0xBB, 0xE7, 0x80, 0x3C, 0x3E, 0x76, 0x62, 0x77, 0x7F, 0x3E, 0x66, 0xDE, 0xFC, 0x70,
    0x40, 0x3C, 0x3E, 0x76, 0x62, 0x77, 0x7F, 0x3E, 0x06, 0x7E, 0x7C, 0x78, 0x60, 0x00, 0x1C, 0x18,
    0x08, 0x3C, 0x3E, 0x76, 0x62, 0x77, 0x7F, 0x3E, 0x06, 0x1E, 0x7C, 0x78, 0x40, 0x1C, 0x1C, 0x18,
    0x10, 0x3C, 0x3E, 0x76, 0x62, 0x77, 0x7F, 0x3E, 0x06, 0x0E, 0x7C, 0x78, 0x40, 0x08, 0x08, 0x08,
    0x08, 0x3C, 0x3E, 0x76, 0x62, 0x77, 0x7F, 0x3E, 0x06, 0x1E, 0x7C, 0x78, 0x40, 0x08, 0x1C, 0x14,
    0x00, 0x3C, 0x3E, 0x66, 0x62, 0x77, 0x7F, 0x3E, 0x06, 0x1E, 0x7C, 0x78, 0x40, 0x00, 0x36, 0x36,
    0x00, 0x3C, 0x3E, 0x76, 0x62, 0x73, 0x7F, 0x3E, 0x06, 0x0E, 0x7C, 0x78, 0x40, 0x00, 0x18, 0x18,
    0x36, 0x36, 0x00, 0x3C, 0x3E, 0x76, 0x62, 0x77, 0x7F, 0x3E, 0x06, 0x1E, 0x7C, 0x78, 0x40, 0x00,
    0x00, 0x0F, 0x80, 0xFC, 0x0E, 0x40, 0x60, 0x63, 0xE3, 0x0F, 0x98, 0x1E, 0xC0, 0x37, 0x07, 0x9F,
    0xF8, 0x7F, 0x80, 0x00, 0x00, 0x00, 0x00, 0x00, 0xF8, 0x03, 0xF0, 0x0E, 0x40, 0x18, 0x0E, 0x3E,
    0x3C, 0x3E, 0x18, 0x1E, 0x30, 0x0C, 0x70, 0x78, 0x7F, 0xE0, 0x7F, 0x80, 0x00, 0x00, 0x00, 0x07,
    0x8F, 0x98, 0xFC, 0x8E, 0x40, 0x60, 0x63, 0xE3, 0x0F, 0x98, 0x1E, 0xC0, 0x37, 0x07, 0x9F, 0xF8,
    0x7F, 0x80, 0x00, 0x00, 0x18, 0x18, 0x00, 0x3C, 0x3E, 0x76, 0x66, 0x77, 0x7F, 0x3E, 0x06, 0x1E,
    0x7C, 0x78, 0x40, 0x00, 0x00, 0x0F, 0x80, 0xFC, 0x0E, 0x40, 0x60, 0x63, 0xE3, 0x0F, 0x98, 0x1E,
    0xC0, 0x37, 0x07, 0x9F, 0xF8, 0x7F, 0x80, 0x00, 0x06, 0x00, 0x30, 0x00, 0x00, 0x0C, 0x00, 0x60,
    0x00, 0x00, 0x00, 0x0F, 0x80, 0xFC, 0x0E, 0x40, 0x60, 0x63, 0xE3, 0x0F, 0x98, 0x1E, 0xC0, 0x37,
    0x07, 0x9F, 0xF8, 0x7F, 0x80, 0x00, 0x0D, 0x80, 0x6C, 0x00, 0x00, 0x0C, 0x00, 0x60, 0x00, 0x00,
    0x01, 0x00, 0x00, 0xE0, 0x00, 0x70, 0x00, 0xF8, 0x00, 0x7C, 0x00, 0x38, 0x00, 0x0C, 0x00, 0x03,
    0xFF, 0xFF, 0x7F, 0xFF, 0xC0, 0x1C, 0x00, 0x06, 0x00, 0x01, 0xC0, 0x00, 0x40, 0x00, 0x01, 0x00,
    0x00, 0xE0, 0x00, 0x70, 0x00, 0xF8, 0x00, 0x7C, 0x00, 0x38, 0x00, 0x0C, 0x00, 0x03, 0xFF, 0xFF,
    0x7F, 0xFF, 0xC0, 0x03, 0xDE, 0x10, 0x71, 0xF7, 0x7C, 0x78, 0xF1, 0xF7, 0x7C, 0xF0, 0x30, 0x38,
    0x28, 0x00, 0x18, 0x1C, 0x0E, 0x06, 0x03, 0x03, 0x0F, 0x7E, 0x7C, 0x01, 0x1C, 0xC0, 0x00, 0x5D,
    0xB6, 0xDB, 0x6D, 0x80, 0x47, 0x8D, 0x9B, 0x77, 0xEF, 0x98, 0x30, 0x60, 0xC1, 0x80, 0x4D, 0xE6,
    0xDB, 0x6D, 0xB7, 0xFB, 0xF9, 0x80, 0xC0, 0x60, 0x30, 0x18, 0x00, 0xCF, 0xFF, 0x7C, 0x7C, 0x7F,
    0x7F, 0x60, 0x60, 0x60, 0x60, 0x60, 0x00, 0x10, 0x3C, 0x7C, 0x66, 0xC6, 0xC3, 0xC3, 0xDB, 0xFF,
    0xFF, 0x7E, 0x00, 0x3E, 0x7E, 0x60, 0x60, 0x7E, 0x3E, 0x1C, 0x38, 0x30, 0x70, 0x60, 0x00, 0xC1,
    0xF1, 0xD8, 0xCC, 0x67, 0x71, 0xB0, 0xD8, 0x7C, 0x1E, 0x0E, 0x07, 0x00, 0x1C, 0x0E, 0x07, 0x87,
    0xC3, 0x61, 0xB9, 0xCC, 0xC6, 0x63, 0x71, 0xF0, 0x60, 0x00, 0x7C, 0xFC, 0xCE, 0xE6, 0xFE, 0x3E,
    0x06, 0x06, 0x06, 0x07, 0x02, 0x00, 0x00, 0x00, 0x00, 0xC0, 0x00, 0x18, 0x00, 0x0D, 0x80, 0x01,
    0xB0, 0x00, 0x00, 0xC0, 0x01, 0x98, 0x0E, 0x33, 0x01, 0xC6, 0x78, 0x1D, 0xFF, 0x03, 0xFF, 0xE0,
    0x7D, 0xEC, 0x0C, 0x01, 0xC3, 0x80, 0x1F, 0xE1, 0x83, 0xF8, 0x30, 0x00, 0x00, 0x00, 0x00, 0x00,
    0xC0, 0x00, 0x06, 0x00, 0x00, 0x00, 0x00, 0x03, 0xC0, 0x00, 0x3F, 0x00, 0x43, 0x9C, 0x07, 0x30,
    0x60, 0x3B, 0x03, 0xC0, 0xF8, 0x7E, 0x07, 0xFF, 0xB0, 0x3F, 0xF9, 0x81, 0x80, 0x0E, 0x1C, 0x00,
    0x3F, 0xC3, 0x01, 0xFC, 0x18, 0x00, 0x00, 0x00, 0x18, 0x06, 0x00, 0x00, 0x00, 0x3E, 0x1F, 0x06,
    0x01, 0x80, 0x77, 0x0F, 0xC7, 0x83, 0x80, 0xCC, 0x33, 0x0C, 0x03, 0xCE, 0x7F, 0x8F, 0xC0, 0x3E,
    0x7E, 0x74, 0x60, 0x72, 0xFE, 0xFE, 0x00, 0x2C, 0x2C, 0x2C, 0x00, 0x07, 0x83, 0xE1, 0xDC, 0x63,
    0x78, 0xFF, 0x7C, 0xFF, 0x1E, 0xC0, 0x36, 0xCD, 0xB3, 0x6C, 0xE0, 0x10, 0x00, 0x01, 0x00, 0x70,
    0x0A, 0x04, 0x01, 0xC0, 0x3E, 0x0F, 0xE1, 0x9E, 0x33, 0xE6, 0x6C, 0xF9, 0xFF, 0xF7, 0xFC, 0x00,
    0x1B, 0x00, 0x03, 0x60, 0x00, 0x6C, 0x00, 0x0D, 0x80, 0x00, 0x06, 0x01, 0x0C, 0xC0, 0x71, 0x98,
    0x0E, 0x33, 0xC0, 0xEF, 0xF8, 0x1F, 0xFF, 0x03, 0xEF, 0x60, 0x60, 0x0E, 0x1C, 0x00, 0xFF, 0x00,
    0x1F, 0xC0, 0x00, 0x00, 0x00, 0x7C, 0x3F, 0x01, 0xC0, 0xE7, 0xF7, 0xFB, 0x9D, 0xFE, 0x73, 0x00,
    0x06, 0x07, 0x01, 0x80, 0x0F, 0x00, 0x60, 0x1C, 0x03, 0x00, 0x00, 0x1E, 0x03, 0xC0, 0xF8, 0x1B,
    0x83, 0x70, 0xE6, 0x1C, 0xE3, 0xFC, 0xFF, 0x9C, 0x3B, 0x87, 0x1C, 0x06, 0x03, 0x03, 0x01, 0x83,
    0xE1, 0xF8, 0x0E, 0x3F, 0x7F, 0xB9, 0xDC, 0xEF, 0xF3, 0xD8, 0x01, 0x00, 0x60, 0x30, 0xF0, 0x7E,
    0x00, 0x07, 0xC1, 0xF8, 0x07, 0x0F, 0xCF, 0xF3, 0x9C, 0xE7, 0x3F, 0xC7, 0xB0, 0x00, 0x0C, 0x00,
    0xC0, 0x0F, 0x00, 0xF0, 0x33, 0x00, 0x00, 0x78, 0x0F, 0x03, 0xE0, 0x7E, 0x0D, 0xC3, 0x98, 0x73,
    0x8F, 0xF1, 0xFE, 0x70, 0xEE, 0x1C, 0x00, 0x0C, 0x00, 0xC0, 0x07, 0x81, 0xF8, 0x00, 0x07, 0xC0,
    0xFC, 0x01, 0xC1, 0xF8, 0xFF, 0x1C, 0xE3, 0x9C, 0x7F, 0x87, 0xB0, 0x01, 0xE0, 0x06, 0x00, 0xE0,
    0xEC, 0x0F, 0x01, 0x98, 0x00, 0x00, 0xF0, 0x0F, 0x00, 0xF0, 0x1F, 0x81, 0x98, 0x19, 0x83, 0x9C,
    0x3F, 0xC3, 0xFC, 0x70, 0xE7, 0x0E, 0x07, 0x00, 0xC0, 0xC0, 0x43, 0xC3, 0x30, 0x00, 0xF8, 0x7E,
    0x03, 0x8F, 0xDF, 0xEE, 0x77, 0x3B, 0xFC, 0xF6, 0x34, 0x3F, 0x13, 0x00, 0x03, 0x83, 0xF0, 0x00,
    0xF8, 0x7E, 0x03, 0x8F, 0xDF, 0xEE, 0x77, 0x3B, 0xFC, 0xF6, 0x04, 0x03, 0xC0, 0x7C, 0x08, 0x80,
    0x00, 0x1C, 0x07, 0x80, 0xF0, 0x1F, 0x07, 0x60, 0xEC, 0x19, 0xC7, 0xF8, 0xFF, 0x1C, 0x77, 0x0E,
    0x00, 0x01, 0x80, 0x38, 0x06, 0x00, 0x38, 0x3F, 0x19, 0x00, 0x07, 0xC3, 0xF0, 0x1C, 0x0E, 0x7F,
    0x7F, 0xB9, 0xDF, 0xE7, 0x30, 0x00, 0x60, 0x70, 0x18, 0x00, 0x00, 0x00, 0x60, 0x0C, 0x03, 0x01,
    0x98, 0x3E, 0x03, 0xC0, 0x00, 0x0F, 0x01, 0xE0, 0x7C, 0x0F, 0xC1, 0xB8, 0x73, 0x0E, 0x71, 0xFE,
    0x3F, 0xCE, 0x1D, 0xC3, 0x80, 0x00, 0x06, 0x03, 0x03, 0x06, 0x61, 0xE0, 0x60, 0xF8, 0x7E, 0x03,
    0x8F, 0xDF, 0xEE, 0x77, 0x3B, 0xFC, 0xF6, 0x00, 0x18, 0x0C, 0x03, 0x06, 0x61, 0xE0, 0x60, 0xF8,
    0x7E, 0x03, 0x8F, 0xDF, 0xEE, 0x77, 0x3B, 0xFC, 0xF6, 0x32, 0x3F, 0x1B, 0x04, 0x86, 0x61, 0xE0,
    0x60, 0xF8, 0x7E, 0x03, 0x8F, 0xDF, 0xEE, 0x77, 0x3B, 0xFC, 0xF6, 0x00, 0x37, 0x0F, 0x03, 0x00,
    0x03, 0xE1, 0xF8, 0x0E, 0x07, 0x3F, 0xBF, 0xDC, 0xEF, 0xF3, 0x98, 0x00, 0x30, 0x38, 0x0C, 0x00,
    0x3C, 0x7E, 0xE7, 0xE7, 0xFF, 0xFF, 0xE0, 0x7F, 0x3E, 0x00, 0x0C, 0x1C, 0x0C, 0x1C, 0x0C, 0x0C,
    0x1C, 0x18, 0x3C, 0x7E, 0xE7, 0xFF, 0xFF, 0xE0, 0xE0, 0x7F, 0x3E, 0x36, 0x7E, 0x0C, 0x00, 0x3C,
    0x7E, 0xE7, 0xFF, 0xFF, 0xE0, 0xE0, 0x7F, 0x3E, 0x01, 0x00, 0x60, 0x30, 0xF8, 0x7E, 0x00, 0x03,
    0xC1, 0xF8, 0xE7, 0x3F, 0xCF, 0xF3, 0x80, 0xE0, 0x1F, 0xC3, 0xE0, 0x40, 0x70, 0x1C, 0x05, 0xC1,
    0xF1, 0xD8, 0x00, 0x7F, 0x3F, 0x9C, 0x0E, 0x07, 0xE3, 0xF1, 0xC0, 0xE0, 0x70, 0x3F, 0x9F, 0xC0,
    0x20, 0x18, 0x03, 0x00, 0x3C, 0x1F, 0x80, 0x00, 0xF0, 0x7E, 0x39, 0xCF, 0xF3, 0xFC, 0xE0, 0x38,
    0x07, 0xF0, 0xF8, 0x07, 0x01, 0xC1, 0xC0, 0x43, 0xC3, 0x30, 0x00, 0x78, 0x7E, 0x73, 0xBF, 0xDF,
    0xEE, 0x07, 0x01, 0xFC, 0x7C, 0x1C, 0x3E, 0x62, 0x00, 0x3C, 0x7E, 0xE7, 0xE7, 0xFF, 0xFF, 0xE0,
    0x7F, 0x3E, 0x00, 0x0C, 0x1C, 0x0C, 0x71, 0xCE, 0xE6, 0x39, 0xCE, 0x73, 0x9C, 0xE7, 0x38, 0xDF,
    0x0F, 0xFF, 0xFF, 0xFE, 0x37, 0xC0, 0x3F, 0x1F, 0xE6, 0x1B, 0x87, 0xE1, 0xF8, 0x7E, 0x1F, 0x87,
    0x61, 0x9F, 0xE3, 0xF0, 0x00, 0x0C, 0x03, 0x80, 0xC0, 0x3E, 0x3F, 0xB9, 0xDC, 0x7E, 0x3F, 0x1B,
    0x9C, 0xFE, 0x3E, 0x00, 0x06, 0x03, 0x81, 0x80, 0x1C, 0x06, 0x03, 0x03, 0x81, 0x81, 0xF1, 0xFD,
    0xCE, 0xE3, 0xF1, 0xF8, 0xDC, 0xE7, 0xF1, 0xF0, 0x00, 0x80, 0x18, 0x06, 0x06, 0x81, 0xE0, 0x7E,
    0x00, 0x01, 0xF8, 0x7F, 0x8C, 0x33, 0x87, 0x70, 0xEE, 0x1D, 0xC3, 0xB8, 0x73, 0x0C, 0x7F, 0x87,
    0xE0, 0x00, 0x00, 0x60, 0x30, 0x70, 0x7E, 0x00, 0x03, 0xE1, 0xFC, 0xE7, 0x38, 0xEE, 0x3B, 0x8C,
    0xE7, 0x1F, 0xC3, 0xE0, 0x40, 0x30, 0x06, 0x00, 0xB0, 0x1E, 0x0F, 0xC0, 0x00, 0xFC, 0x7F, 0x98,
    0x6E, 0x1F, 0x87, 0xE1, 0xF8, 0x7E, 0x1D, 0x86, 0x7F, 0x8F, 0xC0, 0x40, 0x38, 0x06, 0x00, 0x38,
    0x3F, 0x00, 0x01, 0xF0, 0xFE, 0x73, 0x9C, 0x77, 0x1D, 0xC6, 0x73, 0x8F, 0xE1, 0xF0, 0x07, 0x80,
    0xC0, 0xE0, 0x61, 0xC3, 0xB0, 0x00, 0x7C, 0x7F, 0x73, 0xB8, 0xFC, 0x7E, 0x37, 0x39, 0xFC, 0x7C,
    0x32, 0x3F, 0x0B, 0x00, 0x01, 0xC3, 0xF0, 0x00, 0x7C, 0x7F, 0x73, 0xB8, 0xFC, 0x7E, 0x37, 0x39,
    0xFC, 0x7C, 0x04, 0x07, 0x83, 0xF0, 0xCC, 0x00, 0x0F, 0xC7, 0xF9, 0x86, 0xE1, 0xF8, 0x7E, 0x1F,
    0x87, 0xE1, 0xD8, 0x67, 0xF8, 0xFC, 0x00, 0x03, 0x00, 0xE0, 0x30, 0x1C, 0x1F, 0x08, 0x80, 0x03,
    0xE3, 0xFB, 0x9D, 0xC7, 0xE3, 0xF1, 0xB9, 0xCF, 0xE3, 0xE0, 0x00, 0x60, 0x38, 0x18, 0x00, 0x00,
    0x07, 0x03, 0xC0, 0x80, 0x00, 0xCF, 0xB7, 0xFF, 0x9C, 0xE3, 0x38, 0xEE, 0x33, 0x9C, 0x7F, 0x0F,
    0x80, 0x00, 0x0E, 0x01, 0xC0, 0x10, 0x00, 0xCF, 0xB7, 0xFF, 0x9C, 0xE3, 0x38, 0xEE, 0x33, 0x9C,
    0x7F, 0x0F, 0x80, 0x1E, 0x00, 0xC0, 0x38, 0x06, 0x00, 0x06, 0x00, 0xCF, 0xDB, 0xFE, 0x61, 0x9C,
    0x3B, 0x87, 0x70, 0xEE, 0x1D, 0xC3, 0x98, 0x63, 0xFC, 0x3F, 0x00, 0x1C, 0x03, 0x00, 0xC0, 0x70,
    0x08, 0x0F, 0xB7, 0xFF, 0x9C, 0xE3, 0x38, 0xEE, 0x33, 0x9C, 0x7F, 0x0F, 0x80, 0x3A, 0x1F, 0x82,
    0xC0, 0x03, 0x3E, 0xDF, 0xFE, 0x73, 0x8C, 0xE3, 0xB8, 0xCE, 0x71, 0xFC, 0x3E, 0x00, 0x00, 0x00,
    0x33, 0xED, 0xFF, 0xE7, 0x38, 0xCE, 0x3B, 0x8C, 0xE7, 0x1F, 0xC3, 0xE0, 0x00, 0x18, 0x07, 0x01,
    0x80, 0xE7, 0xE7, 0xE7, 0xE7, 0xE7, 0xE7, 0xE7, 0xFF, 0x77, 0x00, 0x18, 0x38, 0x18, 0x1C, 0x03,
    0x03, 0x01, 0x00, 0x00, 0x03, 0x8F, 0xC7, 0xE3, 0xF1, 0xF8, 0xFC, 0x7E, 0x3F, 0x1F, 0x8E, 0xFE,
    0x3E, 0x00, 0x38, 0x0C, 0x0C, 0x18, 0x10, 0xE7, 0xE7, 0xE7, 0xE7, 0xE7, 0xE7, 0xE7, 0xFF, 0x77,
    0x08, 0x0F, 0x03, 0x80, 0x00, 0x00, 0xF9, 0xFE, 0x7B, 0x9C, 0xE7, 0x39, 0xCE, 0x73, 0x9C, 0xFF,
    0x1D, 0xC0, 0x30, 0x0E, 0x01, 0xC0, 0x00, 0x00, 0xF9, 0xFE, 0x7B, 0x9C, 0xE7, 0x39, 0xCE, 0x73,
    0x9C, 0xFF, 0x1D, 0xC0, 0x38, 0x03, 0x00, 0xC0, 0x60, 0x18, 0x39, 0xFE, 0x7F, 0x9C, 0xE7, 0x39,
    0xCE, 0x73, 0x9C, 0xFF, 0x1D, 0xC0, 0x36, 0x1F, 0x84, 0xC0, 0x03, 0xE7, 0xF9, 0xEE, 0x73, 0x9C,
    0xE7, 0x39, 0xCE, 0x73, 0xFC, 0x77, 0x00, 0x00, 0x00, 0x3E, 0x7F, 0x9E, 0xE7, 0x39, 0xCE, 0x73,
    0x9C, 0xE7, 0x3F, 0xC7, 0x70, 0x00, 0x18, 0x0E, 0x01, 0x80, 0xFF, 0xFE, 0x09, 0x24, 0x92, 0x49,
    0x24, 0x92, 0x03, 0xC9, 0x24, 0x92, 0x49, 0x24, 0x80, 0x03, 0x92, 0x49, 0x24, 0x92, 0x49, 0x20,
    0xFF, 0xFF, 0xFF, 0xFF, 0xFF, 0x6B, 0x7C, 0x67, 0x66, 0x40, 0x64, 0x9B, 0x37, 0xEC, 0xC0, 0x66,
    0xFD, 0x9B, 0x24, 0xC0, 0x66, 0xFD, 0x9B, 0x24, 0xC0, 0xC6, 0x6E, 0xE7, 0xC6, 0x60, 0x73, 0x8C,
    0x63, 0x18, 0x04, 0x4B, 0x80, 0x77, 0xBB, 0xCC, 0x66, 0x33, 0x19, 0x8C, 0x00, 0x7F, 0x71, 0x9C,
    0x63, 0x18, 0xE6, 0x39, 0x86, 0xE1, 0xF9, 0xFC, 0x7C, 0x00, 0x78, 0x06, 0x3C, 0x06, 0x1E, 0x0E,
    0x3F, 0x8E, 0x33, 0xCC, 0x71, 0xFC, 0x70, 0x78, 0x60, 0x3C, 0x60, 0x1E, 0xFF, 0xFF, 0xFF, 0xF0,
    0x03, 0x80, 0x0C, 0x00, 0x30, 0x00, 0xC0, 0x03, 0x00, 0x0C, 0x00, 0x30, 0xFF, 0xFB, 0xFF, 0xF0,
    0x01, 0xF0, 0x03, 0xC0, 0x0F, 0x00, 0x3C, 0x00, 0xF0, 0x03, 0xC0, 0x0C, 0x7F, 0xF8, 0xFF, 0xF8,
    0x00, 0x70, 0x00, 0x60, 0x00, 0xC0, 0x01, 0x80, 0x07, 0x3F, 0xFE, 0x7F, 0xF8, 0x00, 0x06, 0x00,
    0x30, 0x01, 0x80, 0x0F, 0xFF, 0x7F, 0xFC, 0x00, 0xE0, 0x03, 0x00, 0x38, 0x01, 0xC0, 0x0E, 0x00,
    0xE0, 0x0E, 0x00, 0x00, 0xFF, 0xFD, 0xFF, 0xFC, 0xC0, 0x3B, 0x00, 0x36, 0x00, 0x6C, 0x00, 0xD8,
    0x01, 0xBF, 0xFF, 0x7F, 0xFE, 0xFF, 0xF3, 0xFF, 0xE0, 0x01, 0x80, 0x06, 0x00, 0x18, 0x00, 0x60,
    0x01, 0x80, 0x06, 0x00, 0x18, 0x7F, 0xFE, 0x7F, 0xFF, 0x30, 0x07, 0x30, 0x03, 0x30, 0x03, 0x30,
    0x03, 0x30, 0x03, 0x70, 0x03, 0x70, 0x03, 0x0C, 0x06, 0x03, 0x01, 0x8F, 0xFF, 0xFC, 0x00, 0x20,
    0x00, 0xE6, 0x66, 0x66, 0x66, 0x66, 0x66, 0x7E, 0xE7, 0x8E, 0x71, 0xC7, 0xF8, 0x3F, 0x00, 0x40,
    0x00, 0x00, 0xE6, 0x66, 0x66, 0x66, 0x66, 0x66, 0x7E, 0xE7, 0x8E, 0x71, 0xC7, 0xF8, 0x3F, 0x00,
    0x00, 0x20, 0x00, 0xE6, 0x66, 0x66, 0x66, 0x66, 0x66, 0x7F, 0xE7, 0x8E, 0x71, 0xC7, 0xF8, 0x3F,
    0x00, 0x40, 0x00, 0x00, 0xE6, 0x66, 0x66, 0x66, 0x66, 0x66, 0x7F, 0xE7, 0x8E, 0x71, 0xC7, 0xF8,
    0x3F, 0x00, 0x71, 0x8C, 0x63, 0x98, 0xF6, 0x7F, 0x9D, 0xC6, 0x71, 0x8E, 0x61, 0xC0, 0x00, 0xE0,
    0x71, 0x8C, 0x63, 0x98, 0xF6, 0x7F, 0x9D, 0xC6, 0x71, 0x8E, 0x61, 0xC0, 0x00, 0xE0, 0x10, 0x04,
    0x00, 0x71, 0x9C, 0x63, 0x98, 0xF6, 0x3F, 0x9F, 0xC6, 0x71, 0xEE, 0x61, 0xC0, 0xFC, 0x7F, 0x01,
    0x80, 0xC1, 0x60, 0x30, 0x19, 0xFF, 0xFF, 0x80, 0x78, 0xF8, 0x31, 0xE0, 0xC7, 0x9F, 0x37, 0x4E,
    0xFF, 0xFF, 0x04, 0x0C, 0x2C, 0x0C, 0x0C, 0x0C, 0x0C, 0xFE, 0xFF, 0x07, 0xDB, 0xC3, 0xC3, 0xC3,
    0xC3, 0xC3, 0x77, 0x8C, 0x6F, 0x18, 0xC6, 0x30, 0xFF, 0xF3, 0x8C, 0xB0, 0xC3, 0x0C, 0x30, 0xEF,
    0x3B, 0xE6, 0x39, 0x86, 0x65, 0x98, 0x66, 0x39, 0xFC, 0x7E, 0x00, 0x73, 0x8D, 0x63, 0x18, 0xFC,
    0xFE, 0x06, 0x06, 0x26, 0x06, 0x06, 0x06, 0x06, 0x06, 0x06, 0x06, 0x06, 0xFC, 0xFE, 0x0E, 0x06,
    0x36, 0x06, 0x0E, 0xFE, 0xFC, 0x00, 0xC0, 0xC0, 0xC0, 0xFC, 0xFE, 0x0E, 0x06, 0x26, 0x06, 0x0E,
    0x1C, 0x18, 0x10, 0x6F, 0x1F, 0xE7, 0x39, 0x86, 0x65, 0x98, 0x6E, 0x1B, 0xBE, 0xEF, 0x80, 0x71,
    0xE1, 0x86, 0x58, 0x61, 0x9E, 0xF8, 0xFE, 0x7F, 0x98, 0xFD, 0x7C, 0x1F, 0x1F, 0x8E, 0xFE, 0x3E,
    0x00, 0x3E, 0x3F, 0xB8, 0xFC, 0x7E, 0x7B, 0x8C, 0xC6, 0x03, 0x01, 0x80, 0xC0, 0x60, 0x30, 0x18,
    0x3E, 0x3F, 0xB8, 0xFC, 0x7F, 0x5B, 0x9C, 0x0E, 0xFE, 0x7E, 0x00, 0x71, 0x8E, 0x61, 0x98, 0x7E,
    0x0F, 0x09, 0xC0, 0x39, 0xFE, 0x7F, 0x80, 0xFE, 0x7F, 0x81, 0xC0, 0x6C, 0xB6, 0x1B, 0x1D, 0x9C,
    0xCC, 0x60, 0x30, 0x18, 0x0C, 0x00, 0xFC, 0xFE, 0x06, 0x06, 0x26, 0x06, 0x06, 0x06, 0x06, 0xE6,
    0x66, 0x66, 0x66, 0x66, 0x66, 0x7F, 0xE7, 0x8E, 0x71, 0xC7, 0xF8, 0x3F, 0x00, 0x7F, 0x9F, 0xF3,
    0x1C, 0xD3, 0x30, 0xCC, 0x33, 0x0D, 0xC3, 0x70, 0xC0, 0x20, 0x1D, 0xE3, 0x18, 0xC6, 0x31, 0x8C,
    0x3C, 0x00, 0x3F, 0x1F, 0xC0, 0x60, 0x30, 0x18, 0x0C, 0x06, 0x7F, 0xFF, 0xE0, 0x78, 0x00, 0xFC,
    0xFE, 0x0E, 0x06, 0x06, 0x06, 0x0E, 0xFE, 0xFC, 0x3E, 0x00, 0x0F, 0x8F, 0xEE, 0x3F, 0x1F, 0xC6,
    0xE7, 0x03, 0xBF, 0x9F, 0x80, 0xC0, 0x60, 0x30, 0x18, 0x0E, 0x37, 0x99, 0xCC, 0x76, 0x1F, 0x07,
    0x03, 0x80, 0xE0, 0x38, 0x18, 0xB7, 0x80, 0x30, 0xC3, 0x0C, 0x30, 0xC3, 0x0C, 0x38, 0xF1, 0xC0,
    0x00, 0x00, 0xC0, 0x18, 0xC0, 0x18, 0xC0, 0x18, 0xF0, 0xFC, 0xFF, 0xFF, 0x7F, 0xC7, 0x00, 0x00,
    0x06, 0x00, 0x06, 0x00, 0x00, 0x00, 0x06, 0x00, 0x06, 0x00, 0x11, 0xC6, 0x33, 0xFF, 0xC0, 0x31,
    0x80, 0x63, 0x00, 0x18, 0x18, 0x18, 0x3C, 0x7E, 0x6E, 0x00, 0x18, 0x18, 0x00, 0x18, 0x18, 0x00,
    0x00, 0xC0, 0x18, 0xC0, 0x18, 0xC0, 0x18, 0xF0, 0xFC, 0xFF, 0xFF, 0x7F, 0xC7, 0x00, 0x00, 0x1B,
    0x00, 0x1B, 0x00, 0x00, 0x00, 0x06, 0x00, 0x06, 0x00, 0x18, 0x61, 0x86, 0x39, 0xE7, 0x00, 0x6D,
    0xB0, 0x0C, 0x30, 0x30, 0x60, 0xC1, 0xCF, 0xFD, 0xC0, 0x36, 0x6C, 0x00, 0xC1, 0x80, 0x00, 0x00,
    0xC0, 0x18, 0xC0, 0x18, 0xC0, 0x18, 0xF0, 0xFC, 0xFF, 0xFF, 0x7F, 0xC7, 0x00, 0x00, 0x1B, 0x00,
    0x1B, 0x00, 0x00, 0x00, 0x1B, 0x00, 0x1B, 0x00, 0x00, 0x00, 0x10, 0xC6, 0x33, 0xFF, 0xC0, 0x7B,
    0xC0, 0xF7, 0x80, 0x30, 0xC3, 0x1E, 0xFF, 0xB0, 0x1E, 0x78, 0x07, 0x9E, 0x00, 0x03, 0x00, 0x03,
    0x00, 0x00, 0x00, 0x03, 0x00, 0x03, 0x00, 0xC0, 0x18, 0xC0, 0x18, 0xC0, 0x18, 0xF0, 0xFC, 0xFF,
    0xFF, 0x7F, 0xC7, 0x01, 0x8C, 0x63, 0x00, 0x63, 0x18, 0xCE, 0xF7, 0x00, 0x00, 0x18, 0x18, 0x18,
    0x18, 0x00, 0x18, 0x18, 0x18, 0x3C, 0x7E, 0x6E, 0x00, 0x00, 0x07, 0x80, 0x07, 0x80, 0x07, 0x80,
    0x07, 0x80, 0xC0, 0x18, 0xC0, 0x18, 0xC0, 0x18, 0xF0, 0xFC, 0xFF, 0xFF, 0x7F, 0xC7, 0x03, 0xDE,
    0xF7, 0x80, 0x43, 0x18, 0xCE, 0xF7, 0x00, 0x79, 0xE7, 0x9E, 0x00, 0xC3, 0x0C, 0x7B, 0xFF, 0xC0,
    0x02, 0x00, 0x03, 0x80, 0x02, 0x80, 0x07, 0x80, 0x00, 0x00, 0xC0, 0x18, 0xC0, 0x18, 0xF0, 0xFC,
    0xFF, 0xFF, 0x7F, 0xC7, 0x20, 0xF2, 0xDF, 0x00, 0x21, 0xC3, 0x0C, 0x77, 0xDE, 0x20, 0x70, 0xA3,
    0xC0, 0x06, 0x0C, 0x18, 0x79, 0xFB, 0xB0, 0x00, 0x30, 0x00, 0x18, 0x00, 0x1B, 0x00, 0x0D, 0x80,
    0x00, 0x00, 0x00, 0x00, 0x01, 0xF0, 0x01, 0xFC, 0x40, 0xCE, 0x60, 0x63, 0x30, 0x33, 0x9E, 0x0F,
    0x8F, 0xFF, 0xF3, 0xFE, 0x78, 0x00, 0x18, 0x18, 0x36, 0x36, 0x00, 0x3C, 0x3E, 0x76, 0x62, 0x77,
    0x7F, 0x3E, 0x0E, 0xFE, 0xF8, 0x0C, 0x01, 0x80, 0x6C, 0x0D, 0x80, 0x00, 0x00, 0x07, 0xC1, 0xFC,
    0x33, 0x86, 0x30, 0xCE, 0x0F, 0x8F, 0xFD, 0xF7, 0x80, 0x00, 0x78, 0x00, 0x3C, 0x00, 0x00, 0x00,
    0x0F, 0x00, 0x07, 0x80, 0x00, 0x00, 0x01, 0xF0, 0x01, 0xFC, 0x40, 0xCE, 0x60, 0x63, 0x30, 0x33,
    0x1E, 0x0F, 0x8F, 0xFF, 0xF3, 0xFE, 0x78, 0x00, 0x3C, 0x3C, 0x3C, 0x3C, 0x00, 0x3C, 0x3E, 0x7E,
    0x66, 0x77, 0x7F, 0x3E, 0x1E, 0xFE, 0xF8, 0x1E, 0x03, 0xC0, 0x00, 0x0F, 0x01, 0xE0, 0x00, 0x07,
    0xC1, 0xFC, 0x33, 0x86, 0x30, 0xCC, 0x0F, 0x8F, 0xFD, 0xF7, 0x80, 0x3E, 0x03, 0xF8, 0x0D, 0xF0,
    0x03, 0xC0, 0xFE, 0x0F, 0xE0, 0xE3, 0x8E, 0x6E, 0x63, 0x33, 0x00, 0x18, 0xC0, 0xF6, 0x03, 0xFE,
    0x0F, 0xF0, 0x00, 0x00, 0x00, 0x01, 0xF8, 0x0F, 0xE0, 0x03, 0x80, 0x0F, 0x01, 0xF8, 0xFF, 0x0F,
    0x80, 0x70, 0x00, 0x00, 0x01, 0x80, 0x0C, 0x00, 0x00, 0x03, 0x00, 0x18, 0x00, 0x00, 0x01, 0xF0,
    0x0F, 0xE0, 0x47, 0xC0, 0x1E, 0x03, 0xF0, 0xFB, 0x9F, 0x0F, 0xE0, 0x38, 0x18, 0x00, 0xC0, 0x00,
    0x00, 0x30, 0x01, 0x80, 0x00, 0x03, 0xF0, 0x1F, 0xE0, 0x07, 0xC0, 0x7E, 0x0E, 0x60, 0xC3, 0xCE,
    0x0E, 0x6D, 0x83, 0x6C, 0x18, 0x00, 0xE0, 0x03, 0xCE, 0x1F, 0xF0, 0x3F, 0x00, 0x00, 0x01, 0xF8,
    0x0F, 0xF0, 0x23, 0xC0, 0x07, 0x81, 0xFC, 0x7F, 0x8F, 0xC0, 0x70, 0x00, 0x00, 0x03, 0x60, 0x1B,
    0x00, 0x00, 0x00, 0x00, 0x00, 0xFC, 0x03, 0xFC, 0x00, 0x7C, 0x00, 0xF0, 0x1F, 0xC3, 0xF6, 0x3F,
    0x1E, 0xF0, 0x38, 0x00, 0x00, 0x6C, 0x01, 0xB0, 0x3E, 0x03, 0xF8, 0x09, 0xF0, 0x0F, 0xC1, 0xFE,
    0x1E, 0x70, 0xC3, 0xCD, 0xBE, 0x6D, 0x83, 0x30, 0x19, 0x80, 0xF0, 0x43, 0xFE, 0x0F, 0xF0, 0x00,
    0x00, 0x00, 0x07, 0xE0, 0x7F, 0x82, 0x3C, 0x00, 0xE0, 0x7F, 0x3F, 0xCF, 0xC0, 0xE0, 0x00, 0x00,
    0x1B, 0x01, 0xB0, 0x00, 0x00, 0xC0, 0x0C, 0x00, 0x00, 0x00, 0xFC, 0x03, 0xF8, 0x00, 0x7C, 0x01,
    0xF0, 0x1F, 0xC3, 0xEE, 0x1E, 0x1E, 0xE0, 0x38, 0x00, 0x00, 0x6C, 0x01, 0xB0, 0x03, 0x00, 0x0C,
    0x00, 0x00, 0x03, 0xF0, 0x1F, 0xE0, 0x47, 0xC0, 0x7E, 0x0F, 0xF0, 0xF3, 0x87, 0xBE, 0x6D, 0xB3,
    0x6C, 0x1B, 0x60, 0xE0, 0x03, 0xCE, 0x1F, 0xF8, 0x3F, 0x80, 0x00, 0x03, 0xF0, 0x3F, 0x80, 0x1C,
    0x00, 0xF0, 0x3F, 0x1F, 0xC7, 0xC0, 0x70, 0x00, 0x00, 0x0F, 0x00, 0xF0, 0x00, 0x00, 0xF0, 0x0F,
    0x00, 0x00, 0x00, 0x01, 0xF0, 0x0F, 0xE0, 0x47, 0xC0, 0x1E, 0x03, 0xF0, 0xFB, 0x9F, 0x0F, 0xE0,
    0x38, 0x3C, 0x01, 0xE0, 0x00, 0x00, 0x78, 0x03, 0xC0, 0x00, 0x07, 0x01, 0xC0, 0x30, 0x0E, 0x01,
    0x80, 0x71, 0x3E, 0x7F, 0xBF, 0x60, 0x01, 0xB0, 0x6C, 0x00, 0x00, 0x00, 0x1B, 0x06, 0xC0, 0x00,
    0x08, 0x07, 0x01, 0xC0, 0x30, 0x0E, 0x01, 0x84, 0xF3, 0xFE, 0xF9, 0x80, 0x00, 0x18, 0x0C, 0x0D,
    0x86, 0xC0, 0x00, 0x20, 0x30, 0x1C, 0x06, 0x03, 0x80, 0xC4, 0xF7, 0xFF, 0xE6, 0x20, 0x1C, 0x0A,
    0x0F, 0x00, 0x00, 0x40, 0x60, 0x38, 0x0C, 0x07, 0x01, 0x81, 0xEF, 0xFF, 0xCC, 0x18, 0x0C, 0x0D,
    0x86, 0xC0, 0x00, 0x00, 0x30, 0x1C, 0x0E, 0x03, 0x81, 0xE0, 0xF0, 0xE1, 0xE1, 0xE0, 0xE0, 0x00,
    0x00, 0x10, 0x0E, 0x05, 0x07, 0x80, 0x00, 0x00, 0x30, 0x1C, 0x06, 0x03, 0x81, 0xE0, 0xE0, 0xE1,
    0xE1, 0xE0, 0xE0, 0x00, 0x00, 0x00, 0x00, 0x00, 0x07, 0x00, 0x0F, 0x00, 0x0F, 0x00, 0x0E, 0x00,
    0x06, 0x00, 0x03, 0x81, 0x80, 0xC0, 0xC0, 0x30, 0x60, 0x1C, 0x3C, 0x3F, 0x9F, 0xFD, 0xE7, 0xFC,
    0x70, 0x00, 0x07, 0x1E, 0x7C, 0x70, 0xF0, 0x7C, 0x1C, 0x06, 0x06, 0x1E, 0xFC, 0xF8, 0x00, 0x00,
    0x70, 0x3C, 0x0F, 0x03, 0x80, 0x60, 0x0E, 0x00, 0xC0, 0x1C, 0x01, 0xC0, 0x7E, 0x3D, 0xE7, 0x1C,
    0x00, 0x06, 0x00, 0x06, 0x00, 0x0E, 0x00, 0x0D, 0xC0, 0x0B, 0xC0, 0x03, 0xC0, 0x03, 0x80, 0x01,
    0x80, 0x00, 0xE0, 0x60, 0x30, 0x30, 0x0C, 0x18, 0x07, 0x0F, 0x0F, 0xE7, 0xFF, 0x79, 0xFF, 0x1C,
    0x03, 0x06, 0x1C, 0x77, 0x5E, 0x7C, 0x70, 0xF0, 0x7C, 0x1C, 0x06, 0x06, 0x1E, 0xFC, 0xF8, 0x01,
    0x80, 0x60, 0x38, 0x1D, 0xC2, 0xF0, 0x3C, 0x0E, 0x01, 0x80, 0x38, 0x03, 0x00, 0x70, 0x07, 0x01,
    0xF8, 0xF7, 0x9C, 0x70, 0x00, 0x06, 0x00, 0x06, 0x00, 0x0E, 0x00, 0x0D, 0xC0, 0x0F, 0xC0, 0x03,
    0xC0, 0x03, 0x80, 0x01, 0x80, 0x00, 0xE0, 0x60, 0x30, 0x30, 0x0C, 0x18, 0x07, 0x0F, 0x0F, 0xE7,
    0xFF, 0x79, 0xFF, 0x1C, 0x00, 0x00, 0x06, 0x00, 0x03, 0x00, 0x00, 0x00, 0x00, 0xC0, 0x00, 0x60,
    0x00, 0x01, 0x07, 0x1F, 0x3F, 0x6F, 0x3C, 0x70, 0x70, 0x3C, 0x0E, 0x06, 0x06, 0x1E, 0x7C, 0x78,
    0x00, 0x30, 0x30, 0x00, 0x30, 0x30, 0x00, 0x80, 0x70, 0x3A, 0x0D, 0xC3, 0xF8, 0x3C, 0x0E, 0x01,
    0x80, 0x38, 0x03, 0x80, 0x70, 0x07, 0x01, 0xF8, 0xF7, 0xDC, 0x38, 0x00, 0x06, 0x00, 0xC0, 0x00,
    0x03, 0x00, 0x60, 0x00, 0x00, 0x01, 0xE1, 0x00, 0xF3, 0x80, 0x07, 0x00, 0x06, 0xE0, 0x06, 0xE0,
    0x01, 0xE0, 0x01, 0xC0, 0x00, 0xC0, 0x00, 0x60, 0x30, 0x18, 0x18, 0x0E, 0x0C, 0x07, 0x87, 0x87,
    0xF3, 0xFF, 0xBC, 0xFF, 0x8E, 0x00, 0x6C, 0x76, 0xE0, 0xF1, 0xD8, 0xBC, 0x78, 0x78, 0x38, 0x1F,
    0x03, 0xC0, 0x60, 0x30, 0x78, 0xF8, 0x78, 0x00, 0x1B, 0x13, 0x6E, 0x03, 0xC1, 0xD8, 0x2F, 0x07,
    0x81, 0xE0, 0x30, 0x07, 0x00, 0x70, 0x07, 0x00, 0xF0, 0x3F, 0x1F, 0x7B, 0x87, 0x00, 0x00, 0x1C,
    0x01, 0xCC, 0x0E, 0xC0, 0xFC, 0x0F, 0xC0, 0xCE, 0x1C, 0x7F, 0x87, 0xF0, 0x00, 0x00, 0x1C, 0x01,
    0x60, 0x3C, 0x00, 0x08, 0x01, 0xC0, 0x1C, 0xC0, 0xEC, 0x0F, 0xC0, 0xFC, 0x0C, 0xE1, 0xC7, 0xF8,
    0x7F, 0x00, 0x00, 0x20, 0xF2, 0xDF, 0x00, 0x21, 0xC3, 0x0C, 0x77, 0xDE, 0x20, 0x70, 0xA3, 0xC0,
    0x06, 0x0C, 0x18, 0x79, 0xFB, 0xB0, 0x06, 0x06, 0x03, 0xC1, 0x80, 0x60, 0x30, 0x78, 0xFC, 0xE6,
    0x63, 0x3B, 0xDF, 0xF7, 0xB8, 0x00, 0x03, 0xC0, 0xFC, 0x3B, 0xC6, 0x3D, 0xC3, 0x98, 0x00, 0x10,
    0xC6, 0x33, 0xBD, 0xC0, 0x11, 0x0C, 0x60, 0x00, 0x00, 0x40, 0x0C, 0x00, 0xC0, 0x3C, 0x07, 0xDF,
    0x7D, 0xE0, 0xF8, 0x0F, 0x00, 0x70, 0x07, 0x00, 0x30, 0x00, 0x00, 0x03, 0x81, 0xF8, 0x37, 0x0C,
    0x61, 0x98, 0x37, 0x1F, 0xFB, 0xFF, 0x19, 0x83, 0x18, 0x37, 0x07, 0xE0, 0x78, 0x00, 0x03, 0x00,
    0x78, 0x0F, 0x83, 0xF8, 0x67, 0x8C, 0xF9, 0x9B, 0x3E, 0xEF, 0xFD, 0xFF, 0x00, 0x07, 0x07, 0xE1,
    0xB8, 0xC6, 0x33, 0x8D, 0xC7, 0xFF, 0xFF, 0x33, 0x0C, 0x61, 0xB8, 0x7E, 0x0F, 0x00, 0x00, 0x00,
    0xFF, 0xE7, 0xFF, 0xB8, 0x00, 0xC0, 0x03, 0x00, 0x0F, 0xFF, 0x9F, 0xFC, 0x1C, 0x00, 0xC0, 0x03,
    0xC0, 0x00, 0x00, 0x00, 0x00, 0xFF, 0xE7, 0xFF, 0xB8, 0x00, 0xC0, 0x03, 0x00, 0x0F, 0xFF, 0x9F,
    0xFC, 0x3C, 0x3C, 0x06, 0xF6, 0x06, 0xF6, 0x03, 0x19, 0xBD, 0x80, 0x03, 0x19, 0xBD, 0x80, 0x06,
    0xF6, 0xC6, 0x00, 0x06, 0xF6, 0xC6, 0x00, 0x0F, 0xFF, 0xF0, 0x0F, 0xFF, 0xF0, 0xF3, 0xC0, 0xF3,
    0xC0, 0xFF, 0x80, 0x03, 0x95, 0xE0, 0x00, 0x00, 0x00, 0x00, 0xC0, 0x03, 0x00, 0x36, 0x00, 0xD8,
    0x00, 0x00, 0x03, 0x00, 0x0C, 0x00, 0x30, 0x00, 0xC0, 0x63, 0x03, 0x8C, 0x02, 0x33, 0x38, 0xCC,
    0x03, 0x30, 0x0C, 0xF1, 0xFB, 0xFF, 0xF7, 0xF9, 0xC0, 0x60, 0x30, 0x36, 0x1B, 0x30, 0x38, 0x78,
    0xF8, 0xF0, 0x78, 0x1E, 0x03, 0x80, 0x60, 0x30, 0x79, 0xF8, 0xF0, 0x60, 0x0C, 0x03, 0x60, 0x6C,
    0xC0, 0x38, 0x1E, 0x0F, 0x03, 0xC0, 0x60, 0x0E, 0x00, 0xE0, 0x0E, 0x01, 0xE0, 0x7F, 0x3E, 0xF7,
    0x8E, 0x1C, 0x07, 0x01, 0x80, 0x40, 0x3C, 0x0F, 0x87, 0x61, 0x8C, 0x73, 0x1F, 0xE3, 0xF8, 0x18,
    0x0E, 0x1F, 0x07, 0x81, 0x00, 0x00, 0x07, 0x01, 0xC0, 0x20, 0x3C, 0x0F, 0x87, 0x61, 0x8C, 0x73,
    0x1F, 0xE3, 0xF8, 0x18, 0x0E, 0x1F, 0x07, 0x81, 0x00, 0x08, 0x02, 0x00, 0x80, 0x20, 0x3C, 0x0F,
    0x87, 0x61, 0x8C, 0x73, 0x1F, 0xE3, 0xF8, 0x18, 0x0E, 0x1F, 0x07, 0x81, 0x00, 0x00, 0x06, 0x01,
    0x80, 0xD8, 0x36, 0x00, 0x03, 0xC0, 0xF8, 0x76, 0x18, 0xC7, 0x31, 0xFE, 0x3F, 0x81, 0x81, 0xE1,
    0xF0, 0x78, 0x10, 0x00, 0x3C, 0x0F, 0x87, 0x61, 0x8C, 0x73, 0x1F, 0xE3, 0xF8, 0x18, 0x7E, 0x1F,
    0x07, 0x81, 0x80, 0x08, 0x07, 0x01, 0x40, 0x00, 0x3C, 0x0F, 0x86, 0x61, 0x8C, 0x73, 0x1F, 0xE3,
    0xF8, 0x18, 0x0E, 0x1F, 0x07, 0x81, 0x00, 0x00, 0x02, 0x00, 0x30, 0x79, 0x87, 0xEC, 0x0F, 0x60,
    0x33, 0xCF, 0x8F, 0xF8, 0x3F, 0x00, 0x00, 0x03, 0x00, 0x18, 0x00, 0xC0, 0x06, 0x00, 0x00, 0x00,
    0x11, 0xC6, 0x33, 0xFF, 0xC0, 0x31, 0x80, 0x63, 0x00, 0x18, 0x18, 0x18, 0x3C, 0x7E, 0x6E, 0x00,
    0x18, 0x18, 0x00, 0x18, 0x18, 0x11, 0xC6, 0x33, 0xFF, 0xC0, 0x18, 0x18, 0x18, 0x3C, 0x7E, 0x6E,
    0x00, 0x02, 0x00, 0x30, 0x79, 0x87, 0xEC, 0x0F, 0x60, 0x33, 0xCF, 0x8F, 0xF8, 0x3F, 0x00, 0x18,
    0x61, 0x86, 0x39, 0xE7, 0x00, 0x6D, 0xB0, 0x00, 0x30, 0x60, 0xC3, 0xCF, 0xFD, 0xC0, 0x36, 0x6C,
    0x00, 0x10, 0x10, 0x10, 0x10, 0x00, 0x30, 0x30, 0x00, 0x18, 0x1C, 0x0E, 0x06, 0x07, 0x03, 0x47,
    0x7E, 0x7C, 0x00, 0x10, 0x20, 0x40, 0x01, 0x83, 0x07, 0x06, 0x0C, 0x18, 0x71, 0xCF, 0x1C, 0x00,
    0x33, 0xCC, 0xC0, 0xF5, 0xE0, 0x21, 0x08, 0x1E, 0xFC, 0x00, 0x77, 0xBD, 0x06, 0x31, 0x8C, 0x63,
    0x18, 0xC7, 0x3C, 0xE0, 0x7F, 0xF8, 0x66, 0x66, 0x66, 0x66, 0x66, 0x60, 0x00, 0x0C, 0x30, 0xC1,
    0x86, 0x1E, 0x3C, 0xCD, 0x99, 0xE3, 0xC3, 0x03, 0x06, 0x06, 0x06, 0x00, 0x01, 0x81, 0x83, 0x83,
    0x07, 0x0F, 0x1E, 0x66, 0xCC, 0xF1, 0xE3, 0x86, 0x1C, 0x30, 0xC0, 0x00, 0x00, 0x40, 0x00, 0x10,
    0x00, 0x04, 0x00, 0x05, 0x83, 0x01, 0x60, 0xC0, 0x7B, 0x30, 0x00, 0xCC, 0x03, 0x33, 0x0C, 0xCC,
    0xC3, 0x33, 0x33, 0xCC, 0xCD, 0xF3, 0x33, 0xCC, 0xCC, 0xF7, 0xFF, 0x3F, 0xFF, 0xCD, 0xDF, 0xE3,
    0x0F, 0xFF, 0x00, 0x39, 0xFE, 0x60, 0x00, 0x0F, 0xFF, 0x00, 0x1F, 0x00, 0x77, 0x76, 0x00, 0x0F,
    0x5E, 0x00, 0xEB, 0xE0, 0x78, 0x03, 0x0C, 0x30, 0xC3, 0x0C, 0x30, 0xC3, 0x8F, 0x1C, 0x66, 0x3D,
    0x86, 0x31, 0x8C, 0x63, 0x18, 0xC7, 0x3C, 0xE0, 0x1C, 0x0C, 0x01, 0xC0, 0x00, 0x3C, 0x0F, 0x87,
    0x61, 0x9C, 0x73, 0x1F, 0xE3, 0xF8, 0x18, 0x1E, 0x1F, 0x07, 0x81, 0x00, 0x63, 0x18, 0xC6, 0x31,
    0x8C, 0x63, 0x1C, 0xF3, 0x81, 0xD8, 0xF6, 0x00, 0x30, 0x01, 0x80, 0x07, 0x80, 0x1C, 0x00, 0x00,
    0x00, 0x80, 0x06, 0x0F, 0x18, 0x7E, 0x60, 0x79, 0x80, 0xC7, 0x9F, 0x0F, 0xF8, 0x1F, 0x80, 0x73,
    0x1E, 0x81, 0x1C, 0x63, 0x3F, 0xFC, 0x18, 0x30, 0x3C, 0x30, 0x18, 0x18, 0x18, 0x3C, 0x7E, 0x6E,
    0xCC, 0xCC, 0xCC, 0xCC, 0xCC, 0xEF, 0x70, 0x00, 0x00, 0xC0, 0x18, 0xC0, 0x18, 0xC0, 0x18, 0xF0,
    0xFC, 0xFF, 0xFF, 0x7F, 0xC7, 0x00, 0x00, 0x00, 0x00, 0x06, 0x00, 0x06, 0x00, 0x10, 0xC6, 0x33,
    0xFF, 0xC0, 0x01, 0x8C, 0x18, 0x18, 0x18, 0x3C, 0x7E, 0x6E, 0x00, 0x00, 0x18, 0x18, 0x00, 0x07,
    0x83, 0xC0, 0x00, 0x60, 0x30, 0x78, 0xFC, 0xE6, 0x63, 0x3B, 0x9F, 0xE7, 0xB0, 0x06, 0xC0, 0x06,
    0xC0, 0x00, 0x00, 0xC0, 0x18, 0xC0, 0x18, 0xC0, 0x18, 0xF0, 0xFC, 0xFF, 0xFF, 0x7F, 0xC7, 0x01,
    0xB6, 0xC0, 0x08, 0x70, 0xC3, 0x1D, 0xF7, 0x80, 0x00, 0xD9, 0xB0, 0x03, 0x06, 0x0C, 0x3C, 0xFF,
    0xDC, 0x00, 0x00, 0x03, 0x00, 0x03, 0x00, 0x00, 0x00, 0x06, 0xC0, 0x06, 0xC0, 0x40, 0x18, 0xC0,
    0x18, 0xC0, 0x18, 0xF0, 0xFC, 0xFF, 0xFF, 0x7F, 0xC7, 0x00, 0xC3, 0x1B, 0x6C, 0x01, 0x87, 0x0C,
    0x31, 0xDF, 0x78, 0x00, 0x60, 0xC3, 0x66, 0xC0, 0x0C, 0x18, 0x30, 0x73, 0xFF, 0x70, 0x3E, 0x03,
    0xF8, 0x09, 0xF0, 0x07, 0xC0, 0xFE, 0x1E, 0x70, 0xC1, 0xCC, 0x06, 0x63, 0x03, 0x18, 0x18, 0x00,
    0xF0, 0x43, 0xFF, 0x0F, 0xF0, 0x00, 0x00, 0x00, 0x03, 0xF0, 0x3F, 0x80, 0x1C, 0x00, 0xF0, 0x3F,
    0x3F, 0xC7, 0xC0, 0x70, 0x00, 0x00, 0x00, 0x00, 0x60, 0x06, 0x00, 0x00, 0x01, 0xF0, 0x0F, 0xE0,
    0x47, 0xC0, 0x1E, 0x03, 0xF0, 0xFB, 0x9F, 0x1F, 0xE0, 0x38, 0x00, 0x00, 0xC0, 0x06, 0x00, 0x3E,
    0x03, 0xF8, 0x09, 0xF0, 0x07, 0xC0, 0xFE, 0x1E, 0x70, 0xC3, 0xCC, 0x06, 0x60, 0x03, 0x00, 0x18,
    0x00, 0xF0, 0xC3, 0xFE, 0x0F, 0xF0, 0x00, 0x00, 0x00, 0x01, 0xF8, 0x0F, 0xE0, 0x03, 0x80, 0x0F,
    0x01, 0xF8, 0x7F, 0x0F, 0xC0, 0x70, 0x00, 0x00, 0x00, 0xFC, 0x03, 0xFC, 0x04, 0x7C, 0x00, 0xF0,
    0x1F, 0xC1, 0xF7, 0x1F, 0x1F, 0x70, 0x3C, 0x00, 0x01, 0x80, 0x18, 0x00, 0x00, 0x3C, 0x07, 0xF0,
    0x27, 0xC0, 0x7E, 0x1F, 0xC3, 0x8C, 0x30, 0xF6, 0x07, 0x60, 0x06, 0x00, 0x60, 0x07, 0x84, 0x3F,
    0xE1, 0xFE, 0x00, 0x00, 0x00, 0x00, 0x60, 0x03, 0x00, 0x00, 0x03, 0xF0, 0x1F, 0xC0, 0x47, 0x00,
    0x1E, 0x03, 0xF0, 0xFE, 0x1F, 0x80, 0xE0, 0x00, 0x00, 0x00, 0x30, 0x00, 0xC0, 0x00, 0x00, 0x3F,
    0x00, 0xFF, 0x01, 0x1F, 0x00, 0x3C, 0x07, 0xF0, 0x7D, 0xC7, 0xC7, 0xDC, 0x0E, 0x00, 0x03, 0x01,
    0xC0, 0x30, 0x0E, 0x01, 0x80, 0x61, 0x3C, 0x7F, 0xBE, 0x60, 0x00, 0x06, 0x01, 0x80, 0x00, 0x0C,
    0x03, 0x00, 0xC0, 0x38, 0x06, 0x01, 0xC0, 0xF9, 0xFE, 0x7D, 0x80, 0x00, 0x06, 0x03, 0x01, 0xC0,
    0x70, 0x3C, 0x1C, 0x18, 0x3C, 0x3C, 0x1C, 0x00, 0x00, 0x18, 0x0C, 0x00, 0x00, 0x00, 0xC0, 0x60,
    0x30, 0x1C, 0x0F, 0x07, 0x87, 0x07, 0x87, 0x83, 0x00, 0x00, 0x00, 0x00, 0x60, 0x00, 0x19, 0x80,
    0x1C, 0x66, 0x00, 0x71, 0x98, 0xC0, 0xEF, 0xF3, 0x03, 0xFF, 0xEC, 0x0F, 0xFD, 0xB0, 0x30, 0x00,
    0xE1, 0xC0, 0x01, 0xFE, 0x00, 0x07, 0xF0, 0x00, 0x00, 0x00, 0x00, 0x00, 0x18, 0x66, 0x61, 0x99,
    0x86, 0x66, 0x3F, 0xD9, 0xFF, 0xE6, 0xF7, 0x00, 0x19, 0x98, 0x19, 0x98, 0x19, 0x98, 0x3F, 0xDC,
    0x7F, 0xFE, 0x6F, 0x76, 0x00, 0x00, 0x00, 0x00, 0x18, 0x00, 0x00, 0x60, 0x00, 0x06, 0xC0, 0x00,
    0x1B, 0x00, 0x00, 0x00, 0x00, 0x00, 0x66, 0x00, 0x71, 0x98, 0x01, 0xC6, 0x63, 0x03, 0xBF, 0xCC,
    0x0F, 0xFF, 0xB0, 0x3E, 0xF6, 0xC0, 0xC0, 0x03, 0x87, 0x00, 0x07, 0xF8, 0x00, 0x1F, 0xC0, 0x00,
    0x00, 0x00, 0x00, 0x00, 0x00, 0x06, 0x00, 0x18, 0x00, 0xD8, 0x03, 0x60, 0x00, 0x21, 0x98, 0xC6,
    0x63, 0x19, 0x8C, 0xFF, 0x77, 0xFF, 0xDB, 0xDE, 0x00, 0x00, 0x00, 0xC0, 0x00, 0x60, 0x00, 0x6C,
    0x00, 0x36, 0x00, 0x00, 0x00, 0x66, 0x30, 0x33, 0x18, 0x19, 0x8C, 0x1F, 0xEF, 0x1F, 0xFF, 0xCD,
    0xEF, 0x60, 0x00, 0x01, 0xE0, 0x00, 0x07, 0xE0, 0x02, 0x1C, 0xE0, 0x0E, 0x60, 0xC0, 0x1D, 0xC1,
    0x98, 0x1F, 0x0F, 0xB0, 0x3F, 0xFF, 0xE0, 0x7F, 0xF6, 0xC0, 0xC0, 0x01, 0xC3, 0x80, 0x01, 0xFE,
    0x00, 0x03, 0xF8, 0x00, 0x00, 0x00, 0x00, 0x00, 0x00, 0x3C, 0x18, 0x7E, 0x18, 0xE7, 0x19, 0x83,
    0x1B, 0x83, 0x3F, 0x0F, 0x7F, 0xFE, 0x6F, 0xFC, 0x00, 0x3C, 0x06, 0x1F, 0x81, 0x8E, 0x70, 0x66,
    0x0C, 0x1B, 0x83, 0x0F, 0xC3, 0xE7, 0xFF, 0xFD, 0xBF, 0xF6, 0x00, 0x00, 0xC0, 0x00, 0x01, 0x80,
    0x00, 0x00, 0x00, 0x00, 0x0F, 0x00, 0x00, 0x3F, 0x00, 0x10, 0xF7, 0x00, 0x73, 0x86, 0x00, 0xE6,
    0x0C, 0xC0, 0xFC, 0x7D, 0x81, 0xFF, 0xFF, 0x03, 0xFF, 0xB6, 0x06, 0x00, 0x0E, 0x1C, 0x00, 0x0F,
    0xF0, 0x00, 0x1F, 0xC0, 0x00, 0x00, 0x00, 0x00, 0x00, 0x18, 0x00, 0x18, 0x00, 0x00, 0x00, 0x3C,
    0x18, 0x7E, 0x18, 0xF7, 0x19, 0xC3, 0x19, 0x83, 0x3F, 0x8F, 0x7F, 0xFE, 0x6F, 0xFC, 0x00, 0x18,
    0x00, 0x06, 0x00, 0x00, 0x00, 0x00, 0xF0, 0x18, 0x7E, 0x06, 0x3D, 0xC1, 0x9C, 0x30, 0x66, 0x0C,
    0x3F, 0x8F, 0x9F, 0xFF, 0xF6, 0xFF, 0xD8, 0x00, 0x00, 0x30, 0x00, 0x60, 0x00, 0xC0, 0x01, 0x80,
    0x03, 0x00, 0x06, 0x78, 0x0F, 0xF8, 0x1F, 0x38, 0x38, 0x30, 0x70, 0x61, 0xC3, 0xE7, 0xFF, 0xFF,
    0xFC, 0xC0, 0x00, 0x00, 0xC0, 0x06, 0x00, 0x30, 0x01, 0x80, 0x0C, 0x00, 0x67, 0x83, 0xFE, 0x1F,
    0x38, 0xE0, 0xC6, 0x06, 0x70, 0xFF, 0xFF, 0x7F, 0xF0, 0x00, 0x00, 0x30, 0x00, 0x60, 0x00, 0xC0,
    0x01, 0x80, 0x03, 0x00, 0x06, 0x78, 0x0F, 0xF8, 0x1F, 0x38, 0x38, 0x30, 0x60, 0x61, 0xC3, 0xEF,
    0xFF, 0xFF, 0xFC, 0xC0, 0x18, 0x00, 0x30, 0x00, 0x63, 0x00, 0xC6, 0x01, 0x80, 0x03, 0x3C, 0x07,
    0xFC, 0x0F, 0x9C, 0x1C, 0x18, 0x38, 0x30, 0xE1, 0xF3, 0xFF, 0xFF, 0xFE, 0x60, 0x18, 0x00, 0xC0,
    0x06, 0x30, 0x31, 0x81, 0x80, 0x0C, 0xF0, 0x7F, 0xC3, 0xE7, 0x1C, 0x18, 0xC0, 0xCE, 0x1F, 0xFF,
    0xEF, 0xFE, 0x00, 0x18, 0x00, 0x30, 0x00, 0x63, 0x00, 0xC6, 0x01, 0x80, 0x03, 0x3C, 0x07, 0xFC,
    0x0F, 0x9C, 0x1C, 0x18, 0x30, 0x30, 0xE1, 0xF7, 0xFF, 0xFF, 0xFE, 0x60, 0x7E, 0x3F, 0xCE, 0x71,
    0xCC, 0x3E, 0x0F, 0x87, 0xFF, 0x9F, 0xC0, 0x30, 0x0C, 0x03, 0x82, 0x7F, 0x8F, 0xE0, 0x00, 0x0F,
    0x0F, 0xC3, 0x90, 0xC0, 0x30, 0x07, 0xF7, 0xFD, 0xFE, 0x1F, 0x83, 0xFC, 0x39, 0xC3, 0x8C, 0x0F,
    0x81, 0xF8, 0xFF, 0xEF, 0x9E, 0x00, 0x06, 0x01, 0x80, 0x00, 0x7E, 0x3F, 0xCE, 0x71, 0x8C, 0x3E,
    0x0F, 0x87, 0xFF, 0x9F, 0xC0, 0x30, 0x0C, 0x03, 0x82, 0x7F, 0x8F, 0xE0, 0x00, 0x00, 0x01, 0x80,
    0x60, 0x00, 0x0F, 0x0F, 0xC3, 0x90, 0xC0, 0x30, 0x07, 0xF7, 0xFD, 0xFE, 0x00, 0x00, 0x60, 0x06,
    0x00, 0x00, 0x1F, 0x83, 0xFC, 0x39, 0xC1, 0x8C, 0x0F, 0x81, 0xF8, 0x7F, 0xF7, 0x9E, 0x00, 0x30,
    0x00, 0x18, 0x00, 0x00, 0x00, 0x00, 0x00, 0x07, 0xC0, 0x07, 0xF1, 0x03, 0x39, 0x81, 0x8C, 0xC0,
    0xCE, 0x78, 0x3E, 0x3F, 0xFF, 0xCF, 0xF9, 0xE0, 0x18, 0x18, 0x00, 0x3C, 0x3E, 0x76, 0x66, 0x77,
    0x7F, 0x3E, 0x0E, 0xFE, 0xF8, 0x0C, 0x01, 0x80, 0x00, 0x00, 0x01, 0xF0, 0x7F, 0x0C, 0xE1, 0x8C,
    0x33, 0x83, 0xE3, 0xFF, 0x7D, 0xE0, 0x00, 0x00, 0x0F, 0x00, 0x3C, 0x00, 0x00, 0x03, 0xC0, 0x0F,
    0x80, 0x7E, 0x01, 0x9C, 0xC7, 0x73, 0x1F, 0xEC, 0x3F, 0xB0, 0x18, 0xE0, 0xE1, 0xFF, 0x03, 0xF8,
    0x00, 0x00, 0x36, 0x36, 0x00, 0x3C, 0x3E, 0x76, 0x62, 0x73, 0x7F, 0x3E, 0x0E, 0xFE, 0xF8, 0x1B,
    0x03, 0x60, 0x00, 0x00, 0x01, 0xF0, 0x7F, 0x0C, 0xE1, 0x8C, 0x33, 0x83, 0xE3, 0xFF, 0x7D, 0xE0,
    0x00, 0x00, 0x00, 0x60, 0x00, 0xC0, 0x01, 0x80, 0x13, 0x00, 0xE6, 0x01, 0x8C, 0x01, 0x98, 0xCE,
    0x31, 0x80, 0x63, 0x00, 0xC7, 0x8F, 0xCF, 0xFF, 0xCF, 0xF9, 0x80, 0x00, 0x07, 0x1E, 0x7C, 0x70,
    0xF0, 0x7C, 0x1C, 0x06, 0x06, 0x1E, 0xFC, 0xF8, 0x00, 0x00, 0x70, 0x3C, 0x0F, 0x03, 0x80, 0x60,
    0x0E, 0x00, 0xC0, 0x1C, 0x01, 0xC0, 0x7E, 0x3D, 0xE7, 0x1C, 0x00, 0xC0, 0x0C, 0x00, 0xC0, 0x0C,
    0x00, 0xC0, 0x0C, 0x00, 0xC0, 0x0C, 0x00, 0xC4, 0x0C, 0xC0, 0xEC, 0x0F, 0xC0, 0xEC, 0x1C, 0xF3,
    0x87, 0xF8, 0x3E, 0x00, 0x33, 0x33, 0x33, 0x33, 0x33, 0x7F, 0xE0, 0x30, 0xC3, 0x0C, 0x30, 0xC3,
    0x0C, 0x30, 0xC7, 0xBF, 0xF8, 0x07, 0x80, 0xF8, 0x0D, 0xC1, 0x8C, 0x78, 0xCF, 0xDE, 0xCF, 0xFC,
    0x7B, 0xC0, 0x0C, 0x00, 0xC0, 0x0C, 0x00, 0xE0, 0x04, 0x00, 0x07, 0x03, 0xE1, 0xDC, 0x63, 0x38,
    0xCF, 0x7F, 0xFF, 0x9E, 0x07, 0x00, 0xF8, 0x1D, 0xC1, 0x8C, 0x38, 0xC3, 0xDE, 0xFF, 0xFE, 0x7B,
    0x0C, 0x00, 0xC0, 0x00, 0x80, 0x1C, 0x00, 0xCC, 0x0E, 0xC0, 0xFC, 0x0F, 0xC0, 0xCE, 0x1C, 0x7F,
    0x87, 0xF0, 0x00, 0x00, 0x01, 0x8C, 0x01, 0x8C, 0x63, 0x3B, 0xDC, 0x18, 0x18, 0x00, 0x18, 0x18,
    0x18, 0x3C, 0x7E, 0x6E, 0x06, 0x03, 0x07, 0x8F, 0xCE, 0x66, 0x33, 0xBD, 0xFF, 0x7B, 0x80, 0x00,
    0x03, 0x00, 0x78, 0x0F, 0x83, 0xF8, 0x67, 0x8C, 0xF9, 0x9B, 0x3E, 0xEF, 0xFD, 0xFF, 0x00, 0x07,
    0x07, 0xE1, 0xB8, 0xC6, 0x33, 0x8D, 0xC7, 0xFF, 0xFF, 0x33, 0x0C, 0x61, 0xB8, 0x7E, 0x0F, 0x00,
    0x3C, 0x0F, 0x87, 0x61, 0x8C, 0x73, 0x1F, 0xE3, 0xF8, 0x18, 0x0E, 0x1F, 0x07, 0x81, 0x00, 0x00,
    0x02, 0x00, 0x30, 0x79, 0x87, 0xEC, 0x0F, 0x60, 0x33, 0xCF, 0x8F, 0xF8, 0x3F, 0x00, 0x00, 0x02,
    0x00, 0x30, 0xF9, 0x87, 0xEC, 0x0F, 0x60, 0x33, 0xCF, 0x8F, 0xF8, 0x3F, 0x00, 0x00, 0x0D, 0x80,
    0x6C, 0x00, 0x18, 0x61, 0x86, 0x39, 0xE7, 0x00, 0x6D, 0xB0, 0x00, 0x30, 0x60, 0xC3, 0xCF, 0xFD,
    0xC0, 0x36, 0x6C, 0x00, 0x60, 0x3C, 0x60, 0x19, 0xC6, 0x39, 0x87, 0x60, 0xF0, 0x1C, 0x07, 0x83,
    0xF1, 0xCC, 0xE7, 0x7F, 0xDF, 0xE0, 0x60, 0xCF, 0x0C, 0x00, 0xC3, 0x0C, 0x38, 0xC1, 0x8C, 0x1C,
    0xC0, 0xCC, 0x06, 0xC0, 0x7C, 0x07, 0xE7, 0xFF, 0x7E, 0x60, 0x70, 0x30, 0x0F, 0x1B, 0x06, 0x71,
    0x8E, 0x61, 0xD8, 0x3C, 0x07, 0x01, 0xE0, 0xFC, 0x73, 0x39, 0xDF, 0xF7, 0xF8, 0x70, 0x0C, 0x00,
    0xF0, 0xCE, 0x0C, 0x00, 0xC7, 0x0C, 0x38, 0xC1, 0x8C, 0x1C, 0xC0, 0xCC, 0x06, 0xC0, 0x7C, 0x07,
    0xE7, 0xFF, 0x7E, 0x60, 0x01, 0x80, 0x67, 0x18, 0xE6, 0x1D, 0x83, 0xC0, 0x70, 0x1E, 0x0F, 0xC7,
    0x33, 0x9D, 0xFF, 0x7F, 0x80, 0x03, 0x01, 0x80, 0x78, 0x18, 0x00, 0x00, 0xC0, 0x0C, 0x00, 0xC3,
    0x0C, 0x38, 0xC1, 0x8C, 0x1C, 0xC0, 0xCC, 0x06, 0xC0, 0x7C, 0x07, 0xE7, 0xFF, 0x7E, 0x60, 0x00,
    0x38, 0x06, 0x00, 0x78, 0x06, 0x00, 0x01, 0x80, 0x67, 0x18, 0xE6, 0x1D, 0x83, 0xC0, 0x70, 0x1E,
    0x0F, 0xC7, 0x33, 0x9D, 0xFF, 0x7F, 0x80, 0x00, 0xC0, 0x0C, 0x00, 0xC3, 0x0C, 0x38, 0xC1, 0x8C,
    0x1C, 0xC0, 0xCC, 0x06, 0xC0, 0x7C, 0x07, 0xE7, 0xFF, 0x7E, 0x60,
};

static const EpdGlyph firago_8_semiboldGlyphs[] = {
    { 0, 0, 65, 0, 0, 0, 0 }, // U+0020
    { 3, 11, 64, 1, 11, 5, 0 }, // !
    { 6, 4, 115, 1, 11, 3, 5 }, // "
    { 9, 11, 146, 1, 11, 13, 8 }, // #
    { 9, 16, 145, 0, 13, 18, 21 }, // $
    { 13, 13, 227, 1, 12, 22, 39 }, // %
    { 11, 11, 201, 1, 11, 16, 61 }, // &
    { 3, 4, 62, 1, 11, 2, 77 }, // '
    { 5, 18, 86, 1, 15, 12, 79 }, // (
    { 6, 18, 86, 0, 15, 14, 91 }, // )
    { 8, 7, 119, 0, 12, 7, 105 }, // *
    { 7, 7, 140, 1, 9, 7, 112 }, // +
    { 4, 5, 64, 0, 2, 3, 119 }, // ,
    { 5, 2, 108, 1, 6, 2, 122 }, // -
    { 3, 3, 64, 1, 3, 2, 124 }, // .
    { 7, 16, 139, 1, 14, 14, 126 }, // /
    { 9, 11, 154, 1, 11, 13, 140 }, // 0
    { 7, 11, 122, 0, 11, 10, 153 }, // 1
    { 8, 11, 137, 0, 11, 11, 163 }, // 2
    { 9, 11, 137, -1, 11, 13, 174 }, // 3
    { 8, 12, 149, 1, 12, 12, 187 }, // 4
    { 8, 11, 141, 0, 11, 11, 199 }, // 5
    { 8, 11, 148, 1, 11, 11, 210 }, // 6
    { 7, 12, 123, 1, 11, 11, 221 }, // 7
    { 9, 11, 153, 1, 11, 13, 232 }, // 8
    { 8, 13, 147, 1, 11, 13, 245 }, // 9
    { 3, 9, 64, 1, 9, 4, 258 }, // :
    { 4, 11, 64, 0, 9, 6, 262 }, // ;
    { 8, 9, 137, 1, 10, 9, 268 }, // <
    { 7, 5, 137, 1, 8, 5, 277 }, // =
    { 8, 9, 137, 0, 10, 9, 282 }, // >
    { 8, 11, 127, 0, 11, 11, 291 }, // ?
    { 16, 15, 272, 1, 11, 30, 302 }, // @
    { 11, 11, 156, -1, 11, 16, 332 }, // A
    { 9, 11, 164, 1, 11, 13, 348 }, // B
    { 9, 11, 152, 1, 11, 13, 361 }, // C
    { 9, 11, 173, 1, 11, 13, 374 }, // D
    { 7, 11, 141, 1, 11, 10, 387 }, // E
    { 7, 11, 130, 1, 11, 10, 397 }, // F
    { 10, 11, 171, 1, 11, 14, 407 }, // G
    { 9, 11, 178, 1, 11, 13, 421 }, // H
    { 3, 11, 78, 1, 11, 5, 434 }, // I
    { 5, 15, 84, 0, 11, 10, 439 }, // J
    { 10, 11, 166, 1, 11, 14, 449 }, // K
    { 8, 11, 136, 1, 11, 11, 463 }, // L
    { 13, 11, 209, 0, 11, 18, 474 }, // M
    { 9, 11, 178, 1, 11, 13, 492 }, // N
    { 10, 11, 184, 1, 11, 14, 505 }, // O
    { 9, 11, 160, 1, 11, 13, 519 }, // P
    { 11, 14, 184, 1, 11, 20, 532 }, // Q
    { 9, 11, 164, 1, 11, 13, 552 }, // R
    { 9, 11, 151, 0, 11, 13, 565 }, // S
    { 9, 11, 142, 1, 11, 13, 578 }, // T
    { 9, 11, 174, 1, 11, 13, 591 }, // U
    { 11, 11, 151, -1, 11, 16, 604 }, // V
    { 14, 11, 225, 0, 11, 20, 620 }, // W
    { 11, 11, 152, -1, 11, 16, 640 }, // X
    { 11, 11, 156, 0, 11, 16, 656 }, // Y
    { 10, 11, 144, 0, 11, 14, 672 }, // Z
    { 4, 16, 86, 1, 14, 8, 686 }, // [
    { 7, 16, 139, 1, 14, 14, 694 }, // <backslash>
    { 5, 16, 86, 1, 14, 10, 708 }, // ]
    { 9, 5, 148, 0, 14, 6, 718 }, // ^
    { 8, 2, 139, 1, -1, 2, 724 }, // _
    { 5, 4, 88, 0, 14, 3, 726 }, // `
    { 9, 9, 146, 1, 9, 11, 729 }, // a
    { 8, 13, 157, 1, 13, 13, 740 }, // b
    { 8, 9, 128, 1, 9, 9, 753 }, // c
    { 8, 13, 158, 1, 13, 13, 762 }, // d
    { 8, 9, 147, 1, 9, 9, 775 }, // e
    { 8, 12, 94, 0, 12, 12, 784 }, // f
    { 10, 15, 145, 0, 11, 19, 796 }, // g
    { 8, 13, 153, 1, 13, 13, 815 }, // h
    { 3, 13, 74, 1, 13, 5, 828 }, // i
    { 5, 17, 74, -1, 13, 11, 833 }, // j
    { 9, 13, 144, 1, 13, 15, 844 }, // k
    { 4, 13, 79, 1, 13, 7, 859 }, // l
    { 12, 9, 225, 1, 9, 14, 866 }, // m
    { 8, 9, 153, 1, 9, 9, 880 }, // n
    { 9, 9, 156, 1, 9, 11, 889 }, // o
    { 8, 13, 157, 1, 9, 13, 900 }, // p
    { 8, 13, 158, 1, 9, 13, 913 }, // q
    { 6, 9, 106, 1, 9, 7, 926 }, // r
    { 8, 9, 127, 0, 9, 9, 933 }, // s
    { 8, 12, 101, 0, 12, 12, 942 }, // t
    { 8, 9, 152, 1, 9, 9, 954 }, // u
    { 10, 9, 136, -1, 9, 12, 963 }, // v
    { 13, 9, 198, 0, 9, 15, 975 }, // w
    { 10, 9, 135, -1, 9, 12, 990 }, // x
    { 10, 13, 137, -1, 9, 17, 1002 }, // y
    { 9, 9, 120, 0, 9, 11, 1019 }, // z
    { 5, 16, 86, 1, 14, 10, 1030 }, // {
    { 3, 15, 102, 2, 13, 6, 1040 }, // |
    { 6, 16, 86, 0, 14, 12, 1046 }, // }
    { 9, 3, 136, 0, 7, 4, 1058 }, // ~
    { 0, 0, 65, 0, 0, 0, 1062 }, // U+00A0
    { 3, 13, 64, 1, 9, 5, 1062 }, // U+00A1
    { 10, 10, 164, 1, 10, 13, 1067 }, // U+00AB
    { 6, 6, 139, 1, 12, 5, 1080 }, // U+00B0
    { 3, 3, 64, 1, 7, 2, 1085 }, // U+00B7
    { 7, 11, 133, 1, 11, 10, 1087 }, // U+00BA
    { 10, 10, 163, 0, 10, 13, 1097 }, // U+00BB
    { 8, 13, 127, 1, 9, 13, 1110 }, // U+00BF
    { 11, 16, 156, -1, 16, 22, 1123 }, // U+00C0
    { 11, 16, 156, -1, 16, 22, 1145 }, // U+00C1
    { 11, 16, 156, -1, 16, 22, 1167 }, // U+00C2
    { 11, 15, 156, 0, 15, 21, 1189 }, // U+00C4
    { 10, 16, 156, 0, 16, 20, 1210 }, // U+00C5
    { 14, 11, 224, 0, 11, 20, 1230 }, // U+00C6
    { 9, 16, 152, 1, 11, 18, 1250 }, // U+00C7
    { 7, 16, 141, 1, 16, 14, 1268 }, // U+00C9
    { 7, 16, 141, 1, 16, 14, 1282 }, // U+00CA
    { 6, 16, 78, -1, 16, 12, 1296 }, // U+00CD
    { 7, 16, 78, -1, 16, 14, 1308 }, // U+00CE
    { 10, 15, 184, 1, 15, 19, 1322 }, // U+00D2
    { 10, 15, 184, 1, 15, 19, 1341 }, // U+00D3
    { 10, 16, 184, 1, 16, 20, 1360 }, // U+00D6
    { 10, 15, 184, 1, 13, 19, 1380 }, // U+00D8
    { 9, 16, 174, 1, 16, 18, 1399 }, // U+00D9
    { 9, 16, 174, 1, 16, 18, 1417 }, // U+00DA
    { 9, 16, 174, 1, 16, 18, 1435 }, // U+00DC
    { 11, 16, 156, 0, 16, 22, 1453 }, // U+00DD
    { 9, 12, 160, 1, 12, 14, 1475 }, // U+00DF
    { 9, 14, 146, 1, 14, 16, 1489 }, // U+00E0
    { 9, 14, 146, 1, 14, 16, 1505 }, // U+00E1
    { 9, 14, 146, 1, 14, 16, 1521 }, // U+00E2
    { 9, 13, 146, 1, 13, 15, 1537 }, // U+00E3
    { 9, 13, 146, 1, 13, 15, 1552 }, // U+00E4
    { 9, 14, 146, 1, 14, 16, 1567 }, // U+00E5
    { 13, 9, 228, 1, 9, 15, 1583 }, // U+00E6
    { 8, 14, 128, 1, 9, 14, 1598 }, // U+00E7
    { 8, 14, 147, 1, 14, 14, 1612 }, // U+00E8
    { 8, 14, 147, 1, 14, 14, 1626 }, // U+00E9
    { 8, 14, 147, 1, 14, 14, 1640 }, // U+00EA
    { 8, 13, 147, 1, 13, 13, 1654 }, // U+00EB
    { 5, 14, 74, 0, 14, 9, 1667 }, // U+00EC
    { 6, 14, 74, -1, 14, 11, 1676 }, // U+00ED
    { 7, 14, 74, -1, 14, 13, 1687 }, // U+00EE
    { 7, 13, 74, -1, 13, 12, 1700 }, // U+00EF
    { 8, 13, 153, 1, 13, 13, 1712 }, // U+00F1
    { 9, 14, 156, 1, 14, 16, 1725 }, // U+00F2
    { 9, 14, 156, 1, 14, 16, 1741 }, // U+00F3
    { 9, 14, 156, 1, 14, 16, 1757 }, // U+00F4
    { 9, 13, 156, 1, 13, 15, 1773 }, // U+00F5
    { 9, 13, 156, 1, 13, 15, 1788 }, // U+00F6
    { 9, 13, 156, 1, 11, 15, 1803 }, // U+00F8
    { 8, 14, 152, 1, 14, 14, 1818 }, // U+00F9
    { 8, 14, 152, 1, 14, 14, 1832 }, // U+00FA
    { 8, 13, 152, 1, 13, 13, 1846 }, // U+00FC
    { 10, 18, 137, -1, 14, 23, 1859 }, // U+00FD
    { 9, 14, 146, 1, 14, 16, 1882 }, // U+0103
    { 9, 13, 146, 1, 9, 15, 1898 }, // U+0105
    { 8, 14, 128, 1, 14, 14, 1913 }, // U+0107
    { 9, 16, 152, 1, 16, 18, 1927 }, // U+010C
    { 8, 14, 128, 1, 14, 14, 1945 }, // U+010D
    { 9, 16, 173, 1, 16, 18, 1959 }, // U+010E
    { 11, 13, 177, 1, 13, 18, 1977 }, // U+010F
    { 10, 11, 177, 1, 11, 14, 1995 }, // U+0110
    { 9, 13, 162, 1, 13, 15, 2009 }, // U+0111
    { 7, 15, 141, 1, 15, 14, 2024 }, // U+0116
    { 8, 13, 147, 1, 13, 13, 2038 }, // U+0117
    { 7, 15, 141, 1, 11, 14, 2051 }, // U+0118
    { 8, 13, 147, 1, 9, 13, 2065 }, // U+0119
    { 7, 16, 141, 1, 16, 14, 2078 }, // U+011A
    { 8, 14, 147, 1, 14, 14, 2092 }, // U+011B
    { 10, 16, 171, 1, 16, 20, 2106 }, // U+011E
    { 10, 18, 145, 0, 14, 23, 2126 }, // U+011F
    { 7, 13, 74, -1, 13, 12, 2149 }, // U+0129
    { 4, 15, 78, 0, 11, 8, 2161 }, // U+012E
    { 4, 17, 74, 0, 13, 9, 2169 }, // U+012F
    { 3, 15, 78, 1, 15, 6, 2178 }, // U+0130
    { 3, 9, 74, 1, 9, 4, 2184 }, // U+0131
    { 6, 17, 79, -1, 17, 13, 2188 }, // U+013A
    { 8, 12, 136, 1, 12, 12, 2201 }, // U+013D
    { 6, 13, 94, 1, 13, 10, 2213 }, // U+013E
    { 10, 11, 145, 0, 11, 14, 2223 }, // U+0141
    { 7, 13, 93, -1, 13, 12, 2237 }, // U+0142
    { 8, 14, 153, 1, 14, 14, 2249 }, // U+0144
    { 8, 14, 153, 1, 14, 14, 2263 }, // U+0148
    { 9, 14, 156, 1, 14, 16, 2277 }, // U+0151
    { 6, 14, 106, 1, 14, 11, 2293 }, // U+0155
    { 9, 16, 164, 1, 16, 18, 2304 }, // U+0158
    { 7, 14, 106, 0, 14, 13, 2322 }, // U+0159
    { 9, 15, 151, 0, 15, 17, 2335 }, // U+015A
    { 8, 14, 127, 0, 14, 14, 2352 }, // U+015B
    { 9, 16, 151, 0, 11, 18, 2366 }, // U+015E
    { 8, 14, 127, 0, 9, 14, 2384 }, // U+015F
    { 9, 16, 151, 0, 16, 18, 2398 }, // U+0160
    { 8, 14, 127, 0, 14, 14, 2416 }, // U+0161
    { 8, 17, 101, 0, 12, 17, 2430 }, // U+0163
    { 9, 16, 142, 1, 16, 18, 2447 }, // U+0164
    { 8, 14, 101, 0, 14, 14, 2465 }, // U+0165
    { 8, 12, 152, 1, 12, 12, 2479 }, // U+016B
    { 9, 16, 174, 1, 16, 18, 2491 }, // U+016E
    { 8, 14, 152, 1, 14, 14, 2509 }, // U+016F
    { 9, 16, 174, 1, 16, 18, 2523 }, // U+0170
    { 8, 14, 152, 1, 14, 14, 2541 }, // U+0171
    { 9, 15, 174, 1, 11, 17, 2555 }, // U+0172
    { 8, 13, 152, 1, 9, 13, 2572 }, // U+0173
    { 9, 14, 120, 0, 14, 16, 2585 }, // U+017A
    { 9, 13, 120, 0, 13, 15, 2601 }, // U+017C
    { 10, 16, 144, 0, 16, 20, 2616 }, // U+017D
    { 9, 14, 120, 0, 14, 16, 2636 }, // U+017E
    { 10, 11, 165, 1, 11, 14, 2652 }, // U+01A1
    { 10, 11, 169, 1, 11, 14, 2666 }, // U+01B0
    { 9, 16, 151, 0, 11, 18, 2680 }, // U+0218
    { 8, 14, 127, 0, 9, 14, 2698 }, // U+0219
    { 9, 16, 142, 1, 11, 18, 2712 }, // U+021A
    { 8, 17, 101, 0, 12, 17, 2730 }, // U+021B
    { 9, 11, 152, 1, 11, 13, 2747 }, // U+0404
    { 3, 11, 78, 1, 11, 5, 2760 }, // U+0406
    { 11, 11, 156, -1, 11, 16, 2765 }, // U+0410
    { 9, 11, 158, 1, 11, 13, 2781 }, // U+0411
    { 9, 11, 164, 1, 11, 13, 2794 }, // U+0412
    { 8, 11, 136, 1, 11, 11, 2807 }, // U+0413
    { 10, 15, 167, 0, 11, 19, 2818 }, // U+0414
    { 7, 11, 141, 1, 11, 10, 2837 }, // U+0415
    { 16, 11, 236, -1, 11, 22, 2847 }, // U+0416
    { 9, 11, 143, 0, 11, 13, 2869 }, // U+0417
    { 9, 11, 178, 1, 11, 13, 2882 }, // U+0418
    { 9, 15, 178, 1, 15, 17, 2895 }, // U+0419
    { 10, 11, 164, 1, 11, 14, 2912 }, // U+041A
    { 11, 12, 175, -1, 11, 17, 2926 }, // U+041B
    { 13, 11, 209, 0, 11, 18, 2943 }, // U+041C
    { 9, 11, 178, 1, 11, 13, 2961 }, // U+041D
    { 10, 11, 184, 1, 11, 14, 2974 }, // U+041E
    { 9, 11, 178, 1, 11, 13, 2988 }, // U+041F
    { 9, 11, 160, 1, 11, 13, 3001 }, // U+0420
    { 9, 11, 152, 1, 11, 13, 3014 }, // U+0421
    { 9, 11, 142, 1, 11, 13, 3027 }, // U+0422
    { 11, 12, 152, -1, 11, 17, 3040 }, // U+0423
    { 13, 14, 225, 1, 13, 23, 3057 }, // U+0424
    { 11, 11, 152, -1, 11, 16, 3080 }, // U+0425
    { 10, 15, 182, 1, 11, 19, 3096 }, // U+0426
    { 9, 11, 165, 1, 11, 13, 3115 }, // U+0427
    { 13, 11, 244, 1, 11, 18, 3128 }, // U+0428
    { 14, 15, 249, 1, 11, 27, 3146 }, // U+0429
    { 12, 11, 225, 1, 11, 17, 3173 }, // U+042B
    { 9, 11, 157, 1, 11, 13, 3190 }, // U+042C
    { 9, 11, 144, 0, 11, 13, 3203 }, // U+042D
    { 10, 11, 162, 0, 11, 14, 3216 }, // U+042F
    { 9, 9, 146, 1, 9, 11, 3230 }, // U+0430
    { 9, 14, 154, 1, 14, 16, 3241 }, // U+0431
    { 8, 9, 149, 1, 9, 9, 3257 }, // U+0432
    { 7, 9, 115, 1, 9, 8, 3266 }, // U+0433
    { 9, 12, 148, 0, 9, 14, 3274 }, // U+0434
    { 8, 9, 147, 1, 9, 9, 3288 }, // U+0435
    { 14, 9, 201, -1, 9, 16, 3297 }, // U+0436
    { 8, 9, 132, 0, 9, 9, 3313 }, // U+0437
    { 8, 9, 157, 1, 9, 9, 3322 }, // U+0438
    { 8, 13, 157, 1, 13, 13, 3331 }, // U+0439
    { 8, 9, 145, 1, 9, 9, 3344 }, // U+043A
    { 9, 10, 152, 0, 9, 12, 3353 }, // U+043B
    { 11, 9, 179, 0, 9, 13, 3365 }, // U+043C
    { 8, 9, 156, 1, 9, 9, 3378 }, // U+043D
    { 9, 9, 156, 1, 9, 11, 3387 }, // U+043E
    { 8, 9, 155, 1, 9, 9, 3398 }, // U+043F
    { 8, 13, 157, 1, 9, 13, 3407 }, // U+0440
    { 8, 9, 128, 1, 9, 9, 3420 }, // U+0441
    { 9, 9, 125, 0, 9, 11, 3429 }, // U+0442
    { 10, 13, 137, -1, 9, 17, 3440 }, // U+0443
    { 13, 17, 220, 1, 13, 28, 3457 }, // U+0444
    { 10, 9, 135, -1, 9, 12, 3485 }, // U+0445
    { 9, 12, 158, 1, 9, 14, 3497 }, // U+0446
    { 8, 9, 146, 1, 9, 9, 3511 }, // U+0447
    { 11, 9, 209, 1, 9, 13, 3520 }, // U+0448
    { 12, 12, 213, 1, 9, 18, 3533 }, // U+0449
    { 10, 9, 163, 0, 9, 12, 3551 }, // U+044A
    { 11, 9, 201, 1, 9, 13, 3563 }, // U+044B
    { 7, 9, 138, 1, 9, 8, 3576 }, // U+044C
    { 8, 9, 129, 0, 9, 9, 3584 }, // U+044D
    { 12, 9, 213, 1, 9, 14, 3593 }, // U+044E
    { 9, 9, 148, 0, 9, 11, 3607 }, // U+044F
    { 8, 14, 147, 1, 14, 14, 3618 }, // U+0451
    { 8, 9, 129, 1, 9, 9, 3632 }, // U+0454
    { 3, 13, 74, 1, 13, 5, 3641 }, // U+0456
    { 7, 13, 74, -1, 13, 12, 3646 }, // U+0457
    { 10, 17, 137, -1, 13, 22, 3658 }, // U+045E
    { 6, 11, 115, 1, 11, 9, 3680 }, // U+0491
    { 9, 11, 138, 0, 11, 13, 3689 }, // U+0492
    { 7, 9, 118, 1, 9, 8, 3702 }, // U+0493
    { 9, 14, 164, 1, 11, 16, 3710 }, // U+049A
    { 8, 11, 147, 1, 9, 11, 3726 }, // U+049B
    { 10, 14, 184, 1, 11, 18, 3737 }, // U+04A2
    { 9, 11, 160, 1, 9, 13, 3755 }, // U+04A3
    { 11, 11, 156, 0, 11, 16, 3768 }, // U+04AE
    { 10, 13, 136, -1, 9, 17, 3784 }, // U+04AF
    { 10, 11, 156, 0, 11, 14, 3801 }, // U+04B0
    { 10, 13, 136, -1, 9, 17, 3815 }, // U+04B1
    { 10, 11, 171, 1, 11, 14, 3832 }, // U+04D8
    { 8, 9, 148, 1, 9, 9, 3846 }, // U+04D9
    { 10, 11, 184, 1, 11, 14, 3855 }, // U+04E8
    { 8, 9, 156, 1, 9, 9, 3869 }, // U+04E9
    { 3, 3, 0, 1, -1, 2, 3878 }, // U+0591
    { 3, 3, 0, 1, 13, 2, 3880 }, // U+0592
    { 3, 3, 0, 1, 14, 2, 3882 }, // U+0593
    { 2, 3, 0, 1, 13, 1, 3884 }, // U+0594
    { 3, 3, 0, 1, 14, 2, 3885 }, // U+0595
    { 3, 3, 0, 1, -1, 2, 3887 }, // U+0596
    { 2, 3, 0, 1, 13, 1, 3889 }, // U+0597
    { 4, 4, 0, 1, 13, 2, 3890 }, // U+0598
    { 3, 3, 0, 0, 13, 2, 3892 }, // U+0599
    { 2, 3, 0, 1, -1, 1, 3894 }, // U+059A
    { 3, 3, 0, 0, -1, 2, 3895 }, // U+059B
    { 3, 3, 0, 1, 13, 2, 3897 }, // U+059C
    { 3, 3, 0, 1, 13, 2, 3899 }, // U+059D
    { 5, 3, 0, 1, 13, 2, 3901 }, // U+059E
    { 5, 3, 0, 1, 13, 2, 3903 }, // U+059F
    { 4, 3, 0, 0, 13, 2, 3905 }, // U+05A0
    { 3, 2, 0, 1, 13, 1, 3907 }, // U+05A1
    { 3, 3, 0, 1, -1, 2, 3908 }, // U+05A2
    { 2, 3, 0, 1, -1, 1, 3910 }, // U+05A3
    { 2, 3, 0, 1, -1, 1, 3911 }, // U+05A4
    { 3, 3, 0, 0, -1, 2, 3912 }, // U+05A5
    { 5, 3, 0, 0, -1, 2, 3914 }, // U+05A6
    { 4, 3, 0, 0, -1, 2, 3916 }, // U+05A7
    { 3, 3, 0, 0, 13, 2, 3918 }, // U+05A8
    { 3, 3, 0, 1, 13, 2, 3920 }, // U+05A9
    { 3, 3, 0, 1, -1, 2, 3922 }, // U+05AA
    { 2, 3, 0, 1, 13, 1, 3924 }, // U+05AB
    { 3, 3, 0, 0, 13, 2, 3925 }, // U+05AC
    { 3, 3, 0, 1, -1, 2, 3927 }, // U+05AD
    { 4, 4, 0, 1, 13, 2, 3929 }, // U+05AE
    { 3, 3, 0, 1, 14, 2, 3931 }, // U+05AF
    { 2, 3, 0, 1, -1, 1, 3933 }, // U+05B0
    { 5, 3, 0, 1, -1, 2, 3934 }, // U+05B1
    { 6, 3, 0, 1, -1, 3, 3936 }, // U+05B2
    { 7, 3, 0, 0, -1, 3, 3939 }, // U+05B3
    { 2, 1, 0, 1, -1, 1, 3942 }, // U+05B4
    { 3, 1, 0, 1, -1, 1, 3943 }, // U+05B5
    { 3, 3, 0, 1, -1, 2, 3944 }, // U+05B6
    { 4, 1, 0, 1, -1, 1, 3946 }, // U+05B7
    { 5, 3, 0, 0, -1, 2, 3947 }, // U+05B8
    { 2, 1, 0, 1, 11, 1, 3949 }, // U+05B9
    { 2, 1, 0, 1, 11, 1, 3950 }, // U+05BA
    { 4, 3, 0, 1, -1, 2, 3951 }, // U+05BB
    { 2, 1, 0, 1, 5, 1, 3953 }, // U+05BC
    { 1, 3, 0, 1, -1, 1, 3954 }, // U+05BD
    { 4, 2, 95, 1, 9, 1, 3955 }, // U+05BE
    { 4, 1, 0, 1, 11, 1, 3956 }, // U+05BF
    { 3, 7, 83, 2, 8, 3, 3957 }, // U+05C0
    { 2, 1, 0, 1, 11, 1, 3960 }, // U+05C1
    { 2, 1, 0, 1, 11, 1, 3961 }, // U+05C2
    { 3, 9, 64, 1, 9, 4, 3962 }, // U+05C3
    { 2, 1, 0, 1, 11, 1, 3966 }, // U+05C4
    { 2, 1, 0, 1, -1, 1, 3967 }, // U+05C5
    { 6, 9, 104, 1, 9, 7, 3968 }, // U+05C6
    { 3, 3, 0, 1, -1, 2, 3975 }, // U+05C7
    { 10, 9, 157, 0, 9, 12, 3977 }, // U+05D0
    { 9, 9, 138, 0, 9, 11, 3989 }, // U+05D1
    { 7, 9, 108, 0, 9, 8, 4000 }, // U+05D2
    { 8, 9, 132, 0, 9, 9, 4008 }, // U+05D3
    { 8, 9, 165, 1, 9, 9, 4017 }, // U+05D4
    { 5, 9, 91, 0, 9, 6, 4026 }, // U+05D5
    { 6, 9, 98, 0, 9, 7, 4032 }, // U+05D6
    { 8, 9, 166, 1, 9, 9, 4039 }, // U+05D7
    { 10, 9, 166, 0, 9, 12, 4048 }, // U+05D8
    { 5, 7, 82, 0, 9, 5, 4060 }, // U+05D9
    { 8, 14, 139, 0, 9, 14, 4065 }, // U+05DA
    { 8, 9, 137, 0, 9, 9, 4079 }, // U+05DB
    { 8, 14, 135, 1, 13, 14, 4088 }, // U+05DC
    { 9, 9, 168, 0, 9, 11, 4102 }, // U+05DD
    { 10, 9, 170, 0, 9, 12, 4113 }, // U+05DE
    { 3, 14, 83, 1, 9, 6, 4125 }, // U+05DF
    { 6, 9, 104, 0, 9, 7, 4131 }, // U+05E0
    { 9, 9, 171, 1, 9, 11, 4138 }, // U+05E1
    { 10, 11, 149, -1, 9, 14, 4149 }, // U+05E2
    { 9, 14, 167, 1, 9, 16, 4163 }, // U+05E3
    { 9, 9, 159, 1, 9, 11, 4179 }, // U+05E4
    { 9, 14, 139, 0, 9, 16, 4190 }, // U+05E5
    { 10, 9, 149, -1, 9, 12, 4206 }, // U+05E6
    { 9, 13, 166, 1, 9, 15, 4218 }, // U+05E7
    { 8, 9, 140, 1, 9, 9, 4233 }, // U+05E8
    { 12, 9, 201, 0, 9, 14, 4242 }, // U+05E9
    { 10, 9, 172, 0, 9, 12, 4256 }, // U+05EA
    { 10, 9, 170, 0, 9, 12, 4268 }, // U+05F0
    { 9, 9, 163, 0, 9, 11, 4280 }, // U+05F1
    { 9, 7, 154, 0, 9, 8, 4291 }, // U+05F2
    { 3, 4, 64, 1, 9, 2, 4299 }, // U+05F3
    { 6, 4, 117, 1, 9, 3, 4301 }, // U+05F4
    { 14, 8, 269, 1, 8, 14, 4304 }, // U+0600
    { 11, 13, 237, 1, 12, 18, 4318 }, // U+0609
    { 12, 13, 301, 1, 12, 20, 4336 }, // U+060A
    { 8, 18, 134, 0, 13, 18, 4356 }, // U+060B
    { 3, 5, 81, 1, 5, 2, 4374 }, // U+060C
    { 5, 8, 91, 0, 6, 5, 4376 }, // U+060D
    { 5, 5, 0, 1, 14, 4, 4381 }, // U+0615
    { 3, 9, 81, 1, 9, 4, 4385 }, // U+061B
    { 5, 5, 160, 3, 15, 4, 4389 }, // U+061E
    { 8, 13, 127, 1, 13, 13, 4393 }, // U+061F
    { 13, 14, 214, 1, 10, 23, 4406 }, // U+0620
    { 8, 7, 125, 0, 7, 7, 4429 }, // U+0621
    { 6, 13, 62, -1, 13, 10, 4436 }, // U+0622
    { 4, 15, 62, 0, 15, 8, 4446 }, // U+0623
    { 8, 16, 139, 0, 11, 16, 4454 }, // U+0624
    { 4, 18, 62, 0, 13, 9, 4470 }, // U+0625
    { 14, 13, 214, 0, 10, 23, 4479 }, // U+0626
    { 2, 13, 62, 1, 13, 4, 4502 }, // U+0627
    { 13, 12, 237, 1, 8, 20, 4506 }, // U+0628
    { 7, 13, 134, 1, 13, 12, 4526 }, // U+0629
    { 13, 9, 237, 1, 9, 15, 4538 }, // U+062A
    { 13, 11, 237, 1, 11, 18, 4553 }, // U+062B
    { 12, 15, 168, 0, 8, 23, 4571 }, // U+062C
    { 12, 15, 168, 0, 9, 23, 4594 }, // U+062D
    { 12, 18, 168, 0, 12, 27, 4617 }, // U+062E
    { 8, 10, 128, 0, 10, 10, 4644 }, // U+062F
    { 8, 13, 128, 0, 13, 13, 4654 }, // U+0630
    { 7, 12, 100, -1, 7, 11, 4667 }, // U+0631
    { 7, 15, 100, -1, 11, 14, 4678 }, // U+0632
    { 19, 12, 331, 1, 7, 29, 4692 }, // U+0633
    { 19, 17, 331, 1, 12, 41, 4721 }, // U+0634
    { 21, 13, 354, 1, 8, 35, 4762 }, // U+0635
    { 21, 16, 354, 1, 11, 42, 4797 }, // U+0636
    { 13, 14, 215, 0, 14, 23, 4839 }, // U+0637
    { 13, 13, 215, 0, 13, 22, 4862 }, // U+0638
    { 10, 15, 159, 1, 9, 19, 4884 }, // U+0639
    { 9, 18, 159, 1, 12, 21, 4903 }, // U+063A
    { 14, 15, 246, 1, 15, 27, 4924 }, // U+063B
    { 14, 20, 246, 1, 14, 35, 4951 }, // U+063C
    { 4, 3, 34, -1, 3, 2, 4986 }, // U+0640
    { 14, 13, 240, 1, 13, 23, 4988 }, // U+0641
    { 12, 15, 206, 1, 10, 23, 5011 }, // U+0642
    { 12, 14, 219, 1, 14, 21, 5034 }, // U+0643
    { 10, 17, 185, 1, 13, 22, 5055 }, // U+0644
    { 10, 14, 182, 1, 8, 18, 5077 }, // U+0645
    { 10, 13, 184, 1, 9, 17, 5095 }, // U+0646
    { 7, 10, 134, 1, 10, 9, 5112 }, // U+0647
    { 8, 12, 139, 0, 7, 12, 5121 }, // U+0648
    { 13, 13, 214, 1, 10, 22, 5133 }, // U+0649
    { 13, 16, 214, 1, 10, 26, 5155 }, // U+064A
    { 4, 5, 0, 2, 14, 3, 5181 }, // U+064B
    { 5, 5, 0, 1, 14, 4, 5184 }, // U+064C
    { 4, 5, 0, 1, 0, 3, 5188 }, // U+064D
    { 4, 3, 0, 2, 12, 2, 5191 }, // U+064E
    { 4, 5, 0, 0, 14, 3, 5193 }, // U+064F
    { 4, 3, 0, 1, 0, 2, 5196 }, // U+0650
    { 5, 4, 0, 0, 13, 3, 5198 }, // U+0651
    { 4, 3, 0, 1, 13, 2, 5201 }, // U+0652
    { 5, 2, 0, 1, 11, 2, 5203 }, // U+0653
    { 5, 4, 0, 1, 13, 3, 5205 }, // U+0654
    { 5, 4, 0, 1, -1, 3, 5208 }, // U+0655
    { 2, 4, 0, 0, 0, 1, 5211 }, // U+0656
    { 5, 2, 0, 0, 12, 2, 5212 }, // U+0658
    { 5, 3, 0, 1, 13, 2, 5214 }, // U+065A
    { 5, 3, 0, 1, 13, 2, 5216 }, // U+065B
    { 4, 5, 0, 1, 14, 3, 5218 }, // U+065D
    { 7, 5, 0, 0, 4, 5, 5221 }, // U+065F
    { 5, 5, 107, 1, 8, 4, 5226 }, // U+0660
    { 3, 11, 73, 1, 11, 5, 5230 }, // U+0661
    { 7, 11, 132, 1, 11, 10, 5235 }, // U+0662
    { 9, 11, 164, 1, 11, 13, 5245 }, // U+0663
    { 7, 12, 117, 1, 12, 11, 5258 }, // U+0664
    { 8, 9, 150, 1, 10, 9, 5269 }, // U+0665
    { 8, 12, 125, -1, 11, 12, 5278 }, // U+0666
    { 9, 11, 145, 0, 11, 13, 5290 }, // U+0667
    { 9, 11, 145, 0, 10, 13, 5303 }, // U+0668
    { 8, 12, 138, 1, 11, 12, 5316 }, // U+0669
    { 10, 13, 187, 1, 12, 17, 5328 }, // U+066A
    { 4, 6, 78, 0, 3, 3, 5345 }, // U+066B
    { 4, 6, 66, 0, 10, 3, 5348 }, // U+066C
    { 13, 12, 218, 0, 11, 20, 5351 }, // U+066D
    { 13, 8, 237, 1, 8, 13, 5371 }, // U+066E
    { 12, 12, 206, 1, 7, 18, 5384 }, // U+066F
    { 2, 4, 0, 0, 14, 1, 5402 }, // U+0670
    { 6, 15, 62, -1, 15, 12, 5403 }, // U+0671
    { 6, 15, 62, -1, 15, 12, 5415 }, // U+0672
    { 6, 17, 62, -2, 13, 13, 5427 }, // U+0673
    { 5, 4, 0, 1, 12, 3, 5440 }, // U+0674
    { 7, 13, 118, 1, 13, 12, 5443 }, // U+0675
    { 9, 17, 139, 0, 12, 20, 5455 }, // U+0676
    { 8, 21, 139, 0, 16, 21, 5475 }, // U+0677
    { 13, 17, 214, 1, 14, 28, 5496 }, // U+0678
    { 13, 10, 237, 1, 10, 17, 5524 }, // U+0679
    { 13, 11, 237, 1, 11, 18, 5541 }, // U+067A
    { 13, 14, 237, 1, 8, 23, 5559 }, // U+067B
    { 13, 11, 233, 1, 9, 18, 5582 }, // U+067C
    { 13, 11, 237, 1, 11, 18, 5600 }, // U+067D
    { 13, 14, 237, 1, 8, 23, 5618 }, // U+067E
    { 13, 11, 237, 1, 11, 18, 5641 }, // U+067F
    { 13, 14, 237, 1, 8, 23, 5659 }, // U+0680
    { 12, 19, 168, 0, 13, 29, 5682 }, // U+0681
    { 12, 20, 168, 0, 14, 30, 5711 }, // U+0682
    { 12, 15, 168, 0, 8, 23, 5741 }, // U+0683
    { 12, 15, 168, 0, 9, 23, 5764 }, // U+0684
    { 12, 20, 168, 0, 14, 30, 5787 }, // U+0685
    { 12, 15, 168, 0, 9, 23, 5817 }, // U+0686
    { 12, 15, 168, 0, 9, 23, 5840 }, // U+0687
    { 8, 14, 128, -1, 14, 14, 5863 }, // U+0688
    { 8, 12, 128, -1, 10, 12, 5877 }, // U+0689
    { 8, 14, 128, 0, 10, 14, 5889 }, // U+068A
    { 8, 18, 128, -1, 14, 18, 5903 }, // U+068B
    { 8, 13, 128, 0, 13, 13, 5921 }, // U+068C
    { 7, 14, 128, 0, 10, 13, 5934 }, // U+068D
    { 8, 15, 128, 0, 15, 15, 5947 }, // U+068E
    { 8, 15, 128, 0, 15, 15, 5962 }, // U+068F
    { 8, 15, 128, 0, 15, 15, 5977 }, // U+0690
    { 7, 17, 100, -1, 12, 15, 5992 }, // U+0691
    { 7, 15, 100, -1, 10, 14, 6007 }, // U+0692
    { 7, 12, 100, -2, 7, 11, 6021 }, // U+0693
    { 7, 13, 100, -1, 6, 12, 6032 }, // U+0694
    { 7, 13, 100, -1, 6, 12, 6044 }, // U+0695
    { 7, 17, 100, -1, 10, 15, 6056 }, // U+0696
    { 7, 16, 100, -1, 11, 14, 6071 }, // U+0697
    { 7, 17, 100, -1, 13, 15, 6085 }, // U+0698
    { 7, 17, 100, -1, 12, 15, 6100 }, // U+0699
    { 19, 14, 331, 1, 9, 34, 6115 }, // U+069A
    { 19, 13, 331, 1, 7, 31, 6149 }, // U+069B
    { 19, 18, 331, 1, 12, 43, 6180 }, // U+069C
    { 21, 16, 354, 1, 8, 42, 6223 }, // U+069D
    { 21, 18, 354, 1, 13, 48, 6265 }, // U+069E
    { 13, 13, 215, 0, 13, 22, 6313 }, // U+069F
    { 10, 20, 159, 1, 14, 25, 6335 }, // U+06A0
    { 14, 11, 240, 1, 11, 20, 6360 }, // U+06A1
    { 14, 15, 240, 1, 11, 27, 6380 }, // U+06A2
    { 14, 17, 240, 1, 13, 30, 6407 }, // U+06A3
    { 14, 15, 240, 1, 15, 27, 6437 }, // U+06A4
    { 14, 17, 240, 1, 11, 30, 6464 }, // U+06A5
    { 14, 16, 240, 1, 16, 28, 6494 }, // U+06A6
    { 12, 15, 206, 1, 10, 23, 6522 }, // U+06A7
    { 12, 17, 206, 1, 12, 26, 6545 }, // U+06A8
    { 14, 14, 246, 1, 14, 25, 6571 }, // U+06A9
    { 20, 11, 332, 0, 11, 28, 6596 }, // U+06AA
    { 14, 14, 246, 1, 14, 25, 6624 }, // U+06AB
    { 12, 17, 219, 1, 17, 26, 6649 }, // U+06AC
    { 14, 19, 219, 1, 19, 34, 6675 }, // U+06AD
    { 12, 20, 219, 1, 14, 30, 6709 }, // U+06AE
    { 14, 16, 246, 1, 16, 28, 6739 }, // U+06AF
    { 14, 16, 246, 1, 16, 28, 6767 }, // U+06B0
    { 14, 16, 246, 1, 16, 28, 6795 }, // U+06B1
    { 14, 20, 246, 1, 16, 35, 6823 }, // U+06B2
    { 14, 22, 246, 1, 16, 39, 6858 }, // U+06B3
    { 14, 18, 246, 1, 18, 32, 6897 }, // U+06B4
    { 11, 20, 185, 1, 16, 28, 6929 }, // U+06B5
    { 10, 20, 185, 1, 16, 25, 6957 }, // U+06B6
    { 11, 22, 185, 1, 18, 31, 6982 }, // U+06B7
    { 10, 23, 185, 1, 14, 29, 7013 }, // U+06B8
    { 10, 16, 184, 1, 8, 20, 7042 }, // U+06B9
    { 10, 10, 184, 1, 6, 13, 7062 }, // U+06BA
    { 10, 14, 184, 1, 10, 18, 7075 }, // U+06BB
    { 10, 15, 184, 1, 9, 19, 7093 }, // U+06BC
    { 10, 15, 184, 1, 11, 19, 7112 }, // U+06BD
    { 11, 11, 189, 0, 11, 16, 7131 }, // U+06BE
    { 12, 18, 168, 0, 12, 27, 7147 }, // U+06BF
    { 7, 14, 134, 1, 14, 13, 7174 }, // U+06C0
    { 7, 10, 134, 1, 10, 9, 7187 }, // U+06C1
    { 7, 14, 134, 1, 14, 13, 7196 }, // U+06C2
    { 7, 13, 134, 1, 13, 12, 7209 }, // U+06C3
    { 8, 12, 139, 0, 7, 12, 7221 }, // U+06C4
    { 8, 12, 139, 0, 7, 12, 7233 }, // U+06C5
    { 8, 16, 139, 0, 11, 16, 7245 }, // U+06C6
    { 8, 16, 139, 0, 11, 16, 7261 }, // U+06C7
    { 8, 16, 139, 0, 11, 16, 7277 }, // U+06C8
    { 8, 16, 139, 0, 11, 16, 7293 }, // U+06C9
    { 8, 16, 139, 0, 11, 16, 7309 }, // U+06CA
    { 8, 18, 139, 0, 13, 18, 7325 }, // U+06CB
    { 13, 13, 214, 1, 10, 22, 7343 }, // U+06CC
    { 15, 13, 230, 0, 10, 25, 7365 }, // U+06CD
    { 13, 13, 214, 1, 10, 22, 7390 }, // U+06CE
    { 8, 15, 139, 0, 10, 15, 7412 }, // U+06CF
    { 13, 18, 214, 1, 10, 30, 7427 }, // U+06D0
    { 13, 19, 214, 1, 10, 31, 7457 }, // U+06D1
    { 18, 9, 297, 0, 9, 21, 7488 }, // U+06D2
    { 18, 13, 297, 1, 13, 30, 7509 }, // U+06D3
    { 5, 3, 100, 0, 3, 2, 7539 }, // U+06D4
    { 7, 10, 134, 1, 10, 9, 7541 }, // U+06D5
    { 8, 13, 128, 0, 13, 13, 7550 }, // U+06EE
    { 5, 5, 107, 1, 8, 4, 7563 }, // U+06F0
    { 3, 11, 73, 1, 11, 5, 7567 }, // U+06F1
    { 7, 11, 132, 1, 11, 10, 7572 }, // U+06F2
    { 9, 11, 164, 1, 11, 13, 7582 }, // U+06F3
    { 8, 11, 142, 1, 11, 11, 7595 }, // U+06F4
    { 8, 12, 155, 1, 12, 12, 7606 }, // U+06F5
    { 8, 13, 139, 0, 12, 13, 7618 }, // U+06F6
    { 9, 11, 145, 0, 11, 13, 7631 }, // U+06F7
    { 9, 11, 145, 0, 10, 13, 7644 }, // U+06F8
    { 8, 12, 138, 1, 11, 12, 7657 }, // U+06F9
    { 19, 17, 331, 1, 12, 41, 7669 }, // U+06FA
    { 21, 16, 354, 1, 11, 42, 7710 }, // U+06FB
    { 10, 18, 159, 1, 12, 23, 7752 }, // U+06FC
    { 8, 12, 125, 0, 7, 12, 7775 }, // U+06FD
    { 10, 14, 182, 1, 8, 18, 7787 }, // U+06FE
    { 11, 13, 189, 0, 13, 18, 7805 }, // U+06FF
    { 19, 16, 331, 1, 11, 38, 7823 }, // U+075C
    { 9, 13, 146, 1, 9, 15, 7861 }, // U+1EA1
    { 11, 16, 156, -1, 16, 22, 7876 }, // U+1EA2
    { 9, 14, 146, 1, 14, 16, 7898 }, // U+1EA3
    { 10, 15, 146, 1, 15, 19, 7914 }, // U+1EA5
    { 11, 18, 156, -1, 18, 25, 7933 }, // U+1EA6
    { 11, 15, 146, -1, 15, 21, 7958 }, // U+1EA7
    { 12, 18, 156, -1, 18, 27, 7979 }, // U+1EA8
    { 9, 16, 146, 1, 16, 18, 8006 }, // U+1EA9
    { 9, 16, 146, 1, 16, 18, 8024 }, // U+1EAB
    { 11, 20, 156, -1, 16, 28, 8042 }, // U+1EAC
    { 9, 17, 146, 1, 13, 20, 8070 }, // U+1EAD
    { 11, 19, 156, -1, 19, 27, 8090 }, // U+1EAE
    { 9, 16, 146, 1, 16, 18, 8117 }, // U+1EAF
    { 9, 16, 146, 1, 16, 18, 8135 }, // U+1EB1
    { 9, 16, 146, 1, 16, 18, 8153 }, // U+1EB5
    { 9, 18, 146, 1, 14, 21, 8171 }, // U+1EB7
    { 8, 13, 147, 1, 9, 13, 8192 }, // U+1EB9
    { 8, 14, 147, 1, 14, 14, 8205 }, // U+1EBB
    { 8, 13, 147, 1, 13, 13, 8219 }, // U+1EBD
    { 10, 15, 147, 1, 15, 19, 8232 }, // U+1EBF
    { 9, 18, 141, -1, 18, 21, 8251 }, // U+1EC0
    { 10, 15, 147, -1, 15, 19, 8272 }, // U+1EC1
    { 9, 16, 147, 1, 16, 18, 8291 }, // U+1EC3
    { 8, 17, 147, 1, 13, 17, 8309 }, // U+1EC7
    { 5, 14, 74, 0, 14, 9, 8326 }, // U+1EC9
    { 3, 17, 74, 1, 13, 7, 8335 }, // U+1ECB
    { 10, 15, 184, 1, 11, 19, 8342 }, // U+1ECC
    { 9, 13, 156, 1, 9, 15, 8361 }, // U+1ECD
    { 9, 14, 156, 1, 14, 16, 8376 }, // U+1ECF
    { 11, 18, 184, 1, 18, 25, 8392 }, // U+1ED0
    { 10, 15, 156, 1, 15, 19, 8417 }, // U+1ED1
    { 10, 18, 184, 1, 18, 23, 8436 }, // U+1ED2
    { 10, 15, 156, 0, 15, 19, 8459 }, // U+1ED3
    { 9, 16, 156, 1, 16, 18, 8478 }, // U+1ED5
    { 9, 16, 156, 1, 16, 18, 8496 }, // U+1ED7
    { 10, 20, 184, 1, 16, 25, 8514 }, // U+1ED8
    { 9, 17, 156, 1, 13, 20, 8539 }, // U+1ED9
    { 10, 14, 165, 1, 14, 18, 8559 }, // U+1EDB
    { 10, 14, 165, 1, 14, 18, 8577 }, // U+1EDD
    { 11, 17, 190, 1, 17, 24, 8595 }, // U+1EDE
    { 10, 14, 165, 1, 14, 18, 8619 }, // U+1EDF
    { 10, 13, 165, 1, 13, 17, 8637 }, // U+1EE1
    { 10, 15, 165, 1, 11, 19, 8654 }, // U+1EE3
    { 8, 13, 152, 1, 9, 13, 8673 }, // U+1EE5
    { 9, 17, 174, 1, 17, 20, 8686 }, // U+1EE6
    { 8, 14, 152, 1, 14, 14, 8706 }, // U+1EE7
    { 10, 14, 169, 1, 14, 18, 8720 }, // U+1EE9
    { 10, 14, 169, 1, 14, 18, 8738 }, // U+1EEB
    { 10, 14, 169, 1, 14, 18, 8756 }, // U+1EED
    { 10, 13, 169, 1, 13, 17, 8774 }, // U+1EEF
    { 10, 15, 169, 1, 11, 19, 8791 }, // U+1EF1
    { 1, 15, 0, 0, 12, 2, 8810 }, // U+200C
    { 3, 16, 0, -1, 14, 6, 8812 }, // U+200D
    { 3, 18, 0, 0, 14, 7, 8818 }, // U+200E
    { 3, 18, 0, -2, 14, 7, 8825 }, // U+200F
    { 8, 2, 139, 1, 6, 2, 8832 }, // U+2013
    { 12, 2, 212, 1, 6, 3, 8834 }, // U+2014
    { 3, 5, 64, 1, 12, 2, 8837 }, // U+2018
    { 4, 5, 64, 0, 12, 3, 8839 }, // U+2019
    { 7, 5, 117, 1, 12, 5, 8842 }, // U+201C
    { 7, 5, 117, 0, 12, 5, 8847 }, // U+201D
    { 7, 5, 117, 0, 2, 5, 8852 }, // U+201E
    { 12, 3, 195, 1, 3, 5, 8857 }, // U+2026
    { 5, 8, 82, 0, 9, 5, 8862 }, // U+FB1D
    { 5, 2, 0, 0, 13, 2, 8867 }, // U+FB1E
    { 9, 8, 154, 0, 9, 9, 8869 }, // U+FB1F
    { 10, 9, 154, 0, 9, 12, 8878 }, // U+FB20
    { 16, 9, 254, 0, 9, 18, 8890 }, // U+FB21
    { 14, 9, 225, 0, 9, 16, 8908 }, // U+FB22
    { 14, 9, 263, 1, 9, 16, 8924 }, // U+FB23
    { 15, 9, 242, 0, 9, 17, 8940 }, // U+FB24
    { 13, 14, 227, 1, 13, 23, 8957 }, // U+FB25
    { 15, 9, 256, 0, 9, 17, 8980 }, // U+FB26
    { 14, 9, 242, 1, 9, 16, 8997 }, // U+FB27
    { 16, 9, 273, 0, 9, 18, 9013 }, // U+FB28
    { 9, 6, 176, 1, 9, 7, 9031 }, // U+FB29
    { 12, 11, 201, 0, 11, 17, 9038 }, // U+FB2A
    { 12, 11, 201, 0, 11, 17, 9055 }, // U+FB2B
    { 12, 11, 201, 0, 11, 17, 9072 }, // U+FB2C
    { 12, 11, 201, 0, 11, 17, 9089 }, // U+FB2D
    { 10, 11, 157, 0, 9, 14, 9106 }, // U+FB2E
    { 10, 13, 157, 0, 9, 17, 9120 }, // U+FB2F
    { 10, 9, 157, 0, 9, 12, 9137 }, // U+FB30
    { 9, 9, 138, 0, 9, 11, 9149 }, // U+FB31
    { 7, 9, 108, 0, 9, 8, 9160 }, // U+FB32
    { 8, 9, 132, 0, 9, 9, 9168 }, // U+FB33
    { 8, 9, 165, 1, 9, 9, 9177 }, // U+FB34
    { 5, 9, 93, 0, 9, 6, 9186 }, // U+FB35
    { 6, 9, 99, 0, 9, 7, 9192 }, // U+FB36
    { 10, 9, 166, 0, 9, 12, 9199 }, // U+FB38
    { 5, 6, 85, 0, 9, 4, 9211 }, // U+FB39
    { 8, 13, 139, 0, 9, 13, 9215 }, // U+FB3A
    { 8, 9, 137, 0, 9, 9, 9228 }, // U+FB3B
    { 8, 14, 135, 1, 13, 14, 9237 }, // U+FB3C
    { 10, 9, 170, 0, 9, 12, 9251 }, // U+FB3E
    { 6, 9, 104, 0, 9, 7, 9263 }, // U+FB40
    { 9, 9, 171, 1, 9, 11, 9270 }, // U+FB41
    { 9, 13, 167, 1, 9, 15, 9281 }, // U+FB43
    { 9, 9, 159, 1, 9, 11, 9296 }, // U+FB44
    { 10, 9, 149, -1, 9, 12, 9307 }, // U+FB46
    { 9, 13, 166, 1, 9, 15, 9319 }, // U+FB47
    { 8, 9, 140, 1, 9, 9, 9334 }, // U+FB48
    { 12, 9, 201, 0, 9, 14, 9343 }, // U+FB49
    { 10, 9, 172, 0, 9, 12, 9357 }, // U+FB4A
    { 5, 11, 91, 0, 11, 7, 9369 }, // U+FB4B
    { 9, 11, 138, 0, 11, 13, 9376 }, // U+FB4C
    { 8, 11, 137, 0, 11, 11, 9389 }, // U+FB4D
    { 9, 11, 159, 1, 11, 13, 9400 }, // U+FB4E
    { 9, 13, 152, 1, 13, 15, 9413 }, // U+FB4F
    { 6, 15, 69, -1, 15, 12, 9428 }, // U+FB51
    { 16, 13, 262, 1, 7, 26, 9440 }, // U+FB53
    { 5, 13, 83, -1, 7, 9, 9466 }, // U+FB54
    { 8, 12, 89, -1, 6, 12, 9475 }, // U+FB55
    { 16, 13, 262, 1, 7, 26, 9487 }, // U+FB57
    { 6, 13, 83, 0, 7, 10, 9513 }, // U+FB58
    { 7, 12, 89, 0, 6, 11, 9523 }, // U+FB59
    { 16, 14, 262, 1, 7, 28, 9534 }, // U+FB5B
    { 5, 14, 83, 0, 7, 9, 9562 }, // U+FB5C
    { 6, 13, 89, 0, 6, 10, 9571 }, // U+FB5D
    { 16, 11, 262, 1, 11, 22, 9581 }, // U+FB5F
    { 5, 13, 83, -1, 13, 9, 9603 }, // U+FB60
    { 8, 12, 89, -1, 12, 12, 9612 }, // U+FB61
    { 16, 11, 262, 1, 11, 22, 9624 }, // U+FB63
    { 5, 13, 83, -1, 13, 9, 9646 }, // U+FB64
    { 6, 11, 89, 0, 11, 9, 9655 }, // U+FB65
    { 16, 10, 262, 1, 10, 20, 9664 }, // U+FB67
    { 6, 12, 83, -1, 12, 9, 9684 }, // U+FB68
    { 7, 11, 89, -1, 11, 10, 9693 }, // U+FB69
    { 17, 14, 260, 1, 14, 30, 9703 }, // U+FB6B
    { 8, 16, 127, 0, 16, 16, 9733 }, // U+FB6C
    { 11, 14, 142, -1, 14, 20, 9749 }, // U+FB6D
    { 17, 14, 260, 1, 14, 30, 9769 }, // U+FB6F
    { 8, 16, 127, 0, 16, 16, 9799 }, // U+FB70
    { 11, 14, 142, -1, 14, 20, 9815 }, // U+FB71
    { 13, 15, 183, 0, 9, 25, 9835 }, // U+FB73
    { 13, 15, 190, -1, 9, 25, 9860 }, // U+FB74
    { 13, 14, 196, 0, 9, 23, 9885 }, // U+FB75
    { 13, 15, 183, 0, 8, 25, 9908 }, // U+FB77
    { 13, 13, 190, -1, 9, 22, 9933 }, // U+FB78
    { 14, 12, 196, -1, 9, 21, 9955 }, // U+FB79
    { 13, 15, 183, 0, 8, 25, 9976 }, // U+FB7B
    { 12, 15, 190, 0, 9, 23, 10001 }, // U+FB7C
    { 14, 14, 196, -1, 9, 25, 10024 }, // U+FB7D
    { 13, 15, 183, 0, 9, 25, 10049 }, // U+FB7F
    { 12, 16, 190, -1, 9, 24, 10074 }, // U+FB80
    { 13, 14, 196, -1, 9, 23, 10098 }, // U+FB81
    { 10, 14, 142, 0, 10, 18, 10121 }, // U+FB83
    { 10, 13, 142, 0, 13, 17, 10139 }, // U+FB85
    { 9, 15, 142, 0, 15, 17, 10156 }, // U+FB87
    { 9, 14, 142, 0, 14, 16, 10173 }, // U+FB89
    { 9, 17, 111, -1, 12, 20, 10189 }, // U+FB8B
    { 9, 17, 111, -1, 12, 20, 10209 }, // U+FB8D
    { 17, 13, 265, 1, 13, 28, 10229 }, // U+FB8F
    { 8, 13, 123, -1, 13, 13, 10257 }, // U+FB90
    { 11, 13, 144, -1, 13, 18, 10270 }, // U+FB91
    { 17, 15, 265, 1, 15, 32, 10288 }, // U+FB93
    { 8, 15, 124, -1, 15, 15, 10320 }, // U+FB94
    { 11, 15, 144, -1, 15, 21, 10335 }, // U+FB95
    { 17, 21, 265, 1, 15, 45, 10356 }, // U+FB97
    { 8, 21, 124, -1, 15, 21, 10401 }, // U+FB98
    { 11, 21, 144, -1, 15, 29, 10422 }, // U+FB99
    { 17, 16, 265, 1, 16, 34, 10451 }, // U+FB9B
    { 9, 16, 124, -2, 16, 18, 10485 }, // U+FB9C
    { 11, 16, 144, -1, 16, 22, 10503 }, // U+FB9D
    { 12, 11, 194, 1, 6, 17, 10525 }, // U+FB9F
    { 12, 14, 194, 1, 9, 21, 10542 }, // U+FBA1
    { 6, 12, 83, -1, 12, 9, 10563 }, // U+FBA2
    { 7, 11, 89, -1, 11, 10, 10572 }, // U+FBA3
    { 9, 13, 139, 1, 13, 15, 10582 }, // U+FBA5
    { 11, 7, 161, 0, 6, 10, 10597 }, // U+FBA7
    { 5, 12, 83, -1, 7, 8, 10607 }, // U+FBA8
    { 12, 13, 161, -1, 7, 20, 10615 }, // U+FBA9
    { 11, 13, 159, 0, 8, 18, 10635 }, // U+FBAB
    { 11, 11, 173, -1, 11, 16, 10653 }, // U+FBAC
    { 10, 13, 135, -1, 8, 17, 10669 }, // U+FBAD
    { 14, 8, 210, 1, 3, 14, 10686 }, // U+FBAF
    { 14, 12, 210, 1, 7, 21, 10700 }, // U+FBB1
    { 2, 3, 0, 4, 13, 1, 10721 }, // U+FBB2
    { 2, 3, 0, 4, -1, 1, 10722 }, // U+FBB3
    { 5, 3, 0, 3, 13, 2, 10723 }, // U+FBB4
    { 5, 3, 0, 3, 0, 2, 10725 }, // U+FBB5
    { 5, 5, 0, 3, 15, 4, 10727 }, // U+FBB6
    { 5, 5, 0, 3, 0, 4, 10731 }, // U+FBB7
    { 5, 5, 0, 3, 15, 4, 10735 }, // U+FBB8
    { 5, 5, 0, 3, -1, 4, 10739 }, // U+FBB9
    { 4, 5, 0, 3, 15, 3, 10743 }, // U+FBBA
    { 4, 5, 0, 3, 0, 3, 10746 }, // U+FBBB
    { 2, 5, 0, 4, 15, 2, 10749 }, // U+FBBD
    { 2, 5, 0, 4, -1, 2, 10751 }, // U+FBBE
    { 3, 3, 0, 3, 7, 2, 10753 }, // U+FBBF
    { 5, 5, 0, 1, -1, 4, 10755 }, // U+FBC1
    { 14, 19, 230, 1, 19, 34, 10759 }, // U+FBD4
    { 9, 16, 123, -1, 16, 18, 10793 }, // U+FBD5
    { 11, 16, 144, -1, 16, 22, 10811 }, // U+FBD6
    { 10, 16, 146, 0, 11, 20, 10833 }, // U+FBD8
    { 10, 16, 146, 0, 11, 20, 10853 }, // U+FBDA
    { 10, 16, 146, 0, 11, 20, 10873 }, // U+FBDC
    { 10, 18, 146, 0, 13, 23, 10893 }, // U+FBDF
    { 10, 12, 146, 0, 7, 15, 10916 }, // U+FBE1
    { 10, 16, 146, 0, 11, 20, 10931 }, // U+FBE3
    { 13, 15, 193, 1, 5, 25, 10951 }, // U+FBE5
    { 5, 13, 83, -1, 7, 9, 10976 }, // U+FBE6
    { 8, 12, 89, -1, 6, 12, 10985 }, // U+FBE7
    { 5, 7, 83, -1, 7, 5, 10997 }, // U+FBE8
    { 8, 6, 89, -1, 6, 6, 11002 }, // U+FBE9
    { 13, 9, 193, 1, 5, 15, 11008 }, // U+FBFD
    { 6, 11, 83, 0, 7, 9, 11023 }, // U+FBFE
    { 7, 10, 89, 0, 6, 9, 11032 }, // U+FBFF
    { 8, 17, 128, 0, 17, 17, 11041 }, // U+FC5B
    { 7, 16, 100, -1, 11, 14, 11058 }, // U+FC5C
    { 5, 8, 0, 0, 17, 5, 11072 }, // U+FC61
    { 5, 7, 0, 0, 16, 5, 11077 }, // U+FC63
    { 5, 15, 69, 1, 15, 10, 11082 }, // U+FD3C
    { 4, 15, 62, 1, 15, 8, 11092 }, // U+FD3D
    { 7, 18, 141, 1, 14, 16, 11100 }, // U+FD3E
    { 7, 18, 150, 1, 14, 16, 11116 }, // U+FD3F
    { 18, 16, 304, 1, 16, 36, 11132 }, // U+FDF2
    { 4, 5, 160, 1, 14, 3, 11168 }, // U+FE70
    { 5, 5, 160, 1, 14, 4, 11171 }, // U+FE72
    { 4, 5, 160, 1, 0, 3, 11175 }, // U+FE74
    { 4, 3, 160, 1, 12, 2, 11178 }, // U+FE76
    { 4, 5, 160, 0, 14, 3, 11180 }, // U+FE78
    { 5, 4, 160, 0, 13, 3, 11183 }, // U+FE7C
    { 4, 3, 160, 1, 13, 2, 11186 }, // U+FE7E
    { 6, 13, 69, -1, 13, 10, 11188 }, // U+FE82
    { 5, 15, 69, 0, 15, 10, 11198 }, // U+FE84
    { 10, 16, 146, 0, 11, 20, 11208 }, // U+FE86
    { 5, 18, 69, 0, 13, 12, 11228 }, // U+FE88
    { 14, 13, 193, 0, 9, 23, 11240 }, // U+FE8A
    { 5, 11, 83, 0, 11, 7, 11263 }, // U+FE8B
    { 8, 10, 89, -1, 10, 10, 11270 }, // U+FE8C
    { 4, 13, 69, 1, 13, 7, 11280 }, // U+FE8E
    { 16, 11, 262, 1, 7, 22, 11287 }, // U+FE90
    { 5, 11, 83, -1, 7, 7, 11309 }, // U+FE91
    { 8, 10, 89, -1, 6, 10, 11316 }, // U+FE92
    { 9, 13, 139, 1, 13, 15, 11326 }, // U+FE94
    { 16, 9, 262, 1, 9, 18, 11341 }, // U+FE96
    { 6, 11, 83, -1, 11, 9, 11359 }, // U+FE97
    { 7, 10, 89, 0, 10, 9, 11368 }, // U+FE98
    { 16, 12, 262, 1, 12, 24, 11377 }, // U+FE9A
    { 6, 13, 83, -1, 13, 10, 11401 }, // U+FE9B
    { 7, 12, 89, 0, 12, 11, 11411 }, // U+FE9C
    { 13, 15, 183, 0, 8, 25, 11422 }, // U+FE9E
    { 12, 13, 190, -1, 9, 20, 11447 }, // U+FE9F
    { 13, 12, 196, 0, 9, 20, 11467 }, // U+FEA0
    { 13, 15, 183, 0, 8, 25, 11487 }, // U+FEA2
    { 13, 9, 190, -1, 9, 15, 11512 }, // U+FEA3
    { 14, 9, 196, -1, 9, 16, 11527 }, // U+FEA4
    { 12, 19, 183, 0, 12, 29, 11543 }, // U+FEA6
    { 13, 12, 190, -1, 12, 20, 11572 }, // U+FEA7
    { 14, 12, 196, -1, 12, 21, 11592 }, // U+FEA8
    { 10, 10, 142, 0, 10, 13, 11613 }, // U+FEAA
    { 10, 13, 142, 0, 13, 17, 11626 }, // U+FEAC
    { 9, 12, 111, -1, 7, 14, 11643 }, // U+FEAE
    { 9, 15, 111, -1, 10, 17, 11657 }, // U+FEB0
    { 22, 12, 349, 1, 7, 33, 11674 }, // U+FEB2
    { 14, 7, 220, -1, 7, 13, 11707 }, // U+FEB3
    { 16, 6, 236, -1, 6, 12, 11720 }, // U+FEB4
    { 22, 17, 349, 1, 12, 47, 11732 }, // U+FEB6
    { 14, 12, 220, -1, 12, 21, 11779 }, // U+FEB7
    { 17, 12, 236, -1, 12, 26, 11800 }, // U+FEB8
    { 23, 13, 362, 1, 8, 38, 11826 }, // U+FEBA
    { 16, 8, 246, -1, 8, 16, 11864 }, // U+FEBB
    { 18, 8, 254, -1, 8, 18, 11880 }, // U+FEBC
    { 23, 16, 362, 1, 11, 46, 11898 }, // U+FEBE
    { 16, 11, 246, -1, 11, 22, 11944 }, // U+FEBF
    { 18, 11, 254, -1, 11, 25, 11966 }, // U+FEC0
    { 15, 14, 227, 0, 14, 27, 11991 }, // U+FEC2
    { 13, 14, 208, 0, 14, 23, 12018 }, // U+FEC3
    { 15, 14, 220, 0, 14, 27, 12041 }, // U+FEC4
    { 15, 13, 227, 0, 13, 25, 12068 }, // U+FEC6
    { 13, 13, 208, 0, 13, 22, 12093 }, // U+FEC7
    { 15, 13, 220, 0, 13, 25, 12115 }, // U+FEC8
    { 10, 15, 155, 1, 8, 19, 12140 }, // U+FECA
    { 10, 8, 151, -1, 8, 10, 12159 }, // U+FECB
    { 12, 8, 162, -1, 8, 12, 12169 }, // U+FECC
    { 10, 19, 155, 1, 12, 24, 12181 }, // U+FECE
    { 10, 12, 151, -1, 12, 15, 12205 }, // U+FECF
    { 12, 12, 162, -1, 12, 18, 12220 }, // U+FED0
    { 17, 12, 260, 1, 12, 26, 12238 }, // U+FED2
    { 8, 13, 127, 0, 13, 13, 12264 }, // U+FED3
    { 11, 12, 142, -1, 12, 17, 12277 }, // U+FED4
    { 14, 16, 216, 1, 11, 28, 12294 }, // U+FED6
    { 8, 13, 127, 0, 13, 13, 12322 }, // U+FED7
    { 11, 12, 142, -1, 12, 17, 12335 }, // U+FED8
    { 15, 14, 230, 1, 14, 27, 12352 }, // U+FEDA
    { 8, 13, 123, -1, 13, 13, 12379 }, // U+FEDB
    { 11, 13, 144, -1, 13, 18, 12392 }, // U+FEDC
    { 12, 17, 190, 1, 13, 26, 12410 }, // U+FEDE
    { 4, 13, 69, -1, 13, 7, 12436 }, // U+FEDF
    { 6, 13, 70, -1, 13, 10, 12443 }, // U+FEE0
    { 12, 14, 193, 1, 8, 21, 12453 }, // U+FEE2
    { 10, 8, 157, -1, 8, 10, 12474 }, // U+FEE3
    { 12, 8, 168, -1, 8, 12, 12484 }, // U+FEE4
    { 12, 13, 194, 1, 8, 20, 12496 }, // U+FEE6
    { 5, 11, 83, -1, 11, 7, 12516 }, // U+FEE7
    { 8, 9, 89, -1, 9, 9, 12523 }, // U+FEE8
    { 9, 9, 139, 1, 9, 11, 12532 }, // U+FEEA
    { 11, 11, 173, -1, 11, 16, 12543 }, // U+FEEB
    { 10, 13, 135, -1, 8, 17, 12559 }, // U+FEEC
    { 10, 12, 146, 0, 7, 15, 12576 }, // U+FEEE
    { 13, 9, 193, 1, 5, 15, 12591 }, // U+FEF0
    { 13, 12, 193, 1, 5, 20, 12606 }, // U+FEF2
    { 6, 11, 83, 0, 7, 9, 12626 }, // U+FEF3
    { 7, 10, 89, 0, 6, 9, 12635 }, // U+FEF4
    { 10, 14, 172, 0, 14, 18, 12644 }, // U+FEF5
    { 12, 13, 181, 0, 13, 20, 12662 }, // U+FEF6
    { 10, 15, 172, 0, 15, 19, 12682 }, // U+FEF7
    { 12, 15, 181, 0, 15, 23, 12701 }, // U+FEF8
    { 10, 18, 172, 0, 13, 23, 12724 }, // U+FEF9
    { 12, 18, 181, 0, 13, 27, 12747 }, // U+FEFA
    { 10, 13, 172, 0, 13, 17, 12774 }, // U+FEFB
    { 12, 13, 181, 0, 13, 20, 12791 }, // U+FEFC
};

static const EpdUnicodeInterval firago_8_semiboldIntervals[] = {
    { 0x20, 0x7E, 0x0 },
    { 0xA0, 0xA1, 0x5F },
    { 0xAB, 0xAB, 0x61 },
    { 0xB0, 0xB0, 0x62 },
    { 0xB7, 0xB7, 0x63 },
    { 0xBA, 0xBB, 0x64 },
    { 0xBF, 0xC2, 0x66 },
    { 0xC4, 0xC7, 0x6A },
    { 0xC9, 0xCA, 0x6E },
    { 0xCD, 0xCE, 0x70 },
    { 0xD2, 0xD3, 0x72 },
    { 0xD6, 0xD6, 0x74 },
    { 0xD8, 0xDA, 0x75 },
    { 0xDC, 0xDD, 0x78 },
    { 0xDF, 0xEF, 0x7A },
    { 0xF1, 0xF6, 0x8B },
    { 0xF8, 0xFA, 0x91 },
    { 0xFC, 0xFD, 0x94 },
    { 0x103, 0x103, 0x96 },
    { 0x105, 0x105, 0x97 },
    { 0x107, 0x107, 0x98 },
    { 0x10C, 0x111, 0x99 },
    { 0x116, 0x11B, 0x9F },
    { 0x11E, 0x11F, 0xA5 },
    { 0x129, 0x129, 0xA7 },
    { 0x12E, 0x131, 0xA8 },
    { 0x13A, 0x13A, 0xAC },
    { 0x13D, 0x13E, 0xAD },
    { 0x141, 0x142, 0xAF },
    { 0x144, 0x144, 0xB1 },
    { 0x148, 0x148, 0xB2 },
    { 0x151, 0x151, 0xB3 },
    { 0x155, 0x155, 0xB4 },
    { 0x158, 0x15B, 0xB5 },
    { 0x15E, 0x161, 0xB9 },
    { 0x163, 0x165, 0xBD },
    { 0x16B, 0x16B, 0xC0 },
    { 0x16E, 0x173, 0xC1 },
    { 0x17A, 0x17A, 0xC7 },
    { 0x17C, 0x17E, 0xC8 },
    { 0x1A1, 0x1A1, 0xCB },
    { 0x1B0, 0x1B0, 0xCC },
    { 0x218, 0x21B, 0xCD },
    { 0x404, 0x404, 0xD1 },
    { 0x406, 0x406, 0xD2 },
    { 0x410, 0x429, 0xD3 },
    { 0x42B, 0x42D, 0xED },
    { 0x42F, 0x44F, 0xF0 },
    { 0x451, 0x451, 0x111 },
    { 0x454, 0x454, 0x112 },
    { 0x456, 0x457, 0x113 },
    { 0x45E, 0x45E, 0x115 },
    { 0x491, 0x493, 0x116 },
    { 0x49A, 0x49B, 0x119 },
    { 0x4A2, 0x4A3, 0x11B },
    { 0x4AE, 0x4B1, 0x11D },
    { 0x4D8, 0x4D9, 0x121 },
    { 0x4E8, 0x4E9, 0x123 },
    { 0x591, 0x5C7, 0x125 },
    { 0x5D0, 0x5EA, 0x15C },
    { 0x5F0, 0x5F4, 0x177 },
    { 0x600, 0x600, 0x17C },
    { 0x609, 0x60D, 0x17D },
    { 0x615, 0x615, 0x182 },
    { 0x61B, 0x61B, 0x183 },
    { 0x61E, 0x63C, 0x184 },
    { 0x640, 0x656, 0x1A3 },
    { 0x658, 0x658, 0x1BA },
    { 0x65A, 0x65B, 0x1BB },
    { 0x65D, 0x65D, 0x1BD },
    { 0x65F, 0x6D5, 0x1BE },
    { 0x6EE, 0x6EE, 0x235 },
    { 0x6F0, 0x6FF, 0x236 },
    { 0x75C, 0x75C, 0x246 },
    { 0x1EA1, 0x1EA3, 0x247 },
    { 0x1EA5, 0x1EA9, 0x24A },
    { 0x1EAB, 0x1EAF, 0x24F },
    { 0x1EB1, 0x1EB1, 0x254 },
    { 0x1EB5, 0x1EB5, 0x255 },
    { 0x1EB7, 0x1EB7, 0x256 },
    { 0x1EB9, 0x1EB9, 0x257 },
    { 0x1EBB, 0x1EBB, 0x258 },
    { 0x1EBD, 0x1EBD, 0x259 },
    { 0x1EBF, 0x1EC1, 0x25A },
    { 0x1EC3, 0x1EC3, 0x25D },
    { 0x1EC7, 0x1EC7, 0x25E },
    { 0x1EC9, 0x1EC9, 0x25F },
    { 0x1ECB, 0x1ECD, 0x260 },
    { 0x1ECF, 0x1ED3, 0x263 },
    { 0x1ED5, 0x1ED5, 0x268 },
    { 0x1ED7, 0x1ED9, 0x269 },
    { 0x1EDB, 0x1EDB, 0x26C },
    { 0x1EDD, 0x1EDF, 0x26D },
    { 0x1EE1, 0x1EE1, 0x270 },
    { 0x1EE3, 0x1EE3, 0x271 },
    { 0x1EE5, 0x1EE7, 0x272 },
    { 0x1EE9, 0x1EE9, 0x275 },
    { 0x1EEB, 0x1EEB, 0x276 },
    { 0x1EED, 0x1EED, 0x277 },
    { 0x1EEF, 0x1EEF, 0x278 },
    { 0x1EF1, 0x1EF1, 0x279 },
    { 0x200C, 0x200F, 0x27A },
    { 0x2013, 0x2014, 0x27E },
    { 0x2018, 0x2019, 0x280 },
    { 0x201C, 0x201E, 0x282 },
    { 0x2026, 0x2026, 0x285 },
    { 0xFB1D, 0xFB36, 0x286 },
    { 0xFB38, 0xFB3C, 0x2A0 },
    { 0xFB3E, 0xFB3E, 0x2A5 },
    { 0xFB40, 0xFB41, 0x2A6 },
    { 0xFB43, 0xFB44, 0x2A8 },
    { 0xFB46, 0xFB4F, 0x2AA },
    { 0xFB51, 0xFB51, 0x2B4 },
    { 0xFB53, 0xFB55, 0x2B5 },
    { 0xFB57, 0xFB59, 0x2B8 },
    { 0xFB5B, 0xFB5D, 0x2BB },
    { 0xFB5F, 0xFB61, 0x2BE },
    { 0xFB63, 0xFB65, 0x2C1 },
    { 0xFB67, 0xFB69, 0x2C4 },
    { 0xFB6B, 0xFB6D, 0x2C7 },
    { 0xFB6F, 0xFB71, 0x2CA },
    { 0xFB73, 0xFB75, 0x2CD },
    { 0xFB77, 0xFB79, 0x2D0 },
    { 0xFB7B, 0xFB7D, 0x2D3 },
    { 0xFB7F, 0xFB81, 0x2D6 },
    { 0xFB83, 0xFB83, 0x2D9 },
    { 0xFB85, 0xFB85, 0x2DA },
    { 0xFB87, 0xFB87, 0x2DB },
    { 0xFB89, 0xFB89, 0x2DC },
    { 0xFB8B, 0xFB8B, 0x2DD },
    { 0xFB8D, 0xFB8D, 0x2DE },
    { 0xFB8F, 0xFB91, 0x2DF },
    { 0xFB93, 0xFB95, 0x2E2 },
    { 0xFB97, 0xFB99, 0x2E5 },
    { 0xFB9B, 0xFB9D, 0x2E8 },
    { 0xFB9F, 0xFB9F, 0x2EB },
    { 0xFBA1, 0xFBA3, 0x2EC },
    { 0xFBA5, 0xFBA5, 0x2EF },
    { 0xFBA7, 0xFBA9, 0x2F0 },
    { 0xFBAB, 0xFBAD, 0x2F3 },
    { 0xFBAF, 0xFBAF, 0x2F6 },
    { 0xFBB1, 0xFBBB, 0x2F7 },
    { 0xFBBD, 0xFBBF, 0x302 },
    { 0xFBC1, 0xFBC1, 0x305 },
    { 0xFBD4, 0xFBD6, 0x306 },
    { 0xFBD8, 0xFBD8, 0x309 },
    { 0xFBDA, 0xFBDA, 0x30A },
    { 0xFBDC, 0xFBDC, 0x30B },
    { 0xFBDF, 0xFBDF, 0x30C },
    { 0xFBE1, 0xFBE1, 0x30D },
    { 0xFBE3, 0xFBE3, 0x30E },
    { 0xFBE5, 0xFBE9, 0x30F },
    { 0xFBFD, 0xFBFF, 0x314 },
    { 0xFC5B, 0xFC5C, 0x317 },
    { 0xFC61, 0xFC61, 0x319 },
    { 0xFC63, 0xFC63, 0x31A },
    { 0xFD3C, 0xFD3F, 0x31B },
    { 0xFDF2, 0xFDF2, 0x31F },
    { 0xFE70, 0xFE70, 0x320 },
    { 0xFE72, 0xFE72, 0x321 },
    { 0xFE74, 0xFE74, 0x322 },
    { 0xFE76, 0xFE76, 0x323 },
    { 0xFE78, 0xFE78, 0x324 },
    { 0xFE7C, 0xFE7C, 0x325 },
    { 0xFE7E, 0xFE7E, 0x326 },
    { 0xFE82, 0xFE82, 0x327 },
    { 0xFE84, 0xFE84, 0x328 },
    { 0xFE86, 0xFE86, 0x329 },
    { 0xFE88, 0xFE88, 0x32A },
    { 0xFE8A, 0xFE8C, 0x32B },
    { 0xFE8E, 0xFE8E, 0x32E },
    { 0xFE90, 0xFE92, 0x32F },
    { 0xFE94, 0xFE94, 0x332 },
    { 0xFE96, 0xFE98, 0x333 },
    { 0xFE9A, 0xFE9C, 0x336 },
    { 0xFE9E, 0xFEA0, 0x339 },
    { 0xFEA2, 0xFEA4, 0x33C },
    { 0xFEA6, 0xFEA8, 0x33F },
    { 0xFEAA, 0xFEAA, 0x342 },
    { 0xFEAC, 0xFEAC, 0x343 },
    { 0xFEAE, 0xFEAE, 0x344 },
    { 0xFEB0, 0xFEB0, 0x345 },
    { 0xFEB2, 0xFEB4, 0x346 },
    { 0xFEB6, 0xFEB8, 0x349 },
    { 0xFEBA, 0xFEBC, 0x34C },
    { 0xFEBE, 0xFEC0, 0x34F },
    { 0xFEC2, 0xFEC4, 0x352 },
    { 0xFEC6, 0xFEC8, 0x355 },
    { 0xFECA, 0xFECC, 0x358 },
    { 0xFECE, 0xFED0, 0x35B },
    { 0xFED2, 0xFED4, 0x35E },
    { 0xFED6, 0xFED8, 0x361 },
    { 0xFEDA, 0xFEDC, 0x364 },
    { 0xFEDE, 0xFEE0, 0x367 },
    { 0xFEE2, 0xFEE4, 0x36A },
    { 0xFEE6, 0xFEE8, 0x36D },
    { 0xFEEA, 0xFEEC, 0x370 },
    { 0xFEEE, 0xFEEE, 0x373 },
    { 0xFEF0, 0xFEF0, 0x374 },
    { 0xFEF2, 0xFEFC, 0x375 },
};

static const EpdKernClassEntry firago_8_semiboldKernLeftClasses[] = {
    { 0x0021, 1 }, // !
    { 0x0022, 2 }, // "
    { 0x0023, 3 }, // #
    { 0x0024, 4 }, // $
    { 0x0025, 5 }, // %
    { 0x0026, 6 }, // &
    { 0x0027, 2 }, // '
    { 0x0028, 7 }, // (
    { 0x0029, 8 }, // )
    { 0x002A, 9 }, // *
    { 0x002B, 10 }, // +
    { 0x002C, 11 }, // ,
    { 0x002D, 10 }, // -
    { 0x002E, 11 }, // .
    { 0x002F, 12 }, // /
    { 0x0030, 13 }, // 0
    { 0x0031, 14 }, // 1
    { 0x0032, 15 }, // 2
    { 0x0033, 16 }, // 3
    { 0x0034, 17 }, // 4
    { 0x0035, 18 }, // 5
    { 0x0036, 19 }, // 6
    { 0x0037, 20 }, // 7
    { 0x0038, 21 }, // 8
    { 0x0039, 22 }, // 9
    { 0x003A, 23 }, // :
    { 0x003B, 23 }, // ;
    { 0x003C, 24 }, // <
    { 0x003D, 24 }, // =
    { 0x003E, 24 }, // >
    { 0x003F, 25 }, // ?
    { 0x0040, 26 }, // @
    { 0x0041, 27 }, // A
    { 0x0042, 28 }, // B
    { 0x0043, 29 }, // C
    { 0x0044, 30 }, // D
    { 0x0045, 31 }, // E
    { 0x0046, 32 }, // F
    { 0x0047, 33 }, // G
    { 0x0048, 34 }, // H
    { 0x0049, 34 }, // I
    { 0x004A, 35 }, // J
    { 0x004B, 36 }, // K
    { 0x004C, 37 }, // L
    { 0x004D, 38 }, // M
    { 0x004E, 34 }, // N
    { 0x004F, 30 }, // O
    { 0x0050, 39 }, // P
    { 0x0051, 40 }, // Q
    { 0x0052, 41 }, // R
    { 0x0053, 4 }, // S
    { 0x0054, 42 }, // T
    { 0x0055, 43 }, // U
    { 0x0056, 44 }, // V
    { 0x0057, 45 }, // W
    { 0x0058, 36 }, // X
    { 0x0059, 46 }, // Y
    { 0x005A, 47 }, // Z
    { 0x005B, 48 }, // [
    { 0x005C, 49 }, // <backslash>
    { 0x005F, 50 }, // _
    { 0x0061, 51 }, // a
    { 0x0062, 52 }, // b
    { 0x0063, 53 }, // c
    { 0x0064, 54 }, // d
    { 0x0065, 52 }, // e
    { 0x0066, 55 }, // f
    { 0x0067, 56 }, // g
    { 0x0068, 57 }, // h
    { 0x0069, 58 }, // i
    { 0x006A, 58 }, // j
    { 0x006B, 59 }, // k
    { 0x006C, 60 }, // l
    { 0x006D, 57 }, // m
    { 0x006E, 57 }, // n
    { 0x006F, 52 }, // o
    { 0x0070, 52 }, // p
    { 0x0071, 61 }, // q
    { 0x0072, 62 }, // r
    { 0x0073, 63 }, // s
    { 0x0074, 64 }, // t
    { 0x0075, 65 }, // u
    { 0x0076, 66 }, // v
    { 0x0077, 67 }, // w
    { 0x0078, 59 }, // x
    { 0x0079, 66 }, // y
    { 0x007A, 68 }, // z
    { 0x007B, 69 }, // {
    { 0x007E, 10 }, // ~
    { 0x00A1, 70 }, // U+00A1
    { 0x00AB, 71 }, // U+00AB
    { 0x00B0, 72 }, // U+00B0
    { 0x00B7, 10 }, // U+00B7
    { 0x00BB, 73 }, // U+00BB
    { 0x00BF, 74 }, // U+00BF
    { 0x00C0, 27 }, // U+00C0
    { 0x00C1, 27 }, // U+00C1
    { 0x00C2, 27 }, // U+00C2
    { 0x00C4, 27 }, // U+00C4
    { 0x00C5, 27 }, // U+00C5
    { 0x00C6, 31 }, // U+00C6
    { 0x00C7, 29 }, // U+00C7
    { 0x00C9, 31 }, // U+00C9
    { 0x00CA, 31 }, // U+00CA
    { 0x00CD, 75 }, // U+00CD
    { 0x00CE, 75 }, // U+00CE
    { 0x00D2, 30 }, // U+00D2
    { 0x00D3, 30 }, // U+00D3
    { 0x00D6, 30 }, // U+00D6
    { 0x00D8, 30 }, // U+00D8
    { 0x00D9, 43 }, // U+00D9
    { 0x00DA, 43 }, // U+00DA
    { 0x00DC, 43 }, // U+00DC
    { 0x00DD, 46 }, // U+00DD
    { 0x00DF, 76 }, // U+00DF
    { 0x00E0, 51 }, // U+00E0
    { 0x00E1, 51 }, // U+00E1
    { 0x00E2, 51 }, // U+00E2
    { 0x00E3, 51 }, // U+00E3
    { 0x00E4, 51 }, // U+00E4
    { 0x00E5, 51 }, // U+00E5
    { 0x00E6, 52 }, // U+00E6
    { 0x00E7, 53 }, // U+00E7
    { 0x00E8, 52 }, // U+00E8
    { 0x00E9, 52 }, // U+00E9
    { 0x00EA, 52 }, // U+00EA
    { 0x00EB, 52 }, // U+00EB
    { 0x00EC, 77 }, // U+00EC
    { 0x00ED, 77 }, // U+00ED
    { 0x00EE, 77 }, // U+00EE
    { 0x00EF, 77 }, // U+00EF
    { 0x00F1, 57 }, // U+00F1
    { 0x00F2, 52 }, // U+00F2
    { 0x00F3, 52 }, // U+00F3
    { 0x00F4, 52 }, // U+00F4
    { 0x00F5, 52 }, // U+00F5
    { 0x00F6, 52 }, // U+00F6
    { 0x00F8, 52 }, // U+00F8
    { 0x00F9, 65 }, // U+00F9
    { 0x00FA, 65 }, // U+00FA
    { 0x00FC, 65 }, // U+00FC
    { 0x00FD, 66 }, // U+00FD
    { 0x0103, 51 }, // U+0103
    { 0x0105, 51 }, // U+0105
    { 0x0107, 53 }, // U+0107
    { 0x010C, 29 }, // U+010C
    { 0x010D, 53 }, // U+010D
    { 0x010E, 30 }, // U+010E
    { 0x010F, 78 }, // U+010F
    { 0x0110, 30 }, // U+0110
    { 0x0111, 54 }, // U+0111
    { 0x0116, 31 }, // U+0116
    { 0x0117, 52 }, // U+0117
    { 0x0118, 31 }, // U+0118
    { 0x0119, 52 }, // U+0119
    { 0x011A, 31 }, // U+011A
    { 0x011B, 52 }, // U+011B
    { 0x011E, 33 }, // U+011E
    { 0x011F, 56 }, // U+011F
    { 0x0129, 77 }, // U+0129
    { 0x012E, 34 }, // U+012E
    { 0x012F, 58 }, // U+012F
    { 0x0130, 34 }, // U+0130
    { 0x0131, 65 }, // U+0131
    { 0x013A, 60 }, // U+013A
    { 0x013D, 37 }, // U+013D
    { 0x013E, 78 }, // U+013E
    { 0x0141, 37 }, // U+0141
    { 0x0142, 79 }, // U+0142
    { 0x0144, 57 }, // U+0144
    { 0x0148, 57 }, // U+0148
    { 0x0151, 52 }, // U+0151
    { 0x0155, 62 }, // U+0155
    { 0x0158, 41 }, // U+0158
    { 0x0159, 80 }, // U+0159
    { 0x015A, 4 }, // U+015A
    { 0x015B, 63 }, // U+015B
    { 0x015E, 4 }, // U+015E
    { 0x015F, 63 }, // U+015F
    { 0x0160, 4 }, // U+0160
    { 0x0161, 63 }, // U+0161
    { 0x0163, 64 }, // U+0163
    { 0x0164, 42 }, // U+0164
    { 0x0165, 81 }, // U+0165
    { 0x016B, 65 }, // U+016B
    { 0x016E, 43 }, // U+016E
    { 0x016F, 65 }, // U+016F
    { 0x0170, 43 }, // U+0170
    { 0x0171, 65 }, // U+0171
    { 0x0172, 43 }, // U+0172
    { 0x0173, 65 }, // U+0173
    { 0x017A, 68 }, // U+017A
    { 0x017C, 68 }, // U+017C
    { 0x017D, 47 }, // U+017D
    { 0x017E, 68 }, // U+017E
    { 0x01A1, 82 }, // U+01A1
    { 0x01B0, 82 }, // U+01B0
    { 0x0218, 4 }, // U+0218
    { 0x0219, 63 }, // U+0219
    { 0x021A, 42 }, // U+021A
    { 0x021B, 64 }, // U+021B
    { 0x0404, 29 }, // U+0404
    { 0x0406, 34 }, // U+0406
    { 0x0410, 27 }, // U+0410
    { 0x0411, 83 }, // U+0411
    { 0x0412, 28 }, // U+0412
    { 0x0413, 84 }, // U+0413
    { 0x0414, 85 }, // U+0414
    { 0x0415, 31 }, // U+0415
    { 0x0416, 36 }, // U+0416
    { 0x0417, 28 }, // U+0417
    { 0x0418, 34 }, // U+0418
    { 0x0419, 34 }, // U+0419
    { 0x041A, 36 }, // U+041A
    { 0x041B, 34 }, // U+041B
    { 0x041C, 38 }, // U+041C
    { 0x041D, 34 }, // U+041D
    { 0x041E, 30 }, // U+041E
    { 0x041F, 34 }, // U+041F
    { 0x0420, 39 }, // U+0420
    { 0x0421, 29 }, // U+0421
    { 0x0422, 42 }, // U+0422
    { 0x0423, 86 }, // U+0423
    { 0x0424, 30 }, // U+0424
    { 0x0425, 36 }, // U+0425
    { 0x0426, 87 }, // U+0426
    { 0x0427, 34 }, // U+0427
    { 0x0428, 34 }, // U+0428
    { 0x0429, 87 }, // U+0429
    { 0x042B, 34 }, // U+042B
    { 0x042C, 88 }, // U+042C
    { 0x042D, 30 }, // U+042D
    { 0x042F, 34 }, // U+042F
    { 0x0430, 51 }, // U+0430
    { 0x0431, 52 }, // U+0431
    { 0x0432, 89 }, // U+0432
    { 0x0433, 90 }, // U+0433
    { 0x0434, 91 }, // U+0434
    { 0x0435, 52 }, // U+0435
    { 0x0436, 59 }, // U+0436
    { 0x0437, 89 }, // U+0437
    { 0x0438, 65 }, // U+0438
    { 0x0439, 65 }, // U+0439
    { 0x043A, 59 }, // U+043A
    { 0x043B, 65 }, // U+043B
    { 0x043C, 92 }, // U+043C
    { 0x043D, 65 }, // U+043D
    { 0x043E, 52 }, // U+043E
    { 0x043F, 65 }, // U+043F
    { 0x0440, 52 }, // U+0440
    { 0x0441, 53 }, // U+0441
    { 0x0442, 93 }, // U+0442
    { 0x0443, 66 }, // U+0443
    { 0x0444, 52 }, // U+0444
    { 0x0445, 59 }, // U+0445
    { 0x0446, 94 }, // U+0446
    { 0x0447, 65 }, // U+0447
    { 0x0448, 65 }, // U+0448
    { 0x0449, 94 }, // U+0449
    { 0x044A, 95 }, // U+044A
    { 0x044B, 65 }, // U+044B
    { 0x044C, 95 }, // U+044C
    { 0x044D, 52 }, // U+044D
    { 0x044E, 52 }, // U+044E
    { 0x044F, 65 }, // U+044F
    { 0x0451, 52 }, // U+0451
    { 0x0454, 53 }, // U+0454
    { 0x0456, 58 }, // U+0456
    { 0x0457, 77 }, // U+0457
    { 0x045E, 66 }, // U+045E
    { 0x0491, 96 }, // U+0491
    { 0x0492, 84 }, // U+0492
    { 0x0493, 90 }, // U+0493
    { 0x049A, 97 }, // U+049A
    { 0x049B, 98 }, // U+049B
    { 0x04A2, 87 }, // U+04A2
    { 0x04A3, 94 }, // U+04A3
    { 0x04AE, 46 }, // U+04AE
    { 0x04AF, 66 }, // U+04AF
    { 0x04B0, 46 }, // U+04B0
    { 0x04B1, 66 }, // U+04B1
    { 0x04D8, 30 }, // U+04D8
    { 0x04D9, 52 }, // U+04D9
    { 0x04E8, 30 }, // U+04E8
    { 0x04E9, 52 }, // U+04E9
    { 0x05BE, 99 }, // U+05BE
    { 0x05C3, 23 }, // U+05C3
    { 0x05D0, 100 }, // U+05D0
    { 0x05D1, 101 }, // U+05D1
    { 0x05D2, 101 }, // U+05D2
    { 0x05D3, 102 }, // U+05D3
    { 0x05D4, 103 }, // U+05D4
    { 0x05D5, 104 }, // U+05D5
    { 0x05D6, 105 }, // U+05D6
    { 0x05D7, 103 }, // U+05D7
    { 0x05D8, 106 }, // U+05D8
    { 0x05D9, 104 }, // U+05D9
    { 0x05DA, 102 }, // U+05DA
    { 0x05DB, 101 }, // U+05DB
    { 0x05DC, 102 }, // U+05DC
    { 0x05DD, 103 }, // U+05DD
    { 0x05DE, 107 }, // U+05DE
    { 0x05E0, 101 }, // U+05E0
    { 0x05E1, 108 }, // U+05E1
    { 0x05E2, 109 }, // U+05E2
    { 0x05E3, 110 }, // U+05E3
    { 0x05E4, 111 }, // U+05E4
    { 0x05E5, 112 }, // U+05E5
    { 0x05E6, 113 }, // U+05E6
    { 0x05E7, 103 }, // U+05E7
    { 0x05E8, 102 }, // U+05E8
    { 0x05E9, 106 }, // U+05E9
    { 0x05EA, 114 }, // U+05EA
    { 0x05F0, 104 }, // U+05F0
    { 0x05F1, 104 }, // U+05F1
    { 0x05F2, 104 }, // U+05F2
    { 0x05F3, 99 }, // U+05F3
    { 0x05F4, 99 }, // U+05F4
    { 0x0622, 115 }, // U+0622
    { 0x0623, 115 }, // U+0623
    { 0x0624, 116 }, // U+0624
    { 0x0625, 117 }, // U+0625
    { 0x0629, 118 }, // U+0629
    { 0x062F, 119 }, // U+062F
    { 0x0630, 119 }, // U+0630
    { 0x0631, 120 }, // U+0631
    { 0x0632, 120 }, // U+0632
    { 0x0647, 118 }, // U+0647
    { 0x0648, 116 }, // U+0648
    { 0x0660, 121 }, // U+0660
    { 0x0661, 122 }, // U+0661
    { 0x0662, 122 }, // U+0662
    { 0x0663, 122 }, // U+0663
    { 0x0664, 123 }, // U+0664
    { 0x0665, 124 }, // U+0665
    { 0x0666, 125 }, // U+0666
    { 0x0667, 126 }, // U+0667
    { 0x0668, 127 }, // U+0668
    { 0x0669, 128 }, // U+0669
    { 0x0671, 115 }, // U+0671
    { 0x0673, 117 }, // U+0673
    { 0x0676, 116 }, // U+0676
    { 0x0677, 116 }, // U+0677
    { 0x0688, 119 }, // U+0688
    { 0x0689, 119 }, // U+0689
    { 0x068A, 119 }, // U+068A
    { 0x068B, 119 }, // U+068B
    { 0x068C, 119 }, // U+068C
    { 0x068D, 119 }, // U+068D
    { 0x068E, 119 }, // U+068E
    { 0x068F, 119 }, // U+068F
    { 0x0690, 119 }, // U+0690
    { 0x0691, 120 }, // U+0691
    { 0x0692, 120 }, // U+0692
    { 0x0693, 120 }, // U+0693
    { 0x0694, 120 }, // U+0694
    { 0x0695, 120 }, // U+0695
    { 0x0696, 120 }, // U+0696
    { 0x0697, 120 }, // U+0697
    { 0x0698, 120 }, // U+0698
    { 0x0699, 120 }, // U+0699
    { 0x06C0, 118 }, // U+06C0
    { 0x06C1, 118 }, // U+06C1
    { 0x06C2, 118 }, // U+06C2
    { 0x06C3, 118 }, // U+06C3
    { 0x06C6, 116 }, // U+06C6
    { 0x06C7, 116 }, // U+06C7
    { 0x06C8, 116 }, // U+06C8
    { 0x06C9, 116 }, // U+06C9
    { 0x06CA, 116 }, // U+06CA
    { 0x06CB, 116 }, // U+06CB
    { 0x06CF, 116 }, // U+06CF
    { 0x06D5, 118 }, // U+06D5
    { 0x06EE, 119 }, // U+06EE
    { 0x06F0, 121 }, // U+06F0
    { 0x06F1, 122 }, // U+06F1
    { 0x06F2, 122 }, // U+06F2
    { 0x06F3, 122 }, // U+06F3
    { 0x06F6, 129 }, // U+06F6
    { 0x06F7, 126 }, // U+06F7
    { 0x06F8, 127 }, // U+06F8
    { 0x06F9, 128 }, // U+06F9
    { 0x1EA1, 51 }, // U+1EA1
    { 0x1EA2, 27 }, // U+1EA2
    { 0x1EA3, 51 }, // U+1EA3
    { 0x1EA5, 51 }, // U+1EA5
    { 0x1EA6, 27 }, // U+1EA6
    { 0x1EA7, 51 }, // U+1EA7
    { 0x1EA8, 27 }, // U+1EA8
    { 0x1EA9, 51 }, // U+1EA9
    { 0x1EAB, 51 }, // U+1EAB
    { 0x1EAC, 27 }, // U+1EAC
    { 0x1EAD, 51 }, // U+1EAD
    { 0x1EAE, 27 }, // U+1EAE
    { 0x1EAF, 51 }, // U+1EAF
    { 0x1EB1, 51 }, // U+1EB1
    { 0x1EB5, 51 }, // U+1EB5
    { 0x1EB7, 51 }, // U+1EB7
    { 0x1EB9, 52 }, // U+1EB9
    { 0x1EBB, 52 }, // U+1EBB
    { 0x1EBD, 52 }, // U+1EBD
    { 0x1EBF, 52 }, // U+1EBF
    { 0x1EC0, 31 }, // U+1EC0
    { 0x1EC1, 52 }, // U+1EC1
    { 0x1EC3, 52 }, // U+1EC3
    { 0x1EC7, 52 }, // U+1EC7
    { 0x1EC9, 58 }, // U+1EC9
    { 0x1ECB, 58 }, // U+1ECB
    { 0x1ECC, 30 }, // U+1ECC
    { 0x1ECD, 52 }, // U+1ECD
    { 0x1ECF, 52 }, // U+1ECF
    { 0x1ED0, 30 }, // U+1ED0
    { 0x1ED1, 52 }, // U+1ED1
    { 0x1ED2, 30 }, // U+1ED2
    { 0x1ED3, 52 }, // U+1ED3
    { 0x1ED5, 52 }, // U+1ED5
    { 0x1ED7, 52 }, // U+1ED7
    { 0x1ED8, 30 }, // U+1ED8
    { 0x1ED9, 52 }, // U+1ED9
    { 0x1EDB, 82 }, // U+1EDB
    { 0x1EDD, 82 }, // U+1EDD
    { 0x1EDE, 130 }, // U+1EDE
    { 0x1EDF, 82 }, // U+1EDF
    { 0x1EE1, 82 }, // U+1EE1
    { 0x1EE3, 82 }, // U+1EE3
    { 0x1EE5, 65 }, // U+1EE5
    { 0x1EE6, 43 }, // U+1EE6
    { 0x1EE7, 65 }, // U+1EE7
    { 0x1EE9, 82 }, // U+1EE9
    { 0x1EEB, 82 }, // U+1EEB
    { 0x1EED, 82 }, // U+1EED
    { 0x1EEF, 82 }, // U+1EEF
    { 0x1EF1, 82 }, // U+1EF1
    { 0x2013, 10 }, // U+2013
    { 0x2014, 10 }, // U+2014
    { 0x2018, 2 }, // U+2018
    { 0x2019, 2 }, // U+2019
    { 0x201C, 2 }, // U+201C
    { 0x201D, 2 }, // U+201D
    { 0x201E, 11 }, // U+201E
    { 0x2026, 11 }, // U+2026
    { 0xFB1D, 104 }, // U+FB1D
    { 0xFB1F, 104 }, // U+FB1F
    { 0xFB20, 113 }, // U+FB20
    { 0xFB21, 100 }, // U+FB21
    { 0xFB22, 102 }, // U+FB22
    { 0xFB23, 103 }, // U+FB23
    { 0xFB24, 101 }, // U+FB24
    { 0xFB25, 102 }, // U+FB25
    { 0xFB26, 103 }, // U+FB26
    { 0xFB27, 102 }, // U+FB27
    { 0xFB28, 114 }, // U+FB28
    { 0xFB2A, 106 }, // U+FB2A
    { 0xFB2B, 106 }, // U+FB2B
    { 0xFB2C, 106 }, // U+FB2C
    { 0xFB2D, 106 }, // U+FB2D
    { 0xFB2E, 100 }, // U+FB2E
    { 0xFB2F, 100 }, // U+FB2F
    { 0xFB30, 100 }, // U+FB30
    { 0xFB31, 101 }, // U+FB31
    { 0xFB32, 101 }, // U+FB32
    { 0xFB33, 102 }, // U+FB33
    { 0xFB34, 103 }, // U+FB34
    { 0xFB35, 131 }, // U+FB35
    { 0xFB36, 105 }, // U+FB36
    { 0xFB38, 103 }, // U+FB38
    { 0xFB39, 132 }, // U+FB39
    { 0xFB3A, 102 }, // U+FB3A
    { 0xFB3B, 101 }, // U+FB3B
    { 0xFB3C, 102 }, // U+FB3C
    { 0xFB3E, 103 }, // U+FB3E
    { 0xFB40, 101 }, // U+FB40
    { 0xFB41, 108 }, // U+FB41
    { 0xFB43, 110 }, // U+FB43
    { 0xFB44, 111 }, // U+FB44
    { 0xFB46, 113 }, // U+FB46
    { 0xFB47, 103 }, // U+FB47
    { 0xFB48, 102 }, // U+FB48
    { 0xFB49, 106 }, // U+FB49
    { 0xFB4A, 114 }, // U+FB4A
    { 0xFB4B, 104 }, // U+FB4B
    { 0xFB4C, 101 }, // U+FB4C
    { 0xFB4D, 101 }, // U+FB4D
    { 0xFB4E, 111 }, // U+FB4E
    { 0xFB83, 119 }, // U+FB83
    { 0xFB85, 119 }, // U+FB85
    { 0xFB87, 119 }, // U+FB87
    { 0xFB89, 119 }, // U+FB89
    { 0xFB8B, 120 }, // U+FB8B
    { 0xFB8D, 120 }, // U+FB8D
    { 0xFBDA, 116 }, // U+FBDA
    { 0xFBDC, 116 }, // U+FBDC
    { 0xFBDF, 116 }, // U+FBDF
    { 0xFBE3, 116 }, // U+FBE3
    { 0xFC5B, 119 }, // U+FC5B
    { 0xFC5C, 120 }, // U+FC5C
    { 0xFD3D, 115 }, // U+FD3D
    { 0xFE86, 116 }, // U+FE86
    { 0xFEAA, 119 }, // U+FEAA
    { 0xFEAC, 119 }, // U+FEAC
    { 0xFEAE, 120 }, // U+FEAE
    { 0xFEB0, 120 }, // U+FEB0
    { 0xFEEE, 116 }, // U+FEEE
};

static const EpdKernClassEntry firago_8_semiboldKernRightClasses[] = {
    { 0x0021, 1 }, // !
    { 0x0022, 2 }, // "
    { 0x0023, 3 }, // #
    { 0x0024, 4 }, // $
    { 0x0025, 5 }, // %
    { 0x0026, 6 }, // &
    { 0x0027, 2 }, // '
    { 0x0029, 7 }, // )
    { 0x002A, 8 }, // *
    { 0x002B, 9 }, // +
    { 0x002C, 10 }, // ,
    { 0x002D, 11 }, // -
    { 0x002E, 12 }, // .
    { 0x002F, 13 }, // /
    { 0x0030, 14 }, // 0
    { 0x0031, 15 }, // 1
    { 0x0032, 16 }, // 2
    { 0x0033, 17 }, // 3
    { 0x0034, 18 }, // 4
    { 0x0035, 19 }, // 5
    { 0x0036, 20 }, // 6
    { 0x0037, 21 }, // 7
    { 0x0038, 22 }, // 8
    { 0x0039, 23 }, // 9
    { 0x003A, 24 }, // :
    { 0x003B, 24 }, // ;
    { 0x003C, 25 }, // <
    { 0x003D, 25 }, // =
    { 0x003E, 25 }, // >
    { 0x003F, 26 }, // ?
    { 0x0040, 27 }, // @
    { 0x0041, 28 }, // A
    { 0x0042, 29 }, // B
    { 0x0043, 30 }, // C
    { 0x0044, 29 }, // D
    { 0x0045, 29 }, // E
    { 0x0046, 29 }, // F
    { 0x0047, 30 }, // G
    { 0x0048, 29 }, // H
    { 0x0049, 29 }, // I
    { 0x004A, 31 }, // J
    { 0x004B, 29 }, // K
    { 0x004C, 29 }, // L
    { 0x004D, 32 }, // M
    { 0x004E, 29 }, // N
    { 0x004F, 30 }, // O
    { 0x0050, 29 }, // P
    { 0x0051, 30 }, // Q
    { 0x0052, 29 }, // R
    { 0x0053, 4 }, // S
    { 0x0054, 33 }, // T
    { 0x0055, 34 }, // U
    { 0x0056, 35 }, // V
    { 0x0057, 36 }, // W
    { 0x0058, 37 }, // X
    { 0x0059, 38 }, // Y
    { 0x005A, 39 }, // Z
    { 0x005C, 40 }, // <backslash>
    { 0x005D, 41 }, // ]
    { 0x005F, 42 }, // _
    { 0x0061, 43 }, // a
    { 0x0062, 44 }, // b
    { 0x0063, 45 }, // c
    { 0x0064, 45 }, // d
    { 0x0065, 45 }, // e
    { 0x0066, 46 }, // f
    { 0x0067, 47 }, // g
    { 0x0068, 44 }, // h
    { 0x0069, 48 }, // i
    { 0x006A, 49 }, // j
    { 0x006B, 44 }, // k
    { 0x006C, 50 }, // l
    { 0x006D, 51 }, // m
    { 0x006E, 51 }, // n
    { 0x006F, 45 }, // o
    { 0x0070, 51 }, // p
    { 0x0071, 45 }, // q
    { 0x0072, 51 }, // r
    { 0x0073, 52 }, // s
    { 0x0074, 53 }, // t
    { 0x0075, 54 }, // u
    { 0x0076, 55 }, // v
    { 0x0077, 56 }, // w
    { 0x0078, 57 }, // x
    { 0x0079, 58 }, // y
    { 0x007A, 59 }, // z
    { 0x007C, 60 }, // |
    { 0x007D, 61 }, // }
    { 0x007E, 9 }, // ~
    { 0x00A1, 62 }, // U+00A1
    { 0x00AB, 63 }, // U+00AB
    { 0x00B0, 64 }, // U+00B0
    { 0x00B7, 9 }, // U+00B7
    { 0x00BB, 65 }, // U+00BB
    { 0x00BF, 66 }, // U+00BF
    { 0x00C0, 28 }, // U+00C0
    { 0x00C1, 28 }, // U+00C1
    { 0x00C2, 28 }, // U+00C2
    { 0x00C4, 28 }, // U+00C4
    { 0x00C5, 28 }, // U+00C5
    { 0x00C6, 67 }, // U+00C6
    { 0x00C7, 30 }, // U+00C7
    { 0x00C9, 29 }, // U+00C9
    { 0x00CA, 29 }, // U+00CA
    { 0x00CD, 68 }, // U+00CD
    { 0x00CE, 68 }, // U+00CE
    { 0x00D2, 30 }, // U+00D2
    { 0x00D3, 30 }, // U+00D3
    { 0x00D6, 30 }, // U+00D6
    { 0x00D8, 30 }, // U+00D8
    { 0x00D9, 34 }, // U+00D9
    { 0x00DA, 34 }, // U+00DA
    { 0x00DC, 34 }, // U+00DC
    { 0x00DD, 38 }, // U+00DD
    { 0x00DF, 44 }, // U+00DF
    { 0x00E0, 43 }, // U+00E0
    { 0x00E1, 43 }, // U+00E1
    { 0x00E2, 43 }, // U+00E2
    { 0x00E3, 43 }, // U+00E3
    { 0x00E4, 43 }, // U+00E4
    { 0x00E5, 43 }, // U+00E5
    { 0x00E6, 43 }, // U+00E6
    { 0x00E7, 45 }, // U+00E7
    { 0x00E8, 45 }, // U+00E8
    { 0x00E9, 45 }, // U+00E9
    { 0x00EA, 45 }, // U+00EA
    { 0x00EB, 45 }, // U+00EB
    { 0x00EC, 69 }, // U+00EC
    { 0x00ED, 69 }, // U+00ED
    { 0x00EE, 69 }, // U+00EE
    { 0x00EF, 69 }, // U+00EF
    { 0x00F1, 51 }, // U+00F1
    { 0x00F2, 45 }, // U+00F2
    { 0x00F3, 45 }, // U+00F3
    { 0x00F4, 45 }, // U+00F4
    { 0x00F5, 45 }, // U+00F5
    { 0x00F6, 45 }, // U+00F6
    { 0x00F8, 45 }, // U+00F8
    { 0x00F9, 54 }, // U+00F9
    { 0x00FA, 54 }, // U+00FA
    { 0x00FC, 54 }, // U+00FC
    { 0x00FD, 55 }, // U+00FD
    { 0x0103, 43 }, // U+0103
    { 0x0105, 43 }, // U+0105
    { 0x0107, 45 }, // U+0107
    { 0x010C, 30 }, // U+010C
    { 0x010D, 45 }, // U+010D
    { 0x010E, 29 }, // U+010E
    { 0x010F, 45 }, // U+010F
    { 0x0110, 29 }, // U+0110
    { 0x0111, 45 }, // U+0111
    { 0x0116, 29 }, // U+0116
    { 0x0117, 45 }, // U+0117
    { 0x0118, 29 }, // U+0118
    { 0x0119, 45 }, // U+0119
    { 0x011A, 29 }, // U+011A
    { 0x011B, 45 }, // U+011B
    { 0x011E, 30 }, // U+011E
    { 0x011F, 47 }, // U+011F
    { 0x0129, 69 }, // U+0129
    { 0x012E, 70 }, // U+012E
    { 0x012F, 71 }, // U+012F
    { 0x0130, 29 }, // U+0130
    { 0x0131, 51 }, // U+0131
    { 0x013A, 44 }, // U+013A
    { 0x013D, 29 }, // U+013D
    { 0x013E, 44 }, // U+013E
    { 0x0141, 29 }, // U+0141
    { 0x0142, 72 }, // U+0142
    { 0x0144, 51 }, // U+0144
    { 0x0148, 51 }, // U+0148
    { 0x0151, 45 }, // U+0151
    { 0x0155, 51 }, // U+0155
    { 0x0158, 29 }, // U+0158
    { 0x0159, 51 }, // U+0159
    { 0x015A, 4 }, // U+015A
    { 0x015B, 52 }, // U+015B
    { 0x015E, 4 }, // U+015E
    { 0x015F, 52 }, // U+015F
    { 0x0160, 4 }, // U+0160
    { 0x0161, 52 }, // U+0161
    { 0x0163, 53 }, // U+0163
    { 0x0164, 33 }, // U+0164
    { 0x0165, 53 }, // U+0165
    { 0x016B, 54 }, // U+016B
    { 0x016E, 34 }, // U+016E
    { 0x016F, 54 }, // U+016F
    { 0x0170, 34 }, // U+0170
    { 0x0171, 54 }, // U+0171
    { 0x0172, 34 }, // U+0172
    { 0x0173, 54 }, // U+0173
    { 0x017A, 59 }, // U+017A
    { 0x017C, 59 }, // U+017C
    { 0x017D, 39 }, // U+017D
    { 0x017E, 59 }, // U+017E
    { 0x01A1, 45 }, // U+01A1
    { 0x01B0, 54 }, // U+01B0
    { 0x0218, 4 }, // U+0218
    { 0x0219, 52 }, // U+0219
    { 0x021A, 33 }, // U+021A
    { 0x021B, 53 }, // U+021B
    { 0x0404, 30 }, // U+0404
    { 0x0406, 29 }, // U+0406
    { 0x0410, 28 }, // U+0410
    { 0x0411, 29 }, // U+0411
    { 0x0412, 29 }, // U+0412
    { 0x0413, 29 }, // U+0413
    { 0x0414, 73 }, // U+0414
    { 0x0415, 29 }, // U+0415
    { 0x0416, 37 }, // U+0416
    { 0x0417, 74 }, // U+0417
    { 0x0418, 29 }, // U+0418
    { 0x0419, 29 }, // U+0419
    { 0x041A, 29 }, // U+041A
    { 0x041B, 75 }, // U+041B
    { 0x041C, 32 }, // U+041C
    { 0x041D, 29 }, // U+041D
    { 0x041E, 30 }, // U+041E
    { 0x041F, 29 }, // U+041F
    { 0x0420, 29 }, // U+0420
    { 0x0421, 30 }, // U+0421
    { 0x0422, 33 }, // U+0422
    { 0x0423, 76 }, // U+0423
    { 0x0424, 30 }, // U+0424
    { 0x0425, 37 }, // U+0425
    { 0x0426, 29 }, // U+0426
    { 0x0427, 77 }, // U+0427
    { 0x0428, 29 }, // U+0428
    { 0x0429, 29 }, // U+0429
    { 0x042B, 29 }, // U+042B
    { 0x042C, 29 }, // U+042C
    { 0x042D, 74 }, // U+042D
    { 0x042F, 78 }, // U+042F
    { 0x0430, 43 }, // U+0430
    { 0x0431, 79 }, // U+0431
    { 0x0432, 51 }, // U+0432
    { 0x0433, 51 }, // U+0433
    { 0x0434, 80 }, // U+0434
    { 0x0435, 45 }, // U+0435
    { 0x0436, 57 }, // U+0436
    { 0x0437, 81 }, // U+0437
    { 0x0438, 51 }, // U+0438
    { 0x0439, 51 }, // U+0439
    { 0x043A, 51 }, // U+043A
    { 0x043B, 82 }, // U+043B
    { 0x043C, 83 }, // U+043C
    { 0x043D, 51 }, // U+043D
    { 0x043E, 45 }, // U+043E
    { 0x043F, 51 }, // U+043F
    { 0x0441, 45 }, // U+0441
    { 0x0442, 84 }, // U+0442
    { 0x0443, 55 }, // U+0443
    { 0x0444, 45 }, // U+0444
    { 0x0445, 57 }, // U+0445
    { 0x0446, 51 }, // U+0446
    { 0x0447, 85 }, // U+0447
    { 0x0448, 51 }, // U+0448
    { 0x0449, 51 }, // U+0449
    { 0x044A, 86 }, // U+044A
    { 0x044B, 51 }, // U+044B
    { 0x044C, 51 }, // U+044C
    { 0x044D, 81 }, // U+044D
    { 0x044E, 51 }, // U+044E
    { 0x044F, 87 }, // U+044F
    { 0x0451, 45 }, // U+0451
    { 0x0454, 45 }, // U+0454
    { 0x0456, 48 }, // U+0456
    { 0x0457, 69 }, // U+0457
    { 0x045E, 55 }, // U+045E
    { 0x0491, 51 }, // U+0491
    { 0x0492, 29 }, // U+0492
    { 0x0493, 51 }, // U+0493
    { 0x049A, 29 }, // U+049A
    { 0x049B, 51 }, // U+049B
    { 0x04A2, 29 }, // U+04A2
    { 0x04A3, 51 }, // U+04A3
    { 0x04AE, 38 }, // U+04AE
    { 0x04AF, 55 }, // U+04AF
    { 0x04B0, 38 }, // U+04B0
    { 0x04B1, 55 }, // U+04B1
    { 0x04D8, 30 }, // U+04D8
    { 0x04D9, 45 }, // U+04D9
    { 0x04E8, 30 }, // U+04E8
    { 0x04E9, 45 }, // U+04E9
    { 0x05BE, 88 }, // U+05BE
    { 0x05C3, 24 }, // U+05C3
    { 0x05D0, 89 }, // U+05D0
    { 0x05D1, 90 }, // U+05D1
    { 0x05D2, 91 }, // U+05D2
    { 0x05D3, 92 }, // U+05D3
    { 0x05D4, 91 }, // U+05D4
    { 0x05D5, 93 }, // U+05D5
    { 0x05D6, 92 }, // U+05D6
    { 0x05D7, 91 }, // U+05D7
    { 0x05D8, 94 }, // U+05D8
    { 0x05D9, 93 }, // U+05D9
    { 0x05DA, 91 }, // U+05DA
    { 0x05DB, 94 }, // U+05DB
    { 0x05DC, 94 }, // U+05DC
    { 0x05DD, 91 }, // U+05DD
    { 0x05DE, 91 }, // U+05DE
    { 0x05DF, 93 }, // U+05DF
    { 0x05E0, 91 }, // U+05E0
    { 0x05E1, 94 }, // U+05E1
    { 0x05E2, 95 }, // U+05E2
    { 0x05E3, 91 }, // U+05E3
    { 0x05E4, 94 }, // U+05E4
    { 0x05E5, 96 }, // U+05E5
    { 0x05E6, 97 }, // U+05E6
    { 0x05E7, 94 }, // U+05E7
    { 0x05E8, 91 }, // U+05E8
    { 0x05E9, 95 }, // U+05E9
    { 0x05EA, 91 }, // U+05EA
    { 0x05F0, 93 }, // U+05F0
    { 0x05F1, 93 }, // U+05F1
    { 0x05F2, 93 }, // U+05F2
    { 0x05F3, 88 }, // U+05F3
    { 0x05F4, 88 }, // U+05F4
    { 0x0620, 98 }, // U+0620
    { 0x0622, 99 }, // U+0622
    { 0x0623, 99 }, // U+0623
    { 0x0624, 100 }, // U+0624
    { 0x0625, 101 }, // U+0625
    { 0x0626, 98 }, // U+0626
    { 0x0627, 102 }, // U+0627
    { 0x0628, 98 }, // U+0628
    { 0x0629, 103 }, // U+0629
    { 0x062A, 98 }, // U+062A
    { 0x062F, 98 }, // U+062F
    { 0x0630, 98 }, // U+0630
    { 0x0631, 104 }, // U+0631
    { 0x0632, 104 }, // U+0632
    { 0x0633, 98 }, // U+0633
    { 0x0634, 98 }, // U+0634
    { 0x0635, 98 }, // U+0635
    { 0x0636, 98 }, // U+0636
    { 0x0637, 98 }, // U+0637
    { 0x0638, 98 }, // U+0638
    { 0x063B, 105 }, // U+063B
    { 0x063C, 105 }, // U+063C
    { 0x0645, 98 }, // U+0645
    { 0x0647, 103 }, // U+0647
    { 0x0648, 100 }, // U+0648
    { 0x0649, 98 }, // U+0649
    { 0x064A, 98 }, // U+064A
    { 0x0660, 106 }, // U+0660
    { 0x0662, 107 }, // U+0662
    { 0x0663, 107 }, // U+0663
    { 0x0664, 108 }, // U+0664
    { 0x0665, 109 }, // U+0665
    { 0x0667, 110 }, // U+0667
    { 0x0668, 111 }, // U+0668
    { 0x0669, 112 }, // U+0669
    { 0x066E, 98 }, // U+066E
    { 0x0671, 99 }, // U+0671
    { 0x0672, 102 }, // U+0672
    { 0x0673, 101 }, // U+0673
    { 0x0676, 100 }, // U+0676
    { 0x0677, 100 }, // U+0677
    { 0x0678, 98 }, // U+0678
    { 0x0679, 98 }, // U+0679
    { 0x067A, 98 }, // U+067A
    { 0x067B, 98 }, // U+067B
    { 0x067D, 98 }, // U+067D
    { 0x067E, 98 }, // U+067E
    { 0x067F, 98 }, // U+067F
    { 0x0680, 98 }, // U+0680
    { 0x0688, 98 }, // U+0688
    { 0x068C, 98 }, // U+068C
    { 0x068E, 98 }, // U+068E
    { 0x068F, 98 }, // U+068F
    { 0x0690, 98 }, // U+0690
    { 0x0691, 104 }, // U+0691
    { 0x0692, 104 }, // U+0692
    { 0x0693, 104 }, // U+0693
    { 0x0694, 104 }, // U+0694
    { 0x0695, 104 }, // U+0695
    { 0x0696, 104 }, // U+0696
    { 0x0697, 104 }, // U+0697
    { 0x0698, 104 }, // U+0698
    { 0x0699, 104 }, // U+0699
    { 0x069A, 98 }, // U+069A
    { 0x069B, 98 }, // U+069B
    { 0x069C, 98 }, // U+069C
    { 0x069D, 98 }, // U+069D
    { 0x069E, 98 }, // U+069E
    { 0x069F, 98 }, // U+069F
    { 0x06A9, 105 }, // U+06A9
    { 0x06AA, 105 }, // U+06AA
    { 0x06AB, 105 }, // U+06AB
    { 0x06AF, 105 }, // U+06AF
    { 0x06B0, 105 }, // U+06B0
    { 0x06B1, 105 }, // U+06B1
    { 0x06B2, 105 }, // U+06B2
    { 0x06B3, 105 }, // U+06B3
    { 0x06B4, 105 }, // U+06B4
    { 0x06BE, 98 }, // U+06BE
    { 0x06C0, 103 }, // U+06C0
    { 0x06C1, 103 }, // U+06C1
    { 0x06C2, 103 }, // U+06C2
    { 0x06C3, 103 }, // U+06C3
    { 0x06C6, 100 }, // U+06C6
    { 0x06C7, 100 }, // U+06C7
    { 0x06C8, 100 }, // U+06C8
    { 0x06C9, 100 }, // U+06C9
    { 0x06CA, 100 }, // U+06CA
    { 0x06CB, 100 }, // U+06CB
    { 0x06CC, 98 }, // U+06CC
    { 0x06CD, 98 }, // U+06CD
    { 0x06CE, 98 }, // U+06CE
    { 0x06CF, 100 }, // U+06CF
    { 0x06D0, 98 }, // U+06D0
    { 0x06D1, 98 }, // U+06D1
    { 0x06D5, 103 }, // U+06D5
    { 0x06EE, 98 }, // U+06EE
    { 0x06F0, 106 }, // U+06F0
    { 0x06F2, 107 }, // U+06F2
    { 0x06F3, 107 }, // U+06F3
    { 0x06F4, 107 }, // U+06F4
    { 0x06F6, 110 }, // U+06F6
    { 0x06F7, 110 }, // U+06F7
    { 0x06F8, 111 }, // U+06F8
    { 0x06F9, 112 }, // U+06F9
    { 0x06FA, 98 }, // U+06FA
    { 0x06FB, 98 }, // U+06FB
    { 0x06FF, 98 }, // U+06FF
    { 0x075C, 98 }, // U+075C
    { 0x1EA1, 43 }, // U+1EA1
    { 0x1EA2, 28 }, // U+1EA2
    { 0x1EA3, 43 }, // U+1EA3
    { 0x1EA5, 43 }, // U+1EA5
    { 0x1EA6, 28 }, // U+1EA6
    { 0x1EA7, 43 }, // U+1EA7
    { 0x1EA8, 28 }, // U+1EA8
    { 0x1EA9, 43 }, // U+1EA9
    { 0x1EAB, 43 }, // U+1EAB
    { 0x1EAC, 28 }, // U+1EAC
    { 0x1EAD, 43 }, // U+1EAD
    { 0x1EAE, 28 }, // U+1EAE
    { 0x1EAF, 43 }, // U+1EAF
    { 0x1EB1, 43 }, // U+1EB1
    { 0x1EB5, 43 }, // U+1EB5
    { 0x1EB7, 43 }, // U+1EB7
    { 0x1EB9, 45 }, // U+1EB9
    { 0x1EBB, 45 }, // U+1EBB
    { 0x1EBD, 45 }, // U+1EBD
    { 0x1EBF, 45 }, // U+1EBF
    { 0x1EC0, 29 }, // U+1EC0
    { 0x1EC1, 45 }, // U+1EC1
    { 0x1EC3, 45 }, // U+1EC3
    { 0x1EC7, 45 }, // U+1EC7
    { 0x1EC9, 48 }, // U+1EC9
    { 0x1ECB, 48 }, // U+1ECB
    { 0x1ECC, 30 }, // U+1ECC
    { 0x1ECD, 45 }, // U+1ECD
    { 0x1ECF, 45 }, // U+1ECF
    { 0x1ED0, 30 }, // U+1ED0
    { 0x1ED1, 45 }, // U+1ED1
    { 0x1ED2, 30 }, // U+1ED2
    { 0x1ED3, 45 }, // U+1ED3
    { 0x1ED5, 45 }, // U+1ED5
    { 0x1ED7, 45 }, // U+1ED7
    { 0x1ED8, 30 }, // U+1ED8
    { 0x1ED9, 45 }, // U+1ED9
    { 0x1EDB, 45 }, // U+1EDB
    { 0x1EDD, 45 }, // U+1EDD
    { 0x1EDE, 30 }, // U+1EDE
    { 0x1EDF, 45 }, // U+1EDF
    { 0x1EE1, 45 }, // U+1EE1
    { 0x1EE3, 45 }, // U+1EE3
    { 0x1EE5, 54 }, // U+1EE5
    { 0x1EE6, 34 }, // U+1EE6
    { 0x1EE7, 54 }, // U+1EE7
    { 0x1EE9, 54 }, // U+1EE9
    { 0x1EEB, 54 }, // U+1EEB
    { 0x1EED, 54 }, // U+1EED
    { 0x1EEF, 54 }, // U+1EEF
    { 0x1EF1, 54 }, // U+1EF1
    { 0x2013, 9 }, // U+2013
    { 0x2014, 9 }, // U+2014
    { 0x2018, 2 }, // U+2018
    { 0x2019, 2 }, // U+2019
    { 0x201C, 2 }, // U+201C
    { 0x201D, 2 }, // U+201D
    { 0x201E, 12 }, // U+201E
    { 0x2026, 12 }, // U+2026
    { 0xFB1D, 93 }, // U+FB1D
    { 0xFB1F, 93 }, // U+FB1F
    { 0xFB20, 95 }, // U+FB20
    { 0xFB21, 89 }, // U+FB21
    { 0xFB22, 92 }, // U+FB22
    { 0xFB23, 91 }, // U+FB23
    { 0xFB24, 94 }, // U+FB24
    { 0xFB25, 94 }, // U+FB25
    { 0xFB26, 91 }, // U+FB26
    { 0xFB27, 91 }, // U+FB27
    { 0xFB28, 91 }, // U+FB28
    { 0xFB2A, 95 }, // U+FB2A
    { 0xFB2B, 95 }, // U+FB2B
    { 0xFB2C, 95 }, // U+FB2C
    { 0xFB2D, 95 }, // U+FB2D
    { 0xFB2E, 89 }, // U+FB2E
    { 0xFB2F, 89 }, // U+FB2F
    { 0xFB30, 89 }, // U+FB30
    { 0xFB31, 90 }, // U+FB31
    { 0xFB32, 91 }, // U+FB32
    { 0xFB33, 92 }, // U+FB33
    { 0xFB34, 91 }, // U+FB34
    { 0xFB35, 93 }, // U+FB35
    { 0xFB36, 92 }, // U+FB36
    { 0xFB38, 94 }, // U+FB38
    { 0xFB39, 93 }, // U+FB39
    { 0xFB3A, 91 }, // U+FB3A
    { 0xFB3B, 94 }, // U+FB3B
    { 0xFB3C, 94 }, // U+FB3C
    { 0xFB3E, 91 }, // U+FB3E
    { 0xFB40, 91 }, // U+FB40
    { 0xFB41, 94 }, // U+FB41
    { 0xFB43, 91 }, // U+FB43
    { 0xFB44, 94 }, // U+FB44
    { 0xFB46, 97 }, // U+FB46
    { 0xFB47, 94 }, // U+FB47
    { 0xFB48, 91 }, // U+FB48
    { 0xFB49, 95 }, // U+FB49
    { 0xFB4A, 91 }, // U+FB4A
    { 0xFB4B, 93 }, // U+FB4B
    { 0xFB4C, 90 }, // U+FB4C
    { 0xFB4D, 94 }, // U+FB4D
    { 0xFB4E, 94 }, // U+FB4E
    { 0xFB4F, 89 }, // U+FB4F
    { 0xFB60, 98 }, // U+FB60
    { 0xFB64, 98 }, // U+FB64
    { 0xFB68, 98 }, // U+FB68
    { 0xFB90, 105 }, // U+FB90
    { 0xFB94, 105 }, // U+FB94
    { 0xFB98, 105 }, // U+FB98
    { 0xFB9C, 105 }, // U+FB9C
    { 0xFBA2, 98 }, // U+FBA2
    { 0xFBAC, 98 }, // U+FBAC
    { 0xFBD5, 105 }, // U+FBD5
    { 0xFBD8, 100 }, // U+FBD8
    { 0xFBDA, 100 }, // U+FBDA
    { 0xFBDC, 100 }, // U+FBDC
    { 0xFBDF, 100 }, // U+FBDF
    { 0xFBE3, 100 }, // U+FBE3
    { 0xFBE8, 98 }, // U+FBE8
    { 0xFC5B, 98 }, // U+FC5B
    { 0xFC5C, 104 }, // U+FC5C
    { 0xFD3D, 99 }, // U+FD3D
    { 0xFDF2, 102 }, // U+FDF2
    { 0xFE86, 100 }, // U+FE86
    { 0xFE8B, 98 }, // U+FE8B
    { 0xFE97, 98 }, // U+FE97
    { 0xFE9B, 98 }, // U+FE9B
    { 0xFEB3, 98 }, // U+FEB3
    { 0xFEB7, 98 }, // U+FEB7
    { 0xFEBB, 98 }, // U+FEBB
    { 0xFEBF, 98 }, // U+FEBF
    { 0xFEC3, 98 }, // U+FEC3
    { 0xFEC7, 98 }, // U+FEC7
    { 0xFEDB, 105 }, // U+FEDB
    { 0xFEE3, 98 }, // U+FEE3
    { 0xFEE7, 98 }, // U+FEE7
    { 0xFEEB, 98 }, // U+FEEB
    { 0xFEEE, 100 }, // U+FEEE
    { 0xFEF5, 98 }, // U+FEF5
    { 0xFEF7, 98 }, // U+FEF7
    { 0xFEF9, 98 }, // U+FEF9
    { 0xFEFB, 98 }, // U+FEFB
};

static const int8_t firago_8_semiboldKernMatrix[] = {
       0,    0,    0,    0,    0,    0,    0,    4,    0,    0,    0,    0,    0,    0,    0,    0,    0,    0,    0,    0,    0,    0,    0,    0,    0,   -5,    0,    1,    0,    0,    0,    0,    0,    0,    0,    0,    0,    0,    0,    0,    0,    0,    0,    0,    0,    0,    0,    0,    0,    0,    0,    0,    0,    0,    0,    0,    0,    0,    0,    0,    0,    0,    0,    0,    0,    0,    0,    0,    0,    0,    0,    0,    0,    0,    0,    0,    0,    0,    0,    0,    0,    0,    0,    0,    0,    0,    0,    0,    0,    0,    0,    0,    0,    0,    0,    0,    0,    0,    0,    0,    0,    0,    0,    0,    0,    0,    0,    0,    0,    0,    0,    0,
       0,    0,   -8,    0,    0,    0,    0,    3,    0,  -27,    0,  -27,  -27,   -3,    0,    0,    0,  -11,    0,   -3,    4,   -4,    0,    0,    0,    0,   -5,   -8,    0,    0,   -5,    0,    3,    0,    3,    0,    0,    3,   -3,    0,    3,  -27,   -4,    0,   -3,    0,    0,    0,    0,    0,    0,   -3,    3,    0,    0,    0,    0,    0,   -3,    0,    3,    0,   -5,    0,    0,  -27,  -16,    0,   14,    0,    0,   -2,   -9,    0,   -8,    0,    5,    0,    0,   -8,    0,   -8,    0,    3,    0,    3,   -5,    0,    0,    0,   -5,    0,    0,   -7,    0,    0,    0,    0,    0,    0,    0,    0,    0,    0,    0,    0,    0,    0,    0,    0,    0,    0,
       0,    0,    0,   -2,    0,   -5,    0,    5,   -2,  -11,   -2,  -11,    0,    0,    0,   -1,   -1,    0,    0,    0,    2,    0,    0,    0,    0,   -5,    0,   -3,    0,   -2,    0,    0,    0,    0,    0,    0,   -1,   -1,   -4,   -5,    0,  -21,   -5,    0,   -3,    0,   -1,    0,   -3,    0,   -1,   -2,    0,   -3,    3,    0,    0,    3,   -1,    0,    0,    0,    0,    0,    0,    0,   -4,    0,    6,    0,    0,    0,   -3,   -5,   -4,   -1,    3,    0,    0,   -5,   -3,   -5,   -1,    0,    0,    0,   -1,    0,    0,    0,    0,    0,    0,    0,    0,    0,    0,    0,    0,    0,    0,    0,    0,    0,    0,    0,    0,    0,    0,    0,    0,    0,
       0,   -3,    0,   -3,    0,    0,    0,    0,    0,    0,    0,    0,    0,    0,   -9,   -3,    0,    0,    0,    0,   -5,    0,   -4,    0,    0,   -5,    0,   -1,    0,    0,   -2,   -3,   -6,    0,   -5,   -3,   -2,   -5,   -4,   -8,    0,   -8,    0,    0,    0,   -3,    0,    0,    0,    0,    0,    0,    0,    0,   -2,    0,    0,   -2,   -2,    0,    0,    0,    0,    0,    0,    0,   -3,    0,    0,    0,    0,    0,    0,   -4,    0,   -3,   -5,    0,    0,    0,   -3,    0,    0,   -5,    0,   -5,    0,    0,    0,    0,    0,    0,    0,    0,    0,    0,    0,    0,    0,    0,    0,    0,    0,    0,    0,    0,    0,    0,    0,    0,    0,    0,
       0,  -16,    0,    0,    0,    0,    0,  -13,    0,    0,    0,    0,    0,    0,  -16,    0,    0,    0,    0,    0,    0,    0,    0,    0,    0,  -16,    0,    0,    0,    0,    0,    0,    0,    0,    0,    0,    0,    0,    0,  -16,    0,    0,    0,    0,    0,    0,    0,    0,    0,    0,    0,    0,    0,    0,    0,    0,    0,    0,    0,    0,    0,    0,    0,    0,    0,    0,    0,    0,    0,    0,    0,    0,    0,    0,    0,    0,    0,    0,    0,    0,    0,    0,    0,    0,    0,    0,    0,    0,    0,    0,    0,    0,    0,    0,    0,    0,    0,    0,    0,    0,    0,    0,    0,    0,    0,    0,    0,    0,    0,    0,    0,    0,
       0,  -21,    0,    0,  -11,    0,    0,  -11,    0,    0,    0,    0,  -11,    0,  -20,    0,    0,   -5,   -5,    0,   -8,    0,   -5,    0,    0,  -21,   -5,    0,    0,    0,   -3,    0,  -21,    0,  -12,   -5,    0,  -20,   -3,  -27,    0,    0,   -4,    0,    0,   -5,    0,    0,    0,    0,    0,    0,    0,    0,   -5,   -4,    0,   -5,    0,    0,    0,    0,    0,    0,    0,    0,    0,    0,    0,    0,    0,    0,    0,   -3,    0,  -14,  -11,    0,    0,    0,    0,    0,    0,  -16,    0,  -16,    0,    0,    0,    0,    0,    0,    0,    0,    0,    0,    0,    0,    0,    0,    0,    0,    0,    0,    0,    0,    0,    0,    0,    0,    0,    0,
       0,    0,    0,    0,    0,    0,    0,    0,    0,    0,    0,    0,    0,    0,   -5,    0,    0,   -3,    0,    0,    0,    0,    0,    0,    0,    0,    0,    0,    1,    0,    5,    0,    0,    0,    0,    0,    0,    0,    0,    0,    0,    4,    0,    0,    0,    6,    0,    0,   15,    0,    0,    0,    0,    0,    0,    0,    0,    0,    0,    0,    0,    0,    0,    0,    0,    4,    0,   15,   17,   11,    0,    0,    6,    0,    0,    0,    0,    0,    0,    2,    0,    2,    0,    0,    0,    0,    0,    0,    0,    0,    0,    0,    0,    0,    0,    0,    0,    0,    0,    0,    0,    0,    0,    0,    0,    0,    0,    0,    0,    0,    0,    0,
       0,    0,    0,    0,    0,    0,    0,    0,    0,    0,    0,    0,    0,    0,    0,    0,    0,    0,    0,    0,    0,    0,    0,    0,    0,    0,    0,    0,    0,    0,    0,    0,    0,    0,    0,    0,    0,    0,    0,    0,    0,    0,    0,    0,    0,    0,    0,    0,    0,    0,    0,    0,    0,    0,    0,    0,    0,    0,    0,    0,    0,    0,    0,    0,    0,    0,    0,    0,    0,    0,    0,    0,    0,    0,    0,    0,    0,    0,    0,    0,    0,    0,    0,    0,    0,    0,    0,    0,    0,    0,    0,    0,    0,   -4,    0,    0,    0,    0,    0,    0,    0,    0,    0,    0,    0,    0,    0,    0,    0,    0,    0,    0,
       4,    3,   -5,    0,    0,    0,    0,    2,    0,  -27,    0,  -27,  -21,    0,    4,    4,    2,   -8,    0,    0,    4,    0,    2,    0,    0,    0,   -8,   -8,    0,    0,    0,    0,    2,    0,    2,    2,    0,    0,    0,    0,    0,  -27,   -5,    0,   -3,    4,    0,    0,    0,    0,    0,    0,    4,    0,    4,    4,    2,    4,    0,    0,    0,    0,   -5,    0,    0,  -21,  -13,    0,   12,    0,    0,    0,    0,    0,    0,    2,    4,    0,    0,   -8,    0,   -8,    0,    5,    2,    5,   -5,    0,    0,    0,    0,    0,    0,    0,    0,    0,    0,    0,    0,    0,    0,    0,    0,    0,    0,    0,    0,    0,    0,    0,    0,    0,
       0,    0,    0,  -10,   -5,   -8,    0,    0,    0,  -13,    0,  -13,  -16,    0,  -19,  -14,  -16,   -3,   -3,    0,  -16,    0,   -3,    0,    0,  -16,    0,   -3,    0,    0,   -3,    0,  -13,    0,   -6,    0,  -10,  -15,   -8,  -16,    0,  -21,   -4,    0,    0,   -4,    0,    0,    0,    0,    0,    0,   -1,    0,   -3,    0,   -9,   -3,   -8,    0,    0,    0,    0,    0,  -13,  -21,   -8,    0,    0,    0,    0,    0,   -8,  -21,   -8,  -11,    0,   -5,    0,   -5,   -8,   -5,    0,   -5,    0,   -5,   -4,    0,    0,    0,    0,    0,    0,    0,    0,    0,    0,    0,    0,    0,    0,    0,    0,    0,    0,    0,    0,    0,    0,    0,    0,    0,
       0,  -27,    0,    0,  -27,   -3,    0,  -27,  -13,    0,  -13,    0,    0,   -3,  -27,    0,    4,   -7,    3,   -3,    0,    0,   -6,    0,    0,  -13,    0,    2,    0,   -5,    0,    0,  -16,   -3,  -13,   -8,    0,  -25,    2,  -37,    2,    0,    0,    0,   -3,   -5,   -3,    0,    0,    0,    0,    2,   -8,   -3,  -11,   -5,    2,  -11,    2,    0,    0,    0,  -11,    0,    0,    0,    4,    0,    0,    0,    0,   -6,    5,    0,    2,   -8,  -27,    0,   -3,    2,    0,    2,    0,  -16,  -16,  -16,    2,    0,    0,    0,    0,    0,    0,   -4,  -15,  -16,    0,    0,    0,    0,    0,    0,    0,    0,    0,    0,    0,    0,    0,    0,    0,    0,
       0,    0,   -5,    0,   -5,  -13,    0,    0,  -16,  -37,  -16,  -37,  -32,   -3,  -16,  -11,   -8,  -13,   -5,   -8,    0,   -7,  -11,  -13,    0,  -16,  -13,   -7,    0,   -5,    0,    0,    0,    0,    0,    0,   -5,    0,   -5,    0,    0,  -32,  -13,    0,  -13,   -8,   -8,    0,    0,    0,   -8,   -8,   -8,   -8,   -5,   -5,   -8,   -5,   -8,    0,    0,    0,  -16,    0,  -11,  -27,  -11,    4,    0,    0,    0,   -4,    0,   -8,  -11,    0,    0,    0,    0,   -8,  -11,   -8,   -8,   -8,  -16,   -8,  -13,    0,   -5,    0,   -4,  -12,    0,  -12,  -17,   -8,   -7,    0,    0,    0,    0,    0,    0,    0,    0,    0,    0,    0,    0,    0,    0,    0,
       0,   -3,    0,    0,    0,    0,    0,    0,    0,   -3,    0,   -3,    0,    0,   -6,   -3,   -3,    0,    0,    0,   -5,    0,   -3,    0,    0,   -5,    0,    0,    0,    0,    0,    0,   -8,    0,    0,    0,   -2,   -5,   -3,   -3,    0,   -8,    0,    0,    0,    0,    0,    0,    0,    0,    0,    0,    0,    0,    0,    0,   -2,    0,    0,    0,    0,    0,    0,    0,    0,    0,    0,    0,    0,    0,    0,    0,    0,   -5,   -2,   -5,    0,    0,    0,   -3,    0,   -3,    0,    0,    0,    0,    0,    0,    0,    0,    0,    0,    0,    0,    0,    0,    0,    0,    0,    0,    0,    0,    0,    0,    0,    0,    0,    0,    0,    0,    0,    0,
       0,    0,    0,    0,    0,    0,    0,    0,    0,    0,    0,    0,    0,    0,   -5,    0,    0,    0,    0,    0,    0,    0,    0,    0,    0,    0,    0,    0,    0,    0,    0,    0,    0,    0,    0,    0,    0,    0,    0,    0,    0,    0,    0,    0,    0,    0,    0,    0,    0,    0,    0,    0,    0,    0,    0,    0,    0,    0,    0,    0,    0,    0,    0,    0,    0,    0,    0,    0,    5,    0,    0,    0,    0,    0,    0,    0,    0,    0,    0,    0,    0,    0,    0,    0,    0,    0,    0,    0,    0,    0,    0,    0,    0,    0,    0,    0,    0,    0,    0,    0,    0,    0,    0,    0,    0,    0,    0,    0,    0,    0,    0,    0,
       0,    0,    0,    0,    0,    0,    0,    0,   -5,    0,   -5,    0,    0,    0,   -6,    0,   -1,   -7,    0,    0,   -3,    0,   -3,    0,    0,   -3,    0,    0,    0,   -3,   -4,    0,   -5,    0,   -3,   -1,    0,   -8,    0,   -5,    0,    0,   -3,    0,   -5,    0,   -5,    0,    0,    0,    0,    0,    0,    0,   -3,    0,    0,   -3,    0,    0,    0,    0,   -5,    0,    0,    0,    0,    0,    0,    0,    0,    0,    0,    0,    0,   -4,    0,    0,    0,    0,    0,    0,    0,   -3,   -3,   -3,    0,    0,    0,    0,    0,    0,    0,    0,    0,    0,    0,    0,    0,    0,    0,    0,    0,    0,    0,    0,    0,    0,    0,    0,    0,    0,
       0,    0,    0,    0,    0,    0,    0,    0,    0,    0,    0,    0,   -5,    0,   -6,   -3,    0,   -1,    0,    0,   -1,    0,   -3,    0,    0,   -3,    0,    0,    0,    0,    0,    0,   -6,    0,    0,    0,    0,   -6,    0,   -5,    0,   -5,    0,    0,    0,    0,    0,    0,    0,    0,    0,    0,    0,    0,    0,    0,    0,    0,    0,    0,    0,    0,    0,    0,    0,    0,    0,    0,    0,    0,    0,    0,    0,   -3,    0,   -5,    0,    0,    0,    0,    0,    0,    0,   -3,    0,   -3,    0,    0,    0,    0,    0,    0,    0,    0,    0,    0,    0,    0,    0,    0,    0,    0,    0,    0,    0,    0,    0,    0,    0,    0,    0,    0,
       0,  -13,    0,   -5,  -11,    0,    0,  -11,   -3,    0,   -3,    0,   -5,    0,  -18,   -4,   -4,    0,   -3,    0,   -7,    0,   -5,    0,    0,  -13,    0,    0,    0,    0,   -2,    0,  -13,    0,   -5,   -3,    0,  -16,    0,  -13,    0,    0,    0,    0,    0,   -1,    0,    0,    0,    0,    0,    0,    0,    0,   -3,    0,   -1,   -3,    0,    0,    0,    0,    0,    0,   -5,    0,    0,    0,    0,    0,    0,    0,    0,   -5,    0,   -8,   -3,    0,    0,    0,   -3,    0,    0,   -7,    0,   -7,    0,    0,    0,    0,    0,    0,    0,    0,    0,    0,    0,    0,    0,    0,    0,    0,    0,    0,    0,    0,    0,    0,    0,    0,    0,    0,
       0,   -8,    0,   -4,   -5,    0,    0,   -5,    0,    0,    0,    0,   -5,    0,  -13,   -3,   -2,    0,   -1,    0,   -7,    0,   -4,    0,    0,   -5,    0,    0,    0,    0,   -2,    0,  -11,    0,   -8,   -5,    0,  -11,   -4,   -8,    0,   -5,    0,    0,    0,    0,    0,    0,    0,    0,    0,   -3,   -2,    0,   -3,   -1,   -2,   -3,   -2,    0,    0,    0,    0,   -3,    0,    0,    0,    0,    4,    0,    0,    0,    0,   -7,   -1,   -8,    0,   -2,    0,   -1,   -4,   -1,    0,   -5,    0,   -5,    0,    0,    0,    0,    0,    0,    0,    0,    0,    0,    0,    0,    0,    0,    0,    0,    0,    0,    0,    0,    0,    0,    0,    0,    0,    0,
       0,   -5,    0,    0,    0,    0,    0,   -5,    0,   -1,    0,   -1,   -5,    0,  -14,   -3,   -3,    0,   -1,    0,   -7,    0,   -4,    0,    0,   -8,    0,    0,    0,    0,   -3,    0,  -13,    0,   -5,    0,   -3,  -12,    0,   -8,    0,   -5,    0,    0,    0,    0,    0,    0,    0,    0,    0,    0,    0,    0,   -2,    0,   -1,   -2,    0,    0,    0,    0,    0,   -3,    0,    0,    0,    0,    0,    0,    0,    0,    0,   -5,    0,   -5,    0,    0,    0,   -3,   -3,   -3,    0,   -5,    0,   -5,    0,    0,    0,    0,    0,    0,    0,    0,    0,    0,    0,    0,    0,    0,    0,    0,    0,    0,    0,    0,    0,    0,    0,    0,    0,    0,
       5,    4,   -5,   -5,    3,   -5,    0,    4,   -9,  -23,   -9,  -23,  -11,   -3,   -4,   -3,   -2,  -11,   -3,   -4,    0,   -5,   -4,   -7,    0,    0,   -5,   -8,    0,   -3,   -5,    0,    0,    0,    0,    0,    0,    0,   -4,    0,    0,  -27,   -8,    0,   -8,    0,   -7,    0,    0,    0,   -3,   -7,    0,   -4,    0,    0,    0,    0,   -5,    0,    0,    0,  -12,    3,   -7,    0,  -13,    0,    8,    0,    0,   -1,  -11,   -5,   -8,    0,    0,   -4,    0,   -8,   -5,   -8,   -5,    0,    0,    0,   -8,    0,    0,    0,    0,    0,    0,    0,    0,    0,    0,    0,    0,    0,    0,    0,    0,    0,    0,    0,    0,    0,    0,    0,    0,    0,
       0,   -4,    0,   -3,    0,    0,    0,    0,    0,    0,    0,    0,    0,    0,   -8,   -3,    0,    0,    0,    0,   -4,    0,   -4,    0,    0,   -5,    0,    0,    0,    0,   -3,    0,   -5,    0,   -3,    0,   -3,  -11,    0,   -7,    0,   -5,    0,    0,    0,    0,    0,    0,    0,    0,    0,    0,    0,    0,   -2,    0,    0,   -2,    0,    0,    0,    0,    0,    0,    0,    0,    0,    0,    0,    0,    0,    0,    0,   -4,    0,   -5,    0,    0,    0,    0,   -5,    0,    0,   -5,    0,   -5,    0,    0,    0,    0,    0,    0,    0,    0,    0,    0,    0,    0,    0,    0,    0,    0,    0,    0,    0,    0,    0,    0,    0,    0,    0,    0,
       0,    0,    0,   -3,    0,    0,    0,    0,    0,  -14,    0,  -14,  -11,    0,   -5,   -3,   -5,   -3,    0,    0,   -3,    0,    0,    0,    0,   -5,    0,   -3,    0,    0,   -3,    0,   -5,    0,   -1,    0,   -2,  -10,   -5,  -11,    0,  -27,   -3,    0,    0,    0,    0,    0,    0,    0,    0,    0,    0,    0,    0,    0,    0,    0,    0,    0,    0,    0,    0,    0,    0,    0,   -5,    0,    0,    0,    0,    0,   -3,   -5,   -3,   -3,    0,    0,    0,   -5,    0,   -5,    0,    0,    0,    0,    0,    0,    0,    0,    0,    0,    0,    0,    0,    0,    0,    0,    0,    0,    0,    0,    0,    0,    0,    0,    0,    0,    0,    0,    0,    0,
       0,    0,    0,    0,    0,    0,    0,    0,    0,    0,    0,    0,    0,    0,   -9,    0,    4,   -1,    0,    0,   -7,    0,    0,    0,    0,   -9,    0,    0,    0,    0,    0,    0,    0,    0,    0,    0,    0,    0,    0,  -13,    2,    0,    0,    0,    0,    0,    0,    0,    0,    0,    0,    0,    0,    0,    0,    0,    0,    0,    0,    0,    0,    0,    0,    0,    0,    0,    0,    0,    0,    0,    0,    0,    0,    0,    0,    0,    0,    0,    0,    0,    0,    0,    0,    0,    0,    0,    0,    0,    0,    0,    0,    0,    0,    0,    0,    0,    0,    0,    0,    0,    0,    0,    0,    0,    0,    0,    0,    0,    0,    0,    0,    0,
       0,    0,    0,    0,    0,    0,    0,    0,    0,    0,    0,    0,    0,    0,   -5,    0,   -9,    0,    0,    0,    0,    0,   -3,    0,    0,  -11,    0,    0,    0,    0,   -3,    0,    0,    0,    0,    0,   -8,    0,   -6,    0,    0,    0,    0,    0,    0,    0,    0,    0,    0,    0,    0,    0,    0,    0,    0,    0,   -4,    0,    0,    0,    0,    0,    0,    0,    0,    0,    0,    0,    0,    0,    0,    0,    0,  -13,   -5,    0,    0,    0,    0,    0,    0,    0,    0,    0,    0,    0,    0,    0,    0,    0,    0,    0,    0,    0,    0,    0,    0,    0,    0,    0,    0,    0,    0,    0,    0,    0,    0,    0,    0,    0,    0,    0,
       0,    0,   -8,    0,    0,  -11,    0,    4,  -12,  -27,  -12,  -27,  -21,    0,    0,    0,    0,   -4,    0,    0,    0,    0,    0,    0,    0,   -7,    0,    0,    0,    0,    0,    0,    0,    0,    0,    0,    0,    0,    0,    0,    0,  -27,    0,    0,    0,    0,    0,    0,    0,    0,    0,    0,    0,    0,    4,    0,    0,    4,    0,    0,    0,    0,   -6,    0,   -5,  -27,    0,    0,    0,    0,    0,    0,    0,    0,    0,    0,    0,    0,    0,    0,    0,    0,    0,    0,    0,    0,    0,    0,    0,    0,    0,    0,    0,    0,    0,    0,    0,    0,    0,    0,    0,    0,    0,    0,    0,    0,    0,    0,    0,    0,    0,    0,
       0,   -5,    0,    0,    0,   -5,    0,   -8,    0,   -8,    0,   -8,    0,    0,   -8,   -5,   -5,    0,    0,    0,   -8,    0,   -3,   -4,    0,  -11,    0,    0,    0,    0,    0,    0,  -13,    0,   -4,   -3,   -8,  -11,   -5,  -13,    0,  -13,    0,    0,    0,    0,    0,    0,    0,    0,    0,   -3,    0,    0,    0,    0,   -3,    0,   -3,    0,    0,    0,    0,    0,   -8,    0,   -5,    0,    0,    0,    0,    0,    0,   -5,   -5,   -8,    0,    0,    0,   -4,   -5,   -4,    0,   -3,    0,   -3,   -3,    0,    0,    0,    0,    0,    0,    0,    0,    0,    0,    0,    0,    0,    0,    0,    0,    0,    0,    0,    0,    0,    0,    0,    0,    0,
       1,   -8,    0,    0,    0,    0,    0,   -8,   -3,    2,   -3,    2,    0,    0,  -13,    3,    0,   -5,    0,    0,   -5,    0,   -3,    0,    0,   -8,    0,    0,    0,   -3,    0,    0,  -13,   -3,   -5,    0,    0,  -14,    0,   -7,    4,    0,    0,    0,    0,    0,    0,    0,    0,    0,    0,    0,    0,    0,    0,    0,    0,    0,    0,    0,    4,    0,    0,    0,    0,    0,    0,    0,    0,    0,    0,    0,    0,    0,    0,   -5,   -8,    0,    0,    0,    0,    0,    0,   -3,    0,   -3,    0,    0,    0,    0,    0,    0,    0,    0,    0,    0,    0,    0,    0,    0,    0,    0,    0,    0,    0,    0,    0,    0,    0,    0,    0,    0,
       0,   -3,    0,   -5,    0,    0,    0,   -3,    0,    0,    0,    0,    0,    0,  -11,   -4,    0,   -3,   -3,    0,   -8,    0,   -5,    0,    0,   -5,    0,   -1,    0,    0,   -5,    0,   -5,    0,   -4,   -2,   -5,   -7,   -4,   -5,    0,   -5,    0,    0,    0,    0,    0,    0,    0,    0,    0,    0,    0,    0,    0,    0,   -2,    0,    0,    0,    0,    0,    0,    0,    0,    0,   -3,    0,    0,    0,    0,    0,    0,   -8,    0,   -7,    0,    0,    0,    0,   -5,    0,    0,   -4,    0,   -4,    0,    0,    0,    0,    0,    0,    0,    0,    0,    0,    0,    0,    0,    0,    0,    0,    0,    0,    0,    0,    0,    0,    0,    0,    0,    0,
       0,    0,    0,   -3,    0,   -4,    0,    0,  -21,    0,  -37,    0,    0,   -5,  -15,    0,    0,  -12,   -3,   -8,   -3,   -5,   -8,    0,  -14,    0,   -5,    0,    0,   -5,   -4,   -1,   -3,   -3,    0,    0,   -2,   -5,   -3,   -5,    0,    0,   -3,   -3,   -5,   -6,   -8,    0,   -5,   -3,   -3,   -2,   -8,   -4,  -13,   -8,   -4,  -13,   -1,    0,    0,    0,  -11,    0,   -5,    0,    0,    0,    0,    0,    0,   -6,    0,    0,    0,   -2,   -3,   -3,   -5,    0,   -3,    0,    0,  -12,  -12,  -12,   -4,    0,    0,    0,    0,    0,    0,    0,    0,    0,    0,    0,    0,    0,    0,    0,    0,    0,    0,    0,    0,    0,    0,    0,    0,    0,
       0,    0,    0,    0,    0,    0,    0,    0,    0,   -5,    0,   -5,    0,    0,   -3,   -7,   -5,    0,    0,    0,   -5,    0,    0,    0,    0,   -5,    0,   -3,    0,    0,   -4,   -2,   -9,    0,   -1,    0,   -5,   -9,   -7,   -5,    0,  -11,   -3,    0,    0,    0,    0,    0,    0,    0,    0,    0,    0,    0,    0,    0,   -1,    0,   -2,    0,    0,    0,    0,    0,    0,    0,   -5,    0,    0,    0,    0,    0,   -3,   -5,   -5,   -3,    0,    0,    0,   -3,   -3,   -3,    0,    0,    0,    0,    0,    0,    0,    0,    0,    0,    0,    0,    0,    0,    0,    0,    0,    0,    0,    0,    0,    0,    0,    0,    0,    0,    0,    0,    0,    0,
       0,    0,    0,   -3,    0,    0,    0,    2,   -5,    0,   -5,    0,    0,   -3,   -7,    0,    0,   -7,    0,   -4,    0,   -3,   -4,    0,    0,    0,   -3,    0,    0,   -3,   -3,    0,    0,    0,    0,    0,    0,   -1,   -3,   -8,    0,    0,   -3,    0,   -5,   -5,   -5,    0,    0,   -2,   -3,   -1,   -5,   -4,   -5,   -3,    0,   -5,    0,    0,    0,    0,   -5,    0,    0,    0,    0,    0,    2,    0,    0,   -4,    2,   -4,    0,    0,    0,    0,   -4,    0,   -3,    0,    0,   -8,   -5,   -8,    0,    0,    0,    0,    0,    0,    0,    0,    0,    0,    0,    0,    0,    0,    0,    0,    0,    0,    0,    0,    0,    0,    0,    0,    0,    0,
       1,    0,   -8,   -5,    0,   -8,    0,    0,   -3,  -21,   -3,  -21,  -13,   -3,   -8,   -3,    0,  -11,   -5,   -4,    0,   -7,   -5,    0,   -4,    0,   -5,  -13,    0,   -5,   -3,   -6,    0,    0,    0,    0,    0,   -1,   -5,    0,    2,  -27,  -15,   -3,   -9,  -11,  -12,   -7,   -8,   -3,   -9,  -12,   -5,  -10,   -9,   -7,  -16,   -9,  -13,    0,    0,    0,   -8,    0,  -11,    0,  -19,    0,    0,    0,   -7,   -4,    0,   -4,  -10,    0,    0,    0,   -5,    0,  -13,    0,   -9,    0,    0,    0,    0,    0,    0,    0,    0,    0,    0,    0,    0,    0,    0,    0,    0,    0,    0,    0,    0,    0,    0,    0,    0,    0,    0,    0,    0,    0,
       0,   -3,    0,    0,    0,    0,    0,    0,    0,    0,    0,    0,    0,    0,   -9,   -3,    0,    0,    0,    0,   -5,    0,   -3,    0,    0,   -3,    0,    0,    0,    0,   -2,    0,   -6,    0,    0,    0,   -2,   -7,   -1,   -4,    0,    0,    0,    0,    0,    0,    0,    0,    0,    0,    0,    0,    0,    0,    0,    0,    0,    0,    0,    0,    0,    0,    0,    0,    0,    0,    0,    0,    0,    0,    0,    0,    0,    0,    0,    0,    0,    0,    0,    0,    0,    0,    0,    0,    0,    0,    0,    0,    0,    0,    0,    0,    0,    0,    0,    0,    0,    0,    0,    0,    0,    0,    0,    0,    0,    0,    0,    0,    0,    0,    0,    0,
       0,    0,    0,    0,    0,    0,    0,    0,    0,    0,    0,    0,    0,    0,    0,    0,    0,    0,    0,    0,    0,    0,    0,    0,    0,    0,    0,    0,    0,    0,    0,    0,    0,    0,    0,    0,    0,    0,    0,    0,    0,    0,    0,    0,    0,    0,    0,    0,    0,    0,    0,    0,    0,    0,    0,    0,    0,    0,    0,    0,    0,    0,    0,    0,    0,    0,    0,    0,    4,    0,    0,    0,    0,    0,    0,    0,    0,    0,    0,    0,    0,    0,    0,    0,    0,    0,    0,    0,    0,    0,    0,    0,    0,    0,    0,    0,    0,    0,    0,    0,    0,    0,    0,    0,    0,    0,    0,    0,    0,    0,    0,    0,
       0,    0,    0,    0,    0,    0,    0,    0,    0,    0,    0,    0,    0,    0,    0,    0,    0,    0,    0,    0,    0,    0,    0,    0,    0,    0,    0,    0,    0,    0,    0,    0,    0,    0,    0,    0,    0,    0,    0,    0,    0,   -5,    0,    0,    0,    0,    0,    0,    0,    0,    0,    0,    0,    0,    0,    0,    0,    0,    0,    0,    0,    0,    0,    0,    0,    0,    0,    0,    4,    0,    0,    0,    0,    0,    0,    0,    0,    0,    0,    0,    0,    0,    0,    0,    0,    0,    0,    0,    0,    0,    0,    0,    0,    0,    0,    0,    0,    0,    0,    0,    0,    0,    0,    0,    0,    0,    0,    0,    0,    0,    0,    0,
       0,    0,    0,   -3,    0,   -3,    0,    0,  -10,    0,  -10,    0,    0,   -2,  -12,    0,    0,   -8,    0,   -5,    0,   -3,   -3,    0,   -8,   -8,   -8,    0,    0,   -5,   -2,    0,    0,   -2,    0,    0,    0,    0,    0,   -5,    4,    0,   -2,    0,   -5,   -5,   -3,    0,    0,    0,    0,    0,   -3,   -3,   -3,   -2,    0,   -3,    0,    0,    2,    0,   -3,    0,    0,    0,    0,    0,    0,    0,    0,   -2,    0,   -3,    0,    0,    0,    0,    0,    0,    0,    0,    0,  -14,   -9,  -14,    0,    0,    0,    0,    0,    0,    0,    0,    0,    0,    0,    0,    0,    0,    0,    0,    0,    0,    0,    0,    0,    0,    0,    0,    0,    0,
       0,  -27,    0,   -3,    0,   -5,    0,  -21,  -27,    0,  -27,    0,   -5,   -8,  -32,   -3,    0,   -8,   -3,   -8,  -11,   -3,  -16,    0,   -8,  -21,    0,    0,    0,  -11,   -6,   -3,  -24,   -7,  -23,  -11,    0,  -24,    0,  -30,    0,    0,   -3,   -3,   -7,   -9,   -7,    0,   -3,   -3,   -3,   -3,   -7,   -4,  -20,  -13,    0,  -20,    0,    0,    0,    0,  -16,    0,   -5,    0,    0,    0,   -3,    0,    0,   -9,    0,    0,    0,    0,  -25,    0,    0,    0,   -3,    0,    0,    0,    0,    0,    0,    0,    0,    0,    0,    0,    0,    0,    0,    0,    0,    0,    0,    0,    0,    0,    0,    0,    0,    0,    0,    0,    0,    0,    0,    0,
       0,    0,    0,   -4,    0,    0,    0,    0,    0,    0,    0,    0,    0,    0,   -5,    0,    0,   -3,    0,    0,   -3,    0,   -1,    0,    0,   -3,    0,    0,    0,   -3,   -2,    0,   -5,    0,   -2,    0,    0,   -5,    0,    0,    0,    0,    0,    0,    0,    0,    0,    0,    0,    0,    0,    0,    0,    0,    0,    0,    0,    0,    0,    0,    0,    0,   -3,    0,    0,    0,    0,    0,    0,    0,    0,    0,    0,    0,    0,    0,    0,    0,    0,    0,    0,    0,    0,   -3,   -2,   -3,    0,    0,    0,    0,    0,    0,    0,    0,    0,    0,    0,    0,    0,    0,    0,    0,    0,    0,    0,    0,    0,    0,    0,    0,    0,    0,
       0,    0,   -5,   -5,    0,  -12,    0,    0,   -3,  -32,   -3,  -32,  -13,    0,   -5,   -6,   -5,  -11,   -4,   -3,   -5,   -5,   -1,    0,    0,  -11,   -8,  -16,    0,    0,   -9,   -8,   -7,    0,   -5,   -3,   -9,  -10,  -10,  -13,    0,  -27,  -11,   -5,   -8,   -1,   -7,    0,   -5,   -3,   -5,   -8,   -1,   -7,   -1,   -1,   -4,   -1,   -7,    0,    0,    0,    0,    0,    0,    0,  -22,    0,    0,    0,    0,    0,  -15,  -11,  -16,   -5,    0,    0,    0,  -13,   -8,  -13,   -8,   -3,    0,   -3,  -10,    0,    0,    0,    0,    0,    0,    0,    0,    0,    0,    0,    0,    0,    0,    0,    0,    0,    0,    0,    0,    0,    0,    0,    0,    0,
       0,    0,    0,    0,    0,    0,    2,    0,    0,   -5,    0,   -5,    0,    0,   -3,   -7,   -5,    0,    0,    0,   -5,    0,    0,    0,    0,   -5,    0,   -3,    0,    0,   -4,   -2,   -9,    0,   -1,    0,   -5,   -9,   -7,   -5,    6,  -11,   -3,    0,    0,    0,    0,    0,    0,    0,    0,    0,    0,    0,    0,    0,   -1,    0,   -2,    0,    6,    0,    0,    0,    0,    0,   -5,    0,    0,    0,    0,    0,   -3,   -5,   -5,   -3,    0,    0,    0,   -3,   -3,   -3,    0,    0,    0,    0,    0,    0,    0,    0,    0,    0,    0,    0,    0,    0,    0,    0,    0,    0,    0,    0,    0,    0,    0,    0,    0,    0,    0,    0,    0,    0,
       0,    0,    0,   -2,    0,   -3,    0,    0,   -7,    0,   -7,    0,    0,    0,   -5,    0,    0,   -5,    0,    0,   -4,    0,   -1,    0,    0,   -5,    0,    0,    0,   -3,   -3,    0,   -5,   -2,   -2,    0,    0,   -8,   -2,   -5,    4,    0,   -2,    0,   -3,    0,   -3,    0,    0,    0,    0,    0,    0,    0,    0,    0,    0,    0,    0,    0,    2,    0,   -3,    0,    0,    0,    0,    0,    0,    0,    0,    0,    0,   -3,    0,    0,    0,    0,    0,    0,    0,    0,    0,    0,    0,    0,    0,    0,    0,    0,    0,    0,    0,    0,    0,    0,    0,    0,    0,    0,    0,    0,    0,    0,    0,    0,    0,    0,    0,    0,    0,    0,
       2,    3,  -13,   -5,    0,  -11,    0,    2,  -13,  -16,  -13,  -16,  -13,   -8,   -5,    0,    0,  -13,   -5,  -11,    0,   -5,   -5,    0,    0,    0,  -13,  -13,    0,   -9,   -5,   -5,    0,    0,    0,    0,    0,    0,   -5,   -8,    4,  -13,  -13,    0,  -15,  -11,  -13,    0,   -8,   -3,   -8,  -13,  -11,  -11,  -11,   -8,  -10,  -11,  -11,    0,    0,    0,  -11,    0,   -5,    0,  -21,    0,    0,    0,    0,   -6,  -11,    0,  -14,    0,    2,   -5,   -8,  -13,  -16,  -13,  -11,  -13,   -8,  -13,  -13,    0,    0,    0,    0,    0,    0,    0,    0,    0,    0,    0,    0,    0,    0,    0,    0,    0,    0,    0,    0,    0,    0,    0,    0,    0,
       0,    0,    0,   -2,    0,    0,    0,    0,    0,   -3,    0,   -3,   -3,    0,    0,    0,    0,    0,    0,    0,    0,    0,    0,    0,    0,    0,    0,   -3,    0,    0,   -2,    0,    0,    0,    0,    0,   -2,    0,   -3,    0,    0,   -8,   -1,    0,    0,    0,    0,    0,    0,    0,    0,   -1,    0,    0,    0,    0,    0,    0,   -2,    0,    0,    0,    0,    0,    0,    0,   -5,    0,    4,    0,    0,    0,    0,    0,    0,    0,    0,    0,    0,    0,   -1,    0,    0,    0,    0,    0,    0,    0,    0,    0,    0,    0,    0,    0,    0,    0,    0,    0,    0,    0,    0,    0,    0,    0,    0,    0,    0,    0,    0,    0,    0,    0,
       3,    3,   -3,   -4,    0,   -5,    0,    2,   -6,  -13,   -6,  -13,   -7,    0,   -5,    0,    0,   -5,   -3,   -1,    0,   -3,   -1,    0,    0,    0,   -4,   -5,    0,   -1,   -2,   -2,    0,    0,    0,    0,    0,    0,   -5,    0,    6,  -13,   -9,    0,   -7,   -3,   -8,    0,   -2,    0,   -3,   -5,   -3,   -5,   -2,   -2,   -5,   -2,   -6,    0,    0,    0,   -5,    0,    0,    0,   -9,    0,    3,    0,    0,   -2,    0,    0,    0,    0,    3,    0,    0,    0,   -8,    0,    0,    0,    0,    0,    0,    0,    0,    0,    0,    0,    0,    0,    0,    0,    0,    0,    0,    0,    0,    0,    0,    0,    0,    0,    0,    0,    0,    0,    0,    0,
       0,    0,    0,   -3,    0,   -3,    0,    2,    0,   -8,    0,   -8,    0,    0,   -5,    0,    0,   -3,   -3,    0,    0,    0,    0,    0,    0,    0,   -3,    0,    0,    0,   -2,    0,    0,    0,    0,    0,    0,    0,   -5,    0,    2,  -16,   -7,    0,   -3,   -1,   -3,    0,    0,    0,   -1,   -3,   -1,   -3,    0,    0,   -3,    0,   -3,    0,    0,    0,    0,    0,    0,    0,    0,    0,    5,    0,    0,    0,    0,    0,    0,    0,    0,    0,    0,    0,   -4,    0,    0,    0,    0,    0,    0,    0,    0,    0,    0,    0,    0,    0,    0,    0,    0,    0,    0,    0,    0,    0,    0,    0,    0,    0,    0,    0,    0,    0,    0,    0,
       0,    3,  -10,   -5,    0,  -13,    0,    0,  -15,  -25,  -15,  -25,  -16,   -5,   -9,   -5,   -5,  -13,   -5,  -13,    0,   -9,  -11,    0,    0,    0,  -11,  -14,    0,   -9,   -4,   -5,    0,    0,    0,    0,    0,    0,   -4,    0,    4,  -21,  -21,   -3,  -17,   -9,  -13,    0,   -5,   -3,  -14,  -15,   -7,  -14,  -13,   -8,  -14,  -13,  -15,    0,    0,    0,  -11,    0,   -5,    0,  -19,    0,    0,    0,    0,   -6,  -14,   -5,   -4,    0,    0,   -6,   -8,  -17,  -20,  -17,  -14,  -16,  -13,  -16,  -14,    0,    0,    0,    0,    0,    0,    0,    0,    0,    0,    0,    0,    0,    0,    0,    0,    0,    0,    0,    0,    0,    0,    0,    0,    0,
       0,    0,   -3,   -4,    0,   -5,    0,    3,  -14,    0,  -14,    0,    0,   -3,   -5,   -3,    0,   -8,   -4,   -7,    0,   -4,   -5,    0,   -7,    0,   -5,    0,    0,   -7,   -4,   -3,   -1,   -3,    0,    0,    0,    0,   -2,  -11,    0,    0,   -3,    0,   -6,   -5,   -7,    0,   -3,   -4,   -3,   -3,   -5,   -5,   -4,   -3,   -5,   -4,   -4,    0,    0,    0,  -12,    0,   -7,    0,    0,    0,    2,    0,    0,   -5,    0,   -3,    0,    0,    0,    0,    0,    0,   -8,    0,    0,   -8,    0,   -8,    0,    0,    0,    0,    0,    0,    0,    0,    0,    0,    0,    0,    0,    0,    0,    0,    0,    0,    0,    0,    0,    0,    0,    0,    0,    0,
       0,    3,    0,    0,    0,    0,    0,    0,    0,    0,    0,    0,    0,    0,   -9,    0,    0,   -3,    0,    0,    0,    0,    0,    2,    0,    0,    0,    4,    0,    0,    4,    0,    2,    0,    6,    2,    4,    4,    0,    0,    0,    4,    0,    0,    0,    0,    0,    0,   13,    0,    0,    0,    0,    0,    0,    0,    4,    0,    0,    0,    0,    0,    0,    0,    0,    2,    6,   14,   17,   10,    0,    0,    4,    0,    0,    4,    0,    4,    0,    2,    0,    0,    0,    0,    0,    0,    4,    0,    0,    0,    0,    0,    0,    0,    0,    0,    0,    0,    0,    0,    0,    0,    0,    0,    0,    0,    0,    0,    0,    0,    0,    0,
       0,  -27,    0,    0,  -16,  -16,    0,  -21,  -16,    0,  -16,    0,    0,    0,  -14,    0,   -8,   -5,    0,   -5,  -11,    0,  -11,    0,    0,  -21,   -8,    0,    0,    0,    0,    0,  -13,    0,   -7,    0,    0,  -16,   -5,  -32,    0,    0,   -5,    0,    0,   -8,    0,    0,    5,    0,    0,    0,   -5,    0,    0,    0,    0,    0,    0,    0,    0,    0,   -8,  -23,    0,    0,    0,    0,    0,    0,    0,   -2,    0,    0,    0,   -8,  -16,    0,    0,    0,    0,    0,    0,   -8,  -13,   -8,    0,    0,  -12,  -13,  -16,   -5,    0,  -20,   -9,   -5,   -5,    0,    0,    0,    0,    0,    0,    0,    0,    0,    0,    0,    0,    0,    0,    0,
       0,  -27,    0,   -5,  -21,   -8,    4,  -27,  -21,    0,  -21,    0,    0,   -8,  -27,    0,    0,  -32,    0,   -8,    0,   -5,    0,    0,    0,  -21,   -8,    0,    0,  -11,    7,    0,  -13,   -8,  -13,  -16,    0,  -21,    0,  -32,    4,   -3,   -5,    0,   -5,   -5,    4,    0,   15,   -3,    0,    0,   -5,   -5,   -8,   -5,    0,  -11,    0,    0,    4,    0,  -11,    0,    0,    2,    0,    0,    0,   13,   14,   -4,    9,    0,    0,    0,  -40,    0,    0,    3,    0,    0,    0,  -16,  -40,  -16,    0,    0,    0,    0,    0,   -5,    0,  -19,  -27,   -8,   -5,    0,    0,    0,    0,    0,    0,    0,    0,    0,    0,    0,    0,    0,    0,    0,
       0,   -3,    0,    0,    0,   -4,    0,   -4,   -2,    0,   -2,    0,    0,    0,  -13,    0,    0,    0,    0,    0,   -8,    0,    0,    0,    0,   -8,    0,    0,    0,    0,    0,    0,    0,    0,    0,    0,    0,    0,    0,  -11,    0,    0,   -1,    0,    0,    0,   -1,    0,    0,   -2,    0,    0,    0,    0,   -3,   -1,    0,   -3,    0,    0,    0,    0,    0,    0,    0,    0,    0,    0,    0,    0,    0,   -1,    0,    0,    0,    0,    0,    0,    0,    0,    0,    0,    0,   -4,    0,   -4,    0,    0,    0,    0,    0,    0,    0,    0,    0,    0,    0,    0,    0,    0,    0,    0,    0,    0,    0,    0,    0,    0,    0,    0,    0,    0,
       0,   -3,    0,    0,    0,    0,    0,   -3,    0,   -3,    0,   -3,    0,    0,  -13,   -5,   -5,    0,   -3,    0,   -8,    0,   -3,    0,    0,  -11,    0,    0,    0,    0,    0,    0,    0,    0,    0,    0,    0,    0,    0,  -13,    0,   -5,   -2,    0,    0,    0,    0,    0,    0,    0,    0,    0,    0,    0,   -2,    0,   -3,   -2,   -2,    0,    0,    0,    0,    0,   -5,    0,    0,    0,    0,    0,    0,    0,    0,    0,    0,    0,    0,    0,    0,   -3,   -5,   -3,    0,   -5,    0,   -5,   -3,    0,    0,    0,    0,    0,    0,    0,    0,    0,    0,    0,    0,    0,    0,    0,    0,    0,    0,    0,    0,    0,    0,    0,    0,    0,
       0,    0,    0,    0,    0,   -4,    0,    0,  -10,    3,  -10,    3,    0,   -3,   -2,    0,    0,   -8,    0,    0,   -8,   -3,    0,    0,   -4,   -9,   -5,    0,    0,    0,    0,    0,    0,    0,    0,    0,    0,    0,    0,   -8,    0,    0,   -1,    0,   -4,    0,   -3,    0,    0,    0,    0,    0,    0,   -3,    0,    0,    0,    0,    0,    0,    0,    0,   -8,    0,    0,    0,    0,    0,    0,    0,    0,   -2,    0,    0,    0,    0,    0,    0,   -2,    0,    0,    0,    0,    0,   -1,    0,    0,    0,    0,    0,    0,    0,    0,    0,    0,    0,    0,    0,    0,    0,    0,    0,    0,    0,    0,    0,    0,    0,    0,    0,    0,    0,
       0,    0,    0,    0,    0,    0,    0,    0,    0,    0,    0,    0,    0,    0,    0,    0,    0,    0,    0,    0,    0,    0,    0,    0,    0,    0,    0,    0,    0,    0,    0,    0,    0,    0,    0,    0,    0,    0,    0,    0,    0,    0,    0,    0,    0,    0,    0,    0,    0,    0,    0,    0,    0,    0,    0,    0,    0,    0,    0,    0,    0,    0,    0,    0,    0,    0,    0,    0,    6,    0,    0,    0,    0,    0,    0,    0,    0,    0,    0,    0,    0,    0,    0,    0,    0,    0,    0,    0,    0,    0,    0,    0,    0,    0,    0,    0,    0,    0,    0,    0,    0,    0,    0,    0,    0,    0,    0,    0,    0,    0,    0,    0,
      15,   19,    0,    0,    5,   -3,   21,   13,   -5,  -13,   -5,  -13,   -7,    0,    5,    5,    7,   -2,    5,    0,   16,    1,    5,    0,    0,   13,   -4,    0,    0,    0,    0,    0,    0,    0,    0,    0,    0,    0,    0,    4,   15,   -8,   -4,    0,   -3,    0,    0,    0,    0,    0,    0,   -1,    0,    0,    0,    0,    0,    0,   -3,    2,   15,    0,   -5,    0,    0,    0,    0,    0,   16,    0,    0,    0,    0,    0,    0,    0,    0,    0,    0,    0,    0,    0,    0,    0,    0,    0,    0,    0,    0,    0,    0,    0,    0,    0,    0,    0,    0,    0,    0,    0,    0,    0,    0,    0,    0,    0,    0,    0,    0,    0,    0,    0,
       0,    0,    0,    0,    0,    0,    0,    0,   -3,    7,   -3,    0,    0,    0,    0,    0,    0,   -4,    0,    0,    0,    0,    0,    0,    0,   -5,    0,    0,    0,    0,    0,    0,    0,    0,    0,    0,    0,    0,    0,   -5,    0,    2,   -2,    0,   -2,    0,    0,    0,    0,    0,    0,   -1,    0,   -1,    0,    0,    0,    0,   -1,    0,    0,    0,   -3,    0,    0,    0,    0,    0,    0,    0,    0,    0,    0,    0,    0,    0,    0,    0,    0,    0,   -1,    0,    0,    0,    0,    0,    0,    0,    0,    0,    0,    0,    0,    0,    0,    0,    0,    0,    0,    0,    0,    0,    0,    0,    0,    0,    0,    0,    0,    0,    0,    0,
       0,   -3,    0,    0,    0,    0,    0,    0,    0,    0,    0,    0,    0,    0,   -8,    0,    0,    0,    0,    0,   -5,    0,    0,    0,    0,   -8,    0,    0,    0,    0,    0,    0,    0,    0,    0,    0,    0,  -11,    0,   -9,    0,    0,    0,    0,    0,    0,    0,    0,    0,    0,    0,    0,    0,    0,   -2,    0,    0,   -2,    0,    0,    0,    0,    0,    0,    0,    0,    0,    0,    0,    0,    0,    0,    0,    0,    0,    0,    0,    0,    0,    0,    0,    0,    0,   -1,    0,   -1,    0,    0,    0,    0,    0,    0,    0,    0,    0,    0,    0,    0,    0,    0,    0,    0,    0,    0,    0,    0,    0,    0,    0,    0,    0,    0,
       0,    0,    0,    0,    0,    0,    0,    0,    0,    0,    0,    0,    0,    0,    0,    0,    0,    0,    0,    0,    0,    0,    0,    0,    0,    0,    0,    0,    0,    0,    0,    0,    0,    0,    0,    0,    0,    0,    0,    0,    0,    0,    0,    0,    0,    0,    0,    0,    0,    0,    0,    0,    0,    0,    0,    0,    0,    0,    0,    0,    0,    0,    0,    0,    0,    0,    0,    0,    5,    0,    0,    0,    0,    0,    0,    0,    0,    0,    0,    0,    0,    0,    0,    0,    0,    0,    0,    0,    0,    0,    0,    0,    0,    0,    0,    0,    0,    0,    0,    0,    0,    0,    0,    0,    0,    0,    0,    0,    0,    0,    0,    0,
       2,    0,    0,    0,    0,   -5,    0,    2,   -9,    2,   -9,    2,    0,   -2,   -3,    0,    0,   -4,   -1,   -3,    0,    0,   -3,    0,   -4,   -7,   -3,    0,    0,    0,    0,    0,    0,    0,    0,    0,    0,    0,    0,   -5,    4,    0,   -3,    0,   -3,    0,   -2,    0,    0,    0,    0,   -1,    0,   -1,    0,    0,    0,    0,    0,    0,    4,    0,   -5,    0,    0,    0,    0,    0,    0,    0,    0,   -2,    0,    0,    0,    0,    0,    0,   -1,    0,    0,    0,    0,    0,   -4,    0,    0,    0,    0,    0,    0,    0,    0,    0,    0,    0,    0,    0,    0,    0,    0,    0,    0,    0,    0,    0,    0,    0,    0,    0,    0,    0,
       2,   -4,    0,    0,    0,    0,    0,   -3,   -3,    2,   -3,    2,    0,    0,   -7,    0,    0,    0,    0,    0,   -5,    0,    0,    0,    0,   -4,    0,    0,    0,    0,    0,    0,    0,    0,    0,    0,    0,    0,    0,   -5,    2,    0,   -1,    0,   -1,    0,    0,    0,    0,    0,    0,    0,    0,    0,   -3,    0,    0,   -3,    1,    0,    2,    0,   -3,    0,    0,    0,    0,    0,    0,    0,    0,    0,    0,    0,    0,    0,    0,    0,    0,    4,    0,    0,    0,   -6,   -3,   -6,    0,    0,    0,    0,    0,    0,    0,    0,    0,    0,    0,    0,    0,    0,    0,    0,    0,    0,    0,    0,    0,    0,    0,    0,    0,    0,
       0,    0,    0,    0,    0,    0,    0,    0,    0,    0,    0,    0,    0,    0,    0,    0,    0,    0,    0,    0,    0,    0,    0,    0,    0,   -5,    0,    0,    0,    0,    0,    0,    0,    0,    0,    0,    0,    0,    0,   -6,    0,    0,    0,    0,    0,    0,    0,    0,    3,    0,    0,    0,    0,    0,    0,    0,    0,    0,    0,    0,    0,    0,    0,    0,    0,    0,    0,    0,    0,    0,    0,    0,    0,    0,    0,    0,    0,    0,    0,    0,    0,    0,    0,    0,    0,    0,    0,    0,    0,    0,    0,    0,    0,    0,    0,    0,    0,    0,    0,    0,    0,    0,    0,    0,    0,    0,    0,    0,    0,    0,    0,    0,
       0,    2,   -4,    0,    0,  -11,    0,    6,   -8,  -21,   -8,  -21,  -16,    0,    3,   -1,   -5,   -8,   -3,    0,    0,   -3,    0,    0,    0,   -8,   -4,    0,    0,    0,    0,    0,    0,    0,    0,    0,    0,    0,    0,  -13,    0,  -21,   -7,    0,   -5,    0,   -3,    0,    0,    0,    0,   -3,    0,    0,    0,    0,    0,    0,   -3,    0,    0,    0,   -7,    0,   -1,    0,    0,    0,    0,    0,    0,    0,    0,    0,    0,    0,    0,    0,    0,    0,   -3,    0,    0,    0,    0,    0,    0,    0,    0,    0,    0,    0,    0,    0,    0,    0,    0,    0,    0,    0,    0,    0,    0,    0,    0,    0,    0,    0,    0,    0,    0,    0,
       0,   -4,    0,    0,    0,    0,    0,    0,   -3,    0,   -3,    0,    0,    0,   -8,   -3,    0,    0,   -3,    0,   -7,    0,   -3,    0,    0,   -8,    0,    0,    0,    0,    0,    0,    0,    0,    0,    0,    0,    0,    0,   -9,    0,   -5,    0,    0,    0,    0,    0,    0,    0,    0,    0,   -2,    0,    0,   -3,   -1,   -2,   -3,    0,    0,    0,    0,    0,    0,    0,    0,    0,    0,    0,    0,    0,   -1,    0,    0,    0,    0,    0,    0,    0,   -1,   -1,   -1,    0,   -6,   -3,   -6,    0,    0,    0,    0,    0,    0,    0,    0,    0,    0,    0,    0,    0,    0,    0,    0,    0,    0,    0,    0,    0,    0,    0,    0,    0,    0,
       2,   -4,   -3,    0,    0,    0,    0,    0,  -11,    2,  -11,    2,    0,   -3,   -5,    0,    0,   -5,    0,   -3,   -5,    0,   -1,    0,    0,   -8,   -3,    0,    0,    0,    0,    0,    0,    0,    0,    0,    0,    0,    0,  -11,    3,    0,   -1,    0,   -5,    0,   -3,    0,    0,   -1,    0,    0,    0,    0,   -1,    0,    0,   -1,    0,    0,    0,    0,   -5,    0,    0,    0,    0,    0,    0,    0,    0,   -2,    0,    0,    0,    0,    0,    0,    0,    0,    0,    0,    0,    0,    0,    0,    0,    0,    0,    0,    0,    0,    0,    0,    0,    0,    0,    0,    0,    0,    0,    0,    0,    0,    0,    0,    0,    0,    0,    0,    0,    0,
       0,    0,    0,    0,    0,    0,    0,    0,    0,    0,    0,    0,    0,    0,   -5,    0,    0,    0,    0,    0,   -5,    0,    0,    0,    0,   -5,    0,    0,    0,    0,    0,    0,    0,    0,    0,    0,    0,    0,    0,   -6,    0,    0,    0,    0,    0,    0,    0,    0,    0,    0,    0,    0,    0,    0,    0,    0,    0,    0,    0,    0,    0,    0,    0,    0,    0,    0,    0,    0,    0,    0,    0,    0,    0,    0,    0,    0,    0,    0,    0,    0,    0,    0,    0,    0,    0,    0,    0,    0,    0,    0,    0,    0,    0,    0,    0,    0,    0,    0,    0,    0,    0,    0,    0,    0,    0,    0,    0,    0,    0,    0,    0,    0,
       4,    0,    0,    0,    0,   -5,    0,    4,   -3,  -11,   -3,  -11,    0,    0,    0,   -3,   -5,   -3,    0,    0,    0,    0,    0,    0,    0,   -8,    0,    0,    0,    0,    0,    0,    0,    0,    0,    0,    0,    0,    0,   -5,    0,   -8,   -4,    0,   -2,    0,   -1,    0,    0,    0,    0,   -2,    0,    0,    0,    0,    0,    0,    0,    0,    0,    0,   -3,    0,    0,    0,    0,    0,    0,    0,    0,   -2,    0,    0,    0,    0,    0,    0,    0,   -4,   -3,   -4,   -2,    0,    0,    0,   -3,    0,    0,    0,    0,    0,    0,    0,    0,    0,    0,    0,    0,    0,    0,    0,    0,    0,    0,    0,    0,    0,    0,    0,    0,    0,
       2,    0,    0,    0,    0,    0,    0,    4,    0,   -5,    0,   -5,    0,    0,    0,    0,   -3,    0,    0,    0,    0,    0,    0,    0,    0,   -5,    0,    0,    0,    0,    0,    0,    0,    0,    0,    0,    0,    0,    0,   -5,    0,   -5,   -2,    0,    0,    0,    0,    0,    0,    0,    0,    0,    0,    0,    0,    0,    0,    0,    0,    0,    0,    0,   -1,    0,    0,    0,    0,    0,    0,    0,    0,    0,    0,    0,    0,    0,    0,    0,    0,   -2,    0,   -2,    0,    0,    0,    0,   -1,    0,    0,    0,    0,    0,    0,    0,    0,    0,    0,    0,    0,    0,    0,    0,    0,    0,    0,    0,    0,    0,    0,    0,    0,    0,
       0,    0,   -2,    0,    0,   -5,    0,    0,   -6,    0,   -6,    0,    0,    0,   -3,    0,    0,   -6,    0,   -3,   -3,    0,    0,    0,    0,   -3,   -1,    0,    0,    0,    0,    0,    0,    0,    0,    0,    0,    0,    0,   -8,    0,    0,    0,    0,   -2,    0,   -2,    0,    0,    0,    0,   -1,    0,    0,    0,    0,    0,    0,    0,    0,    0,    0,   -5,    0,    0,    0,    0,    0,    0,    0,    0,   -2,    0,    0,    0,    0,    0,    0,    0,    0,   -1,    0,    0,    0,    0,    0,    0,    0,    0,    0,    0,    0,    0,    0,    0,    0,    0,    0,    0,    0,    0,    0,    0,    0,    0,    0,    0,    0,    0,    0,    0,    0,
       0,    3,    0,    0,    0,    0,    0,    0,    0,    0,    0,    0,    0,    0,    0,    0,    0,    0,    0,    0,    0,    0,    0,    0,    0,    0,    0,    4,    0,    0,    4,    0,    0,    0,    0,    0,    2,    0,    0,    0,    0,    4,    0,    0,    0,    0,    0,    0,   11,    0,    0,    0,    0,    0,    0,    0,    4,    0,    0,    0,    0,    0,    0,    0,    0,    2,    4,   14,   17,   10,    0,    0,    4,    0,    0,    0,    0,    0,    0,    0,    0,    0,    0,    0,    0,    0,    2,    0,    0,    0,    0,    0,    0,    0,    0,    0,    0,    0,    0,    0,    0,    0,    0,    0,    0,    0,    0,    0,    0,    0,    0,    0,
       0,    0,    0,    0,    0,    0,    0,    0,    0,    0,    0,    0,    0,    0,   -8,    0,    0,    0,    0,    0,   -8,    0,    0,    0,    0,   -8,    0,    0,    0,    0,    4,    0,   -7,    0,   -5,    0,    0,  -11,    0,  -13,    0,    0,    0,    0,    0,    0,    0,    0,   11,    0,    0,    0,    0,    0,    0,    0,    0,    0,    0,    0,    0,    0,    0,    0,    0,    0,    0,    0,    0,    0,    0,    0,    0,    0,    0,    0,    0,    0,    0,    0,    0,    0,    0,    0,    0,    0,    0,    0,    0,    0,    0,    0,    0,    0,    0,    0,    0,    0,    0,    0,    0,    0,    0,    0,    0,    0,    0,    0,    0,    0,    0,    0,
       0,    0,    0,    0,    0,    0,    0,    0,  -13,    0,  -13,    0,    0,    0,   -7,   -3,   -2,   -5,    0,    0,   -7,    0,    0,    0,    0,    0,   -8,    0,    0,    0,    0,    0,   -5,    0,    0,    0,    0,   -5,   -5,  -11,    0,    0,   -4,    0,   -5,    0,    0,    0,    0,    0,    0,    0,    0,    0,    0,    0,    0,    0,    0,    0,    0,    0,  -15,    0,    0,    0,    0,    0,    0,    0,    0,   -2,    0,   -5,    0,   -5,    0,    0,    0,    0,    0,    0,    0,    0,    0,    0,    0,    0,    0,    0,    0,    0,    0,    0,   -3,    0,   -4,    0,    0,    0,    0,    0,    0,    0,    0,    0,    0,    0,    0,    0,    0,    0,
     -17,  -21,    0,    0,    0,    0,    0,  -17,  -24,  -53,  -24,  -53,  -44,    0,    0,    0,    0,    0,    0,    0,    0,    0,    0,  -28,    0,  -27,    0,    0,    0,    0,    0,    0,    0,    0,    0,    0,    0,    0,    0,  -23,    0,  -27,    0,    0,    0,    0,    0,    0,    0,    0,    0,    0,    0,    0,    0,    0,    0,    0,    0,    0,    0,    0,    0,    0,    0,    0,    0,    0,    0,    0,    0,    0,    0,    0,    0,    0,    0,    0,    0,    0,    0,    0,    0,    0,    0,    0,    0,    0,    0,    0,    0,    0,    0,    0,    0,    0,    0,    0,    0,    0,    0,    0,    0,    0,    0,    0,    0,    0,    0,    0,    0,    0,
       0,   -5,    0,   -5,    0,    0,    0,   -5,    0,  -11,    0,  -11,   -8,    0,  -12,  -11,  -11,    0,   -5,    0,  -12,    0,   -5,    0,    0,   -5,    0,    0,    0,    0,   -4,    0,  -11,    0,   -5,    0,    0,  -11,  -11,  -11,    0,  -11,   -4,    0,    0,   -3,    0,    0,    0,    0,    0,    0,    0,    0,   -3,   -1,   -5,   -3,    0,    0,    0,    0,    0,    0,  -27,   -5,    0,    0,    0,    0,    0,    1,    0,  -11,   -5,   -8,   -3,   -5,    0,   -3,   -5,   -3,    0,   -5,    0,   -5,    0,    0,    0,    0,    0,    0,    0,    0,   -3,    0,    0,    0,    0,    0,    0,    0,    0,    0,    0,    0,    0,    0,    0,    0,    0,    0,
      -8,  -13,   -5,   -8,  -11,   -8,    0,  -11,  -16,  -16,  -16,  -16,    0,   -5,  -21,   -5,   -5,  -13,   -5,   -5,  -11,   -5,   -5,   -8,    0,  -27,   -8,   -5,    0,   -5,    0,    0,  -21,   -3,  -11,   -8,   -5,  -25,   -4,  -27,    0,    0,   -7,    0,  -11,   -5,    0,    0,    6,    0,   -8,    0,   -8,    0,  -11,   -5,    0,  -11,    0,    0,    0,   -5,  -12,    0,   -9,   -7,   -5,    0,    0,    0,    0,    0,    0,    0,    0,    0,    0,    0,    0,    0,    0,    0,    0,  -13,   -8,  -13,   -5,    0,    0,    0,    0,    0,    0,    0,    0,    0,    0,    0,    0,    0,    0,    0,    0,    0,    0,    0,    0,    0,    0,    0,    0,    0,
       0,    0,    0,    0,    0,    0,   15,    0,    0,    0,    0,    0,    0,    0,    0,    0,    0,    0,    0,    0,    0,    0,    0,    0,    0,    0,    0,    0,    0,    0,    0,    0,    0,    0,    0,    0,    0,    0,    0,    4,   14,    0,    0,    0,    0,    0,    0,    0,    0,    0,    0,    0,    0,    0,    0,    0,    0,    0,    0,    0,   14,    0,    0,    0,    0,    0,    0,    0,    0,    0,    0,    0,    0,    0,    0,    0,    0,    0,    0,    0,    0,    0,    0,    0,    0,    0,    0,    0,    0,    0,    0,    0,    0,    0,    0,    0,    0,    0,    0,    0,    0,    0,    0,    0,    0,    0,    0,    0,    0,    0,    0,    0,
       0,   -9,    0,    0,    0,    0,    0,  -11,   -3,    0,   -3,    0,    0,    0,  -13,    0,    0,    0,    0,    0,   -8,    0,   -7,    0,    0,   -8,    0,    0,    0,    0,    0,    0,    0,    0,    0,    0,    0,    0,    0,   -8,    0,   -5,    0,    0,    0,   -3,   -1,    0,    0,    0,    0,    0,   -1,    0,   -3,   -1,   -2,   -3,    0,    0,    0,    0,    0,    0,    0,    0,    0,    0,    0,    0,    0,    0,    0,    0,    0,    0,    0,    0,    0,    0,    0,    0,    0,    0,    0,    0,    0,    0,    0,    0,    0,    0,    0,    0,    0,    0,    0,    0,    0,    0,    0,    0,    0,    0,    0,    0,    0,    0,    0,    0,    0,    0,
      14,   11,    0,    0,    0,    0,   17,   12,    0,    0,    0,    0,    0,    0,    0,    0,    0,    0,    4,    0,    8,    0,    0,    0,    0,    6,    0,    0,    0,    0,    0,    0,    0,    0,    0,    0,    0,    0,    0,   10,   17,    0,    0,    6,    0,    0,    0,    5,    5,    4,    0,    0,    0,    0,    0,    0,    0,    0,    0,    0,   17,    0,    0,    0,    0,    0,    0,    0,    0,    0,    5,    0,    0,    0,    0,    0,    0,    0,    0,    0,    0,    0,    0,    0,    0,    0,    0,    0,    0,    0,    0,    0,    0,    0,    0,    0,    0,    0,    0,    0,    0,    0,    0,    0,    0,    0,    0,    0,    0,    0,    0,    0,
       5,    0,    0,    0,    0,  -10,    4,    5,  -15,  -15,  -15,  -15,  -15,   -4,    0,    0,    0,    0,    0,   -6,    5,   -5,    0,    0,   -6,    0,  -13,    0,    0,    0,    0,    0,    0,    0,    0,    0,    0,    0,    0,    0,    6,  -19,  -11,    0,  -11,    0,  -10,    0,    0,    0,   -4,    0,    0,   -7,    0,    0,    0,    0,    0,    0,    6,    0,  -15,    0,   -6,    0,    0,    0,    0,    0,    0,   -2,    0,    0,    0,    0,    0,    0,    0,    0,    0,    0,    0,    0,    0,    0,    0,    0,    0,    0,    0,    0,    0,    0,    0,    0,    0,    0,    0,    0,    0,    0,    0,    0,    0,    0,    0,    0,    0,    0,    0,    0,
       0,    0,    0,    0,    0,   -4,    0,    0,   -7,    0,   -7,    0,    0,    0,    0,    0,    0,   -1,   -2,   -1,    0,   -1,    0,    0,    0,   -6,    0,    0,    0,    0,    0,    0,    0,    0,    0,    0,    0,    0,    0,   -7,    0,    0,   -2,    0,   -2,    0,    0,    0,   -1,    0,    0,    0,    0,    0,    0,    0,    0,    0,    0,    0,    0,    0,   -5,    0,    0,    0,    0,    0,    0,    0,    0,   -1,    0,    0,    0,    0,    0,    0,    0,    0,    0,    0,    0,    0,    0,    0,    0,    0,    0,    0,    0,    0,    0,    0,    0,    0,    0,    0,    0,    0,    0,    0,    0,    0,    0,    0,    0,    0,    0,    0,    0,    0,
       0,    2,   -4,    0,    0,  -11,    6,    6,   -8,  -21,   -8,  -21,  -16,    0,    3,   -1,   -5,   -8,   -3,    0,    0,   -3,    0,    0,    0,   -8,   -4,    0,    0,    0,    0,    0,    0,    0,    0,    0,    0,    0,    0,  -13,    5,  -21,   -7,    0,   -5,    0,   -3,    0,    0,    0,    0,   -3,    0,    0,    0,    0,    0,    0,   -3,    0,    4,    0,   -7,    0,   -1,    0,    0,    0,    0,    0,    0,    0,    0,    0,    0,    0,    0,    0,    0,    0,   -3,    0,    0,    0,    0,    0,    0,    0,    0,    0,    0,    0,    0,    0,    0,    0,    0,    0,    0,    0,    0,    0,    0,    0,    0,    0,    0,    0,    0,    0,    0,    0,
       2,   -2,   -3,    0,    0,    0,   10,    0,  -11,    2,  -11,    2,    0,   -3,   -5,    0,    0,   -5,    0,   -3,   -5,    0,   -1,    0,    0,   -8,   -3,    0,    0,    0,    0,    0,    0,    0,    0,    0,    0,    0,    0,  -11,   12,    0,   -1,    0,   -5,    0,   -3,    0,    0,   -1,    0,    0,    0,    0,   -1,    0,    0,   -1,    0,    0,   10,    0,   -5,    0,    0,    0,    0,    0,    0,    0,    0,   -2,    0,    0,    0,    0,    0,    0,    0,    0,    0,    0,    0,    0,    0,    0,    0,    0,    0,    0,    0,    0,    0,    0,    0,    0,    0,    0,    0,    0,    0,    0,    0,    0,    0,    0,    0,    0,    0,    0,    0,    0,
       5,    5,    0,    0,    5,   -6,    0,    8,   -8,  -14,   -8,  -14,  -10,    0,    3,    2,    2,   -3,    0,    0,    4,    0,    3,    0,    0,    3,   -5,    0,    0,    0,    0,    0,    0,    0,    0,    0,    0,    0,    0,    0,    0,  -13,   -3,    0,   -2,    4,   -1,    0,    0,    0,    0,    0,    5,    0,    3,    3,    2,    3,    0,    0,    0,    0,   -8,    0,    0,    0,    0,    0,    0,    0,    0,    0,    0,    0,    0,    0,    0,    0,    0,    0,    0,    0,    0,    0,    0,    0,    0,    0,    0,    0,    0,    0,    0,    0,    0,    0,    0,    0,    0,    0,    0,    0,    0,    0,    0,    0,    0,    0,    0,    0,    0,    0,
       0,   -8,    0,   -5,    0,    0,    0,   -8,    0,    0,    0,    0,  -11,    0,  -10,   -4,   -3,    0,    0,    0,  -12,    0,   -7,    0,    0,  -11,    0,   -3,    0,    0,    0,    0,  -10,    0,   -5,    0,   -6,   -9,    0,    0,    0,   -8,    0,    0,    0,    0,    0,    0,    0,    0,    0,    0,    0,    0,   -1,    0,   -1,   -1,    0,    0,    0,    0,    0,    0,    0,    0,    0,    0,    0,    0,    0,    0,    0,   -8,   -3,   -6,   -5,   -2,    0,   -2,   -5,   -2,    0,   -8,    0,   -8,    0,    0,    0,    0,    0,    0,    0,    0,    0,    0,    0,    0,    0,    0,    0,    0,    0,    0,    0,    0,    0,    0,    0,    0,    0,    0,
       2,    4,  -16,   -9,    0,  -21,    0,    2,  -27,  -32,  -27,  -32,  -32,  -13,   -9,   -3,    0,  -21,   -8,  -13,    0,  -11,   -5,    0,  -23,    0,  -23,  -27,    0,  -16,    0,   -9,    0,    0,    0,    0,    0,    0,    0,  -11,    2,  -32,  -27,    0,  -27,    0,    0,    0,   -8,    0,  -21,  -27,    0,  -24,  -21,  -16,  -21,  -21,    0,    0,    0,    0,  -27,    0,  -21,    0,  -36,    0,    0,    0,    0,    0,  -25,   -5,  -19,    0,    0,   -8,  -16,  -27,  -21,  -27,  -19,  -21,  -23,  -21,  -27,    0,    0,    0,    0,    0,    0,    0,    0,    0,    0,    0,    0,    0,    0,    0,    0,    0,    0,    0,    0,    0,    0,    0,    0,    0,
       0,   -2,    0,    0,    0,    0,    4,    0,   -2,    2,   -2,    2,    0,    0,   -6,    0,    0,    0,    0,    0,    0,    0,    0,    0,    0,    0,    0,    0,    0,    0,    0,    0,   -4,    0,    0,    0,    0,   -4,    0,   -2,    2,    6,    0,    0,    0,    0,    0,    0,    7,    0,    0,    2,    0,    0,   -2,    0,    0,   -2,    0,    0,    2,    0,    0,    0,    0,    0,    6,    0,    0,    0,    0,    0,    0,    0,    0,    0,    0,    0,    0,    1,    0,    1,    2,   -3,   -3,   -3,    0,    0,    0,    0,    0,    0,    0,    0,    0,    0,    0,    0,    0,    0,    0,    0,    0,    0,    0,    0,    0,    0,    0,    0,    0,    0,
       0,    0,   -8,   -4,    0,  -11,    0,    2,  -11,  -27,  -11,  -27,  -16,   -5,   -5,   -3,   -1,   -8,    0,   -7,    0,   -6,   -4,    0,    0,    0,  -11,   -9,    0,   -3,    0,   -3,    0,    0,    0,    0,    0,    0,    0,    0,    6,  -27,  -13,    0,  -11,    0,    0,    0,   -4,    0,   -8,   -9,    0,    0,   -4,   -3,   -7,   -4,    0,    0,    2,    0,  -13,    0,   -8,    0,   -9,    0,    0,    0,    0,    0,   -8,   -8,   -8,    0,    0,   -4,   -5,  -13,  -11,  -13,  -10,   -8,   -8,   -8,  -14,    0,    0,    0,    0,    0,    0,    0,    0,    0,    0,    0,    0,    0,    0,    0,    0,    0,    0,    0,    0,    0,    0,    0,    0,    0,
       0,   -6,    0,    0,    0,   -4,    2,   -6,   -6,    3,   -6,    3,    0,   -2,   -7,    0,    0,    0,    0,   -2,   -6,    0,   -4,    0,    0,   -6,    0,    0,    0,   -6,    0,    0,  -10,    0,   -6,    0,    0,  -11,    0,   -7,    2,    2,    0,    0,    0,    0,    0,    0,    0,    0,    0,    0,    0,    0,   -4,    0,    0,   -4,    0,    0,    0,    0,   -4,    0,    0,    0,    0,    0,    0,    0,    0,    0,    0,    0,    0,  -10,   -7,    0,    0,    0,    0,    0,    0,   -7,   -4,   -7,    0,    0,    0,    0,    0,    0,    0,    0,    0,    0,    0,    0,    0,    0,    0,    0,    0,    0,    0,    0,    0,    0,    0,    0,    0,    0,
       0,   -8,    0,   -4,    0,    0,    0,   -8,    0,    0,    0,    0,   -8,    0,  -14,   -7,   -4,    0,   -4,    0,  -11,    0,   -6,    0,    0,  -14,    0,    0,    0,    0,   -4,   -2,  -15,    0,   -7,   -5,   -8,  -22,   -5,  -13,    0,   -5,    0,    0,    0,    0,    0,    0,    0,    0,    0,    0,    0,    0,   -1,    0,   -2,   -1,   -1,    0,    0,    0,    0,    0,    0,    0,   -3,    0,    0,    0,    0,    0,    0,   -5,   -2,  -14,   -5,   -3,    0,   -2,   -5,   -2,    0,   -5,    0,   -5,    0,    0,    0,    0,    0,    0,    0,    0,    0,    0,    0,    0,    0,    0,    0,    0,    0,    0,    0,    0,    0,    0,    0,    0,    0,    0,
       0,   -3,    0,    0,    0,    0,    0,   -3,   -3,    0,   -3,    0,    0,    0,   -8,   -4,    0,    0,   -3,    0,   -6,    0,    0,    0,    0,   -8,    0,    0,    0,    0,    0,    0,    0,    0,    0,    0,    0,    0,    0,  -13,    0,   -5,   -2,    0,   -2,    0,    0,    0,    0,    0,    0,   -2,    0,    0,   -5,   -3,   -3,   -5,   -3,    0,    0,    0,    0,    0,    0,    0,    0,    0,    0,    0,    0,   -1,    0,    0,    0,    0,    0,    0,    0,   -3,   -4,   -3,    0,   -5,   -4,   -5,   -1,    0,    0,    0,    0,    0,    0,    0,    0,    0,    0,    0,    0,    0,    0,    0,    0,    0,    0,    0,    0,    0,    0,    0,    0,    0,
       0,    2,   -5,    0,    0,  -13,    0,    4,   -9,  -27,   -9,  -27,  -13,    0,    0,   -5,   -5,  -10,   -4,   -3,   -4,   -5,    0,    0,    0,  -11,   -8,    0,    0,    0,    0,    0,    0,    0,    0,    0,    0,    0,    0,  -13,    0,  -21,   -9,    0,   -7,    0,    0,    0,    0,    0,    0,    0,    0,    0,    0,    0,    0,    0,    0,    0,    0,    0,   -9,    0,   -3,    0,    0,    0,    0,    0,    0,    0,    0,    0,    0,    0,    0,    0,    0,  -13,   -3,  -13,   -5,    3,    0,    3,   -5,    0,    0,    0,    0,    0,    0,    0,    0,    0,    0,    0,    0,    0,    0,    0,    0,    0,    0,    0,    0,    0,    0,    0,    0,    0,
       4,    0,    0,    0,    0,    0,    2,    0,   -2,    4,   -2,    4,    0,    0,   -5,    0,    0,    0,    0,    0,    0,    0,    0,    0,    0,   -5,    0,    0,    0,    0,    0,    0,    0,    0,    0,    0,    0,    0,    0,   -8,    4,    4,    0,    0,   -1,    0,    0,    0,    4,    0,    0,    2,    0,    0,    0,    0,    0,    0,    0,    0,    3,    0,    0,    0,    0,    0,    0,    0,    0,    0,    0,    0,    0,    0,    0,    0,    0,    0,    0,    6,    0,    2,    2,   -3,   -3,   -3,    0,    0,    0,    0,    0,    0,    0,    0,    0,    0,    0,    0,    0,    0,    0,    0,    0,    0,    0,    0,    0,    0,    0,    0,    0,    0,
       0,    0,    0,    0,    0,    0,    0,    0,    0,    0,    0,    0,    0,    0,   -8,    0,    0,    0,    0,    0,   -5,    0,    0,    0,    0,   -5,    0,    0,    0,    0,    0,    0,    0,    0,    0,    0,    0,    0,    0,   -8,    0,    0,    0,    0,    0,    0,    0,    0,    0,    0,    0,    0,    0,    0,   -2,    0,    0,   -2,    0,    0,    0,    0,    0,    0,    0,    0,    0,    0,    0,    0,    0,    0,    0,    0,    0,    0,    0,    0,    0,    0,    0,    0,    0,   -4,   -3,   -4,    0,    0,    0,    0,    0,    0,    0,    0,    0,    0,    0,    0,    0,    0,    0,    0,    0,    0,    0,    0,    0,    0,    0,    0,    0,    0,
       5,    3,   -5,    0,    0,   -8,    0,    5,   -5,  -16,   -5,  -16,   -8,    0,    0,   -5,   -5,   -8,   -3,    0,   -8,   -5,    0,    0,    0,  -11,   -8,    0,    0,    0,    0,    0,    0,    0,    0,    0,    0,    0,    0,   -8,    0,  -16,   -7,    0,   -7,    0,    0,    0,    0,    0,    0,   -5,    0,    0,    0,    0,    0,    0,    0,    0,    0,    0,   -5,    0,    0,    0,    0,    0,    0,    0,    0,    0,    0,    0,    0,    0,    0,    0,   -3,  -13,    0,  -13,   -5,    3,    0,    3,   -5,    0,    0,    0,    0,    0,    0,    0,    0,    0,    0,    0,    0,    0,    0,    0,    0,    0,    0,    0,    0,    0,    0,    0,    0,    0,
       4,   -4,    0,    0,    0,    0,    0,    0,   -5,    4,   -5,    4,    0,    0,   -8,    0,    0,    0,    0,    0,    0,    0,    0,    0,    0,    0,    0,    0,    0,    0,    0,    0,    0,    0,    0,    0,    0,    0,    0,    0,    3,    6,    0,    0,   -2,    0,    0,    0,    0,    0,    0,    0,    0,    0,   -4,   -2,    0,   -4,    0,    0,    0,    0,   -3,    0,    0,    0,    0,    0,    0,    0,    0,    0,    0,    0,    0,    0,    0,    0,   -1,    4,    0,    4,    2,   -6,   -4,   -6,    0,    0,    0,    0,    0,    0,    0,    0,    0,    0,    0,    0,    0,    0,    0,    0,    0,    0,    0,    0,    0,    0,    0,    0,    0,    0,
       0,  -21,    0,    0,    0,    0,    0,  -16,   -3,    0,   -3,    0,   -8,    0,  -16,   -4,    0,    0,   -3,    0,   -8,    0,   -5,    0,    0,  -13,    0,    0,    0,    0,    0,    0,    0,    0,    0,    0,    0,    0,    0,  -21,    0,   -5,    0,    0,    0,    0,   -2,    0,    0,    0,    0,   -2,   -3,    0,   -6,   -3,   -3,   -6,    0,    0,    0,    0,    0,    0,    0,    0,    0,    0,    0,    0,    0,    0,    0,    0,    0,    0,    0,    0,    0,    0,   -5,    0,    0,  -10,   -4,  -10,   -2,    0,    0,    0,    0,    0,    0,    0,    0,    0,    0,    0,    0,    0,    0,    0,    0,    0,    0,    0,    0,    0,    0,    0,    0,    0,
       0,    2,   -5,    0,    0,  -13,    0,    4,   -9,  -27,   -9,  -27,  -13,    0,    0,   -5,   -5,  -10,   -4,   -3,   -4,   -5,    0,    0,    0,  -11,   -8,    0,    0,    0,    0,    0,    0,    0,    0,    0,    0,    0,    0,  -13,    4,  -21,   -9,    0,   -7,    0,    0,    0,    0,    0,    0,    0,    0,    0,    0,    0,    0,    0,    0,    0,    0,    0,   -9,    0,   -3,    0,    0,    0,    0,    0,    0,    0,    0,    0,    0,    0,    0,    0,    0,  -13,   -3,  -13,   -5,    3,    0,    3,   -5,    0,    0,    0,    0,    0,    0,    0,    0,    0,    0,    0,    0,    0,    0,    0,    0,    0,    0,    0,    0,    0,    0,    0,    0,    0,
       4,    0,    0,    0,    0,    0,    4,    0,   -8,    5,   -8,    5,    0,   -3,   -5,    0,    2,    0,    0,    0,   -5,    0,   -5,    0,    0,  -11,    0,    0,    0,   -3,    0,    0,   -5,    0,    0,    0,    0,    0,    0,    0,    6,    5,    2,    0,    0,    0,    0,    0,    6,    0,    0,    4,    0,    0,   -4,    0,    5,   -4,    0,    0,    4,    0,   -5,    0,    0,    0,    0,    0,    0,    0,    0,    0,    0,    0,    0,    0,   -2,    0,   -2,    7,    2,    2,    4,  -15,    0,   -8,    2,    0,    0,    0,    0,    0,    0,    0,    0,    0,    0,    0,    0,    0,    0,    0,    0,    0,    0,    0,    0,    0,    0,    0,    0,    0,
       4,    0,    0,    0,    0,    0,    4,    0,   -7,    7,   -7,    7,    0,    0,    0,    2,    0,    0,    0,    0,   -2,    0,    0,    0,    0,   -8,    0,    0,    0,    0,    0,    0,    0,    0,    0,    0,    0,    0,    0,    0,    4,    7,    1,    0,   -3,    0,    0,    0,    5,    0,    0,    0,    0,    0,    0,    0,    5,    0,    0,    0,    4,    0,   -3,    0,    0,    0,    0,    0,    0,    0,    0,    0,    0,    0,    0,    0,    0,    0,    0,    7,    0,    2,    2,    0,   -3,    0,    0,    0,    0,    0,    0,    0,    0,    0,    0,    0,    0,    0,    0,    0,    0,    0,    0,    0,    0,    0,    0,    0,    0,    0,    0,    0,
       0,    0,    0,    0,    0,    0,    0,    0,    0,    0,    0,    0,    0,    0,    0,    0,    0,    0,    0,    0,    0,    0,    0,    0,    0,    0,    0,    0,    0,    0,    0,    0,    0,    0,    0,    0,    0,    0,    0,    0,    0,    0,    0,    0,    0,    0,    0,    0,    0,    0,    0,    0,    0,    0,    0,    0,    0,    0,    0,    0,    0,    0,    0,    0,    0,    0,    0,    0,    0,    0,    0,    0,    0,    0,    0,    0,    0,    0,    0,    0,    0,    0,    0,    0,    0,    0,    0,    0,   -3,   -3,    0,    0,    0,    0,    0,    0,    0,    0,    0,    0,    0,    0,    0,    0,    0,    0,    0,    0,    0,    0,    0,    0,
       0,    0,    0,    0,    0,    0,    0,    0,    0,    0,    0,    0,   -5,    0,    0,    0,    0,    0,    0,    0,    0,    0,    0,    0,    0,    0,    0,    0,    0,    0,    0,    0,    0,    0,    0,    0,    0,    0,    0,    0,    0,    0,    0,    0,    0,    0,    0,    0,    0,    0,    0,    0,    0,    0,    0,    0,    0,    0,    0,    0,    0,    0,    0,    0,    0,    0,    0,    0,    0,    0,    0,    0,    0,    0,    0,    0,    0,    0,    0,    0,    0,    0,    0,    0,    0,    0,    0,   -4,    0,    0,    0,    0,   -3,    0,    0,    0,    0,    0,    0,    0,    0,    0,    0,    0,    0,    0,    0,    0,    0,    0,    0,    0,
       0,    0,    0,    0,    0,    0,    0,    0,    0,    0,    0,    0,  -17,    0,    0,    0,    0,    0,    0,    0,    0,    0,    0,    0,    0,    0,    0,    0,    0,    0,    0,    0,    0,    0,    0,    0,    0,    0,    0,   -4,    0,    0,    0,    0,    0,    0,    0,    0,    0,    0,    0,    0,    0,    0,    0,    0,    0,    0,    0,    0,    0,    0,    0,    0,    0,    0,    0,    0,    0,    0,    0,    0,    0,    0,    0,    0,    0,    0,    0,    0,    0,    0,    0,    0,    0,    0,    0,    0,   -3,    0,    0,   -4,   -3,   -3,   -3,   -4,   -4,    0,    0,    0,    0,    0,    0,    0,    0,    0,    0,    0,    0,    0,    0,    0,
       0,    0,    0,    0,    0,    0,    0,    0,    0,  -12,    0,  -12,   -3,    0,    0,    0,    0,    0,    0,    0,    0,    0,    0,    4,    0,    4,    0,    0,    0,    0,    0,    0,    0,    0,    0,    0,    0,    0,    0,   -8,    0,  -13,    0,    0,    0,    0,    0,    0,    0,    0,    0,    0,    0,    0,    0,    0,    0,    0,    0,    0,    0,    0,    0,    0,    0,    0,    0,    0,    0,    0,    0,    0,    0,    0,    0,    0,    0,    0,    0,    0,    0,    0,    0,    0,    0,    0,    0,    0,   -3,   -9,   -2,    0,   -3,   -2,    0,    0,    0,    0,    0,    0,    0,    0,    0,    0,    0,    0,    0,    0,    0,    0,    0,    0,
       0,    0,    0,    0,    0,    0,    0,    0,    0,    0,    0,    0,   -3,    0,    0,    0,    0,    0,    0,    0,    0,    0,    0,    0,    0,    0,    0,    0,    0,    0,    0,    0,    0,    0,    0,    0,    0,    0,    0,    0,    0,    0,    0,    0,    0,    0,    0,    0,    0,    0,    0,    0,    0,    0,    0,    0,    0,    0,    0,    0,    0,    0,    0,    0,    0,    0,    0,    0,    0,    0,    0,    0,    0,    0,    0,    0,    0,    0,    0,    0,    0,    0,    0,    0,    0,    0,    0,    0,    0,    0,    0,    0,    0,    0,    0,    0,    0,    0,    0,    0,    0,    0,    0,    0,    0,    0,    0,    0,    0,    0,    0,    0,
       0,    0,    0,    0,    0,    0,    0,    0,    0,   -5,    0,   -5,   -7,    0,    0,    0,    0,    0,    0,    0,    0,    0,    0,    4,    0,    0,    0,    0,    0,    0,    0,    0,    0,    0,    0,    0,    0,    0,    0,   -5,    0,   -8,    0,    0,    0,    0,    0,    0,    0,    0,    0,    0,    0,    0,    0,    0,    0,    0,    0,    0,    0,    0,    0,    0,    0,    0,    0,    0,    0,    0,    0,    0,    0,    0,    0,    0,    0,    0,    0,    0,    0,    0,    0,    0,    0,    0,    0,    0,    0,    0,   -3,    0,   -3,   -3,    0,    0,    0,    0,    0,    0,    0,    0,    0,    0,    0,    0,    0,    0,    0,    0,    0,    0,
       0,    0,    0,    0,    0,    0,    0,    0,    0,    0,    0,    0,   -5,    0,    0,    0,    0,    0,    0,    0,    0,    0,    0,    0,    0,    0,    0,    0,    0,    0,    0,    0,    0,    0,    0,    0,    0,    0,    0,   -5,    0,   -5,    0,    0,    0,    0,    0,    0,    0,    0,    0,    0,    0,    0,    0,    0,    0,    0,    0,    0,    0,    0,    0,    0,    0,    0,    0,    0,    0,    0,    0,    0,    0,    0,    0,    0,    0,    0,    0,    0,    0,    0,    0,    0,    0,    0,    0,    0,    0,   -3,   -3,    0,    0,   -3,    0,    0,    0,    0,    0,    0,    0,    0,    0,    0,    0,    0,    0,    0,    0,    0,    0,    0,
       0,    0,    0,    0,    0,    0,    0,    0,    0,    0,    0,    0,   -5,    0,    0,    0,    0,    0,    0,    0,    0,    0,    0,    0,    0,    4,    0,    0,    0,    0,    0,    0,    0,    0,    0,    0,    0,    0,    0,   -5,    0,    0,    0,    0,    0,    0,    0,    0,    0,    0,    0,    0,    0,    0,    0,    0,    0,    0,    0,    0,    0,    0,    0,    0,    0,    0,    0,    0,    0,    0,    0,    0,    0,    0,    0,    0,    0,    0,    0,    0,    0,    0,    0,    0,    0,    0,    0,    0,    0,    0,   -2,    0,   -3,   -3,    0,    0,    0,    0,    0,    0,    0,    0,    0,    0,    0,    0,    0,    0,    0,    0,    0,    0,
       0,    0,    0,    0,    0,    0,    0,    0,    0,    0,    0,    0,    0,    0,    0,    0,    0,    0,    0,    0,    0,    0,    0,    0,    0,    0,    0,    0,    0,    0,    0,    0,    0,    0,    0,    0,    0,    0,    0,    0,    0,    0,    0,    0,    0,    0,    0,    0,    0,    0,    0,    0,    0,    0,    0,    0,    0,    0,    0,    0,    0,    0,    0,    0,    0,    0,    0,    0,    0,    0,    0,    0,    0,    0,    0,    0,    0,    0,    0,    0,    0,    0,    0,    0,    0,    0,    0,    0,    0,    0,    0,   -2,   -2,   -3,   -3,    0,    0,    0,    0,    0,    0,    0,    0,    0,    0,    0,    0,    0,    0,    0,    0,    0,
       0,    0,    0,    0,    0,    0,    0,    0,    0,    0,    0,    0,   -5,    0,    0,    0,    0,    0,    0,    0,    0,    0,    0,    0,    0,    0,    0,    0,    0,    0,    0,    0,    0,    0,    0,    0,    0,    0,    0,   -5,    0,    0,    0,    0,    0,    0,    0,    0,    0,    0,    0,    0,    0,    0,    0,    0,    0,    0,    0,    0,    0,    0,    0,    0,    0,    0,    0,    0,    0,    0,    0,    0,    0,    0,    0,    0,    0,    0,    0,    0,    0,    0,    0,    0,    0,    0,    0,    0,    0,    0,    0,    0,    0,    0,    0,    0,    0,    0,    0,    0,    0,    0,    0,    0,    0,    0,    0,    0,    0,    0,    0,    0,
       0,    0,    0,    0,    0,    0,    0,    0,    0,    4,    0,    4,    0,    0,    0,    0,    0,    0,    0,    0,    0,    0,    0,    4,    0,    0,    0,    0,    0,    0,    0,    0,    0,    0,    0,    0,    0,    0,    0,    0,    0,    0,    0,    0,    0,    0,    0,    0,    0,    0,    0,    0,    0,    0,    0,    0,    0,    0,    0,    0,    0,    0,    0,    0,    0,    0,    0,    0,    0,    0,    0,    0,    0,    0,    0,    0,    0,    0,    0,    0,    0,    0,    0,    0,    0,    0,    0,    0,    0,    0,    0,    0,    0,   -2,    0,    0,    0,    0,    0,    0,    0,    0,    0,    0,    0,    0,    0,    0,    0,    0,    0,    0,
       0,   -4,    0,    0,    0,    0,    0,    0,    0,   -9,    0,   -9,   -9,    0,    0,    0,    0,    0,    0,    0,    0,    0,    0,    0,    0,    0,    0,    0,    0,    0,    0,    0,    0,    0,    0,    0,    0,    0,    0,   -7,    0,  -27,    0,    0,    0,    0,    0,    0,    0,    0,    0,    0,    0,    0,    0,    0,    0,    0,    0,    0,    0,    0,    0,    0,    0,    0,    0,    0,    0,    0,    0,    0,    0,    0,    0,    0,    0,    0,    0,    0,    0,    0,    0,    0,    0,    0,    0,    0,    0,    0,    0,    0,    0,    0,    0,    0,    0,    0,    0,    0,    0,    0,    0,    0,    0,    0,    0,    0,    0,    0,    0,    0,
       0,   -4,    0,    0,    0,    0,    0,    0,    0,    0,    0,    0,   -8,    0,    0,    0,    0,    0,    0,    0,    0,    0,    0,    0,    0,    0,    0,    0,    0,    0,    0,    0,    0,    0,    0,    0,    0,    0,    0,    0,    0,    0,    0,    0,    0,    0,    0,    0,    0,    0,    0,    0,    0,    0,    0,    0,    0,    0,    0,    0,    0,    0,    0,    0,    0,    0,    0,    0,    0,    0,    0,    0,    0,    0,    0,    0,    0,    0,    0,    0,    0,    0,    0,    0,    0,    0,    0,   -5,    0,    0,    0,    0,    0,    0,    0,    0,    0,    0,    0,    0,    0,    0,    0,    0,    0,    0,    0,    0,    0,    0,    0,    0,
       0,    0,    0,    0,    0,    0,    0,    0,    0,    0,    0,    0,    0,    0,    0,    0,    0,    0,    0,    0,    0,    0,    0,    0,    0,    0,    0,    0,    0,    0,    0,    0,    0,    0,    0,    0,    0,    0,    0,   -4,    0,    0,    0,    0,    0,    0,    0,    0,    0,    0,    0,    0,    0,    0,    0,    0,    0,    0,    0,    0,    0,    0,    0,    0,    0,    0,    0,    0,    0,    0,    0,    0,    0,    0,    0,    0,    0,    0,    0,    0,    0,    0,    0,    0,    0,    0,    0,    0,    0,    0,    0,    0,    0,    0,    0,    0,    0,    0,    0,    0,    0,    0,    0,    0,    0,    0,    0,    0,    0,    0,    0,    0,
       0,    3,    0,    0,    0,    0,    0,    0,    0,    0,    0,    0,   -3,    0,    0,    0,    0,    0,    0,    0,    0,    0,    0,    0,    0,    8,    0,    0,    0,    0,    0,    0,    0,    0,    0,    0,    0,    0,    0,    0,    0,    0,    0,    0,    0,    0,    0,    0,    0,    0,    0,    0,    0,    0,    0,    0,    0,    0,    0,    0,    0,    0,    0,    0,    0,    0,    0,    0,    0,    0,    0,    0,    0,    0,    0,    0,    0,    0,    0,    0,    0,    0,    0,    0,    0,    0,    0,    0,    2,    0,    0,    6,    0,   -2,    0,    0,    0,    0,    0,    0,    0,    0,    0,    0,    0,    0,    0,    0,    0,    0,    0,    0,
       0,    0,    0,    0,    0,    0,    0,    0,    0,    0,    0,    0,   -5,    0,    0,    0,    0,    0,    0,    0,    0,    0,    0,    0,    0,    0,    0,    0,    0,    0,    0,    0,    0,    0,    0,    0,    0,    0,    0,    0,    0,    0,    0,    0,    0,    0,    0,    0,    0,    0,    0,    0,    0,    0,    0,    0,    0,    0,    0,    0,    0,    0,    0,    0,    0,    0,    0,    0,    0,    0,    0,    0,    0,    0,    0,    0,    0,    0,    0,    0,    0,    0,    0,    0,    0,    0,    0,    0,    0,    0,    0,    0,   -3,    0,    0,    0,    0,    0,    0,    0,    0,    0,    0,    0,    0,    0,    0,    0,    0,    0,    0,    0,
       0,    0,    0,    0,    0,    0,    0,    0,    0,    0,    0,    0,    0,    0,    0,    0,    0,    0,    0,    0,    0,    0,    0,    0,    0,    0,    0,    0,    0,    0,    0,    0,    0,    0,    0,    0,    0,    0,    0,    0,    0,    0,    0,    0,    0,    0,    0,    0,    0,    0,    0,    0,    0,    0,    0,    0,    0,    0,    0,    0,    0,    0,    0,    0,    0,    0,    0,    0,    0,    0,    0,    0,    0,    0,    0,    0,    0,    0,    0,    0,    0,    0,    0,    0,    0,    0,    0,    0,    0,    0,    0,    0,    0,    0,    0,    0,    0,    0,    7,    0,    0,    0,    0,    0,    0,    0,    0,    0,    0,    0,    0,    0,
       0,    0,    0,    0,    0,    0,    0,    0,    0,    0,    0,    0,    0,    0,    0,    0,    0,    0,    0,    0,    0,    0,    0,    0,    0,    0,    0,    0,    0,    0,    0,    0,    0,    0,    0,    0,    0,    0,    0,    0,    0,    0,    0,    0,    0,    0,    0,    0,    0,    0,    0,    0,    0,    0,    0,    0,    0,    0,    0,    0,    0,    0,    0,    0,    0,    0,    0,    0,    0,    0,    0,    0,    0,    0,    0,    0,    0,    0,    0,    0,    0,    0,    0,    0,    0,    0,    0,    0,    0,    0,    0,    0,    0,    0,    0,    0,    0,   -8,    0,    0,    0,    0,   -3,   -8,  -20,    0,    0,    0,    0,    0,    0,    0,
       0,    0,    0,    0,    0,    0,    0,    0,    0,    0,    0,    0,    0,    0,    0,    0,    0,    0,    0,    0,    0,    0,    0,    0,    0,    0,    0,    0,    0,    0,    0,    0,    0,    0,    0,    0,    0,    0,    0,    0,    0,    0,    0,    0,    0,    0,    0,    0,    0,    0,    0,    0,    0,    0,    0,    0,    0,    0,    0,    0,    0,    0,    0,    0,    0,    0,    0,    0,    0,    0,    0,    0,    0,    0,    0,    0,    0,    0,    0,    0,    0,    0,    0,    0,    0,    0,    0,    0,    0,    0,    0,    0,    0,    0,    0,    0,    0,    0,    0,    0,    8,    0,    0,    0,    0,    0,    0,    0,    0,    0,    0,    0,
       0,    0,    0,    0,    0,    0,    0,    0,    0,    0,    0,    0,    0,    0,    0,    0,    0,    0,    0,    0,    0,    0,    0,    0,    0,    0,    0,    0,    0,    0,    0,    0,    0,    0,    0,    0,    0,    0,    0,    0,    0,    0,    0,    0,    0,    0,    0,    0,    0,    0,    0,    0,    0,    0,    0,    0,    0,    0,    0,    0,    0,    0,    0,    0,    0,    0,    0,    0,    0,    0,    0,    0,    0,    0,    0,    0,    0,    0,    0,    0,    0,    0,    0,    0,    0,    0,    0,    0,    0,    0,    0,    0,    0,    0,    0,    0,    0,    0,    0,    0,    0,    0,    0,    0,   -8,    0,    0,    0,    0,    0,    0,    0,
       0,    0,    0,    0,    0,    0,    0,    0,    0,    0,    0,    0,    0,    0,    0,    0,    0,    0,    0,    0,    0,    0,    0,    0,    0,    0,    0,    0,    0,    0,    0,    0,    0,    0,    0,    0,    0,    0,    0,    0,    0,    0,    0,    0,    0,    0,    0,    0,    0,    0,    0,    0,    0,    0,    0,    0,    0,    0,    0,    0,    0,    0,    0,    0,    0,    0,    0,    0,    0,    0,    0,    0,    0,    0,    0,    0,    0,    0,    0,    0,    0,    0,    0,    0,    0,    0,    0,    0,    0,    0,    0,    0,    0,    0,    0,    0,    0,    0,    0,    0,    0,    0,    0,    0,  -15,    0,    0,    0,    0,    0,    0,    0,
       0,    0,    0,    0,    0,    0,    0,    0,    0,    0,    0,    0,    0,    0,    0,    0,    0,    0,    0,    0,    0,    0,    0,    0,    0,    0,    0,    0,    0,    0,    0,    0,    0,    0,    0,    0,    0,    0,    0,    0,    0,    0,    0,    0,    0,    0,    0,    0,    0,    0,    0,    0,    0,    0,    0,    0,    0,    0,    0,    0,    0,    0,    0,    0,    0,    0,    0,    0,    0,    0,    0,    0,    0,    0,    0,    0,    0,    0,    0,    0,    0,    0,    0,    0,    0,    0,    0,    0,    0,    0,    0,    0,    0,    0,    0,    0,    0,  -17,  -12,   -7,    0,  -12,  -22,   -8,  -27,    0,    0,    0,    0,    0,    0,    0,
       0,    0,    0,    0,    0,    0,    0,    0,    0,    0,    0,    0,    0,    0,    0,    0,    0,    0,    0,    0,    0,    0,    0,    0,    0,    0,    0,    0,    0,    0,    0,    0,    0,    0,    0,    0,    0,    0,    0,    0,    0,    0,    0,    0,    0,    0,    0,    0,    0,    0,    0,    0,    0,    0,    0,    0,    0,    0,    0,    0,    0,    0,    0,    0,    0,    0,    0,    0,    0,    0,    0,    0,    0,    0,    0,    0,    0,    0,    0,    0,    0,    0,    0,    0,    0,    0,    0,    0,    0,    0,    0,    0,    0,    0,    0,    0,    0,    0,    0,    0,    0,    0,    0,    0,    0,    0,  -11,    0,    0,   -7,   -7,    0,
       0,    0,    0,    0,    0,    0,    0,    0,    0,    0,    0,    0,    0,    0,    0,    0,    0,    0,    0,    0,    0,    0,    0,    0,    0,    0,    0,    0,    0,    0,    0,    0,    0,    0,    0,    0,    0,    0,    0,    0,    0,    0,    0,    0,    0,    0,    0,    0,    0,    0,    0,    0,    0,    0,    0,    0,    0,    0,    0,    0,    0,    0,    0,    0,    0,    0,    0,    0,    0,    0,    0,    0,    0,    0,    0,    0,    0,    0,    0,    0,    0,    0,    0,    0,    0,    0,    0,    0,    0,    0,    0,    0,    0,    0,    0,    0,    0,    0,    0,    0,    0,    0,    0,    0,    0,   -3,    0,    0,    0,    0,   -3,    0,
       0,    0,    0,    0,    0,    0,    0,    0,    0,    0,    0,    0,    0,    0,    0,    0,    0,    0,    0,    0,    0,    0,    0,    0,    0,    0,    0,    0,    0,    0,    0,    0,    0,    0,    0,    0,    0,    0,    0,    0,    0,    0,    0,    0,    0,    0,    0,    0,    0,    0,    0,    0,    0,    0,    0,    0,    0,    0,    0,    0,    0,    0,    0,    0,    0,    0,    0,    0,    0,    0,    0,    0,    0,    0,    0,    0,    0,    0,    0,    0,    0,    0,    0,    0,    0,    0,    0,    0,    0,    0,    0,    0,    0,    0,    0,    0,    0,    0,    0,    0,    0,    0,    0,    0,    0,    0,   -3,    0,    0,   -3,    0,    0,
       0,    0,    0,    0,    0,    0,    0,    0,    0,    0,    0,    0,    0,    0,    0,    0,    0,    0,    0,    0,    0,    0,    0,    0,    0,    0,    0,    0,    0,    0,    0,    0,    0,    0,    0,    0,    0,    0,    0,    0,    0,    0,    0,    0,    0,    0,    0,    0,    0,    0,    0,    0,    0,    0,    0,    0,    0,    0,    0,    0,    0,    0,    0,    0,    0,    0,    0,    0,    0,    0,    0,    0,    0,    0,    0,    0,    0,    0,    0,    0,    0,    0,    0,    0,    0,    0,    0,    0,    0,    0,    0,    0,    0,    0,    0,    0,    0,    0,    0,    0,    0,    0,    0,    0,    0,    0,   -3,    0,    0,   -5,    0,    0,
       0,    0,    0,    0,    0,    0,    0,    0,    0,    0,    0,    0,    0,    0,    0,    0,    0,    0,    0,    0,    0,    0,    0,    0,    0,    0,    0,    0,    0,    0,    0,    0,    0,    0,    0,    0,    0,    0,    0,    0,    0,    0,    0,    0,    0,    0,    0,    0,    0,    0,    0,    0,    0,    0,    0,    0,    0,    0,    0,    0,    0,    0,    0,    0,    0,    0,    0,    0,    0,    0,    0,    0,    0,    0,    0,    0,    0,    0,    0,    0,    0,    0,    0,    0,    0,    0,    0,    0,    0,    0,    0,    0,    0,    0,    0,    0,    0,    0,    0,    0,    0,    0,    0,    0,    0,  -15,    0,    0,   -7,    0,   -8,    0,
       0,    0,    0,    0,    0,    0,    0,    0,    0,    0,    0,    0,    0,    0,    0,    0,    0,    0,    0,    0,    0,    0,    0,    0,    0,    0,    0,    0,    0,    0,    0,    0,    0,    0,    0,    0,    0,    0,    0,    0,    0,    0,    0,    0,    0,    0,    0,    0,    0,    0,    0,    0,    0,    0,    0,    0,    0,    0,    0,    0,    0,    0,    0,    0,    0,    0,    0,    0,    0,    0,    0,    0,    0,    0,    0,    0,    0,    0,    0,    0,    0,    0,    0,    0,    0,    0,    0,    0,    0,    0,    0,    0,    0,    0,    0,    0,    0,    0,    0,    0,    0,    0,    0,    0,    0,   -7,    0,    0,    0,    0,   -5,   -4,
       0,    0,    0,    0,    0,    0,    0,    0,    0,    0,    0,    0,    0,    0,    0,    0,    0,    0,    0,    0,    0,    0,    0,    0,    0,    0,    0,    0,    0,    0,    0,    0,    0,    0,    0,    0,    0,    0,    0,    0,    0,    0,    0,    0,    0,    0,    0,    0,    0,    0,    0,    0,    0,    0,    0,    0,    0,    0,    0,    0,    0,    0,    0,    0,    0,    0,    0,    0,    0,    0,    0,    0,    0,    0,    0,    0,    0,    0,    0,    0,    0,    0,    0,    0,    0,    0,    0,    0,    0,    0,    0,    0,    0,    0,    0,    0,    0,    0,    0,    0,    0,    0,    0,    0,    0,   -7,  -12,    5,    0,   -7,    0,    0,
       0,    0,    0,    0,    0,    0,    0,    0,    0,    0,    0,    0,    0,    0,    0,    0,    0,    0,    0,    0,    0,    0,    0,    0,    0,    0,    0,    0,    0,    0,    0,    0,    0,    0,    0,    0,    0,    0,    0,    0,    0,    0,    0,    0,    0,    0,    0,    0,    0,    0,    0,    0,    0,    0,    0,    0,    0,    0,    0,    0,    0,    0,    0,    0,    0,    0,    0,    0,    0,    0,    0,    0,    0,    0,    0,    0,    0,    0,    0,    0,    0,    0,    0,    0,    0,    0,    0,    0,    0,    0,    0,    0,    0,    0,    0,    0,    0,    0,    0,    0,    0,    0,    0,    0,    0,   -7,    0,    0,    0,    0,    0,    0,
       0,    0,    0,    0,    0,    0,    0,    0,    0,    0,    0,    0,    0,    0,    0,    0,    0,    0,    0,    0,    0,    0,    0,    0,    0,    0,    0,    0,    0,    0,    0,    0,    0,    0,    0,    0,    0,    0,    0,    0,    0,    0,    0,    0,    0,    0,    0,    0,    0,    0,    0,    0,    0,    0,    0,    0,    0,    0,    0,    0,    0,    0,    0,    0,    0,    0,    0,    0,    0,    0,    0,    0,    0,    0,    0,    0,    0,    0,    0,    0,    0,    0,    0,    0,    0,    0,    0,    0,    0,    0,    0,    0,    0,    0,    0,    0,    0,    0,    0,    0,    0,    0,    0,    0,    0,   -5,   -3,    0,    0,   -9,    0,    0,
       0,    4,    0,   -3,    0,   -4,    4,    4,   -6,   -9,   -6,   -9,  -10,    0,   -6,    0,    0,    0,    0,    0,    5,    0,    0,    0,    0,    1,   -4,   -6,    0,   -3,    0,    0,    4,    2,    6,    4,    4,    4,    0,    0,    6,  -14,   -5,    0,   -4,    0,   -3,    0,    0,    0,   -3,   -2,    0,    0,   -3,    0,    0,   -3,   -3,    0,    4,    0,   -4,    0,   -4,    0,  -11,    0,    0,    0,    0,    0,    0,    0,    0,    0,    4,    0,    0,    0,    0,    0,    0,    0,    0,    0,    0,    0,    0,    0,    0,    0,    0,    0,    0,    0,    0,    0,    0,    0,    0,    0,    0,    0,    0,    0,    0,    0,    0,    0,    0,    0,
       0,    0,    0,    0,    0,    0,    0,    0,    0,   -5,    0,   -5,   -7,    0,    0,    0,    0,    0,    0,    0,    0,    0,    0,    4,    0,    0,    0,    0,    0,    0,    0,    0,    0,    0,    0,    0,    0,    0,    0,   -5,    0,   -8,    0,    0,    0,    0,    0,    0,    0,    0,    0,    0,    0,    0,    0,    0,    0,    0,    0,    0,    0,    0,    0,    0,    0,    0,    0,    0,    0,    0,    0,    0,    0,    0,    0,    0,    0,    0,    0,    0,    0,    0,    0,    0,    0,    0,    0,    0,    0,    0,   -3,    0,   -3,    0,    0,    0,    0,    0,    0,    0,    0,    0,    0,    0,    0,    0,    0,    0,    0,    0,    0,    0,
       0,    0,    0,    0,    0,    0,    0,    0,    0,   -5,    0,   -5,   -7,    0,    0,    0,    0,    0,    0,    0,    0,    0,    0,    4,    0,    0,    0,    0,    0,    0,    0,    0,    0,    0,    0,    0,    0,    0,    0,   -5,    0,   -8,    0,    0,    0,    0,    0,    0,    0,    0,    0,    0,    0,    0,    0,    0,    0,    0,    0,    0,    0,    0,    0,    0,    0,    0,    0,    0,    0,    0,    0,    0,    0,    0,    0,    0,    0,    0,    0,    0,    0,    0,    0,    0,    0,    0,    0,    0,    0,    0,   -3,    0,   -3,    1,    0,    0,    0,    0,    0,    0,    0,    0,    0,    0,    0,    0,    0,    0,    0,    0,    0,    0,
};

static const EpdLigaturePair firago_8_semiboldLigaturePairs[] = {
    { 0xFEDFFE82, 0xFEF5 }, // U+FEDF U+FE82 -> U+FEF5
    { 0xFEDFFE84, 0xFEF7 }, // U+FEDF U+FE84 -> U+FEF7
    { 0xFEDFFE88, 0xFEF9 }, // U+FEDF U+FE88 -> U+FEF9
    { 0xFEDFFE8E, 0xFEFB }, // U+FEDF U+FE8E -> U+FEFB
    { 0xFEE0FE82, 0xFEF6 }, // U+FEE0 U+FE82 -> U+FEF6
    { 0xFEE0FE84, 0xFEF8 }, // U+FEE0 U+FE84 -> U+FEF8
    { 0xFEE0FE88, 0xFEFA }, // U+FEE0 U+FE88 -> U+FEFA
    { 0xFEE0FE8E, 0xFEFC }, // U+FEE0 U+FE8E -> U+FEFC
};

static const EpdFontData firago_8_semibold = {
    firago_8_semiboldBitmaps,
    firago_8_semiboldGlyphs,
    firago_8_semiboldIntervals,
    200,
    20,
    16,
    -5,
    false,
    nullptr,
    0,
    nullptr,
    firago_8_semiboldKernLeftClasses,
    firago_8_semiboldKernRightClasses,
    firago_8_semiboldKernMatrix,
    503,
    569,
    132,
    112,
    firago_8_semiboldLigaturePairs,
    8,
};
