/**
 * generated by fontconvert.py
 * name: firago_14_semibold
 * size: 14
 * mode: 1-bit
 * Command used: /Users/vans/InkPoint X/InkPointX-dev/lib/EpdFont/scripts/fontconvert.py firago_14_semibold 14 /Users/vans/InkPoint X/InkPointX-dev/lib/EpdFont/scripts/downloaded_fonts/FiraGO/FiraGO-SemiBold.ttf --codepoints-file /Users/vans/InkPoint X/InkPointX-dev/build/ui-fonts/firago-ui-codepoints.txt --force-autohint --pnum --mono-threshold 6
 */
#pragma once
#include "EpdFontData.h"

static const uint8_t firago_14_semiboldBitmaps[37269] = {
    0xF7, 0xBD, 0xEF, 0x7B, 0xDE, 0xF7, 0xBD, 0xEF, 0x00, 0x0E, 0xFF, 0xFE, 0xE0, 0xE3, 0xF1, 0xF8,
    0xFC, 0x7E, 0x3F, 0x1F, 0x8F, 0xC7, 0x1E, 0x3C, 0x3C, 0x78, 0x78, 0xF0, 0xF1, 0xE7, 0xFF, 0xEF,
    0xFF, 0xDF, 0xFF, 0x9E, 0x3C, 0x3C, 0x78, 0x78, 0xF0, 0xF1, 0xE1, 0xE3, 0xC3, 0xC7, 0x1F, 0xFF,
    0xBF, 0xFF, 0x7F, 0xFE, 0x78, 0xF0, 0xF1, 0xE1, 0xE3, 0xC3, 0xC7, 0x00, 0x03, 0x80, 0x07, 0x00,
    0x0E, 0x00, 0x1C, 0x00, 0xFE, 0x03, 0xFF, 0x0F, 0xFF, 0x3E, 0x1E, 0x7C, 0x08, 0xF0, 0x01, 0xF0,
    0x03, 0xF8, 0x03, 0xFE, 0x03, 0xFF, 0x01, 0xFF, 0x00, 0xFF, 0x00, 0x3E, 0x00, 0x7C, 0x00, 0x79,
    0x01, 0xF7, 0x87, 0xFF, 0xFF, 0x9F, 0xFE, 0x0F, 0xF0, 0x03, 0x80, 0x07, 0x00, 0x0E, 0x00, 0x1C,
    0x00, 0x38, 0x00, 0x00, 0x00, 0x40, 0x3E, 0x01, 0xC1, 0xFE, 0x07, 0x83, 0xFC, 0x0F, 0x0F, 0x3C,
    0x3C, 0x1C, 0x38, 0xF0, 0x38, 0x73, 0xE0, 0x79, 0xE7, 0x80, 0xFF, 0xDE, 0x00, 0xFF, 0x78, 0x00,
    0xFC, 0xF7, 0xE0, 0x03, 0xDF, 0xE0, 0x0F, 0x3F, 0xC0, 0x1E, 0xF3, 0xC0, 0x79, 0xC3, 0x81, 0xE3,
    0x87, 0x07, 0xC7, 0x0E, 0x0F, 0x0F, 0x3C, 0x3C, 0x0F, 0xF0, 0xF8, 0x1F, 0xE0, 0xE0, 0x0F, 0x00,
    0x00, 0x00, 0x00, 0x0F, 0xC0, 0x03, 0xFF, 0x00, 0x7F, 0xF8, 0x07, 0xCF, 0x80, 0x7C, 0x78, 0x07,
    0xC7, 0x80, 0x7C, 0xF8, 0x03, 0xFF, 0x00, 0x1F, 0xE0, 0x01, 0xFC, 0x10, 0x3F, 0xC1, 0xE7, 0xFF,
    0x3C, 0xF9, 0xFB, 0xCF, 0x87, 0xF8, 0xF0, 0x3F, 0x8F, 0x81, 0xF0, 0xFC, 0x7F, 0xC7, 0xFF, 0xFE,
    0x3F, 0xFB, 0xE0, 0xFE, 0x18, 0xFF, 0xFF, 0xFF, 0x00, 0x03, 0x03, 0xC1, 0xE1, 0xE1, 0xF0, 0xF0,
    0xF8, 0x78, 0x3C, 0x1E, 0x1F, 0x0F, 0x87, 0xC3, 0xC1, 0xE0, 0xF0, 0x78, 0x3E, 0x1F, 0x0F, 0x83,
    0xC1, 0xE0, 0xF8, 0x3C, 0x1F, 0x07, 0x83, 0xE0, 0xF0, 0x30, 0x00, 0x00, 0x04, 0x07, 0x81, 0xF0,
    0x3C, 0x07, 0x81, 0xE0, 0x7C, 0x0F, 0x03, 0xE0, 0xF8, 0x1E, 0x07, 0x81, 0xE0, 0x78, 0x1E, 0x07,
    0x81, 0xE0, 0x78, 0x1E, 0x0F, 0x83, 0xE0, 0xF0, 0x3C, 0x1F, 0x07, 0x83, 0xC0, 0xF0, 0x78, 0x0C,
    0x00, 0x00, 0x07, 0x00, 0x38, 0x01, 0xC0, 0xEE, 0xE7, 0xFF, 0x7F, 0xFC, 0x7F, 0x01, 0xF8, 0x1F,
    0xC1, 0xEF, 0x0E, 0x38, 0x11, 0x00, 0x0F, 0x00, 0xF0, 0x0F, 0x00, 0xF0, 0xFF, 0xFF, 0xFF, 0xFF,
    0xF0, 0xF0, 0x0F, 0x00, 0xF0, 0x0F, 0x00, 0xF0, 0x39, 0xF7, 0xDF, 0x3C, 0xE3, 0x9C, 0x71, 0xC0,
    0x00, 0x7F, 0xFF, 0xFF, 0xF0, 0x77, 0xFF, 0xF7, 0x00, 0x01, 0x80, 0x3C, 0x0F, 0x81, 0xE0, 0x3C,
    0x07, 0x81, 0xE0, 0x3C, 0x07, 0x80, 0xF0, 0x3C, 0x07, 0x80, 0xF0, 0x1E, 0x07, 0x80, 0xF0, 0x1E,
    0x03, 0xC0, 0xF0, 0x1E, 0x03, 0xC0, 0x78, 0x1E, 0x03, 0xC0, 0x78, 0x1F, 0x01, 0xC0, 0x00, 0x00,
    0x0F, 0xC0, 0x3F, 0xE0, 0xFF, 0xE3, 0xE7, 0xC7, 0x87, 0xDF, 0x0F, 0xBE, 0x0F, 0x7C, 0x1E, 0xF0,
    0x3D, 0xE0, 0x7B, 0xC0, 0xF7, 0x81, 0xEF, 0x83, 0xDF, 0x07, 0xBE, 0x1F, 0x3C, 0x3E, 0x7C, 0xF8,
    0x7F, 0xE0, 0x7F, 0xC0, 0x7E, 0x00, 0x03, 0xE0, 0x7E, 0x1F, 0xE7, 0xFE, 0x7F, 0xE3, 0x9E, 0x21,
    0xE0, 0x1E, 0x01, 0xE0, 0x1E, 0x01, 0xE0, 0x1E, 0x01, 0xE0, 0x1E, 0x01, 0xE0, 0x1E, 0x01, 0xE0,
    0x1E, 0x01, 0xE0, 0x1E, 0x0F, 0xE0, 0x3F, 0xE1, 0xFF, 0xE3, 0xE7, 0xE3, 0x03, 0xC0, 0x07, 0x80,
    0x0F, 0x00, 0x1E, 0x00, 0x7C, 0x01, 0xF0, 0x03, 0xE0, 0x0F, 0x80, 0x3E, 0x00, 0xF8, 0x03, 0xE0,
    0x0F, 0x80, 0x3E, 0x00, 0xFF, 0xFD, 0xFF, 0xFB, 0xFF, 0xE0, 0x0F, 0xE0, 0x7F, 0xF1, 0xFF, 0xF1,
    0xE3, 0xE1, 0x03, 0xC0, 0x07, 0x80, 0x0F, 0x00, 0x7C, 0x03, 0xF0, 0x07, 0xE0, 0x1F, 0xF0, 0x03,
    0xE0, 0x03, 0xE0, 0x07, 0xC0, 0x0F, 0x98, 0x1F, 0x7C, 0x7E, 0xFF, 0xF8, 0xFF, 0xE0, 0x7F, 0x00,
    0x06, 0x00, 0x0F, 0x00, 0x3E, 0x00, 0x78, 0x00, 0xF0, 0x03, 0xC0, 0x07, 0x80, 0x1F, 0x00, 0x3C,
    0xF0, 0xF9, 0xE1, 0xE3, 0xC3, 0xC7, 0x8F, 0x8F, 0x9F, 0xFF, 0xFF, 0xFF, 0xFF, 0xFF, 0x00, 0xF0,
    0x01, 0xE0, 0x03, 0xC0, 0x07, 0x80, 0x00, 0x00, 0x7F, 0xF0, 0xFF, 0xE1, 0xFF, 0xC3, 0xC0, 0x07,
    0x80, 0x0F, 0x00, 0x1E, 0x00, 0x3F, 0xF0, 0x7F, 0xF0, 0xFF, 0xF1, 0xE3, 0xE0, 0x03, 0xC0, 0x07,
    0x80, 0x0F, 0x00, 0x1E, 0x10, 0x7C, 0xF1, 0xF9, 0xFF, 0xE1, 0xFF, 0x80, 0xFC, 0x00, 0x07, 0xE0,
    0x1F, 0xF0, 0x7F, 0xC1, 0xF1, 0x07, 0xC0, 0x0F, 0x00, 0x3E, 0xF8, 0x7F, 0xFC, 0xFF, 0xF9, 0xF8,
    0xFB, 0xE0, 0xF7, 0x81, 0xEF, 0x03, 0xDF, 0x07, 0xBE, 0x0F, 0x3C, 0x3E, 0x7C, 0xF8, 0x7F, 0xF0,
    0x7F, 0xC0, 0x7E, 0x00, 0x00, 0x0F, 0xFF, 0xFF, 0xFF, 0xFF, 0x00, 0xF0, 0x1E, 0x01, 0xE0, 0x3E,
    0x03, 0xC0, 0x7C, 0x07, 0x80, 0x78, 0x0F, 0x80, 0xF0, 0x1F, 0x01, 0xE0, 0x1E, 0x03, 0xE0, 0x3C,
    0x07, 0xC0, 0x18, 0x00, 0x00, 0x0F, 0xE0, 0x7F, 0xF1, 0xFF, 0xF3, 0xE3, 0xE7, 0x83, 0xCF, 0x07,
    0x9E, 0x0F, 0x3E, 0x3C, 0x3F, 0xF0, 0x3F, 0xE0, 0xFF, 0xE3, 0xE7, 0xEF, 0x83, 0xFF, 0x07, 0xFC,
    0x07, 0xFC, 0x1F, 0xFC, 0x7E, 0xFF, 0xF8, 0xFF, 0xE0, 0x7F, 0x00, 0x0F, 0xC0, 0x7F, 0xE1, 0xFF,
    0xE3, 0xE7, 0xEF, 0x87, 0xDF, 0x07, 0xBC, 0x0F, 0x7C, 0x1E, 0xF8, 0x3D, 0xF9, 0xF9, 0xFF, 0xF1,
    0xFF, 0xE1, 0xF7, 0xC0, 0x0F, 0x00, 0x3E, 0x00, 0xF8, 0x07, 0xF0, 0x7F, 0xC0, 0xFE, 0x01, 0xF0,
    0x03, 0x00, 0x00, 0x77, 0xFF, 0xF7, 0x00, 0x00, 0x00, 0x1D, 0xFF, 0xFD, 0xC0, 0x39, 0xF7, 0xDF,
    0x38, 0x00, 0x00, 0x00, 0x03, 0x9F, 0x7D, 0xF3, 0xCE, 0x39, 0xC7, 0x1C, 0x00, 0x00, 0x07, 0x80,
    0xFE, 0x1F, 0xE3, 0xFC, 0x7F, 0x83, 0xF0, 0x1E, 0x00, 0xFE, 0x03, 0xFC, 0x07, 0xFC, 0x0F, 0xF0,
    0x1F, 0x00, 0x18, 0x00, 0x00, 0x00, 0x0F, 0xFF, 0xFF, 0xFF, 0xFF, 0x00, 0x00, 0x00, 0x00, 0x0F,
    0xFF, 0xFF, 0xFF, 0xFF, 0x40, 0x03, 0xC0, 0x3F, 0x80, 0xFF, 0x01, 0xFE, 0x03, 0xFC, 0x07, 0xE0,
    0x0F, 0x03, 0xF8, 0x7F, 0x9F, 0xF1, 0xFE, 0x07, 0xC0, 0x30, 0x00, 0x00, 0x00, 0x0F, 0xE0, 0xFF,
    0xC7, 0xFF, 0x9E, 0x3E, 0x10, 0x78, 0x01, 0xE0, 0x0F, 0x80, 0xFC, 0x07, 0xE0, 0x3E, 0x00, 0xF0,
    0x03, 0xC0, 0x0F, 0x00, 0x00, 0x00, 0x00, 0x01, 0xC0, 0x0F, 0x80, 0x3E, 0x00, 0xF8, 0x01, 0xC0,
    0x00, 0x3F, 0xE0, 0x00, 0x3F, 0xFF, 0x00, 0x1F, 0xFF, 0xF8, 0x07, 0xF0, 0x3F, 0x81, 0xF8, 0x01,
    0xF8, 0x7C, 0x3F, 0x0F, 0x0F, 0x1F, 0xF9, 0xF3, 0xE7, 0xFF, 0x1E, 0x78, 0xF9, 0xE3, 0xFF, 0x3E,
    0x3C, 0x7F, 0xE7, 0xC7, 0x87, 0xFC, 0xF8, 0xF0, 0xFF, 0x1E, 0x1E, 0x1F, 0xE3, 0xC3, 0xC7, 0xFE,
    0x7C, 0x78, 0xFF, 0xCF, 0x8F, 0x1E, 0xF9, 0xF3, 0xF7, 0xCF, 0x1F, 0xEF, 0xF1, 0xF1, 0xFD, 0xFC,
    0x3E, 0x1E, 0x1F, 0x03, 0xE0, 0x00, 0x00, 0x3F, 0x00, 0x00, 0x03, 0xF8, 0x1C, 0x00, 0x3F, 0xFF,
    0x80, 0x01, 0xFF, 0xF8, 0x00, 0x0F, 0xFC, 0x00, 0x01, 0xF0, 0x00, 0x7F, 0x00, 0x0F, 0xE0, 0x01,
    0xFC, 0x00, 0x7B, 0xC0, 0x0F, 0x78, 0x01, 0xEF, 0x00, 0x78, 0xF0, 0x0F, 0x1E, 0x01, 0xE3, 0xC0,
    0x3C, 0x7C, 0x0F, 0x07, 0x81, 0xFF, 0xF0, 0x3F, 0xFE, 0x0F, 0xFF, 0xE1, 0xE0, 0x3C, 0x3C, 0x07,
    0x8F, 0x80, 0xF9, 0xF0, 0x1F, 0x3C, 0x01, 0xE0, 0xFF, 0xC1, 0xFF, 0xE3, 0xFF, 0xE7, 0xC7, 0xEF,
    0x07, 0xDE, 0x07, 0xBC, 0x1F, 0x7C, 0x7C, 0xFF, 0xF1, 0xFF, 0xE3, 0xFF, 0xF7, 0x83, 0xEF, 0x03,
    0xFE, 0x07, 0xFC, 0x07, 0xF8, 0x1F, 0xF8, 0x7F, 0xFF, 0xFB, 0xFF, 0xE7, 0xFF, 0x00, 0x07, 0xF0,
    0x0F, 0xFC, 0x1F, 0xFE, 0x3F, 0x1C, 0x7C, 0x00, 0x78, 0x00, 0xF8, 0x00, 0xF8, 0x00, 0xF8, 0x00,
    0xF0, 0x00, 0xF0, 0x00, 0xF8, 0x00, 0xF8, 0x00, 0xF8, 0x00, 0x78, 0x00, 0x7C, 0x00, 0x3F, 0x1C,
    0x3F, 0xFE, 0x0F, 0xFC, 0x07, 0xF0, 0xFF, 0xC0, 0xFF, 0xF0, 0xFF, 0xF8, 0xF8, 0xFC, 0xF0, 0x7C,
    0xF0, 0x3E, 0xF0, 0x3E, 0xF0, 0x1E, 0xF0, 0x1E, 0xF0, 0x1E, 0xF0, 0x1E, 0xF0, 0x1E, 0xF0, 0x1E,
    0xF0, 0x3E, 0xF0, 0x3E, 0xF0, 0x7C, 0xF8, 0xFC, 0xFF, 0xF8, 0xFF, 0xF0, 0xFF, 0xC0, 0xFF, 0xFF,
    0xFF, 0xFF, 0xFF, 0x80, 0xF0, 0x0F, 0x00, 0xF0, 0x0F, 0x00, 0xFF, 0xEF, 0xFE, 0xFF, 0xEF, 0x80,
    0xF0, 0x0F, 0x00, 0xF0, 0x0F, 0x00, 0xF8, 0x0F, 0xFF, 0xFF, 0xFF, 0xFF, 0xFF, 0xFF, 0xFF, 0xFF,
    0xFF, 0x80, 0xF0, 0x0F, 0x00, 0xF0, 0x0F, 0x00, 0xF8, 0x0F, 0xFE, 0xFF, 0xEF, 0xFE, 0xF0, 0x0F,
    0x00, 0xF0, 0x0F, 0x00, 0xF0, 0x0F, 0x00, 0xF0, 0x0F, 0x00, 0x03, 0xF8, 0x07, 0xFF, 0x07, 0xFF,
    0xC7, 0xE1, 0xC7, 0xC0, 0x03, 0xC0, 0x03, 0xE0, 0x01, 0xF0, 0x00, 0xF8, 0x7F, 0x78, 0x3F, 0xBC,
    0x1F, 0xDE, 0x01, 0xEF, 0x80, 0xF7, 0xC0, 0x79, 0xE0, 0x3C, 0xF8, 0x1E, 0x3E, 0x1F, 0x1F, 0xFF,
    0x87, 0xFF, 0xC0, 0xFF, 0x00, 0xF0, 0x1E, 0xF0, 0x1E, 0xF0, 0x1E, 0xF0, 0x1E, 0xF0, 0x1E, 0xF0,
    0x1E, 0xF0, 0x1E, 0xF8, 0x1E, 0xFF, 0xFE, 0xFF, 0xFE, 0xFF, 0xFE, 0xF0, 0x1E, 0xF0, 0x1E, 0xF0,
    0x1E, 0xF0, 0x1E, 0xF0, 0x1E, 0xF0, 0x1E, 0xF0, 0x1E, 0xF0, 0x1E, 0xF0, 0x1E, 0xF7, 0xBD, 0xEF,
    0x7B, 0xDE, 0xF7, 0xBD, 0xEF, 0x7B, 0xDE, 0xF7, 0xBD, 0xE0, 0x0F, 0x07, 0x83, 0xC1, 0xE0, 0xF0,
    0x78, 0x3C, 0x1E, 0x0F, 0x07, 0x83, 0xC1, 0xE0, 0xF0, 0x78, 0x3C, 0x1E, 0x0F, 0x07, 0x83, 0xC1,
    0xE1, 0xF1, 0xF1, 0xF8, 0xF8, 0x30, 0x00, 0x00, 0xF0, 0x1F, 0x78, 0x1F, 0x3C, 0x1F, 0x1E, 0x0F,
    0x0F, 0x0F, 0x87, 0x8F, 0x83, 0xCF, 0x81, 0xE7, 0x80, 0xF7, 0xC0, 0x7F, 0xC0, 0x3D, 0xF0, 0x1E,
    0x7C, 0x0F, 0x3E, 0x07, 0x8F, 0x83, 0xC3, 0xE1, 0xE1, 0xF0, 0xF0, 0x7C, 0x78, 0x1F, 0x3C, 0x0F,
    0x9E, 0x03, 0xE0, 0xF0, 0x07, 0x80, 0x3C, 0x01, 0xE0, 0x0F, 0x00, 0x78, 0x03, 0xC0, 0x1E, 0x00,
    0xF0, 0x07, 0x80, 0x3C, 0x01, 0xE0, 0x0F, 0x00, 0x78, 0x03, 0xC0, 0x1E, 0x00, 0xF8, 0x07, 0xFF,
    0xBF, 0xFD, 0xFF, 0xE0, 0x3F, 0x03, 0xF0, 0xFC, 0x0F, 0xC3, 0xF0, 0x7F, 0x0F, 0xE1, 0xFC, 0x3F,
    0x87, 0xF0, 0xFE, 0x1F, 0xC3, 0xB8, 0xFF, 0x1E, 0xE3, 0xFC, 0x7B, 0xCE, 0xF1, 0xEF, 0x3B, 0xC7,
    0x9D, 0xEF, 0x1E, 0x77, 0xBC, 0x79, 0xFC, 0xF9, 0xE3, 0xF3, 0xE7, 0x8F, 0xCF, 0x9E, 0x3F, 0x3E,
    0x78, 0xF8, 0xF9, 0xE1, 0xE3, 0xE7, 0x80, 0x0F, 0xBE, 0x00, 0x3E, 0xFC, 0x1E, 0xFC, 0x1E, 0xFE,
    0x1E, 0xFE, 0x1E, 0xFE, 0x1E, 0xFF, 0x1E, 0xFF, 0x1E, 0xF7, 0x9E, 0xF7, 0x9E, 0xF3, 0x9E, 0xF3,
    0xDE, 0xF3, 0xDE, 0xF1, 0xFE, 0xF1, 0xFE, 0xF1, 0xFE, 0xF0, 0xFE, 0xF0, 0xFE, 0xF0, 0xFE, 0xF0,
    0x7E, 0xF0, 0x7E, 0x07, 0xF8, 0x03, 0xFF, 0x03, 0xFF, 0xF0, 0xF8, 0x7C, 0x7C, 0x0F, 0x9E, 0x01,
    0xEF, 0x80, 0x7F, 0xE0, 0x1F, 0xF8, 0x07, 0xFC, 0x00, 0xFF, 0x00, 0x3F, 0xE0, 0x1F, 0xF8, 0x07,
    0xFE, 0x01, 0xF7, 0x80, 0x79, 0xF0, 0x3E, 0x3E, 0x1F, 0x0F, 0xFF, 0xC0, 0xFF, 0xC0, 0x1F, 0xE0,
    0xFF, 0xC1, 0xFF, 0xE3, 0xFF, 0xE7, 0xC7, 0xEF, 0x07, 0xDE, 0x07, 0xBC, 0x0F, 0x78, 0x1E, 0xF0,
    0x7D, 0xF1, 0xFB, 0xFF, 0xE7, 0xFF, 0x8F, 0xFC, 0x1E, 0x00, 0x3C, 0x00, 0x78, 0x00, 0xF0, 0x01,
    0xE0, 0x03, 0xC0, 0x07, 0x80, 0x00, 0x07, 0xF8, 0x00, 0xFF, 0xC0, 0x3F, 0xFF, 0x03, 0xE1, 0xF0,
    0x7C, 0x0F, 0x87, 0x80, 0x78, 0xF8, 0x07, 0xCF, 0x80, 0x7C, 0xF8, 0x07, 0xCF, 0x00, 0x3C, 0xF0,
    0x03, 0xCF, 0x80, 0x7C, 0xF8, 0x07, 0xCF, 0x80, 0x7C, 0x78, 0x07, 0x87, 0xC0, 0xF8, 0x3E, 0x1F,
    0x03, 0xFF, 0xE0, 0x1F, 0xFF, 0x00, 0x7F, 0xFC, 0x00, 0x0F, 0xE0, 0x00, 0x3C, 0x00, 0x01, 0xC0,
    0x00, 0x00, 0xFF, 0xE0, 0xFF, 0xF0, 0xFF, 0xF8, 0xF8, 0xFC, 0xF0, 0x7C, 0xF0, 0x3C, 0xF0, 0x3C,
    0xF0, 0x3C, 0xF0, 0xFC, 0xFF, 0xF8, 0xFF, 0xF0, 0xFF, 0xE0, 0xF9, 0xE0, 0xF1, 0xF0, 0xF0, 0xF0,
    0xF0, 0xF8, 0xF0, 0x7C, 0xF0, 0x7C, 0xF0, 0x3E, 0xF0, 0x3E, 0x07, 0xF0, 0x1F, 0xFC, 0x3F, 0xFE,
    0x7E, 0x3C, 0x7C, 0x08, 0x78, 0x00, 0x7C, 0x00, 0x7F, 0x00, 0x3F, 0xE0, 0x1F, 0xF8, 0x07, 0xFC,
    0x00, 0xFE, 0x00, 0x3E, 0x00, 0x1E, 0x00, 0x1E, 0x20, 0x3E, 0x7C, 0x7E, 0xFF, 0xFC, 0x3F, 0xF8,
    0x0F, 0xE0, 0xFF, 0xFF, 0xFF, 0xFF, 0xFF, 0xFF, 0x03, 0xE0, 0x03, 0xC0, 0x03, 0xC0, 0x03, 0xC0,
    0x03, 0xC0, 0x03, 0xC0, 0x03, 0xC0, 0x03, 0xC0, 0x03, 0xC0, 0x03, 0xC0, 0x03, 0xC0, 0x03, 0xC0,
    0x03, 0xC0, 0x03, 0xC0, 0x03, 0xC0, 0x03, 0xC0, 0x03, 0xC0, 0xF0, 0x1E, 0xF0, 0x1E, 0xF0, 0x1E,
    0xF0, 0x1E, 0xF0, 0x1E, 0xF0, 0x1E, 0xF0, 0x1E, 0xF0, 0x1E, 0xF0, 0x1E, 0xF0, 0x1E, 0xF0, 0x1E,
    0xF0, 0x1E, 0xF0, 0x1E, 0xF0, 0x1E, 0xF8, 0x1E, 0xF8, 0x3E, 0x7C, 0x7E, 0x7F, 0xFC, 0x3F, 0xF8,
    0x0F, 0xE0, 0x7C, 0x07, 0xDF, 0x01, 0xE7, 0xC0, 0x78, 0xF0, 0x3E, 0x3E, 0x0F, 0x8F, 0x83, 0xC1,
    0xE0, 0xF0, 0x78, 0x7C, 0x1F, 0x1E, 0x07, 0xC7, 0x80, 0xF1, 0xE0, 0x3C, 0x78, 0x0F, 0xBC, 0x01,
    0xEF, 0x00, 0x7B, 0xC0, 0x1F, 0xE0, 0x03, 0xF8, 0x00, 0xFE, 0x00, 0x3F, 0x80, 0x0F, 0xC0, 0xF8,
    0x3E, 0x0F, 0x3C, 0x1F, 0x07, 0x9E, 0x1F, 0x83, 0xCF, 0x0F, 0xC3, 0xE7, 0x87, 0xE1, 0xE3, 0xE3,
    0xF8, 0xF1, 0xF1, 0xDC, 0x78, 0x78, 0xEE, 0x3C, 0x3C, 0xF7, 0x1E, 0x1E, 0x73, 0x9F, 0x0F, 0x39,
    0xEF, 0x07, 0x9C, 0xF7, 0x83, 0xEE, 0x3B, 0xC0, 0xFF, 0x1D, 0xE0, 0x7F, 0x0E, 0xF0, 0x3F, 0x87,
    0xF8, 0x1F, 0xC3, 0xF8, 0x0F, 0xE1, 0xFC, 0x07, 0xF0, 0x7E, 0x01, 0xF8, 0x3F, 0x00, 0x3C, 0x0F,
    0x8F, 0x83, 0xC1, 0xE1, 0xF0, 0x7C, 0x78, 0x0F, 0x3E, 0x03, 0xEF, 0x00, 0x7F, 0xC0, 0x0F, 0xE0,
    0x03, 0xF0, 0x00, 0xFC, 0x00, 0x3F, 0x80, 0x1F, 0xE0, 0x07, 0xFC, 0x03, 0xEF, 0x00, 0xF3, 0xE0,
    0x7C, 0x78, 0x1E, 0x1F, 0x0F, 0x83, 0xC3, 0xC0, 0xF9, 0xF0, 0x1F, 0x7C, 0x07, 0xDF, 0x03, 0xE3,
    0xC0, 0xF8, 0xF8, 0x3C, 0x1E, 0x1F, 0x07, 0xC7, 0x80, 0xF3, 0xE0, 0x3E, 0xF0, 0x07, 0xF8, 0x01,
    0xFE, 0x00, 0x3F, 0x00, 0x0F, 0xC0, 0x01, 0xE0, 0x00, 0x78, 0x00, 0x1E, 0x00, 0x07, 0x80, 0x01,
    0xE0, 0x00, 0x78, 0x00, 0x1E, 0x00, 0x07, 0x80, 0x7F, 0xFC, 0xFF, 0xF9, 0xFF, 0xF0, 0x03, 0xE0,
    0x0F, 0x80, 0x1F, 0x00, 0x7C, 0x01, 0xF0, 0x03, 0xE0, 0x0F, 0x80, 0x3E, 0x00, 0x7C, 0x01, 0xF0,
    0x07, 0xC0, 0x0F, 0x80, 0x3E, 0x00, 0xFC, 0x01, 0xFF, 0xFB, 0xFF, 0xF7, 0xFF, 0xE0, 0xFF, 0xFF,
    0xFF, 0xF8, 0xF0, 0xF0, 0xF0, 0xF0, 0xF0, 0xF0, 0xF0, 0xF0, 0xF0, 0xF0, 0xF0, 0xF0, 0xF0, 0xF0,
    0xF0, 0xF0, 0xF0, 0xF0, 0xF0, 0xF0, 0xF8, 0xFF, 0xFF, 0xFF, 0x30, 0x1E, 0x01, 0xE0, 0x3C, 0x07,
    0x80, 0xF0, 0x0F, 0x01, 0xE0, 0x3C, 0x07, 0xC0, 0x78, 0x0F, 0x01, 0xE0, 0x3E, 0x03, 0xC0, 0x78,
    0x0F, 0x00, 0xF0, 0x1E, 0x03, 0xC0, 0x78, 0x07, 0x80, 0xF0, 0x1E, 0x03, 0xC0, 0x3C, 0x07, 0x00,
    0x00, 0xFF, 0x7F, 0xBF, 0xC1, 0xE0, 0xF0, 0x78, 0x3C, 0x1E, 0x0F, 0x07, 0x83, 0xC1, 0xE0, 0xF0,
    0x78, 0x3C, 0x1E, 0x0F, 0x07, 0x83, 0xC1, 0xE0, 0xF0, 0x78, 0x3C, 0x1E, 0x0F, 0x7F, 0xBF, 0xDF,
    0xE0, 0x03, 0xC0, 0x07, 0xE0, 0x07, 0xE0, 0x0F, 0xF0, 0x0F, 0xF0, 0x1E, 0x78, 0x1E, 0x7C, 0x3C,
    0x3C, 0x7C, 0x3E, 0x78, 0x1E, 0x00, 0x01, 0xFF, 0xFF, 0xFF, 0xFF, 0xFF, 0xF0, 0x00, 0x18, 0x1F,
    0x0F, 0xC3, 0xF8, 0x78, 0x04, 0x1F, 0xC0, 0xFF, 0xE0, 0xFF, 0xE1, 0x87, 0xC0, 0x0F, 0x80, 0x0F,
    0x07, 0xFE, 0x1F, 0xFC, 0x7C, 0xF9, 0xF0, 0xF3, 0xC1, 0xE7, 0xC7, 0xCF, 0x9F, 0x9F, 0xFF, 0x9F,
    0xEF, 0x1F, 0x8E, 0x00, 0x03, 0xC0, 0x0F, 0x00, 0x3C, 0x00, 0xF0, 0x03, 0xC0, 0x0F, 0x00, 0x3C,
    0xF8, 0xFF, 0xF3, 0xFF, 0xEF, 0xCF, 0xBE, 0x1F, 0xF0, 0x7F, 0xC1, 0xFF, 0x03, 0xFC, 0x0F, 0xF0,
    0x7F, 0xC1, 0xFF, 0x87, 0xFF, 0x3E, 0xFF, 0xFB, 0xFF, 0xCF, 0x3C, 0x00, 0x0F, 0xE0, 0xFF, 0x8F,
    0xFC, 0xF8, 0xC7, 0x80, 0x7C, 0x03, 0xE0, 0x1E, 0x00, 0xF0, 0x07, 0xC0, 0x3E, 0x01, 0xF0, 0x07,
    0xC6, 0x1F, 0xF8, 0x7F, 0xC1, 0xFC, 0x00, 0x00, 0x00, 0x78, 0x00, 0xF0, 0x01, 0xE0, 0x03, 0xC0,
    0x07, 0x80, 0x0F, 0x07, 0xDE, 0x3F, 0xFC, 0xFF, 0xF9, 0xF1, 0xF7, 0xC1, 0xEF, 0x83, 0xDF, 0x07,
    0xBC, 0x0F, 0x78, 0x1E, 0xF8, 0x3D, 0xF0, 0x7B, 0xE0, 0xF3, 0xE7, 0xE7, 0xFF, 0xC7, 0xFF, 0x87,
    0xCF, 0x00, 0x0F, 0xC0, 0x7F, 0xC3, 0xFF, 0x9F, 0x3E, 0x78, 0x7F, 0xE0, 0xFF, 0xFF, 0xFF, 0xFF,
    0xFF, 0xFF, 0xE0, 0x0F, 0x80, 0x3E, 0x00, 0x7C, 0x30, 0xFF, 0xE1, 0xFF, 0x83, 0xF8, 0x00, 0x00,
    0x3F, 0x83, 0xFE, 0x3F, 0xE1, 0xF0, 0x0F, 0x00, 0x78, 0x1F, 0xFC, 0xFF, 0xE7, 0xFF, 0x07, 0xC0,
    0x3C, 0x01, 0xE0, 0x0F, 0x00, 0x78, 0x03, 0xC0, 0x1E, 0x00, 0xF0, 0x07, 0x80, 0x3C, 0x01, 0xE0,
    0x0F, 0x00, 0x78, 0x00, 0x00, 0x06, 0x00, 0x1E, 0x0F, 0xFE, 0x3F, 0xFE, 0x3F, 0xF0, 0x7C, 0x78,
    0x78, 0x7C, 0x78, 0x3C, 0x78, 0x7C, 0x7C, 0xFC, 0x3F, 0xF8, 0x1F, 0xF0, 0x3F, 0xE0, 0x78, 0x00,
    0x7C, 0x00, 0x7F, 0xF8, 0x7F, 0xFC, 0x1F, 0xFE, 0x00, 0x3E, 0xF0, 0x3E, 0xF8, 0x3E, 0xFF, 0xFC,
    0x7F, 0xF8, 0x1F, 0xF0, 0x00, 0x07, 0x80, 0x3C, 0x01, 0xE0, 0x0F, 0x00, 0x78, 0x03, 0xC0, 0x1E,
    0x7C, 0xFF, 0xF7, 0xFF, 0xFF, 0x3F, 0xF1, 0xFF, 0x07, 0xF8, 0x3F, 0xC1, 0xFE, 0x0F, 0xF0, 0x7F,
    0x83, 0xFC, 0x1F, 0xE0, 0xFF, 0x07, 0xF8, 0x3F, 0xC1, 0xE0, 0x77, 0xFF, 0xF7, 0x00, 0x00, 0x7B,
    0xDE, 0xF7, 0xBD, 0xEF, 0x7B, 0xDE, 0xF7, 0xBD, 0xEF, 0x0E, 0x1F, 0x1F, 0x1F, 0x0E, 0x00, 0x00,
    0x00, 0x0F, 0x0F, 0x0F, 0x0F, 0x0F, 0x0F, 0x0F, 0x0F, 0x0F, 0x0F, 0x0F, 0x0F, 0x0F, 0x0F, 0x0F,
    0x1F, 0x1F, 0x3E, 0x7E, 0xFC, 0x78, 0x60, 0x30, 0x01, 0xE0, 0x03, 0xC0, 0x07, 0x80, 0x0F, 0x00,
    0x1E, 0x00, 0x3C, 0x00, 0x78, 0x3C, 0xF0, 0xF9, 0xE1, 0xE3, 0xC7, 0x87, 0x9F, 0x0F, 0x3C, 0x1F,
    0xF0, 0x3F, 0xE0, 0x7B, 0xE0, 0xF3, 0xC1, 0xE7, 0xC3, 0xC7, 0xC7, 0x8F, 0x8F, 0x0F, 0x9E, 0x1F,
    0x3C, 0x1F, 0x00, 0x01, 0xE3, 0xC7, 0x8F, 0x1E, 0x3C, 0x78, 0xF1, 0xE3, 0xC7, 0x8F, 0x1E, 0x3C,
    0x78, 0xF1, 0xE3, 0xC7, 0xCF, 0xCF, 0xCF, 0x80, 0xF3, 0xC3, 0xC7, 0xBF, 0x3F, 0x3F, 0xFF, 0xFD,
    0xFB, 0xFB, 0xEF, 0x8F, 0x8F, 0x78, 0x78, 0x7B, 0xC3, 0xC3, 0xDE, 0x1E, 0x1E, 0xF0, 0xF0, 0xF7,
    0x87, 0x87, 0xBC, 0x3C, 0x3D, 0xE1, 0xE1, 0xEF, 0x0F, 0x0F, 0x78, 0x78, 0x7B, 0xC3, 0xC3, 0xDE,
    0x1E, 0x1E, 0xF3, 0xE7, 0xBF, 0xBF, 0xFF, 0xF9, 0xFF, 0x8F, 0xF8, 0x3F, 0xC1, 0xFE, 0x0F, 0xF0,
    0x7F, 0x83, 0xFC, 0x1F, 0xE0, 0xFF, 0x07, 0xF8, 0x3F, 0xC1, 0xFE, 0x0F, 0x0F, 0xE0, 0x3F, 0xE0,
    0xFF, 0xE3, 0xE3, 0xE7, 0x83, 0xFF, 0x07, 0xFE, 0x0F, 0xF8, 0x0F, 0xF0, 0x1F, 0xF0, 0x7F, 0xE0,
    0xFF, 0xC1, 0xE7, 0xC7, 0xC7, 0xFF, 0x07, 0xFC, 0x07, 0xF0, 0xF3, 0xE3, 0xDF, 0xCF, 0xFF, 0xBF,
    0x3E, 0xF8, 0x7F, 0xC1, 0xFF, 0x07, 0xFC, 0x0F, 0xF0, 0x3F, 0xC1, 0xFF, 0x07, 0xFE, 0x1F, 0xFC,
    0xFB, 0xFF, 0xEF, 0xFF, 0x3C, 0xF8, 0xF0, 0x03, 0xC0, 0x0F, 0x00, 0x3C, 0x00, 0xF0, 0x03, 0xC0,
    0x00, 0x0F, 0xBC, 0x7F, 0xF9, 0xFF, 0xF3, 0xE3, 0xEF, 0x83, 0xDF, 0x07, 0xBE, 0x0F, 0x78, 0x1E,
    0xF0, 0x3D, 0xF0, 0x7B, 0xE0, 0xF7, 0xC1, 0xE7, 0xCF, 0xCF, 0xFF, 0x8F, 0xFF, 0x0F, 0x9E, 0x00,
    0x3C, 0x00, 0x78, 0x00, 0xF0, 0x01, 0xE0, 0x03, 0xC0, 0x07, 0x80, 0xF3, 0xFD, 0xFF, 0xFB, 0xFE,
    0xFC, 0x3E, 0x0F, 0x83, 0xE0, 0xF0, 0x3C, 0x0F, 0x03, 0xC0, 0xF0, 0x3C, 0x0F, 0x03, 0xC0, 0x0F,
    0xC0, 0xFF, 0xC7, 0xFF, 0x9F, 0x1C, 0x7C, 0x01, 0xF0, 0x07, 0xF8, 0x0F, 0xF8, 0x0F, 0xF0, 0x07,
    0xE0, 0x07, 0x80, 0x1E, 0x78, 0xFB, 0xFF, 0xE7, 0xFF, 0x07, 0xF0, 0x1E, 0x00, 0xF0, 0x07, 0x80,
    0x3C, 0x0F, 0xFE, 0x7F, 0xF3, 0xFF, 0x83, 0xE0, 0x1E, 0x00, 0xF0, 0x07, 0x80, 0x3C, 0x01, 0xE0,
    0x0F, 0x00, 0x78, 0x03, 0xE0, 0x1F, 0x20, 0xFF, 0x03, 0xFC, 0x0F, 0xC0, 0xF0, 0x7F, 0x83, 0xFC,
    0x1F, 0xE0, 0xFF, 0x07, 0xF8, 0x3F, 0xC1, 0xFE, 0x0F, 0xF0, 0x7F, 0x83, 0xFC, 0x1F, 0xF1, 0xFF,
    0x9F, 0xFF, 0xFD, 0xFD, 0xE7, 0xCF, 0x7C, 0x1F, 0x7C, 0x1F, 0x3C, 0x1E, 0x3C, 0x1E, 0x3E, 0x3E,
    0x1E, 0x3C, 0x1E, 0x3C, 0x1E, 0x3C, 0x1F, 0x78, 0x0F, 0x78, 0x0F, 0x78, 0x0F, 0xF0, 0x07, 0xF0,
    0x07, 0xF0, 0x07, 0xF0, 0x03, 0xE0, 0xF8, 0x78, 0x7B, 0xE3, 0xE1, 0xE7, 0x8F, 0xC7, 0x9E, 0x3F,
    0x1E, 0x78, 0xFC, 0x79, 0xE3, 0xF3, 0xC7, 0x9D, 0xCF, 0x0F, 0x77, 0x3C, 0x3D, 0xCE, 0xF0, 0xF7,
    0x3B, 0xC3, 0xDC, 0xEE, 0x07, 0xF3, 0xF8, 0x1F, 0x8F, 0xE0, 0x7E, 0x3F, 0x81, 0xF8, 0x7E, 0x07,
    0xE1, 0xF0, 0x7C, 0x3E, 0x3E, 0x3C, 0x1E, 0x3C, 0x1F, 0x78, 0x0F, 0x78, 0x0F, 0xF0, 0x07, 0xF0,
    0x03, 0xE0, 0x07, 0xF0, 0x07, 0xF0, 0x0F, 0xF8, 0x1F, 0x78, 0x1E, 0x7C, 0x3E, 0x3E, 0x3C, 0x3E,
    0x7C, 0x1F, 0x7C, 0x1F, 0x7C, 0x1F, 0x3C, 0x1E, 0x3C, 0x1E, 0x3E, 0x3E, 0x3E, 0x3C, 0x1E, 0x3C,
    0x1E, 0x3C, 0x1E, 0x78, 0x0F, 0x78, 0x0F, 0x78, 0x0F, 0x70, 0x07, 0xF0, 0x07, 0xF0, 0x07, 0xF0,
    0x07, 0xE0, 0x01, 0xE0, 0x03, 0xC0, 0x07, 0xC0, 0x3F, 0x80, 0x3F, 0x00, 0x3C, 0x00, 0x7F, 0xF3,
    0xFF, 0x9F, 0xFC, 0x03, 0xE0, 0x3E, 0x01, 0xE0, 0x1F, 0x01, 0xF0, 0x0F, 0x00, 0xF0, 0x0F, 0x80,
    0xF8, 0x07, 0xC0, 0x7F, 0xFB, 0xFF, 0xDF, 0xFE, 0x0F, 0x8F, 0xCF, 0xE7, 0xC3, 0xC1, 0xE0, 0xF0,
    0x78, 0x3C, 0x1E, 0x0F, 0x07, 0x87, 0xC7, 0xC3, 0xC1, 0xF0, 0x7C, 0x1E, 0x0F, 0x07, 0x83, 0xC1,
    0xE0, 0xF0, 0x78, 0x3C, 0x1F, 0x0F, 0xE3, 0xF0, 0xF8, 0xF7, 0xBD, 0xEF, 0x7B, 0xDE, 0xF7, 0xBD,
    0xEF, 0x7B, 0xDE, 0xF7, 0xBD, 0xEF, 0x7B, 0xDE, 0xF7, 0xBC, 0xF8, 0x7E, 0x3F, 0x87, 0xC1, 0xE0,
    0xF0, 0x78, 0x3C, 0x1E, 0x0F, 0x07, 0x83, 0xE1, 0xF0, 0x7C, 0x1E, 0x1F, 0x1F, 0x0F, 0x87, 0x83,
    0xC1, 0xE0, 0xF0, 0x78, 0x3C, 0x1E, 0x1F, 0x3F, 0x9F, 0x8F, 0x80, 0x1E, 0x00, 0x7F, 0x39, 0xFF,
    0xF3, 0x9F, 0xC2, 0x1F, 0x00, 0x73, 0xEF, 0xBE, 0x70, 0x00, 0x00, 0x79, 0xE7, 0x9E, 0x79, 0xE7,
    0x9E, 0x79, 0xE7, 0x9E, 0x78, 0x00, 0x00, 0x06, 0x0C, 0x0F, 0x1E, 0x1E, 0x1E, 0x3E, 0x3C, 0x7C,
    0x7C, 0x7C, 0xF8, 0xF9, 0xF0, 0xF1, 0xF0, 0xF9, 0xF0, 0xF8, 0xF8, 0x7C, 0x7C, 0x3E, 0x7C, 0x1E,
    0x3E, 0x0F, 0x1E, 0x0E, 0x0E, 0x00, 0x00, 0x1E, 0x1F, 0xE7, 0x3B, 0x87, 0xE1, 0xF8, 0x7E, 0x1D,
    0xCE, 0x7F, 0x87, 0x80, 0x77, 0xFF, 0xF7, 0x00, 0x00, 0x03, 0xFC, 0x7F, 0xE7, 0x9E, 0xF0, 0xFF,
    0x0F, 0xF0, 0xFF, 0x0F, 0xF0, 0xFF, 0x9F, 0x7F, 0xE3, 0xFC, 0x1F, 0x80, 0x00, 0x00, 0x00, 0x00,
    0x00, 0x00, 0x00, 0xFF, 0xFF, 0xFF, 0xFF, 0xF0, 0x00, 0x00, 0x60, 0x60, 0xF0, 0xF0, 0x78, 0xF0,
    0x7C, 0x78, 0x3E, 0x7C, 0x3E, 0x3E, 0x1F, 0x3F, 0x0F, 0x1F, 0x1F, 0x1F, 0x1F, 0x3E, 0x3E, 0x7C,
    0x7C, 0x7C, 0x78, 0xF8, 0xF0, 0xF0, 0x60, 0xE0, 0x00, 0x00, 0x03, 0x80, 0x1F, 0x00, 0x7C, 0x01,
    0xF0, 0x03, 0x80, 0x00, 0x00, 0x00, 0x00, 0x00, 0x07, 0x80, 0x1E, 0x00, 0xF8, 0x07, 0xE0, 0x3F,
    0x01, 0xF8, 0x0F, 0x80, 0x3E, 0x00, 0xF8, 0x23, 0xE3, 0xE7, 0xFF, 0x9F, 0xFC, 0x1F, 0xC0, 0x00,
    0x00, 0x00, 0x70, 0x00, 0x0F, 0x80, 0x01, 0xFC, 0x00, 0x1F, 0x80, 0x00, 0x70, 0x00, 0x00, 0x00,
    0x00, 0x00, 0x01, 0xF0, 0x00, 0x7F, 0x00, 0x0F, 0xE0, 0x01, 0xFC, 0x00, 0x7B, 0xC0, 0x0F, 0x78,
    0x01, 0xEF, 0x00, 0x78, 0xF0, 0x0F, 0x1E, 0x01, 0xE3, 0xC0, 0x3C, 0x7C, 0x0F, 0x07, 0x81, 0xFF,
    0xF0, 0x3F, 0xFE, 0x0F, 0xFF, 0xE1, 0xE0, 0x3C, 0x3C, 0x07, 0x8F, 0x80, 0xF9, 0xF0, 0x1F, 0x3C,
    0x01, 0xE0, 0x00, 0x00, 0x00, 0x07, 0x00, 0x03, 0xE0, 0x01, 0xFC, 0x00, 0x3F, 0x00, 0x07, 0x00,
    0x00, 0x00, 0x00, 0x00, 0x00, 0x01, 0xF0, 0x00, 0x7F, 0x00, 0x0F, 0xE0, 0x01, 0xFC, 0x00, 0x7B,
    0xC0, 0x0F, 0x78, 0x01, 0xEF, 0x00, 0x78, 0xF0, 0x0F, 0x1E, 0x01, 0xE3, 0xC0, 0x3C, 0x7C, 0x0F,
    0x07, 0x81, 0xFF, 0xF0, 0x3F, 0xFE, 0x0F, 0xFF, 0xE1, 0xE0, 0x3C, 0x3C, 0x07, 0x8F, 0x80, 0xF9,
    0xF0, 0x1F, 0x3C, 0x01, 0xE0, 0x00, 0xE0, 0x00, 0x3E, 0x00, 0x0F, 0xE0, 0x03, 0xFE, 0x00, 0xF1,
    0xE0, 0x0C, 0x18, 0x00, 0x00, 0x00, 0x00, 0x00, 0x01, 0xF0, 0x00, 0x7F, 0x00, 0x0F, 0xE0, 0x01,
    0xFC, 0x00, 0x7B, 0xC0, 0x0F, 0x78, 0x01, 0xEF, 0x00, 0x78, 0xF0, 0x0F, 0x1E, 0x01, 0xE3, 0xC0,
    0x3C, 0x7C, 0x0F, 0x07, 0x81, 0xFF, 0xF0, 0x3F, 0xFE, 0x0F, 0xFF, 0xE1, 0xE0, 0x3C, 0x3C, 0x07,
    0x8F, 0x80, 0xF9, 0xF0, 0x1F, 0x3C, 0x01, 0xE0, 0x07, 0x1C, 0x01, 0xE3, 0xC0, 0x3C, 0x78, 0x03,
    0x8E, 0x00, 0x00, 0x00, 0x00, 0x00, 0x00, 0x00, 0x00, 0x0F, 0x80, 0x03, 0xF8, 0x00, 0x7F, 0x00,
    0x0F, 0xE0, 0x03, 0xDE, 0x00, 0x7B, 0xC0, 0x0F, 0x78, 0x03, 0xC7, 0x80, 0x78, 0xF0, 0x0F, 0x1E,
    0x01, 0xE3, 0xE0, 0x78, 0x3C, 0x0F, 0xFF, 0x81, 0xFF, 0xF0, 0x7F, 0xFF, 0x0F, 0x01, 0xE1, 0xE0,
    0x3C, 0x7C, 0x07, 0xCF, 0x80, 0xF9, 0xE0, 0x0F, 0x00, 0x01, 0xE0, 0x00, 0xFC, 0x00, 0x73, 0x80,
    0x1C, 0xE0, 0x07, 0x38, 0x01, 0xFE, 0x00, 0x3F, 0x00, 0x00, 0x00, 0x00, 0x00, 0x00, 0xFC, 0x00,
    0x3F, 0x00, 0x0F, 0xC0, 0x07, 0xF8, 0x01, 0xFE, 0x00, 0x77, 0x80, 0x3C, 0xF0, 0x0F, 0x3C, 0x03,
    0xCF, 0x01, 0xE3, 0xE0, 0x78, 0x78, 0x1E, 0x1E, 0x0F, 0xFF, 0xC3, 0xFF, 0xF0, 0xFF, 0xFC, 0x7C,
    0x0F, 0x9F, 0x03, 0xE7, 0x80, 0x7B, 0xE0, 0x1F, 0xF8, 0x07, 0xC0, 0x00, 0xFF, 0xFE, 0x00, 0x7F,
    0xFF, 0x00, 0x7F, 0xFF, 0x80, 0x3F, 0xC0, 0x00, 0x3F, 0xE0, 0x00, 0x1E, 0xF0, 0x00, 0x0F, 0x7C,
    0x00, 0x0F, 0x1E, 0x00, 0x07, 0x8F, 0xFE, 0x07, 0xC7, 0xFF, 0x03, 0xC3, 0xFF, 0x81, 0xE1, 0xF0,
    0x01, 0xFF, 0xF8, 0x00, 0xFF, 0xFC, 0x00, 0x7F, 0xFE, 0x00, 0x7C, 0x0F, 0x00, 0x3C, 0x07, 0xC0,
    0x3E, 0x01, 0xFF, 0xDF, 0x00, 0xFF, 0xEF, 0x00, 0x7F, 0xF0, 0x03, 0xF8, 0x0F, 0xFC, 0x1F, 0xFE,
    0x3F, 0x1C, 0x7C, 0x00, 0x78, 0x00, 0xF8, 0x00, 0xF8, 0x00, 0xF8, 0x00, 0xF0, 0x00, 0xF0, 0x00,
    0xF0, 0x00, 0xF8, 0x00, 0xF8, 0x00, 0xF8, 0x00, 0x78, 0x00, 0x7C, 0x00, 0x3E, 0x1C, 0x3F, 0xFE,
    0x1F, 0xFE, 0x07, 0xF8, 0x01, 0xC0, 0x01, 0xE0, 0x01, 0xF8, 0x00, 0x78, 0x00, 0x78, 0x03, 0xF8,
    0x03, 0xE0, 0x00, 0x00, 0x18, 0x07, 0x81, 0xFC, 0x3F, 0x01, 0xC0, 0x00, 0x00, 0x00, 0xFF, 0xFF,
    0xFF, 0xFF, 0xFF, 0x80, 0xF0, 0x0F, 0x00, 0xF0, 0x0F, 0x00, 0xFF, 0xEF, 0xFE, 0xFF, 0xEF, 0x80,
    0xF0, 0x0F, 0x00, 0xF0, 0x0F, 0x00, 0xF8, 0x0F, 0xFF, 0xFF, 0xFF, 0xFF, 0x06, 0x00, 0xF8, 0x3F,
    0xC7, 0xFE, 0x79, 0xE2, 0x04, 0x00, 0x00, 0x00, 0xFF, 0xFF, 0xFF, 0xFF, 0xFF, 0x80, 0xF0, 0x0F,
    0x00, 0xF0, 0x0F, 0x00, 0xFF, 0xEF, 0xFE, 0xFF, 0xEF, 0x80, 0xF0, 0x0F, 0x00, 0xF0, 0x0F, 0x00,
    0xF8, 0x0F, 0xFF, 0xFF, 0xFF, 0xFF, 0x00, 0x03, 0x07, 0xCF, 0xEF, 0xC3, 0x80, 0x00, 0x00, 0x3C,
    0x1E, 0x0F, 0x07, 0x83, 0xC1, 0xE0, 0xF0, 0x78, 0x3C, 0x1E, 0x0F, 0x07, 0x83, 0xC1, 0xE0, 0xF0,
    0x78, 0x3C, 0x1E, 0x0F, 0x07, 0x80, 0x06, 0x00, 0xF8, 0x1F, 0xC7, 0xFE, 0x79, 0xE2, 0x06, 0x00,
    0x00, 0x00, 0x0F, 0x00, 0xF0, 0x0F, 0x00, 0xF0, 0x0F, 0x00, 0xF0, 0x0F, 0x00, 0xF0, 0x0F, 0x00,
    0xF0, 0x0F, 0x00, 0xF0, 0x0F, 0x00, 0xF0, 0x0F, 0x00, 0xF0, 0x0F, 0x00, 0xF0, 0x0F, 0x00, 0xF0,
    0x02, 0x00, 0x01, 0xE0, 0x00, 0x7E, 0x00, 0x1F, 0xE0, 0x00, 0xF8, 0x00, 0x04, 0x00, 0x00, 0x00,
    0x1F, 0xE0, 0x0F, 0xFC, 0x0F, 0xFF, 0xC3, 0xE1, 0xF1, 0xF0, 0x3E, 0x78, 0x07, 0xBE, 0x01, 0xFF,
    0x80, 0x7F, 0xE0, 0x1F, 0xF0, 0x03, 0xFC, 0x00, 0xFF, 0x80, 0x7F, 0xE0, 0x1F, 0xF8, 0x07, 0xDE,
    0x01, 0xE7, 0xC0, 0xF8, 0xF8, 0x7C, 0x3F, 0xFF, 0x03, 0xFF, 0x00, 0x7F, 0x80, 0x00, 0x30, 0x00,
    0x1C, 0x00, 0x1F, 0x80, 0x1F, 0xE0, 0x07, 0xC0, 0x00, 0x80, 0x00, 0x00, 0x00, 0x1F, 0xE0, 0x0F,
    0xFC, 0x0F, 0xFF, 0xC3, 0xE1, 0xF1, 0xF0, 0x3E, 0x78, 0x07, 0xBE, 0x01, 0xFF, 0x80, 0x7F, 0xE0,
    0x1F, 0xF0, 0x03, 0xFC, 0x00, 0xFF, 0x80, 0x7F, 0xE0, 0x1F, 0xF8, 0x07, 0xDE, 0x01, 0xE7, 0xC0,
    0xF8, 0xF8, 0x7C, 0x3F, 0xFF, 0x03, 0xFF, 0x00, 0x7F, 0x80, 0x0E, 0x1C, 0x03, 0xCF, 0x00, 0xF3,
    0xC0, 0x38, 0x70, 0x00, 0x00, 0x00, 0x00, 0x00, 0x00, 0x00, 0x1F, 0xE0, 0x0F, 0xFC, 0x0F, 0xFF,
    0xC3, 0xE1, 0xF1, 0xF0, 0x3E, 0x78, 0x07, 0xBE, 0x01, 0xFF, 0x80, 0x7F, 0xE0, 0x1F, 0xF0, 0x03,
    0xFC, 0x00, 0xFF, 0x80, 0x7F, 0xE0, 0x1F, 0xF8, 0x07, 0xDE, 0x01, 0xE7, 0xC0, 0xF8, 0xF8, 0x7C,
    0x3F, 0xFF, 0x03, 0xFF, 0x00, 0x7F, 0x80, 0x00, 0x00, 0x00, 0x07, 0x80, 0x01, 0xE0, 0x00, 0x78,
    0x03, 0xFC, 0x03, 0xFF, 0x83, 0xFF, 0xF0, 0xF9, 0xFC, 0x7C, 0x7F, 0x9E, 0x1D, 0xEF, 0x87, 0x7F,
    0xE3, 0x9F, 0xF8, 0xE7, 0xFC, 0x38, 0xFF, 0x1C, 0x3F, 0xE7, 0x1F, 0xF9, 0xC7, 0xFE, 0xE1, 0xF7,
    0xB8, 0x79, 0xFE, 0x3E, 0x3F, 0x9F, 0x0F, 0xFF, 0xC1, 0xFF, 0xC0, 0x3F, 0xE0, 0x1E, 0x00, 0x07,
    0x80, 0x01, 0xE0, 0x00, 0x00, 0x00, 0x00, 0x00, 0x06, 0x00, 0x0F, 0x80, 0x0F, 0xE0, 0x07, 0xE0,
    0x00, 0xE0, 0x00, 0x00, 0x00, 0x00, 0xF0, 0x1E, 0xF0, 0x1E, 0xF0, 0x1E, 0xF0, 0x1E, 0xF0, 0x1E,
    0xF0, 0x1E, 0xF0, 0x1E, 0xF0, 0x1E, 0xF0, 0x1E, 0xF0, 0x1E, 0xF0, 0x1E, 0xF0, 0x1E, 0xF0, 0x1E,
    0xF0, 0x1E, 0xF8, 0x1E, 0xF8, 0x3E, 0x7C, 0x7E, 0x7F, 0xFC, 0x3F, 0xF8, 0x0F, 0xE0, 0x00, 0x00,
    0x00, 0xE0, 0x03, 0xE0, 0x07, 0xE0, 0x0F, 0xC0, 0x0E, 0x00, 0x00, 0x00, 0x00, 0x00, 0xF0, 0x1E,
    0xF0, 0x1E, 0xF0, 0x1E, 0xF0, 0x1E, 0xF0, 0x1E, 0xF0, 0x1E, 0xF0, 0x1E, 0xF0, 0x1E, 0xF0, 0x1E,
    0xF0, 0x1E, 0xF0, 0x1E, 0xF0, 0x1E, 0xF0, 0x1E, 0xF0, 0x1E, 0xF8, 0x1E, 0xF8, 0x3E, 0x7C, 0x7E,
    0x7F, 0xFC, 0x3F, 0xF8, 0x0F, 0xE0, 0x1C, 0x70, 0x3C, 0x78, 0x3C, 0x78, 0x1C, 0x70, 0x00, 0x00,
    0x00, 0x00, 0x00, 0x00, 0xF0, 0x1E, 0xF0, 0x1E, 0xF0, 0x1E, 0xF0, 0x1E, 0xF0, 0x1E, 0xF0, 0x1E,
    0xF0, 0x1E, 0xF0, 0x1E, 0xF0, 0x1E, 0xF0, 0x1E, 0xF0, 0x1E, 0xF0, 0x1E, 0xF0, 0x1E, 0xF0, 0x1E,
    0xF8, 0x1E, 0xF8, 0x3E, 0x7C, 0x7E, 0x7F, 0xFC, 0x3F, 0xF8, 0x0F, 0xE0, 0x00, 0x00, 0x00, 0x0C,
    0x00, 0x0F, 0x80, 0x0F, 0xE0, 0x07, 0xE0, 0x00, 0xE0, 0x00, 0x00, 0x00, 0x00, 0x00, 0x7C, 0x07,
    0xDF, 0x03, 0xE3, 0xC0, 0xF8, 0xF8, 0x3C, 0x1E, 0x1F, 0x07, 0xC7, 0x80, 0xF3, 0xE0, 0x3E, 0xF0,
    0x07, 0xF8, 0x01, 0xFE, 0x00, 0x3F, 0x00, 0x0F, 0xC0, 0x01, 0xE0, 0x00, 0x78, 0x00, 0x1E, 0x00,
    0x07, 0x80, 0x01, 0xE0, 0x00, 0x78, 0x00, 0x1E, 0x00, 0x07, 0x80, 0x0F, 0xC0, 0x7F, 0xE1, 0xFF,
    0xE3, 0xE7, 0xCF, 0x87, 0x9F, 0x0F, 0x3C, 0x3E, 0x78, 0xF8, 0xF3, 0xE1, 0xE7, 0x83, 0xCF, 0x07,
    0x9F, 0x0F, 0x3F, 0x9E, 0x3F, 0xBC, 0x3F, 0x78, 0x1F, 0xF0, 0x3F, 0xE0, 0x3F, 0xC0, 0xFF, 0x81,
    0xFF, 0x1F, 0xDE, 0x7F, 0x3C, 0xFC, 0x00, 0x00, 0x00, 0x08, 0x00, 0x3C, 0x00, 0x7E, 0x00, 0xFE,
    0x00, 0x3C, 0x00, 0x10, 0x00, 0x00, 0x00, 0x00, 0x3F, 0x81, 0xFF, 0xC1, 0xFF, 0xC3, 0x0F, 0x80,
    0x1F, 0x00, 0x1E, 0x0F, 0xFC, 0x3F, 0xF8, 0xF9, 0xF3, 0xE1, 0xE7, 0x83, 0xCF, 0x8F, 0x9F, 0x3F,
    0x3F, 0xFF, 0x3F, 0xDE, 0x3F, 0x1C, 0x00, 0x00, 0x01, 0x00, 0x0F, 0x00, 0x7E, 0x01, 0xFC, 0x03,
    0xC0, 0x02, 0x00, 0x00, 0x00, 0x00, 0x00, 0x3F, 0x81, 0xFF, 0xC1, 0xFF, 0xC3, 0x0F, 0x80, 0x1F,
    0x00, 0x1E, 0x0F, 0xFC, 0x3F, 0xF8, 0xF9, 0xF3, 0xE1, 0xE7, 0x83, 0xCF, 0x8F, 0x9F, 0x3F, 0x3F,
    0xFF, 0x3F, 0xDE, 0x3F, 0x1C, 0x03, 0x00, 0x0F, 0x00, 0x3F, 0x00, 0xFF, 0x03, 0xCF, 0x07, 0x0E,
    0x00, 0x00, 0x00, 0x00, 0x00, 0x00, 0x3F, 0x81, 0xFF, 0xC1, 0xFF, 0xC3, 0x0F, 0x80, 0x1F, 0x00,
    0x1E, 0x0F, 0xFC, 0x3F, 0xF8, 0xF9, 0xF3, 0xE1, 0xE7, 0x83, 0xCF, 0x8F, 0x9F, 0x3F, 0x3F, 0xFF,
    0x3F, 0xDE, 0x3F, 0x1C, 0x0E, 0x20, 0x3E, 0xE0, 0xFF, 0xC1, 0xDF, 0x01, 0x1C, 0x00, 0x00, 0x00,
    0x00, 0x00, 0x00, 0x1F, 0xC0, 0xFF, 0xE0, 0xFF, 0xE1, 0x87, 0xC0, 0x0F, 0x80, 0x0F, 0x07, 0xFE,
    0x1F, 0xFC, 0x7C, 0xF9, 0xF0, 0xF3, 0xC1, 0xE7, 0xC7, 0xCF, 0x9F, 0x9F, 0xFF, 0x9F, 0xEF, 0x1F,
    0x8E, 0x38, 0x70, 0x79, 0xE0, 0xF3, 0xC1, 0xC3, 0x80, 0x00, 0x00, 0x00, 0x00, 0x00, 0x00, 0x00,
    0x1F, 0xC0, 0xFF, 0xE0, 0xFF, 0xE1, 0x87, 0xC0, 0x0F, 0x80, 0x0F, 0x07, 0xFE, 0x1F, 0xFC, 0x7C,
    0xF9, 0xF0, 0xF3, 0xC1, 0xE7, 0xC7, 0xCF, 0x9F, 0x9F, 0xFF, 0x9F, 0xEF, 0x1F, 0x8E, 0x07, 0x80,
    0x1F, 0x80, 0x7F, 0x80, 0xE7, 0x01, 0xCE, 0x03, 0x9C, 0x03, 0xF0, 0x03, 0xC0, 0x00, 0x00, 0x00,
    0x00, 0x7F, 0x03, 0xFF, 0x87, 0xFF, 0x86, 0x1F, 0x00, 0x3E, 0x00, 0x3C, 0x1F, 0xF8, 0x7F, 0xF1,
    0xF3, 0xE7, 0xC3, 0xCF, 0x07, 0x9F, 0x1F, 0x3E, 0x7E, 0x7F, 0xFE, 0x7F, 0xBC, 0x7E, 0x38, 0x1F,
    0xC3, 0xE0, 0xFF, 0xDF, 0xF0, 0xFF, 0xFF, 0xF1, 0x87, 0xF3, 0xE0, 0x07, 0xC3, 0xE0, 0x0F, 0x83,
    0xC7, 0xFF, 0xFF, 0x9F, 0xFF, 0xFF, 0x7F, 0xFF, 0xFF, 0xF8, 0xF8, 0x03, 0xE1, 0xF0, 0x07, 0xC3,
    0xE0, 0x0F, 0x9F, 0xE1, 0x9F, 0xFF, 0xFF, 0x9F, 0xF3, 0xFF, 0x1F, 0x83, 0xF8, 0x0F, 0xC0, 0xFF,
    0x8F, 0xFC, 0xF8, 0xC7, 0x80, 0x7C, 0x03, 0xE0, 0x1E, 0x00, 0xF0, 0x07, 0xC0, 0x3E, 0x01, 0xF0,
    0x07, 0xC6, 0x3F, 0xF8, 0xFF, 0xC1, 0xFC, 0x03, 0x00, 0x3C, 0x01, 0xF8, 0x03, 0xC0, 0x0E, 0x07,
    0xF0, 0x3F, 0x00, 0x00, 0x00, 0x00, 0x10, 0x00, 0xF0, 0x03, 0xF0, 0x0F, 0xE0, 0x07, 0x80, 0x04,
    0x00, 0x00, 0x00, 0x00, 0x3F, 0x01, 0xFF, 0x0F, 0xFE, 0x7C, 0xF9, 0xE1, 0xFF, 0x83, 0xFF, 0xFF,
    0xFF, 0xFF, 0xFF, 0xFF, 0x80, 0x3E, 0x00, 0xF8, 0x01, 0xF0, 0xC3, 0xFF, 0x87, 0xFE, 0x0F, 0xE0,
    0x00, 0x00, 0x03, 0x00, 0x3C, 0x03, 0xF8, 0x1F, 0xC0, 0x78, 0x00, 0x80, 0x00, 0x00, 0x00, 0x00,
    0x3F, 0x01, 0xFF, 0x0F, 0xFE, 0x7C, 0xF9, 0xE1, 0xFF, 0x83, 0xFF, 0xFF, 0xFF, 0xFF, 0xFF, 0xFF,
    0x80, 0x3E, 0x00, 0xF8, 0x01, 0xF0, 0xC3, 0xFF, 0x87, 0xFE, 0x0F, 0xE0, 0x03, 0x00, 0x1E, 0x00,
    0xFC, 0x07, 0xF8, 0x3C, 0xF0, 0xE1, 0xC0, 0x00, 0x00, 0x00, 0x00, 0x00, 0x3F, 0x01, 0xFF, 0x0F,
    0xFE, 0x7C, 0xF9, 0xE1, 0xFF, 0x83, 0xFF, 0xFF, 0xFF, 0xFF, 0xFF, 0xFF, 0x80, 0x3E, 0x00, 0xF8,
    0x01, 0xF0, 0xC3, 0xFF, 0x87, 0xFE, 0x0F, 0xE0, 0x38, 0x70, 0xF3, 0xC3, 0xCF, 0x0E, 0x1C, 0x00,
    0x00, 0x00, 0x00, 0x00, 0x00, 0x00, 0x0F, 0xC0, 0x7F, 0xC3, 0xFF, 0x9F, 0x3E, 0x78, 0x7F, 0xE0,
    0xFF, 0xFF, 0xFF, 0xFF, 0xFF, 0xFF, 0xE0, 0x0F, 0x80, 0x3E, 0x00, 0x7C, 0x70, 0xFF, 0xE1, 0xFF,
    0x83, 0xF8, 0x20, 0x38, 0x1F, 0x0F, 0xE1, 0xF0, 0x38, 0x00, 0x00, 0x00, 0x1E, 0x0F, 0x07, 0x83,
    0xC1, 0xE0, 0xF0, 0x78, 0x3C, 0x1E, 0x0F, 0x07, 0x83, 0xC1, 0xE0, 0xF0, 0x78, 0x3C, 0x00, 0x02,
    0x07, 0x0F, 0xCF, 0xEF, 0xC3, 0x00, 0x00, 0x00, 0x00, 0x1E, 0x0F, 0x07, 0x83, 0xC1, 0xE0, 0xF0,
    0x78, 0x3C, 0x1E, 0x0F, 0x07, 0x83, 0xC1, 0xE0, 0xF0, 0x78, 0x3C, 0x00, 0x0F, 0x01, 0xF8, 0x3F,
    0xC7, 0x9E, 0x70, 0x60, 0x00, 0x00, 0x00, 0x00, 0x0F, 0x00, 0xF0, 0x0F, 0x00, 0xF0, 0x0F, 0x00,
    0xF0, 0x0F, 0x00, 0xF0, 0x0F, 0x00, 0xF0, 0x0F, 0x00, 0xF0, 0x0F, 0x00, 0xF0, 0x0F, 0x00, 0xF0,
    0x71, 0xDE, 0x3F, 0xC7, 0xB8, 0xE0, 0x00, 0x00, 0x00, 0x00, 0x78, 0x0F, 0x01, 0xE0, 0x3C, 0x07,
    0x80, 0xF0, 0x1E, 0x03, 0xC0, 0x78, 0x0F, 0x01, 0xE0, 0x3C, 0x07, 0x80, 0xF0, 0x1E, 0x03, 0xC0,
    0x00, 0x00, 0xF3, 0x0F, 0xFC, 0x7F, 0xC3, 0x3C, 0x00, 0x00, 0x00, 0x00, 0x00, 0xF3, 0xE7, 0xBF,
    0xBF, 0xFF, 0xF9, 0xFF, 0x8F, 0xF8, 0x3F, 0xC1, 0xFE, 0x0F, 0xF0, 0x7F, 0x83, 0xFC, 0x1F, 0xE0,
    0xFF, 0x07, 0xF8, 0x3F, 0xC1, 0xFE, 0x0F, 0x00, 0x00, 0x0C, 0x00, 0x3E, 0x00, 0x7E, 0x00, 0x7F,
    0x00, 0x3C, 0x00, 0x08, 0x00, 0x00, 0x00, 0x00, 0x1F, 0xC0, 0x7F, 0xC1, 0xFF, 0xC7, 0xC7, 0xCF,
    0x07, 0xFE, 0x0F, 0xFC, 0x1F, 0xF0, 0x1F, 0xE0, 0x3F, 0xE0, 0xFF, 0xC1, 0xFF, 0x83, 0xCF, 0x8F,
    0x8F, 0xFE, 0x0F, 0xF8, 0x0F, 0xE0, 0x00, 0x00, 0x01, 0x80, 0x07, 0x80, 0x3F, 0x01, 0xFC, 0x01,
    0xE0, 0x02, 0x00, 0x00, 0x00, 0x00, 0x00, 0x1F, 0xC0, 0x7F, 0xC1, 0xFF, 0xC7, 0xC7, 0xCF, 0x07,
    0xFE, 0x0F, 0xFC, 0x1F, 0xF0, 0x1F, 0xE0, 0x3F, 0xE0, 0xFF, 0xC1, 0xFF, 0x83, 0xCF, 0x8F, 0x8F,
    0xFE, 0x0F, 0xF8, 0x0F, 0xE0, 0x03, 0x80, 0x0F, 0x80, 0x3F, 0x80, 0xFF, 0x83, 0xEF, 0x83, 0x06,
    0x00, 0x00, 0x00, 0x00, 0x00, 0x00, 0x1F, 0xC0, 0x7F, 0xC1, 0xFF, 0xC7, 0xC7, 0xCF, 0x07, 0xFE,
    0x0F, 0xFC, 0x1F, 0xF0, 0x1F, 0xE0, 0x3F, 0xE0, 0xFF, 0xC1, 0xFF, 0x83, 0xCF, 0x8F, 0x8F, 0xFE,
    0x0F, 0xF8, 0x0F, 0xE0, 0x0E, 0x30, 0x3F, 0x70, 0xFF, 0xE1, 0xDF, 0x81, 0x8E, 0x00, 0x00, 0x00,
    0x00, 0x00, 0x00, 0x0F, 0xE0, 0x3F, 0xE0, 0xFF, 0xE3, 0xE3, 0xE7, 0x83, 0xFF, 0x07, 0xFE, 0x0F,
    0xF8, 0x0F, 0xF0, 0x1F, 0xF0, 0x7F, 0xE0, 0xFF, 0xC1, 0xE7, 0xC7, 0xC7, 0xFF, 0x07, 0xFC, 0x07,
    0xF0, 0x1C, 0x70, 0x78, 0xF0, 0xF1, 0xE0, 0xE3, 0x80, 0x00, 0x00, 0x00, 0x00, 0x00, 0x00, 0x00,
    0x0F, 0xE0, 0x3F, 0xE0, 0xFF, 0xE3, 0xE3, 0xE7, 0x83, 0xFF, 0x07, 0xFE, 0x0F, 0xF8, 0x0F, 0xF0,
    0x1F, 0xF0, 0x7F, 0xE0, 0xFF, 0xC1, 0xE7, 0xC7, 0xC7, 0xFF, 0x07, 0xFC, 0x07, 0xF0, 0x00, 0x00,
    0x00, 0xF0, 0x01, 0xE0, 0x03, 0x80, 0xFF, 0x03, 0xFE, 0x0F, 0xFE, 0x3E, 0x7E, 0x79, 0xFD, 0xF3,
    0x7F, 0xE6, 0xFF, 0x8C, 0xFF, 0x39, 0xFF, 0x67, 0xFE, 0xCF, 0xBF, 0x9E, 0x7E, 0x7C, 0x7F, 0xF0,
    0x7F, 0xC0, 0xFF, 0x01, 0xC0, 0x07, 0x80, 0x0F, 0x00, 0x00, 0x00, 0x08, 0x00, 0x70, 0x07, 0xC0,
    0x3F, 0x80, 0x7E, 0x00, 0x60, 0x00, 0x00, 0x00, 0x00, 0x07, 0x83, 0xFC, 0x1F, 0xE0, 0xFF, 0x07,
    0xF8, 0x3F, 0xC1, 0xFE, 0x0F, 0xF0, 0x7F, 0x83, 0xFC, 0x1F, 0xE0, 0xFF, 0x8F, 0xFC, 0xFF, 0xFF,
    0xEF, 0xEF, 0x3E, 0x78, 0x00, 0x80, 0x1C, 0x01, 0xF0, 0x3F, 0x81, 0xF0, 0x0E, 0x00, 0x00, 0x00,
    0x00, 0x00, 0x07, 0x83, 0xFC, 0x1F, 0xE0, 0xFF, 0x07, 0xF8, 0x3F, 0xC1, 0xFE, 0x0F, 0xF0, 0x7F,
    0x83, 0xFC, 0x1F, 0xE0, 0xFF, 0x8F, 0xFC, 0xFF, 0xFF, 0xEF, 0xEF, 0x3E, 0x78, 0x38, 0xE3, 0xC7,
    0x9E, 0x3C, 0x71, 0xC0, 0x00, 0x00, 0x00, 0x00, 0x00, 0x00, 0xF0, 0x7F, 0x83, 0xFC, 0x1F, 0xE0,
    0xFF, 0x07, 0xF8, 0x3F, 0xC1, 0xFE, 0x0F, 0xF0, 0x7F, 0x83, 0xFC, 0x1F, 0xF1, 0xFF, 0x9F, 0xFF,
    0xFD, 0xFD, 0xE7, 0xCF, 0x00, 0x20, 0x00, 0xE0, 0x01, 0xF0, 0x07, 0xF0, 0x07, 0xC0, 0x07, 0x00,
    0x00, 0x00, 0x00, 0x00, 0x00, 0x00, 0x7C, 0x1F, 0x7C, 0x1F, 0x3C, 0x1E, 0x3C, 0x1E, 0x3E, 0x3E,
    0x3E, 0x3C, 0x1E, 0x3C, 0x1E, 0x3C, 0x1E, 0x78, 0x0F, 0x78, 0x0F, 0x78, 0x0F, 0x70, 0x07, 0xF0,
    0x07, 0xF0, 0x07, 0xF0, 0x07, 0xE0, 0x01, 0xE0, 0x03, 0xC0, 0x07, 0xC0, 0x3F, 0x80, 0x3F, 0x00,
    0x3C, 0x00, 0x00, 0x00, 0x70, 0xE0, 0xF3, 0xC0, 0xFF, 0x01, 0xFE, 0x00, 0xF0, 0x00, 0x00, 0x00,
    0x00, 0x00, 0x00, 0x3F, 0x81, 0xFF, 0xC1, 0xFF, 0xC3, 0x0F, 0x80, 0x1F, 0x00, 0x1E, 0x0F, 0xFC,
    0x3F, 0xF8, 0xF9, 0xF3, 0xE1, 0xE7, 0x83, 0xCF, 0x8F, 0x9F, 0x3F, 0x3F, 0xFF, 0x3F, 0xDE, 0x3F,
    0x1C, 0x1F, 0xC0, 0xFF, 0xE0, 0xFF, 0xE1, 0x87, 0xC0, 0x0F, 0x80, 0x0F, 0x07, 0xFE, 0x1F, 0xFC,
    0x7C, 0xF9, 0xF0, 0xF3, 0xC1, 0xE7, 0xC7, 0xCF, 0x9F, 0x9F, 0xFF, 0x9F, 0xEF, 0x1F, 0x9C, 0x00,
    0x70, 0x01, 0xC0, 0x07, 0x00, 0x0E, 0x00, 0x1F, 0x80, 0x3F, 0x00, 0x3E, 0x00, 0x00, 0x00, 0x00,
    0x06, 0x00, 0xF0, 0x0F, 0xC1, 0xFC, 0x07, 0x80, 0x20, 0x00, 0x00, 0x00, 0x00, 0x7F, 0x07, 0xFC,
    0x7F, 0xE7, 0xC6, 0x3C, 0x03, 0xE0, 0x1F, 0x00, 0xF0, 0x07, 0x80, 0x3E, 0x01, 0xF0, 0x0F, 0x80,
    0x3E, 0x30, 0xFF, 0xC3, 0xFE, 0x0F, 0xE0, 0x04, 0x08, 0x0F, 0x3C, 0x0F, 0xFC, 0x07, 0xF8, 0x03,
    0xF0, 0x00, 0xC0, 0x00, 0x00, 0x00, 0x00, 0x07, 0xF0, 0x0F, 0xFC, 0x1F, 0xFE, 0x3F, 0x1C, 0x7C,
    0x00, 0x78, 0x00, 0xF8, 0x00, 0xF8, 0x00, 0xF8, 0x00, 0xF0, 0x00, 0xF0, 0x00, 0xF8, 0x00, 0xF8,
    0x00, 0xF8, 0x00, 0x78, 0x00, 0x7C, 0x00, 0x3F, 0x1C, 0x3F, 0xFE, 0x0F, 0xFC, 0x07, 0xF0, 0x00,
    0x00, 0xC1, 0x8F, 0x1E, 0x3F, 0xE0, 0xFE, 0x03, 0xE0, 0x0E, 0x00, 0x00, 0x00, 0x00, 0x7F, 0x07,
    0xFC, 0x7F, 0xE7, 0xC6, 0x3C, 0x03, 0xE0, 0x1F, 0x00, 0xF0, 0x07, 0x80, 0x3E, 0x01, 0xF0, 0x0F,
    0x80, 0x3E, 0x30, 0xFF, 0xC3, 0xFE, 0x0F, 0xE0, 0x00, 0x00, 0x30, 0x60, 0x7D, 0xF0, 0x3F, 0xE0,
    0x1F, 0xC0, 0x07, 0x00, 0x00, 0x00, 0x00, 0x00, 0xFF, 0xC0, 0xFF, 0xF0, 0xFF, 0xF8, 0xF8, 0xFC,
    0xF0, 0x7C, 0xF0, 0x3E, 0xF0, 0x3E, 0xF0, 0x1E, 0xF0, 0x1E, 0xF0, 0x1E, 0xF0, 0x1E, 0xF0, 0x1E,
    0xF0, 0x1E, 0xF0, 0x3E, 0xF0, 0x3E, 0xF0, 0x7C, 0xF8, 0xFC, 0xFF, 0xF8, 0xFF, 0xF0, 0xFF, 0xC0,
    0x00, 0x00, 0x00, 0x03, 0xCE, 0x00, 0x3C, 0xE0, 0x03, 0xCE, 0x00, 0x3C, 0xE0, 0x03, 0xCE, 0x00,
    0x3C, 0xC0, 0xFB, 0xC0, 0x3F, 0xFC, 0x07, 0xFF, 0xC0, 0x7C, 0x7C, 0x0F, 0x83, 0xC0, 0xF8, 0x3C,
    0x0F, 0x83, 0xC0, 0xF0, 0x3C, 0x0F, 0x03, 0xC0, 0xF8, 0x3C, 0x0F, 0x83, 0xC0, 0xF8, 0x3C, 0x07,
    0xCF, 0xC0, 0x7F, 0xFC, 0x03, 0xFF, 0xC0, 0x1F, 0x3C, 0x00, 0x3F, 0xF0, 0x0F, 0xFF, 0x03, 0xFF,
    0xF0, 0xF8, 0xFE, 0x3C, 0x0F, 0x8F, 0x01, 0xE3, 0xC0, 0x7C, 0xF0, 0x1F, 0xFF, 0xC7, 0xFF, 0xF0,
    0xFF, 0xFC, 0x3C, 0xF8, 0x1F, 0x3C, 0x07, 0xCF, 0x01, 0xF3, 0xC0, 0x78, 0xF0, 0x3E, 0x3E, 0x3F,
    0x0F, 0xFF, 0x83, 0xFF, 0xC0, 0xFF, 0xC0, 0x00, 0x00, 0x00, 0x3C, 0x00, 0x3C, 0x03, 0xFF, 0x03,
    0xFF, 0x03, 0xFF, 0x00, 0x3E, 0x0F, 0xBC, 0x3F, 0xFC, 0x7F, 0xFC, 0x7C, 0x7C, 0xF8, 0x3C, 0xF8,
    0x3C, 0xF8, 0x3C, 0xF0, 0x3C, 0xF0, 0x3C, 0xF8, 0x3C, 0xF8, 0x3C, 0xF8, 0x3C, 0x7C, 0xFC, 0x7F,
    0xFC, 0x3F, 0xFC, 0x1F, 0x3C, 0x07, 0x00, 0xF8, 0x0F, 0x80, 0xF8, 0x07, 0x00, 0x00, 0x00, 0x0F,
    0xFF, 0xFF, 0xFF, 0xFF, 0xF8, 0x0F, 0x00, 0xF0, 0x0F, 0x00, 0xF0, 0x0F, 0xFE, 0xFF, 0xEF, 0xFE,
    0xF8, 0x0F, 0x00, 0xF0, 0x0F, 0x00, 0xF0, 0x0F, 0x80, 0xFF, 0xFF, 0xFF, 0xFF, 0xF0, 0x03, 0x80,
    0x1F, 0x00, 0x7C, 0x01, 0xF0, 0x03, 0x80, 0x00, 0x00, 0x00, 0x00, 0x00, 0x0F, 0xC0, 0x7F, 0xC3,
    0xFF, 0x9F, 0x3E, 0x78, 0x3F, 0xE0, 0xFF, 0xFF, 0xFF, 0xFF, 0xFF, 0xFF, 0xE0, 0x0F, 0x80, 0x3E,
    0x00, 0x7E, 0x38, 0xFF, 0xE1, 0xFF, 0x83, 0xF8, 0xFF, 0xFF, 0xFF, 0xFF, 0xFF, 0x80, 0xF0, 0x0F,
    0x00, 0xF0, 0x0F, 0x00, 0xFF, 0xEF, 0xFE, 0xFF, 0xEF, 0x80, 0xF0, 0x0F, 0x00, 0xF0, 0x0F, 0x00,
    0xF8, 0x0F, 0xFF, 0xFF, 0xFF, 0xFF, 0x03, 0xC0, 0x70, 0x0E, 0x00, 0xE0, 0x0F, 0xE0, 0x7E, 0x03,
    0xC0, 0x00, 0x0F, 0xC0, 0x7F, 0xC3, 0xFF, 0x9F, 0x3E, 0xF8, 0x7F, 0xE1, 0xFF, 0xFF, 0xFF, 0xFF,
    0xFF, 0xFF, 0xC0, 0x0F, 0x80, 0x1E, 0x00, 0x7E, 0x78, 0xFF, 0xE1, 0xFF, 0x01, 0xF8, 0x03, 0x80,
    0x1C, 0x00, 0x70, 0x01, 0xF8, 0x07, 0xE0, 0x0F, 0x80, 0x00, 0x07, 0x0E, 0x79, 0xE3, 0xFC, 0x1F,
    0x80, 0xF0, 0x00, 0x00, 0x00, 0xFF, 0xFF, 0xFF, 0xFF, 0xFF, 0x80, 0xF0, 0x0F, 0x00, 0xF0, 0x0F,
    0x00, 0xFF, 0xEF, 0xFE, 0xFF, 0xEF, 0x80, 0xF0, 0x0F, 0x00, 0xF0, 0x0F, 0x00, 0xF8, 0x0F, 0xFF,
    0xFF, 0xFF, 0xFF, 0x00, 0x00, 0x40, 0x83, 0xCF, 0x0F, 0xFC, 0x0F, 0xE0, 0x1E, 0x00, 0x30, 0x00,
    0x00, 0x00, 0x00, 0x3F, 0x01, 0xFF, 0x0F, 0xFE, 0x7C, 0xF9, 0xE1, 0xFF, 0x83, 0xFF, 0xFF, 0xFF,
    0xFF, 0xFF, 0xFF, 0x80, 0x3E, 0x00, 0xF8, 0x01, 0xF0, 0xC3, 0xFF, 0x87, 0xFE, 0x0F, 0xE0, 0x0E,
    0x1C, 0x07, 0x9E, 0x01, 0xFF, 0x00, 0xFF, 0x00, 0x3F, 0x00, 0x00, 0x00, 0x00, 0x00, 0x07, 0xF0,
    0x0F, 0xFE, 0x0F, 0xFF, 0x8F, 0xC3, 0x8F, 0x80, 0x07, 0x80, 0x07, 0xC0, 0x03, 0xE0, 0x01, 0xF0,
    0xFE, 0xF0, 0x7F, 0x78, 0x3F, 0xBC, 0x03, 0xDF, 0x01, 0xEF, 0x80, 0xF3, 0xC0, 0x79, 0xF0, 0x3C,
    0x7C, 0x3E, 0x3F, 0xFF, 0x0F, 0xFF, 0x81, 0xFE, 0x00, 0x00, 0x00, 0x18, 0x70, 0x1C, 0xF0, 0x1F,
    0xF0, 0x0F, 0xE0, 0x07, 0xC0, 0x00, 0x00, 0x00, 0x06, 0x00, 0x1E, 0x0F, 0xFE, 0x3F, 0xFE, 0x3F,
    0xF0, 0x7C, 0x78, 0x78, 0x7C, 0x78, 0x3C, 0x78, 0x7C, 0x7C, 0xFC, 0x3F, 0xF8, 0x1F, 0xF0, 0x3F,
    0xE0, 0x78, 0x00, 0x7C, 0x00, 0x7F, 0xF8, 0x7F, 0xFC, 0x1F, 0xFE, 0x00, 0x3E, 0xF0, 0x3E, 0xF8,
    0x3E, 0xFF, 0xFC, 0x7F, 0xF8, 0x1F, 0xF0, 0x00, 0x01, 0xE6, 0x3F, 0xE7, 0xFE, 0x73, 0xC0, 0x00,
    0x00, 0x00, 0x00, 0x0F, 0x00, 0xF0, 0x0F, 0x00, 0xF0, 0x0F, 0x00, 0xF0, 0x0F, 0x00, 0xF0, 0x0F,
    0x00, 0xF0, 0x0F, 0x00, 0xF0, 0x0F, 0x00, 0xF0, 0x0F, 0x00, 0xF0, 0x1E, 0x1E, 0x1E, 0x1E, 0x1E,
    0x1E, 0x1E, 0x1E, 0x1E, 0x1E, 0x1E, 0x1E, 0x1E, 0x1E, 0x1E, 0x1E, 0x1E, 0x1E, 0x1E, 0x1E, 0x3C,
    0x70, 0xE0, 0xE0, 0xFE, 0xFC, 0x7C, 0x00, 0x0E, 0x1F, 0x1F, 0x1F, 0x0E, 0x00, 0x00, 0x00, 0x1E,
    0x1E, 0x1E, 0x1E, 0x1E, 0x1E, 0x1E, 0x1E, 0x1E, 0x1E, 0x1E, 0x1E, 0x1E, 0x1E, 0x1E, 0x1E, 0x3C,
    0x70, 0xE0, 0xE0, 0xFE, 0xFE, 0x7C, 0x00, 0x77, 0xFF, 0xF7, 0x00, 0x0F, 0x7B, 0xDE, 0xF7, 0xBD,
    0xEF, 0x7B, 0xDE, 0xF7, 0xBD, 0xEF, 0x7B, 0xDE, 0xF7, 0xBD, 0xEF, 0x7B, 0xDE, 0xF7, 0xBD, 0xEF,
    0x7B, 0xDE, 0x00, 0x03, 0x07, 0xCF, 0xEF, 0xC3, 0x80, 0x00, 0x00, 0x3C, 0x1E, 0x0F, 0x07, 0x83,
    0xC1, 0xE0, 0xF0, 0x78, 0x3C, 0x1E, 0x0F, 0x07, 0x83, 0xC1, 0xE0, 0xF0, 0x78, 0x3C, 0x1E, 0x0F,
    0x87, 0xE1, 0xF8, 0x7C, 0x00, 0x07, 0x9C, 0x3C, 0xE1, 0xE7, 0x0F, 0x38, 0x79, 0x83, 0xCC, 0x1E,
    0x00, 0xF0, 0x07, 0x80, 0x3C, 0x01, 0xE0, 0x0F, 0x00, 0x78, 0x03, 0xC0, 0x1E, 0x00, 0xF0, 0x07,
    0xC0, 0x3F, 0xFD, 0xFF, 0xEF, 0xFF, 0x00, 0x00, 0x3C, 0xEF, 0x3B, 0xCE, 0xF3, 0xBC, 0xCF, 0x33,
    0xC0, 0xF0, 0x3C, 0x0F, 0x03, 0xC0, 0xF0, 0x3C, 0x0F, 0x03, 0xC0, 0xF0, 0x3C, 0x0F, 0x03, 0xE0,
    0xFC, 0x1F, 0x83, 0xE0, 0x1E, 0x00, 0x1E, 0x00, 0x1E, 0x00, 0x1E, 0x00, 0x1E, 0x00, 0x1E, 0x30,
    0x1E, 0x70, 0x1F, 0xF8, 0x1F, 0xE0, 0x1F, 0xC0, 0x3F, 0x00, 0x7E, 0x00, 0xFE, 0x00, 0x7E, 0x00,
    0x1E, 0x00, 0x1E, 0x00, 0x1F, 0x00, 0x1F, 0xFE, 0x1F, 0xFE, 0x1F, 0xFE, 0x00, 0x03, 0xC0, 0x78,
    0x0F, 0x01, 0xE0, 0x3C, 0x07, 0x80, 0xF0, 0x1F, 0xC3, 0xFC, 0x7F, 0x0F, 0xC7, 0xE0, 0xFC, 0x1F,
    0x80, 0xF0, 0x1E, 0x03, 0xC0, 0x78, 0x0F, 0x81, 0xF8, 0x1F, 0x81, 0xF0, 0x00, 0x00, 0x0C, 0x00,
    0xF0, 0x1F, 0x81, 0xF8, 0x0F, 0x00, 0x00, 0x00, 0x00, 0x00, 0x07, 0x9F, 0x3D, 0xFD, 0xFF, 0xFF,
    0xCF, 0xFC, 0x7F, 0xC1, 0xFE, 0x0F, 0xF0, 0x7F, 0x83, 0xFC, 0x1F, 0xE0, 0xFF, 0x07, 0xF8, 0x3F,
    0xC1, 0xFE, 0x0F, 0xF0, 0x78, 0x00, 0x01, 0xC3, 0x0F, 0x7C, 0x3F, 0xC0, 0xFC, 0x03, 0x80, 0x00,
    0x00, 0x00, 0xF3, 0xE7, 0xBF, 0xBF, 0xFF, 0xF9, 0xFF, 0x8F, 0xF8, 0x3F, 0xC1, 0xFE, 0x0F, 0xF0,
    0x7F, 0x83, 0xFC, 0x1F, 0xE0, 0xFF, 0x07, 0xF8, 0x3F, 0xC1, 0xFE, 0x0F, 0x00, 0x00, 0x02, 0x10,
    0x0F, 0x70, 0x1C, 0xE0, 0x73, 0x80, 0xEF, 0x03, 0x9C, 0x00, 0x10, 0x00, 0x00, 0x1F, 0xC0, 0x7F,
    0xC1, 0xFF, 0xC7, 0xC7, 0xCF, 0x07, 0xFE, 0x0F, 0xFC, 0x1F, 0xF0, 0x1F, 0xE0, 0x3F, 0xE0, 0xFF,
    0xC1, 0xFF, 0x83, 0xCF, 0x8F, 0x8F, 0xFE, 0x0F, 0xF8, 0x0F, 0xE0, 0x00, 0x00, 0xC0, 0xF0, 0xFE,
    0x7F, 0x1E, 0x02, 0x00, 0x00, 0x00, 0x3C, 0xFF, 0x7F, 0xFE, 0xFF, 0xBF, 0x0F, 0x83, 0xE0, 0xF8,
    0x3C, 0x0F, 0x03, 0xC0, 0xF0, 0x3C, 0x0F, 0x03, 0xC0, 0xF0, 0x00, 0x00, 0x00, 0x30, 0x60, 0x7D,
    0xF0, 0x3F, 0xE0, 0x0F, 0xC0, 0x07, 0x80, 0x00, 0x00, 0x00, 0x00, 0xFF, 0xE0, 0xFF, 0xF0, 0xFF,
    0xF8, 0xF8, 0xFC, 0xF0, 0x7C, 0xF0, 0x3C, 0xF0, 0x3C, 0xF0, 0x3C, 0xF0, 0xFC, 0xFF, 0xF8, 0xFF,
    0xF0, 0xFF, 0xE0, 0xF9, 0xE0, 0xF1, 0xF0, 0xF0, 0xF0, 0xF0, 0xF8, 0xF0, 0x7C, 0xF0, 0x7C, 0xF0,
    0x3E, 0xF0, 0x3E, 0x00, 0x07, 0x0E, 0x79, 0xE3, 0xFC, 0x1F, 0x80, 0xF0, 0x00, 0x00, 0x00, 0x79,
    0xE7, 0xBE, 0x7F, 0xC7, 0xFC, 0x7E, 0x07, 0xC0, 0x7C, 0x07, 0xC0, 0x78, 0x07, 0x80, 0x78, 0x07,
    0x80, 0x78, 0x07, 0x80, 0x78, 0x07, 0x80, 0x00, 0x20, 0x00, 0xE0, 0x03, 0xF0, 0x0F, 0xF0, 0x07,
    0x80, 0x04, 0x00, 0x00, 0x00, 0x07, 0xF0, 0x1F, 0xFC, 0x3F, 0xFE, 0x7E, 0x3C, 0x7C, 0x08, 0x78,
    0x00, 0x7C, 0x00, 0x7F, 0x00, 0x3F, 0xE0, 0x1F, 0xF8, 0x07, 0xFC, 0x00, 0xFE, 0x00, 0x3E, 0x00,
    0x1E, 0x00, 0x1E, 0x20, 0x3E, 0x7C, 0x7E, 0xFF, 0xFC, 0x3F, 0xF8, 0x0F, 0xE0, 0x00, 0x00, 0x03,
    0x00, 0x3C, 0x01, 0xF8, 0x1F, 0xC0, 0x3C, 0x00, 0x80, 0x00, 0x00, 0x00, 0x00, 0x3F, 0x03, 0xFF,
    0x1F, 0xFE, 0x7C, 0x71, 0xF0, 0x07, 0xC0, 0x1F, 0xE0, 0x3F, 0xE0, 0x3F, 0xC0, 0x1F, 0x80, 0x1E,
    0x00, 0x79, 0xE3, 0xEF, 0xFF, 0x9F, 0xFC, 0x1F, 0xC0, 0x07, 0xF0, 0x1F, 0xFC, 0x3F, 0xFE, 0x7E,
    0x3C, 0x7C, 0x08, 0x78, 0x00, 0x7C, 0x00, 0x7E, 0x00, 0x3F, 0xC0, 0x3F, 0xF0, 0x0F, 0xFC, 0x03,
    0xFE, 0x00, 0xFE, 0x00, 0x3E, 0x00, 0x1E, 0x00, 0x1E, 0x20, 0x3E, 0x78, 0x7E, 0xFF, 0xFC, 0x7F,
    0xF8, 0x1F, 0xF0, 0x03, 0x80, 0x03, 0xC0, 0x03, 0xF0, 0x00, 0xF0, 0x00, 0x70, 0x07, 0xF0, 0x07,
    0xE0, 0x00, 0x00, 0x0F, 0xC0, 0xFF, 0xC7, 0xFF, 0x1F, 0x1C, 0x7C, 0x01, 0xF0, 0x07, 0xF8, 0x0F,
    0xF8, 0x0F, 0xF0, 0x07, 0xE0, 0x07, 0x80, 0x1E, 0x70, 0xFB, 0xFF, 0xE7, 0xFF, 0x07, 0xF0, 0x03,
    0x00, 0x1F, 0x00, 0x7E, 0x00, 0x78, 0x00, 0xE0, 0x3F, 0x80, 0xFC, 0x00, 0x00, 0x08, 0x18, 0x1E,
    0x38, 0x1F, 0xF8, 0x07, 0xF0, 0x03, 0xE0, 0x01, 0xC0, 0x00, 0x00, 0x00, 0x00, 0x07, 0xF0, 0x1F,
    0xFC, 0x3F, 0xFE, 0x7E, 0x3C, 0x7C, 0x08, 0x78, 0x00, 0x7C, 0x00, 0x7F, 0x00, 0x3F, 0xE0, 0x1F,
    0xF8, 0x07, 0xFC, 0x00, 0xFE, 0x00, 0x3E, 0x00, 0x1E, 0x00, 0x1E, 0x20, 0x3E, 0x7C, 0x7E, 0xFF,
    0xFC, 0x3F, 0xF8, 0x0F, 0xE0, 0x00, 0x00, 0x40, 0xC3, 0xC7, 0x07, 0xFC, 0x0F, 0xE0, 0x1F, 0x00,
    0x38, 0x00, 0x00, 0x00, 0x00, 0x3F, 0x03, 0xFF, 0x1F, 0xFE, 0x7C, 0x71, 0xF0, 0x07, 0xC0, 0x1F,
    0xE0, 0x3F, 0xE0, 0x3F, 0xC0, 0x1F, 0x80, 0x1E, 0x00, 0x79, 0xE3, 0xEF, 0xFF, 0x9F, 0xFC, 0x1F,
    0xC0, 0x1E, 0x01, 0xE0, 0x1E, 0x01, 0xE0, 0xFF, 0xCF, 0xFC, 0xFF, 0xC1, 0xF0, 0x1E, 0x01, 0xE0,
    0x1E, 0x01, 0xE0, 0x1E, 0x01, 0xE0, 0x1E, 0x01, 0xE0, 0x1F, 0x01, 0xFE, 0x0F, 0xE0, 0x7E, 0x03,
    0x00, 0x38, 0x03, 0xE0, 0x0E, 0x00, 0xE0, 0x7E, 0x0F, 0xC0, 0x00, 0x00, 0x00, 0x1C, 0x38, 0x1E,
    0x78, 0x0F, 0xF0, 0x07, 0xE0, 0x03, 0xC0, 0x00, 0x00, 0x00, 0x00, 0xFF, 0xFF, 0xFF, 0xFF, 0xFF,
    0xFF, 0x03, 0xE0, 0x03, 0xC0, 0x03, 0xC0, 0x03, 0xC0, 0x03, 0xC0, 0x03, 0xC0, 0x03, 0xC0, 0x03,
    0xC0, 0x03, 0xC0, 0x03, 0xC0, 0x03, 0xC0, 0x03, 0xC0, 0x03, 0xC0, 0x03, 0xC0, 0x03, 0xC0, 0x03,
    0xC0, 0x03, 0xC0, 0x00, 0x40, 0x07, 0x80, 0x3C, 0x01, 0xC1, 0xEE, 0x0F, 0x70, 0x7B, 0x83, 0xC0,
    0xFF, 0xE7, 0xFF, 0x3F, 0xF8, 0x3E, 0x01, 0xE0, 0x0F, 0x00, 0x78, 0x03, 0xC0, 0x1E, 0x00, 0xF0,
    0x07, 0x80, 0x3E, 0x01, 0xF2, 0x0F, 0xF0, 0x3F, 0xC0, 0xFC, 0x3F, 0xE1, 0xFF, 0x0F, 0xF8, 0x00,
    0x00, 0x00, 0x00, 0x00, 0x00, 0x1E, 0x0F, 0xF0, 0x7F, 0x83, 0xFC, 0x1F, 0xE0, 0xFF, 0x07, 0xF8,
    0x3F, 0xC1, 0xFE, 0x0F, 0xF0, 0x7F, 0x83, 0xFE, 0x3F, 0xF3, 0xFF, 0xFF, 0xBF, 0xBC, 0xF9, 0xE0,
    0x00, 0x00, 0x07, 0xC0, 0x0F, 0xE0, 0x0E, 0x70, 0x0E, 0x70, 0x0E, 0xF0, 0x07, 0xE0, 0x03, 0xC0,
    0x00, 0x00, 0x00, 0x00, 0xF0, 0x1E, 0xF0, 0x1E, 0xF0, 0x1E, 0xF0, 0x1E, 0xF0, 0x1E, 0xF0, 0x1E,
    0xF0, 0x1E, 0xF0, 0x1E, 0xF0, 0x1E, 0xF0, 0x1E, 0xF0, 0x1E, 0xF0, 0x1E, 0xF0, 0x1E, 0xF0, 0x1E,
    0xF8, 0x1E, 0xF8, 0x3E, 0x7C, 0x7E, 0x7F, 0xFC, 0x3F, 0xF8, 0x0F, 0xE0, 0x0F, 0x80, 0xFE, 0x0F,
    0x78, 0x71, 0xC3, 0x8E, 0x1E, 0xF0, 0x7F, 0x01, 0xF0, 0x00, 0x00, 0x00, 0x3C, 0x1F, 0xE0, 0xFF,
    0x07, 0xF8, 0x3F, 0xC1, 0xFE, 0x0F, 0xF0, 0x7F, 0x83, 0xFC, 0x1F, 0xE0, 0xFF, 0x07, 0xFC, 0x7F,
    0xE7, 0xFF, 0xFF, 0x7F, 0x79, 0xF3, 0xC0, 0x00, 0x00, 0x03, 0x98, 0x03, 0xBC, 0x07, 0x38, 0x0F,
    0x78, 0x0E, 0x70, 0x04, 0x20, 0x00, 0x00, 0xF0, 0x1E, 0xF0, 0x1E, 0xF0, 0x1E, 0xF0, 0x1E, 0xF0,
    0x1E, 0xF0, 0x1E, 0xF0, 0x1E, 0xF0, 0x1E, 0xF0, 0x1E, 0xF0, 0x1E, 0xF0, 0x1E, 0xF0, 0x1E, 0xF0,
    0x1E, 0xF0, 0x1E, 0xF8, 0x1E, 0xF8, 0x3E, 0x7C, 0x7E, 0x7F, 0xFC, 0x3F, 0xF8, 0x0F, 0xE0, 0x00,
    0x00, 0x0C, 0xC0, 0x7B, 0x83, 0xDE, 0x0E, 0x70, 0x73, 0x80, 0xCC, 0x00, 0x00, 0x00, 0x03, 0xC1,
    0xEF, 0x07, 0xBC, 0x1E, 0xF0, 0x7B, 0xC1, 0xEF, 0x07, 0xBC, 0x1E, 0xF0, 0x7B, 0xC1, 0xEF, 0x07,
    0xBC, 0x1E, 0xF8, 0xFB, 0xE7, 0xEF, 0xFF, 0x9F, 0xDE, 0x3E, 0x78, 0xF0, 0x1E, 0xF0, 0x1E, 0xF0,
    0x1E, 0xF0, 0x1E, 0xF0, 0x1E, 0xF0, 0x1E, 0xF0, 0x1E, 0xF0, 0x1E, 0xF0, 0x1E, 0xF0, 0x1E, 0xF0,
    0x1E, 0xF0, 0x1E, 0xF0, 0x1E, 0xF0, 0x1E, 0xF8, 0x1E, 0xF8, 0x3E, 0x7C, 0x7E, 0x7F, 0xFC, 0x3F,
    0xF8, 0x1F, 0xE0, 0x03, 0x80, 0x07, 0x00, 0x0E, 0x00, 0x0F, 0x00, 0x0F, 0xE0, 0x07, 0xC0, 0x03,
    0xC0, 0xF0, 0x7F, 0x83, 0xFC, 0x1F, 0xE0, 0xFF, 0x07, 0xF8, 0x3F, 0xC1, 0xFE, 0x0F, 0xF0, 0x7F,
    0x83, 0xFC, 0x1F, 0xF1, 0xFF, 0x9F, 0xFF, 0xFD, 0xFD, 0xE7, 0xDF, 0x01, 0xE0, 0x1E, 0x00, 0xE0,
    0x07, 0x80, 0x3F, 0x80, 0xFC, 0x03, 0xE0, 0x00, 0x80, 0x1C, 0x01, 0xF0, 0x3F, 0x81, 0xF0, 0x0E,
    0x00, 0x00, 0x00, 0x00, 0x00, 0x03, 0xFF, 0x9F, 0xFC, 0xFF, 0xE0, 0x1F, 0x01, 0xF0, 0x0F, 0x00,
    0xF8, 0x0F, 0x80, 0x78, 0x07, 0x80, 0x7C, 0x07, 0xC0, 0x3E, 0x03, 0xFF, 0xDF, 0xFE, 0xFF, 0xF0,
    0x07, 0x00, 0x7C, 0x03, 0xE0, 0x1F, 0x00, 0x70, 0x00, 0x00, 0x00, 0x00, 0x00, 0x7F, 0xF3, 0xFF,
    0x9F, 0xFC, 0x03, 0xE0, 0x3E, 0x01, 0xE0, 0x1F, 0x01, 0xF0, 0x0F, 0x00, 0xF8, 0x0F, 0x80, 0x78,
    0x07, 0xC0, 0x7F, 0xFB, 0xFF, 0xDF, 0xFE, 0x00, 0x00, 0x30, 0x60, 0xFB, 0xE0, 0xFF, 0x80, 0xFE,
    0x00, 0xF0, 0x00, 0x00, 0x00, 0x00, 0x7F, 0xFC, 0xFF, 0xF9, 0xFF, 0xF0, 0x03, 0xE0, 0x0F, 0x80,
    0x1F, 0x00, 0x7C, 0x01, 0xF0, 0x03, 0xE0, 0x0F, 0x80, 0x3E, 0x00, 0x7C, 0x01, 0xF0, 0x07, 0xC0,
    0x0F, 0x80, 0x3E, 0x00, 0xFC, 0x01, 0xFF, 0xFB, 0xFF, 0xF7, 0xFF, 0xE0, 0x00, 0x01, 0x87, 0x1F,
    0x78, 0x7F, 0x81, 0xF8, 0x03, 0x80, 0x00, 0x00, 0x00, 0x7F, 0xF3, 0xFF, 0x9F, 0xFC, 0x03, 0xE0,
    0x3E, 0x01, 0xE0, 0x1F, 0x01, 0xF0, 0x0F, 0x00, 0xF0, 0x0F, 0x80, 0xF8, 0x07, 0xC0, 0x7F, 0xFB,
    0xFF, 0xDF, 0xFE, 0x00, 0x03, 0x80, 0x01, 0xC3, 0xF8, 0xE3, 0xFE, 0x73, 0xFF, 0xFB, 0xE3, 0xF9,
    0xE0, 0xF1, 0xF0, 0x7C, 0xF8, 0x3E, 0x78, 0x0F, 0x3C, 0x07, 0x9F, 0x07, 0xCF, 0x83, 0xE7, 0xC1,
    0xE1, 0xF1, 0xF0, 0x7F, 0xF0, 0x1F, 0xF0, 0x07, 0xF0, 0x00, 0x00, 0x00, 0x00, 0x01, 0xC0, 0x00,
    0xFE, 0x0F, 0x7F, 0x07, 0xFF, 0x83, 0xFB, 0xC1, 0xF9, 0xE0, 0xF0, 0xF0, 0x78, 0x78, 0x3C, 0x3C,
    0x1E, 0x1E, 0x0F, 0x0F, 0x07, 0x87, 0x83, 0xC3, 0xE3, 0xE1, 0xF3, 0xF0, 0xFF, 0xF8, 0x3F, 0xBC,
    0x0F, 0x9E, 0x00, 0x07, 0xF0, 0x1F, 0xFC, 0x3F, 0xFE, 0x7E, 0x3C, 0x7C, 0x08, 0x78, 0x00, 0x7C,
    0x00, 0x7F, 0x00, 0x3F, 0xE0, 0x1F, 0xF8, 0x07, 0xFC, 0x00, 0xFE, 0x00, 0x3E, 0x00, 0x1E, 0x00,
    0x1E, 0x20, 0x3E, 0x7C, 0x7E, 0xFF, 0xFC, 0x3F, 0xF8, 0x0F, 0xE0, 0x00, 0x00, 0x00, 0x00, 0x03,
    0x80, 0x03, 0xC0, 0x03, 0xC0, 0x03, 0xC0, 0x03, 0x80, 0x03, 0x80, 0x03, 0x00, 0x0F, 0xC0, 0xFF,
    0xC7, 0xFF, 0x1F, 0x1C, 0x7C, 0x01, 0xF0, 0x07, 0xF8, 0x0F, 0xF8, 0x0F, 0xF0, 0x07, 0xE0, 0x07,
    0x80, 0x1E, 0x78, 0xFB, 0xFF, 0xE7, 0xFF, 0x07, 0xF0, 0x00, 0x00, 0x00, 0x00, 0x70, 0x01, 0xE0,
    0x07, 0x80, 0x1E, 0x00, 0x70, 0x01, 0xC0, 0x06, 0x00, 0xFF, 0xFF, 0xFF, 0xFF, 0xFF, 0xFF, 0x03,
    0xE0, 0x03, 0xC0, 0x03, 0xC0, 0x03, 0xC0, 0x03, 0xC0, 0x03, 0xC0, 0x03, 0xC0, 0x03, 0xC0, 0x03,
    0xC0, 0x03, 0xC0, 0x03, 0xC0, 0x03, 0xC0, 0x03, 0xC0, 0x03, 0xC0, 0x03, 0xC0, 0x03, 0xC0, 0x03,
    0xC0, 0x00, 0x00, 0x00, 0x00, 0x01, 0xC0, 0x03, 0xC0, 0x03, 0xC0, 0x01, 0xC0, 0x01, 0xC0, 0x03,
    0x80, 0x03, 0x80, 0x1E, 0x01, 0xE0, 0x1E, 0x01, 0xE0, 0xFF, 0xCF, 0xFC, 0xFF, 0xC1, 0xF0, 0x1E,
    0x01, 0xE0, 0x1E, 0x01, 0xE0, 0x1E, 0x01, 0xE0, 0x1E, 0x01, 0xF0, 0x1F, 0x01, 0xFE, 0x0F, 0xE0,
    0x7E, 0x00, 0x00, 0x00, 0x03, 0x80, 0x78, 0x07, 0x80, 0x38, 0x03, 0x80, 0x70, 0x07, 0x00, 0x03,
    0xF0, 0x0F, 0xFC, 0x1F, 0xFE, 0x3E, 0x1C, 0x7C, 0x00, 0x78, 0x00, 0xF8, 0x00, 0xF8, 0x00, 0xFF,
    0xF0, 0xFF, 0xF0, 0xFF, 0xF0, 0xF0, 0x00, 0xF8, 0x00, 0xF8, 0x00, 0x78, 0x00, 0x7C, 0x04, 0x3F,
    0x1C, 0x3F, 0xFE, 0x0F, 0xFC, 0x07, 0xF0, 0xF7, 0xBD, 0xEF, 0x7B, 0xDE, 0xF7, 0xBD, 0xEF, 0x7B,
    0xDE, 0xF7, 0xBD, 0xE0, 0x01, 0xF0, 0x00, 0x7F, 0x00, 0x0F, 0xE0, 0x01, 0xFC, 0x00, 0x7B, 0xC0,
    0x0F, 0x78, 0x01, 0xEF, 0x00, 0x78, 0xF0, 0x0F, 0x1E, 0x01, 0xE3, 0xC0, 0x3C, 0x7C, 0x0F, 0x07,
    0x81, 0xFF, 0xF0, 0x3F, 0xFE, 0x0F, 0xFF, 0xE1, 0xE0, 0x3C, 0x3C, 0x07, 0x8F, 0x80, 0xF9, 0xF0,
    0x1F, 0x3C, 0x01, 0xE0, 0xFF, 0xF1, 0xFF, 0xE3, 0xFF, 0xC7, 0xC0, 0x0F, 0x00, 0x1E, 0x00, 0x3C,
    0x00, 0x7F, 0xE0, 0xFF, 0xF1, 0xFF, 0xF3, 0xE3, 0xF7, 0x83, 0xEF, 0x03, 0xDE, 0x07, 0xBC, 0x0F,
    0x78, 0x3E, 0xF8, 0xFD, 0xFF, 0xF3, 0xFF, 0xC7, 0xFE, 0x00, 0xFF, 0xC1, 0xFF, 0xE3, 0xFF, 0xE7,
    0xC7, 0xEF, 0x07, 0xDE, 0x07, 0xBC, 0x1F, 0x7C, 0x7C, 0xFF, 0xF1, 0xFF, 0xE3, 0xFF, 0xF7, 0x83,
    0xEF, 0x03, 0xFE, 0x07, 0xFC, 0x07, 0xF8, 0x1F, 0xF8, 0x7F, 0xFF, 0xFB, 0xFF, 0xE7, 0xFF, 0x00,
    0xFF, 0xFF, 0xFF, 0xFF, 0xFD, 0xF0, 0x0F, 0x00, 0x78, 0x03, 0xC0, 0x1E, 0x00, 0xF0, 0x07, 0x80,
    0x3C, 0x01, 0xE0, 0x0F, 0x00, 0x78, 0x03, 0xC0, 0x1E, 0x00, 0xF0, 0x07, 0x80, 0x3C, 0x01, 0xE0,
    0x00, 0x07, 0xFF, 0x01, 0xFF, 0xC0, 0xFF, 0xF0, 0x3E, 0x3C, 0x0F, 0x0F, 0x03, 0xC3, 0xC0, 0xF0,
    0xF0, 0x3C, 0x3C, 0x0F, 0x0F, 0x07, 0xC3, 0xC1, 0xF0, 0xF0, 0x7C, 0x3C, 0x1E, 0x0F, 0x07, 0x83,
    0xC1, 0xE0, 0xF0, 0xF0, 0x3C, 0x38, 0x0F, 0xBF, 0xFF, 0xFF, 0xFF, 0xFF, 0xFF, 0xFF, 0xF0, 0x03,
    0xF8, 0x00, 0xFE, 0x00, 0x1F, 0x80, 0x07, 0xE0, 0x01, 0xC0, 0xFF, 0xFF, 0xFF, 0xFF, 0xFF, 0x80,
    0xF0, 0x0F, 0x00, 0xF0, 0x0F, 0x00, 0xFF, 0xEF, 0xFE, 0xFF, 0xEF, 0x80, 0xF0, 0x0F, 0x00, 0xF0,
    0x0F, 0x00, 0xF8, 0x0F, 0xFF, 0xFF, 0xFF, 0xFF, 0x3C, 0x0F, 0x03, 0xE3, 0xE0, 0xF0, 0x3C, 0x1E,
    0x0F, 0x07, 0xC1, 0xF0, 0xF0, 0x78, 0x0F, 0x0F, 0x0F, 0x00, 0xF8, 0xF1, 0xF0, 0x07, 0x8F, 0x1E,
    0x00, 0x3C, 0xFB, 0xE0, 0x03, 0xFF, 0xFC, 0x00, 0x3F, 0xFF, 0xC0, 0x03, 0xFF, 0xFE, 0x00, 0x7C,
    0xF3, 0xE0, 0x07, 0x8F, 0x1F, 0x00, 0xF8, 0xF1, 0xF0, 0x0F, 0x0F, 0x0F, 0x81, 0xF0, 0xF0, 0xF8,
    0x1E, 0x0F, 0x07, 0xC3, 0xE0, 0xF0, 0x7C, 0x3C, 0x0F, 0x03, 0xE7, 0xC0, 0xF0, 0x3E, 0x0F, 0xE0,
    0x7F, 0xF1, 0xFF, 0xF1, 0xC3, 0xE0, 0x03, 0xC0, 0x07, 0x80, 0x1F, 0x03, 0xFC, 0x07, 0xE0, 0x0F,
    0xF0, 0x03, 0xF0, 0x01, 0xF0, 0x03, 0xE0, 0x03, 0xC0, 0x0F, 0x98, 0x1F, 0x78, 0x7C, 0xFF, 0xF8,
    0xFF, 0xE0, 0x7F, 0x00, 0xF0, 0x3E, 0xF0, 0x7E, 0xF0, 0x7E, 0xF0, 0x7E, 0xF0, 0xFE, 0xF0, 0xFE,
    0xF1, 0xFE, 0xF1, 0xDE, 0xF1, 0xDE, 0xF3, 0xDE, 0xF3, 0x9E, 0xF7, 0x9E, 0xF7, 0x1E, 0xFF, 0x1E,
    0xFF, 0x1E, 0xFE, 0x1E, 0xFE, 0x1E, 0xFC, 0x1E, 0xFC, 0x1E, 0xFC, 0x1E, 0x18, 0x30, 0x1C, 0x70,
    0x1F, 0xF0, 0x0F, 0xE0, 0x07, 0xC0, 0x00, 0x00, 0x00, 0x00, 0xF0, 0x3E, 0xF0, 0x7E, 0xF0, 0x7E,
    0xF0, 0x7E, 0xF0, 0xFE, 0xF0, 0xFE, 0xF1, 0xFE, 0xF1, 0xDE, 0xF1, 0xDE, 0xF3, 0xDE, 0xF3, 0x9E,
    0xF7, 0x9E, 0xF7, 0x1E, 0xFF, 0x1E, 0xFF, 0x1E, 0xFE, 0x1E, 0xFE, 0x1E, 0xFC, 0x1E, 0xFC, 0x1E,
    0xFC, 0x1E, 0xF0, 0x1E, 0xF0, 0x3E, 0xF0, 0x3C, 0xF0, 0x78, 0xF0, 0xF8, 0xF0, 0xF0, 0xF1, 0xF0,
    0xF9, 0xE0, 0xFF, 0xE0, 0xFF, 0xE0, 0xFF, 0xE0, 0xF1, 0xF0, 0xF1, 0xF0, 0xF0, 0xF8, 0xF0, 0xF8,
    0xF0, 0x7C, 0xF0, 0x7C, 0xF0, 0x3E, 0xF0, 0x3E, 0xF0, 0x1F, 0x0F, 0xFF, 0x83, 0xFF, 0xE0, 0xFF,
    0xF8, 0x3C, 0x1E, 0x0F, 0x07, 0x83, 0xC1, 0xE0, 0xF0, 0x78, 0x3C, 0x1E, 0x0F, 0x07, 0x87, 0xC1,
    0xE1, 0xF0, 0x78, 0x78, 0x1E, 0x1E, 0x07, 0x87, 0x81, 0xE1, 0xE0, 0x78, 0xF8, 0x1E, 0x3C, 0x07,
    0x9F, 0x01, 0xE7, 0x80, 0x79, 0xC0, 0x1E, 0x00, 0x00, 0x00, 0x3F, 0x03, 0xF0, 0xFC, 0x0F, 0xC3,
    0xF0, 0x7F, 0x0F, 0xE1, 0xFC, 0x3F, 0x87, 0xF0, 0xFE, 0x1F, 0xC3, 0xB8, 0xFF, 0x1E, 0xE3, 0xFC,
    0x7B, 0xCE, 0xF1, 0xEF, 0x3B, 0xC7, 0x9D, 0xEF, 0x1E, 0x77, 0xBC, 0x79, 0xFC, 0xF9, 0xE3, 0xF3,
    0xE7, 0x8F, 0xCF, 0x9E, 0x3F, 0x3E, 0x78, 0xF8, 0xF9, 0xE1, 0xE3, 0xE7, 0x80, 0x0F, 0xBE, 0x00,
    0x3E, 0xF0, 0x1E, 0xF0, 0x1E, 0xF0, 0x1E, 0xF0, 0x1E, 0xF0, 0x1E, 0xF0, 0x1E, 0xF0, 0x1E, 0xF8,
    0x1E, 0xFF, 0xFE, 0xFF, 0xFE, 0xFF, 0xFE, 0xF0, 0x1E, 0xF0, 0x1E, 0xF0, 0x1E, 0xF0, 0x1E, 0xF0,
    0x1E, 0xF0, 0x1E, 0xF0, 0x1E, 0xF0, 0x1E, 0xF0, 0x1E, 0x07, 0xF8, 0x03, 0xFF, 0x03, 0xFF, 0xF0,
    0xF8, 0x7C, 0x7C, 0x0F, 0x9E, 0x01, 0xEF, 0x80, 0x7F, 0xE0, 0x1F, 0xF8, 0x07, 0xFC, 0x00, 0xFF,
    0x00, 0x3F, 0xE0, 0x1F, 0xF8, 0x07, 0xFE, 0x01, 0xF7, 0x80, 0x79, 0xF0, 0x3E, 0x3E, 0x1F, 0x0F,
    0xFF, 0xC0, 0xFF, 0xC0, 0x1F, 0xE0, 0xFF, 0xFE, 0xFF, 0xFE, 0xFF, 0xFE, 0xF8, 0x1E, 0xF0, 0x1E,
    0xF0, 0x1E, 0xF0, 0x1E, 0xF0, 0x1E, 0xF0, 0x1E, 0xF0, 0x1E, 0xF0, 0x1E, 0xF0, 0x1E, 0xF0, 0x1E,
    0xF0, 0x1E, 0xF0, 0x1E, 0xF0, 0x1E, 0xF0, 0x1E, 0xF0, 0x1E, 0xF0, 0x1E, 0xF0, 0x1E, 0xFF, 0xC1,
    0xFF, 0xE3, 0xFF, 0xE7, 0xC7, 0xEF, 0x07, 0xDE, 0x07, 0xBC, 0x0F, 0x78, 0x1E, 0xF0, 0x7D, 0xF1,
    0xFB, 0xFF, 0xE7, 0xFF, 0x8F, 0xFC, 0x1E, 0x00, 0x3C, 0x00, 0x78, 0x00, 0xF0, 0x01, 0xE0, 0x03,
    0xC0, 0x07, 0x80, 0x00, 0x07, 0xF0, 0x0F, 0xFC, 0x1F, 0xFE, 0x3F, 0x1C, 0x7C, 0x00, 0x78, 0x00,
    0xF8, 0x00, 0xF8, 0x00, 0xF8, 0x00, 0xF0, 0x00, 0xF0, 0x00, 0xF8, 0x00, 0xF8, 0x00, 0xF8, 0x00,
    0x78, 0x00, 0x7C, 0x00, 0x3F, 0x1C, 0x3F, 0xFE, 0x0F, 0xFC, 0x07, 0xF0, 0xFF, 0xFF, 0xFF, 0xFF,
    0xFF, 0xFF, 0x03, 0xE0, 0x03, 0xC0, 0x03, 0xC0, 0x03, 0xC0, 0x03, 0xC0, 0x03, 0xC0, 0x03, 0xC0,
    0x03, 0xC0, 0x03, 0xC0, 0x03, 0xC0, 0x03, 0xC0, 0x03, 0xC0, 0x03, 0xC0, 0x03, 0xC0, 0x03, 0xC0,
    0x03, 0xC0, 0x03, 0xC0, 0x78, 0x07, 0xDF, 0x01, 0xF3, 0xC0, 0x78, 0xF8, 0x3E, 0x3E, 0x0F, 0x07,
    0x83, 0xC1, 0xF1, 0xF0, 0x3C, 0x78, 0x0F, 0x1E, 0x01, 0xEF, 0x80, 0x7B, 0xC0, 0x1E, 0xF0, 0x03,
    0xF8, 0x00, 0xFE, 0x00, 0x1F, 0x80, 0x03, 0xC0, 0x01, 0xF0, 0x01, 0xF8, 0x00, 0xFC, 0x00, 0x3E,
    0x00, 0x0E, 0x00, 0x00, 0x00, 0x3C, 0x00, 0x00, 0x78, 0x00, 0x07, 0xFE, 0x00, 0x7F, 0xFF, 0x01,
    0xFF, 0xFF, 0x87, 0xC7, 0x9F, 0x9F, 0x0F, 0x1F, 0x7C, 0x1E, 0x1F, 0xF8, 0x3C, 0x3F, 0xF0, 0x78,
    0x7F, 0xC0, 0xF0, 0x7F, 0x81, 0xE0, 0xFF, 0x83, 0xC3, 0xFF, 0x07, 0x87, 0xFE, 0x0F, 0x0F, 0xBE,
    0x1E, 0x3E, 0x7F, 0x7C, 0xFC, 0x7F, 0xFF, 0xF0, 0x7F, 0xFF, 0xC0, 0x3F, 0xFE, 0x00, 0x03, 0xC0,
    0x00, 0x07, 0x80, 0x00, 0x0F, 0x00, 0x00, 0x3C, 0x0F, 0x8F, 0x83, 0xC1, 0xE1, 0xF0, 0x7C, 0x78,
    0x0F, 0x3E, 0x03, 0xEF, 0x00, 0x7F, 0xC0, 0x0F, 0xE0, 0x03, 0xF0, 0x00, 0xFC, 0x00, 0x3F, 0x80,
    0x1F, 0xE0, 0x07, 0xFC, 0x03, 0xEF, 0x00, 0xF3, 0xE0, 0x7C, 0x78, 0x1E, 0x1F, 0x0F, 0x83, 0xC3,
    0xC0, 0xF9, 0xF0, 0x1F, 0xF0, 0x1E, 0x3C, 0x07, 0x8F, 0x01, 0xE3, 0xC0, 0x78, 0xF0, 0x1E, 0x3C,
    0x07, 0x8F, 0x01, 0xE3, 0xC0, 0x78, 0xF0, 0x1E, 0x3C, 0x07, 0x8F, 0x01, 0xE3, 0xC0, 0x78, 0xF0,
    0x1E, 0x3C, 0x07, 0x8F, 0x01, 0xE3, 0xC0, 0x78, 0xF8, 0x3E, 0x3F, 0xFF, 0xFF, 0xFF, 0xFF, 0xFF,
    0xFF, 0x00, 0x03, 0xC0, 0x00, 0xF0, 0x00, 0x3C, 0x00, 0x0F, 0x00, 0x03, 0xC0, 0xF0, 0x1F, 0xE0,
    0x3F, 0xC0, 0x7F, 0x80, 0xFF, 0x01, 0xFE, 0x03, 0xFC, 0x07, 0xF8, 0x0F, 0xF8, 0x1F, 0xF0, 0x7F,
    0xF1, 0xFB, 0xFF, 0xF3, 0xFF, 0xE3, 0xF3, 0xC0, 0x07, 0x80, 0x0F, 0x00, 0x1E, 0x00, 0x3C, 0x00,
    0x78, 0x00, 0xF0, 0xF0, 0x78, 0x3D, 0xE0, 0xF0, 0x7B, 0xC1, 0xE0, 0xF7, 0x83, 0xC1, 0xEF, 0x07,
    0x83, 0xDE, 0x0F, 0x07, 0xBC, 0x1E, 0x0F, 0x78, 0x3C, 0x1E, 0xF0, 0x78, 0x3D, 0xE0, 0xF0, 0x7B,
    0xC1, 0xE0, 0xF7, 0x83, 0xC1, 0xEF, 0x07, 0x83, 0xDE, 0x0F, 0x07, 0xBC, 0x1E, 0x0F, 0x78, 0x3C,
    0x1E, 0xF8, 0x7C, 0x3D, 0xFF, 0xFF, 0xFB, 0xFF, 0xFF, 0xF7, 0xFF, 0xFF, 0xE0, 0xF0, 0x78, 0x3C,
    0x78, 0x3C, 0x1E, 0x3C, 0x1E, 0x0F, 0x1E, 0x0F, 0x07, 0x8F, 0x07, 0x83, 0xC7, 0x83, 0xC1, 0xE3,
    0xC1, 0xE0, 0xF1, 0xE0, 0xF0, 0x78, 0xF0, 0x78, 0x3C, 0x78, 0x3C, 0x1E, 0x3C, 0x1E, 0x0F, 0x1E,
    0x0F, 0x07, 0x8F, 0x07, 0x83, 0xC7, 0x83, 0xC1, 0xE3, 0xC1, 0xE0, 0xF1, 0xE0, 0xF0, 0x78, 0xF8,
    0x7C, 0x3E, 0x7F, 0xFF, 0xFF, 0xFF, 0xFF, 0xFF, 0xFF, 0xFF, 0xFF, 0xF0, 0x00, 0x00, 0x78, 0x00,
    0x00, 0x3C, 0x00, 0x00, 0x1E, 0x00, 0x00, 0x0F, 0x00, 0x00, 0x07, 0x80, 0xF0, 0x00, 0xF7, 0x80,
    0x07, 0xBC, 0x00, 0x3D, 0xE0, 0x01, 0xEF, 0x00, 0x0F, 0x78, 0x00, 0x7B, 0xE0, 0x03, 0xDF, 0xF8,
    0x1E, 0xFF, 0xF0, 0xF7, 0xFF, 0xC7, 0xBC, 0x3F, 0x3D, 0xE0, 0xF9, 0xEF, 0x07, 0xCF, 0x78, 0x1E,
    0x7B, 0xC1, 0xF3, 0xDE, 0x0F, 0x9E, 0xF8, 0xF8, 0xF7, 0xFF, 0xC7, 0xBF, 0xFC, 0x3D, 0xFF, 0x81,
    0xE0, 0xF0, 0x01, 0xE0, 0x03, 0xC0, 0x07, 0x80, 0x0F, 0x00, 0x1E, 0x00, 0x3E, 0x00, 0x7F, 0xF0,
    0xFF, 0xF1, 0xFF, 0xF3, 0xC3, 0xF7, 0x83, 0xEF, 0x03, 0xDE, 0x07, 0xBC, 0x0F, 0x78, 0x3E, 0xF8,
    0xFD, 0xFF, 0xF3, 0xFF, 0xC7, 0xFE, 0x00, 0x1F, 0xC0, 0xFF, 0xC1, 0xFF, 0xC3, 0x87, 0xC0, 0x07,
    0xC0, 0x07, 0x80, 0x0F, 0x00, 0x1E, 0x1F, 0xFC, 0x3F, 0xF8, 0x7F, 0xF0, 0x01, 0xE0, 0x03, 0xC0,
    0x07, 0x80, 0x1F, 0x00, 0x3C, 0x71, 0xF9, 0xFF, 0xE1, 0xFF, 0x80, 0xFC, 0x00, 0x07, 0xFE, 0x1F,
    0xFE, 0x3F, 0xFE, 0x7E, 0x1E, 0x7C, 0x1E, 0x7C, 0x1E, 0x7C, 0x1E, 0x7C, 0x1E, 0x7E, 0x1E, 0x3F,
    0xFE, 0x1F, 0xFE, 0x0F, 0xFE, 0x0F, 0x1E, 0x1F, 0x1E, 0x1E, 0x1E, 0x3E, 0x1E, 0x3C, 0x1E, 0x7C,
    0x1E, 0x7C, 0x1E, 0xF8, 0x1E, 0x1F, 0xC0, 0xFF, 0xE0, 0xFF, 0xE1, 0x87, 0xC0, 0x0F, 0x80, 0x0F,
    0x07, 0xFE, 0x1F, 0xFC, 0x7C, 0xF9, 0xF0, 0xF3, 0xC1, 0xE7, 0xC7, 0xCF, 0x9F, 0x9F, 0xFF, 0x9F,
    0xEF, 0x1F, 0x8E, 0x00, 0x00, 0x00, 0xE0, 0x0F, 0xC0, 0x7F, 0x81, 0xFC, 0x07, 0xC0, 0x1F, 0x00,
    0x3C, 0x00, 0xFB, 0xE1, 0xEF, 0xE3, 0xFF, 0xE7, 0xE7, 0xEF, 0x87, 0xDE, 0x07, 0xBC, 0x0F, 0x78,
    0x1E, 0xF8, 0x3D, 0xF0, 0x79, 0xE1, 0xF3, 0xE7, 0xC3, 0xFF, 0x83, 0xFE, 0x03, 0xF0, 0x00, 0x7F,
    0xC3, 0xFF, 0x8F, 0xFF, 0x3E, 0x7C, 0xF0, 0xF3, 0xC3, 0xCF, 0x9F, 0x3F, 0xF0, 0xFF, 0xF3, 0xC3,
    0xEF, 0x07, 0xBC, 0x1E, 0xF8, 0xFB, 0xFF, 0xEF, 0xFF, 0x3F, 0xF0, 0xFF, 0xFF, 0xFF, 0xFF, 0xFC,
    0x0F, 0x01, 0xE0, 0x3C, 0x07, 0x80, 0xF0, 0x1E, 0x03, 0xC0, 0x78, 0x0F, 0x01, 0xE0, 0x3C, 0x07,
    0x80, 0x1F, 0xFC, 0x1F, 0xFC, 0x1F, 0xFC, 0x1E, 0x3C, 0x1E, 0x3C, 0x1E, 0x3C, 0x1E, 0x3C, 0x1E,
    0x3C, 0x1E, 0x3C, 0x3C, 0x3C, 0x3C, 0x3C, 0x3C, 0x3C, 0x78, 0x3E, 0xFF, 0xFF, 0xFF, 0xFF, 0xFF,
    0xFF, 0xE0, 0x0F, 0xE0, 0x0F, 0xE0, 0x0F, 0xE0, 0x07, 0xE0, 0x07, 0x0F, 0xC0, 0x7F, 0xC3, 0xFF,
    0x9F, 0x3E, 0x78, 0x7F, 0xE0, 0xFF, 0xFF, 0xFF, 0xFF, 0xFF, 0xFF, 0xE0, 0x0F, 0x80, 0x3E, 0x00,
    0x7C, 0x30, 0xFF, 0xE1, 0xFF, 0x83, 0xF8, 0x78, 0x78, 0x7C, 0xF0, 0xF0, 0xF0, 0xF1, 0xE3, 0xE1,
    0xE3, 0xC7, 0x81, 0xE7, 0x9F, 0x03, 0xCF, 0xBC, 0x03, 0xFF, 0xF8, 0x07, 0xFF, 0xE0, 0x1F, 0xFF,
    0xE0, 0x3C, 0xF3, 0xC0, 0x79, 0xE7, 0xC1, 0xF3, 0xC7, 0x83, 0xC7, 0x8F, 0x8F, 0x8F, 0x0F, 0x1E,
    0x1E, 0x1F, 0x7C, 0x3C, 0x1E, 0x0F, 0xE0, 0xFF, 0xC3, 0xFF, 0x86, 0x3E, 0x00, 0x78, 0x03, 0xE0,
    0xFF, 0x03, 0xF8, 0x0F, 0xF8, 0x03, 0xF0, 0x07, 0xC0, 0x1F, 0x38, 0xFD, 0xFF, 0xE7, 0xFF, 0x07,
    0xF8, 0xF0, 0xFB, 0xC3, 0xEF, 0x1F, 0xBC, 0x7E, 0xF1, 0xFB, 0xCF, 0xEF, 0x3F, 0xBD, 0xDE, 0xF7,
    0x7B, 0xF9, 0xEF, 0xE7, 0xBF, 0x9E, 0xFC, 0x7B, 0xF1, 0xEF, 0x87, 0xBE, 0x1E, 0x38, 0x60, 0xE3,
    0x83, 0xFE, 0x07, 0xF0, 0x0F, 0x80, 0x00, 0x00, 0x00, 0x00, 0x00, 0xF0, 0xFB, 0xC3, 0xEF, 0x1F,
    0xBC, 0x7E, 0xF1, 0xFB, 0xCF, 0xEF, 0x3F, 0xBD, 0xDE, 0xF7, 0x7B, 0xF9, 0xEF, 0xE7, 0xBF, 0x9E,
    0xFC, 0x7B, 0xF1, 0xEF, 0x87, 0xBE, 0x1E, 0xF0, 0x7B, 0xC3, 0xEF, 0x0F, 0x3C, 0x7C, 0xF1, 0xE3,
    0xEF, 0x0F, 0xFC, 0x3F, 0xF0, 0xFF, 0xC3, 0xCF, 0x8F, 0x1E, 0x3C, 0x7C, 0xF0, 0xF3, 0xC3, 0xEF,
    0x07, 0xBC, 0x1F, 0x1F, 0xFC, 0x3F, 0xF8, 0x7F, 0xF0, 0xF1, 0xE1, 0xE3, 0xC7, 0xC7, 0x8F, 0x0F,
    0x1E, 0x1E, 0x3C, 0x3C, 0x78, 0x78, 0xF0, 0xF1, 0xE1, 0xE7, 0xC3, 0xDF, 0x07, 0x9E, 0x0F, 0x38,
    0x1E, 0x00, 0x00, 0x3E, 0x0F, 0x87, 0xE1, 0xF0, 0xFC, 0x7E, 0x1F, 0x8F, 0xC3, 0xF1, 0xFC, 0x7F,
    0x3F, 0x8E, 0xEE, 0xF3, 0xDD, 0xDE, 0x7B, 0xBB, 0xCF, 0x7F, 0x79, 0xE7, 0xCF, 0x3C, 0xF9, 0xE7,
    0x9F, 0x3C, 0xF3, 0xE7, 0x9E, 0x00, 0xF3, 0xC0, 0x1E, 0xF0, 0x7F, 0x83, 0xFC, 0x1F, 0xE0, 0xFF,
    0x07, 0xF8, 0x3F, 0xE3, 0xFF, 0xFF, 0xFF, 0xFF, 0xFF, 0xFC, 0x1F, 0xE0, 0xFF, 0x07, 0xF8, 0x3F,
    0xC1, 0xFE, 0x0F, 0x0F, 0xE0, 0x3F, 0xE0, 0xFF, 0xE3, 0xE3, 0xE7, 0x83, 0xFF, 0x07, 0xFE, 0x0F,
    0xF8, 0x0F, 0xF0, 0x1F, 0xF0, 0x7F, 0xE0, 0xFF, 0xC1, 0xE7, 0xC7, 0xC7, 0xFF, 0x07, 0xFC, 0x07,
    0xF0, 0xFF, 0xFF, 0xFF, 0xFF, 0xFF, 0xF1, 0xFF, 0x07, 0xF8, 0x3F, 0xC1, 0xFE, 0x0F, 0xF0, 0x7F,
    0x83, 0xFC, 0x1F, 0xE0, 0xFF, 0x07, 0xF8, 0x3F, 0xC1, 0xFE, 0x0F, 0xF3, 0xE3, 0xDF, 0xCF, 0xFF,
    0xBF, 0x3E, 0xF8, 0x7F, 0xC1, 0xFF, 0x07, 0xFC, 0x0F, 0xF0, 0x3F, 0xC1, 0xFF, 0x07, 0xFE, 0x1F,
    0xFC, 0xFB, 0xFF, 0xEF, 0xFF, 0x3C, 0xF8, 0xF0, 0x03, 0xC0, 0x0F, 0x00, 0x3C, 0x00, 0xF0, 0x03,
    0xC0, 0x00, 0x0F, 0xE0, 0xFF, 0x8F, 0xFC, 0xF8, 0xC7, 0x80, 0x7C, 0x03, 0xE0, 0x1E, 0x00, 0xF0,
    0x07, 0xC0, 0x3E, 0x01, 0xF0, 0x07, 0xC6, 0x1F, 0xF8, 0x7F, 0xC1, 0xFC, 0xFF, 0xFD, 0xFF, 0xFB,
    0xFF, 0xF0, 0x3E, 0x00, 0x78, 0x00, 0xF0, 0x01, 0xE0, 0x03, 0xC0, 0x07, 0x80, 0x0F, 0x00, 0x1E,
    0x00, 0x3C, 0x00, 0x78, 0x00, 0xF0, 0x01, 0xE0, 0x03, 0xC0, 0x7C, 0x1F, 0x7C, 0x1F, 0x3C, 0x1E,
    0x3C, 0x1E, 0x3E, 0x3E, 0x3E, 0x3C, 0x1E, 0x3C, 0x1E, 0x3C, 0x1E, 0x78, 0x0F, 0x78, 0x0F, 0x78,
    0x0F, 0x70, 0x07, 0xF0, 0x07, 0xF0, 0x07, 0xF0, 0x07, 0xE0, 0x01, 0xE0, 0x03, 0xC0, 0x07, 0xC0,
    0x3F, 0x80, 0x3F, 0x00, 0x3C, 0x00, 0x00, 0x00, 0x00, 0x01, 0xE0, 0x00, 0x07, 0x80, 0x00, 0x1E,
    0x00, 0x00, 0x78, 0x00, 0x01, 0xE0, 0x00, 0x07, 0x80, 0x07, 0xDE, 0xF8, 0x3F, 0xFF, 0xF1, 0xFF,
    0xFF, 0xE7, 0xDF, 0xCF, 0xBE, 0x3E, 0x1F, 0xF8, 0x78, 0x7F, 0xC1, 0xE1, 0xFF, 0x07, 0x83, 0xFC,
    0x1E, 0x0F, 0xF8, 0x78, 0x7F, 0xE1, 0xE1, 0xFF, 0x8F, 0x87, 0xDF, 0x7F, 0x3E, 0x7F, 0xFF, 0xF8,
    0xFF, 0xFF, 0xC1, 0xE7, 0xBE, 0x00, 0x1E, 0x00, 0x00, 0x78, 0x00, 0x01, 0xE0, 0x00, 0x07, 0x80,
    0x00, 0x1E, 0x00, 0x00, 0x78, 0x00, 0x7C, 0x3E, 0x3E, 0x3C, 0x1E, 0x3C, 0x1F, 0x78, 0x0F, 0x78,
    0x0F, 0xF0, 0x07, 0xF0, 0x03, 0xE0, 0x07, 0xF0, 0x07, 0xF0, 0x0F, 0xF8, 0x1F, 0x78, 0x1E, 0x7C,
    0x3E, 0x3E, 0x3C, 0x3E, 0x7C, 0x1F, 0xF0, 0x79, 0xE0, 0xF3, 0xC1, 0xE7, 0x83, 0xCF, 0x07, 0x9E,
    0x0F, 0x3C, 0x1E, 0x78, 0x3C, 0xF0, 0x79, 0xE0, 0xF3, 0xC1, 0xE7, 0x83, 0xCF, 0x8F, 0x9F, 0xFF,
    0xFF, 0xFF, 0xFF, 0xFF, 0x00, 0x0E, 0x00, 0x1C, 0x00, 0x38, 0x00, 0x70, 0x00, 0xE0, 0xF0, 0x7F,
    0x83, 0xFC, 0x1F, 0xE0, 0xFF, 0x07, 0xF8, 0x3F, 0xE1, 0xFF, 0x3F, 0xFF, 0xFB, 0xFF, 0xCF, 0x9E,
    0x00, 0xF0, 0x07, 0x80, 0x3C, 0x01, 0xE0, 0x0F, 0xF1, 0xE1, 0xFE, 0x3C, 0x3F, 0xC7, 0x87, 0xF8,
    0xF0, 0xFF, 0x1E, 0x1F, 0xE3, 0xC3, 0xFC, 0x78, 0x7F, 0x8F, 0x0F, 0xF1, 0xE1, 0xFE, 0x3C, 0x3F,
    0xC7, 0x87, 0xF8, 0xF0, 0xFF, 0x9E, 0x3F, 0xFF, 0xFF, 0xFF, 0xFF, 0xFF, 0xFF, 0xFF, 0xF1, 0xE1,
    0xE7, 0x8F, 0x0F, 0x3C, 0x78, 0x79, 0xE3, 0xC3, 0xCF, 0x1E, 0x1E, 0x78, 0xF0, 0xF3, 0xC7, 0x87,
    0x9E, 0x3C, 0x3C, 0xF1, 0xE1, 0xE7, 0x8F, 0x0F, 0x3C, 0x78, 0x79, 0xE3, 0xC3, 0xCF, 0x9E, 0x3E,
    0x7F, 0xFF, 0xFF, 0xFF, 0xFF, 0xFF, 0xFF, 0xFF, 0x00, 0x00, 0x38, 0x00, 0x01, 0xC0, 0x00, 0x0E,
    0x00, 0x00, 0x70, 0x00, 0x03, 0x80, 0xFF, 0x80, 0x3F, 0xE0, 0x0F, 0xF8, 0x00, 0x1E, 0x00, 0x07,
    0x80, 0x01, 0xFF, 0x00, 0x7F, 0xF0, 0x1F, 0xFE, 0x07, 0xCF, 0x81, 0xE1, 0xE0, 0x78, 0x78, 0x1E,
    0x1E, 0x07, 0xCF, 0x81, 0xFF, 0xE0, 0x7F, 0xF0, 0x1F, 0xF0, 0xF0, 0x03, 0xFC, 0x00, 0xFF, 0x00,
    0x3F, 0xC0, 0x0F, 0xF0, 0x03, 0xFF, 0xE0, 0xFF, 0xFE, 0x3F, 0xFF, 0xCF, 0xF9, 0xF3, 0xFC, 0x3C,
    0xFF, 0x0F, 0x3F, 0xC3, 0xCF, 0xF1, 0xF3, 0xFF, 0xFC, 0xFF, 0xFE, 0x3F, 0xFE, 0x0F, 0xF0, 0x07,
    0x80, 0x3C, 0x01, 0xE0, 0x0F, 0x00, 0x7F, 0xC3, 0xFF, 0x9F, 0xFE, 0xF9, 0xF7, 0x87, 0xBC, 0x3D,
    0xE1, 0xEF, 0x1F, 0x7F, 0xFB, 0xFF, 0x9F, 0xF0, 0x1F, 0xC0, 0xFF, 0x83, 0xFF, 0x06, 0x3E, 0x00,
    0x78, 0x01, 0xE1, 0xFF, 0x87, 0xFE, 0x1F, 0xF8, 0x01, 0xE0, 0x07, 0x80, 0x3E, 0x31, 0xF1, 0xFF,
    0xC7, 0xFE, 0x07, 0xE0, 0xF0, 0x3F, 0x07, 0x83, 0xFE, 0x3C, 0x3F, 0xF9, 0xE3, 0xE7, 0xCF, 0x1E,
    0x1F, 0x78, 0xF0, 0x7B, 0xFF, 0x83, 0xDF, 0xFC, 0x1E, 0xFF, 0xE0, 0xF7, 0xDF, 0x07, 0xBC, 0x78,
    0x3D, 0xE3, 0xC3, 0xEF, 0x1F, 0x3E, 0x78, 0x7F, 0xF3, 0xC1, 0xFF, 0x1E, 0x07, 0xE0, 0x07, 0xFE,
    0x1F, 0xFC, 0x7F, 0xF9, 0xF9, 0xF3, 0xE1, 0xE7, 0x83, 0xCF, 0x87, 0x9F, 0x0F, 0x1F, 0xFE, 0x1F,
    0xFC, 0x3F, 0xF8, 0xF9, 0xF1, 0xF1, 0xE7, 0xC3, 0xCF, 0x07, 0xBE, 0x0F, 0x38, 0x70, 0xF3, 0xC3,
    0xCF, 0x0E, 0x1C, 0x00, 0x00, 0x00, 0x00, 0x00, 0x00, 0x00, 0x0F, 0xC0, 0x7F, 0xC3, 0xFF, 0x9F,
    0x3E, 0x78, 0x7F, 0xE0, 0xFF, 0xFF, 0xFF, 0xFF, 0xFF, 0xFF, 0xE0, 0x0F, 0x80, 0x3E, 0x00, 0x7C,
    0x70, 0xFF, 0xE1, 0xFF, 0x83, 0xF8, 0x0F, 0xE0, 0xFF, 0x8F, 0xFC, 0xF8, 0xC7, 0x80, 0x7C, 0x03,
    0xFF, 0x1F, 0xF8, 0xFF, 0xC7, 0xC0, 0x3E, 0x01, 0xF0, 0x07, 0xC6, 0x1F, 0xF8, 0x7F, 0xC1, 0xFC,
    0x77, 0xFF, 0xF7, 0x00, 0x00, 0x7B, 0xDE, 0xF7, 0xBD, 0xEF, 0x7B, 0xDE, 0xF7, 0xBD, 0xEF, 0x71,
    0xDE, 0x3F, 0xC7, 0xB8, 0xE0, 0x00, 0x00, 0x00, 0x00, 0x78, 0x0F, 0x01, 0xE0, 0x3C, 0x07, 0x80,
    0xF0, 0x1E, 0x03, 0xC0, 0x78, 0x0F, 0x01, 0xE0, 0x3C, 0x07, 0x80, 0xF0, 0x1E, 0x03, 0xC0, 0x0C,
    0x18, 0x0E, 0x38, 0x0F, 0xF8, 0x07, 0xF0, 0x03, 0xE0, 0x00, 0x00, 0x00, 0x00, 0x00, 0x00, 0x7C,
    0x1F, 0x7C, 0x1F, 0x3C, 0x1E, 0x3C, 0x1E, 0x3E, 0x3E, 0x3E, 0x3C, 0x1E, 0x3C, 0x1E, 0x3C, 0x1E,
    0x78, 0x0F, 0x78, 0x0F, 0x78, 0x0F, 0x70, 0x07, 0xF0, 0x07, 0xF0, 0x07, 0xF0, 0x07, 0xE0, 0x01,
    0xE0, 0x03, 0xC0, 0x07, 0xC0, 0x3F, 0x80, 0x3F, 0x00, 0x3C, 0x00, 0x01, 0xE0, 0x3C, 0x07, 0x80,
    0xFF, 0xFF, 0xFF, 0xFF, 0xFF, 0xC0, 0xF0, 0x1E, 0x03, 0xC0, 0x78, 0x0F, 0x01, 0xE0, 0x3C, 0x07,
    0x80, 0xF0, 0x1E, 0x03, 0xC0, 0x78, 0x00, 0x1F, 0xFE, 0x1F, 0xFE, 0x1F, 0xFE, 0x1E, 0x00, 0x1E,
    0x00, 0x1E, 0x00, 0x3E, 0x00, 0xFF, 0xE0, 0xFF, 0xE0, 0xFF, 0xE0, 0x1E, 0x00, 0x1E, 0x00, 0x1E,
    0x00, 0x1E, 0x00, 0x1E, 0x00, 0x1E, 0x00, 0x1E, 0x00, 0x1E, 0x00, 0x1E, 0x00, 0x1E, 0x00, 0x3F,
    0xF1, 0xFF, 0x8F, 0xFC, 0x78, 0x03, 0xC0, 0x1E, 0x00, 0xF0, 0x1F, 0xF0, 0xFF, 0x83, 0xE0, 0x0F,
    0x00, 0x78, 0x03, 0xC0, 0x1E, 0x00, 0xF0, 0x07, 0x80, 0xF0, 0x1E, 0xF0, 0x3C, 0xF0, 0x7C, 0xF0,
    0x78, 0xF0, 0xF8, 0xF0, 0xF0, 0xF1, 0xF0, 0xF9, 0xE0, 0xFF, 0xE0, 0xFF, 0xC0, 0xFF, 0xE0, 0xF1,
    0xE0, 0xF1, 0xF0, 0xF0, 0xF0, 0xF0, 0xF8, 0xF0, 0x78, 0xF0, 0x7C, 0xF0, 0x3F, 0xF0, 0x3F, 0xF0,
    0x1F, 0x00, 0x0F, 0x00, 0x07, 0x00, 0x07, 0x00, 0x07, 0x00, 0x07, 0xF0, 0x7B, 0xC3, 0xEF, 0x0F,
    0x3C, 0x78, 0xF1, 0xE3, 0xEF, 0x0F, 0xFC, 0x3F, 0xE0, 0xFF, 0xC3, 0xCF, 0x0F, 0x3E, 0x3C, 0x78,
    0xF1, 0xF3, 0xC3, 0xFF, 0x0F, 0xFC, 0x1F, 0x00, 0x1C, 0x00, 0x70, 0x01, 0xC0, 0x07, 0x00, 0x1C,
    0xF0, 0x1E, 0x3C, 0x07, 0x8F, 0x01, 0xE3, 0xC0, 0x78, 0xF0, 0x1E, 0x3C, 0x07, 0x8F, 0x01, 0xE3,
    0xE0, 0x78, 0xFF, 0xFE, 0x3F, 0xFF, 0x8F, 0xFF, 0xE3, 0xC0, 0x78, 0xF0, 0x1E, 0x3C, 0x07, 0x8F,
    0x01, 0xE3, 0xC0, 0x78, 0xF0, 0x1E, 0x3C, 0x07, 0xFF, 0x01, 0xFF, 0xC0, 0x7F, 0x00, 0x03, 0xC0,
    0x00, 0xF0, 0x00, 0x3C, 0x00, 0x0F, 0x00, 0x03, 0xC0, 0xF0, 0x78, 0xF0, 0x78, 0xF0, 0x78, 0xF0,
    0x78, 0xF0, 0x78, 0xF0, 0x78, 0xF8, 0xF8, 0xFF, 0xF8, 0xFF, 0xF8, 0xFF, 0xF8, 0xF0, 0x78, 0xF0,
    0x78, 0xF0, 0x78, 0xF0, 0x7F, 0xF0, 0x7F, 0xF0, 0x7F, 0x00, 0x0F, 0x00, 0x0F, 0x00, 0x0F, 0x00,
    0x0F, 0x00, 0x0F, 0x7C, 0x07, 0xDF, 0x03, 0xE3, 0xC0, 0xF8, 0xF8, 0x3C, 0x1E, 0x1F, 0x07, 0xC7,
    0x80, 0xF3, 0xE0, 0x3E, 0xF0, 0x07, 0xF8, 0x01, 0xFE, 0x00, 0x3F, 0x00, 0x0F, 0xC0, 0x01, 0xE0,
    0x00, 0x78, 0x00, 0x1E, 0x00, 0x07, 0x80, 0x01, 0xE0, 0x00, 0x78, 0x00, 0x1E, 0x00, 0x07, 0x80,
    0x78, 0x1F, 0x7C, 0x1E, 0x7C, 0x1E, 0x3C, 0x3E, 0x3C, 0x3C, 0x3E, 0x3C, 0x1E, 0x3C, 0x1E, 0x78,
    0x1E, 0x78, 0x0F, 0x78, 0x0F, 0xF0, 0x07, 0xF0, 0x07, 0xE0, 0x07, 0xE0, 0x03, 0xE0, 0x03, 0xC0,
    0x03, 0xC0, 0x03, 0xC0, 0x03, 0xC0, 0x03, 0xC0, 0x03, 0xC0, 0x03, 0xC0, 0x7C, 0x07, 0xC7, 0xC0,
    0xF8, 0xF8, 0x1E, 0x0F, 0x07, 0xC1, 0xF0, 0xF0, 0x1E, 0x3E, 0x03, 0xE7, 0x80, 0x3D, 0xF0, 0x07,
    0xFC, 0x00, 0x7F, 0x80, 0x0F, 0xE0, 0x07, 0xFF, 0x00, 0xFF, 0xE0, 0x1F, 0xFC, 0x00, 0x3C, 0x00,
    0x07, 0x80, 0x00, 0xF0, 0x00, 0x1E, 0x00, 0x03, 0xC0, 0x00, 0x78, 0x00, 0xF8, 0x1F, 0x78, 0x1E,
    0x7C, 0x3E, 0x7C, 0x3C, 0x3C, 0x3C, 0x3C, 0x3C, 0x3E, 0x78, 0x1E, 0x78, 0x1E, 0x78, 0x1E, 0x70,
    0x0F, 0xF0, 0x0F, 0xF0, 0x0F, 0xE0, 0x1F, 0xF8, 0x1F, 0xF8, 0x1F, 0xF8, 0x03, 0xC0, 0x03, 0xC0,
    0x03, 0xC0, 0x03, 0xC0, 0x03, 0xC0, 0x03, 0xC0, 0x00, 0x00, 0x07, 0xF0, 0x1F, 0xFE, 0x1F, 0xFF,
    0x87, 0x87, 0xE0, 0x00, 0xF0, 0x00, 0x7C, 0x00, 0x3E, 0x00, 0x1F, 0xFF, 0xFF, 0xFF, 0xFF, 0xFF,
    0xFF, 0xFE, 0x00, 0xFF, 0x80, 0xFF, 0xC0, 0x7D, 0xE0, 0x3C, 0xF8, 0x3E, 0x7E, 0x3E, 0x1F, 0xFF,
    0x07, 0xFF, 0x00, 0xFE, 0x00, 0x0F, 0xC0, 0x7F, 0xE0, 0xFF, 0xE1, 0xC7, 0xC0, 0x03, 0xC0, 0x07,
    0xBF, 0xFF, 0x7F, 0xFE, 0xFF, 0xFD, 0xF0, 0x7B, 0xE0, 0xF3, 0xC3, 0xE7, 0xCF, 0x87, 0xFF, 0x07,
    0xFC, 0x07, 0xE0, 0x07, 0xF8, 0x03, 0xFF, 0x03, 0xFF, 0xF0, 0xF8, 0x7C, 0x7C, 0x0F, 0x9E, 0x01,
    0xEF, 0x80, 0x7F, 0xC0, 0x0F, 0xFF, 0xFF, 0xFF, 0xFF, 0xFF, 0xFF, 0xFF, 0xE0, 0x1F, 0xF8, 0x07,
    0xFE, 0x01, 0xF7, 0x80, 0x79, 0xF0, 0x3E, 0x3E, 0x1F, 0x0F, 0xFF, 0xC0, 0xFF, 0xC0, 0x1F, 0xE0,
    0x0F, 0xE0, 0x3F, 0xE0, 0xFF, 0xE3, 0xE3, 0xE7, 0x83, 0xFF, 0x07, 0xFE, 0x0F, 0xFF, 0xFF, 0xFF,
    0xFF, 0xE0, 0x3F, 0xE0, 0xFF, 0xC1, 0xE7, 0xC7, 0xC7, 0xFF, 0x07, 0xFC, 0x07, 0xF0, 0x02, 0x27,
    0x51, 0x61, 0x80, 0x36, 0xD8, 0x46, 0x46, 0x60, 0xD8, 0x6C, 0xB5, 0xA1, 0x6B, 0x00, 0x88, 0x88,
    0x60, 0x01, 0x1C, 0x40, 0x00, 0x03, 0x9B, 0x67, 0x00, 0x61, 0x11, 0x10, 0x11, 0x18, 0x60, 0x00,
    0x15, 0x51, 0x60, 0x68, 0x88, 0x80, 0x68, 0x88, 0x80, 0x76, 0x88, 0x88, 0x88, 0x88, 0x00, 0x7F,
    0xAE, 0x5F, 0xE1, 0x80, 0x00, 0x01, 0xE5, 0x9E, 0x40, 0x00, 0x16, 0xE8, 0x03, 0x9C, 0x42, 0x00,
    0x24, 0x9E, 0x11, 0x18, 0x60, 0x00, 0x11, 0x11, 0x60, 0x11, 0x11, 0x11, 0x11, 0x6E, 0x73, 0x0C,
    0xE0, 0x00, 0x61, 0x11, 0x10, 0x07, 0xAD, 0xE1, 0x00, 0x97, 0x98, 0x84, 0x00, 0x11, 0x98, 0x60,
    0x00, 0x11, 0x11, 0x70, 0x88, 0x88, 0x60, 0x03, 0x9B, 0x67, 0x00, 0x07, 0xA4, 0xE0, 0xD8, 0x6C,
    0xDB, 0x6D, 0x80, 0x0C, 0x66, 0x30, 0xFD, 0xFE, 0xC0, 0x00, 0x30, 0x18, 0xFD, 0xFE, 0xCC, 0x06,
    0x33, 0x18, 0x1B, 0x00, 0x03, 0x6D, 0x80, 0xDB, 0x60, 0x18, 0x60, 0xFF, 0xF0, 0xFF, 0xF3, 0x0C,
    0x30, 0x1B, 0x00, 0x1B, 0x00, 0xC1, 0x80, 0xC1, 0xE0, 0xC0, 0x1B, 0x00, 0xF8, 0x00, 0xFF, 0xFF,
    0xFF, 0xFF, 0xFC, 0xF7, 0xBD, 0xEF, 0x7B, 0xDE, 0xF7, 0xBD, 0xEF, 0x00, 0x1B, 0x00, 0x1B, 0x00,
    0x77, 0xFF, 0xF7, 0x00, 0x00, 0x00, 0x09, 0xFF, 0xFF, 0xE4, 0x1B, 0x00, 0x1B, 0x00, 0x3F, 0x3F,
    0xBF, 0xDF, 0x0F, 0x07, 0x83, 0xC1, 0xE0, 0xF0, 0x78, 0x3C, 0x1E, 0x0F, 0x07, 0xC3, 0xFD, 0xFE,
    0xFF, 0x80, 0x03, 0xFF, 0xCC, 0x30, 0xC0, 0xF8, 0x1E, 0x3E, 0x0F, 0x0F, 0x87, 0x87, 0xC3, 0xC1,
    0xF1, 0xE0, 0x7C, 0xF0, 0x7E, 0x78, 0x7F, 0xBC, 0x3F, 0xFC, 0x3E, 0xFE, 0x1E, 0x7E, 0x0F, 0x1E,
    0x07, 0x8F, 0x83, 0xC3, 0xE1, 0xE0, 0xF8, 0xF0, 0x7C, 0x78, 0x1F, 0x00, 0xFF, 0xC3, 0xFF, 0x8F,
    0xFF, 0x00, 0xFC, 0x00, 0xF0, 0x03, 0xC0, 0x0F, 0x00, 0x3C, 0x00, 0xF0, 0x03, 0xC0, 0x0F, 0x00,
    0x3C, 0x00, 0xF0, 0x03, 0xEF, 0xFF, 0xFF, 0xFF, 0xFF, 0xFC, 0x3F, 0x07, 0xF0, 0xFF, 0x07, 0xE0,
    0x3C, 0x07, 0x80, 0xF0, 0x1E, 0x03, 0xC0, 0x78, 0x1F, 0x07, 0xE7, 0xFC, 0xFF, 0x9E, 0xF3, 0x9F,
    0xE3, 0xE0, 0x00, 0xFF, 0xFF, 0xFF, 0xFF, 0xFF, 0xC0, 0x3C, 0x00, 0xE0, 0x07, 0x80, 0x1E, 0x00,
    0x78, 0x01, 0xE0, 0x07, 0x80, 0x1E, 0x00, 0x78, 0x01, 0xE0, 0x07, 0x80, 0x1E, 0x00, 0x78, 0x01,
    0xE0, 0xFF, 0xF3, 0xFF, 0xEF, 0xFF, 0xC0, 0x3F, 0x00, 0x3C, 0x00, 0xF0, 0x03, 0xFC, 0x0F, 0xF0,
    0x3F, 0xC0, 0xFF, 0x03, 0xFC, 0x0F, 0xF0, 0x3F, 0xC0, 0xFF, 0x03, 0xFC, 0x0F, 0xF0, 0x3C, 0x7E,
    0xFE, 0xFE, 0x1E, 0x1E, 0x1E, 0x1E, 0x1E, 0x1E, 0x1E, 0x1E, 0x1E, 0x1E, 0x1E, 0x1E, 0x1E, 0x1E,
    0xFF, 0xFF, 0xFF, 0xF8, 0x3C, 0x0E, 0x07, 0x81, 0xE0, 0x78, 0x1E, 0x07, 0x81, 0xE0, 0x78, 0x1E,
    0x07, 0x81, 0xE0, 0x78, 0x1E, 0x00, 0xFF, 0xF1, 0xFF, 0xF3, 0xFF, 0xF7, 0xC7, 0xEF, 0x03, 0xDE,
    0x07, 0xBC, 0x0F, 0x78, 0x1E, 0xF0, 0x3D, 0xE0, 0x7B, 0xC0, 0xF7, 0x81, 0xEF, 0x03, 0xDE, 0x07,
    0xBC, 0x0F, 0x78, 0x1E, 0xF0, 0x3C, 0x78, 0xF8, 0x3C, 0x7E, 0x1E, 0x3F, 0x8F, 0x07, 0xE7, 0x81,
    0xF3, 0xE0, 0x79, 0xF0, 0x3C, 0xF8, 0x1E, 0x3C, 0x0F, 0x1E, 0x07, 0x8F, 0x07, 0xC7, 0x83, 0xC3,
    0xC3, 0xE1, 0xE7, 0xF0, 0xFF, 0xF0, 0x7F, 0xF0, 0x3F, 0xE0, 0x00, 0x7E, 0x7E, 0x7E, 0x1E, 0x1E,
    0x1E, 0x1E, 0x1E, 0x1E, 0x1E, 0x1C, 0xFF, 0xC7, 0xFF, 0x3F, 0xFC, 0x07, 0xE0, 0x0F, 0x00, 0x78,
    0x03, 0xC0, 0x1E, 0x00, 0xF0, 0x07, 0x80, 0x3C, 0x01, 0xE0, 0x0F, 0x00, 0x78, 0x03, 0xC0, 0x1E,
    0x00, 0xF0, 0x07, 0x80, 0x3C, 0x01, 0xE0, 0x0F, 0x00, 0x78, 0x03, 0xC0, 0x7F, 0x81, 0xFF, 0x87,
    0xFF, 0x00, 0xFC, 0x00, 0xF8, 0x01, 0xE0, 0x07, 0x80, 0x1E, 0x00, 0x78, 0x01, 0xE0, 0x07, 0x80,
    0x3E, 0x00, 0xF8, 0x0F, 0xC7, 0xFF, 0x1F, 0xF8, 0x7F, 0x80, 0x00, 0x07, 0x80, 0x3C, 0x01, 0xE0,
    0x0F, 0x00, 0x78, 0x03, 0xFF, 0x1F, 0xFE, 0xFF, 0xF0, 0x1F, 0xC0, 0x3E, 0x00, 0xF0, 0x07, 0x80,
    0x3C, 0x01, 0xE0, 0x1F, 0x00, 0xF0, 0x0F, 0x80, 0xF8, 0x0F, 0xC0, 0x7C, 0x03, 0xC0, 0x18, 0x00,
    0xFF, 0xF8, 0xFF, 0xFC, 0xFF, 0xFE, 0x3C, 0x7E, 0x38, 0x1E, 0x78, 0x1E, 0x78, 0x1E, 0x78, 0x1E,
    0x78, 0x1E, 0x78, 0x1E, 0x78, 0x1E, 0x78, 0x1E, 0x78, 0x1E, 0x7C, 0x1E, 0x7F, 0xFE, 0x7F, 0xFE,
    0x7F, 0xFE, 0x78, 0xF8, 0x3D, 0xFE, 0x1F, 0xFF, 0x8F, 0xFF, 0xC7, 0xE1, 0xF3, 0xE0, 0xF9, 0xF0,
    0x3C, 0xF8, 0x1E, 0x78, 0x0F, 0x3C, 0x07, 0x9E, 0x03, 0xCF, 0x01, 0xE7, 0x80, 0xF7, 0xC0, 0xFB,
    0xE3, 0xFD, 0xF3, 0xFE, 0xF9, 0xFF, 0x00, 0xF7, 0xBD, 0xEF, 0x7B, 0xDE, 0xF7, 0xBD, 0xEF, 0x7B,
    0xDE, 0xF7, 0xBD, 0xEF, 0x7B, 0xC0, 0x7E, 0x1F, 0xC7, 0xF8, 0x3E, 0x07, 0x81, 0xE0, 0x78, 0x1E,
    0x07, 0x81, 0xE0, 0x78, 0x1E, 0x07, 0x81, 0xE7, 0xF9, 0xFE, 0xFF, 0x80, 0xFF, 0xF0, 0xFF, 0xFC,
    0xFF, 0xFE, 0x78, 0x7E, 0x78, 0x1F, 0x70, 0x1F, 0xF0, 0x0F, 0xF0, 0x0F, 0xF0, 0x0F, 0xF0, 0x0F,
    0xF0, 0x0F, 0xF8, 0x1F, 0xF8, 0x1E, 0x7C, 0x3E, 0x7F, 0xFC, 0x3F, 0xFC, 0x1F, 0xF0, 0x03, 0x80,
    0x7C, 0x0F, 0x1E, 0x07, 0x8F, 0x83, 0xC7, 0xC1, 0xE1, 0xE0, 0xF0, 0xF0, 0x78, 0x7C, 0x3C, 0x1E,
    0x1E, 0x0F, 0x1F, 0x07, 0xCF, 0x01, 0xEF, 0x80, 0xFF, 0x80, 0x7F, 0xC0, 0x3F, 0xC0, 0x7F, 0xC0,
    0xFF, 0x80, 0x7F, 0x00, 0x3C, 0x00, 0x00, 0x00, 0x00, 0x00, 0x00, 0x0F, 0xF0, 0x3F, 0xF8, 0x7F,
    0xFC, 0x7C, 0x7C, 0xF8, 0x3E, 0xF0, 0x1E, 0xF0, 0x1E, 0xF0, 0x1E, 0xF8, 0x1E, 0x7C, 0x1E, 0x7E,
    0x1E, 0x3E, 0x1E, 0x0C, 0x1E, 0x00, 0x1E, 0x00, 0x1E, 0x00, 0x1E, 0x00, 0x1E, 0x00, 0x1E, 0x00,
    0x1E, 0x00, 0x1E, 0x00, 0x1E, 0x00, 0x1E, 0x00, 0x1E, 0x00, 0x00, 0x0F, 0xE0, 0x3F, 0xF0, 0x7F,
    0xF8, 0x7E, 0xFC, 0xF8, 0x3E, 0xF0, 0x3E, 0xF0, 0x1E, 0xF8, 0x1E, 0xFC, 0x1E, 0x7C, 0x1E, 0x3C,
    0x1E, 0x0C, 0x3E, 0x00, 0x7C, 0x01, 0xFC, 0x3F, 0xF8, 0x3F, 0xF0, 0x7F, 0xC0, 0x78, 0x3C, 0xF0,
    0x79, 0xE0, 0xF3, 0xC1, 0xE7, 0xC3, 0xC7, 0x87, 0x8F, 0x1F, 0x1E, 0x3C, 0x3C, 0xF8, 0x7F, 0xE0,
    0x7F, 0x80, 0xFE, 0x01, 0xF0, 0x03, 0xC0, 0x07, 0xC0, 0x07, 0x80, 0x0F, 0x00, 0x1E, 0x00, 0x3E,
    0x00, 0x3C, 0x00, 0x78, 0x00, 0xF0, 0x01, 0xE0, 0x00, 0xF8, 0x1E, 0x7C, 0x1E, 0x3E, 0x1E, 0x1E,
    0x1E, 0x1F, 0x1E, 0x0F, 0x9E, 0x07, 0xBC, 0x07, 0xFC, 0x03, 0xF8, 0x01, 0xF0, 0x01, 0xF0, 0x00,
    0xF8, 0x00, 0x7C, 0x00, 0x7E, 0x7F, 0xFE, 0x7F, 0xFE, 0xFF, 0xFE, 0xFF, 0xF0, 0xFF, 0xFC, 0xFF,
    0xFE, 0x00, 0x7E, 0x00, 0x3E, 0x00, 0x1E, 0x78, 0x1E, 0x78, 0x1E, 0x78, 0x1E, 0x78, 0x1E, 0x78,
    0x3C, 0x78, 0x3C, 0x78, 0x7C, 0x78, 0xF8, 0x78, 0xF0, 0x78, 0xE0, 0x78, 0x80, 0x78, 0x00, 0x78,
    0x00, 0x78, 0x00, 0x78, 0x00, 0x78, 0x00, 0x78, 0x00, 0xFF, 0xE3, 0xFF, 0xCF, 0xFF, 0x80, 0x7E,
    0x00, 0x78, 0x01, 0xE0, 0x07, 0x80, 0x1E, 0x00, 0x78, 0x01, 0xE0, 0x07, 0x80, 0x1E, 0x00, 0x78,
    0x01, 0xE0, 0x07, 0x80, 0x1E, 0x00, 0x78, 0xF0, 0xF1, 0xEF, 0x0F, 0x1E, 0xF8, 0xF1, 0xEF, 0x8F,
    0x1E, 0xF8, 0xF1, 0xE7, 0x8F, 0x1E, 0x79, 0xF1, 0xE7, 0x9E, 0x3E, 0x7B, 0xE3, 0xE7, 0xFC, 0x3C,
    0x7F, 0x87, 0xC7, 0xC0, 0x7C, 0x3C, 0x0F, 0x83, 0xCF, 0xF0, 0x3F, 0xFE, 0x03, 0xFF, 0xC0, 0x3F,
    0xF0, 0x00, 0x7F, 0xFE, 0x3F, 0xFF, 0x9F, 0xFF, 0xE3, 0xE3, 0xF1, 0xE0, 0x78, 0xF0, 0x3C, 0x78,
    0x1E, 0x3C, 0x0F, 0x1E, 0x07, 0x8F, 0x03, 0xC7, 0x81, 0xE3, 0xC0, 0xF1, 0xE0, 0x78, 0xF0, 0x3D,
    0xF8, 0x1E, 0xFC, 0x0F, 0xFC, 0x07, 0x98, 0x00, 0x00, 0x7E, 0x7F, 0xFE, 0x7F, 0xFE, 0x7F, 0x1E,
    0x1F, 0x1E, 0x0F, 0x1E, 0x0F, 0x1E, 0x0F, 0x1E, 0x0F, 0x1E, 0x0F, 0x1E, 0x0F, 0x1E, 0x0F, 0x1E,
    0x0F, 0x1E, 0x0F, 0x1E, 0x0F, 0x1E, 0x0F, 0x1E, 0x0F, 0x1E, 0x0F, 0x7E, 0x7E, 0x7E, 0x7E, 0x7E,
    0x7E, 0x1E, 0x1E, 0x1E, 0x1E, 0x1E, 0x1E, 0x1E, 0x1E, 0x1E, 0x1E, 0x1E, 0x1E, 0x1E, 0x1E, 0x1E,
    0x1E, 0x00, 0x1E, 0x00, 0x1E, 0x00, 0x1E, 0x00, 0x1E, 0x00, 0x1E, 0x00, 0x1E, 0x7E, 0x7E, 0xFC,
    0xFD, 0xFB, 0xF8, 0xF1, 0xF1, 0xE1, 0xE3, 0xC3, 0xC7, 0x87, 0x8F, 0x0F, 0x1E, 0x1E, 0x3C, 0x3C,
    0x70, 0x70, 0x67, 0xBD, 0xE7, 0x33, 0x98, 0x61, 0x9E, 0x7B, 0xCF, 0x79, 0xE7, 0x1C, 0xC3, 0x38,
    0xE6, 0x18, 0x00, 0x00, 0x40, 0x00, 0x00, 0xE0, 0x00, 0x00, 0xF0, 0x00, 0x01, 0xE0, 0x00, 0x01,
    0xE0, 0x00, 0x01, 0xC0, 0x00, 0x01, 0xC0, 0x00, 0x00, 0xE0, 0x00, 0x00, 0xF0, 0xFF, 0xFF, 0xFE,
    0xFF, 0xFF, 0xFE, 0xFF, 0xFF, 0xFE, 0xFF, 0xFF, 0xFE, 0x00, 0x10, 0x00, 0x0E, 0x00, 0x03, 0x80,
    0x01, 0xE0, 0x00, 0xF0, 0x00, 0x3C, 0x00, 0x1E, 0x00, 0x07, 0xC0, 0x03, 0xF8, 0x01, 0xFF, 0x00,
    0x7F, 0x80, 0x3F, 0xC0, 0x0F, 0x80, 0x07, 0xC0, 0x01, 0xE0, 0x20, 0xF0, 0x1C, 0x3C, 0x0F, 0x9E,
    0x03, 0xEF, 0x00, 0x71, 0xC0, 0x08, 0x00, 0x00, 0x00, 0x00, 0x10, 0x00, 0x07, 0x00, 0x00, 0xE0,
    0x00, 0x3C, 0x00, 0x0F, 0x00, 0x01, 0xE0, 0x00, 0x78, 0x00, 0x0F, 0x18, 0x03, 0xC7, 0x80, 0x79,
    0xF0, 0x1E, 0x7E, 0x07, 0x8F, 0x80, 0xF0, 0xE0, 0x3C, 0x08, 0x07, 0x80, 0xC1, 0xE0, 0x3C, 0x3C,
    0x0F, 0xCF, 0x01, 0xFB, 0xC0, 0x1E, 0x38, 0x01, 0x80, 0x00, 0x00, 0x03, 0x80, 0x0E, 0x00, 0x38,
    0x00, 0x60, 0x00, 0x00, 0x00, 0x00, 0x7C, 0x03, 0xF8, 0x1F, 0xF0, 0xFF, 0xE3, 0xC7, 0x8E, 0x0E,
    0x3C, 0x38, 0xF0, 0xF3, 0xFF, 0xC7, 0xFF, 0x07, 0xF8, 0x00, 0xE0, 0x1F, 0xBF, 0xFE, 0x7F, 0xF1,
    0xFF, 0x87, 0xF0, 0x00, 0x00, 0x03, 0x80, 0x0E, 0x00, 0x38, 0x00, 0xE0, 0x03, 0x80, 0x0E, 0x00,
    0x00, 0x00, 0x38, 0xE3, 0x9C, 0x73, 0xCF, 0xBE, 0xF9, 0xC0, 0x00, 0x0F, 0x0F, 0x1E, 0x1E, 0x3C,
    0x3C, 0x38, 0x78, 0x70, 0x70, 0xF0, 0x60, 0x00, 0x30, 0x30, 0x3E, 0x3F, 0x33, 0x7F, 0x7E, 0x38,
    0xE3, 0x9C, 0x73, 0xCF, 0xBE, 0xF9, 0xC0, 0x00, 0x73, 0xEF, 0xBE, 0x70, 0x18, 0x0E, 0x07, 0x03,
    0x06, 0x37, 0x3B, 0x9D, 0xCE, 0x1F, 0xC1, 0xFF, 0xC7, 0xFF, 0xBE, 0x3C, 0xF0, 0x23, 0xC0, 0x0F,
    0x80, 0x1F, 0x80, 0x3F, 0x00, 0x7C, 0x00, 0x78, 0x01, 0xE0, 0x03, 0x80, 0x00, 0x00, 0x00, 0x00,
    0x00, 0x03, 0x80, 0x1F, 0x00, 0x7C, 0x01, 0xF0, 0x03, 0x80, 0x00, 0x03, 0xE0, 0x00, 0x3F, 0xE0,
    0x01, 0xFF, 0x80, 0x0F, 0xFE, 0x00, 0x7C, 0x30, 0x01, 0xE0, 0x00, 0x07, 0x00, 0x1C, 0x1E, 0x00,
    0x70, 0x7F, 0xC3, 0xC0, 0xFF, 0xCE, 0x01, 0xFF, 0xB8, 0x01, 0xFE, 0xE0, 0x00, 0x7B, 0xC0, 0x00,
    0xEF, 0x00, 0x07, 0xBF, 0x00, 0xFE, 0x7F, 0xFF, 0xF0, 0xFF, 0xFF, 0x81, 0xFF, 0xFC, 0x01, 0xFF,
    0x80, 0x03, 0x30, 0x00, 0x0C, 0xC0, 0x00, 0x3F, 0x00, 0x00, 0x78, 0x00, 0x0F, 0xC3, 0xFE, 0x7F,
    0xE7, 0xFC, 0x78, 0x07, 0x00, 0x78, 0x03, 0xC0, 0xFF, 0xFF, 0xFF, 0xFF, 0xFF, 0xFE, 0x00, 0x1F,
    0x9F, 0xC4, 0x00, 0x00, 0xE0, 0x70, 0x38, 0x1C, 0x0E, 0x07, 0x03, 0x81, 0xC0, 0xE0, 0x70, 0x38,
    0x1C, 0x0E, 0x07, 0x03, 0x81, 0xC0, 0xE0, 0x70, 0x38, 0x3C, 0xF9, 0xC3, 0x87, 0xFF, 0xF8, 0x00,
    0x38, 0x70, 0xE1, 0xC3, 0x87, 0x0E, 0x1C, 0x38, 0x70, 0xE1, 0xC3, 0x87, 0x0E, 0x1C, 0x38, 0x70,
    0xE0, 0x07, 0x80, 0x7C, 0x03, 0x80, 0x1C, 0x00, 0x7C, 0x0F, 0xE0, 0x30, 0x00, 0x00, 0x0F, 0x80,
    0xFE, 0x0F, 0xF8, 0x7F, 0xE7, 0x8F, 0x3C, 0x39, 0xE1, 0xCF, 0x0F, 0x7F, 0xF9, 0xFF, 0xCF, 0xFE,
    0x1F, 0xE0, 0x07, 0x00, 0x78, 0x0F, 0x83, 0xFC, 0xFF, 0xC7, 0xF8, 0x1F, 0x80, 0xE0, 0x00, 0x00,
    0x00, 0x18, 0x70, 0xE1, 0xC3, 0x87, 0x0E, 0x1C, 0x38, 0x70, 0xE1, 0xC3, 0x87, 0x0E, 0x1C, 0x38,
    0x70, 0xE1, 0xC3, 0x87, 0x0E, 0x00, 0x3C, 0xF9, 0xC3, 0x87, 0xFF, 0xF8, 0x00, 0x1E, 0x00, 0x00,
    0x7C, 0x00, 0x00, 0xD0, 0x07, 0xE1, 0x80, 0x3F, 0xE3, 0xE0, 0xFF, 0xCF, 0xC3, 0xFF, 0x9E, 0x0F,
    0x86, 0x00, 0x1E, 0x00, 0x00, 0x38, 0x00, 0x70, 0x7C, 0x00, 0xE0, 0xFF, 0x83, 0xC0, 0xFF, 0xC7,
    0x00, 0xFF, 0xCE, 0x00, 0x7F, 0x9C, 0x00, 0x0F, 0x3C, 0x00, 0x0E, 0x78, 0x00, 0x3C, 0xFC, 0x03,
    0xF8, 0xFF, 0xFF, 0xE0, 0xFF, 0xFF, 0x80, 0xFF, 0xFE, 0x00, 0x7F, 0xE0, 0x00, 0x6E, 0xEE, 0xEE,
    0xEE, 0xEE, 0xEE, 0xEE, 0xEE, 0xEE, 0xEE, 0xEE, 0xE0, 0x00, 0x00, 0x04, 0x00, 0x00, 0x1E, 0x60,
    0x00, 0x1E, 0x70, 0x00, 0x1E, 0xF0, 0x00, 0x0E, 0xE0, 0x00, 0x0E, 0xE0, 0x00, 0x0E, 0xF0, 0x00,
    0x1E, 0xFC, 0x00, 0x7E, 0xFF, 0xFF, 0xFE, 0x7F, 0xFF, 0xFC, 0x3F, 0xFF, 0xF8, 0x0F, 0xFF, 0xC0,
    0x00, 0x00, 0x00, 0x00, 0x00, 0x00, 0x00, 0x30, 0x00, 0x00, 0x38, 0x00, 0x00, 0x38, 0x00, 0x00,
    0x38, 0x00, 0x1D, 0xC0, 0xEE, 0x07, 0x70, 0x31, 0x80, 0x00, 0x00, 0x00, 0x08, 0x00, 0xF0, 0x0F,
    0xC0, 0xFF, 0x0F, 0xF8, 0xF3, 0xE7, 0x0F, 0x78, 0x3F, 0xC1, 0xFC, 0x07, 0xF0, 0x7F, 0x83, 0xFE,
    0x3E, 0xFF, 0xE7, 0xFF, 0x1F, 0xF0, 0x7E, 0x00, 0x00, 0xC6, 0x00, 0x01, 0xCE, 0x00, 0x01, 0xCE,
    0x00, 0x01, 0xCE, 0x04, 0x00, 0x00, 0x1E, 0x60, 0x00, 0x1E, 0x70, 0x00, 0x1E, 0xF0, 0x00, 0x0E,
    0xE0, 0x00, 0x0E, 0xE0, 0x00, 0x0E, 0xF0, 0x00, 0x1E, 0xFC, 0x00, 0x7E, 0xFF, 0xFF, 0xFE, 0x7F,
    0xFF, 0xFC, 0x3F, 0xFF, 0xF8, 0x0F, 0xFF, 0xC0, 0x00, 0x38, 0x00, 0x00, 0x38, 0x00, 0x00, 0x38,
    0x00, 0x00, 0x30, 0x00, 0x00, 0xC6, 0x00, 0x01, 0xCE, 0x00, 0x01, 0xCE, 0x00, 0x00, 0xC6, 0x0C,
    0x00, 0x00, 0x1E, 0x70, 0x00, 0x1E, 0xF0, 0x00, 0x1E, 0xE0, 0x00, 0x0E, 0xE0, 0x00, 0x0E, 0xF0,
    0x00, 0x0E, 0xF8, 0x00, 0x7E, 0xFF, 0xFF, 0xFE, 0x7F, 0xFF, 0xFC, 0x3F, 0xFF, 0xF8, 0x1F, 0xFF,
    0xC0, 0x1F, 0xC0, 0x0F, 0xFC, 0x01, 0xFF, 0xE0, 0x1F, 0xFE, 0x03, 0x07, 0xF0, 0x00, 0x3F, 0x80,
    0x3F, 0xF0, 0x1F, 0xFE, 0x07, 0xFF, 0x81, 0xF0, 0x00, 0x78, 0x00, 0x1E, 0x00, 0x03, 0x80, 0x00,
    0xF0, 0x00, 0x1E, 0x1C, 0x03, 0x83, 0x80, 0x70, 0x70, 0x0F, 0x06, 0x01, 0xE0, 0x00, 0x3E, 0x00,
    0x03, 0xF0, 0x1C, 0x7F, 0xFF, 0x87, 0xFF, 0xF8, 0x3F, 0xFE, 0x01, 0xFF, 0x00, 0x1F, 0xC0, 0x07,
    0xFF, 0x00, 0x7F, 0xF8, 0x03, 0xFF, 0xE0, 0x30, 0x7F, 0x00, 0x01, 0xFC, 0x00, 0x7F, 0xC0, 0x3F,
    0xFC, 0x07, 0xFF, 0xC0, 0xF8, 0x00, 0x1E, 0x00, 0x03, 0xC0, 0x00, 0x38, 0x00, 0x07, 0x80, 0x00,
    0x78, 0x00, 0x07, 0x00, 0x00, 0x70, 0x00, 0x07, 0x80, 0x00, 0x78, 0x00, 0x07, 0xC0, 0x00, 0x3F,
    0x01, 0xC1, 0xFF, 0xFE, 0x1F, 0xFF, 0xE0, 0x7F, 0xFE, 0x01, 0xFF, 0x00, 0x03, 0x00, 0x00, 0xE0,
    0x00, 0x1C, 0x00, 0x03, 0x80, 0x00, 0x00, 0x00, 0x00, 0x00, 0x07, 0xF0, 0x03, 0xFF, 0x00, 0x7F,
    0xF8, 0x07, 0xFF, 0x80, 0xC1, 0xFC, 0x00, 0x0F, 0xE0, 0x0F, 0xFC, 0x07, 0xFF, 0x81, 0xFF, 0xE0,
    0x7C, 0x00, 0x1E, 0x00, 0x07, 0x80, 0x00, 0xE0, 0x00, 0x3C, 0x00, 0x07, 0x80, 0x00, 0xE0, 0x00,
    0x1C, 0x00, 0x03, 0xC0, 0x00, 0x78, 0x00, 0x0F, 0x80, 0x00, 0xFC, 0x07, 0x1F, 0xFF, 0xE1, 0xFF,
    0xFE, 0x0F, 0xFF, 0x80, 0x7F, 0xC0, 0x00, 0x00, 0x0C, 0x00, 0x78, 0x01, 0xF0, 0x07, 0xE0, 0x0F,
    0x80, 0x1F, 0x00, 0x3E, 0x00, 0x78, 0x01, 0xE0, 0x03, 0x80, 0x0E, 0x00, 0xF8, 0xFF, 0xE7, 0xFF,
    0x1F, 0xF8, 0x7F, 0x80, 0x0C, 0x00, 0xE0, 0x07, 0x00, 0x38, 0x00, 0x00, 0x00, 0x00, 0x1C, 0x01,
    0xF0, 0x0F, 0x80, 0x3E, 0x00, 0xF8, 0x03, 0xE0, 0x0F, 0x00, 0x3C, 0x01, 0xE0, 0x07, 0x00, 0x78,
    0x07, 0xDF, 0xFE, 0xFF, 0xE7, 0xFE, 0x3F, 0xC0, 0x00, 0xC0, 0x3C, 0x03, 0xE0, 0x1E, 0x01, 0xE0,
    0x1E, 0x00, 0xE0, 0x0E, 0x00, 0xE0, 0x0E, 0x01, 0xE0, 0x3E, 0x07, 0xC1, 0xFC, 0x7F, 0x87, 0xF0,
    0x7E, 0x03, 0x80, 0x00, 0x00, 0x03, 0x00, 0x78, 0x07, 0x80, 0x30, 0x00, 0x00, 0x00, 0x00, 0x00,
    0x1C, 0x03, 0xC0, 0x3E, 0x01, 0xE0, 0x1E, 0x01, 0xE0, 0x0E, 0x00, 0xE0, 0x0E, 0x01, 0xE0, 0x1E,
    0x03, 0xE0, 0xFC, 0x3F, 0x87, 0xF8, 0x7E, 0x03, 0xC0, 0x30, 0x00, 0x00, 0x00, 0x00, 0x00, 0x00,
    0x00, 0x00, 0x01, 0xE0, 0x00, 0x00, 0x00, 0x78, 0x00, 0x0C, 0x07, 0x1E, 0x00, 0x0F, 0x01, 0xC3,
    0x80, 0x03, 0xE0, 0x70, 0xE0, 0x00, 0x78, 0x1C, 0x39, 0x80, 0x1F, 0x0F, 0x0E, 0x70, 0x07, 0xE3,
    0xE7, 0xBC, 0x00, 0xFF, 0xFF, 0xEF, 0x00, 0x3F, 0xFF, 0xFB, 0x80, 0x0F, 0xFD, 0xFC, 0xE0, 0x03,
    0xFE, 0x3E, 0x38, 0x00, 0xE0, 0x00, 0x0F, 0x00, 0x78, 0x00, 0x03, 0xC0, 0x1E, 0x00, 0x00, 0xFC,
    0x1F, 0x80, 0x00, 0x1F, 0xFF, 0xC0, 0x00, 0x03, 0xFF, 0xE0, 0x00, 0x00, 0x7F, 0xF0, 0x00, 0x00,
    0x0F, 0xF0, 0x00, 0x00, 0x00, 0x00, 0x00, 0x01, 0x80, 0x00, 0x00, 0x00, 0xE0, 0x00, 0x00, 0x00,
    0x38, 0x00, 0x00, 0x00, 0x0E, 0x00, 0x00, 0x00, 0x0C, 0x60, 0x00, 0x00, 0x03, 0x9C, 0x00, 0x00,
    0x00, 0xE7, 0x00, 0x00, 0x00, 0x39, 0xC0, 0x00, 0x00, 0x00, 0x07, 0x00, 0x00, 0x00, 0x01, 0xE0,
    0x00, 0x10, 0x1C, 0x78, 0x00, 0x3C, 0x07, 0x0E, 0x00, 0x0F, 0x81, 0xC3, 0x80, 0x01, 0xE0, 0x70,
    0xE6, 0x00, 0x7C, 0x3C, 0x39, 0xC0, 0x1F, 0x8F, 0x9E, 0xF0, 0x03, 0xFF, 0xFF, 0xBC, 0x00, 0xFF,
    0xFF, 0xEE, 0x00, 0x3F, 0xF7, 0xF3, 0x80, 0x0F, 0xF8, 0xF8, 0xE0, 0x03, 0x80, 0x00, 0x3C, 0x01,
    0xE0, 0x00, 0x0F, 0x00, 0x78, 0x00, 0x03, 0xF0, 0x7E, 0x00, 0x00, 0x7F, 0xFF, 0x00, 0x00, 0x1F,
    0xFF, 0x80, 0x00, 0x01, 0xFF, 0xC0, 0x00, 0x00, 0x3F, 0xC0, 0x00, 0x00, 0x00, 0x00, 0x00, 0x1F,
    0x80, 0x00, 0x00, 0x03, 0xFE, 0x00, 0x00, 0x00, 0x3F, 0xF8, 0x00, 0x00, 0x03, 0xFF, 0xE0, 0x00,
    0x10, 0x3F, 0x0F, 0x00, 0x07, 0x83, 0xE0, 0x38, 0x00, 0x3E, 0x1E, 0x01, 0xC0, 0x00, 0xF1, 0xE0,
    0x0E, 0x60, 0x07, 0xCE, 0x00, 0xF3, 0x80, 0x3E, 0xE0, 0x0F, 0xBC, 0x00, 0xFF, 0xFF, 0xFD, 0xE0,
    0x07, 0xFF, 0xFF, 0xCE, 0x00, 0x3F, 0xFF, 0xFC, 0x70, 0x01, 0xFF, 0xFF, 0x83, 0x80, 0x0E, 0x00,
    0x00, 0x1E, 0x00, 0xF0, 0x00, 0x00, 0xF0, 0x07, 0x80, 0x00, 0x07, 0xE0, 0xFC, 0x00, 0x00, 0x1F,
    0xFF, 0xC0, 0x00, 0x00, 0x7F, 0xFC, 0x00, 0x00, 0x01, 0xFF, 0xC0, 0x00, 0x00, 0x07, 0xF8, 0x00,
    0x00, 0x00, 0x00, 0x00, 0x00, 0x1C, 0x00, 0x00, 0x00, 0x00, 0xE0, 0x00, 0x00, 0x00, 0x07, 0x00,
    0x00, 0x00, 0x00, 0x18, 0x00, 0x00, 0x00, 0x00, 0x00, 0x00, 0x00, 0x00, 0x0F, 0xC0, 0x00, 0x00,
    0x01, 0xFF, 0x00, 0x00, 0x00, 0x1F, 0xFC, 0x00, 0x00, 0x01, 0xFF, 0xF0, 0x00, 0x08, 0x1F, 0x87,
    0x80, 0x03, 0xC1, 0xF0, 0x1C, 0x00, 0x1F, 0x0F, 0x00, 0xE0, 0x00, 0x78, 0xF0, 0x07, 0x30, 0x03,
    0xE7, 0x00, 0x79, 0xC0, 0x1F, 0xF0, 0x07, 0xDE, 0x00, 0x7F, 0xFF, 0xFE, 0xF0, 0x03, 0xFF, 0xFF,
    0xE7, 0x00, 0x1F, 0xFF, 0xFE, 0x38, 0x00, 0xFF, 0xFF, 0xC1, 0xC0, 0x07, 0x00, 0x00, 0x0F, 0x00,
    0x78, 0x00, 0x00, 0x78, 0x03, 0xC0, 0x00, 0x03, 0xF0, 0x7E, 0x00, 0x00, 0x0F, 0xFF, 0xE0, 0x00,
    0x00, 0x3F, 0xFE, 0x00, 0x00, 0x00, 0xFF, 0xE0, 0x00, 0x00, 0x03, 0xFC, 0x00, 0x00, 0x00, 0x07,
    0x00, 0x00, 0x1C, 0x00, 0x00, 0x70, 0x00, 0x01, 0xC0, 0x00, 0x07, 0x00, 0x00, 0x1C, 0x00, 0x00,
    0x70, 0x00, 0x01, 0xC0, 0x00, 0x07, 0x00, 0x00, 0x1C, 0x1F, 0x00, 0x71, 0xFF, 0x01, 0xCF, 0xFE,
    0x07, 0xFF, 0xF8, 0x1F, 0xE1, 0xF0, 0x7F, 0x03, 0xC1, 0xF0, 0x07, 0x07, 0x80, 0x1C, 0x1E, 0x00,
    0xF0, 0xF0, 0x0F, 0xDF, 0xFF, 0xFF, 0x7F, 0xFF, 0xF9, 0xFF, 0xFF, 0xCF, 0xFF, 0xFC, 0x00, 0x00,
    0x00, 0x00, 0x1C, 0x00, 0x00, 0x70, 0x00, 0x01, 0xC0, 0x00, 0x07, 0x07, 0x00, 0x1C, 0x1C, 0x00,
    0x70, 0x70, 0x01, 0xC0, 0xC0, 0x07, 0x00, 0x00, 0x1C, 0x1F, 0x00, 0x71, 0xFF, 0x01, 0xCF, 0xFE,
    0x07, 0xFF, 0xF8, 0x1F, 0xE1, 0xF0, 0x7F, 0x03, 0xC1, 0xF0, 0x07, 0x07, 0x80, 0x1C, 0x1E, 0x00,
    0xF0, 0xF0, 0x0F, 0xDF, 0xFF, 0xFF, 0x7F, 0xFF, 0xF9, 0xFF, 0xFF, 0xCF, 0xFF, 0xFC, 0x00, 0x07,
    0xE0, 0x1F, 0xF0, 0x3F, 0xE0, 0x7F, 0xE0, 0x78, 0x00, 0x78, 0x00, 0x70, 0x00, 0x78, 0x00, 0x3C,
    0x78, 0x1F, 0xF8, 0x0F, 0xF8, 0x3F, 0xF8, 0x3F, 0x00, 0x78, 0x00, 0xF0, 0x00, 0xF0, 0x00, 0xE0,
    0x00, 0xE0, 0x00, 0xF0, 0x00, 0xF0, 0x00, 0x7C, 0x0E, 0x7F, 0xFE, 0x3F, 0xFF, 0x1F, 0xFF, 0x07,
    0xF8, 0x03, 0x80, 0x03, 0x80, 0x03, 0x80, 0x01, 0x80, 0x00, 0x00, 0x00, 0x00, 0x07, 0xE0, 0x1F,
    0xF0, 0x3F, 0xE0, 0x7F, 0xE0, 0x78, 0x00, 0x78, 0x00, 0x70, 0x00, 0x78, 0x00, 0x3C, 0x78, 0x1F,
    0xF8, 0x0F, 0xF8, 0x3F, 0xF8, 0x3F, 0x00, 0x78, 0x00, 0xF0, 0x00, 0xF0, 0x00, 0xE0, 0x00, 0xE0,
    0x00, 0xF0, 0x00, 0xF0, 0x00, 0x7C, 0x0E, 0x7F, 0xFE, 0x3F, 0xFF, 0x1F, 0xFF, 0x07, 0xF8, 0x00,
    0x39, 0xC0, 0x00, 0x1C, 0xE0, 0x00, 0x0E, 0x70, 0x00, 0x03, 0x30, 0x70, 0x00, 0x00, 0xF8, 0x00,
    0x00, 0xFC, 0x00, 0x01, 0xFC, 0x00, 0x03, 0xF8, 0x00, 0x07, 0xF0, 0x00, 0x03, 0xF0, 0x00, 0x03,
    0xE0, 0x00, 0x01, 0xF8, 0x00, 0x00, 0xFF, 0x00, 0x00, 0x1F, 0xC1, 0x80, 0x03, 0xF0, 0xE0, 0x00,
    0x7C, 0xF0, 0x00, 0x1E, 0x70, 0x00, 0x07, 0x38, 0x00, 0x03, 0x9E, 0x00, 0x03, 0xCF, 0x80, 0x0F,
    0xE7, 0xFF, 0xFF, 0xE1, 0xFF, 0xFF, 0xE0, 0x7F, 0xFF, 0xE0, 0x0F, 0xFF, 0x80, 0x00, 0x00, 0x00,
    0x00, 0x80, 0x00, 0x01, 0xC0, 0x00, 0x03, 0xE0, 0x00, 0x07, 0xF0, 0x00, 0x0F, 0xF0, 0x00, 0x0F,
    0xE0, 0x00, 0x1F, 0xC0, 0x00, 0x1F, 0x80, 0x00, 0x0F, 0x80, 0x00, 0x07, 0xE0, 0x00, 0x01, 0xFC,
    0x00, 0x00, 0x3F, 0x06, 0x00, 0x07, 0xC3, 0x80, 0x01, 0xF3, 0xC0, 0x00, 0x79, 0xC0, 0x00, 0x1C,
    0xE0, 0x00, 0x0E, 0x78, 0x00, 0x0F, 0x3E, 0x00, 0x3F, 0x9F, 0xFF, 0xFF, 0x87, 0xFF, 0xFF, 0x81,
    0xFF, 0xFF, 0x80, 0x3F, 0xFE, 0x00, 0x00, 0x00, 0x00, 0x00, 0x00, 0x00, 0x00, 0xC6, 0x00, 0x00,
    0x73, 0x80, 0x00, 0x39, 0xC0, 0x00, 0x18, 0xC0, 0x00, 0x03, 0x80, 0x00, 0x01, 0xC0, 0x00, 0x00,
    0xE0, 0x00, 0x00, 0x30, 0x00, 0x00, 0x79, 0xEF, 0x9E, 0x00, 0x00, 0x60, 0x00, 0x00, 0xE0, 0x00,
    0x00, 0xE0, 0x00, 0x00, 0xE0, 0x00, 0x00, 0x00, 0x00, 0x00, 0x00, 0x00, 0x01, 0xF0, 0x00, 0x03,
    0xF8, 0x00, 0x07, 0xFC, 0x00, 0x0F, 0xFE, 0x00, 0x0F, 0x1E, 0x00, 0x0E, 0x0E, 0x00, 0x0E, 0x0E,
    0x40, 0x0E, 0x0F, 0x70, 0x0F, 0x0F, 0xF0, 0x0F, 0xFF, 0xE0, 0x07, 0xFF, 0xE0, 0x03, 0xFE, 0xF0,
    0x00, 0x1E, 0xF8, 0x00, 0x7E, 0xFF, 0xFF, 0xFC, 0x7F, 0xFF, 0xF8, 0x3F, 0xFF, 0xF0, 0x1F, 0xFF,
    0x80, 0x00, 0x31, 0x80, 0x03, 0x9C, 0x00, 0x39, 0xC0, 0x03, 0x1C, 0x00, 0x00, 0x00, 0x00, 0x00,
    0x00, 0x0F, 0x00, 0x03, 0xFC, 0x00, 0x7F, 0xC0, 0x07, 0xFE, 0x00, 0xF9, 0xE0, 0x0F, 0x0F, 0x00,
    0xE0, 0x77, 0x0F, 0x07, 0x70, 0xF8, 0x7F, 0x07, 0xFF, 0xE0, 0x3F, 0xFE, 0x01, 0xFF, 0xE0, 0x00,
    0x7F, 0x00, 0x0F, 0xF0, 0x01, 0xEF, 0xE0, 0x7E, 0x7F, 0xFF, 0xC3, 0xFF, 0xF8, 0x1F, 0xFF, 0x00,
    0x7F, 0xC0, 0x00, 0x00, 0x00, 0x00, 0x00, 0xE0, 0x00, 0x03, 0x80, 0x00, 0x0E, 0x00, 0x00, 0x38,
    0x00, 0x00, 0xE0, 0x00, 0x03, 0x80, 0x02, 0x0E, 0x00, 0x38, 0x38, 0x01, 0xE0, 0xE0, 0x0E, 0x03,
    0x80, 0x3C, 0x0E, 0x00, 0x38, 0x39, 0x80, 0xE0, 0xE7, 0x1F, 0x83, 0xBC, 0x7C, 0x0E, 0xE0, 0x00,
    0x3B, 0x80, 0x00, 0xEF, 0x00, 0x03, 0xBE, 0x00, 0x7E, 0xFF, 0xFF, 0xF9, 0xFF, 0xFF, 0xE3, 0xFF,
    0xFE, 0x03, 0xFF, 0xC0, 0x00, 0x00, 0x00, 0x00, 0xE0, 0x00, 0x38, 0x00, 0x0E, 0x00, 0x03, 0x80,
    0x00, 0xE0, 0x00, 0x38, 0x00, 0x0E, 0x00, 0x03, 0x80, 0x00, 0xE0, 0x00, 0x38, 0x00, 0x0E, 0x00,
    0x03, 0x80, 0x00, 0xE0, 0x00, 0x38, 0x00, 0x0E, 0x00, 0x03, 0x9C, 0x00, 0xE7, 0x00, 0x3B, 0xC0,
    0x0E, 0xF0, 0x03, 0xB8, 0x00, 0xEE, 0x00, 0x3B, 0xC0, 0x1E, 0xF0, 0x07, 0xBF, 0x07, 0xC7, 0xFF,
    0xF1, 0xFF, 0xF8, 0x3F, 0xFC, 0x03, 0xFC, 0x00, 0x00, 0x3C, 0x00, 0x3F, 0x80, 0x1F, 0xF0, 0x07,
    0xFE, 0x03, 0xC7, 0x81, 0xE0, 0xE3, 0xF8, 0x39, 0xFC, 0x0E, 0x7F, 0x83, 0xBF, 0xF1, 0xEF, 0x3F,
    0xFB, 0xC7, 0xFE, 0xE0, 0x7F, 0x38, 0x0F, 0x8E, 0x00, 0x03, 0xC0, 0x00, 0xF0, 0x00, 0x3C, 0x00,
    0x0F, 0x00, 0x03, 0xC0, 0x00, 0xF0, 0x00, 0x1C, 0x00, 0x07, 0x80, 0x01, 0x80, 0x00, 0x01, 0xC0,
    0x00, 0x70, 0x00, 0x1C, 0x00, 0x06, 0x00, 0x00, 0x03, 0x00, 0x03, 0xC0, 0x00, 0xF8, 0x00, 0x1E,
    0x70, 0x07, 0x9C, 0x01, 0xEF, 0x00, 0x3B, 0xC0, 0x0E, 0xE0, 0x03, 0xB8, 0x00, 0xEF, 0x00, 0x3B,
    0xC0, 0x1E, 0xFC, 0x1F, 0x9F, 0xFF, 0xC7, 0xFF, 0xE0, 0xFF, 0xF0, 0x0F, 0xF0, 0x00, 0x00, 0x00,
    0x18, 0x01, 0xE0, 0x1F, 0x81, 0xFE, 0x1F, 0xF9, 0xE3, 0xCE, 0x0F, 0xF0, 0x7F, 0x83, 0xF8, 0x0F,
    0xE0, 0xFF, 0x07, 0xFC, 0x7D, 0xFF, 0xCF, 0xFE, 0x3F, 0xE0, 0xFC, 0x00, 0x0F, 0x80, 0xFE, 0x0F,
    0xF8, 0x7F, 0xE7, 0x8F, 0x3C, 0x39, 0xE0, 0xCF, 0x07, 0x7F, 0xF9, 0xFF, 0xC7, 0xFE, 0x1F, 0xE0,
    0x07, 0x00, 0x78, 0x0F, 0x83, 0xFC, 0xFF, 0xC7, 0xF8, 0x1F, 0x80, 0xE0, 0x00, 0x00, 0x00, 0x00,
    0x03, 0xF0, 0x00, 0x3F, 0xE0, 0x01, 0xFF, 0x80, 0x0F, 0xFE, 0x00, 0x7C, 0x30, 0x01, 0xE0, 0x00,
    0x07, 0x00, 0x1C, 0x1F, 0x00, 0x70, 0x7F, 0xC3, 0xC0, 0xFF, 0xCE, 0x01, 0xFF, 0xB8, 0x01, 0xFE,
    0xE0, 0x00, 0x7B, 0xC0, 0x00, 0xEF, 0x00, 0x07, 0xBF, 0x00, 0xFE, 0x7F, 0xFF, 0xF0, 0xFF, 0xFF,
    0x81, 0xFF, 0xFC, 0x01, 0xFF, 0x80, 0x00, 0x03, 0xF0, 0x00, 0x3F, 0xE0, 0x01, 0xFF, 0x80, 0x0F,
    0xFE, 0x00, 0x7C, 0x30, 0x01, 0xE0, 0x00, 0x07, 0x00, 0x1C, 0x1F, 0x00, 0x70, 0x7F, 0xC3, 0xC0,
    0xFF, 0xCE, 0x01, 0xFF, 0xB8, 0x01, 0xFE, 0xE0, 0x00, 0x7B, 0xC0, 0x00, 0xEF, 0x00, 0x07, 0xBF,
    0x00, 0xFE, 0x7F, 0xFF, 0xF0, 0xFF, 0xFF, 0x81, 0xFF, 0xFC, 0x01, 0xFF, 0x80, 0x00, 0x00, 0x00,
    0x0C, 0x60, 0x00, 0x73, 0x80, 0x01, 0xCE, 0x00, 0x07, 0x38, 0x00, 0x00, 0x7F, 0xFF, 0x03, 0xFF,
    0xF8, 0x00, 0x0E, 0x1F, 0x1B, 0x1B, 0x6F, 0xFE, 0x3C, 0x18, 0x00, 0xFF, 0xFF, 0x1F, 0xFF, 0xF0,
    0x00, 0x00, 0x3F, 0xFF, 0x80, 0x00, 0x39, 0xF6, 0xDF, 0x3D, 0xE7, 0x00, 0x00, 0xFF, 0xFF, 0x00,
    0x02, 0xDB, 0xDB, 0xFF, 0x7E, 0x73, 0xEC, 0xF3, 0xFD, 0xE0, 0x38, 0x3F, 0x9B, 0x80, 0x00, 0x00,
    0x79, 0xF3, 0x07, 0x0F, 0xFF, 0xA0, 0x00, 0x79, 0xF3, 0x07, 0x0F, 0xFF, 0xA0, 0x5B, 0x6D, 0x80,
    0x04, 0xE6, 0x7E, 0x3C, 0x66, 0x6E, 0x7C, 0x3C, 0x38, 0x38, 0x3C, 0x7C, 0x6E, 0x66, 0x73, 0xED,
    0xBE, 0xF1, 0xE3, 0x80, 0x00, 0x00, 0x78, 0x1F, 0x03, 0x03, 0x7E, 0xFF, 0xDB, 0xF0, 0x00, 0x00,
    0x30, 0xF3, 0xF3, 0xC3, 0x00, 0x00, 0x31, 0xC7, 0x9E, 0x78, 0xE3, 0x8E, 0x38, 0xE3, 0x8E, 0x38,
    0xE3, 0x8E, 0x38, 0xE3, 0x80, 0x70, 0x3B, 0x81, 0xDE, 0x0E, 0xF0, 0xF7, 0x87, 0x9E, 0x7C, 0xFF,
    0xC7, 0xFE, 0x3F, 0xE1, 0xDE, 0x0E, 0x00, 0x70, 0x03, 0x80, 0x1C, 0x00, 0xE0, 0x07, 0x00, 0x38,
    0x01, 0xC0, 0x0E, 0x00, 0x71, 0xC7, 0x38, 0xE3, 0x9E, 0x71, 0xCF, 0x38, 0xE7, 0x9C, 0x71, 0xDE,
    0x78, 0xFF, 0xFC, 0x7F, 0xFC, 0x3F, 0xFE, 0x1F, 0x9E, 0x0E, 0x00, 0x07, 0x00, 0x03, 0x80, 0x01,
    0xC0, 0x00, 0xE0, 0x00, 0x70, 0x00, 0x38, 0x00, 0x1C, 0x00, 0x0E, 0x00, 0x00, 0x03, 0x80, 0xF8,
    0x3F, 0x83, 0xF8, 0x7C, 0x07, 0x80, 0x70, 0x07, 0x00, 0x78, 0x03, 0xF8, 0x1F, 0x83, 0xF8, 0x78,
    0x0F, 0x00, 0xE0, 0x0F, 0x04, 0xFF, 0xE7, 0xFE, 0x7F, 0xE1, 0xFC, 0x0F, 0x80, 0xFE, 0x0F, 0xF8,
    0xFF, 0xE7, 0x8F, 0x78, 0x3F, 0xC1, 0xFC, 0x07, 0xE0, 0x3F, 0x83, 0xFE, 0x3E, 0xFF, 0xE7, 0xFF,
    0x1F, 0xF0, 0x3E, 0x00, 0x7F, 0xE3, 0xFF, 0x1F, 0xF8, 0xFF, 0xC0, 0x0E, 0x00, 0x70, 0x03, 0x80,
    0x1C, 0x00, 0xE0, 0x07, 0x00, 0x38, 0x01, 0xC0, 0x0F, 0x00, 0x78, 0x03, 0xC0, 0x1E, 0x00, 0x70,
    0x03, 0x80, 0x1E, 0x00, 0x00, 0x70, 0x0E, 0xF0, 0x1F, 0x78, 0x1E, 0x78, 0x1E, 0x78, 0x1E, 0x3C,
    0x3C, 0x3C, 0x3C, 0x3C, 0x3C, 0x1C, 0x78, 0x1E, 0x78, 0x1E, 0x78, 0x1E, 0x70, 0x0E, 0xF0, 0x0F,
    0xF0, 0x0F, 0xE0, 0x07, 0xE0, 0x07, 0xE0, 0x07, 0xC0, 0x03, 0xC0, 0x03, 0xC0, 0x07, 0xC0, 0x07,
    0xE0, 0x07, 0xE0, 0x07, 0xE0, 0x0F, 0xF0, 0x0F, 0xF0, 0x0E, 0x70, 0x1E, 0x78, 0x1E, 0x78, 0x1C,
    0x38, 0x3C, 0x3C, 0x3C, 0x3C, 0x3C, 0x3C, 0x78, 0x1E, 0x78, 0x1E, 0x78, 0x1E, 0xF0, 0x1F, 0x70,
    0x0E, 0x1F, 0x00, 0xFF, 0x07, 0xFE, 0x3F, 0xF8, 0xF0, 0xF3, 0x83, 0xCF, 0x87, 0x3F, 0xFC, 0x7F,
    0xF0, 0xFF, 0xC0, 0xFF, 0x00, 0x1C, 0x00, 0x70, 0x01, 0xC0, 0x07, 0x00, 0x1E, 0x00, 0x78, 0x01,
    0xE0, 0x03, 0x80, 0x00, 0x00, 0x08, 0x18, 0x1C, 0x3C, 0x1C, 0x7E, 0x3C, 0x3C, 0x78, 0x18, 0x78,
    0x00, 0xF0, 0x00, 0xF0, 0x01, 0xE0, 0x01, 0xE0, 0x03, 0xC0, 0x07, 0x80, 0x07, 0x80, 0x0F, 0x00,
    0x0F, 0x08, 0x1E, 0x1C, 0x1E, 0x3E, 0x3C, 0x3E, 0x78, 0x1C, 0x38, 0x08, 0x00, 0x00, 0x03, 0xDE,
    0xE7, 0x7B, 0xDC, 0x60, 0x7B, 0xDE, 0xEF, 0x7B, 0xDC, 0x00, 0x00, 0x30, 0x00, 0x00, 0xC0, 0x00,
    0x03, 0x00, 0x00, 0x0C, 0x00, 0x00, 0x30, 0x00, 0x01, 0xC0, 0x00, 0x07, 0x80, 0x3E, 0x1E, 0x1E,
    0x7F, 0xFF, 0xF8, 0x7F, 0xFF, 0x80, 0x7F, 0xF8, 0x00, 0x7F, 0x80, 0x00, 0xFC, 0x00, 0x07, 0xF8,
    0x00, 0x3C, 0xE0, 0x00, 0xE3, 0xC0, 0x07, 0x87, 0x80, 0x1C, 0x0E, 0x00, 0xE0, 0x1C, 0x03, 0x00,
    0x30, 0x00, 0x00, 0x00, 0x00, 0x00, 0x04, 0x00, 0x00, 0x1E, 0x60, 0x00, 0x1E, 0x70, 0x00, 0x1E,
    0xF0, 0x00, 0x0E, 0xE0, 0x00, 0x0E, 0xE0, 0x00, 0x0E, 0xF0, 0x00, 0x1E, 0xFC, 0x00, 0x7E, 0xFF,
    0xFF, 0xFE, 0x7F, 0xFF, 0xFC, 0x3F, 0xFF, 0xF8, 0x0F, 0xFF, 0xC0, 0x00, 0x0F, 0x00, 0x03, 0xFC,
    0x00, 0x7F, 0xC0, 0x07, 0xFE, 0x00, 0xF9, 0xE0, 0x0F, 0x0F, 0x00, 0xE0, 0x77, 0x0F, 0x07, 0x70,
    0xF8, 0x7F, 0x07, 0xFF, 0xE0, 0x3F, 0xFE, 0x01, 0xFF, 0xE0, 0x00, 0x7F, 0x00, 0x0F, 0xF0, 0x01,
    0xEF, 0xE0, 0x7E, 0x7F, 0xFF, 0xC3, 0xFF, 0xF8, 0x1F, 0xFF, 0x00, 0x7F, 0xC0, 0x5B, 0x6D, 0x80,
    0x0E, 0x3F, 0x73, 0xFF, 0xFE, 0x00, 0x00, 0x38, 0x38, 0x38, 0x38, 0x38, 0x38, 0x38, 0x38, 0x38,
    0x38, 0x38, 0x38, 0x38, 0x38, 0x38, 0x38, 0x38, 0x38, 0x38, 0x03, 0xC0, 0xF8, 0x1C, 0x03, 0x83,
    0xFC, 0xFF, 0x80, 0x00, 0x10, 0x0E, 0x01, 0xC0, 0x38, 0x07, 0x00, 0xE0, 0x1C, 0x03, 0x80, 0x70,
    0x0E, 0x01, 0xC0, 0x38, 0x07, 0x00, 0xE0, 0x1C, 0x03, 0x80, 0x70, 0x0E, 0x01, 0xC0, 0x38, 0x00,
    0x01, 0x80, 0x70, 0x0E, 0x01, 0xC0, 0x38, 0x07, 0x00, 0xE0, 0x1C, 0x03, 0x80, 0x70, 0x0E, 0x01,
    0xC0, 0x38, 0x07, 0x00, 0xE0, 0x1C, 0x03, 0x80, 0x70, 0x0E, 0x01, 0xC0, 0x38, 0x07, 0x00, 0xE0,
    0x00, 0x03, 0xC0, 0xF8, 0x18, 0x1B, 0xF7, 0xFE, 0xDF, 0x00, 0x00, 0x00, 0x79, 0xF3, 0x07, 0x0F,
    0xFF, 0xA0, 0x20, 0x1C, 0x03, 0x8F, 0x73, 0xEE, 0x61, 0xCE, 0x39, 0xFF, 0x7F, 0xE4, 0x1C, 0x03,
    0x80, 0x70, 0x0E, 0x01, 0xC0, 0x38, 0x07, 0x00, 0xE0, 0x1C, 0x03, 0x80, 0x70, 0x0E, 0x01, 0xC0,
    0x38, 0x00, 0x00, 0x00, 0x01, 0xE0, 0x0F, 0x80, 0x30, 0x00, 0xC0, 0x07, 0xF0, 0x1F, 0x80, 0x00,
    0x00, 0x00, 0x00, 0x00, 0xF8, 0x07, 0xF0, 0x3F, 0xE0, 0xFF, 0xC7, 0x8F, 0x1E, 0x1C, 0x78, 0x71,
    0xE1, 0xE7, 0xFF, 0x8F, 0xFE, 0x3F, 0xF8, 0x3F, 0xC0, 0x07, 0x00, 0x3C, 0x03, 0xE0, 0x7F, 0x8F,
    0xFC, 0x3F, 0xC0, 0x7E, 0x01, 0xC0, 0x00, 0x00, 0x00, 0x07, 0x00, 0x7C, 0x03, 0x60, 0x0F, 0x00,
    0x70, 0x07, 0x80, 0x38, 0x00, 0x00, 0x07, 0x80, 0x7C, 0x03, 0x80, 0x18, 0x00, 0xF8, 0x0F, 0xE0,
    0x30, 0x00, 0x00, 0x0F, 0x80, 0xFE, 0x0F, 0xF8, 0x7F, 0xE7, 0x8F, 0x3C, 0x39, 0xC1, 0xCF, 0x0F,
    0x7F, 0xF9, 0xFF, 0xCF, 0xFE, 0x1F, 0xE0, 0x0F, 0x00, 0xF8, 0x0F, 0x83, 0xFC, 0xFF, 0xC7, 0xF8,
    0x1F, 0x80, 0xE0, 0x00, 0x00, 0x00, 0x00, 0x00, 0x00, 0x00, 0x01, 0xF0, 0x00, 0x07, 0xE0, 0x00,
    0x0C, 0x00, 0x00, 0x1C, 0x00, 0x00, 0x3F, 0x80, 0x00, 0xFF, 0x00, 0x00, 0x80, 0x00, 0x00, 0x00,
    0x00, 0x07, 0xE0, 0x00, 0x3F, 0xE0, 0x00, 0xFF, 0xC0, 0x03, 0xFF, 0x80, 0x0F, 0x86, 0x00, 0x1E,
    0x00, 0x00, 0x38, 0x00, 0x70, 0x7C, 0x00, 0xE0, 0xFF, 0x83, 0xC0, 0xFF, 0xC7, 0x00, 0xFF, 0xCE,
    0x00, 0x7F, 0x9C, 0x00, 0x0F, 0x3C, 0x00, 0x0E, 0x78, 0x00, 0x3C, 0xFC, 0x03, 0xF8, 0xFF, 0xFF,
    0xE0, 0xFF, 0xFF, 0x80, 0xFF, 0xFE, 0x00, 0x7F, 0xE0, 0x00, 0x00, 0x60, 0x00, 0x00, 0x6C, 0x00,
    0x00, 0x7E, 0x00, 0x00, 0x66, 0x00, 0x00, 0xFE, 0x00, 0x00, 0xFC, 0x0C, 0x00, 0x00, 0x1E, 0x70,
    0x00, 0x1E, 0xF0, 0x00, 0x1E, 0xF0, 0x00, 0x0E, 0xE0, 0x00, 0x0E, 0xE0, 0x00, 0x0E, 0xF0, 0x00,
    0x1E, 0xFC, 0x00, 0x7E, 0xFF, 0xFF, 0xFE, 0x7F, 0xFF, 0xFC, 0x3F, 0xFF, 0xF8, 0x0F, 0xFF, 0xC0,
    0x00, 0x38, 0x00, 0x00, 0x38, 0x00, 0x00, 0x38, 0x00, 0x00, 0x30, 0x00, 0x00, 0x30, 0x00, 0x00,
    0x38, 0x00, 0x00, 0x38, 0x04, 0x00, 0x38, 0x1E, 0x40, 0x00, 0x1E, 0x70, 0x00, 0x1E, 0xF0, 0x00,
    0x0E, 0xE0, 0x00, 0x0E, 0xE0, 0x00, 0x0E, 0xF0, 0x00, 0x1E, 0xF8, 0x00, 0x7E, 0xFF, 0xFF, 0xFE,
    0x7F, 0xFF, 0xFC, 0x3F, 0xFF, 0xF8, 0x0F, 0xFF, 0xC0, 0x00, 0x00, 0x04, 0x00, 0x00, 0x1E, 0x60,
    0x00, 0x1E, 0x70, 0x00, 0x1E, 0xF0, 0x00, 0x0E, 0xE0, 0x00, 0x0E, 0xE0, 0x00, 0x0E, 0xF0, 0x00,
    0x1E, 0xFC, 0x00, 0x7E, 0xFF, 0xFF, 0xFE, 0x7F, 0xFF, 0xFC, 0x3F, 0xFF, 0xF8, 0x0F, 0xFF, 0xC0,
    0x00, 0x00, 0x00, 0x00, 0x30, 0x00, 0x00, 0x38, 0x00, 0x00, 0x38, 0x00, 0x00, 0x38, 0x00, 0x00,
    0x00, 0x00, 0x00, 0x30, 0x00, 0x00, 0x38, 0x00, 0x00, 0x38, 0x00, 0x00, 0x38, 0x00, 0x00, 0xC6,
    0x00, 0x01, 0xCE, 0x00, 0x01, 0xCE, 0x00, 0x01, 0xCE, 0x04, 0x00, 0x00, 0x1E, 0x60, 0x00, 0x1E,
    0x70, 0x00, 0x1E, 0xF0, 0x00, 0x0E, 0xE0, 0x00, 0x0E, 0xE0, 0x00, 0x0E, 0xF0, 0x00, 0x1E, 0xFC,
    0x00, 0x7E, 0xFF, 0xFF, 0xFE, 0x7F, 0xFF, 0xFC, 0x3F, 0xFF, 0xF8, 0x0F, 0xFF, 0xE0, 0x00, 0xD8,
    0x00, 0x00, 0xD8, 0x00, 0x00, 0xF8, 0x00, 0x00, 0x70, 0x00, 0x00, 0xC6, 0x00, 0x01, 0xCE, 0x00,
    0x01, 0xCE, 0x00, 0x01, 0xCE, 0x00, 0x00, 0x30, 0x00, 0x00, 0x38, 0x00, 0x00, 0x38, 0x04, 0x00,
    0x30, 0x1E, 0x40, 0x00, 0x1E, 0x70, 0x00, 0x1E, 0xF0, 0x00, 0x0E, 0xE0, 0x00, 0x0E, 0xE0, 0x00,
    0x0E, 0xF0, 0x00, 0x1E, 0xF8, 0x00, 0x7E, 0xFF, 0xFF, 0xFE, 0x7F, 0xFF, 0xFC, 0x3F, 0xFF, 0xF8,
    0x1F, 0xFF, 0xC0, 0x00, 0x00, 0x04, 0x00, 0x00, 0x1E, 0x60, 0x00, 0x1E, 0x70, 0x00, 0x1E, 0xF0,
    0x00, 0x0E, 0xE0, 0x00, 0x0E, 0xE0, 0x00, 0x0E, 0xF0, 0x00, 0x1E, 0xFC, 0x00, 0x7E, 0xFF, 0xFF,
    0xFE, 0x7F, 0xFF, 0xFC, 0x3F, 0xFF, 0xF8, 0x0F, 0xFF, 0xC0, 0x00, 0x00, 0x00, 0x00, 0x00, 0x00,
    0x01, 0xC6, 0x00, 0x01, 0xCE, 0x00, 0x01, 0xCE, 0x00, 0x00, 0xC6, 0x00, 0x00, 0x30, 0x00, 0x00,
    0x38, 0x00, 0x00, 0x38, 0x00, 0x00, 0x30, 0x00, 0x00, 0xEE, 0x00, 0x00, 0xEE, 0x00, 0x00, 0xEE,
    0x00, 0x00, 0x00, 0x00, 0x00, 0xEE, 0x00, 0x00, 0xEE, 0x00, 0x00, 0xEE, 0x1C, 0x40, 0x00, 0x1E,
    0x70, 0x00, 0x1E, 0xF0, 0x00, 0x0E, 0xE0, 0x00, 0x0E, 0xE0, 0x00, 0x0E, 0xF0, 0x00, 0x1E, 0xF8,
    0x00, 0x7E, 0xFF, 0xFF, 0xFE, 0x7F, 0xFF, 0xFC, 0x3F, 0xFF, 0xF8, 0x0F, 0xFF, 0xC0, 0x00, 0x00,
    0x04, 0x00, 0x00, 0x1E, 0x60, 0x00, 0x1E, 0x70, 0x00, 0x1E, 0xF0, 0x00, 0x0E, 0xE0, 0x00, 0x0E,
    0xE0, 0x00, 0x0E, 0xF0, 0x00, 0x1E, 0xFC, 0x00, 0x7E, 0xFF, 0xFF, 0xFE, 0x7F, 0xFF, 0xFC, 0x3F,
    0xFF, 0xF8, 0x0F, 0xFF, 0xC0, 0x00, 0x00, 0x00, 0x00, 0x00, 0x00, 0x00, 0xEE, 0x00, 0x00, 0xEE,
    0x00, 0x00, 0xEE, 0x00, 0x00, 0x00, 0x00, 0x00, 0xEE, 0x00, 0x00, 0xEE, 0x00, 0x00, 0xEE, 0x00,
    0x07, 0x80, 0x00, 0xF8, 0x00, 0x0C, 0x00, 0x00, 0xC0, 0x00, 0x0F, 0xC0, 0x01, 0xFC, 0x00, 0x1C,
    0x00, 0x00, 0x00, 0x00, 0x1F, 0xC0, 0x07, 0xFE, 0x00, 0x7F, 0xF8, 0x03, 0xFF, 0xC0, 0x30, 0x7F,
    0x00, 0x01, 0xFC, 0x00, 0xFF, 0xC0, 0x3F, 0xFC, 0x07, 0xFF, 0xC0, 0xF8, 0x00, 0x1E, 0x00, 0x03,
    0xC0, 0x00, 0x38, 0x00, 0x07, 0x80, 0x00, 0x78, 0x00, 0x07, 0x00, 0x00, 0x70, 0x00, 0x07, 0x80,
    0x00, 0x78, 0x00, 0x07, 0xC0, 0x00, 0x3F, 0x01, 0xC1, 0xFF, 0xFE, 0x1F, 0xFF, 0xE0, 0x7F, 0xFE,
    0x01, 0xFF, 0x00, 0x03, 0x00, 0x00, 0x70, 0x00, 0x07, 0x00, 0x00, 0x70, 0x00, 0x00, 0x00, 0x00,
    0x70, 0x00, 0x07, 0x00, 0x00, 0x70, 0x00, 0x03, 0x00, 0x00, 0x00, 0x00, 0x1F, 0xC0, 0x07, 0xFE,
    0x00, 0x7F, 0xF8, 0x03, 0xFF, 0xC0, 0x30, 0x7F, 0x00, 0x01, 0xFC, 0x00, 0xFF, 0xC0, 0x3F, 0xFC,
    0x07, 0xFF, 0x80, 0xF8, 0x00, 0x1E, 0x00, 0x03, 0xC0, 0x00, 0x38, 0x00, 0x07, 0x80, 0x00, 0x78,
    0x00, 0x07, 0x00, 0x00, 0x70, 0x00, 0x07, 0x80, 0x00, 0x78, 0x00, 0x07, 0xC0, 0x00, 0x3F, 0x01,
    0xC1, 0xFF, 0xFC, 0x1F, 0xFF, 0xE0, 0x7F, 0xFC, 0x01, 0xFF, 0x00, 0x1F, 0xC0, 0x07, 0xFF, 0x00,
    0x7F, 0xF8, 0x03, 0xFF, 0xE0, 0x30, 0x7F, 0x80, 0x01, 0xFC, 0x00, 0xFF, 0xC0, 0x3F, 0xFC, 0x07,
    0xF0, 0x00, 0xF8, 0x00, 0x1E, 0x00, 0x03, 0xC0, 0x00, 0x38, 0x00, 0x07, 0x98, 0xC0, 0x79, 0xCE,
    0x07, 0x1C, 0xE0, 0x71, 0xCE, 0x07, 0x80, 0x00, 0x78, 0x00, 0x07, 0xC0, 0x00, 0x3F, 0x01, 0xC1,
    0xFF, 0xFE, 0x1F, 0xFF, 0xE0, 0x7F, 0xFE, 0x01, 0xFF, 0x00, 0x1F, 0xC0, 0x0F, 0xFC, 0x01, 0xFF,
    0xE0, 0x1F, 0xFE, 0x03, 0x07, 0xF0, 0x00, 0x3F, 0x80, 0x3F, 0xF0, 0x1F, 0xFE, 0x07, 0xFF, 0x81,
    0xF0, 0x00, 0x78, 0x00, 0x1E, 0x00, 0x03, 0x87, 0x00, 0xF0, 0xE0, 0x1E, 0x1C, 0x03, 0x81, 0x80,
    0x70, 0x30, 0x0F, 0x0E, 0x01, 0xE1, 0xC0, 0x3E, 0x38, 0x03, 0xF0, 0x1C, 0x7F, 0xFF, 0x87, 0xFF,
    0xF8, 0x3F, 0xFE, 0x01, 0xFF, 0x00, 0x07, 0x00, 0x00, 0x70, 0x00, 0x07, 0x00, 0x01, 0x8C, 0x00,
    0x1C, 0xE0, 0x01, 0xCE, 0x00, 0x1C, 0xE0, 0x00, 0x00, 0x00, 0x00, 0x00, 0x01, 0xFC, 0x00, 0x7F,
    0xF0, 0x07, 0xFF, 0x80, 0x3F, 0xFE, 0x01, 0x07, 0xF0, 0x00, 0x1F, 0xC0, 0x07, 0xFC, 0x03, 0xFF,
    0xC0, 0x7F, 0xFC, 0x0F, 0x80, 0x01, 0xE0, 0x00, 0x3C, 0x00, 0x03, 0x80, 0x00, 0x78, 0x00, 0x07,
    0x80, 0x00, 0x70, 0x00, 0x07, 0x00, 0x00, 0x78, 0x00, 0x07, 0x80, 0x00, 0x7C, 0x00, 0x03, 0xF0,
    0x1C, 0x1F, 0xFF, 0xE1, 0xFF, 0xFE, 0x07, 0xFF, 0xE0, 0x1F, 0xF0, 0x1F, 0xC0, 0x07, 0xFF, 0x00,
    0x7F, 0xF8, 0x03, 0xFF, 0xE0, 0x30, 0x7F, 0x80, 0x01, 0xFC, 0x00, 0xFF, 0xC0, 0x3F, 0xFC, 0x07,
    0xFF, 0xC0, 0xF8, 0x00, 0x1E, 0x00, 0x03, 0xC0, 0x00, 0x39, 0xCE, 0x07, 0x9C, 0xE0, 0x79, 0xCE,
    0x07, 0x00, 0x00, 0x70, 0x70, 0x07, 0x87, 0x00, 0x78, 0x70, 0x07, 0xC0, 0x00, 0x3F, 0x01, 0xC1,
    0xFF, 0xFE, 0x1F, 0xFF, 0xE0, 0x7F, 0xFE, 0x01, 0xFF, 0x00, 0x1F, 0x80, 0x0F, 0xFC, 0x01, 0xFF,
    0xE0, 0x1F, 0xFE, 0x03, 0x07, 0xF0, 0x00, 0x3F, 0x80, 0x1F, 0xF0, 0x1F, 0xFE, 0x07, 0xFF, 0xC1,
    0xF8, 0x00, 0x7C, 0x00, 0x1E, 0x00, 0x03, 0x9D, 0xC0, 0xF3, 0xB8, 0x1E, 0x77, 0x03, 0x80, 0x00,
    0x71, 0xDC, 0x0F, 0x3B, 0x81, 0xE7, 0x70, 0x3E, 0x00, 0x03, 0xF0, 0x1C, 0x7F, 0xFF, 0x87, 0xFF,
    0xF8, 0x3F, 0xFE, 0x01, 0xFF, 0x00, 0x30, 0x01, 0xF0, 0x0F, 0xC0, 0x66, 0x07, 0xF0, 0x3F, 0x00,
    0x00, 0x00, 0x00, 0x06, 0x00, 0x78, 0x03, 0xE0, 0x0F, 0x80, 0x3C, 0x00, 0xF0, 0x07, 0xC0, 0x1E,
    0x00, 0xF0, 0x03, 0x80, 0x1C, 0x03, 0xE7, 0xFF, 0x3F, 0xF3, 0xFF, 0x1F, 0xE0, 0x00, 0x00, 0x18,
    0x01, 0xC0, 0x1F, 0x00, 0x7C, 0x01, 0xF0, 0x07, 0x80, 0x3E, 0x00, 0xF0, 0x07, 0x80, 0x1C, 0x00,
    0xE0, 0x1F, 0x3F, 0xF9, 0xFF, 0xDF, 0xFC, 0x7F, 0x80, 0xCC, 0x06, 0x60, 0x3F, 0x00, 0xF0, 0x00,
    0x00, 0x00, 0x10, 0x03, 0xC0, 0x1F, 0x00, 0x7C, 0x01, 0xE0, 0x07, 0x80, 0x3E, 0x00, 0xF0, 0x07,
    0x80, 0x1C, 0x00, 0xE0, 0x1F, 0x3F, 0xF9, 0xFF, 0x9F, 0xF8, 0x7F, 0x00, 0x00, 0x00, 0x00, 0x1C,
    0x00, 0xE0, 0x07, 0x00, 0x18, 0x00, 0x30, 0x01, 0xF0, 0x0F, 0xC0, 0x66, 0x07, 0xF0, 0x3F, 0x00,
    0x00, 0x00, 0x00, 0x06, 0x00, 0x78, 0x03, 0xE0, 0x0F, 0x80, 0x3C, 0x00, 0xF0, 0x07, 0xC0, 0x1E,
    0x00, 0xF0, 0x03, 0x80, 0x1C, 0x03, 0xE7, 0xFF, 0x3F, 0xF3, 0xFF, 0x1F, 0xE0, 0x00, 0x00, 0x00,
    0x03, 0x80, 0x1C, 0x00, 0xE0, 0x03, 0x00, 0x31, 0x83, 0x9C, 0x1C, 0xE0, 0xE7, 0x00, 0x00, 0x00,
    0x00, 0x0C, 0x00, 0xF0, 0x0F, 0xC0, 0x3E, 0x00, 0xF8, 0x03, 0xE0, 0x0F, 0x00, 0x3C, 0x01, 0xE0,
    0x07, 0x00, 0x78, 0x07, 0xDF, 0xFE, 0xFF, 0xE7, 0xFE, 0x3F, 0xC0, 0x00, 0x00, 0x18, 0x01, 0xE0,
    0x1F, 0x80, 0x7C, 0x01, 0xF0, 0x07, 0xC0, 0x1E, 0x00, 0x78, 0x03, 0xC0, 0x0E, 0x00, 0xF0, 0x0F,
    0xBF, 0xFD, 0xFF, 0xCF, 0xFC, 0x7F, 0x80, 0x00, 0x00, 0x00, 0x73, 0x83, 0x9C, 0x1C, 0xE0, 0x63,
    0x00, 0x0E, 0x00, 0x70, 0x03, 0x80, 0x63, 0x07, 0x38, 0x39, 0xC1, 0xCE, 0x00, 0x00, 0x00, 0x00,
    0x18, 0x01, 0xE0, 0x1F, 0x80, 0x7E, 0x01, 0xF0, 0x07, 0xC0, 0x1E, 0x00, 0x78, 0x03, 0xC0, 0x0E,
    0x00, 0xF0, 0x0F, 0x9F, 0xFD, 0xFF, 0xCF, 0xFC, 0x7F, 0x80, 0x73, 0x83, 0x9C, 0x1C, 0xE0, 0x63,
    0x00, 0xC0, 0x07, 0x00, 0x38, 0x01, 0x80, 0x00, 0x00, 0x08, 0x00, 0xE0, 0x1F, 0x00, 0x7C, 0x01,
    0xF0, 0x07, 0xC0, 0x1E, 0x00, 0x78, 0x03, 0xC0, 0x1E, 0x00, 0x70, 0x0F, 0x9F, 0xFD, 0xFF, 0xCF,
    0xFC, 0x7F, 0x80, 0x77, 0x03, 0xB8, 0x1D, 0xC0, 0x00, 0x07, 0x70, 0x3B, 0x81, 0xDC, 0x00, 0x00,
    0x02, 0x00, 0x38, 0x03, 0xE0, 0x1F, 0x00, 0x7C, 0x01, 0xF0, 0x07, 0x80, 0x3E, 0x00, 0xF0, 0x03,
    0x80, 0x1C, 0x00, 0xE0, 0x1F, 0x3F, 0xF9, 0xFF, 0x9F, 0xF8, 0x7F, 0x00, 0x0C, 0x01, 0xF0, 0x3F,
    0x06, 0x61, 0xFC, 0x3F, 0x00, 0x00, 0x00, 0x00, 0x00, 0x70, 0x0F, 0x01, 0xE0, 0x1E, 0x03, 0xC0,
    0x78, 0x0F, 0x00, 0xE0, 0x1C, 0x07, 0x80, 0xF0, 0x3C, 0x1F, 0x8F, 0xE7, 0xF8, 0x7E, 0x0F, 0x00,
    0x80, 0x00, 0x0C, 0xC0, 0xDC, 0x0F, 0x80, 0x78, 0x03, 0x00, 0x00, 0x00, 0x00, 0x1C, 0x03, 0xC0,
    0x3E, 0x01, 0xE0, 0x1E, 0x01, 0xE0, 0x0E, 0x00, 0xE0, 0x0E, 0x00, 0xE0, 0x1E, 0x03, 0xE0, 0x7C,
    0x1F, 0x87, 0xF8, 0x7F, 0x07, 0xC0, 0x30, 0x00, 0x00, 0x00, 0x40, 0x78, 0x0F, 0x01, 0xF0, 0x1E,
    0x03, 0xC0, 0x78, 0x07, 0x00, 0xE0, 0x3C, 0x07, 0x81, 0xF0, 0x7C, 0x1F, 0x9F, 0xE3, 0xFE, 0x7F,
    0xE7, 0xCC, 0x1F, 0x81, 0xE0, 0x00, 0x80, 0x78, 0x0F, 0x01, 0xE0, 0x1E, 0x03, 0xC0, 0x78, 0x07,
    0x00, 0xE0, 0x3C, 0x07, 0x81, 0xF0, 0x7C, 0x1F, 0x9F, 0xE3, 0xF8, 0x7E, 0x0F, 0x00, 0x80, 0x00,
    0xC0, 0x38, 0x07, 0x00, 0xE0, 0x00, 0x00, 0x3C, 0x03, 0xC0, 0x3E, 0x01, 0xE0, 0x1E, 0x01, 0xE0,
    0x0E, 0x00, 0xE0, 0x0E, 0x01, 0xE0, 0x1E, 0x03, 0xE0, 0xFC, 0x3F, 0x87, 0xF0, 0x7E, 0x03, 0xC0,
    0x36, 0x60, 0x76, 0x03, 0xE0, 0x3C, 0x01, 0x80, 0x03, 0x00, 0x70, 0x07, 0x00, 0x70, 0x00, 0x00,
    0x00, 0x00, 0x00, 0x3C, 0x03, 0xC0, 0x1E, 0x01, 0xE0, 0x1E, 0x00, 0xE0, 0x0E, 0x00, 0xE0, 0x0E,
    0x01, 0xE0, 0x1E, 0x03, 0xC0, 0xFC, 0x3F, 0x87, 0xF0, 0x7E, 0x03, 0x80, 0x20, 0x00, 0x18, 0x01,
    0xC0, 0x1C, 0x01, 0xC0, 0x0C, 0x61, 0xCE, 0x1C, 0xE0, 0xC6, 0x00, 0x00, 0x00, 0x00, 0x00, 0x1C,
    0x03, 0xC0, 0x3E, 0x01, 0xE0, 0x1E, 0x01, 0xE0, 0x0E, 0x00, 0xE0, 0x0E, 0x00, 0xE0, 0x1E, 0x03,
    0xE0, 0x7C, 0x1F, 0xC7, 0xF8, 0x7F, 0x03, 0xC0, 0x38, 0x00, 0x00, 0x07, 0x00, 0xE0, 0x1C, 0x0C,
    0x63, 0x9C, 0x73, 0x8E, 0x70, 0x00, 0x00, 0x00, 0x00, 0x0E, 0x03, 0xE0, 0x3C, 0x07, 0x80, 0xF0,
    0x0E, 0x01, 0xC0, 0x38, 0x07, 0x01, 0xE0, 0x3C, 0x0F, 0x83, 0xE3, 0xF8, 0xFF, 0x1F, 0x81, 0xE0,
    0x30, 0x00, 0x1D, 0xC3, 0xB8, 0x77, 0x00, 0x01, 0xDC, 0x3B, 0x87, 0x70, 0x00, 0x00, 0x00, 0x10,
    0x0F, 0x01, 0xE0, 0x3C, 0x03, 0xC0, 0x78, 0x0F, 0x00, 0xE0, 0x1C, 0x07, 0x80, 0xF0, 0x3E, 0x0F,
    0x87, 0xF3, 0xFC, 0x7F, 0x0F, 0x80, 0xE0, 0x00, 0x00, 0x00, 0x00, 0x01, 0x80, 0x00, 0x00, 0x00,
    0xF0, 0x00, 0x00, 0x00, 0x3C, 0x00, 0x00, 0x00, 0x06, 0x00, 0x00, 0x00, 0x00, 0x07, 0x00, 0x00,
    0x00, 0x01, 0xE0, 0x00, 0x10, 0x1C, 0x78, 0x00, 0x3C, 0x07, 0x0E, 0x00, 0x0F, 0x81, 0xC3, 0x80,
    0x01, 0xE0, 0x70, 0xE6, 0x00, 0x7C, 0x3C, 0x39, 0xC0, 0x1F, 0x8F, 0x9E, 0xF0, 0x03, 0xFF, 0xFF,
    0xBC, 0x00, 0xFF, 0xFF, 0xEE, 0x00, 0x3F, 0xF7, 0xF3, 0x80, 0x0F, 0xF8, 0xF8, 0xE0, 0x03, 0x80,
    0x00, 0x3C, 0x01, 0xE0, 0x00, 0x0F, 0x00, 0x78, 0x18, 0x03, 0xF0, 0x7E, 0x07, 0x00, 0x7F, 0xFF,
    0x01, 0xC0, 0x0F, 0xFF, 0x80, 0x70, 0x01, 0xFF, 0xC0, 0x00, 0x00, 0x3F, 0xC0, 0x00, 0x00, 0x00,
    0x00, 0x00, 0x00, 0x00, 0x00, 0x00, 0x01, 0xE0, 0x00, 0x00, 0x00, 0x78, 0x00, 0x0C, 0x07, 0x1E,
    0x00, 0x0F, 0x01, 0xC3, 0x80, 0x03, 0xE0, 0x70, 0xE0, 0x00, 0x78, 0x1C, 0x39, 0x80, 0x1F, 0x0F,
    0x0E, 0x70, 0x07, 0xE3, 0xE7, 0xBC, 0x00, 0xFF, 0xFF, 0xEF, 0x00, 0x3F, 0xFF, 0xFB, 0x80, 0x0F,
    0xFF, 0xFC, 0xE0, 0x03, 0xFE, 0x3E, 0x38, 0x00, 0xE0, 0x00, 0x0F, 0x00, 0x78, 0x00, 0x03, 0xC0,
    0x1E, 0x18, 0xC0, 0xFC, 0x1F, 0x8E, 0x70, 0x1F, 0xFF, 0xC3, 0x9C, 0x03, 0xFF, 0xE0, 0xE7, 0x00,
    0x7F, 0xF0, 0x06, 0x00, 0x0F, 0xF0, 0x01, 0xC0, 0x00, 0x00, 0x00, 0x70, 0x00, 0x00, 0x00, 0x1C,
    0x00, 0x00, 0x00, 0x01, 0x80, 0x00, 0x00, 0x00, 0xE0, 0x00, 0x00, 0x00, 0x38, 0x00, 0x00, 0x00,
    0x0E, 0x00, 0x00, 0x00, 0x0C, 0x60, 0x00, 0x00, 0x03, 0x9C, 0x00, 0x00, 0x00, 0xE7, 0x00, 0x00,
    0x00, 0x39, 0xC0, 0x00, 0x00, 0x00, 0x07, 0x00, 0x00, 0x00, 0x01, 0xE0, 0x00, 0x10, 0x1C, 0x78,
    0x00, 0x3C, 0x07, 0x0E, 0x00, 0x0F, 0x81, 0xC3, 0x80, 0x01, 0xE0, 0x70, 0xE6, 0x00, 0x7C, 0x3C,
    0x39, 0xC0, 0x1F, 0x8F, 0x9E, 0xF0, 0x03, 0xFF, 0xFF, 0xBC, 0x00, 0xFF, 0xFF, 0xEE, 0x00, 0x3F,
    0xF7, 0xF3, 0x80, 0x0F, 0xF8, 0xF8, 0xE0, 0x03, 0x80, 0x00, 0x3C, 0x01, 0xE0, 0x00, 0x0F, 0x00,
    0x78, 0x63, 0x03, 0xF0, 0x7E, 0x39, 0xC0, 0x7F, 0xFF, 0x0E, 0x70, 0x1F, 0xFF, 0x83, 0x9C, 0x01,
    0xFF, 0xC0, 0x18, 0x00, 0x3F, 0xC0, 0x07, 0x00, 0x00, 0x00, 0x01, 0xC0, 0x00, 0x00, 0x00, 0x70,
    0x00, 0x00, 0x00, 0x00, 0x1F, 0x80, 0x00, 0x00, 0x03, 0xFE, 0x00, 0x00, 0x00, 0x3F, 0xF8, 0x00,
    0x00, 0x03, 0xFF, 0xE0, 0x00, 0x10, 0x3F, 0x0F, 0x00, 0x07, 0x83, 0xE0, 0x38, 0x00, 0x3E, 0x1E,
    0x01, 0xC0, 0x00, 0xF1, 0xE0, 0x0E, 0x60, 0x07, 0xCE, 0x00, 0xF3, 0x80, 0x3E, 0xE0, 0x0F, 0xBC,
    0x00, 0xFF, 0xFF, 0xFD, 0xE0, 0x07, 0xFF, 0xFF, 0xCE, 0x00, 0x3F, 0xFF, 0xFC, 0x70, 0x01, 0xFF,
    0xFF, 0x83, 0x80, 0x0E, 0x00, 0x00, 0x1E, 0x00, 0xF0, 0x00, 0x00, 0xF0, 0x07, 0x80, 0x00, 0x07,
    0xE0, 0xFC, 0x00, 0x00, 0x1F, 0xFF, 0xC0, 0x00, 0x00, 0x7F, 0xFC, 0x00, 0x00, 0x01, 0xFF, 0xC0,
    0x00, 0x00, 0x07, 0xF8, 0x00, 0x00, 0x00, 0x00, 0x00, 0x00, 0x00, 0x00, 0xC6, 0x00, 0x00, 0x00,
    0x0E, 0x70, 0x00, 0x00, 0x00, 0x73, 0x80, 0x00, 0x00, 0x03, 0x9C, 0x00, 0x00, 0x00, 0x00, 0x00,
    0x00, 0x1C, 0x00, 0x00, 0x00, 0x00, 0xE0, 0x00, 0x00, 0x00, 0x07, 0x00, 0x00, 0x00, 0x00, 0x18,
    0x00, 0x00, 0x00, 0x07, 0x18, 0x00, 0x00, 0x00, 0x39, 0xC0, 0x00, 0x00, 0x01, 0xCE, 0x00, 0x00,
    0x00, 0x0C, 0x30, 0x00, 0x00, 0x00, 0x00, 0x00, 0x00, 0x00, 0x00, 0xFC, 0x00, 0x00, 0x00, 0x1F,
    0xF0, 0x00, 0x00, 0x01, 0xFF, 0xC0, 0x00, 0x00, 0x1F, 0xFF, 0x00, 0x00, 0x81, 0xF8, 0x78, 0x00,
    0x3C, 0x1F, 0x01, 0xC0, 0x01, 0xF0, 0xF0, 0x0E, 0x00, 0x07, 0x8F, 0x00, 0x73, 0x00, 0x3E, 0x70,
    0x07, 0x9C, 0x01, 0xFF, 0x80, 0x7D, 0xE0, 0x07, 0xFF, 0xFF, 0xEF, 0x00, 0x3F, 0xFF, 0xFE, 0x70,
    0x01, 0xFF, 0xFF, 0xE3, 0x80, 0x0F, 0xFF, 0xFC, 0x1C, 0x00, 0x70, 0x00, 0x00, 0xF0, 0x07, 0x80,
    0x00, 0x07, 0x80, 0x3C, 0x00, 0x00, 0x3F, 0x07, 0xE0, 0x00, 0x00, 0xFF, 0xFE, 0x00, 0x00, 0x03,
    0xFF, 0xE0, 0x00, 0x00, 0x0F, 0xFE, 0x00, 0x00, 0x00, 0x3F, 0xC0, 0x00, 0x00, 0x00, 0x07, 0x07,
    0x00, 0x1C, 0x1C, 0x00, 0x70, 0x70, 0x01, 0xC0, 0xC0, 0x07, 0x18, 0xC0, 0x1C, 0x73, 0x80, 0x71,
    0xCE, 0x01, 0xC6, 0x30, 0x07, 0x00, 0x00, 0x1C, 0x1F, 0x00, 0x71, 0xFF, 0x01, 0xCF, 0xFE, 0x07,
    0xFF, 0xF8, 0x1F, 0xE1, 0xF0, 0x7F, 0x03, 0xC1, 0xF0, 0x07, 0x07, 0x80, 0x1C, 0x1E, 0x00, 0xF0,
    0xF0, 0x0F, 0xDF, 0xFF, 0xFF, 0x7F, 0xFF, 0xF9, 0xFF, 0xFF, 0xCF, 0xFF, 0xFC, 0x00, 0x01, 0x80,
    0x01, 0xC0, 0x00, 0xE0, 0x00, 0x70, 0x00, 0xC6, 0x00, 0x73, 0x80, 0x39, 0xC0, 0x18, 0xC0, 0x00,
    0x00, 0x00, 0x00, 0x01, 0xF8, 0x03, 0xFE, 0x03, 0xFF, 0x03, 0xFF, 0x01, 0xE0, 0x00, 0xF0, 0x00,
    0x70, 0x00, 0x3C, 0x00, 0x0F, 0x0F, 0x03, 0xFF, 0x80, 0xFF, 0xC0, 0xFF, 0xE0, 0xFC, 0x00, 0xF0,
    0x00, 0xF0, 0x00, 0x78, 0x00, 0x38, 0x00, 0x1C, 0x00, 0x0F, 0x00, 0x07, 0x80, 0x01, 0xF0, 0x18,
    0xFF, 0xFE, 0x3F, 0xFF, 0x0F, 0xFF, 0x81, 0xFF, 0x00, 0x00, 0x01, 0xF0, 0x00, 0x03, 0xF8, 0x00,
    0x07, 0xFC, 0x00, 0x0F, 0xFE, 0x00, 0x0F, 0x1E, 0x00, 0x0E, 0x0E, 0x00, 0x0E, 0x0E, 0x40, 0x0E,
    0x0F, 0x70, 0x0F, 0x0F, 0xF0, 0x0F, 0xFF, 0xE0, 0x07, 0xFF, 0xE0, 0x01, 0xFE, 0xF0, 0x00, 0x0E,
    0xF8, 0x00, 0x7E, 0xFF, 0xFF, 0xFC, 0x7F, 0xFF, 0xF8, 0x3F, 0xFF, 0xF0, 0x1F, 0xFF, 0x80, 0x00,
    0x01, 0xF0, 0x00, 0x03, 0xF8, 0x00, 0x07, 0xFC, 0x00, 0x0F, 0xFE, 0x00, 0x0F, 0x1E, 0x00, 0x0E,
    0x0E, 0x00, 0x0E, 0x0E, 0x40, 0x0E, 0x0F, 0x70, 0x0F, 0x0F, 0xF0, 0x0F, 0xFF, 0xE0, 0x07, 0xFF,
    0xE0, 0x01, 0xFE, 0xF0, 0x00, 0x0E, 0xF8, 0x00, 0x7E, 0xFF, 0xFF, 0xFC, 0x7F, 0xFF, 0xF8, 0x3F,
    0xFF, 0xF0, 0x1F, 0xFF, 0x80, 0x00, 0x00, 0x00, 0x00, 0x00, 0x00, 0x00, 0xC0, 0x00, 0x00, 0xE0,
    0x00, 0x00, 0xE0, 0x00, 0x00, 0xE0, 0x00, 0x00, 0x00, 0x60, 0x00, 0x00, 0xE0, 0x00, 0x00, 0xE0,
    0x00, 0x00, 0xE0, 0x00, 0x00, 0x00, 0x00, 0x00, 0x00, 0x00, 0x01, 0xF0, 0x00, 0x03, 0xF8, 0x00,
    0x07, 0xFC, 0x00, 0x0F, 0xFE, 0x00, 0x0F, 0x1E, 0x00, 0x0E, 0x0E, 0x00, 0x0E, 0x0E, 0x40, 0x0E,
    0x0F, 0x70, 0x0F, 0x0F, 0xF0, 0x0F, 0xFF, 0xE0, 0x07, 0xFF, 0xE0, 0x03, 0xFE, 0xF0, 0x00, 0x1E,
    0xF8, 0x00, 0x7E, 0xFF, 0xFF, 0xFC, 0x7F, 0xFF, 0xF8, 0x3F, 0xFF, 0xF0, 0x1F, 0xFF, 0x80, 0x00,
    0x00, 0x00, 0x00, 0x00, 0x00, 0x00, 0xC0, 0x00, 0x01, 0xC0, 0x00, 0x01, 0xC0, 0x00, 0x01, 0xC0,
    0x00, 0x00, 0x00, 0xE0, 0x00, 0x00, 0xE0, 0x00, 0x00, 0xE0, 0x00, 0x00, 0x60, 0x00, 0x03, 0x18,
    0x00, 0x03, 0x9C, 0x00, 0x03, 0x9C, 0x00, 0x03, 0x18, 0x00, 0x00, 0x00, 0x00, 0x01, 0xF0, 0x00,
    0x03, 0xF8, 0x00, 0x07, 0xFC, 0x00, 0x0F, 0xFE, 0x00, 0x0F, 0x1E, 0x00, 0x0E, 0x0E, 0x00, 0x0E,
    0x0E, 0x40, 0x0E, 0x0F, 0x70, 0x0F, 0x0F, 0xF0, 0x0F, 0xFF, 0xE0, 0x07, 0xFF, 0xE0, 0x01, 0xFE,
    0xF0, 0x00, 0x0E, 0xF8, 0x00, 0x7E, 0xFF, 0xFF, 0xFC, 0x7F, 0xFF, 0xF8, 0x3F, 0xFF, 0xF0, 0x1F,
    0xFF, 0x80, 0x00, 0x01, 0xF0, 0x00, 0x03, 0xF8, 0x00, 0x07, 0xFC, 0x00, 0x0F, 0xFE, 0x00, 0x0F,
    0x1E, 0x00, 0x0E, 0x0E, 0x00, 0x0E, 0x0E, 0x40, 0x0E, 0x0F, 0x70, 0x0F, 0x0F, 0xF0, 0x0F, 0xFF,
    0xE0, 0x07, 0xFF, 0xE0, 0x01, 0xFE, 0xF0, 0x00, 0x0E, 0xF8, 0x00, 0x7E, 0xFF, 0xFF, 0xFC, 0x7F,
    0xFF, 0xF8, 0x3F, 0xFF, 0xF0, 0x1F, 0xFF, 0x80, 0x00, 0x00, 0x00, 0x00, 0x00, 0x00, 0x07, 0x18,
    0x00, 0x07, 0x38, 0x00, 0x07, 0x38, 0x00, 0x03, 0x18, 0x00, 0x00, 0xC0, 0x00, 0x00, 0xE0, 0x00,
    0x00, 0xE0, 0x00, 0x00, 0xC0, 0x00, 0x00, 0x03, 0xB8, 0x00, 0x03, 0xB8, 0x00, 0x03, 0xB8, 0x00,
    0x00, 0x00, 0x00, 0x03, 0xB8, 0x00, 0x03, 0xB8, 0x00, 0x03, 0xB8, 0x00, 0x00, 0x00, 0x00, 0x00,
    0x00, 0x00, 0x01, 0xF0, 0x00, 0x03, 0xF8, 0x00, 0x07, 0xFC, 0x00, 0x0F, 0xFE, 0x00, 0x0F, 0x1E,
    0x00, 0x0E, 0x0E, 0x00, 0x0E, 0x0E, 0x40, 0x0E, 0x0F, 0x70, 0x0F, 0x0F, 0xF0, 0x0F, 0xFF, 0xE0,
    0x07, 0xFF, 0xE0, 0x03, 0xFE, 0xF0, 0x00, 0x1E, 0xF8, 0x00, 0x7E, 0xFF, 0xFF, 0xFC, 0x7F, 0xFF,
    0xF8, 0x3F, 0xFF, 0xF0, 0x1F, 0xFF, 0x80, 0x00, 0x0E, 0x00, 0x00, 0xE0, 0x00, 0x0E, 0x00, 0x00,
    0x60, 0x00, 0x00, 0x00, 0x00, 0xF0, 0x00, 0x3F, 0xC0, 0x07, 0xFC, 0x00, 0x7F, 0xE0, 0x0F, 0x1E,
    0x00, 0xF0, 0xF0, 0x0E, 0x0F, 0x70, 0xF0, 0xF7, 0x0F, 0x8F, 0xF0, 0x7F, 0xFE, 0x07, 0xFF, 0xE0,
    0x1F, 0xFE, 0x00, 0x0F, 0xF0, 0x00, 0xFF, 0x00, 0x1E, 0xFC, 0x07, 0xE7, 0xFF, 0xFC, 0x3F, 0xFF,
    0x81, 0xFF, 0xF0, 0x07, 0xFC, 0x00, 0x00, 0x0E, 0x00, 0x00, 0xE0, 0x00, 0x0E, 0x00, 0x00, 0x60,
    0x00, 0x31, 0xC0, 0x03, 0x9C, 0x00, 0x39, 0xC0, 0x03, 0x18, 0x00, 0x00, 0x00, 0x00, 0xF0, 0x00,
    0x3F, 0xC0, 0x07, 0xFC, 0x00, 0x7F, 0xE0, 0x0F, 0x1E, 0x00, 0xF0, 0xF0, 0x0E, 0x0F, 0x70, 0xF0,
    0x77, 0x0F, 0x8F, 0xF0, 0x7F, 0xFE, 0x07, 0xFF, 0xE0, 0x1F, 0xFE, 0x00, 0x0F, 0xF0, 0x00, 0xFF,
    0x00, 0x1E, 0xFC, 0x07, 0xE7, 0xFF, 0xFC, 0x3F, 0xFF, 0x81, 0xFF, 0xF0, 0x07, 0xFC, 0x00, 0x00,
    0x00, 0x00, 0x80, 0x00, 0x01, 0xC0, 0x00, 0x03, 0xE0, 0x00, 0x07, 0xF0, 0x00, 0x07, 0xF0, 0x00,
    0x0F, 0xE0, 0x00, 0x1F, 0xC0, 0x00, 0x0F, 0x80, 0x00, 0x0F, 0x80, 0x00, 0x07, 0xE0, 0x00, 0x01,
    0xFC, 0x00, 0x00, 0x3F, 0x06, 0x00, 0x07, 0xC3, 0x80, 0x01, 0xF3, 0xC0, 0x00, 0x79, 0xC0, 0x00,
    0x1C, 0xE0, 0x00, 0x0E, 0x78, 0x00, 0x0F, 0x3E, 0x00, 0x3F, 0x9F, 0xFF, 0xFF, 0x87, 0xFF, 0xFF,
    0x81, 0xFF, 0xFF, 0x80, 0x3F, 0xFE, 0x00, 0x00, 0x00, 0x00, 0x00, 0x00, 0x01, 0xC0, 0x00, 0x00,
    0x00, 0xF8, 0x00, 0x00, 0x00, 0x7F, 0x00, 0x00, 0x00, 0x1F, 0xC0, 0x00, 0x00, 0x07, 0xE0, 0x00,
    0x00, 0x00, 0xF0, 0x00, 0x00, 0x00, 0x38, 0x00, 0x00, 0x00, 0x0F, 0x00, 0x07, 0xF8, 0x01, 0xFF,
    0xFF, 0xFF, 0xE0, 0x3F, 0xFF, 0xFF, 0xFE, 0x07, 0xFF, 0xFF, 0xFF, 0xE0, 0xFF, 0xFF, 0xFF, 0xFC,
    0x00, 0x00, 0x00, 0x07, 0x80, 0x00, 0x00, 0x00, 0x70, 0x00, 0x00, 0x03, 0xFE, 0xFF, 0xFF, 0xFF,
    0xFF, 0x9F, 0xFF, 0xFF, 0xFF, 0xE1, 0xFF, 0xFF, 0xFF, 0xF0, 0x3F, 0xFF, 0xFF, 0x80, 0x00, 0x00,
    0x00, 0x00, 0x00, 0x00, 0x01, 0xC0, 0x00, 0x01, 0xE0, 0x00, 0x03, 0xF0, 0x00, 0x07, 0xF0, 0x00,
    0x07, 0xF8, 0x00, 0x0F, 0xEC, 0x00, 0x0F, 0xF6, 0x00, 0x07, 0x9F, 0x00, 0x07, 0xE7, 0x00, 0x03,
    0xF8, 0x00, 0x00, 0x7F, 0x04, 0x00, 0x0F, 0xC3, 0x80, 0x01, 0xF3, 0xC0, 0x00, 0x79, 0xC0, 0x00,
    0x1C, 0xE0, 0x00, 0x0E, 0x78, 0x00, 0x0F, 0x3E, 0x00, 0x3F, 0x9F, 0xFF, 0xFF, 0x87, 0xFF, 0xFF,
    0x81, 0xFF, 0xFF, 0x80, 0x3F, 0xFE, 0x00, 0x00, 0x00, 0x18, 0x00, 0x00, 0xE0, 0x00, 0x03, 0x80,
    0x00, 0x0E, 0x00, 0x00, 0x00, 0x00, 0x00, 0x00, 0x00, 0x03, 0x80, 0x00, 0x0E, 0x00, 0x00, 0x38,
    0x00, 0x00, 0xE0, 0x00, 0x03, 0x80, 0x00, 0x0E, 0x00, 0x08, 0x38, 0x00, 0xE0, 0xE0, 0x0F, 0x83,
    0x80, 0x38, 0x0E, 0x00, 0xF0, 0x38, 0x00, 0xE0, 0xE6, 0x03, 0x83, 0x9C, 0x7E, 0x0E, 0xF1, 0xF0,
    0x3B, 0x80, 0x00, 0xEE, 0x00, 0x03, 0xBC, 0x00, 0x0E, 0xF8, 0x01, 0xFB, 0xFF, 0xFF, 0xE7, 0xFF,
    0xFF, 0x8F, 0xFF, 0xF8, 0x0F, 0xFF, 0x00, 0x00, 0x00, 0x38, 0x00, 0x00, 0x38, 0x00, 0x00, 0x38,
    0x00, 0x00, 0xC6, 0x00, 0x00, 0xE7, 0x00, 0x00, 0xE7, 0x00, 0x00, 0xE7, 0x00, 0x00, 0x00, 0x00,
    0x00, 0x00, 0x00, 0x00, 0x38, 0x00, 0x00, 0x38, 0x00, 0x00, 0x38, 0x00, 0x00, 0x38, 0x00, 0x00,
    0x38, 0x00, 0x00, 0x38, 0x00, 0x08, 0x38, 0x00, 0x38, 0x38, 0x00, 0x78, 0x38, 0x00, 0xE0, 0x38,
    0x00, 0xF0, 0x38, 0x00, 0x38, 0x38, 0x60, 0x38, 0x38, 0x71, 0xF8, 0x38, 0xF1, 0xF0, 0x38, 0xE0,
    0x00, 0x38, 0xE0, 0x00, 0x38, 0xF0, 0x00, 0x38, 0xF8, 0x01, 0xF8, 0xFF, 0xFF, 0xF8, 0x7F, 0xFF,
    0xF8, 0x3F, 0xFF, 0xE0, 0x0F, 0xFF, 0x00, 0x00, 0x00, 0x00, 0x00, 0x00, 0xE0, 0x00, 0x03, 0x80,
    0x00, 0x0E, 0x00, 0x00, 0x38, 0x00, 0x00, 0xE0, 0x00, 0x03, 0x80, 0x02, 0x0E, 0x00, 0x38, 0x38,
    0x01, 0xE0, 0xE0, 0x0E, 0x03, 0x80, 0x3C, 0x0E, 0x00, 0x38, 0x39, 0x80, 0xE0, 0xE7, 0x1F, 0x83,
    0xBC, 0x7C, 0x0E, 0xE0, 0x00, 0x3B, 0x80, 0x00, 0xEF, 0x00, 0x03, 0xBE, 0x00, 0x7E, 0xFF, 0xFF,
    0xF9, 0xFF, 0xFF, 0xE3, 0xFF, 0xFE, 0x03, 0xFF, 0xC0, 0x00, 0x00, 0x00, 0x00, 0x00, 0x00, 0x38,
    0xC0, 0x00, 0xE7, 0x00, 0x03, 0x9C, 0x00, 0x06, 0x30, 0x00, 0x06, 0x00, 0x00, 0x1C, 0x00, 0x00,
    0x70, 0x00, 0x01, 0x80, 0x00, 0x00, 0x00, 0x00, 0x00, 0x00, 0x01, 0xC0, 0x00, 0x03, 0xE0, 0x00,
    0x03, 0xE0, 0x00, 0x07, 0xC8, 0x00, 0x0F, 0x9C, 0x00, 0x0F, 0x3E, 0x00, 0x0E, 0x7F, 0x00, 0x06,
    0x7F, 0x00, 0x00, 0xFE, 0x00, 0x01, 0xFC, 0x00, 0x00, 0xF8, 0x00, 0x00, 0xF8, 0x00, 0x00, 0x7E,
    0x00, 0x00, 0x1F, 0xC0, 0x00, 0x03, 0xF0, 0x60, 0x00, 0x7C, 0x38, 0x00, 0x1F, 0x3C, 0x00, 0x07,
    0x9C, 0x00, 0x01, 0xCE, 0x00, 0x00, 0xE7, 0x80, 0x00, 0xF3, 0xE0, 0x03, 0xF9, 0xFF, 0xFF, 0xF8,
    0x7F, 0xFF, 0xF8, 0x1F, 0xFF, 0xF8, 0x03, 0xFF, 0xE0, 0x00, 0x00, 0x00, 0x00, 0x00, 0x00, 0x00,
    0xC0, 0x00, 0x01, 0xE0, 0x00, 0x03, 0xE0, 0x00, 0x03, 0xC0, 0x00, 0x07, 0xDC, 0x00, 0x0F, 0x9E,
    0x00, 0x0F, 0x3F, 0x00, 0x06, 0x7F, 0x00, 0x00, 0xFF, 0x80, 0x00, 0xFE, 0xC0, 0x00, 0xFF, 0x60,
    0x00, 0x79, 0xF0, 0x00, 0x7E, 0x70, 0x00, 0x3F, 0xC0, 0x00, 0x07, 0xF0, 0x40, 0x00, 0xFC, 0x38,
    0x00, 0x1F, 0x3C, 0x00, 0x07, 0x9C, 0x00, 0x01, 0xCE, 0x00, 0x00, 0xE7, 0x80, 0x00, 0xF3, 0xE0,
    0x03, 0xF9, 0xFF, 0xFF, 0xF8, 0x7F, 0xFF, 0xF8, 0x1F, 0xFF, 0xF8, 0x03, 0xFF, 0xE0, 0x00, 0x00,
    0x73, 0x80, 0x00, 0x39, 0xC0, 0xC0, 0x1C, 0xE1, 0xE0, 0x06, 0x33, 0xE0, 0x00, 0x07, 0xE0, 0x00,
    0x07, 0xCC, 0x00, 0x0F, 0x9E, 0x00, 0x0F, 0x3F, 0x00, 0x06, 0x7F, 0x00, 0x00, 0xFE, 0x00, 0x01,
    0xFE, 0x00, 0x01, 0xFC, 0x00, 0x00, 0xF8, 0x00, 0x00, 0x7E, 0x00, 0x00, 0x3F, 0xC0, 0x00, 0x07,
    0xF0, 0x40, 0x00, 0xFC, 0x38, 0x00, 0x1F, 0x3C, 0x00, 0x07, 0x9C, 0x00, 0x01, 0xCE, 0x00, 0x00,
    0xE7, 0x80, 0x00, 0xF3, 0xE0, 0x03, 0xF9, 0xFF, 0xFF, 0xF8, 0x7F, 0xFF, 0xF8, 0x1F, 0xFF, 0xF8,
    0x03, 0xFF, 0xE0, 0x00, 0x00, 0x00, 0x00, 0x00, 0x00, 0x01, 0xC0, 0x00, 0x01, 0xE0, 0x00, 0x03,
    0xE0, 0x00, 0x07, 0xC8, 0x00, 0x0F, 0x9C, 0x00, 0x0F, 0x3E, 0x00, 0x0F, 0x7F, 0x00, 0x06, 0x7F,
    0x00, 0x00, 0xFE, 0x00, 0x01, 0xFC, 0x00, 0x00, 0xF8, 0x00, 0x00, 0x78, 0x00, 0x00, 0x7F, 0x00,
    0x00, 0x1F, 0xC0, 0x00, 0x03, 0xF0, 0x60, 0x00, 0x7C, 0x38, 0x00, 0x1F, 0x3C, 0x00, 0x07, 0x9C,
    0x00, 0x01, 0xCE, 0x00, 0x00, 0xE7, 0x80, 0x00, 0xF3, 0xE0, 0x03, 0xF9, 0xFF, 0xFF, 0xF8, 0x7F,
    0xFF, 0xF8, 0x1F, 0xFF, 0xF8, 0x03, 0xFF, 0xE0, 0x00, 0x00, 0x00, 0x00, 0x00, 0x00, 0x00, 0x0E,
    0x70, 0x00, 0x07, 0x38, 0x00, 0x03, 0x9C, 0x00, 0x00, 0xCC, 0x00, 0x00, 0x00, 0x00, 0x00, 0x00,
    0x00, 0x01, 0xC0, 0x00, 0x03, 0xE0, 0x00, 0x03, 0xE0, 0x00, 0x07, 0xC8, 0x00, 0x0F, 0x9C, 0x00,
    0x1F, 0x3E, 0x00, 0x0E, 0x7F, 0x00, 0x04, 0xFF, 0x00, 0x00, 0xFE, 0x00, 0x01, 0xFC, 0x00, 0x01,
    0xF8, 0x00, 0x00, 0xF8, 0x00, 0x00, 0x7E, 0x00, 0x00, 0x3F, 0xC0, 0x00, 0x03, 0xF0, 0x60, 0x00,
    0x7C, 0x38, 0x00, 0x1F, 0x3C, 0x00, 0x07, 0x9C, 0x00, 0x01, 0xCE, 0x00, 0x00, 0xE7, 0x80, 0x00,
    0xF3, 0xE0, 0x03, 0xF9, 0xFF, 0xFF, 0xF8, 0x7F, 0xFF, 0xF8, 0x1F, 0xFF, 0xF8, 0x03, 0xFF, 0xE0,
    0x00, 0x00, 0x00, 0x00, 0x00, 0x00, 0x00, 0x03, 0x80, 0x00, 0x01, 0xC0, 0x00, 0x00, 0xE0, 0x00,
    0x00, 0x30, 0x00, 0x00, 0x18, 0x00, 0x00, 0x1C, 0x00, 0x00, 0x0E, 0x00, 0x00, 0x07, 0x00, 0x00,
    0x00, 0x0C, 0x00, 0x00, 0x07, 0x00, 0x00, 0x03, 0x80, 0x00, 0x01, 0xC0, 0x00, 0x03, 0x18, 0x08,
    0x03, 0x9C, 0x1C, 0x01, 0xCE, 0x3E, 0x00, 0xE7, 0x3E, 0x00, 0x00, 0x7C, 0x00, 0x00, 0xF9, 0xC0,
    0x00, 0xF1, 0xE0, 0x00, 0xF3, 0xF0, 0x00, 0x67, 0xF0, 0x00, 0x0F, 0xE0, 0x00, 0x1F, 0xC0, 0x00,
    0x0F, 0x80, 0x00, 0x0F, 0x80, 0x00, 0x07, 0xE0, 0x00, 0x03, 0xFC, 0x00, 0x00, 0x7F, 0x06, 0x00,
    0x0F, 0xC3, 0x80, 0x01, 0xF3, 0xC0, 0x00, 0x79, 0xC0, 0x00, 0x1C, 0xE0, 0x00, 0x0E, 0x78, 0x00,
    0x0F, 0x3E, 0x00, 0x3F, 0x9F, 0xFF, 0xFF, 0x87, 0xFF, 0xFF, 0x81, 0xFF, 0xFF, 0x80, 0x3F, 0xFE,
    0x00, 0x00, 0x06, 0x40, 0x00, 0xDC, 0x00, 0x1F, 0x00, 0x01, 0xE0, 0x00, 0x38, 0x00, 0x00, 0x00,
    0x00, 0xE0, 0x00, 0x1C, 0x00, 0x03, 0x80, 0x00, 0x70, 0x00, 0x0E, 0x00, 0x01, 0xC0, 0x00, 0x38,
    0x00, 0x07, 0x00, 0x00, 0xE0, 0x00, 0x1C, 0x00, 0x03, 0x80, 0x00, 0x70, 0x00, 0x0E, 0x00, 0x01,
    0xC0, 0x00, 0x38, 0x00, 0x07, 0x1C, 0x00, 0xE3, 0x80, 0x1C, 0xF0, 0x03, 0x9E, 0x00, 0x73, 0x80,
    0x0E, 0x70, 0x01, 0xCF, 0x00, 0x79, 0xE0, 0x0F, 0x3F, 0x07, 0xC3, 0xFF, 0xF8, 0x7F, 0xFE, 0x07,
    0xFF, 0x80, 0x3F, 0xC0, 0x00, 0x00, 0x01, 0x80, 0x00, 0xE0, 0x00, 0x38, 0x00, 0x0E, 0x00, 0x00,
    0x00, 0x00, 0x00, 0x00, 0x38, 0x00, 0x0E, 0x00, 0x03, 0x80, 0x00, 0xE0, 0x00, 0x38, 0x00, 0x0E,
    0x00, 0x03, 0x80, 0x00, 0xE0, 0x00, 0x38, 0x00, 0x0E, 0x00, 0x03, 0x80, 0x00, 0xE0, 0x00, 0x38,
    0x00, 0x0E, 0x00, 0x03, 0x80, 0x00, 0xE7, 0x00, 0x39, 0xC0, 0x0E, 0xF0, 0x03, 0xBC, 0x00, 0xEE,
    0x00, 0x3B, 0x80, 0x0E, 0xF0, 0x07, 0xBC, 0x01, 0xEF, 0xC1, 0xF1, 0xFF, 0xFC, 0x7F, 0xFE, 0x0F,
    0xFF, 0x00, 0xFF, 0x00, 0x00, 0x03, 0x80, 0x00, 0x38, 0x00, 0x03, 0x80, 0x00, 0xC6, 0x00, 0x0E,
    0x70, 0x00, 0xE7, 0x00, 0x0E, 0x70, 0x00, 0x00, 0x00, 0x00, 0x00, 0x00, 0x38, 0x00, 0x03, 0x80,
    0x00, 0x38, 0x00, 0x03, 0x80, 0x00, 0x38, 0x00, 0x03, 0x80, 0x00, 0x38, 0x00, 0x03, 0x80, 0x00,
    0x38, 0x00, 0x03, 0x80, 0x00, 0x38, 0x00, 0x03, 0x80, 0x00, 0x38, 0x00, 0x03, 0x80, 0x00, 0x38,
    0x00, 0x03, 0x87, 0x00, 0x38, 0x70, 0x03, 0x8F, 0x00, 0x38, 0xF0, 0x03, 0x8E, 0x00, 0x38, 0xE0,
    0x03, 0x8F, 0x00, 0x78, 0xF0, 0x07, 0x8F, 0xC1, 0xF0, 0x7F, 0xFF, 0x07, 0xFF, 0xE0, 0x3F, 0xFC,
    0x00, 0xFF, 0x00, 0x00, 0x00, 0x00, 0x00, 0xE0, 0x00, 0x38, 0x00, 0x0E, 0x00, 0x03, 0x80, 0x00,
    0xE0, 0x00, 0x38, 0x00, 0x0E, 0x00, 0x03, 0x80, 0x00, 0xE0, 0x00, 0x38, 0x00, 0x0E, 0x00, 0x03,
    0x80, 0x00, 0xE0, 0x00, 0x38, 0x00, 0x0E, 0x00, 0x03, 0x9C, 0x00, 0xE7, 0x00, 0x3B, 0xC0, 0x0E,
    0xF0, 0x03, 0xB8, 0x00, 0xEE, 0x00, 0x3B, 0xC0, 0x1E, 0xF0, 0x07, 0xBF, 0x07, 0xC7, 0xFF, 0xF1,
    0xFF, 0xF8, 0x3F, 0xFC, 0x03, 0xFC, 0x00, 0x00, 0x00, 0x00, 0x00, 0x00, 0x00, 0x03, 0x9C, 0x00,
    0xE7, 0x00, 0x39, 0xC0, 0x01, 0x80, 0x00, 0xE0, 0x00, 0x38, 0x00, 0x0E, 0x00, 0x01, 0xC0, 0x00,
    0x70, 0x00, 0x1C, 0x00, 0x06, 0x00, 0x00, 0x03, 0x00, 0x03, 0xC0, 0x00, 0xF8, 0x00, 0x1E, 0x70,
    0x07, 0x9C, 0x01, 0xEF, 0x00, 0x3B, 0xC0, 0x0E, 0xE0, 0x03, 0xB8, 0x00, 0xEF, 0x00, 0x3B, 0xC0,
    0x1E, 0xFC, 0x1F, 0x9F, 0xFF, 0xC7, 0xFF, 0xE0, 0xFF, 0xF0, 0x0F, 0xF0, 0x00, 0x00, 0x00, 0x00,
    0x00, 0x06, 0x00, 0x01, 0xC0, 0x00, 0x70, 0x00, 0x1C, 0x00, 0x00, 0x00, 0x00, 0x01, 0xC0, 0x00,
    0xF0, 0x00, 0x1E, 0x00, 0x07, 0x9C, 0x01, 0xE7, 0x00, 0x3B, 0xC0, 0x0E, 0xF0, 0x03, 0xB8, 0x00,
    0xEE, 0x00, 0x3B, 0xC0, 0x1E, 0xF0, 0x07, 0xBF, 0x07, 0xE7, 0xFF, 0xF1, 0xFF, 0xF8, 0x3F, 0xFC,
    0x03, 0xFC, 0x00, 0x03, 0x00, 0x00, 0xD8, 0x00, 0x3F, 0x00, 0x0E, 0xC0, 0x03, 0x30, 0x01, 0xFC,
    0x00, 0x7E, 0x00, 0x00, 0x0C, 0x00, 0x0F, 0x00, 0x01, 0xE0, 0x00, 0x79, 0xC0, 0x1E, 0x70, 0x03,
    0xBC, 0x00, 0xEF, 0x00, 0x3B, 0x80, 0x0E, 0xE0, 0x03, 0xBC, 0x00, 0xEF, 0x00, 0x7B, 0xF0, 0x7E,
    0x7F, 0xFF, 0x1F, 0xFF, 0x83, 0xFF, 0xC0, 0x3F, 0xC0, 0x01, 0x80, 0x00, 0x70, 0x00, 0x1C, 0x00,
    0x07, 0x00, 0x00, 0x03, 0x00, 0x03, 0xC0, 0x00, 0x78, 0x00, 0x1E, 0x60, 0x07, 0x9C, 0x01, 0xEF,
    0x00, 0x3B, 0xC0, 0x0E, 0xE0, 0x03, 0xB8, 0x00, 0xEE, 0x00, 0x3B, 0xC0, 0x1E, 0xF0, 0x07, 0xBF,
    0x07, 0xC7, 0xFF, 0xF1, 0xFF, 0xF8, 0x1F, 0xFC, 0x03, 0xF8, 0x00, 0x66, 0x00, 0x1F, 0x80, 0x03,
    0xC0, 0x00, 0x01, 0xC0, 0x00, 0x70, 0x00, 0x1C, 0x00, 0x06, 0x00, 0x0E, 0x30, 0x03, 0x9C, 0x00,
    0xE7, 0x00, 0x18, 0xC0, 0x00, 0x03, 0x00, 0x03, 0xC0, 0x00, 0xF8, 0x00, 0x1E, 0x70, 0x07, 0x9C,
    0x01, 0xEF, 0x00, 0x3B, 0xC0, 0x0E, 0xE0, 0x03, 0xB8, 0x00, 0xEF, 0x00, 0x3B, 0xC0, 0x1E, 0xFC,
    0x1F, 0x9F, 0xFF, 0xC7, 0xFF, 0xE0, 0xFF, 0xF0, 0x0F, 0xF0, 0x00, 0x00, 0x00, 0x00, 0xC0, 0x00,
    0x3E, 0x00, 0x07, 0xE0, 0x00, 0xFF, 0x00, 0x1F, 0xF8, 0x03, 0xFF, 0x80, 0xF3, 0xF8, 0x1C, 0x3F,
    0x83, 0x03, 0xF8, 0x60, 0x6F, 0x8E, 0x1C, 0xF1, 0xE7, 0x8E, 0x1F, 0xE3, 0xFF, 0xFF, 0xFF, 0xFF,
    0xFE, 0xFF, 0xFF, 0x8F, 0xCF, 0xE0, 0x03, 0x00, 0x00, 0x70, 0x00, 0x07, 0x00, 0x00, 0x70, 0x00,
    0x00, 0x00, 0x00, 0x00, 0x00, 0x1F, 0xC0, 0x07, 0xFF, 0x00, 0x7F, 0xF8, 0x03, 0xFF, 0xE0, 0x30,
    0x7F, 0x80, 0x01, 0xFC, 0x00, 0xFF, 0xC0, 0x3F, 0xFC, 0x07, 0xFF, 0xC0, 0xF8, 0x00, 0x1E, 0x00,
    0x03, 0xC0, 0x00, 0x39, 0xCE, 0x07, 0x9C, 0xE0, 0x79, 0xCE, 0x07, 0x00, 0x00, 0x70, 0x70, 0x07,
    0x87, 0x00, 0x78, 0x70, 0x07, 0xC0, 0x00, 0x3F, 0x01, 0xC1, 0xFF, 0xFE, 0x1F, 0xFF, 0xE0, 0x7F,
    0xFE, 0x01, 0xFF, 0x00, 0x07, 0x80, 0x7C, 0x03, 0x00, 0x18, 0x00, 0xFC, 0x0F, 0xE0, 0x70, 0x00,
    0x00, 0x03, 0x00, 0x3C, 0x03, 0xF0, 0x3F, 0xC3, 0xFF, 0x3C, 0x79, 0xC1, 0xFE, 0x0F, 0xF0, 0x7F,
    0x01, 0xFC, 0x1F, 0xE0, 0xFF, 0x8F, 0xBF, 0xF9, 0xFF, 0xC7, 0xFC, 0x1F, 0x80, 0x00, 0x00, 0x18,
    0x01, 0xE0, 0x1F, 0x81, 0xFE, 0x1F, 0xF9, 0xE3, 0xCE, 0x0F, 0xF0, 0x7F, 0x83, 0xF8, 0x0F, 0xE0,
    0xFF, 0x07, 0xFC, 0x7D, 0xFF, 0xCF, 0xFE, 0x3F, 0xE0, 0xFC, 0x00, 0x07, 0x80, 0x7C, 0x03, 0x00,
    0x18, 0x00, 0xFC, 0x0F, 0xE0, 0x70, 0x00, 0x00, 0x03, 0x00, 0x3C, 0x03, 0xF0, 0x3F, 0xC3, 0xFF,
    0x3C, 0x79, 0xC1, 0xFE, 0x0F, 0xF0, 0x7F, 0x01, 0xFC, 0x1F, 0xE0, 0xFF, 0x8F, 0xBF, 0xF9, 0xFF,
    0xC7, 0xFC, 0x1F, 0x80, 0x1D, 0xC0, 0xEE, 0x07, 0x70, 0x31, 0x80, 0x00, 0x00, 0x00, 0x08, 0x00,
    0xF0, 0x0F, 0xC0, 0xFF, 0x0F, 0xF8, 0xF3, 0xE7, 0x0F, 0x78, 0x3F, 0xC1, 0xFC, 0x07, 0xF0, 0x7F,
    0x83, 0xFE, 0x3E, 0xFF, 0xE7, 0xFF, 0x1F, 0xF0, 0x7E, 0x00, 0x0F, 0x80, 0xFF, 0x0F, 0xF8, 0x7F,
    0xE7, 0x8F, 0x38, 0x3D, 0xC0, 0xEF, 0x07, 0x7F, 0xF9, 0xFF, 0xC7, 0xFE, 0x1F, 0xF3, 0x87, 0xBE,
    0x79, 0xB7, 0xCD, 0xFC, 0x7F, 0xC3, 0xFC, 0x1F, 0x80, 0xF0, 0x00, 0x00, 0x00, 0x07, 0xC0, 0x3F,
    0x81, 0xFF, 0x07, 0xFE, 0x3C, 0x78, 0xF0, 0xE3, 0xC1, 0x8F, 0x07, 0x3F, 0xFC, 0x7F, 0xF0, 0xFF,
    0xC1, 0xFE, 0x00, 0x39, 0xFF, 0xE7, 0xFF, 0x01, 0xFC, 0x7F, 0xE1, 0xFE, 0x03, 0xF0, 0x0E, 0x00,
    0x00, 0x00, 0x0C, 0x80, 0x7E, 0x01, 0xE0, 0x0F, 0x00, 0x30, 0x00, 0x00, 0x3E, 0x03, 0xF8, 0x3F,
    0xE1, 0xFF, 0x9E, 0x3C, 0xF0, 0xE7, 0x83, 0x3C, 0x1D, 0xFF, 0xE7, 0xFF, 0x1F, 0xF8, 0x7F, 0x80,
    0x1C, 0x01, 0xE0, 0x3E, 0x0F, 0xF3, 0xFF, 0x1F, 0xE0, 0x7E, 0x03, 0x80, 0x00, 0x00, 0x07, 0x80,
    0x7E, 0x03, 0x30, 0x1F, 0x80, 0x78, 0x07, 0x80, 0x38, 0x00, 0x00, 0x0F, 0x80, 0xFE, 0x0F, 0xF8,
    0x7F, 0xE7, 0x8F, 0x3C, 0x39, 0xE0, 0xCF, 0x07, 0x7F, 0xF9, 0xFF, 0xC7, 0xFE, 0x1F, 0xE0, 0x07,
    0x00, 0x78, 0x0F, 0x83, 0xFC, 0xFF, 0xC7, 0xF8, 0x1F, 0x80, 0xE0, 0x00, 0x00, 0x00, 0x03, 0x00,
    0x18, 0x00, 0xC0, 0x06, 0x00, 0x30, 0x01, 0x80, 0x00, 0x01, 0xF0, 0x1F, 0xC1, 0xFF, 0x0F, 0xFC,
    0xF1, 0xE7, 0x87, 0x3C, 0x19, 0xE0, 0xEF, 0xFF, 0x3F, 0xF8, 0xFF, 0xC3, 0xFC, 0x00, 0xE0, 0x0F,
    0x01, 0xF0, 0x7F, 0x9F, 0xF8, 0xFF, 0x03, 0xF0, 0x1C, 0x00, 0x00, 0x00, 0x03, 0x00, 0x38, 0x01,
    0xE0, 0x1F, 0x80, 0xCC, 0x00, 0x00, 0x00, 0x01, 0xF0, 0x1F, 0xC1, 0xFF, 0x0F, 0xFC, 0xF1, 0xE7,
    0x87, 0x3C, 0x19, 0xE0, 0xEF, 0xFF, 0x3F, 0xF8, 0xFF, 0xC3, 0xFC, 0x00, 0xE0, 0x0F, 0x01, 0xF0,
    0x7F, 0x9F, 0xF8, 0xFF, 0x03, 0xF0, 0x1C, 0x00, 0x00, 0x00, 0x18, 0xC0, 0xE7, 0x07, 0x38, 0x39,
    0xC0, 0x00, 0x00, 0x00, 0x3E, 0x03, 0xF8, 0x3F, 0xE1, 0xFF, 0x9E, 0x3C, 0xF0, 0xE7, 0x83, 0x3C,
    0x1D, 0xFF, 0xE7, 0xFF, 0x1F, 0xF8, 0x7F, 0x80, 0x1C, 0x01, 0xE0, 0x3E, 0x0F, 0xF3, 0xFF, 0x1F,
    0xE0, 0x7E, 0x03, 0x80, 0x00, 0x00, 0x07, 0x00, 0x38, 0x01, 0xC0, 0x31, 0x81, 0xCE, 0x0E, 0x70,
    0x73, 0x80, 0x00, 0x00, 0x00, 0x7C, 0x07, 0xF0, 0x7F, 0xC3, 0xFF, 0x3C, 0x79, 0xE1, 0xCF, 0x0E,
    0x78, 0x7B, 0xFF, 0xCF, 0xFE, 0x7F, 0xF0, 0xFF, 0x00, 0x38, 0x03, 0xC0, 0x7C, 0x1F, 0xE7, 0xFE,
    0x3F, 0xC0, 0xFC, 0x07, 0x00, 0x00, 0x00, 0x00, 0x03, 0xF0, 0x00, 0x3F, 0xE0, 0x01, 0xFF, 0x80,
    0x0F, 0xFE, 0x00, 0x7C, 0x30, 0x01, 0xE0, 0x00, 0x07, 0x00, 0x1C, 0x1F, 0x00, 0x70, 0x7F, 0xC3,
    0xC0, 0xFF, 0xCE, 0x01, 0xFF, 0xB8, 0x01, 0xFE, 0xE0, 0x00, 0x7B, 0xC0, 0x00, 0xEF, 0x00, 0x07,
    0xBF, 0x00, 0xFE, 0x7F, 0xFF, 0xF0, 0xFF, 0xFF, 0x81, 0xFF, 0xFC, 0x01, 0xFF, 0x80, 0x00, 0x00,
    0x7E, 0x00, 0x00, 0xFF, 0x80, 0x00, 0xFF, 0xC0, 0x00, 0xFF, 0xE0, 0x00, 0xF8, 0x60, 0x00, 0x78,
    0x00, 0x00, 0x38, 0x00, 0x3C, 0x1F, 0x00, 0x7E, 0x0F, 0xF8, 0x7F, 0x03, 0xFF, 0x37, 0x00, 0xFF,
    0xC3, 0x80, 0x1F, 0xE1, 0xC0, 0x00, 0xF0, 0xF0, 0x00, 0x38, 0x78, 0x00, 0x3C, 0x3F, 0x00, 0xFE,
    0x0F, 0xFF, 0xFE, 0x03, 0xFF, 0xFE, 0x00, 0xFF, 0xFE, 0x00, 0x1F, 0xF8, 0x00, 0x00, 0x00, 0x03,
    0x30, 0x0F, 0xCE, 0xC0, 0xFF, 0x9F, 0x07, 0xFE, 0x78, 0x3F, 0xF8, 0xC1, 0xF0, 0xC0, 0x07, 0x80,
    0x00, 0x1C, 0x00, 0x70, 0x7C, 0x01, 0xC1, 0xFF, 0x0F, 0x03, 0xFF, 0x38, 0x07, 0xFE, 0xE0, 0x07,
    0xFB, 0x80, 0x01, 0xEF, 0x00, 0x03, 0xBC, 0x00, 0x1E, 0xFC, 0x03, 0xF9, 0xFF, 0xFF, 0xC3, 0xFF,
    0xFE, 0x07, 0xFF, 0xF0, 0x07, 0xFE, 0x00, 0x03, 0x00, 0x38, 0x01, 0xC0, 0x0E, 0x00, 0x00, 0x00,
    0x00, 0x3E, 0x03, 0xF8, 0x3F, 0xE1, 0xFF, 0x9E, 0x3C, 0xF0, 0xE7, 0x87, 0x3C, 0x3D, 0xFF, 0xE7,
    0xFF, 0x3F, 0xF8, 0x7F, 0x80, 0x3C, 0x03, 0xE0, 0x3E, 0x0F, 0xF3, 0xFF, 0x1F, 0xE0, 0x7E, 0x03,
    0x80, 0x00, 0x00, 0x00, 0x03, 0xE0, 0x00, 0x3F, 0xE0, 0x01, 0xFF, 0x80, 0x0F, 0xFE, 0x00, 0x3C,
    0x30, 0x01, 0xE0, 0x00, 0x07, 0x00, 0x1C, 0x1E, 0x00, 0x70, 0x7F, 0x83, 0xC1, 0xFF, 0x8F, 0x03,
    0xFF, 0x38, 0x07, 0xFE, 0xE0, 0x01, 0xFB, 0xC0, 0x00, 0xEF, 0x00, 0x03, 0xBE, 0x00, 0x1E, 0x7C,
    0x03, 0xF9, 0xFF, 0xFF, 0xC3, 0xFF, 0xFE, 0x07, 0xFF, 0xE0, 0x07, 0xFE, 0x00, 0x00, 0x00, 0x00,
    0x0E, 0x00, 0x00, 0x38, 0x00, 0x00, 0xE0, 0x00, 0x03, 0x00, 0x00, 0x0C, 0x00, 0x00, 0x38, 0x00,
    0x00, 0xE0, 0x00, 0x03, 0x80, 0x00, 0x00, 0x03, 0xF0, 0x00, 0x3F, 0xE0, 0x01, 0xFF, 0x80, 0x0F,
    0xFE, 0x00, 0x7C, 0x30, 0x01, 0xE0, 0x00, 0x07, 0x00, 0x1C, 0x1F, 0x00, 0x70, 0x7F, 0xC3, 0xC0,
    0xFF, 0xCF, 0x01, 0xFF, 0xB8, 0x01, 0xFE, 0xE0, 0x00, 0x7B, 0xC0, 0x00, 0xEF, 0x00, 0x07, 0xBF,
    0x00, 0xFE, 0x7F, 0xFF, 0xF0, 0xFF, 0xFF, 0x81, 0xFF, 0xFC, 0x01, 0xFF, 0x80, 0x00, 0x00, 0x00,
    0x00, 0x00, 0x00, 0x73, 0x80, 0x01, 0xCE, 0x00, 0x07, 0x38, 0x00, 0x03, 0x00, 0x00, 0x0E, 0x00,
    0x00, 0x38, 0x00, 0x00, 0xE0, 0x00, 0x00, 0x00, 0x00, 0x00, 0x00, 0x0E, 0x00, 0x00, 0x00, 0x1F,
    0x00, 0x00, 0x00, 0x3F, 0x00, 0x00, 0x00, 0x7E, 0x00, 0x00, 0x01, 0xFC, 0x00, 0x00, 0x0F, 0xF8,
    0x00, 0x00, 0x3F, 0xF0, 0x00, 0x00, 0x7F, 0xC0, 0x00, 0x00, 0xFC, 0x00, 0x00, 0x00, 0xF0, 0x00,
    0x00, 0x00, 0xF0, 0x00, 0x00, 0x00, 0xFF, 0xFF, 0xFF, 0xFE, 0xFF, 0xFF, 0xFF, 0xFF, 0x7F, 0xFF,
    0xFF, 0xFF, 0x1F, 0xFF, 0xFF, 0xFF, 0x03, 0xC0, 0x00, 0x00, 0x07, 0xC0, 0x00, 0x00, 0x07, 0x00,
    0x00, 0x00, 0x07, 0x00, 0x00, 0x00, 0x07, 0xE0, 0x00, 0x00, 0x0F, 0xE0, 0x00, 0x00, 0x06, 0x00,
    0x00, 0x00, 0x00, 0x08, 0x00, 0x00, 0x00, 0x1C, 0x00, 0x00, 0x00, 0x1E, 0x00, 0x00, 0x00, 0x3E,
    0x00, 0x00, 0x00, 0x7C, 0x00, 0x00, 0x01, 0xFC, 0x00, 0x00, 0x0F, 0xF8, 0x00, 0x00, 0x3F, 0xE0,
    0x00, 0x00, 0x7F, 0x80, 0x00, 0x00, 0xFC, 0x00, 0x00, 0x00, 0xF0, 0x00, 0x00, 0x00, 0xF0, 0x00,
    0x00, 0x00, 0xFF, 0xFF, 0xFF, 0xFE, 0xFF, 0xFF, 0xFF, 0xFE, 0x7F, 0xFF, 0xFF, 0xFE, 0x1F, 0xFF,
    0xFF, 0xFE, 0xFF, 0xFF, 0x7F, 0x7F, 0x00, 0x00, 0x18, 0x01, 0xE0, 0x1F, 0x81, 0xFE, 0x1F, 0xF9,
    0xE3, 0xCE, 0x0F, 0xF0, 0x7F, 0x83, 0xF8, 0x0F, 0xE0, 0xFF, 0x07, 0xFC, 0x7D, 0xFF, 0xCF, 0xFE,
    0x3F, 0xE0, 0xFC, 0x00, 0x0E, 0x00, 0x78, 0x01, 0xF0, 0x0E, 0xC0, 0x13, 0x00, 0x00, 0x00, 0x00,
    0x00, 0xC0, 0x07, 0x80, 0x1F, 0x00, 0x3E, 0x00, 0x7C, 0x01, 0xF0, 0x03, 0xE0, 0x07, 0x80, 0x1E,
    0x00, 0x38, 0x00, 0xE0, 0x0F, 0x8F, 0xFE, 0x7F, 0xF1, 0xFF, 0x87, 0xF8, 0x00, 0x00, 0x30, 0xF3,
    0xF3, 0xC3, 0x00, 0x00, 0x31, 0xC7, 0x9E, 0x78, 0xE3, 0x8E, 0x38, 0xE3, 0x8E, 0x38, 0xE3, 0x8E,
    0x38, 0xE3, 0x80, 0x70, 0x3B, 0x81, 0xDE, 0x0E, 0xF0, 0xF7, 0x87, 0x9E, 0x7C, 0xFF, 0xC7, 0xFE,
    0x3F, 0xE1, 0xDE, 0x0E, 0x00, 0x70, 0x03, 0x80, 0x1C, 0x00, 0xE0, 0x07, 0x00, 0x38, 0x01, 0xC0,
    0x0E, 0x00, 0x71, 0xC7, 0x38, 0xE3, 0x9E, 0x71, 0xCF, 0x38, 0xE7, 0x9C, 0x71, 0xDE, 0x78, 0xFF,
    0xFC, 0x7F, 0xFC, 0x3F, 0xFE, 0x1F, 0x9E, 0x0E, 0x00, 0x07, 0x00, 0x03, 0x80, 0x01, 0xC0, 0x00,
    0xE0, 0x00, 0x70, 0x00, 0x38, 0x00, 0x1C, 0x00, 0x0E, 0x00, 0x00, 0x30, 0xF8, 0xE3, 0xF9, 0xEF,
    0xE3, 0xDE, 0x07, 0xB8, 0x07, 0x70, 0x0E, 0x71, 0x1F, 0xFE, 0x3F, 0xFC, 0x7F, 0xF8, 0xE0, 0x01,
    0xC0, 0x03, 0x80, 0x07, 0x00, 0x0E, 0x00, 0x1C, 0x00, 0x38, 0x00, 0x70, 0x00, 0xE0, 0x00, 0x00,
    0x00, 0x0C, 0x00, 0x78, 0x03, 0xF0, 0x1F, 0xE0, 0xF7, 0x83, 0x8F, 0x1E, 0x3C, 0x70, 0x7B, 0xC1,
    0xEF, 0x03, 0xBC, 0x0E, 0xE0, 0x3B, 0x8C, 0xEE, 0x33, 0xBD, 0xCE, 0xFF, 0xFB, 0xFF, 0xE7, 0xFF,
    0x0F, 0x38, 0x0F, 0x81, 0xFE, 0x3F, 0xE7, 0xFE, 0x78, 0xC7, 0x00, 0x78, 0x07, 0x84, 0x3E, 0xF1,
    0xFF, 0x0F, 0xE0, 0x7C, 0x07, 0x80, 0xF0, 0x1F, 0x03, 0xE0, 0x7C, 0x07, 0x80, 0xF8, 0x03, 0x00,
    0x70, 0x0E, 0xF0, 0x1F, 0x78, 0x1E, 0x78, 0x1E, 0x78, 0x1E, 0x3C, 0x3C, 0x3C, 0x3C, 0x3C, 0x3C,
    0x1C, 0x78, 0x1E, 0x78, 0x1E, 0x78, 0x1E, 0x70, 0x0E, 0xF0, 0x0F, 0xF0, 0x0F, 0xE0, 0x07, 0xE0,
    0x07, 0xE0, 0x07, 0xC0, 0x03, 0xC0, 0x03, 0xC0, 0x07, 0xC0, 0x07, 0xE0, 0x07, 0xE0, 0x07, 0xE0,
    0x0F, 0xF0, 0x0F, 0xF0, 0x0E, 0x70, 0x1E, 0x78, 0x1E, 0x78, 0x1C, 0x38, 0x3C, 0x3C, 0x3C, 0x3C,
    0x3C, 0x3C, 0x78, 0x1E, 0x78, 0x1E, 0x78, 0x1E, 0xF0, 0x1F, 0x70, 0x0E, 0x1F, 0x00, 0xFF, 0x07,
    0xFE, 0x3F, 0xF8, 0xF0, 0xF3, 0x83, 0xCF, 0x87, 0x3F, 0xFC, 0x7F, 0xF0, 0xFF, 0xC0, 0xFF, 0x00,
    0x1C, 0x00, 0x70, 0x01, 0xC0, 0x07, 0x00, 0x1E, 0x00, 0x78, 0x01, 0xE0, 0x03, 0x80, 0x00, 0x00,
    0x00, 0x01, 0x80, 0x00, 0x00, 0x00, 0xE0, 0x00, 0x00, 0x00, 0x38, 0x00, 0x00, 0x00, 0x0E, 0x00,
    0x00, 0x00, 0x0C, 0x60, 0x00, 0x00, 0x03, 0x9C, 0x00, 0x00, 0x00, 0xE7, 0x00, 0x00, 0x00, 0x39,
    0xC0, 0x00, 0x00, 0x00, 0x07, 0x00, 0x00, 0x00, 0x01, 0xE0, 0x00, 0x10, 0x1C, 0x78, 0x00, 0x3C,
    0x07, 0x0E, 0x00, 0x0F, 0x81, 0xC3, 0x80, 0x01, 0xE0, 0x70, 0xE6, 0x00, 0x7C, 0x3C, 0x39, 0xC0,
    0x1F, 0x8F, 0x9E, 0xF0, 0x03, 0xFF, 0xFF, 0xBC, 0x00, 0xFF, 0xFF, 0xEE, 0x00, 0x3F, 0xF7, 0xF3,
    0x80, 0x0F, 0xF8, 0xF8, 0xE0, 0x03, 0x80, 0x00, 0x3C, 0x01, 0xE0, 0x00, 0x0F, 0x00, 0x78, 0x18,
    0x03, 0xF0, 0x7E, 0x07, 0x00, 0x7F, 0xFF, 0x01, 0xC0, 0x1F, 0xFF, 0x80, 0x70, 0x01, 0xFF, 0xC0,
    0x00, 0x00, 0x3F, 0xC0, 0x00, 0x00, 0x00, 0x00, 0x00, 0x1C, 0x00, 0x00, 0x00, 0x00, 0xE0, 0x00,
    0x00, 0x00, 0x07, 0x00, 0x00, 0x00, 0x00, 0x18, 0x00, 0x00, 0x00, 0x00, 0x00, 0x00, 0x00, 0x00,
    0x0F, 0xC0, 0x00, 0x00, 0x01, 0xFF, 0x00, 0x00, 0x00, 0x1F, 0xFC, 0x00, 0x00, 0x01, 0xFF, 0xF0,
    0x00, 0x08, 0x1F, 0x87, 0x80, 0x03, 0xC1, 0xF0, 0x1C, 0x00, 0x1F, 0x0F, 0x00, 0xE0, 0x00, 0x78,
    0xF0, 0x07, 0x30, 0x03, 0xE7, 0x80, 0x79, 0xC0, 0x1F, 0xF8, 0x07, 0xDE, 0x00, 0x7F, 0xFF, 0xFE,
    0xF0, 0x03, 0xFF, 0xFF, 0xE7, 0x00, 0x1F, 0xFF, 0xFE, 0x38, 0x00, 0xFF, 0xFF, 0xC1, 0xC0, 0x07,
    0x00, 0x00, 0x0F, 0x00, 0x78, 0x00, 0x00, 0x78, 0x03, 0xC0, 0x60, 0x03, 0xF0, 0x7E, 0x03, 0x80,
    0x0F, 0xFF, 0xE0, 0x1C, 0x00, 0x3F, 0xFE, 0x00, 0xE0, 0x00, 0xFF, 0xE0, 0x00, 0x00, 0x03, 0xFC,
    0x00, 0x00, 0x00, 0x01, 0x80, 0x03, 0x80, 0x03, 0x80, 0x03, 0x80, 0x00, 0x00, 0x00, 0x00, 0x0F,
    0xE0, 0x1F, 0xE0, 0x3F, 0xE0, 0x7F, 0xE0, 0x78, 0x40, 0x78, 0x00, 0x70, 0x00, 0x78, 0x00, 0x3C,
    0x78, 0x1F, 0xF8, 0x0F, 0xF8, 0x1F, 0xF8, 0x3F, 0x00, 0x7C, 0x00, 0xF0, 0x00, 0xF1, 0xC0, 0xE1,
    0xC0, 0xE1, 0xC0, 0xF0, 0xC0, 0xF0, 0x00, 0x7C, 0x0E, 0x7F, 0xFE, 0x3F, 0xFE, 0x1F, 0xFE, 0x07,
    0xF8, 0x0F, 0xC3, 0xFE, 0x7F, 0xE7, 0xFC, 0x78, 0x07, 0x00, 0x78, 0x03, 0x80, 0xFF, 0xEF, 0xFF,
    0xFF, 0xFF, 0xFE, 0x00, 0x03, 0xB8, 0x3B, 0x83, 0xB8, 0x3B, 0x83, 0xB8, 0x3B, 0x80, 0x00, 0x00,
    0x3C, 0x00, 0x3F, 0x80, 0x1F, 0xF0, 0x07, 0xFE, 0x03, 0xC7, 0x81, 0xE0, 0xE3, 0xF8, 0x39, 0xFC,
    0x0E, 0x7F, 0x83, 0xBF, 0xF1, 0xEF, 0x3F, 0xFB, 0xC7, 0xFE, 0xE0, 0x7F, 0x38, 0x0F, 0x8E, 0x00,
    0x03, 0xC0, 0x20, 0xF3, 0xB8, 0x3C, 0xEE, 0x0F, 0x3B, 0x83, 0xCE, 0xE0, 0xF3, 0xB8, 0x1C, 0xEE,
    0x07, 0x80, 0x01, 0x80, 0x00, 0x00, 0x1C, 0x00, 0x03, 0x80, 0x00, 0xF8, 0x00, 0x1B, 0x00, 0x03,
    0x20, 0x0C, 0x00, 0x03, 0xE0, 0x00, 0x7E, 0x00, 0x0F, 0xF0, 0x01, 0xFF, 0x80, 0x3F, 0xF8, 0x0F,
    0x3F, 0x81, 0xC3, 0xF8, 0x30, 0x3F, 0x86, 0x06, 0xF8, 0xE1, 0xCF, 0x1E, 0x78, 0xE1, 0xFE, 0x3F,
    0xFF, 0xFF, 0xFF, 0xFF, 0xEF, 0xFF, 0xF8, 0xFC, 0xFE, 0x00, 0x00, 0x00, 0x0E, 0x70, 0x00, 0x00,
    0x03, 0x9C, 0x00, 0x00, 0x00, 0xE7, 0x00, 0x00, 0x00, 0x00, 0x00, 0x00, 0x00, 0x0E, 0x70, 0x00,
    0x00, 0x03, 0x9C, 0x00, 0x00, 0x00, 0xE7, 0x10, 0x00, 0x00, 0x00, 0x1E, 0x00, 0x00, 0x00, 0x07,
    0x80, 0x00, 0xC0, 0x71, 0xE0, 0x00, 0xF0, 0x1C, 0x38, 0x00, 0x3E, 0x07, 0x0E, 0x00, 0x07, 0x81,
    0xC3, 0x98, 0x01, 0xF0, 0xF0, 0xE7, 0x00, 0x7E, 0x3E, 0x7B, 0xC0, 0x0F, 0xFF, 0xFE, 0xF0, 0x03,
    0xFF, 0xFF, 0xB8, 0x00, 0xFF, 0xDF, 0xCE, 0x00, 0x3F, 0xE3, 0xE3, 0x80, 0x0E, 0x00, 0x00, 0xF0,
    0x07, 0x80, 0x00, 0x3C, 0x01, 0xE0, 0x00, 0x0F, 0xC1, 0xF8, 0x00, 0x01, 0xFF, 0xFC, 0x00, 0x00,
    0x3F, 0xFE, 0x00, 0x00, 0x07, 0xFF, 0x00, 0x00, 0x00, 0xFF, 0x00, 0x00, 0x00, 0x1F, 0xC0, 0xFF,
    0xE0, 0xFF, 0xE1, 0x87, 0xC0, 0x0F, 0x80, 0x1F, 0x07, 0xFE, 0x3F, 0xFC, 0x7C, 0x79, 0xF0, 0xF3,
    0xC1, 0xE7, 0xC7, 0xCF, 0x9F, 0x9F, 0xFF, 0x9F, 0xEF, 0x1F, 0x0E, 0x00, 0x00, 0x0E, 0x00, 0x3E,
    0x00, 0x7C, 0x00, 0xF8, 0x00, 0xE0, 0x00, 0x00, 0x00, 0x00, 0x3E, 0x00, 0x07, 0xE0, 0x00, 0x1C,
    0x00, 0x07, 0x80, 0x01, 0xF0, 0x00, 0x38, 0x00, 0x07, 0x00, 0x00, 0x00, 0x00, 0x00, 0x00, 0x0F,
    0xC0, 0x01, 0xFC, 0x00, 0x3F, 0x80, 0x0F, 0xF0, 0x01, 0xFF, 0x00, 0x3D, 0xE0, 0x07, 0x3C, 0x01,
    0xE7, 0x80, 0x3C, 0x78, 0x07, 0x8F, 0x01, 0xE1, 0xE0, 0x3C, 0x3E, 0x07, 0xFF, 0xC1, 0xFF, 0xF8,
    0x3F, 0xFF, 0x87, 0x81, 0xF1, 0xF0, 0x1E, 0x3E, 0x03, 0xC7, 0x80, 0x7D, 0xF0, 0x0F, 0x80, 0x00,
    0x00, 0x1F, 0x80, 0x3F, 0x80, 0x07, 0x00, 0x0E, 0x00, 0x3C, 0x01, 0xF0, 0x03, 0x80, 0x07, 0x00,
    0x00, 0x00, 0x7F, 0x03, 0xFF, 0x83, 0xFF, 0x86, 0x1F, 0x00, 0x3E, 0x00, 0x3C, 0x1F, 0xF8, 0x7F,
    0xF1, 0xF3, 0xE7, 0xC3, 0xCF, 0x07, 0x9F, 0x1F, 0x3E, 0x7E, 0x7F, 0xFE, 0x7F, 0xBC, 0x7E, 0x38,
    0x00, 0x04, 0x00, 0x0E, 0x00, 0x1F, 0x00, 0x1E, 0x00, 0x38, 0x07, 0xB0, 0x0F, 0xC0, 0x1F, 0xE0,
    0x3F, 0xF0, 0x38, 0x70, 0x10, 0x20, 0x00, 0x00, 0x1F, 0xC0, 0x7F, 0xF0, 0x3F, 0xF8, 0x30, 0xF8,
    0x00, 0xF8, 0x00, 0x78, 0x1F, 0xF8, 0x3F, 0xF8, 0x7C, 0xF8, 0xF8, 0x78, 0xF0, 0x78, 0xF8, 0xF8,
    0xF9, 0xF8, 0xFF, 0xFC, 0x7F, 0xBC, 0x3F, 0x1C, 0x00, 0x00, 0x06, 0x00, 0x01, 0xE0, 0x00, 0x3C,
    0x00, 0x03, 0xC0, 0x00, 0x39, 0xC0, 0x00, 0x7C, 0x00, 0x1F, 0xC0, 0x07, 0xFC, 0x01, 0xE3, 0xC0,
    0x18, 0x30, 0x00, 0x00, 0x00, 0x1F, 0x00, 0x07, 0xF0, 0x00, 0xFE, 0x00, 0x1F, 0xC0, 0x07, 0xBC,
    0x00, 0xF7, 0x80, 0x1E, 0xF0, 0x07, 0x8F, 0x00, 0xF1, 0xE0, 0x1E, 0x3C, 0x03, 0xC7, 0xC0, 0xF0,
    0x78, 0x1F, 0xFF, 0x03, 0xFF, 0xE0, 0xFF, 0xFE, 0x1E, 0x03, 0xC3, 0xC0, 0x78, 0xF8, 0x0F, 0x9F,
    0x01, 0xF3, 0xC0, 0x1E, 0x10, 0x00, 0x0E, 0x00, 0x07, 0x80, 0x00, 0xF0, 0x00, 0x1E, 0x00, 0x03,
    0x3C, 0x00, 0x1F, 0x80, 0x0F, 0xF0, 0x07, 0xFE, 0x01, 0xC3, 0x80, 0x20, 0x40, 0x00, 0x00, 0x03,
    0xF8, 0x03, 0xFF, 0x80, 0x7F, 0xF0, 0x18, 0x7C, 0x00, 0x1F, 0x00, 0x03, 0xC0, 0x3F, 0xF0, 0x1F,
    0xFC, 0x0F, 0x9F, 0x07, 0xC3, 0xC1, 0xE0, 0xF0, 0x7C, 0x7C, 0x1F, 0x3F, 0x07, 0xFF, 0xE0, 0xFF,
    0x78, 0x1F, 0x8E, 0x00, 0x0F, 0x80, 0x01, 0xF8, 0x00, 0x07, 0x00, 0x00, 0xE0, 0x00, 0x7C, 0x01,
    0xCE, 0x00, 0x7D, 0xC0, 0x1F, 0xC0, 0x07, 0xFC, 0x01, 0xE3, 0xC0, 0x18, 0x30, 0x00, 0x00, 0x00,
    0x1F, 0x00, 0x07, 0xF0, 0x00, 0xFE, 0x00, 0x1F, 0xC0, 0x07, 0xBC, 0x00, 0xF7, 0x80, 0x1E, 0xF0,
    0x07, 0x9F, 0x00, 0xF1, 0xE0, 0x1E, 0x3C, 0x07, 0xC7, 0x80, 0xF0, 0x78, 0x1F, 0xFF, 0x03, 0xFF,
    0xE0, 0xFF, 0xFE, 0x1E, 0x07, 0xC3, 0xC0, 0x78, 0xF8, 0x0F, 0x9F, 0x01, 0xF3, 0xC0, 0x3E, 0x00,
    0x00, 0x01, 0xF8, 0x03, 0xF8, 0x00, 0x70, 0x01, 0xE0, 0x07, 0x80, 0x0E, 0x03, 0x9C, 0x0F, 0xC0,
    0x3F, 0xC0, 0xFF, 0xC1, 0xC3, 0x81, 0x02, 0x00, 0x00, 0x07, 0xF0, 0x3F, 0xF8, 0x3F, 0xF8, 0x61,
    0xF0, 0x03, 0xE0, 0x03, 0xC1, 0xFF, 0x87, 0xFF, 0x1F, 0x3E, 0x7C, 0x3C, 0xF0, 0x79, 0xF1, 0xF3,
    0xE7, 0xE7, 0xFF, 0xE7, 0xFB, 0xC7, 0xE3, 0x00, 0x1E, 0x70, 0x7F, 0xE0, 0xFF, 0x81, 0xDE, 0x00,
    0x00, 0x00, 0xF0, 0x03, 0xF0, 0x0F, 0xF0, 0x3F, 0xF0, 0x71, 0xE0, 0x40, 0x80, 0x00, 0x01, 0xFC,
    0x0F, 0xFE, 0x0F, 0xFE, 0x18, 0x7C, 0x00, 0xF8, 0x00, 0xF0, 0x7F, 0xE1, 0xFF, 0xC7, 0xCF, 0x9F,
    0x0F, 0x3C, 0x1E, 0x7C, 0x7C, 0xF9, 0xF9, 0xFF, 0xF9, 0xFE, 0xF1, 0xF8, 0xE0, 0x00, 0xE0, 0x00,
    0x3E, 0x00, 0x0F, 0xE0, 0x03, 0xFE, 0x00, 0xFB, 0xE0, 0x0E, 0x38, 0x01, 0x01, 0x00, 0x00, 0x00,
    0x00, 0x00, 0x00, 0x3E, 0x00, 0x0F, 0xE0, 0x01, 0xFC, 0x00, 0x3F, 0x80, 0x0F, 0x78, 0x01, 0xEF,
    0x00, 0x3D, 0xE0, 0x0F, 0x3E, 0x01, 0xE3, 0xC0, 0x3C, 0x78, 0x07, 0x8F, 0x01, 0xE1, 0xF0, 0x3F,
    0xFE, 0x07, 0xFF, 0xC1, 0xFF, 0xFC, 0x3C, 0x07, 0x87, 0x80, 0xF1, 0xF0, 0x1F, 0x3E, 0x03, 0xE7,
    0x80, 0x7C, 0x00, 0x00, 0x00, 0x38, 0x00, 0x0F, 0x80, 0x01, 0xF0, 0x00, 0x3E, 0x00, 0x03, 0x80,
    0x00, 0x03, 0x00, 0x1F, 0x00, 0x3F, 0x00, 0xFF, 0x03, 0xCF, 0x07, 0x0E, 0x00, 0x00, 0x00, 0x00,
    0x00, 0x00, 0x3F, 0x81, 0xFF, 0xC1, 0xFF, 0xC3, 0x0F, 0x80, 0x1F, 0x00, 0x3E, 0x0F, 0xFC, 0x7F,
    0xF8, 0xF8, 0xF3, 0xE1, 0xE7, 0x83, 0xCF, 0x8F, 0x9F, 0x3F, 0x3F, 0xFF, 0x3F, 0xDE, 0x3E, 0x1C,
    0x00, 0x00, 0x1C, 0x00, 0x7C, 0x00, 0xF8, 0x01, 0xF0, 0x01, 0xC0, 0x00, 0x00, 0x10, 0x00, 0x03,
    0x00, 0x00, 0xF0, 0x00, 0x3C, 0x00, 0x0F, 0x00, 0x01, 0xC0, 0x01, 0x83, 0x00, 0x38, 0xE0, 0x07,
    0xFC, 0x00, 0x7F, 0x00, 0x07, 0xC0, 0x00, 0x00, 0x00, 0x00, 0x00, 0x03, 0xE0, 0x00, 0xFE, 0x00,
    0x1F, 0xC0, 0x03, 0xF8, 0x00, 0xF7, 0x80, 0x1E, 0xF0, 0x03, 0xDE, 0x00, 0xF1, 0xE0, 0x1E, 0x3C,
    0x03, 0xC7, 0x80, 0x78, 0xF8, 0x1E, 0x0F, 0x03, 0xFF, 0xE0, 0x7F, 0xFC, 0x1F, 0xFF, 0xC3, 0xC0,
    0x78, 0x78, 0x0F, 0x1F, 0x01, 0xF3, 0xE0, 0x3E, 0x78, 0x03, 0xC0, 0x00, 0x00, 0x01, 0x80, 0x07,
    0x80, 0x1E, 0x00, 0x38, 0x00, 0x60, 0x0E, 0x1C, 0x1E, 0x78, 0x1F, 0xE0, 0x3F, 0xC0, 0x3F, 0x00,
    0x00, 0x01, 0xFC, 0x0F, 0xFE, 0x0F, 0xFE, 0x18, 0x7C, 0x00, 0xF8, 0x00, 0xF0, 0x7F, 0xE1, 0xFF,
    0xC7, 0xCF, 0x9F, 0x0F, 0x3C, 0x1E, 0x7C, 0x7C, 0xF9, 0xF9, 0xFF, 0xF9, 0xFE, 0xF1, 0xF8, 0xE0,
    0x08, 0x00, 0x38, 0x00, 0x78, 0x00, 0x70, 0x00, 0x70, 0x00, 0x60, 0x0E, 0x1C, 0x1E, 0x78, 0x1F,
    0xE0, 0x3F, 0xC0, 0x3F, 0x00, 0x00, 0x01, 0xFC, 0x0F, 0xFE, 0x0F, 0xFE, 0x18, 0x7C, 0x00, 0xF8,
    0x00, 0xF0, 0x7F, 0xE1, 0xFF, 0xC7, 0xCF, 0x9F, 0x0F, 0x3C, 0x1E, 0x7C, 0x7C, 0xF9, 0xF9, 0xFF,
    0xF9, 0xFE, 0xF1, 0xF8, 0xE0, 0x0E, 0x70, 0x3F, 0xE0, 0xFF, 0xC1, 0xDF, 0x00, 0x00, 0x03, 0x0C,
    0x0E, 0x1C, 0x1E, 0x78, 0x1F, 0xE0, 0x3F, 0xC0, 0x1E, 0x00, 0x00, 0x01, 0xFC, 0x0F, 0xFE, 0x0F,
    0xFE, 0x18, 0x7C, 0x00, 0xF8, 0x00, 0xF0, 0x7F, 0xE1, 0xFF, 0xC7, 0xCF, 0x9F, 0x0F, 0x3C, 0x1E,
    0x7C, 0x7C, 0xF9, 0xF9, 0xFF, 0xF9, 0xFE, 0xF1, 0xF8, 0xE0, 0x00, 0x00, 0x70, 0xE0, 0xF3, 0xC0,
    0xFF, 0x01, 0xFC, 0x00, 0xF0, 0x00, 0x00, 0x00, 0x00, 0x00, 0x00, 0x3F, 0x81, 0xFF, 0xC1, 0xFF,
    0xC3, 0x0F, 0x80, 0x1F, 0x00, 0x3E, 0x0F, 0xFC, 0x7F, 0xF8, 0xF8, 0xF3, 0xE1, 0xE7, 0x83, 0xCF,
    0x8F, 0x9F, 0x3F, 0x3F, 0xFF, 0x3F, 0xDE, 0x3E, 0x1C, 0x00, 0x00, 0x1C, 0x00, 0x7C, 0x00, 0xF8,
    0x01, 0xF0, 0x01, 0xC0, 0x00, 0x0F, 0xC0, 0x7F, 0xC3, 0xFF, 0x9F, 0x3E, 0x78, 0x7F, 0xE1, 0xFF,
    0xFF, 0xFF, 0xFF, 0xFF, 0xFF, 0xC0, 0x0F, 0x80, 0x3E, 0x00, 0x7E, 0x38, 0xFF, 0xE1, 0xFF, 0x83,
    0xF8, 0x00, 0x00, 0x0E, 0x00, 0x7C, 0x01, 0xF0, 0x07, 0xC0, 0x0E, 0x00, 0x00, 0x00, 0x3F, 0x00,
    0xFE, 0x00, 0x38, 0x00, 0xE0, 0x07, 0x80, 0x3C, 0x00, 0xE0, 0x03, 0x80, 0x00, 0x00, 0xFC, 0x07,
    0xFC, 0x3F, 0xF9, 0xF3, 0xE7, 0x87, 0xFE, 0x0F, 0xFF, 0xFF, 0xFF, 0xFF, 0xFF, 0xFE, 0x00, 0xF8,
    0x03, 0xE0, 0x07, 0xE3, 0x8F, 0xFE, 0x1F, 0xF8, 0x3F, 0x80, 0x0E, 0x20, 0x7D, 0xC3, 0xFF, 0x0E,
    0xF8, 0x11, 0xC0, 0x00, 0x00, 0x00, 0x00, 0x00, 0x0F, 0xC0, 0x7F, 0xC3, 0xFF, 0x9F, 0x3E, 0x78,
    0x7F, 0xE0, 0xFF, 0xFF, 0xFF, 0xFF, 0xFF, 0xFF, 0xE0, 0x0F, 0x80, 0x3E, 0x00, 0x7C, 0x30, 0xFF,
    0xE1, 0xFF, 0x83, 0xF8, 0x00, 0x04, 0x00, 0x07, 0x00, 0x03, 0xC0, 0x03, 0xC0, 0x03, 0xC0, 0x3D,
    0xC0, 0x3F, 0x00, 0x3F, 0xC0, 0x3F, 0xF0, 0x1C, 0x38, 0x04, 0x08, 0x00, 0x00, 0x00, 0xFC, 0x00,
    0xFF, 0x80, 0xFF, 0xE0, 0xF9, 0xF0, 0x78, 0x7C, 0x7C, 0x1E, 0x3F, 0xFF, 0x1F, 0xFF, 0x8F, 0xFF,
    0xC7, 0xC0, 0x03, 0xE0, 0x01, 0xF0, 0x00, 0x7C, 0x30, 0x1F, 0xFC, 0x07, 0xFE, 0x01, 0xFC, 0x00,
    0x00, 0x00, 0xC0, 0x03, 0xC0, 0x03, 0xC0, 0x03, 0xC0, 0x03, 0x98, 0x02, 0x78, 0x03, 0xFC, 0x0F,
    0xFC, 0x1E, 0x78, 0x10, 0x20, 0x00, 0x01, 0xFF, 0xE3, 0xFF, 0xC7, 0xFF, 0x8F, 0x80, 0x1E, 0x00,
    0x3C, 0x00, 0x78, 0x00, 0xF0, 0x01, 0xFF, 0xC3, 0xFF, 0x87, 0xFF, 0x0F, 0x80, 0x1E, 0x00, 0x3C,
    0x00, 0x78, 0x00, 0xF0, 0x01, 0xF0, 0x03, 0xFF, 0xC7, 0xFF, 0x8F, 0xFF, 0x20, 0x00, 0x70, 0x00,
    0xF0, 0x00, 0x78, 0x00, 0x3C, 0x00, 0x0D, 0xE0, 0x03, 0xF0, 0x07, 0xF8, 0x0F, 0xFC, 0x0E, 0x1C,
    0x04, 0x08, 0x00, 0x00, 0x03, 0xF0, 0x07, 0xFC, 0x0F, 0xFE, 0x1F, 0x3E, 0x1E, 0x1F, 0x3E, 0x0F,
    0x3F, 0xFF, 0x3F, 0xFF, 0x3F, 0xFF, 0x3E, 0x00, 0x3E, 0x00, 0x3E, 0x00, 0x1F, 0x0C, 0x0F, 0xFE,
    0x07, 0xFE, 0x03, 0xF8, 0x00, 0x00, 0x00, 0xF8, 0x01, 0xF8, 0x00, 0x70, 0x01, 0xE0, 0x07, 0x80,
    0x0E, 0x03, 0xDC, 0x0F, 0xC0, 0x3F, 0xC0, 0xFF, 0xC1, 0xC3, 0x81, 0x02, 0x00, 0x00, 0x03, 0xF0,
    0x0F, 0xF8, 0x3F, 0xF8, 0xF9, 0xF1, 0xE1, 0xF7, 0xC1, 0xEF, 0xFF, 0xDF, 0xFF, 0xBF, 0xFF, 0x7C,
    0x00, 0xF8, 0x01, 0xF0, 0x01, 0xF1, 0xC1, 0xFF, 0xC1, 0xFF, 0x81, 0xFC, 0x00, 0x03, 0x00, 0x1E,
    0x00, 0xFC, 0x07, 0xF8, 0x3C, 0xF0, 0xE1, 0xC0, 0x00, 0x00, 0x00, 0x00, 0x00, 0x3F, 0x01, 0xFF,
    0x0F, 0xFE, 0x7C, 0xF9, 0xE1, 0xFF, 0x87, 0xFF, 0xFF, 0xFF, 0xFF, 0xFF, 0xFF, 0x00, 0x3E, 0x00,
    0xF8, 0x01, 0xF8, 0xE3, 0xFF, 0x87, 0xFE, 0x0F, 0xE0, 0x00, 0x00, 0x38, 0x01, 0xF0, 0x07, 0xC0,
    0x1F, 0x00, 0x38, 0x00, 0x79, 0xFD, 0x78, 0x71, 0xE7, 0x8E, 0x1C, 0x00, 0xF1, 0xE3, 0xC7, 0x8F,
    0x1E, 0x3C, 0x78, 0xF1, 0xE3, 0xC7, 0x8F, 0x1E, 0x3C, 0x78, 0x77, 0xFF, 0xF7, 0x00, 0x00, 0x7B,
    0xDE, 0xF7, 0xBD, 0xEF, 0x7B, 0xDE, 0xF7, 0xBD, 0xEF, 0x03, 0xBF, 0xFF, 0xB8, 0x07, 0xF8, 0x03,
    0xFF, 0x03, 0xFF, 0xF0, 0xF8, 0x7C, 0x7C, 0x0F, 0x9E, 0x01, 0xEF, 0x80, 0x7F, 0xE0, 0x1F, 0xF8,
    0x07, 0xFC, 0x00, 0xFF, 0x00, 0x3F, 0xE0, 0x1F, 0xF8, 0x07, 0xFE, 0x01, 0xF7, 0x80, 0x79, 0xF0,
    0x3E, 0x3E, 0x1F, 0x0F, 0xFF, 0xC0, 0xFF, 0xC0, 0x1F, 0xE0, 0x00, 0x00, 0x00, 0x70, 0x00, 0x3E,
    0x00, 0x0F, 0x80, 0x03, 0xE0, 0x00, 0x70, 0x00, 0x0F, 0xE0, 0x3F, 0xE0, 0xFF, 0xE3, 0xE3, 0xE7,
    0x83, 0xFF, 0x07, 0xFE, 0x0F, 0xF8, 0x0F, 0xF0, 0x1F, 0xF0, 0x7F, 0xE0, 0xFF, 0xC1, 0xE7, 0xC7,
    0xC7, 0xFF, 0x07, 0xFC, 0x07, 0xF0, 0x00, 0x00, 0x07, 0x00, 0x1F, 0x00, 0x3E, 0x00, 0x7C, 0x00,
    0x70, 0x00, 0x00, 0x00, 0x0F, 0x80, 0x1F, 0x80, 0x07, 0x00, 0x0E, 0x00, 0x3C, 0x00, 0xF0, 0x01,
    0xC0, 0x03, 0x80, 0x00, 0x00, 0x3F, 0x80, 0xFF, 0x83, 0xFF, 0x8F, 0x8F, 0x9E, 0x0F, 0xFC, 0x1F,
    0xF8, 0x3F, 0xE0, 0x3F, 0xC0, 0x7F, 0xC1, 0xFF, 0x83, 0xFF, 0x07, 0x9F, 0x1F, 0x1F, 0xFC, 0x1F,
    0xF0, 0x1F, 0xC0, 0x00, 0x00, 0x00, 0x00, 0x20, 0x00, 0x0E, 0x00, 0x01, 0xE0, 0x00, 0x78, 0x00,
    0x1E, 0x00, 0x79, 0x80, 0x1F, 0x80, 0x07, 0xF8, 0x01, 0xFF, 0x80, 0x7C, 0xF0, 0x07, 0x0E, 0x00,
    0x00, 0x00, 0x0F, 0xF0, 0x03, 0xFF, 0x01, 0xFF, 0xF8, 0x3E, 0x1F, 0x0F, 0x81, 0xF1, 0xE0, 0x1E,
    0x7C, 0x03, 0xEF, 0x80, 0x7D, 0xF0, 0x0F, 0xBC, 0x00, 0xF7, 0x80, 0x1E, 0xF8, 0x07, 0xDF, 0x00,
    0xFB, 0xE0, 0x1F, 0x3C, 0x03, 0xC7, 0xC0, 0xF8, 0x7C, 0x3E, 0x0F, 0xFF, 0xC0, 0x7F, 0xE0, 0x07,
    0xF8, 0x00, 0x00, 0x02, 0x00, 0x03, 0x80, 0x03, 0xC0, 0x03, 0xC0, 0x01, 0xC0, 0x3C, 0xC0, 0x3F,
    0x00, 0x3F, 0xE0, 0x3E, 0xF8, 0x1E, 0x38, 0x04, 0x04, 0x00, 0x00, 0x00, 0xFE, 0x00, 0xFF, 0x80,
    0xFF, 0xE0, 0xF8, 0xF8, 0x78, 0x3E, 0x7C, 0x1F, 0x3E, 0x0F, 0x9E, 0x03, 0xCF, 0x01, 0xE7, 0xC1,
    0xF3, 0xE0, 0xF9, 0xF0, 0x78, 0x7C, 0x7C, 0x1F, 0xFC, 0x07, 0xFC, 0x01, 0xFC, 0x00, 0x00, 0x00,
    0x08, 0x00, 0x06, 0x00, 0x03, 0xC0, 0x00, 0x78, 0x00, 0x0F, 0x00, 0x01, 0x9E, 0x00, 0x0F, 0xC0,
    0x07, 0xF8, 0x03, 0xFF, 0x01, 0xF3, 0xC0, 0x38, 0x70, 0x00, 0x00, 0x01, 0xFE, 0x00, 0xFF, 0xC0,
    0xFF, 0xFC, 0x3E, 0x1F, 0x1F, 0x03, 0xE7, 0x80, 0x7B, 0xE0, 0x1F, 0xF8, 0x07, 0xFE, 0x01, 0xFF,
    0x00, 0x3F, 0xC0, 0x0F, 0xF8, 0x07, 0xFE, 0x01, 0xFF, 0x80, 0x7D, 0xE0, 0x1E, 0x7C, 0x0F, 0x8F,
    0x87, 0xC3, 0xFF, 0xF0, 0x3F, 0xF0, 0x07, 0xF8, 0x00, 0x20, 0x00, 0x38, 0x00, 0x1E, 0x00, 0x07,
    0x80, 0x01, 0xC0, 0x00, 0x6F, 0x00, 0x0F, 0xC0, 0x0F, 0xF8, 0x0F, 0xBE, 0x07, 0x8E, 0x01, 0x01,
    0x00, 0x00, 0x00, 0x3F, 0x80, 0x3F, 0xE0, 0x3F, 0xF8, 0x3E, 0x3E, 0x1E, 0x0F, 0x9F, 0x07, 0xCF,
    0x83, 0xE7, 0x80, 0xF3, 0xC0, 0x79, 0xF0, 0x7C, 0xF8, 0x3E, 0x7C, 0x1E, 0x1F, 0x1F, 0x07, 0xFF,
    0x01, 0xFF, 0x00, 0x7F, 0x00, 0x00, 0x00, 0x00, 0xF8, 0x01, 0xF8, 0x00, 0x70, 0x00, 0xE0, 0x07,
    0x80, 0x0E, 0x03, 0xDC, 0x0F, 0xC0, 0x3F, 0xC0, 0xFF, 0xC1, 0xE3, 0x81, 0x02, 0x00, 0x00, 0x03,
    0xF0, 0x0F, 0xF8, 0x3F, 0xF8, 0xF9, 0xFB, 0xE1, 0xF7, 0xC1, 0xEF, 0x83, 0xDE, 0x07, 0xFC, 0x0F,
    0xFC, 0x1E, 0xF8, 0x3D, 0xF0, 0xF9, 0xF3, 0xF1, 0xFF, 0xC3, 0xFF, 0x01, 0xF8, 0x00, 0x0F, 0x30,
    0x3F, 0xF0, 0xFF, 0xC1, 0xCF, 0x00, 0x00, 0x00, 0xF0, 0x03, 0xF0, 0x0F, 0xF0, 0x3F, 0xF8, 0x78,
    0xF0, 0x40, 0x40, 0x00, 0x00, 0xFE, 0x03, 0xFE, 0x0F, 0xFE, 0x3E, 0x3E, 0x78, 0x3F, 0xF0, 0x7F,
    0xE0, 0xFF, 0x80, 0xFF, 0x01, 0xFF, 0x07, 0xFE, 0x0F, 0xFC, 0x1E, 0x7C, 0x7C, 0x7F, 0xF0, 0x7F,
    0xC0, 0x7F, 0x00, 0x01, 0xC0, 0x00, 0xF8, 0x00, 0x7F, 0x00, 0x3F, 0xE0, 0x0F, 0xFC, 0x03, 0x8F,
    0x00, 0xC0, 0xC0, 0x00, 0x00, 0x00, 0x00, 0x01, 0xFE, 0x00, 0xFF, 0xC0, 0xFF, 0xFC, 0x3E, 0x1F,
    0x1F, 0x03, 0xE7, 0x80, 0x7B, 0xE0, 0x1F, 0xF8, 0x07, 0xFE, 0x01, 0xFF, 0x00, 0x3F, 0xC0, 0x0F,
    0xF8, 0x07, 0xFE, 0x01, 0xFF, 0x80, 0x7D, 0xE0, 0x1E, 0x7C, 0x0F, 0x8F, 0x87, 0xC3, 0xFF, 0xF0,
    0x3F, 0xF0, 0x07, 0xF8, 0x00, 0x00, 0x00, 0x1C, 0x00, 0x0F, 0x80, 0x03, 0xE0, 0x00, 0xF8, 0x00,
    0x1C, 0x00, 0x03, 0x80, 0x0F, 0x80, 0x3F, 0x80, 0xFF, 0x83, 0xEF, 0x83, 0x06, 0x00, 0x00, 0x00,
    0x00, 0x00, 0x00, 0x1F, 0xC0, 0x7F, 0xC1, 0xFF, 0xC7, 0xC7, 0xCF, 0x07, 0xFE, 0x0F, 0xFC, 0x1F,
    0xF0, 0x1F, 0xE0, 0x3F, 0xE0, 0xFF, 0xC1, 0xFF, 0x83, 0xCF, 0x8F, 0x8F, 0xFE, 0x0F, 0xF8, 0x0F,
    0xE0, 0x00, 0x00, 0x0E, 0x00, 0x3E, 0x00, 0x7C, 0x00, 0xF8, 0x00, 0xE0, 0x00, 0x00, 0x00, 0x00,
    0x60, 0x00, 0x78, 0x00, 0xFC, 0x01, 0xFC, 0x00, 0x78, 0x00, 0x20, 0x00, 0x00, 0x07, 0x00, 0x03,
    0x87, 0xF1, 0xC7, 0xFC, 0xE7, 0xFF, 0xF7, 0xC7, 0xF3, 0xC1, 0xE3, 0xE0, 0xF9, 0xF0, 0x7C, 0xF0,
    0x1E, 0x78, 0x0F, 0x3E, 0x0F, 0x9F, 0x07, 0xCF, 0x83, 0xC3, 0xE3, 0xE0, 0xFF, 0xE0, 0x3F, 0xE0,
    0x0F, 0xE0, 0x00, 0x00, 0x00, 0x03, 0x00, 0x03, 0xE0, 0x01, 0xF8, 0x00, 0x7F, 0x00, 0x0F, 0x00,
    0x00, 0x80, 0x00, 0x07, 0x00, 0x03, 0x87, 0xF1, 0xC7, 0xFC, 0xE7, 0xFF, 0xF7, 0xC7, 0xF3, 0xC1,
    0xE3, 0xE0, 0xF9, 0xF0, 0x7C, 0xF0, 0x1E, 0x78, 0x0F, 0x3E, 0x0F, 0x9F, 0x07, 0xCF, 0x83, 0xC3,
    0xE3, 0xE0, 0xFF, 0xE0, 0x3F, 0xE0, 0x0F, 0xE0, 0x00, 0x03, 0xF0, 0x00, 0x7F, 0x00, 0x00, 0xE0,
    0x00, 0x3C, 0x00, 0x1F, 0x00, 0x03, 0x80, 0x00, 0x70, 0x00, 0x00, 0x07, 0x00, 0x00, 0xE0, 0x00,
    0x1C, 0x1F, 0xC3, 0x87, 0xFE, 0x73, 0xFF, 0xFC, 0x7C, 0x3F, 0x1F, 0x03, 0xE3, 0xC0, 0x3C, 0xF8,
    0x07, 0xDF, 0x00, 0xFB, 0xE0, 0x1F, 0x78, 0x01, 0xEF, 0x00, 0x3D, 0xF0, 0x0F, 0xBE, 0x01, 0xF7,
    0xC0, 0x3E, 0x78, 0x07, 0x8F, 0x81, 0xF0, 0xF8, 0x7C, 0x1F, 0xFF, 0x80, 0xFF, 0xC0, 0x0F, 0xF0,
    0x00, 0x00, 0x00, 0x03, 0xE0, 0x01, 0xF8, 0x00, 0x1C, 0x00, 0x0E, 0x00, 0x0F, 0x00, 0x0F, 0x00,
    0x07, 0x00, 0x03, 0x80, 0x00, 0x01, 0xC3, 0xF8, 0xE3, 0xFE, 0x73, 0xFF, 0xFB, 0xE3, 0xF9, 0xE0,
    0xF1, 0xF0, 0x7C, 0xF8, 0x3E, 0x78, 0x0F, 0x3C, 0x07, 0x9F, 0x07, 0xCF, 0x83, 0xE7, 0xC1, 0xE1,
    0xF1, 0xF0, 0x7F, 0xF0, 0x1F, 0xF0, 0x07, 0xF0, 0x00, 0x0E, 0x30, 0x0F, 0xDC, 0x0F, 0xFC, 0x07,
    0x7E, 0x01, 0x8E, 0x00, 0x00, 0x00, 0x00, 0x0E, 0x00, 0x07, 0x0F, 0xE3, 0x8F, 0xF9, 0xCF, 0xFF,
    0xEF, 0x8F, 0xE7, 0x83, 0xC7, 0xC1, 0xF3, 0xE0, 0xF9, 0xE0, 0x3C, 0xF0, 0x1E, 0x7C, 0x1F, 0x3E,
    0x0F, 0x9F, 0x07, 0x87, 0xC7, 0xC1, 0xFF, 0xC0, 0x7F, 0xC0, 0x1F, 0xC0, 0x00, 0x03, 0x80, 0x01,
    0xC3, 0xF8, 0xE3, 0xFE, 0x73, 0xFF, 0xFB, 0xE3, 0xF9, 0xE0, 0xF1, 0xF0, 0x7C, 0xF8, 0x3E, 0x78,
    0x0F, 0x3C, 0x07, 0x9F, 0x07, 0xCF, 0x83, 0xE7, 0xC1, 0xE1, 0xF1, 0xF0, 0x7F, 0xF0, 0x1F, 0xF0,
    0x07, 0xF0, 0x00, 0x00, 0x00, 0x70, 0x00, 0x7C, 0x00, 0x3E, 0x00, 0x1F, 0x00, 0x07, 0x00, 0xF0,
    0x7F, 0x83, 0xFC, 0x1F, 0xE0, 0xFF, 0x07, 0xF8, 0x3F, 0xC1, 0xFE, 0x0F, 0xF0, 0x7F, 0x83, 0xFC,
    0x1F, 0xF1, 0xFF, 0x9F, 0xFF, 0xFD, 0xFD, 0xE7, 0xCF, 0x00, 0x00, 0x38, 0x03, 0xE0, 0x1F, 0x00,
    0xF8, 0x03, 0x80, 0x07, 0xC0, 0x07, 0xE0, 0x00, 0xE0, 0x00, 0xE0, 0x03, 0xE0, 0x03, 0x80, 0x03,
    0x80, 0x00, 0x00, 0x00, 0x00, 0x00, 0x00, 0xF0, 0x1E, 0xF0, 0x1E, 0xF0, 0x1E, 0xF0, 0x1E, 0xF0,
    0x1E, 0xF0, 0x1E, 0xF0, 0x1E, 0xF0, 0x1E, 0xF0, 0x1E, 0xF0, 0x1E, 0xF0, 0x1E, 0xF0, 0x1E, 0xF0,
    0x1E, 0xF0, 0x1E, 0xF8, 0x1E, 0xF8, 0x3E, 0x7C, 0x7E, 0x7F, 0xFC, 0x3F, 0xF8, 0x0F, 0xE0, 0x00,
    0x00, 0x7C, 0x03, 0xF0, 0x03, 0x80, 0x1C, 0x01, 0xE0, 0x1E, 0x00, 0xE0, 0x07, 0x00, 0x00, 0x3C,
    0x1F, 0xE0, 0xFF, 0x07, 0xF8, 0x3F, 0xC1, 0xFE, 0x0F, 0xF0, 0x7F, 0x83, 0xFC, 0x1F, 0xE0, 0xFF,
    0x07, 0xFC, 0x7F, 0xE7, 0xFF, 0xFF, 0x7F, 0x79, 0xF3, 0xC0, 0x00, 0x80, 0x01, 0xC0, 0x01, 0xF0,
    0x03, 0xF8, 0x01, 0xF0, 0x00, 0xE0, 0x00, 0x00, 0x00, 0x00, 0x07, 0x00, 0x03, 0xF8, 0x3D, 0xFC,
    0x1F, 0xFE, 0x0F, 0xEF, 0x07, 0xE7, 0x83, 0xC3, 0xC1, 0xE1, 0xE0, 0xF0, 0xF0, 0x78, 0x78, 0x3C,
    0x3C, 0x1E, 0x1E, 0x0F, 0x0F, 0x8F, 0x87, 0xCF, 0xC3, 0xFF, 0xE0, 0xFE, 0xF0, 0x3E, 0x78, 0x00,
    0x00, 0x00, 0x07, 0x00, 0x07, 0xE0, 0x03, 0xF8, 0x00, 0x7E, 0x00, 0x06, 0x00, 0x00, 0x00, 0x00,
    0x07, 0x00, 0x03, 0xF8, 0x3D, 0xFC, 0x1F, 0xFE, 0x0F, 0xEF, 0x07, 0xE7, 0x83, 0xC3, 0xC1, 0xE1,
    0xE0, 0xF0, 0xF0, 0x78, 0x78, 0x3C, 0x3C, 0x1E, 0x1E, 0x0F, 0x0F, 0x8F, 0x87, 0xCF, 0xC3, 0xFF,
    0xE0, 0xFE, 0xF0, 0x3E, 0x78, 0x00, 0x00, 0x00, 0x07, 0xC0, 0x03, 0xF0, 0x00, 0x38, 0x00, 0x1C,
    0x00, 0x0E, 0x00, 0x1E, 0x00, 0x0E, 0x00, 0x07, 0x00, 0x00, 0x01, 0xFC, 0x1E, 0xFE, 0x0F, 0xFF,
    0x07, 0xFF, 0x83, 0xF3, 0xC1, 0xE1, 0xE0, 0xF0, 0xF0, 0x78, 0x78, 0x3C, 0x3C, 0x1E, 0x1E, 0x0F,
    0x0F, 0x07, 0x87, 0xC7, 0xC3, 0xE7, 0xE1, 0xFF, 0xF0, 0x7F, 0x78, 0x1F, 0x3C, 0x00, 0x1C, 0x60,
    0x1F, 0xB8, 0x0F, 0xFC, 0x0E, 0x7C, 0x01, 0x1C, 0x00, 0x00, 0x00, 0x00, 0x0E, 0x00, 0x07, 0xF0,
    0x7B, 0xF8, 0x3F, 0xFC, 0x1F, 0xDE, 0x0F, 0xCF, 0x07, 0x87, 0x83, 0xC3, 0xC1, 0xE1, 0xE0, 0xF0,
    0xF0, 0x78, 0x78, 0x3C, 0x3C, 0x1E, 0x1F, 0x1F, 0x0F, 0x9F, 0x87, 0xFF, 0xC1, 0xFD, 0xE0, 0x7C,
    0xF0, 0x00, 0x00, 0x00, 0x01, 0xC0, 0x00, 0xFE, 0x0F, 0x7F, 0x07, 0xFF, 0x83, 0xFB, 0xC1, 0xF9,
    0xE0, 0xF0, 0xF0, 0x78, 0x78, 0x3C, 0x3C, 0x1E, 0x1E, 0x0F, 0x0F, 0x07, 0x87, 0x83, 0xC3, 0xE3,
    0xE1, 0xF3, 0xF0, 0xFF, 0xF8, 0x3F, 0xBC, 0x0F, 0x9E, 0x00, 0x00, 0x00, 0x70, 0x00, 0x7C, 0x00,
    0x3E, 0x00, 0x1F, 0x00, 0x07, 0x00, 0x00, 0xFF, 0xFF, 0xFF, 0xC0, 0x02, 0x88, 0xE2, 0x10, 0x84,
    0x21, 0x08, 0x42, 0x10, 0x84, 0x21, 0x08, 0x42, 0x10, 0x84, 0x21, 0x08, 0x42, 0x00, 0x00, 0xBD,
    0x28, 0x42, 0x10, 0x84, 0x21, 0x08, 0x42, 0x10, 0x84, 0x21, 0x08, 0x42, 0x10, 0x84, 0x21, 0x08,
    0x00, 0x02, 0x1E, 0x90, 0x84, 0x21, 0x08, 0x42, 0x10, 0x84, 0x21, 0x08, 0x42, 0x10, 0x84, 0x21,
    0x08, 0x42, 0x10, 0x80, 0x00, 0x03, 0xFF, 0xFF, 0xFF, 0xFF, 0xFF, 0x00, 0x00, 0x03, 0xFF, 0xFF,
    0xFF, 0xFF, 0xFF, 0xFF, 0xFF, 0xFF, 0x39, 0x9C, 0xEF, 0x7B, 0xDE, 0x70, 0x39, 0xE7, 0x9E, 0x39,
    0xC7, 0x1C, 0x60, 0x38, 0xE6, 0x19, 0xC7, 0x38, 0xEF, 0x3D, 0xE7, 0xBC, 0xF7, 0x9E, 0x71, 0xC0,
    0x38, 0xE7, 0x9E, 0x79, 0xE7, 0x9E, 0x38, 0xE7, 0x1C, 0x71, 0xC7, 0x1C, 0x61, 0x80, 0x38, 0xE7,
    0x9E, 0x79, 0xE7, 0x9E, 0x38, 0xE7, 0x1C, 0x71, 0xC7, 0x1C, 0x61, 0x80, 0x70, 0xE1, 0xDF, 0x3E,
    0x7F, 0xE7, 0xCF, 0xFC, 0xF9, 0xF7, 0x0E, 0x1C, 0x7E, 0x7E, 0x7E, 0x1E, 0x1E, 0x1E, 0x1E, 0x1E,
    0x1E, 0x1E, 0x1E, 0x00, 0x00, 0x0C, 0x0C, 0x00, 0x46, 0x3C, 0x7E, 0x7E, 0xFC, 0xFD, 0xFB, 0xF8,
    0xF1, 0xF1, 0xE1, 0xE3, 0xC3, 0xC7, 0x87, 0x8F, 0x0F, 0x1E, 0x1E, 0x3C, 0x3C, 0x78, 0x78, 0x00,
    0x00, 0x00, 0x03, 0xFF, 0xC7, 0xFF, 0x80, 0x7C, 0x0F, 0x1E, 0x07, 0x8F, 0x03, 0xC7, 0xC1, 0xE1,
    0xE0, 0xF0, 0xF0, 0x78, 0x7C, 0x3C, 0x1E, 0x1E, 0x0F, 0x0F, 0x07, 0xCF, 0x81, 0xE7, 0x80, 0xF3,
    0xC0, 0x7F, 0xE0, 0x3F, 0xE1, 0xFF, 0xE0, 0xFF, 0xE0, 0x7F, 0x80, 0x00, 0x7E, 0x00, 0x03, 0xC3,
    0xF8, 0x00, 0x3C, 0x0F, 0xC0, 0x03, 0xC0, 0x7E, 0x00, 0x3C, 0x03, 0xF0, 0x03, 0xC0, 0x3F, 0xC0,
    0x3C, 0x0F, 0xFE, 0x03, 0xC0, 0xE3, 0xF0, 0x78, 0x1E, 0x1F, 0x87, 0x81, 0xE0, 0xFC, 0x70, 0x3C,
    0x07, 0xFF, 0x03, 0xC0, 0x1F, 0xC0, 0x3C, 0x00, 0xFC, 0x03, 0xC0, 0x07, 0xE0, 0x3C, 0x00, 0x3F,
    0x03, 0xC0, 0x01, 0xFC, 0x3C, 0x00, 0x07, 0xE0, 0xFF, 0xFF, 0xFF, 0xFF, 0xFF, 0xFF, 0xFF, 0xFF,
    0xFF, 0x00, 0x00, 0x3C, 0x00, 0x00, 0x38, 0x00, 0x00, 0x78, 0x00, 0x00, 0x78, 0x00, 0x00, 0x78,
    0x00, 0x00, 0x78, 0x00, 0x00, 0x78, 0x00, 0x00, 0x78, 0x00, 0x00, 0x78, 0x00, 0x00, 0x78, 0x00,
    0x00, 0x78, 0x00, 0x00, 0x78, 0x00, 0x00, 0x78, 0x00, 0x00, 0x78, 0xFF, 0xFF, 0xFE, 0x7F, 0xFF,
    0xFF, 0xBF, 0xFF, 0xFF, 0xE0, 0x00, 0x03, 0xF0, 0x00, 0x00, 0x78, 0x00, 0x00, 0x3C, 0x00, 0x00,
    0x1F, 0xE0, 0x00, 0x0F, 0xF0, 0x00, 0x07, 0xF8, 0x00, 0x03, 0xFC, 0x00, 0x01, 0xFE, 0x00, 0x00,
    0xFF, 0x00, 0x00, 0x7F, 0x80, 0x00, 0x3F, 0xC0, 0x00, 0x1F, 0xE0, 0x00, 0x0F, 0xF0, 0x00, 0x07,
    0x80, 0xFF, 0xFF, 0xF0, 0x7F, 0xFF, 0xFE, 0x3F, 0xFF, 0xFF, 0x80, 0x00, 0x0F, 0xC0, 0x00, 0x01,
    0xF0, 0x00, 0x00, 0x78, 0x00, 0x00, 0x3C, 0x00, 0x00, 0x1E, 0x00, 0x00, 0x0F, 0x00, 0x00, 0x07,
    0x80, 0x00, 0x03, 0xC0, 0x00, 0x03, 0xE0, 0x00, 0x01, 0xF0, 0x00, 0x03, 0xF3, 0xFF, 0xFF, 0xF9,
    0xFF, 0xFF, 0xF8, 0xFF, 0xFF, 0xF0, 0x00, 0x00, 0x00, 0x01, 0xE0, 0x00, 0x03, 0xC0, 0x00, 0x07,
    0x80, 0x00, 0x0F, 0x00, 0x00, 0x1E, 0x00, 0x00, 0x3F, 0xFF, 0xFC, 0x7F, 0xFF, 0xFE, 0xFF, 0xFF,
    0xFC, 0x00, 0x01, 0xFC, 0x00, 0x00, 0xF8, 0x00, 0x00, 0xF0, 0x00, 0x01, 0xE0, 0x00, 0x03, 0xC0,
    0x00, 0x07, 0x80, 0x00, 0x1F, 0x00, 0x00, 0x3C, 0x00, 0x00, 0xF8, 0x00, 0x03, 0xE0, 0x00, 0x0F,
    0xC0, 0x00, 0x1F, 0x00, 0x00, 0x3C, 0x00, 0x00, 0x60, 0x00, 0xFF, 0xFF, 0xFF, 0x3F, 0xFF, 0xFF,
    0xEF, 0xFF, 0xFF, 0xFC, 0xF0, 0x00, 0x3F, 0x38, 0x00, 0x03, 0xDE, 0x00, 0x00, 0xF7, 0x80, 0x00,
    0x3D, 0xE0, 0x00, 0x0F, 0x78, 0x00, 0x03, 0xDE, 0x00, 0x00, 0xF7, 0x80, 0x00, 0x3D, 0xE0, 0x00,
    0x0F, 0x78, 0x00, 0x03, 0xDF, 0x00, 0x01, 0xF7, 0xFF, 0xFF, 0xFD, 0xFF, 0xFF, 0xFF, 0x7F, 0xFF,
    0xFF, 0xC0, 0xFF, 0xFF, 0xFC, 0x7F, 0xFF, 0xFF, 0x3F, 0xFF, 0xFF, 0xC0, 0x00, 0x07, 0xE0, 0x00,
    0x00, 0xF0, 0x00, 0x00, 0x78, 0x00, 0x00, 0x3C, 0x00, 0x00, 0x1E, 0x00, 0x00, 0x0F, 0x00, 0x00,
    0x07, 0x80, 0x00, 0x03, 0xC0, 0x00, 0x01, 0xE0, 0x00, 0x00, 0xF0, 0x00, 0x00, 0x78, 0x00, 0x00,
    0x3C, 0x00, 0x00, 0x1E, 0x00, 0x00, 0x0F, 0x00, 0x7F, 0xFF, 0xFF, 0xC7, 0xFF, 0xFF, 0xFE, 0x7F,
    0xFF, 0xFF, 0xF1, 0xF0, 0x00, 0x3F, 0x1E, 0x00, 0x00, 0xF1, 0xE0, 0x00, 0x0F, 0x1E, 0x00, 0x00,
    0xF1, 0xE0, 0x00, 0x0F, 0x1E, 0x00, 0x00, 0xF1, 0xE0, 0x00, 0x0F, 0x1E, 0x00, 0x00, 0xF1, 0xE0,
    0x00, 0x0F, 0x1E, 0x00, 0x00, 0xF1, 0xE0, 0x00, 0x0F, 0x7E, 0x00, 0x00, 0xF7, 0xE0, 0x00, 0x0F,
    0xFC, 0x00, 0x00, 0xF3, 0x00, 0x00, 0x00, 0x03, 0xC0, 0x03, 0xC0, 0x03, 0xC0, 0x03, 0xC0, 0x03,
    0xC0, 0x03, 0xC0, 0x03, 0xE0, 0xFF, 0xFF, 0xFF, 0xFF, 0xFF, 0xFF, 0x00, 0x00, 0x00, 0x00, 0x0C,
    0x00, 0x00, 0xC0, 0x00, 0x00, 0xF0, 0xF1, 0xEF, 0x0F, 0x1E, 0xF8, 0xF1, 0xEF, 0x8F, 0x1E, 0xF8,
    0xF1, 0xE7, 0x8F, 0x1E, 0x79, 0xF1, 0xE7, 0x9E, 0x3E, 0x7B, 0xE3, 0xE7, 0xFC, 0x3C, 0x7F, 0x87,
    0xC7, 0xC0, 0x7C, 0x3C, 0x0F, 0x83, 0xCF, 0xF0, 0x3F, 0xFE, 0x03, 0xFF, 0xC0, 0x3F, 0xF0, 0x00,
    0x00, 0x00, 0x06, 0x00, 0x00, 0x60, 0x00, 0x00, 0x00, 0x00, 0xF0, 0xF1, 0xEF, 0x0F, 0x1E, 0xF0,
    0xF1, 0xEF, 0x8F, 0x1E, 0xF8, 0xF1, 0xE7, 0x8F, 0x1E, 0x79, 0xF1, 0xE7, 0x9E, 0x3E, 0x7B, 0xE3,
    0xE7, 0xFC, 0x3C, 0x7F, 0x87, 0xC7, 0xC0, 0x7C, 0x7C, 0x1F, 0x83, 0xCF, 0xF0, 0x3F, 0xFE, 0x03,
    0xFF, 0xC0, 0x3F, 0xF0, 0x00, 0x00, 0x00, 0x00, 0x00, 0x0C, 0x00, 0x00, 0xC0, 0x00, 0x00, 0xF0,
    0xF1, 0xEF, 0x0F, 0x1E, 0xF8, 0xF1, 0xEF, 0x8F, 0x1E, 0xF8, 0xF1, 0xE7, 0x8F, 0x1E, 0x79, 0xF1,
    0xE7, 0x9E, 0xFE, 0x7F, 0xEF, 0xE7, 0xFC, 0x3C, 0x7F, 0x87, 0xC7, 0xC0, 0x7C, 0x3C, 0x0F, 0x83,
    0xCF, 0xF0, 0x3F, 0xFE, 0x03, 0xFF, 0xC0, 0x3F, 0xF0, 0x00, 0x00, 0x00, 0x06, 0x00, 0x00, 0x60,
    0x00, 0x00, 0x00, 0x00, 0xF0, 0xF1, 0xEF, 0x0F, 0x1E, 0xF0, 0xF1, 0xEF, 0x8F, 0x1E, 0xF8, 0xF1,
    0xE7, 0x8F, 0x1E, 0x79, 0xF1, 0xE7, 0x9E, 0xFE, 0x7F, 0xEF, 0xE7, 0xFC, 0x3C, 0x7F, 0x87, 0xC7,
    0xC0, 0x7C, 0x7C, 0x1F, 0x83, 0xCF, 0xF0, 0x3F, 0xFE, 0x03, 0xFF, 0xC0, 0x3F, 0xF0, 0x00, 0xF8,
    0x1E, 0x3E, 0x0F, 0x0F, 0x87, 0x87, 0xC3, 0xC1, 0xF1, 0xE0, 0x78, 0xF0, 0x7E, 0x78, 0x7F, 0xBC,
    0x3F, 0xFC, 0x3D, 0xFE, 0x1E, 0x7E, 0x0F, 0x3E, 0x07, 0x8F, 0x83, 0xC3, 0xE1, 0xE1, 0xF8, 0xF0,
    0x7C, 0x78, 0x1F, 0x00, 0x00, 0x00, 0x00, 0x00, 0xFC, 0x00, 0x7E, 0x00, 0xF8, 0x1E, 0x3E, 0x0F,
    0x0F, 0x87, 0x87, 0xC3, 0xC1, 0xF1, 0xE0, 0x78, 0xF0, 0x7E, 0x78, 0x7F, 0xBC, 0x3F, 0xFC, 0x3D,
    0xFE, 0x1E, 0x7E, 0x0F, 0x3E, 0x07, 0x8F, 0x83, 0xC3, 0xE1, 0xE1, 0xF8, 0xF0, 0x7C, 0x78, 0x1F,
    0x00, 0x00, 0x01, 0xF8, 0x00, 0xFC, 0x00, 0x18, 0x00, 0x0C, 0x00, 0x06, 0x00, 0xF8, 0x1E, 0x3E,
    0x0F, 0x0F, 0x87, 0x87, 0xC3, 0xC1, 0xF1, 0xE0, 0x78, 0xF0, 0x3E, 0x78, 0x3F, 0xBC, 0x3F, 0xFC,
    0x3D, 0xFE, 0x1E, 0x7E, 0x0F, 0x1E, 0x07, 0x8F, 0x83, 0xDB, 0xE1, 0xEC, 0xF8, 0xF0, 0x7C, 0x78,
    0x1F, 0x00, 0xFF, 0xC3, 0xFF, 0x8F, 0xFF, 0x00, 0xFC, 0x00, 0xF0, 0x03, 0xC0, 0x0F, 0x03, 0x3C,
    0x0C, 0xF0, 0x03, 0xC0, 0x0F, 0x00, 0x3C, 0x00, 0xF0, 0x07, 0xCF, 0xFF, 0xFF, 0xFF, 0xFF, 0xFC,
    0x3F, 0x83, 0xFC, 0x3F, 0xE0, 0x7E, 0x01, 0xE0, 0x1E, 0x01, 0xE1, 0x9E, 0x19, 0xE0, 0x3E, 0x03,
    0xE0, 0xFE, 0x3F, 0xE7, 0xFE, 0x7D, 0xE7, 0x9F, 0x71, 0xF4, 0x00, 0xFF, 0xFF, 0xFF, 0xFF, 0xFF,
    0xC0, 0x3C, 0x00, 0xE0, 0x07, 0x80, 0x1E, 0x06, 0x78, 0x19, 0xE0, 0x07, 0x80, 0x1E, 0x00, 0x78,
    0x01, 0xE0, 0x07, 0x80, 0x1E, 0x00, 0x78, 0x01, 0xE0, 0xFF, 0xF3, 0xFF, 0xEF, 0xFF, 0xC0, 0x3F,
    0x00, 0x3C, 0x00, 0xF0, 0x03, 0xFC, 0xCF, 0xF3, 0x3F, 0xC0, 0xFF, 0x03, 0xFC, 0x0F, 0xF0, 0x3F,
    0xC0, 0xFF, 0x03, 0xFC, 0x0F, 0xF0, 0x3C, 0xFF, 0xFF, 0xF9, 0xF1, 0xE3, 0xC7, 0xEF, 0xDE, 0x3C,
    0x78, 0xF1, 0xE3, 0xC7, 0x8F, 0x1E, 0xFF, 0xFF, 0xFF, 0xF8, 0x3C, 0x0E, 0x07, 0x81, 0xE3, 0x78,
    0xDE, 0x07, 0x81, 0xE0, 0x78, 0x1E, 0x07, 0x81, 0xE0, 0x78, 0x1E, 0x00, 0xF9, 0xF8, 0xF9, 0xFC,
    0xF9, 0xFE, 0x78, 0x7E, 0x78, 0x1F, 0x78, 0x0F, 0x78, 0x0F, 0x79, 0x8F, 0x79, 0x8F, 0x78, 0x0F,
    0x78, 0x1F, 0x78, 0x1E, 0x7C, 0x3E, 0x7D, 0xFC, 0x7F, 0xFC, 0x3F, 0xF0, 0x3F, 0xE0, 0x7E, 0xFF,
    0xF9, 0xF1, 0xE3, 0xF7, 0xEF, 0x1E, 0x3C, 0x78, 0xFF, 0xC7, 0xFF, 0x3F, 0xFC, 0x07, 0xE0, 0x0F,
    0x00, 0x78, 0x03, 0xC3, 0x1E, 0x18, 0xF0, 0x07, 0x80, 0x3C, 0x01, 0xE0, 0x0F, 0x00, 0x78, 0x03,
    0xC0, 0x1E, 0x00, 0xF0, 0x07, 0x80, 0x3C, 0x01, 0xE0, 0x0F, 0x00, 0x78, 0x03, 0xC0, 0x7F, 0x81,
    0xFF, 0x87, 0xFF, 0x00, 0xFC, 0x00, 0xF8, 0x01, 0xE0, 0x07, 0x83, 0x1E, 0x0C, 0x78, 0x01, 0xE0,
    0x07, 0x80, 0x3E, 0x00, 0xF8, 0x0F, 0xC7, 0xFF, 0x1F, 0xF8, 0x7F, 0x80, 0x00, 0x07, 0x80, 0x3C,
    0x01, 0xE0, 0x0F, 0x00, 0x78, 0x03, 0xFF, 0x1F, 0xFE, 0xFF, 0xF0, 0x1F, 0xC0, 0x3E, 0x00, 0xF0,
    0x07, 0x8C, 0x3C, 0x61, 0xE0, 0x1F, 0x00, 0xF0, 0x0F, 0x80, 0xF8, 0x0F, 0xC0, 0x7C, 0x03, 0x80,
    0x18, 0x00, 0x00, 0x7C, 0xF8, 0x3F, 0xFE, 0x1F, 0xFF, 0x87, 0xFF, 0xC3, 0xE1, 0xF1, 0xE0, 0x79,
    0xF0, 0x3C, 0xF9, 0x9E, 0x7C, 0xCF, 0x3E, 0x07, 0x9E, 0x03, 0xCF, 0x01, 0xE7, 0x80, 0xF3, 0xC0,
    0xF9, 0xE3, 0xFD, 0xF1, 0xFE, 0xF8, 0xFF, 0x00, 0x7E, 0x3F, 0x9F, 0xE3, 0xF0, 0x78, 0x3C, 0x1E,
    0xCF, 0x67, 0x83, 0xC1, 0xE0, 0xF0, 0x78, 0x7F, 0xFF, 0xFF, 0xFF, 0x80, 0xFF, 0xF0, 0xFF, 0xFC,
    0xFF, 0xFE, 0x78, 0x7E, 0x78, 0x1F, 0x70, 0x1F, 0xF0, 0x0F, 0xF1, 0x8F, 0xF1, 0x8F, 0xF0, 0x0F,
    0xF0, 0x0F, 0xF8, 0x1F, 0xF8, 0x1E, 0x7C, 0x3E, 0x7F, 0xFC, 0x3F, 0xFC, 0x1F, 0xF0, 0x03, 0x80,
    0x00, 0x00, 0x0F, 0xF0, 0x3F, 0xF8, 0x7F, 0xFC, 0x7C, 0x7C, 0xF8, 0x3E, 0xF0, 0x1E, 0xF0, 0x1E,
    0xF8, 0xDE, 0xF8, 0xDE, 0x7E, 0x1E, 0x3E, 0x1E, 0x1E, 0x1E, 0x00, 0x1E, 0x00, 0x1E, 0x00, 0x1E,
    0x00, 0x1E, 0x00, 0x1E, 0x00, 0x1E, 0x00, 0x1E, 0x00, 0x1E, 0x00, 0x1E, 0x00, 0x1E, 0x00, 0x1E,
    0x0F, 0xE0, 0x3F, 0xF0, 0x7F, 0xF8, 0x7E, 0xFC, 0xF8, 0x3E, 0xF0, 0x3E, 0xF0, 0x1E, 0xF8, 0xDE,
    0x7E, 0xDE, 0x7E, 0x1E, 0x1E, 0x1E, 0x00, 0x3E, 0x00, 0x7C, 0x01, 0xFC, 0x3F, 0xF8, 0x3F, 0xF0,
    0x7F, 0xC0, 0x7C, 0x1E, 0x3C, 0x1E, 0x3E, 0x1E, 0x1F, 0x1E, 0x0F, 0x1E, 0x0F, 0x9E, 0x07, 0xFC,
    0x03, 0xFC, 0x03, 0xF8, 0x19, 0xF0, 0x18, 0xF8, 0x00, 0xF8, 0x00, 0x7C, 0x00, 0x7E, 0x7F, 0xFE,
    0x7F, 0xFE, 0x7F, 0xFE, 0xFF, 0xF0, 0xFF, 0xFC, 0xFF, 0xFE, 0x00, 0x7E, 0x00, 0x3E, 0x00, 0x1E,
    0x78, 0x1E, 0x79, 0x9E, 0x79, 0x9E, 0x78, 0x1E, 0x78, 0x3E, 0x78, 0x3C, 0x78, 0x7C, 0x78, 0xF8,
    0x78, 0xF0, 0x78, 0xE0, 0x78, 0xC0, 0x78, 0x00, 0x78, 0x00, 0x78, 0x00, 0x78, 0x00, 0x78, 0x00,
    0x78, 0x00, 0xFF, 0xE3, 0xFF, 0xCF, 0xFF, 0x80, 0x7E, 0x00, 0x78, 0x01, 0xE0, 0x07, 0x83, 0x1E,
    0x0C, 0x78, 0x01, 0xE0, 0x07, 0x80, 0x1E, 0x00, 0x78, 0x01, 0xE0, 0x07, 0x80, 0x1E, 0x00, 0x78,
    0xF0, 0xF1, 0xEF, 0x0F, 0x1E, 0xF8, 0xF1, 0xEF, 0x8F, 0x1E, 0xF8, 0xF1, 0xE7, 0x8F, 0x1E, 0x79,
    0xF1, 0xE7, 0x9E, 0xFE, 0x7F, 0xEF, 0xE7, 0xFC, 0x3C, 0x7F, 0x87, 0xC7, 0xC0, 0x7C, 0x3C, 0x0F,
    0x83, 0xCF, 0xF0, 0x3F, 0xFE, 0x03, 0xFF, 0xC0, 0x3F, 0xF0, 0x00, 0x7F, 0xFE, 0x3F, 0xFF, 0x9F,
    0xFF, 0xE3, 0xE3, 0xF1, 0xE0, 0x78, 0xF0, 0x3C, 0x78, 0x1E, 0x3C, 0xCF, 0x1E, 0x67, 0x8F, 0x03,
    0xC7, 0x81, 0xE3, 0xC0, 0xF1, 0xE0, 0x78, 0xF0, 0x3D, 0xF8, 0x1E, 0xFC, 0x0F, 0xFC, 0x07, 0x98,
    0x00, 0x00, 0x00, 0x18, 0x18, 0x00, 0x7E, 0xFE, 0xFE, 0x1E, 0x1E, 0x1E, 0x1E, 0x1E, 0x1E, 0x1E,
    0x1E, 0x1E, 0x1E, 0x1E, 0x1E, 0x1E, 0x1E, 0x1F, 0xC0, 0x7F, 0x00, 0x00, 0x3F, 0xF0, 0xFF, 0xE3,
    0xFF, 0xC0, 0x3F, 0x00, 0x3C, 0x00, 0xF0, 0x03, 0xC0, 0x0F, 0x00, 0x3C, 0x00, 0xF0, 0x03, 0xC0,
    0x0F, 0x00, 0x3C, 0x00, 0xFB, 0xFF, 0xFF, 0xFF, 0xFF, 0xFF, 0x3F, 0x81, 0xFC, 0x00, 0x01, 0xFF,
    0x0F, 0xFE, 0x7F, 0xF8, 0x0F, 0xC0, 0x1F, 0x00, 0xF8, 0x03, 0xC0, 0x1E, 0x00, 0xF0, 0x07, 0x80,
    0x3C, 0x03, 0xE0, 0x1F, 0x03, 0xF7, 0xFF, 0xBF, 0xF9, 0xFF, 0x00, 0x0F, 0xE0, 0x0F, 0xE0, 0x00,
    0x00, 0x0F, 0xE0, 0x3F, 0xF0, 0x7F, 0xF8, 0x7E, 0xFC, 0xF8, 0x3E, 0xF0, 0x3E, 0xF0, 0x1E, 0xF8,
    0x1E, 0xFC, 0x1E, 0x7C, 0x1E, 0x3C, 0x1E, 0x04, 0x3E, 0x00, 0x7C, 0x01, 0xFC, 0x3F, 0xF8, 0x3F,
    0xF0, 0x7F, 0xC0, 0xF0, 0x00, 0xF0, 0x00, 0xF0, 0x00, 0xF0, 0x00, 0xF0, 0x00, 0xF8, 0x3C, 0xF8,
    0x3C, 0x7C, 0x3C, 0x7C, 0x3C, 0x3E, 0x3C, 0x1F, 0x3C, 0x1F, 0x3C, 0x0F, 0xBC, 0x07, 0xF8, 0x07,
    0xF8, 0x03, 0xF0, 0x01, 0xE0, 0x01, 0xF0, 0x00, 0xF8, 0x00, 0x7C, 0x00, 0x7C, 0x00, 0x3E, 0x07,
    0x07, 0xE3, 0x99, 0xFE, 0x7E, 0x00, 0x00, 0x00, 0x70, 0x1C, 0x07, 0x01, 0xC0, 0x70, 0x1C, 0x07,
    0x01, 0xC0, 0x70, 0x1C, 0x07, 0x01, 0xC0, 0x70, 0x1E, 0x07, 0x81, 0xF8, 0x3F, 0x0F, 0xC0, 0xE0,
    0x60, 0x00, 0x0E, 0x07, 0x00, 0x00, 0xE0, 0xF0, 0x00, 0x0E, 0x0E, 0x00, 0x00, 0xE0, 0xE0, 0x00,
    0x0F, 0x0F, 0x00, 0x01, 0xF0, 0xF8, 0x01, 0xFF, 0x8F, 0xFF, 0xFF, 0xFF, 0x7F, 0xFF, 0xFF, 0xF3,
    0xFF, 0xFE, 0x3F, 0x1F, 0xFF, 0x00, 0xF0, 0x00, 0x00, 0x00, 0x00, 0x60, 0x00, 0x00, 0x0E, 0x00,
    0x00, 0x00, 0xE0, 0x00, 0x00, 0x0E, 0x00, 0x00, 0x00, 0x00, 0x00, 0x00, 0x06, 0x00, 0x00, 0x00,
    0xE0, 0x00, 0x00, 0x0E, 0x00, 0x00, 0x00, 0xE0, 0x00, 0x00, 0x00, 0x03, 0x83, 0xC0, 0xF0, 0x78,
    0x3C, 0x0E, 0x07, 0x07, 0xBF, 0xDF, 0xEF, 0xE7, 0xC0, 0x00, 0x00, 0x1C, 0x0E, 0x07, 0x01, 0x80,
    0xC0, 0xE0, 0x70, 0x38, 0x0E, 0x00, 0xE0, 0x0E, 0x00, 0xE0, 0x0F, 0x01, 0xF0, 0x7F, 0xEF, 0xFE,
    0xFB, 0xEF, 0x1E, 0x00, 0x00, 0x00, 0x0E, 0x00, 0xE0, 0x0E, 0x00, 0x60, 0x06, 0x00, 0xE0, 0x0E,
    0x00, 0xE0, 0x60, 0x00, 0x0E, 0x07, 0x00, 0x00, 0xE0, 0xF0, 0x00, 0x0E, 0x0E, 0x00, 0x00, 0xE0,
    0xE0, 0x00, 0x0F, 0x0F, 0x00, 0x01, 0xF0, 0xF8, 0x01, 0xFF, 0x8F, 0xFF, 0xFF, 0xFF, 0x7F, 0xFF,
    0xFF, 0xF3, 0xFF, 0xFE, 0x3F, 0x1F, 0xFF, 0x00, 0xF0, 0x00, 0x00, 0x00, 0x00, 0x00, 0x00, 0x00,
    0x31, 0x80, 0x00, 0x03, 0x9C, 0x00, 0x00, 0x39, 0xC0, 0x00, 0x03, 0x18, 0x00, 0x00, 0x0E, 0x00,
    0x00, 0x00, 0xE0, 0x00, 0x00, 0x0E, 0x00, 0x00, 0x00, 0x60, 0x00, 0x00, 0x00, 0x01, 0xC0, 0xF0,
    0x3C, 0x0F, 0x01, 0xC0, 0x70, 0x1C, 0x0F, 0x1F, 0xC7, 0xF3, 0xF8, 0x7C, 0x00, 0x00, 0x00, 0xC6,
    0x73, 0x9C, 0xE7, 0x38, 0x30, 0x0E, 0x03, 0x80, 0xE0, 0x07, 0x00, 0x70, 0x07, 0x00, 0x70, 0x07,
    0x00, 0xF8, 0x7F, 0xE7, 0xFF, 0x7F, 0xF7, 0x8E, 0x00, 0x00, 0x00, 0x18, 0xC3, 0x9C, 0x39, 0xC3,
    0x9C, 0x06, 0x00, 0x70, 0x07, 0x00, 0x70, 0x60, 0x00, 0x0E, 0x07, 0x00, 0x00, 0xE0, 0xF0, 0x00,
    0x0E, 0x0E, 0x00, 0x00, 0xE0, 0xE0, 0x00, 0x0F, 0x0F, 0x00, 0x01, 0xF0, 0xF8, 0x01, 0xFF, 0x8F,
    0xFF, 0xFF, 0xFF, 0x7F, 0xFF, 0xFF, 0xF3, 0xFF, 0xFE, 0x3F, 0x1F, 0xFF, 0x00, 0xF0, 0x00, 0x00,
    0x00, 0x00, 0x00, 0x00, 0x00, 0x3B, 0x80, 0x00, 0x03, 0xB8, 0x00, 0x00, 0x3B, 0x80, 0x00, 0x00,
    0x00, 0x00, 0x00, 0x3B, 0x80, 0x00, 0x03, 0xB8, 0x00, 0x00, 0x3B, 0x80, 0x00, 0x00, 0x01, 0xC0,
    0x70, 0x1E, 0x07, 0x81, 0xE0, 0x38, 0x0E, 0x07, 0x8F, 0xE7, 0xF9, 0xFC, 0x7C, 0x00, 0x00, 0x00,
    0xEE, 0x3B, 0x8E, 0xE0, 0x00, 0xEE, 0x3B, 0x8E, 0xE0, 0x0E, 0x01, 0xC0, 0x38, 0x07, 0x00, 0xF0,
    0x3E, 0x1F, 0xFB, 0xFF, 0xFB, 0xEE, 0x3C, 0x00, 0x00, 0x03, 0xB8, 0x77, 0x0E, 0xE0, 0x00, 0x3B,
    0x87, 0x70, 0xEE, 0x00, 0x00, 0x1C, 0x00, 0x00, 0x01, 0xC0, 0x00, 0x00, 0x1C, 0x00, 0x00, 0x00,
    0xC0, 0x00, 0x00, 0x0C, 0x00, 0x00, 0x01, 0xC0, 0x00, 0x00, 0x1C, 0x00, 0x00, 0x01, 0xC0, 0x00,
    0x40, 0x00, 0x00, 0x07, 0x00, 0x00, 0xE0, 0xF0, 0x00, 0x0E, 0x0E, 0x00, 0x00, 0xE0, 0xE0, 0x00,
    0x0E, 0x0F, 0x00, 0x01, 0xF0, 0xF8, 0x00, 0xFF, 0x8F, 0xFF, 0xFF, 0xFF, 0x7F, 0xFF, 0xFF, 0xF3,
    0xFF, 0xFE, 0x3F, 0x1F, 0xFF, 0x00, 0xF0, 0x1C, 0x0E, 0x07, 0x01, 0x80, 0x00, 0xE0, 0x70, 0x38,
    0x0C, 0x00, 0x00, 0x81, 0xE0, 0x70, 0x3C, 0x1E, 0x07, 0x03, 0x83, 0xDF, 0xEF, 0xFF, 0xF3, 0xE0,
    0x06, 0x00, 0xE0, 0x0E, 0x00, 0xE0, 0x00, 0x00, 0xE0, 0x0E, 0x00, 0xE0, 0x06, 0x00, 0x00, 0x0E,
    0x00, 0xE0, 0x0E, 0x00, 0xE0, 0x0E, 0x01, 0xF0, 0x7F, 0xEF, 0xFE, 0xFB, 0xEF, 0x1E, 0x00, 0x77,
    0x00, 0x00, 0x07, 0x70, 0x00, 0x00, 0x77, 0x00, 0x00, 0x00, 0x00, 0x00, 0x00, 0x77, 0x00, 0x00,
    0x07, 0x70, 0x00, 0x00, 0x77, 0x00, 0x04, 0x00, 0x00, 0x00, 0x70, 0x00, 0x0E, 0x0F, 0x00, 0x00,
    0xE0, 0xE0, 0x00, 0x0E, 0x0E, 0x00, 0x00, 0xE0, 0xF0, 0x00, 0x1F, 0x0F, 0x80, 0x0F, 0xF8, 0xFF,
    0xFF, 0xFF, 0xF7, 0xFF, 0xFF, 0xFF, 0x3F, 0xFF, 0xE3, 0xF1, 0xFF, 0xF0, 0x0F, 0x73, 0xB9, 0xDC,
    0xE0, 0x07, 0x3B, 0x9D, 0xCE, 0x00, 0x00, 0x07, 0x83, 0xC0, 0xF0, 0x78, 0x3C, 0x0E, 0x07, 0x07,
    0xBF, 0xDF, 0xFF, 0xE7, 0xC0, 0x3B, 0x87, 0x70, 0xEE, 0x00, 0x03, 0xB8, 0x77, 0x0E, 0xE0, 0x00,
    0x00, 0x01, 0xC0, 0x38, 0x07, 0x00, 0xE0, 0x1E, 0x07, 0xC3, 0xFF, 0xFF, 0xFF, 0x7D, 0xC7, 0x80,
    0x00, 0x30, 0x00, 0x00, 0x03, 0x60, 0x00, 0x00, 0x3F, 0x00, 0x00, 0x03, 0xB0, 0x00, 0x00, 0x33,
    0x00, 0x00, 0x07, 0xF0, 0x00, 0x00, 0x7E, 0x00, 0x00, 0x00, 0x00, 0x00, 0x70, 0x00, 0x0E, 0x0F,
    0x00, 0x00, 0xE0, 0xE0, 0x00, 0x0E, 0x0E, 0x00, 0x00, 0xE0, 0xF0, 0x00, 0x0F, 0x0F, 0x80, 0x0F,
    0xF8, 0xFF, 0xFF, 0xFF, 0xF7, 0xFF, 0xFF, 0xFF, 0x3F, 0xFF, 0xE3, 0xF1, 0xFF, 0xF0, 0x0F, 0x30,
    0x18, 0x0F, 0x87, 0xE3, 0x33, 0xF9, 0xF8, 0x00, 0x00, 0x03, 0x03, 0xC1, 0xE0, 0xF0, 0x38, 0x1C,
    0x0E, 0x0F, 0x3F, 0x9F, 0xDF, 0xC7, 0xC0, 0x18, 0x03, 0x00, 0x7C, 0x0F, 0xC1, 0x98, 0x7F, 0x0F,
    0xC0, 0x00, 0x00, 0x01, 0xC0, 0x38, 0x07, 0x00, 0xE0, 0x1E, 0x07, 0xC3, 0xFF, 0xFF, 0xFF, 0x7F,
    0xC7, 0x00, 0x00, 0x00, 0x18, 0x00, 0x00, 0x03, 0x80, 0x00, 0x00, 0x38, 0x00, 0x00, 0x03, 0x80,
    0x00, 0x00, 0xC6, 0x00, 0x00, 0x0E, 0x70, 0x00, 0x00, 0xE7, 0x00, 0x00, 0x0E, 0x70, 0x00, 0x00,
    0x00, 0x00, 0x00, 0x00, 0x00, 0x00, 0x00, 0x7C, 0x00, 0x00, 0x0F, 0xE0, 0x00, 0x01, 0xFF, 0x00,
    0x00, 0x3F, 0xF8, 0x40, 0x03, 0xC7, 0x87, 0x00, 0x3C, 0x38, 0xF0, 0x03, 0x83, 0x8E, 0x00, 0x3C,
    0x38, 0xE0, 0x03, 0xC7, 0x8F, 0x00, 0x1E, 0x70, 0xFC, 0x00, 0xFF, 0x0F, 0xFF, 0xFF, 0xFF, 0x7F,
    0xFF, 0xFF, 0xF3, 0xFF, 0xFF, 0xFF, 0x0F, 0xFF, 0x83, 0xF0, 0x01, 0x80, 0x0E, 0x00, 0x38, 0x00,
    0xE0, 0x0C, 0x70, 0x39, 0xC0, 0xE7, 0x03, 0x18, 0x00, 0x00, 0x1F, 0x00, 0xFE, 0x07, 0xFC, 0x1F,
    0xF8, 0xF1, 0xE3, 0xC3, 0x8E, 0x0E, 0x3C, 0x3C, 0xF8, 0xF1, 0xFF, 0xC7, 0xFF, 0x07, 0xF8, 0x00,
    0xE0, 0x0F, 0x9F, 0xFC, 0x7F, 0xF1, 0xFF, 0x07, 0xF0, 0x00, 0x01, 0xC0, 0x00, 0xE0, 0x00, 0x70,
    0x00, 0xC6, 0x00, 0x73, 0x80, 0x39, 0xC0, 0x1C, 0xE0, 0x00, 0x00, 0x00, 0x00, 0x01, 0xF0, 0x01,
    0xFC, 0x01, 0xFF, 0x01, 0xFF, 0xC0, 0xF9, 0xE0, 0x78, 0x70, 0x38, 0x38, 0x1E, 0x1C, 0x0F, 0x1E,
    0x03, 0xCE, 0x00, 0xFF, 0x07, 0xFF, 0xFF, 0xFF, 0xFF, 0xFF, 0xFF, 0xFC, 0x3F, 0x00, 0x00, 0xEE,
    0x00, 0x00, 0x0E, 0xE0, 0x00, 0x00, 0xEE, 0x00, 0x00, 0x00, 0x00, 0x00, 0x00, 0xEE, 0x00, 0x00,
    0x0E, 0xE0, 0x00, 0x00, 0xEE, 0x00, 0x00, 0x00, 0x00, 0x00, 0x00, 0x00, 0x00, 0x00, 0x07, 0xC0,
    0x00, 0x00, 0xFE, 0x00, 0x00, 0x1F, 0xF0, 0x00, 0x03, 0xFF, 0x84, 0x00, 0x3C, 0x78, 0x70, 0x03,
    0xC3, 0x8F, 0x00, 0x38, 0x38, 0xE0, 0x03, 0xC3, 0x8E, 0x00, 0x3C, 0x78, 0xF0, 0x01, 0xEF, 0x0F,
    0x80, 0x0F, 0xF0, 0xFF, 0xFF, 0xFF, 0xF7, 0xFF, 0xFF, 0xFF, 0x3F, 0xFF, 0xFF, 0xF1, 0xFF, 0xF0,
    0x3F, 0x0E, 0xE0, 0x3B, 0x80, 0xEE, 0x03, 0xB8, 0x0E, 0xE0, 0x3B, 0x80, 0x00, 0x00, 0x00, 0x07,
    0xC0, 0x3F, 0x81, 0xFF, 0x07, 0xFE, 0x3C, 0x78, 0xF0, 0xE3, 0x83, 0x8F, 0x0F, 0x3E, 0x3C, 0x7F,
    0xF1, 0xFF, 0xC1, 0xFE, 0x00, 0x38, 0x03, 0xE7, 0xFF, 0x1F, 0xFC, 0x7F, 0xC1, 0xFC, 0x00, 0x07,
    0x70, 0x03, 0xB8, 0x01, 0xDC, 0x00, 0x00, 0x00, 0x00, 0x00, 0x3B, 0x80, 0x1D, 0xC0, 0x0E, 0xE0,
    0x00, 0x00, 0x01, 0xF0, 0x01, 0xFC, 0x01, 0xFF, 0x01, 0xFF, 0xC0, 0xF9, 0xE0, 0x78, 0x70, 0x38,
    0x38, 0x1C, 0x1C, 0x0F, 0x1E, 0x03, 0xDE, 0x00, 0xFE, 0x07, 0xFF, 0xFF, 0xFF, 0xFF, 0xFF, 0xFF,
    0xF8, 0x3F, 0x1F, 0xC0, 0x03, 0xFF, 0x00, 0x1F, 0xFE, 0x00, 0x7F, 0xF8, 0x03, 0x07, 0xF0, 0x00,
    0x0F, 0xE0, 0x03, 0xFF, 0x00, 0x7F, 0xF8, 0x07, 0xFF, 0x00, 0xFC, 0x3C, 0x07, 0x81, 0xFC, 0x78,
    0x67, 0xE3, 0x87, 0x1F, 0x3C, 0x38, 0x79, 0xE1, 0xC0, 0x0E, 0x00, 0x00, 0x70, 0x70, 0x03, 0xC3,
    0x80, 0x1E, 0x1C, 0x00, 0xF8, 0x60, 0x03, 0xF0, 0x1C, 0x0F, 0xFF, 0xE0, 0x7F, 0xFF, 0x80, 0xFF,
    0xF8, 0x01, 0xFF, 0x00, 0x07, 0xE0, 0x00, 0xFF, 0xC0, 0x07, 0xFF, 0x00, 0x3F, 0xFC, 0x00, 0x83,
    0xF8, 0x00, 0x07, 0xE0, 0x00, 0x0F, 0xC0, 0x03, 0xFE, 0x00, 0xFF, 0xF0, 0x3F, 0xFF, 0x1F, 0xFC,
    0x01, 0xFF, 0x80, 0x0F, 0xF0, 0x00, 0x3C, 0x00, 0x00, 0x00, 0x00, 0x00, 0x00, 0x00, 0x00, 0xE0,
    0x00, 0x07, 0x00, 0x00, 0x38, 0x00, 0x00, 0xC0, 0x00, 0x06, 0x00, 0x00, 0x70, 0x00, 0x03, 0x80,
    0x00, 0x1C, 0x00, 0x07, 0xF0, 0x00, 0x3F, 0xF8, 0x00, 0x7F, 0xF8, 0x00, 0x7F, 0xFC, 0x00, 0xC1,
    0xFE, 0x00, 0x00, 0xFF, 0x00, 0x03, 0xFC, 0x00, 0x1F, 0xF8, 0x00, 0xFF, 0xC0, 0x0F, 0xF3, 0xC1,
    0xFF, 0x87, 0xFB, 0xFC, 0x07, 0xFF, 0xE0, 0x0F, 0xEF, 0x00, 0x07, 0xC0, 0x03, 0x00, 0x00, 0x0E,
    0x00, 0x00, 0x1C, 0x00, 0x00, 0x38, 0x00, 0x00, 0x00, 0x00, 0x00, 0xE0, 0x00, 0x01, 0xC0, 0x00,
    0x03, 0x80, 0x00, 0x03, 0x00, 0x00, 0x1F, 0xC0, 0x03, 0xFF, 0x80, 0x1F, 0xFE, 0x00, 0x7F, 0xFC,
    0x03, 0x07, 0xF8, 0x00, 0x0F, 0xE0, 0x03, 0xFF, 0x00, 0x7F, 0xF8, 0x07, 0xFF, 0x80, 0x7C, 0x3C,
    0x07, 0x80, 0xFC, 0x78, 0x07, 0xF3, 0x80, 0x1F, 0xBC, 0xC6, 0x39, 0xE7, 0x38, 0x0E, 0x39, 0xC0,
    0x71, 0xCE, 0x03, 0xC0, 0x00, 0x1E, 0x00, 0x00, 0xF8, 0x00, 0x03, 0xF0, 0x1C, 0x0F, 0xFF, 0xF0,
    0x3F, 0xFF, 0x80, 0xFF, 0xFC, 0x01, 0xFF, 0x00, 0x07, 0xF0, 0x00, 0xFF, 0xE0, 0x07, 0xFF, 0x80,
    0x1F, 0xFE, 0x00, 0xC1, 0xF8, 0x00, 0x03, 0xF0, 0x00, 0x0F, 0xE0, 0x01, 0xFF, 0x00, 0x7F, 0xF8,
    0x3F, 0xFF, 0x9F, 0xFE, 0x00, 0xFF, 0xC0, 0x07, 0xF0, 0x00, 0x3C, 0x00, 0x00, 0x00, 0x00, 0x00,
    0x00, 0x00, 0x01, 0x8C, 0x00, 0x1C, 0xE0, 0x00, 0xE7, 0x00, 0x07, 0x38, 0x00, 0x07, 0xF0, 0x00,
    0x1F, 0xFC, 0x00, 0x1F, 0xFF, 0x00, 0x0F, 0xFF, 0x80, 0x0C, 0x0F, 0xE0, 0x00, 0x03, 0xF8, 0x00,
    0x07, 0xF8, 0x00, 0x1F, 0xF8, 0x00, 0xFF, 0xE0, 0x07, 0xFD, 0xE0, 0x7F, 0xE0, 0xFE, 0x7F, 0xC0,
    0xFE, 0x7F, 0x00, 0x7E, 0x78, 0x00, 0x1E, 0x00, 0x00, 0x00, 0x00, 0x73, 0x80, 0x00, 0x73, 0x80,
    0x00, 0x73, 0x80, 0x00, 0x31, 0x80, 0x1F, 0xC0, 0x03, 0xFF, 0x80, 0x1F, 0xFE, 0x00, 0x7F, 0xF8,
    0x03, 0x07, 0xF0, 0x00, 0x0F, 0xE0, 0x03, 0xFF, 0x00, 0x7F, 0xF8, 0x07, 0xFF, 0x00, 0x7C, 0x3C,
    0x07, 0x81, 0xFC, 0x78, 0x07, 0xE3, 0xB9, 0xDF, 0x3D, 0xCE, 0x79, 0xEE, 0x70, 0x0E, 0x00, 0x00,
    0x70, 0x70, 0x03, 0xC3, 0x80, 0x1E, 0x1C, 0x00, 0xF8, 0x00, 0x03, 0xF0, 0x1C, 0x0F, 0xFF, 0xF0,
    0x7F, 0xFF, 0x80, 0xFF, 0xF8, 0x01, 0xFF, 0x00, 0x07, 0xF0, 0x00, 0xFF, 0xE0, 0x07, 0xFF, 0x80,
    0x1F, 0xFE, 0x00, 0xC1, 0xF8, 0x00, 0x03, 0xF0, 0x00, 0x0F, 0xE0, 0x03, 0xFF, 0x00, 0xFF, 0xF8,
    0x3F, 0xFF, 0x9F, 0xFE, 0x00, 0xFF, 0x80, 0x07, 0xF0, 0x00, 0x3C, 0x00, 0x00, 0x00, 0x00, 0x00,
    0x00, 0x00, 0x01, 0x8C, 0x00, 0x1C, 0xE0, 0x00, 0xE7, 0x00, 0x07, 0x38, 0x00, 0x06, 0x00, 0x00,
    0x38, 0x00, 0x01, 0xC0, 0x00, 0x0E, 0x00, 0x0F, 0xE0, 0x00, 0x7F, 0xF0, 0x00, 0x7F, 0xF8, 0x00,
    0xFF, 0xF8, 0x00, 0x81, 0xFC, 0x00, 0x00, 0xFE, 0x00, 0x03, 0xFC, 0x00, 0x1F, 0xF8, 0x01, 0xFF,
    0xC0, 0x1F, 0xF7, 0x81, 0xFF, 0x07, 0xF7, 0xFC, 0x0F, 0xEF, 0xE0, 0x0F, 0xDE, 0x00, 0x07, 0x80,
    0x00, 0x00, 0x00, 0x73, 0x80, 0x00, 0xE7, 0x00, 0x01, 0xCE, 0x00, 0x01, 0x8C, 0x00, 0x00, 0xC0,
    0x00, 0x01, 0xC0, 0x00, 0x03, 0x80, 0x00, 0x06, 0x00, 0x00, 0x1F, 0x80, 0x03, 0xFF, 0x00, 0x1F,
    0xFE, 0x00, 0x7F, 0xF8, 0x03, 0x07, 0xF0, 0x00, 0x0F, 0xE0, 0x01, 0xFF, 0x00, 0x3F, 0xF8, 0x07,
    0xFF, 0xC0, 0x7F, 0x38, 0x07, 0xC1, 0xE0, 0x7C, 0x0F, 0xE3, 0xDD, 0xFF, 0x3C, 0xEE, 0xF9, 0xE7,
    0x73, 0xCE, 0x00, 0x00, 0x71, 0xDC, 0x03, 0xCE, 0xE0, 0x1E, 0x77, 0x00, 0xF8, 0x00, 0x03, 0xF0,
    0x1C, 0x1F, 0xFF, 0xF0, 0x7F, 0xFF, 0x80, 0xFF, 0xFC, 0x01, 0xFF, 0x00, 0x07, 0xE0, 0x00, 0xFF,
    0xC0, 0x07, 0xFF, 0x00, 0x3F, 0xFC, 0x00, 0x83, 0xF8, 0x00, 0x07, 0xE0, 0x00, 0x0F, 0xC0, 0x03,
    0xFE, 0x00, 0xFF, 0xF0, 0x3F, 0xFF, 0x1F, 0xFC, 0x01, 0xFF, 0x80, 0x0F, 0xF0, 0x00, 0x3C, 0x00,
    0x00, 0x00, 0x00, 0x00, 0x00, 0x00, 0x03, 0xB8, 0x00, 0x1D, 0xC0, 0x00, 0xEE, 0x00, 0x00, 0x00,
    0x00, 0x3B, 0x80, 0x01, 0xDC, 0x00, 0x0E, 0xE0, 0x00, 0x07, 0xF0, 0x00, 0x3F, 0xF8, 0x00, 0x7F,
    0xF8, 0x00, 0x7F, 0xFC, 0x00, 0xC1, 0xFE, 0x00, 0x00, 0xFF, 0x00, 0x03, 0xFC, 0x00, 0x1F, 0xF8,
    0x00, 0xFF, 0xC0, 0x0F, 0xF3, 0xC1, 0xFF, 0x87, 0xFB, 0xFC, 0x07, 0xF7, 0xE0, 0x0F, 0xEF, 0x00,
    0x07, 0xC0, 0x00, 0x00, 0x00, 0x3B, 0x80, 0x00, 0x77, 0x00, 0x00, 0xEE, 0x00, 0x00, 0x00, 0x00,
    0x03, 0xB8, 0x00, 0x07, 0x70, 0x00, 0x0E, 0xE0, 0x00, 0x00, 0x00, 0x01, 0xE0, 0x00, 0xF0, 0x00,
    0x7C, 0x00, 0x1E, 0x00, 0x0F, 0x00, 0x03, 0xC0, 0x01, 0xE0, 0x00, 0x78, 0x00, 0x3C, 0x00, 0x0E,
    0x00, 0x0F, 0x83, 0xFF, 0xF3, 0xFF, 0xF9, 0xFF, 0x3C, 0xFF, 0x0E, 0x00, 0x00, 0x00, 0x00, 0x0E,
    0x70, 0x07, 0x38, 0x03, 0x9C, 0x00, 0xC6, 0x00, 0x18, 0xC0, 0x39, 0xC0, 0x39, 0xC0, 0x39, 0xC0,
    0x00, 0x00, 0x00, 0x00, 0x00, 0x80, 0x03, 0xC0, 0x07, 0xC0, 0x03, 0xC0, 0x03, 0xE0, 0x01, 0xE0,
    0x01, 0xE0, 0x00, 0xF0, 0x00, 0xF0, 0x00, 0x70, 0x00, 0x78, 0x00, 0xFC, 0x7F, 0xFF, 0x7F, 0xFF,
    0x7F, 0xCF, 0xFF, 0x07, 0x07, 0x00, 0x07, 0x00, 0x07, 0x00, 0x18, 0xC0, 0x39, 0xC0, 0x39, 0xC0,
    0x39, 0xC0, 0x00, 0x00, 0x00, 0x00, 0x01, 0x80, 0x07, 0xC0, 0x07, 0xC0, 0x03, 0xC0, 0x03, 0xE0,
    0x01, 0xE0, 0x01, 0xE0, 0x00, 0xF0, 0x00, 0xF0, 0x00, 0x70, 0x00, 0x78, 0x00, 0xFC, 0x7F, 0xFF,
    0x7F, 0xFF, 0x7F, 0xDF, 0x7F, 0x06, 0x0C, 0x00, 0x07, 0xC0, 0x03, 0xF0, 0x01, 0x98, 0x01, 0xFC,
    0x00, 0xFC, 0x00, 0x00, 0x00, 0x00, 0x00, 0x00, 0x80, 0x01, 0xE0, 0x00, 0xF0, 0x00, 0x78, 0x00,
    0x1E, 0x00, 0x0F, 0x00, 0x03, 0x80, 0x01, 0xE0, 0x00, 0xF0, 0x00, 0x3C, 0x00, 0x1E, 0x00, 0x1F,
    0x83, 0xFF, 0xF3, 0xFF, 0xF9, 0xFF, 0x3C, 0xFF, 0x0E, 0x03, 0x00, 0x07, 0x00, 0x0E, 0x00, 0x1C,
    0x01, 0xCE, 0x03, 0x9C, 0x07, 0x38, 0x06, 0x30, 0x00, 0x00, 0x00, 0x00, 0x01, 0x00, 0x1E, 0x00,
    0x3E, 0x00, 0x3C, 0x00, 0x78, 0x00, 0x78, 0x00, 0xF8, 0x01, 0xF8, 0x01, 0xF0, 0x07, 0xE0, 0x0E,
    0xC0, 0x3C, 0x00, 0xF8, 0x07, 0xE0, 0x7F, 0x80, 0xFE, 0x00, 0xF8, 0x01, 0xC0, 0x00, 0x00, 0x00,
    0x0C, 0x00, 0x36, 0x00, 0xFC, 0x03, 0xB0, 0x0C, 0xC0, 0x7F, 0x01, 0xF8, 0x00, 0x00, 0x00, 0x00,
    0x02, 0x00, 0x38, 0x00, 0xF0, 0x03, 0xC0, 0x07, 0x80, 0x1E, 0x00, 0x7C, 0x01, 0xFC, 0x03, 0xF0,
    0x1F, 0xC0, 0x7E, 0x03, 0xC0, 0x1F, 0x01, 0xF8, 0x1F, 0xE0, 0x7F, 0x01, 0xF0, 0x07, 0x80, 0x00,
    0x00, 0x00, 0x00, 0x00, 0x00, 0x00, 0x00, 0x06, 0x00, 0x00, 0x00, 0xF0, 0x00, 0x00, 0x1F, 0x80,
    0x00, 0x03, 0xF8, 0x00, 0x00, 0x7F, 0x80, 0x00, 0x07, 0xF0, 0x00, 0x00, 0xFE, 0x00, 0x00, 0x07,
    0xC0, 0x00, 0x00, 0x3C, 0x00, 0x00, 0x01, 0xE0, 0x00, 0x00, 0x07, 0x80, 0x00, 0x00, 0x3E, 0x00,
    0x38, 0x00, 0xF8, 0x03, 0xC0, 0x03, 0xC0, 0x1C, 0x00, 0x0F, 0x00, 0xE0, 0x00, 0x7C, 0x07, 0x80,
    0x03, 0xF0, 0x3E, 0x00, 0x7F, 0xE1, 0xFF, 0xFF, 0xDF, 0xE7, 0xFF, 0xFE, 0x7F, 0x1F, 0xFF, 0xE1,
    0xF8, 0x7F, 0xFC, 0x03, 0xC0, 0x00, 0x00, 0x00, 0x30, 0x03, 0xC0, 0x3F, 0x03, 0xF8, 0x1F, 0xC1,
    0xFC, 0x0F, 0xC0, 0x7C, 0x01, 0xF8, 0x07, 0xF0, 0x07, 0xF0, 0x07, 0xE0, 0x07, 0xC0, 0x0F, 0x00,
    0x1C, 0x00, 0x70, 0x03, 0xC0, 0x1F, 0x1F, 0xFC, 0x7F, 0xE1, 0xFE, 0x07, 0xE0, 0x00, 0x00, 0x00,
    0x00, 0x01, 0x80, 0x01, 0xE0, 0x01, 0xF8, 0x01, 0xFC, 0x01, 0xFC, 0x00, 0xFC, 0x00, 0xFE, 0x00,
    0x3E, 0x00, 0x0E, 0x00, 0x03, 0xC0, 0x00, 0xF8, 0x00, 0x1F, 0x00, 0x03, 0xE0, 0x00, 0x78, 0x00,
    0x1F, 0x00, 0x03, 0xE0, 0x00, 0xFC, 0x00, 0x7F, 0xC1, 0xFD, 0xFE, 0xFF, 0x3F, 0xBF, 0x87, 0xE7,
    0x80, 0x78, 0x00, 0x00, 0x00, 0x00, 0x00, 0x00, 0x06, 0x00, 0x00, 0x00, 0xF0, 0x00, 0x00, 0x1F,
    0x00, 0x00, 0x01, 0xF0, 0x00, 0x00, 0x3E, 0x60, 0x00, 0x07, 0xCF, 0x00, 0x00, 0x79, 0xF8, 0x00,
    0x03, 0x3F, 0x80, 0x00, 0x07, 0xF8, 0x00, 0x00, 0x7F, 0x00, 0x00, 0x0F, 0xE0, 0x00, 0x00, 0x7C,
    0x00, 0x00, 0x03, 0xC0, 0x00, 0x00, 0x1E, 0x00, 0x00, 0x00, 0x78, 0x00, 0x00, 0x03, 0xE0, 0x03,
    0x80, 0x0F, 0x80, 0x3C, 0x00, 0x3C, 0x01, 0xC0, 0x00, 0xF0, 0x0E, 0x00, 0x07, 0xC0, 0x78, 0x00,
    0x3F, 0x03, 0xE0, 0x07, 0xFE, 0x1F, 0xFF, 0xFD, 0xFE, 0x7F, 0xFF, 0xE7, 0xF1, 0xFF, 0xFE, 0x1F,
    0x87, 0xFF, 0xC0, 0x3C, 0x00, 0x00, 0x00, 0x30, 0x03, 0xC0, 0x1E, 0x01, 0xF0, 0x1F, 0x31, 0xF3,
    0xCF, 0x3F, 0x33, 0xF8, 0x9F, 0xC1, 0xFC, 0x0F, 0xC0, 0x7C, 0x01, 0xF8, 0x07, 0xF0, 0x07, 0xF0,
    0x07, 0xE0, 0x07, 0xC0, 0x0F, 0x00, 0x1C, 0x00, 0x70, 0x03, 0xC0, 0x1F, 0x1F, 0xFC, 0x7F, 0xE1,
    0xFE, 0x07, 0xE0, 0x00, 0x00, 0x00, 0x00, 0x01, 0x00, 0x01, 0xC0, 0x01, 0xF0, 0x01, 0xF0, 0x00,
    0xF3, 0x00, 0xFB, 0xC0, 0x79, 0xF0, 0x19, 0xFC, 0x01, 0xFC, 0x01, 0xFC, 0x00, 0xFC, 0x00, 0x3E,
    0x00, 0x0E, 0x00, 0x03, 0xC0, 0x00, 0xF8, 0x00, 0x1F, 0x00, 0x03, 0xC0, 0x00, 0x78, 0x00, 0x1F,
    0x00, 0x03, 0xE0, 0x00, 0xFC, 0x00, 0x7F, 0xC1, 0xFD, 0xFE, 0xFF, 0x3F, 0xBF, 0x87, 0xE7, 0x80,
    0x78, 0x00, 0x00, 0x00, 0x00, 0x00, 0x00, 0x06, 0x00, 0x00, 0x00, 0xF0, 0x00, 0x00, 0x1F, 0x00,
    0x00, 0x01, 0xF0, 0x00, 0x00, 0x3E, 0x60, 0x00, 0x07, 0xCF, 0x00, 0x00, 0x79, 0xF8, 0x00, 0x03,
    0x3F, 0x80, 0x00, 0x07, 0xF8, 0x00, 0x00, 0xFF, 0x00, 0x00, 0x0F, 0xE0, 0x00, 0x00, 0x7C, 0x00,
    0x00, 0x03, 0x80, 0x00, 0x00, 0x1E, 0x00, 0x00, 0x00, 0xF8, 0x00, 0x00, 0x03, 0xE0, 0x03, 0x80,
    0x0F, 0x80, 0x3C, 0x00, 0x3C, 0x01, 0xC0, 0x00, 0xF0, 0x0E, 0x00, 0x07, 0xC0, 0x78, 0x00, 0x3F,
    0x03, 0xE0, 0x07, 0xFE, 0x1F, 0xFF, 0xFD, 0xFE, 0x7F, 0xFF, 0xE7, 0xF1, 0xFF, 0xFE, 0x1F, 0x87,
    0xFF, 0xC0, 0x3C, 0x00, 0x00, 0x00, 0x00, 0x00, 0x00, 0x00, 0x00, 0x70, 0x00, 0x00, 0x03, 0x80,
    0x00, 0x00, 0x1C, 0x00, 0x00, 0x00, 0x60, 0x00, 0x00, 0x03, 0x00, 0x00, 0x00, 0x38, 0x00, 0x00,
    0x01, 0xC0, 0x00, 0x00, 0x0E, 0x00, 0x00, 0x00, 0x00, 0x00, 0x00, 0x30, 0x03, 0xC0, 0x1E, 0x01,
    0xF0, 0x1F, 0x31, 0xF3, 0xCF, 0x3F, 0x33, 0xF8, 0x9F, 0xC1, 0xFC, 0x0F, 0xC0, 0x7C, 0x01, 0xF8,
    0x07, 0xF0, 0x07, 0xF0, 0x07, 0xE0, 0x0F, 0x80, 0x0F, 0x00, 0x3C, 0x00, 0x70, 0x03, 0xC0, 0x3F,
    0x1F, 0xF8, 0x7F, 0xC1, 0xFE, 0x07, 0xE0, 0x00, 0x00, 0x00, 0x00, 0x70, 0x01, 0xC0, 0x07, 0x00,
    0x0C, 0x00, 0x30, 0x01, 0xC0, 0x07, 0x00, 0x1C, 0x00, 0x00, 0x00, 0x00, 0x01, 0x80, 0x01, 0xE0,
    0x00, 0xF0, 0x00, 0xF8, 0x00, 0xF9, 0x80, 0xF9, 0xE0, 0x79, 0xF8, 0x1D, 0xFC, 0x04, 0xFC, 0x00,
    0xFE, 0x00, 0x7E, 0x00, 0x1E, 0x00, 0x0F, 0x00, 0x03, 0xE0, 0x00, 0x78, 0x00, 0x0F, 0x00, 0x01,
    0xE0, 0x00, 0x7C, 0x00, 0x0F, 0x80, 0x03, 0xE0, 0x00, 0xFC, 0x00, 0x7F, 0xC1, 0xFE, 0xFE, 0x7F,
    0x1F, 0xDF, 0x83, 0xF7, 0x80, 0x78, 0x00, 0x00, 0x00, 0x00, 0x00, 0x38, 0x00, 0x0E, 0x00, 0x03,
    0x80, 0x00, 0x60, 0x00, 0x18, 0x00, 0x0E, 0x00, 0x03, 0x80, 0x00, 0xE0, 0x00, 0x00, 0x31, 0xC0,
    0x00, 0x01, 0xCE, 0x06, 0x00, 0x0E, 0x70, 0xF0, 0x00, 0x63, 0x1F, 0x00, 0x00, 0x01, 0xF0, 0x00,
    0x00, 0x3E, 0x60, 0x00, 0x07, 0xCF, 0x00, 0x00, 0x79, 0xF8, 0x00, 0x03, 0xBF, 0x80, 0x00, 0x13,
    0xF8, 0x00, 0x00, 0x7F, 0x00, 0x00, 0x0F, 0xE0, 0x00, 0x00, 0x7C, 0x00, 0x00, 0x03, 0xC0, 0x00,
    0x00, 0x1F, 0x00, 0x00, 0x00, 0x78, 0x00, 0x00, 0x01, 0xE0, 0x03, 0x80, 0x0F, 0x80, 0x3C, 0x00,
    0x3E, 0x01, 0xC0, 0x00, 0xF0, 0x0E, 0x00, 0x07, 0xC0, 0x78, 0x00, 0x3F, 0x03, 0xE0, 0x07, 0xFE,
    0x1F, 0xFF, 0xFE, 0xFE, 0x7F, 0xFF, 0xE7, 0xF1, 0xFF, 0xFE, 0x0F, 0x87, 0xFF, 0xC0, 0x3C, 0x63,
    0x00, 0xE7, 0x03, 0xE7, 0x0F, 0xE7, 0x1F, 0x00, 0x7C, 0x01, 0xF3, 0x03, 0xEF, 0x07, 0x9F, 0x0E,
    0x7F, 0x09, 0xFC, 0x07, 0xF0, 0x0F, 0xE0, 0x1F, 0x80, 0x1F, 0x80, 0x1F, 0xC0, 0x07, 0xF0, 0x01,
    0xF8, 0x00, 0x7C, 0x00, 0x3C, 0x00, 0x1C, 0x00, 0x1C, 0x00, 0x3C, 0x00, 0x7C, 0x1F, 0xFC, 0x1F,
    0xF8, 0x1F, 0xE0, 0x1F, 0x80, 0x63, 0x00, 0x0E, 0x70, 0x30, 0xE7, 0x0F, 0x0E, 0x71, 0xF0, 0x00,
    0x7C, 0x00, 0x1F, 0x30, 0x03, 0xEF, 0x00, 0x79, 0xF0, 0x06, 0x7F, 0x00, 0x1F, 0xC0, 0x07, 0xF0,
    0x00, 0xFC, 0x00, 0x0F, 0x80, 0x01, 0xE0, 0x00, 0x1F, 0x00, 0x00, 0xF8, 0x00, 0x07, 0xC0, 0x00,
    0x3C, 0x00, 0x01, 0xE0, 0x00, 0x1F, 0x00, 0x00, 0xF8, 0x00, 0x0F, 0xC0, 0x03, 0xFF, 0x03, 0xFD,
    0xFE, 0x3F, 0xCF, 0xE3, 0xF8, 0x7E, 0x3E, 0x01, 0xE0, 0x00, 0x01, 0x00, 0x00, 0x78, 0x00, 0x03,
    0xE0, 0x00, 0x0F, 0x06, 0x00, 0x7C, 0x38, 0x03, 0xE3, 0xC0, 0x0F, 0xDE, 0x00, 0x7F, 0xE0, 0x03,
    0xFF, 0x00, 0x1F, 0xB8, 0x00, 0xE1, 0xE0, 0x0F, 0x0F, 0x00, 0x78, 0x7E, 0x0F, 0xC1, 0xFF, 0xFC,
    0x07, 0xFF, 0xC0, 0x1F, 0xFC, 0x00, 0x7F, 0x80, 0x00, 0x03, 0x00, 0x00, 0x1F, 0x00, 0x00, 0xFC,
    0x00, 0x06, 0x60, 0x00, 0x7F, 0x00, 0x03, 0xF0, 0x00, 0x00, 0x0C, 0x00, 0x01, 0xE0, 0x00, 0x07,
    0x80, 0x00, 0x3C, 0x1C, 0x01, 0xF0, 0xE0, 0x0F, 0xCF, 0x00, 0x3F, 0x78, 0x01, 0xFF, 0x80, 0x0F,
    0xFC, 0x00, 0x7E, 0xE0, 0x03, 0x87, 0x80, 0x3C, 0x3C, 0x01, 0xE1, 0xF8, 0x3F, 0x07, 0xFF, 0xF0,
    0x1F, 0xFF, 0x00, 0x7F, 0xF0, 0x01, 0xFE, 0x00, 0x30, 0x18, 0x0F, 0x87, 0xE3, 0x33, 0xF9, 0xF8,
    0x00, 0x00, 0x03, 0x03, 0xC1, 0xE0, 0xF0, 0x38, 0x1C, 0x0E, 0x0F, 0x3F, 0x9F, 0xDF, 0xC7, 0xC0,
    0x18, 0x03, 0x00, 0x7C, 0x0F, 0xC1, 0x98, 0x7F, 0x0F, 0xC0, 0x00, 0x00, 0x01, 0xC0, 0x38, 0x07,
    0x00, 0xE0, 0x1E, 0x07, 0xC3, 0xFF, 0xFF, 0xFF, 0x7F, 0xC7, 0x00, 0x00, 0x00, 0x00, 0x78, 0x00,
    0xF8, 0x00, 0xC0, 0x00, 0xC0, 0x01, 0xFC, 0x01, 0xF8, 0x00, 0x00, 0x00, 0x10, 0x00, 0x70, 0x00,
    0x70, 0x01, 0xF0, 0x0F, 0xF0, 0x1F, 0xF0, 0x3F, 0xF0, 0x78, 0x70, 0xF0, 0x70, 0xE0, 0x70, 0xF1,
    0xF0, 0xFF, 0xF8, 0xFF, 0xFE, 0x7F, 0xFE, 0x3F, 0x3E, 0x00, 0x1E, 0x03, 0xE0, 0x00, 0xFE, 0x00,
    0x3F, 0xE0, 0x0F, 0xFC, 0x03, 0xE7, 0xC0, 0x78, 0x7E, 0x0F, 0x0F, 0xF3, 0xC0, 0xFE, 0x78, 0x0F,
    0xCF, 0x00, 0x79, 0xE0, 0x00, 0x08, 0x00, 0x00, 0x00, 0x03, 0x83, 0xC1, 0xE0, 0xF0, 0x38, 0x1C,
    0x0E, 0x0F, 0x3F, 0x9F, 0xDF, 0xC7, 0xC0, 0x00, 0x30, 0x18, 0x1C, 0x0E, 0x07, 0x83, 0xC0, 0xC0,
    0x00, 0x00, 0x00, 0x1C, 0x00, 0x01, 0xC0, 0x00, 0x3C, 0x00, 0x03, 0xC0, 0x00, 0x7C, 0x00, 0x0F,
    0xC0, 0x07, 0xF8, 0x3E, 0xFF, 0x8F, 0xEF, 0xF9, 0xFE, 0xFB, 0x9F, 0xE0, 0x3F, 0xE0, 0x03, 0xFC,
    0x00, 0x3F, 0x80, 0x01, 0xF8, 0x00, 0x1F, 0x80, 0x00, 0xF8, 0x00, 0x0F, 0x80, 0x00, 0x7C, 0x00,
    0x03, 0x80, 0x00, 0x00, 0x00, 0x00, 0x3C, 0x00, 0x3F, 0x80, 0x1F, 0xF0, 0x0F, 0xFC, 0x03, 0xCF,
    0x01, 0xE1, 0xC0, 0x70, 0x70, 0x1C, 0x3C, 0x07, 0x0E, 0x03, 0x8F, 0x07, 0xFF, 0xFD, 0xFF, 0xFF,
    0xFF, 0xFF, 0xDF, 0xFF, 0xE0, 0xE1, 0xE0, 0x1C, 0x1C, 0x07, 0x07, 0x01, 0xE3, 0xC0, 0x3F, 0xF0,
    0x07, 0xFC, 0x00, 0xFE, 0x00, 0x1F, 0x00, 0x00, 0x00, 0x00, 0xC0, 0x00, 0x3E, 0x00, 0x07, 0xE0,
    0x00, 0xFF, 0x00, 0x1F, 0xF8, 0x03, 0xFF, 0x80, 0xF3, 0xF8, 0x1C, 0x3F, 0x83, 0x03, 0xF8, 0x60,
    0x6F, 0x8E, 0x1C, 0xF1, 0xE7, 0x8E, 0x1F, 0xE3, 0xDF, 0xFF, 0xFB, 0xFF, 0xFE, 0x7F, 0xFF, 0x8F,
    0xCF, 0xE0, 0x00, 0xF8, 0x00, 0xFE, 0x00, 0xFF, 0x80, 0xFF, 0xC0, 0x79, 0xE0, 0x78, 0x70, 0x38,
    0x38, 0x3C, 0x3C, 0x1C, 0x1C, 0x0E, 0x3C, 0x1F, 0xFF, 0xEF, 0xFF, 0xFF, 0xFF, 0xFB, 0xFF, 0xF8,
    0x70, 0xF0, 0x38, 0x1C, 0x0E, 0x0E, 0x07, 0x8F, 0x01, 0xFF, 0x80, 0xFF, 0xC0, 0x3F, 0xC0, 0x07,
    0xC0, 0x01, 0xFF, 0xFE, 0x0F, 0xFF, 0xFE, 0x1F, 0xFF, 0xFE, 0x3F, 0xFF, 0xFE, 0x7E, 0x00, 0x00,
    0xF8, 0x00, 0x00, 0xF0, 0x00, 0x00, 0xE0, 0x00, 0x00, 0xF0, 0x00, 0x00, 0xFF, 0xFF, 0xFC, 0x7F,
    0xFF, 0xFC, 0x7F, 0xFF, 0xFC, 0x1F, 0xFF, 0xF8, 0x07, 0x80, 0x00, 0x1F, 0x00, 0x00, 0x38, 0x00,
    0x00, 0x70, 0x00, 0x00, 0xFC, 0x00, 0x03, 0xF8, 0x00, 0x03, 0x00, 0x00, 0x00, 0x00, 0x00, 0x00,
    0x00, 0x00, 0x07, 0xFF, 0xFC, 0x3F, 0xFF, 0xF8, 0xFF, 0xFF, 0xF3, 0xFF, 0xFF, 0xCF, 0xC0, 0x00,
    0x3E, 0x00, 0x00, 0x78, 0x00, 0x00, 0xE0, 0x00, 0x01, 0xE0, 0x00, 0x03, 0xFF, 0xFF, 0xF3, 0xFF,
    0xFF, 0xC7, 0xFF, 0xFF, 0x83, 0xFF, 0xFF, 0x00, 0x6E, 0xEE, 0x6E, 0xEE, 0x63, 0x73, 0xB9, 0xDC,
    0xE0, 0x63, 0x73, 0xB9, 0xDC, 0xE0, 0x18, 0x0E, 0x07, 0x03, 0x06, 0x37, 0x3B, 0x9D, 0xCE, 0x1C,
    0x0E, 0x07, 0x0C, 0x6E, 0x77, 0x3B, 0x9C, 0xE7, 0x73, 0xB9, 0xC3, 0x01, 0xC0, 0xE0, 0x60, 0xE7,
    0x73, 0xB9, 0xC3, 0x01, 0xC0, 0xE0, 0x70, 0xEE, 0xEE, 0xEE, 0x00, 0xEE, 0xEE, 0xEE, 0xEE, 0xEE,
    0xEE, 0x00, 0xEE, 0xEE, 0xEE, 0xEE, 0xE6, 0x6E, 0xEE, 0xEE, 0xE6, 0x6E, 0xEE, 0x7B, 0xFC, 0xFF,
    0x78, 0x30, 0x30, 0x3E, 0x3F, 0x33, 0x7F, 0x7E, 0x00, 0x00, 0x38, 0x00, 0x00, 0x1C, 0x00, 0x00,
    0x0E, 0x00, 0x00, 0x18, 0xC0, 0x00, 0x1C, 0xE0, 0x00, 0x0E, 0x70, 0x00, 0x07, 0x38, 0x00, 0x00,
    0x00, 0x00, 0x00, 0x00, 0x00, 0x00, 0x1C, 0x00, 0x00, 0x0E, 0x00, 0x00, 0x07, 0x00, 0x00, 0x03,
    0x80, 0x00, 0x01, 0xC0, 0x00, 0x00, 0xE0, 0x00, 0x10, 0x70, 0x00, 0x38, 0x38, 0x00, 0x3C, 0x1C,
    0x00, 0x38, 0x0E, 0x00, 0x1E, 0x07, 0x00, 0x03, 0x83, 0x83, 0x01, 0xC1, 0xC1, 0xC7, 0xE0, 0xE1,
    0xE3, 0xE0, 0x70, 0xE0, 0x00, 0x38, 0x70, 0x00, 0x1C, 0x3C, 0x00, 0x1E, 0x1F, 0x00, 0x7F, 0x8F,
    0xFF, 0xFF, 0xF3, 0xFF, 0xFF, 0xFC, 0xFF, 0xFF, 0x3C, 0x1F, 0xFC, 0x0E, 0x18, 0x00, 0x38, 0x00,
    0x70, 0x00, 0xC0, 0x0E, 0x30, 0x1C, 0xE0, 0x39, 0xC1, 0xB1, 0x8F, 0x00, 0x3E, 0x01, 0xFC, 0x0F,
    0xF0, 0x3F, 0x81, 0xFC, 0x03, 0xE0, 0x07, 0x80, 0x1F, 0xC0, 0x1F, 0xC0, 0x0F, 0xE0, 0x07, 0xC0,
    0x03, 0xC0, 0x03, 0x80, 0x07, 0x00, 0x1E, 0x00, 0x7C, 0x3F, 0xF8, 0x7F, 0xE0, 0xFF, 0x81, 0xF8,
    0x00, 0x1C, 0x00, 0x07, 0x00, 0x01, 0xC0, 0x00, 0x60, 0x00, 0xE7, 0x00, 0x39, 0xC0, 0x0E, 0x70,
    0x21, 0x8C, 0x38, 0x00, 0x3E, 0x00, 0x3F, 0x80, 0x3F, 0xC0, 0x1F, 0xC0, 0x1F, 0xC0, 0x07, 0xC0,
    0x01, 0xC0, 0x00, 0xF0, 0x00, 0x1E, 0x00, 0x03, 0xC0, 0x00, 0x78, 0x00, 0x1F, 0x00, 0x03, 0xE0,
    0x00, 0xFC, 0x00, 0x3F, 0x80, 0x1F, 0xF0, 0x3F, 0xBF, 0xDF, 0xC7, 0xF7, 0xE0, 0xFD, 0xE0, 0x0F,
    0x07, 0x80, 0x0F, 0xC0, 0x0C, 0xC0, 0x0F, 0xC0, 0x07, 0x80, 0x0F, 0x00, 0x0E, 0x00, 0x00, 0x00,
    0x0F, 0x80, 0x1F, 0xC0, 0x3F, 0xE0, 0x3F, 0xF0, 0x78, 0xF0, 0x78, 0x70, 0x70, 0x30, 0x78, 0x38,
    0x7F, 0xFE, 0x3F, 0xFF, 0x1F, 0xFF, 0x0F, 0xFE, 0x00, 0x70, 0x00, 0xF0, 0x03, 0xE0, 0x0F, 0xE0,
    0xFF, 0xC0, 0xFF, 0x80, 0x7E, 0x00, 0x70, 0x00, 0x00, 0x00, 0x0C, 0xC0, 0x0F, 0xC0, 0x07, 0x80,
    0x07, 0x80, 0x03, 0x00, 0x00, 0x00, 0x0F, 0x80, 0x1F, 0xC0, 0x3F, 0xE0, 0x3F, 0xF0, 0x78, 0xF0,
    0x78, 0x70, 0x70, 0x70, 0x78, 0x38, 0x7F, 0xFE, 0x3F, 0xFF, 0x1F, 0xFF, 0x0F, 0xFE, 0x00, 0x70,
    0x00, 0xF0, 0x03, 0xE0, 0x1F, 0xE0, 0xFF, 0xC0, 0xFF, 0x80, 0x7E, 0x00, 0x70, 0x00, 0x00, 0x00,
    0x03, 0x00, 0x03, 0x00, 0x03, 0x00, 0x03, 0x00, 0x03, 0x00, 0x03, 0x00, 0x00, 0x00, 0x0F, 0x80,
    0x1F, 0xC0, 0x3F, 0xE0, 0x3F, 0xF0, 0x78, 0xF0, 0x78, 0x70, 0x70, 0x30, 0x78, 0x38, 0x7F, 0xFE,
    0x3F, 0xFF, 0x1F, 0xFF, 0x0F, 0xFE, 0x00, 0x70, 0x00, 0xF0, 0x03, 0xE0, 0x1F, 0xE0, 0xFF, 0xC0,
    0xFF, 0x80, 0x7E, 0x00, 0x70, 0x00, 0x00, 0x00, 0x07, 0x00, 0x07, 0x00, 0x07, 0x00, 0x18, 0xC0,
    0x1C, 0xE0, 0x1C, 0xE0, 0x1C, 0xE0, 0x00, 0x00, 0x00, 0x00, 0x0F, 0x80, 0x1F, 0xC0, 0x3F, 0xE0,
    0x3F, 0xF0, 0x78, 0xF0, 0x78, 0x70, 0x70, 0x70, 0x78, 0x38, 0x7F, 0xFE, 0x3F, 0xFF, 0x1F, 0xFF,
    0x0F, 0xFE, 0x00, 0x70, 0x00, 0xF0, 0x03, 0xE0, 0x1F, 0xE0, 0xFF, 0xC0, 0xFF, 0x80, 0x7E, 0x00,
    0x70, 0x00, 0x00, 0x00, 0x07, 0xC0, 0x07, 0xF0, 0x07, 0xFC, 0x03, 0xFF, 0x03, 0xC7, 0x81, 0xE1,
    0xC0, 0xE0, 0xE0, 0x78, 0x38, 0x3F, 0xFF, 0x0F, 0xFF, 0xC3, 0xFF, 0xE0, 0xFF, 0xE0, 0x03, 0x83,
    0xFF, 0xC0, 0xFF, 0xC0, 0x0F, 0xE0, 0x7F, 0xE0, 0x3F, 0xE0, 0x0F, 0xC0, 0x07, 0x00, 0x00, 0x00,
    0x00, 0x03, 0x00, 0x07, 0x80, 0x07, 0x80, 0x0F, 0xC0, 0x0C, 0xC0, 0x00, 0x00, 0x00, 0x00, 0x0F,
    0x80, 0x1F, 0xC0, 0x3F, 0xE0, 0x3F, 0xF0, 0x78, 0xF0, 0x78, 0x70, 0x70, 0x70, 0x78, 0x38, 0x7F,
    0xFE, 0x3F, 0xFF, 0x1F, 0xFF, 0x0F, 0xFE, 0x00, 0x70, 0x00, 0xF0, 0x03, 0xE0, 0x1F, 0xE0, 0xFF,
    0xC0, 0xFF, 0x80, 0x7E, 0x00, 0x70, 0x00, 0x00, 0x00, 0x00, 0x00, 0x03, 0x80, 0x00, 0x1C, 0x03,
    0x01, 0xE0, 0x1F, 0x0F, 0x01, 0xFF, 0xF0, 0x0F, 0xFF, 0x80, 0x1F, 0xFE, 0x00, 0x3E, 0xF0, 0x03,
    0xC7, 0xE0, 0x7E, 0x1F, 0xFF, 0xF0, 0xFF, 0xFF, 0x03, 0xFF, 0xF0, 0x07, 0xFC, 0x00, 0x00, 0x00,
    0x00, 0x00, 0x00, 0x01, 0x80, 0x00, 0x0E, 0x00, 0x00, 0x70, 0x00, 0x03, 0x80, 0x00, 0x00, 0x00,
    0x00, 0xC0, 0x00, 0x07, 0x00, 0x00, 0x38, 0x00, 0x01, 0x80, 0x00, 0x00, 0x03, 0x83, 0xC0, 0xF0,
    0x78, 0x3C, 0x0E, 0x07, 0x07, 0xBF, 0xDF, 0xEF, 0xE7, 0xC0, 0x00, 0x00, 0x1C, 0x0E, 0x07, 0x01,
    0x80, 0xC0, 0xE0, 0x70, 0x38, 0x0E, 0x00, 0xE0, 0x0E, 0x00, 0xE0, 0x0F, 0x01, 0xF0, 0x7F, 0xEF,
    0xFE, 0xFB, 0xEF, 0x1E, 0x00, 0x00, 0x00, 0x0E, 0x00, 0xE0, 0x0E, 0x00, 0x60, 0x06, 0x00, 0xE0,
    0x0E, 0x00, 0xE0, 0x00, 0x07, 0x03, 0xC1, 0xE0, 0xF0, 0x38, 0x1C, 0x0E, 0x0F, 0x3F, 0xBF, 0xDF,
    0xCF, 0xC0, 0x0E, 0x00, 0xE0, 0x0E, 0x00, 0xE0, 0x0F, 0x01, 0xF0, 0x7F, 0xEF, 0xFE, 0xFB, 0xEF,
    0x1E, 0x00, 0x00, 0x03, 0x80, 0x00, 0x1C, 0x02, 0x01, 0xE0, 0x3F, 0x0F, 0x01, 0xFF, 0xF0, 0x0F,
    0xFF, 0x80, 0x1F, 0xFE, 0x00, 0x3E, 0xF0, 0x03, 0xC7, 0xE0, 0x7E, 0x1F, 0xFF, 0xF0, 0xFF, 0xFF,
    0x03, 0xFF, 0xF0, 0x07, 0xFC, 0x00, 0x00, 0x03, 0xC0, 0xF0, 0x3C, 0x0F, 0x01, 0xC0, 0x70, 0x1C,
    0x0F, 0x1F, 0xCF, 0xF3, 0xF8, 0x7C, 0x00, 0x00, 0x00, 0xC6, 0x73, 0x9C, 0xE7, 0x38, 0x07, 0x00,
    0x70, 0x07, 0x00, 0x70, 0x07, 0x00, 0xF8, 0x7F, 0xF7, 0xFF, 0x7F, 0xF7, 0x8E, 0x00, 0x00, 0x00,
    0x18, 0xC3, 0x9C, 0x39, 0xC3, 0x9C, 0x0C, 0x00, 0x60, 0x03, 0x00, 0x18, 0x00, 0xC0, 0x06, 0x00,
    0x00, 0x01, 0x80, 0x1C, 0x00, 0xE0, 0x07, 0x00, 0x00, 0x00, 0x00, 0x01, 0x80, 0x1E, 0x01, 0xF0,
    0x07, 0xC0, 0x1F, 0x00, 0x7C, 0x01, 0xE0, 0x07, 0x80, 0x3C, 0x00, 0xE0, 0x0F, 0x00, 0xFB, 0xFF,
    0xDF, 0xFC, 0xFF, 0xC7, 0xF8, 0x00, 0x01, 0x00, 0x30, 0x03, 0x00, 0x30, 0x03, 0x00, 0x30, 0x00,
    0x00, 0x00, 0x00, 0xC0, 0x3C, 0x03, 0xE0, 0x1E, 0x01, 0xE0, 0x0E, 0x00, 0xE0, 0x0E, 0x00, 0xE0,
    0x0E, 0x01, 0xE0, 0x3E, 0x07, 0xC1, 0xFC, 0x7F, 0x87, 0xF0, 0x3E, 0x03, 0x80, 0x00, 0x00, 0x1C,
    0x3E, 0x36, 0x3E, 0x1C, 0x38, 0x30, 0x03, 0xDB, 0xDB, 0xFF, 0x7E, 0x18, 0x18, 0x18, 0x18, 0x18,
    0x18, 0x03, 0xDB, 0xDB, 0xFF, 0x7E, 0x00, 0x0F, 0x3F, 0x9E, 0x03, 0xE7, 0xF3, 0xC0, 0x00, 0x38,
    0x1C, 0x0E, 0x07, 0x03, 0x81, 0xC0, 0xE0, 0x70, 0x38, 0x1C, 0x0E, 0x07, 0x03, 0x81, 0xC0, 0xF0,
    0x7E, 0x3F, 0x0F, 0x81, 0xC0, 0x00, 0x7F, 0xFF, 0x83, 0xFF, 0xFC, 0x00, 0x38, 0x70, 0xE1, 0xC3,
    0x87, 0x0E, 0x1C, 0x38, 0x70, 0xE1, 0xC3, 0x87, 0x0E, 0x1C, 0x38, 0x70, 0xE0, 0x00, 0x20, 0x07,
    0x00, 0xE0, 0x1C, 0x03, 0x80, 0x78, 0x07, 0x00, 0xF0, 0x0E, 0x01, 0xE0, 0x3F, 0x83, 0xF0, 0x7F,
    0x0F, 0x38, 0xE1, 0xCF, 0x3C, 0x7F, 0x83, 0xF0, 0x3F, 0x83, 0xF0, 0x0E, 0x00, 0xF0, 0x07, 0x00,
    0x78, 0x03, 0x80, 0x1C, 0x01, 0xE0, 0x0E, 0x00, 0x60, 0x00, 0x40, 0x0E, 0x00, 0x70, 0x03, 0x80,
    0x3C, 0x01, 0xC0, 0x0E, 0x00, 0xE0, 0x07, 0x00, 0x78, 0x1F, 0xC0, 0xF8, 0x0F, 0xC1, 0xDE, 0x38,
    0xE3, 0xCE, 0x1F, 0xC0, 0xF8, 0x1F, 0xC0, 0xFC, 0x07, 0x00, 0xE0, 0x0E, 0x01, 0xC0, 0x1C, 0x03,
    0x80, 0x70, 0x06, 0x00, 0x40, 0x00, 0x00, 0x00, 0x00, 0x80, 0x00, 0x00, 0x03, 0x00, 0x00, 0x00,
    0x06, 0x00, 0x00, 0x00, 0x0C, 0x00, 0x00, 0x00, 0x18, 0x00, 0x00, 0x00, 0x36, 0x01, 0xC0, 0x03,
    0x6C, 0x03, 0x80, 0x06, 0xD8, 0x07, 0x00, 0x0F, 0xF1, 0x0E, 0x00, 0x0F, 0xCE, 0x1C, 0x00, 0x00,
    0x1C, 0x38, 0x00, 0x02, 0x38, 0x70, 0x00, 0x1C, 0x70, 0xE0, 0x00, 0x38, 0xE1, 0xC0, 0x38, 0x71,
    0xC3, 0x80, 0x70, 0xE3, 0x87, 0x01, 0xE1, 0xC7, 0x0E, 0x1F, 0xC3, 0x8E, 0x1C, 0xFF, 0x87, 0x1C,
    0x3B, 0xFF, 0x0E, 0x38, 0x77, 0x8E, 0x1C, 0x70, 0xFE, 0x1C, 0x38, 0xE1, 0xF8, 0x38, 0x71, 0xC3,
    0xF8, 0xF9, 0xF7, 0x87, 0xFF, 0xFF, 0xFF, 0x0E, 0xFF, 0xFF, 0xFE, 0x1C, 0xF9, 0xFF, 0xF8, 0x38,
    0x01, 0xF3, 0xE0, 0x70, 0x00, 0x7F, 0xFF, 0x03, 0xFF, 0xF8, 0x00, 0x0E, 0x1F, 0x1B, 0x1B, 0x6F,
    0xFE, 0x3C, 0x18, 0x00, 0xFF, 0xFF, 0x1F, 0xFF, 0xF0, 0x00, 0x00, 0x3F, 0xFF, 0x80, 0x00, 0x39,
    0xF6, 0xDF, 0x3D, 0xE7, 0x00, 0x02, 0xDB, 0xDB, 0xFF, 0x7E, 0x73, 0xEC, 0xF3, 0xFD, 0xE0, 0x00,
    0x0F, 0xC7, 0xF0, 0x80, 0x00, 0x07, 0x01, 0xC0, 0x70, 0x1C, 0x07, 0x01, 0xC0, 0x70, 0x1C, 0x07,
    0x01, 0xC0, 0x70, 0x1C, 0x07, 0x01, 0xE0, 0x78, 0x1F, 0x83, 0xE0, 0xF8, 0x0E, 0x00, 0x1E, 0x1F,
    0x0C, 0x07, 0x03, 0xF3, 0xF8, 0x80, 0x08, 0x1C, 0x0E, 0x07, 0x03, 0x81, 0xC0, 0xE0, 0x70, 0x38,
    0x1C, 0x0E, 0x07, 0x03, 0x81, 0xE0, 0xF0, 0x7E, 0x1F, 0x0F, 0x81, 0xC0, 0x07, 0x80, 0x0F, 0x80,
    0x0E, 0x00, 0x0E, 0x00, 0x07, 0xC0, 0x0F, 0xC0, 0x0C, 0x00, 0x00, 0x00, 0x0F, 0x80, 0x1F, 0xC0,
    0x3F, 0xE0, 0x3F, 0xF0, 0x78, 0xF0, 0x78, 0x70, 0x70, 0x70, 0x78, 0x38, 0x7F, 0xFE, 0x3F, 0xFF,
    0x1F, 0xFF, 0x0F, 0xFE, 0x00, 0x70, 0x00, 0xF0, 0x03, 0xE0, 0x1F, 0xE0, 0xFF, 0xC0, 0xFF, 0x80,
    0x7E, 0x00, 0x70, 0x00, 0x00, 0x00, 0x18, 0x1C, 0x0E, 0x07, 0x03, 0x81, 0xC0, 0xE0, 0x70, 0x38,
    0x1C, 0x0E, 0x07, 0x03, 0x81, 0xC0, 0xE0, 0x70, 0x38, 0x1C, 0x0F, 0x07, 0xE3, 0xF0, 0xF8, 0x3C,
    0x00, 0x3C, 0x3E, 0x1C, 0x0E, 0x07, 0xE7, 0xF3, 0x80, 0x00, 0x00, 0x00, 0x78, 0x00, 0x03, 0xE0,
    0x00, 0x0C, 0x00, 0x00, 0x30, 0x00, 0x01, 0xF8, 0x00, 0x07, 0xE0, 0x00, 0x10, 0x00, 0x00, 0x00,
    0x00, 0x00, 0xE0, 0x00, 0x03, 0x80, 0x40, 0x1E, 0x03, 0xF0, 0x78, 0x0F, 0xFD, 0xC0, 0x3F, 0xF7,
    0x00, 0x3F, 0xDE, 0x00, 0x3E, 0x78, 0x01, 0xE1, 0xF8, 0x1F, 0x83, 0xFF, 0xFE, 0x0F, 0xFF, 0xF0,
    0x1F, 0xFF, 0x80, 0x1F, 0xF0, 0x00, 0x00, 0x0F, 0x0F, 0x86, 0x03, 0x81, 0xF9, 0xFC, 0x40, 0x00,
    0x03, 0x03, 0xC1, 0xE0, 0xF0, 0x38, 0x1C, 0x0E, 0x0F, 0x3F, 0x9F, 0xDF, 0xC7, 0xC0, 0x0F, 0x01,
    0xF0, 0x1C, 0x01, 0xC0, 0x1F, 0x83, 0xF8, 0x38, 0x00, 0x00, 0x0E, 0x00, 0xE0, 0x0E, 0x00, 0xE0,
    0x0F, 0x01, 0xF0, 0x7F, 0xEF, 0xFE, 0xFB, 0xE7, 0x1E, 0x61, 0xC3, 0x87, 0x0E, 0x1C, 0x38, 0x70,
    0xE1, 0xC3, 0x87, 0x0E, 0x1C, 0x38, 0x70, 0xE1, 0xE3, 0xC7, 0xE7, 0xCF, 0x87, 0x00, 0x60, 0x00,
    0x0E, 0x07, 0x00, 0x00, 0xE0, 0xF0, 0x00, 0x0E, 0x0E, 0x00, 0x00, 0xE0, 0xE0, 0x00, 0x0F, 0x0F,
    0x00, 0x01, 0xF0, 0xF8, 0x01, 0xFF, 0x8F, 0xFF, 0xFF, 0xFF, 0x7F, 0xFF, 0xFF, 0xF3, 0xFF, 0xFE,
    0x3F, 0x1F, 0xFF, 0x00, 0xF0, 0x00, 0x00, 0x00, 0x00, 0x00, 0x00, 0x00, 0x06, 0x00, 0x00, 0x00,
    0xE0, 0x00, 0x00, 0x0E, 0x00, 0x00, 0x00, 0xE0, 0x00, 0x00, 0x00, 0x07, 0x03, 0x81, 0xE0, 0xF0,
    0x38, 0x1C, 0x0E, 0x0F, 0x3F, 0xBF, 0xDF, 0xCF, 0xC0, 0x00, 0x00, 0x18, 0x1C, 0x0E, 0x07, 0x00,
    0x0E, 0x00, 0xE0, 0x0E, 0x00, 0xE0, 0x0F, 0x01, 0xF0, 0x7F, 0xE7, 0xFE, 0xFB, 0xE7, 0x1E, 0x00,
    0x00, 0x00, 0x06, 0x00, 0xE0, 0x0E, 0x00, 0xE0, 0x01, 0x9C, 0x03, 0xB8, 0x07, 0x70, 0x0C, 0x60,
    0x00, 0x00, 0x00, 0x00, 0x1C, 0x00, 0x38, 0x00, 0xF0, 0x0F, 0xE0, 0x7F, 0xC1, 0xFF, 0x87, 0x87,
    0x1E, 0x0E, 0x38, 0x1C, 0x78, 0xF8, 0xFF, 0xF9, 0xFF, 0xFD, 0xFF, 0xF9, 0xF9, 0xF0, 0x01, 0xE0,
    0x00, 0x63, 0x00, 0x00, 0x07, 0x70, 0x00, 0x00, 0x77, 0x00, 0x00, 0x07, 0x70, 0x00, 0x00, 0x00,
    0x00, 0x06, 0x00, 0x00, 0xE0, 0x70, 0x00, 0x0E, 0x0F, 0x00, 0x00, 0xE0, 0xE0, 0x00, 0x0E, 0x0E,
    0x00, 0x00, 0xF0, 0xF0, 0x00, 0x1F, 0x0F, 0x80, 0x1F, 0xF8, 0xFF, 0xFF, 0xFF, 0xF7, 0xFF, 0xFF,
    0xFF, 0x3F, 0xFF, 0xE3, 0xF1, 0xFF, 0xF0, 0x0F, 0x73, 0xB9, 0xDC, 0xE6, 0x60, 0x00, 0x00, 0x0C,
    0x1E, 0x07, 0x83, 0xC1, 0xE0, 0x70, 0x38, 0x3D, 0xFE, 0xFF, 0x7F, 0x3E, 0x00, 0x39, 0xC3, 0x9C,
    0x39, 0xC1, 0x8C, 0x00, 0x00, 0x00, 0x07, 0x00, 0x70, 0x07, 0x00, 0x70, 0x07, 0x00, 0xF8, 0x7F,
    0xF7, 0xFF, 0x7F, 0xF7, 0x8E, 0x00, 0x1C, 0x00, 0x00, 0x01, 0xC0, 0x00, 0x00, 0x1C, 0x00, 0x00,
    0x00, 0xC0, 0x00, 0x00, 0x63, 0x80, 0x00, 0x0E, 0x38, 0x00, 0x00, 0xE3, 0x80, 0x00, 0x06, 0x30,
    0x00, 0x00, 0x00, 0x00, 0x07, 0x00, 0x00, 0xE0, 0xF0, 0x00, 0x0E, 0x0E, 0x00, 0x00, 0xE0, 0xE0,
    0x00, 0x0E, 0x0F, 0x00, 0x00, 0xF0, 0xF8, 0x00, 0xFF, 0x8F, 0xFF, 0xFF, 0xFF, 0x7F, 0xFF, 0xFF,
    0xF3, 0xFF, 0xFE, 0x3F, 0x1F, 0xFF, 0x00, 0xF0, 0x0C, 0x03, 0x80, 0xE0, 0x30, 0x31, 0x9C, 0xE7,
    0x39, 0xCE, 0x00, 0x00, 0x00, 0x30, 0x3E, 0x07, 0x81, 0xE0, 0x38, 0x0E, 0x03, 0x81, 0xE3, 0xF9,
    0xFE, 0x7F, 0x1F, 0x80, 0x06, 0x00, 0x70, 0x07, 0x00, 0x70, 0x18, 0xC3, 0x9C, 0x39, 0xC3, 0x9C,
    0x00, 0x00, 0x00, 0x07, 0x00, 0x70, 0x07, 0x00, 0x70, 0x07, 0x00, 0xF8, 0x7F, 0xE7, 0xFF, 0x7F,
    0xE7, 0x8E, 0x1F, 0xC0, 0x07, 0xFE, 0x00, 0x7F, 0xF8, 0x03, 0xFF, 0xC0, 0x30, 0x7F, 0x00, 0x01,
    0xFC, 0x00, 0xFF, 0xC0, 0x3F, 0xFC, 0x07, 0xFF, 0x01, 0xF8, 0x78, 0x1E, 0x07, 0xF3, 0xC0, 0x3F,
    0x38, 0x03, 0xF7, 0x83, 0x0F, 0x78, 0x70, 0x07, 0x07, 0x00, 0x70, 0x70, 0x07, 0x80, 0x00, 0x78,
    0x00, 0x07, 0xC0, 0x00, 0x3F, 0x03, 0xC1, 0xFF, 0xFC, 0x1F, 0xFF, 0xE0, 0x7F, 0xFC, 0x01, 0xFF,
    0x00, 0x07, 0xE0, 0x00, 0xFF, 0xC0, 0x07, 0xFF, 0x00, 0x3F, 0xFC, 0x00, 0x83, 0xF8, 0x00, 0x07,
    0xE0, 0x00, 0x0F, 0xC0, 0x03, 0xFE, 0x00, 0xFF, 0xF0, 0x3F, 0xFF, 0x1F, 0xFC, 0x00, 0xFF, 0x80,
    0x0F, 0xF0, 0x00, 0x3C, 0x00, 0x00, 0x00, 0x00, 0x00, 0x00, 0x00, 0x00, 0x60, 0x00, 0x07, 0x00,
    0x00, 0x38, 0x00, 0x01, 0xC0, 0x00, 0x07, 0xF0, 0x00, 0x3F, 0xF8, 0x00, 0x7F, 0xF8, 0x00, 0x7F,
    0xFC, 0x00, 0xC1, 0xFE, 0x00, 0x00, 0xFE, 0x00, 0x03, 0xFC, 0x00, 0x1F, 0xF8, 0x00, 0xFF, 0xC0,
    0x0F, 0xF7, 0x81, 0xFF, 0x87, 0xFB, 0xFC, 0x0F, 0xF7, 0xE0, 0x0F, 0xEF, 0x00, 0x07, 0x80, 0x00,
    0x00, 0x00, 0x0E, 0x00, 0x00, 0x1C, 0x00, 0x00, 0x38, 0x00, 0x00, 0x30, 0x00, 0x1F, 0xC0, 0x03,
    0xFF, 0x80, 0x1F, 0xFE, 0x00, 0x7F, 0xFC, 0x03, 0x07, 0xF8, 0x00, 0x0F, 0xE0, 0x03, 0xFF, 0x00,
    0x7F, 0xF8, 0x07, 0xFF, 0x80, 0x7C, 0x3C, 0x07, 0x80, 0xFC, 0x78, 0x07, 0xF3, 0x80, 0x1F, 0xBC,
    0x00, 0x39, 0xE0, 0x00, 0x0E, 0x00, 0x00, 0x70, 0x00, 0x03, 0xC0, 0x00, 0x1E, 0x00, 0x00, 0xF8,
    0x00, 0x03, 0xF0, 0x1C, 0x0F, 0xFF, 0xF0, 0x3F, 0xFF, 0x80, 0xFF, 0xFC, 0x01, 0xFF, 0x00, 0x07,
    0xF0, 0x00, 0xFF, 0xC0, 0x07, 0xFF, 0x80, 0x3F, 0xFE, 0x00, 0xC1, 0xF8, 0x00, 0x03, 0xF0, 0x00,
    0x0F, 0xE0, 0x03, 0xFF, 0x00, 0xFF, 0xF8, 0x3F, 0xFF, 0x9F, 0xFE, 0x00, 0xFF, 0x80, 0x0F, 0xF0,
    0x00, 0x3C, 0x00, 0x00, 0x07, 0xF0, 0x00, 0x3F, 0xF8, 0x00, 0x7F, 0xF8, 0x00, 0xFF, 0xFC, 0x00,
    0xC1, 0xFE, 0x00, 0x00, 0x7F, 0x00, 0x01, 0xFE, 0x00, 0x1F, 0xF8, 0x00, 0xFF, 0xC0, 0x0F, 0xF3,
    0xC1, 0xFF, 0x87, 0xFB, 0xFC, 0x07, 0xFF, 0xE0, 0x07, 0xEF, 0x00, 0x07, 0xC0, 0x07, 0x00, 0x00,
    0x38, 0x00, 0x01, 0xC0, 0x00, 0x06, 0x00, 0x00, 0x00, 0x00, 0x00, 0x00, 0x00, 0x7F, 0x00, 0x0F,
    0xFC, 0x00, 0x7F, 0xF8, 0x01, 0xFF, 0xE0, 0x0C, 0x1F, 0xC0, 0x00, 0x3F, 0x80, 0x0F, 0xFC, 0x01,
    0xFF, 0xE0, 0x1F, 0xFC, 0x03, 0xF0, 0xF0, 0x1E, 0x07, 0xF1, 0xE0, 0x1F, 0x8E, 0x00, 0x7C, 0xF0,
    0x01, 0xE7, 0x80, 0x00, 0x38, 0x00, 0x01, 0xC0, 0x00, 0x0F, 0x00, 0x00, 0x78, 0x00, 0x03, 0xE0,
    0x00, 0x0F, 0xC0, 0x70, 0x3F, 0xFF, 0x81, 0xFF, 0xFE, 0x03, 0xFF, 0xE0, 0x07, 0xFC, 0x00, 0x03,
    0x80, 0x00, 0x1C, 0x00, 0x00, 0xE0, 0x00, 0x03, 0x00, 0x00, 0x00, 0x00, 0x00, 0x00, 0x00, 0x1F,
    0x80, 0x03, 0xFF, 0x00, 0x1F, 0xFC, 0x00, 0xFF, 0xF0, 0x03, 0x0F, 0xE0, 0x00, 0x1F, 0x80, 0x00,
    0x3F, 0x00, 0x0F, 0xF8, 0x03, 0xFF, 0xC0, 0xFF, 0xFC, 0x7F, 0xF0, 0x03, 0xFE, 0x00, 0x3F, 0xC0,
    0x00, 0xF0, 0x00, 0x00, 0x03, 0x80, 0x00, 0x07, 0x00, 0x00, 0x0E, 0x00, 0x00, 0x0C, 0x00, 0x00,
    0x00, 0x00, 0x00, 0x00, 0x00, 0x01, 0xFC, 0x00, 0x0F, 0xFC, 0x00, 0x1F, 0xFE, 0x00, 0x1F, 0xFE,
    0x00, 0x30, 0x7F, 0x80, 0x00, 0x3F, 0x80, 0x00, 0xFF, 0x00, 0x07, 0xFE, 0x00, 0x7F, 0xF0, 0x03,
    0xFD, 0xE0, 0x7F, 0xE1, 0xFC, 0xFF, 0x03, 0xFF, 0xF8, 0x03, 0xFB, 0xC0, 0x01, 0xE0, 0x00, 0x00,
    0x01, 0xE0, 0x00, 0xF0, 0x00, 0x78, 0x00, 0x1E, 0x00, 0x0F, 0x00, 0x07, 0xC0, 0x01, 0xE0, 0x00,
    0xF0, 0x00, 0x3C, 0x00, 0x1E, 0x00, 0x0F, 0x87, 0xFF, 0xF3, 0xFF, 0xF9, 0xFF, 0x3C, 0xFF, 0x0E,
    0x06, 0x00, 0x0E, 0x00, 0x0E, 0x00, 0x0E, 0x00, 0x00, 0x00, 0x00, 0x00, 0x01, 0x00, 0x07, 0x80,
    0x07, 0x80, 0x03, 0xC0, 0x03, 0xC0, 0x03, 0xC0, 0x01, 0xE0, 0x01, 0xE0, 0x00, 0xE0, 0x00, 0xF0,
    0x00, 0xF0, 0x00, 0xF8, 0x7F, 0xFE, 0x7F, 0xFE, 0xFF, 0x9E, 0xFF, 0x0E, 0x00, 0x80, 0x07, 0x80,
    0x0F, 0x00, 0x1F, 0x00, 0x1E, 0x00, 0x3C, 0x00, 0x3C, 0x00, 0x7E, 0x00, 0xFC, 0x01, 0xF8, 0x07,
    0xF0, 0x1E, 0x00, 0x7C, 0x03, 0xF8, 0x1F, 0xE0, 0x7F, 0x80, 0x7C, 0x00, 0xF0, 0x00, 0x00, 0x00,
    0x03, 0x00, 0x0F, 0x00, 0x1E, 0x00, 0x18, 0x00, 0x00, 0x00, 0x00, 0x00, 0x10, 0x01, 0xE0, 0x03,
    0xC0, 0x03, 0xC0, 0x07, 0x80, 0x07, 0x80, 0x0F, 0x00, 0x1F, 0x80, 0x3F, 0x00, 0x7E, 0x00, 0xFC,
    0x03, 0xC0, 0x1F, 0x00, 0x7E, 0x07, 0xF8, 0x0F, 0xE0, 0x1F, 0x80, 0x1C, 0x00, 0x00, 0x00, 0x00,
    0x00, 0x00, 0x01, 0xC0, 0x00, 0x0C, 0x07, 0x07, 0x00, 0x00, 0xF0, 0x1C, 0x1C, 0x00, 0x03, 0xE0,
    0x70, 0x70, 0x00, 0x07, 0x81, 0xC1, 0xC1, 0x80, 0x1F, 0x0F, 0x07, 0x07, 0x00, 0x7E, 0x3E, 0x3E,
    0x3C, 0x00, 0xFF, 0xFF, 0xFF, 0xF0, 0x03, 0xFF, 0xFF, 0xFF, 0x80, 0x0F, 0xFD, 0xFF, 0xFE, 0x00,
    0x3F, 0xE3, 0xE3, 0xF8, 0x00, 0xE0, 0x00, 0x00, 0xF0, 0x07, 0x80, 0x00, 0x03, 0xC0, 0x1E, 0x00,
    0x00, 0x0F, 0xC1, 0xF8, 0x00, 0x00, 0x1F, 0xFF, 0xC0, 0x00, 0x00, 0x3F, 0xFE, 0x00, 0x00, 0x00,
    0x7F, 0xF0, 0x00, 0x00, 0x00, 0xFF, 0x00, 0x00, 0x00, 0x00, 0x00, 0x00, 0x00, 0x00, 0x00, 0x0E,
    0x00, 0x00, 0x0F, 0x07, 0x07, 0x0F, 0x07, 0x07, 0x0F, 0x07, 0x07, 0x07, 0x07, 0x07, 0x07, 0x07,
    0x8F, 0x07, 0x0F, 0x8F, 0x8F, 0x7F, 0xFF, 0xFF, 0x7F, 0xFF, 0xFE, 0x7D, 0xFD, 0xFE, 0x78, 0xF8,
    0xF8, 0x00, 0x00, 0x0F, 0x00, 0x70, 0x70, 0xF0, 0x07, 0x07, 0x0F, 0x00, 0x70, 0x70, 0xF0, 0x07,
    0x07, 0x0F, 0x00, 0x78, 0xF0, 0xF0, 0x0F, 0x8F, 0x8F, 0x87, 0xFF, 0xFF, 0xFE, 0x7F, 0xFF, 0xFF,
    0xF7, 0xDF, 0xDF, 0xFF, 0x78, 0xF8, 0xF8, 0xE0, 0x00, 0x00, 0x01, 0x80, 0x00, 0x00, 0x00, 0x07,
    0x00, 0x00, 0x00, 0x00, 0x1C, 0x00, 0x00, 0x00, 0x00, 0x60, 0x00, 0x00, 0x00, 0x06, 0x30, 0x00,
    0x00, 0x00, 0x39, 0xC0, 0x00, 0x00, 0x00, 0xE7, 0x00, 0x00, 0x00, 0x03, 0x9C, 0x00, 0x00, 0x00,
    0x00, 0x00, 0x00, 0x00, 0x00, 0x00, 0x07, 0x00, 0x00, 0x10, 0x1C, 0x1C, 0x00, 0x03, 0xC0, 0x70,
    0x70, 0x00, 0x0F, 0x81, 0xC1, 0xC0, 0x00, 0x1E, 0x07, 0x07, 0x06, 0x00, 0x7C, 0x3C, 0x1C, 0x1C,
    0x01, 0xF8, 0xF8, 0xF8, 0xF0, 0x03, 0xFF, 0xFF, 0xFF, 0xC0, 0x0F, 0xFF, 0xFF, 0xFE, 0x00, 0x3F,
    0xF7, 0xFF, 0xF8, 0x00, 0xFF, 0x8F, 0x8F, 0xE0, 0x03, 0x80, 0x00, 0x03, 0xC0, 0x1E, 0x00, 0x00,
    0x0F, 0x00, 0x78, 0x00, 0x00, 0x3F, 0x07, 0xE0, 0x00, 0x00, 0x7F, 0xFF, 0x00, 0x00, 0x01, 0xFF,
    0xF8, 0x00, 0x00, 0x01, 0xFF, 0xC0, 0x00, 0x00, 0x03, 0xFC, 0x00, 0x00, 0x00, 0x00, 0x06, 0x00,
    0x00, 0x07, 0x00, 0x00, 0x07, 0x00, 0x00, 0x06, 0x00, 0x00, 0x30, 0xC0, 0x00, 0x39, 0xC0, 0x00,
    0x39, 0xC0, 0x00, 0x39, 0xC0, 0x00, 0x00, 0x0E, 0x00, 0x00, 0x0E, 0x07, 0x07, 0x0F, 0x07, 0x07,
    0x0F, 0x07, 0x07, 0x0F, 0x07, 0x07, 0x07, 0x07, 0x8F, 0x07, 0x0F, 0x8F, 0x8F, 0x7F, 0xFF, 0xFF,
    0x7F, 0xFF, 0xFE, 0x7D, 0xFD, 0xFE, 0x78, 0xF8, 0xF8, 0x00, 0x06, 0x00, 0x00, 0x00, 0x70, 0x00,
    0x00, 0x07, 0x00, 0x00, 0x00, 0x70, 0x00, 0x00, 0x18, 0xC0, 0x00, 0x03, 0x9C, 0x00, 0x00, 0x39,
    0xC0, 0x00, 0x03, 0x9C, 0x00, 0x00, 0x00, 0x00, 0x00, 0x00, 0x00, 0x70, 0x07, 0x07, 0x07, 0x00,
    0x70, 0x70, 0x70, 0x07, 0x07, 0x07, 0x00, 0x70, 0x70, 0x70, 0x07, 0x8F, 0x07, 0x00, 0xF8, 0xF8,
    0xF8, 0x7F, 0xFF, 0xFF, 0xF7, 0xFF, 0xFF, 0xFF, 0x7D, 0xFD, 0xFF, 0xF7, 0x8F, 0x8F, 0x8F, 0x00,
    0x00, 0x00, 0x1F, 0x80, 0x00, 0x00, 0x00, 0x7F, 0xC0, 0x00, 0x00, 0x00, 0xFF, 0xE0, 0x00, 0x00,
    0x01, 0xFF, 0xF0, 0x00, 0x01, 0x03, 0xF0, 0xF0, 0x00, 0x0F, 0x07, 0xC0, 0x70, 0x00, 0x0F, 0x87,
    0x80, 0x70, 0x00, 0x07, 0x8F, 0x00, 0x70, 0x60, 0x07, 0xCE, 0x00, 0xF0, 0x70, 0x07, 0xDC, 0x01,
    0xF8, 0xF0, 0x03, 0xFF, 0xFF, 0xFE, 0xF0, 0x03, 0xFF, 0xFF, 0xFE, 0xE0, 0x03, 0xFF, 0xFF, 0xDE,
    0xE0, 0x03, 0xFF, 0xFF, 0x0E, 0xE0, 0x03, 0x80, 0x00, 0x00, 0xF0, 0x07, 0x80, 0x00, 0x00, 0xF0,
    0x07, 0x80, 0x00, 0x00, 0xFC, 0x1F, 0x80, 0x00, 0x00, 0x7F, 0xFF, 0x00, 0x00, 0x00, 0x3F, 0xFE,
    0x00, 0x00, 0x00, 0x1F, 0xFC, 0x00, 0x00, 0x00, 0x0F, 0xF0, 0x00, 0x00, 0x00, 0x00, 0x00, 0x7E,
    0x00, 0x00, 0x3F, 0xE0, 0x38, 0x0F, 0xFE, 0x07, 0x03, 0xFF, 0xE0, 0xE0, 0xFC, 0x3C, 0x1C, 0x3E,
    0x03, 0x83, 0x87, 0x80, 0x70, 0x71, 0xE0, 0x0E, 0x0E, 0x38, 0x03, 0xC3, 0xEF, 0x00, 0xF9, 0xFF,
    0xFF, 0xFF, 0x7F, 0xFF, 0xFF, 0xCF, 0xBF, 0xFF, 0xF0, 0xE3, 0xFF, 0xF8, 0x00, 0x00, 0x00, 0x7E,
    0x00, 0x00, 0x07, 0xFC, 0x00, 0xE0, 0x3F, 0xF8, 0x03, 0x81, 0xFF, 0xF0, 0x0E, 0x0F, 0xC3, 0xC0,
    0x38, 0x7C, 0x07, 0x00, 0xE1, 0xE0, 0x1C, 0x03, 0x8F, 0x00, 0x70, 0x0E, 0x38, 0x03, 0xC0, 0x7D,
    0xE0, 0x1F, 0x87, 0xFF, 0xFF, 0xFF, 0xBF, 0xFF, 0xFF, 0xFE, 0xFB, 0xFF, 0xFF, 0x79, 0xC7, 0xFF,
    0xF0, 0xE0, 0x00, 0x00, 0x00, 0x1C, 0x00, 0x00, 0x00, 0x00, 0x1C, 0x00, 0x00, 0x00, 0x00, 0x1C,
    0x00, 0x00, 0x00, 0x00, 0x0C, 0x00, 0x00, 0x00, 0x00, 0x00, 0x00, 0x00, 0x00, 0x00, 0x1F, 0x80,
    0x00, 0x00, 0x00, 0x7F, 0xC0, 0x00, 0x00, 0x00, 0xFF, 0xE0, 0x00, 0x00, 0x01, 0xFF, 0xF0, 0x00,
    0x01, 0x03, 0xF0, 0xF0, 0x00, 0x0F, 0x07, 0xC0, 0x70, 0x00, 0x0F, 0x87, 0x80, 0x70, 0x00, 0x07,
    0x8F, 0x00, 0x70, 0x60, 0x07, 0xCE, 0x00, 0xF0, 0x70, 0x07, 0xFC, 0x01, 0xF8, 0xF0, 0x03, 0xFF,
    0xFF, 0xFE, 0xF0, 0x03, 0xFF, 0xFF, 0xFE, 0xE0, 0x03, 0xFF, 0xFF, 0xDE, 0xE0, 0x03, 0xFF, 0xFF,
    0x0E, 0xE0, 0x03, 0x80, 0x00, 0x00, 0xF0, 0x07, 0x80, 0x00, 0x00, 0xF0, 0x07, 0x80, 0x00, 0x00,
    0xFC, 0x1F, 0x80, 0x00, 0x00, 0x7F, 0xFF, 0x00, 0x00, 0x00, 0x3F, 0xFE, 0x00, 0x00, 0x00, 0x1F,
    0xFC, 0x00, 0x00, 0x00, 0x0F, 0xF0, 0x00, 0x00, 0x00, 0x00, 0x00, 0x38, 0x00, 0x00, 0x07, 0x00,
    0x00, 0x00, 0xE0, 0x00, 0x00, 0x18, 0x00, 0x00, 0x00, 0x00, 0x00, 0x00, 0xFC, 0x00, 0x00, 0x7F,
    0xC0, 0x70, 0x1F, 0xFC, 0x0E, 0x07, 0xFF, 0xC1, 0xC1, 0xF8, 0x78, 0x38, 0x3C, 0x07, 0x07, 0x0F,
    0x00, 0xE0, 0xE3, 0xC0, 0x1C, 0x1E, 0x78, 0x07, 0x87, 0xCE, 0x01, 0xF3, 0xFF, 0xFF, 0xFE, 0xFF,
    0xFF, 0xFF, 0x9F, 0x7F, 0xFF, 0xE1, 0xC7, 0xFF, 0xF0, 0x00, 0x00, 0x00, 0x38, 0x00, 0x00, 0x00,
    0xE0, 0x00, 0x00, 0x03, 0x80, 0x00, 0x00, 0x0C, 0x00, 0x00, 0x00, 0x00, 0x00, 0x00, 0x01, 0xF8,
    0x00, 0x00, 0x1F, 0xF0, 0x03, 0x80, 0xFF, 0xE0, 0x0E, 0x07, 0xFF, 0xC0, 0x38, 0x3F, 0x0F, 0x00,
    0xE0, 0xF0, 0x1C, 0x03, 0x87, 0x80, 0x70, 0x0E, 0x3C, 0x01, 0xC0, 0x3C, 0xF0, 0x0F, 0x01, 0xF3,
    0x80, 0x7E, 0x1F, 0xFF, 0xFF, 0xFE, 0xFF, 0xFF, 0xFF, 0xFB, 0xEF, 0xFF, 0xFD, 0xE7, 0x1F, 0xFF,
    0xC3, 0x80, 0x07, 0x00, 0x00, 0x01, 0xC0, 0x00, 0x00, 0x70, 0x00, 0x00, 0x1C, 0x00, 0x00, 0x07,
    0x00, 0x00, 0x01, 0xC0, 0x00, 0x00, 0x70, 0x00, 0x00, 0x1C, 0x00, 0x00, 0x07, 0x00, 0x00, 0x01,
    0xC1, 0xF0, 0x00, 0x71, 0xFF, 0x00, 0x1C, 0xFF, 0xE0, 0x07, 0xFF, 0xF8, 0x01, 0xFE, 0x1F, 0x00,
    0x7F, 0x03, 0xC0, 0x1F, 0x00, 0x70, 0x07, 0x80, 0x1C, 0x01, 0xE0, 0x0F, 0x00, 0xF0, 0x0F, 0xE1,
    0xFF, 0xFF, 0xFE, 0x7F, 0xFF, 0xFF, 0x9F, 0xFF, 0xFD, 0xEF, 0xFF, 0xFC, 0x38, 0x03, 0x80, 0x00,
    0x07, 0x00, 0x00, 0x0E, 0x00, 0x00, 0x1C, 0x00, 0x00, 0x38, 0x00, 0x00, 0x70, 0x00, 0x00, 0xE0,
    0x00, 0x01, 0xC0, 0x00, 0x03, 0x80, 0x00, 0x07, 0x07, 0xC0, 0x0E, 0x3F, 0xE0, 0x1C, 0xFF, 0xE0,
    0x3F, 0xFF, 0xC0, 0x7F, 0x87, 0xC0, 0xFE, 0x07, 0x81, 0xF0, 0x07, 0x03, 0xC0, 0x0E, 0x07, 0x80,
    0x3C, 0x1E, 0x00, 0xF9, 0xFF, 0xFF, 0xF7, 0xFF, 0xFF, 0xCF, 0xFF, 0xFF, 0x1F, 0xFF, 0xF8, 0x00,
    0x03, 0x80, 0x00, 0x00, 0x70, 0x00, 0x00, 0x0E, 0x00, 0x00, 0x01, 0xC0, 0x00, 0x00, 0x38, 0x00,
    0x00, 0x07, 0x00, 0x00, 0x00, 0xE0, 0x00, 0x00, 0x1C, 0x00, 0x00, 0x03, 0x80, 0x00, 0x00, 0x70,
    0x7C, 0x00, 0x0E, 0x3F, 0xE0, 0x01, 0xCF, 0xFE, 0x00, 0x3F, 0xFF, 0xC0, 0x07, 0xF8, 0x7C, 0x00,
    0xFE, 0x07, 0x80, 0x1F, 0x00, 0x70, 0x03, 0xC0, 0x0E, 0x00, 0x78, 0x03, 0xC0, 0x1E, 0x00, 0xFC,
    0x1F, 0xFF, 0xFF, 0xE7, 0xFF, 0xFF, 0xFC, 0xFF, 0xFF, 0xF7, 0x9F, 0xFF, 0xF8, 0x70, 0x00, 0x00,
    0x00, 0x01, 0xC0, 0x00, 0x00, 0x70, 0x00, 0x00, 0x1C, 0x00, 0x00, 0x07, 0x07, 0x00, 0x01, 0xC1,
    0xC0, 0x00, 0x70, 0x70, 0x00, 0x1C, 0x0C, 0x00, 0x07, 0x00, 0x00, 0x01, 0xC1, 0xF0, 0x00, 0x71,
    0xFF, 0x00, 0x1C, 0xFF, 0xE0, 0x07, 0xFF, 0xF8, 0x01, 0xFE, 0x1F, 0x00, 0x7F, 0x03, 0xC0, 0x1F,
    0x00, 0x70, 0x07, 0x80, 0x1C, 0x01, 0xE0, 0x0F, 0x00, 0xF0, 0x0F, 0xE1, 0xFF, 0xFF, 0xFE, 0x7F,
    0xFF, 0xFF, 0x9F, 0xFF, 0xFD, 0xEF, 0xFF, 0xFC, 0x38, 0x00, 0x00, 0x00, 0x07, 0x00, 0x00, 0x0E,
    0x00, 0x00, 0x1C, 0x00, 0x00, 0x38, 0x38, 0x00, 0x70, 0x70, 0x00, 0xE0, 0xE0, 0x01, 0xC0, 0xC0,
    0x03, 0x80, 0x00, 0x07, 0x07, 0xC0, 0x0E, 0x3F, 0xE0, 0x1C, 0xFF, 0xE0, 0x3F, 0xFF, 0xC0, 0x7F,
    0x87, 0xC0, 0xFE, 0x07, 0x81, 0xF0, 0x07, 0x03, 0xC0, 0x0E, 0x07, 0x80, 0x3C, 0x1E, 0x00, 0xF9,
    0xFF, 0xFF, 0xF7, 0xFF, 0xFF, 0xCF, 0xFF, 0xFF, 0x1F, 0xFF, 0xF8, 0x00, 0x00, 0x00, 0x00, 0x00,
    0x70, 0x00, 0x00, 0x0E, 0x00, 0x00, 0x01, 0xC0, 0x00, 0x00, 0x38, 0x38, 0x00, 0x07, 0x07, 0x00,
    0x00, 0xE0, 0xE0, 0x00, 0x1C, 0x0C, 0x00, 0x03, 0x80, 0x00, 0x00, 0x70, 0x7C, 0x00, 0x0E, 0x3F,
    0xE0, 0x01, 0xCF, 0xFE, 0x00, 0x3F, 0xFF, 0xC0, 0x07, 0xF8, 0x7C, 0x00, 0xFE, 0x07, 0x80, 0x1F,
    0x00, 0x70, 0x03, 0xC0, 0x0E, 0x00, 0x78, 0x03, 0xC0, 0x1E, 0x00, 0xFC, 0x1F, 0xFF, 0xFF, 0xE7,
    0xFF, 0xFF, 0xFC, 0xFF, 0xFF, 0xF7, 0x9F, 0xFF, 0xF8, 0x70, 0x1F, 0xE0, 0x3F, 0xFC, 0x1F, 0xFF,
    0x1F, 0xFF, 0x8F, 0x83, 0xC3, 0xC0, 0xE0, 0xF8, 0xF0, 0x3E, 0xF0, 0x0F, 0xF8, 0x03, 0xF0, 0x07,
    0xFF, 0xE7, 0xFF, 0xF7, 0xC7, 0xFB, 0xC0, 0xFF, 0xC0, 0x01, 0xE0, 0x00, 0xE0, 0x00, 0x70, 0x00,
    0x3C, 0x00, 0x1F, 0x00, 0x07, 0xC0, 0x73, 0xFF, 0xF8, 0xFF, 0xFE, 0x3F, 0xFE, 0x07, 0xFC, 0x00,
    0x01, 0xF8, 0x03, 0xFE, 0x03, 0xFF, 0x03, 0xFF, 0x81, 0xF0, 0x80, 0xF0, 0x00, 0x70, 0x00, 0x3C,
    0x00, 0x0E, 0x00, 0x03, 0x8F, 0xDF, 0xFF, 0xEF, 0xFF, 0xFF, 0xFF, 0xFB, 0xFF, 0xC0, 0x03, 0xFC,
    0x00, 0xFF, 0xF0, 0x0F, 0xFF, 0x81, 0xFF, 0xF8, 0x1F, 0x07, 0x81, 0xF0, 0x38, 0x07, 0xC7, 0x80,
    0x3E, 0xF0, 0x01, 0xFF, 0x00, 0x3F, 0xE0, 0x7F, 0xFF, 0xF7, 0xFF, 0xFF, 0x7F, 0xCF, 0xF7, 0xE0,
    0x3F, 0x01, 0x80, 0x01, 0xC0, 0x00, 0xE0, 0x00, 0x70, 0x00, 0x00, 0x00, 0x00, 0x00, 0x7F, 0x80,
    0xFF, 0xF0, 0x7F, 0xFC, 0x7F, 0xFE, 0x3E, 0x0F, 0x0F, 0x03, 0x83, 0xE3, 0xC0, 0xFB, 0xC0, 0x3F,
    0xE0, 0x0F, 0xC0, 0x1F, 0xFF, 0x9F, 0xFF, 0xDF, 0x1F, 0xEF, 0x03, 0xFF, 0x00, 0x07, 0x80, 0x03,
    0x80, 0x01, 0xC0, 0x00, 0xF0, 0x00, 0x7C, 0x00, 0x1F, 0x01, 0xCF, 0xFF, 0xE3, 0xFF, 0xF8, 0xFF,
    0xF8, 0x1F, 0xF0, 0x00, 0xE0, 0x00, 0x70, 0x00, 0x38, 0x00, 0x0C, 0x00, 0x00, 0x00, 0x00, 0x00,
    0x07, 0xE0, 0x0F, 0xF8, 0x0F, 0xFC, 0x0F, 0xFC, 0x07, 0xC2, 0x03, 0xC0, 0x01, 0xC0, 0x00, 0xF0,
    0x00, 0x38, 0x00, 0x0E, 0x3F, 0x7F, 0xFF, 0xBF, 0xFF, 0xFF, 0xFF, 0xCF, 0xFF, 0x00, 0x00, 0x60,
    0x00, 0x0E, 0x00, 0x00, 0xE0, 0x00, 0x0E, 0x00, 0x00, 0x00, 0x00, 0x00, 0x00, 0x03, 0xFC, 0x01,
    0xFF, 0xF0, 0x1F, 0xFF, 0x81, 0xFF, 0xF8, 0x1E, 0x07, 0x81, 0xF0, 0x38, 0x0F, 0x87, 0x80, 0x3D,
    0xF0, 0x01, 0xFE, 0x00, 0x3F, 0xE0, 0x7F, 0xFF, 0xFF, 0xFF, 0xFF, 0xFF, 0x9F, 0xF7, 0xE0, 0x7E,
    0x00, 0x00, 0x18, 0x00, 0x00, 0x03, 0x80, 0x00, 0x00, 0x38, 0x00, 0x00, 0x03, 0x80, 0x00, 0x00,
    0x00, 0x00, 0x00, 0x00, 0x00, 0x00, 0x00, 0x7C, 0x00, 0x00, 0x0F, 0xE0, 0x00, 0x01, 0xFF, 0x00,
    0x00, 0x3F, 0xF8, 0x40, 0x03, 0xC7, 0x87, 0x00, 0x3C, 0x38, 0xF0, 0x03, 0x83, 0x8E, 0x00, 0x3C,
    0x38, 0xE0, 0x03, 0xC7, 0x8F, 0x00, 0x1E, 0x70, 0xF8, 0x00, 0xFF, 0x0F, 0xFF, 0xFF, 0xFF, 0x7F,
    0xFF, 0xFF, 0xF3, 0xFF, 0xFF, 0xFF, 0x1F, 0xFF, 0x83, 0xF0, 0x03, 0x80, 0x0E, 0x00, 0x38, 0x00,
    0x60, 0x00, 0x00, 0x1F, 0x00, 0xFE, 0x07, 0xFC, 0x1F, 0xF8, 0xF1, 0xE3, 0xC3, 0x8E, 0x0E, 0x3C,
    0x3C, 0xF8, 0xF1, 0xFF, 0xC7, 0xFF, 0x07, 0xF8, 0x00, 0xE0, 0x0F, 0x9F, 0xFC, 0x7F, 0xF1, 0xFF,
    0x07, 0xF0, 0x00, 0x00, 0xC0, 0x00, 0xE0, 0x00, 0x70, 0x00, 0x38, 0x00, 0x00, 0x00, 0x00, 0x00,
    0x0F, 0x80, 0x0F, 0xE0, 0x0F, 0xF8, 0x0F, 0xFE, 0x07, 0xCF, 0x03, 0xC3, 0x81, 0xC1, 0xC0, 0xF0,
    0xE0, 0x78, 0xF0, 0x1E, 0x70, 0x07, 0xF0, 0x3F, 0xFF, 0xFF, 0xFF, 0xFF, 0xFF, 0xFF, 0xE1, 0xF8,
    0x00, 0x19, 0x80, 0x00, 0x39, 0xC0, 0x00, 0x39, 0xC0, 0x00, 0x39, 0xC0, 0x00, 0x00, 0x00, 0x00,
    0x00, 0x00, 0x00, 0x0F, 0x00, 0x00, 0x3F, 0xC0, 0x00, 0x7F, 0xE0, 0x00, 0x7F, 0xE0, 0x00, 0xF1,
    0xF0, 0x00, 0xF0, 0xF0, 0x60, 0xE0, 0x70, 0x70, 0xF0, 0x70, 0xF0, 0xFF, 0xFE, 0xF0, 0x7F, 0xFE,
    0xE0, 0x3F, 0xFE, 0xE0, 0x1F, 0xFE, 0xE0, 0x00, 0xF0, 0xF0, 0x00, 0xF0, 0xF8, 0x01, 0xE0, 0xFE,
    0x07, 0xE0, 0x7F, 0xFF, 0xC0, 0x3F, 0xFF, 0x80, 0x1F, 0xFF, 0x00, 0x07, 0xFC, 0x00, 0x0C, 0x60,
    0x39, 0xC0, 0xE7, 0x03, 0x9C, 0x00, 0x00, 0x00, 0x00, 0x7C, 0x03, 0xF8, 0x1F, 0xF0, 0x7F, 0xE3,
    0xE7, 0x8F, 0x0E, 0x38, 0x38, 0xF0, 0x73, 0xE1, 0xC7, 0xFF, 0x1F, 0xFC, 0x1F, 0xE0, 0x03, 0x80,
    0x3E, 0x7F, 0xF1, 0xFF, 0xC7, 0xFC, 0x1F, 0xC0, 0x06, 0x30, 0x03, 0xB8, 0x01, 0xDC, 0x00, 0xEE,
    0x00, 0x00, 0x00, 0x00, 0x00, 0x0F, 0x80, 0x0F, 0xE0, 0x0F, 0xF8, 0x0F, 0xFE, 0x07, 0xCF, 0x03,
    0xC3, 0x81, 0xC1, 0xC0, 0xE0, 0xE0, 0x78, 0xF0, 0x1E, 0xF0, 0x07, 0xF0, 0x3F, 0xFF, 0xFF, 0xFF,
    0xFF, 0xFF, 0xFF, 0xC1, 0xF8, 0x00, 0x00, 0x00, 0x00, 0x00, 0x1C, 0x00, 0x00, 0x0E, 0x00, 0x00,
    0x07, 0x00, 0x00, 0x03, 0x80, 0x00, 0x01, 0xC0, 0x00, 0x00, 0xE0, 0x00, 0x10, 0x70, 0x00, 0x38,
    0x38, 0x00, 0x3C, 0x1C, 0x00, 0x38, 0x0E, 0x00, 0x1E, 0x07, 0x00, 0x03, 0x83, 0x83, 0x01, 0xC1,
    0xC1, 0xC7, 0xE0, 0xE1, 0xE3, 0xE0, 0x70, 0xE0, 0x00, 0x38, 0x70, 0x00, 0x1C, 0x3C, 0x00, 0x1E,
    0x1F, 0x00, 0x7F, 0x8F, 0xFF, 0xFF, 0xFB, 0xFF, 0xFF, 0xFC, 0xFF, 0xFF, 0x3E, 0x1F, 0xFE, 0x0F,
    0x00, 0x00, 0x00, 0x30, 0x03, 0xC0, 0x3F, 0x03, 0xF8, 0x1F, 0xC1, 0xFC, 0x0F, 0xC0, 0x7C, 0x01,
    0xF8, 0x07, 0xF0, 0x07, 0xF0, 0x07, 0xE0, 0x07, 0xC0, 0x0F, 0x00, 0x1C, 0x00, 0x70, 0x03, 0xC0,
    0x1F, 0x1F, 0xFC, 0x7F, 0xE1, 0xFE, 0x07, 0xE0, 0x00, 0x00, 0x00, 0x00, 0x01, 0x80, 0x01, 0xE0,
    0x01, 0xF8, 0x01, 0xFC, 0x01, 0xFC, 0x00, 0xFC, 0x00, 0xFE, 0x00, 0x3E, 0x00, 0x0E, 0x00, 0x03,
    0xC0, 0x00, 0xF8, 0x00, 0x1F, 0x00, 0x03, 0xE0, 0x00, 0x78, 0x00, 0x1F, 0x00, 0x03, 0xE0, 0x00,
    0xFC, 0x00, 0x7F, 0xC1, 0xFD, 0xFE, 0xFF, 0x3F, 0xBF, 0x87, 0xE7, 0x80, 0x78, 0x00, 0x01, 0x80,
    0x00, 0x1C, 0x00, 0x00, 0xE0, 0x00, 0x07, 0x00, 0x00, 0x38, 0x00, 0x01, 0xC0, 0x00, 0x0E, 0x00,
    0x00, 0x70, 0x00, 0x03, 0x80, 0x00, 0x1C, 0x00, 0x00, 0xE0, 0x00, 0x07, 0x00, 0x00, 0x38, 0x00,
    0x01, 0xC0, 0x00, 0x0E, 0x00, 0x00, 0x70, 0x70, 0x03, 0x83, 0x80, 0x1E, 0x3C, 0x00, 0xF1, 0xE0,
    0x07, 0xEE, 0x00, 0x3F, 0x70, 0x01, 0xFB, 0xC0, 0x1F, 0xDE, 0x00, 0xF0, 0xFC, 0x1F, 0x83, 0xFF,
    0xF8, 0x1F, 0xFF, 0x80, 0x7F, 0xF8, 0x00, 0xFF, 0x00, 0x00, 0x06, 0x0E, 0x0E, 0x0E, 0x0E, 0x0E,
    0x0E, 0x0E, 0x0E, 0x0E, 0x0E, 0x0E, 0x0E, 0x0E, 0x0E, 0x0E, 0x0E, 0x0E, 0x1E, 0x7E, 0x7E, 0x7C,
    0x78, 0x0C, 0x07, 0x01, 0xC0, 0x70, 0x1C, 0x07, 0x01, 0xC0, 0x70, 0x1C, 0x07, 0x01, 0xC0, 0x70,
    0x1C, 0x07, 0x01, 0xC0, 0x70, 0x1C, 0x07, 0x03, 0xE1, 0xFE, 0xFF, 0xBF, 0xEE, 0x38, 0x00, 0x3C,
    0x00, 0x07, 0xF0, 0x00, 0x7F, 0xC0, 0x03, 0xFF, 0x00, 0x3C, 0x78, 0x03, 0xC1, 0xC0, 0xFE, 0x0E,
    0x0F, 0xE0, 0x70, 0x7F, 0x03, 0xC7, 0xFE, 0x3E, 0x3C, 0xFF, 0xFD, 0xE3, 0xFF, 0xFE, 0x07, 0xF7,
    0xF0, 0x1F, 0x1B, 0x80, 0x00, 0x1E, 0x00, 0x00, 0xF0, 0x00, 0x07, 0x80, 0x00, 0x3C, 0x00, 0x01,
    0xE0, 0x00, 0x0F, 0x00, 0x00, 0x38, 0x00, 0x01, 0xE0, 0x00, 0x0C, 0x00, 0x00, 0x00, 0x3C, 0x00,
    0x3F, 0x80, 0x1F, 0xF0, 0x07, 0xFE, 0x03, 0xC7, 0x80, 0xE0, 0xE0, 0x70, 0x38, 0x1C, 0x0E, 0x0F,
    0x03, 0x87, 0xF1, 0xE7, 0xFF, 0xF9, 0xFF, 0xFE, 0x78, 0xFF, 0x1C, 0x0F, 0x80, 0x00, 0x3C, 0x00,
    0x07, 0xF0, 0x00, 0x7F, 0xC0, 0x03, 0xFF, 0x00, 0x3C, 0x78, 0x01, 0xC1, 0xC0, 0x1C, 0x0E, 0x00,
    0xE0, 0x70, 0x0F, 0x03, 0xC0, 0xFE, 0x3E, 0x1F, 0xFF, 0xFC, 0xFF, 0xFF, 0xF7, 0x8F, 0xFF, 0xB8,
    0x1F, 0x18, 0x01, 0x80, 0x00, 0x0E, 0x00, 0x00, 0x70, 0x00, 0x03, 0x80, 0x00, 0x00, 0x30, 0x00,
    0x07, 0x80, 0x00, 0x3E, 0x00, 0x00, 0xF0, 0x70, 0x07, 0xC3, 0x80, 0x3F, 0x3C, 0x00, 0xFD, 0xE0,
    0x07, 0xFE, 0x00, 0x3F, 0xF0, 0x01, 0xFB, 0x80, 0x0E, 0x1E, 0x00, 0xF0, 0xF0, 0x07, 0x87, 0xE0,
    0xFC, 0x1F, 0xFF, 0xC0, 0x7F, 0xFC, 0x01, 0xFF, 0xC0, 0x07, 0xF8, 0x00, 0x1C, 0x0E, 0x07, 0x01,
    0x80, 0x00, 0x00, 0x1C, 0x1E, 0x07, 0x03, 0xC1, 0xE0, 0x70, 0x38, 0x3D, 0xFE, 0xFF, 0x7F, 0x3E,
    0x00, 0x06, 0x00, 0xE0, 0x0E, 0x00, 0xE0, 0x00, 0x00, 0x00, 0x0E, 0x00, 0xE0, 0x0E, 0x00, 0xE0,
    0x0F, 0x01, 0xF0, 0x7F, 0xE7, 0xFE, 0xFB, 0xE7, 0x1E, 0x00, 0x00, 0x00, 0x70, 0x00, 0x70, 0x00,
    0xF0, 0x07, 0xF0, 0x1F, 0xF0, 0x3F, 0xF0, 0x7C, 0x70, 0xF0, 0x70, 0xE0, 0x70, 0xF0, 0xF0, 0xFF,
    0xF8, 0xFF, 0xFE, 0x7F, 0xFE, 0x3F, 0x3E, 0x00, 0x1E, 0x00, 0x00, 0x00, 0xC0, 0x00, 0x3E, 0x00,
    0x07, 0xE0, 0x00, 0xFF, 0x00, 0x1F, 0xF8, 0x03, 0xFF, 0x80, 0xF3, 0xF8, 0x1C, 0x3F, 0x83, 0x03,
    0xF8, 0x60, 0x6F, 0x8E, 0x1C, 0xF1, 0xE7, 0x8E, 0x1F, 0xE3, 0xDF, 0xFF, 0xFB, 0xFF, 0xFE, 0x7F,
    0xFF, 0x8F, 0xCF, 0xE0, 0x00, 0xF8, 0x00, 0xFE, 0x00, 0xFF, 0x80, 0xFF, 0xC0, 0x79, 0xE0, 0x78,
    0x70, 0x38, 0x38, 0x3C, 0x3C, 0x1C, 0x1C, 0x0E, 0x3C, 0x1F, 0xFF, 0xEF, 0xFF, 0xFF, 0xFF, 0xFB,
    0xFF, 0xF8, 0x70, 0xF0, 0x38, 0x1C, 0x0E, 0x0E, 0x07, 0x8F, 0x01, 0xFF, 0x80, 0xFF, 0xC0, 0x3F,
    0xC0, 0x07, 0xC0, 0x0F, 0x80, 0x1F, 0xC0, 0x3F, 0xE0, 0x3F, 0xF0, 0x78, 0xF0, 0x78, 0x70, 0x70,
    0x70, 0x78, 0x38, 0x7F, 0xFE, 0x3F, 0xFF, 0x1F, 0xFF, 0x0F, 0xFE, 0x00, 0x70, 0x00, 0xF0, 0x03,
    0xE0, 0x1F, 0xE0, 0xFF, 0xC0, 0xFF, 0x80, 0x7E, 0x00, 0x70, 0x00, 0x00, 0x00, 0x00, 0x00, 0x03,
    0x80, 0x00, 0x1C, 0x02, 0x01, 0xE0, 0x3F, 0x0F, 0x01, 0xFF, 0xF0, 0x0F, 0xFF, 0x80, 0x1F, 0xFE,
    0x00, 0x3E, 0xF0, 0x03, 0xC7, 0xE0, 0x7E, 0x1F, 0xFF, 0xF0, 0xFF, 0xFF, 0x03, 0xFF, 0xF0, 0x07,
    0xFC, 0x00, 0x00, 0x00, 0x03, 0x80, 0x00, 0x1C, 0x02, 0x01, 0xE0, 0x3F, 0x0F, 0x01, 0xFF, 0xF0,
    0x0F, 0xFF, 0x80, 0x1F, 0xFE, 0x00, 0x3E, 0xF0, 0x03, 0xC7, 0xE0, 0x7E, 0x1F, 0xFF, 0xF0, 0xFF,
    0xFF, 0x03, 0xFF, 0xF0, 0x07, 0xFC, 0x00, 0x00, 0x00, 0x00, 0x00, 0x00, 0x06, 0x60, 0x00, 0x73,
    0x80, 0x03, 0x9C, 0x00, 0x1C, 0xE0, 0x00, 0x00, 0x03, 0xC0, 0xF0, 0x3C, 0x0F, 0x01, 0xC0, 0x70,
    0x1C, 0x0F, 0x1F, 0xCF, 0xF3, 0xF8, 0x7C, 0x00, 0x00, 0x00, 0xC6, 0x73, 0x9C, 0xE7, 0x38, 0x07,
    0x00, 0x70, 0x07, 0x00, 0x70, 0x07, 0x00, 0xF8, 0x7F, 0xF7, 0xFF, 0x7F, 0xF7, 0x8E, 0x00, 0x00,
    0x00, 0x18, 0xC3, 0x9C, 0x39, 0xC3, 0x9C, 0x38, 0x00, 0x1F, 0xC1, 0xC6, 0xF0, 0x70, 0x00, 0x1C,
    0x00, 0x07, 0x07, 0x81, 0xC1, 0xF0, 0x70, 0x3E, 0x1C, 0x07, 0xC7, 0x00, 0xFB, 0xC0, 0x0F, 0xF0,
    0x01, 0xF8, 0x00, 0x3E, 0x00, 0x07, 0xC0, 0x03, 0xF0, 0x01, 0xFE, 0x00, 0xF3, 0xC0, 0x78, 0xF0,
    0x7C, 0x1C, 0x3E, 0x0F, 0x1F, 0xFF, 0xC7, 0xFF, 0xE1, 0xFF, 0xF0, 0x7F, 0xF8, 0x38, 0x03, 0x83,
    0xF8, 0x1C, 0x3B, 0x80, 0xE0, 0x80, 0x07, 0x00, 0x00, 0x38, 0x0F, 0x01, 0xC0, 0x78, 0x0E, 0x03,
    0xE0, 0x70, 0x0F, 0x03, 0x80, 0x3C, 0x1C, 0x01, 0xF0, 0xE0, 0x07, 0x87, 0x00, 0x1E, 0x38, 0x00,
    0xF1, 0xC0, 0x03, 0xCE, 0x00, 0x1E, 0x70, 0x00, 0x7F, 0x80, 0x01, 0xFE, 0x00, 0x0F, 0xF0, 0x7F,
    0xFF, 0xE3, 0xFF, 0xFF, 0x1F, 0xFE, 0x78, 0xFF, 0xC1, 0xC0, 0x3C, 0x00, 0x3E, 0x00, 0x1C, 0x00,
    0x0E, 0x00, 0x07, 0xE0, 0x67, 0xF0, 0x73, 0x80, 0x38, 0x00, 0x1C, 0x3C, 0x0E, 0x1F, 0x07, 0x07,
    0xC3, 0x81, 0xF1, 0xC0, 0x3F, 0xE0, 0x0F, 0xF0, 0x03, 0xF0, 0x00, 0xF8, 0x00, 0x3E, 0x00, 0x3F,
    0x00, 0x3F, 0xC0, 0x3C, 0xF0, 0x3C, 0x78, 0x7C, 0x1C, 0x7C, 0x1E, 0x7F, 0xFF, 0x3F, 0xFF, 0x1F,
    0xFF, 0x0F, 0xFF, 0x00, 0x3C, 0x00, 0x07, 0xC0, 0x00, 0x70, 0x00, 0x07, 0x00, 0x38, 0x7E, 0x03,
    0x8F, 0xE0, 0x38, 0xE0, 0x03, 0x80, 0x00, 0x38, 0x1C, 0x03, 0x83, 0xE0, 0x38, 0x1F, 0x03, 0x80,
    0xF0, 0x38, 0x0F, 0x83, 0x80, 0x78, 0x38, 0x03, 0xC3, 0x80, 0x3E, 0x38, 0x01, 0xE3, 0x80, 0x0F,
    0x38, 0x00, 0xF7, 0x80, 0x07, 0x78, 0x00, 0x7F, 0x80, 0x03, 0xFC, 0x7F, 0xFF, 0xF7, 0xFF, 0xDF,
    0x3F, 0xF8, 0xF3, 0xFE, 0x07, 0x00, 0x06, 0x00, 0x0E, 0x00, 0x0E, 0x00, 0x0E, 0x7C, 0x0E, 0x3E,
    0x0E, 0x1F, 0x1E, 0x0F, 0x9E, 0x07, 0xDC, 0x03, 0xFC, 0x01, 0xFC, 0x00, 0x78, 0x00, 0x7C, 0x00,
    0x7C, 0x00, 0xFE, 0x01, 0xEF, 0x07, 0xCF, 0x0F, 0x87, 0x1F, 0x0F, 0x3F, 0xFF, 0x3F, 0xFE, 0x3F,
    0xFE, 0x3F, 0xF8, 0x00, 0x00, 0x1E, 0x00, 0x3E, 0x00, 0x38, 0x00, 0x38, 0x00, 0x3F, 0x00, 0x7F,
    0x00, 0x70, 0x00, 0x00, 0x06, 0x00, 0x01, 0xC0, 0x00, 0x38, 0x00, 0x07, 0x00, 0x00, 0xE0, 0x70,
    0x1C, 0x1F, 0x03, 0x81, 0xE0, 0x70, 0x3E, 0x0E, 0x03, 0xC1, 0xC0, 0x7C, 0x38, 0x07, 0x87, 0x00,
    0x78, 0xE0, 0x0F, 0x1C, 0x00, 0xF3, 0x80, 0x0E, 0x70, 0x01, 0xFE, 0x00, 0x1F, 0xE0, 0x03, 0xFC,
    0x7F, 0xFF, 0xEF, 0xFF, 0xFD, 0xFF, 0xE7, 0xBF, 0xF0, 0x70, 0x00, 0x00, 0x3C, 0x00, 0x0F, 0x80,
    0x01, 0xC0, 0x00, 0x38, 0x00, 0x07, 0xE0, 0x01, 0xFC, 0x00, 0x38, 0x00, 0x00, 0x00, 0x0C, 0x00,
    0x1C, 0x00, 0x1C, 0x00, 0x1C, 0x78, 0x1C, 0x7C, 0x1C, 0x3E, 0x1C, 0x1F, 0x1C, 0x0F, 0xBC, 0x03,
    0xFC, 0x01, 0xF8, 0x00, 0xF8, 0x00, 0x7C, 0x00, 0xFC, 0x01, 0xFE, 0x03, 0xCF, 0x07, 0x8F, 0x1F,
    0x07, 0x3E, 0x0F, 0x7F, 0xFF, 0x7F, 0xFE, 0x7F, 0xFC, 0x7F, 0xF8, 0x00, 0x03, 0x00, 0x00, 0x70,
    0x00, 0x07, 0x00, 0x00, 0x70, 0x00, 0x07, 0x01, 0xC0, 0x70, 0x3C, 0x07, 0x03, 0xE0, 0x70, 0x1E,
    0x07, 0x00, 0xF0, 0x70, 0x0F, 0x87, 0x00, 0x78, 0x70, 0x07, 0xC7, 0x00, 0x3C, 0x70, 0x01, 0xE7,
    0x00, 0x1E, 0x70, 0x00, 0xFF, 0x00, 0x07, 0xF8, 0x00, 0x7F, 0x87, 0xFF, 0xFE, 0x7F, 0xFF, 0xE7,
    0xFF, 0x9E, 0x7F, 0xE0, 0xE0,
};

static const EpdGlyph firago_14_semiboldGlyphs[] = {
    { 0, 0, 114, 0, 0, 0, 0 }, // U+0020
    { 5, 20, 112, 1, 20, 13, 0 }, // !
    { 9, 8, 201, 2, 20, 9, 13 }, // "
    { 15, 20, 255, 1, 20, 38, 22 }, // #
    { 15, 29, 254, 0, 24, 55, 60 }, // $
    { 23, 22, 397, 1, 21, 64, 115 }, // %
    { 20, 20, 351, 2, 20, 50, 179 }, // &
    { 3, 8, 109, 2, 20, 3, 229 }, // '
    { 9, 31, 151, 1, 26, 35, 232 }, // (
    { 10, 31, 151, 0, 26, 39, 267 }, // )
    { 13, 12, 209, 0, 22, 20, 306 }, // *
    { 12, 12, 244, 2, 16, 18, 326 }, // +
    { 6, 10, 112, 0, 5, 8, 344 }, // ,
    { 9, 4, 190, 1, 12, 5, 352 }, // -
    { 5, 5, 112, 1, 5, 4, 357 }, // .
    { 11, 28, 243, 2, 24, 39, 361 }, // /
    { 15, 20, 270, 1, 20, 38, 400 }, // 0
    { 12, 20, 213, 0, 20, 30, 438 }, // 1
    { 15, 20, 239, -1, 20, 38, 468 }, // 2
    { 15, 20, 240, -1, 20, 38, 506 }, // 3
    { 15, 20, 260, 1, 20, 38, 544 }, // 4
    { 15, 21, 246, 0, 21, 40, 582 }, // 5
    { 15, 20, 260, 1, 20, 38, 622 }, // 6
    { 12, 22, 216, 1, 21, 33, 660 }, // 7
    { 15, 20, 268, 1, 20, 38, 693 }, // 8
    { 15, 21, 258, 1, 20, 40, 731 }, // 9
    { 5, 15, 112, 1, 15, 10, 771 }, // :
    { 6, 20, 112, 0, 15, 15, 781 }, // ;
    { 13, 15, 240, 1, 17, 25, 796 }, // <
    { 12, 10, 240, 2, 15, 15, 821 }, // =
    { 13, 15, 240, 1, 17, 25, 836 }, // >
    { 14, 20, 222, 0, 20, 35, 861 }, // ?
    { 27, 26, 476, 2, 20, 88, 896 }, // @
    { 19, 20, 274, -1, 20, 48, 984 }, // A
    { 15, 20, 287, 2, 20, 38, 1032 }, // B
    { 16, 20, 267, 1, 20, 40, 1070 }, // C
    { 16, 20, 303, 2, 20, 40, 1110 }, // D
    { 12, 20, 246, 2, 20, 30, 1150 }, // E
    { 12, 20, 228, 2, 20, 30, 1180 }, // F
    { 17, 20, 299, 1, 20, 43, 1210 }, // G
    { 16, 20, 312, 2, 20, 40, 1253 }, // H
    { 5, 20, 137, 2, 20, 13, 1293 }, // I
    { 9, 26, 147, -1, 20, 30, 1306 }, // J
    { 17, 20, 290, 2, 20, 43, 1336 }, // K
    { 13, 20, 238, 2, 20, 33, 1379 }, // L
    { 22, 20, 366, 1, 20, 55, 1412 }, // M
    { 16, 20, 312, 2, 20, 40, 1467 }, // N
    { 18, 20, 323, 1, 20, 45, 1507 }, // O
    { 15, 20, 280, 2, 20, 38, 1552 }, // P
    { 20, 24, 323, 1, 20, 60, 1590 }, // Q
    { 16, 20, 287, 2, 20, 40, 1650 }, // R
    { 16, 20, 264, 0, 20, 40, 1690 }, // S
    { 16, 20, 249, 0, 20, 40, 1730 }, // T
    { 16, 20, 305, 2, 20, 40, 1770 }, // U
    { 18, 20, 265, -1, 20, 45, 1810 }, // V
    { 25, 20, 393, 0, 20, 63, 1855 }, // W
    { 18, 20, 267, -1, 20, 45, 1918 }, // X
    { 18, 20, 272, -1, 20, 45, 1963 }, // Y
    { 15, 20, 252, 1, 20, 38, 2008 }, // Z
    { 8, 28, 151, 1, 24, 28, 2046 }, // [
    { 11, 28, 243, 2, 24, 39, 2074 }, // <backslash>
    { 9, 28, 151, 0, 24, 32, 2113 }, // ]
    { 16, 10, 259, 0, 25, 20, 2145 }, // ^
    { 15, 4, 243, 1, -1, 8, 2165 }, // _
    { 9, 7, 154, 0, 25, 8, 2173 }, // `
    { 15, 16, 255, 1, 16, 30, 2181 }, // a
    { 14, 23, 275, 2, 23, 41, 2211 }, // b
    { 13, 16, 223, 1, 16, 26, 2252 }, // c
    { 15, 23, 277, 1, 23, 44, 2278 }, // d
    { 14, 16, 258, 1, 16, 28, 2322 }, // e
    { 13, 23, 164, 0, 23, 38, 2350 }, // f
    { 16, 24, 254, 1, 18, 48, 2388 }, // g
    { 13, 23, 268, 2, 23, 38, 2436 }, // h
    { 5, 24, 130, 2, 24, 15, 2474 }, // i
    { 8, 30, 130, -1, 24, 30, 2489 }, // j
    { 15, 23, 253, 2, 23, 44, 2519 }, // k
    { 7, 23, 139, 2, 23, 21, 2563 }, // l
    { 21, 16, 393, 2, 16, 42, 2584 }, // m
    { 13, 16, 268, 2, 16, 26, 2626 }, // n
    { 15, 16, 273, 1, 16, 30, 2652 }, // o
    { 14, 22, 275, 2, 16, 39, 2682 }, // p
    { 15, 22, 277, 1, 16, 42, 2721 }, // q
    { 10, 16, 185, 2, 16, 20, 2763 }, // r
    { 14, 16, 223, 0, 16, 28, 2783 }, // s
    { 13, 20, 177, 0, 20, 33, 2811 }, // t
    { 13, 16, 266, 2, 16, 26, 2844 }, // u
    { 16, 16, 237, -1, 16, 32, 2870 }, // v
    { 22, 16, 346, 0, 16, 44, 2902 }, // w
    { 16, 16, 236, -1, 16, 32, 2946 }, // x
    { 16, 22, 239, -1, 16, 44, 2978 }, // y
    { 13, 16, 210, 0, 16, 26, 3022 }, // z
    { 9, 29, 151, 1, 25, 33, 3048 }, // {
    { 5, 27, 179, 4, 24, 17, 3081 }, // |
    { 9, 29, 151, 0, 25, 33, 3098 }, // }
    { 15, 5, 237, 0, 12, 10, 3131 }, // ~
    { 0, 0, 114, 0, 0, 0, 3141 }, // U+00A0
    { 6, 21, 112, 1, 15, 16, 3141 }, // U+00A1
    { 16, 17, 287, 1, 17, 34, 3157 }, // U+00AB
    { 10, 10, 243, 1, 21, 13, 3191 }, // U+00B0
    { 5, 5, 112, 1, 12, 4, 3204 }, // U+00B7
    { 12, 21, 233, 1, 21, 32, 3208 }, // U+00BA
    { 16, 17, 285, 1, 17, 34, 3240 }, // U+00BB
    { 14, 21, 222, 1, 15, 37, 3274 }, // U+00BF
    { 19, 28, 274, -1, 28, 67, 3311 }, // U+00C0
    { 19, 28, 274, -1, 28, 67, 3378 }, // U+00C1
    { 19, 28, 274, -1, 28, 67, 3445 }, // U+00C2
    { 19, 27, 274, -1, 27, 65, 3512 }, // U+00C4
    { 18, 29, 274, 0, 29, 66, 3577 }, // U+00C5
    { 25, 20, 391, -1, 20, 63, 3643 }, // U+00C6
    { 16, 28, 267, 1, 20, 56, 3706 }, // U+00C7
    { 12, 28, 246, 2, 28, 42, 3762 }, // U+00C9
    { 12, 28, 246, 2, 28, 42, 3804 }, // U+00CA
    { 9, 28, 137, 0, 28, 32, 3846 }, // U+00CD
    { 12, 28, 137, -2, 28, 42, 3878 }, // U+00CE
    { 18, 27, 323, 1, 27, 61, 3920 }, // U+00D2
    { 18, 27, 323, 1, 27, 61, 3981 }, // U+00D3
    { 18, 27, 323, 1, 27, 61, 4042 }, // U+00D6
    { 18, 28, 323, 1, 24, 63, 4103 }, // U+00D8
    { 16, 28, 305, 2, 28, 56, 4166 }, // U+00D9
    { 16, 28, 305, 2, 28, 56, 4222 }, // U+00DA
    { 16, 27, 305, 2, 27, 54, 4278 }, // U+00DC
    { 18, 28, 272, -1, 28, 63, 4332 }, // U+00DD
    { 15, 23, 281, 2, 23, 44, 4395 }, // U+00DF
    { 15, 25, 255, 1, 25, 47, 4439 }, // U+00E0
    { 15, 25, 255, 1, 25, 47, 4486 }, // U+00E1
    { 15, 25, 255, 1, 25, 47, 4533 }, // U+00E2
    { 15, 24, 255, 1, 24, 45, 4580 }, // U+00E3
    { 15, 24, 255, 1, 24, 45, 4625 }, // U+00E4
    { 15, 26, 255, 1, 26, 49, 4670 }, // U+00E5
    { 23, 16, 399, 1, 16, 46, 4719 }, // U+00E6
    { 13, 24, 223, 1, 16, 39, 4765 }, // U+00E7
    { 14, 25, 258, 1, 25, 44, 4804 }, // U+00E8
    { 14, 25, 258, 1, 25, 44, 4848 }, // U+00E9
    { 14, 25, 258, 1, 25, 44, 4892 }, // U+00EA
    { 14, 24, 258, 1, 24, 42, 4936 }, // U+00EB
    { 9, 25, 130, 0, 25, 29, 4978 }, // U+00EC
    { 9, 25, 130, 0, 25, 29, 5007 }, // U+00ED
    { 12, 24, 130, -2, 24, 36, 5036 }, // U+00EE
    { 11, 23, 130, -1, 23, 32, 5072 }, // U+00EF
    { 13, 24, 268, 2, 24, 39, 5104 }, // U+00F1
    { 15, 25, 273, 1, 25, 47, 5143 }, // U+00F2
    { 15, 25, 273, 1, 25, 47, 5190 }, // U+00F3
    { 15, 25, 273, 1, 25, 47, 5237 }, // U+00F4
    { 15, 24, 273, 1, 24, 45, 5284 }, // U+00F5
    { 15, 24, 273, 1, 24, 45, 5329 }, // U+00F6
    { 15, 24, 273, 1, 20, 45, 5374 }, // U+00F8
    { 13, 25, 266, 2, 25, 41, 5419 }, // U+00F9
    { 13, 25, 266, 2, 25, 41, 5460 }, // U+00FA
    { 13, 24, 266, 2, 24, 39, 5501 }, // U+00FC
    { 16, 31, 239, -1, 25, 62, 5540 }, // U+00FD
    { 15, 25, 255, 1, 25, 47, 5602 }, // U+0103
    { 15, 24, 255, 1, 16, 45, 5649 }, // U+0105
    { 13, 25, 223, 1, 25, 41, 5694 }, // U+0107
    { 16, 28, 267, 1, 28, 56, 5735 }, // U+010C
    { 13, 25, 223, 1, 25, 41, 5791 }, // U+010D
    { 16, 28, 303, 2, 28, 56, 5832 }, // U+010E
    { 20, 23, 310, 1, 23, 58, 5888 }, // U+010F
    { 18, 20, 309, 1, 20, 45, 5946 }, // U+0110
    { 16, 23, 283, 1, 23, 46, 5991 }, // U+0111
    { 12, 27, 246, 2, 27, 41, 6037 }, // U+0116
    { 14, 24, 258, 1, 24, 42, 6078 }, // U+0117
    { 12, 28, 246, 2, 20, 42, 6120 }, // U+0118
    { 14, 22, 258, 1, 16, 39, 6162 }, // U+0119
    { 12, 28, 246, 2, 28, 42, 6201 }, // U+011A
    { 14, 25, 258, 1, 25, 44, 6243 }, // U+011B
    { 17, 27, 299, 1, 27, 58, 6287 }, // U+011E
    { 16, 31, 254, 1, 25, 62, 6345 }, // U+011F
    { 12, 24, 130, -2, 24, 36, 6407 }, // U+0129
    { 8, 28, 137, -1, 20, 28, 6443 }, // U+012E
    { 8, 32, 130, -1, 24, 32, 6471 }, // U+012F
    { 5, 27, 137, 2, 27, 17, 6503 }, // U+0130
    { 5, 16, 130, 2, 16, 10, 6520 }, // U+0131
    { 9, 30, 139, 0, 30, 34, 6530 }, // U+013A
    { 13, 21, 238, 2, 21, 35, 6564 }, // U+013D
    { 10, 23, 164, 2, 23, 29, 6599 }, // U+013E
    { 16, 20, 253, 0, 20, 40, 6628 }, // U+0141
    { 11, 23, 162, -1, 23, 32, 6668 }, // U+0142
    { 13, 25, 268, 2, 25, 41, 6700 }, // U+0144
    { 13, 24, 268, 2, 24, 39, 6741 }, // U+0148
    { 15, 25, 273, 1, 25, 47, 6780 }, // U+0151
    { 10, 25, 185, 2, 25, 32, 6827 }, // U+0155
    { 16, 28, 287, 2, 28, 56, 6859 }, // U+0158
    { 12, 24, 185, 1, 24, 36, 6915 }, // U+0159
    { 16, 27, 264, 0, 27, 54, 6951 }, // U+015A
    { 14, 25, 223, 0, 25, 44, 7005 }, // U+015B
    { 16, 29, 264, 0, 20, 58, 7049 }, // U+015E
    { 14, 24, 223, 0, 16, 42, 7107 }, // U+015F
    { 16, 28, 264, 0, 28, 56, 7149 }, // U+0160
    { 14, 25, 223, 0, 25, 44, 7205 }, // U+0161
    { 12, 28, 177, 0, 20, 42, 7249 }, // U+0163
    { 16, 28, 249, 0, 28, 56, 7291 }, // U+0164
    { 13, 24, 177, 0, 24, 39, 7347 }, // U+0165
    { 13, 23, 266, 2, 23, 38, 7386 }, // U+016B
    { 16, 30, 305, 2, 30, 60, 7424 }, // U+016E
    { 13, 26, 266, 2, 26, 43, 7484 }, // U+016F
    { 16, 28, 305, 2, 28, 56, 7527 }, // U+0170
    { 14, 25, 266, 2, 25, 44, 7583 }, // U+0171
    { 16, 27, 305, 2, 20, 54, 7627 }, // U+0172
    { 13, 23, 266, 2, 16, 38, 7681 }, // U+0173
    { 13, 25, 210, 0, 25, 41, 7719 }, // U+017A
    { 13, 24, 210, 0, 24, 39, 7760 }, // U+017C
    { 15, 28, 252, 1, 28, 53, 7799 }, // U+017D
    { 13, 24, 210, 0, 24, 39, 7852 }, // U+017E
    { 17, 18, 288, 1, 18, 39, 7891 }, // U+01A1
    { 17, 19, 295, 2, 19, 41, 7930 }, // U+01B0
    { 16, 29, 264, 0, 20, 58, 7971 }, // U+0218
    { 14, 25, 223, 0, 16, 44, 8029 }, // U+0219
    { 16, 29, 249, 0, 20, 58, 8073 }, // U+021A
    { 12, 29, 177, 0, 20, 44, 8131 }, // U+021B
    { 16, 20, 267, 1, 20, 40, 8175 }, // U+0404
    { 5, 20, 137, 2, 20, 13, 8215 }, // U+0406
    { 19, 20, 274, -1, 20, 48, 8228 }, // U+0410
    { 15, 20, 276, 2, 20, 38, 8276 }, // U+0411
    { 15, 20, 287, 2, 20, 38, 8314 }, // U+0412
    { 13, 20, 238, 2, 20, 33, 8352 }, // U+0413
    { 18, 25, 292, 0, 20, 57, 8385 }, // U+0414
    { 12, 20, 246, 2, 20, 30, 8442 }, // U+0415
    { 28, 20, 413, -1, 20, 70, 8472 }, // U+0416
    { 15, 20, 250, 0, 20, 38, 8542 }, // U+0417
    { 16, 20, 312, 2, 20, 40, 8580 }, // U+0418
    { 16, 27, 312, 2, 27, 54, 8620 }, // U+0419
    { 16, 20, 287, 2, 20, 40, 8674 }, // U+041A
    { 18, 21, 306, 0, 20, 48, 8714 }, // U+041B
    { 22, 20, 366, 1, 20, 55, 8762 }, // U+041C
    { 16, 20, 312, 2, 20, 40, 8817 }, // U+041D
    { 18, 20, 323, 1, 20, 45, 8857 }, // U+041E
    { 16, 20, 311, 2, 20, 40, 8902 }, // U+041F
    { 15, 20, 280, 2, 20, 38, 8942 }, // U+0420
    { 16, 20, 267, 1, 20, 40, 8980 }, // U+0421
    { 16, 20, 249, 0, 20, 40, 9020 }, // U+0422
    { 18, 21, 265, -1, 20, 48, 9060 }, // U+0423
    { 23, 23, 394, 1, 21, 67, 9108 }, // U+0424
    { 18, 20, 267, -1, 20, 45, 9175 }, // U+0425
    { 18, 25, 318, 2, 20, 57, 9220 }, // U+0426
    { 15, 20, 288, 1, 20, 38, 9277 }, // U+0427
    { 23, 20, 426, 2, 20, 58, 9315 }, // U+0428
    { 25, 25, 436, 2, 20, 79, 9373 }, // U+0429
    { 21, 20, 393, 2, 20, 53, 9452 }, // U+042B
    { 15, 20, 275, 2, 20, 38, 9505 }, // U+042C
    { 15, 20, 252, 0, 20, 38, 9543 }, // U+042D
    { 16, 20, 283, 0, 20, 40, 9581 }, // U+042F
    { 15, 16, 255, 1, 16, 30, 9621 }, // U+0430
    { 15, 23, 270, 1, 23, 44, 9651 }, // U+0431
    { 14, 16, 260, 2, 16, 28, 9695 }, // U+0432
    { 11, 16, 201, 2, 16, 22, 9723 }, // U+0433
    { 16, 21, 260, 0, 16, 42, 9745 }, // U+0434
    { 14, 16, 258, 1, 16, 28, 9787 }, // U+0435
    { 23, 16, 352, 0, 16, 46, 9815 }, // U+0436
    { 14, 16, 231, -1, 16, 28, 9861 }, // U+0437
    { 14, 16, 275, 2, 16, 28, 9889 }, // U+0438
    { 14, 24, 275, 2, 24, 42, 9917 }, // U+0439
    { 14, 16, 253, 2, 16, 28, 9959 }, // U+043A
    { 15, 17, 266, 0, 16, 32, 9987 }, // U+043B
    { 19, 16, 313, 0, 16, 38, 10019 }, // U+043C
    { 13, 16, 273, 2, 16, 26, 10057 }, // U+043D
    { 15, 16, 273, 1, 16, 30, 10083 }, // U+043E
    { 13, 16, 271, 2, 16, 26, 10113 }, // U+043F
    { 14, 22, 275, 2, 16, 39, 10139 }, // U+0440
    { 13, 16, 223, 1, 16, 26, 10178 }, // U+0441
    { 15, 16, 218, 0, 16, 30, 10204 }, // U+0442
    { 16, 22, 239, -1, 16, 44, 10234 }, // U+0443
    { 22, 29, 384, 1, 23, 80, 10278 }, // U+0444
    { 16, 16, 236, -1, 16, 32, 10358 }, // U+0445
    { 15, 21, 276, 2, 16, 40, 10390 }, // U+0446
    { 13, 16, 256, 1, 16, 26, 10430 }, // U+0447
    { 19, 16, 365, 2, 16, 38, 10456 }, // U+0448
    { 21, 21, 372, 2, 16, 56, 10494 }, // U+0449
    { 18, 16, 286, 0, 16, 36, 10550 }, // U+044A
    { 18, 16, 351, 2, 16, 36, 10586 }, // U+044B
    { 13, 16, 242, 2, 16, 26, 10622 }, // U+044C
    { 14, 16, 226, 0, 16, 28, 10648 }, // U+044D
    { 21, 16, 373, 2, 16, 42, 10676 }, // U+044E
    { 15, 16, 259, -1, 16, 30, 10718 }, // U+044F
    { 14, 24, 258, 1, 24, 42, 10748 }, // U+0451
    { 13, 16, 226, 1, 16, 26, 10790 }, // U+0454
    { 5, 24, 130, 2, 24, 15, 10816 }, // U+0456
    { 11, 23, 130, -1, 23, 32, 10831 }, // U+0457
    { 16, 30, 239, -1, 24, 60, 10863 }, // U+045E
    { 11, 20, 202, 2, 20, 28, 10923 }, // U+0491
    { 16, 20, 242, 0, 20, 40, 10951 }, // U+0492
    { 13, 16, 206, 1, 16, 26, 10991 }, // U+0493
    { 16, 25, 287, 2, 20, 50, 11017 }, // U+049A
    { 14, 21, 257, 2, 16, 37, 11067 }, // U+049B
    { 18, 25, 323, 2, 20, 57, 11104 }, // U+04A2
    { 16, 21, 281, 2, 16, 42, 11161 }, // U+04A3
    { 18, 20, 272, -1, 20, 45, 11203 }, // U+04AE
    { 16, 22, 237, -1, 16, 44, 11248 }, // U+04AF
    { 19, 20, 272, -1, 20, 48, 11292 }, // U+04B0
    { 16, 23, 237, 0, 16, 46, 11340 }, // U+04B1
    { 17, 20, 300, 1, 20, 43, 11386 }, // U+04D8
    { 15, 16, 260, 1, 16, 30, 11429 }, // U+04D9
    { 18, 20, 323, 1, 20, 45, 11459 }, // U+04E8
    { 15, 16, 273, 1, 16, 30, 11504 }, // U+04E9
    { 4, 6, 0, 1, -1, 3, 11534 }, // U+0591
    { 6, 5, 0, 2, 23, 4, 11537 }, // U+0592
    { 4, 5, 0, 2, 23, 3, 11541 }, // U+0593
    { 3, 5, 0, 2, 23, 2, 11544 }, // U+0594
    { 5, 5, 0, 2, 23, 4, 11546 }, // U+0595
    { 4, 5, 0, 2, -1, 3, 11550 }, // U+0596
    { 5, 5, 0, 1, 23, 4, 11553 }, // U+0597
    { 6, 5, 0, 2, 22, 4, 11557 }, // U+0598
    { 4, 5, 0, 1, 23, 3, 11561 }, // U+0599
    { 5, 5, 0, 1, -2, 4, 11564 }, // U+059A
    { 4, 5, 0, 1, -1, 3, 11568 }, // U+059B
    { 4, 5, 0, 2, 23, 3, 11571 }, // U+059C
    { 4, 5, 0, 2, 23, 3, 11574 }, // U+059D
    { 8, 5, 0, 2, 23, 5, 11577 }, // U+059E
    { 9, 6, 0, 2, 23, 7, 11582 }, // U+059F
    { 6, 6, 0, 1, 23, 5, 11589 }, // U+05A0
    { 3, 5, 0, 2, 23, 2, 11594 }, // U+05A1
    { 5, 5, 0, 1, -1, 4, 11596 }, // U+05A2
    { 3, 5, 0, 2, -1, 2, 11600 }, // U+05A3
    { 5, 5, 0, 1, -2, 4, 11602 }, // U+05A4
    { 4, 5, 0, 1, -1, 3, 11606 }, // U+05A5
    { 8, 5, 0, 1, -1, 5, 11609 }, // U+05A6
    { 5, 5, 0, 1, -2, 4, 11614 }, // U+05A7
    { 4, 5, 0, 1, 23, 3, 11618 }, // U+05A8
    { 5, 6, 0, 2, 23, 4, 11621 }, // U+05A9
    { 5, 5, 0, 2, -1, 4, 11625 }, // U+05AA
    { 5, 5, 0, 1, 23, 4, 11629 }, // U+05AB
    { 4, 5, 0, 1, 23, 3, 11633 }, // U+05AC
    { 4, 5, 0, 2, -1, 3, 11636 }, // U+05AD
    { 6, 5, 0, 2, 22, 4, 11639 }, // U+05AE
    { 5, 4, 0, 2, 22, 3, 11643 }, // U+05AF
    { 3, 5, 0, 2, -2, 2, 11646 }, // U+05B0
    { 9, 5, 0, 2, -2, 6, 11648 }, // U+05B1
    { 9, 5, 0, 2, -2, 6, 11654 }, // U+05B2
    { 9, 5, 0, 2, -2, 6, 11660 }, // U+05B3
    { 3, 3, 0, 2, -1, 2, 11666 }, // U+05B4
    { 6, 3, 0, 2, -1, 3, 11668 }, // U+05B5
    { 6, 5, 0, 2, -2, 4, 11671 }, // U+05B6
    { 6, 2, 0, 2, -2, 2, 11675 }, // U+05B7
    { 6, 5, 0, 2, -2, 4, 11677 }, // U+05B8
    { 3, 3, 0, 2, 21, 2, 11681 }, // U+05B9
    { 3, 3, 0, 2, 21, 2, 11683 }, // U+05BA
    { 7, 5, 0, 2, -2, 5, 11685 }, // U+05BB
    { 3, 3, 0, 2, 10, 2, 11690 }, // U+05BC
    { 1, 5, 0, 2, -2, 1, 11692 }, // U+05BD
    { 8, 4, 166, 1, 17, 4, 11693 }, // U+05BE
    { 7, 2, 0, 2, 20, 2, 11697 }, // U+05BF
    { 5, 13, 146, 3, 15, 9, 11699 }, // U+05C0
    { 3, 3, 0, 2, 21, 2, 11708 }, // U+05C1
    { 3, 3, 0, 2, 21, 2, 11710 }, // U+05C2
    { 5, 16, 112, 1, 15, 10, 11712 }, // U+05C3
    { 3, 3, 0, 2, 21, 2, 11722 }, // U+05C4
    { 3, 3, 0, 2, -1, 2, 11724 }, // U+05C5
    { 9, 17, 182, 2, 17, 20, 11726 }, // U+05C6
    { 6, 6, 0, 2, -1, 5, 11746 }, // U+05C7
    { 17, 17, 274, 0, 17, 37, 11751 }, // U+05D0
    { 14, 17, 241, 1, 17, 30, 11788 }, // U+05D1
    { 11, 18, 188, 0, 17, 25, 11818 }, // U+05D2
    { 14, 17, 231, 0, 17, 30, 11843 }, // U+05D3
    { 14, 17, 288, 2, 17, 30, 11873 }, // U+05D4
    { 8, 17, 160, 0, 17, 17, 11903 }, // U+05D5
    { 10, 17, 171, 0, 17, 22, 11920 }, // U+05D6
    { 15, 17, 291, 2, 17, 32, 11942 }, // U+05D7
    { 17, 17, 290, 0, 17, 37, 11974 }, // U+05D8
    { 8, 11, 143, 0, 17, 11, 12011 }, // U+05D9
    { 13, 23, 243, 1, 17, 38, 12022 }, // U+05DA
    { 14, 17, 239, 0, 17, 30, 12060 }, // U+05DB
    { 13, 23, 236, 1, 23, 38, 12090 }, // U+05DC
    { 16, 17, 294, 1, 17, 34, 12128 }, // U+05DD
    { 17, 17, 297, 1, 17, 37, 12162 }, // U+05DE
    { 5, 23, 146, 3, 17, 15, 12199 }, // U+05DF
    { 10, 17, 182, 0, 17, 22, 12214 }, // U+05E0
    { 16, 18, 299, 2, 17, 36, 12236 }, // U+05E1
    { 17, 19, 261, -1, 17, 41, 12272 }, // U+05E2
    { 16, 25, 292, 1, 18, 50, 12313 }, // U+05E3
    { 16, 17, 278, 1, 17, 34, 12363 }, // U+05E4
    { 15, 23, 244, 0, 17, 44, 12397 }, // U+05E5
    { 16, 17, 260, 0, 17, 34, 12441 }, // U+05E6
    { 16, 23, 290, 1, 17, 46, 12475 }, // U+05E7
    { 14, 17, 245, 0, 17, 30, 12521 }, // U+05E8
    { 20, 17, 351, 1, 17, 43, 12551 }, // U+05E9
    { 17, 18, 300, 0, 17, 39, 12594 }, // U+05EA
    { 16, 17, 297, 0, 17, 34, 12633 }, // U+05F0
    { 16, 17, 285, 0, 17, 34, 12667 }, // U+05F1
    { 15, 11, 269, 0, 17, 21, 12701 }, // U+05F2
    { 5, 8, 112, 1, 17, 5, 12722 }, // U+05F3
    { 11, 8, 204, 1, 17, 11, 12727 }, // U+05F4
    { 24, 13, 470, 3, 13, 39, 12738 }, // U+0600
    { 18, 21, 415, 3, 20, 48, 12777 }, // U+0609
    { 19, 21, 526, 3, 20, 50, 12825 }, // U+060A
    { 14, 31, 234, 0, 23, 55, 12875 }, // U+060B
    { 6, 10, 142, 2, 10, 8, 12930 }, // U+060C
    { 8, 14, 159, 0, 10, 14, 12938 }, // U+060D
    { 8, 7, 0, 1, 25, 7, 12952 }, // U+0615
    { 6, 17, 142, 2, 17, 13, 12959 }, // U+061B
    { 9, 8, 280, 4, 26, 9, 12972 }, // U+061E
    { 14, 21, 222, 1, 21, 37, 12981 }, // U+061F
    { 22, 24, 375, 1, 17, 66, 13018 }, // U+0620
    { 12, 12, 218, 1, 12, 18, 13084 }, // U+0621
    { 9, 24, 109, -1, 24, 27, 13102 }, // U+0622
    { 7, 27, 109, 0, 27, 24, 13129 }, // U+0623
    { 13, 29, 243, 1, 20, 48, 13153 }, // U+0624
    { 7, 31, 109, 0, 23, 28, 13201 }, // U+0625
    { 23, 22, 375, 0, 19, 64, 13229 }, // U+0626
    { 4, 23, 109, 2, 23, 12, 13293 }, // U+0627
    { 24, 19, 415, 1, 13, 57, 13305 }, // U+0628
    { 13, 23, 234, 1, 23, 38, 13362 }, // U+0629
    { 24, 16, 415, 1, 16, 48, 13400 }, // U+062A
    { 24, 19, 415, 1, 19, 57, 13448 }, // U+062B
    { 19, 25, 294, 0, 14, 60, 13505 }, // U+062C
    { 20, 25, 294, 0, 14, 63, 13565 }, // U+062D
    { 19, 31, 294, 0, 20, 74, 13628 }, // U+062E
    { 14, 17, 223, 0, 17, 30, 13702 }, // U+062F
    { 13, 22, 223, 0, 22, 36, 13732 }, // U+0630
    { 12, 19, 175, -2, 11, 29, 13768 }, // U+0631
    { 12, 25, 175, -2, 17, 38, 13797 }, // U+0632
    { 34, 21, 579, 1, 13, 90, 13835 }, // U+0633
    { 34, 28, 579, 1, 20, 119, 13925 }, // U+0634
    { 37, 22, 620, 1, 14, 102, 14044 }, // U+0635
    { 37, 27, 620, 1, 19, 125, 14146 }, // U+0636
    { 22, 23, 376, 0, 23, 64, 14271 }, // U+0637
    { 22, 23, 376, 0, 23, 64, 14335 }, // U+0638
    { 16, 25, 279, 1, 14, 50, 14399 }, // U+0639
    { 16, 31, 279, 1, 20, 62, 14449 }, // U+063A
    { 25, 25, 430, 1, 25, 79, 14511 }, // U+063B
    { 25, 33, 430, 1, 23, 104, 14590 }, // U+063C
    { 6, 4, 60, -1, 4, 3, 14694 }, // U+0640
    { 24, 24, 420, 1, 24, 72, 14697 }, // U+0641
    { 20, 26, 361, 1, 18, 65, 14769 }, // U+0642
    { 22, 24, 383, 1, 24, 66, 14834 }, // U+0643
    { 18, 30, 323, 1, 24, 68, 14900 }, // U+0644
    { 18, 24, 319, 1, 14, 54, 14968 }, // U+0645
    { 18, 21, 323, 1, 13, 48, 15022 }, // U+0646
    { 13, 18, 234, 1, 18, 30, 15070 }, // U+0647
    { 13, 21, 243, 1, 12, 35, 15100 }, // U+0648
    { 22, 20, 375, 1, 17, 55, 15135 }, // U+0649
    { 22, 25, 375, 1, 16, 69, 15190 }, // U+064A
    { 7, 7, 0, 3, 24, 7, 15259 }, // U+064B
    { 8, 8, 0, 1, 25, 8, 15266 }, // U+064C
    { 7, 7, 0, 1, -1, 7, 15274 }, // U+064D
    { 7, 5, 0, 3, 21, 5, 15281 }, // U+064E
    { 6, 8, 0, 0, 24, 6, 15286 }, // U+064F
    { 7, 4, 0, 1, -1, 4, 15292 }, // U+0650
    { 8, 5, 0, 1, 23, 5, 15296 }, // U+0651
    { 6, 6, 0, 1, 23, 5, 15301 }, // U+0652
    { 9, 4, 0, 2, 21, 5, 15306 }, // U+0653
    { 7, 8, 0, 2, 25, 7, 15311 }, // U+0654
    { 7, 8, 0, 2, 0, 7, 15318 }, // U+0655
    { 3, 6, 0, 1, -1, 3, 15325 }, // U+0656
    { 8, 4, 0, 0, 21, 4, 15328 }, // U+0658
    { 8, 5, 0, 2, 22, 5, 15332 }, // U+065A
    { 8, 5, 0, 2, 23, 5, 15337 }, // U+065B
    { 6, 8, 0, 1, 24, 6, 15342 }, // U+065D
    { 11, 8, 0, 1, 7, 11, 15348 }, // U+065F
    { 7, 7, 187, 2, 13, 7, 15359 }, // U+0660
    { 6, 19, 127, 1, 19, 15, 15366 }, // U+0661
    { 13, 19, 231, 1, 19, 31, 15381 }, // U+0662
    { 17, 19, 287, 1, 19, 41, 15412 }, // U+0663
    { 12, 20, 205, 1, 20, 30, 15453 }, // U+0664
    { 13, 15, 263, 2, 17, 25, 15483 }, // U+0665
    { 13, 20, 219, 0, 19, 33, 15508 }, // U+0666
    { 16, 19, 254, 0, 19, 38, 15541 }, // U+0667
    { 16, 19, 254, 0, 18, 38, 15579 }, // U+0668
    { 14, 20, 241, 1, 19, 35, 15617 }, // U+0669
    { 16, 21, 327, 2, 20, 42, 15652 }, // U+066A
    { 5, 9, 136, 1, 5, 6, 15694 }, // U+066B
    { 5, 9, 116, 1, 16, 6, 15700 }, // U+066C
    { 22, 21, 382, 1, 20, 58, 15706 }, // U+066D
    { 24, 13, 415, 1, 13, 39, 15764 }, // U+066E
    { 20, 20, 361, 1, 12, 50, 15803 }, // U+066F
    { 3, 6, 0, 1, 23, 3, 15853 }, // U+0670
    { 8, 26, 109, 0, 26, 26, 15856 }, // U+0671
    { 11, 27, 109, -2, 27, 38, 15882 }, // U+0672
    { 11, 31, 109, -4, 23, 43, 15920 }, // U+0673
    { 7, 8, 0, 2, 22, 7, 15963 }, // U+0674
    { 11, 23, 206, 2, 23, 32, 15970 }, // U+0675
    { 14, 31, 243, 1, 22, 55, 16002 }, // U+0676
    { 13, 37, 243, 1, 28, 61, 16057 }, // U+0677
    { 23, 29, 375, 1, 26, 84, 16118 }, // U+0678
    { 24, 18, 415, 1, 18, 54, 16202 }, // U+0679
    { 24, 19, 415, 1, 19, 57, 16256 }, // U+067A
    { 24, 23, 415, 1, 13, 69, 16313 }, // U+067B
    { 24, 20, 408, 1, 16, 60, 16382 }, // U+067C
    { 24, 19, 415, 1, 19, 57, 16442 }, // U+067D
    { 24, 23, 415, 1, 13, 69, 16499 }, // U+067E
    { 24, 18, 415, 1, 18, 54, 16568 }, // U+067F
    { 24, 22, 415, 1, 13, 66, 16622 }, // U+0680
    { 20, 33, 294, 0, 22, 83, 16688 }, // U+0681
    { 20, 35, 294, 0, 24, 88, 16771 }, // U+0682
    { 20, 25, 294, 0, 14, 63, 16859 }, // U+0683
    { 19, 25, 294, 0, 14, 60, 16922 }, // U+0684
    { 20, 34, 294, 0, 23, 85, 16982 }, // U+0685
    { 20, 25, 294, 0, 14, 63, 17067 }, // U+0686
    { 19, 25, 294, 0, 15, 60, 17130 }, // U+0687
    { 13, 24, 223, 0, 24, 39, 17190 }, // U+0688
    { 13, 21, 223, 0, 17, 35, 17229 }, // U+0689
    { 13, 23, 223, 0, 17, 38, 17264 }, // U+068A
    { 13, 30, 223, 0, 24, 49, 17302 }, // U+068B
    { 13, 22, 223, 0, 22, 36, 17351 }, // U+068C
    { 13, 23, 223, 0, 17, 38, 17387 }, // U+068D
    { 13, 25, 223, 0, 25, 41, 17425 }, // U+068E
    { 13, 25, 223, 0, 25, 41, 17466 }, // U+068F
    { 13, 25, 223, 0, 25, 41, 17507 }, // U+0690
    { 11, 27, 175, -1, 19, 38, 17548 }, // U+0691
    { 12, 26, 175, -2, 18, 39, 17586 }, // U+0692
    { 11, 20, 175, -2, 11, 28, 17625 }, // U+0693
    { 11, 23, 175, -2, 11, 32, 17653 }, // U+0694
    { 12, 23, 175, -2, 11, 35, 17685 }, // U+0695
    { 12, 29, 175, -2, 17, 44, 17720 }, // U+0696
    { 12, 26, 175, -2, 18, 39, 17764 }, // U+0697
    { 11, 28, 175, -1, 20, 39, 17803 }, // U+0698
    { 11, 28, 175, -2, 20, 39, 17842 }, // U+0699
    { 34, 24, 579, 1, 16, 102, 17881 }, // U+069A
    { 34, 23, 579, 1, 13, 98, 17983 }, // U+069B
    { 34, 30, 579, 1, 20, 128, 18081 }, // U+069C
    { 37, 27, 620, 1, 14, 125, 18209 }, // U+069D
    { 37, 31, 620, 1, 23, 144, 18334 }, // U+069E
    { 22, 23, 376, 0, 23, 64, 18478 }, // U+069F
    { 17, 35, 279, 1, 24, 75, 18542 }, // U+06A0
    { 24, 18, 420, 1, 18, 54, 18617 }, // U+06A1
    { 24, 24, 420, 1, 18, 72, 18671 }, // U+06A2
    { 24, 30, 420, 1, 24, 90, 18743 }, // U+06A3
    { 24, 27, 420, 1, 27, 81, 18833 }, // U+06A4
    { 24, 28, 420, 1, 18, 84, 18914 }, // U+06A5
    { 24, 27, 420, 1, 27, 81, 18998 }, // U+06A6
    { 20, 25, 361, 1, 17, 63, 19079 }, // U+06A7
    { 20, 29, 361, 1, 21, 73, 19142 }, // U+06A8
    { 25, 23, 430, 1, 23, 72, 19215 }, // U+06A9
    { 35, 20, 582, 1, 20, 88, 19287 }, // U+06AA
    { 25, 23, 430, 1, 23, 72, 19375 }, // U+06AB
    { 22, 29, 383, 1, 29, 80, 19447 }, // U+06AC
    { 24, 32, 383, 1, 32, 96, 19527 }, // U+06AD
    { 22, 34, 383, 1, 24, 94, 19623 }, // U+06AE
    { 25, 27, 430, 1, 27, 85, 19717 }, // U+06AF
    { 25, 27, 430, 1, 27, 85, 19802 }, // U+06B0
    { 25, 27, 430, 1, 27, 85, 19887 }, // U+06B1
    { 25, 33, 430, 1, 27, 104, 19972 }, // U+06B2
    { 25, 37, 430, 1, 27, 116, 20076 }, // U+06B3
    { 25, 31, 430, 1, 31, 97, 20192 }, // U+06B4
    { 19, 35, 323, 1, 29, 84, 20289 }, // U+06B5
    { 18, 35, 323, 1, 29, 79, 20373 }, // U+06B6
    { 20, 38, 323, 1, 32, 95, 20452 }, // U+06B7
    { 18, 40, 323, 1, 24, 90, 20547 }, // U+06B8
    { 18, 27, 323, 1, 14, 61, 20637 }, // U+06B9
    { 18, 18, 323, 1, 10, 41, 20698 }, // U+06BA
    { 18, 24, 323, 1, 16, 54, 20739 }, // U+06BB
    { 18, 25, 323, 1, 14, 57, 20793 }, // U+06BC
    { 18, 25, 323, 1, 17, 57, 20850 }, // U+06BD
    { 19, 18, 330, 1, 18, 43, 20907 }, // U+06BE
    { 20, 31, 294, 0, 20, 78, 20950 }, // U+06BF
    { 13, 25, 234, 1, 25, 41, 21028 }, // U+06C0
    { 13, 18, 234, 1, 18, 30, 21069 }, // U+06C1
    { 13, 25, 234, 1, 25, 41, 21099 }, // U+06C2
    { 13, 23, 234, 1, 23, 38, 21140 }, // U+06C3
    { 13, 21, 243, 1, 12, 35, 21178 }, // U+06C4
    { 14, 21, 243, 0, 12, 37, 21213 }, // U+06C5
    { 13, 27, 243, 1, 18, 44, 21250 }, // U+06C6
    { 13, 29, 243, 1, 20, 48, 21294 }, // U+06C7
    { 13, 28, 243, 1, 19, 46, 21342 }, // U+06C8
    { 13, 28, 243, 1, 19, 46, 21388 }, // U+06C9
    { 13, 27, 243, 1, 18, 44, 21434 }, // U+06CA
    { 13, 30, 243, 1, 21, 49, 21478 }, // U+06CB
    { 22, 20, 375, 1, 17, 55, 21527 }, // U+06CC
    { 25, 20, 402, 0, 17, 63, 21582 }, // U+06CD
    { 22, 21, 375, 1, 18, 58, 21645 }, // U+06CE
    { 13, 27, 243, 1, 18, 44, 21703 }, // U+06CF
    { 22, 30, 375, 1, 17, 83, 21747 }, // U+06D0
    { 22, 29, 375, 1, 17, 80, 21830 }, // U+06D1
    { 32, 16, 520, 1, 16, 64, 21910 }, // U+06D2
    { 32, 23, 520, 1, 23, 92, 21974 }, // U+06D3
    { 8, 4, 175, 1, 4, 4, 22066 }, // U+06D4
    { 13, 18, 234, 1, 18, 30, 22070 }, // U+06D5
    { 14, 23, 223, 0, 23, 41, 22100 }, // U+06EE
    { 7, 7, 187, 2, 13, 7, 22141 }, // U+06F0
    { 6, 19, 127, 1, 19, 15, 22148 }, // U+06F1
    { 13, 19, 231, 1, 19, 31, 22163 }, // U+06F2
    { 17, 19, 287, 1, 19, 41, 22194 }, // U+06F3
    { 15, 19, 248, 1, 19, 36, 22235 }, // U+06F4
    { 14, 20, 272, 2, 20, 35, 22271 }, // U+06F5
    { 12, 20, 243, 1, 19, 30, 22306 }, // U+06F6
    { 16, 19, 254, 0, 19, 38, 22336 }, // U+06F7
    { 16, 19, 254, 0, 18, 38, 22374 }, // U+06F8
    { 14, 20, 241, 1, 19, 35, 22412 }, // U+06F9
    { 34, 28, 579, 1, 20, 119, 22447 }, // U+06FA
    { 37, 27, 620, 1, 19, 125, 22566 }, // U+06FB
    { 16, 31, 279, 1, 21, 62, 22691 }, // U+06FC
    { 12, 20, 218, 1, 12, 30, 22753 }, // U+06FD
    { 18, 24, 319, 1, 14, 54, 22783 }, // U+06FE
    { 19, 22, 330, 1, 22, 53, 22837 }, // U+06FF
    { 34, 27, 579, 1, 19, 115, 22890 }, // U+075C
    { 15, 22, 255, 1, 16, 42, 23005 }, // U+1EA1
    { 19, 30, 274, -1, 30, 72, 23047 }, // U+1EA2
    { 15, 26, 255, 1, 26, 49, 23119 }, // U+1EA3
    { 16, 28, 255, 1, 28, 56, 23168 }, // U+1EA5
    { 19, 32, 274, -1, 32, 76, 23224 }, // U+1EA6
    { 18, 28, 255, -2, 28, 63, 23300 }, // U+1EA7
    { 19, 32, 274, -1, 32, 76, 23363 }, // U+1EA8
    { 15, 30, 255, 1, 30, 57, 23439 }, // U+1EA9
    { 15, 28, 255, 1, 28, 53, 23496 }, // U+1EAB
    { 19, 35, 274, -1, 29, 84, 23549 }, // U+1EAC
    { 15, 31, 255, 1, 25, 59, 23633 }, // U+1EAD
    { 19, 33, 274, -1, 33, 79, 23692 }, // U+1EAE
    { 15, 28, 255, 1, 28, 53, 23771 }, // U+1EAF
    { 15, 28, 255, 1, 28, 53, 23824 }, // U+1EB1
    { 15, 28, 255, 1, 28, 53, 23877 }, // U+1EB5
    { 15, 31, 255, 1, 25, 59, 23930 }, // U+1EB7
    { 14, 22, 258, 1, 16, 39, 23989 }, // U+1EB9
    { 14, 26, 258, 1, 26, 46, 24028 }, // U+1EBB
    { 14, 24, 258, 1, 24, 42, 24074 }, // U+1EBD
    { 17, 28, 258, 1, 28, 60, 24116 }, // U+1EBF
    { 15, 32, 246, -1, 32, 60, 24176 }, // U+1EC0
    { 16, 28, 258, -1, 28, 56, 24236 }, // U+1EC1
    { 15, 30, 258, 1, 30, 57, 24292 }, // U+1EC3
    { 14, 31, 258, 1, 25, 55, 24349 }, // U+1EC7
    { 7, 25, 130, 1, 25, 22, 24404 }, // U+1EC9
    { 5, 30, 130, 2, 24, 19, 24426 }, // U+1ECB
    { 18, 26, 323, 1, 20, 59, 24445 }, // U+1ECC
    { 15, 22, 273, 1, 16, 42, 24504 }, // U+1ECD
    { 15, 26, 273, 1, 26, 49, 24546 }, // U+1ECF
    { 19, 33, 323, 1, 33, 79, 24595 }, // U+1ED0
    { 17, 28, 273, 1, 28, 60, 24674 }, // U+1ED1
    { 18, 33, 323, 1, 33, 75, 24734 }, // U+1ED2
    { 17, 28, 273, -1, 28, 60, 24809 }, // U+1ED3
    { 15, 30, 273, 1, 30, 57, 24869 }, // U+1ED5
    { 15, 28, 273, 1, 28, 53, 24926 }, // U+1ED7
    { 18, 35, 323, 1, 29, 79, 24979 }, // U+1ED8
    { 15, 31, 273, 1, 25, 59, 25058 }, // U+1ED9
    { 17, 25, 288, 1, 25, 54, 25117 }, // U+1EDB
    { 17, 25, 288, 1, 25, 54, 25171 }, // U+1EDD
    { 19, 30, 332, 1, 30, 72, 25225 }, // U+1EDE
    { 17, 26, 288, 1, 26, 56, 25297 }, // U+1EDF
    { 17, 24, 288, 1, 24, 51, 25353 }, // U+1EE1
    { 17, 24, 288, 1, 18, 51, 25404 }, // U+1EE3
    { 13, 22, 266, 2, 16, 36, 25455 }, // U+1EE5
    { 16, 30, 305, 2, 30, 60, 25491 }, // U+1EE6
    { 13, 26, 266, 2, 26, 43, 25551 }, // U+1EE7
    { 17, 25, 295, 2, 25, 54, 25594 }, // U+1EE9
    { 17, 25, 295, 2, 25, 54, 25648 }, // U+1EEB
    { 17, 26, 295, 2, 26, 56, 25702 }, // U+1EED
    { 17, 24, 295, 2, 24, 51, 25758 }, // U+1EEF
    { 17, 25, 295, 2, 19, 54, 25809 }, // U+1EF1
    { 1, 26, 0, 0, 22, 4, 25863 }, // U+200C
    { 5, 29, 0, -2, 25, 19, 25867 }, // U+200D
    { 5, 29, 0, 0, 24, 19, 25886 }, // U+200E
    { 5, 29, 0, -4, 24, 19, 25905 }, // U+200F
    { 14, 4, 243, 1, 12, 7, 25924 }, // U+2013
    { 22, 4, 371, 1, 12, 11, 25931 }, // U+2014
    { 5, 9, 112, 1, 23, 6, 25942 }, // U+2018
    { 6, 9, 112, 0, 23, 7, 25948 }, // U+2019
    { 11, 9, 204, 1, 23, 13, 25955 }, // U+201C
    { 12, 9, 204, 0, 23, 14, 25968 }, // U+201D
    { 12, 9, 204, 0, 4, 14, 25982 }, // U+201E
    { 19, 5, 341, 1, 5, 12, 25996 }, // U+2026
    { 8, 15, 143, 0, 17, 15, 26008 }, // U+FB1D
    { 8, 3, 0, 1, 22, 3, 26023 }, // U+FB1E
    { 15, 15, 269, 0, 17, 29, 26026 }, // U+FB1F
    { 17, 17, 269, 0, 17, 37, 26055 }, // U+FB20
    { 28, 17, 445, 0, 17, 60, 26092 }, // U+FB21
    { 24, 17, 394, 0, 17, 51, 26152 }, // U+FB22
    { 25, 17, 460, 2, 17, 54, 26203 }, // U+FB23
    { 25, 17, 423, 1, 17, 54, 26257 }, // U+FB24
    { 23, 23, 398, 1, 23, 67, 26311 }, // U+FB25
    { 26, 17, 447, 1, 17, 56, 26378 }, // U+FB26
    { 25, 17, 424, 0, 17, 54, 26434 }, // U+FB27
    { 28, 18, 477, 0, 17, 63, 26488 }, // U+FB28
    { 16, 10, 309, 1, 16, 20, 26551 }, // U+FB29
    { 20, 21, 351, 1, 21, 53, 26571 }, // U+FB2A
    { 20, 21, 351, 1, 21, 53, 26624 }, // U+FB2B
    { 20, 21, 351, 1, 21, 53, 26677 }, // U+FB2C
    { 20, 21, 351, 1, 21, 53, 26730 }, // U+FB2D
    { 17, 21, 274, 0, 17, 45, 26783 }, // U+FB2E
    { 17, 23, 274, 0, 17, 49, 26828 }, // U+FB2F
    { 17, 17, 274, 0, 17, 37, 26877 }, // U+FB30
    { 14, 17, 241, 1, 17, 30, 26914 }, // U+FB31
    { 12, 18, 188, -1, 17, 27, 26944 }, // U+FB32
    { 14, 17, 231, 0, 17, 30, 26971 }, // U+FB33
    { 14, 17, 288, 2, 17, 30, 27001 }, // U+FB34
    { 7, 17, 162, 1, 17, 15, 27031 }, // U+FB35
    { 10, 17, 174, 1, 17, 22, 27046 }, // U+FB36
    { 16, 17, 290, 1, 17, 34, 27068 }, // U+FB38
    { 7, 11, 149, 1, 17, 10, 27102 }, // U+FB39
    { 13, 23, 243, 1, 17, 38, 27112 }, // U+FB3A
    { 14, 17, 239, 0, 17, 30, 27150 }, // U+FB3B
    { 13, 24, 236, 1, 23, 39, 27180 }, // U+FB3C
    { 17, 17, 297, 1, 17, 37, 27219 }, // U+FB3E
    { 9, 17, 182, 1, 17, 20, 27256 }, // U+FB40
    { 16, 18, 299, 2, 17, 36, 27276 }, // U+FB41
    { 16, 24, 292, 1, 18, 48, 27312 }, // U+FB43
    { 16, 17, 278, 1, 17, 34, 27360 }, // U+FB44
    { 16, 17, 260, -1, 17, 34, 27394 }, // U+FB46
    { 16, 23, 290, 1, 17, 46, 27428 }, // U+FB47
    { 14, 17, 245, 0, 17, 30, 27474 }, // U+FB48
    { 20, 17, 351, 1, 17, 43, 27504 }, // U+FB49
    { 17, 18, 300, 0, 17, 39, 27547 }, // U+FB4A
    { 8, 21, 160, 0, 21, 21, 27586 }, // U+FB4B
    { 14, 20, 241, 1, 20, 35, 27607 }, // U+FB4C
    { 13, 20, 239, 1, 20, 33, 27642 }, // U+FB4D
    { 16, 20, 278, 1, 20, 40, 27675 }, // U+FB4E
    { 16, 22, 265, 1, 22, 44, 27715 }, // U+FB4F
    { 10, 26, 120, -1, 26, 33, 27759 }, // U+FB51
    { 28, 21, 459, 1, 11, 74, 27792 }, // U+FB53
    { 9, 23, 146, -1, 13, 26, 27866 }, // U+FB54
    { 12, 20, 156, -1, 10, 30, 27892 }, // U+FB55
    { 28, 21, 459, 1, 11, 74, 27922 }, // U+FB57
    { 10, 23, 146, 0, 13, 29, 27996 }, // U+FB58
    { 12, 20, 156, -1, 10, 30, 28025 }, // U+FB59
    { 28, 20, 459, 1, 11, 70, 28055 }, // U+FB5B
    { 10, 22, 146, -1, 13, 28, 28125 }, // U+FB5C
    { 11, 19, 156, -1, 10, 27, 28153 }, // U+FB5D
    { 28, 19, 459, 1, 19, 67, 28180 }, // U+FB5F
    { 9, 22, 146, -1, 22, 25, 28247 }, // U+FB60
    { 12, 20, 156, -1, 20, 30, 28272 }, // U+FB61
    { 28, 18, 459, 1, 18, 63, 28302 }, // U+FB63
    { 9, 21, 146, -1, 21, 24, 28365 }, // U+FB64
    { 11, 19, 156, -1, 19, 27, 28389 }, // U+FB65
    { 28, 18, 459, 1, 18, 63, 28416 }, // U+FB67
    { 9, 21, 146, -1, 21, 24, 28479 }, // U+FB68
    { 11, 19, 156, -1, 19, 27, 28503 }, // U+FB69
    { 28, 25, 455, 1, 25, 88, 28530 }, // U+FB6B
    { 14, 27, 222, -1, 27, 48, 28618 }, // U+FB6C
    { 17, 24, 248, -1, 24, 51, 28666 }, // U+FB6D
    { 28, 24, 455, 1, 24, 84, 28717 }, // U+FB6F
    { 14, 26, 222, -1, 26, 46, 28801 }, // U+FB70
    { 17, 24, 248, -1, 24, 51, 28847 }, // U+FB71
    { 21, 25, 320, 0, 14, 66, 28898 }, // U+FB73
    { 21, 24, 332, -1, 14, 63, 28964 }, // U+FB74
    { 23, 23, 342, -1, 14, 67, 29027 }, // U+FB75
    { 21, 25, 320, 0, 14, 66, 29094 }, // U+FB77
    { 21, 20, 332, -1, 14, 53, 29160 }, // U+FB78
    { 24, 19, 342, -1, 14, 57, 29213 }, // U+FB79
    { 21, 25, 320, 0, 14, 66, 29270 }, // U+FB7B
    { 21, 24, 332, -1, 14, 63, 29336 }, // U+FB7C
    { 23, 23, 342, -1, 14, 67, 29399 }, // U+FB7D
    { 21, 25, 320, 0, 15, 66, 29466 }, // U+FB7F
    { 21, 23, 332, -1, 14, 61, 29532 }, // U+FB80
    { 23, 22, 342, -1, 14, 64, 29593 }, // U+FB81
    { 17, 22, 248, 0, 16, 47, 29657 }, // U+FB83
    { 16, 22, 248, 0, 22, 44, 29704 }, // U+FB85
    { 16, 25, 248, 0, 25, 50, 29748 }, // U+FB87
    { 17, 24, 248, 0, 24, 51, 29798 }, // U+FB89
    { 15, 29, 194, -2, 21, 55, 29849 }, // U+FB8B
    { 14, 28, 194, -1, 20, 49, 29904 }, // U+FB8D
    { 29, 23, 464, 1, 23, 84, 29953 }, // U+FB8F
    { 14, 23, 215, -1, 23, 41, 30037 }, // U+FB90
    { 18, 23, 252, -1, 23, 52, 30078 }, // U+FB91
    { 29, 27, 464, 1, 27, 98, 30130 }, // U+FB93
    { 14, 27, 216, -1, 27, 48, 30228 }, // U+FB94
    { 18, 27, 252, -1, 27, 61, 30276 }, // U+FB95
    { 29, 37, 464, 1, 27, 135, 30337 }, // U+FB97
    { 14, 37, 216, -1, 27, 65, 30472 }, // U+FB98
    { 18, 37, 252, -1, 27, 84, 30537 }, // U+FB99
    { 29, 27, 464, 1, 27, 98, 30621 }, // U+FB9B
    { 16, 27, 216, -3, 27, 54, 30719 }, // U+FB9C
    { 20, 27, 252, -3, 27, 68, 30773 }, // U+FB9D
    { 21, 18, 340, 1, 10, 48, 30841 }, // U+FB9F
    { 21, 24, 340, 1, 16, 63, 30889 }, // U+FBA1
    { 9, 21, 146, -1, 21, 24, 30952 }, // U+FBA2
    { 11, 19, 156, -1, 19, 27, 30976 }, // U+FBA3
    { 16, 24, 243, 1, 24, 48, 31003 }, // U+FBA5
    { 19, 12, 281, 0, 10, 29, 31051 }, // U+FBA7
    { 9, 21, 146, -1, 13, 24, 31080 }, // U+FBA8
    { 20, 21, 282, -1, 11, 53, 31104 }, // U+FBA9
    { 18, 22, 278, 0, 14, 50, 31157 }, // U+FBAB
    { 19, 18, 303, -1, 18, 43, 31207 }, // U+FBAC
    { 17, 22, 236, -1, 14, 47, 31250 }, // U+FBAD
    { 24, 13, 367, 1, 4, 39, 31297 }, // U+FBAF
    { 23, 22, 367, 1, 13, 64, 31336 }, // U+FBB1
    { 4, 4, 0, 7, 22, 2, 31400 }, // U+FBB2
    { 4, 4, 0, 7, -2, 2, 31402 }, // U+FBB3
    { 9, 4, 0, 5, 22, 5, 31404 }, // U+FBB4
    { 9, 4, 0, 5, -2, 5, 31409 }, // U+FBB5
    { 9, 8, 0, 4, 26, 9, 31414 }, // U+FBB6
    { 9, 7, 0, 4, -2, 8, 31423 }, // U+FBB7
    { 9, 7, 0, 4, 24, 8, 31431 }, // U+FBB8
    { 9, 7, 0, 4, -3, 8, 31439 }, // U+FBB9
    { 8, 7, 0, 5, 24, 7, 31447 }, // U+FBBA
    { 8, 7, 0, 5, -3, 7, 31454 }, // U+FBBB
    { 4, 8, 0, 7, 25, 4, 31461 }, // U+FBBD
    { 4, 8, 0, 7, -2, 4, 31465 }, // U+FBBE
    { 6, 5, 0, 6, 12, 4, 31469 }, // U+FBBF
    { 8, 7, 0, 1, -1, 7, 31473 }, // U+FBC1
    { 25, 32, 402, 1, 32, 100, 31480 }, // U+FBD4
    { 15, 28, 215, -2, 28, 53, 31580 }, // U+FBD5
    { 18, 28, 252, -1, 28, 63, 31633 }, // U+FBD6
    { 16, 29, 255, 1, 20, 58, 31696 }, // U+FBD8
    { 16, 27, 255, 1, 18, 54, 31754 }, // U+FBDA
    { 16, 28, 255, 1, 19, 56, 31808 }, // U+FBDC
    { 16, 30, 255, 1, 21, 60, 31864 }, // U+FBDF
    { 17, 21, 255, 0, 12, 45, 31924 }, // U+FBE1
    { 16, 28, 255, 1, 19, 56, 31969 }, // U+FBE3
    { 21, 25, 337, 1, 8, 66, 32025 }, // U+FBE5
    { 9, 23, 146, -1, 13, 26, 32091 }, // U+FBE6
    { 12, 20, 156, -1, 10, 30, 32117 }, // U+FBE7
    { 9, 13, 146, -1, 13, 15, 32147 }, // U+FBE8
    { 12, 10, 156, -1, 10, 15, 32162 }, // U+FBE9
    { 21, 14, 337, 1, 8, 37, 32177 }, // U+FBFD
    { 10, 19, 146, 0, 13, 24, 32214 }, // U+FBFE
    { 12, 16, 156, -1, 10, 24, 32238 }, // U+FBFF
    { 13, 29, 223, 0, 29, 48, 32262 }, // U+FC5B
    { 12, 27, 175, -2, 19, 41, 32310 }, // U+FC5C
    { 8, 12, 0, 1, 30, 12, 32351 }, // U+FC61
    { 8, 11, 0, 1, 29, 11, 32363 }, // U+FC63
    { 9, 27, 120, 1, 27, 31, 32374 }, // U+FD3C
    { 7, 27, 109, 1, 27, 24, 32405 }, // U+FD3D
    { 12, 30, 247, 2, 23, 45, 32429 }, // U+FD3E
    { 12, 30, 263, 2, 23, 45, 32474 }, // U+FD3F
    { 31, 28, 532, 1, 28, 109, 32519 }, // U+FDF2
    { 7, 7, 280, 1, 24, 7, 32628 }, // U+FE70
    { 8, 8, 280, 1, 25, 8, 32635 }, // U+FE72
    { 7, 7, 280, 1, -1, 7, 32643 }, // U+FE74
    { 7, 5, 280, 1, 21, 5, 32650 }, // U+FE76
    { 6, 8, 280, 0, 24, 6, 32655 }, // U+FE78
    { 8, 5, 280, 1, 23, 5, 32661 }, // U+FE7C
    { 6, 6, 280, 1, 23, 5, 32666 }, // U+FE7E
    { 10, 24, 120, -1, 24, 30, 32671 }, // U+FE82
    { 9, 27, 120, 0, 27, 31, 32701 }, // U+FE84
    { 16, 29, 255, 1, 20, 58, 32732 }, // U+FE86
    { 9, 31, 120, 0, 23, 35, 32790 }, // U+FE88
    { 22, 22, 337, 0, 16, 61, 32825 }, // U+FE8A
    { 9, 21, 146, -1, 21, 24, 32886 }, // U+FE8B
    { 12, 18, 156, -1, 18, 27, 32910 }, // U+FE8C
    { 7, 23, 120, 2, 23, 21, 32937 }, // U+FE8E
    { 28, 17, 459, 1, 11, 60, 32958 }, // U+FE90
    { 9, 19, 146, -1, 13, 22, 33018 }, // U+FE91
    { 12, 16, 156, -1, 10, 24, 33040 }, // U+FE92
    { 15, 21, 243, 1, 21, 40, 33064 }, // U+FE94
    { 28, 16, 459, 1, 16, 56, 33104 }, // U+FE96
    { 9, 18, 146, -1, 18, 21, 33160 }, // U+FE97
    { 12, 16, 156, -1, 16, 24, 33181 }, // U+FE98
    { 28, 19, 459, 1, 19, 67, 33205 }, // U+FE9A
    { 10, 22, 146, -1, 22, 28, 33272 }, // U+FE9B
    { 12, 20, 156, -1, 20, 30, 33300 }, // U+FE9C
    { 20, 25, 320, 0, 14, 63, 33330 }, // U+FE9E
    { 21, 20, 332, -1, 14, 53, 33393 }, // U+FE9F
    { 23, 19, 342, -1, 14, 55, 33446 }, // U+FEA0
    { 21, 25, 320, 0, 14, 66, 33501 }, // U+FEA2
    { 21, 14, 332, -1, 14, 37, 33567 }, // U+FEA3
    { 23, 14, 342, -1, 14, 41, 33604 }, // U+FEA4
    { 21, 31, 320, 0, 20, 82, 33645 }, // U+FEA6
    { 21, 20, 332, -1, 20, 53, 33727 }, // U+FEA7
    { 23, 20, 342, -1, 20, 58, 33780 }, // U+FEA8
    { 17, 16, 248, 0, 16, 34, 33838 }, // U+FEAA
    { 16, 22, 248, 0, 22, 44, 33872 }, // U+FEAC
    { 15, 19, 194, -1, 11, 36, 33916 }, // U+FEAE
    { 15, 25, 194, -2, 17, 47, 33952 }, // U+FEB0
    { 38, 19, 610, 1, 11, 91, 33999 }, // U+FEB2
    { 24, 13, 385, -1, 13, 39, 34090 }, // U+FEB3
    { 28, 11, 412, -1, 11, 39, 34129 }, // U+FEB4
    { 38, 28, 610, 1, 20, 133, 34168 }, // U+FEB6
    { 24, 20, 385, -1, 20, 60, 34301 }, // U+FEB7
    { 28, 20, 412, -1, 20, 70, 34361 }, // U+FEB8
    { 40, 22, 633, 1, 14, 110, 34431 }, // U+FEBA
    { 27, 14, 431, -1, 14, 48, 34541 }, // U+FEBB
    { 30, 14, 444, -1, 14, 53, 34589 }, // U+FEBC
    { 40, 27, 633, 1, 19, 135, 34642 }, // U+FEBE
    { 27, 19, 431, -1, 19, 65, 34777 }, // U+FEBF
    { 30, 19, 444, -1, 19, 72, 34842 }, // U+FEC0
    { 26, 23, 398, 0, 23, 75, 34914 }, // U+FEC2
    { 23, 23, 364, -2, 23, 67, 34989 }, // U+FEC3
    { 27, 23, 385, -2, 23, 78, 35056 }, // U+FEC4
    { 26, 23, 398, 0, 23, 75, 35134 }, // U+FEC6
    { 23, 23, 364, -2, 23, 67, 35209 }, // U+FEC7
    { 27, 23, 385, -2, 23, 78, 35276 }, // U+FEC8
    { 17, 25, 272, 1, 14, 54, 35354 }, // U+FECA
    { 17, 14, 264, -1, 14, 30, 35408 }, // U+FECB
    { 20, 14, 284, -1, 14, 35, 35438 }, // U+FECC
    { 17, 31, 272, 1, 20, 66, 35473 }, // U+FECE
    { 17, 20, 264, -1, 20, 43, 35539 }, // U+FECF
    { 20, 20, 284, -1, 20, 50, 35582 }, // U+FED0
    { 28, 21, 455, 1, 21, 74, 35632 }, // U+FED2
    { 14, 23, 222, -1, 23, 41, 35706 }, // U+FED3
    { 17, 21, 248, -1, 21, 45, 35747 }, // U+FED4
    { 24, 26, 379, 1, 18, 78, 35792 }, // U+FED6
    { 14, 24, 222, -1, 24, 42, 35870 }, // U+FED7
    { 17, 21, 248, -1, 21, 45, 35912 }, // U+FED8
    { 25, 24, 402, 1, 24, 75, 35957 }, // U+FEDA
    { 14, 23, 215, -1, 23, 41, 36032 }, // U+FEDB
    { 18, 23, 252, -1, 23, 52, 36073 }, // U+FEDC
    { 21, 29, 333, 1, 23, 77, 36125 }, // U+FEDE
    { 8, 23, 121, -1, 23, 23, 36202 }, // U+FEDF
    { 10, 23, 123, -1, 23, 29, 36225 }, // U+FEE0
    { 21, 24, 338, 1, 14, 63, 36254 }, // U+FEE2
    { 18, 14, 274, -1, 14, 32, 36317 }, // U+FEE3
    { 21, 14, 293, -1, 14, 37, 36349 }, // U+FEE4
    { 21, 22, 340, 1, 14, 58, 36386 }, // U+FEE6
    { 9, 18, 146, -1, 18, 21, 36444 }, // U+FEE7
    { 12, 16, 156, -1, 16, 24, 36465 }, // U+FEE8
    { 16, 16, 243, 1, 16, 32, 36489 }, // U+FEEA
    { 19, 18, 303, -1, 18, 43, 36521 }, // U+FEEB
    { 17, 22, 236, -1, 14, 47, 36564 }, // U+FEEC
    { 16, 21, 255, 1, 12, 42, 36611 }, // U+FEEE
    { 21, 14, 337, 1, 8, 37, 36653 }, // U+FEF0
    { 21, 20, 337, 1, 8, 53, 36690 }, // U+FEF2
    { 10, 19, 146, 0, 13, 24, 36743 }, // U+FEF3
    { 12, 16, 156, -1, 10, 24, 36767 }, // U+FEF4
    { 18, 24, 301, 0, 24, 54, 36791 }, // U+FEF5
    { 21, 23, 317, 0, 23, 61, 36845 }, // U+FEF6
    { 17, 27, 301, 1, 27, 58, 36906 }, // U+FEF7
    { 20, 26, 317, 1, 26, 65, 36964 }, // U+FEF8
    { 16, 31, 301, 1, 23, 62, 37029 }, // U+FEF9
    { 19, 31, 317, 2, 23, 74, 37091 }, // U+FEFA
    { 16, 23, 301, 2, 23, 46, 37165 }, // U+FEFB
    { 20, 23, 317, 1, 23, 58, 37211 }, // U+FEFC
};

static const EpdUnicodeInterval firago_14_semiboldIntervals[] = {
    { 0x20, 0x7E, 0x0 },
    { 0xA0, 0xA1, 0x5F },
    { 0xAB, 0xAB, 0x61 },
    { 0xB0, 0xB0, 0x62 },
    { 0xB7, 0xB7, 0x63 },
    { 0xBA, 0xBB, 0x64 },
    { 0xBF, 0xC2, 0x66 },
    { 0xC4, 0xC7, 0x6A },
    { 0xC9, 0xCA, 0x6E },
    { 0xCD, 0xCE, 0x70 },
    { 0xD2, 0xD3, 0x72 },
    { 0xD6, 0xD6, 0x74 },
    { 0xD8, 0xDA, 0x75 },
    { 0xDC, 0xDD, 0x78 },
    { 0xDF, 0xEF, 0x7A },
    { 0xF1, 0xF6, 0x8B },
    { 0xF8, 0xFA, 0x91 },
    { 0xFC, 0xFD, 0x94 },
    { 0x103, 0x103, 0x96 },
    { 0x105, 0x105, 0x97 },
    { 0x107, 0x107, 0x98 },
    { 0x10C, 0x111, 0x99 },
    { 0x116, 0x11B, 0x9F },
    { 0x11E, 0x11F, 0xA5 },
    { 0x129, 0x129, 0xA7 },
    { 0x12E, 0x131, 0xA8 },
    { 0x13A, 0x13A, 0xAC },
    { 0x13D, 0x13E, 0xAD },
    { 0x141, 0x142, 0xAF },
    { 0x144, 0x144, 0xB1 },
    { 0x148, 0x148, 0xB2 },
    { 0x151, 0x151, 0xB3 },
    { 0x155, 0x155, 0xB4 },
    { 0x158, 0x15B, 0xB5 },
    { 0x15E, 0x161, 0xB9 },
    { 0x163, 0x165, 0xBD },
    { 0x16B, 0x16B, 0xC0 },
    { 0x16E, 0x173, 0xC1 },
    { 0x17A, 0x17A, 0xC7 },
    { 0x17C, 0x17E, 0xC8 },
    { 0x1A1, 0x1A1, 0xCB },
    { 0x1B0, 0x1B0, 0xCC },
    { 0x218, 0x21B, 0xCD },
    { 0x404, 0x404, 0xD1 },
    { 0x406, 0x406, 0xD2 },
    { 0x410, 0x429, 0xD3 },
    { 0x42B, 0x42D, 0xED },
    { 0x42F, 0x44F, 0xF0 },
    { 0x451, 0x451, 0x111 },
    { 0x454, 0x454, 0x112 },
    { 0x456, 0x457, 0x113 },
    { 0x45E, 0x45E, 0x115 },
    { 0x491, 0x493, 0x116 },
    { 0x49A, 0x49B, 0x119 },
    { 0x4A2, 0x4A3, 0x11B },
    { 0x4AE, 0x4B1, 0x11D },
    { 0x4D8, 0x4D9, 0x121 },
    { 0x4E8, 0x4E9, 0x123 },
    { 0x591, 0x5C7, 0x125 },
    { 0x5D0, 0x5EA, 0x15C },
    { 0x5F0, 0x5F4, 0x177 },
    { 0x600, 0x600, 0x17C },
    { 0x609, 0x60D, 0x17D },
    { 0x615, 0x615, 0x182 },
    { 0x61B, 0x61B, 0x183 },
    { 0x61E, 0x63C, 0x184 },
    { 0x640, 0x656, 0x1A3 },
    { 0x658, 0x658, 0x1BA },
    { 0x65A, 0x65B, 0x1BB },
    { 0x65D, 0x65D, 0x1BD },
    { 0x65F, 0x6D5, 0x1BE },
    { 0x6EE, 0x6EE, 0x235 },
    { 0x6F0, 0x6FF, 0x236 },
    { 0x75C, 0x75C, 0x246 },
    { 0x1EA1, 0x1EA3, 0x247 },
    { 0x1EA5, 0x1EA9, 0x24A },
    { 0x1EAB, 0x1EAF, 0x24F },
    { 0x1EB1, 0x1EB1, 0x254 },
    { 0x1EB5, 0x1EB5, 0x255 },
    { 0x1EB7, 0x1EB7, 0x256 },
    { 0x1EB9, 0x1EB9, 0x257 },
    { 0x1EBB, 0x1EBB, 0x258 },
    { 0x1EBD, 0x1EBD, 0x259 },
    { 0x1EBF, 0x1EC1, 0x25A },
    { 0x1EC3, 0x1EC3, 0x25D },
    { 0x1EC7, 0x1EC7, 0x25E },
    { 0x1EC9, 0x1EC9, 0x25F },
    { 0x1ECB, 0x1ECD, 0x260 },
    { 0x1ECF, 0x1ED3, 0x263 },
    { 0x1ED5, 0x1ED5, 0x268 },
    { 0x1ED7, 0x1ED9, 0x269 },
    { 0x1EDB, 0x1EDB, 0x26C },
    { 0x1EDD, 0x1EDF, 0x26D },
    { 0x1EE1, 0x1EE1, 0x270 },
    { 0x1EE3, 0x1EE3, 0x271 },
    { 0x1EE5, 0x1EE7, 0x272 },
    { 0x1EE9, 0x1EE9, 0x275 },
    { 0x1EEB, 0x1EEB, 0x276 },
    { 0x1EED, 0x1EED, 0x277 },
    { 0x1EEF, 0x1EEF, 0x278 },
    { 0x1EF1, 0x1EF1, 0x279 },
    { 0x200C, 0x200F, 0x27A },
    { 0x2013, 0x2014, 0x27E },
    { 0x2018, 0x2019, 0x280 },
    { 0x201C, 0x201E, 0x282 },
    { 0x2026, 0x2026, 0x285 },
    { 0xFB1D, 0xFB36, 0x286 },
    { 0xFB38, 0xFB3C, 0x2A0 },
    { 0xFB3E, 0xFB3E, 0x2A5 },
    { 0xFB40, 0xFB41, 0x2A6 },
    { 0xFB43, 0xFB44, 0x2A8 },
    { 0xFB46, 0xFB4F, 0x2AA },
    { 0xFB51, 0xFB51, 0x2B4 },
    { 0xFB53, 0xFB55, 0x2B5 },
    { 0xFB57, 0xFB59, 0x2B8 },
    { 0xFB5B, 0xFB5D, 0x2BB },
    { 0xFB5F, 0xFB61, 0x2BE },
    { 0xFB63, 0xFB65, 0x2C1 },
    { 0xFB67, 0xFB69, 0x2C4 },
    { 0xFB6B, 0xFB6D, 0x2C7 },
    { 0xFB6F, 0xFB71, 0x2CA },
    { 0xFB73, 0xFB75, 0x2CD },
    { 0xFB77, 0xFB79, 0x2D0 },
    { 0xFB7B, 0xFB7D, 0x2D3 },
    { 0xFB7F, 0xFB81, 0x2D6 },
    { 0xFB83, 0xFB83, 0x2D9 },
    { 0xFB85, 0xFB85, 0x2DA },
    { 0xFB87, 0xFB87, 0x2DB },
    { 0xFB89, 0xFB89, 0x2DC },
    { 0xFB8B, 0xFB8B, 0x2DD },
    { 0xFB8D, 0xFB8D, 0x2DE },
    { 0xFB8F, 0xFB91, 0x2DF },
    { 0xFB93, 0xFB95, 0x2E2 },
    { 0xFB97, 0xFB99, 0x2E5 },
    { 0xFB9B, 0xFB9D, 0x2E8 },
    { 0xFB9F, 0xFB9F, 0x2EB },
    { 0xFBA1, 0xFBA3, 0x2EC },
    { 0xFBA5, 0xFBA5, 0x2EF },
    { 0xFBA7, 0xFBA9, 0x2F0 },
    { 0xFBAB, 0xFBAD, 0x2F3 },
    { 0xFBAF, 0xFBAF, 0x2F6 },
    { 0xFBB1, 0xFBBB, 0x2F7 },
    { 0xFBBD, 0xFBBF, 0x302 },
    { 0xFBC1, 0xFBC1, 0x305 },
    { 0xFBD4, 0xFBD6, 0x306 },
    { 0xFBD8, 0xFBD8, 0x309 },
    { 0xFBDA, 0xFBDA, 0x30A },
    { 0xFBDC, 0xFBDC, 0x30B },
    { 0xFBDF, 0xFBDF, 0x30C },
    { 0xFBE1, 0xFBE1, 0x30D },
    { 0xFBE3, 0xFBE3, 0x30E },
    { 0xFBE5, 0xFBE9, 0x30F },
    { 0xFBFD, 0xFBFF, 0x314 },
    { 0xFC5B, 0xFC5C, 0x317 },
    { 0xFC61, 0xFC61, 0x319 },
    { 0xFC63, 0xFC63, 0x31A },
    { 0xFD3C, 0xFD3F, 0x31B },
    { 0xFDF2, 0xFDF2, 0x31F },
    { 0xFE70, 0xFE70, 0x320 },
    { 0xFE72, 0xFE72, 0x321 },
    { 0xFE74, 0xFE74, 0x322 },
    { 0xFE76, 0xFE76, 0x323 },
    { 0xFE78, 0xFE78, 0x324 },
    { 0xFE7C, 0xFE7C, 0x325 },
    { 0xFE7E, 0xFE7E, 0x326 },
    { 0xFE82, 0xFE82, 0x327 },
    { 0xFE84, 0xFE84, 0x328 },
    { 0xFE86, 0xFE86, 0x329 },
    { 0xFE88, 0xFE88, 0x32A },
    { 0xFE8A, 0xFE8C, 0x32B },
    { 0xFE8E, 0xFE8E, 0x32E },
    { 0xFE90, 0xFE92, 0x32F },
    { 0xFE94, 0xFE94, 0x332 },
    { 0xFE96, 0xFE98, 0x333 },
    { 0xFE9A, 0xFE9C, 0x336 },
    { 0xFE9E, 0xFEA0, 0x339 },
    { 0xFEA2, 0xFEA4, 0x33C },
    { 0xFEA6, 0xFEA8, 0x33F },
    { 0xFEAA, 0xFEAA, 0x342 },
    { 0xFEAC, 0xFEAC, 0x343 },
    { 0xFEAE, 0xFEAE, 0x344 },
    { 0xFEB0, 0xFEB0, 0x345 },
    { 0xFEB2, 0xFEB4, 0x346 },
    { 0xFEB6, 0xFEB8, 0x349 },
    { 0xFEBA, 0xFEBC, 0x34C },
    { 0xFEBE, 0xFEC0, 0x34F },
    { 0xFEC2, 0xFEC4, 0x352 },
    { 0xFEC6, 0xFEC8, 0x355 },
    { 0xFECA, 0xFECC, 0x358 },
    { 0xFECE, 0xFED0, 0x35B },
    { 0xFED2, 0xFED4, 0x35E },
    { 0xFED6, 0xFED8, 0x361 },
    { 0xFEDA, 0xFEDC, 0x364 },
    { 0xFEDE, 0xFEE0, 0x367 },
    { 0xFEE2, 0xFEE4, 0x36A },
    { 0xFEE6, 0xFEE8, 0x36D },
    { 0xFEEA, 0xFEEC, 0x370 },
    { 0xFEEE, 0xFEEE, 0x373 },
    { 0xFEF0, 0xFEF0, 0x374 },
    { 0xFEF2, 0xFEFC, 0x375 },
};

static const EpdKernClassEntry firago_14_semiboldKernLeftClasses[] = {
    { 0x0021, 1 }, // !
    { 0x0022, 2 }, // "
    { 0x0023, 3 }, // #
    { 0x0024, 4 }, // $
    { 0x0025, 5 }, // %
    { 0x0026, 6 }, // &
    { 0x0027, 2 }, // '
    { 0x0028, 7 }, // (
    { 0x0029, 8 }, // )
    { 0x002A, 9 }, // *
    { 0x002B, 10 }, // +
    { 0x002C, 11 }, // ,
    { 0x002D, 10 }, // -
    { 0x002E, 11 }, // .
    { 0x002F, 12 }, // /
    { 0x0030, 13 }, // 0
    { 0x0031, 14 }, // 1
    { 0x0032, 15 }, // 2
    { 0x0033, 16 }, // 3
    { 0x0034, 17 }, // 4
    { 0x0035, 18 }, // 5
    { 0x0036, 19 }, // 6
    { 0x0037, 20 }, // 7
    { 0x0038, 21 }, // 8
    { 0x0039, 22 }, // 9
    { 0x003A, 23 }, // :
    { 0x003B, 23 }, // ;
    { 0x003C, 24 }, // <
    { 0x003D, 24 }, // =
    { 0x003E, 24 }, // >
    { 0x003F, 25 }, // ?
    { 0x0040, 26 }, // @
    { 0x0041, 27 }, // A
    { 0x0042, 28 }, // B
    { 0x0043, 29 }, // C
    { 0x0044, 30 }, // D
    { 0x0045, 31 }, // E
    { 0x0046, 32 }, // F
    { 0x0047, 33 }, // G
    { 0x0048, 34 }, // H
    { 0x0049, 34 }, // I
    { 0x004A, 35 }, // J
    { 0x004B, 36 }, // K
    { 0x004C, 37 }, // L
    { 0x004D, 38 }, // M
    { 0x004E, 34 }, // N
    { 0x004F, 30 }, // O
    { 0x0050, 39 }, // P
    { 0x0051, 40 }, // Q
    { 0x0052, 41 }, // R
    { 0x0053, 4 }, // S
    { 0x0054, 42 }, // T
    { 0x0055, 43 }, // U
    { 0x0056, 44 }, // V
    { 0x0057, 45 }, // W
    { 0x0058, 36 }, // X
    { 0x0059, 46 }, // Y
    { 0x005A, 47 }, // Z
    { 0x005B, 48 }, // [
    { 0x005C, 49 }, // <backslash>
    { 0x005F, 50 }, // _
    { 0x0061, 51 }, // a
    { 0x0062, 52 }, // b
    { 0x0063, 53 }, // c
    { 0x0064, 54 }, // d
    { 0x0065, 52 }, // e
    { 0x0066, 55 }, // f
    { 0x0067, 56 }, // g
    { 0x0068, 57 }, // h
    { 0x0069, 58 }, // i
    { 0x006A, 58 }, // j
    { 0x006B, 59 }, // k
    { 0x006C, 60 }, // l
    { 0x006D, 57 }, // m
    { 0x006E, 57 }, // n
    { 0x006F, 52 }, // o
    { 0x0070, 52 }, // p
    { 0x0071, 61 }, // q
    { 0x0072, 62 }, // r
    { 0x0073, 63 }, // s
    { 0x0074, 64 }, // t
    { 0x0075, 65 }, // u
    { 0x0076, 66 }, // v
    { 0x0077, 67 }, // w
    { 0x0078, 59 }, // x
    { 0x0079, 66 }, // y
    { 0x007A, 68 }, // z
    { 0x007B, 69 }, // {
    { 0x007E, 10 }, // ~
    { 0x00A1, 70 }, // U+00A1
    { 0x00AB, 71 }, // U+00AB
    { 0x00B0, 72 }, // U+00B0
    { 0x00B7, 10 }, // U+00B7
    { 0x00BB, 73 }, // U+00BB
    { 0x00BF, 74 }, // U+00BF
    { 0x00C0, 27 }, // U+00C0
    { 0x00C1, 27 }, // U+00C1
    { 0x00C2, 27 }, // U+00C2
    { 0x00C4, 27 }, // U+00C4
    { 0x00C5, 27 }, // U+00C5
    { 0x00C6, 31 }, // U+00C6
    { 0x00C7, 29 }, // U+00C7
    { 0x00C9, 31 }, // U+00C9
    { 0x00CA, 31 }, // U+00CA
    { 0x00CD, 75 }, // U+00CD
    { 0x00CE, 75 }, // U+00CE
    { 0x00D2, 30 }, // U+00D2
    { 0x00D3, 30 }, // U+00D3
    { 0x00D6, 30 }, // U+00D6
    { 0x00D8, 30 }, // U+00D8
    { 0x00D9, 43 }, // U+00D9
    { 0x00DA, 43 }, // U+00DA
    { 0x00DC, 43 }, // U+00DC
    { 0x00DD, 46 }, // U+00DD
    { 0x00DF, 76 }, // U+00DF
    { 0x00E0, 51 }, // U+00E0
    { 0x00E1, 51 }, // U+00E1
    { 0x00E2, 51 }, // U+00E2
    { 0x00E3, 51 }, // U+00E3
    { 0x00E4, 51 }, // U+00E4
    { 0x00E5, 51 }, // U+00E5
    { 0x00E6, 52 }, // U+00E6
    { 0x00E7, 53 }, // U+00E7
    { 0x00E8, 52 }, // U+00E8
    { 0x00E9, 52 }, // U+00E9
    { 0x00EA, 52 }, // U+00EA
    { 0x00EB, 52 }, // U+00EB
    { 0x00EC, 77 }, // U+00EC
    { 0x00ED, 77 }, // U+00ED
    { 0x00EE, 77 }, // U+00EE
    { 0x00EF, 77 }, // U+00EF
    { 0x00F1, 57 }, // U+00F1
    { 0x00F2, 52 }, // U+00F2
    { 0x00F3, 52 }, // U+00F3
    { 0x00F4, 52 }, // U+00F4
    { 0x00F5, 52 }, // U+00F5
    { 0x00F6, 52 }, // U+00F6
    { 0x00F8, 52 }, // U+00F8
    { 0x00F9, 65 }, // U+00F9
    { 0x00FA, 65 }, // U+00FA
    { 0x00FC, 65 }, // U+00FC
    { 0x00FD, 66 }, // U+00FD
    { 0x0103, 51 }, // U+0103
    { 0x0105, 51 }, // U+0105
    { 0x0107, 53 }, // U+0107
    { 0x010C, 29 }, // U+010C
    { 0x010D, 53 }, // U+010D
    { 0x010E, 30 }, // U+010E
    { 0x010F, 78 }, // U+010F
    { 0x0110, 30 }, // U+0110
    { 0x0111, 54 }, // U+0111
    { 0x0116, 31 }, // U+0116
    { 0x0117, 52 }, // U+0117
    { 0x0118, 31 }, // U+0118
    { 0x0119, 52 }, // U+0119
    { 0x011A, 31 }, // U+011A
    { 0x011B, 52 }, // U+011B
    { 0x011E, 33 }, // U+011E
    { 0x011F, 56 }, // U+011F
    { 0x0129, 77 }, // U+0129
    { 0x012E, 34 }, // U+012E
    { 0x012F, 58 }, // U+012F
    { 0x0130, 34 }, // U+0130
    { 0x0131, 65 }, // U+0131
    { 0x013A, 60 }, // U+013A
    { 0x013D, 37 }, // U+013D
    { 0x013E, 78 }, // U+013E
    { 0x0141, 37 }, // U+0141
    { 0x0142, 79 }, // U+0142
    { 0x0144, 57 }, // U+0144
    { 0x0148, 57 }, // U+0148
    { 0x0151, 52 }, // U+0151
    { 0x0155, 62 }, // U+0155
    { 0x0158, 41 }, // U+0158
    { 0x0159, 80 }, // U+0159
    { 0x015A, 4 }, // U+015A
    { 0x015B, 63 }, // U+015B
    { 0x015E, 4 }, // U+015E
    { 0x015F, 63 }, // U+015F
    { 0x0160, 4 }, // U+0160
    { 0x0161, 63 }, // U+0161
    { 0x0163, 64 }, // U+0163
    { 0x0164, 42 }, // U+0164
    { 0x0165, 81 }, // U+0165
    { 0x016B, 65 }, // U+016B
    { 0x016E, 43 }, // U+016E
    { 0x016F, 65 }, // U+016F
    { 0x0170, 43 }, // U+0170
    { 0x0171, 65 }, // U+0171
    { 0x0172, 43 }, // U+0172
    { 0x0173, 65 }, // U+0173
    { 0x017A, 68 }, // U+017A
    { 0x017C, 68 }, // U+017C
    { 0x017D, 47 }, // U+017D
    { 0x017E, 68 }, // U+017E
    { 0x01A1, 82 }, // U+01A1
    { 0x01B0, 82 }, // U+01B0
    { 0x0218, 4 }, // U+0218
    { 0x0219, 63 }, // U+0219
    { 0x021A, 42 }, // U+021A
    { 0x021B, 64 }, // U+021B
    { 0x0404, 29 }, // U+0404
    { 0x0406, 34 }, // U+0406
    { 0x0410, 27 }, // U+0410
    { 0x0411, 83 }, // U+0411
    { 0x0412, 28 }, // U+0412
    { 0x0413, 84 }, // U+0413
    { 0x0414, 85 }, // U+0414
    { 0x0415, 31 }, // U+0415
    { 0x0416, 36 }, // U+0416
    { 0x0417, 28 }, // U+0417
    { 0x0418, 34 }, // U+0418
    { 0x0419, 34 }, // U+0419
    { 0x041A, 36 }, // U+041A
    { 0x041B, 34 }, // U+041B
    { 0x041C, 38 }, // U+041C
    { 0x041D, 34 }, // U+041D
    { 0x041E, 30 }, // U+041E
    { 0x041F, 34 }, // U+041F
    { 0x0420, 39 }, // U+0420
    { 0x0421, 29 }, // U+0421
    { 0x0422, 42 }, // U+0422
    { 0x0423, 86 }, // U+0423
    { 0x0424, 30 }, // U+0424
    { 0x0425, 36 }, // U+0425
    { 0x0426, 87 }, // U+0426
    { 0x0427, 34 }, // U+0427
    { 0x0428, 34 }, // U+0428
    { 0x0429, 87 }, // U+0429
    { 0x042B, 34 }, // U+042B
    { 0x042C, 88 }, // U+042C
    { 0x042D, 30 }, // U+042D
    { 0x042F, 34 }, // U+042F
    { 0x0430, 51 }, // U+0430
    { 0x0431, 52 }, // U+0431
    { 0x0432, 89 }, // U+0432
    { 0x0433, 90 }, // U+0433
    { 0x0434, 91 }, // U+0434
    { 0x0435, 52 }, // U+0435
    { 0x0436, 59 }, // U+0436
    { 0x0437, 89 }, // U+0437
    { 0x0438, 65 }, // U+0438
    { 0x0439, 65 }, // U+0439
    { 0x043A, 59 }, // U+043A
    { 0x043B, 65 }, // U+043B
    { 0x043C, 92 }, // U+043C
    { 0x043D, 65 }, // U+043D
    { 0x043E, 52 }, // U+043E
    { 0x043F, 65 }, // U+043F
    { 0x0440, 52 }, // U+0440
    { 0x0441, 53 }, // U+0441
    { 0x0442, 93 }, // U+0442
    { 0x0443, 66 }, // U+0443
    { 0x0444, 52 }, // U+0444
    { 0x0445, 59 }, // U+0445
    { 0x0446, 94 }, // U+0446
    { 0x0447, 65 }, // U+0447
    { 0x0448, 65 }, // U+0448
    { 0x0449, 94 }, // U+0449
    { 0x044A, 95 }, // U+044A
    { 0x044B, 65 }, // U+044B
    { 0x044C, 95 }, // U+044C
    { 0x044D, 52 }, // U+044D
    { 0x044E, 52 }, // U+044E
    { 0x044F, 65 }, // U+044F
    { 0x0451, 52 }, // U+0451
    { 0x0454, 53 }, // U+0454
    { 0x0456, 58 }, // U+0456
    { 0x0457, 77 }, // U+0457
    { 0x045E, 66 }, // U+045E
    { 0x0491, 96 }, // U+0491
    { 0x0492, 84 }, // U+0492
    { 0x0493, 90 }, // U+0493
    { 0x049A, 97 }, // U+049A
    { 0x049B, 98 }, // U+049B
    { 0x04A2, 87 }, // U+04A2
    { 0x04A3, 94 }, // U+04A3
    { 0x04AE, 46 }, // U+04AE
    { 0x04AF, 66 }, // U+04AF
    { 0x04B0, 46 }, // U+04B0
    { 0x04B1, 66 }, // U+04B1
    { 0x04D8, 30 }, // U+04D8
    { 0x04D9, 52 }, // U+04D9
    { 0x04E8, 30 }, // U+04E8
    { 0x04E9, 52 }, // U+04E9
    { 0x05BE, 99 }, // U+05BE
    { 0x05C3, 23 }, // U+05C3
    { 0x05D0, 100 }, // U+05D0
    { 0x05D1, 101 }, // U+05D1
    { 0x05D2, 101 }, // U+05D2
    { 0x05D3, 102 }, // U+05D3
    { 0x05D4, 103 }, // U+05D4
    { 0x05D5, 104 }, // U+05D5
    { 0x05D6, 105 }, // U+05D6
    { 0x05D7, 103 }, // U+05D7
    { 0x05D8, 106 }, // U+05D8
    { 0x05D9, 104 }, // U+05D9
    { 0x05DA, 102 }, // U+05DA
    { 0x05DB, 101 }, // U+05DB
    { 0x05DC, 102 }, // U+05DC
    { 0x05DD, 103 }, // U+05DD
    { 0x05DE, 107 }, // U+05DE
    { 0x05E0, 101 }, // U+05E0
    { 0x05E1, 108 }, // U+05E1
    { 0x05E2, 109 }, // U+05E2
    { 0x05E3, 110 }, // U+05E3
    { 0x05E4, 111 }, // U+05E4
    { 0x05E5, 112 }, // U+05E5
    { 0x05E6, 113 }, // U+05E6
    { 0x05E7, 103 }, // U+05E7
    { 0x05E8, 102 }, // U+05E8
    { 0x05E9, 106 }, // U+05E9
    { 0x05EA, 114 }, // U+05EA
    { 0x05F0, 104 }, // U+05F0
    { 0x05F1, 104 }, // U+05F1
    { 0x05F2, 104 }, // U+05F2
    { 0x05F3, 99 }, // U+05F3
    { 0x05F4, 99 }, // U+05F4
    { 0x0622, 115 }, // U+0622
    { 0x0623, 115 }, // U+0623
    { 0x0624, 116 }, // U+0624
    { 0x0625, 117 }, // U+0625
    { 0x0629, 118 }, // U+0629
    { 0x062F, 119 }, // U+062F
    { 0x0630, 119 }, // U+0630
    { 0x0631, 120 }, // U+0631
    { 0x0632, 120 }, // U+0632
    { 0x0647, 118 }, // U+0647
    { 0x0648, 116 }, // U+0648
    { 0x0660, 121 }, // U+0660
    { 0x0661, 122 }, // U+0661
    { 0x0662, 122 }, // U+0662
    { 0x0663, 122 }, // U+0663
    { 0x0664, 123 }, // U+0664
    { 0x0665, 124 }, // U+0665
    { 0x0666, 125 }, // U+0666
    { 0x0667, 126 }, // U+0667
    { 0x0668, 127 }, // U+0668
    { 0x0669, 128 }, // U+0669
    { 0x0671, 115 }, // U+0671
    { 0x0673, 117 }, // U+0673
    { 0x0676, 116 }, // U+0676
    { 0x0677, 116 }, // U+0677
    { 0x0688, 119 }, // U+0688
    { 0x0689, 119 }, // U+0689
    { 0x068A, 119 }, // U+068A
    { 0x068B, 119 }, // U+068B
    { 0x068C, 119 }, // U+068C
    { 0x068D, 119 }, // U+068D
    { 0x068E, 119 }, // U+068E
    { 0x068F, 119 }, // U+068F
    { 0x0690, 119 }, // U+0690
    { 0x0691, 120 }, // U+0691
    { 0x0692, 120 }, // U+0692
    { 0x0693, 120 }, // U+0693
    { 0x0694, 120 }, // U+0694
    { 0x0695, 120 }, // U+0695
    { 0x0696, 120 }, // U+0696
    { 0x0697, 120 }, // U+0697
    { 0x0698, 120 }, // U+0698
    { 0x0699, 120 }, // U+0699
    { 0x06C0, 118 }, // U+06C0
    { 0x06C1, 118 }, // U+06C1
    { 0x06C2, 118 }, // U+06C2
    { 0x06C3, 118 }, // U+06C3
    { 0x06C6, 116 }, // U+06C6
    { 0x06C7, 116 }, // U+06C7
    { 0x06C8, 116 }, // U+06C8
    { 0x06C9, 116 }, // U+06C9
    { 0x06CA, 116 }, // U+06CA
    { 0x06CB, 116 }, // U+06CB
    { 0x06CF, 116 }, // U+06CF
    { 0x06D5, 118 }, // U+06D5
    { 0x06EE, 119 }, // U+06EE
    { 0x06F0, 121 }, // U+06F0
    { 0x06F1, 122 }, // U+06F1
    { 0x06F2, 122 }, // U+06F2
    { 0x06F3, 122 }, // U+06F3
    { 0x06F6, 129 }, // U+06F6
    { 0x06F7, 126 }, // U+06F7
    { 0x06F8, 127 }, // U+06F8
    { 0x06F9, 128 }, // U+06F9
    { 0x1EA1, 51 }, // U+1EA1
    { 0x1EA2, 27 }, // U+1EA2
    { 0x1EA3, 51 }, // U+1EA3
    { 0x1EA5, 51 }, // U+1EA5
    { 0x1EA6, 27 }, // U+1EA6
    { 0x1EA7, 51 }, // U+1EA7
    { 0x1EA8, 27 }, // U+1EA8
    { 0x1EA9, 51 }, // U+1EA9
    { 0x1EAB, 51 }, // U+1EAB
    { 0x1EAC, 27 }, // U+1EAC
    { 0x1EAD, 51 }, // U+1EAD
    { 0x1EAE, 27 }, // U+1EAE
    { 0x1EAF, 51 }, // U+1EAF
    { 0x1EB1, 51 }, // U+1EB1
    { 0x1EB5, 51 }, // U+1EB5
    { 0x1EB7, 51 }, // U+1EB7
    { 0x1EB9, 52 }, // U+1EB9
    { 0x1EBB, 52 }, // U+1EBB
    { 0x1EBD, 52 }, // U+1EBD
    { 0x1EBF, 52 }, // U+1EBF
    { 0x1EC0, 31 }, // U+1EC0
    { 0x1EC1, 52 }, // U+1EC1
    { 0x1EC3, 52 }, // U+1EC3
    { 0x1EC7, 52 }, // U+1EC7
    { 0x1EC9, 58 }, // U+1EC9
    { 0x1ECB, 58 }, // U+1ECB
    { 0x1ECC, 30 }, // U+1ECC
    { 0x1ECD, 52 }, // U+1ECD
    { 0x1ECF, 52 }, // U+1ECF
    { 0x1ED0, 30 }, // U+1ED0
    { 0x1ED1, 52 }, // U+1ED1
    { 0x1ED2, 30 }, // U+1ED2
    { 0x1ED3, 52 }, // U+1ED3
    { 0x1ED5, 52 }, // U+1ED5
    { 0x1ED7, 52 }, // U+1ED7
    { 0x1ED8, 30 }, // U+1ED8
    { 0x1ED9, 52 }, // U+1ED9
    { 0x1EDB, 82 }, // U+1EDB
    { 0x1EDD, 82 }, // U+1EDD
    { 0x1EDE, 130 }, // U+1EDE
    { 0x1EDF, 82 }, // U+1EDF
    { 0x1EE1, 82 }, // U+1EE1
    { 0x1EE3, 82 }, // U+1EE3
    { 0x1EE5, 65 }, // U+1EE5
    { 0x1EE6, 43 }, // U+1EE6
    { 0x1EE7, 65 }, // U+1EE7
    { 0x1EE9, 82 }, // U+1EE9
    { 0x1EEB, 82 }, // U+1EEB
    { 0x1EED, 82 }, // U+1EED
    { 0x1EEF, 82 }, // U+1EEF
    { 0x1EF1, 82 }, // U+1EF1
    { 0x2013, 10 }, // U+2013
    { 0x2014, 10 }, // U+2014
    { 0x2018, 2 }, // U+2018
    { 0x2019, 2 }, // U+2019
    { 0x201C, 2 }, // U+201C
    { 0x201D, 2 }, // U+201D
    { 0x201E, 11 }, // U+201E
    { 0x2026, 11 }, // U+2026
    { 0xFB1D, 104 }, // U+FB1D
    { 0xFB1F, 104 }, // U+FB1F
    { 0xFB20, 113 }, // U+FB20
    { 0xFB21, 100 }, // U+FB21
    { 0xFB22, 102 }, // U+FB22
    { 0xFB23, 103 }, // U+FB23
    { 0xFB24, 101 }, // U+FB24
    { 0xFB25, 102 }, // U+FB25
    { 0xFB26, 103 }, // U+FB26
    { 0xFB27, 102 }, // U+FB27
    { 0xFB28, 114 }, // U+FB28
    { 0xFB2A, 106 }, // U+FB2A
    { 0xFB2B, 106 }, // U+FB2B
    { 0xFB2C, 106 }, // U+FB2C
    { 0xFB2D, 106 }, // U+FB2D
    { 0xFB2E, 100 }, // U+FB2E
    { 0xFB2F, 100 }, // U+FB2F
    { 0xFB30, 100 }, // U+FB30
    { 0xFB31, 101 }, // U+FB31
    { 0xFB32, 101 }, // U+FB32
    { 0xFB33, 102 }, // U+FB33
    { 0xFB34, 103 }, // U+FB34
    { 0xFB35, 131 }, // U+FB35
    { 0xFB36, 105 }, // U+FB36
    { 0xFB38, 103 }, // U+FB38
    { 0xFB39, 132 }, // U+FB39
    { 0xFB3A, 102 }, // U+FB3A
    { 0xFB3B, 101 }, // U+FB3B
    { 0xFB3C, 102 }, // U+FB3C
    { 0xFB3E, 103 }, // U+FB3E
    { 0xFB40, 101 }, // U+FB40
    { 0xFB41, 108 }, // U+FB41
    { 0xFB43, 110 }, // U+FB43
    { 0xFB44, 111 }, // U+FB44
    { 0xFB46, 113 }, // U+FB46
    { 0xFB47, 103 }, // U+FB47
    { 0xFB48, 102 }, // U+FB48
    { 0xFB49, 106 }, // U+FB49
    { 0xFB4A, 114 }, // U+FB4A
    { 0xFB4B, 104 }, // U+FB4B
    { 0xFB4C, 101 }, // U+FB4C
    { 0xFB4D, 101 }, // U+FB4D
    { 0xFB4E, 111 }, // U+FB4E
    { 0xFB83, 119 }, // U+FB83
    { 0xFB85, 119 }, // U+FB85
    { 0xFB87, 119 }, // U+FB87
    { 0xFB89, 119 }, // U+FB89
    { 0xFB8B, 120 }, // U+FB8B
    { 0xFB8D, 120 }, // U+FB8D
    { 0xFBDA, 116 }, // U+FBDA
    { 0xFBDC, 116 }, // U+FBDC
    { 0xFBDF, 116 }, // U+FBDF
    { 0xFBE3, 116 }, // U+FBE3
    { 0xFC5B, 119 }, // U+FC5B
    { 0xFC5C, 120 }, // U+FC5C
    { 0xFD3D, 115 }, // U+FD3D
    { 0xFE86, 116 }, // U+FE86
    { 0xFEAA, 119 }, // U+FEAA
    { 0xFEAC, 119 }, // U+FEAC
    { 0xFEAE, 120 }, // U+FEAE
    { 0xFEB0, 120 }, // U+FEB0
    { 0xFEEE, 116 }, // U+FEEE
};

static const EpdKernClassEntry firago_14_semiboldKernRightClasses[] = {
    { 0x0021, 1 }, // !
    { 0x0022, 2 }, // "
    { 0x0023, 3 }, // #
    { 0x0024, 4 }, // $
    { 0x0025, 5 }, // %
    { 0x0026, 6 }, // &
    { 0x0027, 2 }, // '
    { 0x0029, 7 }, // )
    { 0x002A, 8 }, // *
    { 0x002B, 9 }, // +
    { 0x002C, 10 }, // ,
    { 0x002D, 11 }, // -
    { 0x002E, 12 }, // .
    { 0x002F, 13 }, // /
    { 0x0030, 14 }, // 0
    { 0x0031, 15 }, // 1
    { 0x0032, 16 }, // 2
    { 0x0033, 17 }, // 3
    { 0x0034, 18 }, // 4
    { 0x0035, 19 }, // 5
    { 0x0036, 20 }, // 6
    { 0x0037, 21 }, // 7
    { 0x0038, 22 }, // 8
    { 0x0039, 23 }, // 9
    { 0x003A, 24 }, // :
    { 0x003B, 24 }, // ;
    { 0x003C, 25 }, // <
    { 0x003D, 25 }, // =
    { 0x003E, 25 }, // >
    { 0x003F, 26 }, // ?
    { 0x0040, 27 }, // @
    { 0x0041, 28 }, // A
    { 0x0042, 29 }, // B
    { 0x0043, 30 }, // C
    { 0x0044, 29 }, // D
    { 0x0045, 29 }, // E
    { 0x0046, 29 }, // F
    { 0x0047, 30 }, // G
    { 0x0048, 29 }, // H
    { 0x0049, 29 }, // I
    { 0x004A, 31 }, // J
    { 0x004B, 29 }, // K
    { 0x004C, 29 }, // L
    { 0x004D, 32 }, // M
    { 0x004E, 29 }, // N
    { 0x004F, 30 }, // O
    { 0x0050, 29 }, // P
    { 0x0051, 30 }, // Q
    { 0x0052, 29 }, // R
    { 0x0053, 4 }, // S
    { 0x0054, 33 }, // T
    { 0x0055, 34 }, // U
    { 0x0056, 35 }, // V
    { 0x0057, 36 }, // W
    { 0x0058, 37 }, // X
    { 0x0059, 38 }, // Y
    { 0x005A, 39 }, // Z
    { 0x005C, 40 }, // <backslash>
    { 0x005D, 41 }, // ]
    { 0x005F, 42 }, // _
    { 0x0061, 43 }, // a
    { 0x0062, 44 }, // b
    { 0x0063, 45 }, // c
    { 0x0064, 45 }, // d
    { 0x0065, 45 }, // e
    { 0x0066, 46 }, // f
    { 0x0067, 47 }, // g
    { 0x0068, 44 }, // h
    { 0x0069, 48 }, // i
    { 0x006A, 49 }, // j
    { 0x006B, 44 }, // k
    { 0x006C, 50 }, // l
    { 0x006D, 51 }, // m
    { 0x006E, 51 }, // n
    { 0x006F, 45 }, // o
    { 0x0070, 51 }, // p
    { 0x0071, 45 }, // q
    { 0x0072, 51 }, // r
    { 0x0073, 52 }, // s
    { 0x0074, 53 }, // t
    { 0x0075, 54 }, // u
    { 0x0076, 55 }, // v
    { 0x0077, 56 }, // w
    { 0x0078, 57 }, // x
    { 0x0079, 58 }, // y
    { 0x007A, 59 }, // z
    { 0x007C, 60 }, // |
    { 0x007D, 61 }, // }
    { 0x007E, 9 }, // ~
    { 0x00A1, 62 }, // U+00A1
    { 0x00AB, 63 }, // U+00AB
    { 0x00B0, 64 }, // U+00B0
    { 0x00B7, 9 }, // U+00B7
    { 0x00BB, 65 }, // U+00BB
    { 0x00BF, 66 }, // U+00BF
    { 0x00C0, 28 }, // U+00C0
    { 0x00C1, 28 }, // U+00C1
    { 0x00C2, 28 }, // U+00C2
    { 0x00C4, 28 }, // U+00C4
    { 0x00C5, 28 }, // U+00C5
    { 0x00C6, 67 }, // U+00C6
    { 0x00C7, 30 }, // U+00C7
    { 0x00C9, 29 }, // U+00C9
    { 0x00CA, 29 }, // U+00CA
    { 0x00CD, 68 }, // U+00CD
    { 0x00CE, 68 }, // U+00CE
    { 0x00D2, 30 }, // U+00D2
    { 0x00D3, 30 }, // U+00D3
    { 0x00D6, 30 }, // U+00D6
    { 0x00D8, 30 }, // U+00D8
    { 0x00D9, 34 }, // U+00D9
    { 0x00DA, 34 }, // U+00DA
    { 0x00DC, 34 }, // U+00DC
    { 0x00DD, 38 }, // U+00DD
    { 0x00DF, 44 }, // U+00DF
    { 0x00E0, 43 }, // U+00E0
    { 0x00E1, 43 }, // U+00E1
    { 0x00E2, 43 }, // U+00E2
    { 0x00E3, 43 }, // U+00E3
    { 0x00E4, 43 }, // U+00E4
    { 0x00E5, 43 }, // U+00E5
    { 0x00E6, 43 }, // U+00E6
    { 0x00E7, 45 }, // U+00E7
    { 0x00E8, 45 }, // U+00E8
    { 0x00E9, 45 }, // U+00E9
    { 0x00EA, 45 }, // U+00EA
    { 0x00EB, 45 }, // U+00EB
    { 0x00EC, 69 }, // U+00EC
    { 0x00ED, 69 }, // U+00ED
    { 0x00EE, 69 }, // U+00EE
    { 0x00EF, 69 }, // U+00EF
    { 0x00F1, 51 }, // U+00F1
    { 0x00F2, 45 }, // U+00F2
    { 0x00F3, 45 }, // U+00F3
    { 0x00F4, 45 }, // U+00F4
    { 0x00F5, 45 }, // U+00F5
    { 0x00F6, 45 }, // U+00F6
    { 0x00F8, 45 }, // U+00F8
    { 0x00F9, 54 }, // U+00F9
    { 0x00FA, 54 }, // U+00FA
    { 0x00FC, 54 }, // U+00FC
    { 0x00FD, 55 }, // U+00FD
    { 0x0103, 43 }, // U+0103
    { 0x0105, 43 }, // U+0105
    { 0x0107, 45 }, // U+0107
    { 0x010C, 30 }, // U+010C
    { 0x010D, 45 }, // U+010D
    { 0x010E, 29 }, // U+010E
    { 0x010F, 45 }, // U+010F
    { 0x0110, 29 }, // U+0110
    { 0x0111, 45 }, // U+0111
    { 0x0116, 29 }, // U+0116
    { 0x0117, 45 }, // U+0117
    { 0x0118, 29 }, // U+0118
    { 0x0119, 45 }, // U+0119
    { 0x011A, 29 }, // U+011A
    { 0x011B, 45 }, // U+011B
    { 0x011E, 30 }, // U+011E
    { 0x011F, 47 }, // U+011F
    { 0x0129, 69 }, // U+0129
    { 0x012E, 70 }, // U+012E
    { 0x012F, 71 }, // U+012F
    { 0x0130, 29 }, // U+0130
    { 0x0131, 51 }, // U+0131
    { 0x013A, 44 }, // U+013A
    { 0x013D, 29 }, // U+013D
    { 0x013E, 44 }, // U+013E
    { 0x0141, 29 }, // U+0141
    { 0x0142, 72 }, // U+0142
    { 0x0144, 51 }, // U+0144
    { 0x0148, 51 }, // U+0148
    { 0x0151, 45 }, // U+0151
    { 0x0155, 51 }, // U+0155
    { 0x0158, 29 }, // U+0158
    { 0x0159, 51 }, // U+0159
    { 0x015A, 4 }, // U+015A
    { 0x015B, 52 }, // U+015B
    { 0x015E, 4 }, // U+015E
    { 0x015F, 52 }, // U+015F
    { 0x0160, 4 }, // U+0160
    { 0x0161, 52 }, // U+0161
    { 0x0163, 53 }, // U+0163
    { 0x0164, 33 }, // U+0164
    { 0x0165, 53 }, // U+0165
    { 0x016B, 54 }, // U+016B
    { 0x016E, 34 }, // U+016E
    { 0x016F, 54 }, // U+016F
    { 0x0170, 34 }, // U+0170
    { 0x0171, 54 }, // U+0171
    { 0x0172, 34 }, // U+0172
    { 0x0173, 54 }, // U+0173
    { 0x017A, 59 }, // U+017A
    { 0x017C, 59 }, // U+017C
    { 0x017D, 39 }, // U+017D
    { 0x017E, 59 }, // U+017E
    { 0x01A1, 45 }, // U+01A1
    { 0x01B0, 54 }, // U+01B0
    { 0x0218, 4 }, // U+0218
    { 0x0219, 52 }, // U+0219
    { 0x021A, 33 }, // U+021A
    { 0x021B, 53 }, // U+021B
    { 0x0404, 30 }, // U+0404
    { 0x0406, 29 }, // U+0406
    { 0x0410, 28 }, // U+0410
    { 0x0411, 29 }, // U+0411
    { 0x0412, 29 }, // U+0412
    { 0x0413, 29 }, // U+0413
    { 0x0414, 73 }, // U+0414
    { 0x0415, 29 }, // U+0415
    { 0x0416, 37 }, // U+0416
    { 0x0417, 74 }, // U+0417
    { 0x0418, 29 }, // U+0418
    { 0x0419, 29 }, // U+0419
    { 0x041A, 29 }, // U+041A
    { 0x041B, 75 }, // U+041B
    { 0x041C, 32 }, // U+041C
    { 0x041D, 29 }, // U+041D
    { 0x041E, 30 }, // U+041E
    { 0x041F, 29 }, // U+041F
    { 0x0420, 29 }, // U+0420
    { 0x0421, 30 }, // U+0421
    { 0x0422, 33 }, // U+0422
    { 0x0423, 76 }, // U+0423
    { 0x0424, 30 }, // U+0424
    { 0x0425, 37 }, // U+0425
    { 0x0426, 29 }, // U+0426
    { 0x0427, 77 }, // U+0427
    { 0x0428, 29 }, // U+0428
    { 0x0429, 29 }, // U+0429
    { 0x042B, 29 }, // U+042B
    { 0x042C, 29 }, // U+042C
    { 0x042D, 74 }, // U+042D
    { 0x042F, 78 }, // U+042F
    { 0x0430, 43 }, // U+0430
    { 0x0431, 79 }, // U+0431
    { 0x0432, 51 }, // U+0432
    { 0x0433, 51 }, // U+0433
    { 0x0434, 80 }, // U+0434
    { 0x0435, 45 }, // U+0435
    { 0x0436, 57 }, // U+0436
    { 0x0437, 81 }, // U+0437
    { 0x0438, 51 }, // U+0438
    { 0x0439, 51 }, // U+0439
    { 0x043A, 51 }, // U+043A
    { 0x043B, 82 }, // U+043B
    { 0x043C, 83 }, // U+043C
    { 0x043D, 51 }, // U+043D
    { 0x043E, 45 }, // U+043E
    { 0x043F, 51 }, // U+043F
    { 0x0441, 45 }, // U+0441
    { 0x0442, 84 }, // U+0442
    { 0x0443, 55 }, // U+0443
    { 0x0444, 45 }, // U+0444
    { 0x0445, 57 }, // U+0445
    { 0x0446, 51 }, // U+0446
    { 0x0447, 85 }, // U+0447
    { 0x0448, 51 }, // U+0448
    { 0x0449, 51 }, // U+0449
    { 0x044A, 86 }, // U+044A
    { 0x044B, 51 }, // U+044B
    { 0x044C, 51 }, // U+044C
    { 0x044D, 81 }, // U+044D
    { 0x044E, 51 }, // U+044E
    { 0x044F, 87 }, // U+044F
    { 0x0451, 45 }, // U+0451
    { 0x0454, 45 }, // U+0454
    { 0x0456, 48 }, // U+0456
    { 0x0457, 69 }, // U+0457
    { 0x045E, 55 }, // U+045E
    { 0x0491, 51 }, // U+0491
    { 0x0492, 29 }, // U+0492
    { 0x0493, 51 }, // U+0493
    { 0x049A, 29 }, // U+049A
    { 0x049B, 51 }, // U+049B
    { 0x04A2, 29 }, // U+04A2
    { 0x04A3, 51 }, // U+04A3
    { 0x04AE, 38 }, // U+04AE
    { 0x04AF, 55 }, // U+04AF
    { 0x04B0, 38 }, // U+04B0
    { 0x04B1, 55 }, // U+04B1
    { 0x04D8, 30 }, // U+04D8
    { 0x04D9, 45 }, // U+04D9
    { 0x04E8, 30 }, // U+04E8
    { 0x04E9, 45 }, // U+04E9
    { 0x05BE, 88 }, // U+05BE
    { 0x05C3, 24 }, // U+05C3
    { 0x05D0, 89 }, // U+05D0
    { 0x05D1, 90 }, // U+05D1
    { 0x05D2, 91 }, // U+05D2
    { 0x05D3, 92 }, // U+05D3
    { 0x05D4, 91 }, // U+05D4
    { 0x05D5, 93 }, // U+05D5
    { 0x05D6, 92 }, // U+05D6
    { 0x05D7, 91 }, // U+05D7
    { 0x05D8, 94 }, // U+05D8
    { 0x05D9, 93 }, // U+05D9
    { 0x05DA, 91 }, // U+05DA
    { 0x05DB, 94 }, // U+05DB
    { 0x05DC, 94 }, // U+05DC
    { 0x05DD, 91 }, // U+05DD
    { 0x05DE, 91 }, // U+05DE
    { 0x05DF, 93 }, // U+05DF
    { 0x05E0, 91 }, // U+05E0
    { 0x05E1, 94 }, // U+05E1
    { 0x05E2, 95 }, // U+05E2
    { 0x05E3, 91 }, // U+05E3
    { 0x05E4, 94 }, // U+05E4
    { 0x05E5, 96 }, // U+05E5
    { 0x05E6, 97 }, // U+05E6
    { 0x05E7, 94 }, // U+05E7
    { 0x05E8, 91 }, // U+05E8
    { 0x05E9, 95 }, // U+05E9
    { 0x05EA, 91 }, // U+05EA
    { 0x05F0, 93 }, // U+05F0
    { 0x05F1, 93 }, // U+05F1
    { 0x05F2, 93 }, // U+05F2
    { 0x05F3, 88 }, // U+05F3
    { 0x05F4, 88 }, // U+05F4
    { 0x0620, 98 }, // U+0620
    { 0x0622, 99 }, // U+0622
    { 0x0623, 99 }, // U+0623
    { 0x0624, 100 }, // U+0624
    { 0x0625, 101 }, // U+0625
    { 0x0626, 98 }, // U+0626
    { 0x0627, 102 }, // U+0627
    { 0x0628, 98 }, // U+0628
    { 0x0629, 103 }, // U+0629
    { 0x062A, 98 }, // U+062A
    { 0x062F, 98 }, // U+062F
    { 0x0630, 98 }, // U+0630
    { 0x0631, 104 }, // U+0631
    { 0x0632, 104 }, // U+0632
    { 0x0633, 98 }, // U+0633
    { 0x0634, 98 }, // U+0634
    { 0x0635, 98 }, // U+0635
    { 0x0636, 98 }, // U+0636
    { 0x0637, 98 }, // U+0637
    { 0x0638, 98 }, // U+0638
    { 0x063B, 105 }, // U+063B
    { 0x063C, 105 }, // U+063C
    { 0x0645, 98 }, // U+0645
    { 0x0647, 103 }, // U+0647
    { 0x0648, 100 }, // U+0648
    { 0x0649, 98 }, // U+0649
    { 0x064A, 98 }, // U+064A
    { 0x0660, 106 }, // U+0660
    { 0x0662, 107 }, // U+0662
    { 0x0663, 107 }, // U+0663
    { 0x0664, 108 }, // U+0664
    { 0x0665, 109 }, // U+0665
    { 0x0667, 110 }, // U+0667
    { 0x0668, 111 }, // U+0668
    { 0x0669, 112 }, // U+0669
    { 0x066E, 98 }, // U+066E
    { 0x0671, 99 }, // U+0671
    { 0x0672, 102 }, // U+0672
    { 0x0673, 101 }, // U+0673
    { 0x0676, 100 }, // U+0676
    { 0x0677, 100 }, // U+0677
    { 0x0678, 98 }, // U+0678
    { 0x0679, 98 }, // U+0679
    { 0x067A, 98 }, // U+067A
    { 0x067B, 98 }, // U+067B
    { 0x067D, 98 }, // U+067D
    { 0x067E, 98 }, // U+067E
    { 0x067F, 98 }, // U+067F
    { 0x0680, 98 }, // U+0680
    { 0x0688, 98 }, // U+0688
    { 0x068C, 98 }, // U+068C
    { 0x068E, 98 }, // U+068E
    { 0x068F, 98 }, // U+068F
    { 0x0690, 98 }, // U+0690
    { 0x0691, 104 }, // U+0691
    { 0x0692, 104 }, // U+0692
    { 0x0693, 104 }, // U+0693
    { 0x0694, 104 }, // U+0694
    { 0x0695, 104 }, // U+0695
    { 0x0696, 104 }, // U+0696
    { 0x0697, 104 }, // U+0697
    { 0x0698, 104 }, // U+0698
    { 0x0699, 104 }, // U+0699
    { 0x069A, 98 }, // U+069A
    { 0x069B, 98 }, // U+069B
    { 0x069C, 98 }, // U+069C
    { 0x069D, 98 }, // U+069D
    { 0x069E, 98 }, // U+069E
    { 0x069F, 98 }, // U+069F
    { 0x06A9, 105 }, // U+06A9
    { 0x06AA, 105 }, // U+06AA
    { 0x06AB, 105 }, // U+06AB
    { 0x06AF, 105 }, // U+06AF
    { 0x06B0, 105 }, // U+06B0
    { 0x06B1, 105 }, // U+06B1
    { 0x06B2, 105 }, // U+06B2
    { 0x06B3, 105 }, // U+06B3
    { 0x06B4, 105 }, // U+06B4
    { 0x06BE, 98 }, // U+06BE
    { 0x06C0, 103 }, // U+06C0
    { 0x06C1, 103 }, // U+06C1
    { 0x06C2, 103 }, // U+06C2
    { 0x06C3, 103 }, // U+06C3
    { 0x06C6, 100 }, // U+06C6
    { 0x06C7, 100 }, // U+06C7
    { 0x06C8, 100 }, // U+06C8
    { 0x06C9, 100 }, // U+06C9
    { 0x06CA, 100 }, // U+06CA
    { 0x06CB, 100 }, // U+06CB
    { 0x06CC, 98 }, // U+06CC
    { 0x06CD, 98 }, // U+06CD
    { 0x06CE, 98 }, // U+06CE
    { 0x06CF, 100 }, // U+06CF
    { 0x06D0, 98 }, // U+06D0
    { 0x06D1, 98 }, // U+06D1
    { 0x06D5, 103 }, // U+06D5
    { 0x06EE, 98 }, // U+06EE
    { 0x06F0, 106 }, // U+06F0
    { 0x06F2, 107 }, // U+06F2
    { 0x06F3, 107 }, // U+06F3
    { 0x06F4, 107 }, // U+06F4
    { 0x06F6, 110 }, // U+06F6
    { 0x06F7, 110 }, // U+06F7
    { 0x06F8, 111 }, // U+06F8
    { 0x06F9, 112 }, // U+06F9
    { 0x06FA, 98 }, // U+06FA
    { 0x06FB, 98 }, // U+06FB
    { 0x06FF, 98 }, // U+06FF
    { 0x075C, 98 }, // U+075C
    { 0x1EA1, 43 }, // U+1EA1
    { 0x1EA2, 28 }, // U+1EA2
    { 0x1EA3, 43 }, // U+1EA3
    { 0x1EA5, 43 }, // U+1EA5
    { 0x1EA6, 28 }, // U+1EA6
    { 0x1EA7, 43 }, // U+1EA7
    { 0x1EA8, 28 }, // U+1EA8
    { 0x1EA9, 43 }, // U+1EA9
    { 0x1EAB, 43 }, // U+1EAB
    { 0x1EAC, 28 }, // U+1EAC
    { 0x1EAD, 43 }, // U+1EAD
    { 0x1EAE, 28 }, // U+1EAE
    { 0x1EAF, 43 }, // U+1EAF
    { 0x1EB1, 43 }, // U+1EB1
    { 0x1EB5, 43 }, // U+1EB5
    { 0x1EB7, 43 }, // U+1EB7
    { 0x1EB9, 45 }, // U+1EB9
    { 0x1EBB, 45 }, // U+1EBB
    { 0x1EBD, 45 }, // U+1EBD
    { 0x1EBF, 45 }, // U+1EBF
    { 0x1EC0, 29 }, // U+1EC0
    { 0x1EC1, 45 }, // U+1EC1
    { 0x1EC3, 45 }, // U+1EC3
    { 0x1EC7, 45 }, // U+1EC7
    { 0x1EC9, 48 }, // U+1EC9
    { 0x1ECB, 48 }, // U+1ECB
    { 0x1ECC, 30 }, // U+1ECC
    { 0x1ECD, 45 }, // U+1ECD
    { 0x1ECF, 45 }, // U+1ECF
    { 0x1ED0, 30 }, // U+1ED0
    { 0x1ED1, 45 }, // U+1ED1
    { 0x1ED2, 30 }, // U+1ED2
    { 0x1ED3, 45 }, // U+1ED3
    { 0x1ED5, 45 }, // U+1ED5
    { 0x1ED7, 45 }, // U+1ED7
    { 0x1ED8, 30 }, // U+1ED8
    { 0x1ED9, 45 }, // U+1ED9
    { 0x1EDB, 45 }, // U+1EDB
    { 0x1EDD, 45 }, // U+1EDD
    { 0x1EDE, 30 }, // U+1EDE
    { 0x1EDF, 45 }, // U+1EDF
    { 0x1EE1, 45 }, // U+1EE1
    { 0x1EE3, 45 }, // U+1EE3
    { 0x1EE5, 54 }, // U+1EE5
    { 0x1EE6, 34 }, // U+1EE6
    { 0x1EE7, 54 }, // U+1EE7
    { 0x1EE9, 54 }, // U+1EE9
    { 0x1EEB, 54 }, // U+1EEB
    { 0x1EED, 54 }, // U+1EED
    { 0x1EEF, 54 }, // U+1EEF
    { 0x1EF1, 54 }, // U+1EF1
    { 0x2013, 9 }, // U+2013
    { 0x2014, 9 }, // U+2014
    { 0x2018, 2 }, // U+2018
    { 0x2019, 2 }, // U+2019
    { 0x201C, 2 }, // U+201C
    { 0x201D, 2 }, // U+201D
    { 0x201E, 12 }, // U+201E
    { 0x2026, 12 }, // U+2026
    { 0xFB1D, 93 }, // U+FB1D
    { 0xFB1F, 93 }, // U+FB1F
    { 0xFB20, 95 }, // U+FB20
    { 0xFB21, 89 }, // U+FB21
    { 0xFB22, 92 }, // U+FB22
    { 0xFB23, 91 }, // U+FB23
    { 0xFB24, 94 }, // U+FB24
    { 0xFB25, 94 }, // U+FB25
    { 0xFB26, 91 }, // U+FB26
    { 0xFB27, 91 }, // U+FB27
    { 0xFB28, 91 }, // U+FB28
    { 0xFB2A, 95 }, // U+FB2A
    { 0xFB2B, 95 }, // U+FB2B
    { 0xFB2C, 95 }, // U+FB2C
    { 0xFB2D, 95 }, // U+FB2D
    { 0xFB2E, 89 }, // U+FB2E
    { 0xFB2F, 89 }, // U+FB2F
    { 0xFB30, 89 }, // U+FB30
    { 0xFB31, 90 }, // U+FB31
    { 0xFB32, 91 }, // U+FB32
    { 0xFB33, 92 }, // U+FB33
    { 0xFB34, 91 }, // U+FB34
    { 0xFB35, 93 }, // U+FB35
    { 0xFB36, 92 }, // U+FB36
    { 0xFB38, 94 }, // U+FB38
    { 0xFB39, 93 }, // U+FB39
    { 0xFB3A, 91 }, // U+FB3A
    { 0xFB3B, 94 }, // U+FB3B
    { 0xFB3C, 94 }, // U+FB3C
    { 0xFB3E, 91 }, // U+FB3E
    { 0xFB40, 91 }, // U+FB40
    { 0xFB41, 94 }, // U+FB41
    { 0xFB43, 91 }, // U+FB43
    { 0xFB44, 94 }, // U+FB44
    { 0xFB46, 97 }, // U+FB46
    { 0xFB47, 94 }, // U+FB47
    { 0xFB48, 91 }, // U+FB48
    { 0xFB49, 95 }, // U+FB49
    { 0xFB4A, 91 }, // U+FB4A
    { 0xFB4B, 93 }, // U+FB4B
    { 0xFB4C, 90 }, // U+FB4C
    { 0xFB4D, 94 }, // U+FB4D
    { 0xFB4E, 94 }, // U+FB4E
    { 0xFB4F, 89 }, // U+FB4F
    { 0xFB60, 98 }, // U+FB60
    { 0xFB64, 98 }, // U+FB64
    { 0xFB68, 98 }, // U+FB68
    { 0xFB90, 105 }, // U+FB90
    { 0xFB94, 105 }, // U+FB94
    { 0xFB98, 105 }, // U+FB98
    { 0xFB9C, 105 }, // U+FB9C
    { 0xFBA2, 98 }, // U+FBA2
    { 0xFBAC, 98 }, // U+FBAC
    { 0xFBD5, 105 }, // U+FBD5
    { 0xFBD8, 100 }, // U+FBD8
    { 0xFBDA, 100 }, // U+FBDA
    { 0xFBDC, 100 }, // U+FBDC
    { 0xFBDF, 100 }, // U+FBDF
    { 0xFBE3, 100 }, // U+FBE3
    { 0xFBE8, 98 }, // U+FBE8
    { 0xFC5B, 98 }, // U+FC5B
    { 0xFC5C, 104 }, // U+FC5C
    { 0xFD3D, 99 }, // U+FD3D
    { 0xFDF2, 102 }, // U+FDF2
    { 0xFE86, 100 }, // U+FE86
    { 0xFE8B, 98 }, // U+FE8B
    { 0xFE97, 98 }, // U+FE97
    { 0xFE9B, 98 }, // U+FE9B
    { 0xFEB3, 98 }, // U+FEB3
    { 0xFEB7, 98 }, // U+FEB7
    { 0xFEBB, 98 }, // U+FEBB
    { 0xFEBF, 98 }, // U+FEBF
    { 0xFEC3, 98 }, // U+FEC3
    { 0xFEC7, 98 }, // U+FEC7
    { 0xFEDB, 105 }, // U+FEDB
    { 0xFEE3, 98 }, // U+FEE3
    { 0xFEE7, 98 }, // U+FEE7
    { 0xFEEB, 98 }, // U+FEEB
    { 0xFEEE, 100 }, // U+FEEE
    { 0xFEF5, 98 }, // U+FEF5
    { 0xFEF7, 98 }, // U+FEF7
    { 0xFEF9, 98 }, // U+FEF9
    { 0xFEFB, 98 }, // U+FEFB
};

static const int8_t firago_14_semiboldKernMatrix[] = {
       0,    0,    0,    0,    0,    0,    0,    7,    0,    0,    0,    0,    0,    0,    0,    0,    0,    0,    0,    0,    0,    0,    0,    0,    0,   -9,    0,    1,    0,    0,    0,    0,    0,    0,    0,    0,    0,    0,    0,    0,    0,    0,    0,    0,    0,    0,    0,    0,    0,    0,    0,    0,    0,    0,    0,    0,    0,    0,    0,    0,    0,    0,    0,    0,    0,    0,    0,    0,    0,    0,    0,    0,    0,    0,    0,    0,    0,    0,    0,    0,    0,    0,    0,    0,    0,    0,    0,    0,    0,    0,    0,    0,    0,    0,    0,    0,    0,    0,    0,    0,    0,    0,    0,    0,    0,    0,    0,    0,    0,    0,    0,    0,
       0,    0,  -14,    0,    0,    0,    0,    5,    0,  -47,    0,  -47,  -47,   -5,    0,    0,    0,  -19,    0,   -5,    7,   -7,    0,    0,    0,    0,   -9,  -14,    0,    0,   -9,    0,    5,    0,    5,    0,    0,    5,   -5,    0,    5,  -47,   -7,    0,   -5,    0,    0,    0,    0,    0,    0,   -5,    5,    0,    0,    0,    0,    0,   -5,    0,    5,    0,   -9,    0,    0,  -47,  -28,    0,   24,    0,    0,   -3,  -16,    0,  -14,    0,    9,    0,    0,  -14,    0,  -14,    0,    5,    0,    5,   -9,    0,    0,    0,   -9,    0,    0,  -12,    0,    0,    0,    0,    0,    0,    0,    0,    0,    0,    0,    0,    0,    0,    0,    0,    0,    0,
       0,    0,    0,   -3,    0,   -9,    0,    9,   -4,  -19,   -4,  -19,    0,    0,    0,   -2,   -2,    0,    0,    0,    3,    0,    0,    0,    0,   -9,    0,   -5,    0,   -3,    0,    0,    0,    0,    0,    0,   -2,   -2,   -7,   -9,    0,  -37,   -8,    0,   -5,    0,   -2,    0,   -5,    0,   -2,   -3,    0,   -5,    5,    0,    0,    5,   -2,    0,    0,    0,    0,    0,    0,    0,   -7,    0,   11,    0,    0,    0,   -6,   -9,   -7,   -2,    5,    0,    0,   -9,   -5,   -9,   -2,    0,    0,    0,   -2,    0,    0,    0,    0,    0,    0,    0,    0,    0,    0,    0,    0,    0,    0,    0,    0,    0,    0,    0,    0,    0,    0,    0,    0,    0,
       0,   -5,    0,   -5,    0,    0,    0,    0,    0,    0,    0,    0,    0,    0,  -16,   -5,    0,    0,    0,    0,   -9,    0,   -7,    0,    0,   -9,    0,   -2,    0,    0,   -3,   -5,  -10,    0,   -9,   -5,   -4,   -9,   -7,  -14,    0,  -14,    0,    0,    0,   -5,    0,    0,    0,    0,    0,    0,    0,    0,   -3,    0,    0,   -3,   -3,    0,    0,    0,    0,    0,    0,    0,   -5,    0,    0,    0,    0,    0,    0,   -7,    0,   -6,   -8,    0,    0,    0,   -5,    0,    0,   -9,    0,   -9,    0,    0,    0,    0,    0,    0,    0,    0,    0,    0,    0,    0,    0,    0,    0,    0,    0,    0,    0,    0,    0,    0,    0,    0,    0,    0,
       0,  -28,    0,    0,    0,    0,    0,  -23,    0,    0,    0,    0,    0,    0,  -28,    0,    0,    0,    0,    0,    0,    0,    0,    0,    0,  -28,    0,    0,    0,    0,    0,    0,    0,    0,    0,    0,    0,    0,    0,  -28,    0,    0,    0,    0,    0,    0,    0,    0,    0,    0,    0,    0,    0,    0,    0,    0,    0,    0,    0,    0,    0,    0,    0,    0,    0,    0,    0,    0,    0,    0,    0,    0,    0,    0,    0,    0,    0,    0,    0,    0,    0,    0,    0,    0,    0,    0,    0,    0,    0,    0,    0,    0,    0,    0,    0,    0,    0,    0,    0,    0,    0,    0,    0,    0,    0,    0,    0,    0,    0,    0,    0,    0,
       0,  -37,    0,    0,  -19,    0,    0,  -19,    0,    0,    0,    0,  -19,    0,  -35,    0,    0,   -9,   -9,    0,  -14,    0,   -9,    0,    0,  -37,   -9,    0,    0,    0,   -5,    0,  -37,    0,  -21,   -8,    0,  -35,   -5,  -47,    0,    0,   -7,    0,    0,   -9,    0,    0,    0,    0,    0,    0,    0,    0,   -9,   -7,    0,   -9,    0,    0,    0,    0,    0,    0,    0,    0,    0,    0,    0,    0,    0,    0,    0,   -5,    0,  -25,  -19,    0,    0,    0,    0,    0,    0,  -28,    0,  -28,    0,    0,    0,    0,    0,    0,    0,    0,    0,    0,    0,    0,    0,    0,    0,    0,    0,    0,    0,    0,    0,    0,    0,    0,    0,    0,
       0,    0,    0,    0,    0,    0,    0,    0,    0,    0,    0,    0,    0,    0,   -9,    0,    0,   -5,    0,    0,    0,    0,    0,    0,    0,    0,    0,    0,    2,    0,    9,    0,    0,    0,    0,    0,    0,    0,    0,    0,    0,    7,    0,    0,    0,   11,    0,    0,   27,    0,    0,    0,    0,    0,    0,    0,    0,    0,    0,    0,    0,    0,    0,    0,    0,    7,    0,   26,   29,   20,    0,    0,   10,    0,    0,    0,    0,    0,    0,    4,    0,    4,    0,    0,    0,    0,    0,    0,    0,    0,    0,    0,    0,    0,    0,    0,    0,    0,    0,    0,    0,    0,    0,    0,    0,    0,    0,    0,    0,    0,    0,    0,
       0,    0,    0,    0,    0,    0,    0,    0,    0,    0,    0,    0,    0,    0,    0,    0,    0,    0,    0,    0,    0,    0,    0,    0,    0,    0,    0,    0,    0,    0,    0,    0,    0,    0,    0,    0,    0,    0,    0,    0,    0,    0,    0,    0,    0,    0,    0,    0,    0,    0,    0,    0,    0,    0,    0,    0,    0,    0,    0,    0,    0,    0,    0,    0,    0,    0,    0,    0,    0,    0,    0,    0,    0,    0,    0,    0,    0,    0,    0,    0,    0,    0,    0,    0,    0,    0,    0,    0,    0,    0,    0,    0,    0,   -7,    0,    0,    0,    0,    0,    0,    0,    0,    0,    0,    0,    0,    0,    0,    0,    0,    0,    0,
       7,    5,   -9,    0,    0,    0,    0,    3,    0,  -47,    0,  -47,  -37,    0,    7,    7,    3,  -14,    0,    0,    7,    0,    3,    0,    0,    0,  -14,  -14,    0,    0,    0,    0,    3,    0,    3,    3,    0,    0,    0,    0,    0,  -47,   -9,    0,   -5,    7,    0,    0,    0,    0,    0,    0,    7,    0,    7,    7,    3,    7,    0,    0,    0,    0,   -9,    0,    0,  -37,  -23,    0,   21,    0,    0,    0,    0,    0,    0,    3,    7,    0,    0,  -14,    0,  -14,    0,    8,    3,    8,   -9,    0,    0,    0,    0,    0,    0,    0,    0,    0,    0,    0,    0,    0,    0,    0,    0,    0,    0,    0,    0,    0,    0,    0,    0,    0,
       0,    0,    0,  -18,   -9,  -14,    0,    0,    0,  -23,    0,  -23,  -28,    0,  -33,  -24,  -28,   -5,   -5,    0,  -28,    0,   -5,    0,    0,  -28,    0,   -5,    0,    0,   -6,    0,  -23,    0,  -11,    0,  -17,  -27,  -14,  -28,    0,  -37,   -7,    0,    0,   -7,    0,    0,    0,    0,    0,    0,   -2,    0,   -5,    0,  -16,   -5,  -14,    0,    0,    0,    0,    0,  -23,  -37,  -14,    0,    0,    0,    0,    0,  -14,  -37,  -14,  -19,    0,   -8,    0,   -9,  -14,   -9,    0,   -9,    0,   -9,   -7,    0,    0,    0,    0,    0,    0,    0,    0,    0,    0,    0,    0,    0,    0,    0,    0,    0,    0,    0,    0,    0,    0,    0,    0,    0,
       0,  -47,    0,    0,  -47,   -6,    0,  -47,  -23,    0,  -23,    0,    0,   -6,  -47,    0,    7,  -12,    5,   -5,    0,    0,  -11,    0,    0,  -23,    0,    3,    0,   -9,    0,    0,  -28,   -5,  -23,  -14,    0,  -44,    3,  -65,    3,    0,    0,    0,   -5,   -8,   -5,    0,    0,    0,    0,    3,  -14,   -5,  -19,   -9,    3,  -19,    3,    0,    0,    0,  -19,    0,    0,    0,    7,    0,    0,    0,    0,  -11,    8,    0,    3,  -14,  -47,    0,   -5,    3,    0,    3,    0,  -28,  -28,  -28,    3,    0,    0,    0,    0,    0,    0,   -7,  -26,  -28,    0,    0,    0,    0,    0,    0,    0,    0,    0,    0,    0,    0,    0,    0,    0,    0,
       0,    0,   -9,    0,   -9,  -23,    0,    0,  -28,  -65,  -28,  -65,  -56,   -5,  -28,  -19,  -14,  -23,   -9,  -14,    0,  -12,  -19,  -23,    0,  -28,  -23,  -12,    0,   -9,    0,    0,    0,    0,    0,    0,   -9,    0,   -9,    0,    0,  -56,  -23,    0,  -23,  -14,  -14,    0,    0,    0,  -14,  -14,  -14,  -14,   -9,   -9,  -14,   -9,  -14,    0,    0,    0,  -28,    0,  -19,  -47,  -19,    7,    0,    0,    0,   -7,    0,  -14,  -19,    0,    0,    0,    0,  -14,  -19,  -14,  -14,  -14,  -28,  -14,  -23,    0,   -9,    0,   -7,  -21,    0,  -21,  -30,  -14,  -12,    0,    0,    0,    0,    0,    0,    0,    0,    0,    0,    0,    0,    0,    0,    0,
       0,   -5,    0,    0,    0,    0,    0,    0,    0,   -6,    0,   -6,    0,    0,  -11,   -5,   -5,    0,    0,    0,   -9,    0,   -5,    0,    0,   -9,    0,    0,    0,    0,    0,    0,  -14,    0,    0,    0,   -3,   -9,   -5,   -5,    0,  -14,    0,    0,    0,    0,    0,    0,    0,    0,    0,    0,    0,    0,    0,    0,   -3,    0,    0,    0,    0,    0,    0,    0,    0,    0,    0,    0,    0,    0,    0,    0,    0,   -9,   -4,   -9,    0,    0,    0,   -5,    0,   -5,    0,    0,    0,    0,    0,    0,    0,    0,    0,    0,    0,    0,    0,    0,    0,    0,    0,    0,    0,    0,    0,    0,    0,    0,    0,    0,    0,    0,    0,    0,
       0,    0,    0,    0,    0,    0,    0,    0,    0,    0,    0,    0,    0,    0,   -8,    0,    0,    0,    0,    0,    0,    0,    0,    0,    0,    0,    0,    0,    0,    0,    0,    0,    0,    0,    0,    0,    0,    0,    0,    0,    0,    0,    0,    0,    0,    0,    0,    0,    0,    0,    0,    0,    0,    0,    0,    0,    0,    0,    0,    0,    0,    0,    0,    0,    0,    0,    0,    0,    9,    0,    0,    0,    0,    0,    0,    0,    0,    0,    0,    0,    0,    0,    0,    0,    0,    0,    0,    0,    0,    0,    0,    0,    0,    0,    0,    0,    0,    0,    0,    0,    0,    0,    0,    0,    0,    0,    0,    0,    0,    0,    0,    0,
       0,    0,    0,    0,    0,    0,    0,    0,   -8,    0,   -8,    0,    0,    0,  -11,    0,   -2,  -13,    0,    0,   -5,    0,   -5,    0,    0,   -5,    0,    0,    0,   -5,   -7,    0,   -9,    0,   -5,   -2,    0,  -14,    0,   -9,    0,    0,   -5,    0,   -9,    0,   -9,    0,    0,    0,    0,    0,    0,    0,   -5,    0,    0,   -5,    0,    0,    0,    0,   -9,    0,    0,    0,    0,    0,    0,    0,    0,    0,    0,    0,    0,   -7,    0,    0,    0,    0,    0,    0,    0,   -5,   -6,   -5,    0,    0,    0,    0,    0,    0,    0,    0,    0,    0,    0,    0,    0,    0,    0,    0,    0,    0,    0,    0,    0,    0,    0,    0,    0,    0,
       0,    0,    0,    0,    0,    0,    0,    0,    0,    0,    0,    0,   -9,    0,  -11,   -5,    0,   -1,    0,    0,   -2,    0,   -5,    0,    0,   -5,    0,    0,    0,    0,    0,    0,  -11,    0,    0,    0,    0,  -11,    0,   -9,    0,   -9,    0,    0,    0,    0,    0,    0,    0,    0,    0,    0,    0,    0,    0,    0,    0,    0,    0,    0,    0,    0,    0,    0,    0,    0,    0,    0,    0,    0,    0,    0,    0,   -6,    0,   -8,    0,    0,    0,    0,    0,    0,    0,   -5,    0,   -5,    0,    0,    0,    0,    0,    0,    0,    0,    0,    0,    0,    0,    0,    0,    0,    0,    0,    0,    0,    0,    0,    0,    0,    0,    0,    0,
       0,  -23,    0,   -9,  -19,    0,    0,  -19,   -5,    0,   -5,    0,   -9,    0,  -32,   -7,   -7,    0,   -5,    0,  -13,    0,   -9,    0,    0,  -23,    0,    0,    0,    0,   -3,    0,  -23,    0,   -9,   -5,    0,  -28,    0,  -23,    0,    0,    0,    0,    0,   -2,    0,    0,    0,    0,    0,    0,    0,    0,   -5,    0,   -2,   -5,    0,    0,    0,    0,    0,    0,   -9,    0,    0,    0,    0,    0,    0,    0,    0,   -9,    0,  -14,   -6,    0,    0,    0,   -5,    0,    0,  -12,    0,  -12,    0,    0,    0,    0,    0,    0,    0,    0,    0,    0,    0,    0,    0,    0,    0,    0,    0,    0,    0,    0,    0,    0,    0,    0,    0,    0,
       0,  -14,    0,   -7,   -9,    0,    0,   -9,    0,    0,    0,    0,   -9,    0,  -22,   -6,   -4,    0,   -2,    0,  -13,    0,   -7,    0,    0,   -9,    0,    0,    0,    0,   -3,    0,  -19,    0,  -14,   -9,    0,  -19,   -7,  -14,    0,   -9,    0,    0,    0,    0,    0,    0,    0,    0,    0,   -5,   -4,    0,   -6,   -1,   -3,   -6,   -3,    0,    0,    0,    0,   -5,    0,    0,    0,    0,    7,    0,    0,    0,    0,  -13,   -2,  -14,    0,   -3,    0,   -2,   -7,   -2,    0,   -9,    0,   -9,    0,    0,    0,    0,    0,    0,    0,    0,    0,    0,    0,    0,    0,    0,    0,    0,    0,    0,    0,    0,    0,    0,    0,    0,    0,    0,
       0,   -9,    0,    0,    0,    0,    0,   -9,    0,   -2,    0,   -2,   -9,    0,  -25,   -6,   -5,    0,   -2,    0,  -12,    0,   -7,    0,    0,  -14,    0,    0,    0,    0,   -5,    0,  -23,    0,   -9,    0,   -5,  -21,    0,  -14,    0,   -9,    0,    0,    0,    0,    0,    0,    0,    0,    0,    0,    0,    0,   -3,    0,   -2,   -3,    0,    0,    0,    0,    0,   -5,    0,    0,    0,    0,    0,    0,    0,    0,    0,   -9,    0,   -9,    0,    0,    0,   -5,   -5,   -5,    0,   -9,    0,   -9,    0,    0,    0,    0,    0,    0,    0,    0,    0,    0,    0,    0,    0,    0,    0,    0,    0,    0,    0,    0,    0,    0,    0,    0,    0,    0,
       9,    7,   -9,   -9,    5,   -9,    0,    7,  -15,  -40,  -15,  -40,  -19,   -5,   -7,   -5,   -4,  -19,   -5,   -7,    0,   -8,   -7,  -12,    0,    0,   -9,  -14,    0,   -5,   -9,    0,    0,    0,    0,    0,    0,    0,   -7,    0,    0,  -47,  -14,    0,  -14,    0,  -12,    0,    0,    0,   -5,  -12,    0,   -7,    0,    0,    0,    0,   -9,    0,    0,    0,  -21,    5,  -12,    0,  -23,    0,   14,    0,    0,   -2,  -19,   -9,  -14,    0,    0,   -7,    0,  -14,   -9,  -14,   -9,    0,    0,    0,  -14,    0,    0,    0,    0,    0,    0,    0,    0,    0,    0,    0,    0,    0,    0,    0,    0,    0,    0,    0,    0,    0,    0,    0,    0,    0,
       0,   -7,    0,   -5,    0,    0,    0,    0,    0,    0,    0,    0,    0,    0,  -14,   -5,    0,    0,    0,    0,   -7,    0,   -7,    0,    0,   -9,    0,    0,    0,    0,   -5,    0,   -9,    0,   -5,    0,   -6,  -19,    0,  -12,    0,   -9,    0,    0,    0,    0,    0,    0,    0,    0,    0,    0,    0,    0,   -4,    0,    0,   -4,    0,    0,    0,    0,    0,    0,    0,    0,    0,    0,    0,    0,    0,    0,    0,   -7,    0,   -8,    0,    0,    0,    0,   -9,    0,    0,   -9,    0,   -9,    0,    0,    0,    0,    0,    0,    0,    0,    0,    0,    0,    0,    0,    0,    0,    0,    0,    0,    0,    0,    0,    0,    0,    0,    0,    0,
       0,    0,    0,   -5,    0,    0,    0,    0,    0,  -25,    0,  -25,  -19,    0,   -9,   -6,   -8,   -5,    0,    0,   -6,    0,    0,    0,    0,   -9,    0,   -5,    0,    0,   -5,    0,   -9,    0,   -2,    0,   -3,  -17,   -9,  -19,    0,  -47,   -5,    0,    0,    0,    0,    0,    0,    0,    0,    0,    0,    0,    0,    0,    0,    0,    0,    0,    0,    0,    0,    0,    0,    0,   -9,    0,    0,    0,    0,    0,   -5,   -9,   -5,   -6,    0,    0,    0,   -8,    0,   -8,    0,    0,    0,    0,    0,    0,    0,    0,    0,    0,    0,    0,    0,    0,    0,    0,    0,    0,    0,    0,    0,    0,    0,    0,    0,    0,    0,    0,    0,    0,
       0,    0,    0,    0,    0,    0,    0,    0,    0,    0,    0,    0,    0,    0,  -16,    0,    7,   -2,    0,    0,  -12,    0,    0,    0,    0,  -16,    0,    0,    0,    0,    0,    0,    0,    0,    0,    0,    0,    0,    0,  -23,    3,    0,    0,    0,    0,    0,    0,    0,    0,    0,    0,    0,    0,    0,    0,    0,    0,    0,    0,    0,    0,    0,    0,    0,    0,    0,    0,    0,    0,    0,    0,    0,    0,    0,    0,    0,    0,    0,    0,    0,    0,    0,    0,    0,    0,    0,    0,    0,    0,    0,    0,    0,    0,    0,    0,    0,    0,    0,    0,    0,    0,    0,    0,    0,    0,    0,    0,    0,    0,    0,    0,    0,
       0,    0,    0,    0,    0,    0,    0,    0,    0,    0,    0,    0,    0,    0,   -9,    0,  -15,    0,    0,    0,    0,    0,   -5,    0,    0,  -19,    0,    0,    0,    0,   -5,    0,    0,    0,    0,    0,  -14,    0,  -11,    0,    0,    0,    0,    0,    0,    0,    0,    0,    0,    0,    0,    0,    0,    0,    0,    0,   -7,    0,    0,    0,    0,    0,    0,    0,    0,    0,    0,    0,    0,    0,    0,    0,    0,  -23,   -9,    0,    0,    0,    0,    0,    0,    0,    0,    0,    0,    0,    0,    0,    0,    0,    0,    0,    0,    0,    0,    0,    0,    0,    0,    0,    0,    0,    0,    0,    0,    0,    0,    0,    0,    0,    0,    0,
       0,    0,  -14,    0,    0,  -19,    0,    7,  -21,  -47,  -21,  -47,  -37,    0,    0,    0,    0,   -7,    0,    0,    0,    0,    0,    0,    0,  -13,    0,    0,    0,    0,    0,    0,    0,    0,    0,    0,    0,    0,    0,    0,    0,  -47,    0,    0,    0,    0,    0,    0,    0,    0,    0,    0,    0,    0,    7,    0,    0,    7,    0,    0,    0,    0,  -11,    0,   -9,  -47,    0,    0,    0,    0,    0,    0,    0,    0,    0,    0,    0,    0,    0,    0,    0,    0,    0,    0,    0,    0,    0,    0,    0,    0,    0,    0,    0,    0,    0,    0,    0,    0,    0,    0,    0,    0,    0,    0,    0,    0,    0,    0,    0,    0,    0,    0,
       0,   -9,    0,    0,    0,   -9,    0,  -14,    0,  -14,    0,  -14,    0,    0,  -14,   -9,   -9,    0,    0,    0,  -14,    0,   -5,   -7,    0,  -19,    0,    0,    0,    0,    0,    0,  -23,    0,   -7,   -5,  -14,  -20,   -9,  -23,    0,  -23,    0,    0,    0,    0,    0,    0,    0,    0,    0,   -5,    0,    0,    0,    0,   -5,    0,   -5,    0,    0,    0,    0,    0,  -14,    0,   -9,    0,    0,    0,    0,    0,    0,   -9,   -9,  -14,    0,    0,    0,   -7,   -9,   -7,    0,   -5,    0,   -5,   -5,    0,    0,    0,    0,    0,    0,    0,    0,    0,    0,    0,    0,    0,    0,    0,    0,    0,    0,    0,    0,    0,    0,    0,    0,    0,
       1,  -14,    0,    0,    0,    0,    0,  -14,   -5,    3,   -5,    3,    0,    0,  -23,    5,    0,   -9,    0,    0,   -9,    0,   -5,    0,    0,  -14,    0,    0,    0,   -5,    0,    0,  -23,   -5,   -8,    0,    0,  -25,    0,  -12,    7,    0,    0,    0,    0,    0,    0,    0,    0,    0,    0,    0,    0,    0,    0,    0,    0,    0,    0,    0,    7,    0,    0,    0,    0,    0,    0,    0,    0,    0,    0,    0,    0,    0,    0,   -8,  -14,    0,    0,    0,    0,    0,    0,   -5,    0,   -5,    0,    0,    0,    0,    0,    0,    0,    0,    0,    0,    0,    0,    0,    0,    0,    0,    0,    0,    0,    0,    0,    0,    0,    0,    0,    0,
       0,   -5,    0,   -9,    0,    0,    0,   -5,    0,    0,    0,    0,    0,    0,  -19,   -7,    0,   -5,   -5,    0,  -14,    0,   -9,    0,    0,   -9,    0,   -2,    0,    0,   -9,    0,   -9,    0,   -7,   -3,   -8,  -13,   -7,   -9,    0,   -9,    0,    0,    0,    0,    0,    0,    0,    0,    0,    0,    0,    0,    0,    0,   -3,    0,    0,    0,    0,    0,    0,    0,    0,    0,   -5,    0,    0,    0,    0,    0,    0,  -14,    0,  -13,    0,    0,    0,    0,   -9,    0,    0,   -7,    0,   -7,    0,    0,    0,    0,    0,    0,    0,    0,    0,    0,    0,    0,    0,    0,    0,    0,    0,    0,    0,    0,    0,    0,    0,    0,    0,    0,
       0,    0,    0,   -5,    0,   -7,    0,    0,  -37,    0,  -65,    0,    0,   -9,  -27,    0,    0,  -21,   -5,  -14,   -5,   -9,  -14,    0,  -25,    0,   -9,    0,    0,   -9,   -7,   -2,   -5,   -5,    0,    0,   -3,   -8,   -5,   -9,    0,    0,   -5,   -5,   -9,  -10,  -14,    0,   -8,   -5,   -6,   -4,  -14,   -7,  -23,  -14,   -7,  -23,   -2,    0,    0,    0,  -19,    0,   -9,    0,    0,    0,    0,    0,    0,  -11,    0,    0,    0,   -4,   -5,   -5,   -8,    0,   -5,    0,    0,  -21,  -21,  -21,   -7,    0,    0,    0,    0,    0,    0,    0,    0,    0,    0,    0,    0,    0,    0,    0,    0,    0,    0,    0,    0,    0,    0,    0,    0,    0,
       0,    0,    0,    0,    0,    0,    0,    0,    0,   -9,    0,   -9,    0,    0,   -6,  -12,   -9,    0,    0,    0,   -9,    0,    0,    0,    0,   -9,    0,   -5,    0,    0,   -7,   -4,  -16,    0,   -2,    0,   -8,  -16,  -12,   -9,    0,  -19,   -5,    0,    0,    0,    0,    0,    0,    0,    0,    0,    0,    0,    0,    0,   -2,    0,   -3,    0,    0,    0,    0,    0,    0,    0,   -9,    0,    0,    0,    0,    0,   -5,   -9,   -9,   -5,    0,    0,    0,   -6,   -5,   -6,    0,    0,    0,    0,    0,    0,    0,    0,    0,    0,    0,    0,    0,    0,    0,    0,    0,    0,    0,    0,    0,    0,    0,    0,    0,    0,    0,    0,    0,    0,
       0,    0,    0,   -5,    0,    0,    0,    3,   -9,    0,   -9,    0,    0,   -5,  -13,    0,    0,  -12,    0,   -7,    0,   -5,   -7,    0,    0,    0,   -5,    0,    0,   -6,   -5,    0,    0,    0,    0,    0,    0,   -2,   -5,  -14,    0,    0,   -5,    0,   -9,   -9,   -9,    0,    0,   -4,   -5,   -2,   -8,   -7,   -9,   -5,    0,   -9,    0,    0,    0,    0,   -9,    0,    0,    0,    0,    0,    3,    0,    0,   -7,    3,   -7,    0,    0,    0,    0,   -7,    0,   -5,    0,    0,  -14,   -9,  -14,    0,    0,    0,    0,    0,    0,    0,    0,    0,    0,    0,    0,    0,    0,    0,    0,    0,    0,    0,    0,    0,    0,    0,    0,    0,    0,
       1,    0,  -14,   -9,    0,  -14,    0,    0,   -5,  -37,   -5,  -37,  -23,   -5,  -14,   -5,    0,  -19,   -9,   -7,    0,  -12,   -9,    0,   -7,    0,   -9,  -23,    0,   -8,   -6,  -11,    0,    0,    0,    0,    0,   -2,   -9,    0,    3,  -47,  -26,   -5,  -16,  -19,  -21,  -13,  -14,   -5,  -16,  -21,   -8,  -17,  -16,  -12,  -28,  -16,  -23,    0,    0,    0,  -14,    0,  -19,    0,  -33,    0,    0,    0,  -13,   -7,    0,   -7,  -17,    0,    0,    0,   -9,    0,  -23,    0,  -16,    0,    0,    0,    0,    0,    0,    0,    0,    0,    0,    0,    0,    0,    0,    0,    0,    0,    0,    0,    0,    0,    0,    0,    0,    0,    0,    0,    0,    0,
       0,   -5,    0,    0,    0,    0,    0,    0,    0,    0,    0,    0,    0,    0,  -16,   -5,    0,    0,    0,    0,   -8,    0,   -5,    0,    0,   -5,    0,    0,    0,    0,   -3,    0,  -10,    0,    0,    0,   -3,  -13,   -2,   -7,    0,    0,    0,    0,    0,    0,    0,    0,    0,    0,    0,    0,    0,    0,    0,    0,    0,    0,    0,    0,    0,    0,    0,    0,    0,    0,    0,    0,    0,    0,    0,    0,    0,    0,    0,    0,    0,    0,    0,    0,    0,    0,    0,    0,    0,    0,    0,    0,    0,    0,    0,    0,    0,    0,    0,    0,    0,    0,    0,    0,    0,    0,    0,    0,    0,    0,    0,    0,    0,    0,    0,    0,
       0,    0,    0,    0,    0,    0,    0,    0,    0,    0,    0,    0,    0,    0,    0,    0,    0,    0,    0,    0,    0,    0,    0,    0,    0,    0,    0,    0,    0,    0,    0,    0,    0,    0,    0,    0,    0,    0,    0,    0,    0,    0,    0,    0,    0,    0,    0,    0,    0,    0,    0,    0,    0,    0,    0,    0,    0,    0,    0,    0,    0,    0,    0,    0,    0,    0,    0,    0,    7,    0,    0,    0,    0,    0,    0,    0,    0,    0,    0,    0,    0,    0,    0,    0,    0,    0,    0,    0,    0,    0,    0,    0,    0,    0,    0,    0,    0,    0,    0,    0,    0,    0,    0,    0,    0,    0,    0,    0,    0,    0,    0,    0,
       0,    0,    0,    0,    0,    0,    0,    0,    0,    0,    0,    0,    0,    0,    0,    0,    0,    0,    0,    0,    0,    0,    0,    0,    0,    0,    0,    0,    0,    0,    0,    0,    0,    0,    0,    0,    0,    0,    0,    0,    0,   -9,    0,    0,    0,    0,    0,    0,    0,    0,    0,    0,    0,    0,    0,    0,    0,    0,    0,    0,    0,    0,    0,    0,    0,    0,    0,    0,    7,    0,    0,    0,    0,    0,    0,    0,    0,    0,    0,    0,    0,    0,    0,    0,    0,    0,    0,    0,    0,    0,    0,    0,    0,    0,    0,    0,    0,    0,    0,    0,    0,    0,    0,    0,    0,    0,    0,    0,    0,    0,    0,    0,
       0,    0,    0,   -5,    0,   -5,    0,    0,  -17,    0,  -17,    0,    0,   -3,  -21,    0,    0,  -14,    0,   -9,    0,   -6,   -5,    0,  -14,  -14,  -14,    0,    0,   -8,   -3,    0,    0,   -4,    0,    0,    0,    0,    0,   -9,    7,    0,   -3,    0,   -8,   -8,   -6,    0,    0,    0,    0,    0,   -6,   -5,   -6,   -3,    0,   -6,    0,    0,    3,    0,   -5,    0,    0,    0,    0,    0,    0,    0,    0,   -4,    0,   -5,    0,    0,    0,    0,    0,    0,    0,    0,    0,  -25,  -16,  -25,    0,    0,    0,    0,    0,    0,    0,    0,    0,    0,    0,    0,    0,    0,    0,    0,    0,    0,    0,    0,    0,    0,    0,    0,    0,    0,
       0,  -47,    0,   -6,    0,   -9,    0,  -37,  -47,    0,  -47,    0,   -9,  -14,  -56,   -6,    0,  -14,   -5,  -14,  -19,   -5,  -28,    0,  -14,  -37,    0,    0,    0,  -20,  -10,   -5,  -42,  -12,  -41,  -19,    0,  -42,    0,  -53,    0,    0,   -5,   -5,  -12,  -16,  -12,    0,   -5,   -5,   -5,   -6,  -13,   -7,  -35,  -22,    0,  -35,    0,    0,    0,    0,  -28,    0,   -9,    0,    0,    0,   -5,    0,    0,  -16,    0,    0,    0,    0,  -44,    0,    0,    0,   -5,    0,    0,    0,    0,    0,    0,    0,    0,    0,    0,    0,    0,    0,    0,    0,    0,    0,    0,    0,    0,    0,    0,    0,    0,    0,    0,    0,    0,    0,    0,    0,
       0,    0,    0,   -7,    0,    0,    0,    0,    0,    0,    0,    0,    0,    0,   -8,    0,    0,   -5,    0,    0,   -5,    0,   -2,    0,    0,   -5,    0,    0,    0,   -5,   -3,    0,   -8,    0,   -3,    0,    0,   -9,    0,    0,    0,    0,    0,    0,    0,    0,    0,    0,    0,    0,    0,    0,    0,    0,    0,    0,    0,    0,    0,    0,    0,    0,   -5,    0,    0,    0,    0,    0,    0,    0,    0,    0,    0,    0,    0,    0,    0,    0,    0,    0,    0,    0,    0,   -5,   -4,   -5,    0,    0,    0,    0,    0,    0,    0,    0,    0,    0,    0,    0,    0,    0,    0,    0,    0,    0,    0,    0,    0,    0,    0,    0,    0,    0,
       0,    0,   -9,   -8,    0,  -21,    0,    0,   -6,  -56,   -6,  -56,  -23,    0,   -8,  -11,   -9,  -20,   -7,   -5,   -9,   -9,   -2,    0,    0,  -19,  -14,  -28,    0,    0,  -16,  -14,  -12,    0,   -9,   -5,  -16,  -18,  -17,  -23,    0,  -47,  -20,   -9,  -14,   -2,  -12,    0,   -9,   -5,   -9,  -14,   -2,  -12,   -2,   -2,   -7,   -2,  -12,    0,    0,    0,    0,    0,    0,    0,  -39,    0,    0,    0,    0,    0,  -27,  -19,  -28,   -9,    0,    0,    0,  -23,  -14,  -23,  -14,   -5,    0,   -5,  -18,    0,    0,    0,    0,    0,    0,    0,    0,    0,    0,    0,    0,    0,    0,    0,    0,    0,    0,    0,    0,    0,    0,    0,    0,    0,
       0,    0,    0,    0,    0,    0,    3,    0,    0,   -9,    0,   -9,    0,    0,   -6,  -12,   -9,    0,    0,    0,   -9,    0,    0,    0,    0,   -9,    0,   -5,    0,    0,   -7,   -4,  -16,    0,   -2,    0,   -8,  -16,  -12,   -9,   10,  -19,   -5,    0,    0,    0,    0,    0,    0,    0,    0,    0,    0,    0,    0,    0,   -2,    0,   -3,    0,   10,    0,    0,    0,    0,    0,   -9,    0,    0,    0,    0,    0,   -5,   -9,   -9,   -5,    0,    0,    0,   -6,   -5,   -6,    0,    0,    0,    0,    0,    0,    0,    0,    0,    0,    0,    0,    0,    0,    0,    0,    0,    0,    0,    0,    0,    0,    0,    0,    0,    0,    0,    0,    0,    0,
       0,    0,    0,   -4,    0,   -5,    0,    0,  -13,    0,  -13,    0,    0,    0,   -8,    0,    0,   -9,    0,    0,   -7,    0,   -2,    0,    0,   -9,    0,    0,    0,   -6,   -5,    0,   -9,   -4,   -4,    0,    0,  -14,   -4,   -9,    7,    0,   -3,    0,   -5,    0,   -5,    0,    0,    0,    0,    0,    0,    0,    0,    0,    0,    0,    0,    0,    3,    0,   -5,    0,    0,    0,    0,    0,    0,    0,    0,    0,    0,   -6,    0,    0,    0,    0,    0,    0,    0,    0,    0,    0,    0,    0,    0,    0,    0,    0,    0,    0,    0,    0,    0,    0,    0,    0,    0,    0,    0,    0,    0,    0,    0,    0,    0,    0,    0,    0,    0,    0,
       3,    5,  -23,   -9,    0,  -19,    0,    3,  -23,  -28,  -23,  -28,  -23,  -14,   -9,    0,    0,  -23,   -9,  -19,    0,   -9,   -9,    0,    0,    0,  -23,  -23,    0,  -16,   -8,   -9,    0,    0,    0,    0,    0,    0,   -9,  -14,    7,  -23,  -23,    0,  -26,  -19,  -23,    0,  -14,   -5,  -14,  -23,  -19,  -19,  -19,  -14,  -17,  -19,  -19,    0,    0,    0,  -19,    0,   -9,    0,  -36,    0,    0,    0,    0,  -11,  -19,    0,  -24,    0,    3,   -8,  -14,  -23,  -28,  -23,  -20,  -23,  -14,  -23,  -23,    0,    0,    0,    0,    0,    0,    0,    0,    0,    0,    0,    0,    0,    0,    0,    0,    0,    0,    0,    0,    0,    0,    0,    0,    0,
       0,    0,    0,   -3,    0,    0,    0,    0,    0,   -5,    0,   -5,   -5,    0,    0,    0,    0,    0,    0,    0,    0,    0,    0,    0,    0,    0,    0,   -5,    0,    0,   -3,    0,    0,    0,    0,    0,   -3,    0,   -5,    0,    0,  -14,   -2,    0,    0,    0,    0,    0,    0,    0,    0,   -2,    0,    0,    0,    0,    0,    0,   -4,    0,    0,    0,    0,    0,    0,    0,   -9,    0,    7,    0,    0,    0,    0,    0,    0,    0,    0,    0,    0,    0,   -2,    0,    0,    0,    0,    0,    0,    0,    0,    0,    0,    0,    0,    0,    0,    0,    0,    0,    0,    0,    0,    0,    0,    0,    0,    0,    0,    0,    0,    0,    0,    0,
       5,    5,   -5,   -7,    0,   -9,    0,    3,  -11,  -23,  -11,  -23,  -12,    0,   -9,    0,    0,   -9,   -5,   -2,    0,   -5,   -2,    0,    0,    0,   -7,   -8,    0,   -2,   -3,   -4,    0,    0,    0,    0,    0,    0,   -9,    0,   10,  -23,  -16,    0,  -12,   -5,  -14,    0,   -3,    0,   -5,   -9,   -5,   -9,   -4,   -3,   -8,   -4,  -10,    0,    0,    0,   -9,    0,    0,    0,  -16,    0,    5,    0,    0,   -4,    0,    0,    0,    0,    5,    0,    0,    0,  -14,    0,    0,    0,    0,    0,    0,    0,    0,    0,    0,    0,    0,    0,    0,    0,    0,    0,    0,    0,    0,    0,    0,    0,    0,    0,    0,    0,    0,    0,    0,    0,
       0,    0,    0,   -5,    0,   -5,    0,    3,    0,  -14,    0,  -14,    0,    0,   -9,    0,    0,   -5,   -5,    0,    0,    0,    0,    0,    0,    0,   -5,    0,    0,    0,   -3,    0,    0,    0,    0,    0,    0,    0,   -9,    0,    3,  -28,  -12,    0,   -5,   -2,   -5,    0,    0,    0,   -2,   -5,   -2,   -5,    0,    0,   -5,    0,   -5,    0,    0,    0,    0,    0,    0,    0,    0,    0,    8,    0,    0,    0,    0,    0,    0,    0,    0,    0,    0,    0,   -7,    0,    0,    0,    0,    0,    0,    0,    0,    0,    0,    0,    0,    0,    0,    0,    0,    0,    0,    0,    0,    0,    0,    0,    0,    0,    0,    0,    0,    0,    0,    0,
       0,    5,  -18,   -9,    0,  -23,    0,    0,  -27,  -44,  -27,  -44,  -28,   -9,  -16,   -9,   -9,  -23,   -9,  -23,    0,  -16,  -19,    0,    0,    0,  -20,  -25,    0,  -16,   -7,   -9,    0,    0,    0,    0,    0,    0,   -7,    0,    7,  -37,  -37,   -5,  -30,  -16,  -23,    0,   -9,   -5,  -25,  -27,  -13,  -25,  -23,  -14,  -25,  -23,  -27,    0,    0,    0,  -19,    0,   -9,    0,  -33,    0,    0,    0,    0,  -11,  -25,   -9,   -7,    0,    0,  -11,  -14,  -30,  -35,  -30,  -25,  -28,  -22,  -28,  -25,    0,    0,    0,    0,    0,    0,    0,    0,    0,    0,    0,    0,    0,    0,    0,    0,    0,    0,    0,    0,    0,    0,    0,    0,    0,
       0,    0,   -5,   -7,    0,   -9,    0,    5,  -25,    0,  -25,    0,    0,   -5,   -9,   -5,    0,  -14,   -7,  -12,    0,   -7,   -8,    0,  -12,    0,   -9,    0,    0,  -12,   -7,   -5,   -2,   -5,    0,    0,    0,    0,   -3,  -19,    0,    0,   -6,    0,  -10,   -9,  -12,    0,   -6,   -7,   -6,   -6,   -9,   -8,   -7,   -5,   -9,   -7,   -7,    0,    0,    0,  -21,    0,  -12,    0,    0,    0,    3,    0,    0,   -8,    0,   -5,    0,    0,    0,    0,    0,    0,  -14,    0,    0,  -14,    0,  -14,    0,    0,    0,    0,    0,    0,    0,    0,    0,    0,    0,    0,    0,    0,    0,    0,    0,    0,    0,    0,    0,    0,    0,    0,    0,    0,
       0,    5,    0,    0,    0,    0,    0,    0,    0,    0,    0,    0,    0,    0,  -16,    0,    0,   -5,    0,    0,    0,    0,    0,    3,    0,    0,    0,    7,    0,    0,    7,    0,    3,    0,   10,    3,    7,    7,    0,    0,    0,    7,    0,    0,    0,    0,    0,    0,   23,    0,    0,    0,    0,    0,    0,    0,    7,    0,    0,    0,    0,    0,    0,    0,    0,    3,   10,   25,   29,   18,    0,    0,    7,    0,    0,    7,    0,    7,    0,    3,    0,    0,    0,    0,    0,    0,    7,    0,    0,    0,    0,    0,    0,    0,    0,    0,    0,    0,    0,    0,    0,    0,    0,    0,    0,    0,    0,    0,    0,    0,    0,    0,
       0,  -47,    0,    0,  -28,  -28,    0,  -37,  -28,    0,  -28,    0,    0,    0,  -25,    0,  -14,   -9,    0,   -9,  -19,    0,  -19,    0,    0,  -37,  -14,    0,    0,    0,    0,    0,  -23,    0,  -12,    0,    0,  -28,   -9,  -56,    0,    0,   -9,    0,    0,  -14,    0,    0,    9,    0,    0,    0,   -9,    0,    0,    0,    0,    0,    0,    0,    0,    0,  -14,  -40,    0,    0,    0,    0,    0,    0,    0,   -4,    0,    0,    0,  -14,  -28,    0,    0,    0,    0,    0,    0,  -14,  -23,  -14,    0,    0,  -21,  -23,  -28,   -9,    0,  -35,  -16,   -9,   -9,    0,    0,    0,    0,    0,    0,    0,    0,    0,    0,    0,    0,    0,    0,    0,
       0,  -47,    0,   -9,  -37,  -14,    7,  -47,  -37,    0,  -37,    0,    0,  -14,  -47,    0,    0,  -56,    0,  -14,    0,   -9,    0,    0,    0,  -37,  -14,    0,    0,  -19,   13,    0,  -23,  -14,  -23,  -28,    0,  -37,    0,  -56,    7,   -5,   -9,    0,   -9,   -9,    7,    0,   27,   -5,    0,    0,   -9,   -9,  -14,   -9,    0,  -19,    0,    0,    7,    0,  -19,    0,    0,    3,    0,    0,    0,   22,   24,   -7,   16,    0,    0,    0,  -70,    0,    0,    5,    0,    0,    0,  -28,  -70,  -28,    0,    0,    0,    0,    0,   -9,    0,  -33,  -47,  -14,   -9,    0,    0,    0,    0,    0,    0,    0,    0,    0,    0,    0,    0,    0,    0,    0,
       0,   -5,    0,    0,    0,   -7,    0,   -7,   -4,    0,   -4,    0,    0,    0,  -23,    0,    0,    0,    0,    0,  -14,    0,    0,    0,    0,  -14,    0,    0,    0,    0,    0,    0,    0,    0,    0,    0,    0,    0,    0,  -19,    0,    0,   -2,    0,    0,    0,   -1,    0,    0,   -3,    0,    0,    0,    0,   -5,   -1,    0,   -5,    0,    0,    0,    0,    0,    0,    0,    0,    0,    0,    0,    0,    0,   -2,    0,    0,    0,    0,    0,    0,    0,    0,    0,    0,    0,   -7,    0,   -7,    0,    0,    0,    0,    0,    0,    0,    0,    0,    0,    0,    0,    0,    0,    0,    0,    0,    0,    0,    0,    0,    0,    0,    0,    0,    0,
       0,   -5,    0,    0,    0,    0,    0,   -5,    0,   -5,    0,   -5,    0,    0,  -23,   -9,   -9,    0,   -5,    0,  -14,    0,   -5,    0,    0,  -19,    0,    0,    0,    0,    0,    0,    0,    0,    0,    0,    0,    0,    0,  -23,    0,   -9,   -3,    0,    0,    0,    0,    0,    0,    0,    0,    0,    0,    0,   -3,    0,   -5,   -3,   -3,    0,    0,    0,    0,    0,   -9,    0,    0,    0,    0,    0,    0,    0,    0,    0,    0,    0,    0,    0,    0,   -5,   -9,   -5,    0,   -8,    0,   -8,   -5,    0,    0,    0,    0,    0,    0,    0,    0,    0,    0,    0,    0,    0,    0,    0,    0,    0,    0,    0,    0,    0,    0,    0,    0,    0,
       0,    0,    0,    0,    0,   -7,    0,    0,  -18,    5,  -18,    5,    0,   -5,   -4,    0,    0,  -14,    0,    0,  -14,   -5,    0,    0,   -7,  -16,   -9,    0,    0,    0,    0,    0,    0,    0,    0,    0,    0,    0,    0,  -14,    0,    0,   -2,    0,   -7,    0,   -5,    0,    0,    0,    0,    0,    0,   -5,    0,    0,    0,    0,    0,    0,    0,    0,  -14,    0,    0,    0,    0,    0,    0,    0,    0,   -4,    0,    0,    0,    0,    0,    0,   -4,    0,    0,    0,    0,    0,   -2,    0,    0,    0,    0,    0,    0,    0,    0,    0,    0,    0,    0,    0,    0,    0,    0,    0,    0,    0,    0,    0,    0,    0,    0,    0,    0,    0,
       0,    0,    0,    0,    0,    0,    0,    0,    0,    0,    0,    0,    0,    0,    0,    0,    0,    0,    0,    0,    0,    0,    0,    0,    0,    0,    0,    0,    0,    0,    0,    0,    0,    0,    0,    0,    0,    0,    0,    0,    0,    0,    0,    0,    0,    0,    0,    0,    0,    0,    0,    0,    0,    0,    0,    0,    0,    0,    0,    0,    0,    0,    0,    0,    0,    0,    0,    0,   10,    0,    0,    0,    0,    0,    0,    0,    0,    0,    0,    0,    0,    0,    0,    0,    0,    0,    0,    0,    0,    0,    0,    0,    0,    0,    0,    0,    0,    0,    0,    0,    0,    0,    0,    0,    0,    0,    0,    0,    0,    0,    0,    0,
      27,   33,    0,    0,    9,   -5,   37,   23,   -9,  -23,   -9,  -23,  -13,    0,    9,    9,   13,   -4,    9,    0,   28,    2,    9,    0,    0,   23,   -7,    0,    0,    0,    0,    0,    0,    0,    0,    0,    0,    0,    0,    7,   27,  -14,   -7,    0,   -5,    0,    0,    0,    0,    0,    0,   -2,    0,    0,    0,    0,    0,    0,   -5,    3,   27,    0,   -9,    0,    0,    0,    0,    0,   28,    0,    0,    0,    0,    0,    0,    0,    0,    0,    0,    0,    0,    0,    0,    0,    0,    0,    0,    0,    0,    0,    0,    0,    0,    0,    0,    0,    0,    0,    0,    0,    0,    0,    0,    0,    0,    0,    0,    0,    0,    0,    0,    0,
       0,    0,    0,    0,    0,    0,    0,    0,   -5,   12,   -5,    0,    0,    0,    0,    0,    0,   -7,    0,    0,    0,    0,    0,    0,    0,   -9,    0,    0,    0,    0,    0,    0,    0,    0,    0,    0,    0,    0,    0,   -9,    0,    3,   -4,    0,   -3,    0,    0,    0,    0,    0,    0,   -2,    0,   -2,    0,    0,    0,    0,   -2,    0,    0,    0,   -5,    0,    0,    0,    0,    0,    0,    0,    0,    0,    0,    0,    0,    0,    0,    0,    0,    0,   -2,    0,    0,    0,    0,    0,    0,    0,    0,    0,    0,    0,    0,    0,    0,    0,    0,    0,    0,    0,    0,    0,    0,    0,    0,    0,    0,    0,    0,    0,    0,    0,
       0,   -5,    0,    0,    0,    0,    0,    0,    0,    0,    0,    0,    0,    0,  -14,    0,    0,    0,    0,    0,   -9,    0,    0,    0,    0,  -14,    0,    0,    0,    0,    0,    0,    0,    0,    0,    0,    0,  -19,    0,  -15,    0,    0,    0,    0,    0,    0,    0,    0,    0,    0,    0,    0,    0,    0,   -3,    0,    0,   -3,    0,    0,    0,    0,    0,    0,    0,    0,    0,    0,    0,    0,    0,    0,    0,    0,    0,    0,    0,    0,    0,    0,    0,    0,    0,   -2,    0,   -2,    0,    0,    0,    0,    0,    0,    0,    0,    0,    0,    0,    0,    0,    0,    0,    0,    0,    0,    0,    0,    0,    0,    0,    0,    0,    0,
       0,    0,    0,    0,    0,    0,    0,    0,    0,    0,    0,    0,    0,    0,    0,    0,    0,    0,    0,    0,    0,    0,    0,    0,    0,    0,    0,    0,    0,    0,    0,    0,    0,    0,    0,    0,    0,    0,    0,    0,    0,    0,    0,    0,    0,    0,    0,    0,    0,    0,    0,    0,    0,    0,    0,    0,    0,    0,    0,    0,    0,    0,    0,    0,    0,    0,    0,    0,    8,    0,    0,    0,    0,    0,    0,    0,    0,    0,    0,    0,    0,    0,    0,    0,    0,    0,    0,    0,    0,    0,    0,    0,    0,    0,    0,    0,    0,    0,    0,    0,    0,    0,    0,    0,    0,    0,    0,    0,    0,    0,    0,    0,
       3,    0,    0,    0,    0,   -9,    0,    3,  -16,    3,  -16,    3,    0,   -3,   -6,    0,    0,   -7,   -2,   -5,    0,    0,   -5,    0,   -7,  -12,   -5,    0,    0,    0,    0,    0,    0,    0,    0,    0,    0,    0,    0,   -9,    7,    0,   -5,    0,   -5,    0,   -3,    0,    0,    0,    0,   -2,    0,   -2,    0,    0,    0,    0,    0,    0,    7,    0,   -9,    0,    0,    0,    0,    0,    0,    0,    0,   -4,    0,    0,    0,    0,    0,    0,   -2,    0,    0,    0,    0,    0,   -7,    0,    0,    0,    0,    0,    0,    0,    0,    0,    0,    0,    0,    0,    0,    0,    0,    0,    0,    0,    0,    0,    0,    0,    0,    0,    0,    0,
       3,   -7,    0,    0,    0,    0,    0,   -5,   -5,    3,   -5,    3,    0,    0,  -13,    0,    0,    0,    0,    0,   -8,    0,    0,    0,    0,   -7,    0,    0,    0,    0,    0,    0,    0,    0,    0,    0,    0,    0,    0,   -9,    3,    0,   -2,    0,   -2,    0,    0,    0,    0,    0,    0,    0,    0,    0,   -5,    0,    0,   -5,    2,    0,    3,    0,   -5,    0,    0,    0,    0,    0,    0,    0,    0,    0,    0,    0,    0,    0,    0,    0,    0,    7,    0,    0,    0,  -10,   -5,  -10,    0,    0,    0,    0,    0,    0,    0,    0,    0,    0,    0,    0,    0,    0,    0,    0,    0,    0,    0,    0,    0,    0,    0,    0,    0,    0,
       0,    0,    0,    0,    0,    0,    0,    0,    0,    0,    0,    0,    0,    0,    0,    0,    0,    0,    0,    0,    0,    0,    0,    0,    0,   -9,    0,    0,    0,    0,    0,    0,    0,    0,    0,    0,    0,    0,    0,  -11,    0,    0,    0,    0,    0,    0,    0,    0,    6,    0,    0,    0,    0,    0,    0,    0,    0,    0,    0,    0,    0,    0,    0,    0,    0,    0,    0,    0,    0,    0,    0,    0,    0,    0,    0,    0,    0,    0,    0,    0,    0,    0,    0,    0,    0,    0,    0,    0,    0,    0,    0,    0,    0,    0,    0,    0,    0,    0,    0,    0,    0,    0,    0,    0,    0,    0,    0,    0,    0,    0,    0,    0,
       0,    3,   -7,    0,    0,  -19,    0,   11,  -14,  -37,  -14,  -37,  -28,    0,    5,   -2,   -9,  -14,   -5,    0,    0,   -5,    0,    0,    0,  -14,   -7,    0,    0,    0,    0,    0,    0,    0,    0,    0,    0,    0,    0,  -23,    0,  -37,  -12,    0,   -9,    0,   -6,    0,    0,    0,    0,   -6,    0,    0,    0,    0,    0,    0,   -5,    0,    0,    0,  -12,    0,   -2,    0,    0,    0,    0,    0,    0,    0,    0,    0,    0,    0,    0,    0,    0,    0,   -5,    0,    0,    0,    0,    0,    0,    0,    0,    0,    0,    0,    0,    0,    0,    0,    0,    0,    0,    0,    0,    0,    0,    0,    0,    0,    0,    0,    0,    0,    0,    0,
       0,   -7,    0,    0,    0,    0,    0,    0,   -5,    0,   -5,    0,    0,    0,  -14,   -5,    0,    0,   -5,    0,  -12,    0,   -5,    0,    0,  -14,    0,    0,    0,    0,    0,    0,    0,    0,    0,    0,    0,    0,    0,  -16,    0,   -9,    0,    0,    0,    0,    0,    0,    0,    0,    0,   -4,    0,    0,   -6,   -2,   -3,   -6,    0,    0,    0,    0,    0,    0,    0,    0,    0,    0,    0,    0,    0,   -2,    0,    0,    0,    0,    0,    0,    0,   -2,   -2,   -2,    0,  -11,   -6,  -11,    0,    0,    0,    0,    0,    0,    0,    0,    0,    0,    0,    0,    0,    0,    0,    0,    0,    0,    0,    0,    0,    0,    0,    0,    0,    0,
       3,   -7,   -5,    0,    0,    0,    0,    0,  -19,    3,  -19,    3,    0,   -5,   -9,    0,    0,   -9,    0,   -5,   -9,    0,   -2,    0,    0,  -14,   -5,    0,    0,    0,    0,    0,    0,    0,    0,    0,    0,    0,    0,  -19,    5,    0,   -2,    0,   -8,    0,   -6,    0,    0,   -2,    0,    0,    0,    0,   -2,    0,    0,   -2,    0,    0,    0,    0,   -9,    0,    0,    0,    0,    0,    0,    0,    0,   -4,    0,    0,    0,    0,    0,    0,    0,    0,    0,    0,    0,    0,    0,    0,    0,    0,    0,    0,    0,    0,    0,    0,    0,    0,    0,    0,    0,    0,    0,    0,    0,    0,    0,    0,    0,    0,    0,    0,    0,    0,
       0,    0,    0,    0,    0,    0,    0,    0,    0,    0,    0,    0,    0,    0,   -9,    0,    0,    0,    0,    0,   -9,    0,    0,    0,    0,   -9,    0,    0,    0,    0,    0,    0,    0,    0,    0,    0,    0,    0,    0,  -11,    0,    0,    0,    0,    0,    0,    0,    0,    0,    0,    0,    0,    0,    0,    0,    0,    0,    0,    0,    0,    0,    0,    0,    0,    0,    0,    0,    0,    0,    0,    0,    0,    0,    0,    0,    0,    0,    0,    0,    0,    0,    0,    0,    0,    0,    0,    0,    0,    0,    0,    0,    0,    0,    0,    0,    0,    0,    0,    0,    0,    0,    0,    0,    0,    0,    0,    0,    0,    0,    0,    0,    0,
       7,    0,    0,    0,    0,   -8,    0,    7,   -5,  -19,   -5,  -19,    0,    0,    0,   -5,   -8,   -5,    0,    0,    0,    0,    0,    0,    0,  -14,    0,    0,    0,    0,    0,    0,    0,    0,    0,    0,    0,    0,    0,   -9,    0,  -14,   -7,    0,   -3,    0,   -1,    0,    0,    0,    0,   -4,    0,    0,    0,    0,    0,    0,    0,    0,    0,    0,   -5,    0,    0,    0,    0,    0,    0,    0,    0,   -3,    0,    0,    0,    0,    0,    0,    0,   -7,   -5,   -7,   -3,    0,    0,    0,   -6,    0,    0,    0,    0,    0,    0,    0,    0,    0,    0,    0,    0,    0,    0,    0,    0,    0,    0,    0,    0,    0,    0,    0,    0,    0,
       3,    0,    0,    0,    0,    0,    0,    7,    0,   -9,    0,   -9,    0,    0,    0,    0,   -5,    0,    0,    0,    0,    0,    0,    0,    0,   -9,    0,    0,    0,    0,    0,    0,    0,    0,    0,    0,    0,    0,    0,   -9,    0,   -9,   -3,    0,    0,    0,    0,    0,    0,    0,    0,    0,    0,    0,    0,    0,    0,    0,    0,    0,    0,    0,   -2,    0,    0,    0,    0,    0,    0,    0,    0,    0,    0,    0,    0,    0,    0,    0,    0,   -3,    0,   -3,    0,    0,    0,    0,   -2,    0,    0,    0,    0,    0,    0,    0,    0,    0,    0,    0,    0,    0,    0,    0,    0,    0,    0,    0,    0,    0,    0,    0,    0,    0,
       0,    0,   -3,    0,    0,   -9,    0,    0,  -11,    0,  -11,    0,    0,    0,   -5,    0,    0,  -11,    0,   -5,   -5,    0,    0,    0,    0,   -5,   -2,    0,    0,    0,    0,    0,    0,    0,    0,    0,    0,    0,    0,  -14,    0,    0,    0,    0,   -3,    0,   -3,    0,    0,    0,    0,   -2,    0,    0,    0,    0,    0,    0,    0,    0,    0,    0,   -9,    0,    0,    0,    0,    0,    0,    0,    0,   -3,    0,    0,    0,    0,    0,    0,    0,    0,   -1,    0,    0,    0,    0,    0,    0,    0,    0,    0,    0,    0,    0,    0,    0,    0,    0,    0,    0,    0,    0,    0,    0,    0,    0,    0,    0,    0,    0,    0,    0,    0,
       0,    5,    0,    0,    0,    0,    0,    0,    0,    0,    0,    0,    0,    0,    0,    0,    0,    0,    0,    0,    0,    0,    0,    0,    0,    0,    0,    7,    0,    0,    7,    0,    0,    0,    0,    0,    3,    0,    0,    0,    0,    7,    0,    0,    0,    0,    0,    0,   20,    0,    0,    0,    0,    0,    0,    0,    7,    0,    0,    0,    0,    0,    0,    0,    0,    3,    7,   25,   29,   18,    0,    0,    7,    0,    0,    0,    0,    0,    0,    0,    0,    0,    0,    0,    0,    0,    3,    0,    0,    0,    0,    0,    0,    0,    0,    0,    0,    0,    0,    0,    0,    0,    0,    0,    0,    0,    0,    0,    0,    0,    0,    0,
       0,    0,    0,    0,    0,    0,    0,    0,    0,    0,    0,    0,    0,    0,  -14,    0,    0,    0,    0,    0,  -14,    0,    0,    0,    0,  -14,    0,    0,    0,    0,    7,    0,  -12,    0,   -9,    0,    0,  -19,    0,  -23,    0,    0,    0,    0,    0,    0,    0,    0,   20,    0,    0,    0,    0,    0,    0,    0,    0,    0,    0,    0,    0,    0,    0,    0,    0,    0,    0,    0,    0,    0,    0,    0,    0,    0,    0,    0,    0,    0,    0,    0,    0,    0,    0,    0,    0,    0,    0,    0,    0,    0,    0,    0,    0,    0,    0,    0,    0,    0,    0,    0,    0,    0,    0,    0,    0,    0,    0,    0,    0,    0,    0,    0,
       0,    0,    0,    0,    0,    0,    0,    0,  -23,    0,  -23,    0,    0,    0,  -12,   -6,   -4,   -9,    0,    0,  -12,    0,    0,    0,    0,    0,  -14,    0,    0,    0,    0,    0,   -9,    0,    0,    0,    0,   -9,   -9,  -19,    0,    0,   -7,    0,   -9,    0,    0,    0,    0,    0,    0,    0,    0,    0,    0,    0,    0,    0,    0,    0,    0,    0,  -27,    0,    0,    0,    0,    0,    0,    0,    0,   -4,    0,   -9,    0,   -9,    0,    0,    0,    0,    0,    0,    0,    0,    0,    0,    0,    0,    0,    0,    0,    0,    0,    0,   -5,    0,   -7,    0,    0,    0,    0,    0,    0,    0,    0,    0,    0,    0,    0,    0,    0,    0,
     -30,  -37,    0,    0,    0,    0,    0,  -30,  -42,  -93,  -42,  -93,  -77,    0,    0,    0,    0,    0,    0,    0,    0,    0,    0,  -49,    0,  -47,    0,    0,    0,    0,    0,    0,    0,    0,    0,    0,    0,    0,    0,  -40,    0,  -47,    0,    0,    0,    0,    0,    0,    0,    0,    0,    0,    0,    0,    0,    0,    0,    0,    0,    0,    0,    0,    0,    0,    0,    0,    0,    0,    0,    0,    0,    0,    0,    0,    0,    0,    0,    0,    0,    0,    0,    0,    0,    0,    0,    0,    0,    0,    0,    0,    0,    0,    0,    0,    0,    0,    0,    0,    0,    0,    0,    0,    0,    0,    0,    0,    0,    0,    0,    0,    0,    0,
       0,   -9,    0,   -9,    0,    0,    0,   -9,    0,  -19,    0,  -19,  -14,    0,  -21,  -20,  -20,    0,   -9,    0,  -21,    0,   -9,    0,    0,   -9,    0,    0,    0,    0,   -7,    0,  -19,    0,   -9,    0,    0,  -19,  -19,  -19,    0,  -19,   -7,    0,    0,   -5,    0,    0,    0,    0,    0,    0,    0,    0,   -5,   -2,   -9,   -5,    0,    0,    0,    0,    0,    0,  -47,   -9,    0,    0,    0,    0,    0,    2,    0,  -19,   -9,  -14,   -5,   -9,    0,   -5,   -9,   -5,    0,   -9,    0,   -9,    0,    0,    0,    0,    0,    0,    0,    0,   -5,    0,    0,    0,    0,    0,    0,    0,    0,    0,    0,    0,    0,    0,    0,    0,    0,    0,
     -14,  -23,   -9,  -14,  -19,  -14,    0,  -19,  -28,  -28,  -28,  -28,    0,   -9,  -37,   -9,   -9,  -23,   -9,   -9,  -19,   -9,   -9,  -14,    0,  -47,  -14,   -9,    0,   -9,    0,    0,  -37,   -5,  -19,  -14,   -9,  -44,   -7,  -47,    0,    0,  -13,    0,  -19,   -9,    0,    0,   10,    0,  -14,    0,  -14,    0,  -19,   -9,    0,  -19,    0,    0,    0,   -9,  -21,    0,  -16,  -13,   -9,    0,    0,    0,    0,    0,    0,    0,    0,    0,    0,    0,    0,    0,    0,    0,    0,  -23,  -14,  -23,   -9,    0,    0,    0,    0,    0,    0,    0,    0,    0,    0,    0,    0,    0,    0,    0,    0,    0,    0,    0,    0,    0,    0,    0,    0,    0,
       0,    0,    0,    0,    0,    0,   26,    0,    0,    0,    0,    0,    0,    0,    0,    0,    0,    0,    0,    0,    0,    0,    0,    0,    0,    0,    0,    0,    0,    0,    0,    0,    0,    0,    0,    0,    0,    0,    0,    7,   25,    0,    0,    0,    0,    0,    0,    0,    0,    0,    0,    0,    0,    0,    0,    0,    0,    0,    0,    0,   25,    0,    0,    0,    0,    0,    0,    0,    0,    0,    0,    0,    0,    0,    0,    0,    0,    0,    0,    0,    0,    0,    0,    0,    0,    0,    0,    0,    0,    0,    0,    0,    0,    0,    0,    0,    0,    0,    0,    0,    0,    0,    0,    0,    0,    0,    0,    0,    0,    0,    0,    0,
       0,  -16,    0,    0,    0,    0,    0,  -19,   -5,    0,   -5,    0,    0,    0,  -23,    0,    0,    0,    0,    0,  -14,    0,  -12,    0,    0,  -14,    0,    0,    0,    0,    0,    0,    0,    0,    0,    0,    0,    0,    0,  -14,    0,   -9,    0,    0,    0,   -5,   -2,    0,    0,    0,    0,    0,   -2,    0,   -6,   -1,   -3,   -6,    0,    0,    0,    0,    0,    0,    0,    0,    0,    0,    0,    0,    0,    0,    0,    0,    0,    0,    0,    0,    0,    0,    0,    0,    0,    0,    0,    0,    0,    0,    0,    0,    0,    0,    0,    0,    0,    0,    0,    0,    0,    0,    0,    0,    0,    0,    0,    0,    0,    0,    0,    0,    0,    0,
      25,   20,    0,    0,    0,    0,   29,   21,    0,    0,    0,    0,    0,    0,    0,    0,    0,    0,    7,    0,   14,    0,    0,    0,    0,   10,    0,    0,    0,    0,    0,    0,    0,    0,    0,    0,    0,    0,    0,   17,   29,    0,    0,   10,    0,    0,    0,    8,    8,    7,    0,    0,    0,    0,    0,    0,    0,    0,    0,    0,   29,    0,    0,    0,    0,    0,    0,    0,    0,    0,    8,    0,    0,    0,    0,    0,    0,    0,    0,    0,    0,    0,    0,    0,    0,    0,    0,    0,    0,    0,    0,    0,    0,    0,    0,    0,    0,    0,    0,    0,    0,    0,    0,    0,    0,    0,    0,    0,    0,    0,    0,    0,
       8,    0,    0,    0,    0,  -17,    7,    9,  -27,  -27,  -27,  -27,  -27,   -7,    0,    0,    0,    0,    0,  -10,    9,   -8,    0,    0,  -10,    0,  -23,    0,    0,    0,    0,    0,    0,    0,    0,    0,    0,    0,    0,    0,   11,  -33,  -20,    0,  -20,    0,  -17,    0,    0,    0,   -7,    0,    0,  -12,    0,    0,    0,    0,    0,    0,   11,    0,  -27,    0,  -10,    0,    0,    0,    0,    0,    0,   -4,    0,    0,    0,    0,    0,    0,    0,    0,    0,    0,    0,    0,    0,    0,    0,    0,    0,    0,    0,    0,    0,    0,    0,    0,    0,    0,    0,    0,    0,    0,    0,    0,    0,    0,    0,    0,    0,    0,    0,    0,
       0,    0,    0,    0,    0,   -7,    0,    0,  -12,    0,  -12,    0,    0,    0,    0,    0,    0,   -2,   -3,   -2,    0,   -2,    0,    0,    0,  -10,    0,    0,    0,    0,    0,    0,    0,    0,    0,    0,    0,    0,    0,  -12,    0,    0,   -4,    0,   -4,    0,    0,    0,   -2,    0,    0,    0,    0,    0,    0,    0,    0,    0,    0,    0,    0,    0,   -9,    0,    0,    0,    0,    0,    0,    0,    0,   -2,    0,    0,    0,    0,    0,    0,    0,    0,    0,    0,    0,    0,    0,    0,    0,    0,    0,    0,    0,    0,    0,    0,    0,    0,    0,    0,    0,    0,    0,    0,    0,    0,    0,    0,    0,    0,    0,    0,    0,    0,
       0,    3,   -7,    0,    0,  -19,   10,   11,  -14,  -37,  -14,  -37,  -28,    0,    5,   -2,   -9,  -14,   -5,    0,    0,   -5,    0,    0,    0,  -14,   -7,    0,    0,    0,    0,    0,    0,    0,    0,    0,    0,    0,    0,  -23,    8,  -37,  -12,    0,   -9,    0,   -6,    0,    0,    0,    0,   -6,    0,    0,    0,    0,    0,    0,   -5,    0,    7,    0,  -12,    0,   -2,    0,    0,    0,    0,    0,    0,    0,    0,    0,    0,    0,    0,    0,    0,    0,   -5,    0,    0,    0,    0,    0,    0,    0,    0,    0,    0,    0,    0,    0,    0,    0,    0,    0,    0,    0,    0,    0,    0,    0,    0,    0,    0,    0,    0,    0,    0,    0,
       3,   -4,   -5,    0,    0,    0,   17,    0,  -19,    3,  -19,    3,    0,   -5,   -9,    0,    0,   -9,    0,   -5,   -9,    0,   -2,    0,    0,  -14,   -5,    0,    0,    0,    0,    0,    0,    0,    0,    0,    0,    0,    0,  -19,   21,    0,   -2,    0,   -8,    0,   -6,    0,    0,   -2,    0,    0,    0,    0,   -2,    0,    0,   -2,    0,    0,   17,    0,   -9,    0,    0,    0,    0,    0,    0,    0,    0,   -4,    0,    0,    0,    0,    0,    0,    0,    0,    0,    0,    0,    0,    0,    0,    0,    0,    0,    0,    0,    0,    0,    0,    0,    0,    0,    0,    0,    0,    0,    0,    0,    0,    0,    0,    0,    0,    0,    0,    0,    0,
       9,    9,    0,    0,    9,  -11,    0,   14,  -14,  -25,  -14,  -25,  -17,    0,    5,    3,    3,   -6,    0,    0,    7,    0,    5,    0,    0,    5,   -9,    0,    0,    0,    0,    0,    0,    0,    0,    0,    0,    0,    0,    0,    0,  -23,   -6,    0,   -4,    7,   -2,    0,    0,    0,    0,    0,    9,    0,    5,    5,    3,    5,    0,    0,    0,    0,  -14,    0,    0,    0,    0,    0,    0,    0,    0,    0,    0,    0,    0,    0,    0,    0,    0,    0,    0,    0,    0,    0,    0,    0,    0,    0,    0,    0,    0,    0,    0,    0,    0,    0,    0,    0,    0,    0,    0,    0,    0,    0,    0,    0,    0,    0,    0,    0,    0,    0,
       0,  -14,    0,   -9,    0,    0,    0,  -14,    0,    0,    0,    0,  -19,    0,  -17,   -7,   -5,    0,    0,    0,  -21,    0,  -13,    0,    0,  -19,    0,   -5,    0,    0,    0,    0,  -17,    0,   -9,    0,  -11,  -16,    0,    0,    0,  -14,    0,    0,    0,    0,    0,    0,    0,    0,    0,    0,    0,    0,   -2,    0,   -1,   -2,    0,    0,    0,    0,    0,    0,    0,    0,    0,    0,    0,    0,    0,    0,    0,  -14,   -5,  -11,   -8,   -3,    0,   -4,   -8,   -4,    0,  -14,    0,  -14,    0,    0,    0,    0,    0,    0,    0,    0,    0,    0,    0,    0,    0,    0,    0,    0,    0,    0,    0,    0,    0,    0,    0,    0,    0,    0,
       3,    7,  -28,  -16,    0,  -37,    0,    3,  -47,  -56,  -47,  -56,  -56,  -23,  -16,   -6,    0,  -37,  -14,  -23,    0,  -19,   -9,    0,  -40,    0,  -40,  -47,    0,  -28,    0,  -15,    0,    0,    0,    0,    0,    0,    0,  -19,    3,  -56,  -47,    0,  -47,    0,    0,    0,  -14,    0,  -37,  -47,    0,  -42,  -37,  -28,  -37,  -37,    0,    0,    0,    0,  -47,    0,  -37,    0,  -63,    0,    0,    0,    0,    0,  -44,   -8,  -33,    0,    0,  -14,  -28,  -47,  -37,  -47,  -33,  -37,  -40,  -37,  -47,    0,    0,    0,    0,    0,    0,    0,    0,    0,    0,    0,    0,    0,    0,    0,    0,    0,    0,    0,    0,    0,    0,    0,    0,    0,
       0,   -3,    0,    0,    0,    0,    7,    0,   -3,    3,   -3,    3,    0,    0,  -10,    0,    0,    0,    0,    0,    0,    0,    0,    0,    0,    0,    0,    0,    0,    0,    0,    0,   -7,    0,    0,    0,    0,   -7,    0,   -3,    3,   10,    0,    0,    0,    0,    0,    0,   13,    0,    0,    3,    0,    0,   -3,    0,    0,   -3,    0,    0,    3,    0,    0,    0,    0,    0,   10,    0,    0,    0,    0,    0,    0,    0,    0,    0,    0,    0,    0,    1,    0,    1,    3,   -5,   -5,   -5,    0,    0,    0,    0,    0,    0,    0,    0,    0,    0,    0,    0,    0,    0,    0,    0,    0,    0,    0,    0,    0,    0,    0,    0,    0,    0,
       0,    0,  -14,   -7,    0,  -19,    0,    3,  -19,  -47,  -19,  -47,  -28,   -9,   -9,   -5,   -2,  -14,    0,  -12,    0,  -11,   -7,    0,    0,    0,  -19,  -16,    0,   -5,    0,   -6,    0,    0,    0,    0,    0,    0,    0,    0,   10,  -47,  -23,    0,  -19,    0,    0,    0,   -7,    0,  -14,  -16,    0,    0,   -7,   -5,  -12,   -7,    0,    0,    3,    0,  -23,    0,  -14,    0,  -16,    0,    0,    0,    0,    0,  -14,  -14,  -14,    0,    0,   -7,   -9,  -23,  -19,  -23,  -17,  -14,  -14,  -14,  -25,    0,    0,    0,    0,    0,    0,    0,    0,    0,    0,    0,    0,    0,    0,    0,    0,    0,    0,    0,    0,    0,    0,    0,    0,    0,
       0,  -10,    0,    0,    0,   -7,    3,  -10,  -10,    5,  -10,    5,    0,   -3,  -13,    0,    0,    0,    0,   -3,  -10,    0,   -7,    0,    0,  -10,    0,    0,    0,  -10,    0,    0,  -17,    0,  -10,    0,    0,  -20,    0,  -13,    3,    3,    0,    0,    0,    0,    0,    0,    0,    0,    0,    0,    0,    0,   -7,    0,    0,   -7,    0,    0,    0,    0,   -7,    0,    0,    0,    0,    0,    0,    0,    0,    0,    0,    0,    0,  -17,  -13,    0,    0,    0,    0,    0,    0,  -13,   -7,  -13,    0,    0,    0,    0,    0,    0,    0,    0,    0,    0,    0,    0,    0,    0,    0,    0,    0,    0,    0,    0,    0,    0,    0,    0,    0,    0,
       0,  -14,    0,   -7,    0,    0,    0,  -14,    0,    0,    0,    0,  -14,    0,  -25,  -12,   -7,    0,   -7,    0,  -19,    0,  -10,    0,    0,  -25,    0,    0,    0,    0,   -7,   -3,  -27,    0,  -13,   -8,  -14,  -39,   -9,  -23,    0,   -9,    0,    0,    0,    0,    0,    0,    0,    0,    0,    0,    0,    0,   -2,    0,   -3,   -2,   -2,    0,    0,    0,    0,    0,    0,    0,   -5,    0,    0,    0,    0,    0,    0,   -9,   -3,  -24,   -8,   -5,    0,   -4,   -9,   -4,    0,   -8,    0,   -8,    0,    0,    0,    0,    0,    0,    0,    0,    0,    0,    0,    0,    0,    0,    0,    0,    0,    0,    0,    0,    0,    0,    0,    0,    0,    0,
       0,   -6,    0,    0,    0,    0,    0,   -6,   -5,    0,   -5,    0,    0,    0,  -14,   -7,    0,    0,   -5,    0,  -11,    0,    0,    0,    0,  -14,    0,    0,    0,    0,    0,    0,    0,    0,    0,    0,    0,    0,    0,  -23,    0,   -9,   -3,    0,   -3,    0,    0,    0,    0,    0,    0,   -3,    0,    0,   -8,   -6,   -5,   -8,   -5,    0,    0,    0,    0,    0,    0,    0,    0,    0,    0,    0,    0,   -2,    0,    0,    0,    0,    0,    0,    0,   -5,   -7,   -5,    0,   -9,   -7,   -9,   -1,    0,    0,    0,    0,    0,    0,    0,    0,    0,    0,    0,    0,    0,    0,    0,    0,    0,    0,    0,    0,    0,    0,    0,    0,    0,
       0,    3,   -9,    0,    0,  -23,    0,    7,  -16,  -47,  -16,  -47,  -23,    0,    0,   -9,   -9,  -18,   -7,   -5,   -7,   -9,    0,    0,    0,  -19,  -14,    0,    0,    0,    0,    0,    0,    0,    0,    0,    0,    0,    0,  -23,    0,  -37,  -16,    0,  -12,    0,    0,    0,    0,    0,    0,    0,    0,    0,    0,    0,    0,    0,    0,    0,    0,    0,  -15,    0,   -6,    0,    0,    0,    0,    0,    0,    0,    0,    0,    0,    0,    0,    0,    0,  -23,   -5,  -23,   -9,    5,    0,    5,   -9,    0,    0,    0,    0,    0,    0,    0,    0,    0,    0,    0,    0,    0,    0,    0,    0,    0,    0,    0,    0,    0,    0,    0,    0,    0,
       7,    0,    0,    0,    0,    0,    3,    0,   -3,    7,   -3,    7,    0,    0,   -9,    0,    0,    0,    0,    0,    0,    0,    0,    0,    0,   -9,    0,    0,    0,    0,    0,    0,    0,    0,    0,    0,    0,    0,    0,  -14,    7,    7,    0,    0,   -1,    0,    0,    0,    7,    0,    0,    3,    0,    0,    0,    0,    0,    0,    0,    0,    5,    0,    0,    0,    0,    0,    0,    0,    0,    0,    0,    0,    0,    0,    0,    0,    0,    0,    0,   10,    0,    3,    3,   -5,   -5,   -5,    0,    0,    0,    0,    0,    0,    0,    0,    0,    0,    0,    0,    0,    0,    0,    0,    0,    0,    0,    0,    0,    0,    0,    0,    0,    0,
       0,    0,    0,    0,    0,    0,    0,    0,    0,    0,    0,    0,    0,    0,  -14,    0,    0,    0,    0,    0,   -9,    0,    0,    0,    0,   -9,    0,    0,    0,    0,    0,    0,    0,    0,    0,    0,    0,    0,    0,  -14,    0,    0,    0,    0,    0,    0,    0,    0,    0,    0,    0,    0,    0,    0,   -3,    0,    0,   -3,    0,    0,    0,    0,    0,    0,    0,    0,    0,    0,    0,    0,    0,    0,    0,    0,    0,    0,    0,    0,    0,    0,    0,    0,    0,   -7,   -6,   -7,    0,    0,    0,    0,    0,    0,    0,    0,    0,    0,    0,    0,    0,    0,    0,    0,    0,    0,    0,    0,    0,    0,    0,    0,    0,    0,
       9,    5,   -9,    0,    0,  -14,    0,    8,   -9,  -28,   -9,  -28,  -14,    0,    0,   -9,   -9,  -14,   -5,    0,  -14,   -9,    0,    0,    0,  -19,  -14,    0,    0,    0,    0,    0,    0,    0,    0,    0,    0,    0,    0,  -14,    0,  -28,  -12,    0,  -12,    0,    0,    0,    0,    0,    0,   -8,    0,    0,    0,    0,    0,    0,    0,    0,    0,    0,   -9,    0,    0,    0,    0,    0,    0,    0,    0,    0,    0,    0,    0,    0,    0,    0,   -5,  -23,    0,  -23,   -9,    5,    0,    5,   -9,    0,    0,    0,    0,    0,    0,    0,    0,    0,    0,    0,    0,    0,    0,    0,    0,    0,    0,    0,    0,    0,    0,    0,    0,    0,
       7,   -7,    0,    0,    0,    0,    0,    0,   -9,    7,   -9,    7,    0,    0,  -14,    0,    0,    0,    0,    0,    0,    0,    0,    0,    0,    0,    0,    0,    0,    0,    0,    0,    0,    0,    0,    0,    0,    0,    0,    0,    5,   10,    0,    0,   -3,    0,    0,    0,    0,    0,    0,    0,    0,    0,   -7,   -3,    0,   -7,    0,    0,    0,    0,   -5,    0,    0,    0,    0,    0,    0,    0,    0,    0,    0,    0,    0,    0,    0,    0,   -1,    7,    0,    7,    3,  -10,   -7,  -10,    0,    0,    0,    0,    0,    0,    0,    0,    0,    0,    0,    0,    0,    0,    0,    0,    0,    0,    0,    0,    0,    0,    0,    0,    0,    0,
       0,  -37,    0,    0,    0,    0,    0,  -28,   -5,    0,   -5,    0,  -14,    0,  -28,   -7,    0,    0,   -5,    0,  -14,    0,   -9,    0,    0,  -23,    0,    0,    0,    0,    0,    0,    0,    0,    0,    0,    0,    0,    0,  -37,    0,   -9,    0,    0,    0,    0,   -3,    0,    0,    0,    0,   -3,   -5,    0,  -10,   -6,   -5,  -10,    0,    0,    0,    0,    0,    0,    0,    0,    0,    0,    0,    0,    0,    0,    0,    0,    0,    0,    0,    0,    0,    0,   -9,    0,    0,  -18,   -7,  -18,   -3,    0,    0,    0,    0,    0,    0,    0,    0,    0,    0,    0,    0,    0,    0,    0,    0,    0,    0,    0,    0,    0,    0,    0,    0,    0,
       0,    3,   -9,    0,    0,  -23,    0,    7,  -16,  -47,  -16,  -47,  -23,    0,    0,   -9,   -9,  -18,   -7,   -5,   -7,   -9,    0,    0,    0,  -19,  -14,    0,    0,    0,    0,    0,    0,    0,    0,    0,    0,    0,    0,  -23,    7,  -37,  -16,    0,  -12,    0,    0,    0,    0,    0,    0,    0,    0,    0,    0,    0,    0,    0,    0,    0,    0,    0,  -15,    0,   -6,    0,    0,    0,    0,    0,    0,    0,    0,    0,    0,    0,    0,    0,    0,  -23,   -5,  -23,   -9,    5,    0,    5,   -9,    0,    0,    0,    0,    0,    0,    0,    0,    0,    0,    0,    0,    0,    0,    0,    0,    0,    0,    0,    0,    0,    0,    0,    0,    0,
       7,    0,    0,    0,    0,    0,    7,    0,  -14,    9,  -14,    9,    0,   -5,   -8,    0,    3,    0,    0,    0,   -9,    0,   -9,    0,    0,  -19,    0,    0,    0,   -6,    0,    0,   -8,    0,    0,    0,    0,    0,    0,    0,   10,    9,    3,    0,    0,    0,    0,    0,   10,    0,    0,    7,    0,    0,   -7,    0,    8,   -7,    0,    0,    7,    0,   -9,    0,    0,    0,    0,    0,    0,    0,    0,    0,    0,    0,    0,    0,   -3,    0,   -3,   13,    3,    3,    7,  -27,    0,  -14,    3,    0,    0,    0,    0,    0,    0,    0,    0,    0,    0,    0,    0,    0,    0,    0,    0,    0,    0,    0,    0,    0,    0,    0,    0,    0,
       7,    0,    0,    0,    0,    0,    7,    0,  -12,   12,  -12,   12,    0,    0,    0,    3,    0,    0,    0,    0,   -3,    0,    0,    0,    0,  -14,    0,    0,    0,    0,    0,    0,    0,    0,    0,    0,    0,    0,    0,    0,    7,   13,    1,    0,   -5,    0,    0,    0,    9,    0,    0,    0,    0,    0,    0,    0,    9,    0,    0,    0,    7,    0,   -5,    0,    0,    0,    0,    0,    0,    0,    0,    0,    0,    0,    0,    0,    0,    0,    0,   13,    0,    3,    3,    0,   -5,    0,    0,    0,    0,    0,    0,    0,    0,    0,    0,    0,    0,    0,    0,    0,    0,    0,    0,    0,    0,    0,    0,    0,    0,    0,    0,    0,
       0,    0,    0,    0,    0,    0,    0,    0,    0,    0,    0,    0,    0,    0,    0,    0,    0,    0,    0,    0,    0,    0,    0,    0,    0,    0,    0,    0,    0,    0,    0,    0,    0,    0,    0,    0,    0,    0,    0,    0,    0,    0,    0,    0,    0,    0,    0,    0,    0,    0,    0,    0,    0,    0,    0,    0,    0,    0,    0,    0,    0,    0,    0,    0,    0,    0,    0,    0,    0,    0,    0,    0,    0,    0,    0,    0,    0,    0,    0,    0,    0,    0,    0,    0,    0,    0,    0,    0,   -5,   -5,    0,    0,    0,    0,    0,    0,    0,    0,    0,    0,    0,    0,    0,    0,    0,    0,    0,    0,    0,    0,    0,    0,
       0,    0,    0,    0,    0,    0,    0,    0,    0,    0,    0,    0,   -9,    0,    0,    0,    0,    0,    0,    0,    0,    0,    0,    0,    0,    0,    0,    0,    0,    0,    0,    0,    0,    0,    0,    0,    0,    0,    0,    0,    0,    0,    0,    0,    0,    0,    0,    0,    0,    0,    0,    0,    0,    0,    0,    0,    0,    0,    0,    0,    0,    0,    0,    0,    0,    0,    0,    0,    0,    0,    0,    0,    0,    0,    0,    0,    0,    0,    0,    0,    0,    0,    0,    0,    0,    0,    0,   -7,    0,    0,    0,    0,   -5,    0,    0,    0,    0,    0,    0,    0,    0,    0,    0,    0,    0,    0,    0,    0,    0,    0,    0,    0,
       0,    0,    0,    0,    0,    0,    0,    0,    0,    0,    0,    0,  -30,    0,    0,    0,    0,    0,    0,    0,    0,    0,    0,    0,    0,    0,    0,    0,    0,    0,    0,    0,    0,    0,    0,    0,    0,    0,    0,   -7,    0,    0,    0,    0,    0,    0,    0,    0,    0,    0,    0,    0,    0,    0,    0,    0,    0,    0,    0,    0,    0,    0,    0,    0,    0,    0,    0,    0,    0,    0,    0,    0,    0,    0,    0,    0,    0,    0,    0,    0,    0,    0,    0,    0,    0,    0,    0,    0,   -5,    0,    0,   -7,   -5,   -5,   -5,   -7,   -7,    0,    0,    0,    0,    0,    0,    0,    0,    0,    0,    0,    0,    0,    0,    0,
       0,    0,    0,    0,    0,    0,    0,    0,    0,  -21,    0,  -21,   -5,    0,    0,    0,    0,    0,    0,    0,    0,    0,    0,    7,    0,    7,    0,    0,    0,    0,    0,    0,    0,    0,    0,    0,    0,    0,    0,  -14,    0,  -23,    0,    0,    0,    0,    0,    0,    0,    0,    0,    0,    0,    0,    0,    0,    0,    0,    0,    0,    0,    0,    0,    0,    0,    0,    0,    0,    0,    0,    0,    0,    0,    0,    0,    0,    0,    0,    0,    0,    0,    0,    0,    0,    0,    0,    0,    0,   -5,  -16,   -4,    0,   -5,   -4,    0,    0,    0,    0,    0,    0,    0,    0,    0,    0,    0,    0,    0,    0,    0,    0,    0,    0,
       0,    0,    0,    0,    0,    0,    0,    0,    0,    0,    0,    0,   -5,    0,    0,    0,    0,    0,    0,    0,    0,    0,    0,    0,    0,    0,    0,    0,    0,    0,    0,    0,    0,    0,    0,    0,    0,    0,    0,    0,    0,    0,    0,    0,    0,    0,    0,    0,    0,    0,    0,    0,    0,    0,    0,    0,    0,    0,    0,    0,    0,    0,    0,    0,    0,    0,    0,    0,    0,    0,    0,    0,    0,    0,    0,    0,    0,    0,    0,    0,    0,    0,    0,    0,    0,    0,    0,    0,    0,    0,    0,    0,    0,    0,    0,    0,    0,    0,    0,    0,    0,    0,    0,    0,    0,    0,    0,    0,    0,    0,    0,    0,
       0,    0,    0,    0,    0,    0,    0,    0,    0,   -9,    0,   -9,  -12,    0,    0,    0,    0,    0,    0,    0,    0,    0,    0,    7,    0,    0,    0,    0,    0,    0,    0,    0,    0,    0,    0,    0,    0,    0,    0,   -9,    0,  -14,    0,    0,    0,    0,    0,    0,    0,    0,    0,    0,    0,    0,    0,    0,    0,    0,    0,    0,    0,    0,    0,    0,    0,    0,    0,    0,    0,    0,    0,    0,    0,    0,    0,    0,    0,    0,    0,    0,    0,    0,    0,    0,    0,    0,    0,    0,    0,    0,   -5,    0,   -6,   -5,    0,    0,    0,    0,    0,    0,    0,    0,    0,    0,    0,    0,    0,    0,    0,    0,    0,    0,
       0,    0,    0,    0,    0,    0,    0,    0,    0,    0,    0,    0,   -9,    0,    0,    0,    0,    0,    0,    0,    0,    0,    0,    0,    0,    0,    0,    0,    0,    0,    0,    0,    0,    0,    0,    0,    0,    0,    0,   -9,    0,   -9,    0,    0,    0,    0,    0,    0,    0,    0,    0,    0,    0,    0,    0,    0,    0,    0,    0,    0,    0,    0,    0,    0,    0,    0,    0,    0,    0,    0,    0,    0,    0,    0,    0,    0,    0,    0,    0,    0,    0,    0,    0,    0,    0,    0,    0,    0,    0,   -5,   -5,    0,    0,   -5,    0,    0,    0,    0,    0,    0,    0,    0,    0,    0,    0,    0,    0,    0,    0,    0,    0,    0,
       0,    0,    0,    0,    0,    0,    0,    0,    0,    0,    0,    0,   -9,    0,    0,    0,    0,    0,    0,    0,    0,    0,    0,    0,    0,    7,    0,    0,    0,    0,    0,    0,    0,    0,    0,    0,    0,    0,    0,   -9,    0,    0,    0,    0,    0,    0,    0,    0,    0,    0,    0,    0,    0,    0,    0,    0,    0,    0,    0,    0,    0,    0,    0,    0,    0,    0,    0,    0,    0,    0,    0,    0,    0,    0,    0,    0,    0,    0,    0,    0,    0,    0,    0,    0,    0,    0,    0,    0,    0,    0,   -3,    0,   -5,   -5,    0,    0,    0,    0,    0,    0,    0,    0,    0,    0,    0,    0,    0,    0,    0,    0,    0,    0,
       0,    0,    0,    0,    0,    0,    0,    0,    0,    0,    0,    0,    0,    0,    0,    0,    0,    0,    0,    0,    0,    0,    0,    0,    0,    0,    0,    0,    0,    0,    0,    0,    0,    0,    0,    0,    0,    0,    0,    0,    0,    0,    0,    0,    0,    0,    0,    0,    0,    0,    0,    0,    0,    0,    0,    0,    0,    0,    0,    0,    0,    0,    0,    0,    0,    0,    0,    0,    0,    0,    0,    0,    0,    0,    0,    0,    0,    0,    0,    0,    0,    0,    0,    0,    0,    0,    0,    0,    0,    0,    0,   -4,   -4,   -6,   -5,    0,    0,    0,    0,    0,    0,    0,    0,    0,    0,    0,    0,    0,    0,    0,    0,    0,
       0,    0,    0,    0,    0,    0,    0,    0,    0,    0,    0,    0,   -9,    0,    0,    0,    0,    0,    0,    0,    0,    0,    0,    0,    0,    0,    0,    0,    0,    0,    0,    0,    0,    0,    0,    0,    0,    0,    0,   -9,    0,    0,    0,    0,    0,    0,    0,    0,    0,    0,    0,    0,    0,    0,    0,    0,    0,    0,    0,    0,    0,    0,    0,    0,    0,    0,    0,    0,    0,    0,    0,    0,    0,    0,    0,    0,    0,    0,    0,    0,    0,    0,    0,    0,    0,    0,    0,    0,    0,    0,    0,    0,    0,    0,    0,    0,    0,    0,    0,    0,    0,    0,    0,    0,    0,    0,    0,    0,    0,    0,    0,    0,
       0,    0,    0,    0,    0,    0,    0,    0,    0,    7,    0,    7,    0,    0,    0,    0,    0,    0,    0,    0,    0,    0,    0,    7,    0,    0,    0,    0,    0,    0,    0,    0,    0,    0,    0,    0,    0,    0,    0,    0,    0,    0,    0,    0,    0,    0,    0,    0,    0,    0,    0,    0,    0,    0,    0,    0,    0,    0,    0,    0,    0,    0,    0,    0,    0,    0,    0,    0,    0,    0,    0,    0,    0,    0,    0,    0,    0,    0,    0,    0,    0,    0,    0,    0,    0,    0,    0,    0,    0,    0,    0,    0,    0,   -3,    0,    0,    0,    0,    0,    0,    0,    0,    0,    0,    0,    0,    0,    0,    0,    0,    0,    0,
       0,   -7,    0,    0,    0,    0,    0,    0,    0,  -16,    0,  -16,  -16,    0,    0,    0,    0,    0,    0,    0,    0,    0,    0,    0,    0,    0,    0,    0,    0,    0,    0,    0,    0,    0,    0,    0,    0,    0,    0,  -12,    0,  -47,    0,    0,    0,    0,    0,    0,    0,    0,    0,    0,    0,    0,    0,    0,    0,    0,    0,    0,    0,    0,    0,    0,    0,    0,    0,    0,    0,    0,    0,    0,    0,    0,    0,    0,    0,    0,    0,    0,    0,    0,    0,    0,    0,    0,    0,    0,    0,    0,    0,    0,    0,    0,    0,    0,    0,    0,    0,    0,    0,    0,    0,    0,    0,    0,    0,    0,    0,    0,    0,    0,
       0,   -7,    0,    0,    0,    0,    0,    0,    0,    0,    0,    0,  -14,    0,    0,    0,    0,    0,    0,    0,    0,    0,    0,    0,    0,    0,    0,    0,    0,    0,    0,    0,    0,    0,    0,    0,    0,    0,    0,    0,    0,    0,    0,    0,    0,    0,    0,    0,    0,    0,    0,    0,    0,    0,    0,    0,    0,    0,    0,    0,    0,    0,    0,    0,    0,    0,    0,    0,    0,    0,    0,    0,    0,    0,    0,    0,    0,    0,    0,    0,    0,    0,    0,    0,    0,    0,    0,   -9,    0,    0,    0,    0,    0,    0,    0,    0,    0,    0,    0,    0,    0,    0,    0,    0,    0,    0,    0,    0,    0,    0,    0,    0,
       0,    0,    0,    0,    0,    0,    0,    0,    0,    0,    0,    0,    0,    0,    0,    0,    0,    0,    0,    0,    0,    0,    0,    0,    0,    0,    0,    0,    0,    0,    0,    0,    0,    0,    0,    0,    0,    0,    0,   -7,    0,    0,    0,    0,    0,    0,    0,    0,    0,    0,    0,    0,    0,    0,    0,    0,    0,    0,    0,    0,    0,    0,    0,    0,    0,    0,    0,    0,    0,    0,    0,    0,    0,    0,    0,    0,    0,    0,    0,    0,    0,    0,    0,    0,    0,    0,    0,    0,    0,    0,    0,    0,    0,    0,    0,    0,    0,    0,    0,    0,    0,    0,    0,    0,    0,    0,    0,    0,    0,    0,    0,    0,
       0,    5,    0,    0,    0,    0,    0,    0,    0,    0,    0,    0,   -5,    0,    0,    0,    0,    0,    0,    0,    0,    0,    0,    0,    0,   14,    0,    0,    0,    0,    0,    0,    0,    0,    0,    0,    0,    0,    0,    0,    0,    0,    0,    0,    0,    0,    0,    0,    0,    0,    0,    0,    0,    0,    0,    0,    0,    0,    0,    0,    0,    0,    0,    0,    0,    0,    0,    0,    0,    0,    0,    0,    0,    0,    0,    0,    0,    0,    0,    0,    0,    0,    0,    0,    0,    0,    0,    0,    4,    0,    0,   11,    0,   -4,    0,    0,    0,    0,    0,    0,    0,    0,    0,    0,    0,    0,    0,    0,    0,    0,    0,    0,
       0,    0,    0,    0,    0,    0,    0,    0,    0,    0,    0,    0,   -9,    0,    0,    0,    0,    0,    0,    0,    0,    0,    0,    0,    0,    0,    0,    0,    0,    0,    0,    0,    0,    0,    0,    0,    0,    0,    0,    0,    0,    0,    0,    0,    0,    0,    0,    0,    0,    0,    0,    0,    0,    0,    0,    0,    0,    0,    0,    0,    0,    0,    0,    0,    0,    0,    0,    0,    0,    0,    0,    0,    0,    0,    0,    0,    0,    0,    0,    0,    0,    0,    0,    0,    0,    0,    0,    0,    0,    0,    0,    0,   -5,    0,    0,    0,    0,    0,    0,    0,    0,    0,    0,    0,    0,    0,    0,    0,    0,    0,    0,    0,
       0,    0,    0,    0,    0,    0,    0,    0,    0,    0,    0,    0,    0,    0,    0,    0,    0,    0,    0,    0,    0,    0,    0,    0,    0,    0,    0,    0,    0,    0,    0,    0,    0,    0,    0,    0,    0,    0,    0,    0,    0,    0,    0,    0,    0,    0,    0,    0,    0,    0,    0,    0,    0,    0,    0,    0,    0,    0,    0,    0,    0,    0,    0,    0,    0,    0,    0,    0,    0,    0,    0,    0,    0,    0,    0,    0,    0,    0,    0,    0,    0,    0,    0,    0,    0,    0,    0,    0,    0,    0,    0,    0,    0,    0,    0,    0,    0,    0,   13,    0,    0,    0,    0,    0,    0,    0,    0,    0,    0,    0,    0,    0,
       0,    0,    0,    0,    0,    0,    0,    0,    0,    0,    0,    0,    0,    0,    0,    0,    0,    0,    0,    0,    0,    0,    0,    0,    0,    0,    0,    0,    0,    0,    0,    0,    0,    0,    0,    0,    0,    0,    0,    0,    0,    0,    0,    0,    0,    0,    0,    0,    0,    0,    0,    0,    0,    0,    0,    0,    0,    0,    0,    0,    0,    0,    0,    0,    0,    0,    0,    0,    0,    0,    0,    0,    0,    0,    0,    0,    0,    0,    0,    0,    0,    0,    0,    0,    0,    0,    0,    0,    0,    0,    0,    0,    0,    0,    0,    0,    0,  -14,    0,    0,    0,    0,   -5,  -14,  -35,    0,    0,    0,    0,    0,    0,    0,
       0,    0,    0,    0,    0,    0,    0,    0,    0,    0,    0,    0,    0,    0,    0,    0,    0,    0,    0,    0,    0,    0,    0,    0,    0,    0,    0,    0,    0,    0,    0,    0,    0,    0,    0,    0,    0,    0,    0,    0,    0,    0,    0,    0,    0,    0,    0,    0,    0,    0,    0,    0,    0,    0,    0,    0,    0,    0,    0,    0,    0,    0,    0,    0,    0,    0,    0,    0,    0,    0,    0,    0,    0,    0,    0,    0,    0,    0,    0,    0,    0,    0,    0,    0,    0,    0,    0,    0,    0,    0,    0,    0,    0,    0,    0,    0,    0,    0,    0,    0,   14,    0,    0,    0,    0,    0,    0,    0,    0,    0,    0,    0,
       0,    0,    0,    0,    0,    0,    0,    0,    0,    0,    0,    0,    0,    0,    0,    0,    0,    0,    0,    0,    0,    0,    0,    0,    0,    0,    0,    0,    0,    0,    0,    0,    0,    0,    0,    0,    0,    0,    0,    0,    0,    0,    0,    0,    0,    0,    0,    0,    0,    0,    0,    0,    0,    0,    0,    0,    0,    0,    0,    0,    0,    0,    0,    0,    0,    0,    0,    0,    0,    0,    0,    0,    0,    0,    0,    0,    0,    0,    0,    0,    0,    0,    0,    0,    0,    0,    0,    0,    0,    0,    0,    0,    0,    0,    0,    0,    0,    0,    0,    0,    0,    0,    0,    0,  -14,    0,    0,    0,    0,    0,    0,    0,
       0,    0,    0,    0,    0,    0,    0,    0,    0,    0,    0,    0,    0,    0,    0,    0,    0,    0,    0,    0,    0,    0,    0,    0,    0,    0,    0,    0,    0,    0,    0,    0,    0,    0,    0,    0,    0,    0,    0,    0,    0,    0,    0,    0,    0,    0,    0,    0,    0,    0,    0,    0,    0,    0,    0,    0,    0,    0,    0,    0,    0,    0,    0,    0,    0,    0,    0,    0,    0,    0,    0,    0,    0,    0,    0,    0,    0,    0,    0,    0,    0,    0,    0,    0,    0,    0,    0,    0,    0,    0,    0,    0,    0,    0,    0,    0,    0,    0,    0,    0,    0,    0,    0,    0,  -26,    0,    0,    0,    0,    0,    0,    0,
       0,    0,    0,    0,    0,    0,    0,    0,    0,    0,    0,    0,    0,    0,    0,    0,    0,    0,    0,    0,    0,    0,    0,    0,    0,    0,    0,    0,    0,    0,    0,    0,    0,    0,    0,    0,    0,    0,    0,    0,    0,    0,    0,    0,    0,    0,    0,    0,    0,    0,    0,    0,    0,    0,    0,    0,    0,    0,    0,    0,    0,    0,    0,    0,    0,    0,    0,    0,    0,    0,    0,    0,    0,    0,    0,    0,    0,    0,    0,    0,    0,    0,    0,    0,    0,    0,    0,    0,    0,    0,    0,    0,    0,    0,    0,    0,    0,  -29,  -21,  -12,    0,  -21,  -38,  -14,  -47,    0,    0,    0,    0,    0,    0,    0,
       0,    0,    0,    0,    0,    0,    0,    0,    0,    0,    0,    0,    0,    0,    0,    0,    0,    0,    0,    0,    0,    0,    0,    0,    0,    0,    0,    0,    0,    0,    0,    0,    0,    0,    0,    0,    0,    0,    0,    0,    0,    0,    0,    0,    0,    0,    0,    0,    0,    0,    0,    0,    0,    0,    0,    0,    0,    0,    0,    0,    0,    0,    0,    0,    0,    0,    0,    0,    0,    0,    0,    0,    0,    0,    0,    0,    0,    0,    0,    0,    0,    0,    0,    0,    0,    0,    0,    0,    0,    0,    0,    0,    0,    0,    0,    0,    0,    0,    0,    0,    0,    0,    0,    0,    0,    0,  -19,    0,    0,  -12,  -12,    0,
       0,    0,    0,    0,    0,    0,    0,    0,    0,    0,    0,    0,    0,    0,    0,    0,    0,    0,    0,    0,    0,    0,    0,    0,    0,    0,    0,    0,    0,    0,    0,    0,    0,    0,    0,    0,    0,    0,    0,    0,    0,    0,    0,    0,    0,    0,    0,    0,    0,    0,    0,    0,    0,    0,    0,    0,    0,    0,    0,    0,    0,    0,    0,    0,    0,    0,    0,    0,    0,    0,    0,    0,    0,    0,    0,    0,    0,    0,    0,    0,    0,    0,    0,    0,    0,    0,    0,    0,    0,    0,    0,    0,    0,    0,    0,    0,    0,    0,    0,    0,    0,    0,    0,    0,    0,   -5,    0,    0,    0,    0,   -5,    0,
       0,    0,    0,    0,    0,    0,    0,    0,    0,    0,    0,    0,    0,    0,    0,    0,    0,    0,    0,    0,    0,    0,    0,    0,    0,    0,    0,    0,    0,    0,    0,    0,    0,    0,    0,    0,    0,    0,    0,    0,    0,    0,    0,    0,    0,    0,    0,    0,    0,    0,    0,    0,    0,    0,    0,    0,    0,    0,    0,    0,    0,    0,    0,    0,    0,    0,    0,    0,    0,    0,    0,    0,    0,    0,    0,    0,    0,    0,    0,    0,    0,    0,    0,    0,    0,    0,    0,    0,    0,    0,    0,    0,    0,    0,    0,    0,    0,    0,    0,    0,    0,    0,    0,    0,    0,    0,   -5,    0,    0,   -5,    0,    0,
       0,    0,    0,    0,    0,    0,    0,    0,    0,    0,    0,    0,    0,    0,    0,    0,    0,    0,    0,    0,    0,    0,    0,    0,    0,    0,    0,    0,    0,    0,    0,    0,    0,    0,    0,    0,    0,    0,    0,    0,    0,    0,    0,    0,    0,    0,    0,    0,    0,    0,    0,    0,    0,    0,    0,    0,    0,    0,    0,    0,    0,    0,    0,    0,    0,    0,    0,    0,    0,    0,    0,    0,    0,    0,    0,    0,    0,    0,    0,    0,    0,    0,    0,    0,    0,    0,    0,    0,    0,    0,    0,    0,    0,    0,    0,    0,    0,    0,    0,    0,    0,    0,    0,    0,    0,    0,   -5,    0,    0,   -9,    0,    0,
       0,    0,    0,    0,    0,    0,    0,    0,    0,    0,    0,    0,    0,    0,    0,    0,    0,    0,    0,    0,    0,    0,    0,    0,    0,    0,    0,    0,    0,    0,    0,    0,    0,    0,    0,    0,    0,    0,    0,    0,    0,    0,    0,    0,    0,    0,    0,    0,    0,    0,    0,    0,    0,    0,    0,    0,    0,    0,    0,    0,    0,    0,    0,    0,    0,    0,    0,    0,    0,    0,    0,    0,    0,    0,    0,    0,    0,    0,    0,    0,    0,    0,    0,    0,    0,    0,    0,    0,    0,    0,    0,    0,    0,    0,    0,    0,    0,    0,    0,    0,    0,    0,    0,    0,    0,  -26,    0,    0,  -12,    0,  -14,    0,
       0,    0,    0,    0,    0,    0,    0,    0,    0,    0,    0,    0,    0,    0,    0,    0,    0,    0,    0,    0,    0,    0,    0,    0,    0,    0,    0,    0,    0,    0,    0,    0,    0,    0,    0,    0,    0,    0,    0,    0,    0,    0,    0,    0,    0,    0,    0,    0,    0,    0,    0,    0,    0,    0,    0,    0,    0,    0,    0,    0,    0,    0,    0,    0,    0,    0,    0,    0,    0,    0,    0,    0,    0,    0,    0,    0,    0,    0,    0,    0,    0,    0,    0,    0,    0,    0,    0,    0,    0,    0,    0,    0,    0,    0,    0,    0,    0,    0,    0,    0,    0,    0,    0,    0,    0,  -12,    0,    0,    0,    0,   -9,   -7,
       0,    0,    0,    0,    0,    0,    0,    0,    0,    0,    0,    0,    0,    0,    0,    0,    0,    0,    0,    0,    0,    0,    0,    0,    0,    0,    0,    0,    0,    0,    0,    0,    0,    0,    0,    0,    0,    0,    0,    0,    0,    0,    0,    0,    0,    0,    0,    0,    0,    0,    0,    0,    0,    0,    0,    0,    0,    0,    0,    0,    0,    0,    0,    0,    0,    0,    0,    0,    0,    0,    0,    0,    0,    0,    0,    0,    0,    0,    0,    0,    0,    0,    0,    0,    0,    0,    0,    0,    0,    0,    0,    0,    0,    0,    0,    0,    0,    0,    0,    0,    0,    0,    0,    0,    0,  -12,  -21,    9,    0,  -12,    0,    0,
       0,    0,    0,    0,    0,    0,    0,    0,    0,    0,    0,    0,    0,    0,    0,    0,    0,    0,    0,    0,    0,    0,    0,    0,    0,    0,    0,    0,    0,    0,    0,    0,    0,    0,    0,    0,    0,    0,    0,    0,    0,    0,    0,    0,    0,    0,    0,    0,    0,    0,    0,    0,    0,    0,    0,    0,    0,    0,    0,    0,    0,    0,    0,    0,    0,    0,    0,    0,    0,    0,    0,    0,    0,    0,    0,    0,    0,    0,    0,    0,    0,    0,    0,    0,    0,    0,    0,    0,    0,    0,    0,    0,    0,    0,    0,    0,    0,    0,    0,    0,    0,    0,    0,    0,    0,  -12,    0,    0,    0,    0,    0,    0,
       0,    0,    0,    0,    0,    0,    0,    0,    0,    0,    0,    0,    0,    0,    0,    0,    0,    0,    0,    0,    0,    0,    0,    0,    0,    0,    0,    0,    0,    0,    0,    0,    0,    0,    0,    0,    0,    0,    0,    0,    0,    0,    0,    0,    0,    0,    0,    0,    0,    0,    0,    0,    0,    0,    0,    0,    0,    0,    0,    0,    0,    0,    0,    0,    0,    0,    0,    0,    0,    0,    0,    0,    0,    0,    0,    0,    0,    0,    0,    0,    0,    0,    0,    0,    0,    0,    0,    0,    0,    0,    0,    0,    0,    0,    0,    0,    0,    0,    0,    0,    0,    0,    0,    0,    0,   -9,   -5,    0,    0,  -16,    0,    0,
       0,    7,    0,   -5,    0,   -7,    7,    7,  -10,  -16,  -10,  -16,  -17,    0,  -11,    0,    0,    0,    0,    0,    8,    0,    0,    0,    0,    2,   -7,  -11,    0,   -5,    0,    0,    7,    3,   10,    7,    7,    7,    0,    0,   10,  -25,   -9,    0,   -7,    0,   -5,    0,    0,    0,   -5,   -4,    0,    0,   -5,    0,    0,   -5,   -5,    0,    7,    0,   -7,    0,   -7,    0,  -19,    0,    0,    0,    0,    0,    0,    0,    0,    0,    7,    0,    0,    0,    0,    0,    0,    0,    0,    0,    0,    0,    0,    0,    0,    0,    0,    0,    0,    0,    0,    0,    0,    0,    0,    0,    0,    0,    0,    0,    0,    0,    0,    0,    0,    0,
       0,    0,    0,    0,    0,    0,    0,    0,    0,   -9,    0,   -9,  -12,    0,    0,    0,    0,    0,    0,    0,    0,    0,    0,    7,    0,    0,    0,    0,    0,    0,    0,    0,    0,    0,    0,    0,    0,    0,    0,   -9,    0,  -14,    0,    0,    0,    0,    0,    0,    0,    0,    0,    0,    0,    0,    0,    0,    0,    0,    0,    0,    0,    0,    0,    0,    0,    0,    0,    0,    0,    0,    0,    0,    0,    0,    0,    0,    0,    0,    0,    0,    0,    0,    0,    0,    0,    0,    0,    0,    0,    0,   -5,    0,   -6,    0,    0,    0,    0,    0,    0,    0,    0,    0,    0,    0,    0,    0,    0,    0,    0,    0,    0,    0,
       0,    0,    0,    0,    0,    0,    0,    0,    0,   -9,    0,   -9,  -12,    0,    0,    0,    0,    0,    0,    0,    0,    0,    0,    7,    0,    0,    0,    0,    0,    0,    0,    0,    0,    0,    0,    0,    0,    0,    0,   -9,    0,  -14,    0,    0,    0,    0,    0,    0,    0,    0,    0,    0,    0,    0,    0,    0,    0,    0,    0,    0,    0,    0,    0,    0,    0,    0,    0,    0,    0,    0,    0,    0,    0,    0,    0,    0,    0,    0,    0,    0,    0,    0,    0,    0,    0,    0,    0,    0,    0,    0,   -5,    0,   -6,    1,    0,    0,    0,    0,    0,    0,    0,    0,    0,    0,    0,    0,    0,    0,    0,    0,    0,    0,
};

static const EpdLigaturePair firago_14_semiboldLigaturePairs[] = {
    { 0xFEDFFE82, 0xFEF5 }, // U+FEDF U+FE82 -> U+FEF5
    { 0xFEDFFE84, 0xFEF7 }, // U+FEDF U+FE84 -> U+FEF7
    { 0xFEDFFE88, 0xFEF9 }, // U+FEDF U+FE88 -> U+FEF9
    { 0xFEDFFE8E, 0xFEFB }, // U+FEDF U+FE8E -> U+FEFB
    { 0xFEE0FE82, 0xFEF6 }, // U+FEE0 U+FE82 -> U+FEF6
    { 0xFEE0FE84, 0xFEF8 }, // U+FEE0 U+FE84 -> U+FEF8
    { 0xFEE0FE88, 0xFEFA }, // U+FEE0 U+FE88 -> U+FEFA
    { 0xFEE0FE8E, 0xFEFC }, // U+FEE0 U+FE8E -> U+FEFC
};

static const EpdFontData firago_14_semibold = {
    firago_14_semiboldBitmaps,
    firago_14_semiboldGlyphs,
    firago_14_semiboldIntervals,
    200,
    35,
    28,
    -8,
    false,
    nullptr,
    0,
    nullptr,
    firago_14_semiboldKernLeftClasses,
    firago_14_semiboldKernRightClasses,
    firago_14_semiboldKernMatrix,
    503,
    569,
    132,
    112,
    firago_14_semiboldLigaturePairs,
    8,
};
