/**
 * generated by fontconvert.py
 * name: firago_12_medium
 * size: 12
 * mode: 1-bit
 * Command used: /Users/vans/InkPoint X/InkPointX-dev/lib/EpdFont/scripts/fontconvert.py firago_12_medium 12 /Users/vans/InkPoint X/InkPointX-dev/lib/EpdFont/scripts/downloaded_fonts/FiraGO/FiraGO-Medium.ttf --codepoints-file /Users/vans/InkPoint X/InkPointX-dev/build/ui-fonts/firago-ui-codepoints.txt --force-autohint --pnum --mono-threshold 6
 */
#pragma once
#include "EpdFontData.h"

static const uint8_t firago_12_mediumBitmaps[27590] = {
    0xFF, 0xFF, 0xFF, 0xFF, 0xFF, 0xFF, 0x00, 0x6F, 0xF6, 0xE7, 0xE7, 0xE7, 0xE7, 0xE7, 0xE7, 0xE7,
    0x1C, 0x70, 0xE3, 0x87, 0x1C, 0x38, 0xE7, 0xFF, 0xBF, 0xFD, 0xFF, 0xE7, 0x1C, 0x38, 0xE1, 0xC7,
    0x0E, 0x39, 0xFF, 0xEF, 0xFF, 0x7F, 0xF9, 0xC7, 0x0E, 0x38, 0x71, 0xC3, 0x8E, 0x00, 0x03, 0x00,
    0x18, 0x00, 0xC0, 0x06, 0x01, 0xFE, 0x1F, 0xF9, 0xE1, 0x8F, 0x00, 0x78, 0x03, 0xC0, 0x1F, 0xC0,
    0x7F, 0x80, 0xFE, 0x01, 0xF8, 0x03, 0xC0, 0x0E, 0x00, 0x73, 0x07, 0xBF, 0xFC, 0xFF, 0xC1, 0xFC,
    0x01, 0x80, 0x0C, 0x00, 0x60, 0x03, 0x00, 0x00, 0x02, 0x03, 0xC0, 0x70, 0x7E, 0x07, 0x0F, 0xF0,
    0xE0, 0xE3, 0x1E, 0x0C, 0x31, 0xC0, 0xE3, 0x38, 0x0F, 0xF7, 0x80, 0x7E, 0x70, 0x03, 0xCE, 0x00,
    0x01, 0xE7, 0x80, 0x1C, 0xFC, 0x03, 0x9F, 0xE0, 0x79, 0x86, 0x07, 0x18, 0x60, 0xE1, 0x86, 0x1E,
    0x1F, 0xE1, 0xC0, 0xFC, 0x1C, 0x07, 0x80, 0x00, 0x00, 0x1F, 0x80, 0x1F, 0xE0, 0x1F, 0xF8, 0x0F,
    0x3C, 0x07, 0x9E, 0x03, 0xCF, 0x00, 0xFF, 0x00, 0x7F, 0x00, 0x1F, 0x04, 0x1F, 0x87, 0x1E, 0xF3,
    0x9E, 0x3D, 0xCF, 0x0F, 0xC7, 0x83, 0xE3, 0xC1, 0xF0, 0xFF, 0xFC, 0x7F, 0xEF, 0x0F, 0xC3, 0x00,
    0xFF, 0xFF, 0xF8, 0x0C, 0x1C, 0x71, 0xE3, 0x8F, 0x1C, 0x38, 0xF1, 0xE3, 0xC7, 0x8F, 0x1E, 0x3C,
    0x78, 0xF1, 0xE1, 0xC3, 0x87, 0x87, 0x0F, 0x0E, 0x0E, 0x18, 0x20, 0x70, 0x70, 0x38, 0x38, 0x3C,
    0x1C, 0x1E, 0x1E, 0x0E, 0x0E, 0x0E, 0x0E, 0x0E, 0x0E, 0x0E, 0x0E, 0x1E, 0x1E, 0x1C, 0x3C, 0x38,
    0x38, 0x70, 0x70, 0x20, 0x0E, 0x01, 0xC1, 0x39, 0x3F, 0xEF, 0xFE, 0x7F, 0x07, 0xC1, 0xFC, 0x3B,
    0xC2, 0x30, 0x00, 0x00, 0x0E, 0x03, 0x80, 0xE3, 0xFF, 0xFF, 0xFF, 0xF0, 0xE0, 0x38, 0x0E, 0x03,
    0x80, 0x33, 0xDE, 0xF3, 0x39, 0xCC, 0xFF, 0xFF, 0xFF, 0x6F, 0xF6, 0x03, 0x01, 0xC1, 0xC0, 0xE0,
    0x70, 0x38, 0x38, 0x1C, 0x0E, 0x07, 0x07, 0x03, 0x81, 0xC0, 0xE0, 0xE0, 0x70, 0x38, 0x1C, 0x1C,
    0x0E, 0x07, 0x07, 0x83, 0x80, 0xC0, 0x1F, 0x83, 0xFC, 0x7F, 0xE7, 0x0E, 0xF0, 0xFF, 0x0F, 0xF0,
    0xFF, 0x0F, 0xF0, 0xFF, 0x0F, 0xF0, 0xFF, 0x0F, 0xF0, 0xFF, 0x0F, 0x70, 0xE7, 0xFE, 0x3F, 0xC1,
    0xF8, 0x07, 0xC3, 0xF3, 0xFD, 0xFF, 0x7B, 0xC8, 0xF0, 0x3C, 0x0F, 0x03, 0xC0, 0xF0, 0x3C, 0x0F,
    0x03, 0xC0, 0xF0, 0x3C, 0x0F, 0x03, 0xC0, 0xF0, 0x1F, 0x83, 0xFC, 0x7F, 0xE6, 0x1E, 0x00, 0xE0,
    0x0E, 0x00, 0xE0, 0x1E, 0x01, 0xE0, 0x3C, 0x07, 0x80, 0x70, 0x0F, 0x01, 0xE0, 0x3C, 0x07, 0xFE,
    0x7F, 0xF7, 0xFF, 0x1F, 0x87, 0xFC, 0x7F, 0xE2, 0x1E, 0x00, 0xE0, 0x0E, 0x01, 0xE0, 0x7C, 0x0F,
    0x80, 0xFC, 0x01, 0xE0, 0x0F, 0x00, 0xF0, 0x0F, 0x60, 0xFF, 0xFE, 0x7F, 0xC1, 0xF8, 0x04, 0x00,
    0xE0, 0x0E, 0x01, 0xE0, 0x1C, 0x03, 0xC0, 0x38, 0x03, 0x9E, 0x79, 0xE7, 0x1E, 0xF1, 0xEF, 0xFF,
    0xFF, 0xFF, 0xFF, 0x01, 0xE0, 0x1E, 0x01, 0xE0, 0x1E, 0x3F, 0xF1, 0xFF, 0x8F, 0xF8, 0x78, 0x03,
    0xC0, 0x1E, 0x00, 0xF6, 0x07, 0xFC, 0x3F, 0xF1, 0xC7, 0x80, 0x1C, 0x00, 0xE0, 0x07, 0x00, 0x38,
    0xC3, 0xCF, 0xFC, 0x3F, 0xE0, 0xFC, 0x00, 0x0F, 0xC1, 0xFE, 0x3F, 0xC7, 0x80, 0x70, 0x0F, 0x00,
    0xF7, 0x8F, 0xFE, 0xFF, 0xEF, 0x0F, 0xF0, 0xFF, 0x0F, 0xF0, 0xFF, 0x0F, 0x70, 0xF7, 0xFE, 0x3F,
    0xC1, 0xF8, 0xFF, 0xFF, 0xFF, 0xFC, 0x0F, 0x03, 0x80, 0xE0, 0x70, 0x1C, 0x0F, 0x03, 0x80, 0xE0,
    0x78, 0x1C, 0x0F, 0x03, 0x80, 0xE0, 0x78, 0x04, 0x00, 0x1F, 0x81, 0xFF, 0x1F, 0xFC, 0xE1, 0xE7,
    0x0F, 0x38, 0x79, 0xE3, 0x87, 0xF8, 0x1F, 0x81, 0xFF, 0x1C, 0x7D, 0xE1, 0xEF, 0x07, 0x78, 0x3B,
    0xC3, 0xCF, 0xFE, 0x7F, 0xE0, 0xFC, 0x00, 0x1F, 0x83, 0xFC, 0x7F, 0xEF, 0x0F, 0xF0, 0xFF, 0x0F,
    0xF0, 0xFF, 0x0F, 0xF9, 0xF7, 0xFF, 0x3F, 0xF0, 0xCE, 0x01, 0xE0, 0x3C, 0x07, 0xC3, 0xF8, 0x7E,
    0x03, 0x80, 0x00, 0x00, 0x6F, 0xF6, 0x00, 0x00, 0x06, 0xFF, 0x60, 0x33, 0xDE, 0x60, 0x00, 0x00,
    0x01, 0x9E, 0xF7, 0x99, 0xCE, 0x60, 0x00, 0x00, 0x38, 0x1F, 0x8F, 0xE7, 0xE1, 0xF0, 0x38, 0x07,
    0xC0, 0x7F, 0x03, 0xF8, 0x1F, 0x80, 0xE0, 0x00, 0xFF, 0xFF, 0xFF, 0xFC, 0x00, 0x00, 0x3F, 0xFF,
    0xFF, 0xFF, 0x00, 0x0E, 0x03, 0xF0, 0x3F, 0x80, 0xFC, 0x07, 0xC0, 0x38, 0x1F, 0x1F, 0xCF, 0xE3,
    0xF0, 0x38, 0x00, 0x00, 0x1F, 0x8F, 0xFB, 0xFF, 0xB0, 0xF0, 0x1E, 0x03, 0xC1, 0xF0, 0x7C, 0x1F,
    0x03, 0xC0, 0x78, 0x0E, 0x00, 0x00, 0x00, 0x03, 0x00, 0xF0, 0x1E, 0x01, 0x80, 0x00, 0xFF, 0x00,
    0x07, 0xFF, 0x80, 0x3F, 0xFF, 0xC0, 0xF8, 0x07, 0xC3, 0xE0, 0x07, 0x87, 0x83, 0x07, 0x9E, 0x3F,
    0xC7, 0x38, 0xFF, 0x8F, 0xF1, 0xEF, 0x1F, 0xE7, 0x9E, 0x3F, 0xCF, 0x3C, 0x7F, 0x9E, 0x78, 0xFF,
    0x3C, 0xF1, 0xFE, 0x79, 0xE3, 0xFC, 0xF3, 0xC7, 0x79, 0xFF, 0xFE, 0x71, 0xFB, 0xF8, 0xF1, 0xE3,
    0xE1, 0xE0, 0x00, 0x01, 0xE0, 0x00, 0x01, 0xF0, 0x00, 0x01, 0xFF, 0xF0, 0x01, 0xFF, 0xE0, 0x00,
    0x7F, 0x80, 0x03, 0xE0, 0x03, 0xE0, 0x07, 0xE0, 0x07, 0xE0, 0x07, 0x70, 0x0F, 0x70, 0x0E, 0x70,
    0x0E, 0x78, 0x0E, 0x38, 0x1E, 0x38, 0x1C, 0x3C, 0x1F, 0xFC, 0x3F, 0xFC, 0x3F, 0xFC, 0x38, 0x1E,
    0x78, 0x1E, 0x78, 0x0E, 0x78, 0x0F, 0xFF, 0x87, 0xFE, 0x3F, 0xF9, 0xE3, 0xCF, 0x0E, 0x78, 0x73,
    0xC7, 0x9F, 0xF8, 0xFF, 0x87, 0xFF, 0x3C, 0x7D, 0xE0, 0xEF, 0x07, 0x78, 0x3B, 0xC3, 0xDF, 0xFE,
    0xFF, 0xE7, 0xFC, 0x00, 0x0F, 0xE0, 0xFF, 0x8F, 0xFC, 0xF0, 0x47, 0x00, 0x78, 0x03, 0xC0, 0x1E,
    0x00, 0xF0, 0x07, 0x80, 0x3C, 0x01, 0xE0, 0x0F, 0x00, 0x38, 0x01, 0xE0, 0xC7, 0xFE, 0x1F, 0xF0,
    0x7F, 0x00, 0xFF, 0x07, 0xFE, 0x3F, 0xF9, 0xE1, 0xEF, 0x07, 0x78, 0x3F, 0xC1, 0xFE, 0x0F, 0xF0,
    0x7F, 0x83, 0xFC, 0x1F, 0xE0, 0xFF, 0x07, 0xF8, 0x3B, 0xC3, 0xDF, 0xFC, 0xFF, 0xC7, 0xF8, 0x00,
    0xFF, 0xFF, 0xFF, 0xFB, 0xC0, 0xF0, 0x3C, 0x0F, 0x03, 0xFE, 0xFF, 0xBF, 0xEF, 0x03, 0xC0, 0xF0,
    0x3C, 0x0F, 0x03, 0xFF, 0xFF, 0xFF, 0xF0, 0xFF, 0xFF, 0xFF, 0xFB, 0xC0, 0xF0, 0x3C, 0x0F, 0x03,
    0xC0, 0xFF, 0xBF, 0xEF, 0xF3, 0xC0, 0xF0, 0x3C, 0x0F, 0x03, 0xC0, 0xF0, 0x3C, 0x00, 0x07, 0xE0,
    0x7F, 0xE3, 0xFF, 0x9E, 0x04, 0x78, 0x03, 0xC0, 0x0F, 0x00, 0x3C, 0x7E, 0xF1, 0xFF, 0xC7, 0xFF,
    0x03, 0xFC, 0x0F, 0xF0, 0x3D, 0xC0, 0xF7, 0x83, 0xCF, 0xFF, 0x1F, 0xF8, 0x3F, 0x80, 0xF0, 0x7F,
    0x83, 0xFC, 0x1F, 0xE0, 0xFF, 0x07, 0xF8, 0x3F, 0xC1, 0xFF, 0xFF, 0xFF, 0xFF, 0xFF, 0xFC, 0x1F,
    0xE0, 0xFF, 0x07, 0xF8, 0x3F, 0xC1, 0xFE, 0x0F, 0xF0, 0x7F, 0x83, 0xC0, 0xFF, 0xFF, 0xFF, 0xFF,
    0xFF, 0xFF, 0xFF, 0xFF, 0xFF, 0x1E, 0x3C, 0x78, 0xF1, 0xE3, 0xC7, 0x8F, 0x1E, 0x3C, 0x78, 0xF1,
    0xE3, 0xC7, 0x8E, 0x1C, 0x78, 0xF7, 0xC7, 0x08, 0x00, 0xF0, 0x7B, 0xC3, 0xCF, 0x0E, 0x3C, 0x78,
    0xF3, 0xC3, 0xDE, 0x0F, 0x70, 0x3F, 0xC0, 0xFE, 0x03, 0xFC, 0x0F, 0x78, 0x3D, 0xE0, 0xF3, 0xC3,
    0xC7, 0x8F, 0x1E, 0x3C, 0x3C, 0xF0, 0x7B, 0xC1, 0xE0, 0xF0, 0x1E, 0x03, 0xC0, 0x78, 0x0F, 0x01,
    0xE0, 0x3C, 0x07, 0x80, 0xF0, 0x1E, 0x03, 0xC0, 0x78, 0x0F, 0x01, 0xE0, 0x3C, 0x07, 0xFE, 0xFF,
    0xDF, 0xF8, 0x3C, 0x0F, 0x0F, 0x83, 0xC3, 0xE1, 0xF8, 0xF8, 0x7E, 0x7E, 0x1F, 0x9D, 0xC6, 0xE7,
    0x73, 0xB9, 0xDC, 0xEE, 0x77, 0x3B, 0x9C, 0xEC, 0xE7, 0x3F, 0x39, 0xCF, 0xCE, 0x73, 0xF3, 0x9C,
    0x78, 0xE7, 0x1E, 0x39, 0xC7, 0x8F, 0x70, 0x03, 0xFC, 0x00, 0xF0, 0xF8, 0x7F, 0xC3, 0xFF, 0x1F,
    0xF8, 0xFF, 0xC7, 0xFF, 0x3F, 0xB9, 0xFD, 0xCF, 0xE7, 0x3F, 0x39, 0xF9, 0xEF, 0xE7, 0x7F, 0x3F,
    0xF8, 0xFF, 0xC7, 0xFE, 0x3F, 0xF0, 0xFF, 0x87, 0xC0, 0x0F, 0xE0, 0x3F, 0xE0, 0xFF, 0xE3, 0xC1,
    0xE7, 0x01, 0xDE, 0x03, 0xFC, 0x07, 0xF8, 0x0F, 0xF0, 0x1F, 0xE0, 0x3F, 0xC0, 0x7F, 0x80, 0xFF,
    0x01, 0xEE, 0x03, 0x9E, 0x0F, 0x1F, 0xFC, 0x1F, 0xF0, 0x1F, 0xC0, 0xFF, 0x8F, 0xFC, 0xFF, 0xEF,
    0x0F, 0xF0, 0xFF, 0x0F, 0xF0, 0xFF, 0x0F, 0xF0, 0xFF, 0xFE, 0xFF, 0xCF, 0xF8, 0xF0, 0x0F, 0x00,
    0xF0, 0x0F, 0x00, 0xF0, 0x0F, 0x00, 0x0F, 0xE0, 0x1F, 0xF0, 0x3F, 0xF8, 0x78, 0x3C, 0x70, 0x1C,
    0xF0, 0x1E, 0xF0, 0x1E, 0xF0, 0x1E, 0xF0, 0x1E, 0xF0, 0x1E, 0xF0, 0x1E, 0xF0, 0x1E, 0xF0, 0x1E,
    0x70, 0x1C, 0x78, 0x3C, 0x3F, 0xF8, 0x1F, 0xF0, 0x0F, 0xFE, 0x00, 0x3F, 0x00, 0x0E, 0x00, 0x04,
    0xFF, 0x83, 0xFF, 0x8F, 0xFE, 0x3C, 0x3C, 0xF0, 0xF3, 0xC3, 0xCF, 0x0F, 0x3C, 0x3C, 0xFF, 0xE3,
    0xFF, 0x0F, 0xF8, 0x3C, 0xE0, 0xF3, 0xC3, 0xC7, 0x8F, 0x1E, 0x3C, 0x3C, 0xF0, 0xF3, 0xC1, 0xE0,
    0x0F, 0xC1, 0xFF, 0x8F, 0xFC, 0xF0, 0x47, 0x80, 0x3C, 0x01, 0xF0, 0x07, 0xF0, 0x1F, 0xE0, 0x3F,
    0x80, 0x7E, 0x00, 0xF0, 0x07, 0x80, 0x3D, 0x81, 0xFF, 0xFE, 0x7F, 0xE0, 0xFE, 0x00, 0xFF, 0xFB,
    0xFF, 0xE7, 0xFF, 0x81, 0xE0, 0x07, 0x80, 0x1E, 0x00, 0x78, 0x01, 0xE0, 0x07, 0x80, 0x1E, 0x00,
    0x78, 0x01, 0xE0, 0x07, 0x80, 0x1E, 0x00, 0x78, 0x01, 0xE0, 0x07, 0x80, 0x1E, 0x00, 0xF0, 0x7F,
    0x83, 0xFC, 0x1F, 0xE0, 0xFF, 0x07, 0xF8, 0x3F, 0xC1, 0xFE, 0x0F, 0xF0, 0x7F, 0x83, 0xFC, 0x1F,
    0xE0, 0xFF, 0x07, 0xF8, 0x3F, 0xC1, 0xEF, 0xFE, 0x3F, 0xE0, 0xFE, 0x00, 0x78, 0x0E, 0x78, 0x1E,
    0x78, 0x1E, 0x38, 0x1C, 0x3C, 0x1C, 0x3C, 0x3C, 0x1C, 0x38, 0x1C, 0x38, 0x1E, 0x38, 0x0E, 0x78,
    0x0E, 0x70, 0x0E, 0x70, 0x0F, 0x70, 0x07, 0xE0, 0x07, 0xE0, 0x07, 0xE0, 0x03, 0xE0, 0x03, 0xC0,
    0xF0, 0xF0, 0x7B, 0x87, 0xC3, 0x9C, 0x3E, 0x1C, 0xE1, 0xF0, 0xE7, 0x0F, 0x87, 0x3C, 0x6C, 0x79,
    0xE7, 0x73, 0xC7, 0x3B, 0x9C, 0x39, 0xDC, 0xE1, 0xCC, 0xE7, 0x0E, 0x63, 0x38, 0x77, 0x1B, 0xC3,
    0xF8, 0xFC, 0x0F, 0xC7, 0xE0, 0x7E, 0x3F, 0x03, 0xE1, 0xF8, 0x1F, 0x07, 0xC0, 0xF8, 0x3E, 0x00,
    0x70, 0x38, 0xF0, 0xF0, 0xE1, 0xC1, 0xE7, 0x81, 0xCE, 0x03, 0xFC, 0x03, 0xF0, 0x07, 0xE0, 0x07,
    0x80, 0x1F, 0x80, 0x3F, 0x00, 0xFF, 0x01, 0xCE, 0x07, 0x9E, 0x0E, 0x1C, 0x3C, 0x3C, 0x70, 0x39,
    0xE0, 0x78, 0x70, 0x1E, 0xF0, 0x38, 0xE0, 0xF1, 0xE1, 0xC1, 0xC7, 0x83, 0xCE, 0x03, 0xBC, 0x07,
    0xF0, 0x07, 0xE0, 0x0F, 0x80, 0x0F, 0x00, 0x1E, 0x00, 0x3C, 0x00, 0x78, 0x00, 0xF0, 0x01, 0xE0,
    0x03, 0xC0, 0x07, 0x80, 0x7F, 0xF3, 0xFF, 0x9F, 0xFC, 0x01, 0xC0, 0x1E, 0x01, 0xE0, 0x0F, 0x00,
    0xF0, 0x0F, 0x00, 0x78, 0x07, 0x80, 0x7C, 0x03, 0xC0, 0x3C, 0x01, 0xE0, 0x1F, 0xFE, 0xFF, 0xF7,
    0xFF, 0x80, 0xFF, 0xFF, 0xFC, 0xF3, 0xCF, 0x3C, 0xF3, 0xCF, 0x3C, 0xF3, 0xCF, 0x3C, 0xF3, 0xCF,
    0x3C, 0xF3, 0xFF, 0xFF, 0x60, 0x70, 0x1C, 0x0E, 0x07, 0x03, 0x80, 0xE0, 0x70, 0x38, 0x1C, 0x07,
    0x03, 0x81, 0xC0, 0xE0, 0x38, 0x1C, 0x0E, 0x07, 0x01, 0xC0, 0xE0, 0x70, 0x3C, 0x0E, 0x06, 0xFF,
    0xFF, 0xF8, 0xF1, 0xE3, 0xC7, 0x8F, 0x1E, 0x3C, 0x78, 0xF1, 0xE3, 0xC7, 0x8F, 0x1E, 0x3C, 0x78,
    0xF1, 0xFF, 0xFF, 0xFF, 0x07, 0x80, 0x3E, 0x00, 0xFC, 0x07, 0x78, 0x1C, 0xE0, 0xE3, 0xC7, 0x87,
    0x1C, 0x1E, 0xFF, 0xFF, 0xFF, 0xFF, 0xF0, 0x00, 0x20, 0x78, 0x7E, 0x1E, 0x06, 0x3F, 0x87, 0xFC,
    0x7F, 0xE0, 0x1E, 0x01, 0xE1, 0xFE, 0x7F, 0xEF, 0xFE, 0xF1, 0xEF, 0x1E, 0xF1, 0xEF, 0xFF, 0x7F,
    0xF3, 0xE7, 0x00, 0x0F, 0x00, 0xF0, 0x0F, 0x00, 0xF0, 0x0F, 0x00, 0xF7, 0x8F, 0xFE, 0xFF, 0xEF,
    0x0F, 0xF0, 0xFF, 0x0F, 0xF0, 0xFF, 0x0F, 0xF0, 0xFF, 0x0F, 0xF0, 0xEF, 0xFE, 0xFF, 0xCE, 0xF8,
    0x1F, 0x87, 0xF9, 0xFF, 0x38, 0x0F, 0x01, 0xE0, 0x3C, 0x07, 0x80, 0xF0, 0x1E, 0x01, 0xC0, 0x3F,
    0xE3, 0xFC, 0x3F, 0x00, 0x00, 0x00, 0x0F, 0x00, 0xF0, 0x0F, 0x00, 0xF0, 0x0F, 0x1F, 0xF3, 0xFF,
    0x7F, 0xF7, 0x0F, 0xF0, 0xFF, 0x0F, 0xF0, 0xFF, 0x0F, 0xF0, 0xFF, 0x0F, 0xF0, 0xF7, 0xFF, 0x7F,
    0xF1, 0xE7, 0x1F, 0x83, 0xFC, 0x7F, 0xE7, 0x0F, 0xF0, 0xFF, 0xFF, 0xFF, 0xFF, 0xFF, 0xF0, 0x0F,
    0x00, 0x70, 0x07, 0xFE, 0x3F, 0xE1, 0xF8, 0x07, 0x03, 0xF8, 0xFF, 0x1E, 0x03, 0xC0, 0x78, 0x3F,
    0xE7, 0xF8, 0xFF, 0x07, 0x80, 0xF0, 0x1E, 0x03, 0xC0, 0x78, 0x0F, 0x01, 0xE0, 0x3C, 0x07, 0x80,
    0xF0, 0x1E, 0x00, 0x00, 0x00, 0x00, 0xE1, 0xFF, 0x8F, 0xFE, 0x7F, 0xE1, 0xE3, 0xC7, 0x0F, 0x1C,
    0x3C, 0x78, 0xF1, 0xFF, 0xC3, 0xFE, 0x0F, 0xE0, 0x78, 0x01, 0xFE, 0x07, 0xFF, 0x0F, 0xFC, 0x00,
    0x7B, 0x81, 0xEF, 0x07, 0xBF, 0xFE, 0x7F, 0xF0, 0xFF, 0x00, 0x00, 0x1E, 0x03, 0xC0, 0x78, 0x0F,
    0x01, 0xE0, 0x3D, 0xE7, 0xFE, 0xFF, 0xFE, 0x3F, 0xC7, 0xF8, 0xFF, 0x1F, 0xE3, 0xFC, 0x7F, 0x8F,
    0xF1, 0xFE, 0x3F, 0xC7, 0xF8, 0xF0, 0x6F, 0xF6, 0x00, 0x0F, 0xFF, 0xFF, 0xFF, 0xFF, 0xFF, 0xFF,
    0xF0, 0x0C, 0x3C, 0x78, 0x60, 0x00, 0x00, 0x0F, 0x1E, 0x3C, 0x78, 0xF1, 0xE3, 0xC7, 0x8F, 0x1E,
    0x3C, 0x78, 0xF1, 0xE3, 0xC7, 0xBE, 0x78, 0xE0, 0x00, 0xE0, 0x0F, 0x00, 0xF0, 0x0F, 0x00, 0xF0,
    0x0F, 0x00, 0xF1, 0xEF, 0x1C, 0xF3, 0xCF, 0x78, 0xF7, 0x0F, 0xE0, 0xFE, 0x0F, 0xF0, 0xF7, 0x0F,
    0x78, 0xF3, 0xCF, 0x3C, 0xF1, 0xEF, 0x0F, 0x63, 0xCF, 0x3C, 0xF3, 0xCF, 0x3C, 0xF3, 0xCF, 0x3C,
    0xF3, 0xCF, 0x3C, 0xF3, 0xEF, 0x9E, 0xE7, 0x8F, 0x3F, 0xF7, 0xEF, 0xFF, 0xFB, 0xC7, 0x8E, 0xF1,
    0xE3, 0xBC, 0x78, 0xFF, 0x1E, 0x3F, 0xC7, 0x8F, 0xF1, 0xE3, 0xFC, 0x78, 0xFF, 0x1E, 0x3F, 0xC7,
    0x8F, 0xF1, 0xE3, 0xFC, 0x78, 0xF0, 0xE7, 0x9D, 0xFB, 0xFF, 0xF8, 0xFF, 0x1F, 0xE3, 0xFC, 0x7F,
    0x8F, 0xF1, 0xFE, 0x3F, 0xC7, 0xF8, 0xFF, 0x1F, 0xE3, 0xC0, 0x1F, 0x81, 0xFE, 0x1F, 0xF8, 0xE1,
    0xEF, 0x07, 0x78, 0x3B, 0xC1, 0xDE, 0x0E, 0xF0, 0x77, 0x83, 0x9C, 0x3C, 0xFF, 0xC3, 0xFC, 0x0F,
    0xC0, 0xE7, 0x8F, 0xFE, 0xFF, 0xEF, 0x0F, 0xF0, 0xFF, 0x0F, 0xF0, 0xFF, 0x0F, 0xF0, 0xFF, 0x0F,
    0xF0, 0xFF, 0xFE, 0xFF, 0xCF, 0xF8, 0xF0, 0x0F, 0x00, 0xF0, 0x0F, 0x00, 0xE0, 0x00, 0x00, 0x1F,
    0x73, 0xFF, 0x7F, 0xF7, 0x0F, 0xF0, 0xFF, 0x0F, 0xF0, 0xFF, 0x0F, 0xF0, 0xFF, 0x0F, 0xF0, 0xF7,
    0xFF, 0x7F, 0xF1, 0xEF, 0x00, 0xF0, 0x0F, 0x00, 0xF0, 0x0F, 0x00, 0x70, 0x00, 0xE7, 0x77, 0xBF,
    0xDF, 0x0F, 0x07, 0x83, 0xC1, 0xE0, 0xF0, 0x78, 0x3C, 0x1E, 0x0F, 0x07, 0x80, 0x1F, 0x83, 0xFE,
    0x7F, 0xC7, 0x80, 0x78, 0x07, 0xE0, 0x3F, 0x80, 0xFE, 0x01, 0xE0, 0x0E, 0x20, 0xE7, 0xFE, 0x7F,
    0xC1, 0xF8, 0x00, 0x0F, 0x03, 0xC0, 0xF0, 0xFF, 0x3F, 0xCF, 0xF0, 0xF0, 0x3C, 0x0F, 0x03, 0xC0,
    0xF0, 0x3C, 0x0F, 0x03, 0xC0, 0xFE, 0x1F, 0x83, 0xE0, 0xF1, 0xFE, 0x3F, 0xC7, 0xF8, 0xFF, 0x1F,
    0xE3, 0xFC, 0x7F, 0x8F, 0xF1, 0xFE, 0x3F, 0xC7, 0xFF, 0xF7, 0xEE, 0x79, 0xC0, 0xF0, 0x7F, 0x83,
    0x9C, 0x3C, 0xF1, 0xE7, 0x8E, 0x1C, 0x70, 0xE7, 0x87, 0xB8, 0x1D, 0xC0, 0xEE, 0x07, 0xE0, 0x1F,
    0x00, 0xF8, 0x07, 0xC0, 0xF1, 0xE1, 0xDE, 0x3C, 0x39, 0xC7, 0xCF, 0x38, 0xF9, 0xC7, 0x1F, 0x38,
    0xF7, 0x67, 0x0E, 0xEC, 0xE1, 0xD9, 0x9C, 0x3B, 0x3F, 0x07, 0x67, 0xE0, 0xFC, 0xFC, 0x0F, 0x8F,
    0x81, 0xF1, 0xF0, 0x3C, 0x3C, 0x00, 0x38, 0x78, 0xF1, 0xC1, 0xCF, 0x07, 0xB8, 0x0F, 0xC0, 0x1F,
    0x00, 0x78, 0x01, 0xF0, 0x0F, 0xC0, 0x7B, 0x81, 0xCF, 0x0F, 0x1C, 0x38, 0x79, 0xE0, 0xE0, 0xF0,
    0x7F, 0x83, 0x9C, 0x1C, 0xE1, 0xE7, 0x8E, 0x1C, 0x70, 0xE3, 0x87, 0x38, 0x3D, 0xC0, 0xEE, 0x07,
    0xF0, 0x3F, 0x00, 0xF8, 0x07, 0xC0, 0x1C, 0x01, 0xE0, 0x1E, 0x03, 0xE0, 0x1E, 0x00, 0x40, 0x00,
    0x7F, 0xE7, 0xFE, 0x7F, 0xE0, 0x3C, 0x03, 0xC0, 0x78, 0x0F, 0x01, 0xE0, 0x1E, 0x03, 0xC0, 0x78,
    0x07, 0xFE, 0xFF, 0xEF, 0xFE, 0x0E, 0x3C, 0xF9, 0xE3, 0xC7, 0x8F, 0x1E, 0x3C, 0x71, 0xE7, 0xCF,
    0x0F, 0x0E, 0x1C, 0x3C, 0x78, 0xF1, 0xE3, 0xC7, 0x8F, 0x8F, 0x0E, 0xFF, 0xFF, 0xFF, 0xFF, 0xFF,
    0xFF, 0xFF, 0xFF, 0xFF, 0xFF, 0xFF, 0xFF, 0xF1, 0xF3, 0xE1, 0xC3, 0xC7, 0x8F, 0x1E, 0x3C, 0x78,
    0xF0, 0xF0, 0xE7, 0x8F, 0x1E, 0x3C, 0x78, 0xF1, 0xE3, 0x87, 0x3E, 0x7C, 0xF0, 0x3C, 0x27, 0xFF,
    0x7F, 0xE2, 0x3C, 0x6F, 0xF6, 0x00, 0xFF, 0xFF, 0xFF, 0xFF, 0xFF, 0xFF, 0x00, 0x00, 0x30, 0xC1,
    0xE3, 0x8F, 0x1C, 0x38, 0xF1, 0xE7, 0x8F, 0x1E, 0x3C, 0xF0, 0xF3, 0xC1, 0xE7, 0x87, 0x8F, 0x0F,
    0x1C, 0x1E, 0x78, 0x30, 0xE0, 0x00, 0x00, 0x3C, 0x3F, 0x3F, 0xDC, 0x6C, 0x37, 0x1B, 0xFC, 0xFC,
    0x3C, 0x00, 0x6F, 0xF6, 0x3F, 0x1F, 0xEF, 0x3F, 0x87, 0xE1, 0xF8, 0x7E, 0x1F, 0xCF, 0x7F, 0x8F,
    0xC0, 0x00, 0x00, 0x00, 0x00, 0x0F, 0xFF, 0xFF, 0xFF, 0xC0, 0x00, 0x03, 0x04, 0x1C, 0x70, 0xF3,
    0xC3, 0x8E, 0x1E, 0x78, 0x79, 0xE3, 0xC7, 0x1E, 0x79, 0xE3, 0xCF, 0x3C, 0xF3, 0xC7, 0x1C, 0x30,
    0xC0, 0x00, 0x00, 0x06, 0x01, 0xE0, 0x3C, 0x03, 0x00, 0x00, 0x00, 0x00, 0x00, 0x78, 0x0F, 0x01,
    0xE0, 0xF8, 0x3E, 0x0F, 0x81, 0xE0, 0x3C, 0x07, 0x86, 0xFF, 0xEF, 0xF8, 0xFC, 0x00, 0x00, 0x00,
    0x03, 0x00, 0x07, 0x80, 0x07, 0xE0, 0x00, 0xE0, 0x00, 0x00, 0x00, 0x00, 0x03, 0xE0, 0x03, 0xE0,
    0x07, 0xE0, 0x07, 0xE0, 0x07, 0x70, 0x0F, 0x70, 0x0E, 0x70, 0x0E, 0x78, 0x0E, 0x38, 0x1E, 0x38,
    0x1C, 0x3C, 0x1F, 0xFC, 0x3F, 0xFC, 0x3F, 0xFC, 0x38, 0x1E, 0x78, 0x1E, 0x78, 0x0E, 0x78, 0x0F,
    0x00, 0x00, 0x00, 0x60, 0x01, 0xE0, 0x07, 0xE0, 0x07, 0x80, 0x00, 0x00, 0x00, 0x00, 0x03, 0xE0,
    0x03, 0xE0, 0x07, 0xE0, 0x07, 0xE0, 0x07, 0x70, 0x0F, 0x70, 0x0E, 0x70, 0x0E, 0x78, 0x0E, 0x38,
    0x1E, 0x38, 0x1C, 0x3C, 0x1F, 0xFC, 0x3F, 0xFC, 0x3F, 0xFC, 0x38, 0x1E, 0x78, 0x1E, 0x78, 0x0E,
    0x78, 0x0F, 0x01, 0xC0, 0x07, 0xE0, 0x0F, 0xF0, 0x0E, 0x30, 0x00, 0x00, 0x00, 0x00, 0x03, 0xE0,
    0x03, 0xE0, 0x07, 0xE0, 0x07, 0xE0, 0x07, 0x70, 0x0F, 0x70, 0x0E, 0x70, 0x0E, 0x78, 0x0E, 0x38,
    0x1E, 0x38, 0x1C, 0x3C, 0x1F, 0xFC, 0x3F, 0xFC, 0x3F, 0xFC, 0x38, 0x1E, 0x78, 0x1E, 0x78, 0x0E,
    0x78, 0x0F, 0x0C, 0x60, 0x38, 0xE0, 0x71, 0xC0, 0x63, 0x00, 0x00, 0x00, 0x00, 0x01, 0xF0, 0x03,
    0xE0, 0x07, 0xC0, 0x1F, 0xC0, 0x3B, 0x80, 0x77, 0x01, 0xEF, 0x03, 0x8E, 0x07, 0x1C, 0x1E, 0x3C,
    0x3C, 0x78, 0x7F, 0xF0, 0xFF, 0xE3, 0xFF, 0xE7, 0x83, 0xCE, 0x03, 0xBC, 0x07, 0xF8, 0x0F, 0x03,
    0xC0, 0x07, 0xE0, 0x06, 0x60, 0x06, 0x60, 0x07, 0xE0, 0x03, 0xC0, 0x00, 0x00, 0x03, 0xC0, 0x03,
    0xC0, 0x07, 0xE0, 0x07, 0xE0, 0x07, 0xE0, 0x0E, 0xF0, 0x0E, 0x70, 0x0E, 0x70, 0x1E, 0x78, 0x1C,
    0x78, 0x1C, 0x38, 0x1F, 0xF8, 0x3F, 0xFC, 0x3F, 0xFC, 0x38, 0x1C, 0x78, 0x1E, 0x78, 0x1E, 0x70,
    0x1E, 0x01, 0xFF, 0xE0, 0x3F, 0xFE, 0x03, 0xFF, 0xE0, 0x7F, 0x00, 0x07, 0x70, 0x00, 0x77, 0x00,
    0x0F, 0x78, 0x00, 0xE3, 0x80, 0x1E, 0x3F, 0xE1, 0xE3, 0xFE, 0x1C, 0x3F, 0xE3, 0xFF, 0xC0, 0x3F,
    0xFC, 0x03, 0xFF, 0xC0, 0x78, 0x1C, 0x07, 0x81, 0xFF, 0xF0, 0x1F, 0xFF, 0x00, 0xFF, 0x07, 0xE0,
    0xFF, 0x8F, 0xFC, 0xF0, 0x47, 0x00, 0x78, 0x03, 0xC0, 0x1E, 0x00, 0xF0, 0x07, 0x80, 0x3C, 0x01,
    0xE0, 0x0F, 0x00, 0x38, 0x01, 0xE0, 0x07, 0x86, 0x3F, 0xF8, 0xFF, 0x80, 0xF0, 0x07, 0x00, 0x3E,
    0x00, 0x70, 0x0F, 0x80, 0xFC, 0x07, 0xC0, 0x00, 0x00, 0xC0, 0xF0, 0xFC, 0x38, 0x00, 0x00, 0x03,
    0xFF, 0xFF, 0xFF, 0xEF, 0x03, 0xC0, 0xF0, 0x3C, 0x0F, 0xFB, 0xFE, 0xFF, 0xBC, 0x0F, 0x03, 0xC0,
    0xF0, 0x3C, 0x0F, 0xFF, 0xFF, 0xFF, 0xC0, 0x1E, 0x0F, 0xC7, 0xF9, 0x86, 0x00, 0x00, 0x0F, 0xFF,
    0xFF, 0xFF, 0xBC, 0x0F, 0x03, 0xC0, 0xF0, 0x3F, 0xEF, 0xFB, 0xFE, 0xF0, 0x3C, 0x0F, 0x03, 0xC0,
    0xF0, 0x3F, 0xFF, 0xFF, 0xFF, 0x00, 0x18, 0xFB, 0xF7, 0x00, 0x00, 0x1E, 0x3C, 0x78, 0xF1, 0xE3,
    0xC7, 0x8F, 0x1E, 0x3C, 0x78, 0xF1, 0xE3, 0xC7, 0x8F, 0x1E, 0x3C, 0x1C, 0x0F, 0xC7, 0xFB, 0x8E,
    0x00, 0x00, 0x01, 0xE0, 0x78, 0x1E, 0x07, 0x81, 0xE0, 0x78, 0x1E, 0x07, 0x81, 0xE0, 0x78, 0x1E,
    0x07, 0x81, 0xE0, 0x78, 0x1E, 0x07, 0x81, 0xE0, 0x78, 0x04, 0x00, 0x1E, 0x00, 0x3F, 0x00, 0x1F,
    0x00, 0x04, 0x00, 0x00, 0x03, 0xF8, 0x0F, 0xF8, 0x3F, 0xF8, 0xF0, 0x79, 0xC0, 0x77, 0x80, 0xFF,
    0x01, 0xFE, 0x03, 0xFC, 0x07, 0xF8, 0x0F, 0xF0, 0x1F, 0xE0, 0x3F, 0xC0, 0x7B, 0x80, 0xE7, 0x83,
    0xC7, 0xFF, 0x07, 0xFC, 0x07, 0xF0, 0x00, 0x40, 0x03, 0x80, 0x1F, 0x80, 0x7C, 0x00, 0x40, 0x00,
    0x00, 0x03, 0xF8, 0x0F, 0xF8, 0x3F, 0xF8, 0xF0, 0x79, 0xC0, 0x77, 0x80, 0xFF, 0x01, 0xFE, 0x03,
    0xFC, 0x07, 0xF8, 0x0F, 0xF0, 0x1F, 0xE0, 0x3F, 0xC0, 0x7B, 0x80, 0xE7, 0x83, 0xC7, 0xFF, 0x07,
    0xFC, 0x07, 0xF0, 0x0C, 0x60, 0x38, 0xE0, 0x71, 0xC0, 0x63, 0x00, 0x00, 0x00, 0x00, 0x03, 0xF8,
    0x0F, 0xF8, 0x3F, 0xF8, 0xF0, 0x79, 0xC0, 0x77, 0x80, 0xFF, 0x01, 0xFE, 0x03, 0xFC, 0x07, 0xF8,
    0x0F, 0xF0, 0x1F, 0xE0, 0x3F, 0xC0, 0x7B, 0x80, 0xE7, 0x83, 0xC7, 0xFF, 0x07, 0xFC, 0x07, 0xF0,
    0x00, 0x00, 0x00, 0x60, 0x01, 0xC0, 0x03, 0x80, 0xFF, 0x03, 0xFE, 0x0F, 0xFE, 0x3C, 0x7E, 0x70,
    0xDD, 0xE3, 0xBF, 0xC6, 0x7F, 0x8C, 0xFF, 0x19, 0xFE, 0x63, 0xFC, 0xC7, 0xF9, 0x8F, 0xF7, 0x1E,
    0xEC, 0x39, 0xF8, 0xF1, 0xFF, 0xC1, 0xFF, 0x03, 0xFC, 0x07, 0x00, 0x0E, 0x00, 0x18, 0x00, 0x00,
    0x00, 0x60, 0x07, 0xC0, 0x3F, 0x00, 0x38, 0x00, 0x00, 0x00, 0x1E, 0x0F, 0xF0, 0x7F, 0x83, 0xFC,
    0x1F, 0xE0, 0xFF, 0x07, 0xF8, 0x3F, 0xC1, 0xFE, 0x0F, 0xF0, 0x7F, 0x83, 0xFC, 0x1F, 0xE0, 0xFF,
    0x07, 0xF8, 0x3D, 0xFF, 0xC7, 0xFC, 0x1F, 0xC0, 0x00, 0x00, 0x0C, 0x01, 0xF0, 0x3F, 0x01, 0xE0,
    0x00, 0x00, 0x00, 0x1E, 0x0F, 0xF0, 0x7F, 0x83, 0xFC, 0x1F, 0xE0, 0xFF, 0x07, 0xF8, 0x3F, 0xC1,
    0xFE, 0x0F, 0xF0, 0x7F, 0x83, 0xFC, 0x1F, 0xE0, 0xFF, 0x07, 0xF8, 0x3D, 0xFF, 0xC7, 0xFC, 0x1F,
    0xC0, 0x18, 0xC1, 0xC7, 0x0E, 0x38, 0x31, 0x80, 0x00, 0x00, 0x03, 0xC1, 0xFE, 0x0F, 0xF0, 0x7F,
    0x83, 0xFC, 0x1F, 0xE0, 0xFF, 0x07, 0xF8, 0x3F, 0xC1, 0xFE, 0x0F, 0xF0, 0x7F, 0x83, 0xFC, 0x1F,
    0xE0, 0xFF, 0x07, 0xBF, 0xF8, 0xFF, 0x83, 0xF8, 0x00, 0x00, 0x01, 0x80, 0x0F, 0x80, 0x3F, 0x00,
    0x70, 0x00, 0x00, 0x00, 0x00, 0x38, 0x0F, 0x78, 0x1C, 0x70, 0x78, 0xF0, 0xE0, 0xE3, 0xC1, 0xE7,
    0x01, 0xDE, 0x03, 0xF8, 0x03, 0xF0, 0x07, 0xC0, 0x07, 0x80, 0x0F, 0x00, 0x1E, 0x00, 0x3C, 0x00,
    0x78, 0x00, 0xF0, 0x01, 0xE0, 0x03, 0xC0, 0x1F, 0x03, 0xFE, 0x1F, 0xF1, 0xE3, 0x8F, 0x1C, 0x79,
    0xE3, 0xCE, 0x1E, 0xE0, 0xF7, 0x07, 0xBC, 0x3D, 0xF1, 0xE7, 0xCF, 0x1F, 0x78, 0x7B, 0xC1, 0xDE,
    0x0E, 0xF0, 0x77, 0xBF, 0xBD, 0xF9, 0xEF, 0x80, 0x00, 0x00, 0x80, 0x1E, 0x01, 0xF8, 0x07, 0x80,
    0x18, 0x00, 0x00, 0x00, 0x3F, 0x87, 0xFC, 0x7F, 0xE0, 0x1E, 0x01, 0xE1, 0xFE, 0x7F, 0xEF, 0xFE,
    0xF1, 0xEF, 0x1E, 0xF1, 0xEF, 0xFF, 0x7F, 0xF3, 0xE7, 0x00, 0x00, 0x30, 0x07, 0x81, 0xF8, 0x1E,
    0x01, 0x00, 0x00, 0x00, 0x00, 0x3F, 0x87, 0xFC, 0x7F, 0xE0, 0x1E, 0x01, 0xE1, 0xFE, 0x7F, 0xEF,
    0xFE, 0xF1, 0xEF, 0x1E, 0xF1, 0xEF, 0xFF, 0x7F, 0xF3, 0xE7, 0x0E, 0x01, 0xF8, 0x3F, 0xC3, 0x9C,
    0x20, 0x80, 0x00, 0x00, 0x03, 0xF8, 0x7F, 0xC7, 0xFE, 0x01, 0xE0, 0x1E, 0x1F, 0xE7, 0xFE, 0xFF,
    0xEF, 0x1E, 0xF1, 0xEF, 0x1E, 0xFF, 0xF7, 0xFF, 0x3E, 0x70, 0x08, 0x03, 0xFC, 0x3F, 0xC3, 0x38,
    0x00, 0x00, 0x00, 0x00, 0x03, 0xF8, 0x7F, 0xC7, 0xFE, 0x01, 0xE0, 0x1E, 0x1F, 0xE7, 0xFE, 0xFF,
    0xEF, 0x1E, 0xF1, 0xEF, 0x1E, 0xFF, 0xF7, 0xFF, 0x3E, 0x70, 0x30, 0xC3, 0x9C, 0x39, 0xC3, 0x0C,
    0x00, 0x00, 0x00, 0x00, 0x03, 0xF8, 0x7F, 0xC3, 0xFE, 0x01, 0xE0, 0x1E, 0x1F, 0xE7, 0xFE, 0xFF,
    0xEF, 0x1E, 0xF1, 0xEF, 0x1E, 0xFF, 0xF7, 0xFF, 0x3E, 0x70, 0x0F, 0x01, 0xF8, 0x19, 0x81, 0x98,
    0x1F, 0x80, 0xF0, 0x00, 0x00, 0x00, 0x3F, 0x87, 0xFC, 0x3F, 0xE0, 0x1E, 0x01, 0xE1, 0xFE, 0x7F,
    0xEF, 0xFE, 0xF1, 0xEF, 0x1E, 0xF1, 0xEF, 0xFF, 0x7F, 0xF3, 0xE7, 0x3F, 0x1F, 0x07, 0xFF, 0xFC,
    0x7F, 0xFF, 0xC0, 0x1F, 0x1E, 0x00, 0xE0, 0xE1, 0xFF, 0xFE, 0x7F, 0xFF, 0xEF, 0xFF, 0xFE, 0xF0,
    0xE0, 0x0F, 0x0E, 0x00, 0xF1, 0xF0, 0x4F, 0xFF, 0xFC, 0x7F, 0x3F, 0xE3, 0xE1, 0xF8, 0x0F, 0x87,
    0xF9, 0xFF, 0x38, 0x0F, 0x01, 0xE0, 0x3C, 0x07, 0x80, 0xF0, 0x1E, 0x03, 0xC0, 0x3C, 0x47, 0xFC,
    0x7F, 0x83, 0xC0, 0x30, 0x07, 0x80, 0x30, 0x3E, 0x0F, 0xC0, 0x60, 0x00, 0x00, 0x80, 0x1E, 0x01,
    0xF8, 0x07, 0x80, 0x08, 0x00, 0x00, 0x00, 0x1F, 0x83, 0xFC, 0x7F, 0xE7, 0x0F, 0xF0, 0xFF, 0xFF,
    0xFF, 0xFF, 0xFF, 0xF0, 0x0F, 0x00, 0x70, 0x07, 0xFE, 0x3F, 0xE1, 0xF8, 0x00, 0x00, 0x10, 0x07,
    0x81, 0xF8, 0x1E, 0x01, 0x80, 0x00, 0x00, 0x00, 0x1F, 0x83, 0xFC, 0x7F, 0xE7, 0x0F, 0xF0, 0xFF,
    0xFF, 0xFF, 0xFF, 0xFF, 0xF0, 0x0F, 0x00, 0x70, 0x07, 0xFE, 0x3F, 0xE1, 0xF8, 0x0F, 0x01, 0xF8,
    0x3F, 0xC3, 0x9E, 0x20, 0x40, 0x00, 0x00, 0x01, 0xF8, 0x3F, 0xC7, 0xFE, 0x70, 0xFF, 0x0F, 0xFF,
    0xFF, 0xFF, 0xFF, 0xFF, 0x00, 0xF0, 0x07, 0x00, 0x7F, 0xE3, 0xFE, 0x1F, 0x80, 0x30, 0xC3, 0x9C,
    0x39, 0xC3, 0x0C, 0x00, 0x00, 0x00, 0x00, 0x01, 0xF8, 0x3F, 0xC7, 0xFE, 0x70, 0xFF, 0x0F, 0xFF,
    0xFF, 0xFF, 0xFF, 0xFF, 0x00, 0xF0, 0x07, 0x04, 0x7F, 0xE3, 0xFE, 0x1F, 0x80, 0x00, 0x70, 0x78,
    0x7E, 0x0E, 0x00, 0x00, 0x00, 0x3C, 0x3C, 0x3C, 0x3C, 0x3C, 0x3C, 0x3C, 0x3C, 0x3C, 0x3C, 0x3C,
    0x3C, 0x3C, 0x3C, 0x00, 0x18, 0xFB, 0xE7, 0x00, 0x00, 0x00, 0x3C, 0x78, 0xF1, 0xE3, 0xC7, 0x8F,
    0x1E, 0x3C, 0x78, 0xF1, 0xE3, 0xC7, 0x80, 0x1C, 0x0F, 0xC7, 0xFB, 0x8E, 0x00, 0x00, 0x00, 0x00,
    0x78, 0x1E, 0x07, 0x81, 0xE0, 0x78, 0x1E, 0x07, 0x81, 0xE0, 0x78, 0x1E, 0x07, 0x81, 0xE0, 0x78,
    0x1E, 0x00, 0x63, 0x71, 0xF8, 0xEC, 0x60, 0x00, 0x00, 0x78, 0x3C, 0x1E, 0x0F, 0x07, 0x83, 0xC1,
    0xE0, 0xF0, 0x78, 0x3C, 0x1E, 0x0F, 0x07, 0x83, 0xC0, 0x1C, 0xC7, 0xF9, 0xFE, 0x01, 0x80, 0x00,
    0x00, 0x39, 0xE7, 0x7E, 0xFF, 0xFE, 0x3F, 0xC7, 0xF8, 0xFF, 0x1F, 0xE3, 0xFC, 0x7F, 0x8F, 0xF1,
    0xFE, 0x3F, 0xC7, 0xF8, 0xF0, 0x00, 0x00, 0x60, 0x03, 0x80, 0x3F, 0x00, 0x7C, 0x00, 0x40, 0x00,
    0x00, 0x00, 0x1F, 0x81, 0xFE, 0x1F, 0xF8, 0xE1, 0xEF, 0x07, 0x78, 0x3B, 0xC1, 0xDE, 0x0E, 0xF0,
    0x77, 0x83, 0x9C, 0x3C, 0xFF, 0xC3, 0xFC, 0x0F, 0xC0, 0x00, 0x00, 0x08, 0x01, 0xE0, 0x1F, 0x01,
    0xE0, 0x04, 0x00, 0x00, 0x00, 0x00, 0x1F, 0x81, 0xFE, 0x1F, 0xF8, 0xE1, 0xEF, 0x07, 0x78, 0x3B,
    0xC1, 0xDE, 0x0E, 0xF0, 0x77, 0x83, 0x9C, 0x3C, 0xFF, 0xC3, 0xFC, 0x0F, 0xC0, 0x07, 0x00, 0xFC,
    0x0F, 0xF0, 0x73, 0xC1, 0x04, 0x00, 0x00, 0x00, 0x03, 0xF0, 0x3F, 0xC3, 0xFF, 0x1C, 0x3D, 0xE0,
    0xEF, 0x07, 0x78, 0x3B, 0xC1, 0xDE, 0x0E, 0xF0, 0x73, 0x87, 0x9F, 0xF8, 0x7F, 0x81, 0xF8, 0x00,
    0x08, 0x00, 0xFF, 0x0F, 0xF0, 0x67, 0x00, 0x00, 0x00, 0x00, 0x00, 0x03, 0xF0, 0x3F, 0xC3, 0xFF,
    0x1C, 0x3D, 0xE0, 0xEF, 0x07, 0x78, 0x3B, 0xC1, 0xDE, 0x0E, 0xF0, 0x73, 0x87, 0x9F, 0xF8, 0x7F,
    0x81, 0xF8, 0x00, 0x30, 0xC1, 0xC7, 0x0E, 0x38, 0x61, 0x80, 0x00, 0x00, 0x00, 0x00, 0x03, 0xF0,
    0x3F, 0xC3, 0xFF, 0x1C, 0x3D, 0xE0, 0xEF, 0x07, 0x78, 0x3B, 0xC1, 0xDE, 0x0E, 0xF0, 0x73, 0x87,
    0x9F, 0xF8, 0x7F, 0x81, 0xF8, 0x00, 0x00, 0x00, 0x06, 0x00, 0x70, 0x03, 0x81, 0xFC, 0x1F, 0xE1,
    0xFF, 0x8E, 0x7E, 0xF3, 0x77, 0x9B, 0xBD, 0x9D, 0xEC, 0xEF, 0x67, 0x7E, 0x39, 0xF3, 0xCF, 0xFC,
    0x3F, 0xC0, 0xFC, 0x0E, 0x00, 0x70, 0x03, 0x80, 0x00, 0x00, 0x00, 0x03, 0x80, 0x78, 0x0F, 0xC0,
    0x38, 0x00, 0x00, 0x00, 0x00, 0xF1, 0xFE, 0x3F, 0xC7, 0xF8, 0xFF, 0x1F, 0xE3, 0xFC, 0x7F, 0x8F,
    0xF1, 0xFE, 0x3F, 0xC7, 0xFF, 0xF7, 0xEE, 0x79, 0xC0, 0x00, 0x00, 0x60, 0x3C, 0x1F, 0x83, 0xC0,
    0x00, 0x00, 0x00, 0x00, 0xF1, 0xFE, 0x3F, 0xC7, 0xF8, 0xFF, 0x1F, 0xE3, 0xFC, 0x7F, 0x8F, 0xF1,
    0xFE, 0x3F, 0xC7, 0xFF, 0xF7, 0xEE, 0x79, 0xC0, 0x31, 0x8E, 0x39, 0xC7, 0x18, 0xC0, 0x00, 0x00,
    0x00, 0x07, 0x8F, 0xF1, 0xFE, 0x3F, 0xC7, 0xF8, 0xFF, 0x1F, 0xE3, 0xFC, 0x7F, 0x8F, 0xF1, 0xFE,
    0x3F, 0xFF, 0xBF, 0x73, 0xCE, 0x00, 0x00, 0x1C, 0x01, 0xE0, 0x3F, 0x01, 0xC0, 0x00, 0x00, 0x00,
    0x00, 0x00, 0xF0, 0x7F, 0x83, 0x9C, 0x1C, 0xE1, 0xE7, 0x8E, 0x1C, 0x70, 0xE3, 0x87, 0x38, 0x3D,
    0xC0, 0xEE, 0x07, 0xF0, 0x3F, 0x00, 0xF8, 0x07, 0xC0, 0x1C, 0x01, 0xE0, 0x1E, 0x03, 0xE0, 0x1E,
    0x00, 0x40, 0x00, 0x30, 0xC3, 0x9C, 0x3F, 0x81, 0xF8, 0x06, 0x00, 0x00, 0x00, 0x03, 0xF8, 0x7F,
    0xC7, 0xFE, 0x01, 0xE0, 0x1E, 0x1F, 0xE7, 0xFE, 0xFF, 0xEF, 0x1E, 0xF1, 0xEF, 0x1E, 0xFF, 0xF7,
    0xFF, 0x3E, 0x70, 0x3F, 0x87, 0xFC, 0x7F, 0xE0, 0x1E, 0x01, 0xE1, 0xFE, 0x7F, 0xEF, 0xFE, 0xF1,
    0xEF, 0x1E, 0xF1, 0xEF, 0xFF, 0x7F, 0xF3, 0xE7, 0x01, 0xC0, 0x38, 0x03, 0x00, 0x30, 0x03, 0xE0,
    0x1E, 0x00, 0xC0, 0x00, 0x00, 0x20, 0x1E, 0x07, 0xC1, 0xE0, 0x30, 0x00, 0x00, 0x00, 0x1F, 0x87,
    0xF9, 0xFF, 0x38, 0x0F, 0x01, 0xE0, 0x3C, 0x07, 0x80, 0xF0, 0x1E, 0x01, 0xC0, 0x3F, 0xE3, 0xFC,
    0x3F, 0x00, 0x00, 0x00, 0xE3, 0x83, 0xFC, 0x0F, 0x80, 0x38, 0x00, 0x00, 0x00, 0x01, 0xFC, 0x1F,
    0xF1, 0xFF, 0x9E, 0x08, 0xE0, 0x0F, 0x00, 0x78, 0x03, 0xC0, 0x1E, 0x00, 0xF0, 0x07, 0x80, 0x3C,
    0x01, 0xE0, 0x07, 0x00, 0x3C, 0x18, 0xFF, 0xC3, 0xFE, 0x0F, 0xE0, 0x00, 0x06, 0x18, 0xE7, 0x0F,
    0xC0, 0xF0, 0x0C, 0x00, 0x00, 0x00, 0x1F, 0x87, 0xF9, 0xFF, 0x38, 0x0F, 0x01, 0xE0, 0x3C, 0x07,
    0x80, 0xF0, 0x1E, 0x01, 0xC0, 0x3F, 0xE3, 0xFC, 0x3F, 0x00, 0x00, 0x01, 0x04, 0x1E, 0xF0, 0x7F,
    0x01, 0xF0, 0x07, 0x00, 0x00, 0x1F, 0xE0, 0xFF, 0xC7, 0xFF, 0x3C, 0x3D, 0xE0, 0xEF, 0x07, 0xF8,
    0x3F, 0xC1, 0xFE, 0x0F, 0xF0, 0x7F, 0x83, 0xFC, 0x1F, 0xE0, 0xFF, 0x07, 0x78, 0x7B, 0xFF, 0x9F,
    0xF8, 0xFF, 0x00, 0x00, 0x00, 0x00, 0x7B, 0x80, 0x3D, 0xC0, 0x1E, 0xE0, 0x0F, 0x60, 0x07, 0xB0,
    0x7F, 0xC0, 0x7F, 0xE0, 0x7F, 0xF0, 0x38, 0x78, 0x3C, 0x3C, 0x1E, 0x1E, 0x0F, 0x0F, 0x07, 0x87,
    0x83, 0xC3, 0xC1, 0xE1, 0xE0, 0xF0, 0xF0, 0x3F, 0xF8, 0x1F, 0xFC, 0x03, 0xCE, 0x00, 0x3F, 0xC0,
    0x7F, 0xE0, 0xFF, 0xE1, 0xE1, 0xE3, 0xC1, 0xC7, 0x83, 0xCF, 0x07, 0xFF, 0xCF, 0xFF, 0x9F, 0xFF,
    0x3C, 0xF0, 0x79, 0xE0, 0xF3, 0xC1, 0xE7, 0x83, 0x8F, 0x0F, 0x1F, 0xFC, 0x3F, 0xF0, 0x7F, 0x80,
    0x00, 0x70, 0x03, 0xC0, 0x7F, 0xC1, 0xFF, 0x07, 0xFC, 0x03, 0xC1, 0xFF, 0x0F, 0xFC, 0x7F, 0xF1,
    0xC3, 0xCF, 0x0F, 0x3C, 0x3C, 0xF0, 0xF3, 0xC3, 0xCF, 0x0F, 0x3C, 0x3C, 0xF0, 0xF1, 0xFF, 0xC7,
    0xFF, 0x07, 0x9C, 0x0C, 0x07, 0x81, 0xE0, 0x30, 0x00, 0x00, 0x0F, 0xFF, 0xFF, 0xFF, 0xBC, 0x0F,
    0x03, 0xC0, 0xF0, 0x3F, 0xEF, 0xFB, 0xFE, 0xF0, 0x3C, 0x0F, 0x03, 0xC0, 0xF0, 0x3F, 0xFF, 0xFF,
    0xFF, 0x06, 0x00, 0xF0, 0x0F, 0x00, 0x60, 0x00, 0x00, 0x00, 0x00, 0x01, 0xF8, 0x3F, 0xC7, 0xFE,
    0x70, 0xFF, 0x0F, 0xFF, 0xFF, 0xFF, 0xFF, 0xFF, 0x00, 0xF0, 0x07, 0x00, 0x7F, 0xE3, 0xFE, 0x1F,
    0x80, 0xFF, 0xFF, 0xFF, 0xFB, 0xC0, 0xF0, 0x3C, 0x0F, 0x03, 0xFE, 0xFF, 0xBF, 0xEF, 0x03, 0xC0,
    0xF0, 0x3C, 0x0F, 0x03, 0xFF, 0xFF, 0xFF, 0xF0, 0x70, 0x38, 0x0C, 0x03, 0x00, 0xF8, 0x1E, 0x03,
    0x00, 0x1F, 0x83, 0xFC, 0x7F, 0xE7, 0x0E, 0xF0, 0xFF, 0x0F, 0xFF, 0xFF, 0xFF, 0xFF, 0xFF, 0x00,
    0xF0, 0x07, 0x86, 0x7F, 0xE1, 0xFC, 0x07, 0x00, 0xE0, 0x0C, 0x00, 0xE0, 0x0F, 0x80, 0x78, 0x00,
    0x18, 0x67, 0x3C, 0xFE, 0x1E, 0x03, 0x00, 0x03, 0xFF, 0xFF, 0xFF, 0xEF, 0x03, 0xC0, 0xF0, 0x3C,
    0x0F, 0xFB, 0xFE, 0xFF, 0xBC, 0x0F, 0x03, 0xC0, 0xF0, 0x3C, 0x0F, 0xFF, 0xFF, 0xFF, 0xC0, 0x00,
    0x03, 0x0C, 0x39, 0xC1, 0xF8, 0x0F, 0x00, 0x60, 0x00, 0x00, 0x00, 0x1F, 0x83, 0xFC, 0x7F, 0xE7,
    0x0F, 0xF0, 0xFF, 0xFF, 0xFF, 0xFF, 0xFF, 0xF0, 0x0F, 0x00, 0x70, 0x07, 0xFE, 0x3F, 0xE1, 0xF8,
    0x08, 0x60, 0x31, 0x80, 0xFE, 0x01, 0xF0, 0x01, 0x80, 0x00, 0x00, 0x7E, 0x07, 0xFE, 0x3F, 0xF9,
    0xE0, 0x47, 0x80, 0x3C, 0x00, 0xF0, 0x03, 0xC7, 0xEF, 0x1F, 0xFC, 0x7F, 0xF0, 0x3F, 0xC0, 0xFF,
    0x03, 0xDC, 0x0F, 0x78, 0x3C, 0xFF, 0xF1, 0xFF, 0x83, 0xF8, 0x00, 0x00, 0xE3, 0x81, 0xFC, 0x07,
    0xF0, 0x0F, 0x80, 0x00, 0x00, 0x03, 0x87, 0xFE, 0x3F, 0xF9, 0xFF, 0x87, 0x8F, 0x1C, 0x3C, 0x70,
    0xF1, 0xE3, 0xC7, 0xFF, 0x0F, 0xF8, 0x3F, 0x81, 0xE0, 0x07, 0xF8, 0x1F, 0xFC, 0x3F, 0xF0, 0x01,
    0xEE, 0x07, 0xBC, 0x1E, 0xFF, 0xF9, 0xFF, 0xC3, 0xFC, 0x00, 0x39, 0x9F, 0xEF, 0xF0, 0x18, 0x00,
    0x00, 0x01, 0xE0, 0x78, 0x1E, 0x07, 0x81, 0xE0, 0x78, 0x1E, 0x07, 0x81, 0xE0, 0x78, 0x1E, 0x07,
    0x81, 0xE0, 0x78, 0x3C, 0xF3, 0xCF, 0x3C, 0xF3, 0xCF, 0x3C, 0xF3, 0xCF, 0x3C, 0xF3, 0xCF, 0x3C,
    0xF7, 0x98, 0xC3, 0x8F, 0xDE, 0x18, 0x18, 0xF3, 0xC6, 0x00, 0x00, 0x0F, 0x3C, 0xF3, 0xCF, 0x3C,
    0xF3, 0xCF, 0x3C, 0xF3, 0xCF, 0x3D, 0xE6, 0x30, 0xE3, 0xF7, 0x86, 0x6F, 0xF6, 0x00, 0xFF, 0xFF,
    0xFF, 0xFF, 0xFF, 0xFF, 0xFF, 0xFF, 0xFF, 0xFF, 0xFF, 0xFF, 0xFF, 0xFF, 0xFF, 0xFF, 0x04, 0x0C,
    0x3E, 0xFC, 0x60, 0x00, 0x18, 0x3C, 0x3C, 0x3C, 0x3C, 0x3C, 0x3C, 0x3C, 0x3C, 0x3C, 0x3C, 0x3C,
    0x3C, 0x3C, 0x3C, 0x3C, 0x3C, 0x3E, 0x3E, 0x1E, 0x00, 0x1E, 0xE3, 0xD8, 0x7B, 0x0F, 0x61, 0xEC,
    0x3C, 0x07, 0x80, 0xF0, 0x1E, 0x03, 0xC0, 0x78, 0x0F, 0x01, 0xE0, 0x3C, 0x07, 0x80, 0xFF, 0xDF,
    0xFB, 0xFF, 0x00, 0x66, 0xF6, 0xF6, 0xF6, 0xFE, 0xF4, 0xF0, 0xF0, 0xF0, 0xF0, 0xF0, 0xF0, 0xF0,
    0xF0, 0xF0, 0xF0, 0xF0, 0xF8, 0xF8, 0x78, 0x1E, 0x00, 0x78, 0x01, 0xE0, 0x07, 0x80, 0x1E, 0x00,
    0x7B, 0x81, 0xFE, 0x07, 0xF0, 0x1F, 0x00, 0xF8, 0x07, 0xE0, 0x1F, 0x80, 0x1E, 0x00, 0x78, 0x01,
    0xE0, 0x07, 0xFE, 0x1F, 0xF8, 0x7F, 0xE0, 0x0C, 0x07, 0x81, 0xE0, 0x78, 0x1E, 0x07, 0x81, 0xE0,
    0x7E, 0x1F, 0x87, 0xC3, 0xE1, 0xF8, 0x7E, 0x07, 0x81, 0xE0, 0x78, 0x1E, 0x07, 0xC1, 0xF0, 0x3C,
    0x00, 0x00, 0x60, 0x1C, 0x0F, 0xC3, 0xE0, 0x20, 0x00, 0x00, 0x00, 0xE7, 0x9D, 0xFB, 0xFF, 0xF8,
    0xFF, 0x1F, 0xE3, 0xFC, 0x7F, 0x8F, 0xF1, 0xFE, 0x3F, 0xC7, 0xF8, 0xFF, 0x1F, 0xE3, 0xC0, 0x20,
    0x8E, 0x38, 0xFE, 0x0F, 0x80, 0xE0, 0x00, 0x00, 0x07, 0x3C, 0xEF, 0xDF, 0xFF, 0xC7, 0xF8, 0xFF,
    0x1F, 0xE3, 0xFC, 0x7F, 0x8F, 0xF1, 0xFE, 0x3F, 0xC7, 0xF8, 0xFF, 0x1E, 0x02, 0x20, 0x3B, 0x81,
    0x9C, 0x1D, 0xC0, 0xDC, 0x00, 0x40, 0x00, 0x03, 0xF0, 0x3F, 0xC3, 0xFF, 0x1C, 0x3D, 0xE0, 0xEF,
    0x07, 0x78, 0x3B, 0xC1, 0xDE, 0x0E, 0xF0, 0x73, 0x87, 0x9F, 0xF8, 0x7F, 0x81, 0xF8, 0x00, 0x00,
    0x02, 0x07, 0x8F, 0xC7, 0x83, 0x00, 0x00, 0x00, 0xE7, 0x77, 0xBF, 0xDF, 0x0F, 0x07, 0x83, 0xC1,
    0xE0, 0xF0, 0x78, 0x3C, 0x1E, 0x0F, 0x07, 0x80, 0x00, 0x00, 0x82, 0x07, 0xBC, 0x0F, 0xE0, 0x1F,
    0x00, 0x18, 0x00, 0x00, 0x3F, 0xE0, 0xFF, 0xE3, 0xFF, 0x8F, 0x0F, 0x3C, 0x3C, 0xF0, 0xF3, 0xC3,
    0xCF, 0x0F, 0x3F, 0xF8, 0xFF, 0xC3, 0xFE, 0x0F, 0x38, 0x3C, 0xF0, 0xF1, 0xE3, 0xC7, 0x8F, 0x0F,
    0x3C, 0x3C, 0xF0, 0x78, 0x00, 0x9C, 0x67, 0xF8, 0xFC, 0x1E, 0x00, 0x00, 0x01, 0xCE, 0x77, 0x9F,
    0xE7, 0xC1, 0xE0, 0x78, 0x1E, 0x07, 0x81, 0xE0, 0x78, 0x1E, 0x07, 0x81, 0xE0, 0x78, 0x00, 0x00,
    0x80, 0x1E, 0x01, 0xF0, 0x1E, 0x00, 0xC0, 0x00, 0x00, 0x3F, 0x07, 0xFE, 0x3F, 0xF3, 0xC1, 0x1E,
    0x00, 0xF0, 0x07, 0xC0, 0x1F, 0xC0, 0x7F, 0x80, 0xFE, 0x01, 0xF8, 0x03, 0xC0, 0x1E, 0x00, 0xF6,
    0x07, 0xFF, 0xF9, 0xFF, 0x83, 0xF8, 0x00, 0x00, 0x18, 0x07, 0x80, 0xF8, 0x1E, 0x00, 0x80, 0x00,
    0x00, 0x00, 0x1F, 0x83, 0xFE, 0x7F, 0xC7, 0x80, 0x78, 0x07, 0xE0, 0x3F, 0x80, 0xFE, 0x01, 0xE0,
    0x0E, 0x20, 0xE7, 0xFE, 0x7F, 0xC1, 0xF8, 0x0F, 0xC1, 0xFF, 0x8F, 0xFC, 0xF0, 0x47, 0x80, 0x3C,
    0x01, 0xF0, 0x07, 0xE0, 0x3F, 0xE0, 0x7F, 0x80, 0xFE, 0x00, 0xF0, 0x07, 0x80, 0x3C, 0x81, 0xEE,
    0x1F, 0x7F, 0xF1, 0xFF, 0x03, 0xE0, 0x06, 0x00, 0x7C, 0x00, 0xE0, 0x1F, 0x01, 0xF8, 0x07, 0x80,
    0x1F, 0x83, 0xFE, 0x7F, 0xC7, 0x80, 0x78, 0x07, 0xC0, 0x3F, 0x81, 0xFC, 0x03, 0xE0, 0x0E, 0x00,
    0xE7, 0x1E, 0x7F, 0xE7, 0xFC, 0x0E, 0x00, 0x60, 0x07, 0x80, 0x18, 0x0F, 0x80, 0xF8, 0x0F, 0x00,
    0x00, 0x00, 0xE3, 0x07, 0xF8, 0x1F, 0x80, 0x78, 0x00, 0x00, 0x00, 0x01, 0xF8, 0x3F, 0xF1, 0xFF,
    0x9E, 0x08, 0xF0, 0x07, 0x80, 0x3E, 0x00, 0xFE, 0x03, 0xFC, 0x07, 0xF0, 0x0F, 0xC0, 0x1E, 0x00,
    0xF0, 0x07, 0xB0, 0x3F, 0xFF, 0xCF, 0xFC, 0x1F, 0xC0, 0x00, 0x03, 0x0C, 0x3D, 0xE1, 0xFC, 0x0F,
    0x00, 0x60, 0x00, 0x00, 0x00, 0x1F, 0x83, 0xFE, 0x7F, 0xC7, 0x80, 0x78, 0x07, 0xE0, 0x3F, 0x80,
    0xFE, 0x01, 0xE0, 0x0E, 0x20, 0xE7, 0xFE, 0x7F, 0xC1, 0xF8, 0x00, 0x0F, 0x03, 0xC0, 0xF0, 0xFF,
    0x3F, 0xCF, 0xF0, 0xF0, 0x3C, 0x0F, 0x03, 0xC0, 0xF0, 0x3C, 0x0F, 0x03, 0xC0, 0xFE, 0x1F, 0x83,
    0xE0, 0x60, 0x3C, 0x03, 0x80, 0x61, 0xF8, 0x7C, 0x00, 0x00, 0x41, 0x83, 0xDE, 0x07, 0xF0, 0x0F,
    0x80, 0x0C, 0x00, 0x00, 0x3F, 0xFE, 0xFF, 0xF9, 0xFF, 0xE0, 0x78, 0x01, 0xE0, 0x07, 0x80, 0x1E,
    0x00, 0x78, 0x01, 0xE0, 0x07, 0x80, 0x1E, 0x00, 0x78, 0x01, 0xE0, 0x07, 0x80, 0x1E, 0x00, 0x78,
    0x01, 0xE0, 0x07, 0x80, 0x00, 0x00, 0xE0, 0x38, 0x0E, 0x3F, 0x0F, 0xC3, 0xC3, 0xFC, 0xFF, 0x3F,
    0xC3, 0xC0, 0xF0, 0x3C, 0x0F, 0x03, 0xC0, 0xF0, 0x3C, 0x0F, 0x03, 0xF8, 0x7E, 0x0F, 0x80, 0x3F,
    0x87, 0xF0, 0xFE, 0x00, 0x00, 0x00, 0x00, 0x3C, 0x7F, 0x8F, 0xF1, 0xFE, 0x3F, 0xC7, 0xF8, 0xFF,
    0x1F, 0xE3, 0xFC, 0x7F, 0x8F, 0xF1, 0xFF, 0xFD, 0xFB, 0x9E, 0x70, 0x07, 0x00, 0x7C, 0x07, 0x70,
    0x31, 0x81, 0xDC, 0x07, 0xC0, 0x1C, 0x00, 0x00, 0xF0, 0x7F, 0x83, 0xFC, 0x1F, 0xE0, 0xFF, 0x07,
    0xF8, 0x3F, 0xC1, 0xFE, 0x0F, 0xF0, 0x7F, 0x83, 0xFC, 0x1F, 0xE0, 0xFF, 0x07, 0xF8, 0x3F, 0xC1,
    0xEF, 0xFE, 0x3F, 0xE0, 0xFE, 0x00, 0x1F, 0x07, 0xF0, 0xC6, 0x18, 0xC3, 0xF8, 0x1C, 0x00, 0x00,
    0x00, 0xF1, 0xFE, 0x3F, 0xC7, 0xF8, 0xFF, 0x1F, 0xE3, 0xFC, 0x7F, 0x8F, 0xF1, 0xFE, 0x3F, 0xC7,
    0xFF, 0xF7, 0xEE, 0x79, 0xC0, 0x00, 0x00, 0x3B, 0x01, 0xDC, 0x1D, 0xC0, 0xDC, 0x04, 0x40, 0x00,
    0x1E, 0x0F, 0xF0, 0x7F, 0x83, 0xFC, 0x1F, 0xE0, 0xFF, 0x07, 0xF8, 0x3F, 0xC1, 0xFE, 0x0F, 0xF0,
    0x7F, 0x83, 0xFC, 0x1F, 0xE0, 0xFF, 0x07, 0xF8, 0x3D, 0xFF, 0xC7, 0xFC, 0x1F, 0xC0, 0x00, 0x00,
    0x66, 0x0E, 0xE0, 0xCE, 0x1D, 0xC1, 0x98, 0x00, 0x00, 0x00, 0xF1, 0xEF, 0x1E, 0xF1, 0xEF, 0x1E,
    0xF1, 0xEF, 0x1E, 0xF1, 0xEF, 0x1E, 0xF1, 0xEF, 0x1E, 0xF1, 0xEF, 0xFE, 0x7E, 0xE3, 0xCE, 0xF0,
    0x7F, 0x83, 0xFC, 0x1F, 0xE0, 0xFF, 0x07, 0xF8, 0x3F, 0xC1, 0xFE, 0x0F, 0xF0, 0x7F, 0x83, 0xFC,
    0x1F, 0xE0, 0xFF, 0x07, 0xF8, 0x3F, 0xC1, 0xEF, 0xFE, 0x3F, 0xE0, 0xFC, 0x01, 0x80, 0x18, 0x00,
    0xC0, 0x07, 0xC0, 0x3E, 0x00, 0xF0, 0xF1, 0xFE, 0x3F, 0xC7, 0xF8, 0xFF, 0x1F, 0xE3, 0xFC, 0x7F,
    0x8F, 0xF1, 0xFE, 0x3F, 0xC7, 0xFF, 0xF7, 0xFE, 0xFB, 0xC0, 0xE0, 0x38, 0x06, 0x00, 0xFC, 0x1F,
    0x81, 0xF0, 0x00, 0x00, 0x30, 0x0F, 0x81, 0xF0, 0x1C, 0x00, 0x00, 0x00, 0x00, 0x00, 0x7F, 0xE7,
    0xFE, 0x7F, 0xE0, 0x3C, 0x03, 0xC0, 0x78, 0x0F, 0x01, 0xE0, 0x1E, 0x03, 0xC0, 0x78, 0x07, 0xFE,
    0xFF, 0xEF, 0xFE, 0x06, 0x00, 0xF0, 0x0F, 0x00, 0x60, 0x00, 0x00, 0x00, 0x00, 0x07, 0xFE, 0x7F,
    0xE7, 0xFE, 0x03, 0xC0, 0x3C, 0x07, 0x80, 0xF0, 0x1E, 0x01, 0xE0, 0x3C, 0x07, 0x80, 0x7F, 0xEF,
    0xFE, 0xFF, 0xE0, 0x00, 0x00, 0x82, 0x0F, 0x78, 0x3F, 0x80, 0xF8, 0x03, 0x00, 0x00, 0x0F, 0xFE,
    0x7F, 0xF3, 0xFF, 0x80, 0x38, 0x03, 0xC0, 0x3C, 0x01, 0xE0, 0x1E, 0x01, 0xE0, 0x0F, 0x00, 0xF0,
    0x0F, 0x80, 0x78, 0x07, 0x80, 0x3C, 0x03, 0xFF, 0xDF, 0xFE, 0xFF, 0xF0, 0x20, 0x07, 0x1C, 0x3F,
    0xC1, 0xF8, 0x0F, 0x00, 0x00, 0x00, 0x07, 0xFE, 0x7F, 0xE7, 0xFE, 0x03, 0xC0, 0x3C, 0x07, 0x80,
    0xF0, 0x1E, 0x01, 0xE0, 0x3C, 0x07, 0x80, 0x7F, 0xEF, 0xFE, 0xFF, 0xE0, 0x00, 0x0C, 0x00, 0x18,
    0x7E, 0x31, 0xFF, 0xE7, 0xFF, 0xCE, 0x1E, 0x3C, 0x1C, 0x78, 0x38, 0xF0, 0x71, 0xE0, 0xE3, 0xC1,
    0xC7, 0x83, 0x87, 0x0F, 0x0F, 0xFC, 0x0F, 0xF0, 0x0F, 0xC0, 0x00, 0x00, 0x00, 0x18, 0x00, 0x37,
    0x8F, 0x6F, 0x1F, 0xDE, 0x3F, 0x3C, 0x78, 0x78, 0xF0, 0xF1, 0xE1, 0xE3, 0xC3, 0xC7, 0x87, 0x8F,
    0x0F, 0x1E, 0x1E, 0x3C, 0x3F, 0xF8, 0x3F, 0x70, 0x3C, 0xE0, 0x0F, 0xC1, 0xFF, 0x8F, 0xFC, 0xF0,
    0x47, 0x80, 0x3C, 0x01, 0xF0, 0x07, 0xF0, 0x1F, 0xE0, 0x3F, 0x80, 0x7E, 0x00, 0xF0, 0x07, 0x80,
    0x3D, 0x81, 0xFF, 0xFE, 0x7F, 0xE0, 0xFE, 0x00, 0x00, 0x00, 0x00, 0x70, 0x03, 0x80, 0x1C, 0x00,
    0xE0, 0x06, 0x00, 0x30, 0x00, 0x1F, 0x83, 0xFE, 0x7F, 0xC7, 0x80, 0x78, 0x07, 0xE0, 0x3F, 0x80,
    0xFE, 0x01, 0xE0, 0x0E, 0x20, 0xE7, 0xFE, 0x7F, 0xC1, 0xF8, 0x00, 0x00, 0x00, 0x07, 0x00, 0x70,
    0x07, 0x00, 0x70, 0x06, 0x00, 0x60, 0xFF, 0xFB, 0xFF, 0xE7, 0xFF, 0x81, 0xE0, 0x07, 0x80, 0x1E,
    0x00, 0x78, 0x01, 0xE0, 0x07, 0x80, 0x1E, 0x00, 0x78, 0x01, 0xE0, 0x07, 0x80, 0x1E, 0x00, 0x78,
    0x01, 0xE0, 0x07, 0x80, 0x1E, 0x00, 0x00, 0x00, 0x00, 0x07, 0x00, 0x1C, 0x00, 0x70, 0x01, 0xC0,
    0x07, 0x00, 0x18, 0x00, 0x00, 0x0F, 0x03, 0xC0, 0xF0, 0xFF, 0x3F, 0xCF, 0xF0, 0xF0, 0x3C, 0x0F,
    0x03, 0xC0, 0xF0, 0x3C, 0x0F, 0x03, 0xC0, 0xFE, 0x1F, 0x83, 0xE0, 0x00, 0x00, 0x0E, 0x03, 0x80,
    0xE0, 0x18, 0x0E, 0x03, 0x00, 0x0F, 0xE0, 0xFF, 0x8F, 0xFC, 0xF0, 0x47, 0x00, 0x78, 0x03, 0xC0,
    0x1F, 0xF8, 0xFF, 0xC7, 0xFC, 0x3C, 0x01, 0xE0, 0x0F, 0x00, 0x38, 0x01, 0xE0, 0xC7, 0xFE, 0x1F,
    0xF0, 0x7E, 0x00, 0xFF, 0xFF, 0xFF, 0xFF, 0xFF, 0xFF, 0xFF, 0xFF, 0xFF, 0x03, 0xE0, 0x03, 0xE0,
    0x07, 0xE0, 0x07, 0xE0, 0x07, 0x70, 0x0F, 0x70, 0x0E, 0x70, 0x0E, 0x78, 0x0E, 0x38, 0x1E, 0x38,
    0x1C, 0x3C, 0x1F, 0xFC, 0x3F, 0xFC, 0x3F, 0xFC, 0x38, 0x1E, 0x78, 0x1E, 0x78, 0x0E, 0x78, 0x0F,
    0xFF, 0xCF, 0xFC, 0xFF, 0xCF, 0x00, 0xF0, 0x0F, 0x00, 0xFE, 0x0F, 0xFC, 0xFF, 0xEF, 0x1F, 0xF0,
    0xFF, 0x0F, 0xF0, 0xFF, 0x0F, 0xF0, 0xFF, 0xFE, 0xFF, 0xCF, 0xF8, 0xFF, 0x87, 0xFE, 0x3F, 0xF9,
    0xE3, 0xCF, 0x0E, 0x78, 0x73, 0xC7, 0x9F, 0xF8, 0xFF, 0x87, 0xFF, 0x3C, 0x7D, 0xE0, 0xEF, 0x07,
    0x78, 0x3B, 0xC3, 0xDF, 0xFE, 0xFF, 0xE7, 0xFC, 0x00, 0xFF, 0xFF, 0xFF, 0xFF, 0x78, 0x0F, 0x01,
    0xE0, 0x3C, 0x07, 0x80, 0xF0, 0x1E, 0x03, 0xC0, 0x78, 0x0F, 0x01, 0xE0, 0x3C, 0x07, 0x80, 0xF0,
    0x1E, 0x00, 0x0F, 0xFC, 0x1F, 0xF8, 0x3F, 0xF0, 0x71, 0xE0, 0xE3, 0xC3, 0xC7, 0x87, 0x8F, 0x0F,
    0x1E, 0x1E, 0x3C, 0x38, 0x78, 0x70, 0xF0, 0xE1, 0xE3, 0xC3, 0xC7, 0x07, 0x8E, 0x0F, 0x7F, 0xFF,
    0xFF, 0xFF, 0xFF, 0xFF, 0x80, 0x1F, 0x00, 0x3E, 0x00, 0x7C, 0x00, 0xF0, 0x01, 0x80, 0xFF, 0xFF,
    0xFF, 0xFB, 0xC0, 0xF0, 0x3C, 0x0F, 0x03, 0xFE, 0xFF, 0xBF, 0xEF, 0x03, 0xC0, 0xF0, 0x3C, 0x0F,
    0x03, 0xFF, 0xFF, 0xFF, 0xF0, 0x78, 0x3C, 0x1C, 0x70, 0x78, 0x78, 0xF0, 0xF0, 0xE0, 0xE1, 0xE3,
    0xC1, 0xE3, 0xCF, 0x01, 0xC7, 0x9C, 0x03, 0xCF, 0x78, 0x03, 0xFF, 0xE0, 0x07, 0xFF, 0xC0, 0x0F,
    0xFF, 0xC0, 0x3C, 0xF7, 0x80, 0x79, 0xE7, 0x81, 0xE3, 0xCF, 0x03, 0xC7, 0x8F, 0x0F, 0x0F, 0x1E,
    0x1E, 0x1E, 0x1E, 0x78, 0x3C, 0x3C, 0xF0, 0x78, 0x3C, 0x0F, 0xC1, 0xFF, 0x1F, 0xFC, 0x61, 0xE0,
    0x07, 0x00, 0x38, 0x03, 0xC0, 0xFC, 0x0F, 0xC0, 0x3F, 0x80, 0x1E, 0x00, 0xF0, 0x07, 0x80, 0x3C,
    0x81, 0xEF, 0xFE, 0x7F, 0xE0, 0xFE, 0x00, 0xF0, 0x7F, 0x87, 0xFC, 0x3F, 0xE3, 0xFF, 0x1F, 0xF9,
    0xFF, 0xCE, 0xFC, 0x77, 0xE7, 0x3F, 0x39, 0xFB, 0x8F, 0xDC, 0xFF, 0xE7, 0xFE, 0x3F, 0xF1, 0xFF,
    0x0F, 0xF8, 0x7F, 0xC3, 0xC0, 0x10, 0x41, 0xC7, 0x07, 0xF0, 0x1F, 0x00, 0x20, 0x00, 0x03, 0xC1,
    0xFE, 0x1F, 0xF0, 0xFF, 0x8F, 0xFC, 0x7F, 0xE7, 0xFF, 0x3B, 0xF1, 0xDF, 0x9C, 0xFC, 0xE7, 0xEE,
    0x3F, 0x73, 0xFF, 0x9F, 0xF8, 0xFF, 0xC7, 0xFC, 0x3F, 0xE1, 0xFF, 0x0F, 0xF0, 0x7B, 0xC3, 0xCF,
    0x0F, 0x3C, 0x78, 0xF1, 0xC3, 0xCF, 0x0F, 0x38, 0x3F, 0xE0, 0xFF, 0x03, 0xFE, 0x0F, 0x38, 0x3C,
    0xF0, 0xF1, 0xE3, 0xC7, 0x8F, 0x0F, 0x3C, 0x3C, 0xF0, 0x7B, 0xC1, 0xE0, 0x0F, 0xFE, 0x3F, 0xFC,
    0x7F, 0xF8, 0xF0, 0xF1, 0xE1, 0xE3, 0x83, 0xC7, 0x07, 0x8E, 0x0F, 0x1C, 0x1E, 0x38, 0x3C, 0xF0,
    0x79, 0xE0, 0xF3, 0xC1, 0xE7, 0x03, 0xCE, 0x07, 0xBC, 0x0F, 0xF0, 0x1F, 0xC0, 0x3C, 0x00, 0x00,
    0x3C, 0x0F, 0x0F, 0x83, 0xC3, 0xE1, 0xF8, 0xF8, 0x7E, 0x7E, 0x1F, 0x9D, 0xC6, 0xE7, 0x73, 0xB9,
    0xDC, 0xEE, 0x77, 0x3B, 0x9C, 0xEC, 0xE7, 0x3F, 0x39, 0xCF, 0xCE, 0x73, 0xF3, 0x9C, 0x78, 0xE7,
    0x1E, 0x39, 0xC7, 0x8F, 0x70, 0x03, 0xFC, 0x00, 0xF0, 0xF0, 0x7F, 0x83, 0xFC, 0x1F, 0xE0, 0xFF,
    0x07, 0xF8, 0x3F, 0xC1, 0xFF, 0xFF, 0xFF, 0xFF, 0xFF, 0xFC, 0x1F, 0xE0, 0xFF, 0x07, 0xF8, 0x3F,
    0xC1, 0xFE, 0x0F, 0xF0, 0x7F, 0x83, 0xC0, 0x0F, 0xE0, 0x3F, 0xE0, 0xFF, 0xE3, 0xC1, 0xE7, 0x01,
    0xDE, 0x03, 0xFC, 0x07, 0xF8, 0x0F, 0xF0, 0x1F, 0xE0, 0x3F, 0xC0, 0x7F, 0x80, 0xFF, 0x01, 0xEE,
    0x03, 0x9E, 0x0F, 0x1F, 0xFC, 0x1F, 0xF0, 0x1F, 0xC0, 0xFF, 0xFF, 0xFF, 0xFF, 0xFF, 0xE0, 0xFF,
    0x07, 0xF8, 0x3F, 0xC1, 0xFE, 0x0F, 0xF0, 0x7F, 0x83, 0xFC, 0x1F, 0xE0, 0xFF, 0x07, 0xF8, 0x3F,
    0xC1, 0xFE, 0x0F, 0xF0, 0x7F, 0x83, 0xC0, 0xFF, 0x8F, 0xFC, 0xFF, 0xEF, 0x0F, 0xF0, 0xFF, 0x0F,
    0xF0, 0xFF, 0x0F, 0xF0, 0xFF, 0xFE, 0xFF, 0xCF, 0xF8, 0xF0, 0x0F, 0x00, 0xF0, 0x0F, 0x00, 0xF0,
    0x0F, 0x00, 0x0F, 0xE0, 0xFF, 0x8F, 0xFC, 0xF0, 0x47, 0x00, 0x78, 0x03, 0xC0, 0x1E, 0x00, 0xF0,
    0x07, 0x80, 0x3C, 0x01, 0xE0, 0x0F, 0x00, 0x38, 0x01, 0xE0, 0xC7, 0xFE, 0x1F, 0xF0, 0x7F, 0x00,
    0xFF, 0xFB, 0xFF, 0xE7, 0xFF, 0x81, 0xE0, 0x07, 0x80, 0x1E, 0x00, 0x78, 0x01, 0xE0, 0x07, 0x80,
    0x1E, 0x00, 0x78, 0x01, 0xE0, 0x07, 0x80, 0x1E, 0x00, 0x78, 0x01, 0xE0, 0x07, 0x80, 0x1E, 0x00,
    0x78, 0x0E, 0x78, 0x1E, 0x38, 0x1C, 0x3C, 0x1C, 0x1C, 0x3C, 0x1C, 0x38, 0x1E, 0x38, 0x0E, 0x78,
    0x0F, 0x70, 0x07, 0x70, 0x07, 0xE0, 0x07, 0xE0, 0x03, 0xE0, 0x01, 0xC0, 0x03, 0xC0, 0x0F, 0x80,
    0x1F, 0x00, 0x0E, 0x00, 0x00, 0x00, 0x00, 0xE0, 0x00, 0x0F, 0x00, 0x00, 0xF0, 0x00, 0xFF, 0xF0,
    0x3F, 0xFF, 0x87, 0xCF, 0x7C, 0x70, 0xF1, 0xEF, 0x0F, 0x1E, 0xF0, 0xF0, 0xEF, 0x0F, 0x0E, 0xF0,
    0xF0, 0xEF, 0x0F, 0x0E, 0xF0, 0xF0, 0xEF, 0x0F, 0x1E, 0x78, 0xF3, 0xE7, 0xFF, 0xFC, 0x1F, 0xFF,
    0x80, 0xFF, 0xE0, 0x00, 0xF0, 0x00, 0x0F, 0x00, 0x70, 0x38, 0xF0, 0xF0, 0xE1, 0xC1, 0xE7, 0x81,
    0xCE, 0x03, 0xFC, 0x03, 0xF0, 0x07, 0xE0, 0x07, 0x80, 0x1F, 0x80, 0x3F, 0x00, 0xFF, 0x01, 0xCE,
    0x07, 0x9E, 0x0E, 0x1C, 0x3C, 0x3C, 0x70, 0x39, 0xE0, 0x78, 0xF0, 0x79, 0xE0, 0xF3, 0xC1, 0xE7,
    0x83, 0xCF, 0x07, 0x9E, 0x0F, 0x3C, 0x1E, 0x78, 0x3C, 0xF0, 0x79, 0xE0, 0xF3, 0xC1, 0xE7, 0x83,
    0xCF, 0x07, 0x9E, 0x0F, 0x3C, 0x1E, 0x7F, 0xFE, 0xFF, 0xFF, 0xFF, 0xFC, 0x00, 0x78, 0x00, 0x70,
    0x00, 0xE0, 0x01, 0xC0, 0x00, 0x00, 0xF0, 0x7F, 0x83, 0xFC, 0x1F, 0xE0, 0xFF, 0x07, 0xF8, 0x3F,
    0xC1, 0xFE, 0x0F, 0xF0, 0x7F, 0xC7, 0xDF, 0xFE, 0x7F, 0xF1, 0xE7, 0x80, 0x3C, 0x01, 0xE0, 0x0F,
    0x00, 0x78, 0x03, 0xC0, 0xF1, 0xE1, 0xFE, 0x3C, 0x3F, 0xC7, 0x87, 0xF8, 0xF0, 0xFF, 0x1E, 0x1F,
    0xE3, 0xC3, 0xFC, 0x78, 0x7F, 0x8F, 0x0F, 0xF1, 0xE1, 0xFE, 0x3C, 0x3F, 0xC7, 0x87, 0xF8, 0xF0,
    0xFF, 0x1E, 0x1F, 0xE3, 0xC3, 0xFC, 0x78, 0x7F, 0xFF, 0xFF, 0xFF, 0xFF, 0xFF, 0xFF, 0xFC, 0xF1,
    0xE1, 0xE7, 0x8F, 0x0F, 0x3C, 0x78, 0x79, 0xE3, 0xC3, 0xCF, 0x1E, 0x1E, 0x78, 0xF0, 0xF3, 0xC7,
    0x87, 0x9E, 0x3C, 0x3C, 0xF1, 0xE1, 0xE7, 0x8F, 0x0F, 0x3C, 0x78, 0x79, 0xE3, 0xC3, 0xCF, 0x1E,
    0x1E, 0x78, 0xF0, 0xF3, 0xC7, 0x87, 0x9F, 0xFF, 0xFF, 0xFF, 0xFF, 0xFF, 0xFF, 0xFF, 0xC0, 0x00,
    0x0E, 0x00, 0x00, 0x70, 0x00, 0x03, 0x80, 0x00, 0x1C, 0x00, 0x00, 0x00, 0xF0, 0x07, 0xF8, 0x03,
    0xFC, 0x01, 0xFE, 0x00, 0xFF, 0x00, 0x7F, 0x80, 0x3F, 0xF8, 0x1F, 0xFF, 0x8F, 0xFF, 0xE7, 0xF8,
    0xFB, 0xFC, 0x3D, 0xFE, 0x1E, 0xFF, 0x0F, 0x7F, 0x87, 0xBF, 0xC3, 0xDF, 0xFF, 0xCF, 0xFF, 0xC7,
    0xFF, 0xC3, 0xC0, 0xF0, 0x0F, 0x00, 0xF0, 0x0F, 0x00, 0xF0, 0x0F, 0x00, 0xFE, 0x0F, 0xFC, 0xFF,
    0xEF, 0x1F, 0xF0, 0xFF, 0x0F, 0xF0, 0xFF, 0x0F, 0xF0, 0xFF, 0xFE, 0xFF, 0xCF, 0xF8, 0x1F, 0x83,
    0xFE, 0x1F, 0xF8, 0x41, 0xE0, 0x0F, 0x00, 0x38, 0x01, 0xC3, 0xFE, 0x1F, 0xF0, 0xFF, 0x80, 0x1C,
    0x00, 0xE0, 0x07, 0x00, 0x78, 0x83, 0x8F, 0xFC, 0x7F, 0xC1, 0xF8, 0x00, 0x0F, 0xFC, 0x7F, 0xF3,
    0xFF, 0xDE, 0x0F, 0x78, 0x3D, 0xE0, 0xF7, 0x83, 0xDE, 0x0F, 0x7C, 0x3C, 0xFF, 0xF1, 0xFF, 0xC3,
    0xFF, 0x1E, 0x3C, 0x70, 0xF3, 0xC3, 0xCE, 0x0F, 0x78, 0x3D, 0xC0, 0xF0, 0x3F, 0x87, 0xFC, 0x7F,
    0xE0, 0x1E, 0x01, 0xE1, 0xFE, 0x7F, 0xEF, 0xFE, 0xF1, 0xEF, 0x1E, 0xF1, 0xEF, 0xFF, 0x7F, 0xF3,
    0xE7, 0x00, 0x40, 0x0F, 0x03, 0xF8, 0x3F, 0x03, 0xE0, 0x3C, 0x01, 0xC0, 0x1E, 0xF8, 0xFF, 0xE7,
    0xFF, 0xBC, 0x3D, 0xE0, 0xEF, 0x07, 0x78, 0x3B, 0xC1, 0xDE, 0x0E, 0x70, 0xF3, 0xFF, 0x0F, 0xF0,
    0x3F, 0x00, 0xFF, 0x1F, 0xFB, 0xFF, 0x78, 0xEF, 0x1D, 0xFF, 0xBF, 0xE7, 0xFE, 0xF1, 0xFE, 0x3F,
    0xC7, 0xFF, 0xFF, 0xFD, 0xFF, 0x00, 0xFF, 0xBF, 0xEF, 0xF3, 0xC0, 0xF0, 0x3C, 0x0F, 0x03, 0xC0,
    0xF0, 0x3C, 0x0F, 0x03, 0xC0, 0xF0, 0x3C, 0x00, 0x1F, 0xF0, 0xFF, 0x87, 0xFC, 0x39, 0xE1, 0xCF,
    0x1E, 0x78, 0xE3, 0xC7, 0x1E, 0x38, 0xF1, 0xC7, 0x8C, 0x3D, 0xFF, 0xFF, 0xFF, 0xFF, 0xFF, 0x80,
    0xFC, 0x03, 0xE0, 0x1E, 0x00, 0xF0, 0x06, 0x1F, 0x83, 0xFC, 0x7F, 0xE7, 0x0F, 0xF0, 0xFF, 0xFF,
    0xFF, 0xFF, 0xFF, 0xF0, 0x0F, 0x00, 0x70, 0x07, 0xFE, 0x3F, 0xE1, 0xF8, 0x70, 0xF1, 0xCF, 0x1E,
    0x38, 0xE3, 0xCE, 0x1E, 0x79, 0xC1, 0xCF, 0x70, 0x3F, 0xFE, 0x03, 0xFF, 0xC0, 0xFF, 0xF8, 0x1C,
    0xF7, 0x03, 0x9E, 0xF0, 0xF3, 0xCE, 0x1C, 0x79, 0xE7, 0x8F, 0x1C, 0xE1, 0xE3, 0xC0, 0x1F, 0x87,
    0xFE, 0x3F, 0xE0, 0x0E, 0x00, 0xE0, 0xFE, 0x0F, 0xC0, 0xFE, 0x00, 0xF0, 0x0F, 0x00, 0xF7, 0xFF,
    0x7F, 0xE1, 0xF8, 0xF1, 0xFE, 0x3F, 0xCF, 0xF9, 0xFF, 0x7F, 0xCF, 0xFB, 0xBF, 0x67, 0xFC, 0xFF,
    0xBF, 0xE7, 0xFC, 0xFF, 0x1F, 0xE3, 0xC0, 0x00, 0x06, 0x30, 0xFE, 0x0F, 0x80, 0x40, 0x00, 0x00,
    0x07, 0x8F, 0xF1, 0xFE, 0x7F, 0xCF, 0xFB, 0xFE, 0x7F, 0xDD, 0xFB, 0x3F, 0xE7, 0xFD, 0xFF, 0x3F,
    0xE7, 0xF8, 0xFF, 0x1E, 0xF0, 0xEF, 0x1C, 0xF3, 0xCF, 0x38, 0xF7, 0x8F, 0xF0, 0xFF, 0x0F, 0xF0,
    0xF7, 0x8F, 0x78, 0xF3, 0xCF, 0x1C, 0xF1, 0xEF, 0x0E, 0x1F, 0xF8, 0xFF, 0xC7, 0xFE, 0x38, 0xF3,
    0xC7, 0x9E, 0x3C, 0xF1, 0xE7, 0x0F, 0x38, 0x79, 0xC3, 0xCE, 0x1E, 0xF0, 0xFF, 0x07, 0xB0, 0x3C,
    0x00, 0x00, 0x3C, 0x3E, 0x3C, 0x3E, 0x3E, 0x3E, 0x7E, 0x7E, 0x7E, 0x7E, 0x76, 0x6E, 0x76, 0x6E,
    0x77, 0xEE, 0x77, 0xEE, 0x73, 0xCE, 0x73, 0xCE, 0x73, 0xCE, 0x71, 0x8F, 0x70, 0x0F, 0xF1, 0xFE,
    0x3F, 0xC7, 0xF8, 0xFF, 0x1F, 0xE3, 0xFF, 0xFF, 0xFF, 0xFF, 0xFE, 0x3F, 0xC7, 0xF8, 0xFF, 0x1F,
    0xE3, 0xC0, 0x1F, 0x81, 0xFE, 0x1F, 0xF8, 0xE1, 0xEF, 0x07, 0x78, 0x3B, 0xC1, 0xDE, 0x0E, 0xF0,
    0x77, 0x83, 0x9C, 0x3C, 0xFF, 0xC3, 0xFC, 0x0F, 0xC0, 0xFF, 0xFF, 0xFF, 0xFF, 0xF8, 0xFF, 0x1F,
    0xE3, 0xFC, 0x7F, 0x8F, 0xF1, 0xFE, 0x3F, 0xC7, 0xF8, 0xFF, 0x1F, 0xE3, 0xC0, 0xE7, 0x8F, 0xFE,
    0xFF, 0xEF, 0x0F, 0xF0, 0xFF, 0x0F, 0xF0, 0xFF, 0x0F, 0xF0, 0xFF, 0x0F, 0xF0, 0xFF, 0xFE, 0xFF,
    0xCF, 0xF8, 0xF0, 0x0F, 0x00, 0xF0, 0x0F, 0x00, 0xE0, 0x00, 0x00, 0x1F, 0x87, 0xF9, 0xFF, 0x38,
    0x0F, 0x01, 0xE0, 0x3C, 0x07, 0x80, 0xF0, 0x1E, 0x01, 0xC0, 0x3F, 0xE3, 0xFC, 0x3F, 0x00, 0xFF,
    0xFF, 0xFF, 0xFF, 0xE0, 0xF0, 0x0F, 0x00, 0xF0, 0x0F, 0x00, 0xF0, 0x0F, 0x00, 0xF0, 0x0F, 0x00,
    0xF0, 0x0F, 0x00, 0xF0, 0xF0, 0x7F, 0x83, 0x9C, 0x1C, 0xE1, 0xE7, 0x8E, 0x1C, 0x70, 0xE3, 0x87,
    0x38, 0x3D, 0xC0, 0xEE, 0x07, 0xF0, 0x3F, 0x00, 0xF8, 0x07, 0xC0, 0x1C, 0x01, 0xE0, 0x1E, 0x03,
    0xE0, 0x1E, 0x00, 0x40, 0x00, 0x00, 0x00, 0x00, 0x3C, 0x00, 0x07, 0x80, 0x00, 0xF0, 0x00, 0x1E,
    0x00, 0x03, 0xC0, 0x0F, 0xFB, 0xC3, 0xFF, 0xFC, 0x7F, 0xFF, 0xDE, 0x3C, 0x7B, 0xC7, 0x87, 0x78,
    0xF0, 0xEF, 0x1E, 0x1D, 0xE3, 0xC3, 0xBC, 0x78, 0x77, 0x8F, 0x0E, 0xF1, 0xE3, 0xCF, 0xFF, 0xF9,
    0xFF, 0xFE, 0x0F, 0xF7, 0x80, 0x1E, 0x00, 0x03, 0xC0, 0x00, 0x78, 0x00, 0x0F, 0x00, 0x01, 0xE0,
    0x00, 0x00, 0x00, 0x38, 0x78, 0xF1, 0xC1, 0xCF, 0x07, 0xB8, 0x0F, 0xC0, 0x1F, 0x00, 0x78, 0x01,
    0xF0, 0x0F, 0xC0, 0x7B, 0x81, 0xCF, 0x0F, 0x1C, 0x38, 0x79, 0xE0, 0xE0, 0xF1, 0xE7, 0x8F, 0x3C,
    0x79, 0xE3, 0xCF, 0x1E, 0x78, 0xF3, 0xC7, 0x9E, 0x3C, 0xF1, 0xE7, 0x8F, 0x3C, 0x79, 0xFF, 0xEF,
    0xFF, 0xFF, 0xFC, 0x00, 0xE0, 0x07, 0x00, 0x38, 0x01, 0xC0, 0x04, 0xF1, 0xFE, 0x3F, 0xC7, 0xF8,
    0xFF, 0x1F, 0xE3, 0xFC, 0x7F, 0xFF, 0x7F, 0xE7, 0xBC, 0x07, 0x80, 0xF0, 0x1E, 0x03, 0xC0, 0xF7,
    0x8F, 0xF7, 0x8F, 0xF7, 0x8F, 0xF7, 0x8F, 0xF7, 0x8F, 0xF7, 0x8F, 0xF7, 0x8F, 0xF7, 0x8F, 0xF7,
    0x8F, 0xF7, 0x8F, 0xF7, 0x8F, 0xFF, 0xFF, 0xFF, 0xFF, 0xFF, 0xFF, 0xF7, 0x8F, 0x3D, 0xE3, 0xCF,
    0x78, 0xF3, 0xDE, 0x3C, 0xF7, 0x8F, 0x3D, 0xE3, 0xCF, 0x78, 0xF3, 0xDE, 0x3C, 0xF7, 0x8F, 0x3D,
    0xE3, 0xCF, 0x78, 0xF3, 0xFF, 0xFF, 0xFF, 0xFF, 0xFF, 0xFF, 0xF0, 0x00, 0x1C, 0x00, 0x07, 0x00,
    0x01, 0xC0, 0x00, 0x70, 0x00, 0x0C, 0xFF, 0x01, 0xFE, 0x03, 0xFC, 0x00, 0x78, 0x00, 0xFC, 0x01,
    0xFF, 0x03, 0xFF, 0x07, 0x9E, 0x0F, 0x1C, 0x1E, 0x38, 0x3C, 0x70, 0x7F, 0xE0, 0xFF, 0x81, 0xFE,
    0x00, 0xF0, 0x1F, 0xE0, 0x3F, 0xC0, 0x7F, 0x80, 0xFF, 0xC1, 0xFF, 0xF3, 0xFF, 0xF7, 0xF9, 0xEF,
    0xF1, 0xDF, 0xE3, 0xBF, 0xC7, 0x7F, 0xBE, 0xFF, 0xF9, 0xFF, 0xE3, 0xC0, 0xF0, 0x1E, 0x03, 0xC0,
    0x78, 0x0F, 0xC1, 0xFF, 0x3F, 0xF7, 0x9E, 0xF1, 0xDE, 0x3B, 0xC7, 0x7B, 0xEF, 0xF9, 0xFE, 0x00,
    0x1F, 0x07, 0xFC, 0x3F, 0xC0, 0x1E, 0x00, 0xE1, 0xFE, 0x1F, 0xE1, 0xFE, 0x00, 0xE0, 0x0E, 0x01,
    0xE7, 0xFC, 0x7F, 0x83, 0xF0, 0xF0, 0xFC, 0x78, 0xFF, 0x3C, 0xFF, 0xDE, 0x70, 0xEF, 0x78, 0x7F,
    0xFC, 0x3F, 0xFE, 0x1F, 0xFF, 0x0F, 0xF7, 0x87, 0xFB, 0xC3, 0xFC, 0xE1, 0xDE, 0x7F, 0xEF, 0x1F,
    0xE7, 0x87, 0xE0, 0x1F, 0xF3, 0xFF, 0x7F, 0xF7, 0x8F, 0x78, 0xF7, 0x8F, 0x7F, 0xF3, 0xFF, 0x1F,
    0xF3, 0xCF, 0x38, 0xF7, 0x8F, 0x70, 0xFF, 0x0F, 0x30, 0xC3, 0x9C, 0x39, 0xC3, 0x0C, 0x00, 0x00,
    0x00, 0x00, 0x01, 0xF8, 0x3F, 0xC7, 0xFE, 0x70, 0xFF, 0x0F, 0xFF, 0xFF, 0xFF, 0xFF, 0xFF, 0x00,
    0xF0, 0x07, 0x04, 0x7F, 0xE3, 0xFE, 0x1F, 0x80, 0x0F, 0x87, 0xF9, 0xFF, 0x38, 0x0F, 0x01, 0xFE,
    0x3F, 0xE7, 0xFC, 0xF0, 0x1E, 0x01, 0xC0, 0x3F, 0xE3, 0xFC, 0x3F, 0x00, 0x6F, 0xF6, 0x00, 0x0F,
    0xFF, 0xFF, 0xFF, 0xFF, 0xFF, 0xFF, 0xF0, 0x63, 0x71, 0xF8, 0xEC, 0x60, 0x00, 0x00, 0x78, 0x3C,
    0x1E, 0x0F, 0x07, 0x83, 0xC1, 0xE0, 0xF0, 0x78, 0x3C, 0x1E, 0x0F, 0x07, 0x83, 0xC0, 0x10, 0x01,
    0xC6, 0x07, 0xF0, 0x3F, 0x00, 0x60, 0x00, 0x00, 0x00, 0x1E, 0x0F, 0xF0, 0x73, 0x83, 0x9C, 0x3C,
    0xF1, 0xC3, 0x8E, 0x1C, 0x70, 0xE7, 0x07, 0xB8, 0x1D, 0xC0, 0xFE, 0x07, 0xE0, 0x1F, 0x00, 0xF8,
    0x03, 0x80, 0x3C, 0x03, 0xC0, 0x7C, 0x03, 0xC0, 0x08, 0x00, 0x07, 0x83, 0xC1, 0xE0, 0xFF, 0xFF,
    0xFF, 0xFD, 0xE0, 0xF0, 0x78, 0x3C, 0x1E, 0x0F, 0x07, 0x83, 0xC1, 0xE0, 0xF0, 0x78, 0x00, 0x3F,
    0xF9, 0xFF, 0x8F, 0xFC, 0x78, 0x03, 0xC0, 0x1E, 0x00, 0xF0, 0x1F, 0xF0, 0xFF, 0x87, 0xFC, 0x0F,
    0x00, 0x78, 0x03, 0xC0, 0x1E, 0x00, 0xF0, 0x07, 0x80, 0x3C, 0x01, 0xE0, 0x00, 0x7F, 0xEF, 0xFD,
    0xFF, 0x3C, 0x07, 0x80, 0xF0, 0x3F, 0xC7, 0xF8, 0xFF, 0x0F, 0x01, 0xE0, 0x3C, 0x07, 0x80, 0xF0,
    0x00, 0xF0, 0x7B, 0xC3, 0xCF, 0x0F, 0x3C, 0x78, 0xF1, 0xC3, 0xCF, 0x0F, 0x38, 0x3F, 0xE0, 0xFF,
    0x03, 0xFE, 0x0F, 0x38, 0x3C, 0xF0, 0xF1, 0xE3, 0xC7, 0x8F, 0x0F, 0x3C, 0x3F, 0xF0, 0x7F, 0xC1,
    0xF0, 0x01, 0xC0, 0x07, 0x00, 0x1C, 0x00, 0x70, 0xF1, 0xEF, 0x1C, 0xF3, 0xCF, 0x38, 0xF7, 0x0F,
    0xF0, 0xFF, 0x0F, 0xF0, 0xF7, 0x8F, 0x78, 0xF3, 0xCF, 0x3F, 0xF1, 0xFF, 0x1F, 0x00, 0x70, 0x07,
    0x00, 0x70, 0x07, 0xF0, 0x79, 0xE0, 0xF3, 0xC1, 0xE7, 0x83, 0xCF, 0x07, 0x9E, 0x0F, 0x3C, 0x1E,
    0x7F, 0xFC, 0xFF, 0xF9, 0xFF, 0xF3, 0xC1, 0xE7, 0x83, 0xCF, 0x07, 0x9E, 0x0F, 0x3C, 0x1E, 0x78,
    0x3F, 0xF0, 0x7F, 0xE0, 0xFC, 0x00, 0x38, 0x00, 0x70, 0x00, 0xE0, 0x01, 0xC0, 0xF1, 0xE7, 0x8F,
    0x3C, 0x79, 0xE3, 0xCF, 0x1E, 0x78, 0xF3, 0xFF, 0x9F, 0xFC, 0xFF, 0xE7, 0x8F, 0x3C, 0x79, 0xE3,
    0xFF, 0x1F, 0xF8, 0xFC, 0x00, 0xE0, 0x07, 0x00, 0x38, 0x00, 0xC0, 0x70, 0x1E, 0xF0, 0x38, 0xE0,
    0xF1, 0xE1, 0xC1, 0xC7, 0x83, 0xCE, 0x03, 0xBC, 0x07, 0xF0, 0x07, 0xE0, 0x0F, 0x80, 0x0F, 0x00,
    0x1E, 0x00, 0x3C, 0x00, 0x78, 0x00, 0xF0, 0x01, 0xE0, 0x03, 0xC0, 0x07, 0x80, 0xF0, 0x39, 0xC1,
    0xE7, 0x87, 0x1E, 0x1C, 0x38, 0xF0, 0xE3, 0x83, 0xCE, 0x07, 0x38, 0x1D, 0xC0, 0x3F, 0x00, 0xFC,
    0x03, 0xE0, 0x07, 0x80, 0x1E, 0x00, 0x78, 0x01, 0xE0, 0x07, 0x80, 0x1E, 0x00, 0x70, 0x00, 0x00,
    0xF0, 0x1E, 0xF0, 0x79, 0xE0, 0xF1, 0xE1, 0xC3, 0xC7, 0x83, 0xCE, 0x07, 0xBC, 0x07, 0x70, 0x0F,
    0xE0, 0x0F, 0x80, 0x7F, 0xC0, 0xFF, 0x80, 0x3C, 0x00, 0x78, 0x00, 0xF0, 0x01, 0xE0, 0x03, 0xC0,
    0x07, 0x80, 0x78, 0x39, 0xE0, 0xE3, 0x87, 0x8E, 0x1C, 0x3C, 0x70, 0x71, 0xC1, 0xCE, 0x07, 0xB8,
    0x0E, 0xE0, 0x3B, 0x00, 0xFC, 0x01, 0xF0, 0x1F, 0xE0, 0x7F, 0x80, 0x78, 0x01, 0xE0, 0x07, 0x80,
    0x1E, 0x00, 0x78, 0x00, 0x80, 0x0F, 0xC0, 0xFF, 0x87, 0xFF, 0x0C, 0x1E, 0x00, 0x38, 0x00, 0xF0,
    0x03, 0xFF, 0xFF, 0xFF, 0xFF, 0xFF, 0xFF, 0x03, 0xFC, 0x0F, 0xF0, 0x3D, 0xC0, 0xE7, 0x87, 0x8F,
    0xFC, 0x3F, 0xE0, 0x3F, 0x00, 0x1F, 0x87, 0xFC, 0x3F, 0xE0, 0x0F, 0x00, 0xFF, 0xFF, 0xFF, 0xFF,
    0xFF, 0xF0, 0xFF, 0x0F, 0x70, 0xE7, 0xFE, 0x3F, 0xC1, 0xF8, 0x0F, 0xE0, 0x3F, 0xE0, 0xFF, 0xE3,
    0xC1, 0xE7, 0x01, 0xDE, 0x03, 0xFC, 0x07, 0xFF, 0xFF, 0xFF, 0xFF, 0xFF, 0xFF, 0xC0, 0x7F, 0x80,
    0xFF, 0x01, 0xEE, 0x03, 0x9E, 0x0F, 0x1F, 0xFC, 0x1F, 0xF0, 0x1F, 0xC0, 0x1F, 0x81, 0xFE, 0x1F,
    0xF8, 0xE1, 0xEF, 0x07, 0x7F, 0xFB, 0xFF, 0xDF, 0xFE, 0xF0, 0x77, 0x83, 0x9C, 0x3C, 0xFF, 0xC3,
    0xFC, 0x0F, 0xC0, 0x22, 0x75, 0x66, 0xFF, 0x62, 0x62, 0xFF, 0xBB, 0xBB, 0x88, 0x8E, 0x06, 0x66,
    0x00, 0x06, 0x6B, 0x30, 0x00, 0x71, 0x11, 0x02, 0x42, 0x00, 0x15, 0x17, 0xE8, 0x88, 0xE8, 0x88,
    0xFD, 0x22, 0x44, 0x80, 0x64, 0xCF, 0xB9, 0x40, 0x32, 0x9C, 0x80, 0xAE, 0x80, 0x8E, 0x44, 0x24,
    0xB0, 0x02, 0x42, 0x00, 0x11, 0x17, 0x12, 0x24, 0x4B, 0xF0, 0x06, 0x66, 0x00, 0x71, 0x11, 0x66,
    0xE2, 0x8E, 0x44, 0x02, 0x42, 0x00, 0x24, 0xF0, 0x88, 0x8E, 0x06, 0x6B, 0x30, 0x00, 0x48, 0xE0,
    0xFF, 0xF7, 0xED, 0x9B, 0x30, 0xFB, 0xFB, 0x03, 0x03, 0xFB, 0xFB, 0x23, 0x23, 0xF0, 0xFF, 0xFF,
    0x66, 0xF8, 0x00, 0xF9, 0x08, 0x40, 0xF0, 0xF0, 0xC3, 0xC3, 0x82, 0xF0, 0xF0, 0xFF, 0xFF, 0xC0,
    0xFC, 0x00, 0xEE, 0xEE, 0xEE, 0xEE, 0xEE, 0xE0, 0xF0, 0xF0, 0x6F, 0xF6, 0x00, 0x00, 0x06, 0xFF,
    0x60, 0xF0, 0xF0, 0x3E, 0x7E, 0xFC, 0xE0, 0xE0, 0xE0, 0xE0, 0xE0, 0xE0, 0xE0, 0xE0, 0xFE, 0xFE,
    0xFE, 0xFF, 0xC8, 0x42, 0x00, 0x70, 0x39, 0xE0, 0xE3, 0xC3, 0x87, 0x8E, 0x1E, 0x38, 0x7C, 0xE3,
    0xFF, 0x9E, 0xFC, 0x73, 0xE1, 0xC7, 0x87, 0x0F, 0x1C, 0x3C, 0x70, 0x79, 0xC0, 0xF0, 0xFF, 0x8F,
    0xFC, 0x7F, 0xC0, 0x1C, 0x01, 0xC0, 0x1C, 0x01, 0xC0, 0x1C, 0x01, 0xC0, 0x1C, 0x01, 0xC7, 0xFE,
    0xFF, 0xFF, 0xFF, 0x7E, 0x3F, 0x8F, 0xC0, 0xE0, 0x70, 0x38, 0x1C, 0x0E, 0x0F, 0x0F, 0x9F, 0xDF,
    0xEF, 0x7E, 0x3C, 0xFF, 0xFF, 0xFF, 0x7F, 0xE0, 0x18, 0x03, 0x80, 0x38, 0x03, 0x80, 0x38, 0x03,
    0x80, 0x38, 0x03, 0x80, 0x38, 0x03, 0x80, 0x38, 0xFF, 0xCF, 0xFE, 0xFF, 0xF0, 0x07, 0x00, 0x70,
    0x07, 0xE0, 0x7E, 0x07, 0xE0, 0x7E, 0x07, 0xE0, 0x7E, 0x07, 0xE0, 0x7E, 0x07, 0x7C, 0xF9, 0xF0,
    0xE1, 0xC3, 0x87, 0x0E, 0x1C, 0x38, 0x70, 0xE1, 0xC3, 0x80, 0xFF, 0x7F, 0x9F, 0xC1, 0x81, 0xC0,
    0xE0, 0x70, 0x38, 0x1C, 0x0E, 0x07, 0x03, 0x81, 0xC0, 0xE0, 0xFF, 0xCF, 0xFE, 0xFF, 0xFE, 0x07,
    0xE0, 0x7E, 0x07, 0xE0, 0x7E, 0x07, 0xE0, 0x7E, 0x07, 0xE0, 0x7E, 0x07, 0xE0, 0x7E, 0x07, 0xE3,
    0xC3, 0x8F, 0xCF, 0x3F, 0x3C, 0x1E, 0xF0, 0x3B, 0xC0, 0xE7, 0x03, 0x9C, 0x0E, 0x70, 0x79, 0xC1,
    0xE7, 0x0F, 0x1F, 0xF8, 0x7F, 0xC1, 0xFE, 0x00, 0x7C, 0xF9, 0xF0, 0xE1, 0xC3, 0x87, 0x0E, 0x1C,
    0x00, 0xFF, 0x9F, 0xFB, 0xFF, 0x00, 0xE0, 0x1C, 0x03, 0x80, 0x70, 0x0E, 0x01, 0xC0, 0x38, 0x07,
    0x00, 0xE0, 0x1C, 0x03, 0x80, 0x70, 0x0E, 0x01, 0xC0, 0x38, 0x07, 0x00, 0x80, 0x7F, 0x07, 0xFC,
    0x7F, 0xC0, 0x1E, 0x00, 0xE0, 0x0E, 0x00, 0xE0, 0x0E, 0x00, 0xE0, 0x1E, 0x01, 0xE7, 0xFC, 0x7F,
    0xC7, 0xF0, 0xE0, 0x1C, 0x03, 0x80, 0x70, 0x0E, 0x01, 0xFF, 0x3F, 0xF7, 0xFF, 0x01, 0xE0, 0x1C,
    0x03, 0x80, 0x70, 0x1E, 0x03, 0xC0, 0x70, 0x1E, 0x07, 0x81, 0xE0, 0x38, 0x00, 0x00, 0xFF, 0xE7,
    0xFF, 0x9F, 0xFE, 0x60, 0x77, 0x03, 0xB8, 0x1D, 0xC0, 0xEE, 0x07, 0x70, 0x3B, 0x81, 0xDC, 0x0E,
    0xFF, 0xF7, 0xFF, 0xBF, 0xFC, 0x79, 0xF0, 0x77, 0xF0, 0xFF, 0xE1, 0xE1, 0xE3, 0x81, 0xC7, 0x03,
    0x8E, 0x07, 0x3C, 0x0E, 0x78, 0x1C, 0xF0, 0x39, 0xE0, 0x73, 0x8F, 0xE7, 0x1F, 0xCE, 0x3F, 0x80,
    0xEE, 0xEE, 0xEE, 0xEE, 0xEE, 0xEE, 0xEE, 0xEE, 0xEE, 0xEC, 0x7C, 0x7E, 0x7E, 0x0E, 0x0E, 0x0E,
    0x0E, 0x0E, 0x0E, 0x0E, 0x0E, 0x7E, 0xFE, 0xFE, 0xFF, 0xC3, 0xFF, 0xCF, 0xFF, 0x1C, 0x1E, 0xE0,
    0x3B, 0x80, 0xEE, 0x03, 0xB8, 0x0E, 0xF0, 0x3B, 0xC1, 0xEF, 0x07, 0x9F, 0xFC, 0x3F, 0xE0, 0x7F,
    0x00, 0x78, 0x39, 0xE0, 0xE3, 0x83, 0x8E, 0x0E, 0x3C, 0x38, 0x70, 0xE1, 0xC3, 0x87, 0x9E, 0x1E,
    0x70, 0x3B, 0xC0, 0xFE, 0x03, 0xF8, 0x3F, 0x83, 0xFC, 0x07, 0x80, 0x10, 0x00, 0x0F, 0xC1, 0xFF,
    0x1F, 0xFD, 0xE0, 0xFF, 0x07, 0xF0, 0x1F, 0x80, 0xFE, 0x07, 0x78, 0x3B, 0xC1, 0xC6, 0x0E, 0x00,
    0x70, 0x03, 0x80, 0x1C, 0x00, 0xE0, 0x07, 0x00, 0x38, 0x01, 0xC0, 0x0E, 0x00, 0x70, 0x00, 0x00,
    0x1F, 0xC1, 0xFF, 0x1F, 0xFD, 0xE0, 0xEE, 0x07, 0xF0, 0x1F, 0xC0, 0xEF, 0x07, 0x38, 0x38, 0x43,
    0xC0, 0x3C, 0x7F, 0xE7, 0xFE, 0x3F, 0xC0, 0x70, 0x73, 0x83, 0x9E, 0x1C, 0xF0, 0xE3, 0x87, 0x1C,
    0x78, 0xF3, 0xC7, 0xBC, 0x1F, 0xC0, 0xFC, 0x07, 0x80, 0x3C, 0x01, 0xE0, 0x07, 0x00, 0x38, 0x01,
    0xC0, 0x0F, 0x00, 0x78, 0x01, 0xC0, 0x08, 0x00, 0x78, 0x38, 0xF0, 0xE1, 0xC3, 0x87, 0x8E, 0x0F,
    0x38, 0x1F, 0xE0, 0x7F, 0x00, 0xF8, 0x01, 0xE0, 0x03, 0x80, 0x0F, 0x1F, 0xFE, 0x7F, 0xF9, 0xFF,
    0xE0, 0xFF, 0xE7, 0xFF, 0x9F, 0xFE, 0x00, 0xF0, 0x03, 0xB8, 0x1D, 0xC0, 0xEE, 0x07, 0x70, 0x7B,
    0x83, 0x9C, 0x3C, 0xE3, 0xC7, 0x1C, 0x38, 0xC1, 0xC0, 0x0E, 0x00, 0x70, 0x03, 0x80, 0x1C, 0x00,
    0x00, 0x00, 0xFF, 0x9F, 0xFB, 0xFF, 0x00, 0xE0, 0x1C, 0x03, 0x80, 0x70, 0x0E, 0x01, 0xC0, 0x38,
    0x07, 0x00, 0xE0, 0x1C, 0x03, 0x80, 0xF1, 0xC7, 0x78, 0xE3, 0xBC, 0x71, 0xCE, 0x38, 0xE7, 0x1C,
    0x73, 0x9E, 0x39, 0xCE, 0x3C, 0xFF, 0x1E, 0x7E, 0x0E, 0x3C, 0x0F, 0x1E, 0x0F, 0x07, 0xFF, 0x03,
    0xFF, 0x01, 0xFE, 0x00, 0x7F, 0xF8, 0xFF, 0xF8, 0xFF, 0xF0, 0xE0, 0xE1, 0xC1, 0xC3, 0x83, 0x87,
    0x07, 0x0E, 0x0E, 0x1C, 0x1C, 0x38, 0x38, 0x70, 0x71, 0xE0, 0xE7, 0xC1, 0xCF, 0x03, 0x80, 0x7C,
    0xF9, 0xF3, 0xE7, 0xCF, 0x87, 0x0E, 0x1C, 0x38, 0x70, 0xE1, 0xC3, 0x87, 0x0E, 0x1C, 0x38, 0x70,
    0xE1, 0xC3, 0x87, 0x0E, 0x1C, 0x38, 0x70, 0xE0, 0x7C, 0xFB, 0xE7, 0xDF, 0x3E, 0x38, 0x71, 0xC3,
    0x8E, 0x1C, 0x70, 0xE3, 0x87, 0x1C, 0x38, 0x01, 0xC0, 0x0E, 0x00, 0x70, 0x03, 0x80, 0x1C, 0x7C,
    0xFB, 0xE7, 0xDF, 0x3E, 0x38, 0x71, 0xC3, 0x8E, 0x1C, 0x70, 0xE3, 0x87, 0x1C, 0x38, 0x00, 0x00,
    0xFF, 0xF6, 0xEC, 0xF7, 0xFB, 0xFD, 0xEC, 0x6E, 0x76, 0x30, 0x00, 0x00, 0x00, 0x00, 0x18, 0x00,
    0x01, 0xE0, 0x00, 0x0E, 0x00, 0x00, 0x70, 0x00, 0x03, 0x80, 0x00, 0x1C, 0x00, 0x00, 0x70, 0xFF,
    0xFF, 0xF7, 0xFF, 0xFF, 0xBF, 0xFF, 0xFC, 0x00, 0x20, 0x00, 0x38, 0x00, 0x1C, 0x00, 0x1C, 0x00,
    0x1E, 0x00, 0x0E, 0x00, 0x0F, 0x00, 0x07, 0x80, 0x07, 0x80, 0x03, 0xC0, 0x03, 0xF0, 0x03, 0xF8,
    0x01, 0xD8, 0x41, 0xE0, 0x70, 0xE0, 0x3C, 0xE0, 0x1C, 0x30, 0x04, 0x00, 0x00, 0x00, 0x00, 0x20,
    0x00, 0x1C, 0x00, 0x07, 0x00, 0x03, 0x80, 0x01, 0xE0, 0x00, 0x7C, 0x00, 0x3F, 0x80, 0x0F, 0xC0,
    0x07, 0x20, 0x01, 0xC1, 0xC0, 0xE0, 0xF8, 0x78, 0x1C, 0x1C, 0x0E, 0x0F, 0x07, 0x83, 0x83, 0xF1,
    0xC0, 0x78, 0x30, 0x0C, 0x00, 0x00, 0x00, 0x03, 0x00, 0x70, 0x03, 0x00, 0x00, 0x00, 0x00, 0xF8,
    0x1F, 0xC3, 0xFE, 0x3C, 0xE3, 0x86, 0x38, 0x73, 0xC7, 0x1F, 0xF0, 0xFF, 0x00, 0xE0, 0x3E, 0x7F,
    0xE7, 0xFC, 0x7F, 0x00, 0x00, 0x07, 0x00, 0x70, 0x07, 0x00, 0x70, 0x07, 0x00, 0x00, 0x33, 0x9C,
    0xCE, 0x7B, 0xCC, 0x00, 0x38, 0x70, 0xE3, 0x87, 0x0E, 0x38, 0x70, 0xC3, 0x80, 0x00, 0x00, 0x40,
    0xB1, 0xF3, 0x2F, 0xC0, 0x00, 0x33, 0x9C, 0xCE, 0x7B, 0xCC, 0x00, 0x19, 0xEF, 0x30, 0x00, 0x30,
    0xE0, 0xCC, 0x7D, 0xF1, 0x80, 0x00, 0x07, 0xE1, 0xFE, 0x7F, 0xEF, 0x1D, 0xC0, 0x38, 0x03, 0xC0,
    0x3C, 0x03, 0xC0, 0x3C, 0x03, 0x80, 0x70, 0x00, 0x00, 0x00, 0x30, 0x0F, 0x01, 0xE0, 0x18, 0x00,
    0x00, 0x00, 0x00, 0x07, 0xE0, 0x03, 0xFC, 0x01, 0xFE, 0x00, 0xF1, 0x80, 0x38, 0x00, 0x0E, 0x01,
    0x83, 0xC0, 0xE0, 0xFE, 0x38, 0x1F, 0xEE, 0x01, 0xFB, 0x80, 0x0F, 0xE0, 0x01, 0xF8, 0x00, 0xEF,
    0x80, 0xF9, 0xFF, 0xFC, 0x3F, 0xFE, 0x03, 0xFE, 0x00, 0x2C, 0x00, 0x0B, 0x00, 0x03, 0x80, 0x00,
    0x00, 0x00, 0x00, 0x03, 0xF0, 0xFE, 0x3F, 0xC7, 0x00, 0xE0, 0x1C, 0x01, 0xC0, 0xFF, 0xDF, 0xFB,
    0xFF, 0x00, 0x70, 0xFB, 0x30, 0x01, 0x07, 0x0E, 0x1C, 0x38, 0x70, 0xE1, 0xC3, 0x87, 0x0E, 0x1C,
    0x38, 0x70, 0xE1, 0xC0, 0x38, 0xF1, 0x83, 0x07, 0xDF, 0x00, 0x1C, 0x38, 0x70, 0xE1, 0xC3, 0x87,
    0x0E, 0x1C, 0x38, 0x70, 0xE1, 0xC3, 0x87, 0x0E, 0x00, 0x07, 0x01, 0xE0, 0x20, 0x06, 0x01, 0xF8,
    0x3C, 0x00, 0x00, 0x78, 0x3F, 0x87, 0xF9, 0xE7, 0xB8, 0x77, 0x0E, 0xF1, 0xDF, 0xF9, 0xFF, 0x1F,
    0xE0, 0x1C, 0x07, 0x03, 0xE3, 0xF9, 0xFE, 0x1F, 0x03, 0x00, 0x00, 0x70, 0xE1, 0xC3, 0x87, 0x0E,
    0x1C, 0x38, 0x70, 0xE1, 0xC3, 0x87, 0x0E, 0x1C, 0x38, 0x70, 0xE1, 0xC0, 0x07, 0x9F, 0x30, 0x75,
    0xFB, 0xC0, 0x3C, 0x00, 0x0F, 0x80, 0x01, 0x80, 0x1F, 0x30, 0x0F, 0xF7, 0xC3, 0xFC, 0xF8, 0xF1,
    0x80, 0x1C, 0x00, 0x03, 0x80, 0x30, 0x78, 0x0E, 0x0F, 0xE1, 0xC0, 0xFF, 0x38, 0x07, 0xE7, 0x00,
    0x1E, 0xE0, 0x01, 0xDC, 0x00, 0x73, 0xE0, 0x3E, 0x3F, 0xFF, 0x83, 0xFF, 0xE0, 0x1F, 0xF0, 0x00,
    0x00, 0x00, 0x1F, 0xFF, 0xFF, 0xFF, 0xFF, 0xFF, 0xFF, 0xF0, 0x00, 0x00, 0x60, 0x00, 0x0F, 0x60,
    0x00, 0x7E, 0x00, 0x07, 0xE0, 0x00, 0x7E, 0x00, 0x07, 0xE0, 0x00, 0x7F, 0x80, 0x3F, 0xFF, 0xFF,
    0xE7, 0xFF, 0xFC, 0x1F, 0xFF, 0x00, 0x00, 0x00, 0x00, 0x00, 0x00, 0x06, 0x00, 0x00, 0xE0, 0x00,
    0x06, 0x00, 0x33, 0x07, 0x70, 0xCC, 0x00, 0x00, 0x00, 0x08, 0x03, 0xC0, 0xFC, 0x3F, 0xCE, 0x3B,
    0x83, 0xF0, 0x7E, 0x0F, 0xC1, 0xF8, 0x3F, 0x8F, 0x7F, 0xCF, 0xF0, 0x7C, 0x00, 0x00, 0x00, 0x00,
    0x19, 0x80, 0x03, 0xB8, 0x00, 0x19, 0x82, 0x00, 0x00, 0xE6, 0x00, 0x07, 0xE0, 0x00, 0x7E, 0x00,
    0x07, 0xE0, 0x00, 0x7E, 0x00, 0x07, 0xF8, 0x03, 0xFF, 0xFF, 0xFE, 0x7F, 0xFF, 0xC1, 0xFF, 0xF0,
    0x00, 0x00, 0x00, 0x06, 0x00, 0x00, 0xE0, 0x00, 0x06, 0x00, 0x01, 0x98, 0x00, 0x3B, 0x80, 0x01,
    0x98, 0x20, 0x00, 0x0E, 0x60, 0x00, 0x7E, 0x00, 0x07, 0xE0, 0x00, 0x7E, 0x00, 0x07, 0xE0, 0x00,
    0x7F, 0x80, 0x3F, 0xFF, 0xFF, 0xE7, 0xFF, 0xFC, 0x1F, 0xFF, 0x00, 0x1F, 0x00, 0x3F, 0xE0, 0x1F,
    0xF8, 0x06, 0x3F, 0x00, 0x07, 0xE0, 0x07, 0xF0, 0x1F, 0xF8, 0x1F, 0xC0, 0x1E, 0x00, 0x1E, 0x00,
    0x0E, 0x00, 0x0E, 0x00, 0x07, 0x0C, 0x03, 0x87, 0x01, 0xC3, 0x00, 0xE0, 0x00, 0x78, 0x00, 0x1F,
    0x03, 0x87, 0xFF, 0xC1, 0xFF, 0xE0, 0x7F, 0xC0, 0x00, 0x00, 0x00, 0x00, 0x1F, 0xC0, 0x1F, 0xF0,
    0x07, 0xFE, 0x03, 0x0F, 0x80, 0x01, 0xF8, 0x03, 0xFC, 0x0F, 0xFE, 0x0F, 0x80, 0x0F, 0x00, 0x0E,
    0x00, 0x07, 0x00, 0x07, 0x00, 0x03, 0x80, 0x01, 0xC0, 0x00, 0xE0, 0x00, 0x70, 0x00, 0x3C, 0x00,
    0x0F, 0x81, 0xC3, 0xFF, 0xE0, 0xFF, 0xF0, 0x1F, 0xE0, 0x06, 0x00, 0x07, 0x00, 0x01, 0x80, 0x00,
    0x00, 0x00, 0x00, 0x01, 0xF8, 0x01, 0xFF, 0x00, 0x7F, 0xE0, 0x30, 0xF8, 0x00, 0x1F, 0x00, 0x7F,
    0x80, 0xFF, 0xC0, 0xF8, 0x00, 0xF0, 0x00, 0xE0, 0x00, 0x70, 0x00, 0x70, 0x00, 0x38, 0x00, 0x1C,
    0x00, 0x0E, 0x00, 0x07, 0x00, 0x03, 0xC0, 0x00, 0xF8, 0x18, 0x3F, 0xFE, 0x0F, 0xFF, 0x01, 0xFE,
    0x00, 0x04, 0x01, 0xC0, 0x7C, 0x07, 0x80, 0x78, 0x07, 0x80, 0x70, 0x0E, 0x00, 0xE0, 0x1D, 0x0F,
    0xBF, 0xEF, 0xF9, 0xFE, 0x00, 0x00, 0x03, 0x00, 0x70, 0x0C, 0x00, 0x00, 0x00, 0x01, 0x80, 0x78,
    0x07, 0x80, 0x70, 0x07, 0x00, 0xF0, 0x0E, 0x01, 0xC0, 0x38, 0x0F, 0x7F, 0xEF, 0xF9, 0xFC, 0x00,
    0x00, 0x00, 0xE0, 0x78, 0x0E, 0x03, 0x80, 0xF0, 0x1C, 0x07, 0x01, 0xC0, 0xE0, 0x38, 0x1E, 0x1F,
    0x1F, 0x87, 0xC1, 0xC0, 0x00, 0x00, 0x00, 0x07, 0x03, 0x81, 0xC0, 0x00, 0x00, 0x0C, 0x0E, 0x07,
    0x03, 0xC0, 0xE0, 0x70, 0x38, 0x1C, 0x0E, 0x07, 0x07, 0x0F, 0x9F, 0x9F, 0x87, 0x83, 0x00, 0x00,
    0x00, 0x00, 0x00, 0x00, 0x00, 0x03, 0x80, 0x00, 0x03, 0x1C, 0x00, 0x38, 0x38, 0x60, 0x01, 0xC1,
    0xC3, 0x80, 0x0E, 0x0E, 0x1D, 0x80, 0x78, 0x70, 0xEC, 0x01, 0xE7, 0xCF, 0xE0, 0x0F, 0xFF, 0xF7,
    0x00, 0x7F, 0xFF, 0xB8, 0x03, 0xFC, 0xF9, 0xC0, 0x1C, 0x00, 0x0E, 0x01, 0xC0, 0x00, 0x7C, 0x1E,
    0x00, 0x01, 0xFF, 0xF0, 0x00, 0x07, 0xFF, 0x00, 0x00, 0x1F, 0xE0, 0x00, 0x00, 0x00, 0x00, 0x00,
    0x00, 0x00, 0x00, 0x00, 0x00, 0x00, 0x00, 0x60, 0x00, 0x00, 0x07, 0x00, 0x00, 0x00, 0x18, 0x00,
    0x00, 0x00, 0x00, 0x00, 0x00, 0x31, 0x80, 0x00, 0x01, 0xDC, 0x00, 0x00, 0x0C, 0x60, 0x00, 0x00,
    0x00, 0x70, 0x00, 0x00, 0x03, 0x80, 0x03, 0x07, 0x1C, 0x00, 0x38, 0x38, 0x70, 0x01, 0xC1, 0xC3,
    0xB0, 0x0F, 0x0E, 0x1D, 0x80, 0x3C, 0xF9, 0xFC, 0x01, 0xFF, 0xFE, 0xE0, 0x0F, 0xFF, 0xF7, 0x00,
    0x7F, 0x9F, 0x38, 0x03, 0x80, 0x01, 0xC0, 0x38, 0x00, 0x0F, 0x83, 0xC0, 0x00, 0x3F, 0xFE, 0x00,
    0x00, 0xFF, 0xE0, 0x00, 0x03, 0xFC, 0x00, 0x00, 0x00, 0x00, 0x00, 0x00, 0x00, 0x00, 0x01, 0xF0,
    0x00, 0x00, 0x0F, 0xF0, 0x00, 0x00, 0x3F, 0xF0, 0x00, 0x00, 0xF8, 0xF0, 0x01, 0xC3, 0xC0, 0xE0,
    0x03, 0x87, 0x01, 0xC0, 0x07, 0x1C, 0x03, 0xB0, 0x0F, 0x30, 0x07, 0xE0, 0x0F, 0xE0, 0x3F, 0xC0,
    0x1F, 0xFF, 0xFB, 0x80, 0x3F, 0xFF, 0xF7, 0x00, 0x7F, 0xFF, 0x8E, 0x00, 0xE0, 0x00, 0x1C, 0x03,
    0x80, 0x00, 0x3E, 0x0F, 0x00, 0x00, 0x3F, 0xFE, 0x00, 0x00, 0x3F, 0xF8, 0x00, 0x00, 0x3F, 0xC0,
    0x00, 0x00, 0x00, 0x00, 0x00, 0x00, 0x00, 0x00, 0x00, 0x00, 0x00, 0x00, 0x01, 0x80, 0x00, 0x00,
    0x07, 0x00, 0x00, 0x00, 0x06, 0x00, 0x00, 0x00, 0x00, 0x00, 0x00, 0x00, 0x3E, 0x00, 0x00, 0x01,
    0xFE, 0x00, 0x00, 0x07, 0xFE, 0x00, 0x00, 0x1F, 0x1E, 0x00, 0x38, 0x78, 0x1C, 0x00, 0x70, 0xE0,
    0x38, 0x00, 0xE3, 0x80, 0x76, 0x01, 0xE7, 0x00, 0xFC, 0x01, 0xFC, 0x07, 0xF8, 0x03, 0xFF, 0xFF,
    0x70, 0x07, 0xFF, 0xFE, 0xE0, 0x0F, 0xFF, 0xF1, 0xC0, 0x1C, 0x00, 0x03, 0x80, 0x70, 0x00, 0x07,
    0xC1, 0xE0, 0x00, 0x07, 0xFF, 0xC0, 0x00, 0x07, 0xFF, 0x00, 0x00, 0x07, 0xF8, 0x00, 0x00, 0x00,
    0x00, 0x00, 0x00, 0x04, 0x00, 0x01, 0xC0, 0x00, 0x38, 0x00, 0x07, 0x00, 0x00, 0xE0, 0x00, 0x1C,
    0x00, 0x03, 0x80, 0x00, 0x70, 0x00, 0x0E, 0x3F, 0x01, 0xCF, 0xF0, 0x3F, 0xFF, 0x07, 0xF0, 0xE0,
    0xF8, 0x0E, 0x1E, 0x01, 0xC3, 0xC0, 0x38, 0x70, 0x0F, 0x1C, 0x07, 0xCF, 0xFF, 0xFB, 0xFF, 0xFE,
    0x7F, 0xFF, 0x00, 0x00, 0x00, 0x01, 0xC0, 0x00, 0x38, 0x00, 0x07, 0x00, 0x00, 0xE1, 0x80, 0x1C,
    0x38, 0x03, 0x86, 0x00, 0x70, 0x00, 0x0E, 0x3F, 0x01, 0xCF, 0xF0, 0x3F, 0xFF, 0x07, 0xF0, 0xE0,
    0xF8, 0x0E, 0x1E, 0x01, 0xC3, 0xC0, 0x38, 0x70, 0x0F, 0x1C, 0x07, 0xCF, 0xFF, 0xFB, 0xFF, 0xFE,
    0x7F, 0xFF, 0x00, 0x0F, 0xC0, 0xFF, 0x03, 0xF8, 0x1E, 0x20, 0x70, 0x01, 0xC0, 0x07, 0x00, 0x0E,
    0x38, 0x1F, 0xF0, 0x7F, 0xC3, 0xF0, 0x1E, 0x00, 0xF0, 0x03, 0x80, 0x0E, 0x00, 0x38, 0x00, 0xE0,
    0x03, 0xC0, 0x07, 0xC3, 0x9F, 0xFE, 0x3F, 0xFC, 0x3F, 0xC0, 0x00, 0x00, 0x1C, 0x00, 0x70, 0x01,
    0xC0, 0x00, 0x00, 0x3E, 0x03, 0xFC, 0x0F, 0xE0, 0x78, 0x81, 0xC0, 0x07, 0x00, 0x1C, 0x00, 0x38,
    0xE0, 0x7F, 0x81, 0xFE, 0x0F, 0xC0, 0x78, 0x03, 0xC0, 0x0E, 0x00, 0x38, 0x00, 0xE0, 0x03, 0x80,
    0x0F, 0x00, 0x1F, 0x0E, 0x7F, 0xF8, 0xFF, 0xE0, 0xFF, 0x00, 0x00, 0x00, 0x00, 0x03, 0x30, 0x00,
    0x3B, 0x80, 0x00, 0xCC, 0x30, 0x00, 0x03, 0x80, 0x00, 0x7C, 0x00, 0x0F, 0xC0, 0x01, 0xF8, 0x00,
    0x1F, 0x00, 0x01, 0xE0, 0x00, 0x0F, 0x80, 0x00, 0x3F, 0x00, 0x00, 0x7C, 0x30, 0x00, 0xF3, 0x80,
    0x03, 0x9C, 0x00, 0x0E, 0xE0, 0x00, 0x77, 0x00, 0x07, 0xBE, 0x01, 0xF9, 0xFF, 0xFF, 0x87, 0xFF,
    0xF8, 0x0F, 0xFF, 0x00, 0x00, 0x00, 0x00, 0x00, 0x00, 0xC0, 0x00, 0x1E, 0x00, 0x03, 0xF0, 0x00,
    0x3E, 0x00, 0x07, 0xC0, 0x00, 0x7C, 0x00, 0x03, 0x80, 0x00, 0x3F, 0x00, 0x00, 0xFC, 0x00, 0x01,
    0xF0, 0xC0, 0x03, 0xCE, 0x00, 0x0E, 0x70, 0x00, 0x3B, 0x80, 0x01, 0xDC, 0x00, 0x1E, 0xF8, 0x07,
    0xE7, 0xFF, 0xFE, 0x1F, 0xFF, 0xE0, 0x3F, 0xFC, 0x00, 0x00, 0x00, 0x00, 0x00, 0x00, 0x0C, 0xC0,
    0x00, 0xE7, 0x00, 0x03, 0x30, 0x00, 0x06, 0x00, 0x00, 0x38, 0x00, 0x01, 0x80, 0x00, 0x00, 0x00,
    0x00, 0x03, 0xBE, 0xE0, 0x00, 0x03, 0x00, 0x00, 0x70, 0x00, 0x03, 0x00, 0x00, 0x00, 0x00, 0x07,
    0x80, 0x01, 0xFC, 0x00, 0x1F, 0xE0, 0x03, 0xCE, 0x00, 0x38, 0x70, 0x03, 0x87, 0x40, 0x38, 0x7E,
    0x03, 0xC7, 0xE0, 0x1F, 0xFE, 0x00, 0xFF, 0xE0, 0x00, 0x7F, 0x80, 0x3E, 0xFF, 0xFF, 0xE7, 0xFF,
    0xF8, 0x1F, 0xFE, 0x00, 0x00, 0x66, 0x00, 0x77, 0x00, 0x19, 0x80, 0x00, 0x00, 0x00, 0x00, 0x01,
    0xE0, 0x03, 0xF8, 0x01, 0xFE, 0x01, 0xE7, 0x80, 0xE1, 0xD8, 0x70, 0xFC, 0x3C, 0x7E, 0x1F, 0xFF,
    0x07, 0xFF, 0x81, 0xFF, 0xC0, 0x07, 0xE0, 0x07, 0x7C, 0x0F, 0x9F, 0xFF, 0x87, 0xFF, 0x80, 0xFF,
    0x80, 0x00, 0x00, 0x00, 0x00, 0xC0, 0x00, 0x70, 0x00, 0x1C, 0x00, 0x07, 0x00, 0x01, 0xC0, 0x08,
    0x70, 0x0E, 0x1C, 0x07, 0x07, 0x01, 0x81, 0xC0, 0x78, 0x70, 0x06, 0x1D, 0x8F, 0x87, 0xE3, 0xC1,
    0xF8, 0x00, 0x7E, 0x00, 0x1F, 0x80, 0x07, 0xF8, 0x0F, 0xFF, 0xFF, 0xF7, 0xFF, 0xF8, 0x7F, 0xF0,
    0x00, 0x0E, 0x00, 0x1C, 0x00, 0x38, 0x00, 0x70, 0x00, 0xE0, 0x01, 0xC0, 0x03, 0x80, 0x07, 0x00,
    0x0E, 0x00, 0x1C, 0x00, 0x38, 0x00, 0x70, 0x00, 0xE0, 0x01, 0xD8, 0x03, 0xF0, 0x07, 0xE0, 0x0F,
    0xC0, 0x1F, 0x80, 0x3F, 0x00, 0x6E, 0x01, 0xDF, 0x0F, 0x9F, 0xFE, 0x1F, 0xF8, 0x1F, 0xC0, 0x00,
    0xF0, 0x03, 0xF0, 0x0F, 0xF0, 0x3C, 0xE0, 0x70, 0xE1, 0xC1, 0xCF, 0x83, 0xBF, 0x07, 0xFF, 0x9D,
    0xCF, 0xFB, 0x8F, 0xF7, 0x07, 0xCE, 0x00, 0x1C, 0x00, 0x38, 0x00, 0x70, 0x00, 0xE0, 0x01, 0xC0,
    0x03, 0xC0, 0x03, 0x80, 0x00, 0x00, 0x00, 0x03, 0x00, 0x0E, 0x00, 0x0C, 0x00, 0x00, 0x60, 0x01,
    0xC0, 0x03, 0x80, 0x07, 0xB0, 0x07, 0xE0, 0x0F, 0xC0, 0x1F, 0x80, 0x3F, 0x00, 0x7E, 0x00, 0xFC,
    0x03, 0xFE, 0x0F, 0x3F, 0xFE, 0x3F, 0xF8, 0x3F, 0xC0, 0x00, 0x00, 0xC0, 0x7C, 0x1F, 0xC7, 0xBC,
    0xE3, 0xB8, 0x3F, 0x07, 0xE0, 0xFC, 0x1F, 0x83, 0xF8, 0xF7, 0xFC, 0xFF, 0x07, 0xC0, 0x00, 0x01,
    0xE0, 0xFE, 0x1F, 0xE7, 0x9E, 0xE1, 0xDC, 0x3B, 0xC7, 0x7F, 0xE7, 0xFC, 0x7F, 0x80, 0x70, 0x1C,
    0x0F, 0x8F, 0xE7, 0xF8, 0x7C, 0x0C, 0x00, 0x00, 0x0F, 0x00, 0x0F, 0xF0, 0x07, 0xF8, 0x03, 0xC6,
    0x00, 0xE0, 0x00, 0x38, 0x06, 0x0F, 0x03, 0x83, 0xF8, 0xE0, 0x7F, 0xB8, 0x07, 0xEE, 0x00, 0x3F,
    0x80, 0x07, 0xE0, 0x03, 0xBE, 0x03, 0xE7, 0xFF, 0xF0, 0xFF, 0xF8, 0x0F, 0xF8, 0x00, 0x00, 0x00,
    0x00, 0x0F, 0x00, 0x0F, 0xF0, 0x07, 0xF8, 0x03, 0xC6, 0x00, 0xE0, 0x00, 0x38, 0x06, 0x0F, 0x03,
    0x83, 0xF8, 0xE0, 0x7F, 0xB8, 0x07, 0xEE, 0x00, 0x3F, 0x80, 0x07, 0xE0, 0x03, 0xBE, 0x03, 0xE7,
    0xFF, 0xF0, 0xFF, 0xF8, 0x0F, 0xF8, 0x00, 0x00, 0x00, 0x00, 0x00, 0x1B, 0x00, 0x0E, 0xE0, 0x01,
    0xB0, 0x00, 0x00, 0x00, 0x0F, 0xFE, 0x1F, 0xF8, 0x00, 0x0C, 0x3C, 0x6B, 0xFF, 0xC7, 0x84, 0x00,
    0x07, 0xFF, 0x1F, 0xFC, 0x00, 0x01, 0xFF, 0xC0, 0x33, 0xDA, 0xF3, 0x39, 0x00, 0x07, 0xFF, 0x00,
    0x00, 0x0F, 0x5F, 0xFF, 0xC0, 0x39, 0xB4, 0x53, 0x38, 0x00, 0x30, 0xFF, 0x70, 0x00, 0x38, 0xF9,
    0x83, 0x07, 0xDF, 0x00, 0x00, 0x38, 0xF9, 0x83, 0x07, 0xDF, 0x00, 0x00, 0xFF, 0xC0, 0x01, 0xD9,
    0xE0, 0x00, 0x03, 0x37, 0x9E, 0x30, 0x31, 0xE7, 0xB3, 0x00, 0x31, 0xE5, 0x9E, 0x70, 0xE0, 0x80,
    0x07, 0x07, 0xC3, 0x01, 0x87, 0xFB, 0xFC, 0x00, 0x00, 0xC7, 0x9E, 0x30, 0x00, 0x73, 0x9C, 0xE3,
    0x9C, 0xE7, 0x39, 0xCE, 0x73, 0x9C, 0xE7, 0x70, 0x6E, 0x1D, 0xC3, 0xB8, 0x73, 0x9E, 0x7F, 0x8F,
    0xF1, 0xF8, 0x38, 0x07, 0x00, 0xE0, 0x1C, 0x03, 0x80, 0x70, 0x0E, 0x01, 0xC0, 0x71, 0x8D, 0xCE,
    0x77, 0x39, 0xDC, 0xE7, 0x3B, 0x9C, 0xFF, 0xE3, 0xFF, 0x8F, 0x9C, 0x38, 0x00, 0xE0, 0x03, 0x80,
    0x0E, 0x00, 0x38, 0x00, 0xE0, 0x03, 0x80, 0x0E, 0x00, 0x0F, 0x07, 0xE1, 0xFC, 0x3C, 0x0E, 0x01,
    0xC0, 0x1C, 0x01, 0xF8, 0x3F, 0x0F, 0x83, 0x80, 0x70, 0x0E, 0x01, 0xE3, 0x3F, 0xF3, 0xFE, 0x1F,
    0x80, 0x00, 0x03, 0xE0, 0xFE, 0x3F, 0xE7, 0x1D, 0xC1, 0xF8, 0x3F, 0x07, 0xE0, 0xFC, 0x1F, 0xC7,
    0xBF, 0xE3, 0xF8, 0x3E, 0x00, 0x00, 0x0F, 0xF9, 0xFF, 0x3F, 0xE0, 0x1C, 0x03, 0x80, 0x70, 0x0E,
    0x01, 0xC0, 0x38, 0x07, 0x00, 0xE0, 0x1C, 0x03, 0x80, 0x70, 0x07, 0x00, 0xE0, 0x00, 0x00, 0x03,
    0x80, 0xEF, 0x03, 0x9C, 0x1E, 0x70, 0x71, 0xE1, 0xC3, 0x87, 0x0E, 0x38, 0x38, 0xE0, 0x73, 0x81,
    0xDC, 0x07, 0x70, 0x0F, 0xC0, 0x3E, 0x00, 0xF8, 0x01, 0xE0, 0x07, 0x00, 0x07, 0x80, 0x1E, 0x00,
    0xF8, 0x03, 0xE0, 0x0F, 0xC0, 0x77, 0x01, 0xCC, 0x07, 0x38, 0x38, 0xE0, 0xE3, 0x83, 0x87, 0x1E,
    0x1C, 0x70, 0x71, 0xC1, 0xEF, 0x03, 0xB8, 0x0E, 0x00, 0x00, 0x3E, 0x07, 0xF0, 0xFF, 0x8F, 0x3C,
    0xE1, 0xCE, 0x1C, 0xF1, 0xC7, 0xFC, 0x7F, 0xC1, 0xFC, 0x01, 0xC0, 0x1C, 0x01, 0xC0, 0x0E, 0x00,
    0xE0, 0x0E, 0x00, 0xE0, 0x00, 0x00, 0x21, 0x83, 0x9E, 0x1C, 0xF1, 0xC3, 0x1E, 0x00, 0xE0, 0x0E,
    0x00, 0x70, 0x07, 0x00, 0x38, 0x03, 0x80, 0x3C, 0x01, 0xC2, 0x1E, 0x38, 0xE3, 0xEE, 0x0E, 0x30,
    0x20, 0x00, 0x00, 0x67, 0xFE, 0xEE, 0xE0, 0x67, 0xFE, 0xEE, 0xE0, 0x00, 0xC0, 0x00, 0x18, 0x00,
    0x03, 0x00, 0x00, 0x60, 0x00, 0x0C, 0x00, 0x01, 0xC0, 0x3C, 0x38, 0xF3, 0xFF, 0xFE, 0x1F, 0xFE,
    0x00, 0xFF, 0x00, 0x07, 0xC0, 0x01, 0xF8, 0x00, 0x7B, 0x80, 0x0E, 0x38, 0x03, 0x83, 0x00, 0x60,
    0x30, 0x18, 0x06, 0x00, 0x00, 0x00, 0x00, 0x00, 0x60, 0x00, 0x0F, 0x60, 0x00, 0x7E, 0x00, 0x07,
    0xE0, 0x00, 0x7E, 0x00, 0x07, 0xE0, 0x00, 0x7F, 0x80, 0x3F, 0xFF, 0xFF, 0xE7, 0xFF, 0xFC, 0x1F,
    0xFF, 0x00, 0x00, 0x00, 0x00, 0x1E, 0x00, 0x3F, 0x80, 0x1F, 0xE0, 0x1E, 0x78, 0x0E, 0x1D, 0x87,
    0x0F, 0xC3, 0xC7, 0xE1, 0xFF, 0xF0, 0x7F, 0xF8, 0x1F, 0xFC, 0x00, 0x7E, 0x00, 0x77, 0xC0, 0xF9,
    0xFF, 0xF8, 0x7F, 0xF8, 0x0F, 0xF8, 0x00, 0x00, 0x00, 0xFF, 0xC0, 0x0C, 0x3C, 0xCB, 0x3F, 0xC8,
    0x00, 0x1C, 0x38, 0x70, 0xE1, 0xC3, 0x87, 0x0E, 0x1C, 0x38, 0x70, 0xE1, 0xC3, 0x87, 0x0E, 0x00,
    0x07, 0x07, 0x83, 0x01, 0x87, 0xFF, 0xF8, 0x00, 0x38, 0x1C, 0x0E, 0x07, 0x03, 0x81, 0xC0, 0xE0,
    0x70, 0x38, 0x1C, 0x0E, 0x07, 0x03, 0x81, 0xC0, 0xE0, 0x70, 0x00, 0x07, 0x03, 0x81, 0xC0, 0xE0,
    0x70, 0x38, 0x1C, 0x0E, 0x07, 0x03, 0x81, 0xC0, 0xE0, 0x70, 0x38, 0x1C, 0x0E, 0x07, 0x03, 0x81,
    0xC0, 0x70, 0x78, 0x30, 0xDE, 0x7F, 0xAF, 0x00, 0x00, 0x38, 0xF9, 0x83, 0x07, 0xDF, 0x00, 0x00,
    0x00, 0x38, 0x0E, 0x7B, 0xBE, 0xEC, 0x39, 0xAE, 0xFB, 0xB0, 0xE0, 0x38, 0x0E, 0x03, 0x80, 0xE0,
    0x38, 0x0E, 0x03, 0x80, 0xE0, 0x38, 0x0E, 0x03, 0x80, 0x00, 0xE0, 0x0F, 0x00, 0x60, 0x03, 0xE0,
    0x3F, 0x00, 0x80, 0x00, 0x00, 0x00, 0x0F, 0x01, 0xFC, 0x0F, 0xF0, 0xF3, 0xC7, 0x0E, 0x38, 0x71,
    0xE3, 0x8F, 0xFC, 0x3F, 0xE0, 0xFF, 0x00, 0x38, 0x03, 0x80, 0x7C, 0x1F, 0xC3, 0xFC, 0x0F, 0x80,
    0x60, 0x00, 0x06, 0x01, 0xE0, 0x24, 0x07, 0x80, 0x60, 0x18, 0x02, 0x00, 0x38, 0x0F, 0x01, 0x00,
    0x30, 0x0F, 0xC1, 0xE0, 0x00, 0x03, 0xC1, 0xFC, 0x3F, 0xCF, 0x3D, 0xC3, 0xB8, 0x77, 0x8E, 0xFF,
    0xCF, 0xF8, 0xFF, 0x00, 0xE0, 0x38, 0x1F, 0x1F, 0xCF, 0xF0, 0xF8, 0x18, 0x00, 0x00, 0x03, 0xC0,
    0x00, 0xF0, 0x00, 0x18, 0x00, 0x03, 0x20, 0x00, 0xFC, 0x00, 0x0C, 0x00, 0x00, 0x00, 0x00, 0x78,
    0x00, 0x3F, 0xC0, 0x0F, 0xF0, 0x03, 0xC6, 0x00, 0x70, 0x00, 0x0E, 0x00, 0xC1, 0xE0, 0x38, 0x3F,
    0x87, 0x03, 0xFC, 0xE0, 0x1F, 0x9C, 0x00, 0x7B, 0x80, 0x07, 0x70, 0x01, 0xCF, 0x80, 0xF8, 0xFF,
    0xFE, 0x0F, 0xFF, 0x80, 0x7F, 0xC0, 0x00, 0x00, 0x00, 0x00, 0x80, 0x00, 0x0B, 0x00, 0x00, 0xF8,
    0x00, 0x0C, 0x80, 0x00, 0x98, 0x00, 0x1F, 0x02, 0x00, 0x00, 0xE6, 0x00, 0x07, 0xE0, 0x00, 0x7E,
    0x00, 0x07, 0xE0, 0x00, 0x7E, 0x00, 0x07, 0xF8, 0x03, 0xFF, 0xFF, 0xFE, 0x7F, 0xFF, 0xC1, 0xFF,
    0xF0, 0x00, 0x00, 0x00, 0x06, 0x00, 0x00, 0xE0, 0x00, 0x06, 0x00, 0x00, 0x00, 0x00, 0x06, 0x00,
    0x00, 0xE0, 0x00, 0x06, 0x0E, 0x40, 0x00, 0x7E, 0x00, 0x07, 0xE0, 0x00, 0x7E, 0x00, 0x07, 0xE0,
    0x00, 0x7F, 0x80, 0x3F, 0xFF, 0xFF, 0xE7, 0xFF, 0xFC, 0x1F, 0xFF, 0x00, 0x00, 0x00, 0x60, 0x00,
    0x0F, 0x60, 0x00, 0x7E, 0x00, 0x07, 0xE0, 0x00, 0x7E, 0x00, 0x07, 0xE0, 0x00, 0x7F, 0x80, 0x3F,
    0xFF, 0xFF, 0xE7, 0xFF, 0xFC, 0x1F, 0xFF, 0x00, 0x00, 0x00, 0x00, 0x60, 0x00, 0x0E, 0x00, 0x00,
    0x60, 0x00, 0x00, 0x00, 0x00, 0x60, 0x00, 0x0E, 0x00, 0x00, 0x60, 0x00, 0x00, 0x00, 0x00, 0x00,
    0x00, 0x19, 0x80, 0x03, 0xB8, 0x00, 0x19, 0x82, 0x00, 0x00, 0xE6, 0x00, 0x07, 0xE0, 0x00, 0x7E,
    0x00, 0x07, 0xE0, 0x00, 0x7E, 0x00, 0x07, 0xF8, 0x03, 0xFF, 0xFF, 0xFE, 0x7F, 0xFF, 0xC1, 0xFF,
    0xF0, 0x01, 0x60, 0x00, 0x16, 0x00, 0x01, 0xC0, 0x00, 0x00, 0x00, 0x01, 0x98, 0x00, 0x3B, 0x80,
    0x01, 0x98, 0x00, 0x06, 0x00, 0x00, 0xE0, 0x00, 0x06, 0x06, 0x40, 0x00, 0xFE, 0x00, 0x07, 0xE0,
    0x00, 0x7E, 0x00, 0x07, 0xE0, 0x00, 0x7E, 0x00, 0x07, 0xF8, 0x03, 0xF7, 0xFF, 0xFE, 0x7F, 0xFF,
    0xC1, 0xFF, 0xF0, 0x00, 0x00, 0x60, 0x00, 0x0F, 0x60, 0x00, 0x7E, 0x00, 0x07, 0xE0, 0x00, 0x7E,
    0x00, 0x07, 0xE0, 0x00, 0x7F, 0x80, 0x3F, 0xFF, 0xFF, 0xE7, 0xFF, 0xFC, 0x1F, 0xFF, 0x00, 0x00,
    0x00, 0x00, 0x00, 0x00, 0x31, 0x80, 0x03, 0xB8, 0x00, 0x31, 0x80, 0x00, 0x60, 0x00, 0x0E, 0x00,
    0x00, 0x60, 0x00, 0x00, 0x00, 0x01, 0x98, 0x00, 0x3B, 0x80, 0x01, 0x98, 0x00, 0x00, 0x00, 0x01,
    0x98, 0x00, 0x3B, 0x80, 0x01, 0x98, 0xE4, 0x00, 0x07, 0xE0, 0x00, 0x7E, 0x00, 0x07, 0xE0, 0x00,
    0x7E, 0x00, 0x07, 0xF8, 0x03, 0xFF, 0xFF, 0xFE, 0x7F, 0xFF, 0xC1, 0xFF, 0xF0, 0x00, 0x00, 0x60,
    0x00, 0x0F, 0x60, 0x00, 0x7E, 0x00, 0x07, 0xE0, 0x00, 0x7E, 0x00, 0x07, 0xE0, 0x00, 0x7F, 0x80,
    0x3F, 0xFF, 0xFF, 0xE7, 0xFF, 0xFC, 0x1F, 0xFF, 0x00, 0x00, 0x00, 0x01, 0xB0, 0x00, 0x3B, 0x80,
    0x01, 0xB0, 0x00, 0x00, 0x00, 0x01, 0xB0, 0x00, 0x3B, 0x80, 0x01, 0xB0, 0x00, 0x00, 0x00, 0x0F,
    0x00, 0x07, 0x80, 0x02, 0x00, 0x01, 0xA0, 0x01, 0xF0, 0x00, 0xE0, 0x00, 0x00, 0x00, 0x7E, 0x00,
    0x7F, 0xC0, 0x1F, 0xF8, 0x0C, 0x3E, 0x00, 0x07, 0xC0, 0x1F, 0xE0, 0x3F, 0xF0, 0x3E, 0x00, 0x3C,
    0x00, 0x38, 0x00, 0x1C, 0x00, 0x1C, 0x00, 0x0E, 0x00, 0x07, 0x00, 0x03, 0x80, 0x01, 0xC0, 0x00,
    0xF0, 0x00, 0x3E, 0x07, 0x0F, 0xFF, 0x83, 0xFF, 0xC0, 0x7F, 0x80, 0x00, 0x00, 0x03, 0x00, 0x03,
    0x80, 0x00, 0xC0, 0x00, 0x00, 0x00, 0x30, 0x00, 0x38, 0x00, 0x0C, 0x00, 0x00, 0x00, 0x1F, 0x80,
    0x1F, 0xF0, 0x07, 0xFE, 0x03, 0x0F, 0x80, 0x01, 0xF0, 0x07, 0xF8, 0x0F, 0xFC, 0x0F, 0x80, 0x0F,
    0x00, 0x0E, 0x00, 0x07, 0x00, 0x07, 0x00, 0x03, 0x80, 0x01, 0xC0, 0x00, 0xE0, 0x00, 0x70, 0x00,
    0x3C, 0x00, 0x0F, 0x81, 0xC3, 0xFF, 0xE0, 0xFF, 0xF0, 0x1F, 0xE0, 0x1F, 0x00, 0x3F, 0xE0, 0x1F,
    0xFC, 0x06, 0x1F, 0x00, 0x03, 0xE0, 0x07, 0xF0, 0x0F, 0xF8, 0x1F, 0xC0, 0x1E, 0x00, 0x1E, 0x00,
    0x0E, 0x00, 0x0E, 0x00, 0x07, 0x33, 0x03, 0x9D, 0xC1, 0xCC, 0xC0, 0xE0, 0x00, 0x70, 0x00, 0x1C,
    0x00, 0x0F, 0x81, 0xC3, 0xFF, 0xE0, 0xFF, 0xF0, 0x1F, 0xE0, 0x00, 0x00, 0x1F, 0xC0, 0x1F, 0xF0,
    0x07, 0xFE, 0x03, 0x0F, 0x80, 0x01, 0xF0, 0x07, 0xF8, 0x0F, 0xFC, 0x0F, 0x80, 0x0E, 0x00, 0x0E,
    0x00, 0x07, 0x18, 0x07, 0x0E, 0x03, 0x86, 0x01, 0xC0, 0x00, 0xE1, 0x80, 0x70, 0xE0, 0x3C, 0x60,
    0x0F, 0x81, 0xC3, 0xFF, 0xE0, 0xFF, 0xF0, 0x1F, 0xE0, 0x06, 0x00, 0x07, 0x00, 0x01, 0x80, 0x03,
    0x30, 0x03, 0xB8, 0x00, 0xCC, 0x00, 0x00, 0x00, 0x00, 0x00, 0x3F, 0x00, 0x3F, 0xE0, 0x0F, 0xF8,
    0x06, 0x3F, 0x00, 0x07, 0xE0, 0x0F, 0xF0, 0x1F, 0xF8, 0x1F, 0x80, 0x1E, 0x00, 0x1C, 0x00, 0x0E,
    0x00, 0x0E, 0x00, 0x07, 0x00, 0x03, 0x80, 0x01, 0xC0, 0x00, 0xE0, 0x00, 0x78, 0x00, 0x1F, 0x03,
    0x07, 0xFF, 0xC1, 0xFF, 0xE0, 0x7F, 0xC0, 0x00, 0x00, 0x00, 0x00, 0x1F, 0xC0, 0x1F, 0xF0, 0x07,
    0xFE, 0x03, 0x0F, 0x80, 0x01, 0xF0, 0x07, 0xF8, 0x0F, 0xFC, 0x0F, 0x80, 0x0E, 0x00, 0x0E, 0x00,
    0x07, 0x66, 0x07, 0x3B, 0x83, 0x99, 0x81, 0xC3, 0x00, 0xE1, 0xC0, 0x70, 0xC0, 0x3C, 0x00, 0x0F,
    0x81, 0xC3, 0xFF, 0xE0, 0xFF, 0xF0, 0x1F, 0xE0, 0x1F, 0x80, 0x3F, 0xE0, 0x1F, 0xFC, 0x06, 0x1F,
    0x00, 0x03, 0xE0, 0x07, 0xF8, 0x0F, 0xFC, 0x1F, 0x80, 0x1E, 0x00, 0x1E, 0x00, 0x0E, 0xCC, 0x0E,
    0x77, 0x07, 0x33, 0x03, 0x80, 0x01, 0xCC, 0xC0, 0xE7, 0x70, 0x73, 0x30, 0x1C, 0x00, 0x0F, 0x81,
    0xC3, 0xFF, 0xE0, 0xFF, 0xF0, 0x1F, 0xE0, 0x20, 0x04, 0x00, 0xB8, 0x1F, 0x07, 0xE0, 0x00, 0x00,
    0x00, 0x20, 0x1E, 0x01, 0xE0, 0x1E, 0x03, 0xC0, 0x3C, 0x03, 0x80, 0x78, 0x07, 0x00, 0xE8, 0x7D,
    0xFF, 0x3F, 0xC7, 0xF0, 0x00, 0x01, 0xC0, 0x3C, 0x07, 0x80, 0x78, 0x07, 0x80, 0x70, 0x07, 0x00,
    0xE0, 0x1C, 0x03, 0xBF, 0xF7, 0xFD, 0xFE, 0x07, 0x80, 0x90, 0x1E, 0x00, 0x00, 0x04, 0x01, 0xC0,
    0x3C, 0x03, 0xC0, 0x3C, 0x03, 0x80, 0x78, 0x07, 0x00, 0xE0, 0x1C, 0x07, 0xBF, 0xF7, 0xFC, 0xFE,
    0x00, 0x00, 0x00, 0x0C, 0x01, 0xC0, 0x30, 0x00, 0x20, 0x04, 0x00, 0xB8, 0x1F, 0x07, 0xE0, 0x00,
    0x00, 0x00, 0x20, 0x0E, 0x01, 0xE0, 0x1E, 0x01, 0xC0, 0x3C, 0x03, 0x80, 0x38, 0x07, 0x00, 0xE8,
    0x7D, 0xFF, 0x3F, 0xC7, 0xF0, 0x00, 0x00, 0x00, 0x60, 0x0E, 0x01, 0x80, 0x66, 0x0E, 0xE1, 0x98,
    0x00, 0x00, 0x00, 0x0C, 0x03, 0xC0, 0x78, 0x07, 0x80, 0x78, 0x07, 0x00, 0xF0, 0x0E, 0x01, 0xC0,
    0x38, 0x0F, 0x7F, 0xEF, 0xF9, 0xFC, 0x00, 0x00, 0x01, 0xC0, 0x3C, 0x03, 0xC0, 0x3C, 0x03, 0x80,
    0x78, 0x07, 0x00, 0xE0, 0x1C, 0x07, 0xBF, 0xF7, 0xFC, 0xFE, 0x00, 0x00, 0x00, 0x33, 0x07, 0x70,
    0xCC, 0x00, 0x0C, 0x03, 0x80, 0x30, 0x31, 0x87, 0x70, 0xC6, 0x00, 0x00, 0x00, 0x06, 0x01, 0xE0,
    0x1E, 0x01, 0xE0, 0x1C, 0x03, 0xC0, 0x38, 0x07, 0x00, 0xE0, 0x3D, 0xFF, 0xBF, 0xE7, 0xF0, 0x00,
    0x0C, 0x61, 0xDC, 0x31, 0x80, 0xC0, 0x38, 0x03, 0x00, 0x00, 0x02, 0x01, 0xE0, 0x3C, 0x03, 0xC0,
    0x3C, 0x03, 0x80, 0x78, 0x07, 0x00, 0xE0, 0x1C, 0x07, 0xBF, 0xF7, 0xFC, 0xFE, 0x00, 0x00, 0x06,
    0x60, 0x77, 0x06, 0x60, 0x66, 0x07, 0x70, 0x66, 0x00, 0x00, 0x06, 0x00, 0xF0, 0x0F, 0x80, 0x78,
    0x03, 0xC0, 0x1E, 0x00, 0xE0, 0x0E, 0x00, 0x70, 0x07, 0x01, 0xF7, 0xFE, 0x7F, 0xC7, 0xF0, 0x00,
    0x02, 0x00, 0xB0, 0x3E, 0x0C, 0x87, 0xE0, 0x00, 0x00, 0x00, 0x01, 0xE0, 0x78, 0x0E, 0x03, 0x80,
    0x70, 0x1C, 0x07, 0x01, 0xC0, 0xE0, 0x38, 0x3E, 0x3F, 0x1F, 0x87, 0xC0, 0xC0, 0x00, 0x00, 0x00,
    0x06, 0x60, 0xF0, 0x3C, 0x06, 0x00, 0x00, 0x00, 0x1E, 0x07, 0x80, 0xE0, 0x38, 0x07, 0x01, 0xC0,
    0x70, 0x1C, 0x0E, 0x07, 0x83, 0xE3, 0xF1, 0xF8, 0x78, 0x1C, 0x00, 0x00, 0x00, 0x03, 0x81, 0xC0,
    0xF0, 0x38, 0x1C, 0x0E, 0x07, 0x03, 0x81, 0xC1, 0xC3, 0xE7, 0xE7, 0xFB, 0xEC, 0xD2, 0x0E, 0x00,
    0x00, 0x00, 0x01, 0x81, 0xC0, 0xE0, 0x38, 0x1C, 0x0E, 0x07, 0x03, 0x81, 0xC1, 0xE1, 0xE1, 0xF3,
    0xF1, 0xF0, 0xE0, 0x00, 0x03, 0x01, 0xC0, 0xC0, 0x00, 0x00, 0xC0, 0x78, 0x0E, 0x03, 0x80, 0xF0,
    0x1C, 0x07, 0x01, 0xC0, 0x70, 0x38, 0x1E, 0x1F, 0x1F, 0x87, 0xC1, 0xE0, 0x0C, 0xC1, 0xE0, 0x78,
    0x0C, 0x00, 0x06, 0x03, 0x81, 0x80, 0x00, 0x00, 0x0C, 0x0E, 0x07, 0x01, 0xC0, 0xE0, 0x70, 0x38,
    0x1C, 0x0E, 0x0F, 0x0F, 0x0F, 0x9F, 0x9F, 0x87, 0x00, 0x00, 0x18, 0x0E, 0x06, 0x00, 0x00, 0x19,
    0x8E, 0xE6, 0x60, 0x00, 0x00, 0x00, 0x0E, 0x0F, 0x03, 0x81, 0xC0, 0x70, 0x38, 0x1C, 0x0E, 0x0E,
    0x07, 0x0F, 0x8F, 0x9F, 0x8F, 0x83, 0x00, 0x00, 0x00, 0x03, 0x03, 0x80, 0xC3, 0x19, 0xDC, 0xC6,
    0x00, 0x00, 0x01, 0x81, 0xC0, 0xE0, 0x78, 0x1C, 0x0E, 0x07, 0x03, 0x81, 0xC0, 0xE0, 0xE1, 0xF3,
    0xF3, 0xF0, 0xF0, 0x40, 0x00, 0x19, 0x87, 0x71, 0x98, 0x66, 0x1D, 0xC6, 0x60, 0x00, 0x00, 0x03,
    0x81, 0xE0, 0x38, 0x0E, 0x01, 0xC0, 0x70, 0x1C, 0x07, 0x03, 0x80, 0xE0, 0x78, 0x7C, 0x7E, 0x1F,
    0x03, 0x00, 0x00, 0x00, 0x00, 0x00, 0x00, 0x00, 0x00, 0x60, 0x00, 0x00, 0x07, 0x00, 0x00, 0x00,
    0x18, 0x00, 0x00, 0x00, 0x07, 0x00, 0x00, 0x00, 0x38, 0x00, 0x30, 0x71, 0xC0, 0x03, 0x83, 0x87,
    0x00, 0x1C, 0x1C, 0x3B, 0x00, 0xF0, 0xE1, 0xD8, 0x03, 0xCF, 0x9F, 0xC0, 0x1F, 0xFF, 0xEE, 0x00,
    0xFF, 0xFF, 0x70, 0x07, 0xF9, 0xF3, 0x80, 0x38, 0x00, 0x1C, 0x03, 0x80, 0x00, 0xF8, 0x3C, 0x0C,
    0x03, 0xFF, 0xE0, 0xE0, 0x0F, 0xFE, 0x03, 0x00, 0x3F, 0xC0, 0x00, 0x00, 0x00, 0x00, 0x00, 0x00,
    0x00, 0x00, 0x00, 0x00, 0x00, 0x00, 0x03, 0x80, 0x00, 0x03, 0x1C, 0x00, 0x38, 0x38, 0x60, 0x01,
    0xC1, 0xC3, 0x80, 0x0E, 0x0E, 0x1D, 0x80, 0x78, 0x70, 0xEC, 0x01, 0xE7, 0xCF, 0xE0, 0x0F, 0xFF,
    0xF7, 0x00, 0x7F, 0xFF, 0xB8, 0x03, 0xFC, 0xF9, 0xC0, 0x1C, 0x00, 0x0E, 0x01, 0xC0, 0x00, 0x7C,
    0x1E, 0x19, 0x81, 0xFF, 0xF1, 0xCE, 0x07, 0xFF, 0x06, 0x60, 0x1F, 0xE0, 0x0C, 0x00, 0x00, 0x00,
    0xE0, 0x00, 0x00, 0x03, 0x00, 0x00, 0x00, 0x00, 0x00, 0x00, 0x00, 0x00, 0x00, 0x00, 0x00, 0x60,
    0x00, 0x00, 0x07, 0x00, 0x00, 0x00, 0x18, 0x00, 0x00, 0x00, 0x00, 0x00, 0x00, 0x31, 0x80, 0x00,
    0x01, 0xDC, 0x00, 0x00, 0x0C, 0x60, 0x00, 0x00, 0x00, 0x70, 0x00, 0x00, 0x03, 0x80, 0x03, 0x07,
    0x0C, 0x00, 0x38, 0x38, 0x70, 0x01, 0xC1, 0xC3, 0xB0, 0x0F, 0x0E, 0x1D, 0x80, 0x3C, 0xF9, 0xFC,
    0x01, 0xFF, 0xFE, 0xE0, 0x0F, 0xFF, 0xF7, 0x00, 0x7F, 0x9F, 0x38, 0x03, 0x80, 0x01, 0xC0, 0x38,
    0x00, 0x0F, 0x83, 0xC3, 0x30, 0x3F, 0xFE, 0x39, 0xC0, 0xFF, 0xE0, 0xCC, 0x03, 0xFC, 0x01, 0x80,
    0x00, 0x00, 0x1C, 0x00, 0x00, 0x00, 0x60, 0x00, 0x00, 0x00, 0x00, 0x00, 0x00, 0x01, 0xF0, 0x00,
    0x00, 0x0F, 0xF0, 0x00, 0x00, 0x3F, 0xF0, 0x00, 0x00, 0xF8, 0xF0, 0x01, 0xC3, 0xC0, 0xE0, 0x03,
    0x87, 0x01, 0xC0, 0x07, 0x1C, 0x03, 0xB0, 0x0F, 0x30, 0x07, 0xE0, 0x0F, 0xE0, 0x3F, 0xC0, 0x1F,
    0xFF, 0xFB, 0x80, 0x3F, 0xFF, 0xF7, 0x00, 0x7F, 0xFF, 0x8E, 0x00, 0xE0, 0x00, 0x1C, 0x03, 0x80,
    0x00, 0x3E, 0x0F, 0x00, 0x00, 0x3F, 0xFE, 0x00, 0x00, 0x3F, 0xF8, 0x00, 0x00, 0x3F, 0xC0, 0x00,
    0x00, 0x00, 0x00, 0x00, 0x00, 0x00, 0x00, 0x00, 0x00, 0xCC, 0x00, 0x00, 0x03, 0xB8, 0x00, 0x00,
    0x03, 0x30, 0x00, 0x00, 0x00, 0x00, 0x00, 0x00, 0x00, 0x00, 0x00, 0xC0, 0x00, 0x00, 0x03, 0x80,
    0x00, 0x00, 0x03, 0x00, 0x00, 0x00, 0x19, 0x80, 0x00, 0x00, 0x73, 0x80, 0x00, 0x00, 0x66, 0x00,
    0x00, 0x00, 0x00, 0x00, 0x00, 0x00, 0xF8, 0x00, 0x00, 0x07, 0xF8, 0x00, 0x00, 0x1F, 0xF8, 0x00,
    0x00, 0x7C, 0x78, 0x00, 0xE1, 0xE0, 0x70, 0x01, 0xC3, 0x80, 0xE0, 0x03, 0x8E, 0x01, 0xD8, 0x07,
    0x9C, 0x03, 0xF0, 0x07, 0xF0, 0x1F, 0xE0, 0x0F, 0xFF, 0xFD, 0xC0, 0x1F, 0xFF, 0xFB, 0x80, 0x3F,
    0xFF, 0xC7, 0x00, 0x70, 0x00, 0x0E, 0x01, 0xC0, 0x00, 0x1F, 0x07, 0x80, 0x00, 0x1F, 0xFF, 0x00,
    0x00, 0x1F, 0xFC, 0x00, 0x00, 0x1F, 0xE0, 0x00, 0x00, 0x00, 0x00, 0x00, 0x00, 0x00, 0x00, 0x01,
    0xC3, 0x00, 0x38, 0x70, 0x07, 0x0C, 0x00, 0xE6, 0x30, 0x1C, 0xEE, 0x03, 0x98, 0xC0, 0x70, 0x00,
    0x0E, 0x3F, 0x01, 0xCF, 0xF0, 0x3F, 0xFF, 0x07, 0xF0, 0xE0, 0xF8, 0x0E, 0x1E, 0x01, 0xC3, 0xC0,
    0x38, 0x70, 0x0F, 0x1C, 0x07, 0xCF, 0xFF, 0xFB, 0xFF, 0xFE, 0x7F, 0xFF, 0x00, 0x06, 0x00, 0x1C,
    0x00, 0x60, 0x06, 0x30, 0x1D, 0xC0, 0x63, 0x00, 0x00, 0x03, 0xF0, 0x3F, 0xC0, 0xFE, 0x07, 0x88,
    0x1C, 0x00, 0x70, 0x01, 0xC0, 0x03, 0x8E, 0x07, 0xFC, 0x1F, 0xF0, 0xFC, 0x07, 0x80, 0x3C, 0x00,
    0xE0, 0x03, 0x80, 0x0E, 0x00, 0x38, 0x00, 0xF0, 0x01, 0xF0, 0xE7, 0xFF, 0x8F, 0xFF, 0x0F, 0xF0,
    0x00, 0x00, 0x00, 0x00, 0x78, 0x00, 0x1F, 0xC0, 0x01, 0xFE, 0x00, 0x3C, 0xE0, 0x03, 0x87, 0x00,
    0x38, 0x74, 0x03, 0x87, 0xE0, 0x3C, 0x7E, 0x01, 0xFF, 0xE0, 0x0F, 0xFE, 0x00, 0x07, 0xF8, 0x03,
    0xEF, 0xFF, 0xFE, 0x7F, 0xFF, 0x81, 0xFF, 0xE0, 0x00, 0x00, 0x00, 0x00, 0x78, 0x00, 0x1F, 0xC0,
    0x01, 0xFE, 0x00, 0x3C, 0xE0, 0x03, 0x87, 0x00, 0x38, 0x74, 0x03, 0x87, 0xE0, 0x3C, 0x7E, 0x01,
    0xFF, 0xE0, 0x0F, 0xFE, 0x00, 0x07, 0xF8, 0x03, 0xEF, 0xFF, 0xFE, 0x7F, 0xFF, 0x81, 0xFF, 0xE0,
    0x00, 0x00, 0x00, 0x00, 0x00, 0x01, 0x80, 0x00, 0x38, 0x00, 0x01, 0x80, 0x00, 0x00, 0x03, 0x00,
    0x00, 0x70, 0x00, 0x03, 0x00, 0x00, 0x00, 0x00, 0x07, 0x80, 0x01, 0xFC, 0x00, 0x1F, 0xE0, 0x03,
    0xCE, 0x00, 0x38, 0x70, 0x03, 0x87, 0x40, 0x38, 0x7E, 0x03, 0xC7, 0xE0, 0x1F, 0xFE, 0x00, 0xFF,
    0xE0, 0x00, 0x7F, 0x80, 0x3E, 0xFF, 0xFF, 0xE7, 0xFF, 0xF8, 0x1F, 0xFE, 0x00, 0x00, 0x00, 0x00,
    0x00, 0x00, 0x30, 0x00, 0x03, 0x80, 0x00, 0x30, 0x00, 0x00, 0x03, 0x00, 0x00, 0x70, 0x00, 0x03,
    0x00, 0x00, 0x00, 0x00, 0x0C, 0xC0, 0x01, 0xCE, 0x00, 0x0C, 0xC0, 0x00, 0x00, 0x00, 0x07, 0x80,
    0x01, 0xFC, 0x00, 0x1F, 0xE0, 0x03, 0xCE, 0x00, 0x38, 0x70, 0x03, 0x87, 0x40, 0x38, 0x7E, 0x03,
    0xC7, 0xE0, 0x1F, 0xFE, 0x00, 0xFF, 0xE0, 0x00, 0x7F, 0x80, 0x3E, 0xFF, 0xFF, 0xE7, 0xFF, 0xF8,
    0x1F, 0xFE, 0x00, 0x00, 0x00, 0x00, 0x00, 0x78, 0x00, 0x1F, 0xC0, 0x01, 0xFE, 0x00, 0x3C, 0xE0,
    0x03, 0x87, 0x00, 0x38, 0x74, 0x03, 0x87, 0xE0, 0x3C, 0x7E, 0x01, 0xFF, 0xE0, 0x0F, 0xFE, 0x00,
    0x07, 0xF8, 0x03, 0xEF, 0xFF, 0xFE, 0x7F, 0xFF, 0x81, 0xFF, 0xE0, 0x00, 0x00, 0x00, 0x00, 0x00,
    0x06, 0x60, 0x00, 0xE7, 0x00, 0x06, 0x60, 0x00, 0x18, 0x00, 0x03, 0x80, 0x00, 0x18, 0x00, 0x00,
    0x00, 0x00, 0x00, 0x0C, 0xC0, 0x00, 0xFC, 0x00, 0x0C, 0xC0, 0x00, 0x00, 0x00, 0x0C, 0xC0, 0x00,
    0xFC, 0x00, 0x0C, 0xC0, 0x00, 0x00, 0x00, 0x07, 0x80, 0x01, 0xFC, 0x00, 0x1F, 0xE0, 0x03, 0xCE,
    0x00, 0x38, 0x70, 0x03, 0x87, 0x40, 0x38, 0x7E, 0x03, 0xC7, 0xE0, 0x1F, 0xFE, 0x00, 0xFF, 0xE0,
    0x00, 0x7F, 0x80, 0x3E, 0xFF, 0xFF, 0xE7, 0xFF, 0xF8, 0x1F, 0xFE, 0x00, 0x00, 0x18, 0x00, 0x1C,
    0x00, 0x06, 0x00, 0x00, 0x00, 0x00, 0x00, 0x01, 0xE0, 0x03, 0xF8, 0x01, 0xFE, 0x01, 0xE7, 0x80,
    0xE1, 0xD8, 0x70, 0xFC, 0x3C, 0x7E, 0x1F, 0xFF, 0x07, 0xFF, 0x81, 0xFF, 0xC0, 0x07, 0xE0, 0x07,
    0x7C, 0x0F, 0x9F, 0xFF, 0x87, 0xFF, 0x80, 0xFF, 0x80, 0x00, 0x00, 0x00, 0x18, 0x00, 0x1C, 0x00,
    0x06, 0x00, 0x00, 0x00, 0x06, 0x60, 0x07, 0x70, 0x01, 0x98, 0x00, 0x00, 0x00, 0x3C, 0x00, 0x7F,
    0x00, 0x3F, 0xC0, 0x3C, 0xF0, 0x1C, 0x3B, 0x0E, 0x1F, 0x87, 0x8F, 0xC3, 0xFF, 0xE0, 0xFF, 0xF0,
    0x3F, 0xF8, 0x00, 0xFC, 0x00, 0xEF, 0x81, 0xF3, 0xFF, 0xF0, 0xFF, 0xF0, 0x1F, 0xF0, 0x00, 0x00,
    0x00, 0x00, 0x00, 0x00, 0x00, 0x00, 0xC0, 0x00, 0x1E, 0x00, 0x03, 0xF0, 0x00, 0x3E, 0x00, 0x07,
    0xC0, 0x00, 0x7C, 0x00, 0x03, 0x80, 0x00, 0x3F, 0x00, 0x00, 0xFC, 0x00, 0x01, 0xF0, 0xC0, 0x03,
    0xCE, 0x00, 0x0E, 0x70, 0x00, 0x3B, 0x80, 0x01, 0xDC, 0x00, 0x1E, 0xF8, 0x07, 0xE7, 0xFF, 0xFE,
    0x1F, 0xFF, 0xE0, 0x3F, 0xFC, 0x00, 0x00, 0x00, 0x00, 0x00, 0x00, 0xE0, 0x00, 0x00, 0x0F, 0x80,
    0x00, 0x00, 0x7C, 0x00, 0x00, 0x03, 0xE0, 0x00, 0x00, 0x1E, 0x00, 0x00, 0x00, 0xE0, 0x00, 0x00,
    0x03, 0x00, 0x03, 0xC0, 0x0F, 0xFF, 0xFF, 0xF0, 0x7F, 0xFF, 0xFF, 0xE0, 0xFF, 0xFF, 0xFF, 0x80,
    0x00, 0x00, 0x0F, 0x00, 0x00, 0x00, 0x3C, 0x00, 0x00, 0x3F, 0xEF, 0xFF, 0xFF, 0xFF, 0x1F, 0xFF,
    0xFF, 0xF8, 0x7F, 0xFF, 0xFC, 0x00, 0x00, 0x00, 0x08, 0x00, 0x00, 0xC0, 0x00, 0x1E, 0x00, 0x03,
    0xF0, 0x00, 0x3F, 0x00, 0x07, 0xE8, 0x00, 0x7F, 0x40, 0x03, 0x9C, 0x00, 0x3F, 0x00, 0x00, 0x7C,
    0x00, 0x00, 0xF0, 0xC0, 0x03, 0xCE, 0x00, 0x06, 0x70, 0x00, 0x3B, 0x80, 0x01, 0xDC, 0x00, 0x1E,
    0xF8, 0x07, 0xE7, 0xFF, 0xFE, 0x1F, 0xFF, 0xE0, 0x3F, 0xFC, 0x00, 0x00, 0x00, 0x00, 0x00, 0x30,
    0x00, 0x1C, 0x00, 0x03, 0x00, 0x00, 0x00, 0x00, 0x10, 0x00, 0x1C, 0x00, 0x07, 0x00, 0x01, 0xC0,
    0x00, 0x70, 0x02, 0x1C, 0x01, 0x87, 0x01, 0xE1, 0xC0, 0x60, 0x70, 0x1E, 0x1C, 0x01, 0x87, 0x63,
    0xE1, 0xF8, 0xF0, 0x7E, 0x00, 0x1F, 0x80, 0x07, 0xE0, 0x01, 0xFE, 0x03, 0xFF, 0xFF, 0xFD, 0xFF,
    0xFE, 0x1F, 0xFC, 0x00, 0x00, 0x00, 0xC0, 0x00, 0x1C, 0x00, 0x00, 0xC0, 0x00, 0x33, 0x00, 0x07,
    0x70, 0x00, 0x33, 0x00, 0x00, 0x00, 0x00, 0x04, 0x00, 0x01, 0xC0, 0x00, 0x1C, 0x00, 0x01, 0xC0,
    0x00, 0x1C, 0x00, 0x01, 0xC0, 0x06, 0x1C, 0x01, 0xE1, 0xC0, 0x18, 0x1C, 0x01, 0xE1, 0xC0, 0x06,
    0x1C, 0x63, 0xE1, 0xCE, 0x3C, 0x1C, 0xE0, 0x01, 0xCE, 0x00, 0x1C, 0xE0, 0x01, 0xCF, 0x80, 0xFC,
    0xFF, 0xFF, 0xC7, 0xFF, 0xF8, 0x1F, 0xFC, 0x00, 0x00, 0x00, 0xC0, 0x00, 0x70, 0x00, 0x1C, 0x00,
    0x07, 0x00, 0x01, 0xC0, 0x08, 0x70, 0x06, 0x1C, 0x07, 0x07, 0x01, 0x81, 0xC0, 0x78, 0x70, 0x06,
    0x1D, 0x8F, 0x87, 0xE3, 0xC1, 0xF8, 0x00, 0x7E, 0x00, 0x1F, 0x80, 0x07, 0xF8, 0x0F, 0xFF, 0xFF,
    0xF7, 0xFF, 0xF8, 0x7F, 0xF0, 0x00, 0x00, 0x00, 0x00, 0x00, 0x37, 0x00, 0x1D, 0xC0, 0x03, 0x60,
    0x00, 0x30, 0x00, 0x1C, 0x00, 0x03, 0x00, 0x00, 0x00, 0x00, 0x00, 0x00, 0x08, 0x00, 0x00, 0xC0,
    0x00, 0x1E, 0x00, 0x03, 0xC0, 0x00, 0x39, 0x80, 0x07, 0xBC, 0x00, 0x77, 0xE0, 0x02, 0x7C, 0x00,
    0x0F, 0x80, 0x00, 0xF8, 0x00, 0x07, 0x00, 0x00, 0x7E, 0x00, 0x01, 0xF8, 0x00, 0x03, 0xE1, 0x80,
    0x07, 0x9C, 0x00, 0x1C, 0xE0, 0x00, 0x77, 0x00, 0x03, 0xB8, 0x00, 0x3D, 0xF0, 0x0F, 0xCF, 0xFF,
    0xFC, 0x3F, 0xFF, 0xC0, 0x7F, 0xF8, 0x00, 0x00, 0x00, 0x08, 0x00, 0x00, 0xC0, 0x00, 0x1E, 0x00,
    0x03, 0xD0, 0x00, 0x79, 0x80, 0x07, 0x3C, 0x00, 0x77, 0xE0, 0x02, 0x7E, 0x00, 0x0F, 0xB0, 0x00,
    0xFC, 0x80, 0x0F, 0x38, 0x00, 0x7C, 0x00, 0x01, 0xF8, 0x00, 0x03, 0xE1, 0x80, 0x07, 0x9C, 0x00,
    0x1C, 0xE0, 0x00, 0x77, 0x00, 0x03, 0xB8, 0x00, 0x3D, 0xF0, 0x0F, 0xCF, 0xFF, 0xFC, 0x3F, 0xFF,
    0xC0, 0x7F, 0xF8, 0x00, 0x00, 0x00, 0x00, 0x03, 0x30, 0x00, 0x3B, 0x86, 0x00, 0xCC, 0xF0, 0x00,
    0x0F, 0x00, 0x01, 0xEC, 0x00, 0x3D, 0xE0, 0x03, 0x9F, 0x00, 0x1B, 0xF0, 0x00, 0x7E, 0x00, 0x07,
    0xC0, 0x00, 0x38, 0x00, 0x03, 0xF0, 0x00, 0x0F, 0xC0, 0x00, 0x1F, 0x0C, 0x00, 0x3C, 0xE0, 0x00,
    0xE7, 0x00, 0x03, 0xB8, 0x00, 0x1D, 0xC0, 0x01, 0xEF, 0x80, 0x7E, 0x7F, 0xFF, 0xE1, 0xFF, 0xFE,
    0x03, 0xFF, 0xC0, 0x00, 0x00, 0x08, 0x00, 0x00, 0xC0, 0x00, 0x1E, 0x00, 0x03, 0xC0, 0x00, 0x39,
    0x80, 0x07, 0xBC, 0x00, 0x33, 0xE0, 0x02, 0x7C, 0x00, 0x0F, 0x80, 0x00, 0xF8, 0x00, 0x07, 0x00,
    0x00, 0x3E, 0x00, 0x00, 0xF8, 0x00, 0x01, 0xE1, 0x80, 0x07, 0x9C, 0x00, 0x1C, 0xE0, 0x00, 0x77,
    0x00, 0x03, 0xB8, 0x00, 0x3D, 0xF0, 0x0F, 0xCF, 0xFF, 0xFC, 0x3F, 0xFF, 0xC0, 0x7F, 0xF8, 0x00,
    0x00, 0x00, 0x00, 0x00, 0x00, 0x19, 0x80, 0x00, 0xEE, 0x00, 0x06, 0x60, 0x00, 0x00, 0x00, 0x08,
    0x00, 0x00, 0xC0, 0x00, 0x1E, 0x00, 0x03, 0xC0, 0x00, 0x39, 0x80, 0x07, 0xBC, 0x00, 0x77, 0xE0,
    0x02, 0x7C, 0x00, 0x0F, 0x80, 0x00, 0xF8, 0x00, 0x07, 0x00, 0x00, 0x7E, 0x00, 0x01, 0xF8, 0x00,
    0x03, 0xE1, 0x80, 0x07, 0x9C, 0x00, 0x1C, 0xE0, 0x00, 0x77, 0x00, 0x03, 0xB8, 0x00, 0x3D, 0xF0,
    0x0F, 0xCF, 0xFF, 0xFC, 0x3F, 0xFF, 0xC0, 0x7F, 0xF8, 0x00, 0x00, 0x00, 0x00, 0x00, 0x00, 0x06,
    0x00, 0x00, 0x38, 0x00, 0x01, 0x80, 0x00, 0x0C, 0x00, 0x00, 0x70, 0x00, 0x03, 0x00, 0x00, 0x00,
    0x00, 0x00, 0x18, 0x00, 0x01, 0xC0, 0x00, 0x06, 0x00, 0x01, 0x8C, 0x10, 0x0E, 0xE3, 0x80, 0x63,
    0x3C, 0x00, 0x07, 0x80, 0x00, 0xF3, 0x00, 0x0E, 0x78, 0x00, 0xEF, 0xC0, 0x04, 0xF8, 0x00, 0x1F,
    0x00, 0x01, 0xF0, 0x00, 0x0E, 0x00, 0x00, 0xFC, 0x00, 0x01, 0xF0, 0x00, 0x07, 0xC3, 0x00, 0x0F,
    0x38, 0x00, 0x39, 0xC0, 0x00, 0xEE, 0x00, 0x07, 0x70, 0x00, 0x7B, 0xE0, 0x1F, 0x9F, 0xFF, 0xF8,
    0x7F, 0xFF, 0x80, 0xFF, 0xF0, 0x00, 0x00, 0x12, 0x00, 0x0D, 0x80, 0x07, 0x80, 0x01, 0xC0, 0x00,
    0x40, 0x00, 0x20, 0x00, 0x38, 0x00, 0x1C, 0x00, 0x0E, 0x00, 0x07, 0x00, 0x03, 0x80, 0x01, 0xC0,
    0x00, 0xE0, 0x00, 0x70, 0x00, 0x38, 0x00, 0x1C, 0x00, 0x0E, 0x00, 0x07, 0x00, 0x03, 0x8C, 0x01,
    0xCE, 0x00, 0xE7, 0x00, 0x73, 0x80, 0x39, 0xC0, 0x1C, 0xE0, 0x0C, 0x70, 0x0E, 0x3E, 0x1F, 0x0F,
    0xFF, 0x03, 0xFF, 0x00, 0xFF, 0x00, 0x00, 0x00, 0x00, 0x18, 0x00, 0x38, 0x00, 0x60, 0x00, 0x00,
    0x00, 0x00, 0x03, 0x80, 0x07, 0x00, 0x0E, 0x00, 0x1C, 0x00, 0x38, 0x00, 0x70, 0x00, 0xE0, 0x01,
    0xC0, 0x03, 0x80, 0x07, 0x00, 0x0E, 0x00, 0x1C, 0x00, 0x3B, 0x00, 0x7E, 0x00, 0xFC, 0x01, 0xF8,
    0x03, 0xF0, 0x07, 0xE0, 0x0D, 0xC0, 0x3B, 0xE1, 0xF3, 0xFF, 0xC3, 0xFF, 0x03, 0xFC, 0x00, 0x00,
    0x00, 0x00, 0x06, 0x00, 0x03, 0x80, 0x01, 0x80, 0x00, 0x00, 0x01, 0x8C, 0x00, 0xEE, 0x00, 0x63,
    0x00, 0x00, 0x00, 0x00, 0x00, 0x03, 0x80, 0x01, 0xC0, 0x00, 0xE0, 0x00, 0x70, 0x00, 0x38, 0x00,
    0x1C, 0x00, 0x0E, 0x00, 0x07, 0x00, 0x03, 0x80, 0x01, 0xC0, 0x00, 0xE0, 0x00, 0x70, 0x00, 0x38,
    0xC0, 0x1C, 0xE0, 0x0E, 0x70, 0x07, 0x38, 0x03, 0x9C, 0x01, 0xCE, 0x00, 0xC7, 0x00, 0xE3, 0xE1,
    0xF0, 0xFF, 0xF0, 0x3F, 0xF0, 0x0F, 0xF0, 0x00, 0x00, 0x0E, 0x00, 0x1C, 0x00, 0x38, 0x00, 0x70,
    0x00, 0xE0, 0x01, 0xC0, 0x03, 0x80, 0x07, 0x00, 0x0E, 0x00, 0x1C, 0x00, 0x38, 0x00, 0x70, 0x00,
    0xE0, 0x01, 0xD8, 0x03, 0xF0, 0x07, 0xE0, 0x0F, 0xC0, 0x1F, 0x80, 0x3F, 0x00, 0x6E, 0x01, 0xDF,
    0x0F, 0x9F, 0xFE, 0x1F, 0xF8, 0x1F, 0xC0, 0x00, 0x00, 0x00, 0x00, 0x66, 0x01, 0xDC, 0x01, 0x98,
    0x00, 0xC0, 0x03, 0x80, 0x03, 0x00, 0x03, 0x00, 0x0E, 0x00, 0x0C, 0x00, 0x00, 0x60, 0x01, 0xC0,
    0x03, 0x80, 0x07, 0xB0, 0x07, 0xE0, 0x0F, 0xC0, 0x1F, 0x80, 0x3F, 0x00, 0x7E, 0x00, 0xFC, 0x03,
    0xFE, 0x0F, 0x3F, 0xFE, 0x3F, 0xF8, 0x3F, 0xC0, 0x00, 0x00, 0x00, 0x00, 0x30, 0x00, 0xE0, 0x00,
    0xC0, 0x00, 0x00, 0x0C, 0x00, 0x38, 0x00, 0x70, 0x00, 0xF6, 0x00, 0xFC, 0x01, 0xF8, 0x03, 0xF0,
    0x07, 0xE0, 0x0F, 0xC0, 0x1F, 0x80, 0x7F, 0xC1, 0xE7, 0xFF, 0xC7, 0xFF, 0x07, 0xF8, 0x00, 0x04,
    0x00, 0x0B, 0x00, 0x1F, 0x00, 0x32, 0x00, 0x4C, 0x01, 0xF0, 0x00, 0x00, 0x00, 0x0E, 0x00, 0x1C,
    0x00, 0x3D, 0x80, 0x3F, 0x00, 0x7E, 0x00, 0xFC, 0x01, 0xF8, 0x03, 0xF0, 0x07, 0xE0, 0x1F, 0xF0,
    0x79, 0xFF, 0xF1, 0xFF, 0xC1, 0xFE, 0x00, 0x06, 0x00, 0x0E, 0x00, 0x18, 0x00, 0x00, 0x60, 0x01,
    0xC0, 0x03, 0x80, 0x07, 0xB0, 0x07, 0xE0, 0x0F, 0xC0, 0x1F, 0x80, 0x3F, 0x00, 0x7E, 0x00, 0xFC,
    0x03, 0xFE, 0x0F, 0x3F, 0xFE, 0x3F, 0xF8, 0x3F, 0xC0, 0x12, 0x00, 0x2C, 0x00, 0x70, 0x00, 0x00,
    0x00, 0x00, 0x00, 0x06, 0x00, 0x1C, 0x00, 0x18, 0x00, 0xCC, 0x03, 0x9C, 0x03, 0x30, 0x00, 0x02,
    0x00, 0x1C, 0x00, 0x38, 0x00, 0x7B, 0x00, 0x7E, 0x00, 0xFC, 0x01, 0xF8, 0x03, 0xF0, 0x07, 0xE0,
    0x0F, 0xC0, 0x3F, 0xE0, 0xF3, 0xFF, 0xE3, 0xFF, 0x83, 0xFC, 0x00, 0x00, 0x00, 0x03, 0x00, 0x03,
    0xE0, 0x01, 0xFC, 0x00, 0xFF, 0x00, 0x7F, 0xE0, 0x73, 0xF8, 0x30, 0xFE, 0x18, 0x6F, 0x0C, 0x33,
    0xC7, 0x38, 0xE1, 0xF8, 0xFF, 0xFF, 0xF3, 0xFF, 0xF1, 0xF3, 0xF0, 0x06, 0x00, 0x07, 0x00, 0x01,
    0x80, 0x00, 0x00, 0x00, 0x00, 0x01, 0xFC, 0x01, 0xFF, 0x00, 0x7F, 0xE0, 0x30, 0xF8, 0x00, 0x1F,
    0x00, 0x7F, 0x80, 0xFF, 0xC0, 0xF8, 0x00, 0xE0, 0x00, 0xE0, 0x00, 0x76, 0x60, 0x73, 0xB8, 0x39,
    0x98, 0x1C, 0x30, 0x0E, 0x1C, 0x07, 0x0C, 0x03, 0xC0, 0x00, 0xF8, 0x1C, 0x3F, 0xFE, 0x0F, 0xFF,
    0x01, 0xFE, 0x00, 0x0F, 0x03, 0xE0, 0x60, 0x06, 0x81, 0xF0, 0x30, 0x00, 0x00, 0x30, 0x0F, 0x07,
    0xF1, 0xFF, 0x38, 0xEE, 0x0F, 0xC1, 0xF8, 0x3F, 0x07, 0xE0, 0xFE, 0x3D, 0xFF, 0x3F, 0xC1, 0xF0,
    0x00, 0x00, 0xC0, 0x7C, 0x1F, 0xC7, 0xBC, 0xE3, 0xB8, 0x3F, 0x07, 0xE0, 0xFC, 0x1F, 0x83, 0xF8,
    0xF7, 0xFC, 0xFF, 0x07, 0xC0, 0x0F, 0x03, 0xE0, 0x60, 0x06, 0x81, 0xF0, 0x30, 0x00, 0x00, 0x30,
    0x0F, 0x07, 0xF1, 0xFF, 0x38, 0xEE, 0x0F, 0xC1, 0xF8, 0x3F, 0x07, 0xE0, 0xFE, 0x3D, 0xFF, 0x3F,
    0xC1, 0xF0, 0x33, 0x07, 0x70, 0xCC, 0x00, 0x00, 0x00, 0x08, 0x03, 0xC0, 0xFC, 0x3F, 0xCE, 0x3B,
    0x83, 0xF0, 0x7E, 0x0F, 0xC1, 0xF8, 0x3F, 0x8F, 0x7F, 0xCF, 0xF0, 0x7C, 0x00, 0x0F, 0x03, 0xF0,
    0xFF, 0x3C, 0xE7, 0x0E, 0xE1, 0xDC, 0x3B, 0xC7, 0x7F, 0xE7, 0xFC, 0x7F, 0xB8, 0xE5, 0xBC, 0xFF,
    0x1F, 0xC3, 0xF0, 0x70, 0x00, 0x00, 0x00, 0x01, 0xE0, 0xFE, 0x1F, 0xE7, 0x9E, 0xE1, 0xDC, 0x3B,
    0xC7, 0x7F, 0xE7, 0xFC, 0x7F, 0x80, 0xFF, 0xFC, 0x3F, 0x1F, 0xE7, 0xF0, 0x78, 0x00, 0x00, 0x00,
    0x01, 0x20, 0x3C, 0x07, 0x80, 0x60, 0x00, 0x03, 0xC1, 0xFC, 0x3F, 0xCF, 0x3D, 0xC3, 0xB8, 0x77,
    0x8E, 0xFF, 0xCF, 0xF8, 0xFF, 0x00, 0xE0, 0x38, 0x1F, 0x1F, 0xCF, 0xF0, 0xF8, 0x18, 0x00, 0x06,
    0x01, 0xE0, 0x34, 0x03, 0x80, 0x60, 0x18, 0x00, 0x00, 0x78, 0x3F, 0x87, 0xF9, 0xE7, 0xB8, 0x77,
    0x0E, 0xF1, 0xDF, 0xF9, 0xFF, 0x1F, 0xE0, 0x1C, 0x07, 0x03, 0xE3, 0xF9, 0xFE, 0x1F, 0x03, 0x00,
    0x00, 0x00, 0xC0, 0x18, 0x03, 0x00, 0x60, 0x0C, 0x00, 0x00, 0x78, 0x3F, 0x87, 0xF9, 0xE7, 0xB8,
    0x77, 0x0E, 0xF1, 0xDF, 0xF9, 0xFF, 0x1F, 0xE0, 0x1C, 0x07, 0x03, 0xE3, 0xF9, 0xFE, 0x1F, 0x03,
    0x00, 0x06, 0x01, 0xE0, 0x3C, 0x0C, 0x80, 0x00, 0x00, 0x03, 0xC1, 0xFC, 0x3F, 0xCE, 0x39, 0xC3,
    0xB8, 0x77, 0x8E, 0xFF, 0xCF, 0xF8, 0xFF, 0x00, 0xE0, 0x38, 0x1F, 0x1F, 0xCF, 0xF0, 0xF8, 0x18,
    0x00, 0x00, 0x03, 0x30, 0xEE, 0x0C, 0xC0, 0x00, 0x00, 0x03, 0xC1, 0xFC, 0x3F, 0xCF, 0x3D, 0xC3,
    0xB8, 0x77, 0x8E, 0xFF, 0xCF, 0xF8, 0xFF, 0x00, 0xE0, 0x38, 0x1F, 0x1F, 0xCF, 0xF0, 0xF8, 0x18,
    0x00, 0x06, 0x01, 0xC0, 0x18, 0x0C, 0xC3, 0xB8, 0x33, 0x00, 0x00, 0x00, 0x0F, 0x07, 0xF0, 0xFF,
    0x3C, 0xF7, 0x0E, 0xE1, 0xDE, 0x3B, 0xFF, 0x3F, 0xE3, 0xFC, 0x03, 0x80, 0xE0, 0x7C, 0x7F, 0x3F,
    0xC3, 0xE0, 0x60, 0x00, 0x00, 0x0F, 0x00, 0x0F, 0xF0, 0x07, 0xF8, 0x03, 0xC6, 0x00, 0xE0, 0x00,
    0x38, 0x06, 0x0F, 0x03, 0x83, 0xF8, 0xE0, 0x7F, 0xB8, 0x07, 0xEE, 0x00, 0x3F, 0x80, 0x07, 0xE0,
    0x03, 0xBE, 0x03, 0xE7, 0xFF, 0xF0, 0xFF, 0xF8, 0x0F, 0xF8, 0x00, 0x00, 0x00, 0x00, 0x01, 0xE0,
    0x00, 0x3F, 0xC0, 0x03, 0xFC, 0x00, 0x3C, 0x60, 0x01, 0xC0, 0x00, 0x0E, 0x00, 0x70, 0x78, 0x0F,
    0x83, 0xF8, 0x7C, 0x0F, 0xF0, 0xE0, 0x1F, 0x87, 0x00, 0x1E, 0x38, 0x00, 0x71, 0xC0, 0x07, 0x0F,
    0x80, 0xF8, 0x3F, 0xFF, 0x80, 0xFF, 0xF8, 0x01, 0xFF, 0x00, 0x00, 0x00, 0x00, 0xC8, 0x0F, 0x36,
    0x0F, 0xF7, 0x87, 0xF9, 0xC3, 0xC6, 0x00, 0xE0, 0x00, 0x38, 0x06, 0x0F, 0x03, 0x83, 0xF8, 0xE0,
    0x7F, 0xB8, 0x07, 0xEE, 0x00, 0x3F, 0x80, 0x07, 0xE0, 0x03, 0xBE, 0x03, 0xE7, 0xFF, 0xF0, 0xFF,
    0xF8, 0x0F, 0xF8, 0x00, 0x00, 0x00, 0x06, 0x01, 0xC0, 0x18, 0x00, 0x00, 0x00, 0x1E, 0x0F, 0xE1,
    0xFE, 0x79, 0xEE, 0x1D, 0xC3, 0xBC, 0x77, 0xFE, 0x7F, 0xC7, 0xF8, 0x07, 0x01, 0xC0, 0xF8, 0xFE,
    0x7F, 0x87, 0xC0, 0xC0, 0x00, 0x00, 0x0F, 0x00, 0x0F, 0xF0, 0x07, 0xF8, 0x03, 0xC6, 0x00, 0xE0,
    0x00, 0x38, 0x06, 0x0F, 0x03, 0x83, 0xF8, 0xE0, 0x7F, 0xB8, 0x07, 0xEE, 0x00, 0x3F, 0x80, 0x07,
    0xE0, 0x03, 0xBE, 0x03, 0xE7, 0xFF, 0xF0, 0xFF, 0xF8, 0x0F, 0xF8, 0x00, 0x00, 0x00, 0x18, 0x00,
    0x0E, 0x00, 0x01, 0x80, 0x00, 0x00, 0x00, 0x18, 0x00, 0x0E, 0x00, 0x01, 0x80, 0x00, 0x00, 0x00,
    0x00, 0x0F, 0x00, 0x0F, 0xF0, 0x07, 0xF8, 0x03, 0xC6, 0x00, 0xE0, 0x00, 0x38, 0x06, 0x0F, 0x03,
    0x83, 0xF8, 0xE0, 0x7F, 0xB8, 0x07, 0xEE, 0x00, 0x3F, 0x80, 0x07, 0xE0, 0x03, 0xBE, 0x03, 0xE7,
    0xFF, 0xF0, 0xFF, 0xF8, 0x0F, 0xF8, 0x00, 0x00, 0x00, 0x00, 0x00, 0x19, 0x80, 0x0E, 0xE0, 0x01,
    0x98, 0x00, 0x18, 0x00, 0x0E, 0x00, 0x01, 0x80, 0x00, 0x00, 0x00, 0x00, 0x00, 0x01, 0x80, 0x00,
    0x00, 0x3C, 0x00, 0x00, 0x07, 0x80, 0x00, 0x00, 0xF0, 0x00, 0x00, 0x7F, 0x00, 0x00, 0x1F, 0xC0,
    0x00, 0x07, 0xF0, 0x00, 0x00, 0xF8, 0x00, 0x00, 0x0E, 0x00, 0x00, 0x00, 0xE0, 0x00, 0x00, 0x0F,
    0xFF, 0xFF, 0xFE, 0x7F, 0xFF, 0xFF, 0xE3, 0xFF, 0xFF, 0xFE, 0x03, 0xC0, 0x00, 0x00, 0x78, 0x00,
    0x00, 0x06, 0x00, 0x00, 0x00, 0x7C, 0x00, 0x00, 0x0F, 0xC0, 0x00, 0x00, 0x40, 0x00, 0x00, 0x00,
    0x10, 0x00, 0x00, 0x03, 0xC0, 0x00, 0x00, 0x38, 0x00, 0x00, 0x0F, 0x80, 0x00, 0x03, 0xF0, 0x00,
    0x01, 0xFE, 0x00, 0x00, 0x3F, 0x80, 0x00, 0x07, 0xC0, 0x00, 0x00, 0xE0, 0x00, 0x00, 0x0E, 0x00,
    0x00, 0x00, 0xFF, 0xFF, 0xFF, 0xE7, 0xFF, 0xFF, 0xFE, 0x3F, 0xFF, 0xFF, 0xE0, 0x01, 0xFD, 0xFB,
    0xF0, 0x00, 0x00, 0xC0, 0x7C, 0x1F, 0xC7, 0xBC, 0xE3, 0xB8, 0x3F, 0x07, 0xE0, 0xFC, 0x1F, 0x83,
    0xF8, 0xF7, 0xFC, 0xFF, 0x07, 0xC0, 0x18, 0x07, 0x80, 0xF0, 0x32, 0x00, 0x00, 0x00, 0x03, 0x80,
    0xF8, 0x0F, 0x00, 0xF0, 0x0F, 0x00, 0xE0, 0x1C, 0x01, 0xC0, 0x3A, 0x1F, 0x7F, 0xDF, 0xF3, 0xFC,
    0x00, 0x00, 0xC7, 0x9E, 0x30, 0x00, 0x73, 0x9C, 0xE3, 0x9C, 0xE7, 0x39, 0xCE, 0x73, 0x9C, 0xE7,
    0x70, 0x6E, 0x1D, 0xC3, 0xB8, 0x73, 0x9E, 0x7F, 0x8F, 0xF1, 0xF8, 0x38, 0x07, 0x00, 0xE0, 0x1C,
    0x03, 0x80, 0x70, 0x0E, 0x01, 0xC0, 0x71, 0x8D, 0xCE, 0x77, 0x39, 0xDC, 0xE7, 0x3B, 0x9C, 0xFF,
    0xE3, 0xFF, 0x8F, 0x9C, 0x38, 0x00, 0xE0, 0x03, 0x80, 0x0E, 0x00, 0x38, 0x00, 0xE0, 0x03, 0x80,
    0x0E, 0x00, 0x21, 0xF3, 0x9F, 0x9D, 0xFC, 0xEF, 0x03, 0xB0, 0x1D, 0xC8, 0xFF, 0xE7, 0xFE, 0x38,
    0x01, 0xC0, 0x0E, 0x00, 0x70, 0x03, 0x80, 0x1C, 0x00, 0xE0, 0x07, 0x00, 0x04, 0x00, 0xE0, 0x1F,
    0x01, 0xF8, 0x3B, 0xC7, 0x1C, 0x70, 0xEE, 0x0E, 0xE0, 0xEE, 0x07, 0xE0, 0x7E, 0xE7, 0xEE, 0x7E,
    0xE7, 0xFF, 0xE7, 0xFE, 0x39, 0xC0, 0x00, 0x03, 0xF0, 0xFF, 0x3F, 0xC7, 0x18, 0xE0, 0x1C, 0x03,
    0xCC, 0x3F, 0xC3, 0xF0, 0x1E, 0x07, 0x81, 0xE0, 0x38, 0x0E, 0x03, 0xC0, 0xF0, 0x04, 0x00, 0x00,
    0x03, 0x80, 0xEF, 0x03, 0x9C, 0x1E, 0x70, 0x71, 0xE1, 0xC3, 0x87, 0x0E, 0x38, 0x38, 0xE0, 0x73,
    0x81, 0xDC, 0x07, 0x70, 0x0F, 0xC0, 0x3E, 0x00, 0xF8, 0x01, 0xE0, 0x07, 0x00, 0x07, 0x80, 0x1E,
    0x00, 0xF8, 0x03, 0xE0, 0x0F, 0xC0, 0x77, 0x01, 0xCC, 0x07, 0x38, 0x38, 0xE0, 0xE3, 0x83, 0x87,
    0x1E, 0x1C, 0x70, 0x71, 0xC1, 0xEF, 0x03, 0xB8, 0x0E, 0x00, 0x00, 0x3E, 0x07, 0xF0, 0xFF, 0x8F,
    0x3C, 0xE1, 0xCE, 0x1C, 0xF1, 0xC7, 0xFC, 0x7F, 0xC1, 0xFC, 0x01, 0xC0, 0x1C, 0x01, 0xC0, 0x0E,
    0x00, 0xE0, 0x0E, 0x00, 0xE0, 0x00, 0x00, 0x00, 0x00, 0x00, 0x00, 0x00, 0x60, 0x00, 0x00, 0x07,
    0x00, 0x00, 0x00, 0x18, 0x00, 0x00, 0x00, 0x00, 0x00, 0x00, 0x31, 0x80, 0x00, 0x01, 0xDC, 0x00,
    0x00, 0x0C, 0x60, 0x00, 0x00, 0x00, 0x70, 0x00, 0x00, 0x03, 0x80, 0x03, 0x07, 0x1C, 0x00, 0x38,
    0x38, 0x70, 0x01, 0xC1, 0xC3, 0xB0, 0x0F, 0x0E, 0x1D, 0x80, 0x3C, 0xF9, 0xFC, 0x01, 0xFF, 0xFE,
    0xE0, 0x0F, 0xFF, 0xF7, 0x00, 0x7F, 0x9F, 0x38, 0x03, 0x80, 0x01, 0xC0, 0x38, 0x00, 0x0F, 0x83,
    0xC0, 0xC0, 0x3F, 0xFE, 0x0E, 0x00, 0xFF, 0xE0, 0x30, 0x03, 0xFC, 0x00, 0x00, 0x00, 0x00, 0x00,
    0x00, 0x00, 0x00, 0x00, 0x00, 0x00, 0x00, 0x01, 0x80, 0x00, 0x00, 0x07, 0x00, 0x00, 0x00, 0x06,
    0x00, 0x00, 0x00, 0x00, 0x00, 0x00, 0x00, 0x3E, 0x00, 0x00, 0x01, 0xFE, 0x00, 0x00, 0x07, 0xFE,
    0x00, 0x00, 0x1F, 0x1E, 0x00, 0x38, 0x78, 0x1C, 0x00, 0x70, 0xE0, 0x38, 0x00, 0xF3, 0xC0, 0x76,
    0x01, 0xE7, 0x00, 0xFC, 0x01, 0xFC, 0x07, 0xF8, 0x03, 0xFF, 0xFF, 0x70, 0x07, 0xFF, 0xFE, 0xE0,
    0x0F, 0xFF, 0xF1, 0xC0, 0x1C, 0x00, 0x03, 0x80, 0x70, 0x00, 0x07, 0xC1, 0xE0, 0x30, 0x07, 0xFF,
    0xC0, 0xE0, 0x07, 0xFF, 0x00, 0xC0, 0x07, 0xF8, 0x00, 0x00, 0x00, 0x00, 0x00, 0x00, 0x00, 0x00,
    0x18, 0x00, 0x70, 0x01, 0x80, 0x00, 0x00, 0x3E, 0x03, 0xF8, 0x0F, 0xE0, 0x78, 0x01, 0xC0, 0x07,
    0x00, 0x1C, 0x00, 0x3D, 0xE0, 0x7F, 0x81, 0xFE, 0x0F, 0x80, 0x78, 0x03, 0xC0, 0x0E, 0x30, 0x38,
    0xE0, 0xE3, 0x03, 0x80, 0x0F, 0x00, 0x1E, 0x0E, 0x7F, 0xF8, 0xFF, 0xE0, 0xFE, 0x00, 0x00, 0x03,
    0xF0, 0xFF, 0x3F, 0xC7, 0x00, 0xE0, 0x1C, 0x01, 0xC2, 0xFF, 0xDF, 0xFB, 0xFF, 0x00, 0x07, 0x70,
    0xEE, 0x1D, 0xC3, 0xB8, 0x77, 0x00, 0x00, 0x00, 0xF0, 0x03, 0xF0, 0x0F, 0xF0, 0x3C, 0xE0, 0x70,
    0xE1, 0xE1, 0xCF, 0x83, 0xBF, 0x07, 0xFF, 0x9D, 0xCF, 0xFB, 0x8F, 0xF7, 0x07, 0xCE, 0x00, 0x1C,
    0xCC, 0x39, 0xF8, 0x73, 0xF0, 0xE7, 0xE1, 0xCF, 0xC3, 0xD9, 0x03, 0x80, 0x00, 0x00, 0x00, 0x00,
    0x20, 0x00, 0x38, 0x00, 0x1E, 0x00, 0x1B, 0x00, 0x00, 0x80, 0x30, 0x00, 0x3E, 0x00, 0x1F, 0xC0,
    0x0F, 0xF0, 0x07, 0xFE, 0x07, 0x3F, 0x83, 0x0F, 0xE1, 0x86, 0xF0, 0xC3, 0x3C, 0x73, 0x8E, 0x1F,
    0x8F, 0xFF, 0xFF, 0x3F, 0xFF, 0x1F, 0x3F, 0x00, 0x00, 0x00, 0x36, 0x00, 0x00, 0x03, 0xB8, 0x00,
    0x00, 0x0D, 0x80, 0x00, 0x00, 0x6C, 0x00, 0x00, 0x07, 0x70, 0x00, 0x00, 0x1B, 0x00, 0x00, 0x00,
    0x01, 0xC0, 0x00, 0x01, 0x8E, 0x00, 0x1C, 0x1C, 0x30, 0x00, 0xE0, 0xE1, 0xC0, 0x07, 0x07, 0x0E,
    0xC0, 0x3C, 0x38, 0x76, 0x00, 0xF3, 0xE7, 0xF0, 0x07, 0xFF, 0xFB, 0x80, 0x3F, 0xFF, 0xDC, 0x01,
    0xFE, 0x7C, 0xE0, 0x0E, 0x00, 0x07, 0x00, 0xE0, 0x00, 0x3E, 0x0F, 0x00, 0x00, 0xFF, 0xF8, 0x00,
    0x03, 0xFF, 0x80, 0x00, 0x0F, 0xF0, 0x00, 0x00, 0x00, 0x00, 0x00, 0x00, 0x3F, 0x87, 0xFC, 0x7F,
    0xE0, 0x1E, 0x01, 0xE0, 0xFE, 0x3F, 0xE7, 0xFE, 0xF1, 0xEF, 0x1E, 0xF1, 0xEF, 0xFF, 0x7F, 0x73,
    0xE3, 0x00, 0x00, 0x00, 0x06, 0x00, 0xF0, 0x0F, 0x00, 0x60, 0x03, 0xC0, 0x03, 0xE0, 0x00, 0x60,
    0x00, 0xE0, 0x01, 0xC0, 0x01, 0x80, 0x00, 0x00, 0x00, 0x00, 0x03, 0xC0, 0x07, 0xE0, 0x07, 0xE0,
    0x07, 0xE0, 0x07, 0xE0, 0x0E, 0x70, 0x0E, 0x70, 0x0E, 0x70, 0x1E, 0x78, 0x1C, 0x38, 0x1C, 0x38,
    0x3F, 0xFC, 0x3F, 0xFC, 0x3F, 0xFC, 0x38, 0x1C, 0x78, 0x1E, 0x78, 0x1E, 0x70, 0x0E, 0x0F, 0x00,
    0xF8, 0x01, 0x80, 0x38, 0x07, 0x00, 0x60, 0x00, 0x00, 0x00, 0x3F, 0x87, 0xFC, 0x7F, 0xE0, 0x1E,
    0x01, 0xE1, 0xFE, 0x7F, 0xEF, 0xFE, 0xF1, 0xEF, 0x1E, 0xF1, 0xEF, 0xFF, 0x7F, 0xF3, 0xE7, 0x00,
    0x00, 0x00, 0x40, 0x03, 0x80, 0x1C, 0x00, 0xE0, 0x39, 0x01, 0xF0, 0x0F, 0xF0, 0x79, 0xC0, 0x82,
    0x00, 0x00, 0x0F, 0xE0, 0x7F, 0xC1, 0xFF, 0x80, 0x1E, 0x00, 0x78, 0x1F, 0xE1, 0xFF, 0x8F, 0xFE,
    0x3C, 0x78, 0xF1, 0xE3, 0xC7, 0x8F, 0xFF, 0x1F, 0xFC, 0x3E, 0x70, 0x00, 0x00, 0x20, 0x00, 0x70,
    0x00, 0x38, 0x00, 0x1C, 0x00, 0x09, 0xC0, 0x07, 0xE0, 0x0F, 0xF0, 0x0E, 0x30, 0x00, 0x00, 0x03,
    0xE0, 0x03, 0xE0, 0x07, 0xE0, 0x07, 0xE0, 0x07, 0x70, 0x0F, 0x70, 0x0E, 0x70, 0x0E, 0x78, 0x0E,
    0x38, 0x1E, 0x38, 0x1C, 0x3C, 0x1F, 0xFC, 0x3F, 0xFC, 0x3F, 0xFC, 0x38, 0x1E, 0x78, 0x1E, 0x78,
    0x0E, 0x78, 0x0F, 0x00, 0x01, 0x80, 0x0F, 0x00, 0x1C, 0x00, 0x38, 0x00, 0x6E, 0x00, 0x7C, 0x03,
    0xFC, 0x1E, 0x70, 0x20, 0x80, 0x00, 0x03, 0xF8, 0x1F, 0xF0, 0x7F, 0xE0, 0x07, 0x80, 0x1E, 0x07,
    0xF8, 0x7F, 0xE3, 0xFF, 0x8F, 0x1E, 0x3C, 0x78, 0xF1, 0xE3, 0xFF, 0xC7, 0xFF, 0x0F, 0x9C, 0x00,
    0x3C, 0x00, 0x3E, 0x00, 0x06, 0x00, 0x0E, 0x00, 0x1C, 0x03, 0xD8, 0x07, 0xE0, 0x0F, 0xF0, 0x0C,
    0x30, 0x00, 0x00, 0x03, 0xC0, 0x07, 0xE0, 0x07, 0xE0, 0x07, 0xE0, 0x0F, 0xE0, 0x0E, 0x70, 0x0E,
    0x70, 0x0E, 0x70, 0x1E, 0x78, 0x1C, 0x38, 0x1C, 0x38, 0x3F, 0xFC, 0x3F, 0xFC, 0x3F, 0xFC, 0x38,
    0x1C, 0x78, 0x1E, 0x78, 0x1E, 0x70, 0x0E, 0x01, 0xE0, 0x0F, 0x80, 0x0C, 0x00, 0x60, 0x0F, 0x00,
    0x60, 0x3B, 0x03, 0xE0, 0x3F, 0x83, 0xCE, 0x08, 0x20, 0x00, 0x03, 0xF8, 0x3F, 0xE1, 0xFF, 0x80,
    0x3C, 0x01, 0xE0, 0xFF, 0x1F, 0xF9, 0xFF, 0xCF, 0x1E, 0x78, 0xF3, 0xC7, 0x9F, 0xFE, 0x7F, 0xF1,
    0xE3, 0x00, 0x1C, 0xC3, 0xFC, 0x7F, 0x80, 0x10, 0x0E, 0x01, 0xF0, 0x3F, 0x87, 0x9C, 0x20, 0xC0,
    0x00, 0x3F, 0x87, 0xFC, 0x7F, 0xE0, 0x1E, 0x01, 0xE1, 0xFE, 0x7F, 0xEF, 0xFE, 0xF1, 0xEF, 0x1E,
    0xF1, 0xEF, 0xFF, 0x7F, 0xF3, 0xE7, 0x01, 0x80, 0x03, 0xC0, 0x0F, 0xF0, 0x0E, 0x70, 0x00, 0x00,
    0x00, 0x00, 0x03, 0xC0, 0x07, 0xE0, 0x07, 0xE0, 0x07, 0xE0, 0x0F, 0xE0, 0x0E, 0x70, 0x0E, 0x70,
    0x0E, 0x70, 0x1E, 0x78, 0x1C, 0x38, 0x1C, 0x38, 0x3F, 0xFC, 0x3F, 0xFC, 0x3F, 0xFC, 0x38, 0x1C,
    0x78, 0x1E, 0x78, 0x1E, 0x70, 0x0E, 0x00, 0x00, 0x00, 0x00, 0x01, 0x80, 0x03, 0xC0, 0x03, 0xC0,
    0x01, 0x80, 0x06, 0x00, 0xF0, 0x3F, 0x83, 0x9C, 0x30, 0xC0, 0x00, 0x00, 0x03, 0xF8, 0x7F, 0xC7,
    0xFE, 0x01, 0xE0, 0x1E, 0x0F, 0xE3, 0xFE, 0x7F, 0xEF, 0x1E, 0xF1, 0xEF, 0x1E, 0xFF, 0xF7, 0xF7,
    0x3E, 0x30, 0x00, 0x00, 0x00, 0x60, 0x0F, 0x00, 0xF0, 0x06, 0x00, 0x00, 0x00, 0x00, 0x20, 0x00,
    0x70, 0x00, 0xE0, 0x01, 0xC0, 0x00, 0x80, 0x0E, 0x30, 0x0F, 0xF0, 0x07, 0xF0, 0x03, 0xC0, 0x00,
    0x00, 0x03, 0xE0, 0x03, 0xE0, 0x07, 0xE0, 0x07, 0xE0, 0x07, 0x70, 0x0F, 0x70, 0x0E, 0x70, 0x0E,
    0x78, 0x0E, 0x38, 0x1E, 0x38, 0x1C, 0x3C, 0x1F, 0xFC, 0x3F, 0xFC, 0x3F, 0xFC, 0x38, 0x1E, 0x78,
    0x1E, 0x78, 0x0E, 0x78, 0x0F, 0x01, 0x00, 0x18, 0x03, 0x80, 0x70, 0x06, 0x03, 0x0C, 0x39, 0xC3,
    0xF8, 0x1F, 0x80, 0x60, 0x00, 0x03, 0xF8, 0x7F, 0xC7, 0xFE, 0x01, 0xE0, 0x1E, 0x1F, 0xE7, 0xFE,
    0xFF, 0xEF, 0x1E, 0xF1, 0xEF, 0x1E, 0xFF, 0xF7, 0xFF, 0x3E, 0x70, 0x00, 0x01, 0x80, 0x3C, 0x00,
    0xE0, 0x06, 0x03, 0x0C, 0x39, 0xC3, 0xF8, 0x1F, 0x80, 0x60, 0x00, 0x03, 0xF8, 0x7F, 0xC7, 0xFE,
    0x01, 0xE0, 0x1E, 0x1F, 0xE7, 0xFE, 0xFF, 0xEF, 0x1E, 0xF1, 0xEF, 0x1E, 0xFF, 0xF7, 0xFF, 0x3E,
    0x70, 0x1C, 0xC3, 0xFC, 0x7F, 0x80, 0x10, 0x30, 0xC3, 0x9C, 0x3F, 0x81, 0xF8, 0x06, 0x00, 0x00,
    0x3F, 0x87, 0xFC, 0x7F, 0xE0, 0x1E, 0x01, 0xE1, 0xFE, 0x7F, 0xEF, 0xFE, 0xF1, 0xEF, 0x1E, 0xF1,
    0xEF, 0xFF, 0x7F, 0xF3, 0xE7, 0x00, 0x83, 0x0C, 0x3F, 0xC1, 0xF8, 0x0F, 0x00, 0x00, 0x00, 0x03,
    0xF8, 0x7F, 0xC7, 0xFE, 0x01, 0xE0, 0x1E, 0x0F, 0xE3, 0xFE, 0x7F, 0xEF, 0x1E, 0xF1, 0xEF, 0x1E,
    0xFF, 0xF7, 0xF7, 0x3E, 0x30, 0x00, 0x00, 0x00, 0x60, 0x0F, 0x00, 0xF0, 0x06, 0x00, 0x1F, 0x03,
    0xFC, 0x7F, 0xC7, 0x1E, 0xF0, 0xEF, 0x0E, 0xFF, 0xEF, 0xFE, 0xFF, 0xEF, 0x00, 0xF0, 0x07, 0xFC,
    0x3F, 0xE1, 0xF8, 0x00, 0x00, 0x00, 0x06, 0x00, 0xF0, 0x0F, 0x00, 0x60, 0x0F, 0x00, 0xF8, 0x01,
    0x80, 0x38, 0x07, 0x00, 0x60, 0x00, 0x00, 0x00, 0x1F, 0x83, 0xFC, 0x7F, 0xE7, 0x0F, 0xF0, 0xFF,
    0xFF, 0xFF, 0xFF, 0xFF, 0xF0, 0x0F, 0x00, 0x70, 0x47, 0xFE, 0x3F, 0xE1, 0xF8, 0x08, 0x03, 0xFE,
    0x3F, 0xC3, 0x38, 0x00, 0x00, 0x00, 0x00, 0x01, 0xF8, 0x3F, 0xC7, 0xFE, 0x70, 0xFF, 0x0F, 0xFF,
    0xFF, 0xFF, 0xFF, 0xFF, 0x00, 0xF0, 0x07, 0x00, 0x7F, 0xE3, 0xFE, 0x1F, 0x80, 0x00, 0x00, 0x00,
    0x60, 0x03, 0x80, 0x1E, 0x00, 0x70, 0x3D, 0x81, 0xF8, 0x0F, 0xF0, 0x39, 0xC0, 0x81, 0x00, 0x00,
    0x07, 0xE0, 0x3F, 0xC1, 0xFF, 0x87, 0x0F, 0x3C, 0x3C, 0xFF, 0xF3, 0xFF, 0xCF, 0xFF, 0x3C, 0x00,
    0xF0, 0x01, 0xC0, 0x07, 0xFE, 0x0F, 0xF8, 0x1F, 0x80, 0x00, 0x01, 0x00, 0x1C, 0x00, 0x70, 0x01,
    0x80, 0x05, 0xE0, 0x1F, 0x81, 0xFE, 0x0C, 0x30, 0x00, 0x07, 0xFE, 0x3F, 0xF1, 0xFF, 0x0F, 0x00,
    0x78, 0x03, 0xC0, 0x1E, 0x00, 0xFF, 0x87, 0xFC, 0x3F, 0xE1, 0xE0, 0x0F, 0x00, 0x78, 0x03, 0xC0,
    0x1E, 0x00, 0xFF, 0xC7, 0xFE, 0x3F, 0xF0, 0x00, 0x01, 0x80, 0x07, 0x00, 0x1E, 0x00, 0x38, 0x00,
    0x6F, 0x00, 0x7E, 0x03, 0xFC, 0x0E, 0x70, 0x20, 0x40, 0x00, 0x01, 0xF8, 0x0F, 0xF0, 0x7F, 0xE1,
    0xC3, 0xCF, 0x0F, 0x3F, 0xFC, 0xFF, 0xF3, 0xFF, 0xCF, 0x00, 0x3C, 0x00, 0x70, 0x01, 0xFF, 0x83,
    0xFE, 0x07, 0xE0, 0x00, 0xF0, 0x07, 0xC0, 0x0E, 0x00, 0x70, 0x07, 0x00, 0x30, 0x3D, 0x83, 0xF0,
    0x3F, 0xC1, 0xCF, 0x08, 0x10, 0x00, 0x01, 0xF8, 0x1F, 0xE1, 0xFF, 0x8E, 0x1E, 0xF0, 0x77, 0xFF,
    0xBF, 0xFD, 0xFF, 0xEF, 0x00, 0x78, 0x01, 0xC0, 0x0F, 0xFC, 0x3F, 0xE0, 0xFE, 0x00, 0x06, 0x00,
    0xF0, 0x3F, 0x83, 0x9C, 0x30, 0x80, 0x00, 0x00, 0x01, 0xF0, 0x3F, 0xC7, 0xFC, 0x71, 0xEF, 0x0E,
    0xF0, 0xEF, 0xFE, 0xFF, 0xEF, 0xFE, 0xF0, 0x0F, 0x00, 0x7F, 0xC3, 0xFE, 0x1F, 0x80, 0x00, 0x00,
    0x00, 0x60, 0x0F, 0x00, 0xF0, 0x06, 0x00, 0x7B, 0xF0, 0xC7, 0x38, 0xC0, 0x00, 0x79, 0xE7, 0x9E,
    0x79, 0xE7, 0x9E, 0x79, 0xE7, 0x9E, 0x79, 0xE0, 0x6F, 0xF6, 0x00, 0xFF, 0xFF, 0xFF, 0xFF, 0xFF,
    0xFF, 0xFF, 0x00, 0x6F, 0xF6, 0x0F, 0xE0, 0x3F, 0xE0, 0xFF, 0xE3, 0xC1, 0xE7, 0x01, 0xDE, 0x03,
    0xFC, 0x07, 0xF8, 0x0F, 0xF0, 0x1F, 0xE0, 0x3F, 0xC0, 0x7F, 0x80, 0xFF, 0x01, 0xEE, 0x03, 0x9E,
    0x0F, 0x1F, 0xFC, 0x1F, 0xF0, 0x1F, 0xC0, 0x00, 0x00, 0x00, 0x00, 0x18, 0x00, 0x78, 0x00, 0xF0,
    0x00, 0xC0, 0x1F, 0x81, 0xFE, 0x1F, 0xF8, 0xE1, 0xEF, 0x07, 0x78, 0x3B, 0xC1, 0xDE, 0x0E, 0xF0,
    0x77, 0x83, 0x9C, 0x3C, 0xFF, 0xC3, 0xFC, 0x0F, 0xC0, 0x00, 0x00, 0x00, 0x06, 0x00, 0x78, 0x03,
    0xC0, 0x0C, 0x00, 0x0F, 0x00, 0x7C, 0x00, 0x60, 0x07, 0x00, 0x70, 0x03, 0x00, 0x00, 0x00, 0x00,
    0x1F, 0x81, 0xFE, 0x1F, 0xF8, 0xE1, 0xEF, 0x07, 0x78, 0x3B, 0xC1, 0xDE, 0x0E, 0xF0, 0x77, 0x83,
    0x9C, 0x3C, 0xFF, 0xC3, 0xFC, 0x0F, 0xC0, 0x00, 0x00, 0x00, 0x18, 0x00, 0x78, 0x01, 0xE0, 0x33,
    0x80, 0xF8, 0x03, 0xF8, 0x0F, 0xF8, 0x1C, 0x70, 0x00, 0x40, 0x3F, 0x80, 0xFF, 0x83, 0xFF, 0x8F,
    0x07, 0x9C, 0x07, 0x78, 0x0F, 0xF0, 0x1F, 0xE0, 0x3F, 0xC0, 0x7F, 0x80, 0xFF, 0x01, 0xFE, 0x03,
    0xFC, 0x07, 0xB8, 0x0E, 0x78, 0x3C, 0x7F, 0xF0, 0x7F, 0xC0, 0x7F, 0x00, 0x00, 0x00, 0x00, 0x60,
    0x03, 0x80, 0x1E, 0x00, 0x70, 0x3D, 0x81, 0xF8, 0x0F, 0xF0, 0x39, 0xC0, 0x41, 0x00, 0x00, 0x07,
    0xE0, 0x3F, 0xC1, 0xFF, 0x87, 0x0F, 0x3C, 0x1C, 0xF0, 0x73, 0xC1, 0xCF, 0x07, 0x3C, 0x1C, 0xF0,
    0x71, 0xC3, 0xC7, 0xFE, 0x0F, 0xF0, 0x1F, 0x80, 0x00, 0x00, 0xC0, 0x03, 0xC0, 0x03, 0x80, 0x03,
    0xB0, 0x00, 0xF8, 0x03, 0xF8, 0x0F, 0xF8, 0x1C, 0x70, 0x00, 0x40, 0x3F, 0x80, 0xFF, 0x83, 0xFF,
    0x8F, 0x07, 0x9C, 0x07, 0x78, 0x0F, 0xF0, 0x1F, 0xE0, 0x3F, 0xC0, 0x7F, 0x80, 0xFF, 0x01, 0xFE,
    0x03, 0xFC, 0x07, 0xB8, 0x0E, 0x78, 0x3C, 0x7F, 0xF0, 0x7F, 0xC0, 0x7F, 0x00, 0x00, 0x00, 0x40,
    0x01, 0xC0, 0x01, 0xC0, 0x01, 0xC0, 0x01, 0x78, 0x01, 0xF8, 0x07, 0xF8, 0x0E, 0x70, 0x08, 0x20,
    0x00, 0x00, 0x3F, 0x00, 0xFF, 0x03, 0xFF, 0x07, 0x0F, 0x1E, 0x0E, 0x3C, 0x1C, 0x78, 0x38, 0xF0,
    0x71, 0xE0, 0xE3, 0xC1, 0xC3, 0x87, 0x87, 0xFE, 0x07, 0xF8, 0x07, 0xE0, 0x00, 0xF0, 0x07, 0xC0,
    0x0E, 0x00, 0x70, 0x07, 0x00, 0x30, 0x3D, 0x83, 0xF0, 0x3F, 0xC1, 0xCF, 0x04, 0x10, 0x00, 0x00,
    0xF8, 0x1F, 0xF1, 0xFF, 0x8E, 0x1E, 0xF0, 0x77, 0x83, 0xFC, 0x1F, 0xE0, 0xFF, 0x07, 0xF8, 0x39,
    0xC3, 0xCF, 0xFC, 0x3F, 0xC0, 0xFC, 0x00, 0x1E, 0xC1, 0xFE, 0x0F, 0xF0, 0x02, 0x00, 0x60, 0x07,
    0xC0, 0x7F, 0x07, 0x38, 0x30, 0xC0, 0x00, 0x07, 0xE0, 0x7F, 0x87, 0xFE, 0x38, 0x7B, 0xC1, 0xDE,
    0x0E, 0xF0, 0x77, 0x83, 0xBC, 0x1D, 0xE0, 0xE7, 0x0F, 0x3F, 0xF0, 0xFF, 0x03, 0xF0, 0x01, 0x80,
    0x07, 0x80, 0x3F, 0x80, 0xF3, 0x80, 0x82, 0x00, 0x00, 0x03, 0xF8, 0x0F, 0xF8, 0x3F, 0xF8, 0xF0,
    0x79, 0xC0, 0x77, 0x80, 0xFF, 0x01, 0xFE, 0x03, 0xFC, 0x07, 0xF8, 0x0F, 0xF0, 0x1F, 0xE0, 0x3F,
    0xC0, 0x7B, 0x80, 0xE7, 0x83, 0xC7, 0xFF, 0x07, 0xFC, 0x07, 0xF0, 0x00, 0x00, 0x00, 0x00, 0x06,
    0x00, 0x1E, 0x00, 0x3C, 0x00, 0x30, 0x00, 0x06, 0x00, 0x78, 0x07, 0xE0, 0x73, 0x83, 0x0C, 0x00,
    0x00, 0x00, 0x03, 0xF0, 0x3F, 0xC3, 0xFF, 0x1C, 0x3D, 0xE0, 0xEF, 0x07, 0x78, 0x3B, 0xC1, 0xDE,
    0x0E, 0xF0, 0x73, 0x87, 0x9F, 0xF8, 0x7F, 0x81, 0xF8, 0x00, 0x00, 0x00, 0x00, 0xC0, 0x0F, 0x00,
    0x78, 0x01, 0x80, 0x00, 0x00, 0x02, 0x00, 0x1E, 0x00, 0x7C, 0x01, 0xE0, 0x01, 0x00, 0x00, 0x03,
    0x00, 0x06, 0x1F, 0x8C, 0x7F, 0xF9, 0xFF, 0xF3, 0x87, 0x8F, 0x07, 0x1E, 0x0E, 0x3C, 0x1C, 0x78,
    0x38, 0xF0, 0x71, 0xE0, 0xE1, 0xC3, 0xC3, 0xFF, 0x03, 0xFC, 0x03, 0xF0, 0x00, 0x00, 0x00, 0x18,
    0x00, 0x38, 0x00, 0xFC, 0x00, 0x7C, 0x00, 0x10, 0x00, 0x03, 0x00, 0x06, 0x1F, 0x8C, 0x7F, 0xF9,
    0xFF, 0xF3, 0x87, 0x8F, 0x07, 0x1E, 0x0E, 0x3C, 0x1C, 0x78, 0x38, 0xF0, 0x71, 0xE0, 0xE1, 0xC3,
    0xC3, 0xFF, 0x03, 0xFC, 0x03, 0xF0, 0x00, 0x03, 0x80, 0x03, 0xC0, 0x00, 0xC0, 0x00, 0xC0, 0x01,
    0xC0, 0x01, 0x80, 0x01, 0x83, 0x00, 0x03, 0x0F, 0xE3, 0x1F, 0xF7, 0x3F, 0xFE, 0x78, 0x3C, 0x70,
    0x1C, 0xF0, 0x1E, 0xF0, 0x1E, 0xF0, 0x1E, 0xF0, 0x1E, 0xF0, 0x1E, 0xF0, 0x1E, 0xF0, 0x1E, 0xF0,
    0x1E, 0x70, 0x1C, 0x78, 0x3C, 0x3F, 0xF8, 0x1F, 0xF0, 0x0F, 0xE0, 0x0F, 0x00, 0x1F, 0x00, 0x06,
    0x00, 0x1C, 0x00, 0x70, 0x00, 0xC0, 0x00, 0x03, 0x00, 0x06, 0x1F, 0x8C, 0x7F, 0xF9, 0xFF, 0xF3,
    0x87, 0x8F, 0x07, 0x1E, 0x0E, 0x3C, 0x1C, 0x78, 0x38, 0xF0, 0x71, 0xE0, 0xE1, 0xC3, 0xC3, 0xFF,
    0x03, 0xFC, 0x03, 0xF0, 0x00, 0x08, 0x00, 0x3F, 0xC0, 0xFF, 0x01, 0x9C, 0x00, 0x00, 0x00, 0x01,
    0x80, 0x03, 0x0F, 0xC6, 0x3F, 0xFC, 0xFF, 0xF9, 0xC3, 0xC7, 0x83, 0x8F, 0x07, 0x1E, 0x0E, 0x3C,
    0x1C, 0x78, 0x38, 0xF0, 0x70, 0xE1, 0xE1, 0xFF, 0x81, 0xFE, 0x01, 0xF8, 0x00, 0x00, 0x0C, 0x00,
    0x18, 0x7E, 0x31, 0xFF, 0xE7, 0xFF, 0xCE, 0x1E, 0x3C, 0x1C, 0x78, 0x38, 0xF0, 0x71, 0xE0, 0xE3,
    0xC1, 0xC7, 0x83, 0x87, 0x0F, 0x0F, 0xFC, 0x0F, 0xF0, 0x0F, 0xC0, 0x00, 0x00, 0x00, 0x00, 0x18,
    0x00, 0x78, 0x00, 0xF0, 0x00, 0xC0, 0x00, 0xF1, 0xFE, 0x3F, 0xC7, 0xF8, 0xFF, 0x1F, 0xE3, 0xFC,
    0x7F, 0x8F, 0xF1, 0xFE, 0x3F, 0xC7, 0xFF, 0xF7, 0xEE, 0x79, 0xC0, 0x00, 0x00, 0x0C, 0x03, 0xC0,
    0x78, 0x06, 0x00, 0x0F, 0x00, 0x7C, 0x00, 0x60, 0x07, 0x00, 0x70, 0x03, 0x00, 0x00, 0x00, 0x00,
    0xF0, 0x7F, 0x83, 0xFC, 0x1F, 0xE0, 0xFF, 0x07, 0xF8, 0x3F, 0xC1, 0xFE, 0x0F, 0xF0, 0x7F, 0x83,
    0xFC, 0x1F, 0xE0, 0xFF, 0x07, 0xF8, 0x3F, 0xC1, 0xEF, 0xFE, 0x3F, 0xE0, 0xFE, 0x00, 0x1E, 0x03,
    0xE0, 0x0C, 0x07, 0x80, 0xE0, 0x18, 0x00, 0x00, 0x00, 0xF1, 0xFE, 0x3F, 0xC7, 0xF8, 0xFF, 0x1F,
    0xE3, 0xFC, 0x7F, 0x8F, 0xF1, 0xFE, 0x3F, 0xC7, 0xFF, 0xF7, 0xFE, 0x79, 0xC0, 0x00, 0x00, 0x06,
    0x00, 0x3E, 0x01, 0xF8, 0x03, 0xC0, 0x00, 0x00, 0x00, 0x03, 0x00, 0x06, 0xF1, 0xED, 0xE3, 0xFB,
    0xC7, 0xE7, 0x8F, 0x0F, 0x1E, 0x1E, 0x3C, 0x3C, 0x78, 0x78, 0xF0, 0xF1, 0xE1, 0xE3, 0xC3, 0xC7,
    0x87, 0xFF, 0x07, 0xEE, 0x07, 0x9C, 0x00, 0x00, 0x00, 0x38, 0x00, 0x78, 0x00, 0xFC, 0x00, 0x38,
    0x00, 0x00, 0x00, 0x03, 0x00, 0x06, 0xF1, 0xED, 0xE3, 0xFB, 0xC7, 0xE7, 0x8F, 0x0F, 0x1E, 0x1E,
    0x3C, 0x3C, 0x78, 0x78, 0xF0, 0xF1, 0xE1, 0xE3, 0xC3, 0xC7, 0x87, 0xFF, 0x07, 0xEE, 0x07, 0x9C,
    0x00, 0x1E, 0x00, 0x3E, 0x00, 0x0C, 0x00, 0x78, 0x00, 0xE0, 0x01, 0x80, 0x00, 0x03, 0x00, 0x06,
    0xF1, 0xED, 0xE3, 0xFB, 0xC7, 0xE7, 0x8F, 0x0F, 0x1E, 0x1E, 0x3C, 0x3C, 0x78, 0x78, 0xF0, 0xF1,
    0xE1, 0xE3, 0xC3, 0xC7, 0x87, 0xFF, 0x07, 0xFE, 0x07, 0x9C, 0x00, 0x18, 0x00, 0x7F, 0x81, 0xFF,
    0x03, 0x3C, 0x00, 0x00, 0x00, 0x01, 0x80, 0x03, 0x78, 0xF6, 0xF1, 0xFD, 0xE3, 0xF3, 0xC7, 0x87,
    0x8F, 0x0F, 0x1E, 0x1E, 0x3C, 0x3C, 0x78, 0x78, 0xF0, 0xF1, 0xE1, 0xE3, 0xC3, 0xFF, 0x83, 0xF7,
    0x03, 0xCE, 0x00, 0x00, 0x00, 0x00, 0x18, 0x00, 0x37, 0x8F, 0x6F, 0x1F, 0xDE, 0x3F, 0x3C, 0x78,
    0x78, 0xF0, 0xF1, 0xE1, 0xE3, 0xC3, 0xC7, 0x87, 0x8F, 0x0F, 0x1E, 0x1E, 0x3C, 0x3F, 0xF8, 0x3F,
    0x70, 0x3C, 0xE0, 0x00, 0x00, 0x00, 0x00, 0x60, 0x01, 0xE0, 0x03, 0xC0, 0x03, 0x00, 0x00, 0xFF,
    0xFF, 0xFE, 0x01, 0x1C, 0x42, 0x10, 0x84, 0x21, 0x08, 0x42, 0x10, 0x84, 0x21, 0x08, 0x42, 0x10,
    0x84, 0x20, 0x00, 0xF8, 0x88, 0x88, 0x88, 0x88, 0x88, 0x88, 0x88, 0x88, 0x88, 0x88, 0x88, 0x00,
    0xF1, 0x11, 0x11, 0x11, 0x11, 0x11, 0x11, 0x11, 0x11, 0x11, 0x11, 0x11, 0xFF, 0xFF, 0xFF, 0xFF,
    0xF0, 0xFF, 0xFF, 0xFF, 0xFF, 0xFF, 0xFF, 0xFF, 0x80, 0x36, 0x6E, 0xEE, 0xE0, 0x73, 0x9C, 0xE7,
    0x31, 0x80, 0x31, 0xB1, 0x98, 0xDC, 0xEE, 0x77, 0x3B, 0x9C, 0x73, 0x9C, 0xE7, 0x39, 0xCE, 0x73,
    0x98, 0xC6, 0x30, 0x73, 0x9C, 0xE7, 0x39, 0xCE, 0x73, 0x98, 0xC6, 0x30, 0x61, 0x86, 0xF3, 0xCF,
    0xF3, 0xCF, 0x61, 0x86, 0x7C, 0xF9, 0xF0, 0xE1, 0xC3, 0x87, 0x0E, 0x1C, 0x00, 0x00, 0x60, 0xC0,
    0x01, 0x89, 0xE0, 0x7C, 0xFB, 0xE7, 0xDF, 0x3E, 0x38, 0x71, 0xC3, 0x8E, 0x1C, 0x70, 0xE3, 0x87,
    0x1C, 0x38, 0x00, 0x00, 0x00, 0x3F, 0xF0, 0x00, 0x00, 0x70, 0x39, 0xE0, 0xE7, 0x83, 0x8E, 0x0E,
    0x3C, 0x38, 0xF0, 0xE1, 0xC3, 0x87, 0x8E, 0x0E, 0x78, 0x39, 0xC0, 0xFF, 0x1F, 0xF8, 0x7F, 0xC3,
    0xFC, 0x00, 0x7C, 0x00, 0x1C, 0x7C, 0x00, 0x38, 0x7C, 0x00, 0x70, 0x7C, 0x00, 0xE0, 0xFE, 0x01,
    0xC3, 0xBE, 0x07, 0x8E, 0x3E, 0x0E, 0x1C, 0x1F, 0x1C, 0x78, 0x1F, 0x70, 0xE0, 0x1F, 0xC1, 0xC0,
    0x0F, 0x83, 0x80, 0x0F, 0x87, 0x00, 0x0F, 0x8E, 0x00, 0x07, 0x80, 0xFF, 0xFF, 0xFF, 0xFF, 0xFF,
    0xFF, 0xFF, 0xE0, 0x00, 0x18, 0x00, 0x03, 0x80, 0x00, 0x38, 0x00, 0x03, 0x80, 0x00, 0x38, 0x00,
    0x03, 0x80, 0x00, 0x38, 0x00, 0x03, 0x80, 0x00, 0x38, 0x00, 0x03, 0x80, 0x00, 0x38, 0xFF, 0xFF,
    0xE7, 0xFF, 0xFF, 0xBF, 0xFF, 0xFE, 0x00, 0x00, 0x70, 0x00, 0x03, 0x80, 0x00, 0x1F, 0x80, 0x00,
    0xFC, 0x00, 0x07, 0xE0, 0x00, 0x3F, 0x00, 0x01, 0xF8, 0x00, 0x0F, 0xC0, 0x00, 0x7E, 0x00, 0x03,
    0xF0, 0x00, 0x1C, 0x7F, 0xFF, 0xC1, 0xFF, 0xFF, 0xC7, 0xFF, 0xFF, 0x00, 0x00, 0x1E, 0x00, 0x00,
    0x38, 0x00, 0x00, 0xE0, 0x00, 0x03, 0x80, 0x00, 0x0E, 0x00, 0x00, 0x38, 0x00, 0x01, 0xE0, 0x00,
    0x07, 0x9F, 0xFF, 0xFC, 0x7F, 0xFF, 0xF1, 0xFF, 0xFF, 0x00, 0xE0, 0x00, 0x0E, 0x00, 0x00, 0xE0,
    0x00, 0x0E, 0x00, 0x00, 0xE0, 0x00, 0x0F, 0xFF, 0xF8, 0xFF, 0xFF, 0xCF, 0xFF, 0xFE, 0x00, 0x01,
    0xE0, 0x00, 0x0E, 0x00, 0x00, 0xE0, 0x00, 0x0E, 0x00, 0x00, 0xE0, 0x00, 0x1E, 0x00, 0x01, 0xC0,
    0x00, 0x3C, 0x00, 0x07, 0x80, 0x00, 0x70, 0x00, 0x06, 0x00, 0x00, 0x00, 0xFF, 0xFF, 0xF3, 0xFF,
    0xFF, 0xE7, 0xFF, 0xFF, 0xCC, 0x00, 0x07, 0x70, 0x00, 0x1D, 0xC0, 0x00, 0x77, 0x00, 0x01, 0xDC,
    0x00, 0x07, 0x70, 0x00, 0x1D, 0xC0, 0x00, 0x77, 0x00, 0x01, 0xDF, 0xFF, 0xFF, 0x7F, 0xFF, 0xFD,
    0xFF, 0xFF, 0xF0, 0xFF, 0xFF, 0xE7, 0xFF, 0xFF, 0x9F, 0xFF, 0xFC, 0x00, 0x00, 0xE0, 0x00, 0x07,
    0x00, 0x00, 0x38, 0x00, 0x01, 0xC0, 0x00, 0x0E, 0x00, 0x00, 0x70, 0x00, 0x03, 0x80, 0x00, 0x1C,
    0x00, 0x00, 0xE0, 0x00, 0x07, 0x00, 0x00, 0x38, 0x7F, 0xFF, 0xFC, 0x7F, 0xFF, 0xFE, 0x3F, 0xFF,
    0xFF, 0x1C, 0x00, 0x07, 0x1C, 0x00, 0x07, 0x1C, 0x00, 0x07, 0x1C, 0x00, 0x07, 0x1C, 0x00, 0x07,
    0x1C, 0x00, 0x07, 0x1C, 0x00, 0x07, 0x1C, 0x00, 0x07, 0x3C, 0x00, 0x07, 0x7C, 0x00, 0x07, 0x78,
    0x00, 0x07, 0x07, 0x00, 0x1C, 0x00, 0x70, 0x01, 0xC0, 0x07, 0x00, 0x1C, 0x0F, 0xFF, 0xFF, 0xFF,
    0xFF, 0xFC, 0x00, 0x03, 0x00, 0x01, 0x80, 0x00, 0x1E, 0x38, 0xEF, 0x1C, 0x77, 0x8E, 0x39, 0xC7,
    0x1C, 0xE3, 0x8E, 0x73, 0xC7, 0x39, 0xC7, 0x9F, 0xE3, 0xCF, 0xC1, 0xC7, 0x81, 0xE3, 0xC1, 0xE0,
    0xFF, 0xE0, 0x7F, 0xE0, 0x3F, 0xC0, 0x00, 0x60, 0x00, 0x30, 0x00, 0x00, 0x00, 0x1E, 0x38, 0xEF,
    0x1C, 0x77, 0x8E, 0x39, 0xC7, 0x1C, 0xE3, 0x8E, 0x73, 0xC7, 0x39, 0xC7, 0x9F, 0xE3, 0xCF, 0xE1,
    0xC7, 0x81, 0xE1, 0xC1, 0xE0, 0xFF, 0xE0, 0x7F, 0xE0, 0x3F, 0xC0, 0x00, 0x00, 0x03, 0x00, 0x01,
    0x80, 0x00, 0x1E, 0x38, 0xEF, 0x1C, 0x77, 0x8E, 0x39, 0xC7, 0x1C, 0xE3, 0x8E, 0x73, 0xC7, 0x39,
    0xDF, 0x9F, 0xEF, 0xCF, 0xC1, 0xC7, 0x81, 0xE3, 0xC1, 0xE0, 0xFF, 0xE0, 0x7F, 0xE0, 0x3F, 0xC0,
    0x00, 0x60, 0x00, 0x30, 0x00, 0x00, 0x00, 0x1E, 0x38, 0xEF, 0x1C, 0x77, 0x8E, 0x39, 0xC7, 0x1C,
    0xE3, 0x8E, 0x73, 0xC7, 0x39, 0xDF, 0x9F, 0xEF, 0xCF, 0xE1, 0xC7, 0x81, 0xE1, 0xC1, 0xE0, 0xFF,
    0xE0, 0x7F, 0xE0, 0x3F, 0xC0, 0x00, 0x70, 0x39, 0xE0, 0xE3, 0xC3, 0x87, 0x8E, 0x1E, 0x38, 0x7C,
    0xE3, 0xFB, 0x9E, 0xFC, 0x73, 0xE1, 0xC7, 0x87, 0x0F, 0x1C, 0x1C, 0x70, 0x79, 0xC0, 0xF0, 0x00,
    0x00, 0x00, 0x07, 0xC0, 0x00, 0x00, 0x70, 0x39, 0xE0, 0xE3, 0xC3, 0x87, 0x8E, 0x1E, 0x38, 0x7C,
    0xE3, 0xFB, 0x9E, 0xFC, 0x73, 0xE1, 0xC7, 0x87, 0x0F, 0x1C, 0x1C, 0x70, 0x79, 0xC0, 0xF0, 0x00,
    0x01, 0xF0, 0x01, 0x00, 0x04, 0x00, 0x10, 0x00, 0x70, 0x39, 0xE0, 0xE3, 0xC3, 0x87, 0x8E, 0x1E,
    0x38, 0x7C, 0xE3, 0xFF, 0x9E, 0xFC, 0x73, 0xE1, 0xC7, 0x87, 0x6F, 0x1D, 0xBC, 0x70, 0x79, 0xC0,
    0xF0, 0x7F, 0x83, 0xFE, 0x1F, 0xF8, 0x03, 0xC0, 0x1E, 0x00, 0xF0, 0x37, 0x81, 0xBC, 0x01, 0xE0,
    0x0F, 0x00, 0x78, 0xFF, 0xE7, 0xFF, 0xBF, 0xFC, 0x7E, 0x3F, 0x8F, 0xC0, 0xE0, 0x71, 0xB8, 0xDC,
    0x0E, 0x0F, 0x0F, 0x9F, 0xDE, 0xEF, 0x7E, 0x3C, 0xFF, 0xFF, 0xFF, 0xFF, 0x01, 0x80, 0x70, 0x0E,
    0x0D, 0xC1, 0xB8, 0x07, 0x00, 0xE0, 0x1C, 0x03, 0x80, 0x70, 0x0E, 0x00, 0xFF, 0xCF, 0xFE, 0xFF,
    0xF0, 0x07, 0x00, 0x70, 0x07, 0xE6, 0x7E, 0x67, 0xE0, 0x7E, 0x07, 0xE0, 0x7E, 0x07, 0xE0, 0x7E,
    0x07, 0xFB, 0xEF, 0x8E, 0x38, 0xEF, 0xBE, 0x38, 0xE3, 0x8E, 0x38, 0xE0, 0xFF, 0x7F, 0x9F, 0xC3,
    0x81, 0xC0, 0xE3, 0x71, 0xB8, 0x1C, 0x0E, 0x07, 0x03, 0x81, 0xC0, 0xE0, 0xF3, 0xE3, 0xCF, 0xC7,
    0x3F, 0x9C, 0x1E, 0x70, 0x39, 0xC0, 0xE7, 0x33, 0x9C, 0xCE, 0x70, 0x39, 0xE1, 0xE7, 0x8F, 0x1F,
    0xFC, 0x7F, 0xE0, 0xFE, 0x00, 0x7B, 0xE7, 0x8E, 0x3B, 0xEF, 0x8E, 0x38, 0x00, 0xFF, 0x9F, 0xF9,
    0xFF, 0x80, 0x70, 0x0E, 0x01, 0xC6, 0x38, 0xC7, 0x00, 0xE0, 0x1C, 0x03, 0x80, 0x70, 0x0E, 0x01,
    0xC0, 0x38, 0x07, 0x00, 0xE0, 0x1C, 0x03, 0x80, 0x70, 0xFF, 0x1F, 0xF1, 0xFF, 0x00, 0xF0, 0x1E,
    0x01, 0xC6, 0x38, 0xC7, 0x00, 0xE0, 0x3C, 0x07, 0xBF, 0xEF, 0xF9, 0xFE, 0x00, 0xE0, 0x1C, 0x03,
    0x80, 0x70, 0x0E, 0x01, 0xFF, 0x3F, 0xF7, 0xFF, 0x01, 0xE0, 0x1C, 0x03, 0x8C, 0x71, 0x8E, 0x03,
    0xC0, 0x70, 0x1E, 0x07, 0x81, 0xE0, 0x18, 0x02, 0x00, 0x79, 0xF1, 0xFF, 0xE3, 0xFF, 0x8F, 0x0F,
    0x38, 0x3D, 0xE0, 0x77, 0x99, 0xDE, 0x67, 0x78, 0x1D, 0xE0, 0x77, 0x01, 0xDC, 0x7F, 0x71, 0xFD,
    0xCF, 0xF0, 0x7C, 0x7E, 0x7E, 0x0E, 0x0E, 0x0E, 0x6E, 0x6E, 0x0E, 0x0E, 0x0E, 0x7E, 0xFE, 0xFE,
    0xFF, 0xC3, 0xFF, 0xCF, 0xFF, 0x1C, 0x1E, 0xE0, 0x3B, 0x8C, 0xEE, 0x33, 0xB8, 0x0E, 0xF0, 0x3B,
    0xC1, 0xEF, 0x07, 0x9F, 0xFC, 0x3F, 0xE0, 0x7F, 0x00, 0x1F, 0xC1, 0xFF, 0x1F, 0xFD, 0xE0, 0xFF,
    0x07, 0xF0, 0x1F, 0xC6, 0xFE, 0x37, 0x7C, 0x39, 0xE1, 0xC3, 0x0E, 0x00, 0x70, 0x03, 0x80, 0x1C,
    0x00, 0xE0, 0x07, 0x00, 0x38, 0x01, 0xC0, 0x0E, 0x00, 0x70, 0x1F, 0xC1, 0xFF, 0x1F, 0xFD, 0xE0,
    0xEE, 0x07, 0xF0, 0x1F, 0xCC, 0xEF, 0x67, 0x38, 0x38, 0x43, 0xC0, 0x3C, 0x7F, 0xE7, 0xFE, 0x3F,
    0xC0, 0x78, 0x38, 0xF0, 0xE1, 0xE3, 0x87, 0x8E, 0x0F, 0x38, 0x1E, 0xE0, 0x3F, 0x00, 0xF8, 0x19,
    0xE0, 0x63, 0x80, 0x0F, 0x0F, 0xFE, 0x7F, 0xF9, 0xFF, 0xE0, 0xFF, 0xE7, 0xFF, 0x9F, 0xFE, 0x00,
    0xF0, 0x03, 0xB8, 0x1D, 0xCC, 0xEE, 0x67, 0x70, 0x7B, 0x83, 0x9C, 0x3C, 0xE1, 0xC7, 0x1E, 0x38,
    0xE1, 0xC4, 0x0E, 0x00, 0x70, 0x03, 0x80, 0x1C, 0x00, 0xE0, 0x00, 0xFF, 0x9F, 0xFB, 0xFF, 0x00,
    0xE0, 0x1C, 0x03, 0x86, 0x70, 0xCE, 0x01, 0xC0, 0x38, 0x07, 0x00, 0xE0, 0x1C, 0x03, 0x80, 0xF1,
    0xC7, 0x78, 0xE3, 0xBC, 0x71, 0xCE, 0x38, 0xE7, 0x1C, 0x73, 0x9E, 0x39, 0xCE, 0xFC, 0xFF, 0x7E,
    0x7E, 0x0E, 0x3C, 0x0F, 0x1E, 0x0F, 0x07, 0xFF, 0x03, 0xFF, 0x01, 0xFE, 0x00, 0x7F, 0xF8, 0xFF,
    0xF8, 0xFF, 0xF0, 0xE0, 0xE1, 0xC1, 0xC3, 0x9B, 0x87, 0x37, 0x0E, 0x0E, 0x1C, 0x1C, 0x38, 0x38,
    0x70, 0x71, 0xE0, 0xE7, 0xC1, 0xCF, 0x03, 0x80, 0x18, 0x30, 0x03, 0xE7, 0xCF, 0x87, 0x0E, 0x1C,
    0x38, 0x70, 0xE1, 0xC3, 0x87, 0x0E, 0x1C, 0x1F, 0x80, 0x00, 0x00, 0x00, 0xFF, 0x07, 0xFC, 0x3F,
    0xF0, 0x03, 0x80, 0x1C, 0x00, 0xE0, 0x07, 0x00, 0x38, 0x01, 0xC0, 0x0E, 0x00, 0x71, 0xFF, 0xCF,
    0xFF, 0x7F, 0xF8, 0x3F, 0x00, 0x00, 0x00, 0x7F, 0x8F, 0xF8, 0xFF, 0x80, 0x78, 0x07, 0x00, 0xE0,
    0x1C, 0x03, 0x80, 0x70, 0x1E, 0x03, 0xDF, 0xF7, 0xFC, 0xFF, 0x00, 0x1F, 0x80, 0x00, 0x00, 0x00,
    0x3F, 0x83, 0xFE, 0x3F, 0xFB, 0xC1, 0xDC, 0x0F, 0xE0, 0x3F, 0x81, 0xDE, 0x0E, 0x70, 0x70, 0x87,
    0x80, 0x78, 0xFF, 0xCF, 0xFC, 0x7F, 0x80, 0xE0, 0x03, 0x80, 0x0E, 0x00, 0x38, 0x00, 0xE0, 0x03,
    0xC1, 0xCF, 0x07, 0x1E, 0x1C, 0x3C, 0x70, 0xF1, 0xC1, 0xE7, 0x03, 0xDC, 0x07, 0xE0, 0x1F, 0x00,
    0x3C, 0x00, 0x78, 0x00, 0xE0, 0x03, 0xC0, 0x07, 0x80, 0x0C, 0x1E, 0x32, 0x66, 0xFC, 0x40, 0x00,
    0x38, 0x38, 0x38, 0x38, 0x38, 0x38, 0x38, 0x38, 0x38, 0x38, 0x38, 0x38, 0x3C, 0x3E, 0x1F, 0x0E,
    0x00, 0x00, 0x00, 0x30, 0x00, 0x38, 0x38, 0x00, 0x1C, 0x1C, 0x00, 0x0E, 0x0E, 0x00, 0x07, 0x07,
    0x00, 0x03, 0x83, 0xE0, 0x1F, 0xF1, 0xFF, 0xFF, 0xFE, 0x7F, 0xFF, 0x9F, 0x0F, 0xFF, 0x07, 0x80,
    0x00, 0x00, 0x00, 0x30, 0x00, 0x00, 0x1C, 0x00, 0x00, 0x0C, 0x00, 0x00, 0x00, 0x00, 0x00, 0x03,
    0x00, 0x00, 0x01, 0xC0, 0x00, 0x00, 0xC0, 0x00, 0x00, 0x00, 0x00, 0x00, 0x00, 0x38, 0x38, 0x70,
    0xE1, 0xC3, 0x87, 0x7F, 0xFB, 0xE0, 0x00, 0x03, 0x07, 0x0C, 0x00, 0x30, 0x70, 0xC0, 0x0C, 0x03,
    0x80, 0xE0, 0x38, 0x0E, 0x07, 0xC7, 0xFD, 0xFF, 0x73, 0xC0, 0x00, 0x00, 0x30, 0x0E, 0x03, 0x00,
    0x00, 0x30, 0x0E, 0x03, 0x00, 0x00, 0x00, 0x00, 0x30, 0x00, 0x38, 0x38, 0x00, 0x1C, 0x1C, 0x00,
    0x0E, 0x0E, 0x00, 0x07, 0x07, 0x00, 0x03, 0x83, 0xE0, 0x1F, 0xF1, 0xFF, 0xFF, 0xFE, 0x7F, 0xFF,
    0x9F, 0x0F, 0xFF, 0x07, 0x80, 0x00, 0x00, 0x00, 0x00, 0x00, 0x00, 0x63, 0x00, 0x00, 0x3B, 0x80,
    0x00, 0x18, 0xC0, 0x00, 0x03, 0x00, 0x00, 0x01, 0xC0, 0x00, 0x00, 0xC0, 0x00, 0x00, 0x00, 0x00,
    0x00, 0x00, 0x0E, 0x0E, 0x0E, 0x07, 0x07, 0x07, 0x0F, 0x7E, 0xFE, 0x78, 0x00, 0x00, 0x63, 0x77,
    0x63, 0x0C, 0x1C, 0x0C, 0x00, 0x06, 0x01, 0xC0, 0x38, 0x07, 0x00, 0xE0, 0x1E, 0x1F, 0xF3, 0xFE,
    0x71, 0xC0, 0x00, 0x00, 0x18, 0xC3, 0xB8, 0x63, 0x01, 0x80, 0x70, 0x06, 0x00, 0x00, 0x00, 0x00,
    0x30, 0x00, 0x38, 0x38, 0x00, 0x1C, 0x1C, 0x00, 0x0E, 0x0E, 0x00, 0x07, 0x07, 0x00, 0x03, 0x83,
    0xE0, 0x1F, 0xF1, 0xFF, 0xFF, 0xFE, 0x7F, 0xFF, 0x9F, 0x0F, 0xFF, 0x07, 0x80, 0x00, 0x00, 0x00,
    0xCC, 0x00, 0x00, 0x77, 0x00, 0x00, 0x33, 0x00, 0x00, 0x00, 0x00, 0x00, 0x0C, 0xC0, 0x00, 0x07,
    0x70, 0x00, 0x03, 0x30, 0x00, 0x00, 0x00, 0x00, 0x00, 0x00, 0x1C, 0x1E, 0x0E, 0x0E, 0x0E, 0x0E,
    0x1E, 0xFE, 0xFC, 0xF8, 0x00, 0x00, 0x66, 0x77, 0x66, 0x66, 0x77, 0x66, 0x00, 0x0C, 0x01, 0xC0,
    0x38, 0x07, 0x00, 0xE0, 0x3E, 0x1F, 0xF3, 0xFE, 0x71, 0xC0, 0x00, 0x00, 0x19, 0x83, 0xB8, 0x66,
    0x0C, 0xC1, 0xDC, 0x33, 0x00, 0x00, 0x00, 0x00, 0x00, 0x00, 0x18, 0x00, 0x00, 0x1C, 0x00, 0x00,
    0x06, 0x00, 0x00, 0x00, 0x00, 0x00, 0x01, 0x80, 0x00, 0x01, 0xC0, 0x00, 0x00, 0x60, 0x00, 0x60,
    0x00, 0x30, 0x70, 0x00, 0x38, 0x38, 0x00, 0x1C, 0x1C, 0x00, 0x0E, 0x0E, 0x00, 0x07, 0x07, 0xC0,
    0x3F, 0xC3, 0xFF, 0xFF, 0xFC, 0xFF, 0xFF, 0x3E, 0x1F, 0xFE, 0x0F, 0x00, 0x18, 0x1C, 0x18, 0x18,
    0x1C, 0x18, 0x00, 0x00, 0x0E, 0x0E, 0x0E, 0x07, 0x07, 0x07, 0x0F, 0x7E, 0x7E, 0x7C, 0x0C, 0x03,
    0x80, 0xC0, 0x00, 0x0C, 0x03, 0x80, 0xC0, 0x00, 0x0C, 0x03, 0x80, 0xE0, 0x38, 0x0E, 0x07, 0xC7,
    0xFD, 0xFF, 0x73, 0xC0, 0x00, 0xD8, 0x00, 0x00, 0xEE, 0x00, 0x00, 0x36, 0x00, 0x00, 0x00, 0x00,
    0x00, 0x0D, 0x80, 0x00, 0x0E, 0xE0, 0x00, 0x03, 0x60, 0x00, 0x80, 0x00, 0x60, 0xE0, 0x00, 0x70,
    0x70, 0x00, 0x38, 0x38, 0x00, 0x1C, 0x1C, 0x00, 0x0E, 0x0F, 0x80, 0x7F, 0x87, 0xFF, 0xFF, 0xF9,
    0xFF, 0xFE, 0x7C, 0x3F, 0xFC, 0x1E, 0x00, 0x66, 0x77, 0x66, 0x66, 0x77, 0x66, 0x00, 0x06, 0x0E,
    0x0E, 0x0E, 0x07, 0x07, 0x07, 0x0F, 0x7E, 0x7E, 0x7C, 0x33, 0x07, 0x70, 0xCC, 0x19, 0x83, 0xB8,
    0x66, 0x00, 0x00, 0x60, 0x0E, 0x01, 0xC0, 0x38, 0x07, 0x01, 0xF0, 0xFF, 0xBF, 0xF3, 0x9E, 0x00,
    0x58, 0x00, 0x00, 0x3E, 0x00, 0x00, 0x19, 0x00, 0x00, 0x09, 0x80, 0x00, 0x0F, 0x80, 0x00, 0x00,
    0x00, 0x01, 0x80, 0x01, 0xC1, 0xC0, 0x00, 0xE0, 0xE0, 0x00, 0x70, 0x70, 0x00, 0x38, 0x38, 0x00,
    0x1C, 0x1F, 0x00, 0xFF, 0x0F, 0xFF, 0xFF, 0xF3, 0xFF, 0xFC, 0xF8, 0x7F, 0xF8, 0x3C, 0x20, 0x58,
    0xF9, 0x92, 0x6F, 0x80, 0x00, 0x0C, 0x3C, 0x38, 0x70, 0xE1, 0xC3, 0xBF, 0xFC, 0xF0, 0x10, 0x05,
    0x81, 0xF0, 0x6C, 0x3F, 0x00, 0x00, 0x00, 0x38, 0x0E, 0x03, 0x80, 0xE0, 0x38, 0x1E, 0x1F, 0xEF,
    0xFD, 0xCE, 0x00, 0x00, 0xC0, 0x00, 0x01, 0xC0, 0x00, 0x00, 0xC0, 0x00, 0x00, 0x00, 0x00, 0x03,
    0x30, 0x00, 0x07, 0x70, 0x00, 0x03, 0x30, 0x00, 0x00, 0x00, 0x00, 0x01, 0xE0, 0x00, 0x07, 0xF0,
    0x00, 0x07, 0xF8, 0x00, 0x0F, 0x38, 0x60, 0x0E, 0x1C, 0xE0, 0x0E, 0x1C, 0xE0, 0x0E, 0x1C, 0xE0,
    0x0E, 0x38, 0xE0, 0x07, 0x78, 0xF8, 0x03, 0xF0, 0xFF, 0xFF, 0xFF, 0x7F, 0xFF, 0xFF, 0x1F, 0xFC,
    0x1F, 0x00, 0x00, 0x30, 0x07, 0x00, 0x30, 0x00, 0x00, 0xCC, 0x1D, 0xC0, 0xCC, 0x00, 0x00, 0x78,
    0x1F, 0xC1, 0xFE, 0x3C, 0xE3, 0x87, 0x38, 0x73, 0x87, 0x3C, 0x71, 0xFF, 0x0F, 0xF0, 0x07, 0x03,
    0xE7, 0xFE, 0x7F, 0xC7, 0xF0, 0x00, 0x00, 0x03, 0x00, 0x0E, 0x00, 0x0C, 0x00, 0x66, 0x01, 0xDC,
    0x01, 0x98, 0x00, 0x00, 0x03, 0xC0, 0x1F, 0xC0, 0x3F, 0xC0, 0xF3, 0x81, 0xC3, 0x83, 0x87, 0x07,
    0x0E, 0x0E, 0x38, 0x0E, 0xF0, 0x0F, 0xC1, 0xFF, 0xFB, 0xFF, 0xF7, 0xC7, 0xE0, 0x00, 0x03, 0x30,
    0x00, 0x07, 0x70, 0x00, 0x03, 0x30, 0x00, 0x03, 0x30, 0x00, 0x07, 0x70, 0x00, 0x03, 0x30, 0x00,
    0x00, 0x00, 0x00, 0x01, 0xE0, 0x00, 0x07, 0xF0, 0x00, 0x07, 0xF8, 0x00, 0x0F, 0x38, 0x60, 0x0E,
    0x1C, 0xE0, 0x0E, 0x1C, 0xE0, 0x0E, 0x1C, 0xE0, 0x0E, 0x38, 0xE0, 0x07, 0x78, 0xF8, 0x03, 0xF0,
    0xFF, 0xFF, 0xFF, 0x7F, 0xFF, 0xFF, 0x1F, 0xFC, 0x1F, 0x0C, 0xC1, 0xDC, 0x0C, 0xC0, 0xCC, 0x1D,
    0xC0, 0xCC, 0x00, 0x00, 0x78, 0x1F, 0xC1, 0xFE, 0x3C, 0xE3, 0x87, 0x38, 0x73, 0x87, 0x3C, 0x71,
    0xFF, 0x0F, 0xF0, 0x07, 0x03, 0xE7, 0xFE, 0x7F, 0xC7, 0xF0, 0x00, 0x00, 0x0C, 0xC0, 0x3B, 0x80,
    0x33, 0x00, 0x66, 0x01, 0xDC, 0x01, 0x98, 0x00, 0x00, 0x03, 0xC0, 0x1F, 0xC0, 0x3F, 0xC0, 0xF3,
    0x81, 0xC3, 0x83, 0x87, 0x07, 0x0E, 0x0E, 0x38, 0x0E, 0xF0, 0x1F, 0xC1, 0xFF, 0xFB, 0xFF, 0xF7,
    0xC7, 0xE0, 0x00, 0x00, 0x0F, 0xE0, 0x07, 0xFC, 0x00, 0xFF, 0xC0, 0x30, 0xF8, 0x00, 0x0F, 0x80,
    0x1F, 0xE0, 0x1F, 0xF8, 0x0F, 0xDC, 0x07, 0x87, 0x83, 0xC0, 0xF8, 0xE3, 0x3E, 0x70, 0xE3, 0x9C,
    0x30, 0x07, 0x00, 0x01, 0xC3, 0x00, 0x70, 0xE0, 0x1E, 0x30, 0x03, 0xE0, 0x70, 0x7F, 0xFC, 0x0F,
    0xFF, 0x00, 0xFF, 0x00, 0x00, 0x00, 0x00, 0x00, 0x07, 0xF0, 0x03, 0xFF, 0x00, 0x7F, 0xE0, 0x18,
    0x7C, 0x00, 0x0F, 0x80, 0x00, 0xF8, 0x01, 0xFE, 0x01, 0xFF, 0x83, 0xFC, 0x07, 0xF8, 0x03, 0xF8,
    0x00, 0xF8, 0x00, 0x00, 0x00, 0x00, 0x00, 0x00, 0x06, 0x00, 0x01, 0xC0, 0x00, 0x60, 0x00, 0x00,
    0x00, 0x06, 0x00, 0x01, 0xC0, 0x00, 0x60, 0x00, 0x00, 0x00, 0x00, 0xFE, 0x00, 0x1F, 0xF8, 0x01,
    0xFF, 0xC0, 0x0C, 0x3F, 0x00, 0x00, 0xFC, 0x00, 0x0F, 0xC0, 0x07, 0xFC, 0x01, 0xFF, 0x00, 0xFE,
    0x78, 0x7F, 0x83, 0xF7, 0xE0, 0x3F, 0x78, 0x00, 0xF0, 0x00, 0x00, 0x00, 0x30, 0x00, 0x03, 0x80,
    0x00, 0x30, 0x00, 0x03, 0x00, 0x00, 0x38, 0x00, 0x03, 0x00, 0x00, 0x00, 0x00, 0x1F, 0x00, 0x1F,
    0xF0, 0x07, 0xFF, 0x00, 0xC3, 0xE0, 0x00, 0x3E, 0x00, 0x3F, 0x80, 0x3F, 0xE0, 0x3F, 0x70, 0x1E,
    0x1E, 0x0F, 0x03, 0xE3, 0x80, 0x79, 0xC0, 0x0E, 0x73, 0x30, 0x1C, 0xEE, 0x07, 0x33, 0x01, 0xC0,
    0x00, 0x70, 0x00, 0x0E, 0x00, 0x03, 0xE0, 0x70, 0x7F, 0xFC, 0x0F, 0xFF, 0x00, 0xFF, 0x00, 0x00,
    0x00, 0x07, 0xF0, 0x03, 0xFF, 0x00, 0x7F, 0xE0, 0x18, 0x7C, 0x00, 0x0F, 0x80, 0x00, 0xF8, 0x01,
    0xFE, 0x01, 0xFF, 0x83, 0xFC, 0x07, 0xF8, 0x03, 0xF8, 0x00, 0xF8, 0x00, 0x00, 0x00, 0x00, 0x00,
    0x00, 0x19, 0x80, 0x07, 0x70, 0x01, 0x98, 0x00, 0x00, 0x00, 0x00, 0x00, 0x00, 0xFE, 0x00, 0x1F,
    0xF8, 0x01, 0xFF, 0xC0, 0x0C, 0x3F, 0x00, 0x00, 0xFC, 0x00, 0x0F, 0xC0, 0x07, 0xFC, 0x01, 0xFF,
    0x00, 0xFE, 0x78, 0x7F, 0x83, 0xF7, 0xE0, 0x3F, 0x78, 0x00, 0xF0, 0x00, 0x00, 0x00, 0xCC, 0x00,
    0x0E, 0xE0, 0x00, 0xCC, 0x00, 0x00, 0x00, 0x0F, 0xE0, 0x07, 0xFC, 0x00, 0xFF, 0xC0, 0x30, 0xF8,
    0x00, 0x0F, 0xC0, 0x1F, 0xF0, 0x1F, 0xFC, 0x0F, 0xDC, 0x07, 0x87, 0x83, 0xC0, 0xFC, 0xE0, 0x3F,
    0x73, 0x33, 0x9D, 0xCE, 0x07, 0x33, 0x01, 0xC3, 0x00, 0x71, 0xC0, 0x1E, 0x30, 0x03, 0xE0, 0x30,
    0x7F, 0xFC, 0x0F, 0xFF, 0x00, 0xFF, 0x80, 0x00, 0x00, 0x00, 0x00, 0x03, 0xF0, 0x03, 0xFF, 0x00,
    0x7F, 0xE0, 0x18, 0x7C, 0x00, 0x07, 0xC0, 0x00, 0xFC, 0x00, 0xFF, 0x01, 0xFF, 0x83, 0xFC, 0x07,
    0xF8, 0x03, 0xF8, 0x00, 0x78, 0x00, 0x00, 0x00, 0x00, 0x00, 0x00, 0x18, 0xC0, 0x07, 0x70, 0x01,
    0x8C, 0x00, 0x0C, 0x00, 0x07, 0x00, 0x00, 0xC0, 0x00, 0x00, 0x00, 0x00, 0x00, 0x01, 0xFC, 0x00,
    0x3F, 0xF0, 0x01, 0xFF, 0x80, 0x18, 0x7E, 0x00, 0x01, 0xF8, 0x00, 0x1F, 0x80, 0x0F, 0xF8, 0x03,
    0xFE, 0x01, 0xFC, 0x70, 0xFF, 0x07, 0xEF, 0xC0, 0x3E, 0xF0, 0x01, 0xE0, 0x00, 0x00, 0x01, 0x8C,
    0x00, 0x1D, 0xC0, 0x01, 0x8C, 0x00, 0x03, 0x00, 0x00, 0x70, 0x00, 0x03, 0x00, 0x00, 0x00, 0x00,
    0x3F, 0x00, 0x1F, 0xF0, 0x07, 0xFE, 0x00, 0xC7, 0xE0, 0x00, 0x7E, 0x00, 0x3F, 0x80, 0x3F, 0xE0,
    0x3F, 0xF8, 0x1F, 0x9C, 0x0F, 0x07, 0x83, 0xB3, 0xF9, 0xCF, 0xFE, 0x73, 0x33, 0x9C, 0x00, 0x07,
    0x33, 0x01, 0xCF, 0xC0, 0x7B, 0x30, 0x0F, 0x80, 0x81, 0xFF, 0xF0, 0x3F, 0xFC, 0x07, 0xFC, 0x00,
    0x00, 0x00, 0x00, 0x00, 0x07, 0xF0, 0x03, 0xFF, 0x00, 0xFF, 0xE0, 0x18, 0x7C, 0x00, 0x07, 0x80,
    0x00, 0xF8, 0x01, 0xFF, 0x01, 0xFF, 0x83, 0xFC, 0x0F, 0xF8, 0x03, 0xF8, 0x00, 0xF0, 0x00, 0x00,
    0x00, 0x00, 0x00, 0x00, 0x19, 0x80, 0x07, 0x70, 0x01, 0x98, 0x00, 0x66, 0x00, 0x1D, 0xC0, 0x06,
    0x60, 0x00, 0x00, 0x00, 0x00, 0x00, 0x00, 0x7F, 0x00, 0x07, 0xFE, 0x00, 0x3F, 0xF8, 0x00, 0x83,
    0xF0, 0x00, 0x07, 0xE0, 0x00, 0x3F, 0x00, 0x0F, 0xF8, 0x01, 0xFF, 0x00, 0x7F, 0x3C, 0x1F, 0xE0,
    0xFC, 0xFC, 0x03, 0xE7, 0x80, 0x0F, 0x00, 0x00, 0x00, 0x03, 0x30, 0x00, 0x1D, 0xC0, 0x00, 0xCC,
    0x00, 0x06, 0x60, 0x00, 0x3B, 0x80, 0x01, 0x98, 0x00, 0x00, 0x00, 0x00, 0x00, 0x00, 0x0C, 0x00,
    0x78, 0x01, 0xE0, 0x03, 0x80, 0x0F, 0x00, 0x1C, 0x00, 0x70, 0x00, 0xE0, 0x03, 0x80, 0x1F, 0x1F,
    0xFF, 0x7F, 0xBD, 0xFC, 0x70, 0x00, 0x00, 0x00, 0x33, 0x00, 0xEE, 0x03, 0x30, 0x00, 0x33, 0x00,
    0xEE, 0x03, 0x30, 0x00, 0x00, 0x00, 0x00, 0x0C, 0x00, 0x70, 0x01, 0xC0, 0x07, 0x80, 0x0E, 0x00,
    0x3C, 0x00, 0x70, 0x01, 0xC0, 0x03, 0x80, 0x0E, 0x00, 0x7C, 0x7F, 0xF9, 0xFE, 0xF7, 0xE1, 0x80,
    0x06, 0x00, 0x38, 0x00, 0x60, 0x0C, 0x60, 0x3B, 0x80, 0xC6, 0x00, 0x00, 0x00, 0x00, 0x07, 0x00,
    0x1E, 0x00, 0x78, 0x00, 0xE0, 0x03, 0xC0, 0x07, 0x00, 0x1C, 0x00, 0x38, 0x00, 0xE0, 0x07, 0xC7,
    0xFF, 0xDF, 0xEF, 0x7F, 0x1C, 0x10, 0x00, 0x40, 0x01, 0x70, 0x07, 0xC0, 0x3F, 0x00, 0x00, 0x00,
    0x00, 0x00, 0x80, 0x0F, 0x00, 0x1C, 0x00, 0x78, 0x01, 0xE0, 0x03, 0x80, 0x0F, 0x00, 0x1C, 0x00,
    0x70, 0x00, 0xE0, 0x0F, 0xC7, 0xFF, 0xBF, 0xDE, 0xFE, 0x18, 0x00, 0x00, 0x60, 0x0E, 0x00, 0x60,
    0x00, 0x03, 0x18, 0x3B, 0x83, 0x18, 0x00, 0x00, 0x00, 0x03, 0x00, 0x70, 0x07, 0x80, 0x38, 0x03,
    0x80, 0x1C, 0x01, 0xF0, 0x1F, 0x03, 0xF0, 0x38, 0x0F, 0x03, 0xF0, 0xFE, 0x07, 0xC0, 0x70, 0x00,
    0x00, 0x08, 0x00, 0x58, 0x03, 0xE0, 0x1B, 0x01, 0xF8, 0x00, 0x00, 0x00, 0x00, 0x00, 0x07, 0x80,
    0x3C, 0x00, 0xE0, 0x07, 0x00, 0x1C, 0x00, 0xF0, 0x07, 0xC0, 0x3E, 0x01, 0xF0, 0x1C, 0x01, 0xE0,
    0x3E, 0x07, 0xE0, 0x3E, 0x01, 0xC0, 0x00, 0x00, 0x00, 0x00, 0x00, 0x00, 0x00, 0x02, 0x00, 0x00,
    0x07, 0x00, 0x00, 0x0F, 0x80, 0x00, 0x1F, 0x80, 0x00, 0x1F, 0x00, 0x00, 0x3E, 0x00, 0x00, 0x1E,
    0x00, 0x00, 0x1C, 0x00, 0x00, 0x07, 0x00, 0x00, 0x03, 0xC0, 0x0C, 0x00, 0xF0, 0x0E, 0x00, 0x3C,
    0x07, 0x00, 0x0E, 0x03, 0x80, 0x07, 0x81, 0xC0, 0x03, 0xE0, 0xF8, 0x07, 0xFC, 0x7F, 0xFF, 0xDF,
    0xDF, 0xFF, 0xC7, 0xE3, 0xFF, 0x80, 0xE0, 0x00, 0x00, 0x03, 0x00, 0x70, 0x1F, 0x07, 0xE1, 0xF8,
    0x3E, 0x07, 0x80, 0x7C, 0x07, 0xF0, 0x0F, 0x80, 0x7C, 0x01, 0xC0, 0x0E, 0x00, 0xE0, 0x1E, 0x07,
    0xC7, 0xFC, 0x7F, 0x87, 0xC0, 0x00, 0x00, 0x00, 0x08, 0x00, 0x38, 0x00, 0xF8, 0x03, 0xF0, 0x07,
    0xC0, 0x1F, 0x00, 0x1C, 0x00, 0x38, 0x00, 0x1C, 0x00, 0x1E, 0x00, 0x0F, 0x00, 0x07, 0x00, 0x07,
    0x80, 0x03, 0xC0, 0x03, 0xE0, 0x0F, 0xF8, 0x7F, 0x7F, 0x7E, 0x3F, 0x78, 0x0E, 0x00, 0x00, 0x00,
    0x00, 0x00, 0x06, 0x00, 0x00, 0x07, 0x00, 0x00, 0x0F, 0x00, 0x00, 0x1E, 0x40, 0x00, 0x3C, 0xE0,
    0x00, 0x3D, 0xF0, 0x00, 0x1B, 0xF0, 0x00, 0x03, 0xE0, 0x00, 0x07, 0xC0, 0x00, 0x03, 0xC0, 0x00,
    0x03, 0x80, 0x00, 0x00, 0xE0, 0x00, 0x00, 0x78, 0x01, 0x80, 0x1E, 0x01, 0xC0, 0x07, 0x00, 0xE0,
    0x01, 0xC0, 0x70, 0x00, 0xF0, 0x38, 0x00, 0x7C, 0x1F, 0x00, 0xFF, 0x8F, 0xFF, 0xFB, 0xF3, 0xFF,
    0xF8, 0xFC, 0x7F, 0xF0, 0x1C, 0x00, 0x00, 0x03, 0x00, 0x70, 0x1E, 0x07, 0xB1, 0xE7, 0x39, 0xF3,
    0x7E, 0x1F, 0x83, 0xE0, 0x78, 0x07, 0xC0, 0x7F, 0x00, 0xF8, 0x07, 0xC0, 0x1C, 0x00, 0xE0, 0x0E,
    0x01, 0xE0, 0x7C, 0x7F, 0xC7, 0xF8, 0x7C, 0x00, 0x00, 0x00, 0x00, 0x18, 0x00, 0x38, 0x00, 0xF0,
    0x03, 0xC8, 0x0F, 0x38, 0x1C, 0xF8, 0x1B, 0xF0, 0x07, 0xC0, 0x1F, 0x00, 0x1C, 0x00, 0x38, 0x00,
    0x1C, 0x00, 0x1E, 0x00, 0x0F, 0x00, 0x07, 0x80, 0x07, 0x80, 0x03, 0xC0, 0x03, 0xE0, 0x0F, 0xF8,
    0x7F, 0x7F, 0x7E, 0x3F, 0x78, 0x0E, 0x00, 0x00, 0x00, 0x00, 0x00, 0x06, 0x00, 0x00, 0x07, 0x00,
    0x00, 0x0F, 0x00, 0x00, 0x1E, 0xC0, 0x00, 0x3C, 0xE0, 0x00, 0x39, 0xF0, 0x00, 0x1B, 0xF0, 0x00,
    0x07, 0xE0, 0x00, 0x07, 0xC0, 0x00, 0x07, 0x80, 0x00, 0x03, 0x80, 0x00, 0x01, 0xE0, 0x00, 0x00,
    0x78, 0x01, 0x80, 0x1E, 0x01, 0xC0, 0x07, 0x00, 0xE0, 0x01, 0xC0, 0x70, 0x00, 0xF0, 0x38, 0x00,
    0x7C, 0x1F, 0x00, 0xFF, 0x8F, 0xFF, 0xFB, 0xF3, 0xFF, 0xF8, 0xFC, 0x7F, 0xF0, 0x1C, 0x00, 0x00,
    0x00, 0x00, 0x00, 0x00, 0x00, 0xC0, 0x00, 0x00, 0x70, 0x00, 0x00, 0x30, 0x00, 0x00, 0x18, 0x00,
    0x00, 0x0E, 0x00, 0x00, 0x06, 0x00, 0x00, 0x00, 0x00, 0x00, 0x00, 0x00, 0x03, 0x00, 0x70, 0x1E,
    0x07, 0x91, 0xE7, 0x3D, 0xF3, 0x7E, 0x0F, 0x83, 0xE0, 0x38, 0x07, 0xC0, 0x3F, 0x00, 0xF8, 0x03,
    0xC0, 0x1C, 0x00, 0xE0, 0x0E, 0x01, 0xE0, 0x7C, 0x7F, 0xC7, 0xF8, 0x7C, 0x00, 0x00, 0x00, 0x01,
    0x80, 0x1C, 0x01, 0x80, 0x00, 0x01, 0x80, 0x1C, 0x01, 0x80, 0x00, 0x00, 0x00, 0x18, 0x00, 0x78,
    0x00, 0xE0, 0x03, 0xD8, 0x0F, 0x78, 0x1C, 0xF8, 0x1B, 0xE0, 0x0F, 0xC0, 0x1F, 0x00, 0x1C, 0x00,
    0x38, 0x00, 0x1C, 0x00, 0x1E, 0x00, 0x0F, 0x00, 0x07, 0x00, 0x07, 0x80, 0x03, 0xC0, 0x03, 0xE0,
    0x0F, 0xF8, 0x7E, 0x7E, 0x7E, 0x3E, 0x78, 0x0E, 0x00, 0x00, 0x00, 0x00, 0x01, 0x80, 0x01, 0xC0,
    0x01, 0x80, 0x00, 0x00, 0x01, 0x80, 0x01, 0xC0, 0x01, 0x80, 0x00, 0x00, 0x00, 0x00, 0x33, 0x00,
    0x00, 0x3B, 0x83, 0x00, 0x0C, 0xC7, 0x80, 0x00, 0x0F, 0x00, 0x00, 0x1F, 0x60, 0x00, 0x1E, 0xF0,
    0x00, 0x1C, 0xF8, 0x00, 0x09, 0xF8, 0x00, 0x03, 0xF0, 0x00, 0x07, 0xE0, 0x00, 0x03, 0xC0, 0x00,
    0x01, 0xC0, 0x00, 0x00, 0xF0, 0x00, 0x00, 0x3C, 0x00, 0xC0, 0x0E, 0x00, 0xE0, 0x07, 0x80, 0x70,
    0x01, 0xE0, 0x38, 0x00, 0xF8, 0x1C, 0x00, 0x7E, 0x0F, 0x80, 0xFF, 0xC7, 0xFF, 0xFD, 0xF9, 0xFF,
    0xFC, 0x7E, 0x3F, 0xF8, 0x0E, 0xCC, 0x07, 0x70, 0xF3, 0x1E, 0x01, 0xE0, 0x3D, 0x87, 0x9C, 0x73,
    0xE3, 0x7E, 0x0F, 0xC0, 0xF8, 0x07, 0x00, 0x7C, 0x01, 0xF8, 0x03, 0xE0, 0x07, 0x80, 0x1E, 0x00,
    0x70, 0x03, 0x80, 0x1C, 0x03, 0xE3, 0xFE, 0x1F, 0xE0, 0xFC, 0x00, 0xCC, 0x00, 0x77, 0x0E, 0x33,
    0x0E, 0x00, 0x1E, 0x00, 0x3C, 0xC0, 0x79, 0xE0, 0x3B, 0xF0, 0x37, 0xE0, 0x07, 0xC0, 0x0F, 0x80,
    0x07, 0x80, 0x03, 0x80, 0x01, 0xC0, 0x00, 0x70, 0x00, 0x3C, 0x00, 0x0F, 0x00, 0x03, 0xC0, 0x01,
    0xF0, 0x00, 0xFC, 0x00, 0xFF, 0x03, 0xF3, 0xF3, 0xF0, 0xF9, 0xE0, 0x3C, 0x00, 0x00, 0x00, 0x07,
    0x00, 0x01, 0xC0, 0x00, 0x70, 0x60, 0x1E, 0x18, 0x03, 0xCE, 0x00, 0xFF, 0x80, 0x3F, 0xE0, 0x0F,
    0xB8, 0x03, 0x8E, 0x01, 0xC3, 0xE0, 0xF0, 0x7F, 0xFC, 0x0F, 0xFE, 0x01, 0xFE, 0x00, 0x00, 0x00,
    0x04, 0x00, 0x01, 0x60, 0x00, 0x7C, 0x00, 0x1B, 0x00, 0x0F, 0xC0, 0x00, 0x00, 0x00, 0x01, 0xC0,
    0x00, 0x70, 0x00, 0x1C, 0x18, 0x07, 0x8E, 0x00, 0xF3, 0x80, 0x3F, 0xE0, 0x0F, 0xF8, 0x03, 0xEE,
    0x00, 0xE3, 0x80, 0x70, 0xF8, 0x3C, 0x1F, 0xFF, 0x03, 0xFF, 0x80, 0x7F, 0x80, 0x00, 0x00, 0x00,
    0x20, 0x58, 0xF9, 0x92, 0x6F, 0x80, 0x00, 0x0C, 0x3C, 0x38, 0x70, 0xE1, 0xC3, 0xBF, 0xFC, 0xF0,
    0x10, 0x05, 0x81, 0xF0, 0x6C, 0x3F, 0x00, 0x00, 0x00, 0x38, 0x0E, 0x03, 0x80, 0xE0, 0x38, 0x1E,
    0x1F, 0xEF, 0xFD, 0xCE, 0x01, 0xE0, 0x1F, 0x00, 0xC0, 0x03, 0xC0, 0x3E, 0x01, 0x80, 0x00, 0x00,
    0x38, 0x01, 0xC0, 0x3E, 0x07, 0xF0, 0x7F, 0x87, 0x1C, 0x70, 0xE3, 0x87, 0x1C, 0x78, 0xFF, 0xE3,
    0xFF, 0xCF, 0xBE, 0x00, 0xE0, 0x00, 0x00, 0x07, 0x80, 0x1F, 0xC0, 0x1F, 0xE0, 0x3C, 0xF0, 0x38,
    0xF8, 0x78, 0x7E, 0x70, 0x3F, 0x70, 0x0E, 0x70, 0x00, 0x00, 0x00, 0x00, 0x0E, 0x0E, 0x0E, 0x07,
    0x07, 0x07, 0x0F, 0x7E, 0x7E, 0x7C, 0x00, 0x08, 0x08, 0x18, 0x1C, 0x1C, 0x1C, 0x01, 0x80, 0x00,
    0x60, 0x00, 0x38, 0x00, 0x0E, 0x00, 0x07, 0x80, 0x03, 0xE0, 0x07, 0xF8, 0xF9, 0xFE, 0x7E, 0x7B,
    0xBF, 0x80, 0xEF, 0x00, 0x3F, 0x80, 0x07, 0xC0, 0x01, 0xF0, 0x00, 0x7C, 0x00, 0x0F, 0x00, 0x01,
    0xE0, 0x00, 0x60, 0x00, 0x00, 0x78, 0x01, 0xFC, 0x03, 0xFC, 0x03, 0x9E, 0x07, 0x0E, 0x07, 0x0E,
    0x06, 0x1C, 0x0E, 0x1C, 0x2E, 0x78, 0x7F, 0xFF, 0x7F, 0xFF, 0x7F, 0xFF, 0x0E, 0x38, 0x06, 0x0C,
    0x07, 0x0E, 0x07, 0x9E, 0x03, 0xFE, 0x01, 0xFC, 0x00, 0xF8, 0x00, 0x00, 0x03, 0x00, 0x03, 0xE0,
    0x01, 0xF8, 0x00, 0xFF, 0x00, 0x7F, 0xE0, 0x63, 0xF8, 0x30, 0xFE, 0x18, 0x6F, 0x0C, 0x33, 0xC7,
    0x38, 0xE1, 0xF8, 0xF7, 0xFF, 0xF3, 0xFF, 0xF1, 0xF3, 0xF0, 0x01, 0xE0, 0x1F, 0xC0, 0x7F, 0x03,
    0x9E, 0x1C, 0x38, 0x70, 0xE1, 0x87, 0x0E, 0x1C, 0x39, 0xE1, 0xFF, 0xFF, 0xFF, 0xFF, 0xFF, 0x38,
    0xE0, 0x60, 0xC1, 0xC3, 0x87, 0x9E, 0x0F, 0xF8, 0x1F, 0xC0, 0x3E, 0x00, 0x00, 0x00, 0x00, 0x7F,
    0xFF, 0x1F, 0xFF, 0xF3, 0xFF, 0xFF, 0x78, 0x00, 0x0E, 0x00, 0x00, 0xE0, 0x00, 0x0E, 0x00, 0x00,
    0xFF, 0xFF, 0xE7, 0xFF, 0xFE, 0x3F, 0xFF, 0xC0, 0x00, 0x00, 0x0F, 0x00, 0x01, 0xF0, 0x00, 0x18,
    0x00, 0x00, 0xD0, 0x00, 0x1F, 0x00, 0x01, 0xC0, 0x00, 0x00, 0x00, 0x00, 0x00, 0x00, 0x07, 0xFF,
    0xE1, 0xFF, 0xFE, 0x3F, 0xFF, 0xE7, 0x80, 0x00, 0xE0, 0x00, 0x0E, 0x00, 0x00, 0xE0, 0x00, 0x0F,
    0xFF, 0xFC, 0x7F, 0xFF, 0xC3, 0xFF, 0xFC, 0x00, 0x00, 0x00, 0x1B, 0xE0, 0x1B, 0xE0, 0x01, 0x9B,
    0xBE, 0x60, 0x01, 0x9B, 0xBE, 0x60, 0x00, 0x30, 0xE0, 0xCC, 0x7D, 0xF1, 0x80, 0x00, 0x30, 0xE0,
    0xCC, 0x7D, 0xF1, 0x80, 0x01, 0x8F, 0xBE, 0x31, 0x87, 0x06, 0x00, 0x01, 0x8F, 0xBE, 0x31, 0x87,
    0x06, 0x00, 0xCD, 0xDF, 0x36, 0x6E, 0xF9, 0x80, 0xCD, 0xDF, 0x36, 0x6E, 0xF9, 0x80, 0xDF, 0x0D,
    0xF0, 0xDF, 0x0D, 0xF0, 0x32, 0xD2, 0xF0, 0x00, 0x00, 0x40, 0xB1, 0xF3, 0x2F, 0xC0, 0x00, 0x00,
    0x01, 0x80, 0x00, 0x0E, 0x00, 0x00, 0x60, 0x00, 0x0C, 0x60, 0x00, 0x77, 0x00, 0x03, 0x18, 0x00,
    0x00, 0x00, 0x00, 0x00, 0x00, 0x01, 0xC0, 0x00, 0x0E, 0x00, 0x00, 0x70, 0x00, 0x03, 0x80, 0x00,
    0x1C, 0x00, 0x18, 0xE0, 0x03, 0x87, 0x00, 0x38, 0x38, 0x01, 0xE1, 0xC0, 0x01, 0x8E, 0x18, 0xFC,
    0x71, 0xC7, 0xC3, 0x8E, 0x00, 0x1C, 0x70, 0x00, 0xE3, 0x80, 0x07, 0x1F, 0x01, 0xFC, 0xFF, 0xFF,
    0xFB, 0xFF, 0xFB, 0xC7, 0xFE, 0x0E, 0x18, 0x01, 0xC0, 0x06, 0x01, 0x8C, 0x0E, 0xE0, 0x63, 0x1C,
    0x01, 0xE0, 0x3E, 0x07, 0xE0, 0x7C, 0x07, 0x80, 0x78, 0x03, 0xE0, 0x0F, 0x80, 0x1E, 0x00, 0x78,
    0x01, 0xE0, 0x07, 0x00, 0x38, 0x01, 0xC0, 0x3E, 0x1F, 0xE0, 0xFE, 0x07, 0xC0, 0x18, 0x00, 0x38,
    0x00, 0x18, 0x00, 0xC6, 0x00, 0xEE, 0x00, 0xC6, 0x38, 0x00, 0x78, 0x01, 0xF0, 0x07, 0xE0, 0x0F,
    0x80, 0x1E, 0x00, 0x3C, 0x00, 0x38, 0x00, 0x3C, 0x00, 0x1E, 0x00, 0x0E, 0x00, 0x07, 0x00, 0x07,
    0x80, 0x07, 0xC0, 0x07, 0xE0, 0x0F, 0xF0, 0x7E, 0x7E, 0x7C, 0x3E, 0x78, 0x1E, 0x06, 0x00, 0x3C,
    0x00, 0xD0, 0x01, 0xC0, 0x06, 0x00, 0x30, 0x00, 0x00, 0x03, 0xC0, 0x3F, 0x80, 0xFF, 0x07, 0x9E,
    0x1C, 0x38, 0x70, 0xE1, 0xE3, 0x87, 0xFF, 0xCF, 0xFF, 0x1F, 0xF8, 0x07, 0x80, 0x3C, 0x01, 0xF0,
    0x3F, 0x83, 0xFC, 0x07, 0xC0, 0x18, 0x00, 0x00, 0x00, 0x24, 0x00, 0xF0, 0x03, 0x80, 0x06, 0x00,
    0x00, 0x00, 0xF0, 0x0F, 0xE0, 0x3F, 0xC1, 0xE7, 0x87, 0x0E, 0x1C, 0x38, 0x78, 0xE1, 0xFF, 0xF3,
    0xFF, 0xC7, 0xFE, 0x00, 0xE0, 0x07, 0x00, 0x7C, 0x0F, 0xE0, 0xFF, 0x01, 0xF0, 0x06, 0x00, 0x00,
    0x00, 0x00, 0x18, 0x00, 0x60, 0x01, 0x80, 0x06, 0x00, 0x18, 0x00, 0x00, 0x03, 0xC0, 0x3F, 0x80,
    0xFF, 0x07, 0x9E, 0x1C, 0x38, 0x70, 0xE1, 0xE3, 0x87, 0xFF, 0xCF, 0xFF, 0x1F, 0xF8, 0x03, 0x80,
    0x1C, 0x01, 0xF0, 0x3F, 0x83, 0xFC, 0x07, 0xC0, 0x18, 0x00, 0x06, 0x00, 0x38, 0x00, 0x60, 0x06,
    0x60, 0x39, 0xC0, 0x66, 0x00, 0x00, 0x00, 0x00, 0x0F, 0x00, 0xFE, 0x03, 0xFC, 0x1E, 0x78, 0x70,
    0xE1, 0xC3, 0x87, 0x8E, 0x1F, 0xFF, 0x3F, 0xFC, 0x7F, 0xE0, 0x0E, 0x00, 0x70, 0x07, 0xC0, 0xFE,
    0x0F, 0xF0, 0x1F, 0x00, 0x60, 0x00, 0x00, 0x00, 0x3C, 0x03, 0xF8, 0x0F, 0xF0, 0x79, 0xE1, 0xC3,
    0x87, 0x0E, 0x1E, 0x38, 0x7F, 0xFC, 0xFF, 0xF1, 0xFF, 0x80, 0x78, 0x7F, 0xC0, 0x3F, 0x07, 0xF8,
    0x1F, 0x80, 0x78, 0x00, 0x00, 0x00, 0x06, 0x00, 0x38, 0x00, 0xF0, 0x06, 0x40, 0x00, 0x00, 0x00,
    0x00, 0xF0, 0x0F, 0xE0, 0x3F, 0xC1, 0xC7, 0x87, 0x0E, 0x1C, 0x38, 0x78, 0xE1, 0xFF, 0xF3, 0xFF,
    0xC7, 0xFE, 0x00, 0xE0, 0x07, 0x00, 0x7C, 0x0F, 0xE0, 0xFF, 0x01, 0xF0, 0x06, 0x00, 0x00, 0x60,
    0x00, 0x18, 0x08, 0x0E, 0x07, 0xE3, 0x81, 0xFF, 0xE0, 0x3F, 0xF8, 0x01, 0xFE, 0x00, 0x73, 0xE0,
    0xF8, 0x7F, 0xFE, 0x0F, 0xFF, 0x01, 0xFF, 0x00, 0x00, 0x00, 0x00, 0x00, 0x00, 0xC0, 0x00, 0x70,
    0x00, 0x0C, 0x00, 0x00, 0x00, 0x00, 0xC0, 0x00, 0x70, 0x00, 0x0C, 0x00, 0x00, 0x38, 0x38, 0x70,
    0xE1, 0xC3, 0x87, 0x7F, 0xFB, 0xE0, 0x00, 0x03, 0x07, 0x0C, 0x00, 0x30, 0x70, 0xC0, 0x0C, 0x03,
    0x80, 0xE0, 0x38, 0x0E, 0x07, 0xC7, 0xFD, 0xFF, 0x73, 0xC0, 0x00, 0x00, 0x30, 0x0E, 0x03, 0x00,
    0x00, 0x30, 0x0E, 0x03, 0x00, 0x00, 0x0E, 0x0E, 0x0E, 0x07, 0x07, 0x07, 0x0F, 0x7E, 0x7E, 0x7C,
    0x0C, 0x03, 0x80, 0xE0, 0x38, 0x0E, 0x07, 0xC7, 0xFD, 0xFF, 0x73, 0xC0, 0x60, 0x00, 0x18, 0x08,
    0x0E, 0x03, 0xE3, 0x81, 0xFF, 0xE0, 0x1F, 0xF8, 0x01, 0xFE, 0x00, 0x73, 0xE0, 0xF8, 0x7F, 0xFE,
    0x0F, 0xFF, 0x01, 0xFF, 0x00, 0x00, 0x00, 0x00, 0x1C, 0x1E, 0x0E, 0x0E, 0x0E, 0x0E, 0x0E, 0x7E,
    0xFC, 0x78, 0x00, 0x00, 0x66, 0x77, 0x66, 0x00, 0x0C, 0x03, 0x80, 0xE0, 0x38, 0x0E, 0x07, 0xC7,
    0xFD, 0xFF, 0x73, 0xC0, 0x00, 0x00, 0xCC, 0x3B, 0x8C, 0xC0, 0x00, 0x0C, 0x01, 0x80, 0x30, 0x06,
    0x00, 0xC0, 0x00, 0x00, 0x00, 0xE0, 0x1C, 0x03, 0x80, 0x00, 0x00, 0x00, 0x60, 0x1E, 0x01, 0xE0,
    0x1E, 0x01, 0xC0, 0x3C, 0x03, 0x80, 0x70, 0x0E, 0x03, 0xDF, 0xFB, 0xFE, 0x7F, 0x00, 0x06, 0x01,
    0x80, 0x60, 0x18, 0x06, 0x00, 0x00, 0x00, 0x1E, 0x07, 0x80, 0xE0, 0x38, 0x0F, 0x01, 0xC0, 0x70,
    0x1C, 0x0E, 0x03, 0x83, 0xE3, 0xF1, 0xF8, 0x7C, 0x1C, 0x00, 0x00, 0x38, 0xF9, 0x93, 0xE3, 0x8E,
    0x08, 0x6B, 0xD7, 0xFD, 0xF0, 0x00, 0x20, 0x40, 0x81, 0x02, 0x01, 0xEB, 0xFF, 0xF8, 0x00, 0x7C,
    0xFC, 0x1C, 0xFC, 0xE0, 0x00, 0x70, 0x70, 0x70, 0x70, 0x70, 0x70, 0x70, 0x70, 0x70, 0x70, 0x70,
    0x70, 0x38, 0x3E, 0x3E, 0x0E, 0x01, 0xFF, 0xC7, 0xFF, 0x80, 0x1C, 0x71, 0xC7, 0x1C, 0x71, 0xC7,
    0x1C, 0x71, 0xC7, 0x1C, 0x71, 0xC7, 0x00, 0x00, 0x80, 0x60, 0x30, 0x1C, 0x0E, 0x03, 0x81, 0xC0,
    0x70, 0x7E, 0x1F, 0x87, 0xE3, 0x9C, 0xE7, 0x39, 0xC7, 0xE1, 0xF8, 0x7E, 0x07, 0x01, 0xC0, 0x38,
    0x0E, 0x01, 0xC0, 0x30, 0x06, 0x00, 0x80, 0x40, 0x18, 0x03, 0x00, 0xE0, 0x1C, 0x07, 0x00, 0xE0,
    0x38, 0x1F, 0x87, 0xE1, 0xF8, 0xE7, 0x39, 0xCE, 0x71, 0xF8, 0x7E, 0x1F, 0x83, 0x80, 0xE0, 0x70,
    0x1C, 0x0E, 0x03, 0x01, 0x80, 0x40, 0x00, 0x00, 0x00, 0x00, 0x00, 0x00, 0xC0, 0x00, 0x00, 0x18,
    0x00, 0x00, 0x03, 0x00, 0x00, 0x00, 0x60, 0x00, 0x00, 0x6F, 0x01, 0xC0, 0x0D, 0xE0, 0x38, 0x01,
    0xFC, 0xC7, 0x00, 0x19, 0x38, 0xE0, 0x00, 0x07, 0x1C, 0x00, 0x38, 0xE3, 0x80, 0x07, 0x1C, 0x70,
    0x1C, 0xE3, 0x8E, 0x03, 0x9C, 0x71, 0xC0, 0xF3, 0x8E, 0x38, 0xFE, 0x71, 0xC7, 0x3F, 0xCE, 0x38,
    0xEF, 0x39, 0xC7, 0x1F, 0x87, 0x38, 0xE3, 0xF0, 0xE7, 0x1C, 0x7E, 0x3C, 0xF3, 0x8F, 0xFF, 0xFF,
    0xF1, 0xDF, 0xBF, 0xFC, 0x39, 0xE3, 0xCF, 0x07, 0x0F, 0xFE, 0x1F, 0xF8, 0x00, 0x0C, 0x3C, 0x6B,
    0xFF, 0xC7, 0x84, 0x00, 0x07, 0xFF, 0x1F, 0xFC, 0x00, 0x01, 0xFF, 0xC0, 0x33, 0xDA, 0xF3, 0x39,
    0x00, 0x00, 0x0F, 0x5F, 0xFF, 0xC0, 0x39, 0xB4, 0x53, 0x38, 0x00, 0x70, 0x7C, 0xCC, 0x00, 0x30,
    0x38, 0x38, 0x38, 0x38, 0x38, 0x38, 0x38, 0x38, 0x38, 0x38, 0x38, 0x3C, 0x3E, 0x1E, 0x0E, 0x38,
    0x78, 0x60, 0x60, 0x7C, 0xF8, 0x00, 0x38, 0x38, 0x38, 0x38, 0x38, 0x38, 0x38, 0x38, 0x38, 0x38,
    0x38, 0x38, 0x3C, 0x3E, 0x1E, 0x0E, 0x07, 0x00, 0x3C, 0x00, 0x80, 0x03, 0x00, 0x1F, 0x80, 0x78,
    0x00, 0x00, 0x03, 0xC0, 0x3F, 0x80, 0xFF, 0x07, 0x9E, 0x1C, 0x38, 0x70, 0xE1, 0xE3, 0x87, 0xFF,
    0xCF, 0xFF, 0x1F, 0xF8, 0x03, 0x80, 0x1C, 0x01, 0xF0, 0x3F, 0x83, 0xFC, 0x07, 0xC0, 0x18, 0x00,
    0x00, 0xE1, 0xC3, 0x87, 0x0E, 0x1C, 0x38, 0x70, 0xE1, 0xC3, 0x87, 0x0E, 0x1C, 0x38, 0x78, 0x7C,
    0xF8, 0x60, 0x07, 0x1E, 0x30, 0x61, 0xFB, 0xC0, 0x3C, 0x00, 0x0F, 0x80, 0x01, 0x80, 0x00, 0x1A,
    0x00, 0x07, 0xC0, 0x00, 0xC0, 0x00, 0x00, 0x00, 0x01, 0x80, 0x00, 0x70, 0x10, 0x0E, 0x03, 0xE1,
    0xC0, 0xFF, 0xB8, 0x07, 0xF7, 0x00, 0x3E, 0xE0, 0x07, 0x1F, 0x07, 0xC1, 0xFF, 0xF8, 0x1F, 0xFE,
    0x01, 0xFF, 0x00, 0x00, 0x00, 0x00, 0x1E, 0x3C, 0x30, 0x3A, 0x7E, 0x30, 0x00, 0x0E, 0x0E, 0x0E,
    0x07, 0x07, 0x07, 0x0F, 0x7E, 0x7E, 0x7C, 0x0E, 0x07, 0x81, 0x80, 0x60, 0x1F, 0x0F, 0x80, 0x00,
    0x30, 0x0E, 0x03, 0x80, 0xE0, 0x38, 0x1F, 0x1F, 0xF7, 0xFD, 0xC7, 0x03, 0x8E, 0x38, 0xE3, 0x8E,
    0x38, 0xE3, 0x8E, 0x38, 0xE3, 0x8E, 0x38, 0xF3, 0xE7, 0x8E, 0x00, 0x00, 0x00, 0x30, 0x00, 0x38,
    0x38, 0x00, 0x1C, 0x1C, 0x00, 0x0E, 0x0E, 0x00, 0x07, 0x07, 0x00, 0x03, 0x83, 0xE0, 0x1F, 0xF1,
    0xFF, 0xFF, 0xFE, 0x7F, 0xFF, 0x9F, 0x0F, 0xFF, 0x07, 0x80, 0x00, 0x00, 0x00, 0x00, 0x00, 0x00,
    0x18, 0x00, 0x00, 0x0E, 0x00, 0x00, 0x06, 0x00, 0x00, 0x00, 0x18, 0x38, 0x70, 0xE1, 0xC3, 0x87,
    0x7F, 0xF9, 0xE0, 0x00, 0x03, 0x07, 0x0C, 0x00, 0x06, 0x01, 0xC0, 0x38, 0x07, 0x00, 0xE0, 0x1E,
    0x1F, 0xF3, 0xFE, 0x79, 0xC0, 0x00, 0x00, 0x07, 0x00, 0xE0, 0x1C, 0x00, 0x00, 0x00, 0x00, 0x19,
    0x81, 0xDC, 0x06, 0x60, 0x00, 0x00, 0x00, 0x07, 0x00, 0x38, 0x03, 0xC0, 0xFE, 0x0F, 0xF0, 0xE3,
    0x8E, 0x1C, 0x70, 0xE3, 0x8F, 0x1F, 0xFC, 0x7F, 0xF9, 0xF7, 0xC0, 0x1C, 0x00, 0x00, 0x00, 0x00,
    0x66, 0x00, 0x00, 0x77, 0x00, 0x00, 0x19, 0x80, 0x00, 0x00, 0x00, 0x03, 0x00, 0x03, 0x83, 0x80,
    0x01, 0xC1, 0xC0, 0x00, 0xE0, 0xE0, 0x00, 0x70, 0x70, 0x00, 0x38, 0x3E, 0x01, 0xFE, 0x1F, 0xFF,
    0xFF, 0xE7, 0xFF, 0xF9, 0xF0, 0xFF, 0xF0, 0x78, 0x66, 0x77, 0x66, 0x00, 0x00, 0x0E, 0x0E, 0x0E,
    0x07, 0x07, 0x07, 0x0F, 0x7E, 0x7E, 0x7C, 0x33, 0x0E, 0xE3, 0x30, 0x00, 0x00, 0x03, 0x00, 0xE0,
    0x38, 0x0E, 0x03, 0x81, 0xF1, 0xFF, 0x7F, 0xDC, 0xF0, 0x00, 0x30, 0x00, 0x00, 0x38, 0x00, 0x00,
    0x0C, 0x00, 0x00, 0x31, 0x80, 0x00, 0x1D, 0xC0, 0x00, 0x0C, 0x60, 0x00, 0x00, 0x00, 0x00, 0xC0,
    0x00, 0xE0, 0xE0, 0x00, 0x70, 0x70, 0x00, 0x38, 0x38, 0x00, 0x1C, 0x1C, 0x00, 0x0E, 0x0F, 0x80,
    0x7F, 0x87, 0xFF, 0xFF, 0xF9, 0xFF, 0xFE, 0x7C, 0x3F, 0xFC, 0x1E, 0x00, 0x0C, 0x1C, 0x0C, 0x66,
    0x77, 0x66, 0x00, 0x00, 0x0E, 0x0E, 0x0E, 0x07, 0x07, 0x07, 0x0F, 0x7E, 0x7E, 0x7C, 0x00, 0x00,
    0xC0, 0x38, 0x03, 0x00, 0x00, 0x63, 0x0E, 0xE1, 0x8C, 0x00, 0x00, 0x00, 0x38, 0x07, 0x00, 0xE0,
    0x1C, 0x03, 0xC3, 0xFE, 0x7F, 0xCE, 0x38, 0x1F, 0x00, 0x1F, 0xF0, 0x07, 0xFE, 0x00, 0xC7, 0xE0,
    0x00, 0x3E, 0x00, 0x3F, 0x80, 0x7F, 0xE0, 0x3F, 0x70, 0x1E, 0x1E, 0x0F, 0x03, 0xE3, 0x80, 0xF9,
    0xC0, 0x0E, 0x70, 0xC0, 0x1C, 0x38, 0x07, 0x0C, 0x01, 0xC0, 0x00, 0x78, 0x00, 0x0F, 0x81, 0xC1,
    0xFF, 0xF0, 0x3F, 0xFC, 0x03, 0xFC, 0x00, 0x00, 0x00, 0x00, 0x00, 0x03, 0xF0, 0x03, 0xFF, 0x00,
    0x7F, 0xE0, 0x18, 0x7C, 0x00, 0x0F, 0x80, 0x00, 0xF8, 0x01, 0xFE, 0x01, 0xFF, 0x83, 0xFC, 0x07,
    0xF8, 0x03, 0xF8, 0x00, 0x78, 0x00, 0x00, 0x00, 0x00, 0x00, 0x00, 0x06, 0x00, 0x01, 0xC0, 0x00,
    0x60, 0x00, 0x00, 0x00, 0x00, 0x00, 0x03, 0xF8, 0x00, 0xFF, 0x80, 0x0F, 0xFC, 0x01, 0x87, 0xE0,
    0x00, 0x3F, 0x00, 0x07, 0xE0, 0x07, 0xFC, 0x03, 0xFE, 0x03, 0xF9, 0xC3, 0xFC, 0x3F, 0xFE, 0x03,
    0xFF, 0x00, 0x1E, 0x00, 0x00, 0x00, 0x18, 0x00, 0x03, 0x80, 0x00, 0x60, 0x00, 0x00, 0x00, 0x00,
    0x00, 0x0F, 0xE0, 0x07, 0xFC, 0x00, 0xFF, 0xC0, 0x30, 0xF8, 0x00, 0x0F, 0xC0, 0x0F, 0xF0, 0x1F,
    0xFC, 0x0F, 0xDC, 0x07, 0x83, 0x83, 0xC0, 0xFC, 0xE0, 0x1F, 0x70, 0x03, 0x9C, 0x00, 0x07, 0x00,
    0x01, 0xC0, 0x00, 0x70, 0x00, 0x1E, 0x00, 0x03, 0xE0, 0x70, 0x7F, 0xFC, 0x0F, 0xFF, 0x00, 0xFF,
    0x80, 0x00, 0x00, 0x00, 0x00, 0x03, 0xF0, 0x03, 0xFF, 0x00, 0x7F, 0xE0, 0x18, 0x7C, 0x00, 0x07,
    0xC0, 0x00, 0xFC, 0x00, 0xFF, 0x01, 0xFF, 0xC3, 0xFE, 0x07, 0xFC, 0x03, 0xF8, 0x00, 0x78, 0x00,
    0x00, 0x00, 0x00, 0x00, 0xFE, 0x00, 0x1F, 0xF0, 0x01, 0xFF, 0xC0, 0x08, 0x7E, 0x00, 0x00, 0xFC,
    0x00, 0x1F, 0xC0, 0x07, 0xFC, 0x01, 0xFE, 0x00, 0xFC, 0x70, 0x7F, 0x87, 0xFF, 0xE0, 0x3F, 0x70,
    0x00, 0xE0, 0x06, 0x00, 0x03, 0x80, 0x00, 0x60, 0x00, 0x00, 0x00, 0x00, 0x00, 0x0F, 0xC0, 0x07,
    0xFC, 0x00, 0xFF, 0xC0, 0x30, 0xF8, 0x00, 0x0F, 0x80, 0x1F, 0xE0, 0x1F, 0xF8, 0x0F, 0xDC, 0x07,
    0x87, 0x03, 0x81, 0xF8, 0xE0, 0x3E, 0x70, 0x03, 0x9C, 0x00, 0x07, 0x00, 0x01, 0xC0, 0x00, 0x70,
    0x00, 0x1E, 0x00, 0x03, 0xE0, 0x60, 0x7F, 0xFC, 0x0F, 0xFF, 0x01, 0xFF, 0x00, 0x00, 0x00, 0x06,
    0x00, 0x03, 0x80, 0x01, 0x80, 0x00, 0x00, 0x00, 0x00, 0x00, 0xFE, 0x00, 0xFF, 0x80, 0x3F, 0xE0,
    0x18, 0x7C, 0x00, 0x1F, 0x00, 0x03, 0xE0, 0x0F, 0xF0, 0x1F, 0xF8, 0xFF, 0x81, 0xFE, 0x01, 0xFC,
    0x00, 0xF0, 0x00, 0x00, 0x06, 0x00, 0x00, 0xE0, 0x00, 0x18, 0x00, 0x00, 0x00, 0x00, 0x00, 0x00,
    0x3F, 0x80, 0x0F, 0xFC, 0x00, 0xFF, 0xC0, 0x18, 0x7E, 0x00, 0x03, 0xF0, 0x00, 0x7E, 0x00, 0x7F,
    0xC0, 0x3F, 0xE0, 0x3F, 0x9E, 0x1F, 0xC1, 0xFF, 0xE0, 0x3F, 0xF0, 0x01, 0xE0, 0x00, 0x00, 0x0C,
    0x00, 0x70, 0x01, 0xE0, 0x03, 0x80, 0x0F, 0x00, 0x1C, 0x00, 0x70, 0x00, 0xE0, 0x03, 0x80, 0x1F,
    0x1F, 0xFF, 0x7F, 0xBD, 0xFC, 0x70, 0x00, 0x00, 0x30, 0x00, 0xE0, 0x03, 0x00, 0x00, 0x00, 0x00,
    0x00, 0x70, 0x01, 0xC0, 0x07, 0x80, 0x0E, 0x00, 0x38, 0x00, 0x70, 0x01, 0xC0, 0x07, 0x00, 0x0E,
    0x00, 0x7C, 0x7F, 0xF9, 0xFE, 0xF7, 0xE1, 0x80, 0x00, 0x00, 0x38, 0x01, 0xE0, 0x07, 0x00, 0x38,
    0x01, 0xE0, 0x07, 0x80, 0x3E, 0x01, 0xF0, 0x1F, 0x80, 0xE0, 0x0F, 0x01, 0xF0, 0x3F, 0x01, 0xF0,
    0x0E, 0x00, 0x00, 0x00, 0x00, 0x00, 0xE0, 0x0E, 0x00, 0xC0, 0x00, 0x00, 0x00, 0x03, 0x00, 0x70,
    0x07, 0x00, 0x38, 0x03, 0x80, 0x3C, 0x03, 0xF0, 0x3F, 0x03, 0xE0, 0x70, 0x0F, 0x03, 0xF0, 0xFE,
    0x07, 0xC0, 0x70, 0x00, 0x00, 0x00, 0x00, 0x00, 0x18, 0x00, 0x00, 0x06, 0x1C, 0x00, 0x07, 0x07,
    0x0E, 0x00, 0x03, 0x83, 0x87, 0x00, 0x01, 0xC1, 0xC3, 0x83, 0x00, 0xF0, 0xE1, 0xC1, 0x80, 0x3C,
    0xF9, 0xF1, 0xC0, 0x1F, 0xFF, 0xFE, 0xE0, 0x0F, 0xFF, 0xFF, 0xF0, 0x07, 0xF9, 0xF3, 0xB8, 0x03,
    0x80, 0x00, 0x1C, 0x03, 0x80, 0x00, 0x0F, 0x83, 0xC0, 0x00, 0x03, 0xFF, 0xE0, 0x00, 0x00, 0xFF,
    0xE0, 0x00, 0x00, 0x3F, 0xC0, 0x00, 0x00, 0x00, 0x00, 0x00, 0x00, 0x00, 0x00, 0x00, 0x20, 0x00,
    0x06, 0x0C, 0x18, 0x70, 0xE1, 0xC7, 0x0E, 0x1C, 0x70, 0xE1, 0xC7, 0x0E, 0x1C, 0x71, 0xF3, 0xE7,
    0xFF, 0xFF, 0xFF, 0xFF, 0xFE, 0xF3, 0xE7, 0xC0, 0x0C, 0x18, 0x38, 0x07, 0x0E, 0x1C, 0x03, 0x87,
    0x0E, 0x01, 0xC3, 0x87, 0x00, 0xE1, 0xC3, 0x80, 0xF9, 0xF3, 0xE1, 0xFF, 0xFF, 0xFD, 0xFF, 0xFF,
    0xFE, 0xF3, 0xE3, 0xE7, 0x00, 0x00, 0x00, 0x00, 0x00, 0x00, 0x00, 0x06, 0x00, 0x00, 0x00, 0x07,
    0x00, 0x00, 0x00, 0x01, 0x80, 0x00, 0x00, 0x00, 0x00, 0x00, 0x00, 0x01, 0x98, 0x00, 0x00, 0x01,
    0xDC, 0x00, 0x00, 0x00, 0x66, 0x00, 0x00, 0x00, 0x00, 0x00, 0x00, 0x00, 0x00, 0x1C, 0x00, 0x03,
    0x07, 0x0E, 0x00, 0x03, 0x83, 0x87, 0x00, 0x01, 0xC1, 0xC3, 0x83, 0x00, 0xF0, 0xE1, 0xC1, 0x80,
    0x3C, 0xF8, 0xF1, 0xC0, 0x1F, 0xFF, 0xFE, 0xE0, 0x0F, 0xFF, 0xFF, 0xF0, 0x07, 0xF9, 0xF3, 0xB8,
    0x03, 0x80, 0x00, 0x1C, 0x03, 0x80, 0x00, 0x0F, 0x83, 0xC0, 0x00, 0x03, 0xFF, 0xE0, 0x00, 0x00,
    0xFF, 0xE0, 0x00, 0x00, 0x3F, 0xC0, 0x00, 0x00, 0x00, 0x00, 0x00, 0x00, 0x00, 0x00, 0x00, 0x00,
    0x01, 0x80, 0x00, 0x38, 0x00, 0x01, 0x80, 0x00, 0x00, 0x00, 0x06, 0x60, 0x00, 0xEE, 0x00, 0x06,
    0x60, 0x00, 0x00, 0x60, 0x00, 0x0F, 0x0E, 0x38, 0x70, 0xE3, 0x87, 0x0E, 0x38, 0x70, 0xE3, 0x87,
    0x1E, 0x7C, 0x7F, 0xFF, 0xFF, 0xFF, 0xFF, 0xEF, 0x3E, 0x7C, 0x00, 0x00, 0x00, 0x00, 0x18, 0x00,
    0x00, 0x1C, 0x00, 0x00, 0x18, 0x00, 0x00, 0x00, 0x00, 0x00, 0x66, 0x00, 0x00, 0xE7, 0x00, 0x00,
    0x66, 0x00, 0x00, 0x00, 0x00, 0x00, 0x00, 0x70, 0x0E, 0x1C, 0x70, 0x0E, 0x1C, 0x70, 0x0E, 0x1C,
    0x70, 0x0E, 0x1C, 0x70, 0x1F, 0x3E, 0x78, 0x7F, 0xFF, 0xFE, 0xFF, 0xFF, 0xFF, 0xF3, 0xE7, 0xCE,
    0x00, 0x00, 0x01, 0xF0, 0x00, 0x00, 0x01, 0xFE, 0x00, 0x00, 0x00, 0xFF, 0xC0, 0x00, 0x00, 0x7C,
    0x78, 0x00, 0x1C, 0x3C, 0x0E, 0x00, 0x07, 0x0E, 0x03, 0x80, 0x01, 0xC7, 0x00, 0xE1, 0x80, 0x79,
    0x80, 0x38, 0xE0, 0x0F, 0xE0, 0x3F, 0x38, 0x03, 0xFF, 0xFF, 0xEE, 0x00, 0xFF, 0xFF, 0xFF, 0x80,
    0x3F, 0xFF, 0x86, 0xE0, 0x0E, 0x00, 0x00, 0x38, 0x07, 0x00, 0x00, 0x0F, 0x83, 0xC0, 0x00, 0x01,
    0xFF, 0xF0, 0x00, 0x00, 0x3F, 0xF8, 0x00, 0x00, 0x07, 0xF8, 0x00, 0x00, 0x00, 0x00, 0x00, 0x00,
    0x00, 0x00, 0x01, 0xF0, 0x00, 0x0F, 0xF0, 0x38, 0x3F, 0xF0, 0x70, 0xF8, 0xF0, 0xE1, 0xC0, 0xE1,
    0xC7, 0x01, 0xC3, 0x9C, 0x03, 0x87, 0x38, 0x07, 0x1F, 0xE0, 0x3E, 0xFF, 0xFF, 0xF9, 0xFF, 0xFF,
    0xF3, 0x9F, 0xFF, 0x80, 0x00, 0x01, 0xF0, 0x00, 0x01, 0xFE, 0x00, 0xE0, 0xFF, 0xC0, 0x38, 0x7C,
    0x78, 0x0E, 0x1C, 0x0E, 0x03, 0x8E, 0x03, 0x80, 0xE7, 0x00, 0xE0, 0x39, 0xC0, 0x38, 0x1F, 0xE0,
    0x3F, 0x1F, 0xFF, 0xFF, 0xE7, 0xFF, 0xFF, 0xFD, 0xCF, 0xFF, 0xC6, 0x00, 0x00, 0x00, 0x00, 0x00,
    0x00, 0x00, 0x30, 0x00, 0x00, 0x00, 0x1C, 0x00, 0x00, 0x00, 0x03, 0x00, 0x00, 0x00, 0x00, 0x00,
    0x00, 0x00, 0x00, 0x7C, 0x00, 0x00, 0x00, 0x7F, 0x80, 0x00, 0x00, 0x3F, 0xF0, 0x00, 0x00, 0x1F,
    0x1E, 0x00, 0x07, 0x0F, 0x03, 0x80, 0x01, 0xC3, 0x80, 0xE0, 0x00, 0x71, 0xC0, 0x38, 0x60, 0x1E,
    0x70, 0x0E, 0x38, 0x03, 0xF8, 0x0F, 0xCE, 0x00, 0xFF, 0xFF, 0xFB, 0x80, 0x3F, 0xFF, 0xFF, 0xE0,
    0x0F, 0xFF, 0xE1, 0xB8, 0x03, 0x80, 0x00, 0x0E, 0x01, 0xC0, 0x00, 0x03, 0xE0, 0xF0, 0x00, 0x00,
    0x7F, 0xFC, 0x00, 0x00, 0x0F, 0xFE, 0x00, 0x00, 0x01, 0xFE, 0x00, 0x00, 0x00, 0x00, 0x00, 0x00,
    0x00, 0x00, 0x00, 0x00, 0x00, 0x03, 0x00, 0x00, 0x07, 0x00, 0x00, 0x0C, 0x00, 0x00, 0x00, 0x00,
    0x00, 0x3E, 0x00, 0x01, 0xFE, 0x07, 0x07, 0xFE, 0x0E, 0x1F, 0x1E, 0x1C, 0x78, 0x1C, 0x38, 0xE0,
    0x38, 0x73, 0x80, 0x70, 0xE7, 0x00, 0xE3, 0xFC, 0x07, 0xDF, 0xFF, 0xFF, 0x3F, 0xFF, 0xFE, 0x73,
    0xFF, 0xF0, 0x00, 0x00, 0x00, 0x00, 0x00, 0x60, 0x00, 0x00, 0x1C, 0x00, 0x00, 0x06, 0x00, 0x00,
    0x00, 0x00, 0x00, 0x00, 0x7C, 0x00, 0x00, 0x7F, 0x80, 0x38, 0x3F, 0xF0, 0x0E, 0x1F, 0x1E, 0x03,
    0x8F, 0x03, 0x80, 0xE3, 0x80, 0xE0, 0x39, 0xC0, 0x38, 0x0E, 0x70, 0x0E, 0x07, 0xF8, 0x0F, 0xC7,
    0xFF, 0xFF, 0xF9, 0xFF, 0xFF, 0xFF, 0x73, 0xFF, 0xF1, 0x80, 0x04, 0x00, 0x00, 0x38, 0x00, 0x00,
    0xE0, 0x00, 0x03, 0x80, 0x00, 0x0E, 0x00, 0x00, 0x38, 0x00, 0x00, 0xE0, 0x00, 0x03, 0x80, 0x00,
    0x0E, 0x3F, 0x00, 0x39, 0xFE, 0x00, 0xFF, 0xFC, 0x03, 0xF8, 0x70, 0x0F, 0x80, 0xE0, 0x3C, 0x03,
    0x80, 0xF0, 0x0E, 0x03, 0x80, 0x78, 0x1C, 0x07, 0xF1, 0xFF, 0xFF, 0xEF, 0xFF, 0xFF, 0xFF, 0xFF,
    0x86, 0x02, 0x00, 0x00, 0x70, 0x00, 0x07, 0x00, 0x00, 0x70, 0x00, 0x07, 0x00, 0x00, 0x70, 0x00,
    0x07, 0x00, 0x00, 0x70, 0x00, 0x07, 0x1F, 0x80, 0x73, 0xFC, 0x07, 0xFF, 0xE0, 0x7F, 0x0E, 0x07,
    0xC0, 0x70, 0x78, 0x07, 0x07, 0x80, 0x70, 0x70, 0x0F, 0x0E, 0x03, 0xE7, 0xFF, 0xFE, 0x7F, 0xFF,
    0xC7, 0xFF, 0xF0, 0x02, 0x00, 0x00, 0x0E, 0x00, 0x00, 0x1C, 0x00, 0x00, 0x38, 0x00, 0x00, 0x70,
    0x00, 0x00, 0xE0, 0x00, 0x01, 0xC0, 0x00, 0x03, 0x80, 0x00, 0x07, 0x1F, 0x80, 0x0E, 0x7F, 0x80,
    0x1F, 0xFF, 0x80, 0x3F, 0x87, 0x00, 0x7C, 0x07, 0x00, 0xF0, 0x0E, 0x01, 0xE0, 0x1C, 0x03, 0x80,
    0x78, 0x0E, 0x03, 0xF8, 0xFF, 0xFF, 0xF9, 0xFF, 0xFF, 0xF3, 0xFF, 0xF8, 0x60, 0x00, 0x00, 0x00,
    0x38, 0x00, 0x00, 0xE0, 0x00, 0x03, 0x80, 0x00, 0x0E, 0x18, 0x00, 0x38, 0x70, 0x00, 0xE1, 0x80,
    0x03, 0x80, 0x00, 0x0E, 0x3F, 0x00, 0x39, 0xFE, 0x00, 0xFF, 0xFC, 0x03, 0xF8, 0x70, 0x0F, 0x80,
    0xE0, 0x3C, 0x03, 0x80, 0xF0, 0x0E, 0x03, 0x80, 0x78, 0x1C, 0x07, 0xF1, 0xFF, 0xFF, 0xEF, 0xFF,
    0xFF, 0xFF, 0xFF, 0x86, 0x00, 0x00, 0x00, 0x70, 0x00, 0x07, 0x00, 0x00, 0x70, 0x00, 0x07, 0x0C,
    0x00, 0x70, 0xE0, 0x07, 0x0C, 0x00, 0x70, 0x00, 0x07, 0x1F, 0x80, 0x73, 0xFC, 0x07, 0xFF, 0xE0,
    0x7F, 0x0E, 0x07, 0xC0, 0x70, 0x78, 0x07, 0x07, 0x80, 0x70, 0x70, 0x0F, 0x0E, 0x03, 0xE7, 0xFF,
    0xFE, 0x7F, 0xFF, 0xC7, 0xFF, 0xF0, 0x00, 0x00, 0x00, 0x0E, 0x00, 0x00, 0x1C, 0x00, 0x00, 0x38,
    0x00, 0x00, 0x70, 0xC0, 0x00, 0xE1, 0xC0, 0x01, 0xC3, 0x00, 0x03, 0x80, 0x00, 0x07, 0x1F, 0x80,
    0x0E, 0x7F, 0x80, 0x1F, 0xFF, 0x80, 0x3F, 0x87, 0x00, 0x7C, 0x07, 0x00, 0xF0, 0x0E, 0x01, 0xE0,
    0x1C, 0x03, 0x80, 0x78, 0x0E, 0x03, 0xF8, 0xFF, 0xFF, 0xF9, 0xFF, 0xFF, 0xF3, 0xFF, 0xF8, 0x60,
    0x3F, 0xC1, 0xFF, 0xC3, 0xFF, 0xC7, 0x87, 0x87, 0x07, 0x07, 0x8E, 0x07, 0xF8, 0x07, 0xE0, 0x1F,
    0xC0, 0x7F, 0xF9, 0xE7, 0xF3, 0x83, 0xEE, 0x00, 0x1C, 0x00, 0x38, 0x00, 0x70, 0x00, 0xF0, 0x00,
    0xF0, 0x39, 0xFF, 0xF1, 0xFF, 0xE0, 0xFF, 0x00, 0x00, 0x00, 0x03, 0xF0, 0x1F, 0xF0, 0x3F, 0xC0,
    0xF1, 0x81, 0xC0, 0x03, 0x80, 0x07, 0x00, 0x07, 0x00, 0x0F, 0x7E, 0xFF, 0xFD, 0xFF, 0xFB, 0xFF,
    0x80, 0x07, 0xF0, 0x0F, 0xFE, 0x07, 0xFF, 0x03, 0x83, 0xC1, 0xE0, 0xE0, 0x78, 0xE0, 0x1E, 0xF0,
    0x07, 0xF0, 0x07, 0xF8, 0x3F, 0xFF, 0xFF, 0xEF, 0xEF, 0x83, 0xF0, 0x03, 0x00, 0x0E, 0x00, 0x0C,
    0x00, 0x00, 0x00, 0x00, 0x07, 0xF8, 0x3F, 0xF8, 0x7F, 0xF8, 0xF0, 0xF0, 0xE0, 0xE0, 0xF1, 0xC0,
    0xFF, 0x00, 0xFC, 0x01, 0xF8, 0x0F, 0xFF, 0x3C, 0xFE, 0x70, 0x7D, 0xC0, 0x03, 0x80, 0x07, 0x00,
    0x0E, 0x00, 0x1E, 0x00, 0x1E, 0x07, 0x3F, 0xFE, 0x3F, 0xFC, 0x1F, 0xE0, 0x00, 0x00, 0x00, 0xC0,
    0x03, 0x80, 0x03, 0x00, 0x00, 0x00, 0x00, 0x00, 0x7E, 0x03, 0xFE, 0x07, 0xF8, 0x1E, 0x30, 0x38,
    0x00, 0x70, 0x00, 0xE0, 0x00, 0xE0, 0x01, 0xEF, 0xDF, 0xFF, 0xBF, 0xFF, 0x7F, 0xF0, 0x01, 0x80,
    0x00, 0xE0, 0x00, 0x60, 0x00, 0x00, 0x00, 0x00, 0x00, 0x7F, 0x80, 0x7F, 0xF0, 0x3F, 0xF8, 0x1C,
    0x1E, 0x0F, 0x07, 0x03, 0xC7, 0x00, 0xF7, 0x80, 0x3F, 0x80, 0x3F, 0x81, 0xFF, 0xFF, 0xFE, 0xFF,
    0x7C, 0x1F, 0x80, 0x00, 0x00, 0x00, 0x00, 0x00, 0xC0, 0x00, 0x01, 0xC0, 0x00, 0x00, 0xC0, 0x00,
    0x00, 0x00, 0x00, 0x01, 0xE0, 0x00, 0x07, 0xF0, 0x00, 0x07, 0xF8, 0x00, 0x0F, 0x38, 0x60, 0x0E,
    0x1C, 0xE0, 0x0E, 0x1C, 0xE0, 0x0E, 0x1C, 0xE0, 0x0E, 0x38, 0xE0, 0x07, 0x78, 0xF8, 0x03, 0xF0,
    0xFF, 0xFF, 0xFF, 0x7F, 0xFF, 0xFF, 0x1F, 0xFC, 0x1F, 0x03, 0x00, 0x70, 0x03, 0x00, 0x00, 0x07,
    0x81, 0xFC, 0x1F, 0xE3, 0xCE, 0x38, 0x73, 0x87, 0x38, 0x73, 0xC7, 0x1F, 0xF0, 0xFF, 0x00, 0x70,
    0x3E, 0x7F, 0xE7, 0xFC, 0x7F, 0x00, 0x00, 0x00, 0x03, 0x00, 0x0E, 0x00, 0x0C, 0x00, 0x00, 0x00,
    0x78, 0x03, 0xF8, 0x07, 0xF8, 0x1E, 0x70, 0x38, 0x70, 0x70, 0xE0, 0xE1, 0xC1, 0xC7, 0x01, 0xDE,
    0x01, 0xF8, 0x3F, 0xFF, 0x7F, 0xFE, 0xF8, 0xFC, 0x00, 0x00, 0x00, 0x06, 0x60, 0x00, 0xEE, 0x00,
    0x06, 0x60, 0x00, 0x00, 0x00, 0x00, 0x00, 0x00, 0x3C, 0x00, 0x0F, 0xE0, 0x00, 0xFF, 0x00, 0x1E,
    0x78, 0x01, 0xC3, 0x86, 0x1C, 0x38, 0x61, 0xE3, 0x8E, 0x1F, 0xFF, 0xE0, 0xFF, 0xFE, 0x03, 0xFE,
    0xE0, 0x03, 0x8E, 0x00, 0x78, 0xF8, 0x0F, 0x07, 0xFF, 0xF0, 0x3F, 0xFE, 0x00, 0xFF, 0x80, 0x00,
    0x00, 0x00, 0x0C, 0xC1, 0xDC, 0x0C, 0xC0, 0x00, 0x07, 0x81, 0xFC, 0x1F, 0xE3, 0xCE, 0x38, 0x73,
    0x87, 0x38, 0x73, 0xC7, 0x1F, 0xF0, 0xFF, 0x00, 0x70, 0x3E, 0x7F, 0xE7, 0xFC, 0x7F, 0x00, 0x06,
    0x60, 0x1D, 0xC0, 0x19, 0x80, 0x00, 0x00, 0x00, 0x00, 0x78, 0x03, 0xF8, 0x07, 0xF8, 0x1E, 0x70,
    0x38, 0x70, 0x70, 0xE0, 0xE1, 0xC1, 0xC7, 0x01, 0xCE, 0x01, 0xF8, 0x3F, 0xFF, 0x7F, 0xFE, 0xF8,
    0xFC, 0x00, 0x01, 0xC0, 0x00, 0x0E, 0x00, 0x00, 0x70, 0x00, 0x03, 0x80, 0x00, 0x1C, 0x00, 0x08,
    0xE0, 0x01, 0xC7, 0x00, 0x1C, 0x38, 0x01, 0xC1, 0xC0, 0x07, 0x8E, 0x00, 0x0C, 0x70, 0xC7, 0xE3,
    0x8E, 0x3E, 0x1C, 0x70, 0x00, 0xE3, 0x80, 0x07, 0x1C, 0x00, 0x38, 0xF8, 0x0F, 0xE7, 0xFF, 0xFF,
    0xDF, 0xFF, 0xDE, 0x3F, 0xF0, 0x70, 0x00, 0x00, 0x03, 0x00, 0x70, 0x1F, 0x07, 0xE1, 0xF8, 0x3E,
    0x07, 0x80, 0x7C, 0x07, 0xF0, 0x0F, 0x80, 0x7C, 0x01, 0xC0, 0x0E, 0x00, 0xE0, 0x1E, 0x07, 0xC7,
    0xFC, 0x7F, 0x87, 0xC0, 0x00, 0x00, 0x00, 0x08, 0x00, 0x38, 0x00, 0xF8, 0x03, 0xF0, 0x07, 0xC0,
    0x1F, 0x00, 0x1C, 0x00, 0x38, 0x00, 0x1C, 0x00, 0x1E, 0x00, 0x0F, 0x00, 0x07, 0x00, 0x07, 0x80,
    0x03, 0xC0, 0x03, 0xE0, 0x0F, 0xF8, 0x7F, 0x7F, 0x7E, 0x3F, 0x78, 0x0E, 0x00, 0x00, 0x00, 0x03,
    0x80, 0x00, 0xE0, 0x00, 0x38, 0x00, 0x0E, 0x00, 0x03, 0x80, 0x00, 0xE0, 0x00, 0x38, 0x00, 0x0E,
    0x00, 0x03, 0x80, 0x00, 0xE0, 0x00, 0x38, 0x00, 0x0E, 0x00, 0x03, 0x86, 0x00, 0xE1, 0x80, 0x38,
    0xE0, 0x0E, 0x38, 0x03, 0xEE, 0x00, 0xFB, 0x80, 0x3E, 0xE0, 0x1C, 0x3E, 0x0F, 0x07, 0xFF, 0x80,
    0xFF, 0xE0, 0x1F, 0xE0, 0x00, 0x00, 0x00, 0x00, 0x71, 0xC7, 0x1C, 0x71, 0xC7, 0x1C, 0x71, 0xC7,
    0x1C, 0x71, 0xC7, 0x3D, 0xEF, 0xBC, 0x00, 0x0E, 0x07, 0x03, 0x81, 0xC0, 0xE0, 0x70, 0x38, 0x1C,
    0x0E, 0x07, 0x03, 0x81, 0xC0, 0xE0, 0x70, 0x38, 0x3C, 0x3F, 0x9F, 0xCC, 0xE0, 0x00, 0xF0, 0x00,
    0x7E, 0x00, 0x3F, 0xC0, 0x1E, 0x70, 0x07, 0x0E, 0x03, 0x83, 0x83, 0xE0, 0xE1, 0xF8, 0x38, 0xFF,
    0x9F, 0x39, 0xFF, 0xEE, 0x3F, 0xFF, 0x83, 0xE6, 0xE0, 0x00, 0x38, 0x00, 0x0E, 0x00, 0x03, 0x80,
    0x00, 0xE0, 0x00, 0x38, 0x00, 0x0F, 0x00, 0x01, 0xC0, 0x00, 0x00, 0x00, 0x00, 0x00, 0xF0, 0x03,
    0xF0, 0x0F, 0xF0, 0x3C, 0xE0, 0x70, 0xE1, 0xC1, 0xC3, 0x03, 0x8E, 0x07, 0x3F, 0x9C, 0xFF, 0xFB,
    0xCF, 0xF3, 0x07, 0xC0, 0x00, 0xF0, 0x00, 0x7E, 0x00, 0x3F, 0xC0, 0x1E, 0x70, 0x07, 0x0E, 0x03,
    0x83, 0x80, 0xC0, 0xE0, 0x70, 0x38, 0x3F, 0x9F, 0x1F, 0xFF, 0xEF, 0x3F, 0xFD, 0x83, 0xE6, 0x00,
    0x00, 0x00, 0xC0, 0x00, 0x70, 0x00, 0x0C, 0x00, 0x00, 0x0C, 0x00, 0x0F, 0x00, 0x01, 0xC1, 0x80,
    0x78, 0x60, 0x0F, 0x38, 0x03, 0xFE, 0x00, 0xFF, 0x80, 0x3E, 0xE0, 0x0E, 0x38, 0x07, 0x0F, 0x83,
    0xC1, 0xFF, 0xF0, 0x3F, 0xF8, 0x07, 0xF8, 0x00, 0x00, 0x00, 0x00, 0x18, 0x1C, 0x18, 0x00, 0x00,
    0x0E, 0x0E, 0x0E, 0x07, 0x07, 0x07, 0x0F, 0x7E, 0x7E, 0x7C, 0x00, 0x01, 0xC0, 0x38, 0x07, 0x00,
    0x00, 0x00, 0x03, 0x80, 0x70, 0x0E, 0x01, 0xC0, 0x3C, 0x3F, 0xE7, 0xFC, 0xF3, 0x80, 0x00, 0x00,
    0x0E, 0x00, 0x70, 0x0F, 0x81, 0xFC, 0x1F, 0xE1, 0xE7, 0x1C, 0x38, 0xE1, 0xC7, 0x1E, 0x3F, 0xF8,
    0xFF, 0xF3, 0xEF, 0x80, 0x38, 0x00, 0x00, 0x03, 0x00, 0x03, 0xE0, 0x01, 0xF8, 0x00, 0xFF, 0x00,
    0x7F, 0xE0, 0x63, 0xF8, 0x30, 0xFE, 0x18, 0x6F, 0x0C, 0x33, 0xC7, 0x38, 0xE1, 0xF8, 0xF7, 0xFF,
    0xF3, 0xFF, 0xF1, 0xF3, 0xF0, 0x01, 0xE0, 0x1F, 0xC0, 0x7F, 0x03, 0x9E, 0x1C, 0x38, 0x70, 0xE1,
    0x87, 0x0E, 0x1C, 0x39, 0xE1, 0xFF, 0xFF, 0xFF, 0xFF, 0xFF, 0x38, 0xE0, 0x60, 0xC1, 0xC3, 0x87,
    0x9E, 0x0F, 0xF8, 0x1F, 0xC0, 0x3E, 0x00, 0x00, 0x00, 0x3C, 0x03, 0xF8, 0x0F, 0xF0, 0x79, 0xE1,
    0xC3, 0x87, 0x0E, 0x1E, 0x38, 0x7F, 0xFC, 0xFF, 0xF1, 0xFF, 0x80, 0x38, 0x01, 0xC0, 0x1F, 0x03,
    0xF8, 0x3F, 0xC0, 0x7C, 0x01, 0x80, 0x00, 0x60, 0x00, 0x18, 0x08, 0x0E, 0x03, 0xE3, 0x81, 0xFF,
    0xE0, 0x1F, 0xF8, 0x01, 0xFE, 0x00, 0x73, 0xE0, 0xF8, 0x7F, 0xFE, 0x0F, 0xFF, 0x01, 0xFF, 0x00,
    0x00, 0x00, 0x60, 0x00, 0x18, 0x08, 0x0E, 0x07, 0xE3, 0x81, 0xFF, 0xE0, 0x3F, 0xF8, 0x01, 0xFE,
    0x00, 0x73, 0xE0, 0xF8, 0x7F, 0xFE, 0x0F, 0xFF, 0x01, 0xFF, 0x00, 0x00, 0x00, 0x00, 0x00, 0x03,
    0x30, 0x01, 0xDC, 0x00, 0x33, 0x00, 0x00, 0x00, 0x00, 0x00, 0x1C, 0x1E, 0x0E, 0x0E, 0x0E, 0x0E,
    0x0E, 0x7E, 0xFC, 0x78, 0x00, 0x00, 0x66, 0x77, 0x66, 0x00, 0x0C, 0x03, 0x80, 0xE0, 0x38, 0x0E,
    0x07, 0xC7, 0xFD, 0xFF, 0x73, 0xC0, 0x00, 0x00, 0xCC, 0x3B, 0x8C, 0xC0, 0x00, 0x30, 0x00, 0xFC,
    0x39, 0x30, 0x70, 0x00, 0xE1, 0x81, 0xC7, 0xC3, 0x87, 0xC7, 0x03, 0xCC, 0x03, 0xF8, 0x03, 0xF0,
    0x03, 0xC0, 0x03, 0xC0, 0x0F, 0xC0, 0x3B, 0xC0, 0xF3, 0x83, 0x87, 0x1E, 0x1E, 0x7F, 0xFC, 0xFF,
    0xF1, 0xFF, 0xC0, 0x00, 0x00, 0x1F, 0x03, 0x8F, 0xC0, 0xE0, 0x00, 0x38, 0x00, 0x0E, 0x0F, 0x03,
    0x81, 0xC0, 0xE0, 0x78, 0x38, 0x0F, 0x0E, 0x01, 0xC3, 0x80, 0x78, 0xE0, 0x0E, 0x38, 0x01, 0xCE,
    0x00, 0x73, 0x80, 0x0E, 0xE0, 0x03, 0xF8, 0x00, 0x7F, 0x1F, 0xFF, 0xE7, 0xFF, 0x79, 0xFF, 0x0E,
    0x38, 0x00, 0xF0, 0x01, 0x80, 0x03, 0xA0, 0x0F, 0xC3, 0x9C, 0x07, 0x00, 0x0E, 0x1E, 0x1C, 0x1E,
    0x38, 0x1E, 0x70, 0x1E, 0xE0, 0x1F, 0xC0, 0x1F, 0x00, 0x1E, 0x00, 0x3E, 0x00, 0xFE, 0x03, 0xDC,
    0x0F, 0x1C, 0x3C, 0x38, 0xF0, 0xF3, 0xFF, 0xC7, 0xFF, 0x8F, 0xFC, 0x00, 0x3C, 0x00, 0x1E, 0x00,
    0x06, 0x00, 0x01, 0xD0, 0x38, 0xFC, 0x0E, 0x3C, 0x03, 0x80, 0x00, 0xE0, 0xF0, 0x38, 0x1C, 0x0E,
    0x07, 0x83, 0x80, 0xE0, 0xE0, 0x3C, 0x38, 0x07, 0x8E, 0x00, 0xE3, 0x80, 0x3C, 0xE0, 0x07, 0x38,
    0x00, 0xEE, 0x00, 0x3F, 0x80, 0x07, 0xF1, 0xFF, 0xFE, 0x7F, 0xF7, 0x9F, 0xF0, 0xE0, 0x00, 0x00,
    0x01, 0xC0, 0x07, 0x00, 0x1C, 0x78, 0x70, 0xF1, 0xC1, 0xE7, 0x03, 0xDC, 0x07, 0xF0, 0x0F, 0x80,
    0x1E, 0x00, 0x7C, 0x03, 0xF8, 0x1E, 0xE0, 0xF1, 0xC7, 0x87, 0x3C, 0x3D, 0xFF, 0xE7, 0xFF, 0x9F,
    0xF8, 0x00, 0x00, 0xE0, 0x07, 0x80, 0x18, 0x00, 0x74, 0x03, 0xF0, 0x0F, 0x00, 0x00, 0x00, 0x00,
    0x00, 0x0E, 0x00, 0x07, 0x00, 0x03, 0x80, 0x01, 0xC3, 0xC0, 0xE0, 0xE0, 0x70, 0x78, 0x38, 0x1E,
    0x1C, 0x07, 0x0E, 0x03, 0xC7, 0x00, 0xE3, 0x80, 0x79, 0xC0, 0x1C, 0xE0, 0x07, 0x70, 0x03, 0xF8,
    0x00, 0xFE, 0x7F, 0xFF, 0xBF, 0xFB, 0xDF, 0xF0, 0xE0, 0x00, 0x01, 0xE0, 0x01, 0xE0, 0x00, 0xC0,
    0x00, 0x74, 0x00, 0x7E, 0x00, 0x3C, 0x00, 0x00, 0x00, 0x00, 0x00, 0xE0, 0x03, 0x80, 0x0E, 0x78,
    0x38, 0xF0, 0xE1, 0xE3, 0x83, 0xCC, 0x07, 0xF0, 0x0F, 0xC0, 0x0F, 0x00, 0x3C, 0x01, 0xF8, 0x0E,
    0xF0, 0x71, 0xC7, 0x87, 0x3C, 0x3D, 0xFF, 0xF7, 0xFF, 0x9F, 0xFC, 0x00, 0x00, 0x00, 0x0E, 0x00,
    0x07, 0x00, 0x03, 0x80, 0x01, 0xC3, 0xC0, 0xE0, 0xE0, 0x70, 0x78, 0x38, 0x1E, 0x1C, 0x07, 0x0E,
    0x03, 0xC7, 0x00, 0xE3, 0x80, 0x79, 0xC0, 0x1C, 0xE0, 0x07, 0x70, 0x03, 0xF8, 0x00, 0xFE, 0x7F,
    0xFF, 0xBF, 0xFB, 0xDF, 0xF0, 0xE0,
};

static const EpdGlyph firago_12_mediumGlyphs[] = {
    { 0, 0, 100, 0, 0, 0, 0 }, // U+0020
    { 4, 18, 96, 1, 18, 9, 0 }, // !
    { 8, 7, 168, 2, 18, 7, 9 }, // "
    { 13, 18, 216, 1, 18, 30, 16 }, // #
    { 13, 25, 216, 0, 21, 41, 46 }, // $
    { 20, 20, 338, 1, 19, 50, 87 }, // %
    { 17, 18, 298, 2, 18, 39, 137 }, // &
    { 3, 7, 92, 2, 18, 3, 176 }, // '
    { 7, 26, 130, 1, 22, 23, 179 }, // (
    { 8, 26, 130, 0, 22, 26, 202 }, // )
    { 11, 11, 178, 0, 19, 16, 228 }, // *
    { 10, 10, 206, 1, 14, 13, 244 }, // +
    { 5, 8, 96, 0, 4, 5, 257 }, // ,
    { 8, 3, 162, 1, 10, 3, 262 }, // -
    { 4, 4, 96, 1, 4, 2, 265 }, // .
    { 9, 24, 208, 2, 21, 27, 267 }, // /
    { 12, 18, 229, 1, 18, 27, 294 }, // 0
    { 10, 18, 180, 0, 18, 23, 321 }, // 1
    { 12, 18, 203, 0, 18, 27, 344 }, // 2
    { 12, 18, 204, 0, 18, 27, 371 }, // 3
    { 12, 18, 220, 1, 18, 27, 398 }, // 4
    { 13, 18, 208, 0, 18, 30, 425 }, // 5
    { 12, 18, 220, 1, 18, 27, 455 }, // 6
    { 10, 18, 183, 1, 18, 23, 482 }, // 7
    { 13, 18, 227, 1, 18, 30, 505 }, // 8
    { 12, 19, 218, 1, 18, 29, 535 }, // 9
    { 4, 13, 96, 1, 13, 7, 564 }, // :
    { 5, 17, 96, 0, 13, 11, 571 }, // ;
    { 11, 13, 204, 1, 15, 18, 582 }, // <
    { 10, 8, 204, 1, 13, 10, 600 }, // =
    { 11, 13, 204, 1, 15, 18, 610 }, // >
    { 11, 18, 188, 0, 18, 25, 628 }, // ?
    { 23, 24, 408, 1, 18, 69, 653 }, // @
    { 16, 18, 233, -1, 18, 36, 722 }, // A
    { 13, 18, 245, 2, 18, 30, 758 }, // B
    { 13, 18, 227, 1, 18, 30, 788 }, // C
    { 13, 18, 259, 2, 18, 30, 818 }, // D
    { 10, 18, 212, 2, 18, 23, 848 }, // E
    { 10, 18, 196, 2, 18, 23, 871 }, // F
    { 14, 18, 255, 1, 18, 32, 894 }, // G
    { 13, 18, 269, 2, 18, 30, 926 }, // H
    { 4, 18, 118, 2, 18, 9, 956 }, // I
    { 7, 22, 125, 0, 18, 20, 965 }, // J
    { 14, 18, 245, 2, 18, 32, 985 }, // K
    { 11, 18, 202, 2, 18, 25, 1017 }, // L
    { 18, 18, 313, 1, 18, 41, 1042 }, // M
    { 13, 18, 269, 2, 18, 30, 1083 }, // N
    { 15, 18, 276, 1, 18, 34, 1113 }, // O
    { 12, 18, 238, 2, 18, 27, 1147 }, // P
    { 16, 21, 276, 1, 18, 42, 1174 }, // Q
    { 14, 18, 244, 2, 18, 32, 1216 }, // R
    { 13, 18, 224, 0, 18, 30, 1248 }, // S
    { 14, 18, 212, 0, 18, 32, 1278 }, // T
    { 13, 18, 262, 2, 18, 30, 1310 }, // U
    { 16, 18, 226, -1, 18, 36, 1340 }, // V
    { 21, 18, 335, 0, 18, 48, 1376 }, // W
    { 15, 18, 225, 0, 18, 34, 1424 }, // X
    { 15, 18, 230, -1, 18, 34, 1458 }, // Y
    { 13, 18, 214, 1, 18, 30, 1492 }, // Z
    { 6, 24, 129, 1, 21, 18, 1522 }, // [
    { 9, 24, 208, 2, 21, 27, 1540 }, // <backslash>
    { 7, 24, 129, 1, 21, 21, 1567 }, // ]
    { 14, 8, 220, 0, 22, 14, 1588 }, // ^
    { 12, 3, 208, 1, -1, 5, 1602 }, // _
    { 8, 6, 129, 0, 22, 6, 1607 }, // `
    { 12, 14, 218, 1, 14, 21, 1613 }, // a
    { 12, 20, 236, 2, 20, 30, 1634 }, // b
    { 11, 14, 191, 1, 14, 20, 1664 }, // c
    { 12, 20, 237, 1, 20, 30, 1684 }, // d
    { 12, 14, 220, 1, 14, 21, 1714 }, // e
    { 11, 20, 139, 1, 20, 28, 1735 }, // f
    { 14, 22, 215, 1, 16, 39, 1763 }, // g
    { 11, 20, 230, 2, 20, 28, 1802 }, // h
    { 4, 21, 111, 1, 21, 11, 1830 }, // i
    { 7, 27, 112, -2, 21, 24, 1841 }, // j
    { 12, 20, 213, 2, 20, 30, 1865 }, // k
    { 6, 20, 119, 2, 20, 15, 1895 }, // l
    { 18, 14, 338, 2, 14, 32, 1910 }, // m
    { 11, 14, 230, 2, 14, 20, 1942 }, // n
    { 13, 14, 234, 1, 14, 23, 1962 }, // o
    { 12, 20, 236, 2, 14, 30, 1985 }, // p
    { 12, 20, 237, 1, 14, 30, 2015 }, // q
    { 9, 14, 157, 2, 14, 16, 2045 }, // r
    { 12, 14, 190, 0, 14, 21, 2061 }, // s
    { 10, 18, 150, 1, 18, 23, 2082 }, // t
    { 11, 14, 228, 2, 14, 20, 2105 }, // u
    { 13, 14, 202, 0, 14, 23, 2125 }, // v
    { 19, 14, 294, 0, 14, 34, 2148 }, // w
    { 14, 14, 200, -1, 14, 25, 2182 }, // x
    { 13, 20, 202, 0, 14, 33, 2207 }, // y
    { 12, 14, 178, 0, 14, 21, 2240 }, // z
    { 7, 25, 129, 0, 21, 22, 2261 }, // {
    { 4, 24, 155, 3, 21, 12, 2283 }, // |
    { 7, 25, 129, 1, 21, 22, 2295 }, // }
    { 12, 4, 201, 0, 10, 6, 2317 }, // ~
    { 0, 0, 100, 0, 0, 0, 2323 }, // U+00A0
    { 4, 18, 96, 1, 12, 9, 2323 }, // U+00A1
    { 14, 15, 242, 1, 15, 27, 2332 }, // U+00AB
    { 9, 9, 209, 1, 19, 11, 2359 }, // U+00B0
    { 4, 4, 96, 1, 10, 2, 2370 }, // U+00B7
    { 10, 17, 200, 1, 17, 22, 2372 }, // U+00BA
    { 13, 15, 239, 1, 15, 25, 2394 }, // U+00BB
    { 11, 19, 188, 1, 13, 27, 2419 }, // U+00BF
    { 16, 25, 233, -1, 25, 50, 2446 }, // U+00C0
    { 16, 25, 233, -1, 25, 50, 2496 }, // U+00C1
    { 16, 24, 233, -1, 24, 48, 2546 }, // U+00C2
    { 15, 24, 233, 0, 24, 45, 2594 }, // U+00C4
    { 16, 25, 233, -1, 25, 50, 2639 }, // U+00C5
    { 20, 18, 333, 0, 18, 45, 2689 }, // U+00C6
    { 13, 25, 227, 1, 18, 41, 2734 }, // U+00C7
    { 10, 25, 212, 2, 25, 32, 2775 }, // U+00C9
    { 10, 24, 212, 2, 24, 30, 2807 }, // U+00CA
    { 7, 25, 118, 0, 25, 22, 2837 }, // U+00CD
    { 10, 24, 118, -1, 24, 30, 2859 }, // U+00CE
    { 15, 24, 276, 1, 24, 45, 2889 }, // U+00D2
    { 15, 24, 276, 1, 24, 45, 2934 }, // U+00D3
    { 15, 24, 276, 1, 24, 45, 2979 }, // U+00D6
    { 15, 25, 276, 1, 22, 47, 3024 }, // U+00D8
    { 13, 25, 262, 2, 25, 41, 3071 }, // U+00D9
    { 13, 25, 262, 2, 25, 41, 3112 }, // U+00DA
    { 13, 24, 262, 2, 24, 39, 3153 }, // U+00DC
    { 15, 25, 230, -1, 25, 47, 3192 }, // U+00DD
    { 13, 20, 239, 2, 20, 33, 3239 }, // U+00DF
    { 12, 22, 218, 1, 22, 33, 3272 }, // U+00E0
    { 12, 22, 218, 1, 22, 33, 3305 }, // U+00E1
    { 12, 21, 218, 1, 21, 32, 3338 }, // U+00E2
    { 12, 21, 218, 1, 21, 32, 3370 }, // U+00E3
    { 12, 21, 218, 1, 21, 32, 3402 }, // U+00E4
    { 12, 22, 218, 1, 22, 33, 3434 }, // U+00E5
    { 20, 14, 341, 1, 14, 35, 3467 }, // U+00E6
    { 11, 21, 191, 1, 14, 29, 3502 }, // U+00E7
    { 12, 22, 220, 1, 22, 33, 3531 }, // U+00E8
    { 12, 22, 220, 1, 22, 33, 3564 }, // U+00E9
    { 12, 21, 220, 1, 21, 32, 3597 }, // U+00EA
    { 12, 21, 220, 1, 21, 32, 3629 }, // U+00EB
    { 8, 22, 111, 0, 22, 22, 3661 }, // U+00EC
    { 7, 22, 111, 0, 22, 20, 3683 }, // U+00ED
    { 10, 21, 111, -1, 21, 27, 3703 }, // U+00EE
    { 9, 20, 111, -1, 20, 23, 3730 }, // U+00EF
    { 11, 20, 230, 2, 20, 28, 3753 }, // U+00F1
    { 13, 22, 234, 1, 22, 36, 3781 }, // U+00F2
    { 13, 22, 234, 1, 22, 36, 3817 }, // U+00F3
    { 13, 21, 234, 1, 21, 35, 3853 }, // U+00F4
    { 13, 21, 234, 1, 21, 35, 3888 }, // U+00F5
    { 13, 21, 234, 1, 21, 35, 3923 }, // U+00F6
    { 13, 22, 234, 1, 18, 36, 3958 }, // U+00F8
    { 11, 22, 228, 2, 22, 31, 3994 }, // U+00F9
    { 11, 22, 228, 2, 22, 31, 4025 }, // U+00FA
    { 11, 21, 228, 2, 21, 29, 4056 }, // U+00FC
    { 13, 28, 202, 0, 22, 46, 4085 }, // U+00FD
    { 12, 21, 218, 1, 21, 32, 4131 }, // U+0103
    { 12, 21, 218, 1, 14, 32, 4163 }, // U+0105
    { 11, 22, 191, 1, 22, 31, 4195 }, // U+0107
    { 13, 25, 227, 1, 25, 41, 4226 }, // U+010C
    { 11, 22, 191, 1, 22, 31, 4267 }, // U+010D
    { 13, 25, 259, 2, 25, 41, 4298 }, // U+010E
    { 17, 20, 258, 1, 20, 43, 4339 }, // U+010F
    { 15, 18, 264, 1, 18, 34, 4382 }, // U+0110
    { 14, 20, 242, 1, 20, 35, 4416 }, // U+0111
    { 10, 24, 212, 2, 24, 30, 4451 }, // U+0116
    { 12, 21, 220, 1, 21, 32, 4481 }, // U+0117
    { 10, 25, 212, 2, 18, 32, 4513 }, // U+0118
    { 12, 20, 220, 1, 14, 30, 4545 }, // U+0119
    { 10, 25, 212, 2, 25, 32, 4575 }, // U+011A
    { 12, 22, 220, 1, 22, 33, 4607 }, // U+011B
    { 14, 24, 255, 1, 24, 42, 4640 }, // U+011E
    { 14, 27, 215, 1, 21, 48, 4682 }, // U+011F
    { 10, 20, 111, -1, 20, 25, 4730 }, // U+0129
    { 6, 25, 118, 0, 18, 19, 4755 }, // U+012E
    { 6, 28, 111, -1, 21, 21, 4774 }, // U+012F
    { 4, 24, 118, 2, 24, 12, 4795 }, // U+0130
    { 4, 14, 111, 2, 14, 7, 4807 }, // U+0131
    { 8, 26, 119, 0, 26, 26, 4814 }, // U+013A
    { 11, 19, 202, 2, 19, 27, 4840 }, // U+013D
    { 8, 20, 134, 2, 20, 20, 4867 }, // U+013E
    { 14, 18, 214, 0, 18, 32, 4887 }, // U+0141
    { 10, 20, 135, -1, 20, 25, 4919 }, // U+0142
    { 11, 22, 230, 2, 22, 31, 4944 }, // U+0144
    { 11, 21, 230, 2, 21, 29, 4975 }, // U+0148
    { 13, 21, 234, 1, 21, 35, 5004 }, // U+0151
    { 9, 22, 157, 2, 22, 25, 5039 }, // U+0155
    { 14, 25, 244, 2, 25, 44, 5064 }, // U+0158
    { 10, 21, 157, 1, 21, 27, 5108 }, // U+0159
    { 13, 24, 224, 0, 24, 39, 5135 }, // U+015A
    { 12, 22, 190, 0, 22, 33, 5174 }, // U+015B
    { 13, 25, 224, 0, 18, 41, 5207 }, // U+015E
    { 12, 21, 190, 0, 14, 32, 5248 }, // U+015F
    { 13, 25, 224, 0, 25, 41, 5280 }, // U+0160
    { 12, 22, 190, 0, 22, 33, 5321 }, // U+0161
    { 10, 24, 150, 1, 18, 30, 5354 }, // U+0163
    { 14, 25, 212, 0, 25, 44, 5384 }, // U+0164
    { 10, 21, 150, 1, 21, 27, 5428 }, // U+0165
    { 11, 20, 228, 2, 20, 28, 5455 }, // U+016B
    { 13, 26, 262, 2, 26, 43, 5483 }, // U+016E
    { 11, 22, 228, 2, 22, 31, 5526 }, // U+016F
    { 13, 25, 262, 2, 25, 41, 5557 }, // U+0170
    { 12, 22, 228, 2, 22, 33, 5598 }, // U+0171
    { 13, 24, 262, 2, 18, 39, 5631 }, // U+0172
    { 11, 20, 228, 2, 14, 28, 5670 }, // U+0173
    { 12, 22, 178, 0, 22, 33, 5698 }, // U+017A
    { 12, 21, 178, 0, 21, 32, 5731 }, // U+017C
    { 13, 25, 214, 1, 25, 41, 5763 }, // U+017D
    { 12, 21, 178, 0, 21, 32, 5804 }, // U+017E
    { 15, 16, 244, 1, 16, 30, 5836 }, // U+01A1
    { 15, 17, 250, 2, 17, 32, 5866 }, // U+01B0
    { 13, 26, 224, 0, 18, 43, 5898 }, // U+0218
    { 12, 22, 190, 0, 14, 33, 5941 }, // U+0219
    { 14, 26, 212, 0, 18, 46, 5974 }, // U+021A
    { 10, 26, 150, 1, 18, 33, 6020 }, // U+021B
    { 13, 18, 227, 1, 18, 30, 6053 }, // U+0404
    { 4, 18, 118, 2, 18, 9, 6083 }, // U+0406
    { 16, 18, 233, -1, 18, 36, 6092 }, // U+0410
    { 12, 18, 235, 2, 18, 27, 6128 }, // U+0411
    { 13, 18, 245, 2, 18, 30, 6155 }, // U+0412
    { 11, 18, 204, 2, 18, 25, 6185 }, // U+0413
    { 15, 23, 249, 0, 18, 44, 6210 }, // U+0414
    { 10, 18, 212, 2, 18, 23, 6254 }, // U+0415
    { 23, 18, 347, -1, 18, 52, 6277 }, // U+0416
    { 13, 18, 213, -1, 18, 30, 6329 }, // U+0417
    { 13, 18, 269, 2, 18, 30, 6359 }, // U+0418
    { 13, 24, 269, 2, 24, 39, 6389 }, // U+0419
    { 14, 18, 243, 2, 18, 32, 6428 }, // U+041A
    { 15, 19, 263, 0, 18, 36, 6460 }, // U+041B
    { 18, 18, 313, 1, 18, 41, 6496 }, // U+041C
    { 13, 18, 269, 2, 18, 30, 6537 }, // U+041D
    { 15, 18, 276, 1, 18, 34, 6567 }, // U+041E
    { 13, 18, 268, 2, 18, 30, 6601 }, // U+041F
    { 12, 18, 238, 2, 18, 27, 6631 }, // U+0420
    { 13, 18, 227, 1, 18, 30, 6658 }, // U+0421
    { 14, 18, 212, 0, 18, 32, 6688 }, // U+0422
    { 16, 19, 224, -1, 18, 38, 6720 }, // U+0423
    { 20, 20, 335, 1, 19, 50, 6758 }, // U+0424
    { 15, 18, 225, 0, 18, 34, 6808 }, // U+0425
    { 15, 23, 271, 2, 18, 44, 6842 }, // U+0426
    { 13, 18, 246, 1, 18, 30, 6886 }, // U+0427
    { 19, 18, 367, 2, 18, 43, 6916 }, // U+0428
    { 21, 23, 373, 2, 18, 61, 6959 }, // U+0429
    { 17, 18, 334, 2, 18, 39, 7020 }, // U+042B
    { 12, 18, 234, 2, 18, 27, 7059 }, // U+042C
    { 13, 18, 216, 0, 18, 30, 7086 }, // U+042D
    { 14, 18, 243, 0, 18, 32, 7116 }, // U+042F
    { 12, 14, 218, 1, 14, 21, 7148 }, // U+0430
    { 13, 20, 232, 1, 20, 33, 7169 }, // U+0431
    { 11, 14, 223, 2, 14, 20, 7202 }, // U+0432
    { 10, 14, 172, 2, 14, 18, 7222 }, // U+0433
    { 13, 19, 222, 0, 14, 31, 7240 }, // U+0434
    { 12, 14, 220, 1, 14, 21, 7271 }, // U+0435
    { 19, 14, 299, 0, 14, 34, 7292 }, // U+0436
    { 12, 14, 198, -1, 14, 21, 7326 }, // U+0437
    { 11, 14, 236, 2, 14, 20, 7347 }, // U+0438
    { 11, 21, 236, 2, 21, 29, 7367 }, // U+0439
    { 12, 14, 214, 2, 14, 21, 7396 }, // U+043A
    { 13, 15, 228, 0, 14, 25, 7417 }, // U+043B
    { 16, 14, 268, 0, 14, 28, 7442 }, // U+043C
    { 11, 14, 234, 2, 14, 20, 7470 }, // U+043D
    { 13, 14, 234, 1, 14, 23, 7490 }, // U+043E
    { 11, 14, 233, 2, 14, 20, 7513 }, // U+043F
    { 12, 20, 236, 2, 14, 30, 7533 }, // U+0440
    { 11, 14, 191, 1, 14, 20, 7563 }, // U+0441
    { 12, 14, 185, 1, 14, 21, 7583 }, // U+0442
    { 13, 20, 202, 0, 14, 33, 7604 }, // U+0443
    { 19, 26, 327, 1, 20, 62, 7637 }, // U+0444
    { 14, 14, 200, -1, 14, 25, 7699 }, // U+0445
    { 13, 19, 236, 2, 14, 31, 7724 }, // U+0446
    { 11, 14, 220, 1, 14, 20, 7755 }, // U+0447
    { 16, 14, 314, 2, 14, 28, 7775 }, // U+0448
    { 18, 19, 319, 2, 14, 43, 7803 }, // U+0449
    { 15, 14, 243, 1, 14, 27, 7846 }, // U+044A
    { 15, 14, 298, 2, 14, 27, 7873 }, // U+044B
    { 11, 14, 207, 2, 14, 20, 7900 }, // U+044C
    { 12, 14, 194, 0, 14, 21, 7920 }, // U+044D
    { 17, 14, 318, 2, 14, 30, 7941 }, // U+044E
    { 12, 14, 221, 0, 14, 21, 7971 }, // U+044F
    { 12, 21, 220, 1, 21, 32, 7992 }, // U+0451
    { 11, 14, 194, 1, 14, 20, 8024 }, // U+0454
    { 4, 21, 111, 1, 21, 11, 8044 }, // U+0456
    { 9, 20, 111, -1, 20, 23, 8055 }, // U+0457
    { 13, 27, 202, 0, 21, 44, 8078 }, // U+045E
    { 9, 18, 172, 2, 18, 21, 8122 }, // U+0491
    { 13, 18, 207, 1, 18, 30, 8143 }, // U+0492
    { 11, 14, 176, 1, 14, 20, 8173 }, // U+0493
    { 14, 22, 243, 2, 18, 39, 8193 }, // U+049A
    { 12, 18, 218, 2, 14, 27, 8232 }, // U+049B
    { 15, 22, 275, 2, 18, 42, 8259 }, // U+04A2
    { 13, 18, 240, 2, 14, 30, 8301 }, // U+04A3
    { 15, 18, 230, -1, 18, 34, 8331 }, // U+04AE
    { 14, 20, 202, 0, 14, 35, 8365 }, // U+04AF
    { 15, 18, 230, 0, 18, 34, 8400 }, // U+04B0
    { 14, 20, 202, -1, 14, 35, 8434 }, // U+04B1
    { 14, 18, 258, 1, 18, 32, 8469 }, // U+04D8
    { 12, 14, 222, 1, 14, 21, 8501 }, // U+04D9
    { 15, 18, 276, 1, 18, 34, 8522 }, // U+04E8
    { 13, 14, 234, 1, 14, 23, 8556 }, // U+04E9
    { 4, 4, 0, 0, -1, 2, 8579 }, // U+0591
    { 4, 4, 0, 1, 20, 2, 8581 }, // U+0592
    { 4, 4, 0, 1, 20, 2, 8583 }, // U+0593
    { 2, 4, 0, 1, 20, 1, 8585 }, // U+0594
    { 4, 4, 0, 1, 20, 2, 8586 }, // U+0595
    { 4, 4, 0, 1, -2, 2, 8588 }, // U+0596
    { 4, 5, 0, 1, 20, 3, 8590 }, // U+0597
    { 5, 5, 0, 1, 20, 4, 8593 }, // U+0598
    { 4, 4, 0, 0, 19, 2, 8597 }, // U+0599
    { 4, 5, 0, 1, -1, 3, 8599 }, // U+059A
    { 4, 4, 0, 1, -2, 2, 8602 }, // U+059B
    { 4, 4, 0, 1, 19, 2, 8604 }, // U+059C
    { 4, 4, 0, 1, 19, 2, 8606 }, // U+059D
    { 7, 4, 0, 1, 19, 4, 8608 }, // U+059E
    { 7, 4, 0, 1, 19, 4, 8612 }, // U+059F
    { 5, 4, 0, 1, 19, 3, 8616 }, // U+05A0
    { 4, 3, 0, 1, 19, 2, 8619 }, // U+05A1
    { 4, 4, 0, 1, -1, 2, 8621 }, // U+05A2
    { 3, 4, 0, 1, -1, 2, 8623 }, // U+05A3
    { 4, 5, 0, 1, -1, 3, 8625 }, // U+05A4
    { 4, 4, 0, 1, -2, 2, 8628 }, // U+05A5
    { 7, 4, 0, 1, -2, 4, 8630 }, // U+05A6
    { 4, 5, 0, 1, -1, 3, 8634 }, // U+05A7
    { 4, 4, 0, 0, 19, 2, 8637 }, // U+05A8
    { 4, 4, 0, 1, 19, 2, 8639 }, // U+05A9
    { 4, 4, 0, 1, -1, 2, 8641 }, // U+05AA
    { 4, 5, 0, 1, 20, 3, 8643 }, // U+05AB
    { 3, 4, 0, 1, 20, 2, 8646 }, // U+05AC
    { 4, 4, 0, 1, -2, 2, 8648 }, // U+05AD
    { 5, 5, 0, 1, 20, 4, 8650 }, // U+05AE
    { 4, 3, 0, 1, 19, 2, 8654 }, // U+05AF
    { 2, 4, 0, 1, -2, 1, 8656 }, // U+05B0
    { 7, 4, 0, 1, -2, 4, 8657 }, // U+05B1
    { 8, 4, 0, 1, -2, 4, 8661 }, // U+05B2
    { 8, 4, 0, 1, -2, 4, 8665 }, // U+05B3
    { 2, 2, 0, 1, -1, 1, 8669 }, // U+05B4
    { 4, 2, 0, 1, -1, 1, 8670 }, // U+05B5
    { 4, 4, 0, 1, -2, 2, 8671 }, // U+05B6
    { 5, 2, 0, 1, -2, 2, 8673 }, // U+05B7
    { 5, 4, 0, 1, -2, 3, 8675 }, // U+05B8
    { 2, 2, 0, 1, 18, 1, 8678 }, // U+05B9
    { 2, 2, 0, 1, 18, 1, 8679 }, // U+05BA
    { 6, 4, 0, 1, -2, 3, 8680 }, // U+05BB
    { 2, 2, 0, 1, 8, 1, 8683 }, // U+05BC
    { 1, 4, 0, 2, -2, 1, 8684 }, // U+05BD
    { 6, 3, 143, 1, 14, 3, 8685 }, // U+05BE
    { 6, 2, 0, 1, 17, 2, 8688 }, // U+05BF
    { 4, 11, 122, 2, 13, 6, 8690 }, // U+05C0
    { 2, 2, 0, 1, 18, 1, 8696 }, // U+05C1
    { 2, 2, 0, 1, 18, 1, 8697 }, // U+05C2
    { 4, 13, 96, 1, 13, 7, 8698 }, // U+05C3
    { 2, 2, 0, 1, 18, 1, 8705 }, // U+05C4
    { 2, 2, 0, 1, -1, 1, 8706 }, // U+05C5
    { 8, 14, 152, 2, 14, 14, 8707 }, // U+05C6
    { 5, 5, 0, 1, -2, 4, 8721 }, // U+05C7
    { 14, 14, 233, 0, 14, 25, 8725 }, // U+05D0
    { 12, 14, 204, 0, 14, 21, 8750 }, // U+05D1
    { 9, 14, 156, 0, 14, 16, 8771 }, // U+05D2
    { 12, 14, 196, 0, 14, 21, 8787 }, // U+05D3
    { 12, 14, 246, 2, 14, 21, 8808 }, // U+05D4
    { 7, 14, 134, 0, 14, 13, 8829 }, // U+05D5
    { 9, 14, 144, 0, 14, 16, 8842 }, // U+05D6
    { 12, 14, 248, 2, 14, 21, 8858 }, // U+05D7
    { 14, 14, 246, 1, 14, 25, 8879 }, // U+05D8
    { 7, 10, 118, -1, 14, 9, 8904 }, // U+05D9
    { 11, 20, 206, 1, 14, 28, 8913 }, // U+05DA
    { 12, 14, 206, 0, 14, 21, 8941 }, // U+05DB
    { 11, 20, 202, 1, 19, 28, 8962 }, // U+05DC
    { 13, 14, 250, 1, 14, 23, 8990 }, // U+05DD
    { 15, 14, 253, 0, 14, 27, 9013 }, // U+05DE
    { 4, 20, 122, 2, 14, 10, 9040 }, // U+05DF
    { 8, 14, 152, 0, 14, 14, 9050 }, // U+05E0
    { 14, 14, 254, 1, 14, 25, 9064 }, // U+05E1
    { 14, 16, 221, 0, 14, 28, 9089 }, // U+05E2
    { 13, 21, 247, 1, 14, 35, 9117 }, // U+05E3
    { 13, 14, 237, 1, 14, 23, 9152 }, // U+05E4
    { 13, 20, 206, 0, 14, 33, 9175 }, // U+05E5
    { 14, 14, 222, -1, 14, 25, 9208 }, // U+05E6
    { 13, 20, 246, 1, 14, 33, 9233 }, // U+05E7
    { 11, 14, 207, 1, 14, 20, 9266 }, // U+05E8
    { 17, 14, 297, 1, 14, 30, 9286 }, // U+05E9
    { 15, 14, 255, 0, 14, 27, 9316 }, // U+05EA
    { 14, 14, 247, 0, 14, 25, 9343 }, // U+05F0
    { 13, 14, 236, -1, 14, 23, 9368 }, // U+05F1
    { 13, 10, 220, -1, 14, 17, 9391 }, // U+05F2
    { 4, 6, 94, 1, 14, 3, 9408 }, // U+05F3
    { 9, 6, 172, 1, 14, 7, 9411 }, // U+05F4
    { 21, 11, 407, 3, 11, 29, 9418 }, // U+0600
    { 17, 18, 351, 2, 17, 39, 9447 }, // U+0609
    { 18, 18, 443, 2, 17, 41, 9486 }, // U+060A
    { 12, 26, 198, 0, 19, 39, 9527 }, // U+060B
    { 5, 8, 119, 1, 8, 5, 9566 }, // U+060C
    { 7, 12, 134, 0, 9, 11, 9571 }, // U+060D
    { 7, 7, 0, 1, 22, 7, 9582 }, // U+0615
    { 5, 14, 119, 1, 14, 9, 9589 }, // U+061B
    { 7, 7, 240, 4, 22, 7, 9598 }, // U+061E
    { 11, 19, 188, 1, 19, 27, 9605 }, // U+061F
    { 18, 22, 320, 1, 15, 50, 9632 }, // U+0620
    { 11, 11, 188, 1, 11, 16, 9682 }, // U+0621
    { 7, 20, 92, 0, 20, 18, 9698 }, // U+0622
    { 7, 23, 92, 0, 23, 21, 9716 }, // U+0623
    { 11, 24, 206, 1, 17, 33, 9737 }, // U+0624
    { 7, 27, 92, 0, 20, 24, 9770 }, // U+0625
    { 19, 20, 320, 0, 16, 48, 9794 }, // U+0626
    { 3, 20, 92, 2, 20, 8, 9842 }, // U+0627
    { 20, 16, 355, 1, 11, 40, 9850 }, // U+0628
    { 11, 19, 202, 1, 19, 27, 9890 }, // U+0629
    { 20, 14, 355, 1, 14, 35, 9917 }, // U+062A
    { 20, 17, 355, 1, 17, 43, 9952 }, // U+062B
    { 17, 22, 252, 0, 12, 47, 9995 }, // U+062C
    { 17, 22, 252, 0, 13, 47, 10042 }, // U+062D
    { 17, 26, 252, 0, 17, 56, 10089 }, // U+062E
    { 11, 14, 191, 0, 14, 20, 10145 }, // U+062F
    { 11, 19, 191, 0, 19, 27, 10165 }, // U+0630
    { 10, 17, 148, -1, 10, 22, 10192 }, // U+0631
    { 9, 22, 148, -1, 15, 25, 10214 }, // U+0632
    { 29, 18, 497, 1, 11, 66, 10239 }, // U+0633
    { 29, 25, 497, 1, 18, 91, 10305 }, // U+0634
    { 31, 19, 532, 1, 12, 74, 10396 }, // U+0635
    { 31, 24, 532, 1, 17, 93, 10470 }, // U+0636
    { 19, 20, 322, 0, 20, 48, 10563 }, // U+0637
    { 19, 20, 322, 0, 20, 48, 10611 }, // U+0638
    { 14, 22, 237, 1, 13, 39, 10659 }, // U+0639
    { 14, 27, 237, 1, 18, 48, 10698 }, // U+063A
    { 21, 22, 369, 1, 22, 58, 10746 }, // U+063B
    { 21, 29, 369, 1, 20, 77, 10804 }, // U+063C
    { 5, 4, 48, -1, 4, 3, 10881 }, // U+0640
    { 20, 19, 357, 1, 19, 48, 10884 }, // U+0641
    { 17, 22, 308, 1, 15, 47, 10932 }, // U+0642
    { 18, 20, 327, 1, 20, 45, 10979 }, // U+0643
    { 15, 25, 276, 1, 20, 47, 11024 }, // U+0644
    { 15, 21, 272, 1, 12, 40, 11071 }, // U+0645
    { 15, 18, 276, 1, 12, 34, 11111 }, // U+0646
    { 11, 15, 202, 1, 15, 21, 11145 }, // U+0647
    { 11, 18, 206, 1, 11, 25, 11166 }, // U+0648
    { 18, 18, 320, 1, 14, 41, 11191 }, // U+0649
    { 18, 23, 320, 1, 14, 52, 11232 }, // U+064A
    { 6, 6, 0, 2, 20, 5, 11284 }, // U+064B
    { 7, 7, 0, 1, 21, 7, 11289 }, // U+064C
    { 6, 6, 0, 1, -1, 5, 11296 }, // U+064D
    { 6, 4, 0, 2, 18, 3, 11301 }, // U+064E
    { 5, 7, 0, 0, 21, 5, 11304 }, // U+064F
    { 6, 4, 0, 1, -1, 3, 11309 }, // U+0650
    { 7, 5, 0, 1, 20, 5, 11312 }, // U+0651
    { 6, 6, 0, 0, 20, 5, 11317 }, // U+0652
    { 7, 4, 0, 2, 18, 4, 11322 }, // U+0653
    { 7, 7, 0, 2, 21, 7, 11326 }, // U+0654
    { 7, 7, 0, 2, -1, 7, 11333 }, // U+0655
    { 2, 5, 0, 1, -1, 2, 11340 }, // U+0656
    { 7, 4, 0, 0, 18, 4, 11342 }, // U+0658
    { 6, 5, 0, 2, 19, 4, 11346 }, // U+065A
    { 6, 5, 0, 2, 19, 4, 11350 }, // U+065B
    { 6, 7, 0, 0, 21, 6, 11354 }, // U+065D
    { 9, 7, 0, 1, 6, 8, 11360 }, // U+065F
    { 6, 6, 160, 2, 11, 5, 11368 }, // U+0660
    { 5, 16, 109, 1, 16, 10, 11373 }, // U+0661
    { 11, 16, 196, 1, 16, 22, 11383 }, // U+0662
    { 14, 16, 240, 1, 16, 28, 11405 }, // U+0663
    { 11, 17, 176, 1, 17, 24, 11433 }, // U+0664
    { 11, 14, 225, 2, 16, 20, 11457 }, // U+0665
    { 11, 18, 188, 0, 17, 25, 11477 }, // U+0666
    { 14, 17, 216, 0, 17, 30, 11502 }, // U+0667
    { 14, 17, 216, 0, 16, 30, 11532 }, // U+0668
    { 12, 18, 208, 1, 17, 27, 11562 }, // U+0669
    { 13, 18, 280, 2, 17, 30, 11589 }, // U+066A
    { 4, 8, 116, 1, 4, 4, 11619 }, // U+066B
    { 4, 8, 100, 1, 14, 4, 11623 }, // U+066C
    { 19, 18, 327, 1, 17, 43, 11627 }, // U+066D
    { 20, 11, 355, 1, 11, 28, 11670 }, // U+066E
    { 17, 18, 308, 1, 11, 39, 11698 }, // U+066F
    { 2, 5, 0, 1, 20, 2, 11737 }, // U+0670
    { 7, 23, 92, 0, 23, 21, 11739 }, // U+0671
    { 9, 23, 92, -1, 23, 26, 11760 }, // U+0672
    { 9, 27, 92, -3, 20, 31, 11786 }, // U+0673
    { 7, 7, 0, 2, 19, 7, 11817 }, // U+0674
    { 10, 20, 173, 2, 20, 25, 11824 }, // U+0675
    { 13, 25, 206, 1, 18, 41, 11849 }, // U+0676
    { 11, 31, 206, 1, 24, 43, 11890 }, // U+0677
    { 19, 25, 320, 1, 21, 60, 11933 }, // U+0678
    { 20, 16, 355, 1, 16, 40, 11993 }, // U+0679
    { 20, 17, 355, 1, 17, 43, 12033 }, // U+067A
    { 20, 20, 355, 1, 11, 50, 12076 }, // U+067B
    { 20, 18, 348, 1, 14, 45, 12126 }, // U+067C
    { 20, 16, 355, 1, 16, 40, 12171 }, // U+067D
    { 20, 20, 355, 1, 11, 50, 12211 }, // U+067E
    { 20, 16, 355, 1, 16, 40, 12261 }, // U+067F
    { 20, 20, 355, 1, 11, 50, 12301 }, // U+0680
    { 17, 28, 252, 0, 19, 60, 12351 }, // U+0681
    { 17, 30, 252, 0, 21, 64, 12411 }, // U+0682
    { 17, 22, 252, 0, 12, 47, 12475 }, // U+0683
    { 17, 22, 252, 0, 13, 47, 12522 }, // U+0684
    { 17, 30, 252, 0, 19, 64, 12569 }, // U+0685
    { 17, 22, 252, 0, 13, 47, 12633 }, // U+0686
    { 17, 22, 252, 0, 13, 47, 12680 }, // U+0687
    { 11, 21, 191, 0, 21, 29, 12727 }, // U+0688
    { 11, 18, 191, 0, 14, 25, 12756 }, // U+0689
    { 11, 19, 191, 0, 14, 27, 12781 }, // U+068A
    { 11, 26, 191, 0, 21, 36, 12808 }, // U+068B
    { 11, 19, 191, 0, 19, 27, 12844 }, // U+068C
    { 11, 19, 191, 0, 14, 27, 12871 }, // U+068D
    { 11, 21, 191, 0, 21, 29, 12898 }, // U+068E
    { 11, 22, 191, 0, 22, 31, 12927 }, // U+068F
    { 12, 22, 191, 0, 22, 33, 12958 }, // U+0690
    { 10, 25, 148, -2, 18, 32, 12991 }, // U+0691
    { 10, 23, 148, -1, 16, 29, 13023 }, // U+0692
    { 9, 18, 148, -1, 10, 21, 13052 }, // U+0693
    { 9, 20, 148, -1, 10, 23, 13073 }, // U+0694
    { 10, 20, 148, -1, 10, 25, 13096 }, // U+0695
    { 9, 25, 148, -1, 15, 29, 13121 }, // U+0696
    { 9, 23, 148, -1, 16, 26, 13150 }, // U+0697
    { 9, 25, 148, -1, 18, 29, 13176 }, // U+0698
    { 10, 24, 148, -2, 17, 30, 13205 }, // U+0699
    { 29, 21, 497, 1, 14, 77, 13235 }, // U+069A
    { 29, 20, 497, 1, 11, 73, 13312 }, // U+069B
    { 29, 27, 497, 1, 18, 98, 13385 }, // U+069C
    { 31, 24, 532, 1, 12, 93, 13483 }, // U+069D
    { 31, 26, 532, 1, 19, 101, 13576 }, // U+069E
    { 19, 20, 322, 0, 20, 48, 13677 }, // U+069F
    { 14, 29, 237, 1, 20, 51, 13725 }, // U+06A0
    { 20, 16, 357, 1, 16, 40, 13776 }, // U+06A1
    { 20, 21, 357, 1, 16, 53, 13816 }, // U+06A2
    { 20, 24, 357, 1, 19, 60, 13869 }, // U+06A3
    { 20, 23, 357, 1, 23, 58, 13929 }, // U+06A4
    { 20, 25, 357, 1, 16, 63, 13987 }, // U+06A5
    { 20, 23, 357, 1, 23, 58, 14050 }, // U+06A6
    { 17, 22, 308, 1, 15, 47, 14108 }, // U+06A7
    { 17, 25, 308, 1, 18, 54, 14155 }, // U+06A8
    { 21, 20, 369, 1, 20, 53, 14209 }, // U+06A9
    { 30, 17, 500, 1, 17, 64, 14262 }, // U+06AA
    { 21, 20, 369, 1, 20, 53, 14326 }, // U+06AB
    { 18, 25, 327, 1, 25, 57, 14379 }, // U+06AC
    { 20, 27, 327, 1, 27, 68, 14436 }, // U+06AD
    { 18, 29, 327, 1, 20, 66, 14504 }, // U+06AE
    { 21, 23, 369, 1, 23, 61, 14570 }, // U+06AF
    { 21, 23, 369, 1, 23, 61, 14631 }, // U+06B0
    { 21, 24, 369, 1, 24, 63, 14692 }, // U+06B1
    { 21, 28, 369, 1, 23, 74, 14755 }, // U+06B2
    { 21, 32, 369, 1, 23, 84, 14829 }, // U+06B3
    { 21, 26, 369, 1, 26, 69, 14913 }, // U+06B4
    { 17, 30, 276, 1, 25, 64, 14982 }, // U+06B5
    { 15, 30, 276, 1, 25, 57, 15046 }, // U+06B6
    { 17, 34, 276, 1, 29, 73, 15103 }, // U+06B7
    { 15, 33, 276, 1, 19, 62, 15176 }, // U+06B8
    { 15, 23, 276, 1, 12, 44, 15238 }, // U+06B9
    { 15, 15, 276, 1, 9, 29, 15282 }, // U+06BA
    { 15, 21, 276, 1, 15, 40, 15311 }, // U+06BB
    { 15, 22, 276, 1, 12, 42, 15351 }, // U+06BC
    { 15, 22, 276, 1, 16, 42, 15393 }, // U+06BD
    { 17, 15, 282, 0, 15, 32, 15435 }, // U+06BE
    { 17, 26, 252, 0, 17, 56, 15467 }, // U+06BF
    { 11, 21, 202, 1, 21, 29, 15523 }, // U+06C0
    { 11, 15, 202, 1, 15, 21, 15552 }, // U+06C1
    { 11, 21, 202, 1, 21, 29, 15573 }, // U+06C2
    { 11, 19, 202, 1, 19, 27, 15602 }, // U+06C3
    { 11, 18, 206, 1, 11, 25, 15629 }, // U+06C4
    { 11, 18, 206, 1, 11, 25, 15654 }, // U+06C5
    { 11, 23, 206, 1, 16, 32, 15679 }, // U+06C6
    { 11, 24, 206, 1, 17, 33, 15711 }, // U+06C7
    { 11, 24, 206, 1, 17, 33, 15744 }, // U+06C8
    { 11, 23, 206, 1, 16, 32, 15777 }, // U+06C9
    { 11, 23, 206, 1, 16, 32, 15809 }, // U+06CA
    { 11, 25, 206, 1, 18, 35, 15841 }, // U+06CB
    { 18, 18, 320, 1, 14, 41, 15876 }, // U+06CC
    { 21, 18, 341, -1, 14, 48, 15917 }, // U+06CD
    { 18, 18, 320, 1, 14, 41, 15965 }, // U+06CE
    { 11, 22, 206, 1, 15, 31, 16006 }, // U+06CF
    { 18, 26, 320, 1, 14, 59, 16037 }, // U+06D0
    { 18, 25, 320, 1, 14, 57, 16096 }, // U+06D1
    { 28, 14, 445, 1, 14, 49, 16153 }, // U+06D2
    { 28, 19, 445, 1, 19, 67, 16202 }, // U+06D3
    { 7, 4, 150, 1, 4, 4, 16269 }, // U+06D4
    { 11, 15, 202, 1, 15, 21, 16273 }, // U+06D5
    { 11, 19, 191, 0, 19, 27, 16294 }, // U+06EE
    { 6, 6, 160, 2, 11, 5, 16321 }, // U+06F0
    { 5, 16, 109, 1, 16, 10, 16326 }, // U+06F1
    { 11, 16, 196, 1, 16, 22, 16336 }, // U+06F2
    { 14, 16, 240, 1, 16, 28, 16358 }, // U+06F3
    { 13, 16, 212, 1, 16, 26, 16386 }, // U+06F4
    { 12, 17, 234, 2, 17, 26, 16412 }, // U+06F5
    { 11, 18, 208, 1, 17, 25, 16438 }, // U+06F6
    { 14, 17, 216, 0, 17, 30, 16463 }, // U+06F7
    { 14, 17, 216, 0, 16, 30, 16493 }, // U+06F8
    { 12, 18, 208, 1, 17, 27, 16523 }, // U+06F9
    { 29, 25, 497, 1, 18, 91, 16550 }, // U+06FA
    { 31, 24, 532, 1, 17, 93, 16641 }, // U+06FB
    { 14, 27, 237, 1, 18, 48, 16734 }, // U+06FC
    { 11, 18, 188, 1, 11, 25, 16782 }, // U+06FD
    { 15, 21, 272, 1, 12, 40, 16807 }, // U+06FE
    { 17, 19, 282, 0, 19, 41, 16847 }, // U+06FF
    { 29, 23, 497, 1, 16, 84, 16888 }, // U+075C
    { 12, 20, 218, 1, 14, 30, 16972 }, // U+1EA1
    { 16, 26, 233, -1, 26, 52, 17002 }, // U+1EA2
    { 12, 22, 218, 1, 22, 33, 17054 }, // U+1EA3
    { 14, 25, 218, 1, 25, 44, 17087 }, // U+1EA5
    { 16, 28, 233, -1, 28, 56, 17131 }, // U+1EA6
    { 14, 25, 218, -1, 25, 44, 17187 }, // U+1EA7
    { 16, 28, 233, -1, 28, 56, 17231 }, // U+1EA8
    { 13, 26, 218, 1, 26, 43, 17287 }, // U+1EA9
    { 12, 24, 218, 1, 24, 36, 17330 }, // U+1EAB
    { 16, 30, 233, -1, 24, 60, 17366 }, // U+1EAC
    { 12, 27, 218, 1, 21, 41, 17426 }, // U+1EAD
    { 16, 29, 233, -1, 29, 58, 17467 }, // U+1EAE
    { 12, 25, 218, 1, 25, 38, 17525 }, // U+1EAF
    { 12, 25, 218, 1, 25, 38, 17563 }, // U+1EB1
    { 12, 24, 218, 1, 24, 36, 17601 }, // U+1EB5
    { 12, 27, 218, 1, 21, 41, 17637 }, // U+1EB7
    { 12, 20, 220, 1, 14, 30, 17678 }, // U+1EB9
    { 12, 22, 220, 1, 22, 33, 17708 }, // U+1EBB
    { 12, 21, 220, 1, 21, 32, 17741 }, // U+1EBD
    { 14, 25, 220, 1, 25, 44, 17773 }, // U+1EBF
    { 13, 28, 212, -1, 28, 46, 17817 }, // U+1EC0
    { 14, 25, 220, -1, 25, 44, 17863 }, // U+1EC1
    { 13, 26, 220, 1, 26, 43, 17907 }, // U+1EC3
    { 12, 27, 220, 1, 21, 41, 17950 }, // U+1EC7
    { 6, 22, 111, 1, 22, 17, 17991 }, // U+1EC9
    { 4, 26, 111, 1, 20, 13, 18008 }, // U+1ECB
    { 15, 24, 276, 1, 18, 45, 18021 }, // U+1ECC
    { 13, 20, 234, 1, 14, 33, 18066 }, // U+1ECD
    { 13, 22, 234, 1, 22, 36, 18099 }, // U+1ECF
    { 15, 28, 276, 1, 28, 53, 18135 }, // U+1ED0
    { 14, 25, 234, 1, 25, 44, 18188 }, // U+1ED1
    { 15, 28, 276, 1, 28, 53, 18232 }, // U+1ED2
    { 15, 25, 234, -1, 25, 47, 18285 }, // U+1ED3
    { 13, 26, 234, 1, 26, 43, 18332 }, // U+1ED5
    { 13, 24, 234, 1, 24, 39, 18375 }, // U+1ED7
    { 15, 30, 276, 1, 24, 57, 18414 }, // U+1ED8
    { 13, 27, 234, 1, 21, 44, 18471 }, // U+1ED9
    { 15, 22, 244, 1, 22, 42, 18515 }, // U+1EDB
    { 15, 22, 244, 1, 22, 42, 18557 }, // U+1EDD
    { 16, 26, 284, 1, 26, 52, 18599 }, // U+1EDE
    { 15, 22, 244, 1, 22, 42, 18651 }, // U+1EDF
    { 15, 21, 244, 1, 21, 40, 18693 }, // U+1EE1
    { 15, 22, 244, 1, 16, 42, 18733 }, // U+1EE3
    { 11, 20, 228, 2, 14, 28, 18775 }, // U+1EE5
    { 13, 26, 262, 2, 26, 43, 18803 }, // U+1EE6
    { 11, 22, 228, 2, 22, 31, 18846 }, // U+1EE7
    { 15, 22, 250, 2, 22, 42, 18877 }, // U+1EE9
    { 15, 22, 250, 2, 22, 42, 18919 }, // U+1EEB
    { 15, 22, 250, 2, 22, 42, 18961 }, // U+1EED
    { 15, 21, 250, 2, 21, 40, 19003 }, // U+1EEF
    { 15, 23, 250, 2, 17, 44, 19043 }, // U+1EF1
    { 1, 23, 0, 0, 19, 3, 19087 }, // U+200C
    { 5, 25, 0, -2, 21, 16, 19090 }, // U+200D
    { 4, 26, 0, 0, 22, 13, 19106 }, // U+200E
    { 4, 26, 0, -3, 22, 13, 19119 }, // U+200F
    { 12, 3, 208, 1, 10, 5, 19132 }, // U+2013
    { 19, 3, 317, 1, 10, 8, 19137 }, // U+2014
    { 4, 7, 94, 1, 19, 4, 19145 }, // U+2018
    { 5, 7, 94, 0, 19, 5, 19149 }, // U+2019
    { 9, 7, 172, 1, 19, 8, 19154 }, // U+201C
    { 10, 7, 172, 0, 19, 9, 19162 }, // U+201D
    { 10, 7, 172, 0, 3, 9, 19171 }, // U+201E
    { 16, 4, 293, 1, 4, 8, 19180 }, // U+2026
    { 7, 13, 118, -1, 14, 12, 19188 }, // U+FB1D
    { 7, 3, 0, 1, 20, 3, 19200 }, // U+FB1E
    { 13, 13, 220, -1, 14, 22, 19203 }, // U+FB1F
    { 14, 14, 226, 0, 14, 25, 19225 }, // U+FB20
    { 23, 14, 377, 0, 14, 41, 19250 }, // U+FB21
    { 20, 14, 333, 1, 14, 35, 19291 }, // U+FB22
    { 21, 14, 394, 2, 14, 37, 19326 }, // U+FB23
    { 22, 14, 362, 0, 14, 39, 19363 }, // U+FB24
    { 20, 20, 339, 1, 19, 50, 19402 }, // U+FB25
    { 22, 14, 382, 1, 14, 39, 19452 }, // U+FB26
    { 21, 14, 357, 0, 14, 37, 19491 }, // U+FB27
    { 24, 14, 408, 0, 14, 42, 19528 }, // U+FB28
    { 14, 9, 264, 1, 14, 16, 19570 }, // U+FB29
    { 17, 17, 297, 1, 17, 37, 19586 }, // U+FB2A
    { 17, 17, 297, 1, 17, 37, 19623 }, // U+FB2B
    { 17, 17, 297, 1, 17, 37, 19660 }, // U+FB2C
    { 17, 17, 297, 1, 17, 37, 19697 }, // U+FB2D
    { 14, 18, 233, 0, 14, 32, 19734 }, // U+FB2E
    { 14, 19, 233, 0, 14, 34, 19766 }, // U+FB2F
    { 14, 14, 233, 0, 14, 25, 19800 }, // U+FB30
    { 13, 14, 204, 0, 14, 23, 19825 }, // U+FB31
    { 9, 14, 156, 0, 14, 16, 19848 }, // U+FB32
    { 11, 14, 196, 1, 14, 20, 19864 }, // U+FB33
    { 12, 14, 246, 2, 14, 21, 19884 }, // U+FB34
    { 6, 14, 135, 1, 14, 11, 19905 }, // U+FB35
    { 9, 14, 146, 1, 14, 16, 19916 }, // U+FB36
    { 14, 14, 246, 1, 14, 25, 19932 }, // U+FB38
    { 6, 10, 123, 1, 14, 8, 19957 }, // U+FB39
    { 11, 20, 206, 0, 14, 28, 19965 }, // U+FB3A
    { 11, 14, 206, 1, 14, 20, 19993 }, // U+FB3B
    { 11, 20, 202, 1, 19, 28, 20013 }, // U+FB3C
    { 14, 14, 253, 0, 14, 25, 20041 }, // U+FB3E
    { 8, 14, 152, 0, 14, 14, 20066 }, // U+FB40
    { 14, 14, 254, 1, 14, 25, 20080 }, // U+FB41
    { 13, 20, 247, 1, 14, 33, 20105 }, // U+FB43
    { 13, 14, 237, 1, 14, 23, 20138 }, // U+FB44
    { 14, 14, 222, -1, 14, 25, 20161 }, // U+FB46
    { 13, 20, 246, 1, 14, 33, 20186 }, // U+FB47
    { 11, 14, 207, 1, 14, 20, 20219 }, // U+FB48
    { 17, 14, 297, 1, 14, 30, 20239 }, // U+FB49
    { 15, 14, 255, 0, 14, 27, 20269 }, // U+FB4A
    { 7, 17, 134, 0, 17, 15, 20296 }, // U+FB4B
    { 13, 17, 204, 0, 17, 28, 20311 }, // U+FB4C
    { 11, 17, 206, 1, 17, 24, 20339 }, // U+FB4D
    { 13, 17, 237, 1, 17, 28, 20363 }, // U+FB4E
    { 14, 19, 225, 1, 19, 34, 20391 }, // U+FB4F
    { 8, 23, 100, -1, 23, 23, 20425 }, // U+FB51
    { 25, 19, 393, 1, 10, 60, 20448 }, // U+FB53
    { 7, 20, 122, -1, 11, 18, 20508 }, // U+FB54
    { 10, 18, 135, -1, 9, 23, 20526 }, // U+FB55
    { 25, 19, 393, 1, 10, 60, 20549 }, // U+FB57
    { 8, 20, 122, 0, 11, 20, 20609 }, // U+FB58
    { 11, 17, 135, -1, 9, 24, 20629 }, // U+FB59
    { 25, 19, 393, 1, 10, 60, 20653 }, // U+FB5B
    { 8, 20, 122, 0, 11, 20, 20713 }, // U+FB5C
    { 11, 18, 135, -1, 9, 25, 20733 }, // U+FB5D
    { 25, 17, 393, 1, 17, 54, 20758 }, // U+FB5F
    { 8, 18, 122, -1, 18, 18, 20812 }, // U+FB60
    { 10, 17, 135, -1, 17, 22, 20830 }, // U+FB61
    { 25, 16, 393, 1, 16, 50, 20852 }, // U+FB63
    { 8, 19, 122, -1, 19, 19, 20902 }, // U+FB64
    { 11, 16, 135, -1, 16, 22, 20921 }, // U+FB65
    { 25, 15, 393, 1, 15, 47, 20943 }, // U+FB67
    { 7, 18, 122, -1, 18, 16, 20990 }, // U+FB68
    { 10, 16, 135, -1, 16, 20, 21006 }, // U+FB69
    { 24, 21, 389, 1, 21, 63, 21026 }, // U+FB6B
    { 12, 24, 190, -1, 24, 36, 21089 }, // U+FB6C
    { 15, 21, 210, -1, 21, 40, 21125 }, // U+FB6D
    { 24, 20, 389, 1, 20, 60, 21165 }, // U+FB6F
    { 12, 22, 190, -1, 22, 33, 21225 }, // U+FB70
    { 15, 21, 210, -1, 21, 40, 21258 }, // U+FB71
    { 18, 23, 272, 0, 13, 52, 21298 }, // U+FB73
    { 18, 22, 284, -1, 13, 50, 21350 }, // U+FB74
    { 20, 21, 291, -1, 13, 53, 21400 }, // U+FB75
    { 18, 22, 272, 0, 12, 50, 21453 }, // U+FB77
    { 18, 19, 284, -1, 13, 43, 21503 }, // U+FB78
    { 20, 17, 291, -1, 13, 43, 21546 }, // U+FB79
    { 18, 23, 272, 0, 13, 52, 21589 }, // U+FB7B
    { 18, 22, 284, -1, 13, 50, 21641 }, // U+FB7C
    { 20, 21, 291, -1, 13, 53, 21691 }, // U+FB7D
    { 18, 22, 272, 0, 13, 50, 21744 }, // U+FB7F
    { 18, 22, 284, -1, 13, 50, 21794 }, // U+FB80
    { 21, 21, 291, -1, 13, 56, 21844 }, // U+FB81
    { 14, 19, 213, 0, 14, 34, 21900 }, // U+FB83
    { 14, 19, 213, 0, 19, 34, 21934 }, // U+FB85
    { 14, 21, 213, 0, 21, 37, 21968 }, // U+FB87
    { 14, 21, 213, 0, 21, 37, 22005 }, // U+FB89
    { 12, 26, 166, -1, 19, 39, 22042 }, // U+FB8B
    { 13, 24, 166, -2, 17, 39, 22081 }, // U+FB8D
    { 25, 20, 398, 1, 20, 63, 22120 }, // U+FB8F
    { 12, 20, 185, -1, 20, 30, 22183 }, // U+FB90
    { 16, 20, 217, -1, 20, 40, 22213 }, // U+FB91
    { 25, 23, 398, 1, 23, 72, 22253 }, // U+FB93
    { 12, 23, 186, -1, 23, 35, 22325 }, // U+FB94
    { 16, 23, 217, -1, 23, 46, 22360 }, // U+FB95
    { 25, 32, 398, 1, 23, 100, 22406 }, // U+FB97
    { 12, 32, 186, -1, 23, 48, 22506 }, // U+FB98
    { 16, 32, 217, -1, 23, 64, 22554 }, // U+FB99
    { 25, 24, 398, 1, 24, 75, 22618 }, // U+FB9B
    { 13, 23, 186, -3, 23, 38, 22693 }, // U+FB9C
    { 17, 23, 217, -2, 23, 49, 22731 }, // U+FB9D
    { 18, 16, 292, 1, 9, 36, 22780 }, // U+FB9F
    { 18, 21, 292, 1, 14, 48, 22816 }, // U+FBA1
    { 7, 18, 122, -1, 18, 16, 22864 }, // U+FBA2
    { 10, 16, 135, -1, 16, 20, 22880 }, // U+FBA3
    { 13, 20, 207, 1, 20, 33, 22900 }, // U+FBA5
    { 16, 11, 240, 0, 9, 22, 22933 }, // U+FBA7
    { 8, 18, 122, -1, 11, 18, 22955 }, // U+FBA8
    { 18, 17, 240, -1, 9, 39, 22973 }, // U+FBA9
    { 16, 19, 237, 0, 12, 38, 23012 }, // U+FBAB
    { 17, 15, 258, -1, 15, 32, 23050 }, // U+FBAC
    { 14, 19, 199, -1, 12, 34, 23082 }, // U+FBAD
    { 20, 12, 314, 1, 4, 30, 23116 }, // U+FBAF
    { 20, 19, 314, 1, 11, 48, 23146 }, // U+FBB1
    { 3, 4, 0, 6, 19, 2, 23194 }, // U+FBB2
    { 3, 4, 0, 6, -1, 2, 23196 }, // U+FBB3
    { 7, 4, 0, 4, 20, 4, 23198 }, // U+FBB4
    { 7, 4, 0, 4, -1, 4, 23202 }, // U+FBB5
    { 7, 7, 0, 4, 22, 7, 23206 }, // U+FBB6
    { 7, 7, 0, 4, -1, 7, 23213 }, // U+FBB7
    { 7, 7, 0, 4, 22, 7, 23220 }, // U+FBB8
    { 7, 7, 0, 4, -1, 7, 23227 }, // U+FBB9
    { 7, 6, 0, 4, 21, 6, 23234 }, // U+FBBA
    { 7, 6, 0, 4, -2, 6, 23240 }, // U+FBBB
    { 3, 7, 0, 6, 22, 3, 23246 }, // U+FBBD
    { 3, 7, 0, 6, -2, 3, 23249 }, // U+FBBE
    { 5, 5, 0, 4, 10, 4, 23252 }, // U+FBBF
    { 7, 7, 0, 1, -1, 7, 23256 }, // U+FBC1
    { 21, 27, 342, 1, 27, 71, 23263 }, // U+FBD4
    { 13, 24, 185, -2, 24, 39, 23334 }, // U+FBD5
    { 16, 24, 217, -1, 24, 48, 23373 }, // U+FBD6
    { 14, 24, 218, 1, 17, 42, 23421 }, // U+FBD8
    { 14, 23, 218, 1, 16, 41, 23463 }, // U+FBDA
    { 14, 24, 218, 1, 17, 42, 23504 }, // U+FBDC
    { 14, 25, 218, 1, 18, 44, 23546 }, // U+FBDF
    { 14, 18, 218, 1, 11, 32, 23590 }, // U+FBE1
    { 14, 23, 218, 1, 16, 41, 23622 }, // U+FBE3
    { 18, 20, 291, 1, 6, 45, 23663 }, // U+FBE5
    { 7, 20, 122, -1, 11, 18, 23708 }, // U+FBE6
    { 10, 18, 135, -1, 9, 23, 23726 }, // U+FBE7
    { 8, 11, 122, -1, 11, 11, 23749 }, // U+FBE8
    { 10, 9, 135, -1, 9, 12, 23760 }, // U+FBE9
    { 18, 12, 291, 1, 6, 27, 23772 }, // U+FBFD
    { 8, 17, 122, 0, 11, 17, 23799 }, // U+FBFE
    { 10, 15, 135, -1, 9, 19, 23816 }, // U+FBFF
    { 11, 25, 191, 0, 25, 35, 23835 }, // U+FC5B
    { 10, 23, 148, -1, 16, 29, 23870 }, // U+FC5C
    { 7, 11, 0, 1, 26, 10, 23899 }, // U+FC61
    { 7, 10, 0, 1, 25, 9, 23909 }, // U+FC63
    { 8, 23, 100, 0, 23, 23, 23918 }, // U+FD3C
    { 6, 23, 92, 1, 23, 18, 23941 }, // U+FD3D
    { 10, 25, 212, 2, 20, 32, 23959 }, // U+FD3E
    { 10, 25, 222, 1, 20, 32, 23991 }, // U+FD3F
    { 27, 24, 457, 1, 24, 81, 24023 }, // U+FDF2
    { 6, 6, 240, 1, 20, 5, 24104 }, // U+FE70
    { 7, 7, 240, 1, 21, 7, 24109 }, // U+FE72
    { 6, 6, 240, 1, -1, 5, 24116 }, // U+FE74
    { 6, 4, 240, 1, 18, 3, 24121 }, // U+FE76
    { 5, 7, 240, 0, 21, 5, 24124 }, // U+FE78
    { 7, 5, 240, 1, 20, 5, 24129 }, // U+FE7C
    { 6, 6, 240, 0, 20, 5, 24134 }, // U+FE7E
    { 8, 20, 100, -1, 20, 20, 24139 }, // U+FE82
    { 8, 23, 100, 0, 23, 23, 24159 }, // U+FE84
    { 14, 24, 218, 1, 17, 42, 24182 }, // U+FE86
    { 7, 27, 100, 0, 20, 24, 24224 }, // U+FE88
    { 19, 19, 291, 0, 13, 46, 24248 }, // U+FE8A
    { 8, 17, 122, -1, 17, 17, 24294 }, // U+FE8B
    { 10, 16, 135, -1, 16, 20, 24311 }, // U+FE8C
    { 6, 20, 100, 1, 20, 15, 24331 }, // U+FE8E
    { 25, 15, 393, 1, 10, 47, 24346 }, // U+FE90
    { 7, 17, 122, -1, 11, 15, 24393 }, // U+FE91
    { 11, 15, 135, -1, 9, 21, 24408 }, // U+FE92
    { 13, 19, 207, 1, 19, 31, 24429 }, // U+FE94
    { 25, 14, 393, 1, 14, 44, 24460 }, // U+FE96
    { 8, 15, 122, -1, 15, 15, 24504 }, // U+FE97
    { 10, 14, 135, -1, 14, 18, 24519 }, // U+FE98
    { 25, 16, 393, 1, 16, 50, 24537 }, // U+FE9A
    { 8, 19, 122, -1, 19, 19, 24587 }, // U+FE9B
    { 11, 18, 135, -1, 18, 25, 24606 }, // U+FE9C
    { 18, 22, 272, 0, 12, 50, 24631 }, // U+FE9E
    { 18, 19, 284, -1, 13, 43, 24681 }, // U+FE9F
    { 19, 18, 291, -1, 13, 43, 24724 }, // U+FEA0
    { 18, 23, 272, 0, 13, 52, 24767 }, // U+FEA2
    { 18, 13, 284, -1, 13, 30, 24819 }, // U+FEA3
    { 20, 13, 291, -1, 13, 33, 24849 }, // U+FEA4
    { 18, 27, 272, 0, 17, 61, 24882 }, // U+FEA6
    { 17, 17, 284, -1, 17, 37, 24943 }, // U+FEA7
    { 19, 17, 291, -1, 17, 41, 24980 }, // U+FEA8
    { 14, 14, 213, 0, 14, 25, 25021 }, // U+FEAA
    { 14, 19, 213, 0, 19, 34, 25046 }, // U+FEAC
    { 13, 17, 166, -1, 10, 28, 25080 }, // U+FEAE
    { 12, 22, 166, -1, 15, 33, 25108 }, // U+FEB0
    { 33, 17, 526, 1, 10, 71, 25141 }, // U+FEB2
    { 20, 11, 331, -1, 11, 28, 25212 }, // U+FEB3
    { 25, 9, 358, -1, 9, 29, 25240 }, // U+FEB4
    { 33, 25, 526, 1, 18, 104, 25269 }, // U+FEB6
    { 20, 18, 331, -1, 18, 45, 25373 }, // U+FEB7
    { 24, 18, 358, -1, 18, 54, 25418 }, // U+FEB8
    { 34, 19, 544, 1, 12, 81, 25472 }, // U+FEBA
    { 23, 12, 371, -1, 12, 35, 25553 }, // U+FEBB
    { 26, 12, 382, -1, 12, 39, 25588 }, // U+FEBC
    { 34, 24, 544, 1, 17, 102, 25627 }, // U+FEBE
    { 23, 17, 371, -1, 17, 49, 25729 }, // U+FEBF
    { 26, 17, 382, -1, 17, 56, 25778 }, // U+FEC0
    { 22, 20, 338, 0, 20, 55, 25834 }, // U+FEC2
    { 20, 20, 310, -1, 20, 50, 25889 }, // U+FEC3
    { 23, 20, 327, -1, 20, 58, 25939 }, // U+FEC4
    { 22, 20, 338, 0, 20, 55, 25997 }, // U+FEC6
    { 20, 20, 310, -1, 20, 50, 26052 }, // U+FEC7
    { 23, 20, 327, -1, 20, 58, 26102 }, // U+FEC8
    { 15, 22, 231, 1, 12, 42, 26160 }, // U+FECA
    { 15, 12, 227, -1, 12, 23, 26202 }, // U+FECB
    { 17, 12, 242, -1, 12, 26, 26225 }, // U+FECC
    { 15, 27, 231, 1, 17, 51, 26251 }, // U+FECE
    { 15, 17, 227, -1, 17, 32, 26302 }, // U+FECF
    { 17, 17, 242, -1, 17, 37, 26334 }, // U+FED0
    { 24, 18, 389, 1, 18, 54, 26371 }, // U+FED2
    { 12, 19, 190, -1, 19, 29, 26425 }, // U+FED3
    { 15, 18, 210, -1, 18, 34, 26454 }, // U+FED4
    { 20, 23, 321, 1, 16, 58, 26488 }, // U+FED6
    { 12, 19, 190, -1, 19, 29, 26546 }, // U+FED7
    { 15, 18, 210, -1, 18, 34, 26575 }, // U+FED8
    { 21, 20, 342, 1, 20, 53, 26609 }, // U+FEDA
    { 12, 20, 185, -1, 20, 30, 26662 }, // U+FEDB
    { 16, 20, 217, -1, 20, 40, 26692 }, // U+FEDC
    { 18, 26, 285, 1, 20, 59, 26732 }, // U+FEDE
    { 6, 20, 102, -1, 20, 15, 26791 }, // U+FEDF
    { 9, 20, 104, -1, 20, 23, 26806 }, // U+FEE0
    { 18, 21, 288, 1, 12, 48, 26829 }, // U+FEE2
    { 15, 12, 237, -1, 12, 23, 26877 }, // U+FEE3
    { 18, 12, 254, -1, 12, 27, 26900 }, // U+FEE4
    { 18, 19, 292, 1, 12, 43, 26927 }, // U+FEE6
    { 8, 16, 122, -1, 16, 16, 26970 }, // U+FEE7
    { 11, 14, 135, -1, 14, 20, 26986 }, // U+FEE8
    { 13, 14, 207, 1, 14, 23, 27006 }, // U+FEEA
    { 17, 15, 258, -1, 15, 32, 27029 }, // U+FEEB
    { 14, 19, 199, -1, 12, 34, 27061 }, // U+FEEC
    { 14, 18, 218, 1, 11, 32, 27095 }, // U+FEEE
    { 18, 12, 291, 1, 6, 27, 27127 }, // U+FEF0
    { 18, 17, 291, 1, 6, 39, 27154 }, // U+FEF2
    { 8, 17, 122, 0, 11, 17, 27193 }, // U+FEF3
    { 10, 15, 135, -1, 9, 19, 27210 }, // U+FEF4
    { 15, 20, 258, 0, 20, 38, 27229 }, // U+FEF5
    { 18, 20, 273, 0, 20, 45, 27267 }, // U+FEF6
    { 15, 23, 258, 0, 23, 44, 27312 }, // U+FEF7
    { 18, 22, 273, 1, 22, 50, 27356 }, // U+FEF8
    { 14, 27, 258, 2, 20, 48, 27406 }, // U+FEF9
    { 17, 27, 273, 2, 20, 58, 27454 }, // U+FEFA
    { 14, 20, 258, 1, 20, 35, 27512 }, // U+FEFB
    { 17, 20, 273, 1, 20, 43, 27547 }, // U+FEFC
};

static const EpdUnicodeInterval firago_12_mediumIntervals[] = {
    { 0x20, 0x7E, 0x0 },
    { 0xA0, 0xA1, 0x5F },
    { 0xAB, 0xAB, 0x61 },
    { 0xB0, 0xB0, 0x62 },
    { 0xB7, 0xB7, 0x63 },
    { 0xBA, 0xBB, 0x64 },
    { 0xBF, 0xC2, 0x66 },
    { 0xC4, 0xC7, 0x6A },
    { 0xC9, 0xCA, 0x6E },
    { 0xCD, 0xCE, 0x70 },
    { 0xD2, 0xD3, 0x72 },
    { 0xD6, 0xD6, 0x74 },
    { 0xD8, 0xDA, 0x75 },
    { 0xDC, 0xDD, 0x78 },
    { 0xDF, 0xEF, 0x7A },
    { 0xF1, 0xF6, 0x8B },
    { 0xF8, 0xFA, 0x91 },
    { 0xFC, 0xFD, 0x94 },
    { 0x103, 0x103, 0x96 },
    { 0x105, 0x105, 0x97 },
    { 0x107, 0x107, 0x98 },
    { 0x10C, 0x111, 0x99 },
    { 0x116, 0x11B, 0x9F },
    { 0x11E, 0x11F, 0xA5 },
    { 0x129, 0x129, 0xA7 },
    { 0x12E, 0x131, 0xA8 },
    { 0x13A, 0x13A, 0xAC },
    { 0x13D, 0x13E, 0xAD },
    { 0x141, 0x142, 0xAF },
    { 0x144, 0x144, 0xB1 },
    { 0x148, 0x148, 0xB2 },
    { 0x151, 0x151, 0xB3 },
    { 0x155, 0x155, 0xB4 },
    { 0x158, 0x15B, 0xB5 },
    { 0x15E, 0x161, 0xB9 },
    { 0x163, 0x165, 0xBD },
    { 0x16B, 0x16B, 0xC0 },
    { 0x16E, 0x173, 0xC1 },
    { 0x17A, 0x17A, 0xC7 },
    { 0x17C, 0x17E, 0xC8 },
    { 0x1A1, 0x1A1, 0xCB },
    { 0x1B0, 0x1B0, 0xCC },
    { 0x218, 0x21B, 0xCD },
    { 0x404, 0x404, 0xD1 },
    { 0x406, 0x406, 0xD2 },
    { 0x410, 0x429, 0xD3 },
    { 0x42B, 0x42D, 0xED },
    { 0x42F, 0x44F, 0xF0 },
    { 0x451, 0x451, 0x111 },
    { 0x454, 0x454, 0x112 },
    { 0x456, 0x457, 0x113 },
    { 0x45E, 0x45E, 0x115 },
    { 0x491, 0x493, 0x116 },
    { 0x49A, 0x49B, 0x119 },
    { 0x4A2, 0x4A3, 0x11B },
    { 0x4AE, 0x4B1, 0x11D },
    { 0x4D8, 0x4D9, 0x121 },
    { 0x4E8, 0x4E9, 0x123 },
    { 0x591, 0x5C7, 0x125 },
    { 0x5D0, 0x5EA, 0x15C },
    { 0x5F0, 0x5F4, 0x177 },
    { 0x600, 0x600, 0x17C },
    { 0x609, 0x60D, 0x17D },
    { 0x615, 0x615, 0x182 },
    { 0x61B, 0x61B, 0x183 },
    { 0x61E, 0x63C, 0x184 },
    { 0x640, 0x656, 0x1A3 },
    { 0x658, 0x658, 0x1BA },
    { 0x65A, 0x65B, 0x1BB },
    { 0x65D, 0x65D, 0x1BD },
    { 0x65F, 0x6D5, 0x1BE },
    { 0x6EE, 0x6EE, 0x235 },
    { 0x6F0, 0x6FF, 0x236 },
    { 0x75C, 0x75C, 0x246 },
    { 0x1EA1, 0x1EA3, 0x247 },
    { 0x1EA5, 0x1EA9, 0x24A },
    { 0x1EAB, 0x1EAF, 0x24F },
    { 0x1EB1, 0x1EB1, 0x254 },
    { 0x1EB5, 0x1EB5, 0x255 },
    { 0x1EB7, 0x1EB7, 0x256 },
    { 0x1EB9, 0x1EB9, 0x257 },
    { 0x1EBB, 0x1EBB, 0x258 },
    { 0x1EBD, 0x1EBD, 0x259 },
    { 0x1EBF, 0x1EC1, 0x25A },
    { 0x1EC3, 0x1EC3, 0x25D },
    { 0x1EC7, 0x1EC7, 0x25E },
    { 0x1EC9, 0x1EC9, 0x25F },
    { 0x1ECB, 0x1ECD, 0x260 },
    { 0x1ECF, 0x1ED3, 0x263 },
    { 0x1ED5, 0x1ED5, 0x268 },
    { 0x1ED7, 0x1ED9, 0x269 },
    { 0x1EDB, 0x1EDB, 0x26C },
    { 0x1EDD, 0x1EDF, 0x26D },
    { 0x1EE1, 0x1EE1, 0x270 },
    { 0x1EE3, 0x1EE3, 0x271 },
    { 0x1EE5, 0x1EE7, 0x272 },
    { 0x1EE9, 0x1EE9, 0x275 },
    { 0x1EEB, 0x1EEB, 0x276 },
    { 0x1EED, 0x1EED, 0x277 },
    { 0x1EEF, 0x1EEF, 0x278 },
    { 0x1EF1, 0x1EF1, 0x279 },
    { 0x200C, 0x200F, 0x27A },
    { 0x2013, 0x2014, 0x27E },
    { 0x2018, 0x2019, 0x280 },
    { 0x201C, 0x201E, 0x282 },
    { 0x2026, 0x2026, 0x285 },
    { 0xFB1D, 0xFB36, 0x286 },
    { 0xFB38, 0xFB3C, 0x2A0 },
    { 0xFB3E, 0xFB3E, 0x2A5 },
    { 0xFB40, 0xFB41, 0x2A6 },
    { 0xFB43, 0xFB44, 0x2A8 },
    { 0xFB46, 0xFB4F, 0x2AA },
    { 0xFB51, 0xFB51, 0x2B4 },
    { 0xFB53, 0xFB55, 0x2B5 },
    { 0xFB57, 0xFB59, 0x2B8 },
    { 0xFB5B, 0xFB5D, 0x2BB },
    { 0xFB5F, 0xFB61, 0x2BE },
    { 0xFB63, 0xFB65, 0x2C1 },
    { 0xFB67, 0xFB69, 0x2C4 },
    { 0xFB6B, 0xFB6D, 0x2C7 },
    { 0xFB6F, 0xFB71, 0x2CA },
    { 0xFB73, 0xFB75, 0x2CD },
    { 0xFB77, 0xFB79, 0x2D0 },
    { 0xFB7B, 0xFB7D, 0x2D3 },
    { 0xFB7F, 0xFB81, 0x2D6 },
    { 0xFB83, 0xFB83, 0x2D9 },
    { 0xFB85, 0xFB85, 0x2DA },
    { 0xFB87, 0xFB87, 0x2DB },
    { 0xFB89, 0xFB89, 0x2DC },
    { 0xFB8B, 0xFB8B, 0x2DD },
    { 0xFB8D, 0xFB8D, 0x2DE },
    { 0xFB8F, 0xFB91, 0x2DF },
    { 0xFB93, 0xFB95, 0x2E2 },
    { 0xFB97, 0xFB99, 0x2E5 },
    { 0xFB9B, 0xFB9D, 0x2E8 },
    { 0xFB9F, 0xFB9F, 0x2EB },
    { 0xFBA1, 0xFBA3, 0x2EC },
    { 0xFBA5, 0xFBA5, 0x2EF },
    { 0xFBA7, 0xFBA9, 0x2F0 },
    { 0xFBAB, 0xFBAD, 0x2F3 },
    { 0xFBAF, 0xFBAF, 0x2F6 },
    { 0xFBB1, 0xFBBB, 0x2F7 },
    { 0xFBBD, 0xFBBF, 0x302 },
    { 0xFBC1, 0xFBC1, 0x305 },
    { 0xFBD4, 0xFBD6, 0x306 },
    { 0xFBD8, 0xFBD8, 0x309 },
    { 0xFBDA, 0xFBDA, 0x30A },
    { 0xFBDC, 0xFBDC, 0x30B },
    { 0xFBDF, 0xFBDF, 0x30C },
    { 0xFBE1, 0xFBE1, 0x30D },
    { 0xFBE3, 0xFBE3, 0x30E },
    { 0xFBE5, 0xFBE9, 0x30F },
    { 0xFBFD, 0xFBFF, 0x314 },
    { 0xFC5B, 0xFC5C, 0x317 },
    { 0xFC61, 0xFC61, 0x319 },
    { 0xFC63, 0xFC63, 0x31A },
    { 0xFD3C, 0xFD3F, 0x31B },
    { 0xFDF2, 0xFDF2, 0x31F },
    { 0xFE70, 0xFE70, 0x320 },
    { 0xFE72, 0xFE72, 0x321 },
    { 0xFE74, 0xFE74, 0x322 },
    { 0xFE76, 0xFE76, 0x323 },
    { 0xFE78, 0xFE78, 0x324 },
    { 0xFE7C, 0xFE7C, 0x325 },
    { 0xFE7E, 0xFE7E, 0x326 },
    { 0xFE82, 0xFE82, 0x327 },
    { 0xFE84, 0xFE84, 0x328 },
    { 0xFE86, 0xFE86, 0x329 },
    { 0xFE88, 0xFE88, 0x32A },
    { 0xFE8A, 0xFE8C, 0x32B },
    { 0xFE8E, 0xFE8E, 0x32E },
    { 0xFE90, 0xFE92, 0x32F },
    { 0xFE94, 0xFE94, 0x332 },
    { 0xFE96, 0xFE98, 0x333 },
    { 0xFE9A, 0xFE9C, 0x336 },
    { 0xFE9E, 0xFEA0, 0x339 },
    { 0xFEA2, 0xFEA4, 0x33C },
    { 0xFEA6, 0xFEA8, 0x33F },
    { 0xFEAA, 0xFEAA, 0x342 },
    { 0xFEAC, 0xFEAC, 0x343 },
    { 0xFEAE, 0xFEAE, 0x344 },
    { 0xFEB0, 0xFEB0, 0x345 },
    { 0xFEB2, 0xFEB4, 0x346 },
    { 0xFEB6, 0xFEB8, 0x349 },
    { 0xFEBA, 0xFEBC, 0x34C },
    { 0xFEBE, 0xFEC0, 0x34F },
    { 0xFEC2, 0xFEC4, 0x352 },
    { 0xFEC6, 0xFEC8, 0x355 },
    { 0xFECA, 0xFECC, 0x358 },
    { 0xFECE, 0xFED0, 0x35B },
    { 0xFED2, 0xFED4, 0x35E },
    { 0xFED6, 0xFED8, 0x361 },
    { 0xFEDA, 0xFEDC, 0x364 },
    { 0xFEDE, 0xFEE0, 0x367 },
    { 0xFEE2, 0xFEE4, 0x36A },
    { 0xFEE6, 0xFEE8, 0x36D },
    { 0xFEEA, 0xFEEC, 0x370 },
    { 0xFEEE, 0xFEEE, 0x373 },
    { 0xFEF0, 0xFEF0, 0x374 },
    { 0xFEF2, 0xFEFC, 0x375 },
};

static const EpdKernClassEntry firago_12_mediumKernLeftClasses[] = {
    { 0x0021, 1 }, // !
    { 0x0022, 2 }, // "
    { 0x0023, 3 }, // #
    { 0x0024, 4 }, // $
    { 0x0025, 5 }, // %
    { 0x0026, 6 }, // &
    { 0x0027, 2 }, // '
    { 0x0028, 7 }, // (
    { 0x0029, 8 }, // )
    { 0x002A, 9 }, // *
    { 0x002B, 10 }, // +
    { 0x002C, 11 }, // ,
    { 0x002D, 10 }, // -
    { 0x002E, 11 }, // .
    { 0x002F, 12 }, // /
    { 0x0030, 13 }, // 0
    { 0x0031, 14 }, // 1
    { 0x0032, 15 }, // 2
    { 0x0033, 16 }, // 3
    { 0x0034, 17 }, // 4
    { 0x0035, 18 }, // 5
    { 0x0036, 19 }, // 6
    { 0x0037, 20 }, // 7
    { 0x0038, 21 }, // 8
    { 0x0039, 22 }, // 9
    { 0x003A, 23 }, // :
    { 0x003B, 23 }, // ;
    { 0x003C, 24 }, // <
    { 0x003D, 24 }, // =
    { 0x003E, 24 }, // >
    { 0x003F, 25 }, // ?
    { 0x0040, 26 }, // @
    { 0x0041, 27 }, // A
    { 0x0042, 28 }, // B
    { 0x0043, 29 }, // C
    { 0x0044, 30 }, // D
    { 0x0045, 31 }, // E
    { 0x0046, 32 }, // F
    { 0x0047, 33 }, // G
    { 0x0048, 34 }, // H
    { 0x0049, 34 }, // I
    { 0x004A, 35 }, // J
    { 0x004B, 36 }, // K
    { 0x004C, 37 }, // L
    { 0x004D, 38 }, // M
    { 0x004E, 34 }, // N
    { 0x004F, 30 }, // O
    { 0x0050, 39 }, // P
    { 0x0051, 40 }, // Q
    { 0x0052, 41 }, // R
    { 0x0053, 4 }, // S
    { 0x0054, 42 }, // T
    { 0x0055, 43 }, // U
    { 0x0056, 44 }, // V
    { 0x0057, 45 }, // W
    { 0x0058, 36 }, // X
    { 0x0059, 46 }, // Y
    { 0x005A, 47 }, // Z
    { 0x005B, 48 }, // [
    { 0x005C, 49 }, // <backslash>
    { 0x005F, 50 }, // _
    { 0x0061, 51 }, // a
    { 0x0062, 52 }, // b
    { 0x0063, 53 }, // c
    { 0x0064, 54 }, // d
    { 0x0065, 52 }, // e
    { 0x0066, 55 }, // f
    { 0x0067, 56 }, // g
    { 0x0068, 57 }, // h
    { 0x0069, 58 }, // i
    { 0x006A, 58 }, // j
    { 0x006B, 59 }, // k
    { 0x006C, 60 }, // l
    { 0x006D, 57 }, // m
    { 0x006E, 57 }, // n
    { 0x006F, 52 }, // o
    { 0x0070, 52 }, // p
    { 0x0071, 61 }, // q
    { 0x0072, 62 }, // r
    { 0x0073, 63 }, // s
    { 0x0074, 64 }, // t
    { 0x0075, 65 }, // u
    { 0x0076, 66 }, // v
    { 0x0077, 67 }, // w
    { 0x0078, 59 }, // x
    { 0x0079, 66 }, // y
    { 0x007A, 68 }, // z
    { 0x007B, 69 }, // {
    { 0x007E, 10 }, // ~
    { 0x00A1, 70 }, // U+00A1
    { 0x00AB, 71 }, // U+00AB
    { 0x00B0, 72 }, // U+00B0
    { 0x00B7, 10 }, // U+00B7
    { 0x00BB, 73 }, // U+00BB
    { 0x00BF, 74 }, // U+00BF
    { 0x00C0, 27 }, // U+00C0
    { 0x00C1, 27 }, // U+00C1
    { 0x00C2, 27 }, // U+00C2
    { 0x00C4, 27 }, // U+00C4
    { 0x00C5, 27 }, // U+00C5
    { 0x00C6, 31 }, // U+00C6
    { 0x00C7, 29 }, // U+00C7
    { 0x00C9, 31 }, // U+00C9
    { 0x00CA, 31 }, // U+00CA
    { 0x00CD, 75 }, // U+00CD
    { 0x00CE, 75 }, // U+00CE
    { 0x00D2, 30 }, // U+00D2
    { 0x00D3, 30 }, // U+00D3
    { 0x00D6, 30 }, // U+00D6
    { 0x00D8, 30 }, // U+00D8
    { 0x00D9, 43 }, // U+00D9
    { 0x00DA, 43 }, // U+00DA
    { 0x00DC, 43 }, // U+00DC
    { 0x00DD, 46 }, // U+00DD
    { 0x00DF, 76 }, // U+00DF
    { 0x00E0, 51 }, // U+00E0
    { 0x00E1, 51 }, // U+00E1
    { 0x00E2, 51 }, // U+00E2
    { 0x00E3, 51 }, // U+00E3
    { 0x00E4, 51 }, // U+00E4
    { 0x00E5, 51 }, // U+00E5
    { 0x00E6, 52 }, // U+00E6
    { 0x00E7, 53 }, // U+00E7
    { 0x00E8, 52 }, // U+00E8
    { 0x00E9, 52 }, // U+00E9
    { 0x00EA, 52 }, // U+00EA
    { 0x00EB, 52 }, // U+00EB
    { 0x00EC, 77 }, // U+00EC
    { 0x00ED, 77 }, // U+00ED
    { 0x00EE, 77 }, // U+00EE
    { 0x00EF, 77 }, // U+00EF
    { 0x00F1, 57 }, // U+00F1
    { 0x00F2, 52 }, // U+00F2
    { 0x00F3, 52 }, // U+00F3
    { 0x00F4, 52 }, // U+00F4
    { 0x00F5, 52 }, // U+00F5
    { 0x00F6, 52 }, // U+00F6
    { 0x00F8, 52 }, // U+00F8
    { 0x00F9, 65 }, // U+00F9
    { 0x00FA, 65 }, // U+00FA
    { 0x00FC, 65 }, // U+00FC
    { 0x00FD, 66 }, // U+00FD
    { 0x0103, 51 }, // U+0103
    { 0x0105, 51 }, // U+0105
    { 0x0107, 53 }, // U+0107
    { 0x010C, 29 }, // U+010C
    { 0x010D, 53 }, // U+010D
    { 0x010E, 30 }, // U+010E
    { 0x010F, 78 }, // U+010F
    { 0x0110, 30 }, // U+0110
    { 0x0111, 54 }, // U+0111
    { 0x0116, 31 }, // U+0116
    { 0x0117, 52 }, // U+0117
    { 0x0118, 31 }, // U+0118
    { 0x0119, 52 }, // U+0119
    { 0x011A, 31 }, // U+011A
    { 0x011B, 52 }, // U+011B
    { 0x011E, 33 }, // U+011E
    { 0x011F, 56 }, // U+011F
    { 0x0129, 77 }, // U+0129
    { 0x012E, 34 }, // U+012E
    { 0x012F, 58 }, // U+012F
    { 0x0130, 34 }, // U+0130
    { 0x0131, 65 }, // U+0131
    { 0x013A, 60 }, // U+013A
    { 0x013D, 37 }, // U+013D
    { 0x013E, 78 }, // U+013E
    { 0x0141, 37 }, // U+0141
    { 0x0142, 79 }, // U+0142
    { 0x0144, 57 }, // U+0144
    { 0x0148, 57 }, // U+0148
    { 0x0151, 52 }, // U+0151
    { 0x0155, 62 }, // U+0155
    { 0x0158, 41 }, // U+0158
    { 0x0159, 80 }, // U+0159
    { 0x015A, 4 }, // U+015A
    { 0x015B, 63 }, // U+015B
    { 0x015E, 4 }, // U+015E
    { 0x015F, 63 }, // U+015F
    { 0x0160, 4 }, // U+0160
    { 0x0161, 63 }, // U+0161
    { 0x0163, 64 }, // U+0163
    { 0x0164, 42 }, // U+0164
    { 0x0165, 81 }, // U+0165
    { 0x016B, 65 }, // U+016B
    { 0x016E, 43 }, // U+016E
    { 0x016F, 65 }, // U+016F
    { 0x0170, 43 }, // U+0170
    { 0x0171, 65 }, // U+0171
    { 0x0172, 43 }, // U+0172
    { 0x0173, 65 }, // U+0173
    { 0x017A, 68 }, // U+017A
    { 0x017C, 68 }, // U+017C
    { 0x017D, 47 }, // U+017D
    { 0x017E, 68 }, // U+017E
    { 0x01A1, 82 }, // U+01A1
    { 0x01B0, 82 }, // U+01B0
    { 0x0218, 4 }, // U+0218
    { 0x0219, 63 }, // U+0219
    { 0x021A, 42 }, // U+021A
    { 0x021B, 64 }, // U+021B
    { 0x0404, 29 }, // U+0404
    { 0x0406, 34 }, // U+0406
    { 0x0410, 27 }, // U+0410
    { 0x0411, 83 }, // U+0411
    { 0x0412, 28 }, // U+0412
    { 0x0413, 84 }, // U+0413
    { 0x0414, 85 }, // U+0414
    { 0x0415, 31 }, // U+0415
    { 0x0416, 36 }, // U+0416
    { 0x0417, 28 }, // U+0417
    { 0x0418, 34 }, // U+0418
    { 0x0419, 34 }, // U+0419
    { 0x041A, 36 }, // U+041A
    { 0x041B, 34 }, // U+041B
    { 0x041C, 38 }, // U+041C
    { 0x041D, 34 }, // U+041D
    { 0x041E, 30 }, // U+041E
    { 0x041F, 34 }, // U+041F
    { 0x0420, 39 }, // U+0420
    { 0x0421, 29 }, // U+0421
    { 0x0422, 42 }, // U+0422
    { 0x0423, 86 }, // U+0423
    { 0x0424, 30 }, // U+0424
    { 0x0425, 36 }, // U+0425
    { 0x0426, 87 }, // U+0426
    { 0x0427, 34 }, // U+0427
    { 0x0428, 34 }, // U+0428
    { 0x0429, 87 }, // U+0429
    { 0x042B, 34 }, // U+042B
    { 0x042C, 88 }, // U+042C
    { 0x042D, 30 }, // U+042D
    { 0x042F, 34 }, // U+042F
    { 0x0430, 51 }, // U+0430
    { 0x0431, 52 }, // U+0431
    { 0x0432, 89 }, // U+0432
    { 0x0433, 90 }, // U+0433
    { 0x0434, 91 }, // U+0434
    { 0x0435, 52 }, // U+0435
    { 0x0436, 59 }, // U+0436
    { 0x0437, 89 }, // U+0437
    { 0x0438, 65 }, // U+0438
    { 0x0439, 65 }, // U+0439
    { 0x043A, 59 }, // U+043A
    { 0x043B, 65 }, // U+043B
    { 0x043C, 92 }, // U+043C
    { 0x043D, 65 }, // U+043D
    { 0x043E, 52 }, // U+043E
    { 0x043F, 65 }, // U+043F
    { 0x0440, 52 }, // U+0440
    { 0x0441, 53 }, // U+0441
    { 0x0442, 93 }, // U+0442
    { 0x0443, 66 }, // U+0443
    { 0x0444, 52 }, // U+0444
    { 0x0445, 59 }, // U+0445
    { 0x0446, 94 }, // U+0446
    { 0x0447, 65 }, // U+0447
    { 0x0448, 65 }, // U+0448
    { 0x0449, 94 }, // U+0449
    { 0x044A, 95 }, // U+044A
    { 0x044B, 65 }, // U+044B
    { 0x044C, 95 }, // U+044C
    { 0x044D, 52 }, // U+044D
    { 0x044E, 52 }, // U+044E
    { 0x044F, 65 }, // U+044F
    { 0x0451, 52 }, // U+0451
    { 0x0454, 53 }, // U+0454
    { 0x0456, 58 }, // U+0456
    { 0x0457, 77 }, // U+0457
    { 0x045E, 66 }, // U+045E
    { 0x0491, 96 }, // U+0491
    { 0x0492, 84 }, // U+0492
    { 0x0493, 90 }, // U+0493
    { 0x049A, 97 }, // U+049A
    { 0x049B, 98 }, // U+049B
    { 0x04A2, 87 }, // U+04A2
    { 0x04A3, 94 }, // U+04A3
    { 0x04AE, 46 }, // U+04AE
    { 0x04AF, 66 }, // U+04AF
    { 0x04B0, 46 }, // U+04B0
    { 0x04B1, 66 }, // U+04B1
    { 0x04D8, 30 }, // U+04D8
    { 0x04D9, 52 }, // U+04D9
    { 0x04E8, 30 }, // U+04E8
    { 0x04E9, 52 }, // U+04E9
    { 0x05BE, 99 }, // U+05BE
    { 0x05C3, 23 }, // U+05C3
    { 0x05D0, 100 }, // U+05D0
    { 0x05D1, 101 }, // U+05D1
    { 0x05D2, 101 }, // U+05D2
    { 0x05D3, 102 }, // U+05D3
    { 0x05D4, 103 }, // U+05D4
    { 0x05D5, 104 }, // U+05D5
    { 0x05D6, 105 }, // U+05D6
    { 0x05D7, 103 }, // U+05D7
    { 0x05D8, 106 }, // U+05D8
    { 0x05D9, 104 }, // U+05D9
    { 0x05DA, 102 }, // U+05DA
    { 0x05DB, 101 }, // U+05DB
    { 0x05DC, 102 }, // U+05DC
    { 0x05DD, 103 }, // U+05DD
    { 0x05DE, 107 }, // U+05DE
    { 0x05E0, 101 }, // U+05E0
    { 0x05E1, 108 }, // U+05E1
    { 0x05E2, 109 }, // U+05E2
    { 0x05E3, 110 }, // U+05E3
    { 0x05E4, 111 }, // U+05E4
    { 0x05E5, 112 }, // U+05E5
    { 0x05E6, 113 }, // U+05E6
    { 0x05E7, 103 }, // U+05E7
    { 0x05E8, 102 }, // U+05E8
    { 0x05E9, 106 }, // U+05E9
    { 0x05EA, 114 }, // U+05EA
    { 0x05F0, 104 }, // U+05F0
    { 0x05F1, 104 }, // U+05F1
    { 0x05F2, 104 }, // U+05F2
    { 0x05F3, 99 }, // U+05F3
    { 0x05F4, 99 }, // U+05F4
    { 0x0622, 115 }, // U+0622
    { 0x0623, 115 }, // U+0623
    { 0x0624, 116 }, // U+0624
    { 0x0625, 117 }, // U+0625
    { 0x0629, 118 }, // U+0629
    { 0x062F, 119 }, // U+062F
    { 0x0630, 119 }, // U+0630
    { 0x0631, 120 }, // U+0631
    { 0x0632, 120 }, // U+0632
    { 0x0647, 118 }, // U+0647
    { 0x0648, 116 }, // U+0648
    { 0x0660, 121 }, // U+0660
    { 0x0661, 122 }, // U+0661
    { 0x0662, 122 }, // U+0662
    { 0x0663, 122 }, // U+0663
    { 0x0664, 123 }, // U+0664
    { 0x0665, 124 }, // U+0665
    { 0x0666, 125 }, // U+0666
    { 0x0667, 126 }, // U+0667
    { 0x0668, 127 }, // U+0668
    { 0x0669, 128 }, // U+0669
    { 0x0671, 115 }, // U+0671
    { 0x0673, 117 }, // U+0673
    { 0x0676, 116 }, // U+0676
    { 0x0677, 116 }, // U+0677
    { 0x0688, 119 }, // U+0688
    { 0x0689, 119 }, // U+0689
    { 0x068A, 119 }, // U+068A
    { 0x068B, 119 }, // U+068B
    { 0x068C, 119 }, // U+068C
    { 0x068D, 119 }, // U+068D
    { 0x068E, 119 }, // U+068E
    { 0x068F, 119 }, // U+068F
    { 0x0690, 119 }, // U+0690
    { 0x0691, 120 }, // U+0691
    { 0x0692, 120 }, // U+0692
    { 0x0693, 120 }, // U+0693
    { 0x0694, 120 }, // U+0694
    { 0x0695, 120 }, // U+0695
    { 0x0696, 120 }, // U+0696
    { 0x0697, 120 }, // U+0697
    { 0x0698, 120 }, // U+0698
    { 0x0699, 120 }, // U+0699
    { 0x06C0, 118 }, // U+06C0
    { 0x06C1, 118 }, // U+06C1
    { 0x06C2, 118 }, // U+06C2
    { 0x06C3, 118 }, // U+06C3
    { 0x06C6, 116 }, // U+06C6
    { 0x06C7, 116 }, // U+06C7
    { 0x06C8, 116 }, // U+06C8
    { 0x06C9, 116 }, // U+06C9
    { 0x06CA, 116 }, // U+06CA
    { 0x06CB, 116 }, // U+06CB
    { 0x06CF, 116 }, // U+06CF
    { 0x06D5, 118 }, // U+06D5
    { 0x06EE, 119 }, // U+06EE
    { 0x06F0, 121 }, // U+06F0
    { 0x06F1, 122 }, // U+06F1
    { 0x06F2, 122 }, // U+06F2
    { 0x06F3, 122 }, // U+06F3
    { 0x06F6, 129 }, // U+06F6
    { 0x06F7, 126 }, // U+06F7
    { 0x06F8, 127 }, // U+06F8
    { 0x06F9, 128 }, // U+06F9
    { 0x1EA1, 51 }, // U+1EA1
    { 0x1EA2, 27 }, // U+1EA2
    { 0x1EA3, 51 }, // U+1EA3
    { 0x1EA5, 51 }, // U+1EA5
    { 0x1EA6, 27 }, // U+1EA6
    { 0x1EA7, 51 }, // U+1EA7
    { 0x1EA8, 27 }, // U+1EA8
    { 0x1EA9, 51 }, // U+1EA9
    { 0x1EAB, 51 }, // U+1EAB
    { 0x1EAC, 27 }, // U+1EAC
    { 0x1EAD, 51 }, // U+1EAD
    { 0x1EAE, 27 }, // U+1EAE
    { 0x1EAF, 51 }, // U+1EAF
    { 0x1EB1, 51 }, // U+1EB1
    { 0x1EB5, 51 }, // U+1EB5
    { 0x1EB7, 51 }, // U+1EB7
    { 0x1EB9, 52 }, // U+1EB9
    { 0x1EBB, 52 }, // U+1EBB
    { 0x1EBD, 52 }, // U+1EBD
    { 0x1EBF, 52 }, // U+1EBF
    { 0x1EC0, 31 }, // U+1EC0
    { 0x1EC1, 52 }, // U+1EC1
    { 0x1EC3, 52 }, // U+1EC3
    { 0x1EC7, 52 }, // U+1EC7
    { 0x1EC9, 58 }, // U+1EC9
    { 0x1ECB, 58 }, // U+1ECB
    { 0x1ECC, 30 }, // U+1ECC
    { 0x1ECD, 52 }, // U+1ECD
    { 0x1ECF, 52 }, // U+1ECF
    { 0x1ED0, 30 }, // U+1ED0
    { 0x1ED1, 52 }, // U+1ED1
    { 0x1ED2, 30 }, // U+1ED2
    { 0x1ED3, 52 }, // U+1ED3
    { 0x1ED5, 52 }, // U+1ED5
    { 0x1ED7, 52 }, // U+1ED7
    { 0x1ED8, 30 }, // U+1ED8
    { 0x1ED9, 52 }, // U+1ED9
    { 0x1EDB, 82 }, // U+1EDB
    { 0x1EDD, 82 }, // U+1EDD
    { 0x1EDE, 130 }, // U+1EDE
    { 0x1EDF, 82 }, // U+1EDF
    { 0x1EE1, 82 }, // U+1EE1
    { 0x1EE3, 82 }, // U+1EE3
    { 0x1EE5, 65 }, // U+1EE5
    { 0x1EE6, 43 }, // U+1EE6
    { 0x1EE7, 65 }, // U+1EE7
    { 0x1EE9, 82 }, // U+1EE9
    { 0x1EEB, 82 }, // U+1EEB
    { 0x1EED, 82 }, // U+1EED
    { 0x1EEF, 82 }, // U+1EEF
    { 0x1EF1, 82 }, // U+1EF1
    { 0x2013, 10 }, // U+2013
    { 0x2014, 10 }, // U+2014
    { 0x2018, 2 }, // U+2018
    { 0x2019, 2 }, // U+2019
    { 0x201C, 2 }, // U+201C
    { 0x201D, 2 }, // U+201D
    { 0x201E, 11 }, // U+201E
    { 0x2026, 11 }, // U+2026
    { 0xFB1D, 104 }, // U+FB1D
    { 0xFB1F, 104 }, // U+FB1F
    { 0xFB20, 113 }, // U+FB20
    { 0xFB21, 100 }, // U+FB21
    { 0xFB22, 102 }, // U+FB22
    { 0xFB23, 103 }, // U+FB23
    { 0xFB24, 101 }, // U+FB24
    { 0xFB25, 102 }, // U+FB25
    { 0xFB26, 103 }, // U+FB26
    { 0xFB27, 102 }, // U+FB27
    { 0xFB28, 114 }, // U+FB28
    { 0xFB2A, 106 }, // U+FB2A
    { 0xFB2B, 106 }, // U+FB2B
    { 0xFB2C, 106 }, // U+FB2C
    { 0xFB2D, 106 }, // U+FB2D
    { 0xFB2E, 100 }, // U+FB2E
    { 0xFB2F, 100 }, // U+FB2F
    { 0xFB30, 100 }, // U+FB30
    { 0xFB31, 101 }, // U+FB31
    { 0xFB32, 101 }, // U+FB32
    { 0xFB33, 102 }, // U+FB33
    { 0xFB34, 103 }, // U+FB34
    { 0xFB35, 131 }, // U+FB35
    { 0xFB36, 105 }, // U+FB36
    { 0xFB38, 103 }, // U+FB38
    { 0xFB39, 132 }, // U+FB39
    { 0xFB3A, 102 }, // U+FB3A
    { 0xFB3B, 101 }, // U+FB3B
    { 0xFB3C, 102 }, // U+FB3C
    { 0xFB3E, 103 }, // U+FB3E
    { 0xFB40, 101 }, // U+FB40
    { 0xFB41, 108 }, // U+FB41
    { 0xFB43, 110 }, // U+FB43
    { 0xFB44, 111 }, // U+FB44
    { 0xFB46, 113 }, // U+FB46
    { 0xFB47, 103 }, // U+FB47
    { 0xFB48, 102 }, // U+FB48
    { 0xFB49, 106 }, // U+FB49
    { 0xFB4A, 114 }, // U+FB4A
    { 0xFB4B, 104 }, // U+FB4B
    { 0xFB4C, 101 }, // U+FB4C
    { 0xFB4D, 101 }, // U+FB4D
    { 0xFB4E, 111 }, // U+FB4E
    { 0xFB83, 119 }, // U+FB83
    { 0xFB85, 119 }, // U+FB85
    { 0xFB87, 119 }, // U+FB87
    { 0xFB89, 119 }, // U+FB89
    { 0xFB8B, 120 }, // U+FB8B
    { 0xFB8D, 120 }, // U+FB8D
    { 0xFBDA, 116 }, // U+FBDA
    { 0xFBDC, 116 }, // U+FBDC
    { 0xFBDF, 116 }, // U+FBDF
    { 0xFBE3, 116 }, // U+FBE3
    { 0xFC5B, 119 }, // U+FC5B
    { 0xFC5C, 120 }, // U+FC5C
    { 0xFD3D, 115 }, // U+FD3D
    { 0xFE86, 116 }, // U+FE86
    { 0xFEAA, 119 }, // U+FEAA
    { 0xFEAC, 119 }, // U+FEAC
    { 0xFEAE, 120 }, // U+FEAE
    { 0xFEB0, 120 }, // U+FEB0
    { 0xFEEE, 116 }, // U+FEEE
};

static const EpdKernClassEntry firago_12_mediumKernRightClasses[] = {
    { 0x0021, 1 }, // !
    { 0x0022, 2 }, // "
    { 0x0023, 3 }, // #
    { 0x0024, 4 }, // $
    { 0x0025, 5 }, // %
    { 0x0026, 6 }, // &
    { 0x0027, 2 }, // '
    { 0x0029, 7 }, // )
    { 0x002A, 8 }, // *
    { 0x002B, 9 }, // +
    { 0x002C, 10 }, // ,
    { 0x002D, 11 }, // -
    { 0x002E, 12 }, // .
    { 0x002F, 13 }, // /
    { 0x0030, 14 }, // 0
    { 0x0031, 15 }, // 1
    { 0x0032, 16 }, // 2
    { 0x0033, 17 }, // 3
    { 0x0034, 18 }, // 4
    { 0x0035, 19 }, // 5
    { 0x0036, 20 }, // 6
    { 0x0037, 21 }, // 7
    { 0x0038, 22 }, // 8
    { 0x0039, 23 }, // 9
    { 0x003A, 24 }, // :
    { 0x003B, 24 }, // ;
    { 0x003C, 25 }, // <
    { 0x003D, 25 }, // =
    { 0x003E, 25 }, // >
    { 0x003F, 26 }, // ?
    { 0x0040, 27 }, // @
    { 0x0041, 28 }, // A
    { 0x0042, 29 }, // B
    { 0x0043, 30 }, // C
    { 0x0044, 29 }, // D
    { 0x0045, 29 }, // E
    { 0x0046, 29 }, // F
    { 0x0047, 30 }, // G
    { 0x0048, 29 }, // H
    { 0x0049, 29 }, // I
    { 0x004A, 31 }, // J
    { 0x004B, 29 }, // K
    { 0x004C, 29 }, // L
    { 0x004D, 32 }, // M
    { 0x004E, 29 }, // N
    { 0x004F, 30 }, // O
    { 0x0050, 29 }, // P
    { 0x0051, 30 }, // Q
    { 0x0052, 29 }, // R
    { 0x0053, 4 }, // S
    { 0x0054, 33 }, // T
    { 0x0055, 34 }, // U
    { 0x0056, 35 }, // V
    { 0x0057, 36 }, // W
    { 0x0058, 37 }, // X
    { 0x0059, 38 }, // Y
    { 0x005A, 39 }, // Z
    { 0x005C, 40 }, // <backslash>
    { 0x005D, 41 }, // ]
    { 0x005F, 42 }, // _
    { 0x0061, 43 }, // a
    { 0x0062, 44 }, // b
    { 0x0063, 45 }, // c
    { 0x0064, 45 }, // d
    { 0x0065, 45 }, // e
    { 0x0066, 46 }, // f
    { 0x0067, 47 }, // g
    { 0x0068, 44 }, // h
    { 0x0069, 48 }, // i
    { 0x006A, 49 }, // j
    { 0x006B, 44 }, // k
    { 0x006C, 50 }, // l
    { 0x006D, 51 }, // m
    { 0x006E, 51 }, // n
    { 0x006F, 45 }, // o
    { 0x0070, 51 }, // p
    { 0x0071, 45 }, // q
    { 0x0072, 51 }, // r
    { 0x0073, 52 }, // s
    { 0x0074, 53 }, // t
    { 0x0075, 54 }, // u
    { 0x0076, 55 }, // v
    { 0x0077, 56 }, // w
    { 0x0078, 57 }, // x
    { 0x0079, 58 }, // y
    { 0x007A, 59 }, // z
    { 0x007C, 60 }, // |
    { 0x007D, 61 }, // }
    { 0x007E, 9 }, // ~
    { 0x00A1, 62 }, // U+00A1
    { 0x00AB, 63 }, // U+00AB
    { 0x00B0, 64 }, // U+00B0
    { 0x00B7, 9 }, // U+00B7
    { 0x00BB, 65 }, // U+00BB
    { 0x00BF, 66 }, // U+00BF
    { 0x00C0, 28 }, // U+00C0
    { 0x00C1, 28 }, // U+00C1
    { 0x00C2, 28 }, // U+00C2
    { 0x00C4, 28 }, // U+00C4
    { 0x00C5, 28 }, // U+00C5
    { 0x00C6, 67 }, // U+00C6
    { 0x00C7, 30 }, // U+00C7
    { 0x00C9, 29 }, // U+00C9
    { 0x00CA, 29 }, // U+00CA
    { 0x00CD, 68 }, // U+00CD
    { 0x00CE, 68 }, // U+00CE
    { 0x00D2, 30 }, // U+00D2
    { 0x00D3, 30 }, // U+00D3
    { 0x00D6, 30 }, // U+00D6
    { 0x00D8, 30 }, // U+00D8
    { 0x00D9, 34 }, // U+00D9
    { 0x00DA, 34 }, // U+00DA
    { 0x00DC, 34 }, // U+00DC
    { 0x00DD, 38 }, // U+00DD
    { 0x00DF, 44 }, // U+00DF
    { 0x00E0, 43 }, // U+00E0
    { 0x00E1, 43 }, // U+00E1
    { 0x00E2, 43 }, // U+00E2
    { 0x00E3, 43 }, // U+00E3
    { 0x00E4, 43 }, // U+00E4
    { 0x00E5, 43 }, // U+00E5
    { 0x00E6, 43 }, // U+00E6
    { 0x00E7, 45 }, // U+00E7
    { 0x00E8, 45 }, // U+00E8
    { 0x00E9, 45 }, // U+00E9
    { 0x00EA, 45 }, // U+00EA
    { 0x00EB, 45 }, // U+00EB
    { 0x00EC, 69 }, // U+00EC
    { 0x00ED, 69 }, // U+00ED
    { 0x00EE, 69 }, // U+00EE
    { 0x00EF, 69 }, // U+00EF
    { 0x00F1, 51 }, // U+00F1
    { 0x00F2, 45 }, // U+00F2
    { 0x00F3, 45 }, // U+00F3
    { 0x00F4, 45 }, // U+00F4
    { 0x00F5, 45 }, // U+00F5
    { 0x00F6, 45 }, // U+00F6
    { 0x00F8, 45 }, // U+00F8
    { 0x00F9, 54 }, // U+00F9
    { 0x00FA, 54 }, // U+00FA
    { 0x00FC, 54 }, // U+00FC
    { 0x00FD, 55 }, // U+00FD
    { 0x0103, 43 }, // U+0103
    { 0x0105, 43 }, // U+0105
    { 0x0107, 45 }, // U+0107
    { 0x010C, 30 }, // U+010C
    { 0x010D, 45 }, // U+010D
    { 0x010E, 29 }, // U+010E
    { 0x010F, 45 }, // U+010F
    { 0x0110, 29 }, // U+0110
    { 0x0111, 45 }, // U+0111
    { 0x0116, 29 }, // U+0116
    { 0x0117, 45 }, // U+0117
    { 0x0118, 29 }, // U+0118
    { 0x0119, 45 }, // U+0119
    { 0x011A, 29 }, // U+011A
    { 0x011B, 45 }, // U+011B
    { 0x011E, 30 }, // U+011E
    { 0x011F, 47 }, // U+011F
    { 0x0129, 69 }, // U+0129
    { 0x012E, 70 }, // U+012E
    { 0x012F, 71 }, // U+012F
    { 0x0130, 29 }, // U+0130
    { 0x0131, 51 }, // U+0131
    { 0x013A, 44 }, // U+013A
    { 0x013D, 29 }, // U+013D
    { 0x013E, 44 }, // U+013E
    { 0x0141, 29 }, // U+0141
    { 0x0142, 72 }, // U+0142
    { 0x0144, 51 }, // U+0144
    { 0x0148, 51 }, // U+0148
    { 0x0151, 45 }, // U+0151
    { 0x0155, 51 }, // U+0155
    { 0x0158, 29 }, // U+0158
    { 0x0159, 51 }, // U+0159
    { 0x015A, 4 }, // U+015A
    { 0x015B, 52 }, // U+015B
    { 0x015E, 4 }, // U+015E
    { 0x015F, 52 }, // U+015F
    { 0x0160, 4 }, // U+0160
    { 0x0161, 52 }, // U+0161
    { 0x0163, 53 }, // U+0163
    { 0x0164, 33 }, // U+0164
    { 0x0165, 53 }, // U+0165
    { 0x016B, 54 }, // U+016B
    { 0x016E, 34 }, // U+016E
    { 0x016F, 54 }, // U+016F
    { 0x0170, 34 }, // U+0170
    { 0x0171, 54 }, // U+0171
    { 0x0172, 34 }, // U+0172
    { 0x0173, 54 }, // U+0173
    { 0x017A, 59 }, // U+017A
    { 0x017C, 59 }, // U+017C
    { 0x017D, 39 }, // U+017D
    { 0x017E, 59 }, // U+017E
    { 0x01A1, 45 }, // U+01A1
    { 0x01B0, 54 }, // U+01B0
    { 0x0218, 4 }, // U+0218
    { 0x0219, 52 }, // U+0219
    { 0x021A, 33 }, // U+021A
    { 0x021B, 53 }, // U+021B
    { 0x0404, 30 }, // U+0404
    { 0x0406, 29 }, // U+0406
    { 0x0410, 28 }, // U+0410
    { 0x0411, 29 }, // U+0411
    { 0x0412, 29 }, // U+0412
    { 0x0413, 29 }, // U+0413
    { 0x0414, 73 }, // U+0414
    { 0x0415, 29 }, // U+0415
    { 0x0416, 37 }, // U+0416
    { 0x0417, 74 }, // U+0417
    { 0x0418, 29 }, // U+0418
    { 0x0419, 29 }, // U+0419
    { 0x041A, 29 }, // U+041A
    { 0x041B, 75 }, // U+041B
    { 0x041C, 32 }, // U+041C
    { 0x041D, 29 }, // U+041D
    { 0x041E, 30 }, // U+041E
    { 0x041F, 29 }, // U+041F
    { 0x0420, 29 }, // U+0420
    { 0x0421, 30 }, // U+0421
    { 0x0422, 33 }, // U+0422
    { 0x0423, 76 }, // U+0423
    { 0x0424, 30 }, // U+0424
    { 0x0425, 37 }, // U+0425
    { 0x0426, 29 }, // U+0426
    { 0x0427, 77 }, // U+0427
    { 0x0428, 29 }, // U+0428
    { 0x0429, 29 }, // U+0429
    { 0x042B, 29 }, // U+042B
    { 0x042C, 29 }, // U+042C
    { 0x042D, 74 }, // U+042D
    { 0x042F, 78 }, // U+042F
    { 0x0430, 43 }, // U+0430
    { 0x0431, 79 }, // U+0431
    { 0x0432, 51 }, // U+0432
    { 0x0433, 51 }, // U+0433
    { 0x0434, 80 }, // U+0434
    { 0x0435, 45 }, // U+0435
    { 0x0436, 57 }, // U+0436
    { 0x0437, 81 }, // U+0437
    { 0x0438, 51 }, // U+0438
    { 0x0439, 51 }, // U+0439
    { 0x043A, 51 }, // U+043A
    { 0x043B, 82 }, // U+043B
    { 0x043C, 83 }, // U+043C
    { 0x043D, 51 }, // U+043D
    { 0x043E, 45 }, // U+043E
    { 0x043F, 51 }, // U+043F
    { 0x0441, 45 }, // U+0441
    { 0x0442, 84 }, // U+0442
    { 0x0443, 55 }, // U+0443
    { 0x0444, 45 }, // U+0444
    { 0x0445, 57 }, // U+0445
    { 0x0446, 51 }, // U+0446
    { 0x0447, 85 }, // U+0447
    { 0x0448, 51 }, // U+0448
    { 0x0449, 51 }, // U+0449
    { 0x044A, 86 }, // U+044A
    { 0x044B, 51 }, // U+044B
    { 0x044C, 51 }, // U+044C
    { 0x044D, 81 }, // U+044D
    { 0x044E, 51 }, // U+044E
    { 0x044F, 87 }, // U+044F
    { 0x0451, 45 }, // U+0451
    { 0x0454, 45 }, // U+0454
    { 0x0456, 48 }, // U+0456
    { 0x0457, 69 }, // U+0457
    { 0x045E, 55 }, // U+045E
    { 0x0491, 51 }, // U+0491
    { 0x0492, 29 }, // U+0492
    { 0x0493, 51 }, // U+0493
    { 0x049A, 29 }, // U+049A
    { 0x049B, 51 }, // U+049B
    { 0x04A2, 29 }, // U+04A2
    { 0x04A3, 51 }, // U+04A3
    { 0x04AE, 38 }, // U+04AE
    { 0x04AF, 55 }, // U+04AF
    { 0x04B0, 38 }, // U+04B0
    { 0x04B1, 55 }, // U+04B1
    { 0x04D8, 30 }, // U+04D8
    { 0x04D9, 45 }, // U+04D9
    { 0x04E8, 30 }, // U+04E8
    { 0x04E9, 45 }, // U+04E9
    { 0x05BE, 88 }, // U+05BE
    { 0x05C3, 24 }, // U+05C3
    { 0x05D0, 89 }, // U+05D0
    { 0x05D1, 90 }, // U+05D1
    { 0x05D2, 91 }, // U+05D2
    { 0x05D3, 92 }, // U+05D3
    { 0x05D4, 91 }, // U+05D4
    { 0x05D5, 93 }, // U+05D5
    { 0x05D6, 92 }, // U+05D6
    { 0x05D7, 91 }, // U+05D7
    { 0x05D8, 94 }, // U+05D8
    { 0x05D9, 93 }, // U+05D9
    { 0x05DA, 91 }, // U+05DA
    { 0x05DB, 94 }, // U+05DB
    { 0x05DC, 94 }, // U+05DC
    { 0x05DD, 91 }, // U+05DD
    { 0x05DE, 91 }, // U+05DE
    { 0x05DF, 93 }, // U+05DF
    { 0x05E0, 91 }, // U+05E0
    { 0x05E1, 94 }, // U+05E1
    { 0x05E2, 95 }, // U+05E2
    { 0x05E3, 91 }, // U+05E3
    { 0x05E4, 94 }, // U+05E4
    { 0x05E5, 96 }, // U+05E5
    { 0x05E6, 97 }, // U+05E6
    { 0x05E7, 94 }, // U+05E7
    { 0x05E8, 91 }, // U+05E8
    { 0x05E9, 95 }, // U+05E9
    { 0x05EA, 91 }, // U+05EA
    { 0x05F0, 93 }, // U+05F0
    { 0x05F1, 93 }, // U+05F1
    { 0x05F2, 93 }, // U+05F2
    { 0x05F3, 88 }, // U+05F3
    { 0x05F4, 88 }, // U+05F4
    { 0x0620, 98 }, // U+0620
    { 0x0622, 99 }, // U+0622
    { 0x0623, 99 }, // U+0623
    { 0x0624, 100 }, // U+0624
    { 0x0625, 101 }, // U+0625
    { 0x0626, 98 }, // U+0626
    { 0x0627, 102 }, // U+0627
    { 0x0628, 98 }, // U+0628
    { 0x0629, 103 }, // U+0629
    { 0x062A, 98 }, // U+062A
    { 0x062F, 98 }, // U+062F
    { 0x0630, 98 }, // U+0630
    { 0x0631, 104 }, // U+0631
    { 0x0632, 104 }, // U+0632
    { 0x0633, 98 }, // U+0633
    { 0x0634, 98 }, // U+0634
    { 0x0635, 98 }, // U+0635
    { 0x0636, 98 }, // U+0636
    { 0x0637, 98 }, // U+0637
    { 0x0638, 98 }, // U+0638
    { 0x063B, 105 }, // U+063B
    { 0x063C, 105 }, // U+063C
    { 0x0645, 98 }, // U+0645
    { 0x0647, 103 }, // U+0647
    { 0x0648, 100 }, // U+0648
    { 0x0649, 98 }, // U+0649
    { 0x064A, 98 }, // U+064A
    { 0x0660, 106 }, // U+0660
    { 0x0662, 107 }, // U+0662
    { 0x0663, 107 }, // U+0663
    { 0x0664, 108 }, // U+0664
    { 0x0665, 109 }, // U+0665
    { 0x0667, 110 }, // U+0667
    { 0x0668, 111 }, // U+0668
    { 0x0669, 112 }, // U+0669
    { 0x066E, 98 }, // U+066E
    { 0x0671, 99 }, // U+0671
    { 0x0672, 102 }, // U+0672
    { 0x0673, 101 }, // U+0673
    { 0x0676, 100 }, // U+0676
    { 0x0677, 100 }, // U+0677
    { 0x0678, 98 }, // U+0678
    { 0x0679, 98 }, // U+0679
    { 0x067A, 98 }, // U+067A
    { 0x067B, 98 }, // U+067B
    { 0x067D, 98 }, // U+067D
    { 0x067E, 98 }, // U+067E
    { 0x067F, 98 }, // U+067F
    { 0x0680, 98 }, // U+0680
    { 0x0688, 98 }, // U+0688
    { 0x068C, 98 }, // U+068C
    { 0x068E, 98 }, // U+068E
    { 0x068F, 98 }, // U+068F
    { 0x0690, 98 }, // U+0690
    { 0x0691, 104 }, // U+0691
    { 0x0692, 104 }, // U+0692
    { 0x0693, 104 }, // U+0693
    { 0x0694, 104 }, // U+0694
    { 0x0695, 104 }, // U+0695
    { 0x0696, 104 }, // U+0696
    { 0x0697, 104 }, // U+0697
    { 0x0698, 104 }, // U+0698
    { 0x0699, 104 }, // U+0699
    { 0x069A, 98 }, // U+069A
    { 0x069B, 98 }, // U+069B
    { 0x069C, 98 }, // U+069C
    { 0x069D, 98 }, // U+069D
    { 0x069E, 98 }, // U+069E
    { 0x069F, 98 }, // U+069F
    { 0x06A9, 105 }, // U+06A9
    { 0x06AA, 105 }, // U+06AA
    { 0x06AB, 105 }, // U+06AB
    { 0x06AF, 105 }, // U+06AF
    { 0x06B0, 105 }, // U+06B0
    { 0x06B1, 105 }, // U+06B1
    { 0x06B2, 105 }, // U+06B2
    { 0x06B3, 105 }, // U+06B3
    { 0x06B4, 105 }, // U+06B4
    { 0x06BE, 98 }, // U+06BE
    { 0x06C0, 103 }, // U+06C0
    { 0x06C1, 103 }, // U+06C1
    { 0x06C2, 103 }, // U+06C2
    { 0x06C3, 103 }, // U+06C3
    { 0x06C6, 100 }, // U+06C6
    { 0x06C7, 100 }, // U+06C7
    { 0x06C8, 100 }, // U+06C8
    { 0x06C9, 100 }, // U+06C9
    { 0x06CA, 100 }, // U+06CA
    { 0x06CB, 100 }, // U+06CB
    { 0x06CC, 98 }, // U+06CC
    { 0x06CD, 98 }, // U+06CD
    { 0x06CE, 98 }, // U+06CE
    { 0x06CF, 100 }, // U+06CF
    { 0x06D0, 98 }, // U+06D0
    { 0x06D1, 98 }, // U+06D1
    { 0x06D5, 103 }, // U+06D5
    { 0x06EE, 98 }, // U+06EE
    { 0x06F0, 106 }, // U+06F0
    { 0x06F2, 107 }, // U+06F2
    { 0x06F3, 107 }, // U+06F3
    { 0x06F4, 107 }, // U+06F4
    { 0x06F6, 110 }, // U+06F6
    { 0x06F7, 110 }, // U+06F7
    { 0x06F8, 111 }, // U+06F8
    { 0x06F9, 112 }, // U+06F9
    { 0x06FA, 98 }, // U+06FA
    { 0x06FB, 98 }, // U+06FB
    { 0x06FF, 98 }, // U+06FF
    { 0x075C, 98 }, // U+075C
    { 0x1EA1, 43 }, // U+1EA1
    { 0x1EA2, 28 }, // U+1EA2
    { 0x1EA3, 43 }, // U+1EA3
    { 0x1EA5, 43 }, // U+1EA5
    { 0x1EA6, 28 }, // U+1EA6
    { 0x1EA7, 43 }, // U+1EA7
    { 0x1EA8, 28 }, // U+1EA8
    { 0x1EA9, 43 }, // U+1EA9
    { 0x1EAB, 43 }, // U+1EAB
    { 0x1EAC, 28 }, // U+1EAC
    { 0x1EAD, 43 }, // U+1EAD
    { 0x1EAE, 28 }, // U+1EAE
    { 0x1EAF, 43 }, // U+1EAF
    { 0x1EB1, 43 }, // U+1EB1
    { 0x1EB5, 43 }, // U+1EB5
    { 0x1EB7, 43 }, // U+1EB7
    { 0x1EB9, 45 }, // U+1EB9
    { 0x1EBB, 45 }, // U+1EBB
    { 0x1EBD, 45 }, // U+1EBD
    { 0x1EBF, 45 }, // U+1EBF
    { 0x1EC0, 29 }, // U+1EC0
    { 0x1EC1, 45 }, // U+1EC1
    { 0x1EC3, 45 }, // U+1EC3
    { 0x1EC7, 45 }, // U+1EC7
    { 0x1EC9, 48 }, // U+1EC9
    { 0x1ECB, 48 }, // U+1ECB
    { 0x1ECC, 30 }, // U+1ECC
    { 0x1ECD, 45 }, // U+1ECD
    { 0x1ECF, 45 }, // U+1ECF
    { 0x1ED0, 30 }, // U+1ED0
    { 0x1ED1, 45 }, // U+1ED1
    { 0x1ED2, 30 }, // U+1ED2
    { 0x1ED3, 45 }, // U+1ED3
    { 0x1ED5, 45 }, // U+1ED5
    { 0x1ED7, 45 }, // U+1ED7
    { 0x1ED8, 30 }, // U+1ED8
    { 0x1ED9, 45 }, // U+1ED9
    { 0x1EDB, 45 }, // U+1EDB
    { 0x1EDD, 45 }, // U+1EDD
    { 0x1EDE, 30 }, // U+1EDE
    { 0x1EDF, 45 }, // U+1EDF
    { 0x1EE1, 45 }, // U+1EE1
    { 0x1EE3, 45 }, // U+1EE3
    { 0x1EE5, 54 }, // U+1EE5
    { 0x1EE6, 34 }, // U+1EE6
    { 0x1EE7, 54 }, // U+1EE7
    { 0x1EE9, 54 }, // U+1EE9
    { 0x1EEB, 54 }, // U+1EEB
    { 0x1EED, 54 }, // U+1EED
    { 0x1EEF, 54 }, // U+1EEF
    { 0x1EF1, 54 }, // U+1EF1
    { 0x2013, 9 }, // U+2013
    { 0x2014, 9 }, // U+2014
    { 0x2018, 2 }, // U+2018
    { 0x2019, 2 }, // U+2019
    { 0x201C, 2 }, // U+201C
    { 0x201D, 2 }, // U+201D
    { 0x201E, 12 }, // U+201E
    { 0x2026, 12 }, // U+2026
    { 0xFB1D, 93 }, // U+FB1D
    { 0xFB1F, 93 }, // U+FB1F
    { 0xFB20, 95 }, // U+FB20
    { 0xFB21, 89 }, // U+FB21
    { 0xFB22, 92 }, // U+FB22
    { 0xFB23, 91 }, // U+FB23
    { 0xFB24, 94 }, // U+FB24
    { 0xFB25, 94 }, // U+FB25
    { 0xFB26, 91 }, // U+FB26
    { 0xFB27, 91 }, // U+FB27
    { 0xFB28, 91 }, // U+FB28
    { 0xFB2A, 95 }, // U+FB2A
    { 0xFB2B, 95 }, // U+FB2B
    { 0xFB2C, 95 }, // U+FB2C
    { 0xFB2D, 95 }, // U+FB2D
    { 0xFB2E, 89 }, // U+FB2E
    { 0xFB2F, 89 }, // U+FB2F
    { 0xFB30, 89 }, // U+FB30
    { 0xFB31, 90 }, // U+FB31
    { 0xFB32, 91 }, // U+FB32
    { 0xFB33, 92 }, // U+FB33
    { 0xFB34, 91 }, // U+FB34
    { 0xFB35, 93 }, // U+FB35
    { 0xFB36, 92 }, // U+FB36
    { 0xFB38, 94 }, // U+FB38
    { 0xFB39, 93 }, // U+FB39
    { 0xFB3A, 91 }, // U+FB3A
    { 0xFB3B, 94 }, // U+FB3B
    { 0xFB3C, 94 }, // U+FB3C
    { 0xFB3E, 91 }, // U+FB3E
    { 0xFB40, 91 }, // U+FB40
    { 0xFB41, 94 }, // U+FB41
    { 0xFB43, 91 }, // U+FB43
    { 0xFB44, 94 }, // U+FB44
    { 0xFB46, 97 }, // U+FB46
    { 0xFB47, 94 }, // U+FB47
    { 0xFB48, 91 }, // U+FB48
    { 0xFB49, 95 }, // U+FB49
    { 0xFB4A, 91 }, // U+FB4A
    { 0xFB4B, 93 }, // U+FB4B
    { 0xFB4C, 90 }, // U+FB4C
    { 0xFB4D, 94 }, // U+FB4D
    { 0xFB4E, 94 }, // U+FB4E
    { 0xFB4F, 89 }, // U+FB4F
    { 0xFB60, 98 }, // U+FB60
    { 0xFB64, 98 }, // U+FB64
    { 0xFB68, 98 }, // U+FB68
    { 0xFB90, 105 }, // U+FB90
    { 0xFB94, 105 }, // U+FB94
    { 0xFB98, 105 }, // U+FB98
    { 0xFB9C, 105 }, // U+FB9C
    { 0xFBA2, 98 }, // U+FBA2
    { 0xFBAC, 98 }, // U+FBAC
    { 0xFBD5, 105 }, // U+FBD5
    { 0xFBD8, 100 }, // U+FBD8
    { 0xFBDA, 100 }, // U+FBDA
    { 0xFBDC, 100 }, // U+FBDC
    { 0xFBDF, 100 }, // U+FBDF
    { 0xFBE3, 100 }, // U+FBE3
    { 0xFBE8, 98 }, // U+FBE8
    { 0xFC5B, 98 }, // U+FC5B
    { 0xFC5C, 104 }, // U+FC5C
    { 0xFD3D, 99 }, // U+FD3D
    { 0xFDF2, 102 }, // U+FDF2
    { 0xFE86, 100 }, // U+FE86
    { 0xFE8B, 98 }, // U+FE8B
    { 0xFE97, 98 }, // U+FE97
    { 0xFE9B, 98 }, // U+FE9B
    { 0xFEB3, 98 }, // U+FEB3
    { 0xFEB7, 98 }, // U+FEB7
    { 0xFEBB, 98 }, // U+FEBB
    { 0xFEBF, 98 }, // U+FEBF
    { 0xFEC3, 98 }, // U+FEC3
    { 0xFEC7, 98 }, // U+FEC7
    { 0xFEDB, 105 }, // U+FEDB
    { 0xFEE3, 98 }, // U+FEE3
    { 0xFEE7, 98 }, // U+FEE7
    { 0xFEEB, 98 }, // U+FEEB
    { 0xFEEE, 100 }, // U+FEEE
    { 0xFEF5, 98 }, // U+FEF5
    { 0xFEF7, 98 }, // U+FEF7
    { 0xFEF9, 98 }, // U+FEF9
    { 0xFEFB, 98 }, // U+FEFB
};

static const int8_t firago_12_mediumKernMatrix[] = {
       0,    0,    0,    0,    0,    0,    0,    5,    0,    0,    0,    0,    0,    0,    0,    0,    0,    0,    0,    0,    0,    0,    0,    0,    0,   -8,    0,    1,    0,    0,    0,    0,    0,    0,    0,    0,    0,    0,    0,    0,    0,    0,    0,    0,    0,    0,    0,    0,    0,    0,    0,    0,    0,    0,    0,    0,    0,    0,    0,    0,    0,    0,    0,    0,    0,    0,    0,    0,    0,    0,    0,    0,    0,    0,    0,    0,    0,    0,    0,    0,    0,    0,    0,    0,    0,    0,    0,    0,    0,    0,    0,    0,    0,    0,    0,    0,    0,    0,    0,    0,    0,    0,    0,    0,    0,    0,    0,    0,    0,    0,    0,    0,
       0,    0,  -12,    0,    0,    0,    0,    4,    0,  -40,    0,  -40,  -40,   -4,    0,    0,    0,  -16,    0,   -4,    5,   -6,    0,    0,    0,    0,   -8,  -12,    0,    0,   -8,    0,    4,    0,    4,    0,    0,    4,   -4,    0,    4,  -40,   -6,    0,   -4,    0,    0,    0,    0,    0,    0,   -4,    4,    0,    0,    0,    0,    0,   -4,    0,    4,    0,   -8,    0,    0,  -40,  -24,    0,   20,    0,    0,   -2,  -14,    0,  -12,    0,    8,    0,    0,  -12,    0,  -12,    0,    4,    0,    4,   -8,    0,    0,    0,   -8,    0,    0,  -11,    0,    0,    0,    0,    0,    0,    0,    0,    0,    0,    0,    0,    0,    0,    0,    0,    0,    0,
       0,    0,    0,   -2,    0,   -8,    0,    8,   -3,  -16,   -3,  -16,    0,    0,    0,   -2,   -2,    0,    0,    0,    2,    0,    0,    0,    0,   -8,    0,   -4,    0,   -2,    0,    0,    0,    0,    0,    0,   -1,   -1,   -6,   -8,    0,  -32,   -7,    0,   -3,    0,   -1,    0,   -4,    0,   -2,   -2,    0,   -4,    4,    0,    0,    4,   -1,    0,    0,    0,    0,    0,    0,    0,   -4,    0,    8,    0,    0,    0,   -5,   -8,   -6,   -1,    4,    0,    0,   -7,   -4,   -7,   -1,    0,    0,    0,   -1,    0,    0,    0,    0,    0,    0,    0,    0,    0,    0,    0,    0,    0,    0,    0,    0,    0,    0,    0,    0,    0,    0,    0,    0,    0,
       0,   -4,    0,   -4,    0,    0,    0,    0,    0,    0,    0,    0,    0,    0,  -13,   -4,    0,    0,    0,    0,   -8,    0,   -6,    0,    0,   -8,    0,   -2,    0,    0,   -2,   -4,   -8,    0,   -8,   -4,   -3,   -8,   -6,  -12,    0,  -12,    0,    0,    0,   -4,    0,    0,    0,    0,    0,    0,    0,    0,   -3,    0,    0,   -3,   -3,    0,    0,    0,    0,    0,    0,    0,   -4,    0,    0,    0,    0,    0,    0,   -6,    0,   -4,   -7,    0,    0,    0,   -4,    0,    0,   -8,    0,   -8,    0,    0,    0,    0,    0,    0,    0,    0,    0,    0,    0,    0,    0,    0,    0,    0,    0,    0,    0,    0,    0,    0,    0,    0,    0,    0,
       0,  -24,    0,    0,    0,    0,    0,  -20,    0,    0,    0,    0,    0,    0,  -24,    0,    0,    0,    0,    0,    0,    0,    0,    0,    0,  -24,    0,    0,    0,    0,    0,    0,    0,    0,    0,    0,    0,    0,    0,  -24,    0,    0,    0,    0,    0,    0,    0,    0,    0,    0,    0,    0,    0,    0,    0,    0,    0,    0,    0,    0,    0,    0,    0,    0,    0,    0,    0,    0,    0,    0,    0,    0,    0,    0,    0,    0,    0,    0,    0,    0,    0,    0,    0,    0,    0,    0,    0,    0,    0,    0,    0,    0,    0,    0,    0,    0,    0,    0,    0,    0,    0,    0,    0,    0,    0,    0,    0,    0,    0,    0,    0,    0,
       0,  -32,    0,    0,  -16,    0,    0,  -16,    0,    0,    0,    0,  -16,    0,  -29,    0,    0,   -8,   -8,    0,  -12,    0,   -8,    0,    0,  -32,   -8,    0,    0,    0,   -4,    0,  -32,    0,  -17,   -6,    0,  -29,   -4,  -40,    0,    0,   -6,    0,    0,   -8,    0,    0,    0,    0,    0,    0,    0,    0,   -8,   -5,    0,   -8,    0,    0,    0,    0,    0,    0,    0,    0,    0,    0,    0,    0,    0,    0,    0,   -4,    0,  -21,  -16,    0,    0,    0,    0,    0,    0,  -24,    0,  -24,    0,    0,    0,    0,    0,    0,    0,    0,    0,    0,    0,    0,    0,    0,    0,    0,    0,    0,    0,    0,    0,    0,    0,    0,    0,    0,
       0,    0,    0,    0,    0,    0,    0,    0,    0,    0,    0,    0,    0,    0,   -8,    0,    0,   -4,    0,    0,    0,    0,    0,    0,    0,    0,    0,    0,    2,    0,    8,    0,    0,    0,    0,    0,    0,    0,    0,    0,    0,    5,    0,    0,    0,    9,    0,    0,   20,    0,    0,    0,    0,    0,    0,    0,    0,    0,    0,    0,    0,    0,    0,    0,    0,    5,    0,   21,   23,   16,    0,    0,    8,    0,    0,    0,    0,    0,    0,    4,    0,    4,    0,    0,    0,    0,    0,    0,    0,    0,    0,    0,    0,    0,    0,    0,    0,    0,    0,    0,    0,    0,    0,    0,    0,    0,    0,    0,    0,    0,    0,    0,
       0,    0,    0,    0,    0,    0,    0,    0,    0,    0,    0,    0,    0,    0,    0,    0,    0,    0,    0,    0,    0,    0,    0,    0,    0,    0,    0,    0,    0,    0,    0,    0,    0,    0,    0,    0,    0,    0,    0,    0,    0,    0,    0,    0,    0,    0,    0,    0,    0,    0,    0,    0,    0,    0,    0,    0,    0,    0,    0,    0,    0,    0,    0,    0,    0,    0,    0,    0,    0,    0,    0,    0,    0,    0,    0,    0,    0,    0,    0,    0,    0,    0,    0,    0,    0,    0,    0,    0,    0,    0,    0,    0,    0,   -7,    0,    0,    0,    0,    0,    0,    0,    0,    0,    0,    0,    0,    0,    0,    0,    0,    0,    0,
       5,    4,   -8,    0,    0,    0,    0,    2,    0,  -40,    0,  -40,  -32,    0,    5,    5,    2,  -12,    0,    0,    5,    0,    2,    0,    0,    0,  -12,  -12,    0,    0,    0,    0,    2,    0,    2,    2,    0,    0,    0,    0,    0,  -40,   -8,    0,   -4,    5,    0,    0,    0,    0,    0,    0,    5,    0,    5,    5,    2,    5,    0,    0,    0,    0,   -8,    0,    0,  -32,  -20,    0,   17,    0,    0,    0,    0,    0,    0,    2,    5,    0,    0,  -12,    0,  -12,    0,    6,    2,    6,   -8,    0,    0,    0,    0,    0,    0,    0,    0,    0,    0,    0,    0,    0,    0,    0,    0,    0,    0,    0,    0,    0,    0,    0,    0,    0,
       0,    0,    0,  -15,   -8,  -12,    0,    0,    0,  -20,    0,  -20,  -24,    0,  -28,  -22,  -24,   -4,   -4,    0,  -24,    0,   -4,    0,    0,  -24,    0,   -4,    0,    0,   -4,    0,  -20,    0,   -9,    0,  -14,  -22,  -12,  -24,    0,  -32,   -6,    0,    0,   -6,    0,    0,    0,    0,    0,    0,   -2,    0,   -4,    0,  -14,   -4,  -12,    0,    0,    0,    0,    0,  -20,  -32,  -12,    0,    0,    0,    0,    0,  -12,  -32,  -12,  -16,    0,   -6,    0,   -8,  -12,   -8,    0,   -8,    0,   -8,   -6,    0,    0,    0,    0,    0,    0,    0,    0,    0,    0,    0,    0,    0,    0,    0,    0,    0,    0,    0,    0,    0,    0,    0,    0,    0,
       0,  -40,    0,    0,  -40,   -5,    0,  -40,  -20,    0,  -20,    0,    0,   -5,  -40,    0,    5,  -11,    4,   -4,    0,    0,   -9,    0,    0,  -20,    0,    2,    0,   -8,    0,    0,  -24,   -4,  -20,  -12,    0,  -37,    2,  -56,    2,    0,    0,    0,   -4,   -6,   -4,    0,    0,    0,    0,    2,  -12,   -4,  -16,   -8,    2,  -16,    2,    0,    0,    0,  -16,    0,    0,    0,    5,    0,    0,    0,    0,   -8,    6,    0,    2,  -12,  -40,    0,   -4,    2,    0,    2,    0,  -24,  -24,  -24,    2,    0,    0,    0,    0,    0,    0,   -7,  -23,  -24,    0,    0,    0,    0,    0,    0,    0,    0,    0,    0,    0,    0,    0,    0,    0,    0,
       0,    0,   -8,    0,   -8,  -20,    0,    0,  -24,  -56,  -24,  -56,  -48,   -4,  -24,  -16,  -12,  -20,   -8,  -12,    0,  -10,  -16,  -20,    0,  -24,  -20,  -11,    0,   -8,    0,    0,    0,    0,    0,    0,   -8,    0,   -8,    0,    0,  -48,  -20,    0,  -20,  -12,  -12,    0,    0,    0,  -12,  -12,  -12,  -12,   -8,   -8,  -12,   -8,  -12,    0,    0,    0,  -24,    0,  -16,  -40,  -16,    5,    0,    0,    0,   -4,    0,  -12,  -16,    0,    0,    0,    0,  -12,  -16,  -12,  -12,  -12,  -24,  -12,  -20,    0,   -8,    0,   -7,  -19,    0,  -17,  -25,  -12,  -11,    0,    0,    0,    0,    0,    0,    0,    0,    0,    0,    0,    0,    0,    0,    0,
       0,   -4,    0,    0,    0,    0,    0,    0,    0,   -5,    0,   -5,    0,    0,   -9,   -4,   -4,    0,    0,    0,   -8,    0,   -4,    0,    0,   -8,    0,    0,    0,    0,    0,    0,  -12,    0,    0,    0,   -2,   -8,   -4,   -4,    0,  -12,    0,    0,    0,    0,    0,    0,    0,    0,    0,    0,    0,    0,    0,    0,   -2,    0,    0,    0,    0,    0,    0,    0,    0,    0,    0,    0,    0,    0,    0,    0,    0,   -8,   -3,   -8,    0,    0,    0,   -4,    0,   -4,    0,    0,    0,    0,    0,    0,    0,    0,    0,    0,    0,    0,    0,    0,    0,    0,    0,    0,    0,    0,    0,    0,    0,    0,    0,    0,    0,    0,    0,    0,
       0,    0,    0,    0,    0,    0,    0,    0,    0,    0,    0,    0,    0,    0,   -6,    0,    0,    0,    0,    0,    0,    0,    0,    0,    0,    0,    0,    0,    0,    0,    0,    0,    0,    0,    0,    0,    0,    0,    0,    0,    0,    0,    0,    0,    0,    0,    0,    0,    0,    0,    0,    0,    0,    0,    0,    0,    0,    0,    0,    0,    0,    0,    0,    0,    0,    0,    0,    0,    8,    0,    0,    0,    0,    0,    0,    0,    0,    0,    0,    0,    0,    0,    0,    0,    0,    0,    0,    0,    0,    0,    0,    0,    0,    0,    0,    0,    0,    0,    0,    0,    0,    0,    0,    0,    0,    0,    0,    0,    0,    0,    0,    0,
       0,    0,    0,    0,    0,    0,    0,    0,   -8,    0,   -8,    0,    0,    0,   -9,    0,   -2,  -11,    0,    0,   -4,    0,   -4,    0,    0,   -4,    0,    0,    0,   -4,   -6,    0,   -8,    0,   -4,   -2,    0,  -12,    0,   -8,    0,    0,   -4,    0,   -8,    0,   -8,    0,    0,    0,    0,    0,    0,    0,   -4,    0,    0,   -4,    0,    0,    0,    0,   -8,    0,    0,    0,    0,    0,    0,    0,    0,    0,    0,    0,    0,   -6,    0,    0,    0,    0,    0,    0,    0,   -4,   -5,   -4,    0,    0,    0,    0,    0,    0,    0,    0,    0,    0,    0,    0,    0,    0,    0,    0,    0,    0,    0,    0,    0,    0,    0,    0,    0,    0,
       0,    0,    0,    0,    0,    0,    0,    0,    0,    0,    0,    0,   -8,    0,   -9,   -4,    0,   -1,    0,    0,   -2,    0,   -4,    0,    0,   -4,    0,    0,    0,    0,    0,    0,   -9,    0,    0,    0,    0,   -9,    0,   -8,    0,   -8,    0,    0,    0,    0,    0,    0,    0,    0,    0,    0,    0,    0,    0,    0,    0,    0,    0,    0,    0,    0,    0,    0,    0,    0,    0,    0,    0,    0,    0,    0,    0,   -5,    0,   -6,    0,    0,    0,    0,    0,    0,    0,   -4,    0,   -4,    0,    0,    0,    0,    0,    0,    0,    0,    0,    0,    0,    0,    0,    0,    0,    0,    0,    0,    0,    0,    0,    0,    0,    0,    0,    0,
       0,  -20,    0,   -8,  -16,    0,    0,  -16,   -4,    0,   -4,    0,   -8,    0,  -26,   -5,   -6,    0,   -4,    0,  -10,    0,   -8,    0,    0,  -20,    0,    0,    0,    0,   -2,    0,  -20,    0,   -8,   -4,    0,  -24,    0,  -20,    0,    0,    0,    0,    0,   -2,    0,    0,    0,    0,    0,    0,    0,    0,   -4,    0,   -1,   -4,    0,    0,    0,    0,    0,    0,   -8,    0,    0,    0,    0,    0,    0,    0,    0,   -8,    0,  -12,   -5,    0,    0,    0,   -4,    0,    0,  -10,    0,  -10,    0,    0,    0,    0,    0,    0,    0,    0,    0,    0,    0,    0,    0,    0,    0,    0,    0,    0,    0,    0,    0,    0,    0,    0,    0,    0,
       0,  -12,    0,   -6,   -8,    0,    0,   -8,    0,    0,    0,    0,   -8,    0,  -17,   -5,   -3,    0,   -2,    0,  -10,    0,   -6,    0,    0,   -8,    0,    0,    0,    0,   -2,    0,  -16,    0,  -12,   -8,    0,  -16,   -6,  -12,    0,   -8,    0,    0,    0,    0,    0,    0,    0,    0,    0,   -4,   -3,    0,   -4,   -1,   -2,   -4,   -3,    0,    0,    0,    0,   -4,    0,    0,    0,    0,    5,    0,    0,    0,    0,  -10,   -2,  -12,    0,   -2,    0,   -2,   -6,   -2,    0,   -8,    0,   -8,    0,    0,    0,    0,    0,    0,    0,    0,    0,    0,    0,    0,    0,    0,    0,    0,    0,    0,    0,    0,    0,    0,    0,    0,    0,    0,
       0,   -8,    0,    0,    0,    0,    0,   -8,    0,   -2,    0,   -2,   -8,    0,  -21,   -5,   -4,    0,   -2,    0,  -10,    0,   -6,    0,    0,  -12,    0,    0,    0,    0,   -4,    0,  -20,    0,   -8,    0,   -4,  -18,    0,  -12,    0,   -8,    0,    0,    0,    0,    0,    0,    0,    0,    0,    0,    0,    0,   -3,    0,   -1,   -3,    0,    0,    0,    0,    0,   -4,    0,    0,    0,    0,    0,    0,    0,    0,    0,   -8,    0,   -8,    0,    0,    0,   -4,   -4,   -4,    0,   -8,    0,   -8,    0,    0,    0,    0,    0,    0,    0,    0,    0,    0,    0,    0,    0,    0,    0,    0,    0,    0,    0,    0,    0,    0,    0,    0,    0,    0,
       8,    5,   -8,   -8,    4,   -8,    0,    5,  -14,  -35,  -14,  -35,  -16,   -4,   -6,   -5,   -3,  -16,   -4,   -6,    0,   -7,   -6,  -10,    0,    0,   -8,  -12,    0,   -4,   -8,    0,    0,    0,    0,    0,    0,    0,   -6,    0,    0,  -40,  -12,    0,  -12,    0,  -10,    0,    0,    0,   -4,  -10,    0,   -6,    0,    0,    0,    0,   -8,    0,    0,    0,  -19,    4,  -11,    0,  -20,    0,   12,    0,    0,   -1,  -16,   -8,  -12,    0,    0,   -6,    0,  -12,   -8,  -12,   -8,    0,    0,    0,  -12,    0,    0,    0,    0,    0,    0,    0,    0,    0,    0,    0,    0,    0,    0,    0,    0,    0,    0,    0,    0,    0,    0,    0,    0,    0,
       0,   -6,    0,   -4,    0,    0,    0,    0,    0,    0,    0,    0,    0,    0,  -12,   -4,    0,    0,    0,    0,   -6,    0,   -6,    0,    0,   -8,    0,    0,    0,    0,   -4,    0,   -8,    0,   -4,    0,   -4,  -16,    0,  -10,    0,   -8,    0,    0,    0,    0,    0,    0,    0,    0,    0,    0,    0,    0,   -3,    0,    0,   -3,    0,    0,    0,    0,    0,    0,    0,    0,    0,    0,    0,    0,    0,    0,    0,   -6,    0,   -6,    0,    0,    0,    0,   -8,    0,    0,   -8,    0,   -8,    0,    0,    0,    0,    0,    0,    0,    0,    0,    0,    0,    0,    0,    0,    0,    0,    0,    0,    0,    0,    0,    0,    0,    0,    0,    0,
       0,    0,    0,   -4,    0,    0,    0,    0,    0,  -21,    0,  -21,  -16,    0,   -8,   -5,   -7,   -4,    0,    0,   -5,    0,    0,    0,    0,   -8,    0,   -4,    0,    0,   -4,    0,   -8,    0,   -2,    0,   -2,  -14,   -8,  -16,    0,  -40,   -4,    0,    0,    0,    0,    0,    0,    0,    0,    0,    0,    0,    0,    0,    0,    0,    0,    0,    0,    0,    0,    0,    0,    0,   -8,    0,    0,    0,    0,    0,   -4,   -8,   -4,   -4,    0,    0,    0,   -7,    0,   -7,    0,    0,    0,    0,    0,    0,    0,    0,    0,    0,    0,    0,    0,    0,    0,    0,    0,    0,    0,    0,    0,    0,    0,    0,    0,    0,    0,    0,    0,    0,
       0,    0,    0,    0,    0,    0,    0,    0,    0,    0,    0,    0,    0,    0,  -15,    0,    5,   -2,    0,    0,  -10,    0,    0,    0,    0,  -13,    0,    0,    0,    0,    0,    0,    0,    0,    0,    0,    0,    0,    0,  -20,    2,    0,    0,    0,    0,    0,    0,    0,    0,    0,    0,    0,    0,    0,    0,    0,    0,    0,    0,    0,    0,    0,    0,    0,    0,    0,    0,    0,    0,    0,    0,    0,    0,    0,    0,    0,    0,    0,    0,    0,    0,    0,    0,    0,    0,    0,    0,    0,    0,    0,    0,    0,    0,    0,    0,    0,    0,    0,    0,    0,    0,    0,    0,    0,    0,    0,    0,    0,    0,    0,    0,    0,
       0,    0,    0,    0,    0,    0,    0,    0,    0,    0,    0,    0,    0,    0,   -8,    0,  -13,    0,    0,    0,    0,    0,   -4,    0,    0,  -16,    0,    0,    0,    0,   -4,    0,    0,    0,    0,    0,  -12,    0,   -9,    0,    0,    0,    0,    0,    0,    0,    0,    0,    0,    0,    0,    0,    0,    0,    0,    0,   -6,    0,    0,    0,    0,    0,    0,    0,    0,    0,    0,    0,    0,    0,    0,    0,    0,  -20,   -8,    0,    0,    0,    0,    0,    0,    0,    0,    0,    0,    0,    0,    0,    0,    0,    0,    0,    0,    0,    0,    0,    0,    0,    0,    0,    0,    0,    0,    0,    0,    0,    0,    0,    0,    0,    0,    0,
       0,    0,  -12,    0,    0,  -16,    0,    5,  -19,  -40,  -19,  -40,  -32,    0,    0,    0,    0,   -6,    0,    0,    0,    0,    0,    0,    0,  -12,    0,    0,    0,    0,    0,    0,    0,    0,    0,    0,    0,    0,    0,    0,    0,  -40,    0,    0,    0,    0,    0,    0,    0,    0,    0,    0,    0,    0,    5,    0,    0,    5,    0,    0,    0,    0,   -9,    0,   -8,  -40,    0,    0,    0,    0,    0,    0,    0,    0,    0,    0,    0,    0,    0,    0,    0,    0,    0,    0,    0,    0,    0,    0,    0,    0,    0,    0,    0,    0,    0,    0,    0,    0,    0,    0,    0,    0,    0,    0,    0,    0,    0,    0,    0,    0,    0,    0,
       0,   -8,    0,    0,    0,   -8,    0,  -12,    0,  -12,    0,  -12,    0,    0,  -12,   -8,   -8,    0,    0,    0,  -12,    0,   -4,   -6,    0,  -16,    0,    0,    0,    0,    0,    0,  -20,    0,   -6,   -4,  -12,  -17,   -8,  -20,    0,  -20,    0,    0,    0,    0,    0,    0,    0,    0,    0,   -4,    0,    0,    0,    0,   -4,    0,   -4,    0,    0,    0,    0,    0,  -12,    0,   -8,    0,    0,    0,    0,    0,    0,   -8,   -8,  -12,    0,    0,    0,   -6,   -8,   -6,    0,   -4,    0,   -4,   -4,    0,    0,    0,    0,    0,    0,    0,    0,    0,    0,    0,    0,    0,    0,    0,    0,    0,    0,    0,    0,    0,    0,    0,    0,    0,
       1,  -12,    0,    0,    0,    0,    0,  -12,   -4,    2,   -4,    2,    0,    0,  -20,    4,    0,   -8,    0,    0,   -8,    0,   -4,    0,    0,  -12,    0,    0,    0,   -4,    0,    0,  -20,   -4,   -6,    0,    0,  -21,    0,  -11,    5,    0,    0,    0,    0,    0,    0,    0,    0,    0,    0,    0,    0,    0,    0,    0,    0,    0,    0,    0,    5,    0,    0,    0,    0,    0,    0,    0,    0,    0,    0,    0,    0,    0,    0,   -6,  -11,    0,    0,    0,    0,    0,    0,   -4,    0,   -4,    0,    0,    0,    0,    0,    0,    0,    0,    0,    0,    0,    0,    0,    0,    0,    0,    0,    0,    0,    0,    0,    0,    0,    0,    0,    0,
       0,   -4,    0,   -8,    0,    0,    0,   -4,    0,    0,    0,    0,    0,    0,  -16,   -6,    0,   -4,   -4,    0,  -12,    0,   -8,    0,    0,   -8,    0,   -2,    0,    0,   -8,    0,   -8,    0,   -6,   -2,   -6,  -10,   -6,   -8,    0,   -8,    0,    0,    0,    0,    0,    0,    0,    0,    0,    0,    0,    0,    0,    0,   -2,    0,    0,    0,    0,    0,    0,    0,    0,    0,   -4,    0,    0,    0,    0,    0,    0,  -12,    0,  -10,    0,    0,    0,    0,   -8,    0,    0,   -6,    0,   -6,    0,    0,    0,    0,    0,    0,    0,    0,    0,    0,    0,    0,    0,    0,    0,    0,    0,    0,    0,    0,    0,    0,    0,    0,    0,    0,
       0,    0,    0,   -4,    0,   -6,    0,    0,  -32,    0,  -56,    0,    0,   -8,  -22,    0,    0,  -19,   -4,  -12,   -4,   -8,  -12,    0,  -21,    0,   -8,    0,    0,   -8,   -5,   -2,   -4,   -4,    0,    0,   -2,   -7,   -4,   -8,    0,    0,   -4,   -4,   -8,   -8,  -12,    0,   -6,   -4,   -5,   -4,  -12,   -6,  -20,  -12,   -6,  -20,   -2,    0,    0,    0,  -16,    0,   -8,    0,    0,    0,    0,    0,    0,   -8,    0,    0,    0,   -3,   -4,   -4,   -7,    0,   -4,    0,    0,  -19,  -18,  -19,   -6,    0,    0,    0,    0,    0,    0,    0,    0,    0,    0,    0,    0,    0,    0,    0,    0,    0,    0,    0,    0,    0,    0,    0,    0,    0,
       0,    0,    0,    0,    0,    0,    0,    0,    0,   -8,    0,   -8,    0,    0,   -5,  -10,   -8,    0,    0,    0,   -8,    0,    0,    0,    0,   -8,    0,   -4,    0,    0,   -5,   -3,  -14,    0,   -2,    0,   -6,  -14,  -10,   -8,    0,  -16,   -4,    0,    0,    0,    0,    0,    0,    0,    0,    0,    0,    0,    0,    0,   -1,    0,   -3,    0,    0,    0,    0,    0,    0,    0,   -8,    0,    0,    0,    0,    0,   -4,   -8,   -8,   -4,    0,    0,    0,   -4,   -4,   -4,    0,    0,    0,    0,    0,    0,    0,    0,    0,    0,    0,    0,    0,    0,    0,    0,    0,    0,    0,    0,    0,    0,    0,    0,    0,    0,    0,    0,    0,    0,
       0,    0,    0,   -4,    0,    0,    0,    2,   -8,    0,   -8,    0,    0,   -4,  -10,    0,    0,  -11,    0,   -6,    0,   -4,   -6,    0,    0,    0,   -4,    0,    0,   -5,   -4,    0,    0,    0,    0,    0,    0,   -2,   -4,  -12,    0,    0,   -4,    0,   -8,   -8,   -8,    0,    0,   -3,   -4,   -2,   -6,   -6,   -8,   -4,    0,   -8,    0,    0,    0,    0,   -8,    0,    0,    0,    0,    0,    2,    0,    0,   -5,    2,   -6,    0,    0,    0,    0,   -6,    0,   -4,    0,    0,  -12,   -8,  -12,    0,    0,    0,    0,    0,    0,    0,    0,    0,    0,    0,    0,    0,    0,    0,    0,    0,    0,    0,    0,    0,    0,    0,    0,    0,    0,
       1,    0,  -12,   -8,    0,  -12,    0,    0,   -4,  -32,   -4,  -32,  -20,   -4,  -12,   -4,    0,  -16,   -8,   -6,    0,  -10,   -8,    0,   -7,    0,   -8,  -20,    0,   -7,   -4,   -9,    0,    0,    0,    0,    0,   -2,   -8,    0,    2,  -40,  -21,   -4,  -14,  -16,  -18,  -12,  -12,   -4,  -14,  -18,   -6,  -14,  -14,  -10,  -24,  -14,  -20,    0,    0,    0,  -12,    0,  -16,    0,  -28,    0,    0,    0,  -12,   -5,    0,   -6,  -14,    0,    0,    0,   -8,    0,  -20,    0,  -14,    0,    0,    0,    0,    0,    0,    0,    0,    0,    0,    0,    0,    0,    0,    0,    0,    0,    0,    0,    0,    0,    0,    0,    0,    0,    0,    0,    0,    0,
       0,   -4,    0,    0,    0,    0,    0,    0,    0,    0,    0,    0,    0,    0,  -13,   -4,    0,    0,    0,    0,   -7,    0,   -4,    0,    0,   -4,    0,    0,    0,    0,   -2,    0,   -8,    0,    0,    0,   -2,  -10,   -2,   -6,    0,    0,    0,    0,    0,    0,    0,    0,    0,    0,    0,    0,    0,    0,    0,    0,    0,    0,    0,    0,    0,    0,    0,    0,    0,    0,    0,    0,    0,    0,    0,    0,    0,    0,    0,    0,    0,    0,    0,    0,    0,    0,    0,    0,    0,    0,    0,    0,    0,    0,    0,    0,    0,    0,    0,    0,    0,    0,    0,    0,    0,    0,    0,    0,    0,    0,    0,    0,    0,    0,    0,    0,
       0,    0,    0,    0,    0,    0,    0,    0,    0,    0,    0,    0,    0,    0,    0,    0,    0,    0,    0,    0,    0,    0,    0,    0,    0,    0,    0,    0,    0,    0,    0,    0,    0,    0,    0,    0,    0,    0,    0,    0,    0,    0,    0,    0,    0,    0,    0,    0,    0,    0,    0,    0,    0,    0,    0,    0,    0,    0,    0,    0,    0,    0,    0,    0,    0,    0,    0,    0,    5,    0,    0,    0,    0,    0,    0,    0,    0,    0,    0,    0,    0,    0,    0,    0,    0,    0,    0,    0,    0,    0,    0,    0,    0,    0,    0,    0,    0,    0,    0,    0,    0,    0,    0,    0,    0,    0,    0,    0,    0,    0,    0,    0,
       0,    0,    0,    0,    0,    0,    0,    0,    0,    0,    0,    0,    0,    0,    0,    0,    0,    0,    0,    0,    0,    0,    0,    0,    0,    0,    0,    0,    0,    0,    0,    0,    0,    0,    0,    0,    0,    0,    0,    0,    0,   -8,    0,    0,    0,    0,    0,    0,    0,    0,    0,    0,    0,    0,    0,    0,    0,    0,    0,    0,    0,    0,    0,    0,    0,    0,    0,    0,    5,    0,    0,    0,    0,    0,    0,    0,    0,    0,    0,    0,    0,    0,    0,    0,    0,    0,    0,    0,    0,    0,    0,    0,    0,    0,    0,    0,    0,    0,    0,    0,    0,    0,    0,    0,    0,    0,    0,    0,    0,    0,    0,    0,
       0,    0,    0,   -4,    0,   -4,    0,    0,  -14,    0,  -14,    0,    0,   -2,  -17,    0,    0,  -12,    0,   -8,    0,   -4,   -4,    0,  -12,  -12,  -12,    0,    0,   -6,   -2,    0,    0,   -3,    0,    0,    0,    0,    0,   -8,    5,    0,   -3,    0,   -6,   -6,   -5,    0,    0,    0,    0,    0,   -4,   -3,   -4,   -2,    0,   -4,    0,    0,    2,    0,   -4,    0,    0,    0,    0,    0,    0,    0,    0,   -3,    0,   -4,    0,    0,    0,    0,    0,    0,    0,    0,    0,  -21,  -13,  -21,    0,    0,    0,    0,    0,    0,    0,    0,    0,    0,    0,    0,    0,    0,    0,    0,    0,    0,    0,    0,    0,    0,    0,    0,    0,    0,
       0,  -40,    0,   -5,    0,   -8,    0,  -32,  -40,    0,  -40,    0,   -8,  -12,  -48,   -5,    0,  -14,   -4,  -12,  -16,   -4,  -24,    0,  -12,  -32,    0,    0,    0,  -17,   -8,   -4,  -36,  -10,  -34,  -16,    0,  -36,    0,  -45,    0,    0,   -4,   -4,  -10,  -13,  -10,    0,   -4,   -4,   -4,   -5,  -10,   -6,  -29,  -18,    0,  -29,    0,    0,    0,    0,  -24,    0,   -8,    0,    0,    0,   -4,    0,    0,  -11,    0,    0,    0,    0,  -37,    0,    0,    0,   -4,    0,    0,    0,    0,    0,    0,    0,    0,    0,    0,    0,    0,    0,    0,    0,    0,    0,    0,    0,    0,    0,    0,    0,    0,    0,    0,    0,    0,    0,    0,    0,
       0,    0,    0,   -6,    0,    0,    0,    0,    0,    0,    0,    0,    0,    0,   -6,    0,    0,   -4,    0,    0,   -4,    0,   -2,    0,    0,   -4,    0,    0,    0,   -4,   -2,    0,   -6,    0,   -2,    0,    0,   -8,    0,    0,    0,    0,    0,    0,    0,    0,    0,    0,    0,    0,    0,    0,    0,    0,    0,    0,    0,    0,    0,    0,    0,    0,   -4,    0,    0,    0,    0,    0,    0,    0,    0,    0,    0,    0,    0,    0,    0,    0,    0,    0,    0,    0,    0,   -4,   -3,   -4,    0,    0,    0,    0,    0,    0,    0,    0,    0,    0,    0,    0,    0,    0,    0,    0,    0,    0,    0,    0,    0,    0,    0,    0,    0,    0,
       0,    0,   -7,   -7,    0,  -17,    0,    0,   -5,  -48,   -5,  -48,  -20,    0,   -6,   -9,   -8,  -17,   -6,   -4,   -8,   -8,   -2,    0,    0,  -16,  -12,  -24,    0,    0,  -13,  -12,  -10,    0,   -8,   -4,  -14,  -15,  -14,  -20,    0,  -40,  -16,   -8,  -12,   -2,  -10,    0,   -8,   -4,   -8,  -12,   -2,  -10,   -2,   -2,   -6,   -2,   -9,    0,    0,    0,    0,    0,    0,    0,  -33,    0,    0,    0,    0,    0,  -22,  -16,  -24,   -8,    0,    0,    0,  -20,  -12,  -20,  -12,   -4,    0,   -4,  -16,    0,    0,    0,    0,    0,    0,    0,    0,    0,    0,    0,    0,    0,    0,    0,    0,    0,    0,    0,    0,    0,    0,    0,    0,    0,
       0,    0,    0,    0,    0,    0,    2,    0,    0,   -8,    0,   -8,    0,    0,   -5,  -10,   -8,    0,    0,    0,   -8,    0,    0,    0,    0,   -8,    0,   -4,    0,    0,   -5,   -3,  -14,    0,   -2,    0,   -6,  -14,  -10,   -8,    8,  -16,   -4,    0,    0,    0,    0,    0,    0,    0,    0,    0,    0,    0,    0,    0,   -1,    0,   -3,    0,    8,    0,    0,    0,    0,    0,   -8,    0,    0,    0,    0,    0,   -4,   -8,   -8,   -4,    0,    0,    0,   -4,   -4,   -4,    0,    0,    0,    0,    0,    0,    0,    0,    0,    0,    0,    0,    0,    0,    0,    0,    0,    0,    0,    0,    0,    0,    0,    0,    0,    0,    0,    0,    0,    0,
       0,    0,    0,   -3,    0,   -4,    0,    0,  -10,    0,  -10,    0,    0,    0,   -6,    0,    0,   -8,    0,    0,   -6,    0,   -2,    0,    0,   -8,    0,    0,    0,   -4,   -4,    0,   -8,   -3,   -3,    0,    0,  -12,   -3,   -8,    5,    0,   -3,    0,   -3,    0,   -4,    0,    0,    0,    0,    0,    0,    0,    0,    0,    0,    0,    0,    0,    2,    0,   -4,    0,    0,    0,    0,    0,    0,    0,    0,    0,    0,   -5,    0,    0,    0,    0,    0,    0,    0,    0,    0,    0,    0,    0,    0,    0,    0,    0,    0,    0,    0,    0,    0,    0,    0,    0,    0,    0,    0,    0,    0,    0,    0,    0,    0,    0,    0,    0,    0,    0,
       2,    4,  -20,   -8,    0,  -16,    0,    2,  -20,  -24,  -20,  -24,  -20,  -12,   -8,    0,    0,  -20,   -8,  -16,    0,   -8,   -8,    0,    0,    0,  -20,  -20,    0,  -14,   -6,   -8,    0,    0,    0,    0,    0,    0,   -8,  -12,    5,  -20,  -20,    0,  -22,  -16,  -20,    0,  -12,   -4,  -12,  -20,  -16,  -16,  -16,  -12,  -14,  -16,  -16,    0,    0,    0,  -16,    0,   -8,    0,  -30,    0,    0,    0,    0,   -8,  -16,    0,  -20,    0,    2,   -6,  -12,  -20,  -24,  -20,  -17,  -20,  -12,  -20,  -20,    0,    0,    0,    0,    0,    0,    0,    0,    0,    0,    0,    0,    0,    0,    0,    0,    0,    0,    0,    0,    0,    0,    0,    0,    0,
       0,    0,    0,   -2,    0,    0,    0,    0,    0,   -4,    0,   -4,   -4,    0,    0,    0,    0,    0,    0,    0,    0,    0,    0,    0,    0,    0,    0,   -4,    0,    0,   -2,    0,    0,    0,    0,    0,   -2,    0,   -4,    0,    0,  -12,   -2,    0,    0,    0,    0,    0,    0,    0,    0,   -2,    0,    0,    0,    0,    0,    0,   -3,    0,    0,    0,    0,    0,    0,    0,   -8,    0,    5,    0,    0,    0,    0,    0,    0,    0,    0,    0,    0,    0,   -2,    0,    0,    0,    0,    0,    0,    0,    0,    0,    0,    0,    0,    0,    0,    0,    0,    0,    0,    0,    0,    0,    0,    0,    0,    0,    0,    0,    0,    0,    0,    0,
       4,    4,   -4,   -6,    0,   -8,    0,    2,   -9,  -20,   -9,  -20,  -11,    0,   -8,    0,    0,   -8,   -4,   -2,    0,   -4,   -2,    0,    0,    0,   -6,   -6,    0,   -2,   -2,   -3,    0,    0,    0,    0,    0,    0,   -8,    0,    8,  -20,  -13,    0,  -10,   -4,  -12,    0,   -2,    0,   -4,   -8,   -4,   -8,   -3,   -2,   -7,   -3,   -9,    0,    0,    0,   -8,    0,    0,    0,  -13,    0,    4,    0,    0,   -3,    0,    0,    0,    0,    4,    0,    0,    0,  -12,    0,    0,    0,    0,    0,    0,    0,    0,    0,    0,    0,    0,    0,    0,    0,    0,    0,    0,    0,    0,    0,    0,    0,    0,    0,    0,    0,    0,    0,    0,    0,
       0,    0,    0,   -4,    0,   -4,    0,    2,    0,  -12,    0,  -12,    0,    0,   -8,    0,    0,   -4,   -4,    0,    0,    0,    0,    0,    0,    0,   -4,    0,    0,    0,   -2,    0,    0,    0,    0,    0,    0,    0,   -8,    0,    2,  -24,   -9,    0,   -4,   -2,   -4,    0,    0,    0,   -2,   -4,   -2,   -4,    0,    0,   -4,    0,   -3,    0,    0,    0,    0,    0,    0,    0,    0,    0,    6,    0,    0,    0,    0,    0,    0,    0,    0,    0,    0,    0,   -6,    0,    0,    0,    0,    0,    0,    0,    0,    0,    0,    0,    0,    0,    0,    0,    0,    0,    0,    0,    0,    0,    0,    0,    0,    0,    0,    0,    0,    0,    0,    0,
       0,    4,  -15,   -8,    0,  -20,    0,    0,  -22,  -37,  -22,  -37,  -24,   -8,  -13,   -8,   -8,  -20,   -8,  -20,    0,  -13,  -16,    0,    0,    0,  -17,  -21,    0,  -14,   -5,   -8,    0,    0,    0,    0,    0,    0,   -6,    0,    5,  -32,  -31,   -4,  -25,  -13,  -20,    0,   -8,   -4,  -21,  -22,  -10,  -21,  -20,  -12,  -21,  -20,  -22,    0,    0,    0,  -16,    0,   -8,    0,  -28,    0,    0,    0,    0,   -8,  -20,   -8,   -6,    0,    0,   -9,  -12,  -25,  -29,  -25,  -21,  -24,  -18,  -24,  -21,    0,    0,    0,    0,    0,    0,    0,    0,    0,    0,    0,    0,    0,    0,    0,    0,    0,    0,    0,    0,    0,    0,    0,    0,    0,
       0,    0,   -4,   -6,    0,   -8,    0,    4,  -21,    0,  -21,    0,    0,   -4,   -8,   -4,    0,  -12,   -6,  -10,    0,   -6,   -7,    0,  -11,    0,   -8,    0,    0,  -10,   -5,   -4,   -2,   -4,    0,    0,    0,    0,   -2,  -16,    0,    0,   -5,    0,   -8,   -8,  -10,    0,   -5,   -6,   -5,   -5,   -8,   -7,   -6,   -4,   -8,   -6,   -6,    0,    0,    0,  -19,    0,  -11,    0,    0,    0,    2,    0,    0,   -7,    0,   -4,    0,    0,    0,    0,    0,    0,  -12,    0,    0,  -12,    0,  -12,    0,    0,    0,    0,    0,    0,    0,    0,    0,    0,    0,    0,    0,    0,    0,    0,    0,    0,    0,    0,    0,    0,    0,    0,    0,    0,
       0,    4,    0,    0,    0,    0,    0,    0,    0,    0,    0,    0,    0,    0,  -13,    0,    0,   -4,    0,    0,    0,    0,    0,    2,    0,    0,    0,    5,    0,    0,    5,    0,    2,    0,    8,    2,    5,    5,    0,    0,    0,    5,    0,    0,    0,    0,    0,    0,   18,    0,    0,    0,    0,    0,    0,    0,    5,    0,    0,    0,    0,    0,    0,    0,    0,    2,    8,   19,   23,   14,    0,    0,    5,    0,    0,    5,    0,    5,    0,    2,    0,    0,    0,    0,    0,    0,    5,    0,    0,    0,    0,    0,    0,    0,    0,    0,    0,    0,    0,    0,    0,    0,    0,    0,    0,    0,    0,    0,    0,    0,    0,    0,
       0,  -40,    0,    0,  -24,  -24,    0,  -32,  -24,    0,  -24,    0,    0,    0,  -21,    0,  -12,   -8,    0,   -8,  -16,    0,  -16,    0,    0,  -32,  -12,    0,    0,    0,    0,    0,  -20,    0,  -11,    0,    0,  -24,   -8,  -48,    0,    0,   -8,    0,    0,  -12,    0,    0,    8,    0,    0,    0,   -8,    0,    0,    0,    0,    0,    0,    0,    0,    0,  -12,  -35,    0,    0,    0,    0,    0,    0,    0,   -3,    0,    0,    0,  -12,  -24,    0,    0,    0,    0,    0,    0,  -12,  -20,  -12,    0,    0,  -20,  -20,  -24,   -8,    0,  -31,  -13,   -8,   -8,    0,    0,    0,    0,    0,    0,    0,    0,    0,    0,    0,    0,    0,    0,    0,
       0,  -40,    0,   -8,  -32,  -12,    5,  -40,  -32,    0,  -32,    0,    0,  -12,  -40,    0,    0,  -48,    0,  -12,    0,   -8,    0,    0,    0,  -32,  -12,    0,    0,  -16,   10,    0,  -20,  -12,  -20,  -24,    0,  -32,    0,  -48,    5,   -4,   -8,    0,   -8,   -8,    5,    0,   20,   -4,    0,    0,   -8,   -8,  -12,   -8,    0,  -16,    0,    0,    5,    0,  -16,    0,    0,    2,    0,    0,    0,   18,   20,   -5,   14,    0,    0,    0,  -60,    0,    0,    4,    0,    0,    0,  -24,  -60,  -24,    0,    0,    0,    0,    0,   -8,    0,  -28,  -40,  -12,   -8,    0,    0,    0,    0,    0,    0,    0,    0,    0,    0,    0,    0,    0,    0,    0,
       0,   -4,    0,    0,    0,   -6,    0,   -6,   -3,    0,   -3,    0,    0,    0,  -20,    0,    0,    0,    0,    0,  -12,    0,    0,    0,    0,  -12,    0,    0,    0,    0,    0,    0,    0,    0,    0,    0,    0,    0,    0,  -16,    0,    0,   -2,    0,    0,    0,   -1,    0,    0,   -3,    0,    0,    0,    0,   -3,   -1,    0,   -3,    0,    0,    0,    0,    0,    0,    0,    0,    0,    0,    0,    0,    0,   -1,    0,    0,    0,    0,    0,    0,    0,    0,    0,    0,    0,   -6,    0,   -6,    0,    0,    0,    0,    0,    0,    0,    0,    0,    0,    0,    0,    0,    0,    0,    0,    0,    0,    0,    0,    0,    0,    0,    0,    0,    0,
       0,   -4,    0,    0,    0,    0,    0,   -4,    0,   -4,    0,   -4,    0,    0,  -20,   -8,   -8,    0,   -4,    0,  -11,    0,   -4,    0,    0,  -16,    0,    0,    0,    0,    0,    0,    0,    0,    0,    0,    0,    0,    0,  -20,    0,   -8,   -3,    0,    0,    0,    0,    0,    0,    0,    0,    0,    0,    0,   -3,    0,   -3,   -3,   -3,    0,    0,    0,    0,    0,   -8,    0,    0,    0,    0,    0,    0,    0,    0,    0,    0,    0,    0,    0,    0,   -4,   -7,   -4,    0,   -7,    0,   -7,   -4,    0,    0,    0,    0,    0,    0,    0,    0,    0,    0,    0,    0,    0,    0,    0,    0,    0,    0,    0,    0,    0,    0,    0,    0,    0,
       0,    0,    0,    0,    0,   -6,    0,    0,  -16,    4,  -16,    4,    0,   -4,   -4,    0,    0,  -12,    0,    0,  -12,   -4,    0,    0,   -7,  -14,   -8,    0,    0,    0,    0,    0,    0,    0,    0,    0,    0,    0,    0,  -12,    0,    0,   -2,    0,   -6,    0,   -4,    0,    0,    0,    0,    0,    0,   -4,    0,    0,    0,    0,    0,    0,    0,    0,  -12,    0,    0,    0,    0,    0,    0,    0,    0,   -3,    0,    0,    0,    0,    0,    0,   -3,    0,    0,    0,    0,    0,   -2,    0,    0,    0,    0,    0,    0,    0,    0,    0,    0,    0,    0,    0,    0,    0,    0,    0,    0,    0,    0,    0,    0,    0,    0,    0,    0,    0,
       0,    0,    0,    0,    0,    0,    0,    0,    0,    0,    0,    0,    0,    0,    0,    0,    0,    0,    0,    0,    0,    0,    0,    0,    0,    0,    0,    0,    0,    0,    0,    0,    0,    0,    0,    0,    0,    0,    0,    0,    0,    0,    0,    0,    0,    0,    0,    0,    0,    0,    0,    0,    0,    0,    0,    0,    0,    0,    0,    0,    0,    0,    0,    0,    0,    0,    0,    0,    8,    0,    0,    0,    0,    0,    0,    0,    0,    0,    0,    0,    0,    0,    0,    0,    0,    0,    0,    0,    0,    0,    0,    0,    0,    0,    0,    0,    0,    0,    0,    0,    0,    0,    0,    0,    0,    0,    0,    0,    0,    0,    0,    0,
      22,   28,    0,    0,    8,   -4,   32,   20,   -8,  -20,   -8,  -20,  -10,    0,    8,    8,   10,   -4,    8,    0,   24,    2,    8,    0,    0,   20,   -6,    0,    0,    0,    0,    0,    0,    0,    0,    0,    0,    0,    0,    5,   20,  -12,   -5,    0,   -4,    0,    0,    0,    0,    0,    0,   -2,    0,    0,    0,    0,    0,    0,   -4,    2,   20,    0,   -8,    0,    0,    0,    0,    0,   24,    0,    0,    0,    0,    0,    0,    0,    0,    0,    0,    0,    0,    0,    0,    0,    0,    0,    0,    0,    0,    0,    0,    0,    0,    0,    0,    0,    0,    0,    0,    0,    0,    0,    0,    0,    0,    0,    0,    0,    0,    0,    0,    0,
       0,    0,    0,    0,    0,    0,    0,    0,   -4,   11,   -4,    0,    0,    0,    0,    0,    0,   -6,    0,    0,    0,    0,    0,    0,    0,   -8,    0,    0,    0,    0,    0,    0,    0,    0,    0,    0,    0,    0,    0,   -8,    0,    2,   -3,    0,   -2,    0,    0,    0,    0,    0,    0,   -1,    0,   -2,    0,    0,    0,    0,   -1,    0,    0,    0,   -4,    0,    0,    0,    0,    0,    0,    0,    0,    0,    0,    0,    0,    0,    0,    0,    0,    0,   -1,    0,    0,    0,    0,    0,    0,    0,    0,    0,    0,    0,    0,    0,    0,    0,    0,    0,    0,    0,    0,    0,    0,    0,    0,    0,    0,    0,    0,    0,    0,    0,
       0,   -4,    0,    0,    0,    0,    0,    0,    0,    0,    0,    0,    0,    0,  -12,    0,    0,    0,    0,    0,   -8,    0,    0,    0,    0,  -12,    0,    0,    0,    0,    0,    0,    0,    0,    0,    0,    0,  -16,    0,  -13,    0,    0,    0,    0,    0,    0,    0,    0,    0,    0,    0,    0,    0,    0,   -2,    0,    0,   -2,    0,    0,    0,    0,    0,    0,    0,    0,    0,    0,    0,    0,    0,    0,    0,    0,    0,    0,    0,    0,    0,    0,    0,    0,    0,   -2,    0,   -2,    0,    0,    0,    0,    0,    0,    0,    0,    0,    0,    0,    0,    0,    0,    0,    0,    0,    0,    0,    0,    0,    0,    0,    0,    0,    0,
       0,    0,    0,    0,    0,    0,    0,    0,    0,    0,    0,    0,    0,    0,    0,    0,    0,    0,    0,    0,    0,    0,    0,    0,    0,    0,    0,    0,    0,    0,    0,    0,    0,    0,    0,    0,    0,    0,    0,    0,    0,    0,    0,    0,    0,    0,    0,    0,    0,    0,    0,    0,    0,    0,    0,    0,    0,    0,    0,    0,    0,    0,    0,    0,    0,    0,    0,    0,    6,    0,    0,    0,    0,    0,    0,    0,    0,    0,    0,    0,    0,    0,    0,    0,    0,    0,    0,    0,    0,    0,    0,    0,    0,    0,    0,    0,    0,    0,    0,    0,    0,    0,    0,    0,    0,    0,    0,    0,    0,    0,    0,    0,
       2,    0,    0,    0,    0,   -8,    0,    2,  -14,    2,  -14,    2,    0,   -2,   -5,    0,    0,   -6,   -1,   -4,    0,    0,   -4,    0,   -6,  -10,   -4,    0,    0,    0,    0,    0,    0,    0,    0,    0,    0,    0,    0,   -8,    5,    0,   -3,    0,   -3,    0,   -3,    0,    0,    0,    0,   -2,    0,   -1,    0,    0,    0,    0,    0,    0,    5,    0,   -8,    0,    0,    0,    0,    0,    0,    0,    0,   -3,    0,    0,    0,    0,    0,    0,   -1,    0,    0,    0,    0,    0,   -6,    0,    0,    0,    0,    0,    0,    0,    0,    0,    0,    0,    0,    0,    0,    0,    0,    0,    0,    0,    0,    0,    0,    0,    0,    0,    0,    0,
       2,   -6,    0,    0,    0,    0,    0,   -4,   -4,    2,   -4,    2,    0,    0,  -10,    0,    0,    0,    0,    0,   -6,    0,    0,    0,    0,   -6,    0,    0,    0,    0,    0,    0,    0,    0,    0,    0,    0,    0,    0,   -8,    2,    0,   -2,    0,   -2,    0,    0,    0,    0,    0,    0,    0,    0,    0,   -4,    0,    0,   -4,    1,    0,    2,    0,   -4,    0,    0,    0,    0,    0,    0,    0,    0,    0,    0,    0,    0,    0,    0,    0,    0,    6,    0,    0,    0,   -8,   -4,   -8,    0,    0,    0,    0,    0,    0,    0,    0,    0,    0,    0,    0,    0,    0,    0,    0,    0,    0,    0,    0,    0,    0,    0,    0,    0,    0,
       0,    0,    0,    0,    0,    0,    0,    0,    0,    0,    0,    0,    0,    0,    0,    0,    0,    0,    0,    0,    0,    0,    0,    0,    0,   -8,    0,    0,    0,    0,    0,    0,    0,    0,    0,    0,    0,    0,    0,   -9,    0,    0,    0,    0,    0,    0,    0,    0,    4,    0,    0,    0,    0,    0,    0,    0,    0,    0,    0,    0,    0,    0,    0,    0,    0,    0,    0,    0,    0,    0,    0,    0,    0,    0,    0,    0,    0,    0,    0,    0,    0,    0,    0,    0,    0,    0,    0,    0,    0,    0,    0,    0,    0,    0,    0,    0,    0,    0,    0,    0,    0,    0,    0,    0,    0,    0,    0,    0,    0,    0,    0,    0,
       0,    2,   -5,    0,    0,  -16,    0,    9,  -12,  -32,  -12,  -32,  -24,    0,    4,   -2,   -8,  -12,   -4,    0,    0,   -4,    0,    0,    0,  -12,   -6,    0,    0,    0,    0,    0,    0,    0,    0,    0,    0,    0,    0,  -20,    0,  -32,   -9,    0,   -8,    0,   -5,    0,    0,    0,    0,   -5,    0,    0,    0,    0,    0,    0,   -4,    0,    0,    0,  -11,    0,   -3,    0,    0,    0,    0,    0,    0,    0,    0,    0,    0,    0,    0,    0,    0,    0,   -4,    0,    0,    0,    0,    0,    0,    0,    0,    0,    0,    0,    0,    0,    0,    0,    0,    0,    0,    0,    0,    0,    0,    0,    0,    0,    0,    0,    0,    0,    0,    0,
       0,   -6,    0,    0,    0,    0,    0,    0,   -4,    0,   -4,    0,    0,    0,  -12,   -4,    0,    0,   -4,    0,  -10,    0,   -4,    0,    0,  -12,    0,    0,    0,    0,    0,    0,    0,    0,    0,    0,    0,    0,    0,  -15,    0,   -8,    0,    0,    0,    0,    0,    0,    0,    0,    0,   -3,    0,    0,   -4,   -1,   -3,   -4,    0,    0,    0,    0,    0,    0,    0,    0,    0,    0,    0,    0,    0,   -1,    0,    0,    0,    0,    0,    0,    0,   -2,   -1,   -2,    0,   -9,   -5,   -9,    0,    0,    0,    0,    0,    0,    0,    0,    0,    0,    0,    0,    0,    0,    0,    0,    0,    0,    0,    0,    0,    0,    0,    0,    0,    0,
       2,   -6,   -4,    0,    0,    0,    0,    0,  -16,    2,  -16,    2,    0,   -4,   -8,    0,    0,   -8,    0,   -4,   -8,    0,   -2,    0,    0,  -12,   -4,    0,    0,    0,    0,    0,    0,    0,    0,    0,    0,    0,    0,  -16,    4,    0,   -1,    0,   -7,    0,   -5,    0,    0,   -1,    0,    0,    0,    0,   -2,    0,    0,   -2,    0,    0,    0,    0,   -8,    0,    0,    0,    0,    0,    0,    0,    0,   -3,    0,    0,    0,    0,    0,    0,    0,    0,    0,    0,    0,    0,    0,    0,    0,    0,    0,    0,    0,    0,    0,    0,    0,    0,    0,    0,    0,    0,    0,    0,    0,    0,    0,    0,    0,    0,    0,    0,    0,    0,
       0,    0,    0,    0,    0,    0,    0,    0,    0,    0,    0,    0,    0,    0,   -8,    0,    0,    0,    0,    0,   -8,    0,    0,    0,    0,   -8,    0,    0,    0,    0,    0,    0,    0,    0,    0,    0,    0,    0,    0,   -9,    0,    0,    0,    0,    0,    0,    0,    0,    0,    0,    0,    0,    0,    0,    0,    0,    0,    0,    0,    0,    0,    0,    0,    0,    0,    0,    0,    0,    0,    0,    0,    0,    0,    0,    0,    0,    0,    0,    0,    0,    0,    0,    0,    0,    0,    0,    0,    0,    0,    0,    0,    0,    0,    0,    0,    0,    0,    0,    0,    0,    0,    0,    0,    0,    0,    0,    0,    0,    0,    0,    0,    0,
       5,    0,    0,    0,    0,   -6,    0,    5,   -4,  -16,   -4,  -16,    0,    0,    0,   -4,   -6,   -4,    0,    0,    0,    0,    0,    0,    0,  -12,    0,    0,    0,    0,    0,    0,    0,    0,    0,    0,    0,    0,    0,   -8,    0,  -12,   -5,    0,   -2,    0,   -1,    0,    0,    0,    0,   -3,    0,    0,    0,    0,    0,    0,    0,    0,    0,    0,   -4,    0,    0,    0,    0,    0,    0,    0,    0,   -2,    0,    0,    0,    0,    0,    0,    0,   -6,   -4,   -6,   -2,    0,    0,    0,   -4,    0,    0,    0,    0,    0,    0,    0,    0,    0,    0,    0,    0,    0,    0,    0,    0,    0,    0,    0,    0,    0,    0,    0,    0,    0,
       2,    0,    0,    0,    0,    0,    0,    5,    0,   -8,    0,   -8,    0,    0,    0,    0,   -4,    0,    0,    0,    0,    0,    0,    0,    0,   -8,    0,    0,    0,    0,    0,    0,    0,    0,    0,    0,    0,    0,    0,   -8,    0,   -8,   -2,    0,    0,    0,    0,    0,    0,    0,    0,    0,    0,    0,    0,    0,    0,    0,    0,    0,    0,    0,   -2,    0,    0,    0,    0,    0,    0,    0,    0,    0,    0,    0,    0,    0,    0,    0,    0,   -3,    0,   -3,    0,    0,    0,    0,   -2,    0,    0,    0,    0,    0,    0,    0,    0,    0,    0,    0,    0,    0,    0,    0,    0,    0,    0,    0,    0,    0,    0,    0,    0,    0,
       0,    0,   -2,    0,    0,   -8,    0,    0,   -9,    0,   -9,    0,    0,    0,   -4,    0,    0,   -9,    0,   -4,   -4,    0,    0,    0,    0,   -4,   -1,    0,    0,    0,    0,    0,    0,    0,    0,    0,    0,    0,    0,  -12,    0,    0,    0,    0,   -3,    0,   -3,    0,    0,    0,    0,   -1,    0,    0,    0,    0,    0,    0,    0,    0,    0,    0,   -8,    0,    0,    0,    0,    0,    0,    0,    0,   -2,    0,    0,    0,    0,    0,    0,    0,    0,   -1,    0,    0,    0,    0,    0,    0,    0,    0,    0,    0,    0,    0,    0,    0,    0,    0,    0,    0,    0,    0,    0,    0,    0,    0,    0,    0,    0,    0,    0,    0,    0,
       0,    4,    0,    0,    0,    0,    0,    0,    0,    0,    0,    0,    0,    0,    0,    0,    0,    0,    0,    0,    0,    0,    0,    0,    0,    0,    0,    5,    0,    0,    5,    0,    0,    0,    0,    0,    2,    0,    0,    0,    0,    5,    0,    0,    0,    0,    0,    0,   15,    0,    0,    0,    0,    0,    0,    0,    5,    0,    0,    0,    0,    0,    0,    0,    0,    2,    5,   19,   23,   14,    0,    0,    5,    0,    0,    0,    0,    0,    0,    0,    0,    0,    0,    0,    0,    0,    2,    0,    0,    0,    0,    0,    0,    0,    0,    0,    0,    0,    0,    0,    0,    0,    0,    0,    0,    0,    0,    0,    0,    0,    0,    0,
       0,    0,    0,    0,    0,    0,    0,    0,    0,    0,    0,    0,    0,    0,  -12,    0,    0,    0,    0,    0,  -12,    0,    0,    0,    0,  -12,    0,    0,    0,    0,    5,    0,  -11,    0,   -8,    0,    0,  -16,    0,  -20,    0,    0,    0,    0,    0,    0,    0,    0,   15,    0,    0,    0,    0,    0,    0,    0,    0,    0,    0,    0,    0,    0,    0,    0,    0,    0,    0,    0,    0,    0,    0,    0,    0,    0,    0,    0,    0,    0,    0,    0,    0,    0,    0,    0,    0,    0,    0,    0,    0,    0,    0,    0,    0,    0,    0,    0,    0,    0,    0,    0,    0,    0,    0,    0,    0,    0,    0,    0,    0,    0,    0,    0,
       0,    0,    0,    0,    0,    0,    0,    0,  -20,    0,  -20,    0,    0,    0,  -11,   -5,   -3,   -8,    0,    0,  -11,    0,    0,    0,    0,    0,  -12,    0,    0,    0,    0,    0,   -8,    0,    0,    0,    0,   -8,   -8,  -16,    0,    0,   -6,    0,   -8,    0,    0,    0,    0,    0,    0,    0,    0,    0,    0,    0,    0,    0,    0,    0,    0,    0,  -20,    0,    0,    0,    0,    0,    0,    0,    0,   -3,    0,   -8,    0,   -8,    0,    0,    0,    0,    0,    0,    0,    0,    0,    0,    0,    0,    0,    0,    0,    0,    0,    0,   -4,    0,   -7,    0,    0,    0,    0,    0,    0,    0,    0,    0,    0,    0,    0,    0,    0,    0,
     -27,  -32,    0,    0,    0,    0,    0,  -27,  -36,  -80,  -36,  -80,  -67,    0,    0,    0,    0,    0,    0,    0,    0,    0,    0,  -43,    0,  -40,    0,    0,    0,    0,    0,    0,    0,    0,    0,    0,    0,    0,    0,  -35,    0,  -40,    0,    0,    0,    0,    0,    0,    0,    0,    0,    0,    0,    0,    0,    0,    0,    0,    0,    0,    0,    0,    0,    0,    0,    0,    0,    0,    0,    0,    0,    0,    0,    0,    0,    0,    0,    0,    0,    0,    0,    0,    0,    0,    0,    0,    0,    0,    0,    0,    0,    0,    0,    0,    0,    0,    0,    0,    0,    0,    0,    0,    0,    0,    0,    0,    0,    0,    0,    0,    0,    0,
       0,   -8,    0,   -8,    0,    0,    0,   -8,    0,  -16,    0,  -16,  -12,    0,  -19,  -17,  -17,    0,   -8,    0,  -19,    0,   -8,    0,    0,   -8,    0,    0,    0,    0,   -6,    0,  -16,    0,   -8,    0,    0,  -16,  -16,  -16,    0,  -16,   -6,    0,    0,   -4,    0,    0,    0,    0,    0,    0,    0,    0,   -4,   -2,   -8,   -4,    0,    0,    0,    0,    0,    0,  -42,   -8,    0,    0,    0,    0,    0,    1,    0,  -16,   -8,  -12,   -4,   -8,    0,   -4,   -8,   -4,    0,   -8,    0,   -8,    0,    0,    0,    0,    0,    0,    0,    0,   -4,    0,    0,    0,    0,    0,    0,    0,    0,    0,    0,    0,    0,    0,    0,    0,    0,    0,
     -12,  -20,   -8,  -12,  -16,  -12,    0,  -16,  -24,  -24,  -24,  -24,    0,   -8,  -32,   -8,   -8,  -20,   -8,   -8,  -16,   -8,   -8,  -12,    0,  -40,  -12,   -8,    0,   -8,    0,    0,  -32,   -4,  -16,  -12,   -8,  -37,   -6,  -40,    0,    0,  -10,    0,  -16,   -8,    0,    0,    8,    0,  -12,    0,  -12,    0,  -16,   -8,    0,  -16,    0,    0,    0,   -8,  -19,    0,  -13,  -12,   -8,    0,    0,    0,    0,    0,    0,    0,    0,    0,    0,    0,    0,    0,    0,    0,    0,  -20,  -12,  -20,   -8,    0,    0,    0,    0,    0,    0,    0,    0,    0,    0,    0,    0,    0,    0,    0,    0,    0,    0,    0,    0,    0,    0,    0,    0,    0,
       0,    0,    0,    0,    0,    0,   21,    0,    0,    0,    0,    0,    0,    0,    0,    0,    0,    0,    0,    0,    0,    0,    0,    0,    0,    0,    0,    0,    0,    0,    0,    0,    0,    0,    0,    0,    0,    0,    0,    5,   19,    0,    0,    0,    0,    0,    0,    0,    0,    0,    0,    0,    0,    0,    0,    0,    0,    0,    0,    0,   19,    0,    0,    0,    0,    0,    0,    0,    0,    0,    0,    0,    0,    0,    0,    0,    0,    0,    0,    0,    0,    0,    0,    0,    0,    0,    0,    0,    0,    0,    0,    0,    0,    0,    0,    0,    0,    0,    0,    0,    0,    0,    0,    0,    0,    0,    0,    0,    0,    0,    0,    0,
       0,  -14,    0,    0,    0,    0,    0,  -16,   -4,    0,   -4,    0,    0,    0,  -20,    0,    0,    0,    0,    0,  -12,    0,  -10,    0,    0,  -12,    0,    0,    0,    0,    0,    0,    0,    0,    0,    0,    0,    0,    0,  -12,    0,   -8,    0,    0,    0,   -4,   -1,    0,    0,    0,    0,    0,   -1,    0,   -5,   -1,   -2,   -5,    0,    0,    0,    0,    0,    0,    0,    0,    0,    0,    0,    0,    0,    0,    0,    0,    0,    0,    0,    0,    0,    0,    0,    0,    0,    0,    0,    0,    0,    0,    0,    0,    0,    0,    0,    0,    0,    0,    0,    0,    0,    0,    0,    0,    0,    0,    0,    0,    0,    0,    0,    0,    0,    0,
      19,   15,    0,    0,    0,    0,   23,   17,    0,    0,    0,    0,    0,    0,    0,    0,    0,    0,    5,    0,   12,    0,    0,    0,    0,    8,    0,    0,    0,    0,    0,    0,    0,    0,    0,    0,    0,    0,    0,   13,   23,    0,    0,    8,    0,    0,    0,    6,    6,    5,    0,    0,    0,    0,    0,    0,    0,    0,    0,    0,   23,    0,    0,    0,    0,    0,    0,    0,    0,    0,    6,    0,    0,    0,    0,    0,    0,    0,    0,    0,    0,    0,    0,    0,    0,    0,    0,    0,    0,    0,    0,    0,    0,    0,    0,    0,    0,    0,    0,    0,    0,    0,    0,    0,    0,    0,    0,    0,    0,    0,    0,    0,
       6,    0,    0,    0,    0,  -13,    5,    8,  -20,  -20,  -20,  -20,  -20,   -5,    0,    0,    0,    0,    0,   -8,    8,   -6,    0,    0,   -8,    0,  -20,    0,    0,    0,    0,    0,    0,    0,    0,    0,    0,    0,    0,    0,    9,  -26,  -15,    0,  -15,    0,  -13,    0,    0,    0,   -4,    0,    0,   -9,    0,    0,    0,    0,    0,    0,    9,    0,  -20,    0,   -8,    0,    0,    0,    0,    0,    0,   -3,    0,    0,    0,    0,    0,    0,    0,    0,    0,    0,    0,    0,    0,    0,    0,    0,    0,    0,    0,    0,    0,    0,    0,    0,    0,    0,    0,    0,    0,    0,    0,    0,    0,    0,    0,    0,    0,    0,    0,    0,
       0,    0,    0,    0,    0,   -6,    0,    0,  -10,    0,  -10,    0,    0,    0,    0,    0,    0,   -1,   -2,   -1,    0,   -1,    0,    0,    0,   -8,    0,    0,    0,    0,    0,    0,    0,    0,    0,    0,    0,    0,    0,   -9,    0,    0,   -3,    0,   -3,    0,    0,    0,   -1,    0,    0,    0,    0,    0,    0,    0,    0,    0,    0,    0,    0,    0,   -8,    0,    0,    0,    0,    0,    0,    0,    0,   -1,    0,    0,    0,    0,    0,    0,    0,    0,    0,    0,    0,    0,    0,    0,    0,    0,    0,    0,    0,    0,    0,    0,    0,    0,    0,    0,    0,    0,    0,    0,    0,    0,    0,    0,    0,    0,    0,    0,    0,    0,
       0,    2,   -5,    0,    0,  -16,    8,    9,  -12,  -32,  -12,  -32,  -24,    0,    4,   -2,   -8,  -12,   -4,    0,    0,   -4,    0,    0,    0,  -12,   -6,    0,    0,    0,    0,    0,    0,    0,    0,    0,    0,    0,    0,  -20,    6,  -32,   -9,    0,   -8,    0,   -5,    0,    0,    0,    0,   -5,    0,    0,    0,    0,    0,    0,   -4,    0,    5,    0,  -11,    0,   -3,    0,    0,    0,    0,    0,    0,    0,    0,    0,    0,    0,    0,    0,    0,    0,   -4,    0,    0,    0,    0,    0,    0,    0,    0,    0,    0,    0,    0,    0,    0,    0,    0,    0,    0,    0,    0,    0,    0,    0,    0,    0,    0,    0,    0,    0,    0,    0,
       2,   -4,   -4,    0,    0,    0,   13,    0,  -16,    2,  -16,    2,    0,   -4,   -8,    0,    0,   -8,    0,   -4,   -8,    0,   -2,    0,    0,  -12,   -4,    0,    0,    0,    0,    0,    0,    0,    0,    0,    0,    0,    0,  -16,   17,    0,   -1,    0,   -7,    0,   -5,    0,    0,   -1,    0,    0,    0,    0,   -2,    0,    0,   -2,    0,    0,   13,    0,   -8,    0,    0,    0,    0,    0,    0,    0,    0,   -3,    0,    0,    0,    0,    0,    0,    0,    0,    0,    0,    0,    0,    0,    0,    0,    0,    0,    0,    0,    0,    0,    0,    0,    0,    0,    0,    0,    0,    0,    0,    0,    0,    0,    0,    0,    0,    0,    0,    0,    0,
       8,    8,    0,    0,    8,   -8,    0,   12,  -12,  -21,  -12,  -21,  -13,    0,    4,    2,    2,   -4,    0,    0,    5,    0,    4,    0,    0,    4,   -8,    0,    0,    0,    0,    0,    0,    0,    0,    0,    0,    0,    0,    0,    0,  -19,   -3,    0,   -3,    5,   -1,    0,    0,    0,    0,    0,    8,    0,    4,    4,    2,    4,    0,    0,    0,    0,  -12,    0,    0,    0,    0,    0,    0,    0,    0,    0,    0,    0,    0,    0,    0,    0,    0,    0,    0,    0,    0,    0,    0,    0,    0,    0,    0,    0,    0,    0,    0,    0,    0,    0,    0,    0,    0,    0,    0,    0,    0,    0,    0,    0,    0,    0,    0,    0,    0,    0,
       0,  -12,    0,   -8,    0,    0,    0,  -12,    0,    0,    0,    0,  -16,    0,  -14,   -6,   -4,    0,    0,    0,  -17,    0,  -10,    0,    0,  -16,    0,   -4,    0,    0,    0,    0,  -14,    0,   -8,    0,   -9,  -13,    0,    0,    0,  -12,    0,    0,    0,    0,    0,    0,    0,    0,    0,    0,    0,    0,   -1,    0,   -1,   -1,    0,    0,    0,    0,    0,    0,    0,    0,    0,    0,    0,    0,    0,    0,    0,  -12,   -4,   -9,   -6,   -2,    0,   -3,   -6,   -3,    0,  -12,    0,  -12,    0,    0,    0,    0,    0,    0,    0,    0,    0,    0,    0,    0,    0,    0,    0,    0,    0,    0,    0,    0,    0,    0,    0,    0,    0,    0,
       2,    5,  -24,  -15,    0,  -32,    0,    2,  -40,  -48,  -40,  -48,  -48,  -20,  -15,   -6,    0,  -32,  -12,  -20,    0,  -16,   -8,    0,  -35,    0,  -35,  -40,    0,  -24,    0,  -13,    0,    0,    0,    0,    0,    0,    0,  -16,    2,  -48,  -40,    0,  -40,    0,    0,    0,  -12,    0,  -32,  -40,    0,  -36,  -32,  -24,  -32,  -32,    0,    0,    0,    0,  -40,    0,  -32,    0,  -53,    0,    0,    0,    0,    0,  -37,   -7,  -28,    0,    0,  -12,  -24,  -40,  -32,  -40,  -28,  -32,  -35,  -32,  -40,    0,    0,    0,    0,    0,    0,    0,    0,    0,    0,    0,    0,    0,    0,    0,    0,    0,    0,    0,    0,    0,    0,    0,    0,    0,
       0,   -2,    0,    0,    0,    0,    5,    0,   -2,    2,   -2,    2,    0,    0,   -8,    0,    0,    0,    0,    0,    0,    0,    0,    0,    0,    0,    0,    0,    0,    0,    0,    0,   -5,    0,    0,    0,    0,   -5,    0,   -2,    2,    8,    0,    0,    0,    0,    0,    0,   10,    0,    0,    2,    0,    0,   -2,    0,    0,   -2,    0,    0,    2,    0,    0,    0,    0,    0,    8,    0,    0,    0,    0,    0,    0,    0,    0,    0,    0,    0,    0,    1,    0,    1,    2,   -4,   -4,   -4,    0,    0,    0,    0,    0,    0,    0,    0,    0,    0,    0,    0,    0,    0,    0,    0,    0,    0,    0,    0,    0,    0,    0,    0,    0,    0,
       0,    0,  -12,   -6,    0,  -16,    0,    2,  -16,  -40,  -16,  -40,  -24,   -8,   -8,   -4,   -2,  -12,    0,  -10,    0,   -9,   -6,    0,    0,    0,  -16,  -13,    0,   -4,    0,   -4,    0,    0,    0,    0,    0,    0,    0,    0,    8,  -40,  -19,    0,  -16,    0,    0,    0,   -6,    0,  -12,  -14,    0,    0,   -6,   -4,  -10,   -6,    0,    0,    2,    0,  -20,    0,  -12,    0,  -13,    0,    0,    0,    0,    0,  -12,  -12,  -12,    0,    0,   -6,   -8,  -20,  -16,  -20,  -14,  -12,  -12,  -12,  -21,    0,    0,    0,    0,    0,    0,    0,    0,    0,    0,    0,    0,    0,    0,    0,    0,    0,    0,    0,    0,    0,    0,    0,    0,    0,
       0,   -8,    0,    0,    0,   -5,    2,   -8,   -8,    4,   -8,    4,    0,   -2,  -10,    0,    0,    0,    0,   -2,   -8,    0,   -5,    0,    0,   -8,    0,    0,    0,   -8,    0,    0,  -13,    0,   -8,    0,    0,  -15,    0,  -10,    2,    2,    0,    0,    0,    0,    0,    0,    0,    0,    0,    0,    0,    0,   -5,    0,    0,   -5,    0,    0,    0,    0,   -5,    0,    0,    0,    0,    0,    0,    0,    0,    0,    0,    0,    0,  -13,  -10,    0,    0,    0,    0,    0,    0,  -10,   -5,  -10,    0,    0,    0,    0,    0,    0,    0,    0,    0,    0,    0,    0,    0,    0,    0,    0,    0,    0,    0,    0,    0,    0,    0,    0,    0,    0,
       0,  -12,    0,   -6,    0,    0,    0,  -12,    0,    0,    0,    0,  -12,    0,  -21,  -10,   -6,    0,   -6,    0,  -16,    0,   -8,    0,    0,  -21,    0,    0,    0,    0,   -5,   -2,  -22,    0,  -10,   -6,  -12,  -31,   -8,  -20,    0,   -8,    0,    0,    0,    0,    0,    0,    0,    0,    0,    0,    0,    0,   -1,    0,   -2,   -1,   -1,    0,    0,    0,    0,    0,    0,    0,   -4,    0,    0,    0,    0,    0,    0,   -8,   -2,  -20,   -6,   -4,    0,   -3,   -8,   -3,    0,   -6,    0,   -6,    0,    0,    0,    0,    0,    0,    0,    0,    0,    0,    0,    0,    0,    0,    0,    0,    0,    0,    0,    0,    0,    0,    0,    0,    0,    0,
       0,   -5,    0,    0,    0,    0,    0,   -5,   -4,    0,   -4,    0,    0,    0,  -12,   -6,    0,    0,   -4,    0,   -9,    0,    0,    0,    0,  -12,    0,    0,    0,    0,    0,    0,    0,    0,    0,    0,    0,    0,    0,  -20,    0,   -8,   -3,    0,   -2,    0,    0,    0,    0,    0,    0,   -2,    0,    0,   -6,   -5,   -3,   -6,   -4,    0,    0,    0,    0,    0,    0,    0,    0,    0,    0,    0,    0,   -1,    0,    0,    0,    0,    0,    0,    0,   -4,   -6,   -4,    0,   -8,   -6,   -8,   -1,    0,    0,    0,    0,    0,    0,    0,    0,    0,    0,    0,    0,    0,    0,    0,    0,    0,    0,    0,    0,    0,    0,    0,    0,    0,
       0,    2,   -8,    0,    0,  -20,    0,    5,  -15,  -40,  -15,  -40,  -20,    0,    0,   -8,   -8,  -15,   -6,   -4,   -7,   -8,    0,    0,    0,  -16,  -12,    0,    0,    0,    0,    0,    0,    0,    0,    0,    0,    0,    0,  -20,    0,  -32,  -14,    0,  -10,    0,    0,    0,    0,    0,    0,    0,    0,    0,    0,    0,    0,    0,    0,    0,    0,    0,  -13,    0,   -5,    0,    0,    0,    0,    0,    0,    0,    0,    0,    0,    0,    0,    0,    0,  -20,   -4,  -20,   -8,    4,    0,    4,   -8,    0,    0,    0,    0,    0,    0,    0,    0,    0,    0,    0,    0,    0,    0,    0,    0,    0,    0,    0,    0,    0,    0,    0,    0,    0,
       5,    0,    0,    0,    0,    0,    2,    0,   -2,    5,   -2,    5,    0,    0,   -8,    0,    0,    0,    0,    0,    0,    0,    0,    0,    0,   -8,    0,    0,    0,    0,    0,    0,    0,    0,    0,    0,    0,    0,    0,  -12,    5,    5,    0,    0,   -1,    0,    0,    0,    5,    0,    0,    2,    0,    0,    0,    0,    0,    0,    0,    0,    4,    0,    0,    0,    0,    0,    0,    0,    0,    0,    0,    0,    0,    0,    0,    0,    0,    0,    0,    8,    0,    2,    2,   -4,   -4,   -4,    0,    0,    0,    0,    0,    0,    0,    0,    0,    0,    0,    0,    0,    0,    0,    0,    0,    0,    0,    0,    0,    0,    0,    0,    0,    0,
       0,    0,    0,    0,    0,    0,    0,    0,    0,    0,    0,    0,    0,    0,  -12,    0,    0,    0,    0,    0,   -8,    0,    0,    0,    0,   -8,    0,    0,    0,    0,    0,    0,    0,    0,    0,    0,    0,    0,    0,  -12,    0,    0,    0,    0,    0,    0,    0,    0,    0,    0,    0,    0,    0,    0,   -2,    0,    0,   -2,    0,    0,    0,    0,    0,    0,    0,    0,    0,    0,    0,    0,    0,    0,    0,    0,    0,    0,    0,    0,    0,    0,    0,    0,    0,   -6,   -4,   -6,    0,    0,    0,    0,    0,    0,    0,    0,    0,    0,    0,    0,    0,    0,    0,    0,    0,    0,    0,    0,    0,    0,    0,    0,    0,    0,
       8,    4,   -8,    0,    0,  -12,    0,    6,   -8,  -24,   -8,  -24,  -12,    0,    0,   -8,   -8,  -12,   -4,    0,  -12,   -8,    0,    0,    0,  -16,  -12,    0,    0,    0,    0,    0,    0,    0,    0,    0,    0,    0,    0,  -12,    0,  -24,   -9,    0,  -10,    0,    0,    0,    0,    0,    0,   -7,    0,    0,    0,    0,    0,    0,    0,    0,    0,    0,   -8,    0,    0,    0,    0,    0,    0,    0,    0,    0,    0,    0,    0,    0,    0,    0,   -4,  -20,    0,  -20,   -8,    4,    0,    4,   -8,    0,    0,    0,    0,    0,    0,    0,    0,    0,    0,    0,    0,    0,    0,    0,    0,    0,    0,    0,    0,    0,    0,    0,    0,    0,
       5,   -5,    0,    0,    0,    0,    0,    0,   -8,    5,   -8,    5,    0,    0,  -12,    0,    0,    0,    0,    0,    0,    0,    0,    0,    0,    0,    0,    0,    0,    0,    0,    0,    0,    0,    0,    0,    0,    0,    0,    0,    4,    8,    0,    0,   -3,    0,    0,    0,    0,    0,    0,    0,    0,    0,   -5,   -2,    0,   -5,    0,    0,    0,    0,   -4,    0,    0,    0,    0,    0,    0,    0,    0,    0,    0,    0,    0,    0,    0,    0,   -1,    5,    0,    5,    2,   -8,   -5,   -8,    0,    0,    0,    0,    0,    0,    0,    0,    0,    0,    0,    0,    0,    0,    0,    0,    0,    0,    0,    0,    0,    0,    0,    0,    0,    0,
       0,  -32,    0,    0,    0,    0,    0,  -24,   -4,    0,   -4,    0,  -12,    0,  -24,   -6,    0,    0,   -4,    0,  -12,    0,   -8,    0,    0,  -20,    0,    0,    0,    0,    0,    0,    0,    0,    0,    0,    0,    0,    0,  -32,    0,   -8,    0,    0,    0,    0,   -2,    0,    0,    0,    0,   -3,   -3,    0,   -8,   -4,   -4,   -8,    0,    0,    0,    0,    0,    0,    0,    0,    0,    0,    0,    0,    0,    0,    0,    0,    0,    0,    0,    0,    0,    0,   -8,    0,    0,  -15,   -6,  -15,   -2,    0,    0,    0,    0,    0,    0,    0,    0,    0,    0,    0,    0,    0,    0,    0,    0,    0,    0,    0,    0,    0,    0,    0,    0,    0,
       0,    2,   -8,    0,    0,  -20,    0,    5,  -15,  -40,  -15,  -40,  -20,    0,    0,   -8,   -8,  -15,   -6,   -4,   -7,   -8,    0,    0,    0,  -16,  -12,    0,    0,    0,    0,    0,    0,    0,    0,    0,    0,    0,    0,  -20,    5,  -32,  -14,    0,  -10,    0,    0,    0,    0,    0,    0,    0,    0,    0,    0,    0,    0,    0,    0,    0,    0,    0,  -13,    0,   -5,    0,    0,    0,    0,    0,    0,    0,    0,    0,    0,    0,    0,    0,    0,  -20,   -4,  -20,   -8,    4,    0,    4,   -8,    0,    0,    0,    0,    0,    0,    0,    0,    0,    0,    0,    0,    0,    0,    0,    0,    0,    0,    0,    0,    0,    0,    0,    0,    0,
       5,    0,    0,    0,    0,    0,    5,    0,  -12,    8,  -12,    8,    0,   -4,   -6,    0,    2,    0,    0,    0,   -8,    0,   -8,    0,    0,  -16,    0,    0,    0,   -4,    0,    0,   -6,    0,    0,    0,    0,    0,    0,    0,    8,    8,    2,    0,    0,    0,    0,    0,    8,    0,    0,    5,    0,    0,   -5,    0,    6,   -5,    0,    0,    5,    0,   -8,    0,    0,    0,    0,    0,    0,    0,    0,    0,    0,    0,    0,    0,   -2,    0,   -2,   10,    2,    2,    5,  -22,    0,  -12,    2,    0,    0,    0,    0,    0,    0,    0,    0,    0,    0,    0,    0,    0,    0,    0,    0,    0,    0,    0,    0,    0,    0,    0,    0,    0,
       5,    0,    0,    0,    0,    0,    5,    0,  -10,    9,  -10,    9,    0,    0,    0,    2,    0,    0,    0,    0,   -4,    0,    0,    0,    0,  -12,    0,    0,    0,    0,    0,    0,    0,    0,    0,    0,    0,    0,    0,    0,    5,   10,    1,    0,   -4,    0,    0,    0,    8,    0,    0,    0,    0,    0,    0,    0,    8,    0,    0,    0,    5,    0,   -4,    0,    0,    0,    0,    0,    0,    0,    0,    0,    0,    0,    0,    0,    0,    0,    0,   10,    0,    2,    2,    0,   -4,    0,    0,    0,    0,    0,    0,    0,    0,    0,    0,    0,    0,    0,    0,    0,    0,    0,    0,    0,    0,    0,    0,    0,    0,    0,    0,    0,
       0,    0,    0,    0,    0,    0,    0,    0,    0,    0,    0,    0,    0,    0,    0,    0,    0,    0,    0,    0,    0,    0,    0,    0,    0,    0,    0,    0,    0,    0,    0,    0,    0,    0,    0,    0,    0,    0,    0,    0,    0,    0,    0,    0,    0,    0,    0,    0,    0,    0,    0,    0,    0,    0,    0,    0,    0,    0,    0,    0,    0,    0,    0,    0,    0,    0,    0,    0,    0,    0,    0,    0,    0,    0,    0,    0,    0,    0,    0,    0,    0,    0,    0,    0,    0,    0,    0,    0,   -4,   -4,    0,    0,    0,    0,    0,    0,    0,    0,    0,    0,    0,    0,    0,    0,    0,    0,    0,    0,    0,    0,    0,    0,
       0,    0,    0,    0,    0,    0,    0,    0,    0,    0,    0,    0,   -8,    0,    0,    0,    0,    0,    0,    0,    0,    0,    0,    0,    0,    0,    0,    0,    0,    0,    0,    0,    0,    0,    0,    0,    0,    0,    0,    0,    0,    0,    0,    0,    0,    0,    0,    0,    0,    0,    0,    0,    0,    0,    0,    0,    0,    0,    0,    0,    0,    0,    0,    0,    0,    0,    0,    0,    0,    0,    0,    0,    0,    0,    0,    0,    0,    0,    0,    0,    0,    0,    0,    0,    0,    0,    0,   -7,    0,    0,    0,    0,   -4,    0,    0,    0,    0,    0,    0,    0,    0,    0,    0,    0,    0,    0,    0,    0,    0,    0,    0,    0,
       0,    0,    0,    0,    0,    0,    0,    0,    0,    0,    0,    0,  -27,    0,    0,    0,    0,    0,    0,    0,    0,    0,    0,    0,    0,    0,    0,    0,    0,    0,    0,    0,    0,    0,    0,    0,    0,    0,    0,   -7,    0,    0,    0,    0,    0,    0,    0,    0,    0,    0,    0,    0,    0,    0,    0,    0,    0,    0,    0,    0,    0,    0,    0,    0,    0,    0,    0,    0,    0,    0,    0,    0,    0,    0,    0,    0,    0,    0,    0,    0,    0,    0,    0,    0,    0,    0,    0,    0,   -4,    0,    0,   -7,   -4,   -4,   -4,   -6,   -7,    0,    0,    0,    0,    0,    0,    0,    0,    0,    0,    0,    0,    0,    0,    0,
       0,    0,    0,    0,    0,    0,    0,    0,    0,  -19,    0,  -19,   -4,    0,    0,    0,    0,    0,    0,    0,    0,    0,    0,    5,    0,    5,    0,    0,    0,    0,    0,    0,    0,    0,    0,    0,    0,    0,    0,  -12,    0,  -20,    0,    0,    0,    0,    0,    0,    0,    0,    0,    0,    0,    0,    0,    0,    0,    0,    0,    0,    0,    0,    0,    0,    0,    0,    0,    0,    0,    0,    0,    0,    0,    0,    0,    0,    0,    0,    0,    0,    0,    0,    0,    0,    0,    0,    0,    0,   -4,  -13,   -3,    0,   -4,   -3,    0,    0,    0,    0,    0,    0,    0,    0,    0,    0,    0,    0,    0,    0,    0,    0,    0,    0,
       0,    0,    0,    0,    0,    0,    0,    0,    0,    0,    0,    0,   -4,    0,    0,    0,    0,    0,    0,    0,    0,    0,    0,    0,    0,    0,    0,    0,    0,    0,    0,    0,    0,    0,    0,    0,    0,    0,    0,    0,    0,    0,    0,    0,    0,    0,    0,    0,    0,    0,    0,    0,    0,    0,    0,    0,    0,    0,    0,    0,    0,    0,    0,    0,    0,    0,    0,    0,    0,    0,    0,    0,    0,    0,    0,    0,    0,    0,    0,    0,    0,    0,    0,    0,    0,    0,    0,    0,    0,    0,    0,    0,    0,    0,    0,    0,    0,    0,    0,    0,    0,    0,    0,    0,    0,    0,    0,    0,    0,    0,    0,    0,
       0,    0,    0,    0,    0,    0,    0,    0,    0,   -8,    0,   -8,  -11,    0,    0,    0,    0,    0,    0,    0,    0,    0,    0,    5,    0,    0,    0,    0,    0,    0,    0,    0,    0,    0,    0,    0,    0,    0,    0,   -8,    0,  -12,    0,    0,    0,    0,    0,    0,    0,    0,    0,    0,    0,    0,    0,    0,    0,    0,    0,    0,    0,    0,    0,    0,    0,    0,    0,    0,    0,    0,    0,    0,    0,    0,    0,    0,    0,    0,    0,    0,    0,    0,    0,    0,    0,    0,    0,    0,    0,    0,   -4,    0,   -5,   -4,    0,    0,    0,    0,    0,    0,    0,    0,    0,    0,    0,    0,    0,    0,    0,    0,    0,    0,
       0,    0,    0,    0,    0,    0,    0,    0,    0,    0,    0,    0,   -8,    0,    0,    0,    0,    0,    0,    0,    0,    0,    0,    0,    0,    0,    0,    0,    0,    0,    0,    0,    0,    0,    0,    0,    0,    0,    0,   -8,    0,   -8,    0,    0,    0,    0,    0,    0,    0,    0,    0,    0,    0,    0,    0,    0,    0,    0,    0,    0,    0,    0,    0,    0,    0,    0,    0,    0,    0,    0,    0,    0,    0,    0,    0,    0,    0,    0,    0,    0,    0,    0,    0,    0,    0,    0,    0,    0,    0,   -4,   -4,    0,    0,   -4,    0,    0,    0,    0,    0,    0,    0,    0,    0,    0,    0,    0,    0,    0,    0,    0,    0,    0,
       0,    0,    0,    0,    0,    0,    0,    0,    0,    0,    0,    0,   -8,    0,    0,    0,    0,    0,    0,    0,    0,    0,    0,    0,    0,    5,    0,    0,    0,    0,    0,    0,    0,    0,    0,    0,    0,    0,    0,   -8,    0,    0,    0,    0,    0,    0,    0,    0,    0,    0,    0,    0,    0,    0,    0,    0,    0,    0,    0,    0,    0,    0,    0,    0,    0,    0,    0,    0,    0,    0,    0,    0,    0,    0,    0,    0,    0,    0,    0,    0,    0,    0,    0,    0,    0,    0,    0,    0,    0,    0,   -3,    0,   -4,   -4,    0,    0,    0,    0,    0,    0,    0,    0,    0,    0,    0,    0,    0,    0,    0,    0,    0,    0,
       0,    0,    0,    0,    0,    0,    0,    0,    0,    0,    0,    0,    0,    0,    0,    0,    0,    0,    0,    0,    0,    0,    0,    0,    0,    0,    0,    0,    0,    0,    0,    0,    0,    0,    0,    0,    0,    0,    0,    0,    0,    0,    0,    0,    0,    0,    0,    0,    0,    0,    0,    0,    0,    0,    0,    0,    0,    0,    0,    0,    0,    0,    0,    0,    0,    0,    0,    0,    0,    0,    0,    0,    0,    0,    0,    0,    0,    0,    0,    0,    0,    0,    0,    0,    0,    0,    0,    0,    0,    0,    0,   -3,   -4,   -5,   -4,    0,    0,    0,    0,    0,    0,    0,    0,    0,    0,    0,    0,    0,    0,    0,    0,    0,
       0,    0,    0,    0,    0,    0,    0,    0,    0,    0,    0,    0,   -8,    0,    0,    0,    0,    0,    0,    0,    0,    0,    0,    0,    0,    0,    0,    0,    0,    0,    0,    0,    0,    0,    0,    0,    0,    0,    0,   -8,    0,    0,    0,    0,    0,    0,    0,    0,    0,    0,    0,    0,    0,    0,    0,    0,    0,    0,    0,    0,    0,    0,    0,    0,    0,    0,    0,    0,    0,    0,    0,    0,    0,    0,    0,    0,    0,    0,    0,    0,    0,    0,    0,    0,    0,    0,    0,    0,    0,    0,    0,    0,    0,    0,    0,    0,    0,    0,    0,    0,    0,    0,    0,    0,    0,    0,    0,    0,    0,    0,    0,    0,
       0,    0,    0,    0,    0,    0,    0,    0,    0,    5,    0,    5,    0,    0,    0,    0,    0,    0,    0,    0,    0,    0,    0,    5,    0,    0,    0,    0,    0,    0,    0,    0,    0,    0,    0,    0,    0,    0,    0,    0,    0,    0,    0,    0,    0,    0,    0,    0,    0,    0,    0,    0,    0,    0,    0,    0,    0,    0,    0,    0,    0,    0,    0,    0,    0,    0,    0,    0,    0,    0,    0,    0,    0,    0,    0,    0,    0,    0,    0,    0,    0,    0,    0,    0,    0,    0,    0,    0,    0,    0,    0,    0,    0,   -3,    0,    0,    0,    0,    0,    0,    0,    0,    0,    0,    0,    0,    0,    0,    0,    0,    0,    0,
       0,   -7,    0,    0,    0,    0,    0,    0,    0,  -15,    0,  -15,  -15,    0,    0,    0,    0,    0,    0,    0,    0,    0,    0,    0,    0,    0,    0,    0,    0,    0,    0,    0,    0,    0,    0,    0,    0,    0,    0,  -11,    0,  -40,    0,    0,    0,    0,    0,    0,    0,    0,    0,    0,    0,    0,    0,    0,    0,    0,    0,    0,    0,    0,    0,    0,    0,    0,    0,    0,    0,    0,    0,    0,    0,    0,    0,    0,    0,    0,    0,    0,    0,    0,    0,    0,    0,    0,    0,    0,    0,    0,    0,    0,    0,    0,    0,    0,    0,    0,    0,    0,    0,    0,    0,    0,    0,    0,    0,    0,    0,    0,    0,    0,
       0,   -7,    0,    0,    0,    0,    0,    0,    0,    0,    0,    0,  -12,    0,    0,    0,    0,    0,    0,    0,    0,    0,    0,    0,    0,    0,    0,    0,    0,    0,    0,    0,    0,    0,    0,    0,    0,    0,    0,    0,    0,    0,    0,    0,    0,    0,    0,    0,    0,    0,    0,    0,    0,    0,    0,    0,    0,    0,    0,    0,    0,    0,    0,    0,    0,    0,    0,    0,    0,    0,    0,    0,    0,    0,    0,    0,    0,    0,    0,    0,    0,    0,    0,    0,    0,    0,    0,   -8,    0,    0,    0,    0,    0,    0,    0,    0,    0,    0,    0,    0,    0,    0,    0,    0,    0,    0,    0,    0,    0,    0,    0,    0,
       0,    0,    0,    0,    0,    0,    0,    0,    0,    0,    0,    0,    0,    0,    0,    0,    0,    0,    0,    0,    0,    0,    0,    0,    0,    0,    0,    0,    0,    0,    0,    0,    0,    0,    0,    0,    0,    0,    0,   -7,    0,    0,    0,    0,    0,    0,    0,    0,    0,    0,    0,    0,    0,    0,    0,    0,    0,    0,    0,    0,    0,    0,    0,    0,    0,    0,    0,    0,    0,    0,    0,    0,    0,    0,    0,    0,    0,    0,    0,    0,    0,    0,    0,    0,    0,    0,    0,    0,    0,    0,    0,    0,    0,    0,    0,    0,    0,    0,    0,    0,    0,    0,    0,    0,    0,    0,    0,    0,    0,    0,    0,    0,
       0,    4,    0,    0,    0,    0,    0,    0,    0,    0,    0,    0,   -4,    0,    0,    0,    0,    0,    0,    0,    0,    0,    0,    0,    0,   10,    0,    0,    0,    0,    0,    0,    0,    0,    0,    0,    0,    0,    0,    0,    0,    0,    0,    0,    0,    0,    0,    0,    0,    0,    0,    0,    0,    0,    0,    0,    0,    0,    0,    0,    0,    0,    0,    0,    0,    0,    0,    0,    0,    0,    0,    0,    0,    0,    0,    0,    0,    0,    0,    0,    0,    0,    0,    0,    0,    0,    0,    0,    3,    0,    0,    8,    0,   -3,    0,    0,    0,    0,    0,    0,    0,    0,    0,    0,    0,    0,    0,    0,    0,    0,    0,    0,
       0,    0,    0,    0,    0,    0,    0,    0,    0,    0,    0,    0,   -8,    0,    0,    0,    0,    0,    0,    0,    0,    0,    0,    0,    0,    0,    0,    0,    0,    0,    0,    0,    0,    0,    0,    0,    0,    0,    0,    0,    0,    0,    0,    0,    0,    0,    0,    0,    0,    0,    0,    0,    0,    0,    0,    0,    0,    0,    0,    0,    0,    0,    0,    0,    0,    0,    0,    0,    0,    0,    0,    0,    0,    0,    0,    0,    0,    0,    0,    0,    0,    0,    0,    0,    0,    0,    0,    0,    0,    0,    0,    0,   -4,    0,    0,    0,    0,    0,    0,    0,    0,    0,    0,    0,    0,    0,    0,    0,    0,    0,    0,    0,
       0,    0,    0,    0,    0,    0,    0,    0,    0,    0,    0,    0,    0,    0,    0,    0,    0,    0,    0,    0,    0,    0,    0,    0,    0,    0,    0,    0,    0,    0,    0,    0,    0,    0,    0,    0,    0,    0,    0,    0,    0,    0,    0,    0,    0,    0,    0,    0,    0,    0,    0,    0,    0,    0,    0,    0,    0,    0,    0,    0,    0,    0,    0,    0,    0,    0,    0,    0,    0,    0,    0,    0,    0,    0,    0,    0,    0,    0,    0,    0,    0,    0,    0,    0,    0,    0,    0,    0,    0,    0,    0,    0,    0,    0,    0,    0,    0,    0,   11,    0,    0,    0,    0,    0,    0,    0,    0,    0,    0,    0,    0,    0,
       0,    0,    0,    0,    0,    0,    0,    0,    0,    0,    0,    0,    0,    0,    0,    0,    0,    0,    0,    0,    0,    0,    0,    0,    0,    0,    0,    0,    0,    0,    0,    0,    0,    0,    0,    0,    0,    0,    0,    0,    0,    0,    0,    0,    0,    0,    0,    0,    0,    0,    0,    0,    0,    0,    0,    0,    0,    0,    0,    0,    0,    0,    0,    0,    0,    0,    0,    0,    0,    0,    0,    0,    0,    0,    0,    0,    0,    0,    0,    0,    0,    0,    0,    0,    0,    0,    0,    0,    0,    0,    0,    0,    0,    0,    0,    0,    0,  -12,    0,    0,    0,    0,   -4,  -12,  -31,    0,    0,    0,    0,    0,    0,    0,
       0,    0,    0,    0,    0,    0,    0,    0,    0,    0,    0,    0,    0,    0,    0,    0,    0,    0,    0,    0,    0,    0,    0,    0,    0,    0,    0,    0,    0,    0,    0,    0,    0,    0,    0,    0,    0,    0,    0,    0,    0,    0,    0,    0,    0,    0,    0,    0,    0,    0,    0,    0,    0,    0,    0,    0,    0,    0,    0,    0,    0,    0,    0,    0,    0,    0,    0,    0,    0,    0,    0,    0,    0,    0,    0,    0,    0,    0,    0,    0,    0,    0,    0,    0,    0,    0,    0,    0,    0,    0,    0,    0,    0,    0,    0,    0,    0,    0,    0,    0,   13,    0,    0,    0,    0,    0,    0,    0,    0,    0,    0,    0,
       0,    0,    0,    0,    0,    0,    0,    0,    0,    0,    0,    0,    0,    0,    0,    0,    0,    0,    0,    0,    0,    0,    0,    0,    0,    0,    0,    0,    0,    0,    0,    0,    0,    0,    0,    0,    0,    0,    0,    0,    0,    0,    0,    0,    0,    0,    0,    0,    0,    0,    0,    0,    0,    0,    0,    0,    0,    0,    0,    0,    0,    0,    0,    0,    0,    0,    0,    0,    0,    0,    0,    0,    0,    0,    0,    0,    0,    0,    0,    0,    0,    0,    0,    0,    0,    0,    0,    0,    0,    0,    0,    0,    0,    0,    0,    0,    0,    0,    0,    0,    0,    0,    0,    0,  -14,    0,    0,    0,    0,    0,    0,    0,
       0,    0,    0,    0,    0,    0,    0,    0,    0,    0,    0,    0,    0,    0,    0,    0,    0,    0,    0,    0,    0,    0,    0,    0,    0,    0,    0,    0,    0,    0,    0,    0,    0,    0,    0,    0,    0,    0,    0,    0,    0,    0,    0,    0,    0,    0,    0,    0,    0,    0,    0,    0,    0,    0,    0,    0,    0,    0,    0,    0,    0,    0,    0,    0,    0,    0,    0,    0,    0,    0,    0,    0,    0,    0,    0,    0,    0,    0,    0,    0,    0,    0,    0,    0,    0,    0,    0,    0,    0,    0,    0,    0,    0,    0,    0,    0,    0,    0,    0,    0,    0,    0,    0,    0,  -23,    0,    0,    0,    0,    0,    0,    0,
       0,    0,    0,    0,    0,    0,    0,    0,    0,    0,    0,    0,    0,    0,    0,    0,    0,    0,    0,    0,    0,    0,    0,    0,    0,    0,    0,    0,    0,    0,    0,    0,    0,    0,    0,    0,    0,    0,    0,    0,    0,    0,    0,    0,    0,    0,    0,    0,    0,    0,    0,    0,    0,    0,    0,    0,    0,    0,    0,    0,    0,    0,    0,    0,    0,    0,    0,    0,    0,    0,    0,    0,    0,    0,    0,    0,    0,    0,    0,    0,    0,    0,    0,    0,    0,    0,    0,    0,    0,    0,    0,    0,    0,    0,    0,    0,    0,  -25,  -19,  -11,    0,  -19,  -33,  -13,  -41,    0,    0,    0,    0,    0,    0,    0,
       0,    0,    0,    0,    0,    0,    0,    0,    0,    0,    0,    0,    0,    0,    0,    0,    0,    0,    0,    0,    0,    0,    0,    0,    0,    0,    0,    0,    0,    0,    0,    0,    0,    0,    0,    0,    0,    0,    0,    0,    0,    0,    0,    0,    0,    0,    0,    0,    0,    0,    0,    0,    0,    0,    0,    0,    0,    0,    0,    0,    0,    0,    0,    0,    0,    0,    0,    0,    0,    0,    0,    0,    0,    0,    0,    0,    0,    0,    0,    0,    0,    0,    0,    0,    0,    0,    0,    0,    0,    0,    0,    0,    0,    0,    0,    0,    0,    0,    0,    0,    0,    0,    0,    0,    0,    0,  -16,    0,    0,  -11,  -11,    0,
       0,    0,    0,    0,    0,    0,    0,    0,    0,    0,    0,    0,    0,    0,    0,    0,    0,    0,    0,    0,    0,    0,    0,    0,    0,    0,    0,    0,    0,    0,    0,    0,    0,    0,    0,    0,    0,    0,    0,    0,    0,    0,    0,    0,    0,    0,    0,    0,    0,    0,    0,    0,    0,    0,    0,    0,    0,    0,    0,    0,    0,    0,    0,    0,    0,    0,    0,    0,    0,    0,    0,    0,    0,    0,    0,    0,    0,    0,    0,    0,    0,    0,    0,    0,    0,    0,    0,    0,    0,    0,    0,    0,    0,    0,    0,    0,    0,    0,    0,    0,    0,    0,    0,    0,    0,   -4,    0,    0,    0,    0,   -4,    0,
       0,    0,    0,    0,    0,    0,    0,    0,    0,    0,    0,    0,    0,    0,    0,    0,    0,    0,    0,    0,    0,    0,    0,    0,    0,    0,    0,    0,    0,    0,    0,    0,    0,    0,    0,    0,    0,    0,    0,    0,    0,    0,    0,    0,    0,    0,    0,    0,    0,    0,    0,    0,    0,    0,    0,    0,    0,    0,    0,    0,    0,    0,    0,    0,    0,    0,    0,    0,    0,    0,    0,    0,    0,    0,    0,    0,    0,    0,    0,    0,    0,    0,    0,    0,    0,    0,    0,    0,    0,    0,    0,    0,    0,    0,    0,    0,    0,    0,    0,    0,    0,    0,    0,    0,    0,    0,   -4,    0,    0,   -4,    0,    0,
       0,    0,    0,    0,    0,    0,    0,    0,    0,    0,    0,    0,    0,    0,    0,    0,    0,    0,    0,    0,    0,    0,    0,    0,    0,    0,    0,    0,    0,    0,    0,    0,    0,    0,    0,    0,    0,    0,    0,    0,    0,    0,    0,    0,    0,    0,    0,    0,    0,    0,    0,    0,    0,    0,    0,    0,    0,    0,    0,    0,    0,    0,    0,    0,    0,    0,    0,    0,    0,    0,    0,    0,    0,    0,    0,    0,    0,    0,    0,    0,    0,    0,    0,    0,    0,    0,    0,    0,    0,    0,    0,    0,    0,    0,    0,    0,    0,    0,    0,    0,    0,    0,    0,    0,    0,    0,   -4,    0,    0,   -8,    0,    0,
       0,    0,    0,    0,    0,    0,    0,    0,    0,    0,    0,    0,    0,    0,    0,    0,    0,    0,    0,    0,    0,    0,    0,    0,    0,    0,    0,    0,    0,    0,    0,    0,    0,    0,    0,    0,    0,    0,    0,    0,    0,    0,    0,    0,    0,    0,    0,    0,    0,    0,    0,    0,    0,    0,    0,    0,    0,    0,    0,    0,    0,    0,    0,    0,    0,    0,    0,    0,    0,    0,    0,    0,    0,    0,    0,    0,    0,    0,    0,    0,    0,    0,    0,    0,    0,    0,    0,    0,    0,    0,    0,    0,    0,    0,    0,    0,    0,    0,    0,    0,    0,    0,    0,    0,    0,  -23,    0,    0,  -11,    0,  -12,    0,
       0,    0,    0,    0,    0,    0,    0,    0,    0,    0,    0,    0,    0,    0,    0,    0,    0,    0,    0,    0,    0,    0,    0,    0,    0,    0,    0,    0,    0,    0,    0,    0,    0,    0,    0,    0,    0,    0,    0,    0,    0,    0,    0,    0,    0,    0,    0,    0,    0,    0,    0,    0,    0,    0,    0,    0,    0,    0,    0,    0,    0,    0,    0,    0,    0,    0,    0,    0,    0,    0,    0,    0,    0,    0,    0,    0,    0,    0,    0,    0,    0,    0,    0,    0,    0,    0,    0,    0,    0,    0,    0,    0,    0,    0,    0,    0,    0,    0,    0,    0,    0,    0,    0,    0,    0,  -11,    0,    0,    0,    0,   -8,   -7,
       0,    0,    0,    0,    0,    0,    0,    0,    0,    0,    0,    0,    0,    0,    0,    0,    0,    0,    0,    0,    0,    0,    0,    0,    0,    0,    0,    0,    0,    0,    0,    0,    0,    0,    0,    0,    0,    0,    0,    0,    0,    0,    0,    0,    0,    0,    0,    0,    0,    0,    0,    0,    0,    0,    0,    0,    0,    0,    0,    0,    0,    0,    0,    0,    0,    0,    0,    0,    0,    0,    0,    0,    0,    0,    0,    0,    0,    0,    0,    0,    0,    0,    0,    0,    0,    0,    0,    0,    0,    0,    0,    0,    0,    0,    0,    0,    0,    0,    0,    0,    0,    0,    0,    0,    0,  -11,  -17,    8,    0,  -11,    0,    0,
       0,    0,    0,    0,    0,    0,    0,    0,    0,    0,    0,    0,    0,    0,    0,    0,    0,    0,    0,    0,    0,    0,    0,    0,    0,    0,    0,    0,    0,    0,    0,    0,    0,    0,    0,    0,    0,    0,    0,    0,    0,    0,    0,    0,    0,    0,    0,    0,    0,    0,    0,    0,    0,    0,    0,    0,    0,    0,    0,    0,    0,    0,    0,    0,    0,    0,    0,    0,    0,    0,    0,    0,    0,    0,    0,    0,    0,    0,    0,    0,    0,    0,    0,    0,    0,    0,    0,    0,    0,    0,    0,    0,    0,    0,    0,    0,    0,    0,    0,    0,    0,    0,    0,    0,    0,  -11,    0,    0,    0,    0,    0,    0,
       0,    0,    0,    0,    0,    0,    0,    0,    0,    0,    0,    0,    0,    0,    0,    0,    0,    0,    0,    0,    0,    0,    0,    0,    0,    0,    0,    0,    0,    0,    0,    0,    0,    0,    0,    0,    0,    0,    0,    0,    0,    0,    0,    0,    0,    0,    0,    0,    0,    0,    0,    0,    0,    0,    0,    0,    0,    0,    0,    0,    0,    0,    0,    0,    0,    0,    0,    0,    0,    0,    0,    0,    0,    0,    0,    0,    0,    0,    0,    0,    0,    0,    0,    0,    0,    0,    0,    0,    0,    0,    0,    0,    0,    0,    0,    0,    0,    0,    0,    0,    0,    0,    0,    0,    0,   -8,   -4,    0,    0,  -13,    0,    0,
       0,    5,    0,   -4,    0,   -5,    5,    5,   -8,  -13,   -8,  -13,  -13,    0,   -9,    0,    0,    0,    0,    0,    6,    0,    0,    0,    0,    1,   -5,   -9,    0,   -4,    0,    0,    5,    2,    8,    5,    5,    5,    0,    0,    8,  -21,   -8,    0,   -5,    0,   -4,    0,    0,    0,   -4,   -3,    0,    0,   -4,    0,    0,   -4,   -3,    0,    5,    0,   -5,    0,   -5,    0,  -16,    0,    0,    0,    0,    0,    0,    0,    0,    0,    5,    0,    0,    0,    0,    0,    0,    0,    0,    0,    0,    0,    0,    0,    0,    0,    0,    0,    0,    0,    0,    0,    0,    0,    0,    0,    0,    0,    0,    0,    0,    0,    0,    0,    0,    0,
       0,    0,    0,    0,    0,    0,    0,    0,    0,   -8,    0,   -8,  -11,    0,    0,    0,    0,    0,    0,    0,    0,    0,    0,    5,    0,    0,    0,    0,    0,    0,    0,    0,    0,    0,    0,    0,    0,    0,    0,   -8,    0,  -12,    0,    0,    0,    0,    0,    0,    0,    0,    0,    0,    0,    0,    0,    0,    0,    0,    0,    0,    0,    0,    0,    0,    0,    0,    0,    0,    0,    0,    0,    0,    0,    0,    0,    0,    0,    0,    0,    0,    0,    0,    0,    0,    0,    0,    0,    0,    0,    0,   -4,    0,   -5,   -1,    0,    0,    0,    0,    0,    0,    0,    0,    0,    0,    0,    0,    0,    0,    0,    0,    0,    0,
       0,    0,    0,    0,    0,    0,    0,    0,    0,   -8,    0,   -8,  -11,    0,    0,    0,    0,    0,    0,    0,    0,    0,    0,    5,    0,    0,    0,    0,    0,    0,    0,    0,    0,    0,    0,    0,    0,    0,    0,   -8,    0,  -12,    0,    0,    0,    0,    0,    0,    0,    0,    0,    0,    0,    0,    0,    0,    0,    0,    0,    0,    0,    0,    0,    0,    0,    0,    0,    0,    0,    0,    0,    0,    0,    0,    0,    0,    0,    0,    0,    0,    0,    0,    0,    0,    0,    0,    0,    0,    0,    0,   -4,    0,   -5,    0,    0,    0,    0,    0,    0,    0,    0,    0,    0,    0,    0,    0,    0,    0,    0,    0,    0,    0,
};

static const EpdLigaturePair firago_12_mediumLigaturePairs[] = {
    { 0xFEDFFE82, 0xFEF5 }, // U+FEDF U+FE82 -> U+FEF5
    { 0xFEDFFE84, 0xFEF7 }, // U+FEDF U+FE84 -> U+FEF7
    { 0xFEDFFE88, 0xFEF9 }, // U+FEDF U+FE88 -> U+FEF9
    { 0xFEDFFE8E, 0xFEFB }, // U+FEDF U+FE8E -> U+FEFB
    { 0xFEE0FE82, 0xFEF6 }, // U+FEE0 U+FE82 -> U+FEF6
    { 0xFEE0FE84, 0xFEF8 }, // U+FEE0 U+FE84 -> U+FEF8
    { 0xFEE0FE88, 0xFEFA }, // U+FEE0 U+FE88 -> U+FEFA
    { 0xFEE0FE8E, 0xFEFC }, // U+FEE0 U+FE8E -> U+FEFC
};

static const EpdFontData firago_12_medium = {
    firago_12_mediumBitmaps,
    firago_12_mediumGlyphs,
    firago_12_mediumIntervals,
    200,
    30,
    24,
    -7,
    false,
    nullptr,
    0,
    nullptr,
    firago_12_mediumKernLeftClasses,
    firago_12_mediumKernRightClasses,
    firago_12_mediumKernMatrix,
    503,
    569,
    132,
    112,
    firago_12_mediumLigaturePairs,
    8,
};
