/**
 * generated by fontconvert.py
 * name: ui_16_medium
 * size: 16
 * mode: 1-bit
 * Generated by scripts/build_ui_fonts.py
 */
#pragma once
#include "EpdFontData.h"

static const uint8_t ui_16_mediumBitmaps[62681] = {
    0xF7, 0xBD, 0xEF, 0x7B, 0xDE, 0xF7, 0xBD, 0xEF, 0x7B, 0xDE, 0x00, 0x00, 0xEF, 0xFF, 0xEE, 0xF3,
    0xFC, 0xFF, 0x3F, 0xCF, 0xF3, 0xFC, 0xFF, 0x3F, 0xCF, 0xF3, 0xC0, 0x01, 0xC1, 0xC0, 0x1E, 0x0E,
    0x00, 0xE0, 0x70, 0x07, 0x03, 0x80, 0x38, 0x1C, 0x01, 0xC1, 0xC0, 0xFF, 0xFF, 0xE7, 0xFF, 0xFF,
    0x3F, 0xFF, 0xF0, 0x38, 0x1C, 0x01, 0xC0, 0xE0, 0x0E, 0x0E, 0x00, 0x70, 0x70, 0x03, 0x83, 0x80,
    0x38, 0x1C, 0x0F, 0xFF, 0xFC, 0x7F, 0xFF, 0xE7, 0xFF, 0xFF, 0x03, 0x83, 0x80, 0x1C, 0x1C, 0x01,
    0xC0, 0xE0, 0x0E, 0x07, 0x00, 0x70, 0x38, 0x03, 0x83, 0x80, 0x00, 0xC0, 0x00, 0x18, 0x00, 0x03,
    0x00, 0x00, 0x60, 0x00, 0x3F, 0xC0, 0x1F, 0xFE, 0x07, 0xFF, 0xE1, 0xF6, 0x7E, 0x78, 0xC3, 0xCF,
    0x18, 0x79, 0xE3, 0x07, 0x3C, 0x60, 0x07, 0xCC, 0x00, 0x7F, 0x80, 0x0F, 0xFC, 0x00, 0x7F, 0xF0,
    0x03, 0xFF, 0x00, 0x1F, 0xF0, 0x03, 0x3F, 0x00, 0x61, 0xF0, 0x0C, 0x1F, 0xE1, 0x83, 0xDC, 0x30,
    0x7B, 0xC6, 0x1E, 0x7E, 0xCF, 0xC7, 0xFF, 0xF0, 0x7F, 0xFC, 0x03, 0xFE, 0x00, 0x0C, 0x00, 0x01,
    0x80, 0x00, 0x30, 0x00, 0x3F, 0x00, 0x1C, 0x1F, 0xE0, 0x07, 0x0F, 0xFC, 0x03, 0x83, 0xCF, 0x01,
    0xC0, 0xE1, 0xC0, 0x70, 0x38, 0x70, 0x38, 0x0E, 0x1C, 0x1C, 0x03, 0xCF, 0x0F, 0x00, 0xFF, 0xC3,
    0x80, 0x1F, 0xE1, 0xC0, 0x03, 0xF0, 0xF0, 0x00, 0x00, 0x38, 0x00, 0x00, 0x1C, 0x00, 0x00, 0x0E,
    0x0F, 0xC0, 0x03, 0x87, 0xF8, 0x01, 0xC3, 0xCF, 0x00, 0xE0, 0xE1, 0xC0, 0x38, 0x38, 0x70, 0x1C,
    0x0E, 0x1C, 0x0E, 0x03, 0x87, 0x07, 0x80, 0xF3, 0xC1, 0xC0, 0x3F, 0xF0, 0xE0, 0x07, 0xF8, 0x78,
    0x00, 0xFC, 0x07, 0xE0, 0x00, 0x7F, 0xC0, 0x07, 0xFF, 0x00, 0x7C, 0x78, 0x03, 0xC1, 0xE0, 0x1E,
    0x0F, 0x00, 0xF0, 0x78, 0x07, 0x87, 0x80, 0x1E, 0xF8, 0x00, 0xFF, 0x80, 0x03, 0xF8, 0x00, 0x1F,
    0x80, 0x01, 0xFC, 0x00, 0x1F, 0xF0, 0xF1, 0xE7, 0xC7, 0x9E, 0x1F, 0x3C, 0xF0, 0x7F, 0xC7, 0x81,
    0xFE, 0x3C, 0x07, 0xE1, 0xE0, 0x3F, 0x07, 0xC3, 0xF8, 0x3F, 0xFF, 0xE0, 0xFF, 0xFF, 0x81, 0xFE,
    0x3E, 0xFF, 0xFF, 0xFF, 0xFF, 0xF0, 0x0E, 0x1E, 0x1E, 0x3C, 0x3C, 0x38, 0x78, 0x78, 0x78, 0x70,
    0xF0, 0xF0, 0xF0, 0xF0, 0xF0, 0xF0, 0xF0, 0xF0, 0xF0, 0xF0, 0xF0, 0x70, 0x78, 0x78, 0x78, 0x3C,
    0x3C, 0x1E, 0x1E, 0x0E, 0xF0, 0x70, 0x78, 0x78, 0x3C, 0x3C, 0x3C, 0x1E, 0x1E, 0x1E, 0x1E, 0x0E,
    0x0F, 0x0F, 0x0F, 0x0F, 0x0F, 0x0F, 0x0F, 0x0E, 0x1E, 0x1E, 0x1E, 0x1E, 0x3C, 0x3C, 0x78, 0x78,
    0x70, 0xF0, 0x03, 0x00, 0x0C, 0x02, 0x31, 0x9C, 0xCE, 0x7F, 0xF8, 0x7F, 0x80, 0xFC, 0x07, 0xF8,
    0x7F, 0xF9, 0xCC, 0xE2, 0x31, 0x80, 0xC0, 0x03, 0x00, 0x01, 0xC0, 0x00, 0xF0, 0x00, 0x78, 0x00,
    0x3C, 0x00, 0x1E, 0x00, 0x0F, 0x00, 0x07, 0x81, 0xFF, 0xFF, 0xFF, 0xFF, 0xFF, 0xFF, 0xC0, 0x78,
    0x00, 0x3C, 0x00, 0x1E, 0x00, 0x0F, 0x00, 0x07, 0x80, 0x03, 0xC0, 0x01, 0xC0, 0x00, 0x3C, 0x78,
    0xF1, 0xC7, 0x8F, 0x1C, 0x38, 0x70, 0xFF, 0xFF, 0xFF, 0xFF, 0x80, 0x77, 0xFF, 0xF7, 0x00, 0x00,
    0x60, 0x0E, 0x00, 0xE0, 0x1E, 0x01, 0xE0, 0x1C, 0x01, 0xC0, 0x3C, 0x03, 0xC0, 0x38, 0x03, 0x80,
    0x78, 0x07, 0x00, 0x70, 0x0F, 0x00, 0xF0, 0x0E, 0x00, 0xE0, 0x1E, 0x01, 0xE0, 0x1C, 0x01, 0xC0,
    0x3C, 0x03, 0x80, 0x38, 0x07, 0x80, 0x78, 0x07, 0x00, 0x70, 0x00, 0x03, 0xF0, 0x03, 0xFF, 0x01,
    0xFF, 0xE0, 0xF8, 0x7C, 0x7C, 0x0F, 0x9E, 0x01, 0xE7, 0x80, 0x7B, 0xC0, 0x0F, 0xF0, 0x03, 0xFC,
    0x00, 0xFF, 0x00, 0x3F, 0xC0, 0x0F, 0xF0, 0x03, 0xFC, 0x00, 0xFF, 0x00, 0x3F, 0xC0, 0x0F, 0xF0,
    0x03, 0xDE, 0x01, 0xE7, 0x80, 0x79, 0xF0, 0x3E, 0x3E, 0x1F, 0x07, 0xFF, 0x80, 0xFF, 0xC0, 0x0F,
    0xC0, 0x07, 0xC7, 0xF3, 0xFF, 0xFF, 0xF3, 0xF8, 0xFC, 0x3C, 0x0F, 0x03, 0xC0, 0xF0, 0x3C, 0x0F,
    0x03, 0xC0, 0xF0, 0x3C, 0x0F, 0x03, 0xC0, 0xF0, 0x3C, 0x0F, 0x03, 0xC0, 0xF0, 0x3C, 0x0F, 0x0F,
    0xE0, 0x1F, 0xF8, 0x3F, 0xFC, 0x7C, 0x3E, 0xF8, 0x1E, 0xF0, 0x0F, 0xF0, 0x0F, 0x00, 0x0F, 0x00,
    0x0F, 0x00, 0x1E, 0x00, 0x3E, 0x00, 0x3C, 0x00, 0x78, 0x00, 0xF8, 0x01, 0xF0, 0x03, 0xE0, 0x07,
    0xC0, 0x0F, 0x80, 0x1F, 0x00, 0x3E, 0x00, 0x7C, 0x00, 0xFF, 0xFF, 0xFF, 0xFF, 0xFF, 0xFF, 0x03,
    0xF8, 0x03, 0xFF, 0x83, 0xFF, 0xF0, 0xF8, 0x7C, 0x78, 0x07, 0x9E, 0x01, 0xE0, 0x00, 0x78, 0x00,
    0x1E, 0x00, 0x07, 0x80, 0x07, 0xC0, 0x1F, 0xE0, 0x07, 0xF0, 0x01, 0xFF, 0x00, 0x07, 0xE0, 0x00,
    0x78, 0x00, 0x0F, 0x00, 0x03, 0xDC, 0x00, 0xFF, 0x80, 0x3D, 0xE0, 0x1E, 0x7E, 0x1F, 0x8F, 0xFF,
    0xC1, 0xFF, 0xE0, 0x1F, 0xE0, 0x00, 0x1F, 0x00, 0x07, 0xE0, 0x01, 0xFC, 0x00, 0x3F, 0x80, 0x0F,
    0xF0, 0x03, 0xDE, 0x00, 0x73, 0xC0, 0x1E, 0x78, 0x07, 0x8F, 0x00, 0xF1, 0xE0, 0x3C, 0x3C, 0x0F,
    0x07, 0x81, 0xE0, 0xF0, 0x78, 0x1E, 0x0E, 0x03, 0xC3, 0xC0, 0x78, 0xFF, 0xFF, 0xFF, 0xFF, 0xFF,
    0xFF, 0xFF, 0x80, 0x07, 0x80, 0x00, 0xF0, 0x00, 0x1E, 0x00, 0x03, 0xC0, 0x00, 0x78, 0x7F, 0xFF,
    0x3F, 0xFF, 0x9F, 0xFF, 0x8F, 0x00, 0x07, 0x80, 0x03, 0xC0, 0x01, 0xE0, 0x00, 0xE0, 0x00, 0x73,
    0xF0, 0x3F, 0xFE, 0x3F, 0xFF, 0x9F, 0x87, 0xC3, 0x01, 0xF0, 0x00, 0x78, 0x00, 0x1E, 0x00, 0x0F,
    0x00, 0x07, 0xF8, 0x03, 0xFC, 0x03, 0xDF, 0x01, 0xE7, 0xC3, 0xE1, 0xFF, 0xF0, 0x7F, 0xE0, 0x0F,
    0xE0, 0x03, 0xF8, 0x03, 0xFF, 0x81, 0xFF, 0xF0, 0xF8, 0x7E, 0x3C, 0x07, 0x9E, 0x01, 0xE7, 0x80,
    0x03, 0xC0, 0x00, 0xF1, 0xF8, 0x3D, 0xFF, 0x8F, 0xFF, 0xF3, 0xF8, 0x7C, 0xFC, 0x0F, 0xBE, 0x01,
    0xEF, 0x00, 0x3F, 0xC0, 0x0F, 0xF0, 0x03, 0xFC, 0x00, 0xF7, 0x80, 0x79, 0xF0, 0x3E, 0x3E, 0x1F,
    0x07, 0xFF, 0xC0, 0xFF, 0xC0, 0x0F, 0xE0, 0xFF, 0xFF, 0xFF, 0xFF, 0xFF, 0xFF, 0x00, 0x0F, 0x00,
    0x1E, 0x00, 0x1E, 0x00, 0x3C, 0x00, 0x3C, 0x00, 0x78, 0x00, 0x78, 0x00, 0xF0, 0x00, 0xF0, 0x01,
    0xE0, 0x01, 0xE0, 0x03, 0xC0, 0x03, 0xC0, 0x07, 0x80, 0x07, 0x80, 0x0F, 0x00, 0x0F, 0x00, 0x1E,
    0x00, 0x1E, 0x00, 0x3C, 0x00, 0x3C, 0x00, 0x07, 0xF0, 0x0F, 0xFE, 0x0F, 0xFF, 0x87, 0xC3, 0xE7,
    0x80, 0xF3, 0xC0, 0x3D, 0xE0, 0x1E, 0xF0, 0x0F, 0x78, 0x0F, 0x1F, 0x0F, 0x87, 0xFF, 0x01, 0xFF,
    0x03, 0xFF, 0xE3, 0xE0, 0xF9, 0xE0, 0x3D, 0xE0, 0x0F, 0xF0, 0x07, 0xF8, 0x03, 0xFC, 0x01, 0xFF,
    0x01, 0xF7, 0xC1, 0xF1, 0xFF, 0xF0, 0x7F, 0xF0, 0x0F, 0xE0, 0x07, 0xF0, 0x07, 0xFF, 0x03, 0xFF,
    0xE1, 0xF0, 0x7C, 0x78, 0x0F, 0x3C, 0x01, 0xEF, 0x00, 0x7B, 0xC0, 0x1E, 0xF0, 0x07, 0xFC, 0x01,
    0xFF, 0x80, 0xFD, 0xF0, 0x7F, 0x3F, 0xFB, 0xC7, 0xFC, 0xF0, 0x7E, 0x3C, 0x00, 0x0E, 0x00, 0x07,
    0xBC, 0x01, 0xEF, 0x00, 0xF1, 0xE0, 0x3C, 0x7C, 0x3E, 0x0F, 0xFF, 0x81, 0xFF, 0x80, 0x1F, 0xC0,
    0x77, 0xFF, 0xF7, 0x00, 0x00, 0x00, 0x00, 0x07, 0x7F, 0xFF, 0x70, 0x39, 0xF7, 0xDF, 0x38, 0x00,
    0x00, 0x00, 0x00, 0x00, 0x00, 0x07, 0x9E, 0x79, 0xC7, 0x3C, 0xF3, 0x8E, 0x00, 0x00, 0x00, 0x00,
    0x03, 0x00, 0x0F, 0x00, 0x3F, 0x00, 0xFF, 0x03, 0xFC, 0x0F, 0xF0, 0x7F, 0x80, 0xFE, 0x00, 0xF8,
    0x00, 0xFC, 0x00, 0x7F, 0x80, 0x1F, 0xE0, 0x07, 0xF8, 0x01, 0xFF, 0x00, 0x7F, 0x00, 0x0F, 0x00,
    0x03, 0x00, 0x00, 0xFF, 0xFF, 0xFF, 0xFF, 0xFF, 0xF8, 0x00, 0x00, 0x00, 0x00, 0x00, 0x00, 0x00,
    0x7F, 0xFF, 0xFF, 0xFF, 0xFF, 0xFC, 0x00, 0x00, 0xC0, 0x00, 0xF0, 0x00, 0xFC, 0x00, 0xFF, 0x00,
    0x3F, 0xC0, 0x0F, 0xF0, 0x01, 0xFE, 0x00, 0x7F, 0x00, 0x1F, 0x00, 0x3F, 0x01, 0xFE, 0x07, 0xF8,
    0x1F, 0xE0, 0xFF, 0x80, 0xFE, 0x00, 0xF0, 0x00, 0xC0, 0x00, 0x00, 0x00, 0x0F, 0xE0, 0x7F, 0xE1,
    0xFF, 0xF3, 0xC3, 0xEF, 0x03, 0xFE, 0x03, 0xF8, 0x07, 0x80, 0x0F, 0x00, 0x3C, 0x00, 0xF8, 0x07,
    0xE0, 0x1F, 0x80, 0x7C, 0x00, 0xF0, 0x01, 0xE0, 0x03, 0xC0, 0x00, 0x00, 0x00, 0x00, 0x00, 0x00,
    0x38, 0x00, 0xF8, 0x01, 0xF0, 0x03, 0xE0, 0x03, 0x80, 0x00, 0x3F, 0xF0, 0x00, 0x03, 0xFF, 0xF0,
    0x00, 0x3F, 0xFF, 0xF0, 0x01, 0xFC, 0x0F, 0xE0, 0x0F, 0x80, 0x07, 0xC0, 0x7C, 0x00, 0x07, 0x83,
    0xE0, 0x00, 0x0F, 0x1F, 0x07, 0xCE, 0x3C, 0x78, 0x3F, 0xF8, 0x79, 0xE1, 0xFF, 0xE1, 0xEF, 0x0F,
    0x0F, 0x83, 0xBC, 0x38, 0x1E, 0x0F, 0xF1, 0xE0, 0x38, 0x3F, 0xC7, 0x00, 0xE0, 0xFF, 0x1C, 0x03,
    0x83, 0xFC, 0x70, 0x0E, 0x0F, 0xF1, 0xC0, 0x38, 0x3F, 0xC7, 0x80, 0xE0, 0xEF, 0x0E, 0x07, 0x87,
    0xBC, 0x3C, 0x3F, 0x3E, 0x78, 0x7F, 0xFF, 0xF1, 0xE1, 0xFF, 0x7F, 0x87, 0xC1, 0xF0, 0xFC, 0x0F,
    0x00, 0x00, 0x00, 0x1E, 0x00, 0x00, 0x00, 0x7E, 0x00, 0x00, 0x00, 0xFF, 0x01, 0xC0, 0x00, 0xFF,
    0xFF, 0x00, 0x01, 0xFF, 0xFC, 0x00, 0x00, 0xFF, 0xC0, 0x00, 0x00, 0x7C, 0x00, 0x01, 0xF8, 0x00,
    0x03, 0xF8, 0x00, 0x07, 0xF0, 0x00, 0x1E, 0xF0, 0x00, 0x3D, 0xE0, 0x00, 0x73, 0xC0, 0x01, 0xE3,
    0xC0, 0x03, 0xC7, 0x80, 0x0F, 0x8F, 0x00, 0x1E, 0x0F, 0x00, 0x3C, 0x1E, 0x00, 0xF8, 0x3E, 0x01,
    0xE0, 0x3C, 0x03, 0xC0, 0x78, 0x0F, 0xFF, 0xF8, 0x1F, 0xFF, 0xF0, 0x3F, 0xFF, 0xE0, 0xF0, 0x01,
    0xE1, 0xE0, 0x03, 0xC7, 0xC0, 0x07, 0xCF, 0x00, 0x07, 0x9E, 0x00, 0x0F, 0x7C, 0x00, 0x1F, 0xFF,
    0xF8, 0x3F, 0xFF, 0x8F, 0xFF, 0xF3, 0xC0, 0x7C, 0xF0, 0x0F, 0xBC, 0x01, 0xEF, 0x00, 0x7B, 0xC0,
    0x1E, 0xF0, 0x0F, 0x3C, 0x07, 0xCF, 0xFF, 0xC3, 0xFF, 0xF0, 0xFF, 0xFF, 0x3C, 0x07, 0xEF, 0x00,
    0x7B, 0xC0, 0x1F, 0xF0, 0x03, 0xFC, 0x00, 0xFF, 0x00, 0x3F, 0xC0, 0x1E, 0xF0, 0x0F, 0xBF, 0xFF,
    0xCF, 0xFF, 0xE3, 0xFF, 0xE0, 0x01, 0xFE, 0x00, 0x3F, 0xFC, 0x03, 0xFF, 0xF0, 0x3E, 0x0F, 0xC3,
    0xE0, 0x1F, 0x3E, 0x00, 0x79, 0xE0, 0x01, 0xEF, 0x00, 0x0F, 0xF0, 0x00, 0x07, 0x80, 0x00, 0x3C,
    0x00, 0x01, 0xE0, 0x00, 0x0F, 0x00, 0x00, 0x78, 0x00, 0x03, 0xC0, 0x00, 0x1E, 0x00, 0x00, 0x78,
    0x00, 0x7B, 0xC0, 0x03, 0xDF, 0x00, 0x3C, 0x7C, 0x03, 0xE1, 0xF0, 0x7E, 0x07, 0xFF, 0xE0, 0x1F,
    0xFE, 0x00, 0x3F, 0xC0, 0xFF, 0xF0, 0x0F, 0xFF, 0xE0, 0xFF, 0xFF, 0x0F, 0x01, 0xF8, 0xF0, 0x07,
    0xCF, 0x00, 0x3C, 0xF0, 0x01, 0xEF, 0x00, 0x1E, 0xF0, 0x01, 0xEF, 0x00, 0x0F, 0xF0, 0x00, 0xFF,
    0x00, 0x0F, 0xF0, 0x00, 0xFF, 0x00, 0x0F, 0xF0, 0x00, 0xFF, 0x00, 0x1E, 0xF0, 0x01, 0xEF, 0x00,
    0x1E, 0xF0, 0x03, 0xCF, 0x00, 0x7C, 0xF0, 0x1F, 0x8F, 0xFF, 0xF0, 0xFF, 0xFE, 0x0F, 0xFF, 0x00,
    0xFF, 0xFF, 0xFF, 0xFF, 0xFF, 0xFF, 0xF0, 0x00, 0xF0, 0x00, 0xF0, 0x00, 0xF0, 0x00, 0xF0, 0x00,
    0xF0, 0x00, 0xF0, 0x00, 0xFF, 0xFE, 0xFF, 0xFE, 0xFF, 0xFE, 0xF0, 0x00, 0xF0, 0x00, 0xF0, 0x00,
    0xF0, 0x00, 0xF0, 0x00, 0xF0, 0x00, 0xF0, 0x00, 0xF0, 0x00, 0xFF, 0xFF, 0xFF, 0xFF, 0xFF, 0xFF,
    0xFF, 0xFF, 0xFF, 0xFF, 0xFF, 0xFF, 0x80, 0x0F, 0x00, 0x1E, 0x00, 0x3C, 0x00, 0x78, 0x00, 0xF0,
    0x01, 0xE0, 0x03, 0xC0, 0x07, 0xFF, 0xEF, 0xFF, 0xDF, 0xFF, 0xBC, 0x00, 0x78, 0x00, 0xF0, 0x01,
    0xE0, 0x03, 0xC0, 0x07, 0x80, 0x0F, 0x00, 0x1E, 0x00, 0x3C, 0x00, 0x78, 0x00, 0x01, 0xFE, 0x00,
    0x3F, 0xFC, 0x03, 0xFF, 0xF0, 0x3E, 0x0F, 0xC3, 0xE0, 0x1F, 0x3E, 0x00, 0x79, 0xE0, 0x01, 0xEF,
    0x00, 0x00, 0xF0, 0x00, 0x07, 0x80, 0x00, 0x3C, 0x00, 0x01, 0xE0, 0x3F, 0xFF, 0x01, 0xFF, 0xF8,
    0x0F, 0xFF, 0xC0, 0x01, 0xFE, 0x00, 0x0F, 0x78, 0x00, 0x7B, 0xC0, 0x03, 0xDF, 0x00, 0x3C, 0x7C,
    0x03, 0xE1, 0xF0, 0x7E, 0x07, 0xFF, 0xE0, 0x1F, 0xFE, 0x00, 0x3F, 0xC0, 0xF0, 0x00, 0xFF, 0x00,
    0x0F, 0xF0, 0x00, 0xFF, 0x00, 0x0F, 0xF0, 0x00, 0xFF, 0x00, 0x0F, 0xF0, 0x00, 0xFF, 0x00, 0x0F,
    0xF0, 0x00, 0xFF, 0x00, 0x0F, 0xFF, 0xFF, 0xFF, 0xFF, 0xFF, 0xFF, 0xFF, 0xFF, 0x00, 0x0F, 0xF0,
    0x00, 0xFF, 0x00, 0x0F, 0xF0, 0x00, 0xFF, 0x00, 0x0F, 0xF0, 0x00, 0xFF, 0x00, 0x0F, 0xF0, 0x00,
    0xFF, 0x00, 0x0F, 0xF0, 0x00, 0xFF, 0x00, 0x0F, 0xFF, 0xFF, 0xFF, 0xFF, 0xFF, 0xFF, 0xFF, 0xFF,
    0xFF, 0xFF, 0xFF, 0xFF, 0x00, 0x1E, 0x00, 0x3C, 0x00, 0x78, 0x00, 0xF0, 0x01, 0xE0, 0x03, 0xC0,
    0x07, 0x80, 0x0F, 0x00, 0x1E, 0x00, 0x3C, 0x00, 0x78, 0x00, 0xF0, 0x01, 0xE0, 0x03, 0xC0, 0x07,
    0xF0, 0x0F, 0xF0, 0x1F, 0xE0, 0x3F, 0xC0, 0x7F, 0x80, 0xF7, 0xC7, 0xCF, 0xFF, 0x8F, 0xFE, 0x07,
    0xF0, 0xF0, 0x03, 0xEF, 0x00, 0x7C, 0xF0, 0x0F, 0x8F, 0x01, 0xF0, 0xF0, 0x3E, 0x0F, 0x07, 0xC0,
    0xF0, 0xF8, 0x0F, 0x0F, 0x00, 0xF1, 0xF0, 0x0F, 0x3E, 0x00, 0xF7, 0xC0, 0x0F, 0xFE, 0x00, 0xFF,
    0xE0, 0x0F, 0xFF, 0x00, 0xFC, 0xF8, 0x0F, 0x87, 0x80, 0xF0, 0x7C, 0x0F, 0x03, 0xE0, 0xF0, 0x1E,
    0x0F, 0x00, 0xF0, 0xF0, 0x0F, 0x8F, 0x00, 0x7C, 0xF0, 0x03, 0xCF, 0x00, 0x3E, 0xF0, 0x01, 0xE0,
    0x03, 0xC0, 0x07, 0x80, 0x0F, 0x00, 0x1E, 0x00, 0x3C, 0x00, 0x78, 0x00, 0xF0, 0x01, 0xE0, 0x03,
    0xC0, 0x07, 0x80, 0x0F, 0x00, 0x1E, 0x00, 0x3C, 0x00, 0x78, 0x00, 0xF0, 0x01, 0xE0, 0x03, 0xC0,
    0x07, 0x80, 0x0F, 0x00, 0x1F, 0xFF, 0xFF, 0xFF, 0xFF, 0xFF, 0xFC, 0x00, 0x1F, 0xFE, 0x00, 0x0F,
    0xFF, 0x80, 0x0F, 0xFF, 0xC0, 0x07, 0xFF, 0xE0, 0x03, 0xFF, 0xF8, 0x03, 0xFF, 0xFC, 0x01, 0xFF,
    0xFE, 0x01, 0xEF, 0xF7, 0x80, 0xF7, 0xFB, 0xC0, 0x7B, 0xFD, 0xF0, 0x79, 0xFE, 0x78, 0x3C, 0xFF,
    0x3C, 0x1E, 0x7F, 0x8F, 0x1E, 0x3F, 0xC7, 0x8F, 0x1F, 0xE3, 0xC7, 0x0F, 0xF0, 0xF7, 0x87, 0xF8,
    0x7B, 0xC3, 0xFC, 0x1D, 0xC1, 0xFE, 0x0F, 0xE0, 0xFF, 0x07, 0xF0, 0x7F, 0x81, 0xF0, 0x3F, 0xC0,
    0xF8, 0x1F, 0xE0, 0x38, 0x0F, 0xF8, 0x00, 0xFF, 0x80, 0x0F, 0xFC, 0x00, 0xFF, 0xE0, 0x0F, 0xFE,
    0x00, 0xFF, 0xF0, 0x0F, 0xF7, 0x00, 0xFF, 0x78, 0x0F, 0xF3, 0xC0, 0xFF, 0x3C, 0x0F, 0xF1, 0xE0,
    0xFF, 0x1F, 0x0F, 0xF0, 0xF0, 0xFF, 0x07, 0x8F, 0xF0, 0x7C, 0xFF, 0x03, 0xCF, 0xF0, 0x1E, 0xFF,
    0x01, 0xEF, 0xF0, 0x0F, 0xFF, 0x00, 0xFF, 0xF0, 0x07, 0xFF, 0x00, 0x3F, 0xF0, 0x03, 0xFF, 0x00,
    0x1F, 0x01, 0xFE, 0x00, 0x1F, 0xFE, 0x00, 0xFF, 0xFC, 0x07, 0xE1, 0xF8, 0x3E, 0x01, 0xF1, 0xF0,
    0x03, 0xE7, 0x80, 0x07, 0x9E, 0x00, 0x1E, 0xF0, 0x00, 0x3F, 0xC0, 0x00, 0xFF, 0x00, 0x03, 0xFC,
    0x00, 0x0F, 0xF0, 0x00, 0x3F, 0xC0, 0x00, 0xFF, 0x00, 0x03, 0xFC, 0x00, 0x0F, 0x78, 0x00, 0x79,
    0xE0, 0x01, 0xE7, 0xC0, 0x0F, 0x8F, 0x80, 0x7C, 0x1F, 0x87, 0xE0, 0x3F, 0xFF, 0x00, 0x7F, 0xF8,
    0x00, 0x7F, 0x80, 0xFF, 0xF0, 0x7F, 0xFE, 0x3F, 0xFF, 0x9E, 0x03, 0xEF, 0x00, 0xF7, 0x80, 0x3F,
    0xC0, 0x1F, 0xE0, 0x0F, 0xF0, 0x07, 0xF8, 0x03, 0xFC, 0x01, 0xFE, 0x01, 0xEF, 0x01, 0xF7, 0xFF,
    0xF3, 0xFF, 0xF1, 0xFF, 0xE0, 0xF0, 0x00, 0x78, 0x00, 0x3C, 0x00, 0x1E, 0x00, 0x0F, 0x00, 0x07,
    0x80, 0x03, 0xC0, 0x01, 0xE0, 0x00, 0x01, 0xFE, 0x00, 0x1F, 0xFE, 0x00, 0xFF, 0xFC, 0x07, 0xE1,
    0xF8, 0x3E, 0x01, 0xF1, 0xF0, 0x03, 0xE7, 0x80, 0x07, 0x9E, 0x00, 0x1E, 0xF0, 0x00, 0x3F, 0xC0,
    0x00, 0xFF, 0x00, 0x03, 0xFC, 0x00, 0x0F, 0xF0, 0x00, 0x3F, 0xC0, 0x00, 0xFF, 0x00, 0x03, 0xFC,
    0x00, 0x0F, 0x78, 0x3C, 0x79, 0xE0, 0x71, 0xE7, 0xC1, 0xEF, 0x8F, 0x83, 0xFC, 0x1F, 0x87, 0xE0,
    0x3F, 0xFF, 0x00, 0x7F, 0xFC, 0x00, 0x7F, 0xF8, 0x00, 0x00, 0xF0, 0x00, 0x01, 0xE0, 0xFF, 0xF0,
    0x3F, 0xFF, 0x0F, 0xFF, 0xE3, 0xC0, 0x7C, 0xF0, 0x0F, 0xBC, 0x01, 0xEF, 0x00, 0x7B, 0xC0, 0x1E,
    0xF0, 0x07, 0xBC, 0x01, 0xEF, 0x00, 0xFB, 0xC0, 0x7C, 0xFF, 0xFE, 0x3F, 0xFF, 0x0F, 0xFF, 0x83,
    0xC1, 0xE0, 0xF0, 0x3C, 0x3C, 0x0F, 0x0F, 0x01, 0xE3, 0xC0, 0x7C, 0xF0, 0x0F, 0x3C, 0x03, 0xEF,
    0x00, 0x7B, 0xC0, 0x1F, 0x03, 0xFC, 0x01, 0xFF, 0xE0, 0x7F, 0xFE, 0x1F, 0x07, 0xE7, 0x80, 0x3C,
    0xF0, 0x07, 0x9E, 0x00, 0x73, 0xC0, 0x00, 0x7C, 0x00, 0x07, 0xE0, 0x00, 0xFF, 0xC0, 0x07, 0xFF,
    0x00, 0x3F, 0xF0, 0x00, 0xFF, 0x00, 0x03, 0xF0, 0x00, 0x1F, 0x00, 0x01, 0xFE, 0x00, 0x3D, 0xC0,
    0x07, 0xBC, 0x01, 0xE7, 0xE0, 0xFC, 0x7F, 0xFF, 0x07, 0xFF, 0xC0, 0x3F, 0xE0, 0xFF, 0xFF, 0xFF,
    0xFF, 0xFF, 0xFF, 0xFF, 0x80, 0xF0, 0x00, 0x1E, 0x00, 0x03, 0xC0, 0x00, 0x78, 0x00, 0x0F, 0x00,
    0x01, 0xE0, 0x00, 0x3C, 0x00, 0x07, 0x80, 0x00, 0xF0, 0x00, 0x1E, 0x00, 0x03, 0xC0, 0x00, 0x78,
    0x00, 0x0F, 0x00, 0x01, 0xE0, 0x00, 0x3C, 0x00, 0x07, 0x80, 0x00, 0xF0, 0x00, 0x1E, 0x00, 0x03,
    0xC0, 0x00, 0x78, 0x00, 0x0F, 0x00, 0xF0, 0x01, 0xFE, 0x00, 0x3F, 0xC0, 0x07, 0xF8, 0x00, 0xFF,
    0x00, 0x1F, 0xE0, 0x03, 0xFC, 0x00, 0x7F, 0x80, 0x0F, 0xF0, 0x01, 0xFE, 0x00, 0x3F, 0xC0, 0x07,
    0xF8, 0x00, 0xFF, 0x00, 0x1F, 0xE0, 0x03, 0xFC, 0x00, 0x7F, 0x80, 0x0F, 0xF0, 0x01, 0xFE, 0x00,
    0x3F, 0xE0, 0x0F, 0xBC, 0x01, 0xE7, 0xE0, 0xFC, 0x7F, 0xFF, 0x03, 0xFF, 0x80, 0x1F, 0xC0, 0x78,
    0x00, 0x3E, 0xF0, 0x00, 0x78, 0xF0, 0x00, 0xF1, 0xE0, 0x03, 0xE3, 0xC0, 0x07, 0x83, 0xC0, 0x0F,
    0x07, 0x80, 0x3E, 0x0F, 0x80, 0x78, 0x0F, 0x00, 0xF0, 0x1E, 0x03, 0xC0, 0x3E, 0x07, 0x80, 0x3C,
    0x0F, 0x00, 0x78, 0x3C, 0x00, 0x78, 0x78, 0x00, 0xF0, 0xF0, 0x01, 0xE3, 0xC0, 0x01, 0xE7, 0x80,
    0x03, 0xCF, 0x00, 0x07, 0xBC, 0x00, 0x07, 0xF8, 0x00, 0x0F, 0xE0, 0x00, 0x0F, 0xC0, 0x00, 0x1F,
    0x80, 0x00, 0x3E, 0x00, 0x78, 0x03, 0xE0, 0x0F, 0xBC, 0x01, 0xF0, 0x07, 0x9E, 0x00, 0xF8, 0x03,
    0xC7, 0x80, 0x7E, 0x01, 0xE3, 0xC0, 0x7F, 0x01, 0xE1, 0xE0, 0x3F, 0x80, 0xF0, 0xF0, 0x1D, 0xC0,
    0x78, 0x3C, 0x0E, 0xF0, 0x3C, 0x1E, 0x0F, 0x78, 0x3C, 0x0F, 0x07, 0x9C, 0x1E, 0x03, 0x83, 0x8F,
    0x0F, 0x01, 0xE3, 0xC7, 0x87, 0x00, 0xF1, 0xE3, 0xC7, 0x80, 0x78, 0xF0, 0xE3, 0xC0, 0x1C, 0x70,
    0x79, 0xE0, 0x0F, 0x78, 0x3C, 0xE0, 0x07, 0xBC, 0x1E, 0xF0, 0x03, 0xDE, 0x07, 0x78, 0x00, 0xEE,
    0x03, 0xBC, 0x00, 0x7F, 0x01, 0xFC, 0x00, 0x3F, 0x80, 0x7E, 0x00, 0x0F, 0x80, 0x3F, 0x00, 0x07,
    0xC0, 0x1F, 0x00, 0x03, 0xE0, 0x0F, 0x80, 0x7C, 0x00, 0x78, 0xF0, 0x03, 0xE1, 0xE0, 0x1F, 0x07,
    0xC0, 0x78, 0x0F, 0x03, 0xC0, 0x1E, 0x1F, 0x00, 0x7C, 0x78, 0x00, 0xF3, 0xC0, 0x01, 0xFF, 0x00,
    0x07, 0xF8, 0x00, 0x0F, 0xC0, 0x00, 0x1F, 0x00, 0x00, 0xFC, 0x00, 0x03, 0xF8, 0x00, 0x1F, 0xF0,
    0x00, 0xFB, 0xC0, 0x03, 0xCF, 0x80, 0x1E, 0x1F, 0x00, 0xF8, 0x3C, 0x07, 0xC0, 0xF8, 0x1E, 0x01,
    0xF0, 0xF0, 0x03, 0xC7, 0xC0, 0x07, 0x9E, 0x00, 0x1F, 0xF8, 0x00, 0x79, 0xE0, 0x03, 0xE7, 0xC0,
    0x0F, 0x0F, 0x80, 0x78, 0x1E, 0x03, 0xE0, 0x7C, 0x0F, 0x00, 0xF0, 0x7C, 0x01, 0xE1, 0xE0, 0x07,
    0xCF, 0x00, 0x0F, 0x3C, 0x00, 0x3F, 0xE0, 0x00, 0x7F, 0x80, 0x00, 0xFC, 0x00, 0x03, 0xE0, 0x00,
    0x07, 0x80, 0x00, 0x1E, 0x00, 0x00, 0x78, 0x00, 0x01, 0xE0, 0x00, 0x07, 0x80, 0x00, 0x1E, 0x00,
    0x00, 0x78, 0x00, 0x01, 0xE0, 0x00, 0x07, 0x80, 0x00, 0x1E, 0x00, 0xFF, 0xFF, 0xFF, 0xFF, 0xFF,
    0xFF, 0xE0, 0x01, 0xE0, 0x00, 0xF0, 0x00, 0xF0, 0x00, 0xF0, 0x00, 0xF8, 0x00, 0x78, 0x00, 0x78,
    0x00, 0x7C, 0x00, 0x3C, 0x00, 0x3C, 0x00, 0x3E, 0x00, 0x1E, 0x00, 0x1E, 0x00, 0x1F, 0x00, 0x0F,
    0x00, 0x0F, 0x00, 0x0F, 0x00, 0x07, 0x80, 0x07, 0xFF, 0xFF, 0xFF, 0xFF, 0xFF, 0xFF, 0xFF, 0xFF,
    0xFF, 0x8F, 0x1E, 0x3C, 0x78, 0xF1, 0xE3, 0xC7, 0x8F, 0x1E, 0x3C, 0x78, 0xF1, 0xE3, 0xC7, 0x8F,
    0x1E, 0x3C, 0x78, 0xF1, 0xE3, 0xC7, 0xFF, 0xFF, 0xC0, 0x70, 0x07, 0x00, 0x70, 0x07, 0x80, 0x38,
    0x03, 0x80, 0x3C, 0x03, 0xC0, 0x1C, 0x01, 0xC0, 0x1E, 0x01, 0xE0, 0x0E, 0x00, 0xE0, 0x0F, 0x00,
    0x70, 0x07, 0x00, 0x78, 0x07, 0x80, 0x38, 0x03, 0x80, 0x3C, 0x01, 0xC0, 0x1C, 0x01, 0xE0, 0x1E,
    0x00, 0xE0, 0x0E, 0x00, 0xF0, 0xFF, 0xFF, 0xFF, 0x0F, 0x0F, 0x0F, 0x0F, 0x0F, 0x0F, 0x0F, 0x0F,
    0x0F, 0x0F, 0x0F, 0x0F, 0x0F, 0x0F, 0x0F, 0x0F, 0x0F, 0x0F, 0x0F, 0x0F, 0x0F, 0x0F, 0x0F, 0x0F,
    0xFF, 0xFF, 0xFF, 0x03, 0x80, 0x0F, 0x80, 0x1F, 0x00, 0x7F, 0x00, 0xEE, 0x03, 0x8E, 0x07, 0x1C,
    0x1E, 0x3C, 0x38, 0x38, 0xF0, 0x79, 0xC0, 0x70, 0xFF, 0xFF, 0xFF, 0xFF, 0xFF, 0xF8, 0x70, 0xF0,
    0xE1, 0xE1, 0xC0, 0x0F, 0xE0, 0x3F, 0xF0, 0xFF, 0xF3, 0xE1, 0xF7, 0x81, 0xE0, 0x03, 0xC0, 0x07,
    0x80, 0xFF, 0x1F, 0xFE, 0xFF, 0xFF, 0xF0, 0x7F, 0x80, 0xFF, 0x01, 0xFE, 0x07, 0xFE, 0x1F, 0xBF,
    0xFF, 0x7F, 0xDE, 0x3F, 0x3C, 0xF0, 0x00, 0x78, 0x00, 0x3C, 0x00, 0x1E, 0x00, 0x0F, 0x00, 0x07,
    0x80, 0x03, 0xCF, 0xC1, 0xEF, 0xF8, 0xFF, 0xFE, 0x7E, 0x1F, 0x3E, 0x03, 0xDE, 0x01, 0xEF, 0x00,
    0x7F, 0x80, 0x3F, 0xC0, 0x1F, 0xE0, 0x0F, 0xF0, 0x07, 0xF8, 0x03, 0xBC, 0x03, 0xDF, 0x03, 0xEF,
    0xC3, 0xE7, 0xFF, 0xF3, 0xDF, 0xF1, 0xE7, 0xE0, 0x07, 0xF0, 0x0F, 0xFE, 0x0F, 0xFF, 0x8F, 0x87,
    0xC7, 0x80, 0xF7, 0xC0, 0x7B, 0xC0, 0x01, 0xE0, 0x00, 0xF0, 0x00, 0x78, 0x00, 0x3C, 0x00, 0x1E,
    0x00, 0x0F, 0x00, 0xF3, 0xC0, 0x79, 0xF0, 0xF8, 0x7F, 0xFC, 0x1F, 0xFC, 0x03, 0xF8, 0x00, 0x00,
    0x07, 0x80, 0x03, 0xC0, 0x01, 0xE0, 0x00, 0xF0, 0x00, 0x78, 0x00, 0x3C, 0x1F, 0x9E, 0x3F, 0xEF,
    0x3F, 0xFF, 0xBE, 0x1F, 0xDE, 0x03, 0xFE, 0x01, 0xFF, 0x00, 0x7F, 0x80, 0x3F, 0xC0, 0x1F, 0xE0,
    0x0F, 0xF0, 0x07, 0xF8, 0x03, 0xFC, 0x03, 0xEF, 0x01, 0xF7, 0xC3, 0xF9, 0xFF, 0xBC, 0x7F, 0xDE,
    0x0F, 0x8F, 0x07, 0xF0, 0x0F, 0xFE, 0x0F, 0xFF, 0x8F, 0x87, 0xC7, 0x80, 0xF7, 0x80, 0x7B, 0xC0,
    0x1F, 0xFF, 0xFF, 0xFF, 0xFF, 0xFF, 0xFF, 0xFC, 0x00, 0x1E, 0x00, 0x0F, 0x00, 0x03, 0xC0, 0x79,
    0xF0, 0x7C, 0x7F, 0xFC, 0x1F, 0xFC, 0x03, 0xF8, 0x00, 0x01, 0xF0, 0x3F, 0x83, 0xFC, 0x1E, 0x00,
    0xF0, 0x07, 0x80, 0x3C, 0x1F, 0xFE, 0xFF, 0xF7, 0xFF, 0x83, 0xC0, 0x1E, 0x00, 0xF0, 0x07, 0x80,
    0x3C, 0x01, 0xE0, 0x0F, 0x00, 0x78, 0x03, 0xC0, 0x1E, 0x00, 0xF0, 0x07, 0x80, 0x3C, 0x01, 0xE0,
    0x0F, 0x00, 0x07, 0xC7, 0x8F, 0xFB, 0xCF, 0xFF, 0xEF, 0x87, 0xF7, 0x80, 0xFF, 0x80, 0x7F, 0xC0,
    0x1F, 0xE0, 0x0F, 0xF0, 0x07, 0xF8, 0x03, 0xFC, 0x01, 0xFE, 0x00, 0xFF, 0x00, 0xFB, 0xC0, 0x7D,
    0xF0, 0xFE, 0x7F, 0xFF, 0x1F, 0xF7, 0x87, 0xE3, 0xC0, 0x01, 0xE0, 0x00, 0xF3, 0x00, 0xF3, 0xE0,
    0xF8, 0xFF, 0xF8, 0x3F, 0xF8, 0x07, 0xF0, 0x00, 0xF0, 0x01, 0xE0, 0x03, 0xC0, 0x07, 0x80, 0x0F,
    0x00, 0x1E, 0x00, 0x3C, 0xFC, 0x7B, 0xFC, 0xFF, 0xFD, 0xF8, 0xFF, 0xE0, 0x7F, 0x80, 0xFF, 0x01,
    0xFE, 0x03, 0xFC, 0x07, 0xF8, 0x0F, 0xF0, 0x1F, 0xE0, 0x3F, 0xC0, 0x7F, 0x80, 0xFF, 0x01, 0xFE,
    0x03, 0xFC, 0x07, 0xF8, 0x0F, 0x6F, 0xF6, 0x00, 0x0F, 0xFF, 0xFF, 0xFF, 0xFF, 0xFF, 0xFF, 0xFF,
    0xFF, 0xF0, 0x0C, 0x3C, 0x78, 0x60, 0x00, 0x07, 0x8F, 0x1E, 0x3C, 0x78, 0xF1, 0xE3, 0xC7, 0x8F,
    0x1E, 0x3C, 0x78, 0xF1, 0xE3, 0xC7, 0x8F, 0x1E, 0x3C, 0x78, 0xFF, 0xDF, 0xBC, 0x00, 0xF0, 0x00,
    0xF0, 0x00, 0xF0, 0x00, 0xF0, 0x00, 0xF0, 0x00, 0xF0, 0x00, 0xF0, 0x1E, 0xF0, 0x3C, 0xF0, 0x78,
    0xF0, 0xF0, 0xF1, 0xE0, 0xF3, 0xE0, 0xF7, 0xC0, 0xFF, 0x80, 0xFF, 0x80, 0xFF, 0x80, 0xFF, 0xC0,
    0xF3, 0xE0, 0xF1, 0xF0, 0xF0, 0xF0, 0xF0, 0x78, 0xF0, 0x7C, 0xF0, 0x3E, 0xF0, 0x1F, 0xFF, 0xFF,
    0xFF, 0xFF, 0xFF, 0xFF, 0xFF, 0xFF, 0xFF, 0xFF, 0xFF, 0xFF, 0xF3, 0xE0, 0xF8, 0x7B, 0xF9, 0xFF,
    0x3F, 0xFE, 0xFF, 0xDF, 0x8F, 0xE3, 0xEF, 0x03, 0xE0, 0xF7, 0x81, 0xE0, 0x3B, 0xC0, 0xF0, 0x1F,
    0xE0, 0x78, 0x0F, 0xF0, 0x3C, 0x07, 0xF8, 0x1E, 0x03, 0xFC, 0x0F, 0x01, 0xFE, 0x07, 0x80, 0xFF,
    0x03, 0xC0, 0x7F, 0x81, 0xE0, 0x3F, 0xC0, 0xF0, 0x1F, 0xE0, 0x78, 0x0F, 0xF0, 0x3C, 0x07, 0xF8,
    0x1E, 0x03, 0xC0, 0xF3, 0xF1, 0xEF, 0xF3, 0xFF, 0xF7, 0xE3, 0xFF, 0x81, 0xFE, 0x03, 0xFC, 0x07,
    0xF8, 0x0F, 0xF0, 0x1F, 0xE0, 0x3F, 0xC0, 0x7F, 0x80, 0xFF, 0x01, 0xFE, 0x03, 0xFC, 0x07, 0xF8,
    0x0F, 0xF0, 0x1F, 0xE0, 0x3C, 0x07, 0xF0, 0x0F, 0xFE, 0x0F, 0xFF, 0x8F, 0x87, 0xE7, 0x80, 0xF7,
    0xC0, 0x7F, 0xC0, 0x1F, 0xE0, 0x0F, 0xF0, 0x07, 0xF8, 0x03, 0xFC, 0x01, 0xFE, 0x00, 0xFF, 0x00,
    0x7B, 0xC0, 0x79, 0xF0, 0x7C, 0x7F, 0xFC, 0x1F, 0xFC, 0x03, 0xF8, 0x00, 0xF3, 0xF0, 0x7B, 0xFE,
    0x3F, 0xFF, 0x9F, 0x87, 0xCF, 0x80, 0xF7, 0x80, 0x7B, 0xC0, 0x1F, 0xE0, 0x0F, 0xF0, 0x07, 0xF8,
    0x03, 0xFC, 0x01, 0xFE, 0x00, 0xEF, 0x00, 0xF7, 0xC0, 0xFB, 0xF0, 0xF9, 0xFF, 0xFC, 0xF7, 0xFC,
    0x79, 0xF8, 0x3C, 0x00, 0x1E, 0x00, 0x0F, 0x00, 0x07, 0x80, 0x03, 0xC0, 0x01, 0xE0, 0x00, 0xF0,
    0x00, 0x00, 0x07, 0xC7, 0x8F, 0xFB, 0xCF, 0xFF, 0xEF, 0x87, 0xF7, 0x80, 0xFF, 0x80, 0x7F, 0xC0,
    0x1F, 0xE0, 0x0F, 0xF0, 0x07, 0xF8, 0x03, 0xFC, 0x01, 0xFE, 0x00, 0xFF, 0x00, 0xFB, 0xC0, 0x7D,
    0xF0, 0xFE, 0x7F, 0xFF, 0x1F, 0xF7, 0x83, 0xE3, 0xC0, 0x01, 0xE0, 0x00, 0xF0, 0x00, 0x78, 0x00,
    0x3C, 0x00, 0x1E, 0x00, 0x0F, 0x00, 0x07, 0x80, 0xF3, 0xFD, 0xFF, 0xFF, 0xF0, 0xF8, 0x3C, 0x0F,
    0x03, 0xC0, 0xF0, 0x3C, 0x0F, 0x03, 0xC0, 0xF0, 0x3C, 0x0F, 0x03, 0xC0, 0xF0, 0x3C, 0x00, 0x0F,
    0xE0, 0x3F, 0xF0, 0xFF, 0xF3, 0xE1, 0xE7, 0x81, 0xEF, 0x00, 0x1E, 0x00, 0x1F, 0x80, 0x3F, 0xF0,
    0x1F, 0xF8, 0x03, 0xF8, 0x00, 0xF1, 0x01, 0xFE, 0x03, 0xDF, 0x0F, 0xBF, 0xFE, 0x3F, 0xF8, 0x1F,
    0xC0, 0x1C, 0x03, 0xC0, 0x78, 0x0F, 0x01, 0xE1, 0xFF, 0xBF, 0xF7, 0xFE, 0x1E, 0x03, 0xC0, 0x78,
    0x0F, 0x01, 0xE0, 0x3C, 0x07, 0x80, 0xF0, 0x1E, 0x03, 0xC0, 0x78, 0x0F, 0x01, 0xFC, 0x1F, 0x81,
    0xF0, 0xF0, 0x1F, 0xE0, 0x3F, 0xC0, 0x7F, 0x80, 0xFF, 0x01, 0xFE, 0x03, 0xFC, 0x07, 0xF8, 0x0F,
    0xF0, 0x1F, 0xE0, 0x3F, 0xC0, 0x7F, 0x80, 0xFF, 0x01, 0xFE, 0x07, 0xFE, 0x1F, 0xBF, 0xFF, 0x3F,
    0xDE, 0x3F, 0x3C, 0x78, 0x03, 0xCF, 0x00, 0x78, 0xF0, 0x1E, 0x1E, 0x03, 0xC3, 0xC0, 0x78, 0x3C,
    0x1E, 0x07, 0x83, 0xC0, 0xF0, 0x78, 0x0F, 0x1E, 0x01, 0xE3, 0xC0, 0x1C, 0x70, 0x03, 0xDE, 0x00,
    0x7B, 0xC0, 0x07, 0x70, 0x00, 0xFE, 0x00, 0x1F, 0x80, 0x01, 0xF0, 0x00, 0x3E, 0x00, 0x78, 0x0F,
    0x01, 0xEF, 0x03, 0xE0, 0x79, 0xE0, 0x7C, 0x0F, 0x1E, 0x0F, 0xC1, 0xE3, 0xC1, 0xF8, 0x78, 0x78,
    0x7F, 0x0F, 0x07, 0x0E, 0xE1, 0xE0, 0xF1, 0xDE, 0x38, 0x1E, 0x39, 0xCF, 0x01, 0xCE, 0x39, 0xE0,
    0x3D, 0xC7, 0x38, 0x07, 0xB8, 0x77, 0x00, 0x77, 0x0F, 0xE0, 0x0F, 0xC1, 0xFC, 0x01, 0xF8, 0x3F,
    0x00, 0x3F, 0x03, 0xE0, 0x03, 0xC0, 0x7C, 0x00, 0x78, 0x0F, 0x00, 0x7C, 0x07, 0x8F, 0x03, 0xC1,
    0xE0, 0xF0, 0x7C, 0x78, 0x0F, 0x3C, 0x01, 0xEF, 0x00, 0x7F, 0x80, 0x0F, 0xC0, 0x01, 0xF0, 0x00,
    0xFC, 0x00, 0x3F, 0x80, 0x1F, 0xE0, 0x0F, 0x3C, 0x03, 0xC7, 0x81, 0xE1, 0xE0, 0xF8, 0x3C, 0x3C,
    0x0F, 0x9E, 0x01, 0xE0, 0x78, 0x03, 0xCF, 0x00, 0x78, 0xF0, 0x1E, 0x1E, 0x03, 0xC3, 0xC0, 0x78,
    0x3C, 0x1E, 0x07, 0x83, 0xC0, 0xF0, 0x78, 0x0F, 0x1E, 0x01, 0xE3, 0xC0, 0x1C, 0x70, 0x03, 0xDE,
    0x00, 0x7B, 0xC0, 0x07, 0x70, 0x00, 0xFE, 0x00, 0x1F, 0x80, 0x01, 0xF0, 0x00, 0x3E, 0x00, 0x07,
    0x80, 0x00, 0xF0, 0x00, 0x1E, 0x00, 0x07, 0x80, 0x07, 0xF0, 0x01, 0xFC, 0x00, 0x3E, 0x00, 0x00,
    0xFF, 0xFF, 0xFF, 0xFF, 0xFF, 0xC0, 0x1E, 0x00, 0xF8, 0x07, 0xC0, 0x1E, 0x00, 0xF0, 0x07, 0xC0,
    0x1E, 0x00, 0xF0, 0x07, 0x80, 0x3E, 0x00, 0xF0, 0x07, 0x80, 0x3F, 0xFF, 0xFF, 0xFF, 0xFF, 0xF0,
    0x01, 0xE0, 0xFC, 0x3F, 0x87, 0x80, 0xF0, 0x1C, 0x07, 0x80, 0xF0, 0x1E, 0x03, 0xC0, 0x78, 0x0F,
    0x01, 0xE0, 0x7C, 0x3F, 0x07, 0x80, 0xFC, 0x07, 0xC0, 0x78, 0x0F, 0x01, 0xE0, 0x3C, 0x07, 0x80,
    0xF0, 0x0E, 0x01, 0xC0, 0x3C, 0x07, 0xF0, 0x7E, 0x07, 0xC0, 0xFF, 0xFF, 0xFF, 0xFF, 0xFF, 0xFF,
    0xFF, 0xFF, 0xFF, 0xFF, 0xFF, 0xFF, 0xFF, 0xFF, 0xFF, 0xFF, 0xFF, 0xFF, 0xFF, 0xF0, 0xF0, 0x1F,
    0x83, 0xF8, 0x0F, 0x01, 0xF0, 0x1E, 0x03, 0xC0, 0x78, 0x0F, 0x01, 0xE0, 0x3C, 0x07, 0x80, 0xF0,
    0x1F, 0x01, 0xF8, 0x0F, 0x07, 0xE1, 0xF0, 0x3C, 0x07, 0x80, 0xF0, 0x1E, 0x03, 0xC0, 0x78, 0x0F,
    0x01, 0xE0, 0x78, 0x7F, 0x0F, 0xC1, 0xF0, 0x00, 0x3E, 0x03, 0xBF, 0xC3, 0xFF, 0xF1, 0xFE, 0x3F,
    0xFF, 0x0F, 0xF7, 0x01, 0xF0, 0x77, 0xFF, 0xF7, 0x00, 0x00, 0xF7, 0xBD, 0xEF, 0x7B, 0xDE, 0xF7,
    0xBD, 0xEF, 0x7B, 0xDE, 0x03, 0xE7, 0xC0, 0xF1, 0xE0, 0x78, 0xF0, 0x3C, 0x78, 0x1E, 0x3C, 0x0F,
    0x1E, 0x07, 0xCF, 0x81, 0xE3, 0xC0, 0x7C, 0xF0, 0x0F, 0x1E, 0x01, 0xE3, 0xC0, 0x3C, 0x78, 0x07,
    0x8F, 0x00, 0xF3, 0xE0, 0x3E, 0x7C, 0x1F, 0x07, 0xF1, 0xFF, 0x78, 0xFE, 0x0F, 0xC1, 0xF8, 0x3F,
    0x8F, 0x7F, 0xC7, 0xF0, 0x7C, 0x00, 0x77, 0xFF, 0xF7, 0x00, 0x0F, 0xC0, 0xFF, 0xC7, 0xFF, 0x9C,
    0x0E, 0xF0, 0x3F, 0x80, 0x7E, 0x01, 0xF8, 0x07, 0xE0, 0x1F, 0xC0, 0xF7, 0x03, 0x9F, 0xFE, 0x3F,
    0xF0, 0x3F, 0x00, 0xF9, 0xF0, 0x1F, 0x3E, 0x03, 0xC7, 0x80, 0x78, 0xF0, 0x0F, 0x1E, 0x01, 0xE3,
    0xC0, 0x3C, 0x78, 0x0F, 0x9E, 0x03, 0xC7, 0x81, 0xE3, 0xC0, 0xF1, 0xE0, 0x78, 0xF0, 0x3C, 0x78,
    0x1F, 0x3E, 0x0F, 0x9F, 0x00, 0x03, 0x80, 0x0F, 0x80, 0x1F, 0x00, 0x3E, 0x00, 0x38, 0x00, 0x00,
    0x00, 0x00, 0x00, 0x00, 0x03, 0xC0, 0x07, 0x80, 0x0F, 0x00, 0x3C, 0x00, 0xF8, 0x07, 0xE0, 0x1F,
    0x80, 0x3C, 0x00, 0xF0, 0x01, 0xE0, 0x03, 0xC0, 0x7F, 0x80, 0xFF, 0x03, 0xCF, 0x8F, 0x9F, 0xFE,
    0x1F, 0xF8, 0x0F, 0xE0, 0x00, 0x0E, 0x00, 0x00, 0x78, 0x00, 0x01, 0xC0, 0x00, 0x0E, 0x00, 0x00,
    0x38, 0x00, 0x00, 0x00, 0x00, 0x00, 0x00, 0x00, 0x7F, 0x80, 0x07, 0xFF, 0x80, 0x3F, 0xFF, 0x01,
    0xF8, 0x7E, 0x0F, 0x80, 0x7C, 0x7C, 0x00, 0xF9, 0xE0, 0x01, 0xE7, 0x80, 0x07, 0xBC, 0x00, 0x0F,
    0xF0, 0x00, 0x3F, 0xC0, 0x00, 0xFF, 0x00, 0x03, 0xFC, 0x00, 0x0F, 0xF0, 0x00, 0x3F, 0xC0, 0x00,
    0xFF, 0x00, 0x03, 0xDE, 0x00, 0x1E, 0x78, 0x00, 0x79, 0xF0, 0x03, 0xE3, 0xE0, 0x1F, 0x07, 0xE1,
    0xF8, 0x0F, 0xFF, 0xC0, 0x1F, 0xFE, 0x00, 0x1F, 0xE0, 0x00, 0x00, 0x3C, 0x00, 0x07, 0x00, 0x01,
    0xE0, 0x00, 0x38, 0x00, 0x0E, 0x00, 0x00, 0x00, 0x00, 0x00, 0x07, 0x80, 0x0F, 0xF0, 0x01, 0xFE,
    0x00, 0x3F, 0xC0, 0x07, 0xF8, 0x00, 0xFF, 0x00, 0x1F, 0xE0, 0x03, 0xFC, 0x00, 0x7F, 0x80, 0x0F,
    0xF0, 0x01, 0xFE, 0x00, 0x3F, 0xC0, 0x07, 0xF8, 0x00, 0xFF, 0x00, 0x1F, 0xE0, 0x03, 0xFC, 0x00,
    0x7F, 0x80, 0x0F, 0xF0, 0x01, 0xFF, 0x00, 0x7D, 0xE0, 0x0F, 0x3F, 0x07, 0xE3, 0xFF, 0xF8, 0x1F,
    0xFC, 0x00, 0xFE, 0x00, 0x00, 0xF0, 0x01, 0xC0, 0x07, 0x80, 0x0E, 0x00, 0x1C, 0x00, 0x00, 0x00,
    0x00, 0x07, 0xF0, 0x1F, 0xF8, 0x7F, 0xF9, 0xF0, 0xFB, 0xC0, 0xF0, 0x01, 0xE0, 0x03, 0xC0, 0x7F,
    0x8F, 0xFF, 0x7F, 0xFF, 0xF8, 0x3F, 0xC0, 0x7F, 0x80, 0xFF, 0x03, 0xFF, 0x0F, 0xDF, 0xFF, 0xBF,
    0xEF, 0x1F, 0x9E, 0x00, 0x78, 0x00, 0x78, 0x00, 0x38, 0x00, 0x3C, 0x00, 0x1C, 0x00, 0x00, 0x00,
    0x00, 0x00, 0x0F, 0xE0, 0x1F, 0xFC, 0x1F, 0xFF, 0x1F, 0x0F, 0x8F, 0x01, 0xEF, 0x00, 0xF7, 0x80,
    0x3F, 0xFF, 0xFF, 0xFF, 0xFF, 0xFF, 0xFF, 0xF8, 0x00, 0x3C, 0x00, 0x1E, 0x00, 0x07, 0x80, 0xF3,
    0xE0, 0xF8, 0xFF, 0xF8, 0x3F, 0xF8, 0x07, 0xF0, 0x00, 0x3C, 0x79, 0xE3, 0x8F, 0x00, 0x00, 0x78,
    0xF1, 0xE3, 0xC7, 0x8F, 0x1E, 0x3C, 0x78, 0xF1, 0xE3, 0xC7, 0x8F, 0x1E, 0x3C, 0x78, 0xF0, 0x0F,
    0x30, 0x3F, 0xE0, 0x67, 0xC0, 0x00, 0x00, 0x00, 0x00, 0x00, 0x3C, 0xFC, 0x7B, 0xFC, 0xFF, 0xFD,
    0xF8, 0xFF, 0xE0, 0x7F, 0x80, 0xFF, 0x01, 0xFE, 0x03, 0xFC, 0x07, 0xF8, 0x0F, 0xF0, 0x1F, 0xE0,
    0x3F, 0xC0, 0x7F, 0x80, 0xFF, 0x01, 0xFE, 0x03, 0xFC, 0x07, 0xF8, 0x0F, 0x00, 0x78, 0x00, 0x38,
    0x00, 0x3C, 0x00, 0x1C, 0x00, 0x1C, 0x00, 0x00, 0x00, 0x00, 0x00, 0x0F, 0xE0, 0x1F, 0xFC, 0x1F,
    0xFF, 0x1F, 0x0F, 0xCF, 0x01, 0xEF, 0x80, 0xFF, 0x80, 0x3F, 0xC0, 0x1F, 0xE0, 0x0F, 0xF0, 0x07,
    0xF8, 0x03, 0xFC, 0x01, 0xFE, 0x00, 0xF7, 0x80, 0xF3, 0xE0, 0xF8, 0xFF, 0xF8, 0x3F, 0xF8, 0x07,
    0xF0, 0x00, 0x00, 0xF0, 0x01, 0xC0, 0x07, 0x00, 0x0E, 0x00, 0x38, 0x00, 0x00, 0x00, 0x00, 0x78,
    0x0F, 0xF0, 0x1F, 0xE0, 0x3F, 0xC0, 0x7F, 0x80, 0xFF, 0x01, 0xFE, 0x03, 0xFC, 0x07, 0xF8, 0x0F,
    0xF0, 0x1F, 0xE0, 0x3F, 0xC0, 0x7F, 0x80, 0xFF, 0x03, 0xFF, 0x0F, 0xDF, 0xFF, 0x9F, 0xEF, 0x1F,
    0x9E, 0x18, 0x30, 0x78, 0xF0, 0xF1, 0xE0, 0xC1, 0x80, 0x00, 0x00, 0x00, 0x00, 0x00, 0x78, 0x0F,
    0xF0, 0x1F, 0xE0, 0x3F, 0xC0, 0x7F, 0x80, 0xFF, 0x01, 0xFE, 0x03, 0xFC, 0x07, 0xF8, 0x0F, 0xF0,
    0x1F, 0xE0, 0x3F, 0xC0, 0x7F, 0x80, 0xFF, 0x03, 0xFF, 0x0F, 0xDF, 0xFF, 0x9F, 0xEF, 0x1F, 0x9E,
    0x21, 0x1D, 0x38, 0x80, 0x00, 0xC3, 0x00, 0xCF, 0x30, 0x33, 0x0C, 0xC3, 0x30, 0x3C, 0xF0, 0x42,
    0xD6, 0x85, 0xAC, 0x41, 0x06, 0x0E, 0x00, 0x03, 0x9C, 0x40, 0x00, 0x01, 0xCE, 0xCC, 0xD4, 0xE0,
    0x61, 0x86, 0x10, 0x00, 0x11, 0x18, 0x41, 0x00, 0xCD, 0x7E, 0x00, 0x18, 0xC6, 0x10, 0x00, 0x18,
    0xC6, 0x10, 0x00, 0x19, 0x9C, 0xC6, 0x61, 0x10, 0x00, 0x00, 0x70, 0xED, 0x9B, 0x89, 0x1D, 0x9B,
    0x79, 0xE0, 0x90, 0x39, 0xB4, 0x5B, 0x79, 0x00, 0x4A, 0x5E, 0x80, 0x84, 0xFC, 0xC2, 0x00, 0x00,
    0x42, 0x1F, 0x80, 0x11, 0x18, 0x41, 0x80, 0x08, 0xC6, 0xE0, 0x00, 0x08, 0x8C, 0xC4, 0x4E, 0xE0,
    0x00, 0x39, 0x82, 0x04, 0x39, 0x80, 0x61, 0x86, 0x10, 0x00, 0x73, 0x68, 0xB6, 0x78, 0x20, 0x84,
    0xFC, 0xC2, 0x00, 0x11, 0x18, 0x41, 0x80, 0x00, 0x42, 0x1F, 0x80, 0x41, 0x06, 0x0E, 0x00, 0x01,
    0xCE, 0xCC, 0xD4, 0xE0, 0x76, 0xE3, 0xB7, 0x00, 0xF3, 0xC0, 0xCD, 0xE6, 0xC0, 0x06, 0x33, 0x18,
    0xFD, 0x80, 0xC0, 0x00, 0x30, 0x18, 0xFC, 0xC4, 0x31, 0x00, 0x43, 0x10, 0xC0, 0xF0, 0xDE, 0xC0,
    0xCF, 0x30, 0x0C, 0x30, 0xFC, 0x00, 0xFC, 0x41, 0x04, 0x00, 0xF0, 0xF0, 0xC1, 0x80, 0xC1, 0xE0,
    0xC0, 0xF0, 0x55, 0x40, 0xFF, 0xFF, 0xFF, 0xFE, 0x00, 0xDB, 0x6D, 0xB6, 0xDB, 0x6D, 0xB6, 0xDB,
    0x6D, 0xB6, 0xDB, 0x6D, 0xB6, 0xD8, 0xF0, 0xF0, 0xEE, 0xEE, 0x00, 0x00, 0x00, 0x00, 0x00, 0x0E,
    0xEE, 0xE0, 0xF0, 0xF0, 0x1F, 0x9F, 0xE7, 0xF3, 0xC0, 0xE0, 0x38, 0x0E, 0x03, 0x80, 0xE0, 0x38,
    0x0E, 0x03, 0x80, 0xE0, 0x38, 0x0E, 0x03, 0x80, 0xE0, 0x3F, 0xEF, 0xFF, 0xFF, 0xF2, 0x20, 0x78,
    0x01, 0xE7, 0x80, 0x3C, 0x78, 0x07, 0x87, 0x80, 0xE0, 0xF0, 0x1C, 0x0F, 0x03, 0x81, 0xF0, 0xF0,
    0x7F, 0x1C, 0x1E, 0xE7, 0x87, 0x9F, 0xE0, 0xE1, 0xF8, 0x1C, 0x1E, 0x07, 0x83, 0xC0, 0xE0, 0x3C,
    0x1C, 0x03, 0x83, 0x80, 0x78, 0x70, 0x07, 0x9E, 0x00, 0x73, 0xC0, 0x0F, 0x70, 0x00, 0xF0, 0x7F,
    0xE0, 0x3F, 0xF8, 0x1F, 0xFE, 0x00, 0x07, 0x80, 0x03, 0xC0, 0x00, 0xE0, 0x00, 0x70, 0x00, 0x38,
    0x00, 0x1C, 0x00, 0x0E, 0x00, 0x07, 0x00, 0x03, 0x80, 0x01, 0xC0, 0x00, 0xE0, 0x00, 0x70, 0x00,
    0x38, 0x00, 0x1C, 0x7F, 0xFF, 0xBF, 0xFF, 0xFF, 0xFF, 0xE0, 0x3F, 0x03, 0xF8, 0x1F, 0xC0, 0x3C,
    0x01, 0xC0, 0x1C, 0x01, 0xC0, 0x1C, 0x01, 0xC0, 0x1C, 0x01, 0xC0, 0x1C, 0x01, 0xC0, 0x1C, 0x03,
    0xC0, 0x7C, 0x0E, 0xE7, 0xCE, 0xF8, 0xEF, 0x0E, 0x00, 0x00, 0xFF, 0xFF, 0x7F, 0xFF, 0x9F, 0xFF,
    0xC0, 0x07, 0x00, 0x03, 0x80, 0x01, 0xC0, 0x00, 0xE0, 0x00, 0x70, 0x00, 0x38, 0x00, 0x1C, 0x00,
    0x0E, 0x00, 0x07, 0x00, 0x03, 0x80, 0x01, 0xC0, 0x00, 0xE0, 0x00, 0x70, 0x00, 0x38, 0x00, 0x1C,
    0x00, 0x0E, 0x00, 0x07, 0x00, 0x7F, 0xFC, 0x3F, 0xFF, 0x87, 0xFF, 0xF0, 0x00, 0x1E, 0x00, 0x03,
    0x80, 0x00, 0xE0, 0x00, 0x38, 0x00, 0x0E, 0x70, 0x03, 0x9C, 0x00, 0xE7, 0x00, 0x39, 0xC0, 0x0E,
    0x70, 0x03, 0x9C, 0x00, 0xE7, 0x00, 0x39, 0xC0, 0x0E, 0x70, 0x03, 0x9C, 0x00, 0xE7, 0x00, 0x39,
    0xC0, 0x0E, 0x7E, 0x7E, 0x7E, 0x0E, 0x0E, 0x0E, 0x0E, 0x0E, 0x0E, 0x0E, 0x0E, 0x0E, 0x0E, 0x0E,
    0x0E, 0x0E, 0x0E, 0x0E, 0x0E, 0x0E, 0xFF, 0xBF, 0xE7, 0xF8, 0x38, 0x1C, 0x07, 0x03, 0x80, 0xE0,
    0x38, 0x0E, 0x03, 0x80, 0xE0, 0x3C, 0x0F, 0x03, 0xC0, 0xF0, 0x1C, 0x07, 0x01, 0xC0, 0x70, 0xFF,
    0xFE, 0x1F, 0xFF, 0xE1, 0xFF, 0xFE, 0x1C, 0x01, 0xE3, 0x80, 0x1C, 0x70, 0x03, 0x8E, 0x00, 0x71,
    0xC0, 0x0E, 0x38, 0x01, 0xC7, 0x00, 0x38, 0xE0, 0x07, 0x1C, 0x00, 0xE3, 0x80, 0x1C, 0x70, 0x03,
    0x8E, 0x00, 0x71, 0xC0, 0x0E, 0x38, 0x01, 0xC7, 0x00, 0x38, 0xE0, 0x07, 0x1C, 0x00, 0xE0, 0xE0,
    0xFC, 0x38, 0x3F, 0x8E, 0x0F, 0xF3, 0x80, 0x3C, 0xE0, 0x07, 0xB8, 0x01, 0xEE, 0x00, 0x3B, 0x80,
    0x0E, 0xE0, 0x03, 0xB8, 0x00, 0xEE, 0x00, 0x3B, 0x80, 0x0E, 0xF0, 0x03, 0xBC, 0x01, 0xE7, 0x00,
    0x71, 0xE0, 0x3C, 0x3C, 0x1E, 0x0F, 0xFF, 0x81, 0xFF, 0xC0, 0x1F, 0xC0, 0x7E, 0x7E, 0x7E, 0x0E,
    0x0E, 0x0E, 0x0E, 0x0E, 0x0E, 0x0E, 0x0E, 0x00, 0x7F, 0xE0, 0x7F, 0xF8, 0x7F, 0xFC, 0x00, 0x1C,
    0x00, 0x1E, 0x00, 0x0E, 0x00, 0x0E, 0x00, 0x0E, 0x00, 0x0E, 0x00, 0x0E, 0x00, 0x0E, 0x00, 0x0E,
    0x00, 0x0E, 0x00, 0x0E, 0x00, 0x0E, 0x00, 0x0E, 0x00, 0x0E, 0x00, 0x0E, 0x00, 0x0E, 0x00, 0x0E,
    0x00, 0x0E, 0x00, 0x0E, 0x00, 0x0E, 0x00, 0x0E, 0x00, 0x0E, 0x00, 0x0E, 0xFF, 0x81, 0xFF, 0xC3,
    0xFF, 0xC0, 0x07, 0xC0, 0x07, 0x80, 0x07, 0x80, 0x0F, 0x00, 0x0E, 0x00, 0x1C, 0x00, 0x38, 0x00,
    0x70, 0x00, 0xE0, 0x01, 0xC0, 0x07, 0x80, 0x0F, 0x00, 0x3C, 0x00, 0xF9, 0xFF, 0xE3, 0xFF, 0x87,
    0xFC, 0x00, 0x60, 0x00, 0xE0, 0x00, 0xE0, 0x00, 0xE0, 0x00, 0xE0, 0x00, 0xE0, 0x00, 0xFF, 0xFE,
    0xFF, 0xFE, 0xFF, 0xFE, 0x00, 0x1C, 0x00, 0x1C, 0x00, 0x3C, 0x00, 0x38, 0x00, 0x38, 0x00, 0x78,
    0x00, 0x70, 0x00, 0x70, 0x00, 0xF0, 0x00, 0xE0, 0x00, 0xE0, 0x01, 0xE0, 0x01, 0xC0, 0x01, 0xC0,
    0x03, 0xC0, 0x03, 0x80, 0x03, 0x80, 0x7F, 0xFF, 0x87, 0xFF, 0xFC, 0x7F, 0xFF, 0xE1, 0xC0, 0x0F,
    0x1C, 0x00, 0xF1, 0xC0, 0x07, 0x1C, 0x00, 0x71, 0xC0, 0x07, 0x1C, 0x00, 0x71, 0xC0, 0x07, 0x1C,
    0x00, 0x71, 0xC0, 0x07, 0x1C, 0x00, 0x71, 0xC0, 0x07, 0x1C, 0x00, 0x71, 0xC0, 0x07, 0x1C, 0x00,
    0x71, 0xFF, 0xFF, 0x1F, 0xFF, 0xF1, 0xFF, 0xFF, 0x70, 0x3F, 0x03, 0xC7, 0xFC, 0x0E, 0x7F, 0xF0,
    0x73, 0x03, 0xC3, 0xB0, 0x0E, 0x0F, 0x80, 0x78, 0x78, 0x01, 0xC3, 0xC0, 0x0E, 0x1E, 0x00, 0x70,
    0xF0, 0x03, 0x87, 0x00, 0x1C, 0x38, 0x00, 0xE1, 0xC0, 0x07, 0x0E, 0x00, 0x78, 0xF0, 0x03, 0x87,
    0x00, 0x3C, 0x38, 0x03, 0xC1, 0xC3, 0xFE, 0x0E, 0x3F, 0xE0, 0xF1, 0xFC, 0x00, 0x7E, 0x7E, 0x7E,
    0x0E, 0x0E, 0x0E, 0x0E, 0x0E, 0x0E, 0x0E, 0x0E, 0x0E, 0x0E, 0x0E, 0x0E, 0x0E, 0x0E, 0x0E, 0x0E,
    0x0E, 0x0E, 0x0E, 0x0E, 0x0E, 0x0E, 0x0E, 0x3E, 0x0F, 0xC3, 0xF8, 0x0E, 0x03, 0x80, 0xE0, 0x38,
    0x0E, 0x03, 0x80, 0xE0, 0x38, 0x0E, 0x03, 0x80, 0xE0, 0x38, 0x0E, 0x03, 0x9F, 0xEF, 0xFB, 0xFE,
    0x7F, 0xFE, 0x07, 0xFF, 0xF8, 0x7F, 0xFF, 0x80, 0xE0, 0x3C, 0x1C, 0x01, 0xE1, 0xC0, 0x1E, 0x38,
    0x00, 0xE3, 0x80, 0x0E, 0x38, 0x00, 0xE3, 0x80, 0x0E, 0x38, 0x00, 0xE3, 0x80, 0x0E, 0x38, 0x00,
    0xE3, 0xC0, 0x1E, 0x3C, 0x01, 0xC1, 0xC0, 0x3C, 0x1E, 0x07, 0x80, 0xFF, 0xF8, 0x07, 0xFF, 0x00,
    0x1F, 0xC0, 0x00, 0x00, 0x1E, 0x00, 0xE3, 0x80, 0x38, 0xE0, 0x0E, 0x38, 0x03, 0x8F, 0x00, 0xE1,
    0xC0, 0x38, 0x70, 0x0E, 0x1C, 0x03, 0x87, 0x80, 0xE1, 0xE0, 0x38, 0x38, 0x1E, 0x0E, 0x07, 0x03,
    0xC1, 0xC0, 0xF0, 0xF0, 0x1C, 0x38, 0x07, 0x3E, 0x01, 0xFF, 0x00, 0xFF, 0x01, 0xFF, 0x80, 0xFF,
    0x00, 0x38, 0x00, 0x00, 0x0F, 0xF0, 0x1F, 0xFC, 0x1F, 0xFF, 0x8F, 0x03, 0xCF, 0x00, 0xF7, 0x00,
    0x3B, 0x80, 0x1F, 0xC0, 0x07, 0xF0, 0x03, 0xF8, 0x01, 0xDF, 0x80, 0xE7, 0xC0, 0x70, 0xE0, 0x38,
    0x00, 0x1C, 0x00, 0x0E, 0x00, 0x07, 0x00, 0x03, 0x80, 0x01, 0xC0, 0x00, 0xE0, 0x00, 0x70, 0x00,
    0x38, 0x00, 0x1C, 0x00, 0x0E, 0x00, 0x07, 0x00, 0x03, 0x80, 0x01, 0xC0, 0x0F, 0xF0, 0x1F, 0xFC,
    0x1F, 0xFF, 0x8F, 0x03, 0xCF, 0x00, 0xF7, 0x00, 0x3B, 0x80, 0x1F, 0xC0, 0x07, 0xF0, 0x03, 0xF8,
    0x01, 0xDF, 0x00, 0xE7, 0xC0, 0x71, 0xE0, 0x78, 0x00, 0x3C, 0x00, 0x1C, 0x00, 0x1E, 0x00, 0x3E,
    0x3F, 0xFE, 0x3F, 0xFE, 0x1F, 0xFC, 0x00, 0x78, 0x07, 0x1C, 0x03, 0x8F, 0x01, 0xC7, 0x81, 0xE1,
    0xC0, 0xF0, 0xF0, 0x70, 0x38, 0x38, 0x1E, 0x3C, 0x07, 0x1C, 0x03, 0x9E, 0x01, 0xFE, 0x00, 0x7E,
    0x00, 0x3C, 0x00, 0x1E, 0x00, 0x07, 0x00, 0x03, 0x80, 0x01, 0xE0, 0x00, 0x70, 0x00, 0x38, 0x00,
    0x1E, 0x00, 0x0F, 0x00, 0x03, 0x80, 0x01, 0xC0, 0x00, 0xF0, 0x00, 0x78, 0x00, 0x1C, 0x00, 0xF0,
    0x0F, 0x78, 0x0E, 0x78, 0x0E, 0x3C, 0x0E, 0x1C, 0x0E, 0x1E, 0x0E, 0x0F, 0x1E, 0x07, 0x1C, 0x07,
    0xBC, 0x03, 0xF8, 0x03, 0xF0, 0x01, 0xE0, 0x00, 0xE0, 0x00, 0xF0, 0x00, 0x78, 0x00, 0x38, 0x00,
    0x3C, 0xFF, 0xFE, 0xFF, 0xFE, 0xFF, 0xFE, 0xFF, 0xFF, 0xFF, 0xFF, 0xFF, 0xFF, 0xF8, 0x00, 0x0E,
    0x00, 0x07, 0x80, 0x01, 0xC0, 0x00, 0x71, 0xC0, 0x3C, 0x70, 0x0E, 0x1C, 0x03, 0x87, 0x00, 0xE1,
    0xC0, 0x78, 0x70, 0x1C, 0x1C, 0x07, 0x07, 0x03, 0xC1, 0xC0, 0xE0, 0x70, 0x38, 0x1C, 0x1E, 0x07,
    0x07, 0x01, 0xC1, 0xC0, 0x70, 0x00, 0x1C, 0x00, 0x07, 0x00, 0x01, 0xC0, 0x00, 0x70, 0x00, 0x1C,
    0x00, 0x00, 0x7F, 0xE1, 0xFF, 0xE1, 0xFF, 0xE0, 0x01, 0xE0, 0x01, 0xC0, 0x03, 0x80, 0x07, 0x00,
    0x0E, 0x00, 0x1C, 0x00, 0x38, 0x00, 0x70, 0x00, 0xE0, 0x01, 0xC0, 0x03, 0x80, 0x07, 0x00, 0x0E,
    0x00, 0x1C, 0x00, 0x38, 0x00, 0x70, 0x00, 0xE0, 0xE0, 0x70, 0x3F, 0x03, 0x81, 0xF8, 0x1C, 0x0F,
    0xC0, 0xE0, 0x7E, 0x07, 0x03, 0xF0, 0x38, 0x1F, 0x83, 0xC0, 0xFC, 0x1C, 0x07, 0xE1, 0xE0, 0x3F,
    0x1E, 0x01, 0xFF, 0xF0, 0x0F, 0xFE, 0x00, 0xFF, 0x80, 0x07, 0xB8, 0x00, 0x39, 0xC0, 0x03, 0xC7,
    0x00, 0x1C, 0x3C, 0x03, 0xE0, 0xFF, 0xFE, 0x03, 0xFF, 0xE0, 0x07, 0xFC, 0x00, 0x7F, 0xFF, 0x07,
    0xFF, 0xF8, 0x7F, 0xFF, 0xC0, 0xE0, 0x1E, 0x0E, 0x00, 0xE0, 0xE0, 0x0E, 0x0E, 0x00, 0xE0, 0xE0,
    0x0E, 0x0E, 0x00, 0xE0, 0xE0, 0x0E, 0x0E, 0x00, 0xE0, 0xE0, 0x0E, 0x0E, 0x00, 0xE0, 0xE0, 0x0E,
    0x0E, 0x00, 0xE0, 0xE0, 0x0E, 0x1E, 0x00, 0xE7, 0xE0, 0x0E, 0xFC, 0x00, 0xEF, 0x80, 0x0E, 0x03,
    0xF0, 0x00, 0x7E, 0x00, 0x1F, 0xC0, 0x00, 0x38, 0x00, 0x07, 0x00, 0x00, 0xE0, 0x1F, 0x9D, 0xF3,
    0xF3, 0xBE, 0x7E, 0x77, 0xC1, 0xCE, 0x38, 0x39, 0xC7, 0x07, 0x38, 0xE0, 0xE0, 0x1C, 0x1C, 0x03,
    0x83, 0x80, 0x70, 0x70, 0x0E, 0x0E, 0x01, 0xC0, 0x00, 0x00, 0x7E, 0x1F, 0xBF, 0x0F, 0xDF, 0x87,
    0xE1, 0xC0, 0x70, 0xE0, 0x38, 0x70, 0x1C, 0x38, 0x0E, 0x1C, 0x07, 0x0E, 0x03, 0x87, 0x01, 0xC3,
    0x80, 0xE1, 0xC0, 0x70, 0xE0, 0x38, 0x70, 0x1C, 0x38, 0x0E, 0x1C, 0x07, 0x0E, 0x03, 0x87, 0x01,
    0xC3, 0x80, 0xE1, 0xC0, 0x70, 0x7E, 0x1F, 0x9F, 0x87, 0xE7, 0xE1, 0xF8, 0x38, 0x0E, 0x0E, 0x03,
    0x83, 0x80, 0xE0, 0xE0, 0x38, 0x38, 0x0E, 0x0E, 0x03, 0x83, 0x80, 0xE0, 0xE0, 0x38, 0x00, 0x0E,
    0x00, 0x03, 0x80, 0x00, 0xE0, 0x00, 0x38, 0x00, 0x0E, 0x00, 0x03, 0x80, 0x00, 0xE0, 0x00, 0x38,
    0x00, 0x0E, 0x7E, 0x1F, 0x9F, 0x87, 0xE7, 0xE1, 0xF8, 0x38, 0x0E, 0x0E, 0x03, 0x83, 0x80, 0xE0,
    0xE0, 0x38, 0x38, 0x0E, 0x0E, 0x03, 0x83, 0x80, 0xE0, 0xE0, 0x38, 0x00, 0x00, 0x38, 0xE3, 0x8E,
    0x31, 0xC7, 0x18, 0x60, 0x38, 0xE3, 0x8E, 0x38, 0xE3, 0x8E, 0x30, 0xC7, 0x1C, 0x71, 0xC6, 0x1C,
    0x61, 0x80, 0x00, 0x00, 0x00, 0x00, 0x00, 0x00, 0x00, 0x00, 0x1C, 0x00, 0x00, 0x00, 0x03, 0x80,
    0x00, 0x00, 0x00, 0x70, 0x00, 0x00, 0x00, 0x0E, 0x00, 0x00, 0x00, 0x00, 0xC0, 0xFF, 0xFF, 0xFF,
    0xFF, 0xFF, 0xFF, 0xFF, 0xFF, 0xFE, 0x7F, 0xFF, 0xFF, 0xFF, 0xE0, 0x01, 0xC0, 0x00, 0x00, 0x00,
    0x00, 0xF2, 0x1F, 0x0C, 0x00, 0x00, 0x00, 0x3F, 0xF1, 0xF8, 0xF8, 0x00, 0x00, 0x3F, 0xFD, 0x8C,
    0xE7, 0xFE, 0x00, 0x3F, 0xFC, 0x6C, 0xC3, 0xEF, 0xFF, 0xFF, 0xFE, 0x06, 0x6E, 0x1E, 0x0F, 0xFF,
    0xFF, 0x00, 0x23, 0xE0, 0x20, 0x07, 0xFE, 0x00, 0x00, 0x1E, 0x00, 0x00, 0x00, 0x00, 0x00, 0x00,
    0x70, 0x00, 0x00, 0x00, 0x00, 0x00, 0x00, 0x3C, 0x00, 0x00, 0x00, 0x00, 0xFC, 0x00, 0x00, 0x00,
    0x03, 0x98, 0x00, 0x00, 0x00, 0x06, 0x18, 0x00, 0x00, 0x00, 0x0C, 0x20, 0x00, 0x00, 0x00, 0x1F,
    0xFF, 0xFF, 0xFF, 0xFF, 0xDF, 0xFF, 0xFF, 0xFF, 0xFF, 0x1F, 0xFF, 0xFF, 0xFF, 0xFC, 0x00, 0x00,
    0x00, 0x03, 0x00, 0x00, 0x00, 0x03, 0xE0, 0x00, 0x00, 0x01, 0xFC, 0x00, 0x00, 0x04, 0xE7, 0x00,
    0x00, 0x03, 0x30, 0xE0, 0x00, 0x01, 0xF8, 0x7F, 0xFF, 0xFF, 0xFF, 0xFB, 0xFF, 0xFF, 0xFF, 0xFC,
    0x3F, 0xFF, 0xF1, 0xFE, 0x00, 0x00, 0x00, 0x40, 0x00, 0x00, 0x00, 0x00, 0x00, 0x00, 0x00, 0x00,
    0x00, 0x00, 0x00, 0x00, 0x00, 0x00, 0x40, 0x00, 0x00, 0x00, 0x00, 0x00, 0x00, 0x00, 0x00, 0x0E,
    0x00, 0x00, 0x00, 0x00, 0x00, 0x00, 0x00, 0x00, 0x00, 0xE0, 0x00, 0x00, 0x00, 0x00, 0x00, 0x00,
    0x00, 0x00, 0x8E, 0x00, 0x00, 0x00, 0x00, 0x00, 0x00, 0x00, 0x00, 0x18, 0xE0, 0x00, 0x00, 0x00,
    0x00, 0x00, 0x00, 0x00, 0x01, 0x86, 0x00, 0x00, 0x00, 0x00, 0x00, 0x00, 0x07, 0x00, 0x30, 0x70,
    0x00, 0x00, 0x00, 0x00, 0x00, 0x00, 0xFC, 0x03, 0x07, 0x00, 0x00, 0x00, 0x00, 0x00, 0x00, 0x1F,
    0xF0, 0x7E, 0x20, 0x00, 0x00, 0x00, 0x00, 0x00, 0x01, 0x8F, 0xFF, 0xFE, 0x00, 0x00, 0x00, 0x00,
    0x00, 0x00, 0x30, 0x7F, 0xFF, 0xE0, 0x00, 0x00, 0x00, 0x00, 0x00, 0x03, 0x00, 0xFC, 0x3C, 0x00,
    0x00, 0x00, 0x00, 0x00, 0x00, 0x30, 0x00, 0x00, 0x00, 0x00, 0x00, 0x00, 0x00, 0x00, 0x03, 0x00,
    0x00, 0x00, 0xFF, 0xFF, 0xFF, 0xFF, 0xFF, 0xFE, 0x30, 0x00, 0x00, 0x07, 0xFF, 0xFF, 0xFF, 0xFF,
    0xFF, 0xFF, 0xC0, 0x00, 0x00, 0x3F, 0xFF, 0xFF, 0xFF, 0xFF, 0xFF, 0xFF, 0x00, 0x00, 0x00, 0x00,
    0x00, 0x00, 0x00, 0x00, 0x7F, 0xF0, 0x00, 0x00, 0x00, 0x00, 0x00, 0x00, 0x00, 0x00, 0x03, 0x00,
    0x00, 0x00, 0x00, 0x00, 0x00, 0x00, 0x00, 0x00, 0x00, 0x00, 0x00, 0x00, 0x00, 0x00, 0x00, 0x07,
    0x80, 0x00, 0x00, 0xE3, 0xFE, 0x00, 0x03, 0xF1, 0xFF, 0xFF, 0xFF, 0xF0, 0xC1, 0xFF, 0xFF, 0xF0,
    0x00, 0x07, 0xFF, 0xE0, 0x00, 0x00, 0x00, 0x00, 0x26, 0xC3, 0x06, 0xD8, 0x30, 0x7E, 0x06, 0x0C,
    0x00, 0x61, 0x80, 0x0C, 0x18, 0x00, 0xC3, 0x00, 0x18, 0x60, 0x01, 0x8C, 0x00, 0x30, 0x07, 0x86,
    0x01, 0xF0, 0x60, 0x70, 0x0C, 0x0E, 0x00, 0xC3, 0x80, 0x18, 0x70, 0x01, 0x9C, 0x00, 0x33, 0x80,
    0x03, 0xE0, 0x00, 0x7C, 0x00, 0x07, 0x00, 0x00, 0xC0, 0x00, 0x18, 0x00, 0x00, 0x00, 0x00, 0x00,
    0x00, 0x0C, 0x03, 0x03, 0x00, 0x30, 0xC0, 0x06, 0x1C, 0x00, 0xE1, 0xC0, 0x0C, 0x10, 0x01, 0x82,
    0x00, 0x18, 0xC0, 0x03, 0x1E, 0x00, 0x31, 0xCF, 0x86, 0x03, 0xF0, 0x60, 0x70, 0x0C, 0x1C, 0x01,
    0xC3, 0x80, 0x18, 0xE0, 0x03, 0x9C, 0x00, 0x37, 0x00, 0x07, 0xE0, 0x00, 0x78, 0x00, 0x0F, 0x00,
    0x00, 0xC0, 0x00, 0x10, 0x00, 0x00, 0x00, 0x00, 0x00, 0x00, 0x00, 0x00, 0x00, 0x01, 0x80, 0x00,
    0x00, 0x0C, 0x00, 0x07, 0x80, 0xE0, 0x00, 0x7E, 0x03, 0x80, 0x07, 0xF8, 0x1C, 0x00, 0x31, 0xE0,
    0xE0, 0x03, 0x07, 0x03, 0x00, 0x18, 0x18, 0x18, 0x00, 0xC0, 0xE1, 0xC0, 0x07, 0x07, 0xFC, 0x0C,
    0x3F, 0xFF, 0xC1, 0xE0, 0xFF, 0xF0, 0x3F, 0x03, 0xFE, 0x03, 0xD8, 0x00, 0x30, 0x18, 0xC0, 0x01,
    0x80, 0x06, 0x00, 0x08, 0x00, 0x30, 0x00, 0xC0, 0x01, 0xC0, 0x1C, 0x00, 0x0F, 0x07, 0xC0, 0x00,
    0x3F, 0xFC, 0x00, 0x00, 0xFF, 0x80, 0x00, 0x01, 0xF0, 0x00, 0x00, 0x00, 0x40, 0x10, 0x30, 0x1C,
    0x30, 0x0F, 0x18, 0x0F, 0x98, 0x01, 0x8C, 0x00, 0x0C, 0x00, 0x06, 0x00, 0x06, 0x00, 0x03, 0x00,
    0x03, 0x00, 0x01, 0x80, 0x01, 0x88, 0x20, 0xCE, 0x38, 0xC7, 0xBE, 0x63, 0xDF, 0x60, 0xC3, 0x30,
    0x00, 0x10, 0x00, 0x00, 0x00, 0x40, 0x00, 0x40, 0xC0, 0x01, 0xC3, 0x00, 0x03, 0xC6, 0x00, 0x0F,
    0x98, 0x00, 0x06, 0x30, 0x00, 0x00, 0xC0, 0x00, 0x01, 0x80, 0x00, 0x06, 0x00, 0x00, 0x0C, 0x00,
    0x00, 0x30, 0x00, 0x00, 0x60, 0x00, 0x01, 0x88, 0x21, 0x83, 0x38, 0xE3, 0x8C, 0x7B, 0xEF, 0x98,
    0xF7, 0xDF, 0x60, 0xC3, 0x0C, 0xC0, 0x00, 0x01, 0x00, 0x00, 0x00, 0x00, 0x00, 0x18, 0x01, 0xE0,
    0x0F, 0x00, 0x30, 0x00, 0x00, 0x00, 0x00, 0x70, 0x07, 0xC0, 0x7F, 0x03, 0x3C, 0x30, 0xE1, 0x83,
    0x0C, 0x1C, 0x60, 0xE3, 0xFF, 0x0F, 0xF8, 0x7C, 0xC0, 0x06, 0x01, 0xF7, 0xFF, 0x7F, 0xE3, 0xF8,
    0x00, 0x00, 0x00, 0x00, 0x0C, 0x00, 0xE0, 0x03, 0x00, 0x18, 0x00, 0xC0, 0x06, 0x00, 0x30, 0x01,
    0x80, 0x00, 0x00, 0x11, 0x88, 0xCE, 0x73, 0xDE, 0x70, 0x00, 0x08, 0x30, 0xE3, 0x86, 0x18, 0x30,
    0xC1, 0x82, 0x00, 0x00, 0x0F, 0x00, 0x00, 0x0F, 0xE0, 0x00, 0x07, 0xFC, 0x00, 0x01, 0xC7, 0x00,
    0x00, 0xC0, 0xE0, 0x00, 0x30, 0x18, 0x00, 0x3C, 0x06, 0x00, 0x3B, 0xC1, 0x00, 0xFE, 0xFF, 0xFF,
    0xFE, 0x1F, 0xFF, 0xFF, 0x01, 0xFF, 0xFC, 0x00, 0x0F, 0x80, 0x07, 0xF0, 0x03, 0xFE, 0x00, 0xC0,
    0x00, 0x60, 0x00, 0x18, 0x00, 0x06, 0x00, 0x01, 0xE0, 0x78, 0x3E, 0x7C, 0x0F, 0xFE, 0x01, 0xFE,
    0x00, 0x1E, 0x00, 0x06, 0x00, 0x03, 0x00, 0x01, 0x80, 0x00, 0x60, 0x78, 0x10, 0x7F, 0x8C, 0x3F,
    0xE3, 0x3E, 0x1C, 0xDE, 0x03, 0x3E, 0x00, 0xC7, 0x00, 0x33, 0xC0, 0x1C, 0xF8, 0x0E, 0x67, 0xFF,
    0x18, 0xFF, 0x8C, 0x1F, 0x80, 0x00, 0x00, 0x0C, 0x2F, 0x8F, 0x27, 0x8C, 0x10, 0x00, 0x0E, 0x0C,
    0x36, 0x1F, 0xE7, 0xE3, 0x01, 0x00, 0x00, 0x00, 0xDF, 0xA3, 0x13, 0x0B, 0x0D, 0x9C, 0x00, 0x18,
    0x00, 0xC8, 0x5A, 0xE2, 0xB9, 0x37, 0x89, 0x82, 0x47, 0x00, 0x00, 0x00, 0x80, 0x0C, 0x9F, 0xF8,
    0x00, 0x00, 0x20, 0x20, 0x20, 0x2E, 0x33, 0xA2, 0x7C, 0x00, 0x00, 0x18, 0x01, 0xC0, 0x06, 0x00,
    0x30, 0x01, 0x80, 0x0C, 0x01, 0xE0, 0x38, 0x02, 0x00, 0x1F, 0xFC, 0x01, 0x80, 0x21, 0x08, 0x20,
    0x17, 0x00, 0x0B, 0xD8, 0x00, 0x33, 0x9C, 0x6E, 0x00, 0x01, 0xFD, 0x00, 0x11, 0x88, 0xCE, 0x73,
    0xDE, 0x60, 0x00, 0x00, 0x33, 0xDE, 0x20, 0x00, 0x40, 0x0C, 0x00, 0xC0, 0x0C, 0x00, 0xC0, 0x0C,
    0x00, 0xE0, 0x07, 0xC0, 0x3C, 0x00, 0xC0, 0x0C, 0x00, 0xC0, 0x0C, 0x00, 0xC4, 0x0C, 0x70, 0xE7,
    0x07, 0xF0, 0x3E, 0x00, 0x03, 0x00, 0xE0, 0x38, 0x06, 0x0C, 0x67, 0xBD, 0xEF, 0x31, 0x80, 0x00,
    0x0F, 0x03, 0xF8, 0xFF, 0xB8, 0x6E, 0x01, 0x80, 0x30, 0x07, 0x00, 0xF8, 0x0F, 0x80, 0xF8, 0x07,
    0x00, 0x60, 0x0C, 0x01, 0x80, 0x00, 0x00, 0x01, 0x00, 0x78, 0x0F, 0x00, 0xC0, 0x00, 0x00, 0x00,
    0x1C, 0x00, 0x7E, 0x00, 0x7E, 0x00, 0xE0, 0x01, 0xC0, 0x01, 0x80, 0x03, 0x00, 0x03, 0x00, 0x03,
    0x00, 0x03, 0xC0, 0x03, 0xFC, 0x01, 0xFE, 0x00, 0x3E, 0x00, 0x06, 0x00, 0x0E, 0x00, 0x1C, 0x00,
    0xF8, 0x7F, 0xE0, 0x7F, 0xC0, 0x1F, 0x00, 0x07, 0x00, 0x7C, 0x07, 0xF0, 0x39, 0x83, 0x08, 0x18,
    0x00, 0xC0, 0x07, 0xFF, 0x1F, 0xF3, 0xFF, 0x1C, 0x00, 0x00, 0x00, 0x10, 0x0F, 0xF6, 0xF0, 0x00,
    0x00, 0x01, 0x00, 0x60, 0x18, 0x06, 0x01, 0x80, 0x60, 0x18, 0x06, 0x01, 0x80, 0x60, 0x18, 0x06,
    0x01, 0x80, 0x60, 0x18, 0x06, 0x01, 0x80, 0x60, 0x18, 0x06, 0x01, 0x80, 0x60, 0x00, 0x33, 0xB5,
    0x87, 0xFA, 0x00, 0x31, 0x8C, 0x73, 0x18, 0xC6, 0x31, 0x8C, 0x63, 0x18, 0xC6, 0x31, 0x8C, 0x63,
    0x18, 0x00, 0x01, 0x80, 0x1E, 0x01, 0xB0, 0x08, 0x00, 0x7C, 0x01, 0xE0, 0x1C, 0x00, 0x80, 0x03,
    0xC0, 0x3F, 0x03, 0xF8, 0x18, 0xE1, 0x83, 0x0C, 0x0C, 0x60, 0x63, 0x83, 0x1F, 0xF8, 0x7F, 0xC1,
    0xF6, 0x00, 0x30, 0x03, 0x00, 0x39, 0x07, 0x9F, 0xF8, 0x7F, 0x80, 0x78, 0x00, 0x03, 0x18, 0xE7,
    0x31, 0x8C, 0x63, 0x18, 0xC6, 0x31, 0x8C, 0x63, 0x18, 0xC6, 0x31, 0x80, 0x33, 0xF5, 0x87, 0xFE,
    0x00, 0x00, 0x07, 0x00, 0x07, 0xE7, 0x01, 0xF9, 0xE0, 0xE0, 0xC0, 0x70, 0x30, 0x18, 0x07, 0x8C,
    0x03, 0xC3, 0x00, 0x80, 0xC0, 0x00, 0x3C, 0x0C, 0x0F, 0xF3, 0x01, 0xFE, 0xC0, 0x0F, 0xB0, 0x00,
    0x6C, 0x00, 0x3B, 0x80, 0x1C, 0xF0, 0x3E, 0x1F, 0xFF, 0x03, 0xFF, 0x00, 0x7E, 0x00, 0x06, 0x66,
    0x66, 0x66, 0x66, 0x66, 0x66, 0x66, 0x66, 0x66, 0x66, 0x60, 0x00, 0x00, 0x08, 0x00, 0x00, 0x60,
    0x00, 0x03, 0x80, 0x00, 0x0F, 0x00, 0x00, 0x1F, 0x00, 0x00, 0x7C, 0x00, 0x01, 0xF0, 0x00, 0x03,
    0xC0, 0x00, 0x0F, 0x80, 0x00, 0xFF, 0x80, 0x1F, 0x9F, 0xFF, 0xFC, 0x3F, 0xFF, 0xC0, 0x3F, 0xF8,
    0x00, 0x00, 0x00, 0x00, 0x00, 0x00, 0x00, 0x20, 0x00, 0x01, 0xC0, 0x00, 0x0F, 0x00, 0x00, 0x1C,
    0x00, 0x00, 0x20, 0x00, 0x01, 0x0E, 0x73, 0xDE, 0x39, 0x82, 0x00, 0x00, 0x02, 0x00, 0xF0, 0x0F,
    0x01, 0xF0, 0x7E, 0x18, 0xE2, 0x1C, 0xC1, 0xD8, 0x3B, 0x02, 0x60, 0xCF, 0xF8, 0xFE, 0x0F, 0x80,
    0x00, 0x00, 0x00, 0x04, 0x60, 0x00, 0x3B, 0xC0, 0x81, 0xE7, 0x06, 0x03, 0x08, 0x38, 0x00, 0x00,
    0xF0, 0x00, 0x01, 0xF0, 0x00, 0x07, 0xC0, 0x00, 0x1F, 0x00, 0x00, 0x3C, 0x00, 0x00, 0xF8, 0x00,
    0x0F, 0xF8, 0x01, 0xF9, 0xFF, 0xFF, 0xC3, 0xFF, 0xFC, 0x03, 0xFF, 0x80, 0x00, 0x00, 0x00, 0x01,
    0x80, 0x00, 0x0F, 0x00, 0x00, 0x1A, 0x00, 0x03, 0x9C, 0x08, 0x0E, 0x70, 0x60, 0x38, 0x83, 0x80,
    0x00, 0x0F, 0x00, 0x00, 0x1F, 0x00, 0x00, 0x7C, 0x00, 0x01, 0xF0, 0x00, 0x03, 0xC0, 0x00, 0x0F,
    0x80, 0x00, 0xFF, 0x80, 0x1F, 0x9F, 0xFF, 0xFC, 0x3F, 0xFF, 0xC0, 0x3F, 0xF8, 0x00, 0x7F, 0x00,
    0x1F, 0xFE, 0x03, 0xFF, 0xFF, 0x60, 0xFF, 0xC0, 0x1F, 0xF8, 0x07, 0xE0, 0x01, 0xE0, 0x00, 0x70,
    0x00, 0x1C, 0x00, 0x07, 0x00, 0x00, 0xC0, 0x80, 0x30, 0x38, 0x06, 0x0F, 0x80, 0xC0, 0xE0, 0x18,
    0x08, 0x03, 0x00, 0x00, 0x60, 0x00, 0x06, 0x00, 0x00, 0xF0, 0x03, 0x0F, 0xFF, 0xE0, 0xFF, 0xF8,
    0x07, 0xF8, 0x00, 0x7F, 0x00, 0x1F, 0xFE, 0x03, 0xFF, 0xFF, 0x60, 0xFF, 0xC0, 0x1F, 0xF8, 0x07,
    0xE0, 0x01, 0xE0, 0x00, 0x70, 0x00, 0x1C, 0x00, 0x07, 0x00, 0x00, 0xC0, 0x00, 0x30, 0x00, 0x06,
    0x00, 0x00, 0xC0, 0x00, 0x18, 0x00, 0x03, 0x00, 0x00, 0x60, 0x00, 0x06, 0x00, 0x00, 0xF0, 0x03,
    0x0F, 0xFF, 0xE0, 0xFF, 0xF8, 0x07, 0xF8, 0x00, 0x00, 0x00, 0x00, 0x1C, 0x00, 0x07, 0x80, 0x00,
    0xF0, 0x00, 0x04, 0x00, 0x00, 0x00, 0x00, 0x00, 0x03, 0xF8, 0x00, 0xFF, 0xF0, 0x1F, 0xFF, 0xFB,
    0x07, 0xFE, 0x00, 0xFF, 0xC0, 0x3F, 0x00, 0x0F, 0x00, 0x03, 0x80, 0x00, 0xE0, 0x00, 0x38, 0x00,
    0x06, 0x00, 0x01, 0x80, 0x00, 0x30, 0x00, 0x06, 0x00, 0x00, 0xC0, 0x00, 0x18, 0x00, 0x03, 0x00,
    0x00, 0x30, 0x00, 0x07, 0x80, 0x18, 0x7F, 0xFF, 0x07, 0xFF, 0xC0, 0x3F, 0xC0, 0x00, 0x00, 0x30,
    0x03, 0x80, 0x38, 0x03, 0xC0, 0x1C, 0x01, 0xE0, 0x0E, 0x00, 0x70, 0x07, 0xC0, 0x6F, 0xFE, 0xFF,
    0xC7, 0xF8, 0x00, 0x00, 0x60, 0x0F, 0x00, 0xF0, 0x06, 0x00, 0x00, 0x00, 0x00, 0x00, 0x03, 0x00,
    0x38, 0x03, 0x80, 0x3C, 0x01, 0xC0, 0x1E, 0x00, 0xE0, 0x07, 0x00, 0x7C, 0x06, 0xFF, 0xEF, 0xFC,
    0x7F, 0x80, 0x00, 0x00, 0x02, 0x00, 0x38, 0x01, 0xC0, 0x0E, 0x00, 0x38, 0x01, 0xC0, 0x06, 0x00,
    0x38, 0x00, 0xC0, 0x06, 0x00, 0x20, 0x03, 0x00, 0x18, 0x01, 0x80, 0x3C, 0x7F, 0xC3, 0xFC, 0x07,
    0xC0, 0x00, 0x00, 0x0C, 0x00, 0xF0, 0x07, 0x00, 0x00, 0x00, 0x00, 0x00, 0x00, 0x08, 0x00, 0xE0,
    0x07, 0x00, 0x38, 0x00, 0xE0, 0x07, 0x00, 0x18, 0x00, 0xE0, 0x03, 0x00, 0x18, 0x00, 0x80, 0x0C,
    0x00, 0x60, 0x06, 0x00, 0xF1, 0xFF, 0x0F, 0xF0, 0x1F, 0x00, 0x00, 0x00, 0x00, 0x00, 0x00, 0x00,
    0x00, 0x60, 0x00, 0x00, 0x01, 0x80, 0x00, 0x00, 0x0E, 0x00, 0x00, 0x03, 0x1C, 0x00, 0x18, 0x18,
    0x70, 0x00, 0xE0, 0x61, 0xC0, 0x03, 0x81, 0x83, 0x00, 0x0E, 0x0F, 0x0C, 0x00, 0x3F, 0xFF, 0xFC,
    0x00, 0x7F, 0xFF, 0xB0, 0x01, 0xFE, 0x3E, 0xC0, 0x03, 0x00, 0x03, 0x00, 0x0C, 0x00, 0x0C, 0x00,
    0x20, 0x00, 0x30, 0x01, 0x80, 0x00, 0xE0, 0x1C, 0x00, 0x03, 0xC1, 0xE0, 0x00, 0x07, 0xFF, 0x00,
    0x00, 0x0F, 0xF8, 0x00, 0x00, 0x0F, 0x80, 0x00, 0x00, 0x00, 0x00, 0x00, 0x00, 0x00, 0x00, 0x18,
    0x00, 0x00, 0x00, 0xE0, 0x00, 0x00, 0x01, 0xA0, 0x00, 0x00, 0x31, 0xC0, 0x00, 0x00, 0xEF, 0x00,
    0x00, 0x03, 0x98, 0x00, 0x00, 0x00, 0x06, 0x00, 0x00, 0x00, 0x18, 0x00, 0x00, 0x00, 0xE0, 0x00,
    0x00, 0x31, 0xC0, 0x01, 0x81, 0x87, 0x00, 0x0E, 0x06, 0x1C, 0x00, 0x38, 0x18, 0x30, 0x00, 0xE0,
    0xF0, 0xC0, 0x03, 0xFF, 0xFF, 0xC0, 0x07, 0xFF, 0xFB, 0x00, 0x1F, 0xE3, 0xEC, 0x00, 0x30, 0x00,
    0x30, 0x00, 0xC0, 0x00, 0xC0, 0x02, 0x00, 0x03, 0x00, 0x18, 0x00, 0x0E, 0x01, 0xC0, 0x00, 0x3C,
    0x1E, 0x00, 0x00, 0x7F, 0xF0, 0x00, 0x00, 0xFF, 0x80, 0x00, 0x00, 0xF8, 0x00, 0x00, 0x00, 0x00,
    0x00, 0x00, 0x70, 0x00, 0x00, 0x00, 0xFE, 0x00, 0x00, 0x01, 0xFF, 0x80, 0x00, 0x01, 0xE3, 0xE0,
    0x00, 0x01, 0xC0, 0x70, 0x00, 0x31, 0xC0, 0x1C, 0x00, 0x39, 0xC0, 0x04, 0x00, 0x1D, 0xC0, 0x0E,
    0x00, 0x0F, 0xC0, 0x3E, 0x00, 0x07, 0xFF, 0xFE, 0x30, 0x01, 0xFF, 0xFE, 0x18, 0x00, 0xEF, 0xF8,
    0x0C, 0x00, 0x30, 0x00, 0x06, 0x00, 0x18, 0x00, 0x03, 0x00, 0x08, 0x00, 0x01, 0x80, 0x0C, 0x00,
    0x00, 0xE0, 0x1C, 0x00, 0x00, 0x78, 0x3C, 0x00, 0x00, 0x1F, 0xFC, 0x00, 0x00, 0x07, 0xFC, 0x00,
    0x00, 0x00, 0xF8, 0x00, 0x00, 0x00, 0x00, 0x00, 0x00, 0x00, 0x00, 0x00, 0x03, 0x00, 0x00, 0x00,
    0x03, 0xC0, 0x00, 0x00, 0x01, 0xE0, 0x00, 0x00, 0x00, 0x60, 0x00, 0x00, 0x00, 0x00, 0x00, 0x00,
    0x00, 0x00, 0x00, 0x00, 0x00, 0x00, 0x00, 0x00, 0x00, 0x00, 0x70, 0x00, 0x00, 0x00, 0xFE, 0x00,
    0x00, 0x01, 0xFF, 0x80, 0x00, 0x01, 0xE3, 0xE0, 0x00, 0x01, 0xC0, 0x70, 0x00, 0x31, 0xC0, 0x1C,
    0x00, 0x39, 0xC0, 0x04, 0x00, 0x1D, 0xC0, 0x0E, 0x00, 0x0F, 0xC0, 0x3E, 0x00, 0x07, 0xFF, 0xFE,
    0x30, 0x01, 0xFF, 0xFE, 0x18, 0x00, 0xEF, 0xF8, 0x0C, 0x00, 0x30, 0x00, 0x06, 0x00, 0x18, 0x00,
    0x03, 0x00, 0x08, 0x00, 0x01, 0x80, 0x0C, 0x00, 0x00, 0xE0, 0x1C, 0x00, 0x00, 0x78, 0x3C, 0x00,
    0x00, 0x1F, 0xFC, 0x00, 0x00, 0x07, 0xFC, 0x00, 0x00, 0x00, 0xF8, 0x00, 0x00, 0x00, 0x00, 0x00,
    0x00, 0x01, 0x80, 0x00, 0x03, 0x80, 0x00, 0x03, 0x80, 0x00, 0x03, 0x80, 0x00, 0x03, 0x80, 0x00,
    0x03, 0x80, 0x00, 0x03, 0x80, 0x00, 0x03, 0x80, 0x00, 0x01, 0x80, 0x00, 0x01, 0x80, 0x00, 0x01,
    0x80, 0xE0, 0x01, 0x83, 0xF8, 0x01, 0xCF, 0xFC, 0x00, 0xDE, 0x3E, 0x00, 0xF8, 0x0F, 0x00, 0xF0,
    0x07, 0x00, 0xE0, 0x02, 0x01, 0xC0, 0x0E, 0x7B, 0x80, 0x7C, 0x7F, 0xFF, 0xF8, 0x1F, 0xFF, 0xF0,
    0x07, 0xFF, 0x80, 0x00, 0x00, 0x00, 0x01, 0x80, 0x00, 0x03, 0x80, 0x00, 0x03, 0x80, 0x00, 0x03,
    0x80, 0xC0, 0x03, 0x81, 0xE0, 0x03, 0x81, 0xC0, 0x03, 0x80, 0xC0, 0x03, 0x80, 0x00, 0x01, 0x80,
    0x00, 0x01, 0x80, 0x00, 0x01, 0x80, 0xE0, 0x01, 0x83, 0xF8, 0x01, 0xCF, 0xFC, 0x00, 0xDE, 0x3E,
    0x00, 0xF8, 0x0F, 0x00, 0xF0, 0x07, 0x00, 0xE0, 0x02, 0x01, 0xC0, 0x0E, 0x7B, 0x80, 0x7C, 0x7F,
    0xFF, 0xF8, 0x1F, 0xFF, 0xF0, 0x07, 0xFF, 0x80, 0x1F, 0x00, 0x07, 0xF0, 0x01, 0xFF, 0x00, 0x30,
    0x00, 0x0C, 0x00, 0x01, 0x80, 0x00, 0x30, 0x02, 0x07, 0x81, 0xE0, 0xFC, 0xF8, 0x0F, 0xFE, 0x00,
    0xFE, 0x00, 0x07, 0x00, 0x01, 0xC0, 0x00, 0x60, 0x00, 0x0C, 0x00, 0x03, 0x00, 0x00, 0x60, 0x00,
    0x0C, 0x00, 0x01, 0x80, 0x00, 0x30, 0x00, 0x07, 0x00, 0x00, 0x78, 0x00, 0x87, 0xFF, 0xF8, 0x7F,
    0xFC, 0x03, 0xFC, 0x00, 0x0C, 0x00, 0x01, 0xC0, 0x00, 0x78, 0x00, 0x06, 0x00, 0x00, 0x00, 0x00,
    0x00, 0x00, 0x00, 0x00, 0x00, 0xF8, 0x00, 0x3F, 0x80, 0x0F, 0xF8, 0x01, 0x80, 0x00, 0x60, 0x00,
    0x0C, 0x00, 0x01, 0x80, 0x10, 0x3C, 0x0F, 0x07, 0xE7, 0xC0, 0x7F, 0xF0, 0x07, 0xF0, 0x00, 0x38,
    0x00, 0x0E, 0x00, 0x03, 0x00, 0x00, 0x60, 0x00, 0x18, 0x00, 0x03, 0x00, 0x00, 0x60, 0x00, 0x0C,
    0x00, 0x01, 0x80, 0x00, 0x38, 0x00, 0x03, 0xC0, 0x04, 0x3F, 0xFF, 0xC3, 0xFF, 0xE0, 0x1F, 0xE0,
    0x00, 0x10, 0x00, 0x00, 0xC0, 0xC0, 0x36, 0x1E, 0x01, 0x83, 0xF0, 0x00, 0x7F, 0x00, 0x0F, 0xC0,
    0x01, 0xF8, 0x00, 0x1F, 0x00, 0x00, 0xC0, 0x00, 0x07, 0x00, 0x00, 0x3E, 0x00, 0x00, 0xFC, 0x00,
    0x00, 0xF0, 0x00, 0x03, 0xC0, 0x00, 0x07, 0x00, 0x00, 0x1C, 0xC0, 0x00, 0x66, 0x00, 0x03, 0x30,
    0x00, 0x19, 0xC0, 0x07, 0xC7, 0xFF, 0xFC, 0x3F, 0xFF, 0xC0, 0x7F, 0xF0, 0x00, 0x00, 0x00, 0x18,
    0x00, 0x03, 0xC0, 0x00, 0x7E, 0x00, 0x0F, 0xE0, 0x01, 0xF8, 0x00, 0x3F, 0x00, 0x03, 0xE0, 0x00,
    0x18, 0x00, 0x00, 0xE0, 0x00, 0x07, 0xC0, 0x00, 0x1F, 0x80, 0x00, 0x1E, 0x00, 0x00, 0x78, 0x00,
    0x00, 0xE0, 0x00, 0x03, 0x98, 0x00, 0x0C, 0xC0, 0x00, 0x66, 0x00, 0x03, 0x38, 0x00, 0xF8, 0xFF,
    0xFF, 0x87, 0xFF, 0xF8, 0x0F, 0xFE, 0x00, 0x00, 0x00, 0x00, 0x00, 0x00, 0x00, 0x23, 0x80, 0x03,
    0x9C, 0x00, 0x1C, 0xC0, 0x00, 0x58, 0x00, 0x01, 0xE0, 0x00, 0x06, 0x00, 0x00, 0x00, 0x00, 0x00,
    0x07, 0x00, 0x07, 0xE3, 0x01, 0xF9, 0xC0, 0xE0, 0x58, 0x70, 0x36, 0x18, 0x0C, 0xCC, 0x00, 0x03,
    0x00, 0x00, 0xC0, 0x00, 0x3C, 0x0C, 0x0F, 0xF3, 0x01, 0xFE, 0xC0, 0x0F, 0xB0, 0x00, 0x6C, 0x00,
    0x3B, 0x80, 0x1C, 0xF0, 0x3E, 0x1F, 0xFF, 0x03, 0xFF, 0x00, 0x7E, 0x00, 0x00, 0x00, 0xE0, 0x00,
    0x1F, 0x80, 0x00, 0xFC, 0x03, 0x0E, 0x03, 0x3C, 0xE0, 0x3D, 0xE6, 0x00, 0xC6, 0x60, 0x00, 0x03,
    0x00, 0x00, 0x18, 0x00, 0x00, 0xF0, 0x06, 0x07, 0xF8, 0x30, 0x1F, 0xE1, 0x80, 0x1F, 0x0C, 0x00,
    0x18, 0x60, 0x01, 0xC3, 0x80, 0x1C, 0x1E, 0x07, 0xC0, 0x7F, 0xFC, 0x01, 0xFF, 0x80, 0x07, 0xE0,
    0x00, 0x00, 0x01, 0xC0, 0x80, 0x7E, 0x1C, 0x07, 0xE1, 0xC0, 0xE0, 0x23, 0x1C, 0x07, 0x79, 0x80,
    0x73, 0x30, 0x02, 0x03, 0x00, 0x00, 0x30, 0x00, 0x03, 0xC0, 0x30, 0x3F, 0xC3, 0x01, 0xFE, 0x30,
    0x03, 0xE3, 0x00, 0x06, 0x30, 0x00, 0xE3, 0x80, 0x1C, 0x3C, 0x0F, 0x81, 0xFF, 0xF0, 0x0F, 0xFC,
    0x00, 0x7E, 0x00, 0xFF, 0xFF, 0xFF, 0x00, 0x00, 0x00, 0x00, 0x00, 0x30, 0x00, 0x00, 0x3C, 0x00,
    0x00, 0x1E, 0x00, 0x00, 0x06, 0x00, 0x00, 0x00, 0x00, 0x00, 0x00, 0x00, 0x00, 0x00, 0xF0, 0x00,
    0x00, 0xFC, 0x00, 0x00, 0xFF, 0x00, 0x00, 0xE3, 0x80, 0x00, 0x60, 0xE0, 0x00, 0x30, 0x70, 0x00,
    0x18, 0x1B, 0x00, 0x0E, 0x1D, 0x80, 0x07, 0xFF, 0xC0, 0x01, 0xFF, 0xE0, 0x00, 0x78, 0xF8, 0x00,
    0x00, 0xDE, 0x00, 0x0F, 0xE7, 0xFF, 0xFF, 0xE1, 0xFF, 0xFF, 0xC0, 0x3F, 0xFE, 0x00, 0x00, 0x00,
    0x00, 0x21, 0x80, 0x1C, 0xF0, 0x0F, 0xB8, 0x01, 0xC6, 0x00, 0x20, 0x00, 0x00, 0x00, 0x00, 0xE0,
    0x00, 0xFE, 0x00, 0x3F, 0x80, 0x1C, 0x70, 0x06, 0x0E, 0x01, 0x03, 0x80, 0xC0, 0x60, 0x38, 0x18,
    0x07, 0xFF, 0xC1, 0xFF, 0xF0, 0x3F, 0x3C, 0x00, 0x0B, 0x00, 0x02, 0xC0, 0x01, 0xB0, 0x00, 0xCE,
    0x00, 0xF3, 0xC0, 0xF8, 0x7F, 0xF8, 0x0F, 0xFC, 0x00, 0xF8, 0x00, 0x00, 0x00, 0x00, 0x06, 0x00,
    0x0E, 0x00, 0x0E, 0x00, 0x0F, 0x00, 0x0E, 0x00, 0x0E, 0x00, 0x0E, 0x00, 0x0E, 0x00, 0x06, 0x03,
    0x86, 0x06, 0x06, 0x06, 0x07, 0x07, 0x87, 0x00, 0x83, 0x03, 0x03, 0x04, 0x03, 0x00, 0x03, 0x00,
    0x03, 0x00, 0x03, 0xFF, 0xFF, 0xFF, 0xFF, 0xFF, 0xFE, 0x00, 0x00, 0x00, 0x0C, 0x00, 0x1C, 0x00,
    0x1C, 0x00, 0x1E, 0x00, 0x1C, 0x00, 0x1C, 0x00, 0x1C, 0x00, 0x1C, 0x00, 0x0C, 0x00, 0x0C, 0x00,
    0x0E, 0x00, 0x0E, 0x00, 0x0E, 0x00, 0x0E, 0x00, 0x06, 0x00, 0x06, 0x00, 0x06, 0x00, 0x06, 0x00,
    0x06, 0x00, 0x07, 0x00, 0x03, 0xC0, 0x03, 0xC0, 0x03, 0xC0, 0x03, 0xC0, 0x02, 0xC0, 0x06, 0xE0,
    0x0C, 0xF0, 0x3C, 0x7F, 0xF8, 0x3F, 0xE0, 0x1F, 0x80, 0x0E, 0x00, 0xF8, 0x0F, 0xE0, 0x67, 0x86,
    0x0E, 0x00, 0x78, 0x01, 0xE1, 0xFE, 0x7F, 0xF7, 0xFF, 0xBC, 0x01, 0x00, 0x0C, 0x00, 0x60, 0x03,
    0x00, 0x18, 0x00, 0xC0, 0x06, 0x00, 0x38, 0x01, 0xC0, 0x0E, 0x00, 0x60, 0x00, 0x00, 0x00, 0x02,
    0x00, 0x07, 0x80, 0x07, 0x80, 0x03, 0x00, 0x00, 0x00, 0x00, 0x04, 0x00, 0x0E, 0x00, 0x0E, 0x00,
    0x0E, 0x00, 0x0E, 0x00, 0x06, 0xC0, 0x07, 0xC0, 0x07, 0xC0, 0x03, 0xC0, 0x02, 0xC0, 0x06, 0xE0,
    0x0C, 0xF0, 0x7C, 0x7F, 0xF8, 0x3F, 0xE0, 0x1F, 0x80, 0x00, 0x00, 0x00, 0x0F, 0x00, 0x01, 0xF0,
    0x00, 0x7F, 0x00, 0x1F, 0xF0, 0x07, 0x3F, 0x00, 0xC3, 0x70, 0x10, 0x6E, 0x03, 0x0C, 0xE0, 0x73,
    0x0C, 0x07, 0xE1, 0x80, 0xFC, 0x37, 0xFF, 0xF6, 0xFF, 0xFF, 0x87, 0xC1, 0xF0, 0x00, 0x00, 0x03,
    0xC0, 0x3F, 0x03, 0xF8, 0x18, 0xE1, 0x83, 0x0C, 0x0C, 0x60, 0x63, 0x83, 0x1F, 0xF8, 0x7F, 0xC1,
    0xF6, 0x00, 0x30, 0x03, 0x00, 0x39, 0x07, 0x9F, 0xF8, 0x7F, 0x80, 0x78, 0x00, 0x00, 0x07, 0x00,
    0x07, 0xE0, 0x01, 0xF8, 0x00, 0xE0, 0x00, 0x70, 0x00, 0x18, 0x00, 0x0C, 0x00, 0x03, 0x00, 0x00,
    0xC0, 0x00, 0x3C, 0x0C, 0x0F, 0xF3, 0x01, 0xFE, 0xC0, 0x0F, 0xB0, 0x00, 0x6C, 0x00, 0x3B, 0x80,
    0x1C, 0xF0, 0x3E, 0x1F, 0xFF, 0x03, 0xFF, 0x00, 0x7E, 0x00, 0x00, 0x07, 0x00, 0x07, 0xE0, 0x01,
    0xF8, 0x00, 0xE0, 0x00, 0x70, 0x00, 0x18, 0x00, 0x0C, 0x00, 0x03, 0x00, 0x00, 0xC0, 0x00, 0x3C,
    0x0C, 0x0F, 0xF3, 0x01, 0xFE, 0xC0, 0x0F, 0xB0, 0x00, 0x6C, 0x00, 0x3B, 0x80, 0x1C, 0xF0, 0x3E,
    0x1F, 0xFF, 0x03, 0xFF, 0x00, 0x7E, 0x00, 0x00, 0x00, 0x00, 0x10, 0x01, 0xCE, 0x00, 0x73, 0x80,
    0x1C, 0x40, 0x02, 0x00, 0x00, 0x00, 0x39, 0xE7, 0x31, 0xCF, 0x30, 0x00, 0x07, 0x07, 0x83, 0xCC,
    0xF7, 0x71, 0xE0, 0x40, 0x02, 0x3B, 0xCC, 0xF7, 0x18, 0x00, 0x00, 0x0C, 0x77, 0x8C, 0x00, 0x00,
    0x18, 0x78, 0xF0, 0xE3, 0x1C, 0x00, 0x02, 0x3D, 0xE7, 0x00, 0x00, 0x00, 0x08, 0x5E, 0xBD, 0xDC,
    0x00, 0x00, 0x6F, 0xFF, 0xF6, 0x10, 0x4F, 0xFB, 0x7E, 0x00, 0x00, 0x33, 0xF1, 0x87, 0xFA, 0x00,
    0x33, 0xF1, 0x87, 0xFA, 0x00, 0x7F, 0xD5, 0x40, 0x02, 0x06, 0x0C, 0x78, 0x3C, 0x3C, 0x38, 0x01,
    0x0B, 0x17, 0xE7, 0x80, 0x00, 0x3F, 0x80, 0x00, 0x01, 0x8D, 0x93, 0xE3, 0x87, 0x04, 0x00, 0x31,
    0xC5, 0xB6, 0x8C, 0x00, 0x77, 0xFF, 0xF7, 0x00, 0x38, 0x28, 0x3C, 0x78, 0x1C, 0x06, 0x21, 0x33,
    0x06, 0x1C, 0x76, 0x46, 0x00, 0x06, 0x0E, 0x1A, 0x18, 0x0F, 0x7F, 0x9C, 0x00, 0x00, 0xC7, 0xDF,
    0x78, 0x60, 0x00, 0x21, 0x8E, 0x1C, 0x70, 0xC3, 0x8E, 0x18, 0x61, 0x83, 0x0C, 0x30, 0xC3, 0x08,
    0x20, 0x80, 0x00, 0x10, 0x1E, 0x0F, 0x83, 0xF1, 0xDF, 0xE7, 0xF8, 0xFC, 0x38, 0x0E, 0x01, 0x80,
    0x60, 0x18, 0x06, 0x01, 0x80, 0x60, 0x18, 0x06, 0x01, 0x80, 0x20, 0x00, 0x03, 0x0C, 0xD8, 0x67,
    0xE3, 0x37, 0x1F, 0xBF, 0xF8, 0xFF, 0xC7, 0xE0, 0x38, 0x00, 0xC0, 0x06, 0x00, 0x30, 0x01, 0xC0,
    0x0E, 0x00, 0x30, 0x01, 0x80, 0x0C, 0x00, 0x60, 0x03, 0x00, 0x10, 0x00, 0x02, 0x01, 0xC0, 0x78,
    0x1E, 0x07, 0x00, 0xC0, 0x18, 0x07, 0x80, 0x7C, 0x07, 0xC0, 0x78, 0x06, 0x01, 0x80, 0x30, 0x0C,
    0x01, 0x80, 0x38, 0x07, 0xFC, 0x7F, 0x07, 0xC0, 0x0E, 0x07, 0xC3, 0xF8, 0xCE, 0x61, 0x98, 0x6C,
    0x0F, 0x03, 0xC0, 0xF0, 0x3C, 0x1B, 0x0E, 0xFF, 0x9F, 0xC3, 0xC0, 0x00, 0x03, 0xFE, 0x1F, 0xF0,
    0xFF, 0x80, 0x0C, 0x00, 0x60, 0x03, 0x00, 0x18, 0x00, 0xC0, 0x06, 0x00, 0x30, 0x01, 0x80, 0x0C,
    0x00, 0x70, 0x01, 0x80, 0x0C, 0x00, 0x70, 0x03, 0x80, 0x08, 0x00, 0x00, 0x40, 0x0B, 0x80, 0x2E,
    0x01, 0xFC, 0x07, 0x70, 0x39, 0xC0, 0xE3, 0x83, 0x0E, 0x1C, 0x1C, 0x60, 0x71, 0x81, 0xCE, 0x03,
    0xB0, 0x0E, 0xC0, 0x1B, 0x00, 0x78, 0x01, 0xE0, 0x03, 0x80, 0x0C, 0x00, 0x20, 0x00, 0x01, 0x00,
    0x0C, 0x00, 0x70, 0x01, 0xE0, 0x07, 0x80, 0x36, 0x00, 0xDC, 0x03, 0x70, 0x1C, 0xC0, 0x63, 0x81,
    0x8E, 0x0E, 0x1C, 0x30, 0x71, 0xC0, 0xE7, 0x03, 0xB8, 0x0F, 0xE0, 0x1F, 0x00, 0x74, 0x00, 0x80,
    0x1C, 0x07, 0xC1, 0xF8, 0x73, 0x8C, 0x31, 0x86, 0x38, 0xC7, 0xF8, 0x7F, 0x07, 0xE0, 0x04, 0x00,
    0xC0, 0x18, 0x03, 0x00, 0x60, 0x0E, 0x00, 0xC0, 0x1C, 0x03, 0x00, 0x00, 0x00, 0x00, 0x44, 0x0D,
    0xC3, 0x3C, 0x6F, 0x98, 0x63, 0x00, 0xC0, 0x18, 0x06, 0x00, 0xC0, 0x30, 0x06, 0x01, 0x88, 0x33,
    0x8C, 0x79, 0x8F, 0x60, 0xCC, 0x01, 0x00, 0x00, 0x00, 0x30, 0x70, 0xF0, 0xE0, 0xC1, 0x83, 0x0E,
    0x18, 0x71, 0xE7, 0x9C, 0x00, 0x00, 0x00, 0x1C, 0xF3, 0xC7, 0x0C, 0x38, 0x60, 0xC1, 0x83, 0x87,
    0x87, 0x06, 0x00, 0x00, 0x00, 0x00, 0x10, 0x00, 0x80, 0x06, 0x00, 0x70, 0x3F, 0xF8, 0x7F, 0x81,
    0xF0, 0x0F, 0x80, 0x7E, 0x06, 0x30, 0x20, 0x80, 0x00, 0x00, 0x00, 0x00, 0x08, 0x00, 0x00, 0x60,
    0x00, 0x03, 0x80, 0x00, 0x0F, 0x00, 0x00, 0x1F, 0x00, 0x00, 0x7C, 0x00, 0x01, 0xF0, 0x00, 0x03,
    0xC0, 0x00, 0x0F, 0x80, 0x00, 0xFF, 0x80, 0x1F, 0x9F, 0xFF, 0xFC, 0x3F, 0xFF, 0xC0, 0x3F, 0xF8,
    0x00, 0x00, 0x38, 0x00, 0x3F, 0x80, 0x0F, 0xE0, 0x07, 0x1C, 0x01, 0x83, 0x80, 0x40, 0xE0, 0x30,
    0x18, 0x0E, 0x06, 0x01, 0xFF, 0xF0, 0x7F, 0xFC, 0x0F, 0xCF, 0x00, 0x02, 0xC0, 0x00, 0xB0, 0x00,
    0x6C, 0x00, 0x33, 0x80, 0x3C, 0xF0, 0x3E, 0x1F, 0xFE, 0x03, 0xFF, 0x00, 0x3E, 0x00, 0x7F, 0xD5,
    0x40, 0x07, 0x04, 0xCF, 0xEB, 0xE0, 0x00, 0x00, 0x00, 0x00, 0x0C, 0x06, 0x03, 0x01, 0x80, 0xC0,
    0x60, 0x30, 0x18, 0x0C, 0x06, 0x03, 0x01, 0x80, 0xC0, 0x60, 0x30, 0x18, 0x0C, 0x06, 0x03, 0x01,
    0x80, 0xC0, 0x40, 0x06, 0x0E, 0x1A, 0x10, 0x1F, 0x7F, 0x9C, 0x00, 0x08, 0x18, 0x1C, 0x1C, 0x1C,
    0x18, 0x18, 0x18, 0x18, 0x18, 0x18, 0x18, 0x18, 0x18, 0x18, 0x18, 0x18, 0x18, 0x18, 0x18, 0x18,
    0x18, 0x08, 0x00, 0x18, 0x18, 0x1C, 0x1C, 0x18, 0x18, 0x18, 0x18, 0x18, 0x18, 0x18, 0x18, 0x18,
    0x18, 0x18, 0x18, 0x18, 0x18, 0x18, 0x18, 0x18, 0x18, 0x00, 0x00, 0x06, 0x0E, 0x1A, 0x18, 0x1F,
    0x7F, 0x9C, 0x00, 0x07, 0x00, 0x7C, 0x07, 0xF0, 0x39, 0x83, 0x00, 0x18, 0x00, 0xC0, 0x07, 0xFF,
    0x1F, 0xF3, 0xFF, 0x1C, 0x00, 0x00, 0x00, 0x00, 0x00, 0x06, 0x00, 0x00, 0x60, 0x00, 0x06, 0x00,
    0x00, 0x60, 0x00, 0x06, 0x00, 0x00, 0x60, 0x0E, 0x06, 0x01, 0xF0, 0x60, 0x3F, 0x86, 0x07, 0x98,
    0x60, 0x60, 0x06, 0x06, 0x00, 0x60, 0x60, 0x06, 0x07, 0xFF, 0x60, 0x3F, 0xF6, 0x0F, 0xFE, 0x60,
    0xE0, 0x06, 0x00, 0x00, 0x60, 0x00, 0x06, 0x00, 0x00, 0x60, 0x00, 0x06, 0x00, 0x00, 0x60, 0x00,
    0x04, 0x00, 0x00, 0x00, 0x00, 0x07, 0x80, 0x00, 0x00, 0x7C, 0x00, 0x00, 0x07, 0xF0, 0x00, 0x00,
    0x71, 0x80, 0x00, 0x03, 0x00, 0x00, 0x00, 0x18, 0x00, 0x0F, 0x00, 0xE0, 0xC0, 0xFC, 0x03, 0xFF,
    0x0F, 0xE0, 0x1F, 0xF0, 0x63, 0x83, 0xF8, 0x06, 0x0C, 0x18, 0x00, 0x30, 0x30, 0x00, 0x01, 0x81,
    0x80, 0x00, 0x0E, 0x0C, 0x00, 0x00, 0x7F, 0xE0, 0x00, 0x01, 0xFF, 0x00, 0x00, 0x07, 0xD8, 0x00,
    0x00, 0x00, 0xC0, 0x00, 0x00, 0x0C, 0x00, 0x00, 0x00, 0xE0, 0x00, 0x04, 0x1E, 0x00, 0x00, 0x7F,
    0xE0, 0x00, 0x01, 0xFE, 0x00, 0x00, 0x01, 0xE0, 0x00, 0x00, 0x00, 0x80, 0x00, 0x00, 0x0E, 0x00,
    0x00, 0x00, 0x70, 0x00, 0x00, 0x01, 0x80, 0x00, 0x00, 0x0C, 0x00, 0x78, 0x00, 0xC0, 0x07, 0xC0,
    0x04, 0x00, 0x7F, 0x00, 0x20, 0x07, 0x18, 0x00, 0x00, 0x30, 0x00, 0x00, 0x01, 0x80, 0x00, 0xF0,
    0x0E, 0x0C, 0x0F, 0xC0, 0x3F, 0xF0, 0xFE, 0x01, 0xFF, 0x06, 0x38, 0x3F, 0xC0, 0x60, 0xC1, 0x80,
    0x03, 0x07, 0x00, 0x00, 0x18, 0x18, 0x00, 0x00, 0xC0, 0xC0, 0x00, 0x07, 0xFE, 0x00, 0x00, 0x1F,
    0xF0, 0x00, 0x00, 0x7D, 0x80, 0x00, 0x00, 0x0C, 0x00, 0x00, 0x00, 0xC0, 0x00, 0x00, 0x0E, 0x00,
    0x00, 0x41, 0xE0, 0x00, 0x07, 0xFE, 0x00, 0x00, 0x1F, 0xE0, 0x00, 0x00, 0x1E, 0x00, 0x00, 0x00,
    0x00, 0x00, 0x00, 0x70, 0x00, 0x00, 0x00, 0xFC, 0x00, 0x00, 0x00, 0x7E, 0x00, 0x00, 0x00, 0x71,
    0x00, 0x00, 0x00, 0x20, 0x00, 0x00, 0x00, 0x30, 0x00, 0x00, 0x1C, 0x0C, 0x04, 0x00, 0x3F, 0x07,
    0xFF, 0x00, 0x1F, 0x83, 0xFF, 0x00, 0x1C, 0x07, 0xFE, 0x00, 0x1C, 0x03, 0x80, 0x00, 0x0C, 0x00,
    0x00, 0x00, 0x0C, 0x00, 0x00, 0x00, 0x06, 0x00, 0x00, 0x00, 0x03, 0x00, 0x00, 0x00, 0x01, 0xE0,
    0x00, 0x00, 0xC0, 0xFF, 0x00, 0x00, 0x60, 0x3F, 0xC0, 0x00, 0x30, 0x03, 0xE0, 0x00, 0x18, 0x00,
    0x30, 0x00, 0x0C, 0x00, 0x38, 0x00, 0x07, 0x00, 0x38, 0x00, 0x03, 0xC0, 0xF8, 0x00, 0x00, 0xFF,
    0xF8, 0x00, 0x00, 0x3F, 0xF0, 0x00, 0x00, 0x0F, 0xC0, 0x00, 0x00, 0x00, 0x00, 0x00, 0x00, 0x03,
    0x00, 0x00, 0x0C, 0x00, 0x00, 0x3E, 0x00, 0x00, 0x7C, 0x00, 0x07, 0xE0, 0x20, 0x1F, 0x01, 0x80,
    0x00, 0x0E, 0x00, 0x00, 0x1F, 0x00, 0x00, 0x7C, 0x00, 0x01, 0xF0, 0x00, 0x03, 0xC0, 0x00, 0x0F,
    0x80, 0x00, 0x7F, 0x80, 0x1F, 0x9F, 0xFF, 0xFC, 0x3F, 0xFF, 0xC0, 0x3F, 0xF8, 0x00, 0x00, 0x00,
    0x00, 0x03, 0x80, 0x00, 0x0E, 0x00, 0x00, 0x30, 0x00, 0x00, 0x00, 0x00, 0x01, 0x80, 0x20, 0x0F,
    0x01, 0x80, 0x18, 0x0E, 0x00, 0x00, 0x3C, 0x00, 0x00, 0x7C, 0x00, 0x01, 0xF0, 0x00, 0x07, 0xC0,
    0x00, 0x0F, 0x00, 0x00, 0x3E, 0x00, 0x03, 0xFE, 0x00, 0x7E, 0x7F, 0xFF, 0xF0, 0xFF, 0xFF, 0x00,
    0xFF, 0xE0, 0x00, 0x00, 0x00, 0x08, 0x00, 0x00, 0x60, 0x00, 0x03, 0x80, 0x00, 0x0F, 0x00, 0x00,
    0x1F, 0x00, 0x00, 0x7C, 0x00, 0x01, 0xF0, 0x00, 0x03, 0xC0, 0x00, 0x0F, 0x80, 0x00, 0xFF, 0x80,
    0x1F, 0x9F, 0xFF, 0xFC, 0x3F, 0xFF, 0xC0, 0x3F, 0xF8, 0x00, 0x00, 0x00, 0x00, 0x00, 0x00, 0x00,
    0x70, 0x00, 0x03, 0xC0, 0x00, 0x06, 0x00, 0x00, 0x00, 0x00, 0x00, 0x30, 0x00, 0x01, 0xC0, 0x00,
    0x03, 0x00, 0x00, 0x00, 0x00, 0x00, 0x00, 0x00, 0x0C, 0x60, 0x00, 0x3B, 0xC0, 0x81, 0xEF, 0x06,
    0x03, 0x08, 0x38, 0x00, 0x00, 0xF0, 0x00, 0x01, 0xF0, 0x00, 0x07, 0xC0, 0x00, 0x1F, 0x00, 0x00,
    0x3C, 0x00, 0x00, 0xF8, 0x00, 0x0F, 0xF8, 0x01, 0xF9, 0xFF, 0xFF, 0xC3, 0xFF, 0xFC, 0x03, 0xFF,
    0x80, 0x00, 0xD8, 0x00, 0x03, 0x40, 0x00, 0x07, 0x00, 0x00, 0x00, 0x08, 0x00, 0x0E, 0x70, 0x00,
    0x79, 0xC0, 0x00, 0xD2, 0x02, 0x00, 0xE0, 0x18, 0x03, 0x80, 0xE0, 0x00, 0x03, 0xC0, 0x00, 0x07,
    0xC0, 0x00, 0x1F, 0x00, 0x00, 0x7C, 0x00, 0x00, 0xF0, 0x00, 0x03, 0xE0, 0x00, 0x3F, 0xE0, 0x07,
    0xE7, 0xFF, 0xFF, 0x0F, 0xFF, 0xF0, 0x0F, 0xFE, 0x00, 0x00, 0x00, 0x08, 0x00, 0x00, 0x60, 0x00,
    0x03, 0x80, 0x00, 0x0F, 0x00, 0x00, 0x1F, 0x00, 0x00, 0x7C, 0x00, 0x01, 0xF0, 0x00, 0x03, 0xC0,
    0x00, 0x0F, 0x80, 0x00, 0xFF, 0x80, 0x1F, 0x9F, 0xFF, 0xFC, 0x3F, 0xFF, 0xC0, 0x3F, 0xF8, 0x00,
    0x00, 0x00, 0x00, 0x00, 0x00, 0x00, 0x8C, 0x00, 0x07, 0x78, 0x00, 0x1C, 0xC0, 0x00, 0x2C, 0x00,
    0x00, 0x70, 0x00, 0x00, 0xC0, 0x00, 0x00, 0x00, 0x00, 0x00, 0x00, 0x00, 0x06, 0x40, 0x00, 0x3B,
    0x80, 0x00, 0x4C, 0x00, 0x00, 0x10, 0x08, 0x06, 0xE0, 0x60, 0x1B, 0x03, 0x80, 0x00, 0x0F, 0x00,
    0x00, 0x1F, 0x00, 0x00, 0x7C, 0x00, 0x01, 0xF0, 0x00, 0x03, 0xC0, 0x00, 0x0F, 0x80, 0x00, 0xFF,
    0x80, 0x1F, 0x9F, 0xFF, 0xFC, 0x3F, 0xFF, 0xC0, 0x3F, 0xF8, 0x00, 0x00, 0x00, 0x08, 0x00, 0x00,
    0x60, 0x00, 0x03, 0x80, 0x00, 0x0F, 0x00, 0x00, 0x1F, 0x00, 0x00, 0x7C, 0x00, 0x01, 0xF0, 0x00,
    0x03, 0xC0, 0x00, 0x0F, 0x80, 0x00, 0xFF, 0x80, 0x1F, 0x9F, 0xFF, 0xFC, 0x3F, 0xFF, 0xC0, 0x3F,
    0xF8, 0x00, 0x00, 0x00, 0x00, 0x00, 0x00, 0x00, 0xD8, 0x00, 0x07, 0x60, 0x00, 0x00, 0x00, 0x00,
    0x32, 0x00, 0x00, 0xDC, 0x00, 0x03, 0x20, 0x00, 0x00, 0xC0, 0x00, 0x3C, 0x00, 0x0D, 0x00, 0x01,
    0x00, 0x00, 0x3E, 0x00, 0x03, 0xC0, 0x00, 0xE0, 0x00, 0x10, 0x00, 0x7F, 0x00, 0x1F, 0xFE, 0x03,
    0xFF, 0xFE, 0x40, 0xFF, 0xC0, 0x1F, 0xF8, 0x07, 0xE0, 0x03, 0xE0, 0x00, 0xF0, 0x00, 0x1C, 0x00,
    0x07, 0x00, 0x00, 0xC0, 0x00, 0x30, 0x00, 0x06, 0x00, 0x00, 0xC0, 0x00, 0x18, 0x00, 0x03, 0x00,
    0x00, 0x60, 0x00, 0x06, 0x00, 0x00, 0xF0, 0x03, 0x0F, 0xFF, 0xE0, 0xFF, 0xF0, 0x07, 0xF8, 0x00,
    0x00, 0x00, 0x00, 0x18, 0x00, 0x07, 0x80, 0x00, 0x60, 0x00, 0x00, 0x00, 0x01, 0x80, 0x00, 0x38,
    0x00, 0x07, 0x00, 0x00, 0x00, 0x00, 0x00, 0x01, 0xFC, 0x00, 0x7F, 0xF8, 0x0F, 0xFF, 0xFD, 0x83,
    0xFF, 0x00, 0x7F, 0xE0, 0x1F, 0x80, 0x07, 0x80, 0x01, 0xC0, 0x00, 0x70, 0x00, 0x1C, 0x00, 0x03,
    0x00, 0x00, 0xC0, 0x00, 0x18, 0x00, 0x03, 0x00, 0x00, 0x60, 0x00, 0x0C, 0x00, 0x01, 0x80, 0x00,
    0x18, 0x00, 0x03, 0xC0, 0x0C, 0x3F, 0xFF, 0x83, 0xFF, 0xE0, 0x1F, 0xE0, 0x7F, 0x00, 0x1F, 0xFE,
    0x03, 0xFF, 0xFF, 0x60, 0xFF, 0xC0, 0x1F, 0xF8, 0x07, 0xE0, 0x01, 0xE0, 0x00, 0x70, 0x00, 0x1C,
    0x00, 0x07, 0x00, 0x00, 0xC0, 0x20, 0x30, 0x8E, 0x06, 0x39, 0xE0, 0xC7, 0x38, 0x18, 0x40, 0x03,
    0x00, 0x00, 0x60, 0x00, 0x06, 0x00, 0x00, 0xF0, 0x03, 0x0F, 0xFF, 0xE0, 0xFF, 0xF8, 0x07, 0xF8,
    0x00, 0x7F, 0x00, 0x1F, 0xFE, 0x03, 0xFF, 0xFF, 0x60, 0xFF, 0xC0, 0x1F, 0xF8, 0x07, 0xE0, 0x01,
    0xE0, 0x00, 0x70, 0x00, 0x1C, 0x00, 0x07, 0x0C, 0x00, 0xC3, 0xC0, 0x30, 0x30, 0x06, 0x00, 0x00,
    0xC0, 0x40, 0x18, 0x1C, 0x03, 0x03, 0x80, 0x60, 0x20, 0x06, 0x00, 0x00, 0xF0, 0x03, 0x0F, 0xFF,
    0xE0, 0xFF, 0xF8, 0x07, 0xF8, 0x00, 0x00, 0x00, 0x00, 0x08, 0x00, 0x03, 0x80, 0x00, 0x78, 0x00,
    0x33, 0x80, 0x0F, 0x70, 0x00, 0xC4, 0x00, 0x00, 0x00, 0x00, 0x00, 0x0F, 0xE0, 0x03, 0xFF, 0xC0,
    0x7F, 0xFF, 0xEC, 0x1F, 0xF8, 0x03, 0xFF, 0x00, 0xFC, 0x00, 0x3C, 0x00, 0x0E, 0x00, 0x03, 0x80,
    0x00, 0xE0, 0x00, 0x18, 0x00, 0x06, 0x00, 0x00, 0xC0, 0x00, 0x18, 0x00, 0x03, 0x00, 0x00, 0x60,
    0x00, 0x0C, 0x00, 0x00, 0xC0, 0x00, 0x1E, 0x00, 0x61, 0xFF, 0xFC, 0x1F, 0xFF, 0x00, 0xFF, 0x00,
    0x7F, 0x00, 0x1F, 0xFE, 0x03, 0xFF, 0xFF, 0x60, 0xFF, 0xC0, 0x1F, 0xF8, 0x07, 0xE0, 0x01, 0xE0,
    0x00, 0x70, 0x00, 0x1C, 0x00, 0x07, 0x00, 0x00, 0xC0, 0x30, 0x30, 0xCF, 0x06, 0x3D, 0xC0, 0xC3,
    0x40, 0x18, 0x1C, 0x03, 0x03, 0x80, 0x60, 0x00, 0x06, 0x00, 0x00, 0xF0, 0x03, 0x0F, 0xFF, 0xE0,
    0xFF, 0xF8, 0x07, 0xF8, 0x00, 0x7F, 0x00, 0x1F, 0xFE, 0x03, 0xFF, 0xFF, 0x60, 0xFF, 0xC0, 0x1F,
    0xF8, 0x07, 0xE0, 0x01, 0xE0, 0x00, 0x70, 0x00, 0x1C, 0x00, 0x07, 0x00, 0x00, 0xC3, 0x60, 0x30,
    0xEC, 0x06, 0x00, 0x00, 0xC1, 0x90, 0x18, 0x37, 0x03, 0x06, 0x40, 0x60, 0x00, 0x06, 0x00, 0x00,
    0xF0, 0x03, 0x0F, 0xFF, 0xE0, 0xFF, 0xF8, 0x07, 0xF8, 0x00, 0x0C, 0x01, 0x80, 0x36, 0x07, 0xE0,
    0xCC, 0x3F, 0x01, 0xC0, 0x00, 0x00, 0x00, 0x60, 0x0E, 0x01, 0xC0, 0x3C, 0x03, 0x80, 0x70, 0x07,
    0x00, 0x60, 0x0F, 0x01, 0xFF, 0xFF, 0xFC, 0xFE, 0x00, 0x00, 0x00, 0x18, 0x03, 0x80, 0x3C, 0x01,
    0xC0, 0x1C, 0x00, 0xE0, 0x0E, 0x00, 0x70, 0x07, 0x40, 0x6F, 0xFE, 0x7F, 0xC7, 0xF8, 0x0D, 0x80,
    0xD0, 0x07, 0x00, 0x00, 0x00, 0x30, 0x03, 0x80, 0x38, 0x03, 0xC0, 0x1C, 0x01, 0xE0, 0x0E, 0x00,
    0x70, 0x07, 0xC0, 0x6F, 0xFE, 0xFF, 0xC7, 0xF8, 0x00, 0x00, 0x00, 0x04, 0x00, 0xE0, 0x0F, 0x00,
    0xE0, 0x00, 0x00, 0x0C, 0x01, 0x80, 0x36, 0x07, 0xE0, 0xCC, 0x3F, 0x01, 0xC0, 0x00, 0x00, 0x00,
    0x60, 0x0E, 0x01, 0xC0, 0x3C, 0x03, 0x80, 0x70, 0x07, 0x00, 0x60, 0x0F, 0x01, 0xFF, 0xFF, 0xFC,
    0xFE, 0x00, 0x00, 0x00, 0x04, 0x01, 0xC0, 0x7C, 0x07, 0x00, 0x00, 0x00, 0x81, 0x1C, 0x3B, 0xE3,
    0x9C, 0x10, 0x00, 0x00, 0x00, 0x00, 0x30, 0x03, 0x80, 0x38, 0x03, 0xC0, 0x1C, 0x01, 0xE0, 0x0E,
    0x00, 0x70, 0x07, 0xC0, 0x6F, 0xFE, 0xFF, 0xC7, 0xF8, 0x00, 0x00, 0x30, 0x03, 0x80, 0x38, 0x03,
    0xC0, 0x1C, 0x01, 0xE0, 0x0E, 0x00, 0x70, 0x07, 0xC0, 0x6F, 0xFE, 0xFF, 0xC7, 0xF8, 0x00, 0x00,
    0x00, 0x11, 0xC3, 0xBE, 0x79, 0xC3, 0x08, 0x00, 0x00, 0x00, 0x00, 0x60, 0x0F, 0x01, 0x2C, 0x39,
    0xC3, 0x9C, 0x10, 0x00, 0x00, 0x00, 0x00, 0x30, 0x03, 0x80, 0x38, 0x03, 0xC0, 0x1C, 0x01, 0xE0,
    0x0E, 0x00, 0x70, 0x07, 0xC0, 0x6F, 0xFE, 0xFF, 0xC7, 0xF8, 0x00, 0x01, 0x18, 0x3B, 0xC3, 0x9C,
    0x16, 0x00, 0xF0, 0x06, 0x00, 0x00, 0x00, 0x00, 0x30, 0x03, 0x80, 0x38, 0x03, 0xC0, 0x1C, 0x01,
    0xE0, 0x0E, 0x00, 0x70, 0x07, 0xC0, 0x6F, 0xFE, 0xFF, 0xC7, 0xF8, 0x00, 0x01, 0xB8, 0x1B, 0x80,
    0x10, 0x09, 0x81, 0xF8, 0x09, 0x00, 0x00, 0x00, 0x00, 0x30, 0x03, 0x80, 0x38, 0x03, 0xC0, 0x1C,
    0x01, 0xE0, 0x0E, 0x00, 0x70, 0x07, 0xC0, 0x6F, 0xFE, 0xFF, 0xC7, 0xF8, 0x00, 0x00, 0x18, 0x00,
    0xD8, 0x07, 0xE0, 0x11, 0x07, 0xF8, 0x1F, 0x80, 0x00, 0x00, 0x00, 0x02, 0x00, 0x38, 0x01, 0xC0,
    0x0E, 0x00, 0x38, 0x01, 0xC0, 0x06, 0x00, 0x38, 0x00, 0xC0, 0x06, 0x00, 0x20, 0x03, 0x00, 0x18,
    0x01, 0xC0, 0x3C, 0x7F, 0xC3, 0xFC, 0x07, 0xC0, 0x04, 0x20, 0x33, 0x01, 0xD0, 0x07, 0x80, 0x3C,
    0x00, 0xC0, 0x00, 0x00, 0x00, 0x00, 0x40, 0x07, 0x00, 0x38, 0x01, 0xC0, 0x07, 0x00, 0x38, 0x00,
    0xC0, 0x07, 0x00, 0x18, 0x00, 0xC0, 0x04, 0x00, 0x60, 0x03, 0x00, 0x38, 0x07, 0x8F, 0xF8, 0x7F,
    0x80, 0xF8, 0x00, 0x00, 0x00, 0x03, 0x00, 0x38, 0x01, 0xC0, 0x0F, 0x00, 0x38, 0x01, 0xC0, 0x06,
    0x00, 0x38, 0x00, 0xC0, 0x04, 0x00, 0x20, 0x03, 0x00, 0x38, 0x03, 0x80, 0x3C, 0x7F, 0xC3, 0xFE,
    0x07, 0xD8, 0x06, 0xC0, 0x1C, 0x00, 0x00, 0x00, 0x02, 0x00, 0x38, 0x01, 0xC0, 0x0E, 0x00, 0x38,
    0x01, 0xC0, 0x06, 0x00, 0x38, 0x00, 0xC0, 0x06, 0x00, 0x20, 0x03, 0x00, 0x18, 0x01, 0x80, 0x3C,
    0x7F, 0xC3, 0xFC, 0x07, 0xC0, 0x00, 0x00, 0x00, 0x06, 0x00, 0x78, 0x03, 0xC0, 0x0C, 0x00, 0x00,
    0x00, 0x00, 0x00, 0x02, 0x00, 0x38, 0x01, 0xC0, 0x0E, 0x00, 0x38, 0x01, 0xC0, 0x06, 0x00, 0x38,
    0x00, 0xC0, 0x06, 0x00, 0x20, 0x03, 0x00, 0x18, 0x01, 0xC0, 0x3C, 0x7F, 0xC3, 0xFC, 0x07, 0xC0,
    0x00, 0x00, 0x00, 0x18, 0x80, 0x6C, 0x03, 0x40, 0x0E, 0x00, 0x60, 0x00, 0x00, 0x00, 0x00, 0x02,
    0x00, 0x38, 0x01, 0xC0, 0x0E, 0x00, 0x38, 0x01, 0xC0, 0xC6, 0x0F, 0x38, 0x78, 0xC1, 0x86, 0x00,
    0x20, 0x03, 0x00, 0x18, 0x01, 0x80, 0x3C, 0x7F, 0xC3, 0xFC, 0x07, 0xC0, 0x00, 0x00, 0x00, 0x06,
    0x00, 0x78, 0x03, 0xC0, 0x0C, 0x00, 0x00, 0x00, 0x00, 0x00, 0x23, 0x83, 0xBC, 0x3C, 0xE0, 0xC2,
    0x00, 0x00, 0x00, 0x00, 0x08, 0x00, 0xE0, 0x07, 0x00, 0x38, 0x00, 0xE0, 0x07, 0x00, 0x18, 0x00,
    0xE0, 0x03, 0x00, 0x18, 0x00, 0x80, 0x0C, 0x00, 0x60, 0x06, 0x00, 0xF1, 0xFF, 0x0F, 0xF0, 0x1F,
    0x00, 0x00, 0x00, 0x0C, 0x00, 0xF0, 0x03, 0x40, 0x67, 0x07, 0xB8, 0x18, 0x80, 0x00, 0x00, 0x00,
    0x02, 0x00, 0x38, 0x01, 0xC0, 0x0E, 0x00, 0x38, 0x01, 0xC0, 0x06, 0x00, 0x38, 0x00, 0xC0, 0x06,
    0x00, 0x20, 0x03, 0x00, 0x18, 0x01, 0x80, 0x3C, 0x7F, 0xC3, 0xFC, 0x07, 0xC0, 0x00, 0x00, 0x32,
    0x01, 0xB8, 0x0C, 0x80, 0x24, 0x03, 0xF0, 0x19, 0x80, 0x00, 0x00, 0x00, 0x02, 0x00, 0x38, 0x01,
    0xC0, 0x0E, 0x00, 0x38, 0x01, 0xC0, 0x06, 0x00, 0x38, 0x00, 0xC0, 0x06, 0x00, 0x20, 0x03, 0x00,
    0x18, 0x01, 0x80, 0x3C, 0x7F, 0xC3, 0xFC, 0x07, 0xC0, 0x00, 0x00, 0x00, 0x00, 0x00, 0x00, 0x38,
    0x00, 0x00, 0x01, 0xF0, 0x00, 0x00, 0x03, 0x80, 0x00, 0x00, 0x04, 0x00, 0x00, 0x00, 0x00, 0x60,
    0x00, 0x00, 0x01, 0x80, 0x00, 0x00, 0x0E, 0x00, 0x00, 0x03, 0x1C, 0x00, 0x18, 0x18, 0x70, 0x00,
    0xE0, 0x61, 0xC0, 0x03, 0x81, 0x83, 0x00, 0x0E, 0x0F, 0x0C, 0x00, 0x3F, 0xFF, 0xFC, 0x00, 0x7F,
    0xFF, 0xB0, 0x01, 0xFE, 0x3E, 0xC0, 0x03, 0x00, 0x03, 0x00, 0x0C, 0x00, 0x0C, 0x00, 0x20, 0x00,
    0x30, 0x01, 0x81, 0x80, 0xE0, 0x1C, 0x0F, 0x03, 0xC1, 0xE0, 0x38, 0x07, 0xFF, 0x00, 0x40, 0x0F,
    0xF8, 0x00, 0x00, 0x0F, 0x80, 0x00, 0x00, 0x00, 0x00, 0x00, 0x00, 0x00, 0x00, 0x00, 0x60, 0x00,
    0x00, 0x01, 0x80, 0x00, 0x00, 0x0E, 0x00, 0x00, 0x03, 0x1C, 0x00, 0x18, 0x18, 0x70, 0x00, 0xE0,
    0x61, 0xC0, 0x03, 0x81, 0x83, 0x00, 0x0E, 0x0F, 0x0C, 0x00, 0x3F, 0xFF, 0xFC, 0x00, 0x7F, 0xFF,
    0xB0, 0x01, 0xFE, 0x3E, 0xC0, 0x03, 0x00, 0x03, 0x00, 0x0C, 0x00, 0x0C, 0x00, 0x21, 0x8C, 0x30,
    0x01, 0x8F, 0x70, 0xE0, 0x1C, 0x38, 0xC3, 0xC1, 0xE0, 0x58, 0x07, 0xFF, 0x00, 0x70, 0x0F, 0xF8,
    0x01, 0x80, 0x0F, 0x80, 0x00, 0x00, 0x00, 0x00, 0x00, 0x00, 0x00, 0x00, 0x18, 0x00, 0x00, 0x00,
    0xE0, 0x00, 0x00, 0x01, 0xA0, 0x00, 0x00, 0x31, 0xC0, 0x00, 0x00, 0xEF, 0x00, 0x00, 0x03, 0x98,
    0x00, 0x00, 0x00, 0x06, 0x00, 0x00, 0x00, 0x18, 0x00, 0x00, 0x00, 0xE0, 0x00, 0x00, 0x31, 0xC0,
    0x01, 0x81, 0x87, 0x00, 0x0E, 0x06, 0x1C, 0x00, 0x38, 0x18, 0x30, 0x00, 0xE0, 0xF0, 0xC0, 0x03,
    0xFF, 0xFF, 0xC0, 0x07, 0xFF, 0xFB, 0x00, 0x1F, 0xE3, 0xEC, 0x00, 0x30, 0x00, 0x30, 0x00, 0xC0,
    0x00, 0xC0, 0x02, 0x18, 0xC3, 0x00, 0x18, 0xF7, 0x0E, 0x01, 0xC3, 0x8C, 0x3C, 0x1E, 0x05, 0x80,
    0x7F, 0xF0, 0x07, 0x00, 0xFF, 0x80, 0x18, 0x00, 0xF8, 0x00, 0x00, 0x00, 0x00, 0x00, 0x00, 0x70,
    0x00, 0x00, 0x00, 0xFE, 0x00, 0x00, 0x01, 0xFF, 0x80, 0x00, 0x01, 0xE3, 0xE0, 0x00, 0x01, 0xC0,
    0x70, 0x00, 0x31, 0xC0, 0x1C, 0x00, 0x39, 0xC0, 0x04, 0x00, 0x1D, 0xC0, 0x0E, 0x00, 0x0F, 0xC0,
    0x3E, 0x00, 0x07, 0xFF, 0xFE, 0x30, 0x01, 0xFF, 0xFE, 0x18, 0x00, 0xEF, 0xF8, 0x0C, 0x00, 0x30,
    0x00, 0x06, 0x00, 0x18, 0x00, 0x03, 0x00, 0x08, 0x01, 0x81, 0x80, 0x0C, 0x19, 0xE0, 0xE0, 0x1C,
    0x1E, 0xF0, 0x78, 0x3C, 0x06, 0x30, 0x1F, 0xFC, 0x00, 0x00, 0x07, 0xFC, 0x00, 0x00, 0x00, 0xF8,
    0x00, 0x00, 0x00, 0x00, 0x00, 0x06, 0x00, 0x00, 0x00, 0x03, 0x80, 0x00, 0x00, 0x01, 0x80, 0x00,
    0x00, 0x02, 0x38, 0x00, 0x00, 0x03, 0x9C, 0x00, 0x00, 0x01, 0xCC, 0x00, 0x00, 0x00, 0x40, 0x00,
    0x00, 0x00, 0x00, 0x00, 0x00, 0x00, 0x00, 0x00, 0x00, 0x00, 0x00, 0x38, 0x00, 0x00, 0x00, 0x7F,
    0x00, 0x00, 0x00, 0xFF, 0xC0, 0x00, 0x00, 0xF1, 0xF0, 0x00, 0x00, 0xE0, 0x38, 0x00, 0x18, 0xE0,
    0x0E, 0x00, 0x1C, 0xE0, 0x02, 0x00, 0x0E, 0xE0, 0x07, 0x00, 0x07, 0xE0, 0x1F, 0x00, 0x03, 0xFF,
    0xFF, 0x18, 0x00, 0xFF, 0xFF, 0x0C, 0x00, 0x77, 0xFC, 0x06, 0x00, 0x18, 0x00, 0x03, 0x00, 0x0C,
    0x00, 0x01, 0x80, 0x04, 0x00, 0x00, 0xC0, 0x06, 0x00, 0x00, 0x70, 0x0E, 0x00, 0x00, 0x3C, 0x1E,
    0x00, 0x00, 0x0F, 0xFE, 0x00, 0x00, 0x03, 0xFE, 0x00, 0x00, 0x00, 0x7C, 0x00, 0x00, 0x00, 0x00,
    0x00, 0x00, 0x01, 0x80, 0x00, 0x03, 0x80, 0x80, 0x03, 0x81, 0xC0, 0x03, 0x81, 0xC0, 0x03, 0x82,
    0x30, 0x03, 0x87, 0x78, 0x03, 0x87, 0x30, 0x03, 0x82, 0x00, 0x01, 0x80, 0x00, 0x01, 0x80, 0x00,
    0x01, 0x80, 0xE0, 0x01, 0x83, 0xF8, 0x01, 0xCF, 0xFC, 0x00, 0xDE, 0x3E, 0x00, 0xF8, 0x0F, 0x00,
    0xF0, 0x07, 0x00, 0xE0, 0x02, 0x01, 0xC0, 0x0E, 0x7B, 0x80, 0x7C, 0x7F, 0xFF, 0xF8, 0x1F, 0xFF,
    0xF0, 0x07, 0xFF, 0x80, 0x00, 0x00, 0x01, 0x80, 0x00, 0x38, 0x00, 0x06, 0x80, 0x07, 0x38, 0x00,
    0xF7, 0x00, 0x0C, 0x40, 0x00, 0x00, 0x00, 0x00, 0x00, 0x03, 0xE0, 0x00, 0xFE, 0x00, 0x3F, 0xE0,
    0x06, 0x00, 0x01, 0x80, 0x00, 0x30, 0x00, 0x06, 0x00, 0x40, 0xF0, 0x3C, 0x1F, 0x9F, 0x01, 0xFF,
    0xC0, 0x1F, 0xC0, 0x00, 0xE0, 0x00, 0x38, 0x00, 0x0C, 0x00, 0x01, 0x80, 0x00, 0x60, 0x00, 0x0C,
    0x00, 0x01, 0x80, 0x00, 0x30, 0x00, 0x06, 0x00, 0x00, 0xE0, 0x00, 0x0F, 0x00, 0x10, 0xFF, 0xFF,
    0x0F, 0xFF, 0x80, 0x7F, 0x80, 0x00, 0x00, 0x78, 0x00, 0x00, 0x7E, 0x00, 0x00, 0x7F, 0x80, 0x00,
    0x71, 0xC0, 0x00, 0x30, 0x70, 0x00, 0x18, 0x38, 0x00, 0x0C, 0x0D, 0x80, 0x07, 0x0E, 0xC0, 0x03,
    0xFF, 0xE0, 0x00, 0xFF, 0xF0, 0x00, 0x3C, 0x7C, 0x00, 0x00, 0x6F, 0x00, 0x07, 0xF3, 0xFF, 0xFF,
    0xF0, 0xFF, 0xFF, 0xE0, 0x1F, 0xFF, 0x00, 0x00, 0x00, 0x78, 0x00, 0x00, 0x7E, 0x00, 0x00, 0x7F,
    0x80, 0x00, 0x71, 0xC0, 0x00, 0x30, 0x70, 0x00, 0x18, 0x38, 0x00, 0x0C, 0x0D, 0x80, 0x07, 0x0E,
    0xC0, 0x03, 0xFF, 0xE0, 0x00, 0xFF, 0xF0, 0x00, 0x3C, 0x7C, 0x00, 0x00, 0x6F, 0x00, 0x07, 0xF3,
    0xFF, 0xFF, 0xF0, 0xFF, 0xFF, 0xE0, 0x1F, 0xFF, 0x00, 0x00, 0x00, 0x00, 0x00, 0x00, 0x00, 0x00,
    0x00, 0x0C, 0x00, 0x00, 0x0F, 0x00, 0x00, 0x07, 0x80, 0x00, 0x01, 0x80, 0x00, 0x00, 0x00, 0x00,
    0x00, 0x00, 0x00, 0x00, 0x30, 0x00, 0x00, 0x3C, 0x00, 0x00, 0x1E, 0x00, 0x00, 0x06, 0x00, 0x00,
    0x00, 0x00, 0x00, 0x00, 0x00, 0x00, 0x00, 0xF0, 0x00, 0x00, 0xFC, 0x00, 0x00, 0xFF, 0x00, 0x00,
    0xE3, 0x80, 0x00, 0x60, 0xE0, 0x00, 0x30, 0x70, 0x00, 0x18, 0x1B, 0x00, 0x0E, 0x1D, 0x80, 0x07,
    0xFF, 0xC0, 0x01, 0xFF, 0xE0, 0x00, 0x78, 0xF8, 0x00, 0x00, 0xDE, 0x00, 0x0F, 0xE7, 0xFF, 0xFF,
    0xE1, 0xFF, 0xFF, 0xC0, 0x3F, 0xFE, 0x00, 0x00, 0x00, 0x00, 0x00, 0x00, 0x00, 0x00, 0x00, 0x18,
    0x00, 0x00, 0x1E, 0x00, 0x00, 0x0F, 0x00, 0x00, 0x03, 0x00, 0x00, 0x00, 0x00, 0x00, 0x00, 0x00,
    0x00, 0x00, 0x10, 0x00, 0x00, 0x1C, 0x00, 0x00, 0x0E, 0x00, 0x00, 0x18, 0xC0, 0x00, 0x1E, 0xF0,
    0x00, 0x0E, 0x30, 0x00, 0x00, 0x00, 0x00, 0x00, 0x00, 0x00, 0x00, 0x3C, 0x00, 0x00, 0x3F, 0x00,
    0x00, 0x3F, 0xC0, 0x00, 0x38, 0xE0, 0x00, 0x18, 0x38, 0x00, 0x0C, 0x1C, 0x00, 0x06, 0x06, 0xC0,
    0x03, 0x87, 0x60, 0x01, 0xFF, 0xF0, 0x00, 0x7F, 0xF8, 0x00, 0x1E, 0x3E, 0x00, 0x00, 0x37, 0x80,
    0x03, 0xF9, 0xFF, 0xFF, 0xF8, 0x7F, 0xFF, 0xF0, 0x0F, 0xFF, 0x80, 0x00, 0x00, 0x00, 0x78, 0x00,
    0x00, 0x7E, 0x00, 0x00, 0x7F, 0x80, 0x00, 0x71, 0xC0, 0x00, 0x30, 0x70, 0x00, 0x18, 0x38, 0x00,
    0x0C, 0x0D, 0x80, 0x07, 0x0E, 0xC0, 0x03, 0xFF, 0xE0, 0x00, 0xFF, 0xF0, 0x00, 0x3C, 0x7C, 0x00,
    0x00, 0x6F, 0x00, 0x07, 0xF3, 0xFF, 0xFF, 0xF0, 0xFF, 0xFF, 0xE0, 0x1F, 0xFF, 0x00, 0x00, 0x00,
    0x00, 0x00, 0x00, 0x23, 0x00, 0x00, 0x3B, 0xC0, 0x00, 0x1C, 0xE0, 0x00, 0x0D, 0xA0, 0x00, 0x01,
    0xC0, 0x00, 0x00, 0x60, 0x00, 0x00, 0x00, 0x00, 0x00, 0x90, 0x00, 0x00, 0xFC, 0x00, 0x00, 0x66,
    0x00, 0x00, 0x00, 0x00, 0x00, 0x0D, 0x80, 0x00, 0x0E, 0xC0, 0x00, 0x00, 0x00, 0x00, 0x00, 0x00,
    0x00, 0x00, 0x78, 0x00, 0x00, 0x7E, 0x00, 0x00, 0x7F, 0x80, 0x00, 0x71, 0xC0, 0x00, 0x30, 0x70,
    0x00, 0x18, 0x38, 0x00, 0x0C, 0x0D, 0x80, 0x07, 0x0E, 0xC0, 0x03, 0xFF, 0xE0, 0x00, 0xFF, 0xF0,
    0x00, 0x3C, 0x7C, 0x00, 0x00, 0x6F, 0x00, 0x07, 0xF3, 0xFF, 0xFF, 0xF0, 0xFF, 0xFF, 0xE0, 0x1F,
    0xFF, 0x00, 0x00, 0x00, 0x00, 0x0C, 0x00, 0x07, 0x80, 0x01, 0xE0, 0x00, 0x30, 0x00, 0x00, 0x00,
    0x00, 0x00, 0x00, 0xE0, 0x00, 0xFE, 0x00, 0x3F, 0x80, 0x1C, 0x70, 0x06, 0x0E, 0x01, 0x03, 0x80,
    0xC0, 0x60, 0x38, 0x18, 0x07, 0xFF, 0xC1, 0xFF, 0xF0, 0x3F, 0x3C, 0x00, 0x0B, 0x00, 0x02, 0xC0,
    0x01, 0xB0, 0x00, 0xCE, 0x00, 0xF3, 0xC0, 0xF8, 0x7F, 0xF8, 0x0F, 0xFC, 0x00, 0xF8, 0x00, 0x00,
    0x00, 0x00, 0x04, 0x00, 0x03, 0x80, 0x00, 0xE0, 0x00, 0xC6, 0x00, 0x7B, 0xC0, 0x1C, 0x60, 0x00,
    0x00, 0x00, 0x00, 0x00, 0x0E, 0x00, 0x0F, 0xE0, 0x03, 0xF8, 0x01, 0xC7, 0x00, 0x60, 0xE0, 0x10,
    0x38, 0x0C, 0x06, 0x03, 0x81, 0x80, 0x7F, 0xFC, 0x1F, 0xFF, 0x03, 0xF3, 0xC0, 0x00, 0xB0, 0x00,
    0x2C, 0x00, 0x1B, 0x00, 0x0C, 0xE0, 0x0F, 0x3C, 0x0F, 0x87, 0xFF, 0x80, 0xFF, 0xC0, 0x0F, 0x80,
    0x00, 0x00, 0x00, 0x18, 0x00, 0x03, 0xC0, 0x00, 0x7E, 0x00, 0x0F, 0xE0, 0x01, 0xF8, 0x00, 0x3F,
    0x00, 0x03, 0xE0, 0x00, 0x18, 0x00, 0x00, 0xE0, 0x00, 0x07, 0xC0, 0x00, 0x1F, 0x80, 0x00, 0x1E,
    0x00, 0x00, 0x78, 0x00, 0x00, 0xE0, 0x00, 0x03, 0x98, 0x00, 0x0C, 0xC0, 0x00, 0x66, 0x00, 0x03,
    0x38, 0x00, 0xF8, 0xFF, 0xFF, 0x87, 0xFF, 0xF8, 0x0F, 0xFE, 0x00, 0x00, 0x00, 0x80, 0x00, 0x00,
    0x03, 0xC0, 0x00, 0x00, 0x0F, 0x80, 0x00, 0x00, 0x1F, 0x00, 0x00, 0x00, 0x3C, 0x00, 0x00, 0x00,
    0x70, 0x00, 0x00, 0x00, 0xE0, 0x00, 0x00, 0x00, 0xC0, 0x00, 0x00, 0x00, 0xE0, 0x00, 0x00, 0x00,
    0xFF, 0xFF, 0xF8, 0x00, 0xFF, 0xFF, 0xFE, 0x00, 0x3F, 0xFF, 0xFF, 0x00, 0x00, 0x00, 0x07, 0x00,
    0x00, 0x00, 0x03, 0xFF, 0xFF, 0xFF, 0xFF, 0xFF, 0xFF, 0xFF, 0xFF, 0x7F, 0xFF, 0xFF, 0xFC, 0x00,
    0x00, 0x00, 0x00, 0x01, 0xC0, 0x00, 0x3E, 0x00, 0x07, 0xE0, 0x00, 0xFE, 0x00, 0x1F, 0xE0, 0x03,
    0xFF, 0x00, 0x1E, 0xCC, 0x00, 0xC3, 0xC0, 0x07, 0x80, 0x00, 0x3F, 0x00, 0x00, 0xFC, 0x00, 0x00,
    0xF0, 0x00, 0x01, 0xC0, 0x00, 0x07, 0x00, 0x00, 0x1C, 0xC0, 0x00, 0x66, 0x00, 0x03, 0x30, 0x00,
    0x19, 0xC0, 0x07, 0xC7, 0xFF, 0xFC, 0x3F, 0xFF, 0xC0, 0x7F, 0xF0, 0x00, 0x00, 0x00, 0x00, 0x06,
    0x00, 0x0E, 0x03, 0x0E, 0x07, 0x8F, 0x07, 0x8E, 0x03, 0x0E, 0x00, 0x0E, 0x00, 0x0E, 0x00, 0x06,
    0x03, 0x86, 0x06, 0x06, 0x06, 0x07, 0x07, 0x87, 0x00, 0x83, 0x03, 0x03, 0x04, 0x03, 0x00, 0x03,
    0x00, 0x03, 0x00, 0x03, 0xFF, 0xFF, 0xFF, 0xFF, 0xFF, 0xFE, 0x00, 0x00, 0x00, 0x06, 0x00, 0x0E,
    0x00, 0x0E, 0x01, 0x0F, 0x03, 0x0E, 0x00, 0x0E, 0x0C, 0xCE, 0x0C, 0xCE, 0x00, 0x06, 0x03, 0x86,
    0x06, 0x06, 0x06, 0x07, 0x07, 0x87, 0x00, 0x83, 0x03, 0x03, 0x04, 0x03, 0x00, 0x03, 0x00, 0x03,
    0x00, 0x03, 0xFF, 0xFF, 0xFF, 0xFF, 0xFF, 0xFE, 0x00, 0x00, 0x00, 0x06, 0x00, 0x0E, 0x00, 0x0E,
    0x00, 0x0F, 0x00, 0x0E, 0x00, 0x0E, 0x00, 0x0E, 0x00, 0x0E, 0x00, 0x06, 0x03, 0x86, 0x06, 0x06,
    0x06, 0x07, 0x07, 0x87, 0x00, 0x83, 0x03, 0x03, 0x04, 0x03, 0x00, 0x03, 0x00, 0x03, 0x00, 0x03,
    0xFF, 0xFF, 0xFF, 0xFF, 0xFF, 0xFE, 0x00, 0x00, 0x00, 0x00, 0x06, 0x30, 0x0F, 0x78, 0x07, 0x30,
    0x02, 0xC0, 0x01, 0xC0, 0x00, 0xC0, 0x00, 0x00, 0x00, 0x00, 0x00, 0x00, 0x01, 0x80, 0x00, 0x3C,
    0x00, 0x07, 0xC0, 0x00, 0xF9, 0x80, 0x1F, 0x3C, 0x03, 0xE7, 0xE0, 0x38, 0xFE, 0x01, 0x1F, 0x80,
    0x03, 0xF0, 0x00, 0x3E, 0x00, 0x01, 0x80, 0x00, 0x0E, 0x00, 0x00, 0x7C, 0x00, 0x01, 0xF8, 0x00,
    0x01, 0xE0, 0x00, 0x07, 0x80, 0x00, 0x0E, 0x00, 0x00, 0x39, 0x80, 0x00, 0xCC, 0x00, 0x06, 0x60,
    0x00, 0x33, 0x80, 0x0F, 0x8F, 0xFF, 0xF8, 0x7F, 0xFF, 0x80, 0xFF, 0xE0, 0x00, 0x00, 0x00, 0x00,
    0x00, 0x00, 0x80, 0x00, 0x1C, 0x00, 0x07, 0xC0, 0x00, 0xFB, 0x80, 0x1F, 0x7C, 0x03, 0xEF, 0xC0,
    0x3D, 0xFC, 0x01, 0x3F, 0xC0, 0x07, 0xFE, 0x00, 0x3D, 0x98, 0x01, 0x87, 0x80, 0x0F, 0x00, 0x00,
    0x7E, 0x00, 0x01, 0xF8, 0x00, 0x01, 0xE0, 0x00, 0x03, 0x80, 0x00, 0x0E, 0x00, 0x00, 0x39, 0x80,
    0x00, 0xCC, 0x00, 0x06, 0x60, 0x00, 0x33, 0x80, 0x0F, 0x8F, 0xFF, 0xF8, 0x7F, 0xFF, 0x80, 0xFF,
    0xE0, 0x00, 0x00, 0x00, 0x00, 0x00, 0xC1, 0x80, 0x36, 0x3C, 0x01, 0xC7, 0xC0, 0x04, 0xF9, 0x80,
    0x1F, 0x3C, 0x03, 0xE7, 0xE0, 0x38, 0xFE, 0x01, 0x1F, 0x80, 0x03, 0xF0, 0x00, 0x3E, 0x00, 0x01,
    0x80, 0x00, 0x0E, 0x00, 0x00, 0x7C, 0x00, 0x01, 0xF8, 0x00, 0x01, 0xE0, 0x00, 0x07, 0x80, 0x00,
    0x0E, 0x00, 0x00, 0x39, 0x80, 0x00, 0xCC, 0x00, 0x06, 0x60, 0x00, 0x33, 0x80, 0x0F, 0x8F, 0xFF,
    0xF8, 0x7F, 0xFF, 0x80, 0xFF, 0xE0, 0x00, 0x00, 0x00, 0x00, 0x00, 0x01, 0x80, 0x00, 0x3C, 0x00,
    0x07, 0xC0, 0x00, 0xF9, 0x80, 0x1F, 0x3C, 0x03, 0xE7, 0xE0, 0x38, 0xFE, 0x01, 0x1F, 0x80, 0x03,
    0xF0, 0x00, 0x3E, 0x00, 0x01, 0x80, 0x00, 0x0E, 0x00, 0x00, 0x7C, 0x00, 0x01, 0xF8, 0x00, 0x01,
    0xE0, 0x00, 0x07, 0x80, 0x00, 0x0E, 0x00, 0x00, 0x39, 0x80, 0x00, 0xCC, 0x00, 0x06, 0x60, 0x00,
    0x33, 0x80, 0x0F, 0x8F, 0xFF, 0xF8, 0x7F, 0xFF, 0x80, 0xFF, 0xE0, 0x00, 0x00, 0x00, 0x00, 0x00,
    0x00, 0x02, 0x30, 0x00, 0x39, 0xC0, 0x03, 0xDE, 0x00, 0x0E, 0x60, 0x00, 0x00, 0x00, 0x00, 0x00,
    0x00, 0x00, 0x01, 0x80, 0x00, 0x3C, 0x00, 0x07, 0xC0, 0x00, 0xF9, 0x80, 0x1F, 0x3C, 0x03, 0xE7,
    0xE0, 0x38, 0xFE, 0x01, 0x1F, 0x80, 0x03, 0xF0, 0x00, 0x3E, 0x00, 0x01, 0x80, 0x00, 0x0E, 0x00,
    0x00, 0x7C, 0x00, 0x01, 0xF8, 0x00, 0x01, 0xE0, 0x00, 0x07, 0x80, 0x00, 0x0E, 0x00, 0x00, 0x39,
    0x80, 0x00, 0xCC, 0x00, 0x06, 0x60, 0x00, 0x33, 0x80, 0x0F, 0x8F, 0xFF, 0xF8, 0x7F, 0xFF, 0x80,
    0xFF, 0xE0, 0x00, 0x00, 0x00, 0x00, 0x00, 0x00, 0x01, 0xC0, 0x00, 0x0E, 0x00, 0x00, 0x30, 0x00,
    0x00, 0x00, 0x00, 0x0C, 0x00, 0x00, 0xF0, 0x00, 0x03, 0x00, 0x00, 0x00, 0x00, 0x00, 0x00, 0x00,
    0x03, 0x00, 0x00, 0x18, 0x00, 0x00, 0x30, 0x60, 0x05, 0x8F, 0x00, 0x61, 0xF0, 0x01, 0x3E, 0x60,
    0x07, 0xCF, 0x00, 0xF9, 0xF8, 0x0E, 0x3F, 0x80, 0x47, 0xE0, 0x00, 0xFC, 0x00, 0x0F, 0x80, 0x00,
    0x60, 0x00, 0x03, 0x80, 0x00, 0x1F, 0x00, 0x00, 0x7E, 0x00, 0x00, 0x78, 0x00, 0x01, 0xE0, 0x00,
    0x03, 0x80, 0x00, 0x0E, 0x60, 0x00, 0x33, 0x00, 0x01, 0x98, 0x00, 0x0C, 0xE0, 0x03, 0xE3, 0xFF,
    0xFE, 0x1F, 0xFF, 0xE0, 0x3F, 0xF8, 0x00, 0x00, 0x00, 0x00, 0x62, 0x00, 0x66, 0x00, 0x34, 0x00,
    0x3C, 0x00, 0x1C, 0x00, 0x00, 0x00, 0x00, 0x00, 0x0C, 0x00, 0x1C, 0x00, 0x1C, 0x00, 0x1E, 0x00,
    0x1C, 0x00, 0x1C, 0x00, 0x1C, 0x00, 0x1C, 0x00, 0x0C, 0x00, 0x0C, 0x00, 0x0E, 0x00, 0x0E, 0x00,
    0x0E, 0x00, 0x0E, 0x00, 0x06, 0x00, 0x06, 0x00, 0x06, 0x00, 0x06, 0x00, 0x06, 0x00, 0x07, 0x00,
    0x03, 0xC0, 0x03, 0xC0, 0x03, 0xC0, 0x03, 0xC0, 0x02, 0xC0, 0x06, 0xE0, 0x0C, 0xF0, 0x3C, 0x7F,
    0xF8, 0x3F, 0xE0, 0x1F, 0x80, 0x00, 0x00, 0x00, 0x18, 0x00, 0x3C, 0x00, 0x3C, 0x00, 0x18, 0x00,
    0x00, 0x00, 0x00, 0x00, 0x0C, 0x00, 0x1C, 0x00, 0x1C, 0x00, 0x1E, 0x00, 0x1C, 0x00, 0x1C, 0x00,
    0x1C, 0x00, 0x1C, 0x00, 0x0C, 0x00, 0x0C, 0x00, 0x0E, 0x00, 0x0E, 0x00, 0x0E, 0x00, 0x0E, 0x00,
    0x06, 0x00, 0x06, 0x00, 0x06, 0x00, 0x06, 0x00, 0x06, 0x00, 0x07, 0x00, 0x03, 0xC0, 0x03, 0xC0,
    0x03, 0xC0, 0x03, 0xC0, 0x02, 0xC0, 0x06, 0xE0, 0x0C, 0xF0, 0x3C, 0x7F, 0xF8, 0x3F, 0xE0, 0x1F,
    0x80, 0x00, 0x00, 0x00, 0x0C, 0x00, 0x07, 0x00, 0x09, 0x60, 0x0E, 0x70, 0x07, 0x38, 0x01, 0x00,
    0x00, 0x00, 0x00, 0x0C, 0x00, 0x0E, 0x00, 0x07, 0x00, 0x03, 0xC0, 0x01, 0xC0, 0x00, 0xE0, 0x00,
    0x70, 0x00, 0x38, 0x00, 0x0C, 0x00, 0x06, 0x00, 0x03, 0x80, 0x01, 0xC0, 0x00, 0xE0, 0x00, 0x70,
    0x00, 0x18, 0x00, 0x0C, 0x00, 0x06, 0x00, 0x03, 0x00, 0x01, 0x80, 0x00, 0xE0, 0x00, 0x36, 0x00,
    0x1B, 0x00, 0x0D, 0x80, 0x06, 0xC0, 0x02, 0x60, 0x03, 0x38, 0x03, 0x1E, 0x07, 0x87, 0xFF, 0x81,
    0xFF, 0x00, 0x7E, 0x00, 0x00, 0x00, 0x00, 0x0C, 0x00, 0x1C, 0x00, 0x1C, 0x00, 0x1E, 0x00, 0x1C,
    0x00, 0x1C, 0x00, 0x1C, 0x00, 0x1C, 0x00, 0x0C, 0x00, 0x0C, 0x00, 0x0E, 0x00, 0x0E, 0x00, 0x0E,
    0x00, 0x0E, 0x00, 0x06, 0x00, 0x06, 0x00, 0x06, 0x00, 0x06, 0x00, 0x06, 0x00, 0x07, 0x00, 0x03,
    0xC0, 0x03, 0xC0, 0x03, 0xC0, 0x03, 0xC0, 0x02, 0xC0, 0x06, 0xE0, 0x0C, 0xF0, 0x3C, 0x7F, 0xF8,
    0x3F, 0xE0, 0x1F, 0x80, 0x00, 0x00, 0x08, 0x40, 0x1C, 0xE0, 0x1C, 0xE0, 0x0B, 0x40, 0x07, 0x80,
    0x03, 0x00, 0x00, 0x00, 0x00, 0x00, 0x02, 0x00, 0x07, 0x80, 0x07, 0x80, 0x03, 0x00, 0x00, 0x00,
    0x00, 0x04, 0x00, 0x0E, 0x00, 0x0E, 0x00, 0x0E, 0x00, 0x0E, 0x00, 0x06, 0xC0, 0x07, 0xC0, 0x07,
    0xC0, 0x03, 0xC0, 0x02, 0xC0, 0x06, 0xE0, 0x0C, 0xF0, 0x7C, 0x7F, 0xF8, 0x3F, 0xE0, 0x1F, 0x80,
    0x00, 0x00, 0x00, 0x00, 0x03, 0x00, 0x07, 0x80, 0x07, 0x00, 0x02, 0x00, 0x00, 0x00, 0x00, 0x00,
    0x00, 0x04, 0x00, 0x0E, 0x00, 0x0E, 0x00, 0x0E, 0x00, 0x0E, 0x00, 0x06, 0xC0, 0x07, 0xC0, 0x07,
    0xC0, 0x03, 0xC0, 0x02, 0xC0, 0x06, 0xE0, 0x0C, 0xF0, 0x7C, 0x7F, 0xF8, 0x3F, 0xE0, 0x1F, 0x80,
    0x06, 0x00, 0x06, 0x00, 0x06, 0xC0, 0x07, 0xE0, 0x06, 0x60, 0x0F, 0xC0, 0x03, 0x80, 0x00, 0x04,
    0x00, 0x0E, 0x00, 0x0E, 0x00, 0x0E, 0x00, 0x0E, 0x00, 0x06, 0xC0, 0x07, 0xC0, 0x07, 0xC0, 0x03,
    0xC0, 0x02, 0xC0, 0x06, 0xE0, 0x0C, 0xF0, 0x7C, 0x7F, 0xF8, 0x3F, 0xE0, 0x1F, 0x80, 0x00, 0x00,
    0x03, 0x00, 0x07, 0x80, 0x07, 0x80, 0x03, 0x00, 0x00, 0x00, 0x00, 0x06, 0x00, 0x0E, 0x00, 0x0E,
    0x00, 0x0E, 0x00, 0x0E, 0x40, 0x06, 0xC0, 0x07, 0xC0, 0x07, 0xC0, 0x03, 0xC0, 0x02, 0xC0, 0x06,
    0xE0, 0x1C, 0xF0, 0x78, 0x7F, 0xF0, 0x3F, 0xE0, 0x0F, 0x80, 0x0D, 0x80, 0x0D, 0x00, 0x07, 0x00,
    0x00, 0x00, 0x03, 0x00, 0x07, 0x80, 0x0B, 0xC0, 0x1C, 0xE0, 0x1C, 0xC0, 0x08, 0x00, 0x00, 0x04,
    0x00, 0x0E, 0x00, 0x0E, 0x00, 0x0E, 0x00, 0x0E, 0x00, 0x06, 0xC0, 0x07, 0xC0, 0x07, 0xC0, 0x03,
    0xC0, 0x02, 0xC0, 0x06, 0xE0, 0x0C, 0xF0, 0x7C, 0x7F, 0xF8, 0x3F, 0xE0, 0x1F, 0x80, 0x00, 0x00,
    0x00, 0x0F, 0x00, 0x01, 0xF0, 0x00, 0x7F, 0x00, 0x1F, 0xF0, 0x07, 0x3F, 0x00, 0xC3, 0x70, 0x10,
    0x6E, 0x03, 0x0C, 0xE0, 0x73, 0x0C, 0x07, 0xE1, 0x80, 0xFC, 0x37, 0xFF, 0xF6, 0xFF, 0xFF, 0x87,
    0xC1, 0xF0, 0x00, 0x00, 0x00, 0x00, 0x00, 0x1C, 0x00, 0x07, 0x80, 0x00, 0xF0, 0x00, 0x04, 0x00,
    0x00, 0x00, 0x00, 0x00, 0x03, 0xF8, 0x00, 0xFF, 0xF0, 0x1F, 0xFF, 0xFB, 0x07, 0xFE, 0x00, 0xFF,
    0xC0, 0x3F, 0x00, 0x0F, 0x00, 0x03, 0x80, 0x00, 0xE0, 0x00, 0x38, 0x00, 0x06, 0x01, 0x81, 0x86,
    0x78, 0x31, 0xEE, 0x06, 0x1A, 0x00, 0xC0, 0xE0, 0x18, 0x1C, 0x03, 0x00, 0x00, 0x30, 0x00, 0x07,
    0x80, 0x18, 0x7F, 0xFF, 0x07, 0xFF, 0xC0, 0x3F, 0xC0, 0x18, 0x0F, 0x06, 0x01, 0x80, 0x3C, 0x1F,
    0x06, 0x00, 0x00, 0x38, 0x0F, 0x81, 0xE0, 0xFC, 0x67, 0x90, 0xEC, 0x1F, 0x07, 0xC0, 0xB0, 0x6F,
    0xF9, 0xFC, 0x3E, 0x00, 0x10, 0x0F, 0x01, 0xE0, 0x7C, 0x3F, 0x18, 0xE4, 0x3B, 0x07, 0xC1, 0xF0,
    0x2C, 0x1B, 0xFE, 0x7F, 0x0F, 0x80, 0x18, 0x0F, 0x06, 0x01, 0x80, 0x3C, 0x1F, 0x06, 0x00, 0x00,
    0x38, 0x0F, 0x81, 0xE0, 0xFC, 0x67, 0x90, 0xEC, 0x1F, 0x07, 0xC0, 0xB0, 0x6F, 0xF9, 0xFC, 0x3E,
    0x00, 0x01, 0x0E, 0x73, 0xDE, 0x39, 0x82, 0x00, 0x00, 0x02, 0x00, 0xF0, 0x0F, 0x01, 0xF0, 0x7E,
    0x18, 0xE2, 0x1C, 0xC1, 0xD8, 0x3B, 0x02, 0x60, 0xCF, 0xF8, 0xFE, 0x0F, 0x80, 0x01, 0xC0, 0x1F,
    0x80, 0x7F, 0x03, 0x1C, 0x0C, 0x38, 0x20, 0x61, 0x81, 0x87, 0x07, 0x0F, 0xFC, 0x3F, 0xF0, 0x7C,
    0x80, 0x06, 0x00, 0x18, 0x38, 0xC1, 0xB7, 0x06, 0xF8, 0xFF, 0xC1, 0xFE, 0x01, 0xF0, 0x00, 0x01,
    0xE0, 0x0F, 0xC0, 0x7F, 0x01, 0x8E, 0x0C, 0x18, 0x30, 0x30, 0xC0, 0xC3, 0x83, 0x0F, 0xFC, 0x1F,
    0xF0, 0x3E, 0xC0, 0x03, 0x07, 0xD8, 0x13, 0xE0, 0x07, 0x00, 0x3C, 0x7F, 0xE0, 0xFF, 0x00, 0xF0,
    0x00, 0x04, 0x40, 0x72, 0x01, 0xB0, 0x0F, 0x80, 0x38, 0x01, 0xC0, 0x00, 0x00, 0x00, 0x03, 0xC0,
    0x3F, 0x03, 0xF8, 0x18, 0xE1, 0x83, 0x0C, 0x0C, 0x60, 0x63, 0x83, 0x1F, 0xF8, 0x7F, 0xC1, 0xF6,
    0x00, 0x30, 0x03, 0x00, 0x39, 0x07, 0x9F, 0xF8, 0x7F, 0x80, 0x78, 0x00, 0x00, 0x80, 0x0E, 0x00,
    0x70, 0x01, 0x80, 0x08, 0x00, 0xC0, 0x04, 0x00, 0x20, 0x00, 0x00, 0x00, 0x00, 0xF0, 0x0F, 0xC0,
    0xFE, 0x06, 0x38, 0x60, 0xC3, 0x07, 0x18, 0x18, 0xC0, 0xC7, 0xFE, 0x1F, 0xF0, 0x7D, 0x80, 0x0C,
    0x00, 0xC0, 0x0E, 0x41, 0xE7, 0xFE, 0x1F, 0xE0, 0x1E, 0x00, 0x00, 0x00, 0x08, 0x00, 0xC0, 0x03,
    0x00, 0x18, 0x00, 0xC0, 0x06, 0x00, 0x20, 0x01, 0x00, 0x00, 0x00, 0x00, 0x00, 0x00, 0x00, 0x00,
    0x00, 0x00, 0x00, 0x00, 0x03, 0xC0, 0x3F, 0x03, 0xF8, 0x18, 0xE1, 0x83, 0x0C, 0x1C, 0x60, 0x63,
    0x83, 0x1F, 0xF8, 0x7F, 0xC1, 0xF6, 0x00, 0x30, 0x03, 0x00, 0x39, 0x07, 0x9F, 0xF8, 0x7F, 0x80,
    0x78, 0x00, 0x00, 0x00, 0x0C, 0x00, 0xF0, 0x05, 0x80, 0x66, 0x02, 0x10, 0x00, 0x00, 0x00, 0x03,
    0xC0, 0x3F, 0x03, 0xF8, 0x18, 0xE1, 0x83, 0x0C, 0x0C, 0x60, 0x63, 0x83, 0x1F, 0xF8, 0x7F, 0xC1,
    0xF6, 0x00, 0x30, 0x03, 0x00, 0x39, 0x07, 0x9F, 0xF8, 0x7F, 0x80, 0x78, 0x00, 0x00, 0x00, 0x03,
    0x03, 0x3C, 0x3D, 0xE0, 0xC6, 0x00, 0x00, 0x00, 0x00, 0x78, 0x07, 0xE0, 0x7F, 0x03, 0x1C, 0x30,
    0x61, 0x81, 0x8C, 0x0C, 0x70, 0x63, 0xFF, 0x0F, 0xF8, 0x3E, 0xC0, 0x06, 0x00, 0x60, 0x07, 0x20,
    0xF3, 0xFF, 0x0F, 0xF0, 0x0F, 0x00, 0x00, 0x00, 0x08, 0x00, 0xE0, 0x03, 0x00, 0xC6, 0x07, 0x78,
    0x39, 0x80, 0x00, 0x00, 0x00, 0x1E, 0x01, 0xF8, 0x1F, 0xC0, 0xC7, 0x0C, 0x18, 0x60, 0x63, 0x03,
    0x1C, 0x18, 0xFF, 0xC3, 0xFE, 0x0F, 0xB0, 0x01, 0x80, 0x18, 0x01, 0xC8, 0x3C, 0xFF, 0xC3, 0xFC,
    0x03, 0xC0, 0x00, 0x07, 0x00, 0x07, 0xE0, 0x01, 0xF8, 0x00, 0xE0, 0x00, 0x70, 0x00, 0x18, 0x00,
    0x0C, 0x00, 0x03, 0x00, 0x00, 0xC0, 0x00, 0x3C, 0x0C, 0x0F, 0xF3, 0x01, 0xFE, 0xC0, 0x0F, 0xB0,
    0x00, 0x6C, 0x00, 0x3B, 0x80, 0x1C, 0xF0, 0x3E, 0x1F, 0xFF, 0x03, 0xFF, 0x00, 0x7E, 0x00, 0x00,
    0x00, 0x38, 0x00, 0x01, 0xF8, 0x00, 0x03, 0xF0, 0x00, 0x0E, 0x00, 0x00, 0x38, 0x00, 0x00, 0x60,
    0x00, 0x01, 0x80, 0x00, 0x03, 0x00, 0x00, 0x06, 0x00, 0x08, 0x0F, 0x00, 0x78, 0x1F, 0xE1, 0xF0,
    0x1F, 0xEF, 0x60, 0x07, 0xD8, 0xC0, 0x01, 0x81, 0x80, 0x07, 0x03, 0x80, 0x1C, 0x07, 0x81, 0xF0,
    0x07, 0xFF, 0xC0, 0x07, 0xFE, 0x00, 0x07, 0xE0, 0x00, 0x00, 0x01, 0xC0, 0x00, 0x7E, 0x73, 0x07,
    0xE3, 0x20, 0xE0, 0x3E, 0x1C, 0x01, 0xC1, 0x80, 0x1C, 0x30, 0x00, 0x03, 0x00, 0x00, 0x30, 0x00,
    0x03, 0xC0, 0x30, 0x3F, 0xC3, 0x01, 0xFE, 0x30, 0x03, 0xE3, 0x00, 0x06, 0x30, 0x00, 0xE3, 0x80,
    0x1C, 0x3C, 0x0F, 0x81, 0xFF, 0xF0, 0x0F, 0xFC, 0x00, 0x7E, 0x00, 0x00, 0x00, 0x1C, 0x00, 0xF0,
    0x07, 0x00, 0x10, 0x00, 0x00, 0x00, 0x00, 0x78, 0x07, 0xE0, 0x7F, 0x03, 0x1C, 0x30, 0x61, 0x81,
    0x8C, 0x0C, 0x70, 0x63, 0xFF, 0x0F, 0xF8, 0x3E, 0xC0, 0x06, 0x00, 0x60, 0x07, 0x20, 0xF3, 0xFF,
    0x0F, 0xF0, 0x0F, 0x00, 0x00, 0x07, 0x00, 0x07, 0xE0, 0x01, 0xF8, 0x00, 0xE0, 0x00, 0x70, 0x00,
    0x18, 0x00, 0x0C, 0x00, 0x03, 0x00, 0x00, 0xC0, 0x00, 0x3C, 0x0C, 0x0F, 0xF3, 0x01, 0xFE, 0xC0,
    0x0F, 0xB0, 0x00, 0x6C, 0x00, 0x3B, 0x80, 0x1C, 0xF0, 0x3E, 0x1F, 0xFF, 0x03, 0xFF, 0x00, 0x7E,
    0x00, 0x00, 0x00, 0x00, 0xC0, 0x00, 0x78, 0x00, 0x0C, 0x00, 0x00, 0x00, 0x00, 0xC0, 0x00, 0x38,
    0x00, 0x0C, 0x00, 0x00, 0x00, 0x00, 0x00, 0x07, 0x00, 0x07, 0xE0, 0x01, 0xF8, 0x00, 0xE0, 0x00,
    0x70, 0x00, 0x18, 0x00, 0x0C, 0x00, 0x03, 0x00, 0x00, 0xC0, 0x00, 0x3C, 0x0C, 0x0F, 0xF3, 0x01,
    0xFE, 0xC0, 0x0F, 0xB0, 0x00, 0x6C, 0x00, 0x3B, 0x80, 0x1C, 0xF0, 0x3E, 0x1F, 0xFF, 0x03, 0xFF,
    0x00, 0x7E, 0x00, 0x00, 0x00, 0x02, 0x18, 0x01, 0xCE, 0x00, 0x73, 0x80, 0x0F, 0x00, 0x00, 0xE0,
    0x00, 0x30, 0x00, 0x00, 0x00, 0x00, 0x40, 0x00, 0x01, 0x80, 0x00, 0x0F, 0x00, 0x00, 0x7C, 0x00,
    0x03, 0xE0, 0x00, 0x0E, 0x00, 0x00, 0x10, 0x00, 0x00, 0x78, 0x00, 0x1F, 0xFF, 0xFF, 0xFF, 0xFF,
    0xFF, 0xF8, 0xFF, 0xFF, 0x80, 0x06, 0x00, 0x00, 0x1E, 0x00, 0x00, 0x68, 0x00, 0x00, 0xC0, 0x00,
    0x01, 0xF0, 0x00, 0x03, 0xE0, 0x00, 0x06, 0x00, 0x00, 0x00, 0x00, 0x00, 0x00, 0x40, 0x00, 0x03,
    0x80, 0x00, 0x3E, 0x00, 0x01, 0xF8, 0x00, 0x07, 0x80, 0x00, 0x0C, 0x00, 0x00, 0x38, 0x00, 0x03,
    0x7F, 0xFF, 0xFF, 0xFF, 0xFF, 0xFC, 0x7F, 0xFF, 0xC0, 0x3E, 0x7E, 0x7C, 0x10, 0x0F, 0x01, 0xE0,
    0x7C, 0x3F, 0x18, 0xE4, 0x3B, 0x07, 0xC1, 0xF0, 0x2C, 0x1B, 0xFE, 0x7F, 0x0F, 0x80, 0x04, 0x00,
    0x02, 0x00, 0x01, 0x00, 0x00, 0x80, 0x00, 0x40, 0xF0, 0x20, 0xCC, 0x13, 0x84, 0x7F, 0xFC, 0x60,
    0x00, 0x40, 0x00, 0x3F, 0xC0, 0x00, 0x00, 0x00, 0x13, 0x80, 0x80, 0x04, 0x60, 0x27, 0x01, 0x30,
    0x09, 0xE1, 0xFE, 0x30, 0x02, 0x00, 0x1F, 0xE0, 0x00, 0x03, 0x82, 0x41, 0x30, 0xF1, 0x81, 0x80,
    0x04, 0x1D, 0x1B, 0x31, 0x61, 0x82, 0x0C, 0x3C, 0x7F, 0x06, 0x0C, 0x0C, 0x86, 0x43, 0x01, 0xC0,
    0x7E, 0x00, 0x60, 0xC2, 0x6E, 0xC9, 0x00, 0x00, 0x00, 0x00, 0x02, 0x04, 0xA0, 0xCB, 0x87, 0xEC,
    0x40, 0xCC, 0x07, 0x00, 0x00, 0x00, 0x00, 0x00, 0x00, 0x00, 0x00, 0x80, 0x00, 0x00, 0x00, 0x07,
    0x00, 0x00, 0x00, 0x00, 0x7F, 0x00, 0x00, 0x00, 0x1F, 0x8F, 0x80, 0x00, 0x01, 0xE6, 0x33, 0xC0,
    0x00, 0x0C, 0x18, 0xC1, 0x80, 0x00, 0xE1, 0xFF, 0xE1, 0x80, 0x06, 0x1F, 0xFF, 0xE3, 0x00, 0x39,
    0xC0, 0x01, 0xCE, 0x01, 0xFC, 0x00, 0x01, 0xFC, 0x0F, 0xE0, 0x00, 0x03, 0xF8, 0x3C, 0x00, 0x00,
    0x01, 0xF1, 0xF0, 0x00, 0x00, 0x03, 0xC3, 0x80, 0x00, 0x00, 0x0F, 0x1C, 0x00, 0x00, 0x00, 0x1C,
    0x70, 0x00, 0x00, 0x00, 0x71, 0x80, 0x00, 0x00, 0x00, 0xEE, 0x00, 0x00, 0x00, 0x03, 0xB8, 0x00,
    0x00, 0x00, 0x0E, 0xC0, 0x00, 0x00, 0x00, 0x1B, 0x00, 0x00, 0x00, 0x00, 0x6C, 0x00, 0x00, 0x00,
    0x01, 0xB0, 0x00, 0x00, 0x00, 0x06, 0xC0, 0x00, 0x00, 0x00, 0x1B, 0x00, 0x00, 0x00, 0x00, 0x6E,
    0x00, 0x00, 0x00, 0x03, 0xB8, 0x00, 0x00, 0x00, 0x0E, 0x60, 0x00, 0x00, 0x00, 0x39, 0xC0, 0x00,
    0x00, 0x01, 0xC7, 0x00, 0x00, 0x00, 0x07, 0x0E, 0x00, 0x00, 0x00, 0x3C, 0x7C, 0x00, 0x00, 0x01,
    0xF0, 0xF8, 0x00, 0x00, 0x07, 0xC3, 0xF8, 0x00, 0x00, 0xFE, 0x07, 0xF0, 0x00, 0x07, 0xF0, 0x0E,
    0x60, 0x00, 0x73, 0x80, 0x18, 0xF1, 0xC7, 0x8C, 0x00, 0x30, 0xFF, 0xF8, 0x60, 0x00, 0x70, 0xE3,
    0x07, 0x00, 0x00, 0x71, 0x8C, 0x70, 0x00, 0x00, 0x7E, 0x3F, 0x00, 0x00, 0x00, 0x3F, 0xE0, 0x00,
    0x00, 0x00, 0x1C, 0x00, 0x00, 0x00, 0x00, 0x20, 0x00, 0x00, 0x00, 0x00, 0x00, 0x00, 0x00, 0x00,
    0x00, 0x00, 0x00, 0x00, 0x06, 0x00, 0x00, 0x00, 0x1E, 0x00, 0x00, 0x00, 0x66, 0x00, 0x00, 0x01,
    0x82, 0x00, 0x00, 0xFF, 0xFF, 0xF8, 0x01, 0x98, 0x02, 0x30, 0x03, 0x20, 0x06, 0x60, 0x06, 0x80,
    0x06, 0xC0, 0x0F, 0x00, 0x07, 0x80, 0x1C, 0x00, 0x07, 0x00, 0x30, 0x00, 0x06, 0x00, 0xE0, 0x00,
    0x0E, 0x03, 0xC0, 0xF0, 0x1E, 0x0D, 0x83, 0x30, 0x36, 0x33, 0x06, 0x30, 0x66, 0x66, 0x0C, 0x60,
    0xCC, 0x6C, 0x19, 0x81, 0xB0, 0x78, 0x1E, 0x03, 0xC0, 0x70, 0x00, 0x07, 0x00, 0x60, 0x00, 0x0C,
    0x00, 0xE0, 0x00, 0x38, 0x01, 0xA0, 0x00, 0xB0, 0x03, 0x60, 0x02, 0x60, 0x06, 0x60, 0x08, 0xC0,
    0x0F, 0xFF, 0xFF, 0x80, 0x00, 0x60, 0xC0, 0x00, 0x00, 0x62, 0x00, 0x00, 0x00, 0x68, 0x00, 0x00,
    0x00, 0x60, 0x00, 0x00, 0x00, 0x00, 0x00, 0x00, 0x76, 0xF6, 0xE0, 0x76, 0xB7, 0xBD, 0x38, 0x00,
    0x79, 0xF0, 0x61, 0x8E, 0x00, 0x67, 0x87, 0xF8, 0x42, 0x10, 0x80, 0x00, 0x00, 0x02, 0x04, 0xA0,
    0xCB, 0x87, 0xEC, 0x40, 0xCC, 0x07, 0x00, 0x10, 0x4F, 0xFB, 0x7E, 0x00, 0x00, 0x31, 0xA6, 0x9F,
    0x08, 0x6F, 0x00, 0x08, 0x0C, 0x04, 0x01, 0xFE, 0x10, 0x30, 0x20, 0x1F, 0xE0, 0x00, 0xB0, 0xF3,
    0xC7, 0x3F, 0x9C, 0x00, 0x00, 0x00, 0x60, 0x00, 0xC8, 0x00, 0xDA, 0x00, 0xD6, 0x80, 0xD7, 0xA0,
    0xD4, 0xC8, 0xD4, 0x56, 0x6A, 0x39, 0x16, 0x9D, 0x05, 0x4D, 0x01, 0xA7, 0x00, 0xD3, 0x80, 0x69,
    0xC0, 0x34, 0xE0, 0x1A, 0x70, 0x0D, 0x38, 0x06, 0x9C, 0x03, 0x4E, 0x01, 0xBF, 0x00, 0xC1, 0x80,
    0xBF, 0xA0, 0x80, 0x08, 0xFF, 0xFE, 0x23, 0xA4, 0xC0, 0x00, 0x03, 0x25, 0xA6, 0x00, 0x77, 0xFF,
    0xF7, 0x00, 0x67, 0x87, 0xF8, 0x42, 0x10, 0x80, 0x02, 0x00, 0x60, 0x07, 0x00, 0xB8, 0x09, 0x80,
    0x88, 0x00, 0x00, 0x00, 0x03, 0x00, 0x38, 0x03, 0x80, 0x3C, 0x01, 0xC0, 0x1E, 0x00, 0xE0, 0x07,
    0x00, 0x7C, 0x06, 0xFF, 0xEF, 0xFC, 0x7F, 0x80, 0x01, 0x80, 0x0E, 0x00, 0xF0, 0x04, 0xC0, 0x26,
    0x00, 0x00, 0x00, 0x00, 0x08, 0x00, 0xE0, 0x07, 0x00, 0x38, 0x00, 0xE0, 0x07, 0x00, 0x18, 0x00,
    0xE0, 0x03, 0x00, 0x18, 0x00, 0x80, 0x0C, 0x00, 0x60, 0x07, 0x00, 0xF1, 0xFF, 0x0F, 0xF0, 0x1F,
    0x00, 0x00, 0xC7, 0xDF, 0x78, 0x60, 0x00, 0x21, 0x8E, 0x1C, 0x70, 0xC3, 0x8E, 0x18, 0x61, 0x83,
    0x0C, 0x30, 0xC3, 0x08, 0x20, 0x80, 0x00, 0x10, 0x1E, 0x0F, 0x83, 0xF1, 0xDF, 0xE7, 0xF8, 0xFC,
    0x38, 0x0E, 0x01, 0x80, 0x60, 0x18, 0x06, 0x01, 0x80, 0x60, 0x18, 0x06, 0x01, 0x80, 0x20, 0x00,
    0x03, 0x0C, 0xD8, 0x67, 0xE3, 0x37, 0x1F, 0xBF, 0xF8, 0xFF, 0xC7, 0xE0, 0x38, 0x00, 0xC0, 0x06,
    0x00, 0x30, 0x01, 0xC0, 0x0E, 0x00, 0x30, 0x01, 0x80, 0x0C, 0x00, 0x60, 0x03, 0x00, 0x10, 0x00,
    0x00, 0xC3, 0x1F, 0x38, 0xF9, 0xE6, 0x47, 0x60, 0x39, 0xCC, 0xFF, 0xC7, 0xFE, 0x3B, 0x80, 0xC0,
    0x06, 0x00, 0x38, 0x01, 0xC0, 0x06, 0x00, 0x30, 0x01, 0x80, 0x0C, 0x00, 0x60, 0x02, 0x00, 0x10,
    0x00, 0x00, 0x00, 0x80, 0x0C, 0x00, 0xE0, 0x0F, 0x01, 0xF8, 0x1B, 0xC3, 0x1C, 0x70, 0xE6, 0x0E,
    0x60, 0x7C, 0x07, 0xC0, 0x3C, 0x03, 0xC2, 0x3C, 0x63, 0xC6, 0x3F, 0xFE, 0x7F, 0xE3, 0x9C, 0x0E,
    0x00, 0xFC, 0x0F, 0xF0, 0xE0, 0x86, 0x00, 0x30, 0x01, 0x80, 0xCF, 0x1E, 0x3F, 0xF0, 0xFE, 0x03,
    0xE0, 0x1E, 0x01, 0xE0, 0x0E, 0x00, 0xE0, 0x06, 0x00, 0x60, 0x03, 0x00, 0x10, 0x00, 0x40, 0x0B,
    0x80, 0x2E, 0x01, 0xFC, 0x07, 0x70, 0x39, 0xC0, 0xE3, 0x83, 0x0E, 0x1C, 0x1C, 0x60, 0x71, 0x81,
    0xCE, 0x03, 0xB0, 0x0E, 0xC0, 0x1B, 0x00, 0x78, 0x01, 0xE0, 0x03, 0x80, 0x0C, 0x00, 0x20, 0x00,
    0x01, 0x00, 0x0C, 0x00, 0x70, 0x01, 0xE0, 0x07, 0x80, 0x36, 0x00, 0xDC, 0x03, 0x70, 0x1C, 0xC0,
    0x63, 0x81, 0x8E, 0x0E, 0x1C, 0x30, 0x71, 0xC0, 0xE7, 0x03, 0xB8, 0x0F, 0xE0, 0x1F, 0x00, 0x74,
    0x00, 0x80, 0x1C, 0x07, 0xC1, 0xF8, 0x73, 0x8C, 0x31, 0x86, 0x38, 0xC7, 0xF8, 0x7F, 0x07, 0xE0,
    0x04, 0x00, 0xC0, 0x18, 0x03, 0x00, 0x60, 0x0E, 0x00, 0xC0, 0x1C, 0x03, 0x00, 0x00, 0x00, 0x00,
    0x00, 0x00, 0x00, 0x00, 0x00, 0x18, 0x00, 0x00, 0x00, 0xE0, 0x00, 0x00, 0x01, 0xA0, 0x00, 0x00,
    0x31, 0xC0, 0x00, 0x00, 0xEF, 0x00, 0x00, 0x03, 0x98, 0x00, 0x00, 0x00, 0x06, 0x00, 0x00, 0x00,
    0x18, 0x00, 0x00, 0x00, 0xE0, 0x00, 0x00, 0x31, 0xC0, 0x01, 0x81, 0x87, 0x00, 0x0E, 0x06, 0x1C,
    0x00, 0x38, 0x18, 0x30, 0x00, 0xE0, 0xF0, 0xC0, 0x03, 0xFF, 0xFF, 0xC0, 0x07, 0xFF, 0xFB, 0x00,
    0x1F, 0xE3, 0xEC, 0x00, 0x30, 0x00, 0x30, 0x00, 0xC0, 0x00, 0xC0, 0x02, 0x00, 0x03, 0x00, 0x18,
    0x18, 0x0E, 0x01, 0xC0, 0xF0, 0x3C, 0x1E, 0x03, 0x80, 0x7F, 0xF0, 0x04, 0x00, 0xFF, 0x80, 0x00,
    0x00, 0xF8, 0x00, 0x00, 0x00, 0x00, 0x00, 0x00, 0x00, 0x00, 0x00, 0x03, 0x00, 0x00, 0x00, 0x03,
    0xC0, 0x00, 0x00, 0x01, 0xE0, 0x00, 0x00, 0x00, 0x60, 0x00, 0x00, 0x00, 0x00, 0x00, 0x00, 0x00,
    0x00, 0x00, 0x00, 0x00, 0x00, 0x00, 0x00, 0x00, 0x00, 0x70, 0x00, 0x00, 0x00, 0xFE, 0x00, 0x00,
    0x01, 0xFF, 0x80, 0x00, 0x01, 0xE3, 0xE0, 0x00, 0x01, 0xC0, 0x70, 0x00, 0x31, 0xC0, 0x1C, 0x00,
    0x39, 0xC0, 0x04, 0x00, 0x1D, 0xC0, 0x0E, 0x00, 0x0F, 0xC0, 0x3E, 0x00, 0x07, 0xFF, 0xFE, 0x30,
    0x01, 0xFF, 0xFE, 0x18, 0x00, 0xEF, 0xF8, 0x0C, 0x00, 0x30, 0x00, 0x06, 0x00, 0x18, 0x00, 0x03,
    0x00, 0x08, 0x04, 0x01, 0x80, 0x0C, 0x07, 0x00, 0xE0, 0x1C, 0x07, 0xC0, 0x78, 0x3C, 0x01, 0xC0,
    0x1F, 0xFC, 0x00, 0x40, 0x07, 0xFC, 0x00, 0x00, 0x00, 0xF8, 0x00, 0x00, 0x00, 0x0C, 0x00, 0x01,
    0xC0, 0x00, 0x78, 0x00, 0x06, 0x00, 0x00, 0x00, 0x00, 0x00, 0x00, 0x00, 0x00, 0x00, 0xF8, 0x00,
    0x3F, 0x80, 0x0F, 0xF8, 0x01, 0x80, 0x00, 0x60, 0x00, 0x0C, 0x00, 0x01, 0x80, 0x10, 0x3C, 0x0F,
    0x07, 0xE7, 0xC0, 0x7F, 0xF0, 0x07, 0xF0, 0x00, 0x38, 0x00, 0x0E, 0x00, 0x03, 0x00, 0x00, 0x60,
    0xC0, 0x18, 0x3C, 0x03, 0x07, 0x80, 0x60, 0x60, 0x0C, 0x00, 0x01, 0x80, 0x00, 0x38, 0x00, 0x03,
    0xC0, 0x04, 0x3F, 0xFF, 0xC3, 0xFF, 0xE0, 0x1F, 0xE0, 0x07, 0x00, 0x7C, 0x07, 0xF0, 0x39, 0x83,
    0x08, 0x18, 0x00, 0xE0, 0x03, 0xFF, 0x1F, 0xF3, 0xFF, 0x1C, 0x00, 0x00, 0x00, 0x00, 0x00, 0x00,
    0x14, 0x00, 0xB0, 0x04, 0x80, 0x24, 0x01, 0x00, 0x00, 0x00, 0x07, 0x00, 0x3E, 0x01, 0xFC, 0x0E,
    0x78, 0x20, 0xE0, 0x01, 0xC0, 0x03, 0x83, 0xFE, 0x7F, 0xF9, 0xFF, 0xC7, 0x80, 0x30, 0x00, 0xC0,
    0x01, 0x09, 0x04, 0x2C, 0x18, 0x90, 0x62, 0x41, 0x89, 0x06, 0x00, 0x18, 0x00, 0x60, 0x01, 0x00,
    0x00, 0x00, 0x00, 0x00, 0x0C, 0x00, 0x03, 0xC0, 0x00, 0x58, 0x00, 0x09, 0x80, 0x01, 0x00, 0x00,
    0x00, 0x00, 0x00, 0x00, 0x00, 0x00, 0x00, 0x0E, 0x00, 0x01, 0xF0, 0x00, 0x7F, 0x00, 0x1F, 0xF0,
    0x07, 0x3F, 0x00, 0xC3, 0x70, 0x10, 0x6E, 0x03, 0x0C, 0xE0, 0x73, 0x0C, 0x07, 0xE1, 0x80, 0xFC,
    0x37, 0xFF, 0xF6, 0xFF, 0xFF, 0x87, 0xC1, 0xF0, 0x00, 0x00, 0x00, 0x00, 0x08, 0x00, 0x00, 0x60,
    0x00, 0x03, 0x80, 0x00, 0x0F, 0x00, 0x00, 0x1F, 0x00, 0x00, 0x7C, 0x00, 0x01, 0xF0, 0x00, 0x03,
    0xC0, 0x00, 0x0F, 0x80, 0x00, 0xFF, 0x80, 0x1F, 0x9F, 0xFF, 0xFC, 0x3F, 0xFF, 0xC0, 0x3F, 0xF8,
    0x00, 0x00, 0x00, 0x00, 0x00, 0x00, 0x00, 0x04, 0x00, 0x0D, 0xD8, 0x00, 0x76, 0x60, 0x00, 0x80,
    0x00, 0x00, 0x00, 0x00, 0x01, 0x80, 0x00, 0x0F, 0x00, 0x00, 0x1A, 0x00, 0x03, 0x9C, 0x08, 0x0E,
    0x70, 0x60, 0x38, 0x83, 0x80, 0x00, 0x0F, 0x00, 0x00, 0x1F, 0x00, 0x00, 0x7C, 0x00, 0x01, 0xF0,
    0x00, 0x03, 0xC0, 0x00, 0x0F, 0x80, 0x00, 0xFF, 0x80, 0x1F, 0x9F, 0xFF, 0xFC, 0x3F, 0xFF, 0xC0,
    0x3F, 0xF8, 0x00, 0x00, 0x00, 0x00, 0x00, 0x00, 0x00, 0x20, 0x00, 0x01, 0xC0, 0x00, 0x0F, 0x00,
    0x00, 0x1C, 0x00, 0x00, 0x20, 0x00, 0x00, 0x00, 0x08, 0x00, 0x00, 0x60, 0x00, 0x03, 0x80, 0x00,
    0x0F, 0x00, 0x00, 0x1F, 0x00, 0x00, 0x7C, 0x00, 0x01, 0xF0, 0x00, 0x03, 0xC0, 0x00, 0x0F, 0x80,
    0x00, 0xFF, 0x80, 0x1F, 0x9F, 0xFF, 0xFC, 0x3F, 0xFF, 0xC0, 0x3F, 0xF8, 0x00, 0x00, 0x00, 0x00,
    0x00, 0x00, 0x00, 0x20, 0x00, 0x01, 0xC0, 0x00, 0x07, 0x80, 0x00, 0x67, 0x00, 0x03, 0xDC, 0x00,
    0x06, 0x30, 0x00, 0x00, 0x00, 0x00, 0x00, 0x00, 0x00, 0x04, 0x60, 0x00, 0x3B, 0xC0, 0x81, 0xE7,
    0x06, 0x03, 0x08, 0x38, 0x00, 0x00, 0xF0, 0x00, 0x01, 0xF0, 0x00, 0x07, 0xC0, 0x00, 0x1F, 0x00,
    0x00, 0x3C, 0x00, 0x00, 0xF8, 0x00, 0x0F, 0xF8, 0x01, 0xF9, 0xFF, 0xFF, 0xC3, 0xFF, 0xFC, 0x03,
    0xFF, 0x80, 0x00, 0x00, 0x00, 0x00, 0x00, 0x00, 0x02, 0x00, 0x00, 0x1C, 0x00, 0x00, 0x78, 0x00,
    0x06, 0x70, 0x00, 0x3D, 0xC0, 0x00, 0x63, 0x00, 0x00, 0x00, 0x00, 0x00, 0x40, 0x00, 0x03, 0x80,
    0x00, 0x0F, 0x00, 0x80, 0x38, 0x06, 0x00, 0x40, 0x38, 0x00, 0x00, 0xF0, 0x00, 0x01, 0xF0, 0x00,
    0x07, 0xC0, 0x00, 0x1F, 0x00, 0x00, 0x3C, 0x00, 0x00, 0xF8, 0x00, 0x0F, 0xF8, 0x01, 0xF9, 0xFF,
    0xFF, 0xC3, 0xFF, 0xFC, 0x03, 0xFF, 0x80, 0x00, 0x00, 0x00, 0x00, 0x00, 0x00, 0x00, 0xC0, 0x00,
    0x67, 0x80, 0x03, 0xDE, 0x00, 0x06, 0x30, 0x00, 0x00, 0x00, 0x00, 0x00, 0x00, 0x08, 0x00, 0x00,
    0x60, 0x00, 0x03, 0x80, 0x00, 0x0F, 0x00, 0x00, 0x1F, 0x00, 0x00, 0x7C, 0x00, 0x01, 0xF0, 0x00,
    0x03, 0xC0, 0x00, 0x0F, 0x80, 0x00, 0xFF, 0x80, 0x1F, 0x9F, 0xFF, 0xFC, 0x3F, 0xFF, 0xC0, 0x3F,
    0xF8, 0x00, 0x00, 0x00, 0x00, 0x00, 0x00, 0x00, 0x20, 0x00, 0x01, 0xC0, 0x00, 0x07, 0x00, 0x00,
    0x3E, 0x00, 0x00, 0x98, 0x00, 0x02, 0x20, 0x00, 0x01, 0x08, 0x00, 0x0E, 0x60, 0x00, 0x1D, 0x00,
    0x00, 0x3C, 0x02, 0x00, 0xE0, 0x18, 0x01, 0x80, 0x60, 0x00, 0x03, 0xC0, 0x00, 0x07, 0xC0, 0x00,
    0x1F, 0x00, 0x00, 0x7C, 0x00, 0x00, 0xF0, 0x00, 0x03, 0xE0, 0x00, 0x1F, 0xC0, 0x03, 0xE7, 0xFF,
    0xFF, 0x0F, 0xFF, 0xF0, 0x0F, 0xFE, 0x00, 0x00, 0x00, 0x00, 0x43, 0x00, 0x1C, 0xF0, 0x03, 0xDC,
    0x00, 0x71, 0x00, 0x00, 0x00, 0x00, 0x00, 0x03, 0xF8, 0x00, 0xFF, 0xF0, 0x1F, 0xFF, 0xFB, 0x07,
    0xFE, 0x00, 0xFF, 0xC0, 0x3F, 0x00, 0x0F, 0x00, 0x03, 0x80, 0x00, 0xE0, 0x00, 0x38, 0x00, 0x06,
    0x00, 0x01, 0x80, 0x00, 0x30, 0x00, 0x06, 0x00, 0x00, 0xC0, 0x00, 0x18, 0x00, 0x03, 0x00, 0x00,
    0x30, 0x00, 0x07, 0x80, 0x18, 0x7F, 0xFF, 0x07, 0xFF, 0xC0, 0x3F, 0xC0, 0x7F, 0x00, 0x1F, 0xFE,
    0x03, 0xFF, 0xFF, 0x60, 0xFF, 0xC0, 0x1F, 0xF8, 0x07, 0xE0, 0x01, 0xE0, 0x00, 0x70, 0x00, 0x1C,
    0x00, 0x07, 0x04, 0x00, 0xC1, 0xC0, 0x30, 0x38, 0x06, 0x08, 0xC0, 0xC3, 0xBC, 0x18, 0x73, 0x03,
    0x04, 0x00, 0x60, 0x00, 0x06, 0x00, 0x00, 0xF0, 0x03, 0x0F, 0xFF, 0xE0, 0xFF, 0xF8, 0x07, 0xF8,
    0x00, 0x0C, 0x01, 0x80, 0x36, 0x07, 0xE0, 0xCC, 0x3F, 0x01, 0xC0, 0x00, 0x00, 0x00, 0x60, 0x0E,
    0x01, 0xC0, 0x3C, 0x03, 0x80, 0x70, 0x07, 0x00, 0x60, 0x0F, 0x01, 0xFF, 0xFF, 0xFC, 0xFE, 0x00,
    0x00, 0x20, 0x0E, 0x01, 0xC0, 0x10, 0x00, 0x00, 0x70, 0x1E, 0x01, 0x80, 0x00, 0x00, 0x00, 0x30,
    0x03, 0x80, 0x38, 0x03, 0xC0, 0x1C, 0x01, 0xE0, 0x0E, 0x00, 0x70, 0x07, 0xC0, 0x6F, 0xFE, 0xFF,
    0xC7, 0xF8, 0x00, 0x00, 0x00, 0x06, 0x00, 0xE0, 0x0B, 0x01, 0xB0, 0x11, 0x80, 0x00, 0x00, 0x00,
    0x06, 0x00, 0x30, 0x01, 0xC0, 0x0E, 0x00, 0x70, 0x01, 0x80, 0x0E, 0x00, 0x30, 0x01, 0x80, 0x0C,
    0x00, 0x60, 0xFF, 0x87, 0xFC, 0x03, 0x80, 0x38, 0xFF, 0xC3, 0xFC, 0x07, 0x80, 0x00, 0x00, 0x11,
    0x00, 0x00, 0x00, 0xEE, 0x00, 0x00, 0x01, 0x30, 0x00, 0x00, 0x00, 0x00, 0x00, 0x00, 0x1B, 0x80,
    0x00, 0x00, 0x6E, 0x00, 0x00, 0x00, 0x01, 0x80, 0x00, 0x00, 0x06, 0x00, 0x00, 0x00, 0x38, 0x00,
    0x00, 0x0C, 0x70, 0x00, 0x60, 0x61, 0xC0, 0x03, 0x81, 0x87, 0x00, 0x0E, 0x06, 0x0C, 0x00, 0x38,
    0x3C, 0x30, 0x00, 0xFF, 0xFF, 0xF0, 0x01, 0xFF, 0xFE, 0xC0, 0x07, 0xF8, 0xFB, 0x00, 0x0C, 0x00,
    0x0C, 0x00, 0x30, 0x00, 0x30, 0x00, 0x80, 0x00, 0xC0, 0x06, 0x00, 0x03, 0x80, 0x70, 0x00, 0x0F,
    0x07, 0x80, 0x00, 0x1F, 0xFC, 0x00, 0x00, 0x3F, 0xE0, 0x00, 0x00, 0x3E, 0x00, 0x00, 0x00, 0x00,
    0x00, 0x04, 0x70, 0x01, 0xCF, 0x00, 0x39, 0xC0, 0x02, 0x10, 0x00, 0x00, 0x00, 0x00, 0x00, 0x00,
    0xF8, 0x00, 0x3F, 0x80, 0x0F, 0xF8, 0x01, 0x80, 0x00, 0x60, 0x00, 0x0C, 0x00, 0x01, 0x80, 0x10,
    0x3C, 0x0F, 0x07, 0xE7, 0xC0, 0x7F, 0xF0, 0x07, 0xF0, 0x00, 0x38, 0x00, 0x0E, 0x00, 0x03, 0x00,
    0x00, 0x60, 0x00, 0x18, 0x00, 0x03, 0x00, 0x00, 0x60, 0x00, 0x0C, 0x00, 0x01, 0x80, 0x00, 0x38,
    0x00, 0x03, 0xC0, 0x04, 0x3F, 0xFF, 0xC3, 0xFF, 0xE0, 0x1F, 0xE0, 0x00, 0x00, 0x04, 0x20, 0x01,
    0xCE, 0x00, 0x39, 0xC0, 0x02, 0xD0, 0x00, 0x3C, 0x00, 0x03, 0x00, 0x00, 0x00, 0x00, 0x00, 0x00,
    0x03, 0xE0, 0x00, 0xFE, 0x00, 0x3F, 0xE0, 0x06, 0x00, 0x01, 0x80, 0x00, 0x30, 0x00, 0x06, 0x00,
    0x40, 0xF0, 0x3C, 0x1F, 0x9F, 0x01, 0xFF, 0xC0, 0x1F, 0xC0, 0x00, 0xE0, 0x00, 0x38, 0x00, 0x0C,
    0x00, 0x01, 0x80, 0x00, 0x60, 0x00, 0x0C, 0x00, 0x01, 0x80, 0x00, 0x30, 0x00, 0x06, 0x00, 0x00,
    0xE0, 0x00, 0x0F, 0x00, 0x10, 0xFF, 0xFF, 0x0F, 0xFF, 0x80, 0x7F, 0x80, 0x08, 0x00, 0x03, 0x80,
    0x00, 0x70, 0x00, 0x06, 0x00, 0x00, 0x00, 0x00, 0x18, 0x00, 0x07, 0x80, 0x00, 0x60, 0x00, 0x00,
    0x00, 0x00, 0x00, 0x00, 0x7C, 0x00, 0x1F, 0xC0, 0x07, 0xFC, 0x00, 0xC0, 0x00, 0x30, 0x00, 0x06,
    0x00, 0x00, 0xC0, 0x08, 0x1E, 0x07, 0x83, 0xF3, 0xE0, 0x3F, 0xF8, 0x03, 0xF8, 0x00, 0x1C, 0x00,
    0x07, 0x00, 0x01, 0x80, 0x00, 0x30, 0x00, 0x0C, 0x00, 0x01, 0x80, 0x00, 0x30, 0x00, 0x06, 0x00,
    0x00, 0xC0, 0x00, 0x1C, 0x00, 0x01, 0xE0, 0x02, 0x1F, 0xFF, 0xE1, 0xFF, 0xF0, 0x0F, 0xF0, 0x00,
    0x00, 0x00, 0x78, 0x00, 0x00, 0x7E, 0x00, 0x00, 0x7F, 0x80, 0x00, 0x71, 0xC0, 0x00, 0x30, 0x70,
    0x00, 0x18, 0x38, 0x00, 0x0C, 0x0D, 0x80, 0x07, 0x0E, 0xC0, 0x03, 0xFF, 0xE0, 0x00, 0xFF, 0xF0,
    0x00, 0x3C, 0x7C, 0x00, 0x00, 0x6F, 0x00, 0x07, 0xF3, 0xFF, 0xFF, 0xF0, 0xFF, 0xFF, 0xE0, 0x1F,
    0xFF, 0x00, 0x00, 0x00, 0x00, 0x00, 0x00, 0x01, 0x00, 0x00, 0x31, 0xC0, 0x00, 0x3D, 0xE0, 0x00,
    0x1C, 0x60, 0x00, 0x06, 0x00, 0x00, 0x00, 0x78, 0x00, 0x00, 0x7E, 0x00, 0x00, 0x7F, 0x80, 0x00,
    0x71, 0xC0, 0x00, 0x30, 0x70, 0x00, 0x18, 0x38, 0x00, 0x0C, 0x0D, 0x80, 0x07, 0x0E, 0xC0, 0x03,
    0xFF, 0xE0, 0x00, 0xFF, 0xF0, 0x00, 0x3C, 0x7C, 0x00, 0x00, 0x6F, 0x00, 0x07, 0xF3, 0xFF, 0xFF,
    0xF0, 0xFF, 0xFF, 0xE0, 0x1F, 0xFF, 0x00, 0x00, 0x00, 0x00, 0x00, 0x00, 0x08, 0x00, 0x00, 0x0E,
    0x00, 0x00, 0x07, 0x00, 0x00, 0x0D, 0x60, 0x00, 0x0F, 0x78, 0x00, 0x07, 0x18, 0x00, 0x01, 0x80,
    0x00, 0x00, 0x00, 0x01, 0x80, 0x00, 0x1C, 0x06, 0x00, 0xE0, 0xF0, 0x02, 0x1F, 0x80, 0x03, 0xF8,
    0x00, 0x7E, 0x00, 0x0F, 0xC0, 0x00, 0xF8, 0x00, 0x06, 0x00, 0x00, 0x38, 0x00, 0x01, 0xF0, 0x00,
    0x07, 0xE0, 0x00, 0x07, 0x80, 0x00, 0x1E, 0x00, 0x00, 0x38, 0x00, 0x00, 0xE6, 0x00, 0x03, 0x30,
    0x00, 0x19, 0x80, 0x00, 0xCE, 0x00, 0x3E, 0x3F, 0xFF, 0xE1, 0xFF, 0xFE, 0x03, 0xFF, 0x80, 0x00,
    0x00, 0x00, 0x03, 0x00, 0x00, 0x18, 0x00, 0x00, 0x30, 0x30, 0x0D, 0x87, 0x80, 0x60, 0xFC, 0x00,
    0x1F, 0xC0, 0x03, 0xF0, 0x00, 0x7E, 0x00, 0x07, 0xC0, 0x00, 0x30, 0x00, 0x01, 0xC0, 0x00, 0x0F,
    0x80, 0x00, 0x3F, 0x00, 0x00, 0x3C, 0x00, 0x00, 0xF0, 0x00, 0x01, 0xC0, 0x00, 0x07, 0x30, 0x00,
    0x19, 0x80, 0x00, 0xCC, 0x00, 0x06, 0x70, 0x01, 0xF1, 0xFF, 0xFF, 0x0F, 0xFF, 0xF0, 0x1F, 0xFC,
    0x00, 0x00, 0x00, 0x18, 0x00, 0x03, 0xC0, 0x00, 0x7E, 0x00, 0x0F, 0xE0, 0x01, 0xF8, 0x00, 0x3F,
    0x00, 0x03, 0xE0, 0x00, 0x18, 0x00, 0x00, 0xE0, 0x00, 0x07, 0xC0, 0x00, 0x1F, 0x80, 0x00, 0x1E,
    0x00, 0x00, 0x78, 0x00, 0x00, 0xE0, 0x00, 0x03, 0x98, 0x00, 0x0C, 0xC0, 0x00, 0x66, 0x00, 0x03,
    0x38, 0x00, 0xF8, 0xFF, 0xFF, 0x87, 0xFF, 0xF8, 0x0F, 0xFE, 0x00, 0x00, 0x00, 0x00, 0x00, 0x00,
    0x00, 0x08, 0x00, 0x00, 0xE0, 0x00, 0x03, 0x00, 0x00, 0x46, 0x00, 0x07, 0x78, 0x00, 0x39, 0x80,
    0x00, 0x00, 0x00, 0x00, 0x00, 0x70, 0x07, 0xC0, 0x1C, 0x00, 0x40, 0x00, 0x00, 0x00, 0x01, 0xC0,
    0x1F, 0x01, 0xFC, 0x0C, 0xF0, 0xC1, 0xC0, 0x0F, 0x00, 0x3C, 0x3F, 0xCF, 0xFE, 0xFF, 0xF7, 0x80,
    0x20, 0x01, 0x80, 0x0C, 0x00, 0x60, 0x03, 0x00, 0x18, 0x00, 0xC0, 0x07, 0x00, 0x38, 0x01, 0xC0,
    0x0C, 0x00, 0x00, 0x0E, 0x00, 0xF8, 0x0F, 0xE0, 0x67, 0x86, 0x0E, 0x00, 0x78, 0x01, 0xE1, 0xFE,
    0x7F, 0xF7, 0xFF, 0xBC, 0x01, 0x00, 0x0C, 0x00, 0x60, 0x03, 0x04, 0x18, 0x70, 0xC7, 0xC6, 0x1C,
    0x38, 0x41, 0xC0, 0x0E, 0x00, 0x60, 0x00, 0x00, 0x00, 0x02, 0x00, 0x07, 0x80, 0x07, 0x80, 0x03,
    0x00, 0x00, 0x00, 0x00, 0x04, 0x00, 0x0E, 0x00, 0x0E, 0x00, 0x0E, 0x00, 0x0E, 0x00, 0x06, 0xC0,
    0x07, 0xC0, 0x07, 0xC0, 0x03, 0xC0, 0x02, 0xC0, 0x06, 0xE0, 0x0C, 0xF0, 0x7C, 0x7F, 0xF8, 0x3F,
    0xE0, 0x1F, 0x80, 0x00, 0x00, 0x00, 0x40, 0x18, 0xE0, 0x3D, 0xE0, 0x1C, 0xC0, 0x08, 0x00, 0x04,
    0x00, 0x0C, 0x00, 0x05, 0x80, 0x07, 0xC0, 0x06, 0x40, 0x1F, 0x80, 0x07, 0x00, 0x00, 0x00, 0x03,
    0x00, 0x07, 0x80, 0x07, 0x80, 0x03, 0x00, 0x00, 0x00, 0x00, 0x06, 0x00, 0x0E, 0x00, 0x0E, 0x00,
    0x0E, 0x00, 0x0E, 0x40, 0x06, 0xC0, 0x07, 0xC0, 0x07, 0xC0, 0x03, 0xC0, 0x02, 0xC0, 0x06, 0xE0,
    0x0C, 0xF0, 0x7C, 0x7F, 0xF8, 0x3F, 0xE0, 0x1F, 0x80, 0x00, 0x00, 0x18, 0xC0, 0x0C, 0x80, 0x0F,
    0x80, 0x07, 0x00, 0x07, 0x00, 0x02, 0x00, 0x00, 0x00, 0x03, 0x00, 0x07, 0x80, 0x07, 0x80, 0x03,
    0x00, 0x00, 0x00, 0x00, 0x04, 0x00, 0x0E, 0x00, 0x0E, 0x00, 0x0E, 0x00, 0x0E, 0x00, 0x06, 0xC0,
    0x07, 0xC0, 0x07, 0xC0, 0x03, 0xC0, 0x02, 0xC0, 0x06, 0xE0, 0x0C, 0xF0, 0x7C, 0x7F, 0xF8, 0x3F,
    0xE0, 0x1F, 0x80, 0x00, 0x08, 0x00, 0x0E, 0x00, 0x07, 0x00, 0x03, 0x80, 0x01, 0xC0, 0x00, 0xE0,
    0x00, 0x70, 0x00, 0x18, 0x00, 0x0C, 0x00, 0x06, 0x00, 0x03, 0x00, 0x1F, 0xF0, 0x0F, 0xF8, 0x00,
    0x70, 0x00, 0x18, 0x00, 0x0C, 0x00, 0x06, 0x00, 0x03, 0x00, 0x01, 0x80, 0x00, 0xC0, 0x00, 0x26,
    0x00, 0x13, 0x00, 0x09, 0x80, 0x04, 0xC0, 0x02, 0x60, 0x03, 0x38, 0x03, 0x1E, 0x07, 0x87, 0xFF,
    0x81, 0xFF, 0x00, 0x7E, 0x00, 0x00, 0x00, 0x0C, 0x00, 0xE0, 0x03, 0x00, 0x00, 0x00, 0xC0, 0x0F,
    0x00, 0x30, 0x00, 0x00, 0x00, 0x00, 0x10, 0x01, 0xC0, 0x0E, 0x00, 0x70, 0x01, 0xC0, 0x0E, 0x00,
    0x30, 0x01, 0xC0, 0x06, 0x00, 0x30, 0x01, 0x00, 0x18, 0x00, 0xC0, 0x0C, 0x01, 0xE3, 0xFE, 0x1F,
    0xE0, 0x3E, 0x00, 0x03, 0x80, 0x3C, 0x06, 0x00, 0x60, 0x03, 0xC0, 0x78, 0x04, 0x00, 0x04, 0x00,
    0xC0, 0x0E, 0x00, 0xE0, 0x0E, 0x00, 0x70, 0x07, 0x00, 0x30, 0x03, 0x00, 0x10, 0x03, 0x00, 0x30,
    0x06, 0x00, 0xE0, 0x1C, 0xFF, 0xC7, 0xF8, 0x3E, 0x00, 0x00, 0x00, 0x00, 0x00, 0x00, 0x00, 0x30,
    0x00, 0x00, 0x00, 0xE0, 0x00, 0x00, 0x03, 0x00, 0x00, 0x00, 0x00, 0x00, 0x00, 0x00, 0x18, 0x00,
    0x00, 0x00, 0xF0, 0x00, 0x00, 0x03, 0x80, 0x00, 0x00, 0x00, 0x18, 0x00, 0x00, 0x00, 0x60, 0x00,
    0x00, 0x03, 0x80, 0x00, 0x00, 0xC7, 0x00, 0x06, 0x06, 0x1C, 0x00, 0x38, 0x18, 0x70, 0x00, 0xE0,
    0x60, 0xC0, 0x03, 0x83, 0xC3, 0x00, 0x0F, 0xFF, 0xFF, 0x00, 0x1F, 0xFF, 0xEC, 0x00, 0x7F, 0x8F,
    0xB0, 0x00, 0xC0, 0x00, 0xC0, 0x03, 0x00, 0x03, 0x00, 0x08, 0x00, 0x0C, 0x00, 0x60, 0x00, 0x38,
    0x07, 0x00, 0x00, 0xF0, 0x78, 0x00, 0x01, 0xFF, 0xC0, 0x00, 0x03, 0xFE, 0x00, 0x00, 0x03, 0xE0,
    0x00, 0x00, 0x3E, 0x00, 0x1F, 0xFC, 0x03, 0xFF, 0xFE, 0x61, 0xFF, 0xC0, 0x0F, 0xF8, 0x07, 0xE0,
    0x01, 0xE0, 0x00, 0x78, 0x00, 0x1C, 0x00, 0x07, 0x18, 0x00, 0xC3, 0x00, 0x30, 0x68, 0x06, 0x0F,
    0x80, 0xC1, 0x98, 0x18, 0x7E, 0x03, 0x03, 0x00, 0x60, 0x00, 0x0E, 0x00, 0x00, 0xE0, 0x00, 0x1F,
    0x01, 0xE1, 0xFF, 0xFC, 0x1F, 0xFE, 0x00, 0x7E, 0x00, 0x3E, 0x00, 0x1F, 0xFC, 0x03, 0xFF, 0xFE,
    0x61, 0xFF, 0xC0, 0x0F, 0xF8, 0x07, 0xF0, 0x01, 0xF0, 0x00, 0x78, 0x00, 0x1C, 0xC0, 0x07, 0x18,
    0x00, 0xC3, 0xE0, 0x30, 0x34, 0x06, 0x1C, 0x80, 0xC3, 0xF0, 0x18, 0x00, 0x03, 0x04, 0xC0, 0x61,
    0xD8, 0x0E, 0x10, 0x00, 0xE0, 0x00, 0x1F, 0x00, 0xE1, 0xFF, 0xFC, 0x1F, 0xFE, 0x00, 0x7E, 0x00,
    0x00, 0x00, 0x00, 0x00, 0x00, 0x00, 0x20, 0x00, 0x00, 0x01, 0x80, 0x00, 0x00, 0x03, 0xC0, 0x00,
    0x00, 0x09, 0x80, 0x00, 0x00, 0xFC, 0x00, 0x00, 0x00, 0x00, 0x00, 0x00, 0x06, 0xC0, 0x00, 0x00,
    0x1B, 0x00, 0x00, 0x00, 0x40, 0x20, 0x00, 0x00, 0x01, 0x80, 0x00, 0x00, 0x06, 0x00, 0x00, 0x02,
    0x38, 0x00, 0x00, 0x18, 0x70, 0x00, 0xE0, 0x61, 0xC0, 0x03, 0x81, 0x87, 0x00, 0x0E, 0x0C, 0x0C,
    0x00, 0x38, 0x3C, 0x30, 0x00, 0xFF, 0xFF, 0xF0, 0x01, 0xFF, 0xFE, 0xC0, 0x07, 0xF8, 0xFB, 0x00,
    0x0C, 0x00, 0x0C, 0x00, 0x30, 0x00, 0x30, 0x00, 0x80, 0x00, 0xC0, 0x06, 0x00, 0x03, 0x80, 0x70,
    0x00, 0x0F, 0x07, 0x80, 0x00, 0x1F, 0xFC, 0x00, 0x00, 0x3F, 0xE0, 0x00, 0x00, 0x3E, 0x00, 0x00,
    0x00, 0x00, 0x00, 0x18, 0x00, 0xC0, 0x07, 0xC0, 0x33, 0x03, 0xF0, 0x00, 0x00, 0x4C, 0x07, 0x60,
    0x10, 0x00, 0x00, 0x00, 0x00, 0x06, 0x00, 0x70, 0x03, 0x80, 0x0E, 0x00, 0x70, 0x01, 0x80, 0x0C,
    0x00, 0x30, 0x01, 0x80, 0x0C, 0x00, 0x40, 0x02, 0x00, 0x30, 0x03, 0x80, 0x78, 0xFF, 0x87, 0xF8,
    0x0F, 0x80, 0x01, 0x80, 0x00, 0x30, 0x00, 0x06, 0xC0, 0x00, 0xFC, 0x00, 0x19, 0x80, 0x07, 0xE0,
    0x00, 0x38, 0x00, 0x00, 0x00, 0x00, 0x00, 0x0F, 0xE0, 0x03, 0xFF, 0xC0, 0x7F, 0xFF, 0xE8, 0x1F,
    0xF8, 0x03, 0xFF, 0x00, 0xFC, 0x00, 0x7C, 0x00, 0x1E, 0x00, 0x03, 0x80, 0x00, 0xE0, 0x00, 0x18,
    0x00, 0x06, 0x00, 0x00, 0xC0, 0x00, 0x18, 0x00, 0x03, 0x00, 0x00, 0x60, 0x00, 0x0C, 0x00, 0x00,
    0xC0, 0x00, 0x1E, 0x00, 0x61, 0xFF, 0xFC, 0x1F, 0xFE, 0x00, 0xFF, 0x00, 0x01, 0x13, 0x27, 0x86,
    0x0C, 0x19, 0x16, 0x2E, 0x5C, 0x30, 0x60, 0xC1, 0x83, 0x06, 0x0C, 0x18, 0x30, 0x60, 0xC1, 0x83,
    0x00, 0x00, 0x9E, 0xDE, 0x7C, 0x60, 0x60, 0x34, 0x36, 0x36, 0x36, 0x06, 0x06, 0x06, 0x06, 0x06,
    0x06, 0x06, 0x06, 0x06, 0x06, 0x06, 0x06, 0x06, 0x00, 0x00, 0x00, 0x19, 0x00, 0x06, 0x40, 0x01,
    0xE0, 0x00, 0x30, 0x07, 0x0C, 0x07, 0xE3, 0x01, 0xF8, 0x40, 0xE0, 0x10, 0x70, 0x04, 0x18, 0x01,
    0x0C, 0x00, 0x03, 0x00, 0x00, 0xC0, 0x00, 0x3C, 0x0C, 0x0F, 0xF3, 0x01, 0xFE, 0xC0, 0x0F, 0xB0,
    0x00, 0x6C, 0x00, 0x3B, 0x80, 0x1C, 0xF0, 0x3E, 0x1F, 0xFF, 0x03, 0xFF, 0x00, 0x7E, 0x00, 0x01,
    0x00, 0x1B, 0x60, 0x07, 0xF0, 0x00, 0xC0, 0x1C, 0x30, 0x1F, 0x8C, 0x07, 0xE3, 0x03, 0x80, 0xC1,
    0xC0, 0x30, 0x60, 0x04, 0x30, 0x00, 0x0C, 0x00, 0x03, 0x00, 0x00, 0xF0, 0x30, 0x3F, 0xCC, 0x07,
    0xFB, 0x00, 0x3E, 0xC0, 0x01, 0xB0, 0x00, 0xEE, 0x00, 0x73, 0xC0, 0xF8, 0x7F, 0xFC, 0x0F, 0xFC,
    0x01, 0xF8, 0x00, 0x00, 0x07, 0x00, 0x03, 0xE0, 0x01, 0xF8, 0x00, 0xF0, 0x00, 0x70, 0x00, 0x18,
    0x00, 0x0C, 0x00, 0x03, 0x00, 0x00, 0x80, 0x00, 0x3C, 0x0C, 0x0F, 0xF3, 0x01, 0xFE, 0xC0, 0x1F,
    0xB0, 0x00, 0x6C, 0x00, 0x3B, 0x80, 0x1C, 0xF0, 0x3E, 0x1F, 0xFF, 0x03, 0xFF, 0x00, 0x7E, 0x00,
    0x00, 0x00, 0x00, 0x00, 0x00, 0x6C, 0x00, 0x2E, 0x00, 0x09, 0x00, 0x02, 0x40, 0x00, 0xC0, 0x00,
    0x10, 0x00, 0x06, 0x00, 0x00, 0x80, 0x00, 0x20, 0x00, 0x00, 0x00, 0x00, 0x02, 0x30, 0x0C, 0x80,
    0x3E, 0x00, 0x60, 0x01, 0x80, 0x06, 0x1E, 0x08, 0xFC, 0x27, 0xF0, 0x98, 0xE0, 0xC1, 0x83, 0x03,
    0x0C, 0x0C, 0x38, 0x30, 0xFF, 0xC1, 0xFF, 0x03, 0xEC, 0x00, 0x30, 0x01, 0x80, 0x0E, 0x20, 0xF1,
    0xFF, 0x83, 0xFC, 0x01, 0xE0, 0x02, 0x03, 0x6C, 0x0D, 0xE0, 0x1C, 0x00, 0x60, 0x01, 0x80, 0x03,
    0x1E, 0x0C, 0xFC, 0x37, 0xF0, 0x98, 0xE0, 0xC1, 0x83, 0x03, 0x0C, 0x0C, 0x38, 0x30, 0xFF, 0xC1,
    0xFF, 0x03, 0xEC, 0x00, 0x30, 0x01, 0x80, 0x0E, 0x20, 0xF1, 0xFF, 0x81, 0xFC, 0x01, 0xC0, 0x00,
    0x00, 0x00, 0x44, 0x00, 0x00, 0x64, 0x00, 0x00, 0x78, 0x00, 0x00, 0x30, 0x00, 0x00, 0x30, 0x00,
    0x00, 0x30, 0x00, 0x00, 0x10, 0x00, 0x00, 0x10, 0x40, 0x00, 0x10, 0xE0, 0x00, 0x03, 0xC0, 0x00,
    0x0F, 0x80, 0x00, 0x3E, 0x00, 0x00, 0x70, 0x00, 0x00, 0x60, 0x00, 0x00, 0x78, 0x00, 0x1F, 0xFF,
    0xFF, 0xFE, 0x7F, 0xFF, 0xFC, 0x1F, 0xFF, 0xF0, 0x00, 0x00, 0x00, 0x4D, 0x80, 0x00, 0x6D, 0x80,
    0x00, 0x3F, 0x00, 0x00, 0x30, 0x00, 0x00, 0x30, 0x00, 0x00, 0x18, 0x00, 0x00, 0x18, 0x00, 0x00,
    0x18, 0x00, 0x00, 0x18, 0x30, 0x00, 0x01, 0xE0, 0x00, 0x0F, 0xC0, 0x00, 0x1F, 0x00, 0x00, 0x38,
    0x00, 0x00, 0x60, 0x00, 0x00, 0x70, 0x00, 0x06, 0x7F, 0xFF, 0xFF, 0x7F, 0xFF, 0xFE, 0x1F, 0xFF,
    0xF0, 0x7F, 0x00, 0x1F, 0xFE, 0x03, 0xFF, 0xFF, 0x60, 0xFF, 0xC0, 0x1F, 0xF8, 0x07, 0xE0, 0x03,
    0xE0, 0x00, 0x70, 0x00, 0x1C, 0xCC, 0x07, 0x1F, 0x00, 0xC6, 0xC0, 0x30, 0xD8, 0x06, 0x08, 0x00,
    0xC1, 0x80, 0x18, 0x10, 0x03, 0x02, 0x00, 0x60, 0x20, 0x06, 0x00, 0x00, 0xF0, 0x03, 0x0F, 0xFF,
    0xE0, 0xFF, 0xF8, 0x07, 0xF8, 0x00, 0x00, 0x00, 0x00, 0x00, 0x00, 0x00, 0xC8, 0x00, 0x00, 0x03,
    0xE0, 0x00, 0x00, 0x1B, 0x00, 0x00, 0x00, 0x28, 0x00, 0x00, 0x00, 0x80, 0x00, 0x00, 0x03, 0x00,
    0x00, 0x00, 0x04, 0x00, 0x00, 0x00, 0x10, 0x00, 0x00, 0x00, 0x20, 0x60, 0x00, 0x00, 0x01, 0x80,
    0x00, 0x00, 0x8E, 0x00, 0x00, 0x06, 0x1C, 0x00, 0x18, 0x18, 0x70, 0x00, 0xE0, 0x61, 0xC0, 0x03,
    0x83, 0x03, 0x00, 0x0E, 0x0F, 0x0C, 0x00, 0x3F, 0xFF, 0xFC, 0x00, 0x7F, 0xFF, 0xB0, 0x01, 0xFE,
    0x3E, 0xC0, 0x03, 0x00, 0x03, 0x00, 0x0C, 0x00, 0x0C, 0x00, 0x20, 0x00, 0x30, 0x01, 0x80, 0x00,
    0xE0, 0x1C, 0x00, 0x03, 0xC1, 0xE0, 0x00, 0x07, 0xFF, 0x00, 0x00, 0x0F, 0xF8, 0x00, 0x00, 0x0F,
    0x80, 0x00, 0x00, 0x00, 0x00, 0x06, 0x00, 0x00, 0x00, 0x38, 0x00, 0x00, 0x00, 0xB0, 0x00, 0x00,
    0x02, 0xE0, 0x00, 0x00, 0x19, 0x80, 0x00, 0x00, 0x00, 0x20, 0x00, 0x00, 0x01, 0x80, 0x00, 0x00,
    0x0E, 0x00, 0x00, 0x03, 0x1C, 0x00, 0x18, 0x18, 0x70, 0x00, 0xE0, 0x61, 0xC0, 0x03, 0x81, 0x83,
    0x00, 0x0E, 0x0F, 0x0C, 0x00, 0x3F, 0xFF, 0xFC, 0x00, 0x7F, 0xFF, 0xB0, 0x01, 0xFE, 0x3E, 0xC0,
    0x03, 0x00, 0x03, 0x00, 0x0C, 0x00, 0x0C, 0x00, 0x20, 0x00, 0x30, 0x01, 0x80, 0x00, 0xE0, 0x1C,
    0x00, 0x03, 0xC1, 0xE0, 0x00, 0x07, 0xFF, 0x00, 0x00, 0x0F, 0xF8, 0x00, 0x00, 0x0F, 0x80, 0x00,
    0x00, 0x00, 0x00, 0x00, 0x06, 0x00, 0x0E, 0x00, 0x0E, 0x00, 0x0F, 0x00, 0x0E, 0x00, 0x4E, 0x0E,
    0xCE, 0x0C, 0xCE, 0x00, 0x06, 0x03, 0x86, 0x06, 0x06, 0x06, 0x07, 0x07, 0x87, 0x00, 0x83, 0x03,
    0x03, 0x04, 0x03, 0x00, 0x03, 0x00, 0x03, 0x00, 0x03, 0xFF, 0xFF, 0xFF, 0xFF, 0xFF, 0xFE, 0x55,
    0x55, 0x55, 0x55, 0x55, 0x55, 0x41, 0x63, 0x36, 0x1C, 0x1C, 0x3E, 0x4B, 0x08, 0x08, 0x08, 0x08,
    0x08, 0x08, 0x08, 0x08, 0x08, 0x08, 0x08, 0x08, 0x08, 0x08, 0x08, 0x08, 0x08, 0x08, 0x02, 0x00,
    0x8F, 0xE4, 0x32, 0x31, 0x30, 0x80, 0x40, 0x20, 0x10, 0x08, 0x04, 0x02, 0x01, 0x00, 0x80, 0x40,
    0x20, 0x10, 0x08, 0x04, 0x02, 0x01, 0x00, 0x80, 0x00, 0x00, 0x10, 0x30, 0x60, 0x7F, 0x61, 0x31,
    0x19, 0x01, 0x01, 0x01, 0x01, 0x01, 0x01, 0x01, 0x01, 0x01, 0x01, 0x01, 0x01, 0x01, 0x01, 0x01,
    0x01, 0x01, 0x00, 0xFF, 0xFF, 0xFF, 0xFF, 0xFF, 0xFF, 0xFF, 0xFF, 0xFF, 0xFF, 0xFF, 0xFF, 0xE0,
    0x70, 0x1C, 0x07, 0x7C, 0x1F, 0x07, 0xFE, 0x0F, 0x83, 0xFF, 0x07, 0xC1, 0xF7, 0x01, 0xC0, 0x70,
    0x00, 0x00, 0x00, 0x00, 0x0C, 0x00, 0x00, 0x0F, 0x00, 0x00, 0x0F, 0x00, 0x00, 0x0F, 0x00, 0x00,
    0x0F, 0x00, 0x00, 0x0F, 0x00, 0x00, 0x0F, 0x00, 0x00, 0x0F, 0x00, 0x00, 0x0F, 0x00, 0x00, 0x0F,
    0xFF, 0xFF, 0xEF, 0xFF, 0xFF, 0xF3, 0xFF, 0xFF, 0xF8, 0xF0, 0x00, 0x00, 0x3C, 0x00, 0x00, 0x0F,
    0x00, 0x00, 0x03, 0xC0, 0x00, 0x00, 0xF0, 0x00, 0x00, 0x3C, 0x00, 0x00, 0x0F, 0x00, 0x00, 0x03,
    0xC0, 0x00, 0x00, 0xC0, 0x00, 0x00, 0x00, 0x00, 0x00, 0x10, 0x00, 0x00, 0x70, 0x00, 0x01, 0xF0,
    0x00, 0x07, 0xF0, 0x00, 0x1F, 0xF0, 0x00, 0x7F, 0xF0, 0x01, 0xEE, 0xF0, 0x07, 0x9D, 0xF0, 0x1F,
    0x39, 0xF0, 0x7C, 0x71, 0xF1, 0xF0, 0xE1, 0xF3, 0xC1, 0xC1, 0xE7, 0x03, 0x81, 0x80, 0x07, 0x00,
    0x00, 0x0E, 0x00, 0x00, 0x1C, 0x00, 0x00, 0x38, 0x00, 0x00, 0x70, 0x00, 0x00, 0xE0, 0x00, 0x01,
    0xC0, 0x00, 0x03, 0x80, 0x00, 0x07, 0x00, 0x00, 0x0E, 0x00, 0x00, 0x1C, 0x00, 0x00, 0x38, 0x00,
    0x00, 0x00, 0x00, 0x00, 0x06, 0x00, 0x00, 0x07, 0x80, 0x00, 0x01, 0xE0, 0x00, 0x00, 0x78, 0x00,
    0x00, 0x1E, 0x00, 0x00, 0x07, 0x80, 0x00, 0x01, 0xE0, 0x00, 0x00, 0x78, 0x00, 0x00, 0x1E, 0x3F,
    0xFF, 0xFF, 0x9F, 0xFF, 0xFF, 0xEF, 0xFF, 0xFF, 0xE0, 0x00, 0x01, 0xE0, 0x00, 0x01, 0xE0, 0x00,
    0x01, 0xE0, 0x00, 0x01, 0xE0, 0x00, 0x01, 0xE0, 0x00, 0x01, 0xE0, 0x00, 0x01, 0xE0, 0x00, 0x01,
    0xE0, 0x00, 0x00, 0x60, 0x00, 0x00, 0x00, 0x00, 0x00, 0x00, 0x00, 0x00, 0x70, 0x00, 0x00, 0xE0,
    0x00, 0x01, 0xC0, 0x00, 0x03, 0x80, 0x00, 0x07, 0x00, 0x00, 0x0E, 0x00, 0x00, 0x1C, 0x00, 0x00,
    0x38, 0x00, 0x00, 0x70, 0x00, 0x00, 0xE0, 0x00, 0x01, 0xC0, 0x02, 0x03, 0x80, 0x8E, 0x07, 0x03,
    0x9E, 0x0E, 0x0F, 0x3E, 0x1C, 0x3C, 0x3E, 0x38, 0xF0, 0x3E, 0x73, 0xC0, 0x3E, 0xEF, 0x00, 0x3D,
    0xFC, 0x00, 0x3F, 0xF0, 0x00, 0x3F, 0xC0, 0x00, 0x3F, 0x00, 0x00, 0x3C, 0x00, 0x00, 0x30, 0x00,
    0x00, 0x00, 0x00, 0x00, 0x00, 0x0F, 0x00, 0x00, 0x00, 0x78, 0x00, 0x00, 0x03, 0xC0, 0x7F, 0xFE,
    0x1E, 0x03, 0xFF, 0xF8, 0xF0, 0x1F, 0xFF, 0x87, 0x80, 0x00, 0x1C, 0x3C, 0x00, 0x00, 0xE1, 0xE0,
    0x00, 0x0F, 0x0F, 0x00, 0x00, 0x78, 0x78, 0x00, 0x03, 0xC3, 0xC0, 0x00, 0x3C, 0x1E, 0x00, 0x01,
    0xE0, 0xFF, 0x80, 0x0F, 0x07, 0xFC, 0x00, 0xF0, 0x3F, 0xE0, 0x0F, 0x81, 0xE0, 0x00, 0xF8, 0x0F,
    0x00, 0x07, 0x80, 0x78, 0x00, 0xFC, 0x03, 0xC0, 0x0F, 0xC0, 0x1E, 0x00, 0xFC, 0x00, 0xF0, 0x1F,
    0xC0, 0x07, 0x81, 0xF8, 0x00, 0x3C, 0x0F, 0x80, 0x01, 0xE0, 0x30, 0x00, 0x0F, 0x00, 0x00, 0x00,
    0x78, 0x00, 0x00, 0x03, 0xC0, 0x00, 0x00, 0x1E, 0x00, 0x00, 0x00, 0xF0, 0x00, 0x00, 0x07, 0x80,
    0x00, 0x00, 0x3C, 0x00, 0x00, 0x00, 0x07, 0x00, 0x00, 0x00, 0x78, 0x1F, 0xFF, 0xC3, 0xC0, 0xFF,
    0xFE, 0x1E, 0x07, 0xFF, 0xF0, 0xF0, 0x00, 0x07, 0x07, 0x80, 0x00, 0x78, 0x3C, 0x00, 0x03, 0xC1,
    0xE0, 0x00, 0x1E, 0x0F, 0xF0, 0x01, 0xE0, 0x7F, 0x80, 0x1E, 0x03, 0xFC, 0x01, 0xF0, 0x1E, 0x00,
    0x1F, 0x00, 0xF0, 0x03, 0xF0, 0x07, 0x80, 0x7F, 0x00, 0x3C, 0x1F, 0xE0, 0x01, 0xE0, 0xFC, 0x00,
    0x0F, 0x03, 0x80, 0x00, 0x78, 0x00, 0x00, 0x00, 0x00, 0x1F, 0xFF, 0xFE, 0x00, 0xFF, 0xFF, 0xF0,
    0x07, 0xFF, 0xFF, 0x80, 0x00, 0x00, 0x3C, 0x00, 0x00, 0x01, 0xE0, 0x00, 0x00, 0x0F, 0x00, 0x00,
    0x00, 0x78, 0x00, 0x00, 0x03, 0xC0, 0x00, 0x00, 0x1E, 0x00, 0x00, 0x00, 0xF0, 0x00, 0x00, 0x07,
    0x80, 0x00, 0x00, 0x3C, 0x00, 0x00, 0x00, 0x07, 0x00, 0x00, 0x00, 0x78, 0x00, 0x00, 0x03, 0xC0,
    0xFF, 0xFE, 0x1E, 0x07, 0xFF, 0xF0, 0xF0, 0x3F, 0xFF, 0x87, 0x80, 0x00, 0x3C, 0x3C, 0x00, 0x01,
    0xC1, 0xE0, 0x00, 0x1E, 0x0F, 0x00, 0x00, 0xF0, 0x7F, 0x80, 0x0F, 0x03, 0xFC, 0x00, 0xF0, 0x1F,
    0xE0, 0x0F, 0x80, 0xF0, 0x01, 0xF8, 0x07, 0x80, 0x3F, 0x80, 0x3C, 0x07, 0xF0, 0x01, 0xE0, 0xFF,
    0x00, 0x0F, 0x03, 0xE0, 0x00, 0x78, 0x18, 0x00, 0x03, 0xC0, 0x00, 0x00, 0x1E, 0x00, 0x78, 0x00,
    0xF0, 0x03, 0xC0, 0x07, 0x80, 0x1E, 0x00, 0x00, 0x00, 0xF0, 0x00, 0x00, 0x07, 0x80, 0x00, 0x00,
    0x3C, 0x00, 0x00, 0x01, 0xE0, 0x00, 0x00, 0x0F, 0xFF, 0xFF, 0x00, 0x7F, 0xFF, 0xF8, 0x03, 0xFF,
    0xFF, 0xC0, 0x1F, 0xFF, 0xFE, 0x00, 0x00, 0x00, 0x07, 0x00, 0x00, 0x00, 0x38, 0x0F, 0xFF, 0xC1,
    0xC0, 0x7F, 0xFE, 0x0E, 0x03, 0xFF, 0xF0, 0x70, 0x00, 0x07, 0x83, 0x80, 0x00, 0x78, 0x1C, 0x00,
    0x03, 0xC0, 0xFF, 0x00, 0x3C, 0x07, 0xF8, 0x03, 0xE0, 0x3F, 0xC0, 0x3E, 0x01, 0xC0, 0x03, 0xE0,
    0x0E, 0x00, 0x7E, 0x00, 0x70, 0x3F, 0xE0, 0x03, 0x81, 0xFC, 0x00, 0x1C, 0x0F, 0x80, 0x00, 0xE0,
    0x20, 0x00, 0x00, 0x00, 0x7F, 0xFF, 0xF8, 0x03, 0xFF, 0xFF, 0xC0, 0x0F, 0xFF, 0xFE, 0x00, 0x00,
    0x00, 0x70, 0x00, 0x00, 0x03, 0x80, 0x1F, 0xFF, 0xFC, 0x00, 0xFF, 0xFF, 0xE0, 0x07, 0xFF, 0xFF,
    0x00, 0x38, 0x00, 0x00, 0x01, 0xC0, 0x00, 0x00, 0x0F, 0x00, 0x00, 0x00, 0x7F, 0xFF, 0xF8, 0x03,
    0xFF, 0xFF, 0xC0, 0x1F, 0xFF, 0xFE, 0x00, 0x00, 0x00, 0x07, 0x00, 0x00, 0x00, 0x78, 0x0F, 0xFF,
    0xC3, 0xC0, 0x7F, 0xFE, 0x1E, 0x03, 0xFF, 0xF0, 0xF0, 0x00, 0x07, 0x87, 0x80, 0x00, 0x7C, 0x3C,
    0x00, 0x03, 0xC1, 0xFE, 0x00, 0x3E, 0x0F, 0xF0, 0x01, 0xE0, 0x7F, 0x80, 0x1F, 0x03, 0xC0, 0x03,
    0xF0, 0x1E, 0x00, 0x3F, 0x00, 0xF0, 0x0F, 0xF0, 0x07, 0x81, 0xFE, 0x00, 0x3C, 0x0F, 0xC0, 0x01,
    0xE0, 0x78, 0x00, 0x0F, 0x00, 0x00, 0x00, 0x00, 0x00, 0x00, 0x03, 0x00, 0x1C, 0x38, 0x3C, 0x00,
    0xE1, 0xC1, 0xE0, 0x07, 0xFE, 0x0F, 0x00, 0x3F, 0xF0, 0x78, 0x01, 0xFF, 0x83, 0xC0, 0x0E, 0x1C,
    0x3F, 0x00, 0x70, 0xE1, 0xF8, 0x03, 0x87, 0x1F, 0xE0, 0x1C, 0x39, 0xEF, 0x80, 0xFF, 0xFF, 0x3E,
    0x07, 0xFF, 0xF0, 0xF0, 0x3F, 0xF7, 0x03, 0x00, 0x00, 0x00, 0x00, 0x00, 0x00, 0x07, 0x00, 0x00,
    0x00, 0x78, 0x0F, 0xFF, 0xC3, 0xC0, 0x7F, 0xFE, 0x1E, 0x03, 0xFF, 0xF0, 0xF0, 0x00, 0x07, 0x87,
    0x80, 0x00, 0x38, 0x3C, 0x00, 0x03, 0xC1, 0xE0, 0x00, 0x1E, 0x0F, 0xF0, 0x01, 0xE0, 0x7F, 0x80,
    0x1F, 0x03, 0xFC, 0x01, 0xF0, 0x1E, 0x00, 0x1F, 0x00, 0xF0, 0x01, 0xF0, 0x07, 0x80, 0x3F, 0x00,
    0x3C, 0x07, 0xF0, 0x01, 0xE0, 0x7F, 0x00, 0x0F, 0x03, 0xE0, 0x00, 0x78, 0x0C, 0x00, 0x01, 0xC0,
    0x00, 0x7F, 0xC0, 0x00, 0x1F, 0xFF, 0xC0, 0x01, 0xFF, 0xFF, 0x00, 0x1F, 0x80, 0xFC, 0x00, 0xF0,
    0x01, 0xE0, 0x0F, 0x00, 0x07, 0x80, 0x78, 0x00, 0x3C, 0x01, 0xE0, 0x03, 0xC0, 0x0F, 0xC0, 0x7E,
    0x00, 0x3F, 0xFF, 0xE0, 0x00, 0xFF, 0xFE, 0x00, 0x00, 0xFF, 0x80, 0x00, 0x00, 0x00, 0x01, 0xC0,
    0x00, 0x1C, 0x38, 0x00, 0x03, 0x87, 0x00, 0x00, 0x70, 0xE7, 0xFF, 0x8E, 0x1C, 0xFF, 0xF1, 0xC3,
    0x9F, 0xFE, 0x38, 0x70, 0x01, 0xC7, 0x0E, 0x00, 0x38, 0xE1, 0xC0, 0x0F, 0x1C, 0x38, 0x01, 0xE3,
    0x87, 0x00, 0x3C, 0x70, 0xE0, 0x07, 0x0F, 0xFC, 0x01, 0xE1, 0xFF, 0x80, 0x3C, 0x3F, 0xF0, 0x0F,
    0x07, 0x0E, 0x03, 0xE0, 0xE1, 0xC0, 0xF8, 0x1C, 0x38, 0x1E, 0x03, 0x87, 0x0F, 0x80, 0x70, 0xE3,
    0xE0, 0x0E, 0x1C, 0xF8, 0x01, 0xC3, 0xBE, 0x00, 0x38, 0x73, 0x80, 0x07, 0x0E, 0x00, 0x00, 0xE1,
    0xC0, 0x00, 0x1C, 0x38, 0x00, 0x03, 0x87, 0x00, 0x00, 0x70, 0xE0, 0x00, 0x0E, 0x1C, 0x00, 0x00,
    0x03, 0x80, 0x00, 0x00, 0x70, 0x00, 0x00, 0x01, 0xC0, 0x00, 0x07, 0x1C, 0x3F, 0xFC, 0x71, 0xC3,
    0xFF, 0xC7, 0x1C, 0x3F, 0xFC, 0x71, 0xC0, 0x03, 0x87, 0x1C, 0x00, 0x38, 0x71, 0xC0, 0x07, 0x87,
    0xFC, 0x00, 0x78, 0x7F, 0xC0, 0x0F, 0x07, 0xFC, 0x01, 0xE0, 0x71, 0xC0, 0x3E, 0x07, 0x1C, 0x07,
    0xC0, 0x71, 0xC1, 0xF8, 0x07, 0x1C, 0x7E, 0x00, 0x71, 0xC7, 0x80, 0x07, 0x1C, 0x20, 0x00, 0x00,
    0x00, 0x3F, 0xFF, 0xFC, 0x03, 0xFF, 0xFF, 0xC0, 0x3F, 0xFF, 0xFC, 0x00, 0x00, 0x01, 0xC0, 0x00,
    0x00, 0x1C, 0x03, 0xFF, 0xFF, 0xC0, 0x3F, 0xFF, 0xFC, 0x03, 0xFF, 0xFF, 0xC0, 0x3C, 0x00, 0x00,
    0x03, 0xC0, 0x00, 0x00, 0x3C, 0x00, 0x00, 0x03, 0xFF, 0xFF, 0xE0, 0x3F, 0xFF, 0xFE, 0x03, 0xFF,
    0xFF, 0xE0, 0x00, 0x00, 0x03, 0xC0, 0x00, 0x00, 0xF0, 0x00, 0x00, 0x3D, 0xFF, 0xFC, 0x0F, 0x7F,
    0xFF, 0x03, 0xDF, 0xFF, 0xC0, 0xF0, 0x00, 0xF0, 0x3C, 0x00, 0x38, 0x0F, 0x00, 0x0E, 0x03, 0xC0,
    0x07, 0x80, 0xF0, 0x01, 0xE0, 0x3C, 0x00, 0x78, 0x0F, 0x00, 0x3D, 0xFF, 0xC0, 0x0F, 0x7F, 0xF0,
    0x07, 0x9F, 0xFC, 0x01, 0xE0, 0x0F, 0x00, 0xF0, 0x03, 0xC0, 0x7C, 0x00, 0xF0, 0x3E, 0x00, 0x3C,
    0x1F, 0x00, 0x0F, 0x1F, 0x80, 0x03, 0xCF, 0xC0, 0x00, 0xFF, 0xE0, 0x00, 0x3D, 0xE0, 0x00, 0x0F,
    0x70, 0x00, 0x03, 0xC0, 0x00, 0x00, 0xF0, 0x00, 0x00, 0x3C, 0x00, 0x00, 0x0F, 0x00, 0x00, 0x03,
    0xC0, 0x00, 0x00, 0xF0, 0x00, 0x00, 0x3C, 0x00, 0x00, 0x03, 0xC0, 0x00, 0x00, 0xF3, 0xFF, 0xF0,
    0x3C, 0xFF, 0xFC, 0x0F, 0x3F, 0xFF, 0x03, 0xC0, 0x03, 0xC0, 0xF0, 0x00, 0xF0, 0x3C, 0x00, 0x38,
    0x0F, 0x00, 0x1E, 0xFF, 0xC0, 0x07, 0xBF, 0xF0, 0x03, 0xCF, 0xFC, 0x01, 0xE0, 0x0F, 0x01, 0xF0,
    0x03, 0xC1, 0xF8, 0x00, 0xF1, 0xFC, 0x00, 0x3D, 0xFE, 0x00, 0x0F, 0x7E, 0x00, 0x03, 0xCC, 0x00,
    0x00, 0xF0, 0x00, 0x00, 0x00, 0x0F, 0xFF, 0xFF, 0x03, 0xFF, 0xFF, 0xC0, 0xFF, 0xFF, 0xF0, 0x38,
    0x00, 0x3C, 0x0E, 0x00, 0x0F, 0x03, 0x80, 0x03, 0xC0, 0xE0, 0x00, 0xF0, 0x38, 0x00, 0x3C, 0x0E,
    0x00, 0x0F, 0x03, 0xFF, 0xFF, 0xC0, 0xFF, 0xFF, 0xF0, 0x3F, 0xFF, 0xFC, 0x00, 0x00, 0x00, 0xE0,
    0x00, 0x07, 0x8E, 0x00, 0x00, 0x78, 0xE0, 0x00, 0x07, 0x8E, 0x3F, 0xFC, 0x78, 0xE3, 0xFF, 0xC7,
    0x8E, 0x3F, 0xFC, 0x78, 0xE0, 0x03, 0xC7, 0x8E, 0x00, 0x3C, 0x78, 0xE0, 0x03, 0xC7, 0x8E, 0x00,
    0x3C, 0x78, 0xE0, 0x03, 0x87, 0x8E, 0x00, 0x7F, 0xF8, 0xE0, 0x07, 0xFF, 0x8E, 0x00, 0xFF, 0xF8,
    0xE0, 0x0F, 0x07, 0x8E, 0x01, 0xE0, 0x78, 0xE0, 0x3C, 0x07, 0x8E, 0x07, 0xC0, 0x78, 0xE0, 0xF8,
    0x07, 0x8E, 0x3F, 0x00, 0x78, 0xE7, 0xE0, 0x07, 0x8E, 0x78, 0x00, 0x78, 0xE3, 0x00, 0x07, 0x8E,
    0x00, 0x00, 0x78, 0xE0, 0x00, 0x07, 0x8E, 0x00, 0x00, 0x78, 0xE0, 0x00, 0x07, 0x8E, 0x00, 0x00,
    0x78, 0xE0, 0x00, 0x00, 0x0E, 0x00, 0x00, 0x00, 0xE0, 0x00, 0x00, 0x01, 0xC0, 0x00, 0x03, 0x8E,
    0x0F, 0xFF, 0x1C, 0x70, 0x7F, 0xF8, 0xE3, 0x83, 0xFF, 0xC7, 0x1C, 0x00, 0x1E, 0x38, 0xE0, 0x00,
    0xF1, 0xC7, 0x00, 0x07, 0x0E, 0x38, 0x00, 0x7F, 0xF1, 0xC0, 0x03, 0xFF, 0x8E, 0x00, 0x3F, 0xFC,
    0x70, 0x03, 0xFF, 0xE3, 0x80, 0x3E, 0x07, 0x1C, 0x03, 0xE0, 0x38, 0xE0, 0x7E, 0x01, 0xC7, 0x0F,
    0xE0, 0x0E, 0x38, 0x7E, 0x00, 0x71, 0xC1, 0xC0, 0x00, 0x0E, 0x08, 0x00, 0x00, 0x00, 0x01, 0xE0,
    0x3C, 0x00, 0x0F, 0x01, 0xE0, 0x00, 0x78, 0x0F, 0x00, 0x03, 0xC0, 0x78, 0x00, 0x3E, 0x03, 0xC0,
    0x01, 0xF8, 0x3F, 0x00, 0x1F, 0xC3, 0xFC, 0x01, 0xEF, 0x1F, 0xF0, 0x1F, 0x3F, 0xE7, 0xC3, 0xF0,
    0xFE, 0x1F, 0x0F, 0x07, 0xE0, 0x78, 0x20, 0x0E, 0x00, 0x80, 0x00, 0x00, 0x00, 0x00, 0x00, 0x03,
    0xC0, 0x00, 0x00, 0xF0, 0x00, 0x00, 0x3D, 0xFF, 0xFC, 0x0F, 0x7F, 0xFF, 0x03, 0xDF, 0xFF, 0xC0,
    0xF0, 0x00, 0xF0, 0x3C, 0x00, 0x38, 0x0F, 0x00, 0x0F, 0xFF, 0xC0, 0x07, 0xFF, 0xF0, 0x01, 0xFF,
    0xFC, 0x00, 0x78, 0x0F, 0x00, 0x3C, 0x03, 0xC0, 0x0F, 0x00, 0xF0, 0x07, 0x80, 0x3C, 0x01, 0xE0,
    0x0F, 0x00, 0xF0, 0x03, 0xC0, 0x7C, 0xFF, 0xF0, 0x3E, 0x3F, 0xFC, 0x1F, 0x0F, 0xFF, 0x0F, 0x80,
    0x03, 0xCF, 0xC0, 0x00, 0xFF, 0xE0, 0x00, 0x3F, 0xF0, 0x00, 0x0F, 0x70, 0x00, 0x03, 0xC0, 0x00,
    0x00, 0xF0, 0x00, 0x00, 0x3C, 0x00, 0x00, 0x0F, 0x00, 0x00, 0x03, 0xC0, 0x00, 0x00, 0xF0, 0x00,
    0x00, 0x3C, 0x00, 0x00, 0x00, 0x00, 0x00, 0x00, 0xF0, 0x00, 0x00, 0x3C, 0xFF, 0xFE, 0x0F, 0x3F,
    0xFF, 0x83, 0xCF, 0xFF, 0xE0, 0xF0, 0x00, 0x7F, 0xFC, 0x00, 0x3F, 0xFF, 0x00, 0x0F, 0xFF, 0xC0,
    0x07, 0x80, 0xF0, 0x01, 0xE0, 0x3C, 0x00, 0xF0, 0x0F, 0x00, 0x7C, 0x03, 0xC0, 0x3E, 0x7F, 0xF0,
    0x3F, 0x1F, 0xFC, 0x3F, 0x07, 0xFF, 0x7F, 0x80, 0x03, 0xDF, 0x80, 0x00, 0xF3, 0x80, 0x00, 0x3C,
    0x00, 0x00, 0x07, 0x00, 0x00, 0x00, 0x01, 0xFF, 0xFF, 0xF0, 0x7F, 0xFF, 0xFC, 0x1F, 0xFF, 0xFF,
    0x00, 0x00, 0x03, 0xC0, 0x00, 0x00, 0xF0, 0x00, 0x00, 0x3C, 0x00, 0x00, 0x0F, 0x00, 0x00, 0x03,
    0xC0, 0x00, 0x00, 0xF0, 0x00, 0x00, 0x3C, 0x00, 0x00, 0x0F, 0x00, 0x00, 0x07, 0x8F, 0xFF, 0x81,
    0xE3, 0xFF, 0xE0, 0x78, 0xFF, 0xF8, 0x1E, 0x00, 0x1F, 0xFF, 0x80, 0x07, 0xFF, 0xE0, 0x01, 0xFF,
    0xF8, 0x00, 0xF0, 0x1E, 0x00, 0x3C, 0x07, 0x80, 0x1E, 0x01, 0xE0, 0x1F, 0x3F, 0xF8, 0x0F, 0x8F,
    0xFE, 0x1F, 0xC3, 0xFF, 0xBF, 0xE0, 0x01, 0xEF, 0xE0, 0x00, 0x79, 0xE0, 0x00, 0x1E, 0x00, 0x00,
    0x00, 0x01, 0xFF, 0xFF, 0xE0, 0x7F, 0xFF, 0xF8, 0x1F, 0xFF, 0xFE, 0x00, 0x00, 0x07, 0x80, 0x00,
    0x01, 0xE0, 0x7F, 0xFF, 0xF8, 0x1F, 0xFF, 0xFE, 0x07, 0xFF, 0xFF, 0x81, 0xE0, 0x00, 0x00, 0x78,
    0x00, 0x00, 0x1F, 0xFF, 0xFF, 0x07, 0xFF, 0xFF, 0xC1, 0xFF, 0xFF, 0xF0, 0x7F, 0xFF, 0xFC, 0x00,
    0x00, 0x00, 0x00, 0x00, 0x00, 0xF0, 0x00, 0x00, 0x3C, 0xFF, 0xFC, 0x0F, 0x3F, 0xFF, 0x03, 0xCF,
    0xFF, 0xC0, 0xF0, 0x00, 0xFF, 0xFC, 0x00, 0x3F, 0xFF, 0x00, 0x0F, 0xFF, 0xC0, 0x07, 0x80, 0xF0,
    0x01, 0xE0, 0x3C, 0x00, 0xF0, 0x0F, 0x00, 0x78, 0x03, 0xC0, 0x3C, 0x7F, 0xF0, 0x3E, 0x1F, 0xFC,
    0x3F, 0x07, 0xFF, 0x3F, 0x80, 0x03, 0xDF, 0x80, 0x00, 0xF3, 0x80, 0x00, 0x3C, 0x00, 0x3F, 0xC0,
    0x00, 0x7F, 0xFE, 0x00, 0x7F, 0xFF, 0xC0, 0x3F, 0x01, 0xF8, 0x0F, 0x00, 0x1F, 0x03, 0x80, 0x03,
    0xC1, 0xE0, 0x00, 0xF0, 0x38, 0x00, 0x3C, 0x0F, 0x00, 0x0F, 0x03, 0xF0, 0x0F, 0x80, 0x7F, 0xFF,
    0xC0, 0x07, 0xFF, 0xE0, 0x00, 0x7F, 0xE0, 0x00, 0x00, 0x71, 0xC0, 0x00, 0x0F, 0x38, 0x00, 0x01,
    0xE7, 0x00, 0x00, 0x3C, 0xE7, 0xFF, 0x87, 0x9C, 0xFF, 0xF0, 0xF3, 0x8F, 0xFE, 0x1E, 0x70, 0x01,
    0xC3, 0xCE, 0x00, 0x3F, 0xF9, 0xC0, 0x0F, 0xFF, 0x38, 0x01, 0xFF, 0xE7, 0x00, 0x38, 0x3C, 0xE0,
    0x0F, 0x07, 0x9C, 0x01, 0xE0, 0xF3, 0x80, 0x78, 0x1E, 0x70, 0x0F, 0x03, 0xCE, 0x03, 0xCF, 0xF9,
    0xC0, 0xF9, 0xFF, 0x38, 0x3E, 0x3F, 0xE7, 0x0F, 0x80, 0x3C, 0xE3, 0xE0, 0x07, 0x9D, 0xF8, 0x00,
    0xF3, 0x9E, 0x00, 0x1E, 0x73, 0x80, 0x03, 0xCE, 0x00, 0x00, 0x79, 0xC0, 0x00, 0x0F, 0x38, 0x00,
    0x01, 0xE7, 0x00, 0x00, 0x3C, 0xE0, 0x00, 0x07, 0x9C, 0x00, 0x00, 0x03, 0x80, 0x00, 0x00, 0x70,
    0x0F, 0xFF, 0xFF, 0x80, 0xFF, 0xFF, 0xFC, 0x07, 0xFF, 0xFF, 0xE0, 0x00, 0x00, 0x07, 0x00, 0x00,
    0x00, 0x38, 0x00, 0x00, 0x01, 0xC0, 0x00, 0x00, 0x0E, 0x00, 0x00, 0x00, 0x70, 0x00, 0x00, 0x03,
    0x80, 0x00, 0x00, 0x1C, 0x00, 0x07, 0x81, 0xE0, 0x00, 0x3C, 0x0F, 0x00, 0x01, 0xE0, 0x78, 0x00,
    0x0F, 0x03, 0xC0, 0x00, 0x78, 0x1E, 0x00, 0x03, 0xC0, 0xF0, 0x00, 0x1E, 0x07, 0x00, 0x00, 0xF0,
    0x00, 0x00, 0x07, 0x80, 0x00, 0x00, 0x3C, 0x00, 0x00, 0x01, 0xE0, 0x00, 0x3F, 0xFF, 0xFF, 0xF9,
    0xFF, 0xFF, 0xFF, 0xCF, 0xFF, 0xFF, 0xFE, 0x0F, 0xFF, 0xFF, 0x80, 0xFF, 0xFF, 0xF8, 0x0F, 0xFF,
    0xFF, 0x80, 0x00, 0x00, 0x78, 0x00, 0x00, 0x07, 0x80, 0x00, 0x00, 0x78, 0x00, 0x0E, 0x07, 0x80,
    0x01, 0xE0, 0x70, 0x00, 0x1E, 0x07, 0x00, 0x01, 0xE0, 0xF0, 0x00, 0x1E, 0x00, 0x00, 0x01, 0xE0,
    0x00, 0x7F, 0xFF, 0xFF, 0xFF, 0xFF, 0xFF, 0xFF, 0xFF, 0xFF, 0xFF, 0xF0, 0x00, 0x00, 0x00, 0x00,
    0x00, 0x00, 0x00, 0x07, 0xFE, 0x00, 0x01, 0xFF, 0xFC, 0x00, 0x7F, 0xFF, 0xE0, 0x0F, 0xC0, 0x3F,
    0x00, 0xF0, 0x00, 0xF8, 0x1E, 0x00, 0x07, 0x81, 0xE0, 0x00, 0x78, 0x0F, 0x00, 0x07, 0x80, 0xF8,
    0x01, 0xF0, 0x07, 0xFF, 0xFE, 0x00, 0x3F, 0xFF, 0xC0, 0x00, 0x7F, 0xF0, 0x00, 0x00, 0x00, 0x03,
    0x80, 0x00, 0x00, 0x1E, 0x00, 0x00, 0x00, 0x78, 0x0F, 0xFF, 0xF1, 0xE0, 0x3F, 0xFF, 0xC7, 0x80,
    0xFF, 0xFF, 0x1E, 0x00, 0x00, 0x3C, 0x78, 0x00, 0x00, 0xF1, 0xE0, 0x00, 0x03, 0xC7, 0x80, 0x00,
    0x0F, 0x1E, 0x00, 0x00, 0x3C, 0x78, 0x00, 0x00, 0xF1, 0xE0, 0x01, 0xE3, 0xC7, 0x80, 0x07, 0x8F,
    0x1F, 0xF0, 0x1E, 0x3C, 0x7F, 0xC0, 0x78, 0xF1, 0xFF, 0x01, 0xE3, 0x87, 0x80, 0x07, 0x82, 0x1E,
    0x00, 0x1E, 0x00, 0x78, 0x00, 0x78, 0x01, 0xE0, 0x01, 0xE0, 0x37, 0x81, 0xFF, 0xFF, 0xDE, 0x07,
    0xFF, 0xFF, 0x78, 0x1F, 0xFF, 0x81, 0xE0, 0x00, 0x00, 0x07, 0x80, 0x00, 0x00, 0x1E, 0x00, 0x00,
    0x00, 0x78, 0x00, 0x00, 0x01, 0xE0, 0x00, 0x00, 0x07, 0x80, 0x00, 0x00, 0x1E, 0x00, 0x00, 0x00,
    0x78, 0x00, 0x00, 0x00, 0x07, 0x00, 0x00, 0x00, 0x3C, 0x0F, 0xFF, 0xF1, 0xE0, 0x7F, 0xFF, 0x8F,
    0x03, 0xFF, 0xFC, 0x78, 0x00, 0x01, 0xE3, 0xC0, 0x00, 0x0F, 0x1E, 0x00, 0x00, 0x78, 0xF0, 0x00,
    0x03, 0xC7, 0x80, 0x0E, 0x1C, 0x3C, 0x00, 0xF0, 0xE1, 0xFE, 0x07, 0x8F, 0x0F, 0xF0, 0x3C, 0x78,
    0x7F, 0x81, 0xE0, 0x03, 0xC0, 0x0F, 0x00, 0x1E, 0x00, 0x7F, 0xFC, 0xF0, 0xFF, 0xFF, 0xE7, 0x87,
    0xFF, 0xFF, 0x3C, 0x1F, 0xC0, 0x01, 0xE0, 0x00, 0x00, 0x0F, 0x00, 0x00, 0x00, 0x78, 0x03, 0xC0,
    0x03, 0xC0, 0x1E, 0x00, 0x1E, 0x00, 0xF0, 0x00, 0x00, 0x07, 0x80, 0x00, 0x00, 0x3C, 0x00, 0x00,
    0x01, 0xE0, 0x00, 0x00, 0x0F, 0xFF, 0xFF, 0x80, 0x7F, 0xFF, 0xFC, 0x03, 0xFF, 0xFF, 0xE0, 0x1F,
    0xFF, 0xFF, 0x00, 0x0F, 0xFF, 0xFF, 0x80, 0x7F, 0xFF, 0xFC, 0x03, 0xFF, 0xFF, 0xE0, 0x00, 0x00,
    0x0F, 0x00, 0x00, 0x00, 0x78, 0x00, 0x00, 0x03, 0xC0, 0x00, 0x00, 0x1E, 0x00, 0x00, 0x00, 0xF0,
    0x00, 0x00, 0x07, 0x80, 0x00, 0x00, 0x38, 0x00, 0x00, 0x01, 0xC0, 0x00, 0x00, 0x1E, 0x00, 0x00,
    0x00, 0xF0, 0x7F, 0xFF, 0xFF, 0xFB, 0xFF, 0xFF, 0xFF, 0xDF, 0xFF, 0xFF, 0xFE, 0x00, 0x0F, 0x00,
    0x00, 0x00, 0x78, 0x00, 0x00, 0x03, 0xC0, 0x00, 0x00, 0x1E, 0x00, 0x00, 0x00, 0xF0, 0x00, 0x00,
    0x07, 0x80, 0x00, 0x00, 0x3C, 0x00, 0x00, 0x01, 0xE0, 0x00, 0x00, 0x0F, 0x00, 0x00, 0x00, 0x78,
    0x00, 0x00, 0x03, 0xC0, 0x00, 0x00, 0x1E, 0x00, 0x00, 0x00, 0xF0, 0x00, 0x00, 0x0F, 0xFF, 0xFF,
    0x80, 0xFF, 0xFF, 0xF8, 0x0F, 0xFF, 0xFF, 0x80, 0x00, 0x00, 0x78, 0x00, 0x00, 0x07, 0x80, 0x00,
    0x00, 0x78, 0x00, 0x00, 0x07, 0x80, 0x00, 0x00, 0x70, 0x00, 0x00, 0x07, 0x00, 0x00, 0x00, 0xF0,
    0xFF, 0xFF, 0xFF, 0xFF, 0xFF, 0xFF, 0xFF, 0xFF, 0xFF, 0xFF, 0xF0, 0x00, 0xF0, 0x00, 0x00, 0x0F,
    0x00, 0x00, 0x00, 0xF0, 0x00, 0x00, 0x0F, 0x00, 0x00, 0x00, 0xF0, 0x00, 0x1F, 0xFF, 0xFF, 0x81,
    0xFF, 0xFF, 0xF8, 0x1F, 0xFF, 0xFF, 0x80, 0x00, 0x00, 0x78, 0x00, 0x00, 0x07, 0x80, 0x00, 0x00,
    0x78, 0x00, 0x00, 0x07, 0x80, 0x00, 0x00, 0x78, 0x00, 0x00, 0x07, 0x80, 0x00, 0x00, 0x78, 0x00,
    0x00, 0x07, 0x80, 0x00, 0x00, 0x01, 0xC0, 0x00, 0x00, 0xF1, 0xFF, 0xFC, 0x3C, 0x7F, 0xFF, 0x0F,
    0x1F, 0xFF, 0xC3, 0xC0, 0x00, 0xF0, 0xF0, 0x00, 0x3C, 0x3C, 0x00, 0x0E, 0x0F, 0x00, 0x03, 0x83,
    0xC0, 0x00, 0xE0, 0xF0, 0x00, 0x38, 0x3C, 0x00, 0x1E, 0x0F, 0x00, 0x07, 0x83, 0xC0, 0x01, 0xEE,
    0xFF, 0xFF, 0xFF, 0xBF, 0xFF, 0xFF, 0xEF, 0x7F, 0xFF, 0x83, 0xC0, 0x3C, 0x00, 0xF0, 0x0F, 0x00,
    0x3C, 0x03, 0xC0, 0x0F, 0x00, 0xF0, 0x03, 0xC0, 0x3C, 0x00, 0xF0, 0x0F, 0x00, 0x3C, 0x03, 0xC0,
    0x0F, 0x00, 0xF0, 0x03, 0xC0, 0x3C, 0x00, 0xF0, 0x0F, 0x00, 0x3C, 0x03, 0xC0, 0x0F, 0x00, 0x70,
    0x03, 0xC0, 0x00, 0x00, 0xF0, 0x00, 0x00, 0x3C, 0x0F, 0xFF, 0xFF, 0x80, 0x7F, 0xFF, 0xFC, 0x03,
    0xFF, 0xFF, 0xE0, 0x00, 0x00, 0x0F, 0x00, 0x00, 0x00, 0x78, 0x00, 0x00, 0x03, 0xC0, 0x00, 0x00,
    0x1E, 0x00, 0x00, 0x00, 0xF0, 0x00, 0x00, 0x07, 0x80, 0x00, 0x00, 0x38, 0x00, 0x00, 0x01, 0xC1,
    0xFF, 0xFF, 0xFF, 0xEF, 0xFF, 0xFF, 0xFF, 0x7F, 0xFF, 0xFF, 0xF8, 0x00, 0xE1, 0xE0, 0x00, 0x07,
    0x0F, 0x00, 0x00, 0x38, 0x78, 0x00, 0x01, 0xC3, 0xC0, 0x03, 0x8E, 0x1E, 0x00, 0x1C, 0x70, 0xF0,
    0x00, 0xE3, 0x87, 0x80, 0x07, 0x00, 0x00, 0x00, 0x38, 0x00, 0x00, 0x01, 0xC0, 0x00, 0x00, 0x0E,
    0x00, 0x00, 0x00, 0xFF, 0xFF, 0xFE, 0x03, 0xFF, 0xFF, 0xF0, 0x1F, 0xFF, 0xFF, 0x80, 0xFF, 0xFF,
    0xFC, 0x00, 0x1F, 0xFF, 0xFF, 0x81, 0xFF, 0xFF, 0xF8, 0x1F, 0xFF, 0xFF, 0x80, 0x00, 0x00, 0x78,
    0x00, 0x00, 0x07, 0x80, 0x00, 0x00, 0x78, 0x00, 0x00, 0x07, 0x80, 0x00, 0x00, 0x78, 0x00, 0x00,
    0x07, 0x80, 0x00, 0x00, 0x78, 0x00, 0x00, 0x07, 0x00, 0x00, 0x00, 0x70, 0x00, 0x00, 0x07, 0x00,
    0x00, 0x00, 0x70, 0x00, 0x00, 0x0F, 0x00, 0x00, 0x00, 0xF0, 0x00, 0x00, 0x0F, 0x00, 0x00, 0x00,
    0xF0, 0x00, 0x00, 0x0E, 0x00, 0x00, 0x00, 0x00, 0x00, 0x00, 0x00, 0x0F, 0xFF, 0xFF, 0xFF, 0xFF,
    0xFF, 0xFF, 0xFF, 0xFF, 0xFF, 0xFF, 0x0F, 0xFF, 0xFF, 0x80, 0xFF, 0xFF, 0xF8, 0x0F, 0xFF, 0xFF,
    0x80, 0x00, 0x00, 0x78, 0x00, 0x00, 0x07, 0x80, 0x00, 0x00, 0x78, 0x00, 0x00, 0x07, 0x80, 0x00,
    0x00, 0x78, 0x00, 0x00, 0x07, 0x80, 0x00, 0x00, 0x78, 0x00, 0x00, 0x07, 0x00, 0x00, 0x00, 0xF0,
    0xFF, 0xFF, 0xFF, 0xFF, 0xFF, 0xFF, 0xFF, 0xFF, 0xFF, 0xFF, 0xF0, 0x00, 0x00, 0x00, 0x00, 0x00,
    0x00, 0x00, 0x00, 0x00, 0x00, 0x0F, 0x00, 0x00, 0x00, 0xF0, 0x00, 0x00, 0x0F, 0x00, 0x00, 0x00,
    0xF0, 0x00, 0x00, 0x0F, 0x00, 0x00, 0x00, 0xF0, 0x00, 0x00, 0x0F, 0x00, 0x00, 0x00, 0xFF, 0xFF,
    0xFC, 0x0F, 0xFF, 0xFF, 0xC0, 0xFF, 0xFF, 0xFC, 0x0F, 0xFF, 0xFF, 0xC0, 0x0F, 0xFF, 0xFF, 0x80,
    0xFF, 0xFF, 0xF8, 0x0F, 0xFF, 0xFF, 0x80, 0x00, 0x00, 0x78, 0x00, 0x00, 0x07, 0x80, 0x00, 0x00,
    0x78, 0x00, 0x00, 0x07, 0x80, 0x00, 0x00, 0x70, 0x00, 0x00, 0x07, 0x00, 0x00, 0x00, 0xF0, 0xFF,
    0xFF, 0xFF, 0xFF, 0xFF, 0xFF, 0xFF, 0xFF, 0xFF, 0xFF, 0xF0, 0x00, 0x00, 0x00, 0x00, 0x00, 0x00,
    0x00, 0x00, 0x00, 0x00, 0x0F, 0xFF, 0xFF, 0x80, 0xFF, 0xFF, 0xF8, 0x0F, 0xFF, 0xFF, 0x80, 0x00,
    0x00, 0x78, 0x00, 0x00, 0x07, 0x80, 0xFF, 0xFF, 0xF8, 0x0F, 0xFF, 0xFF, 0x80, 0xFF, 0xFF, 0xF8,
    0x0E, 0x00, 0x00, 0x00, 0xE0, 0x00, 0x00, 0x0E, 0x00, 0x00, 0x00, 0xFF, 0xFF, 0xFC, 0x0F, 0xFF,
    0xFF, 0xC0, 0xFF, 0xFF, 0xFC, 0x0F, 0xFF, 0xFF, 0x80, 0xFF, 0xFF, 0xF8, 0x0F, 0xFF, 0xFF, 0x80,
    0x00, 0x00, 0x78, 0x00, 0x00, 0x07, 0x80, 0x00, 0x00, 0x78, 0x00, 0x00, 0x07, 0x80, 0x00, 0x00,
    0x78, 0x00, 0x00, 0x07, 0x00, 0x00, 0x00, 0x70, 0x00, 0x00, 0x0F, 0x0F, 0xFF, 0xFF, 0xFF, 0xFF,
    0xFF, 0xFF, 0xFF, 0xFF, 0xFF, 0xFF, 0x00, 0x00, 0x00, 0x00, 0x00, 0x00, 0x00, 0x00, 0x00, 0x00,
    0x00, 0xFF, 0xFF, 0xF8, 0x0F, 0xFF, 0xFF, 0x80, 0xFF, 0xFF, 0xF8, 0x0E, 0x00, 0x07, 0x80, 0xE0,
    0x00, 0x78, 0x0E, 0x00, 0x07, 0x80, 0xE0, 0x00, 0x78, 0x0E, 0x00, 0x07, 0x80, 0xE0, 0x00, 0x78,
    0x0F, 0xFF, 0xFF, 0x80, 0xFF, 0xFF, 0xF8, 0x0F, 0xFF, 0xFF, 0x80, 0x0F, 0xFF, 0xFF, 0x80, 0xFF,
    0xFF, 0xF8, 0x0F, 0xFF, 0xFF, 0x80, 0x00, 0x00, 0x78, 0x00, 0x00, 0x07, 0x80, 0x00, 0x00, 0x78,
    0x00, 0x00, 0x07, 0x80, 0x00, 0x00, 0x70, 0x00, 0x00, 0x07, 0x00, 0x00, 0x00, 0xF0, 0xFF, 0xFF,
    0xFF, 0xFF, 0xFF, 0xFF, 0xFF, 0xFF, 0xFF, 0xFF, 0xF0, 0x00, 0x00, 0x00, 0x00, 0x00, 0x00, 0x00,
    0x00, 0x00, 0x00, 0x0E, 0x00, 0x07, 0x80, 0xE0, 0x00, 0x78, 0x0E, 0x00, 0x07, 0x80, 0xFF, 0xFF,
    0xF8, 0x0F, 0xFF, 0xFF, 0x80, 0xFF, 0xFF, 0xF8, 0x0E, 0x00, 0x07, 0x80, 0xE0, 0x00, 0x78, 0x0E,
    0x00, 0x07, 0x80, 0xE0, 0x00, 0x78, 0x0F, 0xFF, 0xFF, 0x80, 0xFF, 0xFF, 0xF8, 0x0F, 0xFF, 0xFF,
    0x80, 0x00, 0x00, 0x01, 0xC0, 0x00, 0x00, 0xF0, 0x00, 0x00, 0x3C, 0xFF, 0xFE, 0x0F, 0x3F, 0xFF,
    0x83, 0xCF, 0xFF, 0xE0, 0xF0, 0x00, 0x78, 0x3C, 0x00, 0x1E, 0x0F, 0x00, 0x07, 0x83, 0xC0, 0x01,
    0xC0, 0xF0, 0x00, 0xF0, 0x3C, 0x00, 0x3C, 0x0F, 0x00, 0x0E, 0x03, 0xC0, 0x07, 0x80, 0xF0, 0x03,
    0xE0, 0x3C, 0x00, 0xF0, 0x0F, 0x00, 0x78, 0x03, 0xC0, 0x3E, 0x00, 0xF0, 0x1F, 0x00, 0x3C, 0x0F,
    0x80, 0x0F, 0x0F, 0xC0, 0x03, 0xC7, 0xE0, 0x00, 0xF7, 0xF0, 0x00, 0x3D, 0xF0, 0x00, 0x0F, 0x38,
    0x00, 0x03, 0xC0, 0x00, 0x00, 0xF0, 0x00, 0x00, 0x3C, 0x00, 0x00, 0x0F, 0x00, 0x00, 0x03, 0xC0,
    0x00, 0x00, 0xF0, 0x00, 0x00, 0x3C, 0x00, 0x00, 0x03, 0xC7, 0xFF, 0xE0, 0x78, 0xFF, 0xFC, 0x0F,
    0x1F, 0xFF, 0x81, 0xE0, 0x00, 0xF0, 0x3C, 0x00, 0x1E, 0x07, 0x80, 0x03, 0xC0, 0xF0, 0x00, 0xF0,
    0x1E, 0x00, 0x1E, 0x03, 0xC0, 0x0F, 0x80, 0x78, 0x03, 0xE0, 0x0F, 0x01, 0xF8, 0x01, 0xE1, 0xFE,
    0x00, 0x3C, 0xFF, 0x80, 0x07, 0x9F, 0xC0, 0x00, 0xF1, 0xC0, 0x00, 0x1C, 0x00, 0x00, 0x00, 0x00,
    0xFF, 0xFF, 0xF8, 0x1F, 0xFF, 0xFF, 0x03, 0xFF, 0xFF, 0xE0, 0x00, 0x00, 0x3C, 0x00, 0x00, 0x07,
    0x80, 0xFF, 0xFF, 0xF0, 0x3F, 0xFF, 0xFE, 0x07, 0xFF, 0xFF, 0xC0, 0xF0, 0x00, 0x00, 0x1E, 0x00,
    0x00, 0x03, 0xC0, 0x00, 0x00, 0x7F, 0xFF, 0xFE, 0x0F, 0xFF, 0xFF, 0xC1, 0xFF, 0xFF, 0xF8, 0x00,
    0x00, 0x03, 0xC0, 0x00, 0x00, 0xF3, 0xFF, 0xF8, 0x3C, 0xFF, 0xFE, 0x0F, 0x1F, 0xFF, 0x03, 0xC0,
    0x03, 0xC0, 0xF0, 0x00, 0xF0, 0x3C, 0x00, 0x3C, 0x0F, 0x00, 0x1E, 0x03, 0xC0, 0x0F, 0x80, 0xF0,
    0x07, 0xC0, 0x3C, 0x03, 0xE0, 0x0F, 0x01, 0xF0, 0x03, 0xC3, 0xF8, 0x00, 0xF3, 0xFC, 0x00, 0x3D,
    0xFC, 0x00, 0x0F, 0x7C, 0x00, 0x03, 0xCC, 0x00, 0x00, 0x00, 0x00, 0x00, 0x00, 0x0F, 0xFF, 0xFF,
    0x03, 0xFF, 0xFF, 0xC0, 0xFF, 0xFF, 0xF0, 0x38, 0x00, 0x3C, 0x0E, 0x00, 0x0F, 0x03, 0x80, 0x03,
    0xC0, 0xE0, 0x00, 0xF0, 0x38, 0x00, 0x3C, 0x0E, 0x00, 0x0F, 0x03, 0xFF, 0xFF, 0xC0, 0xFF, 0xFF,
    0xF0, 0x3F, 0xFF, 0xFC, 0x00, 0x00, 0x00, 0x00, 0x00, 0x00, 0x1E, 0x00, 0x00, 0x00, 0x78, 0x00,
    0x00, 0x01, 0xE0, 0x3F, 0xDF, 0xE7, 0x80, 0xFF, 0x7F, 0x9E, 0x03, 0xFD, 0xFE, 0x78, 0x00, 0x70,
    0x79, 0xE0, 0x01, 0xC1, 0xE7, 0x80, 0x07, 0x07, 0x9E, 0x00, 0x3C, 0x1E, 0x78, 0x00, 0xF0, 0x79,
    0xE0, 0x03, 0xC1, 0xC7, 0x80, 0x0F, 0x07, 0x1F, 0xE0, 0x38, 0x1C, 0x7F, 0xC1, 0xE0, 0xF1, 0xFF,
    0x07, 0x83, 0xC7, 0x80, 0x3C, 0x0E, 0x1E, 0x00, 0xF0, 0x78, 0x78, 0x07, 0x81, 0xE1, 0xE0, 0x1E,
    0x0F, 0x07, 0x80, 0xF0, 0x3C, 0x1E, 0x07, 0xC1, 0xF0, 0x78, 0x1E, 0x07, 0x81, 0xE0, 0x10, 0x3C,
    0x07, 0x80, 0x00, 0xF0, 0x1E, 0x00, 0x01, 0x80, 0x78, 0x00, 0x00, 0x01, 0xE0, 0x00, 0x00, 0x07,
    0x80, 0x00, 0x00, 0x1E, 0x00, 0x00, 0x00, 0x78, 0x00, 0x00, 0x01, 0xE0, 0x00, 0x00, 0x00, 0x00,
    0x00, 0x00, 0xF3, 0xFD, 0xFC, 0x3C, 0xFF, 0x7F, 0x0F, 0x3F, 0xDF, 0xC3, 0xC0, 0xF0, 0x70, 0xF0,
    0x38, 0x1C, 0x3C, 0x0E, 0x0F, 0x0F, 0x07, 0x83, 0xFF, 0xC1, 0xE0, 0xFF, 0xF0, 0xF0, 0x7F, 0xFC,
    0x7C, 0x1E, 0x0F, 0x3E, 0x0F, 0x03, 0xDF, 0x07, 0xC0, 0xF7, 0x83, 0xE0, 0x3C, 0xC1, 0xF0, 0x0F,
    0x00, 0x38, 0x03, 0xC0, 0x00, 0x00, 0x00, 0x00, 0x00, 0x00, 0x0E, 0x00, 0x0F, 0x03, 0x80, 0x03,
    0xC0, 0xFF, 0xFF, 0xF0, 0x3F, 0xFF, 0xFC, 0x0F, 0xFF, 0xFF, 0x03, 0x80, 0x03, 0xC0, 0xE0, 0x00,
    0xF0, 0x38, 0x00, 0x3C, 0x0E, 0x00, 0x0F, 0x03, 0xFF, 0xFF, 0xC0, 0xFF, 0xFF, 0xF0, 0x3F, 0xFF,
    0xFC, 0x00, 0x00, 0x00, 0xE0, 0x00, 0x0F, 0x1C, 0x00, 0x01, 0xE3, 0x80, 0x00, 0x3C, 0x77, 0xF7,
    0xE7, 0x8E, 0xFE, 0xFC, 0xF1, 0xDF, 0xDF, 0x9E, 0x38, 0x38, 0x73, 0xC7, 0x07, 0x0E, 0x78, 0xE0,
    0xE1, 0xCF, 0x1C, 0x1C, 0x39, 0xE3, 0x87, 0x87, 0x3C, 0x70, 0xF1, 0xFF, 0x8E, 0x1C, 0x3F, 0xF1,
    0xC3, 0x87, 0xFE, 0x38, 0x70, 0xE3, 0xC7, 0x1E, 0x1C, 0x78, 0xE3, 0x87, 0x8F, 0x1C, 0xF0, 0xE1,
    0xE3, 0x9E, 0x1C, 0x3C, 0x77, 0x87, 0x87, 0x8E, 0xF0, 0xE0, 0xF1, 0xDC, 0x3C, 0x1E, 0x39, 0x0F,
    0x83, 0xC7, 0x00, 0xE0, 0x78, 0xE0, 0x00, 0x0F, 0x1C, 0x00, 0x01, 0xE3, 0x80, 0x00, 0x3C, 0x70,
    0x00, 0x07, 0x8E, 0x00, 0x00, 0x01, 0xC0, 0x00, 0x00, 0x38, 0x1F, 0xFB, 0xFF, 0x81, 0xFF, 0xBF,
    0xF8, 0x1F, 0xFB, 0xFF, 0x80, 0x07, 0x80, 0x78, 0x00, 0x70, 0x07, 0x80, 0x07, 0x00, 0x78, 0x00,
    0xF7, 0x07, 0x80, 0x0F, 0x78, 0x78, 0x01, 0xF7, 0x87, 0x80, 0x06, 0x78, 0x30, 0x00, 0x07, 0x80,
    0x07, 0xFF, 0xFF, 0xFF, 0x7F, 0xFF, 0xFF, 0xF7, 0xFF, 0xFF, 0xFF, 0x00, 0x00, 0x00, 0x00, 0x00,
    0x00, 0x00, 0x0F, 0xFF, 0xFF, 0x00, 0xFF, 0xFF, 0xF8, 0x0F, 0xFF, 0xFF, 0x80, 0x00, 0x00, 0x78,
    0x00, 0x00, 0x07, 0x80, 0xFF, 0xFF, 0xF8, 0x0F, 0xFF, 0xFF, 0x80, 0xFF, 0xFF, 0xF8, 0x0F, 0x00,
    0x00, 0x00, 0xF0, 0x00, 0x00, 0x0F, 0x00, 0x00, 0x00, 0xFF, 0xFF, 0xFC, 0x0F, 0xFF, 0xFF, 0xC0,
    0xFF, 0xFF, 0xFC, 0x1F, 0xF3, 0xFF, 0x83, 0xFF, 0xBF, 0xF8, 0x3F, 0xFB, 0xFF, 0x80, 0x07, 0x80,
    0x78, 0x00, 0x70, 0x07, 0x80, 0x07, 0x00, 0x78, 0x00, 0x70, 0x07, 0x80, 0x07, 0x00, 0x78, 0x00,
    0xF0, 0x07, 0x80, 0x0F, 0x00, 0x78, 0x00, 0xF0, 0x07, 0x00, 0x0F, 0x00, 0xF0, 0x01, 0xF0, 0x0F,
    0x0F, 0xFF, 0xFF, 0xFF, 0xFF, 0xFF, 0xFF, 0xFF, 0xFF, 0xFF, 0xFF, 0x00, 0x0F, 0x00, 0x00, 0x00,
    0xF0, 0x00, 0x00, 0x0F, 0x00, 0x00, 0x00, 0xF0, 0x00, 0x00, 0x0F, 0x00, 0x00, 0x00, 0xF0, 0x00,
    0x00, 0x0F, 0x00, 0x00, 0x00, 0xF0, 0x00, 0x00, 0x0F, 0x00, 0x00, 0x00, 0xF0, 0x00, 0x00, 0x0F,
    0x00, 0x00, 0x00, 0xF0, 0x00, 0x00, 0x0F, 0x00, 0x00, 0x1F, 0xF9, 0xFF, 0x83, 0xFF, 0x9F, 0xF8,
    0x3F, 0xF9, 0xFF, 0x80, 0x07, 0x80, 0x78, 0x00, 0x78, 0x07, 0x80, 0x07, 0x80, 0x78, 0x00, 0x78,
    0x07, 0x80, 0x07, 0x80, 0x78, 0x00, 0x70, 0x07, 0x80, 0x07, 0x00, 0x78, 0x00, 0xF0, 0x07, 0x80,
    0x0F, 0x00, 0x78, 0x00, 0xF0, 0x07, 0x80, 0x0F, 0x00, 0x78, 0x00, 0xE0, 0x07, 0x00, 0x1E, 0x00,
    0xF0, 0x01, 0xE0, 0x0F, 0x00, 0x00, 0x00, 0x00, 0x00, 0x00, 0x00, 0x00, 0x00, 0x00, 0x00, 0xFF,
    0xFF, 0xFF, 0xFF, 0xFF, 0xFF, 0xFF, 0xFF, 0xFF, 0xFF, 0xF0, 0x1F, 0xF9, 0xFF, 0x81, 0xFF, 0x9F,
    0xF8, 0x1F, 0xF9, 0xFF, 0x80, 0x07, 0x80, 0x78, 0x00, 0x78, 0x07, 0x80, 0x07, 0x80, 0x78, 0x00,
    0x78, 0x07, 0x80, 0x07, 0x80, 0x78, 0x00, 0x78, 0x07, 0x80, 0x07, 0x00, 0x70, 0x00, 0xF0, 0x0F,
    0x0F, 0xFF, 0xFF, 0xFF, 0xFF, 0xFF, 0xFF, 0xFF, 0xFF, 0xFF, 0xFF, 0x00, 0x00, 0x00, 0x00, 0x00,
    0x00, 0x00, 0x0F, 0xFF, 0xFF, 0x80, 0xFF, 0xFF, 0xF8, 0x0F, 0xFF, 0xFF, 0x80, 0xF0, 0x00, 0x00,
    0x0F, 0x00, 0x00, 0x00, 0xFF, 0xFF, 0xF0, 0x0F, 0xFF, 0xFF, 0x00, 0xFF, 0xFF, 0xF0, 0x0F, 0x00,
    0x00, 0x00, 0xF0, 0x00, 0x00, 0x0F, 0x00, 0x00, 0x00, 0xFF, 0xFF, 0xF8, 0x0F, 0xFF, 0xFF, 0x80,
    0xFF, 0xFF, 0xF8, 0x00, 0x00, 0x1E, 0x00, 0x00, 0x01, 0xE0, 0x00, 0x00, 0x1E, 0x0F, 0x00, 0x01,
    0xE0, 0xF0, 0x00, 0x1E, 0x0F, 0x00, 0x01, 0xE0, 0xF0, 0x00, 0x1E, 0x0F, 0x00, 0x01, 0xE0, 0xF0,
    0x00, 0x1E, 0x0F, 0x00, 0x01, 0xE0, 0xF0, 0x00, 0x1E, 0x0F, 0x00, 0x01, 0xE0, 0xF0, 0x00, 0x1F,
    0xFF, 0x00, 0x01, 0xFF, 0xF0, 0x00, 0x1F, 0xFF, 0x00, 0x01, 0xE0, 0xF0, 0x00, 0x1E, 0x0F, 0x00,
    0x01, 0xE0, 0xF0, 0x00, 0x1E, 0x0F, 0x00, 0xF9, 0xE0, 0xFF, 0xFF, 0x9E, 0x0F, 0xFF, 0xF9, 0xE0,
    0xFF, 0xF8, 0x1E, 0x00, 0x00, 0x01, 0xE0, 0x00, 0x00, 0x1E, 0x00, 0x00, 0x01, 0xE0, 0x00, 0x00,
    0x1E, 0x00, 0x00, 0x01, 0xE0, 0x00, 0x00, 0x1E, 0x00, 0x00, 0x01, 0xE0, 0x00, 0x00, 0x1E, 0x00,
    0x00, 0x00, 0x0E, 0x00, 0x00, 0x01, 0xE0, 0x70, 0x00, 0x1E, 0x07, 0x00, 0x01, 0xE0, 0x70, 0x00,
    0x1E, 0x07, 0x00, 0x01, 0xE0, 0x70, 0x00, 0x1E, 0x07, 0x00, 0x01, 0xE0, 0x70, 0x00, 0x1E, 0x07,
    0x00, 0x01, 0xFE, 0x70, 0x00, 0x1F, 0xE7, 0x00, 0x01, 0xFE, 0x70, 0x00, 0x1E, 0x07, 0x01, 0xF9,
    0xE0, 0x7F, 0xFF, 0x9E, 0x07, 0xFF, 0xF9, 0xE0, 0x7F, 0xF0, 0x1E, 0x00, 0x00, 0x01, 0xE0, 0x00,
    0x00, 0x1E, 0x00, 0x00, 0x01, 0xE0, 0x0E, 0x00, 0x1E, 0x00, 0xF0, 0x01, 0xE0, 0x0F, 0x00, 0x00,
    0x00, 0xF0, 0x00, 0x00, 0x0F, 0x00, 0x00, 0x00, 0xF0, 0x00, 0x00, 0x0F, 0x00, 0x00, 0x00, 0xFF,
    0xFF, 0xF0, 0x0F, 0xFF, 0xFF, 0x00, 0xFF, 0xFF, 0xF0, 0x0F, 0xFF, 0xFF, 0x00, 0x00, 0x00, 0x0E,
    0x07, 0x00, 0x00, 0xE0, 0x70, 0x00, 0x0E, 0x07, 0x00, 0x00, 0xE0, 0x70, 0x00, 0x0E, 0x07, 0x00,
    0x00, 0xE0, 0x70, 0x00, 0x0F, 0xF7, 0x00, 0x00, 0xFF, 0x70, 0x00, 0x0F, 0xF7, 0x00, 0x00, 0xE0,
    0x70, 0x0F, 0x8E, 0x07, 0xFF, 0xF8, 0xE0, 0x7F, 0xFF, 0x8E, 0x07, 0xFF, 0x80, 0xE0, 0x00, 0x00,
    0x0E, 0x00, 0x00, 0x00, 0x00, 0x00, 0x00, 0x00, 0x01, 0xFF, 0xFF, 0xE0, 0x1F, 0xFF, 0xFE, 0x00,
    0xFF, 0xFF, 0xE0, 0x00, 0x00, 0x0E, 0x00, 0x00, 0x00, 0xE0, 0x0F, 0xFF, 0xFE, 0x00, 0xFF, 0xFF,
    0xE0, 0x0F, 0xFF, 0xFE, 0x00, 0xE0, 0x00, 0x00, 0x0E, 0x00, 0x00, 0x00, 0xF0, 0x00, 0x00, 0x0F,
    0xFF, 0xFF, 0x00, 0xFF, 0xFF, 0xF0, 0x0F, 0xFF, 0xFF, 0x00, 0x00, 0x00, 0x0E, 0x00, 0x00, 0x00,
    0xE0, 0x70, 0x00, 0x0E, 0x07, 0x00, 0x00, 0xE0, 0x70, 0x00, 0x0E, 0x07, 0x00, 0x00, 0xE0, 0x70,
    0x00, 0x0E, 0x07, 0x00, 0x00, 0xFF, 0x70, 0x00, 0x0F, 0xF7, 0x00, 0x00, 0xFF, 0x70, 0x00, 0x0E,
    0x07, 0x00, 0x08, 0xE0, 0x7F, 0xFF, 0x8E, 0x07, 0xFF, 0xF8, 0xE0, 0x7F, 0xFF, 0x0E, 0x07, 0xF0,
    0x00, 0xE0, 0x00, 0x00, 0x0E, 0x00, 0x00, 0x00, 0xE0, 0x00, 0x00, 0x00, 0x00, 0xFF, 0xFF, 0xE0,
    0x0F, 0xFF, 0xFE, 0x00, 0xFF, 0xFF, 0xE0, 0x0E, 0x00, 0x0E, 0x00, 0xE0, 0x00, 0xE0, 0x0E, 0x00,
    0x0E, 0x00, 0xE0, 0x00, 0xE0, 0x0E, 0x00, 0x0E, 0x00, 0xE0, 0x00, 0xE0, 0x0F, 0xFF, 0xFE, 0x00,
    0xFF, 0xFF, 0xE0, 0x0F, 0xFF, 0xFE, 0x00, 0x00, 0x00, 0x0E, 0x00, 0x00, 0x01, 0xE0, 0x70, 0x00,
    0x1E, 0x07, 0x00, 0x01, 0xE0, 0x70, 0x00, 0x1E, 0x07, 0x00, 0x01, 0xE0, 0x70, 0x00, 0x1E, 0x07,
    0x00, 0x01, 0xFE, 0x70, 0x00, 0x1F, 0xE7, 0x00, 0x01, 0xFE, 0x70, 0x00, 0x1E, 0x07, 0x00, 0x01,
    0xE0, 0x70, 0x3F, 0x9E, 0x07, 0xFF, 0xF9, 0xE0, 0x7F, 0xFF, 0x9E, 0x07, 0xFF, 0x01, 0xE0, 0x00,
    0x00, 0x1E, 0x00, 0x00, 0x00, 0x00, 0x03, 0xC0, 0x78, 0x00, 0x3C, 0x07, 0x80, 0x03, 0xC0, 0x78,
    0x00, 0x3C, 0x07, 0x80, 0x03, 0xC0, 0x78, 0x00, 0x7E, 0x07, 0xC0, 0x07, 0xE0, 0xFC, 0x00, 0xFF,
    0x1F, 0xE0, 0x1E, 0x7B, 0xCF, 0x07, 0xE7, 0xFC, 0xFC, 0x7C, 0x3F, 0x87, 0xC3, 0x01, 0xF0, 0x1C,
    0x00, 0x04, 0x00, 0x00, 0x00, 0x00, 0x07, 0x80, 0x00, 0xE3, 0xC0, 0x00, 0x71, 0xE0, 0x00, 0x38,
    0xFF, 0x00, 0x1C, 0x7F, 0x80, 0x0E, 0x3F, 0xC0, 0x07, 0x1F, 0xE0, 0x03, 0x8F, 0xF0, 0x01, 0xC7,
    0xF8, 0x00, 0xE3, 0xFC, 0x00, 0x71, 0xFE, 0x00, 0x38, 0xFF, 0x00, 0x1F, 0xFF, 0x80, 0x0F, 0xFF,
    0xC0, 0x07, 0xFF, 0xE0, 0x03, 0x8F, 0xF0, 0x01, 0xC7, 0xF8, 0x00, 0xE3, 0xFC, 0x00, 0x71, 0xFE,
    0x07, 0x38, 0xFF, 0xFF, 0x9C, 0x7F, 0xFF, 0xCE, 0x3F, 0xFF, 0xC7, 0x1E, 0x00, 0x03, 0x8F, 0x00,
    0x01, 0xC7, 0x80, 0x00, 0xE3, 0xC0, 0x00, 0x71, 0xE0, 0x00, 0x38, 0xF0, 0x00, 0x1C, 0x78, 0x00,
    0x00, 0x3C, 0x00, 0x00, 0x1E, 0x00, 0x00, 0x07, 0x00, 0x00, 0x71, 0xE0, 0x00, 0x1C, 0x7B, 0xC0,
    0x07, 0x1E, 0xF0, 0x01, 0xC7, 0xBC, 0x00, 0x71, 0xEF, 0x00, 0x1C, 0x7B, 0xC0, 0x07, 0x1E, 0xF0,
    0x01, 0xC7, 0xBC, 0x00, 0x7F, 0xEF, 0x00, 0x1F, 0xFB, 0xC0, 0x07, 0xFE, 0xF0, 0x01, 0xC7, 0xBC,
    0x06, 0x71, 0xEF, 0xFF, 0x9C, 0x7B, 0xFF, 0xE7, 0x1E, 0xFF, 0xF1, 0xC7, 0x80, 0x00, 0x71, 0xE0,
    0x00, 0x1C, 0x78, 0x00, 0x07, 0x1E, 0x0F, 0x01, 0xC7, 0x83, 0xC0, 0x71, 0xE0, 0xF0, 0x00, 0x70,
    0x3C, 0x00, 0x00, 0x0F, 0x00, 0x00, 0x03, 0xC0, 0x00, 0x00, 0xF0, 0x00, 0x00, 0x3F, 0xFF, 0xFE,
    0x0F, 0xFF, 0xFF, 0x83, 0xFF, 0xFF, 0xE0, 0x00, 0x00, 0x0F, 0x00, 0x00, 0x0F, 0x00, 0x00, 0x0F,
    0x00, 0x00, 0x0F, 0xF0, 0x00, 0x0F, 0xF0, 0x00, 0x0F, 0xF0, 0x00, 0x0F, 0xF0, 0x00, 0x0F, 0xF0,
    0x00, 0x0F, 0xF0, 0x00, 0x0F, 0xF0, 0x1F, 0xFF, 0xF0, 0x1F, 0xFF, 0xF0, 0x1F, 0xFF, 0xF0, 0x00,
    0x0F, 0xF0, 0x00, 0x0F, 0xF0, 0x00, 0x0F, 0xF0, 0x00, 0x0F, 0xF0, 0x00, 0x0F, 0xF0, 0x00, 0x0F,
    0xF0, 0x00, 0x0F, 0xF0, 0x1F, 0x0F, 0xFF, 0xFF, 0x0F, 0xFF, 0xFF, 0x0F, 0xFF, 0xF0, 0x0F, 0x00,
    0x00, 0x0F, 0x00, 0x00, 0x0F, 0x00, 0x00, 0x0F, 0x00, 0x00, 0x0F, 0x00, 0x00, 0x0F, 0x00, 0x00,
    0x0F, 0x00, 0x00, 0x0F, 0x00, 0x00, 0x0F, 0xE0, 0x00, 0x0F, 0xF0, 0x00, 0x0F, 0xF0, 0x00, 0x0F,
    0xF0, 0x00, 0x0F, 0xF0, 0x0F, 0xFF, 0xF0, 0x0F, 0xFF, 0xF0, 0x0F, 0xFF, 0xF0, 0x00, 0x0F, 0xF0,
    0x00, 0x0F, 0xF0, 0x00, 0x0F, 0xF0, 0x0F, 0x0F, 0xFF, 0xFF, 0x8F, 0xFF, 0xFF, 0x8F, 0xFF, 0xF8,
    0x0F, 0x00, 0x00, 0x0F, 0x00, 0x00, 0x00, 0x00, 0x00, 0x00, 0x3F, 0xF3, 0x8F, 0x3F, 0xF3, 0x8F,
    0x3F, 0xF3, 0x8F, 0x00, 0xF3, 0xFF, 0x00, 0xF3, 0xFF, 0x3F, 0xF3, 0xFF, 0x3F, 0xF3, 0x8F, 0x3C,
    0x03, 0x8F, 0x38, 0x03, 0x8F, 0x38, 0x03, 0x8F, 0x3F, 0xFB, 0xFF, 0x3F, 0xFB, 0xFF, 0x3F, 0xFB,
    0xFF, 0x00, 0x00, 0x0E, 0x00, 0x00, 0x0F, 0xF0, 0x00, 0x0F, 0xF0, 0x00, 0x0F, 0xF0, 0x00, 0x0F,
    0xF0, 0x00, 0x0F, 0xF0, 0x0F, 0xFF, 0xF0, 0x0F, 0xFF, 0xF0, 0x0F, 0xFF, 0xF0, 0x00, 0x0F, 0xF0,
    0x00, 0x0F, 0xF0, 0x00, 0x0F, 0xF0, 0x0F, 0x0F, 0xFF, 0xFF, 0x0F, 0xFF, 0xFF, 0x0F, 0xFF, 0xF8,
    0x0F, 0x00, 0x00, 0x0F, 0x00, 0x00, 0x0F, 0x00, 0x00, 0x00, 0x0F, 0xFF, 0xFF, 0x0F, 0xFF, 0xFF,
    0x0F, 0xFF, 0xFF, 0x0E, 0x00, 0x0F, 0x0E, 0x00, 0x0F, 0x0E, 0x00, 0x0F, 0x0E, 0x00, 0x0F, 0x0E,
    0x00, 0x0F, 0x0E, 0x00, 0x0F, 0x0F, 0xFF, 0xFF, 0x0F, 0xFF, 0xFF, 0x0F, 0xFF, 0xFF, 0x00, 0x00,
    0x00, 0x00, 0x00, 0x07, 0x80, 0x00, 0x03, 0xDE, 0x00, 0x01, 0xEF, 0x00, 0x00, 0xF7, 0x80, 0x7F,
    0xFB, 0xC0, 0x3F, 0xFD, 0xE0, 0x1F, 0xFE, 0xF0, 0x00, 0x0F, 0x78, 0x00, 0x07, 0xBC, 0x00, 0x03,
    0xDE, 0x03, 0xE1, 0xEF, 0xFF, 0xF0, 0xF7, 0xFF, 0xF8, 0x7B, 0xFF, 0xE0, 0x3C, 0x00, 0x00, 0x1E,
    0x00, 0x1E, 0x0F, 0x00, 0x0F, 0x00, 0x00, 0x07, 0x80, 0x07, 0xFF, 0xFF, 0xE3, 0xFF, 0xFF, 0xF1,
    0xFF, 0xFF, 0xF8, 0x00, 0x7C, 0x00, 0x03, 0xFF, 0xE0, 0x03, 0xFF, 0xF8, 0x03, 0xE0, 0x3E, 0x01,
    0xE0, 0x0F, 0x00, 0xE0, 0x07, 0x80, 0x78, 0x03, 0xC0, 0x3F, 0xFF, 0xC0, 0x0F, 0xFF, 0xC0, 0x00,
    0xFF, 0x80, 0x00, 0x00, 0x03, 0x80, 0x00, 0x38, 0xE0, 0x00, 0x0E, 0x39, 0xC0, 0x03, 0x8E, 0x70,
    0x00, 0xE3, 0x9C, 0x00, 0x38, 0xE7, 0x00, 0x0E, 0x39, 0xC0, 0x03, 0x8E, 0x70, 0x00, 0xE3, 0x9C,
    0x00, 0x38, 0xE7, 0x07, 0xFE, 0x39, 0xC1, 0xFF, 0x8E, 0x70, 0x7F, 0xE3, 0x9C, 0x00, 0x38, 0xE7,
    0x00, 0x0E, 0x39, 0xC0, 0x03, 0x8E, 0x70, 0x00, 0xE3, 0x9C, 0x00, 0x38, 0xE7, 0x00, 0x0E, 0x39,
    0xC0, 0x33, 0x8E, 0x7F, 0xFC, 0xE3, 0x9F, 0xFF, 0x38, 0xE7, 0xFF, 0x8E, 0x38, 0x00, 0x03, 0x8E,
    0x00, 0x00, 0xE3, 0x80, 0x00, 0x38, 0xE0, 0x00, 0x0E, 0x38, 0x00, 0x03, 0x8E, 0x00, 0x00, 0xE3,
    0x80, 0x00, 0x00, 0xE0, 0x00, 0x00, 0x38, 0x00, 0x00, 0x0E, 0x00, 0x00, 0x0F, 0xF0, 0x00, 0x0F,
    0xF0, 0x00, 0x0F, 0xF0, 0x0F, 0xFF, 0xF0, 0x0F, 0xFF, 0xF0, 0x0F, 0xFF, 0xF0, 0x00, 0x0F, 0xF0,
    0x00, 0x0F, 0xF0, 0x0F, 0xFF, 0xF0, 0x0F, 0xFF, 0xF0, 0x0F, 0xFF, 0xF0, 0x00, 0x0F, 0xF0, 0x02,
    0x0F, 0xFF, 0xFE, 0x0F, 0xFF, 0xFE, 0x0F, 0xFF, 0xFE, 0x0F, 0x00, 0x00, 0x0F, 0x00, 0x00, 0x0F,
    0x00, 0x00, 0x00, 0x1F, 0xFF, 0xFF, 0x1F, 0xFF, 0xFF, 0x1F, 0xFF, 0xFF, 0x00, 0x00, 0x0F, 0x00,
    0x00, 0x0F, 0x00, 0x00, 0x0F, 0x00, 0x00, 0x0F, 0x00, 0x00, 0x0F, 0x00, 0x00, 0x0F, 0x00, 0x00,
    0x0F, 0x00, 0x00, 0x0F, 0x00, 0x00, 0x00, 0x00, 0xF0, 0x00, 0x00, 0x0F, 0x00, 0x00, 0x00, 0xF0,
    0x00, 0x00, 0x0F, 0x00, 0x00, 0x00, 0xF0, 0x00, 0x00, 0x0F, 0x00, 0x00, 0x00, 0xFF, 0xFF, 0xF8,
    0x0F, 0xFF, 0xFF, 0x80, 0xFF, 0xFF, 0xF8, 0x00, 0x0F, 0x00, 0x00, 0x00, 0xF0, 0x00, 0xFF, 0xFF,
    0xFF, 0xFF, 0xFF, 0xFF, 0xFF, 0x7F, 0xFF, 0xFF, 0xF0, 0x00, 0x00, 0x00, 0x00, 0x0F, 0x00, 0x00,
    0x00, 0xF0, 0x00, 0x1F, 0xFF, 0xFF, 0x81, 0xFF, 0xFF, 0xFC, 0x1F, 0xFF, 0xFF, 0xC0, 0x00, 0x00,
    0x00, 0x00, 0x06, 0x00, 0x00, 0x1F, 0xFF, 0x00, 0x03, 0xFF, 0xFC, 0x00, 0x7C, 0x03, 0xE0, 0x07,
    0x80, 0x1E, 0x00, 0x78, 0x01, 0xE0, 0x07, 0xFF, 0xFE, 0x00, 0x3F, 0xFF, 0xC0, 0x00, 0x7F, 0xE0,
    0x00, 0x0E, 0x00, 0x00, 0x00, 0x78, 0x00, 0x00, 0x03, 0xC0, 0x00, 0x00, 0x1E, 0x00, 0x00, 0x00,
    0xF0, 0x00, 0x00, 0x07, 0x80, 0x00, 0x00, 0x3C, 0x00, 0x00, 0x01, 0xE0, 0x00, 0x00, 0x0F, 0x00,
    0x00, 0x00, 0x7F, 0xFF, 0xFC, 0x03, 0xFF, 0xFF, 0xE0, 0x1F, 0xFF, 0xFF, 0x00, 0x00, 0x00, 0x00,
    0x00, 0x00, 0x00, 0x00, 0x00, 0x00, 0x00, 0x00, 0x00, 0x00, 0x00, 0xFF, 0xFF, 0xFF, 0xF7, 0xFF,
    0xFF, 0xFF, 0xBF, 0xFF, 0xFF, 0xFC, 0x00, 0x1E, 0x00, 0x00, 0x00, 0xF0, 0x00, 0x00, 0x07, 0x80,
    0x00, 0x00, 0x3C, 0x00, 0x00, 0x01, 0xE0, 0x00, 0x00, 0x0F, 0x00, 0x00, 0x00, 0x78, 0x00, 0x00,
    0x03, 0xC0, 0x00, 0x00, 0x1E, 0x00, 0x00, 0x00, 0xF0, 0x00, 0x00, 0x07, 0x80, 0x00, 0x00, 0x00,
    0x00, 0x00, 0xF0, 0x00, 0x00, 0x0F, 0x00, 0x00, 0x00, 0xF0, 0x00, 0x00, 0x0F, 0x00, 0x00, 0x00,
    0xF0, 0x00, 0x00, 0x0F, 0x00, 0x00, 0x00, 0xFF, 0xFF, 0xF8, 0x0F, 0xFF, 0xFF, 0x80, 0xFF, 0xFF,
    0xF8, 0x00, 0x00, 0x00, 0x00, 0x00, 0x00, 0x00, 0xFF, 0xFF, 0xFF, 0xFF, 0xFF, 0xFF, 0xFF, 0xFF,
    0xFF, 0xFF, 0xF0, 0x00, 0xF0, 0x00, 0x00, 0x0F, 0x00, 0x00, 0x00, 0xF0, 0x00, 0x0F, 0xFF, 0xFF,
    0x80, 0xFF, 0xFF, 0xF8, 0x00, 0x00, 0x07, 0x80, 0x00, 0x00, 0x78, 0x00, 0x00, 0x07, 0x80, 0xFF,
    0xFF, 0xF8, 0x0F, 0xFF, 0xFF, 0x80, 0xE0, 0x00, 0x00, 0x0E, 0x00, 0x00, 0x00, 0xE0, 0x00, 0x00,
    0x0F, 0xFF, 0xFF, 0xC0, 0xFF, 0xFF, 0xFC, 0x0F, 0xFF, 0xFF, 0xC0, 0x0E, 0x00, 0x00, 0x00, 0x78,
    0x00, 0x00, 0x03, 0xC0, 0x00, 0x00, 0x1E, 0x00, 0x00, 0x00, 0xF0, 0x00, 0x00, 0x07, 0x80, 0x00,
    0x00, 0x3C, 0x00, 0x00, 0x01, 0xE0, 0x00, 0x00, 0x0F, 0x00, 0x00, 0x00, 0x7F, 0xFF, 0xFC, 0x03,
    0xFF, 0xFF, 0xE0, 0x1F, 0xFF, 0xFF, 0x00, 0x00, 0x00, 0x00, 0x00, 0x00, 0x00, 0x00, 0x00, 0x00,
    0x00, 0x00, 0x00, 0x00, 0x00, 0xFF, 0xFF, 0xFF, 0xF7, 0xFF, 0xFF, 0xFF, 0xBF, 0xFF, 0xFF, 0xFC,
    0x03, 0xC0, 0x70, 0x00, 0x1E, 0x03, 0x80, 0x00, 0xF0, 0x1C, 0x00, 0x07, 0x80, 0xE0, 0x00, 0x3C,
    0x07, 0x00, 0x01, 0xE0, 0x38, 0x00, 0x0F, 0x01, 0xC0, 0x00, 0x78, 0x0E, 0x00, 0x03, 0xC0, 0x70,
    0x00, 0x1E, 0x03, 0x80, 0x00, 0xF0, 0x1C, 0x00, 0x0E, 0x00, 0x00, 0x00, 0xF0, 0x00, 0x00, 0x0F,
    0x00, 0x00, 0x00, 0xF0, 0x00, 0x00, 0x0F, 0x00, 0x00, 0x00, 0xF0, 0x00, 0x00, 0x0F, 0x00, 0x00,
    0x00, 0xF0, 0x00, 0x00, 0x0F, 0xFF, 0xFF, 0x80, 0xFF, 0xFF, 0xF8, 0x0F, 0xFF, 0xFF, 0x80, 0x00,
    0x00, 0x00, 0x00, 0x00, 0x00, 0x00, 0x00, 0x00, 0x00, 0xFF, 0xFF, 0xFF, 0xFF, 0xFF, 0xFF, 0xFF,
    0xFF, 0xFF, 0xFF, 0xF0, 0x00, 0x00, 0x00, 0x00, 0x00, 0x00, 0x00, 0x00, 0x00, 0x00, 0x0E, 0x00,
    0x00, 0x00, 0xE0, 0x00, 0x00, 0x0E, 0x00, 0x00, 0x00, 0xE0, 0x00, 0x00, 0x0E, 0x00, 0x00, 0x00,
    0xE0, 0x00, 0x00, 0x0F, 0xFF, 0xFF, 0x80, 0xFF, 0xFF, 0xF8, 0x0F, 0xFF, 0xFF, 0x80, 0x00, 0x00,
    0x00, 0x00, 0x00, 0x00, 0x00, 0xF0, 0x00, 0x00, 0x0F, 0x00, 0x00, 0x00, 0xF0, 0x00, 0x00, 0x0F,
    0x00, 0x00, 0x00, 0xF0, 0x00, 0x00, 0x0F, 0x00, 0x00, 0x00, 0xFF, 0xFF, 0xF8, 0x0F, 0xFF, 0xFF,
    0x80, 0xFF, 0xFF, 0xF8, 0x00, 0x00, 0x00, 0x00, 0x00, 0x00, 0x00, 0xFF, 0xFF, 0xFF, 0xFF, 0xFF,
    0xFF, 0xFF, 0xFF, 0xFF, 0xFF, 0xF0, 0x00, 0x00, 0x00, 0x00, 0x00, 0x00, 0x00, 0xFF, 0xFF, 0xF8,
    0x0F, 0xFF, 0xFF, 0x80, 0xFF, 0xFF, 0xF8, 0x00, 0x00, 0x07, 0x80, 0x00, 0x00, 0x78, 0x0F, 0xFF,
    0xFF, 0x80, 0xFF, 0xFF, 0xF8, 0x0F, 0xFF, 0xFF, 0x80, 0xE0, 0x00, 0x00, 0x0E, 0x00, 0x00, 0x00,
    0xE0, 0x00, 0x00, 0x0F, 0xFF, 0xFF, 0xC0, 0xFF, 0xFF, 0xFC, 0x0F, 0xFF, 0xFF, 0xC0, 0x0E, 0x00,
    0x00, 0x00, 0xF0, 0x00, 0x00, 0x0F, 0x00, 0x00, 0x00, 0xF0, 0x00, 0x00, 0x0F, 0x00, 0x00, 0x00,
    0xF0, 0x00, 0x00, 0x0F, 0x00, 0x00, 0x00, 0xF0, 0x00, 0x00, 0x0F, 0xFF, 0xFF, 0x80, 0xFF, 0xFF,
    0xF8, 0x0F, 0xFF, 0xFF, 0x80, 0x00, 0x00, 0x00, 0x00, 0x00, 0x00, 0x0F, 0xFF, 0xFF, 0xFF, 0xFF,
    0xFF, 0xFF, 0xFF, 0xFF, 0xFF, 0xFF, 0x00, 0x00, 0x00, 0x00, 0x00, 0x00, 0x00, 0x00, 0x7F, 0xE0,
    0x00, 0x1F, 0xFF, 0xC0, 0x07, 0xFF, 0xFE, 0x00, 0xFC, 0x03, 0xF0, 0x0F, 0x00, 0x0F, 0x00, 0xE0,
    0x00, 0x78, 0x0E, 0x00, 0x07, 0x80, 0xF0, 0x00, 0xF8, 0x0F, 0xC0, 0x1F, 0x00, 0x7F, 0xFF, 0xE0,
    0x03, 0xFF, 0xFC, 0x00, 0x07, 0xFE, 0x00, 0x00, 0x00, 0x07, 0x00, 0x00, 0x0F, 0x00, 0x00, 0x0F,
    0xF0, 0x00, 0x0F, 0xF0, 0x00, 0x0F, 0xF0, 0x00, 0x0F, 0xF0, 0x00, 0x0F, 0xF0, 0x00, 0x0F, 0xF0,
    0x00, 0x0F, 0xF0, 0x00, 0x0F, 0xF0, 0x00, 0x0F, 0xF0, 0x00, 0x0F, 0xF0, 0x00, 0x0F, 0xF0, 0x00,
    0x0F, 0xF0, 0x00, 0x0F, 0xF0, 0x00, 0x0F, 0xF0, 0x00, 0x0F, 0xF0, 0x00, 0x0F, 0xF0, 0x00, 0x0F,
    0xF0, 0x1F, 0xCF, 0xFF, 0xFF, 0xCF, 0xFF, 0xFF, 0xCF, 0xFF, 0xF8, 0x0F, 0x00, 0x00, 0x0F, 0x00,
    0x00, 0x0F, 0x00, 0x00, 0x0F, 0x00, 0x00, 0x0F, 0x00, 0x00, 0x0F, 0x00, 0x00, 0x0F, 0x00, 0x00,
    0x0F, 0x00, 0x00, 0x0F, 0x00, 0x00, 0x1E, 0x00, 0x00, 0x01, 0xE0, 0x00, 0x00, 0x1E, 0x07, 0xFF,
    0xE1, 0xE0, 0x7F, 0xFE, 0x1E, 0x07, 0xFF, 0xE1, 0xE0, 0x70, 0x00, 0x1E, 0x07, 0x00, 0x01, 0xE0,
    0x70, 0x00, 0x1E, 0x07, 0x00, 0x01, 0xE0, 0x70, 0x00, 0x1E, 0x07, 0x00, 0x01, 0xE0, 0x70, 0x00,
    0x1F, 0xF7, 0x00, 0x01, 0xFF, 0x70, 0x00, 0x1F, 0xF7, 0x00, 0x01, 0xE0, 0x70, 0x00, 0x1E, 0x07,
    0x00, 0x01, 0xE0, 0x70, 0x00, 0x1E, 0x07, 0x00, 0x01, 0xE0, 0x7F, 0xFF, 0x9E, 0x07, 0xFF, 0xF9,
    0xE0, 0x7F, 0xFF, 0x9E, 0x07, 0xFE, 0x01, 0xE0, 0x00, 0x00, 0x1E, 0x00, 0x00, 0x01, 0xE0, 0x00,
    0x00, 0x1E, 0x00, 0x00, 0x01, 0xE0, 0x00, 0x00, 0x1E, 0x00, 0x00, 0x01, 0xE0, 0x00, 0x00, 0x1E,
    0x00, 0x00, 0x00, 0x0E, 0x00, 0x00, 0x01, 0xE0, 0x00, 0x00, 0x1E, 0x0F, 0xFF, 0xC1, 0xE0, 0xFF,
    0xFC, 0x1E, 0x0F, 0xFF, 0xC1, 0xE0, 0xF0, 0x00, 0x1E, 0x0F, 0x00, 0x01, 0xE0, 0xF0, 0x00, 0x1E,
    0x0F, 0x00, 0x01, 0xFE, 0xF0, 0x00, 0x1F, 0xEF, 0x00, 0x01, 0xFE, 0xF0, 0x00, 0x1E, 0x0F, 0x00,
    0x11, 0xE0, 0xFF, 0xFF, 0x9E, 0x0F, 0xFF, 0xF9, 0xE0, 0xFF, 0xFF, 0x1E, 0x00, 0x00, 0x01, 0xE0,
    0x00, 0x00, 0x1E, 0x00, 0x00, 0x01, 0xE0, 0x1E, 0x00, 0x1E, 0x01, 0xE0, 0x01, 0xE0, 0x1E, 0x00,
    0x00, 0x01, 0xE0, 0x00, 0x00, 0x1E, 0x00, 0x00, 0x01, 0xE0, 0x00, 0x00, 0x1E, 0x00, 0x00, 0x01,
    0xFF, 0xFF, 0xF0, 0x1F, 0xFF, 0xFF, 0x01, 0xFF, 0xFF, 0xF0, 0x1F, 0xFF, 0xFF, 0x00, 0x00, 0x00,
    0x1E, 0x00, 0x00, 0x01, 0xE0, 0xFF, 0xFC, 0x1E, 0x0F, 0xFF, 0xC1, 0xE0, 0xFF, 0xFC, 0x1E, 0x0F,
    0x00, 0x01, 0xE0, 0xF0, 0x00, 0x1E, 0x0F, 0x00, 0x01, 0xFE, 0xF0, 0x00, 0x1F, 0xEF, 0x00, 0x01,
    0xFE, 0xF0, 0x00, 0x1E, 0x0F, 0x00, 0x01, 0xE0, 0xF0, 0x07, 0x9E, 0x0F, 0xFF, 0xF9, 0xE0, 0xFF,
    0xFF, 0x9E, 0x0F, 0xFF, 0xC1, 0xE0, 0x00, 0x00, 0x1E, 0x00, 0x00, 0x00, 0x00, 0x00, 0x00, 0x00,
    0x01, 0xFF, 0xFF, 0xE0, 0x1F, 0xFF, 0xFE, 0x01, 0xFF, 0xFF, 0xE0, 0x1E, 0x00, 0x00, 0x01, 0xE0,
    0x00, 0x00, 0x1E, 0x00, 0x00, 0x01, 0xE0, 0x00, 0x00, 0x1E, 0x00, 0x00, 0x01, 0xFF, 0xFF, 0xE0,
    0x1F, 0xFF, 0xFF, 0x01, 0xFF, 0xFF, 0xF0, 0x1F, 0xFF, 0xFF, 0x00, 0x00, 0x00, 0x0E, 0x00, 0x00,
    0x00, 0xE0, 0x7F, 0xFC, 0x0E, 0x07, 0xFF, 0xC0, 0xE0, 0x7F, 0xFC, 0x0E, 0x07, 0x00, 0x00, 0xE0,
    0x70, 0x00, 0x0E, 0x07, 0x00, 0x00, 0xE0, 0x70, 0x00, 0x0F, 0xF7, 0x00, 0x00, 0xFF, 0x70, 0x00,
    0x0F, 0xE7, 0x00, 0x00, 0xE0, 0x70, 0x03, 0x8E, 0x07, 0xFF, 0xF8, 0xE0, 0x7F, 0xFF, 0x8E, 0x07,
    0xFF, 0xE0, 0xE0, 0x00, 0x00, 0x0E, 0x00, 0x00, 0x00, 0xE0, 0x00, 0x00, 0x00, 0x00, 0x0F, 0xFC,
    0x00, 0x03, 0xFF, 0xF8, 0x00, 0x7F, 0xFF, 0xC0, 0x0F, 0x80, 0x7E, 0x01, 0xF0, 0x01, 0xE0, 0x1E,
    0x00, 0x0F, 0x01, 0xE0, 0x00, 0xF0, 0x1F, 0x00, 0x1E, 0x00, 0xF8, 0x07, 0xE0, 0x07, 0xFF, 0xFC,
    0x00, 0x3F, 0xFF, 0x80, 0x00, 0xFF, 0xC0, 0x00, 0x00, 0x00, 0x03, 0xC0, 0x00, 0x38, 0xF0, 0x00,
    0x0E, 0x3C, 0x00, 0x03, 0x8F, 0xFF, 0xF0, 0xE3, 0xFF, 0xFC, 0x38, 0xFF, 0xFF, 0x0E, 0x3F, 0xC0,
    0x03, 0x8F, 0xF0, 0x00, 0xE3, 0xFC, 0x00, 0x38, 0xFF, 0x00, 0x0E, 0x3F, 0xC0, 0x03, 0x8F, 0xF0,
    0x00, 0xFF, 0xFC, 0x00, 0x3F, 0xFF, 0x00, 0x0F, 0xFF, 0xC0, 0x03, 0x8F, 0xF0, 0x00, 0xE3, 0xFC,
    0x00, 0x38, 0xFF, 0x00, 0x0E, 0x3F, 0xC0, 0x03, 0x8F, 0xF3, 0xFC, 0xE3, 0xFF, 0xFF, 0x38, 0xFF,
    0xFF, 0xCE, 0x3D, 0xFE, 0x03, 0x8F, 0x00, 0x00, 0xE3, 0xC0, 0x00, 0x38, 0xF0, 0x00, 0x0E, 0x3C,
    0x00, 0x03, 0x8F, 0x00, 0x00, 0xE3, 0xC0, 0x00, 0x00, 0xF0, 0x00, 0x00, 0x3C, 0x00, 0x00, 0x07,
    0x00, 0x00, 0x0F, 0x00, 0x00, 0x0F, 0xFF, 0xFC, 0x0F, 0xFF, 0xFC, 0x0F, 0xFF, 0xFC, 0x0F, 0xF0,
    0x00, 0x0F, 0xF0, 0x00, 0x0F, 0xF0, 0x00, 0x0F, 0xF0, 0x00, 0x0F, 0xF0, 0x00, 0x0F, 0xF0, 0x0F,
    0xFF, 0xF0, 0x0F, 0xFF, 0xF0, 0x0F, 0xFF, 0xF0, 0x00, 0x0F, 0xF0, 0x00, 0x0F, 0xF0, 0x00, 0x0F,
    0xF0, 0x00, 0x0F, 0xF0, 0x00, 0x0F, 0xF0, 0x0F, 0x0F, 0xFF, 0xFF, 0x0F, 0xFF, 0xFF, 0x0F, 0xFF,
    0xFC, 0x0F, 0x00, 0x00, 0x0F, 0x00, 0x00, 0x0F, 0x00, 0x00, 0x0F, 0x00, 0x00, 0x0F, 0x00, 0x00,
    0x0F, 0x00, 0x00, 0x0F, 0x00, 0x00, 0x0F, 0x00, 0x00, 0x0F, 0x00, 0x00, 0x03, 0x80, 0x00, 0x38,
    0xE0, 0x00, 0x0E, 0x38, 0x00, 0x03, 0x8E, 0xFF, 0xF0, 0xE3, 0xBF, 0xFC, 0x38, 0xEF, 0xFF, 0x0E,
    0x3B, 0xC0, 0x03, 0x8E, 0xF0, 0x00, 0xE3, 0xBC, 0x00, 0x38, 0xEF, 0x00, 0x0E, 0x3B, 0xC0, 0x03,
    0x8E, 0xF0, 0x3F, 0xE3, 0xBC, 0x0F, 0xF8, 0xEF, 0x03, 0xFE, 0x3B, 0xC0, 0x03, 0x8E, 0xF0, 0x00,
    0xE3, 0xBC, 0x00, 0x38, 0xEF, 0x00, 0x0E, 0x3B, 0xC0, 0x03, 0x8E, 0xF0, 0x38, 0xE3, 0xBF, 0xFF,
    0x38, 0xEF, 0xFF, 0xCE, 0x39, 0xFF, 0x03, 0x8E, 0x00, 0x00, 0xE3, 0x80, 0x00, 0x38, 0xE0, 0x00,
    0x0E, 0x38, 0x00, 0x03, 0x8E, 0x00, 0x00, 0xE3, 0x80, 0x00, 0x38, 0xE0, 0x00, 0x00, 0x38, 0x0F,
    0xFF, 0xFF, 0x80, 0x7F, 0xFF, 0xFC, 0x03, 0xFF, 0xFF, 0xE0, 0x1E, 0x00, 0x00, 0x00, 0xF0, 0x00,
    0x00, 0x07, 0x80, 0x00, 0x00, 0x3C, 0x00, 0x00, 0x01, 0xE0, 0x00, 0x00, 0x0F, 0x00, 0x00, 0x00,
    0x78, 0x00, 0x00, 0x03, 0xC0, 0x00, 0x00, 0x1E, 0x00, 0x00, 0x00, 0xFF, 0xFF, 0xF8, 0x07, 0xFF,
    0xFF, 0xC0, 0x3F, 0xFF, 0xFE, 0x00, 0x01, 0xE0, 0x00, 0x00, 0x0F, 0x00, 0x00, 0x00, 0x78, 0x00,
    0x00, 0x03, 0xC0, 0x00, 0x00, 0x1E, 0x00, 0x00, 0x00, 0xF0, 0x00, 0x00, 0x07, 0x80, 0x03, 0xFF,
    0xFF, 0xFF, 0xDF, 0xFF, 0xFF, 0xFE, 0x7F, 0xFF, 0xFF, 0xF0, 0x0F, 0xFF, 0xFF, 0x80, 0x7F, 0xFF,
    0xFC, 0x03, 0xFF, 0xFF, 0xE0, 0x1E, 0x00, 0x00, 0x00, 0xF0, 0x00, 0x00, 0x07, 0x80, 0x00, 0x00,
    0x3C, 0x00, 0x00, 0x01, 0xE0, 0x00, 0x00, 0x0F, 0xFF, 0xFF, 0x80, 0x7F, 0xFF, 0xFC, 0x03, 0xFF,
    0xFF, 0xE0, 0x00, 0x1E, 0x00, 0x00, 0x00, 0xF0, 0x00, 0x00, 0x07, 0x80, 0x03, 0xFF, 0xFF, 0xFF,
    0xDF, 0xFF, 0xFF, 0xFE, 0xFF, 0xFF, 0xFF, 0xF0, 0x00, 0x00, 0x00, 0x00, 0x00, 0x00, 0x00, 0x1F,
    0xFF, 0xFF, 0x01, 0xFF, 0xFF, 0xF8, 0x0F, 0xFF, 0xFF, 0xC0, 0x00, 0x00, 0x1E, 0x00, 0x00, 0x00,
    0xF0, 0x00, 0x00, 0x07, 0x80, 0x00, 0x00, 0x3C, 0x00, 0x00, 0x01, 0xE0, 0x00, 0x00, 0x0F, 0x00,
    0x00, 0x00, 0x78, 0x00, 0x00, 0x03, 0xC0, 0x0F, 0xFF, 0xFF, 0x00, 0x7F, 0xFF, 0xFC, 0x03, 0xFF,
    0xFF, 0xE0, 0x1E, 0x00, 0x00, 0x00, 0xF0, 0x00, 0x00, 0x07, 0x80, 0x00, 0x00, 0x3C, 0x00, 0x00,
    0x01, 0xFF, 0xFF, 0xF0, 0x0F, 0xFF, 0xFF, 0x80, 0x7F, 0xFF, 0xF8, 0x00, 0x03, 0xC0, 0x00, 0x00,
    0x1E, 0x00, 0x0F, 0xFF, 0xFF, 0xFF, 0x7F, 0xFF, 0xFF, 0xFB, 0xFF, 0xFF, 0xFF, 0xC0, 0x00, 0x00,
    0x00, 0x00, 0x00, 0x00, 0x00, 0x7F, 0xFF, 0xFC, 0x03, 0xFF, 0xFF, 0xE0, 0x1F, 0xFF, 0xFF, 0x00,
    0x00, 0x00, 0x78, 0x00, 0x00, 0x03, 0xC0, 0x3F, 0xFF, 0xFE, 0x01, 0xFF, 0xFF, 0xF0, 0x0F, 0xFF,
    0xFF, 0x00, 0x70, 0x00, 0x00, 0x03, 0x80, 0x00, 0x00, 0x1F, 0xFF, 0xFF, 0x80, 0xFF, 0xFF, 0xFC,
    0x07, 0xFF, 0xFF, 0xE0, 0x0F, 0xFF, 0xFF, 0x80, 0x7F, 0xFF, 0xFC, 0x03, 0xFF, 0xFF, 0xE0, 0x1E,
    0x00, 0x00, 0x00, 0xF0, 0x00, 0x00, 0x07, 0x80, 0x00, 0x00, 0x3C, 0x00, 0x00, 0x01, 0xFF, 0xFF,
    0xF0, 0x0F, 0xFF, 0xFF, 0x80, 0x7F, 0xFF, 0xFC, 0x00, 0x03, 0xC0, 0x00, 0x00, 0x1E, 0x00, 0x00,
    0x00, 0xF0, 0x00, 0x7F, 0xFF, 0xFF, 0xFB, 0xFF, 0xFF, 0xFF, 0xCF, 0xFF, 0xFF, 0xFE, 0x00, 0x00,
    0x00, 0x00, 0x00, 0x00, 0x00, 0x00, 0x1F, 0xFC, 0x00, 0x07, 0xFF, 0xF8, 0x00, 0x7F, 0xFF, 0xF0,
    0x07, 0xE0, 0x0F, 0x80, 0x3C, 0x00, 0x1E, 0x01, 0xC0, 0x00, 0xF0, 0x0F, 0x00, 0x07, 0x80, 0x7E,
    0x00, 0xF8, 0x01, 0xFF, 0xFF, 0xC0, 0x07, 0xFF, 0xF8, 0x00, 0x07, 0xFF, 0x00, 0x00, 0x00, 0x00,
    0x03, 0x80, 0x00, 0x00, 0xF0, 0x00, 0x00, 0x3C, 0x7F, 0xFF, 0x8F, 0x1F, 0xFF, 0xE3, 0xC7, 0xFF,
    0xF8, 0xF1, 0xC0, 0x00, 0x3C, 0x70, 0x00, 0x0F, 0x1C, 0x00, 0x03, 0xC7, 0x00, 0x00, 0xF1, 0xC0,
    0x00, 0x3C, 0x70, 0x00, 0x0F, 0x1C, 0x00, 0x03, 0xC7, 0xFF, 0xF8, 0xF1, 0xFF, 0xFE, 0x3C, 0x7F,
    0xFF, 0x8F, 0x00, 0x78, 0x03, 0xC0, 0x1E, 0x00, 0xF0, 0x07, 0x80, 0x3C, 0x01, 0xE0, 0x0F, 0x00,
    0x78, 0x03, 0xDF, 0xFF, 0xFE, 0xF7, 0xFF, 0xFF, 0xBD, 0xFF, 0xFF, 0xCF, 0x3C, 0x00, 0x03, 0xC0,
    0x00, 0x00, 0xF0, 0x00, 0x00, 0x3C, 0x00, 0x00, 0x0F, 0x00, 0x00, 0x03, 0xC0, 0x00, 0x00, 0xF0,
    0x00, 0x00, 0x3C, 0x00, 0x00, 0x03, 0xC0, 0x00, 0x00, 0x78, 0x7F, 0xFF, 0x0F, 0x0F, 0xFF, 0xE1,
    0xE1, 0xFF, 0xFC, 0x3C, 0x3C, 0x00, 0x07, 0x87, 0x80, 0x00, 0xF0, 0xF0, 0x00, 0x1E, 0x1E, 0x00,
    0x03, 0xC3, 0xC0, 0x00, 0x78, 0x7F, 0xFF, 0x0F, 0x0F, 0xFF, 0xE1, 0xE0, 0xFF, 0xFC, 0x3C, 0x00,
    0xF0, 0x07, 0x80, 0x1E, 0x00, 0xF0, 0x03, 0xC0, 0x1E, 0x1F, 0xFF, 0xF3, 0xCF, 0xFF, 0xFF, 0x79,
    0xFF, 0xFF, 0xCF, 0x1F, 0x80, 0x01, 0xE0, 0x00, 0x00, 0x3C, 0x07, 0x00, 0x07, 0x80, 0xE0, 0x00,
    0xF0, 0x1C, 0x00, 0x00, 0x03, 0x80, 0x00, 0x00, 0x70, 0x00, 0x00, 0x0E, 0x00, 0x00, 0x01, 0xFF,
    0xFF, 0xF0, 0x3F, 0xFF, 0xFE, 0x07, 0xFF, 0xFF, 0xC0, 0xFF, 0xFF, 0xF8, 0x00, 0x00, 0x01, 0xC0,
    0x00, 0x00, 0xF1, 0xFF, 0xFC, 0x3C, 0x7F, 0xFF, 0x0F, 0x1F, 0xFF, 0xC3, 0xC7, 0x80, 0x00, 0xF1,
    0xE0, 0x00, 0x3C, 0x78, 0x00, 0x0F, 0x1E, 0x00, 0x03, 0xC7, 0xFF, 0xF0, 0xF1, 0xFF, 0xFC, 0x3C,
    0x7F, 0xFF, 0x0F, 0x00, 0x78, 0x03, 0xC0, 0x1E, 0x00, 0xF0, 0x07, 0x8F, 0x3D, 0xFF, 0xFF, 0xEF,
    0x7F, 0xFF, 0xF3, 0xDF, 0xFF, 0x00, 0xF0, 0x00, 0x00, 0x3C, 0x00, 0x00, 0x00, 0x03, 0xFF, 0xFF,
    0xC0, 0xFF, 0xFF, 0xF0, 0x3F, 0xFF, 0xFC, 0x0E, 0x00, 0x0F, 0x03, 0x80, 0x03, 0xC0, 0xE0, 0x00,
    0xF0, 0x38, 0x00, 0x3C, 0x0E, 0x00, 0x0F, 0x03, 0xFF, 0xFF, 0xC0, 0xFF, 0xFF, 0xF0, 0x3F, 0xFF,
    0xFC, 0x00, 0x00, 0x01, 0xC0, 0x00, 0x00, 0xF1, 0xFF, 0xFC, 0x3C, 0x7F, 0xFF, 0x0F, 0x1F, 0xFF,
    0xC3, 0xC7, 0x80, 0x00, 0xF1, 0xE0, 0x00, 0x3C, 0x78, 0x00, 0x0F, 0x1E, 0x00, 0x03, 0xC7, 0xFF,
    0xF0, 0xF1, 0xFF, 0xFC, 0x3C, 0x3F, 0xFF, 0x0F, 0x00, 0x78, 0x03, 0xC0, 0x1E, 0x00, 0xF7, 0xFF,
    0xFF, 0x3D, 0xFF, 0xFF, 0xEF, 0x7F, 0xFF, 0xC3, 0xC0, 0x00, 0x00, 0xF0, 0x00, 0x00, 0x00, 0x00,
    0x00, 0x00, 0x03, 0x80, 0x03, 0xC0, 0xE0, 0x00, 0xF0, 0x3F, 0xFF, 0xFC, 0x0F, 0xFF, 0xFF, 0x03,
    0xFF, 0xFF, 0xC0, 0xE0, 0x00, 0xF0, 0x38, 0x00, 0x3C, 0x0E, 0x00, 0x0F, 0x03, 0xFF, 0xFF, 0xC0,
    0xFF, 0xFF, 0xF0, 0x3F, 0xFF, 0xFC, 0x0F, 0xFF, 0xFF, 0x80, 0x7F, 0xFF, 0xFC, 0x03, 0xFF, 0xFF,
    0xC0, 0x1E, 0x00, 0x00, 0x00, 0xF0, 0x00, 0x00, 0x07, 0x80, 0x00, 0x00, 0x3C, 0x00, 0x00, 0x01,
    0xE0, 0x00, 0x00, 0x0F, 0x00, 0x00, 0x00, 0x78, 0x00, 0x00, 0x03, 0xFF, 0xFF, 0xE0, 0x1F, 0xFF,
    0xFF, 0x00, 0xFF, 0xFF, 0xF0, 0x00, 0x00, 0x00, 0x00, 0x00, 0x00, 0x00, 0x1F, 0xFF, 0xFF, 0xFE,
    0xFF, 0xFF, 0xFF, 0xF7, 0xFF, 0xFF, 0xFF, 0x80, 0x03, 0xC0, 0x00, 0x00, 0x1E, 0x00, 0x00, 0x00,
    0xF0, 0x00, 0x00, 0x07, 0x80, 0x00, 0x00, 0x3C, 0x00, 0x00, 0x01, 0xE0, 0x00, 0x00, 0x0F, 0x00,
    0x00, 0x00, 0x78, 0x00, 0x00, 0x03, 0xC0, 0x00, 0x00, 0x1E, 0x00, 0x00, 0x00, 0xF0, 0x00, 0x00,
    0x0F, 0xFF, 0xFF, 0x80, 0xFF, 0xFF, 0xF8, 0x0F, 0xFF, 0xFF, 0x80, 0xF0, 0x00, 0x00, 0x0F, 0x00,
    0x00, 0x00, 0xF0, 0x00, 0x00, 0x0F, 0x00, 0x00, 0x00, 0xFF, 0xFF, 0xF8, 0x0F, 0xFF, 0xFF, 0x80,
    0xFF, 0xFF, 0xF8, 0x00, 0x00, 0x00, 0x00, 0x00, 0x00, 0x00, 0x7F, 0xFF, 0xFF, 0xFF, 0xFF, 0xFF,
    0xFF, 0xFF, 0xFF, 0xFF, 0xF0, 0x00, 0xF0, 0x00, 0x00, 0x0F, 0x00, 0x00, 0x00, 0xF0, 0x00, 0x0E,
    0x0F, 0x07, 0x00, 0xF0, 0x00, 0x78, 0x0F, 0x00, 0x07, 0x80, 0xFF, 0xFF, 0xF8, 0x0F, 0xFF, 0xFF,
    0x80, 0xFF, 0xFF, 0xF8, 0x0F, 0x00, 0x07, 0x80, 0xF0, 0x00, 0x78, 0x0F, 0x00, 0x07, 0x80, 0xFF,
    0xFF, 0xF8, 0x0F, 0xFF, 0xFF, 0x80, 0xFF, 0xFF, 0xF8, 0x00, 0x00, 0x03, 0x80, 0x00, 0x00, 0xF1,
    0xFF, 0xFC, 0x3C, 0x7F, 0xFF, 0x0F, 0x1F, 0xFF, 0xC3, 0xC7, 0x80, 0x00, 0xF1, 0xE0, 0x00, 0x3C,
    0x78, 0x00, 0x0F, 0x1E, 0x00, 0x03, 0xC7, 0x80, 0x00, 0xF1, 0xFF, 0xFC, 0x3C, 0x7F, 0xFF, 0x0F,
    0x1F, 0xFF, 0xC3, 0xC0, 0x00, 0x00, 0xF0, 0x00, 0x00, 0x3C, 0x00, 0x00, 0x0F, 0xFF, 0xFF, 0xF3,
    0xFF, 0xFF, 0xFC, 0xFF, 0xFF, 0xFE, 0x3C, 0x03, 0xC0, 0x0F, 0x00, 0xF0, 0x03, 0xC0, 0x3C, 0x00,
    0xF0, 0x0F, 0x00, 0x3C, 0x03, 0xC0, 0x0F, 0x00, 0xF0, 0x03, 0xC0, 0x3C, 0x00, 0xF0, 0x0F, 0x00,
    0x3C, 0x03, 0xC0, 0x0F, 0x00, 0xF0, 0x03, 0xC0, 0x1C, 0x00, 0xF0, 0x00, 0x00, 0x3C, 0x0F, 0xFF,
    0xFF, 0x80, 0xFF, 0xFF, 0xF8, 0x0F, 0xFF, 0xFF, 0x80, 0xE0, 0x00, 0x00, 0x0E, 0x00, 0x00, 0x00,
    0xE0, 0x00, 0x00, 0x0E, 0x00, 0x00, 0x00, 0xE0, 0x00, 0x00, 0x0E, 0x00, 0x00, 0x00, 0xE0, 0x00,
    0x00, 0x0E, 0x00, 0x00, 0x00, 0xE0, 0x00, 0x00, 0x0F, 0xFF, 0xFF, 0x80, 0xFF, 0xFF, 0xF8, 0x0F,
    0xFF, 0xFF, 0x80, 0x00, 0x00, 0x00, 0x00, 0x00, 0x00, 0x00, 0x00, 0x00, 0x00, 0x00, 0x00, 0x00,
    0x00, 0x00, 0x00, 0x00, 0x00, 0x00, 0x00, 0x0F, 0xFF, 0xFF, 0xFF, 0xFF, 0xFF, 0xFF, 0xFF, 0xFF,
    0xFF, 0xFF, 0x0F, 0xFF, 0xFF, 0x80, 0xFF, 0xFF, 0xF8, 0x0F, 0xFF, 0xFF, 0x80, 0xE0, 0x00, 0x00,
    0x0E, 0x00, 0x00, 0x00, 0xE0, 0x00, 0x00, 0x0E, 0x00, 0x00, 0x00, 0xE0, 0x00, 0x00, 0x0E, 0x00,
    0x00, 0x00, 0xFF, 0xFF, 0xF8, 0x0F, 0xFF, 0xFF, 0x80, 0xFF, 0xFF, 0xF8, 0x00, 0x00, 0x00, 0x00,
    0x00, 0x00, 0x00, 0xFF, 0xFF, 0xFF, 0xFF, 0xFF, 0xFF, 0xFF, 0xFF, 0xFF, 0xFF, 0xF0, 0x00, 0x00,
    0x00, 0x00, 0x00, 0x00, 0x00, 0x00, 0x00, 0x00, 0x0E, 0x00, 0x00, 0x00, 0xE0, 0x00, 0x00, 0x0E,
    0x00, 0x00, 0x00, 0xE0, 0x00, 0x00, 0x0E, 0x00, 0x00, 0x00, 0xE0, 0x00, 0x00, 0x0F, 0xFF, 0xFF,
    0x80, 0xFF, 0xFF, 0xF8, 0x0F, 0xFF, 0xFF, 0x80, 0xFF, 0xFF, 0xF8, 0x00, 0x00, 0x0E, 0x00, 0x00,
    0x0F, 0x00, 0x00, 0x0F, 0xFF, 0xFE, 0x0F, 0xFF, 0xFE, 0x0F, 0xFF, 0xFE, 0x0F, 0xF0, 0x00, 0x0F,
    0xF0, 0x00, 0x0F, 0xF0, 0x00, 0x0F, 0xF0, 0x00, 0x0F, 0xF0, 0x00, 0x0F, 0xF0, 0x00, 0x0F, 0xF0,
    0x00, 0x0F, 0xF0, 0x00, 0x0F, 0xF0, 0x00, 0x0F, 0xF0, 0x00, 0x0F, 0xF0, 0x00, 0x0F, 0xF0, 0x00,
    0x0F, 0xF0, 0x00, 0x0F, 0xF0, 0x07, 0x8F, 0xFF, 0xFF, 0xCF, 0xFF, 0xFF, 0xCF, 0xFF, 0xFE, 0x0F,
    0x00, 0x00, 0x0F, 0x00, 0x00, 0x0F, 0x00, 0x00, 0x0F, 0x00, 0x00, 0x0F, 0x00, 0x00, 0x0F, 0x00,
    0x00, 0x0F, 0x00, 0x00, 0x0F, 0x00, 0x00, 0x0F, 0x00, 0x00, 0x07, 0x00, 0x00, 0x07, 0x80, 0x00,
    0x03, 0xDF, 0xFF, 0xC1, 0xEF, 0xFF, 0xE0, 0xF7, 0xFF, 0xF0, 0x7B, 0xC0, 0x00, 0x3D, 0xE0, 0x00,
    0x1E, 0xF0, 0x00, 0x0F, 0x78, 0x00, 0x07, 0xBC, 0x00, 0x03, 0xDE, 0x00, 0x01, 0xEF, 0x00, 0x00,
    0xF7, 0xFF, 0xFE, 0x7B, 0xFF, 0xFF, 0x3D, 0xFF, 0xFF, 0x1E, 0x00, 0x00, 0x0F, 0x00, 0x00, 0x07,
    0x80, 0x00, 0x03, 0xC0, 0x0F, 0xFC, 0x00, 0x3F, 0xFF, 0x80, 0x3F, 0xFF, 0xF0, 0x3E, 0x00, 0xFC,
    0x3E, 0x00, 0x1E, 0x1E, 0x00, 0x0F, 0x0F, 0x00, 0x07, 0x87, 0xC0, 0x03, 0xC1, 0xF0, 0x07, 0xE0,
    0x7F, 0xFF, 0xE0, 0x1F, 0xFF, 0xC0, 0x03, 0xFF, 0x80, 0x00, 0x00, 0x63, 0x80, 0x00, 0x38, 0xE0,
    0x00, 0x0E, 0x38, 0x00, 0x03, 0x8E, 0xFE, 0xFE, 0xE3, 0xBF, 0xBF, 0xB8, 0xEF, 0xEF, 0xEE, 0x3B,
    0x83, 0x83, 0x8E, 0xE0, 0xE0, 0xE3, 0xB8, 0x38, 0x38, 0xEE, 0x0E, 0x0E, 0x3B, 0x83, 0x83, 0x8E,
    0xE0, 0xE0, 0xFF, 0xB8, 0x38, 0x3F, 0xEE, 0x0E, 0x0F, 0xFB, 0x83, 0x83, 0x8E, 0xE0, 0xE0, 0xE3,
    0xB8, 0x38, 0x38, 0xEE, 0x0E, 0x0E, 0x3B, 0x83, 0x8B, 0x8E, 0xFE, 0xFE, 0xE3, 0xBF, 0xBF, 0xB8,
    0xEF, 0xEF, 0xEE, 0x38, 0x00, 0x03, 0x8E, 0x00, 0x00, 0xE3, 0x80, 0x00, 0x38, 0xE0, 0x00, 0x0E,
    0x38, 0x00, 0x03, 0x8E, 0x00, 0x00, 0xE3, 0x80, 0x00, 0x00, 0xE0, 0x00, 0x00, 0x38, 0x1F, 0xF9,
    0xFF, 0xC0, 0xFF, 0xCF, 0xFE, 0x07, 0xFE, 0x7F, 0xF0, 0x38, 0x03, 0xC0, 0x01, 0xC0, 0x1E, 0x00,
    0x0E, 0x00, 0xF0, 0x00, 0x70, 0x07, 0x80, 0x03, 0x80, 0x3C, 0x00, 0x1C, 0x01, 0xE0, 0x00, 0xE0,
    0x0F, 0x00, 0x07, 0x8F, 0x78, 0x00, 0x3F, 0xFB, 0xFF, 0x81, 0xFF, 0xDF, 0xFC, 0x0F, 0xF0, 0xFF,
    0xE0, 0x00, 0x00, 0x00, 0x00, 0x01, 0xE0, 0x00, 0x00, 0x0F, 0x00, 0x00, 0x00, 0x78, 0x00, 0x00,
    0x03, 0xC0, 0x00, 0x00, 0x1E, 0x00, 0x00, 0x00, 0xF0, 0x00, 0x7F, 0xFF, 0xFF, 0xFB, 0xFF, 0xFF,
    0xFF, 0xCF, 0xFF, 0xFF, 0xFE, 0x00, 0x00, 0x01, 0xC0, 0x00, 0x00, 0xF3, 0xFD, 0xFF, 0x3C, 0xFF,
    0x7F, 0xCF, 0x3F, 0xDF, 0xF3, 0xCF, 0x07, 0x80, 0xF3, 0xC1, 0xE0, 0x3C, 0xF0, 0x78, 0x0F, 0x3C,
    0x1E, 0x03, 0xCF, 0x07, 0x80, 0xF3, 0xCD, 0xE0, 0x3C, 0xFF, 0x7F, 0xCF, 0x3F, 0xFF, 0xF3, 0xCF,
    0xC3, 0xFC, 0xF0, 0x00, 0x00, 0x3C, 0x00, 0x00, 0x0F, 0x00, 0x01, 0xFB, 0xFF, 0xFF, 0xFE, 0xFF,
    0xFF, 0xFF, 0xBD, 0xFF, 0xF8, 0x0F, 0x00, 0x78, 0x03, 0xC0, 0x1E, 0x00, 0xF0, 0x07, 0x80, 0x3C,
    0x01, 0xE0, 0x0F, 0x00, 0x78, 0x03, 0xC0, 0x1E, 0x00, 0xF0, 0x07, 0x80, 0x3C, 0x01, 0xE0, 0x0F,
    0x00, 0x78, 0x03, 0xC0, 0x1E, 0x00, 0xF0, 0x00, 0x00, 0x3C, 0x00, 0x00, 0x1E, 0x00, 0x00, 0x01,
    0xE0, 0x00, 0x00, 0x1E, 0x07, 0xFF, 0xE1, 0xE0, 0x7F, 0xFE, 0x1E, 0x07, 0xFF, 0xE1, 0xE0, 0x00,
    0x1E, 0x1E, 0x00, 0x01, 0xE1, 0xE0, 0x00, 0x1E, 0x1E, 0x00, 0x01, 0xE1, 0xE0, 0x00, 0x1E, 0x1E,
    0x07, 0xFF, 0xE1, 0xE0, 0x7F, 0xFE, 0x1F, 0xF7, 0xFF, 0xE1, 0xFF, 0x78, 0x00, 0x1F, 0xF7, 0x00,
    0x01, 0xE0, 0x70, 0x00, 0x1E, 0x07, 0x00, 0x01, 0xE0, 0x70, 0x00, 0x1E, 0x07, 0x00, 0x01, 0xE0,
    0x70, 0x0F, 0x9E, 0x07, 0xFF, 0xF9, 0xE0, 0x7F, 0xFF, 0x9E, 0x07, 0xFF, 0x81, 0xE0, 0x00, 0x00,
    0x1E, 0x00, 0x00, 0x01, 0xE0, 0x00, 0x00, 0x1E, 0x00, 0x00, 0x01, 0xE0, 0x00, 0x00, 0x1E, 0x00,
    0x00, 0x01, 0xE0, 0x00, 0x00, 0x1E, 0x00, 0x00, 0x00, 0x0E, 0x00, 0x00, 0x00, 0xE0, 0x7F, 0xFE,
    0x0E, 0x07, 0xFF, 0xE0, 0xE0, 0x7F, 0xFE, 0x0E, 0x00, 0x01, 0xE0, 0xE0, 0x00, 0x1E, 0x0E, 0x00,
    0x01, 0xE0, 0xF0, 0x7F, 0xFE, 0x0F, 0xF7, 0xFF, 0xE0, 0xFF, 0x7F, 0xFE, 0x0F, 0xF7, 0x00, 0x00,
    0xE0, 0x70, 0x00, 0x0E, 0x07, 0x00, 0x00, 0xE0, 0x7F, 0xFF, 0x8E, 0x07, 0xFF, 0xFC, 0xE0, 0x7F,
    0xFF, 0x8E, 0x07, 0xF8, 0x00, 0xE0, 0x00, 0x00, 0x0E, 0x00, 0x00, 0x00, 0x00, 0x1F, 0xFF, 0xFE,
    0x01, 0xFF, 0xFF, 0xE0, 0x1F, 0xFF, 0xFE, 0x00, 0x00, 0x00, 0xE0, 0x00, 0x00, 0x0E, 0x00, 0x00,
    0x00, 0xE0, 0x00, 0x00, 0x0E, 0x00, 0x00, 0x00, 0xE0, 0x00, 0x00, 0x0E, 0x00, 0x00, 0x00, 0xE0,
    0x00, 0x00, 0x0E, 0x00, 0x00, 0x00, 0x0E, 0x00, 0x00, 0x00, 0xE0, 0x7F, 0xFE, 0x0E, 0x07, 0xFF,
    0xE0, 0xE0, 0x7F, 0xFE, 0x0E, 0x00, 0x01, 0xE0, 0xE0, 0x00, 0x1E, 0x0E, 0x00, 0x01, 0xE0, 0xE0,
    0x7F, 0xFE, 0x0F, 0xF7, 0xFF, 0xE0, 0xFF, 0x7F, 0xFE, 0x0F, 0xF7, 0x00, 0x00, 0xE0, 0x70, 0x00,
    0x0E, 0x07, 0x00, 0x38, 0xE0, 0x7F, 0xFF, 0xCE, 0x07, 0xFF, 0xFC, 0xE0, 0x7F, 0xFE, 0x0E, 0x00,
    0x00, 0x00, 0xE0, 0x00, 0x00, 0x0E, 0x00, 0x00, 0x00, 0x00, 0x0F, 0xFF, 0xFE, 0x00, 0xFF, 0xFF,
    0xE0, 0x0F, 0xFF, 0xFE, 0x00, 0xE0, 0x00, 0xE0, 0x0E, 0x00, 0x0E, 0x00, 0xE0, 0x00, 0xE0, 0x0E,
    0x00, 0x0E, 0x00, 0xE0, 0x00, 0xE0, 0x0F, 0xFF, 0xFE, 0x00, 0xFF, 0xFF, 0xE0, 0x0F, 0xFF, 0xFE,
    0x00, 0x00, 0x00, 0x03, 0xC0, 0x00, 0x38, 0xF0, 0x00, 0x0E, 0x3D, 0xFF, 0xC3, 0x8F, 0xFF, 0xF0,
    0xE3, 0xFF, 0xFC, 0x38, 0xF0, 0x07, 0x0E, 0x3C, 0x01, 0xC3, 0x8F, 0x00, 0x70, 0xE3, 0xC0, 0x1C,
    0x38, 0xF0, 0x07, 0x0E, 0x3C, 0x03, 0xC3, 0x8F, 0x7F, 0xF0, 0xFF, 0xDF, 0xFC, 0x3F, 0xF7, 0xFF,
    0x0F, 0xFD, 0xC0, 0x03, 0x8F, 0x70, 0x00, 0xE3, 0xDC, 0x00, 0x38, 0xF7, 0x00, 0x0E, 0x3D, 0xC0,
    0x03, 0x8F, 0x70, 0x1C, 0xE3, 0xFF, 0xFF, 0x38, 0xF7, 0xFF, 0xCE, 0x3D, 0xFF, 0xC3, 0x8F, 0x00,
    0x00, 0xE3, 0xC0, 0x00, 0x38, 0xF0, 0x00, 0x0E, 0x3C, 0x00, 0x03, 0x8F, 0x00, 0x00, 0xE3, 0xC0,
    0x00, 0x00, 0xF0, 0x00, 0x00, 0x3C, 0x00, 0x00, 0x03, 0x00, 0x00, 0x03, 0xC0, 0x00, 0x01, 0xFF,
    0xFF, 0x80, 0xFF, 0xFF, 0xC0, 0x7B, 0xFF, 0xE0, 0x3C, 0x00, 0x70, 0x1E, 0x00, 0x38, 0x0F, 0x00,
    0x1C, 0x07, 0x80, 0x0E, 0x03, 0xC0, 0x07, 0x01, 0xEF, 0xFF, 0x80, 0xF7, 0xFF, 0xCF, 0xFB, 0xFF,
    0xE7, 0xFD, 0xFF, 0xF3, 0xFE, 0xE0, 0x00, 0x0F, 0x70, 0x00, 0x07, 0xB8, 0x00, 0x03, 0xDC, 0x00,
    0x01, 0xEE, 0x00, 0x00, 0xF7, 0x00, 0x78, 0x7F, 0xFF, 0xFC, 0x3D, 0xFF, 0xFE, 0x1E, 0xFF, 0xF8,
    0x0F, 0x00, 0x00, 0x07, 0x80, 0x00, 0x03, 0xC0, 0x00, 0x01, 0xE0, 0x00, 0x00, 0xF0, 0x00, 0x00,
    0x78, 0x00, 0x00, 0x3C, 0x00, 0x00, 0x1E, 0x00, 0x00, 0x03, 0x80, 0x00, 0x38, 0xE0, 0x00, 0x0E,
    0x39, 0xFF, 0x83, 0x8E, 0xFF, 0xF0, 0xE3, 0xBF, 0xFC, 0x38, 0xE0, 0x0F, 0x0E, 0x38, 0x03, 0xC3,
    0x8E, 0x00, 0xF0, 0xE3, 0x80, 0x3C, 0x38, 0xE0, 0x0F, 0x0E, 0x38, 0x03, 0xFF, 0x8E, 0x7F, 0xFF,
    0xE3, 0x9F, 0xFF, 0xF8, 0xE7, 0xFE, 0x0E, 0x39, 0xC0, 0x03, 0x8E, 0x70, 0x00, 0xE3, 0x9C, 0x00,
    0x38, 0xE7, 0x00, 0x0E, 0x39, 0xC0, 0x03, 0x8E, 0x70, 0x3C, 0xE3, 0xBF, 0xFF, 0x38, 0xE7, 0xFF,
    0xCE, 0x39, 0xFF, 0x83, 0x8E, 0x00, 0x00, 0xE3, 0x80, 0x00, 0x38, 0xE0, 0x00, 0x0E, 0x38, 0x00,
    0x03, 0x8E, 0x00, 0x00, 0xE3, 0x80, 0x00, 0x00, 0xE0, 0x00, 0x00, 0x38, 0x00, 0x00, 0x07, 0x80,
    0x00, 0x03, 0xC0, 0x00, 0x01, 0xFF, 0xFF, 0x80, 0xFF, 0xFF, 0xC0, 0x7B, 0xFF, 0xE0, 0x3C, 0x00,
    0xF0, 0x1E, 0x00, 0x79, 0xFF, 0x00, 0x3C, 0xFF, 0x80, 0x1E, 0x7F, 0xC0, 0x0F, 0x01, 0xEF, 0xFF,
    0x80, 0xF7, 0xFF, 0xC0, 0x7B, 0xFF, 0xE0, 0x3D, 0xC0, 0x00, 0x1E, 0xE0, 0x03, 0xFF, 0x70, 0x01,
    0xFF, 0xB8, 0x00, 0xFF, 0xDC, 0x00, 0x01, 0xEE, 0x00, 0x00, 0xF7, 0x00, 0xF0, 0x7F, 0xFF, 0xF8,
    0x3D, 0xFF, 0xFC, 0x1E, 0xFF, 0xF8, 0x0F, 0x00, 0x00, 0x07, 0x80, 0x00, 0x03, 0xC0, 0x00, 0x01,
    0xE0, 0x00, 0x00, 0xF0, 0x00, 0x00, 0x78, 0x00, 0x00, 0x3C, 0x00, 0x00, 0x1E, 0x00, 0x00, 0x03,
    0x00, 0x00, 0x03, 0xDF, 0xFF, 0x01, 0xEF, 0xFF, 0x80, 0xF7, 0xFF, 0xC0, 0x78, 0x01, 0xE7, 0xFC,
    0x00, 0xF3, 0xFE, 0x00, 0x79, 0xFF, 0x00, 0x3C, 0x07, 0xBF, 0xFE, 0x03, 0xDF, 0xFF, 0x01, 0xEE,
    0x00, 0x1F, 0xF7, 0x00, 0x0F, 0xFB, 0x80, 0x07, 0xFD, 0xC0, 0x08, 0x1E, 0xFF, 0xFE, 0x0F, 0x7F,
    0xFF, 0x07, 0xBF, 0xFF, 0x03, 0xC0, 0x00, 0x01, 0xE0, 0x00, 0x00, 0x00, 0xFF, 0xFF, 0xF8, 0x7F,
    0xFF, 0xFC, 0x3F, 0xFF, 0xFE, 0x00, 0x00, 0x0F, 0x00, 0x00, 0x07, 0x80, 0x00, 0x03, 0xC0, 0x00,
    0x01, 0xE0, 0x00, 0x00, 0xF0, 0x00, 0x00, 0x78, 0x00, 0x00, 0x3C, 0x00, 0x00, 0x1E, 0x00, 0x00,
    0x07, 0x80, 0x00, 0x01, 0xE7, 0xFF, 0xC0, 0x79, 0xFF, 0xF0, 0x1E, 0x7F, 0xFC, 0xFF, 0x80, 0x0F,
    0x3F, 0xE0, 0x03, 0xCF, 0xF9, 0xFF, 0xF0, 0x1E, 0x7F, 0xFC, 0x07, 0x9F, 0xFF, 0x3F, 0xE7, 0x00,
    0x0F, 0xF9, 0xC0, 0x03, 0xFE, 0x70, 0x1F, 0x07, 0x9F, 0xFF, 0xC1, 0xE7, 0xFF, 0xF0, 0x79, 0xFF,
    0x00, 0x1E, 0x00, 0x00, 0x00, 0x01, 0xFF, 0xFF, 0xE0, 0x7F, 0xFF, 0xF8, 0x1F, 0xFF, 0xFE, 0x00,
    0x00, 0x07, 0x80, 0x00, 0x01, 0xE0, 0x00, 0x00, 0x78, 0x1F, 0xFF, 0xFE, 0x07, 0xFF, 0xFF, 0x81,
    0xE0, 0x00, 0x00, 0x70, 0x00, 0x00, 0x1E, 0x00, 0x00, 0x07, 0xFF, 0xFF, 0xC1, 0xFF, 0xFF, 0xF0,
    0x7F, 0xFF, 0xFC, 0x00, 0x00, 0x07, 0xBF, 0xFE, 0x03, 0xDF, 0xFF, 0x01, 0xEF, 0xFF, 0x80, 0xF7,
    0xFF, 0xCF, 0xF8, 0x01, 0xE7, 0xFC, 0x00, 0xF3, 0xFE, 0x00, 0x78, 0x0F, 0x7F, 0xFC, 0x07, 0xBF,
    0xFE, 0x03, 0xDE, 0x00, 0x3F, 0xEE, 0x00, 0x1F, 0xF7, 0x00, 0x0F, 0xFB, 0x80, 0x30, 0x3D, 0xFF,
    0xFC, 0x1E, 0xFF, 0xFE, 0x0F, 0x7F, 0xFC, 0x07, 0x80, 0x00, 0x01, 0x80, 0x00, 0x00, 0x00, 0xE0,
    0x00, 0xF0, 0x70, 0x00, 0x78, 0x38, 0x00, 0x3C, 0x1F, 0xFF, 0xFE, 0x0F, 0xFF, 0xFF, 0x07, 0xFF,
    0xFF, 0x83, 0x80, 0x03, 0xC1, 0xC0, 0x01, 0xE0, 0xE0, 0x00, 0xF0, 0x7F, 0xFF, 0xF8, 0x3F, 0xFF,
    0xFC, 0x1F, 0xFF, 0xFE, 0x00, 0x00, 0x07, 0x87, 0xFF, 0xC0, 0x78, 0x7F, 0xFC, 0x07, 0x87, 0xFF,
    0xC0, 0x78, 0x7F, 0xFC, 0xFF, 0x80, 0x01, 0xCF, 0xF8, 0x00, 0x1C, 0xFF, 0x80, 0x01, 0xC0, 0x78,
    0x7F, 0xFC, 0x07, 0x87, 0xFF, 0xC0, 0x78, 0x7F, 0xFC, 0x07, 0x87, 0x00, 0x0F, 0xF8, 0x70, 0x00,
    0xFF, 0x87, 0x00, 0x0F, 0xF8, 0x70, 0x0F, 0x07, 0x87, 0xFF, 0xF0, 0x78, 0x7F, 0xFF, 0x07, 0x87,
    0xFF, 0x00, 0x78, 0x00, 0x00, 0x07, 0x80, 0x0C, 0x01, 0x80, 0x01, 0xE0, 0x3C, 0x00, 0x1E, 0x03,
    0xC0, 0x01, 0xE0, 0x3C, 0x00, 0x1E, 0x03, 0xC0, 0x03, 0xE0, 0x7E, 0x00, 0x7F, 0x07, 0xE0, 0x0F,
    0xF8, 0xFF, 0x01, 0xF3, 0xDE, 0x78, 0x7E, 0x3F, 0xC3, 0xE7, 0xC1, 0xF8, 0x1E, 0x30, 0x0F, 0x00,
    0xC0, 0x00, 0x00, 0x00, 0x0F, 0xFF, 0xFF, 0x80, 0x7F, 0xFF, 0xFC, 0x03, 0xFF, 0xFF, 0xE0, 0x00,
    0x00, 0x0F, 0x00, 0x00, 0x00, 0x78, 0x00, 0x00, 0x03, 0xC0, 0x00, 0x00, 0x1E, 0x01, 0xFF, 0xFF,
    0xF0, 0x0F, 0xFF, 0xFF, 0x80, 0x7F, 0xFF, 0xFC, 0x03, 0x80, 0x00, 0x00, 0x1C, 0x00, 0x00, 0x00,
    0xE0, 0x00, 0x00, 0x07, 0x00, 0x00, 0x00, 0x3F, 0xFF, 0xFF, 0x01, 0xFF, 0xFF, 0xF8, 0x0F, 0xFF,
    0xFF, 0xC0, 0x00, 0x78, 0x00, 0x00, 0x03, 0xC0, 0x00, 0x00, 0x1E, 0x00, 0x00, 0x00, 0xF0, 0x00,
    0x00, 0x07, 0x80, 0x03, 0xFF, 0xFF, 0xFF, 0xDF, 0xFF, 0xFF, 0xFE, 0xFF, 0xFF, 0xFF, 0xF0, 0x0F,
    0xFF, 0xFF, 0x80, 0x7F, 0xFF, 0xFC, 0x03, 0xFF, 0xFF, 0xE0, 0x00, 0x00, 0x0F, 0x00, 0x00, 0x00,
    0x78, 0x07, 0xFF, 0xFF, 0xC0, 0x3F, 0xFF, 0xFE, 0x01, 0xFF, 0xFF, 0xE0, 0x0F, 0x00, 0x00, 0x00,
    0x78, 0x00, 0x00, 0x03, 0xFF, 0xFF, 0xE0, 0x1F, 0xFF, 0xFF, 0x00, 0xFF, 0xFF, 0xF8, 0x00, 0x07,
    0x80, 0x00, 0x00, 0x3C, 0x00, 0x00, 0x01, 0xE0, 0x00, 0xFF, 0xFF, 0xFF, 0xF7, 0xFF, 0xFF, 0xFF,
    0x9F, 0xFF, 0xFF, 0xFC, 0x00, 0x00, 0x00, 0x00, 0x00, 0x00, 0x00, 0x0F, 0xFF, 0xFF, 0xC0, 0x7F,
    0xFF, 0xFE, 0x03, 0xFF, 0xFF, 0xF0, 0x00, 0x00, 0x07, 0x80, 0x00, 0x00, 0x3C, 0x00, 0x00, 0x01,
    0xE0, 0x00, 0x00, 0x0F, 0x00, 0x00, 0x00, 0x78, 0x00, 0x00, 0x03, 0xC0, 0x0F, 0xFF, 0xFF, 0x80,
    0x7F, 0xFF, 0xFC, 0x03, 0xFF, 0xFF, 0xE0, 0x00, 0x00, 0x0F, 0x00, 0x00, 0x00, 0x78, 0x00, 0x00,
    0x03, 0xC0, 0x00, 0x00, 0x1E, 0x01, 0xFF, 0xFF, 0xF0, 0x0F, 0xFF, 0xFF, 0x80, 0x7F, 0xFF, 0xFC,
    0x03, 0x80, 0x00, 0x00, 0x1C, 0x00, 0x00, 0x00, 0xE0, 0x00, 0x00, 0x07, 0x00, 0x00, 0x00, 0x3F,
    0xFF, 0xFF, 0x01, 0xFF, 0xFF, 0xF8, 0x0F, 0xFF, 0xFF, 0xC0, 0x07, 0x03, 0xC0, 0x00, 0x38, 0x1E,
    0x00, 0x01, 0xC0, 0xF0, 0x00, 0x0E, 0x07, 0x80, 0x00, 0x70, 0x3C, 0x03, 0xFF, 0xFF, 0xFF, 0xDF,
    0xFF, 0xFF, 0xFE, 0xFF, 0xFF, 0xFF, 0xF0, 0x0F, 0xFF, 0xFF, 0x80, 0x7F, 0xFF, 0xFC, 0x03, 0xFF,
    0xFF, 0xE0, 0x00, 0x00, 0x0F, 0x00, 0x00, 0x00, 0x78, 0x00, 0x00, 0x03, 0xC0, 0x3F, 0xFF, 0xFE,
    0x01, 0xFF, 0xFF, 0xF0, 0x0F, 0xFF, 0xFF, 0x80, 0x78, 0x00, 0x00, 0x03, 0xC0, 0x00, 0x00, 0x1E,
    0x00, 0x00, 0x00, 0xFF, 0xFF, 0xFC, 0x07, 0xFF, 0xFF, 0xE0, 0x3F, 0xFF, 0xFF, 0x00, 0x00, 0x00,
    0x00, 0x00, 0x00, 0x00, 0x00, 0x00, 0x00, 0x00, 0x1F, 0xFF, 0xFF, 0xFC, 0xFF, 0xFF, 0xFF, 0xE7,
    0xFF, 0xFF, 0xFF, 0x00, 0x03, 0x80, 0x00, 0x00, 0x1C, 0x00, 0x00, 0x00, 0xE0, 0x00, 0x00, 0x07,
    0x00, 0x00, 0x00, 0x38, 0x00, 0x00, 0x01, 0xC0, 0x00, 0x00, 0x0E, 0x00, 0x00, 0x00, 0x70, 0x00,
    0x00, 0x03, 0x80, 0x00, 0x0F, 0xFF, 0xFF, 0x80, 0x7F, 0xFF, 0xFC, 0x03, 0xFF, 0xFF, 0xE0, 0x00,
    0x00, 0x0F, 0x00, 0x00, 0x00, 0x78, 0x00, 0x00, 0x03, 0xC0, 0x3F, 0xFF, 0xFE, 0x01, 0xFF, 0xFF,
    0xF0, 0x0F, 0xFF, 0xFF, 0x80, 0x78, 0x00, 0x00, 0x03, 0xC0, 0x00, 0x00, 0x1E, 0x00, 0x00, 0x00,
    0xFF, 0xFF, 0xFC, 0x07, 0xFF, 0xFF, 0xE0, 0x3F, 0xFF, 0xFF, 0x00, 0x00, 0x00, 0x00, 0x00, 0x00,
    0x00, 0x03, 0xFF, 0xFF, 0xFF, 0xBF, 0xFF, 0xFF, 0xFD, 0xFF, 0xFF, 0xFF, 0xE0, 0x1E, 0x03, 0xC0,
    0x00, 0xF0, 0x1E, 0x00, 0x07, 0x80, 0xF0, 0x00, 0x3C, 0x07, 0x80, 0x01, 0xE0, 0x3C, 0x00, 0x0F,
    0x01, 0xE0, 0x00, 0x78, 0x0F, 0x00, 0x03, 0xC0, 0x78, 0x00, 0x1E, 0x03, 0xC0, 0x00, 0xF0, 0x1E,
    0x00, 0x00, 0x00, 0x00, 0x00, 0x7F, 0xFF, 0xFC, 0x03, 0xFF, 0xFF, 0xE0, 0x1F, 0xFF, 0xFF, 0x00,
    0x00, 0x00, 0x78, 0x00, 0x00, 0x03, 0xC0, 0x3F, 0xFF, 0xFE, 0x01, 0xFF, 0xFF, 0xF0, 0x0F, 0x00,
    0x00, 0x00, 0x78, 0x00, 0x00, 0x03, 0xFF, 0xFF, 0xE0, 0x1F, 0xFF, 0xFF, 0x00, 0xFF, 0xFF, 0xF8,
    0x00, 0x00, 0x00, 0x03, 0xFF, 0xFF, 0xFF, 0xDF, 0xFF, 0xFF, 0xFE, 0x7F, 0xFF, 0xFF, 0xF0, 0x07,
    0x03, 0xC0, 0x00, 0x38, 0x1E, 0x00, 0x1F, 0xFF, 0xFF, 0x00, 0xFF, 0xFF, 0xF8, 0x07, 0xFF, 0xFF,
    0xC0, 0x00, 0x00, 0x1E, 0x00, 0x00, 0x00, 0xF0, 0x0F, 0xFF, 0xFF, 0x80, 0x7F, 0xFF, 0xFC, 0x03,
    0x80, 0x00, 0x00, 0x1C, 0x00, 0x00, 0x00, 0xFF, 0xFF, 0xFC, 0x07, 0xFF, 0xFF, 0xE0, 0x3F, 0xFF,
    0xFF, 0x00, 0x0F, 0xFF, 0xFF, 0x80, 0xFF, 0xFF, 0xF8, 0x0F, 0xFF, 0xFF, 0x80, 0x00, 0x00, 0x78,
    0x00, 0x00, 0x07, 0x80, 0x00, 0x00, 0x78, 0x00, 0x00, 0x07, 0x80, 0xFF, 0xFF, 0xF8, 0x0F, 0xFF,
    0xFF, 0x80, 0xFF, 0xFF, 0xF8, 0x0E, 0x00, 0x00, 0x00, 0xE0, 0x00, 0x00, 0x0E, 0x00, 0x00, 0x00,
    0xE0, 0x00, 0x00, 0x0F, 0xFF, 0xFF, 0x80, 0xFF, 0xFF, 0xFC, 0x0F, 0xFF, 0xFF, 0xC0, 0xFF, 0xFF,
    0xF8, 0x00, 0x00, 0x00, 0x00, 0x00, 0x00, 0x00, 0x00, 0x00, 0x00, 0x00, 0x00, 0x00, 0x00, 0xFF,
    0xFF, 0xFF, 0xFF, 0xFF, 0xFF, 0xFF, 0xFF, 0xFF, 0xFF, 0xF0, 0x0F, 0xFF, 0xFF, 0x80, 0xFF, 0xFF,
    0xF8, 0x0F, 0xFF, 0xFF, 0x80, 0x00, 0x00, 0x78, 0x00, 0x00, 0x07, 0x80, 0xFF, 0xFF, 0xF8, 0x0F,
    0xFF, 0xFF, 0x80, 0xFF, 0xFF, 0xF8, 0x0E, 0x00, 0x00, 0x00, 0xE0, 0x00, 0x00, 0x0E, 0x00, 0x00,
    0x00, 0xFF, 0xFF, 0xF8, 0x0F, 0xFF, 0xFF, 0x80, 0xFF, 0xFF, 0xF8, 0x00, 0x00, 0x00, 0x00, 0x00,
    0x00, 0x00, 0xFF, 0xFF, 0xFF, 0xFF, 0xFF, 0xFF, 0xFF, 0xFF, 0xFF, 0xFF, 0xF0, 0x00, 0x00, 0x00,
    0x0E, 0x00, 0x00, 0x00, 0xF0, 0x00, 0x00, 0x0F, 0x00, 0x00, 0x00, 0xF0, 0x00, 0x00, 0x0F, 0x00,
    0x00, 0x00, 0xF0, 0x00, 0x00, 0x0F, 0xFF, 0xFF, 0x80, 0xFF, 0xFF, 0xF8, 0x0F, 0xFF, 0xFF, 0x80,
    0xFF, 0xFF, 0xF8, 0x0F, 0xFF, 0xFF, 0x80, 0xFF, 0xFF, 0xF8, 0x0F, 0xFF, 0xFF, 0x80, 0x00, 0x00,
    0x78, 0x00, 0x00, 0x07, 0x80, 0xFF, 0xFF, 0xF8, 0x0F, 0xFF, 0xFF, 0x80, 0xE0, 0x00, 0x00, 0x0E,
    0x00, 0x00, 0x00, 0xFF, 0xFF, 0xF8, 0x0F, 0xFF, 0xFF, 0x80, 0xFF, 0xFF, 0xF8, 0x00, 0x00, 0x00,
    0x07, 0xFF, 0xFF, 0xFF, 0xFF, 0xFF, 0xFF, 0xFF, 0xFF, 0xFF, 0xFF, 0x00, 0x00, 0x00, 0x00, 0x00,
    0x00, 0x00, 0x1F, 0xFF, 0xFF, 0x81, 0xFF, 0xFF, 0xF8, 0x00, 0x00, 0x07, 0x80, 0x00, 0x00, 0x78,
    0x00, 0x00, 0x07, 0x80, 0xFF, 0xFF, 0xF8, 0x0F, 0xFF, 0xFF, 0x80, 0xE0, 0x00, 0x00, 0x0E, 0x00,
    0x00, 0x01, 0xFF, 0xFF, 0xFC, 0x0F, 0xFF, 0xFF, 0xC0, 0xFF, 0xFF, 0xFC, 0x0F, 0xFF, 0xFF, 0x80,
    0xFF, 0xFF, 0xF8, 0x0F, 0xFF, 0xFF, 0x80, 0x00, 0x00, 0x78, 0x00, 0x00, 0x07, 0x80, 0xFF, 0xFF,
    0xF8, 0x0F, 0xFF, 0xFF, 0x80, 0xFF, 0xFF, 0xF0, 0x0E, 0x00, 0x00, 0x00, 0xE0, 0x00, 0x00, 0x0F,
    0xFF, 0xFF, 0x80, 0xFF, 0xFF, 0xF8, 0x0F, 0xFF, 0xFF, 0x80, 0x00, 0x00, 0x00, 0x00, 0x00, 0x00,
    0x0F, 0xFF, 0xFF, 0xFF, 0xFF, 0xFF, 0xFF, 0xFF, 0xFF, 0xFF, 0xFF, 0x00, 0x00, 0x00, 0x00, 0x00,
    0x00, 0x00, 0x0F, 0xFF, 0xFF, 0x80, 0xFF, 0xFF, 0xF8, 0x0F, 0xFF, 0xFF, 0x80, 0xF0, 0x00, 0x78,
    0x0F, 0x00, 0x07, 0x80, 0xF0, 0x00, 0x78, 0x0F, 0x00, 0x07, 0x80, 0xFF, 0xFF, 0xF8, 0x0F, 0xFF,
    0xFF, 0x80, 0xFF, 0xFF, 0xF8, 0x00, 0x00, 0x07, 0x00, 0x00, 0x03, 0xC0, 0x00, 0x01, 0xEF, 0xFF,
    0xC0, 0xF7, 0xFF, 0xE0, 0x7B, 0xFF, 0xF0, 0x3C, 0x00, 0x78, 0x1E, 0x00, 0x3C, 0x0F, 0x00, 0x1E,
    0x07, 0x80, 0x0F, 0x03, 0xC0, 0x07, 0x81, 0xEF, 0xFF, 0xC0, 0xF7, 0xFF, 0xE0, 0x7B, 0xFF, 0xF0,
    0x3D, 0xE0, 0x00, 0x1E, 0xF0, 0x00, 0x0F, 0x78, 0x00, 0x07, 0xBC, 0x00, 0x03, 0xDE, 0x00, 0x01,
    0xEF, 0x00, 0x00, 0xF7, 0x80, 0xFE, 0x7B, 0xFF, 0xFF, 0x3D, 0xFF, 0xFF, 0x9E, 0xFF, 0xF8, 0x0F,
    0x00, 0x00, 0x07, 0x80, 0x00, 0x03, 0xC0, 0x00, 0x01, 0xE0, 0x00, 0x00, 0xF0, 0x00, 0x00, 0x78,
    0x00, 0x00, 0x3C, 0x00, 0x00, 0x1E, 0x00, 0x00, 0x07, 0x00, 0x00, 0x03, 0xDF, 0xFF, 0x81, 0xEF,
    0xFF, 0xC0, 0xF7, 0xFF, 0xE0, 0x78, 0x00, 0xF0, 0x3C, 0x00, 0x78, 0x1E, 0x00, 0x3C, 0x0F, 0x7F,
    0xFE, 0x07, 0xBF, 0xFF, 0x03, 0xDF, 0xFF, 0x81, 0xEF, 0x00, 0x00, 0xF7, 0x80, 0x00, 0x7B, 0xC0,
    0x00, 0x3D, 0xFF, 0xFF, 0x1E, 0xFF, 0xFF, 0x8F, 0x7F, 0xFF, 0xC7, 0xBF, 0xC0, 0x03, 0xC0, 0x00,
    0x01, 0xE0, 0x00, 0x00, 0x00, 0xFF, 0xFF, 0xF8, 0x7F, 0xFF, 0xFC, 0x3F, 0xFF, 0xFE, 0x00, 0x00,
    0x0F, 0x00, 0x00, 0x07, 0x80, 0x00, 0x03, 0xC0, 0x00, 0x01, 0xE0, 0x00, 0x00, 0xF0, 0x00, 0x00,
    0x78, 0x00, 0x00, 0x3C, 0x00, 0x00, 0x1E, 0x00, 0x00, 0x07, 0x00, 0x00, 0x01, 0xE7, 0xFF, 0xE0,
    0x79, 0xFF, 0xF8, 0x1E, 0x7F, 0xFE, 0x07, 0x9F, 0xFF, 0x81, 0xE0, 0x01, 0xE0, 0x78, 0x00, 0x78,
    0x1E, 0x00, 0x1E, 0x07, 0x9F, 0xFF, 0x81, 0xE7, 0xFF, 0xE0, 0x79, 0xFF, 0xF8, 0x1E, 0x78, 0x00,
    0x07, 0x9E, 0x00, 0x01, 0xE7, 0x80, 0x00, 0x79, 0xE0, 0x3F, 0x1E, 0x7F, 0xFF, 0xC7, 0x9F, 0xFF,
    0xF1, 0xE7, 0xFF, 0x00, 0x78, 0x00, 0x00, 0x1E, 0x00, 0x00, 0x07, 0x83, 0xC0, 0x01, 0xE0, 0xF0,
    0x00, 0x78, 0x3C, 0x00, 0x00, 0x0F, 0x00, 0x00, 0x03, 0xC0, 0x00, 0x00, 0xF0, 0x00, 0x00, 0x3F,
    0xFF, 0xFE, 0x0F, 0xFF, 0xFF, 0x83, 0xFF, 0xFF, 0xE0, 0xFF, 0xFF, 0xF8, 0x00, 0x00, 0x07, 0x00,
    0x00, 0x03, 0xDF, 0xFF, 0x81, 0xEF, 0xFF, 0xC0, 0xF7, 0xFF, 0xE0, 0x78, 0x00, 0xF0, 0x3C, 0x00,
    0x78, 0x1E, 0x00, 0x3C, 0x0F, 0x7F, 0xFE, 0x07, 0xBF, 0xFF, 0x03, 0xDF, 0xFF, 0x81, 0xEF, 0x00,
    0x00, 0xF7, 0x80, 0x00, 0x7B, 0xC0, 0x06, 0x3D, 0xFF, 0xFF, 0x1E, 0xFF, 0xFF, 0x8F, 0x7F, 0xFF,
    0xC7, 0x80, 0x00, 0x03, 0xC0, 0x00, 0x01, 0xC0, 0x07, 0xFC, 0x00, 0x1F, 0xFF, 0xC0, 0x1F, 0xFF,
    0xF0, 0x1F, 0x80, 0xFC, 0x1E, 0x00, 0x1F, 0x0F, 0x00, 0x07, 0x87, 0x80, 0x03, 0xC3, 0xC0, 0x01,
    0xE0, 0xF8, 0x03, 0xE0, 0x3F, 0xFF, 0xE0, 0x0F, 0xFF, 0xE0, 0x01, 0xFF, 0xC0, 0x00, 0x00, 0x1E,
    0x00, 0x00, 0x01, 0xE0, 0x00, 0x00, 0x1E, 0x07, 0xFF, 0xE1, 0xE0, 0xFF, 0xFE, 0x1E, 0x0F, 0xFF,
    0xE1, 0xE0, 0xF0, 0x1E, 0x1E, 0x0F, 0x01, 0xE1, 0xE0, 0xF0, 0x1E, 0x1E, 0x0F, 0x01, 0xE1, 0xE0,
    0xF0, 0x1E, 0x1E, 0x0F, 0x01, 0xE1, 0xE0, 0xF0, 0x1E, 0x1F, 0xFF, 0x01, 0xE1, 0xFF, 0xF0, 0x1E,
    0x1F, 0xFF, 0x01, 0xE1, 0xE0, 0xF0, 0x1E, 0x1E, 0x0F, 0x01, 0xE1, 0xE0, 0xF0, 0x1E, 0x1E, 0x0F,
    0x01, 0xE1, 0xE0, 0xFF, 0xFE, 0x1E, 0x0F, 0xFF, 0xE1, 0xE0, 0xFF, 0xFE, 0x1E, 0x00, 0x00, 0x01,
    0xE0, 0x00, 0x00, 0x1E, 0x00, 0x00, 0x01, 0xE0, 0x00, 0x00, 0x1E, 0x00, 0x00, 0x01, 0xE0, 0x00,
    0x00, 0x1E, 0x00, 0x00, 0x01, 0xE0, 0x00, 0x00, 0x1E, 0x00, 0x00, 0x00, 0x1E, 0x00, 0x00, 0x01,
    0xE0, 0x7F, 0xFE, 0x1E, 0x0F, 0xFF, 0xE1, 0xE0, 0xFF, 0xFE, 0x1E, 0x0F, 0x01, 0xE1, 0xE0, 0xF0,
    0x1E, 0x1E, 0x0F, 0x01, 0xE1, 0xFE, 0xF0, 0x1E, 0x1F, 0xEF, 0x01, 0xE1, 0xFE, 0xF0, 0x1E, 0x1E,
    0x0F, 0x01, 0xE1, 0xE0, 0xF0, 0x1E, 0x1E, 0x0F, 0xFF, 0xE1, 0xE0, 0xFF, 0xFE, 0x1E, 0x07, 0xFF,
    0xE1, 0xE0, 0x00, 0x00, 0x1E, 0x00, 0x00, 0x00, 0x00, 0x00, 0x00, 0x00, 0x00, 0xFF, 0xFF, 0xF0,
    0x1F, 0xFF, 0xFF, 0x01, 0xFF, 0xFF, 0xF0, 0x00, 0x0F, 0x00, 0x00, 0x01, 0xF0, 0x00, 0x00, 0x3F,
    0x80, 0x00, 0x07, 0xFC, 0x00, 0x01, 0xF9, 0xF0, 0x00, 0x7F, 0x0F, 0xE0, 0x3F, 0xC0, 0x7F, 0x81,
    0xF8, 0x01, 0xF0, 0x08, 0x00, 0x03, 0x00, 0x00, 0x00, 0x03, 0x80, 0x00, 0x38, 0xE0, 0x00, 0x0E,
    0x38, 0x00, 0x03, 0x8E, 0x7F, 0xF0, 0xE3, 0x9F, 0xFC, 0x38, 0xE7, 0xFF, 0x0E, 0x39, 0xC1, 0xC3,
    0x8E, 0x70, 0x70, 0xE3, 0x9C, 0x1C, 0x38, 0xE7, 0x07, 0x0E, 0x39, 0xC1, 0xC3, 0x8E, 0x70, 0x70,
    0xFF, 0x9C, 0x1C, 0x3F, 0xE7, 0x07, 0x0F, 0xF9, 0xC1, 0xC3, 0x8E, 0x70, 0x70, 0xE3, 0x9C, 0x1C,
    0x38, 0xE7, 0x07, 0x0E, 0x39, 0xC1, 0xC3, 0x8E, 0x7F, 0xF0, 0xE3, 0x9F, 0xFC, 0x38, 0xE7, 0xFF,
    0x0E, 0x38, 0x00, 0x03, 0x8E, 0x00, 0x00, 0xE3, 0x80, 0x00, 0x38, 0xE0, 0x00, 0x0E, 0x38, 0x00,
    0x03, 0x8E, 0x00, 0x00, 0xE3, 0x80, 0x00, 0x00, 0xE0, 0x00, 0x00, 0x38, 0x00, 0x00, 0x00, 0x00,
    0x00, 0x01, 0xE0, 0x00, 0x00, 0x78, 0x00, 0x00, 0x1E, 0x7F, 0xFE, 0x07, 0x9F, 0xFF, 0x81, 0xE7,
    0xFF, 0xE0, 0x79, 0xC0, 0x78, 0x1E, 0x70, 0x1E, 0x07, 0x9C, 0x07, 0xFF, 0xE7, 0x01, 0xFF, 0xF9,
    0xC0, 0x7F, 0xFE, 0x70, 0x1E, 0x07, 0x9C, 0x07, 0x81, 0xE7, 0x01, 0xE0, 0x79, 0xFF, 0xF8, 0x1E,
    0x7F, 0xFE, 0x07, 0x9F, 0xFF, 0x81, 0xE0, 0x00, 0x00, 0x78, 0x00, 0x00, 0x1E, 0x00, 0x00, 0x07,
    0x81, 0xE0, 0x01, 0xE0, 0x78, 0x00, 0x78, 0x1E, 0x00, 0x00, 0x07, 0x80, 0x00, 0x01, 0xE0, 0x00,
    0x00, 0x78, 0x00, 0x00, 0x1E, 0x00, 0x00, 0x07, 0xFF, 0xFF, 0x81, 0xFF, 0xFF, 0xE0, 0x7F, 0xFF,
    0xF8, 0x1F, 0xFF, 0xFE, 0x00, 0x00, 0xE1, 0xC0, 0x00, 0x38, 0x70, 0x00, 0x0E, 0x1C, 0x00, 0x03,
    0x87, 0x7F, 0xF8, 0xE1, 0xDF, 0xFE, 0x38, 0x77, 0xFF, 0x8E, 0x1D, 0xC1, 0xE3, 0x87, 0x70, 0x78,
    0xE1, 0xDC, 0x1E, 0x38, 0x77, 0x07, 0x8E, 0x1D, 0xC1, 0xFF, 0x87, 0x70, 0x7F, 0xE1, 0xDC, 0x1F,
    0xF8, 0x77, 0x07, 0x8E, 0x1D, 0xC1, 0xE3, 0x87, 0x70, 0x78, 0xE1, 0xDC, 0x1E, 0x38, 0x77, 0x07,
    0x8E, 0x1D, 0xC1, 0xE3, 0x87, 0x7F, 0xF8, 0xE1, 0xDF, 0xFE, 0x38, 0x77, 0xFF, 0x8E, 0x1C, 0x00,
    0x03, 0x87, 0x00, 0x00, 0xE1, 0xC0, 0x00, 0x38, 0x70, 0x00, 0x0E, 0x1C, 0x00, 0x03, 0x87, 0x00,
    0x00, 0xE1, 0xC0, 0x00, 0x00, 0x70, 0x00, 0x00, 0x1C, 0x00, 0x00, 0x07, 0x80, 0x00, 0x01, 0xE7,
    0xFF, 0xE0, 0x79, 0xFF, 0xF8, 0x1E, 0x7F, 0xFE, 0x07, 0x9E, 0x07, 0xFF, 0xE7, 0x01, 0xFF, 0xF9,
    0xC0, 0x7F, 0xFE, 0x70, 0x1E, 0x07, 0x9C, 0x07, 0x81, 0xE7, 0x01, 0xE0, 0x79, 0xC0, 0x78, 0x1E,
    0x70, 0x1F, 0xFF, 0x9C, 0x07, 0xFF, 0xE7, 0x01, 0xFF, 0xF9, 0xFF, 0xF8, 0x1E, 0x7F, 0xFE, 0x07,
    0x9F, 0xFF, 0x81, 0xE0, 0x00, 0x00, 0x78, 0x00, 0x00, 0x1E, 0x00, 0x00, 0x07, 0x81, 0xE0, 0x01,
    0xE0, 0x78, 0x00, 0x70, 0x1E, 0x00, 0x00, 0x07, 0x80, 0x00, 0x01, 0xE0, 0x00, 0x00, 0x78, 0x00,
    0x00, 0x1F, 0xFF, 0xFE, 0x07, 0xFF, 0xFF, 0x81, 0xFF, 0xFF, 0xE0, 0x7F, 0xFF, 0xF8, 0x00, 0x00,
    0x07, 0x00, 0x00, 0x03, 0xDF, 0xFF, 0x81, 0xEF, 0xFF, 0xC0, 0xF7, 0xFF, 0xE0, 0x7B, 0xFF, 0xFF,
    0xFD, 0xC0, 0x7F, 0xFE, 0xE0, 0x3F, 0xFF, 0x70, 0x1E, 0x07, 0xB8, 0x0F, 0x03, 0xDC, 0x07, 0x81,
    0xEE, 0x03, 0xFF, 0xF7, 0x01, 0xFF, 0xFB, 0xFF, 0xFF, 0xFD, 0xFF, 0xF8, 0x1E, 0xFF, 0xFC, 0x0F,
    0x00, 0x00, 0x07, 0x80, 0x00, 0x03, 0xC0, 0x00, 0x00, 0x00, 0x0F, 0xFE, 0x00, 0x1F, 0xFF, 0xC0,
    0x1F, 0xFF, 0xF0, 0x1F, 0x00, 0x7C, 0x1F, 0x00, 0x1E, 0x0F, 0x00, 0x07, 0x87, 0x80, 0x03, 0xC3,
    0xE0, 0x03, 0xC0, 0xF8, 0x03, 0xE0, 0x3F, 0xFF, 0xE0, 0x0F, 0xFF, 0xE0, 0x01, 0xFF, 0xC0, 0x00,
    0x00, 0x07, 0x80, 0x00, 0x00, 0xF1, 0xFF, 0xF8, 0x1E, 0x3F, 0xFF, 0x03, 0xC7, 0xFF, 0xFF, 0xF8,
    0xE0, 0x1F, 0xFF, 0x1C, 0x03, 0xFF, 0xE3, 0x80, 0x70, 0x3C, 0x70, 0x0E, 0x07, 0x8E, 0x01, 0xC0,
    0xF1, 0xC0, 0x3F, 0xFE, 0x38, 0x07, 0xFF, 0xC7, 0xFF, 0xFF, 0xF8, 0xFF, 0xFC, 0x0F, 0x1F, 0xFF,
    0x81, 0xE0, 0x00, 0x00, 0x3C, 0x00, 0x00, 0x07, 0x80, 0x00, 0xF0, 0xE0, 0x00, 0x1E, 0x00, 0x07,
    0xFF, 0xFF, 0xC0, 0xFF, 0xFF, 0xF8, 0x1F, 0xFF, 0xFF, 0x00, 0x01, 0xE0, 0x00, 0x00, 0x7C, 0x00,
    0x00, 0x1F, 0xC0, 0x00, 0x07, 0xFC, 0x00, 0x03, 0xF3, 0xE0, 0x03, 0xFC, 0x3F, 0xC1, 0xFE, 0x03,
    0xFC, 0x1F, 0x00, 0x0F, 0x80, 0x00, 0x00, 0x00, 0x1F, 0xFF, 0xFF, 0x80, 0xFF, 0xFF, 0xFC, 0x07,
    0xFF, 0xFF, 0xE0, 0x3C, 0x00, 0x0F, 0x01, 0xE0, 0x00, 0x78, 0x0F, 0x00, 0x03, 0xC0, 0x78, 0x00,
    0x1E, 0x03, 0xC0, 0x00, 0xF0, 0x1E, 0x00, 0x07, 0x80, 0xF0, 0x00, 0x3C, 0x07, 0x80, 0x01, 0xE0,
    0x3C, 0x00, 0x0F, 0x01, 0xFF, 0xFF, 0xF8, 0x0F, 0xFF, 0xFF, 0xC0, 0x3F, 0xFF, 0xFE, 0x00, 0x01,
    0xE0, 0x00, 0x00, 0x0F, 0x00, 0x00, 0x00, 0x78, 0x00, 0x00, 0x03, 0xC0, 0x00, 0x00, 0x1E, 0x00,
    0x00, 0x00, 0xF0, 0x00, 0x7F, 0xFF, 0xFF, 0xFB, 0xFF, 0xFF, 0xFF, 0xDF, 0xFF, 0xFF, 0xFE, 0x00,
    0x00, 0x00, 0x00, 0x0F, 0xFF, 0xFF, 0x80, 0xFF, 0xFF, 0xF8, 0x0F, 0xFF, 0xFF, 0x80, 0xF0, 0x00,
    0x78, 0x0F, 0x00, 0x07, 0x80, 0xF0, 0x00, 0x78, 0x0F, 0x00, 0x07, 0x80, 0xF0, 0x00, 0x78, 0x0F,
    0xFF, 0xFF, 0x80, 0xFF, 0xFF, 0xF8, 0x0F, 0xFF, 0xFF, 0x80, 0x00, 0xF0, 0x00, 0x00, 0x0F, 0x00,
    0x00, 0x00, 0xF0, 0x00, 0xFF, 0xFF, 0xFF, 0xFF, 0xFF, 0xFF, 0xFF, 0xFF, 0xFF, 0xFF, 0xF0, 0x00,
    0x00, 0x00, 0x00, 0x00, 0x00, 0x00, 0x00, 0x00, 0x00, 0x1F, 0xFF, 0xFF, 0x81, 0xFF, 0xFF, 0xF8,
    0x0F, 0xFF, 0xFF, 0x80, 0x00, 0x00, 0x78, 0x00, 0x00, 0x07, 0x80, 0x00, 0x00, 0x78, 0x00, 0x00,
    0x07, 0x80, 0x00, 0x00, 0x78, 0x00, 0x00, 0x07, 0x80, 0x00, 0x00, 0x78, 0x0F, 0xFF, 0xFF, 0x80,
    0xFF, 0xFF, 0xF8, 0x0F, 0xFF, 0xFF, 0x80, 0xF0, 0x00, 0x78, 0x0F, 0x00, 0x07, 0x80, 0xF0, 0x00,
    0x78, 0x0F, 0x00, 0x07, 0x80, 0xF0, 0x00, 0x78, 0x0F, 0xFF, 0xFF, 0x80, 0xFF, 0xFF, 0xF8, 0x0F,
    0xFF, 0xFF, 0x80, 0x00, 0xF0, 0x00, 0x00, 0x0F, 0x00, 0x00, 0x00, 0xF0, 0x00, 0xFF, 0xFF, 0xFF,
    0xFF, 0xFF, 0xFF, 0xFF, 0x7F, 0xFF, 0xFF, 0xF0, 0x00, 0x00, 0x00, 0x00, 0x07, 0x00, 0x00, 0x00,
    0xF0, 0x00, 0x00, 0x0F, 0x00, 0x00, 0x00, 0xF8, 0x00, 0x00, 0x1F, 0x80, 0x00, 0x03, 0xFC, 0x00,
    0x00, 0x7D, 0xF0, 0x00, 0x1F, 0x8F, 0xC0, 0x1F, 0xF0, 0x7F, 0x81, 0xFC, 0x03, 0xFC, 0x1F, 0x00,
    0x0F, 0x80, 0x00, 0x00, 0x00, 0x0F, 0xFF, 0xFF, 0x80, 0xFF, 0xFF, 0xF8, 0x0F, 0xFF, 0xFF, 0x80,
    0xE0, 0x00, 0x78, 0x0E, 0x00, 0x07, 0x80, 0xE0, 0x00, 0x78, 0x0E, 0x00, 0x07, 0x80, 0xE0, 0x00,
    0x78, 0x0E, 0x00, 0x07, 0x80, 0xFF, 0xFF, 0xF8, 0x0F, 0xFF, 0xFF, 0x80, 0xFF, 0xFF, 0xF8, 0x00,
    0x00, 0x00, 0x00, 0x00, 0x00, 0x00, 0x00, 0x00, 0x00, 0x07, 0xFF, 0xFF, 0xFF, 0xFF, 0xFF, 0xFF,
    0xFF, 0xFF, 0xFF, 0xFF, 0x00, 0x0F, 0x00, 0x00, 0x00, 0xF0, 0x00, 0x00, 0x0F, 0x00, 0x00, 0x00,
    0xF0, 0x00, 0x00, 0x0F, 0x00, 0x00, 0x00, 0xF0, 0x00, 0x00, 0x0F, 0x00, 0x00, 0x00, 0xF0, 0x00,
    0x00, 0x0F, 0x00, 0x00, 0x00, 0xF0, 0x00, 0x00, 0x0F, 0x00, 0x00, 0x0F, 0xFF, 0xFF, 0x80, 0xFF,
    0xFF, 0xF8, 0x0F, 0xFF, 0xFF, 0x80, 0xF0, 0x00, 0x78, 0x0F, 0x00, 0x07, 0x80, 0xF0, 0x00, 0x78,
    0x0F, 0x00, 0x07, 0x80, 0xF0, 0x00, 0x78, 0x0F, 0xFF, 0xFF, 0x80, 0xFF, 0xFF, 0xF8, 0x0F, 0xFF,
    0xFF, 0x80, 0x00, 0x00, 0x00, 0x00, 0x00, 0x00, 0x07, 0xFF, 0xFF, 0xFF, 0xFF, 0xFF, 0xFF, 0xFF,
    0xFF, 0xFF, 0xFF, 0x00, 0x07, 0x80, 0x00, 0x00, 0x78, 0x00, 0x00, 0x07, 0x80, 0x00, 0xE0, 0x78,
    0x00, 0x0E, 0x07, 0x80, 0x00, 0xE0, 0x78, 0x00, 0x0E, 0x00, 0x00, 0x00, 0xE0, 0x00, 0x00, 0x0E,
    0x00, 0x00, 0x00, 0xFF, 0xFF, 0xF8, 0x0F, 0xFF, 0xFF, 0x80, 0xFF, 0xFF, 0xF8, 0x0F, 0xFF, 0xFF,
    0x80, 0x00, 0x00, 0x0E, 0x00, 0x00, 0x0F, 0x00, 0x00, 0x0F, 0xFF, 0xFC, 0x0F, 0xFF, 0xFC, 0x0F,
    0xFF, 0xFC, 0x0F, 0xF0, 0x1C, 0x0F, 0xF0, 0x1C, 0x0F, 0xF0, 0x1C, 0x0F, 0xF0, 0x1C, 0x0F, 0xF0,
    0x1C, 0x0F, 0xF0, 0x1C, 0x0F, 0xF0, 0x1C, 0x0F, 0xF0, 0x1C, 0x0F, 0xF0, 0x1C, 0x0F, 0xF0, 0x1C,
    0x0F, 0xF0, 0x1C, 0x0F, 0xF0, 0x1C, 0x0F, 0xF0, 0x1C, 0x0F, 0xF0, 0x1C, 0x0F, 0xFF, 0xFC, 0x0F,
    0xFF, 0xFC, 0x0F, 0xFF, 0xFC, 0x0F, 0x00, 0x00, 0x0F, 0x00, 0x00, 0x0F, 0x00, 0x00, 0x0F, 0x00,
    0x00, 0x0F, 0x00, 0x00, 0x0F, 0x00, 0x00, 0x0F, 0x00, 0x00, 0x0F, 0x00, 0x00, 0x0F, 0x00, 0x00,
    0x0E, 0x00, 0x00, 0x07, 0xBF, 0xFF, 0x03, 0xDF, 0xFF, 0xC1, 0xEF, 0xFF, 0xE0, 0xF7, 0x80, 0xF0,
    0x7B, 0xC0, 0x78, 0x3D, 0xE0, 0x3C, 0x1E, 0xF0, 0x1E, 0x0F, 0x78, 0x0F, 0x07, 0xBC, 0x07, 0x83,
    0xDE, 0x03, 0xC1, 0xEF, 0xFF, 0xE0, 0xF7, 0xFF, 0xF0, 0x7B, 0xFF, 0xF0, 0x3C, 0x00, 0x00, 0x1E,
    0x00, 0x00, 0x00, 0x07, 0xFF, 0xFF, 0x87, 0xFF, 0xFF, 0xC3, 0xFF, 0xFF, 0xE0, 0x00, 0x00, 0xF0,
    0x00, 0x00, 0x78, 0x3F, 0xFF, 0xFC, 0x1F, 0xFF, 0xFE, 0x0F, 0xFF, 0xFF, 0x07, 0x00, 0x00, 0x03,
    0x80, 0x00, 0x01, 0xC0, 0x00, 0x01, 0xFF, 0xFF, 0xF8, 0x7F, 0xFF, 0xFC, 0x3F, 0xFF, 0xFE, 0x00,
    0x00, 0x0F, 0x00, 0x00, 0x03, 0xCF, 0xFF, 0xE0, 0xF3, 0xFF, 0xF8, 0x3C, 0xFF, 0xFE, 0x0F, 0x3C,
    0x07, 0x83, 0xCF, 0x01, 0xE0, 0xF3, 0xC0, 0x78, 0x3C, 0xF0, 0x1E, 0x0F, 0x3C, 0x07, 0x83, 0xCF,
    0x01, 0xE0, 0xF3, 0xC0, 0x78, 0x3C, 0xFF, 0xFE, 0x0F, 0x3F, 0xFF, 0x83, 0xCF, 0xFF, 0xC0, 0xF0,
    0x00, 0x00, 0x3C, 0x00, 0x00, 0x0F, 0x00, 0x03, 0xC3, 0x80, 0x00, 0xF0, 0x00, 0x7F, 0xFF, 0xFC,
    0x1F, 0xFF, 0xFF, 0x07, 0xFF, 0xFF, 0xC0, 0x00, 0xF0, 0x00, 0x00, 0x7C, 0x00, 0x00, 0x3F, 0x80,
    0x00, 0x1F, 0xF0, 0x00, 0x1F, 0x9F, 0x00, 0x7F, 0xC3, 0xFC, 0x3F, 0xC0, 0x7F, 0x87, 0xC0, 0x03,
    0xE1, 0x00, 0x00, 0x00, 0x00, 0x00, 0x0E, 0x00, 0x00, 0x01, 0xE0, 0x00, 0x00, 0x1E, 0x0F, 0x00,
    0xE1, 0xE0, 0xF0, 0x1E, 0x1E, 0x0F, 0x01, 0xE1, 0xE0, 0xF0, 0x1E, 0x1E, 0x0F, 0x01, 0xE1, 0xE0,
    0xF0, 0x1E, 0x1E, 0x0F, 0x01, 0xE1, 0xE0, 0xFF, 0xFE, 0x1E, 0x0F, 0xFF, 0xE1, 0xE0, 0xFF, 0xFE,
    0x1F, 0xFF, 0x01, 0xE1, 0xFF, 0xF0, 0x1E, 0x1F, 0xFF, 0x01, 0xE1, 0xE0, 0xF0, 0x1E, 0x1E, 0x0F,
    0x01, 0xE1, 0xE0, 0xF0, 0x1E, 0x1E, 0x0F, 0x01, 0xE1, 0xE0, 0xF0, 0x1E, 0x1E, 0x0F, 0xFF, 0xE1,
    0xE0, 0xFF, 0xFE, 0x1E, 0x07, 0xFF, 0xE1, 0xE0, 0x00, 0x00, 0x1E, 0x00, 0x00, 0x01, 0xE0, 0x00,
    0x00, 0x1E, 0x00, 0x00, 0x01, 0xE0, 0x00, 0x00, 0x1E, 0x00, 0x00, 0x01, 0xE0, 0x00, 0x00, 0x1E,
    0x00, 0x00, 0x00, 0x0E, 0x00, 0x00, 0x01, 0xE0, 0x70, 0x0E, 0x1E, 0x0F, 0x01, 0xE1, 0xE0, 0xF0,
    0x1E, 0x1E, 0x0F, 0x01, 0xE1, 0xE0, 0xF0, 0x1E, 0x1E, 0x0F, 0xFF, 0xE1, 0xE0, 0xFF, 0xFE, 0x1E,
    0x0F, 0xFF, 0xE1, 0xFE, 0xF0, 0x1E, 0x1F, 0xEF, 0x01, 0xE1, 0xFE, 0xF0, 0x1E, 0x1E, 0x0F, 0x01,
    0xE1, 0xE0, 0xF0, 0x1E, 0x1E, 0x0F, 0xFF, 0xE1, 0xE0, 0xFF, 0xFE, 0x1E, 0x07, 0xFF, 0xE1, 0xE0,
    0x00, 0x00, 0x1E, 0x00, 0x00, 0x01, 0xE0, 0x0E, 0x00, 0x1E, 0x00, 0xF0, 0x01, 0xE0, 0x0F, 0x00,
    0x0E, 0x00, 0xF0, 0x00, 0x00, 0x0F, 0x00, 0x00, 0x00, 0xF0, 0x00, 0x00, 0x0F, 0x00, 0x00, 0x00,
    0xFF, 0xFF, 0xF0, 0x0F, 0xFF, 0xFF, 0x00, 0xFF, 0xFF, 0xF0, 0x0F, 0xFF, 0xFF, 0x00, 0x00, 0x00,
    0x0E, 0x07, 0x00, 0xE0, 0xE0, 0xF0, 0x1E, 0x0E, 0x0F, 0x01, 0xE0, 0xE0, 0xF0, 0x1E, 0x0E, 0x0F,
    0x01, 0xE0, 0xE0, 0xFF, 0xFE, 0x0E, 0x0F, 0xFF, 0xE0, 0xFF, 0xFF, 0xFE, 0x0F, 0xFF, 0x01, 0xE0,
    0xFF, 0xF0, 0x1E, 0x0E, 0x0F, 0x01, 0xE0, 0xE0, 0xFF, 0xFE, 0x0E, 0x0F, 0xFF, 0xE0, 0xE0, 0xFF,
    0xFE, 0x0E, 0x00, 0x00, 0x00, 0xE0, 0x00, 0x00, 0x0E, 0x00, 0x00, 0x00, 0x00, 0x3F, 0xFB, 0xFE,
    0x03, 0xFF, 0xBF, 0xE0, 0x1F, 0xFB, 0xFE, 0x00, 0x07, 0x80, 0xE0, 0x00, 0x78, 0x0E, 0x03, 0xFF,
    0x80, 0xE0, 0x3F, 0xF8, 0x0E, 0x03, 0xC0, 0x00, 0xE0, 0x3C, 0x00, 0x0E, 0x03, 0xC0, 0x40, 0xE0,
    0x3F, 0xFE, 0x0E, 0x03, 0xFF, 0xE0, 0xE0, 0x3F, 0xFC, 0x0E, 0x00, 0x00, 0x00, 0x00, 0x00, 0x00,
    0x0E, 0x00, 0x00, 0x00, 0xE0, 0xF0, 0x1E, 0x0E, 0x0F, 0x01, 0xE0, 0xE0, 0xF0, 0x1E, 0x0E, 0x0F,
    0x01, 0xE0, 0xE0, 0xFF, 0xFE, 0x0E, 0x0F, 0xFF, 0xE0, 0xFF, 0xFF, 0xFE, 0x0F, 0xFF, 0x01, 0xE0,
    0xFF, 0xF0, 0x1E, 0x0E, 0x0F, 0x01, 0xE0, 0xE0, 0xF0, 0x1E, 0x0E, 0x0F, 0xFF, 0xE0, 0xE0, 0xFF,
    0xFE, 0x0E, 0x0F, 0xFF, 0xE0, 0xE0, 0x00, 0x00, 0x0E, 0x00, 0x00, 0x00, 0xE0, 0x00, 0x00, 0x00,
    0x00, 0xFF, 0xFF, 0xE0, 0x0F, 0xFF, 0xFE, 0x00, 0xFF, 0xFF, 0xE0, 0x0E, 0x00, 0x0E, 0x00, 0xE0,
    0x00, 0xE0, 0x0E, 0x00, 0x0E, 0x00, 0xE0, 0x00, 0xE0, 0x0E, 0x00, 0x0E, 0x00, 0xE0, 0x00, 0xE0,
    0x0F, 0xFF, 0xFE, 0x00, 0xFF, 0xFF, 0xE0, 0x0F, 0xFF, 0xFE, 0x00, 0x00, 0x00, 0x0E, 0x00, 0x00,
    0x00, 0xE0, 0xF0, 0x1E, 0x0E, 0x0F, 0x01, 0xE0, 0xE0, 0xF0, 0x1E, 0x0E, 0x0F, 0x01, 0xE0, 0xE0,
    0xFF, 0xFE, 0x0E, 0x0F, 0xFF, 0xE0, 0xE0, 0xFF, 0xFE, 0x0F, 0xFF, 0xFF, 0xE0, 0xFF, 0xF0, 0x1E,
    0x0F, 0xEF, 0x01, 0xE0, 0xE0, 0xF0, 0x1E, 0x0E, 0x0F, 0xFF, 0xE0, 0xE0, 0xFF, 0xFE, 0x0E, 0x0F,
    0xFF, 0xE0, 0xE0, 0x00, 0x00, 0x0E, 0x00, 0x00, 0x00, 0xE0, 0x00, 0x00, 0x0E, 0x00, 0x07, 0xFC,
    0x00, 0x03, 0xFF, 0xF8, 0x00, 0x7F, 0xFF, 0xC0, 0x0F, 0xC0, 0x7E, 0x01, 0xF0, 0x01, 0xE0, 0x1E,
    0x00, 0x0F, 0x01, 0xE0, 0x00, 0xF0, 0x1F, 0x00, 0x1E, 0x00, 0xF8, 0x03, 0xE0, 0x07, 0xFF, 0xFC,
    0x00, 0x3F, 0xFF, 0x80, 0x00, 0xFF, 0xC0, 0x00, 0x00, 0x00, 0x03, 0x80, 0x00, 0x38, 0xE0, 0x00,
    0x0E, 0x39, 0xC1, 0xC3, 0x8E, 0x70, 0x70, 0xE3, 0x9C, 0x1C, 0x38, 0xE7, 0x07, 0x0E, 0x39, 0xC1,
    0xC3, 0x8E, 0x70, 0x70, 0xE3, 0x9C, 0x1C, 0x38, 0xE7, 0xFF, 0x0E, 0x39, 0xFF, 0xC3, 0x8E, 0x7F,
    0xF0, 0xFF, 0x9C, 0x1C, 0x3F, 0xE7, 0x07, 0x0F, 0xF9, 0xC1, 0xC3, 0x8E, 0x70, 0x70, 0xE3, 0x9C,
    0x1C, 0x38, 0xE7, 0x07, 0x0E, 0x39, 0xC1, 0xC3, 0x8E, 0x7F, 0xF0, 0xE3, 0x9F, 0xFC, 0x38, 0xE7,
    0xFF, 0x0E, 0x38, 0x00, 0x03, 0x8E, 0x00, 0x00, 0xE3, 0x80, 0x00, 0x38, 0xE0, 0x00, 0x0E, 0x38,
    0x00, 0x03, 0x8E, 0x00, 0x00, 0xE3, 0x80, 0x00, 0x00, 0xE0, 0x00, 0x00, 0x38, 0x00, 0x00, 0x03,
    0x80, 0x00, 0x38, 0xE7, 0x03, 0x8E, 0x39, 0xC0, 0xE3, 0x8E, 0x70, 0x38, 0xE3, 0x9C, 0x0E, 0x38,
    0xE7, 0x07, 0x8E, 0x39, 0xFF, 0xE3, 0x8E, 0x7F, 0xF8, 0xFF, 0x9F, 0xFE, 0x3F, 0xE7, 0x03, 0x8F,
    0xF9, 0xC0, 0xE3, 0x8E, 0x70, 0x38, 0xE3, 0x9C, 0x0E, 0x38, 0xE7, 0xFF, 0x8E, 0x39, 0xFF, 0xE3,
    0x8E, 0x7F, 0xF8, 0xE3, 0x80, 0x00, 0x38, 0xE0, 0x00, 0x0E, 0x38, 0x00, 0x00, 0x00, 0x07, 0xFF,
    0xFF, 0x81, 0xFF, 0xFF, 0xE0, 0x7F, 0xFF, 0xF8, 0x00, 0x00, 0x0E, 0x00, 0x00, 0x03, 0x80, 0x00,
    0x00, 0xE0, 0x00, 0x00, 0x38, 0x00, 0x00, 0x0E, 0x00, 0x00, 0x03, 0x80, 0x00, 0x00, 0xE0, 0x00,
    0x00, 0x38, 0x00, 0x00, 0x07, 0x80, 0x00, 0x03, 0xDC, 0x03, 0x81, 0xEE, 0x03, 0xC0, 0xF7, 0x01,
    0xE0, 0x7B, 0x80, 0xF0, 0x3D, 0xC0, 0x78, 0x1E, 0xE0, 0x3C, 0x0F, 0x70, 0x1E, 0x07, 0xB8, 0x0F,
    0x03, 0xDF, 0xFF, 0x81, 0xEF, 0xFF, 0xFF, 0xF7, 0xFF, 0xFF, 0xFB, 0x80, 0xFF, 0xFD, 0xC0, 0x78,
    0x1E, 0xE0, 0x3C, 0x0F, 0x70, 0x1E, 0x07, 0xB8, 0x0F, 0x03, 0xDC, 0x07, 0x81, 0xEE, 0x03, 0xC0,
    0xF7, 0xFF, 0xE0, 0x7B, 0xFF, 0xF0, 0x3D, 0xFF, 0xF8, 0x1E, 0x00, 0x00, 0x0F, 0x00, 0x00, 0x07,
    0x80, 0x00, 0x03, 0xC0, 0x00, 0x01, 0xE0, 0x00, 0x00, 0xF0, 0x00, 0x00, 0x78, 0x00, 0x00, 0x3C,
    0x00, 0x00, 0x1E, 0x00, 0x00, 0x00, 0x00, 0x00, 0x01, 0xE0, 0x00, 0x00, 0x79, 0xE0, 0x78, 0x1E,
    0x78, 0x1E, 0x07, 0x9E, 0x07, 0x81, 0xE7, 0x81, 0xE0, 0x79, 0xE0, 0x78, 0x1E, 0x7F, 0xFE, 0x07,
    0x9F, 0xFF, 0xFF, 0xE7, 0xFF, 0xFF, 0xF9, 0xE0, 0x7F, 0xFE, 0x78, 0x1E, 0x07, 0x9E, 0x07, 0x81,
    0xE7, 0x81, 0xE0, 0x79, 0xFF, 0xF8, 0x1E, 0x7F, 0xFE, 0x07, 0x9F, 0xFF, 0x81, 0xE0, 0x00, 0x00,
    0x78, 0x00, 0x00, 0x1E, 0x00, 0x00, 0x07, 0x81, 0xE0, 0x01, 0xE0, 0x78, 0x00, 0x78, 0x1E, 0x00,
    0x00, 0x07, 0x80, 0x00, 0x01, 0xE0, 0x00, 0x00, 0x78, 0x00, 0x00, 0x1F, 0xFF, 0xFE, 0x07, 0xFF,
    0xFF, 0x81, 0xFF, 0xFF, 0xE0, 0x7F, 0xFF, 0xF8, 0x00, 0x00, 0x07, 0x00, 0x00, 0x03, 0xDC, 0x03,
    0x81, 0xEF, 0x03, 0xC0, 0xF7, 0x81, 0xE0, 0x7B, 0xC0, 0xF0, 0x3D, 0xE0, 0x78, 0x1E, 0xFF, 0xFC,
    0x0F, 0x7F, 0xFF, 0xFF, 0xBF, 0xFF, 0xFF, 0xDE, 0x07, 0xFF, 0xEF, 0x03, 0xC0, 0xF7, 0x81, 0xE0,
    0x7B, 0xC0, 0xF0, 0x3D, 0xFF, 0xF8, 0x1E, 0xFF, 0xFC, 0x0F, 0x7F, 0xFE, 0x07, 0x80, 0x00, 0x03,
    0xC0, 0x00, 0x00, 0x00, 0xFF, 0xFF, 0xF0, 0x7F, 0xFF, 0xF8, 0x3F, 0xFF, 0xFC, 0x1C, 0x00, 0x1E,
    0x0E, 0x00, 0x0F, 0x07, 0x00, 0x07, 0x83, 0x80, 0x03, 0xC1, 0xC0, 0x01, 0xE0, 0xE0, 0x00, 0xF0,
    0x7F, 0xFF, 0xF8, 0x3F, 0xFF, 0xFC, 0x1F, 0xFF, 0xFE, 0x00, 0x00, 0x07, 0x80, 0x00, 0x00, 0xF1,
    0xE0, 0x78, 0x1E, 0x3C, 0x0F, 0x03, 0xC7, 0x81, 0xE0, 0x78, 0xF0, 0x3C, 0x0F, 0x1E, 0x07, 0x81,
    0xE3, 0xFF, 0xF0, 0x3C, 0x7F, 0xFF, 0xFF, 0x8F, 0xFF, 0xFF, 0xF1, 0xE0, 0x7F, 0xFE, 0x3C, 0x0F,
    0x03, 0xC7, 0x81, 0xE0, 0x78, 0xF0, 0x3C, 0x0F, 0x1F, 0xFF, 0x81, 0xE3, 0xFF, 0xF0, 0x3C, 0x7F,
    0xFE, 0x07, 0x80, 0x00, 0x00, 0xF0, 0x00, 0x00, 0x1E, 0x00, 0x03, 0xC3, 0xC0, 0x00, 0x78, 0x78,
    0x00, 0x0F, 0x00, 0x00, 0x03, 0xE0, 0x00, 0x00, 0x7E, 0x00, 0x00, 0x1F, 0xE0, 0x00, 0x0F, 0xBE,
    0x00, 0x03, 0xE3, 0xF0, 0x07, 0xF8, 0x3F, 0xC1, 0xFE, 0x01, 0xFC, 0x1F, 0x00, 0x0F, 0x83, 0x00,
    0x00, 0x20, 0x00, 0x00, 0x01, 0xC0, 0x00, 0x38, 0x70, 0x00, 0x0E, 0x1D, 0xC0, 0xC3, 0x87, 0x70,
    0x78, 0xE1, 0xDC, 0x1E, 0x38, 0x77, 0x07, 0x8E, 0x1D, 0xC1, 0xE3, 0x87, 0x70, 0x78, 0xE1, 0xDC,
    0x1E, 0x38, 0x77, 0x07, 0x8E, 0x1D, 0xFF, 0xE3, 0x87, 0x7F, 0xFF, 0xE1, 0xDF, 0xFF, 0xF8, 0x77,
    0x07, 0xFE, 0x1D, 0xC1, 0xE3, 0x87, 0x70, 0x78, 0xE1, 0xDC, 0x1E, 0x38, 0x77, 0x07, 0x8E, 0x1D,
    0xC1, 0xE3, 0x87, 0x7F, 0xF8, 0xE1, 0xDF, 0xFE, 0x38, 0x77, 0xFF, 0x8E, 0x1C, 0x00, 0x03, 0x87,
    0x00, 0x00, 0xE1, 0xC0, 0x00, 0x38, 0x70, 0x00, 0x0E, 0x1C, 0x00, 0x03, 0x87, 0x00, 0x00, 0xE1,
    0xC0, 0x00, 0x38, 0x70, 0x00, 0x00, 0x1C, 0x00, 0x00, 0x07, 0x00, 0x00, 0x01, 0xC7, 0x00, 0xE0,
    0x71, 0xE0, 0x78, 0x1C, 0x78, 0x1E, 0x07, 0x1E, 0x07, 0xFF, 0xC7, 0x81, 0xFF, 0xF1, 0xFF, 0xFF,
    0xFC, 0x7F, 0xFE, 0x07, 0x1F, 0xFF, 0x81, 0xC7, 0x81, 0xE0, 0x71, 0xE0, 0x78, 0x1C, 0x78, 0x1F,
    0xFF, 0x1E, 0x07, 0xFF, 0xC7, 0x81, 0xFF, 0xF1, 0xFF, 0xF8, 0x1C, 0x7F, 0xFE, 0x07, 0x1F, 0xFF,
    0x81, 0xC0, 0x00, 0x00, 0x70, 0x00, 0x00, 0x1C, 0x00, 0x00, 0x07, 0x01, 0xE0, 0x01, 0xC0, 0x78,
    0x00, 0x70, 0x1E, 0x00, 0x00, 0x07, 0x80, 0x00, 0x01, 0xE0, 0x00, 0x00, 0x78, 0x00, 0x00, 0x1F,
    0xFF, 0xFE, 0x07, 0xFF, 0xFF, 0x81, 0xFF, 0xFF, 0xE0, 0x7F, 0xFF, 0xF8, 0x00, 0x00, 0x07, 0x80,
    0x00, 0x01, 0xE7, 0x81, 0xE0, 0x79, 0xE0, 0x78, 0x1E, 0x78, 0x1F, 0xFF, 0x9F, 0xFF, 0xFF, 0xE7,
    0xFF, 0xFF, 0xF9, 0xFF, 0xF8, 0x1E, 0x78, 0x1E, 0x07, 0x9E, 0x07, 0x81, 0xE7, 0x81, 0xFF, 0xF9,
    0xE0, 0x7F, 0xFE, 0x7F, 0xFF, 0xFF, 0x9F, 0xFF, 0x81, 0xE7, 0xFF, 0xE0, 0x78, 0x00, 0x00, 0x1E,
    0x00, 0x00, 0x00, 0x01, 0xFF, 0xFF, 0xE0, 0x7F, 0xFF, 0xF8, 0x1F, 0xFF, 0xFE, 0x00, 0x00, 0x07,
    0x80, 0x00, 0x01, 0xE0, 0x7F, 0xFF, 0xF8, 0x1F, 0xFF, 0xFE, 0x07, 0xFF, 0xFF, 0x81, 0xE0, 0x00,
    0x00, 0x78, 0x00, 0x00, 0x1F, 0xFF, 0xFF, 0x07, 0xFF, 0xFF, 0xC1, 0xFF, 0xFF, 0xF0, 0x7F, 0xFF,
    0xFC, 0x0E, 0x00, 0x03, 0x80, 0xF0, 0x00, 0x3C, 0x07, 0x80, 0x01, 0xE0, 0x3C, 0x00, 0x0F, 0x01,
    0xE0, 0x00, 0x78, 0x0F, 0xFF, 0xFF, 0xC0, 0x7F, 0xFF, 0xFE, 0x03, 0xFF, 0xFF, 0xF0, 0x1E, 0x00,
    0x07, 0x80, 0xF0, 0x00, 0x3C, 0x07, 0x80, 0x01, 0xE0, 0x3C, 0x00, 0x0F, 0x01, 0xE0, 0x00, 0x78,
    0x0F, 0xFF, 0xFF, 0xC0, 0x7F, 0xFF, 0xFE, 0x03, 0xFF, 0xFF, 0xF0, 0x00, 0x0F, 0x00, 0x00, 0x00,
    0x78, 0x00, 0x00, 0x03, 0xC0, 0x00, 0x00, 0x1E, 0x00, 0x00, 0x00, 0xF0, 0x00, 0x00, 0x07, 0x80,
    0x03, 0xFF, 0xFF, 0xFF, 0xDF, 0xFF, 0xFF, 0xFE, 0xFF, 0xFF, 0xFF, 0xF0, 0x00, 0x00, 0x00, 0x00,
    0x0E, 0x00, 0x07, 0x00, 0xF0, 0x00, 0x70, 0x0F, 0x00, 0x07, 0x00, 0xFF, 0xFF, 0xF0, 0x0F, 0xFF,
    0xFF, 0x00, 0xFF, 0xFF, 0xF0, 0x0F, 0x00, 0x07, 0x00, 0xF0, 0x00, 0x70, 0x0F, 0x00, 0x07, 0x00,
    0xFF, 0xFF, 0xF0, 0x0F, 0xFF, 0xFF, 0x00, 0xFF, 0xFF, 0xF0, 0x00, 0x0F, 0x00, 0x00, 0x00, 0xF0,
    0x00, 0x00, 0x0F, 0x00, 0x0F, 0xFF, 0xFF, 0xFF, 0xFF, 0xFF, 0xFF, 0xFF, 0xFF, 0xFF, 0xFF, 0x00,
    0x00, 0x00, 0x00, 0x00, 0x00, 0x00, 0x1F, 0xFF, 0xFF, 0x81, 0xFF, 0xFF, 0xF8, 0x1F, 0xFF, 0xFF,
    0x80, 0x00, 0x00, 0x78, 0x00, 0x00, 0x07, 0x80, 0x00, 0x00, 0x78, 0x00, 0x00, 0x07, 0x80, 0x00,
    0x00, 0x78, 0x00, 0x00, 0x07, 0x80, 0x00, 0x00, 0x78, 0x0E, 0x00, 0x07, 0x00, 0xF0, 0x00, 0x78,
    0x0F, 0x00, 0x07, 0x80, 0xF0, 0x00, 0x78, 0x0F, 0xFF, 0xFF, 0x80, 0xFF, 0xFF, 0xF8, 0x0F, 0xFF,
    0xFF, 0x80, 0xF0, 0x00, 0x78, 0x0F, 0x00, 0x07, 0x80, 0xF0, 0x00, 0x78, 0x0F, 0xFF, 0xFF, 0x80,
    0xFF, 0xFF, 0xF8, 0x0F, 0xFF, 0xFF, 0x00, 0x00, 0xF0, 0x00, 0x00, 0x0F, 0x00, 0x00, 0x00, 0xF0,
    0x00, 0xFF, 0xFF, 0xFF, 0xFF, 0xFF, 0xFF, 0xFF, 0x7F, 0xFF, 0xFF, 0xF0, 0x00, 0x00, 0x00, 0x0E,
    0x00, 0x00, 0x00, 0xF0, 0x00, 0x00, 0x0F, 0x00, 0x00, 0x00, 0xF0, 0x00, 0x00, 0x0F, 0x00, 0x00,
    0x00, 0xF0, 0x00, 0x00, 0x0F, 0xFF, 0xFF, 0x80, 0xFF, 0xFF, 0xF8, 0x0F, 0xFF, 0xFF, 0x80, 0xFF,
    0xFF, 0xF8, 0x0E, 0x00, 0x03, 0x80, 0x78, 0x00, 0x3C, 0x03, 0xC0, 0x01, 0xE0, 0x1E, 0x00, 0x0F,
    0x00, 0xFF, 0xFF, 0xF8, 0x07, 0xFF, 0xFF, 0xC0, 0x3F, 0xFF, 0xFE, 0x01, 0xE0, 0x00, 0xF0, 0x0F,
    0x00, 0x07, 0x80, 0x78, 0x00, 0x3C, 0x03, 0xC0, 0x01, 0xE0, 0x1F, 0xFF, 0xFF, 0x00, 0xFF, 0xFF,
    0xF8, 0x07, 0xFF, 0xFF, 0xC0, 0x00, 0x00, 0x00, 0x00, 0x00, 0x00, 0x00, 0x00, 0x00, 0x00, 0x03,
    0xFF, 0xFF, 0xFF, 0x9F, 0xFF, 0xFF, 0xFE, 0xFF, 0xFF, 0xFF, 0xF0, 0x00, 0x70, 0x00, 0x00, 0x03,
    0x80, 0x00, 0x00, 0x1C, 0x00, 0x00, 0x00, 0xE0, 0x00, 0x00, 0x07, 0x00, 0x00, 0x00, 0x38, 0x00,
    0x00, 0x01, 0xC0, 0x00, 0x00, 0x0E, 0x00, 0x00, 0x00, 0x70, 0x00, 0x00, 0x03, 0x80, 0x00, 0x0E,
    0x00, 0x07, 0x00, 0xF0, 0x00, 0x70, 0x0F, 0x00, 0x07, 0x00, 0xFF, 0xFF, 0xF0, 0x0F, 0xFF, 0xFF,
    0x00, 0xFF, 0xFF, 0xF0, 0x0F, 0x00, 0x07, 0x00, 0xF0, 0x00, 0x70, 0x0F, 0x00, 0x07, 0x00, 0xFF,
    0xFF, 0xF0, 0x0F, 0xFF, 0xFF, 0x00, 0xFF, 0xFF, 0xF0, 0x00, 0x00, 0x00, 0x00, 0x00, 0x00, 0x00,
    0xFF, 0xFF, 0xFF, 0xFF, 0xFF, 0xFF, 0xFF, 0xFF, 0xFF, 0xFF, 0xF0, 0x00, 0xF0, 0x00, 0x00, 0x0F,
    0x00, 0x00, 0x00, 0xF0, 0x00, 0x1F, 0xFF, 0xFF, 0x81, 0xFF, 0xFF, 0xF8, 0x0F, 0xFF, 0xFF, 0x80,
    0x00, 0x00, 0x78, 0x00, 0x00, 0x07, 0x80, 0x00, 0x00, 0x78, 0x00, 0x00, 0x07, 0x80, 0x00, 0x00,
    0x78, 0x00, 0x00, 0x07, 0x80, 0x00, 0x00, 0x78, 0x0E, 0x00, 0x07, 0x00, 0x78, 0x00, 0x3C, 0x03,
    0xC0, 0x01, 0xE0, 0x1E, 0x00, 0x0F, 0x00, 0xFF, 0xFF, 0xF8, 0x07, 0xFF, 0xFF, 0xC0, 0x3F, 0xFF,
    0xFE, 0x01, 0xE0, 0x00, 0xF0, 0x0F, 0x00, 0x07, 0x80, 0x78, 0x00, 0x3C, 0x03, 0xFF, 0xFF, 0xE0,
    0x1F, 0xFF, 0xFF, 0x00, 0xFF, 0xFF, 0xF8, 0x00, 0x00, 0x00, 0x00, 0x00, 0x00, 0x00, 0x0F, 0xFF,
    0xFF, 0xFE, 0xFF, 0xFF, 0xFF, 0xF7, 0xFF, 0xFF, 0xFF, 0x80, 0x01, 0xE0, 0x00, 0x00, 0x0F, 0x00,
    0x00, 0xE0, 0x78, 0x00, 0x07, 0x03, 0xC0, 0x00, 0x38, 0x1E, 0x00, 0x01, 0xC0, 0xE0, 0x00, 0x0E,
    0x00, 0x00, 0x00, 0x70, 0x00, 0x00, 0x03, 0xFF, 0xFF, 0xE0, 0x1F, 0xFF, 0xFF, 0x00, 0xFF, 0xFF,
    0xF8, 0x07, 0xFF, 0xFF, 0xC0, 0x00, 0x00, 0x00, 0x00, 0x78, 0x00, 0x3C, 0x03, 0xC0, 0x01, 0xE0,
    0x1F, 0xFF, 0xFF, 0x00, 0xFF, 0xFF, 0xF8, 0x07, 0xFF, 0xFF, 0xC0, 0x3C, 0x00, 0x1E, 0x01, 0xE0,
    0x00, 0xF0, 0x0F, 0xFF, 0xFF, 0x80, 0x7F, 0xFF, 0xFC, 0x03, 0xFF, 0xFF, 0xE0, 0x00, 0x00, 0x00,
    0x00, 0x00, 0x00, 0x00, 0x7F, 0xFF, 0xFF, 0xFB, 0xFF, 0xFF, 0xFF, 0xDF, 0xFF, 0xFF, 0xFE, 0x00,
    0x0F, 0x00, 0x00, 0x00, 0x78, 0x00, 0x03, 0xFF, 0xFF, 0xE0, 0x1F, 0xFF, 0xFF, 0x00, 0xFF, 0xFF,
    0xF8, 0x00, 0x00, 0x03, 0xC0, 0x00, 0x00, 0x1E, 0x01, 0xFF, 0xFF, 0xF0, 0x0F, 0xFF, 0xFF, 0x80,
    0x7F, 0xFF, 0xF8, 0x03, 0x80, 0x00, 0x00, 0x1C, 0x00, 0x00, 0x00, 0xFF, 0xFF, 0xFC, 0x07, 0xFF,
    0xFF, 0xE0, 0x3F, 0xFF, 0xFF, 0x00, 0x00, 0x00, 0x00, 0x01, 0xE0, 0x00, 0x78, 0x1E, 0x00, 0x07,
    0x81, 0xE0, 0x00, 0x78, 0x1E, 0x00, 0x07, 0x81, 0xE0, 0x00, 0x78, 0x1F, 0xFF, 0xFF, 0x81, 0xFF,
    0xFF, 0xF8, 0x1F, 0xFF, 0xFF, 0x81, 0xE0, 0x00, 0x78, 0x1E, 0x00, 0x07, 0x81, 0xE0, 0x00, 0x78,
    0x1E, 0x00, 0x07, 0x81, 0xE0, 0x00, 0x78, 0x1F, 0xFF, 0xFF, 0x81, 0xFF, 0xFF, 0xF8, 0x1F, 0xFF,
    0xFF, 0x80, 0x00, 0x00, 0x00, 0x00, 0x00, 0x00, 0x00, 0x00, 0x00, 0x00, 0x00, 0x00, 0x00, 0x00,
    0x00, 0x00, 0x00, 0xFF, 0xFF, 0xFF, 0xFF, 0xFF, 0xFF, 0xFF, 0xFF, 0xFF, 0xFF, 0xF0, 0x00, 0x00,
    0x0E, 0x00, 0x00, 0x0F, 0x00, 0x00, 0x0F, 0xF0, 0x1E, 0x0F, 0xF0, 0x1E, 0x0F, 0xF0, 0x1E, 0x0F,
    0xF0, 0x1E, 0x0F, 0xF0, 0x1E, 0x0F, 0xF0, 0x1E, 0x0F, 0xF0, 0x1E, 0x0F, 0xFF, 0xFE, 0x0F, 0xFF,
    0xFE, 0x0F, 0xFF, 0xFE, 0x0F, 0xF0, 0x1E, 0x0F, 0xF0, 0x1E, 0x0F, 0xF0, 0x1E, 0x0F, 0xF0, 0x1E,
    0x0F, 0xF0, 0x1E, 0x0F, 0xF0, 0x1E, 0x0F, 0xF0, 0x1E, 0x0F, 0xF0, 0x1E, 0x0F, 0xFF, 0xFE, 0x0F,
    0xFF, 0xFE, 0x0F, 0xFF, 0xFE, 0x0F, 0x00, 0x00, 0x0F, 0x00, 0x00, 0x0F, 0x00, 0x00, 0x0F, 0x00,
    0x00, 0x0F, 0x00, 0x00, 0x0F, 0x00, 0x00, 0x0F, 0x00, 0x00, 0x0F, 0x00, 0x00, 0x0E, 0x00, 0x00,
    0x07, 0xB8, 0x07, 0x03, 0xDE, 0x03, 0xC1, 0xEF, 0x01, 0xE0, 0xF7, 0x80, 0xF0, 0x7B, 0xC0, 0x78,
    0x3D, 0xFF, 0xFC, 0x1E, 0xFF, 0xFE, 0x0F, 0x7F, 0xFF, 0x07, 0xBC, 0x07, 0x83, 0xDE, 0x03, 0xC1,
    0xEF, 0x01, 0xE0, 0xF7, 0x80, 0xF0, 0x7B, 0xC0, 0x78, 0x3D, 0xFF, 0xFC, 0x1E, 0xFF, 0xFE, 0x0F,
    0x7F, 0xFF, 0x07, 0x80, 0x00, 0x03, 0xC0, 0x00, 0x01, 0xE0, 0x00, 0x00, 0xF0, 0xF0, 0x00, 0x78,
    0x78, 0x00, 0x3C, 0x3C, 0x00, 0x00, 0x1E, 0x00, 0x00, 0x0F, 0x00, 0x00, 0x07, 0x80, 0x00, 0x03,
    0xFF, 0xFF, 0xE1, 0xFF, 0xFF, 0xF0, 0xFF, 0xFF, 0xF8, 0x7F, 0xFF, 0xFC, 0x00, 0x00, 0x0E, 0x38,
    0x07, 0x03, 0xCF, 0x01, 0xE0, 0xF3, 0xC0, 0x78, 0x3C, 0xF0, 0x1E, 0x0F, 0x3C, 0x07, 0x83, 0xCF,
    0xFF, 0xE0, 0xF3, 0xFF, 0xF8, 0x3C, 0xFF, 0xFE, 0x0F, 0x3C, 0x07, 0x83, 0xCF, 0x01, 0xE0, 0xF3,
    0xC0, 0x78, 0x3C, 0xFF, 0xFE, 0x0F, 0x3F, 0xFF, 0x83, 0xCF, 0xFF, 0xE0, 0xF0, 0x00, 0x00, 0x3C,
    0x00, 0x00, 0x0F, 0x00, 0x03, 0x83, 0xC0, 0x00, 0xE0, 0x00, 0x00, 0x38, 0x00, 0x1F, 0xFF, 0xFF,
    0x07, 0xFF, 0xFF, 0xC1, 0xFF, 0xFF, 0xF0, 0x00, 0x7C, 0x00, 0x00, 0x1F, 0x00, 0x00, 0x0F, 0xE0,
    0x00, 0x0F, 0xBE, 0x00, 0x0F, 0xC7, 0xE0, 0x3F, 0xE0, 0xFF, 0x8F, 0xE0, 0x0F, 0xE1, 0xE0, 0x00,
    0x78, 0x00, 0x00, 0x00, 0x00, 0x00, 0x07, 0x00, 0x00, 0x00, 0xF0, 0x00, 0x00, 0x0F, 0x0E, 0x3B,
    0x8E, 0xF0, 0xE3, 0xB8, 0xEF, 0x0E, 0x3B, 0x8E, 0xF0, 0xE3, 0xB8, 0xEF, 0x0E, 0x3B, 0x8E, 0xF0,
    0xE3, 0xB8, 0xEF, 0x0E, 0x3B, 0x8E, 0xF0, 0xE3, 0xB8, 0xEF, 0x0F, 0xFB, 0xFE, 0xF0, 0xFF, 0xBF,
    0xEF, 0xFF, 0xFB, 0xFE, 0xFF, 0xE3, 0xB8, 0xEF, 0xFE, 0x3B, 0x8E, 0xF0, 0xE3, 0xB8, 0xEF, 0x0E,
    0x3B, 0x8E, 0xF0, 0xE3, 0xB8, 0xEF, 0x0E, 0x3B, 0x8E, 0xF0, 0xE3, 0xB8, 0xEF, 0x0F, 0xFB, 0xFE,
    0xF0, 0xFF, 0xBF, 0xEF, 0x0F, 0xFB, 0xFE, 0xF0, 0x00, 0x00, 0x0F, 0x00, 0x00, 0x00, 0xF0, 0x00,
    0x00, 0x0F, 0x00, 0x00, 0x00, 0xF0, 0x00, 0x00, 0x0F, 0x00, 0x00, 0x00, 0xF0, 0x00, 0x00, 0x0F,
    0x00, 0x00, 0x00, 0x07, 0x80, 0x00, 0x00, 0x1E, 0x00, 0x07, 0x00, 0x78, 0x00, 0x3C, 0x01, 0xE0,
    0x00, 0xF0, 0x07, 0x80, 0x03, 0xC0, 0x1E, 0x00, 0x0F, 0x00, 0x78, 0x00, 0x3C, 0x01, 0xE0, 0x00,
    0xF0, 0x07, 0x80, 0x03, 0xC0, 0x1E, 0x00, 0x0F, 0x00, 0x78, 0x00, 0x3C, 0x01, 0xE0, 0x00, 0xF8,
    0x07, 0xFC, 0x07, 0xE0, 0x1F, 0xF0, 0x1F, 0x80, 0x7F, 0xC0, 0xFF, 0x01, 0xE0, 0x03, 0xDE, 0x07,
    0x80, 0x1E, 0x78, 0x1E, 0x00, 0xF8, 0xF0, 0x78, 0x07, 0xC3, 0xE1, 0xE0, 0x3E, 0x07, 0xE7, 0x81,
    0xF8, 0x0F, 0x9E, 0x07, 0xC0, 0x1C, 0x78, 0x0C, 0x00, 0x21, 0xE0, 0x00, 0x00, 0x07, 0x80, 0x00,
    0x00, 0x1E, 0x00, 0x00, 0x00, 0x78, 0x00, 0x00, 0x01, 0xE0, 0x00, 0x00, 0x07, 0x80, 0x00, 0x00,
    0x1E, 0x00, 0x00, 0x00, 0x78, 0x00, 0x00, 0x00, 0x03, 0x80, 0x00, 0x00, 0x1E, 0x00, 0x0F, 0x00,
    0x78, 0x00, 0x3C, 0x01, 0xE0, 0x00, 0xF0, 0x07, 0x80, 0x03, 0xC0, 0x1E, 0x00, 0x0F, 0x00, 0x78,
    0x00, 0x3C, 0x01, 0xE0, 0x00, 0xF8, 0x07, 0xF8, 0x07, 0xE0, 0x1F, 0xE0, 0x3F, 0xC0, 0x7F, 0x80,
    0xF7, 0x81, 0xE0, 0x07, 0x9F, 0x07, 0x80, 0x7C, 0x3F, 0x1E, 0x07, 0xF0, 0x7E, 0x78, 0x1F, 0x00,
    0xF1, 0xE0, 0x38, 0x00, 0xC7, 0x80, 0x00, 0x00, 0x1E, 0x00, 0x00, 0x00, 0x38, 0x00, 0x00, 0x00,
    0x00, 0x07, 0xFF, 0xFF, 0x80, 0x1F, 0xFF, 0xFE, 0x00, 0x7F, 0xFF, 0xF8, 0x00, 0x00, 0x01, 0xE0,
    0x00, 0x00, 0x07, 0x80, 0x00, 0x00, 0x1E, 0x00, 0x00, 0x00, 0x78, 0x00, 0x00, 0x01, 0xE0, 0x00,
    0x00, 0x07, 0x80, 0x00, 0x00, 0x1E, 0x00, 0x00, 0x00, 0x78, 0x00, 0x00, 0x00, 0x00, 0x00, 0x00,
    0x00, 0x78, 0x00, 0x00, 0x03, 0xC0, 0x01, 0xC0, 0x1E, 0x00, 0x0E, 0x00, 0xF0, 0x00, 0x70, 0x07,
    0x80, 0x03, 0x80, 0x3C, 0x00, 0x1C, 0x01, 0xE0, 0x01, 0xF0, 0x0F, 0x00, 0x0F, 0x80, 0x78, 0x00,
    0x7C, 0x03, 0xFC, 0x07, 0xF0, 0x1F, 0xE0, 0x3F, 0x80, 0xFF, 0x03, 0xDE, 0x07, 0x80, 0x3E, 0xF8,
    0x3C, 0x03, 0xE3, 0xF1, 0xE0, 0x7E, 0x0F, 0xCF, 0x07, 0xE0, 0x3E, 0x78, 0x1E, 0x00, 0x63, 0xC0,
    0x40, 0x00, 0x1E, 0x00, 0x00, 0x00, 0xF0, 0x00, 0x00, 0x07, 0x80, 0x1E, 0x00, 0x3C, 0x00, 0xF0,
    0x00, 0xE0, 0x07, 0x80, 0x00, 0x00, 0x3C, 0x00, 0x00, 0x01, 0xE0, 0x00, 0x00, 0x0F, 0x00, 0x00,
    0x00, 0x7F, 0xFF, 0xF8, 0x03, 0xFF, 0xFF, 0xC0, 0x1F, 0xFF, 0xFE, 0x00, 0xFF, 0xFF, 0xF0, 0x00,
    0x00, 0x07, 0x00, 0x00, 0x00, 0x3C, 0x00, 0x38, 0x01, 0xE0, 0x03, 0xC0, 0x0F, 0x00, 0x1E, 0x00,
    0x78, 0x00, 0xF0, 0x03, 0xC0, 0x07, 0x80, 0x1E, 0x00, 0x3E, 0x00, 0xF0, 0x01, 0xF0, 0x07, 0xF8,
    0x0F, 0x80, 0x3F, 0xC0, 0xFE, 0x01, 0xFE, 0x0F, 0x78, 0x0F, 0x00, 0x7B, 0xE0, 0x78, 0x0F, 0x8F,
    0xC3, 0xC0, 0xF8, 0x3F, 0x1E, 0x0F, 0x80, 0xF8, 0xF0, 0x78, 0x01, 0x87, 0x81, 0x80, 0x00, 0x3C,
    0x00, 0x00, 0x01, 0xE0, 0x00, 0x7F, 0xC0, 0x00, 0x1F, 0xFF, 0xC0, 0x01, 0xFF, 0xFF, 0x00, 0x1F,
    0x80, 0xFC, 0x00, 0xF0, 0x00, 0xF0, 0x0F, 0x00, 0x07, 0x80, 0x78, 0x00, 0x3C, 0x01, 0xE0, 0x01,
    0xE0, 0x0F, 0xC0, 0x3E, 0x00, 0x3F, 0xFF, 0xF0, 0x00, 0xFF, 0xFE, 0x00, 0x00, 0xFF, 0xC0, 0x00,
    0x00, 0x00, 0x00, 0xE0, 0x00, 0x03, 0x8E, 0x00, 0x00, 0x38, 0xE0, 0x1E, 0x03, 0x8E, 0x01, 0xE0,
    0x38, 0xE0, 0x1E, 0x03, 0x8E, 0x01, 0xE0, 0x38, 0xE0, 0x1E, 0x03, 0x8E, 0x01, 0xE0, 0x38, 0xE0,
    0x1E, 0x03, 0x8E, 0x01, 0xE0, 0x38, 0xE0, 0x1E, 0x03, 0x8E, 0x01, 0xE0, 0x3F, 0xE0, 0x3F, 0x03,
    0xFE, 0x03, 0xF0, 0x3F, 0xE0, 0x3F, 0x03, 0x8E, 0x07, 0xF8, 0x38, 0xE0, 0x73, 0xC3, 0x8E, 0x0F,
    0x3C, 0x38, 0xE1, 0xE1, 0xF3, 0x8E, 0x3E, 0x1F, 0xB8, 0xE7, 0xC0, 0xFB, 0x8E, 0x78, 0x07, 0x38,
    0xE3, 0x00, 0x03, 0x8E, 0x00, 0x00, 0x38, 0xE0, 0x00, 0x03, 0x8E, 0x00, 0x00, 0x38, 0xE0, 0x00,
    0x03, 0x8E, 0x00, 0x00, 0x38, 0xE0, 0x00, 0x00, 0x0E, 0x00, 0x00, 0x00, 0xE0, 0x00, 0x00, 0x01,
    0xC0, 0x00, 0x0E, 0x38, 0x0F, 0x01, 0xC7, 0x01, 0xE0, 0x38, 0xE0, 0x3C, 0x07, 0x1C, 0x07, 0x80,
    0xE3, 0x80, 0xF0, 0x1C, 0x70, 0x1E, 0x03, 0x8E, 0x03, 0xC0, 0x7F, 0xC0, 0xFC, 0x0F, 0xF8, 0x1F,
    0x81, 0xFF, 0x07, 0xF8, 0x38, 0xE0, 0xF7, 0x87, 0x1C, 0x3C, 0xF8, 0xE3, 0x9F, 0x0F, 0xDC, 0x77,
    0xE0, 0xF3, 0x8E, 0x70, 0x06, 0x71, 0xC4, 0x00, 0x0E, 0x38, 0x00, 0x01, 0xC7, 0x00, 0x00, 0x00,
    0x00, 0x7F, 0xFF, 0xFC, 0x0F, 0xFF, 0xFF, 0x81, 0xFF, 0xFF, 0xF0, 0x00, 0x00, 0x0E, 0x00, 0x00,
    0x01, 0xC0, 0x00, 0x00, 0x38, 0x00, 0x00, 0x07, 0x00, 0x00, 0x00, 0xE0, 0x00, 0x00, 0x1C, 0x00,
    0x00, 0x03, 0x80, 0x00, 0x00, 0x70, 0x00, 0x00, 0x01, 0xC0, 0x00, 0x0E, 0x38, 0x0F, 0x01, 0xC7,
    0x01, 0xE0, 0x38, 0xE0, 0x3C, 0x07, 0x1C, 0x07, 0x80, 0xE3, 0x80, 0xF0, 0x1C, 0x70, 0x1E, 0x03,
    0x8E, 0x03, 0xC0, 0x7F, 0xC0, 0x7C, 0x0F, 0xF8, 0x1F, 0x81, 0xFF, 0x03, 0xF8, 0x38, 0xE0, 0xF7,
    0x87, 0x1C, 0x3C, 0xFC, 0xE3, 0x9F, 0x8F, 0xDC, 0x77, 0xE0, 0xF3, 0x8E, 0x78, 0x04, 0x71, 0xC4,
    0x00, 0x0E, 0x38, 0x00, 0x00, 0x07, 0x00, 0x07, 0xFC, 0x00, 0x07, 0xFF, 0xE0, 0x03, 0xFF, 0xFF,
    0x00, 0x7E, 0x03, 0xF0, 0x1E, 0x00, 0x1E, 0x03, 0xC0, 0x01, 0xE0, 0x70, 0x00, 0x3C, 0x0F, 0x00,
    0x0F, 0x01, 0xF0, 0x03, 0xE0, 0x1F, 0xFF, 0xF8, 0x01, 0xFF, 0xFE, 0x00, 0x07, 0xFE, 0x00, 0x00,
    0x00, 0x07, 0x80, 0x00, 0x00, 0x1E, 0x00, 0x0F, 0x00, 0x78, 0x00, 0x3C, 0x01, 0xE0, 0x00, 0xF0,
    0x07, 0x80, 0x03, 0xC0, 0x1F, 0xE0, 0x0F, 0x00, 0x7F, 0x80, 0x3C, 0x01, 0xFE, 0x00, 0xF8, 0x07,
    0x80, 0x07, 0xE0, 0x1E, 0x00, 0x1F, 0xC0, 0x78, 0x00, 0xFF, 0x01, 0xE0, 0x07, 0x9F, 0x07, 0xF8,
    0x3E, 0x3E, 0x1F, 0xE3, 0xF0, 0x7E, 0x7F, 0x9F, 0x80, 0xF1, 0xE0, 0x3C, 0x01, 0x87, 0x80, 0xC0,
    0x00, 0x1E, 0x00, 0x00, 0x00, 0x78, 0x00, 0x00, 0xE1, 0xE0, 0x00, 0x07, 0x83, 0x80, 0x00, 0x1E,
    0x00, 0x00, 0x00, 0x7C, 0x00, 0x00, 0x03, 0xF0, 0x00, 0x00, 0x1F, 0xE0, 0x00, 0x00, 0xFB, 0xC0,
    0x00, 0x0F, 0xC7, 0xC0, 0x00, 0xFE, 0x0F, 0xE0, 0x0F, 0xF0, 0x1F, 0xE0, 0x3F, 0x00, 0x1F, 0x80,
    0x60, 0x00, 0x0C, 0x00, 0x00, 0x00, 0x03, 0xC0, 0x00, 0x00, 0xF0, 0x06, 0x00, 0x3C, 0x03, 0xC0,
    0x0F, 0x00, 0xF0, 0x03, 0xC0, 0x3C, 0x00, 0xF0, 0x0F, 0x00, 0x3C, 0x03, 0xC0, 0x0F, 0x00, 0xF0,
    0x03, 0xC0, 0x3C, 0x00, 0xF0, 0x0F, 0x0F, 0xFC, 0x03, 0xC7, 0xFF, 0x01, 0xF1, 0xFF, 0xC0, 0x7E,
    0x00, 0xF0, 0x1F, 0x80, 0x3C, 0x0F, 0xF0, 0x0F, 0x03, 0xBC, 0x03, 0xC1, 0xE7, 0x80, 0xF0, 0xF9,
    0xF0, 0x3C, 0x7C, 0x3E, 0x0F, 0x3E, 0x07, 0xC3, 0xDF, 0x80, 0xF8, 0xF7, 0xC0, 0x1C, 0x3C, 0xC0,
    0x02, 0x0F, 0x00, 0x00, 0x03, 0xC0, 0x00, 0x00, 0xF0, 0x00, 0x00, 0x3C, 0x00, 0x00, 0x0F, 0x00,
    0x00, 0x03, 0xC0, 0x00, 0x00, 0xF0, 0x00, 0x00, 0x3C, 0x00, 0x00, 0x03, 0xC0, 0x00, 0x00, 0xF0,
    0x0F, 0x00, 0x3C, 0x03, 0xC0, 0x0F, 0x00, 0xF0, 0x03, 0xC0, 0x3C, 0x00, 0xF0, 0x0F, 0x0F, 0xFC,
    0x03, 0xC3, 0xFF, 0x01, 0xF0, 0xFF, 0xC0, 0x7E, 0x00, 0xF0, 0x3F, 0xC0, 0x3C, 0x0F, 0xF0, 0x0F,
    0x07, 0x9E, 0x03, 0xC7, 0xC3, 0xE0, 0xF7, 0xF0, 0x7C, 0x3D, 0xF0, 0x0F, 0x0F, 0x38, 0x01, 0x83,
    0xC0, 0x00, 0x00, 0xF0, 0x00, 0x00, 0x00, 0x00, 0x00, 0x00, 0x07, 0xFF, 0xFF, 0xC1, 0xFF, 0xFF,
    0xF0, 0x3F, 0xFF, 0xFC, 0x00, 0x00, 0x0F, 0x00, 0x00, 0x03, 0xC0, 0x00, 0x00, 0xF0, 0x00, 0x00,
    0x3C, 0x00, 0x00, 0x0F, 0x00, 0x00, 0x03, 0xC0, 0x00, 0x00, 0xF0, 0x00, 0x00, 0x3C, 0x00, 0x00,
    0x03, 0x80, 0x00, 0x00, 0x78, 0x03, 0x80, 0x0F, 0x00, 0x70, 0x01, 0xE0, 0x0E, 0x00, 0x3C, 0x01,
    0xC0, 0x07, 0x80, 0x3C, 0x00, 0xF0, 0x07, 0x87, 0xFE, 0x01, 0xF0, 0xFF, 0xC0, 0x3E, 0x1F, 0xF8,
    0x07, 0xE0, 0x0F, 0x01, 0xFC, 0x01, 0xE0, 0x3B, 0xC0, 0x3C, 0x0F, 0x3C, 0x07, 0x83, 0xC7, 0xC0,
    0xF1, 0xF8, 0x7E, 0x1E, 0x7E, 0x07, 0xC3, 0xCF, 0x00, 0x70, 0x78, 0xC0, 0x00, 0x0F, 0x00, 0x00,
    0x01, 0xE0, 0x00, 0x00, 0x3C, 0x07, 0x80, 0x07, 0x80, 0xF0, 0x00, 0xE0, 0x1E, 0x00, 0x00, 0x03,
    0xC0, 0x00, 0x00, 0x78, 0x00, 0x00, 0x0F, 0x00, 0x00, 0x01, 0xFF, 0xFF, 0xE0, 0x3F, 0xFF, 0xFC,
    0x07, 0xFF, 0xFF, 0x80, 0xFF, 0xFF, 0xF0, 0x00, 0x00, 0x03, 0xC0, 0x1C, 0x00, 0x78, 0x03, 0x80,
    0x0F, 0x00, 0x70, 0x01, 0xE0, 0x0F, 0x00, 0x3C, 0x01, 0xE1, 0xFF, 0x80, 0x7C, 0x3F, 0xF0, 0x0F,
    0x87, 0xFE, 0x03, 0xF8, 0x03, 0xC0, 0x7F, 0x80, 0x78, 0x1E, 0xF8, 0x0F, 0x07, 0x8F, 0xC1, 0xE3,
    0xF0, 0xFC, 0x3C, 0xFC, 0x0F, 0x87, 0x9E, 0x00, 0x70, 0xF1, 0x00, 0x00, 0x1E, 0x00, 0x00, 0x00,
    0x00, 0x7F, 0xFF, 0xF8, 0x0F, 0xFF, 0xFF, 0x01, 0xFF, 0xFF, 0xE0, 0x00, 0x00, 0x3C, 0x00, 0x00,
    0x07, 0x80, 0xFF, 0xFF, 0xF0, 0x1F, 0xFF, 0xFE, 0x03, 0xFF, 0xFF, 0xC0, 0x78, 0x00, 0x00, 0x0F,
    0x00, 0x00, 0x01, 0xFF, 0xFF, 0xF0, 0x3F, 0xFF, 0xFE, 0x07, 0xFF, 0xFF, 0xC0, 0xFF, 0xFF, 0xF8,
    0x00, 0x00, 0x03, 0xC0, 0x00, 0x00, 0xF0, 0x0F, 0x00, 0x3C, 0x03, 0xC0, 0x0F, 0x00, 0xF0, 0x03,
    0xC0, 0x3C, 0x00, 0xF0, 0x0F, 0x0F, 0xFC, 0x07, 0xC3, 0xFF, 0x01, 0xF0, 0xFF, 0xC0, 0x7E, 0x00,
    0xF0, 0x3F, 0x80, 0x3C, 0x1F, 0xF0, 0x0F, 0x07, 0x9F, 0x03, 0xC7, 0xC3, 0xE0, 0xF7, 0xE0, 0x7C,
    0x3D, 0xF0, 0x0F, 0x0F, 0x78, 0x00, 0x83, 0xC8, 0x00, 0x00, 0xF0, 0x00, 0x00, 0x00, 0x00, 0x7F,
    0xE0, 0x00, 0xFF, 0xFE, 0x00, 0x7F, 0xFF, 0xE0, 0x3F, 0x00, 0xF8, 0x0F, 0x00, 0x0F, 0x07, 0x80,
    0x03, 0xC1, 0xE0, 0x00, 0xF0, 0x3C, 0x00, 0x3C, 0x0F, 0xC0, 0x3E, 0x01, 0xFF, 0xFF, 0x80, 0x3F,
    0xFF, 0x80, 0x01, 0xFF, 0x80, 0x00, 0x00, 0x00, 0xE0, 0x00, 0x03, 0x8E, 0x00, 0x00, 0x38, 0xE0,
    0x1E, 0x03, 0x8E, 0x01, 0xE0, 0x38, 0xE0, 0x1E, 0x03, 0x8E, 0x01, 0xE0, 0x38, 0xE0, 0x1E, 0x03,
    0x8E, 0x01, 0xE0, 0x38, 0xE0, 0x1E, 0x03, 0x8E, 0x01, 0xE0, 0x38, 0xE0, 0x1E, 0x7F, 0x8E, 0x01,
    0xE7, 0xF8, 0xE0, 0x1E, 0x7F, 0x8E, 0x03, 0xF0, 0x38, 0xE0, 0x3F, 0x03, 0x8E, 0x07, 0xF8, 0x38,
    0xE0, 0x7B, 0x83, 0x8E, 0x0F, 0x3C, 0x38, 0xE0, 0xF1, 0xE3, 0x8E, 0x1E, 0x1F, 0x38, 0xE7, 0xC0,
    0xFB, 0x8E, 0x7C, 0x07, 0x38, 0xE3, 0x80, 0x23, 0x8E, 0x00, 0x00, 0x38, 0xE0, 0x00, 0x03, 0x8E,
    0x00, 0x00, 0x38, 0xE0, 0x00, 0x03, 0x8E, 0x00, 0x00, 0x38, 0xE0, 0x00, 0x03, 0x8E, 0x00, 0x00,
    0x00, 0xE0, 0x00, 0x00, 0x01, 0xC0, 0x00, 0x0E, 0x38, 0x0F, 0x01, 0xC7, 0x01, 0xE0, 0x38, 0xE0,
    0x3C, 0x07, 0x1C, 0x07, 0x80, 0xE3, 0x80, 0xF0, 0x1C, 0x70, 0x1E, 0x3F, 0x8E, 0x03, 0xC7, 0xF1,
    0xC0, 0xFC, 0xFE, 0x38, 0x1F, 0x81, 0xC7, 0x07, 0xF8, 0x38, 0xE0, 0xFF, 0x87, 0x1C, 0x3C, 0xF8,
    0xE3, 0x9F, 0x0F, 0x9C, 0x77, 0xE0, 0xF3, 0x8E, 0x78, 0x0C, 0x71, 0xC4, 0x00, 0x0E, 0x38, 0x00,
    0x01, 0xC7, 0x00, 0x00, 0x00, 0x00, 0x3F, 0xFF, 0xFC, 0x0F, 0xFF, 0xFF, 0x81, 0xFF, 0xFF, 0xF0,
    0x00, 0x00, 0x0E, 0x00, 0x00, 0x01, 0xC0, 0x00, 0x00, 0x38, 0x00, 0x00, 0x07, 0x00, 0x00, 0x00,
    0xE0, 0x00, 0x00, 0x1C, 0x00, 0x00, 0x03, 0x80, 0x00, 0x00, 0x70, 0x00, 0x00, 0x01, 0xC0, 0x00,
    0x07, 0x1C, 0x03, 0xC0, 0x71, 0xC0, 0x3C, 0x07, 0x1C, 0x03, 0xC0, 0x71, 0xC0, 0x3C, 0x07, 0x1C,
    0x03, 0xC0, 0x71, 0xC0, 0x3C, 0x7F, 0x1C, 0x03, 0xC7, 0xF1, 0xC0, 0x7E, 0x7F, 0x1C, 0x07, 0xE0,
    0x71, 0xC0, 0xFF, 0x07, 0x1C, 0x0F, 0xF8, 0x71, 0xC1, 0xE7, 0xC7, 0x1C, 0x7C, 0x3E, 0x71, 0xCF,
    0x81, 0xE7, 0x1C, 0x70, 0x0C, 0x71, 0xC2, 0x00, 0x07, 0x1C, 0x00, 0x00, 0x01, 0xC0, 0x00, 0x1C,
    0x1C, 0x00, 0x03, 0xC1, 0xC0, 0x00, 0x3C, 0x00, 0x00, 0x03, 0xE0, 0x00, 0x00, 0x7E, 0x00, 0x00,
    0x0F, 0xF0, 0x00, 0x01, 0xF7, 0x80, 0x00, 0x7E, 0x3E, 0x00, 0x3F, 0xC1, 0xFC, 0x0F, 0xF0, 0x0F,
    0xF0, 0x7C, 0x00, 0x3E, 0x02, 0x00, 0x00, 0x60, 0x00, 0x00, 0x00, 0x00, 0x00, 0x00, 0x78, 0x00,
    0x00, 0x0F, 0x00, 0x70, 0x01, 0xE0, 0x0E, 0x00, 0x3C, 0x01, 0xC1, 0xFF, 0x80, 0x38, 0x3F, 0xF0,
    0x07, 0x87, 0xFE, 0x00, 0xF0, 0x03, 0xC0, 0x3E, 0x00, 0x78, 0x07, 0xC0, 0x0F, 0x00, 0xF8, 0x01,
    0xE0, 0x3F, 0x8F, 0xFC, 0x07, 0xF9, 0xFF, 0x81, 0xEF, 0x3F, 0xF0, 0x7C, 0xF0, 0x1E, 0x1F, 0x0F,
    0x83, 0xCF, 0xC1, 0xF8, 0x79, 0xF0, 0x0F, 0x0F, 0x1C, 0x00, 0xC1, 0xE2, 0x00, 0x00, 0x3C, 0x00,
    0x00, 0x07, 0x80, 0xF0, 0x00, 0xF0, 0x1E, 0x00, 0x1E, 0x03, 0xC0, 0x00, 0x00, 0x78, 0x00, 0x00,
    0x0F, 0x00, 0x00, 0x01, 0xE0, 0x00, 0x00, 0x3F, 0xFF, 0xFC, 0x07, 0xFF, 0xFF, 0x80, 0xFF, 0xFF,
    0xF0, 0x1F, 0xFF, 0xFE, 0x00, 0x0F, 0x00, 0x00, 0x00, 0x78, 0x00, 0x00, 0x03, 0xC0, 0x00, 0x00,
    0x1E, 0x00, 0x00, 0x00, 0xF8, 0x00, 0x00, 0x07, 0xC0, 0x00, 0x00, 0x7E, 0x00, 0x00, 0x07, 0xF8,
    0x00, 0x00, 0x3D, 0xE0, 0x00, 0x07, 0xCF, 0x80, 0x00, 0x7C, 0x3E, 0x00, 0x0F, 0xC0, 0xFC, 0x03,
    0xFC, 0x03, 0xFE, 0x1F, 0xC0, 0x07, 0xF0, 0xF8, 0x00, 0x0F, 0x02, 0x01, 0xE0, 0x18, 0x00, 0x0F,
    0x00, 0x00, 0x00, 0x78, 0x00, 0x00, 0x03, 0xC0, 0x00, 0x00, 0x1E, 0x00, 0x00, 0x00, 0xF0, 0x00,
    0x00, 0x07, 0x80, 0x01, 0xFF, 0xFF, 0xFF, 0xDF, 0xFF, 0xFF, 0xFE, 0xFF, 0xFF, 0xFF, 0xF0, 0x00,
    0x07, 0x00, 0x00, 0x00, 0xF0, 0x00, 0x00, 0x0F, 0x00, 0x00, 0x00, 0xF8, 0x00, 0x00, 0x1F, 0x80,
    0x00, 0x01, 0xFC, 0x00, 0x00, 0x3F, 0xE0, 0x00, 0x0F, 0x9F, 0x00, 0x03, 0xF0, 0xFC, 0x03, 0xFE,
    0x07, 0xFC, 0x3F, 0x80, 0x1F, 0xC1, 0xE0, 0xF0, 0x7C, 0x00, 0x0F, 0x00, 0x00, 0x00, 0xF0, 0x00,
    0x00, 0x0F, 0x00, 0x0F, 0xFF, 0xFF, 0xFF, 0xFF, 0xFF, 0xFF, 0xF7, 0xFF, 0xFF, 0xFF, 0x00, 0x00,
    0x00, 0x00, 0x00, 0x00, 0x00, 0x00, 0x00, 0x00, 0x01, 0xFF, 0xFF, 0xF8, 0x1F, 0xFF, 0xFF, 0x80,
    0xFF, 0xFF, 0xF8, 0x00, 0x00, 0x07, 0x80, 0x00, 0x00, 0x78, 0x00, 0x00, 0x07, 0x80, 0x00, 0x00,
    0x78, 0x00, 0x00, 0x07, 0x80, 0x00, 0x00, 0x78, 0x00, 0x00, 0x07, 0x80, 0x00, 0x00, 0x00, 0x00,
    0x00, 0x78, 0x00, 0x00, 0x03, 0xC0, 0x00, 0x00, 0x1E, 0x00, 0x00, 0x00, 0xF8, 0x00, 0x00, 0x0F,
    0xC0, 0x00, 0x00, 0xFF, 0x00, 0x00, 0x0F, 0xBC, 0x00, 0x00, 0xF8, 0xF8, 0x00, 0x3F, 0x83, 0xF0,
    0x0F, 0xF8, 0x0F, 0xF0, 0x3F, 0x0E, 0x1F, 0x81, 0xE0, 0xF0, 0x38, 0x00, 0x07, 0x80, 0x00, 0x00,
    0x3C, 0x00, 0x00, 0x01, 0xE0, 0x00, 0xFF, 0xFF, 0xFF, 0xF7, 0xFF, 0xFF, 0xFF, 0x9F, 0xFF, 0xFF,
    0xFC, 0x00, 0x00, 0x00, 0x00, 0x00, 0x00, 0x00, 0x07, 0x80, 0x00, 0x00, 0x3C, 0x00, 0x00, 0x01,
    0xE0, 0x00, 0x00, 0x0F, 0x00, 0x00, 0x00, 0x78, 0x00, 0x00, 0x03, 0xC0, 0x00, 0x00, 0x1F, 0xFF,
    0xFF, 0x00, 0xFF, 0xFF, 0xF8, 0x07, 0xFF, 0xFF, 0xC0, 0x3F, 0xFF, 0xFE, 0x00, 0x00, 0x07, 0x00,
    0x00, 0x00, 0x38, 0x00, 0x00, 0x01, 0xC0, 0x00, 0x00, 0x1F, 0x00, 0x00, 0x00, 0xF8, 0x00, 0x00,
    0x0F, 0xE0, 0x00, 0x00, 0xFF, 0x80, 0x00, 0x0F, 0xBE, 0x00, 0x01, 0xF8, 0xFC, 0x00, 0xFF, 0x83,
    0xFE, 0x0F, 0xF0, 0x07, 0xF8, 0x3E, 0x0E, 0x0F, 0x80, 0x80, 0x70, 0x08, 0x00, 0x03, 0x80, 0x00,
    0x00, 0x1C, 0x00, 0x0F, 0xFF, 0xFF, 0xFE, 0x7F, 0xFF, 0xFF, 0xF3, 0xFF, 0xFF, 0xFF, 0x80, 0x00,
    0x00, 0x00, 0x00, 0x00, 0x00, 0x00, 0x07, 0xFF, 0x00, 0x01, 0xFF, 0xFF, 0x00, 0x1F, 0xFF, 0xFC,
    0x01, 0xF8, 0x03, 0xF0, 0x0F, 0x00, 0x07, 0x80, 0x78, 0x00, 0x3C, 0x03, 0xC0, 0x01, 0xE0, 0x1F,
    0x00, 0x1F, 0x00, 0x7F, 0xFF, 0xF0, 0x01, 0xFF, 0xFF, 0x00, 0x01, 0xFF, 0xC0, 0x00, 0x00, 0x0F,
    0x00, 0x00, 0x00, 0xF0, 0x00, 0x00, 0x0F, 0x00, 0x00, 0x00, 0xF0, 0x00, 0x00, 0x1F, 0x80, 0x00,
    0x01, 0xFC, 0x00, 0x00, 0x3F, 0xC0, 0x00, 0x07, 0xDF, 0x00, 0x01, 0xF8, 0xF8, 0x00, 0x7F, 0x07,
    0xE0, 0x3F, 0xC0, 0x3F, 0xC3, 0xF8, 0x00, 0xFC, 0x3C, 0x00, 0x03, 0xC0, 0x00, 0x00, 0x00, 0x00,
    0x00, 0x00, 0x00, 0x00, 0x00, 0x00, 0xFF, 0xFF, 0xFF, 0xFF, 0xFF, 0xFF, 0xFF, 0xFF, 0xFF, 0xFF,
    0xF0, 0x00, 0xF0, 0x00, 0x00, 0x0F, 0x00, 0x00, 0x00, 0xF0, 0x00, 0x00, 0x0F, 0x00, 0x00, 0x00,
    0xF0, 0x00, 0x00, 0x0F, 0x00, 0x00, 0x00, 0xF0, 0x00, 0x00, 0x0F, 0x00, 0x00, 0x00, 0xF0, 0x00,
    0x00, 0x0F, 0x00, 0x00, 0x00, 0xF0, 0x00, 0x00, 0x00, 0x00, 0x00, 0x00, 0x78, 0x00, 0x00, 0x03,
    0xC0, 0x00, 0x00, 0x1F, 0x00, 0x00, 0x00, 0xF8, 0x00, 0x00, 0x0F, 0xE0, 0x00, 0x00, 0xFF, 0x80,
    0x00, 0x1F, 0x3F, 0x00, 0x03, 0xF0, 0xFE, 0x01, 0xFF, 0x01, 0xFF, 0x0F, 0xE0, 0x07, 0xF8, 0x3C,
    0x00, 0x07, 0x80, 0x00, 0x00, 0x00, 0x00, 0x00, 0x00, 0x03, 0xFF, 0xFF, 0xFF, 0xDF, 0xFF, 0xFF,
    0xFE, 0xFF, 0xFF, 0xFF, 0xF0, 0x00, 0x78, 0x00, 0x00, 0x03, 0xC0, 0x00, 0x00, 0x1E, 0x00, 0x00,
    0xFF, 0xFF, 0xF8, 0x07, 0xFF, 0xFF, 0xC0, 0x3F, 0xFF, 0xFE, 0x01, 0xC0, 0x00, 0xF0, 0x0E, 0x00,
    0x07, 0x80, 0x70, 0x00, 0x3C, 0x03, 0x80, 0x01, 0xE0, 0x1C, 0x00, 0x0F, 0x00, 0xFF, 0xFF, 0xF8,
    0x07, 0xFF, 0xFF, 0xC0, 0x3F, 0xFF, 0xFE, 0x00, 0x00, 0x0F, 0x00, 0x00, 0x00, 0xF0, 0x00, 0x00,
    0x0F, 0x00, 0x00, 0x00, 0xF0, 0x00, 0x00, 0x0F, 0x00, 0x00, 0x00, 0xF8, 0x00, 0x00, 0x1F, 0x80,
    0x00, 0x01, 0xFC, 0x00, 0x00, 0x3F, 0xE0, 0x00, 0x07, 0x9F, 0x00, 0x00, 0xF8, 0xF8, 0x00, 0x3F,
    0x07, 0xC0, 0x0F, 0xE0, 0x3F, 0x87, 0xF8, 0x01, 0xFE, 0x3F, 0x00, 0x07, 0xC3, 0x80, 0x00, 0x1C,
    0x00, 0x00, 0x00, 0x00, 0x00, 0x00, 0x00, 0x00, 0x00, 0x00, 0x00, 0x00, 0x00, 0x00, 0x00, 0x00,
    0x00, 0x00, 0x00, 0x00, 0x00, 0xFF, 0xFF, 0xFF, 0xFF, 0xFF, 0xFF, 0xFF, 0xFF, 0xFF, 0xFF, 0xF0,
    0x00, 0x00, 0x00, 0x00, 0x00, 0xF0, 0x00, 0x00, 0x0F, 0x00, 0x00, 0x00, 0xF8, 0x00, 0x00, 0x0F,
    0x80, 0x00, 0x01, 0xFC, 0x00, 0x00, 0x3F, 0xE0, 0x00, 0x0F, 0x9F, 0x80, 0x03, 0xF0, 0xFE, 0x03,
    0xFE, 0x03, 0xFC, 0x3F, 0x80, 0x1F, 0xC1, 0xE0, 0x00, 0x3C, 0x00, 0x00, 0x00, 0x00, 0x00, 0x00,
    0x00, 0xFF, 0xFF, 0xFF, 0xFF, 0xFF, 0xFF, 0xFF, 0xFF, 0xFF, 0xFF, 0xF0, 0x00, 0x00, 0x00, 0x00,
    0x00, 0x00, 0x00, 0xE0, 0x00, 0x78, 0x0E, 0x00, 0x07, 0x80, 0xFF, 0xFF, 0xF8, 0x0F, 0xFF, 0xFF,
    0x80, 0xFF, 0xFF, 0xF8, 0x0E, 0x00, 0x07, 0x80, 0xE0, 0x00, 0x78, 0x0E, 0x00, 0x07, 0x80, 0xE0,
    0x00, 0x78, 0x0F, 0xFF, 0xFF, 0x80, 0xFF, 0xFF, 0xF8, 0x0F, 0xFF, 0xFF, 0x80, 0x00, 0x00, 0x03,
    0x80, 0x00, 0x00, 0xF0, 0x00, 0x00, 0x3C, 0x03, 0xC0, 0x0F, 0x00, 0xF0, 0x03, 0xC0, 0x3C, 0x00,
    0xF0, 0x0F, 0x00, 0x3C, 0x03, 0xC0, 0x0F, 0x00, 0xF0, 0x03, 0xC0, 0x3C, 0x00, 0xF0, 0x0F, 0x00,
    0x3C, 0x03, 0xC0, 0x0F, 0x00, 0xF8, 0x03, 0xC0, 0x7E, 0x00, 0xF0, 0x1F, 0x80, 0x3C, 0x0F, 0xF0,
    0x0F, 0x03, 0xDC, 0x03, 0xC1, 0xE7, 0x80, 0xF0, 0x78, 0xF0, 0x3C, 0x3C, 0x3E, 0x0F, 0x3E, 0x07,
    0xC3, 0xDF, 0x80, 0xF8, 0xF7, 0xC0, 0x1E, 0x3D, 0xE0, 0x03, 0x0F, 0x20, 0x00, 0x03, 0xC0, 0x00,
    0x00, 0xF0, 0x00, 0x00, 0x3C, 0x00, 0x00, 0x0F, 0x00, 0x00, 0x03, 0xC0, 0x00, 0x00, 0xF0, 0x00,
    0x00, 0x3C, 0x00, 0x00, 0x03, 0xC0, 0x00, 0x00, 0xF0, 0x0F, 0x00, 0x3C, 0x03, 0xC0, 0x0F, 0x00,
    0xF0, 0x03, 0xC0, 0x3C, 0x00, 0xF0, 0x0F, 0x00, 0x3C, 0x03, 0xC0, 0x0F, 0x01, 0xF8, 0x03, 0xC0,
    0x7E, 0x00, 0xF0, 0x3F, 0xC0, 0x3C, 0x1E, 0x78, 0x0F, 0x0F, 0x9F, 0x03, 0xC7, 0xC3, 0xF0, 0xF7,
    0xE0, 0x7E, 0x3D, 0xF0, 0x07, 0x0F, 0x30, 0x00, 0x03, 0xC0, 0x00, 0x00, 0xF0, 0x00, 0x00, 0x00,
    0x00, 0x00, 0x00, 0x07, 0xFF, 0xFF, 0xC1, 0xFF, 0xFF, 0xF0, 0x7F, 0xFF, 0xFC, 0x00, 0x00, 0x0F,
    0x00, 0x00, 0x03, 0xC0, 0x00, 0x00, 0xF0, 0x00, 0x00, 0x3C, 0x00, 0x00, 0x0F, 0x00, 0x00, 0x03,
    0xC0, 0x00, 0x00, 0xF0, 0x00, 0x00, 0x3C, 0x00, 0x00, 0x03, 0xC0, 0x00, 0x00, 0x78, 0x03, 0xC0,
    0x0F, 0x00, 0x78, 0x01, 0xE0, 0x0F, 0x00, 0x3C, 0x01, 0xE0, 0x07, 0x80, 0x3C, 0x00, 0xF0, 0x07,
    0x80, 0x1E, 0x01, 0xF0, 0x03, 0xC0, 0x3F, 0x00, 0x78, 0x07, 0xE0, 0x0F, 0x01, 0xFE, 0x01, 0xE0,
    0x79, 0xE0, 0x3C, 0x1F, 0x3E, 0x07, 0x87, 0xC3, 0xF0, 0xF3, 0xF0, 0x3F, 0x1E, 0x7C, 0x03, 0xC3,
    0xC7, 0x00, 0x18, 0x78, 0x00, 0x00, 0x0F, 0x00, 0x00, 0x01, 0xE0, 0x00, 0x00, 0x3C, 0x07, 0x00,
    0x07, 0x80, 0xE0, 0x00, 0x00, 0x1C, 0x00, 0x00, 0x03, 0x80, 0x00, 0x00, 0x70, 0x00, 0x00, 0x0E,
    0x00, 0x00, 0x01, 0xFF, 0xFF, 0xE0, 0x3F, 0xFF, 0xFE, 0x07, 0xFF, 0xFF, 0xC0, 0xFF, 0xFF, 0xF8,
    0x00, 0x00, 0x03, 0x80, 0x1E, 0x00, 0x78, 0x03, 0xC0, 0x0F, 0x00, 0x78, 0x01, 0xE0, 0x0F, 0x00,
    0x3C, 0x01, 0xE0, 0x07, 0x80, 0x7C, 0x00, 0xF0, 0x0F, 0xC0, 0x1E, 0x03, 0xF8, 0x03, 0xC0, 0x7F,
    0x80, 0x78, 0x1E, 0x78, 0x0F, 0x07, 0xCF, 0xC1, 0xE3, 0xF0, 0xFE, 0x3C, 0xFC, 0x07, 0xC7, 0x9E,
    0x00, 0x70, 0xF1, 0x80, 0x00, 0x1E, 0x00, 0x00, 0x00, 0x00, 0x7F, 0xFF, 0xF8, 0x0F, 0xFF, 0xFF,
    0x01, 0xFF, 0xFF, 0xE0, 0x00, 0x00, 0x3C, 0x00, 0x00, 0x07, 0x80, 0xFF, 0xFF, 0xF0, 0x1F, 0xFF,
    0xFE, 0x03, 0xFF, 0xFF, 0xC0, 0x70, 0x00, 0x00, 0x0E, 0x00, 0x00, 0x01, 0xC0, 0x00, 0x00, 0x3F,
    0xFF, 0xFE, 0x07, 0xFF, 0xFF, 0xC0, 0xFF, 0xFF, 0xF8, 0x00, 0x00, 0x03, 0x80, 0x18, 0x00, 0xF0,
    0x0F, 0x00, 0x3C, 0x03, 0xC0, 0x0F, 0x00, 0xF0, 0x03, 0xC0, 0x3C, 0x00, 0xF0, 0x0F, 0x00, 0x3C,
    0x03, 0xC0, 0x0F, 0x01, 0xF8, 0x03, 0xC0, 0x7E, 0x00, 0xF0, 0x3F, 0xC0, 0x3C, 0x1E, 0xF8, 0x0F,
    0x0F, 0x9F, 0x03, 0xC7, 0xC3, 0xF0, 0xF7, 0xE0, 0x7E, 0x3D, 0xF0, 0x0F, 0x0F, 0x78, 0x00, 0x83,
    0xC0, 0x00, 0x00, 0xF0, 0x00, 0x00, 0x38, 0x00, 0xFF, 0xC0, 0x00, 0xFF, 0xFE, 0x00, 0xFF, 0xFF,
    0xC0, 0x3E, 0x00, 0xF8, 0x1E, 0x00, 0x1F, 0x07, 0x80, 0x03, 0xC1, 0xE0, 0x00, 0xF0, 0x78, 0x00,
    0x7C, 0x0F, 0x80, 0x3E, 0x03, 0xFF, 0xFF, 0x00, 0x3F, 0xFF, 0x80, 0x03, 0xFF, 0x80, 0x01, 0x80,
    0x18, 0x00, 0x3C, 0x03, 0xC0, 0x03, 0xC0, 0x3C, 0x00, 0x3C, 0x03, 0xC0, 0x03, 0xC0, 0x3C, 0x00,
    0x3C, 0x03, 0xC0, 0x03, 0xC0, 0x3C, 0x00, 0x3E, 0x03, 0xE0, 0x07, 0xE0, 0x3E, 0x00, 0x7E, 0x07,
    0xF0, 0x0F, 0xF0, 0x7F, 0x01, 0xF7, 0x8F, 0x78, 0x3E, 0x7D, 0xE3, 0xC7, 0xC3, 0xFC, 0x3F, 0x78,
    0x1F, 0xC1, 0xE3, 0x00, 0xF0, 0x06, 0x00, 0x02, 0x00, 0x00, 0x00, 0x00, 0x00, 0x00, 0x00, 0x00,
    0x00, 0x00, 0x00, 0x00, 0x00, 0x00, 0x00, 0x00, 0x00, 0x00, 0x00, 0xFF, 0xFF, 0xFF, 0xFF, 0xFF,
    0xFF, 0xFF, 0xFF, 0xFF, 0xFF, 0xF0, 0x00, 0x00, 0x0F, 0x00, 0x00, 0x00, 0x78, 0x00, 0x00, 0x03,
    0xC0, 0x0F, 0xE0, 0x1E, 0x00, 0xFF, 0x80, 0xF0, 0x0F, 0xFE, 0x07, 0x80, 0xF8, 0xF8, 0x3C, 0x07,
    0x83, 0xC1, 0xE0, 0x78, 0x0F, 0x0F, 0x03, 0xC0, 0x78, 0x78, 0x1E, 0x01, 0xC3, 0xC0, 0xE0, 0x0E,
    0x1E, 0x07, 0x00, 0x70, 0xFF, 0xB8, 0x03, 0x87, 0xFD, 0xC0, 0x1C, 0x3F, 0xEE, 0x00, 0xE1, 0xE0,
    0x78, 0x07, 0x0F, 0x03, 0xC0, 0x78, 0x78, 0x0E, 0x03, 0xC3, 0xC0, 0x78, 0x3C, 0x1E, 0x03, 0xE3,
    0xE0, 0xF0, 0x0F, 0xFE, 0x07, 0x80, 0x3F, 0xE0, 0x3C, 0x00, 0x7C, 0x01, 0xE0, 0x00, 0x00, 0x0F,
    0x00, 0x00, 0x00, 0x78, 0x00, 0x00, 0x03, 0xC0, 0x00, 0x00, 0x1E, 0x00, 0x00, 0x00, 0xF0, 0x00,
    0x00, 0x07, 0x80, 0x00, 0x00, 0x3C, 0x00, 0x00, 0x00, 0x0F, 0x00, 0x00, 0x00, 0x78, 0x00, 0xFC,
    0x03, 0xC0, 0x1F, 0xF8, 0x1E, 0x01, 0xFF, 0xE0, 0xF0, 0x1F, 0x0F, 0x87, 0x80, 0xF0, 0x3C, 0x3C,
    0x0F, 0x00, 0xF1, 0xE0, 0x78, 0x07, 0x8F, 0x03, 0x80, 0x1C, 0x7F, 0x9C, 0x00, 0xE3, 0xFC, 0xF0,
    0x0F, 0x1F, 0xE7, 0x80, 0x78, 0xF0, 0x1E, 0x07, 0x87, 0x80, 0xF8, 0x7C, 0x3C, 0x03, 0xFF, 0xC1,
    0xE0, 0x0F, 0xFC, 0x0F, 0x00, 0x1F, 0x80, 0x78, 0x00, 0x00, 0x03, 0xC0, 0x00, 0x00, 0x1E, 0x00,
    0x78, 0x00, 0xF0, 0x03, 0xC0, 0x07, 0x80, 0x1E, 0x00, 0x1C, 0x00, 0xF0, 0x00, 0x00, 0x07, 0x80,
    0x00, 0x00, 0x3C, 0x00, 0x00, 0x01, 0xE0, 0x00, 0x00, 0x0F, 0xFF, 0xFF, 0x00, 0x7F, 0xFF, 0xF8,
    0x03, 0xFF, 0xFF, 0xC0, 0x1F, 0xFF, 0xFE, 0x00, 0x00, 0x00, 0x07, 0x00, 0x00, 0x00, 0x38, 0x01,
    0xFC, 0x01, 0xC0, 0x1F, 0xF8, 0x0E, 0x01, 0xFF, 0xE0, 0x70, 0x1F, 0x0F, 0x83, 0x81, 0xE0, 0x1E,
    0x1C, 0x0F, 0x00, 0xF0, 0xFF, 0x70, 0x07, 0x87, 0xFB, 0x80, 0x3C, 0x3F, 0xDE, 0x01, 0xE1, 0xC0,
    0xF0, 0x0F, 0x0E, 0x03, 0xE1, 0xF0, 0x70, 0x0F, 0xFF, 0x03, 0x80, 0x3F, 0xF0, 0x1C, 0x00, 0xFE,
    0x00, 0xE0, 0x00, 0x00, 0x38, 0x00, 0x00, 0x01, 0xC0, 0x00, 0x00, 0x0E, 0x00, 0x3C, 0x1F, 0xFF,
    0xC1, 0xE0, 0xFF, 0xFE, 0x0F, 0x07, 0xFF, 0xF0, 0x78, 0x03, 0xF8, 0x03, 0xC0, 0x3F, 0xE0, 0x1E,
    0x03, 0xFF, 0x80, 0xF0, 0x1C, 0x1C, 0x07, 0x8E, 0xE0, 0xE0, 0x3F, 0xF7, 0x07, 0x01, 0xFF, 0xBF,
    0xF8, 0x0F, 0xF0, 0xFF, 0x80, 0x00, 0x03, 0xF8, 0x00, 0x00, 0x00, 0x07, 0x00, 0x00, 0x00, 0x38,
    0x00, 0xFC, 0x01, 0xC0, 0x1F, 0xF8, 0x0E, 0x01, 0xFF, 0xE0, 0x70, 0x1F, 0x0F, 0x83, 0x81, 0xF0,
    0x3E, 0x1C, 0x0F, 0x00, 0xF0, 0xFF, 0x78, 0x07, 0x87, 0xFB, 0x80, 0x1C, 0x3F, 0xDE, 0x01, 0xE1,
    0xC0, 0xF0, 0x0F, 0x0E, 0x07, 0xC0, 0xF8, 0x70, 0x1F, 0x0F, 0x83, 0x80, 0x7F, 0xF8, 0x1C, 0x01,
    0xFF, 0x80, 0xE0, 0x03, 0xF0, 0x07, 0x00, 0x00, 0x00, 0x38, 0x00, 0x00, 0x00, 0x00, 0x0F, 0xFF,
    0xFE, 0x00, 0x7F, 0xFF, 0xF0, 0x03, 0xFF, 0xFF, 0x80, 0x1C, 0x00, 0x1C, 0x00, 0xE0, 0x00, 0xE0,
    0x07, 0x00, 0x07, 0x00, 0x38, 0x00, 0x38, 0x01, 0xC0, 0x01, 0xC0, 0x0E, 0x00, 0x0E, 0x00, 0x7F,
    0xFF, 0xF0, 0x03, 0xFF, 0xFF, 0x80, 0x1F, 0xFF, 0xFC, 0x00, 0x00, 0x00, 0x0F, 0x00, 0x00, 0x00,
    0x78, 0x00, 0xFC, 0x03, 0xC0, 0x1F, 0xF8, 0x1E, 0x01, 0xFF, 0xE0, 0xF0, 0x1F, 0x0F, 0x87, 0x81,
    0xF0, 0x1E, 0x3C, 0x0F, 0x00, 0xF1, 0xFE, 0x78, 0x07, 0x8F, 0xF3, 0x80, 0x1C, 0x7F, 0x9E, 0x01,
    0xE3, 0xC0, 0xF0, 0x0F, 0x1E, 0x07, 0xC0, 0xF8, 0xF0, 0x1F, 0x0F, 0x87, 0x80, 0x7F, 0xF8, 0x3C,
    0x01, 0xFF, 0x81, 0xE0, 0x03, 0xF0, 0x0F, 0x00, 0x00, 0x00, 0x38, 0x00, 0x10, 0x02, 0x00, 0x03,
    0xC0, 0x78, 0x00, 0x1E, 0x03, 0xC0, 0x00, 0xF0, 0x1E, 0x00, 0x07, 0x80, 0xF0, 0x00, 0x7E, 0x0F,
    0xC0, 0x03, 0xF0, 0x7E, 0x00, 0x3F, 0xC7, 0xF8, 0x03, 0xCF, 0x79, 0xE0, 0x7C, 0x7F, 0xC7, 0xC3,
    0xC1, 0xFC, 0x1E, 0x0C, 0x03, 0xC0, 0x70, 0x00, 0x08, 0x00, 0x00, 0x00, 0x00, 0x01, 0xC0, 0x00,
    0x07, 0x1C, 0x00, 0x00, 0x71, 0xC0, 0x7E, 0x07, 0x1C, 0x1F, 0xF0, 0x71, 0xC3, 0xFF, 0x87, 0x1C,
    0x3C, 0x3C, 0x71, 0xC7, 0x81, 0xE7, 0x1C, 0x70, 0x1E, 0x71, 0xC7, 0x00, 0xE7, 0xFC, 0x70, 0x0E,
    0x7F, 0xC7, 0x00, 0xE7, 0xFC, 0x70, 0x1E, 0x71, 0xC7, 0x81, 0xE7, 0x1C, 0x3C, 0x3C, 0x71, 0xC3,
    0xFF, 0x87, 0x1C, 0x1F, 0xF0, 0x71, 0xC0, 0x7E, 0x07, 0x1C, 0x00, 0x00, 0x71, 0xC0, 0x00, 0x07,
    0x1C, 0x01, 0xC0, 0x71, 0xC0, 0x3C, 0x07, 0x1C, 0x03, 0xC0, 0x01, 0xC0, 0x3C, 0x00, 0x00, 0x03,
    0xC0, 0x00, 0x00, 0x3C, 0x00, 0x00, 0x03, 0xC0, 0x00, 0x00, 0x3F, 0xFF, 0xFE, 0x03, 0xFF, 0xFF,
    0xE0, 0x3F, 0xFF, 0xFE, 0x03, 0xFF, 0xFF, 0xE0, 0x00, 0x00, 0x01, 0xC0, 0x00, 0x07, 0x1C, 0x07,
    0xE0, 0x71, 0xC1, 0xFF, 0x87, 0x1C, 0x3F, 0xFC, 0x71, 0xC7, 0xC3, 0xC7, 0x1C, 0x78, 0x1E, 0x71,
    0xC7, 0x00, 0xE7, 0xFC, 0x70, 0x0E, 0x7F, 0xC7, 0x00, 0xE7, 0xFC, 0x78, 0x1E, 0x71, 0xC7, 0xC3,
    0xC7, 0x1C, 0x3F, 0xFC, 0x71, 0xC1, 0xFF, 0x87, 0x1C, 0x07, 0xE0, 0x71, 0xC0, 0x00, 0x07, 0x1C,
    0x00, 0x00, 0x01, 0xC0, 0x3F, 0xFF, 0xFC, 0x03, 0xFF, 0xFF, 0xC0, 0x3F, 0xFF, 0xFC, 0x00, 0x00,
    0x01, 0xC0, 0x00, 0x00, 0x1C, 0x03, 0xFF, 0xFF, 0xC0, 0x3F, 0xFF, 0xFC, 0x03, 0xFF, 0xFF, 0xC0,
    0x3C, 0x00, 0x00, 0x03, 0xC0, 0x00, 0x00, 0x3F, 0xFF, 0xFE, 0x03, 0xFF, 0xFF, 0xF0, 0x3F, 0xFF,
    0xFF, 0x03, 0xFF, 0xFF, 0xF0, 0x00, 0x00, 0x07, 0x00, 0x00, 0x00, 0x78, 0x00, 0x00, 0x03, 0xC0,
    0x0F, 0xE0, 0x1E, 0x00, 0xFF, 0x80, 0xF0, 0x0F, 0xFE, 0x07, 0x80, 0xF8, 0xF8, 0x3C, 0x07, 0x83,
    0xC1, 0xE0, 0x78, 0x0F, 0x0F, 0xFB, 0xC0, 0x78, 0x7F, 0xDE, 0x01, 0xC3, 0xFE, 0xE0, 0x0E, 0x1E,
    0x07, 0x00, 0x70, 0xF0, 0x38, 0x03, 0x87, 0x81, 0xC0, 0x1C, 0x3C, 0x0E, 0x00, 0xE1, 0xE0, 0x78,
    0x07, 0x0F, 0x03, 0xC0, 0x78, 0x7F, 0xCE, 0x03, 0xC3, 0xFE, 0x78, 0x3C, 0x1F, 0xF3, 0xE3, 0xE0,
    0xF0, 0x0F, 0xFE, 0x07, 0x80, 0x3F, 0xE0, 0x3C, 0x00, 0x7C, 0x01, 0xE0, 0x00, 0x00, 0x0F, 0x00,
    0x00, 0x00, 0x78, 0x00, 0x00, 0x03, 0xC0, 0x00, 0x00, 0x1E, 0x00, 0x00, 0x00, 0xF0, 0x00, 0x00,
    0x07, 0x80, 0x00, 0x00, 0x3C, 0x00, 0x00, 0x00, 0x07, 0x00, 0x00, 0x00, 0x38, 0x01, 0xFE, 0x01,
    0xC0, 0x3F, 0xFC, 0x0E, 0x03, 0xFF, 0xF0, 0x7F, 0x9E, 0x07, 0x83, 0xFD, 0xE0, 0x1E, 0x1F, 0xCF,
    0x00, 0xF0, 0xE0, 0x70, 0x07, 0x87, 0x03, 0x80, 0x3C, 0x38, 0x1E, 0x01, 0xE1, 0xFE, 0xF0, 0x1F,
    0x0F, 0xF3, 0xE1, 0xF0, 0x7F, 0x0F, 0xFF, 0x03, 0x80, 0x3F, 0xF0, 0x1C, 0x00, 0x7E, 0x00, 0xE0,
    0x00, 0x00, 0x00, 0x00, 0x00, 0x00, 0x00, 0x07, 0xFE, 0xF1, 0xC0, 0x3F, 0xF7, 0x8E, 0x01, 0xFF,
    0xBC, 0x70, 0x00, 0x3D, 0xFF, 0x80, 0x01, 0xEF, 0xFC, 0x03, 0xFF, 0x7F, 0xE0, 0x1F, 0xFB, 0xC7,
    0x00, 0xF0, 0x1E, 0x38, 0x07, 0x00, 0xF1, 0xC0, 0x38, 0x07, 0x8E, 0x01, 0xFF, 0xFF, 0xF0, 0x0F,
    0xFF, 0xFF, 0x80, 0x7F, 0xEF, 0xFC, 0x00, 0x00, 0x00, 0x00, 0x00, 0x00, 0x00, 0x38, 0x00, 0x00,
    0x01, 0xC0, 0x0F, 0xF0, 0x0E, 0x01, 0xFF, 0xE0, 0x70, 0x0F, 0xFF, 0x83, 0xFC, 0xF0, 0x3C, 0x1F,
    0xEF, 0x00, 0xF0, 0xFF, 0x78, 0x07, 0x87, 0x03, 0xC0, 0x1C, 0x38, 0x1C, 0x00, 0xE1, 0xC0, 0xF0,
    0x0F, 0x0E, 0x07, 0x80, 0x78, 0x7F, 0xBE, 0x07, 0xC3, 0xFC, 0xF8, 0x7C, 0x1F, 0xE3, 0xFF, 0xC0,
    0xE0, 0x0F, 0xFC, 0x07, 0x00, 0x1F, 0x80, 0x38, 0x00, 0x00, 0x01, 0xC0, 0x00, 0x00, 0x00, 0x00,
    0x07, 0xFE, 0x00, 0x00, 0xFF, 0xFE, 0x00, 0x0F, 0xFF, 0xF8, 0x00, 0xF8, 0x07, 0xE0, 0x0F, 0x80,
    0x0F, 0x00, 0x78, 0x00, 0x3C, 0x03, 0xC0, 0x01, 0xE0, 0x1F, 0x00, 0x1E, 0x00, 0x7C, 0x03, 0xF0,
    0x01, 0xFF, 0xFF, 0x00, 0x07, 0xFF, 0xF0, 0x00, 0x0F, 0xFC, 0x00, 0x00, 0x00, 0x00, 0x00, 0x00,
    0x03, 0xC0, 0x00, 0x01, 0xE1, 0xFC, 0x00, 0xF1, 0xFF, 0x00, 0x79, 0xFF, 0xC0, 0x3D, 0xF1, 0xF0,
    0x1E, 0xF0, 0x78, 0x0F, 0x70, 0x1C, 0x07, 0xF8, 0x0F, 0x03, 0xFC, 0x07, 0x81, 0xFE, 0x01, 0xC0,
    0xFE, 0x00, 0xFF, 0xFF, 0x00, 0x7F, 0xFF, 0x80, 0x3F, 0xFF, 0xE0, 0x1C, 0x0F, 0xF0, 0x1E, 0x07,
    0xF8, 0x0F, 0x03, 0xDC, 0x07, 0x01, 0xEF, 0x07, 0x80, 0xF3, 0xC7, 0xC0, 0x79, 0xFF, 0xC0, 0x3C,
    0x7F, 0xC0, 0x1E, 0x0F, 0x80, 0x0F, 0x00, 0x00, 0x07, 0x80, 0x00, 0x03, 0xC0, 0x00, 0x01, 0xE0,
    0x00, 0x00, 0xF0, 0x00, 0x00, 0x78, 0x00, 0x00, 0x3C, 0x00, 0x00, 0x1E, 0x00, 0x00, 0x00, 0x00,
    0x00, 0x00, 0x78, 0x00, 0x00, 0x0F, 0x01, 0xF8, 0x01, 0xE0, 0xFF, 0xC0, 0x3C, 0x3F, 0xFC, 0x07,
    0x8F, 0x87, 0xC0, 0xF3, 0xE0, 0x7C, 0x1E, 0x78, 0x07, 0x83, 0xCF, 0x00, 0xFF, 0xF9, 0xC0, 0x0F,
    0xFF, 0x3C, 0x03, 0xFF, 0xE7, 0x80, 0x78, 0x3C, 0xF8, 0x1F, 0x07, 0x8F, 0x87, 0xC0, 0xF0, 0xFF,
    0xF0, 0x1E, 0x0F, 0xFC, 0x03, 0xC0, 0x7E, 0x00, 0x78, 0x00, 0x00, 0x0F, 0x00, 0x00, 0x01, 0xE0,
    0x00, 0x00, 0x3C, 0x07, 0x80, 0x07, 0x80, 0xF0, 0x00, 0xF0, 0x1E, 0x00, 0x00, 0x03, 0xC0, 0x00,
    0x00, 0x78, 0x00, 0x00, 0x0F, 0x00, 0x00, 0x01, 0xE0, 0x00, 0x00, 0x3F, 0xFF, 0xFE, 0x07, 0xFF,
    0xFF, 0xC0, 0xFF, 0xFF, 0xF8, 0x1F, 0xFF, 0xFF, 0x00, 0x00, 0x03, 0x80, 0x7E, 0x00, 0x78, 0x3F,
    0xF0, 0x0F, 0x0F, 0xFF, 0x01, 0xE3, 0xE1, 0xF0, 0x3C, 0xF0, 0x0F, 0x07, 0x9E, 0x01, 0xE0, 0xF3,
    0x80, 0x1F, 0xFE, 0x70, 0x03, 0xFF, 0xCF, 0x00, 0xFF, 0xF9, 0xE0, 0x1E, 0x0F, 0x1F, 0x0F, 0x81,
    0xE1, 0xFF, 0xE0, 0x3C, 0x1F, 0xF8, 0x07, 0x81, 0xFC, 0x00, 0xF0, 0x00, 0x00, 0x1E, 0x00, 0x00,
    0x00, 0x00, 0x7F, 0xFF, 0xF8, 0x0F, 0xFF, 0xFF, 0x01, 0xFF, 0xFF, 0xE0, 0x00, 0x00, 0x3C, 0x00,
    0x00, 0x07, 0x80, 0xFF, 0xFF, 0xF0, 0x1F, 0xFF, 0xFE, 0x03, 0xFF, 0xFF, 0xC0, 0x78, 0x00, 0x00,
    0x0F, 0x00, 0x00, 0x01, 0xFF, 0xFF, 0xE0, 0x3F, 0xFF, 0xFE, 0x07, 0xFF, 0xFF, 0xC0, 0xFF, 0xFF,
    0xF8, 0x00, 0x00, 0x03, 0xC0, 0x00, 0x00, 0xF0, 0x7F, 0x00, 0x3C, 0x3F, 0xF0, 0x0F, 0x1F, 0xFE,
    0x03, 0xCF, 0x87, 0xC0, 0xF7, 0x80, 0x78, 0x3D, 0xE0, 0x1F, 0xFF, 0x70, 0x07, 0xFF, 0xDC, 0x01,
    0xFF, 0xF7, 0x80, 0x78, 0x3D, 0xE0, 0x1E, 0x0F, 0x3E, 0x1F, 0x03, 0xC7, 0xFF, 0x80, 0xF0, 0xFF,
    0xC0, 0x3C, 0x0F, 0xC0, 0x0F, 0x00, 0x00, 0x01, 0xC0, 0x00, 0x00, 0x00, 0x00, 0x00, 0x00, 0x0F,
    0x00, 0x0F, 0x03, 0xC0, 0x03, 0xC0, 0xFF, 0xFF, 0xF0, 0x3F, 0xFF, 0xFC, 0x0F, 0xFF, 0xFF, 0x03,
    0xC0, 0x03, 0xC0, 0xF0, 0x00, 0xF0, 0x3C, 0x00, 0x3C, 0x0F, 0x00, 0x0F, 0x03, 0xFF, 0xFF, 0xC0,
    0xFF, 0xFF, 0xF0, 0x3F, 0xFF, 0xFC, 0x00, 0x00, 0x03, 0xC0, 0x1F, 0x80, 0x1E, 0x03, 0xFF, 0x00,
    0xF0, 0x3F, 0xFC, 0x07, 0x83, 0xE1, 0xF0, 0x3C, 0x3C, 0x07, 0xC1, 0xE1, 0xE0, 0x1E, 0x0F, 0x0F,
    0x00, 0xFF, 0xF8, 0x70, 0x07, 0xFF, 0xC3, 0xC0, 0x3F, 0xFE, 0x1E, 0x01, 0xE0, 0xF0, 0xF8, 0x1F,
    0x07, 0x83, 0xE1, 0xF0, 0x3C, 0x0F, 0xFF, 0x01, 0xE0, 0x3F, 0xF0, 0x0F, 0x00, 0x7E, 0x00, 0x78,
    0x00, 0x00, 0x01, 0x80, 0x00, 0x00, 0x00, 0x03, 0x83, 0x83, 0xC0, 0x1C, 0x1C, 0x1E, 0x00, 0xE0,
    0xE0, 0xF0, 0x07, 0xFF, 0x07, 0x80, 0x3F, 0xF8, 0x3C, 0x01, 0xFF, 0xC1, 0xE0, 0x0E, 0x0E, 0x1F,
    0x80, 0x70, 0x70, 0xFC, 0x03, 0x83, 0x8F, 0xF0, 0x1C, 0x1C, 0xF3, 0xC0, 0xFF, 0xFF, 0x9F, 0x87,
    0xFF, 0x78, 0x78, 0x3F, 0xFB, 0x01, 0xC0, 0x00, 0x00, 0x00, 0x00, 0x00, 0x03, 0x00, 0x00, 0x00,
    0x78, 0x07, 0xE0, 0x07, 0x81, 0xFF, 0x80, 0x78, 0x3F, 0xFC, 0x07, 0x87, 0xC3, 0xE0, 0x78, 0xF0,
    0x0F, 0x07, 0x8F, 0x00, 0xF0, 0x78, 0xE0, 0x07, 0xFF, 0x8E, 0x00, 0x7F, 0xF8, 0xF0, 0x0F, 0xFF,
    0x8F, 0x00, 0xF0, 0x78, 0x7C, 0x3E, 0x07, 0x83, 0xFF, 0xC0, 0x78, 0x1F, 0xF8, 0x07, 0x80, 0x7E,
    0x00, 0x78, 0x00, 0x00, 0x07, 0x80, 0x00, 0x00, 0x78, 0x00, 0x00, 0x00, 0x00, 0x1E, 0x03, 0xC0,
    0x01, 0xE0, 0x3C, 0x00, 0x1E, 0x03, 0xC0, 0x01, 0xE0, 0x3C, 0x00, 0x3E, 0x07, 0xC0, 0x03, 0xF0,
    0x7E, 0x00, 0x7F, 0x0F, 0xF0, 0x0F, 0x78, 0xFF, 0x83, 0xF3, 0xFE, 0x7C, 0x7E, 0x1F, 0xC3, 0xE3,
    0x80, 0xF8, 0x1E, 0x10, 0x07, 0x00, 0x40, 0x00, 0x00, 0x01, 0xC0, 0x00, 0x0E, 0x38, 0x00, 0x01,
    0xC7, 0x07, 0xE0, 0x38, 0xE1, 0xFF, 0x07, 0x1C, 0x3F, 0xE0, 0xE3, 0x8F, 0x1E, 0x1C, 0x71, 0xC1,
    0xC3, 0x8E, 0x78, 0x3C, 0x71, 0xCF, 0x07, 0x8E, 0x39, 0xC0, 0xF1, 0xC7, 0x38, 0x0E, 0x38, 0xE7,
    0x01, 0xFF, 0x1C, 0xE0, 0x3F, 0xE3, 0x9C, 0x07, 0xFC, 0x73, 0x80, 0xE3, 0x8E, 0x70, 0x3C, 0x71,
    0xCF, 0x07, 0x8E, 0x39, 0xE0, 0xF1, 0xC7, 0x1C, 0x1C, 0x38, 0xE3, 0xC7, 0x87, 0x1C, 0x3F, 0xE0,
    0xE3, 0x87, 0xF8, 0x1C, 0x70, 0x7E, 0x03, 0x8E, 0x00, 0x00, 0x71, 0xC0, 0x00, 0x0E, 0x38, 0x00,
    0x01, 0xC7, 0x00, 0x00, 0x38, 0xE0, 0x00, 0x07, 0x1C, 0x00, 0x00, 0xE3, 0x80, 0x00, 0x00, 0x70,
    0x00, 0x00, 0x07, 0x80, 0x00, 0x03, 0xC0, 0x00, 0x01, 0xE1, 0xFC, 0x00, 0xF1, 0xFF, 0x00, 0x79,
    0xFF, 0xC0, 0x3D, 0xF1, 0xF0, 0x1E, 0xF0, 0x7F, 0xFF, 0x70, 0x1F, 0xFF, 0xF8, 0x0F, 0xFF, 0xFC,
    0x03, 0x81, 0xFE, 0x01, 0xC0, 0xFE, 0x00, 0xE0, 0x7F, 0x00, 0x70, 0x3F, 0x80, 0x38, 0x1F, 0xE0,
    0x1C, 0x0F, 0xF0, 0x0F, 0xFF, 0xF8, 0x0F, 0xFF, 0xDC, 0x07, 0xFF, 0xEF, 0x07, 0x80, 0xF3, 0xC7,
    0xC0, 0x79, 0xFF, 0xC0, 0x3C, 0x7F, 0xC0, 0x1E, 0x0F, 0x80, 0x0F, 0x00, 0x00, 0x07, 0x80, 0x00,
    0x03, 0xC0, 0x00, 0x01, 0xE0, 0x00, 0x00, 0xF0, 0x00, 0x00, 0x78, 0x00, 0x00, 0x3C, 0x00, 0x00,
    0x1E, 0x00, 0x00, 0x00, 0x00, 0x00, 0x00, 0xF0, 0x1E, 0x00, 0x3C, 0x3F, 0xF0, 0x0F, 0x1F, 0xFE,
    0x03, 0xCF, 0xCF, 0xFF, 0xF3, 0xC0, 0xFF, 0xFD, 0xE0, 0x1F, 0xFF, 0x78, 0x07, 0x83, 0xDC, 0x00,
    0xE0, 0xF7, 0x00, 0x78, 0x3D, 0xE0, 0x1F, 0xFF, 0x78, 0x0F, 0xFF, 0xCF, 0x87, 0xFF, 0xF1, 0xFF,
    0xF0, 0x3C, 0x3F, 0xF0, 0x0F, 0x03, 0xF0, 0x03, 0xC0, 0x00, 0x00, 0xF0, 0x00, 0x00, 0x00, 0x00,
    0x00, 0x00, 0x07, 0xFF, 0xFF, 0xC1, 0xFF, 0xFF, 0xF0, 0x7F, 0xFF, 0xFC, 0x00, 0x00, 0x0F, 0x00,
    0x00, 0x03, 0xC0, 0x00, 0x00, 0xF0, 0x00, 0x00, 0x3C, 0x00, 0x00, 0x0F, 0x00, 0x00, 0x03, 0xC0,
    0x00, 0x00, 0xF0, 0x00, 0x00, 0x3C, 0x00, 0x00, 0x03, 0x80, 0x00, 0x00, 0x70, 0x07, 0x80, 0x0E,
    0x07, 0xFC, 0x01, 0xC1, 0xFF, 0xE0, 0x38, 0x7F, 0xFF, 0xFF, 0x0F, 0x03, 0xFF, 0xE3, 0xC0, 0x3F,
    0xFC, 0x78, 0x07, 0x83, 0x8E, 0x00, 0xF0, 0x71, 0xC0, 0x0E, 0x0E, 0x3C, 0x03, 0xC1, 0xC7, 0x80,
    0x7F, 0xF8, 0x78, 0x1F, 0xFF, 0x0F, 0x87, 0xFF, 0xE0, 0xFF, 0xFF, 0xFC, 0x0F, 0xFC, 0x03, 0x80,
    0x7E, 0x00, 0x70, 0x00, 0x00, 0x0E, 0x00, 0x00, 0x01, 0xC0, 0x3C, 0x00, 0x38, 0x07, 0x80, 0x07,
    0x00, 0xF0, 0x00, 0xE0, 0x1E, 0x00, 0x00, 0x03, 0xC0, 0x00, 0x00, 0x78, 0x00, 0x00, 0x0F, 0x00,
    0x00, 0x01, 0xFF, 0xFF, 0xE0, 0x3F, 0xFF, 0xFC, 0x07, 0xFF, 0xFF, 0x80, 0xFF, 0xFF, 0xF0, 0x00,
    0x00, 0x01, 0x80, 0x18, 0x00, 0x78, 0x3F, 0xF0, 0x0F, 0x0F, 0xFF, 0x01, 0xE3, 0xFF, 0xFF, 0xFC,
    0xF8, 0x1F, 0xFF, 0x9E, 0x01, 0xFF, 0xF3, 0x80, 0x3C, 0x1E, 0x70, 0x03, 0x83, 0xCF, 0x00, 0xF0,
    0x79, 0xE0, 0x1F, 0xFF, 0x1F, 0x0F, 0xFF, 0xE3, 0xFF, 0xFF, 0xFC, 0x1F, 0xF8, 0x07, 0x81, 0xFE,
    0x00, 0xF0, 0x00, 0x00, 0x1E, 0x00, 0x00, 0x00, 0x00, 0x7F, 0xFF, 0xF8, 0x0F, 0xFF, 0xFF, 0x01,
    0xFF, 0xFF, 0xE0, 0x00, 0x00, 0x3C, 0x00, 0x00, 0x07, 0x80, 0xFF, 0xFF, 0xF0, 0x1F, 0xFF, 0xFE,
    0x03, 0xFF, 0xFF, 0xC0, 0x78, 0x00, 0x00, 0x0F, 0x00, 0x00, 0x01, 0xFF, 0xFF, 0xE0, 0x3F, 0xFF,
    0xFE, 0x07, 0xFF, 0xFF, 0xC0, 0xFF, 0xFF, 0xF8, 0x00, 0x00, 0x03, 0x80, 0x30, 0x00, 0xF0, 0x7F,
    0x80, 0x3C, 0x7F, 0xF8, 0x0F, 0x3F, 0xFF, 0xFF, 0xCF, 0x03, 0xFF, 0xF7, 0x80, 0x7F, 0xFD, 0xE0,
    0x1E, 0x0F, 0x70, 0x03, 0x83, 0xDC, 0x01, 0xE0, 0xF7, 0x80, 0x78, 0x3D, 0xE0, 0x1F, 0xFF, 0x3E,
    0x1F, 0xFF, 0xC7, 0xFF, 0xFF, 0xF0, 0xFF, 0xC0, 0x3C, 0x0F, 0xC0, 0x0F, 0x00, 0x00, 0x03, 0x80,
    0x00, 0x00, 0x00, 0x00, 0x00, 0x00, 0x0F, 0x00, 0x0F, 0x03, 0xC0, 0x03, 0xC0, 0xFF, 0xFF, 0xF0,
    0x3F, 0xFF, 0xFC, 0x0F, 0xFF, 0xFF, 0x03, 0xC0, 0x03, 0xC0, 0xF0, 0x00, 0xF0, 0x3C, 0x00, 0x3C,
    0x0F, 0x00, 0x0F, 0x03, 0xFF, 0xFF, 0xC0, 0xFF, 0xFF, 0xF0, 0x3F, 0xFF, 0xFC, 0x00, 0x00, 0x01,
    0xC0, 0x00, 0x0E, 0x38, 0x00, 0x01, 0xC7, 0x07, 0xE0, 0x38, 0xE1, 0xFF, 0x07, 0x1C, 0x3F, 0xE0,
    0xE3, 0x8F, 0x1E, 0x1C, 0x71, 0xC1, 0xFF, 0x8E, 0x78, 0x3F, 0xF1, 0xCF, 0x07, 0xFE, 0x39, 0xC0,
    0x71, 0xC7, 0x38, 0x0E, 0x38, 0xE7, 0x01, 0xC7, 0x1C, 0xE0, 0x38, 0xE3, 0x9C, 0x07, 0x1C, 0x73,
    0x80, 0xE3, 0x8E, 0x70, 0x1C, 0x71, 0xCF, 0x07, 0xFE, 0x39, 0xE0, 0xFF, 0xC7, 0x1C, 0x1F, 0xF8,
    0xE3, 0xC7, 0x87, 0x1C, 0x3F, 0xE0, 0xE3, 0x87, 0xF8, 0x1C, 0x70, 0x7E, 0x03, 0x8E, 0x00, 0x00,
    0x71, 0xC0, 0x00, 0x0E, 0x38, 0x00, 0x01, 0xC7, 0x00, 0x00, 0x38, 0xE0, 0x00, 0x07, 0x1C, 0x00,
    0x00, 0xE3, 0x80, 0x00, 0x00, 0x70, 0x00, 0x3F, 0xC0, 0x00, 0x0F, 0xFF, 0xC0, 0x00, 0xFF, 0xFF,
    0x80, 0x0F, 0xC0, 0xFE, 0x00, 0xF8, 0x00, 0xF8, 0x0F, 0x00, 0x03, 0xC0, 0x78, 0x00, 0x0E, 0x03,
    0xC0, 0x00, 0x78, 0x1E, 0x00, 0x03, 0xC0, 0xF0, 0x00, 0x1C, 0x07, 0x80, 0x01, 0xE0, 0x1E, 0x00,
    0x1F, 0x00, 0x7C, 0x03, 0xF0, 0x01, 0xFF, 0xFF, 0x00, 0x07, 0xFF, 0xE0, 0x00, 0x07, 0xFC, 0x00,
    0x00, 0x0F, 0x00, 0x00, 0x00, 0x78, 0x00, 0x00, 0x03, 0xC0, 0x00, 0x00, 0x1E, 0x00, 0x00, 0x00,
    0xF0, 0x00, 0x00, 0x07, 0x80, 0x03, 0xFF, 0xFF, 0xFF, 0xDF, 0xFF, 0xFF, 0xFE, 0xFF, 0xFF, 0xFF,
    0xF0, 0x00, 0x00, 0x00, 0x00, 0x00, 0x1F, 0xC0, 0x00, 0x1F, 0xFF, 0xC0, 0x07, 0xFF, 0xFE, 0x00,
    0xFC, 0x03, 0xF0, 0x1F, 0x00, 0x07, 0x81, 0xE0, 0x00, 0x78, 0x1E, 0x00, 0x07, 0x80, 0xF8, 0x00,
    0xF8, 0x0F, 0xFF, 0xFF, 0x00, 0x3F, 0xFF, 0xE0, 0x00, 0xFF, 0xF0, 0x00, 0x00, 0xF0, 0x00, 0x00,
    0x0F, 0x00, 0x0F, 0xFF, 0xFF, 0xFF, 0xFF, 0xFF, 0xFF, 0xFF, 0xFF, 0xFF, 0xFF, 0x00, 0x00, 0x00,
    0x00, 0x00, 0x00, 0x00, 0x0F, 0xFF, 0xFF, 0x80, 0xFF, 0xFF, 0xF8, 0x0F, 0xFF, 0xFF, 0x80, 0x00,
    0x00, 0x78, 0x00, 0x00, 0x07, 0x80, 0xFF, 0xFF, 0xF8, 0x0F, 0xFF, 0xFF, 0x80, 0xFF, 0xFF, 0xF0,
    0x0E, 0x00, 0x00, 0x00, 0xE0, 0x00, 0x00, 0x0F, 0xFF, 0xFF, 0x80, 0xFF, 0xFF, 0xF8, 0x0F, 0xFF,
    0xFF, 0x80, 0x00, 0x00, 0x07, 0x00, 0x00, 0x00, 0x78, 0x00, 0xFE, 0x03, 0xC0, 0x0F, 0xFC, 0x1E,
    0x01, 0xFF, 0xF0, 0xF0, 0x0F, 0x87, 0xC7, 0x80, 0xF0, 0x1F, 0x3C, 0x07, 0x80, 0x79, 0xE0, 0x38,
    0x03, 0xCF, 0x03, 0xC0, 0x1E, 0x78, 0x0E, 0x00, 0xF3, 0xC0, 0x78, 0x07, 0x9E, 0x03, 0xC0, 0x7C,
    0xF0, 0x0F, 0x87, 0xC7, 0xFC, 0x7F, 0xFC, 0x3F, 0xE0, 0xFF, 0xC1, 0xFE, 0x03, 0xF8, 0x0F, 0x00,
    0x07, 0x80, 0x78, 0x00, 0x3C, 0x03, 0xC0, 0x01, 0xE0, 0x1E, 0x00, 0x0F, 0x00, 0xF0, 0x3F, 0xFF,
    0xF7, 0x83, 0xFF, 0xFF, 0xBC, 0x0F, 0xFF, 0xFD, 0xE0, 0x7F, 0x00, 0x0F, 0x00, 0x00, 0x00, 0x78,
    0x00, 0x00, 0x03, 0xC0, 0x00, 0x00, 0x1E, 0x00, 0x00, 0x00, 0xF0, 0x00, 0x00, 0x07, 0x80, 0x00,
    0x00, 0x3C, 0x00, 0x00, 0x00, 0x07, 0x00, 0x0F, 0xC0, 0x38, 0x01, 0xFF, 0x81, 0xC0, 0x3F, 0xFE,
    0x0E, 0x01, 0xF0, 0xF0, 0x70, 0x1E, 0x03, 0xC3, 0x80, 0xF0, 0x1E, 0x1C, 0x07, 0x00, 0x70, 0xE0,
    0x38, 0x03, 0x87, 0x01, 0xE0, 0x3C, 0x38, 0x07, 0x83, 0xC1, 0xFC, 0x3F, 0xFE, 0x0F, 0xE0, 0xFF,
    0xE0, 0x7F, 0x01, 0xFC, 0x03, 0xC0, 0x03, 0x80, 0x1C, 0x00, 0x1C, 0x0C, 0xE0, 0xFF, 0xFF, 0xE7,
    0x07, 0xFF, 0xFF, 0x38, 0x1F, 0xFF, 0xC1, 0xC0, 0x00, 0x00, 0x0E, 0x00, 0x00, 0x00, 0x70, 0x03,
    0x80, 0x03, 0x80, 0x3C, 0x00, 0x1C, 0x01, 0xE0, 0x00, 0xE0, 0x0F, 0x00, 0x00, 0x00, 0x78, 0x00,
    0x00, 0x03, 0xC0, 0x00, 0x00, 0x1F, 0xFF, 0xFF, 0x00, 0xFF, 0xFF, 0xF8, 0x07, 0xFF, 0xFF, 0xC0,
    0x3F, 0xFF, 0xFE, 0x00, 0x00, 0x00, 0x03, 0xC0, 0x1F, 0x00, 0x78, 0x1F, 0xF8, 0x0F, 0x07, 0xFF,
    0xC1, 0xE1, 0xF0, 0xF8, 0x3C, 0x3C, 0x07, 0x87, 0x87, 0x00, 0xF0, 0xF0, 0xE0, 0x0E, 0x1E, 0x1C,
    0x01, 0xC3, 0xC3, 0xC0, 0x78, 0x78, 0x7C, 0x1E, 0x0F, 0x07, 0xFF, 0xC1, 0xE0, 0x7F, 0xF0, 0x3C,
    0x03, 0xF8, 0x07, 0x80, 0x3C, 0x00, 0xF0, 0x07, 0x80, 0x1E, 0x7F, 0xFF, 0xF3, 0xCF, 0xFF, 0xFE,
    0x79, 0xFF, 0xFF, 0x8F, 0x00, 0x00, 0x01, 0xE0, 0x00, 0x00, 0x3C, 0x0F, 0x00, 0x07, 0x81, 0xE0,
    0x00, 0xF0, 0x3C, 0x00, 0x00, 0x07, 0x80, 0x00, 0x00, 0xF0, 0x00, 0x00, 0x1E, 0x00, 0x00, 0x03,
    0xFF, 0xFF, 0xF0, 0x7F, 0xFF, 0xFE, 0x0F, 0xFF, 0xFF, 0xC1, 0xFF, 0xFF, 0xF8, 0x00, 0x3F, 0xE0,
    0x00, 0x1F, 0xFF, 0x80, 0x03, 0xFF, 0xFE, 0x00, 0x7C, 0x03, 0xF0, 0x0F, 0x00, 0x0F, 0x81, 0xE0,
    0x00, 0x78, 0x1E, 0x00, 0x03, 0x81, 0xE0, 0x00, 0x38, 0x1E, 0x00, 0x03, 0x81, 0xE0, 0x00, 0x38,
    0x1E, 0x00, 0x07, 0x80, 0xF0, 0x00, 0xF8, 0x07, 0xE0, 0x3F, 0x00, 0x3F, 0xFF, 0xE0, 0x01, 0xFF,
    0xFC, 0x00, 0x1F, 0xFF, 0xC0, 0x01, 0xE0, 0x3C, 0x00, 0x1E, 0x03, 0xC0, 0x01, 0xE0, 0x3C, 0x00,
    0x1E, 0x03, 0xC0, 0x01, 0xE0, 0x3C, 0x00, 0x1E, 0x03, 0xC0, 0xFF, 0xFF, 0xFF, 0xFF, 0xFF, 0xFF,
    0xFF, 0xFF, 0xFF, 0xFF, 0xF0, 0x00, 0x00, 0x00, 0x00, 0x7F, 0xF0, 0x00, 0x1F, 0xFF, 0xE0, 0x01,
    0xFF, 0xFF, 0xC0, 0x1F, 0x80, 0x3F, 0x01, 0xF0, 0x00, 0x78, 0x0F, 0x00, 0x03, 0xC0, 0x7C, 0x00,
    0x1E, 0x01, 0xF8, 0x03, 0xF0, 0x07, 0xFF, 0xFF, 0x00, 0x1F, 0xFF, 0xF0, 0x00, 0x7F, 0xFF, 0x00,
    0x03, 0xC0, 0x78, 0x00, 0x1E, 0x03, 0xC0, 0x00, 0xF0, 0x1E, 0x03, 0xFF, 0xFF, 0xFF, 0xDF, 0xFF,
    0xFF, 0xFE, 0x7F, 0xFF, 0xFF, 0xF0, 0x00, 0x00, 0x00, 0x00, 0x00, 0x00, 0x00, 0x00, 0xFF, 0xE0,
    0x00, 0x3F, 0xFF, 0xC0, 0x03, 0xFF, 0xFF, 0x80, 0x3E, 0x00, 0x7C, 0x01, 0xE0, 0x00, 0xF0, 0x0E,
    0x00, 0x07, 0x80, 0x78, 0x00, 0x3C, 0x03, 0xF0, 0x07, 0xC0, 0x0F, 0xFF, 0xFE, 0x00, 0x3F, 0xFF,
    0xC0, 0x00, 0x3F, 0xF8, 0x00, 0x00, 0x3F, 0xC0, 0x00, 0x0F, 0xFF, 0xC0, 0x00, 0xFF, 0xFF, 0x80,
    0x0F, 0xC0, 0xFE, 0x00, 0xF8, 0x00, 0xF8, 0x0F, 0x80, 0x03, 0xC0, 0x78, 0x00, 0x1E, 0x03, 0xC0,
    0x00, 0xF0, 0x1E, 0x00, 0x07, 0x80, 0x78, 0x00, 0x7C, 0x03, 0xF0, 0x0F, 0xC0, 0x0F, 0xFF, 0xFC,
    0x00, 0x1F, 0xFF, 0xC0, 0x00, 0x3F, 0xF0, 0x00, 0x00, 0x00, 0x00, 0x00, 0x00, 0x00, 0x00, 0xFF,
    0xFF, 0xFF, 0xF7, 0xFF, 0xFF, 0xFF, 0xBF, 0xFF, 0xFF, 0xFC, 0x00, 0x1E, 0x00, 0x00, 0x00, 0xF0,
    0x00, 0x00, 0x07, 0x80, 0x00, 0x00, 0x3C, 0x00, 0x00, 0x01, 0xE0, 0x00, 0x00, 0x0F, 0x00, 0x00,
    0x00, 0x78, 0x00, 0x00, 0x03, 0xC0, 0x00, 0x00, 0x1E, 0x00, 0x00, 0x00, 0xF0, 0x00, 0x00, 0x07,
    0x80, 0x00, 0x00, 0x7F, 0xE0, 0x00, 0x3F, 0xFF, 0xC0, 0x07, 0xFF, 0xFE, 0x00, 0xFC, 0x03, 0xF0,
    0x1F, 0x00, 0x0F, 0x81, 0xE0, 0x00, 0x78, 0x1E, 0x00, 0x07, 0x81, 0xF0, 0x00, 0xF8, 0x0F, 0xC0,
    0x3F, 0x00, 0x7F, 0xFF, 0xE0, 0x03, 0xFF, 0xFC, 0x00, 0x07, 0xFE, 0x00, 0x00, 0x00, 0x00, 0x00,
    0x00, 0x00, 0x00, 0xFF, 0xFF, 0xFF, 0xFF, 0xFF, 0xFF, 0xFF, 0xFF, 0xFF, 0xFF, 0xF0, 0x00, 0xF0,
    0x00, 0x00, 0x0F, 0x00, 0x00, 0x00, 0xF0, 0x00, 0x0E, 0x0F, 0x00, 0x00, 0xE0, 0xF0, 0x00, 0x0E,
    0x0F, 0x00, 0x00, 0xE0, 0x00, 0x00, 0x0E, 0x00, 0x00, 0x00, 0xE0, 0x00, 0x00, 0x1F, 0xFF, 0xFF,
    0x80, 0xFF, 0xFF, 0xF8, 0x0F, 0xFF, 0xFF, 0x80, 0xFF, 0xFF, 0xF8, 0x00, 0x1F, 0xC0, 0x00, 0x1F,
    0xFF, 0xC0, 0x07, 0xFF, 0xFE, 0x00, 0xFC, 0x03, 0xF0, 0x1F, 0x00, 0x07, 0x81, 0xE0, 0x00, 0x78,
    0x1E, 0x00, 0x07, 0x80, 0xF8, 0x00, 0xF8, 0x0F, 0xFF, 0xFF, 0x00, 0x3F, 0xFF, 0xE0, 0x00, 0xFF,
    0xF0, 0x00, 0x00, 0x00, 0x00, 0x00, 0x00, 0x00, 0x0F, 0xFF, 0xFF, 0xFF, 0xFF, 0xFF, 0xFF, 0xFF,
    0xFF, 0xFF, 0xFF, 0x00, 0x0F, 0x00, 0x00, 0x00, 0xF0, 0x00, 0x0F, 0xFF, 0xFF, 0x80, 0xFF, 0xFF,
    0xF8, 0x0F, 0xFF, 0xFF, 0x80, 0x00, 0x00, 0x78, 0x00, 0x00, 0x07, 0x80, 0xFF, 0xFF, 0xF8, 0x0F,
    0xFF, 0xFF, 0x80, 0xF0, 0x00, 0x00, 0x0E, 0x00, 0x00, 0x00, 0xE0, 0x00, 0x00, 0x0F, 0xFF, 0xFF,
    0x80, 0xFF, 0xFF, 0xF8, 0x0F, 0xFF, 0xFF, 0x80, 0x00, 0x7F, 0xF0, 0x00, 0x3F, 0xFF, 0xC0, 0x07,
    0xFF, 0xFF, 0x00, 0xF8, 0x01, 0xF8, 0x1F, 0x00, 0x07, 0x81, 0xE0, 0x00, 0x78, 0x1F, 0x00, 0x07,
    0x80, 0xF8, 0x01, 0xF8, 0x07, 0xFF, 0xFF, 0x00, 0x3F, 0xFF, 0xC0, 0x00, 0x7F, 0xF0, 0x00, 0x00,
    0x00, 0x00, 0x00, 0x00, 0x00, 0x0F, 0xFF, 0xFF, 0xFF, 0xFF, 0xFF, 0xFF, 0xFF, 0xFF, 0xFF, 0xFF,
    0x00, 0x0F, 0x00, 0x00, 0x00, 0xF0, 0x00, 0x00, 0x0F, 0x00, 0x00, 0x00, 0x00, 0x00, 0x00, 0x07,
    0x00, 0x00, 0x00, 0xF0, 0x00, 0x00, 0x0F, 0x00, 0x00, 0x01, 0xF8, 0x00, 0x00, 0x3F, 0xC0, 0x00,
    0x07, 0xDF, 0x00, 0x03, 0xF8, 0xFE, 0x01, 0xFF, 0x07, 0xFC, 0x1F, 0xC0, 0x1F, 0x81, 0xC0, 0x00,
    0x38, 0x00, 0x00, 0x03, 0xC0, 0x00, 0x00, 0xF0, 0x1F, 0xC0, 0x3C, 0x1F, 0xFC, 0x0F, 0x0F, 0xFF,
    0x83, 0xC7, 0xC1, 0xF0, 0xF1, 0xE0, 0x3C, 0x3C, 0x70, 0x07, 0x0F, 0x1C, 0x01, 0xC3, 0xC7, 0x80,
    0xF0, 0xF1, 0xF0, 0x7C, 0x3C, 0x3F, 0xFE, 0x0F, 0x07, 0xFF, 0x03, 0xC0, 0x7F, 0x00, 0xF0, 0x00,
    0x00, 0x3C, 0x00, 0x01, 0xCF, 0x7F, 0xFF, 0xF3, 0xDF, 0xFF, 0xFC, 0xF7, 0xFF, 0xF0, 0x3C, 0x03,
    0xC0, 0x0F, 0x00, 0xF0, 0x03, 0xC0, 0x3C, 0x3F, 0xF0, 0x0F, 0x0F, 0xFC, 0x03, 0xC3, 0xFF, 0x00,
    0xF0, 0x03, 0xC0, 0x3C, 0x00, 0xF0, 0x0F, 0x00, 0x3C, 0x03, 0xC0, 0x0F, 0x00, 0xF0, 0x03, 0xC0,
    0x3C, 0x00, 0xF0, 0x00, 0x00, 0x3C, 0x00, 0x00, 0x03, 0xC0, 0x1F, 0x00, 0x78, 0x1F, 0xF8, 0x0F,
    0x07, 0xFF, 0xC1, 0xE1, 0xF0, 0x7C, 0x3C, 0x3C, 0x07, 0x87, 0x87, 0x00, 0x70, 0xF0, 0xE0, 0x1E,
    0x1E, 0x1E, 0x03, 0xC3, 0xC1, 0xFF, 0xF0, 0x78, 0x1F, 0xFC, 0x0F, 0x01, 0xFE, 0x01, 0xE0, 0x00,
    0x00, 0x3C, 0x00, 0x00, 0xE7, 0xBF, 0xFF, 0xFC, 0xF7, 0xFF, 0xFF, 0x9E, 0x7F, 0xFF, 0x03, 0xC0,
    0x0E, 0x00, 0x78, 0x01, 0xC3, 0xFF, 0x00, 0x38, 0x7F, 0xE0, 0x07, 0x0F, 0xFC, 0x1E, 0xE0, 0x07,
    0x83, 0xDC, 0x00, 0xF0, 0x78, 0x00, 0x00, 0x0F, 0x00, 0x00, 0x01, 0xE0, 0x00, 0x00, 0x3C, 0x00,
    0x00, 0x07, 0xFF, 0xFF, 0xE0, 0xFF, 0xFF, 0xFE, 0x1F, 0xFF, 0xFF, 0xC3, 0xFF, 0xFF, 0xF8, 0x00,
    0x00, 0x03, 0x80, 0x7F, 0xC0, 0x78, 0x3F, 0xFE, 0x0F, 0x0F, 0x87, 0xE1, 0xE1, 0xC0, 0x3C, 0x3C,
    0x38, 0x03, 0x87, 0x87, 0x00, 0xF0, 0xF0, 0xF8, 0x7C, 0x1E, 0x0F, 0xFF, 0x03, 0xC0, 0x7F, 0xC0,
    0x78, 0x00, 0x00, 0x0F, 0x07, 0xFF, 0xF9, 0xE7, 0xFF, 0xFF, 0x3C, 0xFF, 0xFF, 0xC7, 0x80, 0x3C,
    0x00, 0xF0, 0x07, 0x87, 0xFE, 0x00, 0xF0, 0xFF, 0xC0, 0x1E, 0x00, 0x78, 0x01, 0xC0, 0x00, 0x03,
    0xFF, 0xFF, 0xE0, 0x7F, 0xFF, 0xFC, 0x0F, 0xFF, 0xFF, 0x80, 0x00, 0x00, 0xF0, 0x00, 0x00, 0x1E,
    0x07, 0xFF, 0xFF, 0xC0, 0xFF, 0xFF, 0xF8, 0x1E, 0x00, 0x00, 0x03, 0xC0, 0x00, 0x00, 0x7F, 0xFF,
    0xFE, 0x0F, 0xFF, 0xFF, 0xC1, 0xFF, 0xFF, 0xF8, 0x00, 0x00, 0x00, 0xE0, 0x00, 0x03, 0x8E, 0x07,
    0xF0, 0x38, 0xE0, 0xFF, 0x83, 0x8E, 0x1F, 0xFC, 0x38, 0xE3, 0xC1, 0xE3, 0x8E, 0x38, 0x0E, 0x38,
    0xE3, 0x80, 0xE3, 0x8E, 0x38, 0x0E, 0x38, 0xE3, 0xC1, 0xE3, 0x8E, 0x3E, 0x3E, 0x38, 0xE1, 0xFF,
    0xC3, 0x8E, 0x0F, 0xF8, 0x38, 0xE0, 0x1C, 0x03, 0x8E, 0x00, 0x00, 0x38, 0xE7, 0xFF, 0xF3, 0x8E,
    0x7F, 0xFF, 0x38, 0xE7, 0xFF, 0xF3, 0x8E, 0x73, 0xC0, 0x38, 0xE0, 0x1C, 0x03, 0x8E, 0x01, 0xCF,
    0xF8, 0xE0, 0x1C, 0xFF, 0x8E, 0x01, 0xC7, 0xF8, 0xE0, 0x1C, 0x03, 0x8E, 0x01, 0xC0, 0x38, 0xE0,
    0x1C, 0x03, 0x8E, 0x01, 0xC0, 0x38, 0xE0, 0x1C, 0x03, 0x8E, 0x00, 0x00, 0x38, 0xE0, 0x00, 0x00,
    0x0E, 0x00, 0x00, 0x00, 0xE0, 0x00, 0x00, 0x01, 0xC0, 0x7C, 0x0F, 0x38, 0x7F, 0xF1, 0xE7, 0x1F,
    0xFF, 0x3C, 0xE3, 0xC1, 0xE7, 0x9C, 0x70, 0x1C, 0xF3, 0x8E, 0x03, 0x9E, 0x71, 0xF1, 0xF3, 0xCE,
    0x1F, 0xFC, 0x79, 0xC1, 0xFF, 0x0F, 0x38, 0x02, 0x01, 0xE7, 0x00, 0x1F, 0xBC, 0xEF, 0xFF, 0xF7,
    0x9C, 0xFF, 0xFE, 0xF3, 0x9F, 0xF0, 0x1E, 0x70, 0x0E, 0x3F, 0xCE, 0x01, 0xC7, 0xF9, 0xC0, 0x38,
    0xFF, 0x38, 0x07, 0x00, 0xE7, 0x00, 0x00, 0x00, 0x00, 0x00, 0x00, 0x00, 0x0F, 0x00, 0x03, 0x81,
    0xFF, 0xFF, 0xF0, 0x3F, 0xFF, 0xFE, 0x07, 0xFF, 0xFF, 0xC0, 0xF0, 0x00, 0x38, 0x1E, 0x00, 0x07,
    0x03, 0xC0, 0x00, 0xE0, 0x7F, 0xFF, 0xFC, 0x0F, 0xFF, 0xFF, 0x81, 0xFF, 0xFF, 0xF0, 0x00, 0x00,
    0x01, 0xC0, 0x00, 0x00, 0xF0, 0x1F, 0xC0, 0x3C, 0x1F, 0xFC, 0x0F, 0x0F, 0xFF, 0x83, 0xC7, 0xC1,
    0xF0, 0xF1, 0xE0, 0x3C, 0x3C, 0x70, 0x07, 0x0F, 0x1C, 0x01, 0xC3, 0xC7, 0x80, 0xF0, 0xF1, 0xF0,
    0x7C, 0x3C, 0x3F, 0xFE, 0x0F, 0x07, 0xFF, 0x03, 0xC0, 0x7F, 0x00, 0xF0, 0x00, 0x00, 0x3C, 0x00,
    0x00, 0x0F, 0x00, 0x03, 0xFB, 0xDF, 0xFF, 0xFE, 0xF7, 0xFF, 0xFF, 0x3D, 0xFF, 0xF8, 0x0F, 0x00,
    0x78, 0x03, 0xC0, 0x1E, 0x00, 0xF0, 0x07, 0x80, 0x3C, 0x01, 0xE0, 0x0F, 0x00, 0x78, 0x03, 0xC0,
    0x1E, 0x00, 0xF0, 0x07, 0x80, 0x3C, 0x01, 0xE0, 0x0F, 0x00, 0x78, 0x03, 0xC0, 0x1E, 0x00, 0xF0,
    0x00, 0x00, 0x3C, 0x00, 0x3F, 0xC0, 0x00, 0x1F, 0xFF, 0x80, 0x03, 0xFF, 0xFE, 0x00, 0x7E, 0x07,
    0xF0, 0x0F, 0x80, 0x0F, 0x01, 0xF0, 0x00, 0x78, 0x1E, 0x00, 0x07, 0x81, 0xE0, 0x00, 0x78, 0x1F,
    0x00, 0x07, 0x80, 0xF0, 0x00, 0xF0, 0x07, 0xE0, 0x7F, 0x00, 0x3F, 0xFF, 0xE0, 0x01, 0xFF, 0xF8,
    0x00, 0x03, 0xFC, 0x00, 0x00, 0x00, 0x00, 0x00, 0x00, 0x00, 0x00, 0xFF, 0xFF, 0xFF, 0xFF, 0xFF,
    0xFF, 0xFF, 0xFF, 0xFF, 0xFF, 0xF0, 0x1E, 0x07, 0x80, 0x01, 0xE0, 0x78, 0x00, 0x1E, 0x07, 0x80,
    0x01, 0xE0, 0x78, 0x00, 0x1E, 0x07, 0x80, 0x01, 0xE0, 0x78, 0x00, 0x1E, 0x07, 0x80, 0x01, 0xE0,
    0x78, 0x00, 0x1E, 0x07, 0x80, 0x01, 0xE0, 0x78, 0x00, 0x1E, 0x07, 0x80, 0x00, 0x3F, 0xE0, 0x00,
    0x1F, 0xFF, 0x80, 0x03, 0xFF, 0xFE, 0x00, 0x7E, 0x03, 0xF0, 0x0F, 0x80, 0x0F, 0x01, 0xF0, 0x00,
    0x78, 0x1E, 0x00, 0x07, 0x81, 0xE0, 0x00, 0x38, 0x1C, 0x00, 0x03, 0x81, 0xE0, 0x00, 0x38, 0x1E,
    0x00, 0x07, 0x81, 0xF0, 0x00, 0x78, 0x0F, 0x80, 0x0F, 0x00, 0x7E, 0x03, 0xF0, 0x03, 0xFF, 0xFE,
    0x00, 0x1F, 0xFF, 0x80, 0x00, 0x3F, 0xE0, 0x00, 0x00, 0x00, 0x00, 0x00, 0x00, 0x00, 0x00, 0x00,
    0x00, 0x00, 0x00, 0x00, 0x00, 0x00, 0x00, 0x00, 0x00, 0xFF, 0xFF, 0xFF, 0xFF, 0xFF, 0xFF, 0xFF,
    0xFF, 0xFF, 0xFF, 0xF0, 0x00, 0x3F, 0xE0, 0x00, 0x1F, 0xFF, 0xC0, 0x07, 0xFF, 0xFE, 0x00, 0xFE,
    0x03, 0xF0, 0x0F, 0x00, 0x0F, 0x81, 0xE0, 0x00, 0x78, 0x1E, 0x00, 0x07, 0x81, 0xE0, 0x00, 0x78,
    0x0F, 0x00, 0x0F, 0x80, 0xFE, 0x03, 0xF0, 0x07, 0xFF, 0xFE, 0x00, 0x1F, 0xFF, 0xC0, 0x00, 0x3F,
    0xE0, 0x00, 0x00, 0x00, 0x00, 0x00, 0x00, 0x00, 0x0F, 0xFF, 0xFF, 0xFF, 0xFF, 0xFF, 0xFF, 0xFF,
    0xFF, 0xFF, 0xFF, 0x00, 0x00, 0x00, 0x00, 0x00, 0x00, 0x00, 0x0E, 0x00, 0x00, 0x00, 0xF0, 0x00,
    0x00, 0x0F, 0x00, 0x00, 0x00, 0xF0, 0x00, 0x00, 0x0F, 0x00, 0x00, 0x00, 0xF0, 0x00, 0x00, 0x0F,
    0xFF, 0xFF, 0x80, 0xFF, 0xFF, 0xF8, 0x0F, 0xFF, 0xFF, 0x80, 0xFF, 0xFF, 0xF8, 0x00, 0xFF, 0xF0,
    0x00, 0x3F, 0xFF, 0xE0, 0x0F, 0xFF, 0xFF, 0x00, 0xF0, 0x00, 0xF8, 0x1E, 0x00, 0x07, 0x81, 0xE0,
    0x00, 0x78, 0x0F, 0x00, 0x0F, 0x80, 0xFF, 0xFF, 0xF0, 0x03, 0xFF, 0xFE, 0x00, 0x0F, 0xFF, 0x00,
    0x00, 0x00, 0x00, 0x00, 0x00, 0x00, 0x00, 0xFF, 0xFF, 0xFF, 0xFF, 0xFF, 0xFF, 0xFF, 0xFF, 0xFF,
    0xFF, 0xF0, 0x00, 0x00, 0x00, 0x00, 0x00, 0x00, 0x00, 0xFF, 0xFF, 0xF8, 0x0F, 0xFF, 0xFF, 0x80,
    0xFF, 0xFF, 0xF8, 0x00, 0x00, 0x07, 0x80, 0x00, 0x00, 0x78, 0x0F, 0xFF, 0xFF, 0x80, 0xFF, 0xFF,
    0xF8, 0x0F, 0x00, 0x00, 0x00, 0xE0, 0x00, 0x00, 0x0E, 0x00, 0x00, 0x00, 0xFF, 0xFF, 0xFC, 0x0F,
    0xFF, 0xFF, 0xC0, 0xFF, 0xFF, 0xFC, 0x00, 0x7F, 0xF0, 0x00, 0x3F, 0xFF, 0xC0, 0x07, 0xFF, 0xFF,
    0x00, 0xFC, 0x01, 0xF0, 0x1F, 0x00, 0x07, 0x81, 0xE0, 0x00, 0x78, 0x1E, 0x00, 0x07, 0x80, 0xF0,
    0x00, 0x78, 0x0F, 0xC0, 0x3F, 0x00, 0x7F, 0xFF, 0xE0, 0x03, 0xFF, 0xFC, 0x00, 0x07, 0xFE, 0x00,
    0x00, 0x00, 0x00, 0x00, 0x00, 0x00, 0x00, 0xFF, 0xFF, 0xFF, 0xFF, 0xFF, 0xFF, 0xFF, 0xFF, 0xFF,
    0xFF, 0xF0, 0x00, 0x00, 0x00, 0x00, 0x00, 0x00, 0x00, 0xFF, 0xFF, 0xF8, 0x0F, 0xFF, 0xFF, 0x80,
    0xFF, 0xFF, 0xF8, 0x0E, 0x00, 0x07, 0x80, 0xE0, 0x00, 0x78, 0x0E, 0x00, 0x07, 0x80, 0xE0, 0x00,
    0x78, 0x0E, 0x00, 0x07, 0x80, 0xFF, 0xFF, 0xF8, 0x0F, 0xFF, 0xFF, 0x80, 0xFF, 0xFF, 0xF8, 0x00,
    0x00, 0x03, 0x80, 0x00, 0x00, 0xF0, 0x1F, 0xC0, 0x3C, 0x1F, 0xFC, 0x0F, 0x0F, 0xFF, 0x83, 0xC7,
    0xC3, 0xE0, 0xF3, 0xE0, 0x3C, 0x3C, 0xF0, 0x0F, 0x0F, 0x3C, 0x01, 0xC3, 0xCF, 0x00, 0x78, 0xF3,
    0xC0, 0x1C, 0x3C, 0xF0, 0x0F, 0x0F, 0x3E, 0x03, 0xC3, 0xC7, 0xC3, 0xE0, 0xF0, 0xFF, 0xF8, 0x3C,
    0x1F, 0xFC, 0x0F, 0x01, 0xFC, 0x03, 0xC0, 0x00, 0x00, 0xF0, 0x00, 0x00, 0x3C, 0x00, 0x00, 0x0F,
    0x00, 0x00, 0x73, 0xDF, 0xFF, 0xFC, 0xF7, 0xFF, 0xFF, 0x3D, 0xFF, 0xFE, 0x0F, 0x00, 0x00, 0x03,
    0xC0, 0x00, 0x00, 0xF0, 0x00, 0x00, 0x3C, 0x00, 0x00, 0x0F, 0x00, 0x00, 0x03, 0xC0, 0x00, 0x00,
    0xF0, 0x00, 0x00, 0x3C, 0x00, 0x00, 0x07, 0x00, 0x00, 0x03, 0xC0, 0x00, 0x01, 0xE0, 0xFE, 0x00,
    0xF0, 0xFF, 0x80, 0x78, 0xFF, 0xE0, 0x3C, 0xF8, 0xF8, 0x1E, 0x78, 0x3C, 0x0F, 0x78, 0x0F, 0x07,
    0xBC, 0x07, 0x83, 0xDC, 0x01, 0xC1, 0xEE, 0x00, 0xE0, 0xF7, 0x00, 0x70, 0x7B, 0x80, 0x38, 0x3D,
    0xC0, 0x1C, 0x1E, 0xE0, 0x0E, 0x0F, 0x70, 0x07, 0x07, 0xBC, 0x07, 0x83, 0xDE, 0x03, 0xC1, 0xE7,
    0x83, 0xC0, 0xF3, 0xE3, 0xE0, 0x78, 0xFF, 0xE0, 0x3C, 0x3F, 0xE0, 0x1E, 0x07, 0xC0, 0x0F, 0x00,
    0x00, 0x07, 0x80, 0x00, 0x03, 0xC0, 0x00, 0x01, 0xE0, 0x00, 0x00, 0xF0, 0x00, 0x00, 0x78, 0x00,
    0x00, 0x3C, 0x00, 0x00, 0x1E, 0x00, 0x00, 0x07, 0x80, 0x00, 0x01, 0xE0, 0x7E, 0x00, 0x78, 0x7F,
    0xE0, 0x1E, 0x3F, 0xFC, 0x07, 0x9F, 0x0F, 0x81, 0xE7, 0x81, 0xF0, 0x7B, 0xC0, 0x3C, 0x1E, 0xF0,
    0x07, 0x07, 0xBC, 0x01, 0xC1, 0xEF, 0x00, 0x70, 0x7B, 0xC0, 0x3C, 0x1E, 0xF0, 0x0F, 0x07, 0x9F,
    0x0F, 0x81, 0xE3, 0xFF, 0xE0, 0x78, 0x7F, 0xF0, 0x1E, 0x0F, 0xF0, 0x07, 0x80, 0x00, 0x01, 0xE0,
    0x00, 0x00, 0x78, 0x00, 0x00, 0x1E, 0x07, 0x00, 0x07, 0x81, 0xC0, 0x01, 0xE0, 0x70, 0x00, 0x00,
    0x1C, 0x00, 0x00, 0x07, 0x00, 0x00, 0x01, 0xC0, 0x00, 0x00, 0x70, 0x00, 0x00, 0x3F, 0xFF, 0xFF,
    0x07, 0xFF, 0xFF, 0xC1, 0xFF, 0xFF, 0xF0, 0x7F, 0xFF, 0xFC, 0x00, 0x00, 0x07, 0x00, 0x60, 0x01,
    0xE0, 0xFF, 0x00, 0x78, 0xFF, 0xF0, 0x1E, 0x7F, 0xFE, 0x07, 0x9E, 0x07, 0x81, 0xEF, 0x00, 0xF0,
    0x7B, 0xC0, 0x3C, 0x1E, 0xF0, 0x0F, 0x07, 0xBC, 0x03, 0xC1, 0xEF, 0x00, 0xF0, 0x79, 0xE0, 0x78,
    0x1E, 0x7F, 0xFE, 0x07, 0x8F, 0xFF, 0x01, 0xE0, 0xFF, 0x00, 0x78, 0x00, 0x00, 0x1E, 0x00, 0x00,
    0x00, 0x03, 0xFF, 0xFF, 0xE0, 0xFF, 0xFF, 0xF8, 0x1F, 0xFF, 0xFE, 0x00, 0x00, 0x07, 0x80, 0x00,
    0x01, 0xE0, 0x7F, 0xFF, 0xF8, 0x1F, 0xFF, 0xFE, 0x07, 0xFF, 0xFF, 0x81, 0xC0, 0x00, 0x00, 0x70,
    0x00, 0x00, 0x3F, 0xFF, 0xFE, 0x0F, 0xFF, 0xFF, 0xC1, 0xFF, 0xFF, 0xF0, 0x7F, 0xFF, 0xFC, 0x00,
    0x00, 0x07, 0x81, 0xE0, 0x03, 0xC7, 0xFE, 0x01, 0xE7, 0xFF, 0x80, 0xF7, 0xE3, 0xE0, 0x7F, 0xC0,
    0xF0, 0x3F, 0xC0, 0x3C, 0x1F, 0xE0, 0x1E, 0x0F, 0xF0, 0x0F, 0x07, 0xF8, 0x07, 0x83, 0xFC, 0x03,
    0xC1, 0xEF, 0x03, 0xC0, 0xF7, 0xFF, 0xE0, 0x79, 0xFF, 0xC0, 0x3C, 0x3F, 0xC0, 0x1E, 0x00, 0x00,
    0x0F, 0x00, 0x00, 0x00, 0x0F, 0xFC, 0xFF, 0x87, 0xFE, 0xFF, 0xE3, 0xFF, 0x7F, 0xF0, 0x03, 0x80,
    0x78, 0x01, 0xC0, 0x3C, 0x7F, 0xE0, 0x1E, 0x3F, 0xF0, 0x0F, 0x1F, 0xF8, 0x07, 0x8F, 0x00, 0x03,
    0xC7, 0x80, 0x01, 0xE3, 0xFF, 0xC0, 0xF1, 0xFF, 0xF0, 0x78, 0xFF, 0xF8, 0x3C, 0x7F, 0xF0, 0x1E,
    0x00, 0x00, 0x00, 0x00, 0x00, 0x07, 0x80, 0xE0, 0x03, 0xC3, 0xFE, 0x01, 0xE7, 0xFF, 0x80, 0xF7,
    0xFF, 0xE0, 0x7B, 0xC0, 0xF8, 0x3F, 0xC0, 0x3C, 0x1F, 0xE0, 0x0E, 0x0F, 0xF0, 0x07, 0x07, 0xF8,
    0x03, 0x83, 0xFC, 0x03, 0xC1, 0xFF, 0x01, 0xE0, 0xF7, 0xC3, 0xE0, 0x79, 0xFF, 0xE0, 0x3C, 0x7F,
    0xE0, 0x1E, 0x0F, 0xC0, 0x0F, 0x00, 0x00, 0x07, 0x80, 0x00, 0x00, 0x00, 0x00, 0x00, 0x00, 0xFF,
    0xFF, 0xF0, 0x7F, 0xFF, 0xF8, 0x3F, 0xFF, 0xFC, 0x1C, 0x00, 0x1E, 0x0E, 0x00, 0x0F, 0x07, 0x00,
    0x07, 0x83, 0x80, 0x03, 0xC1, 0xC0, 0x01, 0xE0, 0xE0, 0x00, 0xF0, 0x7F, 0xFF, 0xF8, 0x3F, 0xFF,
    0xFC, 0x1F, 0xFF, 0xFE, 0x00, 0x00, 0x07, 0x81, 0xE0, 0x03, 0xC7, 0xFE, 0x01, 0xE7, 0xFF, 0x80,
    0xF7, 0xE7, 0xE0, 0x7B, 0xC0, 0xF8, 0x3F, 0xC0, 0x3C, 0x1F, 0xE0, 0x0E, 0x0F, 0xF0, 0x07, 0x07,
    0xF8, 0x03, 0x83, 0xFC, 0x03, 0xC1, 0xEF, 0x03, 0xE0, 0xF7, 0xFF, 0xE0, 0x79, 0xFF, 0xE0, 0x3C,
    0x7F, 0xE0, 0x1E, 0x07, 0x80, 0x0F, 0x00, 0x00, 0x00, 0x00, 0x00, 0x00, 0x00, 0x00, 0x00, 0x00,
    0xE0, 0x00, 0xF0, 0x70, 0x00, 0x78, 0x3F, 0xFF, 0xFC, 0x1F, 0xFF, 0xFE, 0x0F, 0xFF, 0xFF, 0x07,
    0x00, 0x07, 0x83, 0x80, 0x03, 0xC1, 0xC0, 0x01, 0xE0, 0xE0, 0x00, 0xF0, 0x7F, 0xFF, 0xF8, 0x3F,
    0xFF, 0xFC, 0x1F, 0xFF, 0xFE, 0x00, 0x00, 0x07, 0x80, 0x00, 0x00, 0x78, 0x0F, 0xF0, 0x07, 0x83,
    0xFF, 0xC0, 0x78, 0x7F, 0xFE, 0x07, 0x87, 0x81, 0xF0, 0x78, 0xF0, 0x0F, 0x07, 0x8F, 0x00, 0xF0,
    0x78, 0xF0, 0x07, 0x07, 0x8F, 0x00, 0x70, 0x78, 0xF0, 0x0F, 0x07, 0x8F, 0x00, 0xF0, 0x78, 0x7C,
    0x1E, 0x07, 0x83, 0xFF, 0xE0, 0x78, 0x1F, 0xF8, 0x07, 0x80, 0x7F, 0x00, 0x78, 0x00, 0x00, 0x07,
    0x80, 0x00, 0x00, 0x00, 0x01, 0x80, 0x18, 0x00, 0x3C, 0x03, 0xC0, 0x03, 0xC0, 0x3C, 0x00, 0x3C,
    0x03, 0xC0, 0x03, 0xC0, 0x3C, 0x00, 0x7E, 0x07, 0xE0, 0x07, 0xE0, 0x7E, 0x00, 0xFF, 0x0F, 0xF0,
    0x3E, 0x7B, 0xE7, 0xC7, 0xC3, 0xFC, 0x3E, 0x78, 0x1F, 0x81, 0xE3, 0x00, 0xF0, 0x0C, 0x00, 0x00,
    0x00, 0x00, 0x00, 0x00, 0x07, 0x80, 0x00, 0x00, 0x1E, 0x00, 0x00, 0x00, 0x78, 0x0F, 0xFF, 0xF1,
    0xE0, 0x7F, 0xFF, 0xC7, 0x81, 0xFF, 0xFF, 0x1E, 0x00, 0x0F, 0x00, 0x78, 0x00, 0x3C, 0x01, 0xE0,
    0x00, 0xF0, 0x07, 0x80, 0x03, 0xC0, 0x1E, 0x00, 0x0F, 0x00, 0x78, 0x00, 0x3C, 0x01, 0xE0, 0x00,
    0xF0, 0x07, 0xFC, 0x07, 0xE0, 0x1F, 0xF0, 0x1F, 0x80, 0x7F, 0xC0, 0x7F, 0x01, 0xE0, 0x03, 0xFC,
    0x07, 0x80, 0x0E, 0x78, 0x1E, 0x00, 0x79, 0xF0, 0x78, 0x03, 0xC3, 0xE1, 0xE0, 0x1F, 0x07, 0xC7,
    0x80, 0xF8, 0x0F, 0x9E, 0x07, 0xC0, 0x1E, 0x78, 0x1E, 0x00, 0x31, 0xE0, 0x30, 0x00, 0x07, 0x80,
    0x00, 0x00, 0x1E, 0x00, 0x00, 0x00, 0x78, 0x00, 0x00, 0x01, 0xE0, 0x00, 0x00, 0x07, 0x80, 0x00,
    0x00, 0x1E, 0x00, 0x00, 0x00, 0x78, 0x00, 0x00, 0x00, 0x03, 0x80, 0x00, 0x00, 0x1E, 0x03, 0xFF,
    0xFC, 0x78, 0x0F, 0xFF, 0xF1, 0xE0, 0x3F, 0xFF, 0xC7, 0x80, 0x03, 0xC0, 0x1E, 0x00, 0x0F, 0x00,
    0x78, 0x00, 0x3C, 0x01, 0xE0, 0x00, 0xF8, 0x07, 0xF8, 0x07, 0xE0, 0x1F, 0xE0, 0x1F, 0xC0, 0x7F,
    0x80, 0xFF, 0x01, 0xE0, 0x07, 0x9E, 0x07, 0x80, 0x3E, 0x3E, 0x1E, 0x01, 0xF0, 0xFE, 0x78, 0x1F,
    0x80, 0xF9, 0xE0, 0x3C, 0x01, 0xC7, 0x80, 0xC0, 0x00, 0x1E, 0x00, 0x00, 0x00, 0x38, 0x00, 0x00,
    0x00, 0x00, 0x07, 0xFF, 0xFF, 0x80, 0x1F, 0xFF, 0xFE, 0x00, 0x7F, 0xFF, 0xF8, 0x00, 0x00, 0x01,
    0xE0, 0x00, 0x00, 0x07, 0x80, 0x00, 0x00, 0x1E, 0x00, 0x00, 0x00, 0x78, 0x00, 0x00, 0x01, 0xE0,
    0x00, 0x00, 0x07, 0x80, 0x00, 0x00, 0x1E, 0x00, 0x00, 0x00, 0x78, 0x00, 0x00, 0x00, 0x00, 0x00,
    0x00, 0x00, 0x38, 0x1F, 0xFF, 0xF1, 0xC0, 0xFF, 0xFF, 0x8E, 0x07, 0xFF, 0xFC, 0x70, 0x00, 0x70,
    0x03, 0x80, 0x07, 0x80, 0x1C, 0x00, 0x3E, 0x00, 0xFF, 0x01, 0xF0, 0x07, 0xF8, 0x1F, 0xC0, 0x3F,
    0xC1, 0xFF, 0x01, 0xC0, 0x1F, 0x7C, 0x0E, 0x01, 0xF1, 0xF8, 0x70, 0x3F, 0x07, 0xE3, 0x83, 0xF0,
    0x1F, 0x1C, 0x0F, 0x00, 0x30, 0xE0, 0x00, 0x00, 0x00, 0x00, 0x3F, 0xFF, 0xF8, 0x03, 0xFF, 0xFF,
    0xC0, 0x1F, 0xFF, 0xFE, 0x00, 0x00, 0x00, 0x70, 0x00, 0x00, 0x03, 0x80, 0x1F, 0xFF, 0xFC, 0x00,
    0xFF, 0xFF, 0xE0, 0x07, 0xFF, 0xFF, 0x00, 0x38, 0x00, 0x00, 0x01, 0xC0, 0x00, 0x00, 0x0E, 0x00,
    0x00, 0x00, 0x7F, 0xFF, 0xF8, 0x03, 0xFF, 0xFF, 0xC0, 0x1F, 0xFF, 0xFE, 0x00, 0x00, 0x00, 0x00,
    0x00, 0x00, 0x00, 0x38, 0x00, 0x00, 0x01, 0xC0, 0xFF, 0xFF, 0x8E, 0x07, 0xFF, 0xFC, 0x70, 0x3F,
    0xFF, 0xE3, 0x80, 0x03, 0x80, 0x1C, 0x00, 0x3C, 0x00, 0xE0, 0x01, 0xF0, 0x07, 0xF8, 0x0F, 0x80,
    0x3F, 0xC0, 0x7C, 0x01, 0xFE, 0x07, 0xF0, 0x0E, 0x00, 0x7B, 0xC0, 0x70, 0x07, 0xDF, 0x03, 0x80,
    0x7C, 0x7E, 0x1C, 0x0F, 0xC1, 0xF8, 0xE0, 0x7C, 0x03, 0xC7, 0x03, 0x80, 0x04, 0x38, 0x00, 0x00,
    0x01, 0xC0, 0x00, 0x00, 0x00, 0x00, 0x7F, 0xFF, 0xF0, 0x03, 0xFF, 0xFF, 0x80, 0x1F, 0xFF, 0xFC,
    0x00, 0xE0, 0x00, 0xE0, 0x07, 0x00, 0x07, 0x00, 0x38, 0x00, 0x38, 0x01, 0xC0, 0x01, 0xC0, 0x0E,
    0x00, 0x0E, 0x00, 0x70, 0x00, 0x70, 0x03, 0xFF, 0xFF, 0x80, 0x1F, 0xFF, 0xFC, 0x00, 0xFF, 0xFF,
    0xE0, 0x00, 0x00, 0x03, 0x00, 0x00, 0x00, 0x3C, 0x1F, 0xFF, 0xF1, 0xE0, 0xFF, 0xFF, 0x8F, 0x07,
    0xFF, 0xFC, 0x78, 0x00, 0x70, 0x03, 0xC0, 0x03, 0x80, 0x1E, 0x00, 0x3E, 0x00, 0xF0, 0x01, 0xF0,
    0x07, 0xF8, 0x0F, 0x80, 0x3F, 0xC0, 0xFE, 0x01, 0xFE, 0x07, 0xF8, 0x0F, 0x00, 0x7B, 0xE0, 0x78,
    0x07, 0xCF, 0x83, 0xC0, 0x7C, 0x3F, 0x1E, 0x0F, 0xC0, 0xF8, 0xF0, 0x7C, 0x03, 0xC7, 0x83, 0xC0,
    0x04, 0x3C, 0x08, 0x00, 0x01, 0xE0, 0x00, 0x7F, 0xC0, 0x00, 0x1F, 0xFF, 0xC0, 0x01, 0xFF, 0xFF,
    0x00, 0x1F, 0x80, 0x7C, 0x00, 0xF0, 0x00, 0xF0, 0x0F, 0x00, 0x07, 0x80, 0x78, 0x00, 0x3C, 0x01,
    0xE0, 0x01, 0xE0, 0x0F, 0xC0, 0x3E, 0x00, 0x3F, 0xFF, 0xF0, 0x00, 0xFF, 0xFE, 0x00, 0x00, 0xFF,
    0xC0, 0x00, 0x00, 0x00, 0x00, 0xE0, 0x00, 0x03, 0x8E, 0x00, 0x00, 0x38, 0xE0, 0x00, 0x03, 0x8E,
    0x3F, 0xFF, 0x38, 0xE3, 0xFF, 0xF3, 0x8E, 0x3F, 0xFF, 0x38, 0xE0, 0x1E, 0x03, 0x8E, 0x01, 0xE0,
    0x38, 0xE0, 0x1E, 0x03, 0x8E, 0x01, 0xE0, 0x38, 0xE0, 0x1E, 0x03, 0x8E, 0x01, 0xE0, 0x3F, 0xE0,
    0x1F, 0x03, 0xFE, 0x03, 0xF0, 0x3F, 0xE0, 0x3F, 0x03, 0x8E, 0x03, 0xF8, 0x38, 0xE0, 0x7B, 0x83,
    0x8E, 0x0F, 0x3C, 0x38, 0xE0, 0xF1, 0xE3, 0x8E, 0x1E, 0x1F, 0xB8, 0xE7, 0xE0, 0xFB, 0x8E, 0x7C,
    0x07, 0x38, 0xE3, 0x80, 0x03, 0x8E, 0x00, 0x00, 0x38, 0xE0, 0x00, 0x03, 0x8E, 0x00, 0x00, 0x38,
    0xE0, 0x00, 0x03, 0x8E, 0x00, 0x00, 0x38, 0xE0, 0x00, 0x00, 0x0E, 0x00, 0x00, 0x00, 0xE0, 0x00,
    0x00, 0x01, 0xC0, 0x00, 0x00, 0x3C, 0x00, 0x00, 0x07, 0x9F, 0xFF, 0xF0, 0xF7, 0xFF, 0xFE, 0x1E,
    0xFF, 0xFF, 0xC3, 0xC0, 0x3C, 0x00, 0x78, 0x07, 0x80, 0x0F, 0x00, 0xF0, 0x01, 0xE0, 0x1E, 0x00,
    0x3C, 0x03, 0xC0, 0x07, 0x80, 0x78, 0x3F, 0xF0, 0x0F, 0x07, 0xFE, 0x03, 0xF0, 0xFF, 0xC0, 0x7E,
    0x00, 0x78, 0x0F, 0xE0, 0x0F, 0x03, 0xFC, 0x01, 0xE0, 0xF3, 0xC0, 0x3C, 0x1E, 0x7C, 0x07, 0x87,
    0x87, 0xC0, 0xF1, 0xF0, 0x7C, 0x1E, 0x7C, 0x07, 0xE3, 0xDF, 0x00, 0x78, 0x7B, 0xC0, 0x07, 0x0F,
    0x30, 0x00, 0x01, 0xE0, 0x00, 0x00, 0x3C, 0x00, 0x00, 0x07, 0x80, 0x00, 0x00, 0xF0, 0x00, 0x00,
    0x1E, 0x00, 0x00, 0x03, 0xC0, 0x00, 0x00, 0x78, 0x00, 0x00, 0x01, 0xC0, 0x00, 0x00, 0xF3, 0xFF,
    0xFC, 0x3C, 0xFF, 0xFF, 0x0F, 0x3F, 0xFF, 0xC3, 0xC0, 0x3C, 0x00, 0xF0, 0x0F, 0x00, 0x3C, 0x03,
    0xC0, 0x0F, 0x00, 0xF0, 0x7F, 0xC0, 0x7E, 0x1F, 0xF0, 0x1F, 0x87, 0xFC, 0x0F, 0xF0, 0x0F, 0x07,
    0x9E, 0x03, 0xC3, 0xE7, 0xC0, 0xF3, 0xF0, 0xFC, 0x3D, 0xF8, 0x1F, 0x8F, 0x7C, 0x01, 0xC3, 0xCC,
    0x00, 0x00, 0xF0, 0x00, 0x00, 0x1C, 0x00, 0x00, 0x00, 0x07, 0xFF, 0xFF, 0xC1, 0xFF, 0xFF, 0xF0,
    0x7F, 0xFF, 0xFC, 0x00, 0x00, 0x0F, 0x00, 0x00, 0x03, 0xC0, 0x00, 0x00, 0xF0, 0x00, 0x00, 0x3C,
    0x00, 0x00, 0x0F, 0x00, 0x00, 0x03, 0xC0, 0x00, 0x00, 0xF0, 0x00, 0x00, 0x3C, 0x00, 0x00, 0x00,
    0x00, 0x00, 0x00, 0x78, 0x00, 0x00, 0x0F, 0x1F, 0xFF, 0xE1, 0xE7, 0xFF, 0xFC, 0x3C, 0xFF, 0xFF,
    0x87, 0x80, 0x3C, 0x00, 0xF0, 0x07, 0x80, 0x1E, 0x00, 0xF0, 0x03, 0xC0, 0x1E, 0x0F, 0xF8, 0x07,
    0xC3, 0xFF, 0x00, 0xFC, 0x7F, 0xE0, 0x3F, 0x80, 0x3C, 0x07, 0xF8, 0x07, 0x81, 0xE7, 0x80, 0xF0,
    0xF8, 0xFC, 0x1E, 0x3F, 0x0F, 0xC3, 0xCF, 0xC0, 0xF8, 0x79, 0xE0, 0x06, 0x0F, 0x18, 0x00, 0x01,
    0xE0, 0x00, 0x00, 0x3C, 0x00, 0x00, 0x07, 0x80, 0xF0, 0x00, 0xF0, 0x1E, 0x00, 0x00, 0x03, 0xC0,
    0x00, 0x00, 0x78, 0x00, 0x00, 0x0F, 0x00, 0x00, 0x01, 0xE0, 0x00, 0x00, 0x3F, 0xFF, 0xFC, 0x07,
    0xFF, 0xFF, 0xC0, 0xFF, 0xFF, 0xF8, 0x1F, 0xFF, 0xFF, 0x00, 0x00, 0x03, 0x80, 0x00, 0x00, 0x71,
    0xFF, 0xFF, 0x0E, 0x3F, 0xFF, 0xE1, 0xC3, 0xFF, 0xF8, 0x38, 0x01, 0xE0, 0x07, 0x00, 0x3C, 0x00,
    0xE0, 0x0F, 0x87, 0xFC, 0x01, 0xF0, 0xFF, 0x80, 0x7F, 0x0F, 0xF0, 0x1F, 0xF0, 0x0E, 0x03, 0xDF,
    0x01, 0xC1, 0xF1, 0xF8, 0x38, 0xFC, 0x1F, 0x87, 0x1F, 0x01, 0xF0, 0xE3, 0xC0, 0x0C, 0x1C, 0x00,
    0x00, 0x00, 0x00, 0x7F, 0xFF, 0xF0, 0x0F, 0xFF, 0xFE, 0x01, 0xFF, 0xFF, 0xC0, 0x00, 0x00, 0x38,
    0x00, 0x00, 0x07, 0x00, 0xFF, 0xFF, 0xE0, 0x1F, 0xFF, 0xFC, 0x03, 0xFF, 0xFF, 0x80, 0x78, 0x00,
    0x00, 0x0F, 0x00, 0x00, 0x01, 0xE0, 0x00, 0x00, 0x3F, 0xFF, 0xFC, 0x07, 0xFF, 0xFF, 0x80, 0xFF,
    0xFF, 0xF0, 0x00, 0x00, 0x03, 0x80, 0x00, 0x00, 0xF7, 0xFF, 0xFC, 0x3D, 0xFF, 0xFF, 0x0F, 0x7F,
    0xFF, 0xC3, 0xC0, 0x3C, 0x00, 0xF0, 0x0F, 0x00, 0x3C, 0x03, 0xC0, 0x0F, 0x01, 0xF0, 0xFF, 0xC0,
    0x7E, 0x3F, 0xF0, 0x3F, 0x87, 0xFC, 0x0F, 0xF0, 0x0F, 0x07, 0x9E, 0x03, 0xC3, 0xE7, 0xC0, 0xF1,
    0xF0, 0xFC, 0x3D, 0xF8, 0x1F, 0x0F, 0x7C, 0x03, 0x83, 0xCC, 0x00, 0x00, 0xF0, 0x00, 0x00, 0x38,
    0x00, 0x7F, 0xC0, 0x00, 0xFF, 0xFE, 0x00, 0x7F, 0xFF, 0xC0, 0x3F, 0x01, 0xF8, 0x0F, 0x00, 0x1E,
    0x07, 0x80, 0x03, 0xC1, 0xE0, 0x00, 0xF0, 0x3C, 0x00, 0x7C, 0x0F, 0x80, 0x3E, 0x01, 0xFF, 0xFF,
    0x00, 0x3F, 0xFF, 0x80, 0x03, 0xFF, 0x80, 0x00, 0x00, 0x01, 0xC0, 0x00, 0x0E, 0x38, 0x00, 0x01,
    0xC7, 0x3F, 0xFE, 0x38, 0xE7, 0xFF, 0xE7, 0x1C, 0xFF, 0xFC, 0xE3, 0x80, 0xF0, 0x1C, 0x70, 0x1E,
    0x03, 0x8E, 0x03, 0xC0, 0x71, 0xC0, 0x78, 0x0E, 0x38, 0x0F, 0x01, 0xC7, 0x01, 0xE7, 0xF8, 0xE0,
    0x3C, 0xFF, 0x1C, 0x07, 0x9F, 0xE3, 0x81, 0xF8, 0x1C, 0x70, 0x3F, 0x03, 0x8E, 0x07, 0xF0, 0x71,
    0xC1, 0xEE, 0x0E, 0x38, 0x39, 0xE1, 0xC7, 0x0F, 0x1E, 0x38, 0xE3, 0xC3, 0xE7, 0x1C, 0xF8, 0x3E,
    0xE3, 0xBE, 0x03, 0x9C, 0x73, 0x80, 0x33, 0x8E, 0x20, 0x00, 0x71, 0xC0, 0x00, 0x0E, 0x38, 0x00,
    0x01, 0xC7, 0x00, 0x00, 0x38, 0xE0, 0x00, 0x07, 0x1C, 0x00, 0x00, 0x03, 0x80, 0x00, 0x00, 0x70,
    0x00, 0x00, 0x01, 0xC0, 0x00, 0x00, 0x38, 0x00, 0x00, 0x07, 0x1F, 0xFF, 0xE0, 0xE3, 0xFF, 0xFE,
    0x1C, 0x7F, 0xFF, 0xC3, 0x80, 0x3C, 0x00, 0x70, 0x07, 0x80, 0x0E, 0x00, 0xF0, 0x01, 0xC0, 0x1E,
    0x0F, 0xF8, 0x03, 0xC1, 0xFF, 0x00, 0x78, 0x3F, 0xE0, 0x0F, 0x00, 0x1C, 0x03, 0xF0, 0x03, 0x80,
    0x7E, 0x00, 0x70, 0x0F, 0xE3, 0xFE, 0x03, 0xDC, 0x7F, 0xC0, 0x73, 0xCF, 0xF8, 0x1E, 0x3C, 0x07,
    0x07, 0x87, 0xC0, 0xE1, 0xF0, 0x7C, 0x1C, 0x7C, 0x07, 0xC3, 0x9F, 0x00, 0x78, 0x73, 0xC0, 0x06,
    0x0E, 0x30, 0x00, 0x01, 0xC0, 0x00, 0x00, 0x38, 0x00, 0x00, 0x07, 0x00, 0x00, 0x00, 0xE0, 0x00,
    0x00, 0x1C, 0x00, 0x00, 0x03, 0x80, 0x00, 0x00, 0x70, 0x00, 0x00, 0x01, 0xC0, 0x00, 0x00, 0x1E,
    0x0F, 0xFF, 0xF0, 0xF0, 0x7F, 0xFF, 0x87, 0x83, 0xFF, 0xFC, 0x3C, 0x00, 0x78, 0x01, 0xE0, 0x03,
    0xC1, 0xFF, 0x00, 0x1E, 0x0F, 0xF8, 0x00, 0xF0, 0x7F, 0xC0, 0x0F, 0xC0, 0x1E, 0x00, 0x7E, 0x00,
    0xF0, 0x07, 0xF8, 0xFF, 0x80, 0x7F, 0xE7, 0xFC, 0x07, 0xCF, 0xBF, 0xE0, 0x7C, 0x3F, 0x0F, 0x0F,
    0xC0, 0xFC, 0x78, 0x7C, 0x03, 0xC3, 0xC1, 0xC0, 0x04, 0x1E, 0x00, 0x00, 0x00, 0x00, 0x01, 0xE0,
    0x3C, 0x00, 0x0F, 0x01, 0xE0, 0x00, 0x78, 0x0F, 0x00, 0x03, 0xC0, 0x78, 0x00, 0x3E, 0x07, 0xE0,
    0x01, 0xF8, 0x3F, 0x00, 0x1F, 0xE3, 0xFC, 0x01, 0xEF, 0x3C, 0xF0, 0x3E, 0x3F, 0xE7, 0xE1, 0xE0,
    0xFE, 0x1F, 0x0E, 0x03, 0xE0, 0x38, 0x00, 0x04, 0x00, 0x00, 0x00, 0x00, 0x00, 0x00, 0xFF, 0xFF,
    0xFE, 0x07, 0xFF, 0xFF, 0xF0, 0x3F, 0xFF, 0xFF, 0x80, 0x00, 0xF0, 0x00, 0x00, 0x07, 0xC0, 0x00,
    0x00, 0x3E, 0x00, 0x00, 0x03, 0xF0, 0x00, 0x00, 0x3F, 0xC0, 0x00, 0x01, 0xEF, 0x00, 0x00, 0x3E,
    0x3C, 0x00, 0x03, 0xE1, 0xF8, 0x00, 0x7E, 0x03, 0xF0, 0x1F, 0xE0, 0x0F, 0xF0, 0xFC, 0x00, 0x1F,
    0x83, 0x81, 0xE0, 0x38, 0x00, 0x0F, 0x00, 0x00, 0x00, 0x78, 0x00, 0x00, 0x03, 0xC0, 0x00, 0x00,
    0x1E, 0x00, 0x00, 0x00, 0xF0, 0x00, 0x00, 0x07, 0x80, 0x03, 0xFF, 0xFF, 0xFF, 0xDF, 0xFF, 0xFF,
    0xFE, 0xFF, 0xFF, 0xFF, 0xF0, 0x1F, 0xFF, 0xFF, 0x80, 0xFF, 0xFF, 0xFE, 0x07, 0xFF, 0xFF, 0xF0,
    0x00, 0x1F, 0x00, 0x00, 0x00, 0xF8, 0x00, 0x00, 0x0F, 0xE0, 0x00, 0x00, 0xFF, 0x00, 0x00, 0x0F,
    0xBC, 0x00, 0x00, 0xF8, 0xF8, 0x00, 0x1F, 0x87, 0xF0, 0x0F, 0xF8, 0x0F, 0xF0, 0x7F, 0x0E, 0x3F,
    0x81, 0xE0, 0xF0, 0x7C, 0x00, 0x07, 0x80, 0x00, 0x00, 0x3C, 0x00, 0x00, 0x01, 0xE0, 0x00, 0xFF,
    0xFF, 0xFF, 0xF7, 0xFF, 0xFF, 0xFF, 0x9F, 0xFF, 0xFF, 0xFC, 0x00, 0x00, 0x00, 0x00, 0xF0, 0x00,
    0x00, 0x07, 0x80, 0x00, 0x00, 0x3C, 0x00, 0x00, 0x01, 0xE0, 0x00, 0x00, 0x0F, 0x00, 0x00, 0x00,
    0x78, 0x00, 0x00, 0x03, 0xFF, 0xFF, 0xE0, 0x1F, 0xFF, 0xFF, 0x00, 0xFF, 0xFF, 0xF8, 0x07, 0xFF,
    0xFF, 0xC0, 0x1F, 0xFF, 0xFF, 0xC1, 0xFF, 0xFF, 0xFC, 0x1F, 0xFF, 0xFF, 0xC0, 0x00, 0xF8, 0x00,
    0x00, 0x1F, 0x80, 0x00, 0x03, 0xFC, 0x00, 0x00, 0x7D, 0xF0, 0x00, 0x1F, 0x8F, 0xC0, 0x1F, 0xF0,
    0x7F, 0x83, 0xFC, 0x03, 0xFC, 0x3F, 0x0F, 0x0F, 0xC1, 0x80, 0xF0, 0x08, 0x00, 0x0F, 0x00, 0x00,
    0x00, 0xF0, 0x00, 0xFF, 0xFF, 0xFF, 0xFF, 0xFF, 0xFF, 0xFF, 0x7F, 0xFF, 0xFF, 0xF0, 0x00, 0x00,
    0x00, 0x0E, 0x00, 0x07, 0x00, 0xE0, 0x00, 0x78, 0x0E, 0x00, 0x07, 0x80, 0xFF, 0xFF, 0xF8, 0x0F,
    0xFF, 0xFF, 0x80, 0xFF, 0xFF, 0xF8, 0x0E, 0x00, 0x07, 0x80, 0xE0, 0x00, 0x78, 0x0E, 0x00, 0x07,
    0x80, 0xFF, 0xFF, 0xF8, 0x0F, 0xFF, 0xFF, 0x80, 0xFF, 0xFF, 0xF8, 0x00, 0x00, 0x00, 0x00, 0xFF,
    0xFF, 0xFE, 0x07, 0xFF, 0xFF, 0xF0, 0x1F, 0xFF, 0xFF, 0x00, 0x00, 0xFC, 0x00, 0x00, 0x0F, 0xE0,
    0x00, 0x00, 0xF7, 0xC0, 0x00, 0x1F, 0x1F, 0x80, 0x0F, 0xF0, 0x7F, 0x81, 0xFF, 0x01, 0xFF, 0x07,
    0xE1, 0xC3, 0xF0, 0x30, 0x0E, 0x01, 0x80, 0x00, 0x70, 0x00, 0x00, 0x03, 0x80, 0x01, 0xFF, 0xFF,
    0xFF, 0xCF, 0xFF, 0xFF, 0xFE, 0x7F, 0xFF, 0xFF, 0xF0, 0x00, 0x00, 0x00, 0x00, 0x00, 0x00, 0x00,
    0x00, 0xFF, 0xE0, 0x00, 0x3F, 0xFF, 0xE0, 0x03, 0xFF, 0xFF, 0x80, 0x3F, 0x00, 0x7E, 0x01, 0xE0,
    0x00, 0xF0, 0x0F, 0x00, 0x07, 0x80, 0x78, 0x00, 0x3C, 0x03, 0xE0, 0x03, 0xE0, 0x0F, 0xFF, 0xFE,
    0x00, 0x3F, 0xFF, 0xE0, 0x00, 0x3F, 0xF8, 0x00, 0x00, 0x00, 0x07, 0x00, 0x00, 0x00, 0x78, 0x00,
    0x00, 0x03, 0xC0, 0xFF, 0xFF, 0x9E, 0x07, 0xFF, 0xFC, 0xF0, 0x1F, 0xFF, 0xE7, 0x80, 0x03, 0xC0,
    0x3C, 0x00, 0x1E, 0x01, 0xE0, 0x01, 0xF0, 0x0F, 0x00, 0x0F, 0xC0, 0x78, 0x00, 0xFE, 0x03, 0xC0,
    0x07, 0xF8, 0x1E, 0x00, 0x79, 0xE0, 0xF0, 0x0F, 0x8F, 0xC7, 0xFD, 0xF8, 0x3F, 0x3F, 0xEF, 0x80,
    0x79, 0xFF, 0x78, 0xF1, 0x8F, 0x01, 0x07, 0x80, 0x78, 0x00, 0x3C, 0x03, 0xC0, 0x01, 0xE0, 0x1E,
    0x00, 0x0F, 0x00, 0xF0, 0x00, 0x78, 0xF7, 0x83, 0xFF, 0xFF, 0xBC, 0x1F, 0xFF, 0xFD, 0xE0, 0x7F,
    0xFC, 0x0F, 0x00, 0x00, 0x00, 0x78, 0x00, 0x00, 0x03, 0xC0, 0x00, 0x00, 0x1E, 0x00, 0x00, 0x00,
    0xF0, 0x00, 0x00, 0x07, 0x80, 0x00, 0x00, 0x3C, 0x00, 0x1F, 0xFF, 0xFF, 0x80, 0xFF, 0xFF, 0xFE,
    0x07, 0xFF, 0xFF, 0xF0, 0x00, 0x1F, 0x00, 0x00, 0x00, 0xF8, 0x00, 0x00, 0x0F, 0xC0, 0x00, 0x00,
    0x7F, 0x00, 0x00, 0x0F, 0xBC, 0x00, 0x00, 0xF8, 0xF8, 0x00, 0x3F, 0x83, 0xF0, 0x0F, 0xF8, 0x0F,
    0xF0, 0x7F, 0x00, 0x1F, 0x81, 0xC0, 0x00, 0x3C, 0x00, 0x00, 0x00, 0x00, 0x00, 0x00, 0x00, 0x0F,
    0xFF, 0xFF, 0xFE, 0xFF, 0xFF, 0xFF, 0xF7, 0xFF, 0xFF, 0xFF, 0x80, 0x03, 0xC0, 0x00, 0x00, 0x1E,
    0x00, 0x00, 0x00, 0xF0, 0x00, 0x00, 0x07, 0x80, 0x00, 0x00, 0x3C, 0x00, 0x00, 0x01, 0xE0, 0x00,
    0x00, 0x0F, 0x00, 0x00, 0x00, 0x78, 0x00, 0x00, 0x03, 0xC0, 0x00, 0x00, 0x1E, 0x00, 0x00, 0x00,
    0xF0, 0x00, 0x00, 0x1F, 0xFF, 0xFF, 0xC0, 0xFF, 0xFF, 0xFE, 0x07, 0xFF, 0xFF, 0xF0, 0x00, 0x1F,
    0x00, 0x00, 0x00, 0xF8, 0x00, 0x00, 0x0F, 0xE0, 0x00, 0x00, 0xFF, 0x80, 0x00, 0x0F, 0xBE, 0x00,
    0x00, 0xF8, 0xF8, 0x00, 0x3F, 0x83, 0xF8, 0x0F, 0xF8, 0x0F, 0xF8, 0x3F, 0x00, 0x1F, 0x81, 0xE0,
    0x00, 0x3C, 0x00, 0x00, 0x00, 0x00, 0x00, 0x00, 0x00, 0x0F, 0xFF, 0xFF, 0xFE, 0x7F, 0xFF, 0xFF,
    0xF3, 0xFF, 0xFF, 0xFF, 0x80, 0x01, 0xE0, 0x00, 0x00, 0x0F, 0x00, 0x00, 0xF0, 0x78, 0x00, 0x07,
    0x83, 0xC0, 0x00, 0x3C, 0x1E, 0x00, 0x01, 0xE0, 0xE0, 0x00, 0x0F, 0x00, 0x00, 0x00, 0x78, 0x00,
    0x00, 0x03, 0xFF, 0xFF, 0xE0, 0x1F, 0xFF, 0xFF, 0x00, 0xFF, 0xFF, 0xF8, 0x07, 0xFF, 0xFF, 0xC0,
    0x1F, 0xFF, 0xFF, 0xC1, 0xFF, 0xFF, 0xFC, 0x1F, 0xFF, 0xFF, 0xC0, 0x00, 0xF8, 0x00, 0x00, 0x1F,
    0x80, 0x00, 0x03, 0xFE, 0x00, 0x00, 0xFD, 0xF0, 0x00, 0x7F, 0x8F, 0xE0, 0x3F, 0xE0, 0x7F, 0xC3,
    0xF8, 0x01, 0xFC, 0x1C, 0x00, 0x01, 0xC0, 0x00, 0x00, 0x00, 0xFF, 0xFF, 0xFF, 0xFF, 0xFF, 0xFF,
    0xFF, 0xFF, 0xFF, 0xFF, 0xF0, 0x00, 0xF0, 0x00, 0x00, 0x0F, 0x00, 0x00, 0xFF, 0xFF, 0xF8, 0x0F,
    0xFF, 0xFF, 0x80, 0xFF, 0xFF, 0xF8, 0x00, 0x00, 0x07, 0x80, 0x00, 0x00, 0x78, 0x0F, 0xFF, 0xFF,
    0x80, 0xFF, 0xFF, 0xF8, 0x0F, 0xFF, 0xFF, 0x00, 0xE0, 0x00, 0x00, 0x0E, 0x00, 0x00, 0x00, 0xFF,
    0xFF, 0xF8, 0x0F, 0xFF, 0xFF, 0x80, 0xFF, 0xFF, 0xF8, 0x00, 0x00, 0x00, 0x00, 0xFF, 0xFF, 0xFE,
    0x07, 0xFF, 0xFF, 0xF0, 0x1F, 0xFF, 0xFF, 0x00, 0x00, 0xFC, 0x00, 0x00, 0x0F, 0xE0, 0x00, 0x00,
    0xF7, 0xC0, 0x00, 0x1F, 0x9F, 0x00, 0x07, 0xF8, 0x7F, 0x81, 0xFF, 0x01, 0xFF, 0x07, 0xE0, 0x03,
    0xF0, 0x30, 0x00, 0x01, 0x80, 0x00, 0x00, 0x00, 0x3F, 0xFF, 0xFF, 0xF9, 0xFF, 0xFF, 0xFF, 0xCF,
    0xFF, 0xFF, 0xFE, 0x00, 0x07, 0x80, 0x00, 0x00, 0x3C, 0x00, 0x00, 0x01, 0xE0, 0x00, 0x00, 0xFF,
    0xE0, 0x00, 0x3F, 0xFF, 0xE0, 0x03, 0xFF, 0xFF, 0x80, 0x3E, 0x00, 0x3E, 0x01, 0xE0, 0x00, 0xF0,
    0x0F, 0x00, 0x07, 0x80, 0x78, 0x00, 0x3C, 0x03, 0xF0, 0x07, 0xE0, 0x0F, 0xFF, 0xFE, 0x00, 0x3F,
    0xFF, 0xE0, 0x00, 0x3F, 0xF8, 0x00, 0x1F, 0xFF, 0xFF, 0xC1, 0xFF, 0xFF, 0xFC, 0x1F, 0xFF, 0xFF,
    0xC0, 0x00, 0xF8, 0x00, 0x00, 0x1F, 0x80, 0x00, 0x03, 0xFC, 0x00, 0x00, 0xFD, 0xF0, 0x00, 0x7F,
    0x8F, 0xE0, 0x3F, 0xE0, 0x7F, 0xE3, 0xF8, 0x01, 0xFC, 0x1C, 0x00, 0x01, 0xC0, 0x00, 0x00, 0x00,
    0xFF, 0xFF, 0xFF, 0xFF, 0xFF, 0xFF, 0xFF, 0xFF, 0xFF, 0xFF, 0xF0, 0x00, 0x00, 0x00, 0x00, 0x00,
    0x00, 0x00, 0xFF, 0xFF, 0xF8, 0x0F, 0xFF, 0xFF, 0x80, 0xFF, 0xFF, 0xF8, 0x00, 0x00, 0x07, 0x80,
    0x00, 0x00, 0x78, 0x0F, 0xFF, 0xFF, 0x80, 0xFF, 0xFF, 0xF8, 0x0F, 0x00, 0x00, 0x00, 0xE0, 0x00,
    0x00, 0x0E, 0x00, 0x00, 0x00, 0xFF, 0xFF, 0xFC, 0x0F, 0xFF, 0xFF, 0xC0, 0xFF, 0xFF, 0xFC, 0x1F,
    0xFF, 0xFF, 0x81, 0xFF, 0xFF, 0xFC, 0x1F, 0xFF, 0xFF, 0xC0, 0xFF, 0xFF, 0xF8, 0x00, 0x1F, 0x80,
    0x00, 0x01, 0xFC, 0x00, 0x00, 0x7D, 0xE0, 0x00, 0x0F, 0x9F, 0x80, 0x0F, 0xF0, 0xFF, 0x03, 0xFE,
    0x03, 0xFE, 0x3F, 0x80, 0x0F, 0xC1, 0x80, 0x00, 0x18, 0x00, 0x00, 0x00, 0x0F, 0xFF, 0xFF, 0xFF,
    0xFF, 0xFF, 0xFF, 0xFF, 0xFF, 0xFF, 0xFF, 0x00, 0x00, 0x00, 0x00, 0x00, 0x00, 0x00, 0x00, 0x3F,
    0xE0, 0x00, 0x1F, 0xFF, 0xC0, 0x07, 0xFF, 0xFE, 0x00, 0xFC, 0x03, 0xF0, 0x0F, 0x00, 0x0F, 0x80,
    0xF0, 0x00, 0x78, 0x0E, 0x00, 0x07, 0x80, 0xF0, 0x00, 0xF8, 0x0F, 0xC0, 0x1F, 0x00, 0x7F, 0xFF,
    0xE0, 0x03, 0xFF, 0xFC, 0x00, 0x07, 0xFF, 0x00, 0x00, 0x00, 0x03, 0x80, 0x00, 0x00, 0xF0, 0x00,
    0x00, 0x3C, 0xFF, 0xFF, 0x0F, 0x7F, 0xFF, 0xE3, 0xDF, 0xFF, 0xF8, 0xF0, 0x0F, 0x00, 0x3C, 0x03,
    0xC0, 0x0F, 0x00, 0xF0, 0x03, 0xC0, 0x3C, 0x00, 0xF0, 0x0F, 0x00, 0x3C, 0x03, 0xC0, 0x0F, 0x00,
    0xF0, 0x03, 0xC0, 0x7E, 0x00, 0xF0, 0x1F, 0x80, 0x3C, 0x07, 0xF0, 0x0F, 0x03, 0xFC, 0x03, 0xC0,
    0xE7, 0x80, 0xF0, 0x79, 0xF0, 0x3C, 0x3C, 0x3E, 0x0F, 0x1F, 0x07, 0xC3, 0xCF, 0x80, 0xF8, 0xF7,
    0xC0, 0x1E, 0x3D, 0xE0, 0x03, 0x0F, 0x30, 0x00, 0x03, 0xC0, 0x00, 0x00, 0xF0, 0x00, 0x00, 0x3C,
    0x00, 0x00, 0x0F, 0x00, 0x00, 0x03, 0xC0, 0x00, 0x00, 0xF0, 0x00, 0x00, 0x3C, 0x00, 0x00, 0x03,
    0xC0, 0x00, 0x00, 0xF3, 0xFF, 0xFC, 0x3C, 0xFF, 0xFF, 0x0F, 0x3F, 0xFF, 0xC3, 0xC0, 0x3C, 0x00,
    0xF0, 0x0F, 0x00, 0x3C, 0x03, 0xC0, 0x0F, 0x00, 0xF0, 0x03, 0xC0, 0x7E, 0x00, 0xF0, 0x1F, 0xC0,
    0x3C, 0x0F, 0xF0, 0x0F, 0x07, 0x9F, 0x03, 0xC3, 0xE3, 0xE0, 0xF3, 0xF0, 0x7E, 0x3D, 0xF8, 0x0F,
    0x8F, 0x3C, 0x01, 0xC3, 0xCC, 0x00, 0x00, 0xF0, 0x00, 0x00, 0x38, 0x00, 0x00, 0x00, 0x07, 0xFF,
    0xFF, 0xC1, 0xFF, 0xFF, 0xF0, 0x7F, 0xFF, 0xFC, 0x00, 0x00, 0x0F, 0x00, 0x00, 0x03, 0xC0, 0x00,
    0x00, 0xF0, 0x00, 0x00, 0x3C, 0x00, 0x00, 0x0F, 0x00, 0x00, 0x03, 0xC0, 0x00, 0x00, 0xF0, 0x00,
    0x00, 0x3C, 0x00, 0x00, 0x03, 0xC0, 0x00, 0x00, 0x78, 0x00, 0x00, 0x0F, 0x1F, 0xFF, 0xE1, 0xE3,
    0xFF, 0xFC, 0x3C, 0x7F, 0xFF, 0x87, 0x80, 0x3C, 0x00, 0xF0, 0x07, 0x80, 0x1E, 0x00, 0xF0, 0x03,
    0xC0, 0x1F, 0x00, 0x78, 0x07, 0xE0, 0x0F, 0x00, 0xFE, 0x01, 0xE0, 0x3F, 0xE0, 0x3C, 0x0F, 0x3E,
    0x07, 0x83, 0xE3, 0xE0, 0xF1, 0xF8, 0x3F, 0x1E, 0x7E, 0x03, 0xE3, 0xC7, 0x00, 0x18, 0x78, 0x80,
    0x00, 0x0F, 0x00, 0x00, 0x01, 0xE0, 0x38, 0x00, 0x3C, 0x07, 0x00, 0x07, 0x80, 0xE0, 0x00, 0x00,
    0x1C, 0x00, 0x00, 0x03, 0x80, 0x00, 0x00, 0x70, 0x00, 0x00, 0x0E, 0x00, 0x00, 0x01, 0xFF, 0xFF,
    0xF0, 0x3F, 0xFF, 0xFE, 0x07, 0xFF, 0xFF, 0xC0, 0xFF, 0xFF, 0xF8, 0x00, 0x00, 0x03, 0x80, 0x00,
    0x00, 0xF3, 0xFF, 0xFC, 0x3C, 0xFF, 0xFF, 0x0F, 0x3F, 0xFF, 0xC3, 0xC0, 0x3C, 0x00, 0xF0, 0x0F,
    0x00, 0x3C, 0x03, 0xC0, 0x0F, 0x00, 0xF8, 0x03, 0xC0, 0x7E, 0x00, 0xF0, 0x1F, 0xC0, 0x3C, 0x0F,
    0xF8, 0x0F, 0x07, 0x9F, 0x03, 0xC3, 0xE3, 0xE0, 0xF3, 0xF0, 0x7E, 0x3D, 0xF8, 0x0F, 0x8F, 0x38,
    0x00, 0xC3, 0xC8, 0x00, 0x00, 0xF0, 0x00, 0x00, 0x00, 0x0F, 0xFF, 0xFF, 0x03, 0xFF, 0xFF, 0xC0,
    0xFF, 0xFF, 0xF0, 0x38, 0x00, 0x3C, 0x0E, 0x00, 0x0F, 0x03, 0x80, 0x03, 0xC0, 0xE0, 0x00, 0xF0,
    0x38, 0x00, 0x3C, 0x0E, 0x00, 0x0F, 0x03, 0xFF, 0xFF, 0xC0, 0xFF, 0xFF, 0xF0, 0x3F, 0xFF, 0xFC,
    0x00, 0x00, 0x03, 0x80, 0x00, 0x00, 0xF3, 0xFF, 0xFC, 0x3C, 0xFF, 0xFF, 0x0F, 0x3F, 0xFF, 0xC3,
    0xC0, 0x3C, 0x00, 0xF0, 0x0F, 0x00, 0x3C, 0x03, 0xC0, 0x0F, 0x01, 0xF8, 0x03, 0xC0, 0x7E, 0x00,
    0xF0, 0x3F, 0xC0, 0x3C, 0x1F, 0x78, 0x0F, 0x0F, 0x9F, 0x83, 0xC7, 0xC3, 0xF8, 0xF7, 0xE0, 0x7E,
    0x3D, 0xF0, 0x07, 0x0F, 0x30, 0x00, 0x03, 0xC0, 0x00, 0x00, 0x00, 0x00, 0x00, 0x00, 0x0E, 0x00,
    0x0F, 0x03, 0x80, 0x03, 0xC0, 0xFF, 0xFF, 0xF0, 0x3F, 0xFF, 0xFC, 0x0F, 0xFF, 0xFF, 0x03, 0x80,
    0x03, 0xC0, 0xE0, 0x00, 0xF0, 0x38, 0x00, 0x3C, 0x0E, 0x00, 0x0F, 0x03, 0xFF, 0xFF, 0xC0, 0xFF,
    0xFF, 0xF0, 0x3F, 0xFF, 0xFC, 0x00, 0x00, 0x03, 0xC0, 0x00, 0x00, 0x0F, 0x00, 0x00, 0x00, 0x3C,
    0x0F, 0xFB, 0xFE, 0xF0, 0x3F, 0xEF, 0xFB, 0xC0, 0xFF, 0xBF, 0xEF, 0x00, 0x78, 0x3C, 0x3C, 0x01,
    0xE0, 0xF0, 0xF0, 0x07, 0x83, 0xC3, 0xC0, 0x1E, 0x0F, 0x0F, 0x00, 0x78, 0x3C, 0x3C, 0x01, 0xE0,
    0xF0, 0xF0, 0x07, 0x83, 0xC3, 0xFC, 0x1E, 0x0F, 0x0F, 0xF0, 0x78, 0x3C, 0x3F, 0xC1, 0xF1, 0xF0,
    0xF0, 0x0F, 0xC7, 0xE3, 0xC0, 0x3F, 0x1F, 0x8F, 0x01, 0xFE, 0xFE, 0x3C, 0x07, 0xBB, 0xBC, 0xF0,
    0x3C, 0xFE, 0x7B, 0xC1, 0xF1, 0xF1, 0xFF, 0x07, 0x87, 0xC3, 0xBC, 0x0C, 0x0E, 0x06, 0xF0, 0x00,
    0x10, 0x03, 0xC0, 0x00, 0x00, 0x0F, 0x00, 0x00, 0x00, 0x3C, 0x00, 0x00, 0x00, 0xF0, 0x00, 0x00,
    0x03, 0xC0, 0x00, 0x00, 0x0F, 0x00, 0x00, 0x00, 0x3C, 0x00, 0x00, 0x00, 0x00, 0x00, 0x00, 0x00,
    0x3C, 0x00, 0x00, 0x01, 0xE0, 0xFF, 0xBF, 0xEF, 0x07, 0xFD, 0xFF, 0x78, 0x3F, 0xEF, 0xFB, 0xC0,
    0x1C, 0x1C, 0x1E, 0x00, 0xE0, 0xE0, 0xFF, 0x0F, 0x07, 0x07, 0xF8, 0x78, 0x7C, 0x3F, 0xC3, 0xE3,
    0xE1, 0xE0, 0x3F, 0x1F, 0x8F, 0x03, 0xFD, 0xDE, 0x78, 0x3C, 0xFE, 0xFB, 0xC3, 0xE3, 0xE3, 0xFE,
    0x0E, 0x1E, 0x0E, 0xF0, 0x00, 0x20, 0x03, 0x80, 0x00, 0x00, 0x00, 0x00, 0x00, 0x00, 0x00, 0x1F,
    0xF3, 0x87, 0x00, 0xFF, 0x9C, 0x38, 0x07, 0xFC, 0xE1, 0xC0, 0x00, 0xE7, 0xFE, 0x00, 0x07, 0x3F,
    0xF0, 0x0F, 0xF9, 0xFF, 0x80, 0x7F, 0xCE, 0x1C, 0x03, 0x80, 0x70, 0xE0, 0x1C, 0x03, 0x87, 0x00,
    0xE0, 0x1C, 0x38, 0x07, 0xFE, 0xFF, 0xC0, 0x3F, 0xF7, 0xFE, 0x01, 0xFF, 0xBF, 0xF0, 0x00, 0x00,
    0x1C, 0x70, 0x00, 0x00, 0xE3, 0x80, 0x00, 0x07, 0x1C, 0x00, 0x00, 0x38, 0xE3, 0xFB, 0xF9, 0xC7,
    0x1F, 0xDF, 0xEE, 0x38, 0xFE, 0xFF, 0x71, 0xC1, 0xE1, 0xC3, 0x8E, 0x0F, 0x0E, 0x1C, 0x70, 0x78,
    0x70, 0xE3, 0x83, 0xC3, 0x87, 0x1C, 0x1E, 0x1C, 0x38, 0xE0, 0xF0, 0xE1, 0xFF, 0x07, 0x8F, 0x0F,
    0xF8, 0x3C, 0x78, 0x7F, 0xC1, 0xE3, 0xE3, 0x8E, 0x0F, 0x9F, 0x1C, 0x70, 0xFC, 0xF8, 0xE3, 0x87,
    0xEF, 0xE7, 0x1C, 0x7B, 0xF7, 0x38, 0xE7, 0x9F, 0x3F, 0xC7, 0x3C, 0x78, 0xFE, 0x38, 0xC3, 0x83,
    0x71, 0xC0, 0x08, 0x03, 0x8E, 0x00, 0x00, 0x1C, 0x70, 0x00, 0x00, 0xE3, 0x80, 0x00, 0x07, 0x1C,
    0x00, 0x00, 0x38, 0xE0, 0x00, 0x01, 0xC7, 0x00, 0x00, 0x00, 0x38, 0x00, 0x00, 0x01, 0xC0, 0x1F,
    0xFD, 0xFF, 0xC1, 0xFF, 0xEF, 0xFF, 0x0F, 0xFF, 0x7F, 0xF8, 0x03, 0xC0, 0x78, 0x00, 0x1E, 0x03,
    0xC0, 0x01, 0xF0, 0x1F, 0x00, 0x0F, 0xC1, 0xF8, 0x01, 0xFF, 0x9F, 0xF0, 0x3F, 0x3F, 0xE7, 0xE1,
    0xF0, 0xFE, 0x1F, 0x0F, 0x01, 0xC0, 0x78, 0x00, 0x0F, 0x00, 0x00, 0x00, 0x78, 0x00, 0x00, 0x03,
    0xC0, 0x01, 0xFF, 0xFF, 0xFF, 0xCF, 0xFF, 0xFF, 0xFE, 0x7F, 0xFF, 0xFF, 0xF0, 0x00, 0x00, 0x00,
    0x00, 0x00, 0x00, 0x00, 0x00, 0x00, 0x00, 0x00, 0xFF, 0xFF, 0xF8, 0x07, 0xFF, 0xFF, 0xC0, 0x3F,
    0xFF, 0xFE, 0x00, 0x00, 0x00, 0xF0, 0x00, 0x00, 0x07, 0x80, 0x00, 0x00, 0x3C, 0x00, 0x00, 0x01,
    0xE0, 0x00, 0x00, 0x0F, 0x00, 0x00, 0x00, 0x78, 0x00, 0x00, 0x03, 0xC0, 0x00, 0x00, 0x01, 0xE0,
    0x00, 0x00, 0x3C, 0xFF, 0x3F, 0xC7, 0xBF, 0xFF, 0xF8, 0xF7, 0xFF, 0xFF, 0x1E, 0x0F, 0x0F, 0x03,
    0xC1, 0xE1, 0xE0, 0x78, 0x3C, 0x3C, 0x0F, 0x07, 0x87, 0x81, 0xE1, 0xF0, 0xF8, 0x3C, 0x3E, 0x1F,
    0x07, 0x87, 0xE7, 0xE0, 0xF1, 0xFC, 0xFE, 0x1E, 0x7B, 0xFD, 0xE3, 0xDF, 0x3F, 0x3E, 0x7B, 0xC3,
    0xC3, 0xCF, 0x30, 0x30, 0x11, 0xE0, 0x00, 0x00, 0x3C, 0x00, 0x00, 0x00, 0x00, 0x00, 0x00, 0x00,
    0x7F, 0xFF, 0xFE, 0x0F, 0xFF, 0xFF, 0xC1, 0xFF, 0xFF, 0xF8, 0x00, 0x00, 0x0F, 0x00, 0x00, 0x01,
    0xE0, 0x00, 0x00, 0x3C, 0x00, 0x00, 0x07, 0x80, 0x00, 0x00, 0xF0, 0x00, 0x00, 0x1E, 0x00, 0x00,
    0x03, 0xC0, 0x00, 0x00, 0x78, 0x00, 0xE0, 0x07, 0x00, 0x07, 0x00, 0x78, 0x00, 0x38, 0x03, 0xC0,
    0x01, 0xE0, 0x1E, 0x07, 0xFF, 0xFC, 0xF0, 0x3F, 0xFF, 0xE7, 0x80, 0x07, 0xC0, 0x3C, 0x00, 0x1C,
    0x01, 0xFE, 0x01, 0xF0, 0x0F, 0xF0, 0x0F, 0x80, 0x7F, 0x80, 0xFE, 0x03, 0xC0, 0x07, 0xF8, 0x1E,
    0x00, 0x7B, 0xE0, 0xF0, 0x0F, 0x8F, 0xC7, 0x81, 0xF8, 0x3F, 0x3C, 0x0F, 0x80, 0x79, 0xE0, 0x70,
    0x00, 0x8F, 0x00, 0x00, 0x00, 0x38, 0x00, 0x00, 0x00, 0x00, 0x0F, 0xFF, 0xFF, 0x00, 0x7F, 0xFF,
    0xF8, 0x03, 0xFF, 0xFF, 0xC0, 0x00, 0x1E, 0x00, 0x00, 0x01, 0xF8, 0x00, 0x00, 0x1F, 0xC0, 0x00,
    0x01, 0xFF, 0x80, 0x00, 0x3F, 0x3E, 0x00, 0x0F, 0xF0, 0xFE, 0x00, 0xFE, 0x03, 0xFC, 0x07, 0xC0,
    0x07, 0xC0, 0x10, 0x00, 0x04, 0x00, 0x01, 0xC0, 0x01, 0xC0, 0x38, 0x0E, 0x38, 0x07, 0x01, 0xC7,
    0x00, 0xE0, 0x38, 0xE7, 0xFF, 0xE7, 0x1C, 0xFF, 0xFC, 0xE3, 0x8F, 0xFF, 0x9C, 0x70, 0x0E, 0x03,
    0x8E, 0x03, 0xC0, 0x7F, 0xC0, 0x7C, 0x0F, 0xF8, 0x0F, 0x81, 0xFF, 0x03, 0xF0, 0x38, 0xE0, 0x7F,
    0x07, 0x1C, 0x1E, 0xF0, 0xE3, 0x87, 0x8F, 0x9C, 0x73, 0xE0, 0xFB, 0x8E, 0x78, 0x0E, 0x71, 0xC6,
    0x00, 0x0E, 0x38, 0x00, 0x01, 0xC7, 0x00, 0x00, 0x00, 0x00, 0x3F, 0xFF, 0xFC, 0x07, 0xFF, 0xFF,
    0x80, 0xFF, 0xFF, 0xF0, 0x00, 0x00, 0x0E, 0x00, 0x00, 0x01, 0xC0, 0x00, 0x00, 0x38, 0x00, 0x00,
    0x07, 0x00, 0x00, 0x00, 0xE0, 0x00, 0x00, 0x1C, 0x00, 0x00, 0x03, 0x80, 0x00, 0x00, 0x70, 0x01,
    0x80, 0x01, 0xC0, 0x78, 0x0E, 0x38, 0x0F, 0x01, 0xC7, 0x01, 0xE0, 0x38, 0xE7, 0xFF, 0xE7, 0x1C,
    0xFF, 0xFC, 0xE3, 0x8F, 0xFF, 0x9C, 0x70, 0x1E, 0x03, 0xFE, 0x03, 0xC0, 0x7F, 0xC0, 0x7C, 0x0F,
    0xF8, 0x1F, 0x81, 0xC7, 0x07, 0xF8, 0x38, 0xE0, 0xF7, 0x87, 0x1C, 0x7C, 0x7C, 0xE3, 0x9F, 0x0F,
    0xDC, 0x73, 0xC0, 0x73, 0x8E, 0x30, 0x00, 0x71, 0xC0, 0x00, 0x00, 0x00, 0x00, 0x00, 0x00, 0x01,
    0xE0, 0x00, 0xE0, 0x3C, 0x00, 0x1C, 0x07, 0xFF, 0xFF, 0x80, 0xFF, 0xFF, 0xF0, 0x1F, 0xFF, 0xFE,
    0x03, 0xC0, 0x01, 0xC0, 0x78, 0x00, 0x38, 0x0F, 0x00, 0x07, 0x01, 0xE0, 0x00, 0xE0, 0x3F, 0xFF,
    0xFC, 0x07, 0xFF, 0xFF, 0x80, 0xFF, 0xFF, 0xF0, 0x00, 0xE0, 0x03, 0x80, 0x0E, 0x00, 0x3C, 0x00,
    0xE0, 0x03, 0xC0, 0x0F, 0x00, 0x3C, 0x7F, 0xFF, 0xC3, 0xC7, 0xFF, 0xFC, 0x3C, 0x7F, 0xFF, 0xC3,
    0xC0, 0x0E, 0x00, 0x3C, 0x00, 0xF0, 0x03, 0xC0, 0x1F, 0x0F, 0xFC, 0x01, 0xF0, 0xFF, 0xC0, 0x3F,
    0x87, 0xFC, 0x03, 0xFC, 0x03, 0xC0, 0x7B, 0xE0, 0x3C, 0x0F, 0x1F, 0x83, 0xC3, 0xF0, 0xFC, 0x3C,
    0x7E, 0x07, 0xC3, 0xC7, 0x80, 0x18, 0x3C, 0x20, 0x00, 0x03, 0xC0, 0x00, 0x18, 0x3C, 0x00, 0x03,
    0xC3, 0xC0, 0x00, 0x3C, 0x38, 0x00, 0x07, 0xC0, 0x00, 0x00, 0x7E, 0x00, 0x00, 0x0F, 0xF0, 0x00,
    0x01, 0xEF, 0x80, 0x00, 0x7E, 0x7C, 0x00, 0x1F, 0x83, 0xF8, 0x0F, 0xF0, 0x1F, 0xE0, 0x7C, 0x00,
    0x7E, 0x07, 0x00, 0x01, 0xC0, 0x00, 0x00, 0x00, 0xE0, 0x38, 0x0E, 0x1C, 0x07, 0x01, 0xC3, 0x80,
    0xE0, 0x38, 0x70, 0x1C, 0x07, 0x0E, 0x7F, 0xFC, 0xE1, 0xDF, 0xFF, 0x9C, 0x3B, 0xFF, 0xF3, 0x87,
    0x7F, 0xFE, 0x70, 0xE0, 0x38, 0x0E, 0x1C, 0x07, 0x01, 0xC3, 0x81, 0xE0, 0x38, 0x70, 0x3C, 0x7F,
    0x0E, 0x07, 0xCF, 0xE1, 0xC0, 0xF9, 0xFC, 0x38, 0x3F, 0x03, 0x87, 0x07, 0xF0, 0x70, 0xE0, 0xEE,
    0x0E, 0x1C, 0x3D, 0xE1, 0xC3, 0x8F, 0x1E, 0x38, 0x73, 0xE3, 0xE7, 0x0E, 0xF8, 0x3E, 0xE1, 0xDE,
    0x03, 0x9C, 0x3B, 0x80, 0x33, 0x87, 0x20, 0x00, 0x70, 0xE0, 0x00, 0x0E, 0x1C, 0x00, 0x01, 0xC3,
    0x80, 0x00, 0x38, 0x70, 0x00, 0x07, 0x0E, 0x00, 0x00, 0x01, 0xC0, 0x00, 0x00, 0x38, 0x00, 0x00,
    0x00, 0x00, 0x00, 0x78, 0x00, 0x00, 0x03, 0xC0, 0x00, 0x00, 0x1E, 0x00, 0x00, 0x00, 0xF0, 0x00,
    0x0F, 0xFF, 0xFF, 0xE0, 0x7F, 0xFF, 0xFF, 0x03, 0xFF, 0xFF, 0xF8, 0x00, 0x0F, 0x00, 0x00, 0x00,
    0x78, 0x00, 0x00, 0x03, 0xE0, 0x00, 0x00, 0x3F, 0x80, 0x00, 0x03, 0xFE, 0x00, 0x00, 0x3E, 0xF8,
    0x00, 0x07, 0xE3, 0xF0, 0x03, 0xFC, 0x0F, 0xF0, 0x3F, 0xC0, 0x1F, 0xE1, 0xF8, 0x38, 0x3E, 0x04,
    0x03, 0xC0, 0x20, 0x00, 0x1E, 0x00, 0x00, 0x00, 0xF0, 0x00, 0x00, 0x07, 0x80, 0x00, 0x00, 0x3C,
    0x00, 0x00, 0x01, 0xE0, 0x00, 0xFF, 0xFF, 0xFF, 0xF7, 0xFF, 0xFF, 0xFF, 0xBF, 0xFF, 0xFF, 0xFC,
    0x00, 0x07, 0x00, 0x00, 0x00, 0x38, 0x00, 0x00, 0x01, 0xC0, 0x00, 0x3F, 0xFF, 0xFF, 0x81, 0xFF,
    0xFF, 0xFC, 0x0F, 0xFF, 0xFF, 0xE0, 0x00, 0x3E, 0x00, 0x00, 0x01, 0xF0, 0x00, 0x00, 0x1F, 0xC0,
    0x00, 0x03, 0xFF, 0x80, 0x00, 0xFE, 0x3F, 0x80, 0x7F, 0xE0, 0xFF, 0xC3, 0xFC, 0x71, 0xFE, 0x0F,
    0x03, 0x81, 0xE0, 0x00, 0x1C, 0x00, 0x00, 0x00, 0xE0, 0x00, 0x7F, 0xFF, 0xFF, 0xF3, 0xFF, 0xFF,
    0xFF, 0x9F, 0xFF, 0xFF, 0xFC, 0x00, 0x00, 0x00, 0x00, 0x01, 0xFC, 0x00, 0x00, 0xFF, 0xFE, 0x00,
    0x1F, 0xFF, 0xFC, 0x00, 0xF8, 0x03, 0xE0, 0x0F, 0x00, 0x07, 0x80, 0x78, 0x00, 0x3C, 0x03, 0xC0,
    0x01, 0xE0, 0x1F, 0x00, 0x1F, 0x00, 0x7F, 0xFF, 0xF0, 0x01, 0xFF, 0xFF, 0x00, 0x01, 0xFF, 0xC0,
    0x00, 0x00, 0x70, 0x01, 0xC0, 0x1E, 0x00, 0xF0, 0x07, 0x80, 0x3C, 0x01, 0xE0, 0x0F, 0x3F, 0xFF,
    0xE3, 0xCF, 0xFF, 0xF8, 0xF3, 0xFF, 0xFE, 0x3C, 0x01, 0xE0, 0x0F, 0x00, 0x78, 0x03, 0xC0, 0x3E,
    0x00, 0xF0, 0x0F, 0xC0, 0x3C, 0x07, 0xF8, 0x0F, 0x03, 0xDF, 0x03, 0xC1, 0xF3, 0xE0, 0xF3, 0xF8,
    0x7F, 0x3C, 0xFC, 0x0F, 0xCF, 0x3C, 0x70, 0xE3, 0xC4, 0x1E, 0x00, 0xF0, 0x07, 0x80, 0x3C, 0x01,
    0xE0, 0x0F, 0x00, 0x78, 0x03, 0xC0, 0x1F, 0xFE, 0xF7, 0xFF, 0xFF, 0xBD, 0xFF, 0xFF, 0xEF, 0x7F,
    0xFC, 0x03, 0xC0, 0x00, 0x00, 0xF0, 0x00, 0x00, 0x3C, 0x00, 0x00, 0x0F, 0x00, 0x00, 0x03, 0xC0,
    0x00, 0x00, 0xF0, 0x00, 0x00, 0x3C, 0x00, 0x07, 0x00, 0x00, 0x00, 0x78, 0x00, 0x00, 0x03, 0xC0,
    0x00, 0x00, 0x1E, 0x00, 0x01, 0xFF, 0xFF, 0xFC, 0x0F, 0xFF, 0xFF, 0xE0, 0x7F, 0xFF, 0xFF, 0x00,
    0x01, 0xE0, 0x00, 0x00, 0x0F, 0x80, 0x00, 0x00, 0xFC, 0x00, 0x00, 0x07, 0xF0, 0x00, 0x00, 0xFF,
    0xC0, 0x00, 0x0F, 0x9F, 0x80, 0x03, 0xF8, 0x7F, 0x80, 0xFF, 0x80, 0xFF, 0x03, 0xF0, 0x01, 0xF8,
    0x1C, 0x00, 0x03, 0xC0, 0x00, 0x00, 0x00, 0x00, 0x00, 0x00, 0x01, 0xFF, 0xFF, 0xFF, 0xEF, 0xFF,
    0xFF, 0xFF, 0x7F, 0xFF, 0xFF, 0xF8, 0x00, 0x3C, 0x00, 0x00, 0x01, 0xE0, 0x00, 0x00, 0x0F, 0x00,
    0x00, 0x00, 0x78, 0x00, 0x00, 0x03, 0xC0, 0x00, 0x00, 0x1E, 0x00, 0x00, 0x00, 0xF0, 0x00, 0x00,
    0x07, 0x80, 0x00, 0x00, 0x3C, 0x00, 0x00, 0x00, 0x0F, 0x00, 0x00, 0x00, 0xF0, 0x00, 0x00, 0x0F,
    0x00, 0x01, 0xFF, 0xFF, 0xF8, 0x1F, 0xFF, 0xFF, 0x80, 0x00, 0xF8, 0x00, 0x00, 0x0F, 0x80, 0x00,
    0x01, 0xFC, 0x00, 0x00, 0x7F, 0xF0, 0x00, 0x3F, 0x9F, 0xE0, 0x3F, 0xF0, 0x7F, 0xE3, 0xF8, 0x01,
    0xFC, 0x18, 0x00, 0x01, 0xC7, 0xFF, 0xFF, 0xFF, 0xFF, 0xFF, 0xFF, 0xFF, 0xFF, 0xFF, 0xFF, 0x00,
    0x0F, 0x00, 0x00, 0x00, 0xF0, 0x00, 0x0F, 0xFF, 0xFF, 0x00, 0xFF, 0xFF, 0xF8, 0x0F, 0xFF, 0xFF,
    0x80, 0x00, 0x00, 0x78, 0x00, 0x00, 0x07, 0x80, 0xFF, 0xFF, 0xF8, 0x0F, 0xFF, 0xFF, 0x80, 0xFF,
    0xFF, 0xF0, 0x0E, 0x00, 0x00, 0x00, 0xE0, 0x00, 0x00, 0x0F, 0xFF, 0xFF, 0x80, 0xFF, 0xFF, 0xF8,
    0x0F, 0xFF, 0xFF, 0x80, 0x00, 0x0F, 0x00, 0x00, 0x00, 0x78, 0x00, 0x00, 0x03, 0xC0, 0x00, 0x3F,
    0xFF, 0xFF, 0x01, 0xFF, 0xFF, 0xF8, 0x0F, 0xFF, 0xFF, 0xC0, 0x00, 0x3E, 0x00, 0x00, 0x03, 0xF0,
    0x00, 0x00, 0x3F, 0xC0, 0x00, 0x07, 0xEF, 0x80, 0x03, 0xFE, 0x3F, 0xC0, 0x7F, 0xC0, 0xFF, 0xC3,
    0xF8, 0x00, 0xFC, 0x0C, 0x00, 0x00, 0x40, 0x00, 0x00, 0x00, 0x1F, 0xFF, 0xFF, 0xFE, 0xFF, 0xFF,
    0xFF, 0xF7, 0xFF, 0xFF, 0xFF, 0x80, 0x03, 0xC0, 0x00, 0x00, 0x1E, 0x00, 0x00, 0x00, 0xF0, 0x00,
    0x07, 0xFF, 0xFF, 0xC0, 0x3F, 0xFF, 0xFE, 0x01, 0xFF, 0xFF, 0xF0, 0x0E, 0x00, 0x07, 0x80, 0x70,
    0x00, 0x3C, 0x03, 0x80, 0x01, 0xE0, 0x1C, 0x00, 0x0F, 0x00, 0xFF, 0xFF, 0xF8, 0x07, 0xFF, 0xFF,
    0xC0, 0x3F, 0xFF, 0xFE, 0x00, 0x00, 0x07, 0x00, 0x00, 0x00, 0x38, 0x00, 0x00, 0x01, 0xC0, 0x00,
    0x3F, 0xFF, 0xFF, 0x81, 0xFF, 0xFF, 0xFC, 0x0F, 0xFF, 0xFF, 0xE0, 0x00, 0x3E, 0x00, 0x00, 0x01,
    0xF0, 0x00, 0x00, 0x1F, 0xC0, 0x00, 0x03, 0xEF, 0x80, 0x00, 0xFE, 0x3F, 0x80, 0x7F, 0xE0, 0xFF,
    0xC1, 0xFC, 0x01, 0xFC, 0x0F, 0x00, 0x01, 0xE0, 0x00, 0x00, 0x00, 0x0F, 0xFF, 0xFF, 0xFE, 0x7F,
    0xFF, 0xFF, 0xF3, 0xFF, 0xFF, 0xFF, 0x80, 0x01, 0xC0, 0x00, 0x00, 0x0E, 0x00, 0x00, 0x07, 0xFF,
    0x00, 0x00, 0xFF, 0xFE, 0x00, 0x1F, 0xFF, 0xFC, 0x01, 0xF0, 0x01, 0xF0, 0x0F, 0x00, 0x07, 0x80,
    0x78, 0x00, 0x3C, 0x03, 0xC0, 0x01, 0xE0, 0x1F, 0x00, 0x1F, 0x00, 0x7F, 0xFF, 0xF0, 0x01, 0xFF,
    0xFF, 0x00, 0x01, 0xFF, 0xC0, 0x00, 0x00, 0x70, 0x01, 0xC0, 0x1E, 0x00, 0xF0, 0x07, 0x80, 0x3C,
    0x01, 0xE0, 0x0F, 0x1F, 0xFF, 0xE3, 0xC7, 0xFF, 0xF8, 0xF1, 0xFF, 0xFE, 0x3C, 0x01, 0xE0, 0x0F,
    0x00, 0xF8, 0x03, 0xC0, 0x3F, 0x00, 0xF0, 0x1F, 0xE0, 0x3C, 0x0F, 0x7E, 0x0F, 0x1F, 0x8F, 0xE3,
    0xCF, 0xC0, 0xF8, 0xF1, 0xE0, 0x0E, 0x3C, 0x40, 0x00, 0x0F, 0x00, 0x00, 0x33, 0xDF, 0xFF, 0xFE,
    0xF7, 0xFF, 0xFF, 0xBD, 0xFF, 0xFE, 0x0F, 0x00, 0x78, 0x03, 0xC0, 0x1E, 0x00, 0xF0, 0x07, 0x80,
    0x3C, 0x01, 0xE0, 0x0F, 0x00, 0x78, 0x03, 0xC0, 0x1E, 0x00, 0xF0, 0x07, 0x80, 0x3C, 0x01, 0xE0,
    0x0F, 0x00, 0x78, 0x03, 0xC0, 0x1E, 0x00, 0xF0, 0x00, 0x00, 0x3C, 0x00, 0x07, 0x00, 0x00, 0x00,
    0xF0, 0x00, 0x00, 0x0F, 0x00, 0x01, 0xFF, 0xFF, 0xF8, 0x1F, 0xFF, 0xFF, 0x81, 0xFF, 0xFF, 0xF8,
    0x00, 0x0F, 0x00, 0x00, 0x00, 0xF8, 0x00, 0x00, 0x1F, 0xC0, 0x00, 0x07, 0xFF, 0x00, 0x03, 0xF8,
    0xFE, 0x03, 0xFF, 0x07, 0xFC, 0x3F, 0x80, 0x1F, 0xC1, 0xC0, 0x00, 0x1C, 0x00, 0x00, 0x00, 0x0F,
    0xFF, 0xFF, 0xFF, 0xFF, 0xFF, 0xFF, 0xFF, 0xFF, 0xFF, 0xFF, 0x00, 0x00, 0x00, 0x00, 0x00, 0x00,
    0x00, 0x00, 0x00, 0x00, 0x00, 0xFF, 0xFF, 0xF8, 0x1F, 0xFF, 0xFF, 0x81, 0xFF, 0xFF, 0xF8, 0x00,
    0x00, 0x07, 0x80, 0x00, 0x00, 0x78, 0x00, 0x00, 0x07, 0x80, 0x00, 0x00, 0x78, 0x00, 0x00, 0x07,
    0x80, 0x00, 0x00, 0x78, 0x00, 0x00, 0x07, 0x80, 0x00, 0x00, 0x03, 0x80, 0x3C, 0x00, 0xF0, 0x0F,
    0x00, 0x3C, 0x03, 0xC0, 0x0F, 0x00, 0xF0, 0x03, 0xCF, 0xFF, 0xF0, 0xF3, 0xFF, 0xFE, 0x3C, 0xFF,
    0xFF, 0x8F, 0x3F, 0xFF, 0xE3, 0xC0, 0x3C, 0x00, 0xF0, 0x0F, 0x00, 0x3C, 0x03, 0xC0, 0x0F, 0x00,
    0xF0, 0x03, 0xC0, 0x3E, 0x00, 0xF0, 0x0F, 0x80, 0x3C, 0x07, 0xE0, 0x0F, 0x01, 0xFC, 0x03, 0xC0,
    0xF7, 0x00, 0xF0, 0x3D, 0xE0, 0x3C, 0x1E, 0x3C, 0x0F, 0x0F, 0x0F, 0x83, 0xC7, 0xC1, 0xF8, 0xF7,
    0xE0, 0x3F, 0x3D, 0xF0, 0x07, 0x8F, 0x30, 0x00, 0x43, 0xC0, 0x00, 0x00, 0xF0, 0x00, 0x00, 0x3C,
    0x00, 0x00, 0x0F, 0x00, 0x00, 0x03, 0xC0, 0x00, 0x00, 0xF0, 0x00, 0x00, 0x3C, 0x00, 0xF0, 0x03,
    0xC0, 0x3C, 0x00, 0xF0, 0x0F, 0x00, 0x3C, 0xFF, 0xFF, 0x0F, 0x3F, 0xFF, 0xE3, 0xCF, 0xFF, 0xF8,
    0xF0, 0x0F, 0x00, 0x3C, 0x03, 0xC0, 0x0F, 0x00, 0xF0, 0x03, 0xC0, 0x3E, 0x00, 0xF0, 0x1F, 0x80,
    0x3C, 0x0F, 0xF0, 0x0F, 0x07, 0xDE, 0x03, 0xC3, 0xE3, 0xE0, 0xF3, 0xF0, 0x7E, 0x3D, 0xF8, 0x0F,
    0x8F, 0x3C, 0x00, 0xC3, 0xCC, 0x00, 0x00, 0xF0, 0x00, 0x00, 0x00, 0x00, 0x00, 0x00, 0x03, 0xFF,
    0xFF, 0xC0, 0xFF, 0xFF, 0xF0, 0x3F, 0xFF, 0xFC, 0x0E, 0x00, 0x0F, 0x03, 0x80, 0x03, 0xC0, 0xE0,
    0x00, 0xF0, 0x38, 0x00, 0x3C, 0x0E, 0x00, 0x0F, 0x03, 0xFF, 0xFF, 0xC0, 0xFF, 0xFF, 0xF0, 0x3F,
    0xFF, 0xFC, 0x00, 0x00, 0x00, 0x00, 0x3C, 0x00, 0xF0, 0x0F, 0x00, 0x3C, 0x03, 0xC0, 0x0F, 0x3F,
    0xFF, 0xC3, 0xCF, 0xFF, 0xF8, 0xF3, 0xFF, 0xFE, 0x3C, 0x03, 0xC0, 0x0F, 0x00, 0xF0, 0x03, 0xC0,
    0x3C, 0x00, 0xF0, 0x1F, 0x80, 0x3C, 0x07, 0xE0, 0x0F, 0x03, 0xFC, 0x03, 0xC1, 0xF7, 0x80, 0xF0,
    0xF8, 0xF8, 0x3C, 0x7C, 0x3F, 0x8F, 0x7E, 0x03, 0xE3, 0xCF, 0x00, 0x70, 0xF3, 0x00, 0x00, 0x3C,
    0x00, 0x00, 0x0E, 0x00, 0x1F, 0xF0, 0x00, 0x3F, 0xFF, 0x80, 0x1F, 0xFF, 0xF0, 0x0F, 0xC0, 0x7E,
    0x07, 0x80, 0x07, 0x81, 0xE0, 0x00, 0xF0, 0x78, 0x00, 0x3C, 0x1E, 0x00, 0x1F, 0x03, 0xE0, 0x0F,
    0x80, 0xFF, 0xFF, 0xC0, 0x0F, 0xFF, 0xE0, 0x00, 0xFF, 0xE0, 0x00, 0x00, 0x0F, 0x00, 0x00, 0x00,
    0x78, 0x00, 0x00, 0x03, 0xC0, 0x7F, 0xFE, 0x1E, 0x03, 0xFF, 0xF0, 0xF0, 0x1F, 0xFF, 0x87, 0x80,
    0x00, 0x1C, 0x3C, 0x00, 0x00, 0xE1, 0xE0, 0x00, 0x0F, 0x0F, 0x00, 0x00, 0x78, 0x78, 0x00, 0x03,
    0xC3, 0xC0, 0xFF, 0xFE, 0x1E, 0x07, 0xFF, 0xE0, 0xFF, 0xBF, 0xFF, 0x07, 0xFC, 0x00, 0xF0, 0x3F,
    0xE0, 0x07, 0x81, 0xE0, 0x00, 0x78, 0x0F, 0x00, 0x07, 0xC0, 0x78, 0x00, 0x7C, 0x03, 0xC0, 0x07,
    0xC0, 0x1E, 0x00, 0x7E, 0x00, 0xF0, 0x07, 0xE0, 0x07, 0x80, 0xFC, 0x00, 0x3C, 0x0F, 0xC0, 0x01,
    0xE0, 0x7C, 0x00, 0x0F, 0x01, 0x80, 0x00, 0x78, 0x00, 0x00, 0x03, 0xC0, 0x00, 0x00, 0x1E, 0x00,
    0x00, 0x00, 0xF0, 0x00, 0x00, 0x07, 0x80, 0x00, 0x00, 0x3C, 0x00, 0x00, 0x00, 0x01, 0xC0, 0x00,
    0x0E, 0x3C, 0x00, 0x01, 0xC7, 0x80, 0x00, 0x38, 0xF3, 0xFF, 0xC7, 0x1E, 0x7F, 0xF8, 0xE3, 0xCF,
    0xFF, 0x1C, 0x78, 0x00, 0xE3, 0x8F, 0x00, 0x3C, 0x71, 0xE0, 0x07, 0x8E, 0x3C, 0x00, 0xF1, 0xC7,
    0xBF, 0xFC, 0x38, 0xF7, 0xFF, 0x87, 0xFE, 0xFF, 0xF0, 0xFF, 0xC0, 0x1C, 0x1F, 0xF8, 0x07, 0x83,
    0x8F, 0x01, 0xE0, 0x71, 0xE0, 0x7C, 0x0E, 0x3C, 0x0F, 0x01, 0xC7, 0x87, 0xC0, 0x38, 0xF1, 0xF0,
    0x07, 0x1E, 0x7C, 0x00, 0xE3, 0xDF, 0x00, 0x1C, 0x79, 0xC0, 0x03, 0x8F, 0x00, 0x00, 0x71, 0xE0,
    0x00, 0x0E, 0x3C, 0x00, 0x01, 0xC7, 0x80, 0x00, 0x38, 0xF0, 0x00, 0x07, 0x1E, 0x00, 0x00, 0x03,
    0xC0, 0x00, 0x00, 0x78, 0x00, 0x00, 0x00, 0x00, 0x00, 0x07, 0x1C, 0x00, 0x00, 0x71, 0xC0, 0x00,
    0x07, 0x1C, 0x3F, 0xFC, 0x71, 0xC3, 0xFF, 0xC7, 0x1C, 0x3F, 0xFC, 0x71, 0xC0, 0x01, 0xC7, 0x1C,
    0x00, 0x3C, 0x71, 0xC0, 0x3F, 0xC7, 0x1C, 0x7F, 0xF8, 0x7F, 0xC7, 0xFF, 0x87, 0xFC, 0x78, 0x70,
    0x7F, 0xC0, 0x0F, 0x07, 0x1C, 0x01, 0xE0, 0x71, 0xC0, 0x3C, 0x07, 0x1C, 0x0F, 0x80, 0x71, 0xC3,
    0xF0, 0x07, 0x1C, 0x7E, 0x00, 0x71, 0xC3, 0x80, 0x07, 0x1C, 0x20, 0x00, 0x71, 0xC0, 0x3C, 0x07,
    0x1C, 0x03, 0xC0, 0x71, 0xC0, 0x3C, 0x00, 0x1C, 0x03, 0xC0, 0x00, 0x00, 0x3C, 0x00, 0x00, 0x03,
    0xC0, 0x00, 0x00, 0x3C, 0x00, 0x00, 0x03, 0xFF, 0xFF, 0xE0, 0x3F, 0xFF, 0xFE, 0x03, 0xFF, 0xFF,
    0xE0, 0x3F, 0xFF, 0xFE, 0x00, 0x00, 0x03, 0xC0, 0x00, 0x00, 0xF0, 0x00, 0x00, 0x3C, 0xFF, 0xFC,
    0x0F, 0x3F, 0xFF, 0x03, 0xCF, 0xFF, 0xC0, 0xF0, 0x00, 0x70, 0x3C, 0x00, 0x3C, 0x0F, 0x00, 0x0F,
    0x03, 0xC0, 0x03, 0xC0, 0xF0, 0x00, 0xF0, 0x3D, 0xFF, 0xF8, 0x0F, 0x7F, 0xFE, 0xFF, 0xDF, 0xFF,
    0xBF, 0xF0, 0x03, 0xCF, 0xFC, 0x00, 0xF0, 0x0F, 0x00, 0x78, 0x03, 0xC0, 0x3E, 0x00, 0xF0, 0x1F,
    0x00, 0x3C, 0x0F, 0x80, 0x0F, 0x07, 0xC0, 0x03, 0xC3, 0xE0, 0x00, 0xF3, 0xF0, 0x00, 0x3D, 0xF8,
    0x00, 0x0F, 0x7C, 0x00, 0x03, 0xCC, 0x00, 0x00, 0xF0, 0x00, 0x00, 0x3C, 0x00, 0x00, 0x0F, 0x00,
    0x00, 0x03, 0xC0, 0x00, 0x00, 0xF0, 0x00, 0x00, 0x3C, 0x00, 0x00, 0x07, 0x80, 0x00, 0x01, 0xE3,
    0xFF, 0xE0, 0x78, 0xFF, 0xF8, 0x1E, 0x3F, 0xFE, 0x07, 0x80, 0x07, 0x81, 0xE0, 0x01, 0xE0, 0x7B,
    0xFF, 0xF7, 0xFE, 0xFF, 0xFD, 0xFF, 0x9F, 0xFF, 0x7F, 0xE0, 0x0F, 0x80, 0x78, 0x07, 0xC0, 0x1E,
    0x07, 0xE0, 0x07, 0x87, 0xF0, 0x01, 0xEF, 0xF0, 0x00, 0x79, 0xF0, 0x00, 0x1E, 0x70, 0x00, 0x00,
    0x01, 0xFF, 0xFF, 0xE0, 0x7F, 0xFF, 0xF8, 0x1F, 0xFF, 0xFE, 0x00, 0x00, 0x07, 0x80, 0x00, 0x01,
    0xE0, 0x7F, 0xFF, 0xF8, 0x1F, 0xFF, 0xFE, 0x07, 0xFF, 0xFF, 0x81, 0xE0, 0x00, 0x00, 0x78, 0x00,
    0x00, 0x1F, 0xFF, 0xFE, 0x07, 0xFF, 0xFF, 0xC1, 0xFF, 0xFF, 0xF0, 0x7F, 0xFF, 0xFC, 0x00, 0x00,
    0x00, 0x00, 0x00, 0x00, 0x7C, 0x00, 0x00, 0x0F, 0x9F, 0xFF, 0x81, 0xF3, 0xFF, 0xF0, 0x3E, 0x7F,
    0xFE, 0x07, 0xC0, 0x01, 0xC0, 0xF8, 0x00, 0x38, 0x1F, 0x00, 0x0F, 0x03, 0xE0, 0x01, 0xFF, 0xFC,
    0x00, 0x3F, 0xFF, 0x80, 0x7F, 0xFF, 0xF7, 0xFF, 0xE0, 0x3E, 0xFF, 0xFC, 0x07, 0xDF, 0x8F, 0x00,
    0xF8, 0x01, 0xE0, 0x1F, 0x00, 0x78, 0x03, 0xE0, 0x1F, 0x7F, 0xFC, 0x07, 0xCF, 0xFF, 0x81, 0xF0,
    0xFF, 0xF0, 0x7C, 0x00, 0x3E, 0x1F, 0x80, 0x07, 0xCF, 0xC0, 0x00, 0xFB, 0xF0, 0x00, 0x1F, 0x7C,
    0x00, 0x03, 0xE6, 0x00, 0x00, 0x7C, 0x00, 0x00, 0x0F, 0x80, 0x00, 0x01, 0xF0, 0x00, 0x00, 0x3E,
    0x00, 0x00, 0x07, 0xC0, 0x00, 0x00, 0xF8, 0x0F, 0xFF, 0xFF, 0xC0, 0x7F, 0xFF, 0xFE, 0x03, 0xFF,
    0xFF, 0xF0, 0x00, 0x00, 0x07, 0x80, 0x00, 0x00, 0x3C, 0x00, 0x00, 0x01, 0xE0, 0x00, 0x00, 0x0F,
    0x00, 0x00, 0x00, 0x78, 0x1F, 0xFF, 0xFF, 0xC0, 0xFF, 0xFF, 0xFE, 0x07, 0xFF, 0xFF, 0xE0, 0x00,
    0x00, 0x07, 0x00, 0x00, 0x00, 0x78, 0x00, 0x0E, 0x03, 0xC0, 0x00, 0x78, 0x1E, 0x00, 0x03, 0xC0,
    0xF0, 0x00, 0x1E, 0x07, 0x80, 0x00, 0xF0, 0x00, 0x00, 0x07, 0x80, 0x00, 0x00, 0x3C, 0x00, 0x00,
    0x01, 0xE0, 0x00, 0x3F, 0xFF, 0xFF, 0xFD, 0xFF, 0xFF, 0xFF, 0xEF, 0xFF, 0xFF, 0xFF, 0x0F, 0xFF,
    0xFF, 0x80, 0xFF, 0xFF, 0xF8, 0x0F, 0xFF, 0xFF, 0x80, 0x00, 0x00, 0x78, 0x00, 0x00, 0x07, 0x80,
    0x00, 0x00, 0x78, 0x00, 0x00, 0x07, 0x80, 0x00, 0x00, 0x78, 0x00, 0x00, 0x07, 0x81, 0xFF, 0xFF,
    0xF8, 0x1F, 0xFF, 0xFF, 0x81, 0xFF, 0xFF, 0xF8, 0x00, 0x00, 0x07, 0x80, 0x00, 0x00, 0x78, 0x00,
    0x00, 0x07, 0x80, 0x00, 0x00, 0x70, 0x00, 0x00, 0x0F, 0x00, 0x00, 0x00, 0xF0, 0x00, 0x00, 0x0F,
    0x00, 0x00, 0x00, 0x00, 0x00, 0x00, 0x00, 0x0F, 0xFF, 0xFF, 0xFF, 0xFF, 0xFF, 0xFF, 0xFF, 0xFF,
    0xFF, 0xFF, 0x0F, 0xFF, 0xFF, 0x80, 0x7F, 0xFF, 0xFC, 0x03, 0xFF, 0xFF, 0xE0, 0x00, 0x00, 0x0F,
    0x00, 0x00, 0x00, 0x78, 0x00, 0x00, 0x03, 0xC0, 0x7F, 0xFF, 0xFE, 0x03, 0xFF, 0xFF, 0xF0, 0x1F,
    0xFF, 0xC7, 0x80, 0x00, 0x00, 0x38, 0x00, 0x00, 0x01, 0xC0, 0xFF, 0xFF, 0xFF, 0xEF, 0xFF, 0xFF,
    0xFF, 0x7F, 0xFF, 0xFF, 0xF8, 0x00, 0x00, 0x00, 0x00, 0x00, 0x00, 0x00, 0x0F, 0xFF, 0xFF, 0x80,
    0x7F, 0xFF, 0xFC, 0x03, 0xFF, 0xFF, 0xE0, 0x00, 0x00, 0x0F, 0x00, 0x00, 0x00, 0x78, 0x07, 0xFF,
    0xFF, 0xC0, 0x3F, 0xFF, 0xFE, 0x01, 0xFF, 0xFF, 0xF0, 0x0E, 0x00, 0x00, 0x00, 0x70, 0x00, 0x00,
    0x03, 0x80, 0x00, 0x00, 0x1F, 0xFF, 0xFF, 0x80, 0xFF, 0xFF, 0xFC, 0x07, 0xFF, 0xFF, 0xE0, 0x0F,
    0xFF, 0xFF, 0x80, 0xFF, 0xFF, 0xF8, 0x0F, 0xFF, 0xFF, 0x80, 0x00, 0x00, 0x78, 0x00, 0x00, 0x07,
    0x80, 0x00, 0x00, 0x78, 0x1F, 0xFF, 0xFF, 0x81, 0xFF, 0xFF, 0xF8, 0x1F, 0xFF, 0xFF, 0x80, 0x00,
    0x00, 0x78, 0x00, 0x00, 0x07, 0x00, 0x00, 0x00, 0x70, 0x00, 0x00, 0x0F, 0x0F, 0xFF, 0xFF, 0xFF,
    0xFF, 0xFF, 0xFF, 0xFF, 0xFF, 0xFF, 0xFF, 0x00, 0x00, 0x00, 0x00, 0x00, 0x00, 0x00, 0x0E, 0x00,
    0x07, 0x80, 0xF0, 0x00, 0x78, 0x0F, 0xFF, 0xFF, 0x80, 0xFF, 0xFF, 0xF8, 0x0F, 0xFF, 0xFF, 0x80,
    0xF0, 0x00, 0x78, 0x0F, 0x00, 0x07, 0x80, 0xF0, 0x00, 0x78, 0x0F, 0x00, 0x07, 0x80, 0xFF, 0xFF,
    0xF8, 0x0F, 0xFF, 0xFF, 0x80, 0xFF, 0xFF, 0xF8, 0x00, 0x00, 0x03, 0x80, 0x00, 0x00, 0xF0, 0x00,
    0x00, 0x3C, 0xFF, 0xFE, 0x0F, 0x3F, 0xFF, 0x83, 0xCF, 0xFF, 0xE0, 0xF0, 0x00, 0x78, 0x3C, 0x00,
    0x1C, 0x0F, 0x00, 0x07, 0x03, 0xC0, 0x03, 0xC0, 0xF0, 0x00, 0xF0, 0x3D, 0xFF, 0xFC, 0x0F, 0x7F,
    0xFE, 0x03, 0xDF, 0xFF, 0x80, 0xF7, 0x01, 0xE0, 0x3C, 0x00, 0xF0, 0x0F, 0x00, 0x7C, 0x03, 0xC0,
    0x3E, 0x00, 0xF0, 0x0F, 0x00, 0x3C, 0x0F, 0xC0, 0x0F, 0x07, 0xE0, 0x03, 0xC3, 0xF0, 0x00, 0xF3,
    0xF8, 0x00, 0x3D, 0xF8, 0x00, 0x0F, 0x7C, 0x00, 0x03, 0xCC, 0x00, 0x00, 0xF0, 0x00, 0x00, 0x3C,
    0x00, 0x00, 0x0F, 0x00, 0x00, 0x03, 0xC0, 0x00, 0x00, 0xF0, 0x00, 0x00, 0x3C, 0x00, 0x00, 0x07,
    0x9F, 0xFF, 0x03, 0xDF, 0xFF, 0xC1, 0xEF, 0xFF, 0xE0, 0xF0, 0x00, 0xF0, 0x78, 0x00, 0x70, 0x3C,
    0x00, 0x78, 0x1F, 0xFF, 0xFC, 0x0F, 0xFF, 0xFC, 0x07, 0xFF, 0xFE, 0x03, 0xC0, 0x1E, 0x01, 0xE0,
    0x3F, 0x00, 0xF0, 0x3F, 0x00, 0x78, 0x7F, 0x00, 0x3D, 0xFE, 0x00, 0x1F, 0xFE, 0x00, 0x0F, 0x7C,
    0x00, 0x07, 0xB0, 0x00, 0x00, 0x00, 0x00, 0x00, 0x00, 0xE0, 0x00, 0xF0, 0x70, 0x00, 0x78, 0x3F,
    0xFF, 0xFC, 0x1F, 0xFF, 0xFE, 0x0F, 0xFF, 0xFF, 0x07, 0x00, 0x07, 0x83, 0x80, 0x03, 0xC1, 0xC0,
    0x01, 0xE0, 0xE0, 0x00, 0xF0, 0x7F, 0xFF, 0xF8, 0x3F, 0xFF, 0xFC, 0x1F, 0xFF, 0xFE, 0x00, 0x00,
    0x1E, 0x00, 0x00, 0x01, 0xE0, 0x00, 0x00, 0x1E, 0x0F, 0xFF, 0xE1, 0xE0, 0xFF, 0xFE, 0x1E, 0x0F,
    0xFF, 0xE1, 0xE0, 0xF0, 0x00, 0x1E, 0x0F, 0x00, 0x01, 0xE0, 0xF0, 0x00, 0x1E, 0x0F, 0x00, 0x01,
    0xE0, 0xF0, 0x00, 0x1E, 0x0F, 0xFF, 0xC1, 0xE0, 0xFF, 0xFC, 0x1F, 0xFF, 0xFF, 0xC1, 0xFF, 0xF0,
    0x00, 0x1F, 0xFF, 0x00, 0x01, 0xE0, 0xF0, 0x00, 0x1E, 0x0F, 0x00, 0x01, 0xE0, 0xF0, 0x00, 0x1E,
    0x0F, 0x00, 0x01, 0xE0, 0xF0, 0x07, 0x9E, 0x0F, 0xFF, 0xF9, 0xE0, 0xFF, 0xFF, 0x9E, 0x0F, 0xFF,
    0xC1, 0xE0, 0x00, 0x00, 0x1E, 0x00, 0x00, 0x01, 0xE0, 0x00, 0x00, 0x1E, 0x00, 0x00, 0x01, 0xE0,
    0x00, 0x00, 0x1E, 0x00, 0x00, 0x01, 0xE0, 0x00, 0x00, 0x1E, 0x00, 0x00, 0x00, 0x03, 0x80, 0x00,
    0x38, 0xE0, 0x00, 0x0E, 0x38, 0x00, 0x03, 0x8E, 0x7F, 0xF8, 0xE3, 0x9F, 0xFE, 0x38, 0xE7, 0xFF,
    0x8E, 0x39, 0xC0, 0x03, 0x8E, 0x70, 0x00, 0xE3, 0x9C, 0x00, 0x38, 0xE7, 0x00, 0x0E, 0x39, 0xFF,
    0xC3, 0x8E, 0x7F, 0xF0, 0xFF, 0x9F, 0xFC, 0x3F, 0xE7, 0x00, 0x0F, 0xF9, 0xC0, 0x03, 0x8E, 0x70,
    0x00, 0xE3, 0x9C, 0x00, 0x38, 0xE7, 0x00, 0x0E, 0x39, 0xC0, 0x03, 0x8E, 0xF0, 0x3C, 0xE3, 0xBF,
    0xFF, 0x38, 0xE7, 0xFF, 0xCE, 0x39, 0xFF, 0xC3, 0x8E, 0x00, 0x00, 0xE3, 0x80, 0x00, 0x38, 0xE0,
    0x00, 0x0E, 0x38, 0x00, 0x03, 0x8E, 0x00, 0x00, 0xE3, 0x80, 0x00, 0x00, 0xE0, 0x00, 0x00, 0x38,
    0x00, 0x00, 0x03, 0x80, 0x00, 0x38, 0xE7, 0xFF, 0x8E, 0x39, 0xFF, 0xE3, 0x8E, 0x7F, 0xF8, 0xE3,
    0x9C, 0x00, 0x38, 0xE7, 0x00, 0x0E, 0x39, 0xC0, 0x03, 0x8E, 0x7F, 0xF0, 0xFF, 0x9F, 0xFC, 0x3F,
    0xE7, 0xFF, 0x0F, 0xF9, 0xC0, 0x03, 0x8E, 0x70, 0x00, 0xE3, 0x9C, 0x00, 0x38, 0xEF, 0xFF, 0xCE,
    0x3B, 0xFF, 0xF3, 0x8E, 0x7F, 0xFC, 0xE3, 0x80, 0x00, 0x38, 0xE0, 0x00, 0x0E, 0x38, 0x00, 0x00,
    0x00, 0x07, 0xFF, 0xFF, 0x83, 0xFF, 0xFF, 0xE0, 0xFF, 0xFF, 0xF8, 0x00, 0x00, 0x0E, 0x00, 0x00,
    0x03, 0x80, 0x00, 0x00, 0xE0, 0x00, 0x00, 0x38, 0x00, 0x00, 0x0E, 0x00, 0x00, 0x03, 0x80, 0x00,
    0x00, 0xE0, 0x00, 0x00, 0x38, 0x00, 0x00, 0x07, 0x80, 0x00, 0x03, 0xC0, 0x00, 0x01, 0xFF, 0xFF,
    0xC0, 0xFF, 0xFF, 0xE0, 0x7F, 0xFF, 0xF0, 0x3F, 0xC0, 0x00, 0x1F, 0xE0, 0x00, 0x0F, 0xF0, 0x00,
    0x07, 0xF8, 0x00, 0x03, 0xFC, 0x00, 0x01, 0xFF, 0xFF, 0x3F, 0xFF, 0xFF, 0xDF, 0xFF, 0xFF, 0xEF,
    0xFF, 0xC0, 0x00, 0x1F, 0xE0, 0x00, 0x0F, 0xF0, 0x00, 0x07, 0xF8, 0x00, 0x03, 0xFC, 0x00, 0x01,
    0xFE, 0x00, 0x00, 0xFF, 0x00, 0x70, 0x7F, 0xFF, 0xFC, 0x3F, 0xFF, 0xFE, 0x1F, 0xFF, 0xF8, 0x0F,
    0x00, 0x00, 0x07, 0x80, 0x00, 0x03, 0xC0, 0x00, 0x01, 0xE0, 0x00, 0x00, 0xF0, 0x00, 0x00, 0x78,
    0x00, 0x00, 0x3C, 0x00, 0x00, 0x1E, 0x00, 0x00, 0x07, 0x80, 0x00, 0x03, 0xDF, 0xFF, 0x81, 0xEF,
    0xFF, 0xC0, 0xF7, 0xFF, 0xC0, 0x7B, 0x80, 0x00, 0x3D, 0xC0, 0x00, 0x1E, 0xE0, 0x00, 0x0F, 0x7F,
    0xFD, 0xFF, 0xBF, 0xFE, 0xFF, 0xDF, 0xFF, 0x3F, 0xEE, 0x00, 0x00, 0xF7, 0x00, 0x00, 0x7B, 0x80,
    0x18, 0x3F, 0xFF, 0xFC, 0x1F, 0xFF, 0xFE, 0x0F, 0x7F, 0xFC, 0x07, 0x80, 0x00, 0x03, 0xC0, 0x00,
    0x00, 0x00, 0x00, 0x00, 0x00, 0xFF, 0xFF, 0xF8, 0x7F, 0xFF, 0xFC, 0x3F, 0xFF, 0xFE, 0x1E, 0x00,
    0x0F, 0x0F, 0x00, 0x07, 0x87, 0x80, 0x03, 0xC3, 0xC0, 0x01, 0xE1, 0xE0, 0x00, 0xF0, 0xFF, 0xFF,
    0xF8, 0x7F, 0xFF, 0xFC, 0x3F, 0xFF, 0xFE, 0x00, 0x00, 0x03, 0x80, 0x00, 0x3C, 0xE0, 0x00, 0x0F,
    0x38, 0x00, 0x03, 0xCE, 0xFF, 0xF0, 0xF3, 0xBF, 0xFC, 0x3C, 0xEF, 0xFF, 0x0F, 0x3B, 0xC0, 0x03,
    0xCE, 0xF0, 0x00, 0xF3, 0xBC, 0x00, 0x3C, 0xEF, 0x00, 0x0F, 0x3B, 0xC0, 0x1F, 0xCE, 0xFF, 0xEF,
    0xF3, 0xBF, 0xFB, 0xFC, 0xEF, 0xFE, 0xFF, 0x3B, 0xC0, 0x03, 0xCE, 0xF0, 0x00, 0xF3, 0xBC, 0x00,
    0x3C, 0xEF, 0x00, 0x0F, 0x3B, 0xC0, 0x03, 0xCE, 0xF0, 0x18, 0xF3, 0xBF, 0xFE, 0x3C, 0xEF, 0xFF,
    0xCF, 0x39, 0xFF, 0xC3, 0xCE, 0x00, 0x00, 0xF3, 0x80, 0x00, 0x3C, 0xE0, 0x00, 0x0F, 0x38, 0x00,
    0x03, 0xCE, 0x00, 0x00, 0xF3, 0x80, 0x00, 0x00, 0xE0, 0x00, 0x00, 0x38, 0x00, 0x00, 0x03, 0x80,
    0x00, 0x38, 0xE7, 0xFF, 0x0E, 0x39, 0xFF, 0xC3, 0x8E, 0x7F, 0xF0, 0xE3, 0x9C, 0x00, 0x38, 0xE7,
    0x00, 0x0E, 0x39, 0xC0, 0x03, 0x8E, 0x7F, 0xEF, 0xE3, 0x9F, 0xFB, 0xF8, 0xE7, 0xFE, 0xFE, 0x39,
    0xC0, 0x03, 0x8E, 0x70, 0x00, 0xE3, 0x9C, 0x00, 0x38, 0xE7, 0x03, 0xCE, 0x3B, 0xFF, 0xF3, 0x8E,
    0x7F, 0xFC, 0xE3, 0x9F, 0xE0, 0x38, 0xE0, 0x00, 0x0E, 0x38, 0x00, 0x00, 0x00, 0x0F, 0xFF, 0xFF,
    0x83, 0xFF, 0xFF, 0xE0, 0xFF, 0xFF, 0xF8, 0x00, 0x00, 0x0E, 0x00, 0x00, 0x03, 0x80, 0x00, 0x00,
    0xE0, 0x00, 0x00, 0x38, 0x00, 0x00, 0x0E, 0x00, 0x00, 0x03, 0x80, 0x00, 0x00, 0xE0, 0x00, 0x00,
    0x38, 0x00, 0x00, 0x03, 0x80, 0x00, 0x38, 0xE7, 0xFF, 0x0E, 0x39, 0xFF, 0xC3, 0x8E, 0x7F, 0xF0,
    0xE3, 0x9C, 0x00, 0x38, 0xE7, 0x00, 0x0E, 0x39, 0xC0, 0x03, 0x8E, 0x7F, 0xEF, 0xE3, 0x9F, 0xFB,
    0xF8, 0xE7, 0xFE, 0xFE, 0x39, 0xC0, 0x03, 0x8E, 0x70, 0x00, 0xE3, 0x9C, 0x00, 0x38, 0xEF, 0xFF,
    0xCE, 0x3B, 0xFF, 0xF3, 0x8E, 0x7F, 0xF8, 0xE3, 0x80, 0x00, 0x38, 0xE0, 0x00, 0x00, 0x00, 0x00,
    0x00, 0x00, 0x07, 0xFF, 0xFF, 0x81, 0xFF, 0xFF, 0xE0, 0x7F, 0xFF, 0xF8, 0x1C, 0x00, 0x0E, 0x07,
    0x00, 0x03, 0x81, 0xC0, 0x00, 0xE0, 0x70, 0x00, 0x38, 0x1C, 0x00, 0x0E, 0x07, 0xFF, 0xFF, 0x81,
    0xFF, 0xFF, 0xE0, 0x7F, 0xFF, 0xF8, 0x1F, 0xFF, 0xFF, 0x01, 0xFF, 0xFF, 0xF0, 0x1F, 0xFF, 0xFF,
    0x01, 0xE0, 0x00, 0x00, 0x1E, 0x00, 0x00, 0x01, 0xE0, 0x00, 0x00, 0x1E, 0x00, 0x00, 0x01, 0xFF,
    0xFF, 0xF0, 0x1F, 0xFF, 0xFF, 0x01, 0xFF, 0xFF, 0xF0, 0x1E, 0x00, 0x00, 0x01, 0xE0, 0x00, 0x00,
    0x1E, 0x00, 0x00, 0x01, 0xFF, 0xFF, 0xF0, 0x1F, 0xFF, 0xFF, 0x81, 0xFF, 0xFF, 0xF8, 0x00, 0x0F,
    0x00, 0x00, 0x00, 0xF0, 0x00, 0x00, 0x0F, 0x00, 0x00, 0x00, 0xF0, 0x00, 0x00, 0x0F, 0x00, 0x00,
    0x00, 0xF0, 0x00, 0xFF, 0xFF, 0xFF, 0xFF, 0xFF, 0xFF, 0xFF, 0xFF, 0xFF, 0xFF, 0xF0, 0x0F, 0xFF,
    0xFF, 0x80, 0x7F, 0xFF, 0xFC, 0x03, 0xFF, 0xFF, 0xE0, 0x1E, 0x00, 0x00, 0x00, 0xF0, 0x00, 0x00,
    0x07, 0xFF, 0xFF, 0x80, 0x3F, 0xFF, 0xFC, 0x01, 0xFF, 0xFF, 0xE0, 0x0F, 0x00, 0x00, 0x00, 0x78,
    0x00, 0x00, 0x03, 0xFF, 0xFF, 0xE0, 0x1F, 0xFF, 0xFF, 0x00, 0xFF, 0xFF, 0xF8, 0x00, 0x03, 0x80,
    0x00, 0x00, 0x1C, 0x00, 0x0F, 0xFF, 0xFF, 0xFE, 0x7F, 0xFF, 0xFF, 0xF3, 0xFF, 0xFF, 0xFF, 0x80,
    0x00, 0x00, 0x00, 0x00, 0x00, 0x00, 0x00, 0x07, 0xFF, 0x00, 0x01, 0xFF, 0xFF, 0x00, 0x1F, 0xFF,
    0xFC, 0x01, 0xF0, 0x01, 0xF0, 0x0F, 0x00, 0x07, 0x80, 0x78, 0x00, 0x3C, 0x03, 0xE0, 0x03, 0xE0,
    0x0F, 0xFF, 0xFE, 0x00, 0x3F, 0xFF, 0xE0, 0x00, 0x3F, 0xF8, 0x00, 0x00, 0x00, 0x03, 0x80, 0x00,
    0x03, 0xC0, 0x00, 0x01, 0xE7, 0xFF, 0xF8, 0xF3, 0xFF, 0xFC, 0x79, 0xFF, 0xFE, 0x3C, 0xF0, 0x00,
    0x1E, 0x78, 0x00, 0x0F, 0x3C, 0x00, 0x07, 0x9F, 0xFF, 0xE3, 0xCF, 0xFF, 0xF1, 0xE7, 0xFF, 0xF8,
    0xF3, 0xC0, 0x00, 0x79, 0xE0, 0x00, 0x3C, 0xFF, 0xFF, 0x1E, 0x7F, 0xFF, 0xCF, 0x3F, 0xFF, 0xE7,
    0x80, 0x78, 0x03, 0xC0, 0x3C, 0x01, 0xE0, 0x1E, 0x00, 0xF0, 0x0F, 0x00, 0x78, 0x07, 0x83, 0xBF,
    0xFF, 0xFF, 0xDF, 0xFF, 0xFF, 0xEF, 0x7F, 0xFF, 0x87, 0x80, 0x00, 0x03, 0xC0, 0x00, 0x01, 0xE0,
    0x00, 0x00, 0xF0, 0x00, 0x00, 0x78, 0x00, 0x00, 0x3C, 0x00, 0x00, 0x1E, 0x0F, 0xFF, 0xFF, 0x80,
    0xFF, 0xFF, 0xF8, 0x0F, 0xFF, 0xFF, 0x80, 0xF0, 0x00, 0x00, 0x0F, 0x00, 0x00, 0x00, 0xF0, 0x00,
    0x00, 0x0F, 0xFF, 0xFF, 0x00, 0xFF, 0xFF, 0xF0, 0x0F, 0xFF, 0xFF, 0x00, 0xF0, 0x00, 0x00, 0x0F,
    0x00, 0x00, 0x00, 0xF0, 0x00, 0x00, 0x0F, 0x00, 0x00, 0x00, 0xFF, 0xFF, 0xF8, 0x0F, 0xFF, 0xFF,
    0x80, 0xFF, 0xFF, 0xF8, 0x00, 0x00, 0x00, 0x00, 0x00, 0x00, 0x00, 0x00, 0x00, 0x00, 0x00, 0x00,
    0x00, 0x00, 0x00, 0x00, 0x00, 0x0F, 0xFF, 0xFF, 0xFF, 0xFF, 0xFF, 0xFF, 0xFF, 0xFF, 0xFF, 0xFF,
    0x0F, 0xFF, 0xFF, 0x80, 0xFF, 0xFF, 0xF8, 0x0F, 0xFF, 0xFF, 0x80, 0xF0, 0x00, 0x00, 0x0F, 0x00,
    0x00, 0x00, 0xFF, 0xFF, 0xF0, 0x0F, 0xFF, 0xFF, 0x00, 0xFF, 0xFF, 0xF0, 0x0F, 0x00, 0x00, 0x00,
    0xF0, 0x00, 0x00, 0x0F, 0x00, 0x00, 0x00, 0xFF, 0xFF, 0xF8, 0x0F, 0xFF, 0xFF, 0x80, 0xFF, 0xFF,
    0xF8, 0x00, 0x00, 0x00, 0x00, 0x00, 0x00, 0x00, 0xFF, 0xFF, 0xFF, 0xFF, 0xFF, 0xFF, 0xFF, 0xFF,
    0xFF, 0xFF, 0xF0, 0x00, 0x00, 0x00, 0x0E, 0x00, 0x00, 0x00, 0xF0, 0x00, 0x00, 0x0F, 0x00, 0x00,
    0x00, 0xF0, 0x00, 0x00, 0x0F, 0x00, 0x00, 0x00, 0xF0, 0x00, 0x00, 0x0F, 0xFF, 0xFF, 0x80, 0xFF,
    0xFF, 0xF8, 0x0F, 0xFF, 0xFF, 0x80, 0xFF, 0xFF, 0xF8, 0x00, 0x00, 0x0E, 0x00, 0x00, 0x0F, 0x00,
    0x00, 0x0F, 0xFF, 0xFE, 0x0F, 0xFF, 0xFE, 0x0F, 0xFF, 0xFE, 0x0F, 0xF0, 0x00, 0x0F, 0xF0, 0x00,
    0x0F, 0xF0, 0x00, 0x0F, 0xF0, 0x00, 0x0F, 0xF0, 0x00, 0x0F, 0xFF, 0xFC, 0x0F, 0xFF, 0xFC, 0x0F,
    0xFF, 0xFC, 0x0F, 0xF0, 0x00, 0x0F, 0xF0, 0x00, 0x0F, 0xF0, 0x00, 0x0F, 0xF0, 0x00, 0x0F, 0xF0,
    0x00, 0x0F, 0xF0, 0x00, 0x0F, 0xF0, 0x07, 0x8F, 0xFF, 0xFF, 0x8F, 0xFF, 0xFF, 0x8F, 0xFF, 0xFC,
    0x0F, 0x00, 0x00, 0x0F, 0x00, 0x00, 0x0F, 0x00, 0x00, 0x0F, 0x00, 0x00, 0x0F, 0x00, 0x00, 0x0F,
    0x00, 0x00, 0x0F, 0x00, 0x00, 0x0F, 0x00, 0x00, 0x0F, 0x00, 0x00, 0x0F, 0xFF, 0xFE, 0x0F, 0xFF,
    0xFE, 0x0F, 0xFF, 0xFE, 0x0F, 0xF0, 0x00, 0x0F, 0xF0, 0x00, 0x0F, 0xFF, 0xFC, 0x0F, 0xFF, 0xFC,
    0x0F, 0xFF, 0xFC, 0x0F, 0xFF, 0xFC, 0x0F, 0xF0, 0x00, 0x0F, 0xF0, 0x00, 0x0F, 0xFF, 0xFF, 0xCF,
    0xFF, 0xFF, 0xCF, 0xFF, 0xFF, 0xCF, 0x7F, 0x00, 0x0F, 0x00, 0x00, 0x00, 0x00, 0x00, 0x00, 0x0F,
    0x00, 0x07, 0x0F, 0x00, 0x0F, 0x0F, 0x00, 0x0F, 0x0F, 0xFF, 0xFF, 0x0F, 0xFF, 0xFF, 0x0F, 0xFF,
    0xFF, 0x0F, 0x00, 0x0F, 0x0F, 0x00, 0x0F, 0x0F, 0x00, 0x0F, 0x0F, 0xFF, 0xFF, 0x0F, 0xFF, 0xFF,
    0x0F, 0xFF, 0xFF, 0x00, 0x00, 0x00, 0x00, 0x00, 0x07, 0x80, 0x00, 0x03, 0xDF, 0xFF, 0xC1, 0xEF,
    0xFF, 0xE0, 0xF7, 0xFF, 0xF0, 0x7B, 0xC0, 0x00, 0x3D, 0xE0, 0x00, 0x1E, 0xF0, 0x00, 0x0F, 0x7F,
    0xFE, 0x07, 0xBF, 0xFF, 0x03, 0xDF, 0xFF, 0x81, 0xEF, 0x00, 0x00, 0xF7, 0x80, 0x00, 0x7B, 0xC0,
    0x06, 0x3D, 0xFF, 0xFF, 0x9E, 0xFF, 0xFF, 0xCF, 0x3F, 0xFE, 0x07, 0x80, 0x00, 0x03, 0xC0, 0x00,
    0x00, 0xE0, 0x07, 0xFC, 0x00, 0x1F, 0xFF, 0xC0, 0x1F, 0xFF, 0xF8, 0x1F, 0x80, 0x7E, 0x0F, 0x00,
    0x0F, 0x0F, 0x00, 0x07, 0x87, 0x80, 0x03, 0xC1, 0xE0, 0x01, 0xE0, 0xF8, 0x03, 0xF0, 0x3F, 0xFF,
    0xF0, 0x0F, 0xFF, 0xF0, 0x00, 0xFF, 0xC0, 0x00, 0x00, 0x0F, 0x00, 0x00, 0x00, 0x78, 0x00, 0x00,
    0x03, 0xC0, 0xFF, 0xFF, 0x9E, 0x07, 0xFF, 0xFC, 0xF0, 0x3F, 0xFF, 0xE7, 0x80, 0x38, 0x78, 0x3C,
    0x01, 0xC3, 0xC1, 0xE0, 0x0E, 0x1E, 0x0F, 0x00, 0x70, 0xF0, 0x78, 0x03, 0x87, 0x83, 0xC0, 0x1C,
    0x3C, 0x1E, 0x00, 0xE1, 0xE0, 0xFF, 0x87, 0x0F, 0x07, 0xFC, 0x38, 0x78, 0x3F, 0xE1, 0xC3, 0xC1,
    0xE0, 0x0E, 0x1E, 0x0F, 0x00, 0x70, 0xF0, 0x78, 0x03, 0x87, 0x83, 0xC0, 0x1C, 0x3C, 0xDE, 0x0F,
    0xFF, 0xFE, 0xF0, 0x7F, 0xFF, 0xF7, 0x83, 0xFF, 0xFC, 0x3C, 0x00, 0x00, 0x01, 0xE0, 0x00, 0x00,
    0x0F, 0x00, 0x00, 0x00, 0x78, 0x00, 0x00, 0x03, 0xC0, 0x00, 0x00, 0x1E, 0x00, 0x00, 0x00, 0xF0,
    0x00, 0x00, 0x07, 0x80, 0x00, 0x00, 0x3C, 0x00, 0x00, 0x00, 0x00, 0x00, 0x00, 0x00, 0x78, 0x00,
    0x00, 0x03, 0xC0, 0x00, 0x00, 0x1E, 0x07, 0xFF, 0xFC, 0xF0, 0x3F, 0xFF, 0xE7, 0x81, 0xFF, 0xFF,
    0x3C, 0x01, 0xE1, 0xC1, 0xE0, 0x0F, 0x0E, 0x0F, 0x00, 0x78, 0x70, 0x7F, 0x83, 0xC3, 0x83, 0xFC,
    0x1E, 0x1C, 0x1F, 0xE0, 0xF0, 0xE0, 0xF0, 0x07, 0x87, 0x07, 0x80, 0x3C, 0x3B, 0xBC, 0x1F, 0xFF,
    0xFD, 0xE0, 0xFF, 0xFF, 0xEF, 0x03, 0xFF, 0xF0, 0x78, 0x00, 0x00, 0x03, 0xC0, 0x00, 0x00, 0x1E,
    0x00, 0x00, 0x78, 0xF0, 0x00, 0x03, 0xC3, 0x80, 0x00, 0x1E, 0x00, 0x00, 0x01, 0xF8, 0x00, 0x00,
    0x1F, 0xC0, 0x00, 0x01, 0xFF, 0x00, 0x00, 0x1F, 0x3E, 0x00, 0x03, 0xF0, 0xFC, 0x01, 0xFF, 0x03,
    0xFC, 0x07, 0xE0, 0x0F, 0xE0, 0x3C, 0x00, 0x0E, 0x00, 0x00, 0x00, 0x00, 0x00, 0x00, 0x01, 0xC0,
    0x00, 0x0E, 0x38, 0x00, 0x01, 0xC7, 0x00, 0x00, 0x38, 0xE7, 0xFF, 0xE7, 0x1C, 0xFF, 0xFC, 0xE3,
    0x9F, 0xFF, 0x9C, 0x70, 0xE3, 0x83, 0x8E, 0x1C, 0x70, 0x71, 0xC3, 0x8E, 0x0E, 0x38, 0x71, 0xC1,
    0xC7, 0x0E, 0x38, 0x38, 0xE1, 0xC7, 0x07, 0xFC, 0x38, 0xE0, 0xFF, 0x87, 0x1C, 0x1F, 0xF0, 0xE3,
    0x83, 0x8E, 0x1C, 0x70, 0x71, 0xC3, 0x8E, 0x0E, 0x38, 0x71, 0xC1, 0xC7, 0x0E, 0x39, 0x38, 0xEF,
    0xFF, 0xE7, 0x1D, 0xFF, 0xFC, 0xE3, 0xBF, 0xFF, 0x1C, 0x70, 0x00, 0x03, 0x8E, 0x00, 0x00, 0x71,
    0xC0, 0x00, 0x0E, 0x38, 0x00, 0x01, 0xC7, 0x00, 0x00, 0x38, 0xE0, 0x00, 0x07, 0x1C, 0x00, 0x00,
    0x03, 0x80, 0x00, 0x00, 0x70, 0x00, 0x00, 0x03, 0x80, 0x00, 0x00, 0xF7, 0xFF, 0xF8, 0x3D, 0xFF,
    0xFE, 0x0F, 0x7F, 0xFF, 0x83, 0xC3, 0xC7, 0x80, 0xF0, 0xF1, 0xE0, 0x3C, 0x3C, 0x78, 0x0F, 0x0F,
    0x1E, 0x7F, 0xC3, 0xC7, 0x9F, 0xF0, 0xF1, 0xE7, 0xFC, 0x3C, 0x78, 0x0F, 0x0F, 0x1E, 0x03, 0xC3,
    0xC7, 0xF0, 0xFF, 0xFF, 0xFE, 0x3D, 0xFF, 0xFF, 0x8F, 0x7F, 0xFC, 0x03, 0xC0, 0x00, 0x00, 0xF0,
    0x00, 0x00, 0x00, 0x0F, 0xFF, 0xFF, 0x03, 0xFF, 0xFF, 0xC0, 0xFF, 0xFF, 0xF0, 0x38, 0x00, 0x3C,
    0x0E, 0x00, 0x0F, 0x03, 0x80, 0x03, 0xC0, 0xE0, 0x00, 0xF0, 0x38, 0x00, 0x3C, 0x0E, 0x00, 0x0F,
    0x03, 0xFF, 0xFF, 0xC0, 0xFF, 0xFF, 0xF0, 0x3F, 0xFF, 0xFC, 0x00, 0x00, 0x00, 0xE0, 0x00, 0x0E,
    0x1C, 0x00, 0x01, 0xC3, 0x80, 0x00, 0x38, 0x77, 0xFF, 0xC7, 0x0E, 0xFF, 0xFC, 0xE1, 0xDF, 0xFF,
    0x9C, 0x38, 0xE3, 0x83, 0x87, 0x1C, 0x70, 0x70, 0xE3, 0x8E, 0x0E, 0x1C, 0x71, 0xC1, 0xC3, 0x8E,
    0x38, 0x38, 0x71, 0xC7, 0x7F, 0x0E, 0x38, 0xEF, 0xE1, 0xC7, 0x1D, 0xFC, 0x38, 0xE3, 0x83, 0x87,
    0x1C, 0x70, 0x70, 0xE3, 0x8E, 0x0E, 0x1C, 0x71, 0xC1, 0xC3, 0x8E, 0x3D, 0x38, 0x7F, 0xFF, 0xE7,
    0x0F, 0xFF, 0xFC, 0xE1, 0xFF, 0xFE, 0x1C, 0x38, 0x00, 0x03, 0x87, 0x00, 0x00, 0x70, 0xE0, 0x00,
    0x0E, 0x1C, 0x00, 0x01, 0xC3, 0x80, 0x00, 0x38, 0x70, 0x00, 0x07, 0x0E, 0x00, 0x00, 0x01, 0xC0,
    0x00, 0x00, 0x38, 0x00, 0x00, 0x01, 0xC0, 0x00, 0x07, 0x9C, 0x00, 0x00, 0x79, 0xC7, 0xFF, 0xE7,
    0x9C, 0x7F, 0xFE, 0x79, 0xC7, 0xFF, 0xC7, 0x9C, 0x1C, 0x70, 0x79, 0xC1, 0xC7, 0x07, 0x9C, 0x1C,
    0x73, 0xF9, 0xC1, 0xC7, 0x3F, 0x9C, 0x1C, 0x73, 0xF9, 0xC1, 0xC7, 0x07, 0x9C, 0x1C, 0x70, 0x79,
    0xC1, 0xC7, 0x07, 0x9C, 0x7F, 0xFE, 0x79, 0xCF, 0xFF, 0xE7, 0x9C, 0xFF, 0xFE, 0x79, 0xC7, 0xC0,
    0x07, 0x9C, 0x00, 0x00, 0x31, 0xC0, 0x00, 0x18, 0x1C, 0x00, 0x03, 0xC1, 0xC0, 0x00, 0x3C, 0x00,
    0x00, 0x03, 0xC0, 0x00, 0x00, 0x7E, 0x00, 0x00, 0x0F, 0xF0, 0x00, 0x01, 0xFF, 0x80, 0x00, 0x7E,
    0x7E, 0x00, 0x7F, 0xC3, 0xFE, 0x0F, 0xF0, 0x0F, 0xF0, 0x7C, 0x00, 0x3E, 0x00, 0x00, 0x00, 0x00,
    0x00, 0x00, 0x03, 0x80, 0x00, 0x00, 0x78, 0xFF, 0xFE, 0x0F, 0x3F, 0xFF, 0xC1, 0xE7, 0xFF, 0xF8,
    0x3C, 0xFF, 0xFF, 0x07, 0x83, 0xC7, 0x8F, 0xF0, 0x78, 0xF1, 0xFE, 0x0F, 0x1E, 0x3F, 0xC1, 0xE3,
    0xC0, 0x78, 0x3C, 0x78, 0x0F, 0x07, 0x8F, 0x01, 0xE0, 0xF1, 0xE3, 0xFC, 0x1E, 0x3C, 0x7F, 0x83,
    0xC7, 0x80, 0xF3, 0xFF, 0xFE, 0x1E, 0xFF, 0xFF, 0xC3, 0xCF, 0xFF, 0xF8, 0x79, 0xFC, 0x00, 0x0F,
    0x00, 0x00, 0x01, 0xE0, 0x00, 0x00, 0x3C, 0x07, 0x00, 0x07, 0x80, 0xE0, 0x00, 0xF0, 0x1C, 0x00,
    0x00, 0x03, 0x80, 0x00, 0x00, 0x70, 0x00, 0x00, 0x0E, 0x00, 0x00, 0x01, 0xFF, 0xFF, 0xF0, 0x3F,
    0xFF, 0xFE, 0x07, 0xFF, 0xFF, 0xC0, 0xFF, 0xFF, 0xF8, 0x00, 0x00, 0x00, 0x00, 0x00, 0x00, 0xF0,
    0x00, 0x00, 0x3D, 0xFF, 0xFE, 0x0F, 0x7F, 0xFF, 0x83, 0xDF, 0xFF, 0xE0, 0xF0, 0xF1, 0xE3, 0xFC,
    0x3C, 0x78, 0xFF, 0x0F, 0x1E, 0x3F, 0xC3, 0xC7, 0x80, 0xF0, 0xF1, 0xE0, 0x3C, 0x3C, 0x78, 0x0F,
    0x0F, 0x1E, 0x3F, 0xC3, 0xC7, 0x8F, 0xF0, 0xF1, 0xE3, 0xFC, 0x3C, 0x7F, 0x0F, 0xFF, 0xFF, 0xC3,
    0xDF, 0xFF, 0xF0, 0xF7, 0xFF, 0xC0, 0x3C, 0x00, 0x00, 0x0F, 0x00, 0x1F, 0xF0, 0x00, 0x3F, 0xFF,
    0x80, 0x1F, 0xFF, 0xF0, 0x0F, 0xC0, 0x7E, 0x07, 0xC0, 0x07, 0xC1, 0xE0, 0x00, 0xF0, 0x78, 0x00,
    0x3C, 0x1E, 0x00, 0x0F, 0x03, 0xE0, 0x0F, 0x80, 0x7F, 0xFF, 0xC0, 0x0F, 0xFF, 0xE0, 0x00, 0xFF,
    0xE0, 0x00, 0x00, 0x00, 0x00, 0xFF, 0xFF, 0xFE, 0x07, 0xFF, 0xFF, 0xF0, 0x3F, 0xFF, 0xFF, 0x80,
    0x1E, 0x03, 0xC0, 0x00, 0xF0, 0x1E, 0x00, 0x07, 0x80, 0xF0, 0x00, 0x3C, 0x07, 0x80, 0x01, 0xE0,
    0x3C, 0x00, 0x0F, 0x01, 0xE0, 0x00, 0x78, 0x0F, 0x00, 0x03, 0xC0, 0x78, 0x00, 0x1E, 0x03, 0xC0,
    0x0F, 0xFF, 0xFF, 0xE0, 0x7F, 0xFF, 0xFF, 0x03, 0xFF, 0xFF, 0xF8, 0x00, 0x0F, 0x00, 0x00, 0x00,
    0x78, 0x00, 0x00, 0x03, 0xC0, 0x00, 0x00, 0x1E, 0x00, 0x00, 0x00, 0xF0, 0x00, 0x00, 0x07, 0x80,
    0x01, 0xFF, 0xFF, 0xFF, 0xCF, 0xFF, 0xFF, 0xFE, 0x7F, 0xFF, 0xFF, 0xF0, 0x00, 0x00, 0x00, 0x00,
    0xFF, 0xFF, 0xFE, 0x07, 0xFF, 0xFF, 0xF0, 0x3F, 0xFF, 0xFF, 0x00, 0x1E, 0x03, 0x80, 0x00, 0xF0,
    0x1C, 0x00, 0x07, 0x80, 0xE0, 0x00, 0x3C, 0x07, 0x00, 0x01, 0xE0, 0x38, 0x00, 0xFF, 0xFF, 0xFC,
    0x07, 0xFF, 0xFF, 0xE0, 0x3F, 0xFF, 0xFF, 0x00, 0x00, 0xF0, 0x00, 0x00, 0x07, 0x80, 0x00, 0x00,
    0x3C, 0x00, 0x1F, 0xFF, 0xFF, 0xFE, 0xFF, 0xFF, 0xFF, 0xF7, 0xFF, 0xFF, 0xFF, 0x80, 0x00, 0x00,
    0x00, 0x00, 0x00, 0x00, 0x00, 0xE0, 0x00, 0x00, 0x07, 0x80, 0x00, 0x00, 0x3C, 0x00, 0x00, 0x01,
    0xE0, 0x00, 0x00, 0x0F, 0x00, 0x00, 0x00, 0x78, 0x00, 0x00, 0x03, 0xFF, 0xFF, 0xE0, 0x1F, 0xFF,
    0xFF, 0x00, 0xFF, 0xFF, 0xF8, 0x07, 0xFF, 0xFF, 0xC0, 0x00, 0x00, 0x00, 0x00, 0xFF, 0xFF, 0xFE,
    0x07, 0xFF, 0xFF, 0xF0, 0x3F, 0xFF, 0xFF, 0x00, 0x1E, 0x03, 0x80, 0x00, 0xF0, 0x1C, 0x00, 0x07,
    0x80, 0xE0, 0x00, 0x3C, 0x07, 0x00, 0x1F, 0xFF, 0xFF, 0x80, 0xFF, 0xFF, 0xFC, 0x07, 0xFF, 0xFF,
    0xE0, 0x00, 0x1E, 0x00, 0x00, 0x00, 0xF0, 0x00, 0x00, 0x07, 0x80, 0x03, 0xFF, 0xFF, 0xFF, 0xDF,
    0xFF, 0xFF, 0xFE, 0x7F, 0xFF, 0xFF, 0xF0, 0x00, 0x00, 0x00, 0x03, 0xFF, 0xFF, 0xC0, 0x1F, 0xFF,
    0xFF, 0x00, 0xFF, 0xFF, 0xF8, 0x00, 0x00, 0x03, 0xC0, 0x00, 0x00, 0x1E, 0x01, 0xFF, 0xFF, 0xF0,
    0x0F, 0xFF, 0xFF, 0x80, 0x7F, 0xFF, 0xF8, 0x03, 0x80, 0x00, 0x00, 0x1C, 0x00, 0x00, 0x00, 0xFF,
    0xFF, 0xFC, 0x07, 0xFF, 0xFF, 0xE0, 0x3F, 0xFF, 0xFF, 0x00, 0x00, 0x00, 0x00, 0x00, 0xFF, 0xFF,
    0xFE, 0x07, 0xFF, 0xFF, 0xF0, 0x3F, 0xFF, 0xFF, 0x80, 0x1E, 0x03, 0xC0, 0x00, 0xF0, 0x1E, 0x00,
    0x07, 0x80, 0xF0, 0x00, 0x3C, 0x07, 0x80, 0x01, 0xE0, 0x3C, 0x00, 0x0F, 0x01, 0xE0, 0x00, 0x78,
    0x0F, 0x00, 0x03, 0xC0, 0x78, 0x00, 0x1E, 0x03, 0xC0, 0x0F, 0xFF, 0xFF, 0xE0, 0x7F, 0xFF, 0xFF,
    0x03, 0xFF, 0xFF, 0xF8, 0x00, 0xF0, 0x78, 0x00, 0x07, 0x83, 0xC0, 0x00, 0x3C, 0x1E, 0x00, 0x01,
    0xE0, 0xF0, 0x00, 0x0F, 0x07, 0x80, 0x00, 0x78, 0x3C, 0x03, 0xFF, 0xFF, 0xFF, 0xDF, 0xFF, 0xFF,
    0xFF, 0xFF, 0xFF, 0xFF, 0xF0, 0x1F, 0xFF, 0xFF, 0x81, 0xFF, 0xFF, 0xFC, 0x1F, 0xFF, 0xFF, 0xC1,
    0xFF, 0xFF, 0xFC, 0x01, 0xE0, 0x38, 0x00, 0x1E, 0x03, 0x80, 0x01, 0xE0, 0x38, 0x00, 0x1E, 0x03,
    0x80, 0x01, 0xE0, 0x38, 0x00, 0x1E, 0x03, 0x80, 0x01, 0xE0, 0x38, 0x00, 0x1E, 0x03, 0x80, 0x01,
    0xE0, 0x38, 0x00, 0x1E, 0x03, 0x80, 0x1F, 0xFF, 0xFF, 0xC1, 0xFF, 0xFF, 0xFC, 0x1F, 0xFF, 0xFF,
    0xC0, 0x00, 0x00, 0x00, 0x00, 0x00, 0x00, 0x00, 0x00, 0x00, 0x00, 0x00, 0x00, 0x00, 0x00, 0x00,
    0x00, 0x00, 0xFF, 0xFF, 0xFF, 0xFF, 0xFF, 0xFF, 0xFF, 0xFF, 0xFF, 0xFF, 0xF0, 0x00, 0x00, 0x00,
    0x01, 0xFF, 0xFF, 0xFC, 0x1F, 0xFF, 0xFF, 0xC1, 0xFF, 0xFF, 0xF8, 0x01, 0xE0, 0x38, 0x00, 0x1E,
    0x03, 0x80, 0x01, 0xE0, 0x38, 0x00, 0x1E, 0x03, 0x80, 0x01, 0xE0, 0x38, 0x00, 0x1E, 0x03, 0x80,
    0x1F, 0xFF, 0xFF, 0x81, 0xFF, 0xFF, 0xF8, 0x0F, 0xFF, 0xFF, 0x80, 0x00, 0x00, 0x00, 0x00, 0x00,
    0x00, 0x0F, 0xFF, 0xFF, 0xFF, 0xFF, 0xFF, 0xFF, 0xFF, 0xFF, 0xFF, 0xFF, 0x00, 0x00, 0x00, 0x00,
    0x00, 0x00, 0x00, 0x0E, 0x00, 0x00, 0x00, 0xF0, 0x00, 0x00, 0x0F, 0x00, 0x00, 0x00, 0xF0, 0x00,
    0x00, 0x0F, 0x00, 0x00, 0x00, 0xF0, 0x00, 0x00, 0x0F, 0xFF, 0xFF, 0x80, 0xFF, 0xFF, 0xF8, 0x0F,
    0xFF, 0xFF, 0x80, 0xFF, 0xFF, 0xF8, 0x1F, 0xFF, 0xFF, 0x81, 0xFF, 0xFF, 0xFC, 0x1F, 0xFF, 0xFF,
    0xC0, 0x1E, 0x03, 0x80, 0x01, 0xE0, 0x38, 0x00, 0x1E, 0x03, 0x80, 0x01, 0xE0, 0x38, 0x00, 0x1E,
    0x03, 0x80, 0x1F, 0xFF, 0xFF, 0x81, 0xFF, 0xFF, 0xF8, 0x1F, 0xFF, 0xFF, 0x80, 0x00, 0x00, 0x00,
    0xFF, 0xFF, 0xFF, 0xFF, 0xFF, 0xFF, 0xFF, 0xFF, 0xFF, 0xFF, 0xF0, 0x00, 0x00, 0x00, 0x00, 0x00,
    0x00, 0x00, 0xFF, 0xFF, 0xF0, 0x0F, 0xFF, 0xFF, 0x80, 0xFF, 0xFF, 0xF8, 0x00, 0x00, 0x07, 0x80,
    0x00, 0x00, 0x78, 0x0F, 0xFF, 0xFF, 0x80, 0xFF, 0xFF, 0xF8, 0x0F, 0xFF, 0xFF, 0x00, 0xE0, 0x00,
    0x00, 0x0E, 0x00, 0x00, 0x00, 0xFF, 0xFF, 0xFC, 0x0F, 0xFF, 0xFF, 0xC0, 0xFF, 0xFF, 0xFC, 0x00,
    0x00, 0x01, 0xC0, 0x00, 0x00, 0xF0, 0x00, 0x00, 0x3D, 0xFF, 0xFF, 0x8F, 0x7F, 0xFF, 0xE3, 0xDF,
    0xFF, 0xF8, 0xF0, 0xF0, 0x70, 0x3C, 0x3C, 0x1C, 0x0F, 0x0F, 0x07, 0x03, 0xC3, 0xC1, 0xC0, 0xF0,
    0xF0, 0x70, 0x3C, 0x3C, 0x1C, 0x0F, 0x0F, 0x07, 0x03, 0xC3, 0xC1, 0xC0, 0xF0, 0xF0, 0x70, 0x3C,
    0x3C, 0x1C, 0x0F, 0x0F, 0x07, 0x03, 0xC3, 0xC1, 0xC0, 0xF0, 0xF0, 0x70, 0x3C, 0x3C, 0x1C, 0xCF,
    0x7F, 0xFF, 0xFB, 0xDF, 0xFF, 0xFE, 0xF7, 0xFF, 0xF8, 0x3C, 0x00, 0x00, 0x0F, 0x00, 0x00, 0x03,
    0xC0, 0x00, 0x00, 0xF0, 0x00, 0x00, 0x3C, 0x00, 0x00, 0x0F, 0x00, 0x00, 0x03, 0xC0, 0x00, 0x00,
    0xF0, 0x00, 0x00, 0x3C, 0x00, 0x00, 0x07, 0x00, 0x00, 0x01, 0xE7, 0xFF, 0xF8, 0x79, 0xFF, 0xFE,
    0x1E, 0x7F, 0xFF, 0x87, 0x87, 0x87, 0x81, 0xE1, 0xE1, 0xE0, 0x78, 0x78, 0x78, 0x1E, 0x1E, 0x1E,
    0x07, 0x87, 0x87, 0x81, 0xE1, 0xE1, 0xE0, 0x78, 0x78, 0x79, 0x1E, 0xFF, 0xFF, 0xE7, 0xBF, 0xFF,
    0xF9, 0xEF, 0xFF, 0xF0, 0x78, 0x00, 0x00, 0x1E, 0x00, 0x00, 0x00, 0x03, 0xFF, 0xFF, 0xE0, 0xFF,
    0xFF, 0xF8, 0x3F, 0xFF, 0xFE, 0x00, 0x00, 0x07, 0x80, 0x00, 0x01, 0xE0, 0x7F, 0xFF, 0xF8, 0x3F,
    0xFF, 0xFE, 0x0F, 0xFF, 0xFF, 0x83, 0xC0, 0x00, 0x00, 0xF0, 0x00, 0x00, 0x3F, 0xFF, 0xFE, 0x0F,
    0xFF, 0xFF, 0xC3, 0xFF, 0xFF, 0xF0, 0xFF, 0xFF, 0xFC, 0x00, 0x00, 0x07, 0x00, 0x00, 0x03, 0xC0,
    0x00, 0x01, 0xEF, 0xFF, 0xF0, 0xF7, 0xFF, 0xF8, 0x7B, 0xFF, 0xFC, 0x3C, 0x78, 0x78, 0x1E, 0x3C,
    0x3C, 0x0F, 0x1E, 0x1E, 0x07, 0x8F, 0x0F, 0x03, 0xC7, 0x87, 0x81, 0xE3, 0xC3, 0xC0, 0xF1, 0xE1,
    0xE0, 0x78, 0xF0, 0xF6, 0x3F, 0xFF, 0xFF, 0x9F, 0xFF, 0xFF, 0xCF, 0xFF, 0xFF, 0x07, 0x80, 0x00,
    0x03, 0xC0, 0x00, 0x01, 0xC0, 0x07, 0xFC, 0x00, 0x1F, 0xFF, 0xC0, 0x1F, 0xFF, 0xF0, 0x1F, 0x80,
    0xFC, 0x1F, 0x00, 0x1F, 0x0F, 0x00, 0x07, 0x87, 0x80, 0x03, 0xC3, 0xC0, 0x01, 0xE0, 0xF8, 0x03,
    0xE0, 0x3F, 0xFF, 0xE0, 0x0F, 0xFF, 0xE0, 0x01, 0xFF, 0xC0, 0x00, 0x00, 0x00, 0x00, 0x00, 0x00,
    0x78, 0x00, 0x78, 0x03, 0xC0, 0x03, 0xC0, 0x1E, 0x00, 0x1E, 0x00, 0xF0, 0x00, 0xF0, 0x07, 0x83,
    0xFF, 0xFF, 0x3C, 0x1F, 0xFF, 0xF9, 0xE0, 0xFF, 0xFF, 0xCF, 0x00, 0x00, 0x00, 0x78, 0x00, 0x00,
    0x03, 0xC0, 0x07, 0xF0, 0x1E, 0x00, 0xFF, 0xE0, 0xF0, 0x0F, 0xFF, 0x87, 0xFC, 0x78, 0x3C, 0x3F,
    0xE7, 0x80, 0xF1, 0xFF, 0x38, 0x07, 0x8F, 0x01, 0xC0, 0x1C, 0x78, 0x0E, 0x01, 0xE3, 0xC0, 0x78,
    0x0F, 0x1E, 0x03, 0xC0, 0x78, 0xF0, 0x0F, 0x0F, 0x87, 0x80, 0x7F, 0xF8, 0x3C, 0x01, 0xFF, 0x81,
    0xE0, 0x03, 0xF8, 0x0F, 0x00, 0x00, 0x00, 0x78, 0x00, 0x00, 0x03, 0xC0, 0x00, 0x00, 0x1E, 0x00,
    0x00, 0x00, 0xF0, 0x00, 0x00, 0x07, 0x80, 0x00, 0x00, 0x3C, 0x00, 0x00, 0x01, 0xE0, 0x00, 0xE0,
    0x07, 0x00, 0x0F, 0x00, 0x78, 0x00, 0x78, 0x03, 0xC0, 0x03, 0xC0, 0x1E, 0x0F, 0xFF, 0xFC, 0xF0,
    0x7F, 0xFF, 0xE7, 0x83, 0xFF, 0xFF, 0x3C, 0x00, 0x00, 0x01, 0xE0, 0x03, 0xF8, 0x0F, 0x00, 0x7F,
    0xF0, 0x78, 0x07, 0xFF, 0xC3, 0xFC, 0x7C, 0x1F, 0x1F, 0xE3, 0xC0, 0x78, 0xFF, 0x1C, 0x03, 0xC7,
    0x80, 0xF0, 0x1E, 0x3C, 0x07, 0x80, 0xF1, 0xE0, 0x1E, 0x0F, 0x0F, 0x00, 0xFF, 0xF8, 0x78, 0x03,
    0xFF, 0x83, 0xC0, 0x07, 0xF0, 0x1E, 0x00, 0x00, 0x00, 0xF0, 0x03, 0x80, 0x07, 0x80, 0x1C, 0x00,
    0x3C, 0x00, 0xE0, 0x00, 0x00, 0x07, 0x00, 0x00, 0x00, 0x38, 0x00, 0x00, 0x01, 0xC0, 0x00, 0x00,
    0x0F, 0xFF, 0xFF, 0x00, 0x7F, 0xFF, 0xF8, 0x03, 0xFF, 0xFF, 0xC0, 0x1F, 0xFF, 0xFE, 0x00, 0x01,
    0xE0, 0x07, 0x00, 0x0F, 0x00, 0x38, 0x00, 0x78, 0x01, 0xC1, 0xFF, 0xFF, 0x8E, 0x0F, 0xFF, 0xFC,
    0x70, 0x7F, 0xFF, 0xE3, 0x80, 0x03, 0x80, 0x1C, 0x00, 0xFF, 0x80, 0xFF, 0x1F, 0xFF, 0x07, 0xF9,
    0xF0, 0x7C, 0x3F, 0xCF, 0x01, 0xE1, 0xC0, 0x70, 0x0F, 0x0E, 0x03, 0xC0, 0x78, 0x70, 0x1F, 0x07,
    0xC3, 0x80, 0x7F, 0xFC, 0x1C, 0x01, 0xFF, 0xC0, 0xE0, 0x00, 0xE0, 0x07, 0x00, 0x00, 0x00, 0x00,
    0x01, 0xFF, 0xFF, 0xC0, 0x1F, 0xFF, 0xFE, 0x00, 0xFF, 0xFF, 0xF0, 0x00, 0x00, 0x03, 0x80, 0x00,
    0x00, 0x1C, 0x01, 0xFF, 0xFF, 0xE0, 0x0F, 0xFF, 0xFF, 0x00, 0x7F, 0xFF, 0xF8, 0x03, 0xC0, 0x00,
    0x00, 0x1E, 0x00, 0x00, 0x00, 0xFF, 0xFF, 0xF8, 0x07, 0xFF, 0xFF, 0xC0, 0x3F, 0xFF, 0xFE, 0x00,
    0x00, 0xE0, 0x07, 0x00, 0x0F, 0x00, 0x38, 0x00, 0x78, 0x01, 0xC0, 0xFF, 0xFF, 0x8E, 0x0F, 0xFF,
    0xFC, 0x70, 0x7F, 0xFF, 0xE3, 0x80, 0x00, 0x00, 0x1C, 0x00, 0x3E, 0x00, 0xE0, 0x0F, 0xFE, 0x07,
    0xF0, 0xFF, 0xF8, 0x3F, 0xCF, 0x83, 0xE1, 0xFE, 0x78, 0x0F, 0x0E, 0x03, 0x80, 0x78, 0x70, 0x1E,
    0x03, 0xC3, 0x80, 0xF0, 0x1E, 0x1C, 0x03, 0xFF, 0xE0, 0xE0, 0x0F, 0xFE, 0x07, 0x00, 0x1F, 0xC0,
    0x38, 0x00, 0x00, 0x01, 0xC0, 0x00, 0x00, 0x00, 0x00, 0x7F, 0xFF, 0xF0, 0x03, 0xFF, 0xFF, 0x80,
    0x1F, 0xFF, 0xFC, 0x00, 0xE0, 0x00, 0xE0, 0x07, 0x00, 0x07, 0x00, 0x38, 0x00, 0x38, 0x01, 0xC0,
    0x01, 0xC0, 0x0E, 0x00, 0x0E, 0x00, 0x7F, 0xFF, 0xF0, 0x03, 0xFF, 0xFF, 0x80, 0x1F, 0xFF, 0xFC,
    0x00, 0x00, 0x00, 0x00, 0x00, 0x0F, 0x00, 0x38, 0x00, 0x78, 0x01, 0xC0, 0x03, 0xC0, 0x0E, 0x0F,
    0xFF, 0xFC, 0x70, 0x7F, 0xFF, 0xE3, 0x83, 0xFF, 0xFF, 0x1C, 0x00, 0x00, 0x00, 0xE0, 0x03, 0xF8,
    0x07, 0x00, 0x7F, 0xF0, 0x3F, 0xC7, 0xFF, 0xC1, 0xFE, 0x7C, 0x1F, 0x0F, 0xF3, 0xC0, 0x78, 0x70,
    0x1C, 0x03, 0xC3, 0x80, 0xF0, 0x1E, 0x1C, 0x07, 0xC1, 0xF0, 0xE0, 0x1F, 0xFF, 0x07, 0x00, 0x7F,
    0xF0, 0x38, 0x00, 0xFE, 0x01, 0xC0, 0x00, 0x00, 0x00, 0x00, 0x00, 0x00, 0x00, 0x03, 0x80, 0x03,
    0x80, 0x1C, 0x00, 0x1C, 0x00, 0xFF, 0xFF, 0xE0, 0x07, 0xFF, 0xFF, 0x00, 0x3F, 0xFF, 0xF8, 0x01,
    0xC0, 0x01, 0xC0, 0x0E, 0x00, 0x0E, 0x00, 0x70, 0x00, 0x70, 0x03, 0xFF, 0xFF, 0x80, 0x1F, 0xFF,
    0xFC, 0x00, 0xFF, 0xFF, 0xE0, 0x01, 0xE0, 0x07, 0x00, 0x0F, 0x00, 0x78, 0x00, 0x78, 0x03, 0xC0,
    0xFF, 0xFF, 0x9E, 0x0F, 0xFF, 0xFC, 0xF0, 0x7F, 0xFF, 0xE7, 0x80, 0x00, 0x00, 0x3C, 0x00, 0x00,
    0x01, 0xE0, 0x07, 0xFC, 0x0F, 0x00, 0x7F, 0xF0, 0x7F, 0x87, 0xFF, 0xC3, 0xFC, 0x78, 0x0F, 0x1F,
    0xE3, 0xC0, 0x78, 0xF0, 0x1C, 0x03, 0xC7, 0x80, 0xF0, 0x1E, 0x3C, 0x07, 0xC1, 0xF1, 0xE0, 0x1F,
    0xFF, 0x0F, 0x00, 0x7F, 0xF0, 0x78, 0x00, 0xFE, 0x03, 0xC0, 0x00, 0x00, 0x1E, 0x00, 0x00, 0x78,
    0xF0, 0x00, 0x03, 0xC7, 0x80, 0x00, 0x1E, 0x00, 0x00, 0x01, 0xF8, 0x00, 0x00, 0x1F, 0xC0, 0x00,
    0x01, 0xFF, 0x80, 0x00, 0x3F, 0x3E, 0x00, 0x07, 0xF0, 0xFE, 0x01, 0xFE, 0x03, 0xFC, 0x07, 0xE0,
    0x07, 0xE0, 0x38, 0x00, 0x06, 0x00, 0x01, 0xE0, 0x07, 0x00, 0x0F, 0x00, 0x78, 0x00, 0x78, 0x03,
    0xC0, 0xFF, 0xFF, 0x9E, 0x0F, 0xFF, 0xFC, 0xF0, 0x7F, 0xFF, 0xE7, 0x80, 0x00, 0x00, 0x3C, 0x00,
    0x3E, 0x01, 0xE0, 0x0F, 0xFE, 0x0F, 0xF0, 0xFF, 0xF8, 0x7F, 0xC7, 0x83, 0xC3, 0xFE, 0x78, 0x0F,
    0x1E, 0x03, 0x80, 0x78, 0xF0, 0x1E, 0x03, 0xC7, 0x80, 0xF0, 0x1E, 0x3C, 0x03, 0xC1, 0xE1, 0xE0,
    0x1F, 0xFF, 0x0F, 0x00, 0x3F, 0xE0, 0x78, 0x00, 0x7C, 0x03, 0xC0, 0x00, 0x00, 0x0E, 0x00, 0x07,
    0xFF, 0x00, 0x00, 0xFF, 0xFE, 0x00, 0x0F, 0xFF, 0xF8, 0x00, 0xF8, 0x03, 0xE0, 0x0F, 0x00, 0x0F,
    0x00, 0x78, 0x00, 0x3C, 0x03, 0xC0, 0x01, 0xC0, 0x0F, 0x00, 0x3E, 0x00, 0x7F, 0xFF, 0xE0, 0x00,
    0xFF, 0xFE, 0x00, 0x01, 0xFF, 0xC0, 0x00, 0x00, 0x00, 0x01, 0xC0, 0x70, 0x0E, 0x38, 0x0E, 0x01,
    0xC7, 0x01, 0xC0, 0x38, 0xE0, 0x38, 0x07, 0x1D, 0xFF, 0xFC, 0xE3, 0xBF, 0xFF, 0x9C, 0x77, 0xFF,
    0xF3, 0x8E, 0x00, 0x00, 0x71, 0xC0, 0x00, 0x0E, 0x38, 0x3F, 0x81, 0xC7, 0x0F, 0xF8, 0x38, 0xE3,
    0xFF, 0x87, 0x1C, 0x78, 0xF0, 0xFF, 0x9E, 0x0F, 0x1F, 0xF3, 0x80, 0xE3, 0xFE, 0x70, 0x1C, 0x71,
    0xCE, 0x03, 0x8E, 0x39, 0xC0, 0x71, 0xC7, 0x3C, 0x1E, 0x38, 0xE3, 0xC7, 0x87, 0x1C, 0x7F, 0xF0,
    0xE3, 0x87, 0xFC, 0x1C, 0x70, 0x3E, 0x03, 0x8E, 0x00, 0x00, 0x71, 0xC0, 0x00, 0x0E, 0x38, 0x00,
    0x01, 0xC7, 0x00, 0x00, 0x38, 0xE0, 0x00, 0x07, 0x1C, 0x00, 0x00, 0xE3, 0x80, 0x00, 0x00, 0x70,
    0x00, 0x00, 0x01, 0xC0, 0x1C, 0x07, 0x1E, 0x01, 0xC0, 0x71, 0xE0, 0x1C, 0x07, 0x1E, 0x7F, 0xFF,
    0x71, 0xE7, 0xFF, 0xF7, 0x1E, 0x7F, 0xFF, 0x71, 0xE0, 0x00, 0x07, 0x1E, 0x03, 0xE0, 0x71, 0xE0,
    0xFF, 0x87, 0xFE, 0x1F, 0xFC, 0x7F, 0xE3, 0xC1, 0xE7, 0xFE, 0x38, 0x0E, 0x71, 0xE3, 0x80, 0xE7,
    0x1E, 0x38, 0x1E, 0x71, 0xE3, 0xE3, 0xE7, 0x1E, 0x1F, 0xFC, 0x71, 0xE0, 0xFF, 0x87, 0x1E, 0x03,
    0xC0, 0x71, 0xE0, 0x00, 0x07, 0x1E, 0x00, 0x01, 0x81, 0xE0, 0x00, 0x3C, 0x1C, 0x00, 0x03, 0xC0,
    0x00, 0x00, 0x3E, 0x00, 0x00, 0x07, 0xE0, 0x00, 0x00, 0xFF, 0x00, 0x00, 0x3F, 0x7C, 0x00, 0x0F,
    0xE3, 0xF8, 0x07, 0xF8, 0x1F, 0xF0, 0x7E, 0x00, 0x7F, 0x07, 0x80, 0x00, 0xE0, 0x00, 0x00, 0x00,
    0x00, 0x0E, 0x03, 0x8F, 0x00, 0x70, 0x1C, 0x78, 0x03, 0x80, 0xE3, 0xC7, 0xFF, 0xF7, 0x1E, 0x3F,
    0xFF, 0xB8, 0xF1, 0xFF, 0xFD, 0xC7, 0x80, 0x00, 0x0E, 0x3C, 0x03, 0xE0, 0x71, 0xE0, 0x7F, 0xC3,
    0xFF, 0x07, 0xFF, 0x1F, 0xF8, 0x78, 0x3C, 0xFF, 0xC3, 0x80, 0xE7, 0x1E, 0x1C, 0x07, 0x38, 0xF0,
    0xE0, 0x39, 0xC7, 0x87, 0x83, 0xCE, 0x3C, 0x1F, 0xFC, 0x71, 0xE0, 0x7F, 0xC3, 0x8F, 0x01, 0xFC,
    0x1C, 0x78, 0x00, 0x00, 0xE3, 0x80, 0x00, 0x00, 0x00, 0x00, 0x78, 0x0F, 0x00, 0x03, 0xC0, 0x78,
    0x00, 0x1E, 0x03, 0xC0, 0x01, 0xF0, 0x1F, 0x00, 0x0F, 0xC1, 0xF8, 0x00, 0xFF, 0x1F, 0xE0, 0x0F,
    0xBD, 0xF7, 0xC1, 0xF8, 0xFF, 0x1F, 0x0F, 0x87, 0xF0, 0x78, 0x30, 0x0F, 0x01, 0xC0, 0x00, 0x00,
    0x00, 0x00, 0x00, 0x00, 0xE0, 0x1C, 0x07, 0x0E, 0x01, 0xC0, 0x70, 0xE0, 0x1C, 0x07, 0x0E, 0x7F,
    0xFF, 0x70, 0xE7, 0xFF, 0xF7, 0x0E, 0x7F, 0xFF, 0x70, 0xE0, 0x00, 0x07, 0x0E, 0x07, 0xF0, 0x7F,
    0xE1, 0xFF, 0xC7, 0xFE, 0x1E, 0x3C, 0x7F, 0xE3, 0xC1, 0xE7, 0x0E, 0x38, 0x0E, 0x70, 0xE3, 0x80,
    0xE7, 0x0E, 0x3C, 0x1E, 0x70, 0xE3, 0xE3, 0xE7, 0x0E, 0x1F, 0xFC, 0x70, 0xE0, 0xFF, 0x87, 0x0E,
    0x03, 0xE0, 0x70, 0xE0, 0x00, 0x00, 0x0E, 0x00, 0x1F, 0xFC, 0x00, 0x07, 0xFF, 0xF8, 0x01, 0xFF,
    0xFF, 0xC0, 0x1F, 0x00, 0x7E, 0x03, 0xC0, 0x01, 0xE0, 0x3C, 0x00, 0x0E, 0x03, 0xC0, 0x01, 0xE0,
    0x1E, 0x00, 0x3E, 0x01, 0xFF, 0xFF, 0xC0, 0x07, 0xFF, 0xF8, 0x00, 0x1F, 0xFC, 0x00, 0x01, 0xE0,
    0x07, 0x00, 0x0F, 0x00, 0x78, 0x00, 0x78, 0x03, 0xC0, 0xFF, 0xFF, 0x9E, 0x0F, 0xFF, 0xFC, 0xF0,
    0x7F, 0xFF, 0xE7, 0xFC, 0x00, 0x00, 0x3F, 0xE0, 0x3E, 0x01, 0xFF, 0x07, 0xFC, 0x0F, 0x00, 0xFF,
    0xF8, 0x78, 0x07, 0x83, 0xC3, 0xC0, 0x78, 0x0F, 0x1E, 0x03, 0xC0, 0x78, 0xFF, 0x9E, 0x03, 0xC7,
    0xFC, 0xF0, 0x1E, 0x3F, 0xE3, 0xC1, 0xE1, 0xE0, 0x1F, 0xFF, 0x0F, 0x00, 0x3F, 0xE0, 0x78, 0x00,
    0x7C, 0x03, 0xC0, 0x00, 0x00, 0x1E, 0x00, 0x07, 0xFF, 0x00, 0x00, 0xFF, 0xFE, 0x00, 0x0F, 0xFF,
    0xF8, 0x00, 0xF8, 0x03, 0xE0, 0x0F, 0x00, 0x0F, 0x00, 0x78, 0x00, 0x3C, 0x03, 0xC0, 0x01, 0xC0,
    0x0F, 0x00, 0x3E, 0x00, 0x7F, 0xFF, 0xE0, 0x00, 0xFF, 0xFE, 0x00, 0x01, 0xFF, 0xC0, 0x00, 0x00,
    0xE0, 0x03, 0x80, 0x3C, 0x00, 0x78, 0x07, 0x80, 0x0F, 0x00, 0xF0, 0x01, 0xEF, 0xFF, 0xFC, 0x3D,
    0xFF, 0xFF, 0x87, 0x9F, 0xFF, 0xF0, 0xF0, 0x00, 0x00, 0x1E, 0x03, 0xF0, 0x7F, 0xC1, 0xFF, 0x8F,
    0xF8, 0x7F, 0xF9, 0xFF, 0x1F, 0x0F, 0x81, 0xE3, 0xC0, 0xF0, 0x3C, 0x70, 0x0E, 0x07, 0x8F, 0x01,
    0xCF, 0xF1, 0xE0, 0x7B, 0xFE, 0x3E, 0x1F, 0x7F, 0xC3, 0xFF, 0xC7, 0xF8, 0x3F, 0xF0, 0x0F, 0x01,
    0xF8, 0x01, 0xE0, 0x00, 0x00, 0x3C, 0x07, 0x00, 0x07, 0x80, 0xF0, 0x00, 0xF0, 0x1E, 0x00, 0x1C,
    0x03, 0xC0, 0x00, 0x00, 0x78, 0x00, 0x00, 0x0F, 0x00, 0x00, 0x01, 0xFF, 0xFF, 0xE0, 0x3F, 0xFF,
    0xFC, 0x07, 0xFF, 0xFF, 0x80, 0xFF, 0xFF, 0xF0, 0x00, 0x00, 0x00, 0x00, 0x78, 0x00, 0xF0, 0x1E,
    0x00, 0x3C, 0x07, 0x80, 0x0F, 0x7F, 0xFF, 0xC3, 0xFF, 0xFF, 0xF0, 0xF7, 0xFF, 0xFC, 0x3C, 0x00,
    0x00, 0x0F, 0x03, 0xF0, 0x3F, 0xC3, 0xFF, 0x0F, 0xF1, 0xFF, 0xE3, 0xFC, 0x78, 0x78, 0x0F, 0x3C,
    0x0F, 0x03, 0xCF, 0x01, 0xC0, 0xF3, 0x80, 0x73, 0xFC, 0xF0, 0x3C, 0xFF, 0x3C, 0x0F, 0x3F, 0xC7,
    0xFF, 0x80, 0xF0, 0xFF, 0xC0, 0x3C, 0x0F, 0xC0, 0x0F, 0x00, 0x00, 0x03, 0xC0, 0x07, 0xFC, 0x00,
    0x0F, 0xFF, 0xE0, 0x0F, 0xFF, 0xFC, 0x03, 0xF0, 0x1F, 0x81, 0xF0, 0x01, 0xF0, 0x78, 0x00, 0x3C,
    0x1F, 0x00, 0x0F, 0x03, 0xE0, 0x0F, 0x80, 0xFF, 0xFF, 0xE0, 0x0F, 0xFF, 0xE0, 0x00, 0xFF, 0xE0,
    0x00, 0x07, 0x00, 0x00, 0x00, 0xF0, 0x00, 0x00, 0x0F, 0x00, 0x00, 0x00, 0xF0, 0x00, 0x3F, 0xFF,
    0xFF, 0xC3, 0xFF, 0xFF, 0xFC, 0x3F, 0xFF, 0xFF, 0xC0, 0x00, 0x00, 0x00, 0x00, 0x00, 0x00, 0x00,
    0x07, 0xFE, 0x00, 0x01, 0xFF, 0xF8, 0x00, 0x7F, 0xFF, 0xE0, 0x07, 0xC0, 0x3E, 0x00, 0xF0, 0x00,
    0xF0, 0x0F, 0x00, 0x0F, 0x00, 0xF0, 0x00, 0xF0, 0x0F, 0x00, 0x0F, 0x00, 0x7E, 0x07, 0xE0, 0x03,
    0xFF, 0xFC, 0x00, 0x1F, 0xFF, 0x80, 0x00, 0x3F, 0xC0, 0x00, 0x00, 0xF0, 0x00, 0x00, 0x0F, 0x00,
    0x00, 0x00, 0xF0, 0x00, 0x00, 0x0F, 0x00, 0x0F, 0xFF, 0xFF, 0xFF, 0xFF, 0xFF, 0xFF, 0xFF, 0xFF,
    0xFF, 0xFF, 0x00, 0x07, 0x00, 0x00, 0x00, 0xF0, 0x00, 0x00, 0x0F, 0x00, 0x03, 0xFF, 0xFF, 0xFC,
    0x3F, 0xFF, 0xFF, 0xC3, 0xFF, 0xFF, 0xFC, 0x00, 0x07, 0x00, 0x00, 0x1F, 0xFF, 0x80, 0x07, 0xFF,
    0xFE, 0x00, 0xFC, 0x03, 0xF0, 0x0F, 0x00, 0x0F, 0x00, 0xF8, 0x00, 0xF0, 0x07, 0xFF, 0xFF, 0x00,
    0x3F, 0xFF, 0xC0, 0x00, 0xFF, 0xF0, 0x00, 0x00, 0xF0, 0x00, 0x00, 0x0F, 0x00, 0x0F, 0xFF, 0xFF,
    0xFF, 0xFF, 0xFF, 0xFF, 0xF7, 0xFF, 0xFF, 0xFF, 0x00, 0x00, 0x00, 0x00, 0xFF, 0xFF, 0xF0, 0x0F,
    0xFF, 0xFF, 0x80, 0xFF, 0xFF, 0xF8, 0x0E, 0x00, 0x07, 0x80, 0xE0, 0x00, 0x78, 0x0E, 0x00, 0x07,
    0x80, 0xE0, 0x00, 0x78, 0x0F, 0xFF, 0xFF, 0x80, 0xFF, 0xFF, 0xF8, 0x0F, 0xFF, 0xFF, 0x80, 0x00,
    0xE0, 0x07, 0x00, 0x07, 0x80, 0x38, 0x00, 0x3C, 0x01, 0xC0, 0x01, 0xE0, 0x0E, 0x07, 0xFF, 0xFE,
    0x70, 0x3F, 0xFF, 0xF3, 0x81, 0xFF, 0xFF, 0x9C, 0x00, 0x00, 0x00, 0xE0, 0x03, 0xFC, 0x07, 0x00,
    0x3F, 0xF0, 0x38, 0x03, 0xFF, 0xC1, 0xC0, 0x3E, 0x1F, 0x0E, 0x01, 0xC0, 0x38, 0x70, 0x0E, 0x01,
    0xC3, 0xFC, 0x70, 0x0E, 0x1F, 0xE3, 0xC0, 0xF0, 0xFF, 0x0F, 0xFF, 0x07, 0x00, 0x3F, 0xF0, 0x38,
    0x00, 0xFF, 0x01, 0xC0, 0x01, 0xE0, 0x0E, 0x00, 0x0F, 0x00, 0x70, 0x00, 0x78, 0x73, 0x83, 0xFF,
    0xFF, 0x9C, 0x1F, 0xFF, 0xFC, 0xE0, 0xFF, 0xFF, 0x07, 0x00, 0x00, 0x00, 0x38, 0x00, 0x00, 0x01,
    0xC0, 0x00, 0x00, 0x0E, 0x00, 0x00, 0x00, 0x70, 0x00, 0x00, 0x03, 0x80, 0x00, 0x00, 0x1C, 0x00,
    0x00, 0xF0, 0x07, 0x80, 0x07, 0x80, 0x3C, 0x00, 0x3C, 0x01, 0xE0, 0xFF, 0xFF, 0xCF, 0x07, 0xFF,
    0xFE, 0x78, 0x00, 0x00, 0x03, 0xC0, 0x07, 0xE0, 0x1E, 0x01, 0xFF, 0xC0, 0xF0, 0x1F, 0xFF, 0x87,
    0x80, 0xF0, 0x3C, 0x3F, 0xC7, 0x00, 0xE1, 0xFE, 0x38, 0x0F, 0x0F, 0xF1, 0xF9, 0xF8, 0x78, 0x07,
    0xFF, 0x83, 0xC0, 0x0F, 0xF0, 0x1E, 0x00, 0x1E, 0x00, 0xF0, 0x00, 0xF0, 0x67, 0x87, 0xFF, 0xFF,
    0xBC, 0x3F, 0xFF, 0xFD, 0xE1, 0xFF, 0xFC, 0x0F, 0x00, 0x00, 0x00, 0x70, 0x00, 0x00, 0x00, 0x00,
    0x3F, 0xFF, 0xFE, 0x01, 0xFF, 0xFF, 0xF0, 0x0F, 0xFF, 0xFF, 0x80, 0x00, 0x00, 0x3C, 0x00, 0x00,
    0x01, 0xE0, 0x00, 0x00, 0x0F, 0x00, 0x00, 0x00, 0x78, 0x00, 0x00, 0x03, 0xC0, 0x00, 0x00, 0x1E,
    0x00, 0x00, 0xF0, 0x07, 0x00, 0x07, 0x80, 0x38, 0x00, 0x3C, 0x01, 0xC0, 0xFF, 0xFF, 0xCE, 0x07,
    0xFF, 0xFE, 0x70, 0x3F, 0xFF, 0xE3, 0x80, 0x00, 0x00, 0x1C, 0x00, 0xFF, 0xC0, 0xE0, 0x0F, 0xFF,
    0x07, 0x00, 0xF8, 0x7C, 0x38, 0x07, 0x00, 0xE1, 0xC0, 0x38, 0x07, 0x0F, 0xE1, 0xE0, 0x78, 0x7F,
    0x0F, 0xFF, 0xC3, 0xF8, 0x3F, 0xFC, 0x1C, 0x00, 0x7F, 0x80, 0xE0, 0x00, 0xF0, 0x07, 0x00, 0x07,
    0x87, 0x38, 0x3F, 0xFF, 0xFD, 0xC1, 0xFF, 0xFF, 0xCE, 0x0F, 0xFF, 0xE0, 0x70, 0x00, 0x00, 0x03,
    0x80, 0x1C, 0x00, 0x1C, 0x00, 0xE0, 0x00, 0xE0, 0x07, 0x00, 0x07, 0x00, 0x38, 0x00, 0x00, 0x01,
    0xC0, 0x00, 0x00, 0x0F, 0xFF, 0xFF, 0x00, 0x7F, 0xFF, 0xF8, 0x03, 0xFF, 0xFF, 0xC0, 0x1F, 0xFF,
    0xFE, 0x00, 0x00, 0xE0, 0x07, 0x00, 0x07, 0x80, 0x3C, 0x00, 0x3C, 0x01, 0xE0, 0xFF, 0xFF, 0xCF,
    0x07, 0xFF, 0xFE, 0x78, 0x00, 0x00, 0x03, 0xC0, 0x1F, 0xF8, 0x1E, 0x01, 0xFF, 0xE0, 0xF0, 0x1E,
    0x0F, 0x87, 0xF8, 0xE0, 0x1C, 0x3F, 0xC7, 0x00, 0xE1, 0xFE, 0x3E, 0x1F, 0x0F, 0x00, 0xFF, 0xF0,
    0x78, 0x01, 0xFE, 0x03, 0xC0, 0x03, 0xC0, 0x9E, 0x1F, 0xFF, 0xFE, 0xF0, 0xFF, 0xFF, 0xE7, 0x83,
    0xFF, 0xE0, 0x3C, 0x00, 0x00, 0x01, 0xC0, 0x0F, 0xFF, 0xFE, 0x00, 0xFF, 0xFF, 0xF8, 0x07, 0xFF,
    0xFF, 0xC0, 0x00, 0x00, 0x1E, 0x00, 0x00, 0x00, 0xF0, 0x0F, 0xFF, 0xFF, 0x80, 0x7F, 0xFF, 0xFC,
    0x03, 0xC0, 0x00, 0x00, 0x1E, 0x00, 0x00, 0x00, 0xFF, 0xFF, 0xFC, 0x07, 0xFF, 0xFF, 0xE0, 0x3F,
    0xFF, 0xFF, 0x00, 0x00, 0xE0, 0x07, 0x00, 0x07, 0x80, 0x3C, 0x00, 0x3C, 0x01, 0xE0, 0xFF, 0xFF,
    0xCF, 0x07, 0xFF, 0xFE, 0x78, 0x3F, 0xFF, 0xE3, 0xC0, 0x03, 0xC0, 0x1E, 0x00, 0xFF, 0xC0, 0xF0,
    0x1F, 0xFF, 0x07, 0x80, 0xF0, 0x3C, 0x3F, 0xC7, 0x00, 0xE1, 0xFE, 0x38, 0x0F, 0x0F, 0xF1, 0xF9,
    0xF8, 0x78, 0x07, 0xFF, 0x83, 0xC0, 0x0F, 0xF0, 0x1E, 0x00, 0x1E, 0x00, 0xF0, 0x00, 0xF1, 0xE7,
    0x87, 0xFF, 0xFF, 0xBC, 0x3F, 0xFF, 0xF9, 0xE0, 0xFF, 0xF0, 0x0F, 0x00, 0x00, 0x00, 0x78, 0x00,
    0x0F, 0xE0, 0x00, 0x07, 0xFF, 0xF0, 0x00, 0x7F, 0xFF, 0xC0, 0x07, 0xC0, 0x1F, 0x00, 0x78, 0x00,
    0x3C, 0x03, 0xC0, 0x01, 0xE0, 0x0F, 0x00, 0x1F, 0x00, 0x7F, 0xFF, 0xF0, 0x01, 0xFF, 0xFF, 0x00,
    0x01, 0xFF, 0xC0, 0x00, 0x00, 0x07, 0x00, 0x00, 0x00, 0xF0, 0x00, 0x00, 0x0F, 0x00, 0x00, 0x00,
    0xF0, 0x00, 0x3F, 0xFF, 0xFF, 0xC3, 0xFF, 0xFF, 0xFC, 0x3F, 0xFF, 0xFF, 0xC0, 0x00, 0x00, 0x00,
    0x00, 0xFF, 0xF0, 0x00, 0x3F, 0xFF, 0xC0, 0x07, 0xFF, 0xFE, 0x00, 0xF8, 0x01, 0xF0, 0x0F, 0x00,
    0x0F, 0x00, 0xF0, 0x00, 0xF0, 0x0F, 0x80, 0x1F, 0x00, 0x7F, 0xFF, 0xE0, 0x03, 0xFF, 0xFC, 0x00,
    0x0F, 0xFF, 0x00, 0x00, 0x00, 0x00, 0x00, 0x00, 0x00, 0x00, 0xFF, 0xFF, 0xFF, 0xFF, 0xFF, 0xFF,
    0xFF, 0xFF, 0xFF, 0xFF, 0xF0, 0x00, 0xF0, 0x00, 0x00, 0x0F, 0x00, 0x00, 0x00, 0xF0, 0x00, 0x00,
    0x0F, 0x00, 0x00, 0x00, 0xF0, 0x00, 0x00, 0x0F, 0x00, 0x00, 0x00, 0xF0, 0x00, 0x00, 0x0F, 0x00,
    0x00, 0x00, 0x00, 0x00, 0x00, 0x00, 0xF0, 0x00, 0x00, 0x0F, 0x00, 0x00, 0x00, 0xF0, 0x00, 0x3F,
    0xFF, 0xFF, 0xC3, 0xFF, 0xFF, 0xFC, 0x3F, 0xFF, 0xFF, 0xC0, 0x00, 0x00, 0x00, 0x00, 0x00, 0x00,
    0x00, 0x07, 0xFF, 0x00, 0x03, 0xFF, 0xFC, 0x00, 0x7F, 0xFF, 0xE0, 0x0F, 0x80, 0x1F, 0x00, 0xF0,
    0x00, 0xF0, 0x0F, 0x00, 0x0F, 0x00, 0xF8, 0x01, 0xF0, 0x07, 0xFF, 0xFE, 0x00, 0x3F, 0xFF, 0xC0,
    0x00, 0x7F, 0xF0, 0x00, 0x00, 0x00, 0x00, 0x00, 0x00, 0x00, 0x0F, 0xFF, 0xFF, 0xFF, 0xFF, 0xFF,
    0xFF, 0xFF, 0xFF, 0xFF, 0xFF, 0x01, 0xE0, 0x38, 0x00, 0x1E, 0x03, 0x80, 0x01, 0xE0, 0x38, 0x00,
    0x1E, 0x03, 0x80, 0x01, 0xE0, 0x38, 0x00, 0x1E, 0x03, 0x80, 0x01, 0xE0, 0x38, 0x00, 0x1E, 0x03,
    0x80, 0x01, 0xE0, 0x07, 0x80, 0x78, 0x01, 0xE0, 0x1E, 0x00, 0x78, 0x07, 0x80, 0x1E, 0xFF, 0xFF,
    0xE7, 0xBF, 0xFF, 0xF9, 0xEF, 0xFF, 0xFC, 0x78, 0x00, 0x00, 0x1E, 0x03, 0xF8, 0x07, 0x83, 0xFF,
    0x81, 0xE1, 0xFF, 0xF0, 0x78, 0xF0, 0x3E, 0x1E, 0x38, 0x07, 0x87, 0x8E, 0x00, 0xE1, 0xE3, 0x80,
    0x78, 0x78, 0xF0, 0x1E, 0x1E, 0x3F, 0x3F, 0x07, 0x87, 0xFF, 0x81, 0xE0, 0x7F, 0xC0, 0x78, 0x03,
    0x00, 0x1E, 0x00, 0x00, 0x07, 0x81, 0xC0, 0x01, 0xE0, 0x70, 0x00, 0x78, 0x1C, 0x00, 0x00, 0x07,
    0x00, 0x00, 0x01, 0xC0, 0x00, 0x00, 0x70, 0x00, 0x00, 0x1F, 0xFF, 0xFE, 0x07, 0xFF, 0xFF, 0xC1,
    0xFF, 0xFF, 0xF0, 0x7F, 0xFF, 0xFC, 0x07, 0x02, 0x63, 0xF9, 0x3C, 0x00, 0x00, 0x00, 0x00, 0x00,
    0x0C, 0x03, 0x00, 0xC0, 0x30, 0x0C, 0x03, 0x00, 0xC0, 0x30, 0x0C, 0x03, 0x00, 0xC0, 0x30, 0x0C,
    0x03, 0x00, 0xC0, 0x30, 0x04, 0x01, 0x00, 0x40, 0x1F, 0x07, 0xC0, 0x70, 0x00, 0x00, 0x00, 0x30,
    0x00, 0x00, 0x0C, 0x00, 0x00, 0x03, 0x00, 0x00, 0x30, 0xC0, 0x00, 0x0C, 0x38, 0x00, 0x06, 0x0F,
    0x80, 0x1F, 0xC1, 0xFF, 0xFF, 0xFE, 0x3F, 0xFF, 0x87, 0xC3, 0xFF, 0x00, 0xF0, 0x00, 0x00, 0x00,
    0x00, 0x00, 0x00, 0x00, 0x46, 0x00, 0x00, 0x3B, 0xC0, 0x00, 0x0E, 0x60, 0x00, 0x01, 0x60, 0x00,
    0x00, 0x38, 0x00, 0x00, 0x06, 0x00, 0x00, 0x00, 0x00, 0x00, 0x00, 0x80, 0x30, 0x06, 0x01, 0xE0,
    0x1C, 0x03, 0x80, 0x70, 0x06, 0x00, 0xC0, 0x7B, 0xFE, 0x7F, 0x8F, 0x80, 0x00, 0x00, 0x00, 0x8E,
    0x39, 0xC7, 0x38, 0x58, 0x03, 0x80, 0x60, 0x00, 0x00, 0x00, 0x40, 0x06, 0x00, 0x60, 0x03, 0x00,
    0x38, 0x7F, 0xFF, 0xFB, 0xFF, 0x07, 0x00, 0x00, 0x00, 0x02, 0x38, 0x39, 0xC1, 0xCC, 0x05, 0x80,
    0x1E, 0x00, 0x60, 0x00, 0x00, 0x7E, 0x00, 0x07, 0xFE, 0x00, 0x3F, 0xFE, 0x01, 0x83, 0xFF, 0x80,
    0x07, 0xF8, 0x00, 0xFF, 0xC0, 0x0F, 0xA0, 0x01, 0xE1, 0x80, 0x1C, 0x06, 0x00, 0xC0, 0x3F, 0x8C,
    0x04, 0xFE, 0xC6, 0x71, 0xF6, 0x73, 0x80, 0x33, 0x98, 0x01, 0x8B, 0x00, 0x0C, 0x3C, 0x00, 0x60,
    0xC0, 0x03, 0x80, 0x00, 0x0F, 0x01, 0xE0, 0x3F, 0xFE, 0x00, 0xFF, 0xC0, 0x01, 0xF0, 0x00, 0x0F,
    0x80, 0x00, 0xFF, 0x00, 0x0F, 0xFC, 0x00, 0x20, 0xF8, 0x00, 0x03, 0xF8, 0x00, 0x07, 0xF8, 0x00,
    0x7F, 0x80, 0x3F, 0x80, 0xFF, 0xF0, 0x07, 0xFE, 0x00, 0x3F, 0xC0, 0x00, 0x00, 0x00, 0x00, 0x00,
    0x30, 0x00, 0x33, 0x80, 0x03, 0xDC, 0x00, 0x0D, 0x40, 0x00, 0x1C, 0x00, 0x00, 0xE0, 0x00, 0x00,
    0x00, 0x0F, 0x80, 0x00, 0x3F, 0xC0, 0x00, 0xFF, 0xE0, 0x00, 0x83, 0xF0, 0x00, 0x01, 0xFF, 0x00,
    0x01, 0xFE, 0x00, 0x0F, 0xF8, 0x00, 0xFE, 0xC0, 0xFF, 0xF1, 0xFF, 0xFF, 0x81, 0xFF, 0xFC, 0x00,
    0xF8, 0x00, 0x00, 0x00, 0x00, 0x30, 0x00, 0x0C, 0xE0, 0x00, 0x3D, 0xC0, 0x00, 0x34, 0x00, 0x00,
    0x1C, 0x00, 0x00, 0x38, 0x00, 0x00, 0x00, 0x00, 0x00, 0x00, 0x01, 0x80, 0x01, 0xC0, 0x04, 0xB0,
    0x0E, 0x70, 0x0E, 0x70, 0x04, 0x00, 0x00, 0x00, 0x00, 0x00, 0x00, 0xC0, 0x00, 0xE0, 0x00, 0xE0,
    0x00, 0xF0, 0x00, 0x70, 0x00, 0x70, 0x00, 0x30, 0x00, 0x38, 0x00, 0x1E, 0x00, 0x1F, 0x00, 0x1F,
    0x00, 0x30, 0x00, 0x70, 0x00, 0xE0, 0x01, 0xE0, 0x7F, 0xC0, 0x3F, 0x80, 0x0E, 0x00, 0x00, 0x00,
    0x04, 0x00, 0x00, 0x3E, 0x00, 0x00, 0xFC, 0x00, 0x07, 0xF8, 0x00, 0x1F, 0xC0, 0x00, 0x7F, 0x00,
    0x00, 0xF8, 0x00, 0x00, 0xE0, 0x00, 0x00, 0xF0, 0x00, 0x00, 0x7C, 0x00, 0x00, 0x3E, 0x00, 0x00,
    0x0F, 0x00, 0x00, 0x03, 0x80, 0x00, 0x01, 0xC0, 0x00, 0x00, 0xE0, 0xC0, 0x00, 0x60, 0xC0, 0x00,
    0x60, 0xC0, 0x00, 0x60, 0xE0, 0x01, 0xF8, 0x7F, 0xFF, 0xFF, 0x7F, 0xFF, 0x1F, 0x1F, 0xFC, 0x07,
    0x00, 0x08, 0x00, 0xF0, 0x1F, 0x81, 0xFC, 0x1F, 0xC0, 0xF8, 0x07, 0x80, 0x18, 0x00, 0xF0, 0x01,
    0xF0, 0x07, 0xE0, 0x03, 0xE0, 0x03, 0xC0, 0x07, 0x00, 0x0E, 0x00, 0x18, 0x00, 0x30, 0x00, 0x80,
    0x3E, 0x3F, 0xF0, 0xFF, 0x83, 0xF0, 0x00, 0x00, 0x00, 0x00, 0x0C, 0x00, 0x3E, 0x00, 0xFC, 0x03,
    0xF8, 0x1F, 0xC0, 0x3F, 0x00, 0x7C, 0x00, 0xE0, 0x00, 0x70, 0x00, 0x7C, 0x00, 0x1F, 0x00, 0x0F,
    0x80, 0x03, 0xC0, 0x01, 0xE0, 0x00, 0xE0, 0x00, 0x70, 0x00, 0x30, 0x00, 0x70, 0x03, 0xF8, 0xFF,
    0xFF, 0xFF, 0x9F, 0xFC, 0x07, 0x00, 0x00, 0x00, 0x00, 0x00, 0x1C, 0x00, 0x00, 0x78, 0x00, 0x01,
    0xF0, 0x00, 0x07, 0xC4, 0x00, 0x1E, 0x3E, 0x00, 0x78, 0xFC, 0x00, 0xE7, 0xF8, 0x00, 0x9F, 0xC0,
    0x00, 0x7F, 0x00, 0x00, 0xF8, 0x00, 0x00, 0xE0, 0x00, 0x00, 0xF0, 0x00, 0x00, 0x7C, 0x00, 0x00,
    0x3E, 0x00, 0x00, 0x0F, 0x00, 0x00, 0x03, 0x80, 0x00, 0x01, 0xC0, 0x00, 0x00, 0xE0, 0xC0, 0x00,
    0x60, 0xC0, 0x00, 0x60, 0xC0, 0x00, 0x60, 0xE0, 0x01, 0xF8, 0x7F, 0xFF, 0xFF, 0x7F, 0xFF, 0x1F,
    0x1F, 0xFC, 0x07, 0x00, 0x00, 0x00, 0x18, 0x00, 0xF0, 0x07, 0xC0, 0x3C, 0x43, 0xE3, 0xCF, 0x3F,
    0x79, 0xFC, 0x4F, 0xE0, 0x3E, 0x00, 0xF0, 0x01, 0x80, 0x07, 0x80, 0x07, 0xC0, 0x0F, 0xC0, 0x03,
    0xE0, 0x01, 0xE0, 0x01, 0xC0, 0x01, 0xC0, 0x01, 0x80, 0x01, 0x80, 0x02, 0x00, 0x7C, 0x3F, 0xF0,
    0x7F, 0xC0, 0xFC, 0x00, 0x00, 0x00, 0x00, 0x0C, 0x00, 0x7C, 0x01, 0xF0, 0x07, 0xCC, 0x1F, 0x3E,
    0x7C, 0xFC, 0xF3, 0xF8, 0x1F, 0xC0, 0x3F, 0x00, 0x7C, 0x00, 0xE0, 0x00, 0x70, 0x00, 0x7C, 0x00,
    0x1F, 0x00, 0x0F, 0x80, 0x03, 0xC0, 0x01, 0xE0, 0x00, 0xE0, 0x00, 0x70, 0x00, 0x30, 0x00, 0x70,
    0x03, 0xF8, 0xFF, 0xFF, 0xFF, 0x9F, 0xFC, 0x07, 0x00, 0x00, 0x00, 0x00, 0x7F, 0xF0, 0x03, 0xFF,
    0x80, 0x1F, 0xFC, 0x00, 0x7C, 0x60, 0x00, 0xF3, 0x00, 0x01, 0x98, 0x00, 0x0C, 0xE0, 0x01, 0xE3,
    0xC0, 0x7E, 0x1F, 0xFF, 0xC0, 0x7F, 0xF8, 0x00, 0xFE, 0x00, 0x00, 0x00, 0x80, 0x30, 0x06, 0x01,
    0xE0, 0x1C, 0x03, 0x80, 0x70, 0x06, 0x00, 0xC0, 0x7B, 0xFE, 0x7F, 0x8F, 0x80, 0x00, 0x00, 0x00,
    0x84, 0x39, 0xCF, 0x38, 0xE2, 0x00, 0x00, 0x00, 0x40, 0x06, 0x00, 0x60, 0x03, 0x00, 0x38, 0x7F,
    0xFF, 0xFB, 0xFF, 0x07, 0x00, 0x00, 0x00, 0x02, 0x10, 0x39, 0xC3, 0xDE, 0x0C, 0x20, 0x00, 0x00,
    0x18, 0x47, 0xF9, 0xBE, 0x00, 0x00, 0x00, 0x04, 0x01, 0x80, 0x30, 0x06, 0x00, 0xC0, 0x18, 0x03,
    0x00, 0x60, 0x0C, 0x01, 0x80, 0x30, 0x06, 0x00, 0xC0, 0x18, 0x03, 0x00, 0x60, 0x04, 0x00, 0x80,
    0x10, 0x03, 0xE0, 0x7C, 0x03, 0x80, 0x70, 0xF0, 0xD0, 0xC0, 0x78, 0xF0, 0x80, 0x00, 0x30, 0x30,
    0x30, 0x30, 0x30, 0x30, 0x30, 0x30, 0x30, 0x30, 0x30, 0x30, 0x30, 0x30, 0x30, 0x30, 0x30, 0x10,
    0x10, 0x1E, 0x1F, 0x07, 0x03, 0x80, 0x0F, 0x80, 0x18, 0x00, 0x30, 0x00, 0x7C, 0x00, 0xF8, 0x01,
    0x80, 0x01, 0xC0, 0x07, 0xE0, 0x1F, 0xC0, 0x31, 0xC0, 0xC1, 0x81, 0x83, 0x83, 0x03, 0x06, 0x06,
    0x0E, 0x0C, 0x1F, 0xFE, 0x1F, 0xFC, 0x0F, 0xF8, 0x00, 0xC0, 0x03, 0x00, 0x0E, 0x00, 0x38, 0x7F,
    0xF0, 0x7F, 0xC0, 0x3E, 0x00, 0x00, 0xC1, 0x83, 0x06, 0x0C, 0x18, 0x30, 0x60, 0xC1, 0x83, 0x06,
    0x0C, 0x18, 0x30, 0x60, 0x40, 0x81, 0x03, 0xE7, 0xC3, 0x9C, 0x7C, 0xC1, 0x81, 0xE7, 0x88, 0x00,
    0x70, 0x00, 0x07, 0xC0, 0x00, 0x30, 0x00, 0x01, 0x90, 0x00, 0x07, 0x80, 0x00, 0x70, 0x00, 0x00,
    0x00, 0x3F, 0xF8, 0x01, 0xFF, 0xC0, 0x0F, 0xFE, 0x00, 0x3E, 0x30, 0x00, 0x79, 0x80, 0x00, 0xCC,
    0x00, 0x06, 0x70, 0x00, 0xF1, 0xE0, 0x3F, 0x0F, 0xFF, 0xE0, 0x3F, 0xFC, 0x00, 0x7F, 0x00, 0x00,
    0x06, 0x07, 0x86, 0x83, 0x01, 0xF0, 0xF8, 0x60, 0x00, 0x03, 0x03, 0x81, 0xC0, 0xE0, 0x30, 0x1C,
    0x0E, 0x02, 0x07, 0x3F, 0xBF, 0x9F, 0x00, 0x06, 0x01, 0xE0, 0x68, 0x0C, 0x01, 0xF0, 0x3E, 0x06,
    0x00, 0x00, 0x01, 0x00, 0x60, 0x18, 0x03, 0x00, 0xE1, 0xFF, 0xFE, 0xFF, 0x8F, 0x00, 0xC1, 0x83,
    0x06, 0x0C, 0x18, 0x30, 0x60, 0xC1, 0x83, 0x06, 0x0C, 0x18, 0x30, 0x60, 0x40, 0x81, 0x03, 0xE7,
    0xC3, 0x80, 0x00, 0x00, 0x00, 0x30, 0x00, 0x00, 0x0C, 0x00, 0x00, 0x03, 0x00, 0x00, 0x30, 0xC0,
    0x00, 0x0C, 0x38, 0x00, 0x06, 0x0F, 0x80, 0x1F, 0xC1, 0xFF, 0xFF, 0xFE, 0x3F, 0xFF, 0x87, 0xC3,
    0xFF, 0x00, 0xF0, 0x00, 0x00, 0x00, 0x00, 0x00, 0x00, 0x00, 0x10, 0x00, 0x00, 0x0E, 0x00, 0x00,
    0x07, 0x80, 0x00, 0x00, 0xE0, 0x00, 0x00, 0x10, 0x00, 0x00, 0x00, 0x06, 0x06, 0x0E, 0x07, 0x07,
    0x07, 0x03, 0x03, 0x07, 0xFE, 0xFC, 0xF0, 0x00, 0x00, 0x00, 0x0C, 0x1E, 0x1E, 0x04, 0x01, 0x00,
    0x60, 0x18, 0x03, 0x00, 0xE1, 0xFF, 0xFE, 0xFF, 0x8F, 0x00, 0x00, 0x00, 0x00, 0x07, 0x00, 0xF0,
    0x1C, 0x01, 0x00, 0x01, 0x00, 0xCE, 0x07, 0xB8, 0x1C, 0xE0, 0x20, 0x00, 0x00, 0x00, 0x08, 0x00,
    0x60, 0x03, 0x80, 0x3E, 0x01, 0xF8, 0x0E, 0x60, 0x61, 0x81, 0x06, 0x0C, 0x18, 0x3C, 0x20, 0x7F,
    0x80, 0xFB, 0xE0, 0x67, 0xC0, 0x0F, 0x00, 0x00, 0x00, 0x00, 0x47, 0x00, 0x00, 0x39, 0xC0, 0x00,
    0x1E, 0x70, 0x00, 0x03, 0x08, 0x00, 0x00, 0x00, 0x00, 0x00, 0x00, 0x00, 0x03, 0x00, 0x00, 0x00,
    0xC0, 0x00, 0x00, 0x30, 0x00, 0x03, 0x0C, 0x00, 0x00, 0xC3, 0x80, 0x00, 0x60, 0xF8, 0x01, 0xFC,
    0x1F, 0xFF, 0xFF, 0xE3, 0xFF, 0xF8, 0x7C, 0x3F, 0xF0, 0x0F, 0x00, 0x00, 0x47, 0x3B, 0xCE, 0x71,
    0x00, 0x00, 0x00, 0x00, 0x06, 0x01, 0x80, 0xE0, 0x1C, 0x07, 0x01, 0xC0, 0x30, 0x0C, 0x07, 0x3F,
    0x8F, 0xC3, 0xC0, 0x00, 0x40, 0xC7, 0x0F, 0x78, 0x39, 0x80, 0x80, 0x00, 0x00, 0x00, 0x00, 0x08,
    0x00, 0xC0, 0x0C, 0x00, 0x60, 0x07, 0x0F, 0xFF, 0xFF, 0x7F, 0xE0, 0xE0, 0x00, 0x00, 0x00, 0x00,
    0x18, 0x00, 0x00, 0x0F, 0x00, 0x00, 0x01, 0xA0, 0x00, 0x01, 0x9C, 0x00, 0x00, 0xF7, 0x00, 0x00,
    0x18, 0x80, 0x00, 0x00, 0x00, 0x00, 0x00, 0x00, 0x00, 0x30, 0x00, 0x00, 0x0C, 0x00, 0x00, 0x03,
    0x00, 0x00, 0x30, 0xC0, 0x00, 0x0C, 0x38, 0x00, 0x06, 0x0F, 0x80, 0x1F, 0xC1, 0xFF, 0xFF, 0xFE,
    0x3F, 0xFF, 0x87, 0xC3, 0xFF, 0x00, 0xF0, 0x00, 0x03, 0x01, 0xE0, 0x34, 0x33, 0x9C, 0xE7, 0x10,
    0x80, 0x00, 0x00, 0x00, 0x60, 0x18, 0x0E, 0x01, 0xC0, 0x70, 0x1C, 0x03, 0x00, 0xC0, 0x73, 0xF8,
    0xFC, 0x3C, 0x00, 0x00, 0x00, 0x18, 0x01, 0xE0, 0x12, 0x81, 0xCE, 0x0E, 0x70, 0x20, 0x00, 0x00,
    0x00, 0x00, 0x02, 0x00, 0x30, 0x03, 0x00, 0x18, 0x01, 0xC3, 0xFF, 0xFF, 0xDF, 0xF8, 0x38, 0x7E,
    0x00, 0x07, 0xFE, 0x00, 0x3F, 0xFE, 0x01, 0x83, 0xFF, 0x80, 0x07, 0xF8, 0x00, 0xFF, 0xC0, 0x0F,
    0xA0, 0x01, 0xE1, 0x80, 0x1C, 0x06, 0x00, 0xC0, 0x3F, 0x8C, 0x00, 0xFE, 0xC1, 0x81, 0xF6, 0x1E,
    0x00, 0x30, 0xF0, 0x01, 0x83, 0x00, 0x0C, 0x00, 0x00, 0x60, 0x00, 0x03, 0x80, 0x00, 0x0F, 0x01,
    0xE0, 0x3F, 0xFE, 0x00, 0xFF, 0xC0, 0x01, 0xF0, 0x00, 0x0F, 0x80, 0x00, 0xFF, 0x00, 0x0F, 0xFC,
    0x00, 0x20, 0xF8, 0x00, 0x03, 0xF8, 0x00, 0x07, 0xF8, 0x00, 0x7F, 0x80, 0x3F, 0x80, 0xFF, 0xF0,
    0x07, 0xFE, 0x00, 0x3F, 0xC0, 0x00, 0x00, 0x00, 0x00, 0x00, 0x00, 0x00, 0x0C, 0x00, 0x00, 0xF0,
    0x00, 0x07, 0x80, 0x00, 0x18, 0x00, 0x00, 0x00, 0x00, 0x0F, 0x80, 0x00, 0x3F, 0xC0, 0x00, 0xFF,
    0xE0, 0x00, 0x83, 0xF0, 0x00, 0x01, 0xFF, 0x00, 0x01, 0xFE, 0x00, 0x0F, 0xF8, 0x00, 0xFE, 0xC0,
    0xFF, 0xF1, 0xFF, 0xFF, 0x81, 0xFF, 0xFC, 0x00, 0xF8, 0x00, 0x00, 0x00, 0x00, 0x00, 0x00, 0x03,
    0x00, 0x00, 0x0F, 0x00, 0x00, 0x1E, 0x00, 0x00, 0x18, 0x00, 0x00, 0x00, 0x00, 0x7E, 0x00, 0x07,
    0xFE, 0x00, 0x3F, 0xFE, 0x01, 0x83, 0xFF, 0x80, 0x07, 0xF8, 0x00, 0xFF, 0xC0, 0x0F, 0xA0, 0x01,
    0xE1, 0x80, 0x1C, 0x06, 0x00, 0xC0, 0x3F, 0x8C, 0x00, 0xFE, 0xC0, 0x01, 0xF6, 0x00, 0x00, 0x30,
    0x00, 0x01, 0x80, 0x00, 0x0C, 0x00, 0x00, 0x60, 0x00, 0x03, 0x80, 0x00, 0x0F, 0x01, 0xE0, 0x3F,
    0xFE, 0x00, 0xFF, 0xC0, 0x01, 0xF0, 0x00, 0x0F, 0x80, 0x00, 0xFF, 0x00, 0x0F, 0xFC, 0x00, 0x20,
    0xF8, 0x00, 0x03, 0xF8, 0x00, 0x07, 0xF8, 0x00, 0x7F, 0x80, 0x3F, 0x80, 0xFF, 0xF0, 0x07, 0xFE,
    0x00, 0x3F, 0xC0, 0x00, 0x0F, 0x80, 0x00, 0x3F, 0xC0, 0x00, 0xFF, 0xE0, 0x00, 0x83, 0xF0, 0x00,
    0x01, 0xFF, 0x00, 0x01, 0xFE, 0x00, 0x0F, 0xF8, 0x00, 0xFE, 0xC0, 0xFF, 0xF1, 0xFF, 0xFF, 0x81,
    0xFF, 0xFC, 0x00, 0xF8, 0x00, 0x00, 0x00, 0x06, 0x00, 0x00, 0x78, 0x00, 0x03, 0xC0, 0x00, 0x0C,
    0x00, 0x00, 0x00, 0x00, 0x00, 0x00, 0x0F, 0xC0, 0x00, 0xFF, 0xC0, 0x07, 0xFF, 0xC0, 0x30, 0x7F,
    0xF0, 0x00, 0xFF, 0x00, 0x1F, 0xF8, 0x01, 0xF4, 0x00, 0x3C, 0x30, 0x03, 0x80, 0xC0, 0x18, 0x07,
    0xF1, 0x80, 0x1F, 0xD8, 0x00, 0x3E, 0xC0, 0x00, 0x06, 0x00, 0x00, 0x30, 0x00, 0x01, 0x80, 0x00,
    0x0C, 0x00, 0x00, 0x70, 0x00, 0x01, 0xE0, 0x3C, 0x07, 0xFF, 0xC0, 0x1F, 0xF8, 0x00, 0x3E, 0x00,
    0x00, 0x00, 0x00, 0x00, 0x03, 0x00, 0x00, 0x3C, 0x00, 0x01, 0xE0, 0x00, 0x06, 0x00, 0x00, 0x00,
    0x00, 0x00, 0x00, 0x00, 0x00, 0x00, 0x0F, 0x80, 0x00, 0xFF, 0x00, 0x0F, 0xFC, 0x00, 0x20, 0xF8,
    0x00, 0x03, 0xF8, 0x00, 0x07, 0xF8, 0x00, 0x7F, 0x80, 0x3F, 0x80, 0xFF, 0xF0, 0x07, 0xFE, 0x00,
    0x3F, 0xC0, 0x00, 0x00, 0x00, 0x00, 0x00, 0xC0, 0x00, 0x03, 0xC0, 0x00, 0x07, 0x80, 0x00, 0x06,
    0x00, 0x00, 0x00, 0x00, 0x00, 0x00, 0x00, 0x00, 0x00, 0x00, 0x0F, 0x80, 0x00, 0x3F, 0xC0, 0x00,
    0xFF, 0xE0, 0x00, 0x83, 0xF0, 0x00, 0x01, 0xFF, 0x00, 0x01, 0xFE, 0x00, 0x0F, 0xF8, 0x00, 0xFE,
    0xC0, 0xFF, 0xF1, 0xFF, 0xFF, 0x81, 0xFF, 0xFC, 0x00, 0xF8, 0x00, 0x00, 0x03, 0x00, 0x06, 0x00,
    0x0C, 0x00, 0x1C, 0x00, 0x38, 0x00, 0x30, 0x00, 0x70, 0x00, 0xE0, 0x00, 0xE3, 0x01, 0xE7, 0xFF,
    0xFF, 0xFD, 0xEF, 0xE1, 0xC0, 0x00, 0x00, 0x0C, 0x00, 0x1C, 0x00, 0x78, 0x00, 0x60, 0x00, 0x00,
    0x00, 0x00, 0x00, 0x00, 0x01, 0x80, 0x03, 0x00, 0x06, 0x00, 0x0E, 0x00, 0x1C, 0x00, 0x18, 0x00,
    0x38, 0x00, 0x70, 0x00, 0x71, 0x80, 0xF3, 0xFF, 0xFF, 0xFE, 0xF7, 0xF0, 0xE0, 0x00, 0x00, 0x00,
    0xC0, 0x00, 0xE0, 0x00, 0xE0, 0x00, 0xF0, 0x00, 0x70, 0x00, 0x70, 0x00, 0x30, 0x00, 0x38, 0x00,
    0x1E, 0x00, 0x1F, 0x00, 0x1F, 0x00, 0x30, 0x00, 0x70, 0x00, 0xE0, 0x01, 0xE0, 0x7F, 0xC0, 0x3F,
    0x80, 0x0E, 0x00, 0x00, 0x00, 0x01, 0x80, 0x03, 0xC0, 0x03, 0xC0, 0x01, 0x80, 0x00, 0x00, 0x00,
    0x00, 0x00, 0x00, 0x00, 0xC0, 0x00, 0xE0, 0x00, 0xE0, 0x00, 0xF0, 0x00, 0x70, 0x00, 0x70, 0x00,
    0x30, 0x00, 0x38, 0x00, 0x1E, 0x00, 0x1F, 0x00, 0x1F, 0x00, 0x30, 0x00, 0x70, 0x00, 0xE0, 0x01,
    0xE0, 0x7F, 0xC0, 0x3F, 0x80, 0x0E, 0x00, 0x00, 0x00, 0x02, 0x08, 0x00, 0x00, 0x06, 0x18, 0x00,
    0x06, 0x06, 0x18, 0x00, 0x0E, 0x06, 0x38, 0x00, 0x0E, 0x0C, 0x30, 0x00, 0x0E, 0x0C, 0x30, 0x00,
    0x0F, 0xFF, 0xFF, 0xC0, 0x07, 0xFF, 0xFF, 0xC0, 0x07, 0xFF, 0xC7, 0xC0, 0x03, 0x00, 0x00, 0xC0,
    0x03, 0x00, 0x00, 0xC0, 0x02, 0x00, 0x00, 0xC0, 0x06, 0x00, 0x00, 0xE0, 0x1C, 0x00, 0x00, 0xF0,
    0x78, 0x00, 0x00, 0x7F, 0xF0, 0x00, 0x00, 0x3F, 0xE0, 0x00, 0x00, 0x0F, 0x80, 0x00, 0x00, 0x00,
    0x00, 0x00, 0x00, 0x01, 0x00, 0x00, 0x1C, 0x00, 0x08, 0xE0, 0x00, 0xC7, 0x00, 0x06, 0x18, 0x10,
    0x30, 0xE1, 0x83, 0x07, 0x1C, 0x1E, 0x1F, 0xFF, 0xFF, 0xBF, 0xFF, 0xFD, 0xCF, 0xC7, 0xE0, 0x00,
    0x04, 0x10, 0x00, 0x18, 0x60, 0x00, 0x30, 0xC0, 0x20, 0x63, 0x00, 0xC1, 0x86, 0x03, 0x83, 0x0C,
    0x3F, 0xFF, 0xFF, 0xFF, 0xFF, 0xFF, 0xE7, 0xFF, 0x8E, 0x00, 0x00, 0x04, 0x00, 0x00, 0x00, 0x0E,
    0x00, 0x00, 0x00, 0x0E, 0x00, 0x00, 0x00, 0x15, 0x80, 0x00, 0x00, 0x3B, 0xC0, 0x00, 0x00, 0x39,
    0x80, 0x00, 0x00, 0x10, 0x00, 0x00, 0x00, 0x00, 0x00, 0x00, 0x00, 0x02, 0x08, 0x00, 0x00, 0x06,
    0x18, 0x00, 0x06, 0x06, 0x18, 0x00, 0x0E, 0x06, 0x38, 0x00, 0x0E, 0x0C, 0x30, 0x00, 0x0E, 0x0C,
    0x30, 0x00, 0x0F, 0xFF, 0xFF, 0xC0, 0x07, 0xFF, 0xFF, 0xC0, 0x07, 0xFF, 0xC7, 0xC0, 0x03, 0x00,
    0x00, 0xC0, 0x03, 0x00, 0x00, 0xC0, 0x02, 0x00, 0x00, 0xC0, 0x06, 0x00, 0x00, 0xE0, 0x1C, 0x00,
    0x00, 0xF0, 0x78, 0x00, 0x00, 0x7F, 0xF0, 0x00, 0x00, 0x3F, 0xE0, 0x00, 0x00, 0x0F, 0x80, 0x00,
    0x00, 0x00, 0x00, 0x00, 0x00, 0x40, 0x00, 0x07, 0x00, 0x00, 0x34, 0x00, 0x06, 0x70, 0x00, 0x7B,
    0x80, 0x01, 0x88, 0x00, 0x00, 0x04, 0x00, 0x00, 0x70, 0x00, 0x23, 0x80, 0x03, 0x1C, 0x00, 0x18,
    0x60, 0x40, 0xC3, 0x86, 0x0C, 0x1C, 0x70, 0x78, 0x7F, 0xFF, 0xFE, 0xFF, 0xFF, 0xF7, 0x3F, 0x1F,
    0x80, 0x00, 0x08, 0x00, 0x00, 0x38, 0x00, 0x00, 0x70, 0x00, 0x03, 0x58, 0x00, 0x0F, 0x70, 0x00,
    0x1C, 0x60, 0x00, 0x00, 0x00, 0x00, 0x00, 0x00, 0x00, 0x04, 0x10, 0x00, 0x18, 0x60, 0x00, 0x30,
    0xC0, 0x20, 0x63, 0x00, 0xC1, 0x86, 0x03, 0x83, 0x0C, 0x3F, 0xFF, 0xFF, 0xFF, 0xFF, 0xFF, 0xE7,
    0xFF, 0x8E, 0x00, 0x00, 0x00, 0x70, 0x00, 0x00, 0x00, 0x3F, 0x80, 0x00, 0x00, 0x1F, 0xF8, 0x00,
    0x00, 0x07, 0x8F, 0x80, 0x00, 0x01, 0xC0, 0x78, 0x00, 0x0C, 0x70, 0x07, 0x00, 0x03, 0x9C, 0x00,
    0x40, 0x00, 0x77, 0x00, 0x38, 0x00, 0x0F, 0xC0, 0x3F, 0x00, 0x01, 0xFF, 0xFF, 0xFF, 0x00, 0x1F,
    0xFF, 0xEF, 0xE0, 0x03, 0xBF, 0xE0, 0x7C, 0x00, 0x30, 0x00, 0x01, 0x80, 0x06, 0x00, 0x00, 0x30,
    0x00, 0x80, 0x00, 0x06, 0x00, 0x30, 0x00, 0x00, 0xE0, 0x1C, 0x00, 0x00, 0x1E, 0x0F, 0x00, 0x00,
    0x01, 0xFF, 0xC0, 0x00, 0x00, 0x1F, 0xF0, 0x00, 0x00, 0x00, 0xF8, 0x00, 0x00, 0x00, 0x00, 0x00,
    0xF0, 0x00, 0x03, 0xF8, 0x00, 0x07, 0xFE, 0x00, 0x0F, 0x1F, 0x00, 0x1C, 0x07, 0x06, 0x30, 0x03,
    0x0C, 0x60, 0x03, 0x0C, 0xC0, 0x0F, 0x1F, 0x80, 0x3E, 0xFF, 0xFF, 0xFC, 0xF7, 0xFF, 0xF0, 0xE0,
    0xFF, 0xC0, 0x00, 0x00, 0xF0, 0x00, 0x00, 0x7F, 0x00, 0x00, 0x1F, 0xF8, 0x00, 0x07, 0x8F, 0x80,
    0x01, 0xC0, 0x70, 0x0C, 0x60, 0x06, 0x03, 0x18, 0x00, 0xC0, 0x66, 0x00, 0x70, 0x1F, 0x80, 0x3F,
    0x1F, 0xFF, 0xFF, 0xFF, 0xDF, 0xFF, 0xCF, 0xF0, 0x7F, 0xC0, 0x70, 0x00, 0x00, 0x00, 0x00, 0x00,
    0x00, 0x00, 0xC0, 0x00, 0x00, 0x00, 0x3C, 0x00, 0x00, 0x00, 0x07, 0x80, 0x00, 0x00, 0x00, 0x60,
    0x00, 0x00, 0x00, 0x00, 0x00, 0x00, 0x00, 0x00, 0x00, 0x00, 0x00, 0x00, 0x00, 0x00, 0x00, 0x00,
    0x00, 0x70, 0x00, 0x00, 0x00, 0x3F, 0x80, 0x00, 0x00, 0x1F, 0xF8, 0x00, 0x00, 0x07, 0x8F, 0x80,
    0x00, 0x01, 0xC0, 0x78, 0x00, 0x0C, 0x70, 0x07, 0x00, 0x03, 0x9C, 0x00, 0x40, 0x00, 0x77, 0x00,
    0x38, 0x00, 0x0F, 0xC0, 0x3F, 0x00, 0x01, 0xFF, 0xFF, 0xFF, 0x00, 0x1F, 0xFF, 0xEF, 0xE0, 0x03,
    0xBF, 0xE0, 0x7C, 0x00, 0x30, 0x00, 0x01, 0x80, 0x06, 0x00, 0x00, 0x30, 0x00, 0x80, 0x00, 0x06,
    0x00, 0x30, 0x00, 0x00, 0xE0, 0x1C, 0x00, 0x00, 0x1E, 0x0F, 0x00, 0x00, 0x01, 0xFF, 0xC0, 0x00,
    0x00, 0x1F, 0xF0, 0x00, 0x00, 0x00, 0xF8, 0x00, 0x00, 0x00, 0x00, 0x00, 0x00, 0x00, 0x0C, 0x00,
    0x00, 0x1E, 0x00, 0x00, 0x1E, 0x00, 0x00, 0x0C, 0x00, 0x00, 0x00, 0x00, 0x00, 0x00, 0x00, 0x00,
    0x00, 0x00, 0x00, 0x00, 0xF0, 0x00, 0x03, 0xF8, 0x00, 0x07, 0xFE, 0x00, 0x0F, 0x1F, 0x00, 0x1C,
    0x07, 0x06, 0x30, 0x03, 0x0C, 0x60, 0x03, 0x0C, 0xC0, 0x0F, 0x1F, 0x80, 0x3E, 0xFF, 0xFF, 0xFC,
    0xF7, 0xFF, 0xF0, 0xE0, 0xFF, 0xC0, 0x00, 0x00, 0x00, 0x00, 0x01, 0x80, 0x00, 0x00, 0x78, 0x00,
    0x00, 0x0F, 0x00, 0x00, 0x00, 0xC0, 0x00, 0x00, 0x00, 0x00, 0x00, 0x00, 0x00, 0x00, 0x00, 0x00,
    0x00, 0x00, 0x00, 0xF0, 0x00, 0x00, 0x7F, 0x00, 0x00, 0x1F, 0xF8, 0x00, 0x07, 0x8F, 0x80, 0x01,
    0xC0, 0x70, 0x0C, 0x60, 0x06, 0x03, 0x18, 0x00, 0xC0, 0x66, 0x00, 0x70, 0x1F, 0x80, 0x3F, 0x1F,
    0xFF, 0xFF, 0xFF, 0xDF, 0xFF, 0xCF, 0xF0, 0x7F, 0xC0, 0x70, 0x00, 0x00, 0x00, 0x00, 0x60, 0x00,
    0x00, 0x38, 0x00, 0x00, 0x0E, 0x00, 0x00, 0x03, 0x80, 0x00, 0x00, 0xE0, 0x00, 0x00, 0x38, 0x00,
    0x00, 0x0E, 0x00, 0x00, 0x03, 0x80, 0x00, 0x00, 0x60, 0x00, 0x00, 0x18, 0x00, 0x00, 0x06, 0x03,
    0x80, 0x01, 0x83, 0xF8, 0x00, 0x73, 0xFF, 0x00, 0x0D, 0xE3, 0xE0, 0x03, 0xE0, 0x3C, 0x00, 0xF0,
    0x07, 0x00, 0x38, 0x00, 0x80, 0x18, 0x00, 0xE1, 0xEE, 0x01, 0xF8, 0x7F, 0xFF, 0xFF, 0xC7, 0xFF,
    0xFD, 0xF0, 0x7F, 0xF8, 0x1C, 0x00, 0x00, 0x00, 0x60, 0x00, 0x07, 0x00, 0x00, 0x38, 0x00, 0x01,
    0xC0, 0x00, 0x0E, 0x00, 0x00, 0x70, 0x00, 0x03, 0x80, 0x00, 0x1C, 0x00, 0x00, 0x60, 0x00, 0x03,
    0x00, 0x00, 0x18, 0x1F, 0x00, 0xC1, 0xFC, 0x07, 0x3F, 0xF0, 0x1B, 0xC3, 0xC0, 0xF8, 0x07, 0x07,
    0x80, 0x38, 0x38, 0x01, 0x83, 0x80, 0x3C, 0x18, 0x0F, 0xCF, 0xFF, 0xF8, 0x7F, 0xFF, 0x03, 0xFF,
    0x00, 0x00, 0x00, 0x00, 0x00, 0x20, 0x00, 0x01, 0xC0, 0x00, 0x07, 0x00, 0x00, 0x1C, 0x00, 0x00,
    0x70, 0x00, 0x01, 0xC0, 0x00, 0x07, 0x00, 0x00, 0x1C, 0x00, 0x00, 0x30, 0x00, 0x00, 0xC0, 0x00,
    0x03, 0x03, 0xE0, 0x0C, 0x1F, 0xC0, 0x39, 0xFF, 0x80, 0xEF, 0x0F, 0x01, 0xF0, 0x0E, 0x07, 0x80,
    0x30, 0x1C, 0x00, 0xC0, 0xE0, 0x0E, 0x07, 0x01, 0xF8, 0xFF, 0xFF, 0xFF, 0xFF, 0xF1, 0xFF, 0xFC,
    0x01, 0xC0, 0x00, 0x00, 0x00, 0x00, 0x60, 0x00, 0x00, 0x38, 0x00, 0x00, 0x0E, 0x00, 0x00, 0x03,
    0x80, 0xC0, 0x00, 0xE0, 0x78, 0x00, 0x38, 0x1C, 0x00, 0x0E, 0x03, 0x00, 0x03, 0x80, 0x00, 0x00,
    0x60, 0x00, 0x00, 0x18, 0x00, 0x00, 0x06, 0x03, 0x80, 0x01, 0x83, 0xF8, 0x00, 0x73, 0xFF, 0x00,
    0x0D, 0xE3, 0xE0, 0x03, 0xE0, 0x3C, 0x00, 0xF0, 0x07, 0x00, 0x38, 0x00, 0x80, 0x18, 0x00, 0xE1,
    0xEE, 0x01, 0xF8, 0x7F, 0xFF, 0xFF, 0xC7, 0xFF, 0xFD, 0xF0, 0x7F, 0xF8, 0x1C, 0x00, 0x00, 0x00,
    0x60, 0x00, 0x07, 0x00, 0x00, 0x38, 0x00, 0x01, 0xC0, 0x60, 0x0E, 0x07, 0x80, 0x70, 0x3C, 0x03,
    0x80, 0xC0, 0x1C, 0x00, 0x00, 0x60, 0x00, 0x03, 0x00, 0x00, 0x18, 0x1F, 0x00, 0xC1, 0xFC, 0x07,
    0x3F, 0xF0, 0x1B, 0xC3, 0xC0, 0xF8, 0x07, 0x07, 0x80, 0x38, 0x38, 0x01, 0x83, 0x80, 0x3C, 0x18,
    0x0F, 0xCF, 0xFF, 0xF8, 0x7F, 0xFF, 0x03, 0xFF, 0x00, 0x00, 0x00, 0x00, 0x00, 0x20, 0x00, 0x01,
    0xC0, 0x00, 0x07, 0x00, 0x00, 0x1C, 0x06, 0x00, 0x70, 0x3C, 0x01, 0xC0, 0xF0, 0x07, 0x01, 0x80,
    0x1C, 0x00, 0x00, 0x30, 0x00, 0x00, 0xC0, 0x00, 0x03, 0x03, 0xE0, 0x0C, 0x1F, 0xC0, 0x39, 0xFF,
    0x80, 0xEF, 0x0F, 0x01, 0xF0, 0x0E, 0x07, 0x80, 0x30, 0x1C, 0x00, 0xC0, 0xE0, 0x0E, 0x07, 0x01,
    0xF8, 0xFF, 0xFF, 0xFF, 0xFF, 0xF1, 0xFF, 0xFC, 0x01, 0xC0, 0x0F, 0x80, 0x1F, 0xF0, 0x1F, 0xFC,
    0x1F, 0x0E, 0x07, 0x03, 0x01, 0xC1, 0x80, 0x71, 0xC0, 0x1D, 0xC0, 0x07, 0xC0, 0x03, 0xE0, 0x01,
    0xFF, 0x81, 0x9F, 0xC1, 0x83, 0xE1, 0x80, 0x00, 0xC0, 0x00, 0x60, 0x00, 0x30, 0x00, 0x18, 0x00,
    0x0E, 0x00, 0x03, 0xC0, 0x70, 0xFF, 0xF0, 0x3F, 0xE0, 0x07, 0xC0, 0x03, 0x80, 0x07, 0xE0, 0x0F,
    0xF0, 0x1C, 0x10, 0x18, 0x00, 0x18, 0x00, 0x38, 0x00, 0x3C, 0x00, 0x1E, 0x07, 0x0F, 0xFF, 0xFF,
    0xFE, 0xFF, 0xF0, 0xFF, 0x00, 0x07, 0xC0, 0x3F, 0xE0, 0xFF, 0xE3, 0xE1, 0xC7, 0x81, 0x83, 0x83,
    0x03, 0x8E, 0x03, 0xB8, 0x07, 0xE0, 0x07, 0xC3, 0xFF, 0xFF, 0xF7, 0xFF, 0x83, 0xE0, 0x00, 0x00,
    0x01, 0x80, 0x01, 0xE0, 0x00, 0xE0, 0x00, 0x30, 0x00, 0x00, 0x00, 0x00, 0x00, 0x1F, 0x00, 0x3F,
    0xE0, 0x3F, 0xF8, 0x3E, 0x1C, 0x0E, 0x06, 0x03, 0x83, 0x00, 0xE3, 0x80, 0x3B, 0x80, 0x0F, 0x80,
    0x07, 0xC0, 0x03, 0xFF, 0x03, 0x3F, 0x83, 0x07, 0xC3, 0x00, 0x01, 0x80, 0x00, 0xC0, 0x00, 0x60,
    0x00, 0x30, 0x00, 0x1C, 0x00, 0x07, 0x80, 0xE1, 0xFF, 0xE0, 0x7F, 0xC0, 0x0F, 0x80, 0x00, 0x00,
    0x03, 0x80, 0x03, 0x80, 0x03, 0x80, 0x01, 0x00, 0x00, 0x00, 0x00, 0x00, 0x03, 0x80, 0x07, 0xE0,
    0x0F, 0xF0, 0x1C, 0x10, 0x18, 0x00, 0x18, 0x00, 0x38, 0x00, 0x3C, 0x00, 0x1E, 0x07, 0x0F, 0xFF,
    0xFF, 0xFE, 0xFF, 0xF0, 0xFF, 0x00, 0x00, 0x00, 0x07, 0x00, 0x1F, 0x00, 0x1C, 0x00, 0x10, 0x00,
    0x00, 0x00, 0x00, 0x03, 0xE0, 0x1F, 0xF0, 0x7F, 0xF1, 0xF0, 0xE3, 0xC0, 0xC1, 0xC1, 0x81, 0xC7,
    0x01, 0xDC, 0x03, 0xF0, 0x03, 0xE1, 0xFF, 0xFF, 0xFB, 0xFF, 0xC1, 0xF0, 0x00, 0x00, 0x00, 0x00,
    0x00, 0x0C, 0x00, 0x00, 0x07, 0x80, 0x00, 0x01, 0xE0, 0x00, 0x00, 0x30, 0x00, 0x00, 0x00, 0x00,
    0x00, 0x00, 0x00, 0x00, 0x01, 0xE0, 0x00, 0x00, 0xFC, 0x00, 0x00, 0x7F, 0x00, 0x00, 0x3C, 0xE3,
    0x00, 0x0E, 0x18, 0xC0, 0x03, 0x06, 0x30, 0x00, 0xC0, 0x8C, 0x00, 0x30, 0x63, 0x80, 0x0F, 0x70,
    0xF8, 0x01, 0xFC, 0x1F, 0xFF, 0xFF, 0xE3, 0xFF, 0xFF, 0xFC, 0x3F, 0xFC, 0x3F, 0x00, 0x00, 0x18,
    0x01, 0xE0, 0x0F, 0x00, 0x30, 0x00, 0x00, 0x00, 0x00, 0x70, 0x07, 0xC0, 0x7F, 0x03, 0x3C, 0x30,
    0xE1, 0x83, 0x0C, 0x1C, 0x60, 0xE3, 0xFF, 0x0F, 0xF8, 0x3C, 0xC0, 0x06, 0x01, 0xF7, 0xFF, 0x7F,
    0xE3, 0xF8, 0x00, 0x00, 0x00, 0x0C, 0x00, 0x78, 0x01, 0xE0, 0x03, 0x00, 0x00, 0x00, 0x00, 0x00,
    0xE0, 0x0F, 0xC0, 0x7F, 0x01, 0xCE, 0x0E, 0x18, 0x30, 0x60, 0xC1, 0x83, 0x06, 0x0E, 0x38, 0x1F,
    0xC3, 0xFF, 0xFF, 0xFF, 0xFE, 0x3F, 0x00, 0x04, 0x00, 0x1C, 0xE0, 0x03, 0xEF, 0x00, 0x1C, 0x60,
    0x00, 0x80, 0x00, 0x00, 0x00, 0x00, 0x38, 0x00, 0x07, 0xC0, 0x00, 0xFE, 0x00, 0x1C, 0xF0, 0x01,
    0x87, 0x00, 0x10, 0x38, 0x03, 0x03, 0x80, 0x30, 0x18, 0x01, 0xC1, 0xC0, 0x1F, 0xFE, 0xC0, 0xFF,
    0xFC, 0x03, 0xFF, 0xC0, 0x00, 0xCC, 0x00, 0x08, 0xC0, 0x01, 0x8C, 0x00, 0x30, 0xE0, 0x07, 0x07,
    0x03, 0xE0, 0x7F, 0xFC, 0x03, 0xFF, 0x00, 0x0F, 0x80, 0x00, 0x00, 0x40, 0x67, 0x0F, 0x38, 0x39,
    0x80, 0x80, 0x00, 0x00, 0x0E, 0x00, 0xF8, 0x0F, 0xE0, 0x67, 0x86, 0x1C, 0x30, 0x61, 0x83, 0x8C,
    0x1C, 0x7F, 0xE1, 0xFF, 0x07, 0x98, 0x00, 0xC0, 0x3E, 0xFF, 0xEF, 0xFC, 0x7F, 0x00, 0x00, 0x40,
    0x63, 0x83, 0xDE, 0x07, 0x30, 0x08, 0x00, 0x00, 0x00, 0x38, 0x03, 0xF0, 0x1F, 0xC0, 0x73, 0x83,
    0x86, 0x0C, 0x18, 0x30, 0x60, 0xC1, 0x83, 0x8E, 0x07, 0xF0, 0xFF, 0xFF, 0xFF, 0xFF, 0x8F, 0xC0,
    0x00, 0x00, 0x00, 0x00, 0x00, 0x40, 0x00, 0x01, 0x80, 0x00, 0x03, 0x00, 0x00, 0x06, 0x00, 0x00,
    0x0C, 0x00, 0x00, 0x18, 0x00, 0x00, 0x30, 0x00, 0x00, 0x60, 0x00, 0x00, 0xC0, 0x01, 0x81, 0x80,
    0x06, 0x03, 0x00, 0x08, 0x06, 0x00, 0x1E, 0x0C, 0x00, 0x04, 0x18, 0x00, 0x70, 0x30, 0xC0, 0x00,
    0x61, 0x80, 0x00, 0xC3, 0x00, 0x01, 0x87, 0x00, 0x07, 0x07, 0xFF, 0xFF, 0xEF, 0xFF, 0xF7, 0xC7,
    0xFF, 0x03, 0x80, 0x00, 0x08, 0x00, 0xF0, 0x1F, 0x81, 0xFC, 0x1F, 0xC0, 0xF8, 0x07, 0x80, 0x18,
    0x00, 0xF0, 0x01, 0xF0, 0x07, 0xE0, 0x03, 0xE0, 0x03, 0xC0, 0x07, 0x00, 0x0E, 0x00, 0x18, 0x00,
    0x30, 0x00, 0x80, 0x3E, 0x3F, 0xF0, 0xFF, 0x83, 0xF0, 0x00, 0x00, 0x00, 0x00, 0x0C, 0x00, 0x3E,
    0x00, 0xFC, 0x03, 0xF8, 0x1F, 0xC0, 0x3F, 0x00, 0x7C, 0x00, 0xE0, 0x00, 0x70, 0x00, 0x7C, 0x00,
    0x1F, 0x00, 0x0F, 0x80, 0x03, 0xC0, 0x01, 0xE0, 0x00, 0xE0, 0x00, 0x70, 0x00, 0x30, 0x00, 0x70,
    0x03, 0xF8, 0xFF, 0xFF, 0xFF, 0x9F, 0xFC, 0x07, 0x00, 0x00, 0x00, 0x07, 0x00, 0x01, 0xC0, 0x00,
    0x70, 0x00, 0x1C, 0x00, 0x07, 0x00, 0x01, 0xC0, 0x00, 0x70, 0x00, 0x1C, 0x00, 0x03, 0x00, 0x00,
    0xC0, 0x00, 0x38, 0x00, 0x0E, 0x00, 0x03, 0x80, 0x00, 0xE0, 0x00, 0x18, 0x00, 0x06, 0x00, 0x01,
    0x80, 0x00, 0x60, 0x00, 0x1C, 0x00, 0x07, 0xF0, 0x00, 0xFC, 0x00, 0x3F, 0x00, 0x0C, 0xC0, 0x03,
    0x30, 0x00, 0x8C, 0x00, 0x63, 0x80, 0x70, 0xF0, 0x78, 0x1F, 0xFC, 0x03, 0xFE, 0x00, 0x3E, 0x00,
    0x00, 0xCE, 0x73, 0x8C, 0x63, 0x18, 0xC6, 0x31, 0x8C, 0x21, 0x08, 0x42, 0x3F, 0xFB, 0x80, 0x00,
    0x04, 0x06, 0x03, 0x01, 0x80, 0xC0, 0x60, 0x30, 0x18, 0x0C, 0x06, 0x03, 0x00, 0x80, 0x40, 0x20,
    0x10, 0x08, 0x04, 0x02, 0x03, 0x8F, 0xFF, 0xFF, 0xCE, 0x00, 0xE0, 0x03, 0xE0, 0x0F, 0xF0, 0x3F,
    0x30, 0x7E, 0x38, 0x7C, 0x38, 0xDC, 0x1C, 0xDF, 0x1E, 0xCF, 0xFF, 0xC7, 0xFF, 0xC0, 0xF3, 0xC0,
    0x00, 0xC0, 0x00, 0xC0, 0x00, 0xE0, 0x00, 0x60, 0x00, 0x60, 0x00, 0x60, 0x00, 0x60, 0x00, 0x60,
    0x00, 0x60, 0x00, 0x00, 0x00, 0x00, 0xE0, 0x03, 0xE0, 0x0F, 0xE0, 0x18, 0xC0, 0x61, 0xC1, 0xC3,
    0x83, 0x03, 0x0F, 0xC6, 0x7F, 0xFD, 0xE7, 0xFB, 0x81, 0xE0, 0x00, 0x80, 0x07, 0x80, 0x1F, 0x80,
    0x7B, 0x01, 0xE6, 0x03, 0x8E, 0x0E, 0x1C, 0x1C, 0x1C, 0x3E, 0x39, 0xFF, 0xFF, 0xFF, 0xFF, 0x9F,
    0x30, 0x00, 0x00, 0x00, 0xC0, 0x00, 0x78, 0x00, 0x1C, 0x00, 0x02, 0x00, 0x00, 0x00, 0x00, 0x00,
    0x60, 0x00, 0x38, 0x00, 0x0E, 0x00, 0x03, 0x80, 0x00, 0xFF, 0x00, 0x1F, 0xC0, 0x07, 0xF0, 0x00,
    0xCC, 0x00, 0x33, 0x00, 0x08, 0xC0, 0x06, 0x38, 0x07, 0x0F, 0x07, 0x81, 0xFF, 0xC0, 0x3F, 0xE0,
    0x03, 0xE0, 0x00, 0x00, 0x0C, 0x1E, 0x1E, 0x0C, 0x00, 0x00, 0x00, 0x06, 0x06, 0x0E, 0x07, 0x07,
    0x07, 0x03, 0x03, 0x07, 0xFE, 0xFC, 0xF0, 0x00, 0x00, 0x80, 0x3C, 0x0F, 0x80, 0xE0, 0x00, 0x00,
    0x00, 0x00, 0x01, 0x00, 0x60, 0x18, 0x03, 0x00, 0xE1, 0xFF, 0xFE, 0xFF, 0x8F, 0x00, 0x00, 0x02,
    0x00, 0x18, 0x00, 0xE0, 0x0F, 0x80, 0x7E, 0x03, 0x98, 0x18, 0x60, 0x41, 0x83, 0x06, 0x0F, 0x08,
    0x1F, 0xE0, 0x3E, 0xF8, 0x19, 0xF0, 0x03, 0xC0, 0x02, 0x00, 0x03, 0x80, 0x07, 0xE0, 0x0F, 0xF0,
    0x1F, 0xF8, 0x18, 0xDC, 0x18, 0x6E, 0x10, 0x6E, 0x18, 0x67, 0x1C, 0xC3, 0x1F, 0xC3, 0x0F, 0xC3,
    0x7F, 0xFB, 0xFF, 0xFE, 0xF8, 0x7E, 0x00, 0x00, 0x00, 0x00, 0x03, 0x00, 0x1E, 0x00, 0xF8, 0x07,
    0xE0, 0x1B, 0x80, 0xEE, 0x03, 0x18, 0x1C, 0x60, 0x61, 0x81, 0x86, 0x06, 0x70, 0xFF, 0xFF, 0xFF,
    0xFF, 0xFF, 0xDE, 0x3C, 0x18, 0x38, 0x70, 0x61, 0xE1, 0x83, 0xFE, 0x07, 0xF0, 0x0F, 0x80, 0x03,
    0x80, 0x0F, 0x80, 0x3F, 0x80, 0x63, 0x81, 0x83, 0x03, 0x07, 0x06, 0x06, 0x0C, 0x0C, 0x1C, 0x18,
    0x3F, 0xFC, 0x3F, 0xF8, 0x1F, 0xF0, 0x01, 0x80, 0x06, 0x00, 0x1C, 0x00, 0x70, 0xFF, 0xE0, 0xFF,
    0x80, 0x7C, 0x00, 0x00, 0x00, 0x00, 0x00, 0x7F, 0xF0, 0x03, 0xFF, 0x80, 0x1F, 0xFC, 0x00, 0x7C,
    0x60, 0x00, 0xF3, 0x00, 0x01, 0x98, 0x00, 0x0C, 0xE0, 0x01, 0xE3, 0xC0, 0x7E, 0x1F, 0xFF, 0xC0,
    0x7F, 0xF8, 0x00, 0xFE, 0x00, 0x00, 0x00, 0x00, 0x00, 0x00, 0x7F, 0xF0, 0x03, 0xFF, 0x80, 0x1F,
    0xFC, 0x00, 0x7C, 0x60, 0x00, 0xF3, 0x00, 0x01, 0x98, 0x00, 0x0C, 0xE0, 0x01, 0xE3, 0xC0, 0x7E,
    0x1F, 0xFF, 0xC0, 0x7F, 0xF8, 0x00, 0xFE, 0x00, 0x00, 0x00, 0x00, 0x01, 0x80, 0x01, 0x9E, 0x00,
    0x1E, 0xE0, 0x00, 0x63, 0x00, 0x00, 0x00, 0x00, 0x00, 0x80, 0x30, 0x06, 0x01, 0xE0, 0x1C, 0x03,
    0x80, 0x70, 0x06, 0x00, 0xC0, 0x7B, 0xFE, 0x7F, 0x8F, 0x80, 0x00, 0x00, 0x00, 0x84, 0x39, 0xCF,
    0x38, 0xE2, 0x00, 0x00, 0x00, 0x40, 0x06, 0x00, 0x60, 0x03, 0x00, 0x38, 0x7F, 0xFF, 0xFB, 0xFF,
    0x07, 0x00, 0x00, 0x00, 0x02, 0x10, 0x39, 0xC3, 0xDE, 0x0C, 0x20, 0x00, 0x00, 0x10, 0x40, 0x8F,
    0xF8, 0x3B, 0x3C, 0x07, 0x00, 0x00, 0xE0, 0x00, 0x1C, 0x08, 0x03, 0x83, 0xC0, 0x70, 0x7C, 0x06,
    0x07, 0xC0, 0xC0, 0x7C, 0x18, 0x01, 0xC3, 0x00, 0x1C, 0x60, 0x01, 0xC8, 0x00, 0x1F, 0x00, 0x01,
    0xE0, 0x00, 0x1C, 0x00, 0x07, 0x80, 0x01, 0xD8, 0x00, 0x71, 0x80, 0x1C, 0x30, 0x0F, 0xFE, 0x01,
    0xFF, 0xC0, 0x3F, 0xF0, 0x18, 0x40, 0x00, 0x7F, 0xC0, 0x30, 0x4F, 0x80, 0x70, 0x00, 0x00, 0x70,
    0x00, 0x00, 0x70, 0x04, 0x00, 0x70, 0x0E, 0x00, 0x70, 0x0F, 0x00, 0x70, 0x0F, 0x80, 0x70, 0x07,
    0xC0, 0xF0, 0x01, 0xC0, 0xF0, 0x00, 0xE0, 0xF0, 0x00, 0x60, 0xB0, 0x00, 0x30, 0xB0, 0x00, 0x31,
    0xB0, 0x00, 0x19, 0xB0, 0x00, 0x19, 0xB0, 0x00, 0x0F, 0x30, 0x00, 0x0F, 0x30, 0x00, 0x1F, 0x30,
    0x00, 0x7E, 0x1E, 0x07, 0xFC, 0x1F, 0x07, 0xF8, 0x0F, 0x70, 0x00, 0xF8, 0x00, 0xC0, 0x00, 0xC0,
    0x04, 0x78, 0x0E, 0xF0, 0x0E, 0x80, 0x0E, 0x00, 0x0E, 0x30, 0x0E, 0x38, 0x0E, 0x3C, 0x06, 0x3F,
    0x06, 0x1F, 0x86, 0x03, 0xC6, 0x01, 0xE6, 0x00, 0xF4, 0x00, 0x3C, 0x00, 0x1C, 0x00, 0x1C, 0x00,
    0x3C, 0x00, 0x76, 0x00, 0xE3, 0x01, 0xC3, 0x03, 0xFF, 0x07, 0xFF, 0x07, 0xFE, 0x30, 0x00, 0x03,
    0xC0, 0x00, 0x30, 0x00, 0x01, 0x80, 0x00, 0x07, 0x80, 0x18, 0x7C, 0x01, 0xC3, 0x00, 0x0E, 0x00,
    0x00, 0x70, 0x20, 0x03, 0x83, 0x80, 0x1C, 0x1E, 0x00, 0xE0, 0xF8, 0x07, 0x03, 0xE0, 0x78, 0x07,
    0x03, 0xC0, 0x1C, 0x1E, 0x00, 0x60, 0xB0, 0x01, 0x85, 0x80, 0x0C, 0x6C, 0x00, 0x33, 0x60, 0x01,
    0xBB, 0x00, 0x07, 0x98, 0x00, 0x3C, 0xC0, 0x03, 0xE6, 0x00, 0x7E, 0x1E, 0x3F, 0xE0, 0xFB, 0xFE,
    0x03, 0xC0, 0x00, 0x18, 0x00, 0x30, 0x00, 0xE0, 0x00, 0xE0, 0x01, 0x98, 0x03, 0x3C, 0x06, 0x7C,
    0x0C, 0x7C, 0x18, 0x7C, 0x30, 0x3C, 0x60, 0x1C, 0xC0, 0x1D, 0x80, 0x1F, 0x00, 0x1C, 0x00, 0x18,
    0x00, 0x78, 0x01, 0x90, 0x06, 0x30, 0x18, 0x20, 0xFF, 0xE1, 0xFF, 0x83, 0xFF, 0x00, 0x00, 0x00,
    0x00, 0x18, 0x00, 0x78, 0x01, 0x80, 0x03, 0x00, 0x03, 0xC0, 0x0F, 0x80, 0x10, 0x00, 0x00, 0x00,
    0x00, 0x00, 0x00, 0x00, 0x30, 0x00, 0x07, 0x00, 0x00, 0x70, 0x00, 0x07, 0x04, 0x00, 0x70, 0xE0,
    0x07, 0x0F, 0x00, 0x70, 0xF8, 0x07, 0x07, 0x80, 0xF0, 0x1C, 0x0F, 0x00, 0xE0, 0xF0, 0x06, 0x0B,
    0x00, 0x70, 0xB0, 0x03, 0x1B, 0x00, 0x19, 0xB0, 0x01, 0x9B, 0x00, 0x0B, 0x30, 0x00, 0xF3, 0x00,
    0x1F, 0x30, 0x07, 0xE1, 0xE7, 0xFC, 0x1F, 0xFF, 0x80, 0xF0, 0x00, 0x00, 0x00, 0x00, 0x00, 0xC0,
    0x00, 0x1E, 0x00, 0x03, 0x00, 0x00, 0x30, 0x00, 0x01, 0xE0, 0x00, 0x3C, 0x00, 0x02, 0x00, 0x00,
    0x00, 0x00, 0x00, 0x00, 0x08, 0x00, 0x38, 0x00, 0x70, 0x00, 0xE0, 0x01, 0xCC, 0x03, 0xBC, 0x07,
    0x3C, 0x06, 0x7C, 0x0C, 0x7E, 0x18, 0x1E, 0x30, 0x1E, 0x60, 0x1E, 0x80, 0x1F, 0x00, 0x1E, 0x00,
    0x1C, 0x00, 0x78, 0x01, 0xD8, 0x07, 0x18, 0x1C, 0x30, 0xFF, 0xE1, 0xFF, 0xC3, 0xFF, 0x00, 0x00,
    0x00, 0x00, 0x00, 0x30, 0x00, 0x07, 0x00, 0x00, 0x70, 0x00, 0x07, 0x04, 0x00, 0x70, 0xE0, 0x07,
    0x0F, 0x00, 0x70, 0xF8, 0x07, 0x07, 0x80, 0xF0, 0x1C, 0x0F, 0x00, 0xE0, 0xF0, 0x06, 0x0B, 0x00,
    0x30, 0xB0, 0x03, 0x1B, 0x00, 0x19, 0xB0, 0x01, 0x9B, 0x00, 0x0F, 0x30, 0x00, 0xF3, 0x00, 0x1F,
    0x30, 0x07, 0xE1, 0xE7, 0xFC, 0x1F, 0x7F, 0x80, 0xF0,
};

static const EpdGlyph ui_16_mediumGlyphs[] = {
    { 0, 0, 140, 0, 0, 0, 0 }, // U+0020
    { 5, 24, 158, 3, 24, 15, 0 }, // !
    { 10, 9, 260, 3, 24, 12, 15 }, // "
    { 21, 24, 339, 0, 24, 63, 27 }, // #
    { 19, 31, 343, 1, 28, 74, 90 }, // $
    { 26, 24, 523, 3, 24, 78, 164 }, // %
    { 21, 24, 347, 2, 24, 63, 242 }, // &
    { 4, 9, 164, 3, 24, 5, 305 }, // '
    { 8, 30, 193, 3, 26, 30, 310 }, // (
    { 8, 30, 193, 1, 26, 30, 340 }, // )
    { 14, 13, 276, 1, 24, 23, 370 }, // *
    { 17, 17, 354, 3, 18, 37, 393 }, // +
    { 7, 9, 157, 1, 3, 8, 430 }, // ,
    { 11, 3, 245, 2, 11, 5, 438 }, // -
    { 5, 5, 157, 3, 5, 4, 443 }, // .
    { 12, 29, 195, 0, 25, 44, 447 }, // /
    { 18, 24, 343, 2, 24, 54, 491 }, // 0
    { 10, 24, 219, 1, 24, 30, 545 }, // 1
    { 16, 24, 326, 2, 24, 48, 575 }, // 2
    { 18, 24, 333, 1, 24, 54, 623 }, // 3
    { 19, 24, 348, 1, 24, 57, 677 }, // 4
    { 17, 24, 320, 2, 24, 51, 734 }, // 5
    { 18, 24, 334, 2, 24, 54, 785 }, // 6
    { 16, 24, 302, 1, 24, 48, 839 }, // 7
    { 17, 24, 334, 2, 24, 51, 887 }, // 8
    { 18, 24, 334, 2, 24, 54, 938 }, // 9
    { 5, 17, 157, 3, 17, 11, 992 }, // :
    { 6, 23, 163, 2, 17, 18, 1003 }, // ;
    { 16, 19, 354, 3, 19, 38, 1021 }, // <
    { 15, 10, 354, 3, 14, 19, 1059 }, // =
    { 16, 19, 354, 4, 19, 38, 1078 }, // >
    { 15, 24, 282, 1, 24, 45, 1116 }, // ?
    { 30, 30, 524, 2, 23, 113, 1161 }, // @
    { 23, 24, 376, 0, 24, 69, 1274 }, // A
    { 18, 24, 349, 3, 24, 54, 1343 }, // B
    { 21, 24, 391, 2, 24, 63, 1397 }, // C
    { 20, 24, 383, 3, 24, 60, 1460 }, // D
    { 16, 24, 321, 3, 24, 48, 1520 }, // E
    { 15, 24, 313, 3, 24, 45, 1568 }, // F
    { 21, 24, 398, 2, 24, 63, 1613 }, // G
    { 20, 24, 395, 3, 24, 60, 1676 }, // H
    { 4, 24, 143, 3, 24, 12, 1736 }, // I
    { 15, 24, 305, 1, 24, 45, 1748 }, // J
    { 20, 24, 365, 3, 24, 60, 1793 }, // K
    { 15, 24, 300, 3, 24, 45, 1853 }, // L
    { 25, 24, 484, 3, 24, 75, 1898 }, // M
    { 20, 24, 401, 3, 24, 60, 1973 }, // N
    { 22, 24, 408, 2, 24, 66, 2033 }, // O
    { 17, 24, 341, 3, 24, 51, 2099 }, // P
    { 22, 26, 409, 2, 24, 72, 2150 }, // Q
    { 18, 24, 345, 3, 24, 54, 2222 }, // R
    { 19, 24, 343, 1, 24, 57, 2276 }, // S
    { 19, 24, 346, 1, 24, 57, 2333 }, // T
    { 19, 24, 392, 3, 24, 57, 2390 }, // U
    { 23, 24, 376, 0, 24, 69, 2447 }, // V
    { 33, 24, 532, 0, 24, 99, 2516 }, // W
    { 22, 24, 372, 0, 24, 66, 2615 }, // X
    { 22, 24, 369, 1, 24, 66, 2681 }, // Y
    { 17, 24, 340, 2, 24, 51, 2747 }, // Z
    { 7, 30, 193, 3, 26, 27, 2798 }, // [
    { 12, 29, 195, 0, 25, 44, 2825 }, // <backslash>
    { 8, 30, 193, 1, 26, 30, 2869 }, // ]
    { 15, 11, 252, 0, 24, 21, 2899 }, // ^
    { 15, 3, 247, 0, 0, 6, 2920 }, // _
    { 7, 5, 175, 2, 25, 5, 2926 }, // `
    { 15, 18, 300, 1, 18, 34, 2931 }, // a
    { 17, 24, 327, 2, 24, 51, 2965 }, // b
    { 17, 18, 305, 2, 18, 39, 3016 }, // c
    { 17, 24, 327, 2, 24, 51, 3055 }, // d
    { 17, 18, 311, 2, 18, 39, 3106 }, // e
    { 13, 25, 199, 0, 25, 41, 3145 }, // f
    { 17, 25, 328, 2, 18, 54, 3186 }, // g
    { 15, 24, 318, 2, 24, 45, 3240 }, // h
    { 4, 25, 132, 2, 25, 13, 3285 }, // i
    { 7, 31, 132, -1, 24, 28, 3298 }, // j
    { 16, 24, 296, 2, 24, 48, 3326 }, // k
    { 4, 24, 132, 2, 24, 12, 3374 }, // l
    { 25, 18, 472, 2, 18, 57, 3386 }, // m
    { 15, 18, 318, 2, 18, 34, 3443 }, // n
    { 17, 18, 319, 2, 18, 39, 3477 }, // o
    { 17, 25, 327, 2, 18, 54, 3516 }, // p
    { 17, 25, 327, 2, 18, 54, 3570 }, // q
    { 10, 18, 203, 2, 18, 23, 3624 }, // r
    { 15, 18, 284, 1, 18, 34, 3647 }, // s
    { 11, 23, 181, 0, 23, 32, 3681 }, // t
    { 15, 18, 318, 2, 18, 34, 3713 }, // u
    { 19, 18, 304, 0, 18, 43, 3747 }, // v
    { 27, 18, 439, 0, 18, 61, 3790 }, // w
    { 18, 18, 295, 0, 18, 41, 3851 }, // x
    { 19, 25, 304, 0, 18, 60, 3892 }, // y
    { 14, 18, 294, 2, 18, 32, 3952 }, // z
    { 11, 30, 233, 2, 26, 42, 3984 }, // {
    { 4, 39, 182, 4, 31, 20, 4026 }, // |
    { 11, 30, 233, 1, 26, 42, 4046 }, // }
    { 17, 6, 354, 3, 12, 13, 4088 }, // ~
    { 0, 0, 140, 0, 0, 0, 4101 }, // U+00A0
    { 5, 24, 158, 3, 18, 15, 4101 }, // U+00A1
    { 18, 15, 321, 1, 18, 34, 4116 }, // U+00AB
    { 11, 11, 242, 2, 24, 16, 4150 }, // U+00B0
    { 5, 5, 157, 3, 14, 4, 4166 }, // U+00B7
    { 14, 14, 257, 1, 25, 25, 4170 }, // U+00BA
    { 18, 15, 321, 1, 18, 34, 4195 }, // U+00BB
    { 15, 25, 282, 2, 18, 47, 4229 }, // U+00BF
    { 22, 31, 408, 2, 31, 86, 4276 }, // U+00D3
    { 19, 31, 392, 3, 31, 74, 4362 }, // U+00DA
    { 15, 25, 300, 1, 25, 47, 4436 }, // U+00E1
    { 17, 25, 311, 2, 25, 54, 4483 }, // U+00E9
    { 7, 25, 132, 2, 25, 22, 4537 }, // U+00ED
    { 15, 24, 318, 2, 24, 45, 4559 }, // U+00F1
    { 17, 25, 319, 2, 25, 54, 4604 }, // U+00F3
    { 15, 25, 318, 2, 25, 47, 4658 }, // U+00FA
    { 15, 25, 318, 2, 25, 47, 4705 }, // U+00FC
    { 5, 5, 0, 2, -2, 4, 4752 }, // U+0591
    { 6, 6, 0, 2, 28, 5, 4756 }, // U+0592
    { 5, 6, 0, 1, 28, 4, 4761 }, // U+0593
    { 2, 6, 0, 2, 28, 2, 4765 }, // U+0594
    { 5, 6, 0, 1, 28, 4, 4767 }, // U+0595
    { 6, 5, 0, 1, -2, 4, 4771 }, // U+0596
    { 5, 5, 0, 1, 26, 4, 4775 }, // U+0597
    { 7, 5, 0, 2, 27, 5, 4779 }, // U+0598
    { 5, 5, 0, 1, 26, 4, 4784 }, // U+0599
    { 5, 5, 0, 1, -3, 4, 4788 }, // U+059A
    { 4, 5, 0, 2, -2, 3, 4792 }, // U+059B
    { 6, 5, 0, 1, 26, 4, 4795 }, // U+059C
    { 6, 5, 0, 1, 26, 4, 4799 }, // U+059D
    { 10, 5, 0, 1, 26, 7, 4803 }, // U+059E
    { 12, 6, 0, 2, 27, 9, 4810 }, // U+059F
    { 6, 6, 0, 1, 27, 5, 4819 }, // U+05A0
    { 5, 4, 0, 1, 25, 3, 4824 }, // U+05A1
    { 5, 5, 0, 2, -2, 4, 4827 }, // U+05A2
    { 5, 6, 0, 1, -2, 4, 4831 }, // U+05A3
    { 5, 5, 0, 1, -3, 4, 4835 }, // U+05A4
    { 5, 5, 0, 1, -2, 4, 4839 }, // U+05A5
    { 9, 5, 0, 1, -3, 6, 4843 }, // U+05A6
    { 6, 6, 0, 1, -2, 5, 4849 }, // U+05A7
    { 5, 5, 0, 1, 26, 4, 4854 }, // U+05A8
    { 6, 6, 0, 2, 27, 5, 4858 }, // U+05A9
    { 5, 5, 0, 2, -2, 4, 4863 }, // U+05AA
    { 5, 5, 0, 1, 26, 4, 4867 }, // U+05AB
    { 5, 6, 0, 2, 27, 4, 4871 }, // U+05AC
    { 6, 5, 0, 1, -2, 4, 4875 }, // U+05AD
    { 7, 5, 0, 2, 26, 5, 4879 }, // U+05AE
    { 5, 5, 0, 2, 26, 4, 4884 }, // U+05AF
    { 2, 5, 0, 2, -2, 2, 4888 }, // U+05B0
    { 9, 5, 0, 2, -2, 6, 4890 }, // U+05B1
    { 9, 5, 0, 2, -2, 6, 4896 }, // U+05B2
    { 10, 5, 0, 2, -2, 7, 4902 }, // U+05B3
    { 2, 2, 0, 2, -2, 1, 4909 }, // U+05B4
    { 5, 2, 0, 2, -2, 2, 4910 }, // U+05B5
    { 6, 5, 0, 2, -2, 4, 4912 }, // U+05B6
    { 6, 2, 0, 2, -3, 2, 4916 }, // U+05B7
    { 6, 5, 0, 2, -3, 4, 4918 }, // U+05B8
    { 2, 2, 0, 2, 24, 1, 4922 }, // U+05B9
    { 2, 2, 0, 2, 24, 1, 4923 }, // U+05BA
    { 7, 5, 0, 2, -2, 5, 4924 }, // U+05BB
    { 2, 2, 0, 2, 11, 1, 4929 }, // U+05BC
    { 2, 5, 0, 1, -2, 2, 4930 }, // U+05BD
    { 8, 3, 173, 1, 20, 3, 4932 }, // U+05BE
    { 7, 2, 0, 2, 24, 2, 4935 }, // U+05BF
    { 3, 34, 280, 8, 26, 13, 4937 }, // U+05C0
    { 2, 2, 0, 2, 24, 1, 4950 }, // U+05C1
    { 2, 2, 0, 2, 24, 1, 4951 }, // U+05C2
    { 4, 19, 131, 2, 19, 10, 4952 }, // U+05C3
    { 2, 2, 0, 2, 24, 1, 4962 }, // U+05C4
    { 2, 2, 0, 2, -2, 1, 4963 }, // U+05C5
    { 10, 20, 212, 3, 20, 25, 4964 }, // U+05C6
    { 4, 4, 0, 2, -3, 2, 4989 }, // U+05C7
    { 19, 20, 337, 1, 20, 48, 4991 }, // U+05D0
    { 17, 20, 305, 1, 20, 43, 5039 }, // U+05D1
    { 12, 21, 199, 0, 20, 32, 5082 }, // U+05D2
    { 17, 20, 289, 1, 20, 43, 5114 }, // U+05D3
    { 18, 20, 334, 1, 20, 45, 5157 }, // U+05D4
    { 8, 20, 161, 0, 20, 20, 5202 }, // U+05D5
    { 10, 20, 176, 1, 20, 25, 5222 }, // U+05D6
    { 19, 20, 353, 1, 20, 48, 5247 }, // U+05D7
    { 18, 20, 338, 2, 20, 45, 5295 }, // U+05D8
    { 8, 12, 157, 0, 20, 12, 5340 }, // U+05D9
    { 16, 26, 291, 1, 20, 52, 5352 }, // U+05DA
    { 15, 20, 275, 1, 20, 38, 5404 }, // U+05DB
    { 16, 26, 278, 1, 26, 52, 5442 }, // U+05DC
    { 20, 20, 365, 1, 20, 50, 5494 }, // U+05DD
    { 21, 20, 352, 1, 20, 53, 5544 }, // U+05DE
    { 8, 26, 175, 0, 20, 26, 5597 }, // U+05DF
    { 10, 20, 202, 1, 20, 25, 5623 }, // U+05E0
    { 20, 20, 343, 1, 20, 50, 5648 }, // U+05E1
    { 18, 22, 316, 1, 21, 50, 5698 }, // U+05E2
    { 17, 26, 331, 2, 20, 56, 5748 }, // U+05E3
    { 17, 20, 320, 2, 20, 43, 5804 }, // U+05E4
    { 17, 26, 282, 0, 20, 56, 5847 }, // U+05E5
    { 16, 20, 296, 1, 20, 40, 5903 }, // U+05E6
    { 18, 26, 334, 2, 20, 59, 5943 }, // U+05E7
    { 15, 20, 279, 1, 20, 38, 6002 }, // U+05E8
    { 21, 20, 389, 2, 20, 53, 6040 }, // U+05E9
    { 20, 20, 365, 1, 20, 50, 6093 }, // U+05EA
    { 19, 18, 338, 0, 26, 43, 6143 }, // U+05EF
    { 17, 20, 314, 0, 20, 43, 6186 }, // U+05F0
    { 18, 20, 321, 0, 20, 45, 6229 }, // U+05F1
    { 18, 12, 319, 0, 20, 27, 6274 }, // U+05F2
    { 6, 9, 99, 0, 20, 7, 6301 }, // U+05F3
    { 12, 9, 195, 0, 20, 14, 6308 }, // U+05F4
    { 36, 9, 607, 1, 8, 41, 6322 }, // U+0600
    { 53, 9, 877, 1, 1, 60, 6363 }, // U+0601
    { 39, 8, 657, 2, 7, 39, 6423 }, // U+0602
    { 34, 11, 577, 1, 7, 47, 6462 }, // U+0603
    { 76, 20, 1238, 1, 15, 190, 6509 }, // U+0604
    { 34, 6, 533, 0, 32, 26, 6699 }, // U+0605
    { 19, 24, 287, -1, 23, 57, 6725 }, // U+0606
    { 19, 24, 287, 0, 24, 57, 6782 }, // U+0607
    { 29, 23, 530, 2, 14, 84, 6839 }, // U+0608
    { 17, 19, 295, 1, 17, 41, 6923 }, // U+0609
    { 23, 19, 386, 1, 17, 55, 6964 }, // U+060A
    { 13, 34, 224, -1, 23, 56, 7019 }, // U+060B
    { 5, 9, 113, 1, 7, 6, 7075 }, // U+060C
    { 7, 12, 160, 1, 6, 11, 7081 }, // U+060D
    { 26, 11, 455, 2, 11, 36, 7092 }, // U+060E
    { 18, 28, 346, 1, 18, 63, 7128 }, // U+060F
    { 7, 8, 0, 0, 32, 7, 7191 }, // U+0610
    { 9, 7, 0, 0, 32, 8, 7198 }, // U+0611
    { 9, 7, 0, 0, 32, 8, 7206 }, // U+0612
    { 10, 10, 0, 0, 34, 13, 7214 }, // U+0613
    { 13, 4, 0, -1, 28, 7, 7227 }, // U+0614
    { 8, 7, 0, 0, 42, 7, 7234 }, // U+0615
    { 13, 11, 0, -1, 46, 18, 7241 }, // U+0616
    { 5, 10, 0, 0, 45, 7, 7259 }, // U+0617
    { 5, 4, 0, -1, 28, 3, 7266 }, // U+0618
    { 5, 5, 0, 0, 30, 4, 7269 }, // U+0619
    { 5, 4, 0, 0, -1, 3, 7273 }, // U+061A
    { 5, 18, 113, 1, 15, 12, 7276 }, // U+061B
    { 0, 0, 0, 0, 0, 0, 7288 }, // U+061C
    { 12, 18, 230, 1, 18, 27, 7288 }, // U+061D
    { 10, 10, 190, 1, 7, 13, 7315 }, // U+061E
    { 11, 22, 227, 2, 19, 31, 7328 }, // U+061F
    { 16, 20, 290, 2, 11, 40, 7359 }, // U+0620
    { 13, 12, 233, 1, 10, 20, 7399 }, // U+0621
    { 10, 28, 127, -2, 27, 35, 7419 }, // U+0622
    { 5, 31, 127, 1, 30, 20, 7454 }, // U+0623
    { 13, 26, 250, 1, 19, 43, 7474 }, // U+0624
    { 5, 32, 127, 2, 23, 20, 7517 }, // U+0625
    { 18, 20, 330, 2, 11, 45, 7537 }, // U+0626
    { 4, 23, 127, 2, 23, 12, 7582 }, // U+0627
    { 22, 21, 412, 2, 14, 58, 7594 }, // U+0628
    { 11, 20, 218, 1, 20, 28, 7652 }, // U+0629
    { 22, 16, 412, 2, 16, 44, 7680 }, // U+062A
    { 22, 18, 412, 2, 18, 50, 7724 }, // U+062B
    { 19, 22, 339, 2, 12, 53, 7774 }, // U+062C
    { 19, 22, 339, 2, 12, 53, 7827 }, // U+062D
    { 19, 29, 339, 2, 19, 69, 7880 }, // U+062E
    { 12, 14, 221, 1, 14, 21, 7949 }, // U+062F
    { 12, 21, 221, 1, 21, 32, 7970 }, // U+0630
    { 13, 19, 206, -1, 12, 31, 8002 }, // U+0631
    { 13, 25, 206, -1, 18, 41, 8033 }, // U+0632
    { 30, 21, 540, 2, 12, 79, 8074 }, // U+0633
    { 30, 27, 540, 2, 18, 102, 8153 }, // U+0634
    { 33, 21, 584, 2, 12, 87, 8255 }, // U+0635
    { 33, 29, 584, 2, 20, 120, 8342 }, // U+0636
    { 24, 23, 410, 1, 23, 69, 8462 }, // U+0637
    { 24, 23, 410, 1, 23, 69, 8531 }, // U+0638
    { 19, 25, 322, 2, 15, 60, 8600 }, // U+0639
    { 19, 32, 322, 2, 22, 76, 8660 }, // U+063A
    { 21, 23, 385, 2, 23, 61, 8736 }, // U+063B
    { 21, 31, 385, 2, 22, 82, 8797 }, // U+063C
    { 18, 20, 330, 2, 11, 45, 8879 }, // U+063D
    { 21, 20, 330, -1, 11, 53, 8924 }, // U+063E
    { 20, 20, 330, 0, 11, 50, 8977 }, // U+063F
    { 8, 3, 112, 0, 3, 3, 9027 }, // U+0640
    { 25, 23, 452, 2, 23, 72, 9030 }, // U+0641
    { 18, 27, 345, 2, 18, 61, 9102 }, // U+0642
    { 16, 23, 298, 1, 23, 46, 9163 }, // U+0643
    { 16, 32, 317, 2, 23, 64, 9209 }, // U+0644
    { 13, 22, 261, 2, 12, 36, 9273 }, // U+0645
    { 16, 22, 312, 2, 13, 44, 9309 }, // U+0646
    { 19, 16, 336, 0, 15, 38, 9353 }, // U+0647
    { 13, 18, 250, 1, 11, 30, 9391 }, // U+0648
    { 18, 20, 330, 2, 11, 45, 9421 }, // U+0649
    { 18, 26, 330, 2, 11, 59, 9466 }, // U+064A
    { 7, 8, 0, 1, 32, 7, 9525 }, // U+064B
    { 9, 7, 0, -1, 31, 8, 9532 }, // U+064C
    { 7, 6, 0, 1, -1, 6, 9540 }, // U+064D
    { 7, 6, 0, 0, 30, 6, 9546 }, // U+064E
    { 7, 6, 0, 1, 31, 6, 9552 }, // U+064F
    { 7, 5, 0, 0, -1, 5, 9558 }, // U+0650
    { 7, 7, 0, 0, 31, 7, 9563 }, // U+0651
    { 4, 6, 0, 0, 30, 3, 9570 }, // U+0652
    { 11, 4, 0, -1, 28, 6, 9573 }, // U+0653
    { 5, 8, 0, 0, 32, 5, 9579 }, // U+0654
    { 5, 8, 0, 0, -1, 5, 9584 }, // U+0655
    { 2, 9, 0, 0, 0, 3, 9589 }, // U+0656
    { 8, 7, 0, -1, 31, 7, 9592 }, // U+0657
    { 7, 5, 0, 0, 30, 5, 9599 }, // U+0658
    { 9, 3, 0, -1, 28, 4, 9604 }, // U+0659
    { 7, 7, 0, 0, 31, 7, 9608 }, // U+065A
    { 6, 6, 0, 0, 30, 5, 9615 }, // U+065B
    { 5, 5, 0, 0, -1, 4, 9620 }, // U+065C
    { 8, 6, 0, -1, 31, 6, 9624 }, // U+065D
    { 8, 7, 0, -1, 31, 7, 9630 }, // U+065E
    { 8, 8, 0, -1, 0, 8, 9637 }, // U+065F
    { 6, 7, 167, 2, 11, 6, 9645 }, // U+0660
    { 6, 19, 169, 2, 19, 15, 9651 }, // U+0661
    { 10, 20, 220, 3, 20, 25, 9666 }, // U+0662
    { 13, 20, 255, 2, 20, 33, 9691 }, // U+0663
    { 11, 20, 224, 2, 20, 28, 9724 }, // U+0664
    { 10, 15, 204, 2, 17, 19, 9752 }, // U+0665
    { 13, 20, 237, 0, 20, 33, 9771 }, // U+0666
    { 14, 19, 232, 0, 19, 34, 9804 }, // U+0667
    { 14, 19, 232, 0, 19, 34, 9838 }, // U+0668
    { 11, 21, 231, 1, 20, 29, 9872 }, // U+0669
    { 11, 19, 214, 1, 17, 27, 9901 }, // U+066A
    { 7, 15, 118, -1, 7, 14, 9928 }, // U+066B
    { 7, 15, 118, 0, 20, 14, 9942 }, // U+066C
    { 13, 13, 213, 0, 14, 22, 9956 }, // U+066D
    { 22, 14, 412, 2, 14, 39, 9978 }, // U+066E
    { 18, 20, 345, 2, 11, 45, 10017 }, // U+066F
    { 2, 10, 0, 0, 34, 3, 10062 }, // U+0670
    { 9, 30, 127, -1, 30, 34, 10065 }, // U+0671
    { 8, 31, 127, 0, 31, 31, 10099 }, // U+0672
    { 8, 33, 127, 0, 23, 33, 10130 }, // U+0673
    { 13, 12, 233, 1, 18, 20, 10163 }, // U+0674
    { 20, 24, 360, 2, 24, 60, 10183 }, // U+0675
    { 29, 24, 483, 1, 17, 87, 10243 }, // U+0676
    { 29, 28, 483, 1, 21, 102, 10330 }, // U+0677
    { 33, 26, 563, 2, 17, 108, 10432 }, // U+0678
    { 22, 18, 412, 2, 18, 50, 10540 }, // U+0679
    { 22, 19, 412, 2, 19, 53, 10590 }, // U+067A
    { 22, 24, 412, 2, 14, 66, 10643 }, // U+067B
    { 22, 19, 412, 2, 16, 53, 10709 }, // U+067C
    { 22, 17, 412, 2, 17, 47, 10762 }, // U+067D
    { 22, 23, 412, 2, 14, 64, 10809 }, // U+067E
    { 22, 18, 412, 2, 18, 50, 10873 }, // U+067F
    { 22, 22, 412, 2, 14, 61, 10923 }, // U+0680
    { 19, 30, 339, 2, 20, 72, 10984 }, // U+0681
    { 19, 32, 339, 2, 22, 76, 11056 }, // U+0682
    { 19, 22, 339, 2, 12, 53, 11132 }, // U+0683
    { 19, 22, 339, 2, 12, 53, 11185 }, // U+0684
    { 19, 31, 339, 2, 21, 74, 11238 }, // U+0685
    { 19, 22, 339, 2, 12, 53, 11312 }, // U+0686
    { 19, 22, 339, 2, 12, 53, 11365 }, // U+0687
    { 11, 22, 221, 1, 22, 31, 11418 }, // U+0688
    { 12, 17, 221, 1, 14, 26, 11449 }, // U+0689
    { 12, 21, 221, 1, 14, 32, 11475 }, // U+068A
    { 11, 29, 221, 1, 22, 40, 11507 }, // U+068B
    { 12, 20, 221, 1, 20, 30, 11547 }, // U+068C
    { 12, 21, 221, 1, 14, 32, 11577 }, // U+068D
    { 12, 22, 221, 1, 22, 33, 11609 }, // U+068E
    { 12, 22, 221, 1, 22, 33, 11642 }, // U+068F
    { 12, 22, 221, 1, 22, 33, 11675 }, // U+0690
    { 13, 27, 206, -1, 20, 44, 11708 }, // U+0691
    { 13, 26, 206, -1, 19, 43, 11752 }, // U+0692
    { 13, 21, 206, -1, 12, 35, 11795 }, // U+0693
    { 13, 26, 206, -1, 12, 43, 11830 }, // U+0694
    { 13, 27, 206, -2, 12, 44, 11873 }, // U+0695
    { 13, 26, 206, -1, 12, 43, 11917 }, // U+0696
    { 13, 25, 206, -1, 18, 41, 11960 }, // U+0697
    { 13, 27, 206, -1, 20, 44, 12001 }, // U+0698
    { 13, 27, 206, -1, 20, 44, 12045 }, // U+0699
    { 30, 25, 540, 2, 16, 94, 12089 }, // U+069A
    { 30, 21, 540, 2, 12, 79, 12183 }, // U+069B
    { 30, 27, 540, 2, 18, 102, 12262 }, // U+069C
    { 33, 21, 584, 2, 12, 87, 12364 }, // U+069D
    { 33, 30, 584, 2, 21, 124, 12451 }, // U+069E
    { 24, 23, 410, 1, 23, 69, 12575 }, // U+069F
    { 19, 34, 322, 2, 24, 81, 12644 }, // U+06A0
    { 25, 16, 452, 2, 16, 50, 12725 }, // U+06A1
    { 25, 23, 452, 2, 16, 72, 12775 }, // U+06A2
    { 25, 30, 452, 2, 23, 94, 12847 }, // U+06A3
    { 25, 25, 452, 2, 25, 79, 12941 }, // U+06A4
    { 25, 24, 452, 2, 16, 75, 13020 }, // U+06A5
    { 25, 24, 452, 2, 24, 75, 13095 }, // U+06A6
    { 18, 27, 345, 2, 18, 61, 13170 }, // U+06A7
    { 18, 29, 345, 2, 20, 66, 13231 }, // U+06A8
    { 21, 22, 385, 2, 22, 58, 13297 }, // U+06A9
    { 32, 17, 541, 1, 17, 68, 13355 }, // U+06AA
    { 21, 23, 385, 2, 23, 61, 13423 }, // U+06AB
    { 16, 23, 298, 1, 23, 46, 13484 }, // U+06AC
    { 16, 23, 298, 1, 23, 46, 13530 }, // U+06AD
    { 16, 32, 298, 1, 23, 64, 13576 }, // U+06AE
    { 21, 26, 385, 2, 26, 69, 13640 }, // U+06AF
    { 21, 26, 385, 2, 26, 69, 13709 }, // U+06B0
    { 21, 26, 385, 2, 26, 69, 13778 }, // U+06B1
    { 21, 33, 385, 2, 26, 87, 13847 }, // U+06B2
    { 21, 36, 385, 2, 26, 95, 13934 }, // U+06B3
    { 21, 28, 385, 2, 28, 74, 14029 }, // U+06B4
    { 16, 39, 317, 2, 30, 78, 14103 }, // U+06B5
    { 16, 38, 317, 2, 29, 76, 14181 }, // U+06B6
    { 17, 39, 317, 2, 30, 83, 14257 }, // U+06B7
    { 16, 40, 317, 2, 23, 80, 14340 }, // U+06B8
    { 16, 29, 312, 2, 13, 58, 14420 }, // U+06B9
    { 16, 17, 312, 2, 8, 34, 14478 }, // U+06BA
    { 16, 23, 312, 2, 14, 46, 14512 }, // U+06BB
    { 16, 25, 312, 2, 13, 50, 14558 }, // U+06BC
    { 16, 23, 312, 2, 14, 46, 14608 }, // U+06BD
    { 19, 16, 336, 0, 15, 38, 14654 }, // U+06BE
    { 19, 29, 339, 2, 19, 69, 14692 }, // U+06BF
    { 10, 21, 218, 2, 21, 27, 14761 }, // U+06C0
    { 10, 14, 218, 2, 14, 18, 14788 }, // U+06C1
    { 10, 21, 218, 2, 21, 27, 14806 }, // U+06C2
    { 11, 20, 218, 1, 20, 28, 14833 }, // U+06C3
    { 14, 19, 250, 0, 11, 34, 14861 }, // U+06C4
    { 14, 19, 250, 0, 11, 34, 14895 }, // U+06C5
    { 13, 26, 250, 1, 19, 43, 14929 }, // U+06C6
    { 13, 28, 250, 1, 21, 46, 14972 }, // U+06C7
    { 13, 34, 250, 1, 27, 56, 15018 }, // U+06C8
    { 13, 26, 250, 1, 19, 43, 15074 }, // U+06C9
    { 13, 25, 250, 1, 18, 41, 15117 }, // U+06CA
    { 13, 27, 250, 1, 20, 44, 15158 }, // U+06CB
    { 18, 20, 330, 2, 11, 45, 15202 }, // U+06CC
    { 23, 20, 330, -3, 11, 58, 15247 }, // U+06CD
    { 20, 20, 330, 0, 11, 50, 15305 }, // U+06CE
    { 13, 25, 250, 1, 18, 41, 15355 }, // U+06CF
    { 18, 29, 330, 2, 11, 66, 15396 }, // U+06D0
    { 18, 28, 330, 2, 11, 63, 15462 }, // U+06D1
    { 23, 11, 412, 2, 11, 32, 15525 }, // U+06D2
    { 23, 18, 412, 2, 18, 52, 15557 }, // U+06D3
    { 8, 3, 130, 0, 3, 3, 15609 }, // U+06D4
    { 10, 14, 218, 2, 14, 18, 15612 }, // U+06D5
    { 17, 11, 0, 0, 46, 24, 15630 }, // U+06D6
    { 13, 11, 0, -1, 46, 18, 15654 }, // U+06D7
    { 9, 7, 0, 0, 42, 8, 15672 }, // U+06D8
    { 7, 9, 0, -1, 44, 8, 15680 }, // U+06D9
    { 9, 8, 0, 0, 43, 9, 15688 }, // U+06DA
    { 7, 7, 0, 0, 41, 7, 15697 }, // U+06DB
    { 12, 8, 0, 0, 43, 12, 15704 }, // U+06DC
    { 38, 46, 672, 2, 36, 219, 15716 }, // U+06DD
    { 31, 31, 491, 0, 24, 121, 15935 }, // U+06DE
    { 5, 4, 0, 0, 29, 3, 16056 }, // U+06DF
    { 5, 6, 0, 0, 31, 4, 16059 }, // U+06E0
    { 7, 6, 0, -1, 31, 6, 16063 }, // U+06E1
    { 5, 9, 0, 0, 33, 6, 16069 }, // U+06E2
    { 12, 8, 0, 0, -1, 12, 16075 }, // U+06E3
    { 11, 4, 0, -1, 28, 6, 16087 }, // U+06E4
    { 6, 8, 109, 0, 6, 6, 16093 }, // U+06E5
    { 10, 4, 157, 0, 4, 5, 16099 }, // U+06E6
    { 9, 4, 0, 0, 29, 5, 16104 }, // U+06E7
    { 6, 8, 0, 0, 43, 6, 16109 }, // U+06E8
    { 17, 24, 272, 0, 22, 51, 16115 }, // U+06E9
    { 5, 5, 0, 0, -1, 4, 16166 }, // U+06EA
    { 5, 6, 0, 0, 30, 4, 16170 }, // U+06EB
    { 5, 5, 0, 0, 30, 4, 16174 }, // U+06EC
    { 5, 9, 0, 0, -1, 6, 16178 }, // U+06ED
    { 12, 21, 221, 1, 21, 32, 16184 }, // U+06EE
    { 13, 25, 206, -1, 18, 41, 16216 }, // U+06EF
    { 6, 7, 167, 2, 11, 6, 16257 }, // U+06F0
    { 6, 19, 169, 2, 19, 15, 16263 }, // U+06F1
    { 10, 20, 220, 3, 20, 25, 16278 }, // U+06F2
    { 13, 20, 255, 2, 20, 33, 16303 }, // U+06F3
    { 13, 20, 248, 2, 20, 33, 16336 }, // U+06F4
    { 12, 20, 242, 2, 20, 30, 16369 }, // U+06F5
    { 13, 19, 237, 1, 19, 31, 16399 }, // U+06F6
    { 14, 19, 232, 0, 19, 34, 16430 }, // U+06F7
    { 14, 19, 232, 0, 19, 34, 16464 }, // U+06F8
    { 11, 21, 231, 1, 20, 29, 16498 }, // U+06F9
    { 30, 27, 540, 2, 18, 102, 16527 }, // U+06FA
    { 33, 29, 584, 2, 20, 120, 16629 }, // U+06FB
    { 19, 32, 322, 2, 22, 76, 16749 }, // U+06FC
    { 13, 20, 233, 1, 10, 33, 16825 }, // U+06FD
    { 14, 22, 261, 2, 12, 39, 16858 }, // U+06FE
    { 19, 24, 336, 0, 23, 57, 16897 }, // U+06FF
    { 22, 20, 412, 2, 14, 55, 16954 }, // U+0750
    { 22, 25, 412, 2, 18, 69, 17009 }, // U+0751
    { 22, 23, 412, 2, 14, 64, 17078 }, // U+0752
    { 22, 25, 412, 2, 16, 69, 17142 }, // U+0753
    { 22, 23, 412, 2, 16, 64, 17211 }, // U+0754
    { 22, 22, 412, 2, 14, 61, 17275 }, // U+0755
    { 22, 17, 412, 2, 17, 47, 17336 }, // U+0756
    { 19, 29, 339, 2, 19, 69, 17383 }, // U+0757
    { 19, 22, 339, 2, 12, 53, 17452 }, // U+0758
    { 11, 32, 221, 1, 22, 44, 17505 }, // U+0759
    { 12, 22, 221, 1, 14, 33, 17549 }, // U+075A
    { 13, 19, 206, -1, 12, 31, 17582 }, // U+075B
    { 30, 26, 540, 2, 17, 98, 17613 }, // U+075C
    { 19, 32, 322, 2, 22, 76, 17711 }, // U+075D
    { 19, 34, 322, 2, 24, 81, 17787 }, // U+075E
    { 19, 35, 322, 2, 25, 84, 17868 }, // U+075F
    { 25, 22, 452, 2, 16, 69, 17952 }, // U+0760
    { 25, 24, 452, 2, 16, 75, 18021 }, // U+0761
    { 21, 24, 385, 2, 24, 63, 18096 }, // U+0762
    { 21, 25, 385, 2, 25, 66, 18159 }, // U+0763
    { 21, 31, 385, 2, 22, 82, 18225 }, // U+0764
    { 13, 29, 261, 2, 19, 48, 18307 }, // U+0765
    { 13, 22, 261, 2, 12, 36, 18355 }, // U+0766
    { 16, 28, 312, 2, 13, 56, 18391 }, // U+0767
    { 16, 29, 312, 2, 20, 58, 18447 }, // U+0768
    { 16, 29, 312, 2, 20, 58, 18505 }, // U+0769
    { 17, 31, 317, 2, 22, 66, 18563 }, // U+076A
    { 13, 28, 206, -1, 21, 46, 18629 }, // U+076B
    { 12, 25, 206, -1, 18, 38, 18675 }, // U+076C
    { 30, 28, 540, 2, 19, 105, 18713 }, // U+076D
    { 19, 23, 339, 2, 13, 55, 18818 }, // U+076E
    { 19, 23, 339, 2, 13, 55, 18873 }, // U+076F
    { 30, 30, 540, 2, 21, 113, 18928 }, // U+0770
    { 13, 30, 206, -2, 23, 49, 19041 }, // U+0771
    { 19, 31, 339, 2, 21, 74, 19090 }, // U+0772
    { 7, 24, 127, -1, 23, 21, 19164 }, // U+0773
    { 8, 24, 127, -1, 23, 24, 19185 }, // U+0774
    { 18, 24, 330, 2, 15, 54, 19209 }, // U+0775
    { 18, 23, 330, 2, 14, 52, 19263 }, // U+0776
    { 18, 32, 330, 2, 12, 72, 19315 }, // U+0777
    { 14, 24, 250, 0, 17, 42, 19387 }, // U+0778
    { 14, 24, 250, 0, 17, 42, 19429 }, // U+0779
    { 24, 19, 412, 2, 19, 57, 19471 }, // U+077A
    { 24, 19, 412, 2, 19, 57, 19528 }, // U+077B
    { 19, 22, 339, 2, 12, 53, 19585 }, // U+077C
    { 30, 29, 540, 2, 20, 109, 19638 }, // U+077D
    { 30, 25, 540, 2, 16, 94, 19747 }, // U+077E
    { 16, 23, 298, 1, 23, 46, 19841 }, // U+077F
    { 2, 24, 0, -1, 23, 6, 19887 }, // U+200C
    { 8, 24, 0, -4, 23, 24, 19893 }, // U+200D
    { 9, 25, 0, -1, 23, 29, 19917 }, // U+200E
    { 8, 25, 0, -7, 23, 25, 19946 }, // U+200F
    { 33, 3, 533, 0, 11, 13, 19971 }, // U+2014
    { 25, 5, 472, 3, 5, 16, 19984 }, // U+2026
    { 25, 23, 507, 3, 22, 72, 20000 }, // U+2190
    { 23, 25, 456, 3, 25, 72, 20072 }, // U+2191
    { 25, 23, 507, 4, 22, 72, 20144 }, // U+2192
    { 23, 26, 456, 3, 25, 75, 20216 }, // U+2193
    { 29, 31, 491, 1, 28, 113, 20291 }, // U+AC00
    { 29, 31, 491, 1, 28, 113, 20404 }, // U+AC01
    { 29, 31, 491, 1, 28, 113, 20517 }, // U+AC04
    { 29, 31, 491, 1, 28, 113, 20630 }, // U+AC08
    { 29, 32, 491, 1, 28, 116, 20743 }, // U+AC12
    { 29, 31, 491, 1, 28, 113, 20859 }, // U+AC15
    { 27, 31, 491, 1, 28, 105, 20972 }, // U+AC1C
    { 28, 31, 491, 1, 28, 109, 21077 }, // U+AC24
    { 26, 31, 491, 1, 28, 101, 21186 }, // U+AC70
    { 26, 31, 491, 1, 28, 101, 21287 }, // U+AC80
    { 28, 31, 491, 1, 28, 109, 21388 }, // U+AC8C
    { 29, 32, 491, 1, 28, 116, 21497 }, // U+ACA0
    { 26, 31, 491, 1, 28, 101, 21613 }, // U+ACA8
    { 26, 32, 491, 1, 29, 104, 21714 }, // U+ACA9
    { 26, 31, 491, 2, 28, 101, 21818 }, // U+ACB0
    { 26, 32, 491, 1, 29, 104, 21919 }, // U+ACBD
    { 27, 31, 491, 1, 28, 105, 22023 }, // U+ACC4
    { 29, 24, 491, 1, 25, 87, 22128 }, // U+ACE0
    { 28, 29, 491, 1, 26, 102, 22215 }, // U+ACF5
    { 30, 31, 491, 0, 28, 117, 22317 }, // U+ACFC
    { 29, 31, 491, 1, 28, 113, 22434 }, // U+AD00
    { 29, 29, 491, 1, 26, 106, 22547 }, // U+AD6C
    { 28, 29, 491, 1, 26, 102, 22653 }, // U+AD6D
    { 26, 31, 491, 1, 28, 101, 22755 }, // U+ADC0
    { 29, 29, 491, 1, 26, 106, 22856 }, // U+ADE0
    { 28, 24, 491, 1, 25, 84, 22962 }, // U+ADF8
    { 28, 29, 491, 1, 26, 102, 23046 }, // U+ADFC
    { 28, 30, 491, 1, 27, 105, 23148 }, // U+AE00
    { 28, 29, 491, 1, 26, 102, 23253 }, // U+AE08
    { 28, 29, 491, 1, 26, 102, 23355 }, // U+AE09
    { 26, 31, 491, 1, 28, 101, 23457 }, // U+AE30
    { 27, 31, 491, 1, 28, 105, 23558 }, // U+AE38
    { 26, 31, 491, 1, 28, 101, 23663 }, // U+AE40
    { 30, 32, 491, 0, 29, 120, 23764 }, // U+AE4C
    { 26, 31, 491, 1, 28, 101, 23884 }, // U+AECD
    { 27, 31, 491, 1, 28, 105, 23985 }, // U+AED8
    { 28, 30, 491, 1, 27, 105, 24090 }, // U+AF34
    { 28, 29, 491, 1, 26, 102, 24195 }, // U+AFB8
    { 28, 23, 491, 1, 25, 81, 24297 }, // U+B044
    { 28, 30, 491, 1, 27, 105, 24378 }, // U+B05D
    { 28, 31, 491, 2, 28, 109, 24483 }, // U+B098
    { 28, 31, 491, 2, 28, 109, 24592 }, // U+B09C
    { 28, 31, 491, 2, 28, 109, 24701 }, // U+B0A0
    { 28, 31, 491, 2, 28, 109, 24810 }, // U+B0A8
    { 28, 31, 491, 2, 28, 109, 24919 }, // U+B0AC
    { 25, 31, 491, 3, 28, 97, 25028 }, // U+B0B4
    { 26, 30, 491, 3, 28, 98, 25125 }, // U+B0B8
    { 24, 31, 491, 3, 28, 93, 25223 }, // U+B108
    { 24, 31, 491, 3, 28, 93, 25316 }, // U+B113
    { 24, 31, 491, 3, 28, 93, 25409 }, // U+B118
    { 25, 32, 491, 3, 29, 100, 25502 }, // U+B123
    { 26, 31, 491, 2, 28, 101, 25602 }, // U+B124
    { 24, 31, 491, 3, 28, 93, 25703 }, // U+B141
    { 28, 31, 491, 1, 28, 109, 25796 }, // U+B193
    { 29, 30, 491, 1, 27, 109, 25905 }, // U+B204
    { 28, 31, 491, 1, 28, 109, 26014 }, // U+B20C
    { 29, 30, 491, 1, 27, 109, 26123 }, // U+B274
    { 28, 30, 491, 1, 27, 105, 26232 }, // U+B294
    { 28, 31, 491, 1, 28, 109, 26337 }, // U+B298
    { 28, 30, 491, 1, 27, 105, 26446 }, // U+B2A5
    { 24, 31, 491, 3, 28, 93, 26551 }, // U+B2C8
    { 28, 31, 491, 2, 28, 109, 26644 }, // U+B2E4
    { 28, 31, 491, 3, 28, 109, 26753 }, // U+B2E8
    { 28, 31, 491, 3, 28, 109, 26862 }, // U+B2EB
    { 28, 31, 491, 2, 28, 109, 26971 }, // U+B2F9
    { 26, 31, 491, 2, 28, 101, 27080 }, // U+B300
    { 24, 31, 491, 3, 28, 93, 27181 }, // U+B354
    { 26, 31, 491, 2, 28, 101, 27274 }, // U+B370
    { 29, 25, 491, 1, 26, 91, 27375 }, // U+B3C4
    { 29, 30, 491, 1, 27, 109, 27466 }, // U+B3C5
    { 29, 30, 491, 1, 27, 109, 27575 }, // U+B3CC
    { 29, 29, 491, 1, 26, 106, 27684 }, // U+B3D9
    { 26, 31, 491, 1, 28, 101, 27790 }, // U+B418
    { 27, 31, 491, 1, 28, 105, 27891 }, // U+B41C
    { 26, 31, 491, 1, 28, 101, 27996 }, // U+B428
    { 26, 31, 491, 1, 28, 101, 28097 }, // U+B429
    { 29, 29, 491, 1, 26, 106, 28198 }, // U+B450
    { 28, 30, 491, 1, 27, 105, 28304 }, // U+B461
    { 26, 31, 491, 1, 28, 101, 28409 }, // U+B4A4
    { 28, 24, 491, 1, 25, 84, 28510 }, // U+B4DC
    { 28, 30, 491, 1, 27, 105, 28594 }, // U+B4E0
    { 24, 31, 491, 3, 28, 93, 28699 }, // U+B514
    { 25, 31, 491, 3, 28, 97, 28792 }, // U+B529
    { 26, 31, 491, 2, 28, 101, 28889 }, // U+B54C
    { 29, 24, 491, 1, 25, 87, 28990 }, // U+B610
    { 26, 31, 491, 1, 28, 101, 29077 }, // U+B6F0
    { 28, 31, 491, 2, 28, 109, 29178 }, // U+B77C
    { 28, 31, 491, 2, 28, 109, 29287 }, // U+B77D
    { 28, 31, 491, 2, 28, 109, 29396 }, // U+B78C
    { 26, 31, 491, 2, 28, 101, 29505 }, // U+B798
    { 25, 31, 491, 2, 28, 97, 29606 }, // U+B7EC
    { 26, 31, 491, 2, 28, 101, 29703 }, // U+B808
    { 25, 31, 491, 2, 28, 97, 29804 }, // U+B824
    { 25, 31, 491, 2, 28, 97, 29901 }, // U+B825
    { 26, 31, 491, 2, 28, 101, 29998 }, // U+B82C
    { 25, 31, 491, 2, 28, 97, 30099 }, // U+B835
    { 28, 32, 491, 2, 28, 112, 30196 }, // U+B838
    { 29, 25, 491, 1, 26, 91, 30308 }, // U+B85C
    { 29, 30, 491, 1, 27, 109, 30399 }, // U+B85D
    { 29, 25, 491, 1, 26, 91, 30508 }, // U+B8CC
    { 29, 30, 491, 1, 27, 109, 30599 }, // U+B8E8
    { 29, 30, 491, 1, 27, 109, 30708 }, // U+B958
    { 29, 31, 491, 1, 28, 113, 30817 }, // U+B960
    { 28, 25, 491, 1, 26, 88, 30930 }, // U+B974
    { 28, 30, 491, 1, 27, 105, 31018 }, // U+B978
    { 28, 30, 491, 1, 27, 105, 31123 }, // U+B97C
    { 28, 30, 491, 1, 27, 105, 31228 }, // U+B984
    { 25, 31, 491, 2, 28, 97, 31333 }, // U+B9AC
    { 25, 31, 491, 2, 28, 97, 31430 }, // U+B9AD
    { 26, 31, 491, 2, 28, 101, 31527 }, // U+B9B0
    { 25, 31, 491, 2, 28, 97, 31628 }, // U+B9C1
    { 28, 31, 491, 2, 28, 109, 31725 }, // U+B9C8
    { 28, 31, 491, 2, 28, 109, 31834 }, // U+B9DE
    { 26, 31, 491, 2, 28, 101, 31943 }, // U+B9E4
    { 26, 32, 491, 2, 29, 104, 32044 }, // U+BA3C
    { 26, 31, 491, 2, 28, 101, 32148 }, // U+BA54
    { 26, 31, 491, 2, 28, 101, 32249 }, // U+BA74
    { 25, 31, 491, 2, 28, 97, 32350 }, // U+BA85
    { 27, 31, 491, 2, 28, 105, 32447 }, // U+BA87
    { 29, 25, 491, 1, 25, 91, 32552 }, // U+BAA8
    { 28, 30, 491, 1, 27, 105, 32643 }, // U+BAA9
    { 28, 30, 491, 1, 27, 105, 32748 }, // U+BABB
    { 28, 29, 491, 1, 26, 102, 32853 }, // U+BB34
    { 28, 29, 491, 1, 26, 102, 32955 }, // U+BB38
    { 24, 31, 491, 3, 28, 93, 33057 }, // U+BBF8
    { 25, 31, 491, 3, 28, 97, 33150 }, // U+BC00
    { 26, 31, 491, 3, 28, 101, 33247 }, // U+BC0F
    { 28, 31, 491, 2, 28, 109, 33348 }, // U+BC14
    { 28, 31, 491, 2, 28, 109, 33457 }, // U+BC18
    { 28, 32, 491, 2, 28, 112, 33566 }, // U+BC1D
    { 28, 31, 491, 2, 28, 109, 33678 }, // U+BC24
    { 28, 31, 491, 2, 28, 109, 33787 }, // U+BC29
    { 26, 31, 491, 2, 28, 101, 33896 }, // U+BC30
    { 26, 31, 491, 2, 28, 101, 33997 }, // U+BC31
    { 25, 31, 491, 2, 28, 97, 34098 }, // U+BC84
    { 26, 31, 491, 2, 28, 101, 34195 }, // U+BC88
    { 25, 31, 491, 2, 28, 97, 34296 }, // U+BC94
    { 27, 31, 491, 2, 28, 105, 34393 }, // U+BC97
    { 26, 31, 491, 2, 28, 101, 34498 }, // U+BCA0
    { 26, 31, 491, 2, 28, 101, 34599 }, // U+BCC0
    { 26, 31, 491, 2, 28, 101, 34700 }, // U+BCC4
    { 29, 26, 491, 1, 26, 95, 34801 }, // U+BCF4
    { 28, 30, 491, 1, 27, 105, 34896 }, // U+BCF5
    { 28, 30, 491, 1, 27, 105, 35001 }, // U+BCF8
    { 29, 30, 491, 1, 27, 109, 35106 }, // U+BD80
    { 28, 30, 491, 1, 27, 105, 35215 }, // U+BD81
    { 29, 30, 491, 1, 27, 109, 35320 }, // U+BD84
    { 29, 31, 491, 1, 28, 113, 35429 }, // U+BD88
    { 28, 25, 491, 1, 26, 88, 35542 }, // U+BE0C
    { 24, 31, 491, 3, 28, 93, 35630 }, // U+BE44
    { 25, 31, 491, 3, 28, 97, 35723 }, // U+BE48
    { 26, 32, 491, 3, 28, 104, 35820 }, // U+BE5B
    { 28, 31, 491, 2, 28, 109, 35924 }, // U+BE60
    { 30, 31, 491, 0, 28, 117, 36033 }, // U+C0AC
    { 30, 31, 491, 0, 28, 117, 36150 }, // U+C0AD
    { 29, 32, 491, 1, 29, 116, 36267 }, // U+C0B0
    { 29, 31, 491, 1, 28, 113, 36383 }, // U+C0C1
    { 28, 31, 491, 0, 28, 109, 36496 }, // U+C0C8
    { 27, 31, 491, 1, 28, 105, 36605 }, // U+C0C9
    { 27, 31, 491, 1, 28, 105, 36710 }, // U+C0DD
    { 30, 31, 491, 0, 28, 117, 36815 }, // U+C0F7
    { 26, 31, 491, 1, 28, 101, 36932 }, // U+C11C
    { 26, 31, 491, 1, 28, 101, 37033 }, // U+C11D
    { 27, 31, 491, 1, 28, 105, 37134 }, // U+C120
    { 27, 31, 491, 1, 28, 105, 37239 }, // U+C124
    { 26, 31, 491, 1, 28, 101, 37344 }, // U+C131
    { 28, 31, 491, 0, 28, 109, 37445 }, // U+C138
    { 27, 31, 491, 1, 28, 105, 37554 }, // U+C139
    { 28, 31, 491, 1, 28, 109, 37659 }, // U+C14B
    { 27, 32, 491, 1, 29, 108, 37768 }, // U+C158
    { 29, 25, 491, 1, 26, 91, 37876 }, // U+C18C
    { 28, 31, 491, 1, 28, 109, 37967 }, // U+C18D
    { 29, 31, 491, 1, 28, 113, 38076 }, // U+C190
    { 29, 31, 491, 1, 28, 113, 38189 }, // U+C1A1
    { 28, 30, 491, 1, 27, 105, 38302 }, // U+C218
    { 29, 31, 491, 1, 28, 113, 38407 }, // U+C228
    { 28, 25, 491, 1, 26, 88, 38520 }, // U+C2A4
    { 28, 31, 491, 1, 28, 109, 38608 }, // U+C2B5
    { 26, 31, 491, 1, 28, 101, 38717 }, // U+C2DC
    { 26, 31, 491, 1, 28, 101, 38818 }, // U+C2DD
    { 27, 31, 491, 1, 28, 105, 38919 }, // U+C2E0
    { 27, 31, 491, 1, 28, 105, 39024 }, // U+C2E4
    { 26, 31, 491, 1, 28, 101, 39129 }, // U+C2F1
    { 28, 25, 491, 1, 26, 88, 39230 }, // U+C4F0
    { 29, 31, 491, 1, 28, 113, 39318 }, // U+C544
    { 29, 31, 491, 1, 28, 113, 39431 }, // U+C548
    { 29, 31, 491, 1, 28, 113, 39544 }, // U+C54A
    { 29, 31, 491, 1, 28, 113, 39657 }, // U+C554
    { 29, 31, 491, 1, 28, 113, 39770 }, // U+C558
    { 28, 31, 491, 1, 28, 109, 39883 }, // U+C564
    { 28, 31, 491, 1, 28, 109, 39992 }, // U+C568
    { 29, 31, 491, 1, 28, 113, 40101 }, // U+C57C
    { 29, 31, 491, 1, 28, 113, 40214 }, // U+C587
    { 29, 32, 491, 1, 29, 116, 40327 }, // U+C591
    { 25, 31, 491, 2, 28, 97, 40443 }, // U+C5B4
    { 27, 32, 491, 1, 29, 108, 40540 }, // U+C5B8
    { 27, 31, 491, 1, 28, 105, 40648 }, // U+C5BC
    { 26, 31, 491, 1, 28, 101, 40753 }, // U+C5C5
    { 29, 32, 491, 1, 28, 116, 40854 }, // U+C5C6
    { 28, 31, 491, 2, 28, 109, 40970 }, // U+C5C8
    { 27, 31, 491, 1, 28, 105, 41079 }, // U+C5D0
    { 25, 31, 491, 2, 28, 97, 41184 }, // U+C5EC
    { 26, 31, 491, 1, 28, 101, 41281 }, // U+C5ED
    { 27, 31, 491, 1, 28, 105, 41382 }, // U+C5F0
    { 27, 31, 491, 1, 28, 105, 41487 }, // U+C5F4
    { 26, 31, 491, 1, 28, 101, 41592 }, // U+C5FD
    { 27, 31, 491, 1, 28, 105, 41693 }, // U+C608
    { 29, 26, 491, 1, 26, 95, 41798 }, // U+C624
    { 28, 31, 491, 1, 28, 109, 41893 }, // U+C62C
    { 29, 31, 491, 1, 28, 113, 42002 }, // U+C640
    { 29, 31, 491, 1, 28, 113, 42115 }, // U+C644
    { 27, 31, 491, 1, 28, 105, 42228 }, // U+C67C
    { 28, 26, 491, 1, 26, 91, 42333 }, // U+C694
    { 29, 30, 491, 1, 27, 109, 42424 }, // U+C6A9
    { 29, 30, 491, 1, 27, 109, 42533 }, // U+C6B0
    { 28, 30, 491, 1, 27, 105, 42642 }, // U+C6B4
    { 28, 31, 491, 1, 28, 109, 42747 }, // U+C6B8
    { 28, 30, 491, 1, 27, 105, 42856 }, // U+C6C3
    { 26, 31, 491, 1, 28, 101, 42961 }, // U+C6CC
    { 27, 31, 491, 1, 28, 105, 43062 }, // U+C6D0
    { 27, 31, 491, 1, 28, 105, 43167 }, // U+C6D4
    { 28, 31, 491, 1, 28, 109, 43272 }, // U+C6E8
    { 27, 31, 491, 1, 28, 105, 43381 }, // U+C6F9
    { 26, 31, 491, 1, 28, 101, 43486 }, // U+C704
    { 28, 30, 491, 1, 27, 105, 43587 }, // U+C720
    { 28, 25, 491, 1, 26, 88, 43692 }, // U+C73C
    { 28, 30, 491, 1, 27, 105, 43780 }, // U+C740
    { 28, 30, 491, 1, 27, 105, 43885 }, // U+C744
    { 28, 30, 491, 1, 27, 105, 43990 }, // U+C74C
    { 26, 31, 491, 1, 28, 101, 44095 }, // U+C758
    { 25, 31, 491, 2, 28, 97, 44196 }, // U+C774
    { 26, 31, 491, 2, 28, 101, 44293 }, // U+C778
    { 26, 31, 491, 2, 28, 101, 44394 }, // U+C77C
    { 25, 32, 491, 2, 28, 100, 44495 }, // U+C77D
    { 25, 31, 491, 2, 28, 97, 44595 }, // U+C784
    { 25, 31, 491, 2, 28, 97, 44692 }, // U+C785
    { 28, 31, 491, 2, 28, 109, 44789 }, // U+C788
    { 30, 31, 491, 0, 28, 117, 44898 }, // U+C790
    { 30, 31, 491, 0, 28, 117, 45015 }, // U+C791
    { 29, 31, 491, 1, 28, 113, 45132 }, // U+C798
    { 29, 32, 491, 1, 29, 116, 45245 }, // U+C7A0
    { 29, 31, 491, 1, 28, 113, 45361 }, // U+C7A5
    { 28, 31, 491, 0, 28, 109, 45474 }, // U+C7AC
    { 27, 31, 491, 1, 28, 105, 45583 }, // U+C800
    { 26, 31, 491, 1, 28, 101, 45688 }, // U+C801
    { 27, 32, 491, 1, 29, 108, 45789 }, // U+C804
    { 27, 31, 491, 1, 28, 105, 45897 }, // U+C808
    { 26, 31, 491, 1, 28, 101, 46002 }, // U+C815
    { 27, 31, 491, 1, 28, 105, 46103 }, // U+C81C
    { 27, 31, 491, 1, 28, 105, 46208 }, // U+C838
    { 29, 31, 491, 1, 28, 113, 46313 }, // U+C84C
    { 29, 25, 491, 1, 26, 91, 46426 }, // U+C870
    { 29, 30, 491, 1, 27, 109, 46517 }, // U+C874
    { 28, 30, 491, 1, 27, 105, 46626 }, // U+C881
    { 29, 30, 491, 1, 27, 109, 46731 }, // U+C885
    { 29, 31, 491, 1, 28, 113, 46840 }, // U+C88C
    { 29, 29, 491, 1, 26, 106, 46953 }, // U+C8FC
    { 29, 30, 491, 1, 27, 109, 47059 }, // U+C900
    { 28, 30, 491, 1, 27, 105, 47168 }, // U+C904
    { 29, 30, 491, 1, 27, 109, 47273 }, // U+C911
    { 28, 30, 491, 1, 27, 105, 47382 }, // U+C990
    { 28, 30, 491, 1, 27, 105, 47487 }, // U+C99D
    { 26, 31, 491, 1, 28, 101, 47592 }, // U+C9C0
    { 26, 31, 491, 1, 28, 101, 47693 }, // U+C9C1
    { 27, 31, 491, 1, 28, 105, 47794 }, // U+C9C4
    { 26, 31, 491, 1, 28, 101, 47899 }, // U+C9D0
    { 26, 31, 491, 1, 28, 101, 48000 }, // U+C9D1
    { 30, 31, 491, 0, 28, 117, 48101 }, // U+C9DC
    { 29, 32, 491, 1, 29, 116, 48218 }, // U+C9E7
    { 29, 31, 491, 0, 28, 113, 48334 }, // U+C9F8
    { 29, 30, 491, 1, 27, 109, 48447 }, // U+CABD
    { 27, 31, 491, 1, 28, 105, 48556 }, // U+CC0D
    { 29, 31, 491, 1, 28, 113, 48661 }, // U+CC3E
    { 27, 31, 491, 1, 28, 105, 48774 }, // U+CC45
    { 27, 31, 491, 1, 28, 105, 48879 }, // U+CC55
    { 28, 31, 491, 1, 28, 109, 48984 }, // U+CCAB
    { 27, 31, 491, 1, 28, 105, 49093 }, // U+CCB4
    { 29, 27, 491, 1, 28, 98, 49198 }, // U+CD08
    { 29, 31, 491, 1, 28, 113, 49296 }, // U+CD1D
    { 26, 31, 491, 1, 28, 101, 49409 }, // U+CD5C
    { 29, 31, 491, 1, 28, 113, 49510 }, // U+CD94
    { 28, 31, 491, 1, 28, 109, 49623 }, // U+CD9C
    { 29, 31, 491, 1, 28, 113, 49732 }, // U+CDA4
    { 29, 31, 491, 1, 28, 113, 49845 }, // U+CDA9
    { 26, 31, 491, 1, 28, 101, 49958 }, // U+CDE8
    { 28, 31, 491, 1, 28, 109, 50059 }, // U+CE21
    { 26, 31, 491, 1, 28, 101, 50168 }, // U+CE58
    { 26, 31, 491, 1, 28, 101, 50269 }, // U+CE68
    { 26, 32, 491, 1, 29, 104, 50370 }, // U+CE6D
    { 29, 31, 491, 1, 28, 113, 50474 }, // U+CE74
    { 27, 31, 491, 1, 28, 105, 50587 }, // U+CE90
    { 28, 32, 491, 1, 29, 112, 50692 }, // U+CE94
    { 26, 31, 491, 1, 28, 101, 50804 }, // U+CEE4
    { 26, 31, 491, 2, 28, 101, 50905 }, // U+CEEC
    { 27, 31, 491, 1, 28, 105, 51006 }, // U+CF1C
    { 29, 24, 491, 1, 25, 87, 51111 }, // U+CF54
    { 28, 24, 491, 1, 25, 84, 51198 }, // U+D06C
    { 29, 30, 491, 1, 27, 109, 51282 }, // U+D074
    { 28, 30, 491, 1, 27, 105, 51391 }, // U+D07D
    { 26, 31, 491, 1, 28, 101, 51496 }, // U+D0A4
    { 25, 31, 491, 2, 28, 97, 51597 }, // U+D0B5
    { 28, 31, 491, 2, 28, 109, 51694 }, // U+D0C0
    { 26, 31, 491, 2, 28, 101, 51803 }, // U+D0DC
    { 26, 31, 491, 2, 28, 101, 51904 }, // U+D0DD
    { 25, 31, 491, 2, 28, 97, 52005 }, // U+D130
    { 25, 31, 491, 2, 28, 97, 52102 }, // U+D140
    { 26, 31, 491, 2, 28, 101, 52199 }, // U+D14C
    { 26, 31, 491, 2, 28, 101, 52300 }, // U+D14D
    { 26, 31, 491, 2, 28, 101, 52401 }, // U+D15C
    { 28, 25, 491, 1, 26, 88, 52502 }, // U+D1A0
    { 29, 30, 491, 1, 27, 109, 52590 }, // U+D1B5
    { 25, 31, 491, 1, 28, 97, 52699 }, // U+D1F4
    { 28, 24, 491, 1, 25, 84, 52796 }, // U+D2B8
    { 28, 30, 491, 1, 27, 105, 52880 }, // U+D2BC
    { 24, 31, 491, 3, 28, 93, 52985 }, // U+D2F0
    { 24, 31, 491, 3, 28, 93, 53078 }, // U+D301
    { 25, 32, 491, 3, 29, 100, 53171 }, // U+D305
    { 29, 31, 491, 1, 28, 113, 53271 }, // U+D30C
    { 29, 32, 491, 1, 29, 116, 53384 }, // U+D31F
    { 27, 31, 491, 1, 28, 105, 53500 }, // U+D328
    { 26, 31, 491, 1, 28, 101, 53605 }, // U+D38C
    { 27, 31, 491, 1, 28, 105, 53706 }, // U+D398
    { 28, 31, 491, 1, 28, 109, 53811 }, // U+D3AB
    { 27, 31, 491, 1, 28, 105, 53920 }, // U+D3B8
    { 26, 32, 491, 1, 29, 104, 54025 }, // U+D3C9
    { 29, 25, 491, 1, 26, 91, 54129 }, // U+D3EC
    { 29, 30, 491, 1, 27, 109, 54220 }, // U+D3F0
    { 29, 31, 491, 1, 28, 113, 54329 }, // U+D3F4
    { 29, 25, 491, 1, 26, 91, 54442 }, // U+D45C
    { 28, 25, 491, 1, 26, 88, 54533 }, // U+D504
    { 28, 30, 491, 1, 27, 105, 54621 }, // U+D508
    { 28, 30, 491, 1, 27, 105, 54726 }, // U+D50C
    { 26, 31, 491, 1, 28, 101, 54831 }, // U+D53C
    { 26, 31, 491, 2, 28, 101, 54932 }, // U+D544
    { 25, 31, 491, 2, 28, 97, 55033 }, // U+D551
    { 29, 32, 491, 1, 29, 116, 55130 }, // U+D558
    { 29, 31, 491, 1, 28, 113, 55246 }, // U+D55C
    { 29, 31, 491, 1, 28, 113, 55359 }, // U+D560
    { 29, 31, 491, 1, 28, 113, 55472 }, // U+D568
    { 29, 32, 491, 1, 29, 116, 55585 }, // U+D569
    { 29, 31, 491, 1, 28, 113, 55701 }, // U+D56B
    { 29, 31, 491, 1, 28, 113, 55814 }, // U+D56D
    { 27, 31, 491, 1, 28, 105, 55927 }, // U+D574
    { 28, 31, 491, 1, 28, 109, 56032 }, // U+D587
    { 29, 32, 491, 1, 29, 116, 56141 }, // U+D588
    { 28, 31, 491, 1, 28, 109, 56257 }, // U+D589
    { 29, 31, 491, 1, 28, 113, 56366 }, // U+D5A5
    { 27, 31, 491, 1, 28, 105, 56479 }, // U+D604
    { 26, 32, 491, 1, 29, 104, 56584 }, // U+D615
    { 28, 28, 491, 1, 28, 98, 56688 }, // U+D638
    { 28, 31, 491, 1, 28, 109, 56786 }, // U+D648
    { 29, 31, 491, 1, 28, 113, 56895 }, // U+D654
    { 29, 31, 491, 1, 28, 113, 57008 }, // U+D655
    { 29, 31, 491, 1, 28, 113, 57121 }, // U+D658
    { 29, 31, 491, 1, 28, 113, 57234 }, // U+D65C
    { 29, 31, 491, 1, 28, 113, 57347 }, // U+D669
    { 28, 31, 491, 1, 28, 109, 57460 }, // U+D6C4
    { 28, 32, 491, 1, 29, 112, 57569 }, // U+D734
    { 26, 31, 491, 2, 28, 101, 57681 }, // U+D78C
    { 10, 30, 135, -1, 30, 38, 57782 }, // U+FB51
    { 26, 19, 436, 2, 10, 62, 57820 }, // U+FB57
    { 11, 22, 183, 0, 13, 31, 57882 }, // U+FB58
    { 13, 17, 192, 0, 8, 28, 57913 }, // U+FB59
    { 21, 22, 355, 2, 12, 58, 57941 }, // U+FB7B
    { 21, 19, 339, 0, 11, 50, 57999 }, // U+FB7C
    { 23, 19, 355, 0, 11, 55, 58049 }, // U+FB7D
    { 16, 27, 215, -1, 20, 54, 58104 }, // U+FB8B
    { 24, 22, 414, 2, 22, 66, 58158 }, // U+FB8F
    { 14, 22, 221, 0, 22, 39, 58224 }, // U+FB90
    { 16, 23, 245, 0, 23, 46, 58263 }, // U+FB91
    { 24, 26, 414, 2, 26, 78, 58309 }, // U+FB93
    { 15, 26, 221, -1, 26, 49, 58387 }, // U+FB94
    { 16, 26, 245, 0, 26, 52, 58436 }, // U+FB95
    { 21, 13, 366, 2, 4, 35, 58488 }, // U+FBFD
    { 11, 20, 183, 0, 13, 28, 58523 }, // U+FBFE
    { 13, 15, 192, 0, 8, 25, 58551 }, // U+FBFF
    { 11, 27, 135, -2, 27, 38, 58576 }, // U+FE82
    { 8, 30, 135, 1, 30, 30, 58614 }, // U+FE84
    { 15, 26, 250, 1, 19, 49, 58644 }, // U+FE86
    { 7, 30, 135, 2, 23, 27, 58693 }, // U+FE88
    { 21, 18, 366, 2, 9, 48, 58720 }, // U+FE8A
    { 9, 20, 147, -1, 20, 23, 58768 }, // U+FE8B
    { 11, 16, 156, 0, 16, 22, 58791 }, // U+FE8C
    { 7, 23, 135, 2, 23, 21, 58813 }, // U+FE8E
    { 26, 17, 436, 2, 10, 56, 58834 }, // U+FE90
    { 8, 20, 147, 0, 13, 20, 58890 }, // U+FE91
    { 11, 15, 156, 0, 8, 21, 58910 }, // U+FE92
    { 14, 20, 241, 2, 20, 35, 58931 }, // U+FE94
    { 26, 16, 436, 2, 16, 52, 58966 }, // U+FE96
    { 10, 20, 147, 0, 20, 25, 59018 }, // U+FE97
    { 13, 15, 192, 0, 15, 25, 59043 }, // U+FE98
    { 26, 18, 436, 2, 18, 59, 59068 }, // U+FE9A
    { 10, 22, 147, 0, 22, 28, 59127 }, // U+FE9B
    { 13, 17, 192, 0, 17, 28, 59155 }, // U+FE9C
    { 21, 22, 355, 2, 12, 58, 59183 }, // U+FE9E
    { 21, 18, 339, 0, 11, 48, 59241 }, // U+FE9F
    { 23, 18, 355, 0, 11, 52, 59289 }, // U+FEA0
    { 21, 22, 355, 2, 12, 58, 59341 }, // U+FEA2
    { 21, 11, 339, 0, 11, 29, 59399 }, // U+FEA3
    { 23, 11, 355, 0, 11, 32, 59428 }, // U+FEA4
    { 21, 29, 355, 2, 19, 77, 59460 }, // U+FEA6
    { 21, 19, 339, 0, 19, 50, 59537 }, // U+FEA7
    { 23, 19, 355, 0, 19, 55, 59587 }, // U+FEA8
    { 15, 14, 253, 1, 14, 27, 59642 }, // U+FEAA
    { 15, 21, 253, 1, 21, 40, 59669 }, // U+FEAC
    { 16, 19, 215, -1, 12, 38, 59709 }, // U+FEAE
    { 16, 26, 215, -1, 19, 52, 59747 }, // U+FEB0
    { 32, 18, 542, 2, 9, 72, 59799 }, // U+FEB2
    { 21, 12, 351, 0, 12, 32, 59871 }, // U+FEB3
    { 23, 9, 354, 0, 9, 26, 59903 }, // U+FEB4
    { 32, 26, 542, 2, 17, 104, 59929 }, // U+FEB6
    { 21, 18, 351, 0, 18, 48, 60033 }, // U+FEB7
    { 23, 17, 354, 0, 17, 49, 60081 }, // U+FEB8
    { 35, 21, 586, 2, 12, 92, 60130 }, // U+FEBA
    { 24, 12, 419, 0, 12, 36, 60222 }, // U+FEBB
    { 27, 12, 415, 0, 12, 41, 60258 }, // U+FEBC
    { 35, 29, 586, 2, 20, 127, 60299 }, // U+FEBE
    { 24, 20, 419, 0, 20, 60, 60426 }, // U+FEBF
    { 27, 20, 415, 0, 20, 68, 60486 }, // U+FEC0
    { 26, 23, 413, 1, 23, 75, 60554 }, // U+FEC2
    { 21, 23, 352, 0, 23, 61, 60629 }, // U+FEC3
    { 22, 23, 335, 0, 23, 64, 60690 }, // U+FEC4
    { 26, 23, 413, 1, 23, 75, 60754 }, // U+FEC6
    { 21, 23, 352, 0, 23, 61, 60829 }, // U+FEC7
    { 22, 23, 335, 0, 23, 64, 60890 }, // U+FEC8
    { 17, 23, 254, 2, 13, 49, 60954 }, // U+FECA
    { 16, 13, 269, 0, 13, 26, 61003 }, // U+FECB
    { 15, 13, 221, 0, 13, 25, 61029 }, // U+FECC
    { 17, 30, 254, 2, 20, 64, 61054 }, // U+FECE
    { 16, 20, 269, 0, 20, 40, 61118 }, // U+FECF
    { 15, 20, 221, 0, 20, 38, 61158 }, // U+FED0
    { 26, 20, 436, 2, 20, 65, 61196 }, // U+FED2
    { 13, 23, 224, -1, 23, 38, 61261 }, // U+FED3
    { 14, 20, 206, 0, 20, 35, 61299 }, // U+FED4
    { 20, 27, 342, 2, 18, 68, 61334 }, // U+FED6
    { 13, 22, 224, -1, 22, 36, 61402 }, // U+FED7
    { 14, 19, 206, 0, 19, 34, 61438 }, // U+FED8
    { 23, 23, 392, 2, 23, 67, 61472 }, // U+FEDA
    { 14, 22, 221, 0, 22, 39, 61539 }, // U+FEDB
    { 16, 23, 245, 0, 23, 46, 61578 }, // U+FEDC
    { 18, 32, 315, 2, 23, 72, 61624 }, // U+FEDE
    { 5, 23, 113, 0, 23, 15, 61696 }, // U+FEDF
    { 9, 23, 131, 0, 23, 26, 61711 }, // U+FEE0
    { 16, 22, 282, 2, 11, 44, 61737 }, // U+FEE2
    { 15, 11, 243, -1, 11, 21, 61781 }, // U+FEE3
    { 15, 12, 220, 0, 12, 23, 61802 }, // U+FEE4
    { 18, 22, 312, 2, 13, 50, 61825 }, // U+FEE6
    { 8, 20, 147, 0, 20, 20, 61875 }, // U+FEE7
    { 11, 16, 156, 0, 16, 22, 61895 }, // U+FEE8
    { 14, 15, 241, 2, 15, 27, 61917 }, // U+FEEA
    { 16, 16, 271, -1, 15, 32, 61944 }, // U+FEEB
    { 14, 22, 203, 0, 15, 39, 61976 }, // U+FEEC
    { 15, 19, 250, 1, 12, 36, 62015 }, // U+FEEE
    { 21, 13, 366, 2, 4, 35, 62051 }, // U+FEF0
    { 21, 19, 366, 2, 4, 50, 62086 }, // U+FEF2
    { 11, 20, 183, 0, 13, 28, 62136 }, // U+FEF3
    { 13, 15, 192, 0, 8, 25, 62164 }, // U+FEF4
    { 19, 23, 276, -3, 23, 55, 62189 }, // U+FEF5
    { 24, 23, 325, -3, 23, 69, 62244 }, // U+FEF6
    { 16, 26, 276, 0, 26, 52, 62313 }, // U+FEF7
    { 21, 26, 325, 1, 26, 69, 62365 }, // U+FEF8
    { 15, 33, 276, 1, 23, 62, 62434 }, // U+FEF9
    { 20, 33, 325, 1, 23, 83, 62496 }, // U+FEFA
    { 15, 23, 276, 1, 23, 44, 62579 }, // U+FEFB
    { 20, 23, 325, 1, 23, 58, 62623 }, // U+FEFC
};

static const EpdUnicodeInterval ui_16_mediumIntervals[] = {
    { 0x20, 0x7E, 0x0 },
    { 0xA0, 0xA1, 0x5F },
    { 0xAB, 0xAB, 0x61 },
    { 0xB0, 0xB0, 0x62 },
    { 0xB7, 0xB7, 0x63 },
    { 0xBA, 0xBB, 0x64 },
    { 0xBF, 0xBF, 0x66 },
    { 0xD3, 0xD3, 0x67 },
    { 0xDA, 0xDA, 0x68 },
    { 0xE1, 0xE1, 0x69 },
    { 0xE9, 0xE9, 0x6A },
    { 0xED, 0xED, 0x6B },
    { 0xF1, 0xF1, 0x6C },
    { 0xF3, 0xF3, 0x6D },
    { 0xFA, 0xFA, 0x6E },
    { 0xFC, 0xFC, 0x6F },
    { 0x591, 0x5C7, 0x70 },
    { 0x5D0, 0x5EA, 0xA7 },
    { 0x5EF, 0x5F4, 0xC2 },
    { 0x600, 0x6FF, 0xC8 },
    { 0x750, 0x77F, 0x1C8 },
    { 0x200C, 0x200F, 0x1F8 },
    { 0x2014, 0x2014, 0x1FC },
    { 0x2026, 0x2026, 0x1FD },
    { 0x2190, 0x2193, 0x1FE },
    { 0xAC00, 0xAC01, 0x202 },
    { 0xAC04, 0xAC04, 0x204 },
    { 0xAC08, 0xAC08, 0x205 },
    { 0xAC12, 0xAC12, 0x206 },
    { 0xAC15, 0xAC15, 0x207 },
    { 0xAC1C, 0xAC1C, 0x208 },
    { 0xAC24, 0xAC24, 0x209 },
    { 0xAC70, 0xAC70, 0x20A },
    { 0xAC80, 0xAC80, 0x20B },
    { 0xAC8C, 0xAC8C, 0x20C },
    { 0xACA0, 0xACA0, 0x20D },
    { 0xACA8, 0xACA9, 0x20E },
    { 0xACB0, 0xACB0, 0x210 },
    { 0xACBD, 0xACBD, 0x211 },
    { 0xACC4, 0xACC4, 0x212 },
    { 0xACE0, 0xACE0, 0x213 },
    { 0xACF5, 0xACF5, 0x214 },
    { 0xACFC, 0xACFC, 0x215 },
    { 0xAD00, 0xAD00, 0x216 },
    { 0xAD6C, 0xAD6D, 0x217 },
    { 0xADC0, 0xADC0, 0x219 },
    { 0xADE0, 0xADE0, 0x21A },
    { 0xADF8, 0xADF8, 0x21B },
    { 0xADFC, 0xADFC, 0x21C },
    { 0xAE00, 0xAE00, 0x21D },
    { 0xAE08, 0xAE09, 0x21E },
    { 0xAE30, 0xAE30, 0x220 },
    { 0xAE38, 0xAE38, 0x221 },
    { 0xAE40, 0xAE40, 0x222 },
    { 0xAE4C, 0xAE4C, 0x223 },
    { 0xAECD, 0xAECD, 0x224 },
    { 0xAED8, 0xAED8, 0x225 },
    { 0xAF34, 0xAF34, 0x226 },
    { 0xAFB8, 0xAFB8, 0x227 },
    { 0xB044, 0xB044, 0x228 },
    { 0xB05D, 0xB05D, 0x229 },
    { 0xB098, 0xB098, 0x22A },
    { 0xB09C, 0xB09C, 0x22B },
    { 0xB0A0, 0xB0A0, 0x22C },
    { 0xB0A8, 0xB0A8, 0x22D },
    { 0xB0AC, 0xB0AC, 0x22E },
    { 0xB0B4, 0xB0B4, 0x22F },
    { 0xB0B8, 0xB0B8, 0x230 },
    { 0xB108, 0xB108, 0x231 },
    { 0xB113, 0xB113, 0x232 },
    { 0xB118, 0xB118, 0x233 },
    { 0xB123, 0xB124, 0x234 },
    { 0xB141, 0xB141, 0x236 },
    { 0xB193, 0xB193, 0x237 },
    { 0xB204, 0xB204, 0x238 },
    { 0xB20C, 0xB20C, 0x239 },
    { 0xB274, 0xB274, 0x23A },
    { 0xB294, 0xB294, 0x23B },
    { 0xB298, 0xB298, 0x23C },
    { 0xB2A5, 0xB2A5, 0x23D },
    { 0xB2C8, 0xB2C8, 0x23E },
    { 0xB2E4, 0xB2E4, 0x23F },
    { 0xB2E8, 0xB2E8, 0x240 },
    { 0xB2EB, 0xB2EB, 0x241 },
    { 0xB2F9, 0xB2F9, 0x242 },
    { 0xB300, 0xB300, 0x243 },
    { 0xB354, 0xB354, 0x244 },
    { 0xB370, 0xB370, 0x245 },
    { 0xB3C4, 0xB3C5, 0x246 },
    { 0xB3CC, 0xB3CC, 0x248 },
    { 0xB3D9, 0xB3D9, 0x249 },
    { 0xB418, 0xB418, 0x24A },
    { 0xB41C, 0xB41C, 0x24B },
    { 0xB428, 0xB429, 0x24C },
    { 0xB450, 0xB450, 0x24E },
    { 0xB461, 0xB461, 0x24F },
    { 0xB4A4, 0xB4A4, 0x250 },
    { 0xB4DC, 0xB4DC, 0x251 },
    { 0xB4E0, 0xB4E0, 0x252 },
    { 0xB514, 0xB514, 0x253 },
    { 0xB529, 0xB529, 0x254 },
    { 0xB54C, 0xB54C, 0x255 },
    { 0xB610, 0xB610, 0x256 },
    { 0xB6F0, 0xB6F0, 0x257 },
    { 0xB77C, 0xB77D, 0x258 },
    { 0xB78C, 0xB78C, 0x25A },
    { 0xB798, 0xB798, 0x25B },
    { 0xB7EC, 0xB7EC, 0x25C },
    { 0xB808, 0xB808, 0x25D },
    { 0xB824, 0xB825, 0x25E },
    { 0xB82C, 0xB82C, 0x260 },
    { 0xB835, 0xB835, 0x261 },
    { 0xB838, 0xB838, 0x262 },
    { 0xB85C, 0xB85D, 0x263 },
    { 0xB8CC, 0xB8CC, 0x265 },
    { 0xB8E8, 0xB8E8, 0x266 },
    { 0xB958, 0xB958, 0x267 },
    { 0xB960, 0xB960, 0x268 },
    { 0xB974, 0xB974, 0x269 },
    { 0xB978, 0xB978, 0x26A },
    { 0xB97C, 0xB97C, 0x26B },
    { 0xB984, 0xB984, 0x26C },
    { 0xB9AC, 0xB9AD, 0x26D },
    { 0xB9B0, 0xB9B0, 0x26F },
    { 0xB9C1, 0xB9C1, 0x270 },
    { 0xB9C8, 0xB9C8, 0x271 },
    { 0xB9DE, 0xB9DE, 0x272 },
    { 0xB9E4, 0xB9E4, 0x273 },
    { 0xBA3C, 0xBA3C, 0x274 },
    { 0xBA54, 0xBA54, 0x275 },
    { 0xBA74, 0xBA74, 0x276 },
    { 0xBA85, 0xBA85, 0x277 },
    { 0xBA87, 0xBA87, 0x278 },
    { 0xBAA8, 0xBAA9, 0x279 },
    { 0xBABB, 0xBABB, 0x27B },
    { 0xBB34, 0xBB34, 0x27C },
    { 0xBB38, 0xBB38, 0x27D },
    { 0xBBF8, 0xBBF8, 0x27E },
    { 0xBC00, 0xBC00, 0x27F },
    { 0xBC0F, 0xBC0F, 0x280 },
    { 0xBC14, 0xBC14, 0x281 },
    { 0xBC18, 0xBC18, 0x282 },
    { 0xBC1D, 0xBC1D, 0x283 },
    { 0xBC24, 0xBC24, 0x284 },
    { 0xBC29, 0xBC29, 0x285 },
    { 0xBC30, 0xBC31, 0x286 },
    { 0xBC84, 0xBC84, 0x288 },
    { 0xBC88, 0xBC88, 0x289 },
    { 0xBC94, 0xBC94, 0x28A },
    { 0xBC97, 0xBC97, 0x28B },
    { 0xBCA0, 0xBCA0, 0x28C },
    { 0xBCC0, 0xBCC0, 0x28D },
    { 0xBCC4, 0xBCC4, 0x28E },
    { 0xBCF4, 0xBCF5, 0x28F },
    { 0xBCF8, 0xBCF8, 0x291 },
    { 0xBD80, 0xBD81, 0x292 },
    { 0xBD84, 0xBD84, 0x294 },
    { 0xBD88, 0xBD88, 0x295 },
    { 0xBE0C, 0xBE0C, 0x296 },
    { 0xBE44, 0xBE44, 0x297 },
    { 0xBE48, 0xBE48, 0x298 },
    { 0xBE5B, 0xBE5B, 0x299 },
    { 0xBE60, 0xBE60, 0x29A },
    { 0xC0AC, 0xC0AD, 0x29B },
    { 0xC0B0, 0xC0B0, 0x29D },
    { 0xC0C1, 0xC0C1, 0x29E },
    { 0xC0C8, 0xC0C9, 0x29F },
    { 0xC0DD, 0xC0DD, 0x2A1 },
    { 0xC0F7, 0xC0F7, 0x2A2 },
    { 0xC11C, 0xC11D, 0x2A3 },
    { 0xC120, 0xC120, 0x2A5 },
    { 0xC124, 0xC124, 0x2A6 },
    { 0xC131, 0xC131, 0x2A7 },
    { 0xC138, 0xC139, 0x2A8 },
    { 0xC14B, 0xC14B, 0x2AA },
    { 0xC158, 0xC158, 0x2AB },
    { 0xC18C, 0xC18D, 0x2AC },
    { 0xC190, 0xC190, 0x2AE },
    { 0xC1A1, 0xC1A1, 0x2AF },
    { 0xC218, 0xC218, 0x2B0 },
    { 0xC228, 0xC228, 0x2B1 },
    { 0xC2A4, 0xC2A4, 0x2B2 },
    { 0xC2B5, 0xC2B5, 0x2B3 },
    { 0xC2DC, 0xC2DD, 0x2B4 },
    { 0xC2E0, 0xC2E0, 0x2B6 },
    { 0xC2E4, 0xC2E4, 0x2B7 },
    { 0xC2F1, 0xC2F1, 0x2B8 },
    { 0xC4F0, 0xC4F0, 0x2B9 },
    { 0xC544, 0xC544, 0x2BA },
    { 0xC548, 0xC548, 0x2BB },
    { 0xC54A, 0xC54A, 0x2BC },
    { 0xC554, 0xC554, 0x2BD },
    { 0xC558, 0xC558, 0x2BE },
    { 0xC564, 0xC564, 0x2BF },
    { 0xC568, 0xC568, 0x2C0 },
    { 0xC57C, 0xC57C, 0x2C1 },
    { 0xC587, 0xC587, 0x2C2 },
    { 0xC591, 0xC591, 0x2C3 },
    { 0xC5B4, 0xC5B4, 0x2C4 },
    { 0xC5B8, 0xC5B8, 0x2C5 },
    { 0xC5BC, 0xC5BC, 0x2C6 },
    { 0xC5C5, 0xC5C6, 0x2C7 },
    { 0xC5C8, 0xC5C8, 0x2C9 },
    { 0xC5D0, 0xC5D0, 0x2CA },
    { 0xC5EC, 0xC5ED, 0x2CB },
    { 0xC5F0, 0xC5F0, 0x2CD },
    { 0xC5F4, 0xC5F4, 0x2CE },
    { 0xC5FD, 0xC5FD, 0x2CF },
    { 0xC608, 0xC608, 0x2D0 },
    { 0xC624, 0xC624, 0x2D1 },
    { 0xC62C, 0xC62C, 0x2D2 },
    { 0xC640, 0xC640, 0x2D3 },
    { 0xC644, 0xC644, 0x2D4 },
    { 0xC67C, 0xC67C, 0x2D5 },
    { 0xC694, 0xC694, 0x2D6 },
    { 0xC6A9, 0xC6A9, 0x2D7 },
    { 0xC6B0, 0xC6B0, 0x2D8 },
    { 0xC6B4, 0xC6B4, 0x2D9 },
    { 0xC6B8, 0xC6B8, 0x2DA },
    { 0xC6C3, 0xC6C3, 0x2DB },
    { 0xC6CC, 0xC6CC, 0x2DC },
    { 0xC6D0, 0xC6D0, 0x2DD },
    { 0xC6D4, 0xC6D4, 0x2DE },
    { 0xC6E8, 0xC6E8, 0x2DF },
    { 0xC6F9, 0xC6F9, 0x2E0 },
    { 0xC704, 0xC704, 0x2E1 },
    { 0xC720, 0xC720, 0x2E2 },
    { 0xC73C, 0xC73C, 0x2E3 },
    { 0xC740, 0xC740, 0x2E4 },
    { 0xC744, 0xC744, 0x2E5 },
    { 0xC74C, 0xC74C, 0x2E6 },
    { 0xC758, 0xC758, 0x2E7 },
    { 0xC774, 0xC774, 0x2E8 },
    { 0xC778, 0xC778, 0x2E9 },
    { 0xC77C, 0xC77D, 0x2EA },
    { 0xC784, 0xC785, 0x2EC },
    { 0xC788, 0xC788, 0x2EE },
    { 0xC790, 0xC791, 0x2EF },
    { 0xC798, 0xC798, 0x2F1 },
    { 0xC7A0, 0xC7A0, 0x2F2 },
    { 0xC7A5, 0xC7A5, 0x2F3 },
    { 0xC7AC, 0xC7AC, 0x2F4 },
    { 0xC800, 0xC801, 0x2F5 },
    { 0xC804, 0xC804, 0x2F7 },
    { 0xC808, 0xC808, 0x2F8 },
    { 0xC815, 0xC815, 0x2F9 },
    { 0xC81C, 0xC81C, 0x2FA },
    { 0xC838, 0xC838, 0x2FB },
    { 0xC84C, 0xC84C, 0x2FC },
    { 0xC870, 0xC870, 0x2FD },
    { 0xC874, 0xC874, 0x2FE },
    { 0xC881, 0xC881, 0x2FF },
    { 0xC885, 0xC885, 0x300 },
    { 0xC88C, 0xC88C, 0x301 },
    { 0xC8FC, 0xC8FC, 0x302 },
    { 0xC900, 0xC900, 0x303 },
    { 0xC904, 0xC904, 0x304 },
    { 0xC911, 0xC911, 0x305 },
    { 0xC990, 0xC990, 0x306 },
    { 0xC99D, 0xC99D, 0x307 },
    { 0xC9C0, 0xC9C1, 0x308 },
    { 0xC9C4, 0xC9C4, 0x30A },
    { 0xC9D0, 0xC9D1, 0x30B },
    { 0xC9DC, 0xC9DC, 0x30D },
    { 0xC9E7, 0xC9E7, 0x30E },
    { 0xC9F8, 0xC9F8, 0x30F },
    { 0xCABD, 0xCABD, 0x310 },
    { 0xCC0D, 0xCC0D, 0x311 },
    { 0xCC3E, 0xCC3E, 0x312 },
    { 0xCC45, 0xCC45, 0x313 },
    { 0xCC55, 0xCC55, 0x314 },
    { 0xCCAB, 0xCCAB, 0x315 },
    { 0xCCB4, 0xCCB4, 0x316 },
    { 0xCD08, 0xCD08, 0x317 },
    { 0xCD1D, 0xCD1D, 0x318 },
    { 0xCD5C, 0xCD5C, 0x319 },
    { 0xCD94, 0xCD94, 0x31A },
    { 0xCD9C, 0xCD9C, 0x31B },
    { 0xCDA4, 0xCDA4, 0x31C },
    { 0xCDA9, 0xCDA9, 0x31D },
    { 0xCDE8, 0xCDE8, 0x31E },
    { 0xCE21, 0xCE21, 0x31F },
    { 0xCE58, 0xCE58, 0x320 },
    { 0xCE68, 0xCE68, 0x321 },
    { 0xCE6D, 0xCE6D, 0x322 },
    { 0xCE74, 0xCE74, 0x323 },
    { 0xCE90, 0xCE90, 0x324 },
    { 0xCE94, 0xCE94, 0x325 },
    { 0xCEE4, 0xCEE4, 0x326 },
    { 0xCEEC, 0xCEEC, 0x327 },
    { 0xCF1C, 0xCF1C, 0x328 },
    { 0xCF54, 0xCF54, 0x329 },
    { 0xD06C, 0xD06C, 0x32A },
    { 0xD074, 0xD074, 0x32B },
    { 0xD07D, 0xD07D, 0x32C },
    { 0xD0A4, 0xD0A4, 0x32D },
    { 0xD0B5, 0xD0B5, 0x32E },
    { 0xD0C0, 0xD0C0, 0x32F },
    { 0xD0DC, 0xD0DD, 0x330 },
    { 0xD130, 0xD130, 0x332 },
    { 0xD140, 0xD140, 0x333 },
    { 0xD14C, 0xD14D, 0x334 },
    { 0xD15C, 0xD15C, 0x336 },
    { 0xD1A0, 0xD1A0, 0x337 },
    { 0xD1B5, 0xD1B5, 0x338 },
    { 0xD1F4, 0xD1F4, 0x339 },
    { 0xD2B8, 0xD2B8, 0x33A },
    { 0xD2BC, 0xD2BC, 0x33B },
    { 0xD2F0, 0xD2F0, 0x33C },
    { 0xD301, 0xD301, 0x33D },
    { 0xD305, 0xD305, 0x33E },
    { 0xD30C, 0xD30C, 0x33F },
    { 0xD31F, 0xD31F, 0x340 },
    { 0xD328, 0xD328, 0x341 },
    { 0xD38C, 0xD38C, 0x342 },
    { 0xD398, 0xD398, 0x343 },
    { 0xD3AB, 0xD3AB, 0x344 },
    { 0xD3B8, 0xD3B8, 0x345 },
    { 0xD3C9, 0xD3C9, 0x346 },
    { 0xD3EC, 0xD3EC, 0x347 },
    { 0xD3F0, 0xD3F0, 0x348 },
    { 0xD3F4, 0xD3F4, 0x349 },
    { 0xD45C, 0xD45C, 0x34A },
    { 0xD504, 0xD504, 0x34B },
    { 0xD508, 0xD508, 0x34C },
    { 0xD50C, 0xD50C, 0x34D },
    { 0xD53C, 0xD53C, 0x34E },
    { 0xD544, 0xD544, 0x34F },
    { 0xD551, 0xD551, 0x350 },
    { 0xD558, 0xD558, 0x351 },
    { 0xD55C, 0xD55C, 0x352 },
    { 0xD560, 0xD560, 0x353 },
    { 0xD568, 0xD569, 0x354 },
    { 0xD56B, 0xD56B, 0x356 },
    { 0xD56D, 0xD56D, 0x357 },
    { 0xD574, 0xD574, 0x358 },
    { 0xD587, 0xD589, 0x359 },
    { 0xD5A5, 0xD5A5, 0x35C },
    { 0xD604, 0xD604, 0x35D },
    { 0xD615, 0xD615, 0x35E },
    { 0xD638, 0xD638, 0x35F },
    { 0xD648, 0xD648, 0x360 },
    { 0xD654, 0xD655, 0x361 },
    { 0xD658, 0xD658, 0x363 },
    { 0xD65C, 0xD65C, 0x364 },
    { 0xD669, 0xD669, 0x365 },
    { 0xD6C4, 0xD6C4, 0x366 },
    { 0xD734, 0xD734, 0x367 },
    { 0xD78C, 0xD78C, 0x368 },
    { 0xFB51, 0xFB51, 0x369 },
    { 0xFB57, 0xFB59, 0x36A },
    { 0xFB7B, 0xFB7D, 0x36D },
    { 0xFB8B, 0xFB8B, 0x370 },
    { 0xFB8F, 0xFB91, 0x371 },
    { 0xFB93, 0xFB95, 0x374 },
    { 0xFBFD, 0xFBFF, 0x377 },
    { 0xFE82, 0xFE82, 0x37A },
    { 0xFE84, 0xFE84, 0x37B },
    { 0xFE86, 0xFE86, 0x37C },
    { 0xFE88, 0xFE88, 0x37D },
    { 0xFE8A, 0xFE8C, 0x37E },
    { 0xFE8E, 0xFE8E, 0x381 },
    { 0xFE90, 0xFE92, 0x382 },
    { 0xFE94, 0xFE94, 0x385 },
    { 0xFE96, 0xFE98, 0x386 },
    { 0xFE9A, 0xFE9C, 0x389 },
    { 0xFE9E, 0xFEA0, 0x38C },
    { 0xFEA2, 0xFEA4, 0x38F },
    { 0xFEA6, 0xFEA8, 0x392 },
    { 0xFEAA, 0xFEAA, 0x395 },
    { 0xFEAC, 0xFEAC, 0x396 },
    { 0xFEAE, 0xFEAE, 0x397 },
    { 0xFEB0, 0xFEB0, 0x398 },
    { 0xFEB2, 0xFEB4, 0x399 },
    { 0xFEB6, 0xFEB8, 0x39C },
    { 0xFEBA, 0xFEBC, 0x39F },
    { 0xFEBE, 0xFEC0, 0x3A2 },
    { 0xFEC2, 0xFEC4, 0x3A5 },
    { 0xFEC6, 0xFEC8, 0x3A8 },
    { 0xFECA, 0xFECC, 0x3AB },
    { 0xFECE, 0xFED0, 0x3AE },
    { 0xFED2, 0xFED4, 0x3B1 },
    { 0xFED6, 0xFED8, 0x3B4 },
    { 0xFEDA, 0xFEDC, 0x3B7 },
    { 0xFEDE, 0xFEE0, 0x3BA },
    { 0xFEE2, 0xFEE4, 0x3BD },
    { 0xFEE6, 0xFEE8, 0x3C0 },
    { 0xFEEA, 0xFEEC, 0x3C3 },
    { 0xFEEE, 0xFEEE, 0x3C6 },
    { 0xFEF0, 0xFEF0, 0x3C7 },
    { 0xFEF2, 0xFEFC, 0x3C8 },
};

static const EpdKernClassEntry ui_16_mediumKernLeftClasses[] = {
    { 0x0022, 1 }, // "
    { 0x0024, 2 }, // $
    { 0x0026, 3 }, // &
    { 0x0027, 1 }, // '
    { 0x0028, 4 }, // (
    { 0x002A, 5 }, // *
    { 0x002B, 6 }, // +
    { 0x002C, 7 }, // ,
    { 0x002D, 6 }, // -
    { 0x002E, 7 }, // .
    { 0x002F, 8 }, // /
    { 0x0030, 9 }, // 0
    { 0x0031, 10 }, // 1
    { 0x0032, 11 }, // 2
    { 0x0033, 12 }, // 3
    { 0x0034, 13 }, // 4
    { 0x0035, 14 }, // 5
    { 0x0036, 15 }, // 6
    { 0x0037, 16 }, // 7
    { 0x0038, 12 }, // 8
    { 0x0039, 9 }, // 9
    { 0x003A, 17 }, // :
    { 0x003B, 17 }, // ;
    { 0x003D, 18 }, // =
    { 0x003E, 19 }, // >
    { 0x003F, 20 }, // ?
    { 0x0040, 21 }, // @
    { 0x0041, 22 }, // A
    { 0x0042, 23 }, // B
    { 0x0043, 24 }, // C
    { 0x0044, 21 }, // D
    { 0x0046, 25 }, // F
    { 0x0047, 26 }, // G
    { 0x0048, 10 }, // H
    { 0x0049, 10 }, // I
    { 0x004A, 27 }, // J
    { 0x004B, 28 }, // K
    { 0x004C, 29 }, // L
    { 0x004D, 10 }, // M
    { 0x004E, 10 }, // N
    { 0x004F, 21 }, // O
    { 0x0050, 30 }, // P
    { 0x0051, 21 }, // Q
    { 0x0052, 31 }, // R
    { 0x0053, 2 }, // S
    { 0x0054, 32 }, // T
    { 0x0055, 27 }, // U
    { 0x0056, 33 }, // V
    { 0x0057, 34 }, // W
    { 0x0058, 35 }, // X
    { 0x0059, 36 }, // Y
    { 0x005A, 37 }, // Z
    { 0x005B, 4 }, // [
    { 0x005C, 38 }, // <backslash>
    { 0x005E, 5 }, // ^
    { 0x005F, 39 }, // _
    { 0x0061, 40 }, // a
    { 0x0062, 41 }, // b
    { 0x0063, 41 }, // c
    { 0x0064, 10 }, // d
    { 0x0065, 41 }, // e
    { 0x0066, 42 }, // f
    { 0x0067, 43 }, // g
    { 0x0068, 40 }, // h
    { 0x0069, 44 }, // i
    { 0x006A, 44 }, // j
    { 0x006B, 45 }, // k
    { 0x006C, 10 }, // l
    { 0x006D, 40 }, // m
    { 0x006E, 40 }, // n
    { 0x006F, 41 }, // o
    { 0x0070, 41 }, // p
    { 0x0071, 43 }, // q
    { 0x0072, 46 }, // r
    { 0x0073, 47 }, // s
    { 0x0074, 48 }, // t
    { 0x0075, 49 }, // u
    { 0x0076, 50 }, // v
    { 0x0077, 51 }, // w
    { 0x0078, 52 }, // x
    { 0x0079, 50 }, // y
    { 0x007A, 53 }, // z
    { 0x007B, 4 }, // {
    { 0x007C, 10 }, // |
    { 0x007E, 54 }, // ~
    { 0x00A1, 55 }, // U+00A1
    { 0x00AB, 56 }, // U+00AB
    { 0x00B0, 5 }, // U+00B0
    { 0x00B7, 57 }, // U+00B7
    { 0x00BA, 58 }, // U+00BA
    { 0x00BB, 59 }, // U+00BB
    { 0x00BF, 60 }, // U+00BF
    { 0x00D3, 21 }, // U+00D3
    { 0x00DA, 27 }, // U+00DA
    { 0x00E1, 40 }, // U+00E1
    { 0x00E9, 41 }, // U+00E9
    { 0x00ED, 44 }, // U+00ED
    { 0x00F1, 61 }, // U+00F1
    { 0x00F3, 41 }, // U+00F3
    { 0x00FA, 49 }, // U+00FA
    { 0x00FC, 49 }, // U+00FC
    { 0x05D0, 62 }, // U+05D0
    { 0x05D1, 63 }, // U+05D1
    { 0x05D2, 64 }, // U+05D2
    { 0x05D3, 65 }, // U+05D3
    { 0x05D5, 66 }, // U+05D5
    { 0x05D6, 67 }, // U+05D6
    { 0x05D8, 68 }, // U+05D8
    { 0x05D9, 69 }, // U+05D9
    { 0x05DB, 70 }, // U+05DB
    { 0x05DC, 71 }, // U+05DC
    { 0x05DE, 72 }, // U+05DE
    { 0x05E0, 73 }, // U+05E0
    { 0x05E1, 74 }, // U+05E1
    { 0x05E2, 75 }, // U+05E2
    { 0x05E4, 76 }, // U+05E4
    { 0x05E6, 77 }, // U+05E6
    { 0x05E8, 78 }, // U+05E8
    { 0x05E9, 79 }, // U+05E9
    { 0x05EA, 80 }, // U+05EA
    { 0x2026, 7 }, // U+2026
    { 0x2190, 6 }, // U+2190
};

static const EpdKernClassEntry ui_16_mediumKernRightClasses[] = {
    { 0x0020, 1 }, // U+0020
    { 0x0021, 2 }, // !
    { 0x0022, 3 }, // "
    { 0x0023, 4 }, // #
    { 0x0024, 5 }, // $
    { 0x0025, 6 }, // %
    { 0x0026, 7 }, // &
    { 0x0027, 3 }, // '
    { 0x0029, 8 }, // )
    { 0x002A, 9 }, // *
    { 0x002B, 10 }, // +
    { 0x002C, 11 }, // ,
    { 0x002D, 12 }, // -
    { 0x002E, 13 }, // .
    { 0x002F, 14 }, // /
    { 0x0030, 15 }, // 0
    { 0x0031, 16 }, // 1
    { 0x0032, 17 }, // 2
    { 0x0033, 18 }, // 3
    { 0x0034, 19 }, // 4
    { 0x0035, 20 }, // 5
    { 0x0036, 15 }, // 6
    { 0x0037, 21 }, // 7
    { 0x0038, 22 }, // 8
    { 0x0039, 23 }, // 9
    { 0x003A, 24 }, // :
    { 0x003B, 24 }, // ;
    { 0x003C, 25 }, // <
    { 0x003D, 26 }, // =
    { 0x003F, 27 }, // ?
    { 0x0040, 28 }, // @
    { 0x0041, 29 }, // A
    { 0x0042, 30 }, // B
    { 0x0043, 31 }, // C
    { 0x0044, 30 }, // D
    { 0x0045, 30 }, // E
    { 0x0046, 30 }, // F
    { 0x0047, 31 }, // G
    { 0x0048, 30 }, // H
    { 0x0049, 30 }, // I
    { 0x004A, 32 }, // J
    { 0x004B, 30 }, // K
    { 0x004C, 30 }, // L
    { 0x004D, 30 }, // M
    { 0x004E, 30 }, // N
    { 0x004F, 31 }, // O
    { 0x0050, 30 }, // P
    { 0x0051, 31 }, // Q
    { 0x0052, 30 }, // R
    { 0x0053, 5 }, // S
    { 0x0054, 33 }, // T
    { 0x0055, 34 }, // U
    { 0x0056, 35 }, // V
    { 0x0057, 36 }, // W
    { 0x0058, 37 }, // X
    { 0x0059, 38 }, // Y
    { 0x005A, 39 }, // Z
    { 0x005C, 35 }, // <backslash>
    { 0x005D, 8 }, // ]
    { 0x005E, 40 }, // ^
    { 0x005F, 41 }, // _
    { 0x0061, 42 }, // a
    { 0x0062, 30 }, // b
    { 0x0063, 43 }, // c
    { 0x0064, 43 }, // d
    { 0x0065, 43 }, // e
    { 0x0066, 44 }, // f
    { 0x0067, 43 }, // g
    { 0x0068, 30 }, // h
    { 0x0069, 45 }, // i
    { 0x006A, 46 }, // j
    { 0x006B, 30 }, // k
    { 0x006C, 30 }, // l
    { 0x006D, 47 }, // m
    { 0x006E, 47 }, // n
    { 0x006F, 43 }, // o
    { 0x0070, 47 }, // p
    { 0x0071, 43 }, // q
    { 0x0072, 47 }, // r
    { 0x0073, 48 }, // s
    { 0x0074, 49 }, // t
    { 0x0075, 50 }, // u
    { 0x0076, 51 }, // v
    { 0x0077, 52 }, // w
    { 0x0078, 53 }, // x
    { 0x0079, 51 }, // y
    { 0x007A, 54 }, // z
    { 0x007C, 30 }, // |
    { 0x007D, 8 }, // }
    { 0x007E, 55 }, // ~
    { 0x00AB, 56 }, // U+00AB
    { 0x00B0, 57 }, // U+00B0
    { 0x00B7, 58 }, // U+00B7
    { 0x00BA, 59 }, // U+00BA
    { 0x00BB, 60 }, // U+00BB
    { 0x00BF, 61 }, // U+00BF
    { 0x00D3, 31 }, // U+00D3
    { 0x00DA, 34 }, // U+00DA
    { 0x00E1, 42 }, // U+00E1
    { 0x00E9, 43 }, // U+00E9
    { 0x00ED, 62 }, // U+00ED
    { 0x00F1, 47 }, // U+00F1
    { 0x00F3, 43 }, // U+00F3
    { 0x00FA, 50 }, // U+00FA
    { 0x00FC, 63 }, // U+00FC
    { 0x05D0, 64 }, // U+05D0
    { 0x05D1, 65 }, // U+05D1
    { 0x05D2, 66 }, // U+05D2
    { 0x05D3, 67 }, // U+05D3
    { 0x05D4, 68 }, // U+05D4
    { 0x05D6, 69 }, // U+05D6
    { 0x05D7, 70 }, // U+05D7
    { 0x05D8, 71 }, // U+05D8
    { 0x05D9, 72 }, // U+05D9
    { 0x05DA, 73 }, // U+05DA
    { 0x05DB, 74 }, // U+05DB
    { 0x05DC, 75 }, // U+05DC
    { 0x05DD, 76 }, // U+05DD
    { 0x05DE, 77 }, // U+05DE
    { 0x05E1, 78 }, // U+05E1
    { 0x05E2, 79 }, // U+05E2
    { 0x05E3, 80 }, // U+05E3
    { 0x05E4, 81 }, // U+05E4
    { 0x05E5, 82 }, // U+05E5
    { 0x05E7, 83 }, // U+05E7
    { 0x05E8, 84 }, // U+05E8
    { 0x05E9, 85 }, // U+05E9
    { 0x05EA, 86 }, // U+05EA
    { 0x2026, 87 }, // U+2026
    { 0x2192, 10 }, // U+2192
};

static const int8_t ui_16_mediumKernMatrix[] = {
       0,    0,    0,    0,    0,    0,  -18,    0,    0,    0,  -45,    0,  -45,    0,    0,    0,    0,    0,  -33,    0,    0,    0,    0,    0,    0,    0,    0,    0,  -42,    0,    0,  -88,    0,    0,    0,    0,    0,    0,    0,    0,    0,    0,  -10,    0,    0,    0,    0,   -3,    0,    0,    0,    0,    0,    0,    0,    0,    0,    0,    0,    0,    0,    0,    0,    0,    0,    0,    0,    0,    0,    0,    0,    0,    0,    0,    0,    0,    0,    0,    0,    0,    0,    0,    0,    0,    0,    0,  -45,
       0,    0,    0,    0,    0,    0,    0,    0,    0,    0,    0,    0,    0,    0,    0,    0,    0,    0,    0,    0,    0,    0,    0,    0,    0,    0,    0,    0,   -3,    0,    0,    0,   -4,    0,    0,    0,   -6,    0,    0,    0,    0,    0,    0,    0,    0,    0,    0,    0,    0,    0,    0,    0,    0,    0,    0,    0,    0,    0,    0,    0,    0,    0,    0,    0,    0,    0,    0,    0,    0,    0,    0,    0,    0,    0,    0,    0,    0,    0,    0,    0,    0,    0,    0,    0,    0,    0,    0,
       0,    0,  -18,    0,    0,    0,    0,    0,    0,    0,    0,    0,    0,    0,    0,    0,    0,    0,    0,    0,    0,    0,    0,    0,    0,    0,    0,    0,    0,    0,    0,    0,  -30,    0,  -33,  -21,    0,  -39,    0,    0,    0,    0,    0,    0,    0,    0,    0,    0,    0,    0,  -18,  -18,    0,    0,    0,    0,    0,    0,  -21,    0,    0,    0,    0,    0,    0,    0,    0,    0,    0,    0,    0,    0,    0,    0,    0,    0,    0,    0,    0,    0,    0,    0,    0,    0,    0,    0,    0,
       0,    0,    0,    0,    0,    0,    0,    0,    0,    0,    0,    0,    0,    0,    0,    0,    0,    0,    0,    0,    0,    0,    0,    0,    0,    0,    0,    0,    0,    3,    0,    0,    0,    0,    0,    0,    0,    0,    0,    0,    0,    0,   -5,    0,    0,   12,    3,    0,    0,    0,    0,    0,    0,    0,    0,    0,    0,    0,    0,    0,    0,    0,    0,    0,    0,    0,    0,    0,    0,    0,    0,    0,    0,    0,    0,    0,    0,    0,    0,    0,    0,    0,    0,    0,    0,    0,    0,
       0,    0,    0,    0,    0,    0,  -18,    0,    0,    0,  -73,    0,  -73,    0,    0,    0,    0,    0,  -24,    0,    0,    0,    0,    0,    0,    0,    0,   -6,  -45,    0,   -6,  -51,    0,    0,    0,    0,    0,    0,    0,    0,  -36,    0,    0,    0,    0,    0,    0,    0,    0,    0,    0,    0,    0,    0,    0,    0,    0,    0,    0,    0,    0,    0,    0,    0,    0,    0,    0,    0,    0,    0,    0,    0,    0,    0,    0,    0,    0,    0,    0,    0,    0,    0,    0,    0,    0,    0,  -73,
       0,    0,    0,    0,    0,    0,    0,    0,    0,    0,    0,    0,    0,    0,    0,    0,  -16,   -5,    0,    0,  -13,    0,    0,    0,    0,    0,    0,    0,  -18,    0,    0,  -24,  -40,    0,  -26,  -23,  -20,  -40,    0,    0,    0,    0,    0,    0,    0,    0,    0,    0,    0,    0,   -1,    0,  -12,    0,    0,    0,    0,    0,    0,    0,    0,    0,    0,    0,    0,    0,    0,    0,    0,    0,    0,    0,    0,    0,    0,    0,    0,    0,    0,    0,    0,    0,    0,    0,    0,    0,    0,
      -5,   -2,  -47,    0,    0,    0,    0,    0,    0,    0,    0,    0,    0,    0,  -14,  -48,    0,  -13,    0,   -6,  -10,  -12,   -5,    0,    0,    0,  -50,  -23,    0,    0,  -23,    0,  -18,    0,    0,    0,    0,  -23,    0,    0,    0,    0,    0,    0,    0,    0,    0,    0,    0,    0,    0,    0,    0,    0,    0,    0,    0,    0,    0,    0,    0,    0,    0,    0,    0,    0,    0,    0,    0,    0,    0,    0,    0,    0,    0,    0,    0,    0,    0,    0,    0,    0,    0,    0,    0,    0,    0,
       0,    0,    0,    0,    0,    0,    0,    0,    0,    0,  -21,    0,  -21,    0,    0,    0,    0,    0,    0,    0,    0,    0,    0,    0,    0,    0,    0,    0,  -14,    0,    0,  -33,    0,    0,    1,    1,    0,    0,    0,    0,    0,    0,    0,    0,    0,    0,    0,    0,    0,    0,    0,    0,    0,    0,    0,    0,    0,    0,    0,    0,    0,    0,    0,    0,    0,    0,    0,    0,    0,    0,    0,    0,    0,    0,    0,    0,    0,    0,    0,    0,    0,    0,    0,    0,    0,    0,  -21,
       0,    0,    0,    0,    0,    0,    0,    0,    0,    0,  -14,    0,  -14,    0,    0,    0,    0,    0,    0,    0,  -10,    0,    0,    0,    0,    0,    0,    0,   -2,    0,    0,    0,    0,    0,   -9,    0,  -19,  -18,    0,    0,  -24,    0,    0,    0,    0,    0,    0,    0,    9,    0,    0,    0,    0,    0,    0,    0,    0,    0,    0,    0,    0,    0,    0,    0,    0,    0,    0,    0,    0,    0,    0,    0,    0,    0,    0,    0,    0,    0,    0,    0,    0,    0,    0,    0,    0,    0,  -14,
       0,    0,    0,    0,    0,    0,    0,    3,    0,    0,    0,    0,    0,    0,    0,    0,    0,    0,    0,    0,    0,    0,    0,    0,    0,    0,    0,    0,    0,    0,    0,    0,    0,    0,    0,    0,    0,    0,    0,    0,    3,    0,    0,    0,    0,    0,    0,    0,    7,    0,    3,    0,    0,    0,    0,    0,    0,    0,    0,    0,    0,    0,    0,    0,    0,    0,    0,    0,    0,    0,    0,    0,    0,    0,    0,    0,    0,    0,    0,    0,    0,    0,    0,    0,    0,    0,    0,
       0,    0,    0,    0,    0,    0,    0,    0,    0,    0,    0,    0,    0,    0,    0,    0,    0,    0,   -8,    0,    0,    0,    0,    0,    0,    0,    0,    0,    0,    0,    0,    0,    0,    0,    0,    0,    0,    0,    0,    0,    0,    0,    0,    0,    0,    0,    0,    0,    0,    0,    0,    0,    0,    0,    0,    0,    0,    0,    0,    0,    0,    0,    0,    0,    0,    0,    0,    0,    0,    0,    0,    0,    0,    0,    0,    0,    0,    0,    0,    0,    0,    0,    0,    0,    0,    0,    0,
       0,    0,    0,    0,    0,    0,    0,    0,   -7,    0,  -12,    0,  -12,    0,    0,    0,    0,    0,    0,    0,    0,    0,    0,    0,    0,    0,    0,    0,    0,    0,    0,    0,    0,    0,    0,    0,  -11,    0,    0,   -7,    0,    0,    0,    0,    0,    0,    0,    0,    0,    0,    0,    0,    0,    0,    0,  -18,   -7,    0,    0,    0,    0,    0,    0,    0,    0,    0,    0,    0,    0,    0,    0,    0,    0,    0,    0,    0,    0,    0,    0,    0,    0,    0,    0,    0,    0,    0,  -12,
       0,    0,    0,    0,    0,    0,    0,    0,  -15,    0,  -18,    0,  -18,    0,    0,  -15,    0,    0,    0,    0,   -3,    0,    0,    0,    0,    0,    0,    0,    0,    0,    0,    0,    0,    0,    0,    0,    0,    0,    0,  -15,    0,    0,    0,    0,    0,    0,    0,    0,   -1,    0,    0,    0,    0,    0,    0,    0,  -15,    0,    0,    0,    0,    0,    0,    0,    0,    0,    0,    0,    0,    0,    0,    0,    0,    0,    0,    0,    0,    0,    0,    0,    0,    0,    0,    0,    0,    0,  -18,
       0,    0,    0,    0,    0,    0,    0,    0,   -2,    0,  -14,    0,  -14,    0,    0,   -1,    0,    0,    0,    0,    0,    0,    0,    0,    0,    0,    0,    0,    0,    0,    0,    0,    0,    0,    0,    0,    0,    0,    0,   -2,    0,    0,    0,    0,    0,    0,    0,    0,   -1,    0,    0,    0,    0,    0,    0,    0,   -2,    0,    0,    0,    0,    0,    0,    0,    0,    0,    0,    0,    0,    0,    0,    0,    0,    0,    0,    0,    0,    0,    0,    0,    0,    0,    0,    0,    0,    0,  -14,
       0,    0,    0,    0,    0,    0,    0,    0,    0,    0,  -17,    0,  -17,    0,    0,    0,    0,    0,    0,    0,    0,    0,    0,    0,    0,    0,    0,    0,    0,    0,    0,    0,    0,    0,    0,    0,    0,    0,    0,    0,  -24,    0,    0,    0,    0,    0,    0,    0,    0,    0,    0,    0,    0,    0,    0,    0,    0,    0,    0,    0,    0,    0,    0,    0,    0,    0,    0,    0,    0,    0,    0,    0,    0,    0,    0,    0,    0,    0,    0,    0,    0,    0,    0,    0,    0,    0,  -17,
       0,    0,    0,  -30,    0,    1,  -24,    0,    1,    0,  -67,    0,  -67,    0,   -8,    0,    0,   -9,  -31,   -5,   10,   -8,   -5,  -18,  -48,    0,    0,    0,  -58,    0,    0,  -51,    0,    0,    0,    0,    0,    0,    0,    1,  -85,  -24,  -27,    0,    0,    0,  -27,  -22,    0,    0,    0,    0,    0,    0,    0,  -33,    1,    0,    0,    0,    0,    0,    0,    0,    0,    0,    0,    0,    0,    0,    0,    0,    0,    0,    0,    0,    0,    0,    0,    0,    0,    0,    0,    0,    0,    0,  -67,
       0,    0,    0,    0,    0,    0,    0,    0,    0,    0,    0,    0,    0,    0,    0,    0,    0,    0,    0,    0,    0,    0,    0,    0,    0,    0,    0,    0,    0,    0,    0,    0,  -18,    0,  -33,    0,    0,    0,    0,    0,    0,    0,    0,    0,    0,    0,    0,    0,    0,    0,    0,    0,    0,    0,    0,    0,    0,    0,    0,    0,    0,    0,    0,    0,    0,    0,    0,    0,    0,    0,    0,    0,    0,    0,    0,    0,    0,    0,    0,    0,    0,    0,    0,    0,    0,    0,    0,
       0,    0,    0,    0,    0,    0,    0,    0,    0,    0,    0,    0,    0,    0,    0,    0,    0,    0,    0,    0,    0,    0,    0,    0,    0,    0,    0,    0,  -27,    0,    0,    0,  -24,    0,  -36,  -33,  -27,  -51,    0,    0,    0,    0,    0,    0,    0,    0,    0,    0,    0,    0,  -21,    0,  -18,    0,    0,    0,    0,    0,    0,    0,    0,    0,    0,    0,    0,    0,    0,    0,    0,    0,    0,    0,    0,    0,    0,    0,    0,    0,    0,    0,    0,    0,    0,    0,    0,    0,    0,
       0,    0,    0,    0,    0,    0,    0,    0,    0,    0,    0,    0,    0,    0,    0,    0,    0,    0,    0,    0,  -39,    0,    0,    0,    0,    0,    0,    0,   -7,    0,    0,    0,  -42,    0,  -39,  -39,  -30,  -48,  -33,    0,    0,    0,    0,    0,    0,    0,    0,    0,    0,    0,    0,    0,    0,    0,    0,    0,    0,    0,    0,    0,    0,    0,    0,    0,    0,    0,    0,    0,    0,    0,    0,    0,    0,    0,    0,    0,    0,    0,    0,    0,    0,    0,    0,    0,    0,    0,    0,
       0,    0,    0,    0,    0,    0,    0,    0,    0,    0,    0,    0,    0,    0,    0,    0,    0,    0,    0,    0,    0,    0,    0,    0,    0,    0,    0,    0,  -33,    0,    0,    0,    0,    0,    0,    0,    0,    0,    0,    0,    0,    0,    0,    0,    0,    0,    0,    0,    0,    0,    0,    0,    0,    0,    0,    0,    0,    0,    0,    0,    0,    0,    0,    0,    0,    0,    0,    0,    0,    0,    0,    0,    0,    0,    0,    0,    0,    0,    0,    0,    0,    0,    0,    0,    0,    0,    0,
       0,    0,    0,    0,    0,    0,    0,    0,    0,    0,  -23,    0,  -23,  -21,    0,    0,    0,    0,    0,    0,    0,    0,    0,    0,    0,    0,    0,    0,  -19,    0,    0,    0,  -17,    0,  -19,   -5,  -23,  -21,    0,    0,  -21,    0,    0,    0,    0,    0,    0,    0,    0,    0,    0,    0,    0,    0,    0,    0,    0,    0,    0,    0,    0,    0,    0,    0,    0,    0,    0,    0,    0,    0,    0,    0,    0,    0,    0,    0,    0,    0,    0,    0,    0,    0,    0,    0,    0,    0,  -23,
       0,    0,  -42,    0,   -3,    0,    0,    0,  -45,  -18,    0,  -18,    0,    9,   -2,  -23,    0,    0,    0,    0,    0,    0,    0,    0,   -7,  -27,  -33,  -19,    8,    0,  -19,    0,  -47,  -12,  -40,  -33,    0,  -42,    0,  -45,    0,    0,   -5,   -2,    2,    0,    0,   -2,  -12,    0,  -36,  -36,    0,    0,  -18,  -18,  -45,  -18,  -39,  -18,    0,    2,    0,    0,    0,    0,    0,    0,    0,    0,    0,    0,    0,    0,    0,    0,    0,    0,    0,    0,    0,    0,    0,    0,    0,    0,    0,
       0,    0,    0,    0,    0,    0,    0,    0,    0,    0,    0,    0,    0,    0,    0,    0,    0,    0,    0,    0,    0,    0,    0,    0,    0,    0,    0,    0,    0,    0,    0,    0,  -29,    0,    0,    0,    0,    0,    0,    0,    0,    0,    0,    0,    0,    0,    0,    0,    0,    0,    0,    0,    0,    0,    0,    0,    0,    0,    0,    0,    0,    0,    0,    0,    0,    0,    0,    0,    0,    0,    0,    0,    0,    0,    0,    0,    0,    0,    0,    0,    0,    0,    0,    0,    0,    0,    0,
       0,    0,    0,    0,    0,    0,    0,    0,    0,    0,    0,    0,    0,    0,    0,    0,    0,    0,    0,    0,    0,    0,    0,    0,    0,    0,    0,    0,  -11,    0,    0,    0,    0,    0,    0,    0,   -4,    0,    0,    0,  -21,    0,    0,    0,    0,    0,    0,    0,    0,    0,    1,    0,    0,    0,    0,    0,    0,    0,    0,    0,    0,    0,    0,    0,    0,    0,    0,    0,    0,    0,    0,    0,    0,    0,    0,    0,    0,    0,    0,    0,    0,    0,    0,    0,    0,    0,    0,
       0,    0,    0,    0,    0,    0,    0,    0,    0,    0,  -21,    0,  -39,   -1,    0,    0,    0,    0,    0,    0,    0,    0,    0,    0,    0,    0,    0,   -1,  -48,    0,   -1,  -36,    0,    0,    0,    0,    0,    0,    0,    0,  -18,  -11,  -17,    0,    0,    0,  -13,    0,    0,  -18,  -18,    0,    0,  -18,    0,    0,    0,    0,    0,    0,    0,    0,  -18,    0,    0,    0,    0,    0,    0,    0,    0,    0,    0,    0,    0,    0,    0,    0,    0,    0,    0,    0,    0,    0,    0,    0,  -66,
       0,    0,    0,    0,    0,    0,    0,    0,    0,    0,    0,    0,    0,    0,    0,    0,    0,    0,    0,    0,    0,    0,    0,    0,    0,    0,    0,    0,  -14,    0,    0,    0,  -16,    0,  -12,    0,   -4,  -13,    0,    0,    0,    0,    0,    0,    0,    0,    0,    0,    0,    0,    0,    0,    0,    0,    0,    0,    0,    0,    0,    0,    0,    0,    0,    0,    0,    0,    0,    0,    0,    0,    0,    0,    0,    0,    0,    0,    0,    0,    0,    0,    0,    0,    0,    0,    0,    0,    0,
       0,    0,    0,    0,    0,    0,    0,    0,    0,    0,  -18,    0,  -18,  -30,    0,    0,    0,    0,    0,    0,    0,    0,    0,    0,    0,    0,    0,    0,  -12,    0,    0,    0,    0,    0,    0,    0,    0,    0,    0,    0,  -27,    0,    0,    0,    0,    0,    0,    0,    0,    0,    0,    0,    0,    0,    0,    0,    0,    0,    0,    0,    0,    0,    0,    0,    0,    0,    0,    0,    0,    0,    0,    0,    0,    0,    0,    0,    0,    0,    0,    0,    0,    0,    0,    0,    0,    0,  -18,
       0,    0,    0,    0,   -6,    0,    0,    0,    0,  -52,    0,  -52,    0,    0,    0,    0,    0,    0,    0,    0,    0,    0,    0,    0,  -36,  -18,    0,  -20,    0,    0,  -20,    0,    0,    0,    0,    0,    0,    0,    0,    0,    0,    0,  -21,    0,    6,    0,    0,    0,    0,  -18,  -21,  -33,    0,    0,  -52,  -27,    0,  -76,    0,    0,    0,    6,  -18,    0,    0,    0,    0,    0,    0,    0,    0,    0,    0,    0,    0,    0,    0,    0,    0,    0,    0,    0,    0,    0,    0,    0,    0,
       0,    0,  -48,    0,    0,    0,    0,    0,  -91,  -42,    0,  -69,    0,    0,    0,  -24,    0,    0,    0,    0,    0,    0,    0,    0,    0,    0,   -4,  -15,    0,    0,  -15,    0,  -51,    0,  -38,   -7,    0,  -32,    0,  -70,    0,    0,    0,    0,    0,    0,    0,    0,  -12,    0,  -36,    0,    0,    0,  -63,  -33,  -94,  -75,  -51,    0,    0,    0,    0,    0,    0,    0,    0,    0,    0,    0,    0,    0,    0,    0,    0,    0,    0,    0,    0,    0,    0,    0,    0,    0,    0,    0,    0,
       0,    0,    0,    0,    0,    0,  -18,    0,    0,  -20,  -21,  -20,  -39,    0,    0,    0,    0,    0,    0,    0,    0,    0,    0,    0,    0,    0,    0,    0,  -41,    0,    0,  -51,   -1,    0,    0,    0,    0,    0,    0,    0,    0,   -3,   -5,    0,    0,    0,   -1,    0,    0,    0,    0,    0,    0,    0,  -20,    0,    0,  -20,    0,    0,    0,    0,    0,    0,    0,    0,    0,    0,    0,    0,    0,    0,    0,    0,    0,    0,    0,    0,    0,    0,    0,    0,    0,    0,    0,    0,  -72,
       0,    0,    0,    0,    0,    0,    0,    0,    0,    0,    0,    0,    0,    0,    0,    0,    0,    0,    0,    0,    0,    0,    0,    0,    0,    0,    0,    0,    0,    0,    0,    0,   -1,    0,   -9,    0,    0,  -14,    0,    0,    0,   -3,   -8,    0,    0,    0,    0,    0,    0,    0,    0,    0,    0,    0,    0,    0,    0,    0,    0,    0,    0,    0,    0,    0,    0,    0,    0,    0,    0,    0,    0,    0,    0,    0,    0,    0,    0,    0,    0,    0,    0,    0,    0,    0,    0,    0,    0,
       0,    0,    0,    0,   -1,    0,  -18,    0,    0,  -36,  -18,  -36,  -18,  -69,  -18,    0,    0,    0,  -36,    0,  -42,    0,    0,  -18,  -42,  -18,    0,  -17,  -47,    0,  -17,  -48,    0,    0,    0,    0,    0,    8,    0,    0,  -30,  -41,  -44,   -1,    0,    0,  -32,  -41,  -50,  -41,  -36,  -35,  -29,  -27,  -36,  -70,    0,  -78,    0,  -27,    0,    0,  -70,    0,    0,    0,    0,    0,    0,    0,    0,    0,    0,    0,    0,    0,    0,    0,    0,    0,    0,    0,    0,    0,    0,    0,  -63,
       0,    0,    0,    0,    0,    0,  -27,    0,    0,  -28,  -51,  -28,  -51,  -26,   -9,    0,    0,    0,  -18,    0,    0,    0,    0,  -33,  -39,  -33,    0,  -37,  -40,    0,  -19,  -51,    0,    0,    8,    0,    0,    0,    0,    0,  -42,  -29,  -30,    0,    0,    0,   -4,  -24,    0,    0,    0,    0,    0,    0,  -28,  -30,    0,  -49,    0,    0,   -5,    0,    0,    0,    0,    0,    0,    0,    0,    0,    0,    0,    0,    0,    0,    0,    0,    0,    0,    0,    0,    0,    0,    0,    0,    0,  -51,
       0,    0,    0,    0,   -1,    0,  -27,    0,    0,  -26,  -51,  -26,  -51,   -5,    0,    0,    0,    0,  -18,    0,    0,    0,    0,  -27,  -39,  -33,    0,   -5,  -33,    0,   -5,  -33,    0,    0,    1,   12,    0,    0,    0,    0,    0,  -28,  -27,    0,    0,    0,  -17,  -18,    0,    0,    0,    0,    0,    0,  -26,  -30,    0,  -43,    0,    0,   -5,    0,    0,    0,    0,    0,    0,    0,    0,    0,    0,    0,    0,    0,    0,    0,    0,    0,    0,    0,    0,    0,    0,    0,    0,    0,  -51,
       0,    0,    0,    0,   -6,    0,    0,    0,    0,  -20,    0,  -20,    0,    0,  -19,    0,    0,  -11,  -21,    0,    0,  -11,    0,    0,  -30,  -27,    0,  -23,    0,    0,  -23,    0,  -19,    0,    0,    0,    0,    0,    0,    0,    0,  -30,  -15,    0,    0,    0,    0,    0,    0,    0,    0,    0,    0,    0,  -38,  -21,    0,  -44,    0,    0,    0,    0,    0,    0,    0,    0,    0,    0,    0,    0,    0,    0,    0,    0,    0,    0,    0,    0,    0,    0,    0,    0,    0,    0,    0,    0,    0,
       0,    0,    0,    0,    0,    0,  -33,    0,    0,  -40,  -23,  -40,  -23,    0,    0,    0,    0,    0,  -36,    0,    0,    0,    0,  -33,  -54,  -51,    0,  -21,  -42,    0,  -21,  -18,    8,    0,    0,    0,    0,    0,    0,    0,    0,  -45,  -48,    0,  -14,    0,  -23,  -36,    0,  -21,    0,    0,    0,    0,  -40,  -48,    0,  -67,    0,  -33,    0,  -30,  -21,    0,    0,    0,    0,    0,    0,    0,    0,    0,    0,    0,    0,    0,    0,    0,    0,    0,    0,    0,    0,    0,    0,    0,  -75,
       0,    0,    0,    0,    0,    0,    0,    0,    0,  -21,    0,  -21,    0,    0,    0,    0,    0,    0,    0,    0,    0,    0,    0,    0,  -33,    0,    0,  -18,    0,    0,  -18,    0,    0,    0,    0,    0,    0,    0,    0,    0,    0,    0,    0,    0,    0,    0,    0,    0,    0,    0,    0,    0,    0,    0,  -21,  -18,    0,  -39,    0,    0,    0,    0,    0,    0,    0,    0,    0,    0,    0,    0,    0,    0,    0,    0,    0,    0,    0,    0,    0,    0,    0,    0,    0,    0,    0,    0,    0,
       0,    0,  -42,    0,   -3,    0,    0,    0,  -45,  -18,    0,  -18,    0,    9,   -2,  -23,    0,    0,    0,    0,    0,    0,    0,    0,   -7,  -27,  -33,  -19,    8,    0,  -19,    0,  -68,  -12,  -66,  -64,    0,  -42,    0,  -45,    0,    0,   -5,   -2,    2,    0,    0,   -2,  -12,    0,  -63,  -36,    0,    0,  -18,  -18,  -45,  -18,  -39,  -18,    0,    2,    0,    0,    0,    0,    0,    0,    0,    0,    0,    0,    0,    0,    0,    0,    0,    0,    0,    0,    0,    0,    0,    0,    0,    0,    0,
       0,    0,    0,    0,    0,    0,    0,    0,  -36,    0,    0,    0,    0,    0,  -24,  -58,    0,  -24,  -30,  -24,    0,  -24,  -24,    0,    0,    0,    0,  -21,    0,   16,  -21,    0,  -30,  -21,  -42,    0,    0,    0,    0,  -36,    0,    0,    0,    0,   13,   51,   16,    0,    0,    0,  -42,    0,    0,    0,    0,    0,  -36,    0,    0,    0,    0,   13,    0,    0,    0,    0,    0,    0,    0,    0,    0,    0,    0,    0,    0,    0,    0,    0,    0,    0,    0,    0,    0,    0,    0,    0,    0,
       0,    0,   -6,    0,    0,    0,    0,    0,    0,    0,    0,    0,    0,    0,    0,  -21,    0,    0,    0,    0,    0,    0,    0,    0,    0,    0,    0,    0,    0,    0,    0,    0,  -39,    0,  -27,  -27,    0,  -43,    0,    0,    0,    0,    0,    0,    0,    0,    0,    0,    0,    0,   -9,    0,    0,    0,    0,    0,    0,    0,    0,    0,    0,    0,    0,    0,    0,    0,    0,    0,    0,    0,    0,    0,    0,    0,    0,    0,    0,    0,    0,    0,    0,    0,    0,    0,    0,    0,    0,
       0,    0,  -10,    0,    0,    0,    0,   -6,    0,    0,    0,    0,    0,    0,    0,  -18,    0,    0,    0,    0,    0,    0,    0,    0,    0,    0,    0,    0,  -17,    0,    0,    0,  -45,    0,  -30,  -27,  -15,  -51,    0,    0,    0,    5,    0,    0,    0,    0,    0,    0,    0,    0,  -10,   -9,  -12,   -9,    0,    0,    0,    0,  -18,    0,    0,    0,    0,    0,    0,    0,    0,    0,    0,    0,    0,    0,    0,    0,    0,    0,    0,    0,    0,    0,    0,    0,    0,    0,    0,    0,    0,
       0,    0,    0,    0,    0,    0,    0,    0,    0,  -14,  -30,  -14,  -30,  -12,    0,    0,    0,    0,  -33,    0,    0,    0,    0,    0,    0,    0,    0,    0,  -18,    0,    0,  -33,    0,    0,    0,    0,    0,    4,    0,    0,   -8,   -9,  -13,  -21,    1,    1,    0,  -11,  -19,    0,    0,    9,    0,    0,  -14,  -21,    0,  -14,    0,    0,    0,    1,    0,    0,    0,    0,    0,    0,    0,    0,    0,    0,    0,    0,    0,    0,    0,    0,    0,    0,    0,    0,    0,    0,    0,    0,  -30,
       0,    0,    0,    0,    0,    0,    0,    0,    0,    0,    0,    0,    0,    0,    0,    0,    0,    0,    0,    0,    0,    0,    0,    0,    0,    0,    0,    0,    0,    0,    0,    0,  -27,    0,    0,    0,    0,    0,    0,    0,    0,    0,    0,    0,    0,    2,    0,    0,    0,    0,    0,    0,    0,    0,    0,    0,    0,    0,    0,    0,    0,    0,    0,    0,    0,    0,    0,    0,    0,    0,    0,    0,    0,    0,    0,    0,    0,    0,    0,    0,    0,    0,    0,    0,    0,    0,    0,
       0,    0,    0,    0,    0,    0,    0,    2,    0,    0,    0,    0,    0,    0,    0,    0,    0,    0,    0,    0,    0,    0,    0,    0,    0,    0,    0,    0,    0,    0,    0,    0,    0,    0,    0,    0,    0,    0,    0,    0,    0,    0,    0,    0,    0,    0,    0,    0,    1,    0,    0,    0,    0,    0,    0,    0,    0,    0,    0,    0,    0,    0,    0,    0,    0,    0,    0,    0,    0,    0,    0,    0,    0,    0,    0,    0,    0,    0,    0,    0,    0,    0,    0,    0,    0,    0,    0,
       0,    0,    0,    0,    0,    0,    0,    0,    0,  -26,    0,  -26,    0,    0,    0,    0,    0,    0,  -24,    0,    0,    0,    0,    0,  -45,    0,    0,    0,    0,    0,    0,    0,  -30,    0,    0,    0,    0,    0,    0,    0,    0,    0,  -12,    0,    0,    0,    0,    0,    0,    0,    1,    0,    0,    0,  -26,  -27,    0,  -26,    0,    0,    0,    0,    0,    0,    0,    0,    0,    0,    0,    0,    0,    0,    0,    0,    0,    0,    0,    0,    0,    0,    0,    0,    0,    0,    0,    0,    0,
       0,    0,    0,    0,    0,    0,    0,    0,    0,  -20,  -33,  -20,  -33,  -17,    0,    0,    0,    0,    0,    0,    0,    0,    0,    0,  -21,    0,    0,    0,  -21,    7,    0,  -30,  -30,    0,    0,    0,    0,    0,  -18,    0,    0,   -3,  -10,    9,    4,    8,    6,    0,    9,    0,    8,    4,    8,    0,  -20,    0,    0,  -20,    0,    0,    0,    4,    0,    0,    0,    0,    0,    0,    0,    0,    0,    0,    0,    0,    0,    0,    0,    0,    0,    0,    0,    0,    0,    0,    0,    0,  -33,
       0,    0,   -3,    0,    0,    0,    0,    0,    0,    0,    0,    0,    0,    0,    0,    0,    0,    0,    0,    0,    0,    0,    0,    0,    0,    0,    0,    0,    0,    0,    0,    0,  -39,    0,  -24,  -18,    0,  -39,    0,    0,    0,    0,    0,    0,    0,    0,    0,    0,    1,    0,   -1,    0,    0,    0,    0,    0,    0,    0,    0,    0,    0,    0,    0,    0,    0,    0,    0,    0,    0,    0,    0,    0,    0,    0,    0,    0,    0,    0,    0,    0,    0,    0,    0,    0,    0,    0,    0,
       0,    0,    0,    0,    0,    0,    0,    0,    0,  -10,    0,  -10,    0,    0,    0,    0,    0,    0,   -6,    0,    0,    0,    0,    0,  -15,    0,    0,    0,    0,    1,    0,    0,  -18,    0,   -4,   -4,    0,   -7,    0,    0,    0,    3,   -5,  -14,    0,    5,    0,   -5,   -4,    0,   11,    9,    0,    0,  -10,    0,    0,  -10,    0,    0,    0,    0,    0,    0,    0,    0,    0,    0,    0,    0,    0,    0,    0,    0,    0,    0,    0,    0,    0,    0,    0,    0,    0,    0,    0,    0,    0,
       0,    0,    0,    0,    0,    0,    0,    0,    0,  -21,    0,  -21,    0,  -18,    0,    0,    0,    0,    0,    0,    0,    0,    0,    0,  -21,    0,    0,    0,    0,    0,    0,    0,  -27,    0,    0,    0,    0,  -30,    0,    0,  -18,    0,    0,    0,    0,    0,    0,    0,    0,    0,    0,    0,    0,    0,  -21,    0,    0,  -21,    0,    0,    0,    0,    0,    0,    0,    0,    0,    0,    0,    0,    0,    0,    0,    0,    0,    0,    0,    0,    0,    0,    0,    0,    0,    0,    0,    0,    0,
       0,    0,    0,    0,    0,    0,    0,    0,    0,  -20,  -24,  -20,  -24,  -30,    0,    0,    0,    0,    0,    0,    0,    0,    0,    0,  -18,  -21,    0,    0,  -36,    2,    0,  -33,  -18,    0,    0,    0,    0,  -18,    0,    0,  -42,   -4,  -10,    8,    0,    0,    0,   -1,    9,    0,    0,    0,    0,    0,  -20,  -21,    0,  -20,    0,    0,    0,    0,    0,    0,    0,    0,    0,    0,    0,    0,    0,    0,    0,    0,    0,    0,    0,    0,    0,    0,    0,    0,    0,    0,    0,    0,  -63,
       0,    0,    0,    0,    0,    0,  -18,    0,    0,    0,  -39,    0,  -39,    0,    0,    0,    0,    0,    0,    0,    0,    0,    0,    0,    0,    0,    0,    0,  -36,    0,    0,  -30,  -27,    0,    0,    0,    0,    0,  -18,    0,    0,   -1,   -9,    0,    0,    0,    0,    0,    0,    0,    0,    0,    0,    0,    0,  -18,    0,    0,    0,    0,    0,    0,    0,    0,    0,    0,    0,    0,    0,    0,    0,    0,    0,    0,    0,    0,    0,    0,    0,    0,    0,    0,    0,    0,    0,    0,  -39,
       0,    0,    0,    0,    0,    0,    0,    0,    0,  -12,    0,  -12,    0,    0,    0,    0,    0,    0,    0,    0,    0,    0,    0,    0,    0,  -18,    0,    0,    0,    0,    0,    0,  -28,    0,    0,    0,    0,    0,    0,    0,    0,   -1,  -12,    9,    0,    0,    0,    0,    9,    0,    0,    0,    0,    0,  -12,  -18,    0,  -12,    0,    0,    0,    0,    0,    0,    0,    0,    0,    0,    0,    0,    0,    0,    0,    0,    0,    0,    0,    0,    0,    0,    0,    0,    0,    0,    0,    0,    0,
       0,    0,    0,    0,    0,    0,    0,    0,    0,    0,    0,    0,    0,    0,    0,    0,    0,    0,    0,    0,    0,    0,    0,    0,    0,    0,    0,    0,    0,    0,    0,    0,  -18,    0,    0,    0,    0,    0,    0,    0,    0,    0,   -9,    0,    0,    0,    0,    0,    0,    0,    0,    0,    0,    0,    0,    0,    0,    0,    0,    0,    0,    0,    0,    0,    0,    0,    0,    0,    0,    0,    0,    0,    0,    0,    0,    0,    0,    0,    0,    0,    0,    0,    0,    0,    0,    0,    0,
       0,    0,    0,    0,    0,    0,    0,    0,    0,    0,    0,    0,    0,    0,    0,    0,  -16,   -5,    0,    0,  -13,    0,    0,    0,    0,    0,    0,    0,  -18,    0,    0,  -24,  -40,    0,  -26,  -23,  -39,  -40,    0,    0,    0,    0,    0,    0,    0,    0,    0,    0,    0,    0,   -1,    0,  -12,    0,    0,    0,    0,    0,    0,    0,    0,    0,    0,    0,    0,    0,    0,    0,    0,    0,    0,    0,    0,    0,    0,    0,    0,    0,    0,    0,    0,    0,    0,    0,    0,    0,    0,
       0,    0,    0,    0,    0,    0,    0,    0,    0,    0,    0,    0,    0,    0,    0,    0,    0,    0,    0,    0,    0,    0,    0,    0,    0,    0,    0,    0,    0,    0,    0,    0,  -36,    0,  -18,    0,    0,  -36,    0,    0,    0,    0,    0,    0,    0,    0,    0,    0,    0,    0,    0,    0,    0,    0,    0,    0,    0,    0,    0,    0,    0,    0,    0,    0,    0,    0,    0,    0,    0,    0,    0,    0,    0,    0,    0,    0,    0,    0,    0,    0,    0,    0,    0,    0,    0,    0,    0,
       0,    0,    0,    0,    0,    0,    0,    0,    0,    0,    0,    0,    0,    0,    0,    0,    0,    0,    0,    0,    0,    0,    0,    0,    0,    0,    0,    0,  -18,    0,    0,    0,  -27,    0,    0,    0,    0,  -33,    0,    0,    0,    0,    0,    0,    0,    0,    0,    0,    0,    0,    0,    0,    0,    0,    0,    0,    0,    0,    0,    0,    0,    0,    0,    0,    0,    0,    0,    0,    0,    0,    0,    0,    0,    0,    0,    0,    0,    0,    0,    0,    0,    0,    0,    0,    0,    0,    0,
       0,    0,    0,    0,    0,    0,    0,    0,    0,    0,    0,    0,    0,    0,    0,    0,  -16,   -5,    0,    0,  -13,    0,    0,    0,    0,    0,    0,    0,  -18,    0,    0,  -24,  -82,    0,  -47,  -23,  -44,  -67,    0,    0,    0,    0,    0,    0,    0,    0,    0,    0,    0,    0,   -1,    0,  -12,    0,    0,    0,    0,    0,    0,    0,    0,    0,    0,    0,    0,    0,    0,    0,    0,    0,    0,    0,    0,    0,    0,    0,    0,    0,    0,    0,    0,    0,    0,    0,    0,    0,    0,
       0,    0,    0,    0,    0,    0,  -21,    0,    0,    0,    0,    0,    0,    0,    0,    0,    0,    0,    0,    0,    0,    0,    0,    0,    0,    0,    0,    0,  -39,    0,    0,  -39,    0,    0,    0,    0,    0,    0,    0,    0,    0,    0,  -18,    0,    0,    0,    0,    0,    0,    0,    0,    0,    0,    0,    0,    0,    0,    0,    0,    0,    0,    0,    0,    0,    0,    0,    0,    0,    0,    0,    0,    0,    0,    0,    0,    0,    0,    0,    0,    0,    0,    0,    0,    0,    0,    0,    0,
       0,    0,    0,    0,    0,    0,    0,    0,    0,    0,    0,    0,    0,    0,    0,  -21,  -27,  -24,    0,    0,  -27,  -18,    0,    0,    0,    0,    0,    0,  -18,    0,    0,    0,  -70,    0,  -33,  -30,  -21,  -48,  -18,    0,    0,    0,    0,    0,    0,    0,    0,    0,    0,    0,  -18,  -18,  -18,    0,    0,    0,    0,    0,    0,    0,    0,    0,    0,    0,    0,    0,    0,    0,    0,    0,    0,    0,    0,    0,    0,    0,    0,    0,    0,    0,    0,    0,    0,    0,    0,    0,    0,
       0,    0,    0,    0,    0,    0,    0,    0,    0,    0,    0,    0,    0,    0,    0,    0,    0,    0,    0,    0,    0,    0,    0,    0,    0,    0,    0,    0,    0,    0,    0,    0,  -36,    0,  -49,  -43,    0,    0,    0,    0,    0,    0,    0,    0,    0,    0,    0,    0,    0,    0,    0,    0,    0,    0,    0,    0,    0,    0,    0,    0,    0,    0,    0,    0,    0,    0,    0,    0,    0,    0,    0,    0,    0,    0,    0,    0,    0,    0,    0,    0,    0,    0,    0,    0,    0,    0,    0,
       0,    0,   -6,    0,    0,    0,    0,    0,    0,    0,    0,    0,    0,    0,    0,  -21,    0,    0,    0,    0,    0,    0,    0,    0,    0,    0,    0,    0,    0,    0,    0,    0,  -66,    0,  -27,  -27,    0,  -43,    0,    0,    0,    0,    0,    0,    0,    0,    0,    0,    0,    0,   -9,    0,    0,    0,    0,    0,    0,    0,    0,    0,    0,    0,    0,    0,    0,    0,    0,    0,    0,    0,    0,    0,    0,    0,    0,    0,    0,    0,    0,    0,    0,    0,    0,    0,    0,    0,    0,
       0,    0,    0,    0,    0,    0,    0,    0,    0,    0,    0,    0,    0,    0,    0,    0,    0,    0,    0,    0,    0,    0,    0,    0,    0,    0,    0,    0,    0,    0,    0,    0,    0,    0,    0,    0,    0,    0,    0,    0,    0,    0,    0,    0,    0,    0,    0,    0,    0,    0,    0,    0,    0,    0,    0,    0,    0,    0,    0,    0,    0,    0,    0,    0,    0,    0,    0,    0,    0,    0,    0,  -11,    0,   -3,   -3,    0,    0,    0,    0,    0,  -11,    0,   -5,    0,  -11,    0,    0,
       0,    0,    0,    0,    0,    0,    0,    0,    0,    0,    0,    0,    0,    0,    0,    0,    0,    0,    0,    0,    0,    0,    0,    0,    0,    0,    0,    0,    0,    0,    0,    0,    0,    0,    0,    0,    0,    0,    0,    0,    0,    0,    0,    0,    0,    0,    0,    0,    0,    0,    0,    0,    0,    0,    0,    0,    0,    0,    0,    0,    0,    0,    0,    0,    0,    0,   -6,    0,    0,    0,    0,    0,  -10,    0,    0,    0,    0,  -17,    0,    0,  -17,    0,    0,  -13,    0,    0,    0,
       0,    0,    0,    0,    0,    0,    0,    0,    0,    0,    0,    0,    0,    0,    0,    0,    0,    0,    0,    0,    0,    0,    0,    0,    0,    0,    0,    0,    0,    0,    0,    0,    0,    0,    0,    0,    0,    0,    0,    0,    0,    0,    0,    0,    0,    0,    0,    0,    0,    0,    0,    0,    0,    0,    0,    0,    0,    0,    0,    0,    0,    0,    0,    0,    2,    0,    0,    0,    0,    0,  -10,  -17,    0,   -6,   -9,    0,  -12,    0,    0,    0,  -13,    0,    0,    0,    0,    0,    0,
       0,    0,    0,    0,    0,    0,    0,    0,    0,    0,    0,    0,    0,    0,    0,    0,    0,    0,    0,    0,    0,    0,    0,    0,    0,    0,    0,    0,    0,    0,    0,    0,    0,    0,    0,    0,    0,    0,    0,    0,    0,    0,    0,    0,    0,    0,    0,    0,    0,    0,    0,    0,    0,    0,    0,    0,    0,    0,    0,    0,    0,    0,    0,    0,  -21,    0,    0,  -11,    0,    0,  -10,    0,  -27,  -19,    0,  -13,   -6,  -17,    0,  -27,  -19,    0,    0,  -19,    0,    0,    0,
       0,    0,    0,    0,    0,    0,    0,    0,    0,    0,    0,    0,    0,    0,    0,    0,    0,    0,    0,    0,    0,    0,    0,    0,    0,    0,    0,    0,    0,    0,    0,    0,    0,    0,    0,    0,    0,    0,    0,    0,    0,    0,    0,    0,    0,    0,    0,    0,    0,    0,    0,    0,    0,    0,    0,    0,    0,    0,    0,    0,    0,    0,    0,    0,   -3,    0,    0,    0,    0,    0,   -9,    0,    0,    0,    0,   -5,    0,   -4,    0,    0,  -11,    0,    0,   -6,    0,    0,    0,
       0,    0,    0,    0,    0,    0,    0,    0,    0,    0,    0,    0,    0,    0,    0,    0,    0,    0,    0,    0,    0,    0,    0,    0,    0,    0,    0,    0,    0,    0,    0,    0,    0,    0,    0,    0,    0,    0,    0,    0,    0,    0,    0,    0,    0,    0,    0,    0,    0,    0,    0,    0,    0,    0,    0,    0,    0,    0,    0,    0,    0,    0,    0,    0,  -10,    0,    0,    0,    0,    0,    0,    0,    0,    0,    0,    0,    0,    0,    0,    0,    0,    0,    0,    0,    0,    0,    0,
       0,    0,    0,    0,    0,    0,    0,    0,    0,    0,    0,    0,    0,    0,    0,    0,    0,    0,    0,    0,    0,    0,    0,    0,    0,    0,    0,    0,    0,    0,    0,    0,    0,    0,    0,    0,    0,    0,    0,    0,    0,    0,    0,    0,    0,    0,    0,    0,    0,    0,    0,    0,    0,    0,    0,    0,    0,    0,    0,    0,    0,    0,    0,    0,    0,    0,   -6,    0,    0,    0,  -11,    0,  -10,   -3,    0,    0,    0,    0,    0,   -6,  -12,  -10,  -10,   -6,    0,    0,    0,
       0,    0,    0,    0,    0,    0,    0,    0,    0,    0,    0,    0,    0,    0,    0,    0,    0,    0,    0,    0,    0,    0,    0,    0,    0,    0,    0,    0,    0,    0,    0,    0,    0,    0,    0,    0,    0,    0,    0,    0,    0,    0,    0,    0,    0,    0,    0,    0,    0,    0,    0,    0,    0,    0,    0,    0,    0,    0,    0,    0,    0,    0,    0,    0,  -34,    0,    0,  -11,    0,   -4,   -4,    0,    0,   -4,    0,  -16,   -4,   -4,    0,    0,  -12,    0,    0,  -11,    0,  -11,    0,
       0,    0,    0,    0,    0,    0,    0,    0,    0,    0,    0,    0,    0,    0,    0,    0,    0,    0,    0,    0,    0,    0,    0,    0,    0,    0,    0,    0,    0,    0,    0,    0,    0,    0,    0,    0,    0,    0,    0,    0,    0,    0,    0,    0,    0,    0,    0,    0,    0,    0,    0,    0,    0,    0,    0,    0,    0,    0,    0,    0,    0,    0,    0,    0,    0,    0,    0,    0,    0,    0,  -10,    0,    0,   -6,    0,    0,   -9,   -9,    0,  -14,  -14,    0,    0,    0,    0,    0,    0,
       0,    0,    0,    0,    0,    0,    0,    0,    0,    0,    0,    0,    0,    0,    0,    0,    0,    0,    0,    0,    0,    0,    0,    0,    0,    0,    0,    0,    0,    0,    0,    0,    0,    0,    0,    0,    0,    0,    0,    0,    0,    0,    0,    0,    0,    0,    0,    0,    0,    0,    0,    0,    0,    0,    0,    0,    0,    0,    0,    0,    0,    0,    0,    0,  -21,   -2,    0,    0,    0,    0,  -10,    0,  -16,  -14,    0,    0,    0,  -10,    0,  -20,   -9,    0,    0,    0,   10,   -3,    0,
       0,    0,    0,    0,    0,    0,    0,    0,    0,    0,    0,    0,    0,    0,    0,    0,    0,    0,    0,    0,    0,    0,    0,    0,    0,    0,    0,    0,    0,    0,    0,    0,    0,    0,    0,    0,    0,    0,    0,    0,    0,    0,    0,    0,    0,    0,    0,    0,    0,    0,    0,    0,    0,    0,    0,    0,    0,    0,    0,    0,    0,    0,    0,    0,    0,    0,    0,    0,    0,    0,    0,    0,    0,  -11,    0,   -6,  -11,  -12,    0,    0,  -15,    0,    0,    0,    0,    0,    0,
       0,    0,    0,    0,    0,    0,    0,    0,    0,    0,    0,    0,    0,    0,    0,    0,    0,    0,    0,    0,    0,    0,    0,    0,    0,    0,    0,    0,    0,    0,    0,    0,    0,    0,    0,    0,    0,    0,    0,    0,    0,    0,    0,    0,    0,    0,    0,    0,    0,    0,    0,    0,    0,    0,    0,    0,    0,    0,    0,    0,    0,    0,    0,    0,    0,    0,    0,    0,    0,    0,   -9,   -7,    0,  -13,    0,    0,    0,    0,    0,    0,    0,    0,    0,    0,    0,    0,    0,
       0,    0,    0,    0,    0,    0,    0,    0,    0,    0,    0,    0,    0,    0,    0,    0,    0,    0,    0,    0,    0,    0,    0,    0,    0,    0,    0,    0,    0,    0,    0,    0,    0,    0,    0,    0,    0,    0,    0,    0,    0,    0,    0,    0,    0,    0,    0,    0,    0,    0,    0,    0,    0,    0,    0,    0,    0,    0,    0,    0,    0,    0,    0,    0,    0,    0,    0,    0,    0,    0,   -2,    0,  -16,    0,   -2,    0,    0,   -2,    0,  -17,   -6,    0,    0,   -6,    0,    0,    0,
       0,    0,    0,    0,    0,    0,    0,    0,    0,    0,    0,    0,    0,    0,    0,    0,    0,    0,    0,    0,    0,    0,    0,    0,    0,    0,    0,    0,    0,    0,    0,    0,    0,    0,    0,    0,    0,    0,    0,    0,    0,    0,    0,    0,    0,    0,    0,    0,    0,    0,    0,    0,    0,    0,    0,    0,    0,    0,    0,    0,    0,    0,    0,    0,    0,    0,    0,    0,    0,    0,   -4,    0,    0,    0,    0,    0,    0,  -13,    0,    0,    0,    0,    0,    0,    0,    0,    0,
       0,    0,    0,    0,    0,    0,    0,    0,    0,    0,    0,    0,    0,    0,    0,    0,    0,    0,    0,    0,    0,    0,    0,    0,    0,    0,    0,    0,    0,    0,    0,    0,    0,    0,    0,    0,    0,    0,    0,    0,    0,    0,    0,    0,    0,    0,    0,    0,    0,    0,    0,    0,    0,    0,    0,    0,    0,    0,    0,    0,    0,    0,    0,    0,    0,    0,    0,    0,    0,    0,    0,    0,   -4,  -11,   -4,    0,    0,   -4,    0,  -14,   -2,    0,    0,    0,   -4,    0,    0,
       0,    0,    0,    0,    0,    0,    0,    0,    0,    0,    0,    0,    0,    0,    0,    0,    0,    0,    0,    0,    0,    0,    0,    0,    0,    0,    0,    0,    0,    0,    0,    0,    0,    0,    0,    0,    0,    0,    0,    0,    0,    0,    0,    0,    0,    0,    0,    0,    0,    0,    0,    0,    0,    0,    0,    0,    0,    0,    0,    0,    0,    0,    0,   -6,  -13,    0,  -10,    0,    0,    0,    0,  -11,    0,    0,    0,  -13,    0,  -17,    0,    0,  -14,    0,    0,    0,    0,    0,    0,
       0,    0,    0,    0,    0,    0,    0,    0,    0,    0,    0,    0,    0,    0,    0,    0,    0,    0,    0,    0,    0,    0,    0,    0,    0,    0,    0,    0,    0,    0,    0,    0,    0,    0,    0,    0,    0,    0,    0,    0,    0,    0,    0,    0,    0,    0,    0,    0,    0,    0,    0,    0,    0,    0,    0,    0,    0,    0,    0,    0,    0,    0,    0,    0,  -21,    0,    0,    0,    0,    0,  -11,    0,   -8,  -10,    0,    0,   -4,   -6,    0,  -16,   -6,    0,    0,  -11,    0,  -12,    0,
       0,    0,    0,    0,    0,    0,    0,    0,    0,    0,    0,    0,    0,    0,    0,    0,    0,    0,    0,    0,    0,    0,    0,    0,    0,    0,    0,    0,    0,    0,    0,    0,    0,    0,    0,    0,    0,    0,    0,    0,    0,    0,    0,    0,    0,    0,    0,    0,    0,    0,    0,    0,    0,    0,    0,    0,    0,    0,    0,    0,    0,    0,    0,    0,  -13,    0,    0,    0,    0,    0,   -2,    0,    0,  -13,    0,   -4,    0,   -6,    0,    0,   -4,    0,    0,   -4,    0,    0,    0,
       0,    0,    0,    0,    0,    0,    0,    0,    0,    0,    0,    0,    0,    0,    0,    0,    0,    0,    0,    0,    0,    0,    0,    0,    0,    0,    0,    0,    0,    0,    0,    0,    0,    0,    0,    0,    0,    0,    0,    0,    0,    0,    0,    0,    0,    0,    0,    0,    0,    0,    0,    0,    0,    0,    0,    0,    0,    0,    0,    0,    0,    0,    0,    0,    0,    0,  -23,    0,  -27,    0,    0,   -7,    0,  -10,   -2,    0,  -18,  -21,  -21,    0,  -13,    0,    0,    0,  -11,    0,    0,
};

static const EpdFontData ui_16_medium = {
    ui_16_mediumBitmaps,
    ui_16_mediumGlyphs,
    ui_16_mediumIntervals,
    391,
    40,
    33,
    -9,
    false,
    nullptr,
    0,
    nullptr,
    ui_16_mediumKernLeftClasses,
    ui_16_mediumKernRightClasses,
    ui_16_mediumKernMatrix,
    122,
    130,
    80,
    87,
    nullptr,
    0,
};
