/**
 * generated by fontconvert.py
 * name: ui_10_semibold
 * size: 10
 * mode: 1-bit
 * Generated by scripts/build_ui_fonts.py
 */
#pragma once
#include "EpdFontData.h"

static const uint8_t ui_10_semiboldBitmaps[10712] = {
    0xFF, 0xFF, 0xFF, 0xFF, 0x81, 0xFF, 0xEF, 0xDF, 0xBF, 0x7E, 0xFD, 0xC0, 0x0C, 0x70, 0x31, 0xC0,
    0xC6, 0x03, 0x18, 0x7F, 0xF9, 0xFF, 0xE1, 0xCE, 0x06, 0x38, 0x18, 0xC0, 0xE3, 0x0F, 0xFF, 0x3F,
    0xFC, 0x30, 0xC0, 0xC7, 0x03, 0x1C, 0x0C, 0x60, 0x02, 0x00, 0x20, 0x0F, 0xC3, 0xFE, 0x7F, 0xF7,
    0x27, 0x72, 0x27, 0x20, 0x7E, 0x03, 0xFC, 0x0F, 0xE0, 0x3F, 0x02, 0x76, 0x27, 0x72, 0x77, 0xFF,
    0x3F, 0xE1, 0xF8, 0x02, 0x00, 0x20, 0x78, 0x0C, 0x7E, 0x0E, 0x3F, 0x06, 0x19, 0x86, 0x0F, 0xC7,
    0x07, 0xE3, 0x01, 0xE3, 0x00, 0x03, 0x80, 0x01, 0x8E, 0x01, 0x8F, 0x81, 0xCE, 0x60, 0xC6, 0x30,
    0xC3, 0x18, 0x61, 0xDC, 0x60, 0xFE, 0x60, 0x3E, 0x1E, 0x01, 0xF8, 0x1E, 0xE0, 0xE7, 0x07, 0x38,
    0x3B, 0xC0, 0xFC, 0x07, 0xC0, 0x7E, 0x77, 0xFB, 0xB9, 0xFD, 0xC7, 0xEE, 0x1E, 0x79, 0xF1, 0xFF,
    0xC7, 0xEF, 0xFF, 0xFF, 0xC0, 0x38, 0xE7, 0x1C, 0x73, 0x8E, 0x38, 0xE3, 0x8E, 0x38, 0xE3, 0x8E,
    0x1C, 0x71, 0xC3, 0x8E, 0x61, 0xC7, 0x0E, 0x38, 0xE3, 0x87, 0x1C, 0x71, 0xC7, 0x1C, 0x73, 0x8E,
    0x39, 0xC7, 0x18, 0x0C, 0x03, 0x06, 0xD9, 0xFE, 0x1E, 0x1F, 0xE6, 0xD8, 0x30, 0x0C, 0x00, 0x0E,
    0x01, 0xC0, 0x38, 0x07, 0x0F, 0xFF, 0xFF, 0xC3, 0x80, 0x70, 0x0E, 0x01, 0xC0, 0x30, 0x00, 0x77,
    0x6E, 0xEC, 0x01, 0xFF, 0xF8, 0xDF, 0x00, 0x07, 0x06, 0x0E, 0x0E, 0x0E, 0x0C, 0x1C, 0x1C, 0x18,
    0x18, 0x38, 0x38, 0x30, 0x30, 0x70, 0x70, 0x60, 0x60, 0xE0, 0x1F, 0x03, 0xFC, 0x79, 0xE7, 0x0E,
    0xE0, 0xEE, 0x07, 0xE0, 0x7E, 0x07, 0xE0, 0x7E, 0x07, 0xE0, 0x7E, 0x0E, 0x70, 0xE7, 0x9E, 0x3F,
    0xC1, 0xF0, 0x1E, 0x7D, 0xFF, 0x7C, 0xE1, 0xC3, 0x87, 0x0E, 0x1C, 0x38, 0x70, 0xE1, 0xC3, 0x87,
    0x3F, 0x1F, 0xEF, 0x3F, 0x87, 0xE1, 0xC0, 0x70, 0x1C, 0x0E, 0x07, 0x83, 0xC1, 0xE0, 0xF0, 0x78,
    0x3E, 0x0F, 0xFF, 0xFF, 0x1F, 0x0F, 0xF9, 0xEF, 0x70, 0x76, 0x0E, 0x01, 0xC0, 0xF0, 0x7C, 0x0F,
    0xC0, 0x3C, 0x03, 0x80, 0x7E, 0x0F, 0xF3, 0xDF, 0xF0, 0xF8, 0x03, 0xC0, 0x7C, 0x07, 0xC0, 0xFC,
    0x0D, 0xC1, 0xDC, 0x39, 0xC3, 0x9C, 0x71, 0xC7, 0x1C, 0xE1, 0xCF, 0xFF, 0xFF, 0xF0, 0x1C, 0x01,
    0xC0, 0x1C, 0x7F, 0xCF, 0xF9, 0xC0, 0x30, 0x0E, 0x01, 0xDE, 0x3F, 0xE7, 0x9E, 0x01, 0xE0, 0x1C,
    0x03, 0xF0, 0x7E, 0x1D, 0xE7, 0x9F, 0xE0, 0xF8, 0x1F, 0x07, 0xF9, 0xE7, 0x38, 0x7E, 0x0D, 0xC0,
    0x3B, 0xE7, 0xFE, 0xF1, 0xFC, 0x1F, 0x83, 0xF0, 0x77, 0x0E, 0xF7, 0x8F, 0xF0, 0xF8, 0xFF, 0xFF,
    0xF0, 0x1C, 0x07, 0x03, 0x80, 0xE0, 0x70, 0x1C, 0x0E, 0x03, 0x81, 0xC0, 0x70, 0x38, 0x0E, 0x03,
    0x81, 0xC0, 0x1F, 0x0F, 0xF9, 0xEF, 0x70, 0x7E, 0x0F, 0xC1, 0xDE, 0xF1, 0xFC, 0x7F, 0xDE, 0x3F,
    0x83, 0xF0, 0x7E, 0x0F, 0xF3, 0xDF, 0xF0, 0xF8, 0x1F, 0x0F, 0xF1, 0xEF, 0x70, 0xEE, 0x0F, 0xC1,
    0xF8, 0x3F, 0x8F, 0x7F, 0xE7, 0xDC, 0x03, 0xF0, 0x7E, 0x1C, 0xE7, 0x9F, 0xE0, 0xF8, 0xDF, 0x00,
    0x00, 0xDF, 0x00, 0x67, 0x60, 0x00, 0x00, 0x06, 0x66, 0x6C, 0xC0, 0x00, 0x00, 0x30, 0x3C, 0x3F,
    0x3F, 0x3F, 0x0F, 0x03, 0xE0, 0x7E, 0x07, 0xE0, 0x7C, 0x07, 0x00, 0x40, 0x00, 0x3F, 0xFF, 0xFC,
    0x00, 0x00, 0x00, 0x0F, 0xFF, 0xFF, 0x00, 0x30, 0x0F, 0x03, 0xF0, 0x3F, 0x03, 0xF0, 0x3C, 0x1F,
    0x1F, 0x9F, 0x8F, 0x83, 0x80, 0x80, 0x00, 0x3F, 0x1F, 0xEF, 0x3B, 0x87, 0xC1, 0xC0, 0xF0, 0x78,
    0x3C, 0x1E, 0x07, 0x01, 0xC0, 0x00, 0x00, 0x07, 0x01, 0xC0, 0x70, 0x03, 0xF8, 0x01, 0xFF, 0xC0,
    0x7C, 0x7C, 0x1E, 0x01, 0xC7, 0x80, 0x1C, 0xE3, 0xFB, 0xB8, 0xFF, 0x3F, 0x38, 0xE7, 0xE6, 0x0C,
    0xFC, 0xC1, 0x9F, 0x98, 0x33, 0xF3, 0x06, 0x7E, 0x71, 0xCF, 0xCF, 0x7F, 0x9C, 0xFF, 0xF3, 0xCF,
    0x3C, 0x3C, 0x00, 0x03, 0xE1, 0x80, 0x3F, 0xF8, 0x01, 0xFE, 0x00, 0x03, 0xC0, 0x03, 0xC0, 0x07,
    0xE0, 0x07, 0xE0, 0x06, 0xE0, 0x0E, 0x70, 0x0E, 0x70, 0x0E, 0x70, 0x1C, 0x38, 0x1C, 0x38, 0x1F,
    0xF8, 0x3F, 0xFC, 0x38, 0x1C, 0x38, 0x1C, 0x70, 0x1E, 0x70, 0x0E, 0xFF, 0x9F, 0xFB, 0x8F, 0x70,
    0x7E, 0x0F, 0xC1, 0xF8, 0xF7, 0xFC, 0xFF, 0xDC, 0x3F, 0x83, 0xF0, 0x7E, 0x0F, 0xC3, 0xFF, 0xF7,
    0xFC, 0x0F, 0xC0, 0xFF, 0x83, 0xCF, 0x1C, 0x0E, 0xF0, 0x3B, 0x80, 0x0E, 0x00, 0x38, 0x00, 0xE0,
    0x03, 0x80, 0x0E, 0x00, 0x3C, 0x0E, 0x70, 0x38, 0xF3, 0xC3, 0xFE, 0x03, 0xF0, 0xFF, 0x87, 0xFE,
    0x38, 0xF9, 0xC1, 0xEE, 0x07, 0x70, 0x1F, 0x80, 0xFC, 0x07, 0xE0, 0x3F, 0x01, 0xF8, 0x0F, 0xC0,
    0xEE, 0x0F, 0x71, 0xF3, 0xFF, 0x1F, 0xF0, 0xFF, 0xFF, 0xFE, 0x03, 0x80, 0xE0, 0x38, 0x0E, 0x03,
    0xFF, 0xFF, 0xF8, 0x0E, 0x03, 0x80, 0xE0, 0x38, 0x0F, 0xFF, 0xFF, 0xFF, 0xFF, 0xFE, 0x03, 0x80,
    0xE0, 0x38, 0x0E, 0x03, 0x80, 0xFF, 0xBF, 0xEE, 0x03, 0x80, 0xE0, 0x38, 0x0E, 0x03, 0x80, 0x0F,
    0xC0, 0x7F, 0xC3, 0xCF, 0x9C, 0x0E, 0xF0, 0x3F, 0x80, 0x0E, 0x00, 0x38, 0x00, 0xE1, 0xFF, 0x87,
    0xFE, 0x01, 0xFC, 0x07, 0x70, 0x38, 0xF3, 0xE1, 0xFF, 0x03, 0xF0, 0xE0, 0x3F, 0x01, 0xF8, 0x0F,
    0xC0, 0x7E, 0x03, 0xF0, 0x1F, 0x80, 0xFF, 0xFF, 0xFF, 0xFF, 0x01, 0xF8, 0x0F, 0xC0, 0x7E, 0x03,
    0xF0, 0x1F, 0x80, 0xFC, 0x07, 0xFF, 0xFF, 0xFF, 0xFF, 0xFF, 0xFF, 0x01, 0xC0, 0x70, 0x1C, 0x07,
    0x01, 0xC0, 0x70, 0x1C, 0x07, 0x01, 0xC0, 0x7E, 0x1F, 0x87, 0xE1, 0xFC, 0xE7, 0xF8, 0xF8, 0xE0,
    0x77, 0x07, 0x38, 0x79, 0xC7, 0x8E, 0x78, 0x77, 0x83, 0xB8, 0x1F, 0xC0, 0xFF, 0x07, 0xB8, 0x38,
    0xE1, 0xC7, 0x8E, 0x1C, 0x70, 0x73, 0x83, 0xDC, 0x0E, 0xE0, 0x38, 0x0E, 0x03, 0x80, 0xE0, 0x38,
    0x0E, 0x03, 0x80, 0xE0, 0x38, 0x0E, 0x03, 0x80, 0xE0, 0x3F, 0xEF, 0xFF, 0xFF, 0xF0, 0x0F, 0xF8,
    0x1F, 0xF8, 0x1F, 0xF8, 0x1F, 0xFC, 0x3F, 0xFC, 0x3F, 0xEC, 0x37, 0xEE, 0x77, 0xEE, 0x77, 0xEE,
    0x67, 0xE7, 0xE7, 0xE7, 0xE7, 0xE3, 0xC7, 0xE3, 0xC7, 0xE3, 0xC7, 0xE1, 0x87, 0xF0, 0x3F, 0x81,
    0xFE, 0x0F, 0xF0, 0x7F, 0xC3, 0xFF, 0x1F, 0xB8, 0xFD, 0xE7, 0xE7, 0x3F, 0x1D, 0xF8, 0xEF, 0xC3,
    0xFE, 0x1F, 0xF0, 0x7F, 0x81, 0xFC, 0x0F, 0x0F, 0xC0, 0x7F, 0x83, 0xCF, 0x1C, 0x0E, 0xF0, 0x3F,
    0x80, 0x7E, 0x01, 0xF8, 0x07, 0xE0, 0x1F, 0x80, 0x7E, 0x01, 0xFC, 0x0F, 0x70, 0x38, 0xF3, 0xC1,
    0xFE, 0x03, 0xF0, 0xFF, 0x1F, 0xFB, 0x8F, 0xF0, 0x7E, 0x0F, 0xC1, 0xF8, 0x3F, 0x0F, 0xFF, 0xDF,
    0xF3, 0x80, 0x70, 0x0E, 0x01, 0xC0, 0x38, 0x07, 0x00, 0x0F, 0xC0, 0x7F, 0x83, 0xCF, 0x1C, 0x0E,
    0xF0, 0x3F, 0x80, 0x7E, 0x01, 0xF8, 0x07, 0xE0, 0x1F, 0x80, 0x7E, 0x19, 0xFC, 0x7F, 0x78, 0xF8,
    0xFF, 0xC1, 0xFF, 0x03, 0xFE, 0x00, 0x18, 0xFF, 0x0F, 0xFC, 0xE3, 0xEE, 0x0E, 0xE0, 0xEE, 0x0E,
    0xE0, 0xEE, 0x1E, 0xFF, 0xCF, 0xF8, 0xE7, 0x8E, 0x38, 0xE1, 0xCE, 0x1C, 0xE0, 0xEE, 0x0E, 0x0F,
    0xC3, 0xFE, 0x79, 0xF7, 0x07, 0x70, 0x27, 0x00, 0x7E, 0x03, 0xFC, 0x0F, 0xE0, 0x1F, 0x00, 0x76,
    0x07, 0x70, 0x77, 0x9F, 0x3F, 0xE1, 0xF8, 0xFF, 0xFF, 0xFF, 0x07, 0x00, 0x70, 0x07, 0x00, 0x70,
    0x07, 0x00, 0x70, 0x07, 0x00, 0x70, 0x07, 0x00, 0x70, 0x07, 0x00, 0x70, 0x07, 0x00, 0x70, 0xE0,
    0x7E, 0x07, 0xE0, 0x7E, 0x07, 0xE0, 0x7E, 0x07, 0xE0, 0x7E, 0x07, 0xE0, 0x7E, 0x07, 0xE0, 0x7E,
    0x07, 0xF0, 0xF7, 0x9E, 0x3F, 0xC1, 0xF8, 0x70, 0x1E, 0xE0, 0x39, 0xC0, 0x71, 0xC1, 0xE3, 0x83,
    0x87, 0x07, 0x07, 0x0E, 0x0E, 0x38, 0x1C, 0x70, 0x1C, 0xE0, 0x3B, 0x80, 0x77, 0x00, 0x7E, 0x00,
    0xF8, 0x01, 0xF0, 0x01, 0xE0, 0x70, 0x70, 0x3B, 0x83, 0xC3, 0x9C, 0x3E, 0x1C, 0xE1, 0xF0, 0xE3,
    0x8F, 0x87, 0x1C, 0x6E, 0x70, 0xE7, 0x73, 0x87, 0x3B, 0x9C, 0x1D, 0xCC, 0xE0, 0xEC, 0x66, 0x07,
    0x63, 0xF0, 0x3F, 0x1F, 0x80, 0xF8, 0x7C, 0x07, 0x83, 0xC0, 0x3C, 0x1E, 0x01, 0xE0, 0xF0, 0x78,
    0x1C, 0x70, 0x70, 0x71, 0xE0, 0xF3, 0x80, 0xEE, 0x00, 0xFC, 0x01, 0xF0, 0x01, 0xE0, 0x03, 0xC0,
    0x0F, 0x80, 0x3B, 0x80, 0x77, 0x81, 0xC7, 0x07, 0x87, 0x0E, 0x0F, 0x38, 0x0E, 0x70, 0x1C, 0xF0,
    0x70, 0xE0, 0xE1, 0xE3, 0x81, 0xC7, 0x03, 0xDC, 0x03, 0xB8, 0x03, 0xE0, 0x07, 0xC0, 0x07, 0x00,
    0x0E, 0x00, 0x1C, 0x00, 0x38, 0x00, 0x70, 0x00, 0xE0, 0x01, 0xC0, 0xFF, 0xFF, 0xFC, 0x07, 0x80,
    0xE0, 0x38, 0x07, 0x01, 0xC0, 0x70, 0x0E, 0x03, 0x80, 0xE0, 0x1C, 0x07, 0x01, 0xE0, 0x3F, 0xFF,
    0xFF, 0xFF, 0xF9, 0xCE, 0x73, 0x9C, 0xE7, 0x39, 0xCE, 0x73, 0x9C, 0xE7, 0x3F, 0xF0, 0xE0, 0x60,
    0x60, 0x70, 0x70, 0x30, 0x30, 0x38, 0x38, 0x18, 0x18, 0x1C, 0x1C, 0x0C, 0x0E, 0x0E, 0x0E, 0x06,
    0x07, 0xFF, 0xCE, 0x73, 0x9C, 0xE7, 0x39, 0xCE, 0x73, 0x9C, 0xE7, 0x39, 0xFF, 0xF0, 0x00, 0x07,
    0x81, 0xE0, 0xFC, 0x33, 0x0C, 0xC6, 0x19, 0x86, 0x00, 0x3F, 0xFF, 0xFC, 0x73, 0x8C, 0x3F, 0x1F,
    0xEF, 0x3C, 0x87, 0x01, 0xCF, 0xF7, 0xFF, 0x87, 0xE1, 0xFD, 0xFF, 0xFD, 0xF7, 0xE0, 0x1C, 0x03,
    0x80, 0x70, 0x0E, 0xF1, 0xFF, 0x3E, 0xF7, 0x0E, 0xE0, 0xFC, 0x1F, 0x83, 0xF0, 0x7E, 0x1D, 0xF7,
    0xBF, 0xE7, 0x78, 0x1F, 0x07, 0xF1, 0xEF, 0x70, 0xEE, 0x01, 0xC0, 0x38, 0x07, 0x00, 0xE1, 0xCF,
    0x78, 0xFE, 0x0F, 0x80, 0x00, 0xE0, 0x1C, 0x03, 0x80, 0x73, 0xEE, 0xFF, 0xDE, 0xFF, 0x0F, 0xE0,
    0xFC, 0x1F, 0x83, 0xF0, 0x7E, 0x1E, 0xF7, 0xDF, 0xF9, 0xF7, 0x1F, 0x07, 0xF1, 0xEF, 0x70, 0xEE,
    0x0F, 0xFF, 0xFF, 0xFF, 0x00, 0xE0, 0x8F, 0x78, 0xFF, 0x0F, 0x80, 0x1E, 0x3E, 0x38, 0x38, 0x38,
    0xFE, 0xFE, 0x38, 0x38, 0x38, 0x38, 0x38, 0x38, 0x38, 0x38, 0x38, 0x38, 0x3E, 0xEF, 0xFD, 0xEF,
    0xF0, 0xFE, 0x0F, 0xC1, 0xF8, 0x3F, 0x07, 0xE1, 0xEF, 0x7D, 0xFF, 0x9F, 0x70, 0x0E, 0xE7, 0x9F,
    0xF1, 0xF8, 0xE0, 0x38, 0x0E, 0x03, 0x80, 0xEF, 0x3F, 0xEF, 0x3F, 0x87, 0xE1, 0xF8, 0x7E, 0x1F,
    0x87, 0xE1, 0xF8, 0x7E, 0x1F, 0x87, 0xDF, 0x01, 0xFF, 0xFF, 0xFF, 0xFF, 0xE0, 0x31, 0xCC, 0x00,
    0x1C, 0xE7, 0x39, 0xCE, 0x73, 0x9C, 0xE7, 0x39, 0xDF, 0xEE, 0x00, 0xE0, 0x1C, 0x03, 0x80, 0x70,
    0x0E, 0x1D, 0xC7, 0x39, 0xC7, 0x70, 0xFE, 0x1F, 0x83, 0xF8, 0x77, 0x0E, 0x71, 0xCF, 0x38, 0xF7,
    0x0E, 0xFF, 0xFF, 0xFF, 0xFF, 0xFF, 0xFF, 0xEE, 0x3C, 0xFF, 0x7E, 0xF7, 0xDE, 0xE3, 0x8E, 0xE3,
    0x8E, 0xE3, 0x8E, 0xE3, 0x8E, 0xE3, 0x8E, 0xE3, 0x8E, 0xE3, 0x8E, 0xE3, 0x8E, 0xE3, 0x8E, 0xEF,
    0x3F, 0xEF, 0x3F, 0x87, 0xE1, 0xF8, 0x7E, 0x1F, 0x87, 0xE1, 0xF8, 0x7E, 0x1F, 0x87, 0x1F, 0x07,
    0xF1, 0xEF, 0x70, 0x7E, 0x0F, 0xC1, 0xF8, 0x3F, 0x07, 0xE0, 0xEF, 0x78, 0xFE, 0x0F, 0x80, 0xEF,
    0x1F, 0xF3, 0xEF, 0x70, 0xEE, 0x0F, 0xC1, 0xF8, 0x3F, 0x07, 0xE1, 0xDF, 0x7B, 0xFE, 0x77, 0x8E,
    0x01, 0xC0, 0x38, 0x07, 0x00, 0x3E, 0xEF, 0xFD, 0xEF, 0xF0, 0xFE, 0x0F, 0xC1, 0xF8, 0x3F, 0x07,
    0xE1, 0xEF, 0x7D, 0xFF, 0x9F, 0x70, 0x0E, 0x01, 0xC0, 0x38, 0x07, 0x01, 0xDF, 0xFF, 0x8E, 0x1C,
    0x38, 0x70, 0xE1, 0xC3, 0x87, 0x0E, 0x00, 0x1F, 0x07, 0xF9, 0xE7, 0x38, 0x47, 0x80, 0x7E, 0x07,
    0xF0, 0x0F, 0x60, 0xEF, 0x3C, 0xFF, 0x0F, 0xC0, 0x38, 0x38, 0x38, 0xFE, 0xFE, 0x38, 0x38, 0x38,
    0x38, 0x38, 0x38, 0x38, 0x38, 0x3E, 0x1E, 0xE1, 0xF8, 0x7E, 0x1F, 0x87, 0xE1, 0xF8, 0x7E, 0x1F,
    0x87, 0xE1, 0xFC, 0xF7, 0xFC, 0xF7, 0xF0, 0x77, 0x0E, 0x70, 0xE3, 0x0E, 0x39, 0xC3, 0x9C, 0x19,
    0xC1, 0xD8, 0x1F, 0x80, 0xF8, 0x0F, 0x00, 0xF0, 0xE1, 0xC3, 0x9C, 0x78, 0xE7, 0x1E, 0x31, 0xC7,
    0x9C, 0x33, 0xE7, 0x0E, 0xD9, 0xC3, 0xB7, 0x60, 0xEC, 0xF8, 0x1F, 0x3E, 0x07, 0x8F, 0x01, 0xE3,
    0xC0, 0x38, 0x70, 0x70, 0xE3, 0x9C, 0x39, 0xC1, 0xF8, 0x1F, 0x80, 0xF0, 0x0F, 0x01, 0xF8, 0x1F,
    0x83, 0x9C, 0x70, 0xE7, 0x0E, 0xF0, 0x77, 0x0E, 0x70, 0xE3, 0x8E, 0x39, 0xC3, 0x9C, 0x19, 0xC1,
    0xF8, 0x1F, 0x80, 0xF0, 0x0F, 0x00, 0xF0, 0x0E, 0x00, 0xE0, 0x3C, 0x07, 0x80, 0xFF, 0xFF, 0xC1,
    0xE0, 0xE0, 0xE0, 0xF0, 0x70, 0x70, 0x70, 0x78, 0x3F, 0xFF, 0xF0, 0x0E, 0x3C, 0xF1, 0xC3, 0x87,
    0x0E, 0x1C, 0x71, 0xC3, 0xC3, 0xC3, 0x87, 0x0E, 0x1C, 0x38, 0x78, 0x78, 0x70, 0xFF, 0xFF, 0xFF,
    0xFF, 0xFF, 0xFF, 0xFF, 0xFF, 0xFF, 0xFC, 0xE1, 0xE1, 0xE1, 0xC3, 0x87, 0x0E, 0x1C, 0x3C, 0x1C,
    0x79, 0xC3, 0x87, 0x0E, 0x1C, 0x38, 0xF3, 0xC7, 0x00, 0x00, 0x0F, 0x1F, 0xFB, 0xF3, 0xFE, 0x3C,
    0xFF, 0x81, 0xFF, 0xFF, 0xFF, 0xFF, 0x0F, 0x70, 0x77, 0x07, 0x78, 0x73, 0x87, 0x38, 0x39, 0xC0,
    0xE7, 0x03, 0xBC, 0x0E, 0xE0, 0x7B, 0x80, 0x00, 0xFB, 0xFF, 0x3C, 0x7D, 0xDF, 0x1C, 0xDF, 0x00,
    0x3E, 0x3F, 0xB8, 0xF8, 0x3C, 0x1E, 0x0F, 0x8E, 0xFE, 0x3E, 0x00, 0x73, 0x81, 0xDE, 0x07, 0x70,
    0x3D, 0xC0, 0xE7, 0x07, 0x38, 0x7B, 0x83, 0xB8, 0x3B, 0xC3, 0x9C, 0x00, 0x0E, 0x03, 0x80, 0xE0,
    0x00, 0x00, 0x03, 0x80, 0xE0, 0x70, 0x7C, 0x3C, 0x0E, 0x03, 0x86, 0xE1, 0xFC, 0xE7, 0xF8, 0xFC,
    0x01, 0xC0, 0x06, 0x00, 0x30, 0x00, 0x00, 0x00, 0x00, 0x3F, 0x01, 0xFE, 0x0F, 0x3C, 0x70, 0x3B,
    0xC0, 0xFE, 0x01, 0xF8, 0x07, 0xE0, 0x1F, 0x80, 0x7E, 0x01, 0xF8, 0x07, 0xF0, 0x3D, 0xC0, 0xE3,
    0xCF, 0x07, 0xF8, 0x0F, 0xC0, 0x03, 0x80, 0x30, 0x06, 0x00, 0x00, 0x00, 0x0E, 0x07, 0xE0, 0x7E,
    0x07, 0xE0, 0x7E, 0x07, 0xE0, 0x7E, 0x07, 0xE0, 0x7E, 0x07, 0xE0, 0x7E, 0x07, 0xE0, 0x7F, 0x0F,
    0x79, 0xE3, 0xFC, 0x1F, 0x80, 0x07, 0x01, 0x80, 0xC0, 0x00, 0x00, 0x0F, 0xC7, 0xFB, 0xCF, 0x21,
    0xC0, 0x73, 0xFD, 0xFF, 0xE1, 0xF8, 0x7F, 0x7F, 0xFF, 0x7D, 0xC0, 0x07, 0x00, 0xC0, 0x38, 0x00,
    0x00, 0x00, 0x3E, 0x0F, 0xE3, 0xDE, 0xE1, 0xDC, 0x1F, 0xFF, 0xFF, 0xFE, 0x01, 0xC1, 0x1E, 0xF1,
    0xFE, 0x1F, 0x00, 0x73, 0x38, 0x0E, 0x73, 0x9C, 0xE7, 0x39, 0xCE, 0x73, 0x9C, 0x39, 0x0F, 0xC3,
    0xF0, 0x00, 0x00, 0x3B, 0xCF, 0xFB, 0xCF, 0xE1, 0xF8, 0x7E, 0x1F, 0x87, 0xE1, 0xF8, 0x7E, 0x1F,
    0x87, 0xE1, 0xC0, 0x03, 0x00, 0xE0, 0x18, 0x00, 0x00, 0x00, 0x3E, 0x0F, 0xE3, 0xDE, 0xE0, 0xFC,
    0x1F, 0x83, 0xF0, 0x7E, 0x0F, 0xC1, 0xDE, 0xF1, 0xFC, 0x1F, 0x00, 0x07, 0x01, 0x80, 0xC0, 0x00,
    0x00, 0x38, 0x7E, 0x1F, 0x87, 0xE1, 0xF8, 0x7E, 0x1F, 0x87, 0xE1, 0xF8, 0x7F, 0x3D, 0xFF, 0x3D,
    0xC0, 0x33, 0x1C, 0xE3, 0x30, 0x00, 0x00, 0x38, 0x7E, 0x1F, 0x87, 0xE1, 0xF8, 0x7E, 0x1F, 0x87,
    0xE1, 0xF8, 0x7F, 0x3D, 0xFF, 0x3D, 0xC0, 0x4E, 0xA0, 0x66, 0xFF, 0xCF, 0x20, 0xFF, 0x5A, 0xD6,
    0xB0, 0x99, 0x80, 0x1F, 0x00, 0x03, 0xBB, 0x47, 0xCC, 0x80, 0x6C, 0xC6, 0x45, 0x36, 0x7A, 0x00,
    0x7A, 0x00, 0x6F, 0xB2, 0x40, 0x63, 0x4B, 0x65, 0xAE, 0xE0, 0x00, 0x32, 0xD6, 0xE0, 0x00, 0xAE,
    0x80, 0x8A, 0xE4, 0x01, 0x17, 0x6C, 0xC6, 0x2F, 0x00, 0x12, 0x6D, 0xB0, 0x6C, 0x4E, 0x00, 0xCC,
    0x80, 0x64, 0xA4, 0xE0, 0x00, 0x8A, 0xE4, 0x6C, 0xC6, 0x01, 0x17, 0x99, 0x80, 0x03, 0xBB, 0x47,
    0xE8, 0x8E, 0xCC, 0xD6, 0x00, 0x98, 0x00, 0xF6, 0x00, 0x18, 0x00, 0xF6, 0x40, 0x98, 0xC0, 0xD0,
    0x00, 0xD0, 0x08, 0x00, 0xF0, 0xF2, 0x20, 0xC0, 0xC0, 0xC0, 0xC0, 0xC0, 0xC0, 0x54, 0xFF, 0xFF,
    0xC0, 0xF8, 0x00, 0xDB, 0x6D, 0xB6, 0xDB, 0x6D, 0xB6, 0xDB, 0x6C, 0xC0, 0xC0, 0xEE, 0xE0, 0x00,
    0x00, 0x0E, 0xEE, 0xC0, 0xC0, 0x7F, 0xFF, 0xF7, 0x0E, 0x1C, 0x38, 0x70, 0xE1, 0xC3, 0xFF, 0xFF,
    0xE0, 0xE4, 0x40, 0x78, 0x3C, 0xF0, 0xE1, 0xE3, 0x87, 0x8E, 0x0F, 0x78, 0x7F, 0xC3, 0xFE, 0x1E,
    0xF0, 0x79, 0xE1, 0xC3, 0x87, 0x0F, 0x1C, 0x1E, 0xF0, 0x78, 0x7F, 0x07, 0xF8, 0x7F, 0xC0, 0x1C,
    0x01, 0xC0, 0x1C, 0x01, 0xC0, 0x1C, 0x01, 0xC0, 0x1C, 0x7F, 0xFF, 0xFF, 0xFF, 0xF0, 0x7C, 0x7E,
    0x7E, 0x0E, 0x0E, 0x0E, 0x0E, 0x0E, 0x0E, 0x1E, 0xFF, 0xF7, 0xE7, 0x00, 0xFF, 0xEF, 0xFE, 0x7F,
    0xE0, 0x38, 0x03, 0x80, 0x38, 0x03, 0x80, 0x38, 0x03, 0x80, 0x38, 0x03, 0x80, 0x38, 0x03, 0x80,
    0x7F, 0xC3, 0xFF, 0x1F, 0xFC, 0x00, 0xE0, 0x07, 0x00, 0x39, 0xC1, 0xCE, 0x0E, 0x70, 0x73, 0x83,
    0x9C, 0x1C, 0xE0, 0xE7, 0x07, 0x00, 0xFB, 0xEF, 0x8E, 0x38, 0xE3, 0x8E, 0x38, 0xE3, 0x8E, 0x38,
    0xFF, 0xFD, 0xF9, 0xC7, 0x8E, 0x1C, 0x38, 0x78, 0xF1, 0xE3, 0xC3, 0x80, 0x7F, 0xE1, 0xFF, 0xC7,
    0xFF, 0x8E, 0x0E, 0x38, 0x38, 0xE0, 0xE3, 0x83, 0x8E, 0x0E, 0x38, 0x38, 0xE0, 0xE3, 0x83, 0x8E,
    0x0E, 0x38, 0x38, 0xE7, 0xCE, 0x7E, 0xE7, 0xFE, 0x0F, 0xE0, 0x7E, 0x07, 0xE0, 0x7E, 0x07, 0xF0,
    0xFF, 0x0F, 0x7F, 0xE3, 0xFC, 0x1F, 0x80, 0xFB, 0xEF, 0x8E, 0x38, 0xE3, 0x80, 0xFF, 0x1F, 0xF3,
    0xFF, 0x00, 0xE0, 0x1C, 0x03, 0x80, 0x70, 0x0E, 0x01, 0xC0, 0x38, 0x07, 0x00, 0xE0, 0x1C, 0x03,
    0x80, 0x70, 0x0E, 0x01, 0xC0, 0x7E, 0x0F, 0xF1, 0xFE, 0x01, 0xE0, 0x1C, 0x03, 0x80, 0x70, 0x0E,
    0x01, 0xC0, 0x79, 0xFE, 0x7F, 0xCF, 0xE0, 0x00, 0x1C, 0x03, 0x80, 0x70, 0x0F, 0xFF, 0xFF, 0xBF,
    0xF0, 0x1E, 0x03, 0x80, 0x70, 0x1E, 0x03, 0x80, 0x70, 0x1E, 0x03, 0x80, 0x70, 0x1E, 0x00, 0x7F,
    0xE1, 0xFF, 0xC7, 0xFF, 0x8E, 0x0E, 0x38, 0x38, 0xE0, 0xE3, 0x83, 0x8E, 0x0E, 0x38, 0x38, 0xE0,
    0xE3, 0xFF, 0x8F, 0xFE, 0x3F, 0xF8, 0x71, 0xF0, 0xF7, 0xF1, 0xFF, 0xE1, 0xF1, 0xE3, 0xC1, 0xC7,
    0x83, 0x8F, 0x07, 0x1C, 0x0E, 0x38, 0x3C, 0x70, 0x78, 0xE7, 0xE3, 0xDF, 0x87, 0xBE, 0x00, 0xFB,
    0xEF, 0x8E, 0x38, 0xE3, 0x8E, 0x38, 0xE3, 0x8E, 0x38, 0xE3, 0x8E, 0x38, 0x79, 0xF9, 0xF0, 0xE1,
    0xC3, 0x87, 0x0E, 0x1C, 0x3B, 0xF7, 0xEF, 0xC0, 0x7F, 0xC7, 0xFF, 0x9F, 0xFC, 0x70, 0xF7, 0x03,
    0xB8, 0x1D, 0xC0, 0xEE, 0x07, 0x78, 0x7B, 0xC3, 0xCF, 0xFC, 0x7F, 0xC0, 0xFC, 0x00, 0x00, 0x03,
    0x83, 0x9E, 0x1C, 0xF0, 0xE3, 0x87, 0x1C, 0x38, 0xF1, 0xC7, 0x9E, 0x1C, 0xF0, 0xE7, 0x07, 0xF8,
    0xFF, 0x8F, 0xF0, 0x7E, 0x00, 0x00, 0x00, 0x3F, 0x07, 0xF8, 0xFF, 0xCF, 0x1E, 0xE0, 0xEF, 0x0E,
    0xF8, 0xE7, 0x8E, 0x10, 0xE0, 0x0E, 0x00, 0xE0, 0x0E, 0x00, 0xE0, 0x0E, 0x00, 0xE0, 0x0E, 0x00,
    0xE0, 0x3F, 0x07, 0xF8, 0xFF, 0xCF, 0x1E, 0xE0, 0xEF, 0x0E, 0xF8, 0xE7, 0x8E, 0x11, 0xE0, 0x1E,
    0x7F, 0xCF, 0xF8, 0xFF, 0x00, 0x70, 0xF7, 0x8F, 0x78, 0xE3, 0x8E, 0x3C, 0xE3, 0xDE, 0x1F, 0xC1,
    0xF8, 0x0F, 0x00, 0xE0, 0x0F, 0x00, 0xF0, 0x07, 0x00, 0x70, 0x07, 0x80, 0x78, 0x03, 0x80, 0x78,
    0xF7, 0x8F, 0x3C, 0xF1, 0xEE, 0x1E, 0xE0, 0xFE, 0x07, 0xC0, 0x78, 0x03, 0xC0, 0x3C, 0x7F, 0xE7,
    0xFE, 0x7F, 0xE0, 0x7F, 0xFB, 0xFF, 0xDF, 0xFC, 0x00, 0xE0, 0x0F, 0x00, 0x79, 0xC3, 0x8E, 0x1C,
    0x71, 0xE3, 0x8E, 0x1C, 0x70, 0xE7, 0x87, 0x3C, 0x38, 0x01, 0xC0, 0x0E, 0x00, 0x70, 0x00, 0x7F,
    0x0F, 0xF1, 0xFF, 0x00, 0xE0, 0x1C, 0x03, 0x80, 0x70, 0x0E, 0x01, 0xC0, 0x38, 0x07, 0x00, 0xE0,
    0x1C, 0xE7, 0x3B, 0x9C, 0xEE, 0x73, 0xB9, 0xCE, 0xEF, 0x3B, 0xF8, 0xEF, 0xE3, 0xBE, 0x0E, 0xF0,
    0x79, 0xC1, 0xE7, 0xFF, 0x0F, 0xF8, 0x0F, 0xC0, 0x7F, 0xF1, 0xFF, 0xE7, 0xFF, 0xC7, 0x0F, 0x1C,
    0x1C, 0x70, 0x71, 0xC1, 0xC7, 0x07, 0x1C, 0x1C, 0x70, 0x77, 0xC1, 0xDF, 0x07, 0x78, 0x1C, 0x0F,
    0x80, 0x1F, 0x00, 0x3E, 0x00, 0x1C, 0x0F, 0xBF, 0xDF, 0x7F, 0xBE, 0xFF, 0x1D, 0xCE, 0x38, 0x1C,
    0x70, 0x38, 0xE0, 0x70, 0x00, 0x00, 0xF9, 0xF7, 0xCF, 0xBE, 0x7C, 0x70, 0xE3, 0x87, 0x1C, 0x38,
    0xE1, 0xC7, 0x0E, 0x38, 0x71, 0xC3, 0x8E, 0x1C, 0x70, 0xE3, 0x87, 0x00, 0xF8, 0xF7, 0xCF, 0xBE,
    0x3C, 0x70, 0xE3, 0x87, 0x1C, 0x38, 0xE1, 0xC7, 0x0E, 0x00, 0x70, 0x03, 0x80, 0x1C, 0x00, 0xE0,
    0x07, 0x00, 0xF8, 0xF7, 0xCF, 0xBE, 0x3C, 0x70, 0xE3, 0x87, 0x1C, 0x38, 0xE1, 0xC0, 0x00, 0x73,
    0x9C, 0xEE, 0x70, 0x73, 0xB9, 0xDD, 0xCE, 0xEE, 0x77, 0x30, 0x00, 0x00, 0x00, 0x00, 0x00, 0x30,
    0x00, 0x00, 0xC0, 0x00, 0x01, 0x0F, 0xFF, 0xFF, 0xDF, 0xFF, 0xFF, 0x80, 0x04, 0x00, 0x00, 0x01,
    0xA3, 0x98, 0x00, 0x07, 0xE9, 0xB7, 0xC0, 0x1F, 0xCA, 0xCE, 0x7F, 0xFF, 0x04, 0xE1, 0x03, 0xFC,
    0x00, 0x10, 0x00, 0x00, 0x00, 0x00, 0x70, 0x00, 0x00, 0x6C, 0x00, 0x00, 0x22, 0x00, 0x00, 0x1F,
    0xFF, 0xFF, 0xE7, 0xFF, 0xFF, 0xF0, 0x00, 0x00, 0x38, 0x00, 0x01, 0xE0, 0x00, 0x2C, 0xFF, 0xFF,
    0xFE, 0x7F, 0xF9, 0xF0, 0x00, 0x00, 0x00, 0x00, 0x00, 0x00, 0x00, 0x00, 0x04, 0x00, 0x00, 0x00,
    0x00, 0x00, 0x06, 0x00, 0x00, 0x00, 0x00, 0x00, 0x26, 0x00, 0x00, 0x00, 0x00, 0x00, 0x66, 0x00,
    0x00, 0x00, 0x00, 0x70, 0x66, 0x00, 0x00, 0x00, 0x00, 0xBF, 0xFE, 0x00, 0x00, 0x00, 0x01, 0x0F,
    0xBC, 0x00, 0x00, 0x00, 0x01, 0x00, 0x00, 0x00, 0x00, 0x00, 0x01, 0x00, 0x00, 0xFF, 0xFF, 0xFF,
    0xFD, 0x80, 0x00, 0x7F, 0xFF, 0xFF, 0xFF, 0xE0, 0x00, 0x00, 0x00, 0x00, 0x00, 0xE0, 0x00, 0x00,
    0x00, 0x00, 0x00, 0x00, 0x00, 0x00, 0x00, 0x01, 0xE0, 0x03, 0xFF, 0xFF, 0xF8, 0x07, 0xFE, 0x00,
    0x00, 0x02, 0x2C, 0x11, 0xE0, 0xCC, 0x02, 0x20, 0x19, 0x00, 0x48, 0x02, 0x0E, 0x18, 0xC0, 0x46,
    0x03, 0x60, 0x0B, 0x00, 0x70, 0x01, 0x80, 0x08, 0x00, 0x00, 0x00, 0x04, 0x20, 0x44, 0x06, 0x60,
    0x22, 0x03, 0x00, 0x13, 0x01, 0x07, 0x18, 0xC0, 0x8C, 0x0D, 0x80, 0x58, 0x07, 0x00, 0x30, 0x02,
    0x00, 0x00, 0x00, 0x00, 0x00, 0x00, 0x18, 0x01, 0x83, 0x00, 0x78, 0x60, 0x19, 0x84, 0x02, 0x30,
    0x80, 0x43, 0xF0, 0x8F, 0xFC, 0x70, 0xFC, 0x1A, 0x01, 0x00, 0x40, 0x20, 0x0C, 0x0C, 0x01, 0x87,
    0x00, 0x1F, 0xC0, 0x01, 0xE0, 0x00, 0x00, 0x02, 0x30, 0x72, 0x07, 0x60, 0x04, 0x00, 0xC0, 0x08,
    0x01, 0x80, 0x12, 0x63, 0x76, 0x23, 0x66, 0x00, 0x00, 0x00, 0x00, 0x00, 0x46, 0x01, 0xC8, 0x03,
    0xB0, 0x00, 0x40, 0x01, 0x80, 0x02, 0x00, 0x0C, 0x00, 0x12, 0x64, 0x6E, 0xFC, 0x8D, 0x9B, 0x00,
    0x00, 0x00, 0x00, 0x08, 0x0E, 0x02, 0x00, 0x00, 0xC0, 0xF0, 0xDC, 0x46, 0x21, 0x1F, 0xC7, 0x60,
    0x67, 0xF7, 0xE0, 0x00, 0x08, 0x0C, 0x02, 0x01, 0x00, 0x80, 0x00, 0x09, 0x6D, 0x80, 0x01, 0x36,
    0x48, 0x80, 0x18, 0x00, 0x3E, 0x00, 0x31, 0x80, 0x10, 0x40, 0x2C, 0x20, 0x77, 0xFF, 0xF1, 0xFF,
    0xE0, 0x1C, 0x03, 0xE0, 0x40, 0x04, 0x00, 0x60, 0xC3, 0xF8, 0x1E, 0x01, 0xC0, 0x10, 0x03, 0x1C,
    0x27, 0xF2, 0xE3, 0x38, 0x13, 0x01, 0x38, 0x64, 0xFE, 0x47, 0x80, 0x00, 0x32, 0x5C, 0x80, 0x00,
    0x33, 0x1E, 0x80, 0x04, 0xC8, 0xF3, 0x24, 0xC0, 0x40, 0x69, 0x2B, 0xA4, 0xC0, 0x00, 0x00, 0x0A,
    0xFE, 0x00, 0x81, 0x89, 0x78, 0x0C, 0x06, 0x03, 0x01, 0x81, 0xC2, 0x01, 0xFC, 0x00, 0x10, 0x70,
    0x18, 0x00, 0x66, 0x60, 0x03, 0x40, 0x09, 0x6D, 0x80, 0x19, 0x00, 0x01, 0x02, 0x04, 0x0C, 0x0C,
    0x08, 0x10, 0x20, 0x4C, 0xF8, 0xE0, 0x30, 0xC1, 0x1B, 0x6C, 0x00, 0x38, 0xFB, 0x14, 0x08, 0x1C,
    0x1C, 0x1C, 0x10, 0x20, 0x01, 0x83, 0x00, 0x00, 0x01, 0x80, 0x78, 0x1C, 0x02, 0x00, 0x80, 0x10,
    0x03, 0xC0, 0x3E, 0x00, 0xC0, 0x18, 0x0E, 0x3F, 0x83, 0xC0, 0x18, 0x3C, 0x64, 0x40, 0x66, 0x7E,
    0xF0, 0x00, 0x00, 0xF8, 0x00, 0x81, 0x02, 0x04, 0x08, 0x10, 0x20, 0x40, 0x81, 0x02, 0x04, 0x08,
    0x10, 0x00, 0x53, 0xF0, 0x9B, 0x49, 0x24, 0x92, 0x49, 0x00, 0x0C, 0x08, 0x07, 0x02, 0x00, 0xC0,
    0xF0, 0xCC, 0x46, 0x21, 0x1F, 0x87, 0xC0, 0x60, 0x67, 0xF0, 0xE0, 0x49, 0x24, 0x92, 0x49, 0x24,
    0x83, 0x9F, 0x80, 0x00, 0xC0, 0x39, 0x8C, 0x41, 0x0E, 0x41, 0x88, 0x01, 0xC4, 0x1E, 0x80, 0xF0,
    0x0B, 0x07, 0x3F, 0x83, 0xC0, 0x49, 0x24, 0x92, 0x49, 0x24, 0x80, 0x00, 0x00, 0x00, 0x20, 0x01,
    0xA0, 0x03, 0x80, 0x0E, 0x00, 0x3C, 0x03, 0x9F, 0xFC, 0x3F, 0xC0, 0x00, 0x00, 0x00, 0x01, 0xC0,
    0x06, 0x00, 0x00, 0x00, 0x00, 0x6C, 0x6C, 0x00, 0x00, 0x38, 0x1C, 0x2E, 0x46, 0x42, 0x42, 0x7C,
    0x3C, 0x01, 0x00, 0x3E, 0x01, 0x90, 0x80, 0x06, 0x80, 0x0E, 0x00, 0x38, 0x00, 0xF0, 0x0E, 0x7F,
    0xF0, 0xFF, 0x00, 0x02, 0x00, 0x18, 0x00, 0x98, 0x03, 0x42, 0x00, 0x1A, 0x00, 0x38, 0x00, 0xE0,
    0x03, 0xC0, 0x39, 0xFF, 0xC3, 0xFC, 0x00, 0x7C, 0x07, 0xFF, 0x01, 0xF8, 0x1E, 0x01, 0x80, 0x18,
    0x01, 0x80, 0x08, 0x60, 0x43, 0x02, 0x00, 0x18, 0x00, 0xE0, 0x03, 0xFF, 0x07, 0xE0, 0x7C, 0x07,
    0xFF, 0x01, 0xF8, 0x1E, 0x01, 0x80, 0x18, 0x01, 0x80, 0x08, 0x00, 0x40, 0x02, 0x00, 0x18, 0x00,
    0xE0, 0x03, 0xFF, 0x07, 0xE0, 0x00, 0x00, 0x30, 0x01, 0x80, 0x04, 0x00, 0x00, 0x3E, 0x03, 0xFF,
    0x80, 0xFC, 0x0F, 0x00, 0xC0, 0x0C, 0x00, 0xC0, 0x04, 0x00, 0x20, 0x01, 0x00, 0x0C, 0x00, 0x70,
    0x01, 0xFF, 0x83, 0xF0, 0x00, 0x18, 0x30, 0x60, 0x60, 0xC0, 0xFF, 0xFC, 0x00, 0x30, 0x60, 0x00,
    0x01, 0x83, 0x06, 0x06, 0x0C, 0x0F, 0xFF, 0xC0, 0x00, 0x06, 0x06, 0x07, 0x03, 0x03, 0x01, 0x01,
    0x03, 0x06, 0xFE, 0x78, 0x00, 0x0C, 0x0C, 0x00, 0x00, 0x06, 0x06, 0x07, 0x03, 0x03, 0x01, 0x01,
    0x03, 0x06, 0xFE, 0x78, 0x00, 0x00, 0x00, 0x00, 0x08, 0x00, 0x03, 0x00, 0x43, 0x20, 0x08, 0x46,
    0x03, 0x0C, 0xC0, 0x3F, 0xF4, 0x07, 0xDE, 0x80, 0xC0, 0x10, 0x10, 0x03, 0x02, 0x00, 0x61, 0x80,
    0x07, 0xE0, 0x00, 0x78, 0x00, 0x00, 0x00, 0x04, 0x00, 0x00, 0xC0, 0x00, 0x6C, 0x00, 0x0D, 0x80,
    0x00, 0x04, 0x00, 0x01, 0x80, 0x21, 0x90, 0x04, 0x23, 0x01, 0x86, 0x60, 0x1F, 0xFA, 0x03, 0xEF,
    0x40, 0x60, 0x08, 0x08, 0x01, 0x81, 0x00, 0x30, 0xC0, 0x03, 0xF0, 0x00, 0x3C, 0x00, 0x00, 0x00,
    0x01, 0xC0, 0x00, 0x1F, 0x00, 0x03, 0x8C, 0x01, 0x30, 0x30, 0x19, 0x01, 0x00, 0xF0, 0x38, 0x03,
    0xFF, 0x90, 0x1F, 0xF0, 0x80, 0xC0, 0x04, 0x04, 0x00, 0x30, 0x20, 0x01, 0x86, 0x00, 0x07, 0xE0,
    0x00, 0x1E, 0x00, 0x00, 0x00, 0x00, 0x00, 0x00, 0x30, 0x00, 0x01, 0x80, 0x00, 0x00, 0x00, 0x00,
    0x00, 0x00, 0x00, 0xE0, 0x00, 0x0F, 0x80, 0x01, 0xC6, 0x00, 0x98, 0x18, 0x0C, 0x80, 0x80, 0x78,
    0x1C, 0x01, 0xFF, 0xC8, 0x0F, 0xF8, 0x40, 0x60, 0x02, 0x02, 0x00, 0x18, 0x10, 0x00, 0xC3, 0x00,
    0x03, 0xF0, 0x00, 0x0F, 0x00, 0x00, 0x00, 0x00, 0x18, 0x00, 0x30, 0x00, 0x60, 0x00, 0xC0, 0x01,
    0x80, 0x03, 0x00, 0x06, 0x18, 0x04, 0xFC, 0x0B, 0x1C, 0x1C, 0x18, 0x30, 0x14, 0xC0, 0xCF, 0xFF,
    0x07, 0xFC, 0x00, 0x00, 0x00, 0x18, 0x00, 0x30, 0x00, 0x61, 0x80, 0xC7, 0x01, 0x80, 0x03, 0x00,
    0x06, 0x18, 0x04, 0xFC, 0x0B, 0x1C, 0x1C, 0x18, 0x30, 0x14, 0xC0, 0xCF, 0xFF, 0x07, 0xFC, 0x00,
    0x38, 0x07, 0xC0, 0xC0, 0x08, 0x00, 0xC1, 0x8F, 0x70, 0x7E, 0x03, 0x80, 0x20, 0x06, 0x00, 0x40,
    0x04, 0x00, 0x40, 0x06, 0x00, 0x3F, 0xF0, 0xFC, 0x00, 0x01, 0x00, 0x38, 0x01, 0x00, 0x00, 0x03,
    0x80, 0x7C, 0x0C, 0x00, 0x80, 0x0C, 0x18, 0xF7, 0x07, 0xE0, 0x38, 0x02, 0x00, 0x60, 0x04, 0x00,
    0x40, 0x04, 0x00, 0x60, 0x03, 0xFF, 0x0F, 0xC0, 0x00, 0x00, 0x04, 0x20, 0x43, 0x80, 0x3C, 0x03,
    0xC0, 0x18, 0x00, 0x60, 0x01, 0xE0, 0x00, 0xC0, 0x01, 0x88, 0x03, 0x20, 0x04, 0xC0, 0x33, 0xFF,
    0x83, 0xFC, 0x00, 0x00, 0x08, 0x00, 0xE0, 0x0F, 0x00, 0xF0, 0x06, 0x00, 0x18, 0x00, 0x78, 0x00,
    0x30, 0x00, 0x62, 0x00, 0xC8, 0x01, 0x30, 0x0C, 0xFF, 0xE0, 0xFF, 0x00, 0x00, 0x00, 0x90, 0x03,
    0x60, 0x06, 0x00, 0x08, 0x00, 0x00, 0x00, 0xC0, 0x39, 0x8C, 0x53, 0x09, 0x40, 0x08, 0x21, 0xE4,
    0x1E, 0x80, 0x70, 0x0B, 0x07, 0x3F, 0x83, 0xC0, 0x00, 0x30, 0x03, 0x81, 0x30, 0xDB, 0x06, 0x50,
    0x00, 0x80, 0x87, 0x84, 0x1E, 0x20, 0x19, 0x00, 0x8C, 0x1C, 0x3F, 0x80, 0xF0, 0x00, 0x00, 0x62,
    0x0E, 0x31, 0x8D, 0xB0, 0xCA, 0x00, 0x20, 0x43, 0xC4, 0x1E, 0x40, 0x34, 0x02, 0x60, 0xE3, 0xF8,
    0x1E, 0x00, 0xFF, 0xC0, 0x00, 0x00, 0x00, 0x10, 0x00, 0x38, 0x00, 0x10, 0x00, 0x00, 0x00, 0x38,
    0x00, 0x3C, 0x00, 0x46, 0x00, 0x46, 0x80, 0x46, 0x80, 0x7E, 0x80, 0x3A, 0xC0, 0x0E, 0x7F, 0xFC,
    0x3F, 0xE0, 0x00, 0x81, 0xB8, 0x32, 0x00, 0x00, 0x38, 0x0F, 0x83, 0x30, 0x43, 0x08, 0x61, 0xFE,
    0x1E, 0xC0, 0x18, 0x03, 0x80, 0xB8, 0xE3, 0xF8, 0x3C, 0x00, 0x00, 0x80, 0x60, 0x1C, 0x02, 0x00,
    0x80, 0x30, 0x8C, 0x43, 0x1C, 0xC2, 0x10, 0x04, 0x01, 0xFF, 0xFF, 0xE0, 0x00, 0x00, 0x60, 0x18,
    0x06, 0x01, 0x80, 0x60, 0x18, 0x02, 0x00, 0x80, 0x20, 0x08, 0x03, 0x00, 0xC0, 0x38, 0x06, 0x01,
    0x80, 0xB0, 0x67, 0xF0, 0xF0, 0x38, 0x1E, 0x11, 0x80, 0x63, 0xF7, 0xFB, 0x01, 0x00, 0x80, 0x60,
    0x30, 0x18, 0x0C, 0x00, 0x00, 0x00, 0x06, 0x01, 0x80, 0x20, 0x00, 0x80, 0x60, 0x08, 0x03, 0x80,
    0xE0, 0x18, 0x0B, 0x0E, 0x7F, 0x0F, 0x00, 0x00, 0x00, 0x30, 0x07, 0x80, 0x7C, 0x08, 0xE0, 0x8B,
    0x0C, 0xB0, 0x71, 0x7F, 0xD3, 0xCE, 0x00, 0x00, 0x0C, 0x0F, 0x0C, 0xC4, 0x62, 0x11, 0xF8, 0x7C,
    0x06, 0x06, 0x7F, 0x0E, 0x00, 0x00, 0xC0, 0x38, 0x0C, 0x03, 0x00, 0x40, 0x08, 0x21, 0xE4, 0x1E,
    0x80, 0x70, 0x0B, 0x07, 0x3F, 0x83, 0xC0, 0x00, 0xC0, 0x38, 0x0C, 0x03, 0x00, 0x40, 0x08, 0x21,
    0xE4, 0x1E, 0x80, 0x70, 0x0B, 0x07, 0x3F, 0x83, 0xC0, 0x00, 0x0D, 0x81, 0xB0, 0x00, 0x00, 0x17,
    0xA6, 0xC0, 0x00, 0x18, 0x47, 0x8C, 0x20, 0x01, 0xBD, 0xC0, 0x00, 0x01, 0xB8, 0x00, 0x31, 0x8E,
    0xC4, 0x00, 0x01, 0xB8, 0x00, 0x15, 0xF0, 0xEA, 0xE0, 0x00, 0xF8, 0x00, 0x73, 0xF0, 0x73, 0xF0,
    0xF8, 0x37, 0x18, 0xC0, 0x99, 0x60, 0x01, 0xE0, 0x06, 0x9C, 0xC0, 0x00, 0x04, 0xEB, 0x00, 0xFF,
    0x80, 0x63, 0x38, 0x61, 0x00, 0x01, 0xA3, 0x1C, 0x00, 0x11, 0x0E, 0xF0, 0x00, 0x07, 0x72, 0x00,
    0x1B, 0x26, 0xC9, 0x24, 0x90, 0x03, 0x1C, 0xFF, 0x79, 0x86, 0x08, 0x20, 0x82, 0x08, 0x00, 0x00,
    0xA2, 0x59, 0xEF, 0xE3, 0x81, 0x80, 0xC0, 0x60, 0x10, 0x08, 0x04, 0x02, 0x00, 0x00, 0x00, 0x61,
    0x86, 0x0C, 0x1C, 0x1C, 0x18, 0x20, 0x81, 0x03, 0xE3, 0xC0, 0x39, 0xE4, 0xF1, 0x86, 0x18, 0xFE,
    0x70, 0x00, 0xFC, 0x7C, 0x04, 0x04, 0x04, 0x04, 0x04, 0x06, 0x06, 0x02, 0x03, 0x00, 0x00, 0x60,
    0xF0, 0x4C, 0x66, 0x31, 0x90, 0xD8, 0x68, 0x1C, 0x0E, 0x07, 0x01, 0x00, 0x08, 0x04, 0x07, 0x03,
    0x81, 0x41, 0xB0, 0x98, 0x46, 0x63, 0x20, 0xF0, 0x68, 0x10, 0x70, 0xF2, 0x66, 0x4F, 0x8F, 0x02,
    0x04, 0x0C, 0x18, 0x18, 0x20, 0x00, 0x00, 0x23, 0x72, 0x76, 0x04, 0x0C, 0x08, 0x18, 0x12, 0x37,
    0x23, 0x60, 0x00, 0x10, 0xC6, 0x10, 0x8C, 0xCE, 0x40, 0x01, 0x98, 0x8C, 0x42, 0x18, 0x40, 0x00,
    0x00, 0x08, 0x18, 0x7E, 0x3C, 0x3C, 0x24, 0x00, 0x00, 0x00, 0x00, 0x20, 0x01, 0xA0, 0x03, 0x80,
    0x0E, 0x00, 0x3C, 0x03, 0x9F, 0xFC, 0x3F, 0xC0, 0x03, 0x80, 0xF8, 0x33, 0x04, 0x30, 0x86, 0x1F,
    0xE1, 0xEC, 0x01, 0x80, 0x38, 0x0B, 0x8E, 0x3F, 0x83, 0xC0, 0x7C, 0x33, 0x7C, 0x00, 0x10, 0x86,
    0x21, 0x08, 0x42, 0x10, 0x84, 0x21, 0x08, 0x00, 0x11, 0x0E, 0xF0, 0x10, 0x84, 0x21, 0x08, 0x42,
    0x10, 0x84, 0x21, 0x08, 0x01, 0x0C, 0x42, 0x10, 0x84, 0x21, 0x08, 0x42, 0x10, 0x80, 0x11, 0x0E,
    0xF0, 0x00, 0x18, 0x3C, 0x64, 0x40, 0x66, 0x7E, 0xF0, 0x00, 0x00, 0x01, 0x00, 0x04, 0x00, 0x10,
    0x00, 0x40, 0xC1, 0x07, 0x84, 0x32, 0x10, 0x80, 0x43, 0x19, 0x0F, 0xE4, 0x78, 0x10, 0x00, 0x40,
    0x01, 0x00, 0x04, 0x00, 0x00, 0x00, 0x00, 0x06, 0x00, 0x01, 0xE0, 0x00, 0x24, 0x00, 0x0C, 0x00,
    0xC0, 0xCC, 0x3C, 0x1F, 0x8C, 0xC7, 0x01, 0x18, 0x00, 0x21, 0x00, 0x07, 0xE0, 0x00, 0x7C, 0x00,
    0x01, 0x80, 0x00, 0x60, 0x01, 0xFC, 0x00, 0x0E, 0x00, 0x00, 0x04, 0x00, 0x00, 0xC0, 0x00, 0x10,
    0x18, 0x02, 0x07, 0x80, 0x00, 0x90, 0x00, 0x30, 0x03, 0x03, 0x30, 0xF0, 0x7E, 0x33, 0x1C, 0x04,
    0x20, 0x00, 0x84, 0x00, 0x1F, 0x80, 0x01, 0xF0, 0x00, 0x06, 0x00, 0x01, 0x80, 0x07, 0xF0, 0x00,
    0x38, 0x00, 0x00, 0x00, 0x01, 0xC0, 0x00, 0x1E, 0x00, 0x00, 0x80, 0x01, 0x8C, 0x00, 0x1C, 0x3F,
    0x01, 0x83, 0xE0, 0x18, 0x00, 0x00, 0x80, 0x00, 0x04, 0x00, 0x04, 0x3C, 0x00, 0x20, 0xF0, 0x01,
    0x00, 0xC0, 0x08, 0x04, 0x00, 0x60, 0xE0, 0x01, 0xFC, 0x00, 0x07, 0x80, 0x00, 0x04, 0x00, 0x1C,
    0x00, 0x48, 0x83, 0xC2, 0x00, 0x0A, 0x00, 0x38, 0x00, 0xE0, 0x03, 0xC0, 0x39, 0xFF, 0xC3, 0xFC,
    0x00, 0x00, 0x00, 0x18, 0x00, 0x00, 0x00, 0x80, 0x06, 0x08, 0x00, 0x68, 0x00, 0xE0, 0x03, 0x80,
    0x0F, 0x00, 0xE7, 0xFF, 0x0F, 0xF0, 0x00, 0x00, 0x00, 0x20, 0x01, 0xA0, 0x03, 0x80, 0x0E, 0x00,
    0x3C, 0x03, 0x9F, 0xFC, 0x3F, 0xC0, 0x00, 0x00, 0x20, 0x00, 0x80, 0x00, 0x00, 0x0C, 0x00, 0x20,
    0x00, 0x01, 0x00, 0x6E, 0x01, 0x90, 0x80, 0x06, 0x80, 0x0E, 0x00, 0x38, 0x00, 0xF0, 0x0E, 0x7F,
    0xF0, 0xFF, 0x00, 0x70, 0x01, 0xC0, 0x01, 0x00, 0x3E, 0x00, 0x90, 0x01, 0x82, 0x00, 0x1A, 0x00,
    0x38, 0x00, 0xE0, 0x03, 0xC0, 0x39, 0xFF, 0xC3, 0xFC, 0x00, 0x00, 0x00, 0x00, 0x20, 0x01, 0xA0,
    0x03, 0x80, 0x0E, 0x00, 0x3C, 0x03, 0x9F, 0xFC, 0x3F, 0xC0, 0x00, 0x00, 0x48, 0x03, 0x60, 0x06,
    0x00, 0x08, 0x00, 0x00, 0x00, 0x00, 0x00, 0x3C, 0x00, 0x00, 0x03, 0xC2, 0x00, 0x1A, 0x00, 0x38,
    0x00, 0xE0, 0x03, 0xC0, 0x39, 0xFF, 0xC3, 0xFC, 0x00, 0x00, 0x00, 0x00, 0x20, 0x01, 0xA0, 0x03,
    0x80, 0x0E, 0x00, 0x3C, 0x03, 0x9F, 0xFC, 0x3F, 0xC0, 0x00, 0x00, 0x50, 0x01, 0x40, 0x05, 0x00,
    0x14, 0x00, 0x06, 0x00, 0x80, 0x0E, 0x00, 0x80, 0x7C, 0x0F, 0xFE, 0x07, 0xE0, 0xE0, 0x18, 0x03,
    0x00, 0x60, 0x04, 0x00, 0x40, 0x04, 0x00, 0x60, 0x07, 0x00, 0x3F, 0xE1, 0xF8, 0x02, 0x00, 0x30,
    0x00, 0x00, 0x0C, 0x00, 0x60, 0x00, 0x01, 0xF0, 0x1F, 0xFC, 0x07, 0xE0, 0x78, 0x06, 0x00, 0x60,
    0x06, 0x00, 0x20, 0x01, 0x00, 0x08, 0x00, 0x60, 0x03, 0x80, 0x0F, 0xFC, 0x1F, 0x80, 0x7C, 0x07,
    0xFF, 0x01, 0xF8, 0x1E, 0x01, 0x80, 0x18, 0x01, 0x80, 0x09, 0xB0, 0x4D, 0x82, 0x00, 0x18, 0x00,
    0xE0, 0x03, 0xFF, 0x07, 0xE0, 0x7C, 0x07, 0xFF, 0x01, 0xF8, 0x1E, 0x01, 0x80, 0x18, 0x01, 0x8C,
    0x08, 0x40, 0x40, 0x02, 0x18, 0x18, 0x00, 0xE0, 0x03, 0xFF, 0x07, 0xE0, 0x00, 0x00, 0x10, 0x01,
    0xC0, 0x1B, 0x00, 0x90, 0x00, 0x01, 0xF0, 0x1F, 0xFC, 0x07, 0xE0, 0x78, 0x06, 0x00, 0x60, 0x06,
    0x00, 0x20, 0x01, 0x00, 0x08, 0x00, 0x60, 0x03, 0x80, 0x0F, 0xFC, 0x1F, 0x80, 0x7C, 0x07, 0xFF,
    0x01, 0xF8, 0x1E, 0x01, 0x80, 0x18, 0x01, 0x82, 0x09, 0xB0, 0x46, 0x82, 0x18, 0x18, 0x00, 0xE0,
    0x03, 0xFF, 0x07, 0xE0, 0x7C, 0x07, 0xFF, 0x01, 0xF8, 0x1E, 0x01, 0x80, 0x18, 0x01, 0x96, 0x08,
    0xB0, 0x42, 0x82, 0x3C, 0x18, 0x00, 0xE0, 0x03, 0xFF, 0x07, 0xE0, 0x10, 0x10, 0x1C, 0x3C, 0x00,
    0x00, 0x0C, 0x04, 0x06, 0x06, 0x03, 0x03, 0xFE, 0x7C, 0x00, 0x10, 0x30, 0x60, 0x60, 0xC0, 0xFF,
    0xFC, 0x50, 0x60, 0x00, 0x18, 0x30, 0x60, 0x60, 0xC0, 0xFF, 0xFC, 0x00, 0x41, 0xC1, 0x00, 0x00,
    0x10, 0x10, 0x1C, 0x3C, 0x00, 0x00, 0x0C, 0x04, 0x06, 0x06, 0x03, 0x03, 0xFE, 0x7C, 0x00, 0x08,
    0x18, 0x18, 0x00, 0x00, 0x59, 0xB0, 0x00, 0x01, 0x83, 0x06, 0x06, 0x0C, 0x0F, 0xFF, 0xC0, 0x00,
    0x18, 0x30, 0x60, 0x60, 0xC0, 0xFF, 0xFC, 0x00, 0x93, 0x62, 0x00, 0x00, 0x30, 0xB3, 0xE2, 0x00,
    0x03, 0x06, 0x0C, 0x0C, 0x18, 0x1F, 0xFF, 0x80, 0x00, 0x59, 0x90, 0xC1, 0x00, 0x03, 0x06, 0x0C,
    0x0C, 0x18, 0x1F, 0xFF, 0x80, 0x00, 0x78, 0x01, 0xE0, 0x00, 0x03, 0x06, 0x0C, 0x0C, 0x18, 0x1F,
    0xFF, 0x80, 0x00, 0x04, 0x03, 0x81, 0x21, 0xE0, 0x00, 0x10, 0x0C, 0x06, 0x01, 0x80, 0xC0, 0x20,
    0x10, 0x18, 0x18, 0xFC, 0x38, 0x00, 0x00, 0x12, 0x1E, 0x0C, 0x00, 0x00, 0x06, 0x06, 0x07, 0x03,
    0x03, 0x01, 0x01, 0x03, 0x06, 0xFE, 0x78, 0x02, 0x06, 0x02, 0x03, 0x03, 0x01, 0x01, 0x01, 0x03,
    0x06, 0x7E, 0x3E, 0x0E, 0x00, 0x06, 0x06, 0x07, 0x03, 0x03, 0x01, 0x01, 0x03, 0x06, 0xFE, 0x78,
    0x00, 0x10, 0x30, 0x10, 0x00, 0x06, 0x06, 0x07, 0x03, 0x03, 0x01, 0x01, 0x03, 0x06, 0x7E, 0x38,
    0x00, 0x68, 0x38, 0x30, 0x00, 0x00, 0x06, 0x06, 0x07, 0x13, 0x3B, 0x11, 0x01, 0x03, 0x06, 0xFE,
    0x78, 0x00, 0x10, 0x30, 0x10, 0x00, 0x09, 0x8F, 0xC2, 0x00, 0x00, 0x30, 0x18, 0x0E, 0x03, 0x01,
    0x80, 0x40, 0x20, 0x30, 0x33, 0xF8, 0xF0, 0x00, 0x0C, 0x16, 0x1B, 0x10, 0x00, 0x06, 0x06, 0x07,
    0x03, 0x03, 0x01, 0x01, 0x03, 0x06, 0xFE, 0x78, 0x00, 0x1E, 0x00, 0x1E, 0x00, 0x00, 0x06, 0x06,
    0x07, 0x03, 0x03, 0x01, 0x01, 0x03, 0x06, 0xFE, 0x78, 0x00, 0x04, 0x00, 0x01, 0xC0, 0x00, 0x10,
    0x00, 0x00, 0x20, 0x00, 0x0C, 0x01, 0x0C, 0x80, 0x21, 0x18, 0x0C, 0x33, 0x00, 0xFF, 0xD0, 0x1F,
    0x7A, 0x03, 0x00, 0x40, 0x40, 0x0C, 0x08, 0x61, 0x86, 0x1C, 0x1F, 0x80, 0x01, 0xE0, 0x00, 0x00,
    0x00, 0x00, 0x00, 0x08, 0x00, 0x03, 0x00, 0x43, 0x20, 0x08, 0x46, 0x03, 0x0C, 0xC0, 0x3F, 0xF4,
    0x07, 0xDE, 0x80, 0xC0, 0x10, 0x11, 0x23, 0x02, 0x6C, 0x61, 0x86, 0x07, 0xE0, 0x60, 0x78, 0x00,
    0x00, 0x00, 0x04, 0x00, 0x00, 0xC0, 0x00, 0x6C, 0x00, 0x0D, 0x80, 0x00, 0x04, 0x00, 0x01, 0x80,
    0x21, 0x90, 0x04, 0x23, 0x01, 0x86, 0x60, 0x1F, 0xFA, 0x03, 0xEF, 0x40, 0x60, 0x08, 0x08, 0x91,
    0x81, 0x36, 0x30, 0xC3, 0x03, 0xF0, 0x30, 0x3C, 0x00, 0x00, 0x00, 0x01, 0xC0, 0x00, 0x1F, 0x00,
    0x03, 0x8C, 0x01, 0x30, 0x30, 0x19, 0x01, 0x00, 0xF0, 0x38, 0x03, 0xFF, 0x90, 0x1F, 0xF0, 0x80,
    0xC0, 0x04, 0x04, 0x04, 0x30, 0x23, 0x71, 0x86, 0x19, 0x07, 0xE0, 0x00, 0x1E, 0x00, 0x00, 0x00,
    0x00, 0x00, 0x00, 0x30, 0x00, 0x03, 0xC0, 0x00, 0x36, 0x00, 0x00, 0x80, 0x00, 0x00, 0x00, 0x00,
    0x07, 0x00, 0x00, 0x7C, 0x00, 0x0E, 0x30, 0x04, 0xC0, 0xC0, 0x64, 0x04, 0x03, 0xC0, 0xE0, 0x0F,
    0xFE, 0x40, 0x7F, 0xC2, 0x03, 0x00, 0x10, 0x10, 0x00, 0xC0, 0x80, 0x06, 0x18, 0x00, 0x1F, 0x80,
    0x00, 0x78, 0x00, 0x00, 0x00, 0x00, 0x18, 0x00, 0x30, 0xC0, 0x61, 0xC0, 0xCD, 0x81, 0x88, 0x03,
    0x00, 0x06, 0x18, 0x04, 0xFC, 0x0B, 0x1C, 0x1C, 0x18, 0x30, 0x14, 0xC0, 0xCF, 0xFF, 0x07, 0xFC,
    0x00, 0x00, 0x01, 0x00, 0x18, 0x06, 0xC0, 0x64, 0x00, 0x00, 0x38, 0x07, 0xC0, 0xC0, 0x08, 0x00,
    0xC1, 0x8F, 0x70, 0x7E, 0x03, 0x80, 0x20, 0x06, 0x00, 0x40, 0x04, 0x00, 0x40, 0x06, 0x00, 0x3F,
    0xF0, 0xFC, 0x00, 0x38, 0x00, 0x3C, 0x00, 0x46, 0x00, 0x46, 0x80, 0x46, 0x80, 0x7E, 0x80, 0x3A,
    0xC0, 0x0E, 0x7F, 0xFC, 0x3F, 0xE0, 0x00, 0x38, 0x00, 0x3C, 0x00, 0x46, 0x00, 0x46, 0x80, 0x46,
    0x80, 0x7E, 0x80, 0x3A, 0xC0, 0x0E, 0x7F, 0xFC, 0x3F, 0xE0, 0x00, 0x00, 0x00, 0x08, 0x00, 0x18,
    0x00, 0x08, 0x00, 0x00, 0x00, 0x10, 0x00, 0x38, 0x00, 0x10, 0x00, 0x00, 0x00, 0x38, 0x00, 0x3C,
    0x00, 0x46, 0x00, 0x46, 0x80, 0x46, 0x80, 0x7E, 0x80, 0x3A, 0xC0, 0x0E, 0x7F, 0xFC, 0x3F, 0xE0,
    0x00, 0x00, 0x00, 0x08, 0x00, 0x18, 0x00, 0x08, 0x00, 0x00, 0x00, 0x10, 0x00, 0x18, 0x00, 0x6C,
    0x00, 0x60, 0x00, 0x00, 0x00, 0x38, 0x00, 0x3C, 0x00, 0x46, 0x00, 0x46, 0x80, 0x46, 0x80, 0x7E,
    0x80, 0x3A, 0xC0, 0x0E, 0x7F, 0xFC, 0x3F, 0xE0, 0x00, 0x38, 0x00, 0x3C, 0x00, 0x46, 0x00, 0x46,
    0x80, 0x46, 0x80, 0x7E, 0x80, 0x3A, 0xC0, 0x0E, 0x7F, 0xFC, 0x3F, 0xE0, 0x00, 0x00, 0x00, 0x36,
    0x00, 0x34, 0x00, 0x18, 0x00, 0x08, 0x00, 0x28, 0x00, 0x28, 0x00, 0x28, 0x00, 0x28, 0x00, 0x00,
    0x00, 0x38, 0x00, 0x3C, 0x00, 0x46, 0x00, 0x46, 0x80, 0x46, 0x80, 0x7E, 0x80, 0x3A, 0xC0, 0x0E,
    0x7F, 0xFC, 0x3F, 0xE0, 0x00, 0x00, 0x60, 0x0C, 0x01, 0x00, 0x00, 0x07, 0x01, 0xF0, 0x66, 0x08,
    0x61, 0x0C, 0x3F, 0xC3, 0xD8, 0x03, 0x00, 0x70, 0x17, 0x1C, 0x7F, 0x07, 0x80, 0x00, 0x00, 0x60,
    0x0C, 0x02, 0x60, 0x48, 0x00, 0x00, 0xE0, 0x3E, 0x0C, 0xC1, 0x0C, 0x21, 0x87, 0xF8, 0x7B, 0x00,
    0x60, 0x0E, 0x02, 0xE3, 0x8F, 0xE0, 0xF0, 0x00, 0x00, 0x08, 0x00, 0xE0, 0x0F, 0x00, 0xF0, 0x06,
    0x00, 0x18, 0x00, 0x78, 0x00, 0x30, 0x00, 0x62, 0x00, 0xC8, 0x01, 0x30, 0x0C, 0xFF, 0xE0, 0xFF,
    0x00, 0x00, 0x00, 0x00, 0x0E, 0x00, 0x01, 0xC0, 0x00, 0x30, 0x00, 0x06, 0x00, 0x00, 0x40, 0x00,
    0x07, 0xFF, 0xE0, 0x3F, 0xFF, 0x00, 0x00, 0x1F, 0xFF, 0xFF, 0x7F, 0xFF, 0xE0, 0x00, 0x00, 0x00,
    0xE0, 0x0F, 0x00, 0xF8, 0x07, 0xD0, 0x19, 0x80, 0x78, 0x00, 0x70, 0x00, 0x60, 0x00, 0xC8, 0x01,
    0x30, 0x0C, 0xFF, 0xE0, 0xFF, 0x00, 0x00, 0x80, 0x61, 0xDC, 0x62, 0x00, 0x80, 0x30, 0x8C, 0x43,
    0x1C, 0xC2, 0x10, 0x04, 0x01, 0xFF, 0xFF, 0xE0, 0x00, 0x80, 0x60, 0x9C, 0x22, 0x14, 0x80, 0x30,
    0x8C, 0x43, 0x1C, 0xC2, 0x10, 0x04, 0x01, 0xFF, 0xFF, 0xE0, 0x00, 0x80, 0x60, 0x1C, 0x02, 0x00,
    0x80, 0x30, 0x8C, 0x43, 0x1C, 0xC2, 0x10, 0x04, 0x01, 0xFF, 0xFF, 0xE0, 0x00, 0x48, 0x1B, 0x03,
    0x00, 0x40, 0x00, 0x00, 0x18, 0x01, 0xC0, 0x1C, 0x81, 0xCE, 0x0C, 0xF0, 0x0F, 0x00, 0x60, 0x01,
    0x80, 0x07, 0x80, 0x03, 0x00, 0x06, 0x20, 0x0C, 0x80, 0x13, 0x00, 0xCF, 0xFE, 0x0F, 0xF0, 0x00,
    0x00, 0x00, 0xE0, 0x0E, 0x00, 0xEE, 0x0E, 0xF0, 0x0F, 0x80, 0x7D, 0x01, 0x98, 0x07, 0x80, 0x07,
    0x00, 0x06, 0x00, 0x0C, 0x80, 0x13, 0x00, 0xCF, 0xFE, 0x0F, 0xF0, 0x00, 0x00, 0x04, 0x60, 0x77,
    0x00, 0x72, 0x07, 0x38, 0x33, 0xC0, 0x3C, 0x01, 0x80, 0x06, 0x00, 0x1E, 0x00, 0x0C, 0x00, 0x18,
    0x80, 0x32, 0x00, 0x4C, 0x03, 0x3F, 0xF8, 0x3F, 0xC0, 0x00, 0x18, 0x01, 0xC0, 0x1C, 0x81, 0xCE,
    0x0C, 0xF0, 0x0F, 0x00, 0x60, 0x01, 0x80, 0x07, 0x80, 0x03, 0x00, 0x06, 0x20, 0x0C, 0x80, 0x13,
    0x00, 0xCF, 0xFE, 0x0F, 0xF0, 0x00, 0x00, 0x01, 0x00, 0x7E, 0x00, 0x90, 0x00, 0x00, 0x00, 0x18,
    0x01, 0xC0, 0x1C, 0x81, 0xCE, 0x0C, 0xF0, 0x0F, 0x00, 0x60, 0x01, 0x80, 0x07, 0x80, 0x03, 0x00,
    0x06, 0x20, 0x0C, 0x80, 0x13, 0x00, 0xCF, 0xFE, 0x0F, 0xF0, 0x00, 0x00, 0x06, 0x00, 0x18, 0x00,
    0x00, 0x01, 0x80, 0x02, 0x00, 0x00, 0x00, 0x08, 0x00, 0x11, 0x81, 0xDC, 0x01, 0xC8, 0x1C, 0xE0,
    0xCF, 0x00, 0xF0, 0x06, 0x00, 0x18, 0x00, 0x78, 0x00, 0x30, 0x00, 0x62, 0x00, 0xC8, 0x01, 0x30,
    0x0C, 0xFF, 0xE0, 0xFF, 0x00, 0x00, 0x00, 0xA0, 0x38, 0x04, 0x00, 0x00, 0x60, 0x18, 0x06, 0x01,
    0x80, 0x60, 0x18, 0x02, 0x00, 0x80, 0x20, 0x08, 0x03, 0x00, 0xC0, 0x38, 0x06, 0x01, 0x80, 0xB0,
    0x67, 0xF0, 0xF0, 0x00, 0x00, 0x40, 0x38, 0x04, 0x00, 0x00, 0x60, 0x18, 0x06, 0x01, 0x80, 0x60,
    0x18, 0x02, 0x00, 0x80, 0x20, 0x08, 0x03, 0x00, 0xC0, 0x38, 0x06, 0x01, 0x80, 0xB0, 0x67, 0xF0,
    0xF0, 0x00, 0x00, 0x20, 0x06, 0x03, 0x60, 0x20, 0x00, 0x00, 0x60, 0x0C, 0x01, 0x80, 0x30, 0x06,
    0x00, 0xC0, 0x08, 0x01, 0x00, 0x20, 0x04, 0x00, 0xC0, 0x18, 0x03, 0x40, 0x28, 0x05, 0x01, 0x30,
    0x63, 0xF8, 0x3C, 0x00, 0x00, 0x00, 0x60, 0x18, 0x06, 0x01, 0x80, 0x60, 0x18, 0x02, 0x00, 0x80,
    0x20, 0x08, 0x03, 0x00, 0xC0, 0x38, 0x06, 0x01, 0x80, 0xB0, 0x67, 0xF0, 0xF0, 0x00, 0x0D, 0x83,
    0x60, 0x60, 0x08, 0x00, 0x00, 0x06, 0x01, 0x80, 0x20, 0x00, 0x80, 0x60, 0x08, 0x03, 0x80, 0xE0,
    0x18, 0x0B, 0x0E, 0x7F, 0x0F, 0x00, 0x00, 0x20, 0x18, 0x02, 0x00, 0x00, 0x00, 0x20, 0x18, 0x02,
    0x00, 0xE0, 0x38, 0x06, 0x02, 0xC3, 0x9F, 0xC3, 0xC0, 0x00, 0x04, 0x01, 0xE0, 0x48, 0x3C, 0x00,
    0x20, 0x18, 0x02, 0x00, 0xE0, 0x38, 0x06, 0x02, 0xC3, 0x9F, 0xC3, 0xC0, 0x00, 0x02, 0x01, 0xC0,
    0x20, 0x00, 0x80, 0x60, 0x08, 0x03, 0x80, 0xE0, 0x18, 0x0B, 0x0E, 0x7F, 0x0F, 0x03, 0x40, 0x60,
    0x00, 0x02, 0x00, 0xC0, 0xD8, 0x34, 0x00, 0x20, 0x18, 0x02, 0x00, 0xE0, 0x38, 0x06, 0x02, 0xC3,
    0x9F, 0xC3, 0xC0, 0x00, 0x00, 0x30, 0x07, 0x80, 0x7C, 0x08, 0xE0, 0x8B, 0x0C, 0xB0, 0x71, 0x7F,
    0xD3, 0xCE, 0x00, 0x00, 0x00, 0x00, 0x30, 0x01, 0x80, 0x04, 0x00, 0x00, 0x3E, 0x03, 0xFF, 0x80,
    0xFC, 0x0F, 0x00, 0xC0, 0x0C, 0x00, 0xC1, 0x04, 0xD8, 0x23, 0x41, 0x0C, 0x0C, 0x00, 0x70, 0x01,
    0xFF, 0x83, 0xF0, 0x30, 0x81, 0xC3, 0x00, 0x06, 0x0E, 0x2E, 0xCD, 0x0A, 0x17, 0xC7, 0x80, 0x00,
    0xE0, 0xE2, 0xE8, 0xD0, 0xA1, 0x7C, 0x78, 0x30, 0x81, 0xC3, 0x00, 0x06, 0x0E, 0x2E, 0xCD, 0x0A,
    0x17, 0xC7, 0x80, 0x00, 0x6C, 0x6C, 0x00, 0x00, 0x38, 0x1C, 0x2E, 0x46, 0x42, 0x42, 0x7C, 0x3C,
    0x06, 0x03, 0xC1, 0x98, 0x46, 0x10, 0x87, 0xE0, 0xF8, 0x06, 0x19, 0x0D, 0xC7, 0xE0, 0x60, 0x06,
    0x03, 0xC1, 0x98, 0x42, 0x10, 0x87, 0xE0, 0xF8, 0x06, 0x0F, 0x01, 0xC7, 0xE0, 0xF0, 0x10, 0x0E,
    0x03, 0x01, 0x80, 0x00, 0x60, 0x78, 0x66, 0x23, 0x10, 0x8F, 0xC3, 0xE0, 0x30, 0x33, 0xF8, 0x70,
    0x04, 0x03, 0x01, 0x00, 0x80, 0x00, 0x00, 0x30, 0x3C, 0x33, 0x10, 0x88, 0x47, 0xE1, 0xF0, 0x18,
    0x19, 0xFC, 0x38, 0x00, 0x00, 0x04, 0x03, 0x01, 0x80, 0xC0, 0x40, 0x00, 0x00, 0x00, 0x00, 0x03,
    0x03, 0xC3, 0x31, 0x18, 0x84, 0x7E, 0x1F, 0x01, 0x81, 0x9F, 0xC3, 0x80, 0x00, 0x06, 0x03, 0x80,
    0x00, 0x00, 0x60, 0x78, 0x66, 0x23, 0x10, 0x8F, 0xC3, 0xE0, 0x30, 0x33, 0xF8, 0x70, 0x02, 0x1B,
    0x0C, 0x80, 0x00, 0xC0, 0xF0, 0xCC, 0x46, 0x21, 0x1F, 0x87, 0xC0, 0x60, 0x67, 0xF0, 0xE0, 0x00,
    0x06, 0x03, 0x02, 0xC1, 0x20, 0x00, 0x30, 0x3C, 0x33, 0x11, 0x88, 0x47, 0xE1, 0xF0, 0x18, 0x19,
    0xFC, 0x38, 0x00, 0x00, 0xC0, 0x38, 0x0C, 0x03, 0x00, 0x40, 0x08, 0x21, 0xE4, 0x1E, 0x80, 0x70,
    0x0B, 0x07, 0x3F, 0x83, 0xC0, 0x00, 0x0C, 0x00, 0x38, 0x00, 0xC0, 0x03, 0x00, 0x04, 0x00, 0x08,
    0x02, 0x1E, 0x1C, 0x1E, 0x68, 0x06, 0x10, 0x08, 0x30, 0x70, 0x3F, 0x80, 0x3C, 0x00, 0x00, 0x64,
    0x0E, 0x51, 0x87, 0x30, 0x22, 0x00, 0x20, 0x43, 0xC4, 0x1E, 0x40, 0x34, 0x02, 0x60, 0xE3, 0xF8,
    0x1E, 0x00, 0x00, 0x04, 0x03, 0x01, 0x00, 0x00, 0x60, 0x78, 0x66, 0x23, 0x10, 0x8F, 0xC3, 0xE0,
    0x30, 0x33, 0xF8, 0x70, 0x00, 0xC0, 0x38, 0x0C, 0x03, 0x00, 0x40, 0x08, 0x21, 0xE4, 0x1E, 0x80,
    0x70, 0x0B, 0x07, 0x3F, 0x83, 0xC0, 0x10, 0x06, 0x00, 0x40, 0x08, 0x01, 0x00, 0x00, 0x00, 0x00,
    0xC0, 0x38, 0x0C, 0x03, 0x00, 0x40, 0x08, 0x21, 0xE4, 0x1E, 0x80, 0x70, 0x0B, 0x07, 0x3F, 0x83,
    0xC0, 0x00, 0x0D, 0x81, 0x90, 0x0C, 0x00, 0x00, 0x02, 0x00, 0x0C, 0x00, 0x70, 0x03, 0x00, 0x04,
    0x00, 0x6F, 0xFF, 0xDF, 0xFE, 0x00, 0x18, 0x00, 0x40, 0x00, 0xE0, 0x01, 0x80, 0x00, 0x00, 0x00,
    0x80, 0x0F, 0x00, 0x30, 0x00, 0xC0, 0x01, 0xFF, 0xF9, 0xFF, 0xE0, 0x73, 0x80, 0x00, 0xE0, 0xE2,
    0xE8, 0xD0, 0xA1, 0x7C, 0x78, 0x00, 0x02, 0x00, 0x40, 0x08, 0x61, 0x14, 0x2C, 0x9F, 0xE7, 0xC0,
    0x10, 0x10, 0x16, 0x16, 0x12, 0x7C, 0xF8, 0x10, 0x4E, 0xC0, 0x00, 0x10, 0x94, 0x22, 0x38, 0x7C,
    0x85, 0x10, 0x38, 0x06, 0x0F, 0x00, 0x00, 0x16, 0x9E, 0x90, 0xE0, 0x00, 0x10, 0x00, 0x00, 0x70,
    0x00, 0x07, 0xBC, 0x00, 0x23, 0x22, 0x01, 0x9F, 0xF3, 0x06, 0xC0, 0x1B, 0x0F, 0x00, 0x1F, 0x38,
    0x00, 0x0E, 0x60, 0x00, 0x0C, 0x80, 0x00, 0x0F, 0x00, 0x00, 0x1C, 0x00, 0x00, 0x18, 0x00, 0x00,
    0x30, 0x00, 0x00, 0x60, 0x00, 0x00, 0xC0, 0x00, 0x01, 0x80, 0x00, 0x03, 0x80, 0x00, 0x0D, 0x00,
    0x00, 0x1B, 0x00, 0x00, 0x67, 0x00, 0x01, 0xCF, 0x80, 0x0F, 0x8D, 0x80, 0x76, 0x0C, 0xFF, 0x98,
    0x06, 0x6C, 0xC0, 0x03, 0xDE, 0x00, 0x00, 0xE0, 0x00, 0x00, 0x80, 0x00, 0x00, 0x40, 0x00, 0x1C,
    0x00, 0x04, 0x40, 0x0F, 0xFF, 0x81, 0x40, 0x50, 0x30, 0x06, 0x04, 0x00, 0x41, 0x87, 0x0C, 0x51,
    0xB1, 0x5A, 0x22, 0x2D, 0x46, 0xC5, 0x18, 0x70, 0xC1, 0x00, 0x10, 0x30, 0x06, 0x05, 0x01, 0x40,
    0xFF, 0xF8, 0x01, 0x10, 0x00, 0x1C, 0x00, 0x01, 0x00, 0x00, 0xF7, 0x80, 0xF6, 0xF0, 0x33, 0x84,
    0xC0, 0x21, 0x74, 0x44, 0x00, 0x00, 0x16, 0x9E, 0x90, 0xE0, 0x00, 0xF8, 0x00, 0x65, 0x71, 0x60,
    0x21, 0x07, 0xC0, 0x02, 0x0F, 0x80, 0x03, 0x99, 0xE0, 0x08, 0x05, 0x02, 0xA1, 0x7C, 0x27, 0xAD,
    0xD7, 0x78, 0xDC, 0x37, 0x0D, 0xC3, 0x70, 0xDC, 0x3F, 0x1C, 0xEF, 0xFC, 0x0A, 0x00, 0x0A, 0x00,
    0xFF, 0x80, 0x21, 0x74, 0x44, 0x00, 0x00, 0x30, 0x71, 0x20, 0x01, 0x03, 0x06, 0x06, 0x0C, 0x0F,
    0xFF, 0xC0, 0x04, 0x0C, 0x0E, 0x02, 0x00, 0x06, 0x06, 0x06, 0x03, 0x03, 0x01, 0x01, 0x03, 0x06,
    0xFE, 0x78, 0x07, 0x72, 0x00, 0x1B, 0x26, 0xC9, 0x24, 0x90, 0x03, 0x1C, 0xFF, 0x79, 0x86, 0x08,
    0x20, 0x82, 0x08, 0x00, 0x00, 0xA2, 0x59, 0xEF, 0xE3, 0x81, 0x80, 0xC0, 0x60, 0x10, 0x08, 0x04,
    0x02, 0x00, 0x00, 0x06, 0x27, 0x9A, 0x0D, 0xA7, 0xF1, 0xA0, 0xC0, 0x60, 0x10, 0x08, 0x04, 0x02,
    0x01, 0x00, 0x10, 0x38, 0x3C, 0x3C, 0x66, 0x43, 0xC3, 0x81, 0x81, 0x99, 0xFF, 0x7E, 0x18, 0x1F,
    0x18, 0x08, 0x06, 0x31, 0xF8, 0x70, 0x30, 0x30, 0x30, 0x10, 0x08, 0x00, 0x00, 0x60, 0xF0, 0x4C,
    0x66, 0x31, 0x90, 0xD8, 0x68, 0x1C, 0x0E, 0x07, 0x01, 0x00, 0x08, 0x04, 0x07, 0x03, 0x81, 0x41,
    0xB0, 0x98, 0x46, 0x63, 0x20, 0xF0, 0x68, 0x10, 0x70, 0xF2, 0x66, 0x4F, 0x8F, 0x02, 0x04, 0x0C,
    0x18, 0x18, 0x20, 0x00, 0x00, 0x04, 0x00, 0x00, 0xC0, 0x00, 0x6C, 0x00, 0x0D, 0x80, 0x00, 0x04,
    0x00, 0x01, 0x80, 0x21, 0x90, 0x04, 0x23, 0x01, 0x86, 0x60, 0x1F, 0xFA, 0x03, 0xEF, 0x40, 0x60,
    0x08, 0x08, 0x01, 0x81, 0x0C, 0x30, 0xC3, 0x83, 0xF0, 0x00, 0x3C, 0x00, 0x00, 0x00, 0x00, 0x00,
    0x00, 0x30, 0x00, 0x01, 0x80, 0x00, 0x00, 0x00, 0x00, 0x00, 0x00, 0x00, 0xE0, 0x00, 0x0F, 0x80,
    0x01, 0xC6, 0x00, 0x98, 0x18, 0x0C, 0x80, 0x80, 0x78, 0x1C, 0x01, 0xFF, 0xC8, 0x0F, 0xF8, 0x40,
    0x60, 0x02, 0x02, 0x00, 0x18, 0x10, 0x60, 0xC3, 0x07, 0x03, 0xF0, 0x00, 0x0F, 0x00, 0x00, 0x00,
    0x01, 0x00, 0x38, 0x01, 0x00, 0x00, 0x03, 0x80, 0x7C, 0x0C, 0x00, 0x80, 0x0C, 0x18, 0xF7, 0x07,
    0xE0, 0x38, 0x02, 0x00, 0x62, 0x04, 0x70, 0x42, 0x04, 0x00, 0x60, 0x03, 0xFF, 0x0F, 0xC0, 0x18,
    0x3C, 0x64, 0x40, 0x66, 0x7E, 0xF0, 0x00, 0x00, 0x18, 0x18, 0x18, 0x00, 0x1C, 0x1F, 0x19, 0x80,
    0x63, 0xF3, 0xFB, 0x81, 0x80, 0x4A, 0x25, 0x12, 0x88, 0x04, 0x00, 0x00, 0x00, 0x00, 0x30, 0x07,
    0x00, 0x50, 0x00, 0x00, 0x00, 0x03, 0x00, 0x7C, 0x07, 0xC0, 0x8E, 0x08, 0xB0, 0xCB, 0x07, 0x17,
    0xFD, 0x3C, 0xE0, 0x00, 0x00, 0x00, 0x00, 0x20, 0x01, 0xA0, 0x03, 0x80, 0x0E, 0x00, 0x3C, 0x03,
    0x9F, 0xFC, 0x3F, 0xC0, 0x00, 0x00, 0x08, 0x06, 0xA0, 0x00, 0x00, 0x02, 0x00, 0x18, 0x00, 0x98,
    0x03, 0x42, 0x00, 0x1A, 0x00, 0x38, 0x00, 0xE0, 0x03, 0xC0, 0x39, 0xFF, 0xC3, 0xFC, 0x00, 0x00,
    0x00, 0x00, 0x1C, 0x00, 0x60, 0x00, 0x00, 0x00, 0x00, 0x00, 0x20, 0x01, 0xA0, 0x03, 0x80, 0x0E,
    0x00, 0x3C, 0x03, 0x9F, 0xFC, 0x3F, 0xC0, 0x00, 0x00, 0x20, 0x01, 0xC0, 0x0D, 0x80, 0x36, 0x00,
    0x00, 0x00, 0x01, 0x00, 0x3E, 0x01, 0x90, 0x80, 0x06, 0x80, 0x0E, 0x00, 0x38, 0x00, 0xF0, 0x0E,
    0x7F, 0xF0, 0xFF, 0x00, 0x00, 0x00, 0x80, 0x07, 0x00, 0x36, 0x00, 0xD8, 0x00, 0x00, 0x02, 0x00,
    0x18, 0x00, 0x60, 0x80, 0x06, 0x80, 0x0E, 0x00, 0x38, 0x00, 0xF0, 0x0E, 0x7F, 0xF0, 0xFF, 0x00,
    0x00, 0x00, 0x20, 0x0D, 0x80, 0x32, 0x00, 0x00, 0x00, 0x00, 0x00, 0x00, 0x20, 0x01, 0xA0, 0x03,
    0x80, 0x0E, 0x00, 0x3C, 0x03, 0x9F, 0xFC, 0x3F, 0xC0, 0x00, 0x00, 0x20, 0x01, 0xC0, 0x05, 0x00,
    0x00, 0x00, 0x09, 0x00, 0x34, 0x00, 0x60, 0x01, 0x82, 0x00, 0x1A, 0x00, 0x38, 0x00, 0xE0, 0x03,
    0xC0, 0x19, 0xFF, 0xC3, 0xFC, 0x00, 0x01, 0x00, 0xFC, 0x02, 0x40, 0x00, 0x07, 0xC0, 0x7F, 0xF0,
    0x1F, 0x81, 0xE0, 0x18, 0x01, 0x80, 0x18, 0x00, 0x80, 0x04, 0x00, 0x20, 0x01, 0x80, 0x0E, 0x00,
    0x3F, 0xF0, 0x7E, 0x00, 0x7C, 0x07, 0xFF, 0x01, 0xF8, 0x1E, 0x01, 0x80, 0x18, 0x01, 0x8C, 0x08,
    0x70, 0x47, 0xC2, 0x24, 0x18, 0x00, 0xE0, 0x03, 0xFF, 0x07, 0xE0, 0x10, 0x10, 0x1C, 0x3C, 0x00,
    0x00, 0x0C, 0x04, 0x06, 0x06, 0x03, 0x03, 0xFE, 0x7C, 0x00, 0x18, 0x18, 0x08, 0x18, 0x00, 0x00,
    0x18, 0x30, 0x60, 0x60, 0xC0, 0xFF, 0xFC, 0x00, 0x40, 0xC2, 0x84, 0x00, 0x00, 0x01, 0x01, 0x80,
    0x60, 0x30, 0x08, 0x04, 0x02, 0x1F, 0x83, 0x9F, 0x87, 0x80, 0x00, 0x0A, 0x00, 0x03, 0x40, 0x00,
    0x28, 0x00, 0x05, 0x00, 0x00, 0x04, 0x00, 0x01, 0x80, 0x21, 0x90, 0x04, 0x23, 0x01, 0x86, 0x60,
    0x1F, 0xFA, 0x03, 0xEF, 0x40, 0x60, 0x08, 0x08, 0x01, 0x81, 0x00, 0x30, 0xC0, 0x03, 0xF0, 0x00,
    0x3C, 0x00, 0x00, 0x04, 0x06, 0xC0, 0x64, 0x00, 0x00, 0x38, 0x07, 0xC0, 0xC0, 0x08, 0x00, 0xC1,
    0x8F, 0x70, 0x7E, 0x03, 0x80, 0x20, 0x06, 0x00, 0x40, 0x04, 0x00, 0x40, 0x06, 0x00, 0x3F, 0xF0,
    0xFC, 0x00, 0x06, 0xC0, 0x70, 0x01, 0x00, 0x00, 0x03, 0x80, 0x7C, 0x0C, 0x00, 0x80, 0x0C, 0x18,
    0xF7, 0x07, 0xE0, 0x38, 0x02, 0x00, 0x60, 0x04, 0x00, 0x40, 0x04, 0x00, 0x60, 0x03, 0xFF, 0x0F,
    0xC0, 0x10, 0x03, 0x00, 0x10, 0x01, 0x00, 0x10, 0x00, 0x00, 0x38, 0x07, 0xC0, 0xC0, 0x08, 0x00,
    0xC1, 0x8F, 0x70, 0x7E, 0x03, 0x80, 0x20, 0x06, 0x00, 0x40, 0x04, 0x00, 0x40, 0x06, 0x00, 0x3F,
    0xF0, 0xFC, 0x00, 0x38, 0x00, 0x3C, 0x00, 0x46, 0x00, 0x46, 0x80, 0x46, 0x80, 0x7E, 0x80, 0x3A,
    0xC0, 0x0E, 0x7F, 0xFC, 0x3F, 0xE0, 0x00, 0x00, 0x00, 0x26, 0x00, 0x36, 0x00, 0x20, 0x00, 0x38,
    0x00, 0x3C, 0x00, 0x46, 0x00, 0x46, 0x80, 0x46, 0x80, 0x7E, 0x80, 0x3A, 0xC0, 0x0E, 0x7F, 0xFC,
    0x3F, 0xE0, 0x00, 0x00, 0x00, 0x18, 0x00, 0x0C, 0x00, 0x36, 0x00, 0x24, 0x00, 0x00, 0x0C, 0x20,
    0x23, 0x80, 0x3C, 0x03, 0xC0, 0x18, 0x00, 0x60, 0x01, 0xE0, 0x00, 0xC0, 0x01, 0x88, 0x03, 0x20,
    0x04, 0xC0, 0x33, 0xFF, 0x83, 0xFC, 0x00, 0x00, 0x00, 0x18, 0x00, 0x10, 0x81, 0x0E, 0x00, 0xF0,
    0x0F, 0x00, 0x60, 0x01, 0x80, 0x07, 0x80, 0x03, 0x00, 0x06, 0x20, 0x0C, 0x80, 0x13, 0x00, 0xCF,
    0xFE, 0x0F, 0xF0, 0x00, 0x08, 0x00, 0xE0, 0x0F, 0x00, 0xF0, 0x06, 0x00, 0x18, 0x00, 0x78, 0x00,
    0x30, 0x00, 0x62, 0x00, 0xC8, 0x01, 0x30, 0x0C, 0xFF, 0xE0, 0xFF, 0x00, 0x00, 0x00, 0x00, 0x01,
    0x80, 0x09, 0x00, 0x24, 0x00, 0x00, 0x00, 0x08, 0x0E, 0x02, 0x00, 0x01, 0xC0, 0xF0, 0x8C, 0x03,
    0x1F, 0xBF, 0xD8, 0x08, 0x04, 0x03, 0x01, 0x80, 0xC0, 0x60, 0x00, 0x00, 0x38, 0x1E, 0x11, 0x80,
    0x63, 0xF7, 0xFB, 0x01, 0x00, 0x80, 0x66, 0x33, 0x18, 0x0C, 0x00, 0x00, 0x00, 0x06, 0x01, 0x80,
    0x20, 0x00, 0x80, 0x60, 0x08, 0x03, 0x80, 0xE0, 0x18, 0x0B, 0x0E, 0x7F, 0x0F, 0x00, 0x00, 0x98,
    0x76, 0x08, 0x00, 0x10, 0x07, 0x01, 0x20, 0xF0, 0x00, 0x03, 0x01, 0xC0, 0x00, 0x00, 0x80, 0x60,
    0x0A, 0x03, 0x80, 0xE0, 0x18, 0x0B, 0x0E, 0x7F, 0x0F, 0x00, 0x24, 0x0D, 0x01, 0x80, 0x60, 0x00,
    0x06, 0x01, 0x80, 0x00, 0x00, 0x80, 0x60, 0x0A, 0x03, 0x80, 0xE0, 0x18, 0x0B, 0x0E, 0x7F, 0x0F,
    0x00, 0x00, 0x80, 0x30, 0x06, 0x00, 0xC0, 0x18, 0x03, 0x00, 0x20, 0x3F, 0x00, 0xC0, 0x18, 0x03,
    0x00, 0x60, 0x05, 0x00, 0xA0, 0x14, 0x02, 0x80, 0xD8, 0x31, 0xFC, 0x1F, 0x00, 0x00, 0x0C, 0x0C,
    0x00, 0x0C, 0x04, 0x00, 0x06, 0x06, 0x07, 0x03, 0x03, 0x01, 0x01, 0x03, 0x06, 0xFE, 0x78, 0x06,
    0x04, 0x03, 0x81, 0x80, 0x00, 0x10, 0x0C, 0x06, 0x03, 0x00, 0xC0, 0x60, 0x20, 0x30, 0x39, 0xF8,
    0x78, 0x00, 0x04, 0x00, 0x01, 0x80, 0x00, 0x10, 0x00, 0x02, 0x00, 0x00, 0xC0, 0x00, 0x00, 0x80,
    0x00, 0x30, 0x04, 0x32, 0x00, 0x84, 0x60, 0x30, 0xCC, 0x03, 0xFF, 0x40, 0x7D, 0xE8, 0x0C, 0x01,
    0x01, 0x00, 0x30, 0x20, 0x06, 0x18, 0x00, 0x7E, 0x00, 0x07, 0x80, 0x00, 0x7C, 0x0F, 0xFE, 0x07,
    0xE0, 0xF0, 0x18, 0x03, 0x00, 0x64, 0x04, 0x70, 0x44, 0x84, 0xF0, 0x60, 0x07, 0x00, 0x3F, 0xE1,
    0xF8, 0x38, 0x03, 0xF8, 0x31, 0xFC, 0x0F, 0xC1, 0xE0, 0x1C, 0x00, 0x88, 0x0C, 0x70, 0x47, 0x82,
    0x04, 0x11, 0xA0, 0xE0, 0x03, 0xFF, 0x0F, 0xE0, 0x00, 0x00, 0x00, 0x01, 0x00, 0x00, 0x38, 0x00,
    0x0F, 0x00, 0x00, 0x20, 0x00, 0x14, 0x00, 0x00, 0x10, 0x00, 0x06, 0x00, 0x86, 0x40, 0x10, 0xCC,
    0x06, 0x19, 0x80, 0x7F, 0xE8, 0x0F, 0xBD, 0x01, 0x80, 0x20, 0x20, 0x06, 0x04, 0x00, 0xC3, 0x00,
    0x0F, 0xC0, 0x00, 0xF0, 0x00, 0x00, 0x00, 0x04, 0x03, 0x81, 0xC0, 0x20, 0x50, 0x00, 0x00, 0x06,
    0x01, 0x80, 0xC0, 0x60, 0x18, 0x0C, 0x04, 0x06, 0x07, 0x3F, 0x0F, 0x00, 0x00, 0x00, 0x40, 0x07,
    0x00, 0x48, 0x0F, 0x00, 0x00, 0x7C, 0x0F, 0xFE, 0x07, 0xE0, 0xF0, 0x18, 0x03, 0x00, 0x60, 0x04,
    0x00, 0x40, 0x04, 0x00, 0x60, 0x07, 0x00, 0x3F, 0xF0, 0xFC, 0x04, 0x18, 0x85, 0x28, 0x42, 0x10,
    0x84, 0x21, 0x08, 0x40, 0x01, 0x67, 0x98, 0x28, 0xA2, 0x82, 0x08, 0x20, 0x82, 0x08, 0x20, 0x80,
    0x00, 0x0A, 0x01, 0xC3, 0x00, 0xE2, 0x30, 0x4C, 0x01, 0x00, 0x20, 0x87, 0x90, 0x7A, 0x01, 0xC0,
    0x2C, 0x1C, 0xFE, 0x0F, 0x00, 0x00, 0x0B, 0x01, 0xC3, 0x30, 0xE2, 0x30, 0x4C, 0x09, 0x00, 0x20,
    0x87, 0x90, 0x7A, 0x01, 0xC0, 0x2C, 0x1C, 0xFE, 0x0F, 0x00, 0x00, 0xC0, 0x3C, 0x0C, 0x03, 0x00,
    0x40, 0x0C, 0x21, 0xF4, 0x0F, 0x80, 0x58, 0x39, 0xFC, 0x1F, 0x00, 0x00, 0x28, 0x0B, 0x00, 0x80,
    0x10, 0x02, 0x00, 0x20, 0x00, 0x00, 0x00, 0x34, 0x07, 0x01, 0x00, 0x46, 0x13, 0xC1, 0x98, 0x46,
    0x10, 0x87, 0xE0, 0xF8, 0x06, 0x03, 0x1F, 0xC3, 0xC0, 0x08, 0x12, 0x07, 0x80, 0x80, 0x27, 0x0B,
    0xE3, 0x98, 0x42, 0x10, 0xC7, 0xF0, 0xF8, 0x02, 0x01, 0x8F, 0xC1, 0xE0, 0x00, 0x00, 0xA0, 0x01,
    0xC0, 0x02, 0x00, 0x02, 0x00, 0x04, 0x40, 0x01, 0x80, 0x1E, 0x00, 0x60, 0x00, 0x80, 0x0F, 0xFF,
    0xFB, 0xFF, 0xC0, 0x00, 0x00, 0x58, 0x00, 0x78, 0x00, 0x60, 0x00, 0x20, 0x00, 0x20, 0x00, 0x26,
    0x00, 0x1C, 0x00, 0x30, 0x00, 0x40, 0x00, 0x7F, 0xFE, 0x7F, 0xFC, 0x7C, 0x0F, 0xFE, 0x07, 0xE0,
    0xF0, 0x18, 0x03, 0x68, 0x67, 0x04, 0x50, 0x44, 0x04, 0x20, 0x62, 0x07, 0x00, 0x3F, 0xF1, 0xFC,
    0x00, 0x00, 0x00, 0x03, 0x40, 0x00, 0x70, 0x00, 0x0A, 0x00, 0x00, 0x80, 0x00, 0x10, 0x00, 0x02,
    0x10, 0x00, 0x06, 0x00, 0x86, 0x40, 0x10, 0xCC, 0x06, 0x19, 0x80, 0x7F, 0xE8, 0x0F, 0xBD, 0x01,
    0x80, 0x20, 0x20, 0x06, 0x04, 0x00, 0xC3, 0x00, 0x0F, 0xC0, 0x00, 0xF0, 0x00, 0x00, 0x00, 0x00,
    0x00, 0x00, 0x80, 0x00, 0x38, 0x00, 0x05, 0x80, 0x00, 0x04, 0x00, 0x01, 0x80, 0x21, 0x90, 0x04,
    0x23, 0x01, 0x86, 0x60, 0x1F, 0xFA, 0x03, 0xEF, 0x40, 0x60, 0x08, 0x08, 0x01, 0x81, 0x00, 0x30,
    0xC0, 0x03, 0xF0, 0x00, 0x3C, 0x00, 0x00, 0x00, 0x80, 0x60, 0x1C, 0x02, 0x34, 0x80, 0x30, 0x8C,
    0x43, 0x1C, 0xC2, 0x10, 0x04, 0x01, 0xFF, 0xFF, 0xE0, 0xFF, 0xFF, 0x02, 0x88, 0xEA, 0x90, 0x84,
    0x21, 0x08, 0x42, 0x10, 0x84, 0x20, 0xBF, 0x2A, 0x42, 0x10, 0x84, 0x21, 0x08, 0x42, 0x10, 0x22,
    0x3E, 0x92, 0x84, 0x21, 0x08, 0x42, 0x10, 0x84, 0x21, 0x00, 0x00, 0x07, 0xFF, 0xFF, 0xFF, 0xFF,
    0xFE, 0xC1, 0x83, 0x70, 0xE1, 0xF0, 0x60, 0xC0, 0x00, 0x00, 0x01, 0x80, 0x03, 0x80, 0x07, 0x00,
    0x0E, 0x00, 0x1C, 0x00, 0x38, 0x00, 0x7F, 0xFF, 0x7F, 0xFF, 0x38, 0x00, 0x1C, 0x00, 0x0E, 0x00,
    0x07, 0x00, 0x03, 0x80, 0x01, 0x80, 0x00, 0x00, 0x00, 0x00, 0x01, 0x80, 0x03, 0xC0, 0x07, 0xE0,
    0x0F, 0xF0, 0x1D, 0xB8, 0x39, 0x9C, 0x71, 0x8E, 0x21, 0x86, 0x01, 0x80, 0x01, 0x80, 0x01, 0x80,
    0x01, 0x80, 0x01, 0x80, 0x01, 0x80, 0x01, 0x80, 0x00, 0x00, 0x01, 0x80, 0x01, 0xC0, 0x00, 0xE0,
    0x00, 0x70, 0x00, 0x38, 0x00, 0x1C, 0xFF, 0xFE, 0xFF, 0xFE, 0x00, 0x1C, 0x00, 0x38, 0x00, 0x70,
    0x00, 0xE0, 0x01, 0xC0, 0x01, 0x80, 0x00, 0x00, 0x00, 0x00, 0x01, 0x80, 0x01, 0x80, 0x01, 0x80,
    0x01, 0x80, 0x01, 0x80, 0x01, 0x80, 0x01, 0x80, 0x61, 0x86, 0x71, 0x8E, 0x39, 0x9C, 0x1D, 0xB8,
    0x0F, 0xF0, 0x07, 0xE0, 0x03, 0xC0, 0x01, 0x80, 0x00, 0x00, 0x18, 0xD3, 0xE0, 0x00, 0x00, 0x08,
    0x10, 0x20, 0x40, 0x81, 0x02, 0x04, 0x08, 0x10, 0x20, 0x38, 0x70, 0x80, 0x00, 0x40, 0x02, 0x20,
    0x03, 0x18, 0x03, 0x87, 0xFF, 0xF1, 0xFE, 0x18, 0x00, 0x00, 0x09, 0x80, 0x06, 0xC0, 0x01, 0x80,
    0x00, 0x40, 0x00, 0x00, 0x00, 0x04, 0x18, 0x30, 0x70, 0x60, 0xBF, 0x78, 0x00, 0x49, 0xB9, 0xC1,
    0x80, 0x00, 0x04, 0x0C, 0x0C, 0xFF, 0xF7, 0x00, 0x26, 0x36, 0x18, 0x08, 0x00, 0x38, 0x01, 0xF8,
    0x04, 0xFE, 0x00, 0xF8, 0x0F, 0x80, 0x62, 0x02, 0x07, 0x9A, 0x4E, 0x5F, 0x01, 0x38, 0x04, 0x60,
    0x18, 0x00, 0x3F, 0xC0, 0x7C, 0x00, 0x3C, 0x03, 0xF8, 0x00, 0xF0, 0x03, 0xE0, 0x7F, 0x7F, 0x03,
    0xE0, 0x00, 0x00, 0x06, 0xC0, 0x36, 0x00, 0x60, 0x00, 0x00, 0x3C, 0x00, 0xFE, 0x00, 0x0F, 0x00,
    0x0F, 0xC0, 0x7E, 0x1F, 0xC7, 0xBE, 0x07, 0x80, 0x00, 0x06, 0xC0, 0x0C, 0x80, 0x06, 0x00, 0x00,
    0x00, 0x00, 0x03, 0x00, 0xE0, 0x6C, 0x10, 0x00, 0x00, 0x60, 0x18, 0x06, 0x00, 0xC0, 0x30, 0x06,
    0x01, 0xC0, 0xC0, 0x63, 0xF0, 0x78, 0x00, 0x00, 0x04, 0x00, 0x3C, 0x00, 0xF8, 0x03, 0xC0, 0x07,
    0x00, 0x07, 0x00, 0x03, 0x80, 0x00, 0xE0, 0x00, 0x60, 0x80, 0x30, 0x80, 0x10, 0xC0, 0x38, 0xFF,
    0xFE, 0x3F, 0xCE, 0x01, 0x03, 0x87, 0x8F, 0x0C, 0x06, 0x03, 0xC0, 0x30, 0x0C, 0x03, 0x00, 0x80,
    0xCF, 0xC7, 0xC0, 0x00, 0x81, 0xE1, 0xF1, 0xE0, 0xE0, 0x30, 0x07, 0x00, 0x60, 0x0C, 0x01, 0x80,
    0x20, 0x1C, 0xFF, 0xFC, 0x70, 0x00, 0x0C, 0x00, 0x38, 0x00, 0xE4, 0x03, 0xBC, 0x06, 0xF8, 0x03,
    0xC0, 0x07, 0x00, 0x07, 0x00, 0x03, 0x80, 0x00, 0xE0, 0x00, 0x60, 0x80, 0x30, 0x80, 0x10, 0xC0,
    0x38, 0xFF, 0xFE, 0x3F, 0xCE, 0x00, 0x80, 0xE0, 0xE8, 0xEE, 0x4F, 0x0F, 0x06, 0x01, 0x80, 0x78,
    0x03, 0x00, 0x60, 0x0C, 0x01, 0x00, 0xC7, 0xE1, 0xF0, 0x01, 0x81, 0xC1, 0xC9, 0xDE, 0xDF, 0x1E,
    0x0E, 0x03, 0x00, 0x70, 0x06, 0x00, 0xC0, 0x18, 0x02, 0x01, 0xCF, 0xFF, 0xC7, 0x00, 0x00, 0x03,
    0xE8, 0x0F, 0xA0, 0x18, 0x80, 0x33, 0x00, 0x4E, 0x0E, 0x1F, 0xF0, 0x3E, 0x00, 0x04, 0x18, 0x30,
    0x70, 0x60, 0xBF, 0x78, 0x00, 0x09, 0xBB, 0x20, 0x00, 0x04, 0x0C, 0x0C, 0xFF, 0xF7, 0x00, 0x04,
    0x36, 0x24, 0x00, 0x00, 0x7C, 0x00, 0x00, 0x10, 0x10, 0x10, 0x10, 0x10, 0x10, 0x10, 0x10, 0x10,
    0x10, 0x10, 0x0E, 0x06, 0x44, 0x39, 0x80, 0x21, 0x08, 0x42, 0x10, 0x84, 0x21, 0x08, 0x41, 0xC6,
    0x0C, 0x04, 0x01, 0x00, 0x70, 0x10, 0x03, 0x01, 0xE0, 0xCC, 0x23, 0x0C, 0x43, 0xF8, 0x7F, 0x03,
    0x01, 0x8F, 0xE0, 0xE0, 0x01, 0x04, 0x10, 0x41, 0x04, 0x10, 0x41, 0x04, 0x10, 0x40, 0xE3, 0x8C,
    0x41, 0xC7, 0x00, 0x60, 0x02, 0x00, 0x0E, 0x00, 0x30, 0x00, 0x00, 0xFA, 0x03, 0xE8, 0x06, 0x20,
    0x0C, 0xC0, 0x13, 0x83, 0x87, 0xFC, 0x0F, 0x80, 0x18, 0x83, 0x8C, 0x00, 0x61, 0x82, 0x0C, 0x27,
    0xBC, 0x18, 0x40, 0xE1, 0x80, 0x01, 0x06, 0x08, 0xFF, 0xDC, 0x01, 0x04, 0x10, 0x41, 0x04, 0x10,
    0x41, 0x04, 0x10, 0x40, 0xE1, 0x80, 0x80, 0x00, 0x40, 0x02, 0x20, 0x03, 0x18, 0x03, 0x87, 0xFF,
    0xF1, 0xFE, 0x18, 0x00, 0x00, 0x00, 0x00, 0x03, 0x00, 0x01, 0x80, 0x00, 0x00, 0x00, 0x11, 0xC6,
    0x31, 0x8F, 0xDC, 0x00, 0x0C, 0x60, 0x00, 0x08, 0x30, 0x47, 0xFE, 0xE0, 0x00, 0x1C, 0x18, 0x00,
    0x00, 0x36, 0x1B, 0x00, 0x00, 0x40, 0x60, 0x70, 0xF8, 0x44, 0x62, 0x3F, 0x0F, 0xE0, 0x38, 0x00,
    0x00, 0x06, 0xC0, 0x03, 0x60, 0x00, 0x00, 0x08, 0x00, 0x04, 0x00, 0x22, 0x00, 0x31, 0x80, 0x38,
    0x7F, 0xFF, 0x1F, 0xE1, 0x80, 0x0B, 0x74, 0x80, 0x10, 0xE1, 0x86, 0x18, 0x6F, 0x38, 0x00, 0x36,
    0x34, 0x00, 0x00, 0x04, 0x0C, 0x0C, 0xFF, 0xF7, 0x02, 0x00, 0x03, 0x80, 0x03, 0x60, 0x01, 0xB0,
    0x00, 0x00, 0x04, 0x00, 0x02, 0x00, 0x11, 0x00, 0x18, 0xC0, 0x1C, 0x3F, 0xFF, 0x8F, 0xF0, 0xC0,
    0x00, 0xC3, 0x97, 0x48, 0x01, 0x0E, 0x18, 0x61, 0x86, 0xF3, 0x80, 0x08, 0x18, 0x26, 0x36, 0x00,
    0x00, 0x04, 0x0C, 0x0C, 0xFF, 0xF7, 0x38, 0x01, 0xF8, 0x04, 0xFE, 0x00, 0xF8, 0x0F, 0x80, 0x62,
    0x02, 0x07, 0x98, 0x0E, 0x46, 0x01, 0x18, 0x04, 0x00, 0x18, 0x00, 0x3F, 0xC0, 0x7C, 0x00, 0x3C,
    0x03, 0xF8, 0x00, 0xF0, 0x03, 0xE0, 0x7F, 0x7F, 0x03, 0xE0, 0x00, 0x00, 0x01, 0x00, 0x1C, 0x00,
    0x40, 0x3C, 0x00, 0xFE, 0x00, 0x0F, 0x00, 0x0F, 0xC0, 0x7E, 0x1F, 0xC7, 0xBE, 0x07, 0x80, 0x00,
    0x01, 0x00, 0x07, 0x00, 0x04, 0x00, 0x38, 0x01, 0xF8, 0x04, 0xFE, 0x00, 0xF8, 0x0F, 0x80, 0x62,
    0x02, 0x07, 0x98, 0x0E, 0x40, 0x01, 0x00, 0x04, 0x00, 0x18, 0x00, 0x3F, 0xC0, 0x7C, 0x00, 0x3C,
    0x03, 0xF8, 0x00, 0xF0, 0x03, 0xE0, 0x7F, 0x7F, 0x03, 0xE0, 0x00, 0x3C, 0x00, 0xFE, 0x00, 0x0F,
    0x00, 0x0F, 0xC0, 0x7E, 0x1F, 0xC7, 0xBE, 0x07, 0x80, 0x00, 0x00, 0x18, 0x00, 0x60, 0x00, 0x00,
    0x38, 0x01, 0xF8, 0x04, 0xFE, 0x00, 0xF8, 0x0F, 0x80, 0x62, 0x02, 0x07, 0x98, 0x0E, 0x40, 0x01,
    0x00, 0x04, 0x00, 0x18, 0x00, 0x3F, 0xC0, 0x7C, 0x00, 0x00, 0x00, 0x30, 0x01, 0x80, 0x00, 0x00,
    0x00, 0x1E, 0x01, 0xFC, 0x00, 0x78, 0x01, 0xF0, 0x3F, 0xBF, 0x81, 0xF0, 0x00, 0x00, 0x00, 0x0C,
    0x00, 0x18, 0x00, 0x00, 0x00, 0x00, 0x07, 0x80, 0x1F, 0xC0, 0x01, 0xE0, 0x01, 0xF8, 0x0F, 0xC3,
    0xF8, 0xF7, 0xC0, 0xF0, 0x00, 0x03, 0x00, 0xC0, 0x18, 0x06, 0x00, 0xC0, 0x33, 0xFF, 0xFC, 0xC0,
    0x00, 0x06, 0x01, 0x80, 0x00, 0x00, 0x03, 0x00, 0xC0, 0x18, 0x06, 0x00, 0xC0, 0x33, 0xFF, 0xFC,
    0xC0, 0x00, 0x01, 0x80, 0x60, 0x18, 0x03, 0x00, 0xC0, 0x18, 0x07, 0x03, 0x01, 0x8F, 0xC1, 0xE0,
    0x00, 0x03, 0x00, 0xC0, 0x00, 0x00, 0x01, 0x80, 0x60, 0x18, 0x03, 0x00, 0xC0, 0x18, 0x07, 0x03,
    0x01, 0x8F, 0xC1, 0xE0, 0x00, 0x00, 0x00, 0x04, 0x32, 0x00, 0x21, 0x30, 0x03, 0x19, 0x80, 0x0F,
    0xFF, 0x40, 0x7F, 0xDA, 0x03, 0x00, 0x10, 0x10, 0x00, 0xC0, 0x80, 0x06, 0x18, 0x00, 0x1F, 0x80,
    0x00, 0x78, 0x00, 0x00, 0x00, 0x00, 0x00, 0x80, 0x2E, 0x03, 0x31, 0x11, 0x98, 0xCF, 0xFF, 0xFF,
    0xDE, 0x00, 0x80, 0x01, 0x30, 0x46, 0x41, 0x88, 0x8F, 0xFF, 0xDF, 0xFD, 0xC0, 0x00, 0x04, 0x00,
    0x00, 0x70, 0x00, 0x06, 0xC0, 0x00, 0x36, 0x00, 0x00, 0x00, 0x00, 0x00, 0x00, 0x02, 0x19, 0x00,
    0x10, 0x98, 0x01, 0x8C, 0xC0, 0x07, 0xFF, 0xA0, 0x3F, 0xED, 0x01, 0x80, 0x08, 0x08, 0x00, 0x60,
    0x40, 0x03, 0x0C, 0x00, 0x0F, 0xC0, 0x00, 0x3C, 0x00, 0x00, 0x01, 0x00, 0x0C, 0x01, 0xB0, 0x0D,
    0x80, 0x01, 0x00, 0x5C, 0x06, 0x62, 0x23, 0x31, 0x9F, 0xFF, 0xFF, 0xBC, 0x01, 0x00, 0x03, 0x00,
    0x0B, 0x00, 0x32, 0x00, 0x00, 0x00, 0x10, 0x00, 0x26, 0x08, 0xC8, 0x31, 0x11, 0xFF, 0xFB, 0xFF,
    0xB8, 0x00, 0x01, 0xC0, 0x00, 0x07, 0xC0, 0x00, 0x38, 0xC0, 0x04, 0xC0, 0xC0, 0x19, 0x01, 0x00,
    0x3C, 0x0E, 0x00, 0x3F, 0xFF, 0x40, 0x7F, 0xC6, 0x80, 0xC0, 0x01, 0x01, 0x00, 0x03, 0x02, 0x00,
    0x06, 0x18, 0x00, 0x07, 0xE0, 0x00, 0x07, 0x80, 0x00, 0x00, 0x00, 0x30, 0x01, 0xF8, 0x07, 0x38,
    0x18, 0x31, 0x60, 0x27, 0x81, 0xBF, 0xFF, 0x67, 0xF8, 0x00, 0x30, 0x00, 0x7E, 0x00, 0x73, 0x80,
    0x60, 0xC1, 0x60, 0x21, 0xE0, 0x73, 0xFF, 0xFD, 0x9F, 0xE7, 0x00, 0x00, 0x00, 0x00, 0x0C, 0x00,
    0x00, 0x18, 0x00, 0x00, 0x00, 0x00, 0x00, 0x00, 0x00, 0x00, 0x38, 0x00, 0x00, 0xF8, 0x00, 0x07,
    0x18, 0x00, 0x98, 0x18, 0x03, 0x20, 0x20, 0x07, 0x81, 0xC0, 0x07, 0xFF, 0xE8, 0x0F, 0xF8, 0xD0,
    0x18, 0x00, 0x20, 0x20, 0x00, 0x60, 0x40, 0x00, 0xC3, 0x00, 0x00, 0xFC, 0x00, 0x00, 0xF0, 0x00,
    0x00, 0x00, 0x00, 0x03, 0x00, 0x06, 0x00, 0x00, 0x00, 0x00, 0x00, 0x06, 0x00, 0x3F, 0x00, 0xE7,
    0x03, 0x06, 0x2C, 0x04, 0xF0, 0x37, 0xFF, 0xEC, 0xFF, 0x00, 0x00, 0x00, 0x00, 0xC0, 0x00, 0x60,
    0x00, 0x00, 0x00, 0x00, 0x00, 0x01, 0x80, 0x03, 0xF0, 0x03, 0x9C, 0x03, 0x06, 0x0B, 0x01, 0x0F,
    0x03, 0x9F, 0xFF, 0xEC, 0xFF, 0x38, 0x00, 0x00, 0x06, 0x00, 0x03, 0x00, 0x01, 0x80, 0x00, 0xC0,
    0x00, 0x60, 0x00, 0x30, 0x00, 0x08, 0x60, 0x04, 0xFC, 0x02, 0xC7, 0x01, 0xC1, 0x80, 0xC0, 0x44,
    0xC0, 0xE3, 0xFF, 0xF8, 0x7F, 0xCE, 0x00, 0x01, 0x80, 0x0C, 0x00, 0x60, 0x03, 0x00, 0x18, 0x00,
    0xC0, 0x06, 0x18, 0x13, 0xF0, 0xB9, 0xC7, 0x06, 0x30, 0x33, 0x07, 0x7F, 0xF3, 0xFC, 0x00, 0x00,
    0x00, 0xC0, 0x03, 0x00, 0x0C, 0x00, 0x30, 0x00, 0xC0, 0x03, 0x00, 0x0C, 0x30, 0x13, 0xF0, 0x5C,
    0xE1, 0xC1, 0x86, 0x06, 0x30, 0x73, 0xFF, 0xEF, 0xF1, 0xC0, 0x00, 0x00, 0x06, 0x00, 0x03, 0x00,
    0x01, 0x86, 0x00, 0xC7, 0x00, 0x60, 0x00, 0x30, 0x00, 0x08, 0x60, 0x04, 0xFC, 0x02, 0xC7, 0x01,
    0xC1, 0x80, 0xC0, 0x44, 0xC0, 0xE3, 0xFF, 0xF8, 0x7F, 0xCE, 0x00, 0x01, 0x80, 0x0C, 0x00, 0x61,
    0x83, 0x0C, 0x18, 0x00, 0xC0, 0x06, 0x18, 0x13, 0xF0, 0xB9, 0xC7, 0x06, 0x30, 0x33, 0x07, 0x7F,
    0xF3, 0xFC, 0x00, 0x00, 0x00, 0xC0, 0x03, 0x00, 0x0C, 0x30, 0x30, 0xC0, 0xC0, 0x03, 0x00, 0x0C,
    0x30, 0x13, 0xF0, 0x5C, 0xE1, 0xC1, 0x86, 0x06, 0x30, 0x73, 0xFF, 0xEF, 0xF1, 0xC0, 0x38, 0x1F,
    0xC3, 0x98, 0x31, 0x03, 0x60, 0x38, 0x07, 0xE1, 0x3C, 0x40, 0x08, 0x01, 0x00, 0x30, 0x03, 0xFC,
    0x3E, 0x00, 0x0C, 0x0F, 0x82, 0x01, 0x80, 0x60, 0x0E, 0x7F, 0xFF, 0xF0, 0x1C, 0x3F, 0x98, 0xC6,
    0x21, 0xB0, 0x73, 0xFF, 0xE7, 0x08, 0x03, 0x00, 0x60, 0x00, 0x03, 0x81, 0xFC, 0x39, 0x83, 0x10,
    0x36, 0x03, 0x80, 0x7E, 0x13, 0xC4, 0x00, 0x80, 0x10, 0x03, 0x00, 0x3F, 0xC3, 0xE0, 0x08, 0x07,
    0x00, 0x80, 0x00, 0x0C, 0x0F, 0x82, 0x01, 0x80, 0x60, 0x0E, 0x7F, 0xFF, 0xF0, 0x0C, 0x06, 0x03,
    0x00, 0x01, 0xC3, 0xF9, 0x8C, 0x62, 0x1B, 0x07, 0x3F, 0xFE, 0x70, 0x00, 0x08, 0x00, 0x0C, 0x00,
    0x02, 0x00, 0x00, 0x00, 0x01, 0xC0, 0x01, 0xF2, 0x01, 0x99, 0x00, 0x84, 0x80, 0x42, 0x60, 0x3E,
    0x1F, 0xFF, 0xC7, 0xFC, 0xE0, 0x08, 0x0E, 0x02, 0x00, 0x00, 0xC0, 0xF0, 0xDC, 0x46, 0x21, 0x1F,
    0xC7, 0x60, 0x67, 0xF7, 0xE0, 0x08, 0x0C, 0x06, 0x00, 0x01, 0xC1, 0xE1, 0xD8, 0xC4, 0x42, 0x3F,
    0x3F, 0xFF, 0xF0, 0x00, 0x80, 0x6E, 0x03, 0x20, 0x00, 0x00, 0x38, 0x03, 0xE0, 0x33, 0x01, 0x0C,
    0x0C, 0x60, 0x7F, 0xA1, 0xFF, 0x00, 0x48, 0x02, 0x60, 0x23, 0x86, 0x0F, 0xE0, 0x3C, 0x00, 0x00,
    0x1B, 0x0D, 0x80, 0x00, 0xC0, 0xF0, 0xDC, 0x46, 0x21, 0x1F, 0xC7, 0x60, 0x67, 0xF7, 0xE0, 0x00,
    0x13, 0x1D, 0x80, 0x01, 0xC1, 0xE1, 0xD8, 0xC4, 0x42, 0x3F, 0x3F, 0xFF, 0xF0, 0x00, 0x00, 0x00,
    0x20, 0x00, 0x40, 0x00, 0x80, 0x01, 0x00, 0x02, 0x00, 0x84, 0x02, 0x08, 0x07, 0x10, 0x04, 0x22,
    0x00, 0x46, 0x00, 0x8F, 0xFF, 0xEF, 0xF9, 0xC0, 0x01, 0x03, 0x87, 0x8F, 0x0C, 0x06, 0x03, 0xC0,
    0x30, 0x0C, 0x03, 0x00, 0x80, 0xCF, 0xC7, 0xC0, 0x00, 0x81, 0xE1, 0xF1, 0xE0, 0xE0, 0x30, 0x07,
    0x00, 0x60, 0x0C, 0x01, 0x80, 0x20, 0x1C, 0xFF, 0xFC, 0x70, 0x00, 0x00, 0x18, 0x01, 0x80, 0x18,
    0x01, 0x80, 0x18, 0x01, 0x80, 0x18, 0x00, 0x80, 0x08, 0x00, 0x80, 0x08, 0x00, 0xC0, 0x0E, 0x80,
    0xE8, 0x04, 0x80, 0x0C, 0x08, 0xC3, 0x07, 0xE0, 0x3C, 0x00, 0x05, 0xB2, 0x49, 0x24, 0x93, 0xF0,
    0x00, 0x82, 0x08, 0x20, 0x82, 0x08, 0x20, 0x82, 0x08, 0x23, 0xFF, 0xC0, 0x0E, 0x07, 0x87, 0xB3,
    0xCC, 0xB1, 0xAF, 0xF8, 0xFE, 0x00, 0x80, 0x30, 0x0C, 0x03, 0x00, 0xC0, 0x00, 0x00, 0x0E, 0x1E,
    0x1B, 0x31, 0x31, 0xFF, 0xCF, 0x0C, 0x0F, 0x0D, 0x8C, 0x46, 0x37, 0xFF, 0xFE, 0x08, 0x01, 0xC0,
    0x08, 0x00, 0x08, 0x00, 0x80, 0x18, 0x00, 0xE8, 0x0E, 0x80, 0xC8, 0x08, 0xC0, 0x8C, 0x30, 0x7E,
    0x03, 0xC0, 0x01, 0x8C, 0x00, 0x08, 0xE3, 0x18, 0xC7, 0xEE, 0x00, 0x10, 0x70, 0x40, 0x00, 0x01,
    0x06, 0x08, 0xFF, 0xDC, 0x04, 0x06, 0x07, 0x0F, 0x84, 0x46, 0x23, 0xF0, 0xFE, 0x03, 0x80, 0x00,
    0x0C, 0x07, 0x07, 0xC6, 0x72, 0x2D, 0x96, 0x71, 0xFE, 0xF3, 0x80, 0x00, 0x04, 0x0C, 0x1C, 0x34,
    0x26, 0x24, 0x6C, 0xFF, 0xFF, 0x66, 0x23, 0x33, 0x3E, 0x0C, 0x0C, 0x07, 0x83, 0x30, 0x84, 0x31,
    0x0F, 0xF1, 0xFC, 0x04, 0x06, 0x3F, 0x83, 0xC0, 0x00, 0x00, 0x03, 0xE8, 0x0F, 0xA0, 0x18, 0x80,
    0x33, 0x00, 0x4E, 0x0E, 0x1F, 0xF0, 0x3E, 0x00, 0x00, 0x00, 0x03, 0xE8, 0x0F, 0xA0, 0x18, 0x80,
    0x33, 0x00, 0x4E, 0x0E, 0x1F, 0xF0, 0x3E, 0x00, 0x00, 0x03, 0x60, 0x0C, 0x80, 0x00, 0x00, 0x04,
    0x18, 0x30, 0x70, 0x60, 0xBF, 0x78, 0x00, 0x09, 0xBB, 0x20, 0x00, 0x04, 0x0C, 0x0C, 0xFF, 0xF7,
    0x00, 0x04, 0x36, 0x24, 0x00, 0x00, 0x07, 0xC6, 0x00, 0x60, 0x06, 0x18, 0x21, 0xC2, 0x0E, 0x20,
    0x32, 0x01, 0xA0, 0x0E, 0x00, 0x60, 0x0A, 0x01, 0x10, 0x7F, 0x07, 0xE0, 0x00, 0x00, 0xF8, 0x20,
    0x00, 0xC0, 0x01, 0x83, 0x83, 0x03, 0x06, 0x07, 0x0C, 0x03, 0x18, 0x02, 0x30, 0x06, 0xE0, 0x05,
    0x40, 0x06, 0x80, 0x1D, 0x00, 0xF1, 0xC7, 0xC3, 0x80, 0x60, 0x20, 0x0E, 0x1A, 0x06, 0x01, 0x98,
    0x27, 0x08, 0xE2, 0x0C, 0x81, 0xA0, 0x38, 0x06, 0x02, 0x81, 0x11, 0xFC, 0x7E, 0x60, 0x04, 0x00,
    0x38, 0x11, 0x01, 0x84, 0x0C, 0x70, 0x61, 0xC3, 0x03, 0x18, 0x18, 0xC0, 0x66, 0x01, 0x70, 0x0A,
    0x80, 0x34, 0x03, 0xA0, 0x78, 0xEF, 0x83, 0x00, 0x01, 0x80, 0xC0, 0x6C, 0x17, 0x09, 0xC4, 0x32,
    0x0D, 0x03, 0x80, 0xC0, 0xA0, 0x89, 0xFC, 0xFC, 0x00, 0x30, 0x20, 0x10, 0x0E, 0x04, 0x00, 0x00,
    0x40, 0x02, 0x00, 0x30, 0x81, 0x8E, 0x0C, 0x38, 0x60, 0x63, 0x01, 0x18, 0x0C, 0xC0, 0x2E, 0x01,
    0xD0, 0x0E, 0x81, 0xE3, 0xBE, 0x1C, 0x00, 0x03, 0x00, 0x20, 0x01, 0x00, 0x0E, 0x00, 0x40, 0x00,
    0x00, 0x01, 0x80, 0xC0, 0x6C, 0x17, 0x09, 0xC4, 0x32, 0x0D, 0x03, 0x80, 0xC0, 0xA0, 0x89, 0xFC,
    0xFC, 0x00, 0x40, 0x02, 0x00, 0x30, 0x81, 0x8E, 0x0C, 0x38, 0x60, 0x63, 0x03, 0x18, 0x0C, 0xC0,
    0x2E, 0x01, 0xD0, 0x0E, 0x81, 0xE7, 0xBE, 0x1C,
};

static const EpdGlyph ui_10_semiboldGlyphs[] = {
    { 0, 0, 84, 0, 0, 0, 0 }, // U+0020
    { 3, 16, 107, 2, 16, 6, 0 }, // !
    { 7, 6, 174, 2, 16, 6, 6 }, // "
    { 14, 16, 214, 0, 16, 28, 12 }, // #
    { 12, 20, 217, 0, 18, 30, 40 }, // $
    { 17, 16, 335, 2, 16, 34, 70 }, // %
    { 13, 16, 221, 1, 16, 26, 104 }, // &
    { 3, 6, 109, 2, 16, 3, 130 }, // '
    { 6, 20, 124, 2, 17, 15, 133 }, // (
    { 6, 20, 124, 0, 17, 15, 148 }, // )
    { 10, 9, 180, 1, 16, 12, 163 }, // *
    { 11, 11, 224, 2, 12, 16, 175 }, // +
    { 4, 6, 106, 1, 2, 3, 191 }, // ,
    { 7, 3, 155, 1, 8, 3, 194 }, // -
    { 3, 3, 106, 2, 3, 2, 197 }, // .
    { 8, 19, 126, 0, 17, 19, 199 }, // /
    { 12, 16, 220, 1, 16, 24, 218 }, // 0
    { 7, 16, 141, 0, 16, 14, 242 }, // 1
    { 10, 16, 208, 1, 16, 20, 256 }, // 2
    { 11, 16, 212, 1, 16, 22, 276 }, // 3
    { 12, 16, 222, 1, 16, 24, 298 }, // 4
    { 11, 16, 204, 1, 16, 22, 322 }, // 5
    { 11, 16, 213, 1, 16, 22, 344 }, // 6
    { 10, 16, 192, 1, 16, 20, 366 }, // 7
    { 11, 16, 213, 1, 16, 22, 386 }, // 8
    { 11, 16, 213, 1, 16, 22, 408 }, // 9
    { 3, 11, 106, 2, 11, 5, 430 }, // :
    { 4, 15, 110, 1, 11, 8, 435 }, // ;
    { 10, 13, 224, 2, 13, 17, 443 }, // <
    { 10, 8, 224, 2, 11, 10, 460 }, // =
    { 10, 13, 224, 2, 13, 17, 470 }, // >
    { 10, 16, 181, 1, 16, 20, 487 }, // ?
    { 19, 20, 333, 1, 16, 48, 507 }, // @
    { 16, 16, 242, 0, 16, 32, 555 }, // A
    { 11, 16, 220, 2, 16, 22, 587 }, // B
    { 14, 16, 246, 1, 16, 28, 609 }, // C
    { 13, 16, 241, 2, 16, 26, 637 }, // D
    { 10, 16, 202, 2, 16, 20, 663 }, // E
    { 10, 16, 196, 2, 16, 20, 683 }, // F
    { 14, 16, 250, 1, 16, 28, 703 }, // G
    { 13, 16, 248, 2, 16, 26, 731 }, // H
    { 3, 16, 92, 2, 16, 6, 757 }, // I
    { 10, 16, 193, 1, 16, 20, 763 }, // J
    { 13, 16, 234, 2, 16, 26, 783 }, // K
    { 10, 16, 188, 2, 16, 20, 809 }, // L
    { 16, 16, 307, 2, 16, 32, 829 }, // M
    { 13, 16, 253, 2, 16, 26, 861 }, // N
    { 14, 16, 256, 1, 16, 28, 887 }, // O
    { 11, 16, 215, 2, 16, 22, 915 }, // P
    { 14, 17, 258, 1, 16, 30, 937 }, // Q
    { 12, 16, 217, 2, 16, 24, 967 }, // R
    { 12, 16, 217, 0, 16, 24, 991 }, // S
    { 12, 16, 220, 1, 16, 24, 1015 }, // T
    { 12, 16, 245, 2, 16, 24, 1039 }, // U
    { 15, 16, 242, 0, 16, 30, 1063 }, // V
    { 21, 16, 340, 0, 16, 42, 1093 }, // W
    { 15, 16, 240, 0, 16, 30, 1135 }, // X
    { 15, 16, 238, 0, 16, 30, 1165 }, // Y
    { 11, 16, 217, 1, 16, 22, 1195 }, // Z
    { 5, 20, 124, 2, 17, 13, 1217 }, // [
    { 8, 19, 126, 0, 17, 19, 1230 }, // <backslash>
    { 5, 20, 124, 1, 17, 13, 1249 }, // ]
    { 10, 8, 160, 0, 16, 10, 1262 }, // ^
    { 10, 3, 156, 0, 1, 4, 1272 }, // _
    { 5, 3, 117, 1, 16, 2, 1276 }, // `
    { 10, 12, 191, 1, 12, 15, 1278 }, // a
    { 11, 16, 208, 1, 16, 22, 1293 }, // b
    { 11, 12, 194, 1, 12, 17, 1315 }, // c
    { 11, 16, 208, 1, 16, 22, 1332 }, // d
    { 11, 12, 197, 1, 12, 17, 1354 }, // e
    { 8, 17, 130, 1, 17, 17, 1371 }, // f
    { 11, 16, 208, 1, 12, 22, 1388 }, // g
    { 10, 16, 204, 1, 16, 20, 1410 }, // h
    { 3, 17, 87, 1, 17, 7, 1430 }, // i
    { 5, 21, 87, 0, 17, 14, 1437 }, // j
    { 11, 16, 190, 1, 16, 22, 1451 }, // k
    { 3, 16, 87, 1, 16, 6, 1473 }, // l
    { 16, 12, 300, 1, 12, 24, 1479 }, // m
    { 10, 12, 204, 1, 12, 15, 1503 }, // n
    { 11, 12, 203, 1, 12, 17, 1518 }, // o
    { 11, 16, 208, 1, 12, 22, 1535 }, // p
    { 11, 16, 208, 1, 12, 22, 1557 }, // q
    { 7, 13, 132, 1, 13, 12, 1579 }, // r
    { 11, 12, 183, 0, 12, 17, 1591 }, // s
    { 8, 15, 118, 0, 15, 15, 1608 }, // t
    { 10, 12, 204, 1, 12, 15, 1623 }, // u
    { 12, 12, 196, 0, 12, 18, 1638 }, // v
    { 18, 12, 280, 0, 12, 27, 1656 }, // w
    { 12, 12, 190, 0, 12, 18, 1683 }, // x
    { 12, 16, 196, 0, 12, 24, 1701 }, // y
    { 9, 12, 189, 1, 12, 14, 1725 }, // z
    { 7, 20, 151, 1, 17, 18, 1739 }, // {
    { 3, 26, 120, 2, 21, 10, 1757 }, // |
    { 7, 20, 151, 1, 17, 18, 1767 }, // }
    { 11, 5, 224, 2, 9, 7, 1785 }, // ~
    { 0, 0, 84, 0, 0, 0, 1792 }, // U+00A0
    { 3, 16, 107, 2, 12, 6, 1792 }, // U+00A1
    { 13, 10, 211, 0, 12, 17, 1798 }, // U+00AB
    { 7, 8, 153, 1, 17, 7, 1815 }, // U+00B0
    { 3, 3, 106, 2, 9, 2, 1822 }, // U+00B7
    { 9, 9, 162, 1, 16, 11, 1824 }, // U+00BA
    { 13, 10, 211, 0, 12, 17, 1835 }, // U+00BB
    { 10, 16, 181, 1, 12, 20, 1852 }, // U+00BF
    { 14, 21, 256, 1, 21, 37, 1872 }, // U+00D3
    { 12, 21, 245, 2, 21, 32, 1909 }, // U+00DA
    { 10, 17, 191, 1, 17, 22, 1941 }, // U+00E1
    { 11, 17, 197, 1, 17, 24, 1963 }, // U+00E9
    { 5, 16, 87, 1, 16, 10, 1987 }, // U+00ED
    { 10, 17, 204, 1, 17, 22, 1997 }, // U+00F1
    { 11, 17, 203, 1, 17, 24, 2019 }, // U+00F3
    { 10, 17, 204, 1, 17, 22, 2043 }, // U+00FA
    { 10, 17, 204, 1, 17, 22, 2065 }, // U+00FC
    { 4, 4, 0, 1, -1, 2, 2087 }, // U+0591
    { 4, 4, 0, 1, 18, 2, 2089 }, // U+0592
    { 3, 4, 0, 1, 18, 2, 2091 }, // U+0593
    { 2, 4, 0, 1, 18, 1, 2093 }, // U+0594
    { 5, 4, 0, 0, 18, 3, 2094 }, // U+0595
    { 3, 3, 0, 1, -1, 2, 2097 }, // U+0596
    { 3, 4, 0, 1, 17, 2, 2099 }, // U+0597
    { 6, 4, 0, 1, 17, 3, 2101 }, // U+0598
    { 3, 3, 0, 1, 17, 2, 2104 }, // U+0599
    { 4, 4, 0, 1, -1, 2, 2106 }, // U+059A
    { 4, 4, 0, 0, 0, 2, 2108 }, // U+059B
    { 3, 3, 0, 1, 16, 2, 2110 }, // U+059C
    { 3, 3, 0, 1, 16, 2, 2112 }, // U+059D
    { 7, 3, 0, 1, 16, 3, 2114 }, // U+059E
    { 9, 5, 0, 1, 18, 6, 2117 }, // U+059F
    { 5, 5, 0, 1, 18, 4, 2123 }, // U+05A0
    { 4, 3, 0, 1, 16, 2, 2127 }, // U+05A1
    { 4, 4, 0, 1, -1, 2, 2129 }, // U+05A2
    { 4, 4, 0, 0, -1, 2, 2131 }, // U+05A3
    { 4, 4, 0, 1, -1, 2, 2133 }, // U+05A4
    { 3, 3, 0, 1, -1, 2, 2135 }, // U+05A5
    { 7, 3, 0, 0, -2, 3, 2137 }, // U+05A6
    { 4, 5, 0, 1, -1, 3, 2140 }, // U+05A7
    { 3, 3, 0, 1, 16, 2, 2143 }, // U+05A8
    { 5, 5, 0, 1, 18, 4, 2145 }, // U+05A9
    { 4, 4, 0, 1, -1, 2, 2149 }, // U+05AA
    { 4, 4, 0, 1, 17, 2, 2151 }, // U+05AB
    { 4, 4, 0, 0, 17, 2, 2153 }, // U+05AC
    { 3, 3, 0, 1, -1, 2, 2155 }, // U+05AD
    { 6, 4, 0, 1, 17, 3, 2157 }, // U+05AE
    { 4, 4, 0, 1, 17, 2, 2160 }, // U+05AF
    { 2, 4, 0, 1, -2, 1, 2162 }, // U+05B0
    { 7, 4, 0, 1, -2, 4, 2163 }, // U+05B1
    { 7, 4, 0, 1, -2, 4, 2167 }, // U+05B2
    { 7, 3, 0, 1, -2, 3, 2171 }, // U+05B3
    { 2, 2, 0, 1, -2, 1, 2174 }, // U+05B4
    { 5, 2, 0, 1, -2, 2, 2175 }, // U+05B5
    { 5, 4, 0, 1, -2, 3, 2177 }, // U+05B6
    { 4, 2, 0, 1, -2, 1, 2180 }, // U+05B7
    { 4, 4, 0, 1, -2, 2, 2181 }, // U+05B8
    { 2, 2, 0, 1, 15, 1, 2183 }, // U+05B9
    { 2, 2, 0, 1, 15, 1, 2184 }, // U+05BA
    { 6, 4, 0, 1, -2, 3, 2185 }, // U+05BB
    { 2, 2, 0, 1, 7, 1, 2188 }, // U+05BC
    { 2, 3, 0, 0, -2, 1, 2189 }, // U+05BD
    { 6, 3, 108, 1, 13, 3, 2190 }, // U+05BE
    { 5, 2, 0, 1, 15, 2, 2193 }, // U+05BF
    { 3, 21, 172, 4, 16, 8, 2195 }, // U+05C0
    { 2, 2, 0, 1, 15, 1, 2203 }, // U+05C1
    { 2, 2, 0, 1, 15, 1, 2204 }, // U+05C2
    { 4, 12, 91, 1, 12, 6, 2205 }, // U+05C3
    { 2, 2, 0, 1, 15, 1, 2211 }, // U+05C4
    { 2, 2, 0, 1, -2, 1, 2212 }, // U+05C5
    { 7, 13, 148, 2, 13, 12, 2213 }, // U+05C6
    { 4, 3, 0, 1, -2, 2, 2225 }, // U+05C7
    { 14, 13, 225, 0, 13, 23, 2227 }, // U+05D0
    { 12, 13, 198, 0, 13, 20, 2250 }, // U+05D1
    { 8, 14, 137, 1, 13, 14, 2270 }, // U+05D2
    { 12, 13, 190, 0, 13, 20, 2284 }, // U+05D3
    { 13, 13, 219, 0, 13, 22, 2304 }, // U+05D4
    { 6, 13, 113, 0, 13, 10, 2326 }, // U+05D5
    { 7, 13, 124, 0, 13, 12, 2336 }, // U+05D6
    { 14, 13, 229, 0, 13, 23, 2348 }, // U+05D7
    { 12, 13, 220, 1, 13, 20, 2371 }, // U+05D8
    { 6, 8, 111, 0, 13, 6, 2391 }, // U+05D9
    { 11, 17, 190, 1, 13, 24, 2397 }, // U+05DA
    { 11, 13, 176, 0, 13, 18, 2421 }, // U+05DB
    { 11, 17, 185, 1, 17, 24, 2439 }, // U+05DC
    { 14, 13, 234, 0, 13, 23, 2463 }, // U+05DD
    { 15, 13, 234, 0, 13, 25, 2486 }, // U+05DE
    { 6, 17, 118, 0, 13, 13, 2511 }, // U+05DF
    { 7, 13, 135, 1, 13, 12, 2524 }, // U+05E0
    { 13, 13, 227, 0, 13, 22, 2536 }, // U+05E1
    { 13, 15, 210, 0, 14, 25, 2558 }, // U+05E2
    { 12, 17, 218, 1, 13, 26, 2583 }, // U+05E3
    { 12, 13, 209, 1, 13, 20, 2609 }, // U+05E4
    { 12, 17, 196, 0, 13, 26, 2629 }, // U+05E5
    { 12, 13, 197, 0, 13, 20, 2655 }, // U+05E6
    { 13, 17, 218, 0, 13, 28, 2675 }, // U+05E7
    { 11, 13, 181, 0, 13, 18, 2703 }, // U+05E8
    { 14, 13, 262, 1, 13, 23, 2721 }, // U+05E9
    { 14, 13, 241, 0, 13, 23, 2744 }, // U+05EA
    { 15, 12, 254, 0, 17, 23, 2767 }, // U+05EF
    { 13, 13, 223, 0, 13, 22, 2790 }, // U+05F0
    { 13, 13, 234, 0, 13, 22, 2812 }, // U+05F1
    { 13, 8, 235, 0, 13, 13, 2834 }, // U+05F2
    { 5, 6, 74, 0, 13, 4, 2847 }, // U+05F3
    { 9, 6, 148, 0, 13, 7, 2851 }, // U+05F4
    { 23, 6, 379, 1, 6, 18, 2858 }, // U+0600
    { 34, 6, 548, 1, 1, 26, 2876 }, // U+0601
    { 25, 5, 411, 1, 5, 16, 2902 }, // U+0602
    { 22, 6, 361, 1, 4, 17, 2918 }, // U+0603
    { 48, 13, 774, 1, 10, 78, 2935 }, // U+0604
    { 21, 4, 333, 0, 20, 11, 3013 }, // U+0605
    { 13, 16, 179, -1, 15, 26, 3024 }, // U+0606
    { 12, 16, 179, -1, 15, 24, 3050 }, // U+0607
    { 19, 15, 331, 1, 9, 36, 3074 }, // U+0608
    { 12, 13, 184, 0, 11, 20, 3110 }, // U+0609
    { 15, 13, 241, 0, 11, 25, 3130 }, // U+060A
    { 9, 21, 140, -1, 14, 24, 3155 }, // U+060B
    { 3, 6, 71, 1, 5, 3, 3179 }, // U+060C
    { 4, 8, 100, 1, 4, 4, 3182 }, // U+060D
    { 17, 7, 285, 1, 7, 15, 3186 }, // U+060E
    { 12, 18, 216, 0, 11, 27, 3201 }, // U+060F
    { 5, 5, 0, 0, 20, 4, 3228 }, // U+0610
    { 5, 4, 0, -1, 20, 3, 3232 }, // U+0611
    { 7, 5, 0, -1, 20, 5, 3235 }, // U+0612
    { 7, 6, 0, 0, 20, 6, 3240 }, // U+0613
    { 8, 3, 0, 0, 19, 3, 3246 }, // U+0614
    { 6, 5, 0, -1, 27, 4, 3249 }, // U+0615
    { 9, 7, 0, -1, 29, 8, 3253 }, // U+0616
    { 3, 7, 0, 0, 29, 3, 3261 }, // U+0617
    { 3, 3, 0, 0, 18, 2, 3264 }, // U+0618
    { 4, 4, 0, 0, 19, 2, 3266 }, // U+0619
    { 4, 3, 0, -1, 0, 2, 3268 }, // U+061A
    { 3, 12, 71, 1, 10, 5, 3270 }, // U+061B
    { 0, 0, 0, 0, 0, 0, 3275 }, // U+061C
    { 7, 12, 144, 1, 12, 11, 3275 }, // U+061D
    { 6, 6, 119, 0, 4, 5, 3286 }, // U+061E
    { 7, 14, 142, 1, 12, 13, 3291 }, // U+061F
    { 11, 13, 181, 1, 8, 18, 3304 }, // U+0620
    { 8, 8, 146, 1, 6, 8, 3322 }, // U+0621
    { 7, 18, 79, -1, 17, 16, 3330 }, // U+0622
    { 3, 19, 79, 1, 19, 8, 3346 }, // U+0623
    { 9, 15, 156, 0, 11, 17, 3354 }, // U+0624
    { 3, 20, 79, 1, 14, 8, 3371 }, // U+0625
    { 11, 13, 206, 1, 8, 18, 3379 }, // U+0626
    { 3, 14, 79, 1, 14, 6, 3397 }, // U+0627
    { 14, 14, 257, 1, 9, 25, 3403 }, // U+0628
    { 8, 13, 136, 0, 13, 13, 3428 }, // U+0629
    { 14, 10, 257, 1, 10, 18, 3441 }, // U+062A
    { 14, 11, 257, 1, 11, 20, 3459 }, // U+062B
    { 13, 14, 212, 1, 8, 23, 3479 }, // U+062C
    { 13, 14, 212, 1, 8, 23, 3502 }, // U+062D
    { 13, 19, 212, 1, 13, 31, 3525 }, // U+062E
    { 7, 9, 138, 1, 9, 8, 3556 }, // U+062F
    { 7, 13, 138, 1, 13, 12, 3564 }, // U+0630
    { 8, 12, 129, -1, 8, 12, 3576 }, // U+0631
    { 8, 16, 129, -1, 12, 16, 3588 }, // U+0632
    { 19, 14, 338, 1, 8, 34, 3604 }, // U+0633
    { 19, 17, 338, 1, 11, 41, 3638 }, // U+0634
    { 21, 14, 365, 1, 8, 37, 3679 }, // U+0635
    { 21, 19, 365, 1, 13, 50, 3716 }, // U+0636
    { 15, 15, 256, 0, 15, 29, 3766 }, // U+0637
    { 15, 15, 256, 0, 15, 29, 3795 }, // U+0638
    { 12, 16, 201, 1, 10, 24, 3824 }, // U+0639
    { 12, 21, 201, 1, 15, 32, 3848 }, // U+063A
    { 14, 15, 241, 1, 15, 27, 3880 }, // U+063B
    { 14, 20, 241, 1, 14, 35, 3907 }, // U+063C
    { 11, 13, 206, 1, 8, 18, 3942 }, // U+063D
    { 13, 13, 206, -1, 8, 22, 3960 }, // U+063E
    { 12, 13, 206, 0, 8, 20, 3982 }, // U+063F
    { 5, 2, 70, 0, 2, 2, 4002 }, // U+0640
    { 16, 15, 283, 1, 15, 30, 4004 }, // U+0641
    { 11, 17, 216, 1, 11, 24, 4034 }, // U+0642
    { 10, 14, 186, 1, 14, 18, 4058 }, // U+0643
    { 10, 20, 198, 1, 15, 25, 4076 }, // U+0644
    { 9, 14, 163, 1, 7, 16, 4101 }, // U+0645
    { 10, 14, 195, 1, 9, 18, 4117 }, // U+0646
    { 12, 11, 210, 0, 10, 17, 4135 }, // U+0647
    { 9, 11, 156, 0, 7, 13, 4152 }, // U+0648
    { 11, 13, 206, 1, 8, 18, 4165 }, // U+0649
    { 11, 17, 206, 1, 8, 24, 4183 }, // U+064A
    { 5, 5, 0, 1, 20, 4, 4207 }, // U+064B
    { 6, 5, 0, -1, 20, 4, 4211 }, // U+064C
    { 5, 5, 0, 0, 0, 4, 4215 }, // U+064D
    { 5, 4, 0, 0, 19, 3, 4219 }, // U+064E
    { 5, 5, 0, -1, 20, 4, 4222 }, // U+064F
    { 5, 4, 0, 0, 0, 3, 4226 }, // U+0650
    { 4, 3, 0, 0, 18, 2, 4229 }, // U+0651
    { 4, 3, 0, 0, 18, 2, 4231 }, // U+0652
    { 7, 3, 0, -1, 18, 3, 4233 }, // U+0653
    { 3, 5, 0, 0, 19, 2, 4236 }, // U+0654
    { 3, 5, 0, 0, -1, 2, 4238 }, // U+0655
    { 1, 6, 0, 0, 0, 1, 4240 }, // U+0656
    { 5, 4, 0, 0, 19, 3, 4241 }, // U+0657
    { 4, 3, 0, 0, 19, 2, 4244 }, // U+0658
    { 6, 2, 0, -1, 18, 2, 4246 }, // U+0659
    { 5, 5, 0, 0, 20, 4, 4248 }, // U+065A
    { 4, 5, 0, 0, 20, 3, 4252 }, // U+065B
    { 3, 3, 0, 0, -1, 2, 4255 }, // U+065C
    { 5, 5, 0, -1, 20, 4, 4257 }, // U+065D
    { 6, 5, 0, -1, 20, 4, 4261 }, // U+065E
    { 5, 5, 0, -1, 0, 4, 4265 }, // U+065F
    { 4, 5, 105, 1, 7, 3, 4269 }, // U+0660
    { 3, 12, 105, 2, 12, 5, 4272 }, // U+0661
    { 6, 13, 138, 2, 12, 10, 4277 }, // U+0662
    { 9, 13, 159, 1, 12, 15, 4287 }, // U+0663
    { 7, 13, 140, 1, 13, 12, 4302 }, // U+0664
    { 6, 9, 127, 1, 10, 7, 4314 }, // U+0665
    { 8, 13, 148, 0, 13, 13, 4321 }, // U+0666
    { 9, 12, 145, 0, 12, 14, 4334 }, // U+0667
    { 9, 12, 145, 0, 12, 14, 4348 }, // U+0668
    { 7, 13, 144, 1, 12, 12, 4362 }, // U+0669
    { 8, 13, 134, 0, 11, 13, 4374 }, // U+066A
    { 5, 9, 74, -1, 4, 6, 4387 }, // U+066B
    { 5, 10, 74, 0, 13, 7, 4393 }, // U+066C
    { 8, 8, 133, 0, 9, 8, 4400 }, // U+066D
    { 14, 9, 257, 1, 9, 16, 4408 }, // U+066E
    { 11, 13, 216, 1, 7, 18, 4424 }, // U+066F
    { 1, 7, 0, 0, 22, 1, 4442 }, // U+0670
    { 5, 20, 79, 0, 19, 13, 4443 }, // U+0671
    { 5, 19, 79, 0, 19, 12, 4456 }, // U+0672
    { 5, 21, 79, 0, 15, 14, 4468 }, // U+0673
    { 8, 8, 146, 1, 11, 8, 4482 }, // U+0674
    { 14, 16, 225, 1, 15, 28, 4490 }, // U+0675
    { 19, 15, 302, 0, 11, 36, 4518 }, // U+0676
    { 19, 17, 302, 0, 13, 41, 4554 }, // U+0677
    { 21, 16, 352, 1, 11, 42, 4595 }, // U+0678
    { 14, 11, 257, 1, 11, 20, 4637 }, // U+0679
    { 14, 12, 257, 1, 12, 21, 4657 }, // U+067A
    { 14, 15, 257, 1, 9, 27, 4678 }, // U+067B
    { 14, 12, 257, 1, 10, 21, 4705 }, // U+067C
    { 14, 11, 257, 1, 11, 20, 4726 }, // U+067D
    { 14, 15, 257, 1, 9, 27, 4746 }, // U+067E
    { 14, 11, 257, 1, 11, 20, 4773 }, // U+067F
    { 14, 14, 257, 1, 9, 25, 4793 }, // U+0680
    { 12, 18, 212, 1, 12, 27, 4818 }, // U+0681
    { 13, 20, 212, 1, 14, 33, 4845 }, // U+0682
    { 13, 14, 212, 1, 8, 23, 4878 }, // U+0683
    { 13, 14, 212, 1, 8, 23, 4901 }, // U+0684
    { 13, 20, 212, 1, 14, 33, 4924 }, // U+0685
    { 13, 14, 212, 1, 8, 23, 4957 }, // U+0686
    { 13, 14, 212, 1, 8, 23, 4980 }, // U+0687
    { 8, 14, 138, 0, 14, 14, 5003 }, // U+0688
    { 7, 11, 138, 1, 9, 10, 5017 }, // U+0689
    { 7, 14, 138, 1, 9, 13, 5027 }, // U+068A
    { 8, 19, 138, 0, 14, 19, 5040 }, // U+068B
    { 7, 13, 138, 1, 13, 12, 5059 }, // U+068C
    { 7, 13, 138, 1, 9, 12, 5071 }, // U+068D
    { 7, 14, 138, 1, 14, 13, 5083 }, // U+068E
    { 7, 14, 138, 1, 14, 13, 5096 }, // U+068F
    { 7, 14, 138, 1, 14, 13, 5109 }, // U+0690
    { 9, 17, 129, -1, 13, 20, 5122 }, // U+0691
    { 8, 17, 129, -1, 13, 17, 5142 }, // U+0692
    { 8, 13, 129, -1, 7, 13, 5159 }, // U+0693
    { 8, 16, 129, -1, 8, 16, 5172 }, // U+0694
    { 8, 17, 129, -1, 8, 17, 5188 }, // U+0695
    { 8, 16, 129, -1, 8, 16, 5205 }, // U+0696
    { 9, 16, 129, -1, 12, 18, 5221 }, // U+0697
    { 8, 17, 129, -1, 13, 17, 5239 }, // U+0698
    { 8, 17, 129, -1, 13, 17, 5256 }, // U+0699
    { 19, 16, 338, 1, 10, 38, 5273 }, // U+069A
    { 19, 14, 338, 1, 8, 34, 5311 }, // U+069B
    { 19, 17, 338, 1, 11, 41, 5345 }, // U+069C
    { 21, 14, 365, 1, 8, 37, 5386 }, // U+069D
    { 21, 20, 365, 1, 14, 53, 5423 }, // U+069E
    { 15, 15, 256, 0, 15, 29, 5476 }, // U+069F
    { 12, 22, 201, 1, 16, 33, 5505 }, // U+06A0
    { 16, 10, 283, 1, 10, 20, 5538 }, // U+06A1
    { 16, 14, 283, 1, 10, 28, 5558 }, // U+06A2
    { 16, 19, 283, 1, 15, 38, 5586 }, // U+06A3
    { 16, 16, 283, 1, 16, 32, 5624 }, // U+06A4
    { 16, 15, 283, 1, 10, 30, 5656 }, // U+06A5
    { 16, 15, 283, 1, 15, 30, 5686 }, // U+06A6
    { 11, 18, 216, 1, 12, 25, 5716 }, // U+06A7
    { 11, 19, 216, 1, 13, 27, 5741 }, // U+06A8
    { 14, 14, 241, 1, 14, 25, 5768 }, // U+06A9
    { 20, 11, 338, 0, 11, 28, 5793 }, // U+06AA
    { 14, 14, 241, 1, 14, 25, 5821 }, // U+06AB
    { 10, 14, 186, 1, 14, 18, 5846 }, // U+06AC
    { 10, 14, 186, 1, 14, 18, 5864 }, // U+06AD
    { 10, 20, 186, 1, 14, 25, 5882 }, // U+06AE
    { 14, 16, 241, 1, 16, 28, 5907 }, // U+06AF
    { 14, 16, 241, 1, 16, 28, 5935 }, // U+06B0
    { 14, 17, 241, 1, 17, 30, 5963 }, // U+06B1
    { 14, 21, 241, 1, 16, 37, 5993 }, // U+06B2
    { 14, 22, 241, 1, 16, 39, 6030 }, // U+06B3
    { 14, 18, 241, 1, 18, 32, 6069 }, // U+06B4
    { 10, 24, 198, 1, 19, 30, 6101 }, // U+06B5
    { 10, 24, 198, 1, 19, 30, 6131 }, // U+06B6
    { 11, 25, 198, 1, 20, 35, 6161 }, // U+06B7
    { 10, 25, 198, 1, 15, 32, 6196 }, // U+06B8
    { 10, 18, 195, 1, 9, 23, 6228 }, // U+06B9
    { 10, 11, 195, 1, 6, 14, 6251 }, // U+06BA
    { 10, 15, 195, 1, 10, 19, 6265 }, // U+06BB
    { 10, 16, 195, 1, 8, 20, 6284 }, // U+06BC
    { 10, 15, 195, 1, 10, 19, 6304 }, // U+06BD
    { 12, 11, 210, 0, 10, 17, 6323 }, // U+06BE
    { 13, 19, 212, 1, 13, 31, 6340 }, // U+06BF
    { 7, 13, 136, 1, 13, 12, 6371 }, // U+06C0
    { 7, 9, 136, 1, 9, 8, 6383 }, // U+06C1
    { 7, 13, 136, 1, 13, 12, 6391 }, // U+06C2
    { 8, 13, 136, 0, 13, 13, 6403 }, // U+06C3
    { 10, 12, 156, 0, 7, 15, 6416 }, // U+06C4
    { 10, 12, 156, -1, 7, 15, 6431 }, // U+06C5
    { 9, 16, 156, 0, 12, 18, 6446 }, // U+06C6
    { 9, 17, 156, 0, 13, 20, 6464 }, // U+06C7
    { 9, 21, 156, 0, 17, 24, 6484 }, // U+06C8
    { 9, 16, 156, 0, 12, 18, 6508 }, // U+06C9
    { 9, 15, 156, 0, 11, 17, 6526 }, // U+06CA
    { 9, 17, 156, 0, 13, 20, 6543 }, // U+06CB
    { 11, 13, 206, 1, 8, 18, 6563 }, // U+06CC
    { 15, 13, 206, -3, 8, 25, 6581 }, // U+06CD
    { 12, 13, 206, 0, 8, 20, 6606 }, // U+06CE
    { 9, 16, 156, 0, 12, 18, 6626 }, // U+06CF
    { 11, 19, 206, 1, 8, 27, 6644 }, // U+06D0
    { 11, 18, 206, 1, 8, 25, 6671 }, // U+06D1
    { 15, 7, 258, 1, 7, 14, 6696 }, // U+06D2
    { 15, 11, 258, 1, 11, 21, 6710 }, // U+06D3
    { 5, 2, 81, 0, 2, 2, 6731 }, // U+06D4
    { 7, 9, 136, 1, 9, 8, 6733 }, // U+06D5
    { 11, 8, 0, 0, 30, 11, 6741 }, // U+06D6
    { 8, 7, 0, 0, 29, 7, 6752 }, // U+06D7
    { 5, 5, 0, 0, 26, 4, 6759 }, // U+06D8
    { 5, 6, 0, 0, 28, 4, 6763 }, // U+06D9
    { 6, 5, 0, -1, 27, 4, 6767 }, // U+06DA
    { 4, 5, 0, 0, 26, 3, 6771 }, // U+06DB
    { 8, 5, 0, 0, 27, 5, 6774 }, // U+06DC
    { 23, 28, 420, 1, 22, 81, 6779 }, // U+06DD
    { 19, 19, 307, 0, 15, 46, 6860 }, // U+06DE
    { 3, 3, 0, 0, 18, 2, 6906 }, // U+06DF
    { 3, 4, 0, 0, 19, 2, 6908 }, // U+06E0
    { 5, 4, 0, -1, 19, 3, 6910 }, // U+06E1
    { 4, 7, 0, -1, 21, 4, 6913 }, // U+06E2
    { 8, 5, 0, 0, -1, 5, 6917 }, // U+06E3
    { 7, 3, 0, -1, 18, 3, 6922 }, // U+06E4
    { 4, 5, 68, 0, 4, 3, 6925 }, // U+06E5
    { 6, 3, 98, 0, 3, 3, 6928 }, // U+06E6
    { 6, 3, 0, 0, 18, 3, 6931 }, // U+06E7
    { 4, 5, 0, 0, 27, 3, 6934 }, // U+06E8
    { 10, 15, 170, 0, 14, 19, 6937 }, // U+06E9
    { 3, 4, 0, 0, 0, 2, 6956 }, // U+06EA
    { 3, 4, 0, 0, 19, 2, 6958 }, // U+06EB
    { 3, 3, 0, 0, 19, 2, 6960 }, // U+06EC
    { 4, 7, 0, -1, 0, 4, 6962 }, // U+06ED
    { 7, 13, 138, 1, 13, 12, 6966 }, // U+06EE
    { 8, 16, 129, -1, 12, 16, 6978 }, // U+06EF
    { 4, 5, 105, 1, 7, 3, 6994 }, // U+06F0
    { 3, 12, 105, 2, 12, 5, 6997 }, // U+06F1
    { 6, 13, 138, 2, 12, 10, 7002 }, // U+06F2
    { 9, 13, 159, 1, 12, 15, 7012 }, // U+06F3
    { 9, 13, 155, 1, 13, 15, 7027 }, // U+06F4
    { 8, 12, 151, 1, 12, 12, 7042 }, // U+06F5
    { 9, 12, 148, 0, 12, 14, 7054 }, // U+06F6
    { 9, 12, 145, 0, 12, 14, 7068 }, // U+06F7
    { 9, 12, 145, 0, 12, 14, 7082 }, // U+06F8
    { 7, 13, 144, 1, 12, 12, 7096 }, // U+06F9
    { 19, 17, 338, 1, 11, 41, 7108 }, // U+06FA
    { 21, 19, 365, 1, 13, 50, 7149 }, // U+06FB
    { 12, 21, 201, 1, 15, 32, 7199 }, // U+06FC
    { 8, 13, 146, 1, 6, 13, 7231 }, // U+06FD
    { 9, 14, 163, 1, 7, 16, 7244 }, // U+06FE
    { 12, 16, 210, 0, 15, 24, 7260 }, // U+06FF
    { 14, 13, 257, 1, 9, 23, 7284 }, // U+0750
    { 14, 16, 257, 1, 11, 28, 7307 }, // U+0751
    { 14, 15, 257, 1, 9, 27, 7335 }, // U+0752
    { 14, 16, 257, 1, 10, 28, 7362 }, // U+0753
    { 14, 15, 257, 1, 10, 27, 7390 }, // U+0754
    { 14, 14, 257, 1, 9, 25, 7417 }, // U+0755
    { 14, 11, 257, 1, 11, 20, 7442 }, // U+0756
    { 13, 18, 212, 1, 12, 30, 7462 }, // U+0757
    { 13, 14, 212, 1, 8, 23, 7492 }, // U+0758
    { 8, 20, 138, 0, 14, 20, 7515 }, // U+0759
    { 7, 14, 138, 1, 9, 13, 7535 }, // U+075A
    { 9, 12, 129, -1, 8, 14, 7548 }, // U+075B
    { 19, 17, 338, 1, 11, 41, 7562 }, // U+075C
    { 12, 20, 201, 1, 14, 30, 7603 }, // U+075D
    { 12, 21, 201, 1, 15, 32, 7633 }, // U+075E
    { 12, 22, 201, 1, 16, 33, 7665 }, // U+075F
    { 16, 14, 283, 1, 10, 28, 7698 }, // U+0760
    { 16, 15, 283, 1, 10, 30, 7726 }, // U+0761
    { 14, 15, 241, 1, 15, 27, 7756 }, // U+0762
    { 14, 16, 241, 1, 16, 28, 7783 }, // U+0763
    { 14, 20, 241, 1, 14, 35, 7811 }, // U+0764
    { 9, 19, 163, 1, 12, 22, 7846 }, // U+0765
    { 9, 14, 163, 1, 7, 16, 7868 }, // U+0766
    { 10, 18, 195, 1, 9, 23, 7884 }, // U+0767
    { 10, 18, 195, 1, 13, 23, 7907 }, // U+0768
    { 10, 18, 195, 1, 13, 23, 7930 }, // U+0769
    { 11, 20, 198, 1, 15, 28, 7953 }, // U+076A
    { 8, 18, 129, -1, 14, 18, 7981 }, // U+076B
    { 9, 16, 129, -1, 12, 18, 7999 }, // U+076C
    { 19, 18, 338, 1, 12, 43, 8017 }, // U+076D
    { 12, 14, 212, 1, 8, 21, 8060 }, // U+076E
    { 13, 14, 212, 1, 8, 23, 8081 }, // U+076F
    { 19, 19, 338, 1, 13, 46, 8104 }, // U+0770
    { 9, 19, 129, -1, 15, 22, 8150 }, // U+0771
    { 12, 20, 212, 1, 14, 30, 8172 }, // U+0772
    { 5, 15, 79, -1, 15, 10, 8202 }, // U+0773
    { 6, 15, 79, -2, 15, 12, 8212 }, // U+0774
    { 11, 15, 206, 1, 10, 21, 8224 }, // U+0775
    { 11, 15, 206, 1, 10, 21, 8245 }, // U+0776
    { 11, 20, 206, 1, 7, 28, 8266 }, // U+0777
    { 10, 15, 156, 0, 11, 19, 8294 }, // U+0778
    { 10, 15, 156, -1, 11, 19, 8313 }, // U+0779
    { 15, 12, 258, 1, 12, 23, 8332 }, // U+077A
    { 16, 12, 258, 1, 12, 24, 8355 }, // U+077B
    { 12, 14, 212, 1, 8, 21, 8379 }, // U+077C
    { 19, 19, 338, 1, 13, 46, 8400 }, // U+077D
    { 19, 17, 338, 1, 11, 41, 8446 }, // U+077E
    { 10, 14, 186, 1, 14, 18, 8487 }, // U+077F
    { 1, 16, 0, 0, 15, 2, 8505 }, // U+200C
    { 5, 16, 0, -2, 15, 10, 8507 }, // U+200D
    { 5, 16, 0, 0, 15, 10, 8517 }, // U+200E
    { 5, 16, 0, -4, 15, 10, 8527 }, // U+200F
    { 21, 3, 333, 0, 8, 8, 8537 }, // U+2014
    { 17, 3, 319, 2, 3, 7, 8545 }, // U+2026
    { 16, 16, 318, 1, 15, 32, 8552 }, // U+2190
    { 16, 16, 294, 1, 16, 32, 8584 }, // U+2191
    { 16, 16, 318, 3, 15, 32, 8616 }, // U+2192
    { 16, 17, 294, 1, 16, 34, 8648 }, // U+2193
    { 7, 19, 84, 0, 19, 17, 8682 }, // U+FB51
    { 17, 12, 272, 1, 6, 26, 8699 }, // U+FB57
    { 7, 14, 114, 0, 8, 13, 8725 }, // U+FB58
    { 8, 11, 120, 0, 5, 11, 8738 }, // U+FB59
    { 14, 14, 222, 1, 8, 25, 8749 }, // U+FB7B
    { 13, 12, 212, 0, 7, 20, 8774 }, // U+FB7C
    { 15, 12, 222, 0, 7, 23, 8794 }, // U+FB7D
    { 10, 17, 135, -1, 13, 22, 8817 }, // U+FB8B
    { 16, 14, 259, 1, 14, 28, 8839 }, // U+FB8F
    { 9, 14, 138, 0, 14, 16, 8867 }, // U+FB90
    { 10, 14, 153, 0, 14, 18, 8883 }, // U+FB91
    { 16, 16, 259, 1, 16, 32, 8901 }, // U+FB93
    { 10, 16, 138, -1, 16, 20, 8933 }, // U+FB94
    { 10, 16, 153, 0, 16, 20, 8953 }, // U+FB95
    { 14, 9, 229, 1, 3, 16, 8973 }, // U+FBFD
    { 7, 13, 114, 0, 8, 12, 8989 }, // U+FBFE
    { 8, 10, 120, 0, 5, 10, 9001 }, // U+FBFF
    { 8, 17, 84, -1, 17, 17, 9011 }, // U+FE82
    { 5, 19, 84, 1, 19, 12, 9028 }, // U+FE84
    { 10, 16, 156, 0, 12, 20, 9040 }, // U+FE86
    { 6, 20, 84, 1, 15, 15, 9060 }, // U+FE88
    { 14, 12, 229, 1, 6, 21, 9075 }, // U+FE8A
    { 6, 12, 92, -1, 12, 9, 9096 }, // U+FE8B
    { 7, 10, 97, 0, 10, 9, 9105 }, // U+FE8C
    { 6, 15, 84, 1, 15, 12, 9114 }, // U+FE8E
    { 17, 11, 272, 1, 6, 24, 9126 }, // U+FE90
    { 5, 13, 92, 0, 8, 9, 9150 }, // U+FE91
    { 7, 10, 97, 0, 5, 9, 9159 }, // U+FE92
    { 9, 13, 151, 1, 13, 15, 9168 }, // U+FE94
    { 17, 10, 272, 1, 10, 22, 9183 }, // U+FE96
    { 6, 12, 92, 0, 12, 9, 9205 }, // U+FE97
    { 8, 10, 120, 0, 10, 10, 9214 }, // U+FE98
    { 17, 11, 272, 1, 11, 24, 9224 }, // U+FE9A
    { 6, 14, 92, 0, 14, 11, 9248 }, // U+FE9B
    { 8, 11, 120, 0, 11, 11, 9259 }, // U+FE9C
    { 14, 14, 222, 1, 8, 25, 9270 }, // U+FE9E
    { 13, 11, 212, 0, 7, 18, 9295 }, // U+FE9F
    { 15, 11, 222, 0, 7, 21, 9313 }, // U+FEA0
    { 14, 14, 222, 1, 8, 25, 9334 }, // U+FEA2
    { 13, 7, 212, 0, 7, 12, 9359 }, // U+FEA3
    { 15, 7, 222, 0, 7, 14, 9371 }, // U+FEA4
    { 14, 18, 222, 1, 12, 32, 9385 }, // U+FEA6
    { 13, 12, 212, 0, 12, 20, 9417 }, // U+FEA7
    { 15, 12, 222, 0, 12, 23, 9437 }, // U+FEA8
    { 10, 9, 158, 1, 9, 12, 9460 }, // U+FEAA
    { 10, 13, 158, 1, 13, 17, 9472 }, // U+FEAC
    { 10, 12, 135, -1, 8, 15, 9489 }, // U+FEAE
    { 10, 16, 135, -1, 12, 20, 9504 }, // U+FEB0
    { 21, 12, 339, 1, 6, 32, 9524 }, // U+FEB2
    { 13, 8, 219, 0, 8, 13, 9556 }, // U+FEB3
    { 15, 6, 221, 0, 6, 12, 9569 }, // U+FEB4
    { 21, 17, 339, 1, 11, 45, 9581 }, // U+FEB6
    { 13, 11, 219, 0, 11, 18, 9626 }, // U+FEB7
    { 15, 11, 221, 0, 11, 21, 9644 }, // U+FEB8
    { 23, 14, 366, 1, 8, 41, 9665 }, // U+FEBA
    { 15, 8, 262, 0, 8, 15, 9706 }, // U+FEBB
    { 17, 8, 259, 0, 8, 17, 9721 }, // U+FEBC
    { 23, 19, 366, 1, 13, 55, 9738 }, // U+FEBE
    { 15, 13, 262, 0, 13, 25, 9793 }, // U+FEBF
    { 17, 13, 259, 0, 13, 28, 9818 }, // U+FEC0
    { 17, 15, 258, 0, 15, 32, 9846 }, // U+FEC2
    { 13, 15, 220, 0, 15, 25, 9878 }, // U+FEC3
    { 14, 15, 210, 0, 15, 27, 9903 }, // U+FEC4
    { 17, 15, 258, 0, 15, 32, 9930 }, // U+FEC6
    { 13, 15, 220, 0, 15, 25, 9962 }, // U+FEC7
    { 14, 15, 210, 0, 15, 27, 9987 }, // U+FEC8
    { 11, 14, 159, 1, 8, 20, 10014 }, // U+FECA
    { 10, 8, 168, 0, 8, 10, 10034 }, // U+FECB
    { 9, 8, 138, 0, 8, 9, 10044 }, // U+FECC
    { 11, 18, 159, 1, 12, 25, 10053 }, // U+FECE
    { 10, 12, 168, 0, 12, 15, 10078 }, // U+FECF
    { 9, 12, 138, 0, 12, 14, 10093 }, // U+FED0
    { 17, 12, 272, 1, 12, 26, 10107 }, // U+FED2
    { 9, 14, 140, -1, 14, 16, 10133 }, // U+FED3
    { 9, 12, 129, 0, 12, 14, 10149 }, // U+FED4
    { 13, 17, 214, 1, 11, 28, 10163 }, // U+FED6
    { 9, 14, 140, -1, 14, 16, 10191 }, // U+FED7
    { 9, 12, 129, 0, 12, 14, 10207 }, // U+FED8
    { 15, 14, 245, 1, 14, 27, 10221 }, // U+FEDA
    { 9, 14, 138, 0, 14, 16, 10248 }, // U+FEDB
    { 10, 14, 153, 0, 14, 18, 10264 }, // U+FEDC
    { 12, 21, 197, 1, 15, 32, 10282 }, // U+FEDE
    { 3, 15, 71, 0, 15, 6, 10314 }, // U+FEDF
    { 6, 15, 82, 0, 15, 12, 10320 }, // U+FEE0
    { 10, 14, 176, 1, 7, 18, 10332 }, // U+FEE2
    { 8, 7, 152, 0, 7, 7, 10350 }, // U+FEE3
    { 9, 7, 138, 0, 7, 8, 10357 }, // U+FEE4
    { 12, 14, 195, 1, 8, 21, 10365 }, // U+FEE6
    { 5, 13, 92, 0, 13, 9, 10386 }, // U+FEE7
    { 7, 10, 97, 0, 10, 9, 10395 }, // U+FEE8
    { 9, 9, 151, 1, 9, 11, 10404 }, // U+FEEA
    { 9, 11, 169, 0, 10, 13, 10415 }, // U+FEEB
    { 8, 14, 127, 0, 9, 14, 10428 }, // U+FEEC
    { 10, 11, 156, 0, 7, 14, 10442 }, // U+FEEE
    { 14, 9, 229, 1, 3, 16, 10456 }, // U+FEF0
    { 14, 13, 229, 1, 3, 23, 10472 }, // U+FEF2
    { 7, 13, 114, 0, 8, 12, 10495 }, // U+FEF3
    { 8, 10, 120, 0, 5, 10, 10507 }, // U+FEF4
    { 12, 15, 173, -2, 15, 23, 10517 }, // U+FEF5
    { 15, 15, 203, -2, 15, 29, 10540 }, // U+FEF6
    { 10, 16, 173, 0, 16, 20, 10569 }, // U+FEF7
    { 13, 16, 203, 1, 16, 26, 10589 }, // U+FEF8
    { 9, 21, 173, 1, 15, 24, 10615 }, // U+FEF9
    { 13, 20, 203, 0, 14, 33, 10639 }, // U+FEFA
    { 9, 15, 173, 1, 15, 17, 10672 }, // U+FEFB
    { 13, 14, 203, 0, 14, 23, 10689 }, // U+FEFC
};

static const EpdUnicodeInterval ui_10_semiboldIntervals[] = {
    { 0x20, 0x7E, 0x0 },
    { 0xA0, 0xA1, 0x5F },
    { 0xAB, 0xAB, 0x61 },
    { 0xB0, 0xB0, 0x62 },
    { 0xB7, 0xB7, 0x63 },
    { 0xBA, 0xBB, 0x64 },
    { 0xBF, 0xBF, 0x66 },
    { 0xD3, 0xD3, 0x67 },
    { 0xDA, 0xDA, 0x68 },
    { 0xE1, 0xE1, 0x69 },
    { 0xE9, 0xE9, 0x6A },
    { 0xED, 0xED, 0x6B },
    { 0xF1, 0xF1, 0x6C },
    { 0xF3, 0xF3, 0x6D },
    { 0xFA, 0xFA, 0x6E },
    { 0xFC, 0xFC, 0x6F },
    { 0x591, 0x5C7, 0x70 },
    { 0x5D0, 0x5EA, 0xA7 },
    { 0x5EF, 0x5F4, 0xC2 },
    { 0x600, 0x6FF, 0xC8 },
    { 0x750, 0x77F, 0x1C8 },
    { 0x200C, 0x200F, 0x1F8 },
    { 0x2014, 0x2014, 0x1FC },
    { 0x2026, 0x2026, 0x1FD },
    { 0x2190, 0x2193, 0x1FE },
    { 0xFB51, 0xFB51, 0x202 },
    { 0xFB57, 0xFB59, 0x203 },
    { 0xFB7B, 0xFB7D, 0x206 },
    { 0xFB8B, 0xFB8B, 0x209 },
    { 0xFB8F, 0xFB91, 0x20A },
    { 0xFB93, 0xFB95, 0x20D },
    { 0xFBFD, 0xFBFF, 0x210 },
    { 0xFE82, 0xFE82, 0x213 },
    { 0xFE84, 0xFE84, 0x214 },
    { 0xFE86, 0xFE86, 0x215 },
    { 0xFE88, 0xFE88, 0x216 },
    { 0xFE8A, 0xFE8C, 0x217 },
    { 0xFE8E, 0xFE8E, 0x21A },
    { 0xFE90, 0xFE92, 0x21B },
    { 0xFE94, 0xFE94, 0x21E },
    { 0xFE96, 0xFE98, 0x21F },
    { 0xFE9A, 0xFE9C, 0x222 },
    { 0xFE9E, 0xFEA0, 0x225 },
    { 0xFEA2, 0xFEA4, 0x228 },
    { 0xFEA6, 0xFEA8, 0x22B },
    { 0xFEAA, 0xFEAA, 0x22E },
    { 0xFEAC, 0xFEAC, 0x22F },
    { 0xFEAE, 0xFEAE, 0x230 },
    { 0xFEB0, 0xFEB0, 0x231 },
    { 0xFEB2, 0xFEB4, 0x232 },
    { 0xFEB6, 0xFEB8, 0x235 },
    { 0xFEBA, 0xFEBC, 0x238 },
    { 0xFEBE, 0xFEC0, 0x23B },
    { 0xFEC2, 0xFEC4, 0x23E },
    { 0xFEC6, 0xFEC8, 0x241 },
    { 0xFECA, 0xFECC, 0x244 },
    { 0xFECE, 0xFED0, 0x247 },
    { 0xFED2, 0xFED4, 0x24A },
    { 0xFED6, 0xFED8, 0x24D },
    { 0xFEDA, 0xFEDC, 0x250 },
    { 0xFEDE, 0xFEE0, 0x253 },
    { 0xFEE2, 0xFEE4, 0x256 },
    { 0xFEE6, 0xFEE8, 0x259 },
    { 0xFEEA, 0xFEEC, 0x25C },
    { 0xFEEE, 0xFEEE, 0x25F },
    { 0xFEF0, 0xFEF0, 0x260 },
    { 0xFEF2, 0xFEFC, 0x261 },
};

static const EpdKernClassEntry ui_10_semiboldKernLeftClasses[] = {
    { 0x0022, 1 }, // "
    { 0x0024, 2 }, // $
    { 0x0026, 3 }, // &
    { 0x0027, 1 }, // '
    { 0x0028, 4 }, // (
    { 0x002A, 5 }, // *
    { 0x002B, 6 }, // +
    { 0x002C, 7 }, // ,
    { 0x002D, 6 }, // -
    { 0x002E, 7 }, // .
    { 0x002F, 8 }, // /
    { 0x0030, 9 }, // 0
    { 0x0031, 10 }, // 1
    { 0x0032, 11 }, // 2
    { 0x0033, 12 }, // 3
    { 0x0034, 13 }, // 4
    { 0x0035, 14 }, // 5
    { 0x0036, 15 }, // 6
    { 0x0037, 16 }, // 7
    { 0x0038, 12 }, // 8
    { 0x0039, 9 }, // 9
    { 0x003A, 17 }, // :
    { 0x003B, 17 }, // ;
    { 0x003D, 18 }, // =
    { 0x003E, 19 }, // >
    { 0x003F, 20 }, // ?
    { 0x0040, 21 }, // @
    { 0x0041, 22 }, // A
    { 0x0042, 23 }, // B
    { 0x0043, 24 }, // C
    { 0x0044, 21 }, // D
    { 0x0046, 25 }, // F
    { 0x0047, 26 }, // G
    { 0x0048, 10 }, // H
    { 0x0049, 10 }, // I
    { 0x004A, 27 }, // J
    { 0x004B, 28 }, // K
    { 0x004C, 29 }, // L
    { 0x004D, 10 }, // M
    { 0x004E, 10 }, // N
    { 0x004F, 21 }, // O
    { 0x0050, 30 }, // P
    { 0x0051, 21 }, // Q
    { 0x0052, 31 }, // R
    { 0x0053, 2 }, // S
    { 0x0054, 32 }, // T
    { 0x0055, 27 }, // U
    { 0x0056, 33 }, // V
    { 0x0057, 34 }, // W
    { 0x0058, 35 }, // X
    { 0x0059, 36 }, // Y
    { 0x005A, 37 }, // Z
    { 0x005B, 4 }, // [
    { 0x005C, 38 }, // <backslash>
    { 0x005E, 5 }, // ^
    { 0x005F, 39 }, // _
    { 0x0061, 40 }, // a
    { 0x0062, 41 }, // b
    { 0x0063, 41 }, // c
    { 0x0064, 10 }, // d
    { 0x0065, 41 }, // e
    { 0x0066, 42 }, // f
    { 0x0067, 43 }, // g
    { 0x0068, 40 }, // h
    { 0x006B, 44 }, // k
    { 0x006C, 10 }, // l
    { 0x006D, 40 }, // m
    { 0x006E, 40 }, // n
    { 0x006F, 41 }, // o
    { 0x0070, 41 }, // p
    { 0x0071, 43 }, // q
    { 0x0072, 45 }, // r
    { 0x0073, 46 }, // s
    { 0x0074, 47 }, // t
    { 0x0075, 48 }, // u
    { 0x0076, 49 }, // v
    { 0x0077, 50 }, // w
    { 0x0078, 51 }, // x
    { 0x0079, 49 }, // y
    { 0x007A, 52 }, // z
    { 0x007B, 4 }, // {
    { 0x007C, 10 }, // |
    { 0x007E, 53 }, // ~
    { 0x00A1, 54 }, // U+00A1
    { 0x00AB, 55 }, // U+00AB
    { 0x00B0, 5 }, // U+00B0
    { 0x00B7, 56 }, // U+00B7
    { 0x00BA, 57 }, // U+00BA
    { 0x00BB, 58 }, // U+00BB
    { 0x00BF, 59 }, // U+00BF
    { 0x00D3, 21 }, // U+00D3
    { 0x00DA, 27 }, // U+00DA
    { 0x00E1, 40 }, // U+00E1
    { 0x00E9, 41 }, // U+00E9
    { 0x00F1, 60 }, // U+00F1
    { 0x00F3, 41 }, // U+00F3
    { 0x00FA, 48 }, // U+00FA
    { 0x00FC, 48 }, // U+00FC
    { 0x05D0, 61 }, // U+05D0
    { 0x05D1, 62 }, // U+05D1
    { 0x05D2, 63 }, // U+05D2
    { 0x05D3, 64 }, // U+05D3
    { 0x05D5, 65 }, // U+05D5
    { 0x05D6, 66 }, // U+05D6
    { 0x05D8, 67 }, // U+05D8
    { 0x05D9, 68 }, // U+05D9
    { 0x05DB, 69 }, // U+05DB
    { 0x05DC, 70 }, // U+05DC
    { 0x05DE, 71 }, // U+05DE
    { 0x05E0, 72 }, // U+05E0
    { 0x05E1, 73 }, // U+05E1
    { 0x05E2, 74 }, // U+05E2
    { 0x05E4, 75 }, // U+05E4
    { 0x05E6, 76 }, // U+05E6
    { 0x05E8, 77 }, // U+05E8
    { 0x05E9, 78 }, // U+05E9
    { 0x05EA, 79 }, // U+05EA
    { 0x2026, 7 }, // U+2026
    { 0x2190, 6 }, // U+2190
};

static const EpdKernClassEntry ui_10_semiboldKernRightClasses[] = {
    { 0x0020, 1 }, // U+0020
    { 0x0021, 2 }, // !
    { 0x0022, 3 }, // "
    { 0x0023, 4 }, // #
    { 0x0024, 5 }, // $
    { 0x0026, 6 }, // &
    { 0x0027, 3 }, // '
    { 0x0029, 7 }, // )
    { 0x002A, 8 }, // *
    { 0x002B, 9 }, // +
    { 0x002C, 10 }, // ,
    { 0x002D, 11 }, // -
    { 0x002E, 12 }, // .
    { 0x002F, 13 }, // /
    { 0x0030, 14 }, // 0
    { 0x0031, 15 }, // 1
    { 0x0032, 16 }, // 2
    { 0x0033, 17 }, // 3
    { 0x0034, 18 }, // 4
    { 0x0035, 19 }, // 5
    { 0x0036, 14 }, // 6
    { 0x0037, 20 }, // 7
    { 0x0038, 21 }, // 8
    { 0x0039, 22 }, // 9
    { 0x003A, 23 }, // :
    { 0x003B, 23 }, // ;
    { 0x003C, 24 }, // <
    { 0x003D, 25 }, // =
    { 0x003F, 26 }, // ?
    { 0x0040, 27 }, // @
    { 0x0041, 28 }, // A
    { 0x0042, 29 }, // B
    { 0x0043, 30 }, // C
    { 0x0044, 29 }, // D
    { 0x0045, 29 }, // E
    { 0x0046, 29 }, // F
    { 0x0047, 30 }, // G
    { 0x0048, 29 }, // H
    { 0x0049, 29 }, // I
    { 0x004A, 31 }, // J
    { 0x004B, 29 }, // K
    { 0x004C, 29 }, // L
    { 0x004D, 29 }, // M
    { 0x004E, 29 }, // N
    { 0x004F, 30 }, // O
    { 0x0050, 29 }, // P
    { 0x0051, 30 }, // Q
    { 0x0052, 29 }, // R
    { 0x0053, 5 }, // S
    { 0x0054, 32 }, // T
    { 0x0055, 33 }, // U
    { 0x0056, 34 }, // V
    { 0x0057, 35 }, // W
    { 0x0058, 36 }, // X
    { 0x0059, 37 }, // Y
    { 0x005A, 38 }, // Z
    { 0x005C, 34 }, // <backslash>
    { 0x005D, 7 }, // ]
    { 0x005E, 39 }, // ^
    { 0x005F, 40 }, // _
    { 0x0061, 41 }, // a
    { 0x0062, 29 }, // b
    { 0x0063, 42 }, // c
    { 0x0064, 42 }, // d
    { 0x0065, 42 }, // e
    { 0x0066, 43 }, // f
    { 0x0067, 42 }, // g
    { 0x0068, 29 }, // h
    { 0x0069, 44 }, // i
    { 0x006A, 45 }, // j
    { 0x006B, 29 }, // k
    { 0x006C, 29 }, // l
    { 0x006D, 46 }, // m
    { 0x006E, 46 }, // n
    { 0x006F, 42 }, // o
    { 0x0070, 46 }, // p
    { 0x0071, 42 }, // q
    { 0x0072, 46 }, // r
    { 0x0073, 47 }, // s
    { 0x0074, 48 }, // t
    { 0x0075, 49 }, // u
    { 0x0076, 50 }, // v
    { 0x0077, 51 }, // w
    { 0x0078, 52 }, // x
    { 0x0079, 50 }, // y
    { 0x007A, 53 }, // z
    { 0x007C, 29 }, // |
    { 0x007D, 7 }, // }
    { 0x007E, 54 }, // ~
    { 0x00AB, 55 }, // U+00AB
    { 0x00B0, 56 }, // U+00B0
    { 0x00B7, 57 }, // U+00B7
    { 0x00BA, 58 }, // U+00BA
    { 0x00BB, 59 }, // U+00BB
    { 0x00BF, 60 }, // U+00BF
    { 0x00D3, 30 }, // U+00D3
    { 0x00DA, 33 }, // U+00DA
    { 0x00E1, 41 }, // U+00E1
    { 0x00E9, 42 }, // U+00E9
    { 0x00ED, 61 }, // U+00ED
    { 0x00F1, 46 }, // U+00F1
    { 0x00F3, 42 }, // U+00F3
    { 0x00FA, 49 }, // U+00FA
    { 0x00FC, 62 }, // U+00FC
    { 0x05D0, 63 }, // U+05D0
    { 0x05D1, 64 }, // U+05D1
    { 0x05D2, 65 }, // U+05D2
    { 0x05D3, 66 }, // U+05D3
    { 0x05D4, 67 }, // U+05D4
    { 0x05D6, 68 }, // U+05D6
    { 0x05D7, 69 }, // U+05D7
    { 0x05D8, 70 }, // U+05D8
    { 0x05D9, 71 }, // U+05D9
    { 0x05DA, 72 }, // U+05DA
    { 0x05DB, 73 }, // U+05DB
    { 0x05DC, 74 }, // U+05DC
    { 0x05DD, 75 }, // U+05DD
    { 0x05DE, 76 }, // U+05DE
    { 0x05E1, 77 }, // U+05E1
    { 0x05E2, 78 }, // U+05E2
    { 0x05E3, 79 }, // U+05E3
    { 0x05E4, 80 }, // U+05E4
    { 0x05E5, 81 }, // U+05E5
    { 0x05E7, 82 }, // U+05E7
    { 0x05E8, 83 }, // U+05E8
    { 0x05E9, 84 }, // U+05E9
    { 0x05EA, 85 }, // U+05EA
    { 0x2026, 86 }, // U+2026
    { 0x2192, 9 }, // U+2192
};

static const int8_t ui_10_semiboldKernMatrix[] = {
       0,    0,    0,    0,    0,  -11,    0,    0,    0,  -29,    0,  -29,    0,    0,    0,    0,    0,  -21,    0,    0,    0,    0,    0,    0,    0,    0,    0,  -26,    0,    0,  -55,    0,    0,    0,    0,    0,    0,    0,    0,    0,    0,   -6,    0,    0,    0,    0,   -2,    0,    0,    0,    0,    0,    0,    0,    0,    0,    0,    0,    0,    0,    0,    0,    0,    0,    0,    0,    0,    0,    0,    0,    0,    0,    0,    0,    0,    0,    0,    0,    0,    0,    0,    0,    0,    0,    0,  -29,
       0,    0,    0,    0,    0,    0,    0,    0,    0,    0,    0,    0,    0,    0,    0,    0,    0,    0,    0,    0,    0,    0,    0,    0,    0,    0,    0,   -3,    0,    0,    0,   -2,    0,    0,    0,   -4,    0,    0,    0,    0,    0,    0,    0,    0,    0,    0,    0,    0,    0,    0,    0,    0,    0,    0,    0,    0,    0,    0,    0,    0,    0,    0,    0,    0,    0,    0,    0,    0,    0,    0,    0,    0,    0,    0,    0,    0,    0,    0,    0,    0,    0,    0,    0,    0,    0,    0,
       0,    0,  -11,    0,    0,    0,    0,    0,    0,    0,    0,    0,    0,    0,    0,    0,    0,    0,    0,    0,    0,    0,    0,    0,    0,    0,    0,    0,    0,    0,    0,  -19,    0,  -21,  -13,    0,  -25,    0,    0,    0,    0,    0,    0,    0,    0,    0,    0,    0,    0,  -11,  -11,    0,    0,    0,    0,    0,    0,  -13,    0,    0,    0,    0,    0,    0,    0,    0,    0,    0,    0,    0,    0,    0,    0,    0,    0,    0,    0,    0,    0,    0,    0,    0,    0,    0,    0,    0,
       0,    0,    0,    0,    0,    0,    0,    0,    0,    0,    0,    0,    0,    0,    0,    0,    0,    0,    0,    0,    0,    0,    0,    0,    0,    0,    0,    0,    4,    0,    0,    0,    0,    0,    0,    0,    0,    0,    0,    0,    0,   -2,    0,    0,    6,    4,    0,    0,    0,    0,    0,    0,    0,    0,    0,    0,    0,    0,    0,    0,    0,    0,    0,    0,    0,    0,    0,    0,    0,    0,    0,    0,    0,    0,    0,    0,    0,    0,    0,    0,    0,    0,    0,    0,    0,    0,
       0,    0,    0,    0,    0,  -11,    0,    0,    0,  -45,    0,  -45,    0,    0,    0,    0,    0,  -15,    0,    0,    0,    0,    0,    0,    0,    0,   -5,  -30,    0,   -5,  -32,    0,    0,    0,    0,    0,    0,    0,    0,  -23,    0,    0,    0,    0,    0,    0,    0,    0,    0,    0,    0,    0,    0,    0,    0,    0,    0,    0,    0,    0,    0,    0,    0,    0,    0,    0,    0,    0,    0,    0,    0,    0,    0,    0,    0,    0,    0,    0,    0,    0,    0,    0,    0,    0,    0,  -45,
       0,    0,    0,    0,    0,    0,    0,    0,    0,    0,    0,    0,    0,    0,    0,   -8,   -2,    0,    0,   -9,    0,    0,    0,    0,    0,    0,    0,  -11,    0,    0,  -15,  -25,    0,  -16,  -11,  -13,  -23,    0,    0,    0,    0,    0,    0,    0,    0,    0,    0,    0,    0,    0,    0,   -7,    0,    0,    0,    0,    0,    0,    0,    0,    0,    0,    0,    0,    0,    0,    0,    0,    0,    0,    0,    0,    0,    0,    0,    0,    0,    0,    0,    0,    0,    0,    0,    0,    0,    0,
      -7,   -3,  -31,    0,    0,    0,    0,    0,    0,    0,    0,    0,    0,   -9,  -30,    0,   -8,    0,   -3,   -7,   -9,   -4,    0,    0,    0,  -29,  -15,    0,    0,  -15,    0,  -11,    0,    0,    0,    0,  -18,    0,    0,    0,    0,    0,    0,    0,    0,    0,    0,    0,    0,    0,    0,    0,    0,    0,    0,    0,    0,    0,    0,    0,    0,    0,    0,    0,    0,    0,    0,    0,    0,    0,    0,    0,    0,    0,    0,    0,    0,    0,    0,    0,    0,    0,    0,    0,    0,    0,
       0,    0,    0,    0,    0,    0,    0,    0,    0,  -13,    0,  -13,    0,    0,    0,    0,    0,    0,    0,    0,    0,    0,    0,    0,    0,    0,    0,   -8,    0,    0,  -21,    0,    0,    2,    2,    0,    0,    0,    0,    0,    0,    0,    0,    0,    0,    0,    0,    0,    0,    0,    0,    0,    0,    0,    0,    0,    0,    0,    0,    0,    0,    0,    0,    0,    0,    0,    0,    0,    0,    0,    0,    0,    0,    0,    0,    0,    0,    0,    0,    0,    0,    0,    0,    0,    0,  -13,
       0,    0,    0,    0,    0,    0,    0,    0,    0,   -9,    0,   -9,    0,    0,    0,    0,    0,    0,    0,   -7,    0,    0,    0,    0,    0,    0,    0,    0,    0,    0,    0,    0,    0,   -7,    0,  -12,  -11,    0,    0,  -15,    0,    0,    0,    0,    0,    0,    0,    6,    0,    0,    0,    0,    0,    0,    0,    0,    0,    0,    0,    0,    0,    0,    0,    0,    0,    0,    0,    0,    0,    0,    0,    0,    0,    0,    0,    0,    0,    0,    0,    0,    0,    0,    0,    0,    0,   -9,
       0,    0,    0,    0,    0,    0,    4,    0,    0,    0,    0,    0,    0,    0,    0,    0,    0,    0,    0,    0,    0,    0,    0,    0,    0,    0,    0,    0,    0,    0,    0,    0,    0,    0,    0,    0,    0,    0,    0,    4,    0,    0,    0,    0,    0,    0,    0,    5,    0,    3,    0,    0,    0,    0,    0,    0,    0,    0,    0,    0,    0,    0,    0,    0,    0,    0,    0,    0,    0,    0,    0,    0,    0,    0,    0,    0,    0,    0,    0,    0,    0,    0,    0,    0,    0,    0,
       0,    0,    0,    0,    0,    0,    0,    0,    0,    0,    0,    0,    0,    0,    0,    0,    0,   -5,    0,    0,    0,    0,    0,    0,    0,    0,    0,    0,    0,    0,    0,    0,    0,    0,    0,    0,    0,    0,    0,    0,    0,    0,    0,    0,    0,    0,    0,    0,    0,    0,    0,    0,    0,    0,    0,    0,    0,    0,    0,    0,    0,    0,    0,    0,    0,    0,    0,    0,    0,    0,    0,    0,    0,    0,    0,    0,    0,    0,    0,    0,    0,    0,    0,    0,    0,    0,
       0,    0,    0,    0,    0,    0,    0,   -3,    0,   -7,    0,   -7,    0,    0,    0,    0,    0,    0,    0,    0,    0,    0,    0,    0,    0,    0,    0,    0,    0,    0,    0,    0,    0,    0,    0,   -7,    0,    0,   -3,    0,    0,    0,    0,    0,    0,    0,    0,    0,    0,    0,    0,    0,    0,    0,  -11,   -3,    0,    0,    0,    0,    0,    0,    0,    0,    0,    0,    0,    0,    0,    0,    0,    0,    0,    0,    0,    0,    0,    0,    0,    0,    0,    0,    0,    0,    0,   -7,
       0,    0,    0,    0,    0,    0,    0,  -10,    0,  -11,    0,  -11,    0,    0,  -11,    0,    0,    0,    0,    0,    0,    0,    0,    0,    0,    0,    0,    0,    0,    0,    0,    0,    0,    0,    0,    0,    0,    0,  -10,    0,    0,    0,    0,    0,    0,    0,    0,    0,    0,    0,    0,    0,    0,    0,    0,  -10,    0,    0,    0,    0,    0,    0,    0,    0,    0,    0,    0,    0,    0,    0,    0,    0,    0,    0,    0,    0,    0,    0,    0,    0,    0,    0,    0,    0,    0,  -11,
       0,    0,    0,    0,    0,    0,    0,   -1,    0,   -8,    0,   -8,    0,    0,    0,    0,    0,    0,    0,    0,    0,    0,    0,    0,    0,    0,    0,    0,    0,    0,    0,    0,    0,    0,    0,    0,    0,    0,   -1,    0,    0,    0,    0,    0,    0,    0,    0,    0,    0,    0,    0,    0,    0,    0,    0,   -1,    0,    0,    0,    0,    0,    0,    0,    0,    0,    0,    0,    0,    0,    0,    0,    0,    0,    0,    0,    0,    0,    0,    0,    0,    0,    0,    0,    0,    0,   -8,
       0,    0,    0,    0,    0,    0,    0,    0,    0,  -10,    0,  -10,    0,    0,    0,    0,    0,    0,    0,    0,    0,    0,    0,    0,    0,    0,    0,    0,    0,    0,    0,    0,    0,    0,    0,    0,    0,    0,    0,  -15,    0,    0,    0,    0,    0,    0,    0,    0,    0,    0,    0,    0,    0,    0,    0,    0,    0,    0,    0,    0,    0,    0,    0,    0,    0,    0,    0,    0,    0,    0,    0,    0,    0,    0,    0,    0,    0,    0,    0,    0,    0,    0,    0,    0,    0,  -10,
       0,    0,    0,  -19,    0,  -15,    0,    0,    0,  -42,    0,  -42,    0,   -5,    0,    0,   -6,  -19,   -3,    7,   -5,   -3,  -11,  -30,    0,    0,    0,  -36,    0,    0,  -32,    0,    0,    0,    0,    0,    0,    0,    0,  -53,  -15,  -17,    0,    0,    0,  -17,  -13,    0,    0,    0,    0,    0,    0,    0,  -21,    0,    0,    0,    0,    0,    0,    0,    0,    0,    0,    0,    0,    0,    0,    0,    0,    0,    0,    0,    0,    0,    0,    0,    0,    0,    0,    0,    0,    0,    0,  -42,
       0,    0,    0,    0,    0,    0,    0,    0,    0,    0,    0,    0,    0,    0,    0,    0,    0,    0,    0,    0,    0,    0,    0,    0,    0,    0,    0,    0,    0,    0,    0,  -11,    0,  -21,    0,    0,    0,    0,    0,    0,    0,    0,    0,    0,    0,    0,    0,    0,    0,    0,    0,    0,    0,    0,    0,    0,    0,    0,    0,    0,    0,    0,    0,    0,    0,    0,    0,    0,    0,    0,    0,    0,    0,    0,    0,    0,    0,    0,    0,    0,    0,    0,    0,    0,    0,    0,
       0,    0,    0,    0,    0,    0,    0,    0,    0,    0,    0,    0,    0,    0,    0,    0,    0,    0,    0,    0,    0,    0,    0,    0,    0,    0,    0,  -17,    0,    0,    0,  -15,    0,  -23,  -21,  -17,  -32,    0,    0,    0,    0,    0,    0,    0,    0,    0,    0,    0,    0,  -13,    0,  -11,    0,    0,    0,    0,    0,    0,    0,    0,    0,    0,    0,    0,    0,    0,    0,    0,    0,    0,    0,    0,    0,    0,    0,    0,    0,    0,    0,    0,    0,    0,    0,    0,    0,    0,
       0,    0,    0,    0,    0,    0,    0,    0,    0,    0,    0,    0,    0,    0,    0,    0,    0,    0,    0,  -25,    0,    0,    0,    0,    0,    0,    0,   -8,    0,    0,    0,  -26,    0,  -25,  -25,  -19,  -30,  -21,    0,    0,    0,    0,    0,    0,    0,    0,    0,    0,    0,    0,    0,    0,    0,    0,    0,    0,    0,    0,    0,    0,    0,    0,    0,    0,    0,    0,    0,    0,    0,    0,    0,    0,    0,    0,    0,    0,    0,    0,    0,    0,    0,    0,    0,    0,    0,    0,
       0,    0,    0,    0,    0,    0,    0,    0,    0,    0,    0,    0,    0,    0,    0,    0,    0,    0,    0,    0,    0,    0,    0,    0,    0,    0,    0,  -21,    0,    0,    0,    0,    0,    0,    0,    0,    0,    0,    0,    0,    0,    0,    0,    0,    0,    0,    0,    0,    0,    0,    0,    0,    0,    0,    0,    0,    0,    0,    0,    0,    0,    0,    0,    0,    0,    0,    0,    0,    0,    0,    0,    0,    0,    0,    0,    0,    0,    0,    0,    0,    0,    0,    0,    0,    0,    0,
       0,    0,    0,    0,    0,    0,    0,    0,    0,  -15,    0,  -15,  -13,    0,    0,    0,    0,    0,    0,    0,    0,    0,    0,    0,    0,    0,    0,  -13,    0,    0,    0,  -10,    0,  -13,   -5,  -15,  -13,    0,    0,  -13,    0,    0,    0,    0,    0,    0,    0,    0,    0,    0,    0,    0,    0,    0,    0,    0,    0,    0,    0,    0,    0,    0,    0,    0,    0,    0,    0,    0,    0,    0,    0,    0,    0,    0,    0,    0,    0,    0,    0,    0,    0,    0,    0,    0,    0,  -15,
       0,    0,  -26,    0,   -3,    0,    0,  -30,  -11,    0,  -11,    0,    5,    0,  -15,    0,    0,    0,    0,    0,    0,    0,    0,   -8,  -17,  -21,  -13,    5,    0,  -13,    0,  -29,   -7,  -25,  -22,    0,  -26,    0,  -30,    0,    0,   -5,   -2,    1,    0,    0,   -2,   -8,    0,  -23,  -23,    0,    0,  -11,  -11,  -30,  -11,  -25,  -11,    0,    1,    0,    0,    0,    0,    0,    0,    0,    0,    0,    0,    0,    0,    0,    0,    0,    0,    0,    0,    0,    0,    0,    0,    0,    0,    0,
       0,    0,    0,    0,    0,    0,    0,    0,    0,    0,    0,    0,    0,    0,    0,    0,    0,    0,    0,    0,    0,    0,    0,    0,    0,    0,    0,    0,    0,    0,    0,  -19,    0,    0,    0,    0,    0,    0,    0,    0,    0,    0,    0,    0,    0,    0,    0,    0,    0,    0,    0,    0,    0,    0,    0,    0,    0,    0,    0,    0,    0,    0,    0,    0,    0,    0,    0,    0,    0,    0,    0,    0,    0,    0,    0,    0,    0,    0,    0,    0,    0,    0,    0,    0,    0,    0,
       0,    0,    0,    0,    0,    0,    0,    0,    0,    0,    0,    0,    0,    0,    0,    0,    0,    0,    0,    0,    0,    0,    0,    0,    0,    0,    0,   -8,    0,    0,    0,    0,    0,    0,    0,   -4,    0,    0,    0,  -13,    0,    0,    0,    0,    0,    0,    0,    0,    0,    1,    0,    0,    0,    0,    0,    0,    0,    0,    0,    0,    0,    0,    0,    0,    0,    0,    0,    0,    0,    0,    0,    0,    0,    0,    0,    0,    0,    0,    0,    0,    0,    0,    0,    0,    0,    0,
       0,    0,    0,    0,    0,    0,    0,    0,    0,  -13,    0,  -24,    0,    0,    0,    0,    0,    0,    0,    0,    0,    0,    0,    0,    0,    0,    0,  -30,    0,    0,  -23,    0,    0,    0,    0,    0,    0,    0,    0,  -11,   -6,  -11,    0,    0,    0,   -8,    0,    0,  -11,  -11,    0,    0,  -11,    0,    0,    0,    0,    0,    0,    0,    0,  -11,    0,    0,    0,    0,    0,    0,    0,    0,    0,    0,    0,    0,    0,    0,    0,    0,    0,    0,    0,    0,    0,    0,    0,  -42,
       0,    0,    0,    0,    0,    0,    0,    0,    0,    0,    0,    0,    0,    0,    0,    0,    0,    0,    0,    0,    0,    0,    0,    0,    0,    0,    0,   -9,    0,    0,    0,  -10,    0,   -7,    0,   -4,   -9,    0,    0,    0,    0,    0,    0,    0,    0,    0,    0,    0,    0,    0,    0,    0,    0,    0,    0,    0,    0,    0,    0,    0,    0,    0,    0,    0,    0,    0,    0,    0,    0,    0,    0,    0,    0,    0,    0,    0,    0,    0,    0,    0,    0,    0,    0,    0,    0,    0,
       0,    0,    0,    0,    0,    0,    0,    0,    0,  -11,    0,  -11,  -19,    0,    0,    0,    0,    0,    0,    0,    0,    0,    0,    0,    0,    0,    0,   -7,    0,    0,    0,    0,    0,    0,    0,    0,    0,    0,    0,  -17,    0,    0,    0,    0,    0,    0,    0,    0,    0,    0,    0,    0,    0,    0,    0,    0,    0,    0,    0,    0,    0,    0,    0,    0,    0,    0,    0,    0,    0,    0,    0,    0,    0,    0,    0,    0,    0,    0,    0,    0,    0,    0,    0,    0,    0,  -11,
       0,    0,    0,    0,   -3,    0,    0,    0,  -29,    0,  -29,    0,    0,    0,    0,    0,    0,    0,    0,    0,    0,    0,    0,  -23,  -11,    0,  -13,    0,    0,  -13,    0,    0,    0,    0,    0,    0,    0,    0,    0,    0,    0,  -13,    0,    3,    0,    0,    0,    0,  -11,  -13,  -21,    0,    0,  -29,  -17,    0,  -44,    0,    0,    0,    3,  -11,    0,    0,    0,    0,    0,    0,    0,    0,    0,    0,    0,    0,    0,    0,    0,    0,    0,    0,    0,    0,    0,    0,    0,    0,
       0,    0,  -30,    0,    0,    0,    0,  -57,  -24,    0,  -41,    0,    0,    0,  -15,    0,    0,    0,    0,    0,    0,    0,    0,    0,    0,    0,   -9,    0,    0,   -9,    0,  -31,    0,  -25,   -8,    0,  -23,    0,  -43,    0,    0,    0,    0,    0,    0,    0,    0,   -7,    0,  -23,    0,    0,    0,  -37,  -21,  -59,  -45,  -32,    0,    0,    0,    0,    0,    0,    0,    0,    0,    0,    0,    0,    0,    0,    0,    0,    0,    0,    0,    0,    0,    0,    0,    0,    0,    0,    0,    0,
       0,    0,    0,    0,    0,  -11,    0,    0,  -10,  -13,  -10,  -24,    0,    0,    0,    0,    0,    0,    0,    0,    0,    0,    0,    0,    0,    0,    0,  -27,    0,    0,  -32,    0,    0,    0,    0,    0,    0,    0,    0,    0,   -3,   -2,    0,    0,    0,    0,    0,    0,    0,    0,    0,    0,    0,  -10,    0,    0,  -10,    0,    0,    0,    0,    0,    0,    0,    0,    0,    0,    0,    0,    0,    0,    0,    0,    0,    0,    0,    0,    0,    0,    0,    0,    0,    0,    0,    0,  -45,
       0,    0,    0,    0,    0,    0,    0,    0,    0,    0,    0,    0,    0,    0,    0,    0,    0,    0,    0,    0,    0,    0,    0,    0,    0,    0,    0,    0,    0,    0,    0,    0,    0,   -6,    0,    0,   -9,    0,    0,    0,   -2,   -4,    0,    0,    0,    0,    0,    0,    0,    0,    0,    0,    0,    0,    0,    0,    0,    0,    0,    0,    0,    0,    0,    0,    0,    0,    0,    0,    0,    0,    0,    0,    0,    0,    0,    0,    0,    0,    0,    0,    0,    0,    0,    0,    0,    0,
       0,    0,    0,    0,   -1,  -11,    0,    0,  -20,  -11,  -20,  -11,  -43,  -11,    0,    0,    0,  -23,    0,  -26,    0,    0,  -11,  -26,  -11,    0,  -10,  -29,    0,  -10,  -30,    0,    0,    0,    0,    0,    4,    0,    0,  -19,  -24,  -26,    0,    0,    0,  -19,  -25,  -34,  -25,  -21,  -21,  -14,  -15,  -20,  -43,    0,  -46,    0,  -17,    0,    0,  -42,    0,    0,    0,    0,    0,    0,    0,    0,    0,    0,    0,    0,    0,    0,    0,    0,    0,    0,    0,    0,    0,    0,    0,  -40,
       0,    0,    0,    0,    0,  -17,    0,    0,  -18,  -32,  -18,  -32,  -16,   -7,    0,    0,    0,  -11,    0,    0,    0,    0,  -21,  -25,  -21,    0,  -24,  -25,    0,  -13,  -32,    0,    0,    5,    0,    0,    0,    0,    0,  -26,  -19,  -19,    0,    0,    0,   -2,  -15,    0,    0,    0,    0,    0,    0,  -18,  -19,    0,  -32,    0,    0,   -7,    0,    0,    0,    0,    0,    0,    0,    0,    0,    0,    0,    0,    0,    0,    0,    0,    0,    0,    0,    0,    0,    0,    0,    0,    0,  -32,
       0,    0,    0,    0,   -1,  -17,    0,    0,  -15,  -32,  -15,  -32,   -7,    0,    0,    0,    0,  -11,    0,    0,    0,    0,  -17,  -25,  -21,    0,   -5,  -22,    0,   -5,  -21,    0,    0,    2,    7,    0,    0,    0,    0,    0,  -18,  -17,    0,    0,    0,  -11,  -11,    0,    0,    0,    0,    0,    0,  -15,  -19,    0,  -26,    0,    0,   -7,    0,    0,    0,    0,    0,    0,    0,    0,    0,    0,    0,    0,    0,    0,    0,    0,    0,    0,    0,    0,    0,    0,    0,    0,    0,  -32,
       0,    0,    0,    0,   -4,    0,    0,    0,  -13,    0,  -13,    0,    0,  -12,    0,    0,   -7,  -13,    0,    0,   -7,    0,    0,  -19,  -17,    0,  -15,    0,    0,  -15,    0,  -13,    0,    0,    0,    0,    0,    0,    0,    0,  -19,   -9,    0,    0,    0,    0,    0,    0,    0,    0,    0,    0,    0,  -24,  -13,    0,  -28,    0,    0,    0,    0,    0,    0,    0,    0,    0,    0,    0,    0,    0,    0,    0,    0,    0,    0,    0,    0,    0,    0,    0,    0,    0,    0,    0,    0,    0,
       0,    0,    0,    0,    0,  -21,    0,    0,  -23,  -18,  -23,  -18,    0,    0,    0,    0,    0,  -23,    0,    0,    0,    0,  -21,  -34,  -32,    0,  -13,  -26,    0,  -13,  -11,    4,    0,    0,    0,    0,    0,    0,    0,    0,  -30,  -33,    0,   -8,    0,  -13,  -23,    0,  -13,    0,    0,    0,    0,  -23,  -30,    0,  -40,    0,  -21,    0,  -19,  -13,    0,    0,    0,    0,    0,    0,    0,    0,    0,    0,    0,    0,    0,    0,    0,    0,    0,    0,    0,    0,    0,    0,    0,  -50,
       0,    0,    0,    0,    0,    0,    0,    0,  -13,    0,  -13,    0,    0,    0,    0,    0,    0,    0,    0,    0,    0,    0,    0,  -21,    0,    0,  -11,    0,    0,  -11,    0,    0,    0,    0,    0,    0,    0,    0,    0,    0,    0,    0,    0,    0,    0,    0,    0,    0,    0,    0,    0,    0,    0,  -13,  -11,    0,  -24,    0,    0,    0,    0,    0,    0,    0,    0,    0,    0,    0,    0,    0,    0,    0,    0,    0,    0,    0,    0,    0,    0,    0,    0,    0,    0,    0,    0,    0,
       0,    0,  -26,    0,   -3,    0,    0,  -30,  -11,    0,  -11,    0,    5,    0,  -15,    0,    0,    0,    0,    0,    0,    0,    0,   -8,  -17,  -21,  -13,    5,    0,  -13,    0,  -42,   -7,  -41,  -41,    0,  -26,    0,  -30,    0,    0,   -5,   -2,    1,    0,    0,   -2,   -8,    0,  -40,  -23,    0,    0,  -11,  -11,  -30,  -11,  -25,  -11,    0,    1,    0,    0,    0,    0,    0,    0,    0,    0,    0,    0,    0,    0,    0,    0,    0,    0,    0,    0,    0,    0,    0,    0,    0,    0,    0,
       0,    0,    0,    0,    0,    0,    0,  -23,    0,    0,    0,    0,    0,  -15,  -36,    0,  -15,  -19,  -15,    0,  -15,  -15,    0,    0,    0,    0,  -13,    0,   11,  -13,    0,  -19,  -13,  -26,    0,    0,    0,    0,  -23,    0,    0,    0,    0,    7,   32,   11,    0,    0,    0,  -26,    0,    0,    0,    0,    0,  -23,    0,    0,    0,    0,    7,    0,    0,    0,    0,    0,    0,    0,    0,    0,    0,    0,    0,    0,    0,    0,    0,    0,    0,    0,    0,    0,    0,    0,    0,    0,
       0,    0,   -5,    0,    0,    0,    0,    0,    0,    0,    0,    0,    0,    0,  -13,    0,    0,    0,    0,    0,    0,    0,    0,    0,    0,    0,    0,    0,    0,    0,    0,  -23,    0,  -17,  -17,    0,  -30,    0,    0,    0,    0,    0,    0,    0,    0,    0,    0,    0,    0,   -6,    0,    0,    0,    0,    0,    0,    0,    0,    0,    0,    0,    0,    0,    0,    0,    0,    0,    0,    0,    0,    0,    0,    0,    0,    0,    0,    0,    0,    0,    0,    0,    0,    0,    0,    0,    0,
       0,    0,   -6,    0,    0,    0,   -4,    0,    0,    0,    0,    0,    0,    0,  -11,    0,    0,    0,    0,    0,    0,    0,    0,    0,    0,    0,    0,  -11,    0,    0,    0,  -26,    0,  -19,  -17,   -9,  -35,    0,    0,    0,    3,    0,    0,    0,    0,    0,    0,    0,    0,   -6,   -5,   -7,   -6,    0,    0,    0,    0,  -11,    0,    0,    0,    0,    0,    0,    0,    0,    0,    0,    0,    0,    0,    0,    0,    0,    0,    0,    0,    0,    0,    0,    0,    0,    0,    0,    0,    0,
       0,    0,    0,    0,    0,    0,    0,    0,   -8,  -19,   -8,  -19,   -6,    0,    0,    0,    0,  -21,    0,    0,    0,    0,    0,    0,    0,    0,    0,  -11,    0,    0,  -21,    0,    0,    0,    0,    0,    2,    0,    0,   -5,   -6,   -8,  -14,    2,    1,    0,   -7,  -13,    0,    0,    6,    0,    0,   -8,  -13,    0,   -8,    0,    0,    0,    2,    0,    0,    0,    0,    0,    0,    0,    0,    0,    0,    0,    0,    0,    0,    0,    0,    0,    0,    0,    0,    0,    0,    0,    0,  -19,
       0,    0,    0,    0,    0,    0,    0,    0,    0,    0,    0,    0,    0,    0,    0,    0,    0,    0,    0,    0,    0,    0,    0,    0,    0,    0,    0,    0,    0,    0,    0,  -17,    0,    0,    0,    0,    0,    0,    0,    0,    0,    0,    0,    0,    2,    0,    0,    0,    0,    0,    0,    0,    0,    0,    0,    0,    0,    0,    0,    0,    0,    0,    0,    0,    0,    0,    0,    0,    0,    0,    0,    0,    0,    0,    0,    0,    0,    0,    0,    0,    0,    0,    0,    0,    0,    0,
       0,    0,    0,    0,    0,    0,    0,    0,  -18,    0,  -18,    0,    0,    0,    0,    0,    0,  -15,    0,    0,    0,    0,    0,  -28,    0,    0,    0,    0,    0,    0,    0,  -19,    0,    0,    0,    0,    0,    0,    0,    0,    0,   -7,    0,    0,    0,    0,    0,    0,    0,    2,    0,    0,    0,  -18,  -17,    0,  -18,    0,    0,    0,    0,    0,    0,    0,    0,    0,    0,    0,    0,    0,    0,    0,    0,    0,    0,    0,    0,    0,    0,    0,    0,    0,    0,    0,    0,    0,
       0,    0,    0,    0,    0,    0,    0,    0,  -13,  -21,  -13,  -21,  -11,    0,    0,    0,    0,    0,    0,    0,    0,    0,    0,  -13,    0,    0,    0,  -13,    5,    0,  -19,  -19,    0,    0,    0,    0,    0,  -11,    0,    0,   -3,   -7,    6,    2,    5,    3,    0,    6,    0,    5,    3,    5,    0,  -13,    0,    0,  -13,    0,    0,    0,    2,    0,    0,    0,    0,    0,    0,    0,    0,    0,    0,    0,    0,    0,    0,    0,    0,    0,    0,    0,    0,    0,    0,    0,    0,  -21,
       0,    0,   -2,    0,    0,    0,    0,    0,    0,    0,    0,    0,    0,    0,    0,    0,    0,    0,    0,    0,    0,    0,    0,    0,    0,    0,    0,    0,    0,    0,    0,  -25,    0,  -15,  -11,    0,  -25,    0,    0,    0,    0,    0,    0,    0,    0,    0,    0,    0,    0,    0,    0,    0,    0,    0,    0,    0,    0,    0,    0,    0,    0,    0,    0,    0,    0,    0,    0,    0,    0,    0,    0,    0,    0,    0,    0,    0,    0,    0,    0,    0,    0,    0,    0,    0,    0,    0,
       0,    0,    0,    0,    0,    0,    0,    0,   -6,    0,   -6,    0,    0,    0,    0,    0,    0,   -3,    0,    0,    0,    0,    0,   -9,    0,    0,    0,    0,    1,    0,    0,  -11,    0,   -2,   -2,    0,   -3,    0,    0,    0,    2,   -3,  -10,    0,    3,    0,   -3,   -2,    0,    7,    6,    0,    0,   -6,    0,    0,   -6,    0,    0,    0,    0,    0,    0,    0,    0,    0,    0,    0,    0,    0,    0,    0,    0,    0,    0,    0,    0,    0,    0,    0,    0,    0,    0,    0,    0,    0,
       0,    0,    0,    0,    0,    0,    0,    0,  -13,    0,  -13,    0,  -11,    0,    0,    0,    0,    0,    0,    0,    0,    0,    0,  -13,    0,    0,    0,    0,    0,    0,    0,  -17,    0,    0,    0,    0,  -19,    0,    0,  -11,    0,    0,    0,    0,    0,    0,    0,    0,    0,    0,    0,    0,    0,  -13,    0,    0,  -13,    0,    0,    0,    0,    0,    0,    0,    0,    0,    0,    0,    0,    0,    0,    0,    0,    0,    0,    0,    0,    0,    0,    0,    0,    0,    0,    0,    0,    0,
       0,    0,    0,    0,    0,    0,    0,    0,  -13,  -14,  -13,  -14,  -19,    0,    0,    0,    0,    0,    0,    0,    0,    0,    0,  -11,  -13,    0,    0,  -23,    1,    0,  -21,  -11,    0,    0,    0,    0,  -11,    0,    0,  -26,   -3,   -6,    5,    0,    0,    0,    0,    6,    0,    0,    0,    0,    0,  -13,  -13,    0,  -13,    0,    0,    0,    0,    0,    0,    0,    0,    0,    0,    0,    0,    0,    0,    0,    0,    0,    0,    0,    0,    0,    0,    0,    0,    0,    0,    0,    0,  -38,
       0,    0,    0,    0,    0,  -11,    0,    0,    0,  -25,    0,  -25,    0,    0,    0,    0,    0,    0,    0,    0,    0,    0,    0,    0,    0,    0,    0,  -23,    0,    0,  -19,  -17,    0,    0,    0,    0,    0,  -11,    0,    0,   -1,   -5,    0,    0,    0,    0,    0,    0,    0,    0,    0,    0,    0,    0,  -11,    0,    0,    0,    0,    0,    0,    0,    0,    0,    0,    0,    0,    0,    0,    0,    0,    0,    0,    0,    0,    0,    0,    0,    0,    0,    0,    0,    0,    0,    0,  -25,
       0,    0,    0,    0,    0,    0,    0,    0,   -7,    0,   -7,    0,    0,    0,    0,    0,    0,    0,    0,    0,    0,    0,    0,    0,  -11,    0,    0,    0,    0,    0,    0,  -14,    0,    0,    0,    0,    0,    0,    0,    0,    0,   -7,    5,    0,    0,    0,    0,    5,    0,    0,    0,    0,    0,   -7,  -11,    0,   -7,    0,    0,    0,    0,    0,    0,    0,    0,    0,    0,    0,    0,    0,    0,    0,    0,    0,    0,    0,    0,    0,    0,    0,    0,    0,    0,    0,    0,    0,
       0,    0,    0,    0,    0,    0,    0,    0,    0,    0,    0,    0,    0,    0,    0,    0,    0,    0,    0,    0,    0,    0,    0,    0,    0,    0,    0,    0,    0,    0,    0,  -11,    0,    0,    0,    0,    0,    0,    0,    0,    0,   -6,    0,    0,    0,    0,    0,    0,    0,    0,    0,    0,    0,    0,    0,    0,    0,    0,    0,    0,    0,    0,    0,    0,    0,    0,    0,    0,    0,    0,    0,    0,    0,    0,    0,    0,    0,    0,    0,    0,    0,    0,    0,    0,    0,    0,
       0,    0,    0,    0,    0,    0,    0,    0,    0,    0,    0,    0,    0,    0,    0,   -8,   -2,    0,    0,   -9,    0,    0,    0,    0,    0,    0,    0,  -11,    0,    0,  -15,  -25,    0,  -16,  -11,  -25,  -23,    0,    0,    0,    0,    0,    0,    0,    0,    0,    0,    0,    0,    0,    0,   -7,    0,    0,    0,    0,    0,    0,    0,    0,    0,    0,    0,    0,    0,    0,    0,    0,    0,    0,    0,    0,    0,    0,    0,    0,    0,    0,    0,    0,    0,    0,    0,    0,    0,    0,
       0,    0,    0,    0,    0,    0,    0,    0,    0,    0,    0,    0,    0,    0,    0,    0,    0,    0,    0,    0,    0,    0,    0,    0,    0,    0,    0,    0,    0,    0,    0,  -23,    0,  -11,    0,    0,  -23,    0,    0,    0,    0,    0,    0,    0,    0,    0,    0,    0,    0,    0,    0,    0,    0,    0,    0,    0,    0,    0,    0,    0,    0,    0,    0,    0,    0,    0,    0,    0,    0,    0,    0,    0,    0,    0,    0,    0,    0,    0,    0,    0,    0,    0,    0,    0,    0,    0,
       0,    0,    0,    0,    0,    0,    0,    0,    0,    0,    0,    0,    0,    0,    0,    0,    0,    0,    0,    0,    0,    0,    0,    0,    0,    0,    0,  -11,    0,    0,    0,  -17,    0,    0,    0,    0,  -21,    0,    0,    0,    0,    0,    0,    0,    0,    0,    0,    0,    0,    0,    0,    0,    0,    0,    0,    0,    0,    0,    0,    0,    0,    0,    0,    0,    0,    0,    0,    0,    0,    0,    0,    0,    0,    0,    0,    0,    0,    0,    0,    0,    0,    0,    0,    0,    0,    0,
       0,    0,    0,    0,    0,    0,    0,    0,    0,    0,    0,    0,    0,    0,    0,   -8,   -2,    0,    0,   -9,    0,    0,    0,    0,    0,    0,    0,  -11,    0,    0,  -15,  -52,    0,  -29,  -11,  -28,  -40,    0,    0,    0,    0,    0,    0,    0,    0,    0,    0,    0,    0,    0,    0,   -7,    0,    0,    0,    0,    0,    0,    0,    0,    0,    0,    0,    0,    0,    0,    0,    0,    0,    0,    0,    0,    0,    0,    0,    0,    0,    0,    0,    0,    0,    0,    0,    0,    0,    0,
       0,    0,    0,    0,    0,  -13,    0,    0,    0,    0,    0,    0,    0,    0,    0,    0,    0,    0,    0,    0,    0,    0,    0,    0,    0,    0,    0,  -25,    0,    0,  -25,    0,    0,    0,    0,    0,    0,    0,    0,    0,    0,  -11,    0,    0,    0,    0,    0,    0,    0,    0,    0,    0,    0,    0,    0,    0,    0,    0,    0,    0,    0,    0,    0,    0,    0,    0,    0,    0,    0,    0,    0,    0,    0,    0,    0,    0,    0,    0,    0,    0,    0,    0,    0,    0,    0,    0,
       0,    0,    0,    0,    0,    0,    0,    0,    0,    0,    0,    0,    0,    0,  -13,  -17,  -15,    0,    0,  -17,  -11,    0,    0,    0,    0,    0,    0,  -11,    0,    0,    0,  -43,    0,  -21,  -19,  -13,  -30,  -11,    0,    0,    0,    0,    0,    0,    0,    0,    0,    0,    0,  -11,  -11,  -11,    0,    0,    0,    0,    0,    0,    0,    0,    0,    0,    0,    0,    0,    0,    0,    0,    0,    0,    0,    0,    0,    0,    0,    0,    0,    0,    0,    0,    0,    0,    0,    0,    0,    0,
       0,    0,    0,    0,    0,    0,    0,    0,    0,    0,    0,    0,    0,    0,    0,    0,    0,    0,    0,    0,    0,    0,    0,    0,    0,    0,    0,    0,    0,    0,    0,  -23,    0,  -35,  -30,    0,    0,    0,    0,    0,    0,    0,    0,    0,    0,    0,    0,    0,    0,    0,    0,    0,    0,    0,    0,    0,    0,    0,    0,    0,    0,    0,    0,    0,    0,    0,    0,    0,    0,    0,    0,    0,    0,    0,    0,    0,    0,    0,    0,    0,    0,    0,    0,    0,    0,    0,
       0,    0,   -5,    0,    0,    0,    0,    0,    0,    0,    0,    0,    0,    0,  -13,    0,    0,    0,    0,    0,    0,    0,    0,    0,    0,    0,    0,    0,    0,    0,    0,  -40,    0,  -17,  -17,    0,  -30,    0,    0,    0,    0,    0,    0,    0,    0,    0,    0,    0,    0,   -6,    0,    0,    0,    0,    0,    0,    0,    0,    0,    0,    0,    0,    0,    0,    0,    0,    0,    0,    0,    0,    0,    0,    0,    0,    0,    0,    0,    0,    0,    0,    0,    0,    0,    0,    0,    0,
       0,    0,    0,    0,    0,    0,    0,    0,    0,    0,    0,    0,    0,    0,    0,    0,    0,    0,    0,    0,    0,    0,    0,    0,    0,    0,    0,    0,    0,    0,    0,    0,    0,    0,    0,    0,    0,    0,    0,    0,    0,    0,    0,    0,    0,    0,    0,    0,    0,    0,    0,    0,    0,    0,    0,    0,    0,    0,    0,    0,    0,    0,    0,    0,    0,    0,    0,    0,    0,    0,   -7,    0,   -4,   -1,    0,    0,    0,    0,    0,   -7,    0,   -3,    0,   -7,    0,    0,
       0,    0,    0,    0,    0,    0,    0,    0,    0,    0,    0,    0,    0,    0,    0,    0,    0,    0,    0,    0,    0,    0,    0,    0,    0,    0,    0,    0,    0,    0,    0,    0,    0,    0,    0,    0,    0,    0,    0,    0,    0,    0,    0,    0,    0,    0,    0,    0,    0,    0,    0,    0,    0,    0,    0,    0,    0,    0,    0,    0,    0,    0,    0,    0,    0,   -2,    0,    0,    0,    0,    0,   -2,    0,    0,    0,    0,   -8,    0,    0,   -8,    0,    0,   -3,    0,    0,    0,
       0,    0,    0,    0,    0,    0,    0,    0,    0,    0,    0,    0,    0,    0,    0,    0,    0,    0,    0,    0,    0,    0,    0,    0,    0,    0,    0,    0,    0,    0,    0,    0,    0,    0,    0,    0,    0,    0,    0,    0,    0,    0,    0,    0,    0,    0,    0,    0,    0,    0,    0,    0,    0,    0,    0,    0,    0,    0,    0,    0,    0,    0,    0,    3,    0,    0,    0,    0,    0,   -2,   -8,    0,   -2,   -4,    0,   -5,    0,    0,    0,   -3,    0,    0,    0,    0,    0,    0,
       0,    0,    0,    0,    0,    0,    0,    0,    0,    0,    0,    0,    0,    0,    0,    0,    0,    0,    0,    0,    0,    0,    0,    0,    0,    0,    0,    0,    0,    0,    0,    0,    0,    0,    0,    0,    0,    0,    0,    0,    0,    0,    0,    0,    0,    0,    0,    0,    0,    0,    0,    0,    0,    0,    0,    0,    0,    0,    0,    0,    0,    0,    0,  -13,    0,    0,   -7,    0,    0,   -2,    0,  -17,  -11,    0,   -3,   -2,   -8,    0,  -17,  -11,    0,    0,  -11,    0,    0,    0,
       0,    0,    0,    0,    0,    0,    0,    0,    0,    0,    0,    0,    0,    0,    0,    0,    0,    0,    0,    0,    0,    0,    0,    0,    0,    0,    0,    0,    0,    0,    0,    0,    0,    0,    0,    0,    0,    0,    0,    0,    0,    0,    0,    0,    0,    0,    0,    0,    0,    0,    0,    0,    0,    0,    0,    0,    0,    0,    0,    0,    0,    0,    0,   -4,    0,    0,    0,    0,    0,   -4,    0,    0,    0,    0,   -3,    0,   -5,    0,    0,   -7,    0,    0,   -7,    0,    0,    0,
       0,    0,    0,    0,    0,    0,    0,    0,    0,    0,    0,    0,    0,    0,    0,    0,    0,    0,    0,    0,    0,    0,    0,    0,    0,    0,    0,    0,    0,    0,    0,    0,    0,    0,    0,    0,    0,    0,    0,    0,    0,    0,    0,    0,    0,    0,    0,    0,    0,    0,    0,    0,    0,    0,    0,    0,    0,    0,    0,    0,    0,    0,    0,   -2,    0,    0,    0,    0,    0,    0,    0,    0,    0,    0,    0,    0,    0,    0,    0,    0,    0,    0,    0,    0,    0,    0,
       0,    0,    0,    0,    0,    0,    0,    0,    0,    0,    0,    0,    0,    0,    0,    0,    0,    0,    0,    0,    0,    0,    0,    0,    0,    0,    0,    0,    0,    0,    0,    0,    0,    0,    0,    0,    0,    0,    0,    0,    0,    0,    0,    0,    0,    0,    0,    0,    0,    0,    0,    0,    0,    0,    0,    0,    0,    0,    0,    0,    0,    0,    0,    0,    0,   -2,    0,    0,    0,   -7,    0,  -12,   -1,    0,    0,    0,    0,    0,   -7,   -5,   -2,   -2,   -2,    0,    0,    0,
       0,    0,    0,    0,    0,    0,    0,    0,    0,    0,    0,    0,    0,    0,    0,    0,    0,    0,    0,    0,    0,    0,    0,    0,    0,    0,    0,    0,    0,    0,    0,    0,    0,    0,    0,    0,    0,    0,    0,    0,    0,    0,    0,    0,    0,    0,    0,    0,    0,    0,    0,    0,    0,    0,    0,    0,    0,    0,    0,    0,    0,    0,    0,  -20,    0,    0,   -7,    0,   -5,   -5,    0,    0,   -5,    0,  -10,   -5,   -5,    0,    0,   -7,    0,    0,   -7,    0,   -7,    0,
       0,    0,    0,    0,    0,    0,    0,    0,    0,    0,    0,    0,    0,    0,    0,    0,    0,    0,    0,    0,    0,    0,    0,    0,    0,    0,    0,    0,    0,    0,    0,    0,    0,    0,    0,    0,    0,    0,    0,    0,    0,    0,    0,    0,    0,    0,    0,    0,    0,    0,    0,    0,    0,    0,    0,    0,    0,    0,    0,    0,    0,    0,    0,    0,    0,    0,    0,    0,    0,   -2,    0,    0,   -2,    0,    0,   -4,   -4,    0,   -7,   -7,    0,    0,    0,    0,    0,    0,
       0,    0,    0,    0,    0,    0,    0,    0,    0,    0,    0,    0,    0,    0,    0,    0,    0,    0,    0,    0,    0,    0,    0,    0,    0,    0,    0,    0,    0,    0,    0,    0,    0,    0,    0,    0,    0,    0,    0,    0,    0,    0,    0,    0,    0,    0,    0,    0,    0,    0,    0,    0,    0,    0,    0,    0,    0,    0,    0,    0,    0,    0,    0,  -13,   -2,    0,    0,    0,    0,   -2,    0,  -10,   -7,    0,    0,    0,   -2,    0,  -15,   -4,    0,    0,    0,    3,   -1,    0,
       0,    0,    0,    0,    0,    0,    0,    0,    0,    0,    0,    0,    0,    0,    0,    0,    0,    0,    0,    0,    0,    0,    0,    0,    0,    0,    0,    0,    0,    0,    0,    0,    0,    0,    0,    0,    0,    0,    0,    0,    0,    0,    0,    0,    0,    0,    0,    0,    0,    0,    0,    0,    0,    0,    0,    0,    0,    0,    0,    0,    0,    0,    0,    0,    0,    0,    0,    0,    0,    0,    0,    0,   -7,    0,   -2,   -7,   -8,    0,    0,   -9,    0,    0,    0,    0,    0,    0,
       0,    0,    0,    0,    0,    0,    0,    0,    0,    0,    0,    0,    0,    0,    0,    0,    0,    0,    0,    0,    0,    0,    0,    0,    0,    0,    0,    0,    0,    0,    0,    0,    0,    0,    0,    0,    0,    0,    0,    0,    0,    0,    0,    0,    0,    0,    0,    0,    0,    0,    0,    0,    0,    0,    0,    0,    0,    0,    0,    0,    0,    0,    0,    0,    0,    0,    0,    0,    0,   -4,   -6,    0,   -3,    0,    0,    0,    0,    0,    0,    0,    0,    0,    0,    0,    0,    0,
       0,    0,    0,    0,    0,    0,    0,    0,    0,    0,    0,    0,    0,    0,    0,    0,    0,    0,    0,    0,    0,    0,    0,    0,    0,    0,    0,    0,    0,    0,    0,    0,    0,    0,    0,    0,    0,    0,    0,    0,    0,    0,    0,    0,    0,    0,    0,    0,    0,    0,    0,    0,    0,    0,    0,    0,    0,    0,    0,    0,    0,    0,    0,    0,    0,    0,    0,    0,    0,   -2,    0,  -10,    0,   -2,    0,    0,   -2,    0,   -4,   -2,    0,    0,   -7,    0,    0,    0,
       0,    0,    0,    0,    0,    0,    0,    0,    0,    0,    0,    0,    0,    0,    0,    0,    0,    0,    0,    0,    0,    0,    0,    0,    0,    0,    0,    0,    0,    0,    0,    0,    0,    0,    0,    0,    0,    0,    0,    0,    0,    0,    0,    0,    0,    0,    0,    0,    0,    0,    0,    0,    0,    0,    0,    0,    0,    0,    0,    0,    0,    0,    0,    0,    0,    0,    0,    0,    0,   -5,    0,    0,    0,    0,    0,    0,   -3,    0,    0,    0,    0,    0,    0,    0,    0,    0,
       0,    0,    0,    0,    0,    0,    0,    0,    0,    0,    0,    0,    0,    0,    0,    0,    0,    0,    0,    0,    0,    0,    0,    0,    0,    0,    0,    0,    0,    0,    0,    0,    0,    0,    0,    0,    0,    0,    0,    0,    0,    0,    0,    0,    0,    0,    0,    0,    0,    0,    0,    0,    0,    0,    0,    0,    0,    0,    0,    0,    0,    0,    0,    0,    0,    0,    0,    0,    0,    0,    0,   -5,   -7,   -5,    0,    0,   -5,    0,  -12,   -2,    0,    0,    0,   -5,    0,    0,
       0,    0,    0,    0,    0,    0,    0,    0,    0,    0,    0,    0,    0,    0,    0,    0,    0,    0,    0,    0,    0,    0,    0,    0,    0,    0,    0,    0,    0,    0,    0,    0,    0,    0,    0,    0,    0,    0,    0,    0,    0,    0,    0,    0,    0,    0,    0,    0,    0,    0,    0,    0,    0,    0,    0,    0,    0,    0,    0,    0,    0,    0,   -2,   -3,    0,   -2,    0,    0,    0,    0,   -7,    0,    0,    0,   -3,    0,   -8,    0,    0,   -7,    0,    0,    0,    0,    0,    0,
       0,    0,    0,    0,    0,    0,    0,    0,    0,    0,    0,    0,    0,    0,    0,    0,    0,    0,    0,    0,    0,    0,    0,    0,    0,    0,    0,    0,    0,    0,    0,    0,    0,    0,    0,    0,    0,    0,    0,    0,    0,    0,    0,    0,    0,    0,    0,    0,    0,    0,    0,    0,    0,    0,    0,    0,    0,    0,    0,    0,    0,    0,    0,  -13,    0,    0,    0,    0,    0,   -7,    0,  -10,   -2,    0,    0,   -5,   -7,    0,  -10,   -7,    0,    0,   -7,    0,   -8,    0,
       0,    0,    0,    0,    0,    0,    0,    0,    0,    0,    0,    0,    0,    0,    0,    0,    0,    0,    0,    0,    0,    0,    0,    0,    0,    0,    0,    0,    0,    0,    0,    0,    0,    0,    0,    0,    0,    0,    0,    0,    0,    0,    0,    0,    0,    0,    0,    0,    0,    0,    0,    0,    0,    0,    0,    0,    0,    0,    0,    0,    0,    0,    0,   -9,    0,    0,    0,    0,    0,   -2,    0,    0,   -9,    0,   -5,    0,   -7,    0,    0,   -5,    0,    0,   -5,    0,    0,    0,
       0,    0,    0,    0,    0,    0,    0,    0,    0,    0,    0,    0,    0,    0,    0,    0,    0,    0,    0,    0,    0,    0,    0,    0,    0,    0,    0,    0,    0,    0,    0,    0,    0,    0,    0,    0,    0,    0,    0,    0,    0,    0,    0,    0,    0,    0,    0,    0,    0,    0,    0,    0,    0,    0,    0,    0,    0,    0,    0,    0,    0,    0,    0,    0,    0,  -16,    0,  -17,    0,    0,   -6,    0,   -2,   -2,    0,  -12,  -13,  -13,    0,   -3,    0,    0,    0,   -7,    0,    0,
};

static const EpdFontData ui_10_semibold = {
    ui_10_semiboldBitmaps,
    ui_10_semiboldGlyphs,
    ui_10_semiboldIntervals,
    67,
    25,
    21,
    -6,
    false,
    nullptr,
    0,
    nullptr,
    ui_10_semiboldKernLeftClasses,
    ui_10_semiboldKernRightClasses,
    ui_10_semiboldKernMatrix,
    119,
    129,
    79,
    86,
    nullptr,
    0,
};
