/**
 * generated by fontconvert.py
 * name: ui_14_semibold
 * size: 14
 * mode: 1-bit
 * Command used: /Users/vans/InkPoint X/InkPointX-dev/lib/EpdFont/scripts/fontconvert.py ui_14_semibold 14 /var/folders/41/dmt5d0mj489fv_f_gdgb3lym0000gn/T/tmp7sqkegpp/Inter-semibold-14.ttf /Users/vans/InkPoint X/InkPointX-dev/lib/EpdFont/builtinFonts/source/NotoSansHebrew/NotoSansHebrew-Bold.ttf /Users/vans/InkPoint X/InkPointX-dev/lib/EpdFont/scripts/downloaded_fonts/Inter/NotoNaskhArabic[wght].ttf --codepoints-file /Users/vans/InkPoint X/InkPointX-dev/build/ui-fonts/ui-codepoints.txt --force-autohint --pnum --mono-threshold 6
 */
#pragma once
#include "EpdFontData.h"

static const uint8_t ui_14_semiboldBitmaps[30872] = {
    0xF7, 0xBD, 0xEF, 0x7B, 0xDE, 0xF7, 0xBD, 0xEF, 0x78, 0x00, 0x03, 0xBF, 0xF7, 0x00, 0xF7, 0xFB,
    0xFD, 0xFE, 0xFF, 0x7F, 0xBF, 0xDF, 0xEF, 0xF7, 0x80, 0x03, 0x87, 0x00, 0x70, 0xE0, 0x1E, 0x1C,
    0x03, 0x83, 0x80, 0x70, 0x70, 0x7F, 0xFF, 0x8F, 0xFF, 0xF1, 0xFF, 0xFE, 0x0F, 0x0E, 0x01, 0xC1,
    0xC0, 0x38, 0x38, 0x07, 0x0F, 0x00, 0xE1, 0xC0, 0xFF, 0xFF, 0x3F, 0xFF, 0xE7, 0xFF, 0xFC, 0x1C,
    0x1C, 0x03, 0x87, 0x80, 0x70, 0xE0, 0x0E, 0x1C, 0x03, 0xC3, 0x80, 0x00, 0xC0, 0x00, 0x60, 0x00,
    0x30, 0x00, 0x18, 0x00, 0x7F, 0x00, 0xFF, 0xE0, 0xFF, 0xF8, 0x7D, 0xBE, 0x78, 0xCF, 0x3C, 0x63,
    0x9E, 0x30, 0x0F, 0x98, 0x03, 0xFC, 0x01, 0xFF, 0x80, 0x3F, 0xF0, 0x07, 0xFE, 0x00, 0xFF, 0x00,
    0x67, 0xC0, 0x31, 0xFE, 0x18, 0xF7, 0x8C, 0xFB, 0xE6, 0xF8, 0xFF, 0xFC, 0x3F, 0xFC, 0x07, 0xF8,
    0x00, 0x60, 0x00, 0x30, 0x00, 0x18, 0x00, 0x3E, 0x00, 0x70, 0x7F, 0x00, 0xF0, 0xF7, 0x80, 0xE0,
    0xE3, 0x81, 0xC0, 0xE3, 0x83, 0x80, 0xE3, 0x87, 0x80, 0xE3, 0x87, 0x00, 0x7F, 0x0E, 0x00, 0x3E,
    0x1E, 0x00, 0x00, 0x1C, 0x00, 0x00, 0x38, 0x00, 0x00, 0x78, 0xFC, 0x00, 0x71, 0xFE, 0x00, 0xE3,
    0xFF, 0x01, 0xC3, 0x87, 0x01, 0xC3, 0x87, 0x03, 0x83, 0x87, 0x07, 0x03, 0x87, 0x07, 0x03, 0xCF,
    0x0E, 0x01, 0xFE, 0x1C, 0x00, 0xFC, 0x0F, 0xC0, 0x03, 0xFE, 0x00, 0xFF, 0xE0, 0x3E, 0x7C, 0x07,
    0x87, 0x80, 0xF0, 0xF0, 0x1F, 0x3E, 0x01, 0xEF, 0x80, 0x3F, 0xE0, 0x03, 0xF8, 0x00, 0x7E, 0x00,
    0x1F, 0xE3, 0xC7, 0xFE, 0x79, 0xF3, 0xDF, 0x3C, 0x7F, 0xC7, 0x87, 0xF8, 0xF0, 0x7E, 0x1F, 0x0F,
    0xC1, 0xFF, 0xFC, 0x1F, 0xFF, 0xC0, 0xFC, 0x7C, 0xFF, 0xFF, 0xFF, 0xFF, 0xF0, 0x1E, 0x1E, 0x3C,
    0x3C, 0x78, 0x78, 0x78, 0x78, 0xF0, 0xF0, 0xF0, 0xF0, 0xF0, 0xF0, 0xF0, 0xF0, 0xF0, 0xF0, 0xF8,
    0x78, 0x78, 0x78, 0x3C, 0x3C, 0x1E, 0x1E, 0x78, 0x78, 0x3C, 0x3C, 0x3C, 0x1E, 0x1E, 0x1E, 0x1E,
    0x0F, 0x0F, 0x0F, 0x0F, 0x0F, 0x0F, 0x0F, 0x0F, 0x1F, 0x1E, 0x1E, 0x1E, 0x3C, 0x3C, 0x3C, 0x78,
    0x70, 0x06, 0x00, 0x60, 0x66, 0x67, 0x6F, 0x7F, 0xE1, 0xF8, 0x1F, 0x87, 0xFE, 0x76, 0xF6, 0x66,
    0x06, 0x00, 0x60, 0x03, 0xC0, 0x07, 0x80, 0x0F, 0x00, 0x1E, 0x00, 0x3C, 0x00, 0x78, 0x3F, 0xFF,
    0xFF, 0xFF, 0xFF, 0xFE, 0x07, 0x80, 0x0F, 0x00, 0x1E, 0x00, 0x3C, 0x00, 0x78, 0x00, 0x3C, 0xF3,
    0x9E, 0x79, 0xC7, 0x1C, 0x70, 0xFF, 0xFF, 0xFF, 0xFC, 0x77, 0xFF, 0xF7, 0x00, 0x01, 0xE0, 0x38,
    0x07, 0x01, 0xE0, 0x38, 0x07, 0x01, 0xE0, 0x3C, 0x07, 0x00, 0xE0, 0x3C, 0x07, 0x80, 0xE0, 0x1C,
    0x07, 0x80, 0xE0, 0x1C, 0x07, 0x80, 0xF0, 0x1C, 0x03, 0x80, 0xF0, 0x1E, 0x03, 0x80, 0xF0, 0x00,
    0x07, 0xE0, 0x1F, 0xF8, 0x3F, 0xFC, 0x3C, 0x3C, 0x78, 0x1E, 0x78, 0x1E, 0xF0, 0x0F, 0xF0, 0x0F,
    0xF0, 0x0F, 0xF0, 0x0F, 0xF0, 0x0F, 0xF0, 0x0F, 0xF0, 0x0F, 0xF0, 0x0F, 0xF0, 0x0F, 0x78, 0x1E,
    0x78, 0x1E, 0x7C, 0x3E, 0x3F, 0xFC, 0x1F, 0xF8, 0x07, 0xE0, 0x0F, 0x9F, 0xDF, 0xFF, 0xFE, 0x7E,
    0x3E, 0x1E, 0x0F, 0x07, 0x83, 0xC1, 0xE0, 0xF0, 0x78, 0x3C, 0x1E, 0x0F, 0x07, 0x83, 0xC1, 0xE0,
    0xF0, 0x78, 0x0F, 0xC0, 0x7F, 0xE1, 0xFF, 0xE3, 0xC3, 0xEF, 0x03, 0xDE, 0x07, 0xBC, 0x0F, 0x00,
    0x1E, 0x00, 0x7C, 0x00, 0xF0, 0x03, 0xC0, 0x0F, 0x80, 0x3E, 0x00, 0xF8, 0x03, 0xE0, 0x0F, 0x80,
    0x3E, 0x00, 0xF8, 0x03, 0xFF, 0xFF, 0xFF, 0xFF, 0xFF, 0xE0, 0x0F, 0xE0, 0x3F, 0xF8, 0x7F, 0xFC,
    0x7C, 0x3E, 0xF0, 0x1E, 0x70, 0x1E, 0x00, 0x1E, 0x00, 0x7C, 0x07, 0xF8, 0x07, 0xF0, 0x07, 0xFC,
    0x00, 0x3E, 0x00, 0x1E, 0x00, 0x0F, 0x00, 0x0F, 0xF0, 0x0F, 0xF0, 0x1F, 0x7C, 0x3E, 0x7F, 0xFC,
    0x3F, 0xF8, 0x0F, 0xE0, 0x00, 0xFC, 0x00, 0x7E, 0x00, 0x7F, 0x00, 0x3F, 0x80, 0x3F, 0xC0, 0x3D,
    0xE0, 0x1C, 0xF0, 0x1E, 0x78, 0x1E, 0x3C, 0x0F, 0x1E, 0x0F, 0x0F, 0x07, 0x07, 0x87, 0x83, 0xC7,
    0x81, 0xE3, 0xFF, 0xFF, 0xFF, 0xFF, 0xFF, 0xFF, 0x80, 0x1E, 0x00, 0x0F, 0x00, 0x07, 0x80, 0x03,
    0xC0, 0x7F, 0xFC, 0xFF, 0xF9, 0xFF, 0xF3, 0xC0, 0x07, 0x80, 0x0F, 0x00, 0x1C, 0x00, 0x39, 0xF0,
    0xFF, 0xF9, 0xFF, 0xFB, 0xE1, 0xF0, 0x01, 0xF0, 0x01, 0xE0, 0x03, 0xC0, 0x07, 0xF8, 0x0F, 0xF0,
    0x3F, 0xF8, 0xF9, 0xFF, 0xE1, 0xFF, 0x80, 0xFE, 0x00, 0x07, 0xF0, 0x0F, 0xF8, 0x3F, 0xFC, 0x3E,
    0x3E, 0x78, 0x1E, 0x78, 0x0E, 0xF0, 0x00, 0xF3, 0xF0, 0xF7, 0xFC, 0xFF, 0xFC, 0xFC, 0x3E, 0xF8,
    0x1F, 0xF8, 0x0F, 0xF0, 0x0F, 0xF0, 0x0F, 0xF8, 0x0F, 0x78, 0x1E, 0x7C, 0x3E, 0x3F, 0xFC, 0x1F,
    0xF8, 0x07, 0xE0, 0xFF, 0xFF, 0xFF, 0xFF, 0xFF, 0xC0, 0x0F, 0x00, 0x78, 0x01, 0xE0, 0x0F, 0x00,
    0x3C, 0x01, 0xE0, 0x07, 0x80, 0x3C, 0x00, 0xF0, 0x07, 0xC0, 0x1E, 0x00, 0xF8, 0x03, 0xC0, 0x1F,
    0x00, 0x78, 0x03, 0xE0, 0x0F, 0x00, 0x3C, 0x00, 0x07, 0xE0, 0x1F, 0xF8, 0x3F, 0xFC, 0x7C, 0x3E,
    0x78, 0x1E, 0x78, 0x1E, 0x78, 0x1E, 0x3C, 0x3C, 0x1F, 0xF8, 0x0F, 0xF0, 0x3F, 0xFC, 0x7C, 0x3E,
    0xF8, 0x1E, 0xF0, 0x0F, 0xF0, 0x0F, 0xF0, 0x0F, 0xF8, 0x1F, 0x7C, 0x3E, 0x7F, 0xFC, 0x3F, 0xF8,
    0x0F, 0xE0, 0x0F, 0xE0, 0x1F, 0xF8, 0x3F, 0xFC, 0x7C, 0x7C, 0xF8, 0x1E, 0xF0, 0x1E, 0xF0, 0x0F,
    0xF0, 0x0F, 0xF0, 0x1F, 0xF8, 0x1F, 0x7C, 0x7F, 0x7F, 0xFF, 0x3F, 0xEF, 0x0F, 0x8F, 0x00, 0x0E,
    0xF0, 0x1E, 0xF8, 0x1E, 0x7C, 0x7C, 0x7F, 0xF8, 0x3F, 0xF0, 0x0F, 0xE0, 0x77, 0xFF, 0xF7, 0x00,
    0x00, 0x00, 0x00, 0xEF, 0xFF, 0xEE, 0x39, 0xF7, 0xDF, 0x38, 0x00, 0x00, 0x00, 0x00, 0x00, 0x7D,
    0xE7, 0x9E, 0x73, 0xCF, 0x38, 0xE0, 0x00, 0x00, 0x00, 0x30, 0x03, 0xC0, 0x3F, 0x07, 0xFC, 0x7F,
    0xC7, 0xF8, 0x3F, 0x80, 0xF8, 0x03, 0xF0, 0x07, 0xF0, 0x07, 0xF8, 0x07, 0xF8, 0x07, 0xF0, 0x07,
    0xC0, 0x07, 0x00, 0x04, 0xFF, 0xFF, 0xFF, 0xFF, 0xFF, 0xC0, 0x00, 0x00, 0x00, 0x00, 0x00, 0x00,
    0x3F, 0xFF, 0xFF, 0xFF, 0xFF, 0xF0, 0x00, 0x03, 0x00, 0x0F, 0x00, 0x3F, 0x00, 0xFF, 0x80, 0xFF,
    0x80, 0x7F, 0x80, 0x7F, 0x00, 0x7C, 0x03, 0xF0, 0x3F, 0x87, 0xF8, 0x7F, 0x83, 0xF8, 0x0F, 0x80,
    0x38, 0x00, 0x80, 0x00, 0x1F, 0xC1, 0xFF, 0x1F, 0xFD, 0xF1, 0xFF, 0x07, 0xF8, 0x3C, 0x01, 0xE0,
    0x1F, 0x01, 0xF0, 0x1F, 0x81, 0xF8, 0x0F, 0x00, 0xF0, 0x07, 0x80, 0x3C, 0x00, 0x00, 0x00, 0x00,
    0x38, 0x03, 0xE0, 0x1F, 0x00, 0x70, 0x00, 0x00, 0x7F, 0xC0, 0x00, 0xFF, 0xFC, 0x00, 0x7F, 0xFF,
    0xC0, 0x3F, 0x81, 0xF8, 0x1F, 0x00, 0x1F, 0x0F, 0x80, 0x03, 0xC7, 0xC0, 0x00, 0x79, 0xE0, 0xFB,
    0x8E, 0x78, 0xFF, 0xE3, 0xFC, 0x7F, 0xF8, 0x7F, 0x1E, 0x1E, 0x1F, 0xCF, 0x03, 0x87, 0xF3, 0x80,
    0xE1, 0xFC, 0xE0, 0x38, 0x7F, 0x38, 0x0E, 0x1F, 0xCE, 0x03, 0x87, 0xF3, 0xC1, 0xE3, 0xFC, 0x78,
    0xFC, 0xE7, 0x9F, 0xFF, 0xF9, 0xE3, 0xFD, 0xFC, 0x7C, 0x7E, 0x3E, 0x0F, 0x80, 0x00, 0x01, 0xF0,
    0x00, 0x00, 0x7F, 0x81, 0x80, 0x07, 0xFF, 0xF0, 0x00, 0xFF, 0xFC, 0x00, 0x07, 0xFC, 0x00, 0x00,
    0xF8, 0x00, 0x0F, 0xC0, 0x00, 0x7F, 0x00, 0x03, 0xF8, 0x00, 0x3D, 0xE0, 0x01, 0xEF, 0x00, 0x0F,
    0x78, 0x00, 0xF1, 0xE0, 0x07, 0x8F, 0x00, 0x3C, 0x78, 0x03, 0xC3, 0xE0, 0x1E, 0x0F, 0x00, 0xF0,
    0x78, 0x0F, 0xFF, 0xE0, 0x7F, 0xFF, 0x07, 0xFF, 0xF8, 0x3C, 0x03, 0xE1, 0xE0, 0x0F, 0x1F, 0x00,
    0x7C, 0xF0, 0x01, 0xE7, 0x80, 0x0F, 0x00, 0xFF, 0xF0, 0xFF, 0xF8, 0xFF, 0xFC, 0xF0, 0x3E, 0xF0,
    0x1E, 0xF0, 0x1E, 0xF0, 0x1E, 0xF0, 0x1E, 0xF0, 0x7C, 0xFF, 0xF8, 0xFF, 0xF8, 0xFF, 0xFC, 0xF0,
    0x3E, 0xF0, 0x1F, 0xF0, 0x0F, 0xF0, 0x0F, 0xF0, 0x0F, 0xF0, 0x3E, 0xFF, 0xFE, 0xFF, 0xFC, 0xFF,
    0xF0, 0x03, 0xF8, 0x01, 0xFF, 0xC0, 0x7F, 0xFE, 0x1F, 0x87, 0xC7, 0xC0, 0x7C, 0xF0, 0x07, 0xBE,
    0x00, 0x7F, 0x80, 0x00, 0xF0, 0x00, 0x1E, 0x00, 0x03, 0xC0, 0x00, 0x78, 0x00, 0x0F, 0x00, 0x01,
    0xE0, 0x00, 0x3E, 0x00, 0x7B, 0xC0, 0x1E, 0x7C, 0x07, 0xC7, 0xE1, 0xF0, 0x7F, 0xFC, 0x07, 0xFF,
    0x00, 0x3F, 0x80, 0xFF, 0xF0, 0x3F, 0xFF, 0x0F, 0xFF, 0xE3, 0xC0, 0xFC, 0xF0, 0x0F, 0x3C, 0x01,
    0xEF, 0x00, 0x7B, 0xC0, 0x0F, 0xF0, 0x03, 0xFC, 0x00, 0xFF, 0x00, 0x3F, 0xC0, 0x0F, 0xF0, 0x03,
    0xFC, 0x01, 0xFF, 0x00, 0x7B, 0xC0, 0x1E, 0xF0, 0x0F, 0x3C, 0x0F, 0xCF, 0xFF, 0xE3, 0xFF, 0xF0,
    0xFF, 0xE0, 0x00, 0xFF, 0xFF, 0xFF, 0xFF, 0xFF, 0xFC, 0x00, 0xF0, 0x03, 0xC0, 0x0F, 0x00, 0x3C,
    0x00, 0xF0, 0x03, 0xFF, 0xEF, 0xFF, 0xBF, 0xFE, 0xF0, 0x03, 0xC0, 0x0F, 0x00, 0x3C, 0x00, 0xF0,
    0x03, 0xC0, 0x0F, 0xFF, 0xFF, 0xFF, 0xFF, 0xFC, 0xFF, 0xFF, 0xFF, 0xFF, 0xFF, 0xFC, 0x00, 0xF0,
    0x03, 0xC0, 0x0F, 0x00, 0x3C, 0x00, 0xF0, 0x03, 0xC0, 0x0F, 0xFF, 0xBF, 0xFE, 0xFF, 0xFB, 0xC0,
    0x0F, 0x00, 0x3C, 0x00, 0xF0, 0x03, 0xC0, 0x0F, 0x00, 0x3C, 0x00, 0xF0, 0x00, 0x03, 0xF8, 0x01,
    0xFF, 0xC0, 0x7F, 0xFE, 0x1F, 0x87, 0xC7, 0xC0, 0x7C, 0xF0, 0x07, 0xBE, 0x00, 0x77, 0x80, 0x00,
    0xF0, 0x00, 0x1E, 0x00, 0x03, 0xC0, 0xFF, 0xF8, 0x1F, 0xFF, 0x03, 0xFF, 0xE0, 0x03, 0xFE, 0x00,
    0x7B, 0xC0, 0x1E, 0x7C, 0x03, 0xC7, 0xE1, 0xF0, 0x7F, 0xFE, 0x07, 0xFF, 0x00, 0x3F, 0x80, 0xF0,
    0x03, 0xFC, 0x00, 0xFF, 0x00, 0x3F, 0xC0, 0x0F, 0xF0, 0x03, 0xFC, 0x00, 0xFF, 0x00, 0x3F, 0xC0,
    0x0F, 0xF0, 0x03, 0xFF, 0xFF, 0xFF, 0xFF, 0xFF, 0xFF, 0xFF, 0xF0, 0x03, 0xFC, 0x00, 0xFF, 0x00,
    0x3F, 0xC0, 0x0F, 0xF0, 0x03, 0xFC, 0x00, 0xFF, 0x00, 0x3F, 0xC0, 0x0F, 0xF0, 0x03, 0xC0, 0xFF,
    0xFF, 0xFF, 0xFF, 0xFF, 0xFF, 0xFF, 0xFF, 0xFF, 0xFF, 0xF0, 0x00, 0x3C, 0x00, 0xF0, 0x03, 0xC0,
    0x0F, 0x00, 0x3C, 0x00, 0xF0, 0x03, 0xC0, 0x0F, 0x00, 0x3C, 0x00, 0xF0, 0x03, 0xC0, 0x0F, 0x00,
    0x3F, 0xC0, 0xFF, 0x03, 0xFC, 0x0F, 0xF0, 0x7F, 0xE3, 0xE7, 0xFF, 0x8F, 0xFC, 0x0F, 0xC0, 0xF0,
    0x0F, 0xBC, 0x07, 0xCF, 0x03, 0xE3, 0xC0, 0xF0, 0xF0, 0x7C, 0x3C, 0x3E, 0x0F, 0x1F, 0x03, 0xCF,
    0x80, 0xF7, 0xC0, 0x3F, 0xF0, 0x0F, 0xFC, 0x03, 0xFF, 0x80, 0xFD, 0xF0, 0x3E, 0x3E, 0x0F, 0x07,
    0x83, 0xC1, 0xF0, 0xF0, 0x3E, 0x3C, 0x07, 0x8F, 0x01, 0xF3, 0xC0, 0x3E, 0xF0, 0x07, 0x80, 0xF0,
    0x07, 0x80, 0x3C, 0x01, 0xE0, 0x0F, 0x00, 0x78, 0x03, 0xC0, 0x1E, 0x00, 0xF0, 0x07, 0x80, 0x3C,
    0x01, 0xE0, 0x0F, 0x00, 0x78, 0x03, 0xC0, 0x1E, 0x00, 0xF0, 0x07, 0x80, 0x3F, 0xFF, 0xFF, 0xFF,
    0xFF, 0x80, 0xFC, 0x00, 0x7F, 0xFC, 0x01, 0xFF, 0xF8, 0x03, 0xFF, 0xF0, 0x0F, 0xFF, 0xF0, 0x1F,
    0xFF, 0xE0, 0x3F, 0xFF, 0xC0, 0xF7, 0xFB, 0xC1, 0xEF, 0xF7, 0x83, 0xDF, 0xEF, 0x0F, 0x3F, 0xCF,
    0x1E, 0x7F, 0x9E, 0x3C, 0xFF, 0x1C, 0xF1, 0xFE, 0x3D, 0xE3, 0xFC, 0x7B, 0x87, 0xF8, 0x7F, 0x0F,
    0xF0, 0xFE, 0x1F, 0xE1, 0xF8, 0x3F, 0xC1, 0xF0, 0x7F, 0x83, 0xE0, 0xFF, 0x07, 0x81, 0xE0, 0xF8,
    0x03, 0xFE, 0x00, 0xFF, 0xC0, 0x3F, 0xF8, 0x0F, 0xFE, 0x03, 0xFF, 0xC0, 0xFF, 0x78, 0x3F, 0xDE,
    0x0F, 0xF3, 0xC3, 0xFC, 0xF0, 0xFF, 0x1E, 0x3F, 0xC3, 0xCF, 0xF0, 0xF3, 0xFC, 0x1E, 0xFF, 0x07,
    0xBF, 0xC0, 0xFF, 0xF0, 0x1F, 0xFC, 0x07, 0xFF, 0x00, 0xFF, 0xC0, 0x1F, 0xF0, 0x07, 0xC0, 0x03,
    0xFC, 0x00, 0xFF, 0xF0, 0x1F, 0xFF, 0x83, 0xF0, 0xFC, 0x7C, 0x03, 0xC7, 0x80, 0x1E, 0xF8, 0x01,
    0xEF, 0x00, 0x1F, 0xF0, 0x00, 0xFF, 0x00, 0x0F, 0xF0, 0x00, 0xFF, 0x00, 0x0F, 0xF0, 0x00, 0xFF,
    0x00, 0x1F, 0xF8, 0x01, 0xE7, 0x80, 0x1E, 0x7C, 0x03, 0xC3, 0xF0, 0xFC, 0x1F, 0xFF, 0x80, 0xFF,
    0xF0, 0x03, 0xFC, 0x00, 0xFF, 0xE1, 0xFF, 0xF3, 0xFF, 0xF7, 0x83, 0xEF, 0x03, 0xFE, 0x03, 0xFC,
    0x07, 0xF8, 0x0F, 0xF0, 0x1F, 0xE0, 0x7F, 0xC1, 0xF7, 0xFF, 0xEF, 0xFF, 0x9F, 0xFC, 0x3C, 0x00,
    0x78, 0x00, 0xF0, 0x01, 0xE0, 0x03, 0xC0, 0x07, 0x80, 0x0F, 0x00, 0x00, 0x03, 0xFC, 0x00, 0xFF,
    0xF0, 0x1F, 0xFF, 0x83, 0xF0, 0xFC, 0x7C, 0x03, 0xC7, 0x80, 0x1E, 0xF8, 0x01, 0xEF, 0x00, 0x1F,
    0xF0, 0x00, 0xFF, 0x00, 0x0F, 0xF0, 0x00, 0xFF, 0x00, 0x0F, 0xF0, 0x00, 0xFF, 0x00, 0x1F, 0xF8,
    0x79, 0xE7, 0x83, 0xDE, 0x7C, 0x1F, 0xC3, 0xF1, 0xFC, 0x1F, 0xFF, 0x80, 0xFF, 0xF8, 0x03, 0xFF,
    0xC0, 0x00, 0x1E, 0x00, 0x00, 0xE0, 0xFF, 0xE0, 0xFF, 0xF8, 0xFF, 0xFC, 0xF0, 0x7C, 0xF0, 0x1E,
    0xF0, 0x1E, 0xF0, 0x1E, 0xF0, 0x1E, 0xF0, 0x1E, 0xF0, 0x7E, 0xFF, 0xFC, 0xFF, 0xF8, 0xFF, 0xF0,
    0xF0, 0xF0, 0xF0, 0xF0, 0xF0, 0x78, 0xF0, 0x7C, 0xF0, 0x3C, 0xF0, 0x3E, 0xF0, 0x1E, 0xF0, 0x1F,
    0x07, 0xF0, 0x0F, 0xFE, 0x0F, 0xFF, 0x87, 0xC3, 0xE7, 0x80, 0xF3, 0xC0, 0x39, 0xE0, 0x00, 0xF8,
    0x00, 0x3F, 0x80, 0x1F, 0xF8, 0x03, 0xFF, 0x00, 0x7F, 0xE0, 0x03, 0xF0, 0x00, 0x7C, 0x00, 0x1F,
    0xE0, 0x0F, 0x78, 0x0F, 0xBE, 0x0F, 0x8F, 0xFF, 0xC3, 0xFF, 0xC0, 0x7F, 0x80, 0xFF, 0xFF, 0xFF,
    0xFF, 0xFF, 0xFF, 0xE0, 0x78, 0x00, 0x3C, 0x00, 0x1E, 0x00, 0x0F, 0x00, 0x07, 0x80, 0x03, 0xC0,
    0x01, 0xE0, 0x00, 0xF0, 0x00, 0x78, 0x00, 0x3C, 0x00, 0x1E, 0x00, 0x0F, 0x00, 0x07, 0x80, 0x03,
    0xC0, 0x01, 0xE0, 0x00, 0xF0, 0x00, 0x78, 0x00, 0x3C, 0x00, 0xF0, 0x07, 0xF8, 0x03, 0xFC, 0x01,
    0xFE, 0x00, 0xFF, 0x00, 0x7F, 0x80, 0x3F, 0xC0, 0x1F, 0xE0, 0x0F, 0xF0, 0x07, 0xF8, 0x03, 0xFC,
    0x01, 0xFE, 0x00, 0xFF, 0x00, 0x7F, 0x80, 0x3F, 0xC0, 0x1F, 0xE0, 0x0F, 0xF8, 0x0F, 0xBE, 0x0F,
    0x8F, 0xFF, 0x83, 0xFF, 0x80, 0x7F, 0x00, 0x78, 0x00, 0xF3, 0xE0, 0x07, 0x9F, 0x00, 0x7C, 0x78,
    0x03, 0xC3, 0xE0, 0x1E, 0x0F, 0x01, 0xF0, 0x78, 0x0F, 0x03, 0xE0, 0x78, 0x0F, 0x07, 0xC0, 0x78,
    0x3C, 0x03, 0xE1, 0xE0, 0x0F, 0x1F, 0x00, 0x78, 0xF0, 0x03, 0xE7, 0x80, 0x0F, 0x3C, 0x00, 0x7B,
    0xC0, 0x01, 0xDE, 0x00, 0x0F, 0xE0, 0x00, 0x7F, 0x00, 0x01, 0xF8, 0x00, 0x0F, 0x80, 0x00, 0x78,
    0x07, 0x80, 0x79, 0xE0, 0x3E, 0x03, 0xE7, 0xC0, 0xFC, 0x0F, 0x0F, 0x03, 0xF0, 0x3C, 0x3C, 0x0F,
    0xC0, 0xF0, 0xF0, 0x7F, 0x07, 0xC3, 0xE1, 0xFE, 0x1E, 0x07, 0x87, 0x78, 0x78, 0x1E, 0x1C, 0xE1,
    0xE0, 0x78, 0xF3, 0x8F, 0x81, 0xF3, 0xCF, 0x3C, 0x03, 0xCE, 0x3C, 0xF0, 0x0F, 0x38, 0x73, 0xC0,
    0x3D, 0xE1, 0xCE, 0x00, 0x77, 0x87, 0xF8, 0x01, 0xFC, 0x1F, 0xE0, 0x07, 0xF0, 0x3F, 0x80, 0x1F,
    0xC0, 0xFC, 0x00, 0x3F, 0x03, 0xF0, 0x00, 0xF8, 0x0F, 0xC0, 0x03, 0xE0, 0x1F, 0x00, 0x7C, 0x01,
    0xE3, 0xE0, 0x3E, 0x1E, 0x07, 0xC1, 0xF0, 0x78, 0x0F, 0x8F, 0x00, 0x79, 0xF0, 0x07, 0xDE, 0x00,
    0x3F, 0xC0, 0x01, 0xFC, 0x00, 0x1F, 0x80, 0x00, 0xF8, 0x00, 0x1F, 0x80, 0x03, 0xFC, 0x00, 0x3F,
    0xE0, 0x07, 0x9F, 0x00, 0xF8, 0xF0, 0x1F, 0x0F, 0x81, 0xE0, 0x7C, 0x3E, 0x03, 0xC7, 0xC0, 0x3E,
    0x78, 0x01, 0xF0, 0xF8, 0x01, 0xE7, 0xC0, 0x3E, 0x3C, 0x03, 0xC3, 0xE0, 0x7C, 0x1E, 0x0F, 0x81,
    0xF0, 0xF0, 0x0F, 0x1F, 0x00, 0x79, 0xE0, 0x07, 0xBE, 0x00, 0x3F, 0xC0, 0x03, 0xF8, 0x00, 0x1F,
    0x80, 0x00, 0xF0, 0x00, 0x0F, 0x00, 0x00, 0xF0, 0x00, 0x0F, 0x00, 0x00, 0xF0, 0x00, 0x0F, 0x00,
    0x00, 0xF0, 0x00, 0x0F, 0x00, 0x00, 0xF0, 0x00, 0xFF, 0xFF, 0xFF, 0xFF, 0xFF, 0xFF, 0x00, 0x1E,
    0x00, 0x3E, 0x00, 0x7C, 0x00, 0x78, 0x00, 0xF0, 0x01, 0xF0, 0x03, 0xE0, 0x03, 0xC0, 0x07, 0xC0,
    0x0F, 0x80, 0x0F, 0x00, 0x1E, 0x00, 0x3E, 0x00, 0x7C, 0x00, 0x78, 0x00, 0xFF, 0xFF, 0xFF, 0xFF,
    0xFF, 0xFF, 0xFF, 0xFF, 0xFF, 0x8F, 0x1E, 0x3C, 0x78, 0xF1, 0xE3, 0xC7, 0x8F, 0x1E, 0x3C, 0x78,
    0xF1, 0xE3, 0xC7, 0x8F, 0x1E, 0x3C, 0x7F, 0xFF, 0xFC, 0xF0, 0x0E, 0x01, 0xE0, 0x3C, 0x03, 0x80,
    0x70, 0x0F, 0x01, 0xE0, 0x1C, 0x03, 0x80, 0x78, 0x07, 0x00, 0xE0, 0x1E, 0x03, 0xC0, 0x38, 0x07,
    0x00, 0xF0, 0x1E, 0x01, 0xC0, 0x38, 0x07, 0x80, 0x70, 0x0E, 0x01, 0xE0, 0xFF, 0xFF, 0xF8, 0xF1,
    0xE3, 0xC7, 0x8F, 0x1E, 0x3C, 0x78, 0xF1, 0xE3, 0xC7, 0x8F, 0x1E, 0x3C, 0x78, 0xF1, 0xE3, 0xC7,
    0xFF, 0xFF, 0xFC, 0x00, 0x00, 0x7C, 0x03, 0xE0, 0x3F, 0x81, 0xDC, 0x1C, 0x70, 0xE3, 0x8F, 0x1E,
    0x70, 0x73, 0x83, 0x80, 0xFF, 0xFF, 0xFF, 0xFF, 0xFF, 0xC0, 0xF1, 0xE3, 0x87, 0x0F, 0xE0, 0xFF,
    0xC7, 0xFF, 0x9F, 0x1F, 0x70, 0x3C, 0x00, 0xF0, 0x1F, 0xCF, 0xFF, 0x7F, 0xFF, 0xE0, 0xFF, 0x03,
    0xFC, 0x1F, 0xF8, 0xFF, 0xFF, 0xF7, 0xFB, 0xCF, 0xCF, 0xF0, 0x01, 0xE0, 0x03, 0xC0, 0x07, 0x80,
    0x0F, 0x00, 0x1E, 0x7C, 0x3D, 0xFE, 0x7F, 0xFE, 0xFC, 0x7D, 0xF0, 0x7F, 0xC0, 0x7F, 0x80, 0xFF,
    0x01, 0xFE, 0x03, 0xFC, 0x07, 0xF8, 0x0F, 0xF8, 0x3F, 0xF8, 0xFB, 0xFF, 0xF7, 0xBF, 0xCF, 0x3E,
    0x00, 0x0F, 0xE0, 0x3F, 0xE0, 0xFF, 0xE3, 0xE3, 0xE7, 0x83, 0xDE, 0x02, 0x3C, 0x00, 0x78, 0x00,
    0xF0, 0x01, 0xE0, 0x03, 0xC0, 0x63, 0xC1, 0xE7, 0xC7, 0xC7, 0xFF, 0x07, 0xFC, 0x07, 0xF0, 0x00,
    0x1E, 0x00, 0x3C, 0x00, 0x78, 0x00, 0xF0, 0x01, 0xE1, 0xF3, 0xCF, 0xF7, 0xBF, 0xFF, 0x7C, 0x7F,
    0xF0, 0x7F, 0xC0, 0x7F, 0x80, 0xFF, 0x01, 0xFE, 0x03, 0xFC, 0x07, 0xF8, 0x0F, 0xF8, 0x3E, 0xF8,
    0xFD, 0xFF, 0xF9, 0xFE, 0xF0, 0xF9, 0xE0, 0x0F, 0xE0, 0x3F, 0xE0, 0xFF, 0xE3, 0xE3, 0xE7, 0x83,
    0xDE, 0x03, 0xFF, 0xFF, 0xFF, 0xFF, 0xFF, 0xFF, 0xE0, 0x03, 0xC0, 0x07, 0xC0, 0xE7, 0xC7, 0xC7,
    0xFF, 0x87, 0xFE, 0x07, 0xF0, 0x07, 0xE1, 0xF8, 0x7F, 0x0F, 0x01, 0xE0, 0x3C, 0x3F, 0xF7, 0xFE,
    0xFF, 0xC3, 0xC0, 0x78, 0x0F, 0x01, 0xE0, 0x3C, 0x07, 0x80, 0xF0, 0x1E, 0x03, 0xC0, 0x78, 0x0F,
    0x01, 0xE0, 0x3C, 0x00, 0x0F, 0x9E, 0x7F, 0xBD, 0xFF, 0xFB, 0xE3, 0xFF, 0x83, 0xFE, 0x03, 0xFC,
    0x07, 0xF8, 0x0F, 0xF0, 0x1F, 0xE0, 0x3F, 0xC0, 0x7F, 0xC1, 0xF7, 0xC7, 0xEF, 0xFF, 0xCF, 0xF7,
    0x87, 0xCF, 0x00, 0x1E, 0x20, 0x3D, 0xE0, 0xFB, 0xFF, 0xE3, 0xFF, 0x81, 0xFC, 0x00, 0xF0, 0x03,
    0xC0, 0x0F, 0x00, 0x3C, 0x00, 0xF0, 0x03, 0xCF, 0x8F, 0x7F, 0xBF, 0xFE, 0xFC, 0x7F, 0xC0, 0xFF,
    0x03, 0xFC, 0x0F, 0xF0, 0x3F, 0xC0, 0xFF, 0x03, 0xFC, 0x0F, 0xF0, 0x3F, 0xC0, 0xFF, 0x03, 0xFC,
    0x0F, 0xF0, 0x3C, 0x6F, 0xF6, 0x00, 0xFF, 0xFF, 0xFF, 0xFF, 0xFF, 0xFF, 0xFF, 0xFF, 0x18, 0xF3,
    0xC6, 0x00, 0x03, 0xCF, 0x3C, 0xF3, 0xCF, 0x3C, 0xF3, 0xCF, 0x3C, 0xF3, 0xCF, 0x3C, 0xF3, 0xCF,
    0x3F, 0xFF, 0xBC, 0xF0, 0x01, 0xE0, 0x03, 0xC0, 0x07, 0x80, 0x0F, 0x00, 0x1E, 0x0F, 0xBC, 0x3E,
    0x78, 0x78, 0xF1, 0xE1, 0xE7, 0x83, 0xDF, 0x07, 0xFC, 0x0F, 0xF0, 0x1F, 0xF0, 0x3F, 0xF0, 0x79,
    0xE0, 0xF1, 0xE1, 0xE3, 0xE3, 0xC3, 0xE7, 0x83, 0xCF, 0x03, 0xC0, 0xFF, 0xFF, 0xFF, 0xFF, 0xFF,
    0xFF, 0xFF, 0xFF, 0xFF, 0xFF, 0xF0, 0xF7, 0xC1, 0xF1, 0xFF, 0xCF, 0xF3, 0xFF, 0xFF, 0xF7, 0xC7,
    0xE3, 0xEF, 0x07, 0x83, 0xDE, 0x0F, 0x07, 0xBC, 0x1E, 0x0F, 0x78, 0x3C, 0x1E, 0xF0, 0x78, 0x3D,
    0xE0, 0xF0, 0x7B, 0xC1, 0xE0, 0xF7, 0x83, 0xC1, 0xEF, 0x07, 0x83, 0xDE, 0x0F, 0x07, 0xBC, 0x1E,
    0x0F, 0x78, 0x3C, 0x1E, 0xF3, 0xE3, 0xDF, 0xEF, 0xFF, 0xBF, 0x1F, 0xF0, 0x3F, 0xC0, 0xFF, 0x03,
    0xFC, 0x0F, 0xF0, 0x3F, 0xC0, 0xFF, 0x03, 0xFC, 0x0F, 0xF0, 0x3F, 0xC0, 0xFF, 0x03, 0xFC, 0x0F,
    0x0F, 0xE0, 0x3F, 0xE0, 0xFF, 0xE3, 0xE3, 0xEF, 0x83, 0xFE, 0x03, 0xFC, 0x07, 0xF8, 0x0F, 0xF0,
    0x1F, 0xE0, 0x3F, 0xC0, 0x7F, 0xC1, 0xF7, 0xC7, 0xC7, 0xFF, 0x07, 0xFC, 0x07, 0xF0, 0xF3, 0xE1,
    0xEF, 0xF3, 0xFF, 0xF7, 0xE3, 0xEF, 0x83, 0xFE, 0x03, 0xFC, 0x07, 0xF8, 0x0F, 0xF0, 0x1F, 0xE0,
    0x3F, 0xC0, 0x7F, 0xC1, 0xFF, 0xC7, 0xDF, 0xFF, 0xBD, 0xFE, 0x79, 0xF0, 0xF0, 0x01, 0xE0, 0x03,
    0xC0, 0x07, 0x80, 0x0F, 0x00, 0x1E, 0x00, 0x00, 0x0F, 0x9E, 0x7F, 0xBD, 0xFF, 0xFB, 0xE3, 0xFF,
    0x83, 0xFE, 0x03, 0xFC, 0x07, 0xF8, 0x0F, 0xF0, 0x1F, 0xE0, 0x3F, 0xC0, 0x7F, 0xC1, 0xF7, 0xC7,
    0xEF, 0xFF, 0xCF, 0xF7, 0x87, 0xCF, 0x00, 0x1E, 0x00, 0x3C, 0x00, 0x78, 0x00, 0xF0, 0x01, 0xE0,
    0x03, 0xC0, 0x00, 0x7B, 0xFF, 0xFF, 0xFF, 0xC7, 0x83, 0xC1, 0xE0, 0xF0, 0x78, 0x3C, 0x1E, 0x0F,
    0x07, 0x83, 0xC1, 0xE0, 0xF0, 0x00, 0x0F, 0xE0, 0xFF, 0xC7, 0xFF, 0x9F, 0x1F, 0x78, 0x39, 0xE0,
    0x07, 0xF0, 0x0F, 0xF8, 0x0F, 0xF8, 0x03, 0xF0, 0x03, 0xDC, 0x0F, 0x7C, 0x7D, 0xFF, 0xE3, 0xFF,
    0x03, 0xF8, 0x1E, 0x03, 0xC0, 0x78, 0x0F, 0x0F, 0xFD, 0xFF, 0xBF, 0xF0, 0xF0, 0x1E, 0x03, 0xC0,
    0x78, 0x0F, 0x01, 0xE0, 0x3C, 0x07, 0x80, 0xF0, 0x1E, 0x03, 0xF8, 0x3F, 0x03, 0xE0, 0xF0, 0x3F,
    0xC0, 0xFF, 0x03, 0xFC, 0x0F, 0xF0, 0x3F, 0xC0, 0xFF, 0x03, 0xFC, 0x0F, 0xF0, 0x3F, 0xC0, 0xFF,
    0x03, 0xFC, 0x0F, 0xF8, 0xFD, 0xFF, 0xF7, 0xFB, 0xC7, 0xCF, 0x78, 0x0F, 0xBC, 0x07, 0x9E, 0x03,
    0xC7, 0x83, 0xC3, 0xC1, 0xE1, 0xE0, 0xF0, 0x78, 0xF0, 0x3C, 0x78, 0x0E, 0x3C, 0x07, 0xBC, 0x03,
    0xDE, 0x00, 0xEE, 0x00, 0x7F, 0x00, 0x3F, 0x80, 0x0F, 0x80, 0x07, 0xC0, 0x78, 0x3C, 0x0F, 0x78,
    0x3E, 0x1F, 0x78, 0x3E, 0x1E, 0x3C, 0x7E, 0x1E, 0x3C, 0x7E, 0x1E, 0x3C, 0x7F, 0x3C, 0x3C, 0x77,
    0x3C, 0x1E, 0xF7, 0x3C, 0x1E, 0xE7, 0x38, 0x1E, 0xE7, 0x78, 0x0E, 0xE3, 0xF8, 0x0F, 0xE3, 0xF8,
    0x0F, 0xC3, 0xF0, 0x07, 0xC1, 0xF0, 0x07, 0xC1, 0xF0, 0x07, 0x81, 0xE0, 0x7C, 0x0F, 0x1E, 0x0F,
    0x07, 0x8F, 0x03, 0xC7, 0x80, 0xF7, 0x80, 0x3F, 0xC0, 0x1F, 0xC0, 0x07, 0xC0, 0x07, 0xE0, 0x03,
    0xF8, 0x03, 0xDE, 0x01, 0xEF, 0x01, 0xE3, 0xC1, 0xF1, 0xF0, 0xF0, 0x78, 0xF0, 0x1E, 0x78, 0x0F,
    0xBC, 0x07, 0x9E, 0x03, 0xC7, 0x83, 0xC3, 0xC1, 0xE1, 0xE0, 0xF0, 0x78, 0xF0, 0x3C, 0x78, 0x0E,
    0x3C, 0x07, 0xBC, 0x03, 0xDE, 0x00, 0xEE, 0x00, 0x7F, 0x00, 0x1F, 0x80, 0x0F, 0x80, 0x07, 0xC0,
    0x03, 0xC0, 0x01, 0xE0, 0x01, 0xF0, 0x07, 0xF0, 0x03, 0xF0, 0x01, 0xF0, 0x00, 0xFF, 0xFF, 0xFF,
    0xFF, 0xFE, 0x01, 0xE0, 0x1F, 0x01, 0xF0, 0x1F, 0x00, 0xF0, 0x0F, 0x00, 0xF8, 0x0F, 0x80, 0x78,
    0x07, 0x80, 0x7F, 0xFF, 0xFF, 0xFF, 0xFF, 0x03, 0xC3, 0xF1, 0xFC, 0x7C, 0x1E, 0x07, 0x81, 0xE0,
    0x78, 0x1E, 0x07, 0x83, 0xE3, 0xF0, 0xF0, 0x3F, 0x03, 0xC0, 0x78, 0x1E, 0x07, 0x81, 0xE0, 0x78,
    0x1E, 0x07, 0x81, 0xF0, 0x3F, 0x0F, 0xC0, 0xF0, 0xFF, 0xFF, 0xFF, 0xFF, 0xFF, 0xFF, 0xFF, 0xFF,
    0xFF, 0xFF, 0xFF, 0xFF, 0xFF, 0xFF, 0xFF, 0xFF, 0xFF, 0xF0, 0xF0, 0x3F, 0x0F, 0xC0, 0xF8, 0x1E,
    0x07, 0x81, 0xE0, 0x78, 0x1E, 0x07, 0x81, 0xF0, 0x3F, 0x03, 0xC3, 0xF1, 0xF0, 0x78, 0x1E, 0x07,
    0x81, 0xE0, 0x78, 0x1E, 0x07, 0x83, 0xE3, 0xF0, 0xF8, 0x3C, 0x00, 0x3E, 0x0E, 0xFE, 0x1F, 0xFE,
    0x7F, 0x9F, 0xFE, 0x1F, 0xDC, 0x1F, 0x00, 0x77, 0xFE, 0xE0, 0x00, 0x1E, 0xF7, 0xBD, 0xEF, 0x7B,
    0xDE, 0xF7, 0xBD, 0xEF, 0x00, 0x07, 0xCF, 0x03, 0xCF, 0x03, 0xCF, 0x03, 0xCF, 0x83, 0xCF, 0x83,
    0xCF, 0x83, 0xE7, 0x80, 0xF3, 0xE0, 0x3C, 0xF8, 0x0F, 0x3E, 0x03, 0xCF, 0x00, 0xF3, 0xC0, 0x7C,
    0xF0, 0x1E, 0x1F, 0xE7, 0xFB, 0xCF, 0xE1, 0xF8, 0x7F, 0x3D, 0xFE, 0x7F, 0x87, 0x80, 0x77, 0xFF,
    0xF7, 0x00, 0x1F, 0x81, 0xFE, 0x1E, 0x79, 0xE1, 0xEE, 0x07, 0x70, 0x3B, 0x81, 0xDC, 0x0E, 0xF0,
    0xF3, 0xCF, 0x0F, 0xF0, 0x3F, 0x00, 0xF9, 0xE0, 0x3E, 0x78, 0x0F, 0x3E, 0x03, 0xCF, 0x80, 0xF3,
    0xE0, 0x3C, 0xF0, 0x1F, 0x3C, 0x0F, 0x3C, 0x0F, 0x3E, 0x0F, 0x3E, 0x0F, 0x3E, 0x0F, 0x9E, 0x0F,
    0x9E, 0x00, 0x03, 0x80, 0x3E, 0x01, 0xF0, 0x07, 0x00, 0x00, 0x00, 0x00, 0x1E, 0x00, 0xF0, 0x07,
    0x80, 0x7C, 0x07, 0xC0, 0x7E, 0x07, 0xE0, 0x7C, 0x03, 0xC0, 0x1E, 0x00, 0xF0, 0x3F, 0x83, 0xFE,
    0x3E, 0xFF, 0xE3, 0xFE, 0x0F, 0xE0, 0x01, 0xC0, 0x00, 0x0F, 0x00, 0x00, 0x38, 0x00, 0x00, 0xE0,
    0x00, 0x00, 0x00, 0x00, 0x00, 0x00, 0x03, 0xE0, 0x00, 0x3F, 0x00, 0x01, 0xFC, 0x00, 0x0F, 0xE0,
    0x00, 0xF7, 0x80, 0x07, 0xBC, 0x00, 0x3D, 0xE0, 0x03, 0xC7, 0x80, 0x1E, 0x3C, 0x00, 0xF1, 0xE0,
    0x0F, 0x0F, 0x80, 0x78, 0x3C, 0x03, 0xC1, 0xE0, 0x3F, 0xFF, 0x81, 0xFF, 0xFC, 0x1F, 0xFF, 0xE0,
    0xF0, 0x0F, 0x87, 0x80, 0x3C, 0x7C, 0x01, 0xF3, 0xC0, 0x07, 0x9E, 0x00, 0x3C, 0x00, 0x1C, 0x00,
    0x01, 0xE0, 0x00, 0x0E, 0x00, 0x00, 0xE0, 0x00, 0x00, 0x00, 0x00, 0x00, 0x00, 0x03, 0xE0, 0x00,
    0x3F, 0x00, 0x01, 0xFC, 0x00, 0x0F, 0xE0, 0x00, 0xF7, 0x80, 0x07, 0xBC, 0x00, 0x3D, 0xE0, 0x03,
    0xC7, 0x80, 0x1E, 0x3C, 0x00, 0xF1, 0xE0, 0x0F, 0x0F, 0x80, 0x78, 0x3C, 0x03, 0xC1, 0xE0, 0x3F,
    0xFF, 0x81, 0xFF, 0xFC, 0x1F, 0xFF, 0xE0, 0xF0, 0x0F, 0x87, 0x80, 0x3C, 0x7C, 0x01, 0xF3, 0xC0,
    0x07, 0x9E, 0x00, 0x3C, 0x00, 0x70, 0x00, 0x07, 0xC0, 0x00, 0x7F, 0x00, 0x07, 0x3C, 0x00, 0x30,
    0xE0, 0x00, 0x00, 0x00, 0x00, 0x00, 0x00, 0x1F, 0x00, 0x01, 0xF8, 0x00, 0x0F, 0xE0, 0x00, 0x7F,
    0x00, 0x07, 0xBC, 0x00, 0x3D, 0xE0, 0x01, 0xEF, 0x00, 0x1E, 0x3C, 0x00, 0xF1, 0xE0, 0x07, 0x8F,
    0x00, 0x78, 0x7C, 0x03, 0xC1, 0xE0, 0x1E, 0x0F, 0x01, 0xFF, 0xFC, 0x0F, 0xFF, 0xE0, 0xFF, 0xFF,
    0x07, 0x80, 0x7C, 0x3C, 0x01, 0xE3, 0xE0, 0x0F, 0x9E, 0x00, 0x3C, 0xF0, 0x01, 0xE0, 0x03, 0x06,
    0x00, 0x3C, 0x78, 0x01, 0xE3, 0xC0, 0x06, 0x0C, 0x00, 0x00, 0x00, 0x00, 0x00, 0x00, 0x07, 0xE0,
    0x00, 0x3F, 0x80, 0x01, 0xFC, 0x00, 0x1F, 0xE0, 0x00, 0xFF, 0x80, 0x07, 0xBC, 0x00, 0x7D, 0xF0,
    0x03, 0xCF, 0x80, 0x1E, 0x3C, 0x01, 0xF1, 0xF0, 0x0F, 0x8F, 0x80, 0x78, 0x3C, 0x07, 0xC1, 0xF0,
    0x3F, 0xFF, 0x81, 0xFF, 0xFC, 0x1F, 0xFF, 0xF0, 0xF0, 0x0F, 0x87, 0x80, 0x3C, 0x7C, 0x01, 0xF3,
    0xC0, 0x07, 0x9E, 0x00, 0x3C, 0x00, 0x70, 0x00, 0x0F, 0xE0, 0x00, 0x77, 0x00, 0x03, 0x18, 0x00,
    0x18, 0xC0, 0x00, 0xFE, 0x00, 0x03, 0xE0, 0x00, 0x00, 0x00, 0x00, 0xF8, 0x00, 0x07, 0xC0, 0x00,
    0x7F, 0x00, 0x03, 0xF8, 0x00, 0x1D, 0xC0, 0x01, 0xEF, 0x00, 0x0F, 0x78, 0x00, 0xF1, 0xE0, 0x07,
    0x8F, 0x00, 0x3C, 0x78, 0x03, 0xC3, 0xE0, 0x1E, 0x0F, 0x00, 0xF0, 0x78, 0x0F, 0xFF, 0xE0, 0x7F,
    0xFF, 0x03, 0xFF, 0xF8, 0x3C, 0x01, 0xE1, 0xE0, 0x0F, 0x1F, 0x00, 0x7C, 0xF0, 0x01, 0xE7, 0x80,
    0x0F, 0x00, 0x00, 0x3F, 0xFF, 0xF0, 0x07, 0xFF, 0xFF, 0x00, 0x7B, 0xFF, 0xF0, 0x0F, 0x3C, 0x00,
    0x00, 0xF3, 0xC0, 0x00, 0x1F, 0x3C, 0x00, 0x01, 0xE3, 0xC0, 0x00, 0x1E, 0x3C, 0x00, 0x03, 0xC3,
    0xC0, 0x00, 0x3C, 0x3F, 0xFE, 0x07, 0x83, 0xFF, 0xE0, 0x78, 0x3F, 0xFE, 0x0F, 0x83, 0xC0, 0x00,
    0xFF, 0xFC, 0x00, 0x1F, 0xFF, 0xC0, 0x01, 0xFF, 0xFC, 0x00, 0x3E, 0x03, 0xC0, 0x03, 0xC0, 0x3C,
    0x00, 0x3C, 0x03, 0xFF, 0xF7, 0xC0, 0x3F, 0xFF, 0x78, 0x03, 0xFF, 0xF0, 0x03, 0xF8, 0x01, 0xFF,
    0xC0, 0x7F, 0xFE, 0x1F, 0x87, 0xC7, 0xC0, 0x7C, 0xF0, 0x07, 0xBE, 0x00, 0x7F, 0x80, 0x00, 0xF0,
    0x00, 0x1E, 0x00, 0x03, 0xC0, 0x00, 0x78, 0x00, 0x0F, 0x00, 0x01, 0xE0, 0x00, 0x3E, 0x00, 0x7B,
    0xC0, 0x1E, 0x7C, 0x07, 0xC7, 0xE1, 0xF0, 0x7F, 0xFC, 0x07, 0xFF, 0x00, 0x3F, 0x80, 0x00, 0xC0,
    0x00, 0x3C, 0x00, 0x03, 0xC0, 0x00, 0x18, 0x00, 0x1F, 0x00, 0x03, 0xC0, 0x00, 0x01, 0xE0, 0x07,
    0x00, 0x38, 0x00, 0xE0, 0x00, 0x00, 0x00, 0x0F, 0xFF, 0xFF, 0xFF, 0xFF, 0xFF, 0xC0, 0x0F, 0x00,
    0x3C, 0x00, 0xF0, 0x03, 0xC0, 0x0F, 0x00, 0x3F, 0xFE, 0xFF, 0xFB, 0xFF, 0xEF, 0x00, 0x3C, 0x00,
    0xF0, 0x03, 0xC0, 0x0F, 0x00, 0x3C, 0x00, 0xFF, 0xFF, 0xFF, 0xFF, 0xFF, 0xC0, 0x07, 0x00, 0x3E,
    0x01, 0xFC, 0x0F, 0x38, 0x38, 0x70, 0x00, 0x00, 0x00, 0x3F, 0xFF, 0xFF, 0xFF, 0xFF, 0xFF, 0x00,
    0x3C, 0x00, 0xF0, 0x03, 0xC0, 0x0F, 0x00, 0x3C, 0x00, 0xFF, 0xFB, 0xFF, 0xEF, 0xFF, 0xBC, 0x00,
    0xF0, 0x03, 0xC0, 0x0F, 0x00, 0x3C, 0x00, 0xF0, 0x03, 0xFF, 0xFF, 0xFF, 0xFF, 0xFF, 0x3C, 0x71,
    0xC3, 0x80, 0x00, 0x3C, 0x78, 0xF1, 0xE3, 0xC7, 0x8F, 0x1E, 0x3C, 0x78, 0xF1, 0xE3, 0xC7, 0x8F,
    0x1E, 0x3C, 0x78, 0xF1, 0xE3, 0xC0, 0x0E, 0x01, 0xF0, 0x3F, 0x87, 0x9C, 0x70, 0xE0, 0x00, 0x00,
    0x00, 0xF0, 0x0F, 0x00, 0xF0, 0x0F, 0x00, 0xF0, 0x0F, 0x00, 0xF0, 0x0F, 0x00, 0xF0, 0x0F, 0x00,
    0xF0, 0x0F, 0x00, 0xF0, 0x0F, 0x00, 0xF0, 0x0F, 0x00, 0xF0, 0x0F, 0x00, 0xF0, 0x0F, 0x00, 0xF0,
    0x03, 0xC0, 0x00, 0x1C, 0x00, 0x01, 0xE0, 0x00, 0x0E, 0x00, 0x00, 0x00, 0x00, 0x00, 0x00, 0x00,
    0x00, 0x00, 0x3F, 0xC0, 0x0F, 0xFF, 0x01, 0xFF, 0xF8, 0x3F, 0x0F, 0xC7, 0xC0, 0x3C, 0x78, 0x01,
    0xEF, 0x80, 0x1E, 0xF0, 0x01, 0xFF, 0x00, 0x0F, 0xF0, 0x00, 0xFF, 0x00, 0x0F, 0xF0, 0x00, 0xFF,
    0x00, 0x0F, 0xF0, 0x01, 0xFF, 0x80, 0x1E, 0x78, 0x01, 0xE7, 0xC0, 0x3C, 0x3F, 0x0F, 0xC1, 0xFF,
    0xF8, 0x0F, 0xFF, 0x00, 0x3F, 0xC0, 0x00, 0x3C, 0x00, 0x03, 0x80, 0x00, 0x70, 0x00, 0x07, 0x00,
    0x00, 0x00, 0x00, 0x00, 0x00, 0x00, 0x00, 0x00, 0x3F, 0xC0, 0x0F, 0xFF, 0x01, 0xFF, 0xF8, 0x3F,
    0x0F, 0xC7, 0xC0, 0x3C, 0x78, 0x01, 0xEF, 0x80, 0x1E, 0xF0, 0x01, 0xFF, 0x00, 0x0F, 0xF0, 0x00,
    0xFF, 0x00, 0x0F, 0xF0, 0x00, 0xFF, 0x00, 0x0F, 0xF0, 0x01, 0xFF, 0x80, 0x1E, 0x78, 0x01, 0xE7,
    0xC0, 0x3C, 0x3F, 0x0F, 0xC1, 0xFF, 0xF8, 0x0F, 0xFF, 0x00, 0x3F, 0xC0, 0x03, 0x0C, 0x00, 0x79,
    0xE0, 0x07, 0x9E, 0x00, 0x30, 0xC0, 0x00, 0x00, 0x00, 0x00, 0x00, 0x00, 0x00, 0x00, 0x3F, 0xC0,
    0x0F, 0xFF, 0x01, 0xFF, 0xF8, 0x3F, 0x0F, 0xC7, 0xC0, 0x3C, 0x78, 0x01, 0xEF, 0x80, 0x1E, 0xF0,
    0x01, 0xFF, 0x00, 0x0F, 0xF0, 0x00, 0xFF, 0x00, 0x0F, 0xF0, 0x00, 0xFF, 0x00, 0x0F, 0xF0, 0x01,
    0xFF, 0x80, 0x1E, 0x78, 0x01, 0xE7, 0xC0, 0x3C, 0x3F, 0x0F, 0xC1, 0xFF, 0xF8, 0x0F, 0xFF, 0x00,
    0x3F, 0xC0, 0x00, 0x00, 0x00, 0x3F, 0xCC, 0x0F, 0xFF, 0xC1, 0xFF, 0xF8, 0x3F, 0x0F, 0xC7, 0xC0,
    0x7C, 0x78, 0x0F, 0xEF, 0x81, 0xFE, 0xF0, 0x1D, 0xFF, 0x03, 0x8F, 0xF0, 0x70, 0xFF, 0x0F, 0x0F,
    0xF0, 0xE0, 0xFF, 0x1C, 0x0F, 0xF3, 0x81, 0xFF, 0xF8, 0x1E, 0x7F, 0x01, 0xE7, 0xE0, 0x3C, 0x3F,
    0x0F, 0xC3, 0xFF, 0xF8, 0x3F, 0xFF, 0x07, 0x3F, 0xC0, 0x00, 0x00, 0x00, 0x07, 0x00, 0x03, 0xC0,
    0x00, 0xE0, 0x00, 0x38, 0x00, 0x00, 0x00, 0x00, 0x00, 0x00, 0x01, 0xE0, 0x0F, 0xF0, 0x07, 0xF8,
    0x03, 0xFC, 0x01, 0xFE, 0x00, 0xFF, 0x00, 0x7F, 0x80, 0x3F, 0xC0, 0x1F, 0xE0, 0x0F, 0xF0, 0x07,
    0xF8, 0x03, 0xFC, 0x01, 0xFE, 0x00, 0xFF, 0x00, 0x7F, 0x80, 0x3F, 0xC0, 0x1F, 0xF0, 0x1F, 0x7C,
    0x1F, 0x1F, 0xFF, 0x07, 0xFF, 0x00, 0xFE, 0x00, 0x00, 0x70, 0x00, 0x78, 0x00, 0x38, 0x00, 0x38,
    0x00, 0x00, 0x00, 0x00, 0x00, 0x00, 0x01, 0xE0, 0x0F, 0xF0, 0x07, 0xF8, 0x03, 0xFC, 0x01, 0xFE,
    0x00, 0xFF, 0x00, 0x7F, 0x80, 0x3F, 0xC0, 0x1F, 0xE0, 0x0F, 0xF0, 0x07, 0xF8, 0x03, 0xFC, 0x01,
    0xFE, 0x00, 0xFF, 0x00, 0x7F, 0x80, 0x3F, 0xC0, 0x1F, 0xF0, 0x1F, 0x7C, 0x1F, 0x1F, 0xFF, 0x07,
    0xFF, 0x00, 0xFE, 0x00, 0x0C, 0x18, 0x0F, 0x1E, 0x07, 0x8F, 0x01, 0x83, 0x00, 0x00, 0x00, 0x00,
    0x00, 0x00, 0x01, 0xE0, 0x0F, 0xF0, 0x07, 0xF8, 0x03, 0xFC, 0x01, 0xFE, 0x00, 0xFF, 0x00, 0x7F,
    0x80, 0x3F, 0xC0, 0x1F, 0xE0, 0x0F, 0xF0, 0x07, 0xF8, 0x03, 0xFC, 0x01, 0xFE, 0x00, 0xFF, 0x00,
    0x7F, 0x80, 0x3F, 0xC0, 0x1F, 0xF0, 0x1F, 0x7C, 0x1F, 0x1F, 0xFF, 0x07, 0xFF, 0x00, 0xFE, 0x00,
    0x00, 0x3C, 0x00, 0x03, 0x80, 0x00, 0x70, 0x00, 0x07, 0x00, 0x00, 0x00, 0x00, 0x00, 0x00, 0xF8,
    0x01, 0xE7, 0xC0, 0x3E, 0x3C, 0x03, 0xC3, 0xE0, 0x7C, 0x1E, 0x0F, 0x81, 0xF0, 0xF0, 0x0F, 0x1F,
    0x00, 0x79, 0xE0, 0x07, 0xBE, 0x00, 0x3F, 0xC0, 0x03, 0xF8, 0x00, 0x1F, 0x80, 0x00, 0xF0, 0x00,
    0x0F, 0x00, 0x00, 0xF0, 0x00, 0x0F, 0x00, 0x00, 0xF0, 0x00, 0x0F, 0x00, 0x00, 0xF0, 0x00, 0x0F,
    0x00, 0x00, 0xF0, 0x00, 0x1F, 0xC0, 0x7F, 0xE1, 0xFF, 0xE7, 0xC3, 0xEF, 0x03, 0xDE, 0x07, 0xBC,
    0x0F, 0x78, 0x1E, 0xF0, 0x79, 0xE7, 0xE3, 0xCF, 0xC7, 0x9F, 0xEF, 0x03, 0xDE, 0x03, 0xFC, 0x07,
    0xF8, 0x0F, 0xF0, 0x1F, 0xE0, 0x7F, 0xCF, 0xF7, 0x9F, 0xCF, 0x3F, 0x00, 0x1E, 0x00, 0x3C, 0x00,
    0x70, 0x01, 0xC0, 0x00, 0x00, 0x00, 0x00, 0xFE, 0x0F, 0xFC, 0x7F, 0xF9, 0xF1, 0xF7, 0x03, 0xC0,
    0x0F, 0x01, 0xFC, 0xFF, 0xF7, 0xFF, 0xFE, 0x0F, 0xF0, 0x3F, 0xC1, 0xFF, 0x8F, 0xFF, 0xFF, 0x7F,
    0xBC, 0xFC, 0xF0, 0x01, 0xE0, 0x07, 0x00, 0x3C, 0x00, 0xE0, 0x00, 0x00, 0x00, 0x00, 0xFE, 0x0F,
    0xFC, 0x7F, 0xF9, 0xF1, 0xF7, 0x03, 0xC0, 0x0F, 0x01, 0xFC, 0xFF, 0xF7, 0xFF, 0xFE, 0x0F, 0xF0,
    0x3F, 0xC1, 0xFF, 0x8F, 0xFF, 0xFF, 0x7F, 0xBC, 0xFC, 0xF0, 0x03, 0x80, 0x1F, 0x00, 0xFE, 0x07,
    0x3C, 0x38, 0x70, 0x00, 0x00, 0x00, 0x03, 0xF8, 0x3F, 0xF1, 0xFF, 0xE7, 0xC7, 0xDC, 0x0F, 0x00,
    0x3C, 0x07, 0xF3, 0xFF, 0xDF, 0xFF, 0xF8, 0x3F, 0xC0, 0xFF, 0x07, 0xFE, 0x3F, 0xFF, 0xFD, 0xFE,
    0xF3, 0xF3, 0xC0, 0x1F, 0xF0, 0x7F, 0x80, 0x00, 0x00, 0x00, 0x00, 0x00, 0x3F, 0x83, 0xFF, 0x1F,
    0xFE, 0x7C, 0x7D, 0xC0, 0xF0, 0x03, 0xC0, 0x7F, 0x3F, 0xFD, 0xFF, 0xFF, 0x83, 0xFC, 0x0F, 0xF0,
    0x7F, 0xE3, 0xFF, 0xFF, 0xDF, 0xEF, 0x3F, 0x3C, 0x18, 0x60, 0xF3, 0xC3, 0xCF, 0x06, 0x18, 0x00,
    0x00, 0x00, 0x00, 0xFE, 0x0F, 0xFC, 0x7F, 0xF9, 0xE1, 0xF7, 0x03, 0xC0, 0x0F, 0x01, 0xFC, 0xFF,
    0xF7, 0xFF, 0xFE, 0x0F, 0xF0, 0x3F, 0xC1, 0xFF, 0x8F, 0xFF, 0xFF, 0x7F, 0xBC, 0xFC, 0xF0, 0x07,
    0x80, 0x3F, 0x01, 0xCE, 0x06, 0x18, 0x1C, 0xE0, 0x3F, 0x00, 0x78, 0x00, 0x00, 0x0F, 0xE0, 0xFF,
    0xC7, 0xFF, 0x9E, 0x1F, 0x70, 0x3C, 0x00, 0xF0, 0x1F, 0xCF, 0xFF, 0x7F, 0xFF, 0xE0, 0xFF, 0x03,
    0xFC, 0x1F, 0xF8, 0xFF, 0xFF, 0xF7, 0xFB, 0xCF, 0xCF, 0x0F, 0xC3, 0xF0, 0x1F, 0xFF, 0xFE, 0x1F,
    0xFF, 0xFF, 0x8F, 0x0F, 0xE3, 0xE1, 0x03, 0xC0, 0xF0, 0x01, 0xE0, 0x38, 0x7F, 0xFF, 0xFE, 0x7F,
    0xFF, 0xFF, 0x7F, 0xFF, 0xFF, 0xFC, 0x1E, 0x00, 0x3C, 0x0F, 0x00, 0x1E, 0x0F, 0x80, 0xEF, 0x8F,
    0xF1, 0xF7, 0xFF, 0xFF, 0xF1, 0xFF, 0x9F, 0xF8, 0x3F, 0x07, 0xF0, 0x0F, 0xE0, 0x3F, 0xF0, 0xFF,
    0xF3, 0xE3, 0xE7, 0x83, 0xFE, 0x02, 0x3C, 0x00, 0x78, 0x00, 0xF0, 0x01, 0xE0, 0x03, 0xC0, 0x63,
    0xC1, 0xF7, 0xC7, 0xC7, 0xFF, 0x87, 0xFE, 0x07, 0xF0, 0x01, 0x80, 0x07, 0x80, 0x07, 0x80, 0x03,
    0x00, 0x3E, 0x00, 0x78, 0x00, 0x0E, 0x00, 0x1E, 0x00, 0x1C, 0x00, 0x1C, 0x00, 0x00, 0x00, 0x00,
    0x03, 0xF8, 0x0F, 0xF8, 0x3F, 0xF8, 0xF8, 0xF9, 0xE0, 0xF7, 0x80, 0xFF, 0xFF, 0xFF, 0xFF, 0xFF,
    0xFF, 0xF8, 0x00, 0xF0, 0x01, 0xF0, 0x39, 0xF1, 0xF1, 0xFF, 0xE1, 0xFF, 0x81, 0xFC, 0x00, 0x00,
    0xE0, 0x03, 0x80, 0x07, 0x00, 0x1C, 0x00, 0x00, 0x00, 0x00, 0x03, 0xF8, 0x0F, 0xF8, 0x3F, 0xF8,
    0xF8, 0xF9, 0xE0, 0xF7, 0x80, 0xFF, 0xFF, 0xFF, 0xFF, 0xFF, 0xFF, 0xF8, 0x00, 0xF0, 0x01, 0xF0,
    0x39, 0xF1, 0xF1, 0xFF, 0xE1, 0xFF, 0x81, 0xFC, 0x00, 0x03, 0x80, 0x0F, 0x80, 0x3F, 0x80, 0xE7,
    0x81, 0x87, 0x00, 0x00, 0x00, 0x00, 0x07, 0xF0, 0x1F, 0xF0, 0x7F, 0xF1, 0xF1, 0xF3, 0xC1, 0xEF,
    0x01, 0xFF, 0xFF, 0xFF, 0xFF, 0xFF, 0xFF, 0xF0, 0x01, 0xE0, 0x03, 0xE0, 0x73, 0xE3, 0xE3, 0xFF,
    0xC3, 0xFF, 0x03, 0xF8, 0x00, 0x18, 0x30, 0x78, 0xF0, 0xF1, 0xE0, 0xC1, 0x80, 0x00, 0x00, 0x00,
    0x03, 0xF8, 0x0F, 0xF8, 0x3F, 0xF8, 0xF8, 0xF9, 0xE0, 0xF7, 0x80, 0xFF, 0xFF, 0xFF, 0xFF, 0xFF,
    0xFF, 0xF8, 0x00, 0xF0, 0x01, 0xF0, 0x39, 0xF0, 0xF1, 0xFF, 0xE1, 0xFF, 0x81, 0xFC, 0x00, 0x78,
    0x70, 0xF0, 0xE0, 0x00, 0x07, 0x8F, 0x1E, 0x3C, 0x78, 0xF1, 0xE3, 0xC7, 0x8F, 0x1E, 0x3C, 0x78,
    0xF1, 0xE3, 0xC0, 0x3C, 0x71, 0xC3, 0x80, 0x00, 0x3C, 0x78, 0xF1, 0xE3, 0xC7, 0x8F, 0x1E, 0x3C,
    0x78, 0xF1, 0xE3, 0xC7, 0x8F, 0x1E, 0x00, 0x0F, 0x01, 0xF8, 0x3B, 0xC7, 0x1E, 0x00, 0x00, 0x00,
    0x0F, 0x00, 0xF0, 0x0F, 0x00, 0xF0, 0x0F, 0x00, 0xF0, 0x0F, 0x00, 0xF0, 0x0F, 0x00, 0xF0, 0x0F,
    0x00, 0xF0, 0x0F, 0x00, 0xF0, 0x0F, 0x00, 0xF0, 0x61, 0xBC, 0xFF, 0x3D, 0x86, 0x00, 0x00, 0x01,
    0xE0, 0x78, 0x1E, 0x07, 0x81, 0xE0, 0x78, 0x1E, 0x07, 0x81, 0xE0, 0x78, 0x1E, 0x07, 0x81, 0xE0,
    0x78, 0x1E, 0x07, 0x80, 0x1F, 0x70, 0xFF, 0x83, 0xBE, 0x00, 0x00, 0x00, 0x03, 0xCF, 0x8F, 0x7F,
    0xBF, 0xFE, 0xFC, 0x7F, 0xC0, 0xFF, 0x03, 0xFC, 0x0F, 0xF0, 0x3F, 0xC0, 0xFF, 0x03, 0xFC, 0x0F,
    0xF0, 0x3F, 0xC0, 0xFF, 0x03, 0xFC, 0x0F, 0xF0, 0x3C, 0x0E, 0x00, 0x1E, 0x00, 0x1C, 0x00, 0x1C,
    0x00, 0x00, 0x00, 0x00, 0x03, 0xF8, 0x0F, 0xF8, 0x3F, 0xF8, 0xF8, 0xFB, 0xE0, 0xFF, 0x80, 0xFF,
    0x01, 0xFE, 0x03, 0xFC, 0x07, 0xF8, 0x0F, 0xF0, 0x1F, 0xF0, 0x7D, 0xF1, 0xF1, 0xFF, 0xC1, 0xFF,
    0x01, 0xFC, 0x00, 0x00, 0xE0, 0x03, 0xC0, 0x07, 0x00, 0x1C, 0x00, 0x00, 0x00, 0x00, 0x03, 0xF8,
    0x0F, 0xF8, 0x3F, 0xF8, 0xF8, 0xFB, 0xE0, 0xFF, 0x80, 0xFF, 0x01, 0xFE, 0x03, 0xFC, 0x07, 0xF8,
    0x0F, 0xF0, 0x1F, 0xF0, 0x7D, 0xF1, 0xF1, 0xFF, 0xC1, 0xFF, 0x01, 0xFC, 0x00, 0x03, 0x80, 0x0F,
    0x80, 0x3F, 0x80, 0xE7, 0x81, 0x87, 0x00, 0x00, 0x00, 0x00, 0x07, 0xF0, 0x1F, 0xF0, 0x7F, 0xF1,
    0xF1, 0xF7, 0xC1, 0xFF, 0x01, 0xFE, 0x03, 0xFC, 0x07, 0xF8, 0x0F, 0xF0, 0x1F, 0xE0, 0x3F, 0xE0,
    0xFB, 0xE3, 0xE3, 0xFF, 0x83, 0xFE, 0x03, 0xF8, 0x00, 0x0F, 0xF0, 0x3F, 0xE0, 0x00, 0x00, 0x00,
    0x00, 0x00, 0x01, 0xFC, 0x07, 0xFC, 0x1F, 0xFC, 0x7C, 0x7D, 0xF0, 0x7F, 0xC0, 0x7F, 0x80, 0xFF,
    0x01, 0xFE, 0x03, 0xFC, 0x07, 0xF8, 0x0F, 0xF8, 0x3E, 0xF8, 0xF8, 0xFF, 0xE0, 0xFF, 0x80, 0xFE,
    0x00, 0x0C, 0x30, 0x3C, 0xF0, 0x79, 0xE0, 0x61, 0x80, 0x00, 0x00, 0x00, 0x03, 0xF8, 0x0F, 0xF8,
    0x3F, 0xF8, 0xF8, 0xFB, 0xE0, 0xFF, 0x80, 0xFF, 0x01, 0xFE, 0x03, 0xFC, 0x07, 0xF8, 0x0F, 0xF0,
    0x1F, 0xF0, 0x7D, 0xF1, 0xF1, 0xFF, 0xC1, 0xFF, 0x01, 0xFC, 0x00, 0x00, 0x00, 0x03, 0xF9, 0x83,
    0xFF, 0xC3, 0xFF, 0xC3, 0xE3, 0xE3, 0xE1, 0xF9, 0xE1, 0xFC, 0xF1, 0xDE, 0x79, 0xCF, 0x3C, 0xC7,
    0x9E, 0xE3, 0xCF, 0xE1, 0xE7, 0xE1, 0xF1, 0xF1, 0xF0, 0xFF, 0xF0, 0xFF, 0xF0, 0x67, 0xF0, 0x00,
    0x00, 0x00, 0x1E, 0x00, 0x38, 0x00, 0xF0, 0x01, 0xC0, 0x00, 0x00, 0x00, 0x0F, 0x03, 0xFC, 0x0F,
    0xF0, 0x3F, 0xC0, 0xFF, 0x03, 0xFC, 0x0F, 0xF0, 0x3F, 0xC0, 0xFF, 0x03, 0xFC, 0x0F, 0xF0, 0x3F,
    0xC0, 0xFF, 0x8F, 0xDF, 0xFF, 0x7F, 0xBC, 0x7C, 0xF0, 0x01, 0xE0, 0x07, 0x00, 0x38, 0x00, 0xE0,
    0x00, 0x00, 0x00, 0x0F, 0x03, 0xFC, 0x0F, 0xF0, 0x3F, 0xC0, 0xFF, 0x03, 0xFC, 0x0F, 0xF0, 0x3F,
    0xC0, 0xFF, 0x03, 0xFC, 0x0F, 0xF0, 0x3F, 0xC0, 0xFF, 0x8F, 0xDF, 0xFF, 0x7F, 0xBC, 0x7C, 0xF0,
    0x18, 0x60, 0xF3, 0xC3, 0xCF, 0x06, 0x18, 0x00, 0x00, 0x00, 0x0F, 0x03, 0xFC, 0x0F, 0xF0, 0x3F,
    0xC0, 0xFF, 0x03, 0xFC, 0x0F, 0xF0, 0x3F, 0xC0, 0xFF, 0x03, 0xFC, 0x0F, 0xF0, 0x3F, 0xC0, 0xFF,
    0x8F, 0xDF, 0xFF, 0x7F, 0xBC, 0x7C, 0xF0, 0x00, 0x78, 0x00, 0x78, 0x00, 0x38, 0x00, 0x38, 0x00,
    0x00, 0x00, 0x00, 0x01, 0xE0, 0x3E, 0xF0, 0x1E, 0x78, 0x0F, 0x1E, 0x0F, 0x0F, 0x07, 0x87, 0x83,
    0xC1, 0xE3, 0xC0, 0xF1, 0xE0, 0x38, 0xF0, 0x1E, 0xF0, 0x0F, 0x78, 0x03, 0xB8, 0x01, 0xFC, 0x00,
    0x7E, 0x00, 0x3E, 0x00, 0x1F, 0x00, 0x0F, 0x00, 0x07, 0x80, 0x07, 0xC0, 0x1F, 0xC0, 0x0F, 0xC0,
    0x07, 0xC0, 0x00, 0x18, 0x30, 0x71, 0xC0, 0xFE, 0x01, 0xF0, 0x00, 0x00, 0x00, 0x00, 0xFE, 0x0F,
    0xFC, 0x7F, 0xF9, 0xF1, 0xF7, 0x03, 0xC0, 0x0F, 0x01, 0xFC, 0xFF, 0xF7, 0xFF, 0xFE, 0x0F, 0xF0,
    0x3F, 0xC0, 0xFF, 0x07, 0xFF, 0xFF, 0x7F, 0xBC, 0xFC, 0xF0, 0x0F, 0xE0, 0x7F, 0xE1, 0xFF, 0xE3,
    0xE3, 0xE7, 0x03, 0xC0, 0x07, 0x80, 0x7F, 0x1F, 0xFE, 0x7F, 0xFD, 0xF0, 0x7B, 0xC0, 0xF7, 0x83,
    0xEF, 0x8F, 0xDF, 0xFF, 0x9F, 0xEF, 0x1F, 0x9E, 0x00, 0x70, 0x01, 0xE0, 0x03, 0xC0, 0x07, 0xE0,
    0x0F, 0xC0, 0x0F, 0x80, 0x00, 0xF0, 0x03, 0xC0, 0x07, 0x00, 0x1C, 0x00, 0x00, 0x00, 0x00, 0x03,
    0xF8, 0x0F, 0xF8, 0x3F, 0xF8, 0xF8, 0xF9, 0xE0, 0xF7, 0x80, 0x8F, 0x00, 0x1E, 0x00, 0x3C, 0x00,
    0x78, 0x00, 0xF0, 0x18, 0xF0, 0x79, 0xF1, 0xF1, 0xFF, 0xC1, 0xFF, 0x01, 0xFC, 0x00, 0x07, 0x1E,
    0x00, 0xF7, 0x80, 0x0F, 0xE0, 0x00, 0xF8, 0x00, 0x0F, 0x00, 0x00, 0x00, 0x00, 0x00, 0x00, 0x1F,
    0xE0, 0x0F, 0xFF, 0x03, 0xFF, 0xF0, 0xFC, 0x3F, 0x3E, 0x01, 0xE7, 0x80, 0x3F, 0xF0, 0x00, 0x3C,
    0x00, 0x07, 0x80, 0x00, 0xF0, 0x00, 0x1E, 0x00, 0x03, 0xC0, 0x00, 0x78, 0x00, 0x0F, 0x00, 0x01,
    0xF0, 0x07, 0xDE, 0x00, 0xF3, 0xE0, 0x3E, 0x3F, 0x0F, 0x83, 0xFF, 0xE0, 0x3F, 0xF8, 0x01, 0xFC,
    0x00, 0x1C, 0x38, 0x3C, 0xE0, 0x3F, 0x80, 0x3E, 0x00, 0x38, 0x00, 0x00, 0x00, 0x00, 0x07, 0xF0,
    0x1F, 0xF0, 0x7F, 0xF1, 0xF1, 0xF3, 0xC1, 0xEF, 0x01, 0x1E, 0x00, 0x3C, 0x00, 0x78, 0x00, 0xF0,
    0x01, 0xE0, 0x31, 0xE0, 0xF3, 0xE3, 0xE3, 0xFF, 0x83, 0xFE, 0x03, 0xF8, 0x00, 0x30, 0x70, 0x0F,
    0x38, 0x01, 0xFC, 0x00, 0x3E, 0x00, 0x07, 0x00, 0x00, 0x00, 0x00, 0x00, 0x03, 0xFF, 0xC0, 0xFF,
    0xFC, 0x3F, 0xFF, 0x8F, 0x03, 0xF3, 0xC0, 0x3C, 0xF0, 0x07, 0xBC, 0x01, 0xEF, 0x00, 0x3F, 0xC0,
    0x0F, 0xF0, 0x03, 0xFC, 0x00, 0xFF, 0x00, 0x3F, 0xC0, 0x0F, 0xF0, 0x07, 0xFC, 0x01, 0xEF, 0x00,
    0x7B, 0xC0, 0x3C, 0xF0, 0x3F, 0x3F, 0xFF, 0x8F, 0xFF, 0xC3, 0xFF, 0x80, 0x00, 0x00, 0x70, 0x00,
    0xF3, 0x80, 0x07, 0x9C, 0x00, 0x3C, 0xE0, 0x01, 0xE6, 0x00, 0x0F, 0x00, 0x3E, 0x78, 0x07, 0xFB,
    0xC0, 0x7F, 0xFE, 0x03, 0xE3, 0xF0, 0x3E, 0x0F, 0x81, 0xE0, 0x3C, 0x0F, 0x01, 0xE0, 0x78, 0x0F,
    0x03, 0xC0, 0x78, 0x1E, 0x03, 0xC0, 0xF0, 0x1E, 0x07, 0xC1, 0xF0, 0x1F, 0x1F, 0x80, 0xFF, 0xFC,
    0x03, 0xFD, 0xE0, 0x07, 0xCF, 0x00, 0x1F, 0xFE, 0x00, 0xFF, 0xFC, 0x07, 0xFF, 0xF0, 0x3C, 0x0F,
    0xC1, 0xE0, 0x1E, 0x0F, 0x00, 0x78, 0x78, 0x03, 0xC3, 0xC0, 0x0F, 0x1E, 0x00, 0x7F, 0xFF, 0x83,
    0xFF, 0xFC, 0x1F, 0xFF, 0xE0, 0xF1, 0xE0, 0x07, 0x8F, 0x00, 0x7C, 0x78, 0x03, 0xC3, 0xC0, 0x1E,
    0x1E, 0x01, 0xE0, 0xF0, 0x3F, 0x07, 0xFF, 0xF0, 0x3F, 0xFF, 0x01, 0xFF, 0xC0, 0x00, 0x00, 0x1E,
    0x00, 0xFF, 0xC0, 0x7F, 0xE0, 0x03, 0xC0, 0x01, 0xE0, 0x7C, 0xF0, 0xFF, 0x78, 0xFF, 0xFC, 0x7C,
    0x7E, 0x7C, 0x1F, 0x3C, 0x07, 0x9E, 0x03, 0xCF, 0x01, 0xE7, 0x80, 0xF3, 0xC0, 0x79, 0xE0, 0x3C,
    0xF8, 0x3E, 0x3E, 0x3F, 0x1F, 0xFF, 0x87, 0xFB, 0xC0, 0xF9, 0xE0, 0x03, 0x00, 0x1E, 0x00, 0x78,
    0x00, 0xC0, 0x00, 0x00, 0x00, 0x0F, 0xFF, 0xFF, 0xFF, 0xFF, 0xFF, 0xC0, 0x0F, 0x00, 0x3C, 0x00,
    0xF0, 0x03, 0xC0, 0x0F, 0x00, 0x3F, 0xFE, 0xFF, 0xFB, 0xFF, 0xEF, 0x00, 0x3C, 0x00, 0xF0, 0x03,
    0xC0, 0x0F, 0x00, 0x3C, 0x00, 0xFF, 0xFF, 0xFF, 0xFF, 0xFF, 0xC0, 0x03, 0x00, 0x0F, 0x00, 0x1E,
    0x00, 0x18, 0x00, 0x00, 0x00, 0x00, 0x03, 0xF8, 0x0F, 0xF8, 0x3F, 0xF8, 0xF8, 0xF9, 0xE0, 0xF7,
    0x80, 0xFF, 0xFF, 0xFF, 0xFF, 0xFF, 0xFF, 0xF8, 0x00, 0xF0, 0x01, 0xF0, 0x39, 0xF1, 0xF1, 0xFF,
    0xE1, 0xFF, 0x81, 0xFC, 0x00, 0xFF, 0xFD, 0xFF, 0xFB, 0xFF, 0xF7, 0x80, 0x0F, 0x00, 0x1E, 0x00,
    0x3C, 0x00, 0x78, 0x00, 0xF0, 0x01, 0xFF, 0xF3, 0xFF, 0xE7, 0xFF, 0xCF, 0x00, 0x1E, 0x00, 0x3C,
    0x00, 0x78, 0x00, 0xF0, 0x01, 0xE0, 0x03, 0xFF, 0xF7, 0xFF, 0xEF, 0xFF, 0xC0, 0x0F, 0x00, 0x3C,
    0x00, 0x78, 0x00, 0xFC, 0x01, 0xFC, 0x01, 0xF0, 0x0F, 0xE0, 0x3F, 0xE0, 0xFF, 0xE3, 0xE3, 0xE7,
    0x83, 0xDE, 0x03, 0xFF, 0xFF, 0xFF, 0xFF, 0xFF, 0xFF, 0xE0, 0x03, 0xC0, 0x07, 0xC0, 0xE7, 0xC7,
    0xC7, 0xFF, 0x87, 0xFF, 0x07, 0xFC, 0x00, 0x70, 0x01, 0xE0, 0x03, 0xC0, 0x07, 0xE0, 0x0F, 0xC0,
    0x0F, 0x80, 0x38, 0x70, 0xF3, 0xC1, 0xFE, 0x03, 0xF0, 0x07, 0x00, 0x00, 0x00, 0x00, 0x3F, 0xFF,
    0xFF, 0xFF, 0xFF, 0xFF, 0x00, 0x3C, 0x00, 0xF0, 0x03, 0xC0, 0x0F, 0x00, 0x3C, 0x00, 0xFF, 0xFB,
    0xFF, 0xEF, 0xFF, 0xBC, 0x00, 0xF0, 0x03, 0xC0, 0x0F, 0x00, 0x3C, 0x00, 0xF0, 0x03, 0xFF, 0xFF,
    0xFF, 0xFF, 0xFF, 0x18, 0x70, 0x39, 0xE0, 0x3F, 0x80, 0x3E, 0x00, 0x38, 0x00, 0x00, 0x00, 0x00,
    0x07, 0xF0, 0x1F, 0xF0, 0x7F, 0xF1, 0xF1, 0xF3, 0xC1, 0xEF, 0x01, 0xFF, 0xFF, 0xFF, 0xFF, 0xFF,
    0xFF, 0xF0, 0x01, 0xE0, 0x03, 0xE0, 0x73, 0xE3, 0xE3, 0xFF, 0xC3, 0xFF, 0x03, 0xF8, 0x00, 0x06,
    0x0C, 0x00, 0xE1, 0x80, 0x1E, 0x70, 0x01, 0xFC, 0x00, 0x1F, 0x00, 0x00, 0x00, 0x00, 0x00, 0x00,
    0x1F, 0xC0, 0x0F, 0xFE, 0x03, 0xFF, 0xF0, 0xFC, 0x3E, 0x3E, 0x03, 0xE7, 0x80, 0x3D, 0xF0, 0x03,
    0xBC, 0x00, 0x07, 0x80, 0x00, 0xF0, 0x00, 0x1E, 0x07, 0xFF, 0xC0, 0xFF, 0xF8, 0x1F, 0xFF, 0x00,
    0x1F, 0xF0, 0x03, 0xDE, 0x00, 0xF3, 0xE0, 0x1E, 0x3F, 0x0F, 0x83, 0xFF, 0xF0, 0x3F, 0xF8, 0x01,
    0xFC, 0x00, 0x18, 0x30, 0x38, 0xE0, 0x3F, 0x80, 0x3E, 0x00, 0x00, 0x00, 0x00, 0x03, 0xE7, 0x9F,
    0xEF, 0x7F, 0xFE, 0xF8, 0xFF, 0xE0, 0xFF, 0x80, 0xFF, 0x01, 0xFE, 0x03, 0xFC, 0x07, 0xF8, 0x0F,
    0xF0, 0x1F, 0xF0, 0x7D, 0xF1, 0xFB, 0xFF, 0xF3, 0xFD, 0xE1, 0xF3, 0xC0, 0x07, 0x88, 0x0F, 0x78,
    0x3E, 0xFF, 0xF8, 0xFF, 0xE0, 0x7F, 0x00, 0x7D, 0xFF, 0xEE, 0xF8, 0x00, 0x00, 0x07, 0x81, 0xE0,
    0x78, 0x1E, 0x07, 0x81, 0xE0, 0x78, 0x1E, 0x07, 0x81, 0xE0, 0x78, 0x1E, 0x07, 0x81, 0xE0, 0x78,
    0x1E, 0x00, 0x3C, 0x78, 0xF1, 0xE3, 0xC7, 0x8F, 0x1E, 0x3C, 0x78, 0xF1, 0xE3, 0xC7, 0x8F, 0x1E,
    0x3C, 0x78, 0xF1, 0xE3, 0xCF, 0x3C, 0x78, 0xFD, 0xF9, 0xF0, 0x18, 0x78, 0xF0, 0xC0, 0x00, 0x0F,
    0x1E, 0x3C, 0x78, 0xF1, 0xE3, 0xC7, 0x8F, 0x1E, 0x3C, 0x78, 0xF1, 0xE3, 0xC7, 0x9E, 0x78, 0xF1,
    0xFB, 0xF3, 0xE0, 0x6F, 0xF6, 0x00, 0xFF, 0xFF, 0xFF, 0xFF, 0xFF, 0xFF, 0xFF, 0xFF, 0xFF, 0xFF,
    0xF0, 0xFF, 0xFF, 0xFF, 0xFF, 0xFF, 0xFF, 0xFF, 0xFF, 0x3C, 0x71, 0xC3, 0x80, 0x00, 0x3C, 0x78,
    0xF1, 0xE3, 0xC7, 0x8F, 0x1E, 0x3C, 0x78, 0xF1, 0xE3, 0xC7, 0x8F, 0x1E, 0x3C, 0x78, 0xF1, 0xE3,
    0xC0, 0x01, 0xC7, 0x8E, 0x3C, 0x71, 0xE3, 0x8F, 0x18, 0x78, 0x03, 0xC0, 0x1E, 0x00, 0xF0, 0x07,
    0x80, 0x3C, 0x01, 0xE0, 0x0F, 0x00, 0x78, 0x03, 0xC0, 0x1E, 0x00, 0xF0, 0x07, 0x80, 0x3C, 0x01,
    0xFF, 0xFF, 0xFF, 0xFF, 0xFC, 0x07, 0xFB, 0xBD, 0xDE, 0xEF, 0x77, 0x83, 0xC1, 0xE0, 0xF0, 0x78,
    0x3C, 0x1E, 0x0F, 0x07, 0x83, 0xC1, 0xE0, 0xF0, 0x78, 0x3C, 0x1E, 0x0F, 0x07, 0x80, 0x1E, 0x00,
    0x1E, 0x00, 0x1E, 0x00, 0x1E, 0x00, 0x1E, 0x00, 0x1E, 0x30, 0x1E, 0x70, 0x1F, 0xF0, 0x1F, 0xF0,
    0x1F, 0xC0, 0x3F, 0x00, 0x7E, 0x00, 0xFE, 0x00, 0xFE, 0x00, 0x1E, 0x00, 0x1E, 0x00, 0x1E, 0x00,
    0x1E, 0x00, 0x1F, 0xFF, 0x1F, 0xFF, 0x1F, 0xFF, 0x3C, 0x3C, 0x3C, 0x3C, 0x3C, 0x3D, 0x3F, 0x3F,
    0x3E, 0xFC, 0xFC, 0xFC, 0x3C, 0x3C, 0x3C, 0x3C, 0x3C, 0x3C, 0x3C, 0x3C, 0x3C, 0x01, 0xE0, 0x07,
    0x00, 0x38, 0x00, 0xE0, 0x00, 0x00, 0x00, 0x0F, 0x3E, 0x3D, 0xFE, 0xFF, 0xFB, 0xF1, 0xFF, 0x03,
    0xFC, 0x0F, 0xF0, 0x3F, 0xC0, 0xFF, 0x03, 0xFC, 0x0F, 0xF0, 0x3F, 0xC0, 0xFF, 0x03, 0xFC, 0x0F,
    0xF0, 0x3F, 0xC0, 0xF0, 0x3C, 0xF0, 0x73, 0x80, 0xFC, 0x01, 0xE0, 0x00, 0x00, 0x00, 0x0F, 0x3E,
    0x3D, 0xFE, 0xFF, 0xFB, 0xF1, 0xFF, 0x03, 0xFC, 0x0F, 0xF0, 0x3F, 0xC0, 0xFF, 0x03, 0xFC, 0x0F,
    0xF0, 0x3F, 0xC0, 0xFF, 0x03, 0xFC, 0x0F, 0xF0, 0x3F, 0xC0, 0xF0, 0x0E, 0x78, 0x1C, 0xE0, 0x73,
    0x80, 0xE7, 0x00, 0x00, 0x00, 0x00, 0x03, 0xF8, 0x0F, 0xF8, 0x3F, 0xF8, 0xF8, 0xFB, 0xE0, 0xFF,
    0x80, 0xFF, 0x01, 0xFE, 0x03, 0xFC, 0x07, 0xF8, 0x0F, 0xF0, 0x1F, 0xF0, 0x7D, 0xF1, 0xF1, 0xFF,
    0xC1, 0xFF, 0x01, 0xFC, 0x00, 0x07, 0x07, 0x83, 0x83, 0x80, 0x00, 0x03, 0xDF, 0xFF, 0xFF, 0xFE,
    0x3C, 0x1E, 0x0F, 0x07, 0x83, 0xC1, 0xE0, 0xF0, 0x78, 0x3C, 0x1E, 0x0F, 0x07, 0x80, 0x38, 0x70,
    0x1C, 0xF0, 0x0F, 0xE0, 0x07, 0xC0, 0x03, 0x80, 0x00, 0x00, 0x00, 0x00, 0xFF, 0xE0, 0xFF, 0xF8,
    0xFF, 0xFC, 0xF0, 0x7C, 0xF0, 0x1E, 0xF0, 0x1E, 0xF0, 0x1E, 0xF0, 0x1E, 0xF0, 0x1E, 0xF0, 0x7E,
    0xFF, 0xFC, 0xFF, 0xF8, 0xFF, 0xF0, 0xF0, 0xF0, 0xF0, 0xF0, 0xF0, 0x78, 0xF0, 0x7C, 0xF0, 0x3C,
    0xF0, 0x3E, 0xF0, 0x1E, 0xF0, 0x1F, 0xF1, 0xCF, 0x78, 0xFE, 0x0F, 0x80, 0x00, 0x00, 0x1E, 0xF3,
    0xFE, 0x7F, 0xCF, 0xC1, 0xE0, 0x3C, 0x07, 0x80, 0xF0, 0x1E, 0x03, 0xC0, 0x78, 0x0F, 0x01, 0xE0,
    0x3C, 0x07, 0x80, 0xF0, 0x00, 0x00, 0x78, 0x00, 0x78, 0x00, 0x38, 0x00, 0x38, 0x00, 0x00, 0x00,
    0x00, 0x00, 0x00, 0x00, 0x0F, 0xE0, 0x1F, 0xFC, 0x1F, 0xFF, 0x0F, 0x87, 0xCF, 0x01, 0xE7, 0x80,
    0x73, 0xC0, 0x01, 0xF0, 0x00, 0x7F, 0x00, 0x3F, 0xF0, 0x07, 0xFE, 0x00, 0xFF, 0xC0, 0x07, 0xE0,
    0x00, 0xF8, 0x00, 0x3F, 0xC0, 0x1E, 0xF0, 0x1F, 0x7C, 0x1F, 0x1F, 0xFF, 0x87, 0xFF, 0x80, 0xFF,
    0x00, 0x00, 0xE0, 0x07, 0x80, 0x1C, 0x00, 0xE0, 0x00, 0x00, 0x00, 0x00, 0xFE, 0x0F, 0xFC, 0x7F,
    0xF9, 0xF1, 0xF7, 0x83, 0x9E, 0x00, 0x7F, 0x00, 0xFF, 0x80, 0xFF, 0x80, 0x3F, 0x00, 0x3D, 0xC0,
    0xF7, 0xC7, 0xDF, 0xFE, 0x3F, 0xF0, 0x3F, 0x80, 0x07, 0xF0, 0x0F, 0xFE, 0x0F, 0xFF, 0x87, 0xC3,
    0xE7, 0x80, 0xF3, 0xC0, 0x39, 0xE0, 0x00, 0xF8, 0x00, 0x3F, 0x80, 0x1F, 0xF8, 0x03, 0xFF, 0x00,
    0x7F, 0xE0, 0x03, 0xF0, 0x00, 0x7C, 0x00, 0x1F, 0xE0, 0x0F, 0x78, 0x0F, 0xBE, 0x0F, 0x8F, 0xFF,
    0xC3, 0xFF, 0xC0, 0x7F, 0x80, 0x0C, 0x00, 0x07, 0x80, 0x01, 0xE0, 0x00, 0x30, 0x00, 0xF8, 0x00,
    0x78, 0x00, 0x0F, 0xE0, 0xFF, 0xC7, 0xFF, 0x9F, 0x1F, 0x78, 0x39, 0xE0, 0x07, 0xF0, 0x0F, 0xF8,
    0x0F, 0xF8, 0x03, 0xF0, 0x03, 0xDC, 0x0F, 0x7C, 0x7D, 0xFF, 0xE3, 0xFF, 0x03, 0xF8, 0x03, 0x00,
    0x0F, 0x00, 0x1E, 0x00, 0x18, 0x03, 0xE0, 0x0F, 0x00, 0x1E, 0x3C, 0x07, 0xBC, 0x01, 0xFC, 0x00,
    0x7C, 0x00, 0x1C, 0x00, 0x00, 0x00, 0x00, 0x00, 0x0F, 0xF0, 0x1F, 0xFE, 0x1F, 0xFF, 0x8F, 0x87,
    0xCF, 0x00, 0xF7, 0x80, 0x03, 0xC0, 0x01, 0xF0, 0x00, 0x7F, 0x00, 0x3F, 0xF0, 0x07, 0xFE, 0x00,
    0xFF, 0xC0, 0x07, 0xE0, 0x00, 0xFB, 0x80, 0x3F, 0xC0, 0x1E, 0xF0, 0x1F, 0x7C, 0x1F, 0x1F, 0xFF,
    0x87, 0xFF, 0x80, 0xFF, 0x00, 0x18, 0x70, 0x73, 0xC0, 0xFE, 0x01, 0xF0, 0x03, 0x80, 0x00, 0x00,
    0x00, 0x03, 0xF8, 0x3F, 0xF1, 0xFF, 0xE7, 0xC7, 0xDE, 0x0E, 0x78, 0x01, 0xFC, 0x03, 0xFE, 0x03,
    0xFE, 0x00, 0xFC, 0x00, 0xF7, 0x03, 0xDF, 0x1F, 0x7F, 0xF8, 0xFF, 0xC0, 0xFE, 0x00, 0x1E, 0x03,
    0xC0, 0x78, 0x0F, 0x0F, 0xFD, 0xFF, 0xBF, 0xF0, 0xF0, 0x1E, 0x03, 0xC0, 0x78, 0x0F, 0x01, 0xE0,
    0x3C, 0x07, 0x80, 0xF0, 0x1E, 0x03, 0xF8, 0x3F, 0x03, 0xE0, 0x30, 0x07, 0x00, 0xF0, 0x06, 0x07,
    0xC0, 0xF0, 0x1C, 0x38, 0x07, 0x3C, 0x01, 0xFC, 0x00, 0x7C, 0x00, 0x1C, 0x00, 0x00, 0x00, 0x00,
    0x01, 0xFF, 0xFF, 0xFF, 0xFF, 0xFF, 0xFF, 0xC0, 0xF0, 0x00, 0x78, 0x00, 0x3C, 0x00, 0x1E, 0x00,
    0x0F, 0x00, 0x07, 0x80, 0x03, 0xC0, 0x01, 0xE0, 0x00, 0xF0, 0x00, 0x78, 0x00, 0x3C, 0x00, 0x1E,
    0x00, 0x0F, 0x00, 0x07, 0x80, 0x03, 0xC0, 0x01, 0xE0, 0x00, 0xF0, 0x00, 0x78, 0x00, 0x00, 0xF0,
    0x0F, 0x00, 0xE1, 0xEE, 0x1E, 0xE1, 0xE0, 0x1E, 0x0F, 0xFC, 0xFF, 0xCF, 0xFC, 0x1E, 0x01, 0xE0,
    0x1E, 0x01, 0xE0, 0x1E, 0x01, 0xE0, 0x1E, 0x01, 0xE0, 0x1E, 0x01, 0xE0, 0x1F, 0xC0, 0xFC, 0x07,
    0xC0, 0x1F, 0xE0, 0x7F, 0x81, 0xFE, 0x00, 0x00, 0x00, 0x03, 0xC0, 0xFF, 0x03, 0xFC, 0x0F, 0xF0,
    0x3F, 0xC0, 0xFF, 0x03, 0xFC, 0x0F, 0xF0, 0x3F, 0xC0, 0xFF, 0x03, 0xFC, 0x0F, 0xF0, 0x3F, 0xE3,
    0xF7, 0xFF, 0xDF, 0xEF, 0x1F, 0x3C, 0x03, 0xE0, 0x03, 0xF8, 0x01, 0x8C, 0x00, 0xC6, 0x00, 0x77,
    0x00, 0x3F, 0x80, 0x07, 0x00, 0x00, 0x00, 0xF0, 0x07, 0xF8, 0x03, 0xFC, 0x01, 0xFE, 0x00, 0xFF,
    0x00, 0x7F, 0x80, 0x3F, 0xC0, 0x1F, 0xE0, 0x0F, 0xF0, 0x07, 0xF8, 0x03, 0xFC, 0x01, 0xFE, 0x00,
    0xFF, 0x00, 0x7F, 0x80, 0x3F, 0xC0, 0x1F, 0xE0, 0x0F, 0xF8, 0x0F, 0xBE, 0x0F, 0x8F, 0xFF, 0x83,
    0xFF, 0x80, 0x7F, 0x00, 0x07, 0x80, 0x3F, 0x01, 0xCE, 0x06, 0x18, 0x1C, 0xE0, 0x3F, 0x00, 0x78,
    0x00, 0x00, 0xF0, 0x3F, 0xC0, 0xFF, 0x03, 0xFC, 0x0F, 0xF0, 0x3F, 0xC0, 0xFF, 0x03, 0xFC, 0x0F,
    0xF0, 0x3F, 0xC0, 0xFF, 0x03, 0xFC, 0x0F, 0xF8, 0xFD, 0xFF, 0xF7, 0xFB, 0xC7, 0xCF, 0x07, 0xBC,
    0x03, 0x9C, 0x03, 0x9E, 0x01, 0xCE, 0x00, 0x00, 0x00, 0x00, 0x00, 0x00, 0x01, 0xE0, 0x0F, 0xF0,
    0x07, 0xF8, 0x03, 0xFC, 0x01, 0xFE, 0x00, 0xFF, 0x00, 0x7F, 0x80, 0x3F, 0xC0, 0x1F, 0xE0, 0x0F,
    0xF0, 0x07, 0xF8, 0x03, 0xFC, 0x01, 0xFE, 0x00, 0xFF, 0x00, 0x7F, 0x80, 0x3F, 0xC0, 0x1F, 0xF0,
    0x1F, 0x7C, 0x1F, 0x1F, 0xFF, 0x07, 0xFF, 0x00, 0xFE, 0x00, 0x1E, 0x78, 0x73, 0xC1, 0xCE, 0x0E,
    0x70, 0x00, 0x00, 0x00, 0x0F, 0x03, 0xFC, 0x0F, 0xF0, 0x3F, 0xC0, 0xFF, 0x03, 0xFC, 0x0F, 0xF0,
    0x3F, 0xC0, 0xFF, 0x03, 0xFC, 0x0F, 0xF0, 0x3F, 0xC0, 0xFF, 0x8F, 0xDF, 0xFF, 0x7F, 0xBC, 0x7C,
    0xF0, 0xF0, 0x07, 0xF8, 0x03, 0xFC, 0x01, 0xFE, 0x00, 0xFF, 0x00, 0x7F, 0x80, 0x3F, 0xC0, 0x1F,
    0xE0, 0x0F, 0xF0, 0x07, 0xF8, 0x03, 0xFC, 0x01, 0xFE, 0x00, 0xFF, 0x00, 0x7F, 0x80, 0x3F, 0xC0,
    0x1F, 0xE0, 0x0F, 0xF8, 0x0F, 0xBE, 0x0F, 0x8F, 0xFF, 0x83, 0xFF, 0x80, 0x7F, 0x80, 0x0F, 0x00,
    0x0F, 0x00, 0x07, 0x80, 0x03, 0xF0, 0x01, 0xF8, 0x00, 0x7C, 0x00, 0xF0, 0x3D, 0xE0, 0x7B, 0xC0,
    0xF7, 0x81, 0xEF, 0x03, 0xDE, 0x07, 0xBC, 0x0F, 0x78, 0x1E, 0xF0, 0x3D, 0xE0, 0x7B, 0xC0, 0xF7,
    0x81, 0xEF, 0x8F, 0xCF, 0xFF, 0x9F, 0xEF, 0x0F, 0x9E, 0x00, 0x78, 0x01, 0xE0, 0x03, 0xC0, 0x07,
    0xE0, 0x0F, 0xE0, 0x0F, 0x80, 0x01, 0xE0, 0x1E, 0x00, 0xE0, 0x0E, 0x00, 0x00, 0x00, 0x03, 0xFF,
    0xFF, 0xFF, 0xFF, 0xF8, 0x07, 0x80, 0x7C, 0x07, 0xC0, 0x7C, 0x03, 0xC0, 0x3C, 0x03, 0xE0, 0x3E,
    0x01, 0xE0, 0x1E, 0x01, 0xFF, 0xFF, 0xFF, 0xFF, 0xFC, 0x06, 0x00, 0x78, 0x03, 0xC0, 0x0C, 0x00,
    0x00, 0x00, 0x03, 0xFF, 0xFF, 0xFF, 0xFF, 0xF8, 0x0F, 0x80, 0xF8, 0x07, 0xC0, 0x7C, 0x07, 0xC0,
    0x3C, 0x03, 0xC0, 0x3E, 0x03, 0xE0, 0x1E, 0x01, 0xFF, 0xFF, 0xFF, 0xFF, 0xFC, 0x1C, 0x38, 0x1E,
    0x78, 0x0F, 0xF0, 0x07, 0xE0, 0x03, 0xC0, 0x00, 0x00, 0x00, 0x00, 0xFF, 0xFF, 0xFF, 0xFF, 0xFF,
    0xFF, 0x00, 0x1E, 0x00, 0x3E, 0x00, 0x7C, 0x00, 0x78, 0x00, 0xF0, 0x01, 0xF0, 0x03, 0xE0, 0x03,
    0xC0, 0x07, 0xC0, 0x0F, 0x80, 0x0F, 0x00, 0x1E, 0x00, 0x3E, 0x00, 0x7C, 0x00, 0x78, 0x00, 0xFF,
    0xFF, 0xFF, 0xFF, 0xFF, 0xFF, 0x78, 0xF1, 0xEF, 0x07, 0xF0, 0x1F, 0x00, 0x00, 0x00, 0x03, 0xFF,
    0xFF, 0xFF, 0xFF, 0xF8, 0x07, 0x80, 0x7C, 0x07, 0xC0, 0x7C, 0x03, 0xC0, 0x3C, 0x03, 0xE0, 0x3E,
    0x01, 0xE0, 0x1E, 0x01, 0xFF, 0xFF, 0xFF, 0xFF, 0xFC, 0x00, 0x07, 0x00, 0x07, 0x00, 0x07, 0x00,
    0x07, 0x0F, 0xFF, 0x1F, 0xFE, 0x3F, 0xF8, 0x7C, 0x7C, 0xF8, 0x3E, 0xF0, 0x1E, 0xF0, 0x1E, 0xF0,
    0x1E, 0xF0, 0x1E, 0xF0, 0x1E, 0xF0, 0x1E, 0xF8, 0x3E, 0x7C, 0x7C, 0x3F, 0xF8, 0x1F, 0xF0, 0x0F,
    0xE0, 0x00, 0x07, 0x00, 0x07, 0x00, 0x07, 0x00, 0x07, 0xF0, 0x3F, 0xF0, 0x3E, 0xF0, 0x3C, 0xF0,
    0x3C, 0xF0, 0x3C, 0xF0, 0x3C, 0xF0, 0x3C, 0xF0, 0x3C, 0xF0, 0x3C, 0xF0, 0x3C, 0xF0, 0x3C, 0xF0,
    0x3C, 0xF8, 0xFC, 0x7F, 0xFC, 0x7F, 0xBC, 0x1F, 0x3C, 0x07, 0xF0, 0x0F, 0xFE, 0x0F, 0xFF, 0x87,
    0xC3, 0xE7, 0x80, 0xF3, 0xC0, 0x39, 0xE0, 0x00, 0xF8, 0x00, 0x3F, 0x80, 0x1F, 0xF8, 0x03, 0xFF,
    0x00, 0x7F, 0xE0, 0x03, 0xF0, 0x00, 0x7C, 0x00, 0x1F, 0xE0, 0x0F, 0x78, 0x0F, 0xBE, 0x0F, 0x8F,
    0xFF, 0xC3, 0xFF, 0xC0, 0x7F, 0x80, 0x00, 0x00, 0x07, 0x00, 0x07, 0x80, 0x03, 0x80, 0x01, 0xC0,
    0x00, 0xE0, 0x00, 0x0F, 0xE0, 0xFF, 0xC7, 0xFF, 0x9F, 0x1F, 0x78, 0x39, 0xE0, 0x07, 0xF0, 0x0F,
    0xF8, 0x0F, 0xF8, 0x03, 0xF0, 0x03, 0xDC, 0x0F, 0x7C, 0x7D, 0xFF, 0xE3, 0xFF, 0x03, 0xF8, 0x00,
    0x00, 0x1E, 0x00, 0x78, 0x01, 0xC0, 0x07, 0x00, 0x38, 0x00, 0xFF, 0xFF, 0xFF, 0xFF, 0xFF, 0xFF,
    0xE0, 0x78, 0x00, 0x3C, 0x00, 0x1E, 0x00, 0x0F, 0x00, 0x07, 0x80, 0x03, 0xC0, 0x01, 0xE0, 0x00,
    0xF0, 0x00, 0x78, 0x00, 0x3C, 0x00, 0x1E, 0x00, 0x0F, 0x00, 0x07, 0x80, 0x03, 0xC0, 0x01, 0xE0,
    0x00, 0xF0, 0x00, 0x78, 0x00, 0x3C, 0x00, 0x00, 0x00, 0x00, 0x00, 0x07, 0x80, 0x03, 0x80, 0x01,
    0xC0, 0x01, 0xE0, 0x00, 0xE0, 0x00, 0x1E, 0x03, 0xC0, 0x78, 0x0F, 0x0F, 0xFD, 0xFF, 0xBF, 0xF0,
    0xF0, 0x1E, 0x03, 0xC0, 0x78, 0x0F, 0x01, 0xE0, 0x3C, 0x07, 0x80, 0xF0, 0x1E, 0x03, 0xF8, 0x3F,
    0x03, 0xE0, 0x00, 0x00, 0x03, 0xC0, 0x78, 0x0E, 0x03, 0xC0, 0x70, 0x00, 0x03, 0xF8, 0x01, 0xFF,
    0xC0, 0x7F, 0xFE, 0x1F, 0x87, 0xC7, 0xC0, 0x3C, 0xF0, 0x07, 0xFE, 0x00, 0x7F, 0x80, 0x00, 0xF0,
    0x00, 0x1F, 0xFE, 0x03, 0xFF, 0xC0, 0x7F, 0xF8, 0x0F, 0x00, 0x01, 0xE0, 0x00, 0x3E, 0x00, 0x7B,
    0xC0, 0x1F, 0x7C, 0x03, 0xC7, 0xE1, 0xF8, 0x7F, 0xFE, 0x07, 0xFF, 0x00, 0x3F, 0x80, 0xFF, 0xFF,
    0xFF, 0xFF, 0xFF, 0xFF, 0xFF, 0xFF, 0xFF, 0xFF, 0xF0, 0x00, 0xF8, 0x00, 0x0F, 0xC0, 0x00, 0x7F,
    0x00, 0x03, 0xF8, 0x00, 0x3D, 0xE0, 0x01, 0xEF, 0x00, 0x0F, 0x78, 0x00, 0xF1, 0xE0, 0x07, 0x8F,
    0x00, 0x3C, 0x78, 0x03, 0xC3, 0xE0, 0x1E, 0x0F, 0x00, 0xF0, 0x78, 0x0F, 0xFF, 0xE0, 0x7F, 0xFF,
    0x07, 0xFF, 0xF8, 0x3C, 0x03, 0xE1, 0xE0, 0x0F, 0x1F, 0x00, 0x7C, 0xF0, 0x01, 0xE7, 0x80, 0x0F,
    0x00, 0xFF, 0xFC, 0xFF, 0xFC, 0xFF, 0xFC, 0xF0, 0x00, 0xF0, 0x00, 0xF0, 0x00, 0xF0, 0x00, 0xF0,
    0x00, 0xF0, 0x00, 0xFF, 0xF0, 0xFF, 0xFC, 0xFF, 0xFE, 0xF0, 0x3E, 0xF0, 0x1F, 0xF0, 0x0F, 0xF0,
    0x0F, 0xF0, 0x1F, 0xF0, 0x3E, 0xFF, 0xFE, 0xFF, 0xFC, 0xFF, 0xF0, 0xFF, 0xF0, 0xFF, 0xF8, 0xFF,
    0xFC, 0xF0, 0x3E, 0xF0, 0x1E, 0xF0, 0x1E, 0xF0, 0x1E, 0xF0, 0x1E, 0xF0, 0x7C, 0xFF, 0xF8, 0xFF,
    0xF8, 0xFF, 0xFC, 0xF0, 0x3E, 0xF0, 0x1F, 0xF0, 0x0F, 0xF0, 0x0F, 0xF0, 0x0F, 0xF0, 0x3E, 0xFF,
    0xFE, 0xFF, 0xFC, 0xFF, 0xF0, 0xFF, 0xFF, 0xFF, 0xFF, 0xFF, 0xFC, 0x00, 0xF0, 0x03, 0xC0, 0x0F,
    0x00, 0x3C, 0x00, 0xF0, 0x03, 0xC0, 0x0F, 0x00, 0x3C, 0x00, 0xF0, 0x03, 0xC0, 0x0F, 0x00, 0x3C,
    0x00, 0xF0, 0x03, 0xC0, 0x0F, 0x00, 0x3C, 0x00, 0xF0, 0x00, 0x03, 0xFF, 0xF0, 0x0F, 0xFF, 0xE0,
    0x1F, 0xFF, 0xC0, 0x3C, 0x07, 0x80, 0x78, 0x0F, 0x00, 0xF0, 0x1E, 0x01, 0xE0, 0x3C, 0x03, 0xC0,
    0x78, 0x07, 0x80, 0xF0, 0x0F, 0x01, 0xE0, 0x1E, 0x03, 0xC0, 0x3C, 0x07, 0x80, 0xF0, 0x0F, 0x01,
    0xE0, 0x1E, 0x03, 0xC0, 0x3C, 0x07, 0x80, 0x78, 0x1E, 0x00, 0xF0, 0x7C, 0x01, 0xE3, 0xFF, 0xFF,
    0xFF, 0xFF, 0xFF, 0xFF, 0xFF, 0xFF, 0xFE, 0x00, 0x03, 0xFC, 0x00, 0x07, 0xF8, 0x00, 0x0F, 0xF0,
    0x00, 0x1F, 0xE0, 0x00, 0x3C, 0x00, 0x00, 0x00, 0xFF, 0xFF, 0xFF, 0xFF, 0xFF, 0xFC, 0x00, 0xF0,
    0x03, 0xC0, 0x0F, 0x00, 0x3C, 0x00, 0xF0, 0x03, 0xFF, 0xEF, 0xFF, 0xBF, 0xFE, 0xF0, 0x03, 0xC0,
    0x0F, 0x00, 0x3C, 0x00, 0xF0, 0x03, 0xC0, 0x0F, 0xFF, 0xFF, 0xFF, 0xFF, 0xFC, 0x7C, 0x07, 0x80,
    0xF8, 0xF8, 0x1E, 0x07, 0xC3, 0xE0, 0x78, 0x1E, 0x07, 0xC1, 0xE0, 0xF8, 0x0F, 0x07, 0x83, 0xC0,
    0x3E, 0x1E, 0x1E, 0x00, 0x78, 0x78, 0xF8, 0x00, 0xF1, 0xE3, 0xC0, 0x03, 0xE7, 0x9F, 0x00, 0x07,
    0xFF, 0xF8, 0x00, 0x1F, 0xFF, 0xE0, 0x00, 0xFF, 0xFF, 0xC0, 0x03, 0xC7, 0x8F, 0x00, 0x1E, 0x1E,
    0x3E, 0x00, 0xF8, 0x78, 0x78, 0x03, 0xC1, 0xE0, 0xF0, 0x1F, 0x07, 0x83, 0xE0, 0x78, 0x1E, 0x07,
    0x83, 0xE0, 0x78, 0x1F, 0x1F, 0x01, 0xE0, 0x3C, 0x78, 0x07, 0x80, 0xF8, 0x0F, 0xE0, 0x3F, 0xF8,
    0x7F, 0xFC, 0x7C, 0x3E, 0xF0, 0x1E, 0x70, 0x1E, 0x00, 0x1E, 0x00, 0x7C, 0x07, 0xF8, 0x07, 0xF0,
    0x07, 0xFC, 0x00, 0x3E, 0x00, 0x1E, 0x00, 0x0F, 0x00, 0x0F, 0xF0, 0x0F, 0xF0, 0x1F, 0x7C, 0x3E,
    0x7F, 0xFC, 0x3F, 0xF8, 0x0F, 0xE0, 0xF0, 0x07, 0xFC, 0x01, 0xFF, 0x00, 0xFF, 0xC0, 0x7F, 0xF0,
    0x1F, 0xFC, 0x0F, 0xFF, 0x07, 0xBF, 0xC1, 0xEF, 0xF0, 0xF3, 0xFC, 0x3C, 0xFF, 0x1E, 0x3F, 0xCF,
    0x0F, 0xF3, 0xC3, 0xFD, 0xE0, 0xFF, 0x78, 0x3F, 0xFC, 0x0F, 0xFE, 0x03, 0xFF, 0x80, 0xFF, 0xC0,
    0x3F, 0xE0, 0x0F, 0xF8, 0x03, 0xC0, 0x0C, 0x18, 0x03, 0x86, 0x00, 0xF3, 0x80, 0x1F, 0xC0, 0x03,
    0xE0, 0x00, 0x00, 0x00, 0x00, 0x03, 0xC0, 0x1F, 0xF0, 0x0F, 0xFC, 0x03, 0xFF, 0x01, 0xFF, 0xC0,
    0x7F, 0xF0, 0x3F, 0xFC, 0x1E, 0xFF, 0x07, 0xBF, 0xC3, 0xCF, 0xF1, 0xF3, 0xFC, 0x78, 0xFF, 0x3C,
    0x3F, 0xCF, 0x0F, 0xF7, 0x83, 0xFD, 0xC0, 0xFF, 0xF0, 0x3F, 0xF8, 0x0F, 0xFE, 0x03, 0xFF, 0x00,
    0xFF, 0x80, 0x3F, 0xE0, 0x0F, 0xF0, 0x0F, 0xBC, 0x03, 0xCF, 0x01, 0xF3, 0xC0, 0xF8, 0xF0, 0x7C,
    0x3C, 0x1E, 0x0F, 0x0F, 0x83, 0xC7, 0xC0, 0xF1, 0xE0, 0x3F, 0xF0, 0x0F, 0xFC, 0x03, 0xFF, 0x80,
    0xF1, 0xE0, 0x3C, 0x7C, 0x0F, 0x0F, 0x83, 0xC1, 0xF0, 0xF0, 0x3C, 0x3C, 0x0F, 0x8F, 0x01, 0xF3,
    0xC0, 0x3E, 0xF0, 0x07, 0x80, 0x07, 0xFF, 0xE0, 0xFF, 0xFC, 0x1F, 0xFF, 0x83, 0xC0, 0xF0, 0x70,
    0x1E, 0x1E, 0x03, 0xC3, 0xC0, 0x78, 0x78, 0x0F, 0x0F, 0x01, 0xE1, 0xE0, 0x3C, 0x3C, 0x07, 0x87,
    0x80, 0xF0, 0xF0, 0x1E, 0x1E, 0x03, 0xC3, 0xC0, 0x78, 0xF0, 0x0F, 0x1E, 0x01, 0xE7, 0xC0, 0x3F,
    0xF0, 0x07, 0xFE, 0x00, 0xFF, 0x00, 0x1E, 0xFC, 0x00, 0x7F, 0xFC, 0x01, 0xFF, 0xF8, 0x03, 0xFF,
    0xF0, 0x0F, 0xFF, 0xF0, 0x1F, 0xFF, 0xE0, 0x3F, 0xFF, 0xC0, 0xF7, 0xFB, 0xC1, 0xEF, 0xF7, 0x83,
    0xDF, 0xEF, 0x0F, 0x3F, 0xCF, 0x1E, 0x7F, 0x9E, 0x3C, 0xFF, 0x1C, 0xF1, 0xFE, 0x3D, 0xE3, 0xFC,
    0x7B, 0x87, 0xF8, 0x7F, 0x0F, 0xF0, 0xFE, 0x1F, 0xE1, 0xF8, 0x3F, 0xC1, 0xF0, 0x7F, 0x83, 0xE0,
    0xFF, 0x07, 0x81, 0xE0, 0xF0, 0x03, 0xFC, 0x00, 0xFF, 0x00, 0x3F, 0xC0, 0x0F, 0xF0, 0x03, 0xFC,
    0x00, 0xFF, 0x00, 0x3F, 0xC0, 0x0F, 0xF0, 0x03, 0xFF, 0xFF, 0xFF, 0xFF, 0xFF, 0xFF, 0xFF, 0xF0,
    0x03, 0xFC, 0x00, 0xFF, 0x00, 0x3F, 0xC0, 0x0F, 0xF0, 0x03, 0xFC, 0x00, 0xFF, 0x00, 0x3F, 0xC0,
    0x0F, 0xF0, 0x03, 0xC0, 0x03, 0xFC, 0x00, 0xFF, 0xF0, 0x1F, 0xFF, 0x83, 0xF0, 0xFC, 0x7C, 0x03,
    0xC7, 0x80, 0x1E, 0xF8, 0x01, 0xEF, 0x00, 0x1F, 0xF0, 0x00, 0xFF, 0x00, 0x0F, 0xF0, 0x00, 0xFF,
    0x00, 0x0F, 0xF0, 0x00, 0xFF, 0x00, 0x1F, 0xF8, 0x01, 0xE7, 0x80, 0x1E, 0x7C, 0x03, 0xC3, 0xF0,
    0xFC, 0x1F, 0xFF, 0x80, 0xFF, 0xF0, 0x03, 0xFC, 0x00, 0xFF, 0xFF, 0xFF, 0xFF, 0xFF, 0xFF, 0xFF,
    0xC0, 0x0F, 0xF0, 0x03, 0xFC, 0x00, 0xFF, 0x00, 0x3F, 0xC0, 0x0F, 0xF0, 0x03, 0xFC, 0x00, 0xFF,
    0x00, 0x3F, 0xC0, 0x0F, 0xF0, 0x03, 0xFC, 0x00, 0xFF, 0x00, 0x3F, 0xC0, 0x0F, 0xF0, 0x03, 0xFC,
    0x00, 0xFF, 0x00, 0x3F, 0xC0, 0x0F, 0xF0, 0x03, 0xC0, 0xFF, 0xE1, 0xFF, 0xF3, 0xFF, 0xF7, 0x83,
    0xEF, 0x03, 0xFE, 0x03, 0xFC, 0x07, 0xF8, 0x0F, 0xF0, 0x1F, 0xE0, 0x7F, 0xC1, 0xF7, 0xFF, 0xEF,
    0xFF, 0x9F, 0xFC, 0x3C, 0x00, 0x78, 0x00, 0xF0, 0x01, 0xE0, 0x03, 0xC0, 0x07, 0x80, 0x0F, 0x00,
    0x00, 0x03, 0xF8, 0x01, 0xFF, 0xC0, 0x7F, 0xFE, 0x1F, 0x87, 0xC7, 0xC0, 0x7C, 0xF0, 0x07, 0xBE,
    0x00, 0x7F, 0x80, 0x00, 0xF0, 0x00, 0x1E, 0x00, 0x03, 0xC0, 0x00, 0x78, 0x00, 0x0F, 0x00, 0x01,
    0xE0, 0x00, 0x3E, 0x00, 0x7B, 0xC0, 0x1E, 0x7C, 0x07, 0xC7, 0xE1, 0xF0, 0x7F, 0xFC, 0x07, 0xFF,
    0x00, 0x3F, 0x80, 0xFF, 0xFF, 0xFF, 0xFF, 0xFF, 0xFF, 0xE0, 0x78, 0x00, 0x3C, 0x00, 0x1E, 0x00,
    0x0F, 0x00, 0x07, 0x80, 0x03, 0xC0, 0x01, 0xE0, 0x00, 0xF0, 0x00, 0x78, 0x00, 0x3C, 0x00, 0x1E,
    0x00, 0x0F, 0x00, 0x07, 0x80, 0x03, 0xC0, 0x01, 0xE0, 0x00, 0xF0, 0x00, 0x78, 0x00, 0x3C, 0x00,
    0x7C, 0x01, 0xE3, 0xC0, 0x3E, 0x3E, 0x03, 0xC3, 0xE0, 0x7C, 0x1E, 0x07, 0x81, 0xF0, 0x78, 0x0F,
    0x0F, 0x00, 0xF8, 0xF0, 0x07, 0x9F, 0x00, 0x79, 0xE0, 0x03, 0xDE, 0x00, 0x3F, 0xC0, 0x01, 0xFC,
    0x00, 0x1F, 0x80, 0x00, 0xF8, 0x00, 0x0F, 0x00, 0x00, 0xF0, 0x00, 0x1F, 0x00, 0x0F, 0xE0, 0x00,
    0xFC, 0x00, 0x0F, 0x80, 0x00, 0x00, 0x78, 0x00, 0x01, 0xE0, 0x00, 0x07, 0x80, 0x00, 0xFF, 0xC0,
    0x0F, 0xFF, 0xC0, 0xFF, 0xFF, 0x83, 0xE7, 0xBF, 0x1F, 0x1E, 0x3E, 0xF8, 0x78, 0x7B, 0xC1, 0xE1,
    0xFF, 0x07, 0x83, 0xFC, 0x1E, 0x0F, 0xF0, 0x78, 0x3F, 0xC1, 0xE0, 0xFF, 0x07, 0x87, 0xFE, 0x1E,
    0x1E, 0x7C, 0x78, 0xF8, 0xF9, 0xEF, 0xC3, 0xFF, 0xFE, 0x03, 0xFF, 0xF0, 0x03, 0xFF, 0x00, 0x01,
    0xE0, 0x00, 0x07, 0x80, 0x00, 0x1E, 0x00, 0x7C, 0x01, 0xE3, 0xE0, 0x3E, 0x1E, 0x07, 0xC1, 0xF0,
    0x78, 0x0F, 0x8F, 0x00, 0x79, 0xF0, 0x07, 0xDE, 0x00, 0x3F, 0xC0, 0x01, 0xFC, 0x00, 0x1F, 0x80,
    0x00, 0xF8, 0x00, 0x1F, 0x80, 0x03, 0xFC, 0x00, 0x3F, 0xE0, 0x07, 0x9F, 0x00, 0xF8, 0xF0, 0x1F,
    0x0F, 0x81, 0xE0, 0x7C, 0x3E, 0x03, 0xC7, 0xC0, 0x3E, 0x78, 0x01, 0xF0, 0xF0, 0x07, 0x9E, 0x00,
    0xF3, 0xC0, 0x1E, 0x78, 0x03, 0xCF, 0x00, 0x79, 0xE0, 0x0F, 0x3C, 0x01, 0xE7, 0x80, 0x3C, 0xF0,
    0x07, 0x9E, 0x00, 0xF3, 0xC0, 0x1E, 0x78, 0x03, 0xCF, 0x00, 0x79, 0xE0, 0x0F, 0x3C, 0x01, 0xE7,
    0x80, 0x3C, 0xF0, 0x07, 0x9E, 0x00, 0xF3, 0xFF, 0xFF, 0xFF, 0xFF, 0xFF, 0xFF, 0xFE, 0x00, 0x03,
    0xC0, 0x00, 0x78, 0x00, 0x0F, 0x00, 0x01, 0xE0, 0x00, 0x3C, 0xF0, 0x07, 0xF8, 0x03, 0xFC, 0x01,
    0xFE, 0x00, 0xFF, 0x00, 0x7F, 0x80, 0x3F, 0xC0, 0x1F, 0xE0, 0x0F, 0xF8, 0x07, 0xFE, 0x0F, 0xDF,
    0xFF, 0xE7, 0xFF, 0xF0, 0xFE, 0x78, 0x00, 0x3C, 0x00, 0x1E, 0x00, 0x0F, 0x00, 0x07, 0x80, 0x03,
    0xC0, 0x01, 0xE0, 0x00, 0xF0, 0x00, 0x78, 0xF0, 0x3C, 0x0F, 0x78, 0x1E, 0x07, 0xBC, 0x0F, 0x03,
    0xDE, 0x07, 0x81, 0xEF, 0x03, 0xC0, 0xF7, 0x81, 0xE0, 0x7B, 0xC0, 0xF0, 0x3D, 0xE0, 0x78, 0x1E,
    0xF0, 0x3C, 0x0F, 0x78, 0x1E, 0x07, 0xBC, 0x0F, 0x03, 0xDE, 0x07, 0x81, 0xEF, 0x03, 0xC0, 0xF7,
    0x81, 0xE0, 0x7B, 0xC0, 0xF0, 0x3D, 0xE0, 0x78, 0x1E, 0xF0, 0x3C, 0x0F, 0x78, 0x1E, 0x07, 0xBF,
    0xFF, 0xFF, 0xDF, 0xFF, 0xFF, 0xEF, 0xFF, 0xFF, 0xF0, 0xF0, 0x3C, 0x0F, 0x1E, 0x07, 0x81, 0xE3,
    0xC0, 0xF0, 0x3C, 0x78, 0x1E, 0x07, 0x8F, 0x03, 0xC0, 0xF1, 0xE0, 0x78, 0x1E, 0x3C, 0x0F, 0x03,
    0xC7, 0x81, 0xE0, 0x78, 0xF0, 0x3C, 0x0F, 0x1E, 0x07, 0x81, 0xE3, 0xC0, 0xF0, 0x3C, 0x78, 0x1E,
    0x07, 0x8F, 0x03, 0xC0, 0xF1, 0xE0, 0x78, 0x1E, 0x3C, 0x0F, 0x03, 0xC7, 0x81, 0xE0, 0x78, 0xF0,
    0x3C, 0x0F, 0x1E, 0x07, 0x81, 0xE3, 0xFF, 0xFF, 0xFF, 0xFF, 0xFF, 0xFF, 0xFF, 0xFF, 0xFF, 0xFE,
    0x00, 0x00, 0x03, 0xC0, 0x00, 0x00, 0x78, 0x00, 0x00, 0x0F, 0x00, 0x00, 0x01, 0xE0, 0x00, 0x00,
    0x3C, 0xF0, 0x00, 0x3F, 0xC0, 0x00, 0xFF, 0x00, 0x03, 0xFC, 0x00, 0x0F, 0xF0, 0x00, 0x3F, 0xC0,
    0x00, 0xFF, 0x00, 0x03, 0xFC, 0x00, 0x0F, 0xFF, 0xF0, 0x3F, 0xFF, 0xF0, 0xFF, 0xFF, 0xE3, 0xFC,
    0x0F, 0x8F, 0xF0, 0x1F, 0x3F, 0xC0, 0x3C, 0xFF, 0x00, 0xF3, 0xFC, 0x03, 0xCF, 0xF0, 0x1F, 0x3F,
    0xC0, 0xF8, 0xFF, 0xFF, 0xC3, 0xFF, 0xFE, 0x0F, 0xFF, 0xF0, 0x3C, 0xF0, 0x00, 0xF0, 0x00, 0xF0,
    0x00, 0xF0, 0x00, 0xF0, 0x00, 0xF0, 0x00, 0xF0, 0x00, 0xF0, 0x00, 0xFF, 0xF0, 0xFF, 0xFC, 0xFF,
    0xFE, 0xF0, 0x3E, 0xF0, 0x1F, 0xF0, 0x0F, 0xF0, 0x0F, 0xF0, 0x0F, 0xF0, 0x1F, 0xF0, 0x3E, 0xFF,
    0xFC, 0xFF, 0xF8, 0xFF, 0xF0, 0x07, 0xF8, 0x01, 0xFF, 0xC0, 0xFF, 0xFC, 0x1F, 0x0F, 0xC7, 0x80,
    0x79, 0xF0, 0x07, 0xBC, 0x00, 0xF0, 0x00, 0x0F, 0x00, 0x01, 0xE0, 0x3F, 0xFC, 0x07, 0xFF, 0x80,
    0xFF, 0xF0, 0x00, 0x1E, 0x00, 0x03, 0xFC, 0x00, 0xF7, 0xC0, 0x1E, 0x78, 0x07, 0x8F, 0xC3, 0xF0,
    0xFF, 0xFC, 0x07, 0xFF, 0x00, 0x7F, 0x80, 0x07, 0xFF, 0x8F, 0xFF, 0xCF, 0xFF, 0xE7, 0xC0, 0xF7,
    0x80, 0x7B, 0xC0, 0x3D, 0xE0, 0x1E, 0xF0, 0x0F, 0x78, 0x07, 0x9F, 0x03, 0xCF, 0xFF, 0xE3, 0xFF,
    0xF0, 0xFF, 0xF8, 0x7C, 0x3C, 0x3C, 0x1E, 0x3E, 0x0F, 0x3E, 0x07, 0x9E, 0x03, 0xDF, 0x01, 0xEF,
    0x00, 0xFF, 0x80, 0x78, 0x0F, 0xE0, 0xFF, 0xC7, 0xFF, 0x9F, 0x1F, 0x70, 0x3C, 0x00, 0xF0, 0x1F,
    0xCF, 0xFF, 0x7F, 0xFF, 0xE0, 0xFF, 0x03, 0xFC, 0x1F, 0xF8, 0xFF, 0xFF, 0xF7, 0xFB, 0xCF, 0xCF,
    0x00, 0x1C, 0x01, 0xF8, 0x3F, 0xF0, 0xFF, 0x83, 0xF0, 0x0F, 0x00, 0x1C, 0xFC, 0x7B, 0xFC, 0xEF,
    0xFD, 0xF0, 0x7B, 0xE0, 0x7F, 0x80, 0xFF, 0x01, 0xFE, 0x03, 0xFC, 0x07, 0xF8, 0x0F, 0x78, 0x3C,
    0xF8, 0xF8, 0xFF, 0xE0, 0xFF, 0x80, 0xFE, 0x00, 0xFF, 0xC3, 0xFF, 0xCF, 0xFF, 0xBC, 0x3E, 0xF0,
    0x7B, 0xC3, 0xCF, 0xFE, 0x3F, 0xF8, 0xFF, 0xFB, 0xC1, 0xEF, 0x03, 0xFC, 0x0F, 0xF0, 0x7F, 0xFF,
    0xEF, 0xFF, 0xBF, 0xF8, 0xFF, 0xFF, 0xFF, 0xFF, 0xF8, 0x0F, 0x01, 0xE0, 0x3C, 0x07, 0x80, 0xF0,
    0x1E, 0x03, 0xC0, 0x78, 0x0F, 0x01, 0xE0, 0x3C, 0x07, 0x80, 0x0F, 0xFE, 0x03, 0xFF, 0x80, 0xFF,
    0xE0, 0x78, 0x78, 0x1E, 0x1E, 0x07, 0x87, 0x81, 0xE1, 0xE0, 0x78, 0x78, 0x1C, 0x1E, 0x07, 0x07,
    0x81, 0xC1, 0xE0, 0xF0, 0x78, 0x38, 0x1E, 0x3F, 0xFF, 0xFF, 0xFF, 0xFF, 0xFF, 0xFF, 0xF0, 0x03,
    0xFC, 0x00, 0xFF, 0x00, 0x3F, 0xC0, 0x0F, 0xF0, 0x03, 0xC0, 0x00, 0x00, 0x0F, 0xE0, 0x3F, 0xE0,
    0xFF, 0xE3, 0xE3, 0xE7, 0x83, 0xDE, 0x03, 0xFF, 0xFF, 0xFF, 0xFF, 0xFF, 0xFF, 0xE0, 0x03, 0xC0,
    0x07, 0xC0, 0xE7, 0xC7, 0xC7, 0xFF, 0x87, 0xFE, 0x07, 0xF0, 0xF8, 0x3C, 0x1E, 0x7C, 0x3C, 0x3E,
    0x3C, 0x3C, 0x7C, 0x1E, 0x3C, 0x78, 0x1F, 0x3C, 0xF0, 0x0F, 0x3D, 0xF0, 0x07, 0xBD, 0xE0, 0x07,
    0xFF, 0xC0, 0x03, 0xFF, 0xC0, 0x07, 0xFF, 0xE0, 0x0F, 0xBD, 0xF0, 0x1F, 0x3C, 0xF0, 0x1E, 0x3C,
    0xF8, 0x3E, 0x3C, 0x7C, 0x7C, 0x3C, 0x3E, 0xF8, 0x3C, 0x1E, 0x1F, 0x83, 0xFF, 0x1F, 0xFD, 0xF3,
    0xEF, 0x0F, 0x00, 0x78, 0x07, 0x80, 0xF8, 0x07, 0xE0, 0x07, 0x80, 0x1F, 0xE0, 0xFF, 0x8F, 0xBF,
    0xF9, 0xFF, 0x83, 0xF8, 0xF0, 0x3F, 0xC0, 0xFF, 0x07, 0xFC, 0x3F, 0xF0, 0xFF, 0xC7, 0xFF, 0x3F,
    0xFC, 0xEF, 0xF7, 0x3F, 0xFC, 0xFF, 0xE3, 0xFF, 0x0F, 0xFC, 0x3F, 0xE0, 0xFF, 0x03, 0xFC, 0x0F,
    0x30, 0x60, 0xE3, 0x81, 0xFC, 0x03, 0xE0, 0x00, 0x00, 0x00, 0x0F, 0x03, 0xFC, 0x1F, 0xF0, 0x7F,
    0xC3, 0xFF, 0x1F, 0xFC, 0x7F, 0xF3, 0xFF, 0xDE, 0xFF, 0x73, 0xFF, 0xCF, 0xFE, 0x3F, 0xF0, 0xFF,
    0xC3, 0xFE, 0x0F, 0xF0, 0x3F, 0xC0, 0xF0, 0xF0, 0x3D, 0xE0, 0xF3, 0xC3, 0xE7, 0x8F, 0x8F, 0x1E,
    0x1E, 0x7C, 0x3D, 0xF0, 0x7F, 0xC0, 0xFF, 0x81, 0xFF, 0x83, 0xCF, 0x07, 0x8F, 0x0F, 0x1F, 0x1E,
    0x1F, 0x3C, 0x1E, 0x78, 0x1E, 0x1F, 0xFE, 0x3F, 0xFC, 0x7F, 0xF8, 0xF0, 0xF1, 0xE1, 0xE3, 0xC3,
    0xC7, 0x87, 0x8F, 0x0F, 0x1E, 0x1E, 0x3C, 0x3C, 0x78, 0x79, 0xF0, 0xF3, 0xC1, 0xFF, 0x83, 0xFE,
    0x07, 0xF8, 0x0F, 0xFC, 0x07, 0xFF, 0xE0, 0x7F, 0xFE, 0x07, 0xFF, 0xE0, 0xFF, 0xFF, 0x0F, 0xFF,
    0xF0, 0xEF, 0xFF, 0x1E, 0xFF, 0x79, 0xEF, 0xF7, 0x9C, 0xFF, 0x3B, 0xCF, 0xF3, 0xFC, 0xFF, 0x3F,
    0x8F, 0xF1, 0xF8, 0xFF, 0x1F, 0x0F, 0xF0, 0xF0, 0xFF, 0x0F, 0x0F, 0xF0, 0x3F, 0xC0, 0xFF, 0x03,
    0xFC, 0x0F, 0xF0, 0x3F, 0xC0, 0xFF, 0xFF, 0xFF, 0xFF, 0xFF, 0xFF, 0xC0, 0xFF, 0x03, 0xFC, 0x0F,
    0xF0, 0x3F, 0xC0, 0xFF, 0x03, 0xFC, 0x0F, 0x0F, 0xE0, 0x3F, 0xE0, 0xFF, 0xE3, 0xE3, 0xEF, 0x83,
    0xFE, 0x03, 0xFC, 0x07, 0xF8, 0x0F, 0xF0, 0x1F, 0xE0, 0x3F, 0xC0, 0x7F, 0xC1, 0xF7, 0xC7, 0xC7,
    0xFF, 0x07, 0xFC, 0x07, 0xF0, 0xFF, 0xFF, 0xFF, 0xFF, 0xFF, 0xFC, 0x0F, 0xF0, 0x3F, 0xC0, 0xFF,
    0x03, 0xFC, 0x0F, 0xF0, 0x3F, 0xC0, 0xFF, 0x03, 0xFC, 0x0F, 0xF0, 0x3F, 0xC0, 0xFF, 0x03, 0xFC,
    0x0F, 0xF3, 0xE1, 0xEF, 0xF3, 0xFF, 0xF7, 0xE3, 0xEF, 0x83, 0xFE, 0x03, 0xFC, 0x07, 0xF8, 0x0F,
    0xF0, 0x1F, 0xE0, 0x3F, 0xC0, 0x7F, 0xC1, 0xFF, 0xC7, 0xDF, 0xFF, 0xBD, 0xFE, 0x79, 0xF0, 0xF0,
    0x01, 0xE0, 0x03, 0xC0, 0x07, 0x80, 0x0F, 0x00, 0x1E, 0x00, 0x00, 0x0F, 0xE0, 0x3F, 0xE0, 0xFF,
    0xE3, 0xE3, 0xE7, 0x83, 0xDE, 0x02, 0x3C, 0x00, 0x78, 0x00, 0xF0, 0x01, 0xE0, 0x03, 0xC0, 0x63,
    0xC1, 0xE7, 0xC7, 0xC7, 0xFF, 0x07, 0xFC, 0x07, 0xF0, 0xFF, 0xFF, 0xFF, 0xFF, 0xFF, 0xC1, 0xE0,
    0x07, 0x80, 0x1E, 0x00, 0x78, 0x01, 0xE0, 0x07, 0x80, 0x1E, 0x00, 0x78, 0x01, 0xE0, 0x07, 0x80,
    0x1E, 0x00, 0x78, 0x01, 0xE0, 0x78, 0x0F, 0xBC, 0x07, 0x9E, 0x03, 0xC7, 0x83, 0xC3, 0xC1, 0xE1,
    0xE0, 0xF0, 0x78, 0xF0, 0x3C, 0x78, 0x0E, 0x3C, 0x07, 0xBC, 0x03, 0xDE, 0x00, 0xEE, 0x00, 0x7F,
    0x00, 0x1F, 0x80, 0x0F, 0x80, 0x07, 0xC0, 0x03, 0xC0, 0x01, 0xE0, 0x01, 0xF0, 0x07, 0xF0, 0x03,
    0xF0, 0x01, 0xF0, 0x00, 0x00, 0xF0, 0x00, 0x0F, 0x00, 0x00, 0xF0, 0x00, 0x0F, 0x00, 0x00, 0xF0,
    0x00, 0x7F, 0xE0, 0x1F, 0xFF, 0x83, 0xFF, 0xFC, 0x7C, 0xF3, 0xE7, 0x8F, 0x1E, 0xF0, 0xF1, 0xFF,
    0x0F, 0x0F, 0xF0, 0xF0, 0xFF, 0x0F, 0x0F, 0xF0, 0xF0, 0xFF, 0x0F, 0x1F, 0x78, 0xF1, 0xE7, 0xCF,
    0x3E, 0x3F, 0xFF, 0xC1, 0xFF, 0xF8, 0x07, 0xFE, 0x00, 0x0F, 0x00, 0x00, 0xF0, 0x00, 0x0F, 0x00,
    0x00, 0xF0, 0x00, 0x0F, 0x00, 0x00, 0xF0, 0x00, 0x7C, 0x0F, 0x1E, 0x0F, 0x07, 0x8F, 0x03, 0xC7,
    0x80, 0xF7, 0x80, 0x3F, 0xC0, 0x1F, 0xC0, 0x07, 0xC0, 0x07, 0xE0, 0x03, 0xF8, 0x03, 0xDE, 0x01,
    0xEF, 0x01, 0xE3, 0xC1, 0xF1, 0xF0, 0xF0, 0x78, 0xF0, 0x1E, 0xF0, 0x3C, 0xF0, 0x3C, 0xF0, 0x3C,
    0xF0, 0x3C, 0xF0, 0x3C, 0xF0, 0x3C, 0xF0, 0x3C, 0xF0, 0x3C, 0xF0, 0x3C, 0xF0, 0x3C, 0xF0, 0x3C,
    0xF0, 0x3C, 0xF0, 0x3C, 0xFF, 0xFF, 0xFF, 0xFF, 0xFF, 0xFF, 0x00, 0x0F, 0x00, 0x0F, 0x00, 0x0F,
    0x00, 0x0F, 0x00, 0x0F, 0xF0, 0x3F, 0xC0, 0xFF, 0x03, 0xFC, 0x0F, 0xF0, 0x3F, 0xC0, 0xFF, 0x03,
    0xFE, 0x0F, 0x7F, 0xFC, 0xFF, 0xF1, 0xFF, 0xC0, 0x0F, 0x00, 0x3C, 0x00, 0xF0, 0x03, 0xC0, 0x0F,
    0xF0, 0xF0, 0xF7, 0x87, 0x87, 0xBC, 0x3C, 0x3D, 0xE1, 0xE1, 0xEF, 0x0F, 0x0F, 0x78, 0x78, 0x7B,
    0xC3, 0xC3, 0xDE, 0x1E, 0x1E, 0xF0, 0xF0, 0xF7, 0x87, 0x87, 0xBC, 0x3C, 0x3D, 0xE1, 0xE1, 0xEF,
    0x0F, 0x0F, 0x7F, 0xFF, 0xFB, 0xFF, 0xFF, 0xDF, 0xFF, 0xFE, 0xF0, 0xF0, 0x79, 0xE1, 0xE0, 0xF3,
    0xC3, 0xC1, 0xE7, 0x87, 0x83, 0xCF, 0x0F, 0x07, 0x9E, 0x1E, 0x0F, 0x3C, 0x3C, 0x1E, 0x78, 0x78,
    0x3C, 0xF0, 0xF0, 0x79, 0xE1, 0xE0, 0xF3, 0xC3, 0xC1, 0xE7, 0x87, 0x83, 0xCF, 0x0F, 0x07, 0x9F,
    0xFF, 0xFF, 0xFF, 0xFF, 0xFF, 0xFF, 0xFF, 0xFF, 0x00, 0x00, 0x1E, 0x00, 0x00, 0x3C, 0x00, 0x00,
    0x78, 0x00, 0x00, 0xF0, 0x00, 0x01, 0xE0, 0xFF, 0x00, 0x3F, 0xC0, 0x0F, 0xF0, 0x00, 0x3C, 0x00,
    0x0F, 0x00, 0x03, 0xFF, 0x80, 0xFF, 0xF0, 0x3F, 0xFE, 0x0F, 0x07, 0xC3, 0xC0, 0xF0, 0xF0, 0x3C,
    0x3C, 0x0F, 0x0F, 0x07, 0xC3, 0xFF, 0xE0, 0xFF, 0xF0, 0x3F, 0xF8, 0xF0, 0x01, 0xFE, 0x00, 0x3F,
    0xC0, 0x07, 0xF8, 0x00, 0xFF, 0x00, 0x1F, 0xFF, 0xC3, 0xFF, 0xFC, 0x7F, 0xFF, 0xCF, 0xF0, 0x7D,
    0xFE, 0x07, 0xBF, 0xC0, 0xF7, 0xF8, 0x1E, 0xFF, 0x07, 0xDF, 0xFF, 0xF3, 0xFF, 0xFC, 0x7F, 0xFF,
    0x0F, 0xF0, 0x03, 0xC0, 0x0F, 0x00, 0x3C, 0x00, 0xF0, 0x03, 0xFF, 0x8F, 0xFF, 0x3F, 0xFE, 0xF0,
    0x7F, 0xC0, 0xFF, 0x03, 0xFC, 0x0F, 0xF0, 0x7F, 0xFF, 0xEF, 0xFF, 0x3F, 0xF8, 0x0F, 0xE0, 0x1F,
    0xF8, 0x3F, 0xFC, 0x7C, 0x3E, 0x78, 0x1E, 0x00, 0x1F, 0x03, 0xFF, 0x03, 0xFF, 0x03, 0xFF, 0x00,
    0x0F, 0x30, 0x1F, 0x78, 0x1E, 0x7C, 0x3E, 0x3F, 0xFC, 0x1F, 0xF8, 0x07, 0xE0, 0xF0, 0x1F, 0x83,
    0xC1, 0xFF, 0x8F, 0x0F, 0xFF, 0x3C, 0x3E, 0x3E, 0xF1, 0xE0, 0x7B, 0xC7, 0x81, 0xFF, 0xFE, 0x03,
    0xFF, 0xF8, 0x0F, 0xFF, 0xE0, 0x3F, 0xC7, 0x80, 0xFF, 0x1E, 0x07, 0xFC, 0x78, 0x1E, 0xF0, 0xF8,
    0xFB, 0xC3, 0xFF, 0xCF, 0x07, 0xFE, 0x3C, 0x07, 0xE0, 0x0F, 0xFE, 0x3F, 0xFC, 0xFF, 0xFB, 0xE0,
    0xF7, 0x81, 0xEF, 0x03, 0xDE, 0x07, 0xBE, 0x0F, 0x3F, 0xFE, 0x3F, 0xFC, 0x3F, 0xF8, 0xF0, 0xF1,
    0xE1, 0xE7, 0x83, 0xDF, 0x07, 0xBC, 0x0F, 0x18, 0x30, 0x78, 0xF0, 0xF1, 0xE0, 0xC1, 0x80, 0x00,
    0x00, 0x00, 0x03, 0xF8, 0x0F, 0xF8, 0x3F, 0xF8, 0xF8, 0xF9, 0xE0, 0xF7, 0x80, 0xFF, 0xFF, 0xFF,
    0xFF, 0xFF, 0xFF, 0xF8, 0x00, 0xF0, 0x01, 0xF0, 0x39, 0xF0, 0xF1, 0xFF, 0xE1, 0xFF, 0x81, 0xFC,
    0x00, 0x0F, 0xE0, 0x3F, 0xF0, 0xFF, 0xF3, 0xE1, 0xE7, 0x81, 0xDE, 0x00, 0x3F, 0xF0, 0x7F, 0xE0,
    0xFF, 0xC1, 0xE0, 0x03, 0xC0, 0x63, 0xC0, 0xF7, 0xC7, 0xC7, 0xFF, 0x87, 0xFE, 0x07, 0xF0, 0x6F,
    0xF6, 0x00, 0xFF, 0xFF, 0xFF, 0xFF, 0xFF, 0xFF, 0xFF, 0xFF, 0x61, 0xBC, 0xFF, 0x3D, 0x86, 0x00,
    0x00, 0x01, 0xE0, 0x78, 0x1E, 0x07, 0x81, 0xE0, 0x78, 0x1E, 0x07, 0x81, 0xE0, 0x78, 0x1E, 0x07,
    0x81, 0xE0, 0x78, 0x1E, 0x07, 0x80, 0x0C, 0x18, 0x07, 0x1C, 0x01, 0xFC, 0x00, 0x7C, 0x00, 0x00,
    0x00, 0x00, 0x01, 0xE0, 0x3C, 0xF0, 0x1E, 0x78, 0x0F, 0x1E, 0x0F, 0x0F, 0x07, 0x83, 0x83, 0xC1,
    0xE3, 0xC0, 0xF1, 0xE0, 0x38, 0xE0, 0x1E, 0xF0, 0x0F, 0x78, 0x03, 0xF8, 0x01, 0xFC, 0x00, 0xFE,
    0x00, 0x3E, 0x00, 0x1F, 0x00, 0x0F, 0x00, 0x07, 0x80, 0x07, 0xC0, 0x1F, 0xC0, 0x0F, 0xC0, 0x07,
    0xC0, 0x00, 0x01, 0xE0, 0x3C, 0x07, 0x80, 0xFF, 0xFF, 0xFF, 0xFF, 0xFF, 0x80, 0xF0, 0x1E, 0x03,
    0xC0, 0x78, 0x0F, 0x01, 0xE0, 0x3C, 0x07, 0x80, 0xF0, 0x1E, 0x03, 0xC0, 0x78, 0x00, 0x1F, 0xFF,
    0x8F, 0xFF, 0xC7, 0xFF, 0xE3, 0xC0, 0x01, 0xE0, 0x00, 0xF0, 0x00, 0x78, 0x00, 0x3C, 0x00, 0x1E,
    0x00, 0x7F, 0xFC, 0x3F, 0xFE, 0x1F, 0xFF, 0x01, 0xE0, 0x00, 0xF0, 0x00, 0x78, 0x00, 0x3C, 0x00,
    0x1E, 0x00, 0x0F, 0x00, 0x07, 0x80, 0x03, 0xC0, 0x01, 0xE0, 0x00, 0x3F, 0xF9, 0xFF, 0xCF, 0xFE,
    0x78, 0x03, 0xC0, 0x1E, 0x00, 0xF0, 0x1F, 0xF8, 0xFF, 0xC1, 0xE0, 0x0F, 0x00, 0x78, 0x03, 0xC0,
    0x1E, 0x00, 0xF0, 0x07, 0x80, 0xF0, 0x0F, 0x9E, 0x03, 0xE3, 0xC0, 0x78, 0x78, 0x1F, 0x0F, 0x07,
    0xC1, 0xE0, 0xF0, 0x3C, 0x3E, 0x07, 0x8F, 0x80, 0xF1, 0xE0, 0x1F, 0xF8, 0x03, 0xFF, 0x00, 0x7F,
    0xE0, 0x0F, 0x1E, 0x01, 0xE3, 0xE0, 0x3C, 0x3E, 0x07, 0x83, 0xE0, 0xF0, 0x3C, 0x1E, 0x07, 0xC3,
    0xC0, 0x7F, 0xF8, 0x07, 0xFF, 0x00, 0xFE, 0x00, 0x03, 0xC0, 0x00, 0x78, 0x00, 0x0F, 0x00, 0x01,
    0xE0, 0x00, 0x3C, 0xF0, 0x3C, 0xF0, 0x7C, 0xF0, 0xF8, 0xF0, 0xF0, 0xF1, 0xF0, 0xF3, 0xE0, 0xF7,
    0xC0, 0xFF, 0x80, 0xFF, 0x80, 0xFF, 0xC0, 0xF3, 0xE0, 0xF1, 0xE0, 0xF1, 0xF0, 0xF0, 0xFF, 0xF0,
    0x7F, 0xF0, 0x3F, 0x00, 0x0F, 0x00, 0x0F, 0x00, 0x0F, 0x00, 0x0F, 0x00, 0x0F, 0xF0, 0x03, 0xCF,
    0x00, 0x3C, 0xF0, 0x03, 0xCF, 0x00, 0x3C, 0xF0, 0x03, 0xCF, 0x00, 0x3C, 0xF0, 0x03, 0xCF, 0x00,
    0x3C, 0xF0, 0x03, 0xCF, 0xFF, 0xFC, 0xFF, 0xFF, 0xCF, 0xFF, 0xFC, 0xF0, 0x03, 0xCF, 0x00, 0x3C,
    0xF0, 0x03, 0xCF, 0x00, 0x3C, 0xF0, 0x03, 0xCF, 0x00, 0x3C, 0xF0, 0x03, 0xFF, 0x00, 0x3F, 0xF0,
    0x03, 0xF0, 0x00, 0x0F, 0x00, 0x00, 0xF0, 0x00, 0x0F, 0x00, 0x00, 0xF0, 0x00, 0x0F, 0xF0, 0x3C,
    0xF0, 0x3C, 0xF0, 0x3C, 0xF0, 0x3C, 0xF0, 0x3C, 0xF0, 0x3C, 0xFF, 0xFC, 0xFF, 0xFC, 0xFF, 0xFC,
    0xF0, 0x3C, 0xF0, 0x3C, 0xF0, 0x3C, 0xF0, 0x3C, 0xF0, 0x3F, 0xF0, 0x3F, 0xF0, 0x3F, 0x00, 0x0F,
    0x00, 0x0F, 0x00, 0x0F, 0x00, 0x0F, 0x00, 0x0F, 0xF8, 0x01, 0xE7, 0xC0, 0x3E, 0x3C, 0x03, 0xC3,
    0xE0, 0x7C, 0x1E, 0x0F, 0x81, 0xF0, 0xF0, 0x0F, 0x1F, 0x00, 0x79, 0xE0, 0x07, 0xBE, 0x00, 0x3F,
    0xC0, 0x03, 0xF8, 0x00, 0x1F, 0x80, 0x00, 0xF0, 0x00, 0x0F, 0x00, 0x00, 0xF0, 0x00, 0x0F, 0x00,
    0x00, 0xF0, 0x00, 0x0F, 0x00, 0x00, 0xF0, 0x00, 0x0F, 0x00, 0x00, 0xF0, 0x00, 0x78, 0x07, 0xBC,
    0x07, 0xCF, 0x03, 0xC7, 0x81, 0xE3, 0xC1, 0xE0, 0xF0, 0xF0, 0x78, 0x78, 0x3C, 0x78, 0x0F, 0x3C,
    0x07, 0x9E, 0x01, 0xDE, 0x00, 0xFF, 0x00, 0x7F, 0x00, 0x1F, 0x80, 0x0F, 0xC0, 0x07, 0xC0, 0x01,
    0xE0, 0x00, 0xF0, 0x00, 0x78, 0x00, 0x3C, 0x00, 0x1E, 0x00, 0x0F, 0x00, 0x78, 0x01, 0xE7, 0xC0,
    0x3E, 0x3C, 0x03, 0xC3, 0xE0, 0x7C, 0x1E, 0x0F, 0x80, 0xF0, 0xF0, 0x0F, 0x9F, 0x00, 0x79, 0xE0,
    0x07, 0xFC, 0x00, 0x3F, 0xC0, 0x01, 0xF8, 0x00, 0x1F, 0x80, 0x00, 0xF0, 0x00, 0x0F, 0x00, 0x0F,
    0xFF, 0x00, 0xFF, 0xF0, 0x0F, 0xFF, 0x00, 0x0F, 0x00, 0x00, 0xF0, 0x00, 0x0F, 0x00, 0x00, 0xF0,
    0x00, 0x78, 0x07, 0x9E, 0x03, 0xE3, 0xC0, 0xF0, 0xF0, 0x3C, 0x3C, 0x1F, 0x07, 0x87, 0x81, 0xE1,
    0xE0, 0x38, 0xF0, 0x0F, 0x3C, 0x03, 0xCF, 0x00, 0x77, 0x80, 0x1F, 0xE0, 0x07, 0xF0, 0x00, 0xFC,
    0x00, 0x3F, 0x00, 0x0F, 0x80, 0x0F, 0xFC, 0x03, 0xFF, 0x00, 0xFF, 0xC0, 0x07, 0x80, 0x01, 0xE0,
    0x00, 0x78, 0x00, 0x07, 0xF8, 0x03, 0xFF, 0xC0, 0xFF, 0xFC, 0x3F, 0x0F, 0xC7, 0xC0, 0x79, 0xF0,
    0x07, 0xBC, 0x00, 0xF0, 0x00, 0x1F, 0x00, 0x01, 0xFF, 0xFF, 0xFF, 0xFF, 0xFF, 0xFF, 0xFF, 0xFF,
    0x00, 0x1F, 0xE0, 0x07, 0xFC, 0x00, 0xF3, 0xC0, 0x1E, 0x78, 0x07, 0x87, 0xC3, 0xF0, 0xFF, 0xFC,
    0x07, 0xFF, 0x00, 0x7F, 0x80, 0x0F, 0xC0, 0x7F, 0xE1, 0xFF, 0xE7, 0xC3, 0xE7, 0x03, 0xC0, 0x03,
    0xC0, 0x07, 0xFF, 0xFF, 0xFF, 0xFF, 0xFF, 0xFF, 0xC0, 0x7F, 0xC1, 0xE7, 0xC7, 0xC7, 0xFF, 0x07,
    0xFC, 0x07, 0xE0, 0x03, 0xFC, 0x00, 0xFF, 0xF0, 0x1F, 0xFF, 0x83, 0xF0, 0xFC, 0x7C, 0x03, 0xC7,
    0x80, 0x1E, 0xF8, 0x01, 0xEF, 0x00, 0x1F, 0xF0, 0x00, 0xFF, 0xFF, 0xFF, 0xFF, 0xFF, 0xFF, 0xFF,
    0xFF, 0xF0, 0x00, 0xFF, 0x00, 0x1F, 0xF8, 0x01, 0xE7, 0x80, 0x1E, 0x7C, 0x03, 0xC3, 0xF0, 0xFC,
    0x1F, 0xFF, 0x80, 0xFF, 0xF0, 0x03, 0xFC, 0x00, 0x0F, 0xE0, 0x3F, 0xE0, 0xFF, 0xE3, 0xE3, 0xEF,
    0x83, 0xFE, 0x03, 0xFF, 0xC7, 0xFF, 0xFF, 0xF1, 0xFF, 0xE0, 0x3F, 0xC0, 0x7F, 0xC1, 0xF7, 0xC7,
    0xC7, 0xFF, 0x07, 0xFC, 0x07, 0xF0, 0x21, 0x3D, 0xA8, 0x80, 0x00, 0xC3, 0x00, 0xCF, 0x30, 0x73,
    0x0C, 0xC3, 0x30, 0x1B, 0x0D, 0x80, 0x01, 0x34, 0xD0, 0x4D, 0x30, 0x41, 0x07, 0x0E, 0x00, 0x01,
    0x1C, 0xE2, 0x00, 0x00, 0x63, 0x91, 0x89, 0x46, 0x61, 0x86, 0x10, 0x33, 0x18, 0xC3, 0x00, 0xC6,
    0x46, 0x6E, 0x00, 0x19, 0xC4, 0x10, 0x19, 0xC4, 0x10, 0x1D, 0xDC, 0xE6, 0x21, 0x08, 0x70, 0x76,
    0xC6, 0xE2, 0x23, 0xB1, 0xB7, 0xDF, 0x06, 0xC0, 0x39, 0xB4, 0x5B, 0x79, 0x00, 0x9C, 0xF5, 0xE8,
    0x00, 0x84, 0x74, 0xE2, 0x00, 0x00, 0x42, 0x17, 0x80, 0x33, 0x18, 0xC3, 0x00, 0x08, 0xCC, 0xE0,
    0x00, 0x08, 0x46, 0x33, 0x99, 0xDC, 0x00, 0x00, 0x03, 0xD8, 0x61, 0x38, 0x00, 0x61, 0x86, 0x10,
    0x73, 0x68, 0xB6, 0x78, 0x20, 0x84, 0x74, 0xE2, 0x00, 0x33, 0x18, 0xC3, 0x00, 0x00, 0x42, 0x17,
    0x80, 0x41, 0x07, 0x0E, 0x00, 0x00, 0x62, 0x91, 0x89, 0x46, 0x76, 0xE3, 0xB7, 0x00, 0xF3, 0xC0,
    0xCD, 0xE6, 0xC0, 0x06, 0x33, 0x18, 0xFD, 0xFE, 0xC0, 0x00, 0x30, 0x18, 0xFD, 0xFE, 0xCC, 0x06,
    0x33, 0x18, 0xF0, 0xDE, 0xC0, 0xCF, 0x30, 0x0C, 0x30, 0xFF, 0xF0, 0xFF, 0xF3, 0x0C, 0x30, 0xF0,
    0xF0, 0xC0, 0xC0, 0x18, 0x1B, 0x03, 0xF0, 0xFF, 0xC0, 0xFF, 0xFF, 0xFF, 0xFF, 0xFF, 0xFC, 0xFF,
    0xFF, 0xFF, 0xFF, 0xFF, 0xFF, 0xFF, 0xFF, 0xFF, 0xFF, 0xFE, 0xF0, 0xF0, 0x77, 0xBF, 0xE7, 0x00,
    0x00, 0x00, 0x00, 0x07, 0x7B, 0xFE, 0x70, 0xF0, 0xF0, 0x3F, 0x9F, 0xEF, 0xFB, 0xFE, 0xF8, 0x3E,
    0x0F, 0x83, 0xE0, 0xF8, 0x3E, 0x0F, 0x83, 0xE0, 0xF8, 0x3E, 0x0F, 0xFF, 0xFF, 0xFF, 0xFF, 0xF0,
    0xF7, 0xD8, 0xC0, 0x3E, 0x03, 0xE7, 0xE0, 0x7C, 0x7E, 0x0F, 0x87, 0xC1, 0xF0, 0x7C, 0x3C, 0x0F,
    0xCF, 0x81, 0xF9, 0xF0, 0x7F, 0xFC, 0x1F, 0xFF, 0x87, 0xDF, 0xC0, 0xF9, 0xF0, 0x1E, 0x1F, 0x07,
    0xC3, 0xE0, 0xF8, 0x3E, 0x1F, 0x03, 0xE3, 0xE0, 0x7C, 0x7C, 0x07, 0xCF, 0x00, 0xFC, 0x7F, 0xC0,
    0x7F, 0xF0, 0x7F, 0xF8, 0x7F, 0xF8, 0x00, 0xF8, 0x00, 0x7C, 0x00, 0x7C, 0x00, 0x7C, 0x00, 0x7C,
    0x00, 0x7C, 0x00, 0x7C, 0x00, 0x7C, 0x00, 0x7C, 0x00, 0x7C, 0xFF, 0xFE, 0xFF, 0xFF, 0xFF, 0xFE,
    0xFF, 0xFE, 0x3F, 0x03, 0xF8, 0x3F, 0xC3, 0xFC, 0x03, 0xE0, 0x3E, 0x03, 0xE0, 0x3E, 0x03, 0xE0,
    0x3E, 0x03, 0xE0, 0x3E, 0x07, 0xE0, 0xFE, 0x7F, 0xEF, 0xDE, 0xF9, 0xEF, 0x1E, 0x00, 0x00, 0xFF,
    0xFE, 0xFF, 0xFE, 0xFF, 0xFE, 0x7F, 0xFE, 0x00, 0xF8, 0x00, 0xF8, 0x00, 0xF8, 0x00, 0xF8, 0x00,
    0xF8, 0x00, 0xF8, 0x00, 0xF8, 0x00, 0xF8, 0x00, 0xF8, 0x00, 0xF8, 0x00, 0xF8, 0x00, 0xF8, 0x00,
    0xF8, 0x00, 0xF8, 0x7F, 0xF8, 0x3F, 0xFF, 0x1F, 0xFF, 0xCF, 0xFF, 0xE0, 0x01, 0xF0, 0x00, 0x7C,
    0x00, 0x3E, 0x00, 0x1F, 0x7C, 0x0F, 0xBE, 0x07, 0xDF, 0x03, 0xEF, 0x81, 0xF7, 0xC0, 0xFB, 0xE0,
    0x7D, 0xF0, 0x3E, 0xF8, 0x1F, 0x7C, 0x0F, 0xBE, 0x07, 0xC0, 0x7F, 0x7F, 0x7F, 0x7F, 0x1F, 0x1F,
    0x1F, 0x1F, 0x1F, 0x1F, 0x1F, 0x1F, 0x1F, 0x1F, 0x1F, 0x1F, 0x1F, 0x1F, 0xFF, 0xBF, 0xEF, 0xFB,
    0xFE, 0x1E, 0x0F, 0x07, 0xC1, 0xF0, 0x7C, 0x1F, 0x07, 0xC1, 0xF0, 0x7C, 0x1F, 0x07, 0xC0, 0xF8,
    0x3E, 0x0F, 0x80, 0x7F, 0xFE, 0x1F, 0xFF, 0xC7, 0xFF, 0xF9, 0xFF, 0xFF, 0x3E, 0x07, 0xCF, 0x81,
    0xF3, 0xE0, 0x7C, 0xF8, 0x1F, 0x3E, 0x07, 0xCF, 0x81, 0xF3, 0xE0, 0x7C, 0xF8, 0x1F, 0x3E, 0x07,
    0xCF, 0x81, 0xF3, 0xE0, 0x7C, 0xF8, 0x1F, 0x3E, 0x07, 0xCF, 0x81, 0xF0, 0xF8, 0xFC, 0x7C, 0x7F,
    0x3E, 0x3F, 0xDF, 0x1F, 0xEF, 0x80, 0xFF, 0xC0, 0x7F, 0xE0, 0x3F, 0xF0, 0x1F, 0xF8, 0x0F, 0xFC,
    0x07, 0xFE, 0x03, 0xFF, 0x01, 0xFF, 0x81, 0xFB, 0xE0, 0xF9, 0xFF, 0xFC, 0x7F, 0xFC, 0x1F, 0xFC,
    0x03, 0xF8, 0x00, 0x7F, 0x7F, 0x7F, 0x7F, 0x1F, 0x1F, 0x1F, 0x1F, 0x1F, 0x1F, 0x00, 0x7F, 0xE0,
    0xFF, 0xE3, 0xFF, 0xE3, 0xFF, 0xE0, 0x07, 0xC0, 0x07, 0x80, 0x0F, 0x80, 0x1F, 0x00, 0x3E, 0x00,
    0x7C, 0x00, 0xF8, 0x01, 0xF0, 0x03, 0xE0, 0x07, 0xC0, 0x0F, 0x80, 0x1F, 0x00, 0x3E, 0x00, 0x7C,
    0x00, 0xF8, 0x01, 0xF0, 0x03, 0xE0, 0x07, 0xC0, 0x0F, 0x80, 0xFF, 0x83, 0xFF, 0x0F, 0xFE, 0x3F,
    0xFC, 0x01, 0xF8, 0x03, 0xE0, 0x07, 0x80, 0x1E, 0x00, 0x7C, 0x01, 0xF0, 0x07, 0x80, 0x1E, 0x00,
    0xF8, 0x07, 0xEF, 0xFF, 0x3F, 0xFC, 0xFF, 0xE3, 0xFE, 0x00, 0x10, 0x01, 0xF0, 0x03, 0xE0, 0x07,
    0xC0, 0x0F, 0x80, 0x1F, 0xFF, 0xFF, 0xFF, 0xFF, 0xFE, 0xFF, 0xFC, 0x00, 0xF8, 0x01, 0xE0, 0x07,
    0xC0, 0x0F, 0x80, 0x1E, 0x00, 0x7C, 0x00, 0xF8, 0x01, 0xE0, 0x07, 0xC0, 0x0F, 0x80, 0x1E, 0x00,
    0x7C, 0x00, 0xF8, 0x03, 0xE0, 0x00, 0x7F, 0xFE, 0x1F, 0xFF, 0xCF, 0xFF, 0xF9, 0xFF, 0xFF, 0x3E,
    0x07, 0xCF, 0x81, 0xF3, 0xE0, 0x7C, 0xF8, 0x1F, 0x3E, 0x07, 0xCF, 0x81, 0xF3, 0xE0, 0x7C, 0xF8,
    0x1F, 0x3E, 0x07, 0xCF, 0x81, 0xF3, 0xFF, 0xFC, 0xFF, 0xFF, 0x3F, 0xFF, 0xCF, 0xFF, 0xF0, 0x78,
    0x7E, 0x07, 0xCF, 0xF8, 0x7D, 0xFF, 0xC3, 0xDF, 0xFC, 0x3F, 0x87, 0xE3, 0xF0, 0x3E, 0x1F, 0x01,
    0xE1, 0xF0, 0x1E, 0x1F, 0x01, 0xF1, 0xE0, 0x1F, 0x1E, 0x01, 0xE3, 0xE0, 0x3E, 0x3E, 0x03, 0xE3,
    0xE0, 0x7E, 0x3E, 0x7F, 0xC3, 0xC7, 0xF8, 0x7C, 0x7F, 0x07, 0xC7, 0xE0, 0x7F, 0x7F, 0x7F, 0x7F,
    0x1F, 0x1F, 0x1F, 0x1F, 0x1F, 0x1F, 0x1F, 0x1F, 0x1F, 0x1F, 0x1F, 0x1F, 0x1F, 0x1F, 0x1F, 0x1F,
    0x1F, 0x1F, 0x1F, 0x3E, 0x1F, 0xC7, 0xF9, 0xFE, 0x07, 0xC1, 0xF0, 0x7C, 0x1F, 0x07, 0xC1, 0xF0,
    0x7C, 0x1F, 0x07, 0xC1, 0xF7, 0xFF, 0xFF, 0xFF, 0xFF, 0xF0, 0x7F, 0xFC, 0x3F, 0xFF, 0x8F, 0xFF,
    0xF3, 0xFF, 0xFE, 0x3C, 0x0F, 0xCF, 0x01, 0xF7, 0xC0, 0x7D, 0xF0, 0x1F, 0x7C, 0x07, 0xDF, 0x01,
    0xF7, 0xC0, 0x7D, 0xF0, 0x1F, 0x7C, 0x07, 0xCF, 0x83, 0xE3, 0xFF, 0xF8, 0x7F, 0xFC, 0x0F, 0xFE,
    0x00, 0xFE, 0x00, 0x00, 0x00, 0x3E, 0x07, 0xDF, 0x03, 0xEF, 0x81, 0xF7, 0xC0, 0xF9, 0xE0, 0x7C,
    0xF8, 0x3E, 0x7C, 0x1F, 0x3E, 0x0F, 0x0F, 0x0F, 0x87, 0x87, 0xC3, 0xE3, 0xE1, 0xF3, 0xE0, 0xFB,
    0xF0, 0x3F, 0xF0, 0x7F, 0xF0, 0xFF, 0xF0, 0x7F, 0xE0, 0x3F, 0x80, 0x18, 0x00, 0x00, 0x0F, 0xE0,
    0x3F, 0xF8, 0x7F, 0xFC, 0xFF, 0xFE, 0xF8, 0x3E, 0xF8, 0x1F, 0xF8, 0x1F, 0xF8, 0x1F, 0xFC, 0x1F,
    0x7E, 0x1F, 0x3E, 0x1F, 0x1E, 0x1F, 0x00, 0x1F, 0x00, 0x1F, 0x00, 0x1F, 0x00, 0x1F, 0x00, 0x1F,
    0x00, 0x1F, 0x00, 0x1F, 0x00, 0x1F, 0x00, 0x1F, 0x00, 0x1F, 0x00, 0x1F, 0x0F, 0xE0, 0x3F, 0xF8,
    0x7F, 0xFC, 0xFF, 0xFE, 0xF8, 0x3E, 0xF8, 0x1F, 0xF8, 0x1F, 0xF8, 0x1F, 0xFC, 0x1F, 0x7E, 0x1F,
    0x3E, 0x1F, 0x1E, 0x1F, 0x00, 0x3F, 0x00, 0x7E, 0x7F, 0xFC, 0xFF, 0xFC, 0xFF, 0xF0, 0xFF, 0xC0,
    0x7C, 0x0F, 0x3E, 0x0F, 0x8F, 0x87, 0xC7, 0xC3, 0xE3, 0xE1, 0xF0, 0xF8, 0xF0, 0x7C, 0x78, 0x1E,
    0x7C, 0x0F, 0xFC, 0x07, 0xFE, 0x01, 0xFE, 0x00, 0xFC, 0x00, 0x7C, 0x00, 0x1E, 0x00, 0x0F, 0x80,
    0x07, 0xC0, 0x01, 0xE0, 0x00, 0xF0, 0x00, 0x7C, 0x00, 0x3E, 0x00, 0x0F, 0x00, 0x07, 0xC0, 0x03,
    0xE0, 0x7C, 0x1F, 0x3F, 0x0F, 0x8F, 0x87, 0xC3, 0xE3, 0xE1, 0xF1, 0xF0, 0x7C, 0xF0, 0x3F, 0xF8,
    0x0F, 0xFC, 0x03, 0xFC, 0x01, 0xFC, 0x00, 0x7C, 0x00, 0x1F, 0x00, 0x0F, 0x80, 0x03, 0xE1, 0xFF,
    0xF8, 0xFF, 0xFC, 0x7F, 0xFE, 0x3F, 0xFF, 0x00, 0x7F, 0xFF, 0xBF, 0xFF, 0xEF, 0xFF, 0xFB, 0xFF,
    0xFE, 0x00, 0x0F, 0x80, 0x03, 0xC0, 0x01, 0xF1, 0xF0, 0x7C, 0x7C, 0x1E, 0x1F, 0x0F, 0x87, 0xC3,
    0xE1, 0xF0, 0xF8, 0x7C, 0x3C, 0x1F, 0x1F, 0x07, 0xC7, 0xC1, 0xF1, 0xE0, 0x7C, 0x78, 0x1F, 0x3E,
    0x07, 0xC0, 0x01, 0xF0, 0x00, 0x7C, 0x00, 0x1F, 0x00, 0x07, 0xC0, 0x00, 0x7F, 0xC1, 0xFF, 0xC7,
    0xFF, 0x9F, 0xFE, 0x00, 0xF8, 0x01, 0xF0, 0x07, 0xC0, 0x1F, 0x00, 0x7C, 0x01, 0xF0, 0x07, 0xC0,
    0x1F, 0x00, 0x7C, 0x01, 0xF0, 0x07, 0xC0, 0x1F, 0x00, 0x7C, 0x01, 0xF0, 0xF9, 0xF1, 0xFF, 0x9F,
    0x1F, 0xF9, 0xF1, 0xFF, 0x9F, 0x1F, 0xF9, 0xF1, 0xFF, 0x9F, 0x1F, 0xF9, 0xE1, 0xFF, 0xFE, 0x1F,
    0xFF, 0xC1, 0xFF, 0xF8, 0x1F, 0xFE, 0x01, 0xEF, 0x80, 0x3E, 0x7C, 0x03, 0xE7, 0xE0, 0x7C, 0x3F,
    0xFF, 0xC1, 0xFF, 0xF8, 0x0F, 0xFF, 0x00, 0x3F, 0xC0, 0x3F, 0xFF, 0x0F, 0xFF, 0xF1, 0xFF, 0xFF,
    0x3F, 0xFF, 0xF0, 0xF8, 0x3E, 0x1F, 0x07, 0xC3, 0xE0, 0xF8, 0x7C, 0x1F, 0x0F, 0x83, 0xE1, 0xF0,
    0x7C, 0x3E, 0x0F, 0x87, 0xC1, 0xF0, 0xF8, 0x3E, 0x1E, 0x07, 0xDF, 0xC0, 0xFB, 0xF8, 0x1F, 0x7E,
    0x03, 0xEF, 0x80, 0x7C, 0x03, 0xF8, 0x00, 0x3F, 0x80, 0x03, 0xF8, 0x00, 0x3F, 0x80, 0x00, 0xF8,
    0x07, 0xFF, 0xFF, 0x7F, 0xFF, 0xF7, 0xFF, 0xFF, 0x7F, 0xFF, 0xF1, 0xFF, 0x9F, 0x1F, 0x01, 0xF1,
    0xF0, 0x1F, 0x1F, 0x01, 0xF1, 0xF0, 0x1F, 0x1F, 0x01, 0xF0, 0x00, 0x00, 0x7F, 0x1F, 0xBF, 0x9F,
    0xDF, 0xCF, 0xEF, 0xE7, 0xF1, 0xF0, 0xF8, 0xF8, 0x7C, 0x7C, 0x3E, 0x3E, 0x1F, 0x1F, 0x0F, 0x8F,
    0x87, 0xC7, 0xC3, 0xE3, 0xE1, 0xF1, 0xF0, 0xF8, 0xF8, 0x7C, 0x7C, 0x3E, 0x3E, 0x1F, 0x1F, 0x0F,
    0x8F, 0x87, 0xC0, 0x7F, 0x1F, 0xDF, 0xC7, 0xF7, 0xF1, 0xFD, 0xFC, 0x7F, 0x1F, 0x07, 0xC7, 0xC1,
    0xF1, 0xF0, 0x7C, 0x7C, 0x1F, 0x1F, 0x07, 0xC7, 0xC1, 0xF1, 0xE0, 0x7C, 0x00, 0x1F, 0x00, 0x07,
    0xC0, 0x01, 0xF0, 0x00, 0x7C, 0x00, 0x1F, 0x00, 0x07, 0xC0, 0x01, 0xF0, 0x7F, 0x1F, 0xDF, 0xC7,
    0xF7, 0xF1, 0xFD, 0xFC, 0x7F, 0x1F, 0x07, 0xC7, 0xC1, 0xF1, 0xF0, 0x7C, 0x7C, 0x1F, 0x1F, 0x07,
    0xC7, 0xC1, 0xF0, 0x00, 0x00, 0x3C, 0xF7, 0x9E, 0x79, 0xE7, 0x3C, 0x3C, 0xF1, 0xE7, 0x9E, 0x3C,
    0xF1, 0xE7, 0x8E, 0x3C, 0xF1, 0xC7, 0x9E, 0x38, 0x00, 0x00, 0x00, 0x00, 0x00, 0x00, 0x00, 0x1C,
    0x00, 0x00, 0x00, 0x38, 0x00, 0x00, 0x00, 0x70, 0x00, 0x00, 0x00, 0x60, 0xFF, 0xFF, 0xFF, 0xFF,
    0xFF, 0xFF, 0xFF, 0xFE, 0x7F, 0xFF, 0xFF, 0xFE, 0x01, 0x80, 0x00, 0x00, 0x00, 0x1E, 0xC7, 0x86,
    0x00, 0x00, 0x03, 0xFD, 0x1F, 0x9F, 0x80, 0x00, 0x7F, 0xDA, 0x33, 0xFF, 0xFF, 0xFF, 0xF8, 0x64,
    0xC3, 0x87, 0xFF, 0xFF, 0x00, 0x8F, 0x07, 0x01, 0xFF, 0xE0, 0x00, 0x1E, 0x00, 0x00, 0x00, 0x00,
    0x00, 0x18, 0x00, 0x00, 0x00, 0x00, 0x00, 0x1C, 0x00, 0x00, 0x00, 0x0F, 0xC0, 0x00, 0x00, 0x01,
    0x98, 0x00, 0x00, 0x00, 0x21, 0x00, 0x00, 0x00, 0x07, 0xFF, 0xFF, 0xFF, 0xFC, 0xFF, 0xFF, 0xFF,
    0xFF, 0x8F, 0xFF, 0xFF, 0xFF, 0xE0, 0x00, 0x00, 0x00, 0x00, 0x00, 0x00, 0x01, 0xE0, 0x00, 0x00,
    0x0F, 0xC0, 0x00, 0x03, 0x63, 0x00, 0x00, 0x1B, 0x0F, 0xFF, 0xFF, 0xFF, 0xFF, 0xFF, 0xFF, 0xFF,
    0x9F, 0xFF, 0xF3, 0xFC, 0x00, 0x00, 0x08, 0x00, 0x00, 0x00, 0x00, 0x00, 0x00, 0x00, 0x00, 0x00,
    0x00, 0x00, 0x00, 0x00, 0x00, 0x00, 0x00, 0x00, 0x20, 0x00, 0x00, 0x00, 0x00, 0x00, 0x00, 0x00,
    0x18, 0x00, 0x00, 0x00, 0x00, 0x00, 0x00, 0x00, 0x06, 0x00, 0x00, 0x00, 0x00, 0x00, 0x00, 0x00,
    0x11, 0x80, 0x00, 0x00, 0x00, 0x00, 0x00, 0x00, 0x0C, 0x70, 0x00, 0x00, 0x00, 0x00, 0x00, 0x38,
    0x03, 0x0C, 0x00, 0x00, 0x00, 0x00, 0x00, 0x1F, 0x80, 0xC3, 0x00, 0x00, 0x00, 0x00, 0x00, 0x07,
    0xFF, 0xFF, 0xC0, 0x00, 0x00, 0x00, 0x00, 0x03, 0x1F, 0xFF, 0xE0, 0x00, 0x00, 0x00, 0x00, 0x00,
    0x81, 0xFC, 0xF8, 0x00, 0x00, 0x00, 0x00, 0x00, 0x20, 0x00, 0x00, 0x00, 0x00, 0x00, 0x00, 0x00,
    0x08, 0x00, 0x00, 0x3F, 0xFF, 0xFF, 0xFF, 0xFF, 0x03, 0x00, 0x00, 0x0F, 0xFF, 0xFF, 0xFF, 0xFF,
    0xFF, 0xE0, 0x00, 0x01, 0xFF, 0xFF, 0xFF, 0xFF, 0xFF, 0xFE, 0x00, 0x00, 0x00, 0x00, 0x00, 0x00,
    0x01, 0xFF, 0x80, 0x00, 0x00, 0x00, 0x00, 0x00, 0x00, 0x00, 0x60, 0x00, 0x00, 0x00, 0x00, 0x00,
    0x00, 0x00, 0x00, 0x00, 0x00, 0x00, 0x00, 0x00, 0x08, 0xFC, 0x00, 0x01, 0xE7, 0xFF, 0xFF, 0xFE,
    0x30, 0xFF, 0xFF, 0xE0, 0x00, 0x3F, 0xFC, 0x00, 0x00, 0x00, 0x42, 0x50, 0xC3, 0x70, 0x61, 0xC0,
    0x61, 0x80, 0x21, 0x80, 0x31, 0x80, 0x30, 0x80, 0x18, 0x80, 0x18, 0x0F, 0x0C, 0x0F, 0x0C, 0x18,
    0x06, 0x18, 0x06, 0x30, 0x02, 0x30, 0x03, 0x60, 0x03, 0xE0, 0x01, 0xC0, 0x01, 0xC0, 0x00, 0x80,
    0x00, 0x80, 0x00, 0x00, 0x00, 0x00, 0x00, 0x80, 0xC1, 0x00, 0x63, 0x00, 0x63, 0x80, 0x21, 0x80,
    0x31, 0x00, 0x31, 0x00, 0x19, 0xC0, 0x18, 0x1F, 0x0C, 0x1F, 0x0C, 0x18, 0x0C, 0x38, 0x06, 0x30,
    0x06, 0x70, 0x03, 0x60, 0x03, 0xE0, 0x01, 0xC0, 0x01, 0xC0, 0x01, 0x80, 0x00, 0x80, 0x00, 0x00,
    0x00, 0x00, 0x00, 0x00, 0x00, 0x00, 0x20, 0x00, 0x00, 0x18, 0x00, 0x3C, 0x06, 0x00, 0x1F, 0x81,
    0x80, 0x07, 0xF0, 0x70, 0x03, 0x0E, 0x0C, 0x00, 0x83, 0x83, 0x00, 0x20, 0x60, 0xC0, 0x0C, 0x1D,
    0xE0, 0x43, 0xFF, 0xF0, 0x78, 0xFF, 0xF0, 0x7C, 0x1F, 0xF0, 0x1D, 0x00, 0x0C, 0x04, 0x40, 0x02,
    0x00, 0x10, 0x01, 0x80, 0x06, 0x00, 0xC0, 0x01, 0xC1, 0xE0, 0x00, 0x3F, 0xF0, 0x00, 0x07, 0xF0,
    0x00, 0x00, 0x60, 0x00, 0x00, 0x00, 0x00, 0x20, 0xC0, 0x70, 0xC0, 0x79, 0x80, 0x79, 0x80, 0x13,
    0x00, 0x03, 0x00, 0x06, 0x00, 0x06, 0x00, 0x0C, 0x00, 0x0C, 0x00, 0x19, 0x8C, 0x19, 0xCE, 0x33,
    0xDE, 0x30, 0xC6, 0x60, 0x00, 0x20, 0x00, 0x00, 0x00, 0x01, 0x06, 0x00, 0x1C, 0x30, 0x00, 0xF3,
    0x00, 0x07, 0x98, 0x00, 0x09, 0x80, 0x00, 0x0C, 0x00, 0x00, 0xC0, 0x00, 0x06, 0x00, 0x00, 0x60,
    0x00, 0x03, 0x00, 0x00, 0x33, 0x18, 0xC1, 0x9C, 0xE7, 0x19, 0xEF, 0x78, 0xC3, 0x18, 0xCC, 0x00,
    0x00, 0x20, 0x00, 0x00, 0x00, 0x00, 0x20, 0x07, 0x00, 0x70, 0x02, 0x00, 0x00, 0x02, 0x00, 0xF8,
    0x0F, 0xC1, 0x9E, 0x10, 0x61, 0x06, 0x18, 0x71, 0xFF, 0x0F, 0xB0, 0x03, 0x00, 0x77, 0xFE, 0x7F,
    0xC7, 0xE0, 0x00, 0x00, 0x00, 0x03, 0x00, 0x30, 0x03, 0x00, 0x30, 0x03, 0x00, 0x10, 0x01, 0x00,
    0x00, 0x02, 0x64, 0xCE, 0xF6, 0x00, 0x21, 0x8C, 0x31, 0x8C, 0x30, 0x80, 0x00, 0x0F, 0x00, 0x00,
    0x3F, 0x80, 0x00, 0x7F, 0xC0, 0x00, 0x60, 0xC0, 0x00, 0x40, 0xC0, 0x02, 0x60, 0x40, 0x1E, 0x7F,
    0xFF, 0xFC, 0x3F, 0xFF, 0xF0, 0x1F, 0xFF, 0x80, 0x0F, 0x00, 0x0F, 0xE0, 0x07, 0xF0, 0x04, 0x00,
    0x02, 0x00, 0x01, 0x80, 0x00, 0xE0, 0x60, 0x7C, 0xF0, 0x1F, 0xF0, 0x07, 0xE0, 0x01, 0xC0, 0x01,
    0xC0, 0x00, 0xC0, 0x00, 0xC0, 0x80, 0x61, 0xF8, 0x23, 0xFE, 0x13, 0xC7, 0x0B, 0x81, 0x87, 0x80,
    0x43, 0x80, 0x61, 0xC0, 0x71, 0xFF, 0xF1, 0x9F, 0xF0, 0x83, 0xE0, 0x00, 0x00, 0x00, 0x1A, 0x9E,
    0x7E, 0x41, 0x00, 0x19, 0x43, 0xD3, 0xE4, 0x00, 0x00, 0x00, 0x02, 0xF3, 0x1D, 0x31, 0x63, 0x4E,
    0x00, 0x30, 0x06, 0x54, 0xAE, 0x57, 0xC9, 0x04, 0x8C, 0x00, 0x00, 0x00, 0x00, 0x65, 0xFF, 0x00,
    0x00, 0x00, 0x40, 0x81, 0x73, 0x2F, 0x80, 0x00, 0x00, 0x70, 0x07, 0x00, 0x70, 0x07, 0x00, 0x30,
    0x07, 0x03, 0xD0, 0x60, 0x07, 0xFE, 0x01, 0x80, 0x21, 0x04, 0x22, 0x60, 0x07, 0xE0, 0x66, 0x76,
    0x00, 0x0B, 0xD8, 0x00, 0x02, 0x64, 0xCE, 0xF6, 0x00, 0x04, 0xEE, 0x60, 0x00, 0x08, 0x01, 0x00,
    0x20, 0x04, 0x00, 0xC0, 0x1E, 0x01, 0xE0, 0x0C, 0x01, 0x80, 0x20, 0x04, 0x00, 0xCC, 0x19, 0xC1,
    0xF8, 0x1E, 0x00, 0x0E, 0x07, 0x01, 0x06, 0x23, 0xB9, 0xDC, 0x46, 0x00, 0x07, 0xE3, 0xFD, 0xC7,
    0x40, 0x30, 0x0C, 0x03, 0xC0, 0x78, 0x0F, 0x00, 0xC0, 0x10, 0x04, 0x01, 0x00, 0x00, 0x20, 0x1C,
    0x07, 0x00, 0x80, 0x00, 0x00, 0x01, 0xE0, 0x0F, 0x80, 0x70, 0x03, 0x00, 0x18, 0x00, 0x60, 0x01,
    0x00, 0x06, 0x00, 0x1F, 0xC0, 0x3F, 0x80, 0x1E, 0x00, 0x18, 0x00, 0xC0, 0x0F, 0x1F, 0xF0, 0x7F,
    0x80, 0xF8, 0x00, 0x00, 0x00, 0xF0, 0x1F, 0x83, 0x98, 0x30, 0x03, 0x00, 0x38, 0xE1, 0xFF, 0x7F,
    0xE7, 0x80, 0x00, 0x00, 0x00, 0x3F, 0xBF, 0x80, 0x00, 0x00, 0x40, 0x60, 0x38, 0x0C, 0x04, 0x02,
    0x01, 0x00, 0x80, 0x40, 0x20, 0x10, 0x08, 0x04, 0x02, 0x01, 0x00, 0x80, 0x40, 0x20, 0x10, 0x00,
    0x00, 0x6D, 0x8F, 0xF8, 0x02, 0x77, 0x22, 0x22, 0x22, 0x22, 0x22, 0x22, 0x22, 0x22, 0x07, 0x00,
    0xD0, 0x08, 0x00, 0xF0, 0x0F, 0x00, 0x80, 0x07, 0x00, 0xF8, 0x0F, 0xC1, 0x8E, 0x10, 0x61, 0x06,
    0x18, 0x61, 0xFE, 0x1F, 0xE0, 0xFE, 0x00, 0x60, 0x0E, 0x01, 0xCF, 0xF8, 0x7F, 0x81, 0xE0, 0x44,
    0xEE, 0x44, 0x44, 0x44, 0x44, 0x44, 0x44, 0x44, 0x44, 0x06, 0xE8, 0xFF, 0x80, 0x00, 0x04, 0x00,
    0x1E, 0x30, 0x3F, 0x70, 0x78, 0x40, 0x60, 0x78, 0xC0, 0x70, 0x80, 0x40, 0x80, 0x00, 0xF0, 0x40,
    0xFE, 0x40, 0x7F, 0x40, 0x07, 0x40, 0x03, 0x60, 0x06, 0x60, 0x1C, 0x7F, 0xF8, 0x3F, 0xF0, 0x1F,
    0x80, 0x0B, 0x74, 0x92, 0x49, 0x24, 0x92, 0x49, 0x20, 0x00, 0x00, 0x20, 0x00, 0x06, 0x00, 0x00,
    0x60, 0x00, 0x06, 0x40, 0x00, 0x74, 0x00, 0x03, 0x40, 0x00, 0x36, 0x00, 0x03, 0x70, 0x01, 0xE7,
    0xFF, 0xFE, 0x3F, 0xFF, 0x80, 0xFF, 0xC0, 0x00, 0x00, 0x00, 0x00, 0x00, 0x00, 0x40, 0x00, 0x0E,
    0x00, 0x00, 0xE0, 0x00, 0x04, 0x00, 0x00, 0x00, 0x00, 0x00, 0x19, 0xCF, 0x71, 0x98, 0x00, 0x00,
    0x01, 0x80, 0x70, 0x1E, 0x07, 0xC2, 0x39, 0x8E, 0x41, 0x90, 0x66, 0x19, 0xFE, 0x7F, 0x0F, 0x80,
    0x00, 0x00, 0x00, 0x01, 0x00, 0x03, 0x38, 0x20, 0x73, 0x86, 0x03, 0x00, 0x60, 0x00, 0x06, 0x40,
    0x00, 0x74, 0x00, 0x03, 0x40, 0x00, 0x36, 0x00, 0x03, 0x70, 0x01, 0xE7, 0xFF, 0xFE, 0x3F, 0xFF,
    0x80, 0xFF, 0xC0, 0x00, 0x40, 0x00, 0x0E, 0x00, 0x00, 0xD0, 0x00, 0x33, 0x82, 0x03, 0xB8, 0x60,
    0x11, 0x06, 0x00, 0x00, 0x64, 0x00, 0x07, 0x40, 0x00, 0x34, 0x00, 0x03, 0x60, 0x00, 0x37, 0x00,
    0x1E, 0x7F, 0xFF, 0xE3, 0xFF, 0xF8, 0x0F, 0xFC, 0x00, 0x08, 0x00, 0x1F, 0xF0, 0x07, 0xFF, 0xF1,
    0x87, 0xFC, 0x00, 0xFF, 0x00, 0xFC, 0x00, 0x78, 0x00, 0x38, 0x00, 0x1C, 0x00, 0x0E, 0x00, 0x03,
    0x06, 0x00, 0x83, 0xC0, 0x20, 0xE0, 0x08, 0x08, 0x02, 0x00, 0x00, 0xC0, 0x00, 0x38, 0x00, 0x07,
    0xFF, 0xE0, 0xFF, 0xF0, 0x0F, 0xE0, 0x08, 0x00, 0x1F, 0xF0, 0x07, 0xFF, 0xF1, 0x87, 0xFC, 0x00,
    0xFF, 0x00, 0xFC, 0x00, 0x78, 0x00, 0x38, 0x00, 0x1C, 0x00, 0x0E, 0x00, 0x03, 0x00, 0x00, 0x80,
    0x00, 0x20, 0x00, 0x08, 0x00, 0x02, 0x00, 0x00, 0xC0, 0x00, 0x38, 0x00, 0x07, 0xFF, 0xE0, 0xFF,
    0xF0, 0x0F, 0xE0, 0x00, 0x00, 0x00, 0x30, 0x00, 0x1E, 0x00, 0x07, 0x00, 0x00, 0x00, 0x00, 0x00,
    0x00, 0x80, 0x01, 0xFF, 0x00, 0x7F, 0xFF, 0x18, 0x7F, 0xC0, 0x0F, 0xF0, 0x0F, 0xC0, 0x07, 0x80,
    0x03, 0x80, 0x01, 0xC0, 0x00, 0xE0, 0x00, 0x30, 0x00, 0x08, 0x00, 0x02, 0x00, 0x00, 0x80, 0x00,
    0x20, 0x00, 0x0C, 0x00, 0x03, 0x80, 0x00, 0x7F, 0xFE, 0x0F, 0xFF, 0x00, 0xFE, 0x00, 0x02, 0x01,
    0xC0, 0x70, 0x0E, 0x03, 0x80, 0x60, 0x1C, 0x03, 0x00, 0xFF, 0xFF, 0xF9, 0xFC, 0x00, 0x03, 0x81,
    0xE0, 0x30, 0x00, 0x00, 0x00, 0x20, 0x1C, 0x07, 0x00, 0xE0, 0x38, 0x06, 0x01, 0xC0, 0x30, 0x0F,
    0xFF, 0xFF, 0x9F, 0xC0, 0x00, 0x00, 0x10, 0x06, 0x00, 0xE0, 0x1C, 0x01, 0x80, 0x38, 0x03, 0x00,
    0x60, 0x04, 0x01, 0x80, 0x30, 0x0C, 0x03, 0x9F, 0xE3, 0xF8, 0x3E, 0x00, 0x00, 0x00, 0x60, 0x1E,
    0x01, 0x80, 0x00, 0x00, 0x00, 0x20, 0x0C, 0x01, 0xC0, 0x38, 0x03, 0x00, 0x70, 0x06, 0x00, 0xC0,
    0x08, 0x03, 0x00, 0x60, 0x18, 0x07, 0x3F, 0xC7, 0xF0, 0x7C, 0x00, 0x00, 0x00, 0x00, 0x00, 0x00,
    0x00, 0x08, 0x00, 0x00, 0x03, 0x00, 0x00, 0x04, 0x60, 0x00, 0x00, 0x8C, 0x00, 0x10, 0x31, 0xC0,
    0x07, 0x06, 0x18, 0x00, 0xE1, 0xC3, 0x00, 0x1F, 0xFF, 0xE8, 0x01, 0xFF, 0xF9, 0x00, 0x3F, 0x9F,
    0x20, 0x02, 0x00, 0x04, 0x00, 0x40, 0x00, 0xC0, 0x18, 0x00, 0x18, 0x06, 0x00, 0x03, 0x83, 0xC0,
    0x00, 0x3F, 0xF0, 0x00, 0x03, 0xF8, 0x00, 0x00, 0x10, 0x00, 0x00, 0x00, 0x00, 0x00, 0x00, 0x00,
    0x00, 0x02, 0x00, 0x00, 0x00, 0xE0, 0x00, 0x00, 0x0A, 0x00, 0x00, 0x0E, 0xE0, 0x00, 0x01, 0xCC,
    0x00, 0x00, 0x10, 0x10, 0x00, 0x00, 0x06, 0x00, 0x00, 0x08, 0xC0, 0x00, 0x01, 0x18, 0x00, 0x20,
    0x63, 0x80, 0x0E, 0x0C, 0x30, 0x01, 0xC3, 0x86, 0x00, 0x3F, 0xFF, 0xD0, 0x03, 0xFF, 0xF2, 0x00,
    0x7F, 0x3E, 0x40, 0x04, 0x00, 0x08, 0x00, 0x80, 0x01, 0x80, 0x30, 0x00, 0x30, 0x0C, 0x00, 0x07,
    0x07, 0x80, 0x00, 0x7F, 0xE0, 0x00, 0x07, 0xF0, 0x00, 0x00, 0x20, 0x00, 0x00, 0x00, 0x00, 0x00,
    0x00, 0x00, 0x00, 0x1F, 0x80, 0x00, 0x01, 0xFF, 0x00, 0x00, 0x0F, 0x1E, 0x00, 0x00, 0x70, 0x38,
    0x00, 0x33, 0x80, 0x60, 0x01, 0xDC, 0x01, 0x80, 0x07, 0xE0, 0x1E, 0x00, 0x1F, 0xFF, 0xF1, 0x00,
    0x3F, 0xFF, 0x04, 0x00, 0xFF, 0xF0, 0x10, 0x01, 0x00, 0x00, 0x40, 0x04, 0x00, 0x01, 0x80, 0x30,
    0x00, 0x06, 0x01, 0x80, 0x00, 0x1C, 0x1E, 0x00, 0x00, 0x3F, 0xF0, 0x00, 0x00, 0x7F, 0x00, 0x00,
    0x00, 0x40, 0x00, 0x00, 0x00, 0x00, 0x00, 0x00, 0x00, 0x00, 0x00, 0x60, 0x00, 0x00, 0x03, 0xC0,
    0x00, 0x00, 0x0E, 0x00, 0x00, 0x00, 0x10, 0x00, 0x00, 0x00, 0x00, 0x00, 0x00, 0x00, 0x00, 0x00,
    0x00, 0x00, 0x00, 0x00, 0x00, 0x07, 0xE0, 0x00, 0x00, 0x7F, 0xC0, 0x00, 0x03, 0xC7, 0x80, 0x00,
    0x1C, 0x0E, 0x00, 0x0C, 0xE0, 0x18, 0x00, 0x77, 0x00, 0x60, 0x01, 0xF8, 0x07, 0x80, 0x07, 0xFF,
    0xFC, 0x40, 0x0F, 0xFF, 0xC1, 0x00, 0x3F, 0xFC, 0x04, 0x00, 0x40, 0x00, 0x10, 0x01, 0x00, 0x00,
    0x60, 0x0C, 0x00, 0x01, 0x80, 0x60, 0x00, 0x07, 0x07, 0x80, 0x00, 0x0F, 0xFC, 0x00, 0x00, 0x1F,
    0xC0, 0x00, 0x00, 0x10, 0x00, 0x00, 0x00, 0x02, 0x00, 0x00, 0x60, 0x00, 0x07, 0x00, 0x00, 0x70,
    0x00, 0x06, 0x00, 0x00, 0x60, 0x00, 0x07, 0x00, 0x00, 0x70, 0x00, 0x03, 0x00, 0x00, 0x30, 0x20,
    0x03, 0x0F, 0x80, 0x33, 0xFE, 0x03, 0x78, 0xF0, 0x3E, 0x07, 0x01, 0xC0, 0x30, 0x38, 0x03, 0x43,
    0x00, 0xE7, 0xFF, 0xFC, 0x3F, 0xFF, 0x80, 0xFF, 0xE0, 0x02, 0x00, 0x00, 0x60, 0x00, 0x07, 0x00,
    0x00, 0x70, 0x60, 0x06, 0x07, 0x00, 0x60, 0xF0, 0x07, 0x02, 0x00, 0x70, 0x00, 0x03, 0x00, 0x00,
    0x30, 0x20, 0x03, 0x0F, 0x80, 0x33, 0xFE, 0x03, 0x78, 0xF0, 0x3E, 0x07, 0x01, 0xC0, 0x30, 0x38,
    0x03, 0x43, 0x00, 0xE7, 0xFF, 0xFC, 0x3F, 0xFF, 0x80, 0xFF, 0xE0, 0x0F, 0x00, 0x0F, 0xE0, 0x03,
    0xF8, 0x01, 0x00, 0x00, 0x40, 0x00, 0x18, 0x00, 0x07, 0x07, 0x01, 0xF7, 0xC0, 0x3F, 0xE0, 0x07,
    0xC0, 0x00, 0xC0, 0x00, 0x60, 0x00, 0x30, 0x00, 0x0C, 0x00, 0x02, 0x00, 0x00, 0x80, 0x00, 0x20,
    0x00, 0x0C, 0x00, 0x03, 0x80, 0x00, 0x7F, 0xFE, 0x0F, 0xFF, 0x00, 0xFE, 0x00, 0x00, 0x00, 0x01,
    0x00, 0x00, 0xE0, 0x00, 0x38, 0x00, 0x04, 0x00, 0x00, 0x00, 0x00, 0x00, 0x00, 0x3C, 0x00, 0x3F,
    0x80, 0x0F, 0xE0, 0x04, 0x00, 0x01, 0x00, 0x00, 0x60, 0x00, 0x1C, 0x1C, 0x07, 0xDF, 0x00, 0xFF,
    0x80, 0x1F, 0x00, 0x03, 0x00, 0x01, 0x80, 0x00, 0xC0, 0x00, 0x30, 0x00, 0x08, 0x00, 0x02, 0x00,
    0x00, 0x80, 0x00, 0x30, 0x00, 0x0E, 0x00, 0x01, 0xFF, 0xF8, 0x3F, 0xFC, 0x03, 0xF8, 0x00, 0x00,
    0x10, 0x00, 0x03, 0x06, 0x00, 0xD1, 0xE0, 0x08, 0x7E, 0x00, 0x1F, 0x80, 0x07, 0xC0, 0x00, 0xF0,
    0x00, 0x0C, 0x00, 0x00, 0xE0, 0x00, 0x0F, 0x80, 0x00, 0x7E, 0x00, 0x00, 0xF0, 0x00, 0x03, 0x80,
    0x00, 0x18, 0x40, 0x00, 0xC4, 0x00, 0x0C, 0x60, 0x01, 0xC7, 0xFF, 0xF8, 0x3F, 0xFF, 0x01, 0xFF,
    0xC0, 0x00, 0x00, 0x00, 0x00, 0x06, 0x00, 0x01, 0xE0, 0x00, 0x7E, 0x00, 0x1F, 0x80, 0x07, 0xC0,
    0x00, 0xF0, 0x00, 0x0C, 0x00, 0x00, 0xE0, 0x00, 0x0F, 0x80, 0x00, 0x7E, 0x00, 0x00, 0xF0, 0x00,
    0x03, 0x80, 0x00, 0x18, 0x40, 0x00, 0xC4, 0x00, 0x0C, 0x60, 0x01, 0xC7, 0xFF, 0xF8, 0x3F, 0xFF,
    0x01, 0xFF, 0xC0, 0x00, 0x00, 0x00, 0x00, 0x20, 0x00, 0x67, 0x00, 0x07, 0x70, 0x00, 0x6A, 0x00,
    0x01, 0xC0, 0x00, 0x08, 0x00, 0x00, 0x00, 0x00, 0x04, 0x00, 0x1E, 0x10, 0x3F, 0x38, 0x78, 0x38,
    0x60, 0x4C, 0xC0, 0x44, 0xC0, 0x00, 0x80, 0x00, 0xC0, 0x40, 0xFC, 0x40, 0x7F, 0x40, 0x1F, 0x40,
    0x03, 0x60, 0x06, 0x60, 0x1C, 0x7F, 0xF8, 0x3F, 0xF0, 0x1F, 0x80, 0x00, 0x01, 0x00, 0x01, 0xE0,
    0x00, 0xFC, 0x04, 0x78, 0x33, 0x98, 0x1C, 0xEC, 0x03, 0x13, 0x00, 0x00, 0x80, 0x00, 0x30, 0x04,
    0x0F, 0xC1, 0x01, 0xFC, 0x40, 0x1F, 0x10, 0x00, 0xC6, 0x00, 0x61, 0x80, 0x70, 0x7F, 0xF8, 0x0F,
    0xFC, 0x01, 0xF8, 0x00, 0x00, 0x02, 0x00, 0x07, 0x86, 0x07, 0xE3, 0x07, 0x86, 0x63, 0x07, 0xBB,
    0x01, 0x89, 0x80, 0x00, 0x80, 0x00, 0x60, 0x10, 0x3F, 0x08, 0x0F, 0xE4, 0x01, 0xF2, 0x00, 0x19,
    0x80, 0x18, 0xC0, 0x38, 0x7F, 0xF8, 0x1F, 0xF8, 0x07, 0xE0, 0x00, 0xFF, 0xFF, 0xF8, 0x00, 0x00,
    0x80, 0x00, 0x03, 0x80, 0x00, 0x07, 0x00, 0x00, 0x0E, 0x00, 0x00, 0x00, 0x00, 0x00, 0x00, 0x00,
    0x00, 0x78, 0x00, 0x01, 0xF8, 0x00, 0x07, 0xF8, 0x00, 0x0C, 0x70, 0x00, 0x10, 0x70, 0x00, 0x20,
    0x64, 0x00, 0x7F, 0xC8, 0x00, 0xFF, 0x90, 0x00, 0xFB, 0x30, 0x00, 0x06, 0x70, 0x00, 0x7C, 0xFF,
    0xFF, 0xF0, 0xFF, 0xFF, 0x80, 0x7F, 0xF8, 0x00, 0x00, 0x00, 0x00, 0x46, 0x00, 0x77, 0x80, 0x39,
    0x80, 0x08, 0x00, 0x00, 0x00, 0x01, 0xE0, 0x01, 0xF8, 0x00, 0xFC, 0x00, 0xC7, 0x00, 0x41, 0x80,
    0x20, 0xE0, 0x18, 0x30, 0x0F, 0xF9, 0x07, 0xFC, 0x81, 0xF2, 0x40, 0x01, 0x20, 0x01, 0x98, 0x00,
    0x8C, 0x01, 0xC7, 0x07, 0xC1, 0xFF, 0x80, 0x7F, 0x80, 0x04, 0x00, 0x00, 0x00, 0x00, 0x60, 0x01,
    0x80, 0x0E, 0x00, 0x38, 0x00, 0x60, 0x01, 0x80, 0x06, 0x00, 0x18, 0x0C, 0x60, 0x41, 0xC3, 0x03,
    0x07, 0x0C, 0x04, 0x30, 0xE0, 0xC0, 0x03, 0x00, 0x0C, 0x00, 0x1F, 0xFF, 0xFF, 0xFF, 0xFF, 0xF8,
    0x00, 0x00, 0x00, 0x30, 0x00, 0xE0, 0x01, 0xC0, 0x03, 0x80, 0x07, 0x00, 0x0E, 0x00, 0x0C, 0x00,
    0x18, 0x00, 0x30, 0x00, 0x60, 0x00, 0xE0, 0x01, 0xC0, 0x01, 0x80, 0x03, 0x00, 0x06, 0x00, 0x0C,
    0x00, 0x18, 0x00, 0x32, 0x00, 0x24, 0x00, 0x48, 0x00, 0x90, 0x01, 0x30, 0x06, 0x60, 0x38, 0xFF,
    0xE0, 0xFF, 0x80, 0xFC, 0x00, 0x00, 0x01, 0xE0, 0x3F, 0x07, 0x38, 0x41, 0xC0, 0x0E, 0x03, 0xE7,
    0xFE, 0xFF, 0xCF, 0x00, 0x80, 0x0C, 0x00, 0xC0, 0x0C, 0x00, 0xC0, 0x0C, 0x00, 0xC0, 0x0E, 0x00,
    0xC0, 0x00, 0x00, 0x00, 0x00, 0x06, 0x00, 0x1C, 0x00, 0x38, 0x00, 0x00, 0x00, 0x01, 0x00, 0x07,
    0x00, 0x0E, 0x00, 0x1C, 0x00, 0x19, 0x00, 0x32, 0x00, 0x64, 0x00, 0x48, 0x00, 0x98, 0x03, 0x30,
    0x1C, 0x7F, 0xF0, 0x7F, 0xC0, 0x7E, 0x00, 0x00, 0x00, 0x00, 0x38, 0x00, 0x1F, 0x80, 0x0F, 0xF0,
    0x03, 0x3E, 0x01, 0x8D, 0xC0, 0x61, 0x30, 0x18, 0xC6, 0x03, 0x31, 0x80, 0xF8, 0x67, 0xFF, 0x89,
    0xFF, 0xFE, 0x3F, 0x1F, 0x00, 0x00, 0x00, 0x07, 0x00, 0xF8, 0x0F, 0xC1, 0x8E, 0x10, 0x61, 0x06,
    0x18, 0x21, 0xFE, 0x1F, 0xE0, 0xFA, 0x00, 0x60, 0x06, 0x01, 0xCF, 0xF8, 0x7F, 0x81, 0xE0, 0x00,
    0x04, 0x00, 0x1E, 0x00, 0x3F, 0x00, 0x78, 0x00, 0x60, 0x00, 0xC0, 0x00, 0xC0, 0x00, 0x80, 0x00,
    0xC0, 0x40, 0xFC, 0x40, 0x7F, 0x40, 0x1F, 0x40, 0x03, 0x60, 0x06, 0x60, 0x1C, 0x7F, 0xF8, 0x3F,
    0xF0, 0x1F, 0x80, 0x00, 0x04, 0x00, 0x1E, 0x00, 0x3F, 0x00, 0x78, 0x00, 0x60, 0x00, 0xC0, 0x00,
    0xC0, 0x00, 0x80, 0x00, 0xC0, 0x40, 0xFC, 0x40, 0x7F, 0x40, 0x1F, 0x40, 0x03, 0x60, 0x06, 0x60,
    0x1C, 0x7F, 0xF8, 0x3F, 0xF0, 0x1F, 0x80, 0x00, 0x00, 0x08, 0xC0, 0x1D, 0xE0, 0x1C, 0xC0, 0x08,
    0x00, 0x00, 0x00, 0x00, 0xEF, 0x27, 0x7B, 0x00, 0x00, 0x06, 0x0E, 0x0E, 0x6F, 0x3C, 0x30, 0x0C,
    0xEC, 0xDE, 0xC0, 0x00, 0x00, 0x77, 0xB0, 0x00, 0x30, 0xA3, 0x87, 0x33, 0x80, 0x04, 0xEE, 0x20,
    0x04, 0x09, 0x52, 0xE7, 0x00, 0x71, 0xE5, 0x9E, 0x00, 0x00, 0x3F, 0xD7, 0xC0, 0x7D, 0x8F, 0xF8,
    0x7D, 0x8F, 0xF8, 0xAF, 0xF8, 0x0E, 0x31, 0xC1, 0xC3, 0x86, 0x00, 0x82, 0x2C, 0x9C, 0x00, 0x00,
    0x7E, 0x03, 0x36, 0x9E, 0x38, 0xC0, 0x01, 0x87, 0x34, 0x98, 0x00, 0x6F, 0xF6, 0x61, 0x47, 0x38,
    0x30, 0x70, 0x00, 0x44, 0x98, 0xE3, 0x09, 0x80, 0x00, 0x0C, 0x34, 0x40, 0xF7, 0xC0, 0x00, 0x01,
    0x1F, 0xF7, 0x08, 0x01, 0x86, 0x1C, 0x70, 0xC3, 0x86, 0x18, 0x61, 0x86, 0x08, 0x20, 0x82, 0x08,
    0x00, 0x20, 0x70, 0x7C, 0x3F, 0xFB, 0xF9, 0xF8, 0x60, 0x30, 0x1C, 0x06, 0x03, 0x01, 0x80, 0xC0,
    0x60, 0x30, 0x18, 0x00, 0x00, 0x00, 0x06, 0x12, 0x61, 0x27, 0x3E, 0x7F, 0xE3, 0xFC, 0x3E, 0x03,
    0x80, 0x18, 0x01, 0x80, 0x18, 0x01, 0x80, 0x18, 0x01, 0x80, 0x08, 0x00, 0x80, 0x08, 0x00, 0x00,
    0x00, 0x03, 0x01, 0xC0, 0xE0, 0x70, 0x10, 0x0E, 0x03, 0xE0, 0x7C, 0x0F, 0x01, 0x80, 0x60, 0x30,
    0x08, 0x02, 0x00, 0xFF, 0x3F, 0x87, 0xC0, 0x0E, 0x07, 0xC3, 0xF0, 0xCE, 0x21, 0x98, 0x64, 0x09,
    0x02, 0x41, 0x98, 0x67, 0xF1, 0xFC, 0x3C, 0x00, 0x00, 0x0F, 0xE3, 0xFE, 0x3F, 0x80, 0x10, 0x02,
    0x00, 0x40, 0x08, 0x01, 0x00, 0x20, 0x06, 0x00, 0xC0, 0x18, 0x03, 0x00, 0x30, 0x06, 0x00, 0xC0,
    0x00, 0x00, 0x06, 0x01, 0xB8, 0x0D, 0xC0, 0xE7, 0x06, 0x38, 0x30, 0xC3, 0x87, 0x18, 0x18, 0xC0,
    0xCC, 0x07, 0x60, 0x1B, 0x00, 0xF0, 0x07, 0x80, 0x1C, 0x00, 0xC0, 0x06, 0x00, 0x00, 0x00, 0x18,
    0x01, 0xC0, 0x0E, 0x00, 0x78, 0x02, 0xC0, 0x36, 0x01, 0xB8, 0x08, 0xC0, 0xC7, 0x06, 0x38, 0x60,
    0xE3, 0x07, 0x38, 0x1D, 0x80, 0xEC, 0x03, 0x00, 0x10, 0x00, 0x03, 0xC0, 0xFC, 0x33, 0x84, 0x30,
    0xC2, 0x1F, 0xC3, 0xF8, 0x3F, 0x00, 0x20, 0x06, 0x00, 0xC0, 0x18, 0x03, 0x00, 0x70, 0x06, 0x00,
    0xC0, 0x00, 0x00, 0x04, 0x19, 0xC3, 0x3C, 0xC7, 0x98, 0x26, 0x00, 0xC0, 0x30, 0x06, 0x01, 0x80,
    0x30, 0x0C, 0xC1, 0x9C, 0x67, 0x8C, 0x33, 0x00, 0x20, 0x00, 0x00, 0x18, 0x38, 0x70, 0x60, 0x41,
    0x83, 0x0C, 0x38, 0xE3, 0x80, 0x00, 0x0C, 0x79, 0xC3, 0x06, 0x18, 0x30, 0x40, 0xE1, 0xC1, 0x81,
    0x00, 0x00, 0x00, 0x40, 0x06, 0x00, 0x60, 0x7F, 0xE1, 0xF8, 0x0F, 0x01, 0xF0, 0x19, 0x81, 0x08,
    0x00, 0x00, 0x00, 0x00, 0x20, 0x00, 0x06, 0x00, 0x00, 0x60, 0x00, 0x06, 0x40, 0x00, 0x74, 0x00,
    0x03, 0x40, 0x00, 0x36, 0x00, 0x03, 0x70, 0x01, 0xE7, 0xFF, 0xFE, 0x3F, 0xFF, 0x80, 0xFF, 0xC0,
    0x00, 0x78, 0x00, 0x7E, 0x00, 0x3F, 0x00, 0x31, 0xC0, 0x10, 0x60, 0x08, 0x38, 0x06, 0x0C, 0x03,
    0xFE, 0x41, 0xFF, 0x20, 0x7C, 0x90, 0x00, 0x48, 0x00, 0x66, 0x00, 0x23, 0x00, 0x71, 0xC1, 0xF0,
    0x7F, 0xE0, 0x1F, 0xE0, 0x01, 0x00, 0x00, 0x2F, 0xFA, 0x00, 0x06, 0x3B, 0x7F, 0x00, 0x00, 0x00,
    0x08, 0x08, 0x1C, 0x1C, 0x08, 0x08, 0x08, 0x08, 0x08, 0x08, 0x08, 0x08, 0x08, 0x08, 0x08, 0x08,
    0x08, 0x08, 0x08, 0x08, 0x0C, 0x38, 0x40, 0xF7, 0xC0, 0x02, 0x04, 0x1C, 0x38, 0x20, 0x40, 0x81,
    0x02, 0x04, 0x08, 0x10, 0x20, 0x40, 0x81, 0x02, 0x04, 0x08, 0x10, 0x00, 0x10, 0x60, 0xE0, 0x81,
    0x02, 0x04, 0x08, 0x10, 0x20, 0x40, 0x81, 0x02, 0x04, 0x08, 0x10, 0x20, 0x40, 0x00, 0x03, 0x0D,
    0x18, 0x3D, 0xF0, 0x00, 0x00, 0x00, 0xF0, 0x1F, 0x83, 0x98, 0x30, 0x03, 0x00, 0x38, 0xE1, 0xFF,
    0x7F, 0xE7, 0x80, 0x00, 0x00, 0x00, 0x00, 0x10, 0x00, 0x0C, 0x00, 0x03, 0x80, 0x00, 0xE0, 0x00,
    0x10, 0x00, 0x04, 0x03, 0xC1, 0x01, 0xF0, 0x40, 0xE4, 0x10, 0x20, 0x04, 0x08, 0x01, 0x03, 0x8E,
    0x40, 0x7F, 0x90, 0x7F, 0xE4, 0x3C, 0x01, 0x00, 0x00, 0x40, 0x00, 0x10, 0x00, 0x04, 0x00, 0x01,
    0x00, 0x00, 0x40, 0x00, 0x00, 0x00, 0x00, 0x3C, 0x00, 0x00, 0x1F, 0x00, 0x00, 0x0F, 0xC0, 0x00,
    0x03, 0x10, 0x00, 0x00, 0x80, 0x01, 0xC0, 0x30, 0x60, 0xF8, 0x0F, 0xF8, 0x3F, 0x07, 0xFE, 0x18,
    0xE3, 0xE0, 0x04, 0x18, 0x00, 0x01, 0x06, 0x00, 0x00, 0x60, 0x80, 0x00, 0x1F, 0xE0, 0x00, 0x07,
    0xF8, 0x00, 0x00, 0xFA, 0x00, 0x00, 0x01, 0x80, 0x00, 0x00, 0x60, 0x00, 0x00, 0x70, 0x00, 0x0F,
    0xF8, 0x00, 0x01, 0xFE, 0x00, 0x00, 0x1E, 0x00, 0x00, 0x00, 0x03, 0x80, 0x00, 0x00, 0xE0, 0x00,
    0x00, 0x18, 0x00, 0x00, 0x06, 0x00, 0xF0, 0x01, 0x00, 0x7C, 0x00, 0x80, 0x3F, 0x00, 0x00, 0x0C,
    0x40, 0x00, 0x02, 0x00, 0x07, 0x00, 0xC1, 0x83, 0xE0, 0x3F, 0xE0, 0xFC, 0x1F, 0xF8, 0x63, 0x8F,
    0x80, 0x10, 0x60, 0x00, 0x04, 0x08, 0x00, 0x01, 0x82, 0x00, 0x00, 0x7F, 0x80, 0x00, 0x1F, 0xE0,
    0x00, 0x03, 0xE8, 0x00, 0x00, 0x06, 0x00, 0x00, 0x01, 0x80, 0x00, 0x01, 0xC0, 0x00, 0x3F, 0xE0,
    0x00, 0x07, 0xF8, 0x00, 0x00, 0x78, 0x00, 0x00, 0x00, 0x00, 0x00, 0x00, 0x00, 0x00, 0x0F, 0x00,
    0x00, 0x00, 0x7C, 0x00, 0x00, 0x03, 0x90, 0x00, 0x00, 0x08, 0x00, 0x00, 0x10, 0x30, 0x00, 0x01,
    0xE0, 0xE7, 0x80, 0x0F, 0xC1, 0xFE, 0x00, 0x78, 0x1F, 0xF0, 0x01, 0x80, 0x60, 0x00, 0x0C, 0x00,
    0x00, 0x00, 0x30, 0x00, 0x00, 0x00, 0x80, 0x00, 0x00, 0x03, 0x00, 0x00, 0x04, 0x0F, 0xC0, 0x00,
    0x10, 0x1F, 0xC0, 0x00, 0x40, 0x1F, 0x00, 0x01, 0x00, 0x0C, 0x00, 0x06, 0x00, 0x60, 0x00, 0x18,
    0x07, 0x00, 0x00, 0x7F, 0xF8, 0x00, 0x00, 0xFF, 0xC0, 0x00, 0x01, 0xF8, 0x00, 0x00, 0x00, 0x00,
    0x80, 0x00, 0x08, 0x00, 0x00, 0x80, 0x00, 0x0F, 0x00, 0x00, 0xD8, 0x20, 0x1F, 0x06, 0x00, 0x00,
    0x60, 0x00, 0x06, 0x40, 0x00, 0x74, 0x00, 0x03, 0x40, 0x00, 0x36, 0x00, 0x03, 0x70, 0x01, 0xE7,
    0xFF, 0xFE, 0x3F, 0xFF, 0x80, 0xFF, 0xC0, 0x00, 0x80, 0x00, 0x0C, 0x00, 0x00, 0xC0, 0x00, 0x00,
    0x00, 0x00, 0xC0, 0x20, 0x0E, 0x06, 0x00, 0xC0, 0x60, 0x00, 0x06, 0x40, 0x00, 0x74, 0x00, 0x03,
    0x40, 0x00, 0x36, 0x00, 0x03, 0x70, 0x01, 0xE7, 0xFF, 0xFE, 0x3F, 0xFF, 0x80, 0xFF, 0xC0, 0x00,
    0x00, 0x20, 0x00, 0x06, 0x00, 0x00, 0x60, 0x00, 0x06, 0x40, 0x00, 0x74, 0x00, 0x03, 0x40, 0x00,
    0x36, 0x00, 0x03, 0x70, 0x01, 0xE7, 0xFF, 0xFE, 0x3F, 0xFF, 0x80, 0xFF, 0xC0, 0x00, 0x00, 0x00,
    0x04, 0x00, 0x00, 0xE0, 0x00, 0x0E, 0x00, 0x00, 0x00, 0x00, 0x06, 0x00, 0x00, 0xF0, 0x00, 0x06,
    0x00, 0x00, 0x00, 0x00, 0x00, 0x00, 0x00, 0x01, 0x00, 0x03, 0x38, 0x20, 0x7B, 0x86, 0x03, 0x10,
    0x60, 0x00, 0x06, 0x40, 0x00, 0x74, 0x00, 0x03, 0x40, 0x00, 0x36, 0x00, 0x03, 0x70, 0x01, 0xE7,
    0xFF, 0xFE, 0x3F, 0xFF, 0x80, 0xFF, 0xC0, 0x00, 0xB0, 0x00, 0x0F, 0x00, 0x00, 0x00, 0x00, 0x33,
    0x00, 0x03, 0xB8, 0x00, 0x35, 0x02, 0x00, 0xE0, 0x60, 0x0C, 0x06, 0x00, 0x00, 0x64, 0x00, 0x07,
    0x40, 0x00, 0x34, 0x00, 0x03, 0x60, 0x00, 0x37, 0x00, 0x1E, 0x7F, 0xFF, 0xE3, 0xFF, 0xF8, 0x0F,
    0xFC, 0x00, 0x00, 0x00, 0x20, 0x00, 0x06, 0x00, 0x00, 0x60, 0x00, 0x06, 0x40, 0x00, 0x74, 0x00,
    0x03, 0x40, 0x00, 0x36, 0x00, 0x03, 0x70, 0x01, 0xE7, 0xFF, 0xFE, 0x3F, 0xFF, 0x80, 0xFF, 0xC0,
    0x00, 0x00, 0x00, 0x00, 0x00, 0x01, 0x98, 0x00, 0x39, 0x80, 0x01, 0xE0, 0x00, 0x06, 0x00, 0x00,
    0x60, 0x00, 0x00, 0x00, 0x00, 0x00, 0x00, 0x3F, 0x00, 0x01, 0x20, 0x00, 0x02, 0x02, 0x01, 0xB0,
    0x60, 0x12, 0x06, 0x00, 0x00, 0x64, 0x00, 0x07, 0x40, 0x00, 0x34, 0x00, 0x03, 0x60, 0x00, 0x37,
    0x00, 0x1E, 0x7F, 0xFF, 0xE3, 0xFF, 0xF8, 0x0F, 0xFC, 0x00, 0x00, 0x00, 0x20, 0x00, 0x06, 0x00,
    0x00, 0x60, 0x00, 0x06, 0x40, 0x00, 0x74, 0x00, 0x03, 0x40, 0x00, 0x36, 0x00, 0x03, 0x70, 0x01,
    0xE7, 0xFF, 0xFE, 0x3F, 0xFF, 0x80, 0xFF, 0xC0, 0x00, 0x00, 0x00, 0x08, 0x00, 0x01, 0xB0, 0x00,
    0x09, 0x00, 0x00, 0x90, 0x00, 0x1F, 0x80, 0x00, 0x90, 0x00, 0x00, 0xE0, 0x00, 0x68, 0x00, 0x10,
    0x00, 0x07, 0x80, 0x01, 0xE0, 0x00, 0x60, 0x00, 0x80, 0x01, 0xFF, 0x00, 0x7F, 0xFF, 0x18, 0x7F,
    0xC0, 0x0F, 0xF0, 0x0F, 0xC0, 0x07, 0x80, 0x03, 0x80, 0x01, 0xC0, 0x00, 0x60, 0x00, 0x30, 0x00,
    0x08, 0x00, 0x02, 0x00, 0x00, 0x80, 0x00, 0x20, 0x00, 0x0C, 0x00, 0x03, 0x80, 0x00, 0x7F, 0xFE,
    0x0F, 0xFF, 0x00, 0xFE, 0x00, 0x00, 0x00, 0x00, 0x70, 0x00, 0x1C, 0x00, 0x02, 0x00, 0x00, 0xC0,
    0x00, 0x38, 0x00, 0x0C, 0x00, 0x00, 0x00, 0x08, 0x00, 0x1F, 0xF0, 0x07, 0xFF, 0xF1, 0x87, 0xFC,
    0x00, 0xFF, 0x00, 0xFC, 0x00, 0x78, 0x00, 0x38, 0x00, 0x1C, 0x00, 0x0E, 0x00, 0x03, 0x00, 0x00,
    0x80, 0x00, 0x20, 0x00, 0x08, 0x00, 0x02, 0x00, 0x00, 0xC0, 0x00, 0x38, 0x00, 0x07, 0xFF, 0xE0,
    0xFF, 0xF0, 0x0F, 0xE0, 0x08, 0x00, 0x1F, 0xF0, 0x07, 0xFF, 0xF1, 0x87, 0xFC, 0x00, 0xFF, 0x00,
    0xFC, 0x00, 0x78, 0x00, 0x38, 0x00, 0x1C, 0x00, 0x0E, 0x00, 0x03, 0x11, 0x80, 0x8E, 0xF0, 0x23,
    0x98, 0x08, 0x40, 0x02, 0x00, 0x00, 0xC0, 0x00, 0x38, 0x00, 0x07, 0xFF, 0xE0, 0xFF, 0xF0, 0x0F,
    0xE0, 0x08, 0x00, 0x1F, 0xF0, 0x07, 0xFF, 0xF1, 0x87, 0xFC, 0x00, 0xFF, 0x00, 0xFC, 0x00, 0x78,
    0x00, 0x38, 0x00, 0x1C, 0x00, 0x0E, 0x18, 0x03, 0x0E, 0x00, 0x81, 0x00, 0x20, 0x20, 0x08, 0x1C,
    0x02, 0x06, 0x00, 0xC0, 0x00, 0x38, 0x00, 0x07, 0xFF, 0xE0, 0xFF, 0xF0, 0x0F, 0xE0, 0x00, 0x00,
    0x00, 0x30, 0x00, 0x0C, 0x00, 0x0C, 0xC0, 0x07, 0xB8, 0x00, 0xC4, 0x00, 0x00, 0x00, 0x20, 0x00,
    0x7F, 0xC0, 0x1F, 0xFF, 0xC6, 0x1F, 0xF0, 0x03, 0xFC, 0x03, 0xF0, 0x01, 0xE0, 0x00, 0xE0, 0x00,
    0x70, 0x00, 0x38, 0x00, 0x0C, 0x00, 0x02, 0x00, 0x00, 0x80, 0x00, 0x20, 0x00, 0x08, 0x00, 0x03,
    0x00, 0x00, 0xE0, 0x00, 0x1F, 0xFF, 0x83, 0xFF, 0xC0, 0x3F, 0x80, 0x08, 0x00, 0x1F, 0xF0, 0x07,
    0xFF, 0xF1, 0x87, 0xFC, 0x00, 0xFF, 0x00, 0xFC, 0x00, 0x78, 0x00, 0x38, 0x00, 0x1C, 0x00, 0x0E,
    0x00, 0x03, 0x19, 0x80, 0x8E, 0x60, 0x21, 0xE0, 0x08, 0x18, 0x02, 0x06, 0x00, 0xC0, 0x00, 0x38,
    0x00, 0x07, 0xFF, 0xE0, 0xFF, 0xF0, 0x0F, 0xE0, 0x08, 0x00, 0x1F, 0xF0, 0x07, 0xFF, 0xF1, 0x87,
    0xFC, 0x00, 0xFF, 0x00, 0xFC, 0x00, 0x78, 0x00, 0x38, 0x00, 0x1C, 0x00, 0x0E, 0x24, 0x03, 0x1F,
    0x80, 0x82, 0x40, 0x20, 0x90, 0x08, 0x36, 0x02, 0x09, 0x00, 0xC0, 0x00, 0x38, 0x00, 0x07, 0xFF,
    0xE0, 0xFF, 0xF0, 0x0F, 0xE0, 0x08, 0x02, 0x00, 0xF0, 0x36, 0x1F, 0x00, 0x00, 0x00, 0x08, 0x03,
    0x00, 0xC0, 0x38, 0x0E, 0x01, 0x80, 0x70, 0x0C, 0x03, 0xFF, 0xBF, 0xE7, 0xF0, 0x01, 0x00, 0x60,
    0x0E, 0x01, 0xC0, 0x1C, 0x03, 0x80, 0x30, 0x06, 0x00, 0x5F, 0xFB, 0xFE, 0x3F, 0x80, 0xB0, 0x16,
    0x03, 0x80, 0x02, 0x01, 0xC0, 0x70, 0x0E, 0x03, 0x80, 0x60, 0x1C, 0x03, 0x00, 0xFF, 0xFF, 0xF9,
    0xFC, 0x00, 0x00, 0x00, 0xC0, 0x78, 0x0C, 0x01, 0x00, 0x08, 0x02, 0x00, 0xF0, 0x36, 0x1F, 0x00,
    0x00, 0x00, 0x08, 0x03, 0x00, 0xC0, 0x38, 0x0E, 0x01, 0x80, 0x70, 0x0C, 0x03, 0xFF, 0xBF, 0xE7,
    0xF0, 0x00, 0x00, 0x03, 0x01, 0xE0, 0x38, 0x04, 0x00, 0x00, 0x04, 0x63, 0xB9, 0xEE, 0x10, 0x00,
    0x00, 0x20, 0x1C, 0x07, 0x00, 0xE0, 0x38, 0x06, 0x01, 0xC0, 0x30, 0x0F, 0xFF, 0xFF, 0x9F, 0xC0,
    0x02, 0x01, 0xC0, 0x70, 0x0E, 0x03, 0x80, 0x60, 0x1C, 0x03, 0x00, 0xFF, 0xFF, 0xF9, 0xFC, 0x00,
    0x00, 0x43, 0x39, 0xEE, 0x31, 0x00, 0x00, 0x04, 0x03, 0x80, 0x50, 0xEE, 0x3B, 0x84, 0x00, 0x00,
    0x08, 0x07, 0x01, 0xC0, 0x38, 0x0E, 0x01, 0x80, 0x70, 0x0C, 0x03, 0xFF, 0xFF, 0xE7, 0xF0, 0x01,
    0x0C, 0xE3, 0xB8, 0xD4, 0x0E, 0x01, 0x00, 0x00, 0x08, 0x07, 0x01, 0xC0, 0x38, 0x0E, 0x01, 0x80,
    0x70, 0x0C, 0x03, 0xFF, 0xFF, 0xE7, 0xF0, 0x12, 0x0F, 0xC1, 0x20, 0x48, 0x1B, 0x04, 0x80, 0x00,
    0x08, 0x07, 0x01, 0xC0, 0x38, 0x0E, 0x01, 0x80, 0x70, 0x0C, 0x03, 0xFF, 0xFF, 0xE7, 0xF0, 0x02,
    0x00, 0x20, 0x02, 0x00, 0x3C, 0x03, 0x60, 0x7C, 0x00, 0x00, 0x00, 0x00, 0x80, 0x1C, 0x01, 0xC0,
    0x0C, 0x00, 0xE0, 0x0E, 0x00, 0x60, 0x02, 0x00, 0x20, 0x02, 0x00, 0x60, 0x0E, 0x01, 0xC7, 0xFC,
    0x7F, 0x81, 0xE0, 0x08, 0x41, 0x98, 0x1A, 0x03, 0xC0, 0x30, 0x00, 0x00, 0x00, 0x04, 0x01, 0x80,
    0x38, 0x07, 0x00, 0x60, 0x0E, 0x00, 0xC0, 0x18, 0x01, 0x00, 0x60, 0x0C, 0x03, 0x00, 0xE7, 0xF8,
    0xFE, 0x0F, 0x80, 0x00, 0x00, 0x10, 0x06, 0x00, 0xC0, 0x1C, 0x03, 0x80, 0x30, 0x02, 0x00, 0x40,
    0x08, 0x01, 0x00, 0x20, 0x0C, 0x03, 0x3F, 0xE3, 0xF8, 0x3F, 0x80, 0xB0, 0x1C, 0x00, 0x00, 0x00,
    0x10, 0x06, 0x00, 0xE0, 0x1C, 0x01, 0x80, 0x38, 0x03, 0x00, 0x60, 0x04, 0x01, 0x80, 0x30, 0x0C,
    0x03, 0x9F, 0xE3, 0xF8, 0x3E, 0x00, 0x00, 0x20, 0x0E, 0x01, 0xC0, 0x38, 0x00, 0x00, 0x00, 0x00,
    0x10, 0x06, 0x00, 0xE0, 0x1C, 0x01, 0x80, 0x38, 0x03, 0x00, 0x60, 0x04, 0x01, 0x80, 0x30, 0x0C,
    0x03, 0x9F, 0xE3, 0xF8, 0x1E, 0x00, 0x00, 0x88, 0x19, 0x01, 0xC0, 0x38, 0x02, 0x00, 0x00, 0x00,
    0x10, 0x06, 0x00, 0xE0, 0x1C, 0x01, 0x81, 0x38, 0x73, 0x1E, 0x61, 0x84, 0x01, 0x80, 0x30, 0x0C,
    0x03, 0x9F, 0xE3, 0xF8, 0x3E, 0x00, 0x00, 0x20, 0x0E, 0x01, 0xC0, 0x38, 0x00, 0x00, 0x00, 0x00,
    0x8C, 0x1D, 0xE1, 0xCC, 0x08, 0x00, 0x00, 0x00, 0x80, 0x18, 0x01, 0xC0, 0x1C, 0x00, 0xC0, 0x0E,
    0x00, 0x60, 0x06, 0x00, 0x20, 0x06, 0x00, 0x60, 0x0C, 0x01, 0xC7, 0xF8, 0x7F, 0x03, 0xE0, 0x00,
    0x00, 0x60, 0x0E, 0x01, 0xA0, 0xCE, 0x19, 0x80, 0x00, 0x00, 0x00, 0x80, 0x30, 0x07, 0x00, 0xE0,
    0x0C, 0x01, 0xC0, 0x18, 0x03, 0x00, 0x20, 0x0C, 0x01, 0x80, 0x60, 0x1C, 0xFF, 0x1F, 0xC1, 0xF0,
    0x04, 0x81, 0xF0, 0x12, 0x02, 0x40, 0xFC, 0x09, 0x00, 0x00, 0x04, 0x01, 0x80, 0x38, 0x07, 0x00,
    0x60, 0x0E, 0x00, 0xC0, 0x18, 0x01, 0x00, 0x60, 0x0C, 0x03, 0x00, 0xE7, 0xF8, 0xFE, 0x0F, 0x80,
    0x00, 0x00, 0x10, 0x00, 0x00, 0x07, 0x00, 0x00, 0x00, 0xE0, 0x00, 0x00, 0x08, 0x00, 0x00, 0x00,
    0x04, 0x00, 0x00, 0x01, 0x80, 0x00, 0x02, 0x30, 0x00, 0x00, 0x46, 0x00, 0x08, 0x18, 0xE0, 0x03,
    0x83, 0x0C, 0x00, 0x70, 0xE1, 0x80, 0x0F, 0xFF, 0xF4, 0x00, 0xFF, 0xFC, 0x80, 0x1F, 0xCF, 0x90,
    0x01, 0x00, 0x02, 0x00, 0x20, 0x00, 0x60, 0x0C, 0x18, 0x0C, 0x03, 0x07, 0x81, 0xC1, 0xE0, 0xE0,
    0x1F, 0xF8, 0x08, 0x01, 0xFC, 0x00, 0x00, 0x08, 0x00, 0x00, 0x00, 0x00, 0x00, 0x00, 0x00, 0x00,
    0x00, 0x08, 0x00, 0x00, 0x03, 0x00, 0x00, 0x04, 0x60, 0x00, 0x00, 0x8C, 0x00, 0x10, 0x31, 0xC0,
    0x07, 0x06, 0x18, 0x00, 0xE1, 0xC3, 0x00, 0x1F, 0xFF, 0xE8, 0x01, 0xFF, 0xF9, 0x00, 0x3F, 0x9F,
    0x20, 0x02, 0x00, 0x04, 0x00, 0x40, 0x20, 0xC0, 0x18, 0xCE, 0x18, 0x06, 0x39, 0x83, 0x83, 0xC3,
    0xC0, 0x3F, 0xF0, 0x1C, 0x03, 0xF8, 0x01, 0x00, 0x10, 0x00, 0x00, 0x00, 0x00, 0x00, 0x00, 0x00,
    0x00, 0x02, 0x00, 0x00, 0x00, 0xE0, 0x00, 0x00, 0x0A, 0x00, 0x00, 0x0E, 0xE0, 0x00, 0x01, 0xCC,
    0x00, 0x00, 0x10, 0x10, 0x00, 0x00, 0x06, 0x00, 0x00, 0x08, 0xC0, 0x00, 0x01, 0x18, 0x00, 0x20,
    0x63, 0x80, 0x0E, 0x0C, 0x30, 0x01, 0xC3, 0x86, 0x00, 0x3F, 0xFF, 0xD0, 0x03, 0xFF, 0xF2, 0x00,
    0x7F, 0x3E, 0x40, 0x04, 0x00, 0x08, 0x00, 0x80, 0x41, 0x80, 0x31, 0x9C, 0x30, 0x0C, 0x73, 0x07,
    0x07, 0x87, 0x80, 0x7F, 0xE0, 0x38, 0x07, 0xF0, 0x02, 0x00, 0x20, 0x00, 0x00, 0x00, 0x00, 0x00,
    0x00, 0x00, 0x00, 0x1F, 0x80, 0x00, 0x01, 0xFF, 0x00, 0x00, 0x0F, 0x1E, 0x00, 0x00, 0x70, 0x38,
    0x00, 0x33, 0x80, 0x60, 0x01, 0xDC, 0x01, 0x80, 0x07, 0xE0, 0x1E, 0x00, 0x1F, 0xFF, 0xF1, 0x00,
    0x3F, 0xFF, 0x04, 0x00, 0xFF, 0xF0, 0x10, 0x01, 0x00, 0x00, 0x40, 0x04, 0x00, 0x01, 0x80, 0x30,
    0xCE, 0x06, 0x01, 0x87, 0xB8, 0x1C, 0x1E, 0x0C, 0x40, 0x3F, 0xF0, 0x00, 0x00, 0x7F, 0x00, 0x00,
    0x00, 0x40, 0x00, 0x00, 0x00, 0x00, 0x00, 0x00, 0x00, 0x00, 0x00, 0x60, 0x00, 0x00, 0x01, 0x80,
    0x00, 0x00, 0x19, 0x80, 0x00, 0x00, 0xE7, 0x00, 0x00, 0x01, 0x98, 0x00, 0x00, 0x00, 0x00, 0x00,
    0x00, 0x00, 0x00, 0x00, 0x00, 0x00, 0x00, 0x00, 0x00, 0x1F, 0x80, 0x00, 0x01, 0xFF, 0x00, 0x00,
    0x0F, 0x1E, 0x00, 0x00, 0x70, 0x38, 0x00, 0x33, 0x80, 0x60, 0x01, 0xDC, 0x01, 0x80, 0x07, 0xE0,
    0x1E, 0x00, 0x1F, 0xFF, 0xF1, 0x00, 0x3F, 0xFF, 0x04, 0x00, 0xFF, 0xF0, 0x10, 0x01, 0x00, 0x00,
    0x40, 0x04, 0x00, 0x01, 0x80, 0x30, 0x00, 0x06, 0x01, 0x80, 0x00, 0x1C, 0x1E, 0x00, 0x00, 0x3F,
    0xF0, 0x00, 0x00, 0x7F, 0x00, 0x00, 0x00, 0x40, 0x00, 0x00, 0x00, 0x02, 0x00, 0x00, 0x60, 0x00,
    0x07, 0x06, 0x00, 0x70, 0x70, 0x06, 0x0B, 0x80, 0x61, 0xDC, 0x07, 0x18, 0x80, 0x70, 0x00, 0x03,
    0x00, 0x00, 0x30, 0x20, 0x03, 0x0F, 0x80, 0x33, 0xFE, 0x03, 0x78, 0xF0, 0x3E, 0x07, 0x01, 0xC0,
    0x30, 0x38, 0x03, 0x43, 0x00, 0xE7, 0xFF, 0xFC, 0x3F, 0xFF, 0x80, 0xFF, 0xE0, 0x00, 0x00, 0x03,
    0x00, 0x00, 0xE0, 0x00, 0x54, 0x00, 0x3B, 0x80, 0x0C, 0x40, 0x00, 0x00, 0x00, 0x00, 0x00, 0x0F,
    0x00, 0x0F, 0xE0, 0x03, 0xF8, 0x01, 0x00, 0x00, 0x40, 0x00, 0x18, 0x00, 0x07, 0x07, 0x01, 0xF7,
    0xC0, 0x3F, 0xE0, 0x07, 0xC0, 0x00, 0xC0, 0x00, 0x60, 0x00, 0x30, 0x00, 0x0C, 0x00, 0x02, 0x00,
    0x00, 0x80, 0x00, 0x20, 0x00, 0x0C, 0x00, 0x03, 0x80, 0x00, 0x7F, 0xFE, 0x0F, 0xFF, 0x00, 0xFE,
    0x00, 0x00, 0x01, 0xE0, 0x00, 0x07, 0xE0, 0x00, 0x1F, 0xE0, 0x00, 0x31, 0xC0, 0x00, 0x41, 0xC0,
    0x00, 0x81, 0x90, 0x01, 0xFF, 0x20, 0x03, 0xFE, 0x40, 0x03, 0xEC, 0xC0, 0x00, 0x19, 0xC0, 0x01,
    0xF3, 0xFF, 0xFF, 0xC3, 0xFF, 0xFE, 0x01, 0xFF, 0xE0, 0x00, 0x00, 0x01, 0xE0, 0x00, 0x07, 0xE0,
    0x00, 0x1F, 0xE0, 0x00, 0x31, 0xC0, 0x00, 0x41, 0xC0, 0x00, 0x81, 0x90, 0x01, 0xFF, 0x20, 0x03,
    0xFE, 0x40, 0x03, 0xEC, 0xC0, 0x00, 0x19, 0xC0, 0x01, 0xF3, 0xFF, 0xFF, 0xC3, 0xFF, 0xFE, 0x01,
    0xFF, 0xE0, 0x00, 0x00, 0x00, 0x00, 0x00, 0x00, 0x00, 0x00, 0xE0, 0x00, 0x01, 0xE0, 0x00, 0x03,
    0x80, 0x00, 0x00, 0x00, 0x00, 0x00, 0x80, 0x00, 0x03, 0x80, 0x00, 0x07, 0x00, 0x00, 0x0E, 0x00,
    0x00, 0x00, 0x00, 0x00, 0x00, 0x00, 0x00, 0x78, 0x00, 0x01, 0xF8, 0x00, 0x07, 0xF8, 0x00, 0x0C,
    0x70, 0x00, 0x10, 0x70, 0x00, 0x20, 0x64, 0x00, 0x7F, 0xC8, 0x00, 0xFF, 0x90, 0x00, 0xFB, 0x30,
    0x00, 0x06, 0x70, 0x00, 0x7C, 0xFF, 0xFF, 0xF0, 0xFF, 0xFF, 0x80, 0x7F, 0xF8, 0x00, 0x00, 0x00,
    0x00, 0x00, 0x00, 0x00, 0x00, 0x38, 0x00, 0x00, 0x78, 0x00, 0x00, 0xE0, 0x00, 0x00, 0x00, 0x00,
    0x00, 0x00, 0x00, 0x01, 0x00, 0x00, 0x07, 0x00, 0x00, 0x07, 0x80, 0x00, 0x77, 0x80, 0x00, 0xE6,
    0x00, 0x00, 0x80, 0x00, 0x00, 0x00, 0x00, 0x01, 0xE0, 0x00, 0x07, 0xE0, 0x00, 0x1F, 0xE0, 0x00,
    0x31, 0xC0, 0x00, 0x41, 0xC0, 0x00, 0x81, 0x90, 0x01, 0xFF, 0x20, 0x03, 0xFE, 0x40, 0x03, 0xEC,
    0xC0, 0x00, 0x19, 0xC0, 0x01, 0xF3, 0xFF, 0xFF, 0xC3, 0xFF, 0xFE, 0x01, 0xFF, 0xE0, 0x00, 0x00,
    0x01, 0xE0, 0x00, 0x07, 0xE0, 0x00, 0x1F, 0xE0, 0x00, 0x31, 0xC0, 0x00, 0x41, 0xC0, 0x00, 0x81,
    0x90, 0x01, 0xFF, 0x20, 0x03, 0xFE, 0x40, 0x03, 0xEC, 0xC0, 0x00, 0x19, 0xC0, 0x01, 0xF3, 0xFF,
    0xFF, 0xC3, 0xFF, 0xFE, 0x01, 0xFF, 0xE0, 0x00, 0x00, 0x00, 0x00, 0x00, 0x8C, 0x00, 0x03, 0x9C,
    0x00, 0x07, 0x30, 0x00, 0x01, 0x80, 0x00, 0x03, 0x00, 0x00, 0x00, 0x00, 0x00, 0x02, 0x40, 0x00,
    0x0E, 0xC0, 0x00, 0x09, 0x00, 0x00, 0x09, 0x00, 0x00, 0x36, 0x00, 0x00, 0x24, 0x00, 0x00, 0x00,
    0x00, 0x00, 0xF0, 0x00, 0x03, 0xF0, 0x00, 0x0F, 0xF0, 0x00, 0x18, 0xE0, 0x00, 0x20, 0xE0, 0x00,
    0x40, 0xC8, 0x00, 0xFF, 0x90, 0x01, 0xFF, 0x20, 0x01, 0xF6, 0x60, 0x00, 0x0C, 0xE0, 0x00, 0xF9,
    0xFF, 0xFF, 0xE1, 0xFF, 0xFF, 0x00, 0xFF, 0xF0, 0x00, 0x00, 0x00, 0x00, 0x18, 0x00, 0x1C, 0x00,
    0x06, 0x00, 0x00, 0x00, 0x00, 0x00, 0x01, 0xE0, 0x01, 0xF8, 0x00, 0xFC, 0x00, 0xC7, 0x00, 0x41,
    0x80, 0x20, 0xE0, 0x18, 0x30, 0x0F, 0xF9, 0x07, 0xFC, 0x81, 0xF2, 0x40, 0x01, 0x20, 0x01, 0x98,
    0x00, 0x8C, 0x01, 0xC7, 0x07, 0xC1, 0xFF, 0x80, 0x7F, 0x80, 0x04, 0x00, 0x00, 0x00, 0x00, 0x10,
    0x00, 0x1C, 0x00, 0x07, 0x80, 0x0C, 0xC0, 0x0E, 0x60, 0x02, 0x00, 0x00, 0x00, 0x00, 0x78, 0x00,
    0x7E, 0x00, 0x3F, 0x00, 0x31, 0xC0, 0x10, 0x60, 0x08, 0x38, 0x06, 0x0C, 0x03, 0xFE, 0x41, 0xFF,
    0x20, 0x7C, 0x90, 0x00, 0x48, 0x00, 0x66, 0x00, 0x23, 0x00, 0x71, 0xC1, 0xF0, 0x7F, 0xE0, 0x1F,
    0xE0, 0x01, 0x00, 0x00, 0x00, 0x00, 0x00, 0x00, 0x06, 0x00, 0x01, 0xE0, 0x00, 0x7E, 0x00, 0x1F,
    0x80, 0x07, 0xC0, 0x00, 0xF0, 0x00, 0x0C, 0x00, 0x00, 0xE0, 0x00, 0x0F, 0x80, 0x00, 0x7E, 0x00,
    0x00, 0xF0, 0x00, 0x03, 0x80, 0x00, 0x18, 0x40, 0x00, 0xC4, 0x00, 0x0C, 0x60, 0x01, 0xC7, 0xFF,
    0xF8, 0x3F, 0xFF, 0x01, 0xFF, 0xC0, 0x00, 0x00, 0x00, 0x00, 0x00, 0x18, 0x00, 0x00, 0x03, 0xC0,
    0x00, 0x00, 0x3C, 0x00, 0x00, 0x03, 0xC0, 0x00, 0x00, 0x38, 0x00, 0x00, 0x03, 0x00, 0x00, 0x00,
    0x10, 0x00, 0x00, 0x00, 0xFF, 0xFF, 0x00, 0x07, 0xFF, 0xFF, 0x00, 0x1F, 0xFF, 0xFC, 0x00, 0x00,
    0x00, 0x70, 0x00, 0x00, 0x01, 0xBF, 0xFF, 0xFF, 0xFD, 0xFF, 0xFF, 0xFF, 0xC7, 0xFF, 0xFF, 0xFC,
    0x00, 0x00, 0x00, 0x00, 0x0E, 0x00, 0x03, 0xE0, 0x00, 0xFC, 0x00, 0x3F, 0x80, 0x0F, 0xD8, 0x00,
    0xE5, 0x80, 0x0C, 0x70, 0x00, 0xF0, 0x00, 0x0F, 0xC0, 0x00, 0x1E, 0x00, 0x00, 0x70, 0x00, 0x03,
    0x80, 0x00, 0x18, 0x40, 0x00, 0xC4, 0x00, 0x0C, 0x60, 0x03, 0xC7, 0xFF, 0xF8, 0x3F, 0xFF, 0x01,
    0xFF, 0xC0, 0x00, 0x00, 0x00, 0x60, 0x01, 0x81, 0x8E, 0x0F, 0x38, 0x18, 0x60, 0x01, 0x80, 0x06,
    0x00, 0x18, 0x0C, 0x60, 0x41, 0xC3, 0x03, 0x07, 0x0C, 0x04, 0x30, 0xE0, 0xC0, 0x03, 0x00, 0x0C,
    0x00, 0x1F, 0xFF, 0xFF, 0xFF, 0xFF, 0xF8, 0x00, 0x00, 0x00, 0x60, 0x01, 0x80, 0x0E, 0x06, 0x38,
    0x18, 0x60, 0x99, 0x83, 0x66, 0x00, 0x18, 0x0C, 0x60, 0x41, 0xC3, 0x03, 0x07, 0x0C, 0x04, 0x30,
    0xE0, 0xC0, 0x03, 0x00, 0x0C, 0x00, 0x1F, 0xFF, 0xFF, 0xFF, 0xFF, 0xF8, 0x00, 0x00, 0x00, 0x60,
    0x01, 0x80, 0x0E, 0x00, 0x38, 0x00, 0x60, 0x01, 0x80, 0x06, 0x00, 0x18, 0x0C, 0x60, 0x41, 0xC3,
    0x03, 0x07, 0x0C, 0x04, 0x30, 0xE0, 0xC0, 0x03, 0x00, 0x0C, 0x00, 0x1F, 0xFF, 0xFF, 0xFF, 0xFF,
    0xF8, 0x00, 0x00, 0x04, 0x01, 0x38, 0x0E, 0xE0, 0x15, 0x00, 0x38, 0x00, 0x40, 0x00, 0x00, 0x00,
    0x00, 0x60, 0x00, 0x1E, 0x00, 0x07, 0x80, 0x01, 0xE6, 0x00, 0x79, 0xE0, 0x1E, 0x7E, 0x01, 0x9F,
    0x80, 0x07, 0xC0, 0x00, 0xF0, 0x00, 0x0C, 0x00, 0x00, 0xE0, 0x00, 0x0F, 0x80, 0x00, 0x7E, 0x00,
    0x00, 0xF0, 0x00, 0x03, 0x80, 0x00, 0x18, 0x40, 0x00, 0xC4, 0x00, 0x0C, 0x60, 0x01, 0xC7, 0xFF,
    0xF8, 0x3F, 0xFF, 0x01, 0xFF, 0xC0, 0x00, 0x00, 0x00, 0x00, 0x06, 0x00, 0x01, 0xE0, 0x00, 0x78,
    0x00, 0x3E, 0xE0, 0x0F, 0x3E, 0x01, 0xCF, 0xC0, 0x13, 0xF8, 0x00, 0xFD, 0x80, 0x0E, 0x58, 0x00,
    0xC7, 0x00, 0x0F, 0x00, 0x00, 0xFC, 0x00, 0x01, 0xE0, 0x00, 0x07, 0x00, 0x00, 0x38, 0x00, 0x01,
    0x84, 0x00, 0x0C, 0x40, 0x00, 0xC6, 0x00, 0x3C, 0x7F, 0xFF, 0x83, 0xFF, 0xF0, 0x1F, 0xFC, 0x00,
    0x00, 0x00, 0x00, 0x03, 0x06, 0x00, 0xF1, 0xE0, 0x0C, 0x78, 0x00, 0x1E, 0x60, 0x07, 0x9E, 0x01,
    0xE7, 0xE0, 0x19, 0xF8, 0x00, 0x7C, 0x00, 0x0F, 0x00, 0x00, 0xC0, 0x00, 0x0E, 0x00, 0x00, 0xF8,
    0x00, 0x07, 0xE0, 0x00, 0x0F, 0x00, 0x00, 0x38, 0x00, 0x01, 0x84, 0x00, 0x0C, 0x40, 0x00, 0xC6,
    0x00, 0x1C, 0x7F, 0xFF, 0x83, 0xFF, 0xF0, 0x1F, 0xFC, 0x00, 0x00, 0x00, 0x60, 0x00, 0x1E, 0x00,
    0x07, 0x80, 0x01, 0xE6, 0x00, 0x79, 0xE0, 0x1E, 0x7E, 0x01, 0x9F, 0x80, 0x07, 0xC0, 0x00, 0xF0,
    0x00, 0x0C, 0x00, 0x00, 0xE0, 0x00, 0x0F, 0x80, 0x00, 0x7E, 0x00, 0x00, 0xF0, 0x00, 0x03, 0x80,
    0x00, 0x18, 0x40, 0x00, 0xC4, 0x00, 0x0C, 0x60, 0x01, 0xC7, 0xFF, 0xF8, 0x3F, 0xFF, 0x01, 0xFF,
    0xC0, 0x00, 0x00, 0x00, 0x00, 0x00, 0x00, 0x66, 0x00, 0x0F, 0x70, 0x00, 0xE6, 0x00, 0x00, 0x00,
    0x00, 0x00, 0x60, 0x00, 0x1E, 0x00, 0x07, 0x80, 0x01, 0xE6, 0x00, 0x79, 0xE0, 0x1E, 0x7E, 0x01,
    0x9F, 0x80, 0x07, 0xC0, 0x00, 0xF0, 0x00, 0x0C, 0x00, 0x00, 0xE0, 0x00, 0x0F, 0x80, 0x00, 0x7E,
    0x00, 0x00, 0xF0, 0x00, 0x03, 0x80, 0x00, 0x18, 0x40, 0x00, 0xC4, 0x00, 0x0C, 0x60, 0x01, 0xC7,
    0xFF, 0xF8, 0x3F, 0xFF, 0x01, 0xFF, 0xC0, 0x00, 0x00, 0x00, 0x00, 0x00, 0x00, 0x18, 0x00, 0x01,
    0x80, 0x00, 0x00, 0x00, 0x00, 0x80, 0x00, 0x1C, 0x00, 0x01, 0x80, 0x00, 0x00, 0x00, 0x00, 0x40,
    0x00, 0x06, 0x00, 0x00, 0x58, 0x60, 0x0D, 0x9E, 0x00, 0xC7, 0x80, 0x01, 0xE6, 0x00, 0x79, 0xE0,
    0x1E, 0x7E, 0x01, 0x9F, 0x80, 0x07, 0xC0, 0x00, 0xF0, 0x00, 0x0C, 0x00, 0x00, 0xE0, 0x00, 0x0F,
    0x80, 0x00, 0x7E, 0x00, 0x00, 0xF0, 0x00, 0x03, 0x80, 0x00, 0x18, 0x40, 0x00, 0xC4, 0x00, 0x0C,
    0x60, 0x01, 0xC7, 0xFF, 0xF8, 0x3F, 0xFF, 0x01, 0xFF, 0xC0, 0x00, 0x00, 0x01, 0x88, 0x01, 0xB0,
    0x03, 0xC0, 0x03, 0x80, 0x06, 0x00, 0x00, 0x00, 0x0C, 0x00, 0x38, 0x00, 0x70, 0x00, 0xE0, 0x01,
    0xC0, 0x03, 0x80, 0x03, 0x00, 0x06, 0x00, 0x0C, 0x00, 0x18, 0x00, 0x38, 0x00, 0x70, 0x00, 0x60,
    0x00, 0xC0, 0x01, 0x80, 0x03, 0x00, 0x06, 0x00, 0x0C, 0x80, 0x09, 0x00, 0x12, 0x00, 0x24, 0x00,
    0x4C, 0x01, 0x98, 0x0E, 0x3F, 0xF8, 0x3F, 0xE0, 0x3F, 0x00, 0x00, 0x00, 0x00, 0x60, 0x01, 0xE0,
    0x01, 0x80, 0x00, 0x00, 0x00, 0x00, 0x06, 0x00, 0x1C, 0x00, 0x38, 0x00, 0x70, 0x00, 0xE0, 0x01,
    0xC0, 0x01, 0x80, 0x03, 0x00, 0x06, 0x00, 0x0C, 0x00, 0x1C, 0x00, 0x38, 0x00, 0x30, 0x00, 0x60,
    0x00, 0xC0, 0x01, 0x80, 0x03, 0x00, 0x06, 0x40, 0x04, 0x80, 0x09, 0x00, 0x12, 0x00, 0x26, 0x00,
    0xCC, 0x07, 0x1F, 0xFC, 0x1F, 0xF0, 0x1F, 0x80, 0x00, 0x10, 0x00, 0x38, 0x00, 0x34, 0x00, 0xCE,
    0x00, 0xEE, 0x00, 0x44, 0x00, 0x00, 0x00, 0x18, 0x00, 0x38, 0x00, 0x38, 0x00, 0x38, 0x00, 0x38,
    0x00, 0x38, 0x00, 0x18, 0x00, 0x18, 0x00, 0x18, 0x00, 0x18, 0x00, 0x1C, 0x00, 0x1C, 0x00, 0x0C,
    0x00, 0x0C, 0x00, 0x0C, 0x00, 0x0C, 0x00, 0x0C, 0x00, 0x0C, 0x40, 0x04, 0x40, 0x04, 0x40, 0x04,
    0x40, 0x04, 0x60, 0x0C, 0x60, 0x38, 0x7F, 0xF0, 0x3F, 0xE0, 0x1F, 0x80, 0x00, 0x00, 0x00, 0x30,
    0x00, 0xE0, 0x01, 0xC0, 0x03, 0x80, 0x07, 0x00, 0x0E, 0x00, 0x0C, 0x00, 0x18, 0x00, 0x30, 0x00,
    0x60, 0x00, 0xE0, 0x01, 0xC0, 0x01, 0x80, 0x03, 0x00, 0x06, 0x00, 0x0C, 0x00, 0x18, 0x00, 0x32,
    0x00, 0x24, 0x00, 0x48, 0x00, 0x90, 0x01, 0x30, 0x06, 0x60, 0x38, 0xFF, 0xE0, 0xFF, 0x80, 0xFC,
    0x00, 0x00, 0x01, 0x18, 0x07, 0x70, 0x06, 0x60, 0x03, 0x00, 0x06, 0x00, 0x00, 0x00, 0x00, 0x00,
    0x06, 0x00, 0x1C, 0x00, 0x38, 0x00, 0x00, 0x00, 0x01, 0x00, 0x07, 0x00, 0x0E, 0x00, 0x1C, 0x00,
    0x19, 0x00, 0x32, 0x00, 0x64, 0x00, 0x48, 0x00, 0x98, 0x03, 0x30, 0x1C, 0x7F, 0xF0, 0x7F, 0xC0,
    0x7E, 0x00, 0x00, 0x00, 0x00, 0x00, 0xE0, 0x01, 0xC0, 0x03, 0x80, 0x00, 0x00, 0x00, 0x00, 0x00,
    0x10, 0x00, 0x70, 0x00, 0xE0, 0x01, 0xC0, 0x01, 0x90, 0x03, 0x20, 0x06, 0x40, 0x04, 0x80, 0x09,
    0x80, 0x33, 0x01, 0xC7, 0xFF, 0x07, 0xFC, 0x07, 0xE0, 0x00, 0x04, 0x00, 0x08, 0x00, 0x1F, 0x00,
    0x36, 0x00, 0xFC, 0x00, 0x00, 0x00, 0x02, 0x00, 0x0E, 0x00, 0x1C, 0x00, 0x38, 0x00, 0x32, 0x00,
    0x64, 0x00, 0xC8, 0x00, 0x90, 0x01, 0x30, 0x06, 0x60, 0x38, 0xFF, 0xE0, 0xFF, 0x80, 0xFC, 0x00,
    0x00, 0x00, 0x04, 0x00, 0x1C, 0x00, 0x38, 0x00, 0x20, 0x00, 0x00, 0x00, 0x02, 0x00, 0x0E, 0x00,
    0x1C, 0x00, 0x39, 0x00, 0x32, 0x00, 0x64, 0x00, 0x48, 0x00, 0x98, 0x03, 0x30, 0x0C, 0x70, 0x78,
    0x7F, 0xE0, 0x7F, 0x00, 0x78, 0x00, 0xB0, 0x01, 0xE0, 0x00, 0x02, 0x00, 0x0E, 0x00, 0x0C, 0x00,
    0x66, 0x01, 0xCC, 0x01, 0x00, 0x00, 0x02, 0x00, 0x0E, 0x00, 0x1C, 0x00, 0x38, 0x00, 0x32, 0x00,
    0x64, 0x00, 0xC8, 0x00, 0x90, 0x01, 0x30, 0x06, 0x60, 0x38, 0xFF, 0xE0, 0xFF, 0x80, 0xFC, 0x00,
    0x00, 0x00, 0x00, 0x38, 0x00, 0x1F, 0x80, 0x0F, 0xF0, 0x03, 0x3E, 0x01, 0x8D, 0xC0, 0x61, 0x30,
    0x18, 0xC6, 0x03, 0x31, 0x80, 0xF8, 0x67, 0xFF, 0x89, 0xFF, 0xFE, 0x3F, 0x1F, 0x00, 0x00, 0x00,
    0x00, 0x00, 0x00, 0x30, 0x00, 0x1E, 0x00, 0x07, 0x00, 0x00, 0x00, 0x00, 0x00, 0x00, 0x80, 0x01,
    0xFF, 0x00, 0x7F, 0xFF, 0x18, 0x7F, 0xC0, 0x0F, 0xF0, 0x0F, 0xC0, 0x07, 0x80, 0x03, 0x80, 0x01,
    0xC0, 0x00, 0xE0, 0x00, 0x31, 0x98, 0x08, 0xE6, 0x02, 0x1E, 0x00, 0x81, 0x80, 0x20, 0x60, 0x0C,
    0x00, 0x03, 0x80, 0x00, 0x7F, 0xFE, 0x0F, 0xFF, 0x00, 0xFE, 0x00, 0x1C, 0x0D, 0x02, 0x00, 0xF0,
    0x38, 0x08, 0x01, 0x80, 0x70, 0x1E, 0x07, 0xC2, 0x79, 0x8E, 0x41, 0x90, 0x64, 0x19, 0xDE, 0x7F,
    0x0F, 0x80, 0x18, 0x07, 0x01, 0xE0, 0x7C, 0x23, 0x98, 0xE4, 0x19, 0x06, 0x61, 0x9F, 0xE7, 0xF0,
    0xF8, 0x1C, 0x0D, 0x02, 0x00, 0xF0, 0x38, 0x08, 0x01, 0x80, 0x70, 0x1E, 0x07, 0xC2, 0x79, 0x8E,
    0x41, 0x90, 0x64, 0x19, 0xDE, 0x7F, 0x0F, 0x80, 0x00, 0x19, 0xCF, 0x71, 0x98, 0x00, 0x00, 0x01,
    0x80, 0x70, 0x1E, 0x07, 0xC2, 0x39, 0x8E, 0x41, 0x90, 0x66, 0x19, 0xFE, 0x7F, 0x0F, 0x80, 0x07,
    0x80, 0xFC, 0x0F, 0xC1, 0x86, 0x10, 0x61, 0x03, 0x18, 0x31, 0xFF, 0x1F, 0xF0, 0xFB, 0x00, 0x20,
    0x06, 0x1C, 0x61, 0x6C, 0x57, 0x87, 0xF0, 0x3E, 0x00, 0x03, 0x80, 0x3E, 0x01, 0xF8, 0x18, 0xE0,
    0x83, 0x04, 0x18, 0x30, 0x41, 0xFE, 0x0F, 0xF0, 0x3E, 0x80, 0x0C, 0x0F, 0xE0, 0x1E, 0x00, 0x71,
    0xFF, 0x0F, 0xF0, 0x1F, 0x00, 0x08, 0x80, 0xC8, 0x07, 0x80, 0x70, 0x07, 0x00, 0x00, 0x00, 0x00,
    0x70, 0x0F, 0x80, 0xFC, 0x18, 0xE1, 0x06, 0x10, 0x61, 0x82, 0x1F, 0xE1, 0xFE, 0x0F, 0xA0, 0x06,
    0x00, 0x60, 0x1C, 0xFF, 0x87, 0xF8, 0x1E, 0x00, 0x03, 0x80, 0x38, 0x01, 0x80, 0x18, 0x01, 0x00,
    0x20, 0x00, 0x00, 0x00, 0x07, 0x00, 0xF8, 0x0F, 0xC1, 0x8E, 0x10, 0x61, 0x02, 0x18, 0x21, 0xFE,
    0x1F, 0xE0, 0xFA, 0x00, 0x60, 0x06, 0x01, 0xCF, 0xF8, 0x7F, 0x81, 0xE0, 0x00, 0x00, 0x30, 0x03,
    0x00, 0x30, 0x03, 0x00, 0x30, 0x03, 0x00, 0x00, 0x00, 0x00, 0x00, 0x00, 0x00, 0x00, 0x00, 0x00,
    0x00, 0x07, 0x00, 0xF8, 0x0F, 0xC1, 0x8E, 0x10, 0x61, 0x06, 0x18, 0x21, 0xFE, 0x1F, 0xE0, 0xFA,
    0x00, 0x60, 0x06, 0x01, 0xCF, 0xF8, 0x7F, 0x81, 0xE0, 0x00, 0x00, 0x30, 0x07, 0x00, 0x58, 0x04,
    0x80, 0x00, 0x00, 0x00, 0x70, 0x0F, 0x80, 0xFC, 0x18, 0xE1, 0x06, 0x10, 0x61, 0x82, 0x1F, 0xE1,
    0xFE, 0x0F, 0xA0, 0x06, 0x00, 0x60, 0x1C, 0xFF, 0x87, 0xF8, 0x1E, 0x00, 0x00, 0x00, 0x8C, 0x1D,
    0xC1, 0xCC, 0x08, 0x00, 0x00, 0x07, 0x00, 0xF8, 0x0F, 0xC1, 0x8E, 0x10, 0x61, 0x06, 0x18, 0x21,
    0xFE, 0x1F, 0xE0, 0xFA, 0x00, 0x60, 0x06, 0x01, 0xCF, 0xF8, 0x7F, 0x81, 0xE0, 0x00, 0x00, 0x20,
    0x07, 0x00, 0x38, 0x0D, 0xC1, 0xCC, 0x08, 0x00, 0x00, 0x07, 0x00, 0xF8, 0x0F, 0xC1, 0x8E, 0x10,
    0x61, 0x06, 0x18, 0x21, 0xFE, 0x1F, 0xE0, 0xFA, 0x00, 0x60, 0x06, 0x01, 0xCF, 0xF8, 0x7F, 0x81,
    0xE0, 0x00, 0x04, 0x00, 0x1E, 0x00, 0x3F, 0x00, 0x78, 0x00, 0x60, 0x00, 0xC0, 0x00, 0xC0, 0x00,
    0x80, 0x00, 0xC0, 0x40, 0xFC, 0x40, 0x7F, 0x40, 0x1F, 0x40, 0x03, 0x60, 0x06, 0x60, 0x1C, 0x7F,
    0xF8, 0x3F, 0xF0, 0x1F, 0x80, 0x00, 0x00, 0x40, 0x00, 0x1E, 0x00, 0x03, 0xF0, 0x00, 0x78, 0x00,
    0x06, 0x00, 0x00, 0xC0, 0x00, 0x0C, 0x00, 0x00, 0x80, 0x00, 0x0C, 0x00, 0xC0, 0xFC, 0x3C, 0x07,
    0xF7, 0xC0, 0x1F, 0xC4, 0x00, 0x30, 0x60, 0x06, 0x06, 0x01, 0xC0, 0x7F, 0xF8, 0x03, 0xFF, 0x00,
    0x1F, 0x80, 0x00, 0x02, 0x00, 0x07, 0x99, 0x87, 0xEE, 0x87, 0x83, 0xC3, 0x00, 0xC3, 0x00, 0x61,
    0x80, 0x00, 0x80, 0x00, 0x60, 0x10, 0x3F, 0x08, 0x0F, 0xE4, 0x01, 0xF2, 0x00, 0x19, 0x80, 0x18,
    0xC0, 0x38, 0x7F, 0xF8, 0x1F, 0xF8, 0x07, 0xE0, 0x00, 0x02, 0x00, 0x70, 0x07, 0x00, 0x30, 0x00,
    0x00, 0x00, 0x07, 0x00, 0xF8, 0x0F, 0xC1, 0x8E, 0x10, 0x61, 0x06, 0x18, 0x21, 0xFE, 0x1F, 0xE0,
    0xFA, 0x00, 0x60, 0x06, 0x01, 0xCF, 0xF8, 0x7F, 0x81, 0xE0, 0x00, 0x04, 0x00, 0x1E, 0x00, 0x3F,
    0x00, 0x78, 0x00, 0x60, 0x00, 0xC0, 0x00, 0xC0, 0x00, 0x80, 0x00, 0xC0, 0x40, 0xFC, 0x40, 0x7F,
    0x40, 0x1F, 0x40, 0x03, 0x60, 0x06, 0x60, 0x1C, 0x7F, 0xF8, 0x3F, 0xF0, 0x1F, 0x80, 0x00, 0x00,
    0x03, 0x00, 0x07, 0x00, 0x02, 0x00, 0x01, 0x00, 0x03, 0x80, 0x03, 0x00, 0x00, 0x00, 0x00, 0x04,
    0x00, 0x1E, 0x00, 0x3F, 0x00, 0x78, 0x00, 0x60, 0x00, 0xC0, 0x00, 0xC0, 0x00, 0x80, 0x00, 0xC0,
    0x40, 0xFC, 0x40, 0x7F, 0x40, 0x1F, 0x40, 0x03, 0x60, 0x06, 0x60, 0x1C, 0x7F, 0xF8, 0x3F, 0xF0,
    0x1F, 0x80, 0x00, 0x00, 0x0C, 0xC0, 0x1E, 0xE0, 0x0C, 0x40, 0x03, 0x00, 0x03, 0x00, 0x00, 0x00,
    0x00, 0x00, 0x00, 0x18, 0x00, 0x03, 0x80, 0x01, 0xF0, 0x00, 0x38, 0x00, 0x06, 0x00, 0x00, 0xC0,
    0x00, 0x3F, 0xFF, 0xFF, 0xFF, 0xFF, 0xE3, 0xFF, 0xF8, 0x0E, 0x00, 0x00, 0xD0, 0x00, 0x04, 0x00,
    0x00, 0x3C, 0x00, 0x01, 0xC0, 0x00, 0x08, 0x00, 0x00, 0x02, 0x00, 0x00, 0x70, 0x00, 0x0F, 0x00,
    0x01, 0xF0, 0x00, 0x1C, 0x00, 0x01, 0x80, 0x00, 0x0F, 0xC0, 0x3F, 0xFF, 0xFF, 0xF8, 0xFF, 0xFF,
    0x00, 0x3C, 0xF9, 0xF0, 0x18, 0x07, 0x01, 0xE0, 0x7C, 0x23, 0x98, 0xE4, 0x19, 0x06, 0x61, 0x9F,
    0xE7, 0xF0, 0xF8, 0x00, 0x00, 0x08, 0x00, 0x10, 0x00, 0x20, 0x00, 0x41, 0xC0, 0x86, 0x41, 0x39,
    0x9F, 0xFE, 0x40, 0x01, 0xFE, 0x00, 0x00, 0x00, 0xA8, 0x10, 0x02, 0xE0, 0x56, 0x0B, 0xC1, 0x19,
    0xFE, 0x40, 0x0F, 0xC0, 0x04, 0x0E, 0x12, 0x1E, 0x30, 0x80, 0x04, 0x19, 0x31, 0x20, 0xC1, 0x04,
    0x1E, 0xFE, 0x18, 0x60, 0x48, 0x40, 0x60, 0x3E, 0x00, 0xC2, 0x16, 0xD8, 0x00, 0x00, 0x00, 0x0C,
    0x16, 0xA3, 0xE4, 0x40, 0xD0, 0x1E, 0x00, 0x00, 0x00, 0x00, 0x00, 0x00, 0x00, 0xC0, 0x00, 0x00,
    0x01, 0xF8, 0x00, 0x00, 0x07, 0xCF, 0xC0, 0x00, 0x0E, 0x62, 0x78, 0x00, 0x1C, 0x73, 0x87, 0x00,
    0x18, 0xFF, 0xF8, 0xC0, 0x19, 0xC0, 0x07, 0x70, 0x1F, 0x80, 0x00, 0xFC, 0x1F, 0x80, 0x00, 0x3F,
    0x1E, 0x00, 0x00, 0x07, 0xC7, 0x00, 0x00, 0x01, 0xE3, 0x00, 0x00, 0x00, 0x73, 0x00, 0x00, 0x00,
    0x39, 0x80, 0x00, 0x00, 0x0D, 0xC0, 0x00, 0x00, 0x07, 0xC0, 0x00, 0x00, 0x01, 0xE0, 0x00, 0x00,
    0x00, 0xF0, 0x00, 0x00, 0x00, 0x78, 0x00, 0x00, 0x00, 0x3C, 0x00, 0x00, 0x00, 0x1E, 0x00, 0x00,
    0x00, 0x0F, 0x00, 0x00, 0x00, 0x0F, 0xC0, 0x00, 0x00, 0x07, 0x60, 0x00, 0x00, 0x03, 0x30, 0x00,
    0x00, 0x03, 0x9C, 0x00, 0x00, 0x01, 0xC7, 0x00, 0x00, 0x01, 0xE7, 0xC0, 0x00, 0x01, 0xF1, 0xF8,
    0x00, 0x03, 0xF0, 0x7E, 0x00, 0x03, 0xF0, 0x19, 0x80, 0x07, 0x78, 0x06, 0x79, 0xCE, 0x38, 0x01,
    0x87, 0xFC, 0x70, 0x00, 0x71, 0x88, 0xF0, 0x00, 0x0F, 0xCF, 0xE0, 0x00, 0x00, 0xFF, 0x80, 0x00,
    0x00, 0x0E, 0x00, 0x00, 0x00, 0x02, 0x00, 0x00, 0x00, 0x00, 0x00, 0x00, 0x07, 0x00, 0x00, 0x03,
    0x20, 0x00, 0x01, 0x86, 0x00, 0x0F, 0xFF, 0xFC, 0x02, 0x60, 0x11, 0x00, 0xB0, 0x02, 0x40, 0x38,
    0x00, 0x70, 0x0C, 0x00, 0x0C, 0x06, 0x00, 0x01, 0x83, 0x81, 0xE0, 0x71, 0xA0, 0xCC, 0x16, 0xC8,
    0x21, 0x04, 0xB2, 0x08, 0x41, 0x26, 0x83, 0x30, 0x58, 0xE0, 0x78, 0x1C, 0x18, 0x00, 0x06, 0x03,
    0x00, 0x03, 0x00, 0xE0, 0x01, 0xC0, 0x2C, 0x00, 0x90, 0x09, 0x80, 0x44, 0x03, 0xFF, 0xFF, 0x00,
    0x06, 0x18, 0x00, 0x00, 0xC8, 0x00, 0x00, 0x1C, 0x00, 0x00, 0x02, 0x00, 0x00, 0x71, 0x65, 0x9C,
    0x71, 0x64, 0x96, 0x70, 0x10, 0xF7, 0x82, 0x71, 0x80, 0x61, 0xBD, 0x08, 0x42, 0x00, 0x00, 0x00,
    0x0C, 0x16, 0xA3, 0xE4, 0x40, 0xD0, 0x1E, 0x00, 0x00, 0x3F, 0xD7, 0xC0, 0x72, 0xD6, 0xF1, 0x78,
    0x00, 0x18, 0x10, 0x0F, 0xE0, 0x00, 0x60, 0x80, 0xFE, 0x00, 0x40, 0xD3, 0x45, 0x37, 0x80, 0x00,
    0x00, 0x03, 0x00, 0x09, 0x00, 0x2D, 0x00, 0xA5, 0x02, 0xB5, 0x0A, 0x9D, 0x2E, 0x1D, 0x2E, 0x74,
    0x2C, 0xD0, 0x79, 0xC0, 0x73, 0x80, 0xE7, 0x01, 0xCE, 0x03, 0x9C, 0x07, 0x38, 0x0E, 0x70, 0x1F,
    0xE0, 0x7F, 0xE1, 0x80, 0x67, 0xFF, 0xC0, 0x4A, 0xA4, 0x06, 0x96, 0x00, 0x6F, 0xF6, 0x61, 0xBD,
    0x08, 0x42, 0x00, 0x04, 0x03, 0x80, 0xB0, 0x6C, 0x11, 0x00, 0x00, 0x00, 0x0C, 0x07, 0x00, 0xE0,
    0x38, 0x06, 0x01, 0xC0, 0x30, 0x0F, 0xFF, 0xFF, 0x9F, 0xC0, 0x01, 0x00, 0x70, 0x1E, 0x02, 0x60,
    0x44, 0x00, 0x00, 0x20, 0x0C, 0x01, 0xC0, 0x38, 0x03, 0x00, 0x70, 0x06, 0x00, 0xC0, 0x08, 0x03,
    0x00, 0x60, 0x18, 0x07, 0x3F, 0xC7, 0xF0, 0x7C, 0x00, 0x01, 0x1F, 0xF7, 0x08, 0x01, 0x86, 0x1C,
    0x70, 0xC3, 0x86, 0x18, 0x61, 0x86, 0x08, 0x20, 0x82, 0x08, 0x00, 0x20, 0x70, 0x7C, 0x3F, 0xFB,
    0xF9, 0xF8, 0x60, 0x30, 0x1C, 0x06, 0x03, 0x01, 0x80, 0xC0, 0x60, 0x30, 0x18, 0x00, 0x00, 0x00,
    0x06, 0x12, 0x61, 0x27, 0x3E, 0x7F, 0xE3, 0xFC, 0x3E, 0x03, 0x80, 0x18, 0x01, 0x80, 0x18, 0x01,
    0x80, 0x18, 0x01, 0x80, 0x08, 0x00, 0x80, 0x08, 0x00, 0x00, 0x00, 0x06, 0x38, 0x67, 0xC6, 0x64,
    0x74, 0x03, 0xFE, 0x3F, 0xE3, 0xFC, 0x18, 0x01, 0x80, 0x18, 0x01, 0x80, 0x18, 0x01, 0x80, 0x08,
    0x00, 0x80, 0x08, 0x00, 0x80, 0x08, 0x00, 0xC0, 0x0E, 0x00, 0xF0, 0x1F, 0x81, 0xB8, 0x31, 0xC2,
    0x0C, 0x60, 0xE6, 0x06, 0x40, 0x64, 0x06, 0x46, 0x26, 0x66, 0x7F, 0xE7, 0xFC, 0x3B, 0x80, 0x00,
    0x07, 0xE0, 0xFE, 0x30, 0x84, 0x00, 0xC0, 0x18, 0x3B, 0xFE, 0x3F, 0x83, 0xE0, 0x78, 0x0E, 0x03,
    0x80, 0xE0, 0x18, 0x02, 0x00, 0x40, 0x00, 0x00, 0x00, 0x06, 0x01, 0xB8, 0x0D, 0xC0, 0xE7, 0x06,
    0x38, 0x30, 0xC3, 0x87, 0x18, 0x18, 0xC0, 0xCC, 0x07, 0x60, 0x1B, 0x00, 0xF0, 0x07, 0x80, 0x1C,
    0x00, 0xC0, 0x06, 0x00, 0x00, 0x00, 0x18, 0x01, 0xC0, 0x0E, 0x00, 0x78, 0x02, 0xC0, 0x36, 0x01,
    0xB8, 0x08, 0xC0, 0xC7, 0x06, 0x38, 0x60, 0xE3, 0x07, 0x38, 0x1D, 0x80, 0xEC, 0x03, 0x00, 0x10,
    0x00, 0x03, 0xC0, 0xFC, 0x33, 0x84, 0x30, 0xC2, 0x1F, 0xC3, 0xF8, 0x3F, 0x00, 0x20, 0x06, 0x00,
    0xC0, 0x18, 0x03, 0x00, 0x70, 0x06, 0x00, 0xC0, 0x00, 0x00, 0x00, 0x00, 0x00, 0x00, 0x02, 0x00,
    0x00, 0x00, 0xE0, 0x00, 0x00, 0x0A, 0x00, 0x00, 0x0E, 0xE0, 0x00, 0x01, 0xCC, 0x00, 0x00, 0x10,
    0x10, 0x00, 0x00, 0x06, 0x00, 0x00, 0x08, 0xC0, 0x00, 0x01, 0x18, 0x00, 0x20, 0x63, 0x80, 0x0E,
    0x0C, 0x30, 0x01, 0xC3, 0x86, 0x00, 0x3F, 0xFF, 0xD0, 0x03, 0xFF, 0xF2, 0x00, 0x7F, 0x3E, 0x40,
    0x04, 0x00, 0x08, 0x00, 0x80, 0x01, 0x80, 0x30, 0x60, 0x30, 0x0C, 0x1E, 0x07, 0x07, 0x83, 0x80,
    0x7F, 0xE0, 0x20, 0x07, 0xF0, 0x00, 0x00, 0x20, 0x00, 0x00, 0x00, 0x00, 0x00, 0x00, 0x00, 0x00,
    0x60, 0x00, 0x00, 0x03, 0xC0, 0x00, 0x00, 0x0E, 0x00, 0x00, 0x00, 0x10, 0x00, 0x00, 0x00, 0x00,
    0x00, 0x00, 0x00, 0x00, 0x00, 0x00, 0x00, 0x00, 0x00, 0x00, 0x07, 0xE0, 0x00, 0x00, 0x7F, 0xC0,
    0x00, 0x03, 0xC7, 0x80, 0x00, 0x1C, 0x0E, 0x00, 0x0C, 0xE0, 0x18, 0x00, 0x77, 0x00, 0x60, 0x01,
    0xF8, 0x07, 0x80, 0x07, 0xFF, 0xFC, 0x40, 0x0F, 0xFF, 0xC1, 0x00, 0x3F, 0xFC, 0x04, 0x00, 0x40,
    0x00, 0x10, 0x01, 0x00, 0x00, 0x60, 0x0C, 0x04, 0x01, 0x80, 0x60, 0x38, 0x07, 0x07, 0x80, 0xE0,
    0x0F, 0xFC, 0x01, 0x00, 0x1F, 0xC0, 0x00, 0x00, 0x10, 0x00, 0x00, 0x00, 0x00, 0x00, 0x01, 0x00,
    0x00, 0xE0, 0x00, 0x38, 0x00, 0x04, 0x00, 0x00, 0x00, 0x00, 0x00, 0x00, 0x3C, 0x00, 0x3F, 0x80,
    0x0F, 0xE0, 0x04, 0x00, 0x01, 0x00, 0x00, 0x60, 0x00, 0x1C, 0x1C, 0x07, 0xDF, 0x00, 0xFF, 0x80,
    0x1F, 0x00, 0x03, 0x00, 0x01, 0x80, 0x00, 0xC1, 0x00, 0x30, 0xE0, 0x08, 0x38, 0x02, 0x0C, 0x00,
    0x80, 0x00, 0x30, 0x00, 0x0E, 0x00, 0x01, 0xFF, 0xF8, 0x3F, 0xFC, 0x03, 0xF8, 0x00, 0x00, 0x00,
    0xF0, 0x1F, 0x83, 0x98, 0x30, 0x03, 0x00, 0x38, 0xE1, 0xFF, 0x7F, 0xE7, 0x80, 0x00, 0x00, 0x00,
    0x01, 0x00, 0xF0, 0x0D, 0x00, 0x50, 0x01, 0x00, 0x00, 0x00, 0x00, 0xF0, 0x1F, 0x83, 0x3C, 0x21,
    0xE0, 0x0F, 0x03, 0xF7, 0xFE, 0x7F, 0xE7, 0x00, 0xC0, 0x0C, 0x00, 0x43, 0x84, 0x28, 0x62, 0x86,
    0x28, 0x60, 0x06, 0x00, 0x60, 0x00, 0x00, 0x00, 0xC0, 0x00, 0x30, 0x00, 0x16, 0x00, 0x05, 0x80,
    0x01, 0x20, 0x00, 0x00, 0x00, 0x00, 0x00, 0x03, 0x00, 0x00, 0xF0, 0x00, 0x7E, 0x00, 0x3F, 0xC0,
    0x0C, 0xF8, 0x06, 0x37, 0x01, 0x84, 0xE0, 0x63, 0x18, 0x0C, 0xC6, 0x03, 0xE1, 0x9F, 0xFE, 0x27,
    0xFF, 0xF8, 0xFC, 0x7C, 0x00, 0x00, 0x00, 0x00, 0x00, 0x20, 0x00, 0x06, 0x00, 0x00, 0x60, 0x00,
    0x06, 0x40, 0x00, 0x74, 0x00, 0x03, 0x40, 0x00, 0x36, 0x00, 0x03, 0x70, 0x01, 0xE7, 0xFF, 0xFE,
    0x3F, 0xFF, 0x80, 0xFF, 0xC0, 0x00, 0x00, 0x00, 0x00, 0x00, 0x00, 0x4C, 0x00, 0x36, 0xC0, 0x02,
    0x40, 0x00, 0x00, 0x00, 0x00, 0x40, 0x00, 0x0E, 0x00, 0x00, 0xD0, 0x00, 0x33, 0x82, 0x03, 0xB8,
    0x60, 0x11, 0x06, 0x00, 0x00, 0x64, 0x00, 0x07, 0x40, 0x00, 0x34, 0x00, 0x03, 0x60, 0x00, 0x37,
    0x00, 0x1E, 0x7F, 0xFF, 0xE3, 0xFF, 0xF8, 0x0F, 0xFC, 0x00, 0x00, 0x00, 0x00, 0x00, 0x00, 0x04,
    0x00, 0x00, 0xE0, 0x00, 0x0E, 0x00, 0x00, 0x40, 0x00, 0x00, 0x00, 0x00, 0x00, 0x20, 0x00, 0x06,
    0x00, 0x00, 0x60, 0x00, 0x06, 0x40, 0x00, 0x74, 0x00, 0x03, 0x40, 0x00, 0x36, 0x00, 0x03, 0x70,
    0x01, 0xE7, 0xFF, 0xFE, 0x3F, 0xFF, 0x80, 0xFF, 0xC0, 0x00, 0x00, 0x00, 0x00, 0x00, 0x00, 0x60,
    0x00, 0x0E, 0x00, 0x01, 0x58, 0x00, 0x3B, 0x80, 0x03, 0x98, 0x00, 0x00, 0x00, 0x00, 0x00, 0x00,
    0x01, 0x00, 0x03, 0x38, 0x20, 0x73, 0x86, 0x03, 0x00, 0x60, 0x00, 0x06, 0x40, 0x00, 0x74, 0x00,
    0x03, 0x40, 0x00, 0x36, 0x00, 0x03, 0x70, 0x01, 0xE7, 0xFF, 0xFE, 0x3F, 0xFF, 0x80, 0xFF, 0xC0,
    0x00, 0x00, 0x00, 0x00, 0x00, 0x00, 0x60, 0x00, 0x0E, 0x00, 0x01, 0x58, 0x00, 0x3B, 0x80, 0x03,
    0x98, 0x00, 0x00, 0x00, 0x00, 0x00, 0x00, 0x0C, 0x00, 0x01, 0xE0, 0x20, 0x0C, 0x06, 0x00, 0x00,
    0x60, 0x00, 0x06, 0x40, 0x00, 0x74, 0x00, 0x03, 0x40, 0x00, 0x36, 0x00, 0x03, 0x70, 0x01, 0xE7,
    0xFF, 0xFE, 0x3F, 0xFF, 0x80, 0xFF, 0xC0, 0x00, 0x00, 0x00, 0x00, 0x00, 0x01, 0x18, 0x00, 0x3B,
    0xC0, 0x03, 0x98, 0x00, 0x10, 0x00, 0x00, 0x00, 0x20, 0x00, 0x06, 0x00, 0x00, 0x60, 0x00, 0x06,
    0x40, 0x00, 0x74, 0x00, 0x03, 0x40, 0x00, 0x36, 0x00, 0x03, 0x70, 0x01, 0xE7, 0xFF, 0xFE, 0x3F,
    0xFF, 0x80, 0xFF, 0xC0, 0x00, 0x00, 0x00, 0x00, 0x00, 0x00, 0x60, 0x00, 0x0E, 0x00, 0x00, 0xB0,
    0x00, 0x1B, 0x00, 0x01, 0x10, 0x00, 0x00, 0x10, 0x00, 0x3B, 0x00, 0x01, 0xA0, 0x00, 0x0E, 0x02,
    0x00, 0xC0, 0x60, 0x00, 0x06, 0x00, 0x00, 0x64, 0x00, 0x07, 0x40, 0x00, 0x34, 0x00, 0x03, 0x60,
    0x00, 0x36, 0x00, 0x0E, 0x7C, 0x1F, 0xE3, 0xFF, 0xF8, 0x0F, 0xFC, 0x00, 0x00, 0x10, 0x00, 0xCE,
    0x00, 0x73, 0x00, 0x0C, 0x40, 0x00, 0x00, 0x02, 0x00, 0x07, 0xFC, 0x01, 0xFF, 0xFC, 0x61, 0xFF,
    0x00, 0x3F, 0xC0, 0x3F, 0x00, 0x1E, 0x00, 0x0E, 0x00, 0x07, 0x00, 0x03, 0x80, 0x00, 0xC0, 0x00,
    0x20, 0x00, 0x08, 0x00, 0x02, 0x00, 0x00, 0x80, 0x00, 0x30, 0x00, 0x0E, 0x00, 0x01, 0xFF, 0xF8,
    0x3F, 0xFC, 0x03, 0xF8, 0x00, 0x08, 0x00, 0x1F, 0xF0, 0x07, 0xFF, 0xF1, 0x87, 0xFC, 0x00, 0xFF,
    0x00, 0xFC, 0x00, 0x78, 0x00, 0x38, 0x00, 0x1C, 0x00, 0x0E, 0x18, 0x03, 0x07, 0x00, 0x82, 0xE0,
    0x21, 0xDC, 0x08, 0x66, 0x02, 0x00, 0x00, 0xC0, 0x00, 0x38, 0x00, 0x07, 0xFF, 0xE0, 0xFF, 0xF0,
    0x0F, 0xE0, 0x08, 0x02, 0x00, 0xF0, 0x36, 0x1F, 0x00, 0x00, 0x00, 0x08, 0x03, 0x00, 0xC0, 0x38,
    0x0E, 0x01, 0x80, 0x70, 0x0C, 0x03, 0xFF, 0xBF, 0xE7, 0xF0, 0x00, 0x04, 0x03, 0x80, 0xC0, 0x00,
    0x06, 0x03, 0x80, 0x40, 0x02, 0x01, 0xC0, 0x70, 0x0E, 0x03, 0x80, 0x60, 0x1C, 0x03, 0x00, 0xFF,
    0xFF, 0xF9, 0xFC, 0x00, 0x00, 0x00, 0xC0, 0x38, 0x16, 0x04, 0xC0, 0x00, 0x00, 0x80, 0x18, 0x01,
    0xC0, 0x1C, 0x00, 0xC0, 0x0E, 0x00, 0x60, 0x06, 0x00, 0x20, 0x06, 0x0F, 0xF0, 0x0E, 0x01, 0xC7,
    0xF8, 0x7F, 0x01, 0xE0, 0x00, 0x00, 0x48, 0x00, 0x00, 0x0D, 0x80, 0x00, 0x01, 0x20, 0x00, 0x00,
    0x12, 0x00, 0x00, 0x06, 0xC0, 0x00, 0x00, 0x00, 0x80, 0x00, 0x00, 0x30, 0x00, 0x00, 0x46, 0x00,
    0x00, 0x08, 0xC0, 0x01, 0x03, 0x1C, 0x00, 0x70, 0x61, 0x80, 0x0E, 0x1C, 0x30, 0x01, 0xFF, 0xFE,
    0x80, 0x1F, 0xFF, 0x90, 0x03, 0xF9, 0xF2, 0x00, 0x20, 0x00, 0x40, 0x04, 0x00, 0x0C, 0x01, 0x80,
    0x01, 0x80, 0x60, 0x00, 0x38, 0x3C, 0x00, 0x03, 0xFF, 0x00, 0x00, 0x3F, 0x80, 0x00, 0x01, 0x00,
    0x00, 0x00, 0x01, 0x00, 0x0C, 0xE0, 0x07, 0xB8, 0x00, 0xC4, 0x00, 0x00, 0x00, 0x00, 0x00, 0x00,
    0xF0, 0x00, 0xFE, 0x00, 0x3F, 0x80, 0x10, 0x00, 0x04, 0x00, 0x01, 0x80, 0x00, 0x70, 0x70, 0x1F,
    0x7C, 0x03, 0xFE, 0x00, 0x7C, 0x00, 0x0C, 0x00, 0x06, 0x00, 0x03, 0x00, 0x00, 0xC0, 0x00, 0x20,
    0x00, 0x08, 0x00, 0x02, 0x00, 0x00, 0xC0, 0x00, 0x38, 0x00, 0x07, 0xFF, 0xE0, 0xFF, 0xF0, 0x0F,
    0xE0, 0x00, 0x00, 0x04, 0x40, 0x03, 0xB8, 0x00, 0xCC, 0x00, 0x0C, 0x00, 0x03, 0x80, 0x00, 0x00,
    0x00, 0x00, 0x00, 0x0F, 0x00, 0x0F, 0xE0, 0x03, 0xF8, 0x01, 0x00, 0x00, 0x40, 0x00, 0x18, 0x00,
    0x07, 0x07, 0x01, 0xF7, 0xC0, 0x3F, 0xE0, 0x07, 0xC0, 0x00, 0xC0, 0x00, 0x60, 0x00, 0x30, 0x00,
    0x0C, 0x00, 0x02, 0x00, 0x00, 0x80, 0x00, 0x20, 0x00, 0x0C, 0x00, 0x03, 0x80, 0x00, 0x7F, 0xFE,
    0x0F, 0xFF, 0x00, 0xFE, 0x00, 0x00, 0x00, 0x03, 0x00, 0x01, 0xC0, 0x00, 0x00, 0x00, 0x04, 0x00,
    0x03, 0x80, 0x00, 0xC0, 0x00, 0x00, 0x00, 0x00, 0x00, 0x03, 0xC0, 0x03, 0xF8, 0x00, 0xFE, 0x00,
    0x40, 0x00, 0x10, 0x00, 0x06, 0x00, 0x01, 0xC1, 0xC0, 0x7D, 0xF0, 0x0F, 0xF8, 0x01, 0xF0, 0x00,
    0x30, 0x00, 0x18, 0x00, 0x0C, 0x00, 0x03, 0x00, 0x00, 0x80, 0x00, 0x20, 0x00, 0x08, 0x00, 0x03,
    0x00, 0x00, 0xE0, 0x00, 0x1F, 0xFF, 0x83, 0xFF, 0xC0, 0x3F, 0x80, 0x00, 0x01, 0xE0, 0x00, 0x07,
    0xE0, 0x00, 0x1F, 0xE0, 0x00, 0x31, 0xC0, 0x00, 0x41, 0xC0, 0x00, 0x81, 0x90, 0x01, 0xFF, 0x20,
    0x03, 0xFE, 0x40, 0x03, 0xEC, 0xC0, 0x00, 0x19, 0xC0, 0x01, 0xF3, 0xFF, 0xFF, 0xC3, 0xFF, 0xFE,
    0x01, 0xFF, 0xE0, 0x00, 0x00, 0x00, 0x00, 0x00, 0x0C, 0x00, 0x03, 0xBC, 0x00, 0x07, 0x78, 0x00,
    0x0C, 0x20, 0x00, 0x00, 0x00, 0x00, 0x01, 0xE0, 0x00, 0x07, 0xE0, 0x00, 0x1F, 0xE0, 0x00, 0x31,
    0xC0, 0x00, 0x41, 0xC0, 0x00, 0x81, 0x90, 0x01, 0xFF, 0x20, 0x03, 0xFE, 0x40, 0x03, 0xEC, 0xC0,
    0x00, 0x19, 0xC0, 0x01, 0xF3, 0xFF, 0xFF, 0xC3, 0xFF, 0xFE, 0x01, 0xFF, 0xE0, 0x00, 0x00, 0x00,
    0x00, 0x00, 0x20, 0x00, 0x00, 0xE0, 0x00, 0x00, 0xE0, 0x00, 0x0E, 0xE0, 0x00, 0x1C, 0xC0, 0x00,
    0x10, 0x00, 0x00, 0x00, 0x00, 0x02, 0x00, 0x00, 0x70, 0x60, 0x06, 0x1E, 0x00, 0x07, 0xE0, 0x01,
    0xF8, 0x00, 0x7C, 0x00, 0x0F, 0x00, 0x00, 0xC0, 0x00, 0x0E, 0x00, 0x00, 0xF8, 0x00, 0x07, 0xE0,
    0x00, 0x0F, 0x00, 0x00, 0x38, 0x00, 0x01, 0x84, 0x00, 0x0C, 0x40, 0x00, 0xC6, 0x00, 0x1C, 0x7F,
    0xFF, 0x83, 0xFF, 0xF0, 0x1F, 0xFC, 0x00, 0x00, 0x00, 0x00, 0x04, 0x00, 0x00, 0xD0, 0x00, 0x03,
    0x06, 0x00, 0xD1, 0xE0, 0x08, 0x7E, 0x00, 0x1F, 0x80, 0x07, 0xC0, 0x00, 0xF0, 0x00, 0x0C, 0x00,
    0x00, 0xE0, 0x00, 0x0F, 0x80, 0x00, 0x7E, 0x00, 0x00, 0xF0, 0x00, 0x03, 0x80, 0x00, 0x18, 0x40,
    0x00, 0xC4, 0x00, 0x0C, 0x60, 0x01, 0xC7, 0xFF, 0xF8, 0x3F, 0xFF, 0x01, 0xFF, 0xC0, 0x00, 0x00,
    0x00, 0x00, 0x06, 0x00, 0x01, 0xE0, 0x00, 0x7E, 0x00, 0x1F, 0x80, 0x07, 0xC0, 0x00, 0xF0, 0x00,
    0x0C, 0x00, 0x00, 0xE0, 0x00, 0x0F, 0x80, 0x00, 0x7E, 0x00, 0x00, 0xF0, 0x00, 0x03, 0x80, 0x00,
    0x18, 0x40, 0x00, 0xC4, 0x00, 0x0C, 0x60, 0x01, 0xC7, 0xFF, 0xF8, 0x3F, 0xFF, 0x01, 0xFF, 0xC0,
    0x00, 0x00, 0x00, 0x00, 0x00, 0x00, 0x18, 0x00, 0x01, 0x80, 0x00, 0x46, 0x00, 0x0E, 0x70, 0x00,
    0x66, 0x00, 0x00, 0x00, 0x00, 0x00, 0xC0, 0x1E, 0x01, 0xC0, 0x00, 0x00, 0x00, 0x00, 0x01, 0xE0,
    0x3F, 0x07, 0x38, 0x41, 0xC0, 0x0E, 0x03, 0xE7, 0xFE, 0xFF, 0xCF, 0x00, 0x80, 0x0C, 0x00, 0xC0,
    0x0C, 0x00, 0xC0, 0x0C, 0x00, 0xC0, 0x0E, 0x00, 0xC0, 0x00, 0x00, 0x00, 0x01, 0xE0, 0x3F, 0x07,
    0x38, 0x41, 0xC0, 0x0E, 0x03, 0xE7, 0xFE, 0xFF, 0xCF, 0x00, 0x80, 0x0C, 0x00, 0xC0, 0x0C, 0x30,
    0xC7, 0x0C, 0x70, 0xC2, 0x0E, 0x00, 0xC0, 0x00, 0x00, 0x00, 0x00, 0x06, 0x00, 0x1C, 0x00, 0x38,
    0x00, 0x00, 0x00, 0x01, 0x00, 0x07, 0x00, 0x0E, 0x00, 0x1C, 0x00, 0x19, 0x00, 0x32, 0x00, 0x64,
    0x00, 0x48, 0x00, 0x98, 0x03, 0x30, 0x1C, 0x7F, 0xF0, 0x7F, 0xC0, 0x7E, 0x00, 0x00, 0x00, 0x08,
    0x03, 0xB8, 0x07, 0x70, 0x04, 0x40, 0x00, 0x00, 0x04, 0x00, 0x08, 0x00, 0x1E, 0x00, 0x36, 0x00,
    0xF8, 0x00, 0x00, 0x00, 0x00, 0x01, 0x80, 0x07, 0x80, 0x06, 0x00, 0x00, 0x00, 0x00, 0x40, 0x01,
    0xC0, 0x03, 0x80, 0x07, 0x00, 0x06, 0x40, 0x0C, 0x80, 0x19, 0x00, 0x12, 0x00, 0x26, 0x00, 0xCC,
    0x07, 0x1F, 0xFC, 0x1F, 0xF0, 0x1F, 0x80, 0x08, 0x80, 0x19, 0x00, 0x36, 0x00, 0x38, 0x00, 0x70,
    0x00, 0x00, 0x00, 0x00, 0x01, 0x80, 0x07, 0x00, 0x0E, 0x00, 0x00, 0x00, 0x00, 0x40, 0x01, 0xC0,
    0x03, 0x80, 0x07, 0x00, 0x06, 0x40, 0x0C, 0x80, 0x19, 0x00, 0x12, 0x00, 0x26, 0x00, 0xCC, 0x07,
    0x1F, 0xFC, 0x1F, 0xF0, 0x1F, 0x80, 0x00, 0x00, 0x00, 0x1C, 0x00, 0x1C, 0x00, 0x1C, 0x00, 0x1C,
    0x00, 0x1C, 0x00, 0x1C, 0x00, 0x0C, 0x00, 0x0C, 0x00, 0x0C, 0x00, 0xFF, 0x00, 0x0E, 0x00, 0x0E,
    0x00, 0x06, 0x00, 0x06, 0x00, 0x06, 0x00, 0x06, 0x00, 0x06, 0x00, 0x06, 0x40, 0x02, 0x40, 0x02,
    0x40, 0x02, 0x40, 0x02, 0x60, 0x0E, 0x70, 0x1C, 0x7F, 0xF8, 0x3F, 0xF0, 0x1F, 0xC0, 0x00, 0x00,
    0x60, 0x1C, 0x01, 0x80, 0x00, 0x06, 0x00, 0xE0, 0x08, 0x00, 0x00, 0x10, 0x06, 0x00, 0xE0, 0x1C,
    0x01, 0x80, 0x38, 0x03, 0x00, 0x60, 0x04, 0x01, 0x80, 0x30, 0x0C, 0x03, 0x9F, 0xE3, 0xF8, 0x3E,
    0x00, 0x03, 0x80, 0xD0, 0x10, 0x03, 0xC0, 0x70, 0x08, 0x00, 0x20, 0x0C, 0x01, 0xC0, 0x38, 0x03,
    0x00, 0x70, 0x06, 0x00, 0xC0, 0x08, 0x03, 0x00, 0x60, 0x18, 0x07, 0x3F, 0xC7, 0xF0, 0x3C, 0x00,
    0x00, 0x00, 0x00, 0x00, 0x00, 0x02, 0x00, 0x00, 0x00, 0xE0, 0x00, 0x00, 0x18, 0x00, 0x00, 0x00,
    0x00, 0x00, 0x00, 0x30, 0x00, 0x00, 0x0E, 0x00, 0x00, 0x00, 0x82, 0x00, 0x00, 0x00, 0xC0, 0x00,
    0x01, 0x18, 0x00, 0x00, 0x23, 0x00, 0x04, 0x0C, 0x70, 0x01, 0xC1, 0x86, 0x00, 0x38, 0x70, 0xC0,
    0x07, 0xFF, 0xFA, 0x00, 0x7F, 0xFE, 0x40, 0x0F, 0xE7, 0xC8, 0x00, 0x80, 0x01, 0x00, 0x10, 0x00,
    0x30, 0x06, 0x00, 0x06, 0x01, 0x80, 0x00, 0xE0, 0xF0, 0x00, 0x0F, 0xFC, 0x00, 0x00, 0xFE, 0x00,
    0x00, 0x04, 0x00, 0x00, 0x00, 0x08, 0x00, 0x3F, 0xC0, 0x1F, 0xFF, 0xCC, 0x7F, 0xE0, 0x0F, 0xF0,
    0x1F, 0x80, 0x1E, 0x00, 0x1C, 0x00, 0x1C, 0x00, 0x0C, 0x40, 0x0C, 0x20, 0x04, 0x1E, 0x02, 0x0D,
    0x81, 0x0F, 0x80, 0x80, 0x00, 0x60, 0x00, 0x38, 0x00, 0x0F, 0x01, 0xC3, 0xFF, 0xC0, 0xFF, 0x80,
    0x04, 0x00, 0x08, 0x00, 0x1F, 0xE0, 0x07, 0xFF, 0xF1, 0x8F, 0xFC, 0x01, 0xFF, 0x00, 0xFC, 0x00,
    0x78, 0x00, 0x38, 0x00, 0x1C, 0x80, 0x06, 0x20, 0x03, 0x0F, 0x00, 0xC3, 0x60, 0x21, 0xF0, 0x08,
    0x00, 0x02, 0x1D, 0x80, 0xC6, 0x40, 0x38, 0x00, 0x07, 0x80, 0xE0, 0xFF, 0xF8, 0x1F, 0xF0, 0x00,
    0x40, 0x00, 0x00, 0x00, 0x20, 0x00, 0x00, 0x04, 0x00, 0x00, 0x00, 0xF0, 0x00, 0x00, 0x1A, 0x00,
    0x00, 0x07, 0xC0, 0x00, 0x00, 0x00, 0x00, 0x00, 0x1B, 0x00, 0x00, 0x03, 0x60, 0x00, 0x00, 0x00,
    0x40, 0x00, 0x00, 0x18, 0x00, 0x00, 0x23, 0x00, 0x04, 0x0C, 0x70, 0x00, 0x81, 0x8E, 0x00, 0x38,
    0x30, 0xC0, 0x07, 0x0E, 0x18, 0x00, 0xFF, 0xFF, 0x40, 0x0F, 0xFF, 0xC8, 0x01, 0xFC, 0xF9, 0x00,
    0x10, 0x00, 0x20, 0x02, 0x00, 0x06, 0x00, 0xC0, 0x00, 0xC0, 0x30, 0x00, 0x1C, 0x1E, 0x00, 0x01,
    0xFF, 0x80, 0x00, 0x1F, 0xC0, 0x00, 0x00, 0x80, 0x00, 0x00, 0x04, 0x00, 0x80, 0x1E, 0x03, 0x60,
    0xF8, 0x01, 0x01, 0x70, 0x24, 0x00, 0x00, 0x00, 0x06, 0x00, 0xC0, 0x1C, 0x03, 0x80, 0x30, 0x07,
    0x00, 0x60, 0x0C, 0x01, 0x80, 0x30, 0x06, 0x01, 0x80, 0x73, 0xFC, 0x7F, 0x07, 0xC0, 0x01, 0x00,
    0x00, 0x80, 0x00, 0x7C, 0x00, 0x36, 0x00, 0x3F, 0x00, 0x00, 0x00, 0x00, 0x00, 0x10, 0x00, 0x7F,
    0x80, 0x3F, 0xFF, 0x98, 0xFF, 0xC0, 0x3F, 0xE0, 0x3F, 0x00, 0x3C, 0x00, 0x38, 0x00, 0x38, 0x00,
    0x38, 0x00, 0x18, 0x00, 0x08, 0x00, 0x04, 0x00, 0x02, 0x00, 0x01, 0x00, 0x00, 0xC0, 0x00, 0x70,
    0x00, 0x1F, 0xFF, 0x87, 0xFF, 0x80, 0xFE, 0x00, 0x8B, 0x6F, 0x10, 0x41, 0x24, 0xD3, 0x08, 0x20,
    0x82, 0x08, 0x20, 0x82, 0x08, 0x20, 0x82, 0x02, 0x6D, 0x9C, 0x61, 0x86, 0x8A, 0x2C, 0x20, 0x82,
    0x08, 0x20, 0x82, 0x08, 0x20, 0x82, 0x08, 0x22, 0x00, 0x32, 0x00, 0x3C, 0x04, 0x10, 0x1E, 0x18,
    0x3F, 0x18, 0x78, 0x18, 0x60, 0x18, 0xC0, 0x00, 0xC0, 0x00, 0x80, 0x00, 0xC0, 0x40, 0xFC, 0x40,
    0x7F, 0x40, 0x1F, 0x40, 0x03, 0x60, 0x06, 0x60, 0x1C, 0x7F, 0xF8, 0x3F, 0xF0, 0x1F, 0x80, 0x00,
    0x00, 0x25, 0x00, 0x2F, 0x00, 0x3F, 0x04, 0x30, 0x1E, 0x30, 0x3F, 0x10, 0x78, 0x10, 0x60, 0x10,
    0xC0, 0x00, 0xC0, 0x00, 0x80, 0x00, 0xC0, 0x40, 0xFC, 0x40, 0x7F, 0x40, 0x1F, 0x40, 0x03, 0x60,
    0x06, 0x60, 0x1C, 0x7F, 0xF8, 0x3F, 0xF0, 0x1F, 0x80, 0x00, 0x0E, 0x00, 0x1F, 0x00, 0x3F, 0x00,
    0x70, 0x00, 0xE0, 0x00, 0xC0, 0x00, 0x80, 0x00, 0x80, 0x40, 0xF8, 0x40, 0xFE, 0x40, 0x3F, 0x40,
    0x03, 0x60, 0x06, 0x60, 0x0E, 0x70, 0x7C, 0x3F, 0xF0, 0x1F, 0xC0, 0x04, 0x00, 0x00, 0x00, 0x06,
    0x80, 0x0B, 0x80, 0x0B, 0x00, 0x0C, 0x00, 0x04, 0x00, 0x04, 0x00, 0x02, 0x00, 0x02, 0x00, 0x00,
    0x00, 0x88, 0x0C, 0x80, 0xF0, 0x04, 0x00, 0x60, 0x06, 0x38, 0x67, 0xC2, 0x7E, 0x0C, 0x60, 0x83,
    0x08, 0x30, 0xC3, 0x0F, 0xF0, 0xFF, 0x07, 0xF0, 0x03, 0x00, 0x60, 0x0E, 0x7F, 0xC3, 0xF8, 0x1F,
    0x00, 0x14, 0x06, 0xA0, 0x3F, 0x00, 0xC0, 0x06, 0x00, 0x31, 0xC0, 0x9F, 0x04, 0xFC, 0x2C, 0x70,
    0x41, 0x82, 0x0C, 0x18, 0x20, 0xFF, 0x07, 0xF8, 0x1F, 0x40, 0x06, 0x00, 0x30, 0x03, 0x1C, 0xF0,
    0x7F, 0x01, 0xF0, 0x00, 0x44, 0x00, 0x03, 0x20, 0x00, 0x1E, 0x00, 0x00, 0x40, 0x00, 0x03, 0x00,
    0x00, 0x18, 0x00, 0x00, 0x40, 0x00, 0x02, 0x18, 0x00, 0x03, 0x80, 0x00, 0x78, 0x00, 0x0F, 0x00,
    0x00, 0xE0, 0x00, 0x06, 0x00, 0x01, 0x3F, 0xFF, 0xFF, 0xFF, 0xFF, 0xC7, 0xFF, 0xF0, 0x0A, 0x00,
    0x03, 0x50, 0x00, 0x1F, 0x80, 0x00, 0x60, 0x00, 0x03, 0x00, 0x00, 0x18, 0x00, 0x00, 0x40, 0x00,
    0x02, 0x18, 0x00, 0x03, 0xC0, 0x00, 0x7C, 0x00, 0x0F, 0x80, 0x00, 0xE0, 0x00, 0x06, 0x00, 0x00,
    0x3E, 0x00, 0xFD, 0xFF, 0xFF, 0xC7, 0xFF, 0xF8, 0x08, 0x00, 0x1F, 0xE0, 0x07, 0xFF, 0xF1, 0x8F,
    0xFC, 0x01, 0xFF, 0x00, 0xFC, 0x00, 0x78, 0x00, 0x38, 0x00, 0x1C, 0xC8, 0x0E, 0x5C, 0x03, 0x12,
    0x00, 0x86, 0x00, 0x20, 0x80, 0x08, 0x30, 0x02, 0x04, 0x00, 0xC1, 0x00, 0x38, 0x00, 0x07, 0xFF,
    0xE0, 0xFF, 0xF0, 0x0F, 0xE0, 0x00, 0x00, 0x00, 0x00, 0x00, 0x1D, 0x00, 0x00, 0x02, 0xE0, 0x00,
    0x00, 0x58, 0x00, 0x00, 0x08, 0x00, 0x00, 0x01, 0x80, 0x00, 0x00, 0x10, 0x00, 0x00, 0x03, 0x00,
    0x00, 0x00, 0x20, 0x40, 0x00, 0x00, 0x18, 0x00, 0x00, 0x23, 0x00, 0x04, 0x04, 0x70, 0x00, 0x81,
    0x8E, 0x00, 0x38, 0x30, 0xC0, 0x07, 0x0E, 0x18, 0x00, 0xFF, 0xFF, 0x40, 0x0F, 0xFF, 0xC8, 0x01,
    0xFC, 0xF9, 0x00, 0x10, 0x00, 0x20, 0x02, 0x00, 0x06, 0x00, 0xC0, 0x00, 0xC0, 0x30, 0x00, 0x1C,
    0x1E, 0x00, 0x01, 0xFF, 0x80, 0x00, 0x1F, 0xC0, 0x00, 0x00, 0x80, 0x00, 0x00, 0x00, 0x00, 0x18,
    0x00, 0x00, 0x07, 0x00, 0x00, 0x00, 0xB0, 0x00, 0x00, 0x16, 0x00, 0x00, 0x00, 0x40, 0x00, 0x00,
    0x01, 0x80, 0x00, 0x02, 0x30, 0x00, 0x00, 0x46, 0x00, 0x08, 0x18, 0xE0, 0x03, 0x83, 0x0C, 0x00,
    0x70, 0xE1, 0x80, 0x0F, 0xFF, 0xF4, 0x00, 0xFF, 0xFC, 0x80, 0x1F, 0xCF, 0x90, 0x01, 0x00, 0x02,
    0x00, 0x20, 0x00, 0x60, 0x0C, 0x00, 0x0C, 0x03, 0x00, 0x01, 0xC1, 0xE0, 0x00, 0x1F, 0xF8, 0x00,
    0x01, 0xFC, 0x00, 0x00, 0x08, 0x00, 0x00, 0x00, 0x00, 0x00, 0x00, 0x60, 0x01, 0x80, 0x0E, 0x00,
    0x38, 0x00, 0x60, 0x99, 0x83, 0x66, 0x00, 0x18, 0x0C, 0x60, 0x41, 0xC3, 0x03, 0x07, 0x0C, 0x04,
    0x30, 0xE0, 0xC0, 0x03, 0x00, 0x0C, 0x00, 0x1F, 0xFF, 0xFF, 0xFF, 0xFF, 0xF8, 0x0F, 0xE0, 0x7F,
    0xF1, 0xFF, 0xF3, 0xE3, 0xE7, 0x03, 0xC0, 0x07, 0x80, 0x3F, 0x0F, 0xFE, 0x7F, 0xFD, 0xF0, 0x7B,
    0xC0, 0xF7, 0x81, 0xEF, 0x87, 0xDF, 0xFF, 0x9F, 0xFF, 0x0F, 0x9E, 0x00, 0x00, 0x00, 0x00, 0x0C,
    0x00, 0x3C, 0x00, 0x78, 0x00, 0x60, 0x00, 0x00, 0x00, 0x00, 0x07, 0x80, 0x00, 0x3E, 0x00, 0x00,
    0x70, 0x00, 0x07, 0x00, 0x00, 0x00, 0x00, 0x00, 0x00, 0x00, 0x1F, 0x00, 0x01, 0xF8, 0x00, 0x0F,
    0xE0, 0x00, 0x7F, 0x00, 0x07, 0xBC, 0x00, 0x3D, 0xE0, 0x01, 0xEF, 0x00, 0x1E, 0x3C, 0x00, 0xF1,
    0xE0, 0x07, 0x8F, 0x00, 0x78, 0x7C, 0x03, 0xC1, 0xE0, 0x1E, 0x0F, 0x01, 0xFF, 0xFC, 0x0F, 0xFF,
    0xE0, 0xFF, 0xFF, 0x07, 0x80, 0x7C, 0x3C, 0x01, 0xE3, 0xE0, 0x0F, 0x9E, 0x00, 0x3C, 0xF0, 0x01,
    0xE0, 0x07, 0x80, 0x1F, 0x00, 0x1C, 0x00, 0xE0, 0x00, 0x00, 0x00, 0x00, 0xFE, 0x0F, 0xFC, 0x7F,
    0xF9, 0xF1, 0xF7, 0x03, 0xC0, 0x0F, 0x01, 0xFC, 0xFF, 0xF7, 0xFF, 0xFE, 0x0F, 0xF0, 0x3F, 0xC1,
    0xFF, 0x8F, 0xFF, 0xFF, 0x7F, 0xBC, 0xFC, 0xF0, 0x00, 0x1C, 0x00, 0x78, 0x00, 0xE0, 0x03, 0x80,
    0x00, 0x00, 0xF0, 0x03, 0xF0, 0x07, 0x70, 0x1C, 0xF0, 0x30, 0x60, 0x00, 0x00, 0x7F, 0x03, 0xFF,
    0x0F, 0xFF, 0x1F, 0x1F, 0x38, 0x1E, 0x00, 0x3C, 0x03, 0xF8, 0xFF, 0xF3, 0xFF, 0xEF, 0x83, 0xDE,
    0x07, 0xBC, 0x1F, 0x7C, 0x7E, 0xFF, 0xFC, 0xFF, 0x78, 0xFC, 0xF0, 0x00, 0x1E, 0x00, 0x00, 0x70,
    0x00, 0x01, 0x80, 0x00, 0x0E, 0x00, 0x00, 0x00, 0x00, 0x38, 0x00, 0x03, 0xE0, 0x00, 0x3B, 0x80,
    0x03, 0x8E, 0x00, 0x00, 0x00, 0x00, 0x00, 0x00, 0x01, 0xF0, 0x00, 0x1F, 0x80, 0x00, 0xFE, 0x00,
    0x07, 0xF0, 0x00, 0x7B, 0xC0, 0x03, 0xDE, 0x00, 0x1E, 0xF0, 0x01, 0xE3, 0xC0, 0x0F, 0x1E, 0x00,
    0x78, 0xF0, 0x07, 0x87, 0xC0, 0x3C, 0x1E, 0x01, 0xE0, 0xF0, 0x1F, 0xFF, 0xC0, 0xFF, 0xFE, 0x0F,
    0xFF, 0xF0, 0x78, 0x07, 0xC3, 0xC0, 0x1E, 0x3E, 0x00, 0xF9, 0xE0, 0x03, 0xCF, 0x00, 0x1E, 0x00,
    0xE0, 0x01, 0xC0, 0x07, 0x00, 0x0E, 0x00, 0x00, 0x1E, 0x00, 0xFC, 0x03, 0xB8, 0x1C, 0xF0, 0x60,
    0xC0, 0x00, 0x03, 0xF8, 0x3F, 0xF1, 0xFF, 0xE7, 0xC7, 0xDC, 0x0F, 0x00, 0x3C, 0x07, 0xF3, 0xFF,
    0xDF, 0xFF, 0xF8, 0x3F, 0xC0, 0xFF, 0x07, 0xFE, 0x3F, 0xFF, 0xFD, 0xFE, 0xF3, 0xF3, 0xC0, 0x00,
    0x1E, 0x00, 0x00, 0xF8, 0x00, 0x01, 0xC0, 0x00, 0x0C, 0x00, 0x00, 0x00, 0x00, 0x78, 0x00, 0x07,
    0xE0, 0x00, 0x3B, 0x80, 0x03, 0x8E, 0x00, 0x00, 0x00, 0x00, 0x00, 0x00, 0x01, 0xF0, 0x00, 0x1F,
    0x80, 0x00, 0xFE, 0x00, 0x07, 0xF0, 0x00, 0x7F, 0x80, 0x03, 0xDE, 0x00, 0x1C, 0xF0, 0x01, 0xE7,
    0x80, 0x0F, 0x1E, 0x00, 0x78, 0xF0, 0x07, 0x87, 0xC0, 0x3C, 0x1E, 0x03, 0xE0, 0xF0, 0x1F, 0xFF,
    0xC0, 0xFF, 0xFE, 0x0F, 0xFF, 0xF0, 0x78, 0x07, 0xC3, 0xC0, 0x1E, 0x3E, 0x00, 0xF9, 0xE0, 0x07,
    0xCF, 0x00, 0x1E, 0x00, 0xF0, 0x03, 0xE0, 0x03, 0x80, 0x1C, 0x00, 0x00, 0x1E, 0x00, 0xFC, 0x07,
    0xB8, 0x1C, 0xF0, 0x00, 0x00, 0x00, 0x03, 0xF8, 0x3F, 0xF1, 0xFF, 0xE7, 0xC7, 0xDC, 0x0F, 0x00,
    0x3C, 0x07, 0xF3, 0xFF, 0xDF, 0xFF, 0xF8, 0x3F, 0xC0, 0xFF, 0x07, 0xFE, 0x3F, 0xFF, 0xFD, 0xFE,
    0xF3, 0xF3, 0xC0, 0x0E, 0x30, 0x7D, 0xC1, 0xBF, 0x06, 0x38, 0x00, 0x00, 0x0E, 0x00, 0x7C, 0x03,
    0xF8, 0x1C, 0xF0, 0xE1, 0xC0, 0x00, 0x03, 0xF8, 0x3F, 0xF1, 0xFF, 0xE7, 0xC7, 0xDC, 0x0F, 0x00,
    0x3C, 0x07, 0xF3, 0xFF, 0xDF, 0xFF, 0xF8, 0x3F, 0xC0, 0xFF, 0x07, 0xFE, 0x3F, 0xFF, 0xFD, 0xFE,
    0xF3, 0xF3, 0xC0, 0x00, 0x30, 0x00, 0x07, 0xC0, 0x00, 0x7F, 0x00, 0x07, 0x9C, 0x00, 0x38, 0x60,
    0x00, 0x00, 0x00, 0x00, 0x00, 0x00, 0x1F, 0x00, 0x00, 0xFC, 0x00, 0x07, 0xE0, 0x00, 0x7F, 0x00,
    0x03, 0xFC, 0x00, 0x1C, 0xE0, 0x01, 0xE7, 0x80, 0x0F, 0x3C, 0x00, 0xF1, 0xE0, 0x07, 0x87, 0x80,
    0x3C, 0x3C, 0x03, 0xC1, 0xE0, 0x1F, 0xFF, 0x81, 0xFF, 0xFC, 0x0F, 0xFF, 0xE0, 0x78, 0x0F, 0x87,
    0xC0, 0x3C, 0x3C, 0x01, 0xE1, 0xE0, 0x0F, 0x9F, 0x00, 0x3C, 0xF0, 0x01, 0xE0, 0x00, 0x00, 0x00,
    0x00, 0x00, 0x00, 0xC0, 0x00, 0x0F, 0x00, 0x00, 0x78, 0x00, 0x01, 0x80, 0x00, 0x03, 0x80, 0x0F,
    0x80, 0x3F, 0x80, 0xE7, 0x83, 0x87, 0x80, 0x00, 0x00, 0x00, 0x07, 0xF0, 0x3F, 0xF8, 0xFF, 0xF9,
    0xF1, 0xF3, 0x81, 0xE0, 0x03, 0xC0, 0x1F, 0x87, 0xFF, 0x3F, 0xFE, 0xF8, 0x3D, 0xE0, 0x7B, 0xC0,
    0xF7, 0xC3, 0xEF, 0xFF, 0xCF, 0xFF, 0x87, 0xCF, 0x00, 0x00, 0x00, 0x00, 0x06, 0x00, 0x1E, 0x00,
    0x3C, 0x00, 0x30, 0x00, 0x00, 0x1C, 0x00, 0x01, 0xE0, 0x00, 0x0E, 0x00, 0x00, 0xE0, 0x00, 0x00,
    0x00, 0x01, 0x83, 0x00, 0x0E, 0x38, 0x00, 0x3F, 0x80, 0x00, 0xF8, 0x00, 0x00, 0x00, 0x00, 0x00,
    0x00, 0x01, 0xF0, 0x00, 0x1F, 0xC0, 0x00, 0xFE, 0x00, 0x07, 0xF0, 0x00, 0x7B, 0xC0, 0x03, 0xDE,
    0x00, 0x1E, 0xF0, 0x01, 0xE3, 0xC0, 0x0F, 0x1E, 0x00, 0x78, 0xF0, 0x07, 0x87, 0xC0, 0x3C, 0x1E,
    0x01, 0xE0, 0xF0, 0x1F, 0xFF, 0xC0, 0xFF, 0xFE, 0x0F, 0xFF, 0xF8, 0x78, 0x07, 0xC3, 0xC0, 0x1E,
    0x3E, 0x00, 0xF9, 0xE0, 0x03, 0xCF, 0x00, 0x1E, 0x00, 0xE0, 0x07, 0x00, 0x1C, 0x00, 0xE0, 0x00,
    0x00, 0x60, 0xC1, 0xC7, 0x03, 0xF8, 0x07, 0xC0, 0x00, 0x00, 0x00, 0x03, 0xF8, 0x3F, 0xF1, 0xFF,
    0xE7, 0xC7, 0xDC, 0x0F, 0x00, 0x3C, 0x07, 0xF3, 0xFF, 0xDF, 0xFF, 0xF8, 0x3F, 0xC0, 0xFF, 0x03,
    0xFC, 0x1F, 0xFF, 0xFD, 0xFE, 0xF3, 0xF3, 0xC0, 0x0E, 0x00, 0x3C, 0x00, 0x70, 0x00, 0xE0, 0x00,
    0x00, 0x60, 0xC1, 0xC7, 0x03, 0xF8, 0x07, 0xC0, 0x00, 0x00, 0x00, 0x03, 0xF8, 0x3F, 0xF1, 0xFF,
    0xE7, 0xC7, 0xDC, 0x0F, 0x00, 0x3C, 0x07, 0xF3, 0xFF, 0xDF, 0xFF, 0xF8, 0x3F, 0xC0, 0xFF, 0x03,
    0xFC, 0x1F, 0xFF, 0xFD, 0xFE, 0xF3, 0xF3, 0xC0, 0x0E, 0x30, 0x7C, 0xC1, 0x9F, 0x06, 0x38, 0x00,
    0x00, 0x60, 0xC1, 0xC7, 0x03, 0xF8, 0x07, 0xC0, 0x00, 0x00, 0x00, 0x03, 0xF8, 0x3F, 0xF1, 0xFF,
    0xE7, 0xC7, 0xDC, 0x0F, 0x00, 0x3C, 0x07, 0xF3, 0xFF, 0xDF, 0xFF, 0xF8, 0x3F, 0xC0, 0xFF, 0x03,
    0xFC, 0x1F, 0xFF, 0xFD, 0xFE, 0xF3, 0xF3, 0xC0, 0x18, 0x30, 0x71, 0xC0, 0xFE, 0x01, 0xF0, 0x00,
    0x00, 0x00, 0x00, 0xFE, 0x0F, 0xFC, 0x7F, 0xF9, 0xF1, 0xF7, 0x03, 0xC0, 0x0F, 0x01, 0xFC, 0xFF,
    0xF7, 0xFF, 0xFE, 0x0F, 0xF0, 0x3F, 0xC0, 0xFF, 0x07, 0xFF, 0xFF, 0x7F, 0xBC, 0xFC, 0xF0, 0x00,
    0x00, 0x00, 0x03, 0x00, 0x1E, 0x00, 0x78, 0x00, 0xC0, 0x0F, 0xE0, 0x3F, 0xE0, 0xFF, 0xE3, 0xE3,
    0xE7, 0x83, 0xDE, 0x03, 0xFF, 0xFF, 0xFF, 0xFF, 0xFF, 0xFF, 0xE0, 0x03, 0xC0, 0x07, 0xC0, 0xE7,
    0xC7, 0xC7, 0xFF, 0x87, 0xFE, 0x07, 0xF0, 0x00, 0x00, 0x00, 0x00, 0x0C, 0x00, 0x3C, 0x00, 0x78,
    0x00, 0x60, 0x00, 0x07, 0x80, 0x0F, 0x80, 0x07, 0x00, 0x1C, 0x00, 0x00, 0x00, 0x00, 0x03, 0xF8,
    0x0F, 0xF8, 0x3F, 0xF8, 0xF8, 0xF9, 0xE0, 0xF7, 0x80, 0xFF, 0xFF, 0xFF, 0xFF, 0xFF, 0xFF, 0xF8,
    0x00, 0xF0, 0x01, 0xF0, 0x39, 0xF1, 0xF1, 0xFF, 0xE1, 0xFF, 0x81, 0xFC, 0x00, 0x0F, 0xF0, 0x3F,
    0xC0, 0x00, 0x00, 0x00, 0x00, 0x00, 0x01, 0xFC, 0x07, 0xFC, 0x1F, 0xFC, 0x7C, 0x7C, 0xF0, 0x7B,
    0xC0, 0x7F, 0xFF, 0xFF, 0xFF, 0xFF, 0xFF, 0xFC, 0x00, 0x78, 0x00, 0xF8, 0x1C, 0xF8, 0xF8, 0xFF,
    0xF0, 0xFF, 0xC0, 0xFE, 0x00, 0x00, 0x1C, 0x00, 0x78, 0x00, 0xE0, 0x01, 0x80, 0x00, 0x00, 0x70,
    0x01, 0xF0, 0x07, 0x70, 0x1C, 0x70, 0x30, 0x60, 0x00, 0x00, 0x7F, 0x01, 0xFF, 0x07, 0xFF, 0x1F,
    0x1F, 0x3C, 0x1E, 0xF0, 0x1F, 0xFF, 0xFF, 0xFF, 0xFF, 0xFF, 0xFF, 0x00, 0x1E, 0x00, 0x3E, 0x07,
    0x3E, 0x3E, 0x3F, 0xFC, 0x3F, 0xF0, 0x3F, 0x80, 0x00, 0xE0, 0x03, 0xC0, 0x07, 0x00, 0x0C, 0x00,
    0x00, 0x1E, 0x00, 0xFC, 0x07, 0xF8, 0x3C, 0xF0, 0x00, 0x00, 0x00, 0x3F, 0xFF, 0xFF, 0xFF, 0xFF,
    0xFF, 0x00, 0x3C, 0x00, 0xF0, 0x03, 0xC0, 0x0F, 0x00, 0x3C, 0x00, 0xFF, 0xFB, 0xFF, 0xEF, 0xFF,
    0xBC, 0x00, 0xF0, 0x03, 0xC0, 0x0F, 0x00, 0x3C, 0x00, 0xF0, 0x03, 0xFF, 0xFF, 0xFF, 0xFF, 0xFF,
    0x00, 0xE0, 0x00, 0xE0, 0x01, 0xC0, 0x01, 0xC0, 0x00, 0x00, 0x70, 0x01, 0xF0, 0x07, 0x70, 0x1C,
    0x70, 0x30, 0x60, 0x00, 0x00, 0x7F, 0x01, 0xFF, 0x07, 0xFF, 0x1F, 0x1F, 0x3C, 0x1E, 0xF0, 0x1F,
    0xFF, 0xFF, 0xFF, 0xFF, 0xFF, 0xFF, 0x00, 0x1E, 0x00, 0x3E, 0x07, 0x3E, 0x3E, 0x3F, 0xFC, 0x3F,
    0xF0, 0x3F, 0x80, 0x00, 0xF0, 0x01, 0xF0, 0x00, 0xE0, 0x03, 0x80, 0x00, 0x00, 0xF0, 0x01, 0xF0,
    0x07, 0x70, 0x1C, 0xF0, 0x00, 0x00, 0x00, 0x00, 0x7F, 0x01, 0xFF, 0x07, 0xFF, 0x1F, 0x1F, 0x3C,
    0x1E, 0xF0, 0x1F, 0xFF, 0xFF, 0xFF, 0xFF, 0xFF, 0xFF, 0x00, 0x1E, 0x00, 0x3E, 0x07, 0x3E, 0x3E,
    0x3F, 0xFC, 0x3F, 0xF0, 0x3F, 0x80, 0x03, 0x00, 0x0F, 0x00, 0x3F, 0x80, 0xE7, 0x81, 0x87, 0x00,
    0x00, 0x00, 0x00, 0x07, 0xF0, 0x1F, 0xF0, 0x7F, 0xF1, 0xF1, 0xF3, 0xC1, 0xEF, 0x01, 0xFF, 0xFF,
    0xFF, 0xFF, 0xFF, 0xFF, 0xF0, 0x01, 0xE0, 0x03, 0xE0, 0x73, 0xE3, 0xE3, 0xFF, 0xC3, 0xFF, 0x03,
    0xF8, 0x00, 0x00, 0x00, 0x00, 0x06, 0x00, 0x1E, 0x00, 0x3C, 0x00, 0x30, 0x00, 0xFB, 0xE3, 0x8E,
    0x00, 0x07, 0x9E, 0x79, 0xE7, 0x9E, 0x79, 0xE7, 0x9E, 0x79, 0xE7, 0x9E, 0x79, 0xE0, 0x6F, 0xF6,
    0x00, 0xFF, 0xFF, 0xFF, 0xFF, 0xFF, 0xFF, 0xFF, 0xFF, 0x00, 0x6F, 0xF6, 0x03, 0xFC, 0x00, 0xFF,
    0xF0, 0x1F, 0xFF, 0x83, 0xF0, 0xFC, 0x7C, 0x03, 0xC7, 0x80, 0x1E, 0xF8, 0x01, 0xEF, 0x00, 0x1F,
    0xF0, 0x00, 0xFF, 0x00, 0x0F, 0xF0, 0x00, 0xFF, 0x00, 0x0F, 0xF0, 0x00, 0xFF, 0x00, 0x1F, 0xF8,
    0x01, 0xE7, 0x80, 0x1E, 0x7C, 0x03, 0xC3, 0xF0, 0xFC, 0x1F, 0xFF, 0x80, 0xFF, 0xF0, 0x03, 0xFC,
    0x00, 0x00, 0x00, 0x00, 0x00, 0x00, 0x06, 0x00, 0x00, 0xF0, 0x00, 0x0F, 0x00, 0x00, 0x60, 0x00,
    0x0F, 0xE0, 0x3F, 0xE0, 0xFF, 0xE3, 0xE3, 0xEF, 0x83, 0xFE, 0x03, 0xFC, 0x07, 0xF8, 0x0F, 0xF0,
    0x1F, 0xE0, 0x3F, 0xC0, 0x7F, 0xC1, 0xF7, 0xC7, 0xC7, 0xFF, 0x07, 0xFC, 0x07, 0xF0, 0x00, 0x00,
    0x00, 0x00, 0x06, 0x00, 0x1E, 0x00, 0x3C, 0x00, 0x30, 0x00, 0x07, 0x80, 0x0F, 0x80, 0x07, 0x00,
    0x0C, 0x00, 0x00, 0x00, 0x00, 0x03, 0xF8, 0x0F, 0xF8, 0x3F, 0xF8, 0xF8, 0xFB, 0xE0, 0xFF, 0x80,
    0xFF, 0x01, 0xFE, 0x03, 0xFC, 0x07, 0xF8, 0x0F, 0xF0, 0x1F, 0xF0, 0x7D, 0xF1, 0xF1, 0xFF, 0xC1,
    0xFF, 0x01, 0xFC, 0x00, 0x00, 0x03, 0x80, 0x00, 0x70, 0x00, 0x07, 0x00, 0x00, 0xE0, 0x00, 0x00,
    0x00, 0x0F, 0x00, 0x01, 0xF8, 0x00, 0x3F, 0xC0, 0x07, 0x9E, 0x00, 0x70, 0xE0, 0x00, 0x00, 0x00,
    0x3F, 0xC0, 0x0F, 0xFF, 0x01, 0xFF, 0xF8, 0x3F, 0x0F, 0xC7, 0xC0, 0x3C, 0x78, 0x01, 0xEF, 0x80,
    0x1E, 0xF0, 0x01, 0xFF, 0x00, 0x0F, 0xF0, 0x00, 0xFF, 0x00, 0x0F, 0xF0, 0x00, 0xFF, 0x00, 0x0F,
    0xF0, 0x01, 0xFF, 0x80, 0x1E, 0x78, 0x01, 0xE7, 0xC0, 0x3C, 0x3F, 0x0F, 0xC1, 0xFF, 0xF8, 0x0F,
    0xFF, 0x00, 0x3F, 0xC0, 0x00, 0x1C, 0x00, 0x38, 0x00, 0xE0, 0x01, 0x80, 0x00, 0x00, 0x70, 0x01,
    0xF0, 0x07, 0x70, 0x1C, 0x70, 0x30, 0x60, 0x00, 0x00, 0x7F, 0x01, 0xFF, 0x07, 0xFF, 0x1F, 0x1F,
    0x7C, 0x1F, 0xF0, 0x1F, 0xE0, 0x3F, 0xC0, 0x7F, 0x80, 0xFF, 0x01, 0xFE, 0x03, 0xFE, 0x0F, 0xBE,
    0x3E, 0x3F, 0xF8, 0x3F, 0xE0, 0x3F, 0x80, 0x00, 0x1C, 0x00, 0x01, 0xE0, 0x00, 0x0E, 0x00, 0x00,
    0x70, 0x00, 0x00, 0x00, 0x0F, 0x00, 0x01, 0xF8, 0x00, 0x3F, 0xC0, 0x07, 0x9E, 0x00, 0x70, 0xE0,
    0x00, 0x00, 0x00, 0x3F, 0xC0, 0x0F, 0xFF, 0x01, 0xFF, 0xF8, 0x3F, 0x0F, 0xC7, 0xC0, 0x3C, 0x78,
    0x01, 0xEF, 0x80, 0x1E, 0xF0, 0x01, 0xFF, 0x00, 0x0F, 0xF0, 0x00, 0xFF, 0x00, 0x0F, 0xF0, 0x00,
    0xFF, 0x00, 0x0F, 0xF0, 0x01, 0xFF, 0x80, 0x1E, 0x78, 0x01, 0xE7, 0xC0, 0x3C, 0x3F, 0x0F, 0xC1,
    0xFF, 0xF8, 0x0F, 0xFF, 0x00, 0x3F, 0xC0, 0x00, 0xF0, 0x00, 0xE0, 0x00, 0xC0, 0x01, 0xC0, 0x00,
    0x00, 0x70, 0x01, 0xF0, 0x07, 0x70, 0x1C, 0x70, 0x30, 0x60, 0x00, 0x00, 0x7F, 0x01, 0xFF, 0x07,
    0xFF, 0x1F, 0x1F, 0x7C, 0x1F, 0xF0, 0x1F, 0xE0, 0x3F, 0xC0, 0x7F, 0x80, 0xFF, 0x01, 0xFE, 0x03,
    0xFE, 0x0F, 0xBE, 0x3E, 0x3F, 0xF8, 0x3F, 0xE0, 0x3F, 0x80, 0x00, 0xF0, 0x01, 0xF0, 0x00, 0xE0,
    0x01, 0x80, 0x00, 0x00, 0xF0, 0x01, 0xF0, 0x07, 0x70, 0x1C, 0x70, 0x00, 0x00, 0x00, 0x00, 0x7F,
    0x01, 0xFF, 0x07, 0xFF, 0x1F, 0x1F, 0x7C, 0x1F, 0xF0, 0x1F, 0xE0, 0x3F, 0xC0, 0x7F, 0x80, 0xFF,
    0x01, 0xFE, 0x03, 0xFE, 0x0F, 0xBE, 0x3E, 0x3F, 0xF8, 0x3F, 0xE0, 0x3F, 0x80, 0x0E, 0x30, 0x3E,
    0x60, 0x77, 0xC0, 0xC7, 0x00, 0x00, 0x00, 0x70, 0x01, 0xF0, 0x07, 0x70, 0x1C, 0x70, 0x30, 0x60,
    0x00, 0x00, 0x7F, 0x01, 0xFF, 0x07, 0xFF, 0x1F, 0x1F, 0x7C, 0x1F, 0xF0, 0x1F, 0xE0, 0x3F, 0xC0,
    0x7F, 0x80, 0xFF, 0x01, 0xFE, 0x03, 0xFE, 0x0F, 0xBE, 0x3E, 0x3F, 0xF8, 0x3F, 0xE0, 0x3F, 0x80,
    0x00, 0x60, 0x00, 0x1F, 0x00, 0x03, 0xF8, 0x00, 0x79, 0xC0, 0x07, 0x0E, 0x00, 0x00, 0x00, 0x00,
    0x00, 0x00, 0x3F, 0xC0, 0x0F, 0xFF, 0x01, 0xFF, 0xF8, 0x3F, 0x0F, 0xC7, 0xC0, 0x3C, 0x78, 0x01,
    0xEF, 0x80, 0x1E, 0xF0, 0x01, 0xFF, 0x00, 0x0F, 0xF0, 0x00, 0xFF, 0x00, 0x0F, 0xF0, 0x00, 0xFF,
    0x00, 0x0F, 0xF0, 0x01, 0xFF, 0x80, 0x1E, 0x78, 0x01, 0xE7, 0xC0, 0x3C, 0x3F, 0x0F, 0xC1, 0xFF,
    0xF8, 0x0F, 0xFF, 0x00, 0x3F, 0xC0, 0x00, 0x00, 0x00, 0x00, 0x00, 0x00, 0x60, 0x00, 0x0F, 0x00,
    0x00, 0xF0, 0x00, 0x06, 0x00, 0x01, 0x80, 0x0F, 0x80, 0x3F, 0x80, 0xF3, 0x81, 0xC3, 0x00, 0x00,
    0x00, 0x00, 0x07, 0xF0, 0x1F, 0xF0, 0x7F, 0xF1, 0xF1, 0xF7, 0xC1, 0xFF, 0x01, 0xFE, 0x03, 0xFC,
    0x07, 0xF8, 0x0F, 0xF0, 0x1F, 0xE0, 0x3F, 0xE0, 0xFB, 0xE3, 0xE3, 0xFF, 0x83, 0xFE, 0x03, 0xF8,
    0x00, 0x00, 0x00, 0x00, 0x03, 0x00, 0x0F, 0x00, 0x1E, 0x00, 0x18, 0x00, 0x00, 0xE0, 0x01, 0xE0,
    0x01, 0xC7, 0x03, 0x87, 0x00, 0x07, 0x00, 0x07, 0x0F, 0xFF, 0x1F, 0xFE, 0x3F, 0xF8, 0x7C, 0x7C,
    0xF8, 0x3E, 0xF0, 0x1E, 0xF0, 0x1E, 0xF0, 0x1E, 0xF0, 0x1E, 0xF0, 0x1E, 0xF0, 0x1E, 0xF8, 0x3E,
    0x7C, 0x7C, 0x3F, 0xF8, 0x1F, 0xF0, 0x0F, 0xE0, 0x0E, 0x00, 0x0F, 0x00, 0x07, 0x07, 0x03, 0x87,
    0x00, 0x07, 0x00, 0x07, 0x0F, 0xFF, 0x1F, 0xFE, 0x3F, 0xF8, 0x7C, 0x7C, 0xF8, 0x3E, 0xF0, 0x1E,
    0xF0, 0x1E, 0xF0, 0x1E, 0xF0, 0x1E, 0xF0, 0x1E, 0xF0, 0x1E, 0xF8, 0x3E, 0x7C, 0x7C, 0x3F, 0xF8,
    0x1F, 0xF0, 0x0F, 0xE0, 0x01, 0xF0, 0x00, 0x1F, 0x00, 0x00, 0x70, 0x00, 0x07, 0x00, 0x00, 0x60,
    0xF0, 0x00, 0x0F, 0x00, 0x00, 0xF0, 0x3F, 0xFF, 0x0F, 0xFF, 0xE1, 0xFF, 0xF8, 0x3F, 0x0F, 0xC7,
    0xC0, 0x3C, 0x78, 0x01, 0xEF, 0x80, 0x1E, 0xF0, 0x01, 0xFF, 0x00, 0x0F, 0xF0, 0x00, 0xFF, 0x00,
    0x0F, 0xF0, 0x00, 0xFF, 0x00, 0x0F, 0xF0, 0x01, 0xFF, 0x80, 0x1E, 0x78, 0x01, 0xE7, 0xC0, 0x3C,
    0x3F, 0x0F, 0xC1, 0xFF, 0xF8, 0x0F, 0xFF, 0x00, 0x3F, 0xC0, 0x07, 0x80, 0x07, 0xC0, 0x01, 0xC0,
    0x03, 0x87, 0x00, 0x07, 0x00, 0x07, 0x0F, 0xFF, 0x1F, 0xFE, 0x3F, 0xF8, 0x7C, 0x7C, 0xF8, 0x3E,
    0xF0, 0x1E, 0xF0, 0x1E, 0xF0, 0x1E, 0xF0, 0x1E, 0xF0, 0x1E, 0xF0, 0x1E, 0xF8, 0x3E, 0x7C, 0x7C,
    0x3F, 0xF8, 0x1F, 0xF0, 0x0F, 0xE0, 0x0F, 0xE0, 0x0F, 0xE0, 0x00, 0x07, 0x00, 0x07, 0x00, 0x07,
    0x0F, 0xFF, 0x1F, 0xFE, 0x3F, 0xF8, 0x7C, 0x7C, 0xF8, 0x3E, 0xF0, 0x1E, 0xF0, 0x1E, 0xF0, 0x1E,
    0xF0, 0x1E, 0xF0, 0x1E, 0xF0, 0x1E, 0xF8, 0x3E, 0x7C, 0x7C, 0x3F, 0xF8, 0x1F, 0xF0, 0x0F, 0xE0,
    0x00, 0x07, 0x00, 0x07, 0x00, 0x07, 0x00, 0x07, 0x0F, 0xFF, 0x1F, 0xFE, 0x3F, 0xF8, 0x7C, 0x7C,
    0xF8, 0x3E, 0xF0, 0x1E, 0xF0, 0x1E, 0xF0, 0x1E, 0xF0, 0x1E, 0xF0, 0x1E, 0xF0, 0x1E, 0xF8, 0x3E,
    0x7C, 0x7C, 0x3F, 0xF8, 0x1F, 0xF0, 0x0F, 0xE0, 0x00, 0x00, 0x00, 0x00, 0x01, 0x80, 0x03, 0xC0,
    0x03, 0xC0, 0x01, 0x80, 0xF0, 0x3F, 0xC0, 0xFF, 0x03, 0xFC, 0x0F, 0xF0, 0x3F, 0xC0, 0xFF, 0x03,
    0xFC, 0x0F, 0xF0, 0x3F, 0xC0, 0xFF, 0x03, 0xFC, 0x0F, 0xF8, 0xFD, 0xFF, 0xF7, 0xFB, 0xC7, 0xCF,
    0x00, 0x00, 0x00, 0x00, 0x30, 0x01, 0xE0, 0x07, 0x80, 0x0C, 0x00, 0x03, 0xC0, 0x01, 0xF0, 0x00,
    0x38, 0x00, 0x18, 0x00, 0x1C, 0x00, 0x00, 0x00, 0x00, 0x01, 0xE0, 0x0F, 0xF0, 0x07, 0xF8, 0x03,
    0xFC, 0x01, 0xFE, 0x00, 0xFF, 0x00, 0x7F, 0x80, 0x3F, 0xC0, 0x1F, 0xE0, 0x0F, 0xF0, 0x07, 0xF8,
    0x03, 0xFC, 0x01, 0xFE, 0x00, 0xFF, 0x00, 0x7F, 0x80, 0x3F, 0xC0, 0x1F, 0xF0, 0x1F, 0x7C, 0x1F,
    0x1F, 0xFF, 0x07, 0xFF, 0x00, 0xFE, 0x00, 0x0F, 0x80, 0x3E, 0x00, 0x18, 0x00, 0xE0, 0x00, 0x00,
    0x00, 0x0F, 0x03, 0xFC, 0x0F, 0xF0, 0x3F, 0xC0, 0xFF, 0x03, 0xFC, 0x0F, 0xF0, 0x3F, 0xC0, 0xFF,
    0x03, 0xFC, 0x0F, 0xF0, 0x3F, 0xC0, 0xFF, 0x8F, 0xDF, 0xFF, 0x7F, 0xBC, 0x7C, 0xF0, 0x01, 0xE0,
    0x01, 0xC0, 0x03, 0x87, 0x03, 0x87, 0x00, 0x07, 0x00, 0x07, 0xF0, 0x3F, 0xF0, 0x3E, 0xF0, 0x3C,
    0xF0, 0x3C, 0xF0, 0x3C, 0xF0, 0x3C, 0xF0, 0x3C, 0xF0, 0x3C, 0xF0, 0x3C, 0xF0, 0x3C, 0xF0, 0x3C,
    0xF0, 0x3C, 0xF8, 0xFC, 0x7F, 0xFC, 0x7F, 0xBC, 0x1F, 0x3C, 0x1E, 0x00, 0x0E, 0x00, 0x0F, 0x07,
    0x07, 0x07, 0x00, 0x07, 0x00, 0x07, 0xF0, 0x3F, 0xF0, 0x3E, 0xF0, 0x3C, 0xF0, 0x3C, 0xF0, 0x3C,
    0xF0, 0x3C, 0xF0, 0x3C, 0xF0, 0x3C, 0xF0, 0x3C, 0xF0, 0x3C, 0xF0, 0x3C, 0xF0, 0x3C, 0xF8, 0xFC,
    0x7F, 0xFC, 0x7F, 0xBC, 0x1F, 0x3C, 0x0F, 0x80, 0x0F, 0x80, 0x01, 0x80, 0x03, 0x87, 0x00, 0x07,
    0x00, 0x07, 0xF0, 0x3F, 0xF0, 0x3E, 0xF0, 0x3C, 0xF0, 0x3C, 0xF0, 0x3C, 0xF0, 0x3C, 0xF0, 0x3C,
    0xF0, 0x3C, 0xF0, 0x3C, 0xF0, 0x3C, 0xF0, 0x3C, 0xF0, 0x3C, 0xF8, 0xFC, 0x7F, 0xFC, 0x7F, 0xBC,
    0x1F, 0x3C, 0x1F, 0xF0, 0x3F, 0xE0, 0x00, 0x07, 0x00, 0x07, 0x00, 0x07, 0xF0, 0x3F, 0xF0, 0x3E,
    0xF0, 0x3C, 0xF0, 0x3C, 0xF0, 0x3C, 0xF0, 0x3C, 0xF0, 0x3C, 0xF0, 0x3C, 0xF0, 0x3C, 0xF0, 0x3C,
    0xF0, 0x3C, 0xF0, 0x3C, 0xF8, 0xFC, 0x7F, 0xFC, 0x7F, 0xBC, 0x1F, 0x3C, 0x00, 0x07, 0x00, 0x07,
    0x00, 0x07, 0x00, 0x07, 0xF0, 0x3F, 0xF0, 0x3E, 0xF0, 0x3C, 0xF0, 0x3C, 0xF0, 0x3C, 0xF0, 0x3C,
    0xF0, 0x3C, 0xF0, 0x3C, 0xF0, 0x3C, 0xF0, 0x3C, 0xF0, 0x3C, 0xF0, 0x3C, 0xF8, 0xFC, 0x7F, 0xFC,
    0x7F, 0xBC, 0x1F, 0x3C, 0x00, 0x00, 0x00, 0x00, 0x03, 0x00, 0x07, 0x80, 0x07, 0x80, 0x03, 0x00,
    0x55, 0x55, 0x55, 0x55, 0x55, 0x40, 0x04, 0x98, 0xE1, 0xC7, 0xDA, 0x84, 0x08, 0x10, 0x20, 0x40,
    0x81, 0x02, 0x04, 0x08, 0x10, 0x20, 0x40, 0x81, 0x00, 0x00, 0x0C, 0x06, 0x7E, 0x46, 0x4C, 0x40,
    0x40, 0x40, 0x40, 0x40, 0x40, 0x40, 0x40, 0x40, 0x40, 0x40, 0x40, 0x40, 0x40, 0x40, 0x40, 0x00,
    0x61, 0x87, 0xF6, 0x26, 0x40, 0x81, 0x02, 0x04, 0x08, 0x10, 0x20, 0x40, 0x81, 0x02, 0x04, 0x08,
    0x10, 0x20, 0x40, 0xFF, 0xFF, 0xFF, 0xFF, 0xFF, 0xF8, 0xFF, 0xFF, 0xFF, 0xFF, 0xFF, 0xFF, 0xFF,
    0xFF, 0xFF, 0xFF, 0xFE, 0x18, 0xE3, 0x8E, 0x79, 0xE7, 0x9C, 0xF0, 0x79, 0xE7, 0x9E, 0x71, 0xC7,
    0x38, 0xE0, 0x18, 0x73, 0x8F, 0x38, 0xE3, 0x8E, 0x78, 0xE7, 0x9E, 0x79, 0xE7, 0x1E, 0xF1, 0xE0,
    0x79, 0xE7, 0x9E, 0x79, 0xE7, 0x9E, 0x71, 0xC7, 0x1C, 0x71, 0xCE, 0x3C, 0xE3, 0x80, 0x3C, 0xF3,
    0x8F, 0x78, 0xE7, 0x9E, 0x79, 0xE7, 0x1C, 0x71, 0xC7, 0x1C, 0x71, 0xC0, 0x70, 0x38, 0x1D, 0xF0,
    0xF8, 0x7F, 0xE1, 0xF0, 0xFF, 0xC3, 0xE1, 0xF7, 0x03, 0x81, 0xC0, 0x0C, 0x1B, 0x3F, 0x80, 0x00,
    0x00, 0x00, 0x00, 0x20, 0x30, 0x18, 0x04, 0x02, 0x01, 0x00, 0x80, 0x40, 0x20, 0x10, 0x08, 0x04,
    0x02, 0x01, 0x00, 0x80, 0x40, 0x3E, 0x0F, 0x03, 0x80, 0x40, 0x00, 0x00, 0x40, 0x00, 0x10, 0x40,
    0x00, 0x30, 0x60, 0x00, 0x30, 0x70, 0x00, 0xF0, 0x7F, 0xFF, 0xFE, 0x3F, 0xFF, 0x9E, 0x0F, 0xFC,
    0x0E, 0x00, 0x00, 0x00, 0x00, 0x00, 0x00, 0x00, 0xCC, 0x00, 0x01, 0xCC, 0x00, 0x00, 0xF0, 0x00,
    0x00, 0x30, 0x00, 0x00, 0x30, 0x00, 0x00, 0x00, 0x00, 0x00, 0x00, 0x40, 0x30, 0x0E, 0x03, 0x80,
    0xE0, 0x18, 0x06, 0x01, 0xBF, 0xCF, 0xF3, 0xE0, 0x00, 0x00, 0x01, 0x18, 0xEE, 0x15, 0x03, 0x80,
    0x60, 0x00, 0x00, 0x00, 0x20, 0x0C, 0x03, 0x81, 0xFD, 0xFF, 0xFE, 0x38, 0x00, 0x00, 0x03, 0x30,
    0xE6, 0x0F, 0x00, 0x60, 0x0C, 0x00, 0x00, 0x08, 0x00, 0x0F, 0xE0, 0x01, 0xFF, 0xC0, 0x21, 0xFF,
    0x80, 0x07, 0xF0, 0x03, 0xFC, 0x01, 0xE6, 0x00, 0x70, 0x40, 0x18, 0x0F, 0xC2, 0x00, 0xFC, 0xC8,
    0xCF, 0x93, 0xB8, 0x02, 0x3A, 0x00, 0x43, 0x80, 0x0C, 0x30, 0x01, 0x80, 0x00, 0x1C, 0x0F, 0x03,
    0xFF, 0xC0, 0x3F, 0xE0, 0x00, 0x40, 0x00, 0x0F, 0x00, 0x03, 0xF8, 0x00, 0xFF, 0x80, 0x00, 0x3C,
    0x00, 0x03, 0xFC, 0x00, 0x3F, 0x80, 0x3F, 0x67, 0xFF, 0x00, 0xFF, 0x80, 0x1F, 0xC0, 0x00, 0x00,
    0x00, 0x00, 0x26, 0x00, 0x0C, 0xE0, 0x01, 0x98, 0x00, 0x0C, 0x00, 0x01, 0x80, 0x00, 0x00, 0x00,
    0x0F, 0x00, 0x01, 0xFC, 0x00, 0x3F, 0xF0, 0x00, 0x07, 0xC0, 0x00, 0x3F, 0xC0, 0x03, 0xF8, 0x00,
    0xFE, 0x0F, 0xFE, 0x7F, 0xFF, 0x83, 0xFF, 0xE0, 0x1F, 0x00, 0x00, 0x00, 0x08, 0xC0, 0x01, 0xDC,
    0x00, 0x0C, 0xC0, 0x00, 0x30, 0x00, 0x03, 0x00, 0x00, 0x00, 0x00, 0x00, 0x00, 0x0C, 0x00, 0x38,
    0x00, 0x50, 0x0C, 0xE0, 0x33, 0x00, 0x00, 0x00, 0x00, 0x00, 0x80, 0x06, 0x00, 0x1C, 0x00, 0x70,
    0x00, 0xC0, 0x03, 0x80, 0x06, 0x00, 0x1E, 0x00, 0x3C, 0x01, 0xF0, 0x06, 0x00, 0x30, 0x01, 0xC1,
    0xFE, 0x07, 0xF0, 0x0F, 0x80, 0x00, 0x00, 0x00, 0x00, 0x00, 0xC0, 0x00, 0x0F, 0x00, 0x01, 0xFC,
    0x00, 0x1F, 0xC0, 0x01, 0xF8, 0x00, 0x0F, 0x80, 0x00, 0x30, 0x00, 0x00, 0xE0, 0x00, 0x01, 0xE0,
    0x00, 0x03, 0xE0, 0x00, 0x03, 0xC0, 0x00, 0x03, 0x80, 0x00, 0x06, 0x04, 0x00, 0x0C, 0x10, 0x00,
    0x30, 0x60, 0x01, 0xC1, 0xFF, 0xFF, 0xE3, 0xFF, 0xF7, 0xC7, 0xFF, 0x07, 0x00, 0x00, 0x03, 0x00,
    0xF0, 0x7E, 0x1F, 0x87, 0xE0, 0xF8, 0x0C, 0x00, 0xF0, 0x0F, 0xC0, 0x7E, 0x00, 0xF0, 0x03, 0x80,
    0x1C, 0x00, 0xC0, 0x0C, 0x01, 0xCF, 0xF8, 0xFF, 0x0F, 0xC0, 0x00, 0x00, 0x00, 0xE0, 0x0F, 0x80,
    0xFC, 0x1F, 0xC0, 0xF8, 0x07, 0x80, 0x38, 0x00, 0x70, 0x00, 0xF0, 0x01, 0xE0, 0x01, 0xC0, 0x03,
    0x80, 0x07, 0x00, 0x0C, 0x00, 0x10, 0x01, 0xC3, 0xFF, 0xFF, 0xF3, 0xFF, 0x07, 0x00, 0x00, 0x30,
    0x00, 0x03, 0xC0, 0x00, 0x3C, 0x00, 0x03, 0xCC, 0x00, 0x3C, 0xF0, 0x03, 0xDF, 0xC0, 0x0D, 0xFC,
    0x00, 0x1F, 0x80, 0x00, 0xF8, 0x00, 0x03, 0x00, 0x00, 0x0E, 0x00, 0x00, 0x1E, 0x00, 0x00, 0x3E,
    0x00, 0x00, 0x3C, 0x00, 0x00, 0x38, 0x00, 0x00, 0x60, 0x40, 0x00, 0xC1, 0x00, 0x03, 0x06, 0x00,
    0x1C, 0x1F, 0xFF, 0xFE, 0x3F, 0xFF, 0x7C, 0x7F, 0xF0, 0x70, 0x00, 0x10, 0x03, 0x80, 0x78, 0x0F,
    0x31, 0xE7, 0xB9, 0xF9, 0x3F, 0x07, 0xE0, 0x7C, 0x03, 0x00, 0x1E, 0x00, 0xFC, 0x03, 0xF0, 0x03,
    0xC0, 0x07, 0x00, 0x1C, 0x00, 0x60, 0x03, 0x00, 0x38, 0xFF, 0x87, 0xF8, 0x3F, 0x00, 0x00, 0x00,
    0x00, 0xC0, 0x0F, 0x00, 0xF8, 0x0F, 0x38, 0xF3, 0xE7, 0x3F, 0x17, 0xF0, 0x3E, 0x01, 0xE0, 0x0E,
    0x00, 0x1C, 0x00, 0x3C, 0x00, 0x78, 0x00, 0x70, 0x00, 0xE0, 0x01, 0xC0, 0x03, 0x00, 0x04, 0x00,
    0x70, 0xFF, 0xFF, 0xFC, 0xFF, 0xC1, 0xC0, 0x00, 0x0F, 0xE8, 0x03, 0xFD, 0x00, 0x7F, 0xA0, 0x07,
    0x84, 0x00, 0x38, 0xC0, 0x01, 0x18, 0x00, 0x63, 0xC0, 0x78, 0x3F, 0xFE, 0x03, 0xFF, 0x00, 0x0C,
    0x00, 0x00, 0x00, 0x00, 0x40, 0x30, 0x0E, 0x03, 0x80, 0xE0, 0x18, 0x06, 0x01, 0xBF, 0xCF, 0xF3,
    0xE0, 0x00, 0x00, 0x01, 0x18, 0xEE, 0x39, 0x84, 0x00, 0x00, 0x00, 0x20, 0x0C, 0x03, 0x81, 0xFD,
    0xFF, 0xFE, 0x38, 0x00, 0x00, 0x02, 0x30, 0xEF, 0x1C, 0xC1, 0x00, 0x20, 0x1F, 0xCD, 0xE0, 0x00,
    0x00, 0x02, 0x01, 0x80, 0x60, 0x08, 0x02, 0x00, 0x80, 0x20, 0x08, 0x02, 0x00, 0x80, 0x20, 0x08,
    0x02, 0x00, 0x80, 0x20, 0x08, 0x03, 0xE0, 0x78, 0x0E, 0x61, 0xA3, 0x03, 0x8E, 0x10, 0x00, 0x10,
    0x60, 0xC0, 0x81, 0x02, 0x04, 0x08, 0x10, 0x20, 0x40, 0x81, 0x02, 0x04, 0x08, 0x1E, 0x1E, 0x1C,
    0x03, 0x00, 0x1E, 0x00, 0xC0, 0x03, 0x00, 0x07, 0x80, 0x3E, 0x00, 0xC0, 0x01, 0xC0, 0x0F, 0x80,
    0x3F, 0x01, 0x8E, 0x04, 0x18, 0x10, 0x20, 0x60, 0x81, 0xFF, 0x87, 0xFE, 0x07, 0xF8, 0x01, 0x80,
    0x06, 0x00, 0x30, 0xFF, 0x81, 0xFE, 0x01, 0xE0, 0x00, 0x00, 0x83, 0x06, 0x04, 0x08, 0x10, 0x20,
    0x40, 0x81, 0x02, 0x04, 0x08, 0x10, 0x20, 0x40, 0xF8, 0xF0, 0xE3, 0x0F, 0x10, 0x3C, 0x78, 0x80,
    0x30, 0x00, 0x0E, 0x00, 0x01, 0x00, 0x00, 0x3C, 0x00, 0x07, 0x00, 0x00, 0x00, 0x1F, 0xD0, 0x07,
    0xFA, 0x00, 0xFF, 0x40, 0x0F, 0x08, 0x00, 0x71, 0x80, 0x02, 0x30, 0x00, 0xC7, 0x80, 0xF0, 0x7F,
    0xFC, 0x07, 0xFE, 0x00, 0x18, 0x00, 0x1C, 0x68, 0x81, 0xE3, 0x84, 0x01, 0x06, 0x0C, 0x1C, 0x38,
    0x30, 0x60, 0xFF, 0x7E, 0xF0, 0x0E, 0x0D, 0x04, 0x03, 0xC1, 0xE0, 0x80, 0x00, 0x0C, 0x06, 0x06,
    0x03, 0x07, 0xEF, 0xFF, 0x1C, 0x00, 0x83, 0x06, 0x04, 0x08, 0x10, 0x20, 0x40, 0x81, 0x02, 0x04,
    0x08, 0x10, 0x20, 0x40, 0xF8, 0xF0, 0xE0, 0x40, 0x00, 0x00, 0x40, 0x00, 0x10, 0x40, 0x00, 0x30,
    0x60, 0x00, 0x30, 0x70, 0x00, 0xF0, 0x7F, 0xFF, 0xFE, 0x3F, 0xFF, 0x9E, 0x0F, 0xFC, 0x0E, 0x00,
    0x00, 0x00, 0x00, 0x00, 0x00, 0x00, 0x20, 0x00, 0x00, 0x70, 0x00, 0x00, 0x70, 0x00, 0x00, 0x20,
    0x00, 0x00, 0x00, 0x00, 0x00, 0x08, 0x30, 0x70, 0xE1, 0xC1, 0x83, 0x07, 0xFB, 0xF7, 0x80, 0x00,
    0x02, 0x0E, 0x1C, 0x10, 0x00, 0x00, 0x02, 0x03, 0x03, 0x83, 0xF7, 0xFF, 0x8E, 0x00, 0x00, 0x04,
    0x07, 0x03, 0x80, 0x80, 0x00, 0x00, 0x02, 0x30, 0x77, 0x07, 0x30, 0x20, 0x00, 0x00, 0x03, 0x00,
    0x30, 0x07, 0x01, 0xF0, 0x3B, 0x06, 0x30, 0xC3, 0x0C, 0x10, 0xFF, 0x07, 0xFE, 0x1D, 0xF0, 0x07,
    0x00, 0x00, 0x00, 0x01, 0x18, 0x00, 0x03, 0xB8, 0x00, 0x03, 0xB8, 0x00, 0x01, 0x00, 0x00, 0x00,
    0x00, 0x00, 0x40, 0x00, 0x00, 0x40, 0x00, 0x10, 0x40, 0x00, 0x30, 0x60, 0x00, 0x30, 0x70, 0x00,
    0xF0, 0x7F, 0xFF, 0xFE, 0x3F, 0xFF, 0x9E, 0x0F, 0xFC, 0x0E, 0x02, 0x33, 0xBD, 0xCC, 0x40, 0x00,
    0x00, 0x10, 0x18, 0x0E, 0x07, 0x03, 0x80, 0xC0, 0x60, 0x33, 0xF1, 0xF8, 0xF0, 0x00, 0x01, 0x03,
    0x70, 0xEE, 0x0C, 0x80, 0x00, 0x00, 0x00, 0x00, 0x08, 0x03, 0x00, 0xE0, 0x7F, 0x7F, 0xFF, 0x8E,
    0x00, 0x40, 0x00, 0x00, 0xE0, 0x00, 0x00, 0x60, 0x00, 0x01, 0x98, 0x00, 0x03, 0xB8, 0x00, 0x01,
    0x00, 0x00, 0x00, 0x00, 0x00, 0x40, 0x00, 0x00, 0x40, 0x00, 0x10, 0x40, 0x00, 0x30, 0x60, 0x00,
    0x30, 0x70, 0x00, 0xF0, 0x7F, 0xFF, 0xFE, 0x3F, 0xFF, 0x9E, 0x0F, 0xFC, 0x0E, 0x00, 0x04, 0x07,
    0x05, 0x67, 0x73, 0x10, 0x00, 0x00, 0x04, 0x06, 0x03, 0x81, 0xC0, 0xE0, 0x30, 0x18, 0x0C, 0xFC,
    0x7E, 0x3C, 0x00, 0x00, 0x00, 0xC0, 0x18, 0x0C, 0xC3, 0xB8, 0x33, 0x00, 0x00, 0x00, 0x00, 0x00,
    0x20, 0x0C, 0x03, 0x81, 0xFD, 0xFF, 0xFE, 0x38, 0x08, 0x00, 0x0F, 0xE0, 0x01, 0xFF, 0xC0, 0x21,
    0xFF, 0x80, 0x07, 0xF0, 0x03, 0xFC, 0x01, 0xE6, 0x00, 0x70, 0x40, 0x18, 0x0F, 0xC2, 0x00, 0xFC,
    0xC2, 0x0F, 0x90, 0xE0, 0x02, 0x1C, 0x00, 0x41, 0x00, 0x0C, 0x00, 0x01, 0x80, 0x00, 0x1C, 0x0F,
    0x03, 0xFF, 0xC0, 0x3F, 0xE0, 0x00, 0x40, 0x00, 0x0F, 0x00, 0x03, 0xF8, 0x00, 0xFF, 0x80, 0x00,
    0x3C, 0x00, 0x03, 0xFC, 0x00, 0x3F, 0x80, 0x3F, 0x67, 0xFF, 0x00, 0xFF, 0x80, 0x1F, 0xC0, 0x00,
    0x00, 0x00, 0x00, 0x00, 0x00, 0x03, 0x00, 0x00, 0xF0, 0x00, 0x0C, 0x00, 0x00, 0x00, 0x0F, 0x00,
    0x01, 0xFC, 0x00, 0x3F, 0xF0, 0x00, 0x07, 0xC0, 0x00, 0x3F, 0xC0, 0x03, 0xF8, 0x00, 0xFE, 0x0F,
    0xFE, 0x7F, 0xFF, 0x83, 0xFF, 0xE0, 0x1F, 0x00, 0x00, 0x00, 0x02, 0x00, 0x00, 0x70, 0x00, 0x07,
    0x00, 0x00, 0x30, 0x00, 0x00, 0x00, 0x08, 0x00, 0x0F, 0xE0, 0x01, 0xFF, 0xC0, 0x21, 0xFF, 0x80,
    0x07, 0xF0, 0x03, 0xFC, 0x01, 0xE6, 0x00, 0x70, 0x40, 0x18, 0x0F, 0xC2, 0x00, 0xFC, 0xC0, 0x0F,
    0x90, 0x00, 0x02, 0x00, 0x00, 0x40, 0x00, 0x0C, 0x00, 0x01, 0x80, 0x00, 0x1C, 0x0F, 0x03, 0xFF,
    0xC0, 0x3F, 0xE0, 0x00, 0x40, 0x00, 0x0F, 0x00, 0x03, 0xF8, 0x00, 0xFF, 0x80, 0x00, 0x3C, 0x00,
    0x03, 0xFC, 0x00, 0x3F, 0x80, 0x3F, 0x67, 0xFF, 0x00, 0xFF, 0x80, 0x1F, 0xC0, 0x00, 0x0F, 0x00,
    0x01, 0xFC, 0x00, 0x3F, 0xF0, 0x00, 0x07, 0xC0, 0x00, 0x3F, 0xC0, 0x03, 0xF8, 0x00, 0xFE, 0x0F,
    0xFE, 0x7F, 0xFF, 0x83, 0xFF, 0xE0, 0x1F, 0x00, 0x00, 0x00, 0x10, 0x00, 0x07, 0x00, 0x00, 0xE0,
    0x00, 0x0C, 0x00, 0x00, 0x00, 0x02, 0x00, 0x03, 0xF8, 0x00, 0x7F, 0xF0, 0x08, 0x7F, 0xE0, 0x01,
    0xFC, 0x00, 0xFF, 0x00, 0x79, 0x80, 0x1C, 0x10, 0x06, 0x03, 0xF0, 0x80, 0x3F, 0x30, 0x03, 0xE4,
    0x00, 0x00, 0x80, 0x00, 0x10, 0x00, 0x03, 0x00, 0x00, 0x60, 0x00, 0x07, 0x03, 0xC0, 0xFF, 0xF0,
    0x0F, 0xF8, 0x00, 0x10, 0x00, 0x00, 0x00, 0x00, 0x18, 0x00, 0x07, 0x80, 0x00, 0x60, 0x00, 0x00,
    0x00, 0x00, 0x00, 0x00, 0x00, 0x00, 0x78, 0x00, 0x1F, 0xC0, 0x07, 0xFC, 0x00, 0x01, 0xE0, 0x00,
    0x1F, 0xE0, 0x01, 0xFC, 0x01, 0xFB, 0x3F, 0xF8, 0x07, 0xFC, 0x00, 0xFE, 0x00, 0x00, 0x00, 0x00,
    0x00, 0x0C, 0x00, 0x01, 0xE0, 0x00, 0x1C, 0x00, 0x00, 0x00, 0x00, 0x00, 0x00, 0x00, 0x00, 0x00,
    0xF0, 0x00, 0x1F, 0xC0, 0x03, 0xFF, 0x00, 0x00, 0x7C, 0x00, 0x03, 0xFC, 0x00, 0x3F, 0x80, 0x0F,
    0xE0, 0xFF, 0xE7, 0xFF, 0xF8, 0x3F, 0xFE, 0x01, 0xF0, 0x02, 0x00, 0x18, 0x00, 0xC0, 0x06, 0x00,
    0x38, 0x00, 0xC0, 0x06, 0x00, 0x38, 0x00, 0xE7, 0xFF, 0xFF, 0xFE, 0xFC, 0x70, 0x00, 0x00, 0x70,
    0x03, 0x80, 0x18, 0x00, 0x00, 0x00, 0x00, 0x08, 0x00, 0x60, 0x03, 0x00, 0x18, 0x00, 0xE0, 0x03,
    0x00, 0x18, 0x00, 0xE0, 0x03, 0x9F, 0xFF, 0xFF, 0xFB, 0xF1, 0xC0, 0x00, 0x00, 0x02, 0x00, 0x18,
    0x00, 0x70, 0x01, 0xC0, 0x03, 0x00, 0x0E, 0x00, 0x18, 0x00, 0x78, 0x00, 0xF0, 0x07, 0xC0, 0x18,
    0x00, 0xC0, 0x07, 0x07, 0xF8, 0x1F, 0xC0, 0x3E, 0x00, 0x00, 0x00, 0x0C, 0x00, 0x78, 0x00, 0xC0,
    0x00, 0x00, 0x00, 0x00, 0x08, 0x00, 0x60, 0x01, 0xC0, 0x07, 0x00, 0x0C, 0x00, 0x38, 0x00, 0x60,
    0x01, 0xE0, 0x03, 0xC0, 0x1F, 0x00, 0x60, 0x03, 0x00, 0x1C, 0x1F, 0xE0, 0x7F, 0x00, 0xF8, 0x00,
    0x00, 0x00, 0x08, 0x40, 0x00, 0x00, 0xC6, 0x00, 0x02, 0x06, 0x30, 0x00, 0x38, 0x31, 0x80, 0x01,
    0xC3, 0x18, 0x00, 0x0E, 0x3C, 0xF1, 0x00, 0x3F, 0xFF, 0xE8, 0x01, 0xFF, 0xE7, 0x40, 0x04, 0x00,
    0x02, 0x00, 0x20, 0x00, 0x10, 0x03, 0x00, 0x00, 0xC0, 0x30, 0x00, 0x07, 0x07, 0x80, 0x00, 0x1F,
    0xF8, 0x00, 0x00, 0x7F, 0x00, 0x00, 0x00, 0x80, 0x00, 0x00, 0x00, 0x00, 0x00, 0x00, 0x20, 0x00,
    0x18, 0x00, 0x07, 0x00, 0x19, 0xC0, 0x0C, 0x70, 0xC3, 0x0C, 0x60, 0xC3, 0xFF, 0xFF, 0xFF, 0xFF,
    0xFE, 0xFC, 0xF8, 0x00, 0x00, 0x00, 0x01, 0x0C, 0x00, 0x31, 0x80, 0xC3, 0x18, 0x18, 0x31, 0x87,
    0x87, 0x3C, 0xFF, 0xFF, 0xFE, 0xFF, 0xE7, 0x00, 0x00, 0x00, 0x00, 0x00, 0x00, 0x80, 0x00, 0x00,
    0x0E, 0x00, 0x00, 0x00, 0x28, 0x00, 0x00, 0x0E, 0xE0, 0x00, 0x00, 0x73, 0x00, 0x00, 0x01, 0x00,
    0x00, 0x00, 0x00, 0x00, 0x00, 0x00, 0x08, 0x40, 0x00, 0x00, 0xC6, 0x00, 0x02, 0x06, 0x30, 0x00,
    0x38, 0x31, 0x80, 0x01, 0xC3, 0x18, 0x00, 0x0E, 0x3C, 0xF1, 0x00, 0x3F, 0xFF, 0xE8, 0x01, 0xFF,
    0xE7, 0x40, 0x04, 0x00, 0x02, 0x00, 0x20, 0x00, 0x10, 0x03, 0x00, 0x00, 0xC0, 0x30, 0x00, 0x07,
    0x07, 0x80, 0x00, 0x1F, 0xF8, 0x00, 0x00, 0x7F, 0x00, 0x00, 0x00, 0x80, 0x00, 0x00, 0x00, 0x00,
    0x00, 0x08, 0x00, 0x07, 0x00, 0x00, 0xF0, 0x00, 0xDC, 0x00, 0x73, 0x00, 0x08, 0x08, 0x00, 0x06,
    0x00, 0x01, 0xC0, 0x06, 0x70, 0x03, 0x1C, 0x30, 0xC3, 0x18, 0x30, 0xFF, 0xFF, 0xFF, 0xFF, 0xFF,
    0xBF, 0x3E, 0x00, 0x00, 0x00, 0x02, 0x00, 0x00, 0x70, 0x00, 0x02, 0x80, 0x01, 0xDC, 0x00, 0x1C,
    0xC0, 0x00, 0x80, 0x00, 0x00, 0x00, 0x00, 0x00, 0x00, 0x01, 0x0C, 0x00, 0x31, 0x80, 0xC3, 0x18,
    0x18, 0x31, 0x87, 0x87, 0x3C, 0xFF, 0xFF, 0xFE, 0xFF, 0xE7, 0x00, 0x00, 0x00, 0x00, 0x00, 0x00,
    0x07, 0xE0, 0x00, 0x00, 0x1F, 0xF0, 0x00, 0x00, 0x3C, 0x78, 0x00, 0x00, 0x70, 0x38, 0x00, 0x08,
    0xE0, 0x18, 0x00, 0x1D, 0xC0, 0x18, 0x00, 0x1F, 0x80, 0x70, 0x00, 0x1F, 0xFF, 0xFE, 0x40, 0x0F,
    0xFF, 0xDE, 0x40, 0x0F, 0xFF, 0x0E, 0x40, 0x04, 0x00, 0x00, 0x40, 0x04, 0x00, 0x00, 0x60, 0x0C,
    0x00, 0x00, 0x60, 0x18, 0x00, 0x00, 0x70, 0x78, 0x00, 0x00, 0x3F, 0xF0, 0x00, 0x00, 0x1F, 0xC0,
    0x00, 0x00, 0x04, 0x00, 0x00, 0x00, 0x00, 0x00, 0x00, 0x00, 0x3E, 0x00, 0x07, 0xFC, 0x00, 0x78,
    0xF0, 0x07, 0x03, 0x86, 0x70, 0x0C, 0x27, 0x00, 0x63, 0xF0, 0x0E, 0xFF, 0xFF, 0xE7, 0xFF, 0xFE,
    0x38, 0x7F, 0xC0, 0x00, 0x00, 0x00, 0x00, 0x07, 0xC0, 0x00, 0x1F, 0xF0, 0x00, 0x3C, 0x78, 0x00,
    0x70, 0x38, 0x0C, 0xE0, 0x18, 0x09, 0xC0, 0x18, 0x1F, 0x80, 0x70, 0xFF, 0xFF, 0xFE, 0xFF, 0xFF,
    0xDF, 0xE1, 0xFF, 0x0F, 0x00, 0x00, 0x00, 0x00, 0x00, 0x00, 0x18, 0x00, 0x00, 0x00, 0x3C, 0x00,
    0x00, 0x00, 0x38, 0x00, 0x00, 0x00, 0x10, 0x00, 0x00, 0x00, 0x00, 0x00, 0x00, 0x00, 0x00, 0x00,
    0x00, 0x00, 0x00, 0x00, 0x00, 0x00, 0x07, 0xE0, 0x00, 0x00, 0x1F, 0xF0, 0x00, 0x00, 0x3C, 0x78,
    0x00, 0x00, 0x70, 0x38, 0x00, 0x08, 0xE0, 0x18, 0x00, 0x1D, 0xC0, 0x18, 0x00, 0x1F, 0x80, 0x70,
    0x00, 0x1F, 0xFF, 0xFE, 0x40, 0x0F, 0xFF, 0xDE, 0x40, 0x0F, 0xFF, 0x0E, 0x40, 0x04, 0x00, 0x00,
    0x40, 0x04, 0x00, 0x00, 0x60, 0x0C, 0x00, 0x00, 0x60, 0x18, 0x00, 0x00, 0x70, 0x78, 0x00, 0x00,
    0x3F, 0xF0, 0x00, 0x00, 0x1F, 0xC0, 0x00, 0x00, 0x04, 0x00, 0x00, 0x00, 0x00, 0x00, 0x00, 0x00,
    0x80, 0x00, 0x0E, 0x00, 0x00, 0x70, 0x00, 0x01, 0x00, 0x00, 0x00, 0x00, 0x00, 0x00, 0x00, 0x00,
    0x00, 0x00, 0x07, 0xC0, 0x00, 0xFF, 0x80, 0x0F, 0x1E, 0x00, 0xE0, 0x70, 0xCE, 0x01, 0x84, 0xE0,
    0x0C, 0x7E, 0x01, 0xDF, 0xFF, 0xFC, 0xFF, 0xFF, 0xC7, 0x0F, 0xF8, 0x00, 0x00, 0x00, 0x00, 0x00,
    0x10, 0x00, 0x00, 0x38, 0x00, 0x00, 0x38, 0x00, 0x00, 0x10, 0x00, 0x00, 0x00, 0x00, 0x00, 0x00,
    0x00, 0x00, 0x00, 0x00, 0x00, 0x07, 0xC0, 0x00, 0x1F, 0xF0, 0x00, 0x3C, 0x78, 0x00, 0x70, 0x38,
    0x0C, 0xE0, 0x18, 0x09, 0xC0, 0x18, 0x1F, 0x80, 0x70, 0xFF, 0xFF, 0xFE, 0xFF, 0xFF, 0xDF, 0xE1,
    0xFF, 0x0F, 0x02, 0x00, 0x00, 0x0C, 0x00, 0x00, 0x1C, 0x00, 0x00, 0x38, 0x00, 0x00, 0x60, 0x00,
    0x00, 0xC0, 0x00, 0x01, 0xC0, 0x00, 0x03, 0x80, 0x00, 0x03, 0x00, 0x00, 0x06, 0x04, 0x00, 0x0C,
    0x3E, 0x00, 0x19, 0xFF, 0x00, 0x37, 0x8F, 0x00, 0x7C, 0x0E, 0x00, 0x70, 0x0C, 0x01, 0xC0, 0x18,
    0x43, 0x00, 0xE0, 0xFF, 0xFF, 0xF8, 0xFF, 0xFE, 0xF8, 0x7F, 0xF0, 0xF0, 0x18, 0x00, 0x06, 0x00,
    0x03, 0x80, 0x00, 0xE0, 0x00, 0x18, 0x00, 0x06, 0x00, 0x01, 0x80, 0x00, 0x60, 0x00, 0x18, 0x00,
    0x06, 0x07, 0x81, 0xC7, 0xF0, 0x33, 0xFE, 0x0D, 0xC1, 0xC3, 0xC0, 0x30, 0xE0, 0x0C, 0x30, 0x07,
    0x18, 0x0F, 0xBF, 0xFF, 0x8F, 0xFF, 0x83, 0xFE, 0x00, 0x08, 0x00, 0x03, 0x00, 0x00, 0xE0, 0x00,
    0x1E, 0x00, 0x01, 0x80, 0x00, 0x30, 0x00, 0x06, 0x00, 0x00, 0xC0, 0x00, 0x18, 0x00, 0x03, 0x03,
    0xC0, 0x31, 0xFC, 0x06, 0x7F, 0xC0, 0xDC, 0x1C, 0x1E, 0x01, 0x83, 0x80, 0x30, 0x60, 0x0C, 0x18,
    0x07, 0x9F, 0xFF, 0xFF, 0xFF, 0xE7, 0xFF, 0xC0, 0x70, 0x02, 0x00, 0x00, 0x0C, 0x00, 0x00, 0x1C,
    0x00, 0x00, 0x38, 0x30, 0x00, 0x60, 0x70, 0x00, 0xC1, 0xE0, 0x01, 0xC0, 0x80, 0x03, 0x80, 0x00,
    0x03, 0x00, 0x00, 0x06, 0x04, 0x00, 0x0C, 0x3E, 0x00, 0x19, 0xFF, 0x00, 0x37, 0x8F, 0x00, 0x7C,
    0x0E, 0x00, 0x70, 0x0C, 0x01, 0xC0, 0x18, 0x43, 0x00, 0xE0, 0xFF, 0xFF, 0xF8, 0xFF, 0xFE, 0xF8,
    0x7F, 0xF0, 0xF0, 0x18, 0x00, 0x06, 0x00, 0x03, 0x80, 0x00, 0xE0, 0x60, 0x18, 0x3C, 0x06, 0x06,
    0x01, 0x80, 0x00, 0x60, 0x00, 0x18, 0x00, 0x06, 0x07, 0x81, 0xC7, 0xF0, 0x33, 0xFE, 0x0D, 0xC1,
    0xC3, 0xC0, 0x30, 0xE0, 0x0C, 0x30, 0x07, 0x18, 0x0F, 0xBF, 0xFF, 0x8F, 0xFF, 0x83, 0xFE, 0x00,
    0x08, 0x00, 0x03, 0x00, 0x00, 0xE0, 0x00, 0x1E, 0x0E, 0x01, 0x83, 0xC0, 0x30, 0x30, 0x06, 0x00,
    0x00, 0xC0, 0x00, 0x18, 0x00, 0x03, 0x03, 0xC0, 0x31, 0xFC, 0x06, 0x7F, 0xC0, 0xDC, 0x1C, 0x1E,
    0x01, 0x83, 0x80, 0x30, 0x60, 0x0C, 0x18, 0x07, 0x9F, 0xFF, 0xFF, 0xFF, 0xE7, 0xFF, 0xC0, 0x70,
    0x1F, 0x80, 0x7F, 0x81, 0xFF, 0x83, 0x83, 0x03, 0x86, 0x03, 0x1C, 0x03, 0x70, 0x03, 0xC0, 0x07,
    0xF0, 0x1F, 0xF0, 0x63, 0xE1, 0x80, 0x02, 0x00, 0x04, 0x00, 0x08, 0x00, 0x18, 0x00, 0x38, 0x0C,
    0x3F, 0xF8, 0x3F, 0xC0, 0x04, 0x00, 0x07, 0x80, 0x3F, 0x01, 0xFE, 0x0C, 0x00, 0x30, 0x00, 0xE0,
    0x03, 0x80, 0x07, 0x8F, 0xFF, 0xFF, 0xFF, 0xCF, 0xE0, 0x00, 0x0F, 0x81, 0xFE, 0x1F, 0xF8, 0xE0,
    0xC3, 0x86, 0x0E, 0x70, 0x3F, 0x00, 0xF0, 0xFF, 0xFF, 0xFF, 0xFC, 0x1E, 0x02, 0x00, 0x0E, 0x00,
    0x3C, 0x00, 0x30, 0x00, 0x00, 0x00, 0x00, 0x07, 0xE0, 0x1F, 0xE0, 0x7F, 0xE0, 0xE0, 0xC0, 0xE1,
    0x80, 0xC7, 0x00, 0xDC, 0x00, 0xF0, 0x01, 0xFC, 0x07, 0xFC, 0x18, 0xF8, 0x60, 0x00, 0x80, 0x01,
    0x00, 0x02, 0x00, 0x06, 0x00, 0x0E, 0x03, 0x0F, 0xFE, 0x0F, 0xF0, 0x01, 0x00, 0x02, 0x00, 0x1C,
    0x00, 0x70, 0x00, 0x80, 0x00, 0x00, 0x00, 0x00, 0x78, 0x03, 0xF0, 0x1F, 0xE0, 0xC0, 0x03, 0x00,
    0x0E, 0x00, 0x38, 0x00, 0x78, 0xFF, 0xFF, 0xFF, 0xFC, 0xFE, 0x00, 0x02, 0x00, 0x38, 0x03, 0xC0,
    0x04, 0x00, 0x00, 0x00, 0x00, 0x3E, 0x07, 0xF8, 0x7F, 0xE3, 0x83, 0x0E, 0x18, 0x39, 0xC0, 0xFC,
    0x03, 0xC3, 0xFF, 0xFF, 0xFF, 0xF0, 0x78, 0x00, 0x00, 0x40, 0x00, 0x00, 0xE0, 0x00, 0x01, 0xE0,
    0x00, 0x00, 0xC0, 0x00, 0x00, 0x00, 0x00, 0x00, 0x00, 0x00, 0x01, 0xF0, 0x00, 0x03, 0xF0, 0x00,
    0x07, 0xB8, 0x40, 0x06, 0x18, 0x40, 0x06, 0x18, 0x40, 0x04, 0x08, 0x60, 0x07, 0x38, 0x70, 0x03,
    0xF0, 0x7F, 0xFF, 0xFE, 0x3F, 0xFF, 0xFE, 0x0F, 0xFE, 0x1E, 0x00, 0x00, 0x20, 0x07, 0x00, 0x70,
    0x02, 0x00, 0x00, 0x02, 0x00, 0xF8, 0x0F, 0xC1, 0x9E, 0x10, 0x61, 0x06, 0x18, 0x71, 0xFF, 0x0F,
    0xB0, 0x03, 0x00, 0x77, 0xFE, 0x7F, 0xC7, 0xE0, 0x00, 0x00, 0x70, 0x0F, 0x00, 0x60, 0x00, 0x00,
    0x00, 0x07, 0x00, 0xF8, 0x1F, 0xC3, 0x8C, 0x30, 0xC2, 0x04, 0x30, 0xC3, 0xFC, 0xFF, 0xFF, 0xFF,
    0xF9, 0xF0, 0x00, 0x00, 0x00, 0x23, 0x00, 0x1D, 0xE0, 0x07, 0x30, 0x00, 0x80, 0x00, 0x00, 0x00,
    0x07, 0x80, 0x03, 0xF0, 0x00, 0xFC, 0x00, 0x63, 0x80, 0x10, 0x60, 0x04, 0x0C, 0x01, 0x83, 0x00,
    0x7F, 0xE4, 0x0F, 0xFD, 0x01, 0xFF, 0x40, 0x01, 0x10, 0x00, 0xC6, 0x00, 0x21, 0x80, 0x38, 0x70,
    0x3C, 0x0F, 0xFE, 0x01, 0xFE, 0x00, 0x08, 0x00, 0x00, 0x81, 0x9C, 0x3D, 0xC1, 0x88, 0x00, 0x00,
    0x20, 0x0F, 0x80, 0xFC, 0x19, 0xE1, 0x06, 0x10, 0x61, 0x87, 0x1F, 0xF0, 0xFB, 0x00, 0x30, 0x07,
    0x7F, 0xE7, 0xFC, 0x7E, 0x00, 0x00, 0x00, 0x98, 0x1D, 0xC1, 0x98, 0x08, 0x00, 0x00, 0x07, 0x00,
    0xF8, 0x1F, 0xC3, 0x8C, 0x30, 0xC2, 0x04, 0x30, 0xC3, 0xFC, 0xFF, 0xFF, 0xFF, 0xF9, 0xF0, 0x00,
    0x00, 0x00, 0x00, 0x04, 0x00, 0x00, 0x60, 0x00, 0x03, 0x00, 0x00, 0x18, 0x00, 0x00, 0x40, 0x00,
    0x02, 0x00, 0x00, 0x10, 0x00, 0x00, 0x80, 0x03, 0x04, 0x00, 0x20, 0x20, 0x01, 0x01, 0x00, 0x0E,
    0x08, 0x00, 0x10, 0x41, 0x03, 0x02, 0x08, 0x00, 0x10, 0x40, 0x00, 0x83, 0x00, 0x04, 0x1F, 0xFF,
    0xFC, 0x7F, 0xFF, 0xF1, 0xFF, 0x83, 0x80, 0x00, 0x00, 0x03, 0x00, 0xF0, 0x7E, 0x1F, 0x87, 0xE0,
    0xF8, 0x0C, 0x00, 0xF0, 0x0F, 0xC0, 0x7E, 0x00, 0xF0, 0x03, 0x80, 0x1C, 0x00, 0xC0, 0x0C, 0x01,
    0xCF, 0xF8, 0xFF, 0x0F, 0xC0, 0x00, 0x00, 0x00, 0xE0, 0x0F, 0x80, 0xFC, 0x1F, 0xC0, 0xF8, 0x07,
    0x80, 0x38, 0x00, 0x70, 0x00, 0xF0, 0x01, 0xE0, 0x01, 0xC0, 0x03, 0x80, 0x07, 0x00, 0x0C, 0x00,
    0x10, 0x01, 0xC3, 0xFF, 0xFF, 0xF3, 0xFF, 0x07, 0x00, 0x10, 0x00, 0x1C, 0x00, 0x0E, 0x00, 0x07,
    0x00, 0x03, 0x80, 0x01, 0xC0, 0x00, 0x60, 0x00, 0x30, 0x00, 0x18, 0x00, 0x0C, 0x00, 0x06, 0x00,
    0x03, 0x80, 0x00, 0xC0, 0x00, 0x60, 0x00, 0x30, 0x00, 0x18, 0x00, 0x0C, 0x00, 0x07, 0x90, 0x03,
    0xE8, 0x00, 0xF4, 0x00, 0x42, 0x00, 0x21, 0x80, 0x30, 0xC0, 0x30, 0x70, 0x78, 0x1F, 0xF8, 0x07,
    0xF0, 0x00, 0x80, 0x00, 0x01, 0xCE, 0x73, 0x9C, 0x63, 0x18, 0xC6, 0x31, 0x8C, 0x63, 0x1F, 0xBD,
    0xC0, 0x00, 0x10, 0x30, 0x30, 0x30, 0x10, 0x10, 0x10, 0x10, 0x10, 0x10, 0x10, 0x10, 0x10, 0x10,
    0x10, 0x10, 0xFF, 0xFF, 0xE7, 0x01, 0x80, 0x1F, 0x01, 0xFE, 0x0F, 0x98, 0x7C, 0x63, 0x61, 0xCD,
    0xC3, 0x37, 0xEF, 0xCF, 0xFF, 0x0F, 0xBC, 0x00, 0x30, 0x00, 0xC0, 0x03, 0x00, 0x04, 0x00, 0x18,
    0x00, 0x60, 0x01, 0x80, 0x04, 0x00, 0x00, 0x01, 0xC0, 0x1F, 0x01, 0xF8, 0x18, 0xE0, 0xC7, 0x0C,
    0x18, 0x70, 0xDF, 0xFE, 0xFF, 0xF6, 0x0F, 0x00, 0x03, 0x00, 0x7C, 0x07, 0xF0, 0x39, 0x83, 0x8C,
    0x18, 0x70, 0xE1, 0x9F, 0xEF, 0xFF, 0xFF, 0x9E, 0xC0, 0x00, 0x00, 0x01, 0x00, 0x01, 0xC0, 0x00,
    0xE0, 0x00, 0x20, 0x00, 0x00, 0x00, 0x00, 0x30, 0x00, 0x38, 0x00, 0x1C, 0x00, 0x0F, 0x90, 0x03,
    0xC8, 0x01, 0xE4, 0x00, 0x42, 0x00, 0x21, 0x80, 0x30, 0xC0, 0x30, 0x70, 0x78, 0x1F, 0xF8, 0x07,
    0xF0, 0x00, 0x80, 0x00, 0x00, 0x10, 0x70, 0xE0, 0x80, 0x00, 0x02, 0x0C, 0x1C, 0x38, 0x70, 0x60,
    0xC1, 0xFE, 0xFD, 0xE0, 0x00, 0x04, 0x07, 0x03, 0x80, 0x80, 0x00, 0x00, 0x00, 0x04, 0x06, 0x07,
    0x07, 0xEF, 0xFF, 0x1C, 0x00, 0x00, 0x30, 0x03, 0x00, 0x70, 0x1F, 0x03, 0xB0, 0x63, 0x0C, 0x30,
    0xC1, 0x0F, 0xF0, 0x7F, 0xE1, 0xDF, 0x00, 0x70, 0x00, 0x00, 0x0F, 0x00, 0x3F, 0x00, 0x7F, 0x01,
    0x9F, 0x02, 0x37, 0x0C, 0x26, 0x18, 0xC6, 0x19, 0x8C, 0x3E, 0x19, 0xFF, 0x13, 0xFF, 0xE7, 0x8F,
    0x80, 0x00, 0x00, 0x00, 0x00, 0x18, 0x03, 0x80, 0x78, 0x0D, 0x80, 0xDC, 0x19, 0xC1, 0x8C, 0x38,
    0x83, 0x18, 0xFF, 0x7F, 0xFF, 0xFF, 0xF7, 0x1C, 0x38, 0x61, 0xC2, 0x1F, 0xE0, 0xFE, 0x07, 0xC0,
    0x07, 0x00, 0x3E, 0x00, 0xFC, 0x06, 0x38, 0x10, 0x60, 0x41, 0x81, 0x82, 0x07, 0xFE, 0x1F, 0xF8,
    0x1F, 0xE0, 0x06, 0x00, 0x18, 0x01, 0xC3, 0xFE, 0x07, 0xF8, 0x07, 0x80, 0x00, 0x0F, 0xE8, 0x03,
    0xFD, 0x00, 0x7F, 0xA0, 0x07, 0x84, 0x00, 0x38, 0xC0, 0x01, 0x18, 0x00, 0x63, 0xC0, 0x78, 0x3F,
    0xFE, 0x03, 0xFF, 0x00, 0x0C, 0x00, 0x00, 0x00, 0x0F, 0xE8, 0x03, 0xFD, 0x00, 0x7F, 0xA0, 0x07,
    0x84, 0x00, 0x38, 0xC0, 0x01, 0x18, 0x00, 0x63, 0xC0, 0x78, 0x3F, 0xFE, 0x03, 0xFF, 0x00, 0x0C,
    0x00, 0x00, 0x00, 0x00, 0xCE, 0x00, 0x3D, 0xC0, 0x03, 0x30, 0x00, 0x00, 0x00, 0x00, 0x00, 0x40,
    0x30, 0x0E, 0x03, 0x80, 0xE0, 0x18, 0x06, 0x01, 0xBF, 0xCF, 0xF3, 0xE0, 0x00, 0x00, 0x01, 0x18,
    0xEE, 0x39, 0x84, 0x00, 0x00, 0x00, 0x20, 0x0C, 0x03, 0x81, 0xFD, 0xFF, 0xFE, 0x38, 0x00, 0x00,
    0x02, 0x30, 0xEF, 0x1C, 0xC1, 0x00, 0x20, 0x02, 0x3F, 0x83, 0x37, 0x81, 0x80, 0x00, 0xE0, 0x00,
    0x60, 0x60, 0x30, 0x38, 0x18, 0x1E, 0x0C, 0x07, 0x86, 0x00, 0xE1, 0x00, 0x38, 0x80, 0x0E, 0xC0,
    0x01, 0xE0, 0x00, 0x60, 0x00, 0x30, 0x00, 0x3C, 0x00, 0x33, 0x00, 0x30, 0x80, 0x7F, 0xC0, 0x3F,
    0xE0, 0x1F, 0xE0, 0x30, 0x80, 0x03, 0xFC, 0x04, 0x17, 0x80, 0x60, 0x00, 0x03, 0x00, 0x00, 0x18,
    0x04, 0x00, 0xC0, 0x70, 0x06, 0x03, 0xC0, 0x30, 0x0F, 0x03, 0x80, 0x1C, 0x1C, 0x00, 0x60, 0xE0,
    0x01, 0x87, 0x00, 0x0C, 0x28, 0x00, 0x33, 0x40, 0x00, 0x9A, 0x00, 0x07, 0xD0, 0x00, 0x1C, 0x80,
    0x01, 0xE4, 0x00, 0x3E, 0x3C, 0x0F, 0xF0, 0xF0, 0xFE, 0x03, 0x80, 0x70, 0x03, 0x40, 0x08, 0x00,
    0xBC, 0x06, 0xE0, 0x1A, 0x00, 0x70, 0x01, 0x9C, 0x06, 0x78, 0x18, 0xF0, 0x63, 0xE1, 0x81, 0xC2,
    0x03, 0x88, 0x07, 0x60, 0x0F, 0x80, 0x0C, 0x00, 0x30, 0x01, 0xE0, 0x0C, 0x80, 0x61, 0x07, 0xFC,
    0x3F, 0xF0, 0xFF, 0x80, 0x70, 0x00, 0x34, 0x00, 0x08, 0x00, 0x03, 0xC0, 0x10, 0xE0, 0x0C, 0x20,
    0x03, 0x00, 0x00, 0xC1, 0x80, 0x30, 0x70, 0x0C, 0x1E, 0x07, 0x07, 0x81, 0xC0, 0x70, 0x70, 0x0E,
    0x1C, 0x01, 0x85, 0x00, 0x31, 0x40, 0x0C, 0xD0, 0x01, 0xB4, 0x00, 0x39, 0x00, 0x0E, 0x40, 0x0F,
    0x1F, 0x1F, 0xC3, 0xDF, 0xC0, 0x70, 0x00, 0x10, 0x01, 0x80, 0x0C, 0x00, 0x74, 0x03, 0x30, 0x1B,
    0xC0, 0xCF, 0x86, 0x3E, 0x10, 0x78, 0x80, 0xEC, 0x03, 0xE0, 0x0E, 0x00, 0x30, 0x03, 0xC0, 0x32,
    0x03, 0x08, 0x7F, 0xC7, 0xFE, 0x3F, 0xE0, 0x00, 0x00, 0x00, 0x60, 0x07, 0x80, 0x20, 0x01, 0xE0,
    0x0F, 0x00, 0x60, 0x00, 0x00, 0x00, 0x00, 0x00, 0x00, 0x03, 0x00, 0x00, 0xC0, 0x00, 0x30, 0x00,
    0x0C, 0x38, 0x03, 0x0F, 0x00, 0xC3, 0xC0, 0x70, 0x78, 0x1C, 0x07, 0x07, 0x00, 0xC1, 0xC0, 0x18,
    0x50, 0x06, 0x34, 0x00, 0xCD, 0x00, 0x17, 0x40, 0x07, 0x90, 0x01, 0xE4, 0x01, 0xF1, 0xE3, 0xF8,
    0x3F, 0xFC, 0x07, 0x00, 0x00, 0x00, 0x00, 0x01, 0x80, 0x00, 0xF0, 0x00, 0x20, 0x00, 0x0F, 0x00,
    0x03, 0xC0, 0x00, 0xC0, 0x00, 0x00, 0x00, 0x00, 0x00, 0x10, 0x00, 0xC0, 0x03, 0x00, 0x0E, 0x00,
    0x31, 0x80, 0xC7, 0x83, 0x1F, 0x0C, 0x3E, 0x10, 0x1C, 0x40, 0x39, 0x00, 0x7C, 0x00, 0xE0, 0x01,
    0x80, 0x0F, 0x00, 0x66, 0x03, 0x08, 0x3F, 0xE0, 0xFF, 0x83, 0xFC, 0x00, 0x00, 0x00, 0x03, 0x00,
    0x00, 0xC0, 0x00, 0x30, 0x40, 0x0C, 0x38, 0x03, 0x0F, 0x00, 0xC1, 0xE0, 0x70, 0x38, 0x1C, 0x07,
    0x07, 0x00, 0xE1, 0xC0, 0x18, 0x50, 0x03, 0x34, 0x00, 0xCD, 0x00, 0x17, 0x40, 0x07, 0x90, 0x01,
    0xE4, 0x00, 0xF1, 0xE3, 0xFC, 0x3D, 0xFC, 0x07,
};

static const EpdGlyph ui_14_semiboldGlyphs[] = {
    { 0, 0, 118, 0, 0, 0, 0 }, // U+0020
    { 5, 21, 150, 2, 21, 14, 0 }, // !
    { 9, 9, 244, 3, 21, 11, 14 }, // "
    { 19, 21, 300, 0, 21, 50, 25 }, // #
    { 17, 28, 304, 1, 25, 60, 75 }, // $
    { 24, 21, 469, 3, 21, 63, 135 }, // %
    { 19, 21, 309, 1, 21, 50, 198 }, // &
    { 4, 9, 152, 3, 21, 5, 248 }, // '
    { 8, 26, 174, 3, 22, 26, 253 }, // (
    { 8, 26, 174, 0, 22, 26, 279 }, // )
    { 12, 12, 252, 2, 21, 18, 305 }, // *
    { 15, 14, 314, 2, 16, 27, 323 }, // +
    { 6, 9, 149, 1, 4, 7, 350 }, // ,
    { 10, 3, 217, 2, 10, 4, 357 }, // -
    { 5, 5, 149, 2, 5, 4, 361 }, // .
    { 11, 25, 177, 0, 22, 35, 365 }, // /
    { 16, 21, 308, 1, 21, 42, 400 }, // 0
    { 9, 21, 197, 1, 21, 24, 442 }, // 1
    { 15, 21, 291, 2, 21, 40, 466 }, // 2
    { 16, 21, 297, 2, 21, 42, 506 }, // 3
    { 17, 21, 311, 2, 21, 45, 548 }, // 4
    { 15, 21, 286, 2, 21, 40, 593 }, // 5
    { 16, 21, 299, 1, 21, 42, 633 }, // 6
    { 14, 21, 269, 1, 21, 37, 675 }, // 7
    { 16, 21, 299, 1, 21, 42, 712 }, // 8
    { 16, 21, 299, 1, 21, 42, 754 }, // 9
    { 5, 16, 149, 2, 16, 10, 796 }, // :
    { 6, 21, 154, 2, 16, 16, 806 }, // ;
    { 14, 17, 314, 2, 17, 30, 822 }, // <
    { 14, 10, 314, 3, 13, 18, 852 }, // =
    { 14, 17, 314, 3, 17, 30, 870 }, // >
    { 13, 21, 254, 1, 21, 35, 900 }, // ?
    { 26, 27, 466, 1, 21, 88, 935 }, // @
    { 21, 21, 340, 0, 21, 56, 1023 }, // A
    { 16, 21, 308, 2, 21, 42, 1079 }, // B
    { 19, 21, 344, 1, 21, 50, 1121 }, // C
    { 18, 21, 337, 2, 21, 48, 1171 }, // D
    { 14, 21, 283, 2, 21, 37, 1219 }, // E
    { 14, 21, 274, 2, 21, 37, 1256 }, // F
    { 19, 21, 350, 1, 21, 50, 1293 }, // G
    { 18, 21, 348, 2, 21, 48, 1343 }, // H
    { 4, 21, 129, 2, 21, 11, 1391 }, // I
    { 14, 21, 271, 1, 21, 37, 1402 }, // J
    { 18, 21, 328, 2, 21, 48, 1439 }, // K
    { 13, 21, 264, 2, 21, 35, 1487 }, // L
    { 23, 21, 431, 2, 21, 61, 1522 }, // M
    { 18, 21, 354, 2, 21, 48, 1583 }, // N
    { 20, 21, 359, 1, 21, 53, 1631 }, // O
    { 15, 21, 301, 2, 21, 40, 1684 }, // P
    { 20, 23, 361, 1, 21, 58, 1724 }, // Q
    { 16, 21, 304, 2, 21, 42, 1782 }, // R
    { 17, 21, 304, 1, 21, 45, 1824 }, // S
    { 17, 21, 308, 1, 21, 45, 1869 }, // T
    { 17, 21, 343, 2, 21, 45, 1914 }, // U
    { 21, 21, 340, 0, 21, 56, 1959 }, // V
    { 30, 21, 476, 0, 21, 79, 2015 }, // W
    { 20, 21, 336, 0, 21, 53, 2094 }, // X
    { 20, 21, 333, 1, 21, 53, 2147 }, // Y
    { 16, 21, 304, 2, 21, 42, 2200 }, // Z
    { 7, 26, 174, 3, 22, 23, 2242 }, // [
    { 11, 25, 177, 0, 22, 35, 2265 }, // <backslash>
    { 7, 26, 174, 2, 22, 23, 2300 }, // ]
    { 13, 10, 225, 1, 21, 17, 2323 }, // ^
    { 14, 3, 219, 0, 0, 6, 2340 }, // _
    { 6, 4, 164, 2, 22, 3, 2346 }, // `
    { 14, 16, 268, 1, 16, 28, 2349 }, // a
    { 15, 21, 291, 2, 21, 40, 2377 }, // b
    { 15, 16, 272, 1, 16, 30, 2417 }, // c
    { 15, 21, 291, 1, 21, 40, 2447 }, // d
    { 15, 16, 276, 1, 16, 30, 2487 }, // e
    { 11, 22, 181, 1, 22, 31, 2517 }, // f
    { 15, 22, 292, 1, 16, 42, 2548 }, // g
    { 14, 21, 286, 2, 21, 37, 2590 }, // h
    { 4, 22, 122, 2, 22, 11, 2627 }, // i
    { 6, 28, 122, 0, 22, 21, 2638 }, // j
    { 15, 21, 266, 2, 21, 40, 2659 }, // k
    { 4, 21, 122, 2, 21, 11, 2699 }, // l
    { 23, 16, 420, 2, 16, 46, 2710 }, // m
    { 14, 16, 286, 2, 16, 28, 2756 }, // n
    { 15, 16, 284, 1, 16, 30, 2784 }, // o
    { 15, 22, 291, 2, 16, 42, 2814 }, // p
    { 15, 22, 291, 1, 16, 42, 2856 }, // q
    { 9, 17, 185, 2, 17, 20, 2898 }, // r
    { 14, 16, 256, 1, 16, 28, 2918 }, // s
    { 11, 20, 165, 0, 20, 28, 2946 }, // t
    { 14, 16, 286, 2, 16, 28, 2974 }, // u
    { 17, 16, 274, 0, 16, 34, 3002 }, // v
    { 24, 16, 392, 0, 16, 48, 3036 }, // w
    { 17, 16, 266, 0, 16, 34, 3084 }, // x
    { 17, 22, 275, 0, 16, 47, 3118 }, // y
    { 13, 16, 264, 2, 16, 26, 3165 }, // z
    { 10, 26, 212, 2, 22, 33, 3191 }, // {
    { 4, 35, 168, 3, 28, 18, 3224 }, // |
    { 10, 26, 212, 2, 22, 33, 3242 }, // }
    { 15, 6, 314, 2, 11, 12, 3275 }, // ~
    { 0, 0, 118, 0, 0, 0, 3287 }, // U+00A0
    { 5, 21, 150, 2, 16, 14, 3287 }, // U+00A1
    { 17, 13, 296, 1, 16, 28, 3301 }, // U+00AB
    { 10, 10, 214, 2, 21, 13, 3329 }, // U+00B0
    { 5, 5, 149, 2, 13, 4, 3342 }, // U+00B7
    { 13, 12, 227, 1, 22, 20, 3346 }, // U+00BA
    { 17, 13, 296, 1, 16, 28, 3366 }, // U+00BB
    { 13, 22, 254, 1, 16, 36, 3394 }, // U+00BF
    { 21, 27, 340, 0, 27, 71, 3430 }, // U+00C0
    { 21, 27, 340, 0, 27, 71, 3501 }, // U+00C1
    { 21, 28, 340, 0, 28, 74, 3572 }, // U+00C2
    { 21, 27, 340, 0, 27, 71, 3646 }, // U+00C4
    { 21, 29, 340, 0, 29, 77, 3717 }, // U+00C5
    { 28, 21, 473, 0, 21, 74, 3794 }, // U+00C6
    { 19, 27, 344, 1, 21, 65, 3868 }, // U+00C7
    { 14, 27, 283, 2, 27, 48, 3933 }, // U+00C9
    { 14, 28, 283, 2, 28, 49, 3981 }, // U+00CA
    { 7, 27, 129, 2, 27, 24, 4030 }, // U+00CD
    { 12, 28, 129, -2, 28, 42, 4054 }, // U+00CE
    { 20, 28, 359, 1, 28, 70, 4096 }, // U+00D2
    { 20, 28, 359, 1, 28, 70, 4166 }, // U+00D3
    { 20, 28, 359, 1, 28, 70, 4236 }, // U+00D6
    { 20, 23, 359, 1, 22, 58, 4306 }, // U+00D8
    { 17, 28, 343, 2, 28, 60, 4364 }, // U+00D9
    { 17, 28, 343, 2, 28, 60, 4424 }, // U+00DA
    { 17, 28, 343, 2, 28, 60, 4484 }, // U+00DC
    { 20, 27, 333, 1, 27, 68, 4544 }, // U+00DD
    { 15, 21, 300, 2, 21, 40, 4612 }, // U+00DF
    { 14, 22, 268, 1, 22, 39, 4652 }, // U+00E0
    { 14, 22, 268, 1, 22, 39, 4691 }, // U+00E1
    { 14, 23, 268, 1, 23, 41, 4730 }, // U+00E2
    { 14, 21, 268, 1, 21, 37, 4771 }, // U+00E3
    { 14, 22, 268, 1, 22, 39, 4808 }, // U+00E4
    { 14, 24, 268, 1, 24, 42, 4847 }, // U+00E5
    { 25, 16, 426, 1, 16, 50, 4889 }, // U+00E6
    { 15, 22, 272, 1, 16, 42, 4939 }, // U+00E7
    { 15, 22, 276, 1, 22, 42, 4981 }, // U+00E8
    { 15, 22, 276, 1, 22, 42, 5023 }, // U+00E9
    { 15, 23, 276, 1, 23, 44, 5065 }, // U+00EA
    { 15, 22, 276, 1, 22, 42, 5109 }, // U+00EB
    { 7, 22, 122, -1, 22, 20, 5151 }, // U+00EC
    { 7, 22, 122, 2, 22, 20, 5171 }, // U+00ED
    { 12, 22, 122, -2, 22, 33, 5191 }, // U+00EE
    { 10, 22, 122, -1, 22, 28, 5224 }, // U+00EF
    { 14, 21, 286, 2, 21, 37, 5252 }, // U+00F1
    { 15, 22, 284, 1, 22, 42, 5289 }, // U+00F2
    { 15, 22, 284, 1, 22, 42, 5331 }, // U+00F3
    { 15, 23, 284, 1, 23, 44, 5373 }, // U+00F4
    { 15, 21, 284, 1, 21, 40, 5417 }, // U+00F5
    { 15, 22, 284, 1, 22, 42, 5457 }, // U+00F6
    { 17, 18, 284, 0, 17, 39, 5499 }, // U+00F8
    { 14, 22, 286, 2, 22, 39, 5538 }, // U+00F9
    { 14, 22, 286, 2, 22, 39, 5577 }, // U+00FA
    { 14, 22, 286, 2, 22, 39, 5616 }, // U+00FC
    { 17, 28, 275, 0, 22, 60, 5655 }, // U+00FD
    { 14, 22, 268, 1, 22, 39, 5715 }, // U+0103
    { 15, 22, 268, 1, 16, 42, 5754 }, // U+0105
    { 15, 22, 272, 1, 22, 42, 5796 }, // U+0107
    { 19, 28, 344, 1, 28, 67, 5838 }, // U+010C
    { 15, 23, 272, 1, 23, 44, 5905 }, // U+010D
    { 18, 28, 337, 2, 28, 63, 5949 }, // U+010E
    { 21, 22, 345, 1, 22, 58, 6012 }, // U+010F
    { 21, 21, 351, 0, 21, 56, 6070 }, // U+0110
    { 17, 21, 291, 1, 21, 45, 6126 }, // U+0111
    { 14, 27, 283, 2, 27, 48, 6171 }, // U+0116
    { 15, 22, 276, 1, 22, 42, 6219 }, // U+0117
    { 15, 27, 283, 2, 21, 51, 6261 }, // U+0118
    { 15, 22, 276, 1, 16, 42, 6312 }, // U+0119
    { 14, 28, 283, 2, 28, 49, 6354 }, // U+011A
    { 15, 23, 276, 1, 23, 44, 6403 }, // U+011B
    { 19, 28, 350, 1, 28, 67, 6447 }, // U+011E
    { 15, 28, 292, 1, 22, 53, 6514 }, // U+011F
    { 10, 21, 122, -1, 21, 27, 6567 }, // U+0129
    { 7, 27, 129, 1, 21, 24, 6594 }, // U+012E
    { 7, 28, 122, 0, 22, 25, 6618 }, // U+012F
    { 4, 27, 129, 2, 27, 14, 6643 }, // U+0130
    { 4, 16, 122, 2, 16, 8, 6657 }, // U+0131
    { 7, 27, 122, 2, 27, 24, 6665 }, // U+013A
    { 13, 22, 264, 2, 22, 36, 6689 }, // U+013D
    { 9, 22, 176, 2, 22, 25, 6725 }, // U+013E
    { 16, 21, 281, 0, 21, 42, 6750 }, // U+0141
    { 8, 21, 122, 0, 21, 21, 6792 }, // U+0142
    { 14, 22, 286, 2, 22, 39, 6813 }, // U+0144
    { 14, 22, 286, 2, 22, 39, 6852 }, // U+0148
    { 15, 22, 284, 1, 22, 42, 6891 }, // U+0151
    { 9, 22, 185, 2, 22, 25, 6933 }, // U+0155
    { 16, 28, 304, 2, 28, 56, 6958 }, // U+0158
    { 11, 22, 185, 1, 22, 31, 7014 }, // U+0159
    { 17, 28, 304, 1, 28, 60, 7045 }, // U+015A
    { 14, 22, 256, 1, 22, 39, 7105 }, // U+015B
    { 17, 27, 304, 1, 21, 58, 7144 }, // U+015E
    { 14, 22, 256, 1, 16, 39, 7202 }, // U+015F
    { 17, 28, 304, 1, 28, 60, 7241 }, // U+0160
    { 14, 23, 256, 1, 23, 41, 7301 }, // U+0161
    { 11, 26, 165, 0, 20, 36, 7342 }, // U+0163
    { 17, 28, 308, 1, 28, 60, 7378 }, // U+0164
    { 12, 23, 196, 0, 23, 35, 7438 }, // U+0165
    { 14, 21, 286, 2, 21, 37, 7473 }, // U+016B
    { 17, 29, 343, 2, 29, 62, 7510 }, // U+016E
    { 14, 24, 286, 2, 24, 42, 7572 }, // U+016F
    { 17, 28, 343, 2, 28, 60, 7614 }, // U+0170
    { 14, 22, 286, 2, 22, 39, 7674 }, // U+0171
    { 17, 27, 343, 2, 21, 58, 7713 }, // U+0172
    { 15, 22, 286, 2, 16, 42, 7771 }, // U+0173
    { 13, 22, 264, 2, 22, 36, 7813 }, // U+017A
    { 13, 22, 264, 2, 22, 36, 7849 }, // U+017C
    { 16, 28, 304, 2, 28, 56, 7885 }, // U+017D
    { 13, 22, 264, 2, 22, 36, 7941 }, // U+017E
    { 16, 20, 283, 1, 20, 40, 7977 }, // U+01A1
    { 16, 20, 302, 2, 20, 40, 8017 }, // U+01B0
    { 17, 27, 304, 1, 21, 58, 8057 }, // U+0218
    { 14, 22, 256, 1, 16, 39, 8115 }, // U+0219
    { 17, 28, 308, 1, 21, 60, 8154 }, // U+021A
    { 11, 27, 165, 0, 20, 38, 8214 }, // U+021B
    { 19, 21, 344, 1, 21, 50, 8252 }, // U+0404
    { 4, 21, 129, 2, 21, 11, 8302 }, // U+0406
    { 21, 21, 340, 0, 21, 56, 8313 }, // U+0410
    { 16, 21, 302, 2, 21, 42, 8369 }, // U+0411
    { 16, 21, 308, 2, 21, 42, 8411 }, // U+0412
    { 14, 21, 271, 2, 21, 37, 8453 }, // U+0413
    { 23, 27, 398, 1, 21, 78, 8490 }, // U+0414
    { 14, 21, 283, 2, 21, 37, 8568 }, // U+0415
    { 30, 21, 482, 0, 21, 79, 8605 }, // U+0416
    { 16, 21, 297, 2, 21, 42, 8684 }, // U+0417
    { 18, 21, 354, 2, 21, 48, 8726 }, // U+0418
    { 18, 28, 354, 2, 28, 63, 8774 }, // U+0419
    { 18, 21, 328, 2, 21, 48, 8837 }, // U+041A
    { 19, 21, 350, 1, 21, 50, 8885 }, // U+041B
    { 23, 21, 431, 2, 21, 61, 8935 }, // U+041C
    { 18, 21, 348, 2, 21, 48, 8996 }, // U+041D
    { 20, 21, 359, 1, 21, 53, 9044 }, // U+041E
    { 18, 21, 348, 2, 21, 48, 9097 }, // U+041F
    { 15, 21, 301, 2, 21, 40, 9145 }, // U+0420
    { 19, 21, 344, 1, 21, 50, 9185 }, // U+0421
    { 17, 21, 308, 1, 21, 45, 9235 }, // U+0422
    { 20, 21, 314, 0, 21, 53, 9280 }, // U+0423
    { 22, 24, 389, 1, 22, 66, 9333 }, // U+0424
    { 20, 21, 336, 0, 21, 53, 9399 }, // U+0425
    { 19, 26, 351, 2, 21, 62, 9452 }, // U+0426
    { 17, 21, 329, 2, 21, 45, 9514 }, // U+0427
    { 25, 21, 457, 2, 21, 66, 9559 }, // U+0428
    { 27, 26, 468, 2, 21, 88, 9625 }, // U+0429
    { 22, 21, 423, 2, 21, 58, 9713 }, // U+042B
    { 16, 21, 307, 2, 21, 42, 9771 }, // U+042C
    { 19, 21, 344, 1, 21, 50, 9813 }, // U+042D
    { 17, 21, 304, 0, 21, 45, 9863 }, // U+042F
    { 14, 16, 268, 1, 16, 28, 9908 }, // U+0430
    { 15, 21, 282, 1, 21, 40, 9936 }, // U+0431
    { 14, 16, 267, 2, 16, 28, 9976 }, // U+0432
    { 11, 16, 209, 2, 16, 22, 10004 }, // U+0433
    { 18, 22, 301, 1, 16, 50, 10026 }, // U+0434
    { 15, 16, 276, 1, 16, 30, 10076 }, // U+0435
    { 24, 16, 395, 0, 16, 48, 10106 }, // U+0436
    { 13, 16, 238, 1, 16, 26, 10154 }, // U+0437
    { 14, 16, 286, 2, 16, 28, 10180 }, // U+0438
    { 14, 22, 286, 2, 22, 39, 10208 }, // U+0439
    { 15, 16, 266, 2, 16, 30, 10247 }, // U+043A
    { 15, 16, 277, 1, 16, 30, 10277 }, // U+043B
    { 20, 16, 372, 2, 16, 40, 10307 }, // U+043C
    { 14, 16, 285, 2, 16, 28, 10347 }, // U+043D
    { 15, 16, 284, 1, 16, 30, 10375 }, // U+043E
    { 14, 16, 282, 2, 16, 28, 10405 }, // U+043F
    { 15, 22, 291, 2, 16, 42, 10433 }, // U+0440
    { 15, 16, 272, 1, 16, 30, 10475 }, // U+0441
    { 14, 16, 231, 1, 16, 28, 10505 }, // U+0442
    { 17, 22, 275, 0, 16, 47, 10533 }, // U+0443
    { 20, 27, 349, 1, 21, 68, 10580 }, // U+0444
    { 17, 16, 266, 0, 16, 34, 10648 }, // U+0445
    { 16, 21, 297, 2, 16, 42, 10682 }, // U+0446
    { 14, 16, 277, 2, 16, 28, 10724 }, // U+0447
    { 21, 16, 395, 2, 16, 42, 10752 }, // U+0448
    { 23, 21, 406, 2, 16, 61, 10794 }, // U+0449
    { 18, 16, 311, 1, 16, 36, 10855 }, // U+044A
    { 19, 16, 366, 2, 16, 38, 10891 }, // U+044B
    { 14, 16, 270, 2, 16, 28, 10929 }, // U+044C
    { 16, 16, 272, 0, 16, 32, 10957 }, // U+044D
    { 22, 16, 401, 2, 16, 44, 10989 }, // U+044E
    { 15, 16, 266, 0, 16, 30, 11033 }, // U+044F
    { 15, 22, 276, 1, 22, 42, 11063 }, // U+0451
    { 15, 16, 272, 1, 16, 30, 11105 }, // U+0454
    { 4, 22, 122, 2, 22, 11, 11135 }, // U+0456
    { 10, 22, 122, -1, 22, 28, 11146 }, // U+0457
    { 17, 28, 275, 0, 22, 60, 11174 }, // U+045E
    { 11, 20, 209, 2, 20, 28, 11234 }, // U+0491
    { 17, 21, 271, -1, 21, 45, 11262 }, // U+0492
    { 13, 16, 209, 0, 16, 26, 11307 }, // U+0493
    { 19, 26, 347, 2, 21, 62, 11333 }, // U+049A
    { 16, 21, 279, 2, 16, 42, 11395 }, // U+049B
    { 20, 26, 359, 2, 21, 65, 11437 }, // U+04A2
    { 16, 21, 296, 2, 16, 42, 11502 }, // U+04A3
    { 20, 21, 333, 1, 21, 53, 11544 }, // U+04AE
    { 17, 22, 274, 0, 16, 47, 11597 }, // U+04AF
    { 20, 21, 333, 0, 21, 53, 11644 }, // U+04B0
    { 18, 22, 274, 0, 16, 50, 11697 }, // U+04B1
    { 19, 21, 349, 2, 21, 50, 11747 }, // U+04D8
    { 15, 16, 276, 1, 16, 30, 11797 }, // U+04D9
    { 20, 21, 359, 1, 21, 53, 11827 }, // U+04E8
    { 15, 16, 284, 1, 16, 30, 11880 }, // U+04E9
    { 5, 5, 0, 2, -2, 4, 11910 }, // U+0591
    { 6, 6, 0, 2, 25, 5, 11914 }, // U+0592
    { 5, 6, 0, 1, 25, 4, 11919 }, // U+0593
    { 3, 6, 0, 2, 26, 3, 11923 }, // U+0594
    { 6, 6, 0, 1, 25, 5, 11926 }, // U+0595
    { 6, 5, 0, 1, -2, 4, 11931 }, // U+0596
    { 5, 6, 0, 1, 24, 4, 11935 }, // U+0597
    { 8, 5, 0, 1, 24, 5, 11939 }, // U+0598
    { 5, 4, 0, 1, 23, 3, 11944 }, // U+0599
    { 5, 5, 0, 1, -2, 4, 11947 }, // U+059A
    { 5, 6, 0, 1, -1, 4, 11951 }, // U+059B
    { 6, 4, 0, 1, 23, 3, 11955 }, // U+059C
    { 6, 4, 0, 1, 23, 3, 11958 }, // U+059D
    { 10, 4, 0, 1, 23, 5, 11961 }, // U+059E
    { 13, 6, 0, 1, 25, 10, 11966 }, // U+059F
    { 6, 6, 0, 1, 25, 5, 11976 }, // U+05A0
    { 5, 5, 0, 2, 23, 4, 11981 }, // U+05A1
    { 5, 5, 0, 2, -2, 4, 11985 }, // U+05A2
    { 5, 6, 0, 1, -1, 4, 11989 }, // U+05A3
    { 5, 5, 0, 1, -2, 4, 11993 }, // U+05A4
    { 5, 5, 0, 1, -2, 4, 11997 }, // U+05A5
    { 10, 5, 0, 1, -2, 7, 12001 }, // U+05A6
    { 5, 7, 0, 1, -1, 5, 12008 }, // U+05A7
    { 5, 4, 0, 1, 23, 3, 12013 }, // U+05A8
    { 6, 6, 0, 1, 25, 5, 12016 }, // U+05A9
    { 5, 5, 0, 2, -2, 4, 12021 }, // U+05AA
    { 5, 5, 0, 1, 24, 4, 12025 }, // U+05AB
    { 5, 6, 0, 1, 24, 4, 12029 }, // U+05AC
    { 6, 5, 0, 1, -2, 4, 12033 }, // U+05AD
    { 8, 5, 0, 1, 24, 5, 12037 }, // U+05AE
    { 5, 5, 0, 1, 24, 4, 12042 }, // U+05AF
    { 2, 5, 0, 2, -2, 2, 12046 }, // U+05B0
    { 9, 5, 0, 2, -2, 6, 12048 }, // U+05B1
    { 9, 5, 0, 2, -2, 6, 12054 }, // U+05B2
    { 9, 5, 0, 2, -2, 6, 12060 }, // U+05B3
    { 2, 2, 0, 2, -2, 1, 12066 }, // U+05B4
    { 5, 2, 0, 2, -2, 2, 12067 }, // U+05B5
    { 6, 5, 0, 2, -2, 4, 12069 }, // U+05B6
    { 6, 2, 0, 2, -2, 2, 12073 }, // U+05B7
    { 6, 5, 0, 2, -2, 4, 12075 }, // U+05B8
    { 2, 2, 0, 2, 22, 1, 12079 }, // U+05B9
    { 2, 2, 0, 2, 22, 1, 12080 }, // U+05BA
    { 8, 5, 0, 2, -2, 5, 12081 }, // U+05BB
    { 2, 2, 0, 2, 10, 1, 12086 }, // U+05BC
    { 2, 5, 0, 2, -2, 2, 12087 }, // U+05BD
    { 8, 4, 152, 1, 18, 4, 12089 }, // U+05BE
    { 7, 2, 0, 2, 22, 2, 12093 }, // U+05BF
    { 3, 29, 241, 6, 22, 11, 12095 }, // U+05C0
    { 2, 2, 0, 2, 22, 1, 12106 }, // U+05C1
    { 2, 2, 0, 2, 22, 1, 12107 }, // U+05C2
    { 5, 17, 127, 2, 17, 11, 12108 }, // U+05C3
    { 2, 2, 0, 2, 22, 1, 12119 }, // U+05C4
    { 2, 2, 0, 2, -2, 1, 12120 }, // U+05C5
    { 10, 18, 207, 2, 18, 23, 12121 }, // U+05C6
    { 5, 4, 0, 2, -2, 3, 12144 }, // U+05C7
    { 19, 18, 316, 0, 18, 43, 12147 }, // U+05D0
    { 16, 18, 277, 1, 18, 36, 12190 }, // U+05D1
    { 12, 19, 192, 0, 18, 29, 12226 }, // U+05D2
    { 16, 18, 267, 1, 18, 36, 12255 }, // U+05D3
    { 17, 18, 307, 1, 18, 39, 12291 }, // U+05D4
    { 8, 18, 158, 0, 18, 18, 12330 }, // U+05D5
    { 10, 18, 173, 1, 18, 23, 12348 }, // U+05D6
    { 18, 18, 321, 0, 18, 41, 12371 }, // U+05D7
    { 17, 18, 308, 1, 18, 39, 12412 }, // U+05D8
    { 8, 11, 155, 0, 18, 11, 12451 }, // U+05D9
    { 15, 23, 266, 1, 18, 44, 12462 }, // U+05DA
    { 14, 18, 246, 1, 18, 32, 12506 }, // U+05DB
    { 15, 23, 260, 1, 23, 44, 12538 }, // U+05DC
    { 18, 18, 328, 1, 18, 41, 12582 }, // U+05DD
    { 20, 18, 328, 0, 18, 45, 12623 }, // U+05DE
    { 8, 23, 166, 0, 18, 23, 12668 }, // U+05DF
    { 10, 18, 189, 1, 18, 23, 12691 }, // U+05E0
    { 18, 18, 317, 1, 18, 41, 12714 }, // U+05E1
    { 17, 20, 294, 1, 19, 43, 12755 }, // U+05E2
    { 16, 23, 305, 1, 18, 46, 12798 }, // U+05E3
    { 16, 18, 293, 1, 18, 36, 12844 }, // U+05E4
    { 17, 23, 274, 0, 18, 49, 12880 }, // U+05E5
    { 17, 18, 276, 0, 18, 39, 12929 }, // U+05E6
    { 18, 23, 305, 1, 18, 52, 12968 }, // U+05E7
    { 14, 18, 253, 1, 18, 32, 13020 }, // U+05E8
    { 20, 18, 367, 2, 18, 45, 13052 }, // U+05E9
    { 19, 18, 337, 0, 18, 43, 13097 }, // U+05EA
    { 20, 16, 356, 0, 23, 40, 13140 }, // U+05EF
    { 17, 18, 313, 0, 18, 39, 13180 }, // U+05F0
    { 18, 18, 328, 0, 18, 41, 13219 }, // U+05F1
    { 18, 11, 329, 0, 18, 25, 13260 }, // U+05F2
    { 6, 8, 104, 0, 18, 6, 13285 }, // U+05F3
    { 13, 8, 207, 0, 18, 13, 13291 }, // U+05F4
    { 32, 8, 531, 1, 7, 32, 13304 }, // U+0600
    { 47, 8, 767, 0, 1, 47, 13336 }, // U+0601
    { 35, 7, 576, 1, 6, 31, 13383 }, // U+0602
    { 30, 9, 505, 1, 6, 34, 13414 }, // U+0603
    { 66, 19, 1084, 1, 14, 157, 13448 }, // U+0604
    { 30, 5, 467, 0, 28, 19, 13605 }, // U+0605
    { 16, 22, 251, -1, 21, 44, 13624 }, // U+0606
    { 16, 22, 251, -1, 21, 44, 13668 }, // U+0607
    { 26, 21, 463, 1, 13, 69, 13712 }, // U+0608
    { 16, 17, 258, 0, 15, 34, 13781 }, // U+0609
    { 21, 17, 337, 0, 15, 45, 13815 }, // U+060A
    { 12, 30, 196, -1, 20, 45, 13860 }, // U+060B
    { 4, 8, 99, 1, 6, 4, 13905 }, // U+060C
    { 6, 10, 140, 1, 5, 8, 13909 }, // U+060D
    { 24, 9, 399, 1, 9, 27, 13917 }, // U+060E
    { 17, 25, 302, 0, 16, 54, 13944 }, // U+060F
    { 6, 6, 0, 0, 28, 5, 13998 }, // U+0610
    { 7, 6, 0, 0, 28, 6, 14003 }, // U+0611
    { 8, 7, 0, 0, 29, 7, 14009 }, // U+0612
    { 9, 9, 0, 0, 30, 11, 14016 }, // U+0613
    { 11, 4, 0, -1, 25, 6, 14027 }, // U+0614
    { 7, 6, 0, 0, 36, 6, 14033 }, // U+0615
    { 12, 10, 0, -1, 41, 15, 14039 }, // U+0616
    { 5, 9, 0, -1, 40, 6, 14054 }, // U+0617
    { 4, 4, 0, 0, 25, 2, 14060 }, // U+0618
    { 4, 5, 0, 0, 26, 3, 14062 }, // U+0619
    { 5, 4, 0, -1, -1, 3, 14065 }, // U+061A
    { 4, 16, 99, 1, 13, 8, 14068 }, // U+061B
    { 0, 0, 0, 0, 0, 0, 14076 }, // U+061C
    { 11, 16, 202, 0, 16, 22, 14076 }, // U+061D
    { 9, 8, 166, 1, 6, 9, 14098 }, // U+061E
    { 10, 19, 198, 1, 17, 24, 14107 }, // U+061F
    { 14, 18, 253, 2, 10, 32, 14131 }, // U+0620
    { 12, 11, 204, 1, 9, 17, 14163 }, // U+0621
    { 9, 25, 111, -1, 24, 29, 14180 }, // U+0622
    { 4, 26, 111, 1, 26, 13, 14209 }, // U+0623
    { 12, 22, 218, 1, 16, 33, 14222 }, // U+0624
    { 4, 27, 111, 2, 20, 14, 14255 }, // U+0625
    { 16, 18, 288, 1, 10, 36, 14269 }, // U+0626
    { 3, 20, 111, 2, 20, 8, 14305 }, // U+0627
    { 20, 19, 360, 1, 12, 48, 14313 }, // U+0628
    { 10, 18, 190, 1, 18, 23, 14361 }, // U+0629
    { 20, 14, 360, 1, 14, 35, 14384 }, // U+062A
    { 20, 15, 360, 1, 15, 38, 14419 }, // U+062B
    { 18, 20, 297, 1, 12, 45, 14457 }, // U+062C
    { 18, 20, 297, 1, 12, 45, 14502 }, // U+062D
    { 18, 26, 297, 1, 18, 59, 14547 }, // U+062E
    { 10, 12, 193, 1, 12, 15, 14606 }, // U+062F
    { 10, 18, 193, 1, 18, 23, 14621 }, // U+0630
    { 11, 17, 180, -1, 11, 24, 14644 }, // U+0631
    { 11, 22, 180, -1, 16, 31, 14668 }, // U+0632
    { 27, 19, 473, 1, 11, 65, 14699 }, // U+0633
    { 27, 24, 473, 1, 16, 81, 14764 }, // U+0634
    { 30, 19, 512, 1, 11, 72, 14845 }, // U+0635
    { 30, 26, 512, 1, 18, 98, 14917 }, // U+0636
    { 20, 20, 359, 1, 20, 50, 15015 }, // U+0637
    { 20, 20, 359, 1, 20, 50, 15065 }, // U+0638
    { 18, 22, 282, 1, 14, 50, 15115 }, // U+0639
    { 18, 29, 282, 1, 21, 66, 15165 }, // U+063A
    { 20, 20, 337, 1, 20, 50, 15231 }, // U+063B
    { 20, 28, 337, 1, 20, 70, 15281 }, // U+063C
    { 16, 18, 288, 1, 10, 36, 15351 }, // U+063D
    { 18, 18, 288, -1, 10, 41, 15387 }, // U+063E
    { 17, 18, 288, 0, 10, 39, 15428 }, // U+063F
    { 7, 3, 98, 0, 3, 3, 15467 }, // U+0640
    { 23, 20, 396, 1, 20, 58, 15470 }, // U+0641
    { 17, 24, 302, 1, 16, 51, 15528 }, // U+0642
    { 14, 21, 260, 1, 21, 37, 15579 }, // U+0643
    { 15, 28, 278, 1, 20, 53, 15616 }, // U+0644
    { 12, 20, 228, 2, 11, 30, 15669 }, // U+0645
    { 15, 19, 274, 1, 11, 36, 15699 }, // U+0646
    { 18, 14, 295, 0, 13, 32, 15735 }, // U+0647
    { 12, 16, 218, 1, 10, 24, 15767 }, // U+0648
    { 16, 18, 288, 1, 10, 36, 15791 }, // U+0649
    { 16, 24, 288, 1, 10, 48, 15827 }, // U+064A
    { 6, 7, 0, 1, 28, 6, 15875 }, // U+064B
    { 8, 6, 0, -1, 28, 6, 15881 }, // U+064C
    { 6, 6, 0, 1, -1, 5, 15887 }, // U+064D
    { 6, 5, 0, 0, 26, 4, 15892 }, // U+064E
    { 6, 6, 0, 0, 28, 5, 15896 }, // U+064F
    { 6, 4, 0, 0, -1, 3, 15901 }, // U+0650
    { 7, 5, 0, -1, 27, 5, 15904 }, // U+0651
    { 6, 5, 0, -1, 25, 4, 15909 }, // U+0652
    { 9, 3, 0, -1, 25, 4, 15913 }, // U+0653
    { 4, 6, 0, 0, 27, 3, 15917 }, // U+0654
    { 4, 6, 0, 0, -1, 3, 15920 }, // U+0655
    { 2, 8, 0, 0, 0, 2, 15923 }, // U+0656
    { 7, 6, 0, -1, 27, 6, 15925 }, // U+0657
    { 6, 5, 0, 0, 26, 4, 15931 }, // U+0658
    { 8, 2, 0, -1, 24, 2, 15935 }, // U+0659
    { 6, 6, 0, 0, 28, 5, 15937 }, // U+065A
    { 6, 6, 0, 0, 27, 5, 15942 }, // U+065B
    { 4, 4, 0, 0, -1, 2, 15947 }, // U+065C
    { 6, 6, 0, 0, 28, 5, 15949 }, // U+065D
    { 7, 7, 0, -1, 28, 7, 15954 }, // U+065E
    { 7, 6, 0, -1, -1, 6, 15961 }, // U+065F
    { 5, 6, 147, 2, 10, 4, 15967 }, // U+0660
    { 6, 17, 147, 1, 17, 13, 15971 }, // U+0661
    { 9, 18, 193, 2, 17, 21, 15984 }, // U+0662
    { 12, 18, 223, 1, 17, 27, 16005 }, // U+0663
    { 10, 18, 196, 2, 18, 23, 16032 }, // U+0664
    { 10, 13, 178, 1, 15, 17, 16055 }, // U+0665
    { 11, 18, 208, 1, 18, 25, 16072 }, // U+0666
    { 13, 17, 204, 0, 17, 28, 16097 }, // U+0667
    { 13, 17, 204, -1, 17, 28, 16125 }, // U+0668
    { 11, 18, 202, 0, 18, 25, 16153 }, // U+0669
    { 11, 17, 187, 0, 15, 24, 16178 }, // U+066A
    { 7, 13, 104, -2, 6, 12, 16202 }, // U+066B
    { 7, 12, 104, 0, 17, 11, 16214 }, // U+066C
    { 12, 11, 187, 0, 12, 17, 16225 }, // U+066D
    { 20, 12, 360, 1, 12, 30, 16242 }, // U+066E
    { 17, 18, 302, 1, 10, 39, 16272 }, // U+066F
    { 2, 9, 0, 0, 30, 3, 16311 }, // U+0670
    { 8, 26, 111, -1, 26, 26, 16314 }, // U+0671
    { 7, 26, 111, -1, 26, 23, 16340 }, // U+0672
    { 7, 28, 111, -1, 20, 25, 16363 }, // U+0673
    { 12, 11, 204, 1, 16, 17, 16388 }, // U+0674
    { 18, 21, 315, 2, 21, 48, 16405 }, // U+0675
    { 26, 21, 422, 1, 15, 69, 16453 }, // U+0676
    { 26, 24, 422, 1, 18, 78, 16522 }, // U+0677
    { 30, 23, 492, 1, 15, 87, 16600 }, // U+0678
    { 20, 16, 360, 1, 16, 40, 16687 }, // U+0679
    { 20, 16, 360, 1, 16, 40, 16727 }, // U+067A
    { 20, 21, 360, 1, 12, 53, 16767 }, // U+067B
    { 20, 16, 360, 1, 14, 40, 16820 }, // U+067C
    { 20, 15, 360, 1, 15, 38, 16860 }, // U+067D
    { 20, 20, 360, 1, 12, 50, 16898 }, // U+067E
    { 20, 15, 360, 1, 15, 38, 16948 }, // U+067F
    { 20, 19, 360, 1, 12, 48, 16986 }, // U+0680
    { 18, 26, 297, 1, 18, 59, 17034 }, // U+0681
    { 18, 28, 297, 1, 20, 63, 17093 }, // U+0682
    { 18, 20, 297, 1, 12, 45, 17156 }, // U+0683
    { 18, 20, 297, 1, 12, 45, 17201 }, // U+0684
    { 18, 27, 297, 1, 19, 61, 17246 }, // U+0685
    { 18, 20, 297, 1, 12, 45, 17307 }, // U+0686
    { 18, 20, 297, 1, 12, 45, 17352 }, // U+0687
    { 10, 19, 193, 1, 19, 24, 17397 }, // U+0688
    { 11, 15, 193, 1, 12, 21, 17421 }, // U+0689
    { 10, 18, 193, 1, 12, 23, 17442 }, // U+068A
    { 10, 25, 193, 1, 19, 32, 17465 }, // U+068B
    { 10, 18, 193, 1, 18, 23, 17497 }, // U+068C
    { 10, 18, 193, 1, 12, 23, 17520 }, // U+068D
    { 10, 19, 193, 1, 19, 24, 17543 }, // U+068E
    { 10, 19, 193, 1, 19, 24, 17567 }, // U+068F
    { 10, 19, 193, 1, 19, 24, 17591 }, // U+0690
    { 12, 24, 180, -2, 18, 36, 17615 }, // U+0691
    { 11, 23, 180, -1, 17, 32, 17651 }, // U+0692
    { 11, 19, 180, -1, 11, 27, 17683 }, // U+0693
    { 11, 23, 180, -1, 11, 32, 17710 }, // U+0694
    { 11, 23, 180, -1, 11, 32, 17742 }, // U+0695
    { 11, 23, 180, -1, 11, 32, 17774 }, // U+0696
    { 12, 22, 180, -1, 16, 33, 17806 }, // U+0697
    { 11, 24, 180, -1, 18, 33, 17839 }, // U+0698
    { 11, 23, 180, -1, 17, 32, 17872 }, // U+0699
    { 27, 22, 473, 1, 14, 75, 17904 }, // U+069A
    { 27, 19, 473, 1, 11, 65, 17979 }, // U+069B
    { 27, 24, 473, 1, 16, 81, 18044 }, // U+069C
    { 30, 19, 512, 1, 11, 72, 18125 }, // U+069D
    { 30, 27, 512, 1, 19, 102, 18197 }, // U+069E
    { 20, 20, 359, 1, 20, 50, 18299 }, // U+069F
    { 18, 30, 282, 1, 22, 68, 18349 }, // U+06A0
    { 23, 14, 396, 1, 14, 41, 18417 }, // U+06A1
    { 23, 20, 396, 1, 14, 58, 18458 }, // U+06A2
    { 23, 26, 396, 1, 20, 75, 18516 }, // U+06A3
    { 23, 22, 396, 1, 22, 64, 18591 }, // U+06A4
    { 23, 21, 396, 1, 14, 61, 18655 }, // U+06A5
    { 23, 21, 396, 1, 21, 61, 18716 }, // U+06A6
    { 17, 24, 302, 1, 16, 51, 18777 }, // U+06A7
    { 17, 26, 302, 1, 18, 56, 18828 }, // U+06A8
    { 20, 20, 337, 1, 20, 50, 18884 }, // U+06A9
    { 29, 16, 474, 0, 16, 58, 18934 }, // U+06AA
    { 20, 20, 337, 1, 20, 50, 18992 }, // U+06AB
    { 14, 21, 260, 1, 21, 37, 19042 }, // U+06AC
    { 14, 21, 260, 1, 21, 37, 19079 }, // U+06AD
    { 14, 29, 260, 1, 21, 51, 19116 }, // U+06AE
    { 20, 22, 337, 1, 22, 55, 19167 }, // U+06AF
    { 20, 23, 337, 1, 23, 58, 19222 }, // U+06B0
    { 20, 23, 337, 1, 23, 58, 19280 }, // U+06B1
    { 20, 28, 337, 1, 22, 70, 19338 }, // U+06B2
    { 20, 31, 337, 1, 22, 78, 19408 }, // U+06B3
    { 20, 24, 337, 1, 24, 60, 19486 }, // U+06B4
    { 15, 34, 278, 1, 26, 64, 19546 }, // U+06B5
    { 15, 33, 278, 1, 25, 62, 19610 }, // U+06B6
    { 16, 34, 278, 1, 26, 68, 19672 }, // U+06B7
    { 15, 35, 278, 1, 20, 66, 19740 }, // U+06B8
    { 15, 25, 274, 1, 11, 47, 19806 }, // U+06B9
    { 15, 15, 274, 1, 7, 29, 19853 }, // U+06BA
    { 15, 20, 274, 1, 12, 38, 19882 }, // U+06BB
    { 15, 22, 274, 1, 12, 42, 19920 }, // U+06BC
    { 15, 20, 274, 1, 12, 38, 19962 }, // U+06BD
    { 18, 14, 295, 0, 13, 32, 20000 }, // U+06BE
    { 18, 26, 297, 1, 18, 59, 20032 }, // U+06BF
    { 10, 18, 190, 1, 18, 23, 20091 }, // U+06C0
    { 10, 12, 190, 1, 12, 15, 20114 }, // U+06C1
    { 10, 18, 190, 1, 18, 23, 20129 }, // U+06C2
    { 10, 18, 190, 1, 18, 23, 20152 }, // U+06C3
    { 12, 17, 218, 0, 10, 26, 20175 }, // U+06C4
    { 13, 17, 218, 0, 10, 28, 20201 }, // U+06C5
    { 12, 23, 218, 1, 17, 35, 20229 }, // U+06C6
    { 12, 24, 218, 1, 18, 36, 20264 }, // U+06C7
    { 12, 30, 218, 1, 24, 45, 20300 }, // U+06C8
    { 12, 23, 218, 1, 17, 35, 20345 }, // U+06C9
    { 12, 22, 218, 1, 16, 33, 20380 }, // U+06CA
    { 12, 24, 218, 1, 18, 36, 20413 }, // U+06CB
    { 16, 18, 288, 1, 10, 36, 20449 }, // U+06CC
    { 20, 18, 288, -3, 10, 45, 20485 }, // U+06CD
    { 17, 18, 288, 0, 10, 39, 20530 }, // U+06CE
    { 12, 22, 218, 1, 16, 33, 20569 }, // U+06CF
    { 16, 26, 288, 1, 10, 52, 20602 }, // U+06D0
    { 16, 25, 288, 1, 10, 50, 20654 }, // U+06D1
    { 20, 10, 361, 2, 10, 25, 20704 }, // U+06D2
    { 21, 15, 361, 2, 15, 40, 20729 }, // U+06D3
    { 7, 3, 113, 0, 3, 3, 20769 }, // U+06D4
    { 10, 12, 190, 1, 12, 15, 20772 }, // U+06D5
    { 15, 10, 0, 0, 41, 19, 20787 }, // U+06D6
    { 11, 10, 0, 0, 41, 14, 20806 }, // U+06D7
    { 8, 6, 0, 0, 36, 6, 20820 }, // U+06D8
    { 7, 8, 0, -1, 39, 7, 20826 }, // U+06D9
    { 8, 7, 0, 0, 38, 7, 20833 }, // U+06DA
    { 6, 6, 0, 0, 36, 5, 20840 }, // U+06DB
    { 11, 7, 0, -1, 38, 10, 20845 }, // U+06DC
    { 33, 39, 588, 2, 31, 161, 20855 }, // U+06DD
    { 26, 26, 430, 1, 20, 85, 21016 }, // U+06DE
    { 6, 4, 0, -1, 26, 3, 21101 }, // U+06DF
    { 6, 5, 0, -1, 27, 4, 21104 }, // U+06E0
    { 6, 6, 0, -1, 27, 5, 21108 }, // U+06E1
    { 5, 8, 0, 0, 28, 5, 21113 }, // U+06E2
    { 11, 7, 0, -1, -1, 10, 21118 }, // U+06E3
    { 9, 3, 0, -1, 25, 4, 21128 }, // U+06E4
    { 5, 6, 96, 0, 5, 4, 21132 }, // U+06E5
    { 9, 4, 137, 0, 4, 5, 21136 }, // U+06E6
    { 8, 4, 0, 0, 26, 4, 21141 }, // U+06E7
    { 6, 8, 0, -1, 38, 6, 21145 }, // U+06E8
    { 15, 21, 238, 0, 19, 40, 21151 }, // U+06E9
    { 4, 4, 0, 0, -1, 2, 21191 }, // U+06EA
    { 4, 5, 0, 0, 26, 3, 21193 }, // U+06EB
    { 4, 4, 0, 0, 26, 2, 21196 }, // U+06EC
    { 5, 8, 0, 0, -1, 5, 21198 }, // U+06ED
    { 10, 18, 193, 1, 18, 23, 21203 }, // U+06EE
    { 11, 22, 180, -1, 16, 31, 21226 }, // U+06EF
    { 5, 6, 147, 2, 10, 4, 21257 }, // U+06F0
    { 6, 17, 147, 1, 17, 13, 21261 }, // U+06F1
    { 9, 18, 193, 2, 17, 21, 21274 }, // U+06F2
    { 12, 18, 223, 1, 17, 27, 21295 }, // U+06F3
    { 12, 18, 218, 1, 18, 27, 21322 }, // U+06F4
    { 12, 17, 212, 1, 17, 26, 21349 }, // U+06F5
    { 11, 18, 207, 1, 17, 25, 21375 }, // U+06F6
    { 13, 17, 204, 0, 17, 28, 21400 }, // U+06F7
    { 13, 17, 204, -1, 17, 28, 21428 }, // U+06F8
    { 11, 18, 202, 0, 18, 25, 21456 }, // U+06F9
    { 27, 24, 473, 1, 16, 81, 21481 }, // U+06FA
    { 30, 26, 512, 1, 18, 98, 21562 }, // U+06FB
    { 18, 29, 282, 1, 21, 66, 21660 }, // U+06FC
    { 12, 18, 204, 1, 9, 27, 21726 }, // U+06FD
    { 12, 20, 228, 1, 11, 30, 21753 }, // U+06FE
    { 18, 21, 295, 0, 20, 48, 21783 }, // U+06FF
    { 20, 18, 360, 1, 12, 45, 21831 }, // U+0750
    { 20, 22, 360, 1, 15, 55, 21876 }, // U+0751
    { 20, 20, 360, 1, 12, 50, 21931 }, // U+0752
    { 20, 22, 360, 1, 14, 55, 21981 }, // U+0753
    { 20, 20, 360, 1, 14, 50, 22036 }, // U+0754
    { 20, 19, 360, 1, 12, 48, 22086 }, // U+0755
    { 20, 15, 360, 1, 15, 38, 22134 }, // U+0756
    { 18, 25, 297, 1, 17, 57, 22172 }, // U+0757
    { 18, 20, 297, 1, 12, 45, 22229 }, // U+0758
    { 10, 27, 193, 1, 19, 34, 22274 }, // U+0759
    { 10, 19, 193, 1, 12, 24, 22308 }, // U+075A
    { 12, 16, 180, -1, 10, 24, 22332 }, // U+075B
    { 27, 23, 473, 1, 15, 78, 22356 }, // U+075C
    { 18, 28, 282, 1, 20, 63, 22434 }, // U+075D
    { 18, 30, 282, 1, 22, 68, 22497 }, // U+075E
    { 18, 31, 282, 1, 23, 70, 22565 }, // U+075F
    { 23, 20, 396, 1, 14, 58, 22635 }, // U+0760
    { 23, 21, 396, 1, 14, 61, 22693 }, // U+0761
    { 20, 21, 337, 1, 21, 53, 22754 }, // U+0762
    { 20, 22, 337, 1, 22, 55, 22807 }, // U+0763
    { 20, 28, 337, 1, 20, 70, 22862 }, // U+0764
    { 12, 26, 228, 2, 17, 39, 22932 }, // U+0765
    { 12, 20, 228, 2, 11, 30, 22971 }, // U+0766
    { 15, 25, 274, 1, 11, 47, 23001 }, // U+0767
    { 15, 25, 274, 1, 17, 47, 23048 }, // U+0768
    { 15, 25, 274, 1, 17, 47, 23095 }, // U+0769
    { 16, 28, 278, 1, 20, 56, 23142 }, // U+076A
    { 11, 25, 180, -1, 19, 35, 23198 }, // U+076B
    { 11, 22, 180, -1, 16, 31, 23233 }, // U+076C
    { 27, 25, 473, 1, 17, 85, 23264 }, // U+076D
    { 17, 21, 297, 1, 12, 45, 23349 }, // U+076E
    { 18, 21, 297, 1, 12, 48, 23394 }, // U+076F
    { 27, 26, 473, 1, 18, 88, 23442 }, // U+0770
    { 11, 26, 180, -1, 20, 36, 23530 }, // U+0771
    { 17, 27, 297, 1, 19, 58, 23566 }, // U+0772
    { 6, 20, 111, -1, 20, 15, 23624 }, // U+0773
    { 6, 21, 111, -1, 21, 16, 23639 }, // U+0774
    { 16, 20, 288, 1, 12, 40, 23655 }, // U+0775
    { 16, 21, 288, 1, 13, 42, 23695 }, // U+0776
    { 16, 28, 288, 1, 10, 56, 23737 }, // U+0777
    { 12, 21, 218, 0, 15, 32, 23793 }, // U+0778
    { 13, 21, 218, 0, 15, 35, 23825 }, // U+0779
    { 21, 16, 361, 1, 16, 42, 23860 }, // U+077A
    { 21, 16, 361, 1, 16, 42, 23902 }, // U+077B
    { 18, 20, 297, 1, 12, 45, 23944 }, // U+077C
    { 27, 26, 473, 1, 18, 88, 23989 }, // U+077D
    { 27, 22, 473, 1, 14, 75, 24077 }, // U+077E
    { 14, 21, 260, 1, 21, 37, 24152 }, // U+077F
    { 15, 22, 268, 1, 16, 42, 24189 }, // U+1EA1
    { 21, 28, 340, 0, 28, 74, 24231 }, // U+1EA2
    { 14, 22, 268, 1, 22, 39, 24305 }, // U+1EA3
    { 15, 27, 268, 1, 27, 51, 24344 }, // U+1EA5
    { 21, 32, 340, 0, 32, 84, 24395 }, // U+1EA6
    { 14, 27, 268, 1, 27, 48, 24479 }, // U+1EA7
    { 21, 32, 340, 0, 32, 84, 24527 }, // U+1EA8
    { 14, 27, 268, 1, 27, 48, 24611 }, // U+1EA9
    { 14, 27, 268, 1, 27, 48, 24659 }, // U+1EAB
    { 21, 34, 340, 0, 28, 90, 24707 }, // U+1EAC
    { 15, 29, 268, 1, 23, 55, 24797 }, // U+1EAD
    { 21, 32, 340, 0, 32, 84, 24852 }, // U+1EAE
    { 14, 27, 268, 1, 27, 48, 24936 }, // U+1EAF
    { 14, 27, 268, 1, 27, 48, 24984 }, // U+1EB1
    { 14, 27, 268, 1, 27, 48, 25032 }, // U+1EB5
    { 14, 28, 268, 1, 22, 49, 25080 }, // U+1EB7
    { 15, 22, 276, 1, 16, 42, 25129 }, // U+1EB9
    { 15, 22, 276, 1, 22, 42, 25171 }, // U+1EBB
    { 15, 21, 276, 1, 21, 40, 25213 }, // U+1EBD
    { 15, 27, 276, 1, 27, 51, 25253 }, // U+1EBF
    { 14, 32, 283, 2, 32, 56, 25304 }, // U+1EC0
    { 15, 27, 276, 1, 27, 51, 25360 }, // U+1EC1
    { 15, 27, 276, 1, 27, 51, 25411 }, // U+1EC3
    { 15, 29, 276, 1, 23, 55, 25462 }, // U+1EC7
    { 6, 22, 122, 1, 22, 17, 25517 }, // U+1EC9
    { 4, 28, 122, 2, 22, 14, 25534 }, // U+1ECB
    { 20, 27, 359, 1, 21, 68, 25548 }, // U+1ECC
    { 15, 22, 284, 1, 16, 42, 25616 }, // U+1ECD
    { 15, 22, 284, 1, 22, 42, 25658 }, // U+1ECF
    { 20, 32, 359, 1, 32, 80, 25700 }, // U+1ED0
    { 15, 27, 284, 1, 27, 51, 25780 }, // U+1ED1
    { 20, 32, 359, 1, 32, 80, 25831 }, // U+1ED2
    { 15, 27, 284, 1, 27, 51, 25911 }, // U+1ED3
    { 15, 27, 284, 1, 27, 51, 25962 }, // U+1ED5
    { 15, 27, 284, 1, 27, 51, 26013 }, // U+1ED7
    { 20, 34, 359, 1, 28, 85, 26064 }, // U+1ED8
    { 15, 29, 284, 1, 23, 55, 26149 }, // U+1ED9
    { 16, 22, 283, 1, 22, 44, 26204 }, // U+1EDB
    { 16, 22, 283, 1, 22, 44, 26248 }, // U+1EDD
    { 20, 28, 361, 1, 28, 70, 26292 }, // U+1EDE
    { 16, 22, 283, 1, 22, 44, 26362 }, // U+1EDF
    { 16, 21, 283, 1, 21, 42, 26406 }, // U+1EE1
    { 16, 26, 283, 1, 20, 52, 26448 }, // U+1EE3
    { 14, 22, 286, 2, 16, 39, 26500 }, // U+1EE5
    { 17, 28, 343, 2, 28, 60, 26539 }, // U+1EE6
    { 14, 22, 286, 2, 22, 39, 26599 }, // U+1EE7
    { 16, 22, 302, 2, 22, 44, 26638 }, // U+1EE9
    { 16, 22, 302, 2, 22, 44, 26682 }, // U+1EEB
    { 16, 22, 302, 2, 22, 44, 26726 }, // U+1EED
    { 16, 21, 302, 2, 21, 42, 26770 }, // U+1EEF
    { 16, 26, 302, 2, 20, 52, 26812 }, // U+1EF1
    { 2, 21, 0, -1, 20, 6, 26864 }, // U+200C
    { 7, 21, 0, -3, 20, 19, 26870 }, // U+200D
    { 8, 22, 0, -1, 20, 22, 26889 }, // U+200E
    { 7, 22, 0, -6, 20, 20, 26911 }, // U+200F
    { 15, 3, 233, 0, 10, 6, 26931 }, // U+2013
    { 29, 3, 467, 0, 10, 11, 26937 }, // U+2014
    { 6, 9, 137, 2, 21, 7, 26948 }, // U+2018
    { 6, 9, 137, 2, 22, 7, 26955 }, // U+2019
    { 12, 9, 237, 2, 21, 14, 26962 }, // U+201C
    { 12, 9, 234, 2, 22, 14, 26976 }, // U+201D
    { 12, 9, 224, 1, 4, 14, 26990 }, // U+201E
    { 23, 5, 446, 2, 5, 15, 27004 }, // U+2026
    { 9, 26, 118, 0, 26, 30, 27019 }, // U+FB51
    { 24, 16, 381, 1, 8, 48, 27049 }, // U+FB57
    { 10, 20, 160, 0, 12, 25, 27097 }, // U+FB58
    { 11, 15, 168, 0, 7, 21, 27122 }, // U+FB59
    { 19, 20, 311, 1, 11, 48, 27143 }, // U+FB7B
    { 19, 17, 297, 0, 10, 41, 27191 }, // U+FB7C
    { 20, 17, 311, 0, 10, 43, 27232 }, // U+FB7D
    { 14, 24, 189, -1, 18, 42, 27275 }, // U+FB8B
    { 22, 20, 362, 1, 20, 55, 27317 }, // U+FB8F
    { 12, 20, 194, 0, 20, 30, 27372 }, // U+FB90
    { 14, 20, 214, 0, 20, 35, 27402 }, // U+FB91
    { 22, 22, 362, 1, 22, 61, 27437 }, // U+FB93
    { 13, 22, 194, -1, 22, 36, 27498 }, // U+FB94
    { 14, 23, 214, 0, 23, 41, 27534 }, // U+FB95
    { 19, 11, 321, 1, 3, 27, 27575 }, // U+FBFD
    { 10, 18, 160, 0, 12, 23, 27602 }, // U+FBFE
    { 11, 13, 168, 0, 7, 18, 27625 }, // U+FBFF
    { 10, 24, 118, -1, 24, 30, 27643 }, // U+FE82
    { 7, 26, 118, 1, 26, 23, 27673 }, // U+FE84
    { 14, 23, 218, 1, 17, 41, 27696 }, // U+FE86
    { 7, 26, 118, 2, 20, 23, 27737 }, // U+FE88
    { 19, 16, 321, 1, 8, 38, 27760 }, // U+FE8A
    { 7, 17, 128, 0, 17, 15, 27798 }, // U+FE8B
    { 9, 14, 136, 0, 14, 16, 27813 }, // U+FE8C
    { 7, 20, 118, 2, 20, 18, 27829 }, // U+FE8E
    { 24, 15, 381, 1, 8, 45, 27847 }, // U+FE90
    { 7, 19, 128, 0, 12, 17, 27892 }, // U+FE91
    { 9, 14, 136, 0, 7, 16, 27909 }, // U+FE92
    { 12, 18, 211, 2, 18, 27, 27925 }, // U+FE94
    { 24, 14, 381, 1, 14, 42, 27952 }, // U+FE96
    { 9, 17, 128, 0, 17, 20, 27994 }, // U+FE97
    { 11, 13, 168, 0, 13, 18, 28014 }, // U+FE98
    { 24, 15, 381, 1, 15, 45, 28032 }, // U+FE9A
    { 9, 19, 128, 0, 19, 22, 28077 }, // U+FE9B
    { 11, 15, 168, 0, 15, 21, 28099 }, // U+FE9C
    { 19, 20, 311, 1, 11, 48, 28120 }, // U+FE9E
    { 19, 16, 297, 0, 10, 38, 28168 }, // U+FE9F
    { 20, 16, 311, 0, 10, 40, 28206 }, // U+FEA0
    { 19, 20, 311, 1, 11, 48, 28246 }, // U+FEA2
    { 19, 10, 297, 0, 10, 24, 28294 }, // U+FEA3
    { 20, 10, 311, 0, 10, 25, 28318 }, // U+FEA4
    { 19, 26, 311, 1, 17, 62, 28343 }, // U+FEA6
    { 19, 17, 297, 0, 17, 41, 28405 }, // U+FEA7
    { 20, 17, 311, 0, 17, 43, 28446 }, // U+FEA8
    { 13, 12, 221, 1, 12, 20, 28489 }, // U+FEAA
    { 13, 18, 221, 1, 18, 30, 28509 }, // U+FEAC
    { 14, 17, 189, -1, 11, 30, 28539 }, // U+FEAE
    { 14, 22, 189, -1, 16, 39, 28569 }, // U+FEB0
    { 29, 16, 475, 1, 8, 58, 28608 }, // U+FEB2
    { 18, 11, 307, 0, 11, 25, 28666 }, // U+FEB3
    { 20, 8, 309, 0, 8, 20, 28691 }, // U+FEB4
    { 29, 24, 475, 1, 16, 87, 28711 }, // U+FEB6
    { 18, 16, 307, 0, 16, 36, 28798 }, // U+FEB7
    { 20, 16, 309, 0, 16, 40, 28834 }, // U+FEB8
    { 32, 19, 513, 1, 11, 76, 28874 }, // U+FEBA
    { 21, 11, 367, 0, 11, 29, 28950 }, // U+FEBB
    { 24, 11, 363, 0, 11, 33, 28979 }, // U+FEBC
    { 32, 26, 513, 1, 18, 104, 29012 }, // U+FEBE
    { 21, 18, 367, 0, 18, 48, 29116 }, // U+FEBF
    { 24, 18, 363, 0, 18, 54, 29164 }, // U+FEC0
    { 23, 20, 362, 1, 20, 58, 29218 }, // U+FEC2
    { 18, 20, 308, 0, 20, 45, 29276 }, // U+FEC3
    { 19, 20, 294, 0, 20, 48, 29321 }, // U+FEC4
    { 23, 20, 362, 1, 20, 58, 29369 }, // U+FEC6
    { 18, 20, 308, 0, 20, 45, 29427 }, // U+FEC7
    { 19, 20, 294, 0, 20, 48, 29472 }, // U+FEC8
    { 15, 20, 223, 1, 11, 38, 29520 }, // U+FECA
    { 14, 11, 236, 0, 11, 20, 29558 }, // U+FECB
    { 13, 11, 193, 0, 11, 18, 29578 }, // U+FECC
    { 15, 26, 223, 1, 17, 49, 29596 }, // U+FECE
    { 14, 17, 236, 0, 17, 30, 29645 }, // U+FECF
    { 13, 17, 193, 0, 17, 28, 29675 }, // U+FED0
    { 24, 17, 381, 1, 17, 51, 29703 }, // U+FED2
    { 12, 20, 196, -1, 20, 30, 29754 }, // U+FED3
    { 12, 17, 181, 0, 17, 26, 29784 }, // U+FED4
    { 18, 24, 300, 1, 16, 54, 29810 }, // U+FED6
    { 12, 19, 196, -1, 19, 29, 29864 }, // U+FED7
    { 12, 17, 181, 0, 17, 26, 29893 }, // U+FED8
    { 21, 21, 344, 1, 21, 56, 29919 }, // U+FEDA
    { 12, 20, 194, 0, 20, 30, 29975 }, // U+FEDB
    { 14, 20, 214, 0, 20, 35, 30005 }, // U+FEDC
    { 17, 28, 276, 1, 20, 60, 30040 }, // U+FEDE
    { 5, 20, 99, 0, 20, 13, 30100 }, // U+FEDF
    { 8, 20, 114, 0, 20, 20, 30113 }, // U+FEE0
    { 14, 19, 246, 2, 10, 34, 30133 }, // U+FEE2
    { 13, 10, 213, 0, 10, 17, 30167 }, // U+FEE3
    { 13, 10, 193, 0, 10, 17, 30184 }, // U+FEE4
    { 17, 20, 273, 1, 12, 43, 30201 }, // U+FEE6
    { 7, 18, 128, 0, 18, 16, 30244 }, // U+FEE7
    { 9, 14, 136, 0, 14, 16, 30260 }, // U+FEE8
    { 12, 13, 211, 2, 13, 20, 30276 }, // U+FEEA
    { 15, 14, 237, -1, 13, 27, 30296 }, // U+FEEB
    { 12, 19, 178, 0, 13, 29, 30323 }, // U+FEEC
    { 14, 16, 218, 1, 10, 28, 30352 }, // U+FEEE
    { 19, 11, 321, 1, 3, 27, 30380 }, // U+FEF0
    { 19, 16, 321, 1, 3, 38, 30407 }, // U+FEF2
    { 10, 18, 160, 0, 12, 23, 30445 }, // U+FEF3
    { 11, 13, 168, 0, 7, 18, 30468 }, // U+FEF4
    { 17, 21, 242, -3, 21, 45, 30486 }, // U+FEF5
    { 21, 21, 285, -2, 21, 56, 30531 }, // U+FEF6
    { 14, 23, 242, 0, 23, 41, 30587 }, // U+FEF7
    { 18, 22, 285, 1, 22, 50, 30628 }, // U+FEF8
    { 13, 29, 242, 0, 20, 48, 30678 }, // U+FEF9
    { 18, 29, 285, 1, 20, 66, 30726 }, // U+FEFA
    { 14, 20, 242, 0, 20, 35, 30792 }, // U+FEFB
    { 18, 20, 285, 1, 20, 45, 30827 }, // U+FEFC
};

static const EpdUnicodeInterval ui_14_semiboldIntervals[] = {
    { 0x20, 0x7E, 0x0 },
    { 0xA0, 0xA1, 0x5F },
    { 0xAB, 0xAB, 0x61 },
    { 0xB0, 0xB0, 0x62 },
    { 0xB7, 0xB7, 0x63 },
    { 0xBA, 0xBB, 0x64 },
    { 0xBF, 0xC2, 0x66 },
    { 0xC4, 0xC7, 0x6A },
    { 0xC9, 0xCA, 0x6E },
    { 0xCD, 0xCE, 0x70 },
    { 0xD2, 0xD3, 0x72 },
    { 0xD6, 0xD6, 0x74 },
    { 0xD8, 0xDA, 0x75 },
    { 0xDC, 0xDD, 0x78 },
    { 0xDF, 0xEF, 0x7A },
    { 0xF1, 0xF6, 0x8B },
    { 0xF8, 0xFA, 0x91 },
    { 0xFC, 0xFD, 0x94 },
    { 0x103, 0x103, 0x96 },
    { 0x105, 0x105, 0x97 },
    { 0x107, 0x107, 0x98 },
    { 0x10C, 0x111, 0x99 },
    { 0x116, 0x11B, 0x9F },
    { 0x11E, 0x11F, 0xA5 },
    { 0x129, 0x129, 0xA7 },
    { 0x12E, 0x131, 0xA8 },
    { 0x13A, 0x13A, 0xAC },
    { 0x13D, 0x13E, 0xAD },
    { 0x141, 0x142, 0xAF },
    { 0x144, 0x144, 0xB1 },
    { 0x148, 0x148, 0xB2 },
    { 0x151, 0x151, 0xB3 },
    { 0x155, 0x155, 0xB4 },
    { 0x158, 0x15B, 0xB5 },
    { 0x15E, 0x161, 0xB9 },
    { 0x163, 0x165, 0xBD },
    { 0x16B, 0x16B, 0xC0 },
    { 0x16E, 0x173, 0xC1 },
    { 0x17A, 0x17A, 0xC7 },
    { 0x17C, 0x17E, 0xC8 },
    { 0x1A1, 0x1A1, 0xCB },
    { 0x1B0, 0x1B0, 0xCC },
    { 0x218, 0x21B, 0xCD },
    { 0x404, 0x404, 0xD1 },
    { 0x406, 0x406, 0xD2 },
    { 0x410, 0x429, 0xD3 },
    { 0x42B, 0x42D, 0xED },
    { 0x42F, 0x44F, 0xF0 },
    { 0x451, 0x451, 0x111 },
    { 0x454, 0x454, 0x112 },
    { 0x456, 0x457, 0x113 },
    { 0x45E, 0x45E, 0x115 },
    { 0x491, 0x493, 0x116 },
    { 0x49A, 0x49B, 0x119 },
    { 0x4A2, 0x4A3, 0x11B },
    { 0x4AE, 0x4B1, 0x11D },
    { 0x4D8, 0x4D9, 0x121 },
    { 0x4E8, 0x4E9, 0x123 },
    { 0x591, 0x5C7, 0x125 },
    { 0x5D0, 0x5EA, 0x15C },
    { 0x5EF, 0x5F4, 0x177 },
    { 0x600, 0x6FF, 0x17D },
    { 0x750, 0x77F, 0x27D },
    { 0x1EA1, 0x1EA3, 0x2AD },
    { 0x1EA5, 0x1EA9, 0x2B0 },
    { 0x1EAB, 0x1EAF, 0x2B5 },
    { 0x1EB1, 0x1EB1, 0x2BA },
    { 0x1EB5, 0x1EB5, 0x2BB },
    { 0x1EB7, 0x1EB7, 0x2BC },
    { 0x1EB9, 0x1EB9, 0x2BD },
    { 0x1EBB, 0x1EBB, 0x2BE },
    { 0x1EBD, 0x1EBD, 0x2BF },
    { 0x1EBF, 0x1EC1, 0x2C0 },
    { 0x1EC3, 0x1EC3, 0x2C3 },
    { 0x1EC7, 0x1EC7, 0x2C4 },
    { 0x1EC9, 0x1EC9, 0x2C5 },
    { 0x1ECB, 0x1ECD, 0x2C6 },
    { 0x1ECF, 0x1ED3, 0x2C9 },
    { 0x1ED5, 0x1ED5, 0x2CE },
    { 0x1ED7, 0x1ED9, 0x2CF },
    { 0x1EDB, 0x1EDB, 0x2D2 },
    { 0x1EDD, 0x1EDF, 0x2D3 },
    { 0x1EE1, 0x1EE1, 0x2D6 },
    { 0x1EE3, 0x1EE3, 0x2D7 },
    { 0x1EE5, 0x1EE7, 0x2D8 },
    { 0x1EE9, 0x1EE9, 0x2DB },
    { 0x1EEB, 0x1EEB, 0x2DC },
    { 0x1EED, 0x1EED, 0x2DD },
    { 0x1EEF, 0x1EEF, 0x2DE },
    { 0x1EF1, 0x1EF1, 0x2DF },
    { 0x200C, 0x200F, 0x2E0 },
    { 0x2013, 0x2014, 0x2E4 },
    { 0x2018, 0x2019, 0x2E6 },
    { 0x201C, 0x201E, 0x2E8 },
    { 0x2026, 0x2026, 0x2EB },
    { 0xFB51, 0xFB51, 0x2EC },
    { 0xFB57, 0xFB59, 0x2ED },
    { 0xFB7B, 0xFB7D, 0x2F0 },
    { 0xFB8B, 0xFB8B, 0x2F3 },
    { 0xFB8F, 0xFB91, 0x2F4 },
    { 0xFB93, 0xFB95, 0x2F7 },
    { 0xFBFD, 0xFBFF, 0x2FA },
    { 0xFE82, 0xFE82, 0x2FD },
    { 0xFE84, 0xFE84, 0x2FE },
    { 0xFE86, 0xFE86, 0x2FF },
    { 0xFE88, 0xFE88, 0x300 },
    { 0xFE8A, 0xFE8C, 0x301 },
    { 0xFE8E, 0xFE8E, 0x304 },
    { 0xFE90, 0xFE92, 0x305 },
    { 0xFE94, 0xFE94, 0x308 },
    { 0xFE96, 0xFE98, 0x309 },
    { 0xFE9A, 0xFE9C, 0x30C },
    { 0xFE9E, 0xFEA0, 0x30F },
    { 0xFEA2, 0xFEA4, 0x312 },
    { 0xFEA6, 0xFEA8, 0x315 },
    { 0xFEAA, 0xFEAA, 0x318 },
    { 0xFEAC, 0xFEAC, 0x319 },
    { 0xFEAE, 0xFEAE, 0x31A },
    { 0xFEB0, 0xFEB0, 0x31B },
    { 0xFEB2, 0xFEB4, 0x31C },
    { 0xFEB6, 0xFEB8, 0x31F },
    { 0xFEBA, 0xFEBC, 0x322 },
    { 0xFEBE, 0xFEC0, 0x325 },
    { 0xFEC2, 0xFEC4, 0x328 },
    { 0xFEC6, 0xFEC8, 0x32B },
    { 0xFECA, 0xFECC, 0x32E },
    { 0xFECE, 0xFED0, 0x331 },
    { 0xFED2, 0xFED4, 0x334 },
    { 0xFED6, 0xFED8, 0x337 },
    { 0xFEDA, 0xFEDC, 0x33A },
    { 0xFEDE, 0xFEE0, 0x33D },
    { 0xFEE2, 0xFEE4, 0x340 },
    { 0xFEE6, 0xFEE8, 0x343 },
    { 0xFEEA, 0xFEEC, 0x346 },
    { 0xFEEE, 0xFEEE, 0x349 },
    { 0xFEF0, 0xFEF0, 0x34A },
    { 0xFEF2, 0xFEFC, 0x34B },
};

static const EpdKernClassEntry ui_14_semiboldKernLeftClasses[] = {
    { 0x0022, 1 }, // "
    { 0x0024, 2 }, // $
    { 0x0025, 3 }, // %
    { 0x0026, 4 }, // &
    { 0x0027, 1 }, // '
    { 0x0028, 5 }, // (
    { 0x0029, 6 }, // )
    { 0x002A, 7 }, // *
    { 0x002B, 8 }, // +
    { 0x002C, 9 }, // ,
    { 0x002D, 8 }, // -
    { 0x002E, 9 }, // .
    { 0x002F, 10 }, // /
    { 0x0030, 11 }, // 0
    { 0x0031, 12 }, // 1
    { 0x0032, 13 }, // 2
    { 0x0033, 14 }, // 3
    { 0x0034, 15 }, // 4
    { 0x0035, 16 }, // 5
    { 0x0036, 17 }, // 6
    { 0x0037, 18 }, // 7
    { 0x0038, 14 }, // 8
    { 0x0039, 11 }, // 9
    { 0x003A, 19 }, // :
    { 0x003B, 19 }, // ;
    { 0x003D, 20 }, // =
    { 0x003E, 21 }, // >
    { 0x003F, 22 }, // ?
    { 0x0040, 23 }, // @
    { 0x0041, 24 }, // A
    { 0x0042, 25 }, // B
    { 0x0043, 26 }, // C
    { 0x0044, 23 }, // D
    { 0x0045, 27 }, // E
    { 0x0046, 28 }, // F
    { 0x0047, 29 }, // G
    { 0x0048, 12 }, // H
    { 0x0049, 12 }, // I
    { 0x004A, 30 }, // J
    { 0x004B, 31 }, // K
    { 0x004C, 32 }, // L
    { 0x004D, 12 }, // M
    { 0x004E, 12 }, // N
    { 0x004F, 23 }, // O
    { 0x0050, 33 }, // P
    { 0x0051, 23 }, // Q
    { 0x0052, 34 }, // R
    { 0x0053, 2 }, // S
    { 0x0054, 35 }, // T
    { 0x0055, 30 }, // U
    { 0x0056, 36 }, // V
    { 0x0057, 37 }, // W
    { 0x0058, 38 }, // X
    { 0x0059, 39 }, // Y
    { 0x005A, 40 }, // Z
    { 0x005B, 5 }, // [
    { 0x005C, 41 }, // <backslash>
    { 0x005D, 6 }, // ]
    { 0x005E, 7 }, // ^
    { 0x005F, 42 }, // _
    { 0x0061, 43 }, // a
    { 0x0062, 44 }, // b
    { 0x0063, 44 }, // c
    { 0x0064, 12 }, // d
    { 0x0065, 44 }, // e
    { 0x0066, 45 }, // f
    { 0x0067, 46 }, // g
    { 0x0068, 43 }, // h
    { 0x0069, 47 }, // i
    { 0x006A, 47 }, // j
    { 0x006B, 48 }, // k
    { 0x006C, 12 }, // l
    { 0x006D, 43 }, // m
    { 0x006E, 43 }, // n
    { 0x006F, 44 }, // o
    { 0x0070, 44 }, // p
    { 0x0071, 46 }, // q
    { 0x0072, 49 }, // r
    { 0x0073, 50 }, // s
    { 0x0074, 51 }, // t
    { 0x0075, 52 }, // u
    { 0x0076, 53 }, // v
    { 0x0077, 54 }, // w
    { 0x0078, 55 }, // x
    { 0x0079, 53 }, // y
    { 0x007A, 56 }, // z
    { 0x007B, 5 }, // {
    { 0x007C, 12 }, // |
    { 0x007D, 6 }, // }
    { 0x007E, 57 }, // ~
    { 0x00A1, 58 }, // U+00A1
    { 0x00AB, 59 }, // U+00AB
    { 0x00B0, 7 }, // U+00B0
    { 0x00B7, 60 }, // U+00B7
    { 0x00BA, 61 }, // U+00BA
    { 0x00BB, 62 }, // U+00BB
    { 0x00BF, 63 }, // U+00BF
    { 0x00C0, 24 }, // U+00C0
    { 0x00C1, 24 }, // U+00C1
    { 0x00C2, 24 }, // U+00C2
    { 0x00C4, 24 }, // U+00C4
    { 0x00C5, 24 }, // U+00C5
    { 0x00C6, 27 }, // U+00C6
    { 0x00C7, 26 }, // U+00C7
    { 0x00C9, 27 }, // U+00C9
    { 0x00CA, 27 }, // U+00CA
    { 0x00CD, 12 }, // U+00CD
    { 0x00CE, 64 }, // U+00CE
    { 0x00D2, 23 }, // U+00D2
    { 0x00D3, 23 }, // U+00D3
    { 0x00D6, 23 }, // U+00D6
    { 0x00D8, 23 }, // U+00D8
    { 0x00D9, 30 }, // U+00D9
    { 0x00DA, 30 }, // U+00DA
    { 0x00DC, 30 }, // U+00DC
    { 0x00DD, 39 }, // U+00DD
    { 0x00DF, 65 }, // U+00DF
    { 0x00E0, 43 }, // U+00E0
    { 0x00E1, 43 }, // U+00E1
    { 0x00E2, 43 }, // U+00E2
    { 0x00E3, 43 }, // U+00E3
    { 0x00E4, 43 }, // U+00E4
    { 0x00E5, 43 }, // U+00E5
    { 0x00E6, 66 }, // U+00E6
    { 0x00E7, 44 }, // U+00E7
    { 0x00E8, 44 }, // U+00E8
    { 0x00E9, 44 }, // U+00E9
    { 0x00EA, 44 }, // U+00EA
    { 0x00EB, 44 }, // U+00EB
    { 0x00EC, 47 }, // U+00EC
    { 0x00ED, 47 }, // U+00ED
    { 0x00EE, 67 }, // U+00EE
    { 0x00EF, 68 }, // U+00EF
    { 0x00F1, 69 }, // U+00F1
    { 0x00F2, 44 }, // U+00F2
    { 0x00F3, 44 }, // U+00F3
    { 0x00F4, 44 }, // U+00F4
    { 0x00F5, 70 }, // U+00F5
    { 0x00F6, 70 }, // U+00F6
    { 0x00F8, 44 }, // U+00F8
    { 0x00F9, 52 }, // U+00F9
    { 0x00FA, 52 }, // U+00FA
    { 0x00FC, 52 }, // U+00FC
    { 0x00FD, 53 }, // U+00FD
    { 0x0103, 43 }, // U+0103
    { 0x0105, 43 }, // U+0105
    { 0x0107, 44 }, // U+0107
    { 0x010C, 26 }, // U+010C
    { 0x010D, 44 }, // U+010D
    { 0x010E, 23 }, // U+010E
    { 0x010F, 71 }, // U+010F
    { 0x0111, 72 }, // U+0111
    { 0x0116, 27 }, // U+0116
    { 0x0117, 44 }, // U+0117
    { 0x0118, 27 }, // U+0118
    { 0x0119, 44 }, // U+0119
    { 0x011A, 27 }, // U+011A
    { 0x011B, 44 }, // U+011B
    { 0x011E, 29 }, // U+011E
    { 0x011F, 46 }, // U+011F
    { 0x0129, 73 }, // U+0129
    { 0x012E, 12 }, // U+012E
    { 0x012F, 47 }, // U+012F
    { 0x0130, 12 }, // U+0130
    { 0x0131, 47 }, // U+0131
    { 0x013A, 12 }, // U+013A
    { 0x013D, 74 }, // U+013D
    { 0x013E, 12 }, // U+013E
    { 0x0141, 75 }, // U+0141
    { 0x0142, 76 }, // U+0142
    { 0x0144, 43 }, // U+0144
    { 0x0148, 43 }, // U+0148
    { 0x0151, 44 }, // U+0151
    { 0x0155, 49 }, // U+0155
    { 0x0158, 34 }, // U+0158
    { 0x0159, 49 }, // U+0159
    { 0x015A, 2 }, // U+015A
    { 0x015B, 50 }, // U+015B
    { 0x015E, 2 }, // U+015E
    { 0x015F, 50 }, // U+015F
    { 0x0160, 2 }, // U+0160
    { 0x0161, 50 }, // U+0161
    { 0x0163, 51 }, // U+0163
    { 0x0164, 77 }, // U+0164
    { 0x0165, 51 }, // U+0165
    { 0x016B, 52 }, // U+016B
    { 0x016E, 30 }, // U+016E
    { 0x016F, 52 }, // U+016F
    { 0x0170, 30 }, // U+0170
    { 0x0171, 52 }, // U+0171
    { 0x0172, 30 }, // U+0172
    { 0x0173, 52 }, // U+0173
    { 0x017A, 56 }, // U+017A
    { 0x017C, 56 }, // U+017C
    { 0x017D, 40 }, // U+017D
    { 0x017E, 56 }, // U+017E
    { 0x01A1, 78 }, // U+01A1
    { 0x01B0, 79 }, // U+01B0
    { 0x0218, 2 }, // U+0218
    { 0x0219, 50 }, // U+0219
    { 0x021A, 35 }, // U+021A
    { 0x021B, 51 }, // U+021B
    { 0x0404, 80 }, // U+0404
    { 0x0406, 12 }, // U+0406
    { 0x0410, 24 }, // U+0410
    { 0x0411, 25 }, // U+0411
    { 0x0412, 25 }, // U+0412
    { 0x0413, 35 }, // U+0413
    { 0x0414, 81 }, // U+0414
    { 0x0415, 27 }, // U+0415
    { 0x0416, 82 }, // U+0416
    { 0x0417, 14 }, // U+0417
    { 0x0418, 12 }, // U+0418
    { 0x0419, 12 }, // U+0419
    { 0x041A, 31 }, // U+041A
    { 0x041B, 12 }, // U+041B
    { 0x041C, 12 }, // U+041C
    { 0x041D, 12 }, // U+041D
    { 0x041E, 23 }, // U+041E
    { 0x041F, 12 }, // U+041F
    { 0x0420, 33 }, // U+0420
    { 0x0421, 26 }, // U+0421
    { 0x0422, 35 }, // U+0422
    { 0x0423, 39 }, // U+0423
    { 0x0424, 83 }, // U+0424
    { 0x0425, 38 }, // U+0425
    { 0x0426, 81 }, // U+0426
    { 0x0427, 12 }, // U+0427
    { 0x0428, 12 }, // U+0428
    { 0x0429, 81 }, // U+0429
    { 0x042B, 12 }, // U+042B
    { 0x042C, 44 }, // U+042C
    { 0x042D, 23 }, // U+042D
    { 0x0430, 43 }, // U+0430
    { 0x0432, 50 }, // U+0432
    { 0x0433, 49 }, // U+0433
    { 0x0434, 84 }, // U+0434
    { 0x0435, 44 }, // U+0435
    { 0x0436, 55 }, // U+0436
    { 0x0437, 43 }, // U+0437
    { 0x0438, 43 }, // U+0438
    { 0x0439, 43 }, // U+0439
    { 0x043A, 48 }, // U+043A
    { 0x043B, 43 }, // U+043B
    { 0x043C, 43 }, // U+043C
    { 0x043D, 43 }, // U+043D
    { 0x043E, 44 }, // U+043E
    { 0x043F, 43 }, // U+043F
    { 0x0440, 44 }, // U+0440
    { 0x0441, 44 }, // U+0441
    { 0x0442, 85 }, // U+0442
    { 0x0443, 53 }, // U+0443
    { 0x0444, 44 }, // U+0444
    { 0x0445, 55 }, // U+0445
    { 0x0446, 84 }, // U+0446
    { 0x0447, 43 }, // U+0447
    { 0x0448, 43 }, // U+0448
    { 0x0449, 84 }, // U+0449
    { 0x044A, 86 }, // U+044A
    { 0x044B, 47 }, // U+044B
    { 0x044C, 86 }, // U+044C
    { 0x044D, 44 }, // U+044D
    { 0x044E, 44 }, // U+044E
    { 0x044F, 43 }, // U+044F
    { 0x0451, 44 }, // U+0451
    { 0x0454, 44 }, // U+0454
    { 0x0456, 47 }, // U+0456
    { 0x0457, 68 }, // U+0457
    { 0x045E, 53 }, // U+045E
    { 0x0491, 49 }, // U+0491
    { 0x0492, 35 }, // U+0492
    { 0x0493, 49 }, // U+0493
    { 0x049A, 31 }, // U+049A
    { 0x049B, 48 }, // U+049B
    { 0x04A2, 51 }, // U+04A2
    { 0x04A3, 51 }, // U+04A3
    { 0x04AE, 39 }, // U+04AE
    { 0x04AF, 53 }, // U+04AF
    { 0x04B0, 87 }, // U+04B0
    { 0x04B1, 53 }, // U+04B1
    { 0x04D9, 44 }, // U+04D9
    { 0x04E8, 23 }, // U+04E8
    { 0x04E9, 44 }, // U+04E9
    { 0x05D0, 88 }, // U+05D0
    { 0x05D1, 89 }, // U+05D1
    { 0x05D2, 90 }, // U+05D2
    { 0x05D3, 91 }, // U+05D3
    { 0x05D5, 92 }, // U+05D5
    { 0x05D6, 93 }, // U+05D6
    { 0x05D8, 94 }, // U+05D8
    { 0x05D9, 95 }, // U+05D9
    { 0x05DB, 96 }, // U+05DB
    { 0x05DC, 97 }, // U+05DC
    { 0x05DE, 98 }, // U+05DE
    { 0x05E0, 99 }, // U+05E0
    { 0x05E1, 100 }, // U+05E1
    { 0x05E2, 101 }, // U+05E2
    { 0x05E4, 102 }, // U+05E4
    { 0x05E6, 103 }, // U+05E6
    { 0x05E8, 104 }, // U+05E8
    { 0x05E9, 105 }, // U+05E9
    { 0x05EA, 106 }, // U+05EA
    { 0x1EA1, 43 }, // U+1EA1
    { 0x1EA2, 24 }, // U+1EA2
    { 0x1EA3, 43 }, // U+1EA3
    { 0x1EA5, 43 }, // U+1EA5
    { 0x1EA6, 24 }, // U+1EA6
    { 0x1EA7, 43 }, // U+1EA7
    { 0x1EA8, 24 }, // U+1EA8
    { 0x1EA9, 43 }, // U+1EA9
    { 0x1EAB, 43 }, // U+1EAB
    { 0x1EAC, 24 }, // U+1EAC
    { 0x1EAD, 43 }, // U+1EAD
    { 0x1EAE, 24 }, // U+1EAE
    { 0x1EAF, 43 }, // U+1EAF
    { 0x1EB1, 43 }, // U+1EB1
    { 0x1EB5, 43 }, // U+1EB5
    { 0x1EB7, 43 }, // U+1EB7
    { 0x1EB9, 44 }, // U+1EB9
    { 0x1EBB, 44 }, // U+1EBB
    { 0x1EBD, 44 }, // U+1EBD
    { 0x1EBF, 44 }, // U+1EBF
    { 0x1EC0, 27 }, // U+1EC0
    { 0x1EC1, 44 }, // U+1EC1
    { 0x1EC3, 44 }, // U+1EC3
    { 0x1EC7, 44 }, // U+1EC7
    { 0x1EC9, 107 }, // U+1EC9
    { 0x1ECB, 47 }, // U+1ECB
    { 0x1ECC, 23 }, // U+1ECC
    { 0x1ECD, 44 }, // U+1ECD
    { 0x1ECF, 44 }, // U+1ECF
    { 0x1ED0, 23 }, // U+1ED0
    { 0x1ED1, 44 }, // U+1ED1
    { 0x1ED2, 23 }, // U+1ED2
    { 0x1ED3, 44 }, // U+1ED3
    { 0x1ED5, 44 }, // U+1ED5
    { 0x1ED7, 44 }, // U+1ED7
    { 0x1ED8, 23 }, // U+1ED8
    { 0x1ED9, 44 }, // U+1ED9
    { 0x1EDB, 44 }, // U+1EDB
    { 0x1EDD, 44 }, // U+1EDD
    { 0x1EDE, 23 }, // U+1EDE
    { 0x1EDF, 44 }, // U+1EDF
    { 0x1EE1, 44 }, // U+1EE1
    { 0x1EE3, 44 }, // U+1EE3
    { 0x1EE5, 52 }, // U+1EE5
    { 0x1EE6, 30 }, // U+1EE6
    { 0x1EE7, 52 }, // U+1EE7
    { 0x1EE9, 52 }, // U+1EE9
    { 0x1EEB, 52 }, // U+1EEB
    { 0x1EED, 79 }, // U+1EED
    { 0x1EEF, 52 }, // U+1EEF
    { 0x1EF1, 52 }, // U+1EF1
    { 0x2018, 108 }, // U+2018
    { 0x2019, 109 }, // U+2019
    { 0x201C, 108 }, // U+201C
    { 0x201D, 109 }, // U+201D
    { 0x201E, 110 }, // U+201E
    { 0x2026, 9 }, // U+2026
};

static const EpdKernClassEntry ui_14_semiboldKernRightClasses[] = {
    { 0x0020, 1 }, // U+0020
    { 0x0021, 2 }, // !
    { 0x0022, 3 }, // "
    { 0x0023, 4 }, // #
    { 0x0024, 5 }, // $
    { 0x0026, 6 }, // &
    { 0x0027, 3 }, // '
    { 0x0028, 7 }, // (
    { 0x0029, 8 }, // )
    { 0x002A, 9 }, // *
    { 0x002B, 10 }, // +
    { 0x002C, 11 }, // ,
    { 0x002D, 12 }, // -
    { 0x002E, 13 }, // .
    { 0x002F, 14 }, // /
    { 0x0030, 15 }, // 0
    { 0x0031, 16 }, // 1
    { 0x0032, 17 }, // 2
    { 0x0033, 18 }, // 3
    { 0x0034, 19 }, // 4
    { 0x0035, 20 }, // 5
    { 0x0036, 15 }, // 6
    { 0x0037, 21 }, // 7
    { 0x0038, 22 }, // 8
    { 0x0039, 23 }, // 9
    { 0x003A, 24 }, // :
    { 0x003B, 24 }, // ;
    { 0x003C, 25 }, // <
    { 0x003D, 26 }, // =
    { 0x003F, 27 }, // ?
    { 0x0040, 28 }, // @
    { 0x0041, 29 }, // A
    { 0x0042, 30 }, // B
    { 0x0043, 31 }, // C
    { 0x0044, 30 }, // D
    { 0x0045, 30 }, // E
    { 0x0046, 30 }, // F
    { 0x0047, 31 }, // G
    { 0x0048, 30 }, // H
    { 0x0049, 30 }, // I
    { 0x004A, 32 }, // J
    { 0x004B, 30 }, // K
    { 0x004C, 30 }, // L
    { 0x004D, 30 }, // M
    { 0x004E, 30 }, // N
    { 0x004F, 31 }, // O
    { 0x0050, 30 }, // P
    { 0x0051, 31 }, // Q
    { 0x0052, 30 }, // R
    { 0x0053, 5 }, // S
    { 0x0054, 33 }, // T
    { 0x0055, 34 }, // U
    { 0x0056, 35 }, // V
    { 0x0057, 36 }, // W
    { 0x0058, 37 }, // X
    { 0x0059, 38 }, // Y
    { 0x005A, 39 }, // Z
    { 0x005B, 7 }, // [
    { 0x005C, 35 }, // <backslash>
    { 0x005D, 8 }, // ]
    { 0x005E, 40 }, // ^
    { 0x005F, 41 }, // _
    { 0x0061, 42 }, // a
    { 0x0062, 30 }, // b
    { 0x0063, 43 }, // c
    { 0x0064, 43 }, // d
    { 0x0065, 43 }, // e
    { 0x0066, 44 }, // f
    { 0x0067, 43 }, // g
    { 0x0068, 30 }, // h
    { 0x0069, 45 }, // i
    { 0x006A, 46 }, // j
    { 0x006B, 30 }, // k
    { 0x006C, 30 }, // l
    { 0x006D, 47 }, // m
    { 0x006E, 47 }, // n
    { 0x006F, 43 }, // o
    { 0x0070, 47 }, // p
    { 0x0071, 43 }, // q
    { 0x0072, 47 }, // r
    { 0x0073, 48 }, // s
    { 0x0074, 49 }, // t
    { 0x0075, 50 }, // u
    { 0x0076, 51 }, // v
    { 0x0077, 52 }, // w
    { 0x0078, 53 }, // x
    { 0x0079, 51 }, // y
    { 0x007A, 54 }, // z
    { 0x007B, 7 }, // {
    { 0x007C, 30 }, // |
    { 0x007D, 8 }, // }
    { 0x007E, 55 }, // ~
    { 0x00AB, 56 }, // U+00AB
    { 0x00B0, 57 }, // U+00B0
    { 0x00B7, 58 }, // U+00B7
    { 0x00BA, 59 }, // U+00BA
    { 0x00BB, 60 }, // U+00BB
    { 0x00BF, 61 }, // U+00BF
    { 0x00C0, 29 }, // U+00C0
    { 0x00C1, 29 }, // U+00C1
    { 0x00C2, 29 }, // U+00C2
    { 0x00C4, 29 }, // U+00C4
    { 0x00C5, 29 }, // U+00C5
    { 0x00C6, 29 }, // U+00C6
    { 0x00C7, 31 }, // U+00C7
    { 0x00C9, 30 }, // U+00C9
    { 0x00CA, 30 }, // U+00CA
    { 0x00CD, 30 }, // U+00CD
    { 0x00CE, 62 }, // U+00CE
    { 0x00D2, 31 }, // U+00D2
    { 0x00D3, 31 }, // U+00D3
    { 0x00D6, 31 }, // U+00D6
    { 0x00D8, 31 }, // U+00D8
    { 0x00D9, 34 }, // U+00D9
    { 0x00DA, 34 }, // U+00DA
    { 0x00DC, 34 }, // U+00DC
    { 0x00DD, 38 }, // U+00DD
    { 0x00DF, 30 }, // U+00DF
    { 0x00E0, 42 }, // U+00E0
    { 0x00E1, 42 }, // U+00E1
    { 0x00E2, 42 }, // U+00E2
    { 0x00E3, 63 }, // U+00E3
    { 0x00E4, 64 }, // U+00E4
    { 0x00E5, 42 }, // U+00E5
    { 0x00E6, 42 }, // U+00E6
    { 0x00E7, 43 }, // U+00E7
    { 0x00E8, 43 }, // U+00E8
    { 0x00E9, 43 }, // U+00E9
    { 0x00EA, 43 }, // U+00EA
    { 0x00EB, 65 }, // U+00EB
    { 0x00EC, 66 }, // U+00EC
    { 0x00ED, 67 }, // U+00ED
    { 0x00EE, 68 }, // U+00EE
    { 0x00EF, 69 }, // U+00EF
    { 0x00F1, 47 }, // U+00F1
    { 0x00F2, 43 }, // U+00F2
    { 0x00F3, 43 }, // U+00F3
    { 0x00F4, 43 }, // U+00F4
    { 0x00F5, 70 }, // U+00F5
    { 0x00F6, 65 }, // U+00F6
    { 0x00F8, 43 }, // U+00F8
    { 0x00F9, 50 }, // U+00F9
    { 0x00FA, 50 }, // U+00FA
    { 0x00FC, 71 }, // U+00FC
    { 0x00FD, 51 }, // U+00FD
    { 0x0103, 42 }, // U+0103
    { 0x0105, 42 }, // U+0105
    { 0x0107, 43 }, // U+0107
    { 0x010C, 31 }, // U+010C
    { 0x010D, 43 }, // U+010D
    { 0x010E, 30 }, // U+010E
    { 0x010F, 43 }, // U+010F
    { 0x0110, 72 }, // U+0110
    { 0x0111, 43 }, // U+0111
    { 0x0116, 30 }, // U+0116
    { 0x0117, 43 }, // U+0117
    { 0x0118, 30 }, // U+0118
    { 0x0119, 43 }, // U+0119
    { 0x011A, 30 }, // U+011A
    { 0x011B, 43 }, // U+011B
    { 0x011E, 31 }, // U+011E
    { 0x011F, 43 }, // U+011F
    { 0x0129, 73 }, // U+0129
    { 0x012E, 30 }, // U+012E
    { 0x012F, 45 }, // U+012F
    { 0x0130, 30 }, // U+0130
    { 0x0131, 45 }, // U+0131
    { 0x013A, 30 }, // U+013A
    { 0x013D, 30 }, // U+013D
    { 0x013E, 30 }, // U+013E
    { 0x0141, 30 }, // U+0141
    { 0x0142, 30 }, // U+0142
    { 0x0144, 47 }, // U+0144
    { 0x0148, 47 }, // U+0148
    { 0x0151, 43 }, // U+0151
    { 0x0155, 47 }, // U+0155
    { 0x0158, 30 }, // U+0158
    { 0x0159, 47 }, // U+0159
    { 0x015A, 5 }, // U+015A
    { 0x015B, 48 }, // U+015B
    { 0x015E, 5 }, // U+015E
    { 0x015F, 48 }, // U+015F
    { 0x0160, 5 }, // U+0160
    { 0x0161, 48 }, // U+0161
    { 0x0163, 49 }, // U+0163
    { 0x0164, 74 }, // U+0164
    { 0x0165, 49 }, // U+0165
    { 0x016B, 50 }, // U+016B
    { 0x016E, 34 }, // U+016E
    { 0x016F, 50 }, // U+016F
    { 0x0170, 34 }, // U+0170
    { 0x0171, 50 }, // U+0171
    { 0x0172, 34 }, // U+0172
    { 0x0173, 50 }, // U+0173
    { 0x017A, 54 }, // U+017A
    { 0x017C, 54 }, // U+017C
    { 0x017D, 39 }, // U+017D
    { 0x017E, 54 }, // U+017E
    { 0x01A1, 43 }, // U+01A1
    { 0x01B0, 50 }, // U+01B0
    { 0x0218, 5 }, // U+0218
    { 0x0219, 48 }, // U+0219
    { 0x021A, 33 }, // U+021A
    { 0x021B, 49 }, // U+021B
    { 0x0404, 31 }, // U+0404
    { 0x0406, 30 }, // U+0406
    { 0x0410, 29 }, // U+0410
    { 0x0411, 30 }, // U+0411
    { 0x0412, 30 }, // U+0412
    { 0x0413, 30 }, // U+0413
    { 0x0414, 75 }, // U+0414
    { 0x0415, 30 }, // U+0415
    { 0x0416, 76 }, // U+0416
    { 0x0417, 77 }, // U+0417
    { 0x0418, 78 }, // U+0418
    { 0x0419, 30 }, // U+0419
    { 0x041A, 30 }, // U+041A
    { 0x041B, 79 }, // U+041B
    { 0x041C, 30 }, // U+041C
    { 0x041D, 30 }, // U+041D
    { 0x041E, 31 }, // U+041E
    { 0x041F, 30 }, // U+041F
    { 0x0420, 30 }, // U+0420
    { 0x0421, 31 }, // U+0421
    { 0x0422, 33 }, // U+0422
    { 0x0423, 35 }, // U+0423
    { 0x0424, 80 }, // U+0424
    { 0x0425, 37 }, // U+0425
    { 0x0426, 30 }, // U+0426
    { 0x0427, 81 }, // U+0427
    { 0x0428, 30 }, // U+0428
    { 0x0429, 30 }, // U+0429
    { 0x042B, 30 }, // U+042B
    { 0x042C, 30 }, // U+042C
    { 0x042D, 31 }, // U+042D
    { 0x0430, 42 }, // U+0430
    { 0x0431, 15 }, // U+0431
    { 0x0432, 47 }, // U+0432
    { 0x0433, 47 }, // U+0433
    { 0x0434, 82 }, // U+0434
    { 0x0435, 43 }, // U+0435
    { 0x0436, 53 }, // U+0436
    { 0x0437, 43 }, // U+0437
    { 0x0438, 47 }, // U+0438
    { 0x0439, 47 }, // U+0439
    { 0x043A, 47 }, // U+043A
    { 0x043B, 83 }, // U+043B
    { 0x043C, 47 }, // U+043C
    { 0x043D, 47 }, // U+043D
    { 0x043E, 43 }, // U+043E
    { 0x043F, 47 }, // U+043F
    { 0x0440, 47 }, // U+0440
    { 0x0441, 43 }, // U+0441
    { 0x0442, 84 }, // U+0442
    { 0x0443, 51 }, // U+0443
    { 0x0444, 43 }, // U+0444
    { 0x0445, 53 }, // U+0445
    { 0x0446, 47 }, // U+0446
    { 0x0447, 85 }, // U+0447
    { 0x0448, 47 }, // U+0448
    { 0x0449, 47 }, // U+0449
    { 0x044A, 86 }, // U+044A
    { 0x044B, 45 }, // U+044B
    { 0x044C, 47 }, // U+044C
    { 0x044D, 43 }, // U+044D
    { 0x044E, 47 }, // U+044E
    { 0x044F, 87 }, // U+044F
    { 0x0451, 43 }, // U+0451
    { 0x0454, 43 }, // U+0454
    { 0x0456, 45 }, // U+0456
    { 0x0457, 69 }, // U+0457
    { 0x045E, 51 }, // U+045E
    { 0x0491, 47 }, // U+0491
    { 0x0493, 49 }, // U+0493
    { 0x049A, 30 }, // U+049A
    { 0x049B, 47 }, // U+049B
    { 0x04A2, 30 }, // U+04A2
    { 0x04A3, 47 }, // U+04A3
    { 0x04AE, 38 }, // U+04AE
    { 0x04AF, 51 }, // U+04AF
    { 0x04B0, 88 }, // U+04B0
    { 0x04B1, 51 }, // U+04B1
    { 0x04D9, 43 }, // U+04D9
    { 0x04E8, 31 }, // U+04E8
    { 0x04E9, 43 }, // U+04E9
    { 0x05D0, 89 }, // U+05D0
    { 0x05D1, 90 }, // U+05D1
    { 0x05D2, 91 }, // U+05D2
    { 0x05D3, 92 }, // U+05D3
    { 0x05D4, 93 }, // U+05D4
    { 0x05D6, 94 }, // U+05D6
    { 0x05D7, 95 }, // U+05D7
    { 0x05D8, 96 }, // U+05D8
    { 0x05D9, 97 }, // U+05D9
    { 0x05DA, 98 }, // U+05DA
    { 0x05DB, 99 }, // U+05DB
    { 0x05DC, 100 }, // U+05DC
    { 0x05DD, 101 }, // U+05DD
    { 0x05DE, 102 }, // U+05DE
    { 0x05E1, 103 }, // U+05E1
    { 0x05E2, 104 }, // U+05E2
    { 0x05E3, 105 }, // U+05E3
    { 0x05E4, 106 }, // U+05E4
    { 0x05E5, 107 }, // U+05E5
    { 0x05E7, 108 }, // U+05E7
    { 0x05E8, 109 }, // U+05E8
    { 0x05E9, 110 }, // U+05E9
    { 0x05EA, 111 }, // U+05EA
    { 0x1EA1, 42 }, // U+1EA1
    { 0x1EA2, 29 }, // U+1EA2
    { 0x1EA3, 42 }, // U+1EA3
    { 0x1EA5, 42 }, // U+1EA5
    { 0x1EA6, 29 }, // U+1EA6
    { 0x1EA7, 42 }, // U+1EA7
    { 0x1EA8, 29 }, // U+1EA8
    { 0x1EA9, 42 }, // U+1EA9
    { 0x1EAB, 42 }, // U+1EAB
    { 0x1EAC, 29 }, // U+1EAC
    { 0x1EAD, 42 }, // U+1EAD
    { 0x1EAE, 29 }, // U+1EAE
    { 0x1EAF, 42 }, // U+1EAF
    { 0x1EB1, 42 }, // U+1EB1
    { 0x1EB5, 42 }, // U+1EB5
    { 0x1EB7, 42 }, // U+1EB7
    { 0x1EB9, 43 }, // U+1EB9
    { 0x1EBB, 43 }, // U+1EBB
    { 0x1EBD, 43 }, // U+1EBD
    { 0x1EBF, 43 }, // U+1EBF
    { 0x1EC0, 30 }, // U+1EC0
    { 0x1EC1, 43 }, // U+1EC1
    { 0x1EC3, 43 }, // U+1EC3
    { 0x1EC7, 43 }, // U+1EC7
    { 0x1EC9, 45 }, // U+1EC9
    { 0x1ECB, 45 }, // U+1ECB
    { 0x1ECC, 31 }, // U+1ECC
    { 0x1ECD, 43 }, // U+1ECD
    { 0x1ECF, 43 }, // U+1ECF
    { 0x1ED0, 31 }, // U+1ED0
    { 0x1ED1, 43 }, // U+1ED1
    { 0x1ED2, 31 }, // U+1ED2
    { 0x1ED3, 43 }, // U+1ED3
    { 0x1ED5, 43 }, // U+1ED5
    { 0x1ED7, 43 }, // U+1ED7
    { 0x1ED8, 31 }, // U+1ED8
    { 0x1ED9, 43 }, // U+1ED9
    { 0x1EDB, 43 }, // U+1EDB
    { 0x1EDD, 43 }, // U+1EDD
    { 0x1EDE, 31 }, // U+1EDE
    { 0x1EDF, 43 }, // U+1EDF
    { 0x1EE1, 43 }, // U+1EE1
    { 0x1EE3, 43 }, // U+1EE3
    { 0x1EE5, 50 }, // U+1EE5
    { 0x1EE6, 34 }, // U+1EE6
    { 0x1EE7, 50 }, // U+1EE7
    { 0x1EE9, 50 }, // U+1EE9
    { 0x1EEB, 50 }, // U+1EEB
    { 0x1EED, 50 }, // U+1EED
    { 0x1EEF, 50 }, // U+1EEF
    { 0x1EF1, 50 }, // U+1EF1
    { 0x2018, 112 }, // U+2018
    { 0x2019, 113 }, // U+2019
    { 0x201C, 112 }, // U+201C
    { 0x201D, 113 }, // U+201D
    { 0x201E, 114 }, // U+201E
    { 0x2026, 115 }, // U+2026
};

static const int8_t ui_14_semiboldKernMatrix[] = {
       0,    0,    0,    0,    0,  -16,    0,    0,    0,    0,  -41,    0,  -41,    0,    0,    0,    0,    0,  -29,    0,    0,    0,    0,    0,    0,    0,    0,    0,  -37,    0,    0,  -77,    0,    0,    0,    0,    0,    0,    0,    0,    0,    0,   -8,    0,    0,    0,    0,   -3,    0,    0,    0,    0,    0,    0,    0,    0,    0,    0,    0,    0,    0,    0,    0,    0,   -8,    0,    0,    0,    0,   -8,    0,    0,    0,    0,  -21,    0,    0,    0,  -21,    0,    0,    0,    0,    0,    0,    0,   -3,    0,    0,    0,    0,    0,    0,    0,    0,    0,    0,    0,    0,    0,    0,    0,    0,    0,    0,    0,    0,    0,    0,    0,    0,    0,    0,    0,  -41,
       0,    0,    0,    0,    0,    0,    0,    0,    0,    0,    0,    0,    0,    0,    0,    0,    0,    0,    0,    0,    0,    0,    0,    0,    0,    0,    0,    0,   -5,    0,    0,    0,   -3,    0,    0,    0,   -5,    0,    0,    0,    0,    0,    0,    0,    0,    0,    0,    0,    0,    0,    0,    0,    0,    0,    0,    0,    0,    0,    0,    0,    0,    0,    0,    0,    0,    0,    0,    0,   21,    0,    0,    0,   21,   -3,    0,   -5,    0,    0,    0,    0,    0,    0,    0,    0,    0,    0,    0,    0,    0,    0,    0,    0,    0,    0,    0,    0,    0,    0,    0,    0,    0,    0,    0,    0,    0,    0,    0,    0,    0,    0,    0,    0,    0,    0,    0,
       0,    0,    0,    0,    0,    0,    0,    0,    0,    0,    0,    0,    0,    0,    0,    0,    0,    0,    0,    0,    0,    0,    0,    0,    0,    0,    0,    0,    0,    0,    0,    0,    0,    0,    0,    0,    0,    0,    0,    0,    0,    0,    0,    0,    0,    0,    0,    0,    0,    0,    0,    0,    0,    0,    0,    0,    0,    0,    0,    0,    0,    0,    0,    0,    0,    0,    0,    0,    0,    0,    0,    0,    0,    0,    0,    0,    0,    0,    0,    0,    0,    0,    0,    0,    0,    0,    0,    0,    0,    0,    0,    0,    0,    0,    0,    0,    0,    0,    0,    0,    0,    0,    0,    0,    0,    0,    0,    0,    0,    0,    0,  -29,  -32,    0,    0,
       0,    0,  -16,    0,    0,    0,    0,    0,    0,    0,    0,    0,    0,    0,    0,    0,    0,    0,    0,    0,    0,    0,    0,    0,    0,    0,    0,    0,    0,    0,    0,    0,  -26,    0,  -29,  -18,    0,  -34,    0,    0,    0,    0,    0,    0,    0,    0,    0,    0,    0,    0,  -16,  -16,    0,    0,    0,    0,    0,    0,  -18,    0,    0,    0,    0,    0,    0,    0,    0,    0,    0,    0,    0,    0,    0,  -26,    0,    0,    0,    0,    0,    0,    0,    0,    0,    0,    0,    0,    0,  -34,    0,    0,    0,    0,    0,    0,    0,    0,    0,    0,    0,    0,    0,    0,    0,    0,    0,    0,    0,    0,    0,    0,    0,  -42,    0,    0,    0,
       0,    0,    0,    0,    0,    0,    0,    0,    0,    0,    0,    0,    0,    0,    0,    0,    0,    0,    0,    0,    0,    0,    0,    0,    0,    0,    0,    0,    0,    6,    0,    0,    0,    0,    0,    0,    0,    0,    0,    0,    0,    0,   -3,    0,    0,    8,    6,    0,    0,    0,    0,    0,    0,    0,    0,    0,    0,    0,    0,    0,    0,    0,    0,    0,   -3,    0,    0,    0,    0,   -3,    0,    0,    0,    0,    0,    0,    0,    6,    0,    0,    0,    0,    0,    0,    0,    0,    0,    0,    0,    0,    0,    0,    0,    0,    0,    0,    0,    0,    0,    0,    0,    0,    0,    0,    0,    0,    0,    0,    0,    0,    0,    0,    0,    0,    0,
       0,    0,    0,    0,    0,    0,    0,    0,    0,    0,    0,    0,    0,    0,    0,    0,    0,    0,    0,    0,    0,    0,    0,    0,    0,    0,    0,    0,    0,    0,    0,    0,    0,    0,    0,    0,    0,    0,    0,    0,    0,    0,    0,    0,    0,    0,    0,    0,    0,    0,    0,    0,    0,    0,    0,    0,    0,    0,    0,    0,    0,    0,    0,    0,    0,    0,    0,    0,    0,    0,    0,    0,    0,    0,    0,    0,    0,    0,    0,    0,    0,    0,    0,    0,    0,    0,    0,    0,    0,    0,    0,    0,    0,    0,    0,    0,    0,    0,    0,    0,    0,    0,    0,    0,    0,    0,    0,    0,    0,    0,    0,  -16,    0,    0,    0,
       0,    0,    0,    0,    0,  -16,    0,    0,    0,    0,  -64,    0,  -64,    0,    0,    0,    0,    0,  -21,    0,    0,    0,    0,    0,    0,    0,    0,   -7,  -42,    0,   -7,  -45,    0,    0,    0,    0,    0,    0,    0,    0,  -32,    0,    0,    0,    0,    0,    0,    0,    0,    0,    0,    0,    0,    0,    0,    0,    0,    0,    0,    0,    0,    0,    0,    0,    0,    0,    0,    0,    0,    0,    0,    0,    0,    0,  -16,    0,    0,    0,  -16,   -7,    0,    0,    0,    0,    0,    0,    0,    0,    0,    0,    0,    0,    0,    0,    0,    0,    0,    0,    0,    0,    0,    0,    0,    0,    0,    0,    0,    0,    0,    0,    0,    0,    0,    0,  -64,
       0,    0,    0,    0,    0,    0,    0,    0,    0,    0,    0,    0,    0,    0,    0,    0,  -12,   -3,    0,    0,  -12,    0,    0,    0,    0,    0,    0,    0,  -16,    0,    0,  -21,  -35,    0,  -22,  -15,  -18,  -32,    0,    0,    0,    0,    0,    0,    0,    0,    0,    0,    0,    0,    0,    0,  -10,    0,    0,    0,    0,    0,    0,    0,    0,    0,    0,    0,    0,    0,    0,    0,    0,    0,    0,    0,    0,  -59,    0,  -56,  -19,    0,    0,    0,    0,    0,    0,    0,    0,    0,    0,  -32,    0,    0,    0,    0,    0,    0,    0,    0,    0,    0,    0,    0,    0,    0,    0,    0,    0,    0,    0,    0,    0,    0,    0,  -19,    0,    0,    0,
     -10,   -4,  -44,    0,    0,    0,    0,    0,    0,    0,    0,    0,    0,    0,  -13,  -41,    0,  -11,    0,   -4,  -10,  -12,   -5,    0,    0,    0,  -41,  -21,    0,    0,  -21,    0,  -16,    0,    0,    0,    0,  -25,    0,    0,    0,    0,    0,    0,    0,    0,    0,    0,    0,    0,    0,    0,    0,    0,    0,    0,    0,    0,    0,    0,    0,    0,    0,    0,    0,    0,    0,    0,    0,    0,    0,    0,    0,  -16,    0,    0,  -11,    0,    0,  -21,    0,    0,    0,    0,  -15,    0,    0,  -25,    0,    0,    0,    0,    0,    0,    0,    0,    0,    0,    0,    0,    0,    0,    0,    0,    0,    0,    0,    0,    0,    0,    0,    0,  -38,    0,    0,
       0,    0,    0,    0,    0,    0,    0,    0,    0,    0,  -18,    0,  -18,    0,    0,    0,    0,    0,    0,    0,    0,    0,    0,    0,    0,    0,    0,    0,  -11,    0,    0,  -29,    0,    0,    2,    2,    0,    0,    0,    0,    0,    0,    0,    0,    0,    0,    0,    0,    0,    0,    0,    0,    0,    0,    0,    0,    0,    0,    0,    0,    0,    0,    0,    0,    0,    0,    0,    0,    0,    0,    0,    0,    0,    0,    0,    0,    0,    0,    0,    0,    0,    0,    0,    0,    0,    0,    0,    0,    0,    0,    0,    0,    0,    0,    0,    0,    0,    0,    0,    0,    0,    0,    0,    0,    0,    0,    0,    0,    0,    0,    0,    0,    0,    0,  -18,
       0,    0,    0,    0,    0,    0,    0,    0,    0,    0,  -13,    0,  -13,    0,    0,    0,    0,    0,    0,    0,   -9,    0,    0,    0,    0,    0,    0,    0,    0,    0,    0,    0,    0,    0,  -10,    0,  -17,  -16,    0,    0,  -21,    0,    0,    0,    0,    0,    0,    0,    8,    0,    0,    0,    0,    0,    0,    0,    0,    0,    0,    0,    0,    0,    0,    0,    0,    0,    0,    0,    0,    0,    0,    0,    0,    0,    0,  -17,    0,    0,    0,    0,    0,    0,    0,    8,    0,    8,    0,  -16,    0,    0,    0,    0,    0,    0,    0,    0,    0,    0,    0,    0,    0,    0,    0,    0,    0,    0,    0,    0,    0,    0,    0,  -21,    0,  -24,  -13,
       0,    0,    0,    0,    0,    0,    0,    6,    0,    0,    0,    0,    0,    0,    0,    0,    0,    0,    0,    0,    0,    0,    0,    0,    0,    0,    0,    0,    0,    0,    0,    0,    0,    0,    0,    0,    0,    0,    0,    0,    6,    0,    0,    0,    0,    0,    0,    0,    7,    0,    4,    0,    0,    0,    0,    0,    0,    0,    0,    0,    0,    0,    0,    0,    0,    0,    0,    0,   29,    0,    0,   17,   29,    0,    0,    0,    0,    0,    0,    0,    0,    0,    0,    7,    0,    7,    0,    0,    0,    0,    0,    0,    0,    0,    0,    0,    0,    0,    0,    0,    0,    0,    0,    0,    0,    0,    0,    0,    0,    0,    0,    0,    0,    0,    0,
       0,    0,    0,    0,    0,    0,    0,    0,    0,    0,    0,    0,    0,    0,    0,    0,    0,    0,   -7,    0,    0,    0,    0,    0,    0,    0,    0,    0,    0,    0,    0,    0,    0,    0,    0,    0,    0,    0,    0,    0,    0,    0,    0,    0,    0,    0,    0,    0,    0,    0,    0,    0,    0,    0,    0,    0,    0,    0,    0,    0,    0,    0,    0,    0,    0,    0,    0,    0,    0,    0,    0,    0,    0,    0,    0,    0,    0,    0,    0,    0,    0,    0,    0,    0,    0,    0,    0,    0,    0,    0,    0,    0,    0,    0,    0,    0,    0,    0,    0,    0,    0,    0,    0,    0,    0,    0,    0,    0,    0,    0,    0,    0,    0,    0,    0,
       0,    0,    0,    0,    0,    0,    0,    0,   -4,    0,  -10,    0,  -10,    0,    0,    0,    0,    0,    0,    0,    0,    0,    0,    0,    0,    0,    0,    0,    0,    0,    0,    0,    0,    0,    0,    0,  -10,    0,    0,   -4,    0,    0,    0,    0,    0,    0,    0,    0,    0,    0,    0,    0,    0,    0,    0,  -16,   -4,    0,    0,    0,    0,    0,    0,    0,    0,    0,    0,    0,    0,    0,    0,    0,    0,    0,    0,  -10,    0,    0,    0,    0,    0,    0,    0,    0,    0,    0,    0,    0,    0,    0,    0,    0,    0,    0,    0,    0,    0,    0,    0,    0,    0,    0,    0,    0,    0,    0,    0,    0,    0,    0,    0,    0,    0,  -24,  -10,
       0,    0,    0,    0,    0,    0,    0,    0,  -14,    0,  -16,    0,  -16,    0,    0,  -15,    0,    0,    0,    0,    0,    0,    0,    0,    0,    0,    0,    0,    0,    0,    0,    0,    0,    0,    0,    0,    0,    0,    0,  -14,    0,    0,    0,    0,    0,    0,    0,    0,    0,    0,    0,    0,    0,    0,    0,    0,  -14,    0,    0,    0,    0,    0,    0,    0,    0,    0,    0,    0,    0,    0,    0,    0,    0,    0,    0,    0,    0,    0,    0,    0,    0,    0,    0,    0,    0,    0,    0,    0,    0,    0,    0,    0,    0,    0,    0,    0,    0,    0,    0,    0,    0,    0,    0,    0,    0,    0,    0,    0,    0,    0,    0,    0,    0,    0,  -16,
       0,    0,    0,    0,    0,    0,    0,    0,   -2,    0,  -11,    0,  -11,    0,    0,    0,    0,    0,    0,    0,    0,    0,    0,    0,    0,    0,    0,    0,    0,    0,    0,    0,    0,    0,    0,    0,    0,    0,    0,   -2,    0,    0,    0,    0,    0,    0,    0,    0,    0,    0,    0,    0,    0,    0,    0,    0,   -2,    0,    0,    0,    0,    0,    0,    0,    0,    0,    0,    0,    0,    0,    0,    0,    0,    0,    0,    0,    0,    0,    0,    0,    0,    0,    0,    0,    0,    0,    0,    0,    0,    0,    0,    0,    0,    0,    0,    0,    0,    0,    0,    0,    0,    0,    0,    0,    0,    0,    0,    0,    0,    0,    0,    0,    0,    0,  -11,
       0,    0,    0,    0,    0,    0,    0,    0,    0,    0,  -15,    0,  -15,    0,    0,    0,    0,    0,    0,    0,    0,    0,    0,    0,    0,    0,    0,    0,    0,    0,    0,    0,    0,    0,    0,    0,    0,    0,    0,    0,  -21,    0,    0,    0,    0,    0,    0,    0,    0,    0,    0,    0,    0,    0,    0,    0,    0,    0,    0,    0,    0,    0,    0,    0,    0,    0,    0,    0,    0,    0,    0,    0,    0,    0,    0,    0,    0,    0,    0,    0,    0,    0,    0,    0,    0,    0,    0,    0,    0,    0,    0,    0,    0,    0,    0,    0,    0,    0,    0,    0,    0,    0,    0,    0,    0,    0,    0,    0,    0,    0,    0,    0,    0,  -21,  -15,
       0,    0,    0,  -26,    0,  -21,    0,    0,    0,    0,  -58,    0,  -58,    0,   -7,    0,    0,   -8,  -27,   -5,    9,   -7,   -5,  -16,  -42,    0,    0,    0,  -50,    0,    0,  -45,    0,    0,    0,    0,    0,    0,    0,    0,  -74,  -21,  -24,    0,    0,    0,  -24,  -18,    0,    0,    0,    0,    0,    0,    0,  -29,    0,    0,    0,    0,    0,    0,  -21,  -21,  -24,    0,    0,    0,   42,  -24,    0,    0,   42,    0,  -49,    0,   -8,    0,  -49,    0,    0,    0,    0,    0,    0,    0,  -18,    0,    0,    0,    0,    0,    0,    0,    0,    0,    0,    0,    0,    0,    0,    0,    0,    0,    0,    0,    0,    0,    0,    0,    0,    0,    0,  -66,  -58,
       0,    0,    0,    0,    0,    0,    0,    0,    0,    0,    0,    0,    0,    0,    0,    0,    0,    0,    0,    0,    0,    0,    0,    0,    0,    0,    0,    0,    0,    0,    0,    0,  -16,    0,  -29,    0,    0,    0,    0,    0,    0,    0,    0,    0,    0,    0,    0,    0,    0,    0,    0,    0,    0,    0,    0,    0,    0,    0,    0,    0,    0,    0,    0,    0,    0,    0,    0,    0,    0,    0,    0,    0,    0,  -16,    0,    0,    0,    0,    0,    0,    0,    0,    0,    0,    0,    0,    0,    0,    0,    0,    0,    0,    0,    0,    0,    0,    0,    0,    0,    0,    0,    0,    0,    0,    0,    0,    0,    0,    0,    0,    0,  -21,    0,    0,    0,
       0,    0,    0,    0,    0,    0,    0,    0,    0,    0,    0,    0,    0,    0,    0,    0,    0,    0,    0,    0,    0,    0,    0,    0,    0,    0,    0,    0,  -24,    0,    0,    0,  -21,    0,  -32,  -29,  -24,  -45,    0,    0,    0,    0,    0,    0,    0,    0,    0,    0,    0,    0,  -18,    0,  -16,    0,    0,    0,    0,    0,    0,    0,    0,    0,    0,    0,    0,    0,    0,    0,    0,    0,    0,    0,    0,  -21,    0,  -24,    0,    0,    0,    0,    0,    0,    0,    0,    0,    0,    0,  -45,    0,    0,    0,    0,    0,    0,    0,    0,    0,    0,    0,    0,    0,    0,    0,    0,    0,    0,    0,    0,    0,    0,    0,  -26,    0,    0,    0,
       0,    0,    0,    0,    0,    0,    0,    0,    0,    0,    0,    0,    0,    0,    0,    0,    0,    0,    0,    0,  -34,    0,    0,    0,    0,    0,    0,    0,  -12,    0,    0,    0,  -37,    0,  -34,  -34,  -26,  -42,  -29,    0,    0,    0,    0,    0,    0,    0,    0,    0,    0,    0,    0,    0,    0,    0,    0,    0,    0,    0,    0,    0,    0,    0,    0,    0,    0,    0,    0,    0,    0,    0,    0,    0,    0,  -37,  -16,  -24,    0,    0,  -16,    0,    0,    0,    0,    0,    0,    0,    0,  -42,    0,    0,    0,    0,    0,    0,    0,    0,    0,    0,    0,    0,    0,    0,    0,    0,    0,    0,    0,    0,    0,    0,    0,  -45,    0,    0,    0,
       0,    0,    0,    0,    0,    0,    0,    0,    0,    0,    0,    0,    0,    0,    0,    0,    0,    0,    0,    0,    0,    0,    0,    0,    0,    0,    0,    0,  -29,    0,    0,    0,    0,    0,    0,    0,    0,    0,    0,    0,    0,    0,    0,    0,    0,    0,    0,    0,    0,    0,    0,    0,    0,    0,    0,    0,    0,    0,    0,    0,    0,    0,    0,    0,    0,    0,    0,    0,    0,    0,    0,    0,    0,    0,    0,    0,    0,    0,    0,    0,    0,    0,    0,    0,    0,    0,    0,    0,    0,    0,    0,    0,    0,    0,    0,    0,    0,    0,    0,    0,    0,    0,    0,    0,    0,    0,    0,    0,    0,    0,    0,    0,    0,    0,    0,
       0,    0,    0,    0,    0,    0,    0,    0,    0,    0,  -21,    0,  -21,  -18,    0,    0,    0,    0,    0,    0,    0,    0,    0,    0,    0,    0,    0,    0,  -18,    0,    0,    0,  -15,    0,  -18,   -8,  -22,  -19,    0,    0,  -18,    0,    0,    0,    0,    0,    0,    0,    0,    0,    0,    0,    0,    0,    0,    0,    0,    0,    0,    0,    0,    0,    0,    0,    0,    0,    0,    0,    0,    0,    0,    0,    0,  -15,    0,  -45,    0,    0,    0,    0,    0,    0,    0,    0,    0,    0,    0,  -19,    0,    0,    0,    0,    0,    0,    0,    0,    0,    0,    0,    0,    0,    0,    0,    0,    0,    0,    0,    0,    0,    0,    0,  -16,    0,  -18,  -21,
       0,    0,  -37,    0,   -5,    0,    0,    0,  -42,  -16,    0,  -16,    0,    7,    0,  -21,    0,    0,    0,    0,    0,    0,    0,    0,  -12,  -24,  -29,  -18,    7,    0,  -18,    0,  -41,   -9,  -35,  -31,    0,  -36,    0,  -42,    0,    0,   -7,   -3,    2,    0,    0,   -3,  -11,    0,  -32,  -32,    0,    0,  -16,  -16,  -42,  -16,  -34,  -16,    0,    0,    0,    0,   -7,    2,    2,    2,    0,   -7,    0,    0,    0,  -41,    0,    0,    0,    0,    0,  -18,    0,    0,    0,  -11,  -31,  -11,   -3,  -36,    0,    0,    0,    0,    0,    0,    0,    0,    0,    0,    0,    0,    0,    0,    0,    0,    0,    0,    0,    0,    0,    0,    0,  -61,  -48,    0,    0,
       0,    0,    0,    0,    0,    0,    0,    0,    0,    0,    0,    0,    0,    0,    0,    0,    0,    0,    0,    0,    0,    0,    0,    0,    0,    0,    0,    0,    0,    0,    0,    0,  -26,    0,    0,    0,    0,    0,    0,    0,    0,    0,    0,    0,    0,    0,    0,    0,    0,    0,    0,    0,    0,    0,    0,    0,    0,    0,    0,    0,    0,    0,    0,    0,    0,    0,    0,    0,   16,    0,    0,    0,   16,  -26,    0,    0,    0,    0,    0,    0,    0,    0,    0,    0,    0,    0,    0,    0,    0,    0,    0,    0,    0,    0,    0,    0,    0,    0,    0,    0,    0,    0,    0,    0,    0,    0,    0,    0,    0,    0,    0,  -29,    0,    0,    0,
       0,    0,    0,    0,    0,    0,    0,    0,    0,    0,    0,    0,    0,    0,    0,    0,    0,    0,    0,    0,    0,    0,    0,    0,    0,    0,    0,    0,  -12,    0,    0,    0,    0,    0,    0,    0,   -5,    0,    0,    0,  -18,    0,    0,    0,    0,    0,    0,    0,    0,    0,    2,    0,    0,    0,    0,    0,    0,    0,    0,    0,    0,    0,    0,    0,    0,    0,    0,    0,   16,    0,    0,    0,   16,    0,    0,   -5,    0,    0,    0,    0,    0,    0,    0,    0,    0,    0,    0,    0,    0,    0,    0,    0,    0,    0,    0,    0,    0,    0,    0,    0,    0,    0,    0,    0,    0,    0,    0,    0,    0,    0,    0,    0,    0,    0,    0,
       0,    0,    0,    0,    0,    0,    0,    0,    0,    0,    0,    0,    0,    0,    0,    0,    0,    0,    0,    0,    0,    0,    0,    0,    0,    0,    0,    0,    0,    0,    0,    0,    0,    0,    0,    0,    0,    0,    0,    0,    0,    0,    0,    0,    0,    0,    0,    0,    0,    0,    0,    0,    0,    0,    0,    0,    0,    0,    0,    0,    0,    0,    0,    0,    0,    0,    0,    0,   34,    0,    0,    0,   34,    0,    0,    0,    0,    0,    0,    0,    0,    0,    0,    0,    0,    0,    0,    0,    0,    0,    0,    0,    0,    0,    0,    0,    0,    0,    0,    0,    0,    0,    0,    0,    0,    0,    0,    0,    0,    0,    0,    0,    0,    0,    0,
       0,    0,    0,    0,    0,    0,    0,    0,    0,    0,  -18,    0,  -34,    0,    0,    0,    0,    0,    0,    0,    0,    0,    0,    0,    0,    0,    0,    0,  -42,    0,    0,  -32,    0,    0,    0,    0,    0,    0,    0,    0,  -16,   -9,  -15,    0,    0,    0,  -11,    0,    0,  -16,  -16,    0,    0,  -16,    0,    0,    0,    0,    0,    0,    0,    0,   -9,   -9,  -15,    0,    0,    0,    0,  -15,  -16,    0,    0,    0,    0,    0,    0,    0,    0,    0,    0,    0,    0,    0,    0,    0,    0,    0,    0,    0,    0,    0,    0,    0,    0,    0,    0,    0,    0,    0,    0,    0,    0,    0,    0,    0,    0,    0,    0,    0,    0,    0,    0,  -56,  -58,
       0,    0,    0,    0,    0,    0,    0,    0,    0,    0,    0,    0,    0,    0,    0,    0,    0,    0,    0,    0,    0,    0,    0,    0,    0,    0,    0,    0,  -13,    0,    0,    0,  -14,    0,  -10,    0,   -5,  -12,    0,    0,    0,    0,    0,    0,    0,    0,    0,    0,    0,    0,    0,    0,    0,    0,    0,    0,    0,    0,    0,    0,    0,    0,    0,    0,    0,    0,    0,    0,   16,    0,    0,    0,   16,  -14,    0,   -5,    0,    0,    0,    0,    0,    0,    0,    0,    0,    0,    0,  -12,    0,    0,    0,    0,    0,    0,    0,    0,    0,    0,    0,    0,    0,    0,    0,    0,    0,    0,    0,    0,    0,    0,    0,    0,    0,    0,    0,
       0,    0,    0,    0,    0,    0,    0,    0,    0,    0,  -16,    0,  -16,  -26,    0,    0,    0,    0,    0,    0,    0,    0,    0,    0,    0,    0,    0,    0,   -9,    0,    0,    0,    0,    0,    0,    0,    0,    0,    0,    0,  -24,    0,    0,    0,    0,    0,    0,    0,    0,    0,    0,    0,    0,    0,    0,    0,    0,    0,    0,    0,    0,    0,    0,    0,    0,    0,    0,    0,    0,    0,    0,    0,    0,    0,    0,    0,    0,    0,    0,    0,    0,    0,    0,    0,    0,    0,    0,    0,    0,    0,    0,    0,    0,    0,    0,    0,    0,    0,    0,    0,    0,    0,    0,    0,    0,    0,    0,    0,    0,    0,    0,    0,    0,  -37,  -16,
       0,    0,    0,    0,   -5,    0,    0,    0,    0,  -41,    0,  -41,    0,    0,    0,    0,    0,    0,    0,    0,    0,    0,    0,    0,  -32,  -16,    0,  -18,    0,    0,  -18,    0,    0,    0,    0,    0,    0,    0,    0,    0,    0,    0,  -18,    0,    5,    0,    0,    0,    0,  -16,  -18,  -29,    0,    0,  -41,  -24,    0,  -62,    0,    0,    0,    0,    0,    0,  -18,    5,    5,    5,   40,  -18,  -16,    0,   40,    0,    0,    0,    0,    0,    0,  -18,    0,    0,    0,    0,  -48,    0,    0,    0,    0,    0,    0,    0,    0,    0,    0,    0,    0,    0,    0,    0,    0,    0,    0,    0,    0,    0,    0,    0,    0,    0,    0,    0,    0,    0,    0,
       0,    0,  -42,    0,    0,    0,    0,    0,  -79,  -34,    0,  -58,    0,    0,    0,  -21,    0,    0,    0,    0,    0,    0,    0,    0,    0,    0,    0,  -13,    0,    0,  -13,    0,  -43,    0,  -35,  -11,    0,  -32,    0,  -61,    0,    0,    0,    0,    0,    0,    0,    0,  -10,    0,  -32,    0,    0,    0,  -52,  -29,  -82,  -63,  -45,    0,    0,    0,    0,    0,    0,    0,    0,    0,    0,    0,    0,    0,    0,  -43,    0,    0,    0,    0,    0,  -13,    0,    0,    0,  -10,  -60,  -10,    0,  -32,    0,    0,    0,    0,    0,    0,    0,    0,    0,    0,    0,    0,    0,    0,    0,    0,    0,    0,    0,    0,    0,    0,    0,  -40,  -35,    0,    0,
       0,    0,    0,    0,    0,  -16,    0,    0,    0,  -14,  -18,  -14,  -34,    0,    0,    0,    0,    0,    0,    0,    0,    0,    0,    0,    0,    0,    0,    0,  -37,    0,    0,  -45,    0,    0,    0,    0,    0,    0,    0,    0,    0,   -4,   -3,    0,    0,    0,    0,    0,    0,    0,    0,    0,    0,    0,  -14,    0,    0,  -14,    0,    0,    0,    0,   -4,   -4,   -3,    0,    0,    0,    0,   -3,    0,    0,    0,    0,    0,    0,    0,    0,    0,    0,    0,    0,    0,    0,    0,    0,    0,    0,    0,    0,    0,    0,    0,    0,    0,    0,    0,    0,    0,    0,    0,    0,    0,    0,    0,    0,    0,    0,    0,    0,    0,    0,    0,  -66,  -63,
       0,    0,    0,    0,    0,    0,    0,    0,    0,    0,    0,    0,    0,    0,    0,    0,    0,    0,    0,    0,    0,    0,    0,    0,    0,    0,    0,    0,    0,    0,    0,    0,    0,    0,   -9,    0,    0,  -13,    0,    0,    0,   -2,   -6,    0,    0,    0,    0,    0,    0,    0,    0,    0,    0,    0,    0,    0,    0,    0,    0,    0,    0,    0,   -2,   -2,   -6,    0,    0,    0,   21,   -6,    0,    0,   21,    0,    0,    0,    0,    0,    0,    0,    0,    0,    0,    0,    0,    0,    0,  -13,    0,    0,    0,    0,    0,    0,    0,    0,    0,    0,    0,    0,    0,    0,    0,    0,    0,    0,    0,    0,    0,    0,    0,    0,    0,    0,    0,
       0,    0,    0,    0,   -2,  -16,    0,    0,    0,  -28,  -16,  -28,  -16,  -61,  -16,    0,    0,    0,  -32,    0,  -37,    0,    0,  -16,  -37,  -16,    0,  -15,  -41,    0,  -15,  -42,    0,    0,    0,    0,    0,    6,    0,    0,  -26,  -34,  -36,    0,    0,    0,  -26,  -34,  -48,  -34,  -29,  -29,  -20,  -21,  -28,  -61,    0,  -64,    0,  -24,    0,    0,  -53,  -53,  -60,    0,    0,    0,   42,  -60,  -58,    0,   42,    0,  -64,    0,    0,    0,  -64,  -15,    0,    0,    0,  -48,  -25,  -48,  -34,    6,    0,    0,    0,    0,    0,    0,    0,    0,    0,    0,    0,    0,    0,    0,    0,    0,    0,    0,    0,    0,    0,    0,    0,    0,    0,  -56,  -55,
       0,    0,    0,    0,    0,  -24,    0,    0,    0,  -26,  -45,  -26,  -45,  -23,  -10,    0,    0,    0,  -16,    0,    0,    0,    0,  -29,  -34,  -29,    0,  -33,  -35,    0,  -18,  -45,    0,    0,    7,    0,    0,    0,    0,    0,  -37,  -26,  -27,    0,    0,    0,   -3,  -21,    0,    0,    0,    0,    0,    0,  -26,  -26,    0,  -44,    0,    0,  -10,    0,  -26,  -45,  -27,    0,    0,    0,   40,  -48,    0,    0,   40,    0,  -58,    0,    0,    0,  -58,  -18,    0,    0,    0,    0,   -5,    0,  -21,    0,    0,    0,    0,    0,    0,    0,    0,    0,    0,    0,    0,    0,    0,    0,    0,    0,    0,    0,    0,    0,    0,    0,    0,    0,    0,  -53,  -45,
       0,    0,    0,    0,   -2,  -24,    0,    0,    0,  -21,  -45,  -21,  -45,  -10,    0,    0,    0,    0,  -16,    0,    0,    0,    0,  -24,  -34,  -29,    0,   -8,  -31,    0,   -8,  -29,    0,    0,    2,   10,    0,    0,    0,    0,    0,  -26,  -23,    0,    0,    0,  -16,  -16,    0,    0,    0,    0,    0,    0,  -21,  -26,    0,  -36,    0,    0,  -10,    0,  -26,  -26,  -23,    0,    0,    0,    0,  -23,    0,    0,    0,    0,    0,    0,    0,    0,    0,   -8,    0,    0,    0,    0,  -16,    0,  -16,    0,    0,    0,    0,    0,    0,    0,    0,    0,    0,    0,    0,    0,    0,    0,    0,    0,    0,    0,    0,    0,    0,    0,    0,    0,    0,  -50,  -45,
       0,    0,    0,    0,   -5,    0,    0,    0,    0,  -18,    0,  -18,    0,    0,  -17,    0,    0,  -10,  -18,    0,    0,  -10,    0,    0,  -26,  -24,    0,  -22,    0,    0,  -22,    0,  -18,    0,    0,    0,    0,    0,    0,    0,    0,  -26,  -13,    0,    0,    0,    0,    0,    0,    0,    0,    0,    0,    0,  -34,  -18,    0,  -39,    0,    0,    0,    0,  -26,  -26,  -13,    0,    0,    0,    0,  -13,    0,    0,    0,  -18,    0,    0,  -10,    0,    0,  -45,  -16,    0,    0,  -29,  -39,    0,    0,    0,    0,    0,    0,    0,    0,    0,    0,    0,    0,    0,    0,    0,    0,    0,    0,    0,    0,    0,    0,    0,    0,    0,    0,    0,    0,    0,    0,
       0,    0,    0,    0,    0,  -29,    0,    0,    0,  -32,  -25,  -32,  -25,    0,    0,    0,    0,    0,  -32,    0,    0,    0,    0,  -29,  -48,  -45,    0,  -19,  -36,    0,  -19,  -16,    6,    0,    0,    0,    0,    0,    0,    0,    0,  -43,  -46,    0,  -11,    0,  -18,  -32,    0,  -18,    0,    0,    0,    0,  -32,  -42,    0,  -56,    0,  -29,    0,    0,  -75,  -66,  -46,  -11,  -26,  -11,    0,  -46,  -18,    0,    0,    6,    0,    0,    0,    0,    0,  -19,    0,    0,    0,    0,  -23,    0,  -32,    0,    0,    0,    0,    0,    0,    0,    0,    0,    0,    0,    0,    0,    0,    0,    0,    0,    0,    0,    0,    0,    0,    0,    0,    0,    0,  -50,  -70,
       0,    0,    0,    0,    0,    0,    0,    0,    0,  -18,    0,  -18,    0,    0,    0,    0,    0,    0,    0,    0,    0,    0,    0,    0,  -29,    0,    0,  -16,    0,    0,  -16,    0,    0,    0,    0,    0,    0,    0,    0,    0,    0,    0,    0,    0,    0,    0,    0,    0,    0,    0,    0,    0,    0,    0,  -18,  -16,    0,  -33,    0,    0,    0,    0,    0,    0,    0,    0,    0,    0,   40,    0,    0,    0,   40,    0,    0,    0,    0,    0,    0,  -16,    0,    0,    0,    0,  -10,    0,    0,    0,    0,    0,    0,    0,    0,    0,    0,    0,    0,    0,    0,    0,    0,    0,    0,    0,    0,    0,    0,    0,    0,    0,    0,    0,    0,    0,    0,
       0,    0,  -37,    0,   -5,    0,    0,    0,  -42,  -16,    0,  -16,    0,    7,    0,  -21,    0,    0,    0,    0,    0,    0,    0,    0,  -12,  -24,  -29,  -18,    7,    0,  -18,    0,  -59,   -9,  -58,  -58,    0,  -36,    0,  -42,    0,    0,   -7,   -3,    2,    0,    0,   -3,  -11,    0,  -55,  -32,    0,    0,  -16,  -16,  -42,  -16,  -34,  -16,    0,    0,    0,    0,   -7,    2,    2,    2,    0,   -7,    0,    0,    0,  -59,    0,    0,    0,    0,    0,  -18,    0,    0,    0,  -11,  -31,  -11,   -3,  -36,    0,    0,    0,    0,    0,    0,    0,    0,    0,    0,    0,    0,    0,    0,    0,    0,    0,    0,    0,    0,    0,    0,    0,  -81,  -74,    0,    0,
       0,    0,    0,    0,    0,    0,    0,    0,  -32,    0,    0,    0,    0,    0,  -21,  -50,    0,  -21,  -26,  -21,    0,  -21,  -21,    0,    0,    0,    0,  -18,    0,   16,  -18,    0,  -26,  -18,  -37,    0,    0,    0,    0,  -32,    0,    0,    0,    0,   10,   45,   16,    0,    0,    0,  -37,    0,    0,    0,    0,    0,  -32,    0,    0,    0,    0,    0,    0,    0,    0,   10,   10,   10,    0,    0,    0,    0,    0,  -26,   26,    0,  -21,   16,   26,  -18,  -50,   21,   21,    0,    0,    0,    0,    0,    0,    0,    0,    0,    0,    0,    0,    0,    0,    0,    0,    0,    0,    0,    0,    0,    0,    0,    0,    0,    0,    0,    0,  -18,    0,    0,    0,
       0,    0,   -7,    0,    0,    0,    0,    0,    0,    0,    0,    0,    0,    0,    0,  -18,    0,    0,    0,    0,    0,    0,    0,    0,    0,    0,    0,    0,    0,    0,    0,    0,  -33,    0,  -24,  -24,    0,  -41,    0,    0,    0,    0,    0,    0,    0,    0,    0,    0,    0,    0,   -8,    0,    0,    0,    0,    0,    0,    0,    0,    0,    0,    0,    0,    0,    0,    0,    0,    0,    0,    0,    0,    0,    0,  -33,    0,    0,    0,    0,    0,    0,    0,    0,    0,    0,    0,    0,    0,  -41,    0,    0,    0,    0,    0,    0,    0,    0,    0,    0,    0,    0,    0,    0,    0,    0,    0,    0,    0,    0,    0,    0,    0,  -21,  -11,    0,    0,
       0,    0,   -8,    0,    0,    0,    0,   -6,    0,    0,    0,    0,    0,    0,    0,  -16,    0,    0,    0,    0,    0,    0,    0,    0,    0,    0,    0,    0,  -16,    0,    0,    0,  -36,    0,  -27,  -23,  -13,  -49,    0,    0,    0,    5,    0,    0,    0,    0,    0,    0,    0,    0,   -9,   -7,  -10,   -8,    0,    0,    0,    0,  -16,    0,    0,    0,    5,    5,    0,    0,    0,    0,    0,    0,    0,    0,    0,  -36,    0,  -13,    0,    0,    0,    0,    0,    0,    0,    0,   -5,    0,    0,  -97,    0,    0,    0,    0,    0,    0,    0,    0,    0,    0,    0,    0,    0,    0,    0,    0,    0,    0,    0,    0,    0,    0,    0,  -29,  -10,    0,    0,
       0,    0,    0,    0,    0,    0,    0,    0,    0,  -11,  -26,  -11,  -26,   -8,    0,    0,    0,    0,  -29,    0,    0,    0,    0,    0,    0,    0,    0,    0,  -16,    0,    0,  -29,    0,    0,    0,    0,    0,    3,    0,    0,   -7,   -8,  -11,  -19,    3,    2,    0,   -9,  -18,    0,    0,    8,    0,    0,  -11,  -18,    0,  -11,    0,    0,    0,    0,   -8,   -8,  -11,    3,    3,    3,   48,  -11,    0,    0,   48,    0,  -37,    0,    0,    0,  -37,    0,    0,    0,    0,  -18,    0,  -18,   -9,    3,    0,    0,    0,    0,    0,    0,    0,    0,    0,    0,    0,    0,    0,    0,    0,    0,    0,    0,    0,    0,    0,    0,    0,    0,    0,  -42,  -26,
       0,    0,    0,    0,    0,    0,    0,    0,    0,    0,    0,    0,    0,    0,    0,    0,    0,    0,    0,    0,    0,    0,    0,    0,    0,    0,    0,    0,    0,    0,    0,    0,  -24,    0,    0,    0,    0,    0,    0,    0,    0,    0,    0,    0,    0,    3,    0,    0,    0,    0,    0,    0,    0,    0,    0,    0,    0,    0,    0,    0,    0,    0,    0,    0,    0,    0,    0,    0,    0,    0,    0,    0,    0,  -24,    0,    0,    0,    0,    0,    0,    0,    0,    0,    0,    0,    0,    0,    0,    0,    0,    0,    0,    0,    0,    0,    0,    0,    0,    0,    0,    0,    0,    0,    0,    0,    0,    0,    0,    0,    0,    0,    0,    0,    0,    0,
       0,    0,    0,    0,    0,    0,    0,    0,    0,    0,    0,    0,    0,    0,    0,    0,    0,    0,    0,    0,    0,    0,    0,    0,    0,    0,    0,    0,    0,    0,    0,    0,    0,    0,    0,    0,    0,    0,    0,    0,    0,    0,    0,    0,    0,    0,    0,    0,    0,    0,    0,    0,    0,    0,    0,    0,    0,    0,    0,    0,    0,    0,    0,    0,    0,    0,    0,    0,   29,    0,    0,    0,   44,    0,    0,    0,    0,    0,    0,    0,    0,    0,    0,    0,    0,    0,    0,    0,    0,    0,    0,    0,    0,    0,    0,    0,    0,    0,    0,    0,    0,    0,    0,    0,    0,    0,    0,    0,    0,    0,    0,    0,    0,    0,    0,
       0,    0,    0,    0,    0,    0,    0,    0,    0,  -25,    0,  -25,    0,    0,    0,    0,    0,    0,  -21,    0,    0,    0,    0,    0,  -40,    0,    0,    0,    0,    0,    0,    0,  -26,    0,    0,    0,    0,    0,    0,    0,    0,    0,  -10,    0,    0,    0,    0,    0,    0,    0,    2,    0,    0,    0,  -25,  -24,    0,  -25,    0,    0,    0,    0,    0,    0,  -10,    0,    0,    0,    0,  -10,    0,    0,    0,  -26,    0,    0,    0,    0,    0,    0,    0,    0,    0,    0,    0,    0,    0,    0,    0,    0,    0,    0,    0,    0,    0,    0,    0,    0,    0,    0,    0,    0,    0,    0,    0,    0,    0,    0,    0,    0,    0,    0,    0,    0,    0,
       0,    0,    0,    0,    0,    0,    0,    0,    0,  -18,  -29,  -18,  -29,  -15,    0,    0,    0,    0,    0,    0,    0,    0,    0,    0,  -18,    0,    0,    0,  -18,    7,    0,  -26,  -26,    0,    0,    0,    0,    0,  -16,    0,    0,   -4,  -10,    8,    3,    7,    5,    0,    8,    0,    7,    4,    7,    0,  -18,    0,    0,  -18,    0,    0,    0,    0,   -4,   -4,  -10,    3,    3,    3,   10,  -10,    0,    0,   10,  -26,    0,    0,    0,    7,    0,    0,    0,   -8,   -8,    8,    0,    8,    0,    0,    0,    0,    0,    0,    0,    0,    0,    0,    0,    0,    0,    0,    0,    0,    0,    0,    0,    0,    0,    0,    0,    0,    0,  -18,    8,  -37,  -29,
       0,    0,   -3,    0,    0,    0,    0,    0,    0,    0,    0,    0,    0,    0,    0,    0,    0,    0,    0,    0,    0,    0,    0,    0,    0,    0,    0,    0,    0,    0,    0,    0,  -34,    0,  -21,  -16,    0,  -34,    0,    0,    0,    0,    0,    0,    0,    0,    0,    0,    0,    0,    0,    0,    0,    0,    0,    0,    0,    0,    0,    0,    0,    0,    0,    0,    0,    0,    0,    0,    0,    0,    0,    0,    0,  -34,    0,    0,    0,    0,    0,    0,    0,    0,    0,    0,    0,    0,    0,  -34,    0,    0,    0,    0,    0,    0,    0,    0,    0,    0,    0,    0,    0,    0,    0,    0,    0,    0,    0,    0,    0,    0,    0,  -24,    0,   -4,    0,
       0,    0,    0,    0,    0,    0,    0,    0,    0,   -8,    0,   -8,    0,    0,    0,    0,    0,    0,   -4,    0,    0,    0,    0,    0,  -13,    0,    0,    0,    0,    1,    0,    0,  -16,    0,   -3,   -3,    0,   -5,    0,    0,    0,    2,   -5,  -14,    0,    4,    0,   -4,   -3,    0,   10,    8,    0,    0,   -8,    0,    0,   -8,    0,    0,    0,    0,    2,    2,   -5,    0,    0,    0,    0,   -5,    0,    0,    0,  -16,    0,    0,    0,    1,    0,    0,    0,    0,    0,   -3,    0,   -3,   -4,   -5,    0,    0,    0,    0,    0,    0,    0,    0,    0,    0,    0,    0,    0,    0,    0,    0,    0,    0,    0,    0,    0,    0,    0,  -18,    3,    0,    0,
       0,    0,    0,    0,    0,    0,    0,    0,    0,  -18,    0,  -18,    0,  -16,    0,    0,    0,    0,    0,    0,    0,    0,    0,    0,  -18,    0,    0,    0,    0,    0,    0,    0,  -24,    0,    0,    0,    0,  -26,    0,    0,  -16,    0,    0,    0,    0,    0,    0,    0,    0,    0,    0,    0,    0,    0,  -18,    0,    0,  -18,    0,    0,    0,    0,    0,    0,    0,    0,    0,    0,    0,    0,    0,    6,    0,  -58,    0,    0,    0,    0,    0,    0,    0,    0,    0,    0,    0,    0,    0,  -26,    0,    0,    0,    0,    0,    0,    0,    0,    0,    0,    0,    0,    0,    0,    0,    0,    0,    0,    0,    0,    0,    0,    0,  -18,    7,    0,    0,
       0,    0,    0,    0,    0,    0,    0,    0,    0,  -18,  -19,  -18,  -19,  -26,    0,    0,    0,    0,    0,    0,    0,    0,    0,    0,  -16,  -18,    0,    0,  -32,    1,    0,  -29,  -16,    0,    0,    0,    0,  -16,    0,    0,  -37,   -4,   -9,    7,    0,    0,    0,    0,    8,    0,    0,    0,    0,    0,  -18,  -18,    0,  -18,    0,    0,    0,    0,   -4,   -4,   -9,    0,    0,    0,    8,   -9,    0,    0,    8,  -45,    0,    0,    0,    1,    0,    0,    0,  -21,  -21,    8,    0,    8,    0,  -16,    0,    0,    0,    0,    0,    0,    0,    0,    0,    0,    0,    0,    0,    0,    0,    0,    0,    0,    0,    0,    0,    0,    0,    0,    0,  -37,  -53,
       0,    0,    0,    0,    0,  -16,    0,    0,    0,    0,  -34,    0,  -34,    0,    0,    0,    0,    0,    0,    0,    0,    0,    0,    0,    0,    0,    0,    0,  -32,    0,    0,  -26,  -24,    0,    0,    0,    0,    0,  -16,    0,    0,   -1,   -7,    0,    0,    0,    0,    0,    0,    0,    0,    0,    0,    0,    0,  -16,    0,    0,    0,    0,    0,    0,   -1,   -1,   -7,    0,    0,    0,    0,   -7,    0,    0,    0,  -24,    0,    0,    0,    0,    0,    0,    0,    0,    0,    0,    0,    0,    0,    0,    0,    0,    0,    0,    0,    0,    0,    0,    0,    0,    0,    0,    0,    0,    0,    0,    0,    0,    0,    0,    0,    0,    0,    0,    0,  -37,  -34,
       0,    0,    0,    0,    0,    0,    0,    0,    0,  -10,    0,  -10,    0,    0,    0,    0,    0,    0,    0,    0,    0,    0,    0,    0,    0,  -16,    0,    0,    0,    0,    0,    0,  -20,    0,    0,    0,    0,    0,    0,    0,    0,   -1,  -10,    8,    0,    0,    0,    0,    8,    0,    0,    0,    0,    0,  -10,  -16,    0,  -10,    0,    0,    0,    0,   -1,   -1,  -10,    0,    0,    0,    0,  -10,    0,    0,    0,  -20,    0,    0,    0,    0,    0,    0,    0,    0,    0,    8,    0,    8,    0,    0,    0,    0,    0,    0,    0,    0,    0,    0,    0,    0,    0,    0,    0,    0,    0,    0,    0,    0,    0,    0,    0,    0,    0,    0,    0,    0,    0,
       0,    0,    0,    0,    0,    0,    0,    0,    0,    0,    0,    0,    0,    0,    0,    0,    0,    0,    0,    0,    0,    0,    0,    0,    0,    0,    0,    0,    0,    0,    0,    0,  -16,    0,    0,    0,    0,    0,    0,    0,    0,    0,   -8,    0,    0,    0,    0,    0,    0,    0,    0,    0,    0,    0,    0,    0,    0,    0,    0,    0,    0,    0,    0,    0,   -8,    0,    0,    0,    0,   -8,    0,    0,    0,  -16,    0,    0,    0,    0,    0,    0,    0,    0,    0,    0,    0,    0,    0,    0,    0,    0,    0,    0,    0,    0,    0,    0,    0,    0,    0,    0,    0,    0,    0,    0,    0,    0,    0,    0,    0,    0,    0,    0,    0,    0,    0,
       0,    0,    0,    0,    0,    0,    0,    0,    0,    0,    0,    0,    0,    0,    0,    0,  -12,   -3,    0,    0,  -12,    0,    0,    0,    0,    0,    0,    0,  -16,    0,    0,  -21,  -35,    0,  -22,  -15,  -36,  -32,    0,    0,    0,    0,    0,    0,    0,    0,    0,    0,    0,    0,    0,    0,  -10,    0,    0,    0,    0,    0,    0,    0,    0,    0,    0,    0,    0,    0,    0,    0,    0,    0,    0,    0,    0,  -59,    0,  -36,  -19,    0,    0,    0,    0,    0,    0,    0,    0,    0,    0,  -32,    0,    0,    0,    0,    0,    0,    0,    0,    0,    0,    0,    0,    0,    0,    0,    0,    0,    0,    0,    0,    0,    0,    0,  -19,    0,    0,    0,
       0,    0,    0,    0,    0,    0,    0,    0,    0,    0,    0,    0,    0,    0,    0,    0,    0,    0,    0,    0,    0,    0,    0,    0,    0,    0,    0,    0,    0,    0,    0,    0,  -32,    0,  -16,    0,    0,  -32,    0,    0,    0,    0,    0,    0,    0,    0,    0,    0,    0,    0,    0,    0,    0,    0,    0,    0,    0,    0,    0,    0,    0,    0,    0,    0,    0,    0,    0,    0,    0,    0,    0,    0,    0,  -32,    0,    0,    0,    0,    0,    0,    0,    0,    0,    0,    0,    0,    0,  -32,    0,    0,    0,    0,    0,    0,    0,    0,    0,    0,    0,    0,    0,    0,    0,    0,    0,    0,    0,    0,    0,    0,    0,  -16,    0,    0,    0,
       0,    0,    0,    0,    0,    0,    0,    0,    0,    0,    0,    0,    0,    0,    0,    0,    0,    0,    0,    0,    0,    0,    0,    0,    0,    0,    0,    0,  -16,    0,    0,    0,  -24,    0,    0,    0,    0,  -29,    0,    0,    0,    0,    0,    0,    0,    0,    0,    0,    0,    0,    0,    0,    0,    0,    0,    0,    0,    0,    0,    0,    0,    0,    0,    0,    0,    0,    0,    0,    0,    0,    0,    0,    0,  -24,    0,    0,    0,    0,    0,    0,    0,    0,    0,    0,    0,    0,    0,  -29,    0,    0,    0,    0,    0,    0,    0,    0,    0,    0,    0,    0,    0,    0,    0,    0,    0,    0,    0,    0,    0,    0,    0,    0,    0,    0,    0,
       0,    0,    0,    0,    0,    0,    0,    0,    0,    0,    0,    0,    0,    0,    0,    0,  -12,   -3,    0,    0,  -12,    0,    0,    0,    0,    0,    0,    0,  -16,    0,    0,  -21,  -72,    0,  -40,  -15,  -39,  -56,    0,    0,    0,    0,    0,    0,    0,    0,    0,    0,    0,    0,    0,    0,  -10,    0,    0,    0,    0,    0,    0,    0,    0,    0,    0,    0,    0,    0,    0,    0,    0,    0,    0,    0,    0,  -72,    0,  -39,  -19,    0,    0,    0,    0,    0,    0,    0,    0,    0,    0,  -56,    0,    0,    0,    0,    0,    0,    0,    0,    0,    0,    0,    0,    0,    0,    0,    0,    0,    0,    0,    0,    0,    0,    0,  -19,    0,    0,    0,
       0,    0,    0,    0,    0,  -18,    0,    0,    0,    0,    0,    0,    0,    0,    0,    0,    0,    0,    0,    0,    0,    0,    0,    0,    0,    0,    0,    0,  -34,    0,    0,  -34,    0,    0,    0,    0,    0,    0,    0,    0,    0,    0,  -16,    0,    0,    0,    0,    0,    0,    0,    0,    0,    0,    0,    0,    0,    0,    0,    0,    0,    0,    0,    0,    0,  -16,    0,    0,    0,    0,  -16,    0,    0,    0,    0,    0,    0,    0,    0,    0,    0,    0,    0,    0,    0,    0,    0,    0,    0,    0,    0,    0,    0,    0,    0,    0,    0,    0,    0,    0,    0,    0,    0,    0,    0,    0,    0,    0,    0,    0,    0,    0,    0,    0,    0,    0,
       0,    0,    0,    0,    0,    0,    0,    0,    0,    0,    0,    0,    0,    0,    0,  -18,  -24,  -21,    0,    0,  -24,  -16,    0,    0,    0,    0,    0,    0,  -16,    0,    0,    0,  -61,    0,  -29,  -26,  -18,  -42,  -16,    0,    0,    0,    0,    0,    0,    0,    0,    0,    0,    0,  -16,  -16,  -16,    0,    0,    0,    0,    0,    0,    0,    0,    0,    0,    0,    0,    0,    0,    0,    0,    0,    0,    0,    0,  -61,  -16,  -42,  -21,    0,  -16,    0,    0,    0,    0,    0,    0,    0,    0,  -42,    0,    0,    0,    0,    0,    0,    0,    0,    0,    0,    0,    0,    0,    0,    0,    0,    0,    0,    0,    0,    0,    0,    0,  -40,    0,    0,    0,
       0,    0,    0,    0,    0,    0,    0,    0,    0,    0,    0,    0,    0,    0,    0,    0,    0,    0,    0,    0,    0,    0,    0,    0,    0,    0,    0,    0,    0,    0,    0,    0,  -32,    0,  -49,  -41,    0,    0,    0,    0,    0,    0,    0,    0,    0,    0,    0,    0,    0,    0,    0,    0,    0,    0,    0,    0,    0,    0,    0,    0,    0,    0,    0,    0,    0,    0,    0,    0,    0,    0,    0,    0,    0,  -32,    0,    0,    0,    0,    0,    0,    0,    0,    0,    0,    0,    0,    0,    0,    0,    0,    0,    0,    0,    0,    0,    0,    0,    0,    0,    0,    0,    0,    0,    0,    0,    0,    0,    0,    0,    0,    0,  -29,  -16,    0,    0,
       0,    0,    0,    0,    0,    0,    0,    0,    0,    0,    0,    0,    0,    0,    0,    0,    0,    0,    0,    0,    0,    0,    0,    0,    0,    0,    0,    0,    0,    0,    0,    0,    0,    0,    0,    0,    0,    0,    0,    0,    0,    0,    0,    0,    0,    0,    0,    0,    0,    0,    0,    0,    0,    0,    0,    0,    0,    0,    0,    0,    0,    0,    0,    0,    0,    0,    0,    0,   15,    0,    0,    0,   15,    0,    0,    0,    0,    0,    0,    0,    0,    0,    0,    0,    0,    0,    0,    0,    0,    0,    0,    0,    0,    0,    0,    0,    0,    0,    0,    0,    0,    0,    0,    0,    0,    0,    0,    0,    0,    0,    0,    0,    0,    0,    0,
       0,    0,    0,    0,    0,    0,    0,    0,    0,    0,    0,    0,    0,    0,    0,    0,    0,    0,    0,    0,    0,    0,    0,    0,    0,    0,    0,    0,    0,    0,    0,    0,  -26,    0,    0,    0,    0,    0,    0,    0,    0,    0,    0,    0,    0,    0,    0,    0,    0,    0,    0,    0,    0,    0,    0,    0,    0,    0,    0,    0,    0,    0,    0,    0,    0,    0,    0,    0,   16,    0,    0,    0,   16,  -26,    0,    0,    0,    0,    0,    0,    0,    0,    0,    0,    0,    0,    0,    0,    0,    0,    0,    0,    0,    0,    0,    0,    0,    0,    0,    0,    0,    0,    0,    0,    0,    0,    0,    0,    0,    0,    0,  -61,    0,    0,    0,
       0,    0,    0,    0,    0,    0,    0,    0,    0,    0,    0,    0,    0,    0,    0,    0,    0,    0,    0,    0,    0,    0,    0,    0,    0,    0,    0,    0,    0,    0,    0,    0,  -37,    0,    0,    0,    0,    0,    0,    0,    0,    0,    0,    0,    0,    0,    0,    0,    0,    0,    0,    0,    0,    0,    0,    0,    0,    0,    0,    0,    0,    0,    0,    0,    0,    0,    0,    0,    0,    0,    0,    0,    0,  -37,    0,    0,    0,    0,    0,    0,    0,    0,    0,    0,    0,    0,    0,    0,    0,    0,    0,    0,    0,    0,    0,    0,    0,    0,    0,    0,    0,    0,    0,    0,    0,    0,    0,    0,    0,    0,    0,    0,    0,    0,    0,
       0,    0,    0,    0,    0,    0,    0,    0,    0,    0,    0,    0,    0,    0,    0,    0,    0,    0,    0,    0,    0,    0,    0,    0,    0,    0,    0,    0,    0,    0,    0,    0,    0,    0,    0,    0,    0,    0,    0,    0,    0,    0,    0,    0,    0,    0,    0,    0,    0,    0,    0,    0,    0,    0,    0,    0,    0,    0,    0,    0,    0,    0,    0,    0,    0,    0,    0,    0,   44,    0,    0,    0,   47,    0,    0,    0,    0,    0,    0,    0,    0,    0,    0,    0,    0,    0,    0,    0,    0,    0,    0,    0,    0,    0,    0,    0,    0,    0,    0,    0,    0,    0,    0,    0,    0,    0,    0,    0,    0,    0,    0,    0,    0,    0,    0,
       0,    0,    0,    0,    0,    0,    0,    0,    0,    0,    0,    0,    0,    0,    0,   21,    0,    0,    0,    0,   42,    0,    0,    0,    0,    0,    0,    0,    0,   29,    0,    0,   42,    0,   40,    0,    0,    0,   42,    0,    0,    0,    0,   18,   29,   29,   10,    0,   24,    0,    0,    0,    0,    0,    0,    0,    0,    0,    0,    0,    0,   15,    0,    0,    0,   44,   29,   44,   75,    0,    0,    0,   75,   42,    0,    0,    0,   63,    0,    0,    0,    0,    0,   24,    0,   24,    0,    0,    0,    0,    0,    0,    0,    0,    0,    0,    0,    0,    0,    0,    0,    0,    0,    0,    0,    0,    0,    0,    0,    0,    0,    0,    0,    0,    0,
       0,    0,   -7,    0,    0,    0,    0,    0,    0,    0,    0,    0,    0,    0,    0,  -18,    0,    0,    0,    0,    0,    0,    0,    0,    0,    0,    0,    0,    0,    0,    0,    0,  -57,    0,  -24,  -24,    0,  -41,    0,    0,    0,    0,    0,    0,    0,    0,    0,    0,    0,    0,   -8,    0,    0,    0,    0,    0,    0,    0,    0,    0,    0,    0,    0,    0,    0,    0,    0,    0,    0,    0,    0,    0,    0,  -57,    0,    0,    0,    0,    0,    0,    0,    0,    0,    0,    0,    0,    0,  -41,    0,    0,    0,    0,    0,    0,    0,    0,    0,    0,    0,    0,    0,    0,    0,    0,    0,    0,    0,    0,    0,    0,    0,  -21,  -11,    0,    0,
       0,    0,   -8,    0,    0,    0,    0,   -6,    0,    0,    0,    0,    0,    0,    0,  -16,    0,    0,    0,    0,    0,    0,    0,    0,    0,    0,    0,    0,  -16,    0,    0,    0,  -60,    0,  -27,  -23,  -13,  -49,    0,    0,    0,    5,    0,    0,    0,    0,    0,    0,    0,    0,   -9,   -7,  -10,   -8,    0,    0,    0,    0,  -16,    0,    0,    0,    5,    5,    0,    0,    0,    0,    0,    0,    0,    0,    0,  -60,    0,  -13,    0,    0,    0,    0,    0,    0,    0,    0,   -5,    0,    0,  -97,    0,    0,    0,    0,    0,    0,    0,    0,    0,    0,    0,    0,    0,    0,    0,    0,    0,    0,    0,    0,    0,    0,    0,  -29,  -10,    0,    0,
       0,    0,   16,    0,    0,    0,    2,   54,   26,    0,    0,    0,    0,    0,    0,   21,    0,    0,    0,    0,   21,    0,    0,    0,    0,    0,    0,    0,    0,   16,    0,    0,   18,    0,    0,    0,    0,    0,    0,   26,    0,    0,    0,    0,   18,   16,   16,    0,    0,    0,    0,    0,    0,    0,    0,    0,   26,    0,   18,    0,    0,    0,    0,    0,    0,   18,   18,   34,   16,    0,    0,    0,   16,   18,    0,    0,    0,   16,    0,    0,    0,    0,    0,    0,    0,    0,    0,    0,    0,    0,    0,    0,    0,    0,    0,    0,    0,    0,    0,    0,    0,    0,    0,    0,    0,    0,    0,    0,    0,    0,    0,   16,    0,    0,    0,
       0,    0,    0,    0,    0,    0,    0,    0,    0,    0,    0,    0,    0,    0,    0,    0,    0,    0,    0,    0,    0,    0,    0,    0,    0,    0,    0,    0,    0,   16,    0,    0,   16,    0,    0,    0,    0,    0,    0,    0,    0,    0,    0,    0,   16,   18,    0,    0,    0,    0,    0,    0,    0,    0,    0,    0,    0,    0,    0,    0,    0,    0,    0,    0,    0,   16,   16,   18,   18,    0,    0,    0,   18,   16,    0,    0,    0,   16,    0,    0,    0,    0,    0,    0,    0,    0,    0,    0,    0,    0,    0,    0,    0,    0,    0,    0,    0,    0,    0,    0,    0,    0,    0,    0,    0,    0,    0,    0,    0,    0,    0,    0,    0,    0,    0,
       0,    0,    0,    0,    0,    0,    0,    0,    0,    0,    0,    0,    0,    0,    0,   21,    0,    0,    0,    0,   42,    0,    0,    0,    0,    0,    0,    0,    0,   29,    0,    0,   42,    0,   40,    0,    0,    0,   42,    0,    0,    0,    0,   18,   47,   44,   10,    0,   24,    0,    0,    0,    0,    0,    0,    0,    0,    0,    0,    0,    0,   15,    0,    0,    0,   47,   47,   47,   75,    0,    0,    0,   75,   42,    0,    0,    0,   63,    0,    0,    0,    0,    0,   24,    0,   24,    0,    0,    0,    0,    0,    0,    0,    0,    0,    0,    0,    0,    0,    0,    0,    0,    0,    0,    0,    0,    0,    0,    0,    0,    0,    0,    0,    0,    0,
       0,    0,  -42,    0,    0,    0,    0,    0,  -79,  -51,    0,  -51,    0,    0,    0,  -21,    0,    0,    0,    0,    0,    0,    0,    0,    0,    0,    0,  -13,    0,    0,  -13,    0,  -43,    0,  -35,  -11,    0,  -32,    0,  -61,    0,    0,    0,    0,    0,    0,    0,    0,  -10,    0,  -32,    0,    0,    0,  -50,  -29,  -82,  -51,  -45,    0,    0,    0,    0,    0,    0,    0,    0,    0,    0,    0,    0,    0,    0,  -43,    0,    0,    0,    0,    0,  -13,    0,    0,    0,  -10,  -60,  -10,    0,  -32,    0,    0,    0,    0,    0,    0,    0,    0,    0,    0,    0,    0,    0,    0,    0,    0,    0,    0,    0,    0,    0,    0,    0,  -40,  -35,    0,    0,
       0,    0,  -42,    0,    0,    0,    0,    0,  -77,  -34,    0,  -58,    0,    0,    0,  -21,    0,    0,    0,    0,    0,    0,    0,    0,    0,    0,    0,  -13,    0,    0,  -13,    0,  -43,    0,  -35,  -11,    0,  -48,    0,  -77,    0,    0,    0,    0,    0,    0,    0,    0,  -10,    0,  -32,    0,    0,    0,  -52,  -29,  -77,  -63,  -45,    0,    0,    0,    0,    0,    0,    0,    0,    0,    0,    0,    0,    0,    0,  -43,    0,    0,    0,    0,    0,  -13,    0,    0,    0,  -10,  -60,  -10,    0,  -48,    0,    0,    0,    0,    0,    0,    0,    0,    0,    0,    0,    0,    0,    0,    0,    0,    0,    0,    0,    0,    0,    0,    0,  -40,  -50,    0,    0,
       0,    0,    0,    0,    0,    0,    0,    6,    0,    0,    0,    0,    0,    0,    0,    0,    0,    0,    0,    0,    0,    0,    0,    0,    0,    0,    0,    0,    0,    0,    0,    0,    0,    0,    0,    0,    0,    0,    0,    0,    6,    0,    0,    0,    0,    0,    0,    0,   14,    0,    4,    0,    0,    0,    0,    0,    0,    0,    0,    0,    0,    0,    0,    0,    0,    0,    0,    0,   29,    0,    0,   16,   29,    0,    0,    0,    0,    0,    0,    0,    0,    0,    0,   14,    0,   14,    0,    0,    0,    0,    0,    0,    0,    0,    0,    0,    0,    0,    0,    0,    0,    0,    0,    0,    0,    0,    0,    0,    0,    0,    0,    0,    0,    0,    0,
       0,    0,    0,    0,   -2,  -16,    0,    0,    0,  -43,  -16,  -43,  -16,  -61,  -16,    0,    0,    0,  -32,    0,  -37,    0,    0,  -16,  -37,  -16,    0,  -15,  -41,    0,  -15,  -42,    0,    0,    0,    0,    0,    6,    0,    0,  -26,  -34,  -36,    0,    0,    0,  -26,  -34,  -48,  -34,  -29,  -29,  -20,  -21,  -43,  -61,    0,  -43,    0,  -24,    0,    0,  -53,  -53,  -60,    0,    0,    0,   42,  -60,  -58,    0,   42,    0,  -64,    0,    0,    0,  -64,  -15,    0,    0,    0,  -48,  -25,  -48,  -34,    6,    0,    0,    0,    0,    0,    0,    0,    0,    0,    0,    0,    0,    0,    0,    0,    0,    0,    0,    0,    0,    0,    0,    0,    0,    0,  -56,  -55,
       0,    0,    0,    0,    0,    0,    2,    7,    0,    0,  -21,    0,  -21,    0,    0,    0,    0,    0,    0,    0,    0,    0,    0,    0,    0,    0,    0,    0,    0,    0,    0,    0,    0,    0,    0,    0,    0,    0,    0,    0,    0,    0,    0,    0,    0,    0,    0,    0,    0,    0,    0,    0,    0,    0,    0,    0,    0,    0,    0,    0,    0,    0,    0,    0,    0,    0,    0,    0,    0,    0,    0,    0,    0,    0,    0,    0,    0,    0,    0,    0,    0,    0,    0,    0,    0,    0,    0,    0,    0,    0,    0,    0,    0,    0,    0,    0,    0,    0,    0,    0,    0,    0,    0,    0,    0,    0,    0,    0,    0,    0,    0,    0,    0,    0,  -21,
       0,    0,    0,    0,    0,    0,    0,    0,    0,    0,    0,    0,    0,    0,    0,    0,    0,    0,    0,    0,    0,    0,    0,    0,    0,    0,    0,    0,    0,    0,    0,    0,    0,    0,    0,    0,    0,    0,    0,    0,    0,    0,  -23,    0,    0,    0,    0,    0,   14,    0,    8,    0,    0,    0,    0,    0,    0,    0,    0,    0,    0,    0,    0,    0,  -23,    0,    0,    0,    0,  -23,    0,    0,    0,    0,    0,    0,    0,    0,    0,    0,    0,    0,    0,   14,    0,   14,    0,    0,    0,    0,    0,    0,    0,    0,    0,    0,    0,    0,    0,    0,    0,    0,    0,    0,    0,    0,    0,    0,    0,    0,    0,    0,    0,    0,    0,
       0,    0,    0,    0,    0,    0,    0,    0,    0,    0,  -21,    0,  -21,    0,    0,    0,    0,    0,    0,    0,    0,    0,    0,    0,    0,    0,    0,    0,    0,    0,    0,    0,    0,    0,    0,    0,    0,    0,    0,    0,    0,    0,    0,    0,    0,    0,    0,    0,    0,    0,    0,    0,    0,    0,    0,    0,    0,    0,    0,    0,    0,    0,    0,    0,    0,    0,    0,    0,    0,    0,    0,    0,    0,    0,    0,    0,    0,    0,    0,    0,    0,    0,    0,    0,    0,    0,    0,    0,    0,    0,    0,    0,    0,    0,    0,    0,    0,    0,    0,    0,    0,    0,    0,    0,    0,    0,    0,    0,    0,    0,    0,    0,    0,    0,  -21,
       0,    0,    0,    0,    0,    0,    0,    0,    0,    0,    0,    0,    0,    0,    0,    0,    0,    0,    0,    0,    0,    0,    0,    0,    0,    0,    0,    0,    0,    0,    0,    0,  -24,    0,    0,    0,    0,    0,    0,    0,   29,    0,    0,    0,    0,    0,    0,    0,    0,    0,    0,    0,    0,    0,    0,    0,    0,    0,    0,    0,    0,    0,    0,    0,    0,    0,    0,    0,    0,    0,    0,    0,    0,  -24,   10,    0,    0,    0,   10,    0,    0,    0,    0,    0,    0,    0,    0,    0,    0,    0,    0,    0,    0,    0,    0,    0,    0,    0,    0,    0,    0,    0,    0,    0,    0,    0,    0,    0,    0,    0,    0,    0,    0,    0,    0,
       0,    0,    0,    0,   -5,    0,    0,    0,    0,  -58,    0,  -58,    0,    0,  -17,    0,    0,  -10,  -18,    0,    0,  -10,    0,    0,  -24,  -24,    0,  -22,    0,    0,  -22,    0,  -18,    0,    0,    0,    0,    0,    0,    0,    0,  -26,  -13,    0,    0,    0,    0,    0,    0,    0,    0,    0,    0,    0,  -58,  -42,    0,  -58,    0,    0,    0,    0,  -26,  -26,  -13,    0,    0,    0,    0,  -13,    0,    0,    0,  -18,    0,    0,  -10,    0,    0,  -45,  -16,    0,    0,  -29,  -39,    0,    0,    0,    0,    0,    0,    0,    0,    0,    0,    0,    0,    0,    0,    0,    0,    0,    0,    0,    0,    0,    0,    0,    0,    0,    0,    0,    0,    0,    0,
       0,    0,    0,    0,    0,    0,    0,    0,    0,    0,  -21,    0,  -21,  -18,    0,    0,    0,    0,    0,    0,    0,    0,    0,    0,    0,    0,    0,    0,  -18,    0,    0,    0,  -15,    0,  -18,   -8,  -22,  -19,    0,    0,  -18,    0,    0,    0,    0,    0,    0,    0,    0,    0,    0,    0,    0,    0,    0,    0,    0,    0,    0,    0,    0,    0,    0,    0,    0,    0,    0,    0,    0,    0,    0,    0,    0,  -15,    0,  -45,    0,    0,    0,    0,    0,    0,    0,    0,    0,    0,    0,  -19,    0,    0,    0,    0,    0,    0,    0,    0,    0,    0,    0,    0,    0,    0,    0,    0,    0,    0,    0,    0,    0,    0,    0,  -16,    0,  -42,  -21,
       0,    0,  -15,    0,    0,    0,    0,    0,  -15,  -15,    8,  -15,    8,    0,   -7,    0,    0,    0,   -7,    0,    0,   -5,    0,    0,    0,    0,    0,    0,    0,    0,    0,    0,    0,    0,    0,    0,    0,    0,    0,  -15,    0,    0,   -8,  -14,    0,    0,    0,    0,  -14,    0,  -12,  -14,    0,    0,  -15,    0,  -15,  -15,    0,    0,    0,    0,    0,    0,   -8,    0,    0,    0,    0,   -8,    0,    0,    0,    0,    0,    0,    0,    0,    0,    0,    0,    0,    0,  -14,  -15,  -14,    0,    0,    0,    0,    0,    0,    0,    0,    0,    0,    0,    0,    0,    0,    0,    0,    0,    0,    0,    0,    0,    0,    0,    0,    0,    0,  -15,    0,    8,
       0,    0,    0,    0,    0,    0,    0,    0,    0,  -18,  -59,  -18,  -59,  -15,    0,    0,    0,    0,    0,    0,    0,    0,    0,    0,  -18,    0,    0,    0,  -18,    7,    0,  -26,  -26,    0,    0,    0,    0,    0,  -16,    0,    0,   -4,  -10,    8,    3,    7,    5,    0,    8,    0,    7,    4,    7,    0,  -18,    0,    0,  -18,    0,    0,    0,    0,   -4,   -4,  -10,    3,    3,    3,   10,  -10,    0,    0,   10,  -26,    0,    0,    0,    7,    0,    0,    0,   -8,   -8,    8,    0,    8,    0,    0,    0,    0,    0,    0,    0,    0,    0,    0,    0,    0,    0,    0,    0,    0,    0,    0,    0,    0,    0,    0,    0,    0,    0,  -18,    8,  -71,  -59,
       0,    0,    0,    0,    0,    0,    0,  -13,    0,    0,    0,    0,    0,    0,    0,    0,    0,    0,    0,    0,    0,    0,    0,    0,    0,    0,    0,    0,    0,    0,    0,    0,  -49,    0,  -49,    0,  -13,  -80,    0,    0,    0,    0,    0,    0,    0,    0,    0,    0,  -11,    0,  -15,  -13,   -9,    0,    0,    0,    0,    0,  -24,    0,    0,    0,    0,    0,    0,    0,    0,    0,    0,    0,    0,    0,    0,  -49,    0,  -13,    0,    0,    0,    0,    0,    0,    0,  -11,    0,  -50,    0,  -80,    0,    0,    0,    0,    0,    0,    0,    0,    0,    0,    0,    0,    0,    0,    0,    0,    0,    0,    0,    0,    0,    0,    0,  -33,    0,    0,    0,
       0,    0,    0,    0,    0,  -29,    0,    0,    0,  -32,  -25,  -32,  -25,    0,    0,    0,    0,    0,  -32,    0,    0,    0,    0,  -29,  -48,  -45,    0,  -19,  -36,    0,  -19,  -16,    6,    0,    0,    0,    0,    0,    0,    0,    0,  -43,  -92,    0,  -11,    0,  -18,  -32,    0,  -18,    0,    0,    0,    0,  -32,  -42,    0,  -56,    0,  -29,    0,    0,  -75,  -66,  -92,  -11,  -26,  -11,    0,  -92,  -18,    0,    0,    6,    0,    0,    0,    0,    0,  -19,    0,    0,    0,    0,  -23,    0,  -32,    0,    0,    0,    0,    0,    0,    0,    0,    0,    0,    0,    0,    0,    0,    0,    0,    0,    0,    0,    0,    0,    0,    0,    0,    0,    0,  -50,  -70,
       0,    0,    0,    0,    0,    0,    0,    0,    0,    0,    0,    0,    0,    0,    0,    0,    0,    0,    0,    0,    0,    0,    0,    0,    0,    0,    0,    0,    0,    0,    0,    0,    0,    0,    0,    0,    0,    0,    0,    0,    0,    0,    0,    0,    0,    0,    0,    0,    0,    0,    0,    0,    0,    0,    0,    0,    0,    0,    0,    0,    0,    0,    0,    0,    0,    0,    0,    0,    0,    0,    0,    0,    0,    0,    0,    0,    0,    0,    0,    0,    0,    0,    0,    0,    0,    0,    0,    0,    0,    0,    0,    0,    0,    0,    0,    0,   -9,    0,   -5,   -1,    0,    0,    0,    0,    0,   -9,    0,   -5,    0,   -9,    0,    0,    0,    0,    0,
       0,    0,    0,    0,    0,    0,    0,    0,    0,    0,    0,    0,    0,    0,    0,    0,    0,    0,    0,    0,    0,    0,    0,    0,    0,    0,    0,    0,    0,    0,    0,    0,    0,    0,    0,    0,    0,    0,    0,    0,    0,    0,    0,    0,    0,    0,    0,    0,    0,    0,    0,    0,    0,    0,    0,    0,    0,    0,    0,    0,    0,    0,    0,    0,    0,    0,    0,    0,    0,    0,    0,    0,    0,    0,    0,    0,    0,    0,    0,    0,    0,    0,    0,    0,    0,    0,    0,    0,    0,    0,    0,   -2,    0,    0,    0,    0,    0,   -3,    0,    0,    0,    0,  -12,    0,    0,  -12,    0,    0,   -5,    0,    0,    0,    0,    0,    0,
       0,    0,    0,    0,    0,    0,    0,    0,    0,    0,    0,    0,    0,    0,    0,    0,    0,    0,    0,    0,    0,    0,    0,    0,    0,    0,    0,    0,    0,    0,    0,    0,    0,    0,    0,    0,    0,    0,    0,    0,    0,    0,    0,    0,    0,    0,    0,    0,    0,    0,    0,    0,    0,    0,    0,    0,    0,    0,    0,    0,    0,    0,    0,    0,    0,    0,    0,    0,    0,    0,    0,    0,    0,    0,    0,    0,    0,    0,    0,    0,    0,    0,    0,    0,    0,    0,    0,    0,    0,    4,    0,    0,    0,    0,    0,   -3,  -12,    0,   -2,   -6,    0,   -7,    0,    0,    0,   -5,    0,    0,    0,    0,    0,    0,    0,    0,    0,
       0,    0,    0,    0,    0,    0,    0,    0,    0,    0,    0,    0,    0,    0,    0,    0,    0,    0,    0,    0,    0,    0,    0,    0,    0,    0,    0,    0,    0,    0,    0,    0,    0,    0,    0,    0,    0,    0,    0,    0,    0,    0,    0,    0,    0,    0,    0,    0,    0,    0,    0,    0,    0,    0,    0,    0,    0,    0,    0,    0,    0,    0,    0,    0,    0,    0,    0,    0,    0,    0,    0,    0,    0,    0,    0,    0,    0,    0,    0,    0,    0,    0,    0,    0,    0,    0,    0,    0,    0,  -19,    0,    0,   -9,    0,    0,   -3,    0,  -23,  -15,    0,   -5,   -2,  -12,    0,  -23,  -15,    0,    0,  -15,    0,    0,    0,    0,    0,    0,
       0,    0,    0,    0,    0,    0,    0,    0,    0,    0,    0,    0,    0,    0,    0,    0,    0,    0,    0,    0,    0,    0,    0,    0,    0,    0,    0,    0,    0,    0,    0,    0,    0,    0,    0,    0,    0,    0,    0,    0,    0,    0,    0,    0,    0,    0,    0,    0,    0,    0,    0,    0,    0,    0,    0,    0,    0,    0,    0,    0,    0,    0,    0,    0,    0,    0,    0,    0,    0,    0,    0,    0,    0,    0,    0,    0,    0,    0,    0,    0,    0,    0,    0,    0,    0,    0,    0,    0,    0,   -5,    0,    0,    0,    0,    0,   -6,    0,    0,    0,    0,   -5,    0,   -7,    0,    0,   -9,    0,    0,  -10,    0,    0,    0,    0,    0,    0,
       0,    0,    0,    0,    0,    0,    0,    0,    0,    0,    0,    0,    0,    0,    0,    0,    0,    0,    0,    0,    0,    0,    0,    0,    0,    0,    0,    0,    0,    0,    0,    0,    0,    0,    0,    0,    0,    0,    0,    0,    0,    0,    0,    0,    0,    0,    0,    0,    0,    0,    0,    0,    0,    0,    0,    0,    0,    0,    0,    0,    0,    0,    0,    0,    0,    0,    0,    0,    0,    0,    0,    0,    0,    0,    0,    0,    0,    0,    0,    0,    0,    0,    0,    0,    0,    0,    0,    0,    0,   -3,    0,    0,    0,    0,    0,    0,    0,    0,    0,    0,    0,    0,    0,    0,    0,    0,    0,    0,    0,    0,    0,    0,    0,    0,    0,
       0,    0,    0,    0,    0,    0,    0,    0,    0,    0,    0,    0,    0,    0,    0,    0,    0,    0,    0,    0,    0,    0,    0,    0,    0,    0,    0,    0,    0,    0,    0,    0,    0,    0,    0,    0,    0,    0,    0,    0,    0,    0,    0,    0,    0,    0,    0,    0,    0,    0,    0,    0,    0,    0,    0,    0,    0,    0,    0,    0,    0,    0,    0,    0,    0,    0,    0,    0,    0,    0,    0,    0,    0,    0,    0,    0,    0,    0,    0,    0,    0,    0,    0,    0,    0,    0,    0,    0,    0,    0,    0,   -2,    0,    0,    0,   -9,    0,  -17,   -1,    0,    0,    0,    0,    0,  -10,   -7,   -3,   -3,   -2,    0,    0,    0,    0,    0,    0,
       0,    0,    0,    0,    0,    0,    0,    0,    0,    0,    0,    0,    0,    0,    0,    0,    0,    0,    0,    0,    0,    0,    0,    0,    0,    0,    0,    0,    0,    0,    0,    0,    0,    0,    0,    0,    0,    0,    0,    0,    0,    0,    0,    0,    0,    0,    0,    0,    0,    0,    0,    0,    0,    0,    0,    0,    0,    0,    0,    0,    0,    0,    0,    0,    0,    0,    0,    0,    0,    0,    0,    0,    0,    0,    0,    0,    0,    0,    0,    0,    0,    0,    0,    0,    0,    0,    0,    0,    0,  -28,    0,    0,   -9,    0,   -7,   -7,    0,    0,   -7,    0,  -14,   -7,   -7,    0,    0,  -10,    0,    0,   -9,    0,   -9,    0,    0,    0,    0,
       0,    0,    0,    0,    0,    0,    0,    0,    0,    0,    0,    0,    0,    0,    0,    0,    0,    0,    0,    0,    0,    0,    0,    0,    0,    0,    0,    0,    0,    0,    0,    0,    0,    0,    0,    0,    0,    0,    0,    0,    0,    0,    0,    0,    0,    0,    0,    0,    0,    0,    0,    0,    0,    0,    0,    0,    0,    0,    0,    0,    0,    0,    0,    0,    0,    0,    0,    0,    0,    0,    0,    0,    0,    0,    0,    0,    0,    0,    0,    0,    0,    0,    0,    0,    0,    0,    0,    0,    0,    0,    0,    0,    0,    0,    0,   -3,    0,    0,   -2,    0,    0,   -6,   -6,    0,  -10,  -10,    0,    0,    0,    0,    0,    0,    0,    0,    0,
       0,    0,    0,    0,    0,    0,    0,    0,    0,    0,    0,    0,    0,    0,    0,    0,    0,    0,    0,    0,    0,    0,    0,    0,    0,    0,    0,    0,    0,    0,    0,    0,    0,    0,    0,    0,    0,    0,    0,    0,    0,    0,    0,    0,    0,    0,    0,    0,    0,    0,    0,    0,    0,    0,    0,    0,    0,    0,    0,    0,    0,    0,    0,    0,    0,    0,    0,    0,    0,    0,    0,    0,    0,    0,    0,    0,    0,    0,    0,    0,    0,    0,    0,    0,    0,    0,    0,    0,    0,  -19,   -3,    0,    0,    0,    0,   -3,    0,  -14,  -10,    0,    0,    0,   -3,    0,  -21,   -6,    0,    0,    0,    4,   -1,    0,    0,    0,    0,
       0,    0,    0,    0,    0,    0,    0,    0,    0,    0,    0,    0,    0,    0,    0,    0,    0,    0,    0,    0,    0,    0,    0,    0,    0,    0,    0,    0,    0,    0,    0,    0,    0,    0,    0,    0,    0,    0,    0,    0,    0,    0,    0,    0,    0,    0,    0,    0,    0,    0,    0,    0,    0,    0,    0,    0,    0,    0,    0,    0,    0,    0,    0,    0,    0,    0,    0,    0,    0,    0,    0,    0,    0,    0,    0,    0,    0,    0,    0,    0,    0,    0,    0,    0,    0,    0,    0,    0,    0,    0,    0,    0,    0,    0,    0,    0,    0,    0,   -9,    0,   -2,   -9,  -11,    0,    0,  -12,    0,    0,    0,    0,    0,    0,    0,    0,    0,
       0,    0,    0,    0,    0,    0,    0,    0,    0,    0,    0,    0,    0,    0,    0,    0,    0,    0,    0,    0,    0,    0,    0,    0,    0,    0,    0,    0,    0,    0,    0,    0,    0,    0,    0,    0,    0,    0,    0,    0,    0,    0,    0,    0,    0,    0,    0,    0,    0,    0,    0,    0,    0,    0,    0,    0,    0,    0,    0,    0,    0,    0,    0,    0,    0,    0,    0,    0,    0,    0,    0,    0,    0,    0,    0,    0,    0,    0,    0,    0,    0,    0,    0,    0,    0,    0,    0,    0,    0,    0,    0,    0,    0,    0,    0,   -6,   -8,    0,   -5,    0,    0,    0,    0,    0,    0,    0,    0,    0,    0,    0,    0,    0,    0,    0,    0,
       0,    0,    0,    0,    0,    0,    0,    0,    0,    0,    0,    0,    0,    0,    0,    0,    0,    0,    0,    0,    0,    0,    0,    0,    0,    0,    0,    0,    0,    0,    0,    0,    0,    0,    0,    0,    0,    0,    0,    0,    0,    0,    0,    0,    0,    0,    0,    0,    0,    0,    0,    0,    0,    0,    0,    0,    0,    0,    0,    0,    0,    0,    0,    0,    0,    0,    0,    0,    0,    0,    0,    0,    0,    0,    0,    0,    0,    0,    0,    0,    0,    0,    0,    0,    0,    0,    0,    0,    0,    0,    0,    0,    0,    0,    0,   -3,    0,  -14,    0,   -3,    0,    0,   -3,    0,   -6,   -2,    0,    0,  -10,    0,    0,    0,    0,    0,    0,
       0,    0,    0,    0,    0,    0,    0,    0,    0,    0,    0,    0,    0,    0,    0,    0,    0,    0,    0,    0,    0,    0,    0,    0,    0,    0,    0,    0,    0,    0,    0,    0,    0,    0,    0,    0,    0,    0,    0,    0,    0,    0,    0,    0,    0,    0,    0,    0,    0,    0,    0,    0,    0,    0,    0,    0,    0,    0,    0,    0,    0,    0,    0,    0,    0,    0,    0,    0,    0,    0,    0,    0,    0,    0,    0,    0,    0,    0,    0,    0,    0,    0,    0,    0,    0,    0,    0,    0,    0,    0,    0,    0,    0,    0,    0,   -7,    0,    0,    0,    0,    0,    0,   -5,    0,    0,    0,    0,    0,    0,    0,    0,    0,    0,    0,    0,
       0,    0,    0,    0,    0,    0,    0,    0,    0,    0,    0,    0,    0,    0,    0,    0,    0,    0,    0,    0,    0,    0,    0,    0,    0,    0,    0,    0,    0,    0,    0,    0,    0,    0,    0,    0,    0,    0,    0,    0,    0,    0,    0,    0,    0,    0,    0,    0,    0,    0,    0,    0,    0,    0,    0,    0,    0,    0,    0,    0,    0,    0,    0,    0,    0,    0,    0,    0,    0,    0,    0,    0,    0,    0,    0,    0,    0,    0,    0,    0,    0,    0,    0,    0,    0,    0,    0,    0,    0,    0,    0,    0,    0,    0,    0,    0,    0,   -7,   -9,   -7,    0,    0,   -7,    0,  -16,   -3,    0,    0,    0,   -7,    0,    0,    0,    0,    0,
       0,    0,    0,    0,    0,    0,    0,    0,    0,    0,    0,    0,    0,    0,    0,    0,    0,    0,    0,    0,    0,    0,    0,    0,    0,    0,    0,    0,    0,    0,    0,    0,    0,    0,    0,    0,    0,    0,    0,    0,    0,    0,    0,    0,    0,    0,    0,    0,    0,    0,    0,    0,    0,    0,    0,    0,    0,    0,    0,    0,    0,    0,    0,    0,    0,    0,    0,    0,    0,    0,    0,    0,    0,    0,    0,    0,    0,    0,    0,    0,    0,    0,    0,    0,    0,    0,    0,    0,   -2,   -5,    0,   -3,    0,    0,    0,    0,   -9,    0,    0,    0,   -5,    0,  -12,    0,    0,  -10,    0,    0,    0,    0,    0,    0,    0,    0,    0,
       0,    0,    0,    0,    0,    0,    0,    0,    0,    0,    0,    0,    0,    0,    0,    0,    0,    0,    0,    0,    0,    0,    0,    0,    0,    0,    0,    0,    0,    0,    0,    0,    0,    0,    0,    0,    0,    0,    0,    0,    0,    0,    0,    0,    0,    0,    0,    0,    0,    0,    0,    0,    0,    0,    0,    0,    0,    0,    0,    0,    0,    0,    0,    0,    0,    0,    0,    0,    0,    0,    0,    0,    0,    0,    0,    0,    0,    0,    0,    0,    0,    0,    0,    0,    0,    0,    0,    0,    0,  -19,    0,    0,    0,    0,    0,   -9,    0,  -14,   -3,    0,    0,   -7,  -10,    0,  -14,  -10,    0,    0,   -9,    0,  -11,    0,    0,    0,    0,
       0,    0,    0,    0,    0,    0,    0,    0,    0,    0,    0,    0,    0,    0,    0,    0,    0,    0,    0,    0,    0,    0,    0,    0,    0,    0,    0,    0,    0,    0,    0,    0,    0,    0,    0,    0,    0,    0,    0,    0,    0,    0,    0,    0,    0,    0,    0,    0,    0,    0,    0,    0,    0,    0,    0,    0,    0,    0,    0,    0,    0,    0,    0,    0,    0,    0,    0,    0,    0,    0,    0,    0,    0,    0,    0,    0,    0,    0,    0,    0,    0,    0,    0,    0,    0,    0,    0,    0,    0,  -13,    0,    0,    0,    0,    0,   -3,    0,    0,  -13,    0,   -7,    0,  -10,    0,    0,   -7,    0,    0,   -7,    0,    0,    0,    0,    0,    0,
       0,    0,    0,    0,    0,    0,    0,    0,    0,    0,    0,    0,    0,    0,    0,    0,    0,    0,    0,    0,    0,    0,    0,    0,    0,    0,    0,    0,    0,    0,    0,    0,    0,    0,    0,    0,    0,    0,    0,    0,    0,    0,    0,    0,    0,    0,    0,    0,    0,    0,    0,    0,    0,    0,    0,    0,    0,    0,    0,    0,    0,    0,    0,    0,    0,    0,    0,    0,    0,    0,    0,    0,    0,    0,    0,    0,    0,    0,    0,    0,    0,    0,    0,    0,    0,    0,    0,    0,    0,    0,    0,  -22,    0,  -23,    0,    0,   -8,    0,   -3,   -3,    0,  -17,  -19,  -19,    0,   -5,    0,    0,    0,   -9,    0,    0,    0,    0,    0,
       0,    0,    0,    0,    0,    0,    0,    0,    0,    0,    0,    0,    0,    0,    0,    0,    0,    0,    0,    0,    0,    0,    0,    0,    0,    0,    0,    0,    0,    0,    0,    0,    0,    0,    0,    0,    0,    0,    0,    0,    0,    0,    0,    0,    0,    0,    0,    0,    0,    0,    0,    0,    0,    0,    0,    0,    0,    0,    0,    0,    0,    0,    0,    0,    0,    0,    0,    0,   44,    0,    0,    0,   44,    0,    0,    0,    0,    0,    0,    0,    0,    0,    0,    0,    0,    0,    0,    0,    0,    0,    0,    0,    0,    0,    0,    0,    0,    0,    0,    0,    0,    0,    0,    0,    0,    0,    0,    0,    0,    0,    0,    0,    0,    0,    0,
       0,    0,    0,    0,    0,  -29,    0,    0,    0,    0,  -46,    0,  -46,  -45,    0,    0,    0,    0,  -29,    0,    0,    0,    0,    0,    0,    0,    0,    0,  -45,    0,    0,  -69,    0,    0,    0,    0,    0,    0,    0,    0,    0,    0,  -18,    0,    0,    0,    0,   -8,    0,    0,    0,    0,    0,    0,    0,    0,    0,    0,    0,    0,  -29,    0,    0,    0,  -18,    0,    0,    0,    0,  -18,    0,    0,    0,    0,  -53,    0,    0,    0,  -29,    0,    0,  -66,  -40,    0,    0,    0,   -8,    0,    0,    0,    0,    0,    0,    0,    0,    0,    0,    0,    0,    0,    0,    0,    0,    0,    0,    0,    0,    0,    0,    0,    0,    0,    0,  -40,  -46,
       0,    0,    0,  -58,    0,  -32,    0,    0,    0,  -26,  -56,  -26,  -56,  -66,  -21,    0,    0,    0,  -45,    0,  -29,  -18,    0,  -26,  -45,  -26,    0,  -26,  -64,    0,  -26,  -58,    0,    0,    0,    0,    0,    0,    0,    0,  -18,  -26,  -29,    0,    0,    0,  -12,  -33,    4,  -18,    4,    0,    0,    0,  -47,  -40,    0,  -26,    0,    0,  -32,    0,  -26,  -26,  -29,    0,    0,    0,    0,  -29,  -18,    0,    0,    0,  -42,    0,    0,    0,  -24,  -26,    0,  -56,  -29,    4,    0,    4,  -49,    0,    0,    0,    0,    0,    0,    0,    0,    0,    0,    0,    0,    0,    0,    0,    0,    0,    0,    0,    0,    0,    0,    0,    0,    0,    0,    0,  -56,
       0,    0,    0,    0,    0,    0,    0,    0,    0,    0,    0,    0,    0,    0,    0,  -32,    0,    0,    0,    0,    0,    0,    0,    0,    0,    0,    0,    0,    0,    0,    0,    0,  -45,    0,  -42,  -29,    0,  -50,    0,    0,    0,  -16,    0,    0,    0,    0,    0,    0,    0,    0,  -24,    0,    0,    0,    0,    0,    0,    0,    0,    0,    0,    0,  -16,  -16,    0,    0,    0,    0,    0,    0,    0,    0,    0,  -45,   24,    0,    0,    0,   24,    0,  -29,   29,   29,  -24,    0,    0,    0,  -50,    0,    0,    0,    0,    0,    0,    0,    0,    0,    0,    0,    0,    0,    0,    0,    0,    0,    0,    0,    0,    0,    0,    0,  -58,  -45,    0,    0,
};

static const EpdFontData ui_14_semibold = {
    ui_14_semiboldBitmaps,
    ui_14_semiboldGlyphs,
    ui_14_semiboldIntervals,
    137,
    35,
    29,
    -8,
    false,
    nullptr,
    0,
    nullptr,
    ui_14_semiboldKernLeftClasses,
    ui_14_semiboldKernRightClasses,
    ui_14_semiboldKernMatrix,
    359,
    365,
    110,
    115,
    nullptr,
    0,
};
