/**
 * generated by fontconvert.py
 * name: ui_8_medium
 * size: 8
 * mode: 1-bit
 * Generated by scripts/build_ui_fonts.py
 */
#pragma once
#include "EpdFontData.h"

static const uint8_t ui_8_mediumBitmaps[16777] = {
    0xFF, 0xFF, 0x0F, 0xDE, 0xF7, 0xBD, 0x80, 0x18, 0x83, 0x30, 0x66, 0x3F, 0xE7, 0xFC, 0x62, 0x0C,
    0x41, 0x98, 0xFF, 0xCE, 0x60, 0x8C, 0x31, 0x00, 0x04, 0x01, 0x01, 0xF0, 0xFE, 0x65, 0xD9, 0x07,
    0x40, 0xF8, 0x0F, 0x81, 0x74, 0x4D, 0x93, 0x7F, 0x8F, 0xC0, 0x40, 0x10, 0x70, 0x27, 0xC2, 0x36,
    0x21, 0xB1, 0x0F, 0x90, 0x01, 0x00, 0x09, 0xC0, 0x9B, 0x08, 0xD8, 0xC6, 0xC4, 0x3E, 0x40, 0xE0,
    0x3C, 0x1F, 0x86, 0x61, 0x98, 0x7C, 0x0E, 0x07, 0x83, 0xB6, 0xCF, 0xB1, 0xCF, 0xF9, 0xF6, 0xFF,
    0xC0, 0x36, 0x66, 0xCC, 0xCC, 0xCC, 0xCE, 0x66, 0x30, 0xC6, 0x66, 0x73, 0x33, 0x33, 0x36, 0x66,
    0xC0, 0x10, 0x2B, 0xF1, 0xCF, 0xC2, 0x84, 0x00, 0x0C, 0x03, 0x00, 0xC1, 0xFE, 0x0C, 0x03, 0x00,
    0xC0, 0x30, 0x7B, 0x6C, 0x07, 0xC0, 0x3C, 0x0C, 0x31, 0x86, 0x18, 0x43, 0x0C, 0x31, 0x86, 0x18,
    0x43, 0x00, 0x3E, 0x3F, 0x98, 0xD8, 0x3C, 0x1E, 0x0F, 0x07, 0x83, 0xC1, 0xB1, 0x9F, 0xC7, 0xC0,
    0x3F, 0xF7, 0x31, 0x8C, 0x63, 0x18, 0xC6, 0x30, 0x3C, 0x7E, 0xC3, 0xC3, 0x03, 0x06, 0x0E, 0x1C,
    0x38, 0x70, 0xFF, 0xFF, 0x3E, 0x3F, 0x98, 0x60, 0x30, 0x30, 0xF0, 0x1C, 0x03, 0x01, 0xF0, 0xDF,
    0xC7, 0xC0, 0x07, 0x03, 0xC0, 0xF0, 0x6C, 0x1B, 0x0C, 0xC6, 0x31, 0x8C, 0xFF, 0xC0, 0xC0, 0x30,
    0x0C, 0x7F, 0x3F, 0x98, 0x0C, 0x07, 0xE3, 0xB8, 0x0E, 0x03, 0x01, 0xB1, 0xDF, 0xC7, 0xC0, 0x3E,
    0x3F, 0x98, 0x78, 0x0D, 0xE7, 0xBB, 0x0F, 0x83, 0xC1, 0xF1, 0xDF, 0xC7, 0xC0, 0xFF, 0xFF, 0x07,
    0x06, 0x0E, 0x0C, 0x1C, 0x18, 0x38, 0x30, 0x70, 0x60, 0x3E, 0x3F, 0xB0, 0xD8, 0x66, 0x73, 0xF1,
    0xDD, 0x83, 0xC1, 0xE0, 0xDF, 0xC7, 0xC0, 0x3E, 0x3F, 0xB0, 0xD8, 0x3C, 0x1F, 0x3D, 0xF6, 0x03,
    0xC3, 0xE1, 0x9F, 0xC7, 0x80, 0x3C, 0x03, 0xC0, 0x0D, 0x80, 0x03, 0x49, 0x60, 0x00, 0x01, 0x0F,
    0x3E, 0xF0, 0xE0, 0x78, 0x1E, 0x07, 0x01, 0x00, 0xFF, 0x00, 0x00, 0x00, 0xFF, 0x00, 0x00, 0x80,
    0xF0, 0x7C, 0x0F, 0x07, 0x1E, 0x78, 0xE0, 0x80, 0x7D, 0xFF, 0x18, 0x30, 0xE3, 0x8E, 0x18, 0x10,
    0x00, 0xC1, 0x80, 0x0F, 0xE0, 0x7F, 0xE1, 0xC0, 0x63, 0x00, 0x6E, 0x7E, 0xF9, 0xFC, 0xF6, 0x19,
    0xEC, 0x33, 0xD8, 0x67, 0xB8, 0xCF, 0xBF, 0xF3, 0x39, 0xC7, 0x00, 0x07, 0xFC, 0x03, 0xF8, 0x00,
    0x06, 0x00, 0xF0, 0x0F, 0x00, 0xF0, 0x19, 0x81, 0x98, 0x39, 0xC3, 0xFC, 0x3F, 0xC7, 0x0E, 0x60,
    0x66, 0x06, 0xFE, 0x7F, 0xB0, 0xD8, 0x6C, 0x77, 0xF3, 0x1D, 0x83, 0xC1, 0xE0, 0xFF, 0xDF, 0xC0,
    0x1F, 0x07, 0xF1, 0x83, 0x60, 0x6C, 0x01, 0x80, 0x30, 0x06, 0x00, 0xC0, 0xCC, 0x18, 0xFE, 0x0F,
    0x80, 0xFE, 0x3F, 0xCC, 0x1B, 0x07, 0xC0, 0xF0, 0x3C, 0x0F, 0x03, 0xC1, 0xF0, 0x6F, 0xF3, 0xF8,
    0xFF, 0xFE, 0xC0, 0xC0, 0xC0, 0xFE, 0xC0, 0xC0, 0xC0, 0xC0, 0xFE, 0xFF, 0xFF, 0xFE, 0xC0, 0xC0,
    0xC0, 0xC0, 0xFE, 0xC0, 0xC0, 0xC0, 0xC0, 0xC0, 0x1F, 0x07, 0xF9, 0x83, 0x60, 0x3C, 0x01, 0x80,
    0x30, 0xFE, 0x03, 0xC0, 0x6C, 0x18, 0xFF, 0x0F, 0x80, 0xC0, 0xF0, 0x3C, 0x0F, 0x03, 0xC0, 0xFF,
    0xFC, 0x0F, 0x03, 0xC0, 0xF0, 0x3C, 0x0F, 0x03, 0xFF, 0xFF, 0xFF, 0x03, 0x03, 0x03, 0x03, 0x03,
    0x03, 0x03, 0x03, 0xC3, 0xC3, 0xFE, 0x3C, 0xC1, 0xB0, 0xCC, 0x63, 0x38, 0xDC, 0x3E, 0x0F, 0xC3,
    0xB8, 0xC6, 0x30, 0xCC, 0x3B, 0x06, 0xC0, 0xC0, 0xC0, 0xC0, 0xC0, 0xC0, 0xC0, 0xC0, 0xC0, 0xC0,
    0xFE, 0xFF, 0xE0, 0x3F, 0x83, 0xFC, 0x1F, 0xE1, 0xFD, 0x8D, 0xEC, 0x6F, 0x67, 0x79, 0xB3, 0xCD,
    0x9E, 0x38, 0xF1, 0xC7, 0x8E, 0x30, 0xE0, 0xF8, 0x3F, 0x0F, 0xE3, 0xD8, 0xF7, 0x3C, 0xEF, 0x1B,
    0xC7, 0xF0, 0xFC, 0x1F, 0x07, 0x1F, 0x07, 0xF1, 0x83, 0x60, 0x3C, 0x07, 0x80, 0xF0, 0x1E, 0x03,
    0xC0, 0x6C, 0x18, 0xFE, 0x0F, 0x80, 0xFE, 0x7F, 0xB0, 0x78, 0x3C, 0x1E, 0x1B, 0xFD, 0x80, 0xC0,
    0x60, 0x30, 0x18, 0x00, 0x1F, 0x07, 0xF1, 0x83, 0x60, 0x3C, 0x07, 0x80, 0xF0, 0x1E, 0x03, 0xE6,
    0xEC, 0x78, 0xFE, 0x0F, 0xE0, 0x0C, 0xFE, 0x3F, 0xCC, 0x1B, 0x06, 0xC1, 0xB0, 0xCF, 0xF3, 0x38,
    0xC6, 0x30, 0xCC, 0x3B, 0x06, 0x1F, 0x0F, 0xE6, 0x1D, 0x80, 0x70, 0x0F, 0x80, 0xF8, 0x07, 0x40,
    0xD8, 0x37, 0xF8, 0xFC, 0xFF, 0xFF, 0xC3, 0x01, 0x80, 0xC0, 0x60, 0x30, 0x18, 0x0C, 0x06, 0x03,
    0x01, 0x80, 0xC0, 0xF0, 0x3C, 0x0F, 0x03, 0xC0, 0xF0, 0x3C, 0x0F, 0x03, 0xC0, 0xF8, 0x77, 0xF8,
    0xFC, 0xE0, 0x66, 0x06, 0x60, 0xE3, 0x0C, 0x30, 0xC3, 0x1C, 0x19, 0x81, 0x98, 0x1B, 0x00, 0xF0,
    0x0F, 0x00, 0xE0, 0xE1, 0xC3, 0x30, 0xE1, 0x98, 0x70, 0xCC, 0x78, 0xC3, 0x36, 0x61, 0x9B, 0x30,
    0xC9, 0x98, 0x6C, 0x58, 0x1E, 0x3C, 0x0F, 0x1E, 0x07, 0x0F, 0x03, 0x83, 0x00, 0x60, 0xCE, 0x38,
    0xC6, 0x0D, 0x81, 0xE0, 0x1C, 0x03, 0x80, 0xF8, 0x1B, 0x06, 0x31, 0x87, 0x70, 0x70, 0x60, 0x67,
    0x0C, 0x30, 0xC1, 0x98, 0x1B, 0x80, 0xF0, 0x0E, 0x00, 0x60, 0x06, 0x00, 0x60, 0x06, 0x00, 0x60,
    0xFF, 0xFF, 0xC0, 0xC0, 0xC0, 0xE0, 0x60, 0x60, 0x70, 0x30, 0x30, 0x3F, 0xFF, 0xF0, 0x0F, 0xCC,
    0xCC, 0xCC, 0xCC, 0xCC, 0xCC, 0xF0, 0xC1, 0x06, 0x18, 0x60, 0xC3, 0x0C, 0x10, 0x61, 0x86, 0x0C,
    0x30, 0x0F, 0x33, 0x33, 0x33, 0x33, 0x33, 0x33, 0xF0, 0x18, 0x18, 0x3C, 0x3C, 0x66, 0x66, 0x00,
    0x00, 0xFF, 0x00, 0x06, 0x60, 0x3E, 0x7F, 0x43, 0x07, 0x7F, 0xC3, 0xC3, 0xFF, 0x7B, 0xC0, 0xC0,
    0xC0, 0xDC, 0xFE, 0xC3, 0xC3, 0xC3, 0xC3, 0xC3, 0xFE, 0xDC, 0x3E, 0x3F, 0xB0, 0xD8, 0x0C, 0x06,
    0x03, 0x0C, 0xFE, 0x3E, 0x00, 0x03, 0x03, 0x03, 0x3B, 0x7F, 0xC3, 0xC3, 0xC3, 0xC3, 0xC3, 0x7F,
    0x3B, 0x3C, 0x7E, 0xC3, 0xC3, 0xFF, 0xC0, 0xC2, 0x7F, 0x3E, 0x1C, 0x78, 0xC7, 0xE7, 0xC6, 0x0C,
    0x18, 0x30, 0x60, 0xC1, 0x80, 0x3B, 0x7F, 0xC3, 0xC3, 0xC3, 0xC3, 0xC3, 0x7F, 0x3B, 0x03, 0x7F,
    0x3E, 0xC0, 0xC0, 0xC0, 0xDE, 0xFF, 0xC3, 0xC3, 0xC3, 0xC3, 0xC3, 0xC3, 0xC3, 0xC3, 0xFF, 0xFF,
    0x30, 0x03, 0x33, 0x33, 0x33, 0x33, 0x37, 0xE0, 0xC0, 0x60, 0x30, 0x18, 0xCC, 0xE6, 0xE3, 0xE1,
    0xF0, 0xF8, 0x66, 0x33, 0x98, 0xE0, 0xFF, 0xFF, 0xFF, 0xDD, 0xE7, 0xFF, 0xB1, 0x8D, 0x8C, 0x6C,
    0x63, 0x63, 0x1B, 0x18, 0xD8, 0xC6, 0xC6, 0x30, 0xDE, 0xFF, 0xC3, 0xC3, 0xC3, 0xC3, 0xC3, 0xC3,
    0xC3, 0x3E, 0x3F, 0xB8, 0xF8, 0x3C, 0x1E, 0x0F, 0x8E, 0xFE, 0x3E, 0x00, 0xDC, 0xFE, 0xC3, 0xC3,
    0xC3, 0xC3, 0xC3, 0xFE, 0xDC, 0xC0, 0xC0, 0xC0, 0x3B, 0x7F, 0xC3, 0xC3, 0xC3, 0xC3, 0xC3, 0x7F,
    0x3B, 0x03, 0x03, 0x03, 0x07, 0xFF, 0x8C, 0x63, 0x18, 0xC6, 0x00, 0x3E, 0x7F, 0x62, 0x70, 0x3E,
    0x07, 0x63, 0x7F, 0x3E, 0x30, 0xC7, 0xDE, 0x30, 0xC3, 0x0C, 0x30, 0xE1, 0xC0, 0xC3, 0xC3, 0xC3,
    0xC3, 0xC3, 0xC3, 0xC3, 0xFF, 0x7B, 0xE1, 0x98, 0x66, 0x30, 0xCC, 0x33, 0x0D, 0x81, 0xE0, 0x70,
    0x1C, 0x00, 0xE3, 0x19, 0x9C, 0x66, 0x79, 0x99, 0xEC, 0x35, 0xB0, 0xF2, 0xC3, 0xCE, 0x07, 0x38,
    0x18, 0x60, 0x63, 0x9C, 0xC3, 0x60, 0x78, 0x1C, 0x07, 0x83, 0x61, 0xCC, 0x61, 0x80, 0xE1, 0x98,
    0x66, 0x30, 0xCC, 0x33, 0x0D, 0x81, 0xE0, 0x70, 0x0C, 0x07, 0x03, 0x81, 0xC0, 0xFF, 0xFC, 0x30,
    0xC3, 0x86, 0x18, 0x7F, 0xFE, 0x19, 0xCC, 0x63, 0x19, 0xDC, 0xF1, 0x8C, 0x63, 0x18, 0x60, 0xFF,
    0xFF, 0xFF, 0xFF, 0xFF, 0xE3, 0xC3, 0x0C, 0x30, 0xC3, 0x87, 0x3C, 0xC3, 0x0C, 0x31, 0xCE, 0x00,
    0x00, 0x38, 0xFE, 0xF9, 0xE0, 0x00, 0xF0, 0xFF, 0xFF, 0x0D, 0x86, 0xC3, 0x71, 0x98, 0x66, 0x0D,
    0xC1, 0xB0, 0x36, 0x01, 0xEF, 0xF3, 0xDD, 0xE0, 0x00, 0x3C, 0x7D, 0xDF, 0x1E, 0x3C, 0x7D, 0xDF,
    0x00, 0x6E, 0x0D, 0x81, 0xB0, 0x76, 0x1D, 0x86, 0xC3, 0x61, 0xB8, 0x18, 0x18, 0x00, 0x10, 0x18,
    0x38, 0x70, 0xE0, 0xC0, 0xC7, 0xFE, 0x7C, 0x00, 0x00, 0xC0, 0x18, 0x00, 0x01, 0xF0, 0x7F, 0x18,
    0x36, 0x03, 0xC0, 0x78, 0x0F, 0x01, 0xE0, 0x3C, 0x06, 0xC1, 0x8F, 0xE0, 0xF8, 0x00, 0x01, 0x80,
    0xC0, 0x00, 0xC0, 0xF0, 0x3C, 0x0F, 0x03, 0xC0, 0xF0, 0x3C, 0x0F, 0x03, 0xC0, 0xF8, 0x77, 0xF8,
    0xFC, 0x00, 0x0C, 0x18, 0x00, 0x3E, 0x7F, 0x43, 0x07, 0x7F, 0xC3, 0xC3, 0xFF, 0x7B, 0x00, 0x0C,
    0x18, 0x00, 0x3C, 0x7E, 0xC3, 0xC3, 0xFF, 0xC0, 0xC2, 0x7F, 0x3E, 0x06, 0xC0, 0xCC, 0xCC, 0xCC,
    0xCC, 0xC0, 0x3E, 0x3C, 0x00, 0xDE, 0xFF, 0xC3, 0xC3, 0xC3, 0xC3, 0xC3, 0xC3, 0xC3, 0x00, 0x06,
    0x03, 0x00, 0x03, 0xE3, 0xFB, 0x8F, 0x83, 0xC1, 0xE0, 0xF8, 0xEF, 0xE3, 0xE0, 0x00, 0x0C, 0x18,
    0x00, 0xC3, 0xC3, 0xC3, 0xC3, 0xC3, 0xC3, 0xC3, 0xFF, 0x7B, 0x66, 0x00, 0x00, 0xC3, 0xC3, 0xC3,
    0xC3, 0xC3, 0xC3, 0xC3, 0xFF, 0x7B, 0x04, 0xA0, 0x02, 0x50, 0x09, 0x00, 0x14, 0x1A, 0x60, 0xCE,
    0x00, 0x48, 0x00, 0x0C, 0x70, 0x0E, 0x62, 0x28, 0x80, 0x06, 0xE0, 0x06, 0xCC, 0x06, 0xCC, 0x07,
    0xFD, 0xC0, 0x03, 0x3F, 0xFF, 0x00, 0x06, 0x76, 0x00, 0x3C, 0x0B, 0x40, 0x2F, 0x80, 0x28, 0x80,
    0x2E, 0x00, 0x3B, 0xE0, 0x00, 0x60, 0x60, 0x0E, 0x62, 0x1B, 0xF0, 0x0B, 0x40, 0x28, 0x80, 0x2F,
    0x80, 0xCE, 0x00, 0x0C, 0x70, 0x1B, 0xE0, 0x14, 0x01, 0x62, 0x80, 0x01, 0xE0, 0x80, 0x01, 0xE2,
    0x80, 0x10, 0x05, 0x00, 0x05, 0x20, 0x07, 0x00, 0x03, 0x88, 0x40, 0x10, 0x10, 0x03, 0x04, 0x00,
    0x10, 0xE0, 0x0F, 0x00, 0x03, 0x80, 0xBF, 0xFF, 0xFF, 0xFF, 0xC0, 0x10, 0x10, 0x30, 0x00, 0x30,
    0x10, 0x10, 0x77, 0x31, 0x8C, 0x63, 0x18, 0xC7, 0xC0, 0x1D, 0x00, 0x60, 0xCC, 0x31, 0x8C, 0x76,
    0x3F, 0x99, 0xC6, 0x31, 0x8C, 0x41, 0x90, 0x30, 0x7C, 0x03, 0x00, 0xC0, 0x60, 0x30, 0x18, 0x0C,
    0x06, 0x03, 0x7F, 0xC0, 0x70, 0xE1, 0x86, 0x18, 0x61, 0x8E, 0x7B, 0x20, 0x00, 0xFF, 0x03, 0x01,
    0x80, 0xC0, 0x60, 0x30, 0x18, 0x0C, 0x06, 0x03, 0x00, 0x7F, 0x01, 0xC0, 0x60, 0x36, 0x1B, 0x0D,
    0x86, 0xC3, 0x61, 0xB0, 0xC0, 0xF3, 0x33, 0x33, 0x33, 0x33, 0xF9, 0x98, 0xC6, 0x31, 0x8C, 0x63,
    0x00, 0xFF, 0x31, 0xD8, 0x6C, 0x36, 0x1B, 0x0D, 0x86, 0xC3, 0x61, 0xB0, 0xC0, 0xCF, 0x61, 0xB0,
    0x78, 0x3C, 0x1E, 0x0F, 0x07, 0x83, 0x77, 0x1F, 0x00, 0xF3, 0x33, 0x30, 0xFC, 0x06, 0x02, 0x03,
    0x03, 0x03, 0x03, 0x03, 0x03, 0x03, 0x03, 0x03, 0x03, 0xFC, 0x0E, 0x06, 0x03, 0x03, 0x03, 0x03,
    0x06, 0x0E, 0xFC, 0xC0, 0xC0, 0xC0, 0xFF, 0x06, 0x06, 0x06, 0x04, 0x0C, 0x0C, 0x08, 0x18, 0x18,
    0x7F, 0x86, 0x18, 0xC1, 0x98, 0x33, 0x06, 0x60, 0xCC, 0x19, 0x83, 0x30, 0x67, 0xFC, 0x67, 0x8D,
    0xB8, 0xE3, 0x18, 0x33, 0x06, 0x60, 0xCC, 0x11, 0x06, 0x61, 0xCC, 0xF0, 0xF3, 0x33, 0x33, 0x33,
    0x33, 0x33, 0x30, 0x71, 0xC6, 0x31, 0x8C, 0x63, 0x1F, 0xC0, 0xFF, 0x0C, 0xE6, 0x09, 0x83, 0x60,
    0xD8, 0x36, 0x09, 0x86, 0x3B, 0x87, 0xC0, 0x00, 0x60, 0xD8, 0x6C, 0x36, 0x1B, 0x0C, 0xC4, 0x66,
    0x36, 0x1F, 0x3E, 0x10, 0x00, 0x3C, 0x73, 0xB0, 0xD8, 0x2C, 0x1B, 0x0C, 0x06, 0x03, 0x01, 0x80,
    0xC0, 0x60, 0x30, 0x18, 0x3C, 0x73, 0xB0, 0xD8, 0x2C, 0x1B, 0x0C, 0x04, 0x06, 0x0E, 0x7E, 0x00,
    0x63, 0x31, 0x98, 0xC6, 0x43, 0x60, 0xE0, 0x60, 0x30, 0x08, 0x06, 0x03, 0x01, 0x80, 0x60, 0xC3,
    0x63, 0x63, 0x36, 0x1E, 0x1C, 0x0C, 0x06, 0x06, 0xFE, 0xFF, 0x80, 0x60, 0x18, 0x06, 0x63, 0x18,
    0xC6, 0x31, 0x88, 0x66, 0x19, 0x86, 0x01, 0x80, 0x60, 0x00, 0x7C, 0x06, 0x03, 0x03, 0x03, 0x03,
    0x03, 0x03, 0x03, 0x03, 0xCC, 0x79, 0x8F, 0x31, 0xE6, 0x3D, 0x87, 0xF0, 0xB0, 0x33, 0x06, 0x73,
    0x87, 0xE0, 0xFF, 0x0C, 0x63, 0x0C, 0xC3, 0x30, 0xCC, 0x33, 0x0C, 0xC3, 0x60, 0xF8, 0x30, 0x00,
    0x0E, 0x03, 0x01, 0x8F, 0xF9, 0xEC, 0xF6, 0x63, 0x31, 0x80, 0x00, 0xF7, 0x98, 0xCC, 0x66, 0x33,
    0x19, 0x8C, 0xC6, 0x63, 0x31, 0x98, 0xC0, 0xF7, 0x98, 0xCC, 0x66, 0x33, 0x19, 0x0C, 0x06, 0x03,
    0x01, 0x80, 0xC0, 0xF7, 0x98, 0xCC, 0x66, 0x33, 0x18, 0x00, 0x69, 0x60, 0x6D, 0x24, 0xB6, 0x00,
    0x00, 0x00, 0x00, 0x10, 0x00, 0x06, 0x00, 0x00, 0x87, 0xFF, 0xFC, 0x00, 0x00, 0x00, 0x00, 0x00,
    0x00, 0x03, 0x00, 0x00, 0x3E, 0xF7, 0x80, 0xFF, 0x53, 0xFF, 0xFC, 0x2C, 0x00, 0x00, 0x00, 0x00,
    0x00, 0x00, 0x00, 0x60, 0x00, 0x0F, 0x00, 0x00, 0x90, 0x00, 0x0F, 0xFF, 0xFE, 0x00, 0x00, 0x00,
    0x00, 0x00, 0x00, 0x00, 0x70, 0x00, 0xB5, 0x00, 0x79, 0x7F, 0xFF, 0x80, 0x00, 0x00, 0x00, 0x00,
    0x00, 0x00, 0x00, 0x00, 0x00, 0x00, 0x00, 0x20, 0x00, 0x00, 0x00, 0x02, 0x80, 0x00, 0x00, 0x00,
    0x1B, 0x00, 0x00, 0x00, 0x3C, 0x64, 0x00, 0x00, 0x01, 0x3F, 0xE0, 0x00, 0x00, 0x04, 0x00, 0x00,
    0x00, 0x00, 0x10, 0x00, 0x7F, 0xFF, 0xFF, 0xF0, 0x00, 0x00, 0x00, 0x03, 0xC0, 0x00, 0x00, 0x00,
    0x00, 0x00, 0x00, 0x00, 0x00, 0x3E, 0x03, 0xA7, 0xFF, 0x00, 0x00, 0x00, 0x00, 0x12, 0xC4, 0xE1,
    0x90, 0x24, 0x09, 0x01, 0x1C, 0x46, 0x0B, 0x02, 0xC0, 0xE0, 0x18, 0x04, 0x00, 0x00, 0x00, 0x22,
    0x0C, 0x81, 0x20, 0x48, 0x0B, 0xE2, 0x30, 0x48, 0x16, 0x03, 0x00, 0xC0, 0x20, 0x00, 0x00, 0x00,
    0x00, 0x00, 0x02, 0x01, 0xC2, 0x01, 0x62, 0x02, 0x22, 0x02, 0x32, 0x13, 0xFC, 0x71, 0xF0, 0x50,
    0x10, 0x10, 0x20, 0x18, 0xC0, 0x0F, 0x80, 0x00, 0x00, 0x00, 0x22, 0x1A, 0x01, 0x01, 0x01, 0x80,
    0x80, 0xDB, 0x4D, 0xA0, 0x00, 0x00, 0x04, 0x40, 0x68, 0x00, 0x80, 0x10, 0x03, 0x00, 0x20, 0x06,
    0xDB, 0x4D, 0xB4, 0x00, 0x00, 0x60, 0x40, 0x03, 0x8F, 0x13, 0x26, 0x7C, 0x09, 0xF7, 0x80, 0x02,
    0x04, 0x08, 0x00, 0x00, 0x1A, 0xC0, 0x02, 0x4C, 0x80, 0x00, 0x01, 0xE0, 0x0E, 0xC0, 0x21, 0x02,
    0xFF, 0xF9, 0xFF, 0x80, 0x00, 0x0F, 0x03, 0x41, 0x00, 0x61, 0x0F, 0xC1, 0xC0, 0x40, 0x30, 0x09,
    0xE2, 0xC4, 0xC1, 0x38, 0xD3, 0xE0, 0x00, 0x03, 0x74, 0x00, 0x01, 0x9C, 0x80, 0x00, 0x03, 0x5E,
    0xB0, 0x00, 0x40, 0xC7, 0xD6, 0x00, 0x17, 0xE0, 0x00, 0x04, 0x7F, 0x00, 0x18, 0x30, 0x60, 0xC4,
    0x1F, 0x80, 0x00, 0x00, 0x82, 0xC0, 0x40, 0x0D, 0xA0, 0x06, 0x00, 0x0A, 0x4C, 0x06, 0xC0, 0x02,
    0x08, 0x20, 0xE0, 0x82, 0x08, 0x3C, 0x70, 0x00, 0xC3, 0x12, 0x68, 0x00, 0x01, 0xEE, 0xA0, 0xC3,
    0x83, 0x08, 0x00, 0x86, 0x00, 0x00, 0x06, 0x0C, 0x18, 0x10, 0x10, 0x1E, 0x07, 0x02, 0x0C, 0x78,
    0x00, 0x00, 0x71, 0xA2, 0x07, 0xEF, 0x80, 0x00, 0x07, 0x80, 0x42, 0x10, 0x84, 0x21, 0x08, 0x42,
    0x10, 0x00, 0x0F, 0x78, 0x9A, 0x49, 0x24, 0x92, 0x00, 0x00, 0x18, 0x18, 0x18, 0x1C, 0x1E, 0x22,
    0x22, 0x3E, 0x1E, 0x02, 0x0C, 0x78, 0x00, 0x49, 0x24, 0x92, 0x49, 0x06, 0x98, 0x00, 0x01, 0xB1,
    0xF8, 0x8C, 0x84, 0x42, 0x3D, 0x07, 0x81, 0x63, 0x9F, 0x00, 0x00, 0x09, 0x24, 0x92, 0x49, 0x20,
    0x00, 0x00, 0x06, 0x00, 0x68, 0x02, 0x80, 0x2F, 0xFE, 0x7F, 0x80, 0x00, 0x04, 0x00, 0xC0, 0x00,
    0x00, 0x00, 0x91, 0xA0, 0x03, 0x07, 0x0B, 0x22, 0x44, 0xF8, 0xE0, 0x00, 0x01, 0x60, 0x10, 0x60,
    0x06, 0x80, 0x28, 0x02, 0xFF, 0xE7, 0xF8, 0x00, 0x00, 0xC0, 0x1E, 0x01, 0x06, 0x00, 0x68, 0x02,
    0x80, 0x2F, 0xFE, 0x7F, 0x80, 0x00, 0x1F, 0x05, 0xF8, 0x3C, 0x18, 0x08, 0x04, 0x41, 0x18, 0x40,
    0x10, 0x03, 0x04, 0x7E, 0x00, 0x00, 0x00, 0x1F, 0x05, 0xF8, 0x3C, 0x18, 0x08, 0x04, 0x01, 0x00,
    0x40, 0x10, 0x03, 0x04, 0x7E, 0x00, 0x00, 0x00, 0x03, 0x00, 0x40, 0x00, 0x7C, 0x17, 0xE0, 0xF0,
    0x60, 0x20, 0x10, 0x04, 0x01, 0x00, 0x40, 0x0C, 0x11, 0xF8, 0x00, 0x10, 0x61, 0x82, 0x0F, 0xEF,
    0x80, 0x00, 0xC3, 0x00, 0x10, 0x61, 0x82, 0x0F, 0xEF, 0x80, 0x08, 0x20, 0xC1, 0x04, 0x10, 0x46,
    0x78, 0x00, 0x00, 0x61, 0x80, 0x08, 0x20, 0xC1, 0x04, 0x10, 0x46, 0x78, 0x00, 0x00, 0x00, 0x00,
    0x06, 0x00, 0x16, 0x03, 0x32, 0x03, 0xFE, 0x81, 0xFE, 0x81, 0x00, 0x81, 0x00, 0xC6, 0x00, 0x7C,
    0x00, 0x00, 0x00, 0x00, 0x00, 0x00, 0x30, 0x00, 0x78, 0x00, 0x40, 0x00, 0x06, 0x00, 0x16, 0x03,
    0x32, 0x03, 0xFE, 0x81, 0xFE, 0x81, 0x00, 0x81, 0x00, 0xC6, 0x00, 0x7C, 0x00, 0x00, 0x00, 0x00,
    0x00, 0x00, 0x07, 0x00, 0x0E, 0xC0, 0x2C, 0x30, 0x34, 0x10, 0x1F, 0xFA, 0x07, 0xF1, 0x02, 0x00,
    0x81, 0x00, 0x63, 0x00, 0x1F, 0x00, 0x00, 0x00, 0x00, 0x00, 0x10, 0x00, 0x18, 0x00, 0x00, 0x00,
    0x00, 0x00, 0x00, 0xE0, 0x01, 0xD8, 0x05, 0x86, 0x06, 0x82, 0x03, 0xFF, 0x40, 0xFE, 0x20, 0x40,
    0x10, 0x20, 0x0C, 0x60, 0x03, 0xE0, 0x00, 0x00, 0x00, 0x00, 0x01, 0x00, 0x10, 0x01, 0x00, 0x10,
    0x01, 0x00, 0x19, 0xC0, 0xF6, 0x0C, 0x30, 0x82, 0x7F, 0xE3, 0xF8, 0x00, 0x01, 0x00, 0x10, 0x81,
    0x18, 0x10, 0x01, 0x00, 0x19, 0xC0, 0xF6, 0x0C, 0x30, 0x82, 0x7F, 0xE3, 0xF8, 0x00, 0x1E, 0x06,
    0x82, 0x00, 0xC2, 0x1F, 0x83, 0x00, 0x80, 0x40, 0x10, 0x04, 0x00, 0xC0, 0x3F, 0x80, 0x00, 0x00,
    0x0C, 0x00, 0x00, 0x00, 0x78, 0x1A, 0x08, 0x03, 0x08, 0x7E, 0x0C, 0x02, 0x01, 0x00, 0x40, 0x10,
    0x03, 0x00, 0xFE, 0x00, 0x00, 0x00, 0x01, 0xCC, 0x27, 0x03, 0x80, 0xC0, 0x18, 0x01, 0xC0, 0x0C,
    0x00, 0xD0, 0x0B, 0xFE, 0x3F, 0x80, 0x00, 0x60, 0x38, 0x1C, 0x06, 0x00, 0xC0, 0x0E, 0x00, 0x60,
    0x06, 0x80, 0x5F, 0xF1, 0xFC, 0x00, 0x00, 0x58, 0x0E, 0x00, 0x80, 0x00, 0x00, 0x01, 0x91, 0x9D,
    0x80, 0x80, 0x42, 0x3D, 0x07, 0x81, 0x63, 0x9F, 0x00, 0x00, 0x00, 0x00, 0x60, 0x33, 0x78, 0x44,
    0x01, 0x04, 0x79, 0x07, 0x40, 0x98, 0xE3, 0xE0, 0x00, 0x00, 0x00, 0x62, 0x31, 0x78, 0x44, 0x01,
    0x04, 0x79, 0x07, 0x40, 0x98, 0xE3, 0xE0, 0x00, 0xFF, 0x00, 0x00, 0x06, 0x00, 0x10, 0x00, 0x00,
    0x0E, 0x00, 0xF8, 0x04, 0xD0, 0x26, 0x81, 0xF4, 0x00, 0xBF, 0xFC, 0xFF, 0x80, 0x00, 0x05, 0x86,
    0xC0, 0x00, 0xE0, 0x58, 0x46, 0x23, 0x1F, 0xC7, 0x60, 0x30, 0x2C, 0x73, 0xE0, 0x00, 0x01, 0x01,
    0x80, 0xC0, 0x20, 0x10, 0x88, 0x64, 0x12, 0x01, 0x80, 0x5F, 0xFF, 0xE0, 0x00, 0x02, 0x02, 0x02,
    0x02, 0x02, 0x02, 0x02, 0x03, 0x03, 0x01, 0x81, 0x81, 0x82, 0xC6, 0x7C, 0x00, 0x00, 0x61, 0xE0,
    0x60, 0x6F, 0xB8, 0x40, 0x81, 0x03, 0x06, 0x00, 0x00, 0x00, 0x08, 0x04, 0x00, 0x00, 0x30, 0x1A,
    0x05, 0x02, 0x81, 0x63, 0x1F, 0x00, 0x00, 0x00, 0x01, 0x80, 0xF0, 0x6E, 0x12, 0xC7, 0x97, 0xE5,
    0xEE, 0x00, 0x00, 0x00, 0x1C, 0x16, 0x22, 0x22, 0x3E, 0x1E, 0x02, 0x0C, 0x78, 0x00, 0x00, 0x01,
    0x81, 0x81, 0x80, 0x80, 0x42, 0x3D, 0x07, 0x81, 0x63, 0x9F, 0x00, 0x00, 0x00, 0x01, 0x81, 0x81,
    0x80, 0x80, 0x42, 0x3D, 0x07, 0x81, 0x63, 0x9F, 0x00, 0x02, 0xC1, 0x40, 0x00, 0x2C, 0x60, 0x01,
    0xBC, 0xC0, 0x00, 0x06, 0xE0, 0x0E, 0x00, 0x06, 0x64, 0x00, 0x06, 0x80, 0x03, 0x70, 0x3F, 0x00,
    0x01, 0xE0, 0x00, 0x06, 0x66, 0x40, 0x06, 0x66, 0x40, 0x15, 0x00, 0x03, 0x46, 0x00, 0x05, 0x70,
    0x03, 0xC0, 0x0A, 0x64, 0x1A, 0x80, 0x1B, 0x00, 0x06, 0x62, 0x00, 0x02, 0x98, 0x20, 0x01, 0x8C,
    0xE0, 0x00, 0x0F, 0x80, 0x1B, 0x26, 0x49, 0x24, 0x04, 0x77, 0xE6, 0x31, 0x84, 0x21, 0x00, 0x01,
    0x97, 0x3B, 0x86, 0x0C, 0x08, 0x10, 0x20, 0x40, 0x00, 0x21, 0x8C, 0x30, 0xE0, 0x84, 0x10, 0x78,
    0xE0, 0x01, 0x96, 0x18, 0xC6, 0x7E, 0x00, 0x01, 0xF0, 0x20, 0x40, 0x81, 0x02, 0x06, 0x04, 0x08,
    0x00, 0x00, 0xC2, 0xC6, 0x44, 0x64, 0x2C, 0x38, 0x38, 0x18, 0x10, 0x00, 0x10, 0x38, 0x38, 0x28,
    0x6C, 0x44, 0x46, 0xC6, 0x82, 0x01, 0x8F, 0x34, 0xF0, 0x41, 0x06, 0x08, 0x20, 0x00, 0x01, 0x16,
    0x82, 0x10, 0xC2, 0x0B, 0x4D, 0x00, 0x02, 0x31, 0x13, 0x64, 0x26, 0xC8, 0x8C, 0x40, 0x00, 0x20,
    0x43, 0xE3, 0x85, 0x00, 0x00, 0x00, 0x00, 0x06, 0x00, 0x68, 0x02, 0x80, 0x2F, 0xFE, 0x7F, 0x80,
    0x00, 0x07, 0x02, 0xC2, 0x31, 0x18, 0xFE, 0x3B, 0x01, 0x81, 0x63, 0x9F, 0x00, 0x00, 0x15, 0x00,
    0x01, 0x9C, 0x00, 0x10, 0x84, 0x21, 0x08, 0x42, 0x10, 0x84, 0x00, 0x03, 0x37, 0x02, 0x22, 0x22,
    0x22, 0x22, 0x22, 0x00, 0x01, 0x08, 0x42, 0x10, 0x84, 0x21, 0x08, 0x40, 0x18, 0xCE, 0x00, 0x00,
    0x71, 0xA2, 0x07, 0xEF, 0x80, 0x00, 0x40, 0x08, 0x01, 0x00, 0x21, 0xC4, 0x68, 0x88, 0x11, 0xF2,
    0x3E, 0x40, 0x08, 0x01, 0x00, 0x00, 0x00, 0x00, 0x00, 0x00, 0x70, 0x00, 0xA0, 0xE1, 0xF1, 0x67,
    0xC4, 0x40, 0x08, 0x80, 0x1F, 0x00, 0x1E, 0x00, 0x04, 0x00, 0x30, 0x03, 0xC0, 0x00, 0x00, 0x00,
    0x00, 0x00, 0x18, 0x00, 0x20, 0x00, 0x41, 0xC0, 0x02, 0x83, 0x87, 0xC7, 0x9F, 0x11, 0x00, 0x22,
    0x00, 0x7C, 0x00, 0x78, 0x00, 0x10, 0x00, 0xC0, 0x0F, 0x00, 0x00, 0x00, 0x00, 0x00, 0x00, 0x00,
    0x07, 0x00, 0x06, 0x80, 0x02, 0x00, 0x31, 0xF0, 0x30, 0xF8, 0x30, 0x00, 0x10, 0x00, 0x08, 0x00,
    0x47, 0x80, 0x20, 0xE0, 0x10, 0x20, 0x0C, 0x70, 0x03, 0xE0, 0x00, 0x00, 0x00, 0x08, 0x00, 0xE0,
    0x0E, 0x01, 0xE6, 0x00, 0x68, 0x02, 0x80, 0x2F, 0xFE, 0x7F, 0x80, 0x00, 0x00, 0x80, 0x08, 0x00,
    0xC0, 0x0C, 0x60, 0x06, 0x80, 0x28, 0x02, 0xFF, 0xE7, 0xF8, 0x00, 0x00, 0x06, 0x00, 0x68, 0x02,
    0x80, 0x2F, 0xFE, 0x7F, 0x80, 0x00, 0x0C, 0x00, 0x00, 0x04, 0x00, 0x40, 0x00, 0x01, 0x60, 0x12,
    0x60, 0x06, 0x80, 0x28, 0x02, 0xFF, 0xE7, 0xF8, 0x0E, 0x00, 0xE0, 0x00, 0x00, 0x00, 0x01, 0x60,
    0x1C, 0x00, 0xC6, 0x00, 0x68, 0x02, 0x80, 0x2F, 0xFE, 0x7F, 0x80, 0x00, 0x00, 0x06, 0x00, 0x68,
    0x02, 0x80, 0x2F, 0xFE, 0x7F, 0x80, 0x00, 0x0A, 0x00, 0xE0, 0x04, 0x00, 0x00, 0x00, 0x01, 0xC0,
    0x00, 0x00, 0xC6, 0x00, 0x68, 0x02, 0x80, 0x2F, 0xFE, 0x7F, 0x80, 0x00, 0x00, 0x06, 0x00, 0x68,
    0x02, 0x80, 0x2F, 0xFE, 0x7F, 0x80, 0x00, 0x0E, 0x00, 0x80, 0x0A, 0x00, 0x00, 0x03, 0x00, 0xC0,
    0x30, 0x08, 0x1F, 0x05, 0xF8, 0x3C, 0x38, 0x08, 0x04, 0x01, 0x00, 0x40, 0x10, 0x03, 0x0C, 0x7E,
    0x00, 0x00, 0x04, 0x03, 0x00, 0x40, 0x10, 0x00, 0x1F, 0x05, 0xF8, 0x3C, 0x18, 0x08, 0x04, 0x01,
    0x00, 0x40, 0x10, 0x03, 0x04, 0x7E, 0x00, 0x00, 0x00, 0x1F, 0x05, 0xF8, 0x3C, 0x18, 0x08, 0x04,
    0x01, 0x2C, 0x48, 0x10, 0x03, 0x04, 0x7E, 0x00, 0x00, 0x00, 0x1F, 0x05, 0xF8, 0x3C, 0x18, 0x08,
    0x04, 0x61, 0x00, 0x46, 0x10, 0x03, 0x04, 0x7E, 0x00, 0x00, 0x00, 0x01, 0x00, 0xE0, 0x68, 0x00,
    0x1F, 0x05, 0xF8, 0x3C, 0x18, 0x08, 0x04, 0x01, 0x00, 0x40, 0x10, 0x03, 0x04, 0x7E, 0x00, 0x00,
    0x00, 0x1F, 0x05, 0xF8, 0x3C, 0x18, 0x08, 0x04, 0xB1, 0x3C, 0x46, 0x10, 0x03, 0x04, 0x7E, 0x00,
    0x00, 0x00, 0x1F, 0x05, 0xF8, 0x3C, 0x18, 0x08, 0x04, 0xE1, 0x00, 0x46, 0x10, 0x03, 0x04, 0x7E,
    0x00, 0x00, 0x20, 0xE3, 0x80, 0x10, 0x61, 0x82, 0x0F, 0xEF, 0x80, 0x10, 0x61, 0x82, 0x0F, 0xEF,
    0x84, 0x30, 0x00, 0x10, 0x61, 0x82, 0x0F, 0xEF, 0x80, 0x20, 0xC0, 0x00, 0x20, 0xE3, 0x80, 0x10,
    0x61, 0x82, 0x0F, 0xEF, 0x80, 0x30, 0xC0, 0x00, 0x09, 0xE0, 0x04, 0x18, 0x60, 0x83, 0xFB, 0xE0,
    0x10, 0x61, 0x82, 0x0F, 0xEF, 0x80, 0x59, 0x20, 0x00, 0x00, 0xC7, 0x80, 0x10, 0x61, 0x82, 0x0F,
    0xEF, 0x80, 0x01, 0xE3, 0x00, 0x10, 0x61, 0x82, 0x0F, 0xEF, 0x80, 0x10, 0x43, 0x00, 0x10, 0x61,
    0x82, 0x0F, 0xEF, 0x80, 0x00, 0x20, 0x70, 0xE0, 0x01, 0x03, 0x06, 0x04, 0x0C, 0x18, 0x21, 0xCF,
    0x00, 0x00, 0x20, 0x61, 0x80, 0x08, 0x20, 0xC1, 0x04, 0x10, 0xC6, 0x70, 0x00, 0x08, 0x18, 0x30,
    0x20, 0x60, 0x81, 0x0E, 0x78, 0x30, 0x00, 0x08, 0x20, 0xC1, 0x04, 0x10, 0x46, 0x78, 0x02, 0x08,
    0x00, 0x08, 0x18, 0x30, 0x20, 0x60, 0xC1, 0x06, 0x78, 0x01, 0x41, 0x82, 0x00, 0x08, 0x20, 0xCD,
    0x34, 0x10, 0x46, 0x78, 0x02, 0x08, 0x00, 0x24, 0x78, 0x00, 0x40, 0x81, 0x81, 0x02, 0x04, 0x08,
    0x63, 0xC0, 0x00, 0x08, 0x63, 0xC0, 0x08, 0x20, 0xC1, 0x04, 0x10, 0x46, 0x78, 0x00, 0x08, 0x21,
    0x80, 0x08, 0x20, 0xC1, 0x04, 0x10, 0x46, 0x78, 0x00, 0x00, 0x00, 0x00, 0x30, 0x00, 0x00, 0x00,
    0x06, 0x00, 0x16, 0x03, 0x32, 0x03, 0xFE, 0x81, 0xFE, 0x81, 0x00, 0x81, 0x10, 0xC6, 0x30, 0x7C,
    0x00, 0x00, 0x00, 0x00, 0x00, 0x00, 0x06, 0x00, 0x16, 0x03, 0x32, 0x03, 0xFE, 0x81, 0xFE, 0x81,
    0x00, 0x81, 0x68, 0xC6, 0x30, 0x7C, 0x10, 0x00, 0x00, 0x00, 0x00, 0x00, 0x30, 0x00, 0x78, 0x00,
    0x40, 0x00, 0x06, 0x00, 0x16, 0x03, 0x32, 0x03, 0xFE, 0x81, 0xFE, 0x81, 0x00, 0x81, 0x68, 0xC6,
    0x30, 0x7C, 0x10, 0x00, 0x00, 0x00, 0x00, 0x00, 0x07, 0x00, 0x0E, 0xC0, 0x2C, 0x30, 0x34, 0x10,
    0x1F, 0xFA, 0x07, 0xF1, 0x02, 0x00, 0x81, 0x24, 0x63, 0x1A, 0x1F, 0x00, 0x00, 0x00, 0x00, 0x00,
    0x10, 0x00, 0x08, 0x00, 0x1A, 0x00, 0x00, 0x00, 0x00, 0x00, 0x00, 0x70, 0x00, 0xEC, 0x02, 0xC3,
    0x03, 0x41, 0x01, 0xFF, 0xA0, 0x7F, 0x10, 0x20, 0x08, 0x10, 0x06, 0x30, 0x01, 0xF0, 0x00, 0x00,
    0x00, 0x00, 0x01, 0x00, 0x11, 0x81, 0x34, 0x10, 0x01, 0x00, 0x19, 0xC0, 0xF6, 0x0C, 0x30, 0x82,
    0x7F, 0xE3, 0xF8, 0x00, 0x0C, 0x07, 0x81, 0xA0, 0x00, 0x1E, 0x06, 0x82, 0x00, 0xC2, 0x1F, 0x83,
    0x00, 0x80, 0x40, 0x10, 0x04, 0x00, 0xC0, 0x3F, 0x80, 0x00, 0x00, 0x00, 0x07, 0x00, 0x7C, 0x02,
    0x68, 0x13, 0x40, 0xFA, 0x00, 0x5F, 0xFE, 0x7F, 0xC0, 0x00, 0x00, 0x07, 0x00, 0x7C, 0x02, 0x68,
    0x13, 0x40, 0xFA, 0x00, 0x5F, 0xFE, 0x7F, 0xC0, 0x00, 0x00, 0x18, 0x00, 0x80, 0x00, 0x00, 0x00,
    0x00, 0x06, 0x00, 0x10, 0x00, 0x00, 0x0E, 0x00, 0xF8, 0x04, 0xD0, 0x26, 0x81, 0xF4, 0x00, 0xBF,
    0xFC, 0xFF, 0x80, 0x00, 0x00, 0x30, 0x01, 0x00, 0x00, 0x00, 0x00, 0x02, 0x00, 0x38, 0x03, 0x40,
    0x00, 0x00, 0x70, 0x07, 0xC0, 0x26, 0x81, 0x34, 0x0F, 0xA0, 0x05, 0xFF, 0xE7, 0xFC, 0x00, 0x00,
    0x00, 0x07, 0x00, 0x7C, 0x02, 0x68, 0x13, 0x40, 0xFA, 0x00, 0x5F, 0xFE, 0x7F, 0xC0, 0x00, 0x00,
    0x3C, 0x00, 0xC0, 0x00, 0x00, 0x00, 0xC0, 0x00, 0x00, 0x38, 0x00, 0x00, 0x0E, 0x00, 0xF8, 0x04,
    0xD0, 0x26, 0x81, 0xF4, 0x00, 0xBF, 0xFC, 0xFF, 0x80, 0x00, 0x03, 0x01, 0x00, 0x00, 0xE0, 0x58,
    0x46, 0x23, 0x1F, 0xC7, 0x60, 0x30, 0x2C, 0x73, 0xE0, 0x00, 0x00, 0x02, 0x03, 0xC3, 0x60, 0x00,
    0x70, 0x2C, 0x23, 0x11, 0x8F, 0xE3, 0xB0, 0x18, 0x16, 0x39, 0xF0, 0x00, 0x00, 0x60, 0x38, 0x1C,
    0x06, 0x00, 0xC0, 0x0E, 0x00, 0x60, 0x06, 0x80, 0x5F, 0xF1, 0xFC, 0x00, 0x00, 0x00, 0x03, 0x80,
    0x07, 0x00, 0x0C, 0x00, 0x08, 0x00, 0x0F, 0xFE, 0x00, 0x03, 0xFF, 0xFF, 0xFF, 0xFF, 0x00, 0x00,
    0x1C, 0x0F, 0x07, 0xE0, 0xDC, 0x1C, 0x01, 0xC0, 0x0C, 0x00, 0xD0, 0x0B, 0xFE, 0x3F, 0x80, 0x01,
    0x01, 0x86, 0xC0, 0x20, 0x10, 0x88, 0x64, 0x12, 0x01, 0x80, 0x5F, 0xFF, 0xE0, 0x01, 0x01, 0x84,
    0xC3, 0x20, 0x10, 0x88, 0x64, 0x12, 0x01, 0x80, 0x5F, 0xFF, 0xE0, 0x01, 0x01, 0x80, 0xC0, 0x20,
    0x10, 0x88, 0x64, 0x12, 0x01, 0x80, 0x5F, 0xFF, 0xE0, 0x00, 0xB0, 0x70, 0x10, 0x00, 0x00, 0x00,
    0x00, 0x18, 0x1D, 0x86, 0xE0, 0x70, 0x18, 0x03, 0x00, 0x38, 0x01, 0x80, 0x1A, 0x01, 0x7F, 0xC7,
    0xF0, 0x00, 0x00, 0x38, 0x1F, 0x87, 0xE0, 0xFC, 0x1B, 0x83, 0x80, 0x38, 0x01, 0x80, 0x1A, 0x01,
    0x7F, 0xC7, 0xF0, 0x02, 0x01, 0x18, 0x1D, 0x86, 0xE0, 0x70, 0x18, 0x03, 0x00, 0x38, 0x01, 0x80,
    0x1A, 0x01, 0x7F, 0xC7, 0xF0, 0x00, 0x00, 0x18, 0x1D, 0x86, 0xE0, 0x70, 0x18, 0x03, 0x00, 0x38,
    0x01, 0x80, 0x1A, 0x01, 0x7F, 0xC7, 0xF0, 0x00, 0x01, 0x40, 0x68, 0x00, 0x00, 0x00, 0x00, 0x18,
    0x1D, 0x86, 0xE0, 0x70, 0x18, 0x03, 0x00, 0x38, 0x01, 0x80, 0x1A, 0x01, 0x7F, 0xC7, 0xF0, 0x00,
    0x00, 0x80, 0x10, 0x02, 0x00, 0x40, 0x00, 0x00, 0xC0, 0x2B, 0x03, 0xB0, 0xDC, 0x0E, 0x03, 0x00,
    0x60, 0x07, 0x00, 0x30, 0x03, 0x40, 0x2F, 0xF8, 0xFE, 0x00, 0x00, 0x06, 0x06, 0x00, 0x02, 0x02,
    0x02, 0x02, 0x02, 0x02, 0x02, 0x03, 0x03, 0x01, 0x81, 0x81, 0x82, 0xC6, 0x7C, 0x00, 0x00, 0x06,
    0x06, 0x00, 0x02, 0x02, 0x02, 0x02, 0x02, 0x02, 0x02, 0x03, 0x03, 0x01, 0x81, 0x81, 0x82, 0xC6,
    0x7C, 0x00, 0x00, 0x01, 0x01, 0xC1, 0xA0, 0x00, 0x10, 0x08, 0x04, 0x02, 0x01, 0x00, 0x80, 0x40,
    0x30, 0x18, 0x05, 0x02, 0x81, 0x41, 0x31, 0x8F, 0x80, 0x00, 0x00, 0x02, 0x02, 0x02, 0x02, 0x02,
    0x02, 0x02, 0x03, 0x03, 0x01, 0x81, 0x81, 0x82, 0xC6, 0x7C, 0x00, 0x2C, 0x38, 0x10, 0x00, 0x08,
    0x04, 0x00, 0x00, 0x30, 0x1A, 0x05, 0x02, 0x81, 0x63, 0x1F, 0x00, 0x01, 0x01, 0x80, 0x00, 0x00,
    0x01, 0x80, 0xD0, 0x28, 0x14, 0x0B, 0x18, 0xF8, 0x00, 0x00, 0x00, 0x08, 0x07, 0x07, 0x00, 0x10,
    0x18, 0x0D, 0x02, 0x81, 0x40, 0xB1, 0x8F, 0x80, 0x00, 0x00, 0x08, 0x04, 0x00, 0x00, 0x30, 0x1A,
    0x05, 0x02, 0x81, 0x63, 0x1F, 0x06, 0x03, 0x00, 0x00, 0x00, 0x08, 0x0E, 0x05, 0x00, 0x00, 0x18,
    0x0D, 0x02, 0x81, 0x40, 0xB1, 0x8F, 0x80, 0x00, 0x00, 0x01, 0x80, 0xF0, 0x6E, 0x12, 0xC7, 0x97,
    0xE5, 0xEE, 0x00, 0x00, 0x00, 0x03, 0x00, 0x40, 0x00, 0x7C, 0x17, 0xE0, 0xF0, 0x60, 0x20, 0x12,
    0xC4, 0xF1, 0x18, 0x40, 0x0C, 0x11, 0xF8, 0x00, 0x01, 0x86, 0x18, 0x41, 0x87, 0x16, 0x8A, 0x2F,
    0x9C, 0x61, 0xC5, 0xA2, 0x8B, 0xE7, 0x00, 0x01, 0x86, 0x18, 0x41, 0x87, 0x16, 0x8A, 0x2F, 0x9C,
    0x00, 0x91, 0xA0, 0x03, 0x07, 0x0B, 0x22, 0x44, 0xF8, 0xE0, 0x00, 0x1C, 0x1E, 0x22, 0x22, 0x3E,
    0x1E, 0x06, 0x3C, 0xFC, 0x30, 0x00, 0x1C, 0x1E, 0x22, 0x22, 0x3E, 0x1E, 0x1A, 0x0E, 0x0C, 0x78,
    0x00, 0x00, 0x1C, 0x08, 0x00, 0x1C, 0x16, 0x22, 0x22, 0x3E, 0x1E, 0x02, 0x0C, 0x78, 0x00, 0x00,
    0x0C, 0x08, 0x08, 0x00, 0x1C, 0x1E, 0x22, 0x22, 0x3E, 0x1E, 0x02, 0x0C, 0x78, 0x00, 0x00, 0x08,
    0x08, 0x08, 0x00, 0x00, 0x00, 0x00, 0x1C, 0x1E, 0x26, 0x22, 0x3E, 0x1E, 0x02, 0x0C, 0x78, 0x00,
    0x08, 0x1C, 0x04, 0x1C, 0x16, 0x22, 0x22, 0x3E, 0x1E, 0x02, 0x0C, 0x78, 0x00, 0x00, 0x14, 0x34,
    0x00, 0x1C, 0x16, 0x22, 0x22, 0x3E, 0x1E, 0x02, 0x0C, 0x78, 0x00, 0x00, 0x08, 0x1C, 0x34, 0x00,
    0x1C, 0x16, 0x22, 0x22, 0x3E, 0x1E, 0x02, 0x0C, 0x78, 0x00, 0x00, 0x01, 0x81, 0x81, 0x80, 0x80,
    0x42, 0x3D, 0x07, 0x81, 0x63, 0x9F, 0x00, 0x00, 0x00, 0x00, 0x06, 0x00, 0xC0, 0x18, 0x01, 0x00,
    0x10, 0x31, 0xE7, 0x07, 0x10, 0x21, 0x8E, 0x0F, 0x80, 0x00, 0x00, 0x00, 0x65, 0x31, 0x98, 0x24,
    0x01, 0x04, 0x79, 0x07, 0x40, 0x98, 0xE3, 0xE0, 0x00, 0x00, 0x18, 0x08, 0x00, 0x1C, 0x16, 0x22,
    0x22, 0x3E, 0x1E, 0x02, 0x0C, 0x78, 0x00, 0x00, 0x01, 0x81, 0x81, 0x80, 0x80, 0x42, 0x3D, 0x07,
    0x81, 0x63, 0x9F, 0x02, 0x01, 0x00, 0x00, 0x60, 0x00, 0x00, 0x01, 0x81, 0x81, 0x80, 0x80, 0x42,
    0x3D, 0x07, 0x81, 0x63, 0x9F, 0x00, 0x02, 0xC1, 0xC0, 0x40, 0x00, 0x00, 0x80, 0x70, 0x0C, 0x00,
    0xFF, 0xFF, 0xFE, 0x00, 0x03, 0x00, 0x30, 0x03, 0x00, 0x20, 0x00, 0x80, 0x38, 0x04, 0x00, 0xE0,
    0xF7, 0xFE, 0x6E, 0x61, 0xC5, 0xA2, 0x8B, 0xE7, 0x00, 0x00, 0x08, 0x04, 0x02, 0x21, 0x69, 0xF9,
    0xE0, 0x00, 0x00, 0x20, 0x50, 0xA3, 0xCF, 0x00, 0x00, 0x03, 0x34, 0x12, 0x84, 0x47, 0x00, 0x03,
    0xCC, 0xA7, 0x80, 0x04, 0xA0, 0x00, 0x32, 0x77, 0x00, 0x00, 0x00, 0x00, 0x00, 0x1C, 0x00, 0x1E,
    0xF0, 0x0C, 0xD9, 0x83, 0x60, 0xD8, 0xF0, 0x07, 0x98, 0x00, 0x32, 0x00, 0x02, 0xC0, 0x00, 0x70,
    0x00, 0x06, 0x00, 0x00, 0xC0, 0x00, 0x18, 0x00, 0x03, 0x00, 0x00, 0x70, 0x00, 0x1A, 0x00, 0x02,
    0x60, 0x00, 0xEF, 0x00, 0x78, 0xD9, 0x36, 0x0C, 0xF9, 0x80, 0x7B, 0xC0, 0x01, 0xC0, 0x00, 0x00,
    0x00, 0x00, 0x00, 0x00, 0x80, 0x01, 0x40, 0x1F, 0xFC, 0x16, 0x34, 0x10, 0x04, 0x31, 0x86, 0x51,
    0xC5, 0x51, 0x45, 0x31, 0xC6, 0x10, 0x04, 0x14, 0x14, 0x1F, 0xFC, 0x03, 0x60, 0x01, 0xC0, 0x00,
    0x00, 0x1B, 0x00, 0x3F, 0x00, 0x07, 0x26, 0x06, 0x64, 0x00, 0x00, 0x32, 0x77, 0x00, 0x00, 0x01,
    0xE0, 0x00, 0x06, 0x76, 0x00, 0x03, 0xFC, 0x00, 0x3C, 0x00, 0x26, 0xF0, 0x00, 0x0A, 0x0F, 0x8E,
    0xE7, 0x63, 0xB8, 0xD8, 0x6C, 0x36, 0x1B, 0x0F, 0x86, 0xC7, 0xF0, 0x18, 0x00, 0x18, 0x00, 0x1B,
    0x00, 0x06, 0x64, 0x00, 0x30, 0xC0, 0x00, 0x10, 0x60, 0x83, 0xFB, 0xE0, 0x00, 0x61, 0x80, 0x00,
    0x20, 0xC1, 0x04, 0x10, 0x46, 0x78, 0x00, 0x0F, 0x80, 0x1B, 0x26, 0x49, 0x24, 0x04, 0x77, 0xE6,
    0x31, 0x84, 0x21, 0x00, 0x01, 0x97, 0x3B, 0x86, 0x0C, 0x08, 0x10, 0x20, 0x40, 0x00, 0x00, 0x33,
    0x52, 0xA7, 0xCC, 0x08, 0x10, 0x20, 0x40, 0x80, 0x00, 0x83, 0x16, 0x4E, 0x38, 0x61, 0xFD, 0xE0,
    0x00, 0x71, 0x92, 0x06, 0x67, 0x86, 0x18, 0x60, 0x80, 0x00, 0x00, 0xC2, 0xC6, 0x44, 0x64, 0x2C,
    0x38, 0x38, 0x18, 0x10, 0x00, 0x10, 0x38, 0x38, 0x28, 0x6C, 0x44, 0x46, 0xC6, 0x82, 0x01, 0x8F,
    0x34, 0xF0, 0x41, 0x06, 0x08, 0x20, 0x00, 0x00, 0x00, 0x00, 0x30, 0x00, 0x78, 0x00, 0x40, 0x00,
    0x06, 0x00, 0x16, 0x03, 0x32, 0x03, 0xFE, 0x81, 0xFE, 0x81, 0x00, 0x81, 0x10, 0xC6, 0x30, 0x7C,
    0x00, 0x00, 0x00, 0x00, 0x10, 0x00, 0x18, 0x00, 0x00, 0x00, 0x00, 0x00, 0x00, 0xE0, 0x01, 0xD8,
    0x05, 0x86, 0x06, 0x82, 0x03, 0xFF, 0x40, 0xFE, 0x20, 0x40, 0x10, 0x21, 0x0C, 0x61, 0x83, 0xE0,
    0x00, 0x00, 0x00, 0x00, 0x0C, 0x00, 0x00, 0x00, 0x78, 0x1A, 0x08, 0x03, 0x08, 0x7E, 0x0C, 0x02,
    0x01, 0x10, 0x44, 0x10, 0x03, 0x00, 0xFE, 0x00, 0x00, 0x00, 0x71, 0xA2, 0x07, 0xCF, 0x80, 0x00,
    0x28, 0x50, 0x00, 0x00, 0x38, 0x2C, 0x04, 0x06, 0x7E, 0xF0, 0xC0, 0x54, 0x54, 0x40, 0x40, 0x00,
    0x04, 0x03, 0x00, 0x00, 0x00, 0x06, 0x03, 0xC1, 0xB8, 0x4B, 0x1E, 0x5F, 0x97, 0xB8, 0x00, 0x00,
    0x00, 0x06, 0x00, 0x68, 0x02, 0x80, 0x2F, 0xFE, 0x7F, 0x80, 0x00, 0x06, 0x01, 0x00, 0x00, 0x00,
    0xC0, 0x1E, 0x01, 0x06, 0x00, 0x68, 0x02, 0x80, 0x2F, 0xFE, 0x7F, 0x80, 0x00, 0x04, 0x00, 0xC0,
    0x00, 0x00, 0x00, 0x00, 0x06, 0x00, 0x68, 0x02, 0x80, 0x2F, 0xFE, 0x7F, 0x80, 0x00, 0x04, 0x00,
    0xE0, 0x1A, 0x00, 0x00, 0x00, 0x01, 0x60, 0x10, 0x60, 0x06, 0x80, 0x28, 0x02, 0xFF, 0xE7, 0xF8,
    0x00, 0x00, 0x40, 0x0E, 0x01, 0xA0, 0x00, 0x00, 0x00, 0x00, 0xC0, 0x00, 0x60, 0x06, 0x80, 0x28,
    0x02, 0xFF, 0xE7, 0xF8, 0x00, 0x00, 0x20, 0x1A, 0x00, 0x00, 0x00, 0x00, 0x06, 0x00, 0x68, 0x02,
    0x80, 0x2F, 0xFE, 0x7F, 0x80, 0x00, 0x04, 0x00, 0xC0, 0x00, 0x00, 0x00, 0x01, 0x40, 0x0C, 0x00,
    0x86, 0x00, 0x68, 0x02, 0x80, 0x2E, 0x3E, 0x7F, 0x80, 0x00, 0x06, 0x81, 0xA0, 0x00, 0x7C, 0x17,
    0xE0, 0xF0, 0x60, 0x20, 0x10, 0x04, 0x01, 0x00, 0x40, 0x0C, 0x11, 0xF8, 0x00, 0x00, 0x1F, 0x05,
    0xF8, 0x3C, 0x18, 0x08, 0x04, 0x61, 0x2C, 0x49, 0x10, 0x03, 0x04, 0x7E, 0x00, 0x00, 0x20, 0xE3,
    0x80, 0x10, 0x61, 0x82, 0x0F, 0xEF, 0x80, 0x30, 0x03, 0x00, 0x10, 0x61, 0x82, 0x0F, 0xEF, 0x80,
    0x20, 0xC0, 0x00, 0x00, 0x10, 0x30, 0x20, 0x40, 0x8F, 0x8E, 0x18, 0xE0, 0x00, 0x00, 0x00, 0x00,
    0x70, 0x00, 0x00, 0x00, 0x30, 0x00, 0x06, 0x00, 0x16, 0x03, 0x32, 0x03, 0xFE, 0x81, 0xFE, 0x81,
    0x00, 0x81, 0x00, 0xC6, 0x00, 0x7C, 0x00, 0x00, 0x00, 0x00, 0x1E, 0x04, 0x80, 0x00, 0x78, 0x1A,
    0x08, 0x03, 0x08, 0x7E, 0x0C, 0x02, 0x01, 0x00, 0x40, 0x10, 0x03, 0x00, 0xFE, 0x00, 0x00, 0x00,
    0x1A, 0x07, 0x80, 0xC0, 0x00, 0x1E, 0x06, 0x82, 0x00, 0xC2, 0x1F, 0x83, 0x00, 0x80, 0x40, 0x10,
    0x04, 0x00, 0xC0, 0x3F, 0x80, 0x00, 0x30, 0x0C, 0x01, 0x00, 0xC0, 0x00, 0x1E, 0x06, 0x82, 0x00,
    0xC2, 0x1F, 0x83, 0x00, 0x80, 0x40, 0x10, 0x04, 0x00, 0xC0, 0x3F, 0x80, 0x00, 0x00, 0x00, 0x07,
    0x00, 0x7C, 0x02, 0x68, 0x13, 0x40, 0xFA, 0x00, 0x5F, 0xFE, 0x7F, 0xC0, 0x00, 0x00, 0x2C, 0x01,
    0x00, 0x00, 0x00, 0x07, 0x00, 0x7C, 0x02, 0x68, 0x13, 0x40, 0xFA, 0x00, 0x5F, 0xFE, 0x7F, 0xC0,
    0x00, 0x00, 0x18, 0x01, 0x60, 0x08, 0x00, 0x00, 0x00, 0x8C, 0x07, 0x03, 0x80, 0xC0, 0x18, 0x01,
    0xC0, 0x0C, 0x00, 0xD0, 0x0B, 0xFE, 0x3F, 0x80, 0x00, 0x01, 0x80, 0x39, 0x84, 0xE0, 0x70, 0x18,
    0x03, 0x00, 0x38, 0x01, 0x80, 0x1A, 0x01, 0x7F, 0xC7, 0xF0, 0x00, 0x60, 0x38, 0x1C, 0x06, 0x00,
    0xC0, 0x0E, 0x00, 0x60, 0x06, 0x80, 0x5F, 0xF1, 0xFC, 0x00, 0x00, 0x20, 0x0E, 0x01, 0x40, 0x00,
    0x00, 0x60, 0x80, 0x03, 0x0F, 0x03, 0x03, 0x7D, 0xC2, 0x04, 0x08, 0x18, 0x30, 0x00, 0x00, 0x61,
    0xE0, 0x60, 0x6F, 0xB8, 0x40, 0x81, 0x33, 0x06, 0x00, 0x00, 0x00, 0x08, 0x04, 0x00, 0x00, 0x30,
    0x1A, 0x05, 0x02, 0x81, 0x63, 0x1F, 0x00, 0x02, 0x83, 0x40, 0x00, 0x00, 0x10, 0x0E, 0x07, 0x00,
    0x00, 0xC0, 0x40, 0x02, 0x03, 0x01, 0xA0, 0x50, 0x28, 0x16, 0x31, 0xF0, 0x00, 0x28, 0x1C, 0x04,
    0x00, 0x01, 0x00, 0x80, 0x04, 0x06, 0x03, 0x40, 0xA0, 0x50, 0x2C, 0x63, 0xE0, 0x00, 0x00, 0x01,
    0x00, 0x80, 0x40, 0x20, 0x10, 0x3E, 0x06, 0x03, 0x01, 0x80, 0x50, 0x28, 0x14, 0x13, 0x18, 0xF8,
    0x00, 0x00, 0x00, 0x60, 0x06, 0x00, 0x20, 0x83, 0x04, 0x10, 0x41, 0x19, 0xE0, 0x00, 0x00, 0x30,
    0x60, 0xC1, 0x01, 0x81, 0x02, 0x06, 0x04, 0x10, 0x67, 0x80, 0x00, 0x00, 0x20, 0x00, 0x20, 0x00,
    0x00, 0x00, 0x30, 0x00, 0x06, 0x00, 0x16, 0x03, 0x32, 0x03, 0xFE, 0x81, 0xFE, 0x81, 0x00, 0x81,
    0x00, 0xC6, 0x00, 0x7C, 0x00, 0x00, 0x00, 0x00, 0x1F, 0x05, 0xF8, 0x78, 0x30, 0x0A, 0x04, 0x61,
    0x38, 0x40, 0x1C, 0x23, 0xF8, 0x00, 0x00, 0x1E, 0x05, 0xE0, 0x3E, 0x1E, 0x0E, 0x06, 0x61, 0x38,
    0x40, 0x12, 0x83, 0x08, 0xFE, 0x00, 0x00, 0x00, 0x00, 0x00, 0x20, 0x00, 0x30, 0x00, 0x78, 0x00,
    0x00, 0x00, 0x30, 0x00, 0x06, 0x00, 0x16, 0x03, 0x12, 0x03, 0xFE, 0x81, 0xFE, 0x81, 0x00, 0x81,
    0x00, 0xC6, 0x00, 0x7C, 0x00, 0x00, 0x00, 0x00, 0x20, 0x70, 0xE1, 0xC0, 0x05, 0x00, 0x04, 0x08,
    0x10, 0x10, 0x20, 0x83, 0x3C, 0x00, 0x00, 0x02, 0x00, 0xE0, 0x38, 0x00, 0x1F, 0x05, 0xF8, 0x3C,
    0x18, 0x08, 0x04, 0x01, 0x00, 0x40, 0x10, 0x03, 0x0C, 0xFE, 0x00, 0x00, 0x08, 0xC4, 0x62, 0x22,
    0x22, 0x22, 0x20, 0x0A, 0xE4, 0x66, 0x22, 0x22, 0x22, 0x20, 0x00, 0x30, 0x18, 0xC8, 0xC4, 0xC0,
    0x40, 0x21, 0x1E, 0x83, 0xC0, 0xB1, 0xCF, 0x80, 0x00, 0x00, 0x78, 0x18, 0xC8, 0xC4, 0xC0, 0x40,
    0x21, 0x1E, 0x83, 0xC0, 0xB1, 0xCF, 0x80, 0x00, 0x00, 0x01, 0x81, 0x81, 0x80, 0x80, 0x42, 0x3D,
    0x07, 0x81, 0x63, 0x1E, 0x07, 0x03, 0x81, 0x00, 0x00, 0x20, 0x00, 0x00, 0x00, 0xA0, 0x60, 0x5C,
    0x56, 0x22, 0x22, 0x3E, 0x1E, 0x02, 0x0C, 0x78, 0x00, 0x00, 0xE0, 0x40, 0x5C, 0x7C, 0x26, 0x22,
    0x3E, 0x3E, 0x02, 0x0C, 0x78, 0x00, 0x00, 0x02, 0x80, 0x18, 0x00, 0x40, 0x02, 0x00, 0x12, 0x00,
    0x60, 0x0C, 0x00, 0x7F, 0xF3, 0xFF, 0x00, 0x00, 0x02, 0xC0, 0x1C, 0x00, 0x40, 0x02, 0x00, 0x12,
    0x00, 0x70, 0x0C, 0x00, 0x70, 0x7B, 0xFF, 0x80, 0x00, 0x1F, 0x05, 0xF8, 0x78, 0x38, 0x0B, 0x84,
    0xE1, 0x20, 0x40, 0x11, 0x03, 0x08, 0xFE, 0x00, 0x00, 0x00, 0x00, 0x00, 0x50, 0x00, 0x60, 0x00,
    0x00, 0x00, 0x40, 0x00, 0x00, 0x00, 0x06, 0x00, 0x16, 0x03, 0x22, 0x03, 0xFE, 0x81, 0xFE, 0x81,
    0x00, 0x81, 0x00, 0xC6, 0x00, 0x7C, 0x00, 0x00, 0x00, 0x00, 0x30, 0x00, 0x30, 0x00, 0x00, 0x00,
    0x06, 0x00, 0x16, 0x03, 0x32, 0x03, 0xFE, 0x81, 0xFE, 0x81, 0x00, 0x81, 0x00, 0xC6, 0x00, 0x7C,
    0x00, 0x00, 0x00, 0x01, 0x01, 0x80, 0xC3, 0x20, 0x10, 0x88, 0x64, 0x12, 0x01, 0x80, 0x5F, 0xFF,
    0xE0, 0x49, 0x24, 0x92, 0x49, 0x20, 0x83, 0x9C, 0x42, 0x10, 0x84, 0x21, 0x08, 0x40, 0x00, 0x07,
    0x92, 0x41, 0x04, 0x10, 0x41, 0x04, 0x10, 0x40, 0x00, 0x01, 0x07, 0x96, 0x08, 0x20, 0x82, 0x08,
    0x20, 0x82, 0x08, 0x00, 0x00, 0x00, 0x7F, 0xFF, 0xC0, 0x00, 0x00, 0x00, 0x06, 0x31, 0xB1, 0x8C,
    0x02, 0x00, 0x30, 0x03, 0x00, 0x30, 0x03, 0x00, 0x3F, 0xFC, 0xC0, 0x03, 0x00, 0x0C, 0x00, 0x30,
    0x00, 0x80, 0x00, 0x00, 0x60, 0x0F, 0x01, 0xF8, 0x3E, 0xC7, 0x66, 0x66, 0x30, 0x60, 0x06, 0x00,
    0x60, 0x06, 0x00, 0x60, 0x06, 0x00, 0x02, 0x00, 0x18, 0x00, 0x60, 0x01, 0x80, 0x06, 0x7F, 0xF8,
    0x01, 0x80, 0x18, 0x01, 0x80, 0x18, 0x00, 0x80, 0x00, 0x00, 0x60, 0x06, 0x00, 0x60, 0x06, 0x00,
    0x60, 0x06, 0x06, 0x63, 0x76, 0x63, 0xEC, 0x1F, 0x80, 0xF0, 0x06, 0x00, 0x00, 0x00, 0x18, 0x00,
    0x18, 0x7F, 0x98, 0x01, 0x98, 0x01, 0x98, 0x03, 0x18, 0x03, 0x1E, 0x06, 0x1E, 0x0E, 0x18, 0x1C,
    0x18, 0x38, 0x18, 0x60, 0x18, 0x00, 0x18, 0x00, 0x18, 0x00, 0x18, 0x00, 0x18, 0x7F, 0x98, 0x3F,
    0x98, 0x01, 0x98, 0x03, 0x1E, 0x06, 0x18, 0x1E, 0x18, 0x78, 0x18, 0x60, 0x18, 0x00, 0x00, 0x1F,
    0xF8, 0x00, 0x18, 0x00, 0x18, 0x00, 0x18, 0x00, 0x18, 0x00, 0x31, 0xF8, 0xC7, 0xF3, 0x00, 0xCC,
    0x06, 0x3C, 0x38, 0xF1, 0xC3, 0x1E, 0x0C, 0xE0, 0x30, 0x00, 0xC3, 0x03, 0x0C, 0x00, 0x30, 0x00,
    0xFF, 0xC3, 0xFF, 0x00, 0x00, 0x18, 0x7F, 0x98, 0x3F, 0x98, 0x03, 0x9E, 0x03, 0x1E, 0x06, 0x18,
    0x3C, 0x18, 0x78, 0x18, 0x1F, 0xF0, 0x1F, 0xF8, 0x00, 0x18, 0x1F, 0xF8, 0x18, 0x00, 0x18, 0x00,
    0x1F, 0xFC, 0x00, 0x18, 0xFF, 0x30, 0xFC, 0x60, 0x18, 0xE0, 0x71, 0xE1, 0xC3, 0x07, 0x06, 0x3C,
    0x0C, 0x40, 0x18, 0x66, 0x20, 0xCC, 0x61, 0xF9, 0xC3, 0x33, 0x86, 0x7D, 0x8F, 0xF1, 0x00, 0x00,
    0x00, 0x18, 0x7F, 0x30, 0xFE, 0x60, 0x0C, 0xC0, 0x31, 0xE0, 0xE3, 0x03, 0x86, 0x1E, 0x0C, 0x70,
    0x18, 0x00, 0x00, 0x3F, 0xC0, 0xE1, 0xC1, 0x81, 0x83, 0xFF, 0x01, 0xF8, 0x00, 0x00, 0x0C, 0x03,
    0x37, 0xEC, 0xDF, 0xB3, 0x06, 0xCC, 0x1B, 0x30, 0xEF, 0xC3, 0x3F, 0x18, 0xCC, 0xE3, 0x37, 0x0C,
    0xD0, 0x33, 0x00, 0xCC, 0x03, 0x30, 0x0C, 0xC0, 0x00, 0x0D, 0xFB, 0x33, 0xEC, 0xC1, 0xBF, 0x0E,
    0xFC, 0x33, 0x33, 0x8C, 0xDC, 0x33, 0x0F, 0xF8, 0x7F, 0xF0, 0x00, 0xC7, 0xFF, 0x18, 0x00, 0x60,
    0x01, 0xFF, 0xC0, 0x00, 0x0C, 0x00, 0x33, 0xF8, 0xC0, 0x63, 0x01, 0x8C, 0x0C, 0x30, 0x37, 0xC1,
    0x9F, 0x0E, 0x0C, 0x70, 0x33, 0x80, 0xDC, 0x03, 0x00, 0x0C, 0x00, 0x30, 0x00, 0xC0, 0x00, 0x1D,
    0xFE, 0x73, 0xF9, 0xC0, 0xC7, 0x03, 0xFC, 0x18, 0x71, 0xC1, 0xDE, 0x07, 0x60, 0x18, 0x3F, 0xE1,
    0xFF, 0xC6, 0x07, 0x18, 0x1C, 0x7F, 0xF1, 0xFF, 0xC0, 0x00, 0x0C, 0x01, 0xB3, 0xF6, 0xCF, 0xDB,
    0x03, 0x6C, 0x19, 0xB0, 0x7E, 0xC3, 0xFB, 0x0C, 0x6C, 0xE1, 0xB7, 0x06, 0xD8, 0x1B, 0x00, 0x6C,
    0x01, 0xB0, 0x06, 0xC0, 0x00, 0x0C, 0xFE, 0xD8, 0xF9, 0xB0, 0x33, 0x60, 0x7E, 0xC1, 0xFD, 0x87,
    0x1B, 0x1C, 0x36, 0x60, 0x6C, 0x08, 0x60, 0x30, 0xC0, 0x71, 0x81, 0xE7, 0x87, 0x7D, 0x8C, 0x71,
    0x80, 0x00, 0x00, 0x1C, 0xFC, 0x73, 0xF9, 0xC0, 0x67, 0x01, 0xFC, 0x0F, 0xF0, 0x31, 0xC1, 0x87,
    0x06, 0xFC, 0x37, 0xF3, 0x81, 0xDC, 0x07, 0x00, 0x1C, 0x00, 0x70, 0x01, 0xC0, 0x00, 0x0C, 0xFE,
    0x33, 0xF8, 0xC0, 0x7F, 0x03, 0x0C, 0x1C, 0x30, 0xEF, 0xDE, 0x3B, 0x70, 0x0C, 0x00, 0x01, 0xFF,
    0xC0, 0x03, 0x00, 0x0C, 0x00, 0x30, 0x00, 0xC0, 0x00, 0x19, 0xFE, 0x63, 0xFF, 0x80, 0xE6, 0x07,
    0x18, 0x7F, 0xE7, 0xC1, 0x9C, 0x06, 0x0F, 0xF8, 0x7F, 0xE0, 0x01, 0x87, 0xFE, 0x18, 0x00, 0x60,
    0x01, 0xFF, 0xC0, 0x00, 0x1C, 0xFE, 0x73, 0xF9, 0xC0, 0xFF, 0x03, 0x1C, 0x18, 0x70, 0xDF, 0xCE,
    0x07, 0x60, 0x1C, 0x1F, 0xC0, 0xFF, 0x86, 0x07, 0x18, 0x1C, 0x3D, 0xE0, 0x7F, 0x00, 0x00, 0x0C,
    0x01, 0xB7, 0xE6, 0xC1, 0x9B, 0x07, 0xEC, 0x1F, 0xB0, 0xC6, 0xC3, 0x1B, 0x1B, 0xEC, 0xE7, 0xB7,
    0x06, 0xD0, 0x1B, 0x00, 0x6C, 0x01, 0xB0, 0x04, 0xC0, 0x1F, 0xF8, 0x7F, 0xF0, 0x00, 0x60, 0x00,
    0xC0, 0x01, 0x80, 0x43, 0x00, 0xC6, 0x01, 0x8C, 0x03, 0x18, 0x06, 0x00, 0x0C, 0x03, 0xFF, 0xF7,
    0xFF, 0xC0, 0x3F, 0xF8, 0x3F, 0xF0, 0x00, 0x60, 0x18, 0xC0, 0x31, 0x80, 0x60, 0x1F, 0xFF, 0xBF,
    0xFF, 0x00, 0x00, 0x3F, 0xE0, 0xE0, 0xE1, 0x80, 0xC3, 0xC3, 0x81, 0xFC, 0x00, 0x00, 0x30, 0x00,
    0x61, 0xFE, 0xC0, 0x0D, 0x80, 0x1B, 0x00, 0x36, 0x06, 0x6F, 0x0C, 0xDE, 0x19, 0x30, 0x30, 0x63,
    0xFF, 0xC7, 0xFD, 0x80, 0x03, 0x00, 0x06, 0x00, 0x0C, 0x00, 0x00, 0x18, 0xFF, 0x30, 0xFE, 0x60,
    0x0C, 0xC0, 0x19, 0x81, 0xB3, 0xC3, 0x67, 0x06, 0x0C, 0xFF, 0xD8, 0xFC, 0x30, 0x60, 0x60, 0xC0,
    0xC1, 0x80, 0x03, 0xFF, 0x07, 0xFF, 0x00, 0x7F, 0xF0, 0xFF, 0xC0, 0x03, 0x00, 0x0C, 0x00, 0x30,
    0x00, 0xCF, 0xFF, 0xFF, 0xFF, 0x03, 0x00, 0x0C, 0x00, 0x30, 0x00, 0xC0, 0x03, 0x00, 0x0C, 0x00,
    0x3F, 0xF8, 0x3F, 0xF0, 0x00, 0x60, 0x00, 0xC0, 0x01, 0x8F, 0xFF, 0xDF, 0xFF, 0x80, 0xC0, 0x01,
    0x80, 0x7F, 0xF0, 0xFF, 0xE0, 0x00, 0xC0, 0x01, 0x80, 0x03, 0x00, 0x00, 0x0C, 0xFE, 0x33, 0xF8,
    0xC0, 0x23, 0x01, 0x8C, 0x06, 0x30, 0x18, 0xDF, 0xFB, 0x7F, 0x8C, 0x18, 0x30, 0x60, 0xC1, 0x83,
    0x06, 0x0C, 0x18, 0x30, 0x60, 0xC0, 0x3F, 0xF8, 0x3F, 0xF0, 0x00, 0x60, 0x00, 0xC0, 0x01, 0x8F,
    0xFF, 0xBF, 0xFF, 0x83, 0x30, 0x06, 0x60, 0x6C, 0xC0, 0xD9, 0x81, 0x80, 0x03, 0xFF, 0x87, 0xFF,
    0x00, 0x00, 0x21, 0xFF, 0xC0, 0x03, 0x00, 0x0C, 0x00, 0x30, 0x00, 0xC0, 0x03, 0x00, 0x0C, 0x00,
    0x30, 0x00, 0x80, 0x00, 0x3F, 0xFF, 0x00, 0x00, 0x3F, 0xF0, 0xFF, 0xC0, 0x03, 0x00, 0x0C, 0x00,
    0x30, 0x00, 0xCF, 0xFF, 0xFF, 0xFE, 0x20, 0x00, 0xC0, 0x03, 0x00, 0x0C, 0x00, 0x3F, 0xF0, 0xFF,
    0xC0, 0x7F, 0xF0, 0xFF, 0xC0, 0x03, 0x00, 0x0C, 0x00, 0x73, 0xFF, 0xF0, 0x00, 0x0F, 0xF8, 0x7F,
    0xF0, 0x00, 0xC7, 0xFF, 0x18, 0x00, 0x60, 0x01, 0xFF, 0xC0, 0x3F, 0xF0, 0xFF, 0xC0, 0x03, 0x00,
    0x0C, 0x00, 0x33, 0xFF, 0xFF, 0xFF, 0xC0, 0x00, 0x00, 0x00, 0xFF, 0xC3, 0x03, 0x0C, 0x0C, 0x3F,
    0xF0, 0xFF, 0xC0, 0x3F, 0xF0, 0xFF, 0xC0, 0x03, 0x00, 0x0C, 0x00, 0x33, 0xFF, 0xFF, 0xFF, 0xC0,
    0x00, 0x30, 0x30, 0xC0, 0xC3, 0xFF, 0x0C, 0x0C, 0x3F, 0xF0, 0xFF, 0xC0, 0x00, 0x18, 0x00, 0xDF,
    0xE6, 0x03, 0x30, 0x19, 0x81, 0x8C, 0x0C, 0x60, 0xE3, 0x0E, 0x18, 0xE0, 0xCE, 0x06, 0xE0, 0x30,
    0x01, 0x80, 0x0C, 0x00, 0x60, 0x00, 0x19, 0xFE, 0x63, 0xF9, 0x80, 0xC6, 0x03, 0x18, 0x38, 0x67,
    0xC1, 0x9C, 0x06, 0x00, 0x00, 0x7F, 0xE0, 0x01, 0x87, 0xFE, 0x18, 0x00, 0x60, 0x01, 0xFF, 0xC0,
    0x00, 0x1B, 0xFC, 0xCF, 0xE6, 0x06, 0x30, 0x31, 0x83, 0x0C, 0x70, 0x6F, 0x03, 0x60, 0x18, 0x7F,
    0xC7, 0xFE, 0x30, 0x31, 0x81, 0x8F, 0xFC, 0x7F, 0xE0, 0x00, 0x18, 0x00, 0x18, 0x7F, 0xD8, 0x0C,
    0xD8, 0x0C, 0xD8, 0x0C, 0xD8, 0x18, 0xDE, 0x19, 0x9E, 0x39, 0x98, 0x31, 0x98, 0x63, 0x18, 0x27,
    0x18, 0x02, 0x18, 0x00, 0x18, 0x00, 0x18, 0x00, 0x1D, 0xEF, 0x73, 0xBD, 0xC6, 0x37, 0x19, 0xFC,
    0xC6, 0x77, 0x31, 0xD9, 0xC7, 0x00, 0x08, 0x60, 0x71, 0x81, 0xC7, 0xFF, 0x18, 0x1C, 0x7F, 0xF1,
    0xFF, 0xC0, 0x00, 0x0C, 0x01, 0xB7, 0xF6, 0xC6, 0xDB, 0x1B, 0x6C, 0x4D, 0xB1, 0x3E, 0xCC, 0xFB,
    0x36, 0x6C, 0x99, 0xB6, 0x46, 0xD3, 0x1B, 0x08, 0x6C, 0x01, 0xB0, 0x06, 0xC0, 0x3E, 0xF8, 0x7D,
    0xF0, 0x38, 0x60, 0x6C, 0xC0, 0x18, 0x0F, 0xFF, 0xDF, 0xFF, 0x1F, 0xF8, 0x3F, 0xF8, 0x00, 0x30,
    0xFF, 0xE1, 0x80, 0x03, 0x00, 0x07, 0xFF, 0x00, 0x3E, 0xF8, 0x7D, 0xF0, 0x18, 0x60, 0x30, 0xC0,
    0x61, 0x81, 0xC3, 0x1F, 0xFF, 0xBF, 0xFF, 0x01, 0x80, 0x03, 0x00, 0x06, 0x00, 0x0C, 0x00, 0x18,
    0x00, 0x30, 0x00, 0x00, 0x21, 0xF7, 0xC0, 0xC3, 0x03, 0x0C, 0x0C, 0x30, 0x30, 0xC0, 0xC3, 0x06,
    0x0C, 0x18, 0x30, 0x00, 0x00, 0x00, 0x3F, 0xFF, 0x00, 0x00, 0x7D, 0xF0, 0xF7, 0xC0, 0xC3, 0x03,
    0x0C, 0x0C, 0x33, 0xFF, 0xF0, 0x00, 0x00, 0x00, 0x7F, 0xF1, 0x80, 0x07, 0xFF, 0x18, 0x00, 0x60,
    0x01, 0xFF, 0xC0, 0x00, 0x31, 0x80, 0x63, 0x00, 0xC6, 0x01, 0x8C, 0x03, 0x18, 0x06, 0x30, 0x0F,
    0x60, 0x1E, 0xC0, 0x31, 0x82, 0x63, 0xFE, 0xC7, 0xC1, 0x80, 0x03, 0x00, 0x06, 0x00, 0x0C, 0x00,
    0x00, 0x33, 0x00, 0xCC, 0x03, 0x30, 0x0C, 0xC0, 0x3F, 0x00, 0xFC, 0x13, 0x3F, 0xEC, 0xFC, 0x30,
    0x00, 0xC2, 0x03, 0x0C, 0x00, 0x30, 0x00, 0xC0, 0x03, 0xFF, 0x00, 0x00, 0x33, 0x00, 0xCC, 0x03,
    0x30, 0x0F, 0xC0, 0x3B, 0x0E, 0xCF, 0xFB, 0x3C, 0x0C, 0x3F, 0xE1, 0xFF, 0xC0, 0x03, 0x0F, 0xFC,
    0x30, 0x00, 0xC0, 0x07, 0xFF, 0x00, 0x00, 0x31, 0x80, 0x63, 0x00, 0xC6, 0x01, 0xEC, 0x03, 0xD8,
    0x06, 0x3F, 0xEC, 0x7F, 0x18, 0x00, 0x30, 0x7F, 0xC0, 0xFF, 0xC1, 0x81, 0x83, 0x03, 0x07, 0xFE,
    0x0F, 0xFC, 0x00, 0x00, 0x33, 0x00, 0xCC, 0x03, 0x30, 0x0F, 0xC0, 0x3F, 0x04, 0xCF, 0xFB, 0x3C,
    0x0C, 0x00, 0x30, 0x41, 0x01, 0x8C, 0x0E, 0x38, 0x38, 0xE1, 0xBE, 0xEC, 0x71, 0x80, 0x00, 0x00,
    0x18, 0x0C, 0xF0, 0x67, 0x83, 0x3C, 0x19, 0xE0, 0xCF, 0x07, 0xF8, 0x3F, 0xC1, 0x9E, 0x0C, 0xFF,
    0x67, 0xF3, 0x30, 0x19, 0x80, 0xCC, 0x02, 0x60, 0x00, 0x1B, 0x06, 0x6C, 0x19, 0xB0, 0x66, 0xC1,
    0xFB, 0x07, 0xEC, 0x19, 0xBF, 0x66, 0xFD, 0x98, 0x46, 0x63, 0x19, 0x8C, 0x06, 0x30, 0x00, 0xFF,
    0xE3, 0xFF, 0x80, 0x00, 0x32, 0x01, 0xB0, 0x0D, 0x80, 0x6C, 0x03, 0x61, 0xFB, 0x0F, 0xD8, 0x06,
    0xC0, 0x36, 0x09, 0xBF, 0xCD, 0xF0, 0x60, 0x03, 0x00, 0x18, 0x00, 0xC0, 0x00, 0x36, 0x01, 0xB0,
    0xFD, 0x87, 0xEC, 0x03, 0x60, 0x9B, 0xFC, 0xDF, 0x06, 0x01, 0x33, 0xE9, 0x83, 0x7C, 0xFB, 0xE6,
    0x13, 0x37, 0xD9, 0xFF, 0xC0, 0x00, 0x36, 0x01, 0xB0, 0x0D, 0x87, 0xEC, 0x03, 0x60, 0x1B, 0xFC,
    0xDF, 0xC6, 0x00, 0x31, 0xFF, 0x8F, 0xFC, 0x60, 0x63, 0x03, 0x1F, 0xF8, 0xFF, 0xC0, 0x00, 0x3E,
    0x01, 0xF0, 0xFF, 0x83, 0xFC, 0x03, 0xFF, 0x9F, 0xF0, 0xE0, 0x46, 0x03, 0x03, 0xFF, 0x8F, 0xFC,
    0x3F, 0x81, 0x86, 0x0C, 0x70, 0x3F, 0x00, 0x00, 0x18, 0x0C, 0xF0, 0x67, 0x83, 0x3C, 0x19, 0xE7,
    0xCF, 0x3E, 0x78, 0x33, 0xC1, 0x9E, 0x0C, 0xFF, 0x67, 0xFB, 0x30, 0x19, 0x80, 0xCC, 0x06, 0x60,
    0x00, 0x3C, 0x03, 0xC3, 0xFC, 0x03, 0xC0, 0x3C, 0x3F, 0xC0, 0x3F, 0xF3, 0xFE, 0x30, 0x02, 0x7F,
    0xF3, 0xFF, 0x00, 0x30, 0x03, 0x00, 0x30, 0x30, 0x00, 0x60, 0x00, 0xFF, 0xC1, 0xFF, 0xC0, 0x30,
    0x1F, 0xFF, 0xBF, 0xFF, 0x01, 0x80, 0x7F, 0xF8, 0xFF, 0xF0, 0x3F, 0x80, 0xC3, 0x81, 0x87, 0x01,
    0xFC, 0x00, 0x30, 0x00, 0x60, 0x00, 0xC0, 0x01, 0x80, 0x03, 0xFF, 0x87, 0xFF, 0x00, 0x00, 0x7F,
    0xFE, 0xFF, 0xFC, 0x06, 0x00, 0x0C, 0x00, 0x18, 0x00, 0x30, 0x00, 0x60, 0x00, 0x30, 0x00, 0x60,
    0x00, 0xFF, 0xE1, 0xFF, 0xC0, 0x00, 0x1F, 0xFF, 0xBF, 0xFF, 0x01, 0x80, 0x3F, 0xF8, 0x7F, 0xF0,
    0xFF, 0xE1, 0x80, 0x03, 0x00, 0x07, 0xFF, 0x00, 0x30, 0x00, 0x60, 0x00, 0xC0, 0x01, 0x80, 0x03,
    0xFF, 0x87, 0xFF, 0x00, 0x00, 0x3F, 0xFE, 0x7F, 0xFC, 0x18, 0xC0, 0x31, 0x80, 0x63, 0x00, 0xC6,
    0x01, 0x8C, 0x00, 0x30, 0x00, 0xC0, 0x03, 0x00, 0x0F, 0xFC, 0x3F, 0xF0, 0x00, 0x00, 0x00, 0x3F,
    0xFF, 0x00, 0x00, 0x80, 0x02, 0x00, 0x08, 0x00, 0x7F, 0xF0, 0xFF, 0xC0, 0x60, 0x01, 0x80, 0x07,
    0xFF, 0x0F, 0xFC, 0x00, 0x03, 0xFF, 0xFF, 0xFF, 0x8F, 0xFC, 0x7F, 0xF0, 0x00, 0xC7, 0xFF, 0x18,
    0x00, 0x60, 0x01, 0xFF, 0xC0, 0x30, 0x00, 0xC0, 0x03, 0x00, 0x0F, 0xFC, 0x3F, 0xF0, 0x00, 0x0F,
    0xFF, 0xFF, 0xFE, 0x00, 0x00, 0x7F, 0x83, 0x07, 0x1C, 0x0C, 0x3D, 0xF0, 0x7F, 0x80, 0x00, 0x38,
    0x03, 0xC0, 0x3C, 0x03, 0xC0, 0x3C, 0x03, 0xC0, 0x3C, 0x03, 0xC0, 0x3C, 0x1B, 0xFF, 0xBF, 0x03,
    0x00, 0x30, 0x03, 0x00, 0x30, 0x00, 0x70, 0xFC, 0xE3, 0xF9, 0xC6, 0x03, 0x8C, 0x07, 0x18, 0x0E,
    0x30, 0x1F, 0x60, 0x3E, 0xC0, 0x71, 0x80, 0xE3, 0xFF, 0xC7, 0xF3, 0x80, 0x07, 0x00, 0x0E, 0x00,
    0x1C, 0x00, 0x00, 0x31, 0xF8, 0xCF, 0xE3, 0x30, 0x0C, 0xC0, 0x3F, 0x00, 0xFC, 0x03, 0x3F, 0xEC,
    0xFC, 0x30, 0x80, 0xC3, 0x03, 0x0C, 0x00, 0x30, 0x00, 0xFF, 0xC3, 0xFF, 0x00, 0x00, 0x33, 0xF8,
    0xCF, 0xE3, 0x30, 0x0E, 0xC0, 0x3F, 0x00, 0xCF, 0xFB, 0x3F, 0x0C, 0x00, 0x30, 0xFF, 0x83, 0xFF,
    0x0C, 0x00, 0x30, 0x00, 0xC0, 0x03, 0xFF, 0x00, 0x00, 0x33, 0xF8, 0xCF, 0xE3, 0x30, 0x0C, 0xC0,
    0x3F, 0x00, 0xEC, 0x13, 0x3F, 0xEC, 0x78, 0x30, 0x0C, 0x03, 0xFE, 0x0C, 0x1C, 0x70, 0x30, 0xFF,
    0xC1, 0xFC, 0x00, 0x00, 0x18, 0x0C, 0xFF, 0x67, 0x83, 0x3C, 0x19, 0xE0, 0xCF, 0x07, 0xF8, 0x3F,
    0xC1, 0x9E, 0x0C, 0xFF, 0xE7, 0xFB, 0x30, 0x19, 0x80, 0xCC, 0x06, 0x60, 0x00, 0x37, 0xE3, 0xFE,
    0x3C, 0x03, 0xC0, 0x3C, 0x3F, 0xC3, 0xFC, 0x03, 0xC0, 0x3C, 0x03, 0xFF, 0x3F, 0xF3, 0x00, 0x30,
    0x03, 0x00, 0x30, 0x00, 0x18, 0x06, 0xFF, 0x37, 0x81, 0xBC, 0x0D, 0xE0, 0x6F, 0x1F, 0x78, 0x1B,
    0xC0, 0xDE, 0x06, 0xFF, 0xB7, 0xFD, 0xB0, 0x0D, 0x80, 0x6C, 0x03, 0x60, 0x3F, 0xF8, 0x7F, 0xE0,
    0xC0, 0x01, 0x80, 0x03, 0x00, 0x06, 0x00, 0x0F, 0xFC, 0x1F, 0xFC, 0x03, 0x00, 0x06, 0x00, 0x0C,
    0x07, 0xFF, 0xEF, 0xFF, 0xC0, 0x3F, 0xF8, 0x7F, 0xE0, 0xC0, 0x01, 0x80, 0x03, 0xFF, 0x80, 0x60,
    0x3F, 0xFF, 0x7F, 0xFE, 0x00, 0x00, 0x3F, 0xE0, 0xFF, 0xE0, 0x00, 0xC0, 0x01, 0x80, 0x03, 0x00,
    0x3F, 0xF8, 0x7F, 0xE0, 0xC0, 0x01, 0xFF, 0xC0, 0x30, 0x1F, 0xFF, 0xBF, 0xFF, 0x00, 0x00, 0x3F,
    0xF8, 0x00, 0x30, 0x00, 0x61, 0xFF, 0xC3, 0x00, 0x07, 0xFF, 0x00, 0x3F, 0xF8, 0x7F, 0xE0, 0xC0,
    0x01, 0xFF, 0x83, 0xFF, 0x80, 0x60, 0x3F, 0xFF, 0x7F, 0xFE, 0x00, 0x00, 0x3F, 0xE0, 0xE1, 0xE1,
    0x80, 0xC3, 0x83, 0x81, 0xFC, 0x00, 0x00, 0x0C, 0xFE, 0x33, 0xFC, 0xCC, 0x03, 0x30, 0x0C, 0xC0,
    0x33, 0xFC, 0xCF, 0xF3, 0x06, 0x0C, 0x18, 0x37, 0xFE, 0xDF, 0xFB, 0x00, 0x0C, 0x00, 0x30, 0x00,
    0xC0, 0x00, 0x0C, 0xFF, 0x33, 0xF8, 0xCC, 0x03, 0x30, 0x0C, 0xFF, 0x33, 0xFC, 0xC1, 0x83, 0x7F,
    0xED, 0xFF, 0x31, 0x80, 0xC6, 0x02, 0x18, 0x00, 0x7F, 0xF1, 0xFF, 0xC0, 0x00, 0x0C, 0xFF, 0x33,
    0xF8, 0xCC, 0x03, 0x3F, 0x8C, 0xFF, 0x30, 0x60, 0xDF, 0xFB, 0x7F, 0xCC, 0x00, 0x01, 0xFF, 0xC7,
    0xFF, 0x18, 0x0C, 0x7F, 0xF1, 0xFF, 0xC0, 0x00, 0x0C, 0xFF, 0x33, 0xF8, 0xCC, 0x03, 0x3F, 0x8C,
    0xFF, 0x30, 0x60, 0xDF, 0xFB, 0x7F, 0x8C, 0x60, 0x31, 0x80, 0xC7, 0xFF, 0x18, 0x0C, 0x7F, 0xF1,
    0xFF, 0xC0, 0x3F, 0xF0, 0x7F, 0xE0, 0xC0, 0x01, 0x80, 0x03, 0x00, 0x07, 0xFF, 0x0F, 0xFC, 0x7F,
    0xFE, 0xFF, 0xFC, 0x06, 0x00, 0x0C, 0x00, 0x18, 0x00, 0x30, 0x00, 0x60, 0x00, 0x3F, 0xF8, 0x7F,
    0xE0, 0xC0, 0x01, 0xFF, 0xC1, 0xFF, 0x1F, 0xFF, 0xBF, 0xFF, 0x01, 0x80, 0x33, 0x18, 0x60, 0x30,
    0xFF, 0xE1, 0x80, 0xC3, 0xFF, 0x87, 0xFF, 0x00, 0x00, 0x19, 0xFE, 0xCF, 0xE6, 0x60, 0x33, 0x01,
    0x9F, 0xEC, 0xFE, 0x60, 0x03, 0x7F, 0xFB, 0xFE, 0xC1, 0x86, 0x0C, 0x30, 0x61, 0x83, 0x0C, 0x18,
    0x60, 0x3F, 0xE0, 0xFF, 0xC2, 0x00, 0x08, 0x00, 0x20, 0x00, 0x80, 0x07, 0xFF, 0x0F, 0xFC, 0x00,
    0x00, 0x00, 0x00, 0x00, 0x3F, 0xFF, 0xFF, 0xF8, 0x3F, 0xF0, 0xFF, 0x83, 0x00, 0x0C, 0x00, 0x7F,
    0xF0, 0xFF, 0xC0, 0x00, 0x3F, 0xFF, 0x00, 0x00, 0x80, 0x03, 0x00, 0x0C, 0x00, 0x7F, 0xF0, 0xFF,
    0xC0, 0x00, 0x3F, 0xE3, 0xFF, 0x3C, 0x03, 0xC0, 0x3C, 0x03, 0xC0, 0x3C, 0x03, 0xC0, 0x3C, 0x03,
    0xFF, 0xBF, 0xF3, 0x00, 0x30, 0x03, 0x00, 0x30, 0x00, 0x3F, 0xE3, 0xFE, 0x3C, 0x03, 0xC0, 0x3C,
    0x03, 0xC0, 0x3F, 0xFB, 0xF8, 0x30, 0x00, 0x3F, 0xE3, 0x07, 0x60, 0x33, 0xCF, 0x1F, 0xC0, 0x00,
    0x18, 0x06, 0xFB, 0xB7, 0xDD, 0xBC, 0xCD, 0xE6, 0x6F, 0x33, 0xF9, 0x9F, 0xCC, 0xDE, 0x66, 0xFF,
    0xF7, 0xDD, 0xB0, 0x0D, 0x80, 0x6C, 0x02, 0x60, 0x7C, 0xF1, 0xF7, 0xE6, 0x18, 0x18, 0x60, 0x61,
    0x81, 0x86, 0x07, 0xFF, 0x9C, 0x3C, 0x03, 0x00, 0x0C, 0x00, 0x30, 0x3F, 0xFF, 0xFF, 0xFC, 0x00,
    0x1B, 0xDE, 0xDE, 0xF6, 0xC6, 0x36, 0x31, 0xBF, 0xED, 0xEF, 0x60, 0x03, 0xFF, 0xFF, 0xFE, 0xC1,
    0x86, 0x0C, 0x30, 0x61, 0x83, 0x0C, 0x18, 0x60, 0x00, 0x30, 0xFC, 0x63, 0xF8, 0xC0, 0x31, 0x80,
    0x63, 0x00, 0xC6, 0x3F, 0x8F, 0x60, 0x1E, 0xC0, 0x31, 0x80, 0x63, 0xFE, 0xC7, 0xF9, 0x80, 0x03,
    0x00, 0x06, 0x00, 0x0C, 0x00, 0x00, 0x31, 0xFC, 0x61, 0xF8, 0xC0, 0x31, 0x8F, 0xE3, 0xD8, 0x06,
    0x30, 0x0C, 0x7F, 0xD8, 0xFF, 0x30, 0x00, 0x40, 0xFF, 0xC1, 0xFF, 0x80, 0x03, 0x00, 0x06, 0x00,
    0x0C, 0x00, 0x00, 0x31, 0xFC, 0x63, 0xF8, 0xC0, 0x31, 0x8F, 0xE3, 0xD8, 0x06, 0x30, 0x0C, 0x7F,
    0xD8, 0xFC, 0x30, 0x00, 0x00, 0xFF, 0xC1, 0x81, 0x83, 0x03, 0x07, 0xFE, 0x0F, 0xFC, 0x00, 0x00,
    0x18, 0x06, 0xFF, 0x36, 0x19, 0xB0, 0xCD, 0x86, 0x6F, 0xF3, 0xF8, 0x1F, 0xC0, 0xDE, 0x06, 0xFF,
    0xB7, 0xFD, 0xB0, 0x0D, 0x80, 0x6C, 0x03, 0x60, 0x00, 0x33, 0xF1, 0xBF, 0x8C, 0x0C, 0x60, 0x63,
    0x3F, 0x1B, 0xFF, 0xD8, 0x06, 0xC0, 0x36, 0x01, 0xBF, 0xCD, 0xFE, 0x60, 0x03, 0x00, 0x18, 0x00,
    0xC0, 0x00, 0x18, 0x06, 0xFF, 0x36, 0x19, 0xB0, 0xCD, 0x87, 0xEF, 0xFF, 0x78, 0x1B, 0xC0, 0xDE,
    0x06, 0xFF, 0xB7, 0xF9, 0xB0, 0x0D, 0x80, 0x6C, 0x03, 0x60, 0x00, 0x3F, 0xF1, 0xFF, 0x8E, 0x0D,
    0xF0, 0x7F, 0x83, 0x1F, 0xF8, 0xF8, 0x07, 0xC1, 0xFE, 0x01, 0xFF, 0xCF, 0xFE, 0x70, 0x03, 0x80,
    0x1C, 0x00, 0xE0, 0x00, 0x3F, 0xF1, 0xDF, 0xBE, 0x0D, 0xFF, 0xE3, 0xE0, 0xFF, 0x03, 0xFF, 0xE7,
    0xFC, 0x38, 0x01, 0x8F, 0xFE, 0x7F, 0xF0, 0x03, 0x80, 0x1C, 0x00, 0xE0, 0x00, 0x3F, 0xF1, 0xC1,
    0xFE, 0x0D, 0xFF, 0xE3, 0xE0, 0xFF, 0xFC, 0xFF, 0xC7, 0x00, 0x31, 0xFF, 0xC0, 0x0E, 0x7F, 0xF3,
    0x00, 0x18, 0x00, 0xFF, 0xE0, 0x00, 0x3F, 0xF1, 0xDF, 0xFE, 0x0D, 0xFF, 0xE3, 0xE0, 0xFF, 0x00,
    0xFF, 0xE7, 0x00, 0x31, 0x81, 0x8C, 0x0E, 0x7F, 0xF3, 0x03, 0x9F, 0xFC, 0xFF, 0xE0, 0x00, 0x3B,
    0xF8, 0xE7, 0xEF, 0x81, 0xBE, 0xFE, 0x3B, 0x03, 0xEC, 0x0F, 0xBF, 0xCE, 0x78, 0x38, 0x21, 0x01,
    0x86, 0x07, 0x38, 0x1C, 0xE1, 0xDE, 0xEE, 0x79, 0xC0, 0x00, 0x3F, 0xF8, 0x3F, 0xF0, 0x00, 0x60,
    0x00, 0xC3, 0xFF, 0x86, 0x00, 0x0C, 0x00, 0x1F, 0xFC, 0x3F, 0xF8, 0x06, 0x00, 0x0C, 0x07, 0xFF,
    0xEF, 0xFF, 0xC0, 0x3F, 0xF8, 0x00, 0x30, 0xFF, 0xE1, 0x80, 0x03, 0xFF, 0x07, 0xFF, 0x00, 0xC0,
    0x7F, 0xFE, 0xFF, 0xFC, 0x00, 0x00, 0xFF, 0xE0, 0x00, 0xC0, 0x01, 0x80, 0x03, 0x00, 0x3F, 0xF8,
    0x3F, 0xF0, 0x00, 0x60, 0xFF, 0xC3, 0xFF, 0x86, 0x00, 0x0C, 0x00, 0x1F, 0xFC, 0x3F, 0xF8, 0x18,
    0xC0, 0x31, 0x83, 0xFF, 0xF7, 0xFF, 0xC0, 0x3F, 0xF8, 0x3F, 0xF0, 0x00, 0x61, 0xFF, 0xC3, 0x00,
    0x07, 0xFF, 0x0F, 0xFE, 0x00, 0x00, 0xFF, 0xFD, 0xFF, 0xF8, 0x0C, 0x00, 0x18, 0x00, 0x30, 0x00,
    0x60, 0x00, 0x3F, 0xF8, 0x3F, 0xF0, 0x00, 0x61, 0xFF, 0xC3, 0x00, 0x07, 0xFF, 0x0F, 0xFE, 0x00,
    0x00, 0x7F, 0xFC, 0xFF, 0xF8, 0x31, 0x80, 0x63, 0x00, 0xC6, 0x01, 0x8C, 0x00, 0x3F, 0xF8, 0x00,
    0x30, 0xFF, 0xE1, 0x80, 0x03, 0xFF, 0x87, 0xFF, 0x1F, 0xFF, 0x86, 0x30, 0x3F, 0xF8, 0x7F, 0xF0,
    0x00, 0x61, 0xFF, 0xC3, 0x00, 0x07, 0xFF, 0x00, 0x7F, 0xF0, 0xFF, 0xC0, 0x03, 0x00, 0x0C, 0x3F,
    0xF0, 0x80, 0x02, 0x00, 0x1F, 0xFC, 0x3F, 0xF0, 0x00, 0x00, 0x00, 0x3F, 0xFF, 0xFF, 0xF8, 0x3F,
    0xF0, 0x00, 0xC3, 0xFF, 0x0C, 0x00, 0x30, 0x00, 0xFF, 0xC3, 0xFF, 0x3F, 0xFE, 0xFF, 0xFC, 0x80,
    0x03, 0x00, 0x0C, 0x00, 0x3F, 0xF0, 0xFF, 0xC0, 0x3F, 0xF0, 0x00, 0xC3, 0xFF, 0x0C, 0x00, 0x3F,
    0xF0, 0xFF, 0xCF, 0xFF, 0xC0, 0x00, 0x00, 0x01, 0xFF, 0xC0, 0x03, 0x1F, 0xFC, 0x60, 0x01, 0xFF,
    0xC0, 0x3F, 0xF0, 0x00, 0xC3, 0xFF, 0x0C, 0x00, 0x3F, 0xF0, 0xFF, 0xC0, 0x00, 0x3F, 0xFF, 0x00,
    0x00, 0x00, 0x03, 0xFF, 0x0C, 0x0C, 0x3F, 0xF0, 0xFF, 0xC0, 0x00, 0x1B, 0xF8, 0xDF, 0xC6, 0x06,
    0x30, 0x31, 0x81, 0x8D, 0xFC, 0x6C, 0x03, 0x60, 0x1B, 0x00, 0xDF, 0xF6, 0xFF, 0x30, 0x01, 0x80,
    0x0C, 0x00, 0x60, 0x00, 0x3F, 0xE3, 0x7E, 0x30, 0x63, 0xFE, 0x3C, 0x03, 0xC0, 0x3F, 0xFB, 0xFF,
    0x30, 0x00, 0x3F, 0xF3, 0xFF, 0x00, 0x30, 0x03, 0x00, 0x30, 0x00, 0x37, 0xF1, 0x9F, 0x8C, 0x0C,
    0x60, 0x63, 0x7F, 0x1B, 0x00, 0xD8, 0x06, 0xFF, 0xB7, 0xF9, 0x80, 0x0C, 0x60, 0x03, 0x00, 0x18,
    0x00, 0xFF, 0xE0, 0x00, 0x37, 0xF1, 0x9F, 0x8C, 0x0C, 0x6F, 0xE3, 0x60, 0x1B, 0x00, 0xDF, 0xF6,
    0xFE, 0x30, 0x00, 0x07, 0xF8, 0x70, 0xE3, 0x03, 0x1E, 0xF8, 0x7F, 0x80, 0x00, 0x70, 0xFC, 0xE3,
    0xFD, 0xC6, 0x1B, 0x8C, 0x37, 0x18, 0x6E, 0x30, 0xDF, 0x61, 0xBE, 0xC3, 0x71, 0x86, 0xE3, 0xFD,
    0xC3, 0xF3, 0x80, 0x07, 0x00, 0x0E, 0x00, 0x1C, 0x00, 0x00, 0x33, 0xF8, 0xCF, 0xE3, 0x31, 0x8E,
    0xC6, 0x3F, 0x18, 0xCF, 0xE3, 0x3F, 0x8C, 0x00, 0x30, 0xFF, 0xC3, 0xFF, 0x01, 0xC0, 0x0F, 0x80,
    0x77, 0x87, 0x87, 0x80, 0x00, 0x00, 0x18, 0x06, 0xFF, 0x37, 0x99, 0xBC, 0xCD, 0xE6, 0x6F, 0x33,
    0xF9, 0x9F, 0xCC, 0xDE, 0x66, 0xFF, 0x36, 0xF9, 0xB0, 0x0D, 0x80, 0x6C, 0x03, 0x60, 0x00, 0x33,
    0xF1, 0xBF, 0xCD, 0x86, 0x6C, 0x3F, 0x61, 0xFB, 0x0C, 0xDF, 0xE6, 0x7E, 0x30, 0x01, 0x8C, 0x0C,
    0x60, 0x03, 0x00, 0x1F, 0xFC, 0xFF, 0xE0, 0x00, 0x18, 0x06, 0xFF, 0x37, 0x99, 0xBC, 0xCD, 0xE6,
    0x6F, 0x3F, 0x79, 0x9B, 0xCC, 0xDE, 0x66, 0xFF, 0x36, 0xF9, 0xB0, 0x0D, 0x80, 0x6C, 0x03, 0x60,
    0x00, 0x37, 0xF9, 0xBF, 0xCD, 0x87, 0xEC, 0x33, 0x61, 0x9B, 0x0F, 0xDF, 0xFE, 0xFF, 0x30, 0x01,
    0x8C, 0x0C, 0x60, 0x03, 0x00, 0x1F, 0xFC, 0xFF, 0xE0, 0x00, 0x37, 0xF9, 0xBF, 0xFD, 0x87, 0xEC,
    0x33, 0x61, 0xFB, 0x1F, 0xDF, 0xE6, 0x00, 0x30, 0x00, 0x07, 0xF8, 0x70, 0x63, 0x03, 0x1E, 0x78,
    0x3F, 0x80, 0x00, 0x37, 0xF1, 0xBF, 0xFD, 0x8E, 0x6C, 0x63, 0x63, 0xFB, 0xF8, 0xCF, 0xC6, 0x03,
    0x31, 0xFF, 0x8F, 0xFE, 0x06, 0x00, 0x78, 0x0E, 0x70, 0xE1, 0xE0, 0x00, 0x3F, 0xF1, 0xFF, 0xC6,
    0x03, 0x18, 0x0C, 0x60, 0x31, 0x80, 0xC7, 0xFF, 0x1F, 0xFC, 0x03, 0x00, 0x0C, 0x00, 0x30, 0x3F,
    0xFF, 0xFF, 0xFC, 0x3F, 0xF8, 0x60, 0x30, 0xC0, 0x61, 0xFF, 0xC3, 0xFF, 0x80, 0x60, 0x3F, 0xFF,
    0x7F, 0xFE, 0x00, 0x00, 0x3F, 0xE0, 0xFF, 0xE0, 0x00, 0xC0, 0x01, 0x80, 0x03, 0x00, 0x3F, 0xF8,
    0x60, 0x30, 0xC0, 0x61, 0xFF, 0xC3, 0xFF, 0x80, 0x60, 0x3F, 0xFF, 0x7F, 0xFE, 0x00, 0x00, 0x06,
    0x00, 0x0E, 0x00, 0x3E, 0x03, 0xCF, 0x07, 0x07, 0x00, 0x00, 0x00, 0x3F, 0xF8, 0x7F, 0xF0, 0xC0,
    0x61, 0x80, 0xC3, 0xFF, 0x87, 0xFF, 0x00, 0x00, 0x7F, 0xFE, 0xFF, 0xFC, 0x06, 0x00, 0x0C, 0x00,
    0x18, 0x00, 0x30, 0x00, 0x60, 0x00, 0x3F, 0xF8, 0x7F, 0xF0, 0xC0, 0x61, 0x80, 0xC3, 0xFF, 0x80,
    0x00, 0x1F, 0xFF, 0xBF, 0xFF, 0x01, 0x80, 0x63, 0x00, 0xC6, 0x01, 0x80, 0x03, 0xFF, 0x87, 0xFF,
    0x00, 0x00, 0x37, 0xE3, 0xFF, 0x3C, 0x33, 0xC3, 0x3C, 0x33, 0xC3, 0x3C, 0x33, 0xC3, 0x3C, 0x33,
    0xFF, 0x37, 0xE3, 0x00, 0x30, 0x03, 0x00, 0x30, 0x00, 0x37, 0xF9, 0xB0, 0xCD, 0x86, 0x6C, 0x33,
    0x61, 0x9B, 0xFC, 0xC0, 0x06, 0x00, 0x01, 0xFF, 0x80, 0x0C, 0x7F, 0xE3, 0x00, 0x18, 0x00, 0xFF,
    0xE0, 0x00, 0x33, 0xFC, 0xCF, 0xF3, 0x30, 0xCC, 0xC3, 0x33, 0x0C, 0xCF, 0xF3, 0x1F, 0x8C, 0x01,
    0x30, 0xFF, 0xC3, 0xFF, 0x80, 0xE0, 0x07, 0xC0, 0x7B, 0xC3, 0x83, 0x80, 0x00, 0x00, 0x70, 0x84,
    0xE3, 0x0D, 0xC6, 0x1B, 0x8C, 0x37, 0x1F, 0xEE, 0x3F, 0xDF, 0x61, 0xBE, 0xC3, 0x71, 0x86, 0xE3,
    0xFD, 0xC7, 0xFB, 0x80, 0x07, 0x00, 0x0E, 0x00, 0x1C, 0x00, 0x00, 0x33, 0x0C, 0xCC, 0x33, 0x30,
    0xCC, 0xFF, 0x3B, 0x0C, 0xFC, 0x33, 0x3F, 0xCC, 0xFF, 0x30, 0x00, 0xC3, 0x03, 0x0C, 0x00, 0x30,
    0x00, 0xFF, 0xC3, 0xFF, 0x00, 0x00, 0x33, 0x1C, 0xCC, 0x73, 0x3F, 0xCF, 0xFF, 0x3F, 0x1C, 0xCF,
    0xF3, 0x1F, 0x8C, 0x00, 0x31, 0xF7, 0xC0, 0xC3, 0x03, 0x0C, 0x7C, 0x31, 0x80, 0xC7, 0xF3, 0x00,
    0x00, 0x00, 0x33, 0x0C, 0xCC, 0x33, 0x3F, 0xCC, 0xFF, 0x3F, 0x0C, 0xCF, 0xF3, 0x3F, 0xCC, 0x00,
    0x30, 0x00, 0x03, 0xFF, 0x0C, 0x0C, 0x30, 0x30, 0xFF, 0xC3, 0xFF, 0x00, 0x00, 0x33, 0x0C, 0xCC,
    0x33, 0x3F, 0xCC, 0xFF, 0x3F, 0x0C, 0xCC, 0x33, 0x3F, 0xCC, 0x00, 0x30, 0x08, 0x01, 0xFE, 0x0C,
    0x1C, 0x30, 0x30, 0xF7, 0xC1, 0xFC, 0x00, 0x00, 0x1E, 0x66, 0xF3, 0x37, 0x99, 0xBC, 0xCD, 0xFE,
    0x6F, 0xF3, 0xF9, 0x9F, 0xCC, 0xDE, 0x66, 0xFF, 0x36, 0xF9, 0xB0, 0x0D, 0x80, 0x6C, 0x03, 0x60,
    0x00, 0x1E, 0x36, 0xF1, 0xB7, 0xFD, 0xBF, 0xEF, 0xE3, 0x7F, 0x1B, 0x7F, 0xDB, 0x00, 0xD8, 0x00,
    0x0F, 0xFE, 0x3F, 0xF0, 0x01, 0x80, 0x0C, 0x00, 0x60, 0x00, 0x36, 0x19, 0xB0, 0xCD, 0x86, 0x6C,
    0x33, 0x7F, 0x9B, 0xFF, 0xD8, 0x66, 0xC3, 0x36, 0x19, 0xBF, 0xCC, 0xFC, 0x60, 0x03, 0x00, 0x18,
    0x00, 0xC0, 0x00, 0x36, 0x31, 0xB1, 0x8D, 0x8C, 0x6F, 0xFF, 0x63, 0xFB, 0x18, 0xDF, 0xC6, 0xFE,
    0x30, 0x01, 0x80, 0x0C, 0x60, 0x63, 0x00, 0x18, 0x00, 0xFF, 0xE0, 0x00, 0x36, 0x19, 0xB0, 0xCD,
    0xFE, 0x6F, 0xFF, 0x61, 0x9B, 0x1C, 0xDF, 0xE6, 0x00, 0x30, 0x00, 0x0F, 0xFC, 0x60, 0x63, 0x03,
    0x1F, 0xF8, 0xFF, 0xC0, 0x00, 0x33, 0x0C, 0xCC, 0x33, 0x3F, 0xCC, 0xFF, 0xF3, 0x0F, 0xCC, 0x33,
    0x3F, 0xCC, 0x00, 0x30, 0x04, 0xC0, 0x33, 0x00, 0xE0, 0x07, 0xC0, 0xF3, 0xC7, 0x83, 0x80, 0x00,
    0x00, 0x1A, 0x26, 0xF1, 0xB7, 0x8D, 0xBC, 0x6D, 0xFF, 0x6F, 0xFF, 0x78, 0xDB, 0xC6, 0xDE, 0x36,
    0xFF, 0xB6, 0xF9, 0xB0, 0x0D, 0x80, 0x6C, 0x03, 0x60, 0x00, 0x36, 0x19, 0xB0, 0xCD, 0x8F, 0xEF,
    0xF3, 0x63, 0x9B, 0x0F, 0xDF, 0xFE, 0xFF, 0x30, 0x01, 0x80, 0x0C, 0x60, 0x23, 0x00, 0x18, 0x00,
    0xFF, 0xE0, 0x00, 0x36, 0x19, 0xB1, 0xFD, 0xFF, 0xEC, 0x33, 0x61, 0xFB, 0xFC, 0xCF, 0xC6, 0x00,
    0x11, 0xFF, 0x80, 0x0C, 0x7F, 0xE3, 0x00, 0x18, 0x00, 0xFF, 0xE0, 0x00, 0x01, 0x80, 0xC6, 0x03,
    0x18, 0x0C, 0x7F, 0xF1, 0x80, 0xC6, 0x03, 0x1F, 0xFC, 0x7F, 0xF0, 0x0C, 0x00, 0x30, 0x00, 0xC0,
    0xFF, 0xFF, 0xFF, 0xF0, 0x30, 0x18, 0x7F, 0xF0, 0xC0, 0x61, 0x80, 0xC3, 0xFF, 0x87, 0xFF, 0x00,
    0xC0, 0x7F, 0xFE, 0xFF, 0xFC, 0x3F, 0xE0, 0xFF, 0xE0, 0x00, 0xC0, 0x01, 0x80, 0x03, 0x00, 0x30,
    0x18, 0x7F, 0xF0, 0xFF, 0xE1, 0x80, 0xC3, 0xFF, 0x87, 0xFF, 0x00, 0xC0, 0x7F, 0xFE, 0xFF, 0xFC,
    0x60, 0x00, 0xC0, 0x01, 0x80, 0x03, 0xFF, 0x87, 0xFF, 0x00, 0x30, 0x18, 0x60, 0x30, 0xFF, 0xE1,
    0x80, 0xC3, 0x01, 0x87, 0xFF, 0x07, 0xFC, 0x00, 0x00, 0xFF, 0xFD, 0xFF, 0xF8, 0x0C, 0x00, 0x18,
    0x00, 0x30, 0x00, 0x60, 0x00, 0x30, 0x18, 0x7F, 0xF0, 0xC0, 0x61, 0x80, 0xC3, 0xFF, 0x80, 0x00,
    0x3F, 0xFF, 0x7F, 0xFE, 0x03, 0x00, 0x7F, 0xF0, 0xFF, 0xE0, 0x00, 0xC0, 0x01, 0x80, 0x03, 0x00,
    0x30, 0x18, 0x70, 0x30, 0xFF, 0xE1, 0x80, 0xC3, 0xFF, 0x87, 0xFF, 0x00, 0x00, 0x3F, 0xFF, 0x7F,
    0xFE, 0x63, 0x00, 0xC6, 0x01, 0x8C, 0x03, 0xFF, 0x87, 0xFF, 0x00, 0x30, 0x18, 0x7F, 0xF0, 0xC0,
    0x61, 0xFF, 0xC0, 0x00, 0x1F, 0xFF, 0xBF, 0xFF, 0x01, 0x80, 0x3F, 0xF8, 0x7F, 0xF0, 0x00, 0x61,
    0xFF, 0xC3, 0x00, 0x07, 0xFF, 0x00, 0x60, 0x31, 0x80, 0xC7, 0x03, 0x1F, 0xFC, 0x70, 0x31, 0x80,
    0xC7, 0x03, 0x1F, 0xFC, 0x00, 0x00, 0x00, 0x00, 0x00, 0x3F, 0xFF, 0xFF, 0xF8, 0x00, 0x34, 0x23,
    0xC3, 0x3C, 0x33, 0xC3, 0x3F, 0xF3, 0xC3, 0x3C, 0x33, 0xC3, 0x3C, 0x33, 0xFF, 0x3F, 0xF3, 0x00,
    0x30, 0x03, 0x00, 0x30, 0x00, 0x36, 0x19, 0xB0, 0xCD, 0xFE, 0x6F, 0xF3, 0x61, 0x9B, 0x0C, 0xDF,
    0xE6, 0xFF, 0x30, 0x01, 0x8C, 0x0C, 0x60, 0x03, 0x00, 0x1F, 0xFC, 0xFF, 0xE0, 0x00, 0x33, 0x0C,
    0xCC, 0x33, 0x3F, 0xCC, 0xC3, 0x33, 0x0C, 0xCF, 0xF3, 0x1F, 0x8C, 0x01, 0x30, 0x0C, 0x03, 0xFF,
    0x8F, 0xFE, 0x03, 0x80, 0x3F, 0x03, 0xC7, 0x8C, 0x06, 0x00, 0x18, 0x00, 0x31, 0xAD, 0x63, 0x5A,
    0xC6, 0xB5, 0x8F, 0x7B, 0x1E, 0xF7, 0xB5, 0xAE, 0x6B, 0x58, 0xD6, 0xB1, 0xEF, 0x63, 0xDE, 0xC0,
    0x01, 0x80, 0x03, 0x00, 0x06, 0x00, 0x00, 0x18, 0x04, 0x18, 0x0C, 0x18, 0x0C, 0x18, 0x0E, 0x18,
    0x0E, 0x18, 0x0E, 0x1E, 0x0E, 0x1E, 0x1B, 0x18, 0x33, 0x98, 0x71, 0xD8, 0x60, 0x18, 0x00, 0x18,
    0x00, 0x18, 0x00, 0x18, 0x00, 0x18, 0x18, 0x30, 0x30, 0x60, 0x70, 0xC0, 0xE1, 0xE3, 0xE3, 0xCE,
    0xE6, 0x38, 0xEC, 0x40, 0x18, 0x00, 0x00, 0x7F, 0xE0, 0xFF, 0xC0, 0x01, 0x80, 0x03, 0x00, 0x06,
    0x00, 0x00, 0x18, 0x18, 0x30, 0x30, 0x60, 0x60, 0xC0, 0xC1, 0x81, 0xC3, 0xC7, 0xC6, 0x1D, 0xCC,
    0x71, 0x98, 0x00, 0x30, 0x40, 0x60, 0xC0, 0x01, 0x80, 0x03, 0x00, 0x07, 0xFE, 0x00, 0x00, 0x18,
    0x18, 0x30, 0x30, 0x60, 0x60, 0xC0, 0xE1, 0xE3, 0xC3, 0x0E, 0xE6, 0x38, 0xEC, 0x60, 0x18, 0x00,
    0x00, 0x3F, 0xC0, 0xE1, 0xC1, 0x81, 0x83, 0xCF, 0x03, 0xFC, 0x00, 0x00, 0x0C, 0x01, 0xB0, 0x86,
    0xC2, 0x1B, 0x08, 0x6C, 0x71, 0xB1, 0xC7, 0xC7, 0x1F, 0x3E, 0x6C, 0xDD, 0xB6, 0x3E, 0xD0, 0x1B,
    0x00, 0x6C, 0x01, 0xB0, 0x04, 0xC0, 0x00, 0x0C, 0x31, 0xB0, 0xC6, 0xC3, 0x1B, 0x1C, 0x7C, 0x71,
    0xF3, 0x76, 0xDC, 0xDB, 0x40, 0x6C, 0x00, 0x01, 0xFF, 0xC3, 0xFF, 0x00, 0x0C, 0x00, 0x30, 0x00,
    0xC0, 0x00, 0x0C, 0x23, 0x31, 0x8C, 0xC6, 0x33, 0x1C, 0xFC, 0x73, 0xF3, 0xEC, 0xD9, 0xF3, 0x40,
    0xCC, 0x00, 0x30, 0x7F, 0x87, 0x07, 0x18, 0x0C, 0x70, 0x70, 0x7F, 0x00, 0x00, 0x18, 0x0C, 0x18,
    0x0C, 0x1E, 0x0E, 0x1E, 0x0E, 0x18, 0x1F, 0x18, 0x1B, 0x9E, 0x71, 0xDE, 0x60, 0x18, 0x00, 0x98,
    0x01, 0x80, 0x01, 0xC0, 0x03, 0xE0, 0x0E, 0x78, 0x3C, 0x1C, 0x00, 0x00, 0x00, 0x0C, 0x10, 0x30,
    0xC0, 0xC3, 0x03, 0x0E, 0x0C, 0x39, 0xF0, 0xE7, 0xC3, 0x83, 0x1B, 0x0C, 0xE6, 0x37, 0x0C, 0xD8,
    0x13, 0x00, 0x0C, 0x00, 0x30, 0x00, 0xC0, 0x00, 0x18, 0xC0, 0xC6, 0x06, 0x3B, 0xF1, 0xCF, 0x9F,
    0x0D, 0xDC, 0x7C, 0x73, 0x40, 0x18, 0x00, 0x0F, 0xFE, 0x00, 0x30, 0x01, 0x80, 0x0C, 0x00, 0x60,
    0x00, 0x18, 0x10, 0x60, 0xC1, 0x83, 0x1E, 0x0E, 0xF8, 0x38, 0x61, 0xF1, 0x8E, 0xE6, 0x71, 0x99,
    0x00, 0x60, 0x81, 0x86, 0x02, 0x18, 0x00, 0x60, 0x01, 0xFF, 0xC0, 0x00, 0x18, 0x30, 0x60, 0xC1,
    0x83, 0xBE, 0x0E, 0x18, 0x7C, 0x67, 0x39, 0x98, 0x26, 0x0F, 0xF8, 0x7F, 0xE0, 0x01, 0x87, 0xFE,
    0x18, 0x00, 0x60, 0x01, 0xFF, 0xC0, 0x00, 0x1C, 0x30, 0x70, 0xC1, 0xC3, 0x3F, 0x0E, 0x7C, 0x78,
    0x73, 0xB9, 0xDC, 0x67, 0x60, 0x1C, 0x00, 0x00, 0xFF, 0x87, 0x06, 0x18, 0x1C, 0x79, 0xE0, 0x7F,
    0x00, 0x00, 0x0C, 0x01, 0xB0, 0x86, 0xC2, 0x1B, 0x08, 0x6C, 0x77, 0xB1, 0xDE, 0xC7, 0x1B, 0x1C,
    0x6C, 0xD9, 0xB7, 0x36, 0xD8, 0x5B, 0x00, 0x6C, 0x01, 0xB0, 0x06, 0xC0, 0x00, 0x0C, 0x21, 0xB0,
    0x86, 0xC7, 0x7B, 0x1D, 0xEC, 0x71, 0xB3, 0x66, 0xDC, 0xDB, 0x40, 0x6C, 0x00, 0x01, 0xFF, 0xC3,
    0xFF, 0x00, 0x0C, 0x00, 0x30, 0x00, 0xC0, 0x00, 0x0C, 0x10, 0xD8, 0x21, 0xB0, 0x6F, 0x61, 0xDE,
    0xC3, 0x8D, 0x8F, 0x9B, 0x3B, 0xB6, 0x61, 0x6C, 0x00, 0x18, 0x03, 0x00, 0x0E, 0x00, 0x3E, 0x01,
    0xE7, 0x87, 0x07, 0x00, 0x00, 0x00, 0x18, 0x30, 0x60, 0xCF, 0x83, 0x1E, 0x0E, 0x18, 0x39, 0xE1,
    0xEF, 0x8E, 0xC6, 0x71, 0x99, 0x00, 0x60, 0x01, 0x86, 0x06, 0x18, 0x00, 0x60, 0x01, 0xFF, 0xC0,
    0x03, 0x00, 0x0C, 0x00, 0x30, 0x01, 0xE0, 0x0F, 0xC0, 0x73, 0x87, 0x87, 0x98, 0xC6, 0x03, 0x00,
    0x0C, 0x00, 0x30, 0x3F, 0xFF, 0xFF, 0xFC, 0x03, 0x00, 0x1C, 0x00, 0xF8, 0x1F, 0x3C, 0x73, 0x38,
    0x0C, 0x0F, 0xFF, 0xFF, 0xFF, 0x00, 0x00, 0xFF, 0xC7, 0xFF, 0x00, 0x0C, 0x00, 0x30, 0x00, 0xC0,
    0x03, 0x00, 0x06, 0x00, 0x1E, 0x00, 0x77, 0x07, 0x87, 0x84, 0x63, 0x00, 0xC0, 0x7F, 0xFE, 0xFF,
    0xFC, 0x60, 0x00, 0xC0, 0x01, 0x80, 0x03, 0xFF, 0x87, 0xFF, 0x00, 0x03, 0x00, 0x07, 0x00, 0x1F,
    0x01, 0xE7, 0xC7, 0x33, 0x80, 0x60, 0x3F, 0xFF, 0x7F, 0xFE, 0x00, 0x00, 0x1F, 0xC0, 0xE0, 0xE1,
    0x80, 0xC3, 0x83, 0x81, 0xFC, 0x00, 0x03, 0x00, 0x0C, 0x00, 0x78, 0x03, 0xF0, 0x78, 0x79, 0x80,
    0x60, 0x00, 0x3F, 0xFF, 0xFF, 0xFC, 0x0C, 0x00, 0x30, 0x00, 0xC0, 0x03, 0x00, 0x0C, 0x00, 0x03,
    0x00, 0x06, 0x00, 0x1E, 0x00, 0xE7, 0x87, 0x83, 0x80, 0x00, 0x3F, 0xFF, 0x7F, 0xFE, 0x03, 0x00,
    0x7F, 0xF0, 0xFF, 0xE1, 0x80, 0xC3, 0xFF, 0x87, 0xFF, 0x00, 0x03, 0x00, 0x0C, 0x00, 0x70, 0x01,
    0xC0, 0x0D, 0x80, 0x73, 0x87, 0x87, 0x98, 0x0E, 0x00, 0x00, 0x00, 0x00, 0x00, 0x3F, 0xFF, 0xFF,
    0xF8, 0x03, 0x00, 0x1C, 0x00, 0xF8, 0x0F, 0x38, 0x70, 0x78, 0x00, 0x0F, 0xFF, 0xC0, 0x00, 0x20,
    0x31, 0xC0, 0xC7, 0xFF, 0x1C, 0x0C, 0x7F, 0xF1, 0xFF, 0xC0, 0x00, 0x18, 0x20, 0xC1, 0x86, 0x0C,
    0x30, 0xE1, 0x87, 0x0C, 0x38, 0x61, 0xC3, 0x1B, 0x19, 0xCC, 0xDC, 0x76, 0xC0, 0x30, 0x01, 0x80,
    0x0C, 0x00, 0x60, 0x00, 0x18, 0x60, 0xC3, 0x06, 0x1C, 0x30, 0xE1, 0x8F, 0x8C, 0xEE, 0x6E, 0x3B,
    0x40, 0x18, 0x00, 0x07, 0xFE, 0x3F, 0xF0, 0x01, 0x80, 0x0C, 0x00, 0x60, 0x00, 0x18, 0x30, 0x60,
    0xC1, 0x83, 0x86, 0x0E, 0x18, 0x7C, 0x63, 0xB9, 0x9C, 0x76, 0x40, 0x18, 0x00, 0x61, 0x81, 0x86,
    0x00, 0x18, 0x00, 0x7F, 0xF1, 0xFF, 0xC0, 0x00, 0x18, 0x30, 0x60, 0xC1, 0x83, 0x86, 0x0E, 0x18,
    0xEC, 0x67, 0x1D, 0x90, 0x06, 0x1F, 0xF8, 0x7F, 0xE0, 0x01, 0x87, 0xFE, 0x18, 0x00, 0x60, 0x01,
    0xFF, 0xC0, 0x00, 0x18, 0x30, 0x60, 0xC1, 0x83, 0x86, 0x0E, 0x18, 0x7C, 0x63, 0xB9, 0x9C, 0x76,
    0x00, 0x18, 0x00, 0x00, 0xFF, 0x07, 0x0E, 0x18, 0x18, 0x7F, 0xE0, 0x7F, 0x00, 0x10, 0x60, 0x61,
    0x81, 0x86, 0x0E, 0x38, 0x38, 0xE1, 0xF7, 0xCE, 0xF9, 0xB1, 0xC2, 0x00, 0x00, 0x00, 0x00, 0x00,
    0x3F, 0xFF, 0xFF, 0xF8, 0x00, 0x30, 0x30, 0x61, 0xF8, 0xC3, 0x31, 0x8C, 0x33, 0x18, 0x66, 0x30,
    0xCF, 0x61, 0x9E, 0xC3, 0x31, 0xCE, 0x61, 0xF8, 0xC1, 0xE1, 0x80, 0x03, 0x00, 0x06, 0x00, 0x0C,
    0x00, 0x00, 0x30, 0x78, 0x61, 0xF8, 0xC6, 0x19, 0x8C, 0x33, 0x18, 0x67, 0xB0, 0xCC, 0x3F, 0x18,
    0x3C, 0x30, 0x00, 0x60, 0xC0, 0xC1, 0x80, 0x03, 0x00, 0x07, 0xFE, 0x0F, 0xFC, 0x00, 0x00, 0x30,
    0xF0, 0xC7, 0xE3, 0x30, 0xCE, 0xC3, 0x3F, 0x0C, 0xC6, 0x63, 0x0F, 0x0C, 0x00, 0xC1, 0x9F, 0xE6,
    0x0C, 0x18, 0x78, 0x63, 0x31, 0xFC, 0xC7, 0xDE, 0x00, 0x00, 0x00, 0x30, 0xF0, 0xC7, 0xE3, 0x30,
    0xCC, 0xC3, 0x3F, 0x0C, 0xCE, 0x73, 0x1F, 0x8C, 0x00, 0x30, 0x7F, 0x83, 0xFF, 0x0C, 0x0C, 0x30,
    0x30, 0xFF, 0xC3, 0xFF, 0x00, 0x00, 0x30, 0x78, 0x61, 0xF8, 0xC6, 0x19, 0xEC, 0x33, 0xD8, 0x66,
    0x39, 0xCC, 0x3F, 0x18, 0x00, 0x30, 0x10, 0x80, 0x61, 0x80, 0xE7, 0x03, 0xCF, 0x0E, 0xF7, 0x19,
    0xC6, 0x00, 0x00, 0x00, 0x18, 0x43, 0x67, 0xCD, 0xB1, 0xB6, 0xC6, 0xFB, 0x1B, 0xEC, 0x6D, 0x9F,
    0x36, 0x38, 0xD8, 0x03, 0x61, 0x0D, 0x86, 0x06, 0x18, 0x00, 0x60, 0x01, 0xFF, 0x80, 0x00, 0x19,
    0xF3, 0x6F, 0xED, 0xB1, 0xBE, 0xC6, 0xFB, 0x1B, 0x67, 0xCD, 0x80, 0x36, 0x00, 0x18, 0x7F, 0xE0,
    0x01, 0x87, 0xFE, 0x18, 0x00, 0x60, 0x03, 0xFF, 0x80, 0x00, 0x30, 0x30, 0x61, 0xF8, 0xC3, 0x31,
    0x8C, 0x33, 0xD8, 0x66, 0x30, 0xCC, 0x61, 0x98, 0xC3, 0x3D, 0xCE, 0x79, 0xF8, 0xC1, 0xE1, 0x80,
    0x03, 0x00, 0x06, 0x00, 0x0C, 0x00, 0x00, 0x30, 0xF0, 0xC7, 0xE3, 0xF0, 0xCC, 0xC3, 0x33, 0x0C,
    0xF7, 0xE3, 0x8F, 0x0C, 0x01, 0x21, 0xF4, 0xC0, 0xDF, 0x1F, 0x7C, 0x61, 0x31, 0x96, 0xC7, 0xFF,
    0x00, 0x00, 0x30, 0xF0, 0xC7, 0xE3, 0xF0, 0xCE, 0xC3, 0x33, 0x0C, 0xFE, 0x73, 0xDF, 0x8C, 0x00,
    0x30, 0x0C, 0x01, 0xFE, 0x0C, 0x1C, 0x30, 0x30, 0xF7, 0xC1, 0xFC, 0x00, 0x00, 0x18, 0xC0, 0xDF,
    0x86, 0xCC, 0x3C, 0x31, 0xE1, 0x8F, 0x0F, 0xF8, 0x63, 0xC3, 0x1F, 0x38, 0xDF, 0x86, 0x78, 0x30,
    0x01, 0x80, 0x0C, 0x00, 0x60, 0x00, 0x19, 0xE0, 0xDF, 0x87, 0x86, 0x3C, 0x3F, 0xE1, 0xFF, 0x9C,
    0x6F, 0xC3, 0x18, 0x18, 0x00, 0xC4, 0x06, 0x20, 0x01, 0x00, 0x1F, 0xFC, 0x7F, 0xE0, 0x00, 0x19,
    0xE0, 0xFF, 0xC7, 0x87, 0xFC, 0x3F, 0xF3, 0x8D, 0xF8, 0x63, 0x03, 0x1F, 0xF1, 0xFF, 0xC0, 0x06,
    0x3F, 0xF1, 0x80, 0x08, 0x00, 0xFF, 0xE0, 0x00, 0x19, 0xE0, 0xDF, 0x87, 0x86, 0x3C, 0x3F, 0xE1,
    0x8D, 0xF8, 0x67, 0x83, 0x00, 0x11, 0x80, 0xCE, 0x06, 0x7F, 0xF3, 0x01, 0x9F, 0xFC, 0xFF, 0xE0,
    0x00, 0x18, 0xF0, 0x67, 0xE1, 0xB0, 0xFE, 0xC3, 0xFB, 0x0C, 0x67, 0xE1, 0x8F, 0x06, 0x00, 0x00,
    0x98, 0x83, 0x67, 0x0F, 0x9C, 0x26, 0x70, 0xDF, 0x73, 0xF8, 0xC0, 0x00, 0x00, 0x18, 0xF0, 0x67,
    0xE1, 0xB0, 0xC6, 0xC3, 0xFB, 0x0C, 0x6E, 0x71, 0x9F, 0x86, 0x00, 0x10, 0x20, 0x81, 0x86, 0x07,
    0x1C, 0x1C, 0xF1, 0xDF, 0x66, 0x38, 0xC0, 0x00, 0x00, 0x19, 0xC6, 0xDF, 0x37, 0xD9, 0xBC, 0x6D,
    0xE3, 0x6F, 0x1F, 0x78, 0xDB, 0xC6, 0xDE, 0x66, 0xDF, 0x36, 0x71, 0xB0, 0x0D, 0x80, 0x6C, 0x03,
    0x60, 0x00, 0x39, 0xE1, 0xDF, 0x8E, 0xCF, 0xFC, 0x3F, 0xE1, 0x9F, 0x0C, 0xF8, 0x67, 0xC3, 0xFF,
    0x1F, 0xDF, 0x8E, 0x78, 0x70, 0x03, 0x80, 0x1C, 0x00, 0xE0, 0x00, 0x19, 0xE0, 0xDF, 0xFF, 0x87,
    0xFC, 0x31, 0xE1, 0x8F, 0x9F, 0xEF, 0xC3, 0x18, 0x18, 0x00, 0x0F, 0xFE, 0x00, 0x30, 0x01, 0x80,
    0x0C, 0x00, 0x60, 0x00, 0x19, 0xE0, 0xDF, 0xFF, 0xCF, 0xFC, 0x31, 0xE1, 0x8F, 0x0F, 0xEF, 0xFF,
    0x3C, 0x18, 0x00, 0xC4, 0x06, 0x20, 0x01, 0x00, 0x1F, 0xFC, 0x7F, 0xE0, 0x00, 0x39, 0xE1, 0xFF,
    0xFF, 0x86, 0x7C, 0x33, 0xF3, 0xFD, 0xF8, 0xE3, 0x06, 0x1F, 0xF0, 0xFF, 0xC0, 0x0E, 0x3F, 0xF1,
    0x80, 0x0C, 0x00, 0x7F, 0xE0, 0x00, 0x19, 0xE0, 0xDF, 0xFF, 0x87, 0xFC, 0x31, 0xE1, 0xFD, 0xFF,
    0xE7, 0x83, 0x00, 0x18, 0xC0, 0xC6, 0x06, 0x3F, 0xF1, 0x81, 0x8F, 0xFC, 0x7F, 0xE0, 0x00, 0x18,
    0x06, 0xDE, 0x36, 0xD9, 0xBC, 0x7D, 0xE3, 0x6F, 0x1B, 0x78, 0xDB, 0xC7, 0xDE, 0x7E, 0xDF, 0x36,
    0x71, 0xB0, 0x0D, 0x80, 0x6C, 0x03, 0x60, 0x1F, 0xC0, 0xFF, 0x87, 0x07, 0x18, 0x0C, 0x60, 0x31,
    0xC1, 0xC3, 0xFE, 0x07, 0xF0, 0x03, 0x00, 0x0C, 0x00, 0x30, 0x3F, 0xFF, 0xFF, 0xFC, 0x3F, 0xE1,
    0xC1, 0xC6, 0x03, 0x0F, 0xF8, 0x03, 0x03, 0xFF, 0xFF, 0xFF, 0xC0, 0x00, 0x7F, 0xF0, 0x00, 0xC0,
    0x03, 0x1F, 0xFC, 0x60, 0x01, 0xFF, 0xC0, 0x00, 0x18, 0x3E, 0x30, 0xFE, 0x63, 0x8E, 0xC6, 0x0D,
    0x8C, 0x1B, 0x1C, 0x77, 0x9F, 0xCF, 0x0E, 0x18, 0x18, 0x30, 0x30, 0x63, 0xFF, 0xC7, 0xE1, 0x80,
    0x03, 0x00, 0x06, 0x00, 0x00, 0x18, 0x3E, 0x30, 0xCE, 0x63, 0x0C, 0xC6, 0x19, 0x87, 0xF3, 0xC7,
    0xC7, 0x86, 0x0C, 0x7F, 0xD8, 0xFE, 0x30, 0x40, 0x61, 0x80, 0xC3, 0x00, 0x07, 0xFF, 0x0F, 0xFE,
    0x00, 0x00, 0x19, 0xF0, 0xDF, 0xC6, 0xC3, 0x36, 0x19, 0xBF, 0x8C, 0xF8, 0x61, 0x83, 0xFF, 0xDF,
    0xF8, 0xCC, 0x06, 0x60, 0x23, 0x00, 0x1F, 0xFC, 0xFF, 0xE0, 0x0F, 0xE0, 0x3D, 0xE0, 0xE0, 0x61,
    0x80, 0xC3, 0x01, 0x87, 0x03, 0x07, 0xBC, 0x07, 0xF0, 0x0C, 0x60, 0x18, 0xC0, 0x31, 0x83, 0xFF,
    0xE7, 0xFF, 0xC0, 0x0F, 0xE0, 0x7D, 0xF0, 0xC0, 0x61, 0xC1, 0xC0, 0xFE, 0x01, 0x8C, 0x1F, 0xFF,
    0x3F, 0xFE, 0x00, 0x00, 0x1F, 0xC0, 0x60, 0xC1, 0x80, 0xC1, 0x83, 0x01, 0xFC, 0x00, 0x1F, 0xC0,
    0xFF, 0x86, 0x03, 0x18, 0x0C, 0x70, 0x70, 0xFF, 0x80, 0x20, 0x3F, 0xFF, 0xFF, 0xFC, 0x0C, 0x00,
    0x30, 0x00, 0xC0, 0x03, 0x00, 0x0C, 0x00, 0x0F, 0xE0, 0x7F, 0xE0, 0xC0, 0x61, 0xC1, 0xC1, 0xFF,
    0x00, 0x20, 0x1F, 0xFF, 0xBF, 0xFF, 0x01, 0x80, 0x63, 0x00, 0xC6, 0x01, 0x80, 0x03, 0xFF, 0x87,
    0xFF, 0x00, 0x3F, 0xE1, 0xC1, 0xC7, 0x03, 0x0F, 0xF8, 0x00, 0x03, 0xFF, 0xFF, 0xFF, 0xC0, 0xC0,
    0x7F, 0xF0, 0xFF, 0xC0, 0x03, 0x1F, 0xFC, 0x60, 0x01, 0xFF, 0xC0, 0x1F, 0xC1, 0xC1, 0xC6, 0x03,
    0x1F, 0x7C, 0x1F, 0xC3, 0xFF, 0xFF, 0xFF, 0xC0, 0xC0, 0x03, 0x00, 0x0C, 0x00, 0x30, 0x03, 0xE0,
    0x7C, 0xF1, 0xC0, 0xC0, 0x00, 0x0C, 0x3E, 0x18, 0xE6, 0x31, 0x86, 0x63, 0x0C, 0xC7, 0xF1, 0x87,
    0xC3, 0x00, 0x06, 0x7F, 0xEC, 0xFF, 0x98, 0x18, 0x30, 0x33, 0xE0, 0x60, 0xC0, 0xC1, 0x81, 0x83,
    0x00, 0x00, 0x0C, 0x3F, 0x18, 0xE7, 0x31, 0x86, 0x63, 0x9C, 0xC3, 0xF1, 0x80, 0x03, 0x3F, 0xF6,
    0x76, 0x0C, 0x0C, 0xF8, 0x78, 0x30, 0xC0, 0x61, 0x80, 0x03, 0xFF, 0x87, 0xFF, 0x00, 0x00, 0x0C,
    0x7E, 0x33, 0x1C, 0xCC, 0x73, 0x1F, 0x8C, 0x0F, 0xB7, 0xFC, 0xC1, 0x9F, 0x06, 0x0C, 0x00, 0x01,
    0xFF, 0xC0, 0x03, 0x1F, 0xFC, 0x60, 0x01, 0xFF, 0xC0, 0x00, 0x0C, 0x79, 0xB3, 0x76, 0xD8, 0xDB,
    0x63, 0x6C, 0xDD, 0xB1, 0xE6, 0xC0, 0xDB, 0x7F, 0x6C, 0x31, 0xB0, 0xFE, 0xC3, 0x1B, 0x0C, 0x6C,
    0x31, 0xB0, 0x02, 0xC0, 0x00, 0x0C, 0xF9, 0xB7, 0x36, 0xD8, 0xDB, 0x3E, 0x6C, 0x05, 0xB7, 0xFE,
    0xDF, 0x1B, 0x0D, 0xEC, 0x20, 0x31, 0x80, 0xC7, 0xFF, 0x18, 0x1C, 0x7F, 0xF1, 0xFF, 0xC0, 0x00,
    0x0C, 0x3C, 0x33, 0xFC, 0xCC, 0x33, 0x30, 0xCC, 0xE7, 0x31, 0xF8, 0xC0, 0x03, 0x7F, 0xED, 0xFF,
    0x30, 0x60, 0xC1, 0x83, 0x06, 0x0C, 0x18, 0x30, 0x60, 0xC0, 0x0F, 0xE0, 0x3F, 0xE0, 0xC0, 0x61,
    0x80, 0xC3, 0x83, 0x83, 0xFE, 0x00, 0x40, 0x3F, 0xFE, 0x7F, 0xFE, 0x18, 0xC0, 0x31, 0x80, 0x63,
    0x00, 0xC6, 0x01, 0x8C, 0x00, 0x0F, 0xC0, 0xFF, 0x83, 0x03, 0x18, 0x06, 0x60, 0x19, 0xC0, 0xC3,
    0x87, 0x07, 0xF8, 0x03, 0x00, 0x00, 0x00, 0x00, 0x3F, 0xFF, 0xFF, 0xF8, 0x1F, 0xC0, 0xFF, 0xC7,
    0x03, 0x1C, 0x0C, 0x3F, 0xF0, 0x7F, 0x00, 0x00, 0x3F, 0xFF, 0xFF, 0xF8, 0x80, 0x03, 0x00, 0x0C,
    0x00, 0x3F, 0xF0, 0xFF, 0xC0, 0x1F, 0xE1, 0xC1, 0xC7, 0x03, 0x0F, 0xF8, 0x00, 0x03, 0xFF, 0xEF,
    0xFF, 0xC0, 0x00, 0x7F, 0xF0, 0x00, 0xC0, 0x03, 0x1F, 0xFC, 0x60, 0x01, 0xFF, 0xC0, 0x1F, 0xE0,
    0xF7, 0xC6, 0x03, 0x0C, 0x1C, 0x1F, 0xE0, 0x00, 0x0F, 0xFF, 0xBF, 0xFF, 0x00, 0x00, 0xFF, 0xC3,
    0xFF, 0x08, 0x0C, 0x3F, 0xF0, 0xFF, 0xC0, 0x00, 0x18, 0xF8, 0xCF, 0xE6, 0xE3, 0xB6, 0x0D, 0xB0,
    0x6C, 0xC7, 0x67, 0xF3, 0x0E, 0x18, 0x00, 0xDF, 0xFF, 0xFF, 0xB0, 0x01, 0x80, 0x0C, 0x00, 0x60,
    0x00, 0x31, 0x83, 0x7E, 0x36, 0x63, 0xC3, 0x3C, 0x33, 0xC3, 0x3C, 0x33, 0xC3, 0x36, 0x73, 0x7E,
    0x33, 0xC3, 0x00, 0x30, 0x03, 0x00, 0x30, 0x00, 0x31, 0xE1, 0x9F, 0x8D, 0x86, 0x6C, 0x33, 0x61,
    0x9B, 0x0C, 0xCF, 0xC6, 0x3C, 0x30, 0x01, 0x8C, 0x0C, 0x60, 0x03, 0x00, 0x1F, 0xFC, 0xFF, 0xE0,
    0x00, 0x31, 0xE1, 0xBF, 0xCD, 0x86, 0x6C, 0x33, 0x73, 0x99, 0xF8, 0xC3, 0x06, 0x1F, 0xF1, 0xFF,
    0x80, 0x0C, 0x7F, 0xE3, 0x00, 0x18, 0x00, 0xFF, 0xE0, 0x00, 0x33, 0xC3, 0x7E, 0x3C, 0x33, 0xC3,
    0x3C, 0x33, 0x7E, 0x33, 0xC3, 0x3C, 0xF3, 0xFF, 0x06, 0x33, 0xE3, 0x30, 0x32, 0x03, 0x3F, 0x30,
    0x00, 0x00, 0x33, 0xC3, 0x7E, 0x3C, 0x33, 0xC3, 0x3C, 0x33, 0xFF, 0x33, 0xC3, 0x00, 0x31, 0xFF,
    0x3F, 0xF3, 0x03, 0x30, 0x33, 0xFF, 0x3F, 0xF0, 0x00, 0x33, 0xC3, 0x7E, 0x3C, 0x33, 0xC3, 0x3C,
    0x33, 0x7E, 0x33, 0xC3, 0x00, 0x03, 0x03, 0x30, 0x33, 0xFF, 0x30, 0x33, 0xFF, 0x3F, 0xF0, 0x00,
    0x30, 0xF0, 0xC7, 0xE3, 0x30, 0xCC, 0xC3, 0x33, 0x0C, 0xCE, 0x73, 0x1F, 0x8C, 0x00, 0x30, 0x21,
    0x01, 0x86, 0x07, 0x38, 0x3C, 0xF1, 0xDE, 0xE6, 0x31, 0x80, 0x00, 0x00, 0x18, 0x7F, 0x98, 0x7F,
    0xD8, 0x0C, 0x18, 0x0C, 0x18, 0x0E, 0x18, 0x0E, 0x1E, 0x0E, 0x1E, 0x1B, 0x18, 0x3B, 0x98, 0x71,
    0xD8, 0x60, 0x98, 0x00, 0x18, 0x00, 0x18, 0x00, 0x18, 0x00, 0x18, 0xFF, 0x31, 0xFE, 0x60, 0x70,
    0xC0, 0xE1, 0xE1, 0xC3, 0xC6, 0xC6, 0x38, 0xEC, 0x60, 0x98, 0x00, 0x00, 0x7F, 0xE0, 0xFF, 0xC0,
    0x01, 0x80, 0x03, 0x00, 0x06, 0x00, 0x00, 0x18, 0x7F, 0x98, 0x0C, 0x18, 0x0C, 0x1E, 0x0E, 0x1E,
    0x1B, 0x18, 0x73, 0x98, 0x60, 0x98, 0x00, 0x18, 0x1F, 0xF8, 0x00, 0x18, 0x1F, 0xF8, 0x18, 0x00,
    0x18, 0x00, 0x1F, 0xFC, 0x00, 0x18, 0xFF, 0x31, 0xFE, 0x60, 0x60, 0xC0, 0xE1, 0xE3, 0xC3, 0x0E,
    0xC6, 0x38, 0xEC, 0x60, 0x98, 0x00, 0x00, 0x7F, 0xE0, 0xC0, 0xC1, 0x81, 0x83, 0xFF, 0x07, 0xFE,
    0x00, 0x00, 0x18, 0xFF, 0x31, 0xFE, 0x60, 0x60, 0xC0, 0xE1, 0xE1, 0xC3, 0x06, 0xC6, 0x38, 0xEC,
    0x60, 0x98, 0x03, 0x00, 0x3F, 0xC0, 0xE1, 0xC1, 0x81, 0x83, 0xCF, 0x01, 0xF8, 0x00, 0x00, 0x0D,
    0xFD, 0xB7, 0xF6, 0xC2, 0x1B, 0x0C, 0x6C, 0x71, 0xB1, 0xC7, 0xC7, 0x1F, 0x1E, 0x6C, 0xDD, 0xB6,
    0x3E, 0xD8, 0x5B, 0x00, 0x6C, 0x01, 0xB0, 0x06, 0xC0, 0x00, 0x0C, 0x7F, 0x99, 0xFF, 0x30, 0x60,
    0x60, 0xE0, 0xC1, 0xCF, 0x83, 0x9F, 0x07, 0x06, 0x1B, 0x0C, 0x73, 0x19, 0xC7, 0x33, 0x02, 0x60,
    0x00, 0xC0, 0x01, 0x80, 0x03, 0x00, 0x00, 0x0D, 0xFF, 0x37, 0xFC, 0xC3, 0x03, 0x0E, 0x7C, 0x38,
    0xF1, 0xB8, 0xDC, 0x73, 0x60, 0x8C, 0x00, 0x01, 0xFF, 0xC3, 0xFF, 0x00, 0x0C, 0x00, 0x30, 0x00,
    0xC0, 0x00, 0x19, 0xFE, 0x67, 0xF9, 0x83, 0x06, 0x0E, 0xF8, 0x39, 0xE1, 0xF1, 0x8E, 0xE6, 0x71,
    0x99, 0x00, 0x60, 0x01, 0x86, 0x00, 0x18, 0x00, 0x60, 0x01, 0xFF, 0xC0, 0x00, 0x19, 0xFE, 0x60,
    0xC1, 0x83, 0x9E, 0x0E, 0xF8, 0x7C, 0x63, 0x39, 0x98, 0x66, 0x00, 0x18, 0x7F, 0xE0, 0x01, 0x87,
    0xFE, 0x18, 0x00, 0x60, 0x01, 0xFF, 0xC0, 0x00, 0x19, 0xFE, 0x67, 0xF9, 0x83, 0x06, 0x0E, 0xF8,
    0x39, 0xE1, 0xB1, 0x9C, 0x66, 0x60, 0x98, 0x00, 0x00, 0xFF, 0x07, 0x0E, 0x18, 0x18, 0x70, 0xE0,
    0x7F, 0x00, 0x00, 0x0D, 0xFD, 0xB7, 0xF6, 0xC3, 0x1B, 0x0C, 0x6C, 0x77, 0xB1, 0xDE, 0xC7, 0x1B,
    0x1C, 0x6C, 0xD9, 0xB7, 0x36, 0xD8, 0xDB, 0x00, 0x6C, 0x01, 0xB0, 0x06, 0xC0, 0x00, 0x0C, 0xFE,
    0x37, 0xFC, 0xC3, 0x03, 0x0E, 0x7C, 0x39, 0xF0, 0xE0, 0xC3, 0x9F, 0x1B, 0x7C, 0x66, 0x37, 0x1C,
    0xD8, 0x33, 0x00, 0x0C, 0x00, 0x30, 0x00, 0xC0, 0x00, 0x0C, 0xFF, 0x98, 0xFE, 0x30, 0x73, 0xE0,
    0xE0, 0xC1, 0xC7, 0x86, 0xDF, 0x38, 0xE6, 0x60, 0xCC, 0x08, 0x20, 0x30, 0xC0, 0x71, 0xC0, 0xE3,
    0x87, 0x7D, 0x8C, 0x71, 0x80, 0x00, 0x3F, 0xFC, 0x7F, 0xF8, 0x06, 0x00, 0x1C, 0x00, 0x3C, 0x01,
    0xCE, 0x0F, 0x0F, 0x18, 0xC6, 0x01, 0x80, 0x03, 0x00, 0x06, 0x03, 0xFF, 0xF7, 0xFF, 0xE0, 0x7F,
    0xF8, 0x07, 0x00, 0x1E, 0x00, 0x77, 0x07, 0xC7, 0x8E, 0x63, 0x00, 0xC0, 0x7F, 0xFE, 0xFF, 0xFC,
    0x60, 0x00, 0xC0, 0x01, 0x80, 0x03, 0xFF, 0x87, 0xFF, 0x00, 0x3F, 0xF8, 0x0F, 0x00, 0x3F, 0x03,
    0xE7, 0xC7, 0x33, 0x80, 0x60, 0x3F, 0xFF, 0x7F, 0xFE, 0x30, 0x18, 0x60, 0x30, 0xFF, 0xE1, 0x80,
    0xC3, 0xFF, 0x87, 0xFF, 0x00, 0x3F, 0xF8, 0x0F, 0x00, 0x3F, 0x03, 0xE7, 0xC7, 0x33, 0x80, 0x60,
    0x3F, 0xFF, 0x7F, 0xFE, 0x00, 0x00, 0x1F, 0xC0, 0xE0, 0xE1, 0x80, 0xC3, 0x83, 0x81, 0xFC, 0x00,
    0x00, 0x18, 0xFF, 0x31, 0xFE, 0x60, 0x60, 0xC0, 0xC1, 0x83, 0xC3, 0x0E, 0xC7, 0xB8, 0xEF, 0x4C,
    0x98, 0x18, 0x30, 0x30, 0x67, 0xFE, 0xC7, 0xF1, 0x80, 0x03, 0x00, 0x06, 0x00, 0x7F, 0xF9, 0xFF,
    0xE0, 0x30, 0x01, 0xE0, 0x1C, 0xE1, 0xE1, 0xE0, 0x00, 0x3F, 0xFF, 0xFF, 0xFC, 0x0C, 0x00, 0x30,
    0x00, 0xC0, 0x03, 0x00, 0x0C, 0x00, 0x3F, 0xF8, 0x07, 0x00, 0x0F, 0x00, 0x77, 0x03, 0xC7, 0x87,
    0x03, 0x00, 0x00, 0x3F, 0xFF, 0x7F, 0xFE, 0x63, 0x00, 0xC6, 0x01, 0x8C, 0x03, 0xFF, 0x87, 0xFF,
    0x00, 0x3F, 0xF8, 0x0F, 0x00, 0x3F, 0x03, 0xE3, 0xC2, 0x00, 0x9F, 0xFF, 0xBF, 0xFF, 0x01, 0x80,
    0x3F, 0xF8, 0x7F, 0xF0, 0x00, 0x61, 0xFF, 0xC3, 0x00, 0x07, 0xFF, 0x00, 0x3F, 0xF8, 0x07, 0x00,
    0x1E, 0x00, 0xE7, 0x07, 0x87, 0xC4, 0x01, 0x3F, 0xFF, 0x7F, 0xFE, 0x03, 0x00, 0x1F, 0xC0, 0xFF,
    0xE1, 0x80, 0xC3, 0x83, 0x81, 0xFC, 0x00, 0x7F, 0xF0, 0x1C, 0x00, 0xF8, 0x1F, 0x3C, 0x70, 0x7B,
    0xFF, 0xEF, 0xFF, 0xC0, 0x00, 0x7F, 0xF0, 0x00, 0xC0, 0x03, 0x1F, 0xFC, 0x60, 0x01, 0xFF, 0xC0,
    0x7F, 0xF8, 0x1C, 0x00, 0xF8, 0x0F, 0x3C, 0x70, 0x78, 0x00, 0x0F, 0xFF, 0xFF, 0xFE, 0x00, 0x00,
    0x7F, 0x83, 0x07, 0x18, 0x0C, 0x3C, 0xF0, 0x7F, 0x00, 0x00, 0x1B, 0xFC, 0xDF, 0xF6, 0x0C, 0x30,
    0x61, 0x87, 0x0C, 0x38, 0x61, 0xC3, 0x1B, 0x19, 0xDC, 0xDC, 0x76, 0xC1, 0x30, 0x01, 0x80, 0x0C,
    0x00, 0x60, 0x00, 0x1B, 0xFC, 0xDF, 0xE6, 0x1C, 0x30, 0xE1, 0x87, 0x0C, 0x6C, 0x6E, 0x3B, 0x60,
    0x98, 0x00, 0x07, 0xFE, 0x3F, 0xF0, 0x01, 0x80, 0x0C, 0x00, 0x60, 0x00, 0x18, 0xFE, 0x67, 0xFD,
    0x81, 0x86, 0x0E, 0x18, 0x38, 0x61, 0xB1, 0x8E, 0x76, 0x60, 0x98, 0x00, 0x61, 0x81, 0x86, 0x00,
    0x18, 0x00, 0x7F, 0xF1, 0xFF, 0xC0, 0x00, 0x19, 0xFC, 0xDF, 0xF6, 0x0C, 0x30, 0xE1, 0x87, 0x0C,
    0x6E, 0x6E, 0x3B, 0x20, 0x18, 0x00, 0x07, 0xFE, 0x30, 0x31, 0x81, 0x8F, 0xFC, 0x7F, 0xE0, 0x3F,
    0x9B, 0xFE, 0xC1, 0x86, 0x1C, 0x30, 0xE1, 0x8D, 0x8D, 0xE7, 0x6C, 0x13, 0x00, 0x00, 0xC0, 0xC6,
    0x06, 0x3F, 0xF1, 0x81, 0x8F, 0xFC, 0x7F, 0xE0, 0x00, 0x18, 0xFF, 0xB1, 0xFF, 0x60, 0xCC, 0xC1,
    0x99, 0x83, 0x33, 0x0E, 0xE7, 0x9D, 0xCF, 0x3B, 0x98, 0xDD, 0xB1, 0xBB, 0xE2, 0x22, 0xC0, 0x01,
    0x80, 0x03, 0x00, 0x06, 0x00, 0x00, 0x18, 0xFF, 0xB0, 0x66, 0x60, 0xCC, 0xF3, 0x99, 0xC7, 0xFB,
    0x1B, 0xBE, 0x22, 0x0C, 0x00, 0x00, 0x7D, 0xB0, 0x1B, 0x60, 0x37, 0xC3, 0xED, 0x86, 0x1B, 0x0F,
    0xBE, 0x00, 0x00, 0x0C, 0x00, 0xD9, 0xFF, 0xB3, 0xFF, 0x63, 0x36, 0xC6, 0x6D, 0x8C, 0xDF, 0x19,
    0xBE, 0x3F, 0x6C, 0xFF, 0xD9, 0xB7, 0xB0, 0x03, 0x60, 0x06, 0xC0, 0x0D, 0x80, 0x0B, 0x00, 0x7E,
    0xF8, 0x38, 0xC0, 0x71, 0xC1, 0xFF, 0xC7, 0x39, 0xC0, 0x60, 0x00, 0xC0, 0x7F, 0xFE, 0x00, 0x00,
    0x3F, 0xE0, 0xFF, 0xE0, 0x00, 0xC0, 0x01, 0x80, 0x03, 0x00, 0x00, 0x0D, 0xFF, 0x37, 0xFC, 0xC6,
    0x63, 0x39, 0x8C, 0xEE, 0x37, 0xFC, 0xDB, 0x9B, 0x44, 0x0C, 0x00, 0x01, 0xFF, 0xC0, 0x03, 0x00,
    0x0C, 0x00, 0x30, 0x00, 0xC0, 0x0C, 0x18, 0x18, 0x31, 0xFE, 0x60, 0x60, 0xC0, 0xC1, 0xE3, 0xC3,
    0x0F, 0xC6, 0x39, 0xCC, 0x60, 0x98, 0x3F, 0xF0, 0xFF, 0xE0, 0x1C, 0x00, 0x7C, 0x03, 0xDE, 0x0E,
    0x0E, 0x00, 0x00, 0x00, 0x18, 0xC6, 0xFF, 0xF6, 0xFD, 0xB1, 0x8F, 0x9C, 0x7C, 0xF3, 0x7C, 0xFB,
    0xC2, 0xD8, 0x00, 0x4F, 0xFE, 0x3F, 0xF0, 0x01, 0x80, 0x0C, 0x00, 0x60, 0x00, 0x00, 0x60, 0x31,
    0x8C, 0xDF, 0xF3, 0x1C, 0xFC, 0x63, 0xF1, 0xCC, 0xCD, 0xB3, 0x63, 0xCC, 0x03, 0x31, 0x80, 0xC6,
    0x03, 0x1F, 0xFC, 0x60, 0x31, 0xFF, 0xC7, 0xFF, 0x0C, 0x18, 0x18, 0x31, 0xFE, 0x63, 0xFC, 0xC0,
    0xC7, 0x81, 0xDF, 0x07, 0xC6, 0x19, 0xCC, 0x61, 0x98, 0x00, 0x30, 0x06, 0x60, 0x0E, 0x00, 0x3E,
    0x01, 0xEE, 0x0F, 0x0F, 0x08, 0x00, 0x00, 0x0C, 0x31, 0xB0, 0xC6, 0xDF, 0xDB, 0x7F, 0x6C, 0x31,
    0xB0, 0xDE, 0xC7, 0x3B, 0x1E, 0x6C, 0xD9, 0xB7, 0x36, 0xD8, 0x5B, 0x00, 0x6C, 0x01, 0xB0, 0x06,
    0xC0, 0x01, 0x80, 0x7F, 0xF0, 0xFF, 0xF0, 0x0C, 0x00, 0x3C, 0x00, 0xFC, 0x07, 0x9E, 0x1C, 0x1E,
    0x01, 0x80, 0x03, 0x00, 0x06, 0x03, 0xFF, 0xF7, 0xFF, 0xE0, 0x03, 0x00, 0x7F, 0xF1, 0xFF, 0xE0,
    0x1C, 0x00, 0x7C, 0x0F, 0x9F, 0x1C, 0xCE, 0x01, 0x80, 0xFF, 0xFD, 0xFF, 0xF8, 0x3F, 0x81, 0xC1,
    0xC3, 0x01, 0x87, 0x07, 0x03, 0xF8, 0x00, 0x00, 0x00, 0x18, 0x30, 0x60, 0xCF, 0xF3, 0x3F, 0xCC,
    0x18, 0x30, 0xF0, 0xC7, 0xE3, 0x39, 0xCC, 0xD9, 0x30, 0x60, 0xC1, 0x83, 0x7F, 0xED, 0xFC, 0x30,
    0x00, 0xC0, 0x03, 0x03, 0x00, 0x0C, 0x07, 0xFF, 0x9F, 0xFE, 0x03, 0x00, 0x1E, 0x01, 0xCE, 0x1E,
    0x1E, 0x00, 0x03, 0xFF, 0xFF, 0xFF, 0xC0, 0xC0, 0x03, 0x00, 0x0C, 0x00, 0x30, 0x00, 0x03, 0x00,
    0xFF, 0xE3, 0xFF, 0x81, 0xE0, 0x1E, 0xE1, 0xE1, 0xEF, 0xFF, 0xFF, 0xFF, 0x03, 0x00, 0xFF, 0xE3,
    0xFF, 0x80, 0x06, 0x3F, 0xF8, 0xC0, 0x03, 0xFF, 0x80, 0x03, 0x00, 0x7F, 0xF1, 0xFF, 0xE0, 0x3C,
    0x00, 0xFE, 0x0F, 0x8F, 0x00, 0x00, 0x7F, 0xFE, 0xFF, 0xFC, 0x06, 0x00, 0xFF, 0xE1, 0xFF, 0xC3,
    0x01, 0x87, 0xFF, 0x0F, 0xFE, 0x00, 0x03, 0x00, 0x7F, 0xE1, 0xFF, 0xE0, 0x1C, 0x00, 0xFC, 0x0F,
    0x9F, 0x1C, 0x06, 0x7F, 0xFE, 0xFF, 0xFC, 0x06, 0x00, 0x3F, 0x81, 0xFF, 0xC3, 0x01, 0x87, 0x07,
    0x03, 0xF8, 0x00, 0x00, 0x00, 0x18, 0x30, 0x60, 0xCF, 0xF3, 0x3F, 0xCC, 0x18, 0x30, 0xF0, 0xCE,
    0x73, 0x30, 0x4C, 0x3F, 0xB7, 0xFE, 0xC1, 0x83, 0x06, 0x0C, 0x18, 0x30, 0x60, 0xC1, 0x83, 0x03,
    0x01, 0xFF, 0xC7, 0xFF, 0x01, 0xC0, 0x0F, 0x81, 0xF7, 0xC7, 0x07, 0x80, 0x00, 0xFF, 0xFC, 0x00,
    0x03, 0xFE, 0x1F, 0xFC, 0x00, 0x30, 0x00, 0xC0, 0x03, 0x00, 0x00, 0x18, 0x60, 0xDF, 0xE6, 0xFF,
    0x30, 0xC1, 0x86, 0x0C, 0x30, 0x63, 0xC3, 0x1E, 0x19, 0x98, 0xD8, 0x67, 0x81, 0x30, 0x01, 0x80,
    0x0C, 0x00, 0x60, 0x0E, 0x19, 0xFC, 0xDF, 0xF6, 0x1C, 0x30, 0xE1, 0x87, 0x8C, 0x6E, 0x6E, 0x3B,
    0x60, 0x18, 0x00, 0x07, 0xFE, 0x30, 0x31, 0x81, 0x8F, 0xFC, 0x7F, 0xE0, 0x06, 0x18, 0xFE, 0x67,
    0xFD, 0x81, 0x86, 0x0E, 0x18, 0x3C, 0x61, 0xB9, 0x9C, 0x76, 0x60, 0x18, 0x00, 0x00, 0xFF, 0x07,
    0x0E, 0x18, 0x18, 0x79, 0xE0, 0x7F, 0x00, 0x00, 0x18, 0x01, 0x18, 0x3F, 0x98, 0x01, 0x98, 0x01,
    0x98, 0x3F, 0x18, 0x7F, 0x1E, 0x07, 0x1E, 0x06, 0x18, 0x0C, 0x18, 0x38, 0x18, 0x70, 0x18, 0x00,
    0x18, 0x00, 0x18, 0x00, 0x18, 0x00, 0x0C, 0x00, 0xD8, 0xFD, 0xB0, 0x3B, 0x60, 0x36, 0xCF, 0xED,
    0x9F, 0x9F, 0x03, 0x3E, 0x0C, 0x6C, 0x38, 0xD8, 0xE1, 0xB3, 0x03, 0x60, 0x06, 0xC0, 0x0D, 0x80,
    0x1B, 0x00, 0x00, 0x18, 0xFB, 0x67, 0xFD, 0x81, 0xB6, 0x7E, 0xD9, 0xFB, 0xE0, 0xCD, 0x86, 0x36,
    0x70, 0xD9, 0x83, 0x61, 0x8D, 0x86, 0x06, 0x18, 0x00, 0x60, 0x01, 0xFF, 0xC0, 0x00, 0x0C, 0x04,
    0x33, 0xF8, 0xC0, 0x63, 0x01, 0x8C, 0xFC, 0x37, 0xF7, 0xC1, 0xDF, 0x06, 0x0C, 0x30, 0x33, 0x80,
    0xDC, 0x03, 0x00, 0x0C, 0x00, 0x30, 0x00, 0xC0, 0x00, 0x19, 0xFE, 0x63, 0xF9, 0x9F, 0xFE, 0x7F,
    0xF8, 0x18, 0x61, 0xC1, 0x9E, 0x06, 0x0F, 0xF8, 0x7F, 0xE0, 0x01, 0x87, 0xFE, 0x18, 0x00, 0x60,
    0x01, 0xFF, 0xC0, 0x00, 0x1C, 0x04, 0x73, 0xF9, 0xC0, 0x67, 0x01, 0xFC, 0x0F, 0xF7, 0xF1, 0xD9,
    0xC7, 0x06, 0xFC, 0x37, 0xF1, 0x81, 0xDC, 0x07, 0x60, 0x1C, 0x00, 0x70, 0x01, 0xC0, 0x1F, 0xF8,
    0x7F, 0xF0, 0x00, 0x60, 0x00, 0xC0, 0x3F, 0x87, 0xFF, 0x00, 0x06, 0x01, 0x8C, 0x03, 0x18, 0x06,
    0x00, 0x0C, 0x03, 0xFF, 0xF7, 0xFF, 0xE0, 0x3F, 0xF1, 0xFF, 0xC0, 0x03, 0x00, 0x0C, 0x00, 0x31,
    0xFF, 0xC3, 0x83, 0x00, 0x0C, 0x00, 0x30, 0x00, 0x80, 0x00, 0x3F, 0xFF, 0xFF, 0xF8, 0x3F, 0xF0,
    0x00, 0xC0, 0x03, 0x1F, 0xFC, 0x00, 0x33, 0xFF, 0xFF, 0xFF, 0x8F, 0xFC, 0x7F, 0xF0, 0x00, 0xC7,
    0xFF, 0x18, 0x00, 0x60, 0x01, 0xFF, 0xE0, 0x3F, 0xF0, 0xFF, 0xC0, 0x0F, 0x1F, 0xFC, 0x00, 0x30,
    0x00, 0xCF, 0xFF, 0xC0, 0x00, 0x20, 0x30, 0xC0, 0xC3, 0xFF, 0x0C, 0x0C, 0x3F, 0xF0, 0xFF, 0xC0,
    0x00, 0x18, 0x08, 0xCF, 0xE6, 0x03, 0x30, 0x19, 0x8F, 0x8D, 0xFC, 0x60, 0x63, 0x06, 0x18, 0x60,
    0xCE, 0x06, 0xE0, 0x30, 0x01, 0x80, 0x0C, 0x00, 0x60, 0x00, 0x1B, 0xFC, 0xCF, 0xE6, 0x0F, 0x37,
    0xF1, 0x83, 0x0C, 0x70, 0x6F, 0x03, 0x60, 0x08, 0xC0, 0xC6, 0x06, 0x3F, 0xF1, 0x81, 0x8F, 0xFC,
    0x7F, 0xE0, 0x00, 0x38, 0x7F, 0x38, 0x7F, 0xB8, 0x60, 0x38, 0x60, 0x38, 0x60, 0x38, 0x7F, 0x3E,
    0x60, 0x3E, 0x60, 0x38, 0x60, 0x38, 0x7F, 0xF8, 0x7F, 0xB8, 0x00, 0x38, 0x00, 0x38, 0x00, 0x38,
    0x00, 0x18, 0x06, 0xFF, 0xB7, 0x81, 0xBC, 0x0D, 0xE0, 0x6F, 0xF3, 0xF8, 0x1F, 0xC0, 0xDE, 0x06,
    0xFF, 0xB7, 0xFD, 0xB0, 0x0D, 0x80, 0x6C, 0x03, 0x60, 0x00, 0x1F, 0xEC, 0xFF, 0x67, 0x83, 0x3F,
    0xDF, 0xE0, 0xCF, 0x06, 0x7F, 0xF3, 0xFD, 0x98, 0x00, 0x8F, 0xFE, 0x3F, 0xF0, 0x01, 0x80, 0x0C,
    0x00, 0x60, 0x00, 0x19, 0xFC, 0x67, 0xF1, 0x98, 0x06, 0x60, 0x19, 0x80, 0x67, 0xFF, 0x98, 0x06,
    0x60, 0x19, 0x80, 0x67, 0xF9, 0x9F, 0xE6, 0x00, 0x18, 0x00, 0x60, 0x01, 0x80, 0x00, 0x37, 0xF1,
    0xBF, 0x8D, 0x80, 0x6F, 0xFF, 0x7E, 0x1B, 0x00, 0xDF, 0xE6, 0xFC, 0x30, 0x00, 0x0F, 0xFC, 0x60,
    0x63, 0x03, 0x1F, 0xF8, 0xFF, 0xC0, 0x00, 0x18, 0x06, 0xFF, 0x37, 0x81, 0xBC, 0x0D, 0xE0, 0x6F,
    0xEF, 0x78, 0x1B, 0xC0, 0xDE, 0x06, 0xFF, 0xB7, 0xFD, 0xB0, 0x0D, 0x80, 0x6C, 0x03, 0x60, 0x00,
    0x1F, 0xE6, 0xFF, 0x37, 0x81, 0xBF, 0xFD, 0xE0, 0x6F, 0x03, 0x7F, 0xDB, 0xFE, 0xD8, 0x00, 0xCF,
    0xFE, 0x3F, 0xF0, 0x01, 0x80, 0x0C, 0x00, 0x60, 0x00, 0x1F, 0xE6, 0xFF, 0x37, 0x81, 0xBF, 0xFD,
    0xE0, 0x6F, 0x03, 0x7F, 0xDB, 0xF8, 0xD8, 0x00, 0x0F, 0xFE, 0x70, 0x33, 0x01, 0x9F, 0xFC, 0xFF,
    0xE0, 0x3F, 0xF8, 0x7F, 0xE0, 0xC0, 0x01, 0xFF, 0x83, 0xFF, 0x06, 0x00, 0x0C, 0x00, 0x1F, 0xFC,
    0x03, 0x00, 0x06, 0x00, 0x0C, 0x07, 0xFF, 0xEF, 0xFF, 0xC0, 0x3F, 0xF8, 0x70, 0x00, 0xFF, 0xE1,
    0x80, 0x03, 0xFF, 0x87, 0xFF, 0x00, 0xC0, 0x7F, 0xFE, 0xFF, 0xFC, 0x00, 0x00, 0x7F, 0xC1, 0xC1,
    0xC3, 0x83, 0x83, 0xFE, 0x00, 0x00, 0x19, 0xFE, 0xCF, 0xF6, 0x60, 0x33, 0xF9, 0x9F, 0xEC, 0xC0,
    0x67, 0xFB, 0x3F, 0xD8, 0x30, 0xC1, 0x86, 0xFF, 0xF7, 0xFD, 0x80, 0x0C, 0x00, 0x60, 0x3F, 0xE1,
    0xFF, 0xC6, 0x00, 0x1C, 0x00, 0x7F, 0xF1, 0x80, 0x06, 0x00, 0x1F, 0xFC, 0x7F, 0xF0, 0x00, 0x00,
    0x00, 0x3F, 0xFF, 0xFF, 0xF8, 0x3F, 0xF0, 0xC0, 0x03, 0xFF, 0x0C, 0x00, 0x30, 0x00, 0xFF, 0xC3,
    0xFF, 0x3F, 0xFE, 0xFF, 0xFC, 0x80, 0x03, 0x00, 0x0C, 0x00, 0x3F, 0xF0, 0xFF, 0xC0, 0x00, 0x1B,
    0xF8, 0xDF, 0xE6, 0xC0, 0x36, 0x01, 0xB0, 0x0D, 0xFC, 0x6C, 0x03, 0x60, 0x1B, 0x00, 0xDF, 0xF6,
    0xFF, 0x30, 0x01, 0x80, 0x0C, 0x00, 0x60, 0x00, 0x1B, 0xF8, 0xDF, 0xC6, 0xC0, 0x37, 0xF1, 0xB0,
    0x0D, 0x80, 0x6F, 0xFB, 0x7E, 0x18, 0xC0, 0xC6, 0x06, 0x3F, 0xF1, 0x81, 0x8F, 0xFC, 0x7F, 0xE0,
    0x00, 0x1B, 0xF8, 0xDF, 0xC6, 0xC0, 0x37, 0xF1, 0xBF, 0x0D, 0x80, 0x6F, 0xFB, 0x7F, 0x18, 0x00,
    0x07, 0xFC, 0x70, 0x73, 0x01, 0x8F, 0x3C, 0x3F, 0x80, 0x00, 0x38, 0x7F, 0xB8, 0x7F, 0xB8, 0x33,
    0x38, 0x33, 0x38, 0x33, 0x38, 0x33, 0x3E, 0x33, 0x3E, 0x33, 0x38, 0x33, 0x38, 0xFF, 0xF8, 0xFF,
    0xB8, 0x00, 0x38, 0x00, 0x38, 0x00, 0x38, 0x00, 0x18, 0xFF, 0x31, 0xFE, 0x61, 0x98, 0xC3, 0x31,
    0xE6, 0x63, 0xCC, 0xC6, 0x7F, 0xEC, 0x7E, 0x18, 0x03, 0x30, 0x06, 0x00, 0x1E, 0x00, 0x7E, 0x07,
    0xCF, 0x0E, 0x07, 0x00, 0x00, 0x00, 0x0C, 0x01, 0xB7, 0xF6, 0xDF, 0xDB, 0x36, 0x6C, 0xD9, 0xB3,
    0x67, 0xCD, 0x9F, 0x36, 0x6C, 0xD9, 0xB7, 0xF6, 0xDF, 0xDB, 0x00, 0x6C, 0x01, 0xB0, 0x04, 0xC0,
    0x00, 0x1B, 0xFC, 0xDF, 0xE6, 0x66, 0x33, 0x3F, 0x99, 0x8C, 0xCC, 0x7F, 0xFB, 0x7E, 0x18, 0x00,
    0x07, 0xFE, 0x30, 0x31, 0x81, 0x8F, 0xFC, 0x7F, 0xE0, 0x00, 0x0C, 0x01, 0xB7, 0xF6, 0xDF, 0xDB,
    0x36, 0x6C, 0xD9, 0xB3, 0x7E, 0xCD, 0xFB, 0x36, 0x6C, 0xD9, 0xB7, 0xF6, 0xDF, 0xDB, 0x00, 0x6C,
    0x01, 0xB0, 0x06, 0xC0, 0x00, 0x0C, 0xFE, 0xD9, 0xFD, 0xB1, 0xB3, 0x63, 0x7E, 0xC6, 0xDD, 0x8D,
    0x9B, 0x3F, 0xB6, 0x7F, 0x6C, 0x01, 0x18, 0x07, 0x20, 0x0E, 0x00, 0x3E, 0x01, 0xC7, 0x87, 0x07,
    0x00, 0x00, 0x00, 0x19, 0xFE, 0x67, 0xF9, 0x8C, 0xDE, 0x33, 0x18, 0xCC, 0x63, 0x37, 0xBF, 0xE6,
    0xFF, 0x98, 0x00, 0x61, 0x81, 0x86, 0x04, 0x18, 0x00, 0x60, 0x01, 0xFF, 0xC0, 0x00, 0x1B, 0xFC,
    0xDF, 0xF6, 0x66, 0xF3, 0x31, 0x99, 0xBC, 0xCD, 0xFF, 0xF3, 0xFF, 0x98, 0x00, 0xC3, 0xFC, 0x38,
    0x71, 0x81, 0x8E, 0x1C, 0x3F, 0x80, 0x3F, 0xF8, 0x7F, 0xF0, 0x31, 0x80, 0x63, 0x00, 0xC6, 0x01,
    0x8C, 0x0F, 0xFE, 0x1F, 0xFC, 0x01, 0x80, 0x03, 0x00, 0x06, 0x03, 0xFF, 0xF7, 0xFF, 0xC0, 0x3F,
    0xF8, 0x18, 0xC0, 0x31, 0x80, 0x63, 0x03, 0xFF, 0x87, 0xFF, 0x00, 0xC0, 0x7F, 0xFE, 0xFF, 0xFC,
    0x60, 0x00, 0xC0, 0x01, 0x80, 0x03, 0xFF, 0x87, 0xFF, 0x00, 0x3F, 0xF8, 0x18, 0xC0, 0x31, 0x81,
    0xFF, 0xC3, 0xFF, 0x80, 0x60, 0x3F, 0xFF, 0x7F, 0xFE, 0x3F, 0xF8, 0x00, 0x30, 0x00, 0x61, 0xFF,
    0xC3, 0x00, 0x07, 0xFF, 0x00, 0x3F, 0xF8, 0x7F, 0xF0, 0x31, 0x80, 0x63, 0x00, 0xC6, 0x01, 0x8C,
    0x0F, 0xFE, 0x1F, 0xFC, 0x0C, 0x60, 0x18, 0xC0, 0x31, 0x83, 0xFF, 0xF7, 0xFF, 0xE0, 0x00, 0x01,
    0xFF, 0xC7, 0xFF, 0x06, 0x30, 0x18, 0xC0, 0x63, 0x01, 0x8C, 0x06, 0x30, 0x7F, 0xF1, 0xFF, 0xC0,
    0x00, 0x00, 0x00, 0xFF, 0xFF, 0xFF, 0xE0, 0x7F, 0xF0, 0x63, 0x01, 0x8C, 0x06, 0x30, 0x7F, 0xF1,
    0xFF, 0xC0, 0x00, 0x3F, 0xFF, 0xFF, 0xF8, 0x80, 0x06, 0x00, 0x18, 0x00, 0x7F, 0xF1, 0xFF, 0xC0,
    0x7F, 0xF0, 0x63, 0x01, 0x8C, 0x1F, 0xFC, 0x7F, 0xF3, 0xFF, 0xFF, 0xFF, 0xC0, 0x00, 0x7F, 0xF0,
    0x00, 0xC0, 0x03, 0x1F, 0xFC, 0x60, 0x01, 0xFF, 0xC0, 0x00, 0x1F, 0xFC, 0xFF, 0xF6, 0x66, 0x33,
    0x31, 0x99, 0x8C, 0xCC, 0x66, 0x63, 0x33, 0x19, 0x98, 0xFF, 0xF7, 0xFF, 0x30, 0x01, 0x80, 0x0C,
    0x00, 0x60, 0x00, 0x1B, 0xFC, 0xDF, 0xE6, 0x66, 0x33, 0x31, 0x99, 0x8F, 0xFF, 0x6F, 0xC3, 0x1F,
    0xF9, 0xFF, 0xC0, 0x06, 0x7F, 0xF3, 0x80, 0x1C, 0x00, 0xFF, 0xE0, 0x00, 0x1B, 0xFC, 0xDF, 0xE6,
    0x66, 0x33, 0x31, 0x99, 0x8C, 0xCC, 0x7F, 0xFB, 0x7E, 0x18, 0x00, 0x03, 0xFC, 0x70, 0x73, 0x01,
    0x8E, 0x1C, 0x3F, 0x80, 0x00, 0x18, 0x0C, 0x18, 0x7F, 0xD8, 0xFF, 0xD8, 0x00, 0x18, 0x1F, 0x18,
    0x33, 0x9E, 0x61, 0x9E, 0x61, 0x98, 0x61, 0x98, 0x3F, 0x98, 0x1F, 0x18, 0x00, 0x18, 0x00, 0x18,
    0x00, 0x18, 0x0C, 0x18, 0x18, 0x33, 0xFF, 0x63, 0xFC, 0xC1, 0xE1, 0x87, 0x63, 0xD8, 0x67, 0xB0,
    0xCC, 0x7F, 0x98, 0x3C, 0x30, 0x40, 0x60, 0xC0, 0xC1, 0x80, 0x03, 0xFF, 0x07, 0xFE, 0x00, 0x00,
    0x00, 0x18, 0x63, 0xFF, 0xC3, 0xFD, 0x81, 0xE3, 0xCF, 0xF7, 0xD8, 0x6C, 0x39, 0xD8, 0x3F, 0x30,
    0x00, 0x20, 0xFF, 0xC0, 0x01, 0x80, 0x03, 0x07, 0xFE, 0x0C, 0x00, 0x1F, 0xFC, 0x00, 0x00, 0x18,
    0x63, 0xFE, 0xC7, 0xFD, 0x80, 0xC3, 0x07, 0xE7, 0x9C, 0xEF, 0x30, 0xD8, 0x73, 0xB0, 0x7E, 0x60,
    0x00, 0x00, 0xFF, 0x81, 0xFF, 0x02, 0x06, 0x07, 0xFC, 0x0F, 0xF8, 0x00, 0x00, 0x18, 0x63, 0xFE,
    0xC7, 0xFD, 0x81, 0xE3, 0x07, 0xE7, 0x98, 0x6F, 0x30, 0xD8, 0x7F, 0xB0, 0x3C, 0x60, 0x40, 0xC0,
    0x81, 0x81, 0xFF, 0x03, 0x06, 0x07, 0xFC, 0x0F, 0xF8, 0x0C, 0x18, 0x18, 0x33, 0xFF, 0x63, 0xFC,
    0xC3, 0xF1, 0xEE, 0x73, 0xD8, 0x66, 0x39, 0xCC, 0x3F, 0x18, 0x00, 0x30, 0x06, 0x60, 0x1C, 0x00,
    0x7C, 0x01, 0xDE, 0x0F, 0x0F, 0x00, 0x00, 0x00, 0x00, 0x18, 0x30, 0x30, 0x67, 0xFE, 0xC7, 0xF9,
    0x87, 0xE3, 0xD8, 0x67, 0x30, 0xCC, 0x7F, 0x98, 0x7E, 0x30, 0x00, 0x60, 0x7F, 0x01, 0xEF, 0x86,
    0x03, 0x06, 0x0E, 0x07, 0xF0, 0x00, 0x0C, 0x61, 0xB1, 0x86, 0xFF, 0xDB, 0x7E, 0x6C, 0x71, 0xB3,
    0xE7, 0xD8, 0xDF, 0x63, 0x6D, 0x8D, 0xB7, 0xE6, 0xCF, 0x1B, 0x00, 0x6C, 0x01, 0xB0, 0x06, 0xC0,
    0x00, 0x0C, 0x18, 0xD9, 0xFD, 0xB3, 0xFB, 0x61, 0xE7, 0xC7, 0xEF, 0x98, 0xDB, 0x19, 0xB6, 0x3E,
    0x6C, 0x00, 0xD8, 0x02, 0x30, 0x0E, 0x00, 0x1E, 0x00, 0xEE, 0x07, 0x87, 0x80, 0x02, 0x08, 0x0C,
    0x0C, 0x6C, 0x7F, 0x6C, 0x1C, 0x6C, 0x3E, 0x7C, 0x63, 0x7C, 0x63, 0x6C, 0x37, 0x6C, 0x3E, 0x6C,
    0x00, 0x00, 0x04, 0x30, 0x0E, 0x30, 0x0E, 0x78, 0x3B, 0xEE, 0x31, 0xC6, 0x00, 0x00, 0x0C, 0x0C,
    0x18, 0xD9, 0xFD, 0xB3, 0xFB, 0x63, 0xE7, 0xC6, 0x6F, 0x98, 0xDB, 0x1B, 0xB6, 0x3E, 0x6C, 0x00,
    0x18, 0x1F, 0xE0, 0x70, 0xE0, 0xC0, 0xC1, 0xC3, 0x81, 0xFE, 0x00, 0x00, 0x00, 0x18, 0x30, 0x30,
    0x67, 0xFE, 0xE0, 0x01, 0xE7, 0xE3, 0x1C, 0xE6, 0x30, 0xCF, 0x73, 0x98, 0x7E, 0x30, 0x00, 0x60,
    0x7F, 0x01, 0xEF, 0x86, 0x03, 0x06, 0x0E, 0x07, 0xF0, 0x00, 0x00, 0x30, 0x60, 0xC1, 0xBF, 0xE6,
    0x7F, 0x98, 0xF9, 0xE7, 0x77, 0x98, 0xC6, 0x63, 0x79, 0xFD, 0xE3, 0xE1, 0x86, 0x06, 0x18, 0x18,
    0x60, 0x01, 0xFF, 0xC7, 0xFF, 0x0C, 0x18, 0x30, 0x6F, 0xF9, 0x9F, 0xE6, 0x3E, 0x79, 0xCC, 0x66,
    0x31, 0x98, 0xDE, 0x3E, 0x18, 0x20, 0x60, 0xFF, 0x07, 0xFE, 0x18, 0x18, 0x70, 0xE0, 0xFF, 0x00,
    0x03, 0x00, 0xFF, 0xF1, 0xFF, 0xE0, 0x00, 0x01, 0xFE, 0x07, 0x0E, 0x0C, 0x0C, 0x1C, 0x38, 0x1F,
    0xE0, 0x1F, 0x80, 0x0C, 0x07, 0xFF, 0xEF, 0xFF, 0xC0, 0x03, 0x00, 0xFF, 0xF1, 0xFF, 0xE0, 0x7F,
    0x83, 0x83, 0x87, 0x03, 0x07, 0xFC, 0x01, 0x80, 0xFF, 0xFD, 0xFF, 0xF8, 0x00, 0x01, 0xFF, 0xC3,
    0x01, 0x86, 0x03, 0x0F, 0xFE, 0x00, 0x06, 0x18, 0x06, 0x18, 0x7F, 0xD8, 0x7F, 0x98, 0x1F, 0x18,
    0x39, 0x98, 0x30, 0xDE, 0x30, 0xDE, 0x3F, 0x98, 0x0F, 0x18, 0x06, 0x18, 0x7F, 0xD8, 0x7F, 0x18,
    0x00, 0x18, 0x00, 0x18, 0x00, 0x00, 0x06, 0x18, 0x7F, 0xD8, 0x7F, 0xD8, 0x1F, 0x18, 0x39, 0xDE,
    0x30, 0xDE, 0x3F, 0x98, 0x0E, 0x18, 0x7F, 0xD8, 0x7F, 0x98, 0x00, 0x08, 0x1F, 0xF8, 0x1F, 0xF8,
    0x00, 0x18, 0x00, 0x18, 0x00, 0x00, 0x06, 0x18, 0x7F, 0xD8, 0x7F, 0xD8, 0x1F, 0x98, 0x39, 0xD8,
    0x30, 0xDE, 0x39, 0xDE, 0x1F, 0x98, 0x06, 0x18, 0x7F, 0xD8, 0x7C, 0x18, 0x18, 0x18, 0x18, 0x00,
    0x1F, 0xF8, 0x1F, 0xF8, 0x00, 0x00, 0x0C, 0x31, 0xFF, 0x63, 0xFC, 0xC1, 0xF9, 0x86, 0x1B, 0xCE,
    0x76, 0x07, 0x8C, 0x7F, 0xD8, 0xF8, 0x30, 0x00, 0x20, 0xFF, 0xC0, 0x01, 0x83, 0xFF, 0x06, 0x00,
    0x0F, 0xFC, 0x00, 0x00, 0x06, 0x18, 0x7F, 0xD8, 0x7F, 0xD8, 0x1F, 0x18, 0x39, 0xDE, 0x30, 0xDE,
    0x3F, 0x98, 0x06, 0x18, 0x7F, 0xD8, 0x7F, 0x98, 0x00, 0x18, 0x0F, 0xF0, 0x18, 0x18, 0x1C, 0x38,
    0x0F, 0xF0, 0x03, 0x00, 0x06, 0x01, 0xFF, 0xE3, 0xFF, 0xC0, 0xFE, 0x07, 0x0E, 0x0C, 0x0C, 0x1C,
    0x38, 0x0F, 0xE0, 0x00, 0x03, 0xFF, 0xF7, 0xFF, 0xE0, 0x30, 0x00, 0x60, 0x00, 0xC0, 0x00, 0x03,
    0x00, 0x06, 0x01, 0xFF, 0xE3, 0xFF, 0xC0, 0xFE, 0x07, 0x0E, 0x0C, 0x0C, 0x1C, 0x38, 0x0F, 0xE0,
    0x00, 0x01, 0xFF, 0xF3, 0xFF, 0xE0, 0xC6, 0x01, 0x8C, 0x03, 0x18, 0x00, 0x00, 0x00, 0x18, 0x30,
    0x60, 0xDF, 0xF3, 0x7F, 0xCC, 0x7C, 0x33, 0xBC, 0xCC, 0x33, 0x30, 0xCC, 0xFE, 0x31, 0xF0, 0xC2,
    0x03, 0x0C, 0x08, 0x30, 0x00, 0xFF, 0xC3, 0xFF, 0x00, 0xC7, 0x00, 0x00, 0x82, 0x08, 0x20, 0x82,
    0x08, 0x20, 0x83, 0x86, 0x00, 0x02, 0x00, 0x08, 0x02, 0x3F, 0xFE, 0x7F, 0x18, 0x00, 0x00, 0xB0,
    0x03, 0xC0, 0x06, 0x00, 0x00, 0x00, 0x00, 0x21, 0x82, 0x0B, 0xEF, 0x00, 0x69, 0xE1, 0x00, 0x08,
    0x43, 0xBB, 0x00, 0xA3, 0x84, 0x00, 0x00, 0x0F, 0x01, 0x78, 0x03, 0xC0, 0xF0, 0x63, 0x88, 0xBA,
    0xF0, 0x4C, 0x08, 0x01, 0xC6, 0x1F, 0x80, 0x00, 0x00, 0x07, 0x01, 0xB8, 0x01, 0xE0, 0x7D, 0xF8,
    0x3E, 0x00, 0x00, 0x0D, 0x00, 0xC0, 0x08, 0x00, 0x00, 0x03, 0x80, 0x6E, 0x00, 0x3C, 0x07, 0xCF,
    0xCE, 0xF8, 0xF0, 0x10, 0x0D, 0x00, 0x60, 0x02, 0x00, 0x00, 0x18, 0x3C, 0x00, 0x08, 0x08, 0x0C,
    0x04, 0x06, 0x07, 0x04, 0x18, 0x78, 0x00, 0x00, 0x20, 0x0F, 0x01, 0xE0, 0x18, 0x00, 0xE0, 0x03,
    0x80, 0x06, 0x00, 0x18, 0x80, 0x47, 0xFF, 0x9F, 0xCC, 0x06, 0x3D, 0xC6, 0x0C, 0x0E, 0x06, 0x04,
    0x0D, 0xF3, 0xC0, 0x00, 0x03, 0x1E, 0x78, 0xC0, 0xE0, 0x70, 0x18, 0x08, 0x0C, 0xFF, 0xF3, 0x00,
    0x20, 0x07, 0x00, 0xF8, 0x1F, 0xC0, 0x78, 0x06, 0x00, 0x38, 0x00, 0xE0, 0x01, 0x80, 0x06, 0x20,
    0x11, 0xFF, 0xE7, 0xF3, 0x00, 0x00, 0x06, 0x1B, 0x6F, 0x38, 0x60, 0x60, 0x38, 0x0C, 0x04, 0x06,
    0x7C, 0x78, 0x02, 0x0E, 0x3F, 0xFE, 0x78, 0xC0, 0xE0, 0x70, 0x18, 0x08, 0x0C, 0xFF, 0xF3, 0x03,
    0xD0, 0x7E, 0x06, 0x40, 0x2C, 0x18, 0xFE, 0x00, 0x00, 0x00, 0x21, 0x82, 0x0B, 0xEF, 0x00, 0x49,
    0xA0, 0x00, 0x08, 0x43, 0xBB, 0x00, 0x26, 0x80, 0x03, 0xE0, 0x00, 0x20, 0x82, 0x08, 0x20, 0x82,
    0x08, 0x38, 0x60, 0x03, 0x31, 0xC8, 0x21, 0x08, 0x42, 0x10, 0x84, 0x20, 0xC6, 0x00, 0x04, 0x06,
    0x03, 0x01, 0x00, 0xE0, 0xF0, 0x4C, 0x22, 0x1F, 0x87, 0xC0, 0x40, 0xC3, 0xC0, 0x00, 0x02, 0x10,
    0x84, 0x21, 0x08, 0x42, 0x0C, 0x63, 0x39, 0xCC, 0x00, 0x18, 0x03, 0x00, 0x60, 0x08, 0x3D, 0x07,
    0xE0, 0x64, 0x02, 0xC1, 0x8F, 0xE0, 0x00, 0x00, 0x07, 0x67, 0x43, 0x33, 0x1F, 0xE0, 0x01, 0x18,
    0x64, 0x00, 0x8E, 0xD8, 0x02, 0x10, 0x84, 0x21, 0x08, 0x42, 0x1C, 0x60, 0x00, 0x02, 0x00, 0x08,
    0x02, 0x3F, 0xFE, 0x7F, 0x18, 0x00, 0x00, 0x40, 0x01, 0x80, 0x00, 0x00, 0x03, 0x33, 0x1F, 0xE0,
    0x26, 0x00, 0x11, 0x1D, 0xB0, 0x10, 0xC0, 0x08, 0xF0, 0x00, 0x41, 0x8F, 0x12, 0x64, 0x7E, 0x0C,
    0x00, 0x00, 0x68, 0x01, 0x20, 0x00, 0x00, 0x80, 0x02, 0x00, 0x8F, 0xFF, 0x9F, 0xC6, 0x06, 0xC0,
    0x03, 0x18, 0xC2, 0xF7, 0x00, 0x01, 0xE0, 0x00, 0x08, 0x43, 0xBB, 0x00, 0x00, 0x10, 0x01, 0xA0,
    0x06, 0x80, 0x00, 0x02, 0x00, 0x08, 0x02, 0x3F, 0xFE, 0x7F, 0x18, 0x01, 0x16, 0x80, 0x18, 0xC6,
    0x17, 0xB8, 0x00, 0x46, 0x80, 0x00, 0x21, 0x0E, 0xEC, 0x00, 0x0F, 0x01, 0x78, 0x03, 0xC0, 0xF0,
    0x63, 0x88, 0x3A, 0x60, 0x40, 0x08, 0x01, 0xC6, 0x1F, 0x80, 0x00, 0x00, 0x07, 0x01, 0xB8, 0x01,
    0xE0, 0x7D, 0xF8, 0x3E, 0x00, 0x00, 0x06, 0x00, 0xC0, 0x00, 0x00, 0x00, 0x03, 0x80, 0x6E, 0x00,
    0x3C, 0x07, 0xCF, 0xCE, 0xF8, 0xF0, 0x00, 0x06, 0x00, 0x60, 0x00, 0x00, 0x00, 0x0F, 0x01, 0x78,
    0x03, 0xC0, 0xF0, 0x63, 0x88, 0x3A, 0x00, 0x40, 0x08, 0x01, 0xC6, 0x1F, 0x80, 0x00, 0x00, 0x07,
    0x01, 0xB8, 0x01, 0xE0, 0x7D, 0xF8, 0x3E, 0x00, 0x00, 0x03, 0x80, 0x6E, 0x00, 0x3C, 0x07, 0xCF,
    0xCE, 0xF8, 0xF0, 0x00, 0x01, 0x80, 0x30, 0x00, 0x07, 0x80, 0xBC, 0x01, 0xE0, 0x78, 0x31, 0xC4,
    0x1D, 0x00, 0x20, 0x04, 0x00, 0xE3, 0x0F, 0xC0, 0x00, 0x00, 0x01, 0x80, 0x00, 0x00, 0x03, 0x80,
    0xDC, 0x00, 0xF0, 0x3E, 0xFC, 0x1F, 0x00, 0x00, 0x00, 0xC0, 0x00, 0x00, 0x00, 0x38, 0x06, 0xE0,
    0x03, 0xC0, 0x7C, 0xFC, 0xEF, 0x8F, 0x08, 0x18, 0x08, 0x0C, 0x04, 0xFF, 0xFB, 0x00, 0x10, 0x30,
    0x00, 0x08, 0x18, 0x08, 0x0C, 0x04, 0xFF, 0xFB, 0x08, 0x08, 0x0C, 0x04, 0x06, 0x07, 0x04, 0x18,
    0x78, 0x00, 0x00, 0x18, 0x18, 0x00, 0x08, 0x08, 0x0C, 0x04, 0x06, 0x07, 0x04, 0x18, 0x78, 0x00,
    0x00, 0x12, 0x01, 0x8A, 0x00, 0xCD, 0x90, 0x3F, 0xE8, 0x10, 0x04, 0x08, 0x03, 0x18, 0x00, 0xF8,
    0x00, 0x00, 0x00, 0x00, 0x00, 0x00, 0x08, 0x09, 0x11, 0x3F, 0xFF, 0xFF, 0x80, 0x02, 0x42, 0x24,
    0x66, 0xEF, 0xFF, 0x00, 0x00, 0x00, 0x18, 0x00, 0x1E, 0x00, 0x0D, 0x00, 0x00, 0x00, 0x00, 0x90,
    0x0C, 0x50, 0x06, 0x6C, 0x81, 0xFF, 0x40, 0x80, 0x20, 0x40, 0x18, 0xC0, 0x07, 0xC0, 0x00, 0x00,
    0x00, 0x00, 0x00, 0xC0, 0x3C, 0x06, 0x80, 0x04, 0x04, 0x88, 0x9F, 0xFF, 0xFF, 0xC0, 0x00, 0x00,
    0x60, 0x0F, 0x00, 0xD0, 0x00, 0x00, 0x24, 0x22, 0x46, 0x6E, 0xFF, 0xF0, 0x00, 0x00, 0x00, 0x03,
    0x80, 0x03, 0xB0, 0x05, 0x86, 0x03, 0x41, 0x00, 0xFF, 0xE8, 0x1F, 0xCE, 0x04, 0x00, 0x81, 0x00,
    0x31, 0x80, 0x07, 0xC0, 0x00, 0x00, 0x00, 0x00, 0x00, 0x1E, 0x03, 0x70, 0x41, 0x28, 0x3F, 0xFE,
    0xDF, 0xC0, 0x00, 0x00, 0x07, 0x80, 0x37, 0x01, 0x04, 0x28, 0x33, 0xFF, 0xED, 0xFD, 0xC0, 0x00,
    0x10, 0x00, 0x0C, 0x00, 0x00, 0x00, 0x00, 0x00, 0x00, 0x0E, 0x00, 0x0E, 0xC0, 0x16, 0x18, 0x0D,
    0x04, 0x03, 0xFF, 0xA0, 0x7F, 0x38, 0x10, 0x02, 0x04, 0x00, 0xC6, 0x00, 0x1F, 0x00, 0x00, 0x00,
    0x00, 0x02, 0x00, 0x30, 0x00, 0x00, 0x00, 0x01, 0xE0, 0x37, 0x04, 0x12, 0x83, 0xFF, 0xED, 0xFC,
    0x02, 0x00, 0x0C, 0x00, 0x00, 0x00, 0x00, 0x01, 0xE0, 0x0D, 0xC0, 0x41, 0x0A, 0x0C, 0xFF, 0xFB,
    0x7F, 0x70, 0x00, 0x00, 0x80, 0x04, 0x00, 0x20, 0x01, 0x00, 0x08, 0x00, 0x67, 0x01, 0xEC, 0x0C,
    0x30, 0x41, 0x1F, 0xFE, 0x7F, 0x30, 0x00, 0x04, 0x01, 0x80, 0x10, 0x02, 0x00, 0x40, 0x0C, 0xE1,
    0xF6, 0x38, 0x66, 0x1B, 0xFE, 0x7F, 0x00, 0x00, 0x04, 0x01, 0x80, 0x10, 0x02, 0x00, 0x40, 0x0C,
    0xE1, 0xF6, 0x38, 0x66, 0x1B, 0xFF, 0xFF, 0x30, 0x00, 0x00, 0x80, 0x04, 0x20, 0x23, 0x01, 0x00,
    0x08, 0x00, 0x67, 0x01, 0xEC, 0x0C, 0x30, 0x41, 0x1F, 0xFE, 0x7F, 0x30, 0x00, 0x04, 0x01, 0x84,
    0x11, 0x82, 0x00, 0x40, 0x0C, 0xE1, 0xF6, 0x38, 0x66, 0x1B, 0xFE, 0x7F, 0x00, 0x00, 0x04, 0x01,
    0x84, 0x11, 0x82, 0x00, 0x40, 0x0C, 0xE1, 0xF6, 0x38, 0x66, 0x1B, 0xFF, 0xFF, 0x30, 0x00, 0x3C,
    0x3B, 0x0C, 0x83, 0x80, 0xF0, 0xBC, 0x80, 0x40, 0x20, 0x18, 0x47, 0xE0, 0x00, 0x00, 0x38, 0x64,
    0x40, 0x61, 0xFF, 0xF8, 0x00, 0xF1, 0xB3, 0x23, 0xDF, 0xFB, 0x80, 0x00, 0x0C, 0x04, 0x00, 0x07,
    0x87, 0x61, 0x90, 0x70, 0x1E, 0x17, 0x90, 0x08, 0x04, 0x03, 0x08, 0xFC, 0x00, 0x00, 0x18, 0x10,
    0x00, 0x38, 0x64, 0x40, 0x61, 0xFF, 0xF8, 0x00, 0x30, 0x40, 0x07, 0x8D, 0x99, 0x1E, 0xFF, 0xDC,
    0x00, 0x00, 0x01, 0x80, 0x04, 0x00, 0x00, 0x00, 0xE0, 0x07, 0xC8, 0x11, 0x20, 0x4C, 0xFF, 0xF9,
    0xFE, 0xE0, 0x00, 0x60, 0x40, 0x03, 0x8F, 0x13, 0x26, 0x7C, 0x09, 0xF7, 0x80, 0x00, 0x30, 0x40,
    0x03, 0x8F, 0x91, 0x22, 0xFF, 0xFC, 0x00, 0x01, 0x60, 0x6C, 0x00, 0x00, 0xE0, 0x16, 0x04, 0x60,
    0x8C, 0x1F, 0xD1, 0xFA, 0x02, 0x40, 0xCC, 0x70, 0xFC, 0x00, 0x00, 0x00, 0x91, 0xA0, 0x03, 0x8F,
    0x13, 0x26, 0x7C, 0x09, 0xF7, 0x80, 0x00, 0x59, 0xB0, 0x03, 0x8F, 0x91, 0x22, 0xFF, 0xFC, 0x00,
    0x00, 0x04, 0x00, 0x40, 0x04, 0x00, 0x40, 0x44, 0x0C, 0x40, 0x44, 0x80, 0x48, 0x04, 0xFF, 0xE7,
    0xF3, 0x06, 0x3D, 0xC6, 0x0C, 0x0E, 0x06, 0x04, 0x0D, 0xF3, 0xC0, 0x00, 0x03, 0x1E, 0x78, 0xC0,
    0xE0, 0x70, 0x18, 0x08, 0x0C, 0xFF, 0xF3, 0x00, 0x00, 0x80, 0x30, 0x08, 0x02, 0x00, 0xC0, 0x30,
    0x0C, 0x03, 0x00, 0x40, 0x1A, 0x06, 0x81, 0x20, 0x4C, 0x61, 0xF0, 0x00, 0x00, 0x0D, 0xB6, 0xC9,
    0x27, 0x60, 0x01, 0x08, 0x42, 0x10, 0x84, 0x21, 0x3F, 0xF0, 0x1C, 0x3C, 0x74, 0xA6, 0xBF, 0x9F,
    0x80, 0x80, 0xC0, 0xC0, 0xC0, 0x00, 0x00, 0x18, 0x70, 0x93, 0x2F, 0xD3, 0x80, 0x00, 0x71, 0xA2,
    0x6F, 0xFF, 0xC0, 0x00, 0x04, 0x01, 0x00, 0x00, 0x03, 0x00, 0xE8, 0x1A, 0x04, 0x81, 0x31, 0x87,
    0xC0, 0x00, 0x26, 0x00, 0x33, 0x31, 0xFE, 0x21, 0x00, 0x01, 0x11, 0xDB, 0x00, 0x10, 0x63, 0xC4,
    0x99, 0x1F, 0x83, 0x00, 0x18, 0x3C, 0x6E, 0x4B, 0x79, 0x79, 0xEE, 0x00, 0x00, 0x10, 0x61, 0xE2,
    0xCD, 0x3F, 0x7F, 0x64, 0x6C, 0xF0, 0x00, 0x00, 0x0E, 0x05, 0x04, 0x42, 0x21, 0xF8, 0x7C, 0x04,
    0x0C, 0x3C, 0x00, 0x00, 0x03, 0xD0, 0x7E, 0x06, 0x40, 0x2C, 0x18, 0xFE, 0x00, 0x00, 0x03, 0xD0,
    0x7E, 0x06, 0x40, 0x2C, 0x18, 0xFE, 0x00, 0x01, 0x60, 0x2C, 0x00, 0x00, 0x00, 0x21, 0x82, 0x0B,
    0xEF, 0x00, 0x49, 0xA0, 0x00, 0x08, 0x43, 0xBB, 0x00, 0x26, 0x80, 0x00, 0x1E, 0x20, 0x08, 0x02,
    0x38, 0x87, 0x20, 0x68, 0x0E, 0x01, 0x80, 0xA0, 0xFC, 0x3E, 0x00, 0x03, 0xC2, 0x00, 0x10, 0x00,
    0x83, 0x04, 0x0C, 0x60, 0x33, 0x00, 0x98, 0x02, 0xC0, 0x1A, 0x01, 0xDC, 0x3C, 0x60, 0x00, 0x30,
    0x10, 0x0C, 0x20, 0x13, 0x08, 0xC4, 0x32, 0x0D, 0x01, 0x80, 0xC0, 0xA1, 0xF8, 0xF8, 0x00, 0x06,
    0x00, 0x40, 0x06, 0x08, 0x00, 0x86, 0x08, 0x71, 0x81, 0x18, 0x09, 0x80, 0x98, 0x07, 0x80, 0x68,
    0x0E, 0xE7, 0xC6, 0x00, 0x02, 0x02, 0x82, 0xE2, 0x72, 0x1A, 0x0E, 0x06, 0x0A, 0x3F, 0x3E, 0x00,
    0x60, 0x60, 0x70, 0x00, 0x00, 0x00, 0x20, 0x04, 0x40, 0x8C, 0x30, 0xC6, 0x0C, 0xC0, 0x98, 0x1F,
    0x01, 0xA0, 0x77, 0x7C, 0x60, 0x00, 0xC0, 0x18, 0x03, 0x00, 0x00, 0x00, 0x00, 0x02, 0x02, 0x42,
    0xE2, 0x72, 0x1A, 0x0E, 0x06, 0x0A, 0x3F, 0x3E, 0x00, 0x00, 0x20, 0x04, 0x40, 0x8C, 0x30, 0xC6,
    0x0C, 0xC0, 0x98, 0x0F, 0x01, 0xA0, 0x77, 0x3C, 0x60,
};

static const EpdGlyph ui_8_mediumGlyphs[] = {
    { 0, 0, 71, 0, 0, 0, 0 }, // U+0020
    { 2, 12, 81, 1, 12, 3, 0 }, // !
    { 5, 5, 132, 2, 12, 4, 3 }, // "
    { 11, 12, 170, 0, 12, 17, 7 }, // #
    { 10, 16, 172, 0, 14, 20, 24 }, // $
    { 13, 12, 265, 2, 12, 20, 44 }, // %
    { 10, 12, 174, 1, 12, 15, 64 }, // &
    { 2, 5, 83, 2, 12, 2, 79 }, // '
    { 4, 15, 98, 2, 13, 8, 81 }, // (
    { 4, 15, 98, 1, 13, 8, 89 }, // )
    { 7, 7, 139, 1, 12, 7, 97 }, // *
    { 10, 8, 178, 1, 9, 10, 104 }, // +
    { 3, 5, 81, 1, 2, 2, 114 }, // ,
    { 5, 3, 123, 1, 7, 2, 116 }, // -
    { 2, 3, 81, 1, 3, 1, 118 }, // .
    { 6, 14, 99, 0, 12, 11, 119 }, // /
    { 9, 12, 172, 1, 12, 14, 130 }, // 0
    { 5, 12, 111, 1, 12, 8, 144 }, // 1
    { 8, 12, 164, 1, 12, 12, 152 }, // 2
    { 9, 12, 167, 0, 12, 14, 164 }, // 3
    { 10, 12, 175, 0, 12, 15, 178 }, // 4
    { 9, 12, 161, 0, 12, 14, 193 }, // 5
    { 9, 12, 168, 1, 12, 14, 207 }, // 6
    { 8, 12, 152, 1, 12, 12, 221 }, // 7
    { 9, 12, 168, 1, 12, 14, 233 }, // 8
    { 9, 12, 168, 1, 12, 14, 247 }, // 9
    { 2, 9, 81, 1, 9, 3, 261 }, // :
    { 3, 12, 84, 1, 9, 5, 264 }, // ;
    { 8, 10, 178, 1, 10, 10, 269 }, // <
    { 8, 7, 178, 2, 8, 7, 279 }, // =
    { 8, 10, 178, 2, 10, 10, 286 }, // >
    { 7, 12, 141, 1, 12, 11, 296 }, // ?
    { 15, 15, 262, 1, 12, 29, 307 }, // @
    { 12, 12, 189, 0, 12, 18, 336 }, // A
    { 9, 12, 175, 1, 12, 14, 354 }, // B
    { 11, 12, 196, 1, 12, 17, 368 }, // C
    { 10, 12, 193, 1, 12, 15, 385 }, // D
    { 8, 12, 161, 1, 12, 12, 400 }, // E
    { 8, 12, 157, 1, 12, 12, 412 }, // F
    { 11, 12, 199, 1, 12, 17, 424 }, // G
    { 10, 12, 199, 1, 12, 15, 441 }, // H
    { 2, 12, 73, 1, 12, 3, 456 }, // I
    { 8, 12, 153, 1, 12, 12, 459 }, // J
    { 10, 12, 183, 1, 12, 15, 471 }, // K
    { 8, 12, 151, 1, 12, 12, 486 }, // L
    { 13, 12, 243, 1, 12, 20, 498 }, // M
    { 10, 12, 202, 1, 12, 15, 518 }, // N
    { 11, 12, 204, 1, 12, 17, 533 }, // O
    { 9, 12, 171, 1, 12, 14, 550 }, // P
    { 11, 13, 205, 1, 12, 18, 564 }, // Q
    { 10, 12, 173, 1, 12, 15, 582 }, // R
    { 10, 12, 172, 0, 12, 15, 597 }, // S
    { 9, 12, 174, 1, 12, 14, 612 }, // T
    { 10, 12, 197, 1, 12, 15, 626 }, // U
    { 12, 12, 189, 0, 12, 18, 641 }, // V
    { 17, 12, 268, 0, 12, 26, 659 }, // W
    { 11, 12, 187, 0, 12, 17, 685 }, // X
    { 12, 12, 186, 0, 12, 18, 702 }, // Y
    { 9, 12, 171, 1, 12, 14, 720 }, // Z
    { 4, 16, 98, 2, 13, 8, 734 }, // [
    { 6, 14, 99, 0, 12, 11, 742 }, // <backslash>
    { 4, 16, 98, 1, 13, 8, 753 }, // ]
    { 8, 7, 127, 0, 13, 7, 761 }, // ^
    { 8, 3, 123, 0, 1, 3, 768 }, // _
    { 4, 3, 90, 1, 13, 2, 771 }, // `
    { 8, 9, 151, 1, 9, 9, 773 }, // a
    { 8, 12, 165, 1, 12, 12, 782 }, // b
    { 9, 9, 154, 1, 9, 11, 794 }, // c
    { 8, 12, 165, 1, 12, 12, 805 }, // d
    { 8, 9, 157, 1, 9, 9, 817 }, // e
    { 7, 12, 101, 0, 12, 11, 826 }, // f
    { 8, 12, 165, 1, 9, 12, 837 }, // g
    { 8, 12, 160, 1, 12, 12, 849 }, // h
    { 2, 12, 67, 1, 12, 3, 861 }, // i
    { 4, 15, 67, -1, 12, 8, 864 }, // j
    { 9, 12, 149, 1, 12, 14, 872 }, // k
    { 2, 12, 67, 1, 12, 3, 886 }, // l
    { 13, 9, 237, 1, 9, 15, 889 }, // m
    { 8, 9, 160, 1, 9, 9, 904 }, // n
    { 9, 9, 161, 1, 9, 11, 913 }, // o
    { 8, 12, 165, 1, 9, 12, 924 }, // p
    { 8, 12, 165, 1, 9, 12, 936 }, // q
    { 5, 10, 103, 1, 10, 7, 948 }, // r
    { 8, 9, 144, 0, 9, 9, 955 }, // s
    { 6, 11, 91, -1, 11, 9, 964 }, // t
    { 8, 9, 160, 1, 9, 9, 973 }, // u
    { 10, 9, 153, 0, 9, 12, 982 }, // v
    { 14, 9, 221, 0, 9, 16, 994 }, // w
    { 10, 9, 149, 0, 9, 12, 1010 }, // x
    { 10, 12, 153, 0, 9, 15, 1022 }, // y
    { 7, 9, 149, 1, 9, 8, 1037 }, // z
    { 5, 16, 117, 1, 12, 10, 1045 }, // {
    { 2, 20, 92, 2, 16, 5, 1055 }, // |
    { 6, 16, 117, 1, 12, 12, 1060 }, // }
    { 9, 5, 178, 1, 7, 6, 1072 }, // ~
    { 0, 0, 71, 0, 0, 0, 1078 }, // U+00A0
    { 2, 12, 81, 1, 9, 3, 1078 }, // U+00A1
    { 10, 8, 162, 0, 9, 10, 1081 }, // U+00AB
    { 6, 7, 122, 1, 13, 6, 1091 }, // U+00B0
    { 2, 3, 81, 1, 7, 1, 1097 }, // U+00B7
    { 7, 7, 129, 1, 13, 7, 1098 }, // U+00BA
    { 10, 8, 162, 0, 9, 10, 1105 }, // U+00BB
    { 8, 12, 141, 1, 9, 12, 1115 }, // U+00BF
    { 11, 16, 204, 1, 16, 22, 1127 }, // U+00D3
    { 10, 16, 197, 1, 16, 20, 1149 }, // U+00DA
    { 8, 13, 151, 1, 13, 13, 1169 }, // U+00E1
    { 8, 13, 157, 1, 13, 13, 1182 }, // U+00E9
    { 4, 13, 67, 1, 13, 7, 1195 }, // U+00ED
    { 8, 12, 160, 1, 12, 12, 1202 }, // U+00F1
    { 9, 13, 161, 1, 13, 15, 1214 }, // U+00F3
    { 8, 13, 160, 1, 13, 13, 1229 }, // U+00FA
    { 8, 12, 160, 1, 12, 12, 1242 }, // U+00FC
    { 4, 4, 0, 1, 0, 2, 1254 }, // U+0591
    { 4, 4, 0, 0, 14, 2, 1256 }, // U+0592
    { 3, 3, 0, 0, 14, 2, 1258 }, // U+0593
    { 2, 4, 0, 0, 14, 1, 1260 }, // U+0594
    { 3, 5, 0, 1, 15, 2, 1261 }, // U+0595
    { 4, 3, 0, 1, -1, 2, 1263 }, // U+0596
    { 3, 3, 0, 0, 13, 2, 1265 }, // U+0597
    { 4, 4, 0, 1, 14, 2, 1267 }, // U+0598
    { 4, 4, 0, 0, 14, 2, 1269 }, // U+0599
    { 3, 3, 0, 0, -1, 2, 1271 }, // U+059A
    { 4, 4, 0, 0, 0, 2, 1273 }, // U+059B
    { 4, 4, 0, 1, 14, 2, 1275 }, // U+059C
    { 4, 4, 0, 1, 14, 2, 1277 }, // U+059D
    { 5, 4, 0, 1, 14, 3, 1279 }, // U+059E
    { 6, 5, 0, 1, 15, 4, 1282 }, // U+059F
    { 4, 5, 0, 0, 15, 3, 1286 }, // U+05A0
    { 2, 3, 0, 1, 13, 1, 1289 }, // U+05A1
    { 4, 4, 0, 1, 0, 2, 1290 }, // U+05A2
    { 3, 3, 0, 1, -1, 2, 1292 }, // U+05A3
    { 3, 3, 0, 0, -1, 2, 1294 }, // U+05A4
    { 4, 3, 0, 0, -1, 2, 1296 }, // U+05A5
    { 6, 3, 0, 0, -2, 3, 1298 }, // U+05A6
    { 4, 3, 0, 0, -1, 2, 1301 }, // U+05A7
    { 4, 4, 0, 0, 14, 2, 1303 }, // U+05A8
    { 3, 5, 0, 1, 15, 2, 1305 }, // U+05A9
    { 4, 4, 0, 1, 0, 2, 1307 }, // U+05AA
    { 3, 3, 0, 0, 14, 2, 1309 }, // U+05AB
    { 3, 3, 0, 1, 14, 2, 1311 }, // U+05AC
    { 4, 3, 0, 1, -1, 2, 1313 }, // U+05AD
    { 4, 4, 0, 1, 14, 2, 1315 }, // U+05AE
    { 3, 5, 0, 1, 15, 2, 1317 }, // U+05AF
    { 2, 4, 0, 0, -1, 1, 1319 }, // U+05B0
    { 6, 4, 0, 0, -1, 3, 1320 }, // U+05B1
    { 6, 4, 0, 0, -1, 3, 1323 }, // U+05B2
    { 6, 4, 0, 0, -1, 3, 1326 }, // U+05B3
    { 2, 3, 0, 0, 0, 1, 1329 }, // U+05B4
    { 4, 3, 0, 0, 0, 2, 1330 }, // U+05B5
    { 4, 4, 0, 0, -1, 2, 1332 }, // U+05B6
    { 4, 3, 0, 0, 0, 2, 1334 }, // U+05B7
    { 5, 4, 0, 0, 0, 3, 1336 }, // U+05B8
    { 2, 3, 0, 0, 13, 1, 1339 }, // U+05B9
    { 2, 3, 0, 0, 13, 1, 1340 }, // U+05BA
    { 5, 4, 0, 0, -1, 3, 1341 }, // U+05BB
    { 2, 3, 0, 0, 7, 1, 1344 }, // U+05BC
    { 1, 3, 0, 1, -1, 1, 1345 }, // U+05BD
    { 4, 3, 86, 1, 11, 2, 1346 }, // U+05BE
    { 5, 3, 0, 0, 13, 2, 1348 }, // U+05BF
    { 2, 17, 140, 4, 13, 5, 1350 }, // U+05C0
    { 2, 3, 0, 0, 13, 1, 1355 }, // U+05C1
    { 2, 3, 0, 0, 13, 1, 1356 }, // U+05C2
    { 2, 10, 66, 1, 10, 3, 1357 }, // U+05C3
    { 2, 3, 0, 0, 13, 1, 1360 }, // U+05C4
    { 2, 3, 0, 0, 0, 1, 1361 }, // U+05C5
    { 5, 10, 106, 1, 10, 7, 1362 }, // U+05C6
    { 3, 4, 0, 1, 0, 2, 1369 }, // U+05C7
    { 10, 10, 169, 0, 10, 13, 1371 }, // U+05D0
    { 9, 10, 153, 0, 10, 12, 1384 }, // U+05D1
    { 6, 11, 100, 1, 10, 9, 1396 }, // U+05D2
    { 9, 10, 145, 0, 10, 12, 1405 }, // U+05D3
    { 9, 10, 167, 0, 10, 12, 1417 }, // U+05D4
    { 4, 10, 80, 0, 10, 5, 1429 }, // U+05D5
    { 5, 10, 88, 0, 10, 7, 1434 }, // U+05D6
    { 9, 10, 177, 1, 10, 12, 1441 }, // U+05D7
    { 9, 10, 169, 1, 10, 12, 1453 }, // U+05D8
    { 4, 6, 79, 0, 10, 3, 1465 }, // U+05D9
    { 8, 13, 145, 0, 10, 13, 1468 }, // U+05DA
    { 8, 10, 137, 0, 10, 10, 1481 }, // U+05DB
    { 8, 13, 139, 1, 13, 13, 1491 }, // U+05DC
    { 11, 10, 182, 0, 10, 14, 1504 }, // U+05DD
    { 11, 10, 176, 0, 10, 14, 1518 }, // U+05DE
    { 4, 13, 88, 0, 10, 7, 1532 }, // U+05DF
    { 5, 10, 101, 1, 10, 7, 1539 }, // U+05E0
    { 10, 10, 172, 0, 10, 13, 1546 }, // U+05E1
    { 9, 12, 158, 1, 11, 14, 1559 }, // U+05E2
    { 9, 13, 165, 1, 10, 15, 1573 }, // U+05E3
    { 9, 10, 160, 1, 10, 12, 1588 }, // U+05E4
    { 9, 13, 141, 0, 10, 15, 1600 }, // U+05E5
    { 8, 10, 148, 1, 10, 10, 1615 }, // U+05E6
    { 10, 13, 167, 1, 10, 17, 1625 }, // U+05E7
    { 8, 10, 140, 0, 10, 10, 1642 }, // U+05E8
    { 11, 10, 195, 1, 10, 14, 1652 }, // U+05E9
    { 10, 10, 183, 0, 10, 13, 1666 }, // U+05EA
    { 9, 10, 169, 0, 14, 12, 1679 }, // U+05EF
    { 9, 10, 157, 0, 10, 12, 1691 }, // U+05F0
    { 9, 10, 161, 0, 10, 12, 1703 }, // U+05F1
    { 9, 6, 160, 0, 10, 7, 1715 }, // U+05F2
    { 3, 4, 50, 0, 10, 2, 1722 }, // U+05F3
    { 6, 4, 97, 0, 10, 3, 1724 }, // U+05F4
    { 19, 6, 304, 0, 5, 15, 1727 }, // U+0600
    { 27, 6, 439, 0, 1, 21, 1742 }, // U+0601
    { 20, 5, 329, 1, 4, 13, 1763 }, // U+0602
    { 18, 6, 289, 0, 4, 14, 1776 }, // U+0603
    { 38, 11, 619, 0, 8, 53, 1790 }, // U+0604
    { 17, 4, 267, 0, 16, 9, 1843 }, // U+0605
    { 10, 14, 144, -1, 12, 18, 1852 }, // U+0606
    { 10, 13, 144, 0, 12, 17, 1870 }, // U+0607
    { 16, 13, 265, 0, 8, 26, 1887 }, // U+0608
    { 9, 10, 148, 0, 9, 12, 1913 }, // U+0609
    { 12, 10, 193, 0, 9, 15, 1925 }, // U+060A
    { 7, 18, 112, 0, 12, 16, 1940 }, // U+060B
    { 2, 5, 57, 1, 4, 2, 1956 }, // U+060C
    { 4, 6, 80, 1, 3, 3, 1958 }, // U+060D
    { 14, 6, 228, 1, 6, 11, 1961 }, // U+060E
    { 10, 15, 173, 0, 10, 19, 1972 }, // U+060F
    { 4, 5, 0, 0, 16, 3, 1991 }, // U+0610
    { 5, 5, 0, -1, 16, 4, 1994 }, // U+0611
    { 5, 5, 0, 0, 16, 4, 1998 }, // U+0612
    { 6, 5, 0, 0, 16, 4, 2002 }, // U+0613
    { 6, 3, 0, 0, 14, 3, 2006 }, // U+0614
    { 4, 5, 0, 0, 21, 3, 2009 }, // U+0615
    { 7, 7, 0, 0, 23, 7, 2012 }, // U+0616
    { 3, 7, 0, -1, 23, 3, 2019 }, // U+0617
    { 3, 2, 0, 0, 14, 1, 2022 }, // U+0618
    { 3, 5, 0, 0, 16, 2, 2023 }, // U+0619
    { 4, 3, 0, -1, 0, 2, 2025 }, // U+061A
    { 3, 10, 57, 1, 8, 4, 2027 }, // U+061B
    { 0, 0, 0, 0, 0, 0, 2031 }, // U+061C
    { 6, 10, 115, 1, 10, 8, 2031 }, // U+061D
    { 6, 6, 95, 0, 4, 5, 2039 }, // U+061E
    { 6, 12, 113, 1, 10, 9, 2044 }, // U+061F
    { 8, 12, 145, 1, 7, 12, 2053 }, // U+0620
    { 7, 7, 117, 1, 6, 7, 2065 }, // U+0621
    { 5, 15, 63, -1, 14, 10, 2072 }, // U+0622
    { 3, 17, 63, 1, 16, 7, 2082 }, // U+0623
    { 8, 14, 125, 0, 10, 14, 2089 }, // U+0624
    { 3, 16, 63, 0, 12, 6, 2103 }, // U+0625
    { 9, 12, 165, 1, 7, 14, 2109 }, // U+0626
    { 3, 12, 63, 0, 12, 5, 2123 }, // U+0627
    { 12, 11, 206, 1, 7, 17, 2128 }, // U+0628
    { 7, 11, 109, 0, 11, 10, 2145 }, // U+0629
    { 12, 8, 206, 1, 8, 12, 2155 }, // U+062A
    { 12, 9, 206, 1, 9, 14, 2167 }, // U+062B
    { 10, 13, 170, 1, 7, 17, 2181 }, // U+062C
    { 10, 13, 170, 1, 7, 17, 2198 }, // U+062D
    { 10, 16, 170, 1, 10, 20, 2215 }, // U+062E
    { 6, 7, 110, 1, 7, 6, 2235 }, // U+062F
    { 6, 11, 110, 1, 11, 9, 2241 }, // U+0630
    { 6, 10, 103, -1, 6, 8, 2250 }, // U+0631
    { 6, 14, 103, -1, 10, 11, 2258 }, // U+0632
    { 16, 11, 270, 1, 6, 22, 2269 }, // U+0633
    { 16, 14, 270, 1, 9, 28, 2291 }, // U+0634
    { 17, 12, 292, 1, 7, 26, 2319 }, // U+0635
    { 17, 15, 292, 1, 10, 32, 2345 }, // U+0636
    { 12, 12, 205, 0, 12, 18, 2377 }, // U+0637
    { 12, 12, 205, 0, 12, 18, 2395 }, // U+0638
    { 10, 14, 161, 1, 9, 18, 2413 }, // U+0639
    { 10, 17, 161, 1, 12, 22, 2431 }, // U+063A
    { 11, 12, 193, 1, 12, 17, 2453 }, // U+063B
    { 11, 16, 193, 1, 11, 22, 2470 }, // U+063C
    { 9, 12, 165, 1, 7, 14, 2492 }, // U+063D
    { 10, 12, 165, 0, 7, 15, 2506 }, // U+063E
    { 10, 12, 165, 0, 7, 15, 2521 }, // U+063F
    { 4, 2, 56, 0, 2, 1, 2536 }, // U+0640
    { 13, 12, 226, 1, 12, 20, 2537 }, // U+0641
    { 9, 15, 173, 1, 10, 17, 2557 }, // U+0642
    { 9, 12, 149, 0, 12, 14, 2574 }, // U+0643
    { 8, 17, 159, 1, 12, 17, 2588 }, // U+0644
    { 7, 13, 130, 1, 7, 12, 2605 }, // U+0645
    { 9, 12, 156, 1, 7, 14, 2617 }, // U+0646
    { 10, 9, 168, 0, 8, 12, 2631 }, // U+0647
    { 8, 11, 125, 0, 7, 11, 2643 }, // U+0648
    { 9, 12, 165, 1, 7, 14, 2654 }, // U+0649
    { 9, 15, 165, 1, 7, 17, 2668 }, // U+064A
    { 4, 4, 0, 0, 16, 2, 2685 }, // U+064B
    { 5, 5, 0, 0, 17, 4, 2687 }, // U+064C
    { 4, 4, 0, 0, 0, 2, 2691 }, // U+064D
    { 4, 3, 0, 0, 15, 2, 2693 }, // U+064E
    { 4, 5, 0, 0, 16, 3, 2695 }, // U+064F
    { 4, 3, 0, 0, 0, 2, 2698 }, // U+0650
    { 4, 4, 0, -1, 15, 2, 2700 }, // U+0651
    { 2, 5, 0, 0, 16, 2, 2702 }, // U+0652
    { 6, 3, 0, -1, 15, 3, 2704 }, // U+0653
    { 4, 5, 0, -1, 17, 3, 2707 }, // U+0654
    { 4, 5, 0, -1, 1, 3, 2710 }, // U+0655
    { 2, 5, 0, 0, 0, 2, 2713 }, // U+0656
    { 4, 5, 0, -1, 16, 3, 2715 }, // U+0657
    { 4, 4, 0, -1, 16, 2, 2718 }, // U+0658
    { 5, 3, 0, -1, 15, 2, 2720 }, // U+0659
    { 4, 4, 0, 0, 16, 2, 2722 }, // U+065A
    { 3, 4, 0, 0, 16, 2, 2724 }, // U+065B
    { 3, 3, 0, 0, 0, 2, 2726 }, // U+065C
    { 4, 5, 0, -1, 16, 3, 2728 }, // U+065D
    { 5, 4, 0, -1, 16, 3, 2731 }, // U+065E
    { 5, 5, 0, -1, 1, 4, 2734 }, // U+065F
    { 3, 4, 84, 1, 6, 2, 2738 }, // U+0660
    { 3, 10, 84, 1, 10, 4, 2740 }, // U+0661
    { 5, 11, 110, 1, 10, 7, 2744 }, // U+0662
    { 7, 11, 128, 1, 10, 10, 2751 }, // U+0663
    { 6, 10, 112, 1, 10, 8, 2761 }, // U+0664
    { 5, 9, 102, 1, 9, 6, 2769 }, // U+0665
    { 7, 11, 119, 0, 10, 10, 2775 }, // U+0666
    { 8, 10, 116, 0, 10, 10, 2785 }, // U+0667
    { 8, 10, 116, 0, 10, 10, 2795 }, // U+0668
    { 6, 11, 116, 1, 10, 9, 2805 }, // U+0669
    { 6, 10, 107, 0, 9, 8, 2814 }, // U+066A
    { 4, 8, 59, -1, 4, 4, 2822 }, // U+066B
    { 4, 8, 59, 0, 10, 4, 2826 }, // U+066C
    { 7, 7, 107, 0, 8, 7, 2830 }, // U+066D
    { 12, 7, 206, 1, 7, 11, 2837 }, // U+066E
    { 9, 12, 173, 1, 7, 14, 2848 }, // U+066F
    { 2, 5, 0, 0, 17, 2, 2862 }, // U+0670
    { 5, 17, 63, -1, 16, 11, 2864 }, // U+0671
    { 4, 17, 63, -1, 16, 9, 2875 }, // U+0672
    { 5, 17, 63, -1, 12, 11, 2884 }, // U+0673
    { 7, 7, 117, 1, 9, 7, 2895 }, // U+0674
    { 11, 12, 180, 0, 11, 17, 2902 }, // U+0675
    { 15, 13, 241, 0, 9, 25, 2919 }, // U+0676
    { 15, 15, 241, 0, 11, 29, 2944 }, // U+0677
    { 17, 15, 281, 1, 10, 32, 2973 }, // U+0678
    { 12, 9, 206, 1, 9, 14, 3005 }, // U+0679
    { 12, 10, 206, 1, 10, 15, 3019 }, // U+067A
    { 12, 12, 206, 1, 7, 18, 3034 }, // U+067B
    { 12, 11, 206, 1, 8, 17, 3052 }, // U+067C
    { 12, 9, 206, 1, 9, 14, 3069 }, // U+067D
    { 12, 12, 206, 1, 7, 18, 3083 }, // U+067E
    { 12, 9, 206, 1, 9, 14, 3101 }, // U+067F
    { 12, 11, 206, 1, 7, 17, 3115 }, // U+0680
    { 10, 17, 170, 1, 11, 22, 3132 }, // U+0681
    { 10, 17, 170, 1, 11, 22, 3154 }, // U+0682
    { 10, 13, 170, 1, 7, 17, 3176 }, // U+0683
    { 10, 13, 170, 1, 7, 17, 3193 }, // U+0684
    { 10, 17, 170, 1, 11, 22, 3210 }, // U+0685
    { 10, 13, 170, 1, 7, 17, 3232 }, // U+0686
    { 10, 13, 170, 1, 7, 17, 3249 }, // U+0687
    { 6, 11, 110, 1, 11, 9, 3266 }, // U+0688
    { 6, 10, 110, 1, 7, 8, 3275 }, // U+0689
    { 6, 11, 110, 1, 7, 9, 3283 }, // U+068A
    { 6, 15, 110, 1, 11, 12, 3292 }, // U+068B
    { 6, 10, 110, 1, 10, 8, 3304 }, // U+068C
    { 6, 11, 110, 1, 7, 9, 3312 }, // U+068D
    { 6, 11, 110, 1, 11, 9, 3321 }, // U+068E
    { 6, 11, 110, 1, 11, 9, 3330 }, // U+068F
    { 6, 11, 110, 1, 11, 9, 3339 }, // U+0690
    { 7, 15, 103, -1, 11, 14, 3348 }, // U+0691
    { 6, 14, 103, -1, 10, 11, 3362 }, // U+0692
    { 7, 11, 103, -1, 5, 10, 3373 }, // U+0693
    { 6, 13, 103, -1, 6, 10, 3383 }, // U+0694
    { 7, 13, 103, -1, 6, 12, 3393 }, // U+0695
    { 6, 13, 103, -1, 6, 10, 3405 }, // U+0696
    { 7, 13, 103, -1, 9, 12, 3415 }, // U+0697
    { 6, 14, 103, -1, 10, 11, 3427 }, // U+0698
    { 6, 14, 103, -1, 10, 11, 3438 }, // U+0699
    { 16, 13, 270, 1, 8, 26, 3449 }, // U+069A
    { 16, 11, 270, 1, 6, 22, 3475 }, // U+069B
    { 16, 14, 270, 1, 9, 28, 3497 }, // U+069C
    { 17, 12, 292, 1, 7, 26, 3525 }, // U+069D
    { 17, 16, 292, 1, 11, 34, 3551 }, // U+069E
    { 12, 12, 205, 0, 12, 18, 3585 }, // U+069F
    { 10, 18, 161, 1, 13, 23, 3603 }, // U+06A0
    { 13, 9, 226, 1, 9, 15, 3626 }, // U+06A1
    { 13, 13, 226, 1, 9, 22, 3641 }, // U+06A2
    { 13, 16, 226, 1, 12, 26, 3663 }, // U+06A3
    { 13, 13, 226, 1, 13, 22, 3689 }, // U+06A4
    { 13, 13, 226, 1, 9, 22, 3711 }, // U+06A5
    { 13, 12, 226, 1, 12, 20, 3733 }, // U+06A6
    { 9, 15, 173, 1, 10, 17, 3753 }, // U+06A7
    { 9, 16, 173, 1, 11, 18, 3770 }, // U+06A8
    { 11, 11, 193, 1, 11, 16, 3788 }, // U+06A9
    { 16, 9, 271, 0, 9, 18, 3804 }, // U+06AA
    { 11, 12, 193, 1, 12, 17, 3822 }, // U+06AB
    { 9, 12, 149, 0, 12, 14, 3839 }, // U+06AC
    { 9, 12, 149, 0, 12, 14, 3853 }, // U+06AD
    { 9, 17, 149, 0, 12, 20, 3867 }, // U+06AE
    { 11, 13, 193, 1, 13, 18, 3887 }, // U+06AF
    { 11, 13, 193, 1, 13, 18, 3905 }, // U+06B0
    { 11, 13, 193, 1, 13, 18, 3923 }, // U+06B1
    { 11, 17, 193, 1, 13, 24, 3941 }, // U+06B2
    { 11, 18, 193, 1, 13, 25, 3965 }, // U+06B3
    { 11, 14, 193, 1, 14, 20, 3990 }, // U+06B4
    { 8, 20, 159, 1, 15, 20, 4010 }, // U+06B5
    { 8, 20, 159, 1, 15, 20, 4030 }, // U+06B6
    { 9, 21, 159, 1, 16, 24, 4050 }, // U+06B7
    { 8, 20, 159, 1, 12, 20, 4074 }, // U+06B8
    { 9, 15, 156, 1, 7, 17, 4094 }, // U+06B9
    { 9, 9, 156, 1, 4, 11, 4111 }, // U+06BA
    { 9, 13, 156, 1, 8, 15, 4122 }, // U+06BB
    { 9, 14, 156, 1, 7, 16, 4137 }, // U+06BC
    { 9, 13, 156, 1, 8, 15, 4153 }, // U+06BD
    { 10, 9, 168, 0, 8, 12, 4168 }, // U+06BE
    { 10, 16, 170, 1, 10, 20, 4180 }, // U+06BF
    { 6, 12, 109, 1, 12, 9, 4200 }, // U+06C0
    { 6, 7, 109, 1, 7, 6, 4209 }, // U+06C1
    { 6, 12, 109, 1, 12, 9, 4215 }, // U+06C2
    { 7, 11, 109, 0, 11, 10, 4224 }, // U+06C3
    { 8, 11, 125, 0, 7, 11, 4234 }, // U+06C4
    { 8, 12, 125, 0, 7, 12, 4245 }, // U+06C5
    { 8, 14, 125, 0, 10, 14, 4257 }, // U+06C6
    { 8, 15, 125, 0, 11, 15, 4271 }, // U+06C7
    { 8, 18, 125, 0, 14, 18, 4286 }, // U+06C8
    { 8, 13, 125, 0, 9, 13, 4304 }, // U+06C9
    { 8, 14, 125, 0, 10, 14, 4317 }, // U+06CA
    { 8, 15, 125, 0, 11, 15, 4331 }, // U+06CB
    { 9, 12, 165, 1, 7, 14, 4346 }, // U+06CC
    { 12, 12, 165, -2, 7, 18, 4360 }, // U+06CD
    { 10, 12, 165, 0, 7, 15, 4378 }, // U+06CE
    { 8, 14, 125, 0, 10, 14, 4393 }, // U+06CF
    { 9, 16, 165, 1, 7, 18, 4407 }, // U+06D0
    { 9, 15, 165, 1, 7, 17, 4425 }, // U+06D1
    { 12, 6, 206, 1, 6, 9, 4442 }, // U+06D2
    { 12, 10, 206, 1, 10, 15, 4451 }, // U+06D3
    { 4, 2, 65, 0, 2, 1, 4466 }, // U+06D4
    { 6, 7, 109, 1, 7, 6, 4467 }, // U+06D5
    { 9, 8, 0, -1, 24, 9, 4473 }, // U+06D6
    { 7, 7, 0, -1, 23, 7, 4482 }, // U+06D7
    { 4, 4, 0, 0, 21, 2, 4489 }, // U+06D8
    { 5, 6, 0, -1, 22, 4, 4491 }, // U+06D9
    { 5, 6, 0, -1, 22, 4, 4495 }, // U+06DA
    { 4, 4, 0, 0, 21, 2, 4499 }, // U+06DB
    { 7, 5, 0, 0, 21, 5, 4501 }, // U+06DC
    { 19, 23, 336, 1, 18, 55, 4506 }, // U+06DD
    { 16, 16, 246, -1, 12, 32, 4561 }, // U+06DE
    { 3, 4, 0, 0, 15, 2, 4593 }, // U+06DF
    { 2, 5, 0, 0, 16, 2, 4595 }, // U+06E0
    { 4, 4, 0, -1, 16, 2, 4597 }, // U+06E1
    { 4, 6, 0, -1, 17, 3, 4599 }, // U+06E2
    { 7, 5, 0, 0, -1, 5, 4602 }, // U+06E3
    { 6, 3, 0, -1, 15, 3, 4607 }, // U+06E4
    { 4, 5, 55, 0, 3, 3, 4610 }, // U+06E5
    { 5, 3, 78, 0, 3, 2, 4613 }, // U+06E6
    { 5, 4, 0, 0, 15, 3, 4615 }, // U+06E7
    { 3, 5, 0, 0, 21, 2, 4618 }, // U+06E8
    { 9, 13, 136, 0, 12, 15, 4620 }, // U+06E9
    { 3, 3, 0, 0, 0, 2, 4635 }, // U+06EA
    { 3, 3, 0, 0, 15, 2, 4637 }, // U+06EB
    { 3, 3, 0, 0, 15, 2, 4639 }, // U+06EC
    { 4, 6, 0, -1, 0, 3, 4641 }, // U+06ED
    { 6, 10, 110, 1, 10, 8, 4644 }, // U+06EE
    { 6, 14, 103, -1, 10, 11, 4652 }, // U+06EF
    { 3, 4, 84, 1, 6, 2, 4663 }, // U+06F0
    { 3, 10, 84, 1, 10, 4, 4665 }, // U+06F1
    { 5, 11, 110, 1, 10, 7, 4669 }, // U+06F2
    { 7, 11, 128, 1, 10, 10, 4676 }, // U+06F3
    { 7, 11, 124, 1, 11, 10, 4686 }, // U+06F4
    { 6, 10, 121, 1, 10, 8, 4696 }, // U+06F5
    { 7, 11, 118, 0, 10, 10, 4704 }, // U+06F6
    { 8, 10, 116, 0, 10, 10, 4714 }, // U+06F7
    { 8, 10, 116, 0, 10, 10, 4724 }, // U+06F8
    { 6, 11, 116, 1, 10, 9, 4734 }, // U+06F9
    { 16, 14, 270, 1, 9, 28, 4743 }, // U+06FA
    { 17, 15, 292, 1, 10, 32, 4771 }, // U+06FB
    { 10, 17, 161, 1, 12, 22, 4803 }, // U+06FC
    { 7, 11, 117, 1, 6, 10, 4825 }, // U+06FD
    { 8, 13, 130, 1, 7, 13, 4835 }, // U+06FE
    { 10, 12, 168, 0, 11, 15, 4848 }, // U+06FF
    { 12, 10, 206, 1, 7, 15, 4863 }, // U+0750
    { 12, 13, 206, 1, 9, 20, 4878 }, // U+0751
    { 12, 12, 206, 1, 7, 18, 4898 }, // U+0752
    { 12, 13, 206, 1, 8, 20, 4916 }, // U+0753
    { 12, 12, 206, 1, 8, 18, 4936 }, // U+0754
    { 12, 11, 206, 1, 7, 17, 4954 }, // U+0755
    { 12, 9, 206, 1, 9, 14, 4971 }, // U+0756
    { 10, 16, 170, 1, 10, 20, 4985 }, // U+0757
    { 10, 13, 170, 1, 7, 17, 5005 }, // U+0758
    { 6, 16, 110, 1, 11, 12, 5022 }, // U+0759
    { 6, 11, 110, 1, 7, 9, 5034 }, // U+075A
    { 7, 11, 103, -1, 6, 10, 5043 }, // U+075B
    { 16, 14, 270, 1, 9, 28, 5053 }, // U+075C
    { 10, 17, 161, 1, 12, 22, 5081 }, // U+075D
    { 10, 18, 161, 1, 13, 23, 5103 }, // U+075E
    { 10, 18, 161, 1, 13, 23, 5126 }, // U+075F
    { 13, 12, 226, 1, 9, 20, 5149 }, // U+0760
    { 13, 13, 226, 1, 9, 22, 5169 }, // U+0761
    { 11, 12, 193, 1, 12, 17, 5191 }, // U+0762
    { 11, 13, 193, 1, 13, 18, 5208 }, // U+0763
    { 11, 16, 193, 1, 11, 22, 5226 }, // U+0764
    { 7, 16, 130, 1, 10, 14, 5248 }, // U+0765
    { 7, 13, 130, 1, 7, 12, 5262 }, // U+0766
    { 9, 15, 156, 1, 7, 17, 5274 }, // U+0767
    { 9, 16, 156, 1, 11, 18, 5291 }, // U+0768
    { 9, 15, 156, 1, 10, 17, 5309 }, // U+0769
    { 9, 17, 159, 1, 12, 20, 5326 }, // U+076A
    { 6, 15, 103, -1, 11, 12, 5346 }, // U+076B
    { 7, 14, 103, -1, 10, 13, 5358 }, // U+076C
    { 16, 14, 270, 1, 9, 28, 5371 }, // U+076D
    { 10, 12, 170, 1, 7, 15, 5399 }, // U+076E
    { 10, 13, 170, 1, 7, 17, 5414 }, // U+076F
    { 16, 16, 270, 1, 11, 32, 5431 }, // U+0770
    { 7, 17, 103, -1, 13, 15, 5463 }, // U+0771
    { 10, 17, 170, 1, 11, 22, 5478 }, // U+0772
    { 4, 13, 63, -1, 12, 7, 5500 }, // U+0773
    { 4, 13, 63, -1, 12, 7, 5507 }, // U+0774
    { 9, 13, 165, 1, 8, 15, 5514 }, // U+0775
    { 9, 13, 165, 1, 8, 15, 5529 }, // U+0776
    { 9, 17, 165, 1, 6, 20, 5544 }, // U+0777
    { 8, 13, 125, 0, 9, 13, 5564 }, // U+0778
    { 8, 13, 125, 0, 9, 13, 5577 }, // U+0779
    { 13, 10, 206, 0, 10, 17, 5590 }, // U+077A
    { 13, 10, 206, 0, 10, 17, 5607 }, // U+077B
    { 10, 13, 170, 1, 7, 17, 5624 }, // U+077C
    { 16, 16, 270, 1, 11, 32, 5641 }, // U+077D
    { 16, 13, 270, 1, 8, 26, 5673 }, // U+077E
    { 9, 12, 149, 0, 12, 14, 5699 }, // U+077F
    { 3, 12, 0, -1, 11, 5, 5713 }, // U+200C
    { 5, 12, 0, -2, 11, 8, 5718 }, // U+200D
    { 6, 14, 0, -1, 12, 11, 5726 }, // U+200E
    { 6, 14, 0, -4, 12, 11, 5737 }, // U+200F
    { 17, 3, 267, 0, 7, 7, 5748 }, // U+2014
    { 13, 3, 243, 1, 3, 5, 5755 }, // U+2026
    { 13, 11, 255, 1, 11, 18, 5760 }, // U+2190
    { 12, 13, 229, 1, 13, 20, 5778 }, // U+2191
    { 13, 11, 255, 2, 11, 18, 5798 }, // U+2192
    { 12, 14, 229, 1, 13, 21, 5816 }, // U+2193
    { 16, 15, 245, 0, 14, 30, 5837 }, // U+AC00
    { 16, 15, 245, 0, 14, 30, 5867 }, // U+AC01
    { 14, 15, 245, 1, 14, 27, 5897 }, // U+AC04
    { 16, 15, 245, 0, 14, 30, 5924 }, // U+AC08
    { 15, 16, 245, 0, 14, 30, 5954 }, // U+AC12
    { 15, 15, 245, 0, 14, 29, 5984 }, // U+AC15
    { 14, 15, 245, 0, 14, 27, 6013 }, // U+AC1C
    { 14, 15, 245, 0, 14, 27, 6040 }, // U+AC24
    { 14, 15, 245, 0, 14, 27, 6067 }, // U+AC70
    { 14, 15, 245, 0, 14, 27, 6094 }, // U+AC80
    { 14, 15, 245, 0, 14, 27, 6121 }, // U+AC8C
    { 15, 16, 245, 0, 14, 30, 6148 }, // U+ACA0
    { 14, 15, 245, 0, 14, 27, 6178 }, // U+ACA8
    { 14, 15, 245, 0, 14, 27, 6205 }, // U+ACA9
    { 14, 15, 245, 0, 14, 27, 6232 }, // U+ACB0
    { 14, 15, 245, 0, 14, 27, 6259 }, // U+ACBD
    { 14, 15, 245, 0, 14, 27, 6286 }, // U+ACC4
    { 15, 13, 245, 0, 13, 25, 6313 }, // U+ACE0
    { 15, 14, 245, 0, 13, 27, 6338 }, // U+ACF5
    { 15, 15, 245, 0, 14, 29, 6365 }, // U+ACFC
    { 15, 15, 245, 0, 14, 29, 6394 }, // U+AD00
    { 14, 14, 245, 1, 13, 25, 6423 }, // U+AD6C
    { 15, 14, 245, 0, 13, 27, 6448 }, // U+AD6D
    { 14, 15, 245, 0, 14, 27, 6475 }, // U+ADC0
    { 15, 14, 245, 0, 13, 27, 6502 }, // U+ADE0
    { 14, 13, 245, 1, 13, 23, 6529 }, // U+ADF8
    { 14, 14, 245, 1, 13, 25, 6552 }, // U+ADFC
    { 14, 14, 245, 1, 13, 25, 6577 }, // U+AE00
    { 14, 14, 245, 1, 13, 25, 6602 }, // U+AE08
    { 14, 14, 245, 1, 13, 25, 6627 }, // U+AE09
    { 13, 15, 245, 0, 14, 25, 6652 }, // U+AE30
    { 14, 15, 245, 0, 14, 27, 6677 }, // U+AE38
    { 13, 15, 245, 0, 14, 25, 6704 }, // U+AE40
    { 16, 15, 245, 0, 14, 30, 6729 }, // U+AE4C
    { 14, 15, 245, 0, 14, 27, 6759 }, // U+AECD
    { 14, 15, 245, 0, 14, 27, 6786 }, // U+AED8
    { 15, 14, 245, 0, 13, 27, 6813 }, // U+AF34
    { 15, 14, 245, 0, 13, 27, 6840 }, // U+AFB8
    { 14, 13, 245, 1, 13, 23, 6867 }, // U+B044
    { 14, 14, 245, 1, 13, 25, 6890 }, // U+B05D
    { 15, 15, 245, 1, 14, 29, 6915 }, // U+B098
    { 14, 15, 245, 1, 14, 27, 6944 }, // U+B09C
    { 14, 15, 245, 1, 14, 27, 6971 }, // U+B0A0
    { 15, 15, 245, 1, 14, 29, 6998 }, // U+B0A8
    { 14, 16, 245, 1, 14, 28, 7027 }, // U+B0AC
    { 13, 15, 245, 1, 14, 25, 7055 }, // U+B0B4
    { 14, 15, 245, 1, 14, 27, 7080 }, // U+B0B8
    { 13, 15, 245, 1, 14, 25, 7107 }, // U+B108
    { 13, 15, 245, 2, 14, 25, 7132 }, // U+B113
    { 13, 15, 245, 2, 14, 25, 7157 }, // U+B118
    { 13, 15, 245, 1, 14, 25, 7182 }, // U+B123
    { 13, 15, 245, 1, 14, 25, 7207 }, // U+B124
    { 12, 15, 245, 2, 14, 23, 7232 }, // U+B141
    { 15, 14, 245, 0, 13, 27, 7255 }, // U+B193
    { 15, 14, 245, 0, 13, 27, 7282 }, // U+B204
    { 15, 14, 245, 0, 13, 27, 7309 }, // U+B20C
    { 15, 14, 245, 0, 13, 27, 7336 }, // U+B274
    { 14, 14, 245, 1, 13, 25, 7363 }, // U+B294
    { 14, 14, 245, 1, 13, 25, 7388 }, // U+B298
    { 14, 14, 245, 1, 13, 25, 7413 }, // U+B2A5
    { 12, 15, 245, 2, 14, 23, 7438 }, // U+B2C8
    { 15, 15, 245, 1, 14, 29, 7461 }, // U+B2E4
    { 14, 15, 245, 1, 14, 27, 7490 }, // U+B2E8
    { 14, 15, 245, 1, 14, 27, 7517 }, // U+B2EB
    { 14, 15, 245, 1, 14, 27, 7544 }, // U+B2F9
    { 13, 15, 245, 1, 14, 25, 7571 }, // U+B300
    { 12, 15, 245, 1, 14, 23, 7596 }, // U+B354
    { 13, 15, 245, 1, 14, 25, 7619 }, // U+B370
    { 15, 13, 245, 0, 13, 25, 7644 }, // U+B3C4
    { 15, 14, 245, 0, 13, 27, 7669 }, // U+B3C5
    { 15, 14, 245, 0, 13, 27, 7696 }, // U+B3CC
    { 15, 14, 245, 0, 13, 27, 7723 }, // U+B3D9
    { 14, 15, 245, 0, 14, 27, 7750 }, // U+B418
    { 14, 15, 245, 0, 14, 27, 7777 }, // U+B41C
    { 14, 15, 245, 0, 14, 27, 7804 }, // U+B428
    { 14, 15, 245, 0, 14, 27, 7831 }, // U+B429
    { 15, 14, 245, 0, 13, 27, 7858 }, // U+B450
    { 15, 14, 245, 0, 13, 27, 7885 }, // U+B461
    { 13, 15, 245, 0, 14, 25, 7912 }, // U+B4A4
    { 14, 13, 245, 1, 13, 23, 7937 }, // U+B4DC
    { 14, 14, 245, 1, 13, 25, 7960 }, // U+B4E0
    { 12, 15, 245, 2, 14, 23, 7985 }, // U+B514
    { 12, 15, 245, 2, 14, 23, 8008 }, // U+B529
    { 13, 15, 245, 1, 14, 25, 8031 }, // U+B54C
    { 14, 13, 245, 1, 13, 23, 8056 }, // U+B610
    { 13, 15, 245, 0, 14, 25, 8079 }, // U+B6F0
    { 15, 15, 245, 1, 14, 29, 8104 }, // U+B77C
    { 15, 15, 245, 1, 14, 29, 8133 }, // U+B77D
    { 15, 15, 245, 1, 14, 29, 8162 }, // U+B78C
    { 13, 15, 245, 1, 14, 25, 8191 }, // U+B798
    { 13, 15, 245, 1, 14, 25, 8216 }, // U+B7EC
    { 13, 15, 245, 1, 14, 25, 8241 }, // U+B808
    { 13, 15, 245, 1, 14, 25, 8266 }, // U+B824
    { 13, 15, 245, 1, 14, 25, 8291 }, // U+B825
    { 13, 15, 245, 1, 14, 25, 8316 }, // U+B82C
    { 13, 15, 245, 1, 14, 25, 8341 }, // U+B835
    { 14, 16, 245, 1, 14, 28, 8366 }, // U+B838
    { 15, 13, 245, 0, 13, 25, 8394 }, // U+B85C
    { 15, 14, 245, 0, 13, 27, 8419 }, // U+B85D
    { 15, 13, 245, 0, 13, 25, 8446 }, // U+B8CC
    { 15, 14, 245, 0, 13, 27, 8471 }, // U+B8E8
    { 15, 14, 245, 0, 13, 27, 8498 }, // U+B958
    { 15, 14, 245, 0, 13, 27, 8525 }, // U+B960
    { 14, 13, 245, 1, 13, 23, 8552 }, // U+B974
    { 14, 14, 245, 1, 13, 25, 8575 }, // U+B978
    { 14, 14, 245, 1, 13, 25, 8600 }, // U+B97C
    { 14, 14, 245, 1, 13, 25, 8625 }, // U+B984
    { 13, 15, 245, 1, 14, 25, 8650 }, // U+B9AC
    { 12, 15, 245, 1, 14, 23, 8675 }, // U+B9AD
    { 13, 15, 245, 1, 14, 25, 8698 }, // U+B9B0
    { 13, 15, 245, 1, 14, 25, 8723 }, // U+B9C1
    { 15, 15, 245, 1, 14, 29, 8748 }, // U+B9C8
    { 14, 16, 245, 1, 14, 28, 8777 }, // U+B9DE
    { 13, 15, 245, 1, 14, 25, 8805 }, // U+B9E4
    { 13, 15, 245, 1, 14, 25, 8830 }, // U+BA3C
    { 13, 15, 245, 1, 14, 25, 8855 }, // U+BA54
    { 13, 15, 245, 1, 14, 25, 8880 }, // U+BA74
    { 13, 15, 245, 1, 14, 25, 8905 }, // U+BA85
    { 13, 16, 245, 1, 14, 26, 8930 }, // U+BA87
    { 14, 13, 245, 1, 13, 23, 8956 }, // U+BAA8
    { 15, 14, 245, 0, 13, 27, 8979 }, // U+BAA9
    { 15, 15, 245, 0, 13, 29, 9006 }, // U+BABB
    { 15, 14, 245, 0, 13, 27, 9035 }, // U+BB34
    { 15, 14, 245, 0, 13, 27, 9062 }, // U+BB38
    { 12, 15, 245, 1, 14, 23, 9089 }, // U+BBF8
    { 13, 15, 245, 1, 14, 25, 9112 }, // U+BC00
    { 14, 16, 245, 1, 14, 28, 9137 }, // U+BC0F
    { 15, 15, 245, 1, 14, 29, 9165 }, // U+BC14
    { 14, 15, 245, 1, 14, 27, 9194 }, // U+BC18
    { 14, 16, 245, 1, 14, 28, 9221 }, // U+BC1D
    { 14, 15, 245, 1, 14, 27, 9249 }, // U+BC24
    { 14, 15, 245, 1, 14, 27, 9276 }, // U+BC29
    { 13, 15, 245, 1, 14, 25, 9303 }, // U+BC30
    { 13, 15, 245, 1, 14, 25, 9328 }, // U+BC31
    { 13, 15, 245, 1, 14, 25, 9353 }, // U+BC84
    { 13, 15, 245, 1, 14, 25, 9378 }, // U+BC88
    { 13, 15, 245, 1, 14, 25, 9403 }, // U+BC94
    { 14, 16, 245, 1, 14, 28, 9428 }, // U+BC97
    { 13, 15, 245, 1, 14, 25, 9456 }, // U+BCA0
    { 13, 15, 245, 1, 14, 25, 9481 }, // U+BCC0
    { 13, 15, 245, 1, 14, 25, 9506 }, // U+BCC4
    { 14, 14, 245, 1, 14, 25, 9531 }, // U+BCF4
    { 15, 14, 245, 0, 13, 27, 9556 }, // U+BCF5
    { 15, 14, 245, 0, 13, 27, 9583 }, // U+BCF8
    { 15, 14, 245, 0, 13, 27, 9610 }, // U+BD80
    { 15, 14, 245, 0, 13, 27, 9637 }, // U+BD81
    { 15, 14, 245, 0, 13, 27, 9664 }, // U+BD84
    { 15, 14, 245, 0, 13, 27, 9691 }, // U+BD88
    { 14, 13, 245, 1, 13, 23, 9718 }, // U+BE0C
    { 12, 15, 245, 1, 14, 23, 9741 }, // U+BE44
    { 13, 15, 245, 1, 14, 25, 9764 }, // U+BE48
    { 14, 16, 245, 1, 14, 28, 9789 }, // U+BE5B
    { 15, 15, 245, 0, 14, 29, 9817 }, // U+BE60
    { 16, 15, 245, 0, 14, 30, 9846 }, // U+C0AC
    { 15, 15, 245, 0, 14, 29, 9876 }, // U+C0AD
    { 15, 15, 245, 0, 14, 29, 9905 }, // U+C0B0
    { 15, 15, 245, 0, 14, 29, 9934 }, // U+C0C1
    { 14, 15, 245, 0, 14, 27, 9963 }, // U+C0C8
    { 14, 15, 245, 0, 14, 27, 9990 }, // U+C0C9
    { 14, 15, 245, 0, 14, 27, 10017 }, // U+C0DD
    { 16, 16, 245, 0, 14, 32, 10044 }, // U+C0F7
    { 14, 15, 245, 0, 14, 27, 10076 }, // U+C11C
    { 13, 15, 245, 1, 14, 25, 10103 }, // U+C11D
    { 14, 15, 245, 0, 14, 27, 10128 }, // U+C120
    { 14, 15, 245, 0, 14, 27, 10155 }, // U+C124
    { 14, 15, 245, 0, 14, 27, 10182 }, // U+C131
    { 14, 15, 245, 0, 14, 27, 10209 }, // U+C138
    { 14, 15, 245, 0, 14, 27, 10236 }, // U+C139
    { 15, 16, 245, 0, 14, 30, 10263 }, // U+C14B
    { 14, 15, 245, 0, 14, 27, 10293 }, // U+C158
    { 14, 13, 245, 1, 13, 23, 10320 }, // U+C18C
    { 14, 14, 245, 1, 13, 25, 10343 }, // U+C18D
    { 15, 14, 245, 0, 13, 27, 10368 }, // U+C190
    { 15, 14, 245, 0, 13, 27, 10395 }, // U+C1A1
    { 14, 14, 245, 1, 13, 25, 10422 }, // U+C218
    { 15, 14, 245, 0, 13, 27, 10447 }, // U+C228
    { 14, 13, 245, 1, 13, 23, 10474 }, // U+C2A4
    { 14, 14, 245, 1, 13, 25, 10497 }, // U+C2B5
    { 13, 15, 245, 0, 14, 25, 10522 }, // U+C2DC
    { 13, 15, 245, 0, 14, 25, 10547 }, // U+C2DD
    { 14, 15, 245, 0, 14, 27, 10572 }, // U+C2E0
    { 14, 15, 245, 0, 14, 27, 10599 }, // U+C2E4
    { 14, 15, 245, 0, 14, 27, 10626 }, // U+C2F1
    { 14, 13, 245, 1, 13, 23, 10653 }, // U+C4F0
    { 15, 15, 245, 1, 14, 29, 10676 }, // U+C544
    { 15, 15, 245, 1, 14, 29, 10705 }, // U+C548
    { 14, 16, 245, 1, 14, 28, 10734 }, // U+C54A
    { 14, 15, 245, 1, 14, 27, 10762 }, // U+C554
    { 15, 16, 245, 1, 14, 30, 10789 }, // U+C558
    { 14, 15, 245, 1, 14, 27, 10819 }, // U+C564
    { 14, 15, 245, 1, 14, 27, 10846 }, // U+C568
    { 15, 15, 245, 1, 14, 29, 10873 }, // U+C57C
    { 14, 15, 245, 1, 14, 27, 10902 }, // U+C587
    { 14, 15, 245, 1, 14, 27, 10929 }, // U+C591
    { 13, 15, 245, 1, 14, 25, 10956 }, // U+C5B4
    { 13, 15, 245, 1, 14, 25, 10981 }, // U+C5B8
    { 13, 15, 245, 1, 14, 25, 11006 }, // U+C5BC
    { 13, 15, 245, 1, 14, 25, 11031 }, // U+C5C5
    { 14, 16, 245, 1, 14, 28, 11056 }, // U+C5C6
    { 14, 16, 245, 1, 14, 28, 11084 }, // U+C5C8
    { 13, 15, 245, 1, 14, 25, 11112 }, // U+C5D0
    { 13, 15, 245, 1, 14, 25, 11137 }, // U+C5EC
    { 13, 15, 245, 1, 14, 25, 11162 }, // U+C5ED
    { 13, 15, 245, 1, 14, 25, 11187 }, // U+C5F0
    { 13, 15, 245, 1, 14, 25, 11212 }, // U+C5F4
    { 13, 15, 245, 1, 14, 25, 11237 }, // U+C5FD
    { 13, 15, 245, 1, 14, 25, 11262 }, // U+C608
    { 14, 13, 245, 1, 13, 23, 11287 }, // U+C624
    { 14, 14, 245, 1, 13, 25, 11310 }, // U+C62C
    { 15, 15, 245, 0, 14, 29, 11335 }, // U+C640
    { 15, 15, 245, 0, 14, 29, 11364 }, // U+C644
    { 13, 15, 245, 1, 14, 25, 11393 }, // U+C67C
    { 15, 13, 245, 0, 13, 25, 11418 }, // U+C694
    { 15, 14, 245, 0, 13, 27, 11443 }, // U+C6A9
    { 14, 14, 245, 1, 13, 25, 11470 }, // U+C6B0
    { 15, 14, 245, 0, 13, 27, 11495 }, // U+C6B4
    { 14, 14, 245, 1, 13, 25, 11522 }, // U+C6B8
    { 14, 14, 245, 1, 13, 25, 11547 }, // U+C6C3
    { 15, 15, 245, 0, 14, 29, 11572 }, // U+C6CC
    { 15, 15, 245, 0, 14, 29, 11601 }, // U+C6D0
    { 14, 15, 245, 0, 14, 27, 11630 }, // U+C6D4
    { 14, 15, 245, 0, 14, 27, 11657 }, // U+C6E8
    { 14, 15, 245, 0, 14, 27, 11684 }, // U+C6F9
    { 14, 15, 245, 0, 14, 27, 11711 }, // U+C704
    { 15, 14, 245, 0, 13, 27, 11738 }, // U+C720
    { 14, 13, 245, 1, 13, 23, 11765 }, // U+C73C
    { 14, 14, 245, 1, 13, 25, 11788 }, // U+C740
    { 14, 14, 245, 1, 13, 25, 11813 }, // U+C744
    { 14, 14, 245, 1, 13, 25, 11838 }, // U+C74C
    { 13, 15, 245, 0, 14, 25, 11863 }, // U+C758
    { 12, 15, 245, 1, 14, 23, 11888 }, // U+C774
    { 13, 15, 245, 1, 14, 25, 11911 }, // U+C778
    { 13, 15, 245, 1, 14, 25, 11936 }, // U+C77C
    { 12, 16, 245, 1, 14, 24, 11961 }, // U+C77D
    { 12, 15, 245, 1, 14, 23, 11985 }, // U+C784
    { 12, 15, 245, 1, 14, 23, 12008 }, // U+C785
    { 14, 16, 245, 1, 14, 28, 12031 }, // U+C788
    { 16, 15, 245, 0, 14, 30, 12059 }, // U+C790
    { 15, 15, 245, 0, 14, 29, 12089 }, // U+C791
    { 16, 15, 245, 0, 14, 30, 12118 }, // U+C798
    { 15, 15, 245, 0, 14, 29, 12148 }, // U+C7A0
    { 15, 15, 245, 0, 14, 29, 12177 }, // U+C7A5
    { 14, 15, 245, 0, 14, 27, 12206 }, // U+C7AC
    { 15, 15, 245, 0, 14, 29, 12233 }, // U+C800
    { 14, 15, 245, 0, 14, 27, 12262 }, // U+C801
    { 14, 15, 245, 0, 14, 27, 12289 }, // U+C804
    { 14, 15, 245, 0, 14, 27, 12316 }, // U+C808
    { 14, 15, 245, 0, 14, 27, 12343 }, // U+C815
    { 14, 15, 245, 0, 14, 27, 12370 }, // U+C81C
    { 14, 15, 245, 0, 14, 27, 12397 }, // U+C838
    { 15, 16, 245, 0, 14, 30, 12424 }, // U+C84C
    { 15, 13, 245, 0, 13, 25, 12454 }, // U+C870
    { 15, 14, 245, 0, 13, 27, 12479 }, // U+C874
    { 15, 14, 245, 0, 13, 27, 12506 }, // U+C881
    { 15, 14, 245, 0, 13, 27, 12533 }, // U+C885
    { 15, 15, 245, 0, 14, 29, 12560 }, // U+C88C
    { 14, 14, 245, 1, 13, 25, 12589 }, // U+C8FC
    { 15, 14, 245, 0, 13, 27, 12614 }, // U+C900
    { 15, 14, 245, 0, 13, 27, 12641 }, // U+C904
    { 15, 14, 245, 0, 13, 27, 12668 }, // U+C911
    { 14, 14, 245, 1, 13, 25, 12695 }, // U+C990
    { 14, 14, 245, 1, 13, 25, 12720 }, // U+C99D
    { 13, 15, 245, 0, 14, 25, 12745 }, // U+C9C0
    { 13, 15, 245, 0, 14, 25, 12770 }, // U+C9C1
    { 14, 15, 245, 0, 14, 27, 12795 }, // U+C9C4
    { 13, 15, 245, 0, 14, 25, 12822 }, // U+C9D0
    { 13, 15, 245, 0, 14, 25, 12847 }, // U+C9D1
    { 15, 15, 245, 0, 14, 29, 12872 }, // U+C9DC
    { 15, 15, 245, 0, 14, 29, 12901 }, // U+C9E7
    { 15, 15, 245, 0, 14, 29, 12930 }, // U+C9F8
    { 15, 14, 245, 0, 13, 27, 12959 }, // U+CABD
    { 14, 15, 245, 0, 14, 27, 12986 }, // U+CC0D
    { 15, 16, 245, 0, 14, 30, 13013 }, // U+CC3E
    { 13, 15, 245, 1, 14, 25, 13043 }, // U+CC45
    { 14, 16, 245, 0, 15, 28, 13068 }, // U+CC55
    { 15, 16, 245, 0, 14, 30, 13096 }, // U+CCAB
    { 14, 15, 245, 0, 14, 27, 13126 }, // U+CCB4
    { 15, 13, 245, 0, 13, 25, 13153 }, // U+CD08
    { 15, 15, 245, 0, 14, 29, 13178 }, // U+CD1D
    { 14, 16, 245, 0, 15, 28, 13207 }, // U+CD5C
    { 14, 15, 245, 1, 14, 27, 13235 }, // U+CD94
    { 14, 15, 245, 0, 14, 27, 13262 }, // U+CD9C
    { 15, 15, 245, 0, 14, 29, 13289 }, // U+CDA4
    { 15, 15, 245, 0, 14, 29, 13318 }, // U+CDA9
    { 14, 16, 245, 0, 15, 28, 13347 }, // U+CDE8
    { 14, 15, 245, 1, 14, 27, 13375 }, // U+CE21
    { 13, 15, 245, 1, 14, 25, 13402 }, // U+CE58
    { 13, 15, 245, 0, 14, 25, 13427 }, // U+CE68
    { 14, 15, 245, 0, 14, 27, 13452 }, // U+CE6D
    { 16, 15, 245, 0, 14, 30, 13479 }, // U+CE74
    { 15, 15, 245, 0, 14, 29, 13509 }, // U+CE90
    { 14, 15, 245, 0, 14, 27, 13538 }, // U+CE94
    { 14, 15, 245, 0, 14, 27, 13565 }, // U+CEE4
    { 14, 15, 245, 0, 14, 27, 13592 }, // U+CEEC
    { 14, 15, 245, 0, 14, 27, 13619 }, // U+CF1C
    { 15, 13, 245, 0, 13, 25, 13646 }, // U+CF54
    { 14, 13, 245, 1, 13, 23, 13671 }, // U+D06C
    { 14, 14, 245, 1, 13, 25, 13694 }, // U+D074
    { 14, 14, 245, 1, 13, 25, 13719 }, // U+D07D
    { 13, 15, 245, 0, 14, 25, 13744 }, // U+D0A4
    { 13, 15, 245, 0, 14, 25, 13769 }, // U+D0B5
    { 16, 15, 245, 0, 14, 30, 13794 }, // U+D0C0
    { 13, 15, 245, 1, 14, 25, 13824 }, // U+D0DC
    { 13, 15, 245, 1, 14, 25, 13849 }, // U+D0DD
    { 14, 15, 245, 0, 14, 27, 13874 }, // U+D130
    { 13, 15, 245, 1, 14, 25, 13901 }, // U+D140
    { 13, 15, 245, 1, 14, 25, 13926 }, // U+D14C
    { 13, 15, 245, 1, 14, 25, 13951 }, // U+D14D
    { 13, 15, 245, 1, 14, 25, 13976 }, // U+D15C
    { 15, 13, 245, 0, 13, 25, 14001 }, // U+D1A0
    { 15, 14, 245, 0, 13, 27, 14026 }, // U+D1B5
    { 13, 15, 245, 0, 14, 25, 14053 }, // U+D1F4
    { 14, 13, 245, 1, 13, 23, 14078 }, // U+D2B8
    { 14, 14, 245, 1, 13, 25, 14101 }, // U+D2BC
    { 13, 15, 245, 1, 14, 25, 14126 }, // U+D2F0
    { 13, 15, 245, 1, 14, 25, 14151 }, // U+D301
    { 13, 15, 245, 1, 14, 25, 14176 }, // U+D305
    { 16, 15, 245, 0, 14, 30, 14201 }, // U+D30C
    { 15, 16, 245, 0, 14, 30, 14231 }, // U+D31F
    { 14, 15, 245, 0, 14, 27, 14261 }, // U+D328
    { 13, 15, 245, 0, 14, 25, 14288 }, // U+D38C
    { 14, 15, 245, 0, 14, 27, 14313 }, // U+D398
    { 15, 16, 245, 0, 14, 30, 14340 }, // U+D3AB
    { 14, 15, 245, 0, 14, 27, 14370 }, // U+D3B8
    { 13, 15, 245, 0, 14, 25, 14397 }, // U+D3C9
    { 15, 13, 245, 0, 13, 25, 14422 }, // U+D3EC
    { 15, 14, 245, 0, 13, 27, 14447 }, // U+D3F0
    { 15, 14, 245, 0, 13, 27, 14474 }, // U+D3F4
    { 15, 13, 245, 0, 13, 25, 14501 }, // U+D45C
    { 14, 14, 245, 1, 14, 25, 14526 }, // U+D504
    { 14, 14, 245, 1, 13, 25, 14551 }, // U+D508
    { 14, 14, 245, 1, 13, 25, 14576 }, // U+D50C
    { 13, 15, 245, 1, 14, 25, 14601 }, // U+D53C
    { 13, 15, 245, 1, 14, 25, 14626 }, // U+D544
    { 13, 15, 245, 1, 14, 25, 14651 }, // U+D551
    { 16, 15, 245, 0, 14, 30, 14676 }, // U+D558
    { 15, 15, 245, 0, 14, 29, 14706 }, // U+D55C
    { 15, 16, 245, 0, 15, 30, 14735 }, // U+D560
    { 15, 16, 245, 0, 15, 30, 14765 }, // U+D568
    { 15, 16, 245, 0, 15, 30, 14795 }, // U+D569
    { 15, 16, 245, 0, 14, 30, 14825 }, // U+D56B
    { 15, 16, 245, 0, 15, 30, 14855 }, // U+D56D
    { 14, 15, 245, 0, 14, 27, 14885 }, // U+D574
    { 15, 16, 245, 0, 14, 30, 14912 }, // U+D587
    { 16, 16, 245, 0, 14, 32, 14942 }, // U+D588
    { 15, 15, 245, 0, 14, 29, 14974 }, // U+D589
    { 15, 16, 245, 0, 15, 30, 15003 }, // U+D5A5
    { 14, 16, 245, 0, 15, 28, 15033 }, // U+D604
    { 14, 15, 245, 0, 14, 27, 15061 }, // U+D615
    { 15, 13, 245, 0, 13, 25, 15088 }, // U+D638
    { 15, 15, 245, 0, 14, 29, 15113 }, // U+D648
    { 16, 15, 245, 0, 14, 30, 15142 }, // U+D654
    { 16, 16, 245, 0, 15, 32, 15172 }, // U+D655
    { 16, 16, 245, 0, 15, 32, 15204 }, // U+D658
    { 15, 16, 245, 0, 15, 30, 15236 }, // U+D65C
    { 16, 16, 245, 0, 15, 32, 15266 }, // U+D669
    { 15, 15, 245, 0, 14, 29, 15298 }, // U+D6C4
    { 15, 15, 245, 0, 14, 29, 15327 }, // U+D734
    { 14, 16, 245, 0, 15, 28, 15356 }, // U+D78C
    { 6, 16, 67, -1, 16, 12, 15384 }, // U+FB51
    { 14, 10, 218, 1, 5, 18, 15396 }, // U+FB57
    { 6, 12, 91, 0, 7, 9, 15414 }, // U+FB58
    { 6, 9, 96, 0, 4, 7, 15423 }, // U+FB59
    { 11, 13, 178, 1, 7, 18, 15430 }, // U+FB7B
    { 11, 11, 170, 0, 7, 16, 15448 }, // U+FB7C
    { 12, 11, 178, 0, 7, 17, 15464 }, // U+FB7D
    { 8, 14, 108, -1, 10, 14, 15481 }, // U+FB8B
    { 13, 11, 207, 1, 11, 18, 15495 }, // U+FB8F
    { 7, 11, 111, 0, 11, 10, 15513 }, // U+FB90
    { 8, 12, 122, 0, 12, 12, 15523 }, // U+FB91
    { 13, 13, 207, 1, 13, 22, 15535 }, // U+FB93
    { 8, 13, 111, -1, 13, 13, 15557 }, // U+FB94
    { 8, 13, 122, 0, 13, 13, 15570 }, // U+FB95
    { 11, 7, 183, 1, 2, 10, 15583 }, // U+FBFD
    { 6, 11, 91, 0, 7, 9, 15593 }, // U+FBFE
    { 6, 8, 96, 0, 4, 6, 15602 }, // U+FBFF
    { 6, 14, 67, -1, 14, 11, 15608 }, // U+FE82
    { 5, 16, 67, 1, 16, 10, 15619 }, // U+FE84
    { 9, 15, 125, 0, 11, 17, 15629 }, // U+FE86
    { 5, 16, 67, 0, 12, 10, 15646 }, // U+FE88
    { 11, 11, 183, 1, 6, 16, 15656 }, // U+FE8A
    { 4, 11, 73, 0, 11, 6, 15672 }, // U+FE8B
    { 5, 9, 78, 0, 9, 6, 15678 }, // U+FE8C
    { 5, 12, 67, 0, 12, 8, 15684 }, // U+FE8E
    { 14, 9, 218, 1, 5, 16, 15692 }, // U+FE90
    { 4, 11, 73, 0, 7, 6, 15708 }, // U+FE91
    { 5, 8, 78, 0, 4, 5, 15714 }, // U+FE92
    { 7, 10, 121, 1, 10, 9, 15719 }, // U+FE94
    { 14, 8, 218, 1, 8, 14, 15728 }, // U+FE96
    { 5, 10, 73, 0, 10, 7, 15742 }, // U+FE97
    { 6, 8, 96, 0, 8, 6, 15749 }, // U+FE98
    { 14, 9, 218, 1, 9, 16, 15755 }, // U+FE9A
    { 5, 11, 73, 0, 11, 7, 15771 }, // U+FE9B
    { 6, 9, 96, 0, 9, 7, 15778 }, // U+FE9C
    { 11, 13, 178, 1, 7, 18, 15785 }, // U+FE9E
    { 11, 11, 170, 0, 7, 16, 15803 }, // U+FE9F
    { 12, 11, 178, 0, 7, 17, 15819 }, // U+FEA0
    { 11, 13, 178, 1, 7, 18, 15836 }, // U+FEA2
    { 11, 7, 170, 0, 7, 10, 15854 }, // U+FEA3
    { 12, 7, 178, 0, 7, 11, 15864 }, // U+FEA4
    { 11, 16, 178, 1, 10, 22, 15875 }, // U+FEA6
    { 11, 10, 170, 0, 10, 14, 15897 }, // U+FEA7
    { 12, 10, 178, 0, 10, 15, 15911 }, // U+FEA8
    { 8, 7, 126, 1, 7, 7, 15926 }, // U+FEAA
    { 8, 11, 126, 1, 11, 11, 15933 }, // U+FEAC
    { 8, 10, 108, -1, 6, 10, 15944 }, // U+FEAE
    { 8, 14, 108, -1, 10, 14, 15954 }, // U+FEB0
    { 17, 9, 271, 1, 4, 20, 15968 }, // U+FEB2
    { 11, 6, 176, 0, 6, 9, 15988 }, // U+FEB3
    { 12, 4, 177, 0, 4, 6, 15997 }, // U+FEB4
    { 17, 14, 271, 1, 9, 30, 16003 }, // U+FEB6
    { 11, 9, 176, 0, 9, 13, 16033 }, // U+FEB7
    { 12, 9, 177, 0, 9, 14, 16046 }, // U+FEB8
    { 18, 12, 293, 1, 7, 27, 16060 }, // U+FEBA
    { 12, 7, 210, 0, 7, 11, 16087 }, // U+FEBB
    { 14, 7, 208, 0, 7, 13, 16098 }, // U+FEBC
    { 18, 15, 293, 1, 10, 34, 16111 }, // U+FEBE
    { 12, 10, 210, 0, 10, 15, 16145 }, // U+FEBF
    { 14, 10, 208, 0, 10, 18, 16160 }, // U+FEC0
    { 13, 12, 207, 0, 12, 20, 16178 }, // U+FEC2
    { 11, 12, 176, 0, 12, 17, 16198 }, // U+FEC3
    { 11, 12, 168, 0, 12, 17, 16215 }, // U+FEC4
    { 13, 12, 207, 0, 12, 20, 16232 }, // U+FEC6
    { 11, 12, 176, 0, 12, 17, 16252 }, // U+FEC7
    { 11, 12, 168, 0, 12, 17, 16269 }, // U+FEC8
    { 9, 13, 127, 1, 7, 15, 16286 }, // U+FECA
    { 8, 7, 135, 0, 7, 7, 16301 }, // U+FECB
    { 7, 7, 110, 0, 7, 7, 16308 }, // U+FECC
    { 9, 16, 127, 1, 10, 18, 16315 }, // U+FECE
    { 8, 10, 135, 0, 10, 10, 16333 }, // U+FECF
    { 7, 10, 110, 0, 10, 9, 16343 }, // U+FED0
    { 14, 10, 218, 1, 10, 18, 16352 }, // U+FED2
    { 7, 12, 112, 0, 12, 11, 16370 }, // U+FED3
    { 7, 10, 103, 0, 10, 9, 16381 }, // U+FED4
    { 11, 15, 171, 1, 10, 21, 16390 }, // U+FED6
    { 7, 12, 112, 0, 12, 11, 16411 }, // U+FED7
    { 7, 10, 103, 0, 10, 9, 16422 }, // U+FED8
    { 12, 12, 196, 1, 12, 18, 16431 }, // U+FEDA
    { 7, 11, 111, 0, 11, 10, 16449 }, // U+FEDB
    { 8, 12, 122, 0, 12, 12, 16459 }, // U+FEDC
    { 10, 17, 158, 1, 12, 22, 16471 }, // U+FEDE
    { 3, 12, 57, 0, 12, 5, 16493 }, // U+FEDF
    { 5, 12, 65, 0, 12, 8, 16498 }, // U+FEE0
    { 8, 12, 141, 1, 6, 12, 16506 }, // U+FEE2
    { 7, 7, 122, -1, 7, 7, 16518 }, // U+FEE3
    { 7, 6, 110, 0, 6, 6, 16525 }, // U+FEE4
    { 10, 12, 156, 1, 7, 15, 16531 }, // U+FEE6
    { 4, 10, 73, 0, 10, 5, 16546 }, // U+FEE7
    { 5, 8, 78, 0, 8, 5, 16551 }, // U+FEE8
    { 7, 8, 121, 1, 8, 7, 16556 }, // U+FEEA
    { 8, 9, 136, 0, 8, 9, 16563 }, // U+FEEB
    { 7, 12, 102, 0, 8, 11, 16572 }, // U+FEEC
    { 9, 11, 125, 0, 7, 13, 16583 }, // U+FEEE
    { 11, 7, 183, 1, 2, 10, 16596 }, // U+FEF0
    { 11, 10, 183, 1, 2, 14, 16606 }, // U+FEF2
    { 6, 11, 91, 0, 7, 9, 16620 }, // U+FEF3
    { 6, 8, 96, 0, 4, 6, 16629 }, // U+FEF4
    { 10, 12, 138, -2, 12, 15, 16635 }, // U+FEF5
    { 13, 12, 163, -2, 12, 20, 16650 }, // U+FEF6
    { 9, 14, 138, -1, 14, 16, 16670 }, // U+FEF7
    { 12, 14, 163, 0, 14, 21, 16686 }, // U+FEF8
    { 8, 17, 138, 0, 12, 17, 16707 }, // U+FEF9
    { 11, 17, 163, 1, 12, 24, 16724 }, // U+FEFA
    { 8, 12, 138, 0, 12, 12, 16748 }, // U+FEFB
    { 11, 12, 163, 0, 12, 17, 16760 }, // U+FEFC
};

static const EpdUnicodeInterval ui_8_mediumIntervals[] = {
    { 0x20, 0x7E, 0x0 },
    { 0xA0, 0xA1, 0x5F },
    { 0xAB, 0xAB, 0x61 },
    { 0xB0, 0xB0, 0x62 },
    { 0xB7, 0xB7, 0x63 },
    { 0xBA, 0xBB, 0x64 },
    { 0xBF, 0xBF, 0x66 },
    { 0xD3, 0xD3, 0x67 },
    { 0xDA, 0xDA, 0x68 },
    { 0xE1, 0xE1, 0x69 },
    { 0xE9, 0xE9, 0x6A },
    { 0xED, 0xED, 0x6B },
    { 0xF1, 0xF1, 0x6C },
    { 0xF3, 0xF3, 0x6D },
    { 0xFA, 0xFA, 0x6E },
    { 0xFC, 0xFC, 0x6F },
    { 0x591, 0x5C7, 0x70 },
    { 0x5D0, 0x5EA, 0xA7 },
    { 0x5EF, 0x5F4, 0xC2 },
    { 0x600, 0x6FF, 0xC8 },
    { 0x750, 0x77F, 0x1C8 },
    { 0x200C, 0x200F, 0x1F8 },
    { 0x2014, 0x2014, 0x1FC },
    { 0x2026, 0x2026, 0x1FD },
    { 0x2190, 0x2193, 0x1FE },
    { 0xAC00, 0xAC01, 0x202 },
    { 0xAC04, 0xAC04, 0x204 },
    { 0xAC08, 0xAC08, 0x205 },
    { 0xAC12, 0xAC12, 0x206 },
    { 0xAC15, 0xAC15, 0x207 },
    { 0xAC1C, 0xAC1C, 0x208 },
    { 0xAC24, 0xAC24, 0x209 },
    { 0xAC70, 0xAC70, 0x20A },
    { 0xAC80, 0xAC80, 0x20B },
    { 0xAC8C, 0xAC8C, 0x20C },
    { 0xACA0, 0xACA0, 0x20D },
    { 0xACA8, 0xACA9, 0x20E },
    { 0xACB0, 0xACB0, 0x210 },
    { 0xACBD, 0xACBD, 0x211 },
    { 0xACC4, 0xACC4, 0x212 },
    { 0xACE0, 0xACE0, 0x213 },
    { 0xACF5, 0xACF5, 0x214 },
    { 0xACFC, 0xACFC, 0x215 },
    { 0xAD00, 0xAD00, 0x216 },
    { 0xAD6C, 0xAD6D, 0x217 },
    { 0xADC0, 0xADC0, 0x219 },
    { 0xADE0, 0xADE0, 0x21A },
    { 0xADF8, 0xADF8, 0x21B },
    { 0xADFC, 0xADFC, 0x21C },
    { 0xAE00, 0xAE00, 0x21D },
    { 0xAE08, 0xAE09, 0x21E },
    { 0xAE30, 0xAE30, 0x220 },
    { 0xAE38, 0xAE38, 0x221 },
    { 0xAE40, 0xAE40, 0x222 },
    { 0xAE4C, 0xAE4C, 0x223 },
    { 0xAECD, 0xAECD, 0x224 },
    { 0xAED8, 0xAED8, 0x225 },
    { 0xAF34, 0xAF34, 0x226 },
    { 0xAFB8, 0xAFB8, 0x227 },
    { 0xB044, 0xB044, 0x228 },
    { 0xB05D, 0xB05D, 0x229 },
    { 0xB098, 0xB098, 0x22A },
    { 0xB09C, 0xB09C, 0x22B },
    { 0xB0A0, 0xB0A0, 0x22C },
    { 0xB0A8, 0xB0A8, 0x22D },
    { 0xB0AC, 0xB0AC, 0x22E },
    { 0xB0B4, 0xB0B4, 0x22F },
    { 0xB0B8, 0xB0B8, 0x230 },
    { 0xB108, 0xB108, 0x231 },
    { 0xB113, 0xB113, 0x232 },
    { 0xB118, 0xB118, 0x233 },
    { 0xB123, 0xB124, 0x234 },
    { 0xB141, 0xB141, 0x236 },
    { 0xB193, 0xB193, 0x237 },
    { 0xB204, 0xB204, 0x238 },
    { 0xB20C, 0xB20C, 0x239 },
    { 0xB274, 0xB274, 0x23A },
    { 0xB294, 0xB294, 0x23B },
    { 0xB298, 0xB298, 0x23C },
    { 0xB2A5, 0xB2A5, 0x23D },
    { 0xB2C8, 0xB2C8, 0x23E },
    { 0xB2E4, 0xB2E4, 0x23F },
    { 0xB2E8, 0xB2E8, 0x240 },
    { 0xB2EB, 0xB2EB, 0x241 },
    { 0xB2F9, 0xB2F9, 0x242 },
    { 0xB300, 0xB300, 0x243 },
    { 0xB354, 0xB354, 0x244 },
    { 0xB370, 0xB370, 0x245 },
    { 0xB3C4, 0xB3C5, 0x246 },
    { 0xB3CC, 0xB3CC, 0x248 },
    { 0xB3D9, 0xB3D9, 0x249 },
    { 0xB418, 0xB418, 0x24A },
    { 0xB41C, 0xB41C, 0x24B },
    { 0xB428, 0xB429, 0x24C },
    { 0xB450, 0xB450, 0x24E },
    { 0xB461, 0xB461, 0x24F },
    { 0xB4A4, 0xB4A4, 0x250 },
    { 0xB4DC, 0xB4DC, 0x251 },
    { 0xB4E0, 0xB4E0, 0x252 },
    { 0xB514, 0xB514, 0x253 },
    { 0xB529, 0xB529, 0x254 },
    { 0xB54C, 0xB54C, 0x255 },
    { 0xB610, 0xB610, 0x256 },
    { 0xB6F0, 0xB6F0, 0x257 },
    { 0xB77C, 0xB77D, 0x258 },
    { 0xB78C, 0xB78C, 0x25A },
    { 0xB798, 0xB798, 0x25B },
    { 0xB7EC, 0xB7EC, 0x25C },
    { 0xB808, 0xB808, 0x25D },
    { 0xB824, 0xB825, 0x25E },
    { 0xB82C, 0xB82C, 0x260 },
    { 0xB835, 0xB835, 0x261 },
    { 0xB838, 0xB838, 0x262 },
    { 0xB85C, 0xB85D, 0x263 },
    { 0xB8CC, 0xB8CC, 0x265 },
    { 0xB8E8, 0xB8E8, 0x266 },
    { 0xB958, 0xB958, 0x267 },
    { 0xB960, 0xB960, 0x268 },
    { 0xB974, 0xB974, 0x269 },
    { 0xB978, 0xB978, 0x26A },
    { 0xB97C, 0xB97C, 0x26B },
    { 0xB984, 0xB984, 0x26C },
    { 0xB9AC, 0xB9AD, 0x26D },
    { 0xB9B0, 0xB9B0, 0x26F },
    { 0xB9C1, 0xB9C1, 0x270 },
    { 0xB9C8, 0xB9C8, 0x271 },
    { 0xB9DE, 0xB9DE, 0x272 },
    { 0xB9E4, 0xB9E4, 0x273 },
    { 0xBA3C, 0xBA3C, 0x274 },
    { 0xBA54, 0xBA54, 0x275 },
    { 0xBA74, 0xBA74, 0x276 },
    { 0xBA85, 0xBA85, 0x277 },
    { 0xBA87, 0xBA87, 0x278 },
    { 0xBAA8, 0xBAA9, 0x279 },
    { 0xBABB, 0xBABB, 0x27B },
    { 0xBB34, 0xBB34, 0x27C },
    { 0xBB38, 0xBB38, 0x27D },
    { 0xBBF8, 0xBBF8, 0x27E },
    { 0xBC00, 0xBC00, 0x27F },
    { 0xBC0F, 0xBC0F, 0x280 },
    { 0xBC14, 0xBC14, 0x281 },
    { 0xBC18, 0xBC18, 0x282 },
    { 0xBC1D, 0xBC1D, 0x283 },
    { 0xBC24, 0xBC24, 0x284 },
    { 0xBC29, 0xBC29, 0x285 },
    { 0xBC30, 0xBC31, 0x286 },
    { 0xBC84, 0xBC84, 0x288 },
    { 0xBC88, 0xBC88, 0x289 },
    { 0xBC94, 0xBC94, 0x28A },
    { 0xBC97, 0xBC97, 0x28B },
    { 0xBCA0, 0xBCA0, 0x28C },
    { 0xBCC0, 0xBCC0, 0x28D },
    { 0xBCC4, 0xBCC4, 0x28E },
    { 0xBCF4, 0xBCF5, 0x28F },
    { 0xBCF8, 0xBCF8, 0x291 },
    { 0xBD80, 0xBD81, 0x292 },
    { 0xBD84, 0xBD84, 0x294 },
    { 0xBD88, 0xBD88, 0x295 },
    { 0xBE0C, 0xBE0C, 0x296 },
    { 0xBE44, 0xBE44, 0x297 },
    { 0xBE48, 0xBE48, 0x298 },
    { 0xBE5B, 0xBE5B, 0x299 },
    { 0xBE60, 0xBE60, 0x29A },
    { 0xC0AC, 0xC0AD, 0x29B },
    { 0xC0B0, 0xC0B0, 0x29D },
    { 0xC0C1, 0xC0C1, 0x29E },
    { 0xC0C8, 0xC0C9, 0x29F },
    { 0xC0DD, 0xC0DD, 0x2A1 },
    { 0xC0F7, 0xC0F7, 0x2A2 },
    { 0xC11C, 0xC11D, 0x2A3 },
    { 0xC120, 0xC120, 0x2A5 },
    { 0xC124, 0xC124, 0x2A6 },
    { 0xC131, 0xC131, 0x2A7 },
    { 0xC138, 0xC139, 0x2A8 },
    { 0xC14B, 0xC14B, 0x2AA },
    { 0xC158, 0xC158, 0x2AB },
    { 0xC18C, 0xC18D, 0x2AC },
    { 0xC190, 0xC190, 0x2AE },
    { 0xC1A1, 0xC1A1, 0x2AF },
    { 0xC218, 0xC218, 0x2B0 },
    { 0xC228, 0xC228, 0x2B1 },
    { 0xC2A4, 0xC2A4, 0x2B2 },
    { 0xC2B5, 0xC2B5, 0x2B3 },
    { 0xC2DC, 0xC2DD, 0x2B4 },
    { 0xC2E0, 0xC2E0, 0x2B6 },
    { 0xC2E4, 0xC2E4, 0x2B7 },
    { 0xC2F1, 0xC2F1, 0x2B8 },
    { 0xC4F0, 0xC4F0, 0x2B9 },
    { 0xC544, 0xC544, 0x2BA },
    { 0xC548, 0xC548, 0x2BB },
    { 0xC54A, 0xC54A, 0x2BC },
    { 0xC554, 0xC554, 0x2BD },
    { 0xC558, 0xC558, 0x2BE },
    { 0xC564, 0xC564, 0x2BF },
    { 0xC568, 0xC568, 0x2C0 },
    { 0xC57C, 0xC57C, 0x2C1 },
    { 0xC587, 0xC587, 0x2C2 },
    { 0xC591, 0xC591, 0x2C3 },
    { 0xC5B4, 0xC5B4, 0x2C4 },
    { 0xC5B8, 0xC5B8, 0x2C5 },
    { 0xC5BC, 0xC5BC, 0x2C6 },
    { 0xC5C5, 0xC5C6, 0x2C7 },
    { 0xC5C8, 0xC5C8, 0x2C9 },
    { 0xC5D0, 0xC5D0, 0x2CA },
    { 0xC5EC, 0xC5ED, 0x2CB },
    { 0xC5F0, 0xC5F0, 0x2CD },
    { 0xC5F4, 0xC5F4, 0x2CE },
    { 0xC5FD, 0xC5FD, 0x2CF },
    { 0xC608, 0xC608, 0x2D0 },
    { 0xC624, 0xC624, 0x2D1 },
    { 0xC62C, 0xC62C, 0x2D2 },
    { 0xC640, 0xC640, 0x2D3 },
    { 0xC644, 0xC644, 0x2D4 },
    { 0xC67C, 0xC67C, 0x2D5 },
    { 0xC694, 0xC694, 0x2D6 },
    { 0xC6A9, 0xC6A9, 0x2D7 },
    { 0xC6B0, 0xC6B0, 0x2D8 },
    { 0xC6B4, 0xC6B4, 0x2D9 },
    { 0xC6B8, 0xC6B8, 0x2DA },
    { 0xC6C3, 0xC6C3, 0x2DB },
    { 0xC6CC, 0xC6CC, 0x2DC },
    { 0xC6D0, 0xC6D0, 0x2DD },
    { 0xC6D4, 0xC6D4, 0x2DE },
    { 0xC6E8, 0xC6E8, 0x2DF },
    { 0xC6F9, 0xC6F9, 0x2E0 },
    { 0xC704, 0xC704, 0x2E1 },
    { 0xC720, 0xC720, 0x2E2 },
    { 0xC73C, 0xC73C, 0x2E3 },
    { 0xC740, 0xC740, 0x2E4 },
    { 0xC744, 0xC744, 0x2E5 },
    { 0xC74C, 0xC74C, 0x2E6 },
    { 0xC758, 0xC758, 0x2E7 },
    { 0xC774, 0xC774, 0x2E8 },
    { 0xC778, 0xC778, 0x2E9 },
    { 0xC77C, 0xC77D, 0x2EA },
    { 0xC784, 0xC785, 0x2EC },
    { 0xC788, 0xC788, 0x2EE },
    { 0xC790, 0xC791, 0x2EF },
    { 0xC798, 0xC798, 0x2F1 },
    { 0xC7A0, 0xC7A0, 0x2F2 },
    { 0xC7A5, 0xC7A5, 0x2F3 },
    { 0xC7AC, 0xC7AC, 0x2F4 },
    { 0xC800, 0xC801, 0x2F5 },
    { 0xC804, 0xC804, 0x2F7 },
    { 0xC808, 0xC808, 0x2F8 },
    { 0xC815, 0xC815, 0x2F9 },
    { 0xC81C, 0xC81C, 0x2FA },
    { 0xC838, 0xC838, 0x2FB },
    { 0xC84C, 0xC84C, 0x2FC },
    { 0xC870, 0xC870, 0x2FD },
    { 0xC874, 0xC874, 0x2FE },
    { 0xC881, 0xC881, 0x2FF },
    { 0xC885, 0xC885, 0x300 },
    { 0xC88C, 0xC88C, 0x301 },
    { 0xC8FC, 0xC8FC, 0x302 },
    { 0xC900, 0xC900, 0x303 },
    { 0xC904, 0xC904, 0x304 },
    { 0xC911, 0xC911, 0x305 },
    { 0xC990, 0xC990, 0x306 },
    { 0xC99D, 0xC99D, 0x307 },
    { 0xC9C0, 0xC9C1, 0x308 },
    { 0xC9C4, 0xC9C4, 0x30A },
    { 0xC9D0, 0xC9D1, 0x30B },
    { 0xC9DC, 0xC9DC, 0x30D },
    { 0xC9E7, 0xC9E7, 0x30E },
    { 0xC9F8, 0xC9F8, 0x30F },
    { 0xCABD, 0xCABD, 0x310 },
    { 0xCC0D, 0xCC0D, 0x311 },
    { 0xCC3E, 0xCC3E, 0x312 },
    { 0xCC45, 0xCC45, 0x313 },
    { 0xCC55, 0xCC55, 0x314 },
    { 0xCCAB, 0xCCAB, 0x315 },
    { 0xCCB4, 0xCCB4, 0x316 },
    { 0xCD08, 0xCD08, 0x317 },
    { 0xCD1D, 0xCD1D, 0x318 },
    { 0xCD5C, 0xCD5C, 0x319 },
    { 0xCD94, 0xCD94, 0x31A },
    { 0xCD9C, 0xCD9C, 0x31B },
    { 0xCDA4, 0xCDA4, 0x31C },
    { 0xCDA9, 0xCDA9, 0x31D },
    { 0xCDE8, 0xCDE8, 0x31E },
    { 0xCE21, 0xCE21, 0x31F },
    { 0xCE58, 0xCE58, 0x320 },
    { 0xCE68, 0xCE68, 0x321 },
    { 0xCE6D, 0xCE6D, 0x322 },
    { 0xCE74, 0xCE74, 0x323 },
    { 0xCE90, 0xCE90, 0x324 },
    { 0xCE94, 0xCE94, 0x325 },
    { 0xCEE4, 0xCEE4, 0x326 },
    { 0xCEEC, 0xCEEC, 0x327 },
    { 0xCF1C, 0xCF1C, 0x328 },
    { 0xCF54, 0xCF54, 0x329 },
    { 0xD06C, 0xD06C, 0x32A },
    { 0xD074, 0xD074, 0x32B },
    { 0xD07D, 0xD07D, 0x32C },
    { 0xD0A4, 0xD0A4, 0x32D },
    { 0xD0B5, 0xD0B5, 0x32E },
    { 0xD0C0, 0xD0C0, 0x32F },
    { 0xD0DC, 0xD0DD, 0x330 },
    { 0xD130, 0xD130, 0x332 },
    { 0xD140, 0xD140, 0x333 },
    { 0xD14C, 0xD14D, 0x334 },
    { 0xD15C, 0xD15C, 0x336 },
    { 0xD1A0, 0xD1A0, 0x337 },
    { 0xD1B5, 0xD1B5, 0x338 },
    { 0xD1F4, 0xD1F4, 0x339 },
    { 0xD2B8, 0xD2B8, 0x33A },
    { 0xD2BC, 0xD2BC, 0x33B },
    { 0xD2F0, 0xD2F0, 0x33C },
    { 0xD301, 0xD301, 0x33D },
    { 0xD305, 0xD305, 0x33E },
    { 0xD30C, 0xD30C, 0x33F },
    { 0xD31F, 0xD31F, 0x340 },
    { 0xD328, 0xD328, 0x341 },
    { 0xD38C, 0xD38C, 0x342 },
    { 0xD398, 0xD398, 0x343 },
    { 0xD3AB, 0xD3AB, 0x344 },
    { 0xD3B8, 0xD3B8, 0x345 },
    { 0xD3C9, 0xD3C9, 0x346 },
    { 0xD3EC, 0xD3EC, 0x347 },
    { 0xD3F0, 0xD3F0, 0x348 },
    { 0xD3F4, 0xD3F4, 0x349 },
    { 0xD45C, 0xD45C, 0x34A },
    { 0xD504, 0xD504, 0x34B },
    { 0xD508, 0xD508, 0x34C },
    { 0xD50C, 0xD50C, 0x34D },
    { 0xD53C, 0xD53C, 0x34E },
    { 0xD544, 0xD544, 0x34F },
    { 0xD551, 0xD551, 0x350 },
    { 0xD558, 0xD558, 0x351 },
    { 0xD55C, 0xD55C, 0x352 },
    { 0xD560, 0xD560, 0x353 },
    { 0xD568, 0xD569, 0x354 },
    { 0xD56B, 0xD56B, 0x356 },
    { 0xD56D, 0xD56D, 0x357 },
    { 0xD574, 0xD574, 0x358 },
    { 0xD587, 0xD589, 0x359 },
    { 0xD5A5, 0xD5A5, 0x35C },
    { 0xD604, 0xD604, 0x35D },
    { 0xD615, 0xD615, 0x35E },
    { 0xD638, 0xD638, 0x35F },
    { 0xD648, 0xD648, 0x360 },
    { 0xD654, 0xD655, 0x361 },
    { 0xD658, 0xD658, 0x363 },
    { 0xD65C, 0xD65C, 0x364 },
    { 0xD669, 0xD669, 0x365 },
    { 0xD6C4, 0xD6C4, 0x366 },
    { 0xD734, 0xD734, 0x367 },
    { 0xD78C, 0xD78C, 0x368 },
    { 0xFB51, 0xFB51, 0x369 },
    { 0xFB57, 0xFB59, 0x36A },
    { 0xFB7B, 0xFB7D, 0x36D },
    { 0xFB8B, 0xFB8B, 0x370 },
    { 0xFB8F, 0xFB91, 0x371 },
    { 0xFB93, 0xFB95, 0x374 },
    { 0xFBFD, 0xFBFF, 0x377 },
    { 0xFE82, 0xFE82, 0x37A },
    { 0xFE84, 0xFE84, 0x37B },
    { 0xFE86, 0xFE86, 0x37C },
    { 0xFE88, 0xFE88, 0x37D },
    { 0xFE8A, 0xFE8C, 0x37E },
    { 0xFE8E, 0xFE8E, 0x381 },
    { 0xFE90, 0xFE92, 0x382 },
    { 0xFE94, 0xFE94, 0x385 },
    { 0xFE96, 0xFE98, 0x386 },
    { 0xFE9A, 0xFE9C, 0x389 },
    { 0xFE9E, 0xFEA0, 0x38C },
    { 0xFEA2, 0xFEA4, 0x38F },
    { 0xFEA6, 0xFEA8, 0x392 },
    { 0xFEAA, 0xFEAA, 0x395 },
    { 0xFEAC, 0xFEAC, 0x396 },
    { 0xFEAE, 0xFEAE, 0x397 },
    { 0xFEB0, 0xFEB0, 0x398 },
    { 0xFEB2, 0xFEB4, 0x399 },
    { 0xFEB6, 0xFEB8, 0x39C },
    { 0xFEBA, 0xFEBC, 0x39F },
    { 0xFEBE, 0xFEC0, 0x3A2 },
    { 0xFEC2, 0xFEC4, 0x3A5 },
    { 0xFEC6, 0xFEC8, 0x3A8 },
    { 0xFECA, 0xFECC, 0x3AB },
    { 0xFECE, 0xFED0, 0x3AE },
    { 0xFED2, 0xFED4, 0x3B1 },
    { 0xFED6, 0xFED8, 0x3B4 },
    { 0xFEDA, 0xFEDC, 0x3B7 },
    { 0xFEDE, 0xFEE0, 0x3BA },
    { 0xFEE2, 0xFEE4, 0x3BD },
    { 0xFEE6, 0xFEE8, 0x3C0 },
    { 0xFEEA, 0xFEEC, 0x3C3 },
    { 0xFEEE, 0xFEEE, 0x3C6 },
    { 0xFEF0, 0xFEF0, 0x3C7 },
    { 0xFEF2, 0xFEFC, 0x3C8 },
};

static const EpdKernClassEntry ui_8_mediumKernLeftClasses[] = {
    { 0x0022, 1 }, // "
    { 0x0024, 2 }, // $
    { 0x0026, 3 }, // &
    { 0x0027, 1 }, // '
    { 0x0028, 4 }, // (
    { 0x002A, 5 }, // *
    { 0x002B, 6 }, // +
    { 0x002C, 7 }, // ,
    { 0x002D, 6 }, // -
    { 0x002E, 7 }, // .
    { 0x002F, 8 }, // /
    { 0x0030, 9 }, // 0
    { 0x0031, 10 }, // 1
    { 0x0032, 11 }, // 2
    { 0x0033, 12 }, // 3
    { 0x0034, 13 }, // 4
    { 0x0035, 14 }, // 5
    { 0x0036, 15 }, // 6
    { 0x0037, 16 }, // 7
    { 0x0038, 12 }, // 8
    { 0x0039, 9 }, // 9
    { 0x003A, 17 }, // :
    { 0x003B, 17 }, // ;
    { 0x003D, 18 }, // =
    { 0x003E, 19 }, // >
    { 0x003F, 20 }, // ?
    { 0x0040, 21 }, // @
    { 0x0041, 22 }, // A
    { 0x0042, 23 }, // B
    { 0x0043, 24 }, // C
    { 0x0044, 21 }, // D
    { 0x0046, 25 }, // F
    { 0x0047, 26 }, // G
    { 0x0048, 10 }, // H
    { 0x0049, 10 }, // I
    { 0x004A, 27 }, // J
    { 0x004B, 28 }, // K
    { 0x004C, 29 }, // L
    { 0x004D, 10 }, // M
    { 0x004E, 10 }, // N
    { 0x004F, 21 }, // O
    { 0x0050, 30 }, // P
    { 0x0051, 21 }, // Q
    { 0x0052, 31 }, // R
    { 0x0053, 2 }, // S
    { 0x0054, 32 }, // T
    { 0x0055, 27 }, // U
    { 0x0056, 33 }, // V
    { 0x0057, 34 }, // W
    { 0x0058, 35 }, // X
    { 0x0059, 36 }, // Y
    { 0x005A, 37 }, // Z
    { 0x005B, 4 }, // [
    { 0x005C, 38 }, // <backslash>
    { 0x005E, 5 }, // ^
    { 0x005F, 39 }, // _
    { 0x0061, 40 }, // a
    { 0x0062, 41 }, // b
    { 0x0063, 41 }, // c
    { 0x0064, 10 }, // d
    { 0x0065, 41 }, // e
    { 0x0066, 42 }, // f
    { 0x0067, 43 }, // g
    { 0x0068, 40 }, // h
    { 0x006B, 44 }, // k
    { 0x006C, 10 }, // l
    { 0x006D, 40 }, // m
    { 0x006E, 40 }, // n
    { 0x006F, 41 }, // o
    { 0x0070, 41 }, // p
    { 0x0071, 43 }, // q
    { 0x0072, 45 }, // r
    { 0x0073, 46 }, // s
    { 0x0074, 47 }, // t
    { 0x0075, 48 }, // u
    { 0x0076, 49 }, // v
    { 0x0077, 50 }, // w
    { 0x0078, 51 }, // x
    { 0x0079, 49 }, // y
    { 0x007A, 52 }, // z
    { 0x007B, 4 }, // {
    { 0x007C, 10 }, // |
    { 0x007E, 53 }, // ~
    { 0x00A1, 54 }, // U+00A1
    { 0x00AB, 55 }, // U+00AB
    { 0x00B0, 5 }, // U+00B0
    { 0x00B7, 56 }, // U+00B7
    { 0x00BA, 57 }, // U+00BA
    { 0x00BB, 58 }, // U+00BB
    { 0x00BF, 59 }, // U+00BF
    { 0x00D3, 21 }, // U+00D3
    { 0x00DA, 27 }, // U+00DA
    { 0x00E1, 40 }, // U+00E1
    { 0x00E9, 41 }, // U+00E9
    { 0x00F1, 60 }, // U+00F1
    { 0x00F3, 41 }, // U+00F3
    { 0x00FA, 48 }, // U+00FA
    { 0x00FC, 48 }, // U+00FC
    { 0x05D0, 61 }, // U+05D0
    { 0x05D1, 62 }, // U+05D1
    { 0x05D2, 63 }, // U+05D2
    { 0x05D3, 64 }, // U+05D3
    { 0x05D5, 65 }, // U+05D5
    { 0x05D6, 66 }, // U+05D6
    { 0x05D8, 67 }, // U+05D8
    { 0x05D9, 68 }, // U+05D9
    { 0x05DB, 69 }, // U+05DB
    { 0x05DC, 70 }, // U+05DC
    { 0x05DE, 71 }, // U+05DE
    { 0x05E0, 72 }, // U+05E0
    { 0x05E1, 73 }, // U+05E1
    { 0x05E2, 74 }, // U+05E2
    { 0x05E4, 75 }, // U+05E4
    { 0x05E6, 76 }, // U+05E6
    { 0x05E8, 77 }, // U+05E8
    { 0x05E9, 78 }, // U+05E9
    { 0x05EA, 79 }, // U+05EA
    { 0x2026, 7 }, // U+2026
    { 0x2190, 6 }, // U+2190
};

static const EpdKernClassEntry ui_8_mediumKernRightClasses[] = {
    { 0x0020, 1 }, // U+0020
    { 0x0021, 2 }, // !
    { 0x0022, 3 }, // "
    { 0x0023, 4 }, // #
    { 0x0024, 5 }, // $
    { 0x0026, 6 }, // &
    { 0x0027, 3 }, // '
    { 0x0029, 7 }, // )
    { 0x002A, 8 }, // *
    { 0x002B, 9 }, // +
    { 0x002C, 10 }, // ,
    { 0x002D, 11 }, // -
    { 0x002E, 12 }, // .
    { 0x002F, 13 }, // /
    { 0x0030, 14 }, // 0
    { 0x0031, 15 }, // 1
    { 0x0032, 16 }, // 2
    { 0x0033, 17 }, // 3
    { 0x0034, 18 }, // 4
    { 0x0035, 19 }, // 5
    { 0x0036, 14 }, // 6
    { 0x0037, 20 }, // 7
    { 0x0038, 21 }, // 8
    { 0x0039, 22 }, // 9
    { 0x003A, 23 }, // :
    { 0x003B, 23 }, // ;
    { 0x003C, 24 }, // <
    { 0x003D, 25 }, // =
    { 0x003F, 26 }, // ?
    { 0x0040, 27 }, // @
    { 0x0041, 28 }, // A
    { 0x0042, 29 }, // B
    { 0x0043, 30 }, // C
    { 0x0044, 29 }, // D
    { 0x0045, 29 }, // E
    { 0x0046, 29 }, // F
    { 0x0047, 30 }, // G
    { 0x0048, 29 }, // H
    { 0x0049, 29 }, // I
    { 0x004A, 31 }, // J
    { 0x004B, 29 }, // K
    { 0x004C, 29 }, // L
    { 0x004D, 29 }, // M
    { 0x004E, 29 }, // N
    { 0x004F, 30 }, // O
    { 0x0050, 29 }, // P
    { 0x0051, 30 }, // Q
    { 0x0052, 29 }, // R
    { 0x0053, 5 }, // S
    { 0x0054, 32 }, // T
    { 0x0055, 33 }, // U
    { 0x0056, 34 }, // V
    { 0x0057, 35 }, // W
    { 0x0058, 36 }, // X
    { 0x0059, 37 }, // Y
    { 0x005A, 38 }, // Z
    { 0x005C, 34 }, // <backslash>
    { 0x005D, 7 }, // ]
    { 0x005E, 39 }, // ^
    { 0x005F, 40 }, // _
    { 0x0061, 41 }, // a
    { 0x0062, 29 }, // b
    { 0x0063, 42 }, // c
    { 0x0064, 42 }, // d
    { 0x0065, 42 }, // e
    { 0x0066, 43 }, // f
    { 0x0067, 42 }, // g
    { 0x0068, 29 }, // h
    { 0x0069, 44 }, // i
    { 0x006A, 45 }, // j
    { 0x006B, 29 }, // k
    { 0x006C, 29 }, // l
    { 0x006D, 46 }, // m
    { 0x006E, 46 }, // n
    { 0x006F, 42 }, // o
    { 0x0070, 46 }, // p
    { 0x0071, 42 }, // q
    { 0x0072, 46 }, // r
    { 0x0073, 47 }, // s
    { 0x0074, 48 }, // t
    { 0x0075, 49 }, // u
    { 0x0076, 50 }, // v
    { 0x0077, 51 }, // w
    { 0x0078, 52 }, // x
    { 0x0079, 50 }, // y
    { 0x007A, 53 }, // z
    { 0x007C, 29 }, // |
    { 0x007D, 7 }, // }
    { 0x007E, 54 }, // ~
    { 0x00AB, 55 }, // U+00AB
    { 0x00B0, 56 }, // U+00B0
    { 0x00B7, 57 }, // U+00B7
    { 0x00BA, 58 }, // U+00BA
    { 0x00BB, 59 }, // U+00BB
    { 0x00BF, 60 }, // U+00BF
    { 0x00D3, 30 }, // U+00D3
    { 0x00DA, 33 }, // U+00DA
    { 0x00E1, 41 }, // U+00E1
    { 0x00E9, 42 }, // U+00E9
    { 0x00ED, 61 }, // U+00ED
    { 0x00F1, 46 }, // U+00F1
    { 0x00F3, 42 }, // U+00F3
    { 0x00FA, 49 }, // U+00FA
    { 0x00FC, 62 }, // U+00FC
    { 0x05D0, 63 }, // U+05D0
    { 0x05D1, 64 }, // U+05D1
    { 0x05D2, 65 }, // U+05D2
    { 0x05D3, 66 }, // U+05D3
    { 0x05D4, 67 }, // U+05D4
    { 0x05D6, 68 }, // U+05D6
    { 0x05D7, 69 }, // U+05D7
    { 0x05D8, 70 }, // U+05D8
    { 0x05D9, 71 }, // U+05D9
    { 0x05DA, 72 }, // U+05DA
    { 0x05DB, 73 }, // U+05DB
    { 0x05DC, 74 }, // U+05DC
    { 0x05DD, 75 }, // U+05DD
    { 0x05DE, 76 }, // U+05DE
    { 0x05E1, 77 }, // U+05E1
    { 0x05E2, 78 }, // U+05E2
    { 0x05E3, 79 }, // U+05E3
    { 0x05E4, 80 }, // U+05E4
    { 0x05E5, 81 }, // U+05E5
    { 0x05E7, 82 }, // U+05E7
    { 0x05E8, 83 }, // U+05E8
    { 0x05E9, 84 }, // U+05E9
    { 0x05EA, 85 }, // U+05EA
    { 0x2026, 86 }, // U+2026
    { 0x2192, 9 }, // U+2192
};

static const int8_t ui_8_mediumKernMatrix[] = {
       0,    0,    0,    0,    0,   -9,    0,    0,    0,  -23,    0,  -23,    0,    0,    0,    0,    0,  -17,    0,    0,    0,    0,    0,    0,    0,    0,    0,  -21,    0,    0,  -44,    0,    0,    0,    0,    0,    0,    0,    0,    0,    0,   -4,    0,    0,    0,    0,   -1,    0,    0,    0,    0,    0,    0,    0,    0,    0,    0,    0,    0,    0,    0,    0,    0,    0,    0,    0,    0,    0,    0,    0,    0,    0,    0,    0,    0,    0,    0,    0,    0,    0,    0,    0,    0,    0,    0,  -23,
       0,    0,    0,    0,    0,    0,    0,    0,    0,    0,    0,    0,    0,    0,    0,    0,    0,    0,    0,    0,    0,    0,    0,    0,    0,    0,    0,   -1,    0,    0,    0,   -2,    0,    0,    0,   -3,    0,    0,    0,    0,    0,    0,    0,    0,    0,    0,    0,    0,    0,    0,    0,    0,    0,    0,    0,    0,    0,    0,    0,    0,    0,    0,    0,    0,    0,    0,    0,    0,    0,    0,    0,    0,    0,    0,    0,    0,    0,    0,    0,    0,    0,    0,    0,    0,    0,    0,
       0,    0,   -9,    0,    0,    0,    0,    0,    0,    0,    0,    0,    0,    0,    0,    0,    0,    0,    0,    0,    0,    0,    0,    0,    0,    0,    0,    0,    0,    0,    0,  -15,    0,  -17,  -11,    0,  -20,    0,    0,    0,    0,    0,    0,    0,    0,    0,    0,    0,    0,   -9,   -9,    0,    0,    0,    0,    0,    0,  -11,    0,    0,    0,    0,    0,    0,    0,    0,    0,    0,    0,    0,    0,    0,    0,    0,    0,    0,    0,    0,    0,    0,    0,    0,    0,    0,    0,    0,
       0,    0,    0,    0,    0,    0,    0,    0,    0,    0,    0,    0,    0,    0,    0,    0,    0,    0,    0,    0,    0,    0,    0,    0,    0,    0,    0,    0,    2,    0,    0,    0,    0,    0,    0,    0,    0,    0,    0,    0,    0,   -2,    0,    0,    6,    2,    0,    0,    0,    0,    0,    0,    0,    0,    0,    0,    0,    0,    0,    0,    0,    0,    0,    0,    0,    0,    0,    0,    0,    0,    0,    0,    0,    0,    0,    0,    0,    0,    0,    0,    0,    0,    0,    0,    0,    0,
       0,    0,    0,    0,    0,   -9,    0,    0,    0,  -36,    0,  -36,    0,    0,    0,    0,    0,  -12,    0,    0,    0,    0,    0,    0,    0,    0,   -4,  -23,    0,   -4,  -26,    0,    0,    0,    0,    0,    0,    0,    0,  -18,    0,    0,    0,    0,    0,    0,    0,    0,    0,    0,    0,    0,    0,    0,    0,    0,    0,    0,    0,    0,    0,    0,    0,    0,    0,    0,    0,    0,    0,    0,    0,    0,    0,    0,    0,    0,    0,    0,    0,    0,    0,    0,    0,    0,    0,  -36,
       0,    0,    0,    0,    0,    0,    0,    0,    0,    0,    0,    0,    0,    0,    0,   -8,   -2,    0,    0,   -7,    0,    0,    0,    0,    0,    0,    0,   -9,    0,    0,  -12,  -20,    0,  -13,  -11,  -10,  -20,    0,    0,    0,    0,    0,    0,    0,    0,    0,    0,    0,    0,    0,    0,   -6,    0,    0,    0,    0,    0,    0,    0,    0,    0,    0,    0,    0,    0,    0,    0,    0,    0,    0,    0,    0,    0,    0,    0,    0,    0,    0,    0,    0,    0,    0,    0,    0,    0,    0,
      -3,   -1,  -23,    0,    0,    0,    0,    0,    0,    0,    0,    0,    0,   -7,  -23,    0,   -7,    0,   -3,   -5,   -7,   -2,    0,    0,    0,  -23,  -12,    0,    0,  -12,    0,   -9,    0,    0,    0,    0,  -12,    0,    0,    0,    0,    0,    0,    0,    0,    0,    0,    0,    0,    0,    0,    0,    0,    0,    0,    0,    0,    0,    0,    0,    0,    0,    0,    0,    0,    0,    0,    0,    0,    0,    0,    0,    0,    0,    0,    0,    0,    0,    0,    0,    0,    0,    0,    0,    0,    0,
       0,    0,    0,    0,    0,    0,    0,    0,    0,  -11,    0,  -11,    0,    0,    0,    0,    0,    0,    0,    0,    0,    0,    0,    0,    0,    0,    0,   -7,    0,    0,  -17,    0,    0,    1,    1,    0,    0,    0,    0,    0,    0,    0,    0,    0,    0,    0,    0,    0,    0,    0,    0,    0,    0,    0,    0,    0,    0,    0,    0,    0,    0,    0,    0,    0,    0,    0,    0,    0,    0,    0,    0,    0,    0,    0,    0,    0,    0,    0,    0,    0,    0,    0,    0,    0,    0,  -11,
       0,    0,    0,    0,    0,    0,    0,    0,    0,   -7,    0,   -7,    0,    0,    0,    0,    0,    0,    0,   -5,    0,    0,    0,    0,    0,    0,    0,    0,    0,    0,    0,    0,    0,   -4,    0,   -9,   -9,    0,    0,  -12,    0,    0,    0,    0,    0,    0,    0,    4,    0,    0,    0,    0,    0,    0,    0,    0,    0,    0,    0,    0,    0,    0,    0,    0,    0,    0,    0,    0,    0,    0,    0,    0,    0,    0,    0,    0,    0,    0,    0,    0,    0,    0,    0,    0,    0,   -7,
       0,    0,    0,    0,    0,    0,    2,    0,    0,    0,    0,    0,    0,    0,    0,    0,    0,    0,    0,    0,    0,    0,    0,    0,    0,    0,    0,    0,    0,    0,    0,    0,    0,    0,    0,    0,    0,    0,    0,    2,    0,    0,    0,    0,    0,    0,    0,    4,    0,    2,    0,    0,    0,    0,    0,    0,    0,    0,    0,    0,    0,    0,    0,    0,    0,    0,    0,    0,    0,    0,    0,    0,    0,    0,    0,    0,    0,    0,    0,    0,    0,    0,    0,    0,    0,    0,
       0,    0,    0,    0,    0,    0,    0,    0,    0,    0,    0,    0,    0,    0,    0,    0,    0,   -4,    0,    0,    0,    0,    0,    0,    0,    0,    0,    0,    0,    0,    0,    0,    0,    0,    0,    0,    0,    0,    0,    0,    0,    0,    0,    0,    0,    0,    0,    0,    0,    0,    0,    0,    0,    0,    0,    0,    0,    0,    0,    0,    0,    0,    0,    0,    0,    0,    0,    0,    0,    0,    0,    0,    0,    0,    0,    0,    0,    0,    0,    0,    0,    0,    0,    0,    0,    0,
       0,    0,    0,    0,    0,    0,    0,   -3,    0,   -6,    0,   -6,    0,    0,    0,    0,    0,    0,    0,    0,    0,    0,    0,    0,    0,    0,    0,    0,    0,    0,    0,    0,    0,    0,    0,   -5,    0,    0,   -3,    0,    0,    0,    0,    0,    0,    0,    0,    0,    0,    0,    0,    0,    0,    0,   -9,   -3,    0,    0,    0,    0,    0,    0,    0,    0,    0,    0,    0,    0,    0,    0,    0,    0,    0,    0,    0,    0,    0,    0,    0,    0,    0,    0,    0,    0,    0,   -6,
       0,    0,    0,    0,    0,    0,    0,   -7,    0,   -9,    0,   -9,    0,    0,   -7,    0,    0,    0,    0,    0,    0,    0,    0,    0,    0,    0,    0,    0,    0,    0,    0,    0,    0,    0,    0,    0,    0,    0,   -7,    0,    0,    0,    0,    0,    0,    0,    0,    0,    0,    0,    0,    0,    0,    0,    0,   -7,    0,    0,    0,    0,    0,    0,    0,    0,    0,    0,    0,    0,    0,    0,    0,    0,    0,    0,    0,    0,    0,    0,    0,    0,    0,    0,    0,    0,    0,   -9,
       0,    0,    0,    0,    0,    0,    0,   -1,    0,   -7,    0,   -7,    0,    0,    0,    0,    0,    0,    0,    0,    0,    0,    0,    0,    0,    0,    0,    0,    0,    0,    0,    0,    0,    0,    0,    0,    0,    0,   -1,    0,    0,    0,    0,    0,    0,    0,    0,    0,    0,    0,    0,    0,    0,    0,    0,   -1,    0,    0,    0,    0,    0,    0,    0,    0,    0,    0,    0,    0,    0,    0,    0,    0,    0,    0,    0,    0,    0,    0,    0,    0,    0,    0,    0,    0,    0,   -7,
       0,    0,    0,    0,    0,    0,    0,    0,    0,   -9,    0,   -9,    0,    0,    0,    0,    0,    0,    0,    0,    0,    0,    0,    0,    0,    0,    0,    0,    0,    0,    0,    0,    0,    0,    0,    0,    0,    0,    0,  -12,    0,    0,    0,    0,    0,    0,    0,    0,    0,    0,    0,    0,    0,    0,    0,    0,    0,    0,    0,    0,    0,    0,    0,    0,    0,    0,    0,    0,    0,    0,    0,    0,    0,    0,    0,    0,    0,    0,    0,    0,    0,    0,    0,    0,    0,   -9,
       0,    0,    0,  -15,    0,  -12,    0,    0,    0,  -33,    0,  -33,    0,   -4,    0,    0,   -4,  -15,   -3,    5,   -4,   -3,   -9,  -24,    0,    0,    0,  -29,    0,    0,  -26,    0,    0,    0,    0,    0,    0,    0,    0,  -42,  -12,  -14,    0,    0,    0,  -14,  -11,    0,    0,    0,    0,    0,    0,    0,  -17,    0,    0,    0,    0,    0,    0,    0,    0,    0,    0,    0,    0,    0,    0,    0,    0,    0,    0,    0,    0,    0,    0,    0,    0,    0,    0,    0,    0,    0,    0,  -33,
       0,    0,    0,    0,    0,    0,    0,    0,    0,    0,    0,    0,    0,    0,    0,    0,    0,    0,    0,    0,    0,    0,    0,    0,    0,    0,    0,    0,    0,    0,    0,   -9,    0,  -17,    0,    0,    0,    0,    0,    0,    0,    0,    0,    0,    0,    0,    0,    0,    0,    0,    0,    0,    0,    0,    0,    0,    0,    0,    0,    0,    0,    0,    0,    0,    0,    0,    0,    0,    0,    0,    0,    0,    0,    0,    0,    0,    0,    0,    0,    0,    0,    0,    0,    0,    0,    0,
       0,    0,    0,    0,    0,    0,    0,    0,    0,    0,    0,    0,    0,    0,    0,    0,    0,    0,    0,    0,    0,    0,    0,    0,    0,    0,    0,  -14,    0,    0,    0,  -12,    0,  -18,  -17,  -14,  -26,    0,    0,    0,    0,    0,    0,    0,    0,    0,    0,    0,    0,  -11,    0,   -9,    0,    0,    0,    0,    0,    0,    0,    0,    0,    0,    0,    0,    0,    0,    0,    0,    0,    0,    0,    0,    0,    0,    0,    0,    0,    0,    0,    0,    0,    0,    0,    0,    0,    0,
       0,    0,    0,    0,    0,    0,    0,    0,    0,    0,    0,    0,    0,    0,    0,    0,    0,    0,    0,  -20,    0,    0,    0,    0,    0,    0,    0,   -3,    0,    0,    0,  -21,    0,  -20,  -20,  -15,  -24,  -17,    0,    0,    0,    0,    0,    0,    0,    0,    0,    0,    0,    0,    0,    0,    0,    0,    0,    0,    0,    0,    0,    0,    0,    0,    0,    0,    0,    0,    0,    0,    0,    0,    0,    0,    0,    0,    0,    0,    0,    0,    0,    0,    0,    0,    0,    0,    0,    0,
       0,    0,    0,    0,    0,    0,    0,    0,    0,    0,    0,    0,    0,    0,    0,    0,    0,    0,    0,    0,    0,    0,    0,    0,    0,    0,    0,  -17,    0,    0,    0,    0,    0,    0,    0,    0,    0,    0,    0,    0,    0,    0,    0,    0,    0,    0,    0,    0,    0,    0,    0,    0,    0,    0,    0,    0,    0,    0,    0,    0,    0,    0,    0,    0,    0,    0,    0,    0,    0,    0,    0,    0,    0,    0,    0,    0,    0,    0,    0,    0,    0,    0,    0,    0,    0,    0,
       0,    0,    0,    0,    0,    0,    0,    0,    0,  -12,    0,  -12,  -11,    0,    0,    0,    0,    0,    0,    0,    0,    0,    0,    0,    0,    0,    0,  -10,    0,    0,    0,   -8,    0,  -10,   -2,  -11,  -10,    0,    0,  -11,    0,    0,    0,    0,    0,    0,    0,    0,    0,    0,    0,    0,    0,    0,    0,    0,    0,    0,    0,    0,    0,    0,    0,    0,    0,    0,    0,    0,    0,    0,    0,    0,    0,    0,    0,    0,    0,    0,    0,    0,    0,    0,    0,    0,    0,  -12,
       0,    0,  -21,    0,   -1,    0,    0,  -23,   -9,    0,   -9,    0,    5,    0,  -10,    0,    0,    0,    0,    0,    0,    0,    0,   -3,  -14,  -17,  -10,    4,    0,  -10,    0,  -23,   -5,  -19,  -16,    0,  -20,    0,  -23,    0,    0,   -2,   -1,    1,    0,    0,   -1,   -6,    0,  -18,  -18,    0,    0,   -9,   -9,  -23,   -9,  -20,   -9,    0,    1,    0,    0,    0,    0,    0,    0,    0,    0,    0,    0,    0,    0,    0,    0,    0,    0,    0,    0,    0,    0,    0,    0,    0,    0,    0,
       0,    0,    0,    0,    0,    0,    0,    0,    0,    0,    0,    0,    0,    0,    0,    0,    0,    0,    0,    0,    0,    0,    0,    0,    0,    0,    0,    0,    0,    0,    0,  -15,    0,    0,    0,    0,    0,    0,    0,    0,    0,    0,    0,    0,    0,    0,    0,    0,    0,    0,    0,    0,    0,    0,    0,    0,    0,    0,    0,    0,    0,    0,    0,    0,    0,    0,    0,    0,    0,    0,    0,    0,    0,    0,    0,    0,    0,    0,    0,    0,    0,    0,    0,    0,    0,    0,
       0,    0,    0,    0,    0,    0,    0,    0,    0,    0,    0,    0,    0,    0,    0,    0,    0,    0,    0,    0,    0,    0,    0,    0,    0,    0,    0,   -6,    0,    0,    0,    0,    0,    0,    0,   -2,    0,    0,    0,  -11,    0,    0,    0,    0,    0,    0,    0,    0,    0,    1,    0,    0,    0,    0,    0,    0,    0,    0,    0,    0,    0,    0,    0,    0,    0,    0,    0,    0,    0,    0,    0,    0,    0,    0,    0,    0,    0,    0,    0,    0,    0,    0,    0,    0,    0,    0,
       0,    0,    0,    0,    0,    0,    0,    0,    0,  -11,    0,  -20,    0,    0,    0,    0,    0,    0,    0,    0,    0,    0,    0,    0,    0,    0,    0,  -24,    0,    0,  -18,    0,    0,    0,    0,    0,    0,    0,    0,   -9,   -6,  -10,    0,    0,    0,   -7,    0,    0,   -9,   -9,    0,    0,   -9,    0,    0,    0,    0,    0,    0,    0,    0,   -9,    0,    0,    0,    0,    0,    0,    0,    0,    0,    0,    0,    0,    0,    0,    0,    0,    0,    0,    0,    0,    0,    0,    0,  -33,
       0,    0,    0,    0,    0,    0,    0,    0,    0,    0,    0,    0,    0,    0,    0,    0,    0,    0,    0,    0,    0,    0,    0,    0,    0,    0,    0,   -7,    0,    0,    0,   -8,    0,   -6,    0,   -2,   -7,    0,    0,    0,    0,    0,    0,    0,    0,    0,    0,    0,    0,    0,    0,    0,    0,    0,    0,    0,    0,    0,    0,    0,    0,    0,    0,    0,    0,    0,    0,    0,    0,    0,    0,    0,    0,    0,    0,    0,    0,    0,    0,    0,    0,    0,    0,    0,    0,    0,
       0,    0,    0,    0,    0,    0,    0,    0,    0,   -9,    0,   -9,  -15,    0,    0,    0,    0,    0,    0,    0,    0,    0,    0,    0,    0,    0,    0,   -5,    0,    0,    0,    0,    0,    0,    0,    0,    0,    0,    0,  -14,    0,    0,    0,    0,    0,    0,    0,    0,    0,    0,    0,    0,    0,    0,    0,    0,    0,    0,    0,    0,    0,    0,    0,    0,    0,    0,    0,    0,    0,    0,    0,    0,    0,    0,    0,    0,    0,    0,    0,    0,    0,    0,    0,    0,    0,   -9,
       0,    0,    0,    0,   -3,    0,    0,    0,  -26,    0,  -26,    0,    0,    0,    0,    0,    0,    0,    0,    0,    0,    0,    0,  -18,   -9,    0,  -10,    0,    0,  -10,    0,    0,    0,    0,    0,    0,    0,    0,    0,    0,    0,  -11,    0,    3,    0,    0,    0,    0,   -9,  -11,  -17,    0,    0,  -26,  -14,    0,  -38,    0,    0,    0,    3,   -9,    0,    0,    0,    0,    0,    0,    0,    0,    0,    0,    0,    0,    0,    0,    0,    0,    0,    0,    0,    0,    0,    0,    0,    0,
       0,    0,  -24,    0,    0,    0,    0,  -45,  -21,    0,  -35,    0,    0,    0,  -12,    0,    0,    0,    0,    0,    0,    0,    0,    0,    0,    0,   -8,    0,    0,   -8,    0,  -25,    0,  -19,   -3,    0,  -14,    0,  -35,    0,    0,    0,    0,    0,    0,    0,    0,   -6,    0,  -18,    0,    0,    0,  -32,  -17,  -47,  -38,  -26,    0,    0,    0,    0,    0,    0,    0,    0,    0,    0,    0,    0,    0,    0,    0,    0,    0,    0,    0,    0,    0,    0,    0,    0,    0,    0,    0,    0,
       0,    0,    0,    0,    0,   -9,    0,    0,  -10,  -11,  -10,  -20,    0,    0,    0,    0,    0,    0,    0,    0,    0,    0,    0,    0,    0,    0,    0,  -20,    0,    0,  -26,    0,    0,    0,    0,    0,    0,    0,    0,    0,   -1,   -2,    0,    0,    0,    0,    0,    0,    0,    0,    0,    0,    0,  -10,    0,    0,  -10,    0,    0,    0,    0,    0,    0,    0,    0,    0,    0,    0,    0,    0,    0,    0,    0,    0,    0,    0,    0,    0,    0,    0,    0,    0,    0,    0,    0,  -36,
       0,    0,    0,    0,    0,    0,    0,    0,    0,    0,    0,    0,    0,    0,    0,    0,    0,    0,    0,    0,    0,    0,    0,    0,    0,    0,    0,    0,    0,    0,    0,    0,    0,   -5,    0,    0,   -7,    0,    0,    0,   -1,   -4,    0,    0,    0,    0,    0,    0,    0,    0,    0,    0,    0,    0,    0,    0,    0,    0,    0,    0,    0,    0,    0,    0,    0,    0,    0,    0,    0,    0,    0,    0,    0,    0,    0,    0,    0,    0,    0,    0,    0,    0,    0,    0,    0,    0,
       0,    0,    0,    0,   -1,   -9,    0,    0,  -18,   -9,  -18,   -9,  -35,   -9,    0,    0,    0,  -18,    0,  -21,    0,    0,   -9,  -21,   -9,    0,   -8,  -23,    0,   -8,  -24,    0,    0,    0,    0,    0,    4,    0,    0,  -15,  -20,  -21,    0,    0,    0,  -15,  -20,  -27,  -20,  -17,  -17,  -14,  -12,  -18,  -35,    0,  -39,    0,  -14,    0,    0,  -33,    0,    0,    0,    0,    0,    0,    0,    0,    0,    0,    0,    0,    0,    0,    0,    0,    0,    0,    0,    0,    0,    0,    0,  -32,
       0,    0,    0,    0,    0,  -14,    0,    0,  -14,  -26,  -14,  -26,  -13,   -4,    0,    0,    0,   -9,    0,    0,    0,    0,  -17,  -20,  -17,    0,  -18,  -19,    0,  -10,  -26,    0,    0,    4,    0,    0,    0,    0,    0,  -21,  -14,  -14,    0,    0,    0,   -1,  -12,    0,    0,    0,    0,    0,    0,  -14,  -15,    0,  -25,    0,    0,   -3,    0,    0,    0,    0,    0,    0,    0,    0,    0,    0,    0,    0,    0,    0,    0,    0,    0,    0,    0,    0,    0,    0,    0,    0,    0,  -26,
       0,    0,    0,    0,   -1,  -14,    0,    0,  -13,  -26,  -13,  -26,   -3,    0,    0,    0,    0,   -9,    0,    0,    0,    0,  -14,  -20,  -17,    0,   -2,  -16,    0,   -2,  -17,    0,    0,    1,    6,    0,    0,    0,    0,    0,  -14,  -13,    0,    0,    0,   -9,   -9,    0,    0,    0,    0,    0,    0,  -13,  -15,    0,  -22,    0,    0,   -3,    0,    0,    0,    0,    0,    0,    0,    0,    0,    0,    0,    0,    0,    0,    0,    0,    0,    0,    0,    0,    0,    0,    0,    0,    0,  -26,
       0,    0,    0,    0,   -3,    0,    0,    0,  -10,    0,  -10,    0,    0,   -9,    0,    0,   -5,  -11,    0,    0,   -5,    0,    0,  -15,  -14,    0,  -11,    0,    0,  -11,    0,  -11,    0,    0,    0,    0,    0,    0,    0,    0,  -15,   -8,    0,    0,    0,    0,    0,    0,    0,    0,    0,    0,    0,  -19,  -11,    0,  -22,    0,    0,    0,    0,    0,    0,    0,    0,    0,    0,    0,    0,    0,    0,    0,    0,    0,    0,    0,    0,    0,    0,    0,    0,    0,    0,    0,    0,    0,
       0,    0,    0,    0,    0,  -17,    0,    0,  -20,  -12,  -20,  -12,    0,    0,    0,    0,    0,  -18,    0,    0,    0,    0,  -17,  -27,  -26,    0,  -10,  -20,    0,  -10,   -9,    4,    0,    0,    0,    0,    0,    0,    0,    0,  -22,  -23,    0,   -7,    0,  -10,  -18,    0,  -11,    0,    0,    0,    0,  -20,  -24,    0,  -33,    0,  -17,    0,  -15,  -11,    0,    0,    0,    0,    0,    0,    0,    0,    0,    0,    0,    0,    0,    0,    0,    0,    0,    0,    0,    0,    0,    0,    0,  -37,
       0,    0,    0,    0,    0,    0,    0,    0,  -10,    0,  -10,    0,    0,    0,    0,    0,    0,    0,    0,    0,    0,    0,    0,  -17,    0,    0,   -9,    0,    0,   -9,    0,    0,    0,    0,    0,    0,    0,    0,    0,    0,    0,    0,    0,    0,    0,    0,    0,    0,    0,    0,    0,    0,    0,  -10,   -9,    0,  -19,    0,    0,    0,    0,    0,    0,    0,    0,    0,    0,    0,    0,    0,    0,    0,    0,    0,    0,    0,    0,    0,    0,    0,    0,    0,    0,    0,    0,    0,
       0,    0,  -21,    0,   -1,    0,    0,  -23,   -9,    0,   -9,    0,    5,    0,  -10,    0,    0,    0,    0,    0,    0,    0,    0,   -3,  -14,  -17,  -10,    4,    0,  -10,    0,  -34,   -5,  -32,  -32,    0,  -20,    0,  -23,    0,    0,   -2,   -1,    1,    0,    0,   -1,   -6,    0,  -32,  -18,    0,    0,   -9,   -9,  -23,   -9,  -20,   -9,    0,    1,    0,    0,    0,    0,    0,    0,    0,    0,    0,    0,    0,    0,    0,    0,    0,    0,    0,    0,    0,    0,    0,    0,    0,    0,    0,
       0,    0,    0,    0,    0,    0,    0,  -18,    0,    0,    0,    0,    0,  -12,  -29,    0,  -12,  -15,  -12,    0,  -12,  -12,    0,    0,    0,    0,  -11,    0,    9,  -11,    0,  -15,  -11,  -21,    0,    0,    0,    0,  -18,    0,    0,    0,    0,    7,   26,    9,    0,    0,    0,  -21,    0,    0,    0,    0,    0,  -18,    0,    0,    0,    0,    7,    0,    0,    0,    0,    0,    0,    0,    0,    0,    0,    0,    0,    0,    0,    0,    0,    0,    0,    0,    0,    0,    0,    0,    0,    0,
       0,    0,   -2,    0,    0,    0,    0,    0,    0,    0,    0,    0,    0,    0,  -11,    0,    0,    0,    0,    0,    0,    0,    0,    0,    0,    0,    0,    0,    0,    0,    0,  -18,    0,  -14,  -14,    0,  -22,    0,    0,    0,    0,    0,    0,    0,    0,    0,    0,    0,    0,   -4,    0,    0,    0,    0,    0,    0,    0,    0,    0,    0,    0,    0,    0,    0,    0,    0,    0,    0,    0,    0,    0,    0,    0,    0,    0,    0,    0,    0,    0,    0,    0,    0,    0,    0,    0,    0,
       0,    0,   -4,    0,    0,    0,   -3,    0,    0,    0,    0,    0,    0,    0,   -9,    0,    0,    0,    0,    0,    0,    0,    0,    0,    0,    0,    0,   -9,    0,    0,    0,  -21,    0,  -14,  -13,   -8,  -25,    0,    0,    0,    3,    0,    0,    0,    0,    0,    0,    0,    0,   -5,   -4,   -6,   -4,    0,    0,    0,    0,   -9,    0,    0,    0,    0,    0,    0,    0,    0,    0,    0,    0,    0,    0,    0,    0,    0,    0,    0,    0,    0,    0,    0,    0,    0,    0,    0,    0,    0,
       0,    0,    0,    0,    0,    0,    0,    0,   -7,  -15,   -7,  -15,   -6,    0,    0,    0,    0,  -17,    0,    0,    0,    0,    0,    0,    0,    0,    0,   -9,    0,    0,  -17,    0,    0,    0,    0,    0,    2,    0,    0,   -4,   -5,   -7,  -11,    1,    1,    0,   -6,  -10,    0,    0,    4,    0,    0,   -7,  -11,    0,   -7,    0,    0,    0,    1,    0,    0,    0,    0,    0,    0,    0,    0,    0,    0,    0,    0,    0,    0,    0,    0,    0,    0,    0,    0,    0,    0,    0,    0,  -15,
       0,    0,    0,    0,    0,    0,    0,    0,    0,    0,    0,    0,    0,    0,    0,    0,    0,    0,    0,    0,    0,    0,    0,    0,    0,    0,    0,    0,    0,    0,    0,  -14,    0,    0,    0,    0,    0,    0,    0,    0,    0,    0,    0,    0,    1,    0,    0,    0,    0,    0,    0,    0,    0,    0,    0,    0,    0,    0,    0,    0,    0,    0,    0,    0,    0,    0,    0,    0,    0,    0,    0,    0,    0,    0,    0,    0,    0,    0,    0,    0,    0,    0,    0,    0,    0,    0,
       0,    0,    0,    0,    0,    0,    0,    0,  -13,    0,  -13,    0,    0,    0,    0,    0,    0,  -12,    0,    0,    0,    0,    0,  -23,    0,    0,    0,    0,    0,    0,    0,  -15,    0,    0,    0,    0,    0,    0,    0,    0,    0,   -6,    0,    0,    0,    0,    0,    0,    0,    1,    0,    0,    0,  -13,  -14,    0,  -13,    0,    0,    0,    0,    0,    0,    0,    0,    0,    0,    0,    0,    0,    0,    0,    0,    0,    0,    0,    0,    0,    0,    0,    0,    0,    0,    0,    0,    0,
       0,    0,    0,    0,    0,    0,    0,    0,  -10,  -17,  -10,  -17,   -9,    0,    0,    0,    0,    0,    0,    0,    0,    0,    0,  -11,    0,    0,    0,  -11,    4,    0,  -15,  -15,    0,    0,    0,    0,    0,   -9,    0,    0,   -1,   -5,    5,    2,    4,    3,    0,    5,    0,    4,    2,    4,    0,  -10,    0,    0,  -10,    0,    0,    0,    2,    0,    0,    0,    0,    0,    0,    0,    0,    0,    0,    0,    0,    0,    0,    0,    0,    0,    0,    0,    0,    0,    0,    0,    0,  -17,
       0,    0,   -1,    0,    0,    0,    0,    0,    0,    0,    0,    0,    0,    0,    0,    0,    0,    0,    0,    0,    0,    0,    0,    0,    0,    0,    0,    0,    0,    0,    0,  -20,    0,  -12,   -9,    0,  -20,    0,    0,    0,    0,    0,    0,    0,    0,    0,    0,    0,    0,    0,    0,    0,    0,    0,    0,    0,    0,    0,    0,    0,    0,    0,    0,    0,    0,    0,    0,    0,    0,    0,    0,    0,    0,    0,    0,    0,    0,    0,    0,    0,    0,    0,    0,    0,    0,    0,
       0,    0,    0,    0,    0,    0,    0,    0,   -5,    0,   -5,    0,    0,    0,    0,    0,    0,   -3,    0,    0,    0,    0,    0,   -8,    0,    0,    0,    0,    0,    0,    0,   -9,    0,   -2,   -2,    0,   -3,    0,    0,    0,    1,   -3,   -7,    0,    2,    0,   -2,   -1,    0,    5,    4,    0,    0,   -5,    0,    0,   -5,    0,    0,    0,    0,    0,    0,    0,    0,    0,    0,    0,    0,    0,    0,    0,    0,    0,    0,    0,    0,    0,    0,    0,    0,    0,    0,    0,    0,    0,
       0,    0,    0,    0,    0,    0,    0,    0,  -10,    0,  -10,    0,   -9,    0,    0,    0,    0,    0,    0,    0,    0,    0,    0,  -11,    0,    0,    0,    0,    0,    0,    0,  -14,    0,    0,    0,    0,  -15,    0,    0,   -9,    0,    0,    0,    0,    0,    0,    0,    0,    0,    0,    0,    0,    0,  -10,    0,    0,  -10,    0,    0,    0,    0,    0,    0,    0,    0,    0,    0,    0,    0,    0,    0,    0,    0,    0,    0,    0,    0,    0,    0,    0,    0,    0,    0,    0,    0,    0,
       0,    0,    0,    0,    0,    0,    0,    0,  -11,  -11,  -11,  -11,  -15,    0,    0,    0,    0,    0,    0,    0,    0,    0,    0,   -9,  -11,    0,    0,  -18,    1,    0,  -17,   -9,    0,    0,    0,    0,   -9,    0,    0,  -21,   -2,   -5,    4,    0,    0,    0,    0,    4,    0,    0,    0,    0,    0,  -11,  -11,    0,  -11,    0,    0,    0,    0,    0,    0,    0,    0,    0,    0,    0,    0,    0,    0,    0,    0,    0,    0,    0,    0,    0,    0,    0,    0,    0,    0,    0,    0,  -31,
       0,    0,    0,    0,    0,   -9,    0,    0,    0,  -20,    0,  -20,    0,    0,    0,    0,    0,    0,    0,    0,    0,    0,    0,    0,    0,    0,    0,  -18,    0,    0,  -15,  -14,    0,    0,    0,    0,    0,   -9,    0,    0,    0,   -4,    0,    0,    0,    0,    0,    0,    0,    0,    0,    0,    0,    0,   -9,    0,    0,    0,    0,    0,    0,    0,    0,    0,    0,    0,    0,    0,    0,    0,    0,    0,    0,    0,    0,    0,    0,    0,    0,    0,    0,    0,    0,    0,    0,  -20,
       0,    0,    0,    0,    0,    0,    0,    0,   -6,    0,   -6,    0,    0,    0,    0,    0,    0,    0,    0,    0,    0,    0,    0,    0,   -9,    0,    0,    0,    0,    0,    0,  -14,    0,    0,    0,    0,    0,    0,    0,    0,    0,   -6,    5,    0,    0,    0,    0,    5,    0,    0,    0,    0,    0,   -6,   -9,    0,   -6,    0,    0,    0,    0,    0,    0,    0,    0,    0,    0,    0,    0,    0,    0,    0,    0,    0,    0,    0,    0,    0,    0,    0,    0,    0,    0,    0,    0,    0,
       0,    0,    0,    0,    0,    0,    0,    0,    0,    0,    0,    0,    0,    0,    0,    0,    0,    0,    0,    0,    0,    0,    0,    0,    0,    0,    0,    0,    0,    0,    0,   -9,    0,    0,    0,    0,    0,    0,    0,    0,    0,   -4,    0,    0,    0,    0,    0,    0,    0,    0,    0,    0,    0,    0,    0,    0,    0,    0,    0,    0,    0,    0,    0,    0,    0,    0,    0,    0,    0,    0,    0,    0,    0,    0,    0,    0,    0,    0,    0,    0,    0,    0,    0,    0,    0,    0,
       0,    0,    0,    0,    0,    0,    0,    0,    0,    0,    0,    0,    0,    0,    0,   -8,   -2,    0,    0,   -7,    0,    0,    0,    0,    0,    0,    0,   -9,    0,    0,  -12,  -20,    0,  -13,  -11,  -19,  -20,    0,    0,    0,    0,    0,    0,    0,    0,    0,    0,    0,    0,    0,    0,   -6,    0,    0,    0,    0,    0,    0,    0,    0,    0,    0,    0,    0,    0,    0,    0,    0,    0,    0,    0,    0,    0,    0,    0,    0,    0,    0,    0,    0,    0,    0,    0,    0,    0,    0,
       0,    0,    0,    0,    0,    0,    0,    0,    0,    0,    0,    0,    0,    0,    0,    0,    0,    0,    0,    0,    0,    0,    0,    0,    0,    0,    0,    0,    0,    0,    0,  -18,    0,   -9,    0,    0,  -18,    0,    0,    0,    0,    0,    0,    0,    0,    0,    0,    0,    0,    0,    0,    0,    0,    0,    0,    0,    0,    0,    0,    0,    0,    0,    0,    0,    0,    0,    0,    0,    0,    0,    0,    0,    0,    0,    0,    0,    0,    0,    0,    0,    0,    0,    0,    0,    0,    0,
       0,    0,    0,    0,    0,    0,    0,    0,    0,    0,    0,    0,    0,    0,    0,    0,    0,    0,    0,    0,    0,    0,    0,    0,    0,    0,    0,   -9,    0,    0,    0,  -14,    0,    0,    0,    0,  -17,    0,    0,    0,    0,    0,    0,    0,    0,    0,    0,    0,    0,    0,    0,    0,    0,    0,    0,    0,    0,    0,    0,    0,    0,    0,    0,    0,    0,    0,    0,    0,    0,    0,    0,    0,    0,    0,    0,    0,    0,    0,    0,    0,    0,    0,    0,    0,    0,    0,
       0,    0,    0,    0,    0,    0,    0,    0,    0,    0,    0,    0,    0,    0,    0,   -8,   -2,    0,    0,   -7,    0,    0,    0,    0,    0,    0,    0,   -9,    0,    0,  -12,  -41,    0,  -24,  -11,  -22,  -33,    0,    0,    0,    0,    0,    0,    0,    0,    0,    0,    0,    0,    0,    0,   -6,    0,    0,    0,    0,    0,    0,    0,    0,    0,    0,    0,    0,    0,    0,    0,    0,    0,    0,    0,    0,    0,    0,    0,    0,    0,    0,    0,    0,    0,    0,    0,    0,    0,    0,
       0,    0,    0,    0,    0,  -11,    0,    0,    0,    0,    0,    0,    0,    0,    0,    0,    0,    0,    0,    0,    0,    0,    0,    0,    0,    0,    0,  -20,    0,    0,  -20,    0,    0,    0,    0,    0,    0,    0,    0,    0,    0,   -9,    0,    0,    0,    0,    0,    0,    0,    0,    0,    0,    0,    0,    0,    0,    0,    0,    0,    0,    0,    0,    0,    0,    0,    0,    0,    0,    0,    0,    0,    0,    0,    0,    0,    0,    0,    0,    0,    0,    0,    0,    0,    0,    0,    0,
       0,    0,    0,    0,    0,    0,    0,    0,    0,    0,    0,    0,    0,    0,  -11,  -14,  -12,    0,    0,  -14,   -9,    0,    0,    0,    0,    0,    0,   -9,    0,    0,    0,  -35,    0,  -17,  -15,  -11,  -24,   -9,    0,    0,    0,    0,    0,    0,    0,    0,    0,    0,    0,   -9,   -9,   -9,    0,    0,    0,    0,    0,    0,    0,    0,    0,    0,    0,    0,    0,    0,    0,    0,    0,    0,    0,    0,    0,    0,    0,    0,    0,    0,    0,    0,    0,    0,    0,    0,    0,    0,
       0,    0,    0,    0,    0,    0,    0,    0,    0,    0,    0,    0,    0,    0,    0,    0,    0,    0,    0,    0,    0,    0,    0,    0,    0,    0,    0,    0,    0,    0,    0,  -18,    0,  -24,  -22,    0,    0,    0,    0,    0,    0,    0,    0,    0,    0,    0,    0,    0,    0,    0,    0,    0,    0,    0,    0,    0,    0,    0,    0,    0,    0,    0,    0,    0,    0,    0,    0,    0,    0,    0,    0,    0,    0,    0,    0,    0,    0,    0,    0,    0,    0,    0,    0,    0,    0,    0,
       0,    0,   -2,    0,    0,    0,    0,    0,    0,    0,    0,    0,    0,    0,  -11,    0,    0,    0,    0,    0,    0,    0,    0,    0,    0,    0,    0,    0,    0,    0,    0,  -32,    0,  -14,  -14,    0,  -22,    0,    0,    0,    0,    0,    0,    0,    0,    0,    0,    0,    0,   -4,    0,    0,    0,    0,    0,    0,    0,    0,    0,    0,    0,    0,    0,    0,    0,    0,    0,    0,    0,    0,    0,    0,    0,    0,    0,    0,    0,    0,    0,    0,    0,    0,    0,    0,    0,    0,
       0,    0,    0,    0,    0,    0,    0,    0,    0,    0,    0,    0,    0,    0,    0,    0,    0,    0,    0,    0,    0,    0,    0,    0,    0,    0,    0,    0,    0,    0,    0,    0,    0,    0,    0,    0,    0,    0,    0,    0,    0,    0,    0,    0,    0,    0,    0,    0,    0,    0,    0,    0,    0,    0,    0,    0,    0,    0,    0,    0,    0,    0,    0,    0,    0,    0,    0,    0,    0,    0,   -5,    0,   -2,   -2,    0,    0,    0,    0,    0,   -5,    0,   -3,    0,   -5,    0,    0,
       0,    0,    0,    0,    0,    0,    0,    0,    0,    0,    0,    0,    0,    0,    0,    0,    0,    0,    0,    0,    0,    0,    0,    0,    0,    0,    0,    0,    0,    0,    0,    0,    0,    0,    0,    0,    0,    0,    0,    0,    0,    0,    0,    0,    0,    0,    0,    0,    0,    0,    0,    0,    0,    0,    0,    0,    0,    0,    0,    0,    0,    0,    0,    0,    0,   -3,    0,    0,    0,    0,    0,   -5,    0,    0,    0,    0,   -9,    0,    0,   -9,    0,    0,   -7,    0,    0,    0,
       0,    0,    0,    0,    0,    0,    0,    0,    0,    0,    0,    0,    0,    0,    0,    0,    0,    0,    0,    0,    0,    0,    0,    0,    0,    0,    0,    0,    0,    0,    0,    0,    0,    0,    0,    0,    0,    0,    0,    0,    0,    0,    0,    0,    0,    0,    0,    0,    0,    0,    0,    0,    0,    0,    0,    0,    0,    0,    0,    0,    0,    0,    0,    1,    0,    0,    0,    0,    0,   -5,   -9,    0,   -3,   -4,    0,   -6,    0,    0,    0,   -7,    0,    0,    0,    0,    0,    0,
       0,    0,    0,    0,    0,    0,    0,    0,    0,    0,    0,    0,    0,    0,    0,    0,    0,    0,    0,    0,    0,    0,    0,    0,    0,    0,    0,    0,    0,    0,    0,    0,    0,    0,    0,    0,    0,    0,    0,    0,    0,    0,    0,    0,    0,    0,    0,    0,    0,    0,    0,    0,    0,    0,    0,    0,    0,    0,    0,    0,    0,    0,    0,  -11,    0,    0,   -5,    0,    0,   -5,    0,  -13,  -10,    0,   -7,   -3,   -9,    0,  -13,  -10,    0,    0,  -10,    0,    0,    0,
       0,    0,    0,    0,    0,    0,    0,    0,    0,    0,    0,    0,    0,    0,    0,    0,    0,    0,    0,    0,    0,    0,    0,    0,    0,    0,    0,    0,    0,    0,    0,    0,    0,    0,    0,    0,    0,    0,    0,    0,    0,    0,    0,    0,    0,    0,    0,    0,    0,    0,    0,    0,    0,    0,    0,    0,    0,    0,    0,    0,    0,    0,    0,   -2,    0,    0,    0,    0,    0,   -4,    0,    0,    0,    0,   -3,    0,   -2,    0,    0,   -5,    0,    0,   -3,    0,    0,    0,
       0,    0,    0,    0,    0,    0,    0,    0,    0,    0,    0,    0,    0,    0,    0,    0,    0,    0,    0,    0,    0,    0,    0,    0,    0,    0,    0,    0,    0,    0,    0,    0,    0,    0,    0,    0,    0,    0,    0,    0,    0,    0,    0,    0,    0,    0,    0,    0,    0,    0,    0,    0,    0,    0,    0,    0,    0,    0,    0,    0,    0,    0,    0,   -5,    0,    0,    0,    0,    0,    0,    0,    0,    0,    0,    0,    0,    0,    0,    0,    0,    0,    0,    0,    0,    0,    0,
       0,    0,    0,    0,    0,    0,    0,    0,    0,    0,    0,    0,    0,    0,    0,    0,    0,    0,    0,    0,    0,    0,    0,    0,    0,    0,    0,    0,    0,    0,    0,    0,    0,    0,    0,    0,    0,    0,    0,    0,    0,    0,    0,    0,    0,    0,    0,    0,    0,    0,    0,    0,    0,    0,    0,    0,    0,    0,    0,    0,    0,    0,    0,    0,    0,   -3,    0,    0,    0,   -5,    0,   -5,   -2,    0,    0,    0,    0,    0,   -3,   -6,   -5,   -5,   -3,    0,    0,    0,
       0,    0,    0,    0,    0,    0,    0,    0,    0,    0,    0,    0,    0,    0,    0,    0,    0,    0,    0,    0,    0,    0,    0,    0,    0,    0,    0,    0,    0,    0,    0,    0,    0,    0,    0,    0,    0,    0,    0,    0,    0,    0,    0,    0,    0,    0,    0,    0,    0,    0,    0,    0,    0,    0,    0,    0,    0,    0,    0,    0,    0,    0,    0,  -17,    0,    0,   -5,    0,   -2,   -2,    0,    0,   -2,    0,   -8,   -2,   -2,    0,    0,   -6,    0,    0,   -5,    0,   -5,    0,
       0,    0,    0,    0,    0,    0,    0,    0,    0,    0,    0,    0,    0,    0,    0,    0,    0,    0,    0,    0,    0,    0,    0,    0,    0,    0,    0,    0,    0,    0,    0,    0,    0,    0,    0,    0,    0,    0,    0,    0,    0,    0,    0,    0,    0,    0,    0,    0,    0,    0,    0,    0,    0,    0,    0,    0,    0,    0,    0,    0,    0,    0,    0,    0,    0,    0,    0,    0,    0,   -5,    0,    0,   -3,    0,    0,   -4,   -4,    0,   -7,   -7,    0,    0,    0,    0,    0,    0,
       0,    0,    0,    0,    0,    0,    0,    0,    0,    0,    0,    0,    0,    0,    0,    0,    0,    0,    0,    0,    0,    0,    0,    0,    0,    0,    0,    0,    0,    0,    0,    0,    0,    0,    0,    0,    0,    0,    0,    0,    0,    0,    0,    0,    0,    0,    0,    0,    0,    0,    0,    0,    0,    0,    0,    0,    0,    0,    0,    0,    0,    0,    0,  -11,   -1,    0,    0,    0,    0,   -5,    0,   -8,   -7,    0,    0,    0,   -5,    0,  -10,   -4,    0,    0,    0,    5,   -2,    0,
       0,    0,    0,    0,    0,    0,    0,    0,    0,    0,    0,    0,    0,    0,    0,    0,    0,    0,    0,    0,    0,    0,    0,    0,    0,    0,    0,    0,    0,    0,    0,    0,    0,    0,    0,    0,    0,    0,    0,    0,    0,    0,    0,    0,    0,    0,    0,    0,    0,    0,    0,    0,    0,    0,    0,    0,    0,    0,    0,    0,    0,    0,    0,    0,    0,    0,    0,    0,    0,    0,    0,    0,   -5,    0,   -3,   -5,   -6,    0,    0,   -7,    0,    0,    0,    0,    0,    0,
       0,    0,    0,    0,    0,    0,    0,    0,    0,    0,    0,    0,    0,    0,    0,    0,    0,    0,    0,    0,    0,    0,    0,    0,    0,    0,    0,    0,    0,    0,    0,    0,    0,    0,    0,    0,    0,    0,    0,    0,    0,    0,    0,    0,    0,    0,    0,    0,    0,    0,    0,    0,    0,    0,    0,    0,    0,    0,    0,    0,    0,    0,    0,    0,    0,    0,    0,    0,    0,   -4,   -4,    0,   -7,    0,    0,    0,    0,    0,    0,    0,    0,    0,    0,    0,    0,    0,
       0,    0,    0,    0,    0,    0,    0,    0,    0,    0,    0,    0,    0,    0,    0,    0,    0,    0,    0,    0,    0,    0,    0,    0,    0,    0,    0,    0,    0,    0,    0,    0,    0,    0,    0,    0,    0,    0,    0,    0,    0,    0,    0,    0,    0,    0,    0,    0,    0,    0,    0,    0,    0,    0,    0,    0,    0,    0,    0,    0,    0,    0,    0,    0,    0,    0,    0,    0,    0,   -1,    0,   -8,    0,   -1,    0,    0,   -1,    0,   -8,   -3,    0,    0,   -3,    0,    0,    0,
       0,    0,    0,    0,    0,    0,    0,    0,    0,    0,    0,    0,    0,    0,    0,    0,    0,    0,    0,    0,    0,    0,    0,    0,    0,    0,    0,    0,    0,    0,    0,    0,    0,    0,    0,    0,    0,    0,    0,    0,    0,    0,    0,    0,    0,    0,    0,    0,    0,    0,    0,    0,    0,    0,    0,    0,    0,    0,    0,    0,    0,    0,    0,    0,    0,    0,    0,    0,    0,   -2,    0,    0,    0,    0,    0,    0,   -7,    0,    0,    0,    0,    0,    0,    0,    0,    0,
       0,    0,    0,    0,    0,    0,    0,    0,    0,    0,    0,    0,    0,    0,    0,    0,    0,    0,    0,    0,    0,    0,    0,    0,    0,    0,    0,    0,    0,    0,    0,    0,    0,    0,    0,    0,    0,    0,    0,    0,    0,    0,    0,    0,    0,    0,    0,    0,    0,    0,    0,    0,    0,    0,    0,    0,    0,    0,    0,    0,    0,    0,    0,    0,    0,    0,    0,    0,    0,    0,    0,   -2,   -5,   -2,    0,    0,   -2,    0,   -7,   -1,    0,    0,    0,   -2,    0,    0,
       0,    0,    0,    0,    0,    0,    0,    0,    0,    0,    0,    0,    0,    0,    0,    0,    0,    0,    0,    0,    0,    0,    0,    0,    0,    0,    0,    0,    0,    0,    0,    0,    0,    0,    0,    0,    0,    0,    0,    0,    0,    0,    0,    0,    0,    0,    0,    0,    0,    0,    0,    0,    0,    0,    0,    0,    0,    0,    0,    0,    0,    0,   -3,   -7,    0,   -5,    0,    0,    0,    0,   -5,    0,    0,    0,   -7,    0,   -9,    0,    0,   -7,    0,    0,    0,    0,    0,    0,
       0,    0,    0,    0,    0,    0,    0,    0,    0,    0,    0,    0,    0,    0,    0,    0,    0,    0,    0,    0,    0,    0,    0,    0,    0,    0,    0,    0,    0,    0,    0,    0,    0,    0,    0,    0,    0,    0,    0,    0,    0,    0,    0,    0,    0,    0,    0,    0,    0,    0,    0,    0,    0,    0,    0,    0,    0,    0,    0,    0,    0,    0,    0,  -11,    0,    0,    0,    0,    0,   -5,    0,   -4,   -5,    0,    0,   -2,   -3,    0,   -8,   -3,    0,    0,   -5,    0,   -6,    0,
       0,    0,    0,    0,    0,    0,    0,    0,    0,    0,    0,    0,    0,    0,    0,    0,    0,    0,    0,    0,    0,    0,    0,    0,    0,    0,    0,    0,    0,    0,    0,    0,    0,    0,    0,    0,    0,    0,    0,    0,    0,    0,    0,    0,    0,    0,    0,    0,    0,    0,    0,    0,    0,    0,    0,    0,    0,    0,    0,    0,    0,    0,    0,   -6,    0,    0,    0,    0,    0,   -1,    0,    0,   -6,    0,   -2,    0,   -3,    0,    0,   -2,    0,    0,   -2,    0,    0,    0,
       0,    0,    0,    0,    0,    0,    0,    0,    0,    0,    0,    0,    0,    0,    0,    0,    0,    0,    0,    0,    0,    0,    0,    0,    0,    0,    0,    0,    0,    0,    0,    0,    0,    0,    0,    0,    0,    0,    0,    0,    0,    0,    0,    0,    0,    0,    0,    0,    0,    0,    0,    0,    0,    0,    0,    0,    0,    0,    0,    0,    0,    0,    0,    0,    0,  -12,    0,  -13,    0,    0,   -4,    0,   -5,   -1,    0,   -9,  -11,  -11,    0,   -7,    0,    0,    0,   -5,    0,    0,
};

static const EpdFontData ui_8_medium = {
    ui_8_mediumBitmaps,
    ui_8_mediumGlyphs,
    ui_8_mediumIntervals,
    391,
    20,
    17,
    -5,
    false,
    nullptr,
    0,
    nullptr,
    ui_8_mediumKernLeftClasses,
    ui_8_mediumKernRightClasses,
    ui_8_mediumKernMatrix,
    119,
    129,
    79,
    86,
    nullptr,
    0,
};
