/**
 * generated by fontconvert.py
 * name: ui_script_18
 * size: 18
 * mode: 1-bit
 * Generated by scripts/build_ui_fonts.py
 */
#pragma once
#include "EpdFontData.h"

static const uint8_t ui_script_18Bitmaps[21391] = {
    0x00, 0x30, 0x01, 0xC0, 0x0E, 0x00, 0xF0, 0x07, 0x00, 0x78, 0x03, 0x80, 0x3C, 0x01, 0xC0, 0x1E,
    0x00, 0xE0, 0x07, 0x00, 0x70, 0x03, 0x80, 0x3C, 0x01, 0xC0, 0x0E, 0x00, 0xF0, 0x07, 0x00, 0x38,
    0x00, 0xC0, 0x00, 0x00, 0x00, 0x06, 0x00, 0x78, 0x07, 0xC0, 0x1C, 0x00, 0x10, 0x83, 0x18, 0x73,
    0x8C, 0x63, 0x9C, 0x73, 0x9C, 0xE3, 0x9C, 0xE7, 0x00, 0x00, 0x00, 0x00, 0x00, 0x00, 0x07, 0x03,
    0x80, 0x03, 0xC1, 0xE0, 0x01, 0xE0, 0xF0, 0x01, 0xE0, 0xF0, 0x00, 0xF0, 0x78, 0x00, 0x70, 0x38,
    0x00, 0x78, 0x3C, 0x00, 0x38, 0x1C, 0x00, 0x1C, 0x0E, 0x00, 0x1C, 0x0E, 0x00, 0x0E, 0x07, 0x00,
    0x0F, 0x07, 0x80, 0xFF, 0xFF, 0xF8, 0x7F, 0xFF, 0xFC, 0x03, 0x81, 0xC0, 0x01, 0xC0, 0xE0, 0x00,
    0xC0, 0x60, 0x00, 0xE0, 0x70, 0x00, 0x70, 0x38, 0x07, 0xFF, 0xFF, 0xC3, 0xFF, 0xFF, 0xE0, 0x1C,
    0x0E, 0x00, 0x1C, 0x0E, 0x00, 0x0E, 0x07, 0x00, 0x07, 0x03, 0x80, 0x07, 0x83, 0xC0, 0x03, 0x81,
    0xC0, 0x01, 0xC0, 0xE0, 0x00, 0xE0, 0x70, 0x00, 0xF0, 0x78, 0x00, 0x70, 0x38, 0x00, 0x38, 0x1C,
    0x00, 0x0C, 0x06, 0x00, 0x00, 0x00, 0x00, 0x00, 0x00, 0x00, 0x60, 0x00, 0x06, 0x00, 0x00, 0xE0,
    0x00, 0x0E, 0x00, 0x01, 0xC0, 0x00, 0x1C, 0x00, 0x1F, 0xE0, 0x03, 0xFE, 0x00, 0xFF, 0x60, 0x0E,
    0x60, 0x01, 0xCE, 0x00, 0x1C, 0xC0, 0x01, 0xDC, 0x00, 0x1F, 0x80, 0x00, 0xF0, 0x00, 0x07, 0x80,
    0x00, 0x7C, 0x00, 0x07, 0xC0, 0x00, 0xCE, 0x00, 0x0C, 0xE0, 0x01, 0x8E, 0x04, 0x19, 0xE0, 0xE3,
    0x9C, 0x0E, 0x3F, 0x80, 0x7F, 0xF0, 0x03, 0xF8, 0x00, 0x06, 0x00, 0x00, 0xE0, 0x00, 0x0C, 0x00,
    0x00, 0xC0, 0x00, 0x0C, 0x00, 0x00, 0x80, 0x00, 0x00, 0x00, 0x00, 0x00, 0x00, 0x00, 0x00, 0xF0,
    0x00, 0x03, 0xF0, 0x30, 0x0F, 0xE0, 0xF0, 0x3D, 0xC3, 0xE0, 0xE3, 0x87, 0x81, 0xC7, 0x1E, 0x07,
    0x1C, 0x70, 0x0E, 0x39, 0xC0, 0x18, 0xE7, 0x00, 0x3F, 0x9C, 0x00, 0x3E, 0x70, 0x00, 0x21, 0xE0,
    0x00, 0x07, 0x00, 0x00, 0x1C, 0x20, 0x00, 0x71, 0xF0, 0x01, 0xE7, 0xE0, 0x07, 0x9F, 0xE0, 0x1E,
    0x7B, 0xC0, 0x79, 0xE7, 0x01, 0xE3, 0x8E, 0x03, 0x87, 0x18, 0x0E, 0x1C, 0x70, 0x3C, 0x39, 0xC0,
    0x70, 0x3F, 0x01, 0xC0, 0x38, 0x01, 0x80, 0x00, 0x00, 0x00, 0x00, 0x00, 0x00, 0xFC, 0x00, 0x03,
    0xFE, 0x00, 0x0F, 0xFC, 0x00, 0x3E, 0x3C, 0x00, 0x78, 0x78, 0x01, 0xE0, 0xE0, 0x03, 0xC3, 0xC0,
    0x0F, 0x0F, 0x00, 0x1E, 0x3C, 0x00, 0x1D, 0xF0, 0x00, 0x3F, 0xC0, 0x00, 0x7E, 0x00, 0x80, 0xF8,
    0x03, 0x83, 0xF0, 0x0F, 0x07, 0xF0, 0x3C, 0x1E, 0x70, 0xF0, 0x78, 0xF3, 0xC1, 0xE0, 0xFF, 0x03,
    0x80, 0xFC, 0x0F, 0x03, 0xF0, 0x1E, 0x0F, 0xE0, 0x3F, 0xFF, 0xE0, 0x3F, 0xF1, 0xF0, 0x1F, 0x81,
    0xF0, 0x00, 0x01, 0xF8, 0x00, 0x01, 0xF8, 0x00, 0x00, 0x60, 0x10, 0x61, 0xC6, 0x38, 0xE7, 0x1C,
    0xE0, 0x00, 0x00, 0x0E, 0x00, 0x3E, 0x00, 0x7E, 0x00, 0xF8, 0x00, 0xF0, 0x01, 0xE0, 0x03, 0xC0,
    0x03, 0x80, 0x07, 0x80, 0x0F, 0x00, 0x0E, 0x00, 0x0E, 0x00, 0x1C, 0x00, 0x1C, 0x00, 0x38, 0x00,
    0x38, 0x00, 0x78, 0x00, 0x70, 0x00, 0x70, 0x00, 0x60, 0x00, 0xE0, 0x00, 0xE0, 0x00, 0xE0, 0x00,
    0xE0, 0x00, 0xE0, 0x00, 0xE0, 0x00, 0xE0, 0x00, 0xE0, 0x00, 0xE0, 0x00, 0x70, 0x00, 0x78, 0x00,
    0x3E, 0x00, 0x1E, 0x00, 0x00, 0x00, 0x00, 0x00, 0x00, 0xC0, 0x03, 0x80, 0x0E, 0x00, 0x1C, 0x00,
    0x70, 0x01, 0xC0, 0x07, 0x00, 0x1C, 0x00, 0x70, 0x01, 0xC0, 0x07, 0x00, 0x1C, 0x00, 0xE0, 0x03,
    0x80, 0x0E, 0x00, 0x38, 0x01, 0xE0, 0x07, 0x00, 0x1C, 0x00, 0xF0, 0x03, 0x80, 0x1E, 0x00, 0x70,
    0x03, 0xC0, 0x0E, 0x00, 0x78, 0x03, 0xC0, 0x0E, 0x00, 0x78, 0x0F, 0xC0, 0x3E, 0x00, 0x60, 0x00,
    0x00, 0x80, 0x06, 0x00, 0x70, 0x27, 0x01, 0xBB, 0x0F, 0xFC, 0x3F, 0xC1, 0xF0, 0x1F, 0x01, 0xD8,
    0x1C, 0xC1, 0xC7, 0x8C, 0x1C, 0x00, 0x00, 0x00, 0x00, 0x01, 0x80, 0x01, 0x80, 0x01, 0x80, 0x01,
    0xC0, 0x01, 0xC0, 0x03, 0xF8, 0x7F, 0xFE, 0x7F, 0xFE, 0x01, 0xC0, 0x01, 0xC0, 0x01, 0xC0, 0x01,
    0xC0, 0x01, 0xC0, 0x00, 0x80, 0x00, 0x00, 0x0C, 0x18, 0x30, 0xE1, 0xC7, 0x1E, 0x38, 0x00, 0x0F,
    0xF9, 0xFF, 0x8C, 0x00, 0x39, 0xF7, 0xDE, 0x00, 0x00, 0x00, 0x00, 0x1C, 0x00, 0x03, 0x80, 0x00,
    0xF0, 0x00, 0x1C, 0x00, 0x07, 0x80, 0x00, 0xE0, 0x00, 0x38, 0x00, 0x0F, 0x00, 0x01, 0xC0, 0x00,
    0x70, 0x00, 0x0E, 0x00, 0x03, 0x80, 0x00, 0xF0, 0x00, 0x1C, 0x00, 0x07, 0x00, 0x00, 0xE0, 0x00,
    0x38, 0x00, 0x0F, 0x00, 0x01, 0xC0, 0x00, 0x78, 0x00, 0x0E, 0x00, 0x03, 0xC0, 0x00, 0x70, 0x00,
    0x1E, 0x00, 0x03, 0x80, 0x00, 0xE0, 0x00, 0x1C, 0x00, 0x07, 0x80, 0x00, 0xE0, 0x00, 0x1C, 0x00,
    0x01, 0x00, 0x00, 0x00, 0x00, 0x03, 0xF8, 0x0F, 0xF8, 0x3F, 0xF0, 0xFC, 0xE3, 0xC1, 0xCF, 0x03,
    0x9C, 0x07, 0x78, 0x0E, 0xE0, 0x3B, 0xC0, 0x77, 0x00, 0xEE, 0x03, 0x9C, 0x07, 0x38, 0x1E, 0x78,
    0x78, 0x71, 0xE0, 0xFF, 0x80, 0xFE, 0x00, 0x78, 0x00, 0x00, 0x00, 0x00, 0xE0, 0x0F, 0xC0, 0x7E,
    0x07, 0xF8, 0x3F, 0xE1, 0xF7, 0x1F, 0x1C, 0xF8, 0xF1, 0x83, 0x80, 0x0E, 0x00, 0x78, 0x01, 0xC0,
    0x07, 0x00, 0x3C, 0x00, 0xE0, 0x03, 0x80, 0x1E, 0x00, 0x70, 0x01, 0xC0, 0x07, 0x00, 0x18, 0x00,
    0x00, 0xE0, 0x07, 0xF8, 0x0F, 0xFC, 0x0F, 0x3C, 0x0C, 0x1C, 0x00, 0x1C, 0x00, 0x3C, 0x00, 0x78,
    0x00, 0xF0, 0x01, 0xE0, 0x03, 0xC0, 0x03, 0xC0, 0x07, 0x80, 0x0E, 0x00, 0x1C, 0x00, 0x3C, 0xFC,
    0x7F, 0xFE, 0xFF, 0xFE, 0x7E, 0x00, 0x30, 0x00, 0x00, 0x00, 0x0F, 0xF0, 0x3F, 0xF0, 0xFF, 0xF0,
    0xC0, 0xE0, 0x03, 0xC0, 0x1F, 0x00, 0xFC, 0x07, 0xE0, 0x1F, 0x00, 0x7F, 0x00, 0x7F, 0x80, 0x1F,
    0x80, 0x07, 0x00, 0x0E, 0x00, 0x1C, 0x00, 0x78, 0x01, 0xE1, 0xFF, 0xC3, 0xFE, 0x03, 0xF8, 0x00,
    0x00, 0x00, 0x03, 0x80, 0x03, 0x84, 0x07, 0x8E, 0x0F, 0x0E, 0x1E, 0x1C, 0x1C, 0x1C, 0x3C, 0x38,
    0x38, 0x38, 0x78, 0x70, 0x70, 0xF0, 0x7F, 0xE0, 0x7F, 0xE0, 0x3F, 0xE0, 0x01, 0xC0, 0x01, 0xC0,
    0x03, 0x80, 0x03, 0x80, 0x03, 0x80, 0x03, 0x80, 0x03, 0x80, 0x03, 0x00, 0x00, 0x18, 0x01, 0xFC,
    0x07, 0xF8, 0x1F, 0x00, 0x78, 0x01, 0xE0, 0x03, 0x80, 0x0F, 0xF0, 0x1F, 0xF0, 0x08, 0xF0, 0x00,
    0xE0, 0x01, 0xC0, 0x03, 0x80, 0x07, 0x00, 0x0E, 0x00, 0x1C, 0x00, 0x78, 0xC3, 0xE1, 0xFF, 0x83,
    0xFC, 0x03, 0xE0, 0x00, 0x00, 0x00, 0x00, 0x38, 0x01, 0xF8, 0x0F, 0xE0, 0x3E, 0x00, 0xF8, 0x01,
    0xC0, 0x07, 0x00, 0x1F, 0xF8, 0x3F, 0xF8, 0xFF, 0xF9, 0xE0, 0x77, 0x80, 0xEE, 0x01, 0xDC, 0x07,
    0x38, 0x1C, 0x70, 0x78, 0xE3, 0xE1, 0xFF, 0x01, 0xFC, 0x00, 0xC0, 0x00, 0x00, 0xE0, 0x3F, 0xE3,
    0xFF, 0x8F, 0x8E, 0x10, 0x78, 0x01, 0xC0, 0x0E, 0x00, 0x78, 0x01, 0xC0, 0x0E, 0x07, 0xF8, 0x0F,
    0xF0, 0x0F, 0xE0, 0x79, 0x01, 0xC0, 0x0F, 0x00, 0x38, 0x01, 0xC0, 0x07, 0x00, 0x3C, 0x00, 0x78,
    0x01, 0xC0, 0x00, 0x01, 0xE0, 0x01, 0xFE, 0x01, 0xFF, 0xC1, 0xE1, 0xF0, 0xE0, 0x38, 0x70, 0x1C,
    0x38, 0x0E, 0x0E, 0x7E, 0x07, 0xFE, 0x01, 0xFE, 0x01, 0xFC, 0x00, 0xFC, 0x00, 0xEE, 0x00, 0xE7,
    0x80, 0x71, 0xC0, 0x70, 0xF0, 0x30, 0x78, 0x38, 0x78, 0x1C, 0x7C, 0x0C, 0xFC, 0x07, 0xFC, 0x01,
    0xF8, 0x00, 0x70, 0x00, 0x07, 0xC0, 0x7F, 0x07, 0xFC, 0x78, 0xE7, 0x87, 0x78, 0x7B, 0x87, 0x9C,
    0x78, 0xFF, 0xC3, 0xFC, 0x0F, 0xE0, 0x0E, 0x00, 0x70, 0x07, 0x00, 0x38, 0x01, 0x80, 0x1C, 0x00,
    0xE0, 0x07, 0x00, 0x3C, 0x01, 0xE0, 0x0E, 0x00, 0x20, 0x00, 0x02, 0x07, 0x83, 0xC1, 0xE0, 0x40,
    0x00, 0x00, 0x00, 0x38, 0x3E, 0x1F, 0x07, 0x00, 0x00, 0x80, 0x78, 0x0F, 0x01, 0xE0, 0x10, 0x00,
    0x00, 0x00, 0x00, 0x00, 0x01, 0x80, 0x30, 0x06, 0x01, 0xC0, 0x38, 0x0E, 0x03, 0xC0, 0x70, 0x00,
    0x00, 0x30, 0x01, 0xE0, 0x1F, 0x81, 0xF8, 0x1F, 0x80, 0xF8, 0x0F, 0x80, 0x3C, 0x00, 0x78, 0x00,
    0xF0, 0x01, 0xF8, 0x03, 0xFC, 0x03, 0xF8, 0x03, 0xE0, 0x03, 0xFC, 0x3F, 0xFC, 0x3F, 0x80, 0x00,
    0x00, 0x00, 0x00, 0xFC, 0x1F, 0xFE, 0x3F, 0xFC, 0xF8, 0x03, 0xFC, 0x03, 0xF8, 0x03, 0xF8, 0x01,
    0xF0, 0x01, 0xC0, 0x07, 0x80, 0x3E, 0x03, 0xF0, 0x3F, 0x03, 0xF8, 0x1F, 0x80, 0xF8, 0x00, 0x80,
    0x00, 0x00, 0xF8, 0x03, 0xFC, 0x07, 0xFE, 0x0F, 0x0E, 0x1E, 0x0E, 0x1C, 0x0E, 0x1C, 0x0E, 0x1C,
    0x1E, 0x0C, 0x1C, 0x00, 0x3C, 0x00, 0x78, 0x00, 0xF0, 0x03, 0xE0, 0x07, 0xC0, 0x0F, 0x80, 0x1E,
    0x00, 0x1E, 0x00, 0x1C, 0x00, 0x1C, 0x00, 0x18, 0x00, 0x00, 0x00, 0x00, 0x00, 0x00, 0x00, 0x30,
    0x00, 0x78, 0x00, 0xF8, 0x00, 0x70, 0x00, 0x00, 0x00, 0x00, 0x00, 0x0F, 0xE0, 0x00, 0x3F, 0xF8,
    0x00, 0x7F, 0xFC, 0x01, 0xF8, 0x3E, 0x03, 0xE0, 0x1E, 0x07, 0x80, 0x0F, 0x0F, 0x06, 0x07, 0x0E,
    0x1F, 0x07, 0x1C, 0x3F, 0x87, 0x3C, 0x7B, 0xC7, 0x38, 0xE1, 0x87, 0x78, 0xE3, 0x8F, 0x71, 0xC3,
    0x8E, 0x71, 0xC7, 0x9C, 0x71, 0xCF, 0xF8, 0xE1, 0xFF, 0xF8, 0xF0, 0xFC, 0xE0, 0x70, 0x78, 0x00,
    0x78, 0x00, 0x00, 0x3C, 0x00, 0x00, 0x3F, 0xE0, 0x00, 0x1F, 0xE0, 0x00, 0x07, 0xF0, 0x00, 0x00,
    0xC0, 0x00, 0x00, 0x00, 0x80, 0x00, 0x3E, 0x00, 0x03, 0xF0, 0x00, 0x7F, 0x00, 0x0F, 0xF0, 0x00,
    0xF7, 0x00, 0x1E, 0x70, 0x03, 0xC7, 0x00, 0x38, 0x70, 0x07, 0x87, 0x00, 0x70, 0xE0, 0x0E, 0x0E,
    0x01, 0xE0, 0xE0, 0x1C, 0x0E, 0x03, 0xDF, 0xE0, 0x7F, 0xFE, 0x0F, 0xFF, 0xE0, 0xFE, 0x1C, 0x0E,
    0x01, 0xC1, 0xE0, 0x1C, 0x1C, 0x01, 0xC3, 0xC0, 0x1C, 0x38, 0x01, 0xC7, 0x80, 0x1C, 0x70, 0x01,
    0xCF, 0x00, 0x1C, 0xE0, 0x01, 0xC6, 0x00, 0x00, 0x00, 0x00, 0x00, 0x00, 0x00, 0x00, 0x1F, 0xF0,
    0x03, 0xFF, 0x00, 0x7F, 0xF0, 0x0E, 0x0E, 0x03, 0xC1, 0xC0, 0x70, 0x38, 0x1E, 0x0F, 0x03, 0x83,
    0xC0, 0xF0, 0x70, 0x1C, 0x1E, 0x03, 0x87, 0x80, 0xF3, 0xC0, 0x1F, 0xFC, 0x07, 0xFF, 0xE0, 0xFC,
    0x7E, 0x3C, 0x03, 0xC7, 0x80, 0x38, 0xE0, 0x07, 0xBC, 0x00, 0xE7, 0x00, 0x1C, 0xE0, 0x03, 0xBC,
    0x00, 0xE7, 0x00, 0x3C, 0x78, 0x0F, 0x03, 0x87, 0xC0, 0x7F, 0xF0, 0x07, 0xFC, 0x00, 0x3C, 0x00,
    0x00, 0x00, 0x00, 0x07, 0xE0, 0x03, 0xF8, 0x01, 0xFF, 0x00, 0xF9, 0xC0, 0x78, 0x70, 0x3C, 0x3C,
    0x1E, 0x0F, 0x0F, 0x87, 0x83, 0xC1, 0xE1, 0xE0, 0xF0, 0x70, 0x18, 0x3C, 0x00, 0x0E, 0x00, 0x07,
    0x80, 0x01, 0xC0, 0x00, 0xF0, 0x00, 0x3C, 0x00, 0x0F, 0x00, 0x03, 0x80, 0x00, 0xE0, 0x00, 0x38,
    0x00, 0x0E, 0x00, 0xE3, 0xC0, 0x70, 0xF0, 0x7C, 0x3E, 0xFC, 0x07, 0xFE, 0x00, 0xFE, 0x00, 0x0E,
    0x00, 0x00, 0x00, 0x00, 0x00, 0x07, 0xFC, 0x00, 0x0F, 0xFF, 0x00, 0x1F, 0xFF, 0x00, 0x07, 0x1F,
    0x00, 0x1E, 0x1F, 0x00, 0x38, 0x0F, 0x00, 0x70, 0x1E, 0x01, 0xC0, 0x1E, 0x03, 0x80, 0x3C, 0x0F,
    0x00, 0x38, 0x1C, 0x00, 0x70, 0x38, 0x00, 0xE0, 0xF0, 0x01, 0xC1, 0xC0, 0x07, 0x83, 0x80, 0x0E,
    0x0F, 0x00, 0x1C, 0x1C, 0x00, 0x78, 0x38, 0x00, 0xE0, 0xE0, 0x03, 0xC1, 0xC0, 0x07, 0x83, 0x80,
    0x1E, 0x07, 0x00, 0x78, 0x1E, 0x01, 0xE0, 0x38, 0x07, 0xC0, 0x70, 0x3F, 0x03, 0xE0, 0xF8, 0x07,
    0xDF, 0xE0, 0x0F, 0xFF, 0x80, 0x0F, 0xFC, 0x00, 0x07, 0x80, 0x00, 0x00, 0x00, 0x00, 0x00, 0x00,
    0x3F, 0xF8, 0x01, 0xFF, 0xF0, 0x07, 0xFF, 0xC0, 0x0F, 0xE0, 0x00, 0x3E, 0x00, 0x00, 0x78, 0x00,
    0x01, 0xE0, 0x00, 0x03, 0xC0, 0x00, 0x0F, 0x00, 0x00, 0x3C, 0x06, 0x00, 0x70, 0xFE, 0x01, 0xFF,
    0xFC, 0x03, 0xFF, 0xC0, 0x0F, 0xF8, 0x00, 0x1C, 0x00, 0x00, 0x78, 0x00, 0x00, 0xE0, 0x00, 0x01,
    0xC0, 0x00, 0x03, 0x80, 0x00, 0x07, 0x00, 0x0E, 0x0F, 0x00, 0x7C, 0x0F, 0x07, 0xF0, 0x1F, 0xFF,
    0x80, 0x1F, 0xFE, 0x00, 0x0F, 0xE0, 0x00, 0x00, 0x70, 0x90, 0x07, 0xFF, 0xF0, 0xFF, 0xFF, 0xC3,
    0xFF, 0x00, 0x01, 0xE0, 0x00, 0x07, 0x00, 0x00, 0x3C, 0x00, 0x00, 0xE0, 0x00, 0x03, 0x80, 0x00,
    0x1C, 0x00, 0x00, 0x70, 0x00, 0x03, 0xFF, 0xE0, 0x0F, 0xFF, 0x80, 0x7F, 0xFC, 0x01, 0xE0, 0x00,
    0x07, 0x00, 0x00, 0x3C, 0x00, 0x00, 0xE0, 0x00, 0x03, 0x80, 0x00, 0x1E, 0x00, 0x00, 0x70, 0x00,
    0x01, 0xC0, 0x00, 0x0F, 0x00, 0x00, 0x38, 0x00, 0x00, 0xE0, 0x00, 0x00, 0x00, 0x00, 0x00, 0x00,
    0x08, 0x00, 0x0F, 0xF0, 0x03, 0xFF, 0x00, 0xFF, 0xE0, 0x3C, 0x1C, 0x0F, 0x01, 0x81, 0xC0, 0x00,
    0x78, 0x00, 0x0E, 0x00, 0x03, 0xC0, 0x00, 0x70, 0x00, 0x1E, 0x00, 0x03, 0x80, 0x00, 0x70, 0xF8,
    0x1E, 0x3F, 0xC3, 0x83, 0xF8, 0x70, 0x07, 0x1E, 0x00, 0xE3, 0xC0, 0x3C, 0x70, 0x07, 0x0E, 0x01,
    0xE1, 0xC0, 0x38, 0x38, 0x0F, 0x07, 0x07, 0xC0, 0xF1, 0xF0, 0x1F, 0xFC, 0x01, 0xFE, 0x00, 0x1F,
    0x00, 0x00, 0x00, 0x00, 0x00, 0x10, 0x00, 0x00, 0x0E, 0x00, 0x00, 0x07, 0x80, 0x18, 0x01, 0xE0,
    0x0F, 0x00, 0x70, 0x03, 0x80, 0x3C, 0x01, 0xE0, 0x0E, 0x00, 0x78, 0x07, 0x80, 0x1C, 0x01, 0xC0,
    0x0F, 0x00, 0xF0, 0x03, 0xC0, 0x38, 0x00, 0xE0, 0x0E, 0x00, 0x70, 0x07, 0x80, 0x1C, 0x01, 0xFF,
    0xFF, 0x00, 0x7F, 0xFF, 0x80, 0x3F, 0xFF, 0xE0, 0x0E, 0x00, 0x78, 0x03, 0x80, 0x1E, 0x01, 0xE0,
    0x07, 0x00, 0x70, 0x01, 0xC0, 0x1C, 0x00, 0xF0, 0x0F, 0x00, 0x38, 0x03, 0x80, 0x0E, 0x00, 0xE0,
    0x07, 0x80, 0x38, 0x01, 0xC0, 0x0E, 0x00, 0x70, 0x07, 0x00, 0x1C, 0x01, 0xC0, 0x07, 0x00, 0x70,
    0x00, 0x80, 0x1C, 0x00, 0x00, 0x00, 0x00, 0x03, 0xF8, 0x00, 0xFF, 0xF0, 0x1F, 0xFF, 0xC0, 0x7F,
    0xC0, 0x00, 0x0E, 0x00, 0x00, 0x78, 0x00, 0x01, 0xC0, 0x00, 0x07, 0x00, 0x00, 0x3C, 0x00, 0x00,
    0xE0, 0x00, 0x03, 0x80, 0x00, 0x1E, 0x00, 0x00, 0x70, 0x00, 0x01, 0xC0, 0x00, 0x0F, 0x00, 0x00,
    0x3C, 0x00, 0x00, 0xE0, 0x00, 0x03, 0x80, 0x00, 0x1E, 0x00, 0x00, 0x70, 0x00, 0x01, 0xC0, 0x00,
    0x0F, 0x00, 0x00, 0xFF, 0xE0, 0x1F, 0xFF, 0xC0, 0x7F, 0xFE, 0x00, 0x0C, 0x00, 0x00, 0x00, 0x00,
    0x00, 0x00, 0x07, 0xC0, 0x01, 0xFE, 0x00, 0x1F, 0xE0, 0x00, 0x9E, 0x00, 0x01, 0xE0, 0x00, 0x3C,
    0x00, 0x03, 0xC0, 0x00, 0x38, 0x00, 0x07, 0x80, 0x00, 0x78, 0x00, 0x07, 0x00, 0x00, 0xF0, 0x00,
    0x0F, 0x00, 0x00, 0xE0, 0x00, 0x1E, 0x00, 0x01, 0xC0, 0x00, 0x1C, 0x00, 0x03, 0xC0, 0x00, 0x38,
    0x00, 0x03, 0x80, 0x00, 0x78, 0x00, 0x07, 0x00, 0x00, 0xF0, 0x00, 0x0F, 0x00, 0x00, 0xE0, 0x00,
    0x1E, 0x00, 0x01, 0xC0, 0x00, 0x3C, 0x00, 0x03, 0x80, 0x0C, 0x78, 0x00, 0xFF, 0x00, 0x0F, 0xE0,
    0x00, 0x7C, 0x00, 0x00, 0x00, 0x70, 0x0C, 0x00, 0xE0, 0x3C, 0x03, 0xC0, 0xF8, 0x07, 0x07, 0xE0,
    0x1E, 0x1F, 0x00, 0x38, 0xFC, 0x00, 0xF3, 0xE0, 0x01, 0xEF, 0x80, 0x03, 0xBC, 0x00, 0x0F, 0xF0,
    0x00, 0x1F, 0xC0, 0x00, 0x7F, 0x00, 0x00, 0xF8, 0x00, 0x01, 0xF0, 0x00, 0x07, 0xF0, 0x00, 0x0E,
    0xE0, 0x00, 0x1D, 0xC0, 0x00, 0x7B, 0xC0, 0x00, 0xE3, 0x80, 0x01, 0xC7, 0x80, 0x07, 0x87, 0x80,
    0x0E, 0x0F, 0x80, 0x1C, 0x0F, 0x80, 0x78, 0x0F, 0xC0, 0xE0, 0x0F, 0x80, 0xC0, 0x07, 0x00, 0x00,
    0x00, 0x00, 0x00, 0x20, 0x01, 0xC0, 0x0F, 0x00, 0x78, 0x01, 0xE0, 0x0F, 0x00, 0x78, 0x01, 0xE0,
    0x0F, 0x00, 0x3C, 0x01, 0xE0, 0x07, 0x80, 0x1C, 0x00, 0xF0, 0x03, 0x80, 0x1E, 0x00, 0x70, 0x01,
    0xC0, 0x0F, 0x00, 0x3C, 0x00, 0xE0, 0x03, 0x80, 0x0E, 0x00, 0x38, 0x00, 0xF0, 0x3D, 0xFF, 0xE3,
    0xFF, 0x07, 0xF0, 0x00, 0x00, 0x00, 0x00, 0x00, 0x00, 0x00, 0x30, 0x00, 0x18, 0x00, 0xF0, 0x00,
    0x78, 0x03, 0xE0, 0x00, 0xF0, 0x0F, 0xC0, 0x03, 0xE0, 0x1F, 0x80, 0x07, 0xC0, 0x7F, 0x00, 0x1F,
    0x81, 0xFE, 0x00, 0x7F, 0x03, 0xB8, 0x00, 0xFE, 0x0E, 0xF0, 0x03, 0xF8, 0x1D, 0xE0, 0x07, 0x70,
    0x73, 0x80, 0x1E, 0xE1, 0xE7, 0x00, 0x7B, 0xC3, 0x9E, 0x00, 0xF7, 0x0F, 0x3C, 0x03, 0xCE, 0x1C,
    0x70, 0x07, 0x9C, 0x78, 0xE0, 0x1E, 0x39, 0xE3, 0xC0, 0x38, 0xF3, 0x87, 0x80, 0xF1, 0xCF, 0x0E,
    0x03, 0xC3, 0xBC, 0x1C, 0x07, 0x87, 0xF0, 0x78, 0x1E, 0x0F, 0xE0, 0xF0, 0x3C, 0x1F, 0x81, 0xC0,
    0xF0, 0x1E, 0x03, 0x81, 0xC0, 0x10, 0x07, 0x03, 0x80, 0x00, 0x0E, 0x02, 0x00, 0x00, 0x1C, 0x00,
    0x00, 0x00, 0x00, 0xC0, 0x00, 0x00, 0x3C, 0x00, 0x00, 0x07, 0x80, 0x0E, 0x00, 0xE0, 0x03, 0xE0,
    0x1C, 0x00, 0x7C, 0x03, 0x80, 0x1F, 0x80, 0xF0, 0x03, 0xF0, 0x1E, 0x00, 0xFE, 0x03, 0x80, 0x1D,
    0xC0, 0x70, 0x07, 0xB8, 0x1E, 0x00, 0xE7, 0x03, 0xC0, 0x1C, 0xE0, 0x70, 0x07, 0x9C, 0x0E, 0x00,
    0xE3, 0x81, 0xC0, 0x3C, 0x70, 0x78, 0x07, 0x0E, 0x0E, 0x01, 0xE1, 0xC1, 0xC0, 0x3C, 0x38, 0x78,
    0x07, 0x07, 0x8E, 0x01, 0xE0, 0xF1, 0xC0, 0x38, 0x0E, 0x78, 0x07, 0x01, 0xCE, 0x01, 0xE0, 0x39,
    0xC0, 0x38, 0x07, 0xF8, 0x0F, 0x00, 0x7E, 0x01, 0xE0, 0x0F, 0xC0, 0x3C, 0x00, 0xF0, 0x07, 0x00,
    0x0C, 0x00, 0x60, 0x00, 0x00, 0x00, 0x00, 0x00, 0x00, 0x00, 0x00, 0x00, 0x01, 0xF0, 0x00, 0x7F,
    0xC0, 0x0F, 0xFC, 0x01, 0xE1, 0xE0, 0x3C, 0x0E, 0x07, 0x80, 0xE0, 0x78, 0x0F, 0x0F, 0x00, 0xF0,
    0xE0, 0x0F, 0x1E, 0x00, 0xF1, 0xC0, 0x0E, 0x3C, 0x01, 0xE3, 0x80, 0x1E, 0x38, 0x01, 0xE3, 0x80,
    0x3C, 0x70, 0x03, 0xC7, 0x00, 0x78, 0x70, 0x07, 0x07, 0x00, 0xF0, 0x70, 0x1E, 0x07, 0x03, 0xC0,
    0x70, 0x7C, 0x07, 0x0F, 0x80, 0x7F, 0xF0, 0x03, 0xFE, 0x00, 0x0F, 0x80, 0x00, 0x00, 0xFF, 0x00,
    0x0F, 0xFC, 0x00, 0x7F, 0xF0, 0x03, 0xC3, 0xC0, 0x1C, 0x0F, 0x01, 0xE0, 0x78, 0x0E, 0x01, 0xC0,
    0x70, 0x1E, 0x07, 0x80, 0xF0, 0x38, 0x0F, 0x01, 0xC0, 0x78, 0x1E, 0x07, 0x80, 0xE0, 0x78, 0x0F,
    0x07, 0x80, 0x78, 0xFC, 0x03, 0xFF, 0x80, 0x3F, 0xF0, 0x01, 0xFC, 0x00, 0x0E, 0x00, 0x00, 0x70,
    0x00, 0x07, 0x80, 0x00, 0x38, 0x00, 0x01, 0xC0, 0x00, 0x1E, 0x00, 0x00, 0xE0, 0x00, 0x07, 0x00,
    0x00, 0x18, 0x00, 0x00, 0x00, 0x1F, 0x00, 0x0F, 0xF0, 0x03, 0xFF, 0x00, 0xF0, 0xF0, 0x3C, 0x0E,
    0x0F, 0x01, 0xC3, 0xC0, 0x38, 0x78, 0x07, 0x1E, 0x00, 0xE3, 0xC0, 0x3C, 0xF0, 0x07, 0x9E, 0x01,
    0xE3, 0x80, 0x3C, 0xF0, 0x07, 0x1C, 0x01, 0xE3, 0x80, 0x38, 0xF0, 0x0F, 0x1E, 0x01, 0xE3, 0x84,
    0x78, 0x71, 0xCF, 0x0E, 0x3F, 0xC1, 0xC3, 0xF8, 0x38, 0x7E, 0x07, 0x0F, 0x80, 0x73, 0xF0, 0x0F,
    0xFE, 0x00, 0xFF, 0xE0, 0x07, 0x1C, 0x00, 0x01, 0xC0, 0x00, 0x00, 0x00, 0x00, 0x00, 0x00, 0x00,
    0x7F, 0x80, 0x03, 0xFF, 0xC0, 0x03, 0xFF, 0xC0, 0x07, 0x83, 0xC0, 0x0E, 0x03, 0x80, 0x3C, 0x07,
    0x00, 0x70, 0x0E, 0x00, 0xE0, 0x3C, 0x03, 0xC0, 0xF0, 0x07, 0x03, 0xC0, 0x1E, 0x0F, 0x00, 0x38,
    0x7C, 0x00, 0xF7, 0xF0, 0x01, 0xFF, 0x80, 0x03, 0xFC, 0x00, 0x0F, 0xC0, 0x00, 0x1F, 0x80, 0x00,
    0x7F, 0x00, 0x00, 0xEF, 0x00, 0x01, 0xCF, 0x00, 0x07, 0x9F, 0x00, 0x0E, 0x1F, 0x00, 0x3C, 0x1F,
    0x00, 0x70, 0x1F, 0x00, 0xE0, 0x1F, 0x03, 0xC0, 0x0F, 0x83, 0x00, 0x0F, 0x00, 0x00, 0x04, 0x00,
    0x00, 0x03, 0xF0, 0x00, 0x3F, 0xE0, 0x03, 0xFF, 0xC0, 0x3F, 0x87, 0x01, 0xF8, 0x3C, 0x0F, 0x80,
    0xE0, 0x7C, 0x07, 0x83, 0xC0, 0x3C, 0x1E, 0x00, 0xE0, 0x78, 0x00, 0x03, 0xC0, 0x00, 0x0E, 0x00,
    0x00, 0x38, 0x00, 0x00, 0xE0, 0x00, 0x03, 0x80, 0x00, 0x07, 0x80, 0x00, 0x1F, 0x00, 0x00, 0x1F,
    0x00, 0x00, 0x3E, 0x00, 0x00, 0x3C, 0x00, 0x00, 0x78, 0x00, 0x00, 0xF0, 0x00, 0x01, 0xC0, 0x1C,
    0x07, 0x00, 0x78, 0x3C, 0x00, 0xFF, 0xF0, 0x01, 0xFF, 0x80, 0x03, 0xF8, 0x00, 0x00, 0x00, 0x01,
    0xFF, 0xF1, 0xFF, 0xFF, 0x7F, 0xFF, 0xF7, 0xDE, 0x08, 0x03, 0xC0, 0x00, 0x70, 0x00, 0x1E, 0x00,
    0x03, 0xC0, 0x00, 0x70, 0x00, 0x1E, 0x00, 0x03, 0x80, 0x00, 0x70, 0x00, 0x1E, 0x00, 0x03, 0x80,
    0x00, 0x70, 0x00, 0x1E, 0x00, 0x03, 0x80, 0x00, 0x70, 0x00, 0x1E, 0x00, 0x03, 0x80, 0x00, 0x70,
    0x00, 0x1C, 0x00, 0x03, 0x80, 0x00, 0x70, 0x00, 0x0C, 0x00, 0x00, 0x00, 0x00, 0x00, 0x0C, 0x00,
    0x00, 0xF0, 0x0C, 0x0F, 0x00, 0xE0, 0x78, 0x07, 0x07, 0x80, 0x38, 0x38, 0x03, 0xC3, 0xC0, 0x1E,
    0x1C, 0x00, 0xE1, 0xE0, 0x07, 0x0F, 0x00, 0x78, 0x70, 0x03, 0x87, 0x80, 0x1C, 0x3C, 0x01, 0xC1,
    0xC0, 0x0E, 0x0E, 0x00, 0xF0, 0x70, 0x07, 0x07, 0x80, 0x78, 0x3C, 0x07, 0x81, 0xC0, 0x38, 0x0E,
    0x03, 0xC0, 0x70, 0x3C, 0x03, 0x81, 0xC0, 0x1C, 0x3E, 0x00, 0xF3, 0xE0, 0x07, 0xFE, 0x00, 0x1F,
    0xC0, 0x00, 0x7C, 0x00, 0x00, 0x00, 0x00, 0x00, 0x00, 0x00, 0x07, 0x00, 0x18, 0xE0, 0x07, 0x9C,
    0x01, 0xE3, 0x80, 0x3C, 0x70, 0x0F, 0x1E, 0x03, 0xE3, 0xC0, 0x78, 0x70, 0x1E, 0x0E, 0x03, 0xC1,
    0xC0, 0xF0, 0x38, 0x1C, 0x07, 0x07, 0x81, 0xE0, 0xE0, 0x3C, 0x3C, 0x07, 0x8F, 0x00, 0xF1, 0xE0,
    0x1E, 0x38, 0x03, 0xCF, 0x00, 0x71, 0xC0, 0x0E, 0x78, 0x01, 0xCE, 0x00, 0x3B, 0xC0, 0x07, 0xF0,
    0x00, 0xFE, 0x00, 0x1F, 0x80, 0x01, 0xF0, 0x00, 0x1C, 0x00, 0x00, 0x00, 0x00, 0x06, 0x00, 0xC0,
    0x38, 0x3C, 0x03, 0x80, 0xE0, 0xF0, 0x1E, 0x07, 0x83, 0xC0, 0xF8, 0x1E, 0x1E, 0x03, 0xC0, 0x70,
    0x78, 0x1F, 0x03, 0xC1, 0xC0, 0x7C, 0x0E, 0x07, 0x03, 0xE0, 0x78, 0x3C, 0x1F, 0x81, 0xE0, 0xF0,
    0x7E, 0x0F, 0x03, 0x83, 0xF8, 0x3C, 0x0E, 0x0F, 0xC0, 0xE0, 0x38, 0x7F, 0x07, 0x81, 0xE1, 0xDC,
    0x1C, 0x07, 0x8F, 0xF0, 0xF0, 0x1E, 0x3B, 0xC3, 0x80, 0x71, 0xEE, 0x1E, 0x01, 0xCF, 0x38, 0x70,
    0x07, 0x38, 0xE3, 0xC0, 0x1D, 0xE3, 0x9E, 0x00, 0xF7, 0x0E, 0x78, 0x03, 0xFC, 0x3B, 0xC0, 0x0F,
    0xE0, 0xFE, 0x00, 0x3F, 0x03, 0xF0, 0x00, 0x78, 0x0F, 0x80, 0x00, 0xC0, 0x1C, 0x00, 0x00, 0x00,
    0x00, 0x00, 0x00, 0x70, 0x02, 0x00, 0x70, 0x07, 0x00, 0x70, 0x0F, 0x00, 0x70, 0x0E, 0x00, 0x70,
    0x1E, 0x00, 0x70, 0x3C, 0x00, 0x70, 0x78, 0x00, 0x70, 0xF8, 0x00, 0x79, 0xF0, 0x00, 0x39, 0xE0,
    0x00, 0x3B, 0xC0, 0x00, 0x3F, 0x80, 0x00, 0x3F, 0x00, 0x00, 0x3E, 0x00, 0x00, 0x3C, 0x00, 0x00,
    0x7C, 0x00, 0x01, 0xFE, 0x00, 0x01, 0xEE, 0x00, 0x03, 0xCE, 0x00, 0x07, 0x8F, 0x00, 0x0F, 0x07,
    0x80, 0x3E, 0x07, 0x80, 0x3C, 0x03, 0xE0, 0x78, 0x01, 0xF0, 0x70, 0x00, 0xE0, 0x60, 0x00, 0x00,
    0x00, 0x00, 0x00, 0x00, 0x00, 0x06, 0x00, 0x01, 0xC0, 0x03, 0x38, 0x00, 0xE7, 0x00, 0x3C, 0xE0,
    0x0F, 0x1C, 0x03, 0xC3, 0x80, 0xF0, 0x70, 0x3C, 0x0E, 0x0F, 0x01, 0xE3, 0xC0, 0x3C, 0xF0, 0x03,
    0xBC, 0x00, 0x7F, 0x80, 0x07, 0xE0, 0x00, 0x78, 0x00, 0x1E, 0x00, 0x03, 0xC0, 0x00, 0x70, 0x00,
    0x1E, 0x00, 0x03, 0xC0, 0x00, 0x70, 0x00, 0x1E, 0x00, 0x03, 0xC0, 0x00, 0x70, 0x00, 0x0E, 0x00,
    0x01, 0xC0, 0x00, 0x38, 0x00, 0x02, 0x00, 0x00, 0x00, 0x7F, 0xF8, 0x00, 0x7F, 0xFF, 0x00, 0x3F,
    0xFF, 0xC0, 0x08, 0x01, 0xE0, 0x00, 0x00, 0xF0, 0x00, 0x00, 0xF0, 0x00, 0x00, 0x78, 0x00, 0x00,
    0x78, 0x00, 0x00, 0x78, 0x00, 0x00, 0x78, 0x00, 0x00, 0x78, 0x00, 0x00, 0x78, 0x00, 0x00, 0x78,
    0x00, 0x00, 0x78, 0x00, 0x00, 0x78, 0x00, 0x00, 0xF8, 0x00, 0x00, 0xF8, 0x00, 0x00, 0xF8, 0x00,
    0x00, 0xF8, 0x00, 0x00, 0xF8, 0x00, 0x00, 0xF8, 0x00, 0x00, 0xF0, 0x00, 0x00, 0xF0, 0x00, 0x00,
    0xF0, 0x00, 0x00, 0x7F, 0xFF, 0xC0, 0x3F, 0xFF, 0xE0, 0x1F, 0xFF, 0xE0, 0x00, 0x00, 0x00, 0x00,
    0x00, 0x00, 0x60, 0x01, 0xFF, 0xC0, 0x0F, 0xFE, 0x00, 0x3F, 0x80, 0x00, 0xE0, 0x00, 0x07, 0x80,
    0x00, 0x1C, 0x00, 0x00, 0x70, 0x00, 0x03, 0x80, 0x00, 0x0E, 0x00, 0x00, 0x78, 0x00, 0x01, 0xC0,
    0x00, 0x07, 0x00, 0x00, 0x38, 0x00, 0x00, 0xE0, 0x00, 0x07, 0x80, 0x00, 0x1C, 0x00, 0x00, 0x70,
    0x00, 0x03, 0xC0, 0x00, 0x0E, 0x00, 0x00, 0x78, 0x00, 0x01, 0xE0, 0x00, 0x07, 0x00, 0x00, 0x3C,
    0x00, 0x00, 0xF0, 0x00, 0x03, 0x80, 0x00, 0x0E, 0x00, 0x00, 0x78, 0x00, 0x01, 0xC0, 0x00, 0x07,
    0xFF, 0x00, 0x3F, 0xFC, 0x00, 0xFF, 0x80, 0x01, 0xC0, 0x00, 0x00, 0x00, 0x30, 0x38, 0x1C, 0x0E,
    0x07, 0x03, 0x81, 0xC0, 0xE0, 0x78, 0x1C, 0x0E, 0x07, 0x03, 0x81, 0xC0, 0x70, 0x38, 0x1C, 0x0E,
    0x03, 0x01, 0xC0, 0xE0, 0x70, 0x18, 0x0E, 0x07, 0x03, 0x80, 0xE0, 0x70, 0x38, 0x1C, 0x0E, 0x00,
    0x00, 0x00, 0x1F, 0xF0, 0x07, 0xFF, 0x80, 0x3F, 0xFC, 0x00, 0x01, 0xE0, 0x00, 0x1E, 0x00, 0x00,
    0xF0, 0x00, 0x07, 0x00, 0x00, 0x78, 0x00, 0x03, 0x80, 0x00, 0x1C, 0x00, 0x01, 0xE0, 0x00, 0x0E,
    0x00, 0x00, 0x70, 0x00, 0x07, 0x80, 0x00, 0x38, 0x00, 0x01, 0xC0, 0x00, 0x1E, 0x00, 0x00, 0xE0,
    0x00, 0x07, 0x00, 0x00, 0x38, 0x00, 0x03, 0x80, 0x00, 0x1C, 0x00, 0x00, 0xE0, 0x00, 0x0E, 0x00,
    0x00, 0x70, 0x00, 0x03, 0x80, 0x00, 0x3C, 0x00, 0x01, 0xC0, 0x00, 0x0E, 0x00, 0x0F, 0xF0, 0x03,
    0xFF, 0x80, 0x0F, 0xF8, 0x00, 0x00, 0x00, 0x00, 0x01, 0x00, 0x1E, 0x00, 0xFC, 0x07, 0xF0, 0x3C,
    0xE0, 0xE3, 0x87, 0x07, 0x1C, 0x1C, 0x60, 0x3B, 0x80, 0xE0, 0x01, 0x80, 0x00, 0x00, 0x00, 0xFF,
    0xFD, 0xFF, 0xF8, 0x03, 0x1C, 0xE7, 0x9C, 0x60, 0x00, 0xE0, 0x00, 0xFC, 0x00, 0xFF, 0x00, 0xF3,
    0xC0, 0xF1, 0xE0, 0x71, 0xE0, 0x78, 0xF0, 0x78, 0xF8, 0x38, 0xFC, 0x3D, 0xFF, 0x1F, 0xF3, 0xCF,
    0xF1, 0xF7, 0xE0, 0x79, 0xE0, 0x00, 0x00, 0x00, 0x00, 0x00, 0x01, 0x80, 0x07, 0x00, 0x0E, 0x00,
    0x3C, 0x00, 0x70, 0x01, 0xE0, 0x03, 0x80, 0x0F, 0x00, 0x1C, 0x00, 0x38, 0x00, 0xE0, 0x01, 0xC3,
    0x83, 0x9F, 0x8E, 0xFF, 0x9F, 0xE7, 0x3F, 0x0E, 0xFC, 0x3D, 0xF0, 0xF3, 0xC3, 0xC7, 0x0F, 0x84,
    0x3E, 0x01, 0xF8, 0x0F, 0xC0, 0x1E, 0x00, 0x00, 0x00, 0x1E, 0x01, 0xF8, 0x1F, 0xE1, 0xE7, 0x0E,
    0x38, 0xF1, 0x87, 0x00, 0x78, 0x03, 0x81, 0x1C, 0x1C, 0xE1, 0xE7, 0x3E, 0x3F, 0xE0, 0xFC, 0x03,
    0x80, 0x00, 0x00, 0x00, 0x00, 0x60, 0x00, 0x3C, 0x00, 0x0E, 0x00, 0x07, 0x80, 0x01, 0xC0, 0x00,
    0xF0, 0x00, 0x38, 0x00, 0x0E, 0x00, 0x07, 0x80, 0x01, 0xC0, 0x00, 0x70, 0x07, 0xBC, 0x03, 0xFE,
    0x01, 0xE7, 0x80, 0xE1, 0xE0, 0x38, 0x70, 0x1C, 0x3C, 0x07, 0x1F, 0x03, 0x8F, 0xC0, 0xFF, 0xF0,
    0x3F, 0xDC, 0x07, 0xE7, 0x00, 0xE1, 0xC0, 0x00, 0x70, 0x00, 0x00, 0x00, 0x03, 0xC0, 0xFE, 0x1F,
    0xF3, 0xC7, 0x38, 0xE7, 0x9E, 0x7F, 0xCF, 0xF8, 0xE0, 0x0E, 0x00, 0xE1, 0xCF, 0xFC, 0x7F, 0x83,
    0xF0, 0x00, 0x00, 0x00, 0x0F, 0x00, 0x1F, 0xC0, 0x1F, 0xE0, 0x1E, 0xF0, 0x1E, 0x70, 0x0E, 0x30,
    0x0F, 0x00, 0x07, 0x00, 0x07, 0x80, 0x03, 0x80, 0x01, 0xC0, 0x01, 0xC4, 0x00, 0xFF, 0x00, 0xFF,
    0x80, 0x7F, 0x00, 0x38, 0x00, 0x38, 0x00, 0x1C, 0x00, 0x0E, 0x00, 0x07, 0x00, 0x07, 0x00, 0x03,
    0x80, 0x01, 0xC0, 0x00, 0xE0, 0x00, 0x70, 0x00, 0x38, 0x00, 0x1C, 0x00, 0x0C, 0x00, 0x02, 0x00,
    0x00, 0x00, 0x00, 0x07, 0x80, 0x3F, 0x01, 0xFE, 0x0F, 0x3C, 0x78, 0xF1, 0xC3, 0xCF, 0x1E, 0x38,
    0x70, 0xE3, 0xC3, 0xFF, 0x0F, 0xFC, 0x1E, 0xE0, 0x03, 0x80, 0x0E, 0x00, 0x70, 0x01, 0xC1, 0x87,
    0x06, 0x38, 0x1C, 0xE0, 0x3F, 0x00, 0xFC, 0x00, 0xE0, 0x00, 0x00, 0x01, 0x80, 0x03, 0x80, 0x03,
    0x80, 0x03, 0x80, 0x07, 0x80, 0x07, 0x00, 0x0F, 0x00, 0x0E, 0x00, 0x0E, 0x00, 0x1E, 0x00, 0x1C,
    0x00, 0x1C, 0x00, 0x3C, 0x38, 0x38, 0xFC, 0x79, 0xFC, 0x73, 0xFC, 0x77, 0x9C, 0x7F, 0x1C, 0xFC,
    0x1C, 0xF8, 0x1C, 0xF0, 0x1F, 0xE0, 0x1E, 0x40, 0x00, 0x00, 0x06, 0x0F, 0x0F, 0x1E, 0x0C, 0x00,
    0x00, 0x00, 0x30, 0x38, 0x38, 0x78, 0x70, 0x70, 0xF0, 0xE0, 0xE0, 0xE0, 0xE0, 0x00, 0x00, 0x00,
    0x00, 0x0E, 0x00, 0x0F, 0x00, 0x0E, 0x00, 0x0C, 0x00, 0x00, 0x00, 0x00, 0x00, 0x00, 0x00, 0x30,
    0x00, 0x38, 0x00, 0x38, 0x00, 0x38, 0x00, 0x38, 0x00, 0x78, 0x00, 0x70, 0x00, 0x70, 0x00, 0x70,
    0x00, 0x70, 0x00, 0xE0, 0x00, 0xE0, 0x00, 0xE0, 0x01, 0xE0, 0x01, 0xC0, 0x03, 0xC0, 0x43, 0xC0,
    0xE7, 0x80, 0x67, 0x80, 0x7F, 0x00, 0x7E, 0x00, 0x3C, 0x00, 0x00, 0x60, 0x01, 0x80, 0x0F, 0x00,
    0x38, 0x01, 0xE0, 0x07, 0x80, 0x3C, 0x00, 0xF0, 0x03, 0x80, 0x1E, 0x00, 0x70, 0x03, 0xC0, 0x0E,
    0x18, 0x79, 0xF1, 0xCF, 0x87, 0xF8, 0x3F, 0xC0, 0xFC, 0x07, 0xF0, 0x1D, 0xE0, 0x73, 0xC3, 0xCF,
    0x0E, 0x1F, 0xF8, 0x3F, 0x60, 0x78, 0x00, 0x00, 0x00, 0x00, 0x38, 0x07, 0x80, 0xF0, 0x3C, 0x07,
    0x80, 0xE0, 0x3C, 0x07, 0x01, 0xE0, 0x3C, 0x07, 0x01, 0xE0, 0x38, 0x07, 0x01, 0xE0, 0x38, 0x0F,
    0x01, 0xC0, 0x38, 0x07, 0x01, 0xC0, 0x38, 0x07, 0x00, 0x60, 0x00, 0x00, 0x00, 0x00, 0x00, 0x70,
    0x00, 0x01, 0xC0, 0x00, 0x07, 0x00, 0x00, 0x3C, 0x70, 0x00, 0xE7, 0xE3, 0x03, 0xBF, 0xBE, 0x1F,
    0xFF, 0xF8, 0x7F, 0x7F, 0xE1, 0xF9, 0xFB, 0x87, 0xCF, 0x8E, 0x3E, 0x3C, 0x3C, 0xF0, 0xE0, 0x79,
    0x81, 0x01, 0xE0, 0x00, 0x00, 0x0E, 0x00, 0x0E, 0x00, 0x1E, 0x1C, 0x1E, 0x7E, 0x1C, 0xFE, 0x3F,
    0xFE, 0x3F, 0xCE, 0x7F, 0x0E, 0x7E, 0x1E, 0x7C, 0x1E, 0x70, 0x1E, 0x30, 0x0E, 0x00, 0x00, 0x01,
    0xE0, 0x3F, 0x83, 0xFC, 0x3E, 0xF3, 0xC7, 0x1E, 0x39, 0xE1, 0xCE, 0x1E, 0x70, 0xE7, 0x8F, 0x3D,
    0xF0, 0xFF, 0x07, 0xF0, 0x1E, 0x00, 0x00, 0x00, 0x01, 0x80, 0x01, 0xC0, 0x03, 0xC0, 0x03, 0xBC,
    0x03, 0xFE, 0x07, 0xFE, 0x07, 0xC7, 0x07, 0x87, 0x0F, 0x0E, 0x0E, 0x1E, 0x0E, 0x3C, 0x1F, 0xF8,
    0x1F, 0xF0, 0x1F, 0x80, 0x1C, 0x00, 0x38, 0x00, 0x38, 0x00, 0x38, 0x00, 0x78, 0x00, 0x70, 0x00,
    0x70, 0x00, 0xF0, 0x00, 0xE0, 0x00, 0x60, 0x00, 0x01, 0xE0, 0x3F, 0x83, 0xDE, 0x38, 0xF3, 0x8F,
    0x38, 0xF9, 0x8F, 0x9C, 0xFC, 0xFF, 0xC7, 0xFE, 0x1F, 0xE0, 0x47, 0x00, 0x38, 0x03, 0x80, 0x1C,
    0x00, 0xE0, 0x07, 0x00, 0x70, 0x03, 0x80, 0x1C, 0x00, 0xE0, 0x07, 0x00, 0x18, 0x00, 0x0E, 0x00,
    0x1C, 0x00, 0x71, 0xF0, 0xEF, 0xE3, 0xBE, 0x07, 0xF0, 0x0F, 0xC0, 0x3E, 0x00, 0x78, 0x00, 0xF0,
    0x01, 0xC0, 0x03, 0x80, 0x07, 0x00, 0x04, 0x00, 0x00, 0x01, 0xE0, 0x3F, 0x83, 0xFE, 0x3C, 0xF3,
    0xC7, 0x3C, 0x79, 0xC1, 0x0E, 0x00, 0x70, 0x01, 0xC0, 0x0F, 0x80, 0x3E, 0x00, 0x70, 0x7F, 0xC3,
    0xFC, 0x0F, 0xC0, 0x01, 0xC0, 0x1E, 0x00, 0xE0, 0x0F, 0x00, 0x70, 0x1F, 0xF9, 0xFF, 0xC7, 0xFE,
    0x1C, 0x01, 0xC0, 0x0E, 0x00, 0xF0, 0x07, 0x00, 0x38, 0x01, 0xC0, 0x1E, 0x00, 0xE0, 0x47, 0x8F,
    0x1F, 0xF0, 0xFF, 0x01, 0xE0, 0x00, 0x00, 0x00, 0x60, 0x87, 0x0E, 0x38, 0xF3, 0xC7, 0x9C, 0x38,
    0xE1, 0xCF, 0x1E, 0x70, 0xE3, 0x8F, 0x1C, 0xF8, 0xFF, 0xC7, 0xEE, 0x1E, 0x38, 0x01, 0xC0, 0x00,
    0x00, 0x03, 0x80, 0x1C, 0x0E, 0xE0, 0xE7, 0x07, 0x1C, 0x70, 0xE7, 0x87, 0x78, 0x3F, 0x80, 0xF8,
    0x07, 0x80, 0x38, 0x00, 0x00, 0x00, 0x00, 0x00, 0x1C, 0x10, 0x07, 0x0E, 0x01, 0xC7, 0x87, 0xF1,
    0xE1, 0xF8, 0x70, 0xFE, 0x3C, 0x3B, 0x9F, 0x1E, 0xEF, 0x8F, 0x3F, 0xE7, 0x8F, 0xDF, 0xC3, 0xE7,
    0xE0, 0x70, 0xF0, 0x08, 0x00, 0x00, 0x00, 0x00, 0x70, 0x71, 0xE3, 0xC3, 0x9F, 0x0F, 0xF0, 0x1F,
    0x80, 0x7C, 0x03, 0xE0, 0x1F, 0xC0, 0xF7, 0x07, 0x8F, 0x3C, 0x1E, 0x60, 0x3C, 0x00, 0x70, 0x00,
    0x00, 0x00, 0x08, 0x00, 0x03, 0x83, 0x00, 0x70, 0x70, 0x0E, 0x1E, 0x01, 0xC3, 0x80, 0x38, 0xF0,
    0x07, 0x1C, 0x00, 0xE7, 0x80, 0x1C, 0xE0, 0x03, 0xBC, 0x00, 0x7F, 0x00, 0x07, 0xE0, 0x00, 0xF8,
    0x00, 0x0F, 0x00, 0x01, 0xC0, 0x00, 0x78, 0x00, 0x0E, 0x00, 0x03, 0xC0, 0x00, 0xF0, 0x06, 0x3C,
    0x00, 0xFF, 0x00, 0x1F, 0xC0, 0x00, 0x60, 0x00, 0x1F, 0xF0, 0x3F, 0xF0, 0x0F, 0xF0, 0x07, 0xC0,
    0x1F, 0x00, 0xF8, 0x03, 0xE0, 0x0F, 0x80, 0x3C, 0x00, 0xF0, 0x03, 0xFF, 0xF7, 0xFF, 0xEF, 0xF0,
    0x00, 0x00, 0x00, 0x00, 0x1E, 0x00, 0x7E, 0x00, 0xF8, 0x00, 0xE0, 0x01, 0xC0, 0x01, 0xC0, 0x01,
    0xC0, 0x01, 0xC0, 0x03, 0x80, 0x03, 0x80, 0x03, 0x80, 0x03, 0x80, 0x03, 0x80, 0x07, 0x00, 0x07,
    0x00, 0x0E, 0x00, 0x3E, 0x00, 0xFC, 0x00, 0x78, 0x00, 0x1C, 0x00, 0x1C, 0x00, 0x3C, 0x00, 0x38,
    0x00, 0x38, 0x00, 0x78, 0x00, 0x70, 0x00, 0x70, 0x00, 0xE0, 0x00, 0xE0, 0x00, 0xE0, 0x00, 0xFC,
    0x00, 0xFC, 0x00, 0x38, 0x00, 0x00, 0x00, 0x00, 0xE0, 0x03, 0xC0, 0x0F, 0x00, 0x78, 0x01, 0xE0,
    0x07, 0x00, 0x3C, 0x00, 0xE0, 0x03, 0x80, 0x1C, 0x00, 0x70, 0x03, 0x80, 0x0E, 0x00, 0x38, 0x01,
    0xC0, 0x07, 0x00, 0x18, 0x00, 0xE0, 0x03, 0x80, 0x1C, 0x00, 0x70, 0x01, 0xC0, 0x0E, 0x00, 0x38,
    0x00, 0xE0, 0x07, 0x80, 0x1C, 0x00, 0x70, 0x01, 0xC0, 0x0F, 0x00, 0x38, 0x00, 0xE0, 0x01, 0x80,
    0x00, 0x00, 0x00, 0x00, 0x20, 0x00, 0xE0, 0x01, 0xE0, 0x00, 0xE0, 0x00, 0xC0, 0x01, 0xC0, 0x03,
    0x00, 0x0E, 0x00, 0x1C, 0x00, 0x70, 0x00, 0xE0, 0x03, 0xC0, 0x07, 0x00, 0x1C, 0x00, 0x78, 0x01,
    0xE0, 0x03, 0x80, 0x03, 0x80, 0x0F, 0x00, 0x1C, 0x00, 0x38, 0x00, 0x70, 0x00, 0xE0, 0x01, 0xC0,
    0x03, 0x80, 0x07, 0x00, 0x0E, 0x00, 0x1C, 0x00, 0x70, 0x03, 0xE0, 0x1F, 0x80, 0x3E, 0x00, 0x1C,
    0x00, 0xFC, 0x1F, 0xFF, 0xFF, 0x1F, 0xE4, 0x1F, 0x00, 0x00, 0x70, 0x07, 0x80, 0x3C, 0x01, 0xC0,
    0x00, 0x00, 0x00, 0x06, 0x00, 0x38, 0x01, 0xC0, 0x0E, 0x00, 0xE0, 0x07, 0x00, 0x38, 0x03, 0x80,
    0x1C, 0x01, 0xC0, 0x0E, 0x00, 0x70, 0x07, 0x00, 0x38, 0x03, 0x80, 0x3C, 0x01, 0xC0, 0x1E, 0x00,
    0xE0, 0x07, 0x00, 0x38, 0x00, 0x00, 0x00, 0x00, 0x60, 0x60, 0x0F, 0x0E, 0x01, 0xE1, 0xE0, 0x7C,
    0x7C, 0x0F, 0x8F, 0x01, 0xE1, 0xE0, 0x3C, 0x3C, 0x07, 0x87, 0x80, 0xF0, 0xF0, 0x07, 0x0F, 0x00,
    0x78, 0x78, 0x03, 0xC3, 0xC0, 0x1E, 0x3E, 0x00, 0xF9, 0xF8, 0x07, 0xE7, 0xC0, 0x3E, 0x3E, 0x00,
    0xF0, 0xE0, 0x0F, 0x07, 0xF9, 0xFF, 0x38, 0x7F, 0x0F, 0xC1, 0xF8, 0x3F, 0x0F, 0xF3, 0xCF, 0xF1,
    0xFC, 0x1F, 0x00, 0x00, 0xE3, 0x9E, 0x70, 0x80, 0x01, 0xC0, 0x7E, 0x0F, 0xE1, 0xEE, 0x1C, 0xE3,
    0x8E, 0x38, 0xE7, 0x1E, 0x71, 0xC7, 0x38, 0x7F, 0x07, 0xE0, 0x3C, 0x00, 0x00, 0x00, 0x0F, 0x8F,
    0x80, 0x7E, 0x7E, 0x03, 0xF3, 0xF0, 0x0F, 0x8F, 0x80, 0x3C, 0x3C, 0x01, 0xE1, 0xE0, 0x0E, 0x0E,
    0x00, 0xF0, 0xF0, 0x0F, 0x0F, 0x01, 0xE1, 0xE0, 0x3C, 0x3C, 0x07, 0x87, 0x80, 0xF0, 0xF0, 0x1E,
    0x1E, 0x07, 0x87, 0xC0, 0x70, 0x70, 0x02, 0x02, 0x00, 0x00, 0x0E, 0x00, 0x1E, 0x00, 0x1E, 0x00,
    0x1C, 0x00, 0x00, 0x00, 0x00, 0x00, 0x00, 0x00, 0x30, 0x00, 0x70, 0x00, 0x70, 0x00, 0xF0, 0x00,
    0xF0, 0x01, 0xE0, 0x07, 0xC0, 0x0F, 0x80, 0x1E, 0x00, 0x3C, 0x00, 0x78, 0x00, 0x70, 0x60, 0x70,
    0x70, 0xF0, 0x70, 0xE0, 0x70, 0xE0, 0xF0, 0xE1, 0xE0, 0xFF, 0xC0, 0x7F, 0x80, 0x3E, 0x00, 0x00,
    0x00, 0x00, 0x00, 0x03, 0x00, 0x00, 0x1C, 0x00, 0x00, 0xE0, 0x00, 0x03, 0x80, 0x00, 0x1C, 0x00,
    0x00, 0x40, 0x00, 0x10, 0x00, 0x03, 0xE0, 0x00, 0x1F, 0x00, 0x01, 0xFC, 0x00, 0x1F, 0xE0, 0x00,
    0xF7, 0x00, 0x0F, 0x38, 0x00, 0xF1, 0xC0, 0x07, 0x0E, 0x00, 0x78, 0x60, 0x03, 0x87, 0x00, 0x38,
    0x38, 0x03, 0xC1, 0xC0, 0x1C, 0x0E, 0x01, 0xEF, 0xF0, 0x1F, 0xFF, 0x81, 0xFF, 0xFC, 0x0F, 0xE1,
    0xC0, 0x70, 0x0E, 0x07, 0x80, 0x70, 0x38, 0x03, 0x83, 0xC0, 0x1C, 0x1C, 0x00, 0xE1, 0xE0, 0x07,
    0x0E, 0x00, 0x38, 0xF0, 0x01, 0xC7, 0x00, 0x0E, 0x18, 0x00, 0x00, 0x00, 0x00, 0x00, 0x00, 0x00,
    0x00, 0x00, 0x00, 0x38, 0x00, 0x00, 0xF0, 0x00, 0x03, 0xC0, 0x00, 0x0F, 0x00, 0x00, 0x1C, 0x00,
    0x00, 0x10, 0x00, 0x00, 0x40, 0x00, 0x03, 0xE0, 0x00, 0x07, 0xC0, 0x00, 0x1F, 0xC0, 0x00, 0x7F,
    0x80, 0x00, 0xF7, 0x00, 0x03, 0xCE, 0x00, 0x0F, 0x1C, 0x00, 0x1C, 0x38, 0x00, 0x78, 0x60, 0x00,
    0xE1, 0xC0, 0x03, 0x83, 0x80, 0x0F, 0x07, 0x00, 0x1C, 0x0E, 0x00, 0x7B, 0xFC, 0x01, 0xFF, 0xF8,
    0x07, 0xFF, 0xF0, 0x0F, 0xE1, 0xC0, 0x1C, 0x03, 0x80, 0x78, 0x07, 0x00, 0xE0, 0x0E, 0x03, 0xC0,
    0x1C, 0x07, 0x00, 0x38, 0x1E, 0x00, 0x70, 0x38, 0x00, 0xE0, 0xF0, 0x01, 0xC1, 0xC0, 0x03, 0x81,
    0x80, 0x00, 0x00, 0x00, 0x00, 0x00, 0x00, 0x00, 0x40, 0x00, 0x03, 0xC0, 0x00, 0x3F, 0x80, 0x01,
    0xEF, 0x00, 0x07, 0x1C, 0x00, 0x00, 0x20, 0x00, 0x08, 0x00, 0x00, 0xF8, 0x00, 0x03, 0xE0, 0x00,
    0x1F, 0xC0, 0x00, 0xFF, 0x00, 0x03, 0xDC, 0x00, 0x1E, 0x70, 0x00, 0xF1, 0xC0, 0x03, 0x87, 0x00,
    0x1E, 0x18, 0x00, 0x70, 0xE0, 0x03, 0x83, 0x80, 0x1E, 0x0E, 0x00, 0x70, 0x38, 0x03, 0xDF, 0xE0,
    0x1F, 0xFF, 0x80, 0xFF, 0xFE, 0x03, 0xF8, 0x70, 0x0E, 0x01, 0xC0, 0x78, 0x07, 0x01, 0xC0, 0x1C,
    0x0F, 0x00, 0x70, 0x38, 0x01, 0xC1, 0xE0, 0x07, 0x07, 0x00, 0x1C, 0x3C, 0x00, 0x70, 0xE0, 0x01,
    0xC1, 0x80, 0x00, 0x00, 0x00, 0x00, 0x00, 0x00, 0x00, 0x82, 0x00, 0x01, 0xC7, 0x00, 0x01, 0xCF,
    0x00, 0x03, 0xCE, 0x00, 0x01, 0x8E, 0x00, 0x00, 0x00, 0x00, 0x00, 0x80, 0x00, 0x03, 0xE0, 0x00,
    0x03, 0xE0, 0x00, 0x07, 0xF0, 0x00, 0x0F, 0xF0, 0x00, 0x0F, 0x70, 0x00, 0x1E, 0x70, 0x00, 0x3C,
    0x70, 0x00, 0x38, 0x70, 0x00, 0x78, 0x60, 0x00, 0x70, 0xE0, 0x00, 0xE0, 0xE0, 0x01, 0xE0, 0xE0,
    0x01, 0xC0, 0xE0, 0x03, 0xDF, 0xE0, 0x07, 0xFF, 0xE0, 0x0F, 0xFF, 0xE0, 0x0F, 0xE1, 0xC0, 0x0E,
    0x01, 0xC0, 0x1E, 0x01, 0xC0, 0x1C, 0x01, 0xC0, 0x3C, 0x01, 0xC0, 0x38, 0x01, 0xC0, 0x78, 0x01,
    0xC0, 0x70, 0x01, 0xC0, 0xF0, 0x01, 0xC0, 0xE0, 0x01, 0xC0, 0x60, 0x00, 0x00, 0x00, 0x00, 0x00,
    0x00, 0x00, 0x78, 0x00, 0x01, 0xE0, 0x00, 0x0D, 0xC0, 0x00, 0x37, 0x00, 0x00, 0xD8, 0x00, 0x03,
    0xE0, 0x00, 0x07, 0x00, 0x00, 0x70, 0x00, 0x03, 0xE0, 0x00, 0x1F, 0xC0, 0x00, 0xFF, 0x00, 0x03,
    0xDC, 0x00, 0x1E, 0x70, 0x00, 0x71, 0xC0, 0x03, 0x87, 0x00, 0x1E, 0x1C, 0x00, 0x70, 0xE0, 0x03,
    0x83, 0x80, 0x0E, 0x0E, 0x00, 0x70, 0x38, 0x03, 0xDF, 0xE0, 0x0F, 0xFF, 0x80, 0xFF, 0xFE, 0x03,
    0xF8, 0x70, 0x0E, 0x01, 0xC0, 0x78, 0x07, 0x01, 0xC0, 0x1C, 0x0F, 0x00, 0x70, 0x38, 0x01, 0xC1,
    0xE0, 0x07, 0x07, 0x00, 0x1C, 0x3C, 0x00, 0x70, 0xE0, 0x01, 0xC1, 0x80, 0x00, 0x00, 0x00, 0x00,
    0x00, 0x00, 0x00, 0xF1, 0xFF, 0x80, 0x00, 0x7F, 0xFF, 0xE0, 0x00, 0x3F, 0xFF, 0xF8, 0x00, 0x1F,
    0xFC, 0x00, 0x00, 0x07, 0x9E, 0x00, 0x00, 0x03, 0x87, 0x80, 0x00, 0x01, 0xE3, 0xC0, 0x00, 0x00,
    0xF0, 0xF0, 0x00, 0x00, 0x38, 0x78, 0x00, 0x00, 0x1E, 0x1E, 0x00, 0x00, 0x0F, 0x0F, 0xFF, 0x00,
    0x07, 0x83, 0xFF, 0xC0, 0x01, 0xE1, 0xFF, 0x80, 0x01, 0xF0, 0x7E, 0x00, 0x00, 0xFF, 0xFC, 0x00,
    0x00, 0x1F, 0xFF, 0x00, 0x00, 0x0F, 0xFF, 0xC0, 0x00, 0x03, 0xC0, 0xE0, 0x00, 0x01, 0xE0, 0x78,
    0x00, 0x00, 0xF0, 0x1E, 0x00, 0x00, 0x3C, 0x07, 0x80, 0x00, 0x1E, 0x01, 0xE0, 0x18, 0x0F, 0x00,
    0x78, 0x1F, 0x03, 0x80, 0x1F, 0xFF, 0x80, 0x60, 0x03, 0xFF, 0x80, 0x00, 0x00, 0x7F, 0x80, 0x00,
    0x00, 0x00, 0x00, 0x07, 0xE0, 0x03, 0xF8, 0x01, 0xFF, 0x00, 0xF9, 0xC0, 0x78, 0x70, 0x3C, 0x3C,
    0x1E, 0x0F, 0x07, 0x87, 0x83, 0xC1, 0xE1, 0xE0, 0xF0, 0x70, 0x18, 0x3C, 0x00, 0x0E, 0x00, 0x07,
    0x80, 0x01, 0xC0, 0x00, 0xF0, 0x00, 0x3C, 0x00, 0x0F, 0x00, 0x03, 0x80, 0x00, 0xE0, 0x00, 0x38,
    0x00, 0x0E, 0x00, 0xE3, 0xC0, 0x70, 0xF0, 0x7C, 0x3E, 0xFC, 0x07, 0xFE, 0x00, 0xFE, 0x00, 0x1E,
    0x00, 0x07, 0x00, 0x01, 0xC0, 0x00, 0x38, 0x00, 0x07, 0x00, 0x39, 0xC0, 0x0F, 0xE0, 0x01, 0xF0,
    0x00, 0x00, 0x00, 0x00, 0x00, 0x00, 0x08, 0x00, 0x00, 0x38, 0x00, 0x00, 0xF0, 0x00, 0x03, 0xC0,
    0x00, 0x0F, 0x00, 0x00, 0x0C, 0x00, 0x00, 0x00, 0x00, 0x00, 0x00, 0x00, 0x1F, 0xFC, 0x00, 0xFF,
    0xF8, 0x03, 0xFF, 0xE0, 0x07, 0xF0, 0x00, 0x1F, 0x00, 0x00, 0x3C, 0x00, 0x00, 0xF0, 0x00, 0x01,
    0xE0, 0x00, 0x07, 0x80, 0x00, 0x1E, 0x03, 0x00, 0x38, 0x7F, 0x00, 0xFF, 0xFE, 0x01, 0xFF, 0xE0,
    0x07, 0xFC, 0x00, 0x0E, 0x00, 0x00, 0x3C, 0x00, 0x00, 0x70, 0x00, 0x00, 0xE0, 0x00, 0x01, 0xC0,
    0x00, 0x03, 0x80, 0x07, 0x07, 0x80, 0x3E, 0x07, 0x83, 0xF8, 0x0F, 0xFF, 0xC0, 0x0F, 0xFF, 0x00,
    0x07, 0xF0, 0x00, 0x00, 0x00, 0x00, 0x00, 0x00, 0x38, 0x00, 0x00, 0x7C, 0x00, 0x00, 0xFE, 0x00,
    0x01, 0xCF, 0x00, 0x01, 0x86, 0x00, 0x00, 0x00, 0x00, 0x00, 0x00, 0x00, 0x1F, 0xFC, 0x00, 0x7F,
    0xFC, 0x00, 0xFF, 0xF8, 0x00, 0xFE, 0x00, 0x01, 0xF0, 0x00, 0x01, 0xE0, 0x00, 0x03, 0xC0, 0x00,
    0x03, 0xC0, 0x00, 0x07, 0x80, 0x00, 0x0F, 0x01, 0x80, 0x0E, 0x1F, 0xC0, 0x1F, 0xFF, 0xC0, 0x1F,
    0xFE, 0x00, 0x3F, 0xE0, 0x00, 0x38, 0x00, 0x00, 0x78, 0x00, 0x00, 0x70, 0x00, 0x00, 0x70, 0x00,
    0x00, 0x70, 0x00, 0x00, 0x70, 0x00, 0xE0, 0x78, 0x03, 0xE0, 0x3C, 0x1F, 0xC0, 0x3F, 0xFF, 0x00,
    0x1F, 0xFE, 0x00, 0x07, 0xF0, 0x00, 0x00, 0x00, 0x60, 0x00, 0x01, 0xE0, 0x00, 0x07, 0x80, 0x00,
    0x1E, 0x00, 0x00, 0x38, 0x00, 0x00, 0x60, 0x00, 0x00, 0x00, 0x00, 0x00, 0x00, 0x00, 0x03, 0xF8,
    0x00, 0x7F, 0xF8, 0x07, 0xFF, 0xF0, 0x0F, 0xF8, 0x00, 0x00, 0xE0, 0x00, 0x01, 0xC0, 0x00, 0x07,
    0x80, 0x00, 0x0E, 0x00, 0x00, 0x1C, 0x00, 0x00, 0x78, 0x00, 0x00, 0xE0, 0x00, 0x01, 0xC0, 0x00,
    0x07, 0x80, 0x00, 0x0E, 0x00, 0x00, 0x1C, 0x00, 0x00, 0x38, 0x00, 0x00, 0xF0, 0x00, 0x01, 0xC0,
    0x00, 0x03, 0x80, 0x00, 0x0F, 0x00, 0x00, 0x1C, 0x00, 0x00, 0x38, 0x00, 0x03, 0xFF, 0x80, 0x3F,
    0xFF, 0x80, 0x7F, 0xFE, 0x00, 0x06, 0x00, 0x00, 0x00, 0x00, 0x00, 0x00, 0x00, 0x00, 0x00, 0x07,
    0x00, 0x00, 0x3E, 0x00, 0x01, 0xFC, 0x00, 0x0E, 0x38, 0x00, 0x30, 0x40, 0x00, 0x00, 0x00, 0x00,
    0x00, 0x00, 0x03, 0xF8, 0x00, 0xFF, 0xF0, 0x1F, 0xFF, 0xC0, 0xFF, 0xC0, 0x00, 0x1E, 0x00, 0x00,
    0x78, 0x00, 0x01, 0xC0, 0x00, 0x07, 0x00, 0x00, 0x3C, 0x00, 0x00, 0xE0, 0x00, 0x03, 0x80, 0x00,
    0x1E, 0x00, 0x00, 0x70, 0x00, 0x01, 0xC0, 0x00, 0x0F, 0x00, 0x00, 0x38, 0x00, 0x00, 0xE0, 0x00,
    0x07, 0x80, 0x00, 0x1C, 0x00, 0x00, 0x70, 0x00, 0x03, 0xC0, 0x00, 0x0F, 0x00, 0x00, 0xFF, 0xE0,
    0x1F, 0xFF, 0x80, 0x7F, 0xFE, 0x00, 0x1C, 0x00, 0x00, 0x00, 0x00, 0x00, 0x00, 0x00, 0x00, 0x00,
    0x18, 0x00, 0x03, 0xC0, 0x00, 0x1C, 0x00, 0x01, 0xC0, 0x00, 0x0E, 0x00, 0x00, 0xC0, 0x00, 0x00,
    0x00, 0x00, 0x00, 0x01, 0xF0, 0x00, 0x7F, 0xC0, 0x0F, 0xFC, 0x01, 0xE1, 0xE0, 0x3C, 0x0E, 0x07,
    0x80, 0xE0, 0x78, 0x0F, 0x0F, 0x00, 0xF0, 0xE0, 0x0F, 0x1E, 0x00, 0xF1, 0xC0, 0x0E, 0x3C, 0x01,
    0xE3, 0x80, 0x1E, 0x38, 0x01, 0xE3, 0x80, 0x3C, 0x70, 0x03, 0xC7, 0x00, 0x78, 0x70, 0x07, 0x07,
    0x00, 0xF0, 0x70, 0x1E, 0x07, 0x03, 0xE0, 0x70, 0x7C, 0x07, 0x0F, 0x80, 0x7F, 0xF0, 0x03, 0xFE,
    0x00, 0x0F, 0x80, 0x00, 0x00, 0x00, 0x60, 0x00, 0x0F, 0x00, 0x01, 0xE0, 0x00, 0x3C, 0x00, 0x03,
    0x80, 0x00, 0x30, 0x00, 0x00, 0x00, 0x00, 0x00, 0x00, 0x1F, 0x00, 0x07, 0xFC, 0x00, 0xFF, 0xC0,
    0x1E, 0x1E, 0x03, 0xC0, 0xE0, 0x78, 0x0E, 0x07, 0x80, 0xF0, 0xF0, 0x0F, 0x0E, 0x00, 0xF1, 0xE0,
    0x0F, 0x1C, 0x00, 0xE3, 0xC0, 0x1E, 0x38, 0x01, 0xE3, 0x80, 0x1E, 0x38, 0x03, 0xC7, 0x00, 0x3C,
    0x70, 0x07, 0x87, 0x00, 0x70, 0x70, 0x0F, 0x07, 0x01, 0xE0, 0x70, 0x3E, 0x07, 0x07, 0xC0, 0x70,
    0xF8, 0x07, 0xFF, 0x00, 0x3F, 0xE0, 0x00, 0xF8, 0x00, 0x00, 0x02, 0x08, 0x00, 0x1C, 0xE0, 0x00,
    0xF3, 0xC0, 0x03, 0xCE, 0x00, 0x06, 0x30, 0x00, 0x00, 0x00, 0x00, 0x00, 0x00, 0x00, 0x00, 0x00,
    0x1F, 0x00, 0x01, 0xFF, 0x00, 0x0F, 0xFC, 0x00, 0x78, 0x78, 0x03, 0xC0, 0xE0, 0x1E, 0x03, 0x80,
    0x78, 0x0F, 0x03, 0xC0, 0x3C, 0x0E, 0x00, 0xF0, 0x78, 0x03, 0xC1, 0xC0, 0x0E, 0x0F, 0x00, 0x78,
    0x38, 0x01, 0xE0, 0xE0, 0x07, 0x83, 0x80, 0x3C, 0x1C, 0x00, 0xF0, 0x70, 0x07, 0x81, 0xC0, 0x1C,
    0x07, 0x00, 0xF0, 0x1C, 0x07, 0x80, 0x70, 0x3E, 0x01, 0xC1, 0xF0, 0x07, 0x0F, 0x80, 0x1F, 0xFC,
    0x00, 0x3F, 0xE0, 0x00, 0x3E, 0x00, 0x00, 0x00, 0x00, 0x18, 0x00, 0x00, 0x70, 0x01, 0xF3, 0xC0,
    0x1F, 0xFE, 0x00, 0xFF, 0xF0, 0x07, 0xC7, 0x80, 0x3E, 0x1E, 0x01, 0xF0, 0xF8, 0x07, 0x87, 0xF0,
    0x3C, 0x3F, 0xC0, 0xF1, 0xEF, 0x07, 0x87, 0x3C, 0x1E, 0x38, 0xE0, 0xF1, 0xE7, 0x83, 0xC7, 0x1E,
    0x0E, 0x38, 0x78, 0x39, 0xC3, 0xC1, 0xEF, 0x0F, 0x07, 0xB8, 0x78, 0x1D, 0xC1, 0xC0, 0x7F, 0x0F,
    0x01, 0xF8, 0x78, 0x07, 0xC3, 0xC0, 0x1F, 0x1F, 0x00, 0x78, 0xF8, 0x01, 0xFF, 0xC0, 0x07, 0xFE,
    0x00, 0x3B, 0xE0, 0x00, 0xE0, 0x00, 0x01, 0x00, 0x00, 0x00, 0x00, 0x00, 0x00, 0x00, 0x70, 0x00,
    0x03, 0x80, 0x00, 0x1E, 0x00, 0x00, 0x70, 0x00, 0x03, 0x80, 0x00, 0x0C, 0x00, 0x00, 0x00, 0x01,
    0x80, 0x00, 0x1E, 0x01, 0x81, 0xE0, 0x1C, 0x0F, 0x00, 0xE0, 0xF0, 0x07, 0x07, 0x00, 0x78, 0x78,
    0x03, 0xC3, 0x80, 0x1C, 0x3C, 0x00, 0xE1, 0xE0, 0x0F, 0x0E, 0x00, 0x70, 0xF0, 0x03, 0x87, 0x80,
    0x38, 0x38, 0x01, 0xC1, 0xC0, 0x1E, 0x0E, 0x00, 0xE0, 0xF0, 0x0F, 0x07, 0x80, 0xF0, 0x38, 0x07,
    0x01, 0xC0, 0x78, 0x0E, 0x07, 0x80, 0x70, 0x38, 0x03, 0x87, 0xC0, 0x1E, 0x7C, 0x00, 0xFF, 0xC0,
    0x03, 0xF8, 0x00, 0x0F, 0x80, 0x00, 0x00, 0x00, 0x00, 0x00, 0x00, 0x00, 0x00, 0x0C, 0x00, 0x00,
    0xF0, 0x00, 0x0F, 0x00, 0x00, 0xF0, 0x00, 0x07, 0x00, 0x00, 0x30, 0x00, 0x00, 0x00, 0x01, 0x80,
    0x00, 0x1E, 0x01, 0x81, 0xE0, 0x1C, 0x0F, 0x00, 0xE0, 0xF0, 0x07, 0x07, 0x00, 0x78, 0x78, 0x03,
    0xC3, 0x80, 0x1C, 0x3C, 0x00, 0xE1, 0xE0, 0x0F, 0x0E, 0x00, 0x70, 0xF0, 0x03, 0x87, 0x80, 0x38,
    0x38, 0x01, 0xC1, 0xC0, 0x1E, 0x0E, 0x00, 0xE0, 0xF0, 0x0F, 0x07, 0x80, 0xF0, 0x38, 0x07, 0x01,
    0xC0, 0x78, 0x0E, 0x07, 0x80, 0x70, 0x38, 0x03, 0x87, 0xC0, 0x1E, 0x7C, 0x00, 0xFF, 0xC0, 0x03,
    0xF8, 0x00, 0x0F, 0x80, 0x00, 0x00, 0x00, 0x00, 0x00, 0x00, 0x40, 0x01, 0xC7, 0x00, 0x0F, 0x78,
    0x00, 0x73, 0xC0, 0x03, 0x0C, 0x00, 0x00, 0x00, 0x00, 0x00, 0x00, 0x70, 0x00, 0x03, 0xC0, 0x30,
    0x3C, 0x03, 0x81, 0xC0, 0x1C, 0x1E, 0x00, 0xE0, 0xE0, 0x0F, 0x0F, 0x00, 0x78, 0x70, 0x03, 0x87,
    0x80, 0x1C, 0x3C, 0x01, 0xE1, 0xC0, 0x0E, 0x1E, 0x00, 0x70, 0xF0, 0x07, 0x07, 0x00, 0x38, 0x38,
    0x03, 0x83, 0xC0, 0x3C, 0x1E, 0x01, 0xE0, 0xF0, 0x1E, 0x07, 0x00, 0xE0, 0x38, 0x0F, 0x01, 0xC0,
    0xF0, 0x0E, 0x0F, 0x00, 0x70, 0xF0, 0x03, 0xCF, 0x80, 0x0F, 0xF8, 0x00, 0x7F, 0x00, 0x01, 0xF0,
    0x00, 0x00, 0x00, 0x00, 0x00, 0x00, 0x00, 0x01, 0x80, 0x00, 0x78, 0x00, 0x1E, 0x00, 0x07, 0x80,
    0x00, 0xE0, 0x00, 0x18, 0x00, 0x00, 0x00, 0x30, 0x00, 0x0E, 0x00, 0x19, 0xC0, 0x07, 0x38, 0x01,
    0xE7, 0x00, 0x78, 0xE0, 0x1E, 0x1C, 0x07, 0x83, 0x81, 0xE0, 0x70, 0x78, 0x0F, 0x1E, 0x01, 0xE7,
    0x80, 0x1D, 0xE0, 0x03, 0xFC, 0x00, 0x3F, 0x00, 0x03, 0xC0, 0x00, 0xF0, 0x00, 0x1C, 0x00, 0x03,
    0x80, 0x00, 0xF0, 0x00, 0x1E, 0x00, 0x03, 0x80, 0x00, 0xF0, 0x00, 0x1E, 0x00, 0x03, 0x80, 0x00,
    0x70, 0x00, 0x0E, 0x00, 0x01, 0x80, 0x00, 0x10, 0x00, 0x00, 0x00, 0x00, 0x00, 0x01, 0xF0, 0x00,
    0x7F, 0x00, 0x1F, 0xE0, 0x07, 0x9C, 0x01, 0xE3, 0x80, 0x78, 0xF0, 0x1E, 0x1E, 0x03, 0xC7, 0x80,
    0xF1, 0xE0, 0x1C, 0x78, 0x03, 0x9E, 0x00, 0xF3, 0xC0, 0x1C, 0xF0, 0x03, 0x9E, 0x00, 0xE3, 0xC0,
    0x1C, 0x3C, 0x03, 0x83, 0xC0, 0xF0, 0x78, 0x1C, 0x0F, 0x03, 0x81, 0xE0, 0xF7, 0xFC, 0x1C, 0xFF,
    0x03, 0x8F, 0xC0, 0x70, 0x00, 0x1E, 0x00, 0x03, 0x80, 0x00, 0x70, 0x00, 0x0E, 0x00, 0x01, 0xC0,
    0x00, 0x38, 0x00, 0x07, 0x00, 0x00, 0x60, 0x00, 0x00, 0x00, 0x20, 0x00, 0x38, 0x00, 0x1E, 0x00,
    0x07, 0x00, 0x01, 0xC0, 0x00, 0xE0, 0x00, 0x20, 0x00, 0x00, 0x00, 0xE0, 0x00, 0xFC, 0x00, 0xFF,
    0x00, 0xF3, 0xC0, 0xF1, 0xE0, 0x71, 0xE0, 0x78, 0xF0, 0x78, 0xF8, 0x38, 0xFC, 0x3D, 0xFF, 0x1F,
    0xF3, 0xCF, 0xF1, 0xF7, 0xE0, 0x79, 0xE0, 0x00, 0x00, 0x00, 0x00, 0x01, 0x80, 0x00, 0xF0, 0x00,
    0x78, 0x00, 0x3C, 0x00, 0x0E, 0x00, 0x03, 0x00, 0x00, 0x00, 0x00, 0x00, 0x00, 0xE0, 0x00, 0x7E,
    0x00, 0x3F, 0xC0, 0x1E, 0x78, 0x0F, 0x1E, 0x03, 0x8F, 0x01, 0xE3, 0xC0, 0xF1, 0xF0, 0x38, 0xFC,
    0x1E, 0xFF, 0x87, 0xFC, 0xF1, 0xFE, 0x3E, 0x7E, 0x07, 0x8F, 0x00, 0x00, 0x00, 0x00, 0x00, 0x08,
    0x00, 0x1E, 0x00, 0x1F, 0x80, 0x1E, 0xE0, 0x0C, 0x38, 0x04, 0x08, 0x00, 0x00, 0x01, 0xC0, 0x01,
    0xF8, 0x01, 0xFE, 0x01, 0xE7, 0x81, 0xE3, 0xC0, 0xE3, 0xC0, 0xF1, 0xE0, 0xF1, 0xF0, 0x71, 0xF8,
    0x7B, 0xFE, 0x3F, 0xE7, 0x9F, 0xE3, 0xEF, 0xC0, 0xF3, 0xC0, 0x00, 0x00, 0x00, 0x00, 0x60, 0x00,
    0x1E, 0x18, 0x07, 0xFF, 0x00, 0xCF, 0xC0, 0x10, 0x60, 0x00, 0x00, 0x00, 0x38, 0x00, 0x0F, 0xC0,
    0x03, 0xFC, 0x00, 0xF3, 0xC0, 0x3C, 0x78, 0x07, 0x1E, 0x01, 0xE3, 0xC0, 0x78, 0xF8, 0x0E, 0x3F,
    0x03, 0xDF, 0xF0, 0x7F, 0xCF, 0x0F, 0xF1, 0xF1, 0xF8, 0x1E, 0x1E, 0x00, 0x00, 0x00, 0x00, 0x00,
    0x00, 0x00, 0x1C, 0x60, 0x0F, 0x38, 0x03, 0xCE, 0x00, 0xE3, 0x80, 0x00, 0x00, 0x00, 0x00, 0x03,
    0x80, 0x01, 0xF8, 0x00, 0xFF, 0x00, 0x79, 0xE0, 0x3C, 0x78, 0x0E, 0x3C, 0x07, 0x8F, 0x03, 0xC7,
    0xC0, 0xE3, 0xF0, 0x7B, 0xFE, 0x1F, 0xF3, 0xC7, 0xF8, 0xF9, 0xF8, 0x1E, 0x3C, 0x00, 0x00, 0x00,
    0x00, 0x00, 0x1E, 0x00, 0x0F, 0x80, 0x0C, 0xC0, 0x06, 0x60, 0x03, 0x30, 0x01, 0xF0, 0x00, 0x70,
    0x01, 0xC0, 0x03, 0xF0, 0x03, 0xFC, 0x03, 0xEF, 0x01, 0xE3, 0x81, 0xE3, 0xC1, 0xE3, 0xE0, 0xE3,
    0xF0, 0xF3, 0xF8, 0x73, 0xDC, 0x3F, 0xCF, 0x3F, 0xC3, 0xEF, 0xC0, 0xE3, 0x80, 0x00, 0x00, 0x00,
    0x00, 0x00, 0x20, 0x07, 0xC7, 0xE0, 0x3F, 0xBF, 0xC1, 0xFF, 0xE7, 0x0F, 0x1F, 0x1C, 0x38, 0x78,
    0xF1, 0xE3, 0xFF, 0x87, 0x1F, 0xFC, 0x38, 0xFC, 0x00, 0xE7, 0xF0, 0x07, 0x3D, 0xC1, 0x1F, 0xE7,
    0x0E, 0x7F, 0x1F, 0xF1, 0xF8, 0x3F, 0x81, 0x80, 0x7C, 0x00, 0x00, 0xE0, 0x0F, 0xC0, 0x7F, 0x81,
    0xEE, 0x0F, 0x38, 0x78, 0xC1, 0xC3, 0x07, 0x00, 0x3C, 0x00, 0xE0, 0xE3, 0x87, 0x8E, 0x3C, 0x3F,
    0xE0, 0xFF, 0x01, 0xF0, 0x07, 0x00, 0x0E, 0x00, 0x3C, 0x00, 0x70, 0x19, 0xC0, 0x7F, 0x00, 0xF8,
    0x00, 0x00, 0x00, 0x01, 0x00, 0x38, 0x03, 0x80, 0x3C, 0x01, 0xC0, 0x1C, 0x00, 0x80, 0x00, 0x03,
    0xC0, 0xFE, 0x1F, 0xF3, 0xC7, 0x38, 0xE7, 0x9E, 0x7F, 0xCF, 0xF8, 0xE0, 0x0E, 0x00, 0xE1, 0xCF,
    0xFC, 0x7F, 0x83, 0xF0, 0x00, 0x00, 0x00, 0x0C, 0x00, 0x38, 0x00, 0xF0, 0x03, 0xC0, 0x07, 0x00,
    0x0C, 0x00, 0x00, 0x01, 0xE0, 0x0F, 0xE0, 0x3F, 0xE0, 0xF1, 0xC1, 0xC7, 0x07, 0x9E, 0x0F, 0xF8,
    0x3F, 0xE0, 0x70, 0x00, 0xE0, 0x01, 0xC3, 0x83, 0xFF, 0x03, 0xFC, 0x03, 0xF0, 0x00, 0x00, 0x00,
    0x00, 0x80, 0x0F, 0x00, 0xFC, 0x1E, 0xF0, 0xE3, 0x86, 0x08, 0x00, 0x00, 0x78, 0x0F, 0xE0, 0xFF,
    0x8F, 0x1C, 0x71, 0xC7, 0x9E, 0x3F, 0xE3, 0xFE, 0x1C, 0x00, 0xE0, 0x07, 0x0E, 0x3F, 0xF0, 0xFF,
    0x03, 0xF0, 0x00, 0x00, 0x00, 0x00, 0x06, 0x38, 0x1E, 0x70, 0x3D, 0xE0, 0x71, 0x80, 0x00, 0x00,
    0xF0, 0x07, 0xF0, 0x1F, 0xF0, 0x78, 0xE0, 0xE3, 0x83, 0xCF, 0x07, 0xFC, 0x1F, 0xF0, 0x38, 0x00,
    0x70, 0x00, 0xE1, 0xC1, 0xFF, 0x81, 0xFE, 0x01, 0xF8, 0x00, 0x00, 0x00, 0x00, 0x30, 0x70, 0xE0,
    0xE1, 0xC1, 0x00, 0x00, 0x00, 0x01, 0xC3, 0x87, 0x1E, 0x38, 0x71, 0xE3, 0x87, 0x0E, 0x1C, 0x00,
    0x00, 0x00, 0x40, 0x1C, 0x07, 0x81, 0xE0, 0x70, 0x04, 0x00, 0x00, 0x00, 0x00, 0x00, 0x00, 0xE0,
    0x1C, 0x03, 0x80, 0xF0, 0x1C, 0x03, 0x80, 0xF0, 0x1C, 0x03, 0x80, 0x70, 0x0E, 0x00, 0x00, 0x00,
    0x00, 0x03, 0x81, 0xF0, 0xFE, 0x71, 0xD8, 0x30, 0x00, 0x00, 0x00, 0x00, 0x03, 0x80, 0xE0, 0x38,
    0x1E, 0x07, 0x01, 0xC0, 0xF0, 0x38, 0x0E, 0x03, 0x80, 0xE0, 0x00, 0x00, 0x00, 0x01, 0x8E, 0x3C,
    0xE3, 0x9E, 0x39, 0xC0, 0x00, 0x00, 0x00, 0x00, 0x00, 0x03, 0x80, 0x38, 0x03, 0x80, 0x78, 0x07,
    0x00, 0x70, 0x0F, 0x00, 0xE0, 0x0E, 0x00, 0xE0, 0x0E, 0x00, 0x00, 0x00, 0x00, 0xE0, 0x00, 0x7C,
    0x70, 0x3F, 0xFC, 0x0C, 0x7E, 0x00, 0x0E, 0x00, 0x00, 0x00, 0x00, 0x00, 0x38, 0x00, 0x0E, 0x00,
    0x07, 0x87, 0x01, 0xE7, 0xC0, 0x73, 0xF8, 0x3F, 0xFE, 0x0F, 0xF3, 0x87, 0xF0, 0xE1, 0xF8, 0x78,
    0x7C, 0x1E, 0x1C, 0x07, 0x83, 0x00, 0xE0, 0x00, 0x00, 0x00, 0x00, 0x0C, 0x00, 0x70, 0x03, 0x80,
    0x0E, 0x00, 0x70, 0x01, 0x80, 0x00, 0x00, 0x00, 0x0F, 0x01, 0xFC, 0x1F, 0xE1, 0xF7, 0x1E, 0x38,
    0xE1, 0xCF, 0x0E, 0x70, 0xF3, 0x87, 0x3C, 0x71, 0xEF, 0x8F, 0xF8, 0x3F, 0x80, 0xF0, 0x00, 0x00,
    0x04, 0x00, 0x1C, 0x00, 0x78, 0x01, 0xE0, 0x07, 0x00, 0x0C, 0x00, 0x00, 0x00, 0x00, 0x01, 0xE0,
    0x0F, 0xE0, 0x3F, 0xC0, 0xFB, 0x83, 0xC7, 0x07, 0x0E, 0x1E, 0x1C, 0x38, 0x78, 0x70, 0xE1, 0xE3,
    0x83, 0xDF, 0x07, 0xFC, 0x07, 0xF0, 0x07, 0x80, 0x00, 0x00, 0x00, 0x03, 0x80, 0x1F, 0x00, 0xFE,
    0x07, 0x1C, 0x18, 0x30, 0x00, 0x00, 0x00, 0x01, 0xE0, 0x1F, 0xC0, 0xFF, 0x07, 0xDC, 0x3C, 0x70,
    0xE1, 0xC7, 0x87, 0x1C, 0x3C, 0x70, 0xE3, 0xC7, 0x0F, 0x7C, 0x3F, 0xE0, 0x7F, 0x00, 0xF0, 0x00,
    0x03, 0x80, 0x07, 0xC6, 0x0F, 0xFE, 0x0C, 0x7E, 0x00, 0x38, 0x00, 0x00, 0x01, 0xE0, 0x07, 0xF0,
    0x0F, 0xF0, 0x1F, 0x70, 0x3C, 0x70, 0x38, 0x70, 0x78, 0x70, 0x70, 0xF0, 0x70, 0xE0, 0xF1, 0xC0,
    0xF7, 0xC0, 0xFF, 0x80, 0x7F, 0x00, 0x3C, 0x00, 0x00, 0x00, 0x07, 0x18, 0x0E, 0x78, 0x3C, 0xF0,
    0x31, 0xC0, 0x00, 0x00, 0x00, 0x00, 0xF0, 0x07, 0xF0, 0x1F, 0xE0, 0x7D, 0xC1, 0xE3, 0x83, 0x87,
    0x0F, 0x0E, 0x1C, 0x3C, 0x38, 0x70, 0xF1, 0xC1, 0xEF, 0x83, 0xFE, 0x03, 0xF8, 0x03, 0xC0, 0x00,
    0x00, 0x00, 0x00, 0x38, 0xC0, 0x7F, 0xC0, 0x7F, 0xC0, 0x79, 0xE0, 0x39, 0xF0, 0x3D, 0xF8, 0x1F,
    0xB8, 0x1F, 0x9C, 0x0F, 0x9C, 0x07, 0x9E, 0x03, 0x9E, 0x03, 0xFE, 0x03, 0xFE, 0x01, 0xBE, 0x00,
    0x80, 0x00, 0x00, 0x00, 0x1C, 0x00, 0xE0, 0x03, 0x80, 0x1C, 0x00, 0x60, 0x03, 0x00, 0x00, 0x00,
    0x00, 0x60, 0x87, 0x0E, 0x38, 0xF3, 0xC7, 0x9C, 0x38, 0xE1, 0xCF, 0x1E, 0x70, 0xE3, 0x8F, 0x1C,
    0xF8, 0xFF, 0xC7, 0xEE, 0x1E, 0x38, 0x01, 0xC0, 0x00, 0x00, 0x08, 0x00, 0xF0, 0x07, 0x80, 0x3E,
    0x00, 0xE0, 0x03, 0x00, 0x00, 0x00, 0x00, 0x00, 0x00, 0x30, 0x41, 0xC3, 0x87, 0x1E, 0x3C, 0x78,
    0xE1, 0xC3, 0x87, 0x1E, 0x3C, 0x70, 0xE1, 0xC7, 0x87, 0x3E, 0x1F, 0xF8, 0x7E, 0xE0, 0xF1, 0xC0,
    0x07, 0x00, 0x00, 0x00, 0x00, 0x01, 0xE0, 0x07, 0xE0, 0x1F, 0xE0, 0x71, 0xC0, 0xC1, 0x80, 0x00,
    0x00, 0x00, 0x0C, 0x10, 0x38, 0x70, 0x71, 0xE1, 0xE3, 0xC3, 0x87, 0x07, 0x0E, 0x1E, 0x3C, 0x38,
    0x70, 0x71, 0xE0, 0xE7, 0xC1, 0xFF, 0x83, 0xF7, 0x03, 0xC7, 0x00, 0x0E, 0x00, 0x00, 0x00, 0x00,
    0x00, 0x01, 0x8E, 0x03, 0xCE, 0x03, 0xDE, 0x03, 0x8C, 0x00, 0x00, 0x00, 0x00, 0x00, 0x00, 0x0C,
    0x10, 0x1C, 0x38, 0x1C, 0x78, 0x3C, 0x78, 0x38, 0x70, 0x38, 0x70, 0x78, 0xF0, 0x70, 0xE0, 0x71,
    0xE0, 0x73, 0xE0, 0x7F, 0xE0, 0x7E, 0xE0, 0x3C, 0x70, 0x00, 0x70, 0x00, 0x00, 0x00, 0x00, 0x60,
    0x00, 0x0E, 0x00, 0x01, 0xE0, 0x00, 0x3C, 0x00, 0x03, 0x80, 0x00, 0x30, 0x00, 0x00, 0x00, 0x04,
    0x00, 0x00, 0xE0, 0xC0, 0x0E, 0x0E, 0x00, 0xE1, 0xE0, 0x0E, 0x1C, 0x00, 0xE3, 0xC0, 0x0E, 0x38,
    0x00, 0xE7, 0x80, 0x0E, 0x70, 0x00, 0xEF, 0x00, 0x0F, 0xE0, 0x00, 0x7E, 0x00, 0x07, 0xC0, 0x00,
    0x3C, 0x00, 0x03, 0x80, 0x00, 0x78, 0x00, 0x07, 0x00, 0x00, 0xF0, 0x00, 0x1E, 0x00, 0x63, 0xC0,
    0x07, 0xF8, 0x00, 0x7F, 0x00, 0x00, 0xC0, 0x00, 0x00, 0x00, 0x00, 0x60, 0xC0, 0x30, 0xE0, 0x18,
    0xE0, 0x0F, 0xF0, 0x03, 0xF0, 0x00, 0x60, 0x00, 0x00, 0x00, 0xE0, 0x01, 0xF8, 0x01, 0xFE, 0x01,
    0xE7, 0x80, 0xE3, 0xC0, 0xF1, 0xE0, 0xF1, 0xE0, 0x71, 0xF0, 0x79, 0xFC, 0x39, 0xEE, 0x3F, 0xE7,
    0x9F, 0xE1, 0xF7, 0xE0, 0x71, 0xC0, 0x00, 0x00, 0x00, 0x00, 0xE0, 0x00, 0x7E, 0x00, 0x3F, 0xC0,
    0x1E, 0x78, 0x0F, 0x1E, 0x03, 0x8F, 0x01, 0xE3, 0xC0, 0xF1, 0xF0, 0x38, 0xFC, 0x1E, 0xFF, 0x87,
    0xFC, 0xF1, 0xFE, 0x3E, 0x7E, 0x07, 0x8F, 0x03, 0x80, 0x01, 0xC0, 0x00, 0xE0, 0x00, 0x31, 0x80,
    0x0F, 0xE0, 0x03, 0xE0, 0x00, 0x20, 0x00, 0x04, 0x00, 0x1C, 0x00, 0x78, 0x01, 0xE0, 0x07, 0x00,
    0x0C, 0x00, 0x00, 0x01, 0xE0, 0x07, 0xE0, 0x1F, 0xE0, 0x79, 0xC0, 0xE3, 0x83, 0xC6, 0x07, 0x00,
    0x1E, 0x00, 0x38, 0x10, 0x70, 0x70, 0xE1, 0xE1, 0xCF, 0x83, 0xFE, 0x03, 0xF0, 0x03, 0x80, 0x00,
    0x00, 0x00, 0x00, 0x01, 0x83, 0x00, 0x1C, 0xF0, 0x00, 0xFE, 0x00, 0x07, 0xC0, 0x00, 0x30, 0x00,
    0x00, 0x00, 0x01, 0xF8, 0x00, 0x3F, 0x80, 0x07, 0xFC, 0x00, 0xF9, 0xC0, 0x1E, 0x1C, 0x03, 0xC3,
    0xC0, 0x78, 0x3C, 0x07, 0x87, 0x80, 0xF0, 0x78, 0x1E, 0x0F, 0x01, 0xC0, 0x60, 0x3C, 0x00, 0x03,
    0x80, 0x00, 0x78, 0x00, 0x07, 0x00, 0x00, 0xF0, 0x00, 0x0F, 0x00, 0x00, 0xF0, 0x00, 0x0E, 0x00,
    0x00, 0xE0, 0x00, 0x0E, 0x00, 0x00, 0xE0, 0x0E, 0x0F, 0x01, 0xC0, 0xF0, 0x7C, 0x0F, 0xBF, 0x00,
    0x7F, 0xE0, 0x03, 0xF8, 0x00, 0x0E, 0x00, 0x00, 0x01, 0x00, 0x03, 0x86, 0x01, 0xDE, 0x00, 0xFC,
    0x00, 0x78, 0x00, 0x20, 0x00, 0x00, 0x03, 0xC0, 0x07, 0xE0, 0x0F, 0xF0, 0x1E, 0x70, 0x1C, 0x70,
    0x3C, 0x60, 0x38, 0x00, 0x78, 0x00, 0x70, 0x20, 0x70, 0x70, 0x70, 0xF0, 0x73, 0xE0, 0x7F, 0xC0,
    0x3F, 0x00, 0x1C, 0x00, 0x00, 0x01, 0x02, 0x00, 0x01, 0x87, 0x00, 0x01, 0xFE, 0x00, 0x00, 0xFC,
    0x00, 0x00, 0x78, 0x00, 0x00, 0x20, 0x03, 0xFE, 0x00, 0x03, 0xFF, 0xC0, 0x03, 0xFF, 0xE0, 0x00,
    0x71, 0xF0, 0x00, 0xF0, 0xF8, 0x00, 0xE0, 0x3C, 0x00, 0xE0, 0x3C, 0x01, 0xC0, 0x1E, 0x01, 0xC0,
    0x1E, 0x03, 0xC0, 0x0E, 0x03, 0x80, 0x0E, 0x03, 0x80, 0x0E, 0x07, 0x80, 0x0E, 0x07, 0x00, 0x1E,
    0x07, 0x00, 0x1C, 0x0F, 0x00, 0x1C, 0x0E, 0x00, 0x3C, 0x0E, 0x00, 0x38, 0x1C, 0x00, 0x78, 0x1C,
    0x00, 0x78, 0x1C, 0x00, 0xF0, 0x1C, 0x01, 0xE0, 0x3C, 0x03, 0xC0, 0x38, 0x07, 0xC0, 0x38, 0x1F,
    0x80, 0xF8, 0x3E, 0x00, 0xFB, 0xFC, 0x00, 0xFF, 0xF8, 0x00, 0x7F, 0xE0, 0x00, 0x1E, 0x00, 0x00,
    0x00, 0x00, 0x00, 0x00, 0x06, 0x00, 0x00, 0x38, 0xC0, 0x00, 0xE7, 0x00, 0x07, 0x9C, 0x00, 0x1C,
    0xE0, 0x00, 0xF7, 0x80, 0x03, 0x9C, 0x00, 0x0E, 0x40, 0x00, 0x78, 0x00, 0x01, 0xC0, 0x00, 0x07,
    0x00, 0x07, 0xBC, 0x00, 0x3F, 0xE0, 0x01, 0xC7, 0x80, 0x0E, 0x1E, 0x00, 0x38, 0x70, 0x01, 0xC3,
    0xC0, 0x07, 0x1F, 0x00, 0x38, 0xFC, 0x00, 0xFF, 0xF0, 0x03, 0xFD, 0xC0, 0x07, 0xE7, 0x00, 0x0E,
    0x1C, 0x00, 0x00, 0x70, 0x00, 0x00, 0x00, 0x00, 0x01, 0xFE, 0x00, 0x07, 0xFF, 0x00, 0x0F, 0xFF,
    0x80, 0x07, 0x9F, 0x80, 0x0F, 0x0F, 0x80, 0x1C, 0x0F, 0x80, 0x38, 0x0F, 0x00, 0xF0, 0x0F, 0x01,
    0xC0, 0x1E, 0x03, 0x80, 0x1C, 0x0E, 0x00, 0x38, 0x1C, 0x00, 0x70, 0x78, 0x00, 0xE3, 0xFC, 0x01,
    0xCF, 0xF8, 0x07, 0x0F, 0x80, 0x0E, 0x0E, 0x00, 0x1C, 0x1C, 0x00, 0x78, 0x38, 0x00, 0xE0, 0xE0,
    0x03, 0xC1, 0xC0, 0x07, 0x03, 0x80, 0x1E, 0x0F, 0x00, 0x78, 0x1C, 0x03, 0xE0, 0x38, 0x0F, 0x80,
    0xF0, 0x3E, 0x03, 0xC1, 0xF8, 0x07, 0xFF, 0xC0, 0x07, 0xFF, 0x00, 0x07, 0xF0, 0x00, 0x00, 0x00,
    0x00, 0x00, 0x00, 0x30, 0x00, 0x0F, 0x00, 0x01, 0xC0, 0x00, 0x78, 0x00, 0xFF, 0x80, 0x3F, 0xF0,
    0x00, 0x70, 0x00, 0x0E, 0x00, 0x03, 0xC0, 0x00, 0x70, 0x00, 0x0E, 0x00, 0x7B, 0xC0, 0x1F, 0xF0,
    0x07, 0x1E, 0x01, 0xC3, 0xC0, 0x38, 0x70, 0x0E, 0x1E, 0x01, 0xC7, 0xC0, 0x71, 0xF8, 0x0F, 0xFF,
    0x01, 0xFE, 0xE0, 0x1F, 0x9C, 0x01, 0xC3, 0x80, 0x00, 0x70, 0x00, 0x00, 0x00, 0x00, 0x00, 0x10,
    0x00, 0x00, 0x70, 0x00, 0x01, 0xE0, 0x00, 0x03, 0xC0, 0x00, 0x07, 0x00, 0x00, 0x00, 0x00, 0x00,
    0x00, 0x00, 0x00, 0x00, 0x00, 0x1F, 0xFC, 0x00, 0xFF, 0xF8, 0x03, 0xFF, 0xE0, 0x07, 0xF0, 0x00,
    0x1F, 0x00, 0x00, 0x3C, 0x00, 0x00, 0xF0, 0x00, 0x01, 0xE0, 0x00, 0x07, 0x80, 0x00, 0x1E, 0x03,
    0x00, 0x38, 0x7F, 0x00, 0xFF, 0xFE, 0x01, 0xFF, 0xE0, 0x07, 0xFC, 0x00, 0x0E, 0x00, 0x00, 0x3C,
    0x00, 0x00, 0x70, 0x00, 0x00, 0xE0, 0x00, 0x01, 0xC0, 0x00, 0x03, 0x80, 0x07, 0x07, 0x80, 0x3E,
    0x07, 0x83, 0xF8, 0x0F, 0xFF, 0xC0, 0x0F, 0xFF, 0x00, 0x07, 0xF0, 0x00, 0x00, 0x00, 0x03, 0x80,
    0x1C, 0x01, 0xE0, 0x0E, 0x00, 0x20, 0x0F, 0x01, 0xFC, 0x1F, 0xF1, 0xE3, 0x8E, 0x38, 0xF3, 0xC7,
    0xFC, 0x7F, 0xC3, 0x80, 0x1C, 0x00, 0xE1, 0xC7, 0xFE, 0x1F, 0xE0, 0x7E, 0x00, 0x00, 0x00, 0x00,
    0x00, 0x00, 0x00, 0x3F, 0xF8, 0x01, 0xFF, 0xF0, 0x07, 0xFF, 0xC0, 0x0F, 0xE0, 0x00, 0x3E, 0x00,
    0x00, 0x78, 0x00, 0x01, 0xE0, 0x00, 0x03, 0xC0, 0x00, 0x0F, 0x00, 0x00, 0x3C, 0x06, 0x00, 0x70,
    0xFE, 0x01, 0xFF, 0xFC, 0x03, 0xFF, 0xC0, 0x0F, 0xF8, 0x00, 0x1C, 0x00, 0x00, 0x78, 0x00, 0x00,
    0xE0, 0x00, 0x01, 0xC0, 0x00, 0x03, 0x80, 0x00, 0x07, 0x00, 0x0E, 0x0F, 0x00, 0x7C, 0x0F, 0x07,
    0xF0, 0x1F, 0xFF, 0xC0, 0x1F, 0xFE, 0x00, 0x0F, 0xF8, 0x00, 0x00, 0xE0, 0x00, 0x01, 0xC0, 0x00,
    0x07, 0x38, 0x00, 0x07, 0xF0, 0x00, 0x07, 0x80, 0x00, 0x00, 0x00, 0x01, 0xE0, 0x3F, 0x83, 0xFE,
    0x3C, 0x71, 0xC7, 0x1E, 0x78, 0xFF, 0x8F, 0xF8, 0x70, 0x03, 0x80, 0x1C, 0x38, 0xFF, 0xC3, 0xFC,
    0x0F, 0xC0, 0x78, 0x07, 0x00, 0x70, 0x03, 0x98, 0x1F, 0xC0, 0xFC, 0x01, 0x80, 0x00, 0x00, 0x00,
    0x00, 0x00, 0x01, 0x86, 0x00, 0x03, 0xCE, 0x00, 0x01, 0xFE, 0x00, 0x00, 0xF8, 0x00, 0x00, 0x70,
    0x00, 0x00, 0x00, 0x00, 0x00, 0x00, 0x00, 0x1F, 0xFC, 0x00, 0x7F, 0xFC, 0x00, 0xFF, 0xF8, 0x00,
    0xFE, 0x00, 0x01, 0xF0, 0x00, 0x01, 0xE0, 0x00, 0x03, 0xC0, 0x00, 0x03, 0xC0, 0x00, 0x07, 0x80,
    0x00, 0x0F, 0x01, 0x80, 0x0E, 0x1F, 0xC0, 0x1F, 0xFF, 0xC0, 0x1F, 0xFE, 0x00, 0x3F, 0xE0, 0x00,
    0x38, 0x00, 0x00, 0x78, 0x00, 0x00, 0x70, 0x00, 0x00, 0x70, 0x00, 0x00, 0x70, 0x00, 0x00, 0x70,
    0x00, 0xE0, 0x78, 0x03, 0xE0, 0x3C, 0x1F, 0xC0, 0x3F, 0xFF, 0x00, 0x1F, 0xFE, 0x00, 0x07, 0xF0,
    0x00, 0x02, 0x00, 0x0E, 0x38, 0x1E, 0xF0, 0x1F, 0xC0, 0x1E, 0x00, 0x08, 0x00, 0x00, 0x01, 0xE0,
    0x0F, 0xE0, 0x3F, 0xE0, 0xF1, 0xC1, 0xC7, 0x07, 0x9E, 0x0F, 0xF8, 0x3F, 0xE0, 0x70, 0x00, 0xE0,
    0x01, 0xC3, 0x83, 0xFF, 0x03, 0xFC, 0x03, 0xF0, 0x00, 0x00, 0x00, 0x00, 0x08, 0x00, 0x00, 0x61,
    0x80, 0x07, 0x0C, 0x00, 0x38, 0xE0, 0x00, 0xFE, 0x00, 0x03, 0xE0, 0x00, 0x20, 0x00, 0x0F, 0xF0,
    0x00, 0xFF, 0xC0, 0x0F, 0xFE, 0x00, 0xF0, 0x70, 0x0F, 0x01, 0x80, 0x70, 0x00, 0x07, 0x80, 0x00,
    0x38, 0x00, 0x03, 0xC0, 0x00, 0x1C, 0x00, 0x01, 0xE0, 0x00, 0x0E, 0x00, 0x00, 0x70, 0xF8, 0x07,
    0x8F, 0xF0, 0x38, 0x3F, 0x81, 0xC0, 0x1C, 0x1E, 0x00, 0xE0, 0xF0, 0x0F, 0x07, 0x00, 0x70, 0x38,
    0x07, 0x81, 0xC0, 0x38, 0x0E, 0x03, 0xC0, 0x70, 0x7C, 0x03, 0xC7, 0xC0, 0x1F, 0xFC, 0x00, 0x7F,
    0x80, 0x01, 0xF0, 0x00, 0x00, 0x00, 0x00, 0x00, 0x00, 0x00, 0x60, 0x80, 0x70, 0xC0, 0x38, 0xE0,
    0x1F, 0xE0, 0x07, 0xF0, 0x00, 0xE0, 0x00, 0x00, 0x01, 0xE0, 0x01, 0xF8, 0x01, 0xFE, 0x01, 0xE7,
    0x81, 0xE3, 0xC1, 0xE1, 0xE0, 0xF1, 0xE0, 0x70, 0xE0, 0x38, 0xF0, 0x1F, 0xF8, 0x0F, 0xF8, 0x03,
    0xDC, 0x00, 0x0E, 0x00, 0x07, 0x00, 0x07, 0x00, 0x03, 0x80, 0x61, 0xC0, 0x31, 0xC0, 0x1C, 0xE0,
    0x07, 0xE0, 0x03, 0xF0, 0x00, 0x70, 0x00, 0x00, 0x00, 0x00, 0x07, 0xC2, 0x7F, 0xFE, 0xFE, 0x43,
    0x80, 0x00, 0x00, 0x00, 0x00, 0x00, 0x03, 0x80, 0x38, 0x03, 0x80, 0x78, 0x07, 0x00, 0x70, 0x0F,
    0x00, 0xE0, 0x0E, 0x00, 0xE0, 0x0E, 0x00, 0x00, 0x00, 0x00, 0x03, 0xF8, 0x00, 0xFF, 0xF0, 0x1F,
    0xFF, 0xC0, 0xFF, 0xC0, 0x00, 0x1E, 0x00, 0x00, 0x78, 0x00, 0x01, 0xC0, 0x00, 0x07, 0x00, 0x00,
    0x3C, 0x00, 0x00, 0xE0, 0x00, 0x03, 0x80, 0x00, 0x1E, 0x00, 0x00, 0x70, 0x00, 0x01, 0xC0, 0x00,
    0x0F, 0x00, 0x00, 0x38, 0x00, 0x00, 0xE0, 0x00, 0x07, 0x80, 0x00, 0x1C, 0x00, 0x00, 0x70, 0x00,
    0x03, 0xC0, 0x00, 0x0F, 0x00, 0x00, 0xFF, 0xE0, 0x1F, 0xFF, 0x80, 0x7F, 0xFE, 0x00, 0x3C, 0x00,
    0x01, 0xC0, 0x00, 0x0E, 0x00, 0x00, 0x38, 0x80, 0x00, 0xCE, 0x00, 0x03, 0xF8, 0x00, 0x07, 0x80,
    0x00, 0x00, 0x00, 0x00, 0x00, 0x00, 0x01, 0x80, 0x1E, 0x00, 0xF0, 0x0F, 0x00, 0x30, 0x00, 0x00,
    0x00, 0x00, 0x00, 0x0C, 0x00, 0x70, 0x03, 0x80, 0x3C, 0x01, 0xC0, 0x0E, 0x00, 0xF0, 0x07, 0x00,
    0x38, 0x01, 0xC0, 0x1E, 0x01, 0xC0, 0x1C, 0x01, 0xC0, 0x1C, 0x00, 0xE7, 0x07, 0xF0, 0x1E, 0x00,
    0x00, 0x00, 0x00, 0x00, 0x80, 0x00, 0x07, 0x00, 0x00, 0x3C, 0x00, 0x00, 0xF0, 0x00, 0x03, 0x80,
    0x00, 0x00, 0x00, 0x00, 0x00, 0x00, 0x00, 0x00, 0x00, 0x03, 0xF8, 0x00, 0xFF, 0xF0, 0x1F, 0xFF,
    0xC0, 0xFF, 0xC0, 0x00, 0x1E, 0x00, 0x00, 0x78, 0x00, 0x01, 0xC0, 0x00, 0x07, 0x00, 0x00, 0x3C,
    0x00, 0x00, 0xE0, 0x00, 0x03, 0x80, 0x00, 0x1E, 0x00, 0x00, 0x70, 0x00, 0x01, 0xC0, 0x00, 0x0F,
    0x00, 0x00, 0x38, 0x00, 0x00, 0xE0, 0x00, 0x07, 0x80, 0x00, 0x1C, 0x00, 0x00, 0x70, 0x00, 0x03,
    0xC0, 0x00, 0x0F, 0x00, 0x00, 0xFF, 0xE0, 0x1F, 0xFF, 0x80, 0x7F, 0xFE, 0x00, 0x1C, 0x00, 0x00,
    0x00, 0x00, 0x00, 0x00, 0xE3, 0x8E, 0x79, 0xC7, 0x3C, 0xE3, 0x8E, 0x38, 0x00, 0x00, 0x18, 0x00,
    0xF0, 0x07, 0x80, 0x3C, 0x00, 0xE0, 0x03, 0x00, 0x00, 0x00, 0x70, 0x01, 0xE0, 0x07, 0x80, 0x3C,
    0x00, 0xF0, 0x03, 0x80, 0x1E, 0x00, 0x70, 0x01, 0xC0, 0x0F, 0x00, 0x38, 0x01, 0xE0, 0x07, 0x00,
    0x1C, 0x00, 0xF0, 0x03, 0x80, 0x1E, 0x00, 0x70, 0x01, 0xC0, 0x07, 0x00, 0x38, 0x00, 0xE0, 0x03,
    0x80, 0x06, 0x00, 0x00, 0x00, 0x00, 0x20, 0x40, 0x0E, 0x1C, 0x03, 0xC3, 0x80, 0xF0, 0x70, 0x1E,
    0x1C, 0x07, 0x87, 0x01, 0xE1, 0xC0, 0x3C, 0x00, 0x0F, 0x00, 0x01, 0xE0, 0x00, 0x78, 0x00, 0x0F,
    0x00, 0x01, 0xC0, 0x00, 0x78, 0x00, 0x0E, 0x00, 0x03, 0xC0, 0x00, 0x70, 0x00, 0x0E, 0x00, 0x03,
    0xC0, 0x00, 0x78, 0x00, 0x0E, 0x00, 0x01, 0xC0, 0x00, 0x38, 0x00, 0x07, 0x00, 0x00, 0xF0, 0x3C,
    0x0F, 0xFF, 0x00, 0xFF, 0xC0, 0x0F, 0xE0, 0x00, 0x00, 0x00, 0x01, 0xC2, 0x01, 0xC7, 0x01, 0xC7,
    0x03, 0xC7, 0x03, 0xCE, 0x03, 0x9C, 0x07, 0xB8, 0x07, 0x00, 0x0F, 0x00, 0x0E, 0x00, 0x0E, 0x00,
    0x1C, 0x00, 0x1C, 0x00, 0x1C, 0x00, 0x38, 0x00, 0x38, 0x00, 0x78, 0x00, 0x70, 0x00, 0x70, 0x00,
    0x70, 0x00, 0xF0, 0x00, 0xE0, 0x00, 0xE0, 0x00, 0x60, 0x00, 0x00, 0x00, 0x00, 0x04, 0x00, 0x07,
    0x00, 0x07, 0x80, 0x07, 0x80, 0x03, 0xC0, 0x03, 0xC0, 0x03, 0xC0, 0x01, 0xE0, 0x01, 0xE0, 0x00,
    0xF0, 0x00, 0xF0, 0x00, 0x7B, 0xC0, 0x3F, 0xC0, 0x3F, 0xC0, 0x1F, 0x80, 0x3E, 0x00, 0x7E, 0x00,
    0x3F, 0x00, 0x07, 0x80, 0x03, 0xC0, 0x01, 0xC0, 0x00, 0xE0, 0x00, 0x70, 0x00, 0x38, 0x00, 0x1E,
    0x07, 0x87, 0xFF, 0x81, 0xFF, 0x80, 0x7F, 0x00, 0x00, 0x00, 0x03, 0x80, 0x1E, 0x00, 0xF0, 0x0F,
    0x00, 0x78, 0x03, 0x80, 0x3C, 0x01, 0xF0, 0x1F, 0x80, 0xF8, 0x07, 0x80, 0xF8, 0x0F, 0x80, 0xFC,
    0x0F, 0xE0, 0x4E, 0x00, 0xF0, 0x07, 0x00, 0x38, 0x01, 0xC0, 0x1C, 0x00, 0xE0, 0x07, 0x00, 0x18,
    0x00, 0x00, 0x00, 0x00, 0x01, 0x00, 0x03, 0xC0, 0x03, 0xE0, 0x01, 0xE0, 0x01, 0xC0, 0x00, 0xC0,
    0x00, 0x00, 0x00, 0x00, 0x00, 0x00, 0x07, 0x00, 0x03, 0x80, 0x03, 0xC3, 0x81, 0xE7, 0xC0, 0xE7,
    0xF0, 0xFF, 0xF8, 0x7F, 0x9C, 0x7F, 0x0E, 0x3F, 0x0F, 0x1F, 0x07, 0x8E, 0x03, 0xC3, 0x00, 0xE0,
    0x00, 0x00, 0x00, 0x00, 0x00, 0x30, 0x60, 0x0E, 0x38, 0x01, 0xFC, 0x00, 0x3E, 0x00, 0x07, 0x00,
    0x00, 0x00, 0x00, 0x00, 0x00, 0x00, 0x03, 0x80, 0x00, 0xE0, 0x00, 0x78, 0x70, 0x1E, 0x7C, 0x07,
    0x3F, 0x83, 0xFF, 0xE0, 0xFF, 0x38, 0x7F, 0x0E, 0x1F, 0x87, 0x87, 0xC1, 0xE1, 0xC0, 0x78, 0x30,
    0x0E, 0x00, 0x00, 0x00, 0x00, 0x01, 0x00, 0x71, 0xC0, 0x79, 0xE0, 0x79, 0xE0, 0x39, 0xE0, 0x18,
    0x40, 0x00, 0x00, 0x00, 0x00, 0x01, 0xE0, 0x01, 0xF8, 0x01, 0xFE, 0x01, 0xF7, 0x01, 0xE3, 0x81,
    0xE1, 0xC0, 0xF0, 0xE0, 0xF0, 0xE0, 0x78, 0x70, 0x3C, 0x70, 0x1E, 0xF0, 0x0F, 0xF8, 0x03, 0xF0,
    0x00, 0xF0, 0x00, 0x00, 0x04, 0x00, 0x0E, 0x00, 0x1E, 0x00, 0x3C, 0x00, 0x78, 0x00, 0x30, 0x00,
    0x00, 0x00, 0x00, 0x0E, 0x00, 0x0E, 0x00, 0x1C, 0x7C, 0x1D, 0xFC, 0x3B, 0xE0, 0x3F, 0x80, 0x3F,
    0x00, 0x7C, 0x00, 0x78, 0x00, 0x78, 0x00, 0x70, 0x00, 0x70, 0x00, 0x70, 0x00, 0x20, 0x00, 0x00,
    0x00, 0x00, 0x00, 0x18, 0x30, 0x00, 0x39, 0xE0, 0x00, 0x3F, 0x80, 0x00, 0x3E, 0x00, 0x00, 0x38,
    0x00, 0x00, 0x00, 0x00, 0x00, 0x00, 0x00, 0x3F, 0xC0, 0x01, 0xFF, 0xE0, 0x01, 0xFF, 0xE0, 0x03,
    0xC1, 0xE0, 0x07, 0x01, 0xC0, 0x1E, 0x03, 0x80, 0x38, 0x07, 0x00, 0x70, 0x1E, 0x01, 0xE0, 0x78,
    0x03, 0x81, 0xE0, 0x0F, 0x07, 0x80, 0x1C, 0x3E, 0x00, 0x7B, 0xF8, 0x00, 0xFF, 0xC0, 0x01, 0xFE,
    0x00, 0x07, 0xE0, 0x00, 0x0F, 0xC0, 0x00, 0x3F, 0x80, 0x00, 0x77, 0x80, 0x00, 0xE7, 0x80, 0x03,
    0xCF, 0x80, 0x07, 0x0F, 0x80, 0x1E, 0x0F, 0x80, 0x38, 0x0F, 0x80, 0x70, 0x0F, 0x81, 0xE0, 0x07,
    0xC1, 0x80, 0x07, 0x80, 0x00, 0x02, 0x00, 0x00, 0x00, 0x03, 0x06, 0x03, 0x8E, 0x01, 0xFC, 0x00,
    0xF8, 0x00, 0x70, 0x00, 0x00, 0x00, 0x00, 0x0E, 0x00, 0x0E, 0x00, 0x1C, 0x7C, 0x1D, 0xFC, 0x3B,
    0xE0, 0x3F, 0x80, 0x3F, 0x00, 0x7C, 0x00, 0x78, 0x00, 0x78, 0x00, 0x70, 0x00, 0x70, 0x00, 0x70,
    0x00, 0x20, 0x00, 0x00, 0x00, 0x00, 0x00, 0x00, 0xC0, 0x00, 0x07, 0x80, 0x00, 0x3C, 0x00, 0x01,
    0xE0, 0x00, 0x06, 0x00, 0x00, 0x08, 0x00, 0x00, 0xFC, 0x00, 0x0F, 0xF8, 0x00, 0xFF, 0xF0, 0x0F,
    0xC1, 0xC0, 0x7E, 0x0F, 0x03, 0xE0, 0x38, 0x1F, 0x01, 0xE0, 0xF0, 0x0F, 0x07, 0x80, 0x38, 0x1E,
    0x00, 0x00, 0xF0, 0x00, 0x03, 0x80, 0x00, 0x0E, 0x00, 0x00, 0x38, 0x00, 0x00, 0xE0, 0x00, 0x01,
    0xC0, 0x00, 0x07, 0xC0, 0x00, 0x0F, 0xC0, 0x00, 0x0F, 0x80, 0x00, 0x0F, 0x00, 0x00, 0x1E, 0x00,
    0x00, 0x3C, 0x00, 0x00, 0x70, 0x06, 0x01, 0xC0, 0x1E, 0x1F, 0x00, 0x3F, 0xFC, 0x00, 0x7F, 0xE0,
    0x00, 0xFE, 0x00, 0x00, 0x00, 0x00, 0x00, 0x0E, 0x00, 0x1E, 0x00, 0x3C, 0x00, 0x38, 0x00, 0x30,
    0x00, 0x20, 0x00, 0x00, 0x01, 0xE0, 0x07, 0xF0, 0x0F, 0xF8, 0x1E, 0x78, 0x3C, 0x70, 0x78, 0xF0,
    0x70, 0x40, 0x70, 0x00, 0x70, 0x00, 0x38, 0x00, 0x3E, 0x00, 0x1F, 0x00, 0x07, 0x00, 0xFF, 0x80,
    0xFF, 0x00, 0x7E, 0x00, 0x00, 0x03, 0xF0, 0x00, 0x3F, 0xE0, 0x03, 0xFF, 0xC0, 0x3F, 0x87, 0x01,
    0xF8, 0x3C, 0x0F, 0x80, 0xE0, 0x7C, 0x07, 0x83, 0xC0, 0x3C, 0x0E, 0x00, 0xE0, 0x78, 0x00, 0x03,
    0xC0, 0x00, 0x0F, 0x00, 0x00, 0x38, 0x00, 0x00, 0xE0, 0x00, 0x03, 0x80, 0x00, 0x07, 0x80, 0x00,
    0x0F, 0x00, 0x00, 0x1F, 0x00, 0x00, 0x3E, 0x00, 0x00, 0x3C, 0x00, 0x00, 0x78, 0x00, 0x00, 0xF0,
    0x00, 0x01, 0xC0, 0x1C, 0x07, 0x00, 0x78, 0x3C, 0x00, 0xFF, 0xF0, 0x01, 0xFF, 0x80, 0x03, 0xF8,
    0x00, 0x07, 0x00, 0x00, 0x0E, 0x00, 0x00, 0x1C, 0x00, 0x00, 0x30, 0x00, 0x1F, 0xC0, 0x00, 0x7E,
    0x00, 0x00, 0x30, 0x00, 0x00, 0x00, 0xF0, 0x0F, 0xE0, 0x7F, 0xC3, 0xCF, 0x1E, 0x38, 0xF1, 0xE3,
    0x82, 0x0E, 0x00, 0x38, 0x00, 0x70, 0x01, 0xF0, 0x03, 0xE0, 0x03, 0x81, 0xFF, 0x07, 0xF8, 0x0F,
    0xC0, 0x1C, 0x00, 0x70, 0x00, 0xE0, 0x01, 0xC0, 0xE7, 0x03, 0xF8, 0x07, 0xC0, 0x00, 0x00, 0x00,
    0x06, 0x0C, 0x00, 0x1C, 0x70, 0x00, 0x7F, 0x80, 0x00, 0xFC, 0x00, 0x01, 0xE0, 0x00, 0x00, 0x00,
    0x00, 0x3F, 0x00, 0x03, 0xFE, 0x00, 0x3F, 0xFC, 0x03, 0xF0, 0x70, 0x1F, 0x83, 0xC0, 0xF8, 0x0E,
    0x07, 0xC0, 0x78, 0x3C, 0x03, 0xC1, 0xE0, 0x0E, 0x07, 0x80, 0x00, 0x3C, 0x00, 0x00, 0xE0, 0x00,
    0x03, 0x80, 0x00, 0x0E, 0x00, 0x00, 0x38, 0x00, 0x00, 0x70, 0x00, 0x01, 0xF0, 0x00, 0x01, 0xF0,
    0x00, 0x03, 0xE0, 0x00, 0x03, 0xC0, 0x00, 0x07, 0x80, 0x00, 0x0F, 0x00, 0x00, 0x1C, 0x01, 0xC0,
    0x70, 0x07, 0x83, 0xC0, 0x0F, 0xFF, 0x00, 0x1F, 0xF8, 0x00, 0x3F, 0x80, 0x00, 0x00, 0x00, 0x06,
    0x1C, 0x0F, 0x78, 0x0F, 0xE0, 0x0F, 0x00, 0x0C, 0x00, 0x00, 0x00, 0x00, 0x01, 0xE0, 0x0F, 0xE0,
    0x3F, 0xE0, 0xF3, 0xC3, 0xC7, 0x0F, 0x1E, 0x1C, 0x10, 0x38, 0x00, 0x70, 0x00, 0x70, 0x00, 0xF8,
    0x00, 0xF8, 0x00, 0x70, 0x1F, 0xF0, 0x3F, 0xC0, 0x3F, 0x00, 0x00, 0xE0, 0x07, 0x80, 0x1C, 0x00,
    0xF0, 0x03, 0x80, 0x7F, 0xE3, 0xFF, 0x87, 0xFE, 0x0E, 0x00, 0x70, 0x01, 0xC0, 0x07, 0x00, 0x38,
    0x00, 0xE0, 0x03, 0x80, 0x0E, 0x00, 0x30, 0x20, 0xE3, 0xC3, 0xFE, 0x07, 0xF0, 0x1F, 0x00, 0x70,
    0x01, 0xC0, 0x03, 0x80, 0x07, 0x01, 0x1C, 0x0F, 0xE0, 0x1F, 0x00, 0x00, 0x00, 0x00, 0x00, 0x00,
    0x18, 0x60, 0x07, 0x9C, 0x00, 0x7F, 0x80, 0x07, 0xC0, 0x00, 0x70, 0x00, 0x00, 0x00, 0x00, 0x00,
    0x00, 0x00, 0x01, 0xFF, 0xF1, 0xFF, 0xFF, 0x7F, 0xFF, 0xF7, 0xDE, 0x08, 0x03, 0xC0, 0x00, 0x70,
    0x00, 0x1E, 0x00, 0x03, 0xC0, 0x00, 0x70, 0x00, 0x1E, 0x00, 0x03, 0x80, 0x00, 0x70, 0x00, 0x1E,
    0x00, 0x03, 0x80, 0x00, 0x70, 0x00, 0x1E, 0x00, 0x03, 0x80, 0x00, 0x70, 0x00, 0x1E, 0x00, 0x03,
    0x80, 0x00, 0x70, 0x00, 0x1C, 0x00, 0x03, 0x80, 0x00, 0x70, 0x00, 0x0C, 0x00, 0x00, 0x00, 0x01,
    0x00, 0x01, 0xC0, 0x00, 0xE0, 0x38, 0x70, 0x3C, 0x70, 0x1C, 0x70, 0x1E, 0x70, 0x0E, 0x00, 0x3F,
    0xF0, 0x3F, 0xF8, 0x0F, 0xFC, 0x03, 0x80, 0x03, 0xC0, 0x01, 0xC0, 0x01, 0xE0, 0x00, 0xE0, 0x00,
    0x70, 0x00, 0x38, 0x00, 0x3C, 0x00, 0x1E, 0x08, 0x0F, 0x1E, 0x03, 0xFE, 0x00, 0xFE, 0x00, 0x3C,
    0x00, 0x00, 0x00, 0x03, 0xFE, 0x00, 0x00, 0x00, 0x00, 0x00, 0x00, 0x00, 0x00, 0x0C, 0x30, 0x1C,
    0x38, 0x1C, 0x78, 0x3C, 0x78, 0x38, 0x70, 0x78, 0x70, 0x78, 0xE0, 0x71, 0xE0, 0x71, 0xE0, 0x73,
    0xE0, 0x7F, 0xE0, 0x7E, 0xF0, 0x38, 0x70, 0x00, 0x70, 0x00, 0x00, 0x00, 0x03, 0x80, 0x00, 0x3E,
    0x00, 0x03, 0x30, 0x00, 0x19, 0x80, 0x00, 0xCC, 0x00, 0x07, 0xC0, 0x00, 0x1C, 0x00, 0x30, 0x00,
    0x03, 0xC0, 0x30, 0x3E, 0x01, 0xC1, 0xE0, 0x1E, 0x1E, 0x00, 0xE0, 0xF0, 0x07, 0x0F, 0x00, 0x78,
    0x78, 0x03, 0xC3, 0x80, 0x1C, 0x3C, 0x00, 0xE1, 0xC0, 0x0F, 0x0E, 0x00, 0x70, 0xF0, 0x07, 0x87,
    0x80, 0x38, 0x38, 0x03, 0xC1, 0xC0, 0x1C, 0x1E, 0x01, 0xE0, 0xF0, 0x0E, 0x07, 0x00, 0xF0, 0x38,
    0x0F, 0x01, 0xC0, 0x70, 0x0E, 0x07, 0x80, 0x70, 0x78, 0x03, 0x87, 0x80, 0x1F, 0xF8, 0x00, 0x7F,
    0x80, 0x01, 0xF8, 0x00, 0x02, 0x00, 0x00, 0x00, 0x70, 0x07, 0xC0, 0x66, 0x03, 0x30, 0x19, 0x80,
    0xF8, 0x03, 0x80, 0x00, 0x0C, 0x10, 0xE1, 0xC7, 0x1E, 0x78, 0xF3, 0x87, 0x1C, 0x39, 0xE3, 0xCE,
    0x1C, 0x71, 0xE3, 0x9F, 0x1F, 0xF8, 0xFD, 0xC3, 0xC7, 0x00, 0x38, 0x00, 0x00, 0x00, 0x04, 0x30,
    0x00, 0x73, 0x80, 0x07, 0x3C, 0x00, 0x73, 0xC0, 0x07, 0x1C, 0x00, 0x10, 0xC0, 0x00, 0x00, 0x00,
    0x30, 0x00, 0x03, 0xC0, 0x30, 0x3C, 0x03, 0x81, 0xE0, 0x1C, 0x1E, 0x00, 0xE0, 0xE0, 0x0F, 0x0F,
    0x00, 0x78, 0x70, 0x03, 0x87, 0x80, 0x1C, 0x3C, 0x01, 0xE1, 0xC0, 0x0E, 0x1E, 0x00, 0x70, 0xF0,
    0x07, 0x07, 0x00, 0x38, 0x38, 0x03, 0xC1, 0xC0, 0x1C, 0x1E, 0x01, 0xE0, 0xF0, 0x1E, 0x07, 0x00,
    0xE0, 0x38, 0x0F, 0x01, 0xC0, 0xF0, 0x0E, 0x07, 0x00, 0x70, 0xF8, 0x03, 0xCF, 0x80, 0x1F, 0xF8,
    0x00, 0x7F, 0x00, 0x01, 0xF0, 0x00, 0x00, 0x00, 0x00, 0x00, 0x41, 0x00, 0x71, 0xC0, 0x79, 0xE0,
    0x79, 0xE0, 0x79, 0xE0, 0x18, 0x40, 0x00, 0x00, 0x00, 0x00, 0x00, 0x00, 0x06, 0x08, 0x07, 0x0E,
    0x03, 0x8F, 0x03, 0xC7, 0x81, 0xC3, 0x80, 0xE1, 0xC0, 0xF1, 0xE0, 0x70, 0xE0, 0x38, 0xF0, 0x1C,
    0xF8, 0x0F, 0xFC, 0x07, 0xEE, 0x01, 0xE3, 0x80, 0x01, 0xC0, 0x00, 0x00, 0x00, 0x00, 0x00, 0x01,
    0xC0, 0x10, 0x03, 0xC0, 0x70, 0x0F, 0x00, 0xE0, 0x1C, 0x01, 0xC0, 0x78, 0x03, 0x80, 0xE0, 0x0F,
    0x03, 0xC0, 0x1E, 0x07, 0x00, 0x38, 0x1E, 0x00, 0xF0, 0x3C, 0x01, 0xE0, 0x70, 0x03, 0x81, 0xE0,
    0x0F, 0x03, 0xC0, 0x1C, 0x07, 0x00, 0x78, 0x0E, 0x00, 0xE0, 0x3C, 0x03, 0xC0, 0x78, 0x07, 0x80,
    0xF0, 0x1E, 0x01, 0xC0, 0x38, 0x03, 0x80, 0xF0, 0x07, 0x03, 0xC0, 0x0E, 0x0F, 0x00, 0x1C, 0x3C,
    0x00, 0x3D, 0xF0, 0x00, 0x3F, 0xC0, 0x00, 0x7F, 0x00, 0x00, 0xF8, 0x00, 0x03, 0x80, 0x00, 0x0E,
    0x00, 0x00, 0x38, 0x00, 0x00, 0x73, 0x80, 0x00, 0xFE, 0x00, 0x00, 0xF0, 0x00, 0x00, 0x00, 0x00,
    0x00, 0x00, 0x00, 0x60, 0x87, 0x0E, 0x38, 0xF3, 0xC7, 0x9C, 0x38, 0xE1, 0xCF, 0x1E, 0x70, 0xE3,
    0x8F, 0x1C, 0xF8, 0xFF, 0xC7, 0xEE, 0x1E, 0x38, 0x03, 0xC0, 0x38, 0x03, 0x80, 0x38, 0x01, 0xCC,
    0x0F, 0xE0, 0x7E, 0x01, 0xC0, 0x00, 0x06, 0x00, 0x0F, 0x00, 0x1E, 0x00, 0x3C, 0x00, 0x38, 0x00,
    0x30, 0x00, 0x00, 0x00, 0x00, 0x00, 0x00, 0x1F, 0xF0, 0x1F, 0xF8, 0x03, 0xFC, 0x00, 0xF8, 0x01,
    0xF0, 0x07, 0xC0, 0x0F, 0x80, 0x1F, 0x00, 0x3C, 0x00, 0x78, 0x00, 0xFF, 0xFC, 0xFF, 0xFC, 0xFF,
    0x00, 0x00, 0x00, 0x00, 0x70, 0x00, 0xF0, 0x03, 0xC0, 0x07, 0x80, 0x06, 0x00, 0x00, 0x00, 0x00,
    0x1F, 0xF0, 0x3F, 0xF0, 0x0F, 0xF0, 0x07, 0xC0, 0x1F, 0x00, 0xF8, 0x03, 0xE0, 0x0F, 0x80, 0x3C,
    0x00, 0xF0, 0x03, 0xFF, 0xF7, 0xFF, 0xEF, 0xF0, 0x00, 0x00, 0x02, 0x04, 0x00, 0x03, 0x8E, 0x00,
    0x00, 0xFF, 0x00, 0x00, 0x7E, 0x00, 0x00, 0x0E, 0x00, 0x00, 0x02, 0x00, 0x00, 0x00, 0x00, 0x00,
    0xFF, 0xF0, 0x00, 0xFF, 0xFE, 0x00, 0x7F, 0xFF, 0x80, 0x10, 0x03, 0xC0, 0x00, 0x01, 0xE0, 0x00,
    0x01, 0xE0, 0x00, 0x00, 0xF0, 0x00, 0x00, 0xF0, 0x00, 0x00, 0xF0, 0x00, 0x00, 0xF0, 0x00, 0x00,
    0xF0, 0x00, 0x00, 0xF0, 0x00, 0x00, 0xF0, 0x00, 0x00, 0xF0, 0x00, 0x00, 0xF0, 0x00, 0x01, 0xF0,
    0x00, 0x01, 0xF0, 0x00, 0x01, 0xF0, 0x00, 0x01, 0xF0, 0x00, 0x01, 0xF0, 0x00, 0x01, 0xF0, 0x00,
    0x01, 0xE0, 0x00, 0x01, 0xE0, 0x00, 0x01, 0xE0, 0x00, 0x00, 0xFF, 0xFF, 0x80, 0x7F, 0xFF, 0xC0,
    0x3F, 0xFF, 0xC0, 0x00, 0x00, 0x00, 0x01, 0x83, 0x01, 0xCF, 0x01, 0xFE, 0x00, 0xFC, 0x00, 0x30,
    0x00, 0x00, 0x00, 0x00, 0x00, 0x00, 0x1F, 0xF0, 0x1F, 0xF8, 0x03, 0xFC, 0x00, 0xF8, 0x01, 0xF0,
    0x07, 0xC0, 0x0F, 0x80, 0x1F, 0x00, 0x3C, 0x00, 0x78, 0x00, 0xFF, 0xFC, 0xFF, 0xFC, 0xFF, 0x00,
    0x00, 0x00, 0xF0, 0x00, 0x0F, 0x00, 0x00, 0xF0, 0x00, 0x0F, 0x00, 0x00, 0xF0, 0x3F, 0xFF, 0x0F,
    0xFF, 0xE1, 0xFF, 0xF0, 0x3F, 0xFF, 0x87, 0xE0, 0x7C, 0x7C, 0x07, 0xCF, 0x80, 0x3E, 0xF8, 0x03,
    0xEF, 0x00, 0x1E, 0xF0, 0x01, 0xEF, 0x00, 0x1E, 0xF0, 0x01, 0xEF, 0x00, 0x1E, 0xF8, 0x03, 0xEF,
    0x80, 0x3E, 0x7C, 0x07, 0xC7, 0xE0, 0x7C, 0x3F, 0xFF, 0x81, 0xFF, 0xF0, 0x0F, 0xFE, 0x00, 0x3F,
    0x80, 0x00, 0x00, 0x70, 0x00, 0x07, 0x00, 0x00, 0x70, 0x00, 0x07, 0x00, 0x00, 0x7F, 0x00, 0x7F,
    0xF0, 0x07, 0xFF, 0x00, 0x7E, 0xF0, 0x07, 0x8F, 0x00, 0x78, 0xF0, 0x07, 0x8F, 0x00, 0x78, 0xF0,
    0x07, 0x8F, 0x00, 0x78, 0xF0, 0x07, 0x8F, 0x00, 0x78, 0xF0, 0x07, 0x8F, 0x00, 0x78, 0xF0, 0x07,
    0x8F, 0x00, 0x78, 0xF8, 0x0F, 0x8F, 0xC1, 0xF8, 0x7F, 0xFF, 0x87, 0xFF, 0x78, 0x3F, 0xF7, 0x80,
    0xFC, 0x78, 0x00, 0x00, 0xE0, 0x00, 0x1F, 0xC0, 0x01, 0xFF, 0x80, 0x1F, 0xEF, 0x00, 0xFC, 0x3C,
    0x07, 0xC0, 0xF0, 0x3E, 0x07, 0x81, 0xE0, 0x1E, 0x0F, 0x00, 0xF0, 0x78, 0x03, 0x81, 0xE0, 0x00,
    0x0F, 0x00, 0x00, 0x38, 0x00, 0x00, 0xE0, 0x00, 0x03, 0x80, 0x00, 0x0F, 0x00, 0x00, 0x1E, 0x00,
    0x00, 0x3C, 0x00, 0x00, 0x7C, 0x00, 0x00, 0xF8, 0x00, 0x00, 0xF8, 0x00, 0x00, 0xF0, 0x00, 0x01,
    0xC0, 0x00, 0x07, 0x00, 0x70, 0x1C, 0x01, 0xE0, 0xF0, 0x03, 0xFF, 0xC0, 0x07, 0xFE, 0x00, 0x0F,
    0xE0, 0x00, 0x00, 0x00, 0x00, 0xC0, 0x00, 0x03, 0x00, 0x00, 0x1C, 0x00, 0x00, 0xE0, 0x00, 0x03,
    0x00, 0x00, 0x00, 0x00, 0x60, 0x07, 0xE0, 0x3F, 0xC3, 0xE7, 0x1F, 0x3C, 0x71, 0xE3, 0xC3, 0x0E,
    0x00, 0x38, 0x00, 0xF0, 0x01, 0xE0, 0x03, 0xC0, 0x07, 0x80, 0x0F, 0x07, 0xFC, 0x0F, 0xE0, 0x0C,
    0x00, 0x20, 0x01, 0xC0, 0x07, 0x00, 0x18, 0x00, 0xE0, 0x07, 0x00, 0x00, 0x00, 0x1F, 0xC0, 0x3F,
    0xFF, 0xE1, 0xFF, 0xFF, 0xC3, 0xEF, 0x04, 0x00, 0x3C, 0x00, 0x00, 0xE0, 0x00, 0x07, 0x80, 0x00,
    0x1E, 0x00, 0x00, 0x70, 0x00, 0x03, 0xC0, 0x00, 0x0F, 0x00, 0x00, 0x38, 0x00, 0x01, 0xE0, 0x00,
    0x07, 0x80, 0x00, 0x1C, 0x00, 0x00, 0x70, 0x00, 0x03, 0xC0, 0x00, 0x0E, 0x00, 0x00, 0x78, 0x00,
    0x01, 0xC0, 0x00, 0x07, 0x00, 0x00, 0x3C, 0x00, 0x00, 0xE0, 0x00, 0x03, 0x80, 0x00, 0x0E, 0x00,
    0x00, 0x30, 0x00, 0x00, 0x00, 0x00, 0x06, 0x00, 0x00, 0x18, 0x00, 0x00, 0xE0, 0x00, 0x07, 0x00,
    0x00, 0x18, 0x00, 0x00, 0x00, 0x40, 0x03, 0x80, 0x1E, 0x00, 0xF0, 0x03, 0x80, 0x1E, 0xC3, 0xFF,
    0x8F, 0xFE, 0x0E, 0x00, 0x78, 0x01, 0xC0, 0x07, 0x00, 0x38, 0x00, 0xE0, 0x03, 0x80, 0x0E, 0x00,
    0x30, 0x00, 0xC1, 0xC3, 0xFE, 0x0F, 0xF8, 0x1F, 0x80, 0x00, 0x01, 0x80, 0x06, 0x00, 0x18, 0x00,
    0xE0, 0x07, 0x00, 0x18, 0x00, 0x00, 0x00, 0x00, 0x00, 0x78, 0x00, 0x0F, 0xE0, 0x01, 0xFE, 0x00,
    0x3E, 0xF0, 0x07, 0x87, 0x00, 0xF0, 0x70, 0x1E, 0x0F, 0x03, 0xE0, 0xF0, 0x3C, 0x0F, 0x07, 0x80,
    0x20, 0x78, 0x00, 0x0F, 0x00, 0x00, 0xE0, 0x00, 0x1F, 0xF8, 0x01, 0xFF, 0xC0, 0x1F, 0xF8, 0x03,
    0xC0, 0x00, 0x38, 0x00, 0x07, 0x80, 0x00, 0x78, 0x00, 0x07, 0x80, 0x00, 0x70, 0x00, 0x07, 0x00,
    0x00, 0x70, 0x07, 0x07, 0x81, 0xF0, 0x78, 0x7E, 0x03, 0xFF, 0xC0, 0x3F, 0xF0, 0x00, 0xFC, 0x00,
    0x00, 0x00, 0x00, 0x00, 0x1F, 0xF0, 0x07, 0xFF, 0xC0, 0x7F, 0xFE, 0x01, 0xFF, 0x00, 0x00, 0x38,
    0x00, 0x01, 0xE0, 0x00, 0x07, 0x80, 0x00, 0x1C, 0x00, 0x00, 0xF0, 0x00, 0x03, 0xC0, 0x00, 0x0E,
    0x00, 0x00, 0x38, 0x00, 0x01, 0xE0, 0x00, 0x07, 0x00, 0x00, 0x1C, 0x00, 0x00, 0xF0, 0x00, 0x03,
    0x80, 0x00, 0x0E, 0x00, 0x00, 0x78, 0x00, 0x01, 0xE0, 0x00, 0x07, 0x00, 0x00, 0x1C, 0x00, 0x00,
    0xF0, 0x00, 0x1F, 0xFE, 0x01, 0xFF, 0xFC, 0x07, 0xFF, 0xE0, 0x00, 0xC0, 0x00, 0x00, 0x00, 0x00,
    0x00, 0x00, 0x80, 0x00, 0x3E, 0x00, 0x03, 0xE0, 0x00, 0x7F, 0x00, 0x0F, 0xF0, 0x00, 0xF7, 0x00,
    0x1E, 0x70, 0x01, 0xC7, 0x00, 0x3C, 0x70, 0x07, 0x87, 0x00, 0x78, 0xE0, 0x0F, 0x0E, 0x00, 0xE0,
    0xE0, 0x1E, 0x0E, 0x01, 0xC0, 0xE0, 0x3F, 0xFE, 0x07, 0xFF, 0xE0, 0xFF, 0xFC, 0x0F, 0xE1, 0xC0,
    0xE0, 0x1C, 0x1E, 0x01, 0xC1, 0xC0, 0x1C, 0x3C, 0x01, 0xC3, 0x80, 0x1C, 0x78, 0x01, 0xC7, 0x00,
    0x1C, 0xF0, 0x01, 0xCE, 0x00, 0x1C, 0x60, 0x00, 0x00, 0x00, 0x00, 0x00, 0x00, 0x00, 0x00, 0x1F,
    0x80, 0xFF, 0xFC, 0x07, 0xFF, 0xF0, 0x3F, 0xFF, 0x00, 0xE0, 0x00, 0x0F, 0x00, 0x00, 0x70, 0x00,
    0x07, 0x80, 0x00, 0x38, 0x00, 0x03, 0xC0, 0x00, 0x1F, 0x80, 0x00, 0xFF, 0x80, 0x0F, 0xFF, 0x00,
    0x71, 0xFC, 0x07, 0x81, 0xE0, 0x3C, 0x07, 0x81, 0xC0, 0x1C, 0x1E, 0x00, 0xE0, 0xF0, 0x0F, 0x07,
    0x00, 0x78, 0x38, 0x03, 0x83, 0xC0, 0x3C, 0x1E, 0x03, 0xC0, 0xE0, 0x7E, 0x07, 0x0F, 0xE0, 0x3F,
    0xFC, 0x00, 0xFF, 0xC0, 0x07, 0xF0, 0x00, 0x00, 0x00, 0x00, 0x00, 0x3E, 0x00, 0x1F, 0xF0, 0x03,
    0xFF, 0x00, 0x78, 0xF0, 0x1E, 0x0E, 0x03, 0xC1, 0xC0, 0x70, 0x78, 0x1E, 0x0F, 0x03, 0x83, 0xC0,
    0xF0, 0xF0, 0x1C, 0x1E, 0x03, 0x87, 0x80, 0xF3, 0xC0, 0x1F, 0xFC, 0x07, 0xFF, 0xC0, 0xFF, 0xFC,
    0x1C, 0x03, 0xC7, 0x80, 0x38, 0xE0, 0x07, 0xBC, 0x00, 0xE7, 0x80, 0x1C, 0xE0, 0x03, 0xBC, 0x00,
    0xF7, 0x80, 0x1C, 0xE0, 0x07, 0x8F, 0x03, 0xE0, 0x7B, 0xF8, 0x0F, 0xFE, 0x00, 0xFF, 0x00, 0x03,
    0x00, 0x00, 0x00, 0x00, 0x1C, 0x00, 0x1F, 0xFC, 0x03, 0xFF, 0xF8, 0x1F, 0xFF, 0xE0, 0x7F, 0x83,
    0x00, 0x7C, 0x00, 0x00, 0x70, 0x00, 0x00, 0xE0, 0x00, 0x03, 0x80, 0x00, 0x07, 0x00, 0x00, 0x1E,
    0x00, 0x00, 0x38, 0x00, 0x00, 0x70, 0x00, 0x01, 0xE0, 0x00, 0x03, 0x80, 0x00, 0x07, 0x00, 0x00,
    0x1C, 0x00, 0x00, 0x38, 0x00, 0x00, 0xF0, 0x00, 0x01, 0xC0, 0x00, 0x03, 0x80, 0x00, 0x07, 0x00,
    0x00, 0x1E, 0x00, 0x00, 0x38, 0x00, 0x00, 0x70, 0x00, 0x00, 0xE0, 0x00, 0x00, 0x80, 0x00, 0x00,
    0x00, 0x00, 0x3F, 0xF8, 0x00, 0x0F, 0xFF, 0xE0, 0x00, 0x3F, 0xFF, 0x80, 0x00, 0x7C, 0x0E, 0x00,
    0x00, 0xE0, 0x78, 0x00, 0x07, 0x81, 0xE0, 0x00, 0x1C, 0x07, 0x00, 0x00, 0x70, 0x1C, 0x00, 0x03,
    0xC0, 0xF0, 0x00, 0x0E, 0x03, 0x80, 0x00, 0x38, 0x0E, 0x00, 0x01, 0xC0, 0x78, 0x00, 0x07, 0x01,
    0xC0, 0x00, 0x1C, 0x07, 0x00, 0x00, 0xE0, 0x3C, 0x00, 0x03, 0x80, 0xE0, 0x00, 0x1C, 0x07, 0x80,
    0x00, 0x70, 0x1C, 0x00, 0x03, 0x80, 0x70, 0x00, 0x0E, 0x03, 0xC0, 0x00, 0x70, 0x0E, 0x00, 0x03,
    0xC0, 0x38, 0x00, 0x1E, 0x01, 0xE0, 0x00, 0xF0, 0x07, 0xF0, 0x0F, 0xFF, 0xFF, 0xE0, 0xFF, 0xFF,
    0xFF, 0x87, 0xFF, 0xFF, 0xDE, 0x1E, 0x00, 0x00, 0x78, 0x70, 0x00, 0x01, 0xC1, 0xC0, 0x00, 0x0F,
    0x07, 0x00, 0x00, 0x3C, 0x38, 0x00, 0x01, 0xE0, 0xE0, 0x00, 0x07, 0x83, 0x80, 0x00, 0x1C, 0x0E,
    0x00, 0x00, 0x30, 0x00, 0x00, 0x00, 0x00, 0x00, 0x00, 0x78, 0x00, 0x3F, 0xF8, 0x01, 0xFF, 0xF0,
    0x07, 0xFF, 0xC0, 0x0F, 0xE0, 0x00, 0x1E, 0x00, 0x00, 0x78, 0x00, 0x01, 0xE0, 0x00, 0x03, 0xC0,
    0x00, 0x0F, 0x00, 0x00, 0x1E, 0x00, 0x00, 0x78, 0x1E, 0x00, 0xE3, 0xFC, 0x03, 0xFF, 0xF8, 0x07,
    0xFF, 0x80, 0x1F, 0xF0, 0x00, 0x38, 0x00, 0x00, 0x70, 0x00, 0x01, 0xC0, 0x00, 0x03, 0x80, 0x00,
    0x07, 0x00, 0x00, 0x0E, 0x00, 0x1C, 0x1E, 0x00, 0x78, 0x3C, 0x03, 0xE0, 0x3F, 0xFF, 0x80, 0x3F,
    0xFE, 0x00, 0x3F, 0xF0, 0x00, 0x1C, 0x00, 0x00, 0x00, 0x00, 0x00, 0x00, 0x00, 0x0E, 0x00, 0x20,
    0x00, 0x00, 0xF0, 0x07, 0x00, 0x00, 0x0F, 0x00, 0x78, 0x06, 0x00, 0x78, 0x07, 0x01, 0xE0, 0x03,
    0xC0, 0x70, 0x3F, 0x00, 0x3C, 0x0F, 0x07, 0xE0, 0x01, 0xE0, 0xF0, 0xF8, 0x00, 0x0F, 0x0E, 0x1F,
    0x00, 0x00, 0x71, 0xE3, 0xE0, 0x00, 0x07, 0x9E, 0x7C, 0x00, 0x00, 0x3D, 0xCF, 0x00, 0x00, 0x01,
    0xFD, 0xE0, 0x00, 0x00, 0x1F, 0xFC, 0x00, 0x00, 0x00, 0xFF, 0x80, 0x00, 0x00, 0x1F, 0xF0, 0x00,
    0x00, 0x03, 0xFF, 0x00, 0x00, 0x00, 0x7F, 0xF8, 0x00, 0x00, 0x1F, 0xF3, 0x80, 0x00, 0x03, 0xEF,
    0x3C, 0x00, 0x00, 0x7C, 0xE1, 0xE0, 0x00, 0x1F, 0x9E, 0x0E, 0x00, 0x07, 0xF1, 0xE0, 0xF0, 0x00,
    0xFC, 0x1C, 0x07, 0x80, 0x1F, 0x83, 0xC0, 0x78, 0x07, 0xE0, 0x3C, 0x03, 0xE0, 0x7C, 0x03, 0x80,
    0x1E, 0x03, 0x00, 0x78, 0x00, 0xE0, 0x00, 0x03, 0x80, 0x00, 0x00, 0x00, 0x00, 0x00, 0x00, 0x00,
    0x00, 0x00, 0x00, 0xF8, 0x00, 0x3F, 0xC0, 0x0F, 0xFE, 0x00, 0xFF, 0xF0, 0x1F, 0x07, 0x03, 0xC0,
    0x70, 0x18, 0x0F, 0x00, 0x00, 0xF0, 0x00, 0x1E, 0x00, 0x01, 0xE0, 0x00, 0x3C, 0x00, 0x07, 0xC0,
    0x01, 0xF8, 0x00, 0xFF, 0x00, 0x0F, 0xF0, 0x00, 0xFF, 0x80, 0x06, 0xFC, 0x00, 0x03, 0xC0, 0x00,
    0x1C, 0x00, 0x01, 0xC2, 0x00, 0x1C, 0x70, 0x01, 0xCF, 0x00, 0x3C, 0xF0, 0x07, 0xCF, 0x00, 0xF8,
    0x7C, 0x3F, 0x03, 0xFF, 0xE0, 0x1F, 0xFC, 0x00, 0x7F, 0x00, 0x00, 0x00, 0x00, 0x00, 0x20, 0x00,
    0x00, 0x07, 0x00, 0x04, 0x00, 0x70, 0x00, 0xE0, 0x07, 0x00, 0x1E, 0x00, 0xF0, 0x03, 0xE0, 0x0E,
    0x00, 0x7C, 0x01, 0xE0, 0x0F, 0xC0, 0x1C, 0x01, 0xFC, 0x03, 0xC0, 0x3F, 0x80, 0x3C, 0x07, 0xF8,
    0x03, 0x80, 0xF7, 0x00, 0x78, 0x0E, 0x70, 0x07, 0x81, 0xCF, 0x00, 0xF0, 0x3C, 0xE0, 0x0F, 0x07,
    0x8E, 0x00, 0xE0, 0xF1, 0xE0, 0x0E, 0x1E, 0x1C, 0x01, 0xE3, 0xC1, 0xC0, 0x1C, 0x78, 0x3C, 0x01,
    0xCF, 0x83, 0x80, 0x3D, 0xF0, 0x78, 0x03, 0xBE, 0x07, 0x00, 0x3F, 0xC0, 0x70, 0x03, 0xF8, 0x0F,
    0x00, 0x7F, 0x00, 0xE0, 0x07, 0xE0, 0x1E, 0x00, 0x7C, 0x01, 0xE0, 0x07, 0x80, 0x1C, 0x00, 0x30,
    0x03, 0xC0, 0x00, 0x00, 0x3C, 0x00, 0x00, 0x03, 0x80, 0x00, 0x00, 0x00, 0x00, 0x00, 0x00, 0x00,
    0x00, 0x00, 0x30, 0x70, 0x00, 0x03, 0x8F, 0x00, 0x00, 0x3F, 0xE0, 0x00, 0x01, 0xFC, 0x00, 0x00,
    0x0F, 0x00, 0x00, 0x20, 0x00, 0x00, 0x07, 0x00, 0x04, 0x00, 0x70, 0x00, 0xE0, 0x07, 0x00, 0x1E,
    0x00, 0xF0, 0x03, 0xE0, 0x0E, 0x00, 0x7C, 0x01, 0xE0, 0x0F, 0xC0, 0x1C, 0x01, 0xFC, 0x03, 0xC0,
    0x3F, 0x80, 0x3C, 0x07, 0xF8, 0x03, 0x80, 0xF7, 0x00, 0x78, 0x0E, 0x70, 0x07, 0x01, 0xCF, 0x00,
    0xF0, 0x3C, 0xE0, 0x0F, 0x07, 0x8E, 0x00, 0xE0, 0xF1, 0xE0, 0x0E, 0x1E, 0x1C, 0x01, 0xE3, 0xC1,
    0xC0, 0x1C, 0x78, 0x38, 0x01, 0xCF, 0x83, 0x80, 0x3D, 0xF0, 0x78, 0x03, 0xBE, 0x07, 0x00, 0x3F,
    0xC0, 0x70, 0x03, 0xF8, 0x0F, 0x00, 0x7F, 0x00, 0xE0, 0x07, 0xE0, 0x1E, 0x00, 0x7C, 0x01, 0xE0,
    0x07, 0x80, 0x1C, 0x00, 0x30, 0x03, 0xC0, 0x00, 0x00, 0x38, 0x00, 0x00, 0x03, 0x80, 0x00, 0x00,
    0x00, 0x00, 0x00, 0x70, 0x00, 0x00, 0xE0, 0x18, 0x03, 0xC0, 0x78, 0x07, 0x83, 0xF0, 0x1E, 0x0F,
    0xC0, 0x3C, 0x3E, 0x00, 0x71, 0xF8, 0x01, 0xE7, 0xC0, 0x03, 0x9F, 0x00, 0x0F, 0x7C, 0x00, 0x1F,
    0xF0, 0x00, 0x3F, 0x80, 0x00, 0xFE, 0x00, 0x01, 0xF8, 0x00, 0x03, 0xE0, 0x00, 0x0F, 0xE0, 0x00,
    0x1F, 0xC0, 0x00, 0x3B, 0x80, 0x00, 0xF7, 0x80, 0x01, 0xCF, 0x00, 0x03, 0x8F, 0x00, 0x0F, 0x1E,
    0x00, 0x1C, 0x1E, 0x00, 0x38, 0x1E, 0x00, 0x70, 0x3F, 0x01, 0xE0, 0x3F, 0x03, 0x80, 0x3E, 0x03,
    0x00, 0x1C, 0x00, 0x00, 0x00, 0x00, 0x00, 0x00, 0x38, 0x00, 0x03, 0xFE, 0x00, 0x1F, 0xFE, 0x00,
    0xFF, 0xFF, 0x01, 0xFF, 0x8F, 0x01, 0xFF, 0x0F, 0x00, 0xE7, 0x0F, 0x00, 0x0F, 0x0F, 0x00, 0x0E,
    0x0E, 0x00, 0x1E, 0x1E, 0x00, 0x1C, 0x1E, 0x00, 0x1C, 0x1E, 0x00, 0x38, 0x1C, 0x00, 0x38, 0x1C,
    0x00, 0x78, 0x3C, 0x00, 0x70, 0x3C, 0x00, 0xF0, 0x38, 0x00, 0xE0, 0x38, 0x01, 0xE0, 0x78, 0x01,
    0xC0, 0x78, 0x03, 0xC0, 0x70, 0x07, 0x80, 0x70, 0x0F, 0x00, 0xF0, 0x0F, 0x00, 0xE0, 0x1E, 0x01,
    0xE0, 0x3C, 0x01, 0xE0, 0xF8, 0x01, 0xC0, 0xF8, 0x01, 0xC0, 0x60, 0x00, 0x00, 0x00, 0x00, 0x00,
    0x00, 0x00, 0x00, 0x00, 0x00, 0x00, 0x00, 0x30, 0x00, 0x18, 0x00, 0xF0, 0x00, 0x78, 0x03, 0xE0,
    0x00, 0xF0, 0x0F, 0xC0, 0x03, 0xE0, 0x1F, 0x80, 0x07, 0xC0, 0x7F, 0x00, 0x1F, 0x80, 0xFE, 0x00,
    0x7F, 0x03, 0xB8, 0x00, 0xFE, 0x06, 0xF0, 0x03, 0xF8, 0x1D, 0xE0, 0x07, 0x70, 0x73, 0xC0, 0x1E,
    0xE0, 0xE7, 0x00, 0x3B, 0xC3, 0x9E, 0x00, 0xF7, 0x87, 0x3C, 0x01, 0xCE, 0x1C, 0x70, 0x07, 0x9C,
    0x78, 0xE0, 0x1E, 0x38, 0xE1, 0xC0, 0x3C, 0xF3, 0xC7, 0x80, 0xF1, 0xEF, 0x0E, 0x01, 0xE3, 0x9C,
    0x1C, 0x07, 0x87, 0x78, 0x38, 0x0F, 0x0F, 0xE0, 0xF0, 0x3C, 0x1F, 0x81, 0xE0, 0x78, 0x3F, 0x03,
    0x81, 0xE0, 0x38, 0x07, 0x03, 0x80, 0x20, 0x0E, 0x07, 0x00, 0x00, 0x1C, 0x04, 0x00, 0x00, 0x38,
    0x00, 0x00, 0x10, 0x00, 0x00, 0x0E, 0x00, 0x00, 0x03, 0x80, 0x18, 0x01, 0xE0, 0x0F, 0x00, 0x70,
    0x03, 0xC0, 0x3C, 0x01, 0xE0, 0x0E, 0x00, 0x78, 0x07, 0x80, 0x1C, 0x01, 0xC0, 0x0F, 0x00, 0x70,
    0x03, 0xC0, 0x3C, 0x00, 0xE0, 0x0E, 0x00, 0x38, 0x07, 0x80, 0x1C, 0x01, 0xE0, 0x07, 0x00, 0x7F,
    0xFF, 0xC0, 0x3F, 0xFF, 0xE0, 0x0F, 0xFF, 0xF8, 0x03, 0x80, 0x1E, 0x00, 0xE0, 0x07, 0x80, 0x78,
    0x01, 0xC0, 0x1C, 0x00, 0x70, 0x07, 0x00, 0x3C, 0x03, 0xC0, 0x0E, 0x00, 0xE0, 0x03, 0x80, 0x38,
    0x00, 0xE0, 0x0E, 0x00, 0x70, 0x07, 0x80, 0x1C, 0x01, 0xC0, 0x07, 0x00, 0x70, 0x01, 0xC0, 0x1C,
    0x00, 0x70, 0x07, 0x00, 0x00, 0x00, 0x00, 0x0E, 0x00, 0x01, 0xF8, 0x00, 0x7F, 0xC0, 0x0F, 0xFC,
    0x01, 0xE1, 0xE0, 0x3C, 0x0E, 0x07, 0x80, 0xE0, 0x78, 0x0F, 0x0F, 0x00, 0xF0, 0xE0, 0x0F, 0x1E,
    0x00, 0xF1, 0xC0, 0x0E, 0x1C, 0x01, 0xE3, 0x80, 0x1E, 0x38, 0x01, 0xE3, 0x80, 0x3C, 0x70, 0x03,
    0xC7, 0x00, 0x38, 0x70, 0x07, 0x87, 0x00, 0xF0, 0x70, 0x0F, 0x07, 0x01, 0xE0, 0x70, 0x3C, 0x07,
    0x07, 0xC0, 0x70, 0xF8, 0x07, 0xFF, 0x00, 0x3F, 0xC0, 0x00, 0xF8, 0x00, 0x00, 0x00, 0x07, 0x00,
    0x00, 0x7F, 0xF8, 0x07, 0xFF, 0xFF, 0x00, 0xFF, 0xFF, 0x80, 0x1F, 0xF8, 0xF0, 0x03, 0xC0, 0x3C,
    0x00, 0x70, 0x07, 0x80, 0x1E, 0x00, 0xE0, 0x03, 0xC0, 0x3C, 0x00, 0xF0, 0x07, 0x80, 0x1E, 0x00,
    0xF0, 0x03, 0x80, 0x1C, 0x00, 0xF0, 0x07, 0x80, 0x1E, 0x00, 0xF0, 0x03, 0x80, 0x1C, 0x00, 0xF0,
    0x03, 0x80, 0x1E, 0x00, 0xF0, 0x03, 0x80, 0x1E, 0x00, 0xF0, 0x03, 0x80, 0x1E, 0x00, 0xF0, 0x03,
    0x80, 0x1E, 0x00, 0xF0, 0x03, 0xC0, 0x1E, 0x00, 0x70, 0x03, 0x80, 0x0E, 0x00, 0x70, 0x03, 0xC0,
    0x1E, 0x00, 0x78, 0x03, 0xC0, 0x06, 0x00, 0x70, 0x00, 0x00, 0x04, 0x00, 0x00, 0x00, 0x00, 0x60,
    0x00, 0x07, 0xF8, 0x00, 0x7F, 0xE0, 0x03, 0xFF, 0x80, 0x1E, 0x1E, 0x00, 0xE0, 0x78, 0x0F, 0x03,
    0xC0, 0x78, 0x0E, 0x03, 0x80, 0xF0, 0x3C, 0x07, 0x81, 0xC0, 0x38, 0x0E, 0x03, 0xC0, 0xF0, 0x3C,
    0x07, 0x03, 0xE0, 0x38, 0x3E, 0x03, 0xC7, 0xE0, 0x1F, 0xFE, 0x00, 0xFF, 0xC0, 0x0F, 0xF0, 0x00,
    0x78, 0x00, 0x03, 0x80, 0x00, 0x3C, 0x00, 0x01, 0xE0, 0x00, 0x0E, 0x00, 0x00, 0x70, 0x00, 0x07,
    0x80, 0x00, 0x38, 0x00, 0x01, 0xC0, 0x00, 0x06, 0x00, 0x00, 0x00, 0x00, 0x00, 0x00, 0x07, 0xE0,
    0x03, 0xF8, 0x01, 0xFF, 0x00, 0xF9, 0xC0, 0x78, 0x70, 0x3C, 0x3C, 0x1F, 0x0F, 0x07, 0x83, 0x83,
    0xC1, 0xE1, 0xE0, 0xF0, 0x78, 0x1C, 0x3C, 0x00, 0x0E, 0x00, 0x07, 0x80, 0x01, 0xE0, 0x00, 0x70,
    0x00, 0x3C, 0x00, 0x0F, 0x00, 0x03, 0xC0, 0x00, 0xE0, 0x00, 0x38, 0x00, 0x0E, 0x00, 0x03, 0x80,
    0x38, 0xF0, 0x1E, 0x3C, 0x1F, 0x0F, 0x1F, 0x81, 0xFF, 0x80, 0x3F, 0xC0, 0x07, 0xC0, 0x00, 0x00,
    0x00, 0x00, 0x00, 0x01, 0xFF, 0xF1, 0xFF, 0xFF, 0x7F, 0xFF, 0xF7, 0xDE, 0x0C, 0x03, 0xC0, 0x00,
    0x70, 0x00, 0x1E, 0x00, 0x03, 0xC0, 0x00, 0x70, 0x00, 0x1E, 0x00, 0x03, 0xC0, 0x00, 0x70, 0x00,
    0x1E, 0x00, 0x03, 0xC0, 0x00, 0x70, 0x00, 0x0E, 0x00, 0x03, 0xC0, 0x00, 0x70, 0x00, 0x0E, 0x00,
    0x03, 0xC0, 0x00, 0x70, 0x00, 0x0E, 0x00, 0x03, 0x80, 0x00, 0x70, 0x00, 0x0E, 0x00, 0x01, 0x80,
    0x00, 0x00, 0x00, 0x00, 0x00, 0x00, 0x01, 0xC0, 0x00, 0x1C, 0x00, 0xE1, 0xC0, 0x0E, 0x1C, 0x00,
    0xE1, 0xC0, 0x0E, 0x1C, 0x01, 0xE1, 0xC0, 0x1C, 0x1C, 0x01, 0xC1, 0xC0, 0x38, 0x1C, 0x03, 0x81,
    0xC0, 0x78, 0x1C, 0x0F, 0x01, 0xC0, 0xF0, 0x1C, 0x1E, 0x01, 0xC1, 0xE0, 0x1E, 0x3C, 0x00, 0xE3,
    0x80, 0x0E, 0x78, 0x00, 0xF7, 0x00, 0x07, 0xF0, 0x00, 0x7E, 0x00, 0x03, 0xC0, 0x00, 0x38, 0x00,
    0x07, 0x80, 0x00, 0xF0, 0x00, 0x1E, 0x00, 0x03, 0xC0, 0x00, 0x78, 0x00, 0x07, 0x00, 0x00, 0x20,
    0x00, 0x00, 0x00, 0x00, 0x00, 0x00, 0xC0, 0x00, 0x00, 0x70, 0x00, 0x00, 0x38, 0x00, 0x00, 0x3C,
    0x00, 0x00, 0x1E, 0x00, 0x01, 0xFF, 0x00, 0x03, 0xFF, 0xC0, 0x03, 0xFF, 0xF8, 0x03, 0xF3, 0xFE,
    0x03, 0xE3, 0xCF, 0x83, 0xC1, 0xE1, 0xC3, 0xC1, 0xE0, 0x61, 0xC0, 0xF0, 0x39, 0xE0, 0x70, 0x1C,
    0xE0, 0x78, 0x0E, 0x70, 0x3C, 0x0F, 0x70, 0x1C, 0x07, 0x38, 0x1E, 0x03, 0x9C, 0x0F, 0x03, 0xCE,
    0x07, 0x01, 0xC7, 0x07, 0x81, 0xE3, 0x83, 0xC1, 0xE0, 0xE1, 0xC0, 0xF0, 0x79, 0xE1, 0xF0, 0x1F,
    0xF3, 0xF0, 0x07, 0xFF, 0xF0, 0x01, 0xFF, 0xE0, 0x00, 0x3F, 0xC0, 0x00, 0x1E, 0x00, 0x00, 0x0F,
    0x00, 0x00, 0x07, 0x00, 0x00, 0x03, 0x80, 0x00, 0x01, 0xC0, 0x00, 0x00, 0x00, 0x00, 0x00, 0x00,
    0x00, 0x00, 0x00, 0x70, 0x02, 0x00, 0x70, 0x07, 0x00, 0x70, 0x0F, 0x00, 0x70, 0x0E, 0x00, 0x70,
    0x1E, 0x00, 0x70, 0x3C, 0x00, 0x70, 0x3C, 0x00, 0x70, 0x78, 0x00, 0x78, 0xF0, 0x00, 0x39, 0xE0,
    0x00, 0x3B, 0xC0, 0x00, 0x3F, 0x80, 0x00, 0x3F, 0x00, 0x00, 0x3E, 0x00, 0x00, 0x3C, 0x00, 0x00,
    0x7C, 0x00, 0x00, 0xFC, 0x00, 0x01, 0xFE, 0x00, 0x03, 0xCE, 0x00, 0x07, 0xCF, 0x00, 0x0F, 0x8F,
    0x00, 0x1F, 0x07, 0x80, 0x3E, 0x03, 0x80, 0x7C, 0x03, 0xE0, 0x78, 0x01, 0xF0, 0x70, 0x00, 0xE0,
    0x60, 0x00, 0x00, 0x00, 0x00, 0x00, 0x00, 0x00, 0x00, 0x01, 0x80, 0x07, 0x01, 0xC0, 0x0F, 0x03,
    0xC0, 0x0E, 0x03, 0x80, 0x1E, 0x07, 0x80, 0x1E, 0x07, 0x00, 0x1C, 0x0F, 0x00, 0x3C, 0x0F, 0x00,
    0x38, 0x0E, 0x00, 0x78, 0x1E, 0x00, 0x70, 0x1E, 0x00, 0xF0, 0x1C, 0x00, 0xF0, 0x3C, 0x00, 0xE0,
    0x38, 0x01, 0xE0, 0x38, 0x01, 0xE0, 0x78, 0x01, 0xC0, 0x70, 0x03, 0xC0, 0x70, 0x03, 0x80, 0x70,
    0x03, 0x80, 0xF0, 0x07, 0x80, 0xE0, 0x07, 0x80, 0xF0, 0x07, 0x80, 0x7F, 0xFF, 0xE0, 0x7F, 0xFF,
    0xF0, 0x3F, 0xFF, 0xF0, 0x07, 0xC0, 0x70, 0x00, 0x00, 0xF0, 0x00, 0x00, 0xF0, 0x00, 0x01, 0xE0,
    0x00, 0x01, 0xE0, 0x00, 0x01, 0xC0, 0x00, 0x03, 0xC0, 0x00, 0x01, 0x80, 0x00, 0x00, 0x00, 0x06,
    0x00, 0x00, 0xE0, 0x00, 0x3C, 0x00, 0x07, 0x80, 0x60, 0xE0, 0x1E, 0x3C, 0x03, 0xC7, 0x00, 0x71,
    0xE0, 0x0E, 0x38, 0x03, 0xC7, 0x00, 0x71, 0xE0, 0x0E, 0x38, 0x03, 0xC7, 0x00, 0x70, 0xE0, 0x1E,
    0x38, 0x0F, 0xC7, 0x03, 0xF0, 0xE0, 0xFE, 0x1E, 0xFF, 0xC3, 0xFF, 0x70, 0x3F, 0xCE, 0x03, 0xE3,
    0xC0, 0x00, 0x70, 0x00, 0x0E, 0x00, 0x03, 0xC0, 0x00, 0x70, 0x00, 0x0E, 0x00, 0x01, 0xC0, 0x00,
    0x78, 0x00, 0x0F, 0x00, 0x01, 0xC0, 0x00, 0x38, 0x00, 0x06, 0x00, 0x00, 0x20, 0x00, 0x03, 0x00,
    0x38, 0x00, 0x01, 0xC0, 0x3C, 0x00, 0x01, 0xE0, 0x1E, 0x07, 0x00, 0xF0, 0x1E, 0x03, 0x80, 0x70,
    0x0F, 0x01, 0xC0, 0x78, 0x0F, 0x01, 0xE0, 0x3C, 0x07, 0x80, 0xF0, 0x3C, 0x03, 0x80, 0x70, 0x1E,
    0x03, 0xC0, 0x78, 0x0E, 0x01, 0xC0, 0x3C, 0x0F, 0x01, 0xE0, 0x3C, 0x07, 0x80, 0xF0, 0x1E, 0x03,
    0x80, 0x70, 0x0E, 0x03, 0xC0, 0x78, 0x0F, 0x01, 0xE0, 0x3C, 0x07, 0x80, 0xE0, 0x1C, 0x03, 0x80,
    0xF0, 0x1E, 0x03, 0xC0, 0x70, 0x0F, 0x01, 0xE0, 0x38, 0x07, 0x00, 0xE0, 0x3C, 0x07, 0x80, 0xF0,
    0x1C, 0x03, 0xC0, 0x78, 0x0E, 0x01, 0xE0, 0x38, 0x0F, 0x00, 0xE0, 0x1C, 0x07, 0x80, 0x78, 0x0E,
    0x07, 0x80, 0x3F, 0xFF, 0xFF, 0xC0, 0x0F, 0xFF, 0xFF, 0xE0, 0x03, 0xFF, 0xFF, 0x80, 0x00, 0x00,
    0x00, 0x00, 0x00, 0x01, 0xC0, 0x00, 0x00, 0x03, 0xC0, 0x00, 0x00, 0x03, 0xC0, 0x30, 0x04, 0x03,
    0x80, 0x78, 0x0E, 0x07, 0x80, 0x78, 0x0E, 0x07, 0x80, 0x70, 0x1E, 0x0F, 0x00, 0xF0, 0x1E, 0x0F,
    0x00, 0xE0, 0x1C, 0x0E, 0x00, 0xE0, 0x3C, 0x1E, 0x01, 0xE0, 0x3C, 0x1E, 0x01, 0xE0, 0x38, 0x1C,
    0x01, 0xC0, 0x78, 0x3C, 0x01, 0xC0, 0x70, 0x3C, 0x03, 0xC0, 0xF0, 0x38, 0x03, 0x80, 0xF0, 0x78,
    0x03, 0x80, 0xE0, 0x78, 0x07, 0x81, 0xE0, 0x78, 0x07, 0x81, 0xE0, 0x78, 0x07, 0x01, 0xE0, 0x70,
    0x07, 0x01, 0xC0, 0x78, 0x07, 0x03, 0xF8, 0x78, 0x0F, 0xFF, 0xFC, 0x3F, 0xFF, 0xFF, 0xFC, 0x1F,
    0xFF, 0xFF, 0xF8, 0x0F, 0xFF, 0xE0, 0x78, 0x00, 0x00, 0x00, 0x70, 0x00, 0x00, 0x00, 0xF0, 0x00,
    0x00, 0x00, 0xE0, 0x00, 0x00, 0x01, 0xE0, 0x00, 0x00, 0x01, 0xE0, 0x00, 0x00, 0x03, 0xC0, 0x00,
    0x00, 0x03, 0xC0, 0x00, 0x00, 0x03, 0x80, 0x00, 0x00, 0x03, 0x80, 0x00, 0x00, 0x01, 0x00, 0x00,
    0x00, 0x00, 0x00, 0x03, 0x80, 0x00, 0x00, 0x1C, 0x00, 0x00, 0x01, 0xE0, 0x00, 0x00, 0x0F, 0x00,
    0x06, 0x00, 0xF0, 0x00, 0x78, 0x07, 0x80, 0x03, 0xC0, 0x78, 0x00, 0x1E, 0x03, 0xC0, 0x01, 0xE0,
    0x3C, 0x00, 0x0F, 0x01, 0xF8, 0x00, 0x78, 0x0F, 0xF0, 0x07, 0x80, 0xF7, 0xC0, 0x3C, 0x07, 0x0E,
    0x03, 0xC0, 0x78, 0x38, 0x1E, 0x03, 0xC0, 0xE0, 0xE0, 0x1C, 0x07, 0x0F, 0x01, 0xE0, 0x38, 0x78,
    0x0F, 0x01, 0xC3, 0x80, 0x70, 0x0E, 0x3C, 0x07, 0x80, 0xF1, 0xE0, 0x3C, 0x07, 0x8E, 0x01, 0xC0,
    0x78, 0xF0, 0x1E, 0x07, 0xC7, 0x80, 0xF0, 0xFC, 0x38, 0x07, 0x8F, 0xC3, 0xC0, 0x3F, 0xFC, 0x1E,
    0x00, 0xFF, 0x80, 0xF0, 0x03, 0xF8, 0x03, 0x00, 0x00, 0x00, 0x00, 0x00, 0x00, 0x00, 0x00, 0x70,
    0x00, 0x78, 0x00, 0xF0, 0x00, 0xF0, 0x00, 0xE0, 0x01, 0xE0, 0x01, 0xC0, 0x03, 0xC0, 0x03, 0xC0,
    0x03, 0xF0, 0x07, 0xFC, 0x07, 0xFE, 0x07, 0x0E, 0x0F, 0x0F, 0x0E, 0x07, 0x0E, 0x07, 0x1E, 0x07,
    0x1C, 0x07, 0x1C, 0x0F, 0x3C, 0x0E, 0x38, 0x1E, 0x78, 0x3C, 0x78, 0x7C, 0x70, 0xF8, 0x7F, 0xF0,
    0x7F, 0xE0, 0x3F, 0x80, 0x0E, 0x00, 0x00, 0x18, 0x00, 0x0F, 0xE0, 0x03, 0xFE, 0x00, 0xFF, 0xE0,
    0x3E, 0x1C, 0x03, 0x03, 0x80, 0x60, 0x78, 0x00, 0x0F, 0x00, 0x01, 0xE0, 0x00, 0x3C, 0x00, 0x07,
    0x80, 0x00, 0xE0, 0x00, 0x1C, 0x03, 0xFF, 0x80, 0x7F, 0xF0, 0x0F, 0xFE, 0x00, 0xE7, 0x80, 0x00,
    0xF0, 0x00, 0x3C, 0x00, 0x07, 0x80, 0x01, 0xF0, 0x00, 0x3C, 0x10, 0x0F, 0x07, 0x03, 0xE0, 0xF0,
    0xF8, 0x0F, 0xFE, 0x00, 0xFF, 0x80, 0x0F, 0xE0, 0x00, 0x70, 0x00, 0x00, 0x00, 0x00, 0x00, 0x01,
    0xFE, 0x00, 0x0F, 0xFE, 0x00, 0x1F, 0xFF, 0x00, 0x3F, 0x8E, 0x00, 0x7C, 0x1E, 0x00, 0xF0, 0x1C,
    0x01, 0xE0, 0x1C, 0x01, 0xC0, 0x3C, 0x03, 0xC0, 0x38, 0x03, 0x80, 0x38, 0x03, 0x80, 0x78, 0x03,
    0x80, 0x70, 0x03, 0x81, 0xF0, 0x03, 0xC7, 0xF0, 0x01, 0xFF, 0xE0, 0x00, 0xFF, 0xE0, 0x00, 0x7F,
    0xE0, 0x00, 0x3D, 0xE0, 0x00, 0x7D, 0xC0, 0x00, 0xF9, 0xC0, 0x01, 0xF1, 0xC0, 0x03, 0xE3, 0xC0,
    0x07, 0xC3, 0x80, 0x0F, 0x83, 0x80, 0x1F, 0x03, 0x80, 0x7E, 0x07, 0x80, 0x7C, 0x07, 0x80, 0x78,
    0x07, 0x00, 0x20, 0x07, 0x00, 0x00, 0x03, 0x00, 0x00, 0xE0, 0x00, 0xFC, 0x00, 0xFF, 0x00, 0xF3,
    0xC0, 0xF1, 0xE0, 0x70, 0xE0, 0x78, 0xF0, 0x78, 0xF8, 0x3C, 0xFC, 0x1C, 0xFE, 0x1E, 0xF7, 0x8F,
    0xF1, 0xF7, 0xF0, 0x79, 0xF0, 0x1C, 0x60, 0x00, 0x00, 0x00, 0xC0, 0x07, 0xFC, 0x03, 0xFF, 0x00,
    0xFF, 0xC0, 0x1E, 0x00, 0x03, 0x80, 0x00, 0x70, 0x00, 0x0E, 0x00, 0x01, 0xC0, 0x00, 0x38, 0x00,
    0x07, 0x00, 0x04, 0xE0, 0x01, 0xDC, 0x00, 0x3B, 0x80, 0x0F, 0x78, 0x03, 0xCF, 0x00, 0x79, 0xC0,
    0x1E, 0x78, 0x03, 0x8F, 0x00, 0x71, 0xC0, 0x0E, 0x78, 0x01, 0xFE, 0x00, 0x3F, 0xC0, 0x03, 0xF0,
    0x00, 0x3C, 0x00, 0x00, 0x00, 0x00, 0x00, 0x03, 0xE0, 0x01, 0xF8, 0x00, 0xF6, 0x00, 0x79, 0x80,
    0x3C, 0xE0, 0x1E, 0x38, 0x0F, 0x1C, 0x03, 0x8E, 0x01, 0xC7, 0x80, 0x77, 0xC0, 0x3B, 0xC0, 0x0F,
    0xE0, 0x07, 0xF0, 0x03, 0xF0, 0x00, 0xF6, 0x00, 0x39, 0xC0, 0x0E, 0x70, 0x07, 0x9C, 0x01, 0xE7,
    0x00, 0x73, 0xC0, 0x1C, 0xE0, 0x07, 0x78, 0x01, 0xFC, 0x00, 0x7F, 0x00, 0x1F, 0x80, 0x03, 0x80,
    0x00, 0x03, 0xF0, 0x7F, 0xC7, 0xFC, 0x3C, 0x01, 0xC0, 0x0E, 0x00, 0xF0, 0x07, 0x00, 0x38, 0x03,
    0xC0, 0x1C, 0x00, 0xE0, 0x07, 0x00, 0x30, 0x01, 0x80, 0x00, 0x00, 0x03, 0x00, 0x7E, 0x03, 0xF8,
    0x1F, 0xE0, 0x07, 0x00, 0x1C, 0x00, 0xE0, 0x07, 0x00, 0x38, 0x01, 0xC0, 0x0E, 0x06, 0x70, 0xFF,
    0x8F, 0xFC, 0xF9, 0xE7, 0x8E, 0x78, 0x73, 0x87, 0xBC, 0x39, 0xC3, 0xCE, 0x3C, 0x71, 0xE3, 0x9E,
    0x1F, 0xE0, 0x7E, 0x01, 0xC0, 0x00, 0x00, 0x00, 0x7C, 0x0F, 0xE1, 0xEF, 0x3C, 0x77, 0x8E, 0x7F,
    0xE7, 0xFC, 0xFF, 0x8E, 0x00, 0xE0, 0x0E, 0x0C, 0xF3, 0xC7, 0xF8, 0x3F, 0x01, 0xC0, 0x00, 0x00,
    0x00, 0x00, 0x30, 0x00, 0x38, 0x70, 0x20, 0x38, 0xE0, 0xE0, 0x71, 0xC3, 0xC0, 0x77, 0x8F, 0x00,
    0xFE, 0x3C, 0x00, 0xFD, 0xF0, 0x01, 0xFF, 0xC0, 0x07, 0xFF, 0x00, 0x1F, 0xFC, 0x00, 0xFB, 0xB8,
    0x03, 0xEF, 0x78, 0x0F, 0x9E, 0x70, 0x3E, 0x38, 0x70, 0x78, 0x70, 0xF0, 0xE0, 0x00, 0xE0, 0x00,
    0x00, 0x00, 0x00, 0x0F, 0x00, 0x07, 0xE0, 0x03, 0xFC, 0x00, 0xF7, 0x00, 0x30, 0xC0, 0x00, 0x70,
    0x00, 0x3C, 0x00, 0x1E, 0x00, 0x0F, 0x00, 0x07, 0x80, 0x07, 0xC0, 0x01, 0xE0, 0x00, 0x70, 0x00,
    0x0E, 0x00, 0x03, 0x80, 0x00, 0xE0, 0x00, 0x3E, 0x00, 0x3F, 0xC0, 0x7F, 0xF0, 0x7F, 0xE0, 0x3F,
    0xF0, 0x1F, 0x1C, 0x07, 0x0F, 0x03, 0x87, 0x80, 0x77, 0xC0, 0x0F, 0xE0, 0x01, 0xF0, 0x00, 0x00,
    0x00, 0x0C, 0x00, 0x61, 0x87, 0x1E, 0x38, 0xF3, 0xC7, 0x9C, 0x39, 0xE3, 0xCF, 0x1C, 0x71, 0xE3,
    0x8F, 0x1D, 0xF8, 0xFF, 0xC7, 0xEF, 0x1C, 0x38, 0x01, 0xC0, 0x00, 0x00, 0x00, 0x06, 0x1C, 0x0E,
    0x78, 0x1F, 0xE0, 0x1F, 0x80, 0x1E, 0x00, 0x00, 0x00, 0x00, 0x0C, 0x18, 0x1C, 0x78, 0x78, 0xE0,
    0xE3, 0xC3, 0xC7, 0x07, 0x1E, 0x0E, 0x7C, 0x38, 0xF0, 0x73, 0xE0, 0xEF, 0xC1, 0xFB, 0x83, 0xE7,
    0x03, 0x8E, 0x02, 0x1C, 0x00, 0x10, 0x00, 0x04, 0x00, 0x1C, 0x38, 0x38, 0xF0, 0xF3, 0xE1, 0xCF,
    0x87, 0xBE, 0x0F, 0xF8, 0x1F, 0xC0, 0x7F, 0x00, 0xEE, 0x03, 0xDE, 0x07, 0x9C, 0x0E, 0x3C, 0x1C,
    0x3E, 0x18, 0x7C, 0x00, 0x30, 0x00, 0x00, 0x00, 0xFC, 0x03, 0xFE, 0x03, 0xFE, 0x01, 0xCE, 0x01,
    0xCE, 0x01, 0xCE, 0x03, 0x8E, 0x03, 0x9E, 0x07, 0x1C, 0x0F, 0x1C, 0x1E, 0x1C, 0x3E, 0x38, 0xFC,
    0x38, 0xF8, 0x38, 0x70, 0x10, 0x00, 0x00, 0x00, 0x06, 0x03, 0x80, 0x78, 0x3C, 0x07, 0xC3, 0xE0,
    0x3E, 0x3F, 0x03, 0xFB, 0xF0, 0x3D, 0xFF, 0x83, 0xCF, 0xDC, 0x1C, 0x7C, 0xE1, 0xE3, 0xCF, 0x0E,
    0x1E, 0x78, 0xF0, 0xE3, 0xC7, 0x02, 0x1E, 0x18, 0x00, 0x70, 0x00, 0x03, 0x80, 0x00, 0x00, 0x0C,
    0x00, 0x1C, 0x18, 0x38, 0x70, 0xF0, 0xE1, 0xC3, 0xC3, 0x87, 0x0E, 0x0E, 0x1F, 0xFC, 0x7F, 0xF8,
    0xFF, 0xE1, 0xC1, 0xC3, 0x87, 0x0F, 0x0E, 0x1C, 0x1C, 0x38, 0x00, 0x30, 0x00, 0x00, 0x00, 0x01,
    0xE0, 0x3F, 0x83, 0xFC, 0x3F, 0xE1, 0xE7, 0x9E, 0x39, 0xE1, 0xCF, 0x0E, 0x70, 0xF3, 0x8F, 0x3C,
    0x71, 0xEF, 0x87, 0xF8, 0x3F, 0x80, 0xF0, 0x00, 0x00, 0x00, 0x7F, 0xC1, 0xFF, 0x87, 0xFF, 0x1C,
    0x3C, 0xF0, 0xF3, 0xC7, 0x8E, 0x1E, 0x78, 0x79, 0xE1, 0xC7, 0x0F, 0x3C, 0x3C, 0xF0, 0xE3, 0x83,
    0x8E, 0x06, 0x18, 0x00, 0x01, 0x80, 0x01, 0xC0, 0x01, 0xC0, 0x03, 0x80, 0x03, 0xFC, 0x03, 0xFE,
    0x07, 0xEE, 0x07, 0xC7, 0x07, 0x06, 0x0F, 0x0E, 0x0E, 0x1E, 0x0E, 0x7C, 0x1F, 0xF8, 0x1F, 0xF0,
    0x1F, 0x80, 0x1C, 0x00, 0x38, 0x00, 0x38, 0x00, 0x38, 0x00, 0x78, 0x00, 0x70, 0x00, 0x70, 0x00,
    0x70, 0x00, 0xF0, 0x00, 0xE0, 0x00, 0x60, 0x00, 0x00, 0x80, 0x1F, 0x01, 0xF8, 0x1F, 0xE1, 0xE7,
    0x0E, 0x38, 0xF1, 0x87, 0x00, 0x78, 0x03, 0x81, 0x1C, 0x1C, 0xE1, 0xE7, 0x3E, 0x3F, 0xE0, 0xFC,
    0x03, 0x80, 0x10, 0x00, 0x07, 0x00, 0x00, 0xE0, 0x00, 0x1C, 0xE0, 0x03, 0xBE, 0x00, 0xEF, 0xEE,
    0x1F, 0xFF, 0xE3, 0xF7, 0xFC, 0xFC, 0xFB, 0xDF, 0x1E, 0x7B, 0xE3, 0xCE, 0x78, 0xF1, 0xEE, 0x1C,
    0x3D, 0xC1, 0x83, 0x80, 0x00, 0x00, 0x00, 0x00, 0x00, 0x08, 0x00, 0x03, 0x83, 0x00, 0x70, 0x70,
    0x0E, 0x1E, 0x01, 0xC3, 0x80, 0x38, 0xF0, 0x07, 0x1C, 0x00, 0xE3, 0x80, 0x1C, 0xF0, 0x03, 0x9C,
    0x00, 0x7F, 0x80, 0x07, 0xE0, 0x00, 0xFC, 0x00, 0x0F, 0x00, 0x01, 0xE0, 0x00, 0x38, 0x00, 0x0F,
    0x00, 0x01, 0xC0, 0x00, 0x78, 0x00, 0x1E, 0x00, 0xC7, 0x80, 0x1F, 0xE0, 0x03, 0xF8, 0x00, 0x1C,
    0x00, 0x00, 0x00, 0x00, 0x00, 0x00, 0xE0, 0x00, 0x07, 0x00, 0x00, 0x38, 0x00, 0x03, 0xC0, 0x03,
    0xDC, 0x00, 0x3F, 0xEF, 0x83, 0xFF, 0xFE, 0x3C, 0xFF, 0x71, 0xE7, 0xE3, 0x9E, 0x3E, 0x1C, 0xE3,
    0xC1, 0xC7, 0x1E, 0x0E, 0x71, 0xF0, 0xE3, 0x9F, 0xFF, 0x1F, 0xFF, 0xF0, 0xFF, 0x9F, 0x07, 0xDC,
    0x00, 0x1C, 0xE0, 0x00, 0x0E, 0x00, 0x00, 0x70, 0x00, 0x03, 0x80, 0x00, 0x38, 0x00, 0x01, 0xC0,
    0x00, 0x1E, 0x00, 0x00, 0xF0, 0x00, 0x07, 0x00, 0x00, 0x18, 0x00, 0x00, 0x00, 0x00, 0x60, 0x61,
    0xC3, 0xC7, 0x1E, 0x0E, 0xF8, 0x3F, 0x80, 0xFC, 0x03, 0xE0, 0x1F, 0x80, 0xFE, 0x07, 0xFC, 0x3E,
    0x78, 0xF0, 0xF9, 0x81, 0xF0, 0x01, 0x80, 0x00, 0x00, 0x18, 0x30, 0x78, 0xF0, 0xF1, 0xE1, 0xC3,
    0x87, 0x8F, 0x0E, 0x1E, 0x1C, 0x38, 0x78, 0xF0, 0xE1, 0xC3, 0xC3, 0x87, 0x8F, 0xEE, 0x3F, 0xDF,
    0xFF, 0xBF, 0xEF, 0x3F, 0x1E, 0x00, 0x78, 0x00, 0xF0, 0x01, 0xC0, 0x03, 0x00, 0x1C, 0x00, 0xF0,
    0x0F, 0x0E, 0x78, 0x77, 0x87, 0xBC, 0x79, 0xCF, 0x9E, 0xF8, 0xFF, 0xC3, 0xFC, 0x1D, 0xE0, 0x0E,
    0x00, 0x70, 0x03, 0xC0, 0x1E, 0x00, 0x60, 0x00, 0x00, 0x08, 0x00, 0x00, 0xE3, 0x00, 0x0F, 0x1C,
    0x38, 0x79, 0xE1, 0xE7, 0x8F, 0x1E, 0x3C, 0xF9, 0xF1, 0xCF, 0x8F, 0x9E, 0xFC, 0xF8, 0xEF, 0xEF,
    0xC7, 0xF7, 0xFE, 0x3F, 0x3F, 0x3F, 0xF0, 0xF0, 0xF7, 0x03, 0x03, 0x00, 0x00, 0x00, 0x07, 0x00,
    0x01, 0xC0, 0x30, 0xF3, 0x0E, 0x38, 0xE7, 0x9E, 0x39, 0xC7, 0x0E, 0x71, 0xC7, 0xBC, 0xF1, 0xCE,
    0x3C, 0x73, 0x8E, 0x39, 0xF3, 0x8F, 0xFE, 0xFF, 0xFF, 0x9F, 0xFF, 0xE3, 0xF8, 0x78, 0x00, 0x1E,
    0x00, 0x07, 0x00, 0x03, 0xC0, 0x00, 0xE0, 0x00, 0x10, 0x1F, 0x0F, 0xF1, 0xFE, 0x33, 0xC0, 0x70,
    0x1C, 0x07, 0xF0, 0xFF, 0x3F, 0xE7, 0x1D, 0xE3, 0xB8, 0xF7, 0x3C, 0xEF, 0x9F, 0xE3, 0xF8, 0x1C,
    0x00, 0x06, 0x00, 0x60, 0xE0, 0x0E, 0x0E, 0x00, 0xF0, 0xE0, 0x0E, 0x1C, 0x01, 0xE1, 0xDF, 0x1E,
    0x3F, 0xF1, 0xC3, 0xFB, 0x9C, 0x3E, 0x3B, 0xC7, 0xC7, 0xB8, 0x78, 0x77, 0x87, 0x8F, 0x78, 0x7F,
    0xE7, 0x07, 0xF8, 0x70, 0x0F, 0x07, 0x00, 0x00, 0x00, 0x04, 0x01, 0xC0, 0x3C, 0x0F, 0x01, 0xE0,
    0x78, 0x0F, 0x83, 0xFC, 0x71, 0xCC, 0x1B, 0x87, 0xF1, 0xFF, 0xFD, 0xFF, 0xBF, 0xC3, 0xE0, 0x00,
    0x00, 0x07, 0xE0, 0x3F, 0xC0, 0xFF, 0x03, 0xDE, 0x04, 0x38, 0x00, 0xE0, 0x03, 0x81, 0xFE, 0x07,
    0xF8, 0x1F, 0xC0, 0x0F, 0x00, 0x78, 0x07, 0xC1, 0xFE, 0x07, 0xE0, 0x0E, 0x00, 0x00, 0x00, 0x01,
    0x80, 0xC0, 0x78, 0x7F, 0x0F, 0x0F, 0xF1, 0xC3, 0xFC, 0x38, 0xF3, 0x87, 0x1E, 0x71, 0xFF, 0x8E,
    0x3F, 0xF1, 0xCF, 0xFC, 0x3B, 0xFB, 0x8F, 0x78, 0x71, 0xEF, 0x0E, 0xF9, 0xE1, 0xFE, 0x3C, 0x1F,
    0x83, 0x01, 0xE0, 0x00, 0x00, 0x00, 0x01, 0xC0, 0x3F, 0x83, 0xFC, 0x3C, 0x61, 0xC7, 0x0E, 0x30,
    0xF1, 0x83, 0x9C, 0x1F, 0xC0, 0xFF, 0x81, 0xFE, 0x1F, 0xE0, 0xEF, 0x1E, 0x7B, 0xF3, 0x9F, 0x1C,
    0x60, 0xC0, 0x00, 0x00, 0x07, 0x18, 0x0E, 0x78, 0x3C, 0xF0, 0x39, 0xC0, 0x01, 0x00, 0x00, 0x03,
    0xE0, 0x0F, 0xE0, 0x3D, 0xE0, 0xF1, 0xC3, 0xC7, 0x07, 0xFE, 0x0F, 0xF8, 0x3F, 0xE0, 0x70, 0x00,
    0xE0, 0x01, 0xC1, 0x83, 0xCF, 0x03, 0xFC, 0x03, 0xF0, 0x03, 0x80, 0x00, 0x03, 0xC0, 0xFE, 0x1F,
    0xF3, 0xE7, 0x3C, 0x77, 0x87, 0x7F, 0x2F, 0xF8, 0xFE, 0x0E, 0x04, 0xE0, 0xEE, 0x3E, 0xFF, 0xE7,
    0xF8, 0x3E, 0x00, 0x00, 0x00, 0x06, 0x0F, 0x0F, 0x1E, 0x0C, 0x00, 0x00, 0x00, 0x00, 0x30, 0x38,
    0x38, 0x78, 0x70, 0x70, 0xF0, 0xE0, 0xE0, 0xE0, 0xE0, 0xC0, 0x00, 0x00, 0x01, 0x8E, 0x3C, 0xE3,
    0xDE, 0x39, 0xC1, 0x08, 0x00, 0x00, 0x00, 0x00, 0x00, 0x00, 0x30, 0x03, 0x80, 0x38, 0x07, 0x80,
    0x70, 0x07, 0x00, 0xF0, 0x0F, 0x00, 0xE0, 0x0E, 0x00, 0xE0, 0x0C, 0x00, 0x00, 0x00, 0x00, 0x00,
    0x00, 0x01, 0x06, 0x00, 0x18, 0xF0, 0x01, 0x9E, 0x00, 0x1F, 0xC0, 0x00, 0xF8, 0x00, 0x06, 0x00,
    0x00, 0x00, 0x00, 0x40, 0x00, 0x0E, 0x0C, 0x00, 0xE0, 0xE0, 0x0E, 0x1E, 0x00, 0xE1, 0xC0, 0x0E,
    0x3C, 0x00, 0xE3, 0x80, 0x0E, 0x38, 0x00, 0xE7, 0x80, 0x0E, 0x70, 0x00, 0xFF, 0x00, 0x07, 0xE0,
    0x00, 0x7E, 0x00, 0x03, 0xC0, 0x00, 0x3C, 0x00, 0x03, 0x80, 0x00, 0x78, 0x00, 0x07, 0x00, 0x00,
    0xF0, 0x00, 0x1E, 0x00, 0x63, 0xC0, 0x07, 0xF8, 0x00, 0x7F, 0x00, 0x01, 0xC0, 0x00, 0x00, 0x02,
    0x00, 0x03, 0x80, 0x01, 0xC0, 0x00, 0xE0, 0x00, 0xF0, 0x1F, 0xF0, 0x1F, 0xF8, 0x0F, 0xF8, 0x07,
    0x00, 0x03, 0x80, 0x03, 0xC0, 0x01, 0xC0, 0x00, 0xE0, 0x00, 0x70, 0x00, 0x78, 0x00, 0x38, 0x00,
    0x1C, 0x00, 0x3E, 0x00, 0x3E, 0x00, 0x0F, 0x00, 0x03, 0x00, 0x00, 0x00, 0x00, 0x00, 0x00, 0x1C,
    0x00, 0x1F, 0xF8, 0x03, 0xFF, 0xF0, 0x3F, 0xFF, 0xE0, 0x7F, 0x03, 0x00, 0x7C, 0x00, 0x00, 0x70,
    0x00, 0x01, 0xE0, 0x00, 0x03, 0x80, 0x00, 0x07, 0x00, 0x00, 0x1C, 0x00, 0x00, 0x38, 0x00, 0x00,
    0xFF, 0xE0, 0x03, 0xFF, 0xC0, 0x1F, 0xF8, 0x00, 0x1F, 0x00, 0x00, 0x1C, 0x00, 0x00, 0x38, 0x00,
    0x00, 0xF0, 0x00, 0x01, 0xC0, 0x00, 0x03, 0x80, 0x00, 0x0F, 0x00, 0x00, 0x1E, 0x00, 0x00, 0x38,
    0x00, 0x00, 0x70, 0x00, 0x00, 0xE0, 0x00, 0x00, 0x80, 0x00, 0x00, 0x01, 0xF8, 0x1F, 0xF0, 0xFF,
    0x83, 0xC0, 0x0E, 0x00, 0x38, 0x03, 0xFC, 0x1F, 0xF0, 0x3F, 0xC0, 0xF0, 0x03, 0x80, 0x0E, 0x00,
    0x38, 0x00, 0xC0, 0x03, 0x00, 0x08, 0x00, 0x00, 0x70, 0x00, 0x00, 0xE0, 0x18, 0x03, 0xC0, 0x78,
    0x07, 0x83, 0xF0, 0x1E, 0x0F, 0xC0, 0x3C, 0x3E, 0x00, 0x71, 0xF8, 0x01, 0xE7, 0xC0, 0x03, 0x9F,
    0x00, 0x0F, 0x7C, 0x00, 0x1F, 0xF0, 0x00, 0x3F, 0x80, 0x00, 0xFE, 0x00, 0x01, 0xF8, 0x00, 0x03,
    0xE0, 0x00, 0x0F, 0xE0, 0x00, 0x1F, 0xC0, 0x00, 0x3B, 0x80, 0x00, 0xF7, 0x80, 0x01, 0xCF, 0x00,
    0x03, 0x8F, 0x00, 0x0F, 0x1E, 0x00, 0x1C, 0x1E, 0x00, 0x38, 0x1E, 0x00, 0x70, 0x3F, 0x81, 0xE0,
    0x3F, 0xC3, 0x80, 0x3F, 0x83, 0x00, 0x1F, 0x00, 0x00, 0x1C, 0x00, 0x00, 0x38, 0x00, 0x00, 0xE0,
    0x00, 0x01, 0xC0, 0x00, 0x07, 0x00, 0x00, 0x06, 0x00, 0x00, 0x00, 0x00, 0x00, 0x00, 0x30, 0x40,
    0xE3, 0x83, 0x9E, 0x1E, 0x78, 0x73, 0xC3, 0xDE, 0x0F, 0xF0, 0x3F, 0x81, 0xFC, 0x07, 0x70, 0x1D,
    0xE0, 0xF3, 0x83, 0x87, 0x0E, 0x1F, 0xF8, 0x3F, 0x61, 0xF0, 0x0F, 0x80, 0x76, 0x03, 0xD8, 0x0E,
    0xE0, 0x3F, 0x00, 0xFC, 0x01, 0xE0, 0x02, 0x00, 0x00, 0x20, 0x00, 0x00, 0x18, 0x00, 0x00, 0x1E,
    0x00, 0xC0, 0x0E, 0x00, 0x70, 0x0F, 0x00, 0x78, 0x07, 0x00, 0x3C, 0x07, 0x80, 0x1C, 0x03, 0x80,
    0x1E, 0x01, 0xC0, 0x0E, 0x01, 0xE0, 0x07, 0x00, 0xE0, 0x07, 0x80, 0xF0, 0x03, 0x80, 0x78, 0x01,
    0xC0, 0x38, 0x00, 0xE0, 0x3F, 0xFF, 0xE0, 0x1F, 0xFF, 0xF0, 0x0F, 0xFF, 0xF8, 0x07, 0x00, 0x38,
    0x07, 0x80, 0x1C, 0x03, 0x80, 0x0E, 0x01, 0xC0, 0x0E, 0x01, 0xE0, 0x07, 0x00, 0xE0, 0x03, 0x80,
    0x70, 0x03, 0xC0, 0x38, 0x01, 0xC0, 0x3C, 0x00, 0xE0, 0x1C, 0x00, 0x72, 0x0E, 0x00, 0x7F, 0xC7,
    0x00, 0x3F, 0xE3, 0x80, 0x0F, 0xF1, 0x80, 0x00, 0xF0, 0x00, 0x00, 0x78, 0x00, 0x00, 0x38, 0x00,
    0x00, 0x3C, 0x00, 0x00, 0x1C, 0x00, 0x00, 0x1E, 0x00, 0x00, 0x0E, 0x00, 0x00, 0x07, 0x00, 0x00,
    0x01, 0x00, 0x0E, 0x00, 0x1C, 0x38, 0x38, 0x70, 0xF0, 0xE1, 0xC3, 0xC7, 0x87, 0x0E, 0x1E, 0x1F,
    0xFC, 0x7F, 0xF8, 0xFF, 0xE1, 0xC3, 0xC7, 0x87, 0xEF, 0x0F, 0xDC, 0x1F, 0xB8, 0x07, 0x00, 0x1C,
    0x00, 0x78, 0x00, 0xE0, 0x01, 0xC0, 0x03, 0x00, 0x20, 0x00, 0x0E, 0x00, 0x01, 0xC0, 0x03, 0x38,
    0x00, 0xE7, 0x00, 0x3C, 0xE0, 0x0F, 0x1C, 0x03, 0xC3, 0x80, 0xF0, 0x70, 0x3C, 0x0E, 0x0F, 0x01,
    0xE1, 0xC0, 0x3C, 0x78, 0x03, 0x9E, 0x00, 0x7F, 0x80, 0x07, 0xE0, 0x00, 0xF8, 0x00, 0x0E, 0x00,
    0x03, 0xC0, 0x00, 0x70, 0x00, 0x0E, 0x00, 0x03, 0xC0, 0x00, 0x78, 0x00, 0x0E, 0x00, 0x03, 0xC0,
    0x00, 0x78, 0x00, 0x0E, 0x00, 0x01, 0xC0, 0x00, 0x38, 0x00, 0x07, 0x00, 0x00, 0xC0, 0x00, 0x00,
    0x00, 0x01, 0x80, 0x0E, 0x0C, 0x70, 0xE3, 0x87, 0x1C, 0x78, 0xE7, 0x87, 0x78, 0x3B, 0xC1, 0xFC,
    0x0F, 0xC0, 0x7C, 0x03, 0xE0, 0x1E, 0x00, 0xE0, 0x0F, 0x00, 0x78, 0x03, 0x80, 0x1C, 0x01, 0xE0,
    0x0E, 0x00, 0x70, 0x03, 0x80, 0x18, 0x00, 0x40, 0x00, 0x08, 0x00, 0x00, 0xE0, 0x00, 0x07, 0x00,
    0x0C, 0x38, 0x00, 0xE1, 0xC0, 0x0F, 0x0E, 0x00, 0xF0, 0x70, 0x0F, 0x03, 0x80, 0xF0, 0x1C, 0x0F,
    0x00, 0xE0, 0xF0, 0x07, 0x87, 0x00, 0x3C, 0x78, 0x00, 0xE7, 0x80, 0x07, 0xF8, 0x00, 0x1F, 0x80,
    0x00, 0xFE, 0x00, 0x7F, 0xFC, 0x03, 0xFF, 0xE0, 0x01, 0xC0, 0x00, 0x1E, 0x00, 0x00, 0xF0, 0x00,
    0x07, 0x80, 0x00, 0x38, 0x00, 0x03, 0xC0, 0x00, 0x1E, 0x00, 0x00, 0xE0, 0x00, 0x07, 0x00, 0x00,
    0x78, 0x00, 0x01, 0x80, 0x00, 0x04, 0x00, 0x00, 0x03, 0x00, 0x01, 0xC0, 0x00, 0xE0, 0xC0, 0x70,
    0xE0, 0x38, 0xF0, 0x1C, 0x70, 0x0E, 0x78, 0x07, 0x78, 0x03, 0xB8, 0x01, 0xFC, 0x00, 0xFC, 0x07,
    0xFC, 0x07, 0xFE, 0x01, 0xFF, 0x80, 0x0F, 0x80, 0x0F, 0x00, 0x07, 0x00, 0x03, 0x80, 0x01, 0xC0,
    0x01, 0xE0, 0x00, 0xE0, 0x00, 0x70, 0x00, 0x38, 0x00, 0x18, 0x00, 0x00, 0x00, 0x00, 0x00, 0x3F,
    0xC0, 0x03, 0xFF, 0x80, 0x1F, 0xFF, 0x00, 0xFE, 0x7E, 0x01, 0xC0, 0x38, 0x00, 0x00, 0xE0, 0x00,
    0x03, 0xC0, 0x00, 0x0F, 0x00, 0x00, 0x3C, 0x00, 0x00, 0xE0, 0x00, 0x03, 0x80, 0x00, 0x0E, 0x00,
    0x00, 0x78, 0x00, 0x01, 0xC3, 0xFF, 0xFF, 0x1F, 0xFF, 0xFC, 0x7F, 0xFF, 0xE1, 0xF0, 0x07, 0x07,
    0x00, 0x3C, 0x1C, 0x01, 0xE0, 0x70, 0x0F, 0x01, 0xE0, 0x78, 0x03, 0xC7, 0xE0, 0x07, 0xFF, 0x00,
    0x1F, 0xF0, 0x00, 0x1F, 0x80, 0x00, 0x18, 0x00, 0x00, 0x00, 0x00, 0x7C, 0x0F, 0xE1, 0xFF, 0x18,
    0x70, 0x07, 0x00, 0x70, 0xC7, 0x3F, 0xF7, 0xFE, 0xF3, 0xEE, 0x1C, 0xE7, 0xCF, 0xF8, 0x7F, 0x03,
    0xC0, 0x00, 0x0E, 0x00, 0x01, 0xF8, 0x00, 0x7F, 0xC0, 0x0F, 0xFC, 0x01, 0xE1, 0xE0, 0x3C, 0x0E,
    0x07, 0x80, 0xE0, 0x78, 0x0F, 0x0F, 0x00, 0xF0, 0xE0, 0x0F, 0x1E, 0x00, 0xF1, 0xC0, 0x0E, 0x3F,
    0xFF, 0xE7, 0xFF, 0xFE, 0x7F, 0xFF, 0xE3, 0x80, 0x3C, 0x70, 0x03, 0xC7, 0x00, 0x38, 0x70, 0x07,
    0x87, 0x00, 0xF0, 0x70, 0x0F, 0x07, 0x01, 0xE0, 0x70, 0x3C, 0x07, 0x07, 0xC0, 0x70, 0xF8, 0x07,
    0xFF, 0x00, 0x3F, 0xC0, 0x00, 0xF8, 0x00, 0x01, 0xE0, 0x3F, 0x83, 0xFC, 0x3F, 0xE1, 0xE7, 0x9E,
    0x39, 0xE1, 0xCF, 0xFE, 0x7F, 0xF3, 0x8F, 0x3C, 0x71, 0xEF, 0x87, 0xF8, 0x3F, 0x80, 0xF0, 0x00,
    0x07, 0xF8, 0x0F, 0xFF, 0x0F, 0xFF, 0xCF, 0xFF, 0xE7, 0xC0, 0xFB, 0xC0, 0x3C, 0x00, 0x1E, 0x00,
    0x0F, 0x00, 0x3F, 0x87, 0xFF, 0xCF, 0xFF, 0xEF, 0xF8, 0xFF, 0xC0, 0x7F, 0x80, 0x3F, 0xC0, 0x1F,
    0xE0, 0x1F, 0xF8, 0x1F, 0xFF, 0xFF, 0xDF, 0xFD, 0xE7, 0xFC, 0xF0, 0xFC, 0x78, 0x00, 0x00, 0x00,
    0x00, 0x00, 0x00, 0x01, 0xC0, 0x01, 0xF0, 0x00, 0xF8, 0x00, 0x7C, 0x00, 0x1C, 0x00, 0x00, 0x3E,
    0x00, 0x00, 0x0F, 0xC0, 0x00, 0x00, 0x70, 0x00, 0x00, 0x3C, 0x00, 0x00, 0x0E, 0x00, 0x00, 0x00,
    0x00, 0x00, 0x00, 0x00, 0x00, 0x00, 0x00, 0x00, 0x00, 0x3F, 0x00, 0x00, 0x0F, 0xC0, 0x00, 0x07,
    0xF0, 0x00, 0x01, 0xFE, 0x00, 0x00, 0x7F, 0x80, 0x00, 0x3D, 0xF0, 0x00, 0x0F, 0x3C, 0x00, 0x03,
    0xCF, 0x00, 0x01, 0xF3, 0xE0, 0x00, 0x78, 0x78, 0x00, 0x1E, 0x1E, 0x00, 0x0F, 0x87, 0xC0, 0x03,
    0xC1, 0xF0, 0x00, 0xF0, 0x3C, 0x00, 0x7C, 0x0F, 0x80, 0x1E, 0x03, 0xE0, 0x07, 0x80, 0x78, 0x03,
    0xFF, 0xFF, 0x00, 0xFF, 0xFF, 0xC0, 0x3F, 0xFF, 0xF0, 0x1F, 0xFF, 0xFE, 0x07, 0x80, 0x0F, 0x83,
    0xE0, 0x01, 0xE0, 0xF8, 0x00, 0x7C, 0x3C, 0x00, 0x1F, 0x1F, 0x00, 0x03, 0xE7, 0xC0, 0x00, 0xF9,
    0xE0, 0x00, 0x3E, 0x00, 0x00, 0x01, 0xF0, 0x00, 0xFC, 0x00, 0x0E, 0x00, 0x0E, 0x00, 0x07, 0x00,
    0x03, 0x00, 0x00, 0x00, 0x00, 0x00, 0x03, 0xFC, 0x07, 0xFF, 0x87, 0xFF, 0xE7, 0xFF, 0xF3, 0xE0,
    0x7D, 0xE0, 0x1E, 0x00, 0x0F, 0x00, 0x07, 0x80, 0x1F, 0xC3, 0xFF, 0xE7, 0xFF, 0xF7, 0xFC, 0x7F,
    0xE0, 0x3F, 0xC0, 0x1F, 0xE0, 0x0F, 0xF0, 0x0F, 0xFC, 0x0F, 0xFF, 0xFF, 0xEF, 0xFE, 0xF3, 0xFE,
    0x78, 0x7E, 0x3C, 0x00, 0x03, 0xC0, 0x01, 0xE0, 0x00, 0x70, 0x00, 0x3C, 0x00, 0x0E, 0x00, 0x00,
    0x00, 0x1E, 0x00, 0x0F, 0xC0, 0x07, 0xF8, 0x03, 0xCE, 0x00, 0xF3, 0xC0, 0x78, 0x78, 0x00, 0x00,
    0x00, 0x00, 0x00, 0x7F, 0x80, 0x7F, 0xF8, 0x3F, 0xFF, 0x1F, 0xFF, 0xC7, 0xC0, 0xF9, 0xE0, 0x1E,
    0x00, 0x07, 0x80, 0x01, 0xE0, 0x03, 0xF8, 0x3F, 0xFE, 0x3F, 0xFF, 0x9F, 0xF1, 0xEF, 0xC0, 0x7B,
    0xC0, 0x1E, 0xF0, 0x07, 0xBC, 0x03, 0xEF, 0x81, 0xFB, 0xFF, 0xFE, 0x7F, 0xF7, 0x8F, 0xF9, 0xE0,
    0xFC, 0x78, 0x00, 0x07, 0xC0, 0x00, 0x00, 0xF0, 0x00, 0x00, 0x1E, 0x00, 0x00, 0x03, 0x80, 0x00,
    0x00, 0xF0, 0x00, 0x00, 0x00, 0x00, 0x01, 0xE0, 0x00, 0x00, 0xFC, 0x00, 0x00, 0x7F, 0x80, 0x00,
    0x3C, 0xF0, 0x00, 0x0F, 0x1E, 0x00, 0x07, 0x83, 0x80, 0x00, 0x00, 0x00, 0x00, 0x00, 0x00, 0x00,
    0x03, 0xF0, 0x00, 0x00, 0xFC, 0x00, 0x00, 0x7F, 0x00, 0x00, 0x1F, 0xE0, 0x00, 0x07, 0xF8, 0x00,
    0x03, 0xDF, 0x00, 0x00, 0xF3, 0xC0, 0x00, 0x3C, 0xF0, 0x00, 0x1F, 0x3E, 0x00, 0x07, 0x87, 0x80,
    0x01, 0xE1, 0xE0, 0x00, 0xF8, 0x7C, 0x00, 0x3C, 0x1F, 0x00, 0x0F, 0x03, 0xC0, 0x07, 0xC0, 0xF8,
    0x01, 0xE0, 0x3E, 0x00, 0x78, 0x07, 0x80, 0x3F, 0xFF, 0xF0, 0x0F, 0xFF, 0xFC, 0x03, 0xFF, 0xFF,
    0x01, 0xFF, 0xFF, 0xE0, 0x78, 0x00, 0xF8, 0x3E, 0x00, 0x1E, 0x0F, 0x80, 0x07, 0xC3, 0xC0, 0x01,
    0xF1, 0xF0, 0x00, 0x3E, 0x7C, 0x00, 0x0F, 0x9E, 0x00, 0x03, 0xE0, 0x00, 0x78, 0x00, 0x1E, 0x00,
    0x07, 0x00, 0x03, 0xC0, 0x00, 0xE0, 0x00, 0x00, 0x07, 0x80, 0x07, 0xE0, 0x07, 0xF8, 0x07, 0x9C,
    0x03, 0xCF, 0x03, 0xC3, 0xC0, 0x00, 0x00, 0x00, 0x00, 0x1F, 0xE0, 0x3F, 0xFC, 0x3F, 0xFF, 0x3F,
    0xFF, 0x9F, 0x03, 0xEF, 0x00, 0xF0, 0x00, 0x78, 0x00, 0x3C, 0x00, 0xFE, 0x1F, 0xFF, 0x3F, 0xFF,
    0xBF, 0xE3, 0xFF, 0x01, 0xFE, 0x00, 0xFF, 0x00, 0x7F, 0x80, 0x7F, 0xE0, 0x7F, 0xFF, 0xFF, 0x7F,
    0xF7, 0x9F, 0xF3, 0xC3, 0xF1, 0xE0, 0x00, 0x03, 0xE0, 0x00, 0x00, 0xFC, 0x00, 0x00, 0x07, 0x00,
    0x00, 0x03, 0xC0, 0x00, 0x00, 0xE0, 0x00, 0x00, 0x00, 0x00, 0x01, 0xE0, 0x00, 0x00, 0xFC, 0x00,
    0x00, 0x7F, 0x80, 0x00, 0x3C, 0xF0, 0x00, 0x0F, 0x1E, 0x00, 0x07, 0x83, 0x80, 0x00, 0x00, 0x00,
    0x00, 0x00, 0x00, 0x00, 0x03, 0xF0, 0x00, 0x00, 0xFC, 0x00, 0x00, 0x7F, 0x80, 0x00, 0x1F, 0xE0,
    0x00, 0x07, 0xF8, 0x00, 0x03, 0xFF, 0x00, 0x00, 0xF3, 0xC0, 0x00, 0x3C, 0xF0, 0x00, 0x1F, 0x3E,
    0x00, 0x07, 0x87, 0x80, 0x01, 0xE1, 0xE0, 0x00, 0xF8, 0x7C, 0x00, 0x3E, 0x0F, 0x00, 0x0F, 0x03,
    0xC0, 0x07, 0xC0, 0xF8, 0x01, 0xF0, 0x1E, 0x00, 0x78, 0x07, 0x80, 0x3F, 0xFF, 0xF0, 0x0F, 0xFF,
    0xFC, 0x03, 0xFF, 0xFF, 0x81, 0xFF, 0xFF, 0xE0, 0x7C, 0x00, 0x78, 0x1E, 0x00, 0x1F, 0x0F, 0x80,
    0x07, 0xC3, 0xE0, 0x00, 0xF1, 0xF0, 0x00, 0x3E, 0x7C, 0x00, 0x0F, 0x9E, 0x00, 0x01, 0xE0, 0x00,
    0x00, 0x00, 0x1F, 0x00, 0x0F, 0xC0, 0x00, 0xE0, 0x00, 0xE0, 0x00, 0x70, 0x00, 0x00, 0x03, 0xC0,
    0x03, 0xF0, 0x03, 0xFC, 0x03, 0xCF, 0x01, 0xE3, 0xC1, 0xE1, 0xE0, 0x00, 0x00, 0x00, 0x00, 0x0F,
    0xF0, 0x1F, 0xFE, 0x1F, 0xFF, 0x9F, 0xFF, 0xCF, 0x81, 0xF7, 0x80, 0x78, 0x00, 0x3C, 0x00, 0x1E,
    0x00, 0x7F, 0x0F, 0xFF, 0x9F, 0xFF, 0xDF, 0xF1, 0xFF, 0x80, 0xFF, 0x00, 0x7F, 0x80, 0x3F, 0xC0,
    0x3F, 0xF0, 0x3F, 0xFF, 0xFF, 0xBF, 0xFB, 0xCF, 0xF9, 0xE1, 0xF8, 0xF0, 0x07, 0x8E, 0x07, 0xFE,
    0x07, 0xFF, 0x03, 0x8F, 0x00, 0x00, 0x00, 0x00, 0x00, 0x07, 0x80, 0x07, 0xE0, 0x07, 0xF8, 0x07,
    0x9E, 0x07, 0x87, 0x03, 0xC3, 0xC0, 0x00, 0x00, 0x00, 0x00, 0x1F, 0xE0, 0x3F, 0xFC, 0x3F, 0xFF,
    0x3F, 0xFF, 0x9F, 0x03, 0xEF, 0x00, 0xF0, 0x00, 0x78, 0x00, 0x3C, 0x00, 0xFE, 0x1F, 0xFF, 0x3F,
    0xFF, 0xBF, 0xE3, 0xFF, 0x01, 0xFE, 0x00, 0xFF, 0x00, 0x7F, 0x80, 0x7F, 0xE0, 0x7F, 0xFF, 0xFF,
    0x7F, 0xF7, 0x9F, 0xF3, 0xC3, 0xF1, 0xE0, 0x00, 0x1F, 0x00, 0x00, 0x0F, 0xE0, 0x00, 0x07, 0xB8,
    0x00, 0x03, 0xC7, 0x00, 0x01, 0xE1, 0xE0, 0x00, 0x00, 0x00, 0x00, 0x00, 0x00, 0x00, 0x00, 0x00,
    0x00, 0x00, 0x1F, 0x00, 0x00, 0x0F, 0xE0, 0x00, 0x03, 0xF8, 0x00, 0x01, 0xFE, 0x00, 0x00, 0x7F,
    0xC0, 0x00, 0x1E, 0xF0, 0x00, 0x0F, 0xBC, 0x00, 0x03, 0xCF, 0x80, 0x00, 0xF1, 0xE0, 0x00, 0x7C,
    0x78, 0x00, 0x1E, 0x1F, 0x00, 0x07, 0x87, 0xC0, 0x03, 0xE0, 0xF0, 0x00, 0xF0, 0x3E, 0x00, 0x7C,
    0x0F, 0x80, 0x1F, 0x01, 0xE0, 0x07, 0x80, 0x7C, 0x03, 0xFF, 0xFF, 0x00, 0xFF, 0xFF, 0xC0, 0x3F,
    0xFF, 0xF8, 0x1F, 0xFF, 0xFE, 0x07, 0xC0, 0x07, 0x81, 0xE0, 0x01, 0xF0, 0xF8, 0x00, 0x7C, 0x3E,
    0x00, 0x0F, 0x1F, 0x00, 0x03, 0xE7, 0xC0, 0x00, 0xF9, 0xF0, 0x00, 0x1E, 0x00, 0x00, 0x00, 0x00,
    0x00, 0x00, 0x00, 0x00, 0x00, 0x00, 0x00, 0x38, 0x00, 0x00, 0x1F, 0x00, 0x00, 0x07, 0xC0, 0x00,
    0x01, 0xF0, 0x00, 0x00, 0x38, 0x00, 0x03, 0xE0, 0x03, 0xF8, 0x03, 0xDE, 0x01, 0xC7, 0x81, 0xC1,
    0xE0, 0x00, 0x00, 0x00, 0x00, 0x00, 0x00, 0x07, 0xF8, 0x0F, 0xFF, 0x0F, 0xFF, 0xCF, 0xFF, 0xE7,
    0xC0, 0xFB, 0xC0, 0x3C, 0x00, 0x1E, 0x00, 0x0F, 0x00, 0x3F, 0x87, 0xFF, 0xCF, 0xFF, 0xEF, 0xF8,
    0xFF, 0xC0, 0x7F, 0x80, 0x3F, 0xC0, 0x1F, 0xE0, 0x1F, 0xF8, 0x1F, 0xFF, 0xFF, 0xDF, 0xFD, 0xE7,
    0xFC, 0xF0, 0xFC, 0x78, 0x00, 0x00, 0x00, 0x00, 0x00, 0x00, 0x01, 0xC0, 0x01, 0xF0, 0x00, 0xF8,
    0x00, 0x7C, 0x00, 0x1C, 0x00, 0x00, 0x03, 0xC0, 0x00, 0x01, 0xE0, 0x00, 0x00, 0x70, 0x00, 0x00,
    0x3C, 0x00, 0x00, 0x0E, 0x00, 0x00, 0x00, 0x00, 0x00, 0x1C, 0x0E, 0x00, 0x07, 0x03, 0x80, 0x01,
    0xE1, 0xE0, 0x00, 0x3F, 0xF0, 0x00, 0x07, 0xF8, 0x00, 0x00, 0xFC, 0x00, 0x00, 0x00, 0x00, 0x00,
    0x00, 0x00, 0x00, 0x03, 0xF0, 0x00, 0x00, 0xFC, 0x00, 0x00, 0x7F, 0x00, 0x00, 0x1F, 0xE0, 0x00,
    0x07, 0xF8, 0x00, 0x03, 0xDF, 0x00, 0x00, 0xF3, 0xC0, 0x00, 0x3C, 0xF0, 0x00, 0x1F, 0x3E, 0x00,
    0x07, 0x8F, 0x80, 0x01, 0xE1, 0xE0, 0x00, 0xF8, 0x7C, 0x00, 0x3C, 0x1F, 0x00, 0x0F, 0x03, 0xC0,
    0x07, 0xC0, 0xF8, 0x01, 0xE0, 0x3E, 0x00, 0x78, 0x07, 0x80, 0x3F, 0xFF, 0xF0, 0x0F, 0xFF, 0xFC,
    0x07, 0xFF, 0xFF, 0x01, 0xFF, 0xFF, 0xE0, 0x78, 0x00, 0xF8, 0x3E, 0x00, 0x1E, 0x0F, 0x80, 0x07,
    0xC3, 0xC0, 0x01, 0xF1, 0xF0, 0x00, 0x3E, 0x7C, 0x00, 0x0F, 0x9E, 0x00, 0x03, 0xE0, 0x00, 0x3C,
    0x00, 0x3C, 0x00, 0x1C, 0x00, 0x1E, 0x00, 0x0E, 0x00, 0x00, 0x00, 0x00, 0x00, 0x38, 0x1C, 0x1E,
    0x1E, 0x07, 0xFE, 0x01, 0xFE, 0x00, 0x7E, 0x00, 0x00, 0x00, 0x00, 0x00, 0x1F, 0xE0, 0x3F, 0xFC,
    0x3F, 0xFF, 0x3F, 0xFF, 0x9F, 0x03, 0xEF, 0x00, 0xF0, 0x00, 0x78, 0x00, 0x3C, 0x00, 0xFE, 0x1F,
    0xFF, 0x3F, 0xFF, 0xBF, 0xE3, 0xFF, 0x01, 0xFE, 0x00, 0xFF, 0x00, 0x7F, 0x80, 0x7F, 0xE0, 0x7F,
    0xFF, 0xFF, 0x7F, 0xF7, 0x9F, 0xF3, 0xC3, 0xF1, 0xE0, 0x0F, 0x00, 0x03, 0xC0, 0x00, 0xE0, 0x00,
    0x78, 0x00, 0x1C, 0x00, 0x00, 0x00, 0x00, 0x00, 0x38, 0x1C, 0x1E, 0x1E, 0x07, 0xFE, 0x01, 0xFE,
    0x00, 0x7C, 0x00, 0x00, 0x00, 0x00, 0x00, 0x1F, 0xE0, 0x3F, 0xFC, 0x3F, 0xFF, 0x3F, 0xFF, 0x9F,
    0x03, 0xEF, 0x00, 0xF0, 0x00, 0x78, 0x00, 0x3C, 0x00, 0xFE, 0x1F, 0xFF, 0x3F, 0xFF, 0xBF, 0xE3,
    0xFF, 0x01, 0xFE, 0x00, 0xFF, 0x00, 0x7F, 0x80, 0x7F, 0xE0, 0x7F, 0xFF, 0xFF, 0x7F, 0xF7, 0x9F,
    0xF3, 0xC3, 0xF1, 0xE0, 0x07, 0x8E, 0x07, 0xFF, 0x07, 0xFF, 0x03, 0x8F, 0x00, 0x00, 0x00, 0x00,
    0x00, 0x00, 0x00, 0x38, 0x1C, 0x1E, 0x1E, 0x07, 0xFE, 0x01, 0xFE, 0x00, 0x7E, 0x00, 0x00, 0x00,
    0x00, 0x00, 0x1F, 0xE0, 0x3F, 0xFC, 0x3F, 0xFF, 0x3F, 0xFF, 0x9F, 0x03, 0xEF, 0x00, 0xF0, 0x00,
    0x78, 0x00, 0x3C, 0x00, 0xFE, 0x1F, 0xFF, 0x3F, 0xFF, 0xBF, 0xE3, 0xFF, 0x01, 0xFE, 0x00, 0xFF,
    0x00, 0x7F, 0x80, 0x7F, 0xE0, 0x7F, 0xFF, 0xFF, 0x7F, 0xF7, 0x9F, 0xF3, 0xC3, 0xF1, 0xE0, 0x1C,
    0x0E, 0x0F, 0x0F, 0x03, 0xCF, 0x01, 0xFF, 0x80, 0x7F, 0x80, 0x0F, 0x00, 0x00, 0x00, 0x00, 0x00,
    0x07, 0xF8, 0x0F, 0xFF, 0x0F, 0xFF, 0xCF, 0xFF, 0xE7, 0xC0, 0xFB, 0xC0, 0x3C, 0x00, 0x1E, 0x00,
    0x0F, 0x00, 0x3F, 0x87, 0xFF, 0xCF, 0xFF, 0xEF, 0xF8, 0xFF, 0xC0, 0x7F, 0x80, 0x3F, 0xC0, 0x1F,
    0xE0, 0x1F, 0xF8, 0x1F, 0xFF, 0xFF, 0xDF, 0xFD, 0xE7, 0xFC, 0xF0, 0xFC, 0x78, 0x00, 0x00, 0x00,
    0x00, 0x00, 0x00, 0x01, 0xC0, 0x01, 0xF0, 0x00, 0xF8, 0x00, 0x7C, 0x00, 0x1C, 0x00, 0x03, 0xC0,
    0xFE, 0x1F, 0xF3, 0xC7, 0x38, 0xE7, 0x9E, 0x7F, 0xCF, 0xF8, 0xE0, 0x0E, 0x00, 0xE1, 0xCF, 0xFC,
    0x7F, 0x83, 0xF0, 0x00, 0x00, 0x00, 0x00, 0x01, 0x80, 0x3C, 0x03, 0x80, 0x30, 0x00, 0x00, 0x00,
    0x00, 0x7E, 0x00, 0x0F, 0xC0, 0x00, 0x38, 0x00, 0x07, 0x00, 0x01, 0xC0, 0x00, 0x38, 0x00, 0x00,
    0x00, 0x00, 0x00, 0x00, 0x7F, 0x00, 0x3F, 0xF8, 0x0F, 0xFF, 0x83, 0xFF, 0xF8, 0xF8, 0x0F, 0x9E,
    0x00, 0xF7, 0xC0, 0x1F, 0xF0, 0x01, 0xFF, 0xFF, 0xFF, 0xFF, 0xFF, 0xFF, 0xFF, 0xFF, 0xFF, 0xFF,
    0xE0, 0x00, 0x3C, 0x00, 0x07, 0xC0, 0x00, 0x78, 0x03, 0xCF, 0xC0, 0xF8, 0xFF, 0xFF, 0x0F, 0xFF,
    0xC0, 0xFF, 0xF0, 0x07, 0xF8, 0x00, 0x00, 0x00, 0x0F, 0x0C, 0x3F, 0xF8, 0xEF, 0xE0, 0x87, 0x80,
    0x00, 0x01, 0xF0, 0x07, 0xF0, 0x1F, 0xF0, 0x78, 0xE0, 0xE3, 0x83, 0xCF, 0x07, 0xFC, 0x1F, 0xF0,
    0x38, 0x00, 0x70, 0x00, 0xE1, 0xC1, 0xFF, 0x81, 0xFE, 0x01, 0xF8, 0x00, 0x00, 0x00, 0x00, 0x03,
    0xE0, 0x00, 0x78, 0x00, 0x1E, 0x00, 0x03, 0x80, 0x00, 0xF0, 0x00, 0x00, 0x00, 0x38, 0x00, 0x0F,
    0x80, 0x03, 0xF8, 0x00, 0xF7, 0x80, 0x3C, 0x78, 0x0F, 0x07, 0x80, 0x00, 0x00, 0x00, 0x00, 0x00,
    0xFE, 0x00, 0x7F, 0xF0, 0x1F, 0xFF, 0x07, 0xFF, 0xF1, 0xF0, 0x1F, 0x3C, 0x01, 0xEF, 0x80, 0x3F,
    0xE0, 0x03, 0xFF, 0xFF, 0xFF, 0xFF, 0xFF, 0xFF, 0xFF, 0xFF, 0xFF, 0xFF, 0xC0, 0x00, 0x78, 0x00,
    0x0F, 0x80, 0x00, 0xF0, 0x07, 0x9F, 0x81, 0xF1, 0xFF, 0xFE, 0x1F, 0xFF, 0x81, 0xFF, 0xE0, 0x0F,
    0xF0, 0x00, 0x00, 0x78, 0x00, 0x0F, 0x00, 0x01, 0xC0, 0x00, 0x78, 0x00, 0x0E, 0x00, 0x00, 0x00,
    0x1E, 0x00, 0x0F, 0xC0, 0x07, 0xF8, 0x03, 0xCF, 0x01, 0xE3, 0xC0, 0x70, 0x78, 0x00, 0x00, 0x00,
    0x00, 0x0F, 0xFF, 0xFF, 0xFF, 0xFF, 0xFF, 0xFF, 0xFF, 0xFF, 0xEF, 0x00, 0x03, 0xC0, 0x00, 0xF0,
    0x00, 0x3C, 0x00, 0x0F, 0x00, 0x03, 0xC0, 0x00, 0xF0, 0x00, 0x3C, 0x00, 0x0F, 0xFF, 0xFB, 0xFF,
    0xFE, 0xFF, 0xFF, 0xBF, 0xFF, 0xCF, 0x00, 0x03, 0xC0, 0x00, 0xF0, 0x00, 0x3C, 0x00, 0x0F, 0x00,
    0x03, 0xC0, 0x00, 0xF0, 0x00, 0x3C, 0x00, 0x0F, 0xFF, 0xFB, 0xFF, 0xFF, 0xFF, 0xFF, 0xFF, 0xFF,
    0xF0, 0x00, 0x3C, 0x00, 0x03, 0xC0, 0x00, 0x78, 0x00, 0x07, 0x80, 0x00, 0x70, 0x00, 0x00, 0x00,
    0x38, 0x00, 0x0F, 0x80, 0x03, 0xF8, 0x00, 0xF7, 0x80, 0x3C, 0x78, 0x0F, 0x07, 0x80, 0x00, 0x00,
    0x00, 0x00, 0x00, 0xFE, 0x00, 0x7F, 0xF0, 0x1F, 0xFF, 0x07, 0xFF, 0xF1, 0xF0, 0x1F, 0x3C, 0x01,
    0xEF, 0x80, 0x3F, 0xE0, 0x03, 0xFF, 0xFF, 0xFF, 0xFF, 0xFF, 0xFF, 0xFF, 0xFF, 0xFF, 0xFF, 0xC0,
    0x00, 0x78, 0x00, 0x0F, 0x80, 0x00, 0xF0, 0x07, 0x9F, 0x81, 0xF1, 0xFF, 0xFE, 0x1F, 0xFF, 0x81,
    0xFF, 0xE0, 0x0F, 0xF0, 0x00, 0x00, 0x00, 0x00, 0x07, 0xC0, 0x00, 0xFC, 0x00, 0x03, 0x80, 0x00,
    0x70, 0x00, 0x1C, 0x00, 0x00, 0x00, 0x0F, 0x00, 0x03, 0xF0, 0x00, 0x7F, 0x00, 0x1E, 0xF0, 0x07,
    0x8F, 0x01, 0xE0, 0xF0, 0x00, 0x00, 0x00, 0x00, 0x00, 0x1F, 0xC0, 0x0F, 0xFE, 0x03, 0xFF, 0xE0,
    0xFF, 0xFE, 0x3E, 0x03, 0xE7, 0x80, 0x3D, 0xF0, 0x07, 0xFC, 0x00, 0x7F, 0xFF, 0xFF, 0xFF, 0xFF,
    0xFF, 0xFF, 0xFF, 0xFF, 0xFF, 0xF8, 0x00, 0x0F, 0x00, 0x01, 0xF0, 0x00, 0x1E, 0x00, 0xF3, 0xF0,
    0x3E, 0x3F, 0xFF, 0xC3, 0xFF, 0xF0, 0x3F, 0xFC, 0x01, 0xFE, 0x00, 0x01, 0xF0, 0x00, 0x7F, 0x00,
    0x1E, 0xF0, 0x07, 0x8F, 0x01, 0xE1, 0xF0, 0x00, 0x00, 0x00, 0x00, 0x00, 0x00, 0x00, 0x03, 0xF8,
    0x01, 0xFF, 0xC0, 0x7F, 0xFC, 0x1F, 0xFF, 0xC7, 0xC0, 0x7C, 0xF0, 0x07, 0xBE, 0x00, 0xFF, 0x80,
    0x0F, 0xFF, 0xFF, 0xFF, 0xFF, 0xFF, 0xFF, 0xFF, 0xFF, 0xFF, 0xFF, 0x00, 0x01, 0xE0, 0x00, 0x3E,
    0x00, 0x03, 0xC0, 0x1E, 0x7E, 0x07, 0xC7, 0xFF, 0xF8, 0x7F, 0xFE, 0x07, 0xFF, 0x80, 0x3F, 0xC0,
    0x00, 0x00, 0x00, 0x00, 0x00, 0x00, 0x00, 0x00, 0xE0, 0x00, 0x3E, 0x00, 0x07, 0xC0, 0x00, 0xF8,
    0x00, 0x0E, 0x00, 0xFB, 0xF1, 0xCF, 0x38, 0x00, 0x00, 0x79, 0xE7, 0x9E, 0x79, 0xE7, 0x9E, 0x79,
    0xE7, 0x9E, 0x79, 0xE7, 0x9E, 0x79, 0xE7, 0x9E, 0x78, 0x00, 0x00, 0x18, 0x07, 0x80, 0xF0, 0x3C,
    0x03, 0x00, 0x00, 0x00, 0x00, 0x00, 0xC0, 0x1C, 0x03, 0x80, 0xF0, 0x1C, 0x03, 0x80, 0xF0, 0x1C,
    0x03, 0x80, 0x70, 0x0E, 0x00, 0x00, 0x00, 0x00, 0x01, 0x80, 0x78, 0x0E, 0x01, 0x80, 0x00, 0x00,
    0x00, 0x00, 0x00, 0x01, 0xF0, 0x00, 0x7F, 0xC0, 0x0F, 0xFC, 0x01, 0xE1, 0xE0, 0x3C, 0x0E, 0x07,
    0x80, 0xE0, 0x78, 0x0F, 0x0F, 0x00, 0xF0, 0xE0, 0x0F, 0x1E, 0x00, 0xF1, 0xC0, 0x0E, 0x3C, 0x01,
    0xE3, 0x80, 0x1E, 0x38, 0x01, 0xE3, 0x80, 0x3C, 0x70, 0x03, 0xC7, 0x00, 0x78, 0x70, 0x07, 0x07,
    0x00, 0xF0, 0x70, 0x1E, 0x07, 0x03, 0xE0, 0x70, 0x7C, 0x07, 0x0F, 0x80, 0x7F, 0xF0, 0x03, 0xFE,
    0x00, 0x0F, 0x80, 0x00, 0x00, 0x00, 0x1C, 0x00, 0x01, 0xC0, 0x00, 0x3C, 0x00, 0x01, 0x80, 0x00,
    0x00, 0x00, 0x00, 0x01, 0xE0, 0x3F, 0x83, 0xFC, 0x3E, 0xE3, 0xC7, 0x1C, 0x39, 0xE1, 0xCE, 0x1E,
    0x70, 0xE7, 0x8E, 0x3D, 0xF1, 0xFF, 0x07, 0xF0, 0x1E, 0x00, 0x00, 0x00, 0x00, 0x60, 0x07, 0x80,
    0x3C, 0x00, 0xC0, 0x00, 0x00, 0x00, 0x00, 0x3F, 0x00, 0x03, 0xF0, 0x00, 0x07, 0x00, 0x00, 0x70,
    0x00, 0x0E, 0x00, 0x00, 0xC0, 0x00, 0x00, 0x00, 0x00, 0x00, 0x00, 0x3F, 0x80, 0x0F, 0xFE, 0x01,
    0xFF, 0xF0, 0x3F, 0xFF, 0x87, 0xE0, 0x7C, 0x7C, 0x07, 0xCF, 0x80, 0x3E, 0xF8, 0x03, 0xEF, 0x00,
    0x1E, 0xF0, 0x01, 0xEF, 0x00, 0x1E, 0xF0, 0x01, 0xEF, 0x00, 0x1E, 0xF8, 0x03, 0xEF, 0x80, 0x3E,
    0x7C, 0x07, 0xC7, 0xE0, 0x7C, 0x3F, 0xFF, 0x81, 0xFF, 0xF0, 0x0F, 0xFE, 0x00, 0x3F, 0x80, 0x00,
    0x00, 0x7C, 0x00, 0x00, 0x3C, 0x00, 0x00, 0x3C, 0x00, 0x00, 0x1C, 0x00, 0x00, 0x1E, 0x00, 0x00,
    0x00, 0x00, 0x00, 0x70, 0x00, 0x00, 0x7C, 0x00, 0x00, 0x7F, 0x00, 0x00, 0x7B, 0xC0, 0x00, 0x78,
    0xF0, 0x00, 0x78, 0x3C, 0x00, 0x00, 0x00, 0x00, 0x00, 0x00, 0x00, 0x03, 0xFE, 0x00, 0x07, 0xFF,
    0xC0, 0x07, 0xFF, 0xF0, 0x07, 0xFF, 0xFC, 0x07, 0xE0, 0x3F, 0x07, 0xC0, 0x07, 0xC3, 0xC0, 0x01,
    0xE3, 0xE0, 0x00, 0xF9, 0xE0, 0x00, 0x3D, 0xF0, 0x00, 0x1F, 0xF8, 0x00, 0x0F, 0xF8, 0x00, 0x03,
    0xFC, 0x00, 0x01, 0xFE, 0x00, 0x00, 0xFF, 0x00, 0x00, 0x7F, 0x80, 0x00, 0x3F, 0xC0, 0x00, 0x1F,
    0xF0, 0x00, 0x1F, 0xF8, 0x00, 0x0F, 0xBC, 0x00, 0x07, 0x9F, 0x00, 0x07, 0xC7, 0x80, 0x03, 0xC3,
    0xE0, 0x03, 0xE0, 0xFC, 0x07, 0xE0, 0x3F, 0xFF, 0xE0, 0x0F, 0xFF, 0xE0, 0x03, 0xFF, 0xE0, 0x00,
    0x7F, 0xC0, 0x00, 0x00, 0x03, 0xC0, 0x00, 0x3C, 0x00, 0x07, 0x80, 0x00, 0x70, 0x00, 0x0F, 0x00,
    0x00, 0x00, 0x00, 0xE0, 0x00, 0x1F, 0x00, 0x03, 0xF8, 0x00, 0x7B, 0xC0, 0x0F, 0x1E, 0x01, 0xE0,
    0xF0, 0x00, 0x00, 0x00, 0x00, 0x00, 0x03, 0xF8, 0x00, 0xFF, 0xE0, 0x1F, 0xFF, 0x03, 0xFF, 0xF8,
    0x7E, 0x07, 0xC7, 0xC0, 0x7C, 0xF8, 0x03, 0xEF, 0x80, 0x3E, 0xF0, 0x01, 0xEF, 0x00, 0x1E, 0xF0,
    0x01, 0xEF, 0x00, 0x1E, 0xF0, 0x01, 0xEF, 0x80, 0x3E, 0xF8, 0x03, 0xE7, 0xC0, 0x7C, 0x7E, 0x07,
    0xC3, 0xFF, 0xF8, 0x1F, 0xFF, 0x00, 0xFF, 0xE0, 0x03, 0xF8, 0x00, 0x00, 0x07, 0x80, 0x00, 0x01,
    0xE0, 0x00, 0x00, 0xF0, 0x00, 0x00, 0x3C, 0x00, 0x00, 0x0E, 0x00, 0x00, 0x00, 0x00, 0x00, 0x70,
    0x00, 0x00, 0x7C, 0x00, 0x00, 0x7F, 0x00, 0x00, 0x7B, 0xC0, 0x00, 0x78, 0xF0, 0x00, 0x78, 0x3C,
    0x00, 0x00, 0x00, 0x00, 0x00, 0x00, 0x00, 0x03, 0xFE, 0x00, 0x07, 0xFF, 0xC0, 0x07, 0xFF, 0xF0,
    0x07, 0xFF, 0xFC, 0x07, 0xE0, 0x3F, 0x07, 0xC0, 0x07, 0xC3, 0xC0, 0x01, 0xE3, 0xE0, 0x00, 0xF9,
    0xE0, 0x00, 0x3D, 0xF0, 0x00, 0x1F, 0xF8, 0x00, 0x0F, 0xF8, 0x00, 0x03, 0xFC, 0x00, 0x01, 0xFE,
    0x00, 0x00, 0xFF, 0x00, 0x00, 0x7F, 0x80, 0x00, 0x3F, 0xC0, 0x00, 0x1F, 0xF0, 0x00, 0x1F, 0xF8,
    0x00, 0x0F, 0xBC, 0x00, 0x07, 0x9F, 0x00, 0x07, 0xC7, 0x80, 0x03, 0xC3, 0xE0, 0x03, 0xE0, 0xFC,
    0x07, 0xE0, 0x3F, 0xFF, 0xE0, 0x0F, 0xFF, 0xE0, 0x03, 0xFF, 0xE0, 0x00, 0x7F, 0xC0, 0x00, 0x00,
    0x3C, 0x00, 0x01, 0xE0, 0x00, 0x1E, 0x00, 0x00, 0xF0, 0x00, 0x07, 0x00, 0x00, 0x00, 0x00, 0xE0,
    0x00, 0x1F, 0x00, 0x03, 0xF8, 0x00, 0x7B, 0xC0, 0x0F, 0x1E, 0x01, 0xE0, 0xF0, 0x00, 0x00, 0x00,
    0x00, 0x00, 0x03, 0xF8, 0x00, 0xFF, 0xE0, 0x1F, 0xFF, 0x03, 0xFF, 0xF8, 0x7E, 0x07, 0xC7, 0xC0,
    0x7C, 0xF8, 0x03, 0xEF, 0x80, 0x3E, 0xF0, 0x01, 0xEF, 0x00, 0x1E, 0xF0, 0x01, 0xEF, 0x00, 0x1E,
    0xF0, 0x01, 0xEF, 0x80, 0x3E, 0xF8, 0x03, 0xE7, 0xC0, 0x7C, 0x7E, 0x07, 0xC3, 0xFF, 0xF8, 0x1F,
    0xFF, 0x00, 0xFF, 0xE0, 0x03, 0xF8, 0x00, 0x00, 0x00, 0x00, 0x03, 0xE0, 0x00, 0x3F, 0x00, 0x00,
    0x70, 0x00, 0x0F, 0x00, 0x00, 0xE0, 0x00, 0x00, 0x00, 0x1E, 0x00, 0x01, 0xF0, 0x00, 0x3F, 0x80,
    0x07, 0xBC, 0x00, 0xF1, 0xE0, 0x1E, 0x0E, 0x00, 0x00, 0x00, 0x00, 0x00, 0x00, 0x3F, 0x80, 0x0F,
    0xFE, 0x01, 0xFF, 0xF0, 0x3F, 0xFF, 0x87, 0xE0, 0x7C, 0x7C, 0x07, 0xCF, 0x80, 0x3E, 0xF8, 0x03,
    0xEF, 0x00, 0x1E, 0xF0, 0x01, 0xEF, 0x00, 0x1E, 0xF0, 0x01, 0xEF, 0x00, 0x1E, 0xF8, 0x03, 0xEF,
    0x80, 0x3E, 0x7C, 0x07, 0xC7, 0xE0, 0x7C, 0x3F, 0xFF, 0x81, 0xFF, 0xF0, 0x0F, 0xFE, 0x00, 0x3F,
    0x80, 0x07, 0xC6, 0x00, 0xFF, 0xE0, 0x0F, 0xFE, 0x00, 0xE3, 0xC0, 0x00, 0x00, 0x00, 0x00, 0x00,
    0x00, 0xF0, 0x00, 0x1F, 0x80, 0x03, 0xFC, 0x00, 0x79, 0xC0, 0x0F, 0x1E, 0x00, 0xF0, 0xF0, 0x00,
    0x00, 0x00, 0x00, 0x00, 0x03, 0xF8, 0x00, 0xFF, 0xE0, 0x1F, 0xFF, 0x03, 0xFF, 0xF8, 0x7E, 0x07,
    0xC7, 0xC0, 0x7C, 0xF8, 0x03, 0xEF, 0x80, 0x3E, 0xF0, 0x01, 0xEF, 0x00, 0x1E, 0xF0, 0x01, 0xEF,
    0x00, 0x1E, 0xF0, 0x01, 0xEF, 0x80, 0x3E, 0xF8, 0x03, 0xE7, 0xC0, 0x7C, 0x7E, 0x07, 0xC3, 0xFF,
    0xF8, 0x1F, 0xFF, 0x00, 0xFF, 0xE0, 0x03, 0xF8, 0x00, 0x00, 0x3E, 0x00, 0x00, 0x3F, 0x80, 0x00,
    0x3D, 0xE0, 0x00, 0x3C, 0x78, 0x00, 0x3C, 0x3E, 0x00, 0x00, 0x00, 0x00, 0x00, 0x00, 0x00, 0x00,
    0x00, 0x00, 0x00, 0xFF, 0x80, 0x01, 0xFF, 0xF0, 0x01, 0xFF, 0xFC, 0x01, 0xFF, 0xFF, 0x01, 0xF8,
    0x0F, 0xC1, 0xF0, 0x01, 0xF0, 0xF0, 0x00, 0x78, 0xF8, 0x00, 0x3E, 0x78, 0x00, 0x0F, 0x7C, 0x00,
    0x07, 0xFE, 0x00, 0x03, 0xFE, 0x00, 0x00, 0xFF, 0x00, 0x00, 0x7F, 0x80, 0x00, 0x3F, 0xC0, 0x00,
    0x1F, 0xE0, 0x00, 0x0F, 0xF0, 0x00, 0x07, 0xFC, 0x00, 0x07, 0xFE, 0x00, 0x03, 0xEF, 0x00, 0x01,
    0xE7, 0xC0, 0x01, 0xF1, 0xE0, 0x00, 0xF0, 0xF8, 0x00, 0xF8, 0x3F, 0x01, 0xF8, 0x0F, 0xFF, 0xF8,
    0x03, 0xFF, 0xF8, 0x00, 0xFF, 0xF8, 0x00, 0x1F, 0xF0, 0x00, 0x00, 0x00, 0x00, 0x00, 0x00, 0x00,
    0x00, 0x00, 0x00, 0x00, 0x38, 0x00, 0x00, 0x3E, 0x00, 0x00, 0x1F, 0x00, 0x00, 0x0F, 0x80, 0x00,
    0x03, 0x80, 0x00, 0x01, 0xF0, 0x00, 0x3F, 0x80, 0x07, 0xBC, 0x00, 0xF1, 0xE0, 0x1E, 0x1F, 0x00,
    0x00, 0x00, 0x00, 0x00, 0x00, 0x00, 0x00, 0x03, 0xF8, 0x00, 0xFF, 0xE0, 0x1F, 0xFF, 0x03, 0xFF,
    0xF8, 0x7E, 0x07, 0xC7, 0xC0, 0x7C, 0xF8, 0x03, 0xEF, 0x80, 0x3E, 0xF0, 0x01, 0xEF, 0x00, 0x1E,
    0xF0, 0x01, 0xEF, 0x00, 0x1E, 0xF0, 0x01, 0xEF, 0x80, 0x3E, 0xF8, 0x03, 0xE7, 0xC0, 0x7C, 0x7E,
    0x07, 0xC3, 0xFF, 0xF8, 0x1F, 0xFF, 0x00, 0xFF, 0xE0, 0x03, 0xF8, 0x00, 0x00, 0x00, 0x00, 0x00,
    0x00, 0x00, 0x00, 0x00, 0xE0, 0x00, 0x1F, 0x00, 0x01, 0xF0, 0x00, 0x1F, 0x00, 0x00, 0xE0, 0x00,
    0x00, 0x3C, 0x00, 0x03, 0xC0, 0x00, 0x78, 0x00, 0x07, 0x80, 0x00, 0xF0, 0xF0, 0x0E, 0x0F, 0x00,
    0x00, 0xF0, 0x00, 0x0F, 0x00, 0x00, 0xF0, 0x3F, 0xFF, 0x0F, 0xFF, 0xE1, 0xFF, 0xF0, 0x3F, 0xFF,
    0x87, 0xE0, 0x7C, 0x7C, 0x07, 0xCF, 0x80, 0x3E, 0xF8, 0x03, 0xEF, 0x00, 0x1E, 0xF0, 0x01, 0xEF,
    0x00, 0x1E, 0xF0, 0x01, 0xEF, 0x00, 0x1E, 0xF8, 0x03, 0xEF, 0x80, 0x3E, 0x7C, 0x07, 0xC7, 0xE0,
    0x7C, 0x3F, 0xFF, 0x81, 0xFF, 0xF0, 0x0F, 0xFE, 0x00, 0x3F, 0x80, 0x07, 0x80, 0x00, 0x78, 0x00,
    0x03, 0xC0, 0x00, 0x3C, 0x00, 0x01, 0xE0, 0xF0, 0x0E, 0x0F, 0x00, 0x00, 0xF0, 0x00, 0x0F, 0x00,
    0x00, 0xF0, 0x3F, 0xFF, 0x0F, 0xFF, 0xE1, 0xFF, 0xF0, 0x3F, 0xFF, 0x87, 0xE0, 0x7C, 0x7C, 0x07,
    0xCF, 0x80, 0x3E, 0xF8, 0x03, 0xEF, 0x00, 0x1E, 0xF0, 0x01, 0xEF, 0x00, 0x1E, 0xF0, 0x01, 0xEF,
    0x00, 0x1E, 0xF8, 0x03, 0xEF, 0x80, 0x3E, 0x7C, 0x07, 0xC7, 0xE0, 0x7C, 0x3F, 0xFF, 0x81, 0xFF,
    0xF0, 0x0F, 0xFE, 0x00, 0x3F, 0x80, 0x00, 0x00, 0x00, 0x00, 0x3F, 0x00, 0x00, 0x1F, 0x80, 0x00,
    0x01, 0xC0, 0x00, 0x00, 0xE0, 0x00, 0x00, 0xF0, 0x3C, 0x00, 0x70, 0x1E, 0x00, 0x00, 0x0F, 0x00,
    0x00, 0x07, 0x80, 0x7F, 0xFF, 0xC0, 0xFF, 0xFF, 0xE0, 0xFF, 0xFF, 0xE0, 0xFF, 0xFF, 0x80, 0xFC,
    0x07, 0xE0, 0xF8, 0x00, 0xF8, 0x78, 0x00, 0x3C, 0x7C, 0x00, 0x1F, 0x3C, 0x00, 0x07, 0xBE, 0x00,
    0x03, 0xFF, 0x00, 0x01, 0xFF, 0x00, 0x00, 0x7F, 0x80, 0x00, 0x3F, 0xC0, 0x00, 0x1F, 0xE0, 0x00,
    0x0F, 0xF0, 0x00, 0x07, 0xF8, 0x00, 0x03, 0xFE, 0x00, 0x03, 0xFF, 0x00, 0x01, 0xF7, 0x80, 0x00,
    0xF3, 0xE0, 0x00, 0xF8, 0xF0, 0x00, 0x78, 0x7C, 0x00, 0x7C, 0x1F, 0x80, 0xFC, 0x07, 0xFF, 0xFC,
    0x01, 0xFF, 0xFC, 0x00, 0x7F, 0xFC, 0x00, 0x0F, 0xF8, 0x00, 0x00, 0x00, 0x00, 0x3F, 0x00, 0x03,
    0xF0, 0x00, 0x07, 0x00, 0x00, 0x70, 0xF0, 0x0E, 0x0F, 0x00, 0x40, 0xF0, 0x00, 0x0F, 0x00, 0x00,
    0xF0, 0x3F, 0xFF, 0x0F, 0xFF, 0xE1, 0xFF, 0xF0, 0x3F, 0xFF, 0x87, 0xE0, 0x7C, 0x7C, 0x07, 0xCF,
    0x80, 0x3E, 0xF8, 0x03, 0xEF, 0x00, 0x1E, 0xF0, 0x01, 0xEF, 0x00, 0x1E, 0xF0, 0x01, 0xEF, 0x00,
    0x1E, 0xF8, 0x03, 0xEF, 0x80, 0x3E, 0x7C, 0x07, 0xC7, 0xE0, 0x7C, 0x3F, 0xFF, 0x81, 0xFF, 0xF0,
    0x0F, 0xFE, 0x00, 0x3F, 0x80, 0x07, 0xCE, 0x00, 0xFF, 0xE0, 0x0E, 0xFC, 0xF0, 0xC1, 0x0F, 0x00,
    0x00, 0xF0, 0x00, 0x0F, 0x00, 0x00, 0xF0, 0x3F, 0xFF, 0x0F, 0xFF, 0xE1, 0xFF, 0xF0, 0x3F, 0xFF,
    0x87, 0xE0, 0x7C, 0x7C, 0x07, 0xCF, 0x80, 0x3E, 0xF8, 0x03, 0xEF, 0x00, 0x1E, 0xF0, 0x01, 0xEF,
    0x00, 0x1E, 0xF0, 0x01, 0xEF, 0x00, 0x1E, 0xF8, 0x03, 0xEF, 0x80, 0x3E, 0x7C, 0x07, 0xC7, 0xE0,
    0x7C, 0x3F, 0xFF, 0x81, 0xFF, 0xF0, 0x0F, 0xFE, 0x00, 0x3F, 0x80, 0x00, 0x00, 0xF0, 0x00, 0x0F,
    0x00, 0x00, 0xF0, 0x00, 0x0F, 0x00, 0x00, 0xF0, 0x3F, 0xFF, 0x0F, 0xFF, 0xE1, 0xFF, 0xF0, 0x3F,
    0xFF, 0x87, 0xE0, 0x7C, 0x7C, 0x07, 0xCF, 0x80, 0x3E, 0xF8, 0x03, 0xEF, 0x00, 0x1E, 0xF0, 0x01,
    0xEF, 0x00, 0x1E, 0xF0, 0x01, 0xEF, 0x00, 0x1E, 0xF8, 0x03, 0xEF, 0x80, 0x3E, 0x7C, 0x07, 0xC7,
    0xE0, 0x7C, 0x3F, 0xFF, 0x81, 0xFF, 0xF0, 0x0F, 0xFE, 0x00, 0x3F, 0x80, 0x00, 0x00, 0x00, 0x00,
    0x00, 0x00, 0x00, 0x00, 0x0E, 0x00, 0x01, 0xF0, 0x00, 0x1F, 0x00, 0x01, 0xF0, 0x00, 0x0E, 0x00,
    0x00, 0x00, 0x60, 0x87, 0x0E, 0x38, 0xF3, 0xC7, 0x9C, 0x38, 0xE1, 0xCF, 0x1E, 0x70, 0xE3, 0x8F,
    0x1C, 0xF8, 0xFF, 0xC7, 0xEE, 0x1E, 0x38, 0x01, 0xC0, 0x00, 0x70, 0x03, 0x80, 0x3C, 0x00, 0xC0,
    0x00, 0x00, 0x00, 0x00, 0x03, 0xE0, 0x00, 0x0F, 0xC0, 0x00, 0x07, 0x00, 0x00, 0x3C, 0x00, 0x00,
    0xE0, 0x00, 0x00, 0x00, 0x00, 0x00, 0x00, 0x00, 0x00, 0x03, 0xC0, 0x00, 0xFF, 0x00, 0x03, 0xFC,
    0x00, 0x0F, 0xF0, 0x00, 0x3F, 0xC0, 0x00, 0xFF, 0x00, 0x03, 0xFC, 0x00, 0x0F, 0xF0, 0x00, 0x3F,
    0xC0, 0x00, 0xFF, 0x00, 0x03, 0xFC, 0x00, 0x0F, 0xF0, 0x00, 0x3F, 0xC0, 0x00, 0xFF, 0x00, 0x03,
    0xFC, 0x00, 0x0F, 0xF0, 0x00, 0x3F, 0xC0, 0x00, 0xFF, 0x00, 0x03, 0xFC, 0x00, 0x0F, 0xF0, 0x00,
    0x3F, 0xE0, 0x01, 0xFF, 0x80, 0x07, 0xDF, 0x00, 0x3E, 0x7E, 0x01, 0xF8, 0xFF, 0xFF, 0xC1, 0xFF,
    0xFE, 0x01, 0xFF, 0xE0, 0x01, 0xFE, 0x00, 0x00, 0x00, 0x01, 0xF8, 0x00, 0x7E, 0x00, 0x03, 0x80,
    0x00, 0xE0, 0x00, 0x70, 0x00, 0x00, 0x00, 0x00, 0x00, 0x00, 0x00, 0x3C, 0x01, 0xEF, 0x00, 0x7B,
    0xC0, 0x1E, 0xF0, 0x07, 0xBC, 0x01, 0xEF, 0x00, 0x7B, 0xC0, 0x1E, 0xF0, 0x07, 0xBC, 0x01, 0xEF,
    0x00, 0x7B, 0xC0, 0x1E, 0xF0, 0x07, 0xBC, 0x01, 0xEF, 0x00, 0x7B, 0xC0, 0x1E, 0xF8, 0x0F, 0xBF,
    0x07, 0xE7, 0xFF, 0xF9, 0xFF, 0xDE, 0x3F, 0xF7, 0x83, 0xF1, 0xE0, 0x00, 0x78, 0x00, 0x07, 0x80,
    0x00, 0xF0, 0x00, 0x0F, 0x00, 0x01, 0xE0, 0x70, 0x1C, 0x07, 0x00, 0x00, 0x70, 0x00, 0x07, 0xF0,
    0x07, 0xFF, 0x00, 0x7F, 0xF0, 0x07, 0xEF, 0x00, 0x78, 0xF0, 0x07, 0x8F, 0x00, 0x78, 0xF0, 0x07,
    0x8F, 0x00, 0x78, 0xF0, 0x07, 0x8F, 0x00, 0x78, 0xF0, 0x07, 0x8F, 0x00, 0x78, 0xF0, 0x07, 0x8F,
    0x00, 0x78, 0xF0, 0x07, 0x8F, 0x80, 0xF8, 0xFC, 0x1F, 0x87, 0xFF, 0xF8, 0x7F, 0xF7, 0x83, 0xFF,
    0x78, 0x0F, 0xC7, 0x80, 0x0F, 0x00, 0x00, 0xF0, 0x00, 0x07, 0x80, 0x00, 0x78, 0x00, 0x03, 0xC0,
    0x70, 0x1C, 0x07, 0x00, 0x00, 0x70, 0x00, 0x07, 0xF0, 0x07, 0xFF, 0x00, 0x7F, 0xF0, 0x07, 0xEF,
    0x00, 0x78, 0xF0, 0x07, 0x8F, 0x00, 0x78, 0xF0, 0x07, 0x8F, 0x00, 0x78, 0xF0, 0x07, 0x8F, 0x00,
    0x78, 0xF0, 0x07, 0x8F, 0x00, 0x78, 0xF0, 0x07, 0x8F, 0x00, 0x78, 0xF0, 0x07, 0x8F, 0x80, 0xF8,
    0xFC, 0x1F, 0x87, 0xFF, 0xF8, 0x7F, 0xF7, 0x83, 0xFF, 0x78, 0x0F, 0xC7, 0x80, 0x00, 0x00, 0x00,
    0x7E, 0x00, 0x07, 0xE0, 0x00, 0x0E, 0x00, 0x00, 0xE0, 0x70, 0x1C, 0x07, 0x00, 0x00, 0x70, 0x00,
    0x07, 0x00, 0x00, 0x7F, 0x00, 0x7F, 0xF0, 0x07, 0xFF, 0x00, 0x7E, 0xF0, 0x07, 0x8F, 0x00, 0x78,
    0xF0, 0x07, 0x8F, 0x00, 0x78, 0xF0, 0x07, 0x8F, 0x00, 0x78, 0xF0, 0x07, 0x8F, 0x00, 0x78, 0xF0,
    0x07, 0x8F, 0x00, 0x78, 0xF0, 0x07, 0x8F, 0x00, 0x78, 0xF8, 0x0F, 0x8F, 0xC1, 0xF8, 0x7F, 0xFF,
    0x87, 0xFF, 0x78, 0x3F, 0xF7, 0x80, 0xFC, 0x78, 0x0F, 0x9C, 0x01, 0xFF, 0xC0, 0x1F, 0xFC, 0x01,
    0xC7, 0x07, 0x00, 0x00, 0x70, 0x00, 0x07, 0x00, 0x00, 0x7F, 0x00, 0x7F, 0xF0, 0x07, 0xFF, 0x00,
    0x7E, 0xF0, 0x07, 0x8F, 0x00, 0x78, 0xF0, 0x07, 0x8F, 0x00, 0x78, 0xF0, 0x07, 0x8F, 0x00, 0x78,
    0xF0, 0x07, 0x8F, 0x00, 0x78, 0xF0, 0x07, 0x8F, 0x00, 0x78, 0xF0, 0x07, 0x8F, 0x00, 0x78, 0xF8,
    0x0F, 0x8F, 0xC1, 0xF8, 0x7F, 0xFF, 0x87, 0xFF, 0x78, 0x3F, 0xF7, 0x80, 0xFC, 0x78, 0x00, 0x00,
    0x70, 0x00, 0x07, 0x00, 0x00, 0x70, 0x00, 0x07, 0x00, 0x00, 0x7F, 0x00, 0x7F, 0xF0, 0x07, 0xFF,
    0x00, 0x7E, 0xF0, 0x07, 0x8F, 0x00, 0x78, 0xF0, 0x07, 0x8F, 0x00, 0x78, 0xF0, 0x07, 0x8F, 0x00,
    0x78, 0xF0, 0x07, 0x8F, 0x00, 0x78, 0xF0, 0x07, 0x8F, 0x00, 0x78, 0xF0, 0x07, 0x8F, 0x00, 0x78,
    0xF8, 0x0F, 0x8F, 0xC1, 0xF8, 0x7F, 0xFF, 0x87, 0xFF, 0x78, 0x3F, 0xF7, 0x80, 0xFC, 0x78, 0x00,
    0x00, 0x00, 0x00, 0x00, 0x00, 0x00, 0x00, 0x1C, 0x00, 0x03, 0xE0, 0x00, 0x3E, 0x00, 0x03, 0xE0,
    0x00, 0x1C, 0x00, 0x07, 0xF8, 0x7F, 0xFE, 0x7F, 0xFE, 0x00, 0x00, 0x07, 0xFF, 0xFF, 0x7F, 0xFF,
    0xF0, 0x00, 0x73, 0x9E, 0x71, 0xCF, 0xBE, 0xF9, 0xC0, 0x00, 0x71, 0xF3, 0xE3, 0xC3, 0x8E, 0x1C,
    0x70, 0xC0, 0x00, 0x01, 0xC7, 0x38, 0x73, 0x8E, 0x71, 0xC7, 0x1C, 0xF9, 0xEF, 0x9F, 0xF9, 0xE7,
    0x1C, 0x00, 0x01, 0xC7, 0x1F, 0x7C, 0xFB, 0xE7, 0xCF, 0x1C, 0x38, 0xE3, 0x8F, 0x1C, 0x71, 0xC7,
    0x0C, 0x00, 0x00, 0x01, 0xC7, 0x1F, 0x7C, 0xFB, 0xE7, 0xDF, 0x1C, 0x38, 0xE3, 0x8F, 0x1C, 0x71,
    0xC7, 0x0C, 0x00, 0x00, 0x10, 0x20, 0x23, 0xC3, 0xC7, 0x9E, 0x3E, 0x3C, 0xE0, 0xE1, 0xC0,
};

static const EpdGlyph ui_script_18Glyphs[] = {
    { 0, 0, 145, 0, 0, 0, 0 }, // U+0020
    { 13, 27, 126, 2, 27, 44, 0 }, // !
    { 11, 10, 142, 6, 25, 14, 44 }, // "
    { 25, 35, 335, 2, 29, 110, 58 }, // #
    { 20, 33, 270, 2, 27, 83, 168 }, // $
    { 23, 27, 360, 3, 24, 78, 251 }, // %
    { 23, 28, 338, 2, 25, 81, 329 }, // &
    { 6, 10, 70, 6, 25, 8, 410 }, // '
    { 16, 34, 198, 5, 28, 68, 418 }, // (
    { 14, 33, 198, 1, 28, 58, 486 }, // )
    { 13, 14, 218, 7, 28, 23, 544 }, // *
    { 16, 16, 268, 3, 15, 32, 567 }, // +
    { 7, 8, 119, 0, 5, 7, 599 }, // ,
    { 11, 4, 196, 3, 10, 6, 606 }, // -
    { 6, 4, 119, 2, 6, 3, 612 }, // .
    { 19, 32, 198, 0, 28, 76, 615 }, // /
    { 15, 20, 270, 5, 20, 38, 691 }, // 0
    { 14, 22, 270, 6, 21, 39, 729 }, // 1
    { 16, 20, 270, 4, 20, 40, 768 }, // 2
    { 15, 21, 270, 4, 21, 40, 808 }, // 3
    { 16, 22, 270, 5, 22, 44, 848 }, // 4
    { 15, 21, 263, 4, 21, 40, 892 }, // 5
    { 15, 21, 278, 4, 21, 40, 932 }, // 6
    { 14, 22, 268, 6, 21, 39, 972 }, // 7
    { 17, 23, 270, 3, 21, 49, 1011 }, // 8
    { 13, 23, 265, 7, 21, 38, 1060 }, // 9
    { 9, 12, 119, 2, 14, 14, 1098 }, // :
    { 11, 17, 119, 0, 14, 24, 1112 }, // ;
    { 14, 14, 268, 4, 15, 25, 1136 }, // <
    { 15, 8, 268, 3, 13, 15, 1161 }, // =
    { 14, 14, 268, 5, 15, 25, 1176 }, // >
    { 16, 27, 224, 6, 27, 54, 1201 }, // ?
    { 24, 25, 386, 3, 20, 75, 1255 }, // @
    { 20, 29, 305, 1, 26, 73, 1330 }, // A
    { 19, 29, 313, 3, 26, 69, 1403 }, // B
    { 18, 29, 285, 4, 26, 66, 1472 }, // C
    { 23, 31, 350, 2, 27, 90, 1538 }, // D
    { 23, 26, 319, 2, 25, 75, 1628 }, // E
    { 22, 26, 277, 3, 24, 72, 1703 }, // F
    { 19, 29, 295, 4, 26, 69, 1775 }, // G
    { 26, 30, 342, 2, 27, 98, 1844 }, // H
    { 22, 27, 244, 1, 24, 75, 1942 }, // I
    { 20, 33, 187, -2, 25, 83, 2017 }, // J
    { 23, 27, 303, 3, 24, 78, 2100 }, // K
    { 14, 28, 256, 4, 26, 49, 2178 }, // L
    { 31, 28, 436, 1, 26, 109, 2227 }, // M
    { 27, 31, 367, 2, 27, 105, 2336 }, // N
    { 20, 27, 301, 4, 25, 68, 2441 }, // O
    { 21, 27, 280, 3, 25, 71, 2509 }, // P
    { 19, 30, 297, 4, 25, 72, 2580 }, // Q
    { 23, 29, 325, 3, 26, 84, 2652 }, // R
    { 22, 28, 295, 4, 26, 77, 2736 }, // S
    { 19, 26, 275, 6, 24, 62, 2813 }, // T
    { 21, 29, 289, 5, 26, 77, 2875 }, // U
    { 19, 29, 294, 7, 26, 69, 2952 }, // V
    { 30, 26, 432, 5, 24, 98, 3021 }, // W
    { 24, 28, 314, 1, 25, 84, 3119 }, // X
    { 19, 29, 302, 7, 26, 69, 3203 }, // Y
    { 25, 27, 313, 1, 25, 85, 3272 }, // Z
    { 22, 34, 198, 2, 29, 94, 3357 }, // [
    { 9, 33, 198, 6, 28, 38, 3451 }, // <backslash>
    { 21, 33, 198, -2, 28, 87, 3489 }, // ]
    { 14, 12, 268, 4, 21, 21, 3576 }, // ^
    { 15, 3, 268, 1, 3, 6, 3597 }, // _
    { 5, 8, 212, 9, 23, 5, 3603 }, // `
    { 17, 15, 266, 2, 14, 32, 3608 }, // a
    { 15, 25, 265, 4, 25, 47, 3640 }, // b
    { 13, 16, 217, 3, 16, 26, 3687 }, // c
    { 18, 26, 239, 3, 24, 59, 3713 }, // d
    { 12, 15, 199, 3, 15, 23, 3772 }, // e
    { 17, 29, 178, 2, 25, 62, 3795 }, // f
    { 14, 24, 217, 2, 16, 42, 3857 }, // g
    { 16, 23, 282, 3, 24, 46, 3899 }, // h
    { 8, 21, 116, 3, 21, 21, 3945 }, // i
    { 16, 30, 126, -4, 22, 60, 3966 }, // j
    { 14, 26, 223, 3, 25, 46, 4026 }, // k
    { 11, 26, 105, 3, 25, 36, 4072 }, // l
    { 22, 14, 340, 3, 15, 39, 4108 }, // m
    { 16, 14, 274, 3, 14, 28, 4147 }, // n
    { 13, 14, 215, 3, 14, 23, 4175 }, // o
    { 16, 25, 227, 0, 17, 50, 4198 }, // p
    { 13, 23, 226, 4, 14, 38, 4248 }, // q
    { 15, 14, 216, 3, 14, 27, 4286 }, // r
    { 13, 16, 208, 4, 16, 26, 4313 }, // s
    { 13, 21, 199, 3, 21, 35, 4339 }, // t
    { 13, 16, 222, 3, 14, 26, 4374 }, // u
    { 13, 13, 199, 3, 14, 22, 4400 }, // v
    { 18, 14, 310, 4, 15, 32, 4422 }, // w
    { 14, 14, 206, 2, 14, 25, 4454 }, // x
    { 19, 24, 205, -3, 16, 57, 4479 }, // y
    { 15, 13, 189, 1, 13, 25, 4536 }, // z
    { 16, 34, 198, 5, 29, 68, 4561 }, // {
    { 14, 35, 198, 3, 29, 62, 4629 }, // |
    { 15, 32, 198, 2, 28, 60, 4691 }, // }
    { 15, 5, 268, 4, 12, 10, 4751 }, // ~
    { 0, 0, 145, 0, 0, 0, 4761 }, // U+00A0
    { 13, 28, 126, 0, 19, 46, 4761 }, // U+00A1
    { 20, 17, 388, 4, 17, 43, 4807 }, // U+00AB
    { 11, 12, 170, 7, 27, 17, 4850 }, // U+00B0
    { 6, 6, 112, 4, 14, 5, 4867 }, // U+00B7
    { 12, 13, 170, 6, 24, 20, 4872 }, // U+00BA
    { 20, 18, 425, 6, 17, 45, 4892 }, // U+00BB
    { 16, 27, 224, 1, 19, 54, 4937 }, // U+00BF
    { 21, 36, 301, 1, 33, 95, 4991 }, // U+00C0
    { 23, 36, 301, 1, 33, 104, 5086 }, // U+00C1
    { 22, 35, 301, 1, 32, 97, 5190 }, // U+00C2
    { 24, 35, 301, 1, 32, 105, 5287 }, // U+00C4
    { 22, 35, 301, 1, 32, 97, 5392 }, // U+00C5
    { 34, 26, 470, 2, 24, 111, 5489 }, // U+00C6
    { 18, 37, 289, 4, 26, 84, 5600 }, // U+00C7
    { 23, 33, 329, 2, 32, 95, 5684 }, // U+00C9
    { 24, 33, 329, 2, 32, 99, 5779 }, // U+00CA
    { 23, 35, 240, 1, 32, 101, 5878 }, // U+00CD
    { 22, 35, 240, 1, 32, 97, 5979 }, // U+00CE
    { 20, 35, 298, 4, 33, 88, 6076 }, // U+00D2
    { 20, 34, 298, 4, 32, 85, 6164 }, // U+00D3
    { 22, 34, 298, 4, 32, 94, 6249 }, // U+00D6
    { 22, 30, 298, 3, 26, 83, 6343 }, // U+00D8
    { 21, 36, 289, 5, 33, 95, 6426 }, // U+00D9
    { 21, 36, 289, 5, 33, 95, 6521 }, // U+00DA
    { 21, 35, 289, 5, 32, 92, 6616 }, // U+00DC
    { 19, 36, 302, 7, 33, 86, 6708 }, // U+00DD
    { 19, 33, 239, 1, 25, 79, 6794 }, // U+00DF
    { 17, 23, 262, 2, 22, 49, 6873 }, // U+00E0
    { 18, 23, 262, 2, 22, 52, 6922 }, // U+00E1
    { 17, 22, 262, 2, 21, 47, 6974 }, // U+00E2
    { 19, 21, 262, 2, 20, 50, 7021 }, // U+00E3
    { 18, 22, 262, 2, 21, 50, 7071 }, // U+00E4
    { 17, 22, 262, 2, 21, 47, 7121 }, // U+00E5
    { 22, 15, 344, 2, 15, 42, 7168 }, // U+00E6
    { 14, 23, 213, 2, 15, 41, 7210 }, // U+00E7
    { 12, 23, 195, 3, 23, 35, 7251 }, // U+00E8
    { 15, 22, 195, 3, 22, 42, 7286 }, // U+00E9
    { 13, 22, 195, 3, 22, 36, 7328 }, // U+00EA
    { 15, 21, 195, 3, 21, 40, 7364 }, // U+00EB
    { 7, 23, 112, 3, 23, 21, 7404 }, // U+00EC
    { 11, 22, 112, 3, 22, 31, 7425 }, // U+00ED
    { 10, 22, 112, 3, 22, 28, 7456 }, // U+00EE
    { 12, 21, 112, 3, 21, 32, 7484 }, // U+00EF
    { 18, 20, 270, 3, 20, 45, 7516 }, // U+00F1
    { 13, 23, 212, 3, 23, 38, 7561 }, // U+00F2
    { 15, 22, 212, 3, 22, 42, 7599 }, // U+00F3
    { 14, 22, 212, 3, 22, 39, 7641 }, // U+00F4
    { 16, 20, 212, 3, 20, 40, 7680 }, // U+00F5
    { 15, 21, 212, 3, 21, 40, 7720 }, // U+00F6
    { 17, 16, 212, 1, 15, 34, 7760 }, // U+00F8
    { 13, 24, 222, 3, 22, 39, 7794 }, // U+00F9
    { 14, 24, 222, 3, 22, 42, 7833 }, // U+00FA
    { 15, 23, 222, 3, 21, 44, 7875 }, // U+00FB
    { 16, 23, 222, 3, 21, 46, 7919 }, // U+00FC
    { 20, 30, 205, -3, 22, 75, 7965 }, // U+00FD
    { 17, 23, 262, 3, 22, 49, 8040 }, // U+0103
    { 18, 20, 262, 2, 14, 45, 8089 }, // U+0105
    { 15, 22, 213, 3, 22, 42, 8134 }, // U+0107
    { 20, 35, 289, 4, 32, 88, 8176 }, // U+010C
    { 16, 22, 213, 3, 22, 44, 8264 }, // U+010D
    { 24, 36, 347, 2, 32, 108, 8308 }, // U+010E
    { 22, 26, 275, 3, 24, 72, 8416 }, // U+010F
    { 23, 30, 347, 2, 26, 87, 8488 }, // U+0110
    { 19, 26, 236, 3, 24, 62, 8575 }, // U+0111
    { 23, 33, 329, 2, 32, 95, 8637 }, // U+0116
    { 13, 21, 195, 3, 21, 35, 8732 }, // U+0117
    { 23, 32, 329, 2, 25, 92, 8767 }, // U+0118
    { 13, 21, 195, 2, 15, 35, 8859 }, // U+0119
    { 24, 33, 329, 2, 32, 99, 8894 }, // U+011A
    { 15, 22, 195, 3, 22, 42, 8993 }, // U+011B
    { 21, 35, 299, 4, 32, 92, 9035 }, // U+011E
    { 17, 31, 213, 1, 23, 66, 9127 }, // U+011F
    { 12, 21, 112, 3, 21, 32, 9193 }, // U+0129
    { 22, 33, 240, 1, 24, 91, 9225 }, // U+012E
    { 13, 28, 112, -2, 21, 46, 9316 }, // U+012F
    { 22, 35, 240, 1, 32, 97, 9362 }, // U+0130
    { 6, 13, 112, 3, 13, 10, 9459 }, // U+0131
    { 14, 32, 101, 3, 31, 56, 9469 }, // U+013A
    { 19, 28, 256, 4, 26, 67, 9525 }, // U+013D
    { 16, 26, 181, 3, 25, 52, 9592 }, // U+013E
    { 17, 28, 256, 1, 26, 60, 9644 }, // U+0141
    { 13, 26, 135, 2, 25, 43, 9704 }, // U+0142
    { 17, 22, 270, 3, 22, 47, 9747 }, // U+0144
    { 18, 22, 270, 3, 22, 50, 9794 }, // U+0148
    { 17, 22, 212, 2, 22, 47, 9844 }, // U+0151
    { 16, 22, 216, 3, 22, 44, 9891 }, // U+0155
    { 23, 36, 299, 3, 33, 104, 9935 }, // U+0158
    { 16, 22, 216, 3, 22, 44, 10039 }, // U+0159
    { 22, 35, 292, 4, 33, 97, 10083 }, // U+015A
    { 16, 24, 205, 3, 24, 48, 10180 }, // U+015B
    { 22, 35, 292, 4, 26, 97, 10228 }, // U+015E
    { 14, 24, 205, 2, 16, 42, 10325 }, // U+015F
    { 22, 34, 292, 4, 32, 94, 10367 }, // U+0160
    { 15, 24, 205, 3, 24, 45, 10461 }, // U+0161
    { 14, 29, 199, 2, 20, 51, 10506 }, // U+0163
    { 19, 34, 275, 6, 32, 81, 10557 }, // U+0164
    { 17, 24, 210, 3, 24, 51, 10638 }, // U+0165
    { 16, 21, 222, 3, 19, 42, 10689 }, // U+016B
    { 21, 35, 289, 5, 32, 92, 10731 }, // U+016E
    { 13, 23, 222, 3, 21, 38, 10823 }, // U+016F
    { 21, 35, 289, 5, 32, 92, 10861 }, // U+0170
    { 17, 24, 222, 3, 22, 51, 10953 }, // U+0171
    { 23, 35, 289, 3, 26, 101, 11004 }, // U+0172
    { 13, 22, 222, 3, 14, 36, 11105 }, // U+0173
    { 16, 22, 189, 1, 22, 44, 11141 }, // U+017A
    { 15, 21, 189, 1, 21, 40, 11185 }, // U+017C
    { 25, 34, 313, 1, 32, 107, 11225 }, // U+017D
    { 16, 22, 189, 1, 22, 44, 11332 }, // U+017E
    { 20, 26, 358, 2, 26, 65, 11376 }, // U+01A1
    { 20, 26, 379, 3, 26, 65, 11441 }, // U+01B0
    { 22, 35, 292, 4, 27, 97, 11506 }, // U+0218
    { 14, 23, 205, 2, 16, 41, 11603 }, // U+0219
    { 22, 32, 275, 3, 24, 88, 11644 }, // U+021A
    { 14, 28, 199, 2, 21, 49, 11732 }, // U+021B
    { 20, 30, 293, 3, 28, 75, 11781 }, // U+0404
    { 22, 29, 244, 1, 26, 80, 11856 }, // U+0406
    { 20, 30, 305, 1, 27, 75, 11936 }, // U+0410
    { 21, 30, 313, 4, 28, 79, 12011 }, // U+0411
    { 19, 30, 311, 3, 26, 72, 12090 }, // U+0412
    { 23, 27, 277, 2, 25, 78, 12162 }, // U+0413
    { 30, 36, 442, 1, 27, 135, 12240 }, // U+0414
    { 23, 28, 332, 2, 26, 81, 12375 }, // U+0415
    { 36, 30, 495, 0, 27, 135, 12456 }, // U+0416
    { 20, 31, 335, 4, 29, 78, 12591 }, // U+0417
    { 28, 32, 379, 2, 28, 112, 12669 }, // U+0418
    { 28, 38, 379, 2, 34, 133, 12781 }, // U+0419
    { 23, 29, 303, 3, 26, 84, 12914 }, // U+041A
    { 24, 30, 384, 3, 27, 90, 12998 }, // U+041B
    { 31, 29, 436, 1, 27, 113, 13088 }, // U+041C
    { 26, 31, 342, 2, 28, 101, 13201 }, // U+041D
    { 20, 28, 301, 4, 26, 70, 13302 }, // U+041E
    { 27, 29, 362, 3, 27, 98, 13372 }, // U+041F
    { 21, 29, 283, 3, 27, 77, 13470 }, // U+0420
    { 18, 31, 293, 4, 28, 70, 13547 }, // U+0421
    { 19, 28, 275, 6, 26, 67, 13617 }, // U+0422
    { 20, 32, 320, 6, 28, 80, 13684 }, // U+0423
    { 25, 34, 389, 3, 29, 107, 13764 }, // U+0424
    { 24, 29, 314, 1, 26, 87, 13871 }, // U+0425
    { 24, 35, 398, 5, 25, 105, 13958 }, // U+0426
    { 19, 32, 329, 7, 28, 76, 14063 }, // U+0427
    { 33, 28, 499, 3, 27, 116, 14139 }, // U+0428
    { 32, 36, 510, 2, 26, 144, 14255 }, // U+0429
    { 29, 30, 397, 3, 29, 109, 14399 }, // U+042B
    { 16, 29, 275, 3, 27, 58, 14508 }, // U+042C
    { 19, 29, 298, 3, 27, 69, 14566 }, // U+042D
    { 24, 31, 347, 3, 28, 93, 14635 }, // U+042F
    { 17, 15, 266, 2, 15, 32, 14728 }, // U+0430
    { 19, 25, 206, 3, 25, 60, 14760 }, // U+0431
    { 18, 27, 205, 3, 27, 61, 14820 }, // U+0432
    { 13, 16, 179, 3, 15, 26, 14881 }, // U+0433
    { 13, 26, 225, 4, 26, 43, 14907 }, // U+0434
    { 12, 16, 199, 3, 16, 24, 14950 }, // U+0435
    { 23, 18, 326, 1, 16, 52, 14974 }, // U+0436
    { 18, 28, 184, -4, 15, 63, 15026 }, // U+0437
    { 13, 16, 222, 3, 15, 26, 15089 }, // U+0438
    { 15, 23, 253, 3, 22, 44, 15115 }, // U+0439
    { 15, 17, 232, 4, 16, 32, 15159 }, // U+043A
    { 16, 15, 223, 1, 15, 30, 15191 }, // U+043B
    { 21, 16, 323, 2, 15, 42, 15221 }, // U+043C
    { 15, 17, 259, 3, 16, 32, 15263 }, // U+043D
    { 13, 15, 215, 3, 15, 25, 15295 }, // U+043E
    { 14, 16, 250, 4, 16, 28, 15320 }, // U+043F
    { 16, 26, 227, 0, 17, 52, 15348 }, // U+0440
    { 13, 16, 217, 3, 16, 26, 15400 }, // U+0441
    { 19, 15, 317, 4, 16, 36, 15426 }, // U+0442
    { 19, 25, 205, -3, 17, 60, 15462 }, // U+0443
    { 21, 28, 340, 3, 18, 74, 15522 }, // U+0444
    { 14, 15, 206, 2, 15, 27, 15596 }, // U+0445
    { 15, 20, 262, 3, 15, 38, 15623 }, // U+0446
    { 13, 17, 205, 3, 16, 28, 15661 }, // U+0447
    { 21, 13, 352, 3, 14, 35, 15689 }, // U+0448
    { 18, 20, 316, 4, 15, 45, 15724 }, // U+0449
    { 11, 17, 202, 3, 16, 24, 15769 }, // U+044A
    { 20, 16, 327, 4, 15, 40, 15793 }, // U+044B
    { 11, 17, 205, 4, 16, 24, 15833 }, // U+044C
    { 14, 16, 190, 1, 15, 28, 15857 }, // U+044D
    { 19, 17, 322, 3, 16, 41, 15885 }, // U+044E
    { 13, 17, 220, 2, 17, 28, 15926 }, // U+044F
    { 15, 22, 199, 3, 22, 42, 15954 }, // U+0451
    { 12, 16, 220, 3, 15, 24, 15996 }, // U+0454
    { 8, 23, 116, 3, 22, 23, 16020 }, // U+0456
    { 12, 23, 112, 3, 22, 35, 16043 }, // U+0457
    { 20, 32, 215, -3, 24, 80, 16078 }, // U+045E
    { 17, 22, 205, 1, 20, 47, 16158 }, // U+0491
    { 23, 27, 306, 4, 25, 78, 16205 }, // U+0492
    { 14, 16, 169, 1, 15, 28, 16283 }, // U+0493
    { 23, 35, 339, 3, 26, 101, 16311 }, // U+049A
    { 14, 25, 256, 4, 17, 44, 16412 }, // U+049B
    { 25, 39, 386, 2, 28, 122, 16456 }, // U+04A2
    { 15, 20, 257, 3, 15, 38, 16578 }, // U+04A3
    { 19, 30, 302, 7, 27, 72, 16616 }, // U+04AE
    { 13, 25, 227, 4, 15, 41, 16688 }, // U+04AF
    { 21, 30, 333, 7, 27, 79, 16729 }, // U+04B0
    { 17, 25, 270, 3, 14, 54, 16808 }, // U+04B1
    { 22, 27, 299, 3, 25, 75, 16862 }, // U+04D8
    { 12, 16, 195, 3, 16, 24, 16937 }, // U+04D9
    { 20, 28, 301, 4, 26, 70, 16961 }, // U+04E8
    { 13, 15, 215, 3, 15, 25, 17031 }, // U+04E9
    { 17, 29, 338, 1, 21, 62, 17056 }, // U+1EA1
    { 26, 36, 423, 0, 36, 117, 17118 }, // U+1EA2
    { 17, 30, 338, 1, 30, 64, 17235 }, // U+1EA3
    { 18, 35, 338, 1, 35, 79, 17299 }, // U+1EA5
    { 26, 42, 423, 0, 42, 137, 17378 }, // U+1EA6
    { 17, 35, 338, 1, 35, 75, 17515 }, // U+1EA7
    { 26, 42, 423, 0, 42, 137, 17590 }, // U+1EA8
    { 17, 36, 338, 1, 36, 77, 17727 }, // U+1EA9
    { 17, 35, 338, 1, 35, 75, 17804 }, // U+1EAB
    { 26, 44, 423, 0, 36, 143, 17879 }, // U+1EAC
    { 17, 37, 338, 1, 29, 79, 18022 }, // U+1EAD
    { 26, 42, 423, 0, 42, 137, 18101 }, // U+1EAE
    { 17, 35, 338, 1, 35, 75, 18238 }, // U+1EAF
    { 17, 35, 338, 1, 35, 75, 18313 }, // U+1EB1
    { 17, 35, 338, 1, 35, 75, 18388 }, // U+1EB5
    { 17, 37, 338, 1, 29, 79, 18463 }, // U+1EB7
    { 12, 21, 195, 3, 15, 32, 18542 }, // U+1EB9
    { 19, 30, 350, 2, 30, 72, 18574 }, // U+1EBB
    { 15, 21, 195, 3, 21, 40, 18646 }, // U+1EBD
    { 19, 35, 350, 2, 35, 84, 18686 }, // U+1EBF
    { 18, 42, 361, 3, 42, 95, 18770 }, // U+1EC0
    { 19, 35, 350, 2, 35, 84, 18865 }, // U+1EC1
    { 19, 36, 350, 2, 36, 86, 18949 }, // U+1EC3
    { 19, 37, 350, 2, 29, 88, 19035 }, // U+1EC7
    { 6, 29, 149, 1, 29, 22, 19123 }, // U+1EC9
    { 11, 28, 112, 0, 21, 39, 19145 }, // U+1ECB
    { 20, 33, 298, 4, 25, 83, 19184 }, // U+1ECC
    { 13, 20, 212, 3, 14, 33, 19267 }, // U+1ECD
    { 20, 30, 359, 2, 30, 75, 19300 }, // U+1ECF
    { 25, 42, 459, 2, 42, 132, 19375 }, // U+1ED0
    { 20, 35, 359, 2, 35, 88, 19507 }, // U+1ED1
    { 25, 42, 459, 2, 42, 132, 19595 }, // U+1ED2
    { 20, 35, 359, 2, 35, 88, 19727 }, // U+1ED3
    { 20, 36, 359, 2, 36, 90, 19815 }, // U+1ED5
    { 20, 35, 359, 2, 35, 88, 19905 }, // U+1ED7
    { 25, 44, 459, 2, 36, 138, 19993 }, // U+1ED8
    { 20, 37, 359, 2, 29, 93, 20131 }, // U+1ED9
    { 20, 30, 358, 2, 30, 75, 20224 }, // U+1EDB
    { 20, 30, 358, 2, 30, 75, 20299 }, // U+1EDD
    { 25, 37, 459, 2, 37, 116, 20374 }, // U+1EDE
    { 20, 30, 358, 2, 30, 75, 20490 }, // U+1EDF
    { 20, 28, 358, 2, 28, 70, 20565 }, // U+1EE1
    { 20, 34, 358, 2, 26, 85, 20635 }, // U+1EE3
    { 13, 20, 222, 3, 14, 33, 20720 }, // U+1EE5
    { 22, 37, 442, 3, 37, 102, 20753 }, // U+1EE6
    { 18, 30, 358, 3, 30, 68, 20855 }, // U+1EE7
    { 20, 29, 379, 3, 29, 73, 20923 }, // U+1EE9
    { 20, 29, 379, 3, 29, 73, 20996 }, // U+1EEB
    { 20, 30, 379, 3, 30, 75, 21069 }, // U+1EED
    { 20, 28, 379, 3, 28, 70, 21144 }, // U+1EEF
    { 20, 34, 379, 3, 26, 85, 21214 }, // U+1EF1
    { 16, 3, 268, 3, 9, 6, 21299 }, // U+2013
    { 20, 3, 340, 3, 10, 8, 21305 }, // U+2014
    { 6, 10, 70, 6, 26, 8, 21313 }, // U+2018
    { 7, 10, 70, 6, 26, 9, 21321 }, // U+2019
    { 12, 10, 160, 6, 26, 15, 21330 }, // U+201C
    { 13, 10, 160, 6, 26, 17, 21345 }, // U+201D
    { 13, 11, 160, 0, 6, 18, 21362 }, // U+201E
    { 21, 4, 356, 2, 6, 11, 21380 }, // U+2026
};

static const EpdUnicodeInterval ui_script_18Intervals[] = {
    { 0x20, 0x7E, 0x0 },
    { 0xA0, 0xA1, 0x5F },
    { 0xAB, 0xAB, 0x61 },
    { 0xB0, 0xB0, 0x62 },
    { 0xB7, 0xB7, 0x63 },
    { 0xBA, 0xBB, 0x64 },
    { 0xBF, 0xC2, 0x66 },
    { 0xC4, 0xC7, 0x6A },
    { 0xC9, 0xCA, 0x6E },
    { 0xCD, 0xCE, 0x70 },
    { 0xD2, 0xD3, 0x72 },
    { 0xD6, 0xD6, 0x74 },
    { 0xD8, 0xDA, 0x75 },
    { 0xDC, 0xDD, 0x78 },
    { 0xDF, 0xEF, 0x7A },
    { 0xF1, 0xF6, 0x8B },
    { 0xF8, 0xFD, 0x91 },
    { 0x103, 0x103, 0x97 },
    { 0x105, 0x105, 0x98 },
    { 0x107, 0x107, 0x99 },
    { 0x10C, 0x111, 0x9A },
    { 0x116, 0x11B, 0xA0 },
    { 0x11E, 0x11F, 0xA6 },
    { 0x129, 0x129, 0xA8 },
    { 0x12E, 0x131, 0xA9 },
    { 0x13A, 0x13A, 0xAD },
    { 0x13D, 0x13E, 0xAE },
    { 0x141, 0x142, 0xB0 },
    { 0x144, 0x144, 0xB2 },
    { 0x148, 0x148, 0xB3 },
    { 0x151, 0x151, 0xB4 },
    { 0x155, 0x155, 0xB5 },
    { 0x158, 0x15B, 0xB6 },
    { 0x15E, 0x161, 0xBA },
    { 0x163, 0x165, 0xBE },
    { 0x16B, 0x16B, 0xC1 },
    { 0x16E, 0x173, 0xC2 },
    { 0x17A, 0x17A, 0xC8 },
    { 0x17C, 0x17E, 0xC9 },
    { 0x1A1, 0x1A1, 0xCC },
    { 0x1B0, 0x1B0, 0xCD },
    { 0x218, 0x21B, 0xCE },
    { 0x404, 0x404, 0xD2 },
    { 0x406, 0x406, 0xD3 },
    { 0x410, 0x429, 0xD4 },
    { 0x42B, 0x42D, 0xEE },
    { 0x42F, 0x44F, 0xF1 },
    { 0x451, 0x451, 0x112 },
    { 0x454, 0x454, 0x113 },
    { 0x456, 0x457, 0x114 },
    { 0x45E, 0x45E, 0x116 },
    { 0x491, 0x493, 0x117 },
    { 0x49A, 0x49B, 0x11A },
    { 0x4A2, 0x4A3, 0x11C },
    { 0x4AE, 0x4B1, 0x11E },
    { 0x4D8, 0x4D9, 0x122 },
    { 0x4E8, 0x4E9, 0x124 },
    { 0x1EA1, 0x1EA3, 0x126 },
    { 0x1EA5, 0x1EA9, 0x129 },
    { 0x1EAB, 0x1EAF, 0x12E },
    { 0x1EB1, 0x1EB1, 0x133 },
    { 0x1EB5, 0x1EB5, 0x134 },
    { 0x1EB7, 0x1EB7, 0x135 },
    { 0x1EB9, 0x1EB9, 0x136 },
    { 0x1EBB, 0x1EBB, 0x137 },
    { 0x1EBD, 0x1EBD, 0x138 },
    { 0x1EBF, 0x1EC1, 0x139 },
    { 0x1EC3, 0x1EC3, 0x13C },
    { 0x1EC7, 0x1EC7, 0x13D },
    { 0x1EC9, 0x1EC9, 0x13E },
    { 0x1ECB, 0x1ECD, 0x13F },
    { 0x1ECF, 0x1ED3, 0x142 },
    { 0x1ED5, 0x1ED5, 0x147 },
    { 0x1ED7, 0x1ED9, 0x148 },
    { 0x1EDB, 0x1EDB, 0x14B },
    { 0x1EDD, 0x1EDF, 0x14C },
    { 0x1EE1, 0x1EE1, 0x14F },
    { 0x1EE3, 0x1EE3, 0x150 },
    { 0x1EE5, 0x1EE7, 0x151 },
    { 0x1EE9, 0x1EE9, 0x154 },
    { 0x1EEB, 0x1EEB, 0x155 },
    { 0x1EED, 0x1EED, 0x156 },
    { 0x1EEF, 0x1EEF, 0x157 },
    { 0x1EF1, 0x1EF1, 0x158 },
    { 0x2013, 0x2014, 0x159 },
    { 0x2018, 0x2019, 0x15B },
    { 0x201C, 0x201E, 0x15D },
    { 0x2026, 0x2026, 0x160 },
};

static const EpdKernClassEntry ui_script_18KernLeftClasses[] = {
    { 0x0041, 1 }, // A
    { 0x0042, 2 }, // B
    { 0x0043, 3 }, // C
    { 0x0044, 4 }, // D
    { 0x0045, 5 }, // E
    { 0x0046, 6 }, // F
    { 0x0047, 7 }, // G
    { 0x0048, 8 }, // H
    { 0x0049, 9 }, // I
    { 0x004A, 10 }, // J
    { 0x004B, 11 }, // K
    { 0x004C, 12 }, // L
    { 0x004D, 13 }, // M
    { 0x004E, 14 }, // N
    { 0x004F, 15 }, // O
    { 0x0050, 16 }, // P
    { 0x0051, 17 }, // Q
    { 0x0052, 18 }, // R
    { 0x0053, 19 }, // S
    { 0x0054, 20 }, // T
    { 0x0055, 21 }, // U
    { 0x0056, 22 }, // V
    { 0x0057, 23 }, // W
    { 0x0058, 24 }, // X
    { 0x0059, 25 }, // Y
    { 0x005A, 26 }, // Z
    { 0x0061, 27 }, // a
    { 0x0062, 28 }, // b
    { 0x0063, 29 }, // c
    { 0x0064, 30 }, // d
    { 0x0065, 31 }, // e
    { 0x0066, 32 }, // f
    { 0x0067, 33 }, // g
    { 0x0068, 34 }, // h
    { 0x0069, 35 }, // i
    { 0x006A, 36 }, // j
    { 0x006B, 37 }, // k
    { 0x006C, 38 }, // l
    { 0x006D, 39 }, // m
    { 0x006E, 40 }, // n
    { 0x006F, 41 }, // o
    { 0x0070, 42 }, // p
    { 0x0071, 43 }, // q
    { 0x0072, 44 }, // r
    { 0x0073, 45 }, // s
    { 0x0074, 46 }, // t
    { 0x0075, 47 }, // u
    { 0x0076, 48 }, // v
    { 0x0077, 49 }, // w
    { 0x0078, 50 }, // x
    { 0x0079, 51 }, // y
    { 0x007A, 52 }, // z
    { 0x01B0, 53 }, // U+01B0
    { 0x0406, 54 }, // U+0406
    { 0x0410, 55 }, // U+0410
    { 0x0411, 56 }, // U+0411
    { 0x0412, 57 }, // U+0412
    { 0x0413, 58 }, // U+0413
    { 0x0414, 59 }, // U+0414
    { 0x0415, 60 }, // U+0415
    { 0x0416, 61 }, // U+0416
    { 0x0417, 62 }, // U+0417
    { 0x0418, 63 }, // U+0418
    { 0x0419, 63 }, // U+0419
    { 0x041A, 64 }, // U+041A
    { 0x041B, 65 }, // U+041B
    { 0x041C, 66 }, // U+041C
    { 0x041D, 67 }, // U+041D
    { 0x041E, 68 }, // U+041E
    { 0x041F, 69 }, // U+041F
    { 0x0420, 70 }, // U+0420
    { 0x0421, 71 }, // U+0421
    { 0x0422, 72 }, // U+0422
    { 0x0423, 73 }, // U+0423
    { 0x0424, 74 }, // U+0424
    { 0x0425, 75 }, // U+0425
    { 0x0426, 76 }, // U+0426
    { 0x0427, 77 }, // U+0427
    { 0x0428, 78 }, // U+0428
    { 0x0429, 79 }, // U+0429
    { 0x042B, 80 }, // U+042B
    { 0x042C, 81 }, // U+042C
    { 0x042D, 82 }, // U+042D
    { 0x042F, 83 }, // U+042F
    { 0x0430, 84 }, // U+0430
    { 0x0431, 85 }, // U+0431
    { 0x0432, 86 }, // U+0432
    { 0x0433, 87 }, // U+0433
    { 0x0434, 88 }, // U+0434
    { 0x0435, 89 }, // U+0435
    { 0x0436, 90 }, // U+0436
    { 0x0437, 91 }, // U+0437
    { 0x0438, 92 }, // U+0438
    { 0x0439, 93 }, // U+0439
    { 0x043A, 94 }, // U+043A
    { 0x043B, 95 }, // U+043B
    { 0x043C, 96 }, // U+043C
    { 0x043D, 97 }, // U+043D
    { 0x043E, 98 }, // U+043E
    { 0x043F, 99 }, // U+043F
    { 0x0440, 100 }, // U+0440
    { 0x0441, 101 }, // U+0441
    { 0x0442, 102 }, // U+0442
    { 0x0443, 103 }, // U+0443
    { 0x0444, 104 }, // U+0444
    { 0x0445, 105 }, // U+0445
    { 0x0446, 106 }, // U+0446
    { 0x0447, 107 }, // U+0447
    { 0x0448, 108 }, // U+0448
    { 0x0449, 109 }, // U+0449
    { 0x044A, 110 }, // U+044A
    { 0x044B, 111 }, // U+044B
    { 0x044C, 112 }, // U+044C
    { 0x044D, 113 }, // U+044D
    { 0x044E, 114 }, // U+044E
    { 0x044F, 115 }, // U+044F
    { 0x045E, 116 }, // U+045E
    { 0x0491, 117 }, // U+0491
    { 0x049A, 118 }, // U+049A
    { 0x049B, 119 }, // U+049B
    { 0x04A3, 120 }, // U+04A3
    { 0x04AE, 121 }, // U+04AE
    { 0x04D8, 122 }, // U+04D8
    { 0x04D9, 123 }, // U+04D9
    { 0x04E8, 122 }, // U+04E8
    { 0x04E9, 123 }, // U+04E9
    { 0x1EA2, 124 }, // U+1EA2
    { 0x1EA6, 124 }, // U+1EA6
    { 0x1EA8, 124 }, // U+1EA8
    { 0x1EAC, 124 }, // U+1EAC
    { 0x1EAE, 124 }, // U+1EAE
    { 0x1EBB, 125 }, // U+1EBB
    { 0x1EBF, 125 }, // U+1EBF
    { 0x1EC1, 125 }, // U+1EC1
    { 0x1EC3, 125 }, // U+1EC3
    { 0x1EC7, 125 }, // U+1EC7
    { 0x1ECF, 125 }, // U+1ECF
    { 0x1ED0, 126 }, // U+1ED0
    { 0x1ED1, 125 }, // U+1ED1
    { 0x1ED2, 126 }, // U+1ED2
    { 0x1ED3, 125 }, // U+1ED3
    { 0x1ED5, 125 }, // U+1ED5
    { 0x1ED7, 125 }, // U+1ED7
    { 0x1ED8, 126 }, // U+1ED8
    { 0x1ED9, 125 }, // U+1ED9
    { 0x1EDB, 125 }, // U+1EDB
    { 0x1EDD, 125 }, // U+1EDD
    { 0x1EDE, 126 }, // U+1EDE
    { 0x1EDF, 125 }, // U+1EDF
    { 0x1EE1, 125 }, // U+1EE1
    { 0x1EE3, 125 }, // U+1EE3
    { 0x1EE6, 127 }, // U+1EE6
    { 0x1EED, 53 }, // U+1EED
    { 0x2018, 128 }, // U+2018
};

static const EpdKernClassEntry ui_script_18KernRightClasses[] = {
    { 0x0041, 1 }, // A
    { 0x0042, 2 }, // B
    { 0x0043, 3 }, // C
    { 0x0044, 4 }, // D
    { 0x0045, 5 }, // E
    { 0x0046, 6 }, // F
    { 0x0047, 7 }, // G
    { 0x0048, 8 }, // H
    { 0x0049, 9 }, // I
    { 0x004A, 10 }, // J
    { 0x004B, 11 }, // K
    { 0x004C, 12 }, // L
    { 0x004D, 13 }, // M
    { 0x004E, 14 }, // N
    { 0x004F, 15 }, // O
    { 0x0050, 16 }, // P
    { 0x0051, 17 }, // Q
    { 0x0052, 18 }, // R
    { 0x0053, 19 }, // S
    { 0x0054, 20 }, // T
    { 0x0055, 21 }, // U
    { 0x0056, 22 }, // V
    { 0x0057, 23 }, // W
    { 0x0058, 24 }, // X
    { 0x0059, 25 }, // Y
    { 0x005A, 26 }, // Z
    { 0x0061, 27 }, // a
    { 0x0062, 28 }, // b
    { 0x0063, 29 }, // c
    { 0x0064, 30 }, // d
    { 0x0065, 31 }, // e
    { 0x0066, 32 }, // f
    { 0x0067, 33 }, // g
    { 0x0068, 34 }, // h
    { 0x0069, 35 }, // i
    { 0x006A, 36 }, // j
    { 0x006B, 37 }, // k
    { 0x006C, 38 }, // l
    { 0x006D, 39 }, // m
    { 0x006E, 40 }, // n
    { 0x006F, 41 }, // o
    { 0x0070, 42 }, // p
    { 0x0071, 43 }, // q
    { 0x0072, 44 }, // r
    { 0x0073, 45 }, // s
    { 0x0074, 46 }, // t
    { 0x0075, 47 }, // u
    { 0x0076, 48 }, // v
    { 0x0077, 49 }, // w
    { 0x0078, 50 }, // x
    { 0x0079, 51 }, // y
    { 0x007A, 52 }, // z
    { 0x01A1, 53 }, // U+01A1
    { 0x0406, 54 }, // U+0406
    { 0x0410, 55 }, // U+0410
    { 0x0411, 56 }, // U+0411
    { 0x0412, 57 }, // U+0412
    { 0x0413, 58 }, // U+0413
    { 0x0414, 59 }, // U+0414
    { 0x0415, 60 }, // U+0415
    { 0x0416, 61 }, // U+0416
    { 0x0417, 62 }, // U+0417
    { 0x041A, 63 }, // U+041A
    { 0x041B, 64 }, // U+041B
    { 0x041C, 65 }, // U+041C
    { 0x041D, 66 }, // U+041D
    { 0x041E, 67 }, // U+041E
    { 0x041F, 68 }, // U+041F
    { 0x0420, 69 }, // U+0420
    { 0x0421, 70 }, // U+0421
    { 0x0422, 71 }, // U+0422
    { 0x0423, 72 }, // U+0423
    { 0x0424, 73 }, // U+0424
    { 0x0425, 74 }, // U+0425
    { 0x0426, 75 }, // U+0426
    { 0x0427, 76 }, // U+0427
    { 0x0429, 77 }, // U+0429
    { 0x042C, 78 }, // U+042C
    { 0x042D, 79 }, // U+042D
    { 0x042F, 80 }, // U+042F
    { 0x0430, 81 }, // U+0430
    { 0x0431, 82 }, // U+0431
    { 0x0432, 83 }, // U+0432
    { 0x0433, 84 }, // U+0433
    { 0x0434, 85 }, // U+0434
    { 0x0435, 86 }, // U+0435
    { 0x0436, 87 }, // U+0436
    { 0x0437, 88 }, // U+0437
    { 0x0438, 89 }, // U+0438
    { 0x0439, 90 }, // U+0439
    { 0x043A, 91 }, // U+043A
    { 0x043B, 92 }, // U+043B
    { 0x043C, 93 }, // U+043C
    { 0x043D, 94 }, // U+043D
    { 0x043E, 95 }, // U+043E
    { 0x043F, 96 }, // U+043F
    { 0x0440, 97 }, // U+0440
    { 0x0441, 98 }, // U+0441
    { 0x0442, 99 }, // U+0442
    { 0x0443, 100 }, // U+0443
    { 0x0444, 101 }, // U+0444
    { 0x0445, 102 }, // U+0445
    { 0x0446, 103 }, // U+0446
    { 0x0447, 104 }, // U+0447
    { 0x0448, 105 }, // U+0448
    { 0x0449, 106 }, // U+0449
    { 0x044A, 107 }, // U+044A
    { 0x044B, 108 }, // U+044B
    { 0x044C, 109 }, // U+044C
    { 0x044D, 110 }, // U+044D
    { 0x044E, 111 }, // U+044E
    { 0x044F, 112 }, // U+044F
    { 0x0451, 113 }, // U+0451
    { 0x0454, 114 }, // U+0454
    { 0x0456, 115 }, // U+0456
    { 0x0457, 116 }, // U+0457
    { 0x045E, 117 }, // U+045E
    { 0x0491, 118 }, // U+0491
    { 0x0493, 119 }, // U+0493
    { 0x049A, 120 }, // U+049A
    { 0x049B, 121 }, // U+049B
    { 0x04A2, 122 }, // U+04A2
    { 0x04A3, 123 }, // U+04A3
    { 0x04AE, 124 }, // U+04AE
    { 0x04D9, 125 }, // U+04D9
    { 0x04E8, 126 }, // U+04E8
    { 0x04E9, 125 }, // U+04E9
    { 0x1EA1, 127 }, // U+1EA1
    { 0x1EA2, 128 }, // U+1EA2
    { 0x1EA3, 127 }, // U+1EA3
    { 0x1EA5, 127 }, // U+1EA5
    { 0x1EA6, 128 }, // U+1EA6
    { 0x1EA7, 127 }, // U+1EA7
    { 0x1EA8, 128 }, // U+1EA8
    { 0x1EA9, 127 }, // U+1EA9
    { 0x1EAB, 127 }, // U+1EAB
    { 0x1EAC, 128 }, // U+1EAC
    { 0x1EAD, 127 }, // U+1EAD
    { 0x1EAE, 128 }, // U+1EAE
    { 0x1EAF, 127 }, // U+1EAF
    { 0x1EB1, 127 }, // U+1EB1
    { 0x1EB5, 127 }, // U+1EB5
    { 0x1EB7, 127 }, // U+1EB7
    { 0x1EBB, 53 }, // U+1EBB
    { 0x1EBF, 53 }, // U+1EBF
    { 0x1EC1, 53 }, // U+1EC1
    { 0x1EC3, 53 }, // U+1EC3
    { 0x1EC7, 53 }, // U+1EC7
    { 0x1EC9, 129 }, // U+1EC9
    { 0x1ECF, 53 }, // U+1ECF
    { 0x1ED0, 130 }, // U+1ED0
    { 0x1ED1, 53 }, // U+1ED1
    { 0x1ED2, 130 }, // U+1ED2
    { 0x1ED3, 53 }, // U+1ED3
    { 0x1ED5, 53 }, // U+1ED5
    { 0x1ED7, 53 }, // U+1ED7
    { 0x1ED8, 130 }, // U+1ED8
    { 0x1ED9, 53 }, // U+1ED9
    { 0x1EDB, 53 }, // U+1EDB
    { 0x1EDD, 53 }, // U+1EDD
    { 0x1EDE, 130 }, // U+1EDE
    { 0x1EDF, 53 }, // U+1EDF
    { 0x1EE1, 53 }, // U+1EE1
    { 0x1EE3, 53 }, // U+1EE3
    { 0x1EE6, 131 }, // U+1EE6
    { 0x2018, 132 }, // U+2018
};

static const int8_t ui_script_18KernMatrix[] = {
       0,    0,  -12,    0,   -6,    0,   -6,   -6,    6,    6,    0,   -6,    6,    0,  -12,   -6,  -12,    0,  -21,  -30,  -12,  -24,  -12,   -6,  -39,   -6,    0,    0,    0,    0,    0,    0,    0,    0,    0,    6,    0,    0,    0,   -6,    0,    0,   -6,   -6,   -6,    0,   -6,   -3,    0,    6,   -6,   12,    0,    0,    0,    0,    0,    0,    0,    0,    0,    0,    0,    0,    0,    0,    0,    0,    0,    0,    0,    0,    0,    0,    0,    0,    0,    0,    0,    0,    0,    0,    0,    0,    0,    0,    0,    0,    0,    0,    0,    0,    0,    0,    0,    0,    0,    0,    0,    0,    0,    0,    0,    0,    0,    0,    0,    0,    0,    0,    0,    0,    0,    0,    0,    0,    0,    0,    0,    0,    0,    0,    0,    0,    0,    0,    0,    0,    0,    0,    0,    0,
       0,    0,  -12,    0,    0,  -12,    0,    0,   -6,   -6,    0,    0,    0,    0,    0,   -6,    0,   -6,  -12,  -24,  -12,  -30,  -30,  -24,  -39,  -18,    0,    0,    0,    0,    0,    6,    6,    0,    6,    6,    6,    6,    6,    0,    0,    0,    0,    0,    0,    0,    0,    0,    0,    6,    0,   24,    0,    0,    0,    0,    0,    0,    0,    0,    0,    0,    0,    0,    0,    0,    0,    0,    0,    0,    0,    0,    0,    0,    0,    0,    0,    0,    0,    0,    0,    0,    0,    0,    0,    0,    0,    0,    0,    0,    0,    0,    0,    0,    0,    0,    0,    0,    0,    0,    0,    0,    0,    0,    0,    0,    0,    0,    0,    0,    0,    0,    0,    0,    0,    0,    0,    0,    0,    0,    0,    0,    0,    0,    0,    0,    0,    0,    0,    0,    0,    0,
     -12,    0,   -6,    0,   -6,    0,   -6,    0,    0,   -6,   -6,    0,    0,    0,   -6,   -6,  -12,    0,   -6,  -12,   -6,  -12,  -12,  -18,  -21,  -24,    0,    0,   -3,   -6,    0,    0,    0,    0,    0,    6,    0,    3,    0,   -3,    0,    0,    0,    0,   -6,    6,   -6,  -12,   -6,   12,    0,   12,    0,    0,    0,    0,    0,    0,    0,    0,    0,    0,    0,    0,    0,    0,    0,    0,    0,    0,    0,    0,    0,    0,    0,    0,    0,    0,    0,    0,    0,    0,    0,    0,    0,    0,    0,    0,    0,    0,    0,    0,    0,    0,    0,    0,    0,    0,    0,    0,    0,    0,    0,    0,    0,    0,    0,    0,    0,    0,    0,    0,    0,    0,    0,    0,    0,    0,    0,    0,    0,    0,    0,    0,    0,    0,    0,    0,    0,    0,    0,    0,
      -6,    0,    0,    0,    0,   -6,    0,    0,   -6,   -6,    0,    0,   -3,    0,    0,    0,    0,    0,    0,  -24,    0,  -18,   -6,  -30,  -30,  -18,    0,    6,    6,    0,    6,   12,    6,    6,    9,    3,    6,    6,   12,    0,    6,    6,    6,    6,    6,   12,    0,   18,   12,   12,    6,   18,    0,    0,    0,    0,    0,    0,    0,    0,    0,    0,    0,    0,    0,    0,    0,    0,    0,    0,    0,    0,    0,    0,    0,    0,    0,    0,    0,    0,    0,    0,    0,    0,    0,    0,    0,    0,    0,    0,    0,    0,    0,    0,    0,    0,    0,    0,    0,    0,    0,    0,    0,    0,    0,    0,    0,    0,    0,    0,    0,    0,    0,    0,    0,    0,    0,    0,    0,    0,    0,    0,    0,    0,    0,    0,    0,    0,    0,    0,    0,    0,
       0,    0,   -6,   -6,    0,    0,   -6,    0,    0,   -6,    0,    0,    0,    0,   -6,    0,  -12,    0,  -24,   -6,  -12,  -15,  -18,  -24,  -30,  -12,    0,    0,    0,    0,    0,    0,    0,    0,    0,    0,    0,    0,    0,    0,    0,    0,    0,    0,    0,    0,    0,   -6,   -6,    6,   -6,   12,    0,    0,    0,    0,    0,    0,    0,    0,    0,    0,    0,    0,    0,    0,    0,    0,    0,    0,    0,    0,    0,    0,    0,    0,    0,    0,    0,    0,    0,    0,    0,    0,    0,    0,    0,    0,    0,    0,    0,    0,    0,    0,    0,    0,    0,    0,    0,    0,    0,    0,    0,    0,    0,    0,    0,    0,    0,    0,    0,    0,    0,    0,    0,    0,    0,    0,    0,    0,    0,    0,    0,    0,    0,    0,    0,    0,    0,    0,    0,    0,
     -24,    0,   -6,   12,    0,   12,    0,    0,    6,   12,    0,    6,   -6,    6,    6,   -6,    6,    0,    6,  -18,    0,    6,    6,    0,    6,   -6,  -18,    0,  -12,  -12,   -9,    6,   -6,   12,    6,    6,    6,   12,    0,  -12,  -12,   -6,   -6,   -6,    0,    6,   -6,    6,    0,    0,    0,    6,    0,    0,    0,    0,    0,    0,    0,    0,    0,    0,    0,    0,    0,    0,    0,    0,    0,    0,    0,    0,    0,    0,    0,    0,    0,    0,    0,    0,    0,    0,    0,    0,    0,    0,    0,    0,    0,    0,    0,    0,    0,    0,    0,    0,    0,    0,    0,    0,    0,    0,    0,    0,    0,    0,    0,    0,    0,    0,    0,    0,    0,    0,    0,    0,    0,    0,    0,    0,    0,    0,    0,    0,    0,    0,    0,    0,    0,    0,    0,    0,
      -6,    0,    0,    0,    0,    0,    0,    0,   -6,   -6,    0,    0,   -6,    6,    0,  -12,    0,    0,   -6,    0,   -6,   -6,  -12,  -24,  -24,  -12,    0,    0,    0,    0,    0,    6,    0,    6,    6,    6,    6,    6,    6,    0,    0,    0,    0,    0,    0,    6,    0,    6,    0,    6,    0,    6,    0,    0,    0,    0,    0,    0,    0,    0,    0,    0,    0,    0,    0,    0,    0,    0,    0,    0,    0,    0,    0,    0,    0,    0,    0,    0,    0,    0,    0,    0,    0,    0,    0,    0,    0,    0,    0,    0,    0,    0,    0,    0,    0,    0,    0,    0,    0,    0,    0,    0,    0,    0,    0,    0,    0,    0,    0,    0,    0,    0,    0,    0,    0,    0,    0,    0,    0,    0,    0,    0,    0,    0,    0,    0,    0,    0,    0,    0,    0,    0,
       0,    0,    0,    0,    0,    0,    0,    0,    0,    0,    0,    0,    0,    0,    0,    0,    0,    0,    0,    0,    0,    0,    0,    0,    0,    0,    0,    6,    0,    0,    0,    6,    0,    6,    6,   12,    6,    6,    6,    0,    0,    0,    0,    0,    0,   12,    0,    6,    0,   12,    6,   12,    0,    0,    0,    0,    0,    0,    0,    0,    0,    0,    0,    0,    0,    0,    0,    0,    0,    0,    0,    0,    0,    0,    0,    0,    0,    0,    0,    0,    0,    0,    0,    0,    0,    0,    0,    0,    0,    0,    0,    0,    0,    0,    0,    0,    0,    0,    0,    0,    0,    0,    0,    0,    0,    0,    0,    0,    0,    0,    0,    0,    0,    0,    0,    0,    0,    0,    0,    0,    0,    0,    0,    0,    0,    0,    0,    0,    0,    0,    0,    0,
       6,    0,    0,   18,    0,   24,    0,    0,   18,   24,    6,    6,   18,   12,    0,    0,    0,    6,    0,    0,    6,   18,   12,    6,   18,   12,   -6,    6,   -6,   -6,   -6,   12,   -6,   18,   12,   18,   12,   12,    0,   -6,   -6,    6,  -12,   -6,   -6,    6,   -6,  -12,  -15,    6,   -6,   12,    0,    0,    0,    0,    0,    0,    0,    0,    0,    0,    0,    0,    0,    0,    0,    0,    0,    0,    0,    0,    0,    0,    0,    0,    0,    0,    0,    0,    0,    0,    0,    0,    0,    0,    0,    0,    0,    0,    0,    0,    0,    0,    0,    0,    0,    0,    0,    0,    0,    0,    0,    0,    0,    0,    0,    0,    0,    0,    0,    0,    0,    0,    0,    0,    0,    0,    0,    0,    0,    0,    0,    0,    0,    0,    0,    0,    0,    0,    0,    0,
       0,    0,    0,    0,    0,    0,    0,    0,   -6,    6,    0,    0,    0,    0,   -6,   -6,   -6,   -6,    0,    6,   -6,    0,    0,  -15,  -12,  -12,   -6,    6,   -6,   -6,   -6,    6,    0,    6,    6,   12,    6,   12,    0,   -6,   -6,    6,   -6,    0,    0,   12,  -12,    0,    0,    0,    0,    6,    0,    0,    0,    0,    0,    0,    0,    0,    0,    0,    0,    0,    0,    0,    0,    0,    0,    0,    0,    0,    0,    0,    0,    0,    0,    0,    0,    0,    0,    0,    0,    0,    0,    0,    0,    0,    0,    0,    0,    0,    0,    0,    0,    0,    0,    0,    0,    0,    0,    0,    0,    0,    0,    0,    0,    0,    0,    0,    0,    0,    0,    0,    0,    0,    0,    0,    0,    0,    0,    0,    0,    0,    0,    0,    0,    0,    0,    0,    0,    0,
       0,    0,   -6,    6,    0,   12,   -6,    0,    0,   12,    0,    0,   12,    0,   -6,    0,    0,    0,    0,   -6,    0,    0,    0,   -6,    0,    0,  -24,    0,  -24,  -24,  -24,    6,  -24,    6,    6,   24,    6,    6,    0,  -24,  -30,    6,  -30,    0,  -24,    6,  -36,  -18,  -24,   -6,  -18,    0,    0,    0,    0,    0,    0,    0,    0,    0,    0,    0,    0,    0,    0,    0,    0,    0,    0,    0,    0,    0,    0,    0,    0,    0,    0,    0,    0,    0,    0,    0,    0,    0,    0,    0,    0,    0,    0,    0,    0,    0,    0,    0,    0,    0,    0,    0,    0,    0,    0,    0,    0,    0,    0,    0,    0,    0,    0,    0,    0,    0,    0,    0,    0,    0,    0,    0,    0,    0,    0,    0,    0,    0,    0,    0,    0,    0,    0,    0,    0,    0,
       0,    0,  -12,    0,  -12,    0,  -12,    0,  -24,    0,    0,  -12,    0,    0,  -15,    0,  -18,    0,  -39,  -42,  -27,  -42,  -24,    0,  -54,   -6,    0,   -6,    0,    0,    0,    6,   -6,   -6,    6,   12,    6,    6,    0,  -12,    0,    6,  -24,    0,   -6,   -6,  -24,  -36,  -24,    6,  -12,   18,    0,    0,    0,    0,    0,    0,    0,    0,    0,    0,    0,    0,    0,    0,    0,    0,    0,    0,    0,    0,    0,    0,    0,    0,    0,    0,    0,    0,    0,    0,    0,    0,    0,    0,    0,    0,    0,    0,    0,    0,    0,    0,    0,    0,    0,    0,    0,    0,    0,    0,    0,    0,    0,    0,    0,    0,    0,    0,    0,    0,    0,    0,    0,    0,    0,    0,    0,    0,    0,    0,    0,    0,    0,    0,    0,    0,    0,    0,    0,    0,
       0,    0,    0,    0,    0,    0,    0,    0,    0,    6,    0,    0,    0,    0,    0,   -6,   -6,    0,  -12,  -18,  -12,  -12,  -18,   -6,  -30,   -6,    0,    6,    0,    0,    0,    6,    0,    6,    6,    0,    6,    6,    0,    0,    0,    6,   -6,    0,    0,   12,   -6,    6,    0,    6,   -6,    6,    0,    0,    0,    0,    0,    0,    0,    0,    0,    0,    0,    0,    0,    0,    0,    0,    0,    0,    0,    0,    0,    0,    0,    0,    0,    0,    0,    0,    0,    0,    0,    0,    0,    0,    0,    0,    0,    0,    0,    0,    0,    0,    0,    0,    0,    0,    0,    0,    0,    0,    0,    0,    0,    0,    0,    0,    0,    0,    0,    0,    0,    0,    0,    0,    0,    0,    0,    0,    0,    0,    0,    0,    0,    0,    0,    0,    0,    0,    0,    0,
       0,    0,    0,    0,    0,    0,    0,    0,    0,    0,    0,    0,    0,    0,    0,    0,    0,    0,    0,    0,    0,    0,   -6,  -12,  -12,   -6,    0,    6,    0,    0,    6,    6,    6,    6,   12,   12,   12,   12,    6,    0,    0,    0,    6,    0,    0,   12,    0,   18,    0,   18,    6,   24,    0,    0,    0,    0,    0,    0,    0,    0,    0,    0,    0,    0,    0,    0,    0,    0,    0,    0,    0,    0,    0,    0,    0,    0,    0,    0,    0,    0,    0,    0,    0,    0,    0,    0,    0,    0,    0,    0,    0,    0,    0,    0,    0,    0,    0,    0,    0,    0,    0,    0,    0,    0,    0,    0,    0,    0,    0,    0,    0,    0,    0,    0,    0,    0,    0,    0,    0,    0,    0,    0,    0,    0,    0,    0,    0,    0,    0,    0,    0,    0,
      -6,    0,    0,   -6,    0,    0,    0,    0,   -6,    0,    0,    6,    0,    0,    0,    0,    6,    0,    0,   -6,    0,   -6,   -6,  -24,  -24,  -12,    0,    0,    0,    0,    0,   12,   12,    6,   12,   12,    6,   12,   12,    0,    6,    6,    6,    0,    6,   12,    0,   18,    6,   18,   12,   18,    0,    0,    0,    0,    0,    0,    0,    0,    0,    0,    0,    0,    0,    0,    0,    0,    0,    0,    0,    0,    0,    0,    0,    0,    0,    0,    0,    0,    0,    0,    0,    0,    0,    0,    0,    0,    0,    0,    0,    0,    0,    0,    0,    0,    0,    0,    0,    0,    0,    0,    0,    0,    0,    0,    0,    0,    0,    0,    0,    0,    0,    0,    0,    0,    0,    0,    0,    0,    0,    0,    0,    0,    0,    0,    0,    0,    0,    0,    0,    0,
     -24,    0,    0,   -6,    0,    0,    0,    0,   -6,   -6,    0,    0,  -18,   -6,    0,    0,    0,    0,    6,    0,    0,    0,    0,  -21,  -12,  -30,  -24,    0,  -18,  -24,  -12,    6,   -6,    6,    6,   12,    6,    6,    6,   -6,  -18,    0,  -18,    0,  -12,   12,  -18,    6,    0,    6,    0,    6,    0,    0,    0,    0,    0,    0,    0,    0,    0,    0,    0,    0,    0,    0,    0,    0,    0,    0,    0,    0,    0,    0,    0,    0,    0,    0,    0,    0,    0,    0,    0,    0,    0,    0,    0,    0,    0,    0,    0,    0,    0,    0,    0,    0,    0,    0,    0,    0,    0,    0,    0,    0,    0,    0,    0,    0,    0,    0,    0,    0,    0,    0,    0,    0,    0,    0,    0,    0,    0,    0,    0,    0,    0,    0,    0,    0,    0,    0,    0,    0,
       0,    0,    0,    0,    0,    0,    0,    0,    0,   48,    0,    0,    0,    0,    0,    0,    0,    0,    0,   -6,    0,   -6,   -6,  -12,  -18,   -6,    0,    6,    0,    0,    0,   12,   12,    6,   12,   54,    6,   12,   12,    0,    0,   12,    0,    0,    0,   18,    0,   12,    0,   12,   30,   24,    0,    0,    0,    0,    0,    0,    0,    0,    0,    0,    0,    0,    0,    0,    0,    0,    0,    0,    0,    0,    0,    0,    0,    0,    0,    0,    0,    0,    0,    0,    0,    0,    0,    0,    0,    0,    0,    0,    0,    0,    0,    0,    0,    0,    0,    0,    0,    0,    0,    0,    0,    0,    0,    0,    0,    0,    0,    0,    0,    0,    0,    0,    0,    0,    0,    0,    0,    0,    0,    0,    0,    0,    0,    0,    0,    0,    0,    0,    0,    0,
     -15,   -6,  -12,    6,  -12,    6,   -6,    0,   -6,   18,    0,   -6,  -12,    6,   -6,    0,   -6,    0,    0,   -6,  -12,   -6,   -6,  -12,  -18,  -27,   -6,    0,   -6,   -6,   -6,   12,   -6,    0,    0,   18,    0,    0,    0,   -6,   -6,   12,  -18,   -6,   -6,    6,  -18,    0,   -6,    6,    6,   12,    0,    0,    0,    0,    0,    0,    0,    0,    0,    0,    0,    0,    0,    0,    0,    0,    0,    0,    0,    0,    0,    0,    0,    0,    0,    0,    0,    0,    0,    0,    0,    0,    0,    0,    0,    0,    0,    0,    0,    0,    0,    0,    0,    0,    0,    0,    0,    0,    0,    0,    0,    0,    0,    0,    0,    0,    0,    0,    0,    0,    0,    0,    0,    0,    0,    0,    0,    0,    0,    0,    0,    0,    0,    0,    0,    0,    0,    0,    0,    0,
       0,    0,    0,   12,   -6,   18,    0,    0,    6,   18,    0,   12,    0,    6,    6,    0,    0,    0,    0,    0,    0,   12,    6,    0,    6,   -6,   -6,    6,  -12,  -15,  -12,   12,  -12,   12,   12,   18,    6,   12,    0,  -12,   -6,    0,  -12,   -6,   -6,   12,  -12,  -30,  -18,    6,   -9,   12,    0,    0,    0,    0,    0,    0,    0,    0,    0,    0,    0,    0,    0,    0,    0,    0,    0,    0,    0,    0,    0,    0,    0,    0,    0,    0,    0,    0,    0,    0,    0,    0,    0,    0,    0,    0,    0,    0,    0,    0,    0,    0,    0,    0,    0,    0,    0,    0,    0,    0,    0,    0,    0,    0,    0,    0,    0,    0,    0,    0,    0,    0,    0,    0,    0,    0,    0,    0,    0,    0,    0,    0,    0,    0,    0,    0,    0,    0,    0,    0,
     -30,    0,   -6,    6,   -6,   18,   -6,    0,    6,    0,    0,    0,  -18,    0,    0,    0,    0,    0,    0,  -18,    0,    6,    0,   -6,    0,   -6,  -54,    0,  -48,  -66,  -54,   12,  -48,   12,    0,   12,    6,   12,  -30,  -54,  -54,  -48,  -72,  -48,  -48,    6,  -54,  -42,  -60,  -36,  -30,  -24,    0,    0,    0,    0,    0,    0,    0,    0,    0,    0,    0,    0,    0,    0,    0,    0,    0,    0,    0,    0,    0,    0,    0,    0,    0,    0,    0,    0,    0,    0,    0,    0,    0,    0,    0,    0,    0,    0,    0,    0,    0,    0,    0,    0,    0,    0,    0,    0,    0,    0,    0,    0,    0,    0,    0,    0,    0,    0,    0,    0,    0,    0,    0,    0,    0,    0,    0,    0,    0,    0,    0,    0,    0,    0,    0,    0,    0,    0,    0,    0,
       0,    0,    0,    0,    6,    6,    0,    0,    0,    0,    0,    0,    0,    0,    0,    0,   18,    6,    0,   12,    6,    6,    0,   -6,   -6,   -6,    0,   12,    0,    0,    0,   18,    6,   18,   18,   24,   12,   18,   18,    0,    0,    6,    0,    6,    6,   30,    6,   30,    6,   18,    6,   18,    0,    0,    0,    0,    0,    0,    0,    0,    0,    0,    0,    0,    0,    0,    0,    0,    0,    0,    0,    0,    0,    0,    0,    0,    0,    0,    0,    0,    0,    0,    0,    0,    0,    0,    0,    0,    0,    0,    0,    0,    0,    0,    0,    0,    0,    0,    0,    0,    0,    0,    0,    0,    0,    0,    0,    0,    0,    0,    0,    0,    0,    0,    0,    0,    0,    0,    0,    0,    0,    0,    0,    0,    0,    0,    0,    0,    0,    0,    0,    0,
     -33,    0,  -12,    0,  -12,    6,   -6,    0,    0,    0,    0,    0,  -18,   -6,   -6,  -12,   -6,    0,    0,   12,   -6,    0,    0,  -12,   -6,  -12,  -30,    0,  -18,  -18,  -18,    0,  -18,    0,    0,    0,    0,    0,   -6,  -18,  -18,  -12,  -18,  -12,  -18,    0,  -18,    0,  -18,    0,    0,    0,    0,    0,    0,    0,    0,    0,    0,    0,    0,    0,    0,    0,    0,    0,    0,    0,    0,    0,    0,    0,    0,    0,    0,    0,    0,    0,    0,    0,    0,    0,    0,    0,    0,    0,    0,    0,    0,    0,    0,    0,    0,    0,    0,    0,    0,    0,    0,    0,    0,    0,    0,    0,    0,    0,    0,    0,    0,    0,    0,    0,    0,    0,    0,    0,    0,    0,    0,    0,    0,    0,    0,    0,    0,    0,    0,    0,    0,    0,    0,    0,
     -12,    0,    0,   12,    0,   12,    0,    0,    6,   12,    0,    6,   -6,    0,    0,    0,    0,    0,    6,   18,    0,    6,    0,   -6,    6,   -6,    0,   12,    0,   -6,    6,   18,    0,   18,   18,   24,   12,   24,    6,    0,    0,    0,    0,    0,    0,   24,    0,   18,    0,   12,   12,   18,    0,    0,    0,    0,    0,    0,    0,    0,    0,    0,    0,    0,    0,    0,    0,    0,    0,    0,    0,    0,    0,    0,    0,    0,    0,    0,    0,    0,    0,    0,    0,    0,    0,    0,    0,    0,    0,    0,    0,    0,    0,    0,    0,    0,    0,    0,    0,    0,    0,    0,    0,    0,    0,    0,    0,    0,    0,    0,    0,    0,    0,    0,    0,    0,    0,    0,    0,    0,    0,    0,    0,    0,    0,    0,    0,    0,    0,    0,    0,    0,
     -15,    0,  -12,    0,   -6,    0,  -12,    0,   -6,    0,    0,    0,  -15,   -6,  -12,   -6,  -15,    0,  -12,    0,  -12,    0,    0,  -18,  -12,    0,    0,    0,    0,    0,   -6,    6,   -6,    0,    6,   18,    6,   12,    6,    0,   -6,    6,  -24,    0,    0,    0,  -18,  -12,  -18,    6,  -12,   18,    0,    0,    0,    0,    0,    0,    0,    0,    0,    0,    0,    0,    0,    0,    0,    0,    0,    0,    0,    0,    0,    0,    0,    0,    0,    0,    0,    0,    0,    0,    0,    0,    0,    0,    0,    0,    0,    0,    0,    0,    0,    0,    0,    0,    0,    0,    0,    0,    0,    0,    0,    0,    0,    0,    0,    0,    0,    0,    0,    0,    0,    0,    0,    0,    0,    0,    0,    0,    0,    0,    0,    0,    0,    0,    0,    0,    0,    0,    0,    0,
     -33,    0,  -18,    6,  -18,   12,  -18,   -6,    6,    6,    0,    0,  -21,    0,  -12,   -6,   -6,   -6,   -6,   -9,    0,    0,    0,  -18,   -6,  -24,  -42,    0,  -36,  -36,  -36,    0,  -36,    0,    0,    0,    0,    0,  -18,  -36,  -36,  -30,  -36,  -36,  -36,    0,  -36,  -12,  -30,  -30,  -24,  -18,    0,    0,    0,    0,    0,    0,    0,    0,    0,    0,    0,    0,    0,    0,    0,    0,    0,    0,    0,    0,    0,    0,    0,    0,    0,    0,    0,    0,    0,    0,    0,    0,    0,    0,    0,    0,    0,    0,    0,    0,    0,    0,    0,    0,    0,    0,    0,    0,    0,    0,    0,    0,    0,    0,    0,    0,    0,    0,    0,    0,    0,    0,    0,    0,    0,    0,    0,    0,    0,    0,    0,    0,    0,    0,    0,    0,    0,    0,    0,    0,
     -12,   -6,  -12,   -6,  -12,    0,  -12,    0,    0,    0,    0,   -6,    0,    0,  -18,   -6,   -6,   -6,  -12,    0,   -6,    0,   -6,   -6,  -12,   -6,  -12,   -6,   -6,  -18,  -24,    0,  -24,    0,    0,    6,    6,    0,   -6,  -30,  -18,   -6,  -30,  -24,  -18,   -6,  -18,  -12,  -24,   -6,  -18,    6,    0,    0,    0,    0,    0,    0,    0,    0,    0,    0,    0,    0,    0,    0,    0,    0,    0,    0,    0,    0,    0,    0,    0,    0,    0,    0,    0,    0,    0,    0,    0,    0,    0,    0,    0,    0,    0,    0,    0,    0,    0,    0,    0,    0,    0,    0,    0,    0,    0,    0,    0,    0,    0,    0,    0,    0,    0,    0,    0,    0,    0,    0,    0,    0,    0,    0,    0,    0,    0,    0,    0,    0,    0,    0,    0,    0,    0,    0,    0,    0,
       0,    0,    0,    0,    0,    0,    0,    0,    0,    0,    0,    0,    0,    0,    0,    0,    0,    0,    0,    0,    0,    0,    0,    0,    0,    0,    0,    0,    0,    0,    0,    0,    0,    0,    0,    0,    0,    0,    0,    0,    0,    0,    0,    0,    0,    0,    0,  -12,   -6,    0,  -12,    0,    0,    0,    0,    0,    0,    0,    0,    0,    0,    0,    0,    0,    0,    0,    0,    0,    0,    0,    0,    0,    0,    0,    0,    0,    0,    0,    0,    0,    0,    0,    0,    0,    0,    0,    0,    0,    0,    0,    0,    0,    0,    0,    0,    0,    0,    0,    0,    0,    0,    0,    0,    0,    0,    0,    0,    0,    0,    0,    0,    0,    0,    0,    0,    0,    0,    0,    0,    0,    0,    0,    0,    0,    0,    0,    0,    0,    0,    0,    0,    0,
       0,    0,    0,    0,    0,    0,    0,    0,    0,    0,    0,    0,    0,    0,    0,    0,    0,    0,    0,    0,    0,    0,    0,    0,    0,    0,   -6,    0,   -6,   -6,    0,    0,    0,   -3,    0,   -3,    0,    0,    0,    0,    0,    0,    0,    0,    0,    0,   -6,    0,    0,   -6,   -6,    0,    0,    0,    0,    0,    0,    0,    0,    0,    0,    0,    0,    0,    0,    0,    0,    0,    0,    0,    0,    0,    0,    0,    0,    0,    0,    0,    0,    0,    0,    0,    0,    0,    0,    0,    0,    0,    0,    0,    0,    0,    0,    0,    0,    0,    0,    0,    0,    0,    0,    0,    0,    0,    0,    0,    0,    0,    0,    0,    0,    0,    0,    0,    0,    0,    0,    0,    0,    0,    0,    0,    0,    0,    0,    0,    0,    0,    0,    0,    0,    0,
       0,    0,    0,    0,    0,    0,    0,    0,    0,    0,    0,    0,    0,    0,    0,    0,    0,    0,    0,    0,    0,    0,    0,    0,    0,    0,    0,    0,    0,    0,    0,    0,    0,    0,    0,    0,    0,    6,    0,    0,    0,    0,    0,    0,    0,    0,    0,    0,   -6,    0,   -3,    0,    0,    0,    0,    0,    0,    0,    0,    0,    0,    0,    0,    0,    0,    0,    0,    0,    0,    0,    0,    0,    0,    0,    0,    0,    0,    0,    0,    0,    0,    0,    0,    0,    0,    0,    0,    0,    0,    0,    0,    0,    0,    0,    0,    0,    0,    0,    0,    0,    0,    0,    0,    0,    0,    0,    0,    0,    0,    0,    0,    0,    0,    0,    0,    0,    0,    0,    0,    0,    0,    0,    0,    0,    0,    0,    0,    0,    0,    0,    0,    0,
       0,    0,    0,    0,    0,    0,    0,    0,    0,    0,    0,    0,    0,    0,    0,    0,    0,    0,    0,    0,    0,    0,    0,    0,    0,    0,    0,    0,    0,    0,    0,    0,    0,    0,    0,    0,    0,    0,    0,   -6,    0,    0,    0,    0,    0,    6,   -6,    0,    0,    0,    0,    0,    0,    0,    0,    0,    0,    0,    0,    0,    0,    0,    0,    0,    0,    0,    0,    0,    0,    0,    0,    0,    0,    0,    0,    0,    0,    0,    0,    0,    0,    0,    0,    0,    0,    0,    0,    0,    0,    0,    0,    0,    0,    0,    0,    0,    0,    0,    0,    0,    0,    0,    0,    0,    0,    0,    0,    0,    0,    0,    0,    0,    0,    0,    0,    0,    0,    0,    0,    0,    0,    0,    0,    0,    0,    0,    0,    0,    0,    0,    0,    0,
       0,    0,    0,    0,    0,    0,    0,    0,    0,    0,    0,    0,    0,    0,    0,    0,    0,    0,    0,    0,    0,    0,    0,    0,    0,    0,    0,    0,    0,    0,    0,    0,    0,    0,    0,    0,    0,    6,    0,    0,    0,    0,    0,    0,    0,    0,    0,    0,    0,    0,    0,    0,    0,    0,    0,    0,    0,    0,    0,    0,    0,    0,    0,    0,    0,    0,    0,    0,    0,    0,    0,    0,    0,    0,    0,    0,    0,    0,    0,    0,    0,    0,    0,    0,    0,    0,    0,    0,    0,    0,    0,    0,    0,    0,    0,    0,    0,    0,    0,    0,    0,    0,    0,    0,    0,    0,    0,    0,    0,    0,    0,    0,    0,    0,    0,    0,    0,    0,    0,    0,    0,    0,    0,    0,    0,    0,    0,    0,    0,    0,    0,    0,
       0,    0,    0,    0,    0,    0,    0,    0,    0,    0,    0,    0,    0,    0,    0,    0,    0,    0,    0,    0,    0,    0,    0,    0,    0,    0,   -6,    0,    0,    0,    0,    6,    0,    6,    6,    6,    0,   12,    6,    0,    0,    0,    0,    0,    0,   24,    0,    6,    0,    0,    6,    0,    0,    0,    0,    0,    0,    0,    0,    0,    0,    0,    0,    0,    0,    0,    0,    0,    0,    0,    0,    0,    0,    0,    0,    0,    0,    0,    0,    0,    0,    0,    0,    0,    0,    0,    0,    0,    0,    0,    0,    0,    0,    0,    0,    0,    0,    0,    0,    0,    0,    0,    0,    0,    0,    0,    0,    0,    0,    0,    0,    0,    0,    0,    0,    0,    0,    0,    0,    0,    0,    0,    0,    0,    0,    0,    0,    0,    0,    0,    0,    0,
       0,    0,    0,    0,    0,    0,    0,    0,    0,    0,    0,    0,    0,    0,    0,    0,    0,    0,    0,    0,    0,    0,    0,    0,    0,    0,    0,    0,    0,    0,    0,    0,    0,    0,    6,    0,    0,    0,    0,    0,    0,    0,    0,    0,    0,    0,    0,    0,    0,    0,    6,    0,    0,    0,    0,    0,    0,    0,    0,    0,    0,    0,    0,    0,    0,    0,    0,    0,    0,    0,    0,    0,    0,    0,    0,    0,    0,    0,    0,    0,    0,    0,    0,    0,    0,    0,    0,    0,    0,    0,    0,    0,    0,    0,    0,    0,    0,    0,    0,    0,    0,    0,    0,    0,    0,    0,    0,    0,    0,    0,    0,    0,    0,    0,    0,    0,    0,    0,    0,    0,    0,    0,    0,    0,    0,    0,    0,    0,    0,    0,    0,    0,
       0,    0,    0,    0,    0,    0,    0,    0,    0,    0,    0,    0,    0,    0,    0,    0,    0,    0,    0,    0,    0,    0,    0,    0,    0,    0,    0,    0,    0,    0,    0,   -6,  -12,    0,    0,    0,    0,    0,    0,    0,    0,    0,   -6,    0,   -6,    0,    0,  -18,   -9,    0,  -18,    0,    0,    0,    0,    0,    0,    0,    0,    0,    0,    0,    0,    0,    0,    0,    0,    0,    0,    0,    0,    0,    0,    0,    0,    0,    0,    0,    0,    0,    0,    0,    0,    0,    0,    0,    0,    0,    0,    0,    0,    0,    0,    0,    0,    0,    0,    0,    0,    0,    0,    0,    0,    0,    0,    0,    0,    0,    0,    0,    0,    0,    0,    0,    0,    0,    0,    0,    0,    0,    0,    0,    0,    0,    0,    0,    0,    0,    0,    0,    0,    0,
       0,    0,    0,    0,    0,    0,    0,    0,    0,    0,    0,    0,    0,    0,    0,    0,    0,    0,    0,    0,    0,    0,    0,    0,    0,    0,    0,    0,    0,    0,    0,    6,    0,    0,    0,    0,    0,    0,    0,    0,    0,    0,    0,    0,    0,    0,    0,    6,    0,    0,    0,    0,    0,    0,    0,    0,    0,    0,    0,    0,    0,    0,    0,    0,    0,    0,    0,    0,    0,    0,    0,    0,    0,    0,    0,    0,    0,    0,    0,    0,    0,    0,    0,    0,    0,    0,    0,    0,    0,    0,    0,    0,    0,    0,    0,    0,    0,    0,    0,    0,    0,    0,    0,    0,    0,    0,    0,    0,    0,    0,    0,    0,    0,    0,    0,    0,    0,    0,    0,    0,    0,    0,    0,    0,    0,    0,    0,    0,    0,    0,    0,    0,
       0,    0,    0,    0,    0,    0,    0,    0,    0,    0,    0,    0,    0,    0,    0,    0,    0,    0,    0,    0,    0,    0,    0,    0,    0,    0,    0,    0,    0,    0,    0,    0,    0,    0,    0,    0,    0,    0,    0,    0,    0,    0,    0,    0,    0,    6,   -6,    0,    0,    6,    6,    6,    0,    0,    0,    0,    0,    0,    0,    0,    0,    0,    0,    0,    0,    0,    0,    0,    0,    0,    0,    0,    0,    0,    0,    0,    0,    0,    0,    0,    0,    0,    0,    0,    0,    0,    0,    0,    0,    0,    0,    0,    0,    0,    0,    0,    0,    0,    0,    0,    0,    0,    0,    0,    0,    0,    0,    0,    0,    0,    0,    0,    0,    0,    0,    0,    0,    0,    0,    0,    0,    0,    0,    0,    0,    0,    0,    0,    0,    0,    0,    0,
       0,    0,    0,    0,    0,    0,    0,    0,    0,    0,    0,    0,    0,    0,    0,    0,    0,    0,    0,    0,    0,    0,    0,    0,    0,    0,    0,    0,   12,    0,    6,   12,    0,    6,    6,    0,   12,   12,    6,    0,    6,    0,    0,    6,    0,    6,    6,    6,    0,    0,   -6,    6,    0,    0,    0,    0,    0,    0,    0,    0,    0,    0,    0,    0,    0,    0,    0,    0,    0,    0,    0,    0,    0,    0,    0,    0,    0,    0,    0,    0,    0,    0,    0,    0,    0,    0,    0,    0,    0,    0,    0,    0,    0,    0,    0,    0,    0,    0,    0,    0,    0,    0,    0,    0,    0,    0,    0,    0,    0,    0,    0,    0,    0,    0,    0,    0,    0,    0,    0,    0,    0,    0,    0,    0,    0,    0,    0,    0,    0,    0,    0,    0,
       0,    0,    0,    0,    0,    0,    0,    0,    0,    0,    0,    0,    0,    0,    0,    0,    0,    0,    0,    0,    0,    0,    0,    0,    0,    0,    0,    0,    0,    0,    0,    0,    0,    0,    0,    0,    0,    6,    0,    0,    0,    0,    0,    0,    0,    6,    0,    0,    0,    0,    0,   12,    0,    0,    0,    0,    0,    0,    0,    0,    0,    0,    0,    0,    0,    0,    0,    0,    0,    0,    0,    0,    0,    0,    0,    0,    0,    0,    0,    0,    0,    0,    0,    0,    0,    0,    0,    0,    0,    0,    0,    0,    0,    0,    0,    0,    0,    0,    0,    0,    0,    0,    0,    0,    0,    0,    0,    0,    0,    0,    0,    0,    0,    0,    0,    0,    0,    0,    0,    0,    0,    0,    0,    0,    0,    0,    0,    0,    0,    0,    0,    0,
       0,    0,    0,    0,    0,    0,    0,    0,    0,    0,    0,    0,    0,    0,    0,    0,    0,    0,    0,    0,    0,    0,    0,    0,    0,    0,    0,    0,    0,    6,    0,    0,    0,    0,    0,    0,    0,    0,    0,    0,   12,    0,    0,    0,    0,    0,    0,   -9,   -6,    0,   -6,    0,    0,    0,    0,    0,    0,    0,    0,    0,    0,    0,    0,    0,    0,    0,    0,    0,    0,    0,    0,    0,    0,    0,    0,    0,    0,    0,    0,    0,    0,    0,    0,    0,    0,    0,    0,    0,    0,    0,    0,    0,    0,    0,    0,    0,    0,    0,    0,    0,    0,    0,    0,    0,    0,    0,    0,    0,    0,    0,    0,    0,    0,    0,    0,    0,    0,    0,    0,    0,    0,    0,    0,    0,    0,    0,    0,    0,    0,    0,    0,    0,
       0,    0,    0,    0,    0,    0,    0,    0,    0,    0,    0,    0,    0,    0,    0,    0,    0,    0,    0,    0,    0,    0,    0,    0,    0,    0,    0,   -9,    0,    0,    0,    0,    0,    0,    0,    0,    0,    0,    0,    0,    0,    0,    0,    0,   -3,   -6,   -6,  -12,  -12,    0,  -12,    0,    0,    0,    0,    0,    0,    0,    0,    0,    0,    0,    0,    0,    0,    0,    0,    0,    0,    0,    0,    0,    0,    0,    0,    0,    0,    0,    0,    0,    0,    0,    0,    0,    0,    0,    0,    0,    0,    0,    0,    0,    0,    0,    0,    0,    0,    0,    0,    0,    0,    0,    0,    0,    0,    0,    0,    0,    0,    0,    0,    0,    0,    0,    0,    0,    0,    0,    0,    0,    0,    0,    0,    0,    0,    0,    0,    0,    0,    0,    0,    0,
       0,    0,    0,    0,    0,    0,    0,    0,    0,    0,    0,    0,    0,    0,    0,    0,    0,    0,    0,    0,    0,    0,    0,    0,    0,    0,    0,    0,    0,    0,    0,    0,    0,    0,    0,   -3,    0,    0,    0,    0,    0,    0,    0,    0,    0,    0,   -6,    3,   -6,    0,   -6,    0,    0,    0,    0,    0,    0,    0,    0,    0,    0,    0,    0,    0,    0,    0,    0,    0,    0,    0,    0,    0,    0,    0,    0,    0,    0,    0,    0,    0,    0,    0,    0,    0,    0,    0,    0,    0,    0,    0,    0,    0,    0,    0,    0,    0,    0,    0,    0,    0,    0,    0,    0,    0,    0,    0,    0,    0,    0,    0,    0,    0,    0,    0,    0,    0,    0,    0,    0,    0,    0,    0,    0,    0,    0,    0,    0,    0,    0,    0,    0,    0,
       0,    0,    0,    0,    0,    0,    0,    0,    0,    0,    0,    0,    0,    0,    0,    0,    0,    0,    0,    0,    0,    0,    0,    0,    0,    0,    0,    0,    0,    0,    0,    0,    0,    0,    0,    0,    0,    0,    0,   -6,    0,    0,    0,    0,    0,    0,   -6,    0,    0,    0,   -6,    0,    0,    0,    0,    0,    0,    0,    0,    0,    0,    0,    0,    0,    0,    0,    0,    0,    0,    0,    0,    0,    0,    0,    0,    0,    0,    0,    0,    0,    0,    0,    0,    0,    0,    0,    0,    0,    0,    0,    0,    0,    0,    0,    0,    0,    0,    0,    0,    0,    0,    0,    0,    0,    0,    0,    0,    0,    0,    0,    0,    0,    0,    0,    0,    0,    0,    0,    0,    0,    0,    0,    0,    0,    0,    0,    0,    0,    0,    0,    0,    0,
       0,    0,    0,    0,    0,    0,    0,    0,    0,    0,    0,    0,    0,    0,    0,    0,    0,    0,    0,    0,    0,    0,    0,    0,    0,    0,    0,    0,    0,    0,    0,    0,    0,   -6,    0,    6,    0,    0,    0,   -6,   -6,    0,    0,    0,    0,    0,   -6,    0,    0,    0,    0,    0,    0,    0,    0,    0,    0,    0,    0,    0,    0,    0,    0,    0,    0,    0,    0,    0,    0,    0,    0,    0,    0,    0,    0,    0,    0,    0,    0,    0,    0,    0,    0,    0,    0,    0,    0,    0,    0,    0,    0,    0,    0,    0,    0,    0,    0,    0,    0,    0,    0,    0,    0,    0,    0,    0,    0,    0,    0,    0,    0,    0,    0,    0,    0,    0,    0,    0,    0,    0,    0,    0,    0,    0,    0,    0,    0,    0,    0,    0,    0,    0,
       0,    0,    0,    0,    0,    0,    0,    0,    0,    0,    0,    0,    0,    0,    0,    0,    0,    0,    0,    0,    0,    0,    0,    0,    0,    0,   -3,    0,    0,    0,    0,    0,    0,    0,    3,    0,    0,    0,    0,    0,    0,    0,    0,    0,    0,    0,    0,   12,    0,    0,    0,    0,    0,    0,    0,    0,    0,    0,    0,    0,    0,    0,    0,    0,    0,    0,    0,    0,    0,    0,    0,    0,    0,    0,    0,    0,    0,    0,    0,    0,    0,    0,    0,    0,    0,    0,    0,    0,    0,    0,    0,    0,    0,    0,    0,    0,    0,    0,    0,    0,    0,    0,    0,    0,    0,    0,    0,    0,    0,    0,    0,    0,    0,    0,    0,    0,    0,    0,    0,    0,    0,    0,    0,    0,    0,    0,    0,    0,    0,    0,    0,    0,
       0,    0,    0,    0,    0,    0,    0,    0,    0,    0,    0,    0,    0,    0,    0,    0,    0,    0,    0,    0,    0,    0,    0,    0,    0,    0,    0,    0,    0,    0,    0,    6,    0,    0,    0,    0,    0,    0,    0,    0,    0,    0,    0,    0,    0,    6,    0,   12,    0,    9,    0,   12,    0,    0,    0,    0,    0,    0,    0,    0,    0,    0,    0,    0,    0,    0,    0,    0,    0,    0,    0,    0,    0,    0,    0,    0,    0,    0,    0,    0,    0,    0,    0,    0,    0,    0,    0,    0,    0,    0,    0,    0,    0,    0,    0,    0,    0,    0,    0,    0,    0,    0,    0,    0,    0,    0,    0,    0,    0,    0,    0,    0,    0,    0,    0,    0,    0,    0,    0,    0,    0,    0,    0,    0,    0,    0,    0,    0,    0,    0,    0,    0,
       0,    0,    0,    0,    0,    0,    0,    0,    0,    0,    0,    0,    0,    0,    0,    0,    0,    0,    0,    0,    0,    0,    0,    0,    0,    0,    0,    0,    0,    0,    0,    0,    0,    0,    3,    0,    0,    0,    0,    0,    0,    0,    0,    0,    0,    0,    0,    6,    0,   12,    0,   18,    0,    0,    0,    0,    0,    0,    0,    0,    0,    0,    0,    0,    0,    0,    0,    0,    0,    0,    0,    0,    0,    0,    0,    0,    0,    0,    0,    0,    0,    0,    0,    0,    0,    0,    0,    0,    0,    0,    0,    0,    0,    0,    0,    0,    0,    0,    0,    0,    0,    0,    0,    0,    0,    0,    0,    0,    0,    0,    0,    0,    0,    0,    0,    0,    0,    0,    0,    0,    0,    0,    0,    0,    0,    0,    0,    0,    0,    0,    0,    0,
       0,    0,    0,    0,    0,    0,    0,    0,    0,    0,    0,    0,    0,    0,    0,    0,    0,    0,    0,    0,    0,    0,    0,    0,    0,    0,    0,   -6,    0,    0,    0,    6,    0,    0,    6,    0,    6,    6,    0,    0,    0,    0,    0,    0,    0,    0,    0,    0,    0,    6,    0,   18,    0,    0,    0,    0,    0,    0,    0,    0,    0,    0,    0,    0,    0,    0,    0,    0,    0,    0,    0,    0,    0,    0,    0,    0,    0,    0,    0,    0,    0,    0,    0,    0,    0,    0,    0,    0,    0,    0,    0,    0,    0,    0,    0,    0,    0,    0,    0,    0,    0,    0,    0,    0,    0,    0,    0,    0,    0,    0,    0,    0,    0,    0,    0,    0,    0,    0,    0,    0,    0,    0,    0,    0,    0,    0,    0,    0,    0,    0,    0,    0,
       0,    0,    0,    0,    0,    0,    0,    0,    0,    0,    0,    0,    0,    0,    0,    0,    0,    0,    0,    0,    0,    0,    0,    0,    0,    0,   -6,    0,    0,    0,    0,    6,    0,    0,    6,    0,    0,    0,    0,    0,    0,    0,    0,    0,    0,    6,    0,   12,    0,   12,    6,    6,    0,    0,    0,    0,    0,    0,    0,    0,    0,    0,    0,    0,    0,    0,    0,    0,    0,    0,    0,    0,    0,    0,    0,    0,    0,    0,    0,    0,    0,    0,    0,    0,    0,    0,    0,    0,    0,    0,    0,    0,    0,    0,    0,    0,    0,    0,    0,    0,    0,    0,    0,    0,    0,    0,    0,    0,    0,    0,    0,    0,    0,    0,    0,    0,    0,    0,    0,    0,    0,    0,    0,    0,    0,    0,    0,    0,    0,    0,    0,    0,
       0,    0,    0,    0,    0,    0,    0,    0,    0,    0,    0,    0,    0,    0,    0,    0,    0,    0,    0,    0,    0,    0,    0,    0,    0,    0,    0,    0,    0,    0,    0,    0,    0,    0,    6,    0,    0,    0,    0,    0,    0,    0,    0,    0,    0,    0,    0,    0,    0,    6,    0,    0,    0,    0,    0,    0,    0,    0,    0,    0,    0,    0,    0,    0,    0,    0,    0,    0,    0,    0,    0,    0,    0,    0,    0,    0,    0,    0,    0,    0,    0,    0,    0,    0,    0,    0,    0,    0,    0,    0,    0,    0,    0,    0,    0,    0,    0,    0,    0,    0,    0,    0,    0,    0,    0,    0,    0,    0,    0,    0,    0,    0,    0,    0,    0,    0,    0,    0,    0,    0,    0,    0,    0,    0,    0,    0,    0,    0,    0,    0,    0,    0,
       0,    0,    0,    0,    0,    0,    0,    0,    0,    0,    0,    0,    0,    0,    0,    0,    0,    0,    0,    0,    0,    0,    0,    0,    0,    0,    0,    0,    0,    0,    0,    6,    0,    0,    6,    0,    6,    6,    0,   -6,    0,    6,   -6,    0,    0,    0,   -3,    6,    0,    9,   -6,    6,    0,    0,    0,    0,    0,    0,    0,    0,    0,    0,    0,    0,    0,    0,    0,    0,    0,    0,    0,    0,    0,    0,    0,    0,    0,    0,    0,    0,    0,    0,    0,    0,    0,    0,    0,    0,    0,    0,    0,    0,    0,    0,    0,    0,    0,    0,    0,    0,    0,    0,    0,    0,    0,    0,    0,    0,    0,    0,    0,    0,    0,    0,    0,    0,    0,    0,    0,    0,    0,    0,    0,    0,    0,    0,    0,    0,    0,    0,    0,    0,
       0,    0,    0,    0,    0,    0,    0,    0,    0,    0,    0,    0,    0,    0,    0,    0,    0,    0,    0,    0,    0,    0,    0,    0,    0,    0,   -6,    0,    0,   -6,    6,    0,    0,    0,    0,    0,    0,    0,    0,   -6,    0,    0,    0,    0,    0,    6,   -6,    6,    0,    6,    0,    0,    0,    0,    0,    0,    0,    0,    0,    0,    0,    0,    0,    0,    0,    0,    0,    0,    0,    0,    0,    0,    0,    0,    0,    0,    0,    0,    0,    0,    0,    0,    0,    0,    0,    0,    0,    0,    0,    0,    0,    0,    0,    0,    0,    0,    0,    0,    0,    0,    0,    0,    0,    0,    0,    0,    0,    0,    0,    0,    0,    0,    0,    0,    0,    0,    0,    0,    0,    0,    0,    0,    0,    0,    0,    0,    0,    0,    0,    0,    0,    0,
       0,    0,    0,    0,    0,    0,    0,    0,    0,    0,    0,    0,    0,    0,    0,    0,    0,    0,    0,    0,    0,    0,    0,    0,    0,    0,    0,    0,    0,    0,    0,    6,    0,    0,    6,    0,    0,    0,    0,    0,    0,    0,    0,    0,    0,    6,    0,    6,    0,    6,    0,   12,    0,    0,    0,    0,    0,    0,    0,    0,    0,    0,    0,    0,    0,    0,    0,    0,    0,    0,    0,    0,    0,    0,    0,    0,    0,    0,    0,    0,    0,    0,    0,    0,    0,    0,    0,    0,    0,    0,    0,    0,    0,    0,    0,    0,    0,    0,    0,    0,    0,    0,    0,    0,    0,    0,    0,    0,    0,    0,    0,    0,    0,    0,    0,    0,    0,    0,    0,    0,    0,    0,    0,    0,    0,    0,    0,    0,    0,    0,    0,    0,
       0,    0,    0,    0,    0,    0,    0,    0,    0,    0,    0,    0,    0,    0,    0,    0,    0,    0,    0,    0,    0,    0,    0,    0,    0,    0,    0,    0,    0,    0,    0,    0,    0,    0,    0,    0,    0,    0,    0,    0,    0,    0,    0,    0,    0,    0,    0,    0,    0,    0,    0,    0,  -25,    0,    0,    0,    0,    0,    0,    0,    0,    0,    0,    0,    0,    0,    0,    0,    0,    0,    0,    0,    0,    0,    0,    0,    0,    0,    0,    0,    0,    0,    0,    0,    0,    0,    0,    0,    0,    0,    0,    0,    0,    0,    0,    0,    0,    0,    0,    0,    0,    0,    0,    0,    0,    0,    0,    0,    0,    0,    0,    0,    0,    0,    0,    0,    0,    0,    0,    0,    0,    0,    0,    0,    0,    0,    0,    0,    0,    0,    0,    0,
       0,    0,    0,    0,    0,    0,    0,    0,    0,    0,    0,    0,    0,    0,    0,    0,    0,    0,    0,    0,    0,    0,    0,    0,    0,    0,    0,    0,    0,    0,    0,    0,    0,    0,    0,    0,    0,    0,    0,    0,    0,    0,    0,    0,    0,    0,    0,    0,    0,    0,    0,    0,    0,   18,    6,    0,    0,    0,    0,    0,    0,    0,    6,    0,   18,    0,    0,    0,    0,    0,    0,    0,    0,    6,    0,    0,    0,    0,    0,    0,   -6,    0,    0,    0,    0,   -6,    0,    0,   -6,   -6,    0,    0,    0,    0,   -6,   -6,    6,   -6,    0,   -6,    0,    6,    0,    0,    0,    0,    0,    0,    0,    0,    0,    0,    0,    0,   12,    0,    0,    0,    0,    0,    0,    0,    0,   18,    0,    0,    0,    0,    0,    0,    0,    0,
       0,    0,    0,    0,    0,    0,    0,    0,    0,    0,    0,    0,    0,    0,    0,    0,    0,    0,    0,    0,    0,    0,    0,    0,    0,    0,    0,    0,    0,    0,    0,    0,    0,    0,    0,    0,    0,    0,    0,    0,    0,    0,    0,    0,    0,    0,    0,    0,    0,    0,    0,    0,    0,    6,    0,    0,    0,    0,   -2,   -6,    0,   -4,    0,    0,    6,   -6,  -12,    0,   -2,  -12,  -30,  -12,    0,   -6,   -4,  -20,    0,    0,   -4,    0,    0,    0,    0,    0,    0,    0,    0,    0,   -6,   -6,   -2,    0,    0,    0,    0,   -6,    0,    0,    0,    2,    0,    6,    0,    0,    0,    0,    0,    0,    0,    0,    0,    0,    0,    0,    0,    0,    0,    0,    0,    0,   -2,    0,    0,  -39,    0,    0,    0,    0,    0,    0,    0,    0,
       0,    0,    0,    0,    0,    0,    0,    0,    0,    0,    0,    0,    0,    0,    0,    0,    0,    0,    0,    0,    0,    0,    0,    0,    0,    0,    0,    0,    0,    0,    0,    0,    0,    0,    0,    0,    0,    0,    0,    0,    0,    0,    0,    0,    0,    0,    0,    0,    0,    0,    0,    0,    0,    0,    0,    0,    0,    0,  -24,    0,    0,   -4,    0,  -10,    4,    0,    0,    0,    0,    0,    4,   -8,    0,    0,   -8,  -28,    0,    0,    0,  -12,    0,    0,    0,    0,    0,    0,    0,    0,    0,    0,    0,    0,    0,    0,    0,    0,    0,    0,    0,    0,    0,    0,    0,    0,    0,    0,    0,    0,    0,    0,    0,    0,    0,    0,    0,    0,    0,    0,    0,    0,    0,    0,    0,    0,    0,    0,    0,    0,    0,    0,    0,    0,
       0,    0,    0,    0,    0,    0,    0,    0,    0,    0,    0,    0,    0,    0,    0,    0,    0,    0,    0,    0,    0,    0,    0,    0,    0,    0,    0,    0,    0,    0,    0,    0,    0,    0,    0,    0,    0,    0,    0,    0,    0,    0,    0,    0,    0,    0,    0,    0,    0,    0,    0,    0,    0,   -6,    8,    0,    0,    0,    0,    0,   16,   10,    0,    8,    4,    0,    0,    0,    2,  -12,   -8,    0,    0,  -14,    0,   -4,    0,    0,    0,    0,    0,    0,    0,    0,    0,    0,    0,    0,    0,    0,    0,    0,    0,    0,   20,    6,    0,    0,    6,    0,    0,    6,    0,    0,    0,    0,    0,    0,    0,    0,    0,    0,    0,   20,    6,    0,    0,    0,    0,    0,    0,    0,    0,  -39,   20,    0,    0,    0,    0,    0,    0,    0,
       0,    0,    0,    0,    0,    0,    0,    0,    0,    0,    0,    0,    0,    0,    0,    0,    0,    0,    0,    0,    0,    0,    0,    0,    0,    0,   -2,    0,    0,    0,    0,    0,    0,    0,    0,    0,    0,    0,    0,    0,    0,    0,    0,    0,    0,    0,    0,    0,    0,    0,    0,    0,    0,    0,  -16,    0,   -6,    0,  -54,   -8,    0,  -14,    0,   -2,  -32,    0,   -8,    0,    0,    0,    0,    0,   -4,   -2,   -6,   -4,    0,    0,    0,  -22, -124,  -32,  -10,  -92,    0,  -94,  -78,  -78, -128, -126,  -98, -102, -128, -118, -128, -128, -112, -128, -124, -128, -128, -124, -128, -120, -128, -128, -106, -128, -128, -122, -108,  -92, -110, -128,  -40,  -14, -114, -128, -108,    0,  -98,    0, -118,    0, -128,   -8,    0,    0,    0,    0,    0,    0,
       0,    0,    0,    0,    0,    0,    0,    0,    0,    0,    0,    0,    0,    0,    0,    0,    0,    0,    0,    0,    0,    0,    0,    0,    0,    0,    0,    0,    0,    0,    0,    0,    0,    0,    0,    0,    0,    0,    0,    0,    0,    0,    0,    0,    0,    0,    0,    0,    0,    0,    0,    0,    0,    0,    0,    0,    0,    0,    0,   -4,    0,   -2,    0,    0,   12,    0,    0,    0,    0,    4,    0,  -18,   -6,    0,    0,  -18,    0,    0,   -4,   -2,    0,    0,    0,    0,    0,    0,    0,    0,   -8,   -8,    0,    0,    0,    0,    0,    0,    0,    0,    0,   12,    0,    0,    0,    0,    0,    0,    0,    0,    0,    0,    0,    0,    0,    0,    0,    0,   12,    0,    0,    0,    0,    0,    0,    0,    0,    0,    0,    0,    0,    0,    0,    0,
       0,    0,    0,    0,    0,    0,    0,    0,    0,    0,    0,    0,    0,    0,    0,    0,    0,    0,    0,    0,    0,    0,    0,    0,    0,    0,    0,    0,    0,    0,    0,    0,    0,    0,    0,    0,    0,    0,    0,    0,    0,    0,    0,    0,    0,    0,    0,    0,    0,    0,    0,    0,    0,    0,    0,    0,    0,    0,    0,    0,    0,    0,    0,    0,    0,    0,   -6,    0,    0,   -6,   -6,   -4,    0,  -20,    0,    0,    0,    0,    0,   -4,    0,    0,    0,    0,    0,    0,    0,    0,    0,    0,    0,    0,    0,    0,    0,    0,    0,    0,    0,   -6,    0,    6,    0,    0,    0,    0,    0,    0,    0,    0,    0,    0,    0,    0,    0,    0,    0,    0,    0,    0,    0,    0,    0,  -30,    0,    0,    0,    0,    0,    0,    0,    0,
       0,    0,    0,    0,    0,    0,    0,    0,    0,    0,    0,    0,    0,    0,    0,    0,    0,    0,    0,    0,    0,    0,    0,    0,    0,    0,    0,    0,    0,    0,    0,    0,    0,    0,    0,    0,    0,    0,    0,    0,    0,    0,    0,    0,    0,    0,    0,    0,    0,    0,    0,    0,    0,    0,    0,   -2,    0,    0,   -6,    0,    8,   -4,    0,   -2,    8,    0,    0,    0,    0,    0,    0,  -10,  -12,    0,    0,  -14,    0,    0,    0,    0,    0,    0,    0,    0,    0,    0,    0,    0,    0,    0,    0,    0,    0,    0,    0,    0,    0,    0,    0,    0,    0,    0,    0,    0,    0,    0,    0,    0,    0,    0,    0,    0,    0,    0,    0,    0,    0,    0,    0,    0,    0,    0,    0,    0,    0,    0,    0,    0,    0,    0,    0,    0,
       0,    0,    0,    0,    0,    0,    0,    0,    0,    0,    0,    0,    0,    0,    0,    0,    0,    0,    0,    0,    0,    0,    0,    0,    0,    0,    0,    0,    0,    0,    0,    0,    0,    0,    0,    0,    0,    0,    0,    0,    0,    0,    0,    0,    0,    0,    0,    0,    0,    0,    0,    0,    0,    0,    0,    0,    0,    0,   -8,    0,    0,    0,    0,    0,    2,    0,    0,    0,    0,    0,    0,  -26,  -12,   -4,   -6,   -6,    0,    0,    0,  -18,    0,    0,    0,    0,    0,    0,    0,    0,   -4,   -4,    0,    0,    0,    0,    0,    0,    0,    0,    0,    0,    0,    0,    0,    0,    0,    0,    0,    0,    0,    0,    0,    0,    0,    0,    0,    0,    0,    0,    0,    0,    0,    0,    0,    0,    0,    0,    0,    0,    0,    0,    0,    0,
       0,    0,    0,    0,    0,    0,    0,    0,    0,    0,    0,    0,    0,    0,    0,    0,    0,    0,    0,    0,    0,    0,    0,    0,    0,    0,    0,    0,    0,    0,    0,    0,    0,    0,    0,    0,    0,    0,    0,    0,    0,    0,    0,    0,    0,    0,    0,    0,    0,    0,    0,    0,    0,    0,    0,    0,    0,    0,    0,    0,    0,    0,    0,    0,    0,    0,    0,    0,    0,    0,    0,    8,    4,    0,    0,    0,    0,    0,    0,    0,    0,    0,    0,    0,    0,    0,    0,    0,    0,    0,    0,    0,    0,    0,    0,    0,    0,    0,    0,    0,    0,    0,    0,    0,    0,    0,    0,    0,    0,    0,    0,    0,    0,    0,    0,    0,    0,    0,    0,    0,    0,    0,    0,    0,    0,    0,    0,    0,    0,    0,    0,    0,
       0,    0,    0,    0,    0,    0,    0,    0,    0,    0,    0,    0,    0,    0,    0,    0,    0,    0,    0,    0,    0,    0,    0,    0,    0,    0,    0,    0,    0,    0,    0,    0,    0,    0,    0,    0,    0,    0,    0,    0,    0,    0,    0,    0,    0,    0,    0,    0,    0,    0,    0,    0,    0,    0,    0,    0,    0,    0,    0,    0,    4,   -2,    0,   12,   12,    0,   -6,    0,    0,   -6,    6,   12,    4,   -6,    0,    0,    0,    0,    2,    0,  -24,    0,    0,    0,    0,  -24,    0,    0,  -72,  -36,    0,    0,    0,    0,  -30,  -24,    6,  -24,    0,  -18,    0,   -6,    0,    0,    0,    0,    0,    0,    0,    0,    0,    0,    0,    0,    6,    0,    0,    0,    0,    0,    0,    0,    0,    0,    0,    0,    0,    0,    0,    0,    0,    0,
       0,    0,    0,    0,    0,    0,    0,    0,    0,    0,    0,    0,    0,    0,    0,    0,    0,    0,    0,    0,    0,    0,    0,    0,    0,    0,    0,    0,    0,    0,    0,    0,    0,    0,    0,    0,    0,    0,    0,    0,    0,    0,    0,    0,    0,    0,    0,    0,    0,    0,    0,    0,    0,    0,    0,   -8,  -12,  -12,  -22,    0,    0,  -10,    0,    0,    0,    0,    0,    0,    0,    0,    0,   -8,    0,    0,    0,  -22,    0,    0,  -14,  -22,  -12,    0,    0,    0,    0,  -12,    0,    0,    0,    0,    0,    0,    0,    0,    0,    0,    0,    0,    0,    0,    0,    0,    0,    0,    0,    0,    0,    0,    0,    0,    0,    0,  -12,    0,    0,    0,    0,    0,    0,    0,    0,    0,    0,    0,    0,    0,    0,    0,    0,    0,    0,    0,
       0,    0,    0,    0,    0,    0,    0,    0,    0,    0,    0,    0,    0,    0,    0,    0,    0,    0,    0,    0,    0,    0,    0,    0,    0,    0,    0,    0,    0,    0,    0,    0,    0,    0,    0,    0,    0,    0,    0,    0,    0,    0,    0,    0,    0,    0,    0,    0,    0,    0,    0,    0,    0,    0,    0,    0,    0,    0,    0,    0,    0,    0,    0,    4,    0,    0,    0,    0,   -6,    0,   -2,    4,    0,   -2,    0,    0,    0,    0,   -2,   -2,    0,    0,    0,    0,    0,    0,    0,    0,  -12,   -6,    0,    0,    0,    0,    0,    0,    6,    0,    0,    6,    0,    6,    0,    0,    0,    0,    0,    0,    0,    0,    0,    0,    0,    0,    6,    0,    0,    0,    0,    0,    0,    0,    0,  -30,    0,    0,    0,    0,    0,    0,    0,    0,
       0,    0,    0,    0,    0,    0,    0,    0,    0,    0,    0,    0,    0,    0,    0,    0,    0,    0,    0,    0,    0,    0,    0,    0,    0,    0,    0,    0,    0,    0,    0,    0,    0,    0,    0,    0,    0,    0,    0,    0,    0,    0,    0,    0,    0,    0,    0,    0,    0,    0,    0,    0,    0,    0,    0,    0,    0,    0,    0,    0,    0,    0,    0,    0,    0,    0,    0,    0,    0,    0,    0,    4,    0,    0,    0,    0,    0,    0,    0,    0,    0,    0,    0,    0,    0,    0,    0,    0,    0,    0,    0,    0,    0,    0,    0,    0,    0,    0,    6,    6,    0,   12,    0,    0,    0,    0,    0,    0,    0,    0,    0,    0,    0,    0,    6,    0,    0,    0,    0,    0,    0,    0,    0,    0,    0,    0,    0,    0,    0,    0,    0,    0,
       0,    0,    0,    0,    0,    0,    0,    0,    0,    0,    0,    0,    0,    0,    0,    0,    0,    0,    0,    0,    0,    0,    0,    0,    0,    0,    0,    0,    0,    0,    0,    0,    0,    0,    0,    0,    0,    0,    0,    0,    0,    0,    0,    0,    0,    0,    0,    0,    0,    0,    0,    0,    0,   -6,   -6,    0,    0,    0,  -26,    0,    0,    0,    0,    0,    0,    0,    0,    0,    0,    0,   -6,  -16,    0,  -16,    0,    0,    0,    0,    0,    0,    0,    0,    0,    0,    0,    0,    0,    0,    0,    0,    0,    0,    0,    0,    6,    0,    6,    0,   12,   12,    0,   18,    0,    0,    0,    0,    0,    0,    0,    0,    0,    0,    0,    0,   12,    0,    0,    0,    0,    0,    0,    0,    0,  -24,    0,    0,    0,    0,    0,    0,    0,    0,
       0,    0,    0,    0,    0,    0,    0,    0,    0,    0,    0,    0,    0,    0,    0,    0,    0,    0,    0,    0,    0,    0,    0,    0,    0,    0,    0,    0,    0,    0,    0,    0,    0,    0,    0,    0,    0,    0,    0,    0,    0,    0,    0,    0,    0,    0,    0,    0,    0,    0,    0,    0,    0,    0,    0,    0,    0,    0,    0,    0,    0,    0,    0,    0,    0,    0,    0,    0,    0,    0,    0,    0,    0,    0,    0,    0,    0,    0,    0,   -4,   -4,    0,    0,    0,    0,    0,    0,    0,    0,    0,    0,    0,    0,    0,    0,    0,    0,    0,    0,    0,    0,    0,    0,    0,    0,    0,    0,    0,    0,    0,    0,    0,    0,    0,    0,    0,    0,    0,    0,    0,    0,    0,    0,    0,    0,    0,    0,    0,    0,    0,    0,    0,
       0,    0,    0,    0,    0,    0,    0,    0,    0,    0,    0,    0,    0,    0,    0,    0,    0,    0,    0,    0,    0,    0,    0,    0,    0,    0,    0,    0,    0,    0,    0,    0,    0,    0,    0,    0,    0,    0,    0,    0,    0,    0,    0,    0,    0,    0,    0,    0,    0,    0,    0,    0,    0,   -6,  -16,    0,    0,    0,  -48,    0,   -4,   -6,    0,   -2,  -10,   -2,    0,    0,    0,    0,    0,   -4,    0,  -21,   -2,    0,    0,    0,    0,   -4,  -26,   -4,    0,   -4,   -2,  -14,   -4,   -2,  -10,   -6,   -6,  -14,  -24,   -2,  -18,   -2,   -2,  -10,    4,   12,  -18,   12,   -8,   12,   -6,   -8,   26,  -24,  -10,   14,   -8,    0,    0,    0,    6,    0,   12,   -4,    0,    0,   -6,   -2,   -2,  -12,    0,    0,    0,    0,    0,    0,    0,    0,
       0,    0,    0,    0,    0,    0,    0,    0,    0,    0,    0,    0,    0,    0,    0,    0,    0,    0,    0,    0,    0,    0,    0,    0,    0,    0,    0,    0,    0,    0,    0,    0,    0,    0,    0,    0,    0,    0,    0,    0,    0,    0,    0,    0,    0,    0,    0,    0,    0,    0,    0,    0,    0,    0,  -12,    0,    0,    0,   -2,   -8,    8,   -6,   -6,    0,    0,    0,   -6,    0,   -6,   -6,  -12,    0,    0,  -18,    0,   -2,    0,    0,   -2,    0,    0,    0,   -4,    0,    0,    0,    0,    0,  -14,   -6,    0,    0,    0,    0,   -8,   -3,    0,   -3,    0,    0,    0,   12,    0,    0,    0,    0,    0,    0,    0,    0,    0,    0,    0,    0,    0,    0,    0,    0,    0,    0,    0,    0,    0,  -21,    0,    0,    0,    0,    0,    0,    0,    0,
       0,    0,    0,    0,    0,    0,    0,    0,    0,    0,    0,    0,    0,    0,    0,    0,    0,    0,    0,    0,    0,    0,    0,    0,    0,    0,    0,    0,    0,    0,    0,    0,    0,    0,    0,    0,    0,    0,    0,    0,    0,    0,    0,    0,    0,    0,    0,    0,    0,    0,    0,    0,    0,    6,  -30,    0,   -4,    0,  -36,   -6,    0,   -8,    0,    0,  -10,    0,    0,    0,    0,   -6,  -18,   -8,    0,   -6,    0,   -4,    0,    0,   -2,  -10,  -54,  -12,   -8,  -32,    0,  -64,  -38,  -52,  -60,  -16,  -60,  -42,  -58,  -36,  -66,  -46,  -48,  -54,  -50,  -32,  -66,  -40,  -68,  -54,  -68,  -62,  -32,  -68,  -64,  -40,  -66,    0,   -6,    0,    0,    0,    0,  -32,    0,    0,  -60,    0,  -36,    0,    0,    0,    0,    0,    0,    0,    0,    0,
       0,    0,    0,    0,    0,    0,    0,    0,    0,    0,    0,    0,    0,    0,    0,    0,    0,    0,    0,    0,    0,    0,    0,    0,    0,    0,    0,    0,    0,    0,    0,    0,    0,    0,    0,    0,    0,    0,    0,    0,    0,    0,    0,    0,    0,    0,    0,    0,    0,    0,    0,    0,    0,    0,  -12,   -4,  -14,   -4,  -42,   -8,   -2,  -12,   -4,  -20,   -2,    0,   -4,   -2,    0,   -2,   -4,    0,    0,    0,   -4,   -8,    0,   -4,   -4,  -36,  -38,  -28,  -16,  -26,  -12,  -32,  -22,  -26,  -28,  -28,  -34,  -28,  -44,  -22,  -34,  -28,  -22,  -30,  -26,   -8,  -46,  -20,  -28,  -22,  -26,  -32,   -2,  -50,  -38,  -22,  -34,    0,  -32,  -34,    0,    0,   -8,  -26,    0,   -4,  -34,    0,  -22,    0,  -34,   -4,    0,    0,    0,    0,    0,    0,
       0,    0,    0,    0,    0,    0,    0,    0,    0,    0,    0,    0,    0,    0,    0,    0,    0,    0,    0,    0,    0,    0,    0,    0,    0,    0,    0,    0,    0,    0,    0,    0,    0,    0,    0,    0,    0,    0,    0,    0,    0,    0,    0,    0,    0,    0,    0,    0,    0,    0,    0,    0,    0,    0,    4,    0,    0,    0,  -22,    0,    0,   -4,    0,   -8,    2,    0,    0,    0,    0,    0,    0,   -4,    0,    0,    0,    0,    0,   -2,    0,  -12,    0,    0,    0,    0,    0,    0,    0,    0,    0,    0,    0,    0,    0,    0,    0,    0,    0,    0,    0,    0,    0,    0,    0,    0,    0,    0,    0,    0,    0,    0,    0,    0,    0,    0,    0,    0,    0,    0,    0,    0,    0,    0,    0,    0,    0,    0,    0,    0,    0,    0,    0,    0,
       0,    0,    0,    0,    0,    0,    0,    0,    0,    0,    0,    0,    0,    0,    0,    0,    0,    0,    0,    0,    0,    0,    0,    0,    0,    0,    0,    0,    0,    0,    0,    0,    0,    0,    0,    0,    0,    0,    0,    0,    0,    0,    0,    0,    0,    0,    0,    0,    0,    0,    0,    0,    0,   -6,   -3,    0,    0,    0,    0,   -6,    0,   -4,    0,    0,    9,    0,   -8,    0,   -6,  -12,    0,    0,    0,  -18,    0,    0,    0,    0,    0,    0,    0,    0,    0,    0,    0,   -6,    0,    0,  -18,  -18,    0,    0,    0,    0,   -6,    0,    6,    0,    6,  -12,    0,    6,    0,    0,    0,    0,    0,    0,    0,    0,    0,    0,    0,    0,    6,    0,    0,    0,    0,    0,    0,    0,    0,  -12,    0,    0,    0,    0,    0,    0,    0,    0,
       0,    0,    0,    0,    0,    0,    0,    0,    0,    0,    0,    0,    0,    0,    0,    0,    0,    0,    0,    0,    0,    0,    0,    0,    0,    0,    0,    0,    0,    0,    0,    0,    0,    0,    0,    0,    0,    0,    0,    0,    0,    0,    0,    0,    0,    0,    0,    0,    0,    0,    0,    0,    0,    0,   -4,  -10,   -8,    0,    0,    0,    0,  -22,    0,    0,    8,    0,   -4,    0,    0,    0,    0,  -12,   -8,    0,    0,  -12,    0,    0,   -4,   -8,    0,    0,    0,    0,    0,    0,    0,    0,    0,    0,    0,    0,    0,    0,    0,    0,    0,    0,    0,    0,    0,    0,    0,    0,    0,    0,    0,    0,    0,    0,    0,    0,    0,    0,    0,    0,    0,    0,    0,    0,    0,    0,    0,    0,    0,   -4,    0,    0,    0,    0,    0,    0,
       0,    0,    0,    0,    0,    0,    0,    0,    0,    0,    0,    0,    0,    0,    0,    0,    0,    0,    0,    0,    0,    0,    0,    0,    0,    0,    0,    0,    0,    0,    0,    0,    0,    0,    0,    0,    0,    0,    0,    0,    0,    0,    0,    0,    0,    0,    0,    0,    0,    0,    0,    0,    0,    0,    0,    0,    0,    0,   -6,    0,    0,   -8,    0,   -4,    0,    0,    0,    0,    0,    0,    0,   -4,    0,    0,    0,    0,    0,    0,    0,    0,    0,    0,    0,    0,    0,    0,    0,    0,    0,    0,    0,    0,    0,    0,    0,    0,    0,    0,    0,    0,    0,    0,    0,    0,    0,    0,    0,    0,    0,    0,    0,    0,    0,    0,    0,    0,    0,    0,    0,    0,    0,    0,    0,    0,    0,    0,    0,    0,    0,    0,    0,    0,
       0,    0,    0,    0,    0,    0,    0,    0,    0,    0,    0,    0,    0,    0,    0,    0,    0,    0,    0,    0,    0,    0,    0,    0,    0,    0,    0,    0,    0,    0,    0,    0,    0,    0,    0,    0,    0,    0,    0,    0,    0,    0,    0,    0,    0,    0,    0,    0,    0,    0,    0,    0,    0,    0,    0,    0,    0,    0,    0,    0,    0,    0,    0,    0,    0,    0,    0,    0,    0,    0,    0,   -8,    0,    0,    0,    0,    0,    0,    0,   -8,    0,    0,    0,    0,    0,  -18,    0,    0,    0,    0,    0,    0,    0,    0,    0,    0,    0,    0,    0,    0,    0,    0,    0,    0,    0,    0,    0,    0,    0,    0,    0,    0,  -18,    0,    0,    0,    0,    0,    0,    0,    0,    0,    0,    0,    0,    0,    0,    0,    0,    0,    0,    0,
       0,    0,    0,    0,    0,    0,    0,    0,    0,    0,    0,    0,    0,    0,    0,    0,    0,    0,    0,    0,    0,    0,    0,    0,    0,    0,    0,    0,    0,    0,    0,    0,    0,    0,    0,    0,    0,    0,    0,    0,    0,    0,    0,    0,    0,    0,    0,    0,    0,    0,    0,    0,    0,    0,    0,    0,    0,   -8,   -6,    0,    0,   -4,    0,   -4,    0,    0,    0,    0,    0,    0,  -18,  -34,   -6,    0,    0,  -18,    0,    0,   -4,  -20,    0,    0,    0,    0,    0,    0,    0,    0,    0,    0,    0,    0,    0,    0,    0,    0,    0,    0,    0,    0,    0,    0,    0,    0,    0,    0,    0,    0,    0,    0,    0,    0,    0,    0,    0,    0,    0,    0,    0,    0,    0,    0,    0,    0,    0,    0,    0,    0,    0,    0,    0,    0,
       0,    0,    0,    0,    0,    0,    0,    0,    0,    0,    0,    0,    0,    0,    0,    0,    0,    0,    0,    0,    0,    0,    0,    0,    0,    0,    0,    0,    0,    0,    0,    0,    0,    0,    0,    0,    0,    0,    0,    0,    0,    0,    0,    0,    0,    0,    0,    0,    0,    0,    0,    0,    0,    0,    0,    0,    0,    0,  -10,    0,    0,    0,    0,    0,    0,    0,    0,    0,    0,    0,    0,    0,    0,    0,    0,    0,    0,    0,    0,    0,    0,    0,    0,    0,    0,    0,    0,    0,    0,    0,    0,    0,    0,    0,    0,    0,    0,    0,    0,    0,    0,    0,    0,    0,    0,    0,    0,    0,    0,    0,    0,    0,    0,    0,    0,    0,    0,    0,    0,    0,    0,    0,    0,    0,    0,    0,    0,    0,    0,    0,    0,    0,
       0,    0,    0,    0,    0,    0,    0,    0,    0,    0,    0,    0,    0,    0,    0,    0,    0,    0,    0,    0,    0,    0,    0,    0,    0,    0,    0,    0,    0,    0,    0,    0,    0,    0,    0,    0,    0,    0,    0,    0,    0,    0,    0,    0,    0,    0,    0,    0,    0,    0,    0,    0,    0,    0,    0,    0,    0,    0,  -22,    0,    0,   -8,    0,  -10,    0,    0,    0,    0,    0,    0,  -20,  -30,    0,   -2,    0,  -16,    0,    0,    0,  -24,    0,    0,    0,    0,    0,    0,    0,    0,    0,    0,    0,    0,    0,    0,    0,    0,    0,    0,    0,    0,    0,    0,    0,    0,    0,    0,    0,    0,    0,    0,    0,    0,    0,    0,    0,    0,    0,    0,    0,    0,    0,    0,    0,    0,    0,    0,    0,    0,    0,    0,    0,    0,
       0,    0,    0,    0,    0,    0,    0,    0,    0,    0,    0,    0,    0,    0,    0,    0,    0,    0,    0,    0,    0,    0,    0,    0,    0,    0,    0,    0,    0,    0,    0,    0,    0,    0,    0,    0,    0,    0,    0,    0,    0,    0,    0,    0,    0,    0,    0,    0,    0,    0,    0,    0,    0,    0,    0,    0,    0,    0,  -40,    0,    0,    0,    0,  -20,    0,    0,    0,    0,    0,    0,   -6,  -18,    0,   -2,   -4,   -6,    0,    0,    0,  -16,    0,    0,    0,    0,    0,    0,    0,    0,    0,    0,    0,    0,    0,    0,    0,    0,    0,    0,    0,    0,    0,    0,    0,    0,    0,    0,    0,    0,    0,    0,    0,    0,    0,    0,    0,    0,    0,    0,    0,    0,    0,    0,    0,    0,    0,    0,    0,    0,    0,    0,    0,    0,
       0,    0,    0,    0,    0,    0,    0,    0,    0,    0,    0,    0,    0,    0,    0,    0,    0,    0,    0,    0,    0,    0,    0,    0,    0,    0,    0,    0,    0,    0,    0,    0,    0,    0,    0,    0,    0,    0,    0,    0,    0,    0,    0,    0,    0,    0,    0,    0,    0,    0,    0,    0,    0,    0,    0,    0,    0,    0,    0,    0,    0,    0,    0,    0,    0,    0,    0,    0,    0,   -2,    0,   -8,    0,    0,    0,    0,   -8,    0,    0,    0,    0,    0,    0,    0,    0,    0,    0,    0,    0,    0,    0,    0,    0,    0,    0,    0,    0,    0,    0,    0,    0,    0,    0,    0,    0,    0,    0,    0,    0,    0,    0,    0,    0,    0,    0,    0,    0,    0,    0,    0,    0,    0,    0,    0,    0,    0,    0,    0,    0,    0,    0,    0,
       0,    0,    0,    0,    0,    0,    0,    0,    0,    0,    0,    0,    0,    0,    0,    0,    0,    0,    0,    0,    0,    0,    0,    0,    0,    0,    0,    0,    0,    0,    0,    0,    0,    0,    0,    0,    0,    0,    0,    0,    0,    0,    0,    0,    0,    0,    0,    0,    0,    0,    0,    0,    0,    0,    0,    0,    0,    0,    0,    0,    0,    0,    0,    0,    0,    0,    0,    0,    0,    0,    0,    0,    0,    0,    0,    0,    0,    0,    0,    0,    0,    0,    0,    0,    0,    0,   12,   -4,    0,    0,    0,   22,    8,    0,    0,    0,    0,    0,    0,  -12,    0,    0,    0,   -4,    0,    0,    0,    0,    8,   16,    0,    0,    0,    0,    0,    0,    0,    0,    0,    0,    0,    0,    0,    0,    0,    0,    0,    0,    0,    0,    0,    0,
       0,    0,    0,    0,    0,    0,    0,    0,    0,    0,    0,    0,    0,    0,    0,    0,    0,    0,    0,    0,    0,    0,    0,    0,    0,    0,    0,    0,    0,    0,    0,    0,    0,    0,    0,    0,    0,    0,    0,    0,    0,    0,    0,    0,    0,    0,    0,    0,    0,    0,    0,    0,    0,    0,    0,    0,    0,    0,    0,    0,    0,    0,    0,    0,    0,    0,    0,    0,    0,    0,    0,    0,    0,    0,    0,    0,    0,    0,    0,    0,  -12,    0,    0,  -12,   -2,  -12,  -12,  -22,  -16,    4,  -16,  -20,  -12,  -18,   -8,  -22,  -14,  -12,  -16,  -12,  -20,    0,    0,   -8,  -12,  -16,   -4,  -30,  -14,   -8,  -24,  -12,    0,    0,    0,    0,    0,    0,    0,    0,    0,    0,    0,    0,    0,    0,    0,    0,    0,    0,    0,   52,
       0,    0,    0,    0,    0,    0,    0,    0,    0,    0,    0,    0,    0,    0,    0,    0,    0,    0,    0,    0,    0,    0,    0,    0,    0,    0,    0,    0,    0,    0,    0,    0,    0,    0,    0,    0,    0,    0,    0,    0,    0,    0,    0,    0,    0,    0,    0,    0,    0,    0,    0,    0,    0,    0,    0,    0,    0,    0,    0,    0,    0,    0,    0,    0,    0,    0,    0,    0,    0,    0,    0,    0,    0,    0,    0,    0,    0,    0,    0,    0,   -4,    0,    0,    0,    2,  -14,   -4,  -16,  -28,    0,   -4,  -24,  -12,   -6,  -22,   -8,    0,   -8,   -8,   -4,  -16,    0,    0,    0,   -4,   -4,    4,  -36,   -8,    0,  -12,    0,    0,    0,   12,    0,    0,    0,    0,    0,    0,    0,    0,    0,    0,    0,    0,    0,    0,    0,    0,    0,
       0,    0,    0,    0,    0,    0,    0,    0,    0,    0,    0,    0,    0,    0,    0,    0,    0,    0,    0,    0,    0,    0,    0,    0,    0,    0,    0,    0,    0,    0,    0,    0,    0,    0,    0,    0,    0,    0,    0,    0,    0,    0,    0,    0,    0,    0,    0,    0,    0,    0,    0,    0,    0,    0,    0,    0,    0,    0,    0,    0,    0,    0,    0,    0,    0,    0,    0,    0,    0,    0,    0,    0,    0,    0,    0,    0,    0,    0,    0,    0,   -8,   -4,    0,    0,   -6,    0,    0,    0,    0,    0,    0,  -18,  -12,    0,  -12,    0,    0,    0,    0,    2,  -14,    4,    0,    6,    0,    0,   14,  -12,  -12,    8,    0,    2,    0,    0,    0,    0,    0,    0,    0,    0,    0,    0,    0,    0,    0,    0,    0,    0,    0,    0,    0,    0,
       0,    0,    0,    0,    0,    0,    0,    0,    0,    0,    0,    0,    0,    0,    0,    0,    0,    0,    0,    0,    0,    0,    0,    0,    0,    0,    0,    0,    0,    0,    0,    0,    0,    0,    0,    0,    0,    0,    0,    0,    0,    0,    0,    0,    0,    0,    0,    0,    0,    0,    0,    0,    0,    0,    0,    0,    0,    0,    0,    0,    0,    0,    0,    0,    0,    0,    0,    0,    0,    0,    0,    0,    0,    0,    0,    0,    0,    0,    0,    0,    0,    0,    0,    0,    0,    0,    0,    0,    0,    0,    0,   -6,   -4,    0,    0,    0,    0,    0,    0,   -4,   -4,    0,    0,    4,    0,    0,   22,  -12,    0,    4,   -2,   -4,    0,    0,    0,    0,    0,    0,    0,    0,    0,    0,    0,    0,    0,    0,    0,    0,    0,    0,    0,    0,
       0,    0,    0,    0,    0,    0,    0,    0,    0,    0,    0,    0,    0,    0,    0,    0,    0,    0,    0,    0,    0,    0,    0,    0,    0,    0,    0,    0,    0,    0,    0,    0,    0,    0,    0,    0,    0,    0,    0,    0,    0,    0,    0,    0,    0,    0,    0,    0,    0,    0,    0,    0,    0,    0,    0,    0,    0,    0,    0,    0,    0,    0,    0,    0,    0,    0,    0,    0,    0,    0,    0,    0,    0,    0,    0,    0,    0,    0,    0,    0,    0,    0,    0,    0,   -4,    0,    4,   -4,   -4,   -4,    0,   -2,    4,    0,    0,    0,    0,    0,    0,   -2,    0,    4,    0,    0,    0,    0,    4,   -8,    0,    4,    0,    0,    0,    0,    0,    0,    0,    0,    0,    0,    0,    0,    0,    0,    0,    0,    0,    0,    0,    0,    0,    0,
       0,    0,    0,    0,    0,    0,    0,    0,    0,    0,    0,    0,    0,    0,    0,    0,    0,    0,    0,    0,    0,    0,    0,    0,    0,    0,    0,    0,    0,    0,    0,    0,    0,    0,    0,    0,    0,    0,    0,    0,    0,    0,    0,    0,    0,    0,    0,    0,    0,    0,    0,    0,    0,    0,    0,    0,    0,    0,    0,    0,    0,    0,    0,    0,    0,    0,    0,    0,    0,    0,    0,    0,    0,    0,    0,    0,    0,    0,    0,    0,  -18,   -4,   -4,    0,   -8,    0,    0,    0,   -4,   -4,    0,    0,    0,    0,    0,    0,    0,   -4,    0,    0,   -4,    0,    0,    0,    0,    0,    4,  -12,   -4,    4,    0,    0,    0,    0,    0,    0,    0,    0,    0,    0,    0,    0,    0,    0,    0,    0,    0,    0,    0,    0,    0,    0,
       0,    0,    0,    0,    0,    0,    0,    0,    0,    0,    0,    0,    0,    0,    0,    0,    0,    0,    0,    0,    0,    0,    0,    0,    0,    0,    0,    0,    0,    0,    0,    0,    0,    0,    0,    0,    0,    0,    0,    0,    0,    0,    0,    0,    0,    0,    0,    0,    0,    0,    0,    0,    0,    0,    0,    0,    0,    0,    0,    0,    0,    0,    0,    0,    0,    0,    0,    0,    0,    0,    0,    0,    0,    0,    0,    0,    0,    0,    0,    0,   -4,    0,   -4,    0,   -4,    0,    0,   30,   -4,   -4,   -4,   -4,   -4,   -4,    0,   -4,    0,    0,    0,    8,    0,    0,    0,    2,    2,   -8,    0,  -16,    0,    0,   -4,   -4,    0,    0,    0,    0,    0,    0,    0,    0,    0,    0,    0,    0,    0,    0,    0,    0,    0,    0,    0,  -18,
       0,    0,    0,    0,    0,    0,    0,    0,    0,    0,    0,    0,    0,    0,    0,    0,    0,    0,    0,    0,    0,    0,    0,    0,    0,    0,    0,    0,    0,    0,    0,    0,    0,    0,    0,    0,    0,    0,    0,    0,    0,    0,    0,    0,    0,    0,    0,    0,    0,    0,    0,    0,    0,    0,    0,    0,    0,    0,    0,    0,    0,    0,    0,    0,    0,    0,    0,    0,    0,    0,    0,    0,    0,    0,    0,    0,    0,    0,    0,    0,    0,    0,    0,    0,   -2,    0,    8,   -4,    0,    0,    0,   18,    0,    0,    4,    0,    0,    0,    0,    4,    0,    6,    0,    4,    8,    0,   12,    0,    0,   12,    0,    0,    0,    0,    6,    0,    0,   10,    0,    0,    0,    0,    0,    0,    0,    0,    0,    0,    0,    0,    0,    0,
       0,    0,    0,    0,    0,    0,    0,    0,    0,    0,    0,    0,    0,    0,    0,    0,    0,    0,    0,    0,    0,    0,    0,    0,    0,    0,    0,    0,    0,    0,    0,    0,    0,    0,    0,    0,    0,    0,    0,    0,    0,    0,    0,    0,    0,    0,    0,    0,    0,    0,    0,    0,    0,    0,    0,    0,    0,    0,    0,    0,    0,    0,    0,    0,    0,    0,    0,    0,    0,    0,    0,    0,    0,    0,    0,    0,    0,    0,    0,    0,    0,    0,    0,    0,   -2,    0,    8,   -4,    0,    0,    0,   18,    0,    0,    4,    0,    0,    0,    0,    4,    0,    6,    0,    4,    8,    0,   12,    0,    0,   12,    0,    0,    0,    0,    6,    0,    0,    0,    0,    0,    0,    0,    0,    0,    0,    0,    0,    0,    0,    0,    0,    0,
       0,    0,    0,    0,    0,    0,    0,    0,    0,    0,    0,    0,    0,    0,    0,    0,    0,    0,    0,    0,    0,    0,    0,    0,    0,    0,    0,    0,    0,    0,    0,    0,    0,    0,    0,    0,    0,    0,    0,    0,    0,    0,    0,    0,    0,    0,    0,    0,    0,    0,    0,    0,    0,    0,    0,    0,    0,    0,    0,    0,    0,    0,    0,    0,    0,    0,    0,    0,    0,    0,    0,    0,    0,    0,    0,    0,    0,    0,    0,    0,    0,   -4,    0,    0,  -12,   -4,    4,    0,    0,    0,    0,    0,    0,    0,   -4,    0,    0,    0,    0,    0,    0,    0,    0,    0,    0,   -4,    6,    0,   -8,    0,    0,    0,    0,    0,    0,    0,    0,    0,    0,    0,    0,    0,    0,    0,    0,    0,    0,    0,    0,    0,    0,    0,
       0,    0,    0,    0,    0,    0,    0,    0,    0,    0,    0,    0,    0,    0,    0,    0,    0,    0,    0,    0,    0,    0,    0,    0,    0,    0,    0,    0,    0,    0,    0,    0,    0,    0,    0,    0,    0,    0,    0,    0,    0,    0,    0,    0,    0,    0,    0,    0,    0,    0,    0,    0,    0,    0,    0,    0,    0,    0,    0,    0,    0,    0,    0,    0,    0,    0,    0,    0,    0,    0,    0,    0,    0,    0,    0,    0,    0,    0,    0,    0,    0,    0,    0,    4,    0,    0,    4,    0,    0,    0,    0,    0,    0,    0,   -2,    0,    0,    0,    0,    4,    0,    0,    0,    6,    0,    0,    0,    0,    0,    0,    0,   14,    0,   -2,    0,    0,    0,    0,    0,    0,    0,    0,    0,    0,   -2,    0,    0,    0,    0,    0,    0,    0,
       0,    0,    0,    0,    0,    0,    0,    0,    0,    0,    0,    0,    0,    0,    0,    0,    0,    0,    0,    0,    0,    0,    0,    0,    0,    0,    0,    0,    0,    0,    0,    0,    0,    0,    0,    0,    0,    0,    0,    0,    0,    0,    0,    0,    0,    0,    0,    0,    0,    0,    0,    0,    0,    0,    0,    0,    0,    0,    0,    0,    0,    0,    0,    0,    0,    0,    0,    0,    0,    0,    0,    0,    0,    0,    0,    0,    0,    0,    0,    0,    0,   -4,   -4,    0,   -8,   -4,    4,  -12,  -14,    0,   -4,    0,    0,    0,   -4,    0,    0,    0,   -8,   -8,   -4,    0,    0,   -4,   -4,   -8,   -4,   -8,  -12,    0,   -8,    0,    0,    0,    0,    0,    0,    0,    0,    0,    0,    0,    0,    0,    0,    0,    0,    0,    0,    0,    0,    0,
       0,    0,    0,    0,    0,    0,    0,    0,    0,    0,    0,    0,    0,    0,    0,    0,    0,    0,    0,    0,    0,    0,    0,    0,    0,    0,    0,    0,    0,    0,    0,    0,    0,    0,    0,    0,    0,    0,    0,    0,    0,    0,    0,    0,    0,    0,    0,    0,    0,    0,    0,    0,    0,    0,    0,    0,    0,    0,    0,    0,    0,    0,    0,    0,    0,    0,    0,    0,    0,    0,    0,    0,    0,    0,    0,    0,    0,    0,    0,    0,  -12,    0,   -8,    0,   -8,    0,    0,  -12,   -4,   -4,    0,   -4,   -4,    0,    0,    0,    0,    0,    0,   -4,   -4,    0,    0,    0,    0,    0,    0,    0,   -4,    0,    0,    0,    0,    0,    0,    0,    0,    0,    0,    0,    0,    0,    0,    0,    0,    0,    0,    0,    0,    0,    0,    0,
       0,    0,    0,    0,    0,    0,    0,    0,    0,    0,    0,    0,    0,    0,    0,    0,    0,    0,    0,    0,    0,    0,    0,    0,    0,    0,    0,    0,    0,    0,    0,    0,    0,    0,    0,    0,    0,    0,    0,    0,    0,    0,    0,    0,    0,    0,    0,    0,    0,    0,    0,    0,    0,    0,    0,    0,    0,    0,    0,    0,    0,    0,    0,    0,    0,    0,    0,    0,    0,    0,    0,    0,    0,    0,    0,    0,    0,    0,    0,    0,    0,    0,    0,    0,  -12,    0,    0,  -10,   -6,   -6,  -14,  -20,   -4,    0,    0,   -6,    0,    0,    0,   -8,    0,    0,    0,    0,   -4,   -4,   -4,    0,    0,    0,  -12,   -6,    0,    0,    0,    0,    0,    0,    0,    0,    0,    0,    0,    0,    0,    0,    0,    0,    0,    0,    0,    0,
       0,    0,    0,    0,    0,    0,    0,    0,    0,    0,    0,    0,    0,    0,    0,    0,    0,    0,    0,    0,    0,    0,    0,    0,    0,    0,    0,    0,    0,    0,    0,    0,    0,    0,    0,    0,    0,    0,    0,    0,    0,    0,    0,    0,    0,    0,    0,    0,    0,    0,    0,    0,    0,    0,    0,    0,    0,    0,    0,    0,    0,    0,    0,    0,    0,    0,    0,    0,    0,    0,    0,    0,    0,    0,    0,    0,    0,    0,    0,    0,    0,    0,    0,    0,    0,    0,    0,    0,   -6,   -6,    0,    0,    0,    0,    0,    0,    0,    0,    0,  -12,    0,    0,    0,    0,    0,    0,    0,    0,    0,    0,    0,    0,    0,    0,    0,    0,    0,    0,    0,    0,    0,    0,    0,    0,    0,    0,    0,    0,    0,    0,    0,    0,
       0,    0,    0,    0,    0,    0,    0,    0,    0,    0,    0,    0,    0,    0,    0,    0,    0,    0,    0,    0,    0,    0,    0,    0,    0,    0,    0,    0,    0,    0,    0,    0,    0,    0,    0,    0,    0,    0,    0,    0,    0,    0,    0,    0,    0,    0,    0,    0,    0,    0,    0,    0,    0,    0,    0,    0,    0,    0,    0,    0,    0,    0,    0,    0,    0,    0,    0,    0,    0,    0,    0,    0,    0,    0,    0,    0,    0,    0,    0,    0,    0,    0,   -4,   -4,  -12,    0,   -8,   -8,   -6,   -6,   -8,  -10,    0,    0,    0,   -6,    0,    0,    0,  -10,    0,    0,    0,    0,    0,   -4,   -8,  -24,    0,    0,   -4,    0,    0,    0,    0,    0,    0,    0,    0,    0,    0,    0,    0,    0,    0,    0,    0,    0,    0,    0,    0,    0,
       0,    0,    0,    0,    0,    0,    0,    0,    0,    0,    0,    0,    0,    0,    0,    0,    0,    0,    0,    0,    0,    0,    0,    0,    0,    0,    0,    0,    0,    0,    0,    0,    0,    0,    0,    0,    0,    0,    0,    0,    0,    0,    0,    0,    0,    0,    0,    0,    0,    0,    0,    0,    0,    0,    0,    0,    0,    0,    0,    0,    0,    0,    0,    0,    0,    0,    0,    0,    0,    0,    0,    0,    0,    0,    0,    0,    0,    0,    0,    0,    0,    0,    0,    0,    0,    0,    0,   -8,  -10,  -10,    0,    0,    0,    0,    0,    0,    0,    0,    0,  -11,    0,    0,    0,   -4,    0,    0,    0,   -4,    0,    0,   -8,   -6,    0,    0,    0,    0,    0,    0,    0,    0,    0,    0,    0,    0,    0,    0,    0,    0,    0,    0,    0,    0,
       0,    0,    0,    0,    0,    0,    0,    0,    0,    0,    0,    0,    0,    0,    0,    0,    0,    0,    0,    0,    0,    0,    0,    0,    0,    0,    0,    0,    0,    0,    0,    0,    0,    0,    0,    0,    0,    0,    0,    0,    0,    0,    0,    0,    0,    0,    0,    0,    0,    0,    0,    0,    0,    0,    0,    0,    0,    0,    0,    0,    0,    0,    0,    0,    0,    0,    0,    0,    0,    0,    0,    0,    0,    0,    0,    0,    0,    0,    0,    0,   18,    0,   12,    4,    0,    0,   16,    0,    0,    0,    0,   12,    8,    4,   12,    0,   22,    0,    0,   -4,    4,    8,    0,    0,    4,    0,    0,    0,   12,   16,    0,   12,    0,    0,    0,    0,    0,    0,    0,    0,    0,    0,    0,    0,    0,    0,    0,    0,    0,    0,    0,    0,
       0,    0,    0,    0,    0,    0,    0,    0,    0,    0,    0,    0,    0,    0,    0,    0,    0,    0,    0,    0,    0,    0,    0,    0,    0,    0,    0,    0,    0,    0,    0,    0,    0,    0,    0,    0,    0,    0,    0,    0,    0,    0,    0,    0,    0,    0,    0,    0,    0,    0,    0,    0,    0,    0,    0,    0,    0,    0,    0,    0,    0,    0,    0,    0,    0,    0,    0,    0,    0,    0,    0,    0,    0,    0,    0,    0,    0,    0,    0,    0,   -6,    0,    0,    0,  -14,   -4,   -4,   -4,   -6,   -6,   -4,   -6,    0,    0,   -2,   -6,   -6,    0,   -4,    2,   -4,    6,    0,    0,    0,    0,    0,    0,    0,    0,  -12,    0,    0,    0,    0,    0,    0,    0,    0,    0,    0,    0,    0,    0,    0,    0,    0,    0,    0,    0,    0,    0,
       0,    0,    0,    0,    0,    0,    0,    0,    0,    0,    0,    0,    0,    0,    0,    0,    0,    0,    0,    0,    0,    0,    0,    0,    0,    0,    0,    0,    0,    0,    0,    0,    0,    0,    0,    0,    0,    0,    0,    0,    0,    0,    0,    0,    0,    0,    0,    0,    0,    0,    0,    0,    0,    0,    0,    0,    0,    0,    0,    0,    0,    0,    0,    0,    0,    0,    0,    0,    0,    0,    0,    0,    0,    0,    0,    0,    0,    0,    0,    0,    0,    0,   -8,   -4,   -6,    0,  -12,  -20,   -8,   -8,   -4,  -24,    0,   -4,    0,    0,    0,    0,  -12,  -12,    0,    0,    0,    0,    0,   -8,   -8,  -12,    0,   -4,  -12,   -8,    0,    0,    0,    0,    0,    0,    0,    0,    0,    0,    0,    0,    0,    0,    0,    0,    0,    0,    0,    0,
       0,    0,    0,    0,    0,    0,    0,    0,    0,    0,    0,    0,    0,    0,    0,    0,    0,    0,    0,    0,    0,    0,    0,    0,    0,    0,    0,    0,    0,    0,    0,    0,    0,    0,    0,    0,    0,    0,    0,    0,    0,    0,    0,    0,    0,    0,    0,    0,    0,    0,    0,    0,    0,    0,    0,    0,    0,    0,    0,    0,    0,    0,    0,    0,    0,    0,    0,    0,    0,    0,    0,    0,    0,    0,    0,    0,    0,    0,    0,    0,    0,    4,    0,    4,   -2,    0,   12,    0,   -3,   -3,    0,   12,    8,    8,    0,   -6,    6,    0,    0,   -2,    0,    9,    0,    0,    0,    0,    0,    0,    0,   20,    0,    0,    0,    0,    6,    0,    0,    0,    0,    0,    0,    0,    0,    0,    0,    0,    0,    0,    0,    0,    0,    0,
       0,    0,    0,    0,    0,    0,    0,    0,    0,    0,    0,    0,    0,    0,    0,    0,    0,    0,    0,    0,    0,    0,    0,    0,    0,    0,    0,    0,    0,    0,    0,    0,    0,    0,    0,    0,    0,    0,    0,    0,    0,    0,    0,    0,    0,    0,    0,    0,    0,    0,    0,    0,    0,    0,    0,    0,    0,    0,    0,    0,    0,    0,    0,    0,    0,    0,    0,    0,    0,    0,    0,    0,    0,    0,    0,    0,    0,    0,    0,    0,  -12,   -8,   -8,   -4,   -8,  -12,    4,   -6,  -12,  -12,   -8,    0,   -4,   -8,   -8,    0,    0,  -12,  -12,   -4,  -12,    0,    0,  -12,    0,  -12,   -4,  -12,   -8,    0,    0,    0,    0,    0,    0,    0,    0,    0,    0,    0,    0,    0,    0,    0,    0,    0,    0,    0,    0,    0,    0,    0,
       0,    0,    0,    0,    0,    0,    0,    0,    0,    0,    0,    0,    0,    0,    0,    0,    0,    0,    0,    0,    0,    0,    0,    0,    0,    0,    0,    0,    0,    0,    0,    0,    0,    0,    0,    0,    0,    0,    0,    0,    0,    0,    0,    0,    0,    0,    0,    0,    0,    0,    0,    0,    0,    0,    0,    0,    0,    0,    0,    0,    0,    0,    0,    0,    0,    0,    0,    0,    0,    0,    0,    0,    0,    0,    0,    0,    0,    0,    0,    0,    0,    0,    0,    0,   -8,    0,    0,    0,    0,    0,    0,    0,   -4,    0,    0,    0,    0,    0,    2,    0,    0,    0,    0,    0,    0,   -4,    8,   -8,    0,    0,    0,    0,    0,    0,    0,    0,    0,    0,    0,    0,    0,    0,    0,    0,    0,    0,    0,    0,    0,    0,    0,    0,
       0,    0,    0,    0,    0,    0,    0,    0,    0,    0,    0,    0,    0,    0,    0,    0,    0,    0,    0,    0,    0,    0,    0,    0,    0,    0,    0,    0,    0,    0,    0,    0,    0,    0,    0,    0,    0,    0,    0,    0,    0,    0,    0,    0,    0,    0,    0,    0,    0,    0,    0,    0,    0,    0,    0,    0,    0,    0,    0,    0,    0,    0,    0,    0,    0,    0,    0,    0,    0,    0,    0,    0,    0,    0,    0,    0,    0,    0,    0,    0,    0,    0,    0,    0,  -12,    0,    8,  -16,    0,    0,    0,    8,    8,    0,    0,    0,    0,   -2,    0,   -8,    0,    0,    0,   -8,    0,    0,   -4,   -4,    0,    8,   -4,    0,    0,    0,    0,    0,    0,    0,    0,    0,    0,    0,    0,    0,    0,    0,    0,    0,    0,    0,    0,    0,
       0,    0,    0,    0,    0,    0,    0,    0,    0,    0,    0,    0,    0,    0,    0,    0,    0,    0,    0,    0,    0,    0,    0,    0,    0,    0,    0,    0,    0,    0,    0,    0,    0,    0,    0,    0,    0,    0,    0,    0,    0,    0,    0,    0,    0,    0,    0,    0,    0,    0,    0,    0,    0,    0,    0,    0,    0,    0,    0,    0,    0,    0,    0,    0,    0,    0,    0,    0,    0,    0,    0,    0,    0,    0,    0,    0,    0,    0,    0,    0,    0,    0,   -4,    0,   -4,   -4,    8,   -4,   -4,   -4,   -4,    8,    0,    0,   -4,   -8,    0,   -4,   -8,    0,    0,    0,    0,   -4,    0,    0,    0,   -8,    8,    8,   -4,    0,    0,    0,    0,    0,    0,    0,    0,    0,    0,    0,    0,    0,    0,    0,    0,    0,    0,    0,    0,    0,
       0,    0,    0,    0,    0,    0,    0,    0,    0,    0,    0,    0,    0,    0,    0,    0,    0,    0,    0,    0,    0,    0,    0,    0,    0,    0,    0,    0,    0,    0,    0,    0,    0,    0,    0,    0,    0,    0,    0,    0,    0,    0,    0,    0,    0,    0,    0,    0,    0,    0,    0,    0,    0,    0,    0,    0,    0,    0,    0,    0,    0,    0,    0,    0,    0,    0,    0,    0,    0,    0,    0,    0,    0,    0,    0,    0,    0,    0,    0,    0,    0,   -4,  -16,   -4,  -12,  -12,   -4,  -22,   -4,   -4,   -4,   -4,   -4,    0,    0,  -10,    0,    0,   -8,   -8,   -4,    0,    0,   -8,   -4,  -10,    0,   -8,  -12,    0,   -8,   -4,    0,    0,    0,    0,    0,    0,    0,    0,    0,    0,    0,    0,    0,    0,    0,    0,    0,    0,    0,    0,
       0,    0,    0,    0,    0,    0,    0,    0,    0,    0,    0,    0,    0,    0,    0,    0,    0,    0,    0,    0,    0,    0,    0,    0,    0,    0,    0,    0,    0,    0,    0,    0,    0,    0,    0,    0,    0,    0,    0,    0,    0,    0,    0,    0,    0,    0,    0,    0,    0,    0,    0,    0,    0,    0,    0,    0,    0,    0,    0,    0,    0,    0,    0,    0,    0,    0,    0,    0,    0,    0,    0,    0,    0,    0,    0,    0,    0,    0,    0,    0,    0,   -4,    0,    0,    0,    0,    0,   -4,    0,    0,    0,    0,    0,    0,    0,    0,    0,    0,    0,    0,    0,    0,    0,    0,    0,    0,    0,    0,    0,    0,    0,    0,    0,    0,    0,    0,    0,    0,    0,    0,    0,    0,    0,    0,    0,    0,    0,    0,    0,    0,    0,    0,
       0,    0,    0,    0,    0,    0,    0,    0,    0,    0,    0,    0,    0,    0,    0,    0,    0,    0,    0,    0,    0,    0,    0,    0,    0,    0,    0,    0,    0,    0,    0,    0,    0,    0,    0,    0,    0,    0,    0,    0,    0,    0,    0,    0,    0,    0,    0,    0,    0,    0,    0,    0,    0,    0,    0,    0,    0,    0,    0,    0,    0,    0,    0,    0,    0,    0,    0,    0,    0,    0,    0,    0,    0,    0,    0,    0,    0,    0,    0,    0,    0,    0,    0,    0,    0,    0,    0,   -8,    0,    0,   -2,    0,    0,    0,    0,    0,    0,    0,    0,   -4,    0,    0,    0,   -4,    0,    0,   -4,   -8,    0,    0,    0,    0,    0,    0,    0,    0,    0,    0,    0,    0,    0,    0,    0,    0,    0,    0,    0,    0,    0,    0,    0,    0,
       0,    0,    0,    0,    0,    0,    0,    0,    0,    0,    0,    0,    0,    0,    0,    0,    0,    0,    0,    0,    0,    0,    0,    0,    0,    0,    0,    0,    0,    0,    0,    0,    0,    0,    0,    0,    0,    0,    0,    0,    0,    0,    0,    0,    0,    0,    0,    0,    0,    0,    0,    0,    0,    0,    0,    0,    0,    0,    0,    0,    0,    0,    0,    0,    0,    0,    0,    0,    0,    0,    0,    0,    0,    0,    0,    0,    0,    0,    0,    0,    0,   -4,    0,    0,   -6,   -4,    0,  -12,   -8,   -8,    0,    0,   -8,    0,    0,   -8,    0,    0,    0,   -4,   -4,    0,    0,    0,    0,    0,    0,    0,    0,    0,    0,    0,    0,    0,    0,    0,    0,    0,    0,    0,    0,    0,    0,    0,    0,    0,    0,    0,    0,    0,    0,    0,
       0,    0,    0,    0,    0,    0,    0,    0,    0,    0,    0,    0,    0,    0,    0,    0,    0,    0,    0,    0,    0,    0,    0,    0,    0,    0,    0,    0,    0,    0,    0,    0,    0,    0,    0,    0,    0,    0,    0,    0,    0,    0,    0,    0,    0,    0,    0,    0,    0,    0,    0,    0,    0,    0,    0,    0,    0,    0,    0,    0,    0,    0,    0,    0,    0,    0,    0,    0,    0,    0,    0,    0,    0,    0,    0,    0,    0,    0,    0,    0,    0,    0,    0,    0,   -8,   -4,   -4,  -12,    0,    0,   -4,  -12,    0,    0,    0,    0,    0,    0,    0,   -4,    0,    0,    0,   -4,    0,    0,    0,    0,    0,    0,    0,   -2,    0,    0,    0,    0,    0,    0,    0,    0,    0,    0,    0,    0,    0,    0,    0,    0,    0,    0,    0,    0,
       0,    0,    0,    0,    0,    0,    0,    0,    0,    0,    0,    0,    0,    0,    0,    0,    0,    0,    0,    0,    0,    0,    0,    0,    0,    0,    0,    0,    0,    0,    0,    0,    0,    0,    0,    0,    0,    0,    0,    0,    0,    0,    0,    0,    0,    0,    0,    0,    0,    0,    0,    0,    0,    0,    0,    0,    0,    0,    0,    0,    0,    0,    0,    0,    0,    0,    0,    0,    0,    0,    0,    0,    0,    0,    0,    0,    0,    0,    0,    0,    0,    0,    0,    0,  -10,   -4,    0,  -14,   -4,   -4,    0,    0,    0,    0,    0,    0,    0,    0,   -8,    0,   -4,    0,    0,   -2,    0,   -4,    0,    0,    0,   -2,    0,    0,    0,    0,    0,    0,    0,    0,    0,    0,    0,    0,    0,    0,    0,    0,    0,    0,    0,    0,    0,    0,
       0,    0,    0,    0,    0,    0,    0,    0,    0,    0,    0,    0,    0,    0,    0,    0,    0,    0,    0,    0,    0,    0,    0,    0,    0,    0,    0,    0,    0,    0,    0,    0,    0,    0,    0,    0,    0,    0,    0,    0,    0,    0,    0,    0,    0,    0,    0,    0,    0,    0,    0,    0,    0,    0,    0,    0,    0,    0,    0,    0,    0,    0,    0,    0,    0,    0,    0,    0,    0,    0,    0,    0,    0,    0,    0,    0,    0,    0,    0,    0,    0,    0,    0,    0,    0,    0,    0,    0,    0,    0,    0,    0,    0,    0,    0,    0,   -6,    0,    0,    0,    0,    0,    0,    0,    0,    0,    0,    0,    0,    0,    0,    0,    0,    0,    0,    0,    0,    0,    0,    0,    0,    0,    0,    0,    0,    0,    0,    0,    0,    0,    0,    0,
       0,    0,    0,    0,    0,    0,    0,    0,    0,    0,    0,    0,    0,    0,    0,    0,    0,    0,    0,    0,    0,    0,    0,    0,    0,    0,    0,    0,    0,    0,    0,    0,    0,    0,    0,    0,    0,    0,    0,    0,    0,    0,    0,    0,    0,    0,    0,    0,    0,    0,    0,    0,    0,    0,    0,    0,    0,    0,    0,    0,    0,    0,    0,    0,    0,    0,    0,    0,    0,    0,    0,    0,    0,    0,    0,    0,    0,    0,    0,    0,    0,    0,    0,    0,    0,    0,    0,    0,   -6,    0,    0,    0,    0,    0,   -8,    0,    0,    0,    0,    0,    0,    0,    0,    0,    0,    0,    0,    0,    0,    0,    0,    0,    0,    0,    0,    0,    0,    0,    0,    0,    0,    0,    0,    0,    0,    0,    0,    0,    0,    0,    0,    0,
       0,    0,    0,    0,    0,    0,    0,    0,    0,    0,    0,    0,    0,    0,    0,    0,    0,    0,    0,    0,    0,    0,    0,    0,    0,    0,    0,    0,    0,    0,    0,    0,    0,    0,    0,    0,    0,    0,    0,    0,    0,    0,    0,    0,    0,    0,    0,    0,    0,    0,    0,    0,    0,    0,    0,    0,    0,    0,    0,    0,    4,   -2,    0,   12,    0,    0,  -10,    0,    0,   -6,   -6,   12,    4,   -6,    0,    0,    0,    0,    2,    0,  -24,    0,    0,    0,    0,  -24,    0,    0,  -36,  -36,    0,    0,    0,    0,  -30,  -24,    6,  -24,    0,  -18,    0,   -6,    0,    0,    0,    0,    0,    0,    0,    0,    0,    0,    0,    0,    6,    0,    0,    0,    0,    0,    0,    0,    0,    0,    0,    0,    0,    0,    0,    0,    0,    0,
       0,    0,    0,    0,    0,    0,    0,    0,    0,    0,    0,    0,    0,    0,    0,    0,    0,    0,    0,    0,    0,    0,    0,    0,    0,    0,    0,    0,    0,    0,    0,    0,    0,    0,    0,    0,    0,    0,    0,    0,    0,    0,    0,    0,    0,    0,    0,    0,    0,    0,    0,    0,    0,    0,    0,    0,    0,    0,    0,    0,    0,    0,    0,    0,    0,    0,    0,    0,    0,    0,    0,    0,    0,    0,    0,    0,    0,    0,    0,    0,    0,    0,    0,    0,    0,    0,    0,    0,   -4,    0,    0,    0,    0,    0,   -6,    0,    0,    0,    0,    0,    0,    0,    0,    0,    0,    0,    0,    0,    0,    0,    0,    0,    0,    0,    0,    0,    0,    0,    0,    0,    0,    0,    0,    0,    0,    0,    0,    0,    0,    0,    0,    0,
       0,    0,    0,    0,    0,    0,    0,    0,    0,    0,    0,    0,    0,    0,    0,    0,    0,    0,    0,    0,    0,    0,    0,    0,    0,    0,    0,    0,    0,    0,    0,    0,    0,    0,    0,    0,    0,    0,    0,    0,    0,    0,    0,    0,    0,    0,    0,    0,    0,    0,    0,    0,    0,    0,    0,    0,    0,    0,    0,    0,    0,    0,    0,    0,    0,    0,    0,    0,    0,    0,    0,    0,    0,    0,    0,    0,    0,    0,    0,    0,    0,    0,    0,    0,    0,    0,    0,    0,   -4,    0,    0,    0,    0,    0,    0,    0,    0,    0,    0,    0,    0,    0,    0,    0,    0,    0,    0,    0,    0,    0,    0,    0,    0,    0,    0,    0,    0,    0,    0,    0,    0,    0,    0,    0,    0,    0,    0,    0,    0,    0,    0,    0,
       0,    0,    0,    0,    0,    0,    0,    0,    0,    0,    0,    0,    0,    0,    0,    0,    0,    0,    0,    0,    0,    0,    0,    0,    0,    0,    0,    0,    0,    0,    0,    0,    0,    0,    0,    0,    0,    0,    0,    0,    0,    0,    0,    0,    0,    0,    0,    0,    0,    0,    0,    0,    0,    6,  -33,    0,    0,    0,    0,  -18,    0,    0,    0,    0,    0,   -6,  -12,    0,   -6,  -18,   -9,    0,    0,  -18,    0,    0,    0,    0,    0,    0,  -42,    0,    0,    0,    0,  -36,    0,    0,  -36,  -36,    0,    0,    0,    0,  -36,  -36,  -30,  -36,  -18,  -24,    0,  -30,    0,    0,    0,    0,    0,    0,    0,    0,    0,    0,    0,    0,    0,    0,    0,    0,    0,    0,    0,    0,    0,   -6,    0,    0,    0,    0,    0,    0,    0,    0,
       0,    0,    0,    0,    0,    0,    0,    0,    0,    0,    0,    0,    0,    0,    0,    0,    0,    0,    0,    0,    0,    0,    0,    0,    0,    0,    0,    0,    0,    0,    0,    0,    0,    0,    0,    0,    0,    0,    0,    0,    0,    0,    0,    0,    0,    0,    0,    0,    0,    0,    0,    0,    0,    0,    0,    0,    0,    0,    0,    0,    0,    0,    0,    0,    0,    0,    0,    0,    0,    0,    0,  -16,    0,    0,    0,    0,    0,    0,    0,    0,    0,    0,    0,    0,    0,    0,    0,    0,    0,    0,    0,    0,    0,    0,    0,    0,    0,    0,    0,    0,    0,    0,    0,    0,    0,    0,    0,    0,    0,    0,    0,    0,    0,    0,    0,    0,    0,    0,    0,    0,    0,    0,    0,    0,    0,    0,    0,    0,    0,    0,    0,    0,
       0,    0,    0,    0,    0,    0,    0,    0,    0,    0,    0,    0,    0,    0,    0,    0,    0,    0,    0,    0,    0,    0,    0,    0,    0,    0,    0,    0,    0,    0,    0,    0,    0,    0,    0,    0,    0,    0,    0,    0,    0,    0,    0,    0,    0,    0,    0,    0,    0,    0,    0,    0,    0,    0,    0,    0,    0,    0,    0,    0,    0,    0,    0,    0,    0,    0,    0,    0,    0,    0,    0,    0,    0,    0,    0,    0,    0,    0,    0,    0,    0,    0,    0,    0,    0,    0,    0,    0,    0,    0,    0,   -4,    0,    0,    0,   -6,    0,    0,    0,    0,    0,    0,    0,    0,    0,    0,    0,    0,    0,    0,    0,    0,    0,    0,    0,    0,    0,    0,    0,    0,    0,    0,    0,    0,    0,    0,    0,    0,    0,    0,    0,    0,
       0,    0,    0,    0,    0,    0,    0,    0,    0,    0,    0,    0,    0,    0,    0,    0,    0,    0,    0,    0,    0,    0,    0,    0,    0,    0,    0,    0,    0,    0,    0,    0,    0,    0,    0,    0,    0,    0,    0,    0,    0,    0,    0,    0,    0,    0,    0,    0,    0,    0,    0,    0,   -6,    0,    0,    0,    0,    0,    0,    0,    0,    0,    0,    0,    0,    0,    0,    0,    0,    0,    0,    0,    0,    0,    0,    0,    0,    0,    0,    0,    0,    0,    0,    0,    0,    0,    0,    0,    0,    0,    0,    0,    0,    0,    0,    0,    0,    0,    0,    0,    0,    0,    0,    0,    0,    0,    0,    0,    0,    0,    0,    0,    0,    0,    0,    0,    0,    0,    0,    0,    0,    0,    0,    0,    0,    0,    0,    8,    2,  -22,  -13,    0,
       0,    0,    0,    0,    0,    0,    0,    0,    0,    0,    0,    0,    0,    0,    0,    0,    0,    0,    0,    0,    0,    0,    0,    0,    0,    0,    0,    0,    0,    0,    0,    0,    0,    0,    0,    0,    0,    0,    0,    0,    0,    0,    0,    0,    0,    0,    0,    0,    0,    0,    0,    0,    0,    0,    0,    0,    0,    0,    0,    0,    0,    0,    0,    0,    0,    0,    0,    0,    0,    0,    0,    0,    0,    0,    0,    0,    0,    0,    0,    0,    0,    0,    0,    0,    0,    0,    0,    0,    0,    0,    0,    0,    0,    0,    0,    0,    0,    0,    0,    0,    0,    0,    0,    0,    0,    0,    0,    0,    0,    0,    0,    0,    0,    0,    0,    0,    0,    0,    0,    0,    0,    0,    0,    0,    0,    0,    6,  -19,    0,    0,    0,    0,
       0,    0,    0,    0,    0,    0,    0,    0,    0,    0,    0,    0,    0,    0,    0,    0,    0,    0,    0,    0,    0,    0,    0,    0,    0,    0,    0,    0,    0,    0,    0,    0,    0,    0,    0,    0,    0,    0,    0,    0,    0,    0,    0,    0,    0,    0,    0,    0,    0,    0,    0,    0,    0,    0,    0,    0,    0,    0,    0,    0,    0,    0,    0,    0,    0,    0,    0,    0,    0,    0,    0,    0,    0,    0,    0,    0,    0,    0,    0,    0,    0,    0,    0,    0,    0,    0,    0,    0,    0,    0,    0,    0,    0,    0,    0,    0,    0,    0,    0,    0,    0,    0,    0,    0,    0,    0,    0,    0,    0,    0,    0,    0,    0,    0,    0,    0,    0,    0,    0,    0,    0,    0,    0,    0,    0,    0,    0,  -22,    0,    0,    0,    0,
       0,    0,    0,    0,    0,    0,    0,    0,    0,    0,    0,    0,    0,    0,    0,    0,    0,    0,    0,    0,    0,    0,    0,    0,    0,    0,    0,    0,    0,    0,    0,    0,    0,    0,    0,    0,    0,    0,    0,    0,    0,    0,    0,    0,    0,    0,    0,    0,    0,    0,    0,    0,    0,    0,    0,    0,    0,    0,    0,    0,    0,    0,    0,    0,    0,    0,    0,    0,    0,    0,    0,    0,    0,    0,    0,    0,    0,    0,    0,    0,    0,    0,    0,    0,    0,    0,    0,    0,    0,    0,    0,    0,    0,    0,    0,    0,    0,    0,    0,    0,    0,    0,    0,    0,    0,    0,    0,    0,    0,    0,    0,    0,    0,    0,    0,    0,    0,    0,    0,    0,    0,    0,    0,    0,    0,    0,    0,  -13,    0,    0,    0,    0,
       0,    0,    0,    0,    0,    0,    0,    0,    0,    0,    0,    0,    0,    0,    0,    0,    0,    0,    0,    0,    0,    0,    0,    0,    0,    0,    0,    0,    0,    0,    0,    0,    0,    0,    0,    0,    0,    0,    0,    0,    0,    0,    0,    0,    0,    0,    0,    0,    0,    0,    0,    0,    0,    0,    0,    0,    0,    0,    0,    0,    0,    0,    0,    0,    0,    0,    0,    0,    0,    0,    0,    0,    0,    0,    0,    0,    0,    0,    0,    0,    0,    0,    0,    0,    0,    0,    0,    0,    0,    0,    0,    0,    0,    0,    0,    0,    0,    0,    0,    0,    0,    0,    0,    0,    0,    0,    0,    0,    0,    0,    0,   20,    0,  -12,    0,    0,    0,    0,    0,    0,    0,    0,    0,    0,    0,    0,    0,    0,    0,    0,    0,    0,
};

static const EpdFontData ui_script_18 = {
    ui_script_18Bitmaps,
    ui_script_18Glyphs,
    ui_script_18Intervals,
    88,
    47,
    36,
    -12,
    false,
    nullptr,
    0,
    nullptr,
    ui_script_18KernLeftClasses,
    ui_script_18KernRightClasses,
    ui_script_18KernMatrix,
    154,
    166,
    128,
    132,
    nullptr,
    0,
};
